Timestamp	Time [s]	WL 1[nm]	WL 2[nm]	WL 3[nm]	WL 4[nm]	WL 5[nm]	WL 6[nm]	WL 7[nm]	WL 8[nm]	
2025-08-12T13:45:54Z	24116.00000	1555.04718	1538.01305	1524.94580
2025-08-12T13:45:54Z	24116.00000	1555.04840	1538.01560	1524.94604
2025-08-12T13:45:55Z	24116.00000	1555.04757	1538.01444	1524.94596
2025-08-12T13:45:55Z	24116.00000	1555.04826	1538.01410	1524.94603
2025-08-12T13:45:55Z	24116.00000	1555.04716	1538.01434	1524.94623
2025-08-12T13:45:55Z	24116.00000	1555.04842	1538.01403	1524.94664
2025-08-12T13:45:55Z	24117.00000	1555.04793	1538.01329	1524.94613
2025-08-12T13:45:55Z	24117.00000	1555.04709	1538.01475	1524.94599
2025-08-12T13:45:55Z	24117.00000	1555.04797	1538.01397	1524.94627
2025-08-12T13:45:55Z	24117.00000	1555.04751	1538.01240	1524.94619
2025-08-12T13:45:55Z	24117.00000	1555.04756	1538.01522	1524.94662
2025-08-12T13:45:55Z	24117.00000	1555.04841	1538.01530	1524.94599
2025-08-12T13:45:56Z	24117.00000	1555.04800	1538.01332	1524.94623
2025-08-12T13:45:56Z	24117.00000	1555.04794	1538.01526	1524.94621
2025-08-12T13:45:56Z	24117.00000	1555.04745	1538.01333	1524.94681
2025-08-12T13:45:56Z	24117.00000	1555.04826	1538.01431	1524.94620
2025-08-12T13:45:56Z	24118.00000	1555.04740	1538.01397	1524.94599
2025-08-12T13:45:56Z	24118.00000	1555.04778	1538.01506	1524.94645
2025-08-12T13:45:56Z	24118.00000	1555.04733	1538.01283	1524.94613
2025-08-12T13:45:56Z	24118.00000	1555.04692	1538.01321	1524.94628
2025-08-12T13:45:57Z	24118.00000	1555.04858	1538.01327	1524.94647
2025-08-12T13:45:57Z	24118.00000	1555.04766	1538.01341	1524.94625
2025-08-12T13:45:57Z	24118.00000	1555.04770	1538.01566	1524.94679
2025-08-12T13:45:57Z	24118.00000	1555.04800	1538.01454	1524.94612
2025-08-12T13:45:57Z	24119.00000	1555.04693	1538.01331	1524.94627
2025-08-12T13:45:57Z	24119.00000	1555.04762	1538.01247	1524.94605
2025-08-12T13:45:57Z	24119.00000	1555.04800	1538.01364	1524.94701
2025-08-12T13:45:57Z	24119.00000	1555.04795	1538.01373	1524.94604
2025-08-12T13:45:57Z	24119.00000	1555.04768	1538.01450	1524.94619
2025-08-12T13:45:58Z	24119.00000	1555.04768	1538.01386	1524.94702
2025-08-12T13:45:58Z	24119.00000	1555.04837	1538.01395	1524.94698
2025-08-12T13:45:58Z	24119.00000	1555.04756	1538.01264	1524.94659
2025-08-12T13:45:58Z	24119.00000	1555.04798	1538.01376	1524.94632
2025-08-12T13:45:58Z	24120.00000	1555.04726	1538.01336	1524.94666
2025-08-12T13:45:58Z	24120.00000	1555.04741	1538.01479	1524.94650
2025-08-12T13:45:58Z	24120.00000	1555.04739	1538.01319	1524.94676
2025-08-12T13:45:58Z	24120.00000	1555.04702	1538.01424	1524.94654
2025-08-12T13:45:59Z	24120.00000	1555.04834	1538.01447	1524.94647
2025-08-12T13:45:59Z	24120.00000	1555.04652	1538.01385	1524.94660
2025-08-12T13:45:59Z	24120.00000	1555.04781	1538.01337	1524.94631
2025-08-12T13:45:59Z	24120.00000	1555.04775	1538.01279	1524.94674
2025-08-12T13:45:59Z	24121.00000	1555.04825	1538.01414	1524.94702
2025-08-12T13:45:59Z	24121.00000	1555.04745	1538.01478	1524.94630
2025-08-12T13:45:59Z	24121.00000	1555.04730	1538.01412	1524.94633
2025-08-12T13:45:59Z	24121.00000	1555.04741	1538.01270	1524.94671
2025-08-12T13:46:00Z	24121.00000	1555.04729	1538.01407	1524.94676
2025-08-12T13:46:00Z	24121.00000	1555.04767	1538.01364	1524.94684
2025-08-12T13:46:00Z	24121.00000	1555.04726	1538.01432	1524.94656
2025-08-12T13:46:00Z	24122.00000	1555.04740	1538.01331	1524.94629
2025-08-12T13:46:00Z	24122.00000	1555.04804	1538.01357	1524.94641
2025-08-12T13:46:00Z	24122.00000	1555.04725	1538.01115	1524.94616
2025-08-12T13:46:00Z	24122.00000	1555.04748	1538.01376	1524.94644
2025-08-12T13:46:00Z	24122.00000	1555.04791	1538.01381	1524.94642
2025-08-12T13:46:00Z	24122.00000	1555.04788	1538.01327	1524.94661
2025-08-12T13:46:01Z	24122.00000	1555.04834	1538.01381	1524.94673
2025-08-12T13:46:01Z	24122.00000	1555.04795	1538.01397	1524.94663
2025-08-12T13:46:01Z	24122.00000	1555.04684	1538.01352	1524.94637
2025-08-12T13:46:01Z	24123.00000	1555.04779	1538.01391	1524.94625
2025-08-12T13:46:01Z	24123.00000	1555.04637	1538.01417	1524.94673
2025-08-12T13:46:01Z	24123.00000	1555.04695	1538.01260	1524.94696
2025-08-12T13:46:01Z	24123.00000	1555.04748	1538.01468	1524.94649
2025-08-12T13:46:02Z	24123.00000	1555.04748	1538.01369	1524.94684
2025-08-12T13:46:02Z	24123.00000	1555.04749	1538.01475	1524.94662
2025-08-12T13:46:02Z	24123.00000	1555.04762	1538.01333	1524.94628
2025-08-12T13:46:02Z	24123.00000	1555.04742	1538.01431	1524.94661
2025-08-12T13:46:02Z	24124.00000	1555.04770	1538.01379	1524.94670
2025-08-12T13:46:02Z	24124.00000	1555.04693	1538.01401	1524.94668
2025-08-12T13:46:02Z	24124.00000	1555.04788	1538.01369	1524.94728
2025-08-12T13:46:02Z	24124.00000	1555.04764	1538.01432	1524.94741
2025-08-12T13:46:03Z	24124.00000	1555.04750	1538.01393	1524.94672
2025-08-12T13:46:03Z	24124.00000	1555.04734	1538.01327	1524.94626
2025-08-12T13:46:03Z	24124.00000	1555.04859	1538.01348	1524.94711
2025-08-12T13:46:03Z	24124.00000	1555.04661	1538.01393	1524.94634
2025-08-12T13:46:03Z	24125.00000	1555.04671	1538.01367	1524.94719
2025-08-12T13:46:03Z	24125.00000	1555.04836	1538.01453	1524.94811
2025-08-12T13:46:03Z	24125.00000	1555.04724	1538.01259	1524.94631
2025-08-12T13:46:03Z	24125.00000	1555.04736	1538.01289	1524.94615
2025-08-12T13:46:03Z	24125.00000	1555.04746	1538.01432	1524.94669
2025-08-12T13:46:04Z	24125.00000	1555.04717	1538.01338	1524.94694
2025-08-12T13:46:04Z	24125.00000	1555.04815	1538.01277	1524.94689
2025-08-12T13:46:04Z	24125.00000	1555.04799	1538.01361	1524.94758
2025-08-12T13:46:04Z	24125.00000	1555.14996	1538.21100	1524.95992
2025-08-12T13:46:04Z	24126.00000	1555.28345	1538.41454	1524.94475
2025-08-12T13:46:04Z	24126.00000	1555.39192	1538.60802	1524.94289
2025-08-12T13:46:04Z	24126.00000	1555.51562	1538.82134	1524.94638
2025-08-12T13:46:04Z	24126.00000	1555.61190	1538.98551	1524.94756
2025-08-12T13:46:04Z	24126.00000	1555.69596	1539.14079	1524.95235
2025-08-12T13:46:04Z	24126.00000	1555.78996	1539.30390	1524.95025
2025-08-12T13:46:05Z	24126.00000	1555.86250	1539.43494	1524.95292
2025-08-12T13:46:05Z	24126.00000	1555.92916	1539.55081	1524.95317
2025-08-12T13:46:05Z	24126.00000	1555.99228	1539.66182	1524.95181
2025-08-12T13:46:05Z	24126.00000	1556.04754	1539.75905	1524.95301
2025-08-12T13:46:05Z	24127.00000	1556.12261	1539.89160	1524.95504
2025-08-12T13:46:05Z	24127.00000	1556.21498	1540.05309	1524.95507
2025-08-12T13:46:05Z	24127.00000	1556.26369	1540.13331	1524.95655
2025-08-12T13:46:05Z	24127.00000	1556.31024	1540.21496	1524.95558
2025-08-12T13:46:06Z	24127.00000	1556.34584	1540.27457	1524.95637
2025-08-12T13:46:06Z	24127.00000	1556.37918	1540.32887	1524.95839
2025-08-12T13:46:06Z	24127.00000	1556.40040	1540.37161	1524.95788
2025-08-12T13:46:06Z	24127.00000	1556.42474	1540.41230	1524.95890
2025-08-12T13:46:06Z	24127.00000	1556.45423	1540.45593	1524.96006
2025-08-12T13:46:06Z	24128.00000	1556.48094	1540.49593	1524.95962
2025-08-12T13:46:06Z	24128.00000	1556.49635	1540.52990	1524.96103
2025-08-12T13:46:06Z	24128.00000	1556.51334	1540.55291	1524.96106
2025-08-12T13:46:06Z	24128.00000	1556.53172	1540.58995	1524.96022
2025-08-12T13:46:06Z	24128.00000	1556.54373	1540.60560	1524.96076
2025-08-12T13:46:07Z	24128.00000	1556.55142	1540.62161	1524.96087
2025-08-12T13:46:07Z	24128.00000	1556.56065	1540.63210	1524.96173
2025-08-12T13:46:07Z	24128.00000	1556.56448	1540.64187	1524.96095
2025-08-12T13:46:07Z	24128.00000	1556.57275	1540.64846	1524.96123
2025-08-12T13:46:07Z	24128.00000	1556.57789	1540.65782	1524.96110
2025-08-12T13:46:07Z	24129.00000	1556.58102	1540.66501	1524.96147
2025-08-12T13:46:07Z	24129.00000	1556.58378	1540.66939	1524.96130
2025-08-12T13:46:07Z	24129.00000	1556.58677	1540.67425	1524.96219
2025-08-12T13:46:07Z	24129.00000	1556.58822	1540.67796	1524.96177
2025-08-12T13:46:07Z	24129.00000	1556.58911	1540.68229	1524.96108
2025-08-12T13:46:08Z	24129.00000	1556.59173	1540.68406	1524.96156
2025-08-12T13:46:08Z	24129.00000	1556.21763	1539.99736	1525.03602
2025-08-12T13:46:08Z	24129.00000	1555.21855	1538.31353	1524.94530
2025-08-12T13:46:08Z	24129.00000	1555.10298	1538.11260	1524.95526
2025-08-12T13:46:08Z	24130.00000	1555.06385	1538.05126	1524.95059
2025-08-12T13:46:08Z	24130.00000	1555.06352	1538.04639	1524.94645
2025-08-12T13:46:08Z	24130.00000	1555.06281	1538.04455	1524.94675
2025-08-12T13:46:08Z	24130.00000	1555.06055	1538.04057	1524.94694
2025-08-12T13:46:08Z	24130.00000	1555.05991	1538.03899	1524.94760
2025-08-12T13:46:09Z	24130.00000	1555.05976	1538.03883	1524.94789
2025-08-12T13:46:09Z	24130.00000	1555.05952	1538.03767	1524.94728
2025-08-12T13:46:09Z	24130.00000	1555.05921	1538.03727	1524.94763
2025-08-12T13:46:09Z	24130.00000	1555.05884	1538.03535	1524.94701
2025-08-12T13:46:09Z	24131.00000	1555.05804	1538.03516	1524.94763
2025-08-12T13:46:09Z	24131.00000	1555.05792	1538.03343	1524.94682
2025-08-12T13:46:09Z	24131.00000	1555.05762	1538.03381	1524.94670
2025-08-12T13:46:09Z	24131.00000	1555.05808	1538.03333	1524.94677
2025-08-12T13:46:09Z	24131.00000	1555.05720	1538.03447	1524.94816
2025-08-12T13:46:09Z	24131.00000	1555.05635	1538.03067	1524.94571
2025-08-12T13:46:10Z	24131.00000	1555.05680	1538.03246	1524.94862
2025-08-12T13:46:10Z	24131.00000	1555.05544	1538.03082	1524.94739
2025-08-12T13:46:10Z	24131.00000	1555.05578	1538.03112	1524.94725
2025-08-12T13:46:10Z	24131.00000	1555.05668	1538.03034	1524.94765
2025-08-12T13:46:10Z	24132.00000	1555.05541	1538.03027	1524.94759
2025-08-12T13:46:10Z	24132.00000	1555.05504	1538.02864	1524.94741
2025-08-12T13:46:10Z	24132.00000	1555.05517	1538.02948	1524.94765
2025-08-12T13:46:10Z	24132.00000	1555.05515	1538.02859	1524.94754
2025-08-12T13:46:10Z	24132.00000	1555.05477	1538.02824	1524.94733
2025-08-12T13:46:11Z	24132.00000	1555.05501	1538.02787	1524.94691
2025-08-12T13:46:11Z	24132.00000	1555.05467	1538.02640	1524.94741
2025-08-12T13:46:11Z	24132.00000	1555.05446	1538.02777	1524.94723
2025-08-12T13:46:11Z	24132.00000	1555.05484	1538.02736	1524.94709
2025-08-12T13:46:11Z	24132.00000	1555.05410	1538.02634	1524.94704
2025-08-12T13:46:11Z	24133.00000	1555.05465	1538.02423	1524.94662
2025-08-12T13:46:11Z	24133.00000	1555.05453	1538.02753	1524.94772
2025-08-12T13:46:11Z	24133.00000	1555.05413	1538.02745	1524.94753
2025-08-12T13:46:11Z	24133.00000	1555.05397	1538.02558	1524.94741
2025-08-12T13:46:11Z	24133.00000	1555.05359	1538.02527	1524.94759
2025-08-12T13:46:12Z	24133.00000	1555.05433	1538.02543	1524.94688
2025-08-12T13:46:12Z	24133.00000	1555.05354	1538.02418	1524.94706
2025-08-12T13:46:12Z	24133.00000	1555.05318	1538.02305	1524.94604
2025-08-12T13:46:12Z	24133.00000	1555.05404	1538.02315	1524.94753
2025-08-12T13:46:12Z	24134.00000	1555.05318	1538.02557	1524.94664
2025-08-12T13:46:12Z	24134.00000	1555.05368	1538.02483	1524.94666
2025-08-12T13:46:12Z	24134.00000	1555.05332	1538.02335	1524.94694
2025-08-12T13:46:12Z	24134.00000	1555.05351	1538.02410	1524.94754
2025-08-12T13:46:12Z	24134.00000	1555.05314	1538.02516	1524.94725
2025-08-12T13:46:12Z	24134.00000	1555.05293	1538.02312	1524.94688
2025-08-12T13:46:13Z	24134.00000	1555.05403	1538.02587	1524.94825
2025-08-12T13:46:13Z	24134.00000	1555.05373	1538.02408	1524.94779
2025-08-12T13:46:13Z	24134.00000	1555.11902	1538.11209	1524.94011
2025-08-12T13:46:13Z	24134.00000	1555.26625	1538.38368	1524.93879
2025-08-12T13:46:13Z	24134.00000	1555.35876	1538.55236	1524.95324
2025-08-12T13:46:13Z	24135.00000	1555.46616	1538.73646	1524.94423
2025-08-12T13:46:13Z	24135.00000	1555.56469	1538.90726	1524.94794
2025-08-12T13:46:13Z	24135.00000	1555.67107	1539.09804	1524.94841
2025-08-12T13:46:13Z	24135.00000	1555.75508	1539.24369	1524.95340
2025-08-12T13:46:14Z	24135.00000	1555.91074	1539.51919	1524.95380
2025-08-12T13:46:14Z	24135.00000	1555.98765	1539.65321	1524.95337
2025-08-12T13:46:14Z	24135.00000	1556.04498	1539.75307	1524.95481
2025-08-12T13:46:14Z	24135.00000	1556.08870	1539.83905	1524.95442
2025-08-12T13:46:14Z	24135.00000	1556.14356	1539.92525	1524.95549
2025-08-12T13:46:14Z	24136.00000	1556.19656	1540.02604	1524.95614
2025-08-12T13:46:14Z	24136.00000	1556.24623	1540.10777	1524.95588
2025-08-12T13:46:14Z	24136.00000	1556.29625	1540.19174	1524.95649
2025-08-12T13:46:14Z	24136.00000	1556.33859	1540.26354	1524.95762
2025-08-12T13:46:15Z	24136.00000	1556.37946	1540.32903	1524.95719
2025-08-12T13:46:15Z	24136.00000	1556.40971	1540.38645	1524.95749
2025-08-12T13:46:15Z	24136.00000	1556.44169	1540.43704	1524.95790
2025-08-12T13:46:15Z	24136.00000	1556.46928	1540.47454	1524.95889
2025-08-12T13:46:15Z	24137.00000	1556.48626	1540.50643	1524.95952
2025-08-12T13:46:15Z	24137.00000	1556.50266	1540.53797	1524.95990
2025-08-12T13:46:15Z	24137.00000	1556.52203	1540.57089	1524.96112
2025-08-12T13:46:15Z	24137.00000	1556.54597	1540.61151	1524.96214
2025-08-12T13:46:15Z	24137.00000	1556.55215	1540.62353	1524.96076
2025-08-12T13:46:16Z	24137.00000	1556.56106	1540.63532	1524.96160
2025-08-12T13:46:16Z	24137.00000	1556.56816	1540.64465	1524.96113
2025-08-12T13:46:16Z	24137.00000	1556.57255	1540.65145	1524.96097
2025-08-12T13:46:16Z	24137.00000	1556.57867	1540.66207	1524.96223
2025-08-12T13:46:16Z	24138.00000	1556.58297	1540.66584	1524.96159
2025-08-12T13:46:16Z	24138.00000	1556.58636	1540.67261	1524.96142
2025-08-12T13:46:16Z	24138.00000	1556.58873	1540.67834	1524.96250
2025-08-12T13:46:16Z	24138.00000	1556.58958	1540.68236	1524.96204
2025-08-12T13:46:16Z	24138.00000	1556.59245	1540.68610	1524.96259
2025-08-12T13:46:16Z	24138.00000	1556.59321	1540.68929	1524.96222
2025-08-12T13:46:17Z	24138.00000	1556.59478	1540.68961	1524.96285
2025-08-12T13:46:17Z	24138.00000	1555.38967	1538.57861	1524.91830
2025-08-12T13:46:17Z	24138.00000	1555.17239	1538.21581	1524.93907
2025-08-12T13:46:17Z	24138.00000	1555.06546	1538.05625	1524.94577
2025-08-12T13:46:17Z	24139.00000	1555.06761	1538.05467	1524.95029
2025-08-12T13:46:17Z	24139.00000	1555.06673	1538.05069	1524.94735
2025-08-12T13:46:17Z	24139.00000	1555.06554	1538.05032	1524.94864
2025-08-12T13:46:17Z	24139.00000	1555.06343	1538.04825	1524.94822
2025-08-12T13:46:17Z	24139.00000	1555.06329	1538.04543	1524.94876
2025-08-12T13:46:18Z	24139.00000	1555.06146	1538.04423	1524.94776
2025-08-12T13:46:18Z	24139.00000	1555.06087	1538.04269	1524.94834
2025-08-12T13:46:18Z	24139.00000	1555.06060	1538.04133	1524.94806
2025-08-12T13:46:18Z	24139.00000	1555.06048	1538.03950	1524.94833
2025-08-12T13:46:18Z	24140.00000	1555.05944	1538.03825	1524.94836
2025-08-12T13:46:18Z	24140.00000	1555.05973	1538.03858	1524.94729
2025-08-12T13:46:18Z	24140.00000	1555.05905	1538.03889	1524.94835
2025-08-12T13:46:18Z	24140.00000	1555.05954	1538.03774	1524.94721
2025-08-12T13:46:18Z	24140.00000	1555.05860	1538.03675	1524.94801
2025-08-12T13:46:19Z	24140.00000	1555.05878	1538.03624	1524.94785
2025-08-12T13:46:19Z	24140.00000	1555.05814	1538.03630	1524.94800
2025-08-12T13:46:19Z	24140.00000	1555.05776	1538.03524	1524.94811
2025-08-12T13:46:19Z	24140.00000	1555.05735	1538.03511	1524.94795
2025-08-12T13:46:19Z	24141.00000	1555.05779	1538.03393	1524.94800
2025-08-12T13:46:19Z	24141.00000	1555.05779	1538.03467	1524.94781
2025-08-12T13:46:19Z	24141.00000	1555.05752	1538.03300	1524.94710
2025-08-12T13:46:19Z	24141.00000	1555.05741	1538.03248	1524.94790
2025-08-12T13:46:19Z	24141.00000	1555.05764	1538.03268	1524.94777
2025-08-12T13:46:19Z	24141.00000	1555.05650	1538.03331	1524.94791
2025-08-12T13:46:20Z	24141.00000	1555.05771	1538.03339	1524.94825
2025-08-12T13:46:20Z	24141.00000	1555.05654	1538.03245	1524.94752
2025-08-12T13:46:20Z	24141.00000	1555.05683	1538.03258	1524.94750
2025-08-12T13:46:20Z	24141.00000	1555.05621	1538.03225	1524.94656
2025-08-12T13:46:20Z	24142.00000	1555.05582	1538.03170	1524.94801
2025-08-12T13:46:20Z	24142.00000	1555.05557	1538.03134	1524.94789
2025-08-12T13:46:20Z	24142.00000	1555.05584	1538.03049	1524.94799
2025-08-12T13:46:20Z	24142.00000	1555.05612	1538.03188	1524.94757
2025-08-12T13:46:20Z	24142.00000	1555.05513	1538.03010	1524.94734
2025-08-12T13:46:20Z	24142.00000	1555.05565	1538.03095	1524.94720
2025-08-12T13:46:21Z	24142.00000	1555.05549	1538.02941	1524.94774
2025-08-12T13:46:21Z	24142.00000	1555.05607	1538.03073	1524.94836
2025-08-12T13:46:21Z	24142.00000	1555.05613	1538.02973	1524.94690
2025-08-12T13:46:21Z	24142.00000	1555.05542	1538.02925	1524.94841
2025-08-12T13:46:21Z	24143.00000	1555.05490	1538.03001	1524.94853
2025-08-12T13:46:21Z	24143.00000	1555.05503	1538.02878	1524.94829
2025-08-12T13:46:21Z	24143.00000	1555.05483	1538.02846	1524.94851
2025-08-12T13:46:21Z	24143.00000	1555.05544	1538.02882	1524.94792
2025-08-12T13:46:21Z	24143.00000	1555.05470	1538.02860	1524.94748
2025-08-12T13:46:21Z	24143.00000	1555.05507	1538.02954	1524.94790
2025-08-12T13:46:22Z	24143.00000	1555.05528	1538.02719	1524.94816
2025-08-12T13:46:22Z	24143.00000	1555.05469	1538.02801	1524.94763
2025-08-12T13:46:22Z	24143.00000	1555.16383	1538.19651	1524.94163
2025-08-12T13:46:22Z	24143.00000	1555.28695	1538.43354	1524.95959
2025-08-12T13:46:22Z	24143.00000	1555.41406	1538.65404	1524.95366
2025-08-12T13:46:22Z	24144.00000	1555.52576	1538.83881	1524.95025
2025-08-12T13:46:22Z	24144.00000	1555.65013	1539.05531	1524.95038
2025-08-12T13:46:22Z	24144.00000	1555.72032	1539.18347	1524.94938
2025-08-12T13:46:22Z	24144.00000	1555.81589	1539.35052	1524.95119
2025-08-12T13:46:23Z	24144.00000	1555.90644	1539.51145	1524.95108
2025-08-12T13:46:23Z	24144.00000	1556.02017	1539.71355	1524.95138
2025-08-12T13:46:23Z	24144.00000	1556.08480	1539.82652	1524.95406
2025-08-12T13:46:23Z	24144.00000	1556.14461	1539.92784	1524.95596
2025-08-12T13:46:23Z	24145.00000	1556.19186	1540.01606	1524.95532
2025-08-12T13:46:23Z	24145.00000	1556.24144	1540.10003	1524.95658
2025-08-12T13:46:23Z	24145.00000	1556.26823	1540.14304	1524.95522
2025-08-12T13:46:23Z	24145.00000	1556.30947	1540.21340	1524.95613
2025-08-12T13:46:23Z	24145.00000	1556.33760	1540.26000	1524.95678
2025-08-12T13:46:23Z	24145.00000	1556.37311	1540.32048	1524.95798
2025-08-12T13:46:24Z	24145.00000	1556.40214	1540.37330	1524.95814
2025-08-12T13:46:24Z	24145.00000	1556.42862	1540.41718	1524.95874
2025-08-12T13:46:24Z	24145.00000	1556.45381	1540.45394	1524.95911
2025-08-12T13:46:24Z	24145.00000	1556.47603	1540.48430	1524.95913
2025-08-12T13:46:24Z	24146.00000	1556.49438	1540.52040	1524.95994
2025-08-12T13:46:24Z	24146.00000	1556.51274	1540.55420	1524.96069
2025-08-12T13:46:24Z	24146.00000	1556.52936	1540.58248	1524.96010
2025-08-12T13:46:24Z	24146.00000	1556.54502	1540.60786	1524.96110
2025-08-12T13:46:24Z	24146.00000	1556.55309	1540.62142	1524.96112
2025-08-12T13:46:25Z	24146.00000	1556.55914	1540.63283	1524.96158
2025-08-12T13:46:25Z	24146.00000	1556.56531	1540.63921	1524.96077
2025-08-12T13:46:25Z	24146.00000	1556.56973	1540.64829	1524.96180
2025-08-12T13:46:25Z	24146.00000	1556.57744	1540.65733	1524.96191
2025-08-12T13:46:25Z	24146.00000	1556.58163	1540.66532	1524.96190
2025-08-12T13:46:25Z	24147.00000	1556.58570	1540.67238	1524.96149
2025-08-12T13:46:25Z	24147.00000	1556.59029	1540.68050	1524.96172
2025-08-12T13:46:25Z	24147.00000	1556.59156	1540.68252	1524.96174
2025-08-12T13:46:25Z	24147.00000	1556.59228	1540.68453	1524.96218
2025-08-12T13:46:25Z	24147.00000	1556.59408	1540.68550	1524.96206
2025-08-12T13:46:25Z	24147.00000	1556.59484	1540.69023	1524.96190
2025-08-12T13:46:26Z	24147.00000	1556.59669	1540.69205	1524.96181
2025-08-12T13:46:26Z	24147.00000	1556.59700	1540.69444	1524.96248
2025-08-12T13:46:26Z	24147.00000	1555.45975	1538.65245	1524.93235
2025-08-12T13:46:26Z	24147.00000	1555.13882	1538.18763	1524.96073
2025-08-12T13:46:26Z	24148.00000	1555.07620	1538.06308	1524.94857
2025-08-12T13:46:26Z	24148.00000	1555.06911	1538.05941	1524.95029
2025-08-12T13:46:26Z	24148.00000	1555.06830	1538.05482	1524.94960
2025-08-12T13:46:26Z	24148.00000	1555.06587	1538.05203	1524.94848
2025-08-12T13:46:26Z	24148.00000	1555.06531	1538.05021	1524.94815
2025-08-12T13:46:26Z	24148.00000	1555.06348	1538.04906	1524.94900
2025-08-12T13:46:27Z	24148.00000	1555.06398	1538.04870	1524.94885
2025-08-12T13:46:27Z	24148.00000	1555.06282	1538.04693	1524.94893
2025-08-12T13:46:27Z	24148.00000	1555.06160	1538.04576	1524.94868
2025-08-12T13:46:27Z	24148.00000	1555.06144	1538.04447	1524.94871
2025-08-12T13:46:27Z	24149.00000	1555.06119	1538.04418	1524.94848
2025-08-12T13:46:27Z	24149.00000	1555.06082	1538.04297	1524.94815
2025-08-12T13:46:27Z	24149.00000	1555.06067	1538.04219	1524.94793
2025-08-12T13:46:27Z	24149.00000	1555.06024	1538.04132	1524.94825
2025-08-12T13:46:27Z	24149.00000	1555.06017	1538.04162	1524.95028
2025-08-12T13:46:27Z	24149.00000	1555.06094	1538.04140	1524.95035
2025-08-12T13:46:28Z	24149.00000	1555.05855	1538.03843	1524.94648
2025-08-12T13:46:28Z	24149.00000	1555.05895	1538.03971	1524.94767
2025-08-12T13:46:28Z	24149.00000	1555.05977	1538.03813	1524.94833
2025-08-12T13:46:28Z	24149.00000	1555.05933	1538.03866	1524.94839
2025-08-12T13:46:28Z	24150.00000	1555.05815	1538.03745	1524.94765
2025-08-12T13:46:28Z	24150.00000	1555.05850	1538.03786	1524.94802
2025-08-12T13:46:28Z	24150.00000	1555.05836	1538.03702	1524.94837
2025-08-12T13:46:28Z	24150.00000	1555.05838	1538.03670	1524.94849
2025-08-12T13:46:28Z	24150.00000	1555.05776	1538.03520	1524.94840
2025-08-12T13:46:28Z	24150.00000	1555.05797	1538.03567	1524.94820
2025-08-12T13:46:29Z	24150.00000	1555.05835	1538.03616	1524.94747
2025-08-12T13:46:29Z	24150.00000	1555.05703	1538.03553	1524.94817
2025-08-12T13:46:29Z	24150.00000	1555.05751	1538.03624	1524.94829
2025-08-12T13:46:29Z	24150.00000	1555.05751	1538.03643	1524.94815
2025-08-12T13:46:29Z	24150.00000	1555.05727	1538.03419	1524.94808
2025-08-12T13:46:29Z	24151.00000	1555.05753	1538.03403	1524.94827
2025-08-12T13:46:29Z	24151.00000	1555.05723	1538.03291	1524.94823
2025-08-12T13:46:29Z	24151.00000	1555.05777	1538.03234	1524.94806
2025-08-12T13:46:29Z	24151.00000	1555.05752	1538.03344	1524.94808
2025-08-12T13:46:29Z	24151.00000	1555.05700	1538.03330	1524.94811
2025-08-12T13:46:30Z	24151.00000	1555.05698	1538.03290	1524.94800
2025-08-12T13:46:30Z	24151.00000	1555.05741	1538.03369	1524.94741
2025-08-12T13:46:30Z	24151.00000	1555.05696	1538.03164	1524.94716
2025-08-12T13:46:30Z	24151.00000	1555.05651	1538.03125	1524.94785
2025-08-12T13:46:30Z	24151.00000	1555.05696	1538.03318	1524.94863
2025-08-12T13:46:30Z	24152.00000	1555.05637	1538.03416	1524.94944
2025-08-12T13:46:30Z	24152.00000	1555.05686	1538.03198	1524.94737
2025-08-12T13:46:30Z	24152.00000	1555.05625	1538.03130	1524.94780
2025-08-12T13:46:30Z	24152.00000	1555.05595	1538.03173	1524.94709
2025-08-12T13:46:30Z	24152.00000	1555.05551	1538.03218	1524.94779
2025-08-12T13:46:31Z	24152.00000	1555.05571	1538.03206	1524.94810
2025-08-12T13:46:31Z	24152.00000	1555.05609	1538.03012	1524.94763
2025-08-12T13:46:31Z	24152.00000	1555.05600	1538.03161	1524.94799
2025-08-12T13:46:31Z	24152.00000	1555.19594	1538.25836	1524.93738
2025-08-12T13:46:31Z	24152.00000	1555.33403	1538.50148	1524.94679
2025-08-12T13:46:31Z	24153.00000	1555.46061	1538.72876	1524.95316
2025-08-12T13:46:31Z	24153.00000	1555.55960	1538.90289	1524.94578
2025-08-12T13:46:31Z	24153.00000	1555.65162	1539.05725	1524.95074
2025-08-12T13:46:31Z	24153.00000	1555.72083	1539.18476	1524.94892
2025-08-12T13:46:31Z	24153.00000	1555.81588	1539.35328	1524.95049
2025-08-12T13:46:32Z	24153.00000	1555.89701	1539.50092	1524.95218
2025-08-12T13:46:32Z	24153.00000	1555.96333	1539.60672	1524.95117
2025-08-12T13:46:32Z	24153.00000	1556.01505	1539.70176	1524.95294
2025-08-12T13:46:32Z	24153.00000	1556.07063	1539.80507	1524.95349
2025-08-12T13:46:32Z	24154.00000	1556.12468	1539.89525	1524.95540
2025-08-12T13:46:32Z	24154.00000	1556.18072	1539.99603	1524.95560
2025-08-12T13:46:32Z	24154.00000	1556.22637	1540.07558	1524.95567
2025-08-12T13:46:32Z	24154.00000	1556.26727	1540.14067	1524.95615
2025-08-12T13:46:32Z	24154.00000	1556.30991	1540.21108	1524.95643
2025-08-12T13:46:32Z	24154.00000	1556.34971	1540.27844	1524.95749
2025-08-12T13:46:33Z	24154.00000	1556.38376	1540.33537	1524.95712
2025-08-12T13:46:33Z	24154.00000	1556.40662	1540.37673	1524.95867
2025-08-12T13:46:33Z	24154.00000	1556.43608	1540.42878	1524.95829
2025-08-12T13:46:33Z	24154.00000	1556.46168	1540.46307	1524.95936
2025-08-12T13:46:33Z	24154.00000	1556.48067	1540.49241	1524.95999
2025-08-12T13:46:33Z	24155.00000	1556.49834	1540.52981	1524.95983
2025-08-12T13:46:33Z	24155.00000	1556.51373	1540.55274	1524.96019
2025-08-12T13:46:33Z	24155.00000	1556.52903	1540.58124	1524.96057
2025-08-12T13:46:33Z	24155.00000	1556.54021	1540.60128	1524.96055
2025-08-12T13:46:33Z	24155.00000	1556.54992	1540.61384	1524.96021
2025-08-12T13:46:34Z	24155.00000	1556.55917	1540.62963	1524.96054
2025-08-12T13:46:34Z	24155.00000	1556.56656	1540.64072	1524.96143
2025-08-12T13:46:34Z	24155.00000	1556.57303	1540.64851	1524.96102
2025-08-12T13:46:34Z	24155.00000	1556.57919	1540.65954	1524.96138
2025-08-12T13:46:34Z	24156.00000	1556.58222	1540.66507	1524.96108
2025-08-12T13:46:34Z	24156.00000	1556.58554	1540.67071	1524.96152
2025-08-12T13:46:34Z	24156.00000	1556.58796	1540.67620	1524.96226
2025-08-12T13:46:34Z	24156.00000	1556.59113	1540.68160	1524.96281
2025-08-12T13:46:34Z	24156.00000	1556.59272	1540.68429	1524.96187
2025-08-12T13:46:34Z	24156.00000	1556.59427	1540.68741	1524.96181
2025-08-12T13:46:35Z	24156.00000	1556.59504	1540.68993	1524.96271
2025-08-12T13:46:35Z	24156.00000	1556.31773	1540.14405	1525.05620
2025-08-12T13:46:35Z	24156.00000	1555.17252	1538.25208	1524.96643
2025-08-12T13:46:35Z	24156.00000	1555.06962	1538.06042	1524.94429
2025-08-12T13:46:35Z	24157.00000	1555.07245	1538.05984	1524.94758
2025-08-12T13:46:35Z	24157.00000	1555.06912	1538.05821	1524.95037
2025-08-12T13:46:35Z	24157.00000	1555.06805	1538.05463	1524.95017
2025-08-12T13:46:35Z	24157.00000	1555.06611	1538.05268	1524.94836
2025-08-12T13:46:35Z	24157.00000	1555.06521	1538.05112	1524.94734
2025-08-12T13:46:35Z	24157.00000	1555.06483	1538.04971	1524.94898
2025-08-12T13:46:36Z	24157.00000	1555.06445	1538.04831	1524.94826
2025-08-12T13:46:36Z	24157.00000	1555.06374	1538.04739	1524.94830
2025-08-12T13:46:36Z	24157.00000	1555.06288	1538.04548	1524.94864
2025-08-12T13:46:36Z	24157.00000	1555.06218	1538.04477	1524.94863
2025-08-12T13:46:36Z	24158.00000	1555.06122	1538.04343	1524.94796
2025-08-12T13:46:36Z	24158.00000	1555.06156	1538.04348	1524.94908
2025-08-12T13:46:36Z	24158.00000	1555.06076	1538.04296	1524.94891
2025-08-12T13:46:36Z	24158.00000	1555.06057	1538.04288	1524.94813
2025-08-12T13:46:36Z	24158.00000	1555.06055	1538.03979	1524.94592
2025-08-12T13:46:36Z	24158.00000	1555.06052	1538.04104	1524.94809
2025-08-12T13:46:37Z	24158.00000	1555.06049	1538.04027	1524.94852
2025-08-12T13:46:37Z	24158.00000	1555.06045	1538.04126	1524.94920
2025-08-12T13:46:37Z	24158.00000	1555.06016	1538.03873	1524.94781
2025-08-12T13:46:37Z	24158.00000	1555.05938	1538.03795	1524.94707
2025-08-12T13:46:37Z	24159.00000	1555.05938	1538.03986	1524.94819
2025-08-12T13:46:37Z	24159.00000	1555.05885	1538.03984	1524.94816
2025-08-12T13:46:37Z	24159.00000	1555.05859	1538.03863	1524.94826
2025-08-12T13:46:37Z	24159.00000	1555.05856	1538.03692	1524.94745
2025-08-12T13:46:37Z	24159.00000	1555.05818	1538.03812	1524.94834
2025-08-12T13:46:37Z	24159.00000	1555.05834	1538.03842	1524.94837
2025-08-12T13:46:38Z	24159.00000	1555.05807	1538.03607	1524.94805
2025-08-12T13:46:38Z	24159.00000	1555.05855	1538.03640	1524.94775
2025-08-12T13:46:38Z	24159.00000	1555.05809	1538.03788	1524.94812
2025-08-12T13:46:38Z	24159.00000	1555.05783	1538.03693	1524.94751
2025-08-12T13:46:38Z	24160.00000	1555.05827	1538.03518	1524.94790
2025-08-12T13:46:38Z	24160.00000	1555.05739	1538.03572	1524.94804
2025-08-12T13:46:38Z	24160.00000	1555.05776	1538.03456	1524.94754
2025-08-12T13:46:38Z	24160.00000	1555.05774	1538.03542	1524.94807
2025-08-12T13:46:38Z	24160.00000	1555.05746	1538.03440	1524.94829
2025-08-12T13:46:38Z	24160.00000	1555.05767	1538.03536	1524.94828
2025-08-12T13:46:39Z	24160.00000	1555.05776	1538.03331	1524.94755
2025-08-12T13:46:39Z	24160.00000	1555.05724	1538.03403	1524.94815
2025-08-12T13:46:39Z	24160.00000	1555.05695	1538.03469	1524.94902
2025-08-12T13:46:39Z	24160.00000	1555.05705	1538.03358	1524.94742
2025-08-12T13:46:39Z	24161.00000	1555.05721	1538.03243	1524.94853
2025-08-12T13:46:39Z	24161.00000	1555.05729	1538.03335	1524.94751
2025-08-12T13:46:39Z	24161.00000	1555.05726	1538.03174	1524.94784
2025-08-12T13:46:39Z	24161.00000	1555.05657	1538.03388	1524.94749
2025-08-12T13:46:39Z	24161.00000	1555.05629	1538.03316	1524.94789
2025-08-12T13:46:40Z	24161.00000	1555.05580	1538.03218	1524.94804
2025-08-12T13:46:40Z	24161.00000	1555.05693	1538.03127	1524.94809
2025-08-12T13:46:40Z	24161.00000	1555.05700	1538.03142	1524.94773
2025-08-12T13:46:40Z	24161.00000	1555.10350	1538.10760	1524.93688
2025-08-12T13:46:40Z	24161.00000	1555.23971	1538.35022	1524.94535
2025-08-12T13:46:40Z	24162.00000	1555.37683	1538.58384	1524.94477
2025-08-12T13:46:40Z	24162.00000	1555.48335	1538.76769	1524.95362
2025-08-12T13:46:40Z	24162.00000	1555.66913	1539.09579	1524.94917
2025-08-12T13:46:40Z	24162.00000	1555.76730	1539.26968	1524.95036
2025-08-12T13:46:40Z	24162.00000	1555.84227	1539.39610	1524.95106
2025-08-12T13:46:41Z	24162.00000	1555.97598	1539.63309	1524.95234
2025-08-12T13:46:41Z	24162.00000	1556.04472	1539.75230	1524.95401
2025-08-12T13:46:41Z	24162.00000	1556.10586	1539.86707	1524.95415
2025-08-12T13:46:41Z	24163.00000	1556.16018	1539.95221	1524.95568
2025-08-12T13:46:41Z	24163.00000	1556.21236	1540.05061	1524.95627
2025-08-12T13:46:41Z	24163.00000	1556.24741	1540.10973	1524.95637
2025-08-12T13:46:41Z	24163.00000	1556.29126	1540.18272	1524.95597
2025-08-12T13:46:41Z	24163.00000	1556.33208	1540.25257	1524.95693
2025-08-12T13:46:41Z	24163.00000	1556.36869	1540.30846	1524.95783
2025-08-12T13:46:42Z	24163.00000	1556.39789	1540.36462	1524.95741
2025-08-12T13:46:42Z	24163.00000	1556.42747	1540.41212	1524.95851
2025-08-12T13:46:42Z	24163.00000	1556.44577	1540.44578	1524.95872
2025-08-12T13:46:42Z	24163.00000	1556.47586	1540.48340	1524.95866
2025-08-12T13:46:42Z	24164.00000	1556.50568	1540.54275	1524.95927
2025-08-12T13:46:42Z	24164.00000	1556.52376	1540.56958	1524.96021
2025-08-12T13:46:42Z	24164.00000	1556.54584	1540.60913	1524.96024
2025-08-12T13:46:42Z	24164.00000	1556.55466	1540.62572	1524.96094
2025-08-12T13:46:43Z	24164.00000	1556.56573	1540.63899	1524.96192
2025-08-12T13:46:43Z	24164.00000	1556.57362	1540.65009	1524.96102
2025-08-12T13:46:43Z	24164.00000	1556.57685	1540.65612	1524.96196
2025-08-12T13:46:43Z	24164.00000	1556.58293	1540.66387	1524.96119
2025-08-12T13:46:43Z	24165.00000	1556.58418	1540.66923	1524.96154
2025-08-12T13:46:43Z	24165.00000	1556.58775	1540.67421	1524.96102
2025-08-12T13:46:43Z	24165.00000	1556.59166	1540.68089	1524.96138
2025-08-12T13:46:43Z	24165.00000	1556.59428	1540.68770	1524.96157
2025-08-12T13:46:44Z	24165.00000	1556.59761	1540.69194	1524.96205
2025-08-12T13:46:44Z	24165.00000	1555.52038	1538.84047	1524.98535
2025-08-12T13:46:44Z	24165.00000	1555.14229	1538.19167	1524.94979
2025-08-12T13:46:44Z	24165.00000	1555.07657	1538.06392	1524.94735
2025-08-12T13:46:44Z	24166.00000	1555.06953	1538.06032	1524.95034
2025-08-12T13:46:44Z	24166.00000	1555.06868	1538.05440	1524.94874
2025-08-12T13:46:44Z	24166.00000	1555.06658	1538.05292	1524.94785
2025-08-12T13:46:44Z	24166.00000	1555.06505	1538.05023	1524.94897
2025-08-12T13:46:45Z	24166.00000	1555.06457	1538.04870	1524.94880
2025-08-12T13:46:45Z	24166.00000	1555.06336	1538.04869	1524.94840
2025-08-12T13:46:45Z	24166.00000	1555.06336	1538.04703	1524.94865
2025-08-12T13:46:45Z	24166.00000	1555.06155	1538.04586	1524.94818
2025-08-12T13:46:45Z	24167.00000	1555.06152	1538.04382	1524.94961
2025-08-12T13:46:45Z	24167.00000	1555.06128	1538.04318	1524.94785
2025-08-12T13:46:45Z	24167.00000	1555.05954	1538.04194	1524.94608
2025-08-12T13:46:45Z	24167.00000	1555.06015	1538.04112	1524.94630
2025-08-12T13:46:46Z	24167.00000	1555.06023	1538.04091	1524.94772
2025-08-12T13:46:46Z	24167.00000	1555.05997	1538.04079	1524.94819
2025-08-12T13:46:46Z	24167.00000	1555.06031	1538.03959	1524.94831
2025-08-12T13:46:46Z	24168.00000	1555.06007	1538.03930	1524.94850
2025-08-12T13:46:46Z	24168.00000	1555.05978	1538.03872	1524.94824
2025-08-12T13:46:46Z	24168.00000	1555.05926	1538.03795	1524.94867
2025-08-12T13:46:46Z	24168.00000	1555.05921	1538.03792	1524.94800
2025-08-12T13:46:46Z	24168.00000	1555.05910	1538.03892	1524.94813
2025-08-12T13:46:47Z	24168.00000	1555.05908	1538.03768	1524.94838
2025-08-12T13:46:47Z	24168.00000	1555.05883	1538.03743	1524.94795
2025-08-12T13:46:47Z	24168.00000	1555.05877	1538.03675	1524.94793
2025-08-12T13:46:47Z	24168.00000	1555.05816	1538.03750	1524.94799
2025-08-12T13:46:47Z	24169.00000	1555.05809	1538.03564	1524.94757
2025-08-12T13:46:47Z	24169.00000	1555.05825	1538.03704	1524.94813
2025-08-12T13:46:47Z	24169.00000	1555.05786	1538.03544	1524.94822
2025-08-12T13:46:47Z	24169.00000	1555.05789	1538.03575	1524.94779
2025-08-12T13:46:47Z	24169.00000	1555.05693	1538.03613	1524.94880
2025-08-12T13:46:48Z	24169.00000	1555.05766	1538.03578	1524.94810
2025-08-12T13:46:48Z	24169.00000	1555.05754	1538.03471	1524.94836
2025-08-12T13:46:48Z	24169.00000	1555.05778	1538.03344	1524.94796
2025-08-12T13:46:48Z	24170.00000	1555.05779	1538.03390	1524.94875
2025-08-12T13:46:48Z	24170.00000	1555.05689	1538.03469	1524.94919
2025-08-12T13:46:48Z	24170.00000	1555.05811	1538.03399	1524.94850
2025-08-12T13:46:48Z	24170.00000	1555.05727	1538.03276	1524.94757
2025-08-12T13:46:48Z	24170.00000	1555.05695	1538.03274	1524.94848
2025-08-12T13:46:49Z	24170.00000	1555.05674	1538.03425	1524.94816
2025-08-12T13:46:49Z	24170.00000	1555.05741	1538.03194	1524.94828
2025-08-12T13:46:49Z	24170.00000	1555.05669	1538.03309	1524.94768
2025-08-12T13:46:49Z	24170.00000	1555.13111	1538.17642	1524.96102
2025-08-12T13:46:49Z	24171.00000	1555.27946	1538.42180	1524.95713
2025-08-12T13:46:49Z	24171.00000	1555.39202	1538.61279	1524.95590
2025-08-12T13:46:49Z	24171.00000	1555.49805	1538.79124	1524.94858
2025-08-12T13:46:49Z	24171.00000	1555.59407	1538.96307	1524.94709
2025-08-12T13:46:49Z	24171.00000	1555.69692	1539.14177	1524.94892
2025-08-12T13:46:49Z	24171.00000	1555.79118	1539.30832	1524.95150
2025-08-12T13:46:50Z	24171.00000	1555.92906	1539.55147	1524.95176
2025-08-12T13:46:50Z	24171.00000	1555.99257	1539.66379	1524.95402
2025-08-12T13:46:50Z	24171.00000	1556.04887	1539.76046	1524.95400
2025-08-12T13:46:50Z	24172.00000	1556.17001	1539.97049	1524.95436
2025-08-12T13:46:50Z	24172.00000	1556.20856	1540.04266	1524.95614
2025-08-12T13:46:50Z	24172.00000	1556.25828	1540.12684	1524.95641
2025-08-12T13:46:50Z	24172.00000	1556.34090	1540.26771	1524.95739
2025-08-12T13:46:51Z	24172.00000	1556.36623	1540.30361	1524.95613
2025-08-12T13:46:51Z	24172.00000	1556.39910	1540.37195	1524.95719
2025-08-12T13:46:51Z	24172.00000	1556.42524	1540.41073	1524.95898
2025-08-12T13:46:51Z	24172.00000	1556.44844	1540.44953	1524.95990
2025-08-12T13:46:51Z	24173.00000	1556.47391	1540.47848	1524.95948
2025-08-12T13:46:51Z	24173.00000	1556.49301	1540.51517	1524.95987
2025-08-12T13:46:51Z	24173.00000	1556.50980	1540.54800	1524.95974
2025-08-12T13:46:51Z	24173.00000	1556.52712	1540.57496	1524.96002
2025-08-12T13:46:51Z	24173.00000	1556.53782	1540.59492	1524.96046
2025-08-12T13:46:51Z	24173.00000	1556.54769	1540.61254	1524.96067
2025-08-12T13:46:52Z	24173.00000	1556.55890	1540.62784	1524.96001
2025-08-12T13:46:52Z	24173.00000	1556.56566	1540.63998	1524.96111
2025-08-12T13:46:52Z	24173.00000	1556.57265	1540.64779	1524.96139
2025-08-12T13:46:52Z	24173.00000	1556.57870	1540.65999	1524.96161
2025-08-12T13:46:52Z	24174.00000	1556.58334	1540.67010	1524.96114
2025-08-12T13:46:52Z	24174.00000	1556.58667	1540.67111	1524.96118
2025-08-12T13:46:52Z	24174.00000	1556.58967	1540.67596	1524.96152
2025-08-12T13:46:52Z	24174.00000	1556.59183	1540.68294	1524.96181
2025-08-12T13:46:52Z	24174.00000	1556.59316	1540.68444	1524.96130
2025-08-12T13:46:52Z	24174.00000	1556.59566	1540.68895	1524.96255
2025-08-12T13:46:53Z	24174.00000	1556.59708	1540.69006	1524.96266
2025-08-12T13:46:53Z	24174.00000	1556.59820	1540.69068	1524.96219
2025-08-12T13:46:53Z	24174.00000	1555.26642	1538.42280	1524.96568
2025-08-12T13:46:53Z	24174.00000	1555.13445	1538.15373	1524.94011
2025-08-12T13:46:53Z	24175.00000	1555.07056	1538.06686	1524.95185
2025-08-12T13:46:53Z	24175.00000	1555.07134	1538.05995	1524.94800
2025-08-12T13:46:53Z	24175.00000	1555.06972	1538.05682	1524.94922
2025-08-12T13:46:53Z	24175.00000	1555.06904	1538.05558	1524.94972
2025-08-12T13:46:53Z	24175.00000	1555.06825	1538.05383	1524.94993
2025-08-12T13:46:53Z	24175.00000	1555.06671	1538.05211	1524.94886
2025-08-12T13:46:54Z	24175.00000	1555.06634	1538.05240	1524.94889
2025-08-12T13:46:54Z	24175.00000	1555.06470	1538.05053	1524.94896
2025-08-12T13:46:54Z	24175.00000	1555.06378	1538.04834	1524.94827
2025-08-12T13:46:54Z	24175.00000	1555.06361	1538.04778	1524.94915
2025-08-12T13:46:54Z	24176.00000	1555.06292	1538.04766	1524.94891
2025-08-12T13:46:54Z	24176.00000	1555.06262	1538.04756	1524.94956
2025-08-12T13:46:54Z	24176.00000	1555.06211	1538.04479	1524.94874
2025-08-12T13:46:54Z	24176.00000	1555.06174	1538.04553	1524.94879
2025-08-12T13:46:54Z	24176.00000	1555.06261	1538.04545	1524.95167
2025-08-12T13:46:54Z	24176.00000	1555.06196	1538.04451	1524.94927
2025-08-12T13:46:55Z	24176.00000	1555.06134	1538.04277	1524.94935
2025-08-12T13:46:55Z	24176.00000	1555.06084	1538.04254	1524.94951
2025-08-12T13:46:55Z	24176.00000	1555.06058	1538.04259	1524.94823
2025-08-12T13:46:55Z	24176.00000	1555.05998	1538.04119	1524.94828
2025-08-12T13:46:55Z	24177.00000	1555.06042	1538.04076	1524.94828
2025-08-12T13:46:55Z	24177.00000	1555.06006	1538.03963	1524.94890
2025-08-12T13:46:55Z	24177.00000	1555.05979	1538.03991	1524.94862
2025-08-12T13:46:55Z	24177.00000	1555.06003	1538.03944	1524.94874
2025-08-12T13:46:55Z	24177.00000	1555.05918	1538.03898	1524.94814
2025-08-12T13:46:56Z	24177.00000	1555.06011	1538.03940	1524.94851
2025-08-12T13:46:56Z	24177.00000	1555.05938	1538.03858	1524.94842
2025-08-12T13:46:56Z	24177.00000	1555.05892	1538.03889	1524.94842
2025-08-12T13:46:56Z	24177.00000	1555.05891	1538.03784	1524.94808
2025-08-12T13:46:56Z	24178.00000	1555.05877	1538.03675	1524.94823
2025-08-12T13:46:56Z	24178.00000	1555.05852	1538.03639	1524.94818
2025-08-12T13:46:56Z	24178.00000	1555.05904	1538.03699	1524.94810
2025-08-12T13:46:56Z	24178.00000	1555.05826	1538.03702	1524.94866
2025-08-12T13:46:56Z	24178.00000	1555.05852	1538.03687	1524.94859
2025-08-12T13:46:56Z	24178.00000	1555.05835	1538.03653	1524.94840
2025-08-12T13:46:57Z	24178.00000	1555.05821	1538.03619	1524.94856
2025-08-12T13:46:57Z	24178.00000	1555.05838	1538.03692	1524.94817
2025-08-12T13:46:57Z	24178.00000	1555.05838	1538.03779	1524.94908
2025-08-12T13:46:57Z	24178.00000	1555.05764	1538.03518	1524.94792
2025-08-12T13:46:57Z	24178.00000	1555.05788	1538.03376	1524.94725
2025-08-12T13:46:57Z	24179.00000	1555.05811	1538.03381	1524.94782
2025-08-12T13:46:57Z	24179.00000	1555.05812	1538.03416	1524.94781
2025-08-12T13:46:57Z	24179.00000	1555.05776	1538.03455	1524.94784
2025-08-12T13:46:57Z	24179.00000	1555.05772	1538.03451	1524.94842
2025-08-12T13:46:58Z	24179.00000	1555.05784	1538.03378	1524.94851
2025-08-12T13:46:58Z	24179.00000	1555.05744	1538.03363	1524.94812
2025-08-12T13:46:58Z	24179.00000	1555.24107	1538.34188	1524.93690
2025-08-12T13:46:58Z	24180.00000	1555.45997	1538.72970	1524.95647
2025-08-12T13:46:58Z	24180.00000	1555.54250	1538.86955	1524.95342
2025-08-12T13:46:58Z	24180.00000	1555.65299	1539.06688	1524.95009
2025-08-12T13:46:58Z	24180.00000	1555.74881	1539.23473	1524.94820
2025-08-12T13:46:58Z	24180.00000	1555.81376	1539.34668	1524.95286
2025-08-12T13:46:59Z	24180.00000	1555.88387	1539.47813	1524.95103
2025-08-12T13:46:59Z	24180.00000	1555.96291	1539.60448	1524.95318
2025-08-12T13:46:59Z	24180.00000	1556.02275	1539.71826	1524.95196
2025-08-12T13:46:59Z	24180.00000	1556.08705	1539.83347	1524.95503
2025-08-12T13:46:59Z	24180.00000	1556.14681	1539.93399	1524.95532
2025-08-12T13:46:59Z	24181.00000	1556.18543	1540.00392	1524.95587
2025-08-12T13:46:59Z	24181.00000	1556.22985	1540.08368	1524.95628
2025-08-12T13:46:59Z	24181.00000	1556.27833	1540.15528	1524.95484
2025-08-12T13:46:59Z	24181.00000	1556.31861	1540.22787	1524.95661
2025-08-12T13:47:00Z	24181.00000	1556.36143	1540.29868	1524.95761
2025-08-12T13:47:00Z	24181.00000	1556.39476	1540.36054	1524.95884
2025-08-12T13:47:00Z	24181.00000	1556.41700	1540.39527	1524.95864
2025-08-12T13:47:00Z	24181.00000	1556.44560	1540.44524	1524.95869
2025-08-12T13:47:00Z	24181.00000	1556.47348	1540.48038	1524.96049
2025-08-12T13:47:00Z	24182.00000	1556.49046	1540.51027	1524.95984
2025-08-12T13:47:00Z	24182.00000	1556.51355	1540.55446	1524.96026
2025-08-12T13:47:00Z	24182.00000	1556.53576	1540.59036	1524.96028
2025-08-12T13:47:00Z	24182.00000	1556.54657	1540.60815	1524.96098
2025-08-12T13:47:00Z	24182.00000	1556.55413	1540.62156	1524.96071
2025-08-12T13:47:01Z	24182.00000	1556.56289	1540.63460	1524.96157
2025-08-12T13:47:01Z	24182.00000	1556.57157	1540.64609	1524.96155
2025-08-12T13:47:01Z	24182.00000	1556.57646	1540.65393	1524.96038
2025-08-12T13:47:01Z	24182.00000	1556.58206	1540.66482	1524.96172
2025-08-12T13:47:01Z	24183.00000	1556.58531	1540.66837	1524.96104
2025-08-12T13:47:01Z	24183.00000	1556.58804	1540.67670	1524.96242
2025-08-12T13:47:01Z	24183.00000	1556.59262	1540.68147	1524.96168
2025-08-12T13:47:01Z	24183.00000	1556.59308	1540.68554	1524.96217
2025-08-12T13:47:01Z	24183.00000	1556.59591	1540.68694	1524.96232
2025-08-12T13:47:01Z	24183.00000	1556.59789	1540.69328	1524.96252
2025-08-12T13:47:02Z	24183.00000	1556.59995	1540.69373	1524.96209
2025-08-12T13:47:02Z	24183.00000	1555.90672	1539.52410	1524.91404
2025-08-12T13:47:02Z	24183.00000	1555.17121	1538.24716	1524.96805
2025-08-12T13:47:02Z	24183.00000	1555.07371	1538.07006	1524.95435
2025-08-12T13:47:02Z	24184.00000	1555.07369	1538.06473	1524.94992
2025-08-12T13:47:02Z	24184.00000	1555.07045	1538.05979	1524.94965
2025-08-12T13:47:02Z	24184.00000	1555.06889	1538.05620	1524.94794
2025-08-12T13:47:02Z	24184.00000	1555.06866	1538.05588	1524.95033
2025-08-12T13:47:02Z	24184.00000	1555.06832	1538.05328	1524.94903
2025-08-12T13:47:02Z	24184.00000	1555.06638	1538.05279	1524.94902
2025-08-12T13:47:03Z	24184.00000	1555.06594	1538.05202	1524.94932
2025-08-12T13:47:03Z	24184.00000	1555.06505	1538.05064	1524.94957
2025-08-12T13:47:03Z	24184.00000	1555.06466	1538.04958	1524.94937
2025-08-12T13:47:03Z	24184.00000	1555.06458	1538.04859	1524.94925
2025-08-12T13:47:03Z	24185.00000	1555.06375	1538.04932	1524.94946
2025-08-12T13:47:03Z	24185.00000	1555.06262	1538.04483	1524.94852
2025-08-12T13:47:03Z	24185.00000	1555.06252	1538.04674	1524.94894
2025-08-12T13:47:03Z	24185.00000	1555.06303	1538.04753	1524.94950
2025-08-12T13:47:03Z	24185.00000	1555.06197	1538.04693	1524.95114
2025-08-12T13:47:03Z	24185.00000	1555.06191	1538.04323	1524.94831
2025-08-12T13:47:04Z	24185.00000	1555.06097	1538.04209	1524.94712
2025-08-12T13:47:04Z	24185.00000	1555.06040	1538.04148	1524.94707
2025-08-12T13:47:04Z	24185.00000	1555.06124	1538.04126	1524.94955
2025-08-12T13:47:04Z	24185.00000	1555.06078	1538.04113	1524.94832
2025-08-12T13:47:04Z	24185.00000	1555.06043	1538.04147	1524.94861
2025-08-12T13:47:04Z	24186.00000	1555.06048	1538.04197	1524.94907
2025-08-12T13:47:04Z	24186.00000	1555.06057	1538.04158	1524.94882
2025-08-12T13:47:04Z	24186.00000	1555.06010	1538.04114	1524.94880
2025-08-12T13:47:04Z	24186.00000	1555.05964	1538.03975	1524.94801
2025-08-12T13:47:05Z	24186.00000	1555.05988	1538.03981	1524.94852
2025-08-12T13:47:05Z	24186.00000	1555.05953	1538.03916	1524.94908
2025-08-12T13:47:05Z	24186.00000	1555.05968	1538.04033	1524.94906
2025-08-12T13:47:05Z	24186.00000	1555.05909	1538.03729	1524.94883
2025-08-12T13:47:05Z	24186.00000	1555.05902	1538.03977	1524.94914
2025-08-12T13:47:05Z	24187.00000	1555.05924	1538.03741	1524.94851
2025-08-12T13:47:05Z	24187.00000	1555.05892	1538.03981	1524.94848
2025-08-12T13:47:05Z	24187.00000	1555.05834	1538.03761	1524.94868
2025-08-12T13:47:05Z	24187.00000	1555.05882	1538.03831	1524.94783
2025-08-12T13:47:05Z	24187.00000	1555.05828	1538.03681	1524.94863
2025-08-12T13:47:05Z	24187.00000	1555.05859	1538.03742	1524.94874
2025-08-12T13:47:06Z	24187.00000	1555.05818	1538.03672	1524.94861
2025-08-12T13:47:06Z	24187.00000	1555.05887	1538.03754	1524.94805
2025-08-12T13:47:06Z	24187.00000	1555.05878	1538.03656	1524.94839
2025-08-12T13:47:06Z	24187.00000	1555.05846	1538.03589	1524.94827
2025-08-12T13:47:06Z	24188.00000	1555.05792	1538.03788	1524.94917
2025-08-12T13:47:06Z	24188.00000	1555.05810	1538.03689	1524.94888
2025-08-12T13:47:06Z	24188.00000	1555.05782	1538.03637	1524.94775
2025-08-12T13:47:06Z	24188.00000	1555.05809	1538.03525	1524.94803
2025-08-12T13:47:06Z	24188.00000	1555.05793	1538.03599	1524.94864
2025-08-12T13:47:06Z	24188.00000	1555.05810	1538.03438	1524.94821
2025-08-12T13:47:07Z	24188.00000	1555.05798	1538.03551	1524.94832
2025-08-12T13:47:07Z	24188.00000	1555.05737	1538.03543	1524.94841
2025-08-12T13:47:07Z	24188.00000	1555.13708	1538.18661	1524.94632
2025-08-12T13:47:07Z	24188.00000	1555.24601	1538.37328	1524.96371
2025-08-12T13:47:07Z	24189.00000	1555.38539	1538.60511	1524.95648
2025-08-12T13:47:07Z	24189.00000	1555.51159	1538.81715	1524.94975
2025-08-12T13:47:07Z	24189.00000	1555.60430	1538.98323	1524.95542
2025-08-12T13:47:07Z	24189.00000	1555.67933	1539.11080	1524.95060
2025-08-12T13:47:07Z	24189.00000	1555.77731	1539.28479	1524.94995
2025-08-12T13:47:07Z	24189.00000	1555.86592	1539.44191	1524.95022
2025-08-12T13:47:08Z	24189.00000	1555.94216	1539.57336	1524.95118
2025-08-12T13:47:08Z	24189.00000	1555.99575	1539.66936	1524.95550
2025-08-12T13:47:08Z	24189.00000	1556.05325	1539.76873	1524.95205
2025-08-12T13:47:08Z	24189.00000	1556.10723	1539.86572	1524.95379
2025-08-12T13:47:08Z	24189.00000	1556.15935	1539.95477	1524.95680
2025-08-12T13:47:08Z	24190.00000	1556.21283	1540.05013	1524.95635
2025-08-12T13:47:08Z	24190.00000	1556.25425	1540.11923	1524.95662
2025-08-12T13:47:08Z	24190.00000	1556.29748	1540.19293	1524.95679
2025-08-12T13:47:08Z	24190.00000	1556.33928	1540.25932	1524.95753
2025-08-12T13:47:08Z	24190.00000	1556.37202	1540.31262	1524.95592
2025-08-12T13:47:09Z	24190.00000	1556.39951	1540.36711	1524.95687
2025-08-12T13:47:09Z	24190.00000	1556.43081	1540.41664	1524.95900
2025-08-12T13:47:09Z	24190.00000	1556.45658	1540.45637	1524.95823
2025-08-12T13:47:09Z	24190.00000	1556.47536	1540.48177	1524.95887
2025-08-12T13:47:09Z	24191.00000	1556.49490	1540.51588	1524.95948
2025-08-12T13:47:09Z	24191.00000	1556.51453	1540.55343	1524.96017
2025-08-12T13:47:09Z	24191.00000	1556.52924	1540.57912	1524.96080
2025-08-12T13:47:09Z	24191.00000	1556.54240	1540.60110	1524.96129
2025-08-12T13:47:09Z	24191.00000	1556.55335	1540.61645	1524.96071
2025-08-12T13:47:10Z	24191.00000	1556.56234	1540.63325	1524.96070
2025-08-12T13:47:10Z	24191.00000	1556.56946	1540.64466	1524.96150
2025-08-12T13:47:10Z	24191.00000	1556.57483	1540.64977	1524.96189
2025-08-12T13:47:10Z	24191.00000	1556.57999	1540.65997	1524.96105
2025-08-12T13:47:10Z	24191.00000	1556.58459	1540.66777	1524.96089
2025-08-12T13:47:10Z	24192.00000	1556.58793	1540.67151	1524.96200
2025-08-12T13:47:10Z	24192.00000	1556.59083	1540.67947	1524.96101
2025-08-12T13:47:10Z	24192.00000	1556.59305	1540.68160	1524.96173
2025-08-12T13:47:10Z	24192.00000	1556.59432	1540.68595	1524.96234
2025-08-12T13:47:10Z	24192.00000	1556.59649	1540.69130	1524.96177
2025-08-12T13:47:10Z	24192.00000	1556.59848	1540.69209	1524.96151
2025-08-12T13:47:11Z	24192.00000	1556.60015	1540.69300	1524.96205
2025-08-12T13:47:11Z	24192.00000	1555.30679	1538.48219	1524.95483
2025-08-12T13:47:11Z	24192.00000	1555.14367	1538.17386	1524.95857
2025-08-12T13:47:11Z	24192.00000	1555.07791	1538.07092	1524.95281
2025-08-12T13:47:11Z	24193.00000	1555.07265	1538.06299	1524.94915
2025-08-12T13:47:11Z	24193.00000	1555.07155	1538.06118	1524.94937
2025-08-12T13:47:11Z	24193.00000	1555.06900	1538.05783	1524.94964
2025-08-12T13:47:11Z	24193.00000	1555.06773	1538.05433	1524.94830
2025-08-12T13:47:11Z	24193.00000	1555.06764	1538.05437	1524.94957
2025-08-12T13:47:11Z	24193.00000	1555.06762	1538.05231	1524.94897
2025-08-12T13:47:12Z	24193.00000	1555.06620	1538.05090	1524.94900
2025-08-12T13:47:12Z	24193.00000	1555.06560	1538.05007	1524.94927
2025-08-12T13:47:12Z	24193.00000	1555.06518	1538.04937	1524.94892
2025-08-12T13:47:12Z	24193.00000	1555.06500	1538.04905	1524.94927
2025-08-12T13:47:12Z	24194.00000	1555.06388	1538.04865	1524.94905
2025-08-12T13:47:12Z	24194.00000	1555.06347	1538.04722	1524.94841
2025-08-12T13:47:12Z	24194.00000	1555.06296	1538.04674	1524.94907
2025-08-12T13:47:12Z	24194.00000	1555.06255	1538.04785	1524.94951
2025-08-12T13:47:12Z	24194.00000	1555.06043	1538.04311	1524.94636
2025-08-12T13:47:12Z	24194.00000	1555.06275	1538.04407	1524.94745
2025-08-12T13:47:13Z	24194.00000	1555.06239	1538.04359	1524.94928
2025-08-12T13:47:13Z	24194.00000	1555.06217	1538.04381	1524.94841
2025-08-12T13:47:13Z	24194.00000	1555.06112	1538.04197	1524.94772
2025-08-12T13:47:13Z	24194.00000	1555.06172	1538.04378	1524.94939
2025-08-12T13:47:13Z	24195.00000	1555.06070	1538.04265	1524.94946
2025-08-12T13:47:13Z	24195.00000	1555.06064	1538.04228	1524.94920
2025-08-12T13:47:13Z	24195.00000	1555.06036	1538.04211	1524.94868
2025-08-12T13:47:13Z	24195.00000	1555.06065	1538.03995	1524.94868
2025-08-12T13:47:13Z	24195.00000	1555.06035	1538.04090	1524.94819
2025-08-12T13:47:13Z	24195.00000	1555.06053	1538.04263	1524.94893
2025-08-12T13:47:14Z	24195.00000	1555.06084	1538.04030	1524.94878
2025-08-12T13:47:14Z	24195.00000	1555.06021	1538.04076	1524.94849
2025-08-12T13:47:14Z	24195.00000	1555.06000	1538.04027	1524.94880
2025-08-12T13:47:14Z	24195.00000	1555.05963	1538.03839	1524.94848
2025-08-12T13:47:14Z	24196.00000	1555.05956	1538.03814	1524.94881
2025-08-12T13:47:14Z	24196.00000	1555.05915	1538.03813	1524.94844
2025-08-12T13:47:14Z	24196.00000	1555.05921	1538.03840	1524.94828
2025-08-12T13:47:14Z	24196.00000	1555.05923	1538.03820	1524.94926
2025-08-12T13:47:14Z	24196.00000	1555.05857	1538.03768	1524.94829
2025-08-12T13:47:14Z	24196.00000	1555.05921	1538.03796	1524.94857
2025-08-12T13:47:15Z	24196.00000	1555.05870	1538.03815	1524.94872
2025-08-12T13:47:15Z	24196.00000	1555.05871	1538.03654	1524.94846
2025-08-12T13:47:15Z	24196.00000	1555.05943	1538.03620	1524.94856
2025-08-12T13:47:15Z	24196.00000	1555.05874	1538.03725	1524.94946
2025-08-12T13:47:15Z	24197.00000	1555.05836	1538.03717	1524.94764
2025-08-12T13:47:15Z	24197.00000	1555.05819	1538.03669	1524.94840
2025-08-12T13:47:15Z	24197.00000	1555.05850	1538.03756	1524.94864
2025-08-12T13:47:15Z	24197.00000	1555.05775	1538.03642	1524.94842
2025-08-12T13:47:15Z	24197.00000	1555.05833	1538.03734	1524.94808
2025-08-12T13:47:15Z	24197.00000	1555.05764	1538.03584	1524.94842
2025-08-12T13:47:16Z	24197.00000	1555.05776	1538.03686	1524.94852
2025-08-12T13:47:16Z	24197.00000	1555.05777	1538.03538	1524.94896
2025-08-12T13:47:16Z	24197.00000	1555.05802	1538.03403	1524.94634
2025-08-12T13:47:16Z	24197.00000	1555.20114	1538.26652	1524.93784
2025-08-12T13:47:16Z	24198.00000	1555.29491	1538.44045	1524.95565
2025-08-12T13:47:16Z	24198.00000	1555.40412	1538.62829	1524.94496
2025-08-12T13:47:16Z	24198.00000	1555.53025	1538.84595	1524.94615
2025-08-12T13:47:16Z	24198.00000	1555.63785	1539.03508	1524.95201
2025-08-12T13:47:16Z	24198.00000	1555.73726	1539.21604	1524.95313
2025-08-12T13:47:16Z	24198.00000	1555.80295	1539.32789	1524.95260
2025-08-12T13:47:17Z	24198.00000	1555.88999	1539.48547	1524.95344
2025-08-12T13:47:17Z	24198.00000	1555.97818	1539.63703	1524.95351
2025-08-12T13:47:17Z	24198.00000	1556.03863	1539.74091	1524.95108
2025-08-12T13:47:17Z	24198.00000	1556.08328	1539.82610	1524.95327
2025-08-12T13:47:17Z	24199.00000	1556.12967	1539.90259	1524.95647
2025-08-12T13:47:17Z	24199.00000	1556.17600	1539.99001	1524.95475
2025-08-12T13:47:17Z	24199.00000	1556.21392	1540.05015	1524.95543
2025-08-12T13:47:17Z	24199.00000	1556.26254	1540.13045	1524.95466
2025-08-12T13:47:17Z	24199.00000	1556.30432	1540.20219	1524.95639
2025-08-12T13:47:17Z	24199.00000	1556.33824	1540.25785	1524.95595
2025-08-12T13:47:18Z	24199.00000	1556.38102	1540.32630	1524.95697
2025-08-12T13:47:18Z	24199.00000	1556.40718	1540.37738	1524.95870
2025-08-12T13:47:18Z	24199.00000	1556.43721	1540.42690	1524.95741
2025-08-12T13:47:18Z	24199.00000	1556.46282	1540.46240	1524.95884
2025-08-12T13:47:18Z	24199.00000	1556.48211	1540.49120	1524.95922
2025-08-12T13:47:18Z	24200.00000	1556.50281	1540.53374	1524.96059
2025-08-12T13:47:18Z	24200.00000	1556.51480	1540.55097	1524.95984
2025-08-12T13:47:18Z	24200.00000	1556.52932	1540.57448	1524.96020
2025-08-12T13:47:18Z	24200.00000	1556.53961	1540.59447	1524.96072
2025-08-12T13:47:18Z	24200.00000	1556.54952	1540.61282	1524.96036
2025-08-12T13:47:19Z	24200.00000	1556.56067	1540.62816	1524.96041
2025-08-12T13:47:19Z	24200.00000	1556.56747	1540.63822	1524.96069
2025-08-12T13:47:19Z	24200.00000	1556.57317	1540.64681	1524.96057
2025-08-12T13:47:19Z	24200.00000	1556.58012	1540.65737	1524.96091
2025-08-12T13:47:19Z	24201.00000	1556.58446	1540.66396	1524.96112
2025-08-12T13:47:19Z	24201.00000	1556.58844	1540.66887	1524.96056
2025-08-12T13:47:19Z	24201.00000	1556.58910	1540.67415	1524.96229
2025-08-12T13:47:19Z	24201.00000	1556.59302	1540.68180	1524.96148
2025-08-12T13:47:19Z	24201.00000	1556.59428	1540.68297	1524.96186
2025-08-12T13:47:19Z	24201.00000	1556.59629	1540.68682	1524.96083
2025-08-12T13:47:20Z	24201.00000	1556.59861	1540.68877	1524.96134
2025-08-12T13:47:20Z	24201.00000	1556.59975	1540.69053	1524.96070
2025-08-12T13:47:20Z	24201.00000	1555.26577	1538.37825	1524.94165
2025-08-12T13:47:20Z	24201.00000	1555.11648	1538.13784	1524.93718
2025-08-12T13:47:20Z	24202.00000	1555.07222	1538.06255	1524.94507
2025-08-12T13:47:20Z	24202.00000	1555.07246	1538.06153	1524.94824
2025-08-12T13:47:20Z	24202.00000	1555.07081	1538.06058	1524.94987
2025-08-12T13:47:20Z	24202.00000	1555.06939	1538.05766	1524.94999
2025-08-12T13:47:20Z	24202.00000	1555.06847	1538.05502	1524.94830
2025-08-12T13:47:21Z	24202.00000	1555.06846	1538.05388	1524.95010
2025-08-12T13:47:21Z	24202.00000	1555.06711	1538.05230	1524.94939
2025-08-12T13:47:21Z	24202.00000	1555.06644	1538.05177	1524.94892
2025-08-12T13:47:21Z	24202.00000	1555.06575	1538.05076	1524.94927
2025-08-12T13:47:21Z	24202.00000	1555.06551	1538.05146	1524.94906
2025-08-12T13:47:21Z	24203.00000	1555.06500	1538.05036	1524.94973
2025-08-12T13:47:21Z	24203.00000	1555.06435	1538.04939	1524.94848
2025-08-12T13:47:21Z	24203.00000	1555.06384	1538.04826	1524.94911
2025-08-12T13:47:21Z	24203.00000	1555.06316	1538.04722	1524.95009
2025-08-12T13:47:21Z	24203.00000	1555.06281	1538.04704	1524.95045
2025-08-12T13:47:22Z	24203.00000	1555.06272	1538.04559	1524.94921
2025-08-12T13:47:22Z	24203.00000	1555.06168	1538.04343	1524.94814
2025-08-12T13:47:22Z	24203.00000	1555.06214	1538.04564	1524.94947
2025-08-12T13:47:22Z	24203.00000	1555.06185	1538.04414	1524.94842
2025-08-12T13:47:22Z	24203.00000	1555.06156	1538.04361	1524.94919
2025-08-12T13:47:22Z	24204.00000	1555.06142	1538.04395	1524.94856
2025-08-12T13:47:22Z	24204.00000	1555.06133	1538.04272	1524.94916
2025-08-12T13:47:22Z	24204.00000	1555.06134	1538.04191	1524.94950
2025-08-12T13:47:22Z	24204.00000	1555.06112	1538.04236	1524.94883
2025-08-12T13:47:22Z	24204.00000	1555.06065	1538.04073	1524.94878
2025-08-12T13:47:23Z	24204.00000	1555.06046	1538.04161	1524.94850
2025-08-12T13:47:23Z	24204.00000	1555.06022	1538.04046	1524.94904
2025-08-12T13:47:23Z	24204.00000	1555.06026	1538.04008	1524.94873
2025-08-12T13:47:23Z	24204.00000	1555.06046	1538.03937	1524.94881
2025-08-12T13:47:23Z	24204.00000	1555.06038	1538.04045	1524.94890
2025-08-12T13:47:23Z	24205.00000	1555.05986	1538.04002	1524.94891
2025-08-12T13:47:23Z	24205.00000	1555.06007	1538.03882	1524.94827
2025-08-12T13:47:23Z	24205.00000	1555.06000	1538.03811	1524.94881
2025-08-12T13:47:23Z	24205.00000	1555.05963	1538.03851	1524.94819
2025-08-12T13:47:23Z	24205.00000	1555.05960	1538.03872	1524.94894
2025-08-12T13:47:24Z	24205.00000	1555.05927	1538.03754	1524.94893
2025-08-12T13:47:24Z	24205.00000	1555.05910	1538.03947	1524.94886
2025-08-12T13:47:24Z	24205.00000	1555.05877	1538.03833	1524.94822
2025-08-12T13:47:24Z	24205.00000	1555.05868	1538.03659	1524.94731
2025-08-12T13:47:24Z	24205.00000	1555.05864	1538.03709	1524.94802
2025-08-12T13:47:24Z	24206.00000	1555.05835	1538.03628	1524.94773
2025-08-12T13:47:24Z	24206.00000	1555.05869	1538.03650	1524.94865
2025-08-12T13:47:24Z	24206.00000	1555.05843	1538.03682	1524.94862
2025-08-12T13:47:24Z	24206.00000	1555.05788	1538.03737	1524.94909
2025-08-12T13:47:24Z	24206.00000	1555.05851	1538.03619	1524.94884
2025-08-12T13:47:25Z	24206.00000	1555.05808	1538.03618	1524.94877
2025-08-12T13:47:25Z	24206.00000	1555.05861	1538.03623	1524.94843
2025-08-12T13:47:25Z	24206.00000	1555.05850	1538.03607	1524.94864
2025-08-12T13:47:25Z	24206.00000	1555.16791	1538.22155	1524.94993
2025-08-12T13:47:25Z	24206.00000	1555.28583	1538.43603	1524.96119
2025-08-12T13:47:25Z	24207.00000	1555.39892	1538.62087	1524.95073
2025-08-12T13:47:25Z	24207.00000	1555.52114	1538.83580	1524.95446
2025-08-12T13:47:25Z	24207.00000	1555.64702	1539.05103	1524.94732
2025-08-12T13:47:25Z	24207.00000	1555.72810	1539.20098	1524.95142
2025-08-12T13:47:25Z	24207.00000	1555.79589	1539.31875	1524.94967
2025-08-12T13:47:26Z	24207.00000	1555.85604	1539.42138	1524.95258
2025-08-12T13:47:26Z	24207.00000	1555.91081	1539.52548	1524.95215
2025-08-12T13:47:26Z	24207.00000	1555.97857	1539.63563	1524.95384
2025-08-12T13:47:26Z	24207.00000	1556.03804	1539.73930	1524.95214
2025-08-12T13:47:26Z	24207.00000	1556.09054	1539.84211	1524.95418
2025-08-12T13:47:26Z	24207.00000	1556.16169	1539.95580	1524.95568
2025-08-12T13:47:26Z	24208.00000	1556.20797	1540.03988	1524.95537
2025-08-12T13:47:26Z	24208.00000	1556.28661	1540.17370	1524.95670
2025-08-12T13:47:26Z	24208.00000	1556.32213	1540.23273	1524.95597
2025-08-12T13:47:26Z	24208.00000	1556.36471	1540.30335	1524.95769
2025-08-12T13:47:27Z	24208.00000	1556.39970	1540.36595	1524.95796
2025-08-12T13:47:27Z	24208.00000	1556.44080	1540.43500	1524.95859
2025-08-12T13:47:27Z	24208.00000	1556.46859	1540.47203	1524.95926
2025-08-12T13:47:27Z	24209.00000	1556.49314	1540.51196	1524.95949
2025-08-12T13:47:27Z	24209.00000	1556.51568	1540.55579	1524.95929
2025-08-12T13:47:27Z	24209.00000	1556.52816	1540.57396	1524.95905
2025-08-12T13:47:27Z	24209.00000	1556.54047	1540.59709	1524.96109
2025-08-12T13:47:27Z	24209.00000	1556.55711	1540.62610	1524.96058
2025-08-12T13:47:28Z	24209.00000	1556.56464	1540.63693	1524.96135
2025-08-12T13:47:28Z	24209.00000	1556.57247	1540.64576	1524.96103
2025-08-12T13:47:28Z	24209.00000	1556.57975	1540.65797	1524.96100
2025-08-12T13:47:28Z	24209.00000	1556.58372	1540.66668	1524.96153
2025-08-12T13:47:28Z	24210.00000	1556.58870	1540.67183	1524.96084
2025-08-12T13:47:28Z	24210.00000	1556.59104	1540.67997	1524.96187
2025-08-12T13:47:28Z	24210.00000	1556.59454	1540.68452	1524.96180
2025-08-12T13:47:28Z	24210.00000	1556.59759	1540.68788	1524.96224
2025-08-12T13:47:28Z	24210.00000	1556.59953	1540.69189	1524.96199
2025-08-12T13:47:29Z	24210.00000	1556.60187	1540.69661	1524.96203
2025-08-12T13:47:29Z	24210.00000	1555.54449	1538.85776	1524.95602
2025-08-12T13:47:29Z	24210.00000	1555.07270	1538.07273	1524.95502
2025-08-12T13:47:29Z	24210.00000	1555.07429	1538.06442	1524.94824
2025-08-12T13:47:29Z	24211.00000	1555.07029	1538.05915	1524.94980
2025-08-12T13:47:29Z	24211.00000	1555.06900	1538.05680	1524.95064
2025-08-12T13:47:29Z	24211.00000	1555.06834	1538.05498	1524.95011
2025-08-12T13:47:29Z	24211.00000	1555.06841	1538.05515	1524.94897
2025-08-12T13:47:30Z	24211.00000	1555.06766	1538.05298	1524.94936
2025-08-12T13:47:30Z	24211.00000	1555.06632	1538.05055	1524.94932
2025-08-12T13:47:30Z	24211.00000	1555.06567	1538.04994	1524.94912
2025-08-12T13:47:30Z	24212.00000	1555.06472	1538.05040	1524.94897
2025-08-12T13:47:30Z	24212.00000	1555.06401	1538.04955	1524.94920
2025-08-12T13:47:30Z	24212.00000	1555.06423	1538.04854	1524.95038
2025-08-12T13:47:30Z	24212.00000	1555.06148	1538.04487	1524.94827
2025-08-12T13:47:31Z	24212.00000	1555.06360	1538.04723	1524.94879
2025-08-12T13:47:31Z	24212.00000	1555.06313	1538.04556	1524.95027
2025-08-12T13:47:31Z	24212.00000	1555.06280	1538.04532	1524.94979
2025-08-12T13:47:31Z	24212.00000	1555.06206	1538.04349	1524.94991
2025-08-12T13:47:31Z	24212.00000	1555.06162	1538.04385	1524.94885
2025-08-12T13:47:31Z	24213.00000	1555.06155	1538.04344	1524.94879
2025-08-12T13:47:31Z	24213.00000	1555.06148	1538.04276	1524.94980
2025-08-12T13:47:31Z	24213.00000	1555.06127	1538.04270	1524.94860
2025-08-12T13:47:31Z	24213.00000	1555.06078	1538.04202	1524.94914
2025-08-12T13:47:31Z	24213.00000	1555.06090	1538.04248	1524.94932
2025-08-12T13:47:32Z	24213.00000	1555.06064	1538.04132	1524.94910
2025-08-12T13:47:32Z	24213.00000	1555.06068	1538.04063	1524.94892
2025-08-12T13:47:32Z	24213.00000	1555.06052	1538.04181	1524.94928
2025-08-12T13:47:32Z	24213.00000	1555.06042	1538.03976	1524.94931
2025-08-12T13:47:32Z	24214.00000	1555.06058	1538.04097	1524.94866
2025-08-12T13:47:32Z	24214.00000	1555.06006	1538.04001	1524.94923
2025-08-12T13:47:32Z	24214.00000	1555.06039	1538.03904	1524.94883
2025-08-12T13:47:32Z	24214.00000	1555.05982	1538.04088	1524.94883
2025-08-12T13:47:32Z	24214.00000	1555.05973	1538.03891	1524.94898
2025-08-12T13:47:33Z	24214.00000	1555.05933	1538.03891	1524.94892
2025-08-12T13:47:33Z	24214.00000	1555.05989	1538.03827	1524.94906
2025-08-12T13:47:33Z	24214.00000	1555.05979	1538.03857	1524.94858
2025-08-12T13:47:33Z	24214.00000	1555.06014	1538.03818	1524.94871
2025-08-12T13:47:33Z	24215.00000	1555.05855	1538.03758	1524.94906
2025-08-12T13:47:33Z	24215.00000	1555.05890	1538.03725	1524.94882
2025-08-12T13:47:33Z	24215.00000	1555.05862	1538.03799	1524.94870
2025-08-12T13:47:33Z	24215.00000	1555.05877	1538.03684	1524.94847
2025-08-12T13:47:33Z	24215.00000	1555.05833	1538.03732	1524.94893
2025-08-12T13:47:33Z	24215.00000	1555.05865	1538.03659	1524.94811
2025-08-12T13:47:34Z	24215.00000	1555.05845	1538.03759	1524.94862
2025-08-12T13:47:34Z	24215.00000	1555.05835	1538.03720	1524.94842
2025-08-12T13:47:34Z	24215.00000	1555.05850	1538.03783	1524.94885
2025-08-12T13:47:34Z	24216.00000	1555.05855	1538.03700	1524.94866
2025-08-12T13:47:34Z	24216.00000	1555.05859	1538.03589	1524.94866
2025-08-12T13:47:34Z	24216.00000	1555.05834	1538.03730	1524.94808
2025-08-12T13:47:34Z	24216.00000	1555.05803	1538.03710	1524.94888
2025-08-12T13:47:34Z	24216.00000	1555.05809	1538.03567	1524.94858
2025-08-12T13:47:34Z	24216.00000	1555.05788	1538.03594	1524.94873
2025-08-12T13:47:35Z	24216.00000	1555.05807	1538.03467	1524.94890
2025-08-12T13:47:35Z	24216.00000	1555.05741	1538.03493	1524.94859
2025-08-12T13:47:35Z	24216.00000	1555.05788	1538.03637	1524.94869
2025-08-12T13:47:35Z	24216.00000	1555.05829	1538.03548	1524.94845
2025-08-12T13:47:35Z	24217.00000	1555.05793	1538.03607	1524.94887
2025-08-12T13:47:35Z	24217.00000	1555.05805	1538.03499	1524.94870
2025-08-12T13:47:35Z	24217.00000	1555.05756	1538.03495	1524.94807
2025-08-12T13:47:35Z	24217.00000	1555.05757	1538.03480	1524.94894
2025-08-12T13:47:35Z	24217.00000	1555.05759	1538.03413	1524.94893
2025-08-12T13:47:36Z	24217.00000	1555.05759	1538.03232	1524.94890
2025-08-12T13:47:36Z	24217.00000	1555.05715	1538.03530	1524.94891
2025-08-12T13:47:36Z	24218.00000	1555.05738	1538.03357	1524.94893
2025-08-12T13:47:36Z	24218.00000	1555.05711	1538.03432	1524.94886
2025-08-12T13:47:36Z	24218.00000	1555.05688	1538.03293	1524.94844
2025-08-12T13:47:36Z	24218.00000	1555.05657	1538.03245	1524.94896
2025-08-12T13:47:37Z	24218.00000	1555.05689	1538.03285	1524.94810
2025-08-12T13:47:37Z	24218.00000	1555.05689	1538.03233	1524.94842
2025-08-12T13:47:37Z	24218.00000	1555.05693	1538.03211	1524.94822
2025-08-12T13:47:37Z	24218.00000	1555.05734	1538.03245	1524.94874
2025-08-12T13:47:37Z	24219.00000	1555.05667	1538.03207	1524.94868
2025-08-12T13:47:37Z	24219.00000	1555.05675	1538.03154	1524.94821
2025-08-12T13:47:37Z	24219.00000	1555.05714	1538.03120	1524.94876
2025-08-12T13:47:37Z	24219.00000	1555.05630	1538.03267	1524.94881
2025-08-12T13:47:37Z	24219.00000	1555.05654	1538.03238	1524.94835
2025-08-12T13:47:38Z	24219.00000	1555.05589	1538.03254	1524.94844
2025-08-12T13:47:38Z	24219.00000	1555.05636	1538.03145	1524.94877
2025-08-12T13:47:38Z	24219.00000	1555.05621	1538.03217	1524.94889
2025-08-12T13:47:38Z	24219.00000	1555.05644	1538.03262	1524.94878
2025-08-12T13:47:38Z	24220.00000	1555.05575	1538.03264	1524.94869
2025-08-12T13:47:38Z	24220.00000	1555.05583	1538.03209	1524.94865
2025-08-12T13:47:38Z	24220.00000	1555.05565	1538.03216	1524.94853
2025-08-12T13:47:38Z	24220.00000	1555.05592	1538.02986	1524.94875
2025-08-12T13:47:38Z	24220.00000	1555.05578	1538.03145	1524.94864
2025-08-12T13:47:39Z	24220.00000	1555.05602	1538.03143	1524.94801
2025-08-12T13:47:39Z	24220.00000	1555.05552	1538.03114	1524.94833
2025-08-12T13:47:39Z	24220.00000	1555.05596	1538.03068	1524.94801
2025-08-12T13:47:39Z	24220.00000	1555.05597	1538.03183	1524.94863
2025-08-12T13:47:39Z	24220.00000	1555.05604	1538.03071	1524.94764
2025-08-12T13:47:39Z	24221.00000	1555.05584	1538.03061	1524.94848
2025-08-12T13:47:39Z	24221.00000	1555.05582	1538.03097	1524.94835
2025-08-12T13:47:39Z	24221.00000	1555.05601	1538.03046	1524.94805
2025-08-12T13:47:39Z	24221.00000	1555.05541	1538.02990	1524.94799
2025-08-12T13:47:39Z	24221.00000	1555.05499	1538.03020	1524.94867
2025-08-12T13:47:40Z	24221.00000	1555.05579	1538.03109	1524.94894
2025-08-12T13:47:40Z	24221.00000	1555.05569	1538.03195	1524.94834
2025-08-12T13:47:40Z	24221.00000	1555.05495	1538.02910	1524.94887
2025-08-12T13:47:40Z	24221.00000	1555.05542	1538.02887	1524.94833
2025-08-12T13:47:40Z	24222.00000	1555.05557	1538.03054	1524.94876
2025-08-12T13:47:40Z	24222.00000	1555.05514	1538.02951	1524.94874
2025-08-12T13:47:40Z	24222.00000	1555.05594	1538.02776	1524.94873
2025-08-12T13:47:40Z	24222.00000	1555.05522	1538.02842	1524.94849
2025-08-12T13:47:40Z	24222.00000	1555.05563	1538.02980	1524.94853
2025-08-12T13:47:40Z	24222.00000	1555.05591	1538.03055	1524.94868
2025-08-12T13:47:41Z	24222.00000	1555.05530	1538.02978	1524.94829
2025-08-12T13:47:41Z	24222.00000	1555.05489	1538.03058	1524.94798
2025-08-12T13:47:41Z	24222.00000	1555.05554	1538.03000	1524.94740
2025-08-12T13:47:41Z	24222.00000	1555.05538	1538.02906	1524.94838
2025-08-12T13:47:41Z	24223.00000	1555.05512	1538.03046	1524.94809
2025-08-12T13:47:41Z	24223.00000	1555.05546	1538.02887	1524.94857
2025-08-12T13:47:41Z	24223.00000	1555.05522	1538.02954	1524.94863
2025-08-12T13:47:41Z	24223.00000	1555.05488	1538.02770	1524.94900
2025-08-12T13:47:41Z	24223.00000	1555.05527	1538.02718	1524.94832
2025-08-12T13:47:41Z	24223.00000	1555.05548	1538.02932	1524.94822
2025-08-12T13:47:42Z	24223.00000	1555.05504	1538.02917	1524.94854
2025-08-12T13:47:42Z	24223.00000	1555.05452	1538.02842	1524.94888
2025-08-12T13:47:42Z	24223.00000	1555.05509	1538.02814	1524.94754
2025-08-12T13:47:42Z	24223.00000	1555.05511	1538.02789	1524.94797
2025-08-12T13:47:42Z	24224.00000	1555.05457	1538.02802	1524.94866
2025-08-12T13:47:42Z	24224.00000	1555.05531	1538.02715	1524.94871
2025-08-12T13:47:42Z	24224.00000	1555.05443	1538.02708	1524.94858
2025-08-12T13:47:42Z	24224.00000	1555.05424	1538.02766	1524.94819
2025-08-12T13:47:42Z	24224.00000	1555.05412	1538.02822	1524.94946
2025-08-12T13:47:42Z	24224.00000	1555.05508	1538.02784	1524.94869
2025-08-12T13:47:43Z	24224.00000	1555.05470	1538.02834	1524.94869
2025-08-12T13:47:43Z	24224.00000	1555.05501	1538.02766	1524.94906
2025-08-12T13:47:43Z	24224.00000	1555.05403	1538.02806	1524.94884
2025-08-12T13:47:43Z	24224.00000	1555.05452	1538.02727	1524.94871
2025-08-12T13:47:43Z	24224.00000	1555.05454	1538.02795	1524.94861
2025-08-12T13:47:43Z	24225.00000	1555.05508	1538.02718	1524.94868
2025-08-12T13:47:43Z	24225.00000	1555.05487	1538.02810	1524.94885
2025-08-12T13:47:43Z	24225.00000	1555.05427	1538.02595	1524.94836
2025-08-12T13:47:43Z	24225.00000	1555.05495	1538.02745	1524.94869
2025-08-12T13:47:44Z	24225.00000	1555.05384	1538.02763	1524.94824
2025-08-12T13:47:44Z	24225.00000	1555.05447	1538.02727	1524.94856
2025-08-12T13:47:44Z	24225.00000	1555.05397	1538.02561	1524.94832
2025-08-12T13:47:44Z	24225.00000	1555.05365	1538.02663	1524.94760
2025-08-12T13:47:44Z	24226.00000	1555.05475	1538.02648	1524.94886
2025-08-12T13:47:44Z	24226.00000	1555.05418	1538.02613	1524.94875
2025-08-12T13:47:44Z	24226.00000	1555.05478	1538.02780	1524.94854
2025-08-12T13:47:44Z	24226.00000	1555.05435	1538.02696	1524.94897
2025-08-12T13:47:44Z	24226.00000	1555.05356	1538.02695	1524.94847
2025-08-12T13:47:45Z	24226.00000	1555.05363	1538.02626	1524.94862
2025-08-12T13:47:45Z	24226.00000	1555.05431	1538.02643	1524.94869
2025-08-12T13:47:45Z	24226.00000	1555.05362	1538.02596	1524.94903
2025-08-12T13:47:45Z	24226.00000	1555.05428	1538.02547	1524.94891
2025-08-12T13:47:45Z	24226.00000	1555.05374	1538.02706	1524.94864
2025-08-12T13:47:45Z	24227.00000	1555.05476	1538.02621	1524.94908
2025-08-12T13:47:45Z	24227.00000	1555.05433	1538.02621	1524.94889
2025-08-12T13:47:45Z	24227.00000	1555.05458	1538.02626	1524.94873
2025-08-12T13:47:45Z	24227.00000	1555.05390	1538.02574	1524.94870
2025-08-12T13:47:45Z	24227.00000	1555.05411	1538.02601	1524.94819
2025-08-12T13:47:46Z	24227.00000	1555.05376	1538.02598	1524.94838
2025-08-12T13:47:46Z	24227.00000	1555.05383	1538.02609	1524.94826
2025-08-12T13:47:46Z	24227.00000	1555.05368	1538.02586	1524.94853
2025-08-12T13:47:46Z	24227.00000	1555.05422	1538.02476	1524.94815
2025-08-12T13:47:46Z	24228.00000	1555.05300	1538.02664	1524.94866
2025-08-12T13:47:46Z	24228.00000	1555.05379	1538.02750	1524.94895
2025-08-12T13:47:46Z	24228.00000	1555.05417	1538.02440	1524.94870
2025-08-12T13:47:46Z	24228.00000	1555.05428	1538.02421	1524.94855
2025-08-12T13:47:47Z	24228.00000	1555.05417	1538.02507	1524.94820
2025-08-12T13:47:47Z	24228.00000	1555.05414	1538.02618	1524.94849
2025-08-12T13:47:47Z	24228.00000	1555.05363	1538.02528	1524.94834
2025-08-12T13:47:47Z	24228.00000	1555.05390	1538.02562	1524.94880
2025-08-12T13:47:47Z	24228.00000	1555.05378	1538.02507	1524.94867
2025-08-12T13:47:47Z	24229.00000	1555.05396	1538.02480	1524.94839
2025-08-12T13:47:47Z	24229.00000	1555.05314	1538.02475	1524.94838
2025-08-12T13:47:47Z	24229.00000	1555.05412	1538.02638	1524.94873
2025-08-12T13:47:47Z	24229.00000	1555.05350	1538.02518	1524.94844
2025-08-12T13:47:48Z	24229.00000	1555.05331	1538.02558	1524.94863
2025-08-12T13:47:48Z	24229.00000	1555.05410	1538.02527	1524.94890
2025-08-12T13:47:48Z	24229.00000	1555.05375	1538.02449	1524.94837
2025-08-12T13:47:48Z	24229.00000	1555.05352	1538.02566	1524.94870
2025-08-12T13:47:48Z	24230.00000	1555.05361	1538.02538	1524.94816
2025-08-12T13:47:48Z	24230.00000	1555.05395	1538.02595	1524.94819
2025-08-12T13:47:48Z	24230.00000	1555.05406	1538.02532	1524.94810
2025-08-12T13:47:48Z	24230.00000	1555.05361	1538.02503	1524.94874
2025-08-12T13:47:48Z	24230.00000	1555.05420	1538.02481	1524.94895
2025-08-12T13:47:48Z	24230.00000	1555.05304	1538.02585	1524.94841
2025-08-12T13:47:49Z	24230.00000	1555.05218	1538.02583	1524.94851
2025-08-12T13:47:49Z	24230.00000	1555.05390	1538.02294	1524.94868
2025-08-12T13:47:49Z	24230.00000	1555.05350	1538.02527	1524.94871
2025-08-12T13:47:49Z	24230.00000	1555.05312	1538.02564	1524.94881
2025-08-12T13:47:49Z	24231.00000	1555.05289	1538.02491	1524.94883
2025-08-12T13:47:49Z	24231.00000	1555.05353	1538.02587	1524.94830
2025-08-12T13:47:49Z	24231.00000	1555.05396	1538.02505	1524.94893
2025-08-12T13:47:49Z	24231.00000	1555.05351	1538.02507	1524.94859
2025-08-12T13:47:49Z	24231.00000	1555.05358	1538.02528	1524.94899
2025-08-12T13:47:49Z	24231.00000	1555.05324	1538.02510	1524.94788
2025-08-12T13:47:50Z	24231.00000	1555.05334	1538.02406	1524.94808
2025-08-12T13:47:50Z	24231.00000	1555.05353	1538.02493	1524.94939
2025-08-12T13:47:50Z	24231.00000	1555.05319	1538.02508	1524.94836
2025-08-12T13:47:50Z	24231.00000	1555.05334	1538.02532	1524.94868
2025-08-12T13:47:50Z	24232.00000	1555.05395	1538.02458	1524.94877
2025-08-12T13:47:50Z	24232.00000	1555.05326	1538.02299	1524.94870
2025-08-12T13:47:50Z	24232.00000	1555.05356	1538.02423	1524.94797
2025-08-12T13:47:50Z	24232.00000	1555.05353	1538.02225	1524.94828
2025-08-12T13:47:51Z	24232.00000	1555.05210	1538.02354	1524.94845
2025-08-12T13:47:51Z	24232.00000	1555.05359	1538.02441	1524.94895
2025-08-12T13:47:51Z	24232.00000	1555.05381	1538.02389	1524.94797
2025-08-12T13:47:51Z	24232.00000	1555.05333	1538.02501	1524.94882
2025-08-12T13:47:51Z	24233.00000	1555.05313	1538.02387	1524.94947
2025-08-12T13:47:51Z	24233.00000	1555.05272	1538.02279	1524.94842
2025-08-12T13:47:51Z	24233.00000	1555.05340	1538.02472	1524.94863
2025-08-12T13:47:51Z	24233.00000	1555.05365	1538.02444	1524.94867
2025-08-12T13:47:51Z	24233.00000	1555.05360	1538.02321	1524.94802
2025-08-12T13:47:52Z	24233.00000	1555.05248	1538.02405	1524.94832
2025-08-12T13:47:52Z	24233.00000	1555.05362	1538.02540	1524.94888
2025-08-12T13:47:52Z	24233.00000	1555.05373	1538.02309	1524.94877
2025-08-12T13:47:52Z	24233.00000	1555.05227	1538.02392	1524.94823
2025-08-12T13:47:52Z	24234.00000	1555.05314	1538.02553	1524.94860
2025-08-12T13:47:52Z	24234.00000	1555.05318	1538.02401	1524.94883
2025-08-12T13:47:52Z	24234.00000	1555.05357	1538.02475	1524.94841
2025-08-12T13:47:52Z	24234.00000	1555.05293	1538.02425	1524.94929
2025-08-12T13:47:52Z	24234.00000	1555.05300	1538.02523	1524.94881
2025-08-12T13:47:52Z	24234.00000	1555.05315	1538.02432	1524.94865
2025-08-12T13:47:53Z	24234.00000	1555.05327	1538.02363	1524.94891
2025-08-12T13:47:53Z	24234.00000	1555.05309	1538.02360	1524.94839
2025-08-12T13:47:53Z	24234.00000	1555.05269	1538.02369	1524.94865
2025-08-12T13:47:53Z	24234.00000	1555.05320	1538.02204	1524.94830
2025-08-12T13:47:53Z	24235.00000	1555.05270	1538.02179	1524.94923
2025-08-12T13:47:53Z	24235.00000	1555.05252	1538.02299	1524.94851
2025-08-12T13:47:53Z	24235.00000	1555.05373	1538.02490	1524.94885
2025-08-12T13:47:53Z	24235.00000	1555.05320	1538.02426	1524.94868
2025-08-12T13:47:53Z	24235.00000	1555.05254	1538.02419	1524.94848
2025-08-12T13:47:53Z	24235.00000	1555.05325	1538.02456	1524.94870
2025-08-12T13:47:54Z	24235.00000	1555.05260	1538.02290	1524.94857
2025-08-12T13:47:54Z	24235.00000	1555.05290	1538.02354	1524.94832
2025-08-12T13:47:54Z	24235.00000	1555.05312	1538.02355	1524.94852
2025-08-12T13:47:54Z	24235.00000	1555.05320	1538.02364	1524.94866
2025-08-12T13:47:54Z	24236.00000	1555.05271	1538.02228	1524.94903
2025-08-12T13:47:54Z	24236.00000	1555.05299	1538.02377	1524.94913
2025-08-12T13:47:54Z	24236.00000	1555.05165	1538.02243	1524.94838
2025-08-12T13:47:54Z	24236.00000	1555.05261	1538.02281	1524.94885
2025-08-12T13:47:54Z	24236.00000	1555.05267	1538.02283	1524.94840
2025-08-12T13:47:54Z	24236.00000	1555.05229	1538.02238	1524.94862
2025-08-12T13:47:55Z	24236.00000	1555.05254	1538.02372	1524.94778
2025-08-12T13:47:55Z	24236.00000	1555.05315	1538.02241	1524.94903
2025-08-12T13:47:55Z	24236.00000	1555.05257	1538.02247	1524.94859
2025-08-12T13:47:55Z	24236.00000	1555.05328	1538.02195	1524.94856
2025-08-12T13:47:55Z	24237.00000	1555.05338	1538.02366	1524.94857
2025-08-12T13:47:55Z	24237.00000	1555.05315	1538.02304	1524.94891
2025-08-12T13:47:55Z	24237.00000	1555.05285	1538.02326	1524.94878
2025-08-12T13:47:55Z	24237.00000	1555.05231	1538.02382	1524.94876
2025-08-12T13:47:55Z	24237.00000	1555.05303	1538.02305	1524.94873
2025-08-12T13:47:55Z	24237.00000	1555.05277	1538.02284	1524.94846
2025-08-12T13:47:56Z	24237.00000	1555.05338	1538.02469	1524.94842
2025-08-12T13:47:56Z	24237.00000	1555.05231	1538.02455	1524.94874
2025-08-12T13:47:56Z	24237.00000	1555.05291	1538.02349	1524.94876
2025-08-12T13:47:56Z	24237.00000	1555.05269	1538.02354	1524.94904
2025-08-12T13:47:56Z	24238.00000	1555.05154	1538.02292	1524.94876
2025-08-12T13:47:56Z	24238.00000	1555.05205	1538.02229	1524.94921
2025-08-12T13:47:56Z	24238.00000	1555.05161	1538.02185	1524.94889
2025-08-12T13:47:56Z	24238.00000	1555.05251	1538.02305	1524.94847
2025-08-12T13:47:56Z	24238.00000	1555.05274	1538.02410	1524.94898
2025-08-12T13:47:56Z	24238.00000	1555.05221	1538.02292	1524.94905
2025-08-12T13:47:57Z	24238.00000	1555.05191	1538.02352	1524.94886
2025-08-12T13:47:57Z	24238.00000	1555.05207	1538.02119	1524.94904
2025-08-12T13:47:57Z	24238.00000	1555.05201	1538.02257	1524.94845
2025-08-12T13:47:57Z	24238.00000	1555.05268	1538.02252	1524.94804
2025-08-12T13:47:57Z	24239.00000	1555.05271	1538.02263	1524.94929
2025-08-12T13:47:57Z	24239.00000	1555.05192	1538.02181	1524.94874
2025-08-12T13:47:57Z	24239.00000	1555.05221	1538.02045	1524.94898
2025-08-12T13:47:57Z	24239.00000	1555.05317	1538.02201	1524.94916
2025-08-12T13:47:57Z	24239.00000	1555.05219	1538.02308	1524.94802
2025-08-12T13:47:57Z	24239.00000	1555.05197	1538.02291	1524.94801
2025-08-12T13:47:58Z	24239.00000	1555.05278	1538.02229	1524.94889
2025-08-12T13:47:58Z	24239.00000	1555.05258	1538.02270	1524.94792
2025-08-12T13:47:58Z	24239.00000	1555.05197	1538.02303	1524.94845
2025-08-12T13:47:58Z	24239.00000	1555.05119	1538.02250	1524.94911
2025-08-12T13:47:58Z	24240.00000	1555.05263	1538.02231	1524.94843
2025-08-12T13:47:58Z	24240.00000	1555.05229	1538.02364	1524.94898
2025-08-12T13:47:58Z	24240.00000	1555.05181	1538.02151	1524.94893
2025-08-12T13:47:58Z	24240.00000	1555.05195	1538.02273	1524.94809
2025-08-12T13:47:58Z	24240.00000	1555.05181	1538.02279	1524.94843
2025-08-12T13:47:58Z	24240.00000	1555.05158	1538.02084	1524.94911
2025-08-12T13:47:59Z	24240.00000	1555.05224	1538.02073	1524.94845
2025-08-12T13:47:59Z	24240.00000	1555.05211	1538.02157	1524.94892
2025-08-12T13:47:59Z	24240.00000	1555.05193	1538.02139	1524.94883
2025-08-12T13:47:59Z	24240.00000	1555.05192	1538.02087	1524.94861
2025-08-12T13:47:59Z	24240.00000	1555.05193	1538.02278	1524.94813
2025-08-12T13:47:59Z	24241.00000	1555.05187	1538.02256	1524.94848
2025-08-12T13:47:59Z	24241.00000	1555.05278	1538.02143	1524.94817
2025-08-12T13:47:59Z	24241.00000	1555.05202	1538.02178	1524.94927
2025-08-12T13:47:59Z	24241.00000	1555.05182	1538.02042	1524.94905
2025-08-12T13:47:59Z	24241.00000	1555.05172	1538.02230	1524.94793
2025-08-12T13:48:00Z	24241.00000	1555.05224	1538.02170	1524.94913
2025-08-12T13:48:00Z	24241.00000	1555.05199	1538.02091	1524.94890
2025-08-12T13:48:00Z	24241.00000	1555.05215	1538.02093	1524.94868
2025-08-12T13:48:00Z	24241.00000	1555.05191	1538.02180	1524.94882
2025-08-12T13:48:00Z	24241.00000	1555.05310	1538.02249	1524.94915
2025-08-12T13:48:00Z	24242.00000	1555.05204	1538.02113	1524.94808
2025-08-12T13:48:00Z	24242.00000	1555.05260	1538.02260	1524.94822
2025-08-12T13:48:00Z	24242.00000	1555.05242	1538.02253	1524.94929
2025-08-12T13:48:00Z	24242.00000	1555.05148	1538.02047	1524.94882
2025-08-12T13:48:00Z	24242.00000	1555.05104	1538.02169	1524.94850
2025-08-12T13:48:01Z	24242.00000	1555.05212	1538.02042	1524.94934
2025-08-12T13:48:01Z	24242.00000	1555.05268	1538.02051	1524.94885
2025-08-12T13:48:01Z	24242.00000	1555.05171	1538.01992	1524.94891
2025-08-12T13:48:01Z	24242.00000	1555.05244	1538.02140	1524.94835
2025-08-12T13:48:01Z	24243.00000	1555.05245	1538.02213	1524.94946
2025-08-12T13:48:01Z	24243.00000	1555.05189	1538.02001	1524.94872
2025-08-12T13:48:01Z	24243.00000	1555.05200	1538.02137	1524.94852
2025-08-12T13:48:01Z	24243.00000	1555.05173	1538.02014	1524.94898
2025-08-12T13:48:01Z	24243.00000	1555.05165	1538.02088	1524.94876
2025-08-12T13:48:01Z	24243.00000	1555.05215	1538.02006	1524.94876
2025-08-12T13:48:02Z	24243.00000	1555.05210	1538.02291	1524.94919
2025-08-12T13:48:02Z	24243.00000	1555.05185	1538.01902	1524.94842
2025-08-12T13:48:02Z	24243.00000	1555.05147	1538.02160	1524.94893
2025-08-12T13:48:02Z	24243.00000	1555.05150	1538.02058	1524.94865
2025-08-12T13:48:02Z	24244.00000	1555.05168	1538.02077	1524.94891
2025-08-12T13:48:02Z	24244.00000	1555.05232	1538.02210	1524.94932
2025-08-12T13:48:02Z	24244.00000	1555.05239	1538.02098	1524.94904
2025-08-12T13:48:02Z	24244.00000	1555.05193	1538.01993	1524.94908
2025-08-12T13:48:02Z	24244.00000	1555.05250	1538.02190	1524.94875
2025-08-12T13:48:02Z	24244.00000	1555.05116	1538.02320	1524.94779
2025-08-12T13:48:03Z	24244.00000	1555.05165	1538.02086	1524.94848
2025-08-12T13:48:03Z	24244.00000	1555.05167	1538.02127	1524.94858
2025-08-12T13:48:03Z	24244.00000	1555.05212	1538.02090	1524.94800
2025-08-12T13:48:03Z	24244.00000	1555.05152	1538.02187	1524.94842
2025-08-12T13:48:03Z	24245.00000	1555.05111	1538.02120	1524.94886
2025-08-12T13:48:03Z	24245.00000	1555.05141	1538.02132	1524.94814
2025-08-12T13:48:03Z	24245.00000	1555.05190	1538.02174	1524.94897
2025-08-12T13:48:03Z	24245.00000	1555.05149	1538.02122	1524.94793
2025-08-12T13:48:03Z	24245.00000	1555.05192	1538.02096	1524.94923
2025-08-12T13:48:03Z	24245.00000	1555.05220	1538.02173	1524.94861
2025-08-12T13:48:04Z	24245.00000	1555.05113	1538.02195	1524.94843
2025-08-12T13:48:04Z	24245.00000	1555.05157	1538.02053	1524.94831
2025-08-12T13:48:04Z	24245.00000	1555.05166	1538.01887	1524.94858
2025-08-12T13:48:04Z	24246.00000	1555.30805	1538.45101	1524.93988
2025-08-12T13:48:04Z	24246.00000	1555.54191	1538.86788	1524.94528
2025-08-12T13:48:04Z	24246.00000	1555.65611	1539.07495	1524.95082
2025-08-12T13:48:04Z	24246.00000	1555.76005	1539.26145	1524.95281
2025-08-12T13:48:05Z	24246.00000	1555.85490	1539.42117	1524.95290
2025-08-12T13:48:05Z	24246.00000	1555.92929	1539.55493	1524.95449
2025-08-12T13:48:05Z	24246.00000	1556.05020	1539.76780	1524.95478
2025-08-12T13:48:05Z	24246.00000	1556.12415	1539.89747	1524.95399
2025-08-12T13:48:05Z	24247.00000	1556.17782	1539.99341	1524.95638
2025-08-12T13:48:05Z	24247.00000	1556.24047	1540.10276	1524.95664
2025-08-12T13:48:05Z	24247.00000	1556.30207	1540.20093	1524.95618
2025-08-12T13:48:05Z	24247.00000	1556.35412	1540.28442	1524.95588
2025-08-12T13:48:05Z	24247.00000	1556.38623	1540.33854	1524.95759
2025-08-12T13:48:05Z	24247.00000	1556.42266	1540.40772	1524.95761
2025-08-12T13:48:06Z	24247.00000	1556.46511	1540.46573	1524.95793
2025-08-12T13:48:06Z	24247.00000	1556.49278	1540.51419	1524.95964
2025-08-12T13:48:06Z	24247.00000	1556.52730	1540.57503	1524.96002
2025-08-12T13:48:06Z	24247.00000	1556.54876	1540.61384	1524.96041
2025-08-12T13:48:06Z	24248.00000	1556.56689	1540.64150	1524.96004
2025-08-12T13:48:06Z	24248.00000	1556.60166	1540.69843	1524.96149
2025-08-12T13:48:06Z	24248.00000	1556.62352	1540.73555	1524.96144
2025-08-12T13:48:06Z	24248.00000	1556.63639	1540.75973	1524.96279
2025-08-12T13:48:06Z	24248.00000	1556.65006	1540.77926	1524.96176
2025-08-12T13:48:07Z	24248.00000	1556.65973	1540.79811	1524.96253
2025-08-12T13:48:07Z	24248.00000	1556.66926	1540.81229	1524.96355
2025-08-12T13:48:07Z	24248.00000	1556.67658	1540.82521	1524.96415
2025-08-12T13:48:07Z	24249.00000	1556.68682	1540.83678	1524.96390
2025-08-12T13:48:07Z	24249.00000	1556.69162	1540.84204	1524.96337
2025-08-12T13:48:07Z	24249.00000	1556.69453	1540.84728	1524.96408
2025-08-12T13:48:07Z	24249.00000	1556.69920	1540.85591	1524.96397
2025-08-12T13:48:07Z	24249.00000	1556.70023	1540.86035	1524.96544
2025-08-12T13:48:08Z	24249.00000	1556.01320	1539.70270	1524.93806
2025-08-12T13:48:08Z	24249.00000	1555.16637	1538.24777	1524.97552
2025-08-12T13:48:08Z	24249.00000	1555.07555	1538.07066	1524.96144
2025-08-12T13:48:08Z	24250.00000	1555.06806	1538.05663	1524.94961
2025-08-12T13:48:08Z	24250.00000	1555.06769	1538.05502	1524.95217
2025-08-12T13:48:08Z	24250.00000	1555.06658	1538.05197	1524.94985
2025-08-12T13:48:08Z	24250.00000	1555.06407	1538.04831	1524.94920
2025-08-12T13:48:08Z	24250.00000	1555.06428	1538.04974	1524.94968
2025-08-12T13:48:08Z	24250.00000	1555.06325	1538.04745	1524.95074
2025-08-12T13:48:09Z	24250.00000	1555.06159	1538.04610	1524.94996
2025-08-12T13:48:09Z	24250.00000	1555.06274	1538.04296	1524.94898
2025-08-12T13:48:09Z	24250.00000	1555.06089	1538.04148	1524.94905
2025-08-12T13:48:09Z	24250.00000	1555.06102	1538.04271	1524.94911
2025-08-12T13:48:09Z	24250.00000	1555.06062	1538.04069	1524.94847
2025-08-12T13:48:09Z	24251.00000	1555.06013	1538.03995	1524.94861
2025-08-12T13:48:09Z	24251.00000	1555.06042	1538.03914	1524.94932
2025-08-12T13:48:09Z	24251.00000	1555.06012	1538.03984	1524.94909
2025-08-12T13:48:09Z	24251.00000	1555.05815	1538.03755	1524.94639
2025-08-12T13:48:10Z	24251.00000	1555.05863	1538.03642	1524.94821
2025-08-12T13:48:10Z	24251.00000	1555.05924	1538.03770	1524.94964
2025-08-12T13:48:10Z	24251.00000	1555.05945	1538.03709	1524.94947
2025-08-12T13:48:10Z	24251.00000	1555.05847	1538.03676	1524.94920
2025-08-12T13:48:10Z	24251.00000	1555.05797	1538.03650	1524.94891
2025-08-12T13:48:10Z	24252.00000	1555.05846	1538.03665	1524.94876
2025-08-12T13:48:10Z	24252.00000	1555.05803	1538.03504	1524.94959
2025-08-12T13:48:10Z	24252.00000	1555.05825	1538.03463	1524.94818
2025-08-12T13:48:10Z	24252.00000	1555.05721	1538.03564	1524.94871
2025-08-12T13:48:10Z	24252.00000	1555.05789	1538.03517	1524.94820
2025-08-12T13:48:11Z	24252.00000	1555.05803	1538.03471	1524.94858
2025-08-12T13:48:11Z	24252.00000	1555.05751	1538.03412	1524.94894
2025-08-12T13:48:11Z	24252.00000	1555.05761	1538.03399	1524.94929
2025-08-12T13:48:11Z	24253.00000	1555.05637	1538.03373	1524.94835
2025-08-12T13:48:11Z	24253.00000	1555.05680	1538.03226	1524.94905
2025-08-12T13:48:11Z	24253.00000	1555.05651	1538.03393	1524.94919
2025-08-12T13:48:11Z	24253.00000	1555.05671	1538.03140	1524.94823
2025-08-12T13:48:11Z	24253.00000	1555.05671	1538.03224	1524.94852
2025-08-12T13:48:12Z	24253.00000	1555.05610	1538.03207	1524.94899
2025-08-12T13:48:12Z	24253.00000	1555.05715	1538.03182	1524.94935
2025-08-12T13:48:12Z	24253.00000	1555.05611	1538.03054	1524.94919
2025-08-12T13:48:12Z	24254.00000	1555.05590	1538.03093	1524.94922
2025-08-12T13:48:12Z	24254.00000	1555.05542	1538.03073	1524.94841
2025-08-12T13:48:12Z	24254.00000	1555.05580	1538.03137	1524.94876
2025-08-12T13:48:12Z	24254.00000	1555.05646	1538.03072	1524.94883
2025-08-12T13:48:12Z	24254.00000	1555.05535	1538.03145	1524.94784
2025-08-12T13:48:13Z	24254.00000	1555.05530	1538.03007	1524.94873
2025-08-12T13:48:13Z	24254.00000	1555.05556	1538.03048	1524.94870
2025-08-12T13:48:13Z	24254.00000	1555.13196	1538.18465	1524.95190
2025-08-12T13:48:13Z	24254.00000	1555.29005	1538.44237	1524.96188
2025-08-12T13:48:13Z	24255.00000	1555.42545	1538.67173	1524.95162
2025-08-12T13:48:13Z	24255.00000	1555.53482	1538.85652	1524.95691
2025-08-12T13:48:13Z	24255.00000	1555.64905	1539.05606	1524.95242
2025-08-12T13:48:13Z	24255.00000	1555.72455	1539.19383	1524.94732
2025-08-12T13:48:13Z	24255.00000	1555.82478	1539.36670	1524.94998
2025-08-12T13:48:14Z	24255.00000	1555.95163	1539.58484	1524.95176
2025-08-12T13:48:14Z	24255.00000	1556.03067	1539.73185	1524.95219
2025-08-12T13:48:14Z	24255.00000	1556.15191	1539.93981	1524.95496
2025-08-12T13:48:14Z	24255.00000	1556.20701	1540.03961	1524.95529
2025-08-12T13:48:14Z	24256.00000	1556.26598	1540.13561	1524.95535
2025-08-12T13:48:14Z	24256.00000	1556.31531	1540.21980	1524.95644
2025-08-12T13:48:14Z	24256.00000	1556.35862	1540.29224	1524.95579
2025-08-12T13:48:14Z	24256.00000	1556.40445	1540.37232	1524.95613
2025-08-12T13:48:14Z	24256.00000	1556.43808	1540.43189	1524.95704
2025-08-12T13:48:15Z	24256.00000	1556.47513	1540.47707	1524.95895
2025-08-12T13:48:15Z	24256.00000	1556.50816	1540.54175	1524.96018
2025-08-12T13:48:15Z	24256.00000	1556.53325	1540.58315	1524.96043
2025-08-12T13:48:15Z	24257.00000	1556.57743	1540.65189	1524.96075
2025-08-12T13:48:15Z	24257.00000	1556.59738	1540.68641	1524.96158
2025-08-12T13:48:15Z	24257.00000	1556.61380	1540.72420	1524.96184
2025-08-12T13:48:15Z	24257.00000	1556.63090	1540.74750	1524.96163
2025-08-12T13:48:15Z	24257.00000	1556.64668	1540.76983	1524.96240
2025-08-12T13:48:16Z	24257.00000	1556.66711	1540.80592	1524.96374
2025-08-12T13:48:16Z	24257.00000	1556.67405	1540.81494	1524.96323
2025-08-12T13:48:16Z	24257.00000	1556.68156	1540.82618	1524.96347
2025-08-12T13:48:16Z	24257.00000	1556.68829	1540.84144	1524.96420
2025-08-12T13:48:16Z	24257.00000	1556.69266	1540.84542	1524.96403
2025-08-12T13:48:16Z	24258.00000	1556.69809	1540.85220	1524.96380
2025-08-12T13:48:16Z	24258.00000	1556.70061	1540.85559	1524.96458
2025-08-12T13:48:16Z	24258.00000	1556.70201	1540.86042	1524.96425
2025-08-12T13:48:16Z	24258.00000	1556.70409	1540.86613	1524.96449
2025-08-12T13:48:17Z	24258.00000	1556.70369	1540.86488	1524.96736
2025-08-12T13:48:17Z	24258.00000	1555.13419	1538.15081	1524.94745
2025-08-12T13:48:17Z	24258.00000	1555.07312	1538.06769	1524.95571
2025-08-12T13:48:17Z	24259.00000	1555.07309	1538.06090	1524.94978
2025-08-12T13:48:17Z	24259.00000	1555.06988	1538.05839	1524.95114
2025-08-12T13:48:17Z	24259.00000	1555.06813	1538.05403	1524.94813
2025-08-12T13:48:17Z	24259.00000	1555.06740	1538.05252	1524.94930
2025-08-12T13:48:17Z	24259.00000	1555.06566	1538.05049	1524.94879
2025-08-12T13:48:18Z	24259.00000	1555.06542	1538.04962	1524.94923
2025-08-12T13:48:18Z	24259.00000	1555.06416	1538.04953	1524.94975
2025-08-12T13:48:18Z	24259.00000	1555.06370	1538.04796	1524.94974
2025-08-12T13:48:18Z	24259.00000	1555.06242	1538.04584	1524.94957
2025-08-12T13:48:18Z	24259.00000	1555.06242	1538.04530	1524.94928
2025-08-12T13:48:18Z	24260.00000	1555.06194	1538.04431	1524.94933
2025-08-12T13:48:18Z	24260.00000	1555.06061	1538.04233	1524.94817
2025-08-12T13:48:18Z	24260.00000	1555.06228	1538.04276	1524.94948
2025-08-12T13:48:18Z	24260.00000	1555.06140	1538.04298	1524.95018
2025-08-12T13:48:19Z	24260.00000	1555.06082	1538.04262	1524.94953
2025-08-12T13:48:19Z	24260.00000	1555.06041	1538.04104	1524.94932
2025-08-12T13:48:19Z	24260.00000	1555.06100	1538.04232	1524.94907
2025-08-12T13:48:19Z	24260.00000	1555.06005	1538.03879	1524.94849
2025-08-12T13:48:19Z	24261.00000	1555.06004	1538.03770	1524.94926
2025-08-12T13:48:19Z	24261.00000	1555.06022	1538.03867	1524.94868
2025-08-12T13:48:19Z	24261.00000	1555.05929	1538.03824	1524.94947
2025-08-12T13:48:20Z	24261.00000	1555.05932	1538.03849	1524.94955
2025-08-12T13:48:20Z	24261.00000	1555.05914	1538.03928	1524.94902
2025-08-12T13:48:20Z	24261.00000	1555.05898	1538.03656	1524.94893
2025-08-12T13:48:20Z	24261.00000	1555.05858	1538.03592	1524.94921
2025-08-12T13:48:20Z	24261.00000	1555.05860	1538.03674	1524.94886
2025-08-12T13:48:20Z	24262.00000	1555.05819	1538.03703	1524.94910
2025-08-12T13:48:20Z	24262.00000	1555.05858	1538.03656	1524.94901
2025-08-12T13:48:20Z	24262.00000	1555.05883	1538.03575	1524.94881
2025-08-12T13:48:20Z	24262.00000	1555.05818	1538.03669	1524.94820
2025-08-12T13:48:20Z	24262.00000	1555.05759	1538.03452	1524.94905
2025-08-12T13:48:21Z	24262.00000	1555.05785	1538.03563	1524.94896
2025-08-12T13:48:21Z	24262.00000	1555.05776	1538.03391	1524.94866
2025-08-12T13:48:21Z	24262.00000	1555.05721	1538.03468	1524.94897
2025-08-12T13:48:21Z	24262.00000	1555.05809	1538.03361	1524.94847
2025-08-12T13:48:21Z	24263.00000	1555.05737	1538.03374	1524.94921
2025-08-12T13:48:21Z	24263.00000	1555.05679	1538.03396	1524.94845
2025-08-12T13:48:21Z	24263.00000	1555.05779	1538.03364	1524.94909
2025-08-12T13:48:21Z	24263.00000	1555.05710	1538.03342	1524.94926
2025-08-12T13:48:22Z	24263.00000	1555.05736	1538.03370	1524.94839
2025-08-12T13:48:22Z	24263.00000	1555.05797	1538.03281	1524.94854
2025-08-12T13:48:22Z	24263.00000	1555.05770	1538.03266	1524.94897
2025-08-12T13:48:22Z	24263.00000	1555.13314	1538.18435	1524.95949
2025-08-12T13:48:22Z	24264.00000	1555.29370	1538.44708	1524.96226
2025-08-12T13:48:22Z	24264.00000	1555.40949	1538.64416	1524.95253
2025-08-12T13:48:22Z	24264.00000	1555.53637	1538.85936	1524.95665
2025-08-12T13:48:22Z	24264.00000	1555.62114	1539.00621	1524.94907
2025-08-12T13:48:22Z	24264.00000	1555.72670	1539.19719	1524.94838
2025-08-12T13:48:22Z	24264.00000	1555.82783	1539.37574	1524.94905
2025-08-12T13:48:23Z	24264.00000	1555.98893	1539.65927	1524.95017
2025-08-12T13:48:23Z	24264.00000	1556.04330	1539.75045	1524.95337
2025-08-12T13:48:23Z	24264.00000	1556.10469	1539.86092	1524.95218
2025-08-12T13:48:23Z	24265.00000	1556.16344	1539.95835	1524.95433
2025-08-12T13:48:23Z	24265.00000	1556.22573	1540.07334	1524.95365
2025-08-12T13:48:23Z	24265.00000	1556.28669	1540.17474	1524.95564
2025-08-12T13:48:23Z	24265.00000	1556.32286	1540.23420	1524.95789
2025-08-12T13:48:23Z	24265.00000	1556.37293	1540.31572	1524.95784
2025-08-12T13:48:23Z	24265.00000	1556.41231	1540.38556	1524.95804
2025-08-12T13:48:24Z	24265.00000	1556.46642	1540.46945	1524.95928
2025-08-12T13:48:24Z	24265.00000	1556.50708	1540.54017	1524.95970
2025-08-12T13:48:24Z	24265.00000	1556.52865	1540.57560	1524.96023
2025-08-12T13:48:24Z	24265.00000	1556.55425	1540.61960	1524.95955
2025-08-12T13:48:24Z	24266.00000	1556.57467	1540.64553	1524.96014
2025-08-12T13:48:24Z	24266.00000	1556.60878	1540.71689	1524.96147
2025-08-12T13:48:24Z	24266.00000	1556.64138	1540.76110	1524.96165
2025-08-12T13:48:24Z	24266.00000	1556.65155	1540.77887	1524.96234
2025-08-12T13:48:25Z	24266.00000	1556.66245	1540.79849	1524.96333
2025-08-12T13:48:25Z	24266.00000	1556.67985	1540.82481	1524.96296
2025-08-12T13:48:25Z	24266.00000	1556.68715	1540.83141	1524.96374
2025-08-12T13:48:25Z	24267.00000	1556.69172	1540.84012	1524.96344
2025-08-12T13:48:25Z	24267.00000	1556.69585	1540.84620	1524.96275
2025-08-12T13:48:25Z	24267.00000	1556.69762	1540.85144	1524.96378
2025-08-12T13:48:25Z	24267.00000	1556.70191	1540.85518	1524.96267
2025-08-12T13:48:25Z	24267.00000	1556.70384	1540.86338	1524.96330
2025-08-12T13:48:25Z	24267.00000	1556.70593	1540.86692	1524.96400
2025-08-12T13:48:26Z	24267.00000	1556.70680	1540.87081	1524.96442
2025-08-12T13:48:26Z	24267.00000	1556.70870	1540.87416	1524.96375
2025-08-12T13:48:26Z	24267.00000	1555.24289	1538.36507	1524.96355
2025-08-12T13:48:26Z	24267.00000	1555.07151	1538.06496	1524.94220
2025-08-12T13:48:26Z	24268.00000	1555.07162	1538.06238	1524.94806
2025-08-12T13:48:26Z	24268.00000	1555.07299	1538.06284	1524.95096
2025-08-12T13:48:26Z	24268.00000	1555.06903	1538.05692	1524.94843
2025-08-12T13:48:26Z	24268.00000	1555.06801	1538.05543	1524.94942
2025-08-12T13:48:27Z	24268.00000	1555.06751	1538.05285	1524.94957
2025-08-12T13:48:27Z	24268.00000	1555.06675	1538.05245	1524.94937
2025-08-12T13:48:27Z	24268.00000	1555.06598	1538.05089	1524.94943
2025-08-12T13:48:27Z	24268.00000	1555.06519	1538.04961	1524.94946
2025-08-12T13:48:27Z	24268.00000	1555.06506	1538.04966	1524.94962
2025-08-12T13:48:27Z	24269.00000	1555.06435	1538.04809	1524.94867
2025-08-12T13:48:27Z	24269.00000	1555.06336	1538.04703	1524.94930
2025-08-12T13:48:27Z	24269.00000	1555.06341	1538.04523	1524.95019
2025-08-12T13:48:27Z	24269.00000	1555.06412	1538.04696	1524.94964
2025-08-12T13:48:27Z	24269.00000	1555.06151	1538.04355	1524.94652
2025-08-12T13:48:28Z	24269.00000	1555.06269	1538.04425	1524.95005
2025-08-12T13:48:28Z	24269.00000	1555.06144	1538.04290	1524.94845
2025-08-12T13:48:28Z	24269.00000	1555.06159	1538.04193	1524.94895
2025-08-12T13:48:28Z	24269.00000	1555.06095	1538.04252	1524.94909
2025-08-12T13:48:28Z	24270.00000	1555.06042	1538.04084	1524.94875
2025-08-12T13:48:28Z	24270.00000	1555.06139	1538.04162	1524.94954
2025-08-12T13:48:28Z	24270.00000	1555.06037	1538.04191	1524.94921
2025-08-12T13:48:28Z	24270.00000	1555.06084	1538.03997	1524.94889
2025-08-12T13:48:28Z	24270.00000	1555.06096	1538.03923	1524.94881
2025-08-12T13:48:28Z	24270.00000	1555.06088	1538.03973	1524.94935
2025-08-12T13:48:29Z	24270.00000	1555.05981	1538.03896	1524.94911
2025-08-12T13:48:29Z	24270.00000	1555.05953	1538.04017	1524.94902
2025-08-12T13:48:29Z	24270.00000	1555.06055	1538.03972	1524.94848
2025-08-12T13:48:29Z	24270.00000	1555.06001	1538.03941	1524.94905
2025-08-12T13:48:29Z	24271.00000	1555.05941	1538.03877	1524.94928
2025-08-12T13:48:29Z	24271.00000	1555.05981	1538.03694	1524.94917
2025-08-12T13:48:29Z	24271.00000	1555.05900	1538.03870	1524.94898
2025-08-12T13:48:29Z	24271.00000	1555.05912	1538.03756	1524.94885
2025-08-12T13:48:30Z	24271.00000	1555.05897	1538.03569	1524.94834
2025-08-12T13:48:30Z	24271.00000	1555.05838	1538.03631	1524.94907
2025-08-12T13:48:30Z	24271.00000	1555.05824	1538.03837	1524.94944
2025-08-12T13:48:30Z	24271.00000	1555.05905	1538.03818	1524.94889
2025-08-12T13:48:30Z	24271.00000	1555.05877	1538.03774	1524.94832
2025-08-12T13:48:30Z	24272.00000	1555.05839	1538.03650	1524.94869
2025-08-12T13:48:30Z	24272.00000	1555.05892	1538.03706	1524.94928
2025-08-12T13:48:30Z	24272.00000	1555.05751	1538.03548	1524.94792
2025-08-12T13:48:30Z	24272.00000	1555.05804	1538.03451	1524.94831
2025-08-12T13:48:30Z	24272.00000	1555.05813	1538.03496	1524.94879
2025-08-12T13:48:30Z	24272.00000	1555.05836	1538.03550	1524.94856
2025-08-12T13:48:31Z	24272.00000	1555.05798	1538.03573	1524.94887
2025-08-12T13:48:31Z	24272.00000	1555.05728	1538.03528	1524.94904
2025-08-12T13:48:31Z	24272.00000	1555.10332	1538.10973	1524.93817
2025-08-12T13:48:31Z	24272.00000	1555.21945	1538.32319	1524.96222
2025-08-12T13:48:31Z	24273.00000	1555.35251	1538.53953	1524.94134
2025-08-12T13:48:31Z	24273.00000	1555.46235	1538.73556	1524.94746
2025-08-12T13:48:31Z	24273.00000	1555.56584	1538.91799	1524.95488
2025-08-12T13:48:31Z	24273.00000	1555.68125	1539.11747	1524.95242
2025-08-12T13:48:31Z	24273.00000	1555.78475	1539.29718	1524.95072
2025-08-12T13:48:31Z	24273.00000	1555.86248	1539.44413	1524.95247
2025-08-12T13:48:32Z	24273.00000	1555.92644	1539.55078	1524.95087
2025-08-12T13:48:32Z	24273.00000	1556.00905	1539.69359	1524.95081
2025-08-12T13:48:32Z	24273.00000	1556.08282	1539.82796	1524.95199
2025-08-12T13:48:32Z	24273.00000	1556.13424	1539.91280	1524.95580
2025-08-12T13:48:32Z	24274.00000	1556.19918	1540.02803	1524.95513
2025-08-12T13:48:32Z	24274.00000	1556.25152	1540.11390	1524.95501
2025-08-12T13:48:32Z	24274.00000	1556.30277	1540.19938	1524.95471
2025-08-12T13:48:32Z	24274.00000	1556.34695	1540.27113	1524.95705
2025-08-12T13:48:32Z	24274.00000	1556.39551	1540.35849	1524.95668
2025-08-12T13:48:32Z	24274.00000	1556.43181	1540.42077	1524.95830
2025-08-12T13:48:33Z	24274.00000	1556.46772	1540.46936	1524.95855
2025-08-12T13:48:33Z	24274.00000	1556.49817	1540.51587	1524.95910
2025-08-12T13:48:33Z	24274.00000	1556.52898	1540.57635	1524.95870
2025-08-12T13:48:33Z	24274.00000	1556.55329	1540.61583	1524.95910
2025-08-12T13:48:33Z	24274.00000	1556.57373	1540.64693	1524.96007
2025-08-12T13:48:33Z	24275.00000	1556.59578	1540.68271	1524.96061
2025-08-12T13:48:33Z	24275.00000	1556.62515	1540.73432	1524.96133
2025-08-12T13:48:33Z	24275.00000	1556.65420	1540.78276	1524.96152
2025-08-12T13:48:34Z	24275.00000	1556.66283	1540.79857	1524.96332
2025-08-12T13:48:34Z	24275.00000	1556.67146	1540.81138	1524.96222
2025-08-12T13:48:34Z	24275.00000	1556.67957	1540.82085	1524.96259
2025-08-12T13:48:34Z	24275.00000	1556.68495	1540.82897	1524.96316
2025-08-12T13:48:34Z	24275.00000	1556.69226	1540.84143	1524.96392
2025-08-12T13:48:34Z	24276.00000	1556.69628	1540.84591	1524.96310
2025-08-12T13:48:34Z	24276.00000	1556.69895	1540.85207	1524.96426
2025-08-12T13:48:34Z	24276.00000	1556.70103	1540.85440	1524.96443
2025-08-12T13:48:34Z	24276.00000	1556.70302	1540.86120	1524.96341
2025-08-12T13:48:34Z	24276.00000	1556.70690	1540.86711	1524.96330
2025-08-12T13:48:35Z	24276.00000	1556.70858	1540.87148	1524.96305
2025-08-12T13:48:35Z	24276.00000	1556.70875	1540.87396	1524.96415
2025-08-12T13:48:35Z	24276.00000	1555.55528	1538.89561	1525.02020
2025-08-12T13:48:35Z	24276.00000	1555.13844	1538.19017	1524.95137
2025-08-12T13:48:35Z	24276.00000	1555.07634	1538.07350	1524.95459
2025-08-12T13:48:35Z	24277.00000	1555.07604	1538.06790	1524.95095
2025-08-12T13:48:35Z	24277.00000	1555.07300	1538.06225	1524.95059
2025-08-12T13:48:35Z	24277.00000	1555.07091	1538.06058	1524.95018
2025-08-12T13:48:35Z	24277.00000	1555.07066	1538.05812	1524.95116
2025-08-12T13:48:35Z	24277.00000	1555.06865	1538.05659	1524.95067
2025-08-12T13:48:35Z	24277.00000	1555.06861	1538.05438	1524.95007
2025-08-12T13:48:36Z	24277.00000	1555.06781	1538.05393	1524.94985
2025-08-12T13:48:36Z	24277.00000	1555.06660	1538.05285	1524.94936
2025-08-12T13:48:36Z	24277.00000	1555.06609	1538.05269	1524.95107
2025-08-12T13:48:36Z	24277.00000	1555.06593	1538.04955	1524.94862
2025-08-12T13:48:36Z	24278.00000	1555.06388	1538.04847	1524.94893
2025-08-12T13:48:36Z	24278.00000	1555.06390	1538.04884	1524.94958
2025-08-12T13:48:36Z	24278.00000	1555.06308	1538.04811	1524.94881
2025-08-12T13:48:36Z	24278.00000	1555.06398	1538.04732	1524.94679
2025-08-12T13:48:36Z	24278.00000	1555.06352	1538.04823	1524.94977
2025-08-12T13:48:36Z	24278.00000	1555.06199	1538.04527	1524.94980
2025-08-12T13:48:37Z	24278.00000	1555.06131	1538.04382	1524.94859
2025-08-12T13:48:37Z	24278.00000	1555.06272	1538.04537	1524.94969
2025-08-12T13:48:37Z	24278.00000	1555.06226	1538.04366	1524.94908
2025-08-12T13:48:37Z	24278.00000	1555.06195	1538.04297	1524.94947
2025-08-12T13:48:37Z	24279.00000	1555.06155	1538.04312	1524.94923
2025-08-12T13:48:37Z	24279.00000	1555.06072	1538.04190	1524.94890
2025-08-12T13:48:37Z	24279.00000	1555.06119	1538.04240	1524.94916
2025-08-12T13:48:37Z	24279.00000	1555.06091	1538.04184	1524.94816
2025-08-12T13:48:37Z	24279.00000	1555.06081	1538.04116	1524.94912
2025-08-12T13:48:37Z	24279.00000	1555.06069	1538.04077	1524.94919
2025-08-12T13:48:38Z	24279.00000	1555.06060	1538.03995	1524.94902
2025-08-12T13:48:38Z	24279.00000	1555.06045	1538.04010	1524.94922
2025-08-12T13:48:38Z	24279.00000	1555.06001	1538.04022	1524.94904
2025-08-12T13:48:38Z	24279.00000	1555.05987	1538.03976	1524.94937
2025-08-12T13:48:38Z	24280.00000	1555.06037	1538.03927	1524.94922
2025-08-12T13:48:38Z	24280.00000	1555.06028	1538.03843	1524.94892
2025-08-12T13:48:38Z	24280.00000	1555.06018	1538.03957	1524.94889
2025-08-12T13:48:38Z	24280.00000	1555.05965	1538.03884	1524.94891
2025-08-12T13:48:38Z	24280.00000	1555.06000	1538.03878	1524.94881
2025-08-12T13:48:39Z	24280.00000	1555.05914	1538.03892	1524.94875
2025-08-12T13:48:39Z	24280.00000	1555.05924	1538.03760	1524.94854
2025-08-12T13:48:39Z	24280.00000	1555.05853	1538.03822	1524.94895
2025-08-12T13:48:39Z	24280.00000	1555.05949	1538.03709	1524.94891
2025-08-12T13:48:39Z	24280.00000	1555.05964	1538.03865	1524.94903
2025-08-12T13:48:39Z	24281.00000	1555.05859	1538.03693	1524.94859
2025-08-12T13:48:39Z	24281.00000	1555.05891	1538.03625	1524.94814
2025-08-12T13:48:39Z	24281.00000	1555.05913	1538.03856	1524.94902
2025-08-12T13:48:39Z	24281.00000	1555.05801	1538.03741	1524.94890
2025-08-12T13:48:39Z	24281.00000	1555.05847	1538.03579	1524.94883
2025-08-12T13:48:40Z	24281.00000	1555.05827	1538.03615	1524.94895
2025-08-12T13:48:40Z	24281.00000	1555.05793	1538.03575	1524.94867
2025-08-12T13:48:40Z	24281.00000	1555.05810	1538.03538	1524.94875
2025-08-12T13:48:40Z	24281.00000	1555.20140	1538.27127	1524.93994
2025-08-12T13:48:40Z	24281.00000	1555.34875	1538.53247	1524.94677
2025-08-12T13:48:40Z	24282.00000	1555.46188	1538.73012	1524.94408
2025-08-12T13:48:40Z	24282.00000	1555.56335	1538.91184	1524.95027
2025-08-12T13:48:40Z	24282.00000	1555.67617	1539.10575	1524.94627
2025-08-12T13:48:40Z	24282.00000	1555.74999	1539.23459	1524.94933
2025-08-12T13:48:40Z	24282.00000	1555.81904	1539.36149	1524.95252
2025-08-12T13:48:40Z	24282.00000	1555.88464	1539.47808	1524.95107
2025-08-12T13:48:41Z	24282.00000	1555.97050	1539.62757	1524.95017
2025-08-12T13:48:41Z	24282.00000	1556.03728	1539.74025	1524.95276
2025-08-12T13:48:41Z	24282.00000	1556.09810	1539.85364	1524.95518
2025-08-12T13:48:41Z	24282.00000	1556.16782	1539.96610	1524.95488
2025-08-12T13:48:41Z	24283.00000	1556.22008	1540.06423	1524.95593
2025-08-12T13:48:41Z	24283.00000	1556.27228	1540.14791	1524.95521
2025-08-12T13:48:41Z	24283.00000	1556.33883	1540.25803	1524.95698
2025-08-12T13:48:41Z	24283.00000	1556.38656	1540.33508	1524.95563
2025-08-12T13:48:41Z	24283.00000	1556.41765	1540.39373	1524.95746
2025-08-12T13:48:41Z	24283.00000	1556.44622	1540.44269	1524.95944
2025-08-12T13:48:42Z	24283.00000	1556.48537	1540.50002	1524.95831
2025-08-12T13:48:42Z	24283.00000	1556.51965	1540.55755	1524.95955
2025-08-12T13:48:42Z	24283.00000	1556.53966	1540.59318	1524.96060
2025-08-12T13:48:42Z	24283.00000	1556.56582	1540.63479	1524.96080
2025-08-12T13:48:42Z	24284.00000	1556.58579	1540.66689	1524.96043
2025-08-12T13:48:42Z	24284.00000	1556.60664	1540.69899	1524.96174
2025-08-12T13:48:42Z	24284.00000	1556.62888	1540.73954	1524.96144
2025-08-12T13:48:42Z	24284.00000	1556.64442	1540.76547	1524.96227
2025-08-12T13:48:42Z	24284.00000	1556.65676	1540.78401	1524.96220
2025-08-12T13:48:42Z	24284.00000	1556.66570	1540.80166	1524.96337
2025-08-12T13:48:43Z	24284.00000	1556.67401	1540.81326	1524.96218
2025-08-12T13:48:43Z	24284.00000	1556.68169	1540.82522	1524.96246
2025-08-12T13:48:43Z	24284.00000	1556.68731	1540.83257	1524.96293
2025-08-12T13:48:43Z	24284.00000	1556.69324	1540.84361	1524.96371
2025-08-12T13:48:43Z	24284.00000	1556.69802	1540.84862	1524.96346
2025-08-12T13:48:43Z	24285.00000	1556.69888	1540.85303	1524.96320
2025-08-12T13:48:43Z	24285.00000	1556.70326	1540.85825	1524.96325
2025-08-12T13:48:43Z	24285.00000	1556.70500	1540.86529	1524.96401
2025-08-12T13:48:43Z	24285.00000	1556.70787	1540.87048	1524.96385
2025-08-12T13:48:44Z	24285.00000	1556.71025	1540.87222	1524.96364
2025-08-12T13:48:44Z	24285.00000	1556.34218	1540.19874	1525.05160
2025-08-12T13:48:44Z	24285.00000	1555.27300	1538.36948	1524.94901
2025-08-12T13:48:44Z	24285.00000	1555.13863	1538.15660	1524.94873
2025-08-12T13:48:44Z	24285.00000	1555.07601	1538.07194	1524.95348
2025-08-12T13:48:44Z	24286.00000	1555.07372	1538.06238	1524.94924
2025-08-12T13:48:44Z	24286.00000	1555.07207	1538.06135	1524.94909
2025-08-12T13:48:44Z	24286.00000	1555.07172	1538.06076	1524.94976
2025-08-12T13:48:44Z	24286.00000	1555.06862	1538.05675	1524.94883
2025-08-12T13:48:44Z	24286.00000	1555.06854	1538.05662	1524.94942
2025-08-12T13:48:44Z	24286.00000	1555.06817	1538.05371	1524.94977
2025-08-12T13:48:45Z	24286.00000	1555.06790	1538.05528	1524.94946
2025-08-12T13:48:45Z	24286.00000	1555.06715	1538.05289	1524.94962
2025-08-12T13:48:45Z	24286.00000	1555.06611	1538.05009	1524.94962
2025-08-12T13:48:45Z	24286.00000	1555.06537	1538.05068	1524.94948
2025-08-12T13:48:45Z	24287.00000	1555.06523	1538.04999	1524.94950
2025-08-12T13:48:45Z	24287.00000	1555.06480	1538.04986	1524.94871
2025-08-12T13:48:45Z	24287.00000	1555.06446	1538.05027	1524.94990
2025-08-12T13:48:45Z	24287.00000	1555.06477	1538.04830	1524.94873
2025-08-12T13:48:45Z	24287.00000	1555.06288	1538.04511	1524.94699
2025-08-12T13:48:46Z	24287.00000	1555.06418	1538.04822	1524.95021
2025-08-12T13:48:46Z	24287.00000	1555.06282	1538.04762	1524.95011
2025-08-12T13:48:46Z	24287.00000	1555.06183	1538.04483	1524.94914
2025-08-12T13:48:46Z	24287.00000	1555.06253	1538.04541	1524.94953
2025-08-12T13:48:46Z	24287.00000	1555.06152	1538.04353	1524.94887
2025-08-12T13:48:46Z	24288.00000	1555.06140	1538.04405	1524.94867
2025-08-12T13:48:46Z	24288.00000	1555.06123	1538.04209	1524.94908
2025-08-12T13:48:46Z	24288.00000	1555.06096	1538.04281	1524.94930
2025-08-12T13:48:46Z	24288.00000	1555.06129	1538.04250	1524.94923
2025-08-12T13:48:46Z	24288.00000	1555.06084	1538.04335	1524.94936
2025-08-12T13:48:47Z	24288.00000	1555.06079	1538.04174	1524.94926
2025-08-12T13:48:47Z	24288.00000	1555.06045	1538.04230	1524.94950
2025-08-12T13:48:47Z	24288.00000	1555.06048	1538.03995	1524.94939
2025-08-12T13:48:47Z	24288.00000	1555.06021	1538.04110	1524.94894
2025-08-12T13:48:47Z	24289.00000	1555.06053	1538.04033	1524.94896
2025-08-12T13:48:47Z	24289.00000	1555.06080	1538.04061	1524.94804
2025-08-12T13:48:47Z	24289.00000	1555.06030	1538.04004	1524.94920
2025-08-12T13:48:47Z	24289.00000	1555.05990	1538.03986	1524.94906
2025-08-12T13:48:47Z	24289.00000	1555.05925	1538.03819	1524.94893
2025-08-12T13:48:47Z	24289.00000	1555.05958	1538.03983	1524.94884
2025-08-12T13:48:48Z	24289.00000	1555.05935	1538.03863	1524.94919
2025-08-12T13:48:48Z	24289.00000	1555.05961	1538.03980	1524.94895
2025-08-12T13:48:48Z	24289.00000	1555.06013	1538.04013	1524.94961
2025-08-12T13:48:48Z	24289.00000	1555.05949	1538.03769	1524.94944
2025-08-12T13:48:48Z	24290.00000	1555.05935	1538.03885	1524.94811
2025-08-12T13:48:48Z	24290.00000	1555.05923	1538.03822	1524.94863
2025-08-12T13:48:48Z	24290.00000	1555.05901	1538.03747	1524.94886
2025-08-12T13:48:48Z	24290.00000	1555.05918	1538.03874	1524.94914
2025-08-12T13:48:48Z	24290.00000	1555.05961	1538.03679	1524.94909
2025-08-12T13:48:48Z	24290.00000	1555.05888	1538.03787	1524.94843
2025-08-12T13:48:49Z	24290.00000	1555.05904	1538.03789	1524.94880
2025-08-12T13:48:49Z	24290.00000	1555.05880	1538.03798	1524.94871
2025-08-12T13:48:49Z	24290.00000	1555.05885	1538.03788	1524.94920
2025-08-12T13:48:49Z	24290.00000	1555.17812	1538.25765	1524.96193
2025-08-12T13:48:49Z	24291.00000	1555.31915	1538.47353	1524.93975
2025-08-12T13:48:49Z	24291.00000	1555.42742	1538.67214	1524.94692
2025-08-12T13:48:49Z	24291.00000	1555.53506	1538.85845	1524.95517
2025-08-12T13:48:49Z	24291.00000	1555.63580	1539.03544	1524.95202
2025-08-12T13:48:49Z	24291.00000	1555.74177	1539.22598	1524.95339
2025-08-12T13:48:49Z	24291.00000	1555.84035	1539.39715	1524.95272
2025-08-12T13:48:50Z	24291.00000	1555.92918	1539.55360	1524.95033
2025-08-12T13:48:50Z	24291.00000	1555.98731	1539.65600	1524.95064
2025-08-12T13:48:50Z	24291.00000	1556.07397	1539.81111	1524.95293
2025-08-12T13:48:50Z	24291.00000	1556.12659	1539.89753	1524.95259
2025-08-12T13:48:50Z	24292.00000	1556.19150	1540.01444	1524.95287
2025-08-12T13:48:50Z	24292.00000	1556.24384	1540.10258	1524.95470
2025-08-12T13:48:50Z	24292.00000	1556.30648	1540.20305	1524.95523
2025-08-12T13:48:50Z	24292.00000	1556.37783	1540.31931	1524.95730
2025-08-12T13:48:50Z	24292.00000	1556.42223	1540.40036	1524.95754
2025-08-12T13:48:51Z	24292.00000	1556.45999	1540.45628	1524.95811
2025-08-12T13:48:51Z	24292.00000	1556.51951	1540.55357	1524.95984
2025-08-12T13:48:51Z	24292.00000	1556.54786	1540.60515	1524.95940
2025-08-12T13:48:51Z	24293.00000	1556.57428	1540.64603	1524.96045
2025-08-12T13:48:51Z	24293.00000	1556.59503	1540.68013	1524.96055
2025-08-12T13:48:51Z	24293.00000	1556.61505	1540.72002	1524.96191
2025-08-12T13:48:51Z	24293.00000	1556.63638	1540.75338	1524.96194
2025-08-12T13:48:51Z	24293.00000	1556.64946	1540.77203	1524.96252
2025-08-12T13:48:52Z	24293.00000	1556.65768	1540.78886	1524.96243
2025-08-12T13:48:52Z	24293.00000	1556.66981	1540.80748	1524.96258
2025-08-12T13:48:52Z	24293.00000	1556.68283	1540.82523	1524.96384
2025-08-12T13:48:52Z	24293.00000	1556.69136	1540.83640	1524.96255
2025-08-12T13:48:52Z	24294.00000	1556.69579	1540.84430	1524.96316
2025-08-12T13:48:52Z	24294.00000	1556.70371	1540.85388	1524.96372
2025-08-12T13:48:52Z	24294.00000	1556.70519	1540.86174	1524.96290
2025-08-12T13:48:52Z	24294.00000	1556.70725	1540.86544	1524.96294
2025-08-12T13:48:52Z	24294.00000	1556.71032	1540.87035	1524.96332
2025-08-12T13:48:53Z	24294.00000	1556.71301	1540.87406	1524.96335
2025-08-12T13:48:53Z	24294.00000	1555.76011	1539.28973	1524.84795
2025-08-12T13:48:53Z	24294.00000	1555.23316	1538.35349	1524.96229
2025-08-12T13:48:53Z	24294.00000	1555.09573	1538.09563	1524.95069
2025-08-12T13:48:53Z	24295.00000	1555.07469	1538.06728	1524.94796
2025-08-12T13:48:53Z	24295.00000	1555.07272	1538.06190	1524.94897
2025-08-12T13:48:53Z	24295.00000	1555.07015	1538.05884	1524.94847
2025-08-12T13:48:53Z	24295.00000	1555.06893	1538.05829	1524.94956
2025-08-12T13:48:54Z	24295.00000	1555.06881	1538.05614	1524.94978
2025-08-12T13:48:54Z	24295.00000	1555.06885	1538.05497	1524.94954
2025-08-12T13:48:54Z	24295.00000	1555.06745	1538.05309	1524.94939
2025-08-12T13:48:54Z	24295.00000	1555.06743	1538.05285	1524.94894
2025-08-12T13:48:54Z	24295.00000	1555.06682	1538.05197	1524.94949
2025-08-12T13:48:54Z	24295.00000	1555.06595	1538.05134	1524.94956
2025-08-12T13:48:54Z	24296.00000	1555.06572	1538.05114	1524.94996
2025-08-12T13:48:54Z	24296.00000	1555.06535	1538.05126	1524.94979
2025-08-12T13:48:54Z	24296.00000	1555.06440	1538.04933	1524.94787
2025-08-12T13:48:54Z	24296.00000	1555.06560	1538.05036	1524.95066
2025-08-12T13:48:55Z	24296.00000	1555.06311	1538.04666	1524.94855
2025-08-12T13:48:55Z	24296.00000	1555.06296	1538.04631	1524.94758
2025-08-12T13:48:55Z	24296.00000	1555.06323	1538.04816	1524.94857
2025-08-12T13:48:55Z	24296.00000	1555.06220	1538.04452	1524.94950
2025-08-12T13:48:55Z	24297.00000	1555.06292	1538.04509	1524.95002
2025-08-12T13:48:55Z	24297.00000	1555.06265	1538.04458	1524.94921
2025-08-12T13:48:55Z	24297.00000	1555.06180	1538.04453	1524.94880
2025-08-12T13:48:55Z	24297.00000	1555.06167	1538.04600	1524.94928
2025-08-12T13:48:55Z	24297.00000	1555.06149	1538.04364	1524.94873
2025-08-12T13:48:56Z	24297.00000	1555.06188	1538.04309	1524.94843
2025-08-12T13:48:56Z	24297.00000	1555.06186	1538.04193	1524.94916
2025-08-12T13:48:56Z	24297.00000	1555.06115	1538.04192	1524.94932
2025-08-12T13:48:56Z	24297.00000	1555.06087	1538.04207	1524.94924
2025-08-12T13:48:56Z	24298.00000	1555.06143	1538.04254	1524.94938
2025-08-12T13:48:56Z	24298.00000	1555.06029	1538.04157	1524.94931
2025-08-12T13:48:56Z	24298.00000	1555.06007	1538.04196	1524.94901
2025-08-12T13:48:56Z	24298.00000	1555.06064	1538.04258	1524.94883
2025-08-12T13:48:56Z	24298.00000	1555.06089	1538.04011	1524.94933
2025-08-12T13:48:56Z	24298.00000	1555.06027	1538.04053	1524.94917
2025-08-12T13:48:57Z	24298.00000	1555.06011	1538.04126	1524.94918
2025-08-12T13:48:57Z	24298.00000	1555.06006	1538.03989	1524.94868
2025-08-12T13:48:57Z	24298.00000	1555.06074	1538.03901	1524.94959
2025-08-12T13:48:57Z	24298.00000	1555.05938	1538.03876	1524.94880
2025-08-12T13:48:57Z	24299.00000	1555.06007	1538.03827	1524.94922
2025-08-12T13:48:57Z	24299.00000	1555.06028	1538.03951	1524.94908
2025-08-12T13:48:57Z	24299.00000	1555.06020	1538.04058	1524.94971
2025-08-12T13:48:57Z	24299.00000	1555.05960	1538.03849	1524.94833
2025-08-12T13:48:57Z	24299.00000	1555.05943	1538.03885	1524.94927
2025-08-12T13:48:58Z	24299.00000	1555.05947	1538.03805	1524.94882
2025-08-12T13:48:58Z	24299.00000	1555.05898	1538.03839	1524.94873
2025-08-12T13:48:58Z	24299.00000	1555.05855	1538.03755	1524.94864
2025-08-12T13:48:58Z	24299.00000	1555.21463	1538.32017	1524.96447
2025-08-12T13:48:58Z	24300.00000	1555.36110	1538.56191	1524.95105
2025-08-12T13:48:58Z	24300.00000	1555.47635	1538.75513	1524.95697
2025-08-12T13:48:58Z	24300.00000	1555.57737	1538.93691	1524.95048
2025-08-12T13:48:58Z	24300.00000	1555.69120	1539.13385	1524.95345
2025-08-12T13:48:58Z	24300.00000	1555.77799	1539.28745	1524.94998
2025-08-12T13:48:59Z	24300.00000	1555.94764	1539.57949	1524.94994
2025-08-12T13:48:59Z	24300.00000	1556.01644	1539.70552	1524.95025
2025-08-12T13:48:59Z	24300.00000	1556.07778	1539.81836	1524.95275
2025-08-12T13:48:59Z	24300.00000	1556.15068	1539.93860	1524.95315
2025-08-12T13:48:59Z	24301.00000	1556.20749	1540.03705	1524.95549
2025-08-12T13:48:59Z	24301.00000	1556.26662	1540.13723	1524.95560
2025-08-12T13:48:59Z	24301.00000	1556.36087	1540.29530	1524.95627
2025-08-12T13:48:59Z	24301.00000	1556.40783	1540.37619	1524.95793
2025-08-12T13:49:00Z	24301.00000	1556.45230	1540.44400	1524.95837
2025-08-12T13:49:00Z	24301.00000	1556.50852	1540.54128	1524.95884
2025-08-12T13:49:00Z	24301.00000	1556.53784	1540.59015	1524.95899
2025-08-12T13:49:00Z	24301.00000	1556.56490	1540.63216	1524.96031
2025-08-12T13:49:00Z	24302.00000	1556.60010	1540.68675	1524.96088
2025-08-12T13:49:00Z	24302.00000	1556.62403	1540.72940	1524.96209
2025-08-12T13:49:00Z	24302.00000	1556.65117	1540.77406	1524.96105
2025-08-12T13:49:00Z	24302.00000	1556.66060	1540.79285	1524.96208
2025-08-12T13:49:01Z	24302.00000	1556.67288	1540.81169	1524.96214
2025-08-12T13:49:01Z	24302.00000	1556.68008	1540.81840	1524.96285
2025-08-12T13:49:01Z	24302.00000	1556.68700	1540.83133	1524.96363
2025-08-12T13:49:01Z	24302.00000	1556.69360	1540.83903	1524.96284
2025-08-12T13:49:01Z	24303.00000	1556.69930	1540.84681	1524.96378
2025-08-12T13:49:01Z	24303.00000	1556.70227	1540.85630	1524.96422
2025-08-12T13:49:01Z	24303.00000	1556.70353	1540.85954	1524.96271
2025-08-12T13:49:01Z	24303.00000	1556.70692	1540.86421	1524.96323
2025-08-12T13:49:01Z	24303.00000	1556.71237	1540.87310	1524.96381
2025-08-12T13:49:02Z	24303.00000	1556.71376	1540.87423	1524.96340
2025-08-12T13:49:02Z	24303.00000	1555.57994	1538.91699	1524.96369
2025-08-12T13:49:02Z	24303.00000	1555.15400	1538.20846	1524.93515
2025-08-12T13:49:02Z	24303.00000	1555.07609	1538.06627	1524.94258
2025-08-12T13:49:02Z	24303.00000	1555.07564	1538.06903	1524.94867
2025-08-12T13:49:02Z	24304.00000	1555.07413	1538.06483	1524.94884
2025-08-12T13:49:02Z	24304.00000	1555.07181	1538.06165	1524.94863
2025-08-12T13:49:02Z	24304.00000	1555.06983	1538.05666	1524.94943
2025-08-12T13:49:03Z	24304.00000	1555.06834	1538.05512	1524.94940
2025-08-12T13:49:03Z	24304.00000	1555.06749	1538.05431	1524.94897
2025-08-12T13:49:03Z	24304.00000	1555.06730	1538.05349	1524.94992
2025-08-12T13:49:03Z	24304.00000	1555.06770	1538.05283	1524.94920
2025-08-12T13:49:03Z	24304.00000	1555.06660	1538.05216	1524.94953
2025-08-12T13:49:03Z	24305.00000	1555.06576	1538.05040	1524.94963
2025-08-12T13:49:03Z	24305.00000	1555.06598	1538.04946	1524.94916
2025-08-12T13:49:03Z	24305.00000	1555.06518	1538.05131	1524.95251
2025-08-12T13:49:03Z	24305.00000	1555.06499	1538.04799	1524.94967
2025-08-12T13:49:04Z	24305.00000	1555.06450	1538.04916	1524.95015
2025-08-12T13:49:04Z	24305.00000	1555.06382	1538.04870	1524.94899
2025-08-12T13:49:04Z	24305.00000	1555.06376	1538.04829	1524.95031
2025-08-12T13:49:04Z	24305.00000	1555.06371	1538.04662	1524.94920
2025-08-12T13:49:04Z	24305.00000	1555.06290	1538.04650	1524.94898
2025-08-12T13:49:04Z	24306.00000	1555.06270	1538.04552	1524.94941
2025-08-12T13:49:04Z	24306.00000	1555.06253	1538.04465	1524.94918
2025-08-12T13:49:04Z	24306.00000	1555.06180	1538.04419	1524.94903
2025-08-12T13:49:04Z	24306.00000	1555.06163	1538.04540	1524.94932
2025-08-12T13:49:05Z	24306.00000	1555.06193	1538.04540	1524.94930
2025-08-12T13:49:05Z	24306.00000	1555.06203	1538.04411	1524.94924
2025-08-12T13:49:05Z	24306.00000	1555.06127	1538.04289	1524.94914
2025-08-12T13:49:05Z	24306.00000	1555.06094	1538.04341	1524.94882
2025-08-12T13:49:05Z	24307.00000	1555.06121	1538.04174	1524.94893
2025-08-12T13:49:05Z	24307.00000	1555.06109	1538.04138	1524.94880
2025-08-12T13:49:05Z	24307.00000	1555.06060	1538.04200	1524.94892
2025-08-12T13:49:05Z	24307.00000	1555.06087	1538.04208	1524.94939
2025-08-12T13:49:06Z	24307.00000	1555.06055	1538.03899	1524.94941
2025-08-12T13:49:06Z	24307.00000	1555.06055	1538.03988	1524.94934
2025-08-12T13:49:06Z	24307.00000	1555.06055	1538.03978	1524.94895
2025-08-12T13:49:06Z	24307.00000	1555.06080	1538.03975	1524.94917
2025-08-12T13:49:06Z	24307.00000	1555.06002	1538.03853	1524.94891
2025-08-12T13:49:06Z	24308.00000	1555.06005	1538.03923	1524.94874
2025-08-12T13:49:06Z	24308.00000	1555.06043	1538.04010	1524.94933
2025-08-12T13:49:06Z	24308.00000	1555.05983	1538.03872	1524.94880
2025-08-12T13:49:07Z	24308.00000	1555.05981	1538.03968	1524.94912
2025-08-12T13:49:07Z	24308.00000	1555.05982	1538.03869	1524.94886
2025-08-12T13:49:07Z	24308.00000	1555.17098	1538.24691	1524.96227
2025-08-12T13:49:07Z	24308.00000	1555.28782	1538.42316	1524.94173
2025-08-12T13:49:07Z	24309.00000	1555.42254	1538.66181	1524.94327
2025-08-12T13:49:07Z	24309.00000	1555.53126	1538.85092	1524.94793
2025-08-12T13:49:07Z	24309.00000	1555.66082	1539.08381	1524.95306
2025-08-12T13:49:07Z	24309.00000	1555.83308	1539.38327	1524.94748
2025-08-12T13:49:07Z	24309.00000	1555.90867	1539.51866	1524.95156
2025-08-12T13:49:08Z	24309.00000	1555.98361	1539.64737	1524.95301
2025-08-12T13:49:08Z	24309.00000	1556.04904	1539.76133	1524.95046
2025-08-12T13:49:08Z	24309.00000	1556.11051	1539.86992	1524.95167
2025-08-12T13:49:08Z	24309.00000	1556.17940	1539.99346	1524.95178
2025-08-12T13:49:08Z	24310.00000	1556.22356	1540.06979	1524.95472
2025-08-12T13:49:08Z	24310.00000	1556.28568	1540.17207	1524.95694
2025-08-12T13:49:08Z	24310.00000	1556.33920	1540.25796	1524.95710
2025-08-12T13:49:08Z	24310.00000	1556.37399	1540.31318	1524.95552
2025-08-12T13:49:08Z	24310.00000	1556.41963	1540.39711	1524.95656
2025-08-12T13:49:08Z	24310.00000	1556.45787	1540.44953	1524.95694
2025-08-12T13:49:09Z	24310.00000	1556.48891	1540.49910	1524.95971
2025-08-12T13:49:09Z	24310.00000	1556.52225	1540.55915	1524.95854
2025-08-12T13:49:09Z	24310.00000	1556.54652	1540.60072	1524.95993
2025-08-12T13:49:09Z	24310.00000	1556.57325	1540.64110	1524.96099
2025-08-12T13:49:09Z	24311.00000	1556.59163	1540.67201	1524.96094
2025-08-12T13:49:09Z	24311.00000	1556.61067	1540.70116	1524.96059
2025-08-12T13:49:09Z	24311.00000	1556.63082	1540.74033	1524.96177
2025-08-12T13:49:09Z	24311.00000	1556.64638	1540.76370	1524.96180
2025-08-12T13:49:09Z	24311.00000	1556.65708	1540.78358	1524.96113
2025-08-12T13:49:09Z	24311.00000	1556.66755	1540.79979	1524.96136
2025-08-12T13:49:10Z	24311.00000	1556.67664	1540.81340	1524.96162
2025-08-12T13:49:10Z	24311.00000	1556.68426	1540.82412	1524.96215
2025-08-12T13:49:10Z	24311.00000	1556.69166	1540.83304	1524.96325
2025-08-12T13:49:10Z	24311.00000	1556.69691	1540.84230	1524.96291
2025-08-12T13:49:10Z	24312.00000	1556.70129	1540.85006	1524.96344
2025-08-12T13:49:10Z	24312.00000	1556.70349	1540.85417	1524.96293
2025-08-12T13:49:10Z	24312.00000	1556.70642	1540.86153	1524.96320
2025-08-12T13:49:10Z	24312.00000	1556.71014	1540.86875	1524.96363
2025-08-12T13:49:10Z	24312.00000	1556.71329	1540.87106	1524.96357
2025-08-12T13:49:11Z	24312.00000	1556.71512	1540.87610	1524.96339
2025-08-12T13:49:11Z	24312.00000	1556.71614	1540.87531	1524.96327
2025-08-12T13:49:11Z	24312.00000	1555.52867	1538.77707	1524.95941
2025-08-12T13:49:11Z	24312.00000	1555.14435	1538.16672	1524.95324
2025-08-12T13:49:11Z	24313.00000	1555.07680	1538.06919	1524.94547
2025-08-12T13:49:11Z	24313.00000	1555.07642	1538.06820	1524.94989
2025-08-12T13:49:11Z	24313.00000	1555.07520	1538.06684	1524.94927
2025-08-12T13:49:11Z	24313.00000	1555.07261	1538.06258	1524.95002
2025-08-12T13:49:11Z	24313.00000	1555.07122	1538.06048	1524.94975
2025-08-12T13:49:12Z	24313.00000	1555.07065	1538.05874	1524.94921
2025-08-12T13:49:12Z	24313.00000	1555.06942	1538.05823	1524.94951
2025-08-12T13:49:12Z	24313.00000	1555.06806	1538.05752	1524.94933
2025-08-12T13:49:12Z	24313.00000	1555.06837	1538.05560	1524.94886
2025-08-12T13:49:12Z	24313.00000	1555.06829	1538.05541	1524.94975
2025-08-12T13:49:12Z	24314.00000	1555.06799	1538.05482	1524.94959
2025-08-12T13:49:12Z	24314.00000	1555.06824	1538.05247	1524.94939
2025-08-12T13:49:12Z	24314.00000	1555.06618	1538.05413	1524.94945
2025-08-12T13:49:12Z	24314.00000	1555.06620	1538.05191	1524.95035
2025-08-12T13:49:12Z	24314.00000	1555.06642	1538.04977	1524.94838
2025-08-12T13:49:12Z	24314.00000	1555.06594	1538.05084	1524.95182
2025-08-12T13:49:13Z	24314.00000	1555.06416	1538.04983	1524.94875
2025-08-12T13:49:13Z	24314.00000	1555.06398	1538.04821	1524.94923
2025-08-12T13:49:13Z	24314.00000	1555.06459	1538.04996	1524.95013
2025-08-12T13:49:13Z	24314.00000	1555.06356	1538.04895	1524.94905
2025-08-12T13:49:13Z	24315.00000	1555.06381	1538.04704	1524.94886
2025-08-12T13:49:13Z	24315.00000	1555.06348	1538.04774	1524.94943
2025-08-12T13:49:13Z	24315.00000	1555.06362	1538.04648	1524.94923
2025-08-12T13:49:13Z	24315.00000	1555.06288	1538.04714	1524.94976
2025-08-12T13:49:13Z	24315.00000	1555.06283	1538.04633	1524.94946
2025-08-12T13:49:13Z	24315.00000	1555.06222	1538.04526	1524.94944
2025-08-12T13:49:14Z	24315.00000	1555.06212	1538.04760	1524.94957
2025-08-12T13:49:14Z	24315.00000	1555.06229	1538.04429	1524.94897
2025-08-12T13:49:14Z	24315.00000	1555.06157	1538.04379	1524.94855
2025-08-12T13:49:14Z	24315.00000	1555.06139	1538.04449	1524.94959
2025-08-12T13:49:14Z	24316.00000	1555.06133	1538.04361	1524.94946
2025-08-12T13:49:14Z	24316.00000	1555.06150	1538.04411	1524.94861
2025-08-12T13:49:14Z	24316.00000	1555.06083	1538.04403	1524.94901
2025-08-12T13:49:14Z	24316.00000	1555.06158	1538.04198	1524.94938
2025-08-12T13:49:14Z	24316.00000	1555.06074	1538.04275	1524.94927
2025-08-12T13:49:15Z	24316.00000	1555.06098	1538.04232	1524.94890
2025-08-12T13:49:15Z	24316.00000	1555.06110	1538.04205	1524.94928
2025-08-12T13:49:15Z	24316.00000	1555.06087	1538.04076	1524.94911
2025-08-12T13:49:15Z	24316.00000	1555.06047	1538.04195	1524.94955
2025-08-12T13:49:15Z	24316.00000	1555.06055	1538.04183	1524.94891
2025-08-12T13:49:15Z	24317.00000	1555.06045	1538.04113	1524.94939
2025-08-12T13:49:15Z	24317.00000	1555.05993	1538.04055	1524.94871
2025-08-12T13:49:15Z	24317.00000	1555.06048	1538.04081	1524.94859
2025-08-12T13:49:15Z	24317.00000	1555.05976	1538.04031	1524.94897
2025-08-12T13:49:16Z	24317.00000	1555.06015	1538.03917	1524.94838
2025-08-12T13:49:16Z	24317.00000	1555.05980	1538.03958	1524.94907
2025-08-12T13:49:16Z	24317.00000	1555.06029	1538.03842	1524.94874
2025-08-12T13:49:16Z	24317.00000	1555.18302	1538.26558	1524.96090
2025-08-12T13:49:16Z	24318.00000	1555.31984	1538.47606	1524.94027
2025-08-12T13:49:16Z	24318.00000	1555.42843	1538.67463	1524.94481
2025-08-12T13:49:16Z	24318.00000	1555.55287	1538.89351	1524.94496
2025-08-12T13:49:16Z	24318.00000	1555.65352	1539.06894	1524.94803
2025-08-12T13:49:16Z	24318.00000	1555.74050	1539.22479	1524.95349
2025-08-12T13:49:16Z	24318.00000	1555.85352	1539.41914	1524.94884
2025-08-12T13:49:17Z	24318.00000	1555.94117	1539.57607	1524.95127
2025-08-12T13:49:17Z	24318.00000	1556.00131	1539.68034	1524.95246
2025-08-12T13:49:17Z	24318.00000	1556.07461	1539.81636	1524.95285
2025-08-12T13:49:17Z	24318.00000	1556.14642	1539.93088	1524.95206
2025-08-12T13:49:17Z	24319.00000	1556.20143	1540.02979	1524.95435
2025-08-12T13:49:17Z	24319.00000	1556.24518	1540.10268	1524.95339
2025-08-12T13:49:17Z	24319.00000	1556.29646	1540.18852	1524.95621
2025-08-12T13:49:17Z	24319.00000	1556.34323	1540.26364	1524.95605
2025-08-12T13:49:17Z	24319.00000	1556.38476	1540.33221	1524.95477
2025-08-12T13:49:17Z	24319.00000	1556.43021	1540.41314	1524.95648
2025-08-12T13:49:18Z	24319.00000	1556.47474	1540.47541	1524.95746
2025-08-12T13:49:18Z	24319.00000	1556.50981	1540.54133	1524.95963
2025-08-12T13:49:18Z	24319.00000	1556.53124	1540.57694	1524.95992
2025-08-12T13:49:18Z	24319.00000	1556.55393	1540.61642	1524.95999
2025-08-12T13:49:18Z	24320.00000	1556.57685	1540.64837	1524.95966
2025-08-12T13:49:18Z	24320.00000	1556.59460	1540.67770	1524.95954
2025-08-12T13:49:18Z	24320.00000	1556.61654	1540.72706	1524.95953
2025-08-12T13:49:18Z	24320.00000	1556.63877	1540.75372	1524.96087
2025-08-12T13:49:18Z	24320.00000	1556.65324	1540.77557	1524.96209
2025-08-12T13:49:19Z	24320.00000	1556.67248	1540.81080	1524.96302
2025-08-12T13:49:19Z	24320.00000	1556.68323	1540.82403	1524.96115
2025-08-12T13:49:19Z	24320.00000	1556.68917	1540.83119	1524.96346
2025-08-12T13:49:19Z	24320.00000	1556.69617	1540.84099	1524.96380
2025-08-12T13:49:19Z	24320.00000	1556.70013	1540.84972	1524.96272
2025-08-12T13:49:19Z	24321.00000	1556.70420	1540.85400	1524.96234
2025-08-12T13:49:19Z	24321.00000	1556.70655	1540.86107	1524.96328
2025-08-12T13:49:19Z	24321.00000	1556.70872	1540.86912	1524.96387
2025-08-12T13:49:19Z	24321.00000	1556.71132	1540.87337	1524.96301
2025-08-12T13:49:19Z	24321.00000	1556.71389	1540.87750	1524.96409
2025-08-12T13:49:20Z	24321.00000	1555.55020	1538.84848	1525.00039
2025-08-12T13:49:20Z	24321.00000	1555.17768	1538.25983	1524.97171
2025-08-12T13:49:20Z	24321.00000	1555.07457	1538.07065	1524.94326
2025-08-12T13:49:20Z	24322.00000	1555.07818	1538.07060	1524.94826
2025-08-12T13:49:20Z	24322.00000	1555.07394	1538.06708	1524.94951
2025-08-12T13:49:20Z	24322.00000	1555.07294	1538.06523	1524.95000
2025-08-12T13:49:20Z	24322.00000	1555.07154	1538.06151	1524.94908
2025-08-12T13:49:20Z	24322.00000	1555.07005	1538.05948	1524.94919
2025-08-12T13:49:21Z	24322.00000	1555.06968	1538.05738	1524.94888
2025-08-12T13:49:21Z	24322.00000	1555.06886	1538.05602	1524.94919
2025-08-12T13:49:21Z	24322.00000	1555.06860	1538.05476	1524.94920
2025-08-12T13:49:21Z	24322.00000	1555.06769	1538.05422	1524.94941
2025-08-12T13:49:21Z	24323.00000	1555.06828	1538.05494	1524.94922
2025-08-12T13:49:21Z	24323.00000	1555.06676	1538.05343	1524.94938
2025-08-12T13:49:21Z	24323.00000	1555.06677	1538.05118	1524.94924
2025-08-12T13:49:21Z	24323.00000	1555.06595	1538.05182	1524.94948
2025-08-12T13:49:21Z	24323.00000	1555.06614	1538.05253	1524.95167
2025-08-12T13:49:21Z	24323.00000	1555.06527	1538.05103	1524.95059
2025-08-12T13:49:22Z	24323.00000	1555.06514	1538.04976	1524.94930
2025-08-12T13:49:22Z	24323.00000	1555.06411	1538.04959	1524.94966
2025-08-12T13:49:22Z	24323.00000	1555.06459	1538.04929	1524.95030
2025-08-12T13:49:22Z	24323.00000	1555.06412	1538.04865	1524.94946
2025-08-12T13:49:22Z	24324.00000	1555.06332	1538.04878	1524.94974
2025-08-12T13:49:22Z	24324.00000	1555.06356	1538.04629	1524.94956
2025-08-12T13:49:22Z	24324.00000	1555.06275	1538.04725	1524.94924
2025-08-12T13:49:22Z	24324.00000	1555.06206	1538.04772	1524.94930
2025-08-12T13:49:22Z	24324.00000	1555.06182	1538.04594	1524.94941
2025-08-12T13:49:23Z	24324.00000	1555.06218	1538.04567	1524.94952
2025-08-12T13:49:23Z	24324.00000	1555.06180	1538.04497	1524.94927
2025-08-12T13:49:23Z	24324.00000	1555.06170	1538.04387	1524.94898
2025-08-12T13:49:23Z	24324.00000	1555.06137	1538.04492	1524.94955
2025-08-12T13:49:23Z	24324.00000	1555.06128	1538.04415	1524.94946
2025-08-12T13:49:23Z	24325.00000	1555.06168	1538.04353	1524.94904
2025-08-12T13:49:23Z	24325.00000	1555.06143	1538.04305	1524.94871
2025-08-12T13:49:23Z	24325.00000	1555.06105	1538.04322	1524.94909
2025-08-12T13:49:23Z	24325.00000	1555.06102	1538.04290	1524.94965
2025-08-12T13:49:23Z	24325.00000	1555.06183	1538.04206	1524.94892
2025-08-12T13:49:23Z	24325.00000	1555.06045	1538.04160	1524.94912
2025-08-12T13:49:24Z	24325.00000	1555.06052	1538.04284	1524.94864
2025-08-12T13:49:24Z	24325.00000	1555.06058	1538.04267	1524.94976
2025-08-12T13:49:24Z	24325.00000	1555.06081	1538.04168	1524.94915
2025-08-12T13:49:24Z	24325.00000	1555.06032	1538.04142	1524.94912
2025-08-12T13:49:24Z	24326.00000	1555.06055	1538.03976	1524.94810
2025-08-12T13:49:24Z	24326.00000	1555.05993	1538.04160	1524.94841
2025-08-12T13:49:24Z	24326.00000	1555.06049	1538.04147	1524.94863
2025-08-12T13:49:24Z	24326.00000	1555.06008	1538.04050	1524.94939
2025-08-12T13:49:24Z	24326.00000	1555.06024	1538.04050	1524.94949
2025-08-12T13:49:24Z	24326.00000	1555.05929	1538.03954	1524.94913
2025-08-12T13:49:25Z	24326.00000	1555.06014	1538.04021	1524.94905
2025-08-12T13:49:25Z	24326.00000	1555.05963	1538.03925	1524.94931
2025-08-12T13:49:25Z	24326.00000	1555.21506	1538.32199	1524.96498
2025-08-12T13:49:25Z	24326.00000	1555.32362	1538.49462	1524.94793
2025-08-12T13:49:25Z	24327.00000	1555.46219	1538.73367	1524.94395
2025-08-12T13:49:25Z	24327.00000	1555.62015	1539.00564	1524.94488
2025-08-12T13:49:25Z	24327.00000	1555.72463	1539.19416	1524.94918
2025-08-12T13:49:25Z	24327.00000	1555.82364	1539.36838	1524.95202
2025-08-12T13:49:26Z	24327.00000	1555.91149	1539.52900	1524.95190
2025-08-12T13:49:26Z	24327.00000	1555.97488	1539.63126	1524.94971
2025-08-12T13:49:26Z	24327.00000	1556.02999	1539.73114	1524.95091
2025-08-12T13:49:26Z	24327.00000	1556.09242	1539.84397	1524.95164
2025-08-12T13:49:26Z	24327.00000	1556.15386	1539.94032	1524.95280
2025-08-12T13:49:26Z	24328.00000	1556.20796	1540.04293	1524.95491
2025-08-12T13:49:26Z	24328.00000	1556.26730	1540.13665	1524.95510
2025-08-12T13:49:26Z	24328.00000	1556.31857	1540.22330	1524.95557
2025-08-12T13:49:26Z	24328.00000	1556.36171	1540.29415	1524.95565
2025-08-12T13:49:26Z	24328.00000	1556.40981	1540.37732	1524.95887
2025-08-12T13:49:27Z	24328.00000	1556.46411	1540.46038	1524.95884
2025-08-12T13:49:27Z	24328.00000	1556.50096	1540.51670	1524.95897
2025-08-12T13:49:27Z	24328.00000	1556.52515	1540.56387	1524.95751
2025-08-12T13:49:27Z	24328.00000	1556.55151	1540.60925	1524.95960
2025-08-12T13:49:27Z	24328.00000	1556.57016	1540.64080	1524.96062
2025-08-12T13:49:27Z	24329.00000	1556.59253	1540.67414	1524.96105
2025-08-12T13:49:27Z	24329.00000	1556.60883	1540.69925	1524.96059
2025-08-12T13:49:27Z	24329.00000	1556.63096	1540.74078	1524.96114
2025-08-12T13:49:27Z	24329.00000	1556.64663	1540.76232	1524.96078
2025-08-12T13:49:27Z	24329.00000	1556.65897	1540.78667	1524.96207
2025-08-12T13:49:27Z	24329.00000	1556.66740	1540.79930	1524.96258
2025-08-12T13:49:28Z	24329.00000	1556.67508	1540.81201	1524.96213
2025-08-12T13:49:28Z	24329.00000	1556.68373	1540.82446	1524.96232
2025-08-12T13:49:28Z	24329.00000	1556.69182	1540.83444	1524.96214
2025-08-12T13:49:28Z	24329.00000	1556.69758	1540.84273	1524.96248
2025-08-12T13:49:28Z	24330.00000	1556.70087	1540.84942	1524.96290
2025-08-12T13:49:28Z	24330.00000	1556.70507	1540.85604	1524.96298
2025-08-12T13:49:28Z	24330.00000	1556.70714	1540.86329	1524.96273
2025-08-12T13:49:28Z	24330.00000	1556.71122	1540.86845	1524.96313
2025-08-12T13:49:28Z	24330.00000	1556.71427	1540.87237	1524.96315
2025-08-12T13:49:28Z	24330.00000	1556.71538	1540.87713	1524.96255
2025-08-12T13:49:29Z	24330.00000	1556.71698	1540.87783	1524.96332
2025-08-12T13:49:29Z	24330.00000	1555.28359	1538.44313	1524.96687
2025-08-12T13:49:29Z	24330.00000	1555.11088	1538.12113	1524.96012
2025-08-12T13:49:29Z	24330.00000	1555.07967	1538.07233	1524.94763
2025-08-12T13:49:29Z	24330.00000	1555.07659	1538.07015	1524.94970
2025-08-12T13:49:29Z	24331.00000	1555.07424	1538.06578	1524.94890
2025-08-12T13:49:29Z	24331.00000	1555.07320	1538.06390	1524.94891
2025-08-12T13:49:29Z	24331.00000	1555.07168	1538.06168	1524.94921
2025-08-12T13:49:29Z	24331.00000	1555.07086	1538.05969	1524.94894
2025-08-12T13:49:29Z	24331.00000	1555.07061	1538.05864	1524.95001
2025-08-12T13:49:30Z	24331.00000	1555.06960	1538.05699	1524.94913
2025-08-12T13:49:30Z	24331.00000	1555.06893	1538.05628	1524.94970
2025-08-12T13:49:30Z	24331.00000	1555.06864	1538.05520	1524.94955
2025-08-12T13:49:30Z	24331.00000	1555.06832	1538.05481	1524.94872
2025-08-12T13:49:30Z	24332.00000	1555.06807	1538.05349	1524.95009
2025-08-12T13:49:30Z	24332.00000	1555.06647	1538.05271	1524.94910
2025-08-12T13:49:30Z	24332.00000	1555.06650	1538.05305	1524.94944
2025-08-12T13:49:30Z	24332.00000	1555.06764	1538.05301	1524.95069
2025-08-12T13:49:30Z	24332.00000	1555.06648	1538.05250	1524.95202
2025-08-12T13:49:30Z	24332.00000	1555.06500	1538.04950	1524.94840
2025-08-12T13:49:31Z	24332.00000	1555.06463	1538.04956	1524.94961
2025-08-12T13:49:31Z	24332.00000	1555.06435	1538.04859	1524.94852
2025-08-12T13:49:31Z	24332.00000	1555.06482	1538.05011	1524.94977
2025-08-12T13:49:31Z	24332.00000	1555.06418	1538.04819	1524.94861
2025-08-12T13:49:31Z	24333.00000	1555.06400	1538.04861	1524.94961
2025-08-12T13:49:31Z	24333.00000	1555.06350	1538.04874	1524.94991
2025-08-12T13:49:31Z	24333.00000	1555.06330	1538.04784	1524.94920
2025-08-12T13:49:31Z	24333.00000	1555.06327	1538.04854	1524.94891
2025-08-12T13:49:31Z	24333.00000	1555.06276	1538.04655	1524.94957
2025-08-12T13:49:31Z	24333.00000	1555.06251	1538.04646	1524.94914
2025-08-12T13:49:32Z	24333.00000	1555.06241	1538.04499	1524.94902
2025-08-12T13:49:32Z	24333.00000	1555.06189	1538.04622	1524.94898
2025-08-12T13:49:32Z	24333.00000	1555.06222	1538.04484	1524.94939
2025-08-12T13:49:32Z	24333.00000	1555.06172	1538.04400	1524.94912
2025-08-12T13:49:32Z	24334.00000	1555.06153	1538.04421	1524.94885
2025-08-12T13:49:32Z	24334.00000	1555.06160	1538.04267	1524.94924
2025-08-12T13:49:32Z	24334.00000	1555.06110	1538.04519	1524.94901
2025-08-12T13:49:32Z	24334.00000	1555.06114	1538.04441	1524.94913
2025-08-12T13:49:32Z	24334.00000	1555.06149	1538.04211	1524.94930
2025-08-12T13:49:32Z	24334.00000	1555.06085	1538.04267	1524.94891
2025-08-12T13:49:33Z	24334.00000	1555.06086	1538.04335	1524.94924
2025-08-12T13:49:33Z	24334.00000	1555.06109	1538.04191	1524.94909
2025-08-12T13:49:33Z	24334.00000	1555.06076	1538.04218	1524.94903
2025-08-12T13:49:33Z	24334.00000	1555.06082	1538.04118	1524.94904
2025-08-12T13:49:33Z	24335.00000	1555.06014	1538.04201	1524.94906
2025-08-12T13:49:33Z	24335.00000	1555.06058	1538.04174	1524.94862
2025-08-12T13:49:33Z	24335.00000	1555.05997	1538.04205	1524.94930
2025-08-12T13:49:33Z	24335.00000	1555.06023	1538.04045	1524.94899
2025-08-12T13:49:33Z	24335.00000	1555.06016	1538.04210	1524.94900
2025-08-12T13:49:33Z	24335.00000	1555.06032	1538.04056	1524.94913
2025-08-12T13:49:34Z	24335.00000	1555.05983	1538.03903	1524.94926
2025-08-12T13:49:34Z	24335.00000	1555.06070	1538.03909	1524.94932
2025-08-12T13:49:34Z	24335.00000	1555.06026	1538.03920	1524.94933
2025-08-12T13:49:34Z	24335.00000	1555.05970	1538.03884	1524.94923
2025-08-12T13:49:34Z	24336.00000	1555.06014	1538.03932	1524.94923
2025-08-12T13:49:34Z	24336.00000	1555.06011	1538.03979	1524.94871
2025-08-12T13:49:34Z	24336.00000	1555.05977	1538.03904	1524.94945
2025-08-12T13:49:34Z	24336.00000	1555.05931	1538.03967	1524.94840
2025-08-12T13:49:34Z	24336.00000	1555.05961	1538.03928	1524.94894
2025-08-12T13:49:34Z	24336.00000	1555.05989	1538.03825	1524.94910
2025-08-12T13:49:35Z	24336.00000	1555.05893	1538.03791	1524.94864
2025-08-12T13:49:35Z	24336.00000	1555.05892	1538.03752	1524.94889
2025-08-12T13:49:35Z	24336.00000	1555.05917	1538.03831	1524.94847
2025-08-12T13:49:35Z	24336.00000	1555.05953	1538.03850	1524.94885
2025-08-12T13:49:35Z	24337.00000	1555.05892	1538.03897	1524.94900
2025-08-12T13:49:35Z	24337.00000	1555.05915	1538.03824	1524.94910
2025-08-12T13:49:35Z	24337.00000	1555.05872	1538.03761	1524.94849
2025-08-12T13:49:35Z	24337.00000	1555.05882	1538.03625	1524.94868
2025-08-12T13:49:35Z	24337.00000	1555.05883	1538.03623	1524.94894
2025-08-12T13:49:35Z	24337.00000	1555.05891	1538.03632	1524.94902
2025-08-12T13:49:36Z	24337.00000	1555.05848	1538.03676	1524.94914
2025-08-12T13:49:36Z	24337.00000	1555.05891	1538.03764	1524.94884
2025-08-12T13:49:36Z	24337.00000	1555.05841	1538.03784	1524.94913
2025-08-12T13:49:36Z	24337.00000	1555.05869	1538.03643	1524.94896
2025-08-12T13:49:36Z	24338.00000	1555.05857	1538.03607	1524.94913
2025-08-12T13:49:36Z	24338.00000	1555.05835	1538.03663	1524.94899
2025-08-12T13:49:36Z	24338.00000	1555.05866	1538.03544	1524.94894
2025-08-12T13:49:36Z	24338.00000	1555.05834	1538.03621	1524.94836
2025-08-12T13:49:36Z	24338.00000	1555.05836	1538.03636	1524.94898
2025-08-12T13:49:36Z	24338.00000	1555.05827	1538.03546	1524.94861
2025-08-12T13:49:37Z	24338.00000	1555.05834	1538.03566	1524.94827
2025-08-12T13:49:37Z	24338.00000	1555.05816	1538.03533	1524.94847
2025-08-12T13:49:37Z	24338.00000	1555.05869	1538.03586	1524.94891
2025-08-12T13:49:37Z	24338.00000	1555.05788	1538.03618	1524.94870
2025-08-12T13:49:37Z	24339.00000	1555.05803	1538.03591	1524.94875
2025-08-12T13:49:37Z	24339.00000	1555.05729	1538.03581	1524.94924
2025-08-12T13:49:37Z	24339.00000	1555.05781	1538.03602	1524.94893
2025-08-12T13:49:37Z	24339.00000	1555.05760	1538.03501	1524.94869
2025-08-12T13:49:37Z	24339.00000	1555.05793	1538.03628	1524.94926
2025-08-12T13:49:38Z	24339.00000	1555.05786	1538.03427	1524.94904
2025-08-12T13:49:38Z	24339.00000	1555.05774	1538.03493	1524.94805
2025-08-12T13:49:38Z	24339.00000	1555.05772	1538.03646	1524.94939
2025-08-12T13:49:38Z	24339.00000	1555.05806	1538.03693	1524.94907
2025-08-12T13:49:38Z	24339.00000	1555.05744	1538.03522	1524.94886
2025-08-12T13:49:38Z	24340.00000	1555.05811	1538.03491	1524.94911
2025-08-12T13:49:38Z	24340.00000	1555.05770	1538.03423	1524.94890
2025-08-12T13:49:38Z	24340.00000	1555.05792	1538.03511	1524.94876
2025-08-12T13:49:38Z	24340.00000	1555.05714	1538.03471	1524.94847
2025-08-12T13:49:38Z	24340.00000	1555.05770	1538.03350	1524.94869
2025-08-12T13:49:38Z	24340.00000	1555.05748	1538.03480	1524.94873
2025-08-12T13:49:39Z	24340.00000	1555.05764	1538.03316	1524.94838
2025-08-12T13:49:39Z	24340.00000	1555.05740	1538.03483	1524.94847
2025-08-12T13:49:39Z	24340.00000	1555.05756	1538.03392	1524.94878
2025-08-12T13:49:39Z	24341.00000	1555.05724	1538.03448	1524.94903
2025-08-12T13:49:39Z	24341.00000	1555.05695	1538.03340	1524.94902
2025-08-12T13:49:39Z	24341.00000	1555.05735	1538.03317	1524.94863
2025-08-12T13:49:39Z	24341.00000	1555.05716	1538.03438	1524.94892
2025-08-12T13:49:39Z	24341.00000	1555.05650	1538.03344	1524.94811
2025-08-12T13:49:39Z	24341.00000	1555.05656	1538.03342	1524.94914
2025-08-12T13:49:40Z	24341.00000	1555.05634	1538.03291	1524.94890
2025-08-12T13:49:40Z	24341.00000	1555.05697	1538.03281	1524.94883
2025-08-12T13:49:40Z	24341.00000	1555.05687	1538.03285	1524.94859
2025-08-12T13:49:40Z	24342.00000	1555.05665	1538.03307	1524.94892
2025-08-12T13:49:40Z	24342.00000	1555.05644	1538.03239	1524.94881
2025-08-12T13:49:40Z	24342.00000	1555.05643	1538.03261	1524.94898
2025-08-12T13:49:40Z	24342.00000	1555.05676	1538.03273	1524.94875
2025-08-12T13:49:40Z	24342.00000	1555.05648	1538.03178	1524.94881
2025-08-12T13:49:40Z	24342.00000	1555.05681	1538.03225	1524.94854
2025-08-12T13:49:41Z	24342.00000	1555.05675	1538.03229	1524.94847
2025-08-12T13:49:41Z	24342.00000	1555.05664	1538.03336	1524.94877
2025-08-12T13:49:41Z	24342.00000	1555.05645	1538.03335	1524.94850
2025-08-12T13:49:41Z	24342.00000	1555.05664	1538.03160	1524.94872
2025-08-12T13:49:41Z	24343.00000	1555.05604	1538.03196	1524.94858
2025-08-12T13:49:41Z	24343.00000	1555.05634	1538.03314	1524.94890
2025-08-12T13:49:41Z	24343.00000	1555.05648	1538.03283	1524.94873
2025-08-12T13:49:41Z	24343.00000	1555.05713	1538.03087	1524.94854
2025-08-12T13:49:41Z	24343.00000	1555.05658	1538.03178	1524.94861
2025-08-12T13:49:41Z	24343.00000	1555.05615	1538.03245	1524.94817
2025-08-12T13:49:42Z	24343.00000	1555.05595	1538.03232	1524.94861
2025-08-12T13:49:42Z	24343.00000	1555.05671	1538.03173	1524.94859
2025-08-12T13:49:42Z	24343.00000	1555.05685	1538.03114	1524.94899
2025-08-12T13:49:42Z	24343.00000	1555.05647	1538.03109	1524.94932
2025-08-12T13:49:42Z	24344.00000	1555.05619	1538.03052	1524.94831
2025-08-12T13:49:42Z	24344.00000	1555.05556	1538.03116	1524.94876
2025-08-12T13:49:42Z	24344.00000	1555.05643	1538.03203	1524.94884
2025-08-12T13:49:42Z	24344.00000	1555.05590	1538.03109	1524.94868
2025-08-12T13:49:43Z	24344.00000	1555.05565	1538.03082	1524.94858
2025-08-12T13:49:43Z	24344.00000	1555.05531	1538.03143	1524.94889
2025-08-12T13:49:43Z	24344.00000	1555.05642	1538.03102	1524.94878
2025-08-12T13:49:43Z	24345.00000	1555.05583	1538.03213	1524.94865
2025-08-12T13:49:43Z	24345.00000	1555.05521	1538.03120	1524.94848
2025-08-12T13:49:43Z	24345.00000	1555.05575	1538.03137	1524.94818
2025-08-12T13:49:43Z	24345.00000	1555.05535	1538.02986	1524.94859
2025-08-12T13:49:44Z	24345.00000	1555.05551	1538.03047	1524.94876
2025-08-12T13:49:44Z	24345.00000	1555.05557	1538.02994	1524.94881
2025-08-12T13:49:44Z	24345.00000	1555.05595	1538.03023	1524.94909
2025-08-12T13:49:44Z	24345.00000	1555.05570	1538.02953	1524.94891
2025-08-12T13:49:44Z	24346.00000	1555.05511	1538.03006	1524.94863
2025-08-12T13:49:44Z	24346.00000	1555.05520	1538.03019	1524.94810
2025-08-12T13:49:44Z	24346.00000	1555.05473	1538.03041	1524.94874
2025-08-12T13:49:44Z	24346.00000	1555.05536	1538.02985	1524.94875
2025-08-12T13:49:44Z	24346.00000	1555.05585	1538.03051	1524.94882
2025-08-12T13:49:45Z	24346.00000	1555.05470	1538.03106	1524.94898
2025-08-12T13:49:45Z	24346.00000	1555.05568	1538.02851	1524.94891
2025-08-12T13:49:45Z	24346.00000	1555.05566	1538.02968	1524.94886
2025-08-12T13:49:45Z	24346.00000	1555.05479	1538.03096	1524.94864
2025-08-12T13:49:45Z	24347.00000	1555.05556	1538.02962	1524.94850
2025-08-12T13:49:45Z	24347.00000	1555.05553	1538.02998	1524.94883
2025-08-12T13:49:45Z	24347.00000	1555.05603	1538.03001	1524.94899
2025-08-12T13:49:45Z	24347.00000	1555.05478	1538.02980	1524.94881
2025-08-12T13:49:45Z	24347.00000	1555.05480	1538.02908	1524.94900
2025-08-12T13:49:46Z	24347.00000	1555.05508	1538.02794	1524.94844
2025-08-12T13:49:46Z	24347.00000	1555.05508	1538.02835	1524.94901
2025-08-12T13:49:46Z	24347.00000	1555.05488	1538.03081	1524.94798
2025-08-12T13:49:46Z	24347.00000	1555.05500	1538.02979	1524.94836
2025-08-12T13:49:46Z	24348.00000	1555.05499	1538.02979	1524.94840
2025-08-12T13:49:46Z	24348.00000	1555.05499	1538.02903	1524.94874
2025-08-12T13:49:46Z	24348.00000	1555.05584	1538.02909	1524.94884
2025-08-12T13:49:46Z	24348.00000	1555.05455	1538.02869	1524.94889
2025-08-12T13:49:47Z	24348.00000	1555.05481	1538.02793	1524.94887
2025-08-12T13:49:47Z	24348.00000	1555.05491	1538.03019	1524.94900
2025-08-12T13:49:47Z	24348.00000	1555.05472	1538.02936	1524.94885
2025-08-12T13:49:47Z	24348.00000	1555.05505	1538.02847	1524.94886
2025-08-12T13:49:47Z	24349.00000	1555.05480	1538.02932	1524.94933
2025-08-12T13:49:47Z	24349.00000	1555.05501	1538.02874	1524.94842
2025-08-12T13:49:47Z	24349.00000	1555.05457	1538.02936	1524.94840
2025-08-12T13:49:47Z	24349.00000	1555.05575	1538.02920	1524.94855
2025-08-12T13:49:47Z	24349.00000	1555.05466	1538.02743	1524.94874
2025-08-12T13:49:48Z	24349.00000	1555.05471	1538.02816	1524.94845
2025-08-12T13:49:48Z	24349.00000	1555.05480	1538.02683	1524.94865
2025-08-12T13:49:48Z	24349.00000	1555.05418	1538.02818	1524.94886
2025-08-12T13:49:48Z	24350.00000	1555.05464	1538.02796	1524.94925
2025-08-12T13:49:48Z	24350.00000	1555.05522	1538.02771	1524.94901
2025-08-12T13:49:48Z	24350.00000	1555.05468	1538.02787	1524.94850
2025-08-12T13:49:48Z	24350.00000	1555.05432	1538.02788	1524.94842
2025-08-12T13:49:48Z	24350.00000	1555.05522	1538.02697	1524.94842
2025-08-12T13:49:49Z	24350.00000	1555.05398	1538.02910	1524.94879
2025-08-12T13:49:49Z	24350.00000	1555.05441	1538.02803	1524.94892
2025-08-12T13:49:49Z	24350.00000	1555.05486	1538.02836	1524.94846
2025-08-12T13:49:49Z	24350.00000	1555.05436	1538.02707	1524.94865
2025-08-12T13:49:49Z	24351.00000	1555.05454	1538.02820	1524.94863
2025-08-12T13:49:49Z	24351.00000	1555.05471	1538.02740	1524.94922
2025-08-12T13:49:49Z	24351.00000	1555.05345	1538.02757	1524.94879
2025-08-12T13:49:49Z	24351.00000	1555.05417	1538.02707	1524.94860
2025-08-12T13:49:49Z	24351.00000	1555.05471	1538.02775	1524.94890
2025-08-12T13:49:50Z	24351.00000	1555.05380	1538.02707	1524.94893
2025-08-12T13:49:50Z	24351.00000	1555.05439	1538.02677	1524.94905
2025-08-12T13:49:50Z	24351.00000	1555.05385	1538.02715	1524.94809
2025-08-12T13:49:50Z	24351.00000	1555.05443	1538.02678	1524.94865
2025-08-12T13:49:50Z	24352.00000	1555.05461	1538.02637	1524.94861
2025-08-12T13:49:50Z	24352.00000	1555.05466	1538.02695	1524.94874
2025-08-12T13:49:50Z	24352.00000	1555.05420	1538.02628	1524.94836
2025-08-12T13:49:50Z	24352.00000	1555.05295	1538.02682	1524.94894
2025-08-12T13:49:51Z	24352.00000	1555.05455	1538.02677	1524.94894
2025-08-12T13:49:51Z	24352.00000	1555.05396	1538.02608	1524.94885
2025-08-12T13:49:51Z	24352.00000	1555.05516	1538.02615	1524.94868
2025-08-12T13:49:51Z	24352.00000	1555.05370	1538.02787	1524.94797
2025-08-12T13:49:51Z	24352.00000	1555.05452	1538.02632	1524.94842
2025-08-12T13:49:51Z	24353.00000	1555.05489	1538.02568	1524.94872
2025-08-12T13:49:51Z	24353.00000	1555.05426	1538.02554	1524.94885
2025-08-12T13:49:51Z	24353.00000	1555.05453	1538.02557	1524.94891
2025-08-12T13:49:51Z	24353.00000	1555.05410	1538.02732	1524.94807
2025-08-12T13:49:51Z	24353.00000	1555.05422	1538.02606	1524.94868
2025-08-12T13:49:52Z	24353.00000	1555.05404	1538.02756	1524.94854
2025-08-12T13:49:52Z	24353.00000	1555.05421	1538.02538	1524.94851
2025-08-12T13:49:52Z	24353.00000	1555.05463	1538.02602	1524.94917
2025-08-12T13:49:52Z	24354.00000	1555.05396	1538.02611	1524.94864
2025-08-12T13:49:52Z	24354.00000	1555.05381	1538.02659	1524.94863
2025-08-12T13:49:52Z	24354.00000	1555.05406	1538.02675	1524.94834
2025-08-12T13:49:52Z	24354.00000	1555.05344	1538.02645	1524.94880
2025-08-12T13:49:52Z	24354.00000	1555.05361	1538.02433	1524.94908
2025-08-12T13:49:52Z	24354.00000	1555.05424	1538.02507	1524.94826
2025-08-12T13:49:53Z	24354.00000	1555.05321	1538.02703	1524.94846
2025-08-12T13:49:53Z	24354.00000	1555.05301	1538.02699	1524.94854
2025-08-12T13:49:53Z	24354.00000	1555.05399	1538.02547	1524.94850
2025-08-12T13:49:53Z	24354.00000	1555.05416	1538.02536	1524.94830
2025-08-12T13:49:53Z	24355.00000	1555.05371	1538.02557	1524.94875
2025-08-12T13:49:53Z	24355.00000	1555.05377	1538.02525	1524.94847
2025-08-12T13:49:53Z	24355.00000	1555.05334	1538.02534	1524.94851
2025-08-12T13:49:53Z	24355.00000	1555.05373	1538.02449	1524.94879
2025-08-12T13:49:53Z	24355.00000	1555.05356	1538.02517	1524.94919
2025-08-12T13:49:54Z	24355.00000	1555.05449	1538.02685	1524.94831
2025-08-12T13:49:54Z	24355.00000	1555.05432	1538.02542	1524.94876
2025-08-12T13:49:54Z	24355.00000	1555.05345	1538.02519	1524.94840
2025-08-12T13:49:54Z	24356.00000	1555.05345	1538.02544	1524.94849
2025-08-12T13:49:54Z	24356.00000	1555.05401	1538.02572	1524.94888
2025-08-12T13:49:54Z	24356.00000	1555.05422	1538.02581	1524.94890
2025-08-12T13:49:54Z	24356.00000	1555.05338	1538.02639	1524.94855
2025-08-12T13:49:54Z	24356.00000	1555.05302	1538.02483	1524.94841
2025-08-12T13:49:55Z	24356.00000	1555.05404	1538.02550	1524.94901
2025-08-12T13:49:55Z	24356.00000	1555.05390	1538.02577	1524.94863
2025-08-12T13:49:55Z	24356.00000	1555.05375	1538.02586	1524.94839
2025-08-12T13:49:55Z	24356.00000	1555.05386	1538.02476	1524.94809
2025-08-12T13:49:55Z	24357.00000	1555.05337	1538.02602	1524.94867
2025-08-12T13:49:55Z	24357.00000	1555.05383	1538.02447	1524.94884
2025-08-12T13:49:55Z	24357.00000	1555.05267	1538.02611	1524.94862
2025-08-12T13:49:55Z	24357.00000	1555.05395	1538.02622	1524.94917
2025-08-12T13:49:55Z	24357.00000	1555.05355	1538.02575	1524.94896
2025-08-12T13:49:56Z	24357.00000	1555.05340	1538.02554	1524.94824
2025-08-12T13:49:56Z	24357.00000	1555.05385	1538.02625	1524.94865
2025-08-12T13:49:56Z	24357.00000	1555.05385	1538.02417	1524.94825
2025-08-12T13:49:56Z	24358.00000	1555.05383	1538.02577	1524.94862
2025-08-12T13:49:56Z	24358.00000	1555.05307	1538.02516	1524.94877
2025-08-12T13:49:56Z	24358.00000	1555.05418	1538.02593	1524.94879
2025-08-12T13:49:56Z	24358.00000	1555.05363	1538.02419	1524.94856
2025-08-12T13:49:56Z	24358.00000	1555.05372	1538.02508	1524.94881
2025-08-12T13:49:57Z	24358.00000	1555.05376	1538.02537	1524.94866
2025-08-12T13:49:57Z	24358.00000	1555.05429	1538.02466	1524.94835
2025-08-12T13:49:57Z	24358.00000	1555.05351	1538.02504	1524.94886
2025-08-12T13:49:57Z	24358.00000	1555.05324	1538.02622	1524.94894
2025-08-12T13:49:57Z	24359.00000	1555.05392	1538.02398	1524.94893
2025-08-12T13:49:57Z	24359.00000	1555.05362	1538.02488	1524.94883
2025-08-12T13:49:57Z	24359.00000	1555.05386	1538.02522	1524.94892
2025-08-12T13:49:57Z	24359.00000	1555.05394	1538.02574	1524.94891
2025-08-12T13:49:57Z	24359.00000	1555.05371	1538.02537	1524.94884
2025-08-12T13:49:58Z	24359.00000	1555.05297	1538.02576	1524.94866
2025-08-12T13:49:58Z	24359.00000	1555.05366	1538.02418	1524.94886
2025-08-12T13:49:58Z	24359.00000	1555.05313	1538.02499	1524.94895
2025-08-12T13:49:58Z	24359.00000	1555.05345	1538.02471	1524.94816
2025-08-12T13:49:58Z	24360.00000	1555.05323	1538.02471	1524.94868
2025-08-12T13:49:58Z	24360.00000	1555.05238	1538.02568	1524.94852
2025-08-12T13:49:58Z	24360.00000	1555.05373	1538.02424	1524.94814
2025-08-12T13:49:59Z	24360.00000	1555.05327	1538.02496	1524.94858
2025-08-12T13:49:59Z	24360.00000	1555.05334	1538.02342	1524.94857
2025-08-12T13:49:59Z	24360.00000	1555.05269	1538.02417	1524.94912
2025-08-12T13:49:59Z	24360.00000	1555.05298	1538.02560	1524.94848
2025-08-12T13:49:59Z	24361.00000	1555.05276	1538.02452	1524.94878
2025-08-12T13:49:59Z	24361.00000	1555.05285	1538.02480	1524.94853
2025-08-12T13:49:59Z	24361.00000	1555.05314	1538.02416	1524.94849
2025-08-12T13:49:59Z	24361.00000	1555.05322	1538.02412	1524.94896
2025-08-12T13:50:00Z	24361.00000	1555.05300	1538.02363	1524.94861
2025-08-12T13:50:00Z	24361.00000	1555.05255	1538.02408	1524.94849
2025-08-12T13:50:00Z	24361.00000	1555.05244	1538.02419	1524.94885
2025-08-12T13:50:00Z	24361.00000	1555.05252	1538.02262	1524.94874
2025-08-12T13:50:00Z	24362.00000	1555.05314	1538.02459	1524.94844
2025-08-12T13:50:00Z	24362.00000	1555.05270	1538.02473	1524.94880
2025-08-12T13:50:00Z	24362.00000	1555.05194	1538.02347	1524.94867
2025-08-12T13:50:00Z	24362.00000	1555.05346	1538.02443	1524.94862
2025-08-12T13:50:00Z	24362.00000	1555.05257	1538.02423	1524.94883
2025-08-12T13:50:00Z	24362.00000	1555.05388	1538.02434	1524.94820
2025-08-12T13:50:01Z	24362.00000	1555.05334	1538.02317	1524.94908
2025-08-12T13:50:01Z	24362.00000	1555.05263	1538.02501	1524.94890
2025-08-12T13:50:01Z	24362.00000	1555.05305	1538.02428	1524.94848
2025-08-12T13:50:01Z	24362.00000	1555.05303	1538.02334	1524.94855
2025-08-12T13:50:01Z	24363.00000	1555.05324	1538.02407	1524.94850
2025-08-12T13:50:01Z	24363.00000	1555.05235	1538.02363	1524.94817
2025-08-12T13:50:01Z	24363.00000	1555.05316	1538.02379	1524.94861
2025-08-12T13:50:01Z	24363.00000	1555.05261	1538.02404	1524.94862
2025-08-12T13:50:02Z	24363.00000	1555.05332	1538.02506	1524.94850
2025-08-12T13:50:02Z	24363.00000	1555.05269	1538.02362	1524.94839
2025-08-12T13:50:02Z	24363.00000	1555.05311	1538.02486	1524.94844
2025-08-12T13:50:02Z	24364.00000	1555.05325	1538.02368	1524.94843
2025-08-12T13:50:02Z	24364.00000	1555.05185	1538.02344	1524.94865
2025-08-12T13:50:02Z	24364.00000	1555.05294	1538.02358	1524.94844
2025-08-12T13:50:02Z	24364.00000	1555.05280	1538.02402	1524.94874
2025-08-12T13:50:02Z	24364.00000	1555.05187	1538.02372	1524.94861
2025-08-12T13:50:03Z	24364.00000	1555.05305	1538.02395	1524.94867
2025-08-12T13:50:03Z	24364.00000	1555.05284	1538.02493	1524.94814
2025-08-12T13:50:03Z	24364.00000	1555.05298	1538.02350	1524.94822
2025-08-12T13:50:03Z	24364.00000	1555.05385	1538.02302	1524.94867
2025-08-12T13:50:03Z	24365.00000	1555.05298	1538.02446	1524.94858
2025-08-12T13:50:03Z	24365.00000	1555.05261	1538.02281	1524.94832
2025-08-12T13:50:03Z	24365.00000	1555.05286	1538.02332	1524.94838
2025-08-12T13:50:03Z	24365.00000	1555.05245	1538.02438	1524.94831
2025-08-12T13:50:03Z	24365.00000	1555.05279	1538.02246	1524.94858
2025-08-12T13:50:03Z	24365.00000	1555.05273	1538.02461	1524.94859
2025-08-12T13:50:04Z	24365.00000	1555.05298	1538.02413	1524.94880
2025-08-12T13:50:04Z	24365.00000	1555.05280	1538.02254	1524.94853
2025-08-12T13:50:04Z	24365.00000	1555.05234	1538.02197	1524.94853
2025-08-12T13:50:04Z	24365.00000	1555.05323	1538.02218	1524.94859
2025-08-12T13:50:04Z	24365.00000	1555.05196	1538.02412	1524.94866
2025-08-12T13:50:04Z	24366.00000	1555.05207	1538.02307	1524.94865
2025-08-12T13:50:04Z	24366.00000	1555.05227	1538.02327	1524.94865
2025-08-12T13:50:04Z	24366.00000	1555.05283	1538.02288	1524.94878
2025-08-12T13:50:04Z	24366.00000	1555.05221	1538.02346	1524.94827
2025-08-12T13:50:04Z	24366.00000	1555.05203	1538.02392	1524.94879
2025-08-12T13:50:05Z	24366.00000	1555.05262	1538.02265	1524.94851
2025-08-12T13:50:05Z	24366.00000	1555.05194	1538.02262	1524.94823
2025-08-12T13:50:05Z	24366.00000	1555.05314	1538.02362	1524.94802
2025-08-12T13:50:05Z	24366.00000	1555.05133	1538.02254	1524.94841
2025-08-12T13:50:05Z	24367.00000	1555.05189	1538.02362	1524.94875
2025-08-12T13:50:05Z	24367.00000	1555.05267	1538.02260	1524.94825
2025-08-12T13:50:05Z	24367.00000	1555.05247	1538.02436	1524.94835
2025-08-12T13:50:05Z	24367.00000	1555.05247	1538.02278	1524.94874
2025-08-12T13:50:05Z	24367.00000	1555.05176	1538.02307	1524.94876
2025-08-12T13:50:05Z	24367.00000	1555.05319	1538.02413	1524.94796
2025-08-12T13:50:06Z	24367.00000	1555.05275	1538.02416	1524.94877
2025-08-12T13:50:06Z	24367.00000	1555.05225	1538.02379	1524.94839
2025-08-12T13:50:06Z	24367.00000	1555.05147	1538.02225	1524.94818
2025-08-12T13:50:06Z	24367.00000	1555.05171	1538.02193	1524.94859
2025-08-12T13:50:06Z	24368.00000	1555.05252	1538.02272	1524.94826
2025-08-12T13:50:06Z	24368.00000	1555.05260	1538.02284	1524.94846
2025-08-12T13:50:06Z	24368.00000	1555.05166	1538.02231	1524.94867
2025-08-12T13:50:06Z	24368.00000	1555.05231	1538.02418	1524.94896
2025-08-12T13:50:06Z	24368.00000	1555.05182	1538.02316	1524.94844
2025-08-12T13:50:06Z	24368.00000	1555.05214	1538.02271	1524.94862
2025-08-12T13:50:07Z	24368.00000	1555.05241	1538.02246	1524.94830
2025-08-12T13:50:07Z	24368.00000	1555.05252	1538.02178	1524.94874
2025-08-12T13:50:07Z	24368.00000	1555.05241	1538.02301	1524.94862
2025-08-12T13:50:07Z	24368.00000	1555.05219	1538.02218	1524.94847
2025-08-12T13:50:07Z	24369.00000	1555.05154	1538.02179	1524.94877
2025-08-12T13:50:07Z	24369.00000	1555.05170	1538.02219	1524.94824
2025-08-12T13:50:07Z	24369.00000	1555.05137	1538.02216	1524.94846
2025-08-12T13:50:07Z	24369.00000	1555.05170	1538.02278	1524.94799
2025-08-12T13:50:07Z	24369.00000	1555.05260	1538.02057	1524.94862
2025-08-12T13:50:07Z	24369.00000	1555.05257	1538.02321	1524.94827
2025-08-12T13:50:08Z	24369.00000	1555.05201	1538.02227	1524.94878
2025-08-12T13:50:08Z	24369.00000	1555.05237	1538.02202	1524.94863
2025-08-12T13:50:08Z	24369.00000	1555.05280	1538.02293	1524.94865
2025-08-12T13:50:08Z	24369.00000	1555.05217	1538.02369	1524.94870
2025-08-12T13:50:08Z	24370.00000	1555.05091	1538.02108	1524.94831
2025-08-12T13:50:08Z	24370.00000	1555.05290	1538.02295	1524.94856
2025-08-12T13:50:08Z	24370.00000	1555.05209	1538.02167	1524.94847
2025-08-12T13:50:08Z	24370.00000	1555.05245	1538.02220	1524.94870
2025-08-12T13:50:08Z	24370.00000	1555.05292	1538.02216	1524.94849
2025-08-12T13:50:09Z	24370.00000	1555.05259	1538.02202	1524.94878
2025-08-12T13:50:09Z	24370.00000	1555.05225	1538.02213	1524.94880
2025-08-12T13:50:09Z	24370.00000	1555.05207	1538.02199	1524.94895
2025-08-12T13:50:09Z	24370.00000	1555.05242	1538.02119	1524.94887
2025-08-12T13:50:09Z	24370.00000	1555.05140	1538.02215	1524.94842
2025-08-12T13:50:09Z	24371.00000	1555.05297	1538.02219	1524.94862
2025-08-12T13:50:09Z	24371.00000	1555.05251	1538.02159	1524.94846
2025-08-12T13:50:09Z	24371.00000	1555.05238	1538.02173	1524.94880
2025-08-12T13:50:09Z	24371.00000	1555.05272	1538.02161	1524.94856
2025-08-12T13:50:09Z	24371.00000	1555.05175	1538.02259	1524.94841
2025-08-12T13:50:09Z	24371.00000	1555.05190	1538.02108	1524.94842
2025-08-12T13:50:10Z	24371.00000	1555.05175	1538.02049	1524.94875
2025-08-12T13:50:10Z	24371.00000	1555.05226	1538.02202	1524.94859
2025-08-12T13:50:10Z	24371.00000	1555.05253	1538.02240	1524.94845
2025-08-12T13:50:10Z	24371.00000	1555.05203	1538.02253	1524.94830
2025-08-12T13:50:10Z	24372.00000	1555.05157	1538.02233	1524.94842
2025-08-12T13:50:10Z	24372.00000	1555.05112	1538.02183	1524.94875
2025-08-12T13:50:10Z	24372.00000	1555.05144	1538.02137	1524.94855
2025-08-12T13:50:10Z	24372.00000	1555.05236	1538.02216	1524.94875
2025-08-12T13:50:10Z	24372.00000	1555.05184	1538.02149	1524.94880
2025-08-12T13:50:10Z	24372.00000	1555.05182	1538.02234	1524.94825
2025-08-12T13:50:11Z	24372.00000	1555.05240	1538.02237	1524.94861
2025-08-12T13:50:11Z	24372.00000	1555.05248	1538.02234	1524.94822
2025-08-12T13:50:11Z	24372.00000	1555.05187	1538.02308	1524.94853
2025-08-12T13:50:11Z	24372.00000	1555.05228	1538.02148	1524.94863
2025-08-12T13:50:11Z	24373.00000	1555.05221	1538.02162	1524.94837
2025-08-12T13:50:11Z	24373.00000	1555.05126	1538.02159	1524.94866
2025-08-12T13:50:11Z	24373.00000	1555.05168	1538.02125	1524.94844
2025-08-12T13:50:11Z	24373.00000	1555.05180	1538.02254	1524.94876
2025-08-12T13:50:11Z	24373.00000	1555.05192	1538.02115	1524.94804
2025-08-12T13:50:11Z	24373.00000	1555.05241	1538.02119	1524.94869
2025-08-12T13:50:12Z	24373.00000	1555.05135	1538.02229	1524.94868
2025-08-12T13:50:12Z	24373.00000	1555.05193	1538.02224	1524.94868
2025-08-12T13:50:12Z	24373.00000	1555.05193	1538.02210	1524.94828
2025-08-12T13:50:12Z	24373.00000	1555.05209	1538.02253	1524.94892
2025-08-12T13:50:12Z	24373.00000	1555.05322	1538.02158	1524.94854
2025-08-12T13:50:12Z	24374.00000	1555.05129	1538.02079	1524.94865
2025-08-12T13:50:12Z	24374.00000	1555.05212	1538.02184	1524.94878
2025-08-12T13:50:12Z	24374.00000	1555.05130	1538.02133	1524.94892
2025-08-12T13:50:12Z	24374.00000	1555.05171	1538.02166	1524.94782
2025-08-12T13:50:12Z	24374.00000	1555.05190	1538.02017	1524.94853
2025-08-12T13:50:13Z	24374.00000	1555.05160	1538.02182	1524.94921
2025-08-12T13:50:13Z	24374.00000	1555.05098	1538.02208	1524.94893
2025-08-12T13:50:13Z	24374.00000	1555.05170	1538.02215	1524.94869
2025-08-12T13:50:13Z	24374.00000	1555.05218	1538.02247	1524.94831
2025-08-12T13:50:13Z	24375.00000	1555.05194	1538.02198	1524.94888
2025-08-12T13:50:13Z	24375.00000	1555.05039	1538.02148	1524.94790
2025-08-12T13:50:13Z	24375.00000	1555.05203	1538.02259	1524.94853
2025-08-12T13:50:13Z	24375.00000	1555.05197	1538.02154	1524.94907
2025-08-12T13:50:13Z	24375.00000	1555.05146	1538.02180	1524.94875
2025-08-12T13:50:13Z	24375.00000	1555.05168	1538.02095	1524.94881
2025-08-12T13:50:14Z	24375.00000	1555.05236	1538.02101	1524.94800
2025-08-12T13:50:14Z	24375.00000	1555.05254	1538.01998	1524.94853
2025-08-12T13:50:14Z	24375.00000	1555.05178	1538.01985	1524.94846
2025-08-12T13:50:14Z	24375.00000	1555.05203	1538.02140	1524.94902
2025-08-12T13:50:14Z	24376.00000	1555.05250	1538.02060	1524.94859
2025-08-12T13:50:14Z	24376.00000	1555.05168	1538.02216	1524.94855
2025-08-12T13:50:14Z	24376.00000	1555.05227	1538.02219	1524.94918
2025-08-12T13:50:14Z	24376.00000	1555.05111	1538.02119	1524.94858
2025-08-12T13:50:14Z	24376.00000	1555.05241	1538.02126	1524.94865
2025-08-12T13:50:14Z	24376.00000	1555.05154	1538.02083	1524.94875
2025-08-12T13:50:15Z	24376.00000	1555.05143	1538.01985	1524.94869
2025-08-12T13:50:15Z	24376.00000	1555.05112	1538.02067	1524.94892
2025-08-12T13:50:15Z	24376.00000	1555.05182	1538.02216	1524.94860
2025-08-12T13:50:15Z	24376.00000	1555.05151	1538.01972	1524.94907
2025-08-12T13:50:15Z	24377.00000	1555.05140	1538.02092	1524.94884
2025-08-12T13:50:15Z	24377.00000	1555.05075	1538.02040	1524.94882
2025-08-12T13:50:15Z	24377.00000	1555.05167	1538.02180	1524.94871
2025-08-12T13:50:15Z	24377.00000	1555.05178	1538.02108	1524.94894
2025-08-12T13:50:15Z	24377.00000	1555.05140	1538.02037	1524.94880
2025-08-12T13:50:16Z	24377.00000	1555.05100	1538.02063	1524.94848
2025-08-12T13:50:16Z	24377.00000	1555.05211	1538.02094	1524.94887
2025-08-12T13:50:16Z	24377.00000	1555.05191	1538.02049	1524.94876
2025-08-12T13:50:16Z	24377.00000	1555.05175	1538.02131	1524.94913
2025-08-12T13:50:16Z	24378.00000	1555.05173	1538.02140	1524.94868
2025-08-12T13:50:16Z	24378.00000	1555.05176	1538.02130	1524.94851
2025-08-12T13:50:16Z	24378.00000	1555.05148	1538.02013	1524.94856
2025-08-12T13:50:16Z	24378.00000	1555.05165	1538.02196	1524.94874
2025-08-12T13:50:16Z	24378.00000	1555.05208	1538.02146	1524.94839
2025-08-12T13:50:16Z	24378.00000	1555.05157	1538.02019	1524.94869
2025-08-12T13:50:17Z	24378.00000	1555.05167	1538.02026	1524.94850
2025-08-12T13:50:17Z	24378.00000	1555.05167	1538.01911	1524.94892
2025-08-12T13:50:17Z	24378.00000	1555.05120	1538.02166	1524.94886
2025-08-12T13:50:17Z	24378.00000	1555.05127	1538.02158	1524.94841
2025-08-12T13:50:17Z	24379.00000	1555.05110	1538.02081	1524.94888
2025-08-12T13:50:17Z	24379.00000	1555.05135	1538.02105	1524.94882
2025-08-12T13:50:17Z	24379.00000	1555.05111	1538.02226	1524.94852
2025-08-12T13:50:17Z	24379.00000	1555.05127	1538.01948	1524.94850
2025-08-12T13:50:17Z	24379.00000	1555.05157	1538.01898	1524.94847
2025-08-12T13:50:18Z	24379.00000	1555.05152	1538.02038	1524.94881
2025-08-12T13:50:18Z	24379.00000	1555.05160	1538.02145	1524.94782
2025-08-12T13:50:18Z	24379.00000	1555.05174	1538.02107	1524.94844
2025-08-12T13:50:18Z	24379.00000	1555.05181	1538.01916	1524.94813
2025-08-12T13:50:18Z	24379.00000	1555.05088	1538.02127	1524.94880
2025-08-12T13:50:18Z	24380.00000	1555.05206	1538.01905	1524.94883
2025-08-12T13:50:18Z	24380.00000	1555.05203	1538.02086	1524.94844
2025-08-12T13:50:18Z	24380.00000	1555.05156	1538.02219	1524.94894
2025-08-12T13:50:18Z	24380.00000	1555.05215	1538.02075	1524.94876
2025-08-12T13:50:18Z	24380.00000	1555.05132	1538.02103	1524.94856
2025-08-12T13:50:18Z	24380.00000	1555.05159	1538.01955	1524.94836
2025-08-12T13:50:19Z	24380.00000	1555.05135	1538.01882	1524.94828
2025-08-12T13:50:19Z	24380.00000	1555.05155	1538.01738	1524.94850
2025-08-12T13:50:19Z	24380.00000	1555.05200	1538.01882	1524.94801
2025-08-12T13:50:19Z	24380.00000	1555.05160	1538.01870	1524.94875
2025-08-12T13:50:19Z	24381.00000	1555.05091	1538.02009	1524.94859
2025-08-12T13:50:19Z	24381.00000	1555.05128	1538.02122	1524.94859
2025-08-12T13:50:19Z	24381.00000	1555.05208	1538.01967	1524.94845
2025-08-12T13:50:19Z	24381.00000	1555.05085	1538.01946	1524.94899
2025-08-12T13:50:19Z	24381.00000	1555.05156	1538.01999	1524.94786
2025-08-12T13:50:19Z	24381.00000	1555.05162	1538.02163	1524.94857
2025-08-12T13:50:20Z	24381.00000	1555.05147	1538.02097	1524.94849
2025-08-12T13:50:20Z	24381.00000	1555.05128	1538.02094	1524.94871
2025-08-12T13:50:20Z	24381.00000	1555.05134	1538.02108	1524.94797
2025-08-12T13:50:20Z	24381.00000	1555.05115	1538.01999	1524.94890
2025-08-12T13:50:20Z	24382.00000	1555.05163	1538.02035	1524.94845
2025-08-12T13:50:20Z	24382.00000	1555.05103	1538.01927	1524.94819
2025-08-12T13:50:20Z	24382.00000	1555.05139	1538.01934	1524.94902
2025-08-12T13:50:20Z	24382.00000	1555.05176	1538.02027	1524.94801
2025-08-12T13:50:20Z	24382.00000	1555.05090	1538.01936	1524.94842
2025-08-12T13:50:20Z	24382.00000	1555.05177	1538.02001	1524.94854
2025-08-12T13:50:21Z	24382.00000	1555.05160	1538.02008	1524.94822
2025-08-12T13:50:21Z	24382.00000	1555.05161	1538.01870	1524.94892
2025-08-12T13:50:21Z	24382.00000	1555.05026	1538.01846	1524.94944
2025-08-12T13:50:21Z	24382.00000	1555.05117	1538.02063	1524.94877
2025-08-12T13:50:21Z	24383.00000	1555.05094	1538.01972	1524.94768
2025-08-12T13:50:21Z	24383.00000	1555.05074	1538.02047	1524.94868
2025-08-12T13:50:21Z	24383.00000	1555.05091	1538.01854	1524.94844
2025-08-12T13:50:21Z	24383.00000	1555.05110	1538.02077	1524.94913
2025-08-12T13:50:21Z	24383.00000	1555.05120	1538.01874	1524.94801
2025-08-12T13:50:22Z	24383.00000	1555.05108	1538.01942	1524.94872
2025-08-12T13:50:22Z	24383.00000	1555.05138	1538.02007	1524.94860
2025-08-12T13:50:22Z	24383.00000	1555.05020	1538.02106	1524.94867
2025-08-12T13:50:22Z	24383.00000	1555.05142	1538.01974	1524.94808
2025-08-12T13:50:22Z	24383.00000	1555.16432	1538.20969	1524.94731
2025-08-12T13:50:22Z	24383.00000	1555.29371	1538.44782	1524.96026
2025-08-12T13:50:22Z	24384.00000	1555.41761	1538.65285	1524.94917
2025-08-12T13:50:22Z	24384.00000	1555.54863	1538.88844	1524.95477
2025-08-12T13:50:22Z	24384.00000	1555.66987	1539.10035	1524.95107
2025-08-12T13:50:22Z	24384.00000	1555.78386	1539.29824	1524.94645
2025-08-12T13:50:22Z	24384.00000	1555.86893	1539.45098	1524.95014
2025-08-12T13:50:23Z	24384.00000	1555.93654	1539.56684	1524.94767
2025-08-12T13:50:23Z	24384.00000	1556.01542	1539.70200	1524.94960
2025-08-12T13:50:23Z	24384.00000	1556.09889	1539.85635	1524.95012
2025-08-12T13:50:23Z	24384.00000	1556.17682	1539.98988	1524.95073
2025-08-12T13:50:23Z	24385.00000	1556.24780	1540.10648	1524.95359
2025-08-12T13:50:23Z	24385.00000	1556.29870	1540.19129	1524.95497
2025-08-12T13:50:23Z	24385.00000	1556.35405	1540.27851	1524.95541
2025-08-12T13:50:23Z	24385.00000	1556.40505	1540.37041	1524.95489
2025-08-12T13:50:23Z	24385.00000	1556.46216	1540.45928	1524.95656
2025-08-12T13:50:23Z	24385.00000	1556.51108	1540.54156	1524.95801
2025-08-12T13:50:24Z	24385.00000	1556.54412	1540.59379	1524.95758
2025-08-12T13:50:24Z	24385.00000	1556.58281	1540.65805	1524.95945
2025-08-12T13:50:24Z	24385.00000	1556.61496	1540.71875	1524.96023
2025-08-12T13:50:24Z	24385.00000	1556.64723	1540.76479	1524.95982
2025-08-12T13:50:24Z	24385.00000	1556.67765	1540.81300	1524.96169
2025-08-12T13:50:24Z	24386.00000	1556.70421	1540.85549	1524.96274
2025-08-12T13:50:24Z	24386.00000	1556.72484	1540.90557	1524.96169
2025-08-12T13:50:24Z	24386.00000	1556.74651	1540.93352	1524.96294
2025-08-12T13:50:24Z	24386.00000	1556.75867	1540.95732	1524.96329
2025-08-12T13:50:25Z	24386.00000	1556.77320	1540.98173	1524.96273
2025-08-12T13:50:25Z	24386.00000	1556.78790	1540.99737	1524.96344
2025-08-12T13:50:25Z	24386.00000	1556.79499	1541.00717	1524.96373
2025-08-12T13:50:25Z	24386.00000	1556.80563	1541.02356	1524.96350
2025-08-12T13:50:25Z	24386.00000	1556.81625	1541.03956	1524.96344
2025-08-12T13:50:25Z	24387.00000	1556.82366	1541.05383	1524.96360
2025-08-12T13:50:25Z	24387.00000	1556.82594	1541.06220	1524.96403
2025-08-12T13:50:25Z	24387.00000	1556.82941	1541.06655	1524.96417
2025-08-12T13:50:25Z	24387.00000	1556.83214	1541.08408	1524.96365
2025-08-12T13:50:25Z	24387.00000	1556.83491	1541.08312	1524.96396
2025-08-12T13:50:25Z	24387.00000	1556.83752	1541.08863	1524.96484
2025-08-12T13:50:26Z	24387.00000	1556.84045	1541.09473	1524.96514
2025-08-12T13:50:26Z	24387.00000	1556.83823	1541.08566	1524.97064
2025-08-12T13:50:26Z	24387.00000	1555.27811	1538.38444	1524.94740
2025-08-12T13:50:26Z	24387.00000	1555.06983	1538.06585	1524.94199
2025-08-12T13:50:26Z	24388.00000	1555.06762	1538.06085	1524.94988
2025-08-12T13:50:26Z	24388.00000	1555.06890	1538.05693	1524.94975
2025-08-12T13:50:26Z	24388.00000	1555.06843	1538.05430	1524.94938
2025-08-12T13:50:26Z	24388.00000	1555.06459	1538.04954	1524.94849
2025-08-12T13:50:26Z	24388.00000	1555.06503	1538.05110	1524.94927
2025-08-12T13:50:27Z	24388.00000	1555.06385	1538.04925	1524.94982
2025-08-12T13:50:27Z	24388.00000	1555.06315	1538.04668	1524.94914
2025-08-12T13:50:27Z	24388.00000	1555.06277	1538.04644	1524.94954
2025-08-12T13:50:27Z	24388.00000	1555.06196	1538.04392	1524.94869
2025-08-12T13:50:27Z	24388.00000	1555.06152	1538.04484	1524.94884
2025-08-12T13:50:27Z	24389.00000	1555.06069	1538.04193	1524.94878
2025-08-12T13:50:27Z	24389.00000	1555.06015	1538.04165	1524.94746
2025-08-12T13:50:27Z	24389.00000	1555.05984	1538.03966	1524.94733
2025-08-12T13:50:27Z	24389.00000	1555.06138	1538.04339	1524.95128
2025-08-12T13:50:27Z	24389.00000	1555.05996	1538.04078	1524.95000
2025-08-12T13:50:28Z	24389.00000	1555.05947	1538.03774	1524.94756
2025-08-12T13:50:28Z	24389.00000	1555.05855	1538.03736	1524.94856
2025-08-12T13:50:28Z	24389.00000	1555.05884	1538.03719	1524.94731
2025-08-12T13:50:28Z	24389.00000	1555.05830	1538.03785	1524.94831
2025-08-12T13:50:28Z	24389.00000	1555.05859	1538.03733	1524.94842
2025-08-12T13:50:28Z	24390.00000	1555.05798	1538.03729	1524.94855
2025-08-12T13:50:28Z	24390.00000	1555.05871	1538.03715	1524.94864
2025-08-12T13:50:28Z	24390.00000	1555.05858	1538.03654	1524.94827
2025-08-12T13:50:28Z	24390.00000	1555.05792	1538.03605	1524.94843
2025-08-12T13:50:28Z	24390.00000	1555.05793	1538.03494	1524.94842
2025-08-12T13:50:28Z	24390.00000	1555.05773	1538.03446	1524.94876
2025-08-12T13:50:29Z	24390.00000	1555.05801	1538.03498	1524.94888
2025-08-12T13:50:29Z	24390.00000	1555.05726	1538.03581	1524.94847
2025-08-12T13:50:29Z	24390.00000	1555.05782	1538.03420	1524.94871
2025-08-12T13:50:29Z	24390.00000	1555.05726	1538.03440	1524.94845
2025-08-12T13:50:29Z	24391.00000	1555.05697	1538.03329	1524.94850
2025-08-12T13:50:29Z	24391.00000	1555.05773	1538.03357	1524.94809
2025-08-12T13:50:29Z	24391.00000	1555.05752	1538.03409	1524.94826
2025-08-12T13:50:29Z	24391.00000	1555.05674	1538.03356	1524.94845
2025-08-12T13:50:29Z	24391.00000	1555.05658	1538.03298	1524.94837
2025-08-12T13:50:29Z	24391.00000	1555.05599	1538.03186	1524.94858
2025-08-12T13:50:30Z	24391.00000	1555.05671	1538.03217	1524.94847
2025-08-12T13:50:30Z	24391.00000	1555.05697	1538.03175	1524.94760
2025-08-12T13:50:30Z	24391.00000	1555.05627	1538.03050	1524.94822
2025-08-12T13:50:30Z	24391.00000	1555.05648	1538.03268	1524.94821
2025-08-12T13:50:30Z	24392.00000	1555.05615	1538.03319	1524.94786
2025-08-12T13:50:30Z	24392.00000	1555.05601	1538.03100	1524.94801
2025-08-12T13:50:30Z	24392.00000	1555.05614	1538.03059	1524.94827
2025-08-12T13:50:30Z	24392.00000	1555.05540	1538.03065	1524.94864
2025-08-12T13:50:30Z	24392.00000	1555.05563	1538.02988	1524.94847
2025-08-12T13:50:31Z	24392.00000	1555.05482	1538.03213	1524.94810
2025-08-12T13:50:31Z	24392.00000	1555.05528	1538.03145	1524.94818
2025-08-12T13:50:31Z	24392.00000	1555.05568	1538.03076	1524.94820
2025-08-12T13:50:31Z	24392.00000	1555.21614	1538.32297	1524.96514
2025-08-12T13:50:31Z	24392.00000	1555.36857	1538.57629	1524.94854
2025-08-12T13:50:31Z	24393.00000	1555.49026	1538.78261	1524.95586
2025-08-12T13:50:31Z	24393.00000	1555.63558	1539.03253	1524.94555
2025-08-12T13:50:31Z	24393.00000	1555.74550	1539.23244	1524.95023
2025-08-12T13:50:31Z	24393.00000	1555.89573	1539.50004	1524.94808
2025-08-12T13:50:32Z	24393.00000	1555.98976	1539.66232	1524.94945
2025-08-12T13:50:32Z	24393.00000	1556.06412	1539.78484	1524.95027
2025-08-12T13:50:32Z	24393.00000	1556.17977	1539.99188	1524.95165
2025-08-12T13:50:32Z	24393.00000	1556.26215	1540.12827	1524.95242
2025-08-12T13:50:32Z	24394.00000	1556.33175	1540.24148	1524.95224
2025-08-12T13:50:32Z	24394.00000	1556.37590	1540.31408	1524.95520
2025-08-12T13:50:32Z	24394.00000	1556.41602	1540.38822	1524.95685
2025-08-12T13:50:32Z	24394.00000	1556.45839	1540.45094	1524.95618
2025-08-12T13:50:32Z	24394.00000	1556.52358	1540.56068	1524.95679
2025-08-12T13:50:33Z	24394.00000	1556.56468	1540.62938	1524.95777
2025-08-12T13:50:33Z	24394.00000	1556.60252	1540.68735	1524.96043
2025-08-12T13:50:33Z	24394.00000	1556.63683	1540.74662	1524.95988
2025-08-12T13:50:33Z	24394.00000	1556.66417	1540.79316	1524.96061
2025-08-12T13:50:33Z	24394.00000	1556.69445	1540.83580	1524.96091
2025-08-12T13:50:33Z	24395.00000	1556.71461	1540.87176	1524.96189
2025-08-12T13:50:33Z	24395.00000	1556.72890	1540.90851	1524.96156
2025-08-12T13:50:33Z	24395.00000	1556.74682	1540.93570	1524.96327
2025-08-12T13:50:33Z	24395.00000	1556.76039	1540.95797	1524.96266
2025-08-12T13:50:33Z	24395.00000	1556.77217	1540.97893	1524.96262
2025-08-12T13:50:33Z	24395.00000	1556.78914	1540.99939	1524.96257
2025-08-12T13:50:34Z	24395.00000	1556.79836	1541.01092	1524.96329
2025-08-12T13:50:34Z	24395.00000	1556.80899	1541.03005	1524.96326
2025-08-12T13:50:34Z	24395.00000	1556.81712	1541.04031	1524.96375
2025-08-12T13:50:34Z	24395.00000	1556.82405	1541.05318	1524.96357
2025-08-12T13:50:34Z	24396.00000	1556.82978	1541.06259	1524.96437
2025-08-12T13:50:34Z	24396.00000	1556.83255	1541.06710	1524.96454
2025-08-12T13:50:34Z	24396.00000	1556.83788	1541.08699	1524.96417
2025-08-12T13:50:34Z	24396.00000	1556.84090	1541.09382	1524.96445
2025-08-12T13:50:34Z	24396.00000	1556.84405	1541.09658	1524.96465
2025-08-12T13:50:35Z	24396.00000	1556.84583	1541.10132	1524.96480
2025-08-12T13:50:35Z	24396.00000	1555.32089	1538.51809	1524.96335
2025-08-12T13:50:35Z	24396.00000	1555.06965	1538.06067	1524.94184
2025-08-12T13:50:35Z	24397.00000	1555.07464	1538.06501	1524.94985
2025-08-12T13:50:35Z	24397.00000	1555.07137	1538.05943	1524.94875
2025-08-12T13:50:35Z	24397.00000	1555.06845	1538.05660	1524.94874
2025-08-12T13:50:35Z	24397.00000	1555.06791	1538.05426	1524.94878
2025-08-12T13:50:35Z	24397.00000	1555.06751	1538.05446	1524.94888
2025-08-12T13:50:36Z	24397.00000	1555.06669	1538.05238	1524.94913
2025-08-12T13:50:36Z	24397.00000	1555.06505	1538.05166	1524.94916
2025-08-12T13:50:36Z	24397.00000	1555.06461	1538.04916	1524.94799
2025-08-12T13:50:36Z	24397.00000	1555.06422	1538.04989	1524.94943
2025-08-12T13:50:36Z	24397.00000	1555.06415	1538.05009	1524.94929
2025-08-12T13:50:36Z	24398.00000	1555.06335	1538.04933	1524.94887
2025-08-12T13:50:36Z	24398.00000	1555.06265	1538.04706	1524.94995
2025-08-12T13:50:36Z	24398.00000	1555.06177	1538.04610	1524.95059
2025-08-12T13:50:36Z	24398.00000	1555.06184	1538.04509	1524.94858
2025-08-12T13:50:37Z	24398.00000	1555.06105	1538.04297	1524.94923
2025-08-12T13:50:37Z	24398.00000	1555.06090	1538.04352	1524.94930
2025-08-12T13:50:37Z	24398.00000	1555.06129	1538.04271	1524.94961
2025-08-12T13:50:37Z	24398.00000	1555.06059	1538.04301	1524.94852
2025-08-12T13:50:37Z	24398.00000	1555.06003	1538.04177	1524.94856
2025-08-12T13:50:37Z	24399.00000	1555.06013	1538.04053	1524.94865
2025-08-12T13:50:37Z	24399.00000	1555.05967	1538.04082	1524.94872
2025-08-12T13:50:37Z	24399.00000	1555.05954	1538.03908	1524.94862
2025-08-12T13:50:37Z	24399.00000	1555.06015	1538.04011	1524.94851
2025-08-12T13:50:37Z	24399.00000	1555.05972	1538.03904	1524.94853
2025-08-12T13:50:38Z	24399.00000	1555.05962	1538.03791	1524.94857
2025-08-12T13:50:38Z	24399.00000	1555.05938	1538.03794	1524.94881
2025-08-12T13:50:38Z	24399.00000	1555.05883	1538.03933	1524.94836
2025-08-12T13:50:38Z	24399.00000	1555.05949	1538.03750	1524.94823
2025-08-12T13:50:38Z	24400.00000	1555.05928	1538.03694	1524.94854
2025-08-12T13:50:38Z	24400.00000	1555.05928	1538.03586	1524.94845
2025-08-12T13:50:38Z	24400.00000	1555.05881	1538.03724	1524.94836
2025-08-12T13:50:38Z	24400.00000	1555.05821	1538.03567	1524.94842
2025-08-12T13:50:38Z	24400.00000	1555.05844	1538.03618	1524.94841
2025-08-12T13:50:39Z	24400.00000	1555.05850	1538.03768	1524.94806
2025-08-12T13:50:39Z	24400.00000	1555.05765	1538.03599	1524.94856
2025-08-12T13:50:39Z	24400.00000	1555.05793	1538.03644	1524.94847
2025-08-12T13:50:39Z	24400.00000	1555.05785	1538.03583	1524.94743
2025-08-12T13:50:39Z	24401.00000	1555.05779	1538.03500	1524.94735
2025-08-12T13:50:39Z	24401.00000	1555.05745	1538.03457	1524.94787
2025-08-12T13:50:39Z	24401.00000	1555.05832	1538.03644	1524.94942
2025-08-12T13:50:39Z	24401.00000	1555.05781	1538.03571	1524.94946
2025-08-12T13:50:39Z	24401.00000	1555.05858	1538.03690	1524.94979
2025-08-12T13:50:39Z	24401.00000	1555.05702	1538.03472	1524.94585
2025-08-12T13:50:40Z	24401.00000	1555.05710	1538.03467	1524.94903
2025-08-12T13:50:40Z	24401.00000	1555.05703	1538.03315	1524.94708
2025-08-12T13:50:40Z	24401.00000	1555.13677	1538.18786	1524.96185
2025-08-12T13:50:40Z	24402.00000	1555.29774	1538.45636	1524.95641
2025-08-12T13:50:40Z	24402.00000	1555.53756	1538.86250	1524.94532
2025-08-12T13:50:40Z	24402.00000	1555.67919	1539.11214	1524.94758
2025-08-12T13:50:40Z	24402.00000	1555.77247	1539.28365	1524.95155
2025-08-12T13:50:41Z	24402.00000	1555.87620	1539.46168	1524.94930
2025-08-12T13:50:41Z	24402.00000	1555.94819	1539.58075	1524.94785
2025-08-12T13:50:41Z	24402.00000	1556.02415	1539.71827	1524.94934
2025-08-12T13:50:41Z	24402.00000	1556.10711	1539.86353	1524.95002
2025-08-12T13:50:41Z	24402.00000	1556.22822	1540.06874	1524.95143
2025-08-12T13:50:41Z	24403.00000	1556.29254	1540.17517	1524.95270
2025-08-12T13:50:41Z	24403.00000	1556.34674	1540.26605	1524.95647
2025-08-12T13:50:41Z	24403.00000	1556.39883	1540.35643	1524.95432
2025-08-12T13:50:41Z	24403.00000	1556.45790	1540.44949	1524.95659
2025-08-12T13:50:41Z	24403.00000	1556.50984	1540.53866	1524.95703
2025-08-12T13:50:42Z	24403.00000	1556.54788	1540.59852	1524.95791
2025-08-12T13:50:42Z	24403.00000	1556.58221	1540.65430	1524.95886
2025-08-12T13:50:42Z	24403.00000	1556.61416	1540.70429	1524.96037
2025-08-12T13:50:42Z	24403.00000	1556.64879	1540.76286	1524.95965
2025-08-12T13:50:42Z	24404.00000	1556.67292	1540.80545	1524.96077
2025-08-12T13:50:42Z	24404.00000	1556.70180	1540.84510	1524.96210
2025-08-12T13:50:42Z	24404.00000	1556.72523	1540.90122	1524.96203
2025-08-12T13:50:42Z	24404.00000	1556.76062	1540.95270	1524.96262
2025-08-12T13:50:43Z	24404.00000	1556.79234	1541.00245	1524.96339
2025-08-12T13:50:43Z	24404.00000	1556.80435	1541.01759	1524.96299
2025-08-12T13:50:43Z	24404.00000	1556.81446	1541.03020	1524.96345
2025-08-12T13:50:43Z	24404.00000	1556.82292	1541.04375	1524.96405
2025-08-12T13:50:43Z	24405.00000	1556.82803	1541.05543	1524.96426
2025-08-12T13:50:43Z	24405.00000	1556.83225	1541.06393	1524.96402
2025-08-12T13:50:43Z	24405.00000	1556.83730	1541.08329	1524.96462
2025-08-12T13:50:43Z	24405.00000	1556.84161	1541.09113	1524.96474
2025-08-12T13:50:44Z	24405.00000	1556.84709	1541.09999	1524.96397
2025-08-12T13:50:44Z	24405.00000	1556.84754	1541.09914	1524.96475
2025-08-12T13:50:44Z	24405.00000	1555.29557	1538.44181	1524.95909
2025-08-12T13:50:44Z	24405.00000	1555.10728	1538.10804	1524.95909
2025-08-12T13:50:44Z	24406.00000	1555.07106	1538.07038	1524.94886
2025-08-12T13:50:44Z	24406.00000	1555.07568	1538.06575	1524.94989
2025-08-12T13:50:44Z	24406.00000	1555.07321	1538.06296	1524.94896
2025-08-12T13:50:44Z	24406.00000	1555.07027	1538.06077	1524.94981
2025-08-12T13:50:44Z	24406.00000	1555.06987	1538.05903	1524.94915
2025-08-12T13:50:44Z	24406.00000	1555.06909	1538.05688	1524.94876
2025-08-12T13:50:45Z	24406.00000	1555.06875	1538.05545	1524.95015
2025-08-12T13:50:45Z	24406.00000	1555.06772	1538.05422	1524.94936
2025-08-12T13:50:45Z	24406.00000	1555.06697	1538.05277	1524.94911
2025-08-12T13:50:45Z	24406.00000	1555.06697	1538.05294	1524.94956
2025-08-12T13:50:45Z	24407.00000	1555.06637	1538.05222	1524.94942
2025-08-12T13:50:45Z	24407.00000	1555.06569	1538.05034	1524.94948
2025-08-12T13:50:45Z	24407.00000	1555.06469	1538.04896	1524.94879
2025-08-12T13:50:45Z	24407.00000	1555.06278	1538.04678	1524.94681
2025-08-12T13:50:45Z	24407.00000	1555.06383	1538.04620	1524.94922
2025-08-12T13:50:46Z	24407.00000	1555.06308	1538.04823	1524.94950
2025-08-12T13:50:46Z	24407.00000	1555.06265	1538.04689	1524.94883
2025-08-12T13:50:46Z	24407.00000	1555.06292	1538.04531	1524.94866
2025-08-12T13:50:46Z	24407.00000	1555.06210	1538.04370	1524.94881
2025-08-12T13:50:46Z	24408.00000	1555.06174	1538.04351	1524.94893
2025-08-12T13:50:46Z	24408.00000	1555.06117	1538.04319	1524.94872
2025-08-12T13:50:46Z	24408.00000	1555.06148	1538.04356	1524.94894
2025-08-12T13:50:46Z	24408.00000	1555.06123	1538.04221	1524.94896
2025-08-12T13:50:46Z	24408.00000	1555.06053	1538.04213	1524.94853
2025-08-12T13:50:46Z	24408.00000	1555.06101	1538.04166	1524.94838
2025-08-12T13:50:47Z	24408.00000	1555.06103	1538.04193	1524.94823
2025-08-12T13:50:47Z	24408.00000	1555.06044	1538.04202	1524.94889
2025-08-12T13:50:47Z	24408.00000	1555.06036	1538.04167	1524.94914
2025-08-12T13:50:47Z	24408.00000	1555.06065	1538.04090	1524.94862
2025-08-12T13:50:47Z	24408.00000	1555.06035	1538.04022	1524.94856
2025-08-12T13:50:47Z	24409.00000	1555.06022	1538.04031	1524.94836
2025-08-12T13:50:47Z	24409.00000	1555.05985	1538.04110	1524.94874
2025-08-12T13:50:47Z	24409.00000	1555.05966	1538.03958	1524.94857
2025-08-12T13:50:47Z	24409.00000	1555.06002	1538.03858	1524.94843
2025-08-12T13:50:48Z	24409.00000	1555.05988	1538.03866	1524.94878
2025-08-12T13:50:48Z	24409.00000	1555.05990	1538.03870	1524.94880
2025-08-12T13:50:48Z	24409.00000	1555.05990	1538.03955	1524.94844
2025-08-12T13:50:48Z	24409.00000	1555.05923	1538.03792	1524.94779
2025-08-12T13:50:48Z	24410.00000	1555.05899	1538.03815	1524.94831
2025-08-12T13:50:48Z	24410.00000	1555.05885	1538.03799	1524.94839
2025-08-12T13:50:48Z	24410.00000	1555.05911	1538.03739	1524.94840
2025-08-12T13:50:48Z	24410.00000	1555.05874	1538.03725	1524.94837
2025-08-12T13:50:48Z	24410.00000	1555.05869	1538.03688	1524.94825
2025-08-12T13:50:49Z	24410.00000	1555.05826	1538.03588	1524.94858
2025-08-12T13:50:49Z	24410.00000	1555.05840	1538.03804	1524.94856
2025-08-12T13:50:49Z	24410.00000	1555.05862	1538.03688	1524.94891
2025-08-12T13:50:49Z	24410.00000	1555.05828	1538.03696	1524.94860
2025-08-12T13:50:49Z	24410.00000	1555.21547	1538.29060	1524.93273
2025-08-12T13:50:49Z	24411.00000	1555.36286	1538.55474	1524.94489
2025-08-12T13:50:49Z	24411.00000	1555.49746	1538.79246	1524.95630
2025-08-12T13:50:49Z	24411.00000	1555.60121	1538.98015	1524.94909
2025-08-12T13:50:49Z	24411.00000	1555.71813	1539.18865	1524.95265
2025-08-12T13:50:49Z	24411.00000	1555.79820	1539.32376	1524.94788
2025-08-12T13:50:49Z	24411.00000	1555.87147	1539.45248	1524.94684
2025-08-12T13:50:50Z	24411.00000	1555.96803	1539.62307	1524.94979
2025-08-12T13:50:50Z	24411.00000	1556.04485	1539.75085	1524.94898
2025-08-12T13:50:50Z	24411.00000	1556.12838	1539.89939	1524.95098
2025-08-12T13:50:50Z	24411.00000	1556.19259	1540.01251	1524.95088
2025-08-12T13:50:50Z	24412.00000	1556.25227	1540.11300	1524.95207
2025-08-12T13:50:50Z	24412.00000	1556.31368	1540.21276	1524.95406
2025-08-12T13:50:50Z	24412.00000	1556.37833	1540.31661	1524.95506
2025-08-12T13:50:50Z	24412.00000	1556.43631	1540.41702	1524.95585
2025-08-12T13:50:50Z	24412.00000	1556.47910	1540.47586	1524.95711
2025-08-12T13:50:50Z	24412.00000	1556.52114	1540.55434	1524.95742
2025-08-12T13:50:51Z	24412.00000	1556.56328	1540.62614	1524.95915
2025-08-12T13:50:51Z	24412.00000	1556.59701	1540.67483	1524.95873
2025-08-12T13:50:51Z	24412.00000	1556.63250	1540.73874	1524.95982
2025-08-12T13:50:51Z	24412.00000	1556.66541	1540.79139	1524.96101
2025-08-12T13:50:51Z	24412.00000	1556.69121	1540.82903	1524.96136
2025-08-12T13:50:51Z	24413.00000	1556.71671	1540.87493	1524.96272
2025-08-12T13:50:51Z	24413.00000	1556.73182	1540.90950	1524.96261
2025-08-12T13:50:51Z	24413.00000	1556.75274	1540.94469	1524.96175
2025-08-12T13:50:51Z	24413.00000	1556.76963	1540.96819	1524.96285
2025-08-12T13:50:51Z	24413.00000	1556.78306	1540.98660	1524.96312
2025-08-12T13:50:52Z	24413.00000	1556.79916	1541.01081	1524.96353
2025-08-12T13:50:52Z	24413.00000	1556.81007	1541.02794	1524.96304
2025-08-12T13:50:52Z	24413.00000	1556.81795	1541.04045	1524.96353
2025-08-12T13:50:52Z	24413.00000	1556.82430	1541.05154	1524.96367
2025-08-12T13:50:52Z	24414.00000	1556.83067	1541.06201	1524.96392
2025-08-12T13:50:52Z	24414.00000	1556.83580	1541.08303	1524.96390
2025-08-12T13:50:52Z	24414.00000	1556.84014	1541.08651	1524.96464
2025-08-12T13:50:52Z	24414.00000	1556.84356	1541.09276	1524.96433
2025-08-12T13:50:52Z	24414.00000	1556.84768	1541.09714	1524.96471
2025-08-12T13:50:52Z	24414.00000	1556.84827	1541.10094	1524.96448
2025-08-12T13:50:53Z	24414.00000	1556.85004	1541.10500	1524.96450
2025-08-12T13:50:53Z	24414.00000	1556.15201	1539.92681	1524.94778
2025-08-12T13:50:53Z	24414.00000	1555.17811	1538.25764	1524.97523
2025-08-12T13:50:53Z	24414.00000	1555.07112	1538.06726	1524.94266
2025-08-12T13:50:53Z	24415.00000	1555.07419	1538.06662	1524.94836
2025-08-12T13:50:53Z	24415.00000	1555.07514	1538.06538	1524.94894
2025-08-12T13:50:53Z	24415.00000	1555.07376	1538.06365	1524.94889
2025-08-12T13:50:53Z	24415.00000	1555.07156	1538.06036	1524.94793
2025-08-12T13:50:53Z	24415.00000	1555.06943	1538.05869	1524.94923
2025-08-12T13:50:54Z	24415.00000	1555.06915	1538.05666	1524.94910
2025-08-12T13:50:54Z	24415.00000	1555.06908	1538.05443	1524.94928
2025-08-12T13:50:54Z	24415.00000	1555.06840	1538.05384	1524.94893
2025-08-12T13:50:54Z	24415.00000	1555.06776	1538.05368	1524.94859
2025-08-12T13:50:54Z	24415.00000	1555.06815	1538.05452	1524.94917
2025-08-12T13:50:54Z	24415.00000	1555.06716	1538.05158	1524.94866
2025-08-12T13:50:54Z	24416.00000	1555.06602	1538.05233	1524.94798
2025-08-12T13:50:54Z	24416.00000	1555.06553	1538.05182	1524.94887
2025-08-12T13:50:54Z	24416.00000	1555.06587	1538.05208	1524.95100
2025-08-12T13:50:54Z	24416.00000	1555.06523	1538.05012	1524.94977
2025-08-12T13:50:54Z	24416.00000	1555.06402	1538.04716	1524.94712
2025-08-12T13:50:55Z	24416.00000	1555.06398	1538.04876	1524.94898
2025-08-12T13:50:55Z	24416.00000	1555.06351	1538.04798	1524.94777
2025-08-12T13:50:55Z	24416.00000	1555.06340	1538.04809	1524.94905
2025-08-12T13:50:55Z	24416.00000	1555.06268	1538.04637	1524.94876
2025-08-12T13:50:55Z	24416.00000	1555.06329	1538.04679	1524.94830
2025-08-12T13:50:55Z	24417.00000	1555.06246	1538.04420	1524.94895
2025-08-12T13:50:55Z	24417.00000	1555.06184	1538.04492	1524.94840
2025-08-12T13:50:55Z	24417.00000	1555.06224	1538.04489	1524.94906
2025-08-12T13:50:55Z	24417.00000	1555.06160	1538.04458	1524.94847
2025-08-12T13:50:56Z	24417.00000	1555.06168	1538.04399	1524.94867
2025-08-12T13:50:56Z	24417.00000	1555.06120	1538.04236	1524.94861
2025-08-12T13:50:56Z	24417.00000	1555.06117	1538.04161	1524.94893
2025-08-12T13:50:56Z	24417.00000	1555.06117	1538.04186	1524.94880
2025-08-12T13:50:56Z	24417.00000	1555.06053	1538.04240	1524.94892
2025-08-12T13:50:56Z	24418.00000	1555.06148	1538.04136	1524.94851
2025-08-12T13:50:56Z	24418.00000	1555.06090	1538.04273	1524.94823
2025-08-12T13:50:56Z	24418.00000	1555.06116	1538.04211	1524.94837
2025-08-12T13:50:56Z	24418.00000	1555.06068	1538.04186	1524.94858
2025-08-12T13:50:56Z	24418.00000	1555.06051	1538.04037	1524.94844
2025-08-12T13:50:57Z	24418.00000	1555.05997	1538.03977	1524.94851
2025-08-12T13:50:57Z	24418.00000	1555.05975	1538.03927	1524.94865
2025-08-12T13:50:57Z	24418.00000	1555.05984	1538.04064	1524.94837
2025-08-12T13:50:57Z	24418.00000	1555.06028	1538.04051	1524.94855
2025-08-12T13:50:57Z	24418.00000	1555.05976	1538.03865	1524.94804
2025-08-12T13:50:57Z	24418.00000	1555.06019	1538.03798	1524.94817
2025-08-12T13:50:57Z	24419.00000	1555.05967	1538.03763	1524.94697
2025-08-12T13:50:57Z	24419.00000	1555.06010	1538.03980	1524.94878
2025-08-12T13:50:57Z	24419.00000	1555.05931	1538.03728	1524.94804
2025-08-12T13:50:57Z	24419.00000	1555.05974	1538.03945	1524.94858
2025-08-12T13:50:57Z	24419.00000	1555.05927	1538.03777	1524.94836
2025-08-12T13:50:58Z	24419.00000	1555.05956	1538.03686	1524.94811
2025-08-12T13:50:58Z	24419.00000	1555.05947	1538.03834	1524.94844
2025-08-12T13:50:58Z	24419.00000	1555.14494	1538.18140	1524.96356
2025-08-12T13:50:58Z	24419.00000	1555.25899	1538.37484	1524.93626
2025-08-12T13:50:58Z	24420.00000	1555.38019	1538.59794	1524.95729
2025-08-12T13:50:58Z	24420.00000	1555.51959	1538.83215	1524.94465
2025-08-12T13:50:58Z	24420.00000	1555.64490	1539.04614	1524.94409
2025-08-12T13:50:58Z	24420.00000	1555.75571	1539.25221	1524.94870
2025-08-12T13:50:58Z	24420.00000	1555.86346	1539.44002	1524.95097
2025-08-12T13:50:59Z	24420.00000	1555.95050	1539.58375	1524.94743
2025-08-12T13:50:59Z	24420.00000	1556.03862	1539.74256	1524.95023
2025-08-12T13:50:59Z	24420.00000	1556.11011	1539.86742	1524.94944
2025-08-12T13:50:59Z	24420.00000	1556.17724	1539.98752	1524.95100
2025-08-12T13:50:59Z	24420.00000	1556.23114	1540.07701	1524.95064
2025-08-12T13:50:59Z	24421.00000	1556.30485	1540.19540	1524.95270
2025-08-12T13:50:59Z	24421.00000	1556.34971	1540.27232	1524.95513
2025-08-12T13:50:59Z	24421.00000	1556.40171	1540.36338	1524.95467
2025-08-12T13:50:59Z	24421.00000	1556.46055	1540.44791	1524.95576
2025-08-12T13:50:59Z	24421.00000	1556.51267	1540.53913	1524.95742
2025-08-12T13:51:00Z	24421.00000	1556.55637	1540.61321	1524.95911
2025-08-12T13:51:00Z	24421.00000	1556.59673	1540.67246	1524.95874
2025-08-12T13:51:00Z	24421.00000	1556.62655	1540.72503	1524.95833
2025-08-12T13:51:00Z	24421.00000	1556.65186	1540.76736	1524.95971
2025-08-12T13:51:00Z	24421.00000	1556.67905	1540.80935	1524.96031
2025-08-12T13:51:00Z	24422.00000	1556.70397	1540.85254	1524.96121
2025-08-12T13:51:00Z	24422.00000	1556.72517	1540.89717	1524.96093
2025-08-12T13:51:00Z	24422.00000	1556.74580	1540.92549	1524.96286
2025-08-12T13:51:00Z	24422.00000	1556.76215	1540.95643	1524.96194
2025-08-12T13:51:00Z	24422.00000	1556.78004	1540.98312	1524.96328
2025-08-12T13:51:00Z	24422.00000	1556.79525	1541.00091	1524.96268
2025-08-12T13:51:01Z	24422.00000	1556.80781	1541.02081	1524.96340
2025-08-12T13:51:01Z	24422.00000	1556.81592	1541.03243	1524.96296
2025-08-12T13:51:01Z	24422.00000	1556.82338	1541.04442	1524.96323
2025-08-12T13:51:01Z	24422.00000	1556.83013	1541.05714	1524.96365
2025-08-12T13:51:01Z	24423.00000	1556.83412	1541.06681	1524.96434
2025-08-12T13:51:01Z	24423.00000	1556.83988	1541.08454	1524.96429
2025-08-12T13:51:01Z	24423.00000	1556.84568	1541.09309	1524.96373
2025-08-12T13:51:01Z	24423.00000	1556.84800	1541.09558	1524.96415
2025-08-12T13:51:01Z	24423.00000	1556.84991	1541.09833	1524.96435
2025-08-12T13:51:02Z	24423.00000	1556.85277	1541.10506	1524.96446
2025-08-12T13:51:02Z	24423.00000	1556.85456	1541.10703	1524.96342
2025-08-12T13:51:02Z	24423.00000	1555.56962	1538.84589	1524.97156
2025-08-12T13:51:02Z	24423.00000	1555.14527	1538.16902	1524.96137
2025-08-12T13:51:02Z	24423.00000	1555.07436	1538.06996	1524.94521
2025-08-12T13:51:02Z	24424.00000	1555.07454	1538.06868	1524.94804
2025-08-12T13:51:02Z	24424.00000	1555.07495	1538.06533	1524.94907
2025-08-12T13:51:02Z	24424.00000	1555.07286	1538.06284	1524.94833
2025-08-12T13:51:02Z	24424.00000	1555.07102	1538.06240	1524.94876
2025-08-12T13:51:02Z	24424.00000	1555.07027	1538.05873	1524.94872
2025-08-12T13:51:02Z	24424.00000	1555.07037	1538.05874	1524.94857
2025-08-12T13:51:03Z	24424.00000	1555.06871	1538.05717	1524.94932
2025-08-12T13:51:03Z	24424.00000	1555.06926	1538.05537	1524.94893
2025-08-12T13:51:03Z	24424.00000	1555.06849	1538.05570	1524.94898
2025-08-12T13:51:03Z	24424.00000	1555.06837	1538.05403	1524.94897
2025-08-12T13:51:03Z	24425.00000	1555.06794	1538.05312	1524.94865
2025-08-12T13:51:03Z	24425.00000	1555.06700	1538.05217	1524.94892
2025-08-12T13:51:03Z	24425.00000	1555.06654	1538.05277	1524.94868
2025-08-12T13:51:03Z	24425.00000	1555.06534	1538.05095	1524.94849
2025-08-12T13:51:03Z	24425.00000	1555.06593	1538.05150	1524.94882
2025-08-12T13:51:03Z	24425.00000	1555.06498	1538.04986	1524.94883
2025-08-12T13:51:04Z	24425.00000	1555.06463	1538.04891	1524.94862
2025-08-12T13:51:04Z	24425.00000	1555.06437	1538.04857	1524.94881
2025-08-12T13:51:04Z	24425.00000	1555.06419	1538.04883	1524.94909
2025-08-12T13:51:04Z	24425.00000	1555.06364	1538.04877	1524.94866
2025-08-12T13:51:04Z	24426.00000	1555.06295	1538.04811	1524.94868
2025-08-12T13:51:04Z	24426.00000	1555.06316	1538.04733	1524.94884
2025-08-12T13:51:04Z	24426.00000	1555.06255	1538.04747	1524.94892
2025-08-12T13:51:04Z	24426.00000	1555.06196	1538.04545	1524.94840
2025-08-12T13:51:04Z	24426.00000	1555.06224	1538.04467	1524.94893
2025-08-12T13:51:05Z	24426.00000	1555.06194	1538.04518	1524.94847
2025-08-12T13:51:05Z	24426.00000	1555.06209	1538.04331	1524.94888
2025-08-12T13:51:05Z	24426.00000	1555.06194	1538.04316	1524.94873
2025-08-12T13:51:05Z	24426.00000	1555.06190	1538.04272	1524.94873
2025-08-12T13:51:05Z	24426.00000	1555.06163	1538.04327	1524.94856
2025-08-12T13:51:05Z	24427.00000	1555.06104	1538.04306	1524.94906
2025-08-12T13:51:05Z	24427.00000	1555.06123	1538.04222	1524.94871
2025-08-12T13:51:05Z	24427.00000	1555.06134	1538.04300	1524.94856
2025-08-12T13:51:05Z	24427.00000	1555.06076	1538.04218	1524.94826
2025-08-12T13:51:05Z	24427.00000	1555.06070	1538.04149	1524.94827
2025-08-12T13:51:06Z	24427.00000	1555.06078	1538.04097	1524.94849
2025-08-12T13:51:06Z	24427.00000	1555.06062	1538.03998	1524.94833
2025-08-12T13:51:06Z	24427.00000	1555.06059	1538.04059	1524.94823
2025-08-12T13:51:06Z	24427.00000	1555.06068	1538.04065	1524.94798
2025-08-12T13:51:06Z	24427.00000	1555.06050	1538.04078	1524.94932
2025-08-12T13:51:06Z	24428.00000	1555.06039	1538.03981	1524.94778
2025-08-12T13:51:06Z	24428.00000	1555.06078	1538.03935	1524.94859
2025-08-12T13:51:06Z	24428.00000	1555.06052	1538.04032	1524.94865
2025-08-12T13:51:06Z	24428.00000	1555.06005	1538.03914	1524.94801
2025-08-12T13:51:06Z	24428.00000	1555.06038	1538.03946	1524.94863
2025-08-12T13:51:06Z	24428.00000	1555.06037	1538.03835	1524.94767
2025-08-12T13:51:07Z	24428.00000	1555.06021	1538.03952	1524.94723
2025-08-12T13:51:07Z	24428.00000	1555.05958	1538.03868	1524.94764
2025-08-12T13:51:07Z	24428.00000	1555.05973	1538.03834	1524.94795
2025-08-12T13:51:07Z	24428.00000	1555.17456	1538.21610	1524.93400
2025-08-12T13:51:07Z	24429.00000	1555.32963	1538.49063	1524.94054
2025-08-12T13:51:07Z	24429.00000	1555.44599	1538.70443	1524.94046
2025-08-12T13:51:07Z	24429.00000	1555.56140	1538.91007	1524.95457
2025-08-12T13:51:07Z	24429.00000	1555.66776	1539.09570	1524.94859
2025-08-12T13:51:07Z	24429.00000	1555.76297	1539.26475	1524.94542
2025-08-12T13:51:07Z	24429.00000	1555.83886	1539.39195	1524.95059
2025-08-12T13:51:08Z	24429.00000	1555.93594	1539.56500	1524.95005
2025-08-12T13:51:08Z	24429.00000	1556.01767	1539.70603	1524.94976
2025-08-12T13:51:08Z	24429.00000	1556.10167	1539.85570	1524.95154
2025-08-12T13:51:08Z	24429.00000	1556.18361	1539.99076	1524.95117
2025-08-12T13:51:08Z	24429.00000	1556.25678	1540.11271	1524.95106
2025-08-12T13:51:08Z	24430.00000	1556.30922	1540.20065	1524.95269
2025-08-12T13:51:08Z	24430.00000	1556.35547	1540.27811	1524.95336
2025-08-12T13:51:08Z	24430.00000	1556.41506	1540.37827	1524.95601
2025-08-12T13:51:08Z	24430.00000	1556.46496	1540.45498	1524.95559
2025-08-12T13:51:08Z	24430.00000	1556.51548	1540.54202	1524.95696
2025-08-12T13:51:09Z	24430.00000	1556.55463	1540.60795	1524.95863
2025-08-12T13:51:09Z	24430.00000	1556.58945	1540.65949	1524.95825
2025-08-12T13:51:09Z	24430.00000	1556.63491	1540.73709	1524.95836
2025-08-12T13:51:09Z	24430.00000	1556.66203	1540.78394	1524.96001
2025-08-12T13:51:09Z	24431.00000	1556.68919	1540.82135	1524.96087
2025-08-12T13:51:09Z	24431.00000	1556.70688	1540.85085	1524.96028
2025-08-12T13:51:09Z	24431.00000	1556.73060	1540.90372	1524.96201
2025-08-12T13:51:09Z	24431.00000	1556.75283	1540.93695	1524.96220
2025-08-12T13:51:09Z	24431.00000	1556.77087	1540.96646	1524.96307
2025-08-12T13:51:09Z	24431.00000	1556.78398	1540.98735	1524.96253
2025-08-12T13:51:10Z	24431.00000	1556.80126	1541.00855	1524.96350
2025-08-12T13:51:10Z	24431.00000	1556.81189	1541.02497	1524.96320
2025-08-12T13:51:10Z	24431.00000	1556.82041	1541.03711	1524.96263
2025-08-12T13:51:10Z	24431.00000	1556.82485	1541.04609	1524.96281
2025-08-12T13:51:10Z	24431.00000	1556.83230	1541.05874	1524.96344
2025-08-12T13:51:10Z	24432.00000	1556.83794	1541.06769	1524.96346
2025-08-12T13:51:10Z	24432.00000	1556.84175	1541.08443	1524.96383
2025-08-12T13:51:10Z	24432.00000	1556.84557	1541.09057	1524.96401
2025-08-12T13:51:10Z	24432.00000	1556.84872	1541.09467	1524.96363
2025-08-12T13:51:10Z	24432.00000	1556.85091	1541.09937	1524.96383
2025-08-12T13:51:11Z	24432.00000	1556.85353	1541.10452	1524.96446
2025-08-12T13:51:11Z	24432.00000	1556.76371	1540.91323	1525.03750
2025-08-12T13:51:11Z	24432.00000	1555.30486	1538.42836	1524.94775
2025-08-12T13:51:11Z	24432.00000	1555.11151	1538.13005	1524.93536
2025-08-12T13:51:11Z	24433.00000	1555.07459	1538.07221	1524.94582
2025-08-12T13:51:11Z	24433.00000	1555.07627	1538.06934	1524.94863
2025-08-12T13:51:11Z	24433.00000	1555.07625	1538.06732	1524.94826
2025-08-12T13:51:11Z	24433.00000	1555.07299	1538.06446	1524.94872
2025-08-12T13:51:11Z	24433.00000	1555.07249	1538.06132	1524.94883
2025-08-12T13:51:11Z	24433.00000	1555.07176	1538.06032	1524.94922
2025-08-12T13:51:12Z	24433.00000	1555.07090	1538.05863	1524.94929
2025-08-12T13:51:12Z	24433.00000	1555.06961	1538.05651	1524.94890
2025-08-12T13:51:12Z	24433.00000	1555.06811	1538.05663	1524.94856
2025-08-12T13:51:12Z	24433.00000	1555.06945	1538.05519	1524.94873
2025-08-12T13:51:12Z	24434.00000	1555.06813	1538.05287	1524.94881
2025-08-12T13:51:12Z	24434.00000	1555.06808	1538.05280	1524.94894
2025-08-12T13:51:12Z	24434.00000	1555.06567	1538.05217	1524.94915
2025-08-12T13:51:12Z	24434.00000	1555.06805	1538.05339	1524.94948
2025-08-12T13:51:13Z	24434.00000	1555.06594	1538.04965	1524.94780
2025-08-12T13:51:13Z	24434.00000	1555.06594	1538.05007	1524.94900
2025-08-12T13:51:13Z	24434.00000	1555.06506	1538.04983	1524.94872
2025-08-12T13:51:13Z	24434.00000	1555.06508	1538.04819	1524.94888
2025-08-12T13:51:13Z	24434.00000	1555.06421	1538.04882	1524.94829
2025-08-12T13:51:13Z	24435.00000	1555.06454	1538.04979	1524.94883
2025-08-12T13:51:13Z	24435.00000	1555.06385	1538.04694	1524.94819
2025-08-12T13:51:13Z	24435.00000	1555.06399	1538.04818	1524.94795
2025-08-12T13:51:13Z	24435.00000	1555.06349	1538.04722	1524.94831
2025-08-12T13:51:13Z	24435.00000	1555.06314	1538.04760	1524.94816
2025-08-12T13:51:14Z	24435.00000	1555.06292	1538.04705	1524.94833
2025-08-12T13:51:14Z	24435.00000	1555.06291	1538.04459	1524.94813
2025-08-12T13:51:14Z	24435.00000	1555.06206	1538.04536	1524.94835
2025-08-12T13:51:14Z	24435.00000	1555.06218	1538.04398	1524.94850
2025-08-12T13:51:14Z	24436.00000	1555.06208	1538.04382	1524.94839
2025-08-12T13:51:14Z	24436.00000	1555.06170	1538.04255	1524.94850
2025-08-12T13:51:14Z	24436.00000	1555.06172	1538.04369	1524.94862
2025-08-12T13:51:14Z	24436.00000	1555.06154	1538.04347	1524.94837
2025-08-12T13:51:14Z	24436.00000	1555.06165	1538.04252	1524.94813
2025-08-12T13:51:14Z	24436.00000	1555.06148	1538.04213	1524.94792
2025-08-12T13:51:15Z	24436.00000	1555.06177	1538.04306	1524.94847
2025-08-12T13:51:15Z	24436.00000	1555.06111	1538.04260	1524.94798
2025-08-12T13:51:15Z	24436.00000	1555.06113	1538.04237	1524.94870
2025-08-12T13:51:15Z	24436.00000	1555.06100	1538.04063	1524.94811
2025-08-12T13:51:15Z	24437.00000	1555.06084	1538.04033	1524.94846
2025-08-12T13:51:15Z	24437.00000	1555.06055	1538.04139	1524.94807
2025-08-12T13:51:15Z	24437.00000	1555.06057	1538.04059	1524.94846
2025-08-12T13:51:15Z	24437.00000	1555.06094	1538.04082	1524.94853
2025-08-12T13:51:15Z	24437.00000	1555.05979	1538.03937	1524.94794
2025-08-12T13:51:16Z	24437.00000	1555.06076	1538.04051	1524.94889
2025-08-12T13:51:16Z	24437.00000	1555.06051	1538.03822	1524.94787
2025-08-12T13:51:16Z	24437.00000	1555.05955	1538.03952	1524.94860
2025-08-12T13:51:16Z	24437.00000	1555.22037	1538.31228	1524.94797
2025-08-12T13:51:16Z	24438.00000	1555.37065	1538.57002	1524.93753
2025-08-12T13:51:16Z	24438.00000	1555.50918	1538.80970	1524.94461
2025-08-12T13:51:16Z	24438.00000	1555.63480	1539.03082	1524.95122
2025-08-12T13:51:16Z	24438.00000	1555.79517	1539.31303	1524.94550
2025-08-12T13:51:16Z	24438.00000	1555.88182	1539.47101	1524.94852
2025-08-12T13:51:17Z	24438.00000	1556.05578	1539.76736	1524.95146
2025-08-12T13:51:17Z	24438.00000	1556.12823	1539.89416	1524.95120
2025-08-12T13:51:17Z	24438.00000	1556.20328	1540.02444	1524.95224
2025-08-12T13:51:17Z	24439.00000	1556.28784	1540.15828	1524.95337
2025-08-12T13:51:17Z	24439.00000	1556.34396	1540.25582	1524.95295
2025-08-12T13:51:17Z	24439.00000	1556.40518	1540.36262	1524.95469
2025-08-12T13:51:17Z	24439.00000	1556.44505	1540.42395	1524.95656
2025-08-12T13:51:17Z	24439.00000	1556.49249	1540.49467	1524.95657
2025-08-12T13:51:18Z	24439.00000	1556.57189	1540.62952	1524.95800
2025-08-12T13:51:18Z	24439.00000	1556.61520	1540.69669	1524.95939
2025-08-12T13:51:18Z	24439.00000	1556.65356	1540.76242	1524.95970
2025-08-12T13:51:18Z	24439.00000	1556.67514	1540.80041	1524.95968
2025-08-12T13:51:18Z	24440.00000	1556.70430	1540.84282	1524.96098
2025-08-12T13:51:18Z	24440.00000	1556.72693	1540.88154	1524.96208
2025-08-12T13:51:18Z	24440.00000	1556.75682	1540.94445	1524.96186
2025-08-12T13:51:18Z	24440.00000	1556.77611	1540.97290	1524.96244
2025-08-12T13:51:19Z	24440.00000	1556.79612	1540.99896	1524.96261
2025-08-12T13:51:19Z	24440.00000	1556.81249	1541.01993	1524.96298
2025-08-12T13:51:19Z	24440.00000	1556.82260	1541.03729	1524.96285
2025-08-12T13:51:19Z	24440.00000	1556.82763	1541.04826	1524.96346
2025-08-12T13:51:19Z	24440.00000	1556.83365	1541.05794	1524.96339
2025-08-12T13:51:19Z	24441.00000	1556.83821	1541.06352	1524.96285
2025-08-12T13:51:19Z	24441.00000	1556.84044	1541.08128	1524.96354
2025-08-12T13:51:19Z	24441.00000	1556.84466	1541.08878	1524.96345
2025-08-12T13:51:19Z	24441.00000	1556.84878	1541.09107	1524.96392
2025-08-12T13:51:19Z	24441.00000	1556.85199	1541.09784	1524.96393
2025-08-12T13:51:20Z	24441.00000	1556.85455	1541.10428	1524.96329
2025-08-12T13:51:20Z	24441.00000	1556.85575	1541.10364	1524.96388
2025-08-12T13:51:20Z	24441.00000	1555.47515	1538.67272	1524.91594
2025-08-12T13:51:20Z	24441.00000	1555.19202	1538.24424	1524.95334
2025-08-12T13:51:20Z	24441.00000	1555.07913	1538.07225	1524.94913
2025-08-12T13:51:20Z	24442.00000	1555.07810	1538.07114	1524.94976
2025-08-12T13:51:20Z	24442.00000	1555.07603	1538.06719	1524.94861
2025-08-12T13:51:20Z	24442.00000	1555.07388	1538.06375	1524.94823
2025-08-12T13:51:20Z	24442.00000	1555.07265	1538.06139	1524.94954
2025-08-12T13:51:21Z	24442.00000	1555.07223	1538.06037	1524.94822
2025-08-12T13:51:21Z	24442.00000	1555.06956	1538.05722	1524.94896
2025-08-12T13:51:21Z	24442.00000	1555.06896	1538.05720	1524.94854
2025-08-12T13:51:21Z	24442.00000	1555.06880	1538.05665	1524.94870
2025-08-12T13:51:21Z	24443.00000	1555.06905	1538.05524	1524.94754
2025-08-12T13:51:21Z	24443.00000	1555.06807	1538.05362	1524.94901
2025-08-12T13:51:21Z	24443.00000	1555.06909	1538.05233	1524.94814
2025-08-12T13:51:21Z	24443.00000	1555.06622	1538.05168	1524.94771
2025-08-12T13:51:21Z	24443.00000	1555.06722	1538.05169	1524.94872
2025-08-12T13:51:22Z	24443.00000	1555.06603	1538.05068	1524.94835
2025-08-12T13:51:22Z	24443.00000	1555.06568	1538.05005	1524.94935
2025-08-12T13:51:22Z	24443.00000	1555.06562	1538.05007	1524.94879
2025-08-12T13:51:22Z	24443.00000	1555.06507	1538.05011	1524.94877
2025-08-12T13:51:22Z	24444.00000	1555.06483	1538.04924	1524.94766
2025-08-12T13:51:22Z	24444.00000	1555.06474	1538.04958	1524.94911
2025-08-12T13:51:22Z	24444.00000	1555.06423	1538.04792	1524.94933
2025-08-12T13:51:22Z	24444.00000	1555.06382	1538.04737	1524.94802
2025-08-12T13:51:23Z	24444.00000	1555.06335	1538.04817	1524.94761
2025-08-12T13:51:23Z	24444.00000	1555.06329	1538.04583	1524.94855
2025-08-12T13:51:23Z	24444.00000	1555.06252	1538.04505	1524.94814
2025-08-12T13:51:23Z	24444.00000	1555.06277	1538.04478	1524.94864
2025-08-12T13:51:23Z	24445.00000	1555.06251	1538.04543	1524.94851
2025-08-12T13:51:23Z	24445.00000	1555.06247	1538.04594	1524.94859
2025-08-12T13:51:23Z	24445.00000	1555.06175	1538.04423	1524.94887
2025-08-12T13:51:23Z	24445.00000	1555.06171	1538.04349	1524.94864
2025-08-12T13:51:23Z	24445.00000	1555.06148	1538.04362	1524.94872
2025-08-12T13:51:24Z	24445.00000	1555.06138	1538.04204	1524.94846
2025-08-12T13:51:24Z	24445.00000	1555.06105	1538.04267	1524.94784
2025-08-12T13:51:24Z	24445.00000	1555.06186	1538.04182	1524.94925
2025-08-12T13:51:24Z	24445.00000	1555.06120	1538.04195	1524.94901
2025-08-12T13:51:24Z	24446.00000	1555.06080	1538.04093	1524.94837
2025-08-12T13:51:24Z	24446.00000	1555.06053	1538.04153	1524.94813
2025-08-12T13:51:24Z	24446.00000	1555.06134	1538.04086	1524.94889
2025-08-12T13:51:24Z	24446.00000	1555.06045	1538.04127	1524.94804
2025-08-12T13:51:24Z	24446.00000	1555.06092	1538.04144	1524.94868
2025-08-12T13:51:25Z	24446.00000	1555.06074	1538.04089	1524.94843
2025-08-12T13:51:25Z	24446.00000	1555.11421	1538.12166	1524.93573
2025-08-12T13:51:25Z	24446.00000	1555.26068	1538.38603	1524.94619
2025-08-12T13:51:25Z	24447.00000	1555.40701	1538.63674	1524.93933
2025-08-12T13:51:25Z	24447.00000	1555.52589	1538.83780	1524.94763
2025-08-12T13:51:25Z	24447.00000	1555.63178	1539.02804	1524.95333
2025-08-12T13:51:25Z	24447.00000	1555.74468	1539.22672	1524.94897
2025-08-12T13:51:25Z	24447.00000	1555.83976	1539.39223	1524.95036
2025-08-12T13:51:25Z	24447.00000	1555.93694	1539.56476	1524.95000
2025-08-12T13:51:26Z	24447.00000	1556.01839	1539.70124	1524.95032
2025-08-12T13:51:26Z	24447.00000	1556.09001	1539.83077	1524.94808
2025-08-12T13:51:26Z	24447.00000	1556.16151	1539.94480	1524.95048
2025-08-12T13:51:26Z	24447.00000	1556.23471	1540.07775	1524.95045
2025-08-12T13:51:26Z	24448.00000	1556.29862	1540.17892	1524.95289
2025-08-12T13:51:26Z	24448.00000	1556.35453	1540.27208	1524.95470
2025-08-12T13:51:26Z	24448.00000	1556.41358	1540.37300	1524.95452
2025-08-12T13:51:26Z	24448.00000	1556.46510	1540.44986	1524.95642
2025-08-12T13:51:26Z	24448.00000	1556.51492	1540.53884	1524.95697
2025-08-12T13:51:26Z	24448.00000	1556.55415	1540.59934	1524.95749
2025-08-12T13:51:27Z	24448.00000	1556.59004	1540.65536	1524.95755
2025-08-12T13:51:27Z	24448.00000	1556.62620	1540.72030	1524.95842
2025-08-12T13:51:27Z	24448.00000	1556.66108	1540.77505	1524.95908
2025-08-12T13:51:27Z	24448.00000	1556.69225	1540.82258	1524.96062
2025-08-12T13:51:27Z	24449.00000	1556.70887	1540.84991	1524.96127
2025-08-12T13:51:27Z	24449.00000	1556.72921	1540.89994	1524.96131
2025-08-12T13:51:27Z	24449.00000	1556.75246	1540.93152	1524.96199
2025-08-12T13:51:27Z	24449.00000	1556.77140	1540.96428	1524.96188
2025-08-12T13:51:27Z	24449.00000	1556.79371	1540.99573	1524.96174
2025-08-12T13:51:27Z	24449.00000	1556.80400	1541.00814	1524.96264
2025-08-12T13:51:28Z	24449.00000	1556.81579	1541.02474	1524.96323
2025-08-12T13:51:28Z	24449.00000	1556.82980	1541.04818	1524.96283
2025-08-12T13:51:28Z	24449.00000	1556.83415	1541.05938	1524.96210
2025-08-12T13:51:28Z	24449.00000	1556.83984	1541.06795	1524.96363
2025-08-12T13:51:28Z	24450.00000	1556.84529	1541.08510	1524.96320
2025-08-12T13:51:28Z	24450.00000	1556.84834	1541.09053	1524.96375
2025-08-12T13:51:28Z	24450.00000	1556.85111	1541.09547	1524.96307
2025-08-12T13:51:28Z	24450.00000	1556.85479	1541.10135	1524.96366
2025-08-12T13:51:28Z	24450.00000	1556.85648	1541.10552	1524.96390
2025-08-12T13:51:29Z	24450.00000	1556.85764	1541.10610	1524.96338
2025-08-12T13:51:29Z	24450.00000	1555.30288	1538.46221	1524.96305
2025-08-12T13:51:29Z	24450.00000	1555.12080	1538.14048	1524.93568
2025-08-12T13:51:29Z	24450.00000	1555.07609	1538.07319	1524.94591
2025-08-12T13:51:29Z	24451.00000	1555.07833	1538.07118	1524.94866
2025-08-12T13:51:29Z	24451.00000	1555.07665	1538.06751	1524.94838
2025-08-12T13:51:29Z	24451.00000	1555.07480	1538.06521	1524.94886
2025-08-12T13:51:29Z	24451.00000	1555.07360	1538.06323	1524.94885
2025-08-12T13:51:29Z	24451.00000	1555.07251	1538.06188	1524.94833
2025-08-12T13:51:30Z	24451.00000	1555.07103	1538.05875	1524.94886
2025-08-12T13:51:30Z	24451.00000	1555.07022	1538.05746	1524.94847
2025-08-12T13:51:30Z	24451.00000	1555.06972	1538.05690	1524.94828
2025-08-12T13:51:30Z	24451.00000	1555.06893	1538.05653	1524.94887
2025-08-12T13:51:30Z	24452.00000	1555.06856	1538.05265	1524.94870
2025-08-12T13:51:30Z	24452.00000	1555.06703	1538.05341	1524.94625
2025-08-12T13:51:30Z	24452.00000	1555.06764	1538.05327	1524.94882
2025-08-12T13:51:30Z	24452.00000	1555.06809	1538.05225	1524.94834
2025-08-12T13:51:31Z	24452.00000	1555.06629	1538.05114	1524.94853
2025-08-12T13:51:31Z	24452.00000	1555.06632	1538.05094	1524.94869
2025-08-12T13:51:31Z	24452.00000	1555.06597	1538.05070	1524.94782
2025-08-12T13:51:31Z	24452.00000	1555.06539	1538.05092	1524.94841
2025-08-12T13:51:31Z	24453.00000	1555.06493	1538.05006	1524.94801
2025-08-12T13:51:31Z	24453.00000	1555.06515	1538.04904	1524.94825
2025-08-12T13:51:31Z	24453.00000	1555.06465	1538.05042	1524.94859
2025-08-12T13:51:31Z	24453.00000	1555.06431	1538.04874	1524.94833
2025-08-12T13:51:31Z	24453.00000	1555.06429	1538.04886	1524.94783
2025-08-12T13:51:32Z	24453.00000	1555.06388	1538.04623	1524.94794
2025-08-12T13:51:32Z	24453.00000	1555.06362	1538.04745	1524.94771
2025-08-12T13:51:32Z	24453.00000	1555.06356	1538.04540	1524.94745
2025-08-12T13:51:32Z	24453.00000	1555.06312	1538.04583	1524.94788
2025-08-12T13:51:32Z	24453.00000	1555.06328	1538.04668	1524.94829
2025-08-12T13:51:32Z	24454.00000	1555.06208	1538.04388	1524.94772
2025-08-12T13:51:32Z	24454.00000	1555.06209	1538.04509	1524.94739
2025-08-12T13:51:32Z	24454.00000	1555.06242	1538.04593	1524.94811
2025-08-12T13:51:32Z	24454.00000	1555.06194	1538.04411	1524.94791
2025-08-12T13:51:32Z	24454.00000	1555.06206	1538.04460	1524.94782
2025-08-12T13:51:33Z	24454.00000	1555.06219	1538.04297	1524.94786
2025-08-12T13:51:33Z	24454.00000	1555.06148	1538.04360	1524.94838
2025-08-12T13:51:33Z	24454.00000	1555.06113	1538.04269	1524.94714
2025-08-12T13:51:33Z	24454.00000	1555.06137	1538.04258	1524.94721
2025-08-12T13:51:33Z	24455.00000	1555.06101	1538.04384	1524.94772
2025-08-12T13:51:33Z	24455.00000	1555.06108	1538.04232	1524.94759
2025-08-12T13:51:33Z	24455.00000	1555.06119	1538.04308	1524.94809
2025-08-12T13:51:33Z	24455.00000	1555.06111	1538.04283	1524.94783
2025-08-12T13:51:34Z	24455.00000	1555.06088	1538.04216	1524.94714
2025-08-12T13:51:34Z	24455.00000	1555.06152	1538.04198	1524.94783
2025-08-12T13:51:34Z	24455.00000	1555.06088	1538.04091	1524.94790
2025-08-12T13:51:34Z	24455.00000	1555.06066	1538.04012	1524.94717
2025-08-12T13:51:34Z	24455.00000	1555.16412	1538.20905	1524.93705
2025-08-12T13:51:34Z	24456.00000	1555.34068	1538.52824	1524.95153
2025-08-12T13:51:34Z	24456.00000	1555.48478	1538.76426	1524.94066
2025-08-12T13:51:34Z	24456.00000	1555.61392	1538.98987	1524.94336
2025-08-12T13:51:34Z	24456.00000	1555.77265	1539.27587	1524.94579
2025-08-12T13:51:34Z	24456.00000	1555.86400	1539.43604	1524.95019
2025-08-12T13:51:35Z	24456.00000	1555.97793	1539.62759	1524.94634
2025-08-12T13:51:35Z	24456.00000	1556.07763	1539.80581	1524.94787
2025-08-12T13:51:35Z	24456.00000	1556.13841	1539.90517	1524.94845
2025-08-12T13:51:35Z	24456.00000	1556.20399	1540.01656	1524.94919
2025-08-12T13:51:35Z	24457.00000	1556.32483	1540.22165	1524.95228
2025-08-12T13:51:35Z	24457.00000	1556.37975	1540.30867	1524.95248
2025-08-12T13:51:35Z	24457.00000	1556.42152	1540.38312	1524.95457
2025-08-12T13:51:35Z	24457.00000	1556.47394	1540.45979	1524.95445
2025-08-12T13:51:35Z	24457.00000	1556.52426	1540.54487	1524.95471
2025-08-12T13:51:36Z	24457.00000	1556.56758	1540.61983	1524.95802
2025-08-12T13:51:36Z	24457.00000	1556.60227	1540.66989	1524.95873
2025-08-12T13:51:36Z	24457.00000	1556.63134	1540.72546	1524.95827
2025-08-12T13:51:36Z	24457.00000	1556.67083	1540.78744	1524.95923
2025-08-12T13:51:36Z	24458.00000	1556.69987	1540.83082	1524.95935
2025-08-12T13:51:36Z	24458.00000	1556.72107	1540.86761	1524.95991
2025-08-12T13:51:36Z	24458.00000	1556.74150	1540.91149	1524.96028
2025-08-12T13:51:36Z	24458.00000	1556.76726	1540.95290	1524.96074
2025-08-12T13:51:36Z	24458.00000	1556.78376	1540.98160	1524.96147
2025-08-12T13:51:37Z	24458.00000	1556.79911	1540.99986	1524.96144
2025-08-12T13:51:37Z	24458.00000	1556.81071	1541.01556	1524.96155
2025-08-12T13:51:37Z	24458.00000	1556.81919	1541.02783	1524.96157
2025-08-12T13:51:37Z	24458.00000	1556.82710	1541.04018	1524.96257
2025-08-12T13:51:37Z	24458.00000	1556.83483	1541.05109	1524.96237
2025-08-12T13:51:37Z	24459.00000	1556.84031	1541.06100	1524.96179
2025-08-12T13:51:37Z	24459.00000	1556.84484	1541.06863	1524.96306
2025-08-12T13:51:37Z	24459.00000	1556.84830	1541.08697	1524.96266
2025-08-12T13:51:37Z	24459.00000	1556.85402	1541.09374	1524.96264
2025-08-12T13:51:37Z	24459.00000	1556.85589	1541.09806	1524.96260
2025-08-12T13:51:38Z	24459.00000	1556.74538	1540.85142	1525.04820
2025-08-12T13:51:38Z	24459.00000	1555.22430	1538.30229	1524.92962
2025-08-12T13:51:38Z	24460.00000	1555.08090	1538.07700	1524.94996
2025-08-12T13:51:38Z	24460.00000	1555.07663	1538.06770	1524.94707
2025-08-12T13:51:38Z	24460.00000	1555.07345	1538.06323	1524.94797
2025-08-12T13:51:38Z	24460.00000	1555.07383	1538.06205	1524.94733
2025-08-12T13:51:39Z	24460.00000	1555.07247	1538.06059	1524.94826
2025-08-12T13:51:39Z	24460.00000	1555.07127	1538.05885	1524.94796
2025-08-12T13:51:39Z	24460.00000	1555.06992	1538.05897	1524.94815
2025-08-12T13:51:39Z	24460.00000	1555.07001	1538.05627	1524.94768
2025-08-12T13:51:39Z	24461.00000	1555.06926	1538.05709	1524.94763
2025-08-12T13:51:39Z	24461.00000	1555.06840	1538.05481	1524.94798
2025-08-12T13:51:39Z	24461.00000	1555.06714	1538.05289	1524.94602
2025-08-12T13:51:39Z	24461.00000	1555.06795	1538.05380	1524.94771
2025-08-12T13:51:39Z	24461.00000	1555.06753	1538.05235	1524.94743
2025-08-12T13:51:40Z	24461.00000	1555.06729	1538.05239	1524.94808
2025-08-12T13:51:40Z	24461.00000	1555.06696	1538.05268	1524.94780
2025-08-12T13:51:40Z	24461.00000	1555.06602	1538.05018	1524.94787
2025-08-12T13:51:40Z	24462.00000	1555.06553	1538.05020	1524.94789
2025-08-12T13:51:40Z	24462.00000	1555.06453	1538.05036	1524.94772
2025-08-12T13:51:40Z	24462.00000	1555.06544	1538.04941	1524.94775
2025-08-12T13:51:40Z	24462.00000	1555.06470	1538.04832	1524.94797
2025-08-12T13:51:40Z	24462.00000	1555.06508	1538.04804	1524.94745
2025-08-12T13:51:40Z	24462.00000	1555.06429	1538.04766	1524.94732
2025-08-12T13:51:41Z	24462.00000	1555.06397	1538.04785	1524.94719
2025-08-12T13:51:41Z	24462.00000	1555.06416	1538.04929	1524.94734
2025-08-12T13:51:41Z	24462.00000	1555.06298	1538.04729	1524.94774
2025-08-12T13:51:41Z	24463.00000	1555.06258	1538.04672	1524.94803
2025-08-12T13:51:41Z	24463.00000	1555.06284	1538.04626	1524.94738
2025-08-12T13:51:41Z	24463.00000	1555.06298	1538.04541	1524.94764
2025-08-12T13:51:41Z	24463.00000	1555.06227	1538.04475	1524.94793
2025-08-12T13:51:41Z	24463.00000	1555.06223	1538.04361	1524.94781
2025-08-12T13:51:42Z	24463.00000	1555.06222	1538.04358	1524.94724
2025-08-12T13:51:42Z	24463.00000	1555.06216	1538.04461	1524.94672
2025-08-12T13:51:42Z	24463.00000	1555.06139	1538.04375	1524.94711
2025-08-12T13:51:42Z	24463.00000	1555.06209	1538.04312	1524.94777
2025-08-12T13:51:42Z	24464.00000	1555.06148	1538.04276	1524.94728
2025-08-12T13:51:42Z	24464.00000	1555.06172	1538.04463	1524.94730
2025-08-12T13:51:42Z	24464.00000	1555.06119	1538.04362	1524.94668
2025-08-12T13:51:42Z	24464.00000	1555.06218	1538.04284	1524.94676
2025-08-12T13:51:42Z	24464.00000	1555.06117	1538.04118	1524.94708
2025-08-12T13:51:42Z	24464.00000	1555.06100	1538.04236	1524.94699
2025-08-12T13:51:43Z	24464.00000	1555.06097	1538.04142	1524.94743
2025-08-12T13:51:43Z	24464.00000	1555.06116	1538.04255	1524.94717
2025-08-12T13:51:43Z	24464.00000	1555.06057	1538.04158	1524.94734
2025-08-12T13:51:43Z	24464.00000	1555.22174	1538.30208	1524.93440
2025-08-12T13:51:43Z	24465.00000	1555.37124	1538.56835	1524.93770
2025-08-12T13:51:43Z	24465.00000	1555.49070	1538.77779	1524.94732
2025-08-12T13:51:43Z	24465.00000	1555.59715	1538.97024	1524.95228
2025-08-12T13:51:43Z	24465.00000	1555.71731	1539.17855	1524.94832
2025-08-12T13:51:43Z	24465.00000	1555.84291	1539.39560	1524.94821
2025-08-12T13:51:44Z	24465.00000	1556.02485	1539.70896	1524.94828
2025-08-12T13:51:44Z	24465.00000	1556.08482	1539.81835	1524.95039
2025-08-12T13:51:44Z	24465.00000	1556.14616	1539.91778	1524.94948
2025-08-12T13:51:44Z	24465.00000	1556.21141	1540.03306	1524.95001
2025-08-12T13:51:44Z	24466.00000	1556.27221	1540.13150	1524.95098
2025-08-12T13:51:44Z	24466.00000	1556.34154	1540.24443	1524.95271
2025-08-12T13:51:44Z	24466.00000	1556.40300	1540.34924	1524.95289
2025-08-12T13:51:44Z	24466.00000	1556.46275	1540.44292	1524.95402
2025-08-12T13:51:44Z	24466.00000	1556.51476	1540.53062	1524.95556
2025-08-12T13:51:44Z	24466.00000	1556.54783	1540.58321	1524.95535
2025-08-12T13:51:45Z	24466.00000	1556.58824	1540.64614	1524.95789
2025-08-12T13:51:45Z	24466.00000	1556.61529	1540.69256	1524.95848
2025-08-12T13:51:45Z	24466.00000	1556.65862	1540.76712	1524.95857
2025-08-12T13:51:45Z	24466.00000	1556.68698	1540.81030	1524.95968
2025-08-12T13:51:45Z	24467.00000	1556.71384	1540.85103	1524.95890
2025-08-12T13:51:45Z	24467.00000	1556.73239	1540.88448	1524.96045
2025-08-12T13:51:45Z	24467.00000	1556.75266	1540.92437	1524.96062
2025-08-12T13:51:45Z	24467.00000	1556.76929	1540.95338	1524.96076
2025-08-12T13:51:45Z	24467.00000	1556.78983	1540.98157	1524.96201
2025-08-12T13:51:46Z	24467.00000	1556.80097	1540.99858	1524.96144
2025-08-12T13:51:46Z	24467.00000	1556.81227	1541.01113	1524.96201
2025-08-12T13:51:46Z	24467.00000	1556.81984	1541.02824	1524.96144
2025-08-12T13:51:46Z	24467.00000	1556.82810	1541.04087	1524.96209
2025-08-12T13:51:46Z	24467.00000	1556.83875	1541.05847	1524.96251
2025-08-12T13:51:46Z	24468.00000	1556.84534	1541.06759	1524.96220
2025-08-12T13:51:46Z	24468.00000	1556.84935	1541.08557	1524.96255
2025-08-12T13:51:46Z	24468.00000	1556.85111	1541.08975	1524.96303
2025-08-12T13:51:46Z	24468.00000	1556.85518	1541.09219	1524.96276
2025-08-12T13:51:47Z	24468.00000	1556.85899	1541.09988	1524.96316
2025-08-12T13:51:47Z	24468.00000	1556.86118	1541.10429	1524.96202
2025-08-12T13:51:47Z	24468.00000	1555.35222	1538.55173	1524.95608
2025-08-12T13:51:47Z	24468.00000	1555.11177	1538.13690	1524.93593
2025-08-12T13:51:47Z	24468.00000	1555.07571	1538.07239	1524.94468
2025-08-12T13:51:47Z	24469.00000	1555.07774	1538.07194	1524.94678
2025-08-12T13:51:47Z	24469.00000	1555.07745	1538.07065	1524.94814
2025-08-12T13:51:47Z	24469.00000	1555.07565	1538.06751	1524.94822
2025-08-12T13:51:47Z	24469.00000	1555.07448	1538.06488	1524.94843
2025-08-12T13:51:47Z	24469.00000	1555.07525	1538.06292	1524.94803
2025-08-12T13:51:47Z	24469.00000	1555.07316	1538.06193	1524.94732
2025-08-12T13:51:48Z	24469.00000	1555.07284	1538.06189	1524.94822
2025-08-12T13:51:48Z	24469.00000	1555.07002	1538.05832	1524.94792
2025-08-12T13:51:48Z	24469.00000	1555.07021	1538.05825	1524.94837
2025-08-12T13:51:48Z	24469.00000	1555.06966	1538.05549	1524.94831
2025-08-12T13:51:48Z	24470.00000	1555.06954	1538.05537	1524.94860
2025-08-12T13:51:48Z	24470.00000	1555.06805	1538.05406	1524.94872
2025-08-12T13:51:48Z	24470.00000	1555.06877	1538.05551	1524.94820
2025-08-12T13:51:48Z	24470.00000	1555.06826	1538.05493	1524.94835
2025-08-12T13:51:48Z	24470.00000	1555.06881	1538.05425	1524.94764
2025-08-12T13:51:48Z	24470.00000	1555.06807	1538.05344	1524.94770
2025-08-12T13:51:49Z	24470.00000	1555.06732	1538.05371	1524.94773
2025-08-12T13:51:49Z	24470.00000	1555.06737	1538.05199	1524.94759
2025-08-12T13:51:49Z	24470.00000	1555.06721	1538.05167	1524.94814
2025-08-12T13:51:49Z	24470.00000	1555.06598	1538.05179	1524.94820
2025-08-12T13:51:49Z	24470.00000	1555.06577	1538.05054	1524.94781
2025-08-12T13:51:49Z	24471.00000	1555.06569	1538.05115	1524.94788
2025-08-12T13:51:49Z	24471.00000	1555.06581	1538.05044	1524.94750
2025-08-12T13:51:49Z	24471.00000	1555.06522	1538.04859	1524.94759
2025-08-12T13:51:49Z	24471.00000	1555.06468	1538.05008	1524.94841
2025-08-12T13:51:49Z	24471.00000	1555.06471	1538.04850	1524.94839
2025-08-12T13:51:50Z	24471.00000	1555.06447	1538.04804	1524.94760
2025-08-12T13:51:50Z	24471.00000	1555.06366	1538.04805	1524.94786
2025-08-12T13:51:50Z	24471.00000	1555.06406	1538.04887	1524.94740
2025-08-12T13:51:50Z	24471.00000	1555.06363	1538.04608	1524.94775
2025-08-12T13:51:50Z	24472.00000	1555.06366	1538.04642	1524.94747
2025-08-12T13:51:50Z	24472.00000	1555.06298	1538.04612	1524.94740
2025-08-12T13:51:50Z	24472.00000	1555.06320	1538.04661	1524.94800
2025-08-12T13:51:50Z	24472.00000	1555.06333	1538.04675	1524.94802
2025-08-12T13:51:50Z	24472.00000	1555.06268	1538.04644	1524.94798
2025-08-12T13:51:51Z	24472.00000	1555.06280	1538.04661	1524.94784
2025-08-12T13:51:51Z	24472.00000	1555.06288	1538.04484	1524.94747
2025-08-12T13:51:51Z	24472.00000	1555.06204	1538.04437	1524.94805
2025-08-12T13:51:51Z	24472.00000	1555.06237	1538.04542	1524.94777
2025-08-12T13:51:51Z	24472.00000	1555.06247	1538.04440	1524.94750
2025-08-12T13:51:51Z	24473.00000	1555.06230	1538.04330	1524.94739
2025-08-12T13:51:51Z	24473.00000	1555.06151	1538.04269	1524.94693
2025-08-12T13:51:51Z	24473.00000	1555.06196	1538.04283	1524.94725
2025-08-12T13:51:51Z	24473.00000	1555.06135	1538.04202	1524.94787
2025-08-12T13:51:51Z	24473.00000	1555.06164	1538.04173	1524.94725
2025-08-12T13:51:51Z	24473.00000	1555.06155	1538.04385	1524.94762
2025-08-12T13:51:52Z	24473.00000	1555.06136	1538.04323	1524.94740
2025-08-12T13:51:52Z	24473.00000	1555.06146	1538.04145	1524.94795
2025-08-12T13:51:52Z	24473.00000	1555.06091	1538.04269	1524.94769
2025-08-12T13:51:52Z	24473.00000	1555.06102	1538.04183	1524.94743
2025-08-12T13:51:52Z	24474.00000	1555.06123	1538.04080	1524.94712
2025-08-12T13:51:52Z	24474.00000	1555.06056	1538.04001	1524.94778
2025-08-12T13:51:52Z	24474.00000	1555.06063	1538.04123	1524.94789
2025-08-12T13:51:52Z	24474.00000	1555.06068	1538.04056	1524.94688
2025-08-12T13:51:52Z	24474.00000	1555.06115	1538.04113	1524.94690
2025-08-12T13:51:52Z	24474.00000	1555.06073	1538.04054	1524.94707
2025-08-12T13:51:53Z	24474.00000	1555.06092	1538.03992	1524.94702
2025-08-12T13:51:53Z	24474.00000	1555.06013	1538.04060	1524.94748
2025-08-12T13:51:53Z	24474.00000	1555.06007	1538.04031	1524.94757
2025-08-12T13:51:53Z	24475.00000	1555.06073	1538.03928	1524.94698
2025-08-12T13:51:53Z	24475.00000	1555.06090	1538.03972	1524.94735
2025-08-12T13:51:53Z	24475.00000	1555.06045	1538.03958	1524.94769
2025-08-12T13:51:53Z	24475.00000	1555.05993	1538.03888	1524.94770
2025-08-12T13:51:53Z	24475.00000	1555.06058	1538.03758	1524.94785
2025-08-12T13:51:54Z	24475.00000	1555.06014	1538.03814	1524.94734
2025-08-12T13:51:54Z	24475.00000	1555.06041	1538.03774	1524.94755
2025-08-12T13:51:54Z	24475.00000	1555.06037	1538.03802	1524.94749
2025-08-12T13:51:54Z	24475.00000	1555.06044	1538.03812	1524.94686
2025-08-12T13:51:54Z	24475.00000	1555.05983	1538.03787	1524.94764
2025-08-12T13:51:54Z	24476.00000	1555.05970	1538.03762	1524.94727
2025-08-12T13:51:54Z	24476.00000	1555.06014	1538.03878	1524.94763
2025-08-12T13:51:54Z	24476.00000	1555.05964	1538.03809	1524.94730
2025-08-12T13:51:54Z	24476.00000	1555.05993	1538.03849	1524.94728
2025-08-12T13:51:54Z	24476.00000	1555.05996	1538.03920	1524.94689
2025-08-12T13:51:55Z	24476.00000	1555.05895	1538.03805	1524.94730
2025-08-12T13:51:55Z	24476.00000	1555.05950	1538.03701	1524.94724
2025-08-12T13:51:55Z	24476.00000	1555.05977	1538.03826	1524.94768
2025-08-12T13:51:55Z	24476.00000	1555.05934	1538.03783	1524.94686
2025-08-12T13:51:55Z	24476.00000	1555.05958	1538.03671	1524.94694
2025-08-12T13:51:55Z	24477.00000	1555.05926	1538.03816	1524.94676
2025-08-12T13:51:55Z	24477.00000	1555.05911	1538.03723	1524.94690
2025-08-12T13:51:55Z	24477.00000	1555.05877	1538.03671	1524.94689
2025-08-12T13:51:55Z	24477.00000	1555.05892	1538.03686	1524.94727
2025-08-12T13:51:55Z	24477.00000	1555.05892	1538.03808	1524.94709
2025-08-12T13:51:55Z	24477.00000	1555.05888	1538.03828	1524.94754
2025-08-12T13:51:56Z	24477.00000	1555.05912	1538.03775	1524.94774
2025-08-12T13:51:56Z	24477.00000	1555.05897	1538.03680	1524.94716
2025-08-12T13:51:56Z	24477.00000	1555.05813	1538.03744	1524.94760
2025-08-12T13:51:56Z	24477.00000	1555.05866	1538.03740	1524.94696
2025-08-12T13:51:56Z	24478.00000	1555.05894	1538.03617	1524.94678
2025-08-12T13:51:56Z	24478.00000	1555.05997	1538.03544	1524.94740
2025-08-12T13:51:56Z	24478.00000	1555.05869	1538.03645	1524.94721
2025-08-12T13:51:56Z	24478.00000	1555.05837	1538.03609	1524.94752
2025-08-12T13:51:56Z	24478.00000	1555.05804	1538.03724	1524.94748
2025-08-12T13:51:56Z	24478.00000	1555.05832	1538.03630	1524.94737
2025-08-12T13:51:57Z	24478.00000	1555.05867	1538.03691	1524.94707
2025-08-12T13:51:57Z	24478.00000	1555.05826	1538.03714	1524.94695
2025-08-12T13:51:57Z	24478.00000	1555.05857	1538.03603	1524.94748
2025-08-12T13:51:57Z	24478.00000	1555.05780	1538.03497	1524.94751
2025-08-12T13:51:57Z	24479.00000	1555.05774	1538.03631	1524.94730
2025-08-12T13:51:57Z	24479.00000	1555.05810	1538.03519	1524.94679
2025-08-12T13:51:57Z	24479.00000	1555.05798	1538.03562	1524.94758
2025-08-12T13:51:57Z	24479.00000	1555.05766	1538.03479	1524.94716
2025-08-12T13:51:57Z	24479.00000	1555.05764	1538.03423	1524.94656
2025-08-12T13:51:58Z	24479.00000	1555.05844	1538.03579	1524.94709
2025-08-12T13:51:58Z	24479.00000	1555.05851	1538.03439	1524.94661
2025-08-12T13:51:58Z	24479.00000	1555.05795	1538.03568	1524.94693
2025-08-12T13:51:58Z	24479.00000	1555.05774	1538.03572	1524.94692
2025-08-12T13:51:58Z	24479.00000	1555.05808	1538.03516	1524.94756
2025-08-12T13:51:58Z	24480.00000	1555.05826	1538.03565	1524.94729
2025-08-12T13:51:58Z	24480.00000	1555.05840	1538.03376	1524.94667
2025-08-12T13:51:58Z	24480.00000	1555.05819	1538.03594	1524.94694
2025-08-12T13:51:58Z	24480.00000	1555.05795	1538.03477	1524.94711
2025-08-12T13:51:58Z	24480.00000	1555.05771	1538.03300	1524.94657
2025-08-12T13:51:59Z	24480.00000	1555.05810	1538.03399	1524.94718
2025-08-12T13:51:59Z	24480.00000	1555.05792	1538.03366	1524.94663
2025-08-12T13:51:59Z	24480.00000	1555.05762	1538.03298	1524.94683
2025-08-12T13:51:59Z	24480.00000	1555.05783	1538.03399	1524.94668
2025-08-12T13:51:59Z	24480.00000	1555.05771	1538.03339	1524.94721
2025-08-12T13:51:59Z	24480.00000	1555.05756	1538.03314	1524.94733
2025-08-12T13:51:59Z	24481.00000	1555.05770	1538.03403	1524.94667
2025-08-12T13:51:59Z	24481.00000	1555.05763	1538.03229	1524.94702
2025-08-12T13:51:59Z	24481.00000	1555.05765	1538.03558	1524.94720
2025-08-12T13:51:59Z	24481.00000	1555.05808	1538.03324	1524.94673
2025-08-12T13:52:00Z	24481.00000	1555.05703	1538.03165	1524.94683
2025-08-12T13:52:00Z	24481.00000	1555.05711	1538.03416	1524.94671
2025-08-12T13:52:00Z	24481.00000	1555.05753	1538.03277	1524.94683
2025-08-12T13:52:00Z	24481.00000	1555.05746	1538.03155	1524.94674
2025-08-12T13:52:00Z	24481.00000	1555.05693	1538.03293	1524.94663
2025-08-12T13:52:00Z	24482.00000	1555.05746	1538.03321	1524.94771
2025-08-12T13:52:00Z	24482.00000	1555.05725	1538.03227	1524.94656
2025-08-12T13:52:00Z	24482.00000	1555.05764	1538.03298	1524.94705
2025-08-12T13:52:00Z	24482.00000	1555.05697	1538.03415	1524.94738
2025-08-12T13:52:01Z	24482.00000	1555.05634	1538.03249	1524.94698
2025-08-12T13:52:01Z	24482.00000	1555.05664	1538.03372	1524.94743
2025-08-12T13:52:01Z	24482.00000	1555.05696	1538.03295	1524.94685
2025-08-12T13:52:01Z	24482.00000	1555.05675	1538.03245	1524.94659
2025-08-12T13:52:01Z	24482.00000	1555.05690	1538.03231	1524.94728
2025-08-12T13:52:01Z	24483.00000	1555.05725	1538.03188	1524.94673
2025-08-12T13:52:01Z	24483.00000	1555.05676	1538.03172	1524.94728
2025-08-12T13:52:01Z	24483.00000	1555.05660	1538.03341	1524.94691
2025-08-12T13:52:01Z	24483.00000	1555.05675	1538.03243	1524.94741
2025-08-12T13:52:01Z	24483.00000	1555.05712	1538.03271	1524.94765
2025-08-12T13:52:02Z	24483.00000	1555.05658	1538.03140	1524.94654
2025-08-12T13:52:02Z	24483.00000	1555.05614	1538.03260	1524.94631
2025-08-12T13:52:02Z	24483.00000	1555.05670	1538.03230	1524.94720
2025-08-12T13:52:02Z	24483.00000	1555.05614	1538.03265	1524.94722
2025-08-12T13:52:02Z	24483.00000	1555.05777	1538.03242	1524.94655
2025-08-12T13:52:02Z	24484.00000	1555.05695	1538.03195	1524.94723
2025-08-12T13:52:02Z	24484.00000	1555.05619	1538.03227	1524.94710
2025-08-12T13:52:02Z	24484.00000	1555.05730	1538.03264	1524.94750
2025-08-12T13:52:02Z	24484.00000	1555.05595	1538.03173	1524.94726
2025-08-12T13:52:02Z	24484.00000	1555.05649	1538.03206	1524.94727
2025-08-12T13:52:03Z	24484.00000	1555.05604	1538.03192	1524.94726
2025-08-12T13:52:03Z	24484.00000	1555.05575	1538.03128	1524.94699
2025-08-12T13:52:03Z	24484.00000	1555.05622	1538.03111	1524.94697
2025-08-12T13:52:03Z	24484.00000	1555.05660	1538.03115	1524.94722
2025-08-12T13:52:03Z	24484.00000	1555.05690	1538.03122	1524.94651
2025-08-12T13:52:03Z	24485.00000	1555.05576	1538.03012	1524.94731
2025-08-12T13:52:03Z	24485.00000	1555.05601	1538.03144	1524.94723
2025-08-12T13:52:03Z	24485.00000	1555.05639	1538.03130	1524.94705
2025-08-12T13:52:03Z	24485.00000	1555.05677	1538.03214	1524.94681
2025-08-12T13:52:03Z	24485.00000	1555.05608	1538.03254	1524.94699
2025-08-12T13:52:03Z	24485.00000	1555.05582	1538.03198	1524.94733
2025-08-12T13:52:04Z	24485.00000	1555.05649	1538.03088	1524.94727
2025-08-12T13:52:04Z	24485.00000	1555.05585	1538.03109	1524.94726
2025-08-12T13:52:04Z	24485.00000	1555.05548	1538.03048	1524.94684
2025-08-12T13:52:04Z	24485.00000	1555.05622	1538.03072	1524.94720
2025-08-12T13:52:04Z	24486.00000	1555.05634	1538.02959	1524.94745
2025-08-12T13:52:04Z	24486.00000	1555.05655	1538.02997	1524.94759
2025-08-12T13:52:04Z	24486.00000	1555.05548	1538.03049	1524.94654
2025-08-12T13:52:04Z	24486.00000	1555.05634	1538.02972	1524.94691
2025-08-12T13:52:04Z	24486.00000	1555.05642	1538.03148	1524.94671
2025-08-12T13:52:04Z	24486.00000	1555.05625	1538.03152	1524.94730
2025-08-12T13:52:05Z	24486.00000	1555.05636	1538.03061	1524.94713
2025-08-12T13:52:05Z	24486.00000	1555.05600	1538.03043	1524.94691
2025-08-12T13:52:05Z	24486.00000	1555.05596	1538.03025	1524.94740
2025-08-12T13:52:05Z	24486.00000	1555.05659	1538.03017	1524.94696
2025-08-12T13:52:05Z	24486.00000	1555.05618	1538.03061	1524.94704
2025-08-12T13:52:05Z	24487.00000	1555.05596	1538.03031	1524.94776
2025-08-12T13:52:05Z	24487.00000	1555.05554	1538.03070	1524.94679
2025-08-12T13:52:05Z	24487.00000	1555.05524	1538.03068	1524.94683
2025-08-12T13:52:05Z	24487.00000	1555.05634	1538.02802	1524.94727
2025-08-12T13:52:06Z	24487.00000	1555.05619	1538.03025	1524.94729
2025-08-12T13:52:06Z	24487.00000	1555.05627	1538.02815	1524.94687
2025-08-12T13:52:06Z	24487.00000	1555.05642	1538.03093	1524.94743
2025-08-12T13:52:06Z	24487.00000	1555.05605	1538.02963	1524.94699
2025-08-12T13:52:06Z	24487.00000	1555.05584	1538.02896	1524.94678
2025-08-12T13:52:06Z	24487.00000	1555.05585	1538.02862	1524.94651
2025-08-12T13:52:06Z	24488.00000	1555.05570	1538.02947	1524.94678
2025-08-12T13:52:06Z	24488.00000	1555.05504	1538.02978	1524.94730
2025-08-12T13:52:06Z	24488.00000	1555.05565	1538.02972	1524.94692
2025-08-12T13:52:06Z	24488.00000	1555.05553	1538.02863	1524.94739
2025-08-12T13:52:07Z	24488.00000	1555.05585	1538.02907	1524.94706
2025-08-12T13:52:07Z	24488.00000	1555.05539	1538.02849	1524.94707
2025-08-12T13:52:07Z	24488.00000	1555.05573	1538.02981	1524.94692
2025-08-12T13:52:07Z	24488.00000	1555.05538	1538.02979	1524.94708
2025-08-12T13:52:07Z	24488.00000	1555.05580	1538.02908	1524.94740
2025-08-12T13:52:07Z	24489.00000	1555.05531	1538.02884	1524.94676
2025-08-12T13:52:07Z	24489.00000	1555.05551	1538.02790	1524.94725
2025-08-12T13:52:07Z	24489.00000	1555.05557	1538.02798	1524.94670
2025-08-12T13:52:07Z	24489.00000	1555.05502	1538.03056	1524.94706
2025-08-12T13:52:08Z	24489.00000	1555.05584	1538.03025	1524.94692
2025-08-12T13:52:08Z	24489.00000	1555.05541	1538.02835	1524.94746
2025-08-12T13:52:08Z	24489.00000	1555.05545	1538.02907	1524.94733
2025-08-12T13:52:08Z	24489.00000	1555.05542	1538.03014	1524.94734
2025-08-12T13:52:08Z	24489.00000	1555.05588	1538.02824	1524.94739
2025-08-12T13:52:08Z	24490.00000	1555.05559	1538.02947	1524.94718
2025-08-12T13:52:08Z	24490.00000	1555.05498	1538.02836	1524.94675
2025-08-12T13:52:08Z	24490.00000	1555.05479	1538.02851	1524.94702
2025-08-12T13:52:08Z	24490.00000	1555.05527	1538.02770	1524.94670
2025-08-12T13:52:08Z	24490.00000	1555.05511	1538.02708	1524.94743
2025-08-12T13:52:09Z	24490.00000	1555.05533	1538.02707	1524.94726
2025-08-12T13:52:09Z	24490.00000	1555.05545	1538.02768	1524.94647
2025-08-12T13:52:09Z	24490.00000	1555.05530	1538.02950	1524.94653
2025-08-12T13:52:09Z	24491.00000	1555.05545	1538.02713	1524.94734
2025-08-12T13:52:09Z	24491.00000	1555.05370	1538.02807	1524.94792
2025-08-12T13:52:09Z	24491.00000	1555.05489	1538.02744	1524.94766
2025-08-12T13:52:09Z	24491.00000	1555.05508	1538.02835	1524.94696
2025-08-12T13:52:09Z	24491.00000	1555.05455	1538.02781	1524.94685
2025-08-12T13:52:10Z	24491.00000	1555.05436	1538.02859	1524.94764
2025-08-12T13:52:10Z	24491.00000	1555.05419	1538.02774	1524.94694
2025-08-12T13:52:10Z	24491.00000	1555.05482	1538.02890	1524.94666
2025-08-12T13:52:10Z	24491.00000	1555.05466	1538.02767	1524.94711
2025-08-12T13:52:10Z	24492.00000	1555.05568	1538.02842	1524.94766
2025-08-12T13:52:10Z	24492.00000	1555.05524	1538.02648	1524.94700
2025-08-12T13:52:10Z	24492.00000	1555.05479	1538.02761	1524.94720
2025-08-12T13:52:10Z	24492.00000	1555.05489	1538.02749	1524.94779
2025-08-12T13:52:10Z	24492.00000	1555.05517	1538.02737	1524.94741
2025-08-12T13:52:11Z	24492.00000	1555.05447	1538.02659	1524.94789
2025-08-12T13:52:11Z	24492.00000	1555.05497	1538.02808	1524.94742
2025-08-12T13:52:11Z	24492.00000	1555.05471	1538.02691	1524.94681
2025-08-12T13:52:11Z	24492.00000	1555.05513	1538.02496	1524.94731
2025-08-12T13:52:11Z	24493.00000	1555.05523	1538.02857	1524.94747
2025-08-12T13:52:11Z	24493.00000	1555.05494	1538.02753	1524.94773
2025-08-12T13:52:11Z	24493.00000	1555.05437	1538.02625	1524.94740
2025-08-12T13:52:11Z	24493.00000	1555.05488	1538.02638	1524.94743
2025-08-12T13:52:11Z	24493.00000	1555.05466	1538.02716	1524.94731
2025-08-12T13:52:11Z	24493.00000	1555.05478	1538.02651	1524.94754
2025-08-12T13:52:12Z	24493.00000	1555.05442	1538.02668	1524.94715
2025-08-12T13:52:12Z	24493.00000	1555.05503	1538.02698	1524.94740
2025-08-12T13:52:12Z	24493.00000	1555.05554	1538.02695	1524.94725
2025-08-12T13:52:12Z	24493.00000	1555.05482	1538.02599	1524.94675
2025-08-12T13:52:12Z	24494.00000	1555.05471	1538.02625	1524.94715
2025-08-12T13:52:12Z	24494.00000	1555.05510	1538.02738	1524.94738
2025-08-12T13:52:12Z	24494.00000	1555.05498	1538.02668	1524.94700
2025-08-12T13:52:12Z	24494.00000	1555.05392	1538.02680	1524.94777
2025-08-12T13:52:12Z	24494.00000	1555.05508	1538.02707	1524.94769
2025-08-12T13:52:13Z	24494.00000	1555.05476	1538.02690	1524.94704
2025-08-12T13:52:13Z	24494.00000	1555.05501	1538.02676	1524.94717
2025-08-12T13:52:13Z	24494.00000	1555.05428	1538.02829	1524.94705
2025-08-12T13:52:13Z	24494.00000	1555.05487	1538.02650	1524.94737
2025-08-12T13:52:13Z	24494.00000	1555.05493	1538.02668	1524.94738
2025-08-12T13:52:13Z	24495.00000	1555.05419	1538.02615	1524.94688
2025-08-12T13:52:13Z	24495.00000	1555.05463	1538.02758	1524.94734
2025-08-12T13:52:13Z	24495.00000	1555.05452	1538.02587	1524.94747
2025-08-12T13:52:13Z	24495.00000	1555.05460	1538.02547	1524.94725
2025-08-12T13:52:14Z	24495.00000	1555.05411	1538.02658	1524.94741
2025-08-12T13:52:14Z	24495.00000	1555.05460	1538.02605	1524.94708
2025-08-12T13:52:14Z	24495.00000	1555.05341	1538.02561	1524.94734
2025-08-12T13:52:14Z	24496.00000	1555.05421	1538.02604	1524.94735
2025-08-12T13:52:14Z	24496.00000	1555.05404	1538.02556	1524.94729
2025-08-12T13:52:14Z	24496.00000	1555.05445	1538.02537	1524.94693
2025-08-12T13:52:14Z	24496.00000	1555.05507	1538.02703	1524.94718
2025-08-12T13:52:14Z	24496.00000	1555.05446	1538.02596	1524.94729
2025-08-12T13:52:15Z	24496.00000	1555.05435	1538.02659	1524.94735
2025-08-12T13:52:15Z	24496.00000	1555.05432	1538.02451	1524.94745
2025-08-12T13:52:15Z	24496.00000	1555.05480	1538.02562	1524.94675
2025-08-12T13:52:15Z	24496.00000	1555.05387	1538.02513	1524.94700
2025-08-12T13:52:15Z	24496.00000	1555.05462	1538.02527	1524.94753
2025-08-12T13:52:15Z	24497.00000	1555.05451	1538.02627	1524.94643
2025-08-12T13:52:15Z	24497.00000	1555.05336	1538.02637	1524.94750
2025-08-12T13:52:15Z	24497.00000	1555.05412	1538.02692	1524.94769
2025-08-12T13:52:15Z	24497.00000	1555.05405	1538.02588	1524.94729
2025-08-12T13:52:16Z	24497.00000	1555.05414	1538.02571	1524.94767
2025-08-12T13:52:16Z	24497.00000	1555.05440	1538.02663	1524.94669
2025-08-12T13:52:16Z	24497.00000	1555.05430	1538.02597	1524.94705
2025-08-12T13:52:16Z	24497.00000	1555.05420	1538.02640	1524.94704
2025-08-12T13:52:16Z	24498.00000	1555.05329	1538.02740	1524.94730
2025-08-12T13:52:16Z	24498.00000	1555.05484	1538.02611	1524.94702
2025-08-12T13:52:16Z	24498.00000	1555.05388	1538.02645	1524.94762
2025-08-12T13:52:16Z	24498.00000	1555.05461	1538.02583	1524.94671
2025-08-12T13:52:17Z	24498.00000	1555.05530	1538.02614	1524.94745
2025-08-12T13:52:17Z	24498.00000	1555.05428	1538.02455	1524.94740
2025-08-12T13:52:17Z	24498.00000	1555.05377	1538.02472	1524.94701
2025-08-12T13:52:17Z	24498.00000	1555.05426	1538.02555	1524.94719
2025-08-12T13:52:17Z	24498.00000	1555.05375	1538.02596	1524.94765
2025-08-12T13:52:17Z	24499.00000	1555.05396	1538.02623	1524.94754
2025-08-12T13:52:17Z	24499.00000	1555.05389	1538.02514	1524.94737
2025-08-12T13:52:17Z	24499.00000	1555.05449	1538.02591	1524.94777
2025-08-12T13:52:18Z	24499.00000	1555.05435	1538.02474	1524.94710
2025-08-12T13:52:18Z	24499.00000	1555.05440	1538.02564	1524.94713
2025-08-12T13:52:18Z	24499.00000	1555.05397	1538.02480	1524.94725
2025-08-12T13:52:18Z	24499.00000	1555.05389	1538.02555	1524.94668
2025-08-12T13:52:18Z	24500.00000	1555.05442	1538.02630	1524.94703
2025-08-12T13:52:18Z	24500.00000	1555.05366	1538.02514	1524.94644
2025-08-12T13:52:18Z	24500.00000	1555.05379	1538.02527	1524.94705
2025-08-12T13:52:18Z	24500.00000	1555.05427	1538.02594	1524.94695
2025-08-12T13:52:18Z	24500.00000	1555.05368	1538.02495	1524.94688
2025-08-12T13:52:19Z	24500.00000	1555.05435	1538.02478	1524.94689
2025-08-12T13:52:19Z	24500.00000	1555.05426	1538.02532	1524.94731
2025-08-12T13:52:19Z	24500.00000	1555.05477	1538.02467	1524.94743
2025-08-12T13:52:19Z	24501.00000	1555.05434	1538.02521	1524.94737
2025-08-12T13:52:19Z	24501.00000	1555.05381	1538.02581	1524.94727
2025-08-12T13:52:19Z	24501.00000	1555.05414	1538.02577	1524.94742
2025-08-12T13:52:19Z	24501.00000	1555.05446	1538.02448	1524.94749
2025-08-12T13:52:19Z	24501.00000	1555.05363	1538.02441	1524.94724
2025-08-12T13:52:20Z	24501.00000	1555.05375	1538.02492	1524.94760
2025-08-12T13:52:20Z	24501.00000	1555.05404	1538.02487	1524.94739
2025-08-12T13:52:20Z	24501.00000	1555.05354	1538.02626	1524.94761
2025-08-12T13:52:20Z	24501.00000	1555.05404	1538.02474	1524.94759
2025-08-12T13:52:20Z	24502.00000	1555.05438	1538.02463	1524.94713
2025-08-12T13:52:20Z	24502.00000	1555.05445	1538.02479	1524.94712
2025-08-12T13:52:20Z	24502.00000	1555.05416	1538.02502	1524.94717
2025-08-12T13:52:20Z	24502.00000	1555.05373	1538.02598	1524.94694
2025-08-12T13:52:20Z	24502.00000	1555.05408	1538.02497	1524.94742
2025-08-12T13:52:21Z	24502.00000	1555.05404	1538.02383	1524.94785
2025-08-12T13:52:21Z	24502.00000	1555.05393	1538.02584	1524.94751
2025-08-12T13:52:21Z	24502.00000	1555.05442	1538.02388	1524.94702
2025-08-12T13:52:21Z	24503.00000	1555.05444	1538.02638	1524.94678
2025-08-12T13:52:21Z	24503.00000	1555.05356	1538.02443	1524.94718
2025-08-12T13:52:21Z	24503.00000	1555.05425	1538.02391	1524.94751
2025-08-12T13:52:21Z	24503.00000	1555.05424	1538.02438	1524.94705
2025-08-12T13:52:21Z	24503.00000	1555.05370	1538.02454	1524.94770
2025-08-12T13:52:22Z	24503.00000	1555.05409	1538.02449	1524.94752
2025-08-12T13:52:22Z	24503.00000	1555.05381	1538.02384	1524.94741
2025-08-12T13:52:22Z	24503.00000	1555.05339	1538.02442	1524.94733
2025-08-12T13:52:22Z	24503.00000	1555.05376	1538.02631	1524.94648
2025-08-12T13:52:22Z	24503.00000	1555.05368	1538.02557	1524.94718
2025-08-12T13:52:22Z	24504.00000	1555.05404	1538.02493	1524.94690
2025-08-12T13:52:22Z	24504.00000	1555.05388	1538.02397	1524.94705
2025-08-12T13:52:22Z	24504.00000	1555.05339	1538.02428	1524.94660
2025-08-12T13:52:22Z	24504.00000	1555.05425	1538.02459	1524.94736
2025-08-12T13:52:23Z	24504.00000	1555.05420	1538.02513	1524.94772
2025-08-12T13:52:23Z	24504.00000	1555.05365	1538.02268	1524.94757
2025-08-12T13:52:23Z	24504.00000	1555.05397	1538.02397	1524.94733
2025-08-12T13:52:23Z	24504.00000	1555.05342	1538.02401	1524.94752
2025-08-12T13:52:23Z	24505.00000	1555.05356	1538.02456	1524.94725
2025-08-12T13:52:23Z	24505.00000	1555.05438	1538.02457	1524.94767
2025-08-12T13:52:23Z	24505.00000	1555.05443	1538.02365	1524.94765
2025-08-12T13:52:23Z	24505.00000	1555.05384	1538.02362	1524.94716
2025-08-12T13:52:24Z	24505.00000	1555.05375	1538.02427	1524.94651
2025-08-12T13:52:24Z	24505.00000	1555.05332	1538.02396	1524.94735
2025-08-12T13:52:24Z	24505.00000	1555.05403	1538.02531	1524.94747
2025-08-12T13:52:24Z	24505.00000	1555.05311	1538.02281	1524.94750
2025-08-12T13:52:24Z	24505.00000	1555.05395	1538.02442	1524.94766
2025-08-12T13:52:24Z	24506.00000	1555.05329	1538.02529	1524.94709
2025-08-12T13:52:24Z	24506.00000	1555.05398	1538.02290	1524.94738
2025-08-12T13:52:24Z	24506.00000	1555.05428	1538.02402	1524.94793
2025-08-12T13:52:24Z	24506.00000	1555.05309	1538.02428	1524.94688
2025-08-12T13:52:24Z	24506.00000	1555.05331	1538.02337	1524.94756
2025-08-12T13:52:24Z	24506.00000	1555.05419	1538.02342	1524.94752
2025-08-12T13:52:25Z	24506.00000	1555.05404	1538.02511	1524.94724
2025-08-12T13:52:25Z	24506.00000	1555.05360	1538.02444	1524.94732
2025-08-12T13:52:25Z	24506.00000	1555.05396	1538.02338	1524.94728
2025-08-12T13:52:25Z	24506.00000	1555.05387	1538.02391	1524.94755
2025-08-12T13:52:25Z	24507.00000	1555.05263	1538.02475	1524.94756
2025-08-12T13:52:25Z	24507.00000	1555.05342	1538.02435	1524.94766
2025-08-12T13:52:25Z	24507.00000	1555.05363	1538.02444	1524.94766
2025-08-12T13:52:25Z	24507.00000	1555.05368	1538.02443	1524.94734
2025-08-12T13:52:25Z	24507.00000	1555.05287	1538.02519	1524.94691
2025-08-12T13:52:25Z	24507.00000	1555.05277	1538.02524	1524.94753
2025-08-12T13:52:26Z	24507.00000	1555.05404	1538.02321	1524.94736
2025-08-12T13:52:26Z	24507.00000	1555.05410	1538.02506	1524.94776
2025-08-12T13:52:26Z	24507.00000	1555.05267	1538.02505	1524.94748
2025-08-12T13:52:26Z	24507.00000	1555.05355	1538.02394	1524.94723
2025-08-12T13:52:26Z	24507.00000	1555.05365	1538.02388	1524.94763
2025-08-12T13:52:26Z	24508.00000	1555.05314	1538.02280	1524.94713
2025-08-12T13:52:26Z	24508.00000	1555.05379	1538.02351	1524.94744
2025-08-12T13:52:26Z	24508.00000	1555.05278	1538.02490	1524.94709
2025-08-12T13:52:26Z	24508.00000	1555.05371	1538.02444	1524.94731
2025-08-12T13:52:27Z	24508.00000	1555.05274	1538.02484	1524.94722
2025-08-12T13:52:27Z	24508.00000	1555.05323	1538.02484	1524.94783
2025-08-12T13:52:27Z	24508.00000	1555.05339	1538.02440	1524.94760
2025-08-12T13:52:27Z	24508.00000	1555.05224	1538.02332	1524.94744
2025-08-12T13:52:27Z	24508.00000	1555.05320	1538.02475	1524.94755
2025-08-12T13:52:27Z	24509.00000	1555.05323	1538.02515	1524.94742
2025-08-12T13:52:27Z	24509.00000	1555.05359	1538.02410	1524.94676
2025-08-12T13:52:27Z	24509.00000	1555.05393	1538.02284	1524.94788
2025-08-12T13:52:27Z	24509.00000	1555.05311	1538.02488	1524.94662
2025-08-12T13:52:27Z	24509.00000	1555.05343	1538.02309	1524.94752
2025-08-12T13:52:28Z	24509.00000	1555.05359	1538.02246	1524.94776
2025-08-12T13:52:28Z	24509.00000	1555.05369	1538.02317	1524.94737
2025-08-12T13:52:28Z	24509.00000	1555.05315	1538.02309	1524.94719
2025-08-12T13:52:28Z	24509.00000	1555.05299	1538.02423	1524.94703
2025-08-12T13:52:28Z	24509.00000	1555.05353	1538.02343	1524.94756
2025-08-12T13:52:28Z	24510.00000	1555.05238	1538.02366	1524.94749
2025-08-12T13:52:28Z	24510.00000	1555.05364	1538.02306	1524.94718
2025-08-12T13:52:28Z	24510.00000	1555.05258	1538.02393	1524.94723
2025-08-12T13:52:28Z	24510.00000	1555.05423	1538.02308	1524.94700
2025-08-12T13:52:28Z	24510.00000	1555.05304	1538.02502	1524.94765
2025-08-12T13:52:28Z	24510.00000	1555.05311	1538.02292	1524.94697
2025-08-12T13:52:29Z	24510.00000	1555.05329	1538.02363	1524.94747
2025-08-12T13:52:29Z	24510.00000	1555.05367	1538.02382	1524.94746
2025-08-12T13:52:29Z	24510.00000	1555.05177	1538.02320	1524.94717
2025-08-12T13:52:29Z	24510.00000	1555.05251	1538.02260	1524.94760
2025-08-12T13:52:29Z	24511.00000	1555.05338	1538.02292	1524.94757
2025-08-12T13:52:29Z	24511.00000	1555.05309	1538.02357	1524.94757
2025-08-12T13:52:29Z	24511.00000	1555.05251	1538.02284	1524.94695
2025-08-12T13:52:29Z	24511.00000	1555.05357	1538.02377	1524.94674
2025-08-12T13:52:29Z	24511.00000	1555.05352	1538.02324	1524.94724
2025-08-12T13:52:29Z	24511.00000	1555.05304	1538.02383	1524.94736
2025-08-12T13:52:30Z	24511.00000	1555.05366	1538.02271	1524.94681
2025-08-12T13:52:30Z	24511.00000	1555.05265	1538.02479	1524.94728
2025-08-12T13:52:30Z	24511.00000	1555.05270	1538.02351	1524.94747
2025-08-12T13:52:30Z	24511.00000	1555.05297	1538.02201	1524.94730
2025-08-12T13:52:30Z	24512.00000	1555.05312	1538.02296	1524.94725
2025-08-12T13:52:30Z	24512.00000	1555.05340	1538.02301	1524.94752
2025-08-12T13:52:30Z	24512.00000	1555.05329	1538.02276	1524.94694
2025-08-12T13:52:30Z	24512.00000	1555.05257	1538.02309	1524.94772
2025-08-12T13:52:30Z	24512.00000	1555.05352	1538.02322	1524.94769
2025-08-12T13:52:31Z	24512.00000	1555.05231	1538.02237	1524.94737
2025-08-12T13:52:31Z	24512.00000	1555.05284	1538.02403	1524.94763
2025-08-12T13:52:31Z	24512.00000	1555.05249	1538.02353	1524.94716
2025-08-12T13:52:31Z	24512.00000	1555.05305	1538.02333	1524.94693
2025-08-12T13:52:31Z	24512.00000	1555.05304	1538.02403	1524.94762
2025-08-12T13:52:31Z	24513.00000	1555.05300	1538.02179	1524.94653
2025-08-12T13:52:31Z	24513.00000	1555.05236	1538.02330	1524.94765
2025-08-12T13:52:31Z	24513.00000	1555.05277	1538.02318	1524.94725
2025-08-12T13:52:31Z	24513.00000	1555.05283	1538.02263	1524.94747
2025-08-12T13:52:31Z	24513.00000	1555.05300	1538.02398	1524.94713
2025-08-12T13:52:32Z	24513.00000	1555.05262	1538.02233	1524.94740
2025-08-12T13:52:32Z	24513.00000	1555.05188	1538.02276	1524.94764
2025-08-12T13:52:32Z	24513.00000	1555.05193	1538.02231	1524.94757
2025-08-12T13:52:32Z	24514.00000	1555.05344	1538.02407	1524.94695
2025-08-12T13:52:32Z	24514.00000	1555.05203	1538.02396	1524.94719
2025-08-12T13:52:32Z	24514.00000	1555.05308	1538.02265	1524.94717
2025-08-12T13:52:32Z	24514.00000	1555.05333	1538.02311	1524.94721
2025-08-12T13:52:32Z	24514.00000	1555.05255	1538.02195	1524.94739
2025-08-12T13:52:33Z	24514.00000	1555.05304	1538.02261	1524.94762
2025-08-12T13:52:33Z	24514.00000	1555.05294	1538.02189	1524.94741
2025-08-12T13:52:33Z	24514.00000	1555.05355	1538.02265	1524.94672
2025-08-12T13:52:33Z	24514.00000	1555.05228	1538.02173	1524.94738
2025-08-12T13:52:33Z	24514.00000	1555.05256	1538.02199	1524.94631
2025-08-12T13:52:33Z	24515.00000	1555.05270	1538.02274	1524.94825
2025-08-12T13:52:33Z	24515.00000	1555.05185	1538.02242	1524.94781
2025-08-12T13:52:33Z	24515.00000	1555.05223	1538.02381	1524.94794
2025-08-12T13:52:33Z	24515.00000	1555.05242	1538.02183	1524.94806
2025-08-12T13:52:33Z	24515.00000	1555.05108	1538.02110	1524.94757
2025-08-12T13:52:33Z	24515.00000	1555.05251	1538.02254	1524.94660
2025-08-12T13:52:34Z	24515.00000	1555.05263	1538.02203	1524.94697
2025-08-12T13:52:34Z	24515.00000	1555.05180	1538.02347	1524.94732
2025-08-12T13:52:34Z	24515.00000	1555.05327	1538.02324	1524.94722
2025-08-12T13:52:34Z	24515.00000	1555.24427	1538.34674	1524.94069
2025-08-12T13:52:34Z	24516.00000	1555.39497	1538.61278	1524.95323
2025-08-12T13:52:34Z	24516.00000	1555.61353	1538.99097	1524.95283
2025-08-12T13:52:34Z	24516.00000	1555.70346	1539.15356	1524.94713
2025-08-12T13:52:34Z	24516.00000	1555.80788	1539.33125	1524.95049
2025-08-12T13:52:34Z	24516.00000	1555.90096	1539.49903	1524.94770
2025-08-12T13:52:35Z	24516.00000	1555.99621	1539.65554	1524.94519
2025-08-12T13:52:35Z	24516.00000	1556.07536	1539.80702	1524.94920
2025-08-12T13:52:35Z	24516.00000	1556.16981	1539.95484	1524.94769
2025-08-12T13:52:35Z	24516.00000	1556.24029	1540.08112	1524.95007
2025-08-12T13:52:35Z	24517.00000	1556.32496	1540.21798	1524.95056
2025-08-12T13:52:35Z	24517.00000	1556.40815	1540.36084	1524.95326
2025-08-12T13:52:35Z	24517.00000	1556.48694	1540.47664	1524.95372
2025-08-12T13:52:35Z	24517.00000	1556.53936	1540.56855	1524.95528
2025-08-12T13:52:36Z	24517.00000	1556.63837	1540.73536	1524.95862
2025-08-12T13:52:36Z	24517.00000	1556.69409	1540.81700	1524.95905
2025-08-12T13:52:36Z	24517.00000	1556.73096	1540.88065	1524.95918
2025-08-12T13:52:36Z	24517.00000	1556.78360	1540.97533	1524.96108
2025-08-12T13:52:36Z	24518.00000	1556.81014	1541.01150	1524.96159
2025-08-12T13:52:36Z	24518.00000	1556.83904	1541.05621	1524.96221
2025-08-12T13:52:36Z	24518.00000	1556.86148	1541.10314	1524.96266
2025-08-12T13:52:36Z	24518.00000	1556.88558	1541.14253	1524.96294
2025-08-12T13:52:37Z	24518.00000	1556.91159	1541.18455	1524.96385
2025-08-12T13:52:37Z	24518.00000	1556.92695	1541.20521	1524.96383
2025-08-12T13:52:37Z	24518.00000	1556.93798	1541.22399	1524.96422
2025-08-12T13:52:37Z	24518.00000	1556.94704	1541.24328	1524.96441
2025-08-12T13:52:37Z	24518.00000	1556.95957	1541.26884	1524.96463
2025-08-12T13:52:37Z	24519.00000	1556.96564	1541.27459	1524.96474
2025-08-12T13:52:37Z	24519.00000	1556.97152	1541.28521	1524.96435
2025-08-12T13:52:37Z	24519.00000	1556.97673	1541.29188	1524.96492
2025-08-12T13:52:37Z	24519.00000	1556.98240	1541.29596	1524.96431
2025-08-12T13:52:37Z	24519.00000	1556.98478	1541.30530	1524.96429
2025-08-12T13:52:37Z	24519.00000	1556.99002	1541.31138	1524.96551
2025-08-12T13:52:38Z	24519.00000	1556.99219	1541.31121	1524.96540
2025-08-12T13:52:38Z	24519.00000	1555.80279	1539.35188	1524.82443
2025-08-12T13:52:38Z	24519.00000	1555.19426	1538.27969	1524.95194
2025-08-12T13:52:38Z	24519.00000	1555.07494	1538.06978	1524.94880
2025-08-12T13:52:38Z	24520.00000	1555.07548	1538.06425	1524.94701
2025-08-12T13:52:38Z	24520.00000	1555.07279	1538.06162	1524.94938
2025-08-12T13:52:38Z	24520.00000	1555.07099	1538.05757	1524.94793
2025-08-12T13:52:38Z	24520.00000	1555.06898	1538.05544	1524.94805
2025-08-12T13:52:38Z	24520.00000	1555.06783	1538.05257	1524.94803
2025-08-12T13:52:39Z	24520.00000	1555.06765	1538.05191	1524.94807
2025-08-12T13:52:39Z	24520.00000	1555.06606	1538.05126	1524.94812
2025-08-12T13:52:39Z	24520.00000	1555.06516	1538.04913	1524.94765
2025-08-12T13:52:39Z	24520.00000	1555.06416	1538.04867	1524.94774
2025-08-12T13:52:39Z	24520.00000	1555.06461	1538.04768	1524.94737
2025-08-12T13:52:39Z	24520.00000	1555.06305	1538.04710	1524.94755
2025-08-12T13:52:39Z	24521.00000	1555.06448	1538.04748	1524.94907
2025-08-12T13:52:39Z	24521.00000	1555.06174	1538.04156	1524.94623
2025-08-12T13:52:39Z	24521.00000	1555.06142	1538.04298	1524.94749
2025-08-12T13:52:40Z	24521.00000	1555.06111	1538.04135	1524.94696
2025-08-12T13:52:40Z	24521.00000	1555.06099	1538.04157	1524.94745
2025-08-12T13:52:40Z	24521.00000	1555.06127	1538.04068	1524.94737
2025-08-12T13:52:40Z	24521.00000	1555.06043	1538.03974	1524.94826
2025-08-12T13:52:40Z	24522.00000	1555.06027	1538.04026	1524.94773
2025-08-12T13:52:40Z	24522.00000	1555.06006	1538.03912	1524.94787
2025-08-12T13:52:40Z	24522.00000	1555.05978	1538.03853	1524.94706
2025-08-12T13:52:40Z	24522.00000	1555.06054	1538.03938	1524.94780
2025-08-12T13:52:40Z	24522.00000	1555.06022	1538.03740	1524.94719
2025-08-12T13:52:41Z	24522.00000	1555.05993	1538.03843	1524.94730
2025-08-12T13:52:41Z	24522.00000	1555.05979	1538.03773	1524.94700
2025-08-12T13:52:41Z	24522.00000	1555.05946	1538.03706	1524.94690
2025-08-12T13:52:41Z	24522.00000	1555.05938	1538.03738	1524.94764
2025-08-12T13:52:41Z	24522.00000	1555.05887	1538.03789	1524.94722
2025-08-12T13:52:41Z	24522.00000	1555.05986	1538.03715	1524.94782
2025-08-12T13:52:41Z	24523.00000	1555.05896	1538.03688	1524.94730
2025-08-12T13:52:41Z	24523.00000	1555.05857	1538.03580	1524.94714
2025-08-12T13:52:41Z	24523.00000	1555.05860	1538.03670	1524.94724
2025-08-12T13:52:41Z	24523.00000	1555.05843	1538.03714	1524.94713
2025-08-12T13:52:42Z	24523.00000	1555.05801	1538.03679	1524.94702
2025-08-12T13:52:42Z	24523.00000	1555.05810	1538.03614	1524.94695
2025-08-12T13:52:42Z	24523.00000	1555.05815	1538.03565	1524.94701
2025-08-12T13:52:42Z	24523.00000	1555.05804	1538.03451	1524.94687
2025-08-12T13:52:42Z	24523.00000	1555.05838	1538.03585	1524.94760
2025-08-12T13:52:42Z	24524.00000	1555.05820	1538.03315	1524.94685
2025-08-12T13:52:42Z	24524.00000	1555.05760	1538.03471	1524.94757
2025-08-12T13:52:42Z	24524.00000	1555.05769	1538.03330	1524.94706
2025-08-12T13:52:42Z	24524.00000	1555.05821	1538.03474	1524.94743
2025-08-12T13:52:42Z	24524.00000	1555.05784	1538.03331	1524.94736
2025-08-12T13:52:43Z	24524.00000	1555.05795	1538.03417	1524.94720
2025-08-12T13:52:43Z	24524.00000	1555.05817	1538.03331	1524.94707
2025-08-12T13:52:43Z	24524.00000	1555.05690	1538.03234	1524.94718
2025-08-12T13:52:43Z	24524.00000	1555.08454	1538.09688	1524.93736
2025-08-12T13:52:43Z	24524.00000	1555.26400	1538.38159	1524.93569
2025-08-12T13:52:43Z	24524.00000	1555.43549	1538.68304	1524.95456
2025-08-12T13:52:43Z	24525.00000	1555.53819	1538.85673	1524.94106
2025-08-12T13:52:43Z	24525.00000	1555.65280	1539.05686	1524.95083
2025-08-12T13:52:43Z	24525.00000	1555.76075	1539.25319	1524.94910
2025-08-12T13:52:43Z	24525.00000	1555.84412	1539.39388	1524.95026
2025-08-12T13:52:43Z	24525.00000	1555.95568	1539.58427	1524.94696
2025-08-12T13:52:44Z	24525.00000	1556.04293	1539.73907	1524.94938
2025-08-12T13:52:44Z	24525.00000	1556.15172	1539.92459	1524.94799
2025-08-12T13:52:44Z	24525.00000	1556.22537	1540.05326	1524.94970
2025-08-12T13:52:44Z	24525.00000	1556.30966	1540.19150	1524.94979
2025-08-12T13:52:44Z	24526.00000	1556.36175	1540.27913	1524.95293
2025-08-12T13:52:44Z	24526.00000	1556.42377	1540.38201	1524.95286
2025-08-12T13:52:44Z	24526.00000	1556.48393	1540.47239	1524.95476
2025-08-12T13:52:44Z	24526.00000	1556.54664	1540.57983	1524.95588
2025-08-12T13:52:44Z	24526.00000	1556.59406	1540.65669	1524.95677
2025-08-12T13:52:44Z	24526.00000	1556.63666	1540.72769	1524.95812
2025-08-12T13:52:45Z	24526.00000	1556.68457	1540.80929	1524.95910
2025-08-12T13:52:45Z	24526.00000	1556.73195	1540.88078	1524.96005
2025-08-12T13:52:45Z	24526.00000	1556.77085	1540.95099	1524.96042
2025-08-12T13:52:45Z	24526.00000	1556.79759	1540.99181	1524.96099
2025-08-12T13:52:45Z	24527.00000	1556.82414	1541.03320	1524.96212
2025-08-12T13:52:45Z	24527.00000	1556.84763	1541.06990	1524.96151
2025-08-12T13:52:45Z	24527.00000	1556.87312	1541.11724	1524.96205
2025-08-12T13:52:45Z	24527.00000	1556.89644	1541.15691	1524.96361
2025-08-12T13:52:45Z	24527.00000	1556.91158	1541.18113	1524.96393
2025-08-12T13:52:46Z	24527.00000	1556.92883	1541.20837	1524.96401
2025-08-12T13:52:46Z	24527.00000	1556.94240	1541.22901	1524.96464
2025-08-12T13:52:46Z	24527.00000	1556.95578	1541.24324	1524.96526
2025-08-12T13:52:46Z	24527.00000	1556.96297	1541.26816	1524.96420
2025-08-12T13:52:46Z	24527.00000	1556.97057	1541.28249	1524.96464
2025-08-12T13:52:46Z	24528.00000	1556.97858	1541.29026	1524.96544
2025-08-12T13:52:46Z	24528.00000	1556.98335	1541.29547	1524.96450
2025-08-12T13:52:46Z	24528.00000	1556.98917	1541.30772	1524.96419
2025-08-12T13:52:46Z	24528.00000	1556.99256	1541.31140	1524.96452
2025-08-12T13:52:46Z	24528.00000	1556.99443	1541.31712	1524.96559
2025-08-12T13:52:47Z	24528.00000	1556.99677	1541.31939	1524.96496
2025-08-12T13:52:47Z	24528.00000	1556.94729	1541.21167	1525.01242
2025-08-12T13:52:47Z	24528.00000	1555.32702	1538.45499	1524.94604
2025-08-12T13:52:47Z	24528.00000	1555.14533	1538.18263	1524.96769
2025-08-12T13:52:47Z	24528.00000	1555.07130	1538.06820	1524.94100
2025-08-12T13:52:47Z	24528.00000	1555.07939	1538.07046	1524.94870
2025-08-12T13:52:47Z	24529.00000	1555.07349	1538.06246	1524.94790
2025-08-12T13:52:47Z	24529.00000	1555.07145	1538.05954	1524.94759
2025-08-12T13:52:47Z	24529.00000	1555.07118	1538.05928	1524.94760
2025-08-12T13:52:48Z	24529.00000	1555.06949	1538.05698	1524.94900
2025-08-12T13:52:48Z	24529.00000	1555.06913	1538.05522	1524.94867
2025-08-12T13:52:48Z	24529.00000	1555.06827	1538.05304	1524.94779
2025-08-12T13:52:48Z	24529.00000	1555.06797	1538.05274	1524.94833
2025-08-12T13:52:48Z	24529.00000	1555.06785	1538.05380	1524.94824
2025-08-12T13:52:48Z	24530.00000	1555.06778	1538.05263	1524.94821
2025-08-12T13:52:48Z	24530.00000	1555.06580	1538.04941	1524.94789
2025-08-12T13:52:48Z	24530.00000	1555.06636	1538.05033	1524.94916
2025-08-12T13:52:48Z	24530.00000	1555.06461	1538.04771	1524.94720
2025-08-12T13:52:48Z	24530.00000	1555.06441	1538.04883	1524.94836
2025-08-12T13:52:49Z	24530.00000	1555.06439	1538.04659	1524.94675
2025-08-12T13:52:49Z	24530.00000	1555.06395	1538.04813	1524.94753
2025-08-12T13:52:49Z	24530.00000	1555.06380	1538.04786	1524.94850
2025-08-12T13:52:49Z	24530.00000	1555.06335	1538.04640	1524.94767
2025-08-12T13:52:49Z	24531.00000	1555.06225	1538.04473	1524.94746
2025-08-12T13:52:49Z	24531.00000	1555.06229	1538.04327	1524.94715
2025-08-12T13:52:49Z	24531.00000	1555.06213	1538.04346	1524.94740
2025-08-12T13:52:49Z	24531.00000	1555.06209	1538.04236	1524.94761
2025-08-12T13:52:50Z	24531.00000	1555.06194	1538.04184	1524.94719
2025-08-12T13:52:50Z	24531.00000	1555.06168	1538.04253	1524.94706
2025-08-12T13:52:50Z	24531.00000	1555.06152	1538.04336	1524.94743
2025-08-12T13:52:50Z	24531.00000	1555.06114	1538.04147	1524.94779
2025-08-12T13:52:50Z	24531.00000	1555.06091	1538.04092	1524.94754
2025-08-12T13:52:50Z	24532.00000	1555.06094	1538.04067	1524.94676
2025-08-12T13:52:50Z	24532.00000	1555.06106	1538.04048	1524.94780
2025-08-12T13:52:50Z	24532.00000	1555.06090	1538.03986	1524.94743
2025-08-12T13:52:50Z	24532.00000	1555.06083	1538.03994	1524.94761
2025-08-12T13:52:50Z	24532.00000	1555.06061	1538.04047	1524.94662
2025-08-12T13:52:51Z	24532.00000	1555.06065	1538.03876	1524.94743
2025-08-12T13:52:51Z	24532.00000	1555.06033	1538.03966	1524.94764
2025-08-12T13:52:51Z	24532.00000	1555.06068	1538.03832	1524.94731
2025-08-12T13:52:51Z	24532.00000	1555.06031	1538.03791	1524.94733
2025-08-12T13:52:51Z	24532.00000	1555.05989	1538.03850	1524.94708
2025-08-12T13:52:51Z	24533.00000	1555.06041	1538.03870	1524.94723
2025-08-12T13:52:51Z	24533.00000	1555.06007	1538.03737	1524.94652
2025-08-12T13:52:51Z	24533.00000	1555.06017	1538.03779	1524.94765
2025-08-12T13:52:51Z	24533.00000	1555.06022	1538.03772	1524.94791
2025-08-12T13:52:51Z	24533.00000	1555.05974	1538.03807	1524.94633
2025-08-12T13:52:52Z	24533.00000	1555.05991	1538.03696	1524.94694
2025-08-12T13:52:52Z	24533.00000	1555.05902	1538.03687	1524.94695
2025-08-12T13:52:52Z	24533.00000	1555.05907	1538.03661	1524.94678
2025-08-12T13:52:52Z	24533.00000	1555.14355	1538.20189	1524.95632
2025-08-12T13:52:52Z	24534.00000	1555.31802	1538.48704	1524.95937
2025-08-12T13:52:52Z	24534.00000	1555.42782	1538.67141	1524.94293
2025-08-12T13:52:52Z	24534.00000	1555.57017	1538.91785	1524.94161
2025-08-12T13:52:52Z	24534.00000	1555.68463	1539.11318	1524.94458
2025-08-12T13:52:52Z	24534.00000	1555.80272	1539.32508	1524.94474
2025-08-12T13:52:53Z	24534.00000	1555.91275	1539.51820	1524.94819
2025-08-12T13:52:53Z	24534.00000	1556.00529	1539.67637	1524.94550
2025-08-12T13:52:53Z	24534.00000	1556.07465	1539.79192	1524.94947
2025-08-12T13:52:53Z	24534.00000	1556.16768	1539.95167	1524.95029
2025-08-12T13:52:53Z	24534.00000	1556.25563	1540.10298	1524.95045
2025-08-12T13:52:53Z	24535.00000	1556.33912	1540.23784	1524.95192
2025-08-12T13:52:53Z	24535.00000	1556.40119	1540.33717	1524.95298
2025-08-12T13:52:53Z	24535.00000	1556.45450	1540.42296	1524.95395
2025-08-12T13:52:53Z	24535.00000	1556.53058	1540.54997	1524.95470
2025-08-12T13:52:53Z	24535.00000	1556.57855	1540.63053	1524.95579
2025-08-12T13:52:54Z	24535.00000	1556.61790	1540.69365	1524.95675
2025-08-12T13:52:54Z	24535.00000	1556.66600	1540.77216	1524.95855
2025-08-12T13:52:54Z	24535.00000	1556.70482	1540.83302	1524.95962
2025-08-12T13:52:54Z	24535.00000	1556.75095	1540.91696	1524.96035
2025-08-12T13:52:54Z	24535.00000	1556.79199	1540.97849	1524.96092
2025-08-12T13:52:54Z	24536.00000	1556.81879	1541.01956	1524.96125
2025-08-12T13:52:54Z	24536.00000	1556.84731	1541.06617	1524.96239
2025-08-12T13:52:54Z	24536.00000	1556.86667	1541.10795	1524.96278
2025-08-12T13:52:54Z	24536.00000	1556.88228	1541.13314	1524.96250
2025-08-12T13:52:54Z	24536.00000	1556.89850	1541.16167	1524.96349
2025-08-12T13:52:55Z	24536.00000	1556.92816	1541.20534	1524.96416
2025-08-12T13:52:55Z	24536.00000	1556.94189	1541.22577	1524.96496
2025-08-12T13:52:55Z	24536.00000	1556.95705	1541.24459	1524.96454
2025-08-12T13:52:55Z	24536.00000	1556.96715	1541.27089	1524.96459
2025-08-12T13:52:55Z	24537.00000	1556.98021	1541.29240	1524.96481
2025-08-12T13:52:55Z	24537.00000	1556.98415	1541.30125	1524.96488
2025-08-12T13:52:55Z	24537.00000	1556.99068	1541.30681	1524.96540
2025-08-12T13:52:55Z	24537.00000	1556.99349	1541.31510	1524.96473
2025-08-12T13:52:55Z	24537.00000	1556.99593	1541.31904	1524.96500
2025-08-12T13:52:56Z	24537.00000	1556.99934	1541.32178	1524.96577
2025-08-12T13:52:56Z	24537.00000	1557.00067	1541.32282	1524.96560
2025-08-12T13:52:56Z	24537.00000	1555.32559	1538.46580	1524.94868
2025-08-12T13:52:56Z	24537.00000	1555.10716	1538.10152	1524.95650
2025-08-12T13:52:56Z	24538.00000	1555.07523	1538.07275	1524.94584
2025-08-12T13:52:56Z	24538.00000	1555.07813	1538.06995	1524.94769
2025-08-12T13:52:56Z	24538.00000	1555.07702	1538.06711	1524.94817
2025-08-12T13:52:56Z	24538.00000	1555.07487	1538.06482	1524.94866
2025-08-12T13:52:56Z	24538.00000	1555.07309	1538.06296	1524.94789
2025-08-12T13:52:57Z	24538.00000	1555.07304	1538.06020	1524.94741
2025-08-12T13:52:57Z	24538.00000	1555.07147	1538.05950	1524.94746
2025-08-12T13:52:57Z	24538.00000	1555.06999	1538.05722	1524.94857
2025-08-12T13:52:57Z	24538.00000	1555.06928	1538.05729	1524.94811
2025-08-12T13:52:57Z	24538.00000	1555.06978	1538.05609	1524.94802
2025-08-12T13:52:57Z	24539.00000	1555.06865	1538.05488	1524.94858
2025-08-12T13:52:57Z	24539.00000	1555.06866	1538.05495	1524.94869
2025-08-12T13:52:57Z	24539.00000	1555.06760	1538.05304	1524.94908
2025-08-12T13:52:57Z	24539.00000	1555.06688	1538.05272	1524.94960
2025-08-12T13:52:57Z	24539.00000	1555.06652	1538.05002	1524.94886
2025-08-12T13:52:58Z	24539.00000	1555.06602	1538.05062	1524.94839
2025-08-12T13:52:58Z	24539.00000	1555.06649	1538.04994	1524.94852
2025-08-12T13:52:58Z	24539.00000	1555.06543	1538.04852	1524.94813
2025-08-12T13:52:58Z	24539.00000	1555.06504	1538.04874	1524.94862
2025-08-12T13:52:58Z	24540.00000	1555.06447	1538.04838	1524.94858
2025-08-12T13:52:58Z	24540.00000	1555.06402	1538.04739	1524.94847
2025-08-12T13:52:58Z	24540.00000	1555.06376	1538.04830	1524.94846
2025-08-12T13:52:58Z	24540.00000	1555.06369	1538.04663	1524.94750
2025-08-12T13:52:58Z	24540.00000	1555.06310	1538.04703	1524.94784
2025-08-12T13:52:59Z	24540.00000	1555.06254	1538.04529	1524.94801
2025-08-12T13:52:59Z	24540.00000	1555.06231	1538.04469	1524.94784
2025-08-12T13:52:59Z	24540.00000	1555.06229	1538.04561	1524.94824
2025-08-12T13:52:59Z	24540.00000	1555.06203	1538.04311	1524.94803
2025-08-12T13:52:59Z	24541.00000	1555.06198	1538.04417	1524.94810
2025-08-12T13:52:59Z	24541.00000	1555.06202	1538.04335	1524.94759
2025-08-12T13:52:59Z	24541.00000	1555.06142	1538.04241	1524.94783
2025-08-12T13:52:59Z	24541.00000	1555.06160	1538.04201	1524.94733
2025-08-12T13:52:59Z	24541.00000	1555.06166	1538.04213	1524.94726
2025-08-12T13:53:00Z	24541.00000	1555.06123	1538.04139	1524.94761
2025-08-12T13:53:00Z	24541.00000	1555.06094	1538.04181	1524.94765
2025-08-12T13:53:00Z	24541.00000	1555.06114	1538.04222	1524.94827
2025-08-12T13:53:00Z	24541.00000	1555.06044	1538.04041	1524.94794
2025-08-12T13:53:00Z	24542.00000	1555.06085	1538.04143	1524.94802
2025-08-12T13:53:00Z	24542.00000	1555.06074	1538.04170	1524.94758
2025-08-12T13:53:00Z	24542.00000	1555.06019	1538.03980	1524.94704
2025-08-12T13:53:00Z	24542.00000	1555.06039	1538.03991	1524.94731
2025-08-12T13:53:00Z	24542.00000	1555.06047	1538.04023	1524.94795
2025-08-12T13:53:00Z	24542.00000	1555.05991	1538.03950	1524.94814
2025-08-12T13:53:01Z	24542.00000	1555.06037	1538.03892	1524.94697
2025-08-12T13:53:01Z	24542.00000	1555.06058	1538.03928	1524.94733
2025-08-12T13:53:01Z	24542.00000	1555.06092	1538.03876	1524.94742
2025-08-12T13:53:01Z	24542.00000	1555.22591	1538.30293	1524.93125
2025-08-12T13:53:01Z	24543.00000	1555.39641	1538.62137	1524.95343
2025-08-12T13:53:01Z	24543.00000	1555.55021	1538.88579	1524.95128
2025-08-12T13:53:01Z	24543.00000	1555.68450	1539.11177	1524.94342
2025-08-12T13:53:01Z	24543.00000	1555.76926	1539.26775	1524.94452
2025-08-12T13:53:01Z	24543.00000	1555.88291	1539.46382	1524.94968
2025-08-12T13:53:02Z	24543.00000	1555.97733	1539.62416	1524.94520
2025-08-12T13:53:02Z	24543.00000	1556.07329	1539.78930	1524.94949
2025-08-12T13:53:02Z	24543.00000	1556.20530	1540.01654	1524.94838
2025-08-12T13:53:02Z	24543.00000	1556.34508	1540.24501	1524.95260
2025-08-12T13:53:02Z	24544.00000	1556.40809	1540.35342	1524.95304
2025-08-12T13:53:02Z	24544.00000	1556.48105	1540.46406	1524.95498
2025-08-12T13:53:02Z	24544.00000	1556.54038	1540.56805	1524.95550
2025-08-12T13:53:02Z	24544.00000	1556.64021	1540.72807	1524.95871
2025-08-12T13:53:03Z	24544.00000	1556.68183	1540.79606	1524.95973
2025-08-12T13:53:03Z	24544.00000	1556.72519	1540.86357	1524.95920
2025-08-12T13:53:03Z	24544.00000	1556.76045	1540.92818	1524.96069
2025-08-12T13:53:03Z	24544.00000	1556.79461	1540.98048	1524.96045
2025-08-12T13:53:03Z	24545.00000	1556.84970	1541.06697	1524.96137
2025-08-12T13:53:03Z	24545.00000	1556.87146	1541.11428	1524.96211
2025-08-12T13:53:03Z	24545.00000	1556.89278	1541.14812	1524.96296
2025-08-12T13:53:03Z	24545.00000	1556.90900	1541.16970	1524.96338
2025-08-12T13:53:03Z	24545.00000	1556.92422	1541.19226	1524.96425
2025-08-12T13:53:04Z	24545.00000	1556.93797	1541.21406	1524.96374
2025-08-12T13:53:04Z	24545.00000	1556.95557	1541.23657	1524.96438
2025-08-12T13:53:04Z	24545.00000	1556.96596	1541.26535	1524.96451
2025-08-12T13:53:04Z	24545.00000	1556.97365	1541.28027	1524.96401
2025-08-12T13:53:04Z	24546.00000	1556.98260	1541.29175	1524.96509
2025-08-12T13:53:04Z	24546.00000	1556.98661	1541.29786	1524.96480
2025-08-12T13:53:04Z	24546.00000	1556.99194	1541.30637	1524.96495
2025-08-12T13:53:04Z	24546.00000	1556.99809	1541.31655	1524.96534
2025-08-12T13:53:05Z	24546.00000	1557.00024	1541.31565	1524.96584
2025-08-12T13:53:05Z	24546.00000	1557.00203	1541.32291	1524.96429
2025-08-12T13:53:05Z	24546.00000	1556.55875	1540.53155	1525.05836
2025-08-12T13:53:05Z	24546.00000	1555.26104	1538.36928	1524.94880
2025-08-12T13:53:05Z	24546.00000	1555.08618	1538.08465	1524.95139
2025-08-12T13:53:05Z	24546.00000	1555.07971	1538.07360	1524.94903
2025-08-12T13:53:05Z	24547.00000	1555.07887	1538.07170	1524.94689
2025-08-12T13:53:05Z	24547.00000	1555.07628	1538.06832	1524.94860
2025-08-12T13:53:05Z	24547.00000	1555.07530	1538.06386	1524.94750
2025-08-12T13:53:05Z	24547.00000	1555.07368	1538.06263	1524.94845
2025-08-12T13:53:06Z	24547.00000	1555.07238	1538.06066	1524.94810
2025-08-12T13:53:06Z	24547.00000	1555.07050	1538.05787	1524.94841
2025-08-12T13:53:06Z	24547.00000	1555.07006	1538.05745	1524.94918
2025-08-12T13:53:06Z	24548.00000	1555.06923	1538.05598	1524.94854
2025-08-12T13:53:06Z	24548.00000	1555.06853	1538.05523	1524.94901
2025-08-12T13:53:06Z	24548.00000	1555.06714	1538.05417	1524.94857
2025-08-12T13:53:06Z	24548.00000	1555.06916	1538.05493	1524.94876
2025-08-12T13:53:06Z	24548.00000	1555.06812	1538.05486	1524.94930
2025-08-12T13:53:06Z	24548.00000	1555.06776	1538.05292	1524.94861
2025-08-12T13:53:07Z	24548.00000	1555.06689	1538.05209	1524.94803
2025-08-12T13:53:07Z	24548.00000	1555.06636	1538.05142	1524.94906
2025-08-12T13:53:07Z	24548.00000	1555.06652	1538.05146	1524.94895
2025-08-12T13:53:07Z	24548.00000	1555.06589	1538.05045	1524.94884
2025-08-12T13:53:07Z	24549.00000	1555.06580	1538.04977	1524.94810
2025-08-12T13:53:07Z	24549.00000	1555.06532	1538.04910	1524.94804
2025-08-12T13:53:07Z	24549.00000	1555.06460	1538.04949	1524.94815
2025-08-12T13:53:07Z	24549.00000	1555.06491	1538.04957	1524.94873
2025-08-12T13:53:07Z	24549.00000	1555.06407	1538.04862	1524.94853
2025-08-12T13:53:08Z	24549.00000	1555.06419	1538.04820	1524.94819
2025-08-12T13:53:08Z	24549.00000	1555.06410	1538.04758	1524.94777
2025-08-12T13:53:08Z	24549.00000	1555.06387	1538.04849	1524.94839
2025-08-12T13:53:08Z	24549.00000	1555.06335	1538.04576	1524.94797
2025-08-12T13:53:08Z	24550.00000	1555.06325	1538.04707	1524.94797
2025-08-12T13:53:08Z	24550.00000	1555.06305	1538.04549	1524.94795
2025-08-12T13:53:08Z	24550.00000	1555.06226	1538.04555	1524.94784
2025-08-12T13:53:08Z	24550.00000	1555.06243	1538.04489	1524.94764
2025-08-12T13:53:08Z	24550.00000	1555.06214	1538.04351	1524.94805
2025-08-12T13:53:08Z	24550.00000	1555.06236	1538.04267	1524.94754
2025-08-12T13:53:09Z	24550.00000	1555.06237	1538.04449	1524.94774
2025-08-12T13:53:09Z	24550.00000	1555.06189	1538.04414	1524.94692
2025-08-12T13:53:09Z	24550.00000	1555.06140	1538.04296	1524.94732
2025-08-12T13:53:09Z	24551.00000	1555.06157	1538.04295	1524.94712
2025-08-12T13:53:09Z	24551.00000	1555.06151	1538.04127	1524.94726
2025-08-12T13:53:09Z	24551.00000	1555.06151	1538.04189	1524.94717
2025-08-12T13:53:09Z	24551.00000	1555.06126	1538.04075	1524.94780
2025-08-12T13:53:09Z	24551.00000	1555.06118	1538.04121	1524.94750
2025-08-12T13:53:10Z	24551.00000	1555.06116	1538.04174	1524.94771
2025-08-12T13:53:10Z	24551.00000	1555.06088	1538.04130	1524.94765
2025-08-12T13:53:10Z	24551.00000	1555.14818	1538.19750	1524.96423
2025-08-12T13:53:10Z	24551.00000	1555.29529	1538.43811	1524.95119
2025-08-12T13:53:10Z	24552.00000	1555.44741	1538.70319	1524.95599
2025-08-12T13:53:10Z	24552.00000	1555.54715	1538.87124	1524.94393
2025-08-12T13:53:10Z	24552.00000	1555.66127	1539.07886	1524.95257
2025-08-12T13:53:10Z	24552.00000	1555.75078	1539.22920	1524.94573
2025-08-12T13:53:10Z	24552.00000	1555.86911	1539.43823	1524.94428
2025-08-12T13:53:10Z	24552.00000	1555.96262	1539.59378	1524.94848
2025-08-12T13:53:11Z	24552.00000	1556.06266	1539.76479	1524.94700
2025-08-12T13:53:11Z	24552.00000	1556.15711	1539.92779	1524.94987
2025-08-12T13:53:11Z	24552.00000	1556.24370	1540.07977	1524.95028
2025-08-12T13:53:11Z	24552.00000	1556.31591	1540.19799	1524.95078
2025-08-12T13:53:11Z	24553.00000	1556.38971	1540.31593	1524.95318
2025-08-12T13:53:11Z	24553.00000	1556.45434	1540.41778	1524.95402
2025-08-12T13:53:11Z	24553.00000	1556.52729	1540.54282	1524.95637
2025-08-12T13:53:11Z	24553.00000	1556.62691	1540.69479	1524.95800
2025-08-12T13:53:11Z	24553.00000	1556.66361	1540.76454	1524.95855
2025-08-12T13:53:12Z	24553.00000	1556.69831	1540.81591	1524.95895
2025-08-12T13:53:12Z	24553.00000	1556.73832	1540.88015	1524.96040
2025-08-12T13:53:12Z	24553.00000	1556.76612	1540.93749	1524.96021
2025-08-12T13:53:12Z	24553.00000	1556.80464	1540.99465	1524.96055
2025-08-12T13:53:12Z	24553.00000	1556.83086	1541.03690	1524.96239
2025-08-12T13:53:12Z	24554.00000	1556.85974	1541.09001	1524.96269
2025-08-12T13:53:12Z	24554.00000	1556.88191	1541.12895	1524.96248
2025-08-12T13:53:12Z	24554.00000	1556.90145	1541.15868	1524.96305
2025-08-12T13:53:12Z	24554.00000	1556.91964	1541.18656	1524.96366
2025-08-12T13:53:13Z	24554.00000	1556.93644	1541.20953	1524.96416
2025-08-12T13:53:13Z	24554.00000	1556.94776	1541.22992	1524.96443
2025-08-12T13:53:13Z	24554.00000	1556.96380	1541.26424	1524.96369
2025-08-12T13:53:13Z	24554.00000	1556.97137	1541.27476	1524.96493
2025-08-12T13:53:13Z	24554.00000	1556.98014	1541.28792	1524.96430
2025-08-12T13:53:13Z	24555.00000	1556.98520	1541.29351	1524.96437
2025-08-12T13:53:13Z	24555.00000	1556.98943	1541.29836	1524.96548
2025-08-12T13:53:13Z	24555.00000	1556.99471	1541.30914	1524.96514
2025-08-12T13:53:13Z	24555.00000	1556.99854	1541.31415	1524.96448
2025-08-12T13:53:13Z	24555.00000	1557.00096	1541.31906	1524.96467
2025-08-12T13:53:13Z	24555.00000	1557.00392	1541.32190	1524.96467
2025-08-12T13:53:14Z	24555.00000	1556.80909	1540.93153	1525.08079
2025-08-12T13:53:14Z	24555.00000	1555.10576	1538.10413	1524.95447
2025-08-12T13:53:14Z	24555.00000	1555.07641	1538.07643	1524.94314
2025-08-12T13:53:14Z	24555.00000	1555.07966	1538.07522	1524.94691
2025-08-12T13:53:14Z	24556.00000	1555.07855	1538.07132	1524.94891
2025-08-12T13:53:14Z	24556.00000	1555.07617	1538.06863	1524.94893
2025-08-12T13:53:14Z	24556.00000	1555.07570	1538.06701	1524.94853
2025-08-12T13:53:14Z	24556.00000	1555.07460	1538.06319	1524.94788
2025-08-12T13:53:15Z	24556.00000	1555.07388	1538.06189	1524.94888
2025-08-12T13:53:15Z	24556.00000	1555.07326	1538.06087	1524.94852
2025-08-12T13:53:15Z	24556.00000	1555.07196	1538.05993	1524.94839
2025-08-12T13:53:15Z	24556.00000	1555.07070	1538.05791	1524.94869
2025-08-12T13:53:15Z	24556.00000	1555.07125	1538.05899	1524.94842
2025-08-12T13:53:15Z	24557.00000	1555.07051	1538.05647	1524.94756
2025-08-12T13:53:15Z	24557.00000	1555.06995	1538.05701	1524.94814
2025-08-12T13:53:15Z	24557.00000	1555.06898	1538.05377	1524.94647
2025-08-12T13:53:15Z	24557.00000	1555.06922	1538.05454	1524.94823
2025-08-12T13:53:15Z	24557.00000	1555.06826	1538.05434	1524.94912
2025-08-12T13:53:16Z	24557.00000	1555.06805	1538.05328	1524.94894
2025-08-12T13:53:16Z	24557.00000	1555.06757	1538.05206	1524.94870
2025-08-12T13:53:16Z	24557.00000	1555.06767	1538.05267	1524.94904
2025-08-12T13:53:16Z	24557.00000	1555.06731	1538.05190	1524.94868
2025-08-12T13:53:16Z	24557.00000	1555.06684	1538.05164	1524.94786
2025-08-12T13:53:16Z	24558.00000	1555.06651	1538.05145	1524.94792
2025-08-12T13:53:16Z	24558.00000	1555.06635	1538.05261	1524.94880
2025-08-12T13:53:16Z	24558.00000	1555.06610	1538.04937	1524.94761
2025-08-12T13:53:16Z	24558.00000	1555.06517	1538.04958	1524.94783
2025-08-12T13:53:16Z	24558.00000	1555.06496	1538.05019	1524.94871
2025-08-12T13:53:17Z	24558.00000	1555.06453	1538.04919	1524.94827
2025-08-12T13:53:17Z	24558.00000	1555.06447	1538.04962	1524.94806
2025-08-12T13:53:17Z	24558.00000	1555.06382	1538.04757	1524.94841
2025-08-12T13:53:17Z	24559.00000	1555.06480	1538.04747	1524.94827
2025-08-12T13:53:17Z	24559.00000	1555.06358	1538.04750	1524.94760
2025-08-12T13:53:17Z	24559.00000	1555.06344	1538.04549	1524.94791
2025-08-12T13:53:18Z	24559.00000	1555.06280	1538.04554	1524.94794
2025-08-12T13:53:18Z	24559.00000	1555.06280	1538.04465	1524.94755
2025-08-12T13:53:18Z	24559.00000	1555.06296	1538.04462	1524.94802
2025-08-12T13:53:18Z	24559.00000	1555.06218	1538.04330	1524.94762
2025-08-12T13:53:18Z	24559.00000	1555.06214	1538.04329	1524.94839
2025-08-12T13:53:18Z	24560.00000	1555.06221	1538.04455	1524.94705
2025-08-12T13:53:18Z	24560.00000	1555.06210	1538.04182	1524.94717
2025-08-12T13:53:18Z	24560.00000	1555.06182	1538.04262	1524.94783
2025-08-12T13:53:18Z	24560.00000	1555.06118	1538.04363	1524.94826
2025-08-12T13:53:18Z	24560.00000	1555.06157	1538.04221	1524.94742
2025-08-12T13:53:18Z	24560.00000	1555.06123	1538.04371	1524.94784
2025-08-12T13:53:19Z	24560.00000	1555.06185	1538.04243	1524.94722
2025-08-12T13:53:19Z	24560.00000	1555.06160	1538.04249	1524.94810
2025-08-12T13:53:19Z	24560.00000	1555.06138	1538.04195	1524.94780
2025-08-12T13:53:19Z	24560.00000	1555.15006	1538.21212	1524.95290
2025-08-12T13:53:19Z	24561.00000	1555.32153	1538.49238	1524.95946
2025-08-12T13:53:19Z	24561.00000	1555.47825	1538.75459	1524.94958
2025-08-12T13:53:19Z	24561.00000	1555.61553	1538.98800	1524.94057
2025-08-12T13:53:19Z	24561.00000	1555.70604	1539.15266	1524.94782
2025-08-12T13:53:19Z	24561.00000	1555.81070	1539.33149	1524.94359
2025-08-12T13:53:20Z	24561.00000	1555.92419	1539.53248	1524.94576
2025-08-12T13:53:20Z	24561.00000	1556.00038	1539.66292	1524.94935
2025-08-12T13:53:20Z	24561.00000	1556.09804	1539.83649	1524.94976
2025-08-12T13:53:20Z	24561.00000	1556.16584	1539.93974	1524.94829
2025-08-12T13:53:20Z	24561.00000	1556.23853	1540.07152	1524.95095
2025-08-12T13:53:20Z	24562.00000	1556.31401	1540.19394	1524.95180
2025-08-12T13:53:20Z	24562.00000	1556.38828	1540.31219	1524.95421
2025-08-12T13:53:20Z	24562.00000	1556.44871	1540.41595	1524.95337
2025-08-12T13:53:20Z	24562.00000	1556.50954	1540.50396	1524.95396
2025-08-12T13:53:20Z	24562.00000	1556.55993	1540.59297	1524.95512
2025-08-12T13:53:20Z	24562.00000	1556.61549	1540.68272	1524.95815
2025-08-12T13:53:21Z	24562.00000	1556.66454	1540.76490	1524.95882
2025-08-12T13:53:21Z	24562.00000	1556.70912	1540.83374	1524.95906
2025-08-12T13:53:21Z	24562.00000	1556.75261	1540.91366	1524.95974
2025-08-12T13:53:21Z	24562.00000	1556.79290	1540.97452	1524.96055
2025-08-12T13:53:21Z	24562.00000	1556.82533	1541.02335	1524.96241
2025-08-12T13:53:21Z	24563.00000	1556.84622	1541.05601	1524.96145
2025-08-12T13:53:21Z	24563.00000	1556.86488	1541.09690	1524.96185
2025-08-12T13:53:21Z	24563.00000	1556.88877	1541.13342	1524.96265
2025-08-12T13:53:21Z	24563.00000	1556.90980	1541.16978	1524.96291
2025-08-12T13:53:22Z	24563.00000	1556.92767	1541.19631	1524.96360
2025-08-12T13:53:22Z	24563.00000	1556.94484	1541.22306	1524.96355
2025-08-12T13:53:22Z	24563.00000	1556.96805	1541.27057	1524.96446
2025-08-12T13:53:22Z	24563.00000	1556.97488	1541.27836	1524.96535
2025-08-12T13:53:22Z	24564.00000	1556.98359	1541.29100	1524.96479
2025-08-12T13:53:22Z	24564.00000	1556.98880	1541.29833	1524.96427
2025-08-12T13:53:22Z	24564.00000	1556.99420	1541.30742	1524.96485
2025-08-12T13:53:22Z	24564.00000	1556.99715	1541.31031	1524.96514
2025-08-12T13:53:22Z	24564.00000	1557.00088	1541.31693	1524.96527
2025-08-12T13:53:22Z	24564.00000	1557.00314	1541.32085	1524.96484
2025-08-12T13:53:23Z	24564.00000	1557.00625	1541.32498	1524.96503
2025-08-12T13:53:23Z	24564.00000	1556.96913	1541.23060	1525.00476
2025-08-12T13:53:23Z	24564.00000	1555.25101	1538.33833	1524.93080
2025-08-12T13:53:23Z	24564.00000	1555.11194	1538.11029	1524.95747
2025-08-12T13:53:23Z	24565.00000	1555.08645	1538.08526	1524.95148
2025-08-12T13:53:23Z	24565.00000	1555.08107	1538.07584	1524.94836
2025-08-12T13:53:23Z	24565.00000	1555.07953	1538.07173	1524.94691
2025-08-12T13:53:23Z	24565.00000	1555.07722	1538.06949	1524.94831
2025-08-12T13:53:23Z	24565.00000	1555.07659	1538.06641	1524.94760
2025-08-12T13:53:23Z	24565.00000	1555.07454	1538.06494	1524.94858
2025-08-12T13:53:24Z	24565.00000	1555.07451	1538.06365	1524.94868
2025-08-12T13:53:24Z	24565.00000	1555.07319	1538.06217	1524.94839
2025-08-12T13:53:24Z	24565.00000	1555.07239	1538.06080	1524.94801
2025-08-12T13:53:24Z	24565.00000	1555.07233	1538.05952	1524.94816
2025-08-12T13:53:24Z	24566.00000	1555.07064	1538.05790	1524.94855
2025-08-12T13:53:24Z	24566.00000	1555.06994	1538.05848	1524.94781
2025-08-12T13:53:24Z	24566.00000	1555.06925	1538.05655	1524.94840
2025-08-12T13:53:24Z	24566.00000	1555.07145	1538.05624	1524.94751
2025-08-12T13:53:24Z	24566.00000	1555.07015	1538.05526	1524.94918
2025-08-12T13:53:25Z	24566.00000	1555.06949	1538.05408	1524.94738
2025-08-12T13:53:25Z	24566.00000	1555.06857	1538.05312	1524.94754
2025-08-12T13:53:25Z	24566.00000	1555.06892	1538.05426	1524.94777
2025-08-12T13:53:25Z	24566.00000	1555.06813	1538.05384	1524.94788
2025-08-12T13:53:25Z	24566.00000	1555.06807	1538.05280	1524.94812
2025-08-12T13:53:25Z	24567.00000	1555.06756	1538.05223	1524.94895
2025-08-12T13:53:25Z	24567.00000	1555.06723	1538.05177	1524.94866
2025-08-12T13:53:25Z	24567.00000	1555.06715	1538.05164	1524.94789
2025-08-12T13:53:25Z	24567.00000	1555.06652	1538.05162	1524.94790
2025-08-12T13:53:25Z	24567.00000	1555.06579	1538.05008	1524.94852
2025-08-12T13:53:25Z	24567.00000	1555.06587	1538.05029	1524.94800
2025-08-12T13:53:26Z	24567.00000	1555.06612	1538.05030	1524.94845
2025-08-12T13:53:26Z	24567.00000	1555.06529	1538.04890	1524.94817
2025-08-12T13:53:26Z	24567.00000	1555.06500	1538.05061	1524.94826
2025-08-12T13:53:26Z	24567.00000	1555.06477	1538.04880	1524.94836
2025-08-12T13:53:26Z	24568.00000	1555.06511	1538.04881	1524.94798
2025-08-12T13:53:26Z	24568.00000	1555.06448	1538.04919	1524.94831
2025-08-12T13:53:26Z	24568.00000	1555.06440	1538.04794	1524.94806
2025-08-12T13:53:26Z	24568.00000	1555.06410	1538.04649	1524.94791
2025-08-12T13:53:26Z	24568.00000	1555.06409	1538.04668	1524.94818
2025-08-12T13:53:27Z	24568.00000	1555.06325	1538.04681	1524.94760
2025-08-12T13:53:27Z	24568.00000	1555.06338	1538.04580	1524.94783
2025-08-12T13:53:27Z	24568.00000	1555.06273	1538.04591	1524.94824
2025-08-12T13:53:27Z	24568.00000	1555.06285	1538.04561	1524.94818
2025-08-12T13:53:27Z	24568.00000	1555.06306	1538.04504	1524.94798
2025-08-12T13:53:27Z	24569.00000	1555.06294	1538.04520	1524.94815
2025-08-12T13:53:27Z	24569.00000	1555.06214	1538.04511	1524.94788
2025-08-12T13:53:27Z	24569.00000	1555.06284	1538.04375	1524.94723
2025-08-12T13:53:27Z	24569.00000	1555.06240	1538.04343	1524.94854
2025-08-12T13:53:27Z	24569.00000	1555.06210	1538.04481	1524.94695
2025-08-12T13:53:27Z	24569.00000	1555.06187	1538.04378	1524.94767
2025-08-12T13:53:28Z	24569.00000	1555.06193	1538.04380	1524.94813
2025-08-12T13:53:28Z	24569.00000	1555.06262	1538.04320	1524.94757
2025-08-12T13:53:28Z	24569.00000	1555.06165	1538.04317	1524.94822
2025-08-12T13:53:28Z	24569.00000	1555.19528	1538.28443	1524.96096
2025-08-12T13:53:28Z	24569.00000	1555.38929	1538.59589	1524.93814
2025-08-12T13:53:28Z	24570.00000	1555.49326	1538.77970	1524.95189
2025-08-12T13:53:28Z	24570.00000	1555.61216	1538.98066	1524.94329
2025-08-12T13:53:28Z	24570.00000	1555.73774	1539.20676	1524.94835
2025-08-12T13:53:28Z	24570.00000	1555.85609	1539.40915	1524.95092
2025-08-12T13:53:28Z	24570.00000	1555.95477	1539.57406	1524.94599
2025-08-12T13:53:29Z	24570.00000	1556.05543	1539.75302	1524.94905
2025-08-12T13:53:29Z	24570.00000	1556.13957	1539.89490	1524.94784
2025-08-12T13:53:29Z	24570.00000	1556.21566	1540.02799	1524.94998
2025-08-12T13:53:29Z	24570.00000	1556.30113	1540.16969	1524.95017
2025-08-12T13:53:29Z	24571.00000	1556.36544	1540.27691	1524.95222
2025-08-12T13:53:29Z	24571.00000	1556.42765	1540.37854	1524.95408
2025-08-12T13:53:29Z	24571.00000	1556.48852	1540.46763	1524.95427
2025-08-12T13:53:29Z	24571.00000	1556.54968	1540.57297	1524.95565
2025-08-12T13:53:29Z	24571.00000	1556.61428	1540.67380	1524.95672
2025-08-12T13:53:30Z	24571.00000	1556.66217	1540.75517	1524.95781
2025-08-12T13:53:30Z	24571.00000	1556.69650	1540.80752	1524.95894
2025-08-12T13:53:30Z	24571.00000	1556.73133	1540.86869	1524.95929
2025-08-12T13:53:30Z	24571.00000	1556.77133	1540.94005	1524.95947
2025-08-12T13:53:30Z	24571.00000	1556.81029	1540.99746	1524.96029
2025-08-12T13:53:30Z	24572.00000	1556.83228	1541.02995	1524.96177
2025-08-12T13:53:30Z	24572.00000	1556.86106	1541.08648	1524.96157
2025-08-12T13:53:30Z	24572.00000	1556.88222	1541.12039	1524.96208
2025-08-12T13:53:30Z	24572.00000	1556.89613	1541.14524	1524.96246
2025-08-12T13:53:30Z	24572.00000	1556.91556	1541.17380	1524.96290
2025-08-12T13:53:30Z	24572.00000	1556.92938	1541.19677	1524.96334
2025-08-12T13:53:31Z	24572.00000	1556.94488	1541.21815	1524.96369
2025-08-12T13:53:31Z	24572.00000	1556.96059	1541.23826	1524.96374
2025-08-12T13:53:31Z	24572.00000	1556.96955	1541.26406	1524.96390
2025-08-12T13:53:31Z	24572.00000	1556.97852	1541.27899	1524.96414
2025-08-12T13:53:31Z	24573.00000	1556.98612	1541.29127	1524.96426
2025-08-12T13:53:31Z	24573.00000	1556.99175	1541.29558	1524.96407
2025-08-12T13:53:31Z	24573.00000	1556.99723	1541.30942	1524.96428
2025-08-12T13:53:31Z	24573.00000	1557.00000	1541.31290	1524.96404
2025-08-12T13:53:31Z	24573.00000	1557.00396	1541.31575	1524.96343
2025-08-12T13:53:31Z	24573.00000	1557.00580	1541.31912	1524.96445
2025-08-12T13:53:32Z	24573.00000	1557.00883	1541.32299	1524.96425
2025-08-12T13:53:32Z	24573.00000	1555.69104	1539.09563	1524.91684
2025-08-12T13:53:32Z	24573.00000	1555.19148	1538.27838	1524.97620
2025-08-12T13:53:32Z	24573.00000	1555.09337	1538.09403	1524.95661
2025-08-12T13:53:32Z	24573.00000	1555.08526	1538.08105	1524.94968
2025-08-12T13:53:32Z	24574.00000	1555.08122	1538.07362	1524.94742
2025-08-12T13:53:32Z	24574.00000	1555.07948	1538.07241	1524.94814
2025-08-12T13:53:32Z	24574.00000	1555.07630	1538.06975	1524.94798
2025-08-12T13:53:32Z	24574.00000	1555.07571	1538.06578	1524.94714
2025-08-12T13:53:33Z	24574.00000	1555.07531	1538.06383	1524.94828
2025-08-12T13:53:33Z	24574.00000	1555.07400	1538.06200	1524.94860
2025-08-12T13:53:33Z	24574.00000	1555.07270	1538.06125	1524.94866
2025-08-12T13:53:33Z	24574.00000	1555.07198	1538.05942	1524.94751
2025-08-12T13:53:33Z	24575.00000	1555.07213	1538.06004	1524.94817
2025-08-12T13:53:33Z	24575.00000	1555.07117	1538.05862	1524.94776
2025-08-12T13:53:33Z	24575.00000	1555.07128	1538.05871	1524.94904
2025-08-12T13:53:33Z	24575.00000	1555.07047	1538.05616	1524.94684
2025-08-12T13:53:33Z	24575.00000	1555.06938	1538.05465	1524.94785
2025-08-12T13:53:34Z	24575.00000	1555.06897	1538.05456	1524.94713
2025-08-12T13:53:34Z	24575.00000	1555.06902	1538.05540	1524.94874
2025-08-12T13:53:34Z	24575.00000	1555.06871	1538.05480	1524.94872
2025-08-12T13:53:34Z	24575.00000	1555.06857	1538.05296	1524.94809
2025-08-12T13:53:34Z	24575.00000	1555.06832	1538.05342	1524.94768
2025-08-12T13:53:34Z	24576.00000	1555.06826	1538.05330	1524.94793
2025-08-12T13:53:34Z	24576.00000	1555.06795	1538.05241	1524.94782
2025-08-12T13:53:34Z	24576.00000	1555.06756	1538.05136	1524.94796
2025-08-12T13:53:34Z	24576.00000	1555.06769	1538.05143	1524.94764
2025-08-12T13:53:34Z	24576.00000	1555.06697	1538.05244	1524.94765
2025-08-12T13:53:34Z	24576.00000	1555.06704	1538.05174	1524.94820
2025-08-12T13:53:35Z	24576.00000	1555.06606	1538.05006	1524.94749
2025-08-12T13:53:35Z	24576.00000	1555.06568	1538.04963	1524.94766
2025-08-12T13:53:35Z	24576.00000	1555.06502	1538.04988	1524.94817
2025-08-12T13:53:35Z	24576.00000	1555.06503	1538.04835	1524.94740
2025-08-12T13:53:35Z	24577.00000	1555.06509	1538.04998	1524.94736
2025-08-12T13:53:35Z	24577.00000	1555.06513	1538.04891	1524.94833
2025-08-12T13:53:35Z	24577.00000	1555.06480	1538.04932	1524.94741
2025-08-12T13:53:35Z	24577.00000	1555.06451	1538.04913	1524.94742
2025-08-12T13:53:35Z	24577.00000	1555.06493	1538.04872	1524.94787
2025-08-12T13:53:35Z	24577.00000	1555.06421	1538.04925	1524.94794
2025-08-12T13:53:36Z	24577.00000	1555.06352	1538.04661	1524.94751
2025-08-12T13:53:36Z	24577.00000	1555.06392	1538.04635	1524.94751
2025-08-12T13:53:36Z	24577.00000	1555.06345	1538.04625	1524.94772
2025-08-12T13:53:36Z	24577.00000	1555.06331	1538.04607	1524.94733
2025-08-12T13:53:36Z	24578.00000	1555.06280	1538.04668	1524.94736
2025-08-12T13:53:36Z	24578.00000	1555.06297	1538.04670	1524.94737
2025-08-12T13:53:36Z	24578.00000	1555.06339	1538.04704	1524.94789
2025-08-12T13:53:36Z	24578.00000	1555.06249	1538.04503	1524.94667
2025-08-12T13:53:36Z	24578.00000	1555.06269	1538.04509	1524.94760
2025-08-12T13:53:37Z	24578.00000	1555.06263	1538.04409	1524.94779
2025-08-12T13:53:37Z	24578.00000	1555.06264	1538.04405	1524.94803
2025-08-12T13:53:37Z	24578.00000	1555.06197	1538.04451	1524.94765
2025-08-12T13:53:37Z	24578.00000	1555.15312	1538.16628	1524.94856
2025-08-12T13:53:37Z	24578.00000	1555.31227	1538.45602	1524.93385
2025-08-12T13:53:37Z	24579.00000	1555.43685	1538.68356	1524.94617
2025-08-12T13:53:37Z	24579.00000	1555.58045	1538.92786	1524.93909
2025-08-12T13:53:37Z	24579.00000	1555.69168	1539.12485	1524.94667
2025-08-12T13:53:37Z	24579.00000	1555.79724	1539.30699	1524.95107
2025-08-12T13:53:37Z	24579.00000	1555.92733	1539.53237	1524.94570
2025-08-12T13:53:38Z	24579.00000	1556.05115	1539.74354	1524.94948
2025-08-12T13:53:38Z	24579.00000	1556.17362	1539.95064	1524.94911
2025-08-12T13:53:38Z	24579.00000	1556.30988	1540.18057	1524.95062
2025-08-12T13:53:38Z	24579.00000	1556.36439	1540.26740	1524.95046
2025-08-12T13:53:38Z	24580.00000	1556.41493	1540.35683	1524.95223
2025-08-12T13:53:38Z	24580.00000	1556.47828	1540.44975	1524.95345
2025-08-12T13:53:38Z	24580.00000	1556.52428	1540.53213	1524.95467
2025-08-12T13:53:38Z	24580.00000	1556.57350	1540.60991	1524.95523
2025-08-12T13:53:38Z	24580.00000	1556.63106	1540.69530	1524.95612
2025-08-12T13:53:39Z	24580.00000	1556.67531	1540.77506	1524.95862
2025-08-12T13:53:39Z	24580.00000	1556.71996	1540.84321	1524.95935
2025-08-12T13:53:39Z	24580.00000	1556.75484	1540.91073	1524.95816
2025-08-12T13:53:39Z	24580.00000	1556.79518	1540.97262	1524.95980
2025-08-12T13:53:39Z	24580.00000	1556.82009	1541.00841	1524.96014
2025-08-12T13:53:39Z	24580.00000	1556.84419	1541.04521	1524.96101
2025-08-12T13:53:39Z	24581.00000	1556.87083	1541.10091	1524.96098
2025-08-12T13:53:39Z	24581.00000	1556.89032	1541.13392	1524.96149
2025-08-12T13:53:39Z	24581.00000	1556.91047	1541.15977	1524.96138
2025-08-12T13:53:39Z	24581.00000	1556.92916	1541.19192	1524.96278
2025-08-12T13:53:40Z	24581.00000	1556.95447	1541.22419	1524.96324
2025-08-12T13:53:40Z	24581.00000	1556.96396	1541.24170	1524.96377
2025-08-12T13:53:40Z	24581.00000	1556.97136	1541.26626	1524.96386
2025-08-12T13:53:40Z	24581.00000	1556.98100	1541.27576	1524.96319
2025-08-12T13:53:40Z	24581.00000	1556.98659	1541.28640	1524.96376
2025-08-12T13:53:40Z	24582.00000	1556.99123	1541.29525	1524.96397
2025-08-12T13:53:40Z	24582.00000	1556.99671	1541.29946	1524.96354
2025-08-12T13:53:40Z	24582.00000	1557.00068	1541.31061	1524.96320
2025-08-12T13:53:40Z	24582.00000	1557.00319	1541.31406	1524.96405
2025-08-12T13:53:40Z	24582.00000	1557.00671	1541.31656	1524.96470
2025-08-12T13:53:41Z	24582.00000	1557.01074	1541.32116	1524.96277
2025-08-12T13:53:41Z	24582.00000	1555.68060	1539.07842	1524.94515
2025-08-12T13:53:41Z	24582.00000	1555.24372	1538.33149	1524.93007
2025-08-12T13:53:41Z	24582.00000	1555.11192	1538.10876	1524.95537
2025-08-12T13:53:41Z	24582.00000	1555.08502	1538.08293	1524.94930
2025-08-12T13:53:41Z	24583.00000	1555.08142	1538.07619	1524.94791
2025-08-12T13:53:41Z	24583.00000	1555.08026	1538.07554	1524.94920
2025-08-12T13:53:41Z	24583.00000	1555.07848	1538.07087	1524.94734
2025-08-12T13:53:41Z	24583.00000	1555.07842	1538.06940	1524.94810
2025-08-12T13:53:41Z	24583.00000	1555.07638	1538.06562	1524.94711
2025-08-12T13:53:42Z	24583.00000	1555.07414	1538.06423	1524.94751
2025-08-12T13:53:42Z	24583.00000	1555.07428	1538.06343	1524.94766
2025-08-12T13:53:42Z	24583.00000	1555.07417	1538.06268	1524.94837
2025-08-12T13:53:42Z	24583.00000	1555.07237	1538.06120	1524.94747
2025-08-12T13:53:42Z	24583.00000	1555.07269	1538.05947	1524.94807
2025-08-12T13:53:42Z	24584.00000	1555.07097	1538.05918	1524.94803
2025-08-12T13:53:42Z	24584.00000	1555.07051	1538.05831	1524.94793
2025-08-12T13:53:42Z	24584.00000	1555.06847	1538.05701	1524.94545
2025-08-12T13:53:42Z	24584.00000	1555.06965	1538.05662	1524.94819
2025-08-12T13:53:42Z	24584.00000	1555.07004	1538.05499	1524.94862
2025-08-12T13:53:43Z	24584.00000	1555.06903	1538.05451	1524.94755
2025-08-12T13:53:43Z	24584.00000	1555.06909	1538.05426	1524.94705
2025-08-12T13:53:43Z	24584.00000	1555.06868	1538.05447	1524.94797
2025-08-12T13:53:43Z	24584.00000	1555.06835	1538.05300	1524.94789
2025-08-12T13:53:43Z	24584.00000	1555.06823	1538.05310	1524.94729
2025-08-12T13:53:43Z	24585.00000	1555.06777	1538.05276	1524.94779
2025-08-12T13:53:43Z	24585.00000	1555.06728	1538.05322	1524.94723
2025-08-12T13:53:43Z	24585.00000	1555.06769	1538.05174	1524.94743
2025-08-12T13:53:43Z	24585.00000	1555.06722	1538.05235	1524.94734
2025-08-12T13:53:43Z	24585.00000	1555.06710	1538.05097	1524.94720
2025-08-12T13:53:44Z	24585.00000	1555.06657	1538.05088	1524.94723
2025-08-12T13:53:44Z	24585.00000	1555.06617	1538.05043	1524.94737
2025-08-12T13:53:44Z	24585.00000	1555.06574	1538.05046	1524.94721
2025-08-12T13:53:44Z	24585.00000	1555.06510	1538.05067	1524.94745
2025-08-12T13:53:44Z	24585.00000	1555.06568	1538.04991	1524.94823
2025-08-12T13:53:44Z	24586.00000	1555.06511	1538.04872	1524.94769
2025-08-12T13:53:44Z	24586.00000	1555.06505	1538.04923	1524.94729
2025-08-12T13:53:44Z	24586.00000	1555.06479	1538.04954	1524.94758
2025-08-12T13:53:44Z	24586.00000	1555.06463	1538.04865	1524.94710
2025-08-12T13:53:44Z	24586.00000	1555.06472	1538.04840	1524.94691
2025-08-12T13:53:45Z	24586.00000	1555.06414	1538.04872	1524.94705
2025-08-12T13:53:45Z	24586.00000	1555.06351	1538.04764	1524.94671
2025-08-12T13:53:45Z	24586.00000	1555.06367	1538.04792	1524.94655
2025-08-12T13:53:45Z	24586.00000	1555.06387	1538.04686	1524.94729
2025-08-12T13:53:45Z	24587.00000	1555.06352	1538.04564	1524.94661
2025-08-12T13:53:45Z	24587.00000	1555.06375	1538.04506	1524.94724
2025-08-12T13:53:45Z	24587.00000	1555.06276	1538.04598	1524.94680
2025-08-12T13:53:45Z	24587.00000	1555.06350	1538.04630	1524.94781
2025-08-12T13:53:45Z	24587.00000	1555.06274	1538.04375	1524.94678
2025-08-12T13:53:46Z	24587.00000	1555.06271	1538.04635	1524.94671
2025-08-12T13:53:46Z	24587.00000	1555.06271	1538.04546	1524.94744
2025-08-12T13:53:46Z	24587.00000	1555.16502	1538.22099	1524.93890
2025-08-12T13:53:46Z	24588.00000	1555.31477	1538.46660	1524.93859
2025-08-12T13:53:46Z	24588.00000	1555.44664	1538.69983	1524.95343
2025-08-12T13:53:46Z	24588.00000	1555.56712	1538.91288	1524.95026
2025-08-12T13:53:46Z	24588.00000	1555.68409	1539.10547	1524.94206
2025-08-12T13:53:46Z	24588.00000	1555.78984	1539.29365	1524.94614
2025-08-12T13:53:46Z	24588.00000	1555.90472	1539.49138	1524.94436
2025-08-12T13:53:47Z	24588.00000	1556.01170	1539.67468	1524.94571
2025-08-12T13:53:47Z	24588.00000	1556.09543	1539.82392	1524.94668
2025-08-12T13:53:47Z	24588.00000	1556.17573	1539.95361	1524.94944
2025-08-12T13:53:47Z	24588.00000	1556.24933	1540.08095	1524.94962
2025-08-12T13:53:47Z	24589.00000	1556.32215	1540.19823	1524.94932
2025-08-12T13:53:47Z	24589.00000	1556.39696	1540.31553	1524.95236
2025-08-12T13:53:47Z	24589.00000	1556.48931	1540.46700	1524.95413
2025-08-12T13:53:47Z	24589.00000	1556.54193	1540.55808	1524.95417
2025-08-12T13:53:47Z	24589.00000	1556.59835	1540.64735	1524.95634
2025-08-12T13:53:48Z	24589.00000	1556.65110	1540.73160	1524.95711
2025-08-12T13:53:48Z	24589.00000	1556.70355	1540.81609	1524.95834
2025-08-12T13:53:48Z	24589.00000	1556.74120	1540.87517	1524.95798
2025-08-12T13:53:48Z	24589.00000	1556.77343	1540.93889	1524.95979
2025-08-12T13:53:48Z	24589.00000	1556.80205	1540.97965	1524.95886
2025-08-12T13:53:48Z	24590.00000	1556.83477	1541.02780	1524.96101
2025-08-12T13:53:48Z	24590.00000	1556.87504	1541.10294	1524.96177
2025-08-12T13:53:48Z	24590.00000	1556.89618	1541.13865	1524.96167
2025-08-12T13:53:48Z	24590.00000	1556.91498	1541.16488	1524.96156
2025-08-12T13:53:48Z	24590.00000	1556.92977	1541.19039	1524.96191
2025-08-12T13:53:49Z	24590.00000	1556.94344	1541.20965	1524.96228
2025-08-12T13:53:49Z	24590.00000	1556.96018	1541.22904	1524.96279
2025-08-12T13:53:49Z	24590.00000	1556.96981	1541.26210	1524.96324
2025-08-12T13:53:49Z	24590.00000	1556.97964	1541.27311	1524.96374
2025-08-12T13:53:49Z	24591.00000	1556.98628	1541.28470	1524.96308
2025-08-12T13:53:49Z	24591.00000	1556.99243	1541.29338	1524.96349
2025-08-12T13:53:49Z	24591.00000	1556.99727	1541.29798	1524.96353
2025-08-12T13:53:49Z	24591.00000	1557.00122	1541.30874	1524.96352
2025-08-12T13:53:49Z	24591.00000	1557.00583	1541.31319	1524.96399
2025-08-12T13:53:50Z	24591.00000	1557.00764	1541.31773	1524.96331
2025-08-12T13:53:50Z	24591.00000	1557.01080	1541.32011	1524.96415
2025-08-12T13:53:50Z	24591.00000	1556.69416	1540.72594	1525.08569
2025-08-12T13:53:50Z	24591.00000	1555.21645	1538.30460	1524.94212
2025-08-12T13:53:50Z	24592.00000	1555.08219	1538.07913	1524.94528
2025-08-12T13:53:50Z	24592.00000	1555.07944	1538.07320	1524.94582
2025-08-12T13:53:50Z	24592.00000	1555.07880	1538.07014	1524.94760
2025-08-12T13:53:50Z	24592.00000	1555.07657	1538.06831	1524.94661
2025-08-12T13:53:51Z	24592.00000	1555.07580	1538.06708	1524.94731
2025-08-12T13:53:51Z	24592.00000	1555.07512	1538.06467	1524.94715
2025-08-12T13:53:51Z	24592.00000	1555.07377	1538.06209	1524.94740
2025-08-12T13:53:51Z	24592.00000	1555.07312	1538.06222	1524.94784
2025-08-12T13:53:51Z	24593.00000	1555.07111	1538.05978	1524.94750
2025-08-12T13:53:51Z	24593.00000	1555.07001	1538.05873	1524.94711
2025-08-12T13:53:51Z	24593.00000	1555.06991	1538.05656	1524.94750
2025-08-12T13:53:51Z	24593.00000	1555.07023	1538.05647	1524.94569
2025-08-12T13:53:51Z	24593.00000	1555.06900	1538.05696	1524.94716
2025-08-12T13:53:52Z	24593.00000	1555.06991	1538.05526	1524.94772
2025-08-12T13:53:52Z	24593.00000	1555.06845	1538.05521	1524.94742
2025-08-12T13:53:52Z	24593.00000	1555.06958	1538.05544	1524.94775
2025-08-12T13:53:52Z	24593.00000	1555.06905	1538.05425	1524.94718
2025-08-12T13:53:52Z	24594.00000	1555.06826	1538.05373	1524.94706
2025-08-12T13:53:52Z	24594.00000	1555.06813	1538.05306	1524.94794
2025-08-12T13:53:52Z	24594.00000	1555.06801	1538.05195	1524.94718
2025-08-12T13:53:52Z	24594.00000	1555.06676	1538.05141	1524.94712
2025-08-12T13:53:52Z	24594.00000	1555.06678	1538.05087	1524.94721
2025-08-12T13:53:53Z	24594.00000	1555.06729	1538.05138	1524.94732
2025-08-12T13:53:53Z	24594.00000	1555.06651	1538.05130	1524.94687
2025-08-12T13:53:53Z	24594.00000	1555.06626	1538.05070	1524.94704
2025-08-12T13:53:53Z	24594.00000	1555.06604	1538.05087	1524.94689
2025-08-12T13:53:53Z	24595.00000	1555.06557	1538.04966	1524.94739
2025-08-12T13:53:53Z	24595.00000	1555.06486	1538.05061	1524.94711
2025-08-12T13:53:53Z	24595.00000	1555.06483	1538.04993	1524.94692
2025-08-12T13:53:53Z	24595.00000	1555.06492	1538.04970	1524.94724
2025-08-12T13:53:53Z	24595.00000	1555.06539	1538.04831	1524.94678
2025-08-12T13:53:54Z	24595.00000	1555.06413	1538.04899	1524.94684
2025-08-12T13:53:54Z	24595.00000	1555.06388	1538.04930	1524.94655
2025-08-12T13:53:54Z	24595.00000	1555.06375	1538.04854	1524.94636
2025-08-12T13:53:54Z	24596.00000	1555.06384	1538.04866	1524.94658
2025-08-12T13:53:54Z	24596.00000	1555.06369	1538.04769	1524.94681
2025-08-12T13:53:54Z	24596.00000	1555.06344	1538.04625	1524.94694
2025-08-12T13:53:54Z	24596.00000	1555.06343	1538.04644	1524.94690
2025-08-12T13:53:54Z	24596.00000	1555.06266	1538.04801	1524.94620
2025-08-12T13:53:55Z	24596.00000	1555.06288	1538.04503	1524.94660
2025-08-12T13:53:55Z	24596.00000	1555.06222	1538.04526	1524.94618
2025-08-12T13:53:55Z	24596.00000	1555.25498	1538.37178	1524.94836
2025-08-12T13:53:55Z	24597.00000	1555.41035	1538.64186	1524.95537
2025-08-12T13:53:55Z	24597.00000	1555.51762	1538.81890	1524.94569
2025-08-12T13:53:55Z	24597.00000	1555.65478	1539.04978	1524.93986
2025-08-12T13:53:55Z	24597.00000	1555.78090	1539.27266	1524.94420
2025-08-12T13:53:55Z	24597.00000	1555.86100	1539.41231	1524.94873
2025-08-12T13:53:55Z	24597.00000	1555.96113	1539.58037	1524.94417
2025-08-12T13:53:56Z	24597.00000	1556.06268	1539.75989	1524.94811
2025-08-12T13:53:56Z	24597.00000	1556.14565	1539.90243	1524.94582
2025-08-12T13:53:56Z	24597.00000	1556.20983	1540.00813	1524.94858
2025-08-12T13:53:56Z	24597.00000	1556.29468	1540.14077	1524.94947
2025-08-12T13:53:56Z	24598.00000	1556.37222	1540.27780	1524.95097
2025-08-12T13:53:56Z	24598.00000	1556.43325	1540.37959	1524.95232
2025-08-12T13:53:56Z	24598.00000	1556.49603	1540.47215	1524.95271
2025-08-12T13:53:56Z	24598.00000	1556.56589	1540.59133	1524.95525
2025-08-12T13:53:56Z	24598.00000	1556.62525	1540.67525	1524.95477
2025-08-12T13:53:57Z	24598.00000	1556.70644	1540.81728	1524.95712
2025-08-12T13:53:57Z	24598.00000	1556.77645	1540.94164	1524.95791
2025-08-12T13:53:57Z	24599.00000	1556.84170	1541.03536	1524.95944
2025-08-12T13:53:57Z	24599.00000	1556.86638	1541.08720	1524.96011
2025-08-12T13:53:57Z	24599.00000	1556.88332	1541.11419	1524.96104
2025-08-12T13:53:57Z	24599.00000	1556.90258	1541.14403	1524.96038
2025-08-12T13:53:57Z	24599.00000	1556.92151	1541.17920	1524.96203
2025-08-12T13:53:57Z	24599.00000	1556.93764	1541.19907	1524.96128
2025-08-12T13:53:58Z	24599.00000	1556.95137	1541.21561	1524.96126
2025-08-12T13:53:58Z	24599.00000	1556.96460	1541.23413	1524.96291
2025-08-12T13:53:58Z	24599.00000	1556.97572	1541.26893	1524.96299
2025-08-12T13:53:58Z	24599.00000	1556.98708	1541.28384	1524.96285
2025-08-12T13:53:58Z	24600.00000	1556.99300	1541.29152	1524.96245
2025-08-12T13:53:58Z	24600.00000	1556.99753	1541.29676	1524.96253
2025-08-12T13:53:58Z	24600.00000	1557.00057	1541.30561	1524.96373
2025-08-12T13:53:58Z	24600.00000	1557.00658	1541.30957	1524.96378
2025-08-12T13:53:59Z	24600.00000	1557.01124	1541.31956	1524.96157
2025-08-12T13:53:59Z	24600.00000	1557.01300	1541.32247	1524.96356
2025-08-12T13:53:59Z	24600.00000	1555.61778	1538.91444	1524.96410
2025-08-12T13:53:59Z	24600.00000	1555.15546	1538.19445	1524.96496
2025-08-12T13:53:59Z	24600.00000	1555.08833	1538.08705	1524.95236
2025-08-12T13:53:59Z	24601.00000	1555.08015	1538.07280	1524.94567
2025-08-12T13:53:59Z	24601.00000	1555.07967	1538.07471	1524.94772
2025-08-12T13:53:59Z	24601.00000	1555.07774	1538.06967	1524.94618
2025-08-12T13:53:59Z	24601.00000	1555.07755	1538.06796	1524.94697
2025-08-12T13:54:00Z	24601.00000	1555.07624	1538.06757	1524.94656
2025-08-12T13:54:00Z	24601.00000	1555.07478	1538.06535	1524.94673
2025-08-12T13:54:00Z	24601.00000	1555.07513	1538.06360	1524.94685
2025-08-12T13:54:00Z	24601.00000	1555.07293	1538.06401	1524.94699
2025-08-12T13:54:00Z	24601.00000	1555.07328	1538.06203	1524.94720
2025-08-12T13:54:00Z	24602.00000	1555.07241	1538.06216	1524.94713
2025-08-12T13:54:00Z	24602.00000	1555.07193	1538.05839	1524.94656
2025-08-12T13:54:00Z	24602.00000	1555.07015	1538.05817	1524.94631
2025-08-12T13:54:00Z	24602.00000	1555.07080	1538.05930	1524.94865
2025-08-12T13:54:00Z	24602.00000	1555.07118	1538.05839	1524.94804
2025-08-12T13:54:00Z	24602.00000	1555.06983	1538.05467	1524.94671
2025-08-12T13:54:01Z	24602.00000	1555.06951	1538.05558	1524.94740
2025-08-12T13:54:01Z	24602.00000	1555.06951	1538.05495	1524.94693
2025-08-12T13:54:01Z	24602.00000	1555.06807	1538.05504	1524.94687
2025-08-12T13:54:01Z	24602.00000	1555.06827	1538.05505	1524.94679
2025-08-12T13:54:01Z	24603.00000	1555.06865	1538.05447	1524.94671
2025-08-12T13:54:01Z	24603.00000	1555.06928	1538.05241	1524.94672
2025-08-12T13:54:01Z	24603.00000	1555.06864	1538.05335	1524.94683
2025-08-12T13:54:01Z	24603.00000	1555.06753	1538.05178	1524.94704
2025-08-12T13:54:01Z	24603.00000	1555.06715	1538.05149	1524.94690
2025-08-12T13:54:02Z	24603.00000	1555.06728	1538.05249	1524.94676
2025-08-12T13:54:02Z	24603.00000	1555.06701	1538.05223	1524.94667
2025-08-12T13:54:02Z	24603.00000	1555.06632	1538.05110	1524.94689
2025-08-12T13:54:02Z	24604.00000	1555.06650	1538.04889	1524.94641
2025-08-12T13:54:02Z	24604.00000	1555.06558	1538.04984	1524.94658
2025-08-12T13:54:02Z	24604.00000	1555.06550	1538.04939	1524.94647
2025-08-12T13:54:02Z	24604.00000	1555.06528	1538.04914	1524.94657
2025-08-12T13:54:02Z	24604.00000	1555.06497	1538.04988	1524.94646
2025-08-12T13:54:03Z	24604.00000	1555.06449	1538.04788	1524.94638
2025-08-12T13:54:03Z	24604.00000	1555.06463	1538.04758	1524.94640
2025-08-12T13:54:03Z	24604.00000	1555.06465	1538.05038	1524.94616
2025-08-12T13:54:03Z	24605.00000	1555.06429	1538.04799	1524.94639
2025-08-12T13:54:03Z	24605.00000	1555.06424	1538.04776	1524.94652
2025-08-12T13:54:03Z	24605.00000	1555.06374	1538.04753	1524.94633
2025-08-12T13:54:03Z	24605.00000	1555.06383	1538.04730	1524.94637
2025-08-12T13:54:04Z	24605.00000	1555.06339	1538.04560	1524.94660
2025-08-12T13:54:04Z	24605.00000	1555.06360	1538.04759	1524.94621
2025-08-12T13:54:04Z	24605.00000	1555.06358	1538.04548	1524.94644
2025-08-12T13:54:04Z	24605.00000	1555.06349	1538.04514	1524.94637
2025-08-12T13:54:04Z	24605.00000	1555.06268	1538.04361	1524.94655
2025-08-12T13:54:04Z	24606.00000	1555.06282	1538.04546	1524.94623
2025-08-12T13:54:04Z	24606.00000	1555.06277	1538.04374	1524.94629
2025-08-12T13:54:04Z	24606.00000	1555.06259	1538.04387	1524.94614
2025-08-12T13:54:04Z	24606.00000	1555.06244	1538.04387	1524.94635
2025-08-12T13:54:04Z	24606.00000	1555.06228	1538.04278	1524.94601
2025-08-12T13:54:05Z	24606.00000	1555.06242	1538.04345	1524.94645
2025-08-12T13:54:05Z	24606.00000	1555.06193	1538.04292	1524.94618
2025-08-12T13:54:05Z	24606.00000	1555.06228	1538.04485	1524.94650
2025-08-12T13:54:05Z	24606.00000	1555.06201	1538.04217	1524.94634
2025-08-12T13:54:05Z	24606.00000	1555.06149	1538.04378	1524.94648
2025-08-12T13:54:05Z	24607.00000	1555.06146	1538.04336	1524.94630
2025-08-12T13:54:05Z	24607.00000	1555.06154	1538.04180	1524.94655
2025-08-12T13:54:05Z	24607.00000	1555.06181	1538.04332	1524.94614
2025-08-12T13:54:05Z	24607.00000	1555.06178	1538.04390	1524.94620
2025-08-12T13:54:05Z	24607.00000	1555.06162	1538.04151	1524.94615
2025-08-12T13:54:06Z	24607.00000	1555.06161	1538.04128	1524.94600
2025-08-12T13:54:06Z	24607.00000	1555.06102	1538.04136	1524.94593
2025-08-12T13:54:06Z	24607.00000	1555.06206	1538.04204	1524.94592
2025-08-12T13:54:06Z	24607.00000	1555.06106	1538.04148	1524.94586
2025-08-12T13:54:06Z	24607.00000	1555.06088	1538.04223	1524.94592
2025-08-12T13:54:06Z	24607.00000	1555.06107	1538.04312	1524.94596
2025-08-12T13:54:06Z	24608.00000	1555.06033	1538.04086	1524.94547
2025-08-12T13:54:06Z	24608.00000	1555.06090	1538.04047	1524.94626
2025-08-12T13:54:06Z	24608.00000	1555.06043	1538.04063	1524.94555
2025-08-12T13:54:06Z	24608.00000	1555.06109	1538.04036	1524.94643
2025-08-12T13:54:07Z	24608.00000	1555.06087	1538.03980	1524.94574
2025-08-12T13:54:07Z	24608.00000	1555.06072	1538.03999	1524.94623
2025-08-12T13:54:07Z	24608.00000	1555.06105	1538.04049	1524.94640
2025-08-12T13:54:07Z	24608.00000	1555.06128	1538.04030	1524.94604
2025-08-12T13:54:07Z	24608.00000	1555.06044	1538.04029	1524.94605
2025-08-12T13:54:07Z	24609.00000	1555.06084	1538.04151	1524.94593
2025-08-12T13:54:07Z	24609.00000	1555.06055	1538.04165	1524.94638
2025-08-12T13:54:07Z	24609.00000	1555.06051	1538.03936	1524.94611
2025-08-12T13:54:07Z	24609.00000	1555.06086	1538.03872	1524.94574
2025-08-12T13:54:08Z	24609.00000	1555.05989	1538.03928	1524.94595
2025-08-12T13:54:08Z	24609.00000	1555.06070	1538.03854	1524.94605
2025-08-12T13:54:08Z	24609.00000	1555.06020	1538.03976	1524.94581
2025-08-12T13:54:08Z	24609.00000	1555.06022	1538.03827	1524.94572
2025-08-12T13:54:08Z	24609.00000	1555.06073	1538.03896	1524.94575
2025-08-12T13:54:08Z	24610.00000	1555.06030	1538.03872	1524.94593
2025-08-12T13:54:08Z	24610.00000	1555.06027	1538.03934	1524.94590
2025-08-12T13:54:08Z	24610.00000	1555.06056	1538.03746	1524.94584
2025-08-12T13:54:08Z	24610.00000	1555.05994	1538.03893	1524.94652
2025-08-12T13:54:08Z	24610.00000	1555.06028	1538.03768	1524.94622
2025-08-12T13:54:09Z	24610.00000	1555.05992	1538.03852	1524.94576
2025-08-12T13:54:09Z	24610.00000	1555.06029	1538.03903	1524.94616
2025-08-12T13:54:09Z	24610.00000	1555.06019	1538.03823	1524.94583
2025-08-12T13:54:09Z	24610.00000	1555.05995	1538.03730	1524.94564
2025-08-12T13:54:09Z	24610.00000	1555.05997	1538.03709	1524.94581
2025-08-12T13:54:09Z	24611.00000	1555.05990	1538.03886	1524.94594
2025-08-12T13:54:09Z	24611.00000	1555.06000	1538.03682	1524.94576
2025-08-12T13:54:09Z	24611.00000	1555.05990	1538.03686	1524.94596
2025-08-12T13:54:09Z	24611.00000	1555.05917	1538.03782	1524.94612
2025-08-12T13:54:09Z	24611.00000	1555.05921	1538.03624	1524.94557
2025-08-12T13:54:10Z	24611.00000	1555.05975	1538.03741	1524.94584
2025-08-12T13:54:10Z	24611.00000	1555.05988	1538.03730	1524.94541
2025-08-12T13:54:10Z	24611.00000	1555.06067	1538.03667	1524.94529
2025-08-12T13:54:10Z	24611.00000	1555.05907	1538.03684	1524.94557
2025-08-12T13:54:10Z	24611.00000	1555.05918	1538.03737	1524.94467
2025-08-12T13:54:10Z	24612.00000	1555.05877	1538.03555	1524.94516
2025-08-12T13:54:10Z	24612.00000	1555.05961	1538.03684	1524.94565
2025-08-12T13:54:10Z	24612.00000	1555.05918	1538.03685	1524.94543
2025-08-12T13:54:10Z	24612.00000	1555.05846	1538.03808	1524.94550
2025-08-12T13:54:10Z	24612.00000	1555.05903	1538.03588	1524.94564
2025-08-12T13:54:10Z	24612.00000	1555.05916	1538.03716	1524.94591
2025-08-12T13:54:11Z	24612.00000	1555.05883	1538.03632	1524.94568
2025-08-12T13:54:11Z	24612.00000	1555.05892	1538.03700	1524.94572
2025-08-12T13:54:11Z	24612.00000	1555.05837	1538.03631	1524.94571
2025-08-12T13:54:11Z	24612.00000	1555.05850	1538.03704	1524.94602
2025-08-12T13:54:11Z	24613.00000	1555.05860	1538.03512	1524.94567
2025-08-12T13:54:11Z	24613.00000	1555.05823	1538.03689	1524.94584
2025-08-12T13:54:11Z	24613.00000	1555.05853	1538.03602	1524.94568
2025-08-12T13:54:11Z	24613.00000	1555.05835	1538.03793	1524.94624
2025-08-12T13:54:11Z	24613.00000	1555.05865	1538.03643	1524.94570
2025-08-12T13:54:12Z	24613.00000	1555.05887	1538.03546	1524.94546
2025-08-12T13:54:12Z	24613.00000	1555.05834	1538.03488	1524.94560
2025-08-12T13:54:12Z	24613.00000	1555.05838	1538.03585	1524.94555
2025-08-12T13:54:12Z	24613.00000	1555.05858	1538.03521	1524.94598
2025-08-12T13:54:12Z	24613.00000	1555.05843	1538.03526	1524.94598
2025-08-12T13:54:12Z	24614.00000	1555.05806	1538.03541	1524.94571
2025-08-12T13:54:12Z	24614.00000	1555.05785	1538.03519	1524.94582
2025-08-12T13:54:12Z	24614.00000	1555.05800	1538.03502	1524.94552
2025-08-12T13:54:12Z	24614.00000	1555.05804	1538.03318	1524.94559
2025-08-12T13:54:12Z	24614.00000	1555.05805	1538.03493	1524.94568
2025-08-12T13:54:13Z	24614.00000	1555.05827	1538.03347	1524.94589
2025-08-12T13:54:13Z	24614.00000	1555.05809	1538.03540	1524.94538
2025-08-12T13:54:13Z	24614.00000	1555.05821	1538.03551	1524.94536
2025-08-12T13:54:13Z	24614.00000	1555.05767	1538.03472	1524.94578
2025-08-12T13:54:13Z	24614.00000	1555.05721	1538.03448	1524.94517
2025-08-12T13:54:13Z	24615.00000	1555.05838	1538.03468	1524.94559
2025-08-12T13:54:13Z	24615.00000	1555.05832	1538.03446	1524.94550
2025-08-12T13:54:13Z	24615.00000	1555.05824	1538.03361	1524.94636
2025-08-12T13:54:13Z	24615.00000	1555.05822	1538.03400	1524.94560
2025-08-12T13:54:13Z	24615.00000	1555.05802	1538.03515	1524.94568
2025-08-12T13:54:14Z	24615.00000	1555.05765	1538.03489	1524.94570
2025-08-12T13:54:14Z	24615.00000	1555.05782	1538.03526	1524.94572
2025-08-12T13:54:14Z	24615.00000	1555.05758	1538.03364	1524.94567
2025-08-12T13:54:14Z	24615.00000	1555.05784	1538.03524	1524.94571
2025-08-12T13:54:14Z	24615.00000	1555.05729	1538.03261	1524.94599
2025-08-12T13:54:14Z	24616.00000	1555.05731	1538.03476	1524.94581
2025-08-12T13:54:14Z	24616.00000	1555.05834	1538.03389	1524.94587
2025-08-12T13:54:14Z	24616.00000	1555.05799	1538.03375	1524.94559
2025-08-12T13:54:14Z	24616.00000	1555.05783	1538.03448	1524.94564
2025-08-12T13:54:14Z	24616.00000	1555.05789	1538.03427	1524.94605
2025-08-12T13:54:15Z	24616.00000	1555.05789	1538.03486	1524.94612
2025-08-12T13:54:15Z	24616.00000	1555.05812	1538.03316	1524.94566
2025-08-12T13:54:15Z	24616.00000	1555.05759	1538.03452	1524.94566
2025-08-12T13:54:15Z	24616.00000	1555.05770	1538.03204	1524.94600
2025-08-12T13:54:15Z	24616.00000	1555.05787	1538.03315	1524.94585
2025-08-12T13:54:15Z	24617.00000	1555.05774	1538.03308	1524.94677
2025-08-12T13:54:15Z	24617.00000	1555.05798	1538.03226	1524.94613
2025-08-12T13:54:15Z	24617.00000	1555.05784	1538.03292	1524.94562
2025-08-12T13:54:15Z	24617.00000	1555.05705	1538.03342	1524.94605
2025-08-12T13:54:15Z	24617.00000	1555.05718	1538.03333	1524.94557
2025-08-12T13:54:15Z	24617.00000	1555.05725	1538.03340	1524.94617
2025-08-12T13:54:16Z	24617.00000	1555.05735	1538.03382	1524.94531
2025-08-12T13:54:16Z	24617.00000	1555.05719	1538.03214	1524.94564
2025-08-12T13:54:16Z	24617.00000	1555.05723	1538.03299	1524.94558
2025-08-12T13:54:16Z	24617.00000	1555.05618	1538.03274	1524.94568
2025-08-12T13:54:16Z	24618.00000	1555.05759	1538.03169	1524.94564
2025-08-12T13:54:16Z	24618.00000	1555.05748	1538.03344	1524.94556
2025-08-12T13:54:16Z	24618.00000	1555.05688	1538.03096	1524.94587
2025-08-12T13:54:16Z	24618.00000	1555.05748	1538.03149	1524.94593
2025-08-12T13:54:16Z	24618.00000	1555.05708	1538.03261	1524.94553
2025-08-12T13:54:16Z	24618.00000	1555.05692	1538.03351	1524.94597
2025-08-12T13:54:17Z	24618.00000	1555.05718	1538.03309	1524.94605
2025-08-12T13:54:17Z	24618.00000	1555.05752	1538.03290	1524.94601
2025-08-12T13:54:17Z	24618.00000	1555.05639	1538.03383	1524.94572
2025-08-12T13:54:17Z	24618.00000	1555.05685	1538.03316	1524.94595
2025-08-12T13:54:17Z	24619.00000	1555.05734	1538.03353	1524.94578
2025-08-12T13:54:17Z	24619.00000	1555.05667	1538.03193	1524.94548
2025-08-12T13:54:17Z	24619.00000	1555.05676	1538.03303	1524.94569
2025-08-12T13:54:17Z	24619.00000	1555.05633	1538.03298	1524.94594
2025-08-12T13:54:17Z	24619.00000	1555.05681	1538.03139	1524.94564
2025-08-12T13:54:18Z	24619.00000	1555.05685	1538.03267	1524.94572
2025-08-12T13:54:18Z	24619.00000	1555.05698	1538.03308	1524.94571
2025-08-12T13:54:18Z	24619.00000	1555.05720	1538.03196	1524.94582
2025-08-12T13:54:18Z	24619.00000	1555.05767	1538.03177	1524.94590
2025-08-12T13:54:18Z	24619.00000	1555.05685	1538.03063	1524.94598
2025-08-12T13:54:18Z	24619.00000	1555.05642	1538.03160	1524.94533
2025-08-12T13:54:18Z	24620.00000	1555.05676	1538.03220	1524.94562
2025-08-12T13:54:18Z	24620.00000	1555.05635	1538.03222	1524.94543
2025-08-12T13:54:18Z	24620.00000	1555.05671	1538.03081	1524.94541
2025-08-12T13:54:18Z	24620.00000	1555.05692	1538.03228	1524.94534
2025-08-12T13:54:18Z	24620.00000	1555.05707	1538.03151	1524.94588
2025-08-12T13:54:19Z	24620.00000	1555.05720	1538.03121	1524.94575
2025-08-12T13:54:19Z	24620.00000	1555.05678	1538.03224	1524.94582
2025-08-12T13:54:19Z	24620.00000	1555.05669	1538.03164	1524.94554
2025-08-12T13:54:19Z	24620.00000	1555.05691	1538.03204	1524.94577
2025-08-12T13:54:19Z	24621.00000	1555.05704	1538.03192	1524.94628
2025-08-12T13:54:19Z	24621.00000	1555.05634	1538.03171	1524.94589
2025-08-12T13:54:19Z	24621.00000	1555.05682	1538.03303	1524.94593
2025-08-12T13:54:19Z	24621.00000	1555.05649	1538.03126	1524.94633
2025-08-12T13:54:19Z	24621.00000	1555.05642	1538.03247	1524.94653
2025-08-12T13:54:20Z	24621.00000	1555.05690	1538.03043	1524.94620
2025-08-12T13:54:20Z	24621.00000	1555.05616	1538.03053	1524.94557
2025-08-12T13:54:20Z	24621.00000	1555.05614	1538.03049	1524.94565
2025-08-12T13:54:20Z	24621.00000	1555.05577	1538.03170	1524.94580
2025-08-12T13:54:20Z	24621.00000	1555.05598	1538.02895	1524.94493
2025-08-12T13:54:20Z	24621.00000	1555.05698	1538.03024	1524.94562
2025-08-12T13:54:20Z	24622.00000	1555.05675	1538.03134	1524.94549
2025-08-12T13:54:20Z	24622.00000	1555.05595	1538.03073	1524.94552
2025-08-12T13:54:20Z	24622.00000	1555.05625	1538.03047	1524.94531
2025-08-12T13:54:20Z	24622.00000	1555.05553	1538.03029	1524.94539
2025-08-12T13:54:21Z	24622.00000	1555.05566	1538.03016	1524.94565
2025-08-12T13:54:21Z	24622.00000	1555.05627	1538.03011	1524.94560
2025-08-12T13:54:21Z	24622.00000	1555.05572	1538.03185	1524.94602
2025-08-12T13:54:21Z	24622.00000	1555.05622	1538.03172	1524.94580
2025-08-12T13:54:21Z	24622.00000	1555.05648	1538.03012	1524.94582
2025-08-12T13:54:21Z	24622.00000	1555.05627	1538.02994	1524.94533
2025-08-12T13:54:21Z	24623.00000	1555.05634	1538.02910	1524.94633
2025-08-12T13:54:21Z	24623.00000	1555.05668	1538.03007	1524.94564
2025-08-12T13:54:21Z	24623.00000	1555.05584	1538.03102	1524.94594
2025-08-12T13:54:21Z	24623.00000	1555.05544	1538.02994	1524.94600
2025-08-12T13:54:22Z	24623.00000	1555.05587	1538.03024	1524.94589
2025-08-12T13:54:22Z	24623.00000	1555.05578	1538.03091	1524.94561
2025-08-12T13:54:22Z	24623.00000	1555.05646	1538.03025	1524.94555
2025-08-12T13:54:22Z	24623.00000	1555.05619	1538.02930	1524.94554
2025-08-12T13:54:22Z	24623.00000	1555.05613	1538.03045	1524.94570
2025-08-12T13:54:22Z	24624.00000	1555.05566	1538.02986	1524.94544
2025-08-12T13:54:22Z	24624.00000	1555.05622	1538.02867	1524.94549
2025-08-12T13:54:22Z	24624.00000	1555.05544	1538.02975	1524.94587
2025-08-12T13:54:22Z	24624.00000	1555.05626	1538.03060	1524.94555
2025-08-12T13:54:22Z	24624.00000	1555.05625	1538.03086	1524.94566
2025-08-12T13:54:23Z	24624.00000	1555.05596	1538.02989	1524.94577
2025-08-12T13:54:23Z	24624.00000	1555.05609	1538.02941	1524.94538
2025-08-12T13:54:23Z	24624.00000	1555.05563	1538.02919	1524.94566
2025-08-12T13:54:23Z	24624.00000	1555.05519	1538.02928	1524.94529
2025-08-12T13:54:23Z	24624.00000	1555.05647	1538.02992	1524.94549
2025-08-12T13:54:23Z	24625.00000	1555.05531	1538.02981	1524.94560
2025-08-12T13:54:23Z	24625.00000	1555.05484	1538.03110	1524.94548
2025-08-12T13:54:23Z	24625.00000	1555.05589	1538.03014	1524.94566
2025-08-12T13:54:23Z	24625.00000	1555.05521	1538.02809	1524.94555
2025-08-12T13:54:23Z	24625.00000	1555.05578	1538.03010	1524.94551
2025-08-12T13:54:23Z	24625.00000	1555.05590	1538.02968	1524.94565
2025-08-12T13:54:24Z	24625.00000	1555.05578	1538.02948	1524.94568
2025-08-12T13:54:24Z	24625.00000	1555.05531	1538.02831	1524.94577
2025-08-12T13:54:24Z	24625.00000	1555.05525	1538.03139	1524.94558
2025-08-12T13:54:24Z	24625.00000	1555.05546	1538.02973	1524.94577
2025-08-12T13:54:24Z	24626.00000	1555.05530	1538.02892	1524.94551
2025-08-12T13:54:24Z	24626.00000	1555.05618	1538.02820	1524.94549
2025-08-12T13:54:24Z	24626.00000	1555.05604	1538.02795	1524.94553
2025-08-12T13:54:24Z	24626.00000	1555.05554	1538.02982	1524.94601
2025-08-12T13:54:24Z	24626.00000	1555.05594	1538.02750	1524.94536
2025-08-12T13:54:24Z	24626.00000	1555.05493	1538.02866	1524.94525
2025-08-12T13:54:25Z	24626.00000	1555.05556	1538.02922	1524.94546
2025-08-12T13:54:25Z	24626.00000	1555.05560	1538.02850	1524.94535
2025-08-12T13:54:25Z	24626.00000	1555.05564	1538.02856	1524.94570
2025-08-12T13:54:25Z	24626.00000	1555.05494	1538.02914	1524.94558
2025-08-12T13:54:25Z	24627.00000	1555.05513	1538.02845	1524.94597
2025-08-12T13:54:25Z	24627.00000	1555.05546	1538.02889	1524.94563
2025-08-12T13:54:25Z	24627.00000	1555.05518	1538.02820	1524.94561
2025-08-12T13:54:25Z	24627.00000	1555.05542	1538.03011	1524.94568
2025-08-12T13:54:25Z	24627.00000	1555.05425	1538.02863	1524.94561
2025-08-12T13:54:26Z	24627.00000	1555.05556	1538.02981	1524.94568
2025-08-12T13:54:26Z	24627.00000	1555.05506	1538.02843	1524.94506
2025-08-12T13:54:26Z	24627.00000	1555.05546	1538.02903	1524.94521
2025-08-12T13:54:26Z	24627.00000	1555.05491	1538.02835	1524.94534
2025-08-12T13:54:26Z	24627.00000	1555.05571	1538.02949	1524.94626
2025-08-12T13:54:26Z	24628.00000	1555.05529	1538.02734	1524.94541
2025-08-12T13:54:26Z	24628.00000	1555.05553	1538.02868	1524.94534
2025-08-12T13:54:26Z	24628.00000	1555.05477	1538.02893	1524.94556
2025-08-12T13:54:26Z	24628.00000	1555.05513	1538.02812	1524.94591
2025-08-12T13:54:26Z	24628.00000	1555.05500	1538.02694	1524.94607
2025-08-12T13:54:27Z	24628.00000	1555.05542	1538.02715	1524.94564
2025-08-12T13:54:27Z	24628.00000	1555.05523	1538.02821	1524.94543
2025-08-12T13:54:27Z	24628.00000	1555.05547	1538.03000	1524.94573
2025-08-12T13:54:27Z	24628.00000	1555.05506	1538.02786	1524.94559
2025-08-12T13:54:27Z	24628.00000	1555.05568	1538.02715	1524.94559
2025-08-12T13:54:27Z	24629.00000	1555.05522	1538.02813	1524.94567
2025-08-12T13:54:27Z	24629.00000	1555.05497	1538.02799	1524.94554
2025-08-12T13:54:27Z	24629.00000	1555.05522	1538.02810	1524.94568
2025-08-12T13:54:27Z	24629.00000	1555.05473	1538.02890	1524.94556
2025-08-12T13:54:27Z	24629.00000	1555.05480	1538.02801	1524.94570
2025-08-12T13:54:27Z	24629.00000	1555.05521	1538.02795	1524.94565
2025-08-12T13:54:28Z	24629.00000	1555.05496	1538.02855	1524.94564
2025-08-12T13:54:28Z	24629.00000	1555.05456	1538.02770	1524.94553
2025-08-12T13:54:28Z	24629.00000	1555.05463	1538.02706	1524.94489
2025-08-12T13:54:28Z	24629.00000	1555.05512	1538.02914	1524.94589
2025-08-12T13:54:28Z	24629.00000	1555.05452	1538.02544	1524.94479
2025-08-12T13:54:28Z	24630.00000	1555.05511	1538.02673	1524.94507
2025-08-12T13:54:28Z	24630.00000	1555.05432	1538.02668	1524.94581
2025-08-12T13:54:28Z	24630.00000	1555.05460	1538.02710	1524.94594
2025-08-12T13:54:28Z	24630.00000	1555.05429	1538.02703	1524.94553
2025-08-12T13:54:28Z	24630.00000	1555.05389	1538.02698	1524.94630
2025-08-12T13:54:29Z	24630.00000	1555.05494	1538.02786	1524.94604
2025-08-12T13:54:29Z	24630.00000	1555.05465	1538.02756	1524.94572
2025-08-12T13:54:29Z	24630.00000	1555.05446	1538.02750	1524.94589
2025-08-12T13:54:29Z	24630.00000	1555.22896	1538.32112	1524.93932
2025-08-12T13:54:29Z	24631.00000	1555.35238	1538.52719	1524.93501
2025-08-12T13:54:29Z	24631.00000	1555.48307	1538.75470	1524.94100
2025-08-12T13:54:29Z	24631.00000	1555.60663	1538.97369	1524.95054
2025-08-12T13:54:29Z	24631.00000	1555.74485	1539.21071	1524.94466
2025-08-12T13:54:29Z	24631.00000	1555.87674	1539.43987	1524.94413
2025-08-12T13:54:29Z	24631.00000	1555.96451	1539.58300	1524.94450
2025-08-12T13:54:30Z	24631.00000	1556.05839	1539.74691	1524.94501
2025-08-12T13:54:30Z	24631.00000	1556.16435	1539.92675	1524.94637
2025-08-12T13:54:30Z	24631.00000	1556.24531	1540.06829	1524.94790
2025-08-12T13:54:30Z	24631.00000	1556.32759	1540.20309	1524.94997
2025-08-12T13:54:30Z	24632.00000	1556.41295	1540.33557	1524.95124
2025-08-12T13:54:30Z	24632.00000	1556.49527	1540.46804	1524.95265
2025-08-12T13:54:30Z	24632.00000	1556.54656	1540.56034	1524.95296
2025-08-12T13:54:30Z	24632.00000	1556.61663	1540.66563	1524.95396
2025-08-12T13:54:30Z	24632.00000	1556.69489	1540.79655	1524.95443
2025-08-12T13:54:31Z	24632.00000	1556.75071	1540.89745	1524.95660
2025-08-12T13:54:31Z	24632.00000	1556.79297	1540.95702	1524.95837
2025-08-12T13:54:31Z	24632.00000	1556.82747	1541.00851	1524.95968
2025-08-12T13:54:31Z	24632.00000	1556.86552	1541.06800	1524.95934
2025-08-12T13:54:31Z	24632.00000	1556.90209	1541.14067	1524.96061
2025-08-12T13:54:31Z	24633.00000	1556.93192	1541.18954	1524.96157
2025-08-12T13:54:31Z	24633.00000	1556.97438	1541.24818	1524.96219
2025-08-12T13:54:31Z	24633.00000	1557.00085	1541.30099	1524.96295
2025-08-12T13:54:31Z	24633.00000	1557.01739	1541.32902	1524.96336
2025-08-12T13:54:31Z	24633.00000	1557.03737	1541.35321	1524.96313
2025-08-12T13:54:32Z	24633.00000	1557.05890	1541.38682	1524.96366
2025-08-12T13:54:32Z	24633.00000	1557.07307	1541.41375	1524.96401
2025-08-12T13:54:32Z	24633.00000	1557.08289	1541.42656	1524.96437
2025-08-12T13:54:32Z	24633.00000	1557.09285	1541.46333	1524.96412
2025-08-12T13:54:32Z	24633.00000	1557.10217	1541.47005	1524.96471
2025-08-12T13:54:32Z	24634.00000	1557.10963	1541.48368	1524.96566
2025-08-12T13:54:32Z	24634.00000	1557.11563	1541.49144	1524.96576
2025-08-12T13:54:32Z	24634.00000	1557.12152	1541.50536	1524.96537
2025-08-12T13:54:32Z	24634.00000	1557.13263	1541.51126	1524.96591
2025-08-12T13:54:32Z	24634.00000	1557.13772	1541.51524	1524.96539
2025-08-12T13:54:33Z	24634.00000	1557.13930	1541.51987	1524.96551
2025-08-12T13:54:33Z	24634.00000	1557.14190	1541.52292	1524.96540
2025-08-12T13:54:33Z	24634.00000	1555.69424	1539.11164	1525.03068
2025-08-12T13:54:33Z	24634.00000	1555.19594	1538.24671	1524.92560
2025-08-12T13:54:33Z	24634.00000	1555.08781	1538.08212	1524.95285
2025-08-12T13:54:33Z	24635.00000	1555.07692	1538.07083	1524.94605
2025-08-12T13:54:33Z	24635.00000	1555.07691	1538.06735	1524.94675
2025-08-12T13:54:33Z	24635.00000	1555.07585	1538.06493	1524.94895
2025-08-12T13:54:33Z	24635.00000	1555.07350	1538.06159	1524.94706
2025-08-12T13:54:33Z	24635.00000	1555.07097	1538.05962	1524.94672
2025-08-12T13:54:33Z	24635.00000	1555.07172	1538.05954	1524.94747
2025-08-12T13:54:34Z	24635.00000	1555.06936	1538.05666	1524.94686
2025-08-12T13:54:34Z	24635.00000	1555.06923	1538.05473	1524.94632
2025-08-12T13:54:34Z	24635.00000	1555.06871	1538.05571	1524.94722
2025-08-12T13:54:34Z	24635.00000	1555.06830	1538.05285	1524.94632
2025-08-12T13:54:34Z	24635.00000	1555.06823	1538.05206	1524.94730
2025-08-12T13:54:34Z	24636.00000	1555.06729	1538.05083	1524.94742
2025-08-12T13:54:34Z	24636.00000	1555.06518	1538.04850	1524.94269
2025-08-12T13:54:34Z	24636.00000	1555.06612	1538.04938	1524.94575
2025-08-12T13:54:34Z	24636.00000	1555.06653	1538.05072	1524.94852
2025-08-12T13:54:35Z	24636.00000	1555.06535	1538.04976	1524.94643
2025-08-12T13:54:35Z	24636.00000	1555.06520	1538.04900	1524.94790
2025-08-12T13:54:35Z	24636.00000	1555.06489	1538.04814	1524.94644
2025-08-12T13:54:35Z	24636.00000	1555.06450	1538.04811	1524.94690
2025-08-12T13:54:35Z	24636.00000	1555.06390	1538.04721	1524.94649
2025-08-12T13:54:35Z	24636.00000	1555.06318	1538.04608	1524.94623
2025-08-12T13:54:35Z	24637.00000	1555.06336	1538.04554	1524.94673
2025-08-12T13:54:35Z	24637.00000	1555.06317	1538.04623	1524.94643
2025-08-12T13:54:35Z	24637.00000	1555.06252	1538.04377	1524.94632
2025-08-12T13:54:35Z	24637.00000	1555.06205	1538.04388	1524.94608
2025-08-12T13:54:36Z	24637.00000	1555.06189	1538.04289	1524.94654
2025-08-12T13:54:36Z	24637.00000	1555.06216	1538.04389	1524.94741
2025-08-12T13:54:36Z	24637.00000	1555.06211	1538.04294	1524.94610
2025-08-12T13:54:36Z	24637.00000	1555.06152	1538.04248	1524.94716
2025-08-12T13:54:36Z	24637.00000	1555.06154	1538.04171	1524.94645
2025-08-12T13:54:36Z	24638.00000	1555.06176	1538.04146	1524.94650
2025-08-12T13:54:36Z	24638.00000	1555.06102	1538.04097	1524.94619
2025-08-12T13:54:36Z	24638.00000	1555.06083	1538.04122	1524.94636
2025-08-12T13:54:36Z	24638.00000	1555.06065	1538.04009	1524.94608
2025-08-12T13:54:37Z	24638.00000	1555.06083	1538.04116	1524.94641
2025-08-12T13:54:37Z	24638.00000	1555.06036	1538.03959	1524.94635
2025-08-12T13:54:37Z	24638.00000	1555.06089	1538.03980	1524.94623
2025-08-12T13:54:37Z	24638.00000	1555.06020	1538.03999	1524.94626
2025-08-12T13:54:37Z	24638.00000	1555.06001	1538.03994	1524.94598
2025-08-12T13:54:37Z	24639.00000	1555.06004	1538.03963	1524.94562
2025-08-12T13:54:37Z	24639.00000	1555.06047	1538.03829	1524.94636
2025-08-12T13:54:37Z	24639.00000	1555.06017	1538.03711	1524.94645
2025-08-12T13:54:37Z	24639.00000	1555.06070	1538.03791	1524.94591
2025-08-12T13:54:38Z	24639.00000	1555.06009	1538.03899	1524.94607
2025-08-12T13:54:38Z	24639.00000	1555.06024	1538.03885	1524.94592
2025-08-12T13:54:38Z	24639.00000	1555.06009	1538.03727	1524.94604
2025-08-12T13:54:38Z	24639.00000	1555.28029	1538.40517	1524.93658
2025-08-12T13:54:38Z	24640.00000	1555.41274	1538.64763	1524.95066
2025-08-12T13:54:38Z	24640.00000	1555.54882	1538.87071	1524.95058
2025-08-12T13:54:38Z	24640.00000	1555.66977	1539.08112	1524.94467
2025-08-12T13:54:38Z	24640.00000	1555.80295	1539.30914	1524.94916
2025-08-12T13:54:38Z	24640.00000	1555.90760	1539.49276	1524.94415
2025-08-12T13:54:38Z	24640.00000	1556.00921	1539.66523	1524.94529
2025-08-12T13:54:39Z	24640.00000	1556.13594	1539.87964	1524.94869
2025-08-12T13:54:39Z	24640.00000	1556.30391	1540.15475	1524.94855
2025-08-12T13:54:39Z	24640.00000	1556.40220	1540.31773	1524.95096
2025-08-12T13:54:39Z	24641.00000	1556.49504	1540.46642	1524.95315
2025-08-12T13:54:39Z	24641.00000	1556.55719	1540.57422	1524.95429
2025-08-12T13:54:39Z	24641.00000	1556.65674	1540.73174	1524.95551
2025-08-12T13:54:39Z	24641.00000	1556.71704	1540.82842	1524.95669
2025-08-12T13:54:40Z	24641.00000	1556.79343	1540.95390	1524.95739
2025-08-12T13:54:40Z	24641.00000	1556.82782	1541.00703	1524.95905
2025-08-12T13:54:40Z	24641.00000	1556.87134	1541.08639	1524.96013
2025-08-12T13:54:40Z	24641.00000	1556.92592	1541.17253	1524.96164
2025-08-12T13:54:40Z	24642.00000	1556.98393	1541.27048	1524.96120
2025-08-12T13:54:40Z	24642.00000	1557.01614	1541.31900	1524.96306
2025-08-12T13:54:40Z	24642.00000	1557.03620	1541.34648	1524.96229
2025-08-12T13:54:40Z	24642.00000	1557.05212	1541.37749	1524.96366
2025-08-12T13:54:41Z	24642.00000	1557.08335	1541.42011	1524.96454
2025-08-12T13:54:41Z	24642.00000	1557.09805	1541.45825	1524.96453
2025-08-12T13:54:41Z	24642.00000	1557.11393	1541.48224	1524.96502
2025-08-12T13:54:41Z	24642.00000	1557.12813	1541.49779	1524.96482
2025-08-12T13:54:41Z	24643.00000	1557.13275	1541.50415	1524.96435
2025-08-12T13:54:41Z	24643.00000	1557.13844	1541.51171	1524.96501
2025-08-12T13:54:41Z	24643.00000	1557.14240	1541.51894	1524.96467
2025-08-12T13:54:41Z	24643.00000	1557.14438	1541.52120	1524.96615
2025-08-12T13:54:42Z	24643.00000	1557.14871	1541.52571	1524.96544
2025-08-12T13:54:42Z	24643.00000	1555.36388	1538.50519	1524.94015
2025-08-12T13:54:42Z	24643.00000	1555.11941	1538.13947	1524.93347
2025-08-12T13:54:42Z	24643.00000	1555.08103	1538.07656	1524.94547
2025-08-12T13:54:42Z	24644.00000	1555.07989	1538.07470	1524.94782
2025-08-12T13:54:42Z	24644.00000	1555.07802	1538.07067	1524.94830
2025-08-12T13:54:42Z	24644.00000	1555.07573	1538.06627	1524.94655
2025-08-12T13:54:42Z	24644.00000	1555.07465	1538.06281	1524.94686
2025-08-12T13:54:43Z	24644.00000	1555.07253	1538.06070	1524.94667
2025-08-12T13:54:43Z	24644.00000	1555.07207	1538.05960	1524.94697
2025-08-12T13:54:43Z	24644.00000	1555.07070	1538.05534	1524.94677
2025-08-12T13:54:43Z	24645.00000	1555.06940	1538.05567	1524.94712
2025-08-12T13:54:43Z	24645.00000	1555.06928	1538.05507	1524.94687
2025-08-12T13:54:43Z	24645.00000	1555.06913	1538.05367	1524.94490
2025-08-12T13:54:43Z	24645.00000	1555.06916	1538.05481	1524.94819
2025-08-12T13:54:43Z	24645.00000	1555.06858	1538.05302	1524.94590
2025-08-12T13:54:44Z	24645.00000	1555.06761	1538.05335	1524.94644
2025-08-12T13:54:44Z	24645.00000	1555.06790	1538.05297	1524.94713
2025-08-12T13:54:44Z	24645.00000	1555.06746	1538.05131	1524.94639
2025-08-12T13:54:44Z	24645.00000	1555.06666	1538.04960	1524.94639
2025-08-12T13:54:44Z	24645.00000	1555.06634	1538.05052	1524.94669
2025-08-12T13:54:44Z	24646.00000	1555.06625	1538.04963	1524.94678
2025-08-12T13:54:44Z	24646.00000	1555.06591	1538.04942	1524.94674
2025-08-12T13:54:44Z	24646.00000	1555.06554	1538.04905	1524.94679
2025-08-12T13:54:44Z	24646.00000	1555.06529	1538.05081	1524.94625
2025-08-12T13:54:44Z	24646.00000	1555.06465	1538.04885	1524.94622
2025-08-12T13:54:45Z	24646.00000	1555.06470	1538.04764	1524.94656
2025-08-12T13:54:45Z	24646.00000	1555.06424	1538.04761	1524.94629
2025-08-12T13:54:45Z	24646.00000	1555.06397	1538.04709	1524.94645
2025-08-12T13:54:45Z	24646.00000	1555.06380	1538.04696	1524.94624
2025-08-12T13:54:45Z	24646.00000	1555.06395	1538.04734	1524.94658
2025-08-12T13:54:45Z	24647.00000	1555.06327	1538.04780	1524.94608
2025-08-12T13:54:45Z	24647.00000	1555.06322	1538.04569	1524.94619
2025-08-12T13:54:45Z	24647.00000	1555.06312	1538.04543	1524.94623
2025-08-12T13:54:45Z	24647.00000	1555.06325	1538.04397	1524.94632
2025-08-12T13:54:46Z	24647.00000	1555.06295	1538.04457	1524.94637
2025-08-12T13:54:46Z	24647.00000	1555.06262	1538.04535	1524.94607
2025-08-12T13:54:46Z	24647.00000	1555.06248	1538.04273	1524.94580
2025-08-12T13:54:46Z	24647.00000	1555.06211	1538.04277	1524.94546
2025-08-12T13:54:46Z	24647.00000	1555.06172	1538.04251	1524.94620
2025-08-12T13:54:46Z	24648.00000	1555.06225	1538.04269	1524.94649
2025-08-12T13:54:46Z	24648.00000	1555.06152	1538.04178	1524.94558
2025-08-12T13:54:46Z	24648.00000	1555.06163	1538.04243	1524.94616
2025-08-12T13:54:47Z	24648.00000	1555.06136	1538.04160	1524.94661
2025-08-12T13:54:47Z	24648.00000	1555.06142	1538.04184	1524.94570
2025-08-12T13:54:47Z	24648.00000	1555.06108	1538.04141	1524.94537
2025-08-12T13:54:47Z	24648.00000	1555.06106	1538.03970	1524.94565
2025-08-12T13:54:47Z	24648.00000	1555.19157	1538.27476	1524.96008
2025-08-12T13:54:47Z	24649.00000	1555.32526	1538.48366	1524.93916
2025-08-12T13:54:47Z	24649.00000	1555.46150	1538.72307	1524.94962
2025-08-12T13:54:47Z	24649.00000	1555.59105	1538.94555	1524.94795
2025-08-12T13:54:47Z	24649.00000	1555.77163	1539.25708	1524.94826
2025-08-12T13:54:47Z	24649.00000	1555.89722	1539.47324	1524.94773
2025-08-12T13:54:48Z	24649.00000	1555.98383	1539.61772	1524.94470
2025-08-12T13:54:48Z	24649.00000	1556.09022	1539.80363	1524.94586
2025-08-12T13:54:48Z	24649.00000	1556.24936	1540.06567	1524.94892
2025-08-12T13:54:48Z	24649.00000	1556.31716	1540.17637	1524.95010
2025-08-12T13:54:48Z	24650.00000	1556.39055	1540.29518	1524.95076
2025-08-12T13:54:48Z	24650.00000	1556.48746	1540.45209	1524.95238
2025-08-12T13:54:48Z	24650.00000	1556.53941	1540.53862	1524.95278
2025-08-12T13:54:48Z	24650.00000	1556.60981	1540.64699	1524.95401
2025-08-12T13:54:48Z	24650.00000	1556.69911	1540.79293	1524.95595
2025-08-12T13:54:49Z	24650.00000	1556.76353	1540.90645	1524.95721
2025-08-12T13:54:49Z	24650.00000	1556.82575	1541.00120	1524.95796
2025-08-12T13:54:49Z	24650.00000	1556.86661	1541.05802	1524.95882
2025-08-12T13:54:49Z	24650.00000	1556.89312	1541.11623	1524.95897
2025-08-12T13:54:49Z	24650.00000	1556.92071	1541.15854	1524.96064
2025-08-12T13:54:49Z	24651.00000	1556.97331	1541.23239	1524.96060
2025-08-12T13:54:49Z	24651.00000	1556.99384	1541.27682	1524.96182
2025-08-12T13:54:49Z	24651.00000	1557.02059	1541.31881	1524.96224
2025-08-12T13:54:50Z	24651.00000	1557.06200	1541.38539	1524.96225
2025-08-12T13:54:50Z	24651.00000	1557.07670	1541.39863	1524.96260
2025-08-12T13:54:50Z	24651.00000	1557.09033	1541.42514	1524.96395
2025-08-12T13:54:50Z	24651.00000	1557.10372	1541.45775	1524.96469
2025-08-12T13:54:50Z	24651.00000	1557.11285	1541.46953	1524.96488
2025-08-12T13:54:50Z	24651.00000	1557.11965	1541.48402	1524.96452
2025-08-12T13:54:50Z	24652.00000	1557.13045	1541.49328	1524.96413
2025-08-12T13:54:50Z	24652.00000	1557.13613	1541.50220	1524.96394
2025-08-12T13:54:50Z	24652.00000	1557.14329	1541.51038	1524.96444
2025-08-12T13:54:50Z	24652.00000	1557.14626	1541.51681	1524.96440
2025-08-12T13:54:51Z	24652.00000	1557.14950	1541.52054	1524.96474
2025-08-12T13:54:51Z	24652.00000	1557.15255	1541.52489	1524.96547
2025-08-12T13:54:51Z	24652.00000	1557.15376	1541.53012	1524.96460
2025-08-12T13:54:51Z	24652.00000	1555.23277	1538.32434	1524.93463
2025-08-12T13:54:51Z	24652.00000	1555.10458	1538.10035	1524.94886
2025-08-12T13:54:51Z	24652.00000	1555.08637	1538.08479	1524.94978
2025-08-12T13:54:51Z	24653.00000	1555.08313	1538.08021	1524.94843
2025-08-12T13:54:51Z	24653.00000	1555.08009	1538.07458	1524.94701
2025-08-12T13:54:51Z	24653.00000	1555.07850	1538.07099	1524.94728
2025-08-12T13:54:51Z	24653.00000	1555.07705	1538.06936	1524.94703
2025-08-12T13:54:52Z	24653.00000	1555.07639	1538.06645	1524.94634
2025-08-12T13:54:52Z	24653.00000	1555.07415	1538.06270	1524.94683
2025-08-12T13:54:52Z	24653.00000	1555.07349	1538.06139	1524.94660
2025-08-12T13:54:52Z	24653.00000	1555.07280	1538.06162	1524.94674
2025-08-12T13:54:52Z	24654.00000	1555.07318	1538.06175	1524.94648
2025-08-12T13:54:52Z	24654.00000	1555.07107	1538.05798	1524.94671
2025-08-12T13:54:52Z	24654.00000	1555.07117	1538.05794	1524.94644
2025-08-12T13:54:52Z	24654.00000	1555.07101	1538.05816	1524.94899
2025-08-12T13:54:52Z	24654.00000	1555.06975	1538.05753	1524.94783
2025-08-12T13:54:52Z	24654.00000	1555.06895	1538.05674	1524.94805
2025-08-12T13:54:53Z	24654.00000	1555.06977	1538.05478	1524.94649
2025-08-12T13:54:53Z	24654.00000	1555.06841	1538.05481	1524.94660
2025-08-12T13:54:53Z	24654.00000	1555.06910	1538.05344	1524.94610
2025-08-12T13:54:53Z	24654.00000	1555.06858	1538.05353	1524.94664
2025-08-12T13:54:53Z	24655.00000	1555.06810	1538.05251	1524.94677
2025-08-12T13:54:53Z	24655.00000	1555.06802	1538.05253	1524.94647
2025-08-12T13:54:53Z	24655.00000	1555.06819	1538.05201	1524.94665
2025-08-12T13:54:53Z	24655.00000	1555.06756	1538.05180	1524.94671
2025-08-12T13:54:53Z	24655.00000	1555.06674	1538.05102	1524.94676
2025-08-12T13:54:54Z	24655.00000	1555.06697	1538.05060	1524.94645
2025-08-12T13:54:54Z	24655.00000	1555.06670	1538.05122	1524.94653
2025-08-12T13:54:54Z	24655.00000	1555.06650	1538.04848	1524.94641
2025-08-12T13:54:54Z	24655.00000	1555.06568	1538.04945	1524.94639
2025-08-12T13:54:54Z	24655.00000	1555.06581	1538.05008	1524.94679
2025-08-12T13:54:54Z	24656.00000	1555.06564	1538.05079	1524.94640
2025-08-12T13:54:54Z	24656.00000	1555.06502	1538.04819	1524.94639
2025-08-12T13:54:54Z	24656.00000	1555.06506	1538.04806	1524.94642
2025-08-12T13:54:54Z	24656.00000	1555.06456	1538.04879	1524.94640
2025-08-12T13:54:55Z	24656.00000	1555.06413	1538.04788	1524.94642
2025-08-12T13:54:55Z	24656.00000	1555.06396	1538.04744	1524.94613
2025-08-12T13:54:55Z	24656.00000	1555.06353	1538.04758	1524.94599
2025-08-12T13:54:55Z	24656.00000	1555.06341	1538.04799	1524.94650
2025-08-12T13:54:55Z	24657.00000	1555.06337	1538.04558	1524.94614
2025-08-12T13:54:55Z	24657.00000	1555.06380	1538.04673	1524.94653
2025-08-12T13:54:55Z	24657.00000	1555.06349	1538.04519	1524.94617
2025-08-12T13:54:55Z	24657.00000	1555.06370	1538.04571	1524.94663
2025-08-12T13:54:55Z	24657.00000	1555.06285	1538.04542	1524.94593
2025-08-12T13:54:56Z	24657.00000	1555.06237	1538.04556	1524.94657
2025-08-12T13:54:56Z	24657.00000	1555.06282	1538.04444	1524.94595
2025-08-12T13:54:56Z	24657.00000	1555.06272	1538.04391	1524.94675
2025-08-12T13:54:56Z	24657.00000	1555.06253	1538.04302	1524.94653
2025-08-12T13:54:56Z	24657.00000	1555.22518	1538.31028	1524.93996
2025-08-12T13:54:56Z	24658.00000	1555.37009	1538.56757	1524.94076
2025-08-12T13:54:56Z	24658.00000	1555.50836	1538.79924	1524.95141
2025-08-12T13:54:56Z	24658.00000	1555.63416	1539.01905	1524.94940
2025-08-12T13:54:56Z	24658.00000	1555.76636	1539.25318	1524.94754
2025-08-12T13:54:56Z	24658.00000	1555.87718	1539.43900	1524.94713
2025-08-12T13:54:56Z	24658.00000	1555.98266	1539.61500	1524.94399
2025-08-12T13:54:57Z	24658.00000	1556.09229	1539.80459	1524.94721
2025-08-12T13:54:57Z	24658.00000	1556.18506	1539.95371	1524.94671
2025-08-12T13:54:57Z	24658.00000	1556.28394	1540.11440	1524.94845
2025-08-12T13:54:57Z	24658.00000	1556.36165	1540.24380	1524.94889
2025-08-12T13:54:57Z	24658.00000	1556.44355	1540.38165	1524.95067
2025-08-12T13:54:57Z	24659.00000	1556.52468	1540.50310	1524.95350
2025-08-12T13:54:57Z	24659.00000	1556.57543	1540.59047	1524.95417
2025-08-12T13:54:57Z	24659.00000	1556.64703	1540.69734	1524.95496
2025-08-12T13:54:57Z	24659.00000	1556.70587	1540.80690	1524.95547
2025-08-12T13:54:58Z	24659.00000	1556.75695	1540.88037	1524.95801
2025-08-12T13:54:58Z	24659.00000	1556.80543	1540.96541	1524.95769
2025-08-12T13:54:58Z	24659.00000	1556.86030	1541.04626	1524.95722
2025-08-12T13:54:58Z	24659.00000	1556.89848	1541.12492	1524.95952
2025-08-12T13:54:58Z	24659.00000	1556.92709	1541.16589	1524.95989
2025-08-12T13:54:58Z	24660.00000	1556.95705	1541.20756	1524.95855
2025-08-12T13:54:58Z	24660.00000	1556.98738	1541.26667	1524.96127
2025-08-12T13:54:58Z	24660.00000	1557.01217	1541.30039	1524.96201
2025-08-12T13:54:58Z	24660.00000	1557.03572	1541.33879	1524.96254
2025-08-12T13:54:58Z	24660.00000	1557.05375	1541.36805	1524.96297
2025-08-12T13:54:59Z	24660.00000	1557.07216	1541.39310	1524.96284
2025-08-12T13:54:59Z	24660.00000	1557.08577	1541.41533	1524.96370
2025-08-12T13:54:59Z	24660.00000	1557.09919	1541.45125	1524.96308
2025-08-12T13:54:59Z	24660.00000	1557.10804	1541.46308	1524.96348
2025-08-12T13:54:59Z	24660.00000	1557.11800	1541.47992	1524.96367
2025-08-12T13:54:59Z	24661.00000	1557.12931	1541.49473	1524.96406
2025-08-12T13:54:59Z	24661.00000	1557.13734	1541.50310	1524.96516
2025-08-12T13:54:59Z	24661.00000	1557.14313	1541.51300	1524.96436
2025-08-12T13:54:59Z	24661.00000	1557.14809	1541.51812	1524.96454
2025-08-12T13:54:59Z	24661.00000	1557.15271	1541.52412	1524.96474
2025-08-12T13:55:00Z	24661.00000	1557.15504	1541.53056	1524.96415
2025-08-12T13:55:00Z	24661.00000	1555.36825	1538.58415	1524.97915
2025-08-12T13:55:00Z	24661.00000	1555.16296	1538.23033	1524.94127
2025-08-12T13:55:00Z	24661.00000	1555.08553	1538.08445	1524.94150
2025-08-12T13:55:00Z	24662.00000	1555.08431	1538.08159	1524.94599
2025-08-12T13:55:00Z	24662.00000	1555.08172	1538.07748	1524.94672
2025-08-12T13:55:00Z	24662.00000	1555.07996	1538.07386	1524.94582
2025-08-12T13:55:00Z	24662.00000	1555.07841	1538.07234	1524.94644
2025-08-12T13:55:00Z	24662.00000	1555.07847	1538.07110	1524.94699
2025-08-12T13:55:00Z	24662.00000	1555.07725	1538.06898	1524.94661
2025-08-12T13:55:01Z	24662.00000	1555.07625	1538.06391	1524.94631
2025-08-12T13:55:01Z	24662.00000	1555.07520	1538.06372	1524.94663
2025-08-12T13:55:01Z	24662.00000	1555.07439	1538.06197	1524.94677
2025-08-12T13:55:01Z	24662.00000	1555.07422	1538.06233	1524.94739
2025-08-12T13:55:01Z	24662.00000	1555.07332	1538.06057	1524.94653
2025-08-12T13:55:01Z	24663.00000	1555.07301	1538.06093	1524.94666
2025-08-12T13:55:01Z	24663.00000	1555.07224	1538.06095	1524.94883
2025-08-12T13:55:01Z	24663.00000	1555.07081	1538.05864	1524.94562
2025-08-12T13:55:01Z	24663.00000	1555.07083	1538.05766	1524.94645
2025-08-12T13:55:01Z	24663.00000	1555.06921	1538.05724	1524.94605
2025-08-12T13:55:02Z	24663.00000	1555.07000	1538.05617	1524.94708
2025-08-12T13:55:02Z	24663.00000	1555.06918	1538.05640	1524.94632
2025-08-12T13:55:02Z	24663.00000	1555.06937	1538.05549	1524.94666
2025-08-12T13:55:02Z	24663.00000	1555.06927	1538.05448	1524.94688
2025-08-12T13:55:02Z	24664.00000	1555.06904	1538.05396	1524.94662
2025-08-12T13:55:02Z	24664.00000	1555.06892	1538.05362	1524.94684
2025-08-12T13:55:02Z	24664.00000	1555.06878	1538.05404	1524.94671
2025-08-12T13:55:02Z	24664.00000	1555.06819	1538.05195	1524.94820
2025-08-12T13:55:02Z	24664.00000	1555.06799	1538.05117	1524.94589
2025-08-12T13:55:02Z	24664.00000	1555.06734	1538.05258	1524.94651
2025-08-12T13:55:03Z	24664.00000	1555.06818	1538.05217	1524.94743
2025-08-12T13:55:03Z	24664.00000	1555.06730	1538.05170	1524.94669
2025-08-12T13:55:03Z	24664.00000	1555.06663	1538.05143	1524.94655
2025-08-12T13:55:03Z	24664.00000	1555.06653	1538.04985	1524.94660
2025-08-12T13:55:03Z	24665.00000	1555.06649	1538.05008	1524.94631
2025-08-12T13:55:03Z	24665.00000	1555.06626	1538.04915	1524.94619
2025-08-12T13:55:03Z	24665.00000	1555.06531	1538.04951	1524.94660
2025-08-12T13:55:03Z	24665.00000	1555.06570	1538.04950	1524.94652
2025-08-12T13:55:04Z	24665.00000	1555.06526	1538.04823	1524.94637
2025-08-12T13:55:04Z	24665.00000	1555.06479	1538.04846	1524.94697
2025-08-12T13:55:04Z	24665.00000	1555.06435	1538.04899	1524.94599
2025-08-12T13:55:04Z	24665.00000	1555.06510	1538.04893	1524.94626
2025-08-12T13:55:04Z	24665.00000	1555.06492	1538.04975	1524.94757
2025-08-12T13:55:04Z	24666.00000	1555.06415	1538.04776	1524.94546
2025-08-12T13:55:04Z	24666.00000	1555.06439	1538.04748	1524.94653
2025-08-12T13:55:04Z	24666.00000	1555.06371	1538.04660	1524.94597
2025-08-12T13:55:04Z	24666.00000	1555.06415	1538.04648	1524.94625
2025-08-12T13:55:04Z	24666.00000	1555.06312	1538.04803	1524.94608
2025-08-12T13:55:05Z	24666.00000	1555.06374	1538.04605	1524.94627
2025-08-12T13:55:05Z	24666.00000	1555.06342	1538.04628	1524.94593
2025-08-12T13:55:05Z	24666.00000	1555.06355	1538.04562	1524.94629
2025-08-12T13:55:05Z	24666.00000	1555.06872	1538.07513	1524.94457
2025-08-12T13:55:05Z	24666.00000	1555.28501	1538.40472	1524.93290
2025-08-12T13:55:05Z	24666.00000	1555.44901	1538.68827	1524.94074
2025-08-12T13:55:05Z	24667.00000	1555.59517	1538.95013	1524.94918
2025-08-12T13:55:05Z	24667.00000	1555.73442	1539.19101	1524.94909
2025-08-12T13:55:05Z	24667.00000	1555.82913	1539.34664	1524.94198
2025-08-12T13:55:05Z	24667.00000	1555.95316	1539.55406	1524.94390
2025-08-12T13:55:06Z	24667.00000	1556.08045	1539.77566	1524.94586
2025-08-12T13:55:06Z	24667.00000	1556.18805	1539.95571	1524.94634
2025-08-12T13:55:06Z	24667.00000	1556.26903	1540.09741	1524.94915
2025-08-12T13:55:06Z	24667.00000	1556.33934	1540.20617	1524.94830
2025-08-12T13:55:06Z	24667.00000	1556.39925	1540.30387	1524.95009
2025-08-12T13:55:06Z	24668.00000	1556.47370	1540.42226	1524.95136
2025-08-12T13:55:06Z	24668.00000	1556.54841	1540.54611	1524.95256
2025-08-12T13:55:06Z	24668.00000	1556.60916	1540.64089	1524.95422
2025-08-12T13:55:06Z	24668.00000	1556.66958	1540.74002	1524.95603
2025-08-12T13:55:06Z	24668.00000	1556.72749	1540.83431	1524.95728
2025-08-12T13:55:07Z	24668.00000	1556.77918	1540.92459	1524.95761
2025-08-12T13:55:07Z	24668.00000	1556.83361	1541.00741	1524.95799
2025-08-12T13:55:07Z	24668.00000	1556.87126	1541.06469	1524.95829
2025-08-12T13:55:07Z	24668.00000	1556.90564	1541.13146	1524.95876
2025-08-12T13:55:07Z	24668.00000	1556.94242	1541.18737	1524.96068
2025-08-12T13:55:07Z	24669.00000	1556.97004	1541.22093	1524.95995
2025-08-12T13:55:07Z	24669.00000	1556.99710	1541.27946	1524.96014
2025-08-12T13:55:07Z	24669.00000	1557.02059	1541.31107	1524.96213
2025-08-12T13:55:07Z	24669.00000	1557.03981	1541.34155	1524.96221
2025-08-12T13:55:07Z	24669.00000	1557.05775	1541.37357	1524.96245
2025-08-12T13:55:07Z	24669.00000	1557.07752	1541.39928	1524.96217
2025-08-12T13:55:08Z	24669.00000	1557.08954	1541.42014	1524.96245
2025-08-12T13:55:08Z	24669.00000	1557.10308	1541.45483	1524.96292
2025-08-12T13:55:08Z	24669.00000	1557.11446	1541.47144	1524.96344
2025-08-12T13:55:08Z	24669.00000	1557.12287	1541.48650	1524.96415
2025-08-12T13:55:08Z	24669.00000	1557.13470	1541.49442	1524.96309
2025-08-12T13:55:08Z	24670.00000	1557.14188	1541.50420	1524.96459
2025-08-12T13:55:08Z	24670.00000	1557.14641	1541.51301	1524.96392
2025-08-12T13:55:08Z	24670.00000	1557.15021	1541.52033	1524.96484
2025-08-12T13:55:08Z	24670.00000	1557.15414	1541.52282	1524.96369
2025-08-12T13:55:09Z	24670.00000	1557.15660	1541.52688	1524.96431
2025-08-12T13:55:09Z	24670.00000	1557.15891	1541.52930	1524.96506
2025-08-12T13:55:09Z	24670.00000	1555.36675	1538.52712	1524.95038
2025-08-12T13:55:09Z	24670.00000	1555.11600	1538.12163	1524.95696
2025-08-12T13:55:09Z	24670.00000	1555.08177	1538.08223	1524.94523
2025-08-12T13:55:09Z	24671.00000	1555.08296	1538.07990	1524.94628
2025-08-12T13:55:09Z	24671.00000	1555.08098	1538.07503	1524.94551
2025-08-12T13:55:09Z	24671.00000	1555.08023	1538.07311	1524.94608
2025-08-12T13:55:09Z	24671.00000	1555.07897	1538.07127	1524.94543
2025-08-12T13:55:09Z	24671.00000	1555.07833	1538.06957	1524.94620
2025-08-12T13:55:10Z	24671.00000	1555.07764	1538.06807	1524.94677
2025-08-12T13:55:10Z	24671.00000	1555.07587	1538.06660	1524.94674
2025-08-12T13:55:10Z	24671.00000	1555.07499	1538.06443	1524.94693
2025-08-12T13:55:10Z	24671.00000	1555.07480	1538.06394	1524.94651
2025-08-12T13:55:10Z	24671.00000	1555.07487	1538.06275	1524.94702
2025-08-12T13:55:10Z	24672.00000	1555.07313	1538.06139	1524.94658
2025-08-12T13:55:10Z	24672.00000	1555.07323	1538.06169	1524.94758
2025-08-12T13:55:10Z	24672.00000	1555.07191	1538.06010	1524.94632
2025-08-12T13:55:10Z	24672.00000	1555.07100	1538.05705	1524.94585
2025-08-12T13:55:10Z	24672.00000	1555.07094	1538.05605	1524.94725
2025-08-12T13:55:11Z	24672.00000	1555.07139	1538.05846	1524.94759
2025-08-12T13:55:11Z	24672.00000	1555.07103	1538.05779	1524.94670
2025-08-12T13:55:11Z	24672.00000	1555.07034	1538.05669	1524.94643
2025-08-12T13:55:11Z	24672.00000	1555.06947	1538.05633	1524.94650
2025-08-12T13:55:11Z	24672.00000	1555.06907	1538.05615	1524.94707
2025-08-12T13:55:11Z	24673.00000	1555.06884	1538.05422	1524.94642
2025-08-12T13:55:11Z	24673.00000	1555.06887	1538.05436	1524.94621
2025-08-12T13:55:11Z	24673.00000	1555.06929	1538.05360	1524.94656
2025-08-12T13:55:11Z	24673.00000	1555.06832	1538.05304	1524.94694
2025-08-12T13:55:11Z	24673.00000	1555.06789	1538.05219	1524.94647
2025-08-12T13:55:12Z	24673.00000	1555.06885	1538.05200	1524.94660
2025-08-12T13:55:12Z	24673.00000	1555.06832	1538.05292	1524.94667
2025-08-12T13:55:12Z	24673.00000	1555.06805	1538.05201	1524.94653
2025-08-12T13:55:12Z	24673.00000	1555.06832	1538.05249	1524.94654
2025-08-12T13:55:12Z	24673.00000	1555.06798	1538.05092	1524.94690
2025-08-12T13:55:12Z	24674.00000	1555.06691	1538.05033	1524.94647
2025-08-12T13:55:12Z	24674.00000	1555.06738	1538.04932	1524.94623
2025-08-12T13:55:12Z	24674.00000	1555.06688	1538.05041	1524.94634
2025-08-12T13:55:12Z	24674.00000	1555.06678	1538.04971	1524.94625
2025-08-12T13:55:12Z	24674.00000	1555.06608	1538.05019	1524.94632
2025-08-12T13:55:12Z	24674.00000	1555.06639	1538.04979	1524.94664
2025-08-12T13:55:13Z	24674.00000	1555.06603	1538.04931	1524.94650
2025-08-12T13:55:13Z	24674.00000	1555.06527	1538.04855	1524.94609
2025-08-12T13:55:13Z	24674.00000	1555.06524	1538.04895	1524.94614
2025-08-12T13:55:13Z	24674.00000	1555.06618	1538.04975	1524.94682
2025-08-12T13:55:13Z	24675.00000	1555.06520	1538.04864	1524.94665
2025-08-12T13:55:13Z	24675.00000	1555.06537	1538.04865	1524.94655
2025-08-12T13:55:13Z	24675.00000	1555.06455	1538.04905	1524.94603
2025-08-12T13:55:13Z	24675.00000	1555.06419	1538.04812	1524.94617
2025-08-12T13:55:13Z	24675.00000	1555.06487	1538.04764	1524.94619
2025-08-12T13:55:14Z	24675.00000	1555.06427	1538.04801	1524.94567
2025-08-12T13:55:14Z	24675.00000	1555.06437	1538.04644	1524.94715
2025-08-12T13:55:14Z	24675.00000	1555.06437	1538.04697	1524.94610
2025-08-12T13:55:14Z	24675.00000	1555.06364	1538.04561	1524.94643
2025-08-12T13:55:14Z	24675.00000	1555.19345	1538.24611	1524.93409
2025-08-12T13:55:14Z	24676.00000	1555.33466	1538.50375	1524.95069
2025-08-12T13:55:14Z	24676.00000	1555.49839	1538.77836	1524.93919
2025-08-12T13:55:14Z	24676.00000	1555.60195	1538.96037	1524.94181
2025-08-12T13:55:14Z	24676.00000	1555.74121	1539.19881	1524.94996
2025-08-12T13:55:14Z	24676.00000	1555.85460	1539.38587	1524.94390
2025-08-12T13:55:15Z	24676.00000	1555.99224	1539.62414	1524.94405
2025-08-12T13:55:15Z	24676.00000	1556.07051	1539.75548	1524.94531
2025-08-12T13:55:15Z	24676.00000	1556.16494	1539.91361	1524.94594
2025-08-12T13:55:15Z	24676.00000	1556.26207	1540.07745	1524.94786
2025-08-12T13:55:15Z	24676.00000	1556.36730	1540.25084	1524.94933
2025-08-12T13:55:15Z	24677.00000	1556.44051	1540.37588	1524.95072
2025-08-12T13:55:15Z	24677.00000	1556.49999	1540.46203	1524.95158
2025-08-12T13:55:15Z	24677.00000	1556.56494	1540.56989	1524.95320
2025-08-12T13:55:15Z	24677.00000	1556.62849	1540.66017	1524.95432
2025-08-12T13:55:15Z	24677.00000	1556.68380	1540.76185	1524.95552
2025-08-12T13:55:16Z	24677.00000	1556.75838	1540.87754	1524.95603
2025-08-12T13:55:16Z	24677.00000	1556.80086	1540.95007	1524.95655
2025-08-12T13:55:16Z	24677.00000	1556.85082	1541.02670	1524.95828
2025-08-12T13:55:16Z	24677.00000	1556.89683	1541.11370	1524.95907
2025-08-12T13:55:16Z	24677.00000	1556.92361	1541.15698	1524.95901
2025-08-12T13:55:16Z	24678.00000	1556.96500	1541.21038	1524.96075
2025-08-12T13:55:16Z	24678.00000	1556.98850	1541.24968	1524.96084
2025-08-12T13:55:16Z	24678.00000	1557.01227	1541.29626	1524.96084
2025-08-12T13:55:16Z	24678.00000	1557.02999	1541.32375	1524.96200
2025-08-12T13:55:16Z	24678.00000	1557.04820	1541.35132	1524.96095
2025-08-12T13:55:16Z	24678.00000	1557.06604	1541.37760	1524.96295
2025-08-12T13:55:17Z	24678.00000	1557.08275	1541.40536	1524.96312
2025-08-12T13:55:17Z	24678.00000	1557.09866	1541.42693	1524.96274
2025-08-12T13:55:17Z	24678.00000	1557.11040	1541.46211	1524.96411
2025-08-12T13:55:17Z	24678.00000	1557.11897	1541.47714	1524.96386
2025-08-12T13:55:17Z	24679.00000	1557.13163	1541.48896	1524.96341
2025-08-12T13:55:17Z	24679.00000	1557.13985	1541.49771	1524.96373
2025-08-12T13:55:17Z	24679.00000	1557.14591	1541.50698	1524.96233
2025-08-12T13:55:17Z	24679.00000	1557.14962	1541.51470	1524.96496
2025-08-12T13:55:17Z	24679.00000	1557.15517	1541.51920	1524.96397
2025-08-12T13:55:18Z	24679.00000	1557.15587	1541.52204	1524.96380
2025-08-12T13:55:18Z	24679.00000	1557.15889	1541.52614	1524.96501
2025-08-12T13:55:18Z	24679.00000	1556.71424	1540.75123	1525.08136
2025-08-12T13:55:18Z	24679.00000	1555.21585	1538.31395	1524.95270
2025-08-12T13:55:18Z	24679.00000	1555.09137	1538.09441	1524.95031
2025-08-12T13:55:18Z	24680.00000	1555.08367	1538.08298	1524.94648
2025-08-12T13:55:18Z	24680.00000	1555.08397	1538.07991	1524.94799
2025-08-12T13:55:18Z	24680.00000	1555.08207	1538.07707	1524.94632
2025-08-12T13:55:18Z	24680.00000	1555.08042	1538.07331	1524.94795
2025-08-12T13:55:18Z	24680.00000	1555.07959	1538.07229	1524.94638
2025-08-12T13:55:19Z	24680.00000	1555.07927	1538.06987	1524.94719
2025-08-12T13:55:19Z	24680.00000	1555.07797	1538.06732	1524.94677
2025-08-12T13:55:19Z	24680.00000	1555.07703	1538.06655	1524.94652
2025-08-12T13:55:19Z	24680.00000	1555.07592	1538.06740	1524.94690
2025-08-12T13:55:19Z	24680.00000	1555.07486	1538.06252	1524.94696
2025-08-12T13:55:19Z	24681.00000	1555.07377	1538.06269	1524.94695
2025-08-12T13:55:19Z	24681.00000	1555.07459	1538.06224	1524.94698
2025-08-12T13:55:19Z	24681.00000	1555.07328	1538.06196	1524.94686
2025-08-12T13:55:19Z	24681.00000	1555.07228	1538.05966	1524.94486
2025-08-12T13:55:19Z	24681.00000	1555.07333	1538.06002	1524.94691
2025-08-12T13:55:20Z	24681.00000	1555.07266	1538.05923	1524.94632
2025-08-12T13:55:20Z	24681.00000	1555.07176	1538.05792	1524.94656
2025-08-12T13:55:20Z	24681.00000	1555.07131	1538.05758	1524.94637
2025-08-12T13:55:20Z	24681.00000	1555.07129	1538.05751	1524.94714
2025-08-12T13:55:20Z	24681.00000	1555.07063	1538.05777	1524.94679
2025-08-12T13:55:20Z	24682.00000	1555.07013	1538.05493	1524.94692
2025-08-12T13:55:20Z	24682.00000	1555.06950	1538.05434	1524.94669
2025-08-12T13:55:20Z	24682.00000	1555.07014	1538.05473	1524.94683
2025-08-12T13:55:20Z	24682.00000	1555.06775	1538.05500	1524.94725
2025-08-12T13:55:20Z	24682.00000	1555.06891	1538.05548	1524.94671
2025-08-12T13:55:21Z	24682.00000	1555.06889	1538.05411	1524.94673
2025-08-12T13:55:21Z	24682.00000	1555.06904	1538.05306	1524.94673
2025-08-12T13:55:21Z	24682.00000	1555.06914	1538.05495	1524.94670
2025-08-12T13:55:21Z	24682.00000	1555.06861	1538.05218	1524.94647
2025-08-12T13:55:21Z	24683.00000	1555.06859	1538.05101	1524.94682
2025-08-12T13:55:21Z	24683.00000	1555.06779	1538.05202	1524.94659
2025-08-12T13:55:21Z	24683.00000	1555.06783	1538.05135	1524.94698
2025-08-12T13:55:21Z	24683.00000	1555.06754	1538.05110	1524.94658
2025-08-12T13:55:21Z	24683.00000	1555.06721	1538.05058	1524.94649
2025-08-12T13:55:22Z	24683.00000	1555.06698	1538.05000	1524.94674
2025-08-12T13:55:22Z	24683.00000	1555.06653	1538.04922	1524.94604
2025-08-12T13:55:22Z	24683.00000	1555.06641	1538.05026	1524.94632
2025-08-12T13:55:22Z	24684.00000	1555.06599	1538.04883	1524.94657
2025-08-12T13:55:22Z	24684.00000	1555.06580	1538.04969	1524.94691
2025-08-12T13:55:22Z	24684.00000	1555.06562	1538.04956	1524.94664
2025-08-12T13:55:22Z	24684.00000	1555.06581	1538.04833	1524.94689
2025-08-12T13:55:22Z	24684.00000	1555.06477	1538.04926	1524.94615
2025-08-12T13:55:22Z	24684.00000	1555.06482	1538.04823	1524.94589
2025-08-12T13:55:23Z	24684.00000	1555.06485	1538.04956	1524.94633
2025-08-12T13:55:23Z	24684.00000	1555.06491	1538.04869	1524.94632
2025-08-12T13:55:23Z	24684.00000	1555.06456	1538.04727	1524.94628
2025-08-12T13:55:23Z	24684.00000	1555.23139	1538.31837	1524.93772
2025-08-12T13:55:23Z	24685.00000	1555.53344	1538.83759	1524.94010
2025-08-12T13:55:23Z	24685.00000	1555.79572	1539.28754	1524.94106
2025-08-12T13:55:23Z	24685.00000	1555.90052	1539.47213	1524.94512
2025-08-12T13:55:24Z	24685.00000	1556.11805	1539.83499	1524.94613
2025-08-12T13:55:24Z	24685.00000	1556.21877	1540.01189	1524.94686
2025-08-12T13:55:24Z	24685.00000	1556.30492	1540.13836	1524.94856
2025-08-12T13:55:24Z	24685.00000	1556.41417	1540.32286	1524.95045
2025-08-12T13:55:24Z	24686.00000	1556.47718	1540.41942	1524.95239
2025-08-12T13:55:24Z	24686.00000	1556.53034	1540.50256	1524.95242
2025-08-12T13:55:24Z	24686.00000	1556.65224	1540.69662	1524.95458
2025-08-12T13:55:24Z	24686.00000	1556.76264	1540.88212	1524.95691
2025-08-12T13:55:25Z	24686.00000	1556.81883	1540.97453	1524.95722
2025-08-12T13:55:25Z	24686.00000	1556.89470	1541.10942	1524.95936
2025-08-12T13:55:25Z	24686.00000	1556.92880	1541.15984	1524.95957
2025-08-12T13:55:25Z	24687.00000	1556.99529	1541.26872	1524.96122
2025-08-12T13:55:25Z	24687.00000	1557.01836	1541.30281	1524.96182
2025-08-12T13:55:25Z	24687.00000	1557.06017	1541.36764	1524.96240
2025-08-12T13:55:25Z	24687.00000	1557.07868	1541.39092	1524.96270
2025-08-12T13:55:26Z	24687.00000	1557.10723	1541.43333	1524.96327
2025-08-12T13:55:26Z	24687.00000	1557.11791	1541.47028	1524.96367
2025-08-12T13:55:26Z	24687.00000	1557.13099	1541.48302	1524.96348
2025-08-12T13:55:26Z	24688.00000	1557.14511	1541.49790	1524.96412
2025-08-12T13:55:26Z	24688.00000	1557.14828	1541.50963	1524.96494
2025-08-12T13:55:26Z	24688.00000	1557.15460	1541.51495	1524.96347
2025-08-12T13:55:26Z	24688.00000	1557.15699	1541.52140	1524.96421
2025-08-12T13:55:26Z	24688.00000	1557.15902	1541.52384	1524.96377
2025-08-12T13:55:27Z	24688.00000	1557.16154	1541.52654	1524.96558
2025-08-12T13:55:27Z	24688.00000	1555.69872	1539.12130	1525.02927
2025-08-12T13:55:27Z	24688.00000	1555.16070	1538.22524	1524.95895
2025-08-12T13:55:27Z	24688.00000	1555.09122	1538.08987	1524.94690
2025-08-12T13:55:27Z	24689.00000	1555.08770	1538.08522	1524.94743
2025-08-12T13:55:27Z	24689.00000	1555.08339	1538.08143	1524.94818
2025-08-12T13:55:27Z	24689.00000	1555.08243	1538.07691	1524.94726
2025-08-12T13:55:27Z	24689.00000	1555.07987	1538.07371	1524.94613
2025-08-12T13:55:27Z	24689.00000	1555.08005	1538.07213	1524.94620
2025-08-12T13:55:28Z	24689.00000	1555.07887	1538.06983	1524.94671
2025-08-12T13:55:28Z	24689.00000	1555.07764	1538.06680	1524.94652
2025-08-12T13:55:28Z	24689.00000	1555.07547	1538.06230	1524.94699
2025-08-12T13:55:28Z	24690.00000	1555.07534	1538.06251	1524.94721
2025-08-12T13:55:28Z	24690.00000	1555.07538	1538.06224	1524.94688
2025-08-12T13:55:28Z	24690.00000	1555.07275	1538.06023	1524.94477
2025-08-12T13:55:28Z	24690.00000	1555.07297	1538.05978	1524.94613
2025-08-12T13:55:29Z	24690.00000	1555.07304	1538.06025	1524.94818
2025-08-12T13:55:29Z	24690.00000	1555.07134	1538.05767	1524.94676
2025-08-12T13:55:29Z	24690.00000	1555.07161	1538.05789	1524.94663
2025-08-12T13:55:29Z	24690.00000	1555.07112	1538.05743	1524.94706
2025-08-12T13:55:29Z	24691.00000	1555.07128	1538.05707	1524.94715
2025-08-12T13:55:29Z	24691.00000	1555.06961	1538.05389	1524.94675
2025-08-12T13:55:29Z	24691.00000	1555.06925	1538.05323	1524.94676
2025-08-12T13:55:30Z	24691.00000	1555.06954	1538.05478	1524.94690
2025-08-12T13:55:30Z	24691.00000	1555.06944	1538.05286	1524.94705
2025-08-12T13:55:30Z	24691.00000	1555.06940	1538.05327	1524.94650
2025-08-12T13:55:30Z	24692.00000	1555.06779	1538.05207	1524.94678
2025-08-12T13:55:30Z	24692.00000	1555.06865	1538.05341	1524.94668
2025-08-12T13:55:30Z	24692.00000	1555.06801	1538.05056	1524.94666
2025-08-12T13:55:30Z	24692.00000	1555.06839	1538.05092	1524.94706
2025-08-12T13:55:31Z	24692.00000	1555.06768	1538.05087	1524.94659
2025-08-12T13:55:31Z	24692.00000	1555.06653	1538.05077	1524.94655
2025-08-12T13:55:31Z	24693.00000	1555.06658	1538.05018	1524.94705
2025-08-12T13:55:31Z	24693.00000	1555.06627	1538.04921	1524.94665
2025-08-12T13:55:31Z	24693.00000	1555.06652	1538.04889	1524.94683
2025-08-12T13:55:31Z	24693.00000	1555.06541	1538.04928	1524.94639
2025-08-12T13:55:32Z	24693.00000	1555.06567	1538.04958	1524.94658
2025-08-12T13:55:32Z	24693.00000	1555.06465	1538.04985	1524.94644
2025-08-12T13:55:32Z	24693.00000	1555.06523	1538.04753	1524.94657
2025-08-12T13:55:32Z	24693.00000	1555.18001	1538.23534	1524.93666
2025-08-12T13:55:32Z	24693.00000	1555.30705	1538.45717	1524.95471
2025-08-12T13:55:32Z	24693.00000	1555.47140	1538.73813	1524.95228
2025-08-12T13:55:32Z	24694.00000	1555.62439	1538.98729	1524.94304
2025-08-12T13:55:32Z	24694.00000	1555.73914	1539.19112	1524.94927
2025-08-12T13:55:32Z	24694.00000	1555.87104	1539.40974	1524.94503
2025-08-12T13:55:33Z	24694.00000	1556.07361	1539.75442	1524.94622
2025-08-12T13:55:33Z	24694.00000	1556.16660	1539.91128	1524.94545
2025-08-12T13:55:33Z	24694.00000	1556.24996	1540.05547	1524.94897
2025-08-12T13:55:33Z	24694.00000	1556.43065	1540.35222	1524.95010
2025-08-12T13:55:33Z	24695.00000	1556.49137	1540.44086	1524.95223
2025-08-12T13:55:33Z	24695.00000	1556.56559	1540.56444	1524.95407
2025-08-12T13:55:33Z	24695.00000	1556.63188	1540.65926	1524.95382
2025-08-12T13:55:33Z	24695.00000	1556.68783	1540.75861	1524.95435
2025-08-12T13:55:33Z	24695.00000	1556.73706	1540.83465	1524.95691
2025-08-12T13:55:34Z	24695.00000	1556.79587	1540.93465	1524.95634
2025-08-12T13:55:34Z	24695.00000	1556.84007	1541.00129	1524.95789
2025-08-12T13:55:34Z	24695.00000	1556.87702	1541.06217	1524.95677
2025-08-12T13:55:34Z	24695.00000	1556.91341	1541.12725	1524.95821
2025-08-12T13:55:34Z	24695.00000	1556.94432	1541.17749	1524.95939
2025-08-12T13:55:34Z	24696.00000	1556.98344	1541.22907	1524.96052
2025-08-12T13:55:34Z	24696.00000	1557.03683	1541.32642	1524.96127
2025-08-12T13:55:34Z	24696.00000	1557.05278	1541.34999	1524.96078
2025-08-12T13:55:34Z	24696.00000	1557.06971	1541.37627	1524.96266
2025-08-12T13:55:34Z	24696.00000	1557.08377	1541.40133	1524.96294
2025-08-12T13:55:35Z	24696.00000	1557.10158	1541.42005	1524.96270
2025-08-12T13:55:35Z	24696.00000	1557.11322	1541.45962	1524.96331
2025-08-12T13:55:35Z	24696.00000	1557.12207	1541.47259	1524.96396
2025-08-12T13:55:35Z	24696.00000	1557.13851	1541.48888	1524.96309
2025-08-12T13:55:35Z	24697.00000	1557.14500	1541.50015	1524.96427
2025-08-12T13:55:35Z	24697.00000	1557.15082	1541.50764	1524.96280
2025-08-12T13:55:35Z	24697.00000	1557.15803	1541.51641	1524.96372
2025-08-12T13:55:35Z	24697.00000	1557.16101	1541.52025	1524.96394
2025-08-12T13:55:36Z	24697.00000	1557.16431	1541.52460	1524.96450
2025-08-12T13:55:36Z	24697.00000	1555.21294	1538.31325	1524.96561
2025-08-12T13:55:36Z	24697.00000	1555.09377	1538.09741	1524.95080
2025-08-12T13:55:36Z	24697.00000	1555.08925	1538.08654	1524.94651
2025-08-12T13:55:36Z	24698.00000	1555.08464	1538.08262	1524.94574
2025-08-12T13:55:36Z	24698.00000	1555.08311	1538.07894	1524.94674
2025-08-12T13:55:36Z	24698.00000	1555.08159	1538.07668	1524.94779
2025-08-12T13:55:36Z	24698.00000	1555.08021	1538.07333	1524.94638
2025-08-12T13:55:36Z	24698.00000	1555.08007	1538.07060	1524.94598
2025-08-12T13:55:36Z	24698.00000	1555.07954	1538.07011	1524.94719
2025-08-12T13:55:37Z	24698.00000	1555.07795	1538.06810	1524.94611
2025-08-12T13:55:37Z	24698.00000	1555.07697	1538.06630	1524.94699
2025-08-12T13:55:37Z	24698.00000	1555.07655	1538.06567	1524.94644
2025-08-12T13:55:37Z	24698.00000	1555.07568	1538.06524	1524.94666
2025-08-12T13:55:37Z	24699.00000	1555.07482	1538.06345	1524.94649
2025-08-12T13:55:37Z	24699.00000	1555.07378	1538.06212	1524.94620
2025-08-12T13:55:37Z	24699.00000	1555.07394	1538.06151	1524.94517
2025-08-12T13:55:37Z	24699.00000	1555.07265	1538.06160	1524.94711
2025-08-12T13:55:37Z	24699.00000	1555.07230	1538.05977	1524.94626
2025-08-12T13:55:38Z	24699.00000	1555.07216	1538.05883	1524.94656
2025-08-12T13:55:38Z	24699.00000	1555.07273	1538.05879	1524.94658
2025-08-12T13:55:38Z	24699.00000	1555.07240	1538.05830	1524.94735
2025-08-12T13:55:38Z	24699.00000	1555.07088	1538.05736	1524.94679
2025-08-12T13:55:38Z	24700.00000	1555.07183	1538.05870	1524.94723
2025-08-12T13:55:38Z	24700.00000	1555.07078	1538.05687	1524.94684
2025-08-12T13:55:38Z	24700.00000	1555.06997	1538.05608	1524.94669
2025-08-12T13:55:38Z	24700.00000	1555.07073	1538.05607	1524.94704
2025-08-12T13:55:38Z	24700.00000	1555.06938	1538.05595	1524.94677
2025-08-12T13:55:39Z	24700.00000	1555.06928	1538.05526	1524.94651
2025-08-12T13:55:39Z	24700.00000	1555.06932	1538.05403	1524.94701
2025-08-12T13:55:39Z	24700.00000	1555.06905	1538.05492	1524.94696
2025-08-12T13:55:39Z	24700.00000	1555.06879	1538.05382	1524.94660
2025-08-12T13:55:39Z	24700.00000	1555.06875	1538.05322	1524.94673
2025-08-12T13:55:39Z	24701.00000	1555.06942	1538.05171	1524.94675
2025-08-12T13:55:39Z	24701.00000	1555.06890	1538.05380	1524.94672
2025-08-12T13:55:39Z	24701.00000	1555.06870	1538.05233	1524.94665
2025-08-12T13:55:39Z	24701.00000	1555.06868	1538.05216	1524.94681
2025-08-12T13:55:39Z	24701.00000	1555.06809	1538.05258	1524.94644
2025-08-12T13:55:39Z	24701.00000	1555.06818	1538.05191	1524.94700
2025-08-12T13:55:40Z	24701.00000	1555.06782	1538.05280	1524.94665
2025-08-12T13:55:40Z	24701.00000	1555.06713	1538.05074	1524.94645
2025-08-12T13:55:40Z	24701.00000	1555.06759	1538.05092	1524.94691
2025-08-12T13:55:40Z	24701.00000	1555.06725	1538.05107	1524.94706
2025-08-12T13:55:40Z	24702.00000	1555.06706	1538.05066	1524.94716
2025-08-12T13:55:40Z	24702.00000	1555.06724	1538.05046	1524.94752
2025-08-12T13:55:40Z	24702.00000	1555.06723	1538.04998	1524.94669
2025-08-12T13:55:40Z	24702.00000	1555.06619	1538.05037	1524.94714
2025-08-12T13:55:40Z	24702.00000	1555.06632	1538.05042	1524.94669
2025-08-12T13:55:40Z	24702.00000	1555.06660	1538.04914	1524.94779
2025-08-12T13:55:41Z	24702.00000	1555.06605	1538.04969	1524.94698
2025-08-12T13:55:41Z	24702.00000	1555.06557	1538.04863	1524.94596
2025-08-12T13:55:41Z	24702.00000	1555.23411	1538.31906	1524.93737
2025-08-12T13:55:41Z	24703.00000	1555.37549	1538.57358	1524.94170
2025-08-12T13:55:41Z	24703.00000	1555.49287	1538.76280	1524.94041
2025-08-12T13:55:41Z	24703.00000	1555.66111	1539.04876	1524.94402
2025-08-12T13:55:41Z	24703.00000	1555.80004	1539.28823	1524.94161
2025-08-12T13:55:41Z	24703.00000	1555.88921	1539.44727	1524.94540
2025-08-12T13:55:42Z	24703.00000	1556.00933	1539.65087	1524.94851
2025-08-12T13:55:42Z	24703.00000	1556.08867	1539.78273	1524.94658
2025-08-12T13:55:42Z	24703.00000	1556.18103	1539.93677	1524.94905
2025-08-12T13:55:42Z	24703.00000	1556.29701	1540.12378	1524.94794
2025-08-12T13:55:42Z	24703.00000	1556.38547	1540.27257	1524.94974
2025-08-12T13:55:42Z	24704.00000	1556.44432	1540.37284	1524.95128
2025-08-12T13:55:42Z	24704.00000	1556.50300	1540.45738	1524.95204
2025-08-12T13:55:42Z	24704.00000	1556.56600	1540.56458	1524.95214
2025-08-12T13:55:42Z	24704.00000	1556.63179	1540.66156	1524.95400
2025-08-12T13:55:42Z	24704.00000	1556.70691	1540.79188	1524.95474
2025-08-12T13:55:43Z	24704.00000	1556.77245	1540.90408	1524.95548
2025-08-12T13:55:43Z	24704.00000	1556.84342	1541.00971	1524.95899
2025-08-12T13:55:43Z	24704.00000	1556.87505	1541.05762	1524.95668
2025-08-12T13:55:43Z	24704.00000	1556.90550	1541.11711	1524.95901
2025-08-12T13:55:43Z	24705.00000	1556.97082	1541.20889	1524.96048
2025-08-12T13:55:43Z	24705.00000	1556.99367	1541.24879	1524.96063
2025-08-12T13:55:43Z	24705.00000	1557.02287	1541.30214	1524.96118
2025-08-12T13:55:43Z	24705.00000	1557.03966	1541.33031	1524.96130
2025-08-12T13:55:43Z	24705.00000	1557.05868	1541.35631	1524.96211
2025-08-12T13:55:43Z	24705.00000	1557.07538	1541.38269	1524.96309
2025-08-12T13:55:44Z	24705.00000	1557.08987	1541.40848	1524.96205
2025-08-12T13:55:44Z	24705.00000	1557.10573	1541.43091	1524.96237
2025-08-12T13:55:44Z	24705.00000	1557.11602	1541.46124	1524.96305
2025-08-12T13:55:44Z	24705.00000	1557.13111	1541.47484	1524.96362
2025-08-12T13:55:44Z	24705.00000	1557.14241	1541.49452	1524.96415
2025-08-12T13:55:44Z	24706.00000	1557.15104	1541.50507	1524.96358
2025-08-12T13:55:44Z	24706.00000	1557.15467	1541.51242	1524.96433
2025-08-12T13:55:44Z	24706.00000	1557.15885	1541.51748	1524.96382
2025-08-12T13:55:45Z	24706.00000	1557.16413	1541.52409	1524.96346
2025-08-12T13:55:45Z	24706.00000	1557.16538	1541.52742	1524.96361
2025-08-12T13:55:45Z	24706.00000	1555.68766	1539.05062	1524.99557
2025-08-12T13:55:45Z	24706.00000	1555.21197	1538.30508	1524.98202
2025-08-12T13:55:45Z	24706.00000	1555.08167	1538.08361	1524.93898
2025-08-12T13:55:45Z	24707.00000	1555.09045	1538.08785	1524.94837
2025-08-12T13:55:45Z	24707.00000	1555.08454	1538.08007	1524.94572
2025-08-12T13:55:45Z	24707.00000	1555.08405	1538.07761	1524.94745
2025-08-12T13:55:45Z	24707.00000	1555.08115	1538.07559	1524.94729
2025-08-12T13:55:45Z	24707.00000	1555.08070	1538.07412	1524.94671
2025-08-12T13:55:46Z	24707.00000	1555.07908	1538.07375	1524.94641
2025-08-12T13:55:46Z	24707.00000	1555.07961	1538.06939	1524.94648
2025-08-12T13:55:46Z	24707.00000	1555.07820	1538.06965	1524.94698
2025-08-12T13:55:46Z	24707.00000	1555.07757	1538.06847	1524.94660
2025-08-12T13:55:46Z	24707.00000	1555.07734	1538.06650	1524.94710
2025-08-12T13:55:46Z	24707.00000	1555.07597	1538.06498	1524.94665
2025-08-12T13:55:46Z	24708.00000	1555.07513	1538.06365	1524.94673
2025-08-12T13:55:46Z	24708.00000	1555.07441	1538.06275	1524.94527
2025-08-12T13:55:46Z	24708.00000	1555.07468	1538.06227	1524.94697
2025-08-12T13:55:46Z	24708.00000	1555.07447	1538.06292	1524.94856
2025-08-12T13:55:47Z	24708.00000	1555.07365	1538.06090	1524.94734
2025-08-12T13:55:47Z	24708.00000	1555.07346	1538.06086	1524.94709
2025-08-12T13:55:47Z	24708.00000	1555.07266	1538.05971	1524.94659
2025-08-12T13:55:47Z	24708.00000	1555.07247	1538.05955	1524.94753
2025-08-12T13:55:47Z	24708.00000	1555.07183	1538.05757	1524.94730
2025-08-12T13:55:47Z	24709.00000	1555.07194	1538.05719	1524.94687
2025-08-12T13:55:47Z	24709.00000	1555.07172	1538.05705	1524.94710
2025-08-12T13:55:47Z	24709.00000	1555.07043	1538.05654	1524.94698
2025-08-12T13:55:47Z	24709.00000	1555.07065	1538.05569	1524.94684
2025-08-12T13:55:47Z	24709.00000	1555.07116	1538.05597	1524.94682
2025-08-12T13:55:48Z	24709.00000	1555.06931	1538.05692	1524.94700
2025-08-12T13:55:48Z	24709.00000	1555.07012	1538.05491	1524.94708
2025-08-12T13:55:48Z	24709.00000	1555.06906	1538.05364	1524.94666
2025-08-12T13:55:48Z	24709.00000	1555.06988	1538.05406	1524.94821
2025-08-12T13:55:48Z	24710.00000	1555.07033	1538.05229	1524.94729
2025-08-12T13:55:48Z	24710.00000	1555.06865	1538.05368	1524.94697
2025-08-12T13:55:48Z	24710.00000	1555.06874	1538.05280	1524.94730
2025-08-12T13:55:48Z	24710.00000	1555.06922	1538.05278	1524.94690
2025-08-12T13:55:48Z	24710.00000	1555.06976	1538.05357	1524.94703
2025-08-12T13:55:49Z	24710.00000	1555.06892	1538.05300	1524.94690
2025-08-12T13:55:49Z	24710.00000	1555.06810	1538.05346	1524.94682
2025-08-12T13:55:49Z	24710.00000	1555.06891	1538.05154	1524.94722
2025-08-12T13:55:49Z	24710.00000	1555.06766	1538.05220	1524.94732
2025-08-12T13:55:49Z	24711.00000	1555.06762	1538.05222	1524.94720
2025-08-12T13:55:49Z	24711.00000	1555.06752	1538.05211	1524.94677
2025-08-12T13:55:49Z	24711.00000	1555.06745	1538.05024	1524.94690
2025-08-12T13:55:49Z	24711.00000	1555.06738	1538.05074	1524.94699
2025-08-12T13:55:49Z	24711.00000	1555.06644	1538.04935	1524.94684
2025-08-12T13:55:50Z	24711.00000	1555.06709	1538.05026	1524.94674
2025-08-12T13:55:50Z	24711.00000	1555.06629	1538.05078	1524.94679
2025-08-12T13:55:50Z	24711.00000	1555.06649	1538.04969	1524.94657
2025-08-12T13:55:50Z	24711.00000	1555.08434	1538.10209	1524.94035
2025-08-12T13:55:50Z	24711.00000	1555.30359	1538.45627	1524.95724
2025-08-12T13:55:50Z	24712.00000	1555.42254	1538.65364	1524.94651
2025-08-12T13:55:50Z	24712.00000	1555.55906	1538.88225	1524.95152
2025-08-12T13:55:50Z	24712.00000	1555.75078	1539.20561	1524.94776
2025-08-12T13:55:50Z	24712.00000	1555.88041	1539.42383	1524.94718
2025-08-12T13:55:50Z	24712.00000	1555.96912	1539.56927	1524.94500
2025-08-12T13:55:51Z	24712.00000	1556.05014	1539.71329	1524.94470
2025-08-12T13:55:51Z	24712.00000	1556.17381	1539.91701	1524.94755
2025-08-12T13:55:51Z	24712.00000	1556.27064	1540.08587	1524.94730
2025-08-12T13:55:51Z	24712.00000	1556.34026	1540.19298	1524.94973
2025-08-12T13:55:51Z	24712.00000	1556.41358	1540.31019	1524.94995
2025-08-12T13:55:51Z	24713.00000	1556.47587	1540.41147	1524.95221
2025-08-12T13:55:51Z	24713.00000	1556.56012	1540.54780	1524.95306
2025-08-12T13:55:51Z	24713.00000	1556.62509	1540.64273	1524.95446
2025-08-12T13:55:51Z	24713.00000	1556.67221	1540.73031	1524.95447
2025-08-12T13:55:51Z	24713.00000	1556.74285	1540.83606	1524.95641
2025-08-12T13:55:52Z	24713.00000	1556.78209	1540.91151	1524.95519
2025-08-12T13:55:52Z	24713.00000	1556.83713	1540.99085	1524.95803
2025-08-12T13:55:52Z	24713.00000	1556.87054	1541.04219	1524.95678
2025-08-12T13:55:52Z	24713.00000	1556.91198	1541.11818	1524.95758
2025-08-12T13:55:52Z	24713.00000	1556.94867	1541.17687	1524.95925
2025-08-12T13:55:52Z	24714.00000	1556.97597	1541.21205	1524.95991
2025-08-12T13:55:52Z	24714.00000	1557.00795	1541.27369	1524.95985
2025-08-12T13:55:52Z	24714.00000	1557.02700	1541.30180	1524.96117
2025-08-12T13:55:52Z	24714.00000	1557.04611	1541.33250	1524.96060
2025-08-12T13:55:52Z	24714.00000	1557.07231	1541.37384	1524.96049
2025-08-12T13:55:53Z	24714.00000	1557.09295	1541.40154	1524.96168
2025-08-12T13:55:53Z	24714.00000	1557.10517	1541.42480	1524.96206
2025-08-12T13:55:53Z	24714.00000	1557.11433	1541.44975	1524.96275
2025-08-12T13:55:53Z	24714.00000	1557.12760	1541.46458	1524.96249
2025-08-12T13:55:53Z	24714.00000	1557.13629	1541.48001	1524.96405
2025-08-12T13:55:53Z	24715.00000	1557.14436	1541.49044	1524.96386
2025-08-12T13:55:53Z	24715.00000	1557.15087	1541.49821	1524.96472
2025-08-12T13:55:53Z	24715.00000	1557.15589	1541.50423	1524.96354
2025-08-12T13:55:53Z	24715.00000	1557.16011	1541.51346	1524.96301
2025-08-12T13:55:53Z	24715.00000	1557.16301	1541.51662	1524.96471
2025-08-12T13:55:54Z	24715.00000	1557.16547	1541.52122	1524.96453
2025-08-12T13:55:54Z	24715.00000	1557.11792	1541.41866	1525.00788
2025-08-12T13:55:54Z	24715.00000	1555.30069	1538.45127	1524.96231
2025-08-12T13:55:54Z	24715.00000	1555.12075	1538.12726	1524.95720
2025-08-12T13:55:54Z	24715.00000	1555.08653	1538.08581	1524.94498
2025-08-12T13:55:54Z	24716.00000	1555.08641	1538.08428	1524.94598
2025-08-12T13:55:54Z	24716.00000	1555.08547	1538.08517	1524.94886
2025-08-12T13:55:54Z	24716.00000	1555.08265	1538.07806	1524.94833
2025-08-12T13:55:54Z	24716.00000	1555.08108	1538.07346	1524.94575
2025-08-12T13:55:54Z	24716.00000	1555.08102	1538.07426	1524.94686
2025-08-12T13:55:55Z	24716.00000	1555.08063	1538.07310	1524.94729
2025-08-12T13:55:55Z	24716.00000	1555.07906	1538.06953	1524.94729
2025-08-12T13:55:55Z	24716.00000	1555.07792	1538.06910	1524.94704
2025-08-12T13:55:55Z	24716.00000	1555.07722	1538.06699	1524.94701
2025-08-12T13:55:55Z	24716.00000	1555.07730	1538.06681	1524.94730
2025-08-12T13:55:55Z	24716.00000	1555.07573	1538.06666	1524.94655
2025-08-12T13:55:55Z	24717.00000	1555.07534	1538.06286	1524.94682
2025-08-12T13:55:55Z	24717.00000	1555.07594	1538.06403	1524.94759
2025-08-12T13:55:55Z	24717.00000	1555.07352	1538.06234	1524.94595
2025-08-12T13:55:55Z	24717.00000	1555.07500	1538.06428	1524.94799
2025-08-12T13:55:56Z	24717.00000	1555.07397	1538.06048	1524.94688
2025-08-12T13:55:56Z	24717.00000	1555.07415	1538.06067	1524.94772
2025-08-12T13:55:56Z	24717.00000	1555.07242	1538.05951	1524.94725
2025-08-12T13:55:56Z	24717.00000	1555.07240	1538.05948	1524.94730
2025-08-12T13:55:56Z	24717.00000	1555.07237	1538.05779	1524.94726
2025-08-12T13:55:56Z	24718.00000	1555.07282	1538.05787	1524.94752
2025-08-12T13:55:56Z	24718.00000	1555.07199	1538.05799	1524.94760
2025-08-12T13:55:56Z	24718.00000	1555.07172	1538.05768	1524.94674
2025-08-12T13:55:56Z	24718.00000	1555.07210	1538.05658	1524.94771
2025-08-12T13:55:56Z	24718.00000	1555.07087	1538.05591	1524.94732
2025-08-12T13:55:57Z	24718.00000	1555.07082	1538.05584	1524.94757
2025-08-12T13:55:57Z	24718.00000	1555.07090	1538.05572	1524.94723
2025-08-12T13:55:57Z	24718.00000	1555.07070	1538.05501	1524.94693
2025-08-12T13:55:57Z	24718.00000	1555.06991	1538.05508	1524.94709
2025-08-12T13:55:57Z	24718.00000	1555.06968	1538.05464	1524.94759
2025-08-12T13:55:57Z	24719.00000	1555.06961	1538.05392	1524.94709
2025-08-12T13:55:57Z	24719.00000	1555.06939	1538.05332	1524.94713
2025-08-12T13:55:57Z	24719.00000	1555.06947	1538.05382	1524.94740
2025-08-12T13:55:57Z	24719.00000	1555.06876	1538.05385	1524.94716
2025-08-12T13:55:57Z	24719.00000	1555.06864	1538.05298	1524.94688
2025-08-12T13:55:57Z	24719.00000	1555.06883	1538.05255	1524.94720
2025-08-12T13:55:58Z	24719.00000	1555.06898	1538.05282	1524.94686
2025-08-12T13:55:58Z	24719.00000	1555.06839	1538.05142	1524.94681
2025-08-12T13:55:58Z	24719.00000	1555.06770	1538.05104	1524.94717
2025-08-12T13:55:58Z	24719.00000	1555.06828	1538.05109	1524.94689
2025-08-12T13:55:58Z	24720.00000	1555.06818	1538.05173	1524.94684
2025-08-12T13:55:58Z	24720.00000	1555.06804	1538.05189	1524.94677
2025-08-12T13:55:58Z	24720.00000	1555.06786	1538.05140	1524.94685
2025-08-12T13:55:58Z	24720.00000	1555.06782	1538.04964	1524.94688
2025-08-12T13:55:58Z	24720.00000	1555.06783	1538.05114	1524.94684
2025-08-12T13:55:59Z	24720.00000	1555.06738	1538.05016	1524.94714
2025-08-12T13:55:59Z	24720.00000	1555.06763	1538.05083	1524.94686
2025-08-12T13:55:59Z	24720.00000	1555.06767	1538.05094	1524.94647
2025-08-12T13:55:59Z	24720.00000	1555.06685	1538.04899	1524.94661
2025-08-12T13:55:59Z	24720.00000	1555.06686	1538.05039	1524.94669
2025-08-12T13:55:59Z	24721.00000	1555.06655	1538.05025	1524.94661
2025-08-12T13:55:59Z	24721.00000	1555.06644	1538.04864	1524.94658
2025-08-12T13:55:59Z	24721.00000	1555.06628	1538.04952	1524.94705
2025-08-12T13:55:59Z	24721.00000	1555.06563	1538.04914	1524.94675
2025-08-12T13:55:59Z	24721.00000	1555.06635	1538.04959	1524.94709
2025-08-12T13:56:00Z	24721.00000	1555.06563	1538.04946	1524.94677
2025-08-12T13:56:00Z	24721.00000	1555.06554	1538.04949	1524.94667
2025-08-12T13:56:00Z	24721.00000	1555.06584	1538.04751	1524.94663
2025-08-12T13:56:00Z	24721.00000	1555.06536	1538.04887	1524.94726
2025-08-12T13:56:00Z	24721.00000	1555.06561	1538.04779	1524.94640
2025-08-12T13:56:00Z	24722.00000	1555.06553	1538.04843	1524.94672
2025-08-12T13:56:00Z	24722.00000	1555.06490	1538.04760	1524.94650
2025-08-12T13:56:00Z	24722.00000	1555.06593	1538.04819	1524.94654
2025-08-12T13:56:00Z	24722.00000	1555.06491	1538.04689	1524.94686
2025-08-12T13:56:00Z	24722.00000	1555.06493	1538.04738	1524.94689
2025-08-12T13:56:00Z	24722.00000	1555.06495	1538.04693	1524.94653
2025-08-12T13:56:01Z	24722.00000	1555.06497	1538.04610	1524.94638
2025-08-12T13:56:01Z	24722.00000	1555.06452	1538.04682	1524.94640
2025-08-12T13:56:01Z	24722.00000	1555.06458	1538.04619	1524.94644
2025-08-12T13:56:01Z	24722.00000	1555.06415	1538.04605	1524.94668
2025-08-12T13:56:01Z	24723.00000	1555.06440	1538.04441	1524.94655
2025-08-12T13:56:01Z	24723.00000	1555.06407	1538.04522	1524.94617
2025-08-12T13:56:01Z	24723.00000	1555.06357	1538.04550	1524.94700
2025-08-12T13:56:01Z	24723.00000	1555.06368	1538.04473	1524.94634
2025-08-12T13:56:01Z	24723.00000	1555.06388	1538.04619	1524.94626
2025-08-12T13:56:02Z	24723.00000	1555.06321	1538.04521	1524.94635
2025-08-12T13:56:02Z	24723.00000	1555.06362	1538.04391	1524.94640
2025-08-12T13:56:02Z	24723.00000	1555.06313	1538.04585	1524.94624
2025-08-12T13:56:02Z	24723.00000	1555.06292	1538.04437	1524.94646
2025-08-12T13:56:02Z	24723.00000	1555.06355	1538.04366	1524.94638
2025-08-12T13:56:02Z	24724.00000	1555.06324	1538.04382	1524.94633
2025-08-12T13:56:02Z	24724.00000	1555.06335	1538.04304	1524.94670
2025-08-12T13:56:02Z	24724.00000	1555.06258	1538.04377	1524.94634
2025-08-12T13:56:02Z	24724.00000	1555.06329	1538.04285	1524.94647
2025-08-12T13:56:02Z	24724.00000	1555.06220	1538.04326	1524.94637
2025-08-12T13:56:03Z	24724.00000	1555.06303	1538.04213	1524.94624
2025-08-12T13:56:03Z	24724.00000	1555.06299	1538.04509	1524.94648
2025-08-12T13:56:03Z	24724.00000	1555.06283	1538.04258	1524.94645
2025-08-12T13:56:03Z	24724.00000	1555.06246	1538.04164	1524.94676
2025-08-12T13:56:03Z	24724.00000	1555.06263	1538.04209	1524.94616
2025-08-12T13:56:03Z	24725.00000	1555.06304	1538.04393	1524.94613
2025-08-12T13:56:03Z	24725.00000	1555.06244	1538.04239	1524.94645
2025-08-12T13:56:03Z	24725.00000	1555.06267	1538.04240	1524.94637
2025-08-12T13:56:03Z	24725.00000	1555.06293	1538.04374	1524.94629
2025-08-12T13:56:03Z	24725.00000	1555.06238	1538.04211	1524.94666
2025-08-12T13:56:03Z	24725.00000	1555.06263	1538.04131	1524.94632
2025-08-12T13:56:04Z	24725.00000	1555.06227	1538.04151	1524.94608
2025-08-12T13:56:04Z	24725.00000	1555.06196	1538.04285	1524.94615
2025-08-12T13:56:04Z	24725.00000	1555.06211	1538.04147	1524.94631
2025-08-12T13:56:04Z	24725.00000	1555.06205	1538.04090	1524.94580
2025-08-12T13:56:04Z	24726.00000	1555.06242	1538.04205	1524.94637
2025-08-12T13:56:04Z	24726.00000	1555.06159	1538.04170	1524.94614
2025-08-12T13:56:04Z	24726.00000	1555.06170	1538.04056	1524.94613
2025-08-12T13:56:04Z	24726.00000	1555.06189	1538.04075	1524.94603
2025-08-12T13:56:04Z	24726.00000	1555.06187	1538.04114	1524.94633
2025-08-12T13:56:04Z	24726.00000	1555.06170	1538.04214	1524.94606
2025-08-12T13:56:05Z	24726.00000	1555.06241	1538.03991	1524.94704
2025-08-12T13:56:05Z	24726.00000	1555.06138	1538.04185	1524.94600
2025-08-12T13:56:05Z	24726.00000	1555.06151	1538.04070	1524.94611
2025-08-12T13:56:05Z	24727.00000	1555.06251	1538.04066	1524.94658
2025-08-12T13:56:05Z	24727.00000	1555.06177	1538.04024	1524.94715
2025-08-12T13:56:05Z	24727.00000	1555.06232	1538.04041	1524.94608
2025-08-12T13:56:05Z	24727.00000	1555.06150	1538.04117	1524.94619
2025-08-12T13:56:05Z	24727.00000	1555.06217	1538.04146	1524.94635
2025-08-12T13:56:05Z	24727.00000	1555.06193	1538.04004	1524.94603
2025-08-12T13:56:06Z	24727.00000	1555.06108	1538.03996	1524.94613
2025-08-12T13:56:06Z	24727.00000	1555.06150	1538.04036	1524.94667
2025-08-12T13:56:06Z	24727.00000	1555.06179	1538.03998	1524.94590
2025-08-12T13:56:06Z	24727.00000	1555.06101	1538.03979	1524.94636
2025-08-12T13:56:06Z	24728.00000	1555.06119	1538.03892	1524.94591
2025-08-12T13:56:06Z	24728.00000	1555.06108	1538.03985	1524.94597
2025-08-12T13:56:06Z	24728.00000	1555.06115	1538.03815	1524.94597
2025-08-12T13:56:06Z	24728.00000	1555.06127	1538.03960	1524.94615
2025-08-12T13:56:06Z	24728.00000	1555.06108	1538.03936	1524.94623
2025-08-12T13:56:07Z	24728.00000	1555.06054	1538.03911	1524.94632
2025-08-12T13:56:07Z	24728.00000	1555.06158	1538.04019	1524.94590
2025-08-12T13:56:07Z	24728.00000	1555.06101	1538.03853	1524.94603
2025-08-12T13:56:07Z	24729.00000	1555.06157	1538.03899	1524.94677
2025-08-12T13:56:07Z	24729.00000	1555.06143	1538.03887	1524.94634
2025-08-12T13:56:07Z	24729.00000	1555.06075	1538.03791	1524.94599
2025-08-12T13:56:07Z	24729.00000	1555.06060	1538.03860	1524.94611
2025-08-12T13:56:07Z	24729.00000	1555.06110	1538.03851	1524.94637
2025-08-12T13:56:08Z	24729.00000	1555.06060	1538.03785	1524.94603
2025-08-12T13:56:08Z	24729.00000	1555.06060	1538.03944	1524.94656
2025-08-12T13:56:08Z	24729.00000	1555.06053	1538.03897	1524.94599
2025-08-12T13:56:08Z	24729.00000	1555.06092	1538.03992	1524.94619
2025-08-12T13:56:08Z	24729.00000	1555.06106	1538.03733	1524.94610
2025-08-12T13:56:08Z	24730.00000	1555.06023	1538.03896	1524.94638
2025-08-12T13:56:08Z	24730.00000	1555.06092	1538.03897	1524.94596
2025-08-12T13:56:08Z	24730.00000	1555.06093	1538.03971	1524.94602
2025-08-12T13:56:08Z	24730.00000	1555.06040	1538.03798	1524.94621
2025-08-12T13:56:08Z	24730.00000	1555.06027	1538.03771	1524.94611
2025-08-12T13:56:09Z	24730.00000	1555.06088	1538.03773	1524.94621
2025-08-12T13:56:09Z	24730.00000	1555.06128	1538.03881	1524.94608
2025-08-12T13:56:09Z	24730.00000	1555.06078	1538.03730	1524.94591
2025-08-12T13:56:09Z	24730.00000	1555.06050	1538.03893	1524.94605
2025-08-12T13:56:09Z	24730.00000	1555.05996	1538.03734	1524.94592
2025-08-12T13:56:09Z	24731.00000	1555.06058	1538.03828	1524.94594
2025-08-12T13:56:09Z	24731.00000	1555.06078	1538.03721	1524.94602
2025-08-12T13:56:09Z	24731.00000	1555.05952	1538.03761	1524.94666
2025-08-12T13:56:10Z	24731.00000	1555.06034	1538.03829	1524.94628
2025-08-12T13:56:10Z	24731.00000	1555.06024	1538.03842	1524.94585
2025-08-12T13:56:10Z	24731.00000	1555.06064	1538.03688	1524.94618
2025-08-12T13:56:10Z	24731.00000	1555.06046	1538.03709	1524.94591
2025-08-12T13:56:10Z	24731.00000	1555.06004	1538.03734	1524.94616
2025-08-12T13:56:10Z	24732.00000	1555.06022	1538.03671	1524.94581
2025-08-12T13:56:10Z	24732.00000	1555.06036	1538.03711	1524.94594
2025-08-12T13:56:10Z	24732.00000	1555.05955	1538.03809	1524.94607
2025-08-12T13:56:10Z	24732.00000	1555.06040	1538.03627	1524.94643
2025-08-12T13:56:11Z	24732.00000	1555.05987	1538.03603	1524.94572
2025-08-12T13:56:11Z	24732.00000	1555.06029	1538.03730	1524.94625
2025-08-12T13:56:11Z	24732.00000	1555.05932	1538.03565	1524.94561
2025-08-12T13:56:11Z	24733.00000	1555.05961	1538.03734	1524.94580
2025-08-12T13:56:11Z	24733.00000	1555.05981	1538.03733	1524.94607
2025-08-12T13:56:11Z	24733.00000	1555.05880	1538.03618	1524.94641
2025-08-12T13:56:11Z	24733.00000	1555.06014	1538.03562	1524.94601
2025-08-12T13:56:12Z	24733.00000	1555.05981	1538.03583	1524.94657
2025-08-12T13:56:12Z	24733.00000	1555.05966	1538.03682	1524.94571
2025-08-12T13:56:12Z	24733.00000	1555.05935	1538.03683	1524.94591
2025-08-12T13:56:12Z	24733.00000	1555.05997	1538.03677	1524.94613
2025-08-12T13:56:12Z	24733.00000	1555.05945	1538.03599	1524.94594
2025-08-12T13:56:12Z	24734.00000	1555.05980	1538.03715	1524.94639
2025-08-12T13:56:12Z	24734.00000	1555.05946	1538.03681	1524.94607
2025-08-12T13:56:12Z	24734.00000	1555.05904	1538.03607	1524.94594
2025-08-12T13:56:12Z	24734.00000	1555.05978	1538.03602	1524.94613
2025-08-12T13:56:12Z	24734.00000	1555.05954	1538.03649	1524.94595
2025-08-12T13:56:13Z	24734.00000	1555.05936	1538.03543	1524.94603
2025-08-12T13:56:13Z	24734.00000	1555.05866	1538.03493	1524.94590
2025-08-12T13:56:13Z	24734.00000	1555.05888	1538.03603	1524.94670
2025-08-12T13:56:13Z	24734.00000	1555.05889	1538.03607	1524.94580
2025-08-12T13:56:13Z	24734.00000	1555.05927	1538.03597	1524.94651
2025-08-12T13:56:13Z	24735.00000	1555.05881	1538.03427	1524.94613
2025-08-12T13:56:13Z	24735.00000	1555.05889	1538.03503	1524.94615
2025-08-12T13:56:13Z	24735.00000	1555.05879	1538.03483	1524.94572
2025-08-12T13:56:13Z	24735.00000	1555.05992	1538.03501	1524.94690
2025-08-12T13:56:13Z	24735.00000	1555.05935	1538.03358	1524.94599
2025-08-12T13:56:14Z	24735.00000	1555.05869	1538.03450	1524.94573
2025-08-12T13:56:14Z	24735.00000	1555.05839	1538.03507	1524.94616
2025-08-12T13:56:14Z	24735.00000	1555.05914	1538.03529	1524.94610
2025-08-12T13:56:14Z	24735.00000	1555.05871	1538.03548	1524.94655
2025-08-12T13:56:14Z	24735.00000	1555.05921	1538.03519	1524.94597
2025-08-12T13:56:14Z	24736.00000	1555.05895	1538.03521	1524.94671
2025-08-12T13:56:14Z	24736.00000	1555.05921	1538.03375	1524.94593
2025-08-12T13:56:14Z	24736.00000	1555.05848	1538.03535	1524.94641
2025-08-12T13:56:14Z	24736.00000	1555.05916	1538.03415	1524.94618
2025-08-12T13:56:14Z	24736.00000	1555.05878	1538.03346	1524.94677
2025-08-12T13:56:15Z	24736.00000	1555.05865	1538.03578	1524.94658
2025-08-12T13:56:15Z	24736.00000	1555.05850	1538.03463	1524.94613
2025-08-12T13:56:15Z	24736.00000	1555.05891	1538.03311	1524.94578
2025-08-12T13:56:15Z	24736.00000	1555.05896	1538.03348	1524.94644
2025-08-12T13:56:15Z	24737.00000	1555.05871	1538.03372	1524.94657
2025-08-12T13:56:15Z	24737.00000	1555.05911	1538.03306	1524.94633
2025-08-12T13:56:15Z	24737.00000	1555.05841	1538.03406	1524.94604
2025-08-12T13:56:15Z	24737.00000	1555.05880	1538.03464	1524.94598
2025-08-12T13:56:15Z	24737.00000	1555.05817	1538.03456	1524.94635
2025-08-12T13:56:16Z	24737.00000	1555.05803	1538.03560	1524.94616
2025-08-12T13:56:16Z	24737.00000	1555.05849	1538.03460	1524.94588
2025-08-12T13:56:16Z	24737.00000	1555.05765	1538.03365	1524.94603
2025-08-12T13:56:16Z	24738.00000	1555.05849	1538.03484	1524.94601
2025-08-12T13:56:16Z	24738.00000	1555.05872	1538.03347	1524.94603
2025-08-12T13:56:16Z	24738.00000	1555.05805	1538.03266	1524.94621
2025-08-12T13:56:16Z	24738.00000	1555.05795	1538.03395	1524.94593
2025-08-12T13:56:16Z	24738.00000	1555.05806	1538.03247	1524.94627
2025-08-12T13:56:17Z	24738.00000	1555.05836	1538.03217	1524.94601
2025-08-12T13:56:17Z	24738.00000	1555.05808	1538.03398	1524.94642
2025-08-12T13:56:17Z	24738.00000	1555.05840	1538.03369	1524.94637
2025-08-12T13:56:17Z	24738.00000	1555.05826	1538.03395	1524.94658
2025-08-12T13:56:17Z	24738.00000	1555.05811	1538.03265	1524.94653
2025-08-12T13:56:17Z	24739.00000	1555.05809	1538.03323	1524.94617
2025-08-12T13:56:17Z	24739.00000	1555.05834	1538.03087	1524.94645
2025-08-12T13:56:17Z	24739.00000	1555.05794	1538.03166	1524.94607
2025-08-12T13:56:18Z	24739.00000	1555.05807	1538.03200	1524.94635
2025-08-12T13:56:18Z	24739.00000	1555.05781	1538.03228	1524.94621
2025-08-12T13:56:18Z	24739.00000	1555.05835	1538.03403	1524.94640
2025-08-12T13:56:18Z	24739.00000	1555.05830	1538.03281	1524.94598
2025-08-12T13:56:18Z	24739.00000	1555.05852	1538.03124	1524.94659
2025-08-12T13:56:18Z	24740.00000	1555.05829	1538.03433	1524.94583
2025-08-12T13:56:18Z	24740.00000	1555.05804	1538.03352	1524.94665
2025-08-12T13:56:18Z	24740.00000	1555.05785	1538.03262	1524.94625
2025-08-12T13:56:18Z	24740.00000	1555.05795	1538.03299	1524.94582
2025-08-12T13:56:19Z	24740.00000	1555.05839	1538.03133	1524.94612
2025-08-12T13:56:19Z	24740.00000	1555.05890	1538.03238	1524.94596
2025-08-12T13:56:19Z	24740.00000	1555.05759	1538.03153	1524.94633
2025-08-12T13:56:19Z	24741.00000	1555.05787	1538.03354	1524.94577
2025-08-12T13:56:19Z	24741.00000	1555.05724	1538.03394	1524.94600
2025-08-12T13:56:19Z	24741.00000	1555.05718	1538.03287	1524.94669
2025-08-12T13:56:19Z	24741.00000	1555.05721	1538.03284	1524.94622
2025-08-12T13:56:19Z	24741.00000	1555.05827	1538.03299	1524.94608
2025-08-12T13:56:20Z	24741.00000	1555.05721	1538.03332	1524.94598
2025-08-12T13:56:20Z	24741.00000	1555.05760	1538.03130	1524.94575
2025-08-12T13:56:20Z	24741.00000	1555.05720	1538.03122	1524.94530
2025-08-12T13:56:20Z	24741.00000	1555.05799	1538.03318	1524.94653
2025-08-12T13:56:20Z	24741.00000	1555.05777	1538.03228	1524.94651
2025-08-12T13:56:20Z	24742.00000	1555.05819	1538.03228	1524.94622
2025-08-12T13:56:20Z	24742.00000	1555.05739	1538.03088	1524.94619
2025-08-12T13:56:20Z	24742.00000	1555.05754	1538.03170	1524.94581
2025-08-12T13:56:20Z	24742.00000	1555.05753	1538.03140	1524.94594
2025-08-12T13:56:21Z	24742.00000	1555.05749	1538.03124	1524.94638
2025-08-12T13:56:21Z	24742.00000	1555.05745	1538.03114	1524.94589
2025-08-12T13:56:21Z	24742.00000	1555.15512	1538.21224	1524.94790
2025-08-12T13:56:21Z	24742.00000	1555.32837	1538.47860	1524.93798
2025-08-12T13:56:21Z	24742.00000	1555.47026	1538.72862	1524.94471
2025-08-12T13:56:21Z	24743.00000	1555.62788	1538.98687	1524.94048
2025-08-12T13:56:21Z	24743.00000	1555.75207	1539.20385	1524.94339
2025-08-12T13:56:21Z	24743.00000	1555.87244	1539.40549	1524.94712
2025-08-12T13:56:21Z	24743.00000	1556.00448	1539.62789	1524.94630
2025-08-12T13:56:22Z	24743.00000	1556.10567	1539.80767	1524.94756
2025-08-12T13:56:22Z	24743.00000	1556.21884	1539.99528	1524.94778
2025-08-12T13:56:22Z	24743.00000	1556.31225	1540.13671	1524.94944
2025-08-12T13:56:22Z	24743.00000	1556.39459	1540.27574	1524.94994
2025-08-12T13:56:22Z	24743.00000	1556.47731	1540.40550	1524.95097
2025-08-12T13:56:22Z	24744.00000	1556.57387	1540.56694	1524.95373
2025-08-12T13:56:22Z	24744.00000	1556.64784	1540.66973	1524.95395
2025-08-12T13:56:22Z	24744.00000	1556.72051	1540.80002	1524.95657
2025-08-12T13:56:22Z	24744.00000	1556.79309	1540.91603	1524.95715
2025-08-12T13:56:23Z	24744.00000	1556.88674	1541.06245	1524.95659
2025-08-12T13:56:23Z	24744.00000	1556.93700	1541.14894	1524.95898
2025-08-12T13:56:23Z	24744.00000	1556.98910	1541.22418	1524.95991
2025-08-12T13:56:23Z	24744.00000	1557.06259	1541.34964	1524.96115
2025-08-12T13:56:23Z	24745.00000	1557.08894	1541.38791	1524.96074
2025-08-12T13:56:23Z	24745.00000	1557.12512	1541.45002	1524.96310
2025-08-12T13:56:23Z	24745.00000	1557.14650	1541.48223	1524.96342
2025-08-12T13:56:23Z	24745.00000	1557.17355	1541.52567	1524.96228
2025-08-12T13:56:23Z	24745.00000	1557.19099	1541.55033	1524.96400
2025-08-12T13:56:24Z	24745.00000	1557.21309	1541.58212	1524.96573
2025-08-12T13:56:24Z	24745.00000	1557.23950	1541.64007	1524.96488
2025-08-12T13:56:24Z	24745.00000	1557.25242	1541.65726	1524.96535
2025-08-12T13:56:24Z	24746.00000	1557.26781	1541.68403	1524.96690
2025-08-12T13:56:24Z	24746.00000	1557.27375	1541.69185	1524.96687
2025-08-12T13:56:24Z	24746.00000	1557.28106	1541.70435	1524.96659
2025-08-12T13:56:24Z	24746.00000	1557.28261	1541.70657	1524.96506
2025-08-12T13:56:24Z	24746.00000	1557.29277	1541.71603	1524.96660
2025-08-12T13:56:25Z	24746.00000	1557.29500	1541.71838	1524.96674
2025-08-12T13:56:25Z	24746.00000	1557.29736	1541.72030	1524.96525
2025-08-12T13:56:25Z	24746.00000	1557.30020	1541.72577	1524.96704
2025-08-12T13:56:25Z	24746.00000	1555.31514	1538.43719	1524.95518
2025-08-12T13:56:25Z	24746.00000	1555.09162	1538.09384	1524.95433
2025-08-12T13:56:25Z	24747.00000	1555.08409	1538.07806	1524.94298
2025-08-12T13:56:25Z	24747.00000	1555.08327	1538.07867	1524.95012
2025-08-12T13:56:25Z	24747.00000	1555.08113	1538.07469	1524.94734
2025-08-12T13:56:25Z	24747.00000	1555.07888	1538.06901	1524.94583
2025-08-12T13:56:25Z	24747.00000	1555.07786	1538.06834	1524.94715
2025-08-12T13:56:26Z	24747.00000	1555.07678	1538.06609	1524.94772
2025-08-12T13:56:26Z	24747.00000	1555.07671	1538.06292	1524.94748
2025-08-12T13:56:26Z	24747.00000	1555.07474	1538.06148	1524.94753
2025-08-12T13:56:26Z	24747.00000	1555.07361	1538.06117	1524.94686
2025-08-12T13:56:26Z	24747.00000	1555.07319	1538.06006	1524.94707
2025-08-12T13:56:26Z	24748.00000	1555.07294	1538.05853	1524.94681
2025-08-12T13:56:26Z	24748.00000	1555.07151	1538.05782	1524.94788
2025-08-12T13:56:26Z	24748.00000	1555.07192	1538.05704	1524.94719
2025-08-12T13:56:26Z	24748.00000	1555.07100	1538.05498	1524.94561
2025-08-12T13:56:26Z	24748.00000	1555.07123	1538.05392	1524.94670
2025-08-12T13:56:27Z	24748.00000	1555.07027	1538.05454	1524.94764
2025-08-12T13:56:27Z	24748.00000	1555.06909	1538.05367	1524.94721
2025-08-12T13:56:27Z	24748.00000	1555.06906	1538.05288	1524.94764
2025-08-12T13:56:27Z	24748.00000	1555.06905	1538.05047	1524.94755
2025-08-12T13:56:27Z	24749.00000	1555.06888	1538.05098	1524.94717
2025-08-12T13:56:27Z	24749.00000	1555.06871	1538.05189	1524.94696
2025-08-12T13:56:27Z	24749.00000	1555.06877	1538.04980	1524.94733
2025-08-12T13:56:27Z	24749.00000	1555.06787	1538.05143	1524.94705
2025-08-12T13:56:27Z	24749.00000	1555.06745	1538.04866	1524.94707
2025-08-12T13:56:27Z	24749.00000	1555.06700	1538.04941	1524.94689
2025-08-12T13:56:28Z	24749.00000	1555.06672	1538.05017	1524.94699
2025-08-12T13:56:28Z	24749.00000	1555.06702	1538.04881	1524.94731
2025-08-12T13:56:28Z	24749.00000	1555.06681	1538.04978	1524.94691
2025-08-12T13:56:28Z	24749.00000	1555.06618	1538.04891	1524.94673
2025-08-12T13:56:28Z	24750.00000	1555.06554	1538.04915	1524.94678
2025-08-12T13:56:28Z	24750.00000	1555.06599	1538.04946	1524.94734
2025-08-12T13:56:28Z	24750.00000	1555.06546	1538.04828	1524.94677
2025-08-12T13:56:28Z	24750.00000	1555.06487	1538.04656	1524.94678
2025-08-12T13:56:28Z	24750.00000	1555.06494	1538.04599	1524.94661
2025-08-12T13:56:28Z	24750.00000	1555.06474	1538.04756	1524.94676
2025-08-12T13:56:29Z	24750.00000	1555.06460	1538.04734	1524.94698
2025-08-12T13:56:29Z	24750.00000	1555.06427	1538.04529	1524.94673
2025-08-12T13:56:29Z	24750.00000	1555.06437	1538.04659	1524.94694
2025-08-12T13:56:29Z	24750.00000	1555.06371	1538.04442	1524.94603
2025-08-12T13:56:29Z	24751.00000	1555.06396	1538.04390	1524.94701
2025-08-12T13:56:29Z	24751.00000	1555.06366	1538.04362	1524.94678
2025-08-12T13:56:29Z	24751.00000	1555.06311	1538.04387	1524.94641
2025-08-12T13:56:29Z	24751.00000	1555.06328	1538.04425	1524.94633
2025-08-12T13:56:29Z	24751.00000	1555.06295	1538.04282	1524.94642
2025-08-12T13:56:30Z	24751.00000	1555.06333	1538.04344	1524.94712
2025-08-12T13:56:30Z	24751.00000	1555.06268	1538.04345	1524.94681
2025-08-12T13:56:30Z	24751.00000	1555.06288	1538.04382	1524.94641
2025-08-12T13:56:30Z	24751.00000	1555.25318	1538.37232	1524.95826
2025-08-12T13:56:30Z	24752.00000	1555.38695	1538.58323	1524.93948
2025-08-12T13:56:30Z	24752.00000	1555.50737	1538.78394	1524.94495
2025-08-12T13:56:30Z	24752.00000	1555.64375	1539.01459	1524.93955
2025-08-12T13:56:30Z	24752.00000	1555.79290	1539.26834	1524.94352
2025-08-12T13:56:30Z	24752.00000	1555.94642	1539.52739	1524.94411
2025-08-12T13:56:31Z	24752.00000	1556.03597	1539.68032	1524.94484
2025-08-12T13:56:31Z	24752.00000	1556.15369	1539.87786	1524.94827
2025-08-12T13:56:31Z	24752.00000	1556.24861	1540.04059	1524.94607
2025-08-12T13:56:31Z	24752.00000	1556.34194	1540.19052	1524.94898
2025-08-12T13:56:31Z	24752.00000	1556.43684	1540.34910	1524.94900
2025-08-12T13:56:31Z	24753.00000	1556.51737	1540.46700	1524.95205
2025-08-12T13:56:31Z	24753.00000	1556.59009	1540.58781	1524.95395
2025-08-12T13:56:31Z	24753.00000	1556.66099	1540.69151	1524.95320
2025-08-12T13:56:31Z	24753.00000	1556.73265	1540.81545	1524.95562
2025-08-12T13:56:31Z	24753.00000	1556.78251	1540.90611	1524.95709
2025-08-12T13:56:31Z	24753.00000	1556.84159	1540.99251	1524.95739
2025-08-12T13:56:32Z	24753.00000	1556.89981	1541.09183	1524.95733
2025-08-12T13:56:32Z	24753.00000	1556.94551	1541.16590	1524.95862
2025-08-12T13:56:32Z	24753.00000	1556.99955	1541.23578	1524.96065
2025-08-12T13:56:32Z	24753.00000	1557.03673	1541.30542	1524.96184
2025-08-12T13:56:32Z	24754.00000	1557.06861	1541.35629	1524.96121
2025-08-12T13:56:32Z	24754.00000	1557.09972	1541.40038	1524.96238
2025-08-12T13:56:32Z	24754.00000	1557.13517	1541.46208	1524.96172
2025-08-12T13:56:32Z	24754.00000	1557.15769	1541.49621	1524.96348
2025-08-12T13:56:32Z	24754.00000	1557.18223	1541.52989	1524.96418
2025-08-12T13:56:32Z	24754.00000	1557.19999	1541.55789	1524.96510
2025-08-12T13:56:33Z	24754.00000	1557.21952	1541.58609	1524.96499
2025-08-12T13:56:33Z	24754.00000	1557.23409	1541.60856	1524.96467
2025-08-12T13:56:33Z	24754.00000	1557.24900	1541.64700	1524.96643
2025-08-12T13:56:33Z	24754.00000	1557.25797	1541.66441	1524.96520
2025-08-12T13:56:33Z	24755.00000	1557.26844	1541.67772	1524.96605
2025-08-12T13:56:33Z	24755.00000	1557.27501	1541.68744	1524.96505
2025-08-12T13:56:33Z	24755.00000	1557.28232	1541.69950	1524.96550
2025-08-12T13:56:33Z	24755.00000	1557.29133	1541.70594	1524.96668
2025-08-12T13:56:33Z	24755.00000	1557.29612	1541.71570	1524.96692
2025-08-12T13:56:33Z	24755.00000	1557.29858	1541.72001	1524.96599
2025-08-12T13:56:34Z	24755.00000	1557.30354	1541.72668	1524.96652
2025-08-12T13:56:34Z	24755.00000	1555.72640	1539.10216	1524.97546
2025-08-12T13:56:34Z	24755.00000	1555.22638	1538.33744	1524.98572
2025-08-12T13:56:34Z	24755.00000	1555.10589	1538.10411	1524.96084
2025-08-12T13:56:34Z	24756.00000	1555.08719	1538.08476	1524.94809
2025-08-12T13:56:34Z	24756.00000	1555.08310	1538.07743	1524.94476
2025-08-12T13:56:34Z	24756.00000	1555.08328	1538.07833	1524.94772
2025-08-12T13:56:34Z	24756.00000	1555.08058	1538.07335	1524.94627
2025-08-12T13:56:34Z	24756.00000	1555.07974	1538.07011	1524.94646
2025-08-12T13:56:35Z	24756.00000	1555.07959	1538.07025	1524.94728
2025-08-12T13:56:35Z	24756.00000	1555.07705	1538.06748	1524.94659
2025-08-12T13:56:35Z	24756.00000	1555.07708	1538.06474	1524.94711
2025-08-12T13:56:35Z	24756.00000	1555.07587	1538.06324	1524.94719
2025-08-12T13:56:35Z	24756.00000	1555.07589	1538.06303	1524.94788
2025-08-12T13:56:35Z	24757.00000	1555.07539	1538.06252	1524.94780
2025-08-12T13:56:35Z	24757.00000	1555.07531	1538.06228	1524.94739
2025-08-12T13:56:35Z	24757.00000	1555.07528	1538.05994	1524.94958
2025-08-12T13:56:35Z	24757.00000	1555.07432	1538.06027	1524.94773
2025-08-12T13:56:35Z	24757.00000	1555.07254	1538.05880	1524.94726
2025-08-12T13:56:36Z	24757.00000	1555.07286	1538.05829	1524.94802
2025-08-12T13:56:36Z	24757.00000	1555.07225	1538.05724	1524.94710
2025-08-12T13:56:36Z	24757.00000	1555.07202	1538.05569	1524.94806
2025-08-12T13:56:36Z	24757.00000	1555.07163	1538.05643	1524.94703
2025-08-12T13:56:36Z	24757.00000	1555.07124	1538.05408	1524.94724
2025-08-12T13:56:36Z	24757.00000	1555.07209	1538.05562	1524.94728
2025-08-12T13:56:36Z	24758.00000	1555.07061	1538.05465	1524.94723
2025-08-12T13:56:36Z	24758.00000	1555.07090	1538.05525	1524.94731
2025-08-12T13:56:36Z	24758.00000	1555.06983	1538.05333	1524.94708
2025-08-12T13:56:36Z	24758.00000	1555.06941	1538.05329	1524.94747
2025-08-12T13:56:36Z	24758.00000	1555.06978	1538.05369	1524.94694
2025-08-12T13:56:37Z	24758.00000	1555.06986	1538.05271	1524.94745
2025-08-12T13:56:37Z	24758.00000	1555.06942	1538.05072	1524.94691
2025-08-12T13:56:37Z	24758.00000	1555.06896	1538.05161	1524.94742
2025-08-12T13:56:37Z	24759.00000	1555.06845	1538.05041	1524.94724
2025-08-12T13:56:37Z	24759.00000	1555.06867	1538.05153	1524.94705
2025-08-12T13:56:37Z	24759.00000	1555.06837	1538.05162	1524.94694
2025-08-12T13:56:37Z	24759.00000	1555.06770	1538.05108	1524.94728
2025-08-12T13:56:37Z	24759.00000	1555.06805	1538.05003	1524.94690
2025-08-12T13:56:38Z	24759.00000	1555.06735	1538.05014	1524.94700
2025-08-12T13:56:38Z	24759.00000	1555.06703	1538.04914	1524.94701
2025-08-12T13:56:38Z	24759.00000	1555.06787	1538.04961	1524.94749
2025-08-12T13:56:38Z	24759.00000	1555.06667	1538.04955	1524.94728
2025-08-12T13:56:38Z	24759.00000	1555.06689	1538.05027	1524.94710
2025-08-12T13:56:38Z	24760.00000	1555.06715	1538.04931	1524.94788
2025-08-12T13:56:38Z	24760.00000	1555.06639	1538.04863	1524.94735
2025-08-12T13:56:38Z	24760.00000	1555.06625	1538.04811	1524.94625
2025-08-12T13:56:38Z	24760.00000	1555.06580	1538.04830	1524.94722
2025-08-12T13:56:38Z	24760.00000	1555.06550	1538.04772	1524.94657
2025-08-12T13:56:39Z	24760.00000	1555.06502	1538.04777	1524.94643
2025-08-12T13:56:39Z	24760.00000	1555.06535	1538.04760	1524.94675
2025-08-12T13:56:39Z	24760.00000	1555.06529	1538.04709	1524.94676
2025-08-12T13:56:39Z	24760.00000	1555.06544	1538.04614	1524.94659
2025-08-12T13:56:39Z	24760.00000	1555.30135	1538.43748	1524.94348
2025-08-12T13:56:39Z	24761.00000	1555.44996	1538.68939	1524.95388
2025-08-12T13:56:39Z	24761.00000	1555.61405	1538.96640	1524.94515
2025-08-12T13:56:39Z	24761.00000	1555.76260	1539.21749	1524.94151
2025-08-12T13:56:39Z	24761.00000	1555.88040	1539.41753	1524.94580
2025-08-12T13:56:39Z	24761.00000	1555.97616	1539.57548	1524.94326
2025-08-12T13:56:39Z	24761.00000	1556.08179	1539.75670	1524.94539
2025-08-12T13:56:40Z	24761.00000	1556.19698	1539.94978	1524.94574
2025-08-12T13:56:40Z	24761.00000	1556.30840	1540.12892	1524.94879
2025-08-12T13:56:40Z	24761.00000	1556.37917	1540.24973	1524.95015
2025-08-12T13:56:40Z	24761.00000	1556.47815	1540.40488	1524.95028
2025-08-12T13:56:40Z	24762.00000	1556.55167	1540.51995	1524.95350
2025-08-12T13:56:40Z	24762.00000	1556.62621	1540.63776	1524.95417
2025-08-12T13:56:40Z	24762.00000	1556.70158	1540.76657	1524.95493
2025-08-12T13:56:40Z	24762.00000	1556.77185	1540.87914	1524.95509
2025-08-12T13:56:40Z	24762.00000	1556.83054	1540.97584	1524.95817
2025-08-12T13:56:41Z	24762.00000	1556.89008	1541.06589	1524.95763
2025-08-12T13:56:41Z	24762.00000	1556.92874	1541.14004	1524.95861
2025-08-12T13:56:41Z	24762.00000	1556.98054	1541.20559	1524.95977
2025-08-12T13:56:41Z	24762.00000	1557.03203	1541.30162	1524.96082
2025-08-12T13:56:41Z	24762.00000	1557.05890	1541.34137	1524.96052
2025-08-12T13:56:41Z	24763.00000	1557.08967	1541.39193	1524.96294
2025-08-12T13:56:41Z	24763.00000	1557.12957	1541.45644	1524.96247
2025-08-12T13:56:41Z	24763.00000	1557.15735	1541.49726	1524.96278
2025-08-12T13:56:41Z	24763.00000	1557.17518	1541.52253	1524.96176
2025-08-12T13:56:41Z	24763.00000	1557.19758	1541.55363	1524.96413
2025-08-12T13:56:42Z	24763.00000	1557.21623	1541.58551	1524.96467
2025-08-12T13:56:42Z	24763.00000	1557.23240	1541.60773	1524.96605
2025-08-12T13:56:42Z	24763.00000	1557.24726	1541.64956	1524.96484
2025-08-12T13:56:42Z	24763.00000	1557.25736	1541.66410	1524.96481
2025-08-12T13:56:42Z	24763.00000	1557.26780	1541.68242	1524.96450
2025-08-12T13:56:42Z	24764.00000	1557.27546	1541.69109	1524.96670
2025-08-12T13:56:42Z	24764.00000	1557.28249	1541.70340	1524.96620
2025-08-12T13:56:42Z	24764.00000	1557.29669	1541.71555	1524.96570
2025-08-12T13:56:42Z	24764.00000	1557.29873	1541.71929	1524.96669
2025-08-12T13:56:42Z	24764.00000	1557.30188	1541.72486	1524.96617
2025-08-12T13:56:43Z	24764.00000	1557.30399	1541.72483	1524.96594
2025-08-12T13:56:43Z	24764.00000	1557.30588	1541.73254	1524.96635
2025-08-12T13:56:43Z	24764.00000	1555.31722	1538.47794	1524.97942
2025-08-12T13:56:43Z	24764.00000	1555.10395	1538.10516	1524.95958
2025-08-12T13:56:43Z	24764.00000	1555.08806	1538.08722	1524.94804
2025-08-12T13:56:43Z	24765.00000	1555.08451	1538.08013	1524.94473
2025-08-12T13:56:43Z	24765.00000	1555.08363	1538.08033	1524.94832
2025-08-12T13:56:43Z	24765.00000	1555.08253	1538.07619	1524.94773
2025-08-12T13:56:43Z	24765.00000	1555.08135	1538.07235	1524.94693
2025-08-12T13:56:44Z	24765.00000	1555.07987	1538.07176	1524.94647
2025-08-12T13:56:44Z	24765.00000	1555.07809	1538.06790	1524.94639
2025-08-12T13:56:44Z	24765.00000	1555.07908	1538.06804	1524.94679
2025-08-12T13:56:44Z	24765.00000	1555.07802	1538.06674	1524.94645
2025-08-12T13:56:44Z	24765.00000	1555.07698	1538.06603	1524.94674
2025-08-12T13:56:44Z	24766.00000	1555.07614	1538.06388	1524.94660
2025-08-12T13:56:44Z	24766.00000	1555.07667	1538.06199	1524.94791
2025-08-12T13:56:44Z	24766.00000	1555.07537	1538.06222	1524.94562
2025-08-12T13:56:44Z	24766.00000	1555.07408	1538.06059	1524.94605
2025-08-12T13:56:44Z	24766.00000	1555.07367	1538.06008	1524.94662
2025-08-12T13:56:45Z	24766.00000	1555.07390	1538.05882	1524.94708
2025-08-12T13:56:45Z	24766.00000	1555.07352	1538.05953	1524.94651
2025-08-12T13:56:45Z	24766.00000	1555.07332	1538.05920	1524.94731
2025-08-12T13:56:45Z	24766.00000	1555.07325	1538.05836	1524.94783
2025-08-12T13:56:45Z	24766.00000	1555.07227	1538.05727	1524.94721
2025-08-12T13:56:45Z	24767.00000	1555.07185	1538.05828	1524.94708
2025-08-12T13:56:45Z	24767.00000	1555.07180	1538.05622	1524.94731
2025-08-12T13:56:45Z	24767.00000	1555.07205	1538.05711	1524.94725
2025-08-12T13:56:45Z	24767.00000	1555.07111	1538.05626	1524.94700
2025-08-12T13:56:45Z	24767.00000	1555.07092	1538.05522	1524.94758
2025-08-12T13:56:46Z	24767.00000	1555.07049	1538.05454	1524.94724
2025-08-12T13:56:46Z	24767.00000	1555.07099	1538.05447	1524.94695
2025-08-12T13:56:46Z	24767.00000	1555.06969	1538.05337	1524.94769
2025-08-12T13:56:46Z	24767.00000	1555.06943	1538.05426	1524.94746
2025-08-12T13:56:46Z	24767.00000	1555.06921	1538.05341	1524.94758
2025-08-12T13:56:46Z	24768.00000	1555.07036	1538.05243	1524.94663
2025-08-12T13:56:46Z	24768.00000	1555.06972	1538.05288	1524.94728
2025-08-12T13:56:46Z	24768.00000	1555.06964	1538.05263	1524.94728
2025-08-12T13:56:46Z	24768.00000	1555.06914	1538.05208	1524.94763
2025-08-12T13:56:46Z	24768.00000	1555.06890	1538.05085	1524.94668
2025-08-12T13:56:47Z	24768.00000	1555.06912	1538.05114	1524.94694
2025-08-12T13:56:47Z	24768.00000	1555.06867	1538.05107	1524.94689
2025-08-12T13:56:47Z	24768.00000	1555.16987	1538.20103	1524.96112
2025-08-12T13:56:47Z	24768.00000	1555.30200	1538.42649	1524.93644
2025-08-12T13:56:47Z	24769.00000	1555.47418	1538.72385	1524.94021
2025-08-12T13:56:47Z	24769.00000	1555.75940	1539.20842	1524.94200
2025-08-12T13:56:47Z	24769.00000	1555.85934	1539.37613	1524.94765
2025-08-12T13:56:47Z	24769.00000	1555.95430	1539.53992	1524.94525
2025-08-12T13:56:48Z	24769.00000	1556.04330	1539.68905	1524.94354
2025-08-12T13:56:48Z	24769.00000	1556.17816	1539.91796	1524.94778
2025-08-12T13:56:48Z	24769.00000	1556.25782	1540.04798	1524.94782
2025-08-12T13:56:48Z	24769.00000	1556.33665	1540.17736	1524.94896
2025-08-12T13:56:48Z	24769.00000	1556.44652	1540.35523	1524.95041
2025-08-12T13:56:48Z	24770.00000	1556.53812	1540.49225	1524.95195
2025-08-12T13:56:48Z	24770.00000	1556.61039	1540.61049	1524.95255
2025-08-12T13:56:48Z	24770.00000	1556.67913	1540.72214	1524.95465
2025-08-12T13:56:48Z	24770.00000	1556.74149	1540.81714	1524.95632
2025-08-12T13:56:48Z	24770.00000	1556.79362	1540.90504	1524.95562
2025-08-12T13:56:49Z	24770.00000	1556.85751	1541.00446	1524.95600
2025-08-12T13:56:49Z	24770.00000	1556.90636	1541.09493	1524.95859
2025-08-12T13:56:49Z	24770.00000	1556.97867	1541.19844	1524.95928
2025-08-12T13:56:49Z	24770.00000	1557.01883	1541.27222	1524.96014
2025-08-12T13:56:49Z	24770.00000	1557.04774	1541.31475	1524.96085
2025-08-12T13:56:49Z	24771.00000	1557.08070	1541.36465	1524.96157
2025-08-12T13:56:49Z	24771.00000	1557.11033	1541.41053	1524.96224
2025-08-12T13:56:49Z	24771.00000	1557.14218	1541.46280	1524.96338
2025-08-12T13:56:49Z	24771.00000	1557.17650	1541.51386	1524.96379
2025-08-12T13:56:49Z	24771.00000	1557.20208	1541.55083	1524.96336
2025-08-12T13:56:50Z	24771.00000	1557.21613	1541.57237	1524.96419
2025-08-12T13:56:50Z	24771.00000	1557.22803	1541.59923	1524.96472
2025-08-12T13:56:50Z	24771.00000	1557.24372	1541.63042	1524.96436
2025-08-12T13:56:50Z	24771.00000	1557.26003	1541.65301	1524.96498
2025-08-12T13:56:50Z	24771.00000	1557.26963	1541.67222	1524.96509
2025-08-12T13:56:50Z	24772.00000	1557.27911	1541.68269	1524.96616
2025-08-12T13:56:50Z	24772.00000	1557.28550	1541.69074	1524.96544
2025-08-12T13:56:50Z	24772.00000	1557.29583	1541.70215	1524.96509
2025-08-12T13:56:50Z	24772.00000	1557.29959	1541.71332	1524.96637
2025-08-12T13:56:50Z	24772.00000	1557.30467	1541.72043	1524.96677
2025-08-12T13:56:51Z	24772.00000	1557.30768	1541.72332	1524.96663
2025-08-12T13:56:51Z	24772.00000	1557.30925	1541.72496	1524.96632
2025-08-12T13:56:51Z	24772.00000	1556.09747	1539.85824	1524.80208
2025-08-12T13:56:51Z	24772.00000	1555.19236	1538.26126	1524.93638
2025-08-12T13:56:51Z	24772.00000	1555.10283	1538.10331	1524.95619
2025-08-12T13:56:51Z	24773.00000	1555.09166	1538.09614	1524.95361
2025-08-12T13:56:51Z	24773.00000	1555.08668	1538.08526	1524.94607
2025-08-12T13:56:51Z	24773.00000	1555.08404	1538.07979	1524.94438
2025-08-12T13:56:51Z	24773.00000	1555.08406	1538.07865	1524.94696
2025-08-12T13:56:51Z	24773.00000	1555.08183	1538.07457	1524.94636
2025-08-12T13:56:52Z	24773.00000	1555.08144	1538.07287	1524.94755
2025-08-12T13:56:52Z	24773.00000	1555.08110	1538.07250	1524.94699
2025-08-12T13:56:52Z	24773.00000	1555.07967	1538.07095	1524.94681
2025-08-12T13:56:52Z	24773.00000	1555.07939	1538.06978	1524.94695
2025-08-12T13:56:52Z	24774.00000	1555.07881	1538.06786	1524.94705
2025-08-12T13:56:52Z	24774.00000	1555.07778	1538.06667	1524.94704
2025-08-12T13:56:52Z	24774.00000	1555.07609	1538.06362	1524.94505
2025-08-12T13:56:52Z	24774.00000	1555.07617	1538.06132	1524.94625
2025-08-12T13:56:52Z	24774.00000	1555.07681	1538.06269	1524.94812
2025-08-12T13:56:53Z	24774.00000	1555.07678	1538.06229	1524.94866
2025-08-12T13:56:53Z	24774.00000	1555.07512	1538.06123	1524.94731
2025-08-12T13:56:53Z	24774.00000	1555.07476	1538.06101	1524.94673
2025-08-12T13:56:53Z	24774.00000	1555.07415	1538.06022	1524.94697
2025-08-12T13:56:53Z	24774.00000	1555.07334	1538.06017	1524.94755
2025-08-12T13:56:53Z	24775.00000	1555.07282	1538.06008	1524.94714
2025-08-12T13:56:53Z	24775.00000	1555.07369	1538.06019	1524.94818
2025-08-12T13:56:53Z	24775.00000	1555.07294	1538.05937	1524.94735
2025-08-12T13:56:53Z	24775.00000	1555.07286	1538.05897	1524.94740
2025-08-12T13:56:53Z	24775.00000	1555.07181	1538.05779	1524.94811
2025-08-12T13:56:54Z	24775.00000	1555.07263	1538.05796	1524.94707
2025-08-12T13:56:54Z	24775.00000	1555.07237	1538.05644	1524.94723
2025-08-12T13:56:54Z	24775.00000	1555.07144	1538.05608	1524.94773
2025-08-12T13:56:54Z	24775.00000	1555.07051	1538.05584	1524.94722
2025-08-12T13:56:54Z	24776.00000	1555.07007	1538.05626	1524.94786
2025-08-12T13:56:54Z	24776.00000	1555.07053	1538.05510	1524.94730
2025-08-12T13:56:54Z	24776.00000	1555.07083	1538.05345	1524.94745
2025-08-12T13:56:54Z	24776.00000	1555.06884	1538.05350	1524.94727
2025-08-12T13:56:55Z	24776.00000	1555.06912	1538.05337	1524.94707
2025-08-12T13:56:55Z	24776.00000	1555.07033	1538.05303	1524.94728
2025-08-12T13:56:55Z	24776.00000	1555.06953	1538.05265	1524.94645
2025-08-12T13:56:55Z	24776.00000	1555.06962	1538.05257	1524.94676
2025-08-12T13:56:55Z	24776.00000	1555.06994	1538.05189	1524.94690
2025-08-12T13:56:55Z	24777.00000	1555.06857	1538.05297	1524.94885
2025-08-12T13:56:55Z	24777.00000	1555.06867	1538.05036	1524.94706
2025-08-12T13:56:55Z	24777.00000	1555.06870	1538.05175	1524.94806
2025-08-12T13:56:56Z	24777.00000	1555.06848	1538.04992	1524.94657
2025-08-12T13:56:56Z	24777.00000	1555.06803	1538.05113	1524.94741
2025-08-12T13:56:56Z	24777.00000	1555.16900	1538.20409	1524.96043
2025-08-12T13:56:56Z	24777.00000	1555.35001	1538.50816	1524.93801
2025-08-12T13:56:56Z	24778.00000	1555.47493	1538.72486	1524.94322
2025-08-12T13:56:56Z	24778.00000	1555.71616	1539.13456	1524.94672
2025-08-12T13:56:56Z	24778.00000	1555.84038	1539.34032	1524.94162
2025-08-12T13:56:56Z	24778.00000	1555.95803	1539.53939	1524.94522
2025-08-12T13:56:57Z	24778.00000	1556.08288	1539.74720	1524.94432
2025-08-12T13:56:57Z	24778.00000	1556.18573	1539.92025	1524.94693
2025-08-12T13:56:57Z	24778.00000	1556.38423	1540.24421	1524.94949
2025-08-12T13:56:57Z	24778.00000	1556.49465	1540.41886	1524.95184
2025-08-12T13:56:57Z	24779.00000	1556.55496	1540.51224	1524.95291
2025-08-12T13:56:57Z	24779.00000	1556.64101	1540.64610	1524.95318
2025-08-12T13:56:57Z	24779.00000	1556.71752	1540.77404	1524.95366
2025-08-12T13:56:57Z	24779.00000	1556.76769	1540.85140	1524.95523
2025-08-12T13:56:57Z	24779.00000	1556.83738	1540.96987	1524.95706
2025-08-12T13:56:58Z	24779.00000	1556.92942	1541.12075	1524.95831
2025-08-12T13:56:58Z	24779.00000	1556.99219	1541.20846	1524.96039
2025-08-12T13:56:58Z	24779.00000	1557.03591	1541.29127	1524.96120
2025-08-12T13:56:58Z	24780.00000	1557.08960	1541.37228	1524.96152
2025-08-12T13:56:58Z	24780.00000	1557.12454	1541.41571	1524.96155
2025-08-12T13:56:58Z	24780.00000	1557.15511	1541.47455	1524.96236
2025-08-12T13:56:58Z	24780.00000	1557.18108	1541.51695	1524.96377
2025-08-12T13:56:58Z	24780.00000	1557.20395	1541.54347	1524.96381
2025-08-12T13:56:59Z	24780.00000	1557.23608	1541.59390	1524.96319
2025-08-12T13:56:59Z	24780.00000	1557.26260	1541.65118	1524.96628
2025-08-12T13:56:59Z	24780.00000	1557.27422	1541.66858	1524.96451
2025-08-12T13:56:59Z	24781.00000	1557.28360	1541.68043	1524.96570
2025-08-12T13:56:59Z	24781.00000	1557.29536	1541.69292	1524.96596
2025-08-12T13:56:59Z	24781.00000	1557.30103	1541.70529	1524.96535
2025-08-12T13:56:59Z	24781.00000	1557.30596	1541.71302	1524.96659
2025-08-12T13:56:59Z	24781.00000	1557.30954	1541.71704	1524.96573
2025-08-12T13:57:00Z	24781.00000	1557.31248	1541.72179	1524.96630
2025-08-12T13:57:00Z	24781.00000	1555.56567	1538.81971	1524.91173
2025-08-12T13:57:00Z	24781.00000	1555.12539	1538.14643	1524.96307
2025-08-12T13:57:00Z	24781.00000	1555.09352	1538.09535	1524.94809
2025-08-12T13:57:00Z	24781.00000	1555.09083	1538.09154	1524.95148
2025-08-12T13:57:00Z	24782.00000	1555.08789	1538.08764	1524.94930
2025-08-12T13:57:00Z	24782.00000	1555.08524	1538.08288	1524.94982
2025-08-12T13:57:00Z	24782.00000	1555.08235	1538.07802	1524.94583
2025-08-12T13:57:00Z	24782.00000	1555.08221	1538.07539	1524.94614
2025-08-12T13:57:01Z	24782.00000	1555.08173	1538.07494	1524.94684
2025-08-12T13:57:01Z	24782.00000	1555.08012	1538.07255	1524.94685
2025-08-12T13:57:01Z	24782.00000	1555.07970	1538.06907	1524.94625
2025-08-12T13:57:01Z	24782.00000	1555.07922	1538.07035	1524.94723
2025-08-12T13:57:01Z	24783.00000	1555.07790	1538.06509	1524.94662
2025-08-12T13:57:01Z	24783.00000	1555.07744	1538.06763	1524.94807
2025-08-12T13:57:01Z	24783.00000	1555.07829	1538.06763	1524.94873
2025-08-12T13:57:01Z	24783.00000	1555.07754	1538.06551	1524.94750
2025-08-12T13:57:01Z	24783.00000	1555.07542	1538.06222	1524.94643
2025-08-12T13:57:02Z	24783.00000	1555.07542	1538.06268	1524.94714
2025-08-12T13:57:02Z	24783.00000	1555.07541	1538.06214	1524.94671
2025-08-12T13:57:02Z	24783.00000	1555.07486	1538.06148	1524.94688
2025-08-12T13:57:02Z	24783.00000	1555.07393	1538.06049	1524.94704
2025-08-12T13:57:02Z	24784.00000	1555.07387	1538.06094	1524.94688
2025-08-12T13:57:02Z	24784.00000	1555.07363	1538.05919	1524.94696
2025-08-12T13:57:02Z	24784.00000	1555.07354	1538.06049	1524.94739
2025-08-12T13:57:02Z	24784.00000	1555.07227	1538.05833	1524.94728
2025-08-12T13:57:03Z	24784.00000	1555.07247	1538.05659	1524.94777
2025-08-12T13:57:03Z	24784.00000	1555.07203	1538.05763	1524.94704
2025-08-12T13:57:03Z	24784.00000	1555.07204	1538.05629	1524.94737
2025-08-12T13:57:03Z	24784.00000	1555.07126	1538.05627	1524.94700
2025-08-12T13:57:03Z	24784.00000	1555.07170	1538.05529	1524.94671
2025-08-12T13:57:03Z	24784.00000	1555.07153	1538.05497	1524.94662
2025-08-12T13:57:03Z	24785.00000	1555.07067	1538.05633	1524.94728
2025-08-12T13:57:03Z	24785.00000	1555.07146	1538.05470	1524.94751
2025-08-12T13:57:03Z	24785.00000	1555.06947	1538.05444	1524.94638
2025-08-12T13:57:03Z	24785.00000	1555.06972	1538.05422	1524.94702
2025-08-12T13:57:04Z	24785.00000	1555.07056	1538.05454	1524.94663
2025-08-12T13:57:04Z	24785.00000	1555.07106	1538.05471	1524.94709
2025-08-12T13:57:04Z	24785.00000	1555.06944	1538.05276	1524.94692
2025-08-12T13:57:04Z	24785.00000	1555.21180	1538.29196	1524.95465
2025-08-12T13:57:04Z	24786.00000	1555.37439	1538.56365	1524.95524
2025-08-12T13:57:04Z	24786.00000	1555.49749	1538.76220	1524.94566
2025-08-12T13:57:04Z	24786.00000	1555.63513	1538.99487	1524.95203
2025-08-12T13:57:04Z	24786.00000	1555.78712	1539.25569	1524.94703
2025-08-12T13:57:04Z	24786.00000	1555.90706	1539.45776	1524.94754
2025-08-12T13:57:05Z	24786.00000	1556.03831	1539.67600	1524.94791
2025-08-12T13:57:05Z	24786.00000	1556.12779	1539.82286	1524.94514
2025-08-12T13:57:05Z	24786.00000	1556.22400	1539.98850	1524.94821
2025-08-12T13:57:05Z	24786.00000	1556.31937	1540.13382	1524.94854
2025-08-12T13:57:05Z	24786.00000	1556.41805	1540.29692	1524.95048
2025-08-12T13:57:05Z	24786.00000	1556.50286	1540.42886	1524.95131
2025-08-12T13:57:05Z	24787.00000	1556.60176	1540.59048	1524.95216
2025-08-12T13:57:05Z	24787.00000	1556.68311	1540.72135	1524.95336
2025-08-12T13:57:05Z	24787.00000	1556.75542	1540.82873	1524.95510
2025-08-12T13:57:06Z	24787.00000	1556.85955	1541.00010	1524.95582
2025-08-12T13:57:06Z	24787.00000	1556.91015	1541.09108	1524.95843
2025-08-12T13:57:06Z	24787.00000	1556.96082	1541.16141	1524.95921
2025-08-12T13:57:06Z	24787.00000	1557.00948	1541.23568	1524.96012
2025-08-12T13:57:06Z	24787.00000	1557.04106	1541.29541	1524.96086
2025-08-12T13:57:06Z	24788.00000	1557.07336	1541.34406	1524.96118
2025-08-12T13:57:06Z	24788.00000	1557.10463	1541.38762	1524.96210
2025-08-12T13:57:06Z	24788.00000	1557.13581	1541.43553	1524.96237
2025-08-12T13:57:06Z	24788.00000	1557.16668	1541.48976	1524.96306
2025-08-12T13:57:06Z	24788.00000	1557.18908	1541.52186	1524.96376
2025-08-12T13:57:06Z	24788.00000	1557.21248	1541.55756	1524.96433
2025-08-12T13:57:07Z	24788.00000	1557.23048	1541.58623	1524.96332
2025-08-12T13:57:07Z	24788.00000	1557.24640	1541.60961	1524.96457
2025-08-12T13:57:07Z	24788.00000	1557.25737	1541.64055	1524.96633
2025-08-12T13:57:07Z	24788.00000	1557.26897	1541.65766	1524.96524
2025-08-12T13:57:07Z	24789.00000	1557.27830	1541.67070	1524.96486
2025-08-12T13:57:07Z	24789.00000	1557.29370	1541.68424	1524.96671
2025-08-12T13:57:07Z	24789.00000	1557.29904	1541.69525	1524.96594
2025-08-12T13:57:07Z	24789.00000	1557.30269	1541.70447	1524.96568
2025-08-12T13:57:07Z	24789.00000	1557.30811	1541.71212	1524.96599
2025-08-12T13:57:08Z	24789.00000	1557.31183	1541.71783	1524.96701
2025-08-12T13:57:08Z	24789.00000	1557.31417	1541.72318	1524.96664
2025-08-12T13:57:08Z	24789.00000	1556.26280	1540.11113	1524.85906
2025-08-12T13:57:08Z	24789.00000	1555.23169	1538.33646	1524.98407
2025-08-12T13:57:08Z	24789.00000	1555.08447	1538.09172	1524.93666
2025-08-12T13:57:08Z	24790.00000	1555.08917	1538.09006	1524.93827
2025-08-12T13:57:08Z	24790.00000	1555.09062	1538.09162	1524.94936
2025-08-12T13:57:08Z	24790.00000	1555.08565	1538.08226	1524.94321
2025-08-12T13:57:08Z	24790.00000	1555.08438	1538.07945	1524.94387
2025-08-12T13:57:08Z	24790.00000	1555.08454	1538.07998	1524.94731
2025-08-12T13:57:09Z	24790.00000	1555.08382	1538.07699	1524.94897
2025-08-12T13:57:09Z	24790.00000	1555.08230	1538.07517	1524.94650
2025-08-12T13:57:09Z	24790.00000	1555.08163	1538.07401	1524.94638
2025-08-12T13:57:09Z	24790.00000	1555.08154	1538.07235	1524.94732
2025-08-12T13:57:09Z	24790.00000	1555.08067	1538.06869	1524.94706
2025-08-12T13:57:09Z	24790.00000	1555.08029	1538.06940	1524.94660
2025-08-12T13:57:09Z	24791.00000	1555.08001	1538.06817	1524.94744
2025-08-12T13:57:09Z	24791.00000	1555.07888	1538.06894	1524.94748
2025-08-12T13:57:09Z	24791.00000	1555.07941	1538.06719	1524.94924
2025-08-12T13:57:09Z	24791.00000	1555.07892	1538.06751	1524.94845
2025-08-12T13:57:10Z	24791.00000	1555.07652	1538.06281	1524.94783
2025-08-12T13:57:10Z	24791.00000	1555.07666	1538.06258	1524.94751
2025-08-12T13:57:10Z	24791.00000	1555.07648	1538.06266	1524.94648
2025-08-12T13:57:10Z	24791.00000	1555.07519	1538.06182	1524.94688
2025-08-12T13:57:10Z	24792.00000	1555.07517	1538.06127	1524.94714
2025-08-12T13:57:10Z	24792.00000	1555.07430	1538.06163	1524.94704
2025-08-12T13:57:10Z	24792.00000	1555.07516	1538.05968	1524.94716
2025-08-12T13:57:10Z	24792.00000	1555.07408	1538.06055	1524.94738
2025-08-12T13:57:10Z	24792.00000	1555.07376	1538.05889	1524.94772
2025-08-12T13:57:10Z	24792.00000	1555.07322	1538.05992	1524.94728
2025-08-12T13:57:11Z	24792.00000	1555.07309	1538.05967	1524.94771
2025-08-12T13:57:11Z	24792.00000	1555.07339	1538.05923	1524.94726
2025-08-12T13:57:11Z	24792.00000	1555.07361	1538.05876	1524.94755
2025-08-12T13:57:11Z	24792.00000	1555.07313	1538.05880	1524.94706
2025-08-12T13:57:11Z	24792.00000	1555.07259	1538.05680	1524.94791
2025-08-12T13:57:11Z	24793.00000	1555.07283	1538.05820	1524.94724
2025-08-12T13:57:11Z	24793.00000	1555.07177	1538.05698	1524.94772
2025-08-12T13:57:11Z	24793.00000	1555.07247	1538.05568	1524.94731
2025-08-12T13:57:11Z	24793.00000	1555.07190	1538.05627	1524.94757
2025-08-12T13:57:12Z	24793.00000	1555.07120	1538.05661	1524.94730
2025-08-12T13:57:12Z	24793.00000	1555.07075	1538.05542	1524.94766
2025-08-12T13:57:12Z	24793.00000	1555.07117	1538.05470	1524.94720
2025-08-12T13:57:12Z	24793.00000	1555.07081	1538.05484	1524.94691
2025-08-12T13:57:12Z	24793.00000	1555.07059	1538.05451	1524.94826
2025-08-12T13:57:12Z	24794.00000	1555.07091	1538.05435	1524.94772
2025-08-12T13:57:12Z	24794.00000	1555.07075	1538.05396	1524.94756
2025-08-12T13:57:12Z	24794.00000	1555.07047	1538.05438	1524.94717
2025-08-12T13:57:12Z	24794.00000	1555.07014	1538.05421	1524.94669
2025-08-12T13:57:12Z	24794.00000	1555.06994	1538.05282	1524.94697
2025-08-12T13:57:12Z	24794.00000	1555.06914	1538.05459	1524.94764
2025-08-12T13:57:13Z	24794.00000	1555.06966	1538.05286	1524.94717
2025-08-12T13:57:13Z	24794.00000	1555.07015	1538.05259	1524.94696
2025-08-12T13:57:13Z	24794.00000	1555.07565	1538.07705	1524.94441
2025-08-12T13:57:13Z	24794.00000	1555.25914	1538.37813	1524.95721
2025-08-12T13:57:13Z	24795.00000	1555.39841	1538.59130	1524.93746
2025-08-12T13:57:13Z	24795.00000	1555.54136	1538.83550	1524.94719
2025-08-12T13:57:13Z	24795.00000	1555.71872	1539.13794	1524.94814
2025-08-12T13:57:13Z	24795.00000	1555.84367	1539.34485	1524.94234
2025-08-12T13:57:13Z	24795.00000	1555.96037	1539.53989	1524.94366
2025-08-12T13:57:14Z	24795.00000	1556.10084	1539.77758	1524.94768
2025-08-12T13:57:14Z	24795.00000	1556.18704	1539.91909	1524.94529
2025-08-12T13:57:14Z	24795.00000	1556.28350	1540.07619	1524.94896
2025-08-12T13:57:14Z	24795.00000	1556.39794	1540.26317	1524.94989
2025-08-12T13:57:14Z	24795.00000	1556.46878	1540.37425	1524.95089
2025-08-12T13:57:14Z	24796.00000	1556.54522	1540.48943	1524.95262
2025-08-12T13:57:14Z	24796.00000	1556.64127	1540.64164	1524.95298
2025-08-12T13:57:14Z	24796.00000	1556.71700	1540.76909	1524.95392
2025-08-12T13:57:14Z	24796.00000	1556.77755	1540.86012	1524.95551
2025-08-12T13:57:14Z	24796.00000	1556.82719	1540.94771	1524.95613
2025-08-12T13:57:15Z	24796.00000	1556.88037	1541.02721	1524.95659
2025-08-12T13:57:15Z	24796.00000	1556.92947	1541.11462	1524.95823
2025-08-12T13:57:15Z	24796.00000	1556.97934	1541.18746	1524.95936
2025-08-12T13:57:15Z	24796.00000	1557.02174	1541.24857	1524.96006
2025-08-12T13:57:15Z	24796.00000	1557.06722	1541.33095	1524.96150
2025-08-12T13:57:15Z	24797.00000	1557.10042	1541.37802	1524.96183
2025-08-12T13:57:15Z	24797.00000	1557.13243	1541.42308	1524.96229
2025-08-12T13:57:15Z	24797.00000	1557.15419	1541.46829	1524.96320
2025-08-12T13:57:15Z	24797.00000	1557.17933	1541.50093	1524.96380
2025-08-12T13:57:15Z	24797.00000	1557.20431	1541.54289	1524.96416
2025-08-12T13:57:16Z	24797.00000	1557.22388	1541.56867	1524.96319
2025-08-12T13:57:16Z	24797.00000	1557.24579	1541.60265	1524.96542
2025-08-12T13:57:16Z	24797.00000	1557.26147	1541.63835	1524.96455
2025-08-12T13:57:16Z	24797.00000	1557.27495	1541.66396	1524.96602
2025-08-12T13:57:16Z	24797.00000	1557.28258	1541.67427	1524.96577
2025-08-12T13:57:16Z	24798.00000	1557.29727	1541.69074	1524.96538
2025-08-12T13:57:16Z	24798.00000	1557.30846	1541.70793	1524.96577
2025-08-12T13:57:16Z	24798.00000	1557.31292	1541.71160	1524.96572
2025-08-12T13:57:16Z	24798.00000	1557.31390	1541.71786	1524.96553
2025-08-12T13:57:17Z	24798.00000	1557.31854	1541.72306	1524.96503
2025-08-12T13:57:17Z	24798.00000	1555.45633	1538.72169	1524.98109
2025-08-12T13:57:17Z	24798.00000	1555.19654	1538.26856	1524.92997
2025-08-12T13:57:17Z	24798.00000	1555.09110	1538.09218	1524.93877
2025-08-12T13:57:17Z	24799.00000	1555.08990	1538.08834	1524.94112
2025-08-12T13:57:17Z	24799.00000	1555.08874	1538.08590	1524.94723
2025-08-12T13:57:17Z	24799.00000	1555.08932	1538.08610	1524.95121
2025-08-12T13:57:17Z	24799.00000	1555.08623	1538.08469	1524.94807
2025-08-12T13:57:17Z	24799.00000	1555.08487	1538.08127	1524.94916
2025-08-12T13:57:17Z	24799.00000	1555.08364	1538.07734	1524.94814
2025-08-12T13:57:18Z	24799.00000	1555.08255	1538.07415	1524.94700
2025-08-12T13:57:18Z	24799.00000	1555.08131	1538.07309	1524.94675
2025-08-12T13:57:18Z	24799.00000	1555.08192	1538.07329	1524.94721
2025-08-12T13:57:18Z	24799.00000	1555.08113	1538.07030	1524.94653
2025-08-12T13:57:18Z	24800.00000	1555.08055	1538.06998	1524.94769
2025-08-12T13:57:18Z	24800.00000	1555.07945	1538.06896	1524.94714
2025-08-12T13:57:18Z	24800.00000	1555.07825	1538.06724	1524.94596
2025-08-12T13:57:18Z	24800.00000	1555.07970	1538.06838	1524.94909
2025-08-12T13:57:18Z	24800.00000	1555.07916	1538.06714	1524.94813
2025-08-12T13:57:18Z	24800.00000	1555.07743	1538.06561	1524.94767
2025-08-12T13:57:19Z	24800.00000	1555.07611	1538.06235	1524.94638
2025-08-12T13:57:19Z	24800.00000	1555.07720	1538.06383	1524.94723
2025-08-12T13:57:19Z	24800.00000	1555.07656	1538.06189	1524.94763
2025-08-12T13:57:19Z	24800.00000	1555.07490	1538.06115	1524.94721
2025-08-12T13:57:19Z	24800.00000	1555.07577	1538.06170	1524.94759
2025-08-12T13:57:19Z	24801.00000	1555.07480	1538.06254	1524.94689
2025-08-12T13:57:19Z	24801.00000	1555.07509	1538.06136	1524.94709
2025-08-12T13:57:19Z	24801.00000	1555.07418	1538.06115	1524.94730
2025-08-12T13:57:19Z	24801.00000	1555.07405	1538.05878	1524.94729
2025-08-12T13:57:20Z	24801.00000	1555.07445	1538.05913	1524.94713
2025-08-12T13:57:20Z	24801.00000	1555.07312	1538.05940	1524.94747
2025-08-12T13:57:20Z	24801.00000	1555.07342	1538.05869	1524.94702
2025-08-12T13:57:20Z	24801.00000	1555.07284	1538.05899	1524.94730
2025-08-12T13:57:20Z	24801.00000	1555.07227	1538.05709	1524.94741
2025-08-12T13:57:20Z	24802.00000	1555.07311	1538.05721	1524.94751
2025-08-12T13:57:20Z	24802.00000	1555.07293	1538.05771	1524.94752
2025-08-12T13:57:20Z	24802.00000	1555.07233	1538.05764	1524.94718
2025-08-12T13:57:20Z	24802.00000	1555.07222	1538.05655	1524.94695
2025-08-12T13:57:20Z	24802.00000	1555.07259	1538.05718	1524.94700
2025-08-12T13:57:21Z	24802.00000	1555.07134	1538.05514	1524.94708
2025-08-12T13:57:21Z	24802.00000	1555.07059	1538.05591	1524.94801
2025-08-12T13:57:21Z	24802.00000	1555.07204	1538.05506	1524.94723
2025-08-12T13:57:21Z	24802.00000	1555.07108	1538.05415	1524.94715
2025-08-12T13:57:21Z	24802.00000	1555.11109	1538.12402	1524.93531
2025-08-12T13:57:21Z	24803.00000	1555.30955	1538.44176	1524.94055
2025-08-12T13:57:21Z	24803.00000	1555.46179	1538.70174	1524.95465
2025-08-12T13:57:21Z	24803.00000	1555.64731	1539.00970	1524.94609
2025-08-12T13:57:21Z	24803.00000	1555.75097	1539.18863	1524.94951
2025-08-12T13:57:21Z	24803.00000	1555.87242	1539.38887	1524.94814
2025-08-12T13:57:21Z	24803.00000	1555.98821	1539.57979	1524.94328
2025-08-12T13:57:22Z	24803.00000	1556.12932	1539.81902	1524.94614
2025-08-12T13:57:22Z	24803.00000	1556.22422	1539.98647	1524.94876
2025-08-12T13:57:22Z	24803.00000	1556.32020	1540.13023	1524.94873
2025-08-12T13:57:22Z	24803.00000	1556.43298	1540.31177	1524.94766
2025-08-12T13:57:22Z	24804.00000	1556.51567	1540.44535	1524.95072
2025-08-12T13:57:22Z	24804.00000	1556.58701	1540.56205	1524.95330
2025-08-12T13:57:22Z	24804.00000	1556.65044	1540.64936	1524.95347
2025-08-12T13:57:22Z	24804.00000	1556.72314	1540.77709	1524.95355
2025-08-12T13:57:22Z	24804.00000	1556.78436	1540.87141	1524.95542
2025-08-12T13:57:23Z	24804.00000	1556.85448	1540.98569	1524.95701
2025-08-12T13:57:23Z	24804.00000	1556.90395	1541.06294	1524.95743
2025-08-12T13:57:23Z	24804.00000	1556.95221	1541.14906	1524.95778
2025-08-12T13:57:23Z	24804.00000	1557.00641	1541.22126	1524.95924
2025-08-12T13:57:23Z	24804.00000	1557.04447	1541.29268	1524.95960
2025-08-12T13:57:23Z	24805.00000	1557.07745	1541.34123	1524.96041
2025-08-12T13:57:23Z	24805.00000	1557.10850	1541.38893	1524.96253
2025-08-12T13:57:23Z	24805.00000	1557.14134	1541.43025	1524.96344
2025-08-12T13:57:23Z	24805.00000	1557.16515	1541.48414	1524.96343
2025-08-12T13:57:23Z	24805.00000	1557.19653	1541.52548	1524.96435
2025-08-12T13:57:24Z	24805.00000	1557.21274	1541.54909	1524.96423
2025-08-12T13:57:24Z	24805.00000	1557.23885	1541.58734	1524.96398
2025-08-12T13:57:24Z	24805.00000	1557.25021	1541.61019	1524.96500
2025-08-12T13:57:24Z	24805.00000	1557.26625	1541.64786	1524.96548
2025-08-12T13:57:24Z	24805.00000	1557.27401	1541.66169	1524.96560
2025-08-12T13:57:24Z	24806.00000	1557.28219	1541.66887	1524.96548
2025-08-12T13:57:24Z	24806.00000	1557.29469	1541.68202	1524.96562
2025-08-12T13:57:24Z	24806.00000	1557.30015	1541.69188	1524.96537
2025-08-12T13:57:24Z	24806.00000	1557.30538	1541.69909	1524.96619
2025-08-12T13:57:24Z	24806.00000	1557.30992	1541.70544	1524.96485
2025-08-12T13:57:25Z	24806.00000	1557.31414	1541.70856	1524.96643
2025-08-12T13:57:25Z	24806.00000	1557.31642	1541.71395	1524.96647
2025-08-12T13:57:25Z	24806.00000	1557.32057	1541.72046	1524.96685
2025-08-12T13:57:25Z	24806.00000	1555.42850	1538.57685	1524.92769
2025-08-12T13:57:25Z	24806.00000	1555.13122	1538.16862	1524.93850
2025-08-12T13:57:25Z	24807.00000	1555.09136	1538.09045	1524.93702
2025-08-12T13:57:25Z	24807.00000	1555.09263	1538.09568	1524.95284
2025-08-12T13:57:25Z	24807.00000	1555.08830	1538.08478	1524.94469
2025-08-12T13:57:25Z	24807.00000	1555.08640	1538.08227	1524.94366
2025-08-12T13:57:25Z	24807.00000	1555.08573	1538.08196	1524.94679
2025-08-12T13:57:25Z	24807.00000	1555.08528	1538.08127	1524.94950
2025-08-12T13:57:26Z	24807.00000	1555.08385	1538.07922	1524.94779
2025-08-12T13:57:26Z	24807.00000	1555.08214	1538.07510	1524.94675
2025-08-12T13:57:26Z	24807.00000	1555.08152	1538.07235	1524.94662
2025-08-12T13:57:26Z	24807.00000	1555.08229	1538.07349	1524.94673
2025-08-12T13:57:26Z	24807.00000	1555.08107	1538.07042	1524.94675
2025-08-12T13:57:26Z	24808.00000	1555.08055	1538.07056	1524.94680
2025-08-12T13:57:26Z	24808.00000	1555.08016	1538.06859	1524.94693
2025-08-12T13:57:26Z	24808.00000	1555.07938	1538.06723	1524.94531
2025-08-12T13:57:26Z	24808.00000	1555.07969	1538.06918	1524.94804
2025-08-12T13:57:27Z	24808.00000	1555.07861	1538.06488	1524.94578
2025-08-12T13:57:27Z	24808.00000	1555.07803	1538.06447	1524.94711
2025-08-12T13:57:27Z	24808.00000	1555.07780	1538.06539	1524.94788
2025-08-12T13:57:27Z	24808.00000	1555.07749	1538.06436	1524.94700
2025-08-12T13:57:27Z	24808.00000	1555.07667	1538.06535	1524.94693
2025-08-12T13:57:27Z	24809.00000	1555.07648	1538.06452	1524.94676
2025-08-12T13:57:27Z	24809.00000	1555.07581	1538.06334	1524.94726
2025-08-12T13:57:27Z	24809.00000	1555.07518	1538.06216	1524.94719
2025-08-12T13:57:27Z	24809.00000	1555.07482	1538.06098	1524.94720
2025-08-12T13:57:27Z	24809.00000	1555.07573	1538.06151	1524.94710
2025-08-12T13:57:28Z	24809.00000	1555.07483	1538.05987	1524.94750
2025-08-12T13:57:28Z	24809.00000	1555.07319	1538.06053	1524.94749
2025-08-12T13:57:28Z	24809.00000	1555.07417	1538.05948	1524.94780
2025-08-12T13:57:28Z	24810.00000	1555.07373	1538.05809	1524.94706
2025-08-12T13:57:28Z	24810.00000	1555.07270	1538.05721	1524.94760
2025-08-12T13:57:28Z	24810.00000	1555.07296	1538.05828	1524.94703
2025-08-12T13:57:28Z	24810.00000	1555.07264	1538.05803	1524.94699
2025-08-12T13:57:28Z	24810.00000	1555.07298	1538.05716	1524.94722
2025-08-12T13:57:29Z	24810.00000	1555.07303	1538.05653	1524.94711
2025-08-12T13:57:29Z	24810.00000	1555.07246	1538.05623	1524.94705
2025-08-12T13:57:29Z	24810.00000	1555.07223	1538.05563	1524.94715
2025-08-12T13:57:29Z	24810.00000	1555.07241	1538.05554	1524.94750
2025-08-12T13:57:29Z	24810.00000	1555.07194	1538.05542	1524.94629
2025-08-12T13:57:29Z	24811.00000	1555.07243	1538.05450	1524.94702
2025-08-12T13:57:29Z	24811.00000	1555.07144	1538.05407	1524.94668
2025-08-12T13:57:29Z	24811.00000	1555.07226	1538.05451	1524.94720
2025-08-12T13:57:29Z	24811.00000	1555.07096	1538.05478	1524.94729
2025-08-12T13:57:29Z	24811.00000	1555.07005	1538.05344	1524.94663
2025-08-12T13:57:29Z	24811.00000	1555.07055	1538.05425	1524.94692
2025-08-12T13:57:30Z	24811.00000	1555.07100	1538.05467	1524.94736
2025-08-12T13:57:30Z	24811.00000	1555.06980	1538.05422	1524.94739
2025-08-12T13:57:30Z	24811.00000	1555.06976	1538.05493	1524.94695
2025-08-12T13:57:30Z	24811.00000	1555.27520	1538.39723	1524.96038
2025-08-12T13:57:30Z	24812.00000	1555.43369	1538.64853	1524.94394
2025-08-12T13:57:30Z	24812.00000	1555.54929	1538.84779	1524.95287
2025-08-12T13:57:30Z	24812.00000	1555.68702	1539.07867	1524.94714
2025-08-12T13:57:30Z	24812.00000	1555.83154	1539.32203	1524.94910
2025-08-12T13:57:30Z	24812.00000	1555.95209	1539.51716	1524.94515
2025-08-12T13:57:31Z	24812.00000	1556.09202	1539.75367	1524.94531
2025-08-12T13:57:31Z	24812.00000	1556.21185	1539.95121	1524.94497
2025-08-12T13:57:31Z	24812.00000	1556.29054	1540.08186	1524.94772
2025-08-12T13:57:31Z	24812.00000	1556.36391	1540.20479	1524.94945
2025-08-12T13:57:31Z	24812.00000	1556.44736	1540.33393	1524.94963
2025-08-12T13:57:31Z	24813.00000	1556.52912	1540.46001	1524.95016
2025-08-12T13:57:31Z	24813.00000	1556.61190	1540.59796	1524.95252
2025-08-12T13:57:31Z	24813.00000	1556.70405	1540.74484	1524.95411
2025-08-12T13:57:31Z	24813.00000	1556.76541	1540.83453	1524.95456
2025-08-12T13:57:31Z	24813.00000	1556.81862	1540.92187	1524.95687
2025-08-12T13:57:31Z	24813.00000	1556.87165	1541.00968	1524.95761
2025-08-12T13:57:32Z	24813.00000	1556.93803	1541.12462	1524.95767
2025-08-12T13:57:32Z	24813.00000	1556.98646	1541.18769	1524.95999
2025-08-12T13:57:32Z	24813.00000	1557.02076	1541.23828	1524.96011
2025-08-12T13:57:32Z	24813.00000	1557.07210	1541.33045	1524.96096
2025-08-12T13:57:32Z	24814.00000	1557.11392	1541.39012	1524.96227
2025-08-12T13:57:32Z	24814.00000	1557.14112	1541.42865	1524.96148
2025-08-12T13:57:32Z	24814.00000	1557.16288	1541.47383	1524.96337
2025-08-12T13:57:32Z	24814.00000	1557.19085	1541.51202	1524.96405
2025-08-12T13:57:32Z	24814.00000	1557.20814	1541.53659	1524.96434
2025-08-12T13:57:33Z	24814.00000	1557.22528	1541.56497	1524.96473
2025-08-12T13:57:33Z	24814.00000	1557.24153	1541.58687	1524.96519
2025-08-12T13:57:33Z	24814.00000	1557.25701	1541.61240	1524.96583
2025-08-12T13:57:33Z	24814.00000	1557.26749	1541.64145	1524.96506
2025-08-12T13:57:33Z	24814.00000	1557.27707	1541.65632	1524.96587
2025-08-12T13:57:33Z	24815.00000	1557.28439	1541.67042	1524.96574
2025-08-12T13:57:33Z	24815.00000	1557.29718	1541.68093	1524.96535
2025-08-12T13:57:33Z	24815.00000	1557.30545	1541.69189	1524.96652
2025-08-12T13:57:33Z	24815.00000	1557.30909	1541.69783	1524.96622
2025-08-12T13:57:33Z	24815.00000	1557.31398	1541.70526	1524.96618
2025-08-12T13:57:34Z	24815.00000	1557.31654	1541.71375	1524.96607
2025-08-12T13:57:34Z	24815.00000	1556.50611	1540.44199	1524.96309
2025-08-12T13:57:34Z	24815.00000	1555.32405	1538.43322	1524.93381
2025-08-12T13:57:34Z	24815.00000	1555.13156	1538.14890	1524.96024
2025-08-12T13:57:34Z	24815.00000	1555.09116	1538.09272	1524.94370
2025-08-12T13:57:34Z	24816.00000	1555.08956	1538.09055	1524.94597
2025-08-12T13:57:34Z	24816.00000	1555.09187	1538.09327	1524.95364
2025-08-12T13:57:34Z	24816.00000	1555.08732	1538.08375	1524.94706
2025-08-12T13:57:34Z	24816.00000	1555.08414	1538.07728	1524.94479
2025-08-12T13:57:34Z	24816.00000	1555.08484	1538.07980	1524.94772
2025-08-12T13:57:35Z	24816.00000	1555.08310	1538.07734	1524.94801
2025-08-12T13:57:35Z	24816.00000	1555.08107	1538.07231	1524.94642
2025-08-12T13:57:35Z	24816.00000	1555.08155	1538.07320	1524.94729
2025-08-12T13:57:35Z	24816.00000	1555.08106	1538.07161	1524.94706
2025-08-12T13:57:35Z	24817.00000	1555.08080	1538.07063	1524.94687
2025-08-12T13:57:35Z	24817.00000	1555.08037	1538.07037	1524.94712
2025-08-12T13:57:35Z	24817.00000	1555.07967	1538.06892	1524.94559
2025-08-12T13:57:35Z	24817.00000	1555.08027	1538.07109	1524.94883
2025-08-12T13:57:35Z	24817.00000	1555.07897	1538.06817	1524.94683
2025-08-12T13:57:36Z	24817.00000	1555.07862	1538.06788	1524.94854
2025-08-12T13:57:36Z	24817.00000	1555.07717	1538.06536	1524.94684
2025-08-12T13:57:36Z	24817.00000	1555.07830	1538.06516	1524.94746
2025-08-12T13:57:36Z	24817.00000	1555.07704	1538.06367	1524.94718
2025-08-12T13:57:36Z	24817.00000	1555.07729	1538.06311	1524.94746
2025-08-12T13:57:36Z	24818.00000	1555.07579	1538.06272	1524.94726
2025-08-12T13:57:36Z	24818.00000	1555.07636	1538.06311	1524.94735
2025-08-12T13:57:36Z	24818.00000	1555.07600	1538.06244	1524.94704
2025-08-12T13:57:36Z	24818.00000	1555.07561	1538.06248	1524.94701
2025-08-12T13:57:36Z	24818.00000	1555.07493	1538.06223	1524.94754
2025-08-12T13:57:36Z	24818.00000	1555.07436	1538.06101	1524.94740
2025-08-12T13:57:37Z	24818.00000	1555.07422	1538.06038	1524.94705
2025-08-12T13:57:37Z	24818.00000	1555.07434	1538.05878	1524.94743
2025-08-12T13:57:37Z	24818.00000	1555.07363	1538.05952	1524.94720
2025-08-12T13:57:37Z	24818.00000	1555.07355	1538.05972	1524.94828
2025-08-12T13:57:37Z	24819.00000	1555.07367	1538.05844	1524.94797
2025-08-12T13:57:37Z	24819.00000	1555.07337	1538.05921	1524.94897
2025-08-12T13:57:37Z	24819.00000	1555.07307	1538.05874	1524.94759
2025-08-12T13:57:37Z	24819.00000	1555.07335	1538.05643	1524.94661
2025-08-12T13:57:37Z	24819.00000	1555.07287	1538.05802	1524.94770
2025-08-12T13:57:37Z	24819.00000	1555.07236	1538.05729	1524.94702
2025-08-12T13:57:38Z	24819.00000	1555.07253	1538.05517	1524.94702
2025-08-12T13:57:38Z	24819.00000	1555.07279	1538.05690	1524.94740
2025-08-12T13:57:38Z	24819.00000	1555.17176	1538.23129	1524.96184
2025-08-12T13:57:38Z	24819.00000	1555.39612	1538.58055	1524.93967
2025-08-12T13:57:38Z	24820.00000	1555.51560	1538.78922	1524.95385
2025-08-12T13:57:38Z	24820.00000	1555.65320	1539.01959	1524.94306
2025-08-12T13:57:38Z	24820.00000	1555.82330	1539.30452	1524.94394
2025-08-12T13:57:38Z	24820.00000	1555.97785	1539.56043	1524.94786
2025-08-12T13:57:38Z	24820.00000	1556.08516	1539.74358	1524.94544
2025-08-12T13:57:39Z	24820.00000	1556.17167	1539.88450	1524.94800
2025-08-12T13:57:39Z	24820.00000	1556.25023	1540.01931	1524.94653
2025-08-12T13:57:39Z	24820.00000	1556.34321	1540.16849	1524.94925
2025-08-12T13:57:39Z	24820.00000	1556.42761	1540.29968	1524.94940
2025-08-12T13:57:39Z	24820.00000	1556.53630	1540.46854	1524.95160
2025-08-12T13:57:39Z	24821.00000	1556.62359	1540.60549	1524.95305
2025-08-12T13:57:39Z	24821.00000	1556.67881	1540.68805	1524.95317
2025-08-12T13:57:39Z	24821.00000	1556.73004	1540.78349	1524.95478
2025-08-12T13:57:39Z	24821.00000	1556.79544	1540.87376	1524.95604
2025-08-12T13:57:39Z	24821.00000	1556.86089	1540.98631	1524.95641
2025-08-12T13:57:40Z	24821.00000	1556.92003	1541.08853	1524.95802
2025-08-12T13:57:40Z	24821.00000	1556.96969	1541.16232	1524.95909
2025-08-12T13:57:40Z	24821.00000	1557.01198	1541.22239	1524.95941
2025-08-12T13:57:40Z	24821.00000	1557.05377	1541.30120	1524.96085
2025-08-12T13:57:40Z	24822.00000	1557.11277	1541.38835	1524.96229
2025-08-12T13:57:40Z	24822.00000	1557.14961	1541.44909	1524.96261
2025-08-12T13:57:40Z	24822.00000	1557.17805	1541.49146	1524.96434
2025-08-12T13:57:40Z	24822.00000	1557.20167	1541.52366	1524.96410
2025-08-12T13:57:40Z	24822.00000	1557.22251	1541.55928	1524.96434
2025-08-12T13:57:40Z	24822.00000	1557.23658	1541.57679	1524.96450
2025-08-12T13:57:41Z	24822.00000	1557.25508	1541.60694	1524.96523
2025-08-12T13:57:41Z	24822.00000	1557.26525	1541.63679	1524.96565
2025-08-12T13:57:41Z	24822.00000	1557.27712	1541.65274	1524.96602
2025-08-12T13:57:41Z	24822.00000	1557.29174	1541.67239	1524.96465
2025-08-12T13:57:41Z	24823.00000	1557.29947	1541.68378	1524.96567
2025-08-12T13:57:41Z	24823.00000	1557.31318	1541.70037	1524.96559
2025-08-12T13:57:41Z	24823.00000	1557.31682	1541.70846	1524.96553
2025-08-12T13:57:41Z	24823.00000	1557.31825	1541.70808	1524.96606
2025-08-12T13:57:42Z	24823.00000	1557.32062	1541.71391	1524.96684
2025-08-12T13:57:42Z	24823.00000	1557.32399	1541.71692	1524.96572
2025-08-12T13:57:42Z	24823.00000	1555.64625	1538.90471	1524.89659
2025-08-12T13:57:42Z	24823.00000	1555.24444	1538.31473	1524.94849
2025-08-12T13:57:42Z	24823.00000	1555.09711	1538.10278	1524.94678
2025-08-12T13:57:42Z	24824.00000	1555.09617	1538.10132	1524.95461
2025-08-12T13:57:42Z	24824.00000	1555.09546	1538.09782	1524.95398
2025-08-12T13:57:42Z	24824.00000	1555.09046	1538.08930	1524.94783
2025-08-12T13:57:42Z	24824.00000	1555.08926	1538.08891	1524.95146
2025-08-12T13:57:42Z	24824.00000	1555.08741	1538.08381	1524.94840
2025-08-12T13:57:43Z	24824.00000	1555.08670	1538.08365	1524.94935
2025-08-12T13:57:43Z	24824.00000	1555.08431	1538.07784	1524.94722
2025-08-12T13:57:43Z	24824.00000	1555.08290	1538.07658	1524.94676
2025-08-12T13:57:43Z	24824.00000	1555.08213	1538.07433	1524.94681
2025-08-12T13:57:43Z	24825.00000	1555.08246	1538.07442	1524.94714
2025-08-12T13:57:43Z	24825.00000	1555.08216	1538.07141	1524.94688
2025-08-12T13:57:43Z	24825.00000	1555.08129	1538.07365	1524.94986
2025-08-12T13:57:43Z	24825.00000	1555.08039	1538.06922	1524.94838
2025-08-12T13:57:44Z	24825.00000	1555.07948	1538.06816	1524.94725
2025-08-12T13:57:44Z	24825.00000	1555.07959	1538.06846	1524.94742
2025-08-12T13:57:44Z	24825.00000	1555.07840	1538.06672	1524.94704
2025-08-12T13:57:44Z	24826.00000	1555.07833	1538.06701	1524.94739
2025-08-12T13:57:44Z	24826.00000	1555.07713	1538.06441	1524.94725
2025-08-12T13:57:44Z	24826.00000	1555.07719	1538.06434	1524.94749
2025-08-12T13:57:44Z	24826.00000	1555.07655	1538.06258	1524.94805
2025-08-12T13:57:44Z	24826.00000	1555.07641	1538.06396	1524.94773
2025-08-12T13:57:45Z	24826.00000	1555.07520	1538.06189	1524.94742
2025-08-12T13:57:45Z	24826.00000	1555.07547	1538.06219	1524.94762
2025-08-12T13:57:45Z	24826.00000	1555.07511	1538.06279	1524.94759
2025-08-12T13:57:45Z	24826.00000	1555.07593	1538.06152	1524.94736
2025-08-12T13:57:45Z	24827.00000	1555.07478	1538.06049	1524.94739
2025-08-12T13:57:45Z	24827.00000	1555.07431	1538.06087	1524.94726
2025-08-12T13:57:45Z	24827.00000	1555.07455	1538.05917	1524.94765
2025-08-12T13:57:45Z	24827.00000	1555.07358	1538.05988	1524.94785
2025-08-12T13:57:45Z	24827.00000	1555.07388	1538.05942	1524.94739
2025-08-12T13:57:46Z	24827.00000	1555.07412	1538.05822	1524.94756
2025-08-12T13:57:46Z	24827.00000	1555.07342	1538.05849	1524.94738
2025-08-12T13:57:46Z	24827.00000	1555.07337	1538.05818	1524.94754
2025-08-12T13:57:46Z	24827.00000	1555.07340	1538.05632	1524.94776
2025-08-12T13:57:46Z	24828.00000	1555.07313	1538.05691	1524.94740
2025-08-12T13:57:46Z	24828.00000	1555.07346	1538.05653	1524.94723
2025-08-12T13:57:46Z	24828.00000	1555.07239	1538.05514	1524.94766
2025-08-12T13:57:46Z	24828.00000	1555.07231	1538.05566	1524.94756
2025-08-12T13:57:47Z	24828.00000	1555.07169	1538.05559	1524.94766
2025-08-12T13:57:47Z	24828.00000	1555.07223	1538.05584	1524.94752
2025-08-12T13:57:47Z	24828.00000	1555.07104	1538.05524	1524.94823
2025-08-12T13:57:47Z	24828.00000	1555.07119	1538.05453	1524.94768
2025-08-12T13:57:47Z	24829.00000	1555.07190	1538.05299	1524.94741
2025-08-12T13:57:47Z	24829.00000	1555.07160	1538.05320	1524.94748
2025-08-12T13:57:47Z	24829.00000	1555.07087	1538.05449	1524.94727
2025-08-12T13:57:47Z	24829.00000	1555.07034	1538.05372	1524.94749
2025-08-12T13:57:47Z	24829.00000	1555.07110	1538.05356	1524.94765
2025-08-12T13:57:48Z	24829.00000	1555.07068	1538.05269	1524.94735
2025-08-12T13:57:48Z	24829.00000	1555.07035	1538.05321	1524.94777
2025-08-12T13:57:48Z	24829.00000	1555.07036	1538.05300	1524.94721
2025-08-12T13:57:48Z	24829.00000	1555.07020	1538.05349	1524.94712
2025-08-12T13:57:48Z	24830.00000	1555.07012	1538.05226	1524.94766
2025-08-12T13:57:48Z	24830.00000	1555.07076	1538.05254	1524.94721
2025-08-12T13:57:48Z	24830.00000	1555.06964	1538.05223	1524.94748
2025-08-12T13:57:48Z	24830.00000	1555.06924	1538.05211	1524.94730
2025-08-12T13:57:48Z	24830.00000	1555.06917	1538.05260	1524.94766
2025-08-12T13:57:49Z	24830.00000	1555.07012	1538.05155	1524.94720
2025-08-12T13:57:49Z	24830.00000	1555.06994	1538.05164	1524.94761
2025-08-12T13:57:49Z	24830.00000	1555.06959	1538.05042	1524.94703
2025-08-12T13:57:49Z	24830.00000	1555.07041	1538.05102	1524.94719
2025-08-12T13:57:49Z	24830.00000	1555.06938	1538.05086	1524.94742
2025-08-12T13:57:49Z	24831.00000	1555.06893	1538.05097	1524.94734
2025-08-12T13:57:49Z	24831.00000	1555.06889	1538.05115	1524.94759
2025-08-12T13:57:49Z	24831.00000	1555.06950	1538.05021	1524.94708
2025-08-12T13:57:49Z	24831.00000	1555.06894	1538.05049	1524.94770
2025-08-12T13:57:49Z	24831.00000	1555.06846	1538.05094	1524.94727
2025-08-12T13:57:50Z	24831.00000	1555.06814	1538.04974	1524.94745
2025-08-12T13:57:50Z	24831.00000	1555.06919	1538.04962	1524.94707
2025-08-12T13:57:50Z	24831.00000	1555.06853	1538.05029	1524.94704
2025-08-12T13:57:50Z	24831.00000	1555.06761	1538.04873	1524.94718
2025-08-12T13:57:50Z	24831.00000	1555.06828	1538.04874	1524.94727
2025-08-12T13:57:50Z	24832.00000	1555.06758	1538.04944	1524.94702
2025-08-12T13:57:50Z	24832.00000	1555.06787	1538.04923	1524.94761
2025-08-12T13:57:50Z	24832.00000	1555.06744	1538.05008	1524.94734
2025-08-12T13:57:50Z	24832.00000	1555.06795	1538.04966	1524.94712
2025-08-12T13:57:50Z	24832.00000	1555.06777	1538.04909	1524.94708
2025-08-12T13:57:51Z	24832.00000	1555.06763	1538.05150	1524.94722
2025-08-12T13:57:51Z	24832.00000	1555.06809	1538.04822	1524.94707
2025-08-12T13:57:51Z	24833.00000	1555.06757	1538.04822	1524.94693
2025-08-12T13:57:51Z	24833.00000	1555.06715	1538.04963	1524.94741
2025-08-12T13:57:51Z	24833.00000	1555.06723	1538.04892	1524.94745
2025-08-12T13:57:51Z	24833.00000	1555.06712	1538.04871	1524.94723
2025-08-12T13:57:51Z	24833.00000	1555.06672	1538.04796	1524.94699
2025-08-12T13:57:52Z	24833.00000	1555.06708	1538.04869	1524.94736
2025-08-12T13:57:52Z	24833.00000	1555.06651	1538.04893	1524.94692
2025-08-12T13:57:52Z	24833.00000	1555.06616	1538.04914	1524.94708
2025-08-12T13:57:52Z	24833.00000	1555.06620	1538.04614	1524.94661
2025-08-12T13:57:52Z	24833.00000	1555.06601	1538.04785	1524.94686
2025-08-12T13:57:52Z	24834.00000	1555.06593	1538.04737	1524.94691
2025-08-12T13:57:52Z	24834.00000	1555.06611	1538.04900	1524.94704
2025-08-12T13:57:52Z	24834.00000	1555.06579	1538.04906	1524.94731
2025-08-12T13:57:52Z	24834.00000	1555.06557	1538.04612	1524.94721
2025-08-12T13:57:53Z	24834.00000	1555.06565	1538.04591	1524.94725
2025-08-12T13:57:53Z	24834.00000	1555.06537	1538.04699	1524.94701
2025-08-12T13:57:53Z	24834.00000	1555.06532	1538.04516	1524.94687
2025-08-12T13:57:53Z	24834.00000	1555.06543	1538.04536	1524.94690
2025-08-12T13:57:53Z	24834.00000	1555.06525	1538.04738	1524.94731
2025-08-12T13:57:53Z	24835.00000	1555.06576	1538.04633	1524.94677
2025-08-12T13:57:53Z	24835.00000	1555.06565	1538.04571	1524.94680
2025-08-12T13:57:53Z	24835.00000	1555.06526	1538.04501	1524.94671
2025-08-12T13:57:53Z	24835.00000	1555.06537	1538.04574	1524.94707
2025-08-12T13:57:53Z	24835.00000	1555.06464	1538.04436	1524.94667
2025-08-12T13:57:54Z	24835.00000	1555.06519	1538.04466	1524.94718
2025-08-12T13:57:54Z	24835.00000	1555.06492	1538.04517	1524.94709
2025-08-12T13:57:54Z	24835.00000	1555.06485	1538.04555	1524.94693
2025-08-12T13:57:54Z	24835.00000	1555.06483	1538.04395	1524.94686
2025-08-12T13:57:54Z	24836.00000	1555.06474	1538.04433	1524.94762
2025-08-12T13:57:54Z	24836.00000	1555.06514	1538.04531	1524.94758
2025-08-12T13:57:54Z	24836.00000	1555.06436	1538.04360	1524.94702
2025-08-12T13:57:54Z	24836.00000	1555.06423	1538.04362	1524.94701
2025-08-12T13:57:54Z	24836.00000	1555.06485	1538.04400	1524.94694
2025-08-12T13:57:55Z	24836.00000	1555.06436	1538.04261	1524.94683
2025-08-12T13:57:55Z	24836.00000	1555.06361	1538.04356	1524.94683
2025-08-12T13:57:55Z	24837.00000	1555.06401	1538.04286	1524.94673
2025-08-12T13:57:55Z	24837.00000	1555.06331	1538.04438	1524.94733
2025-08-12T13:57:55Z	24837.00000	1555.06400	1538.04429	1524.94746
2025-08-12T13:57:55Z	24837.00000	1555.06374	1538.04283	1524.94663
2025-08-12T13:57:56Z	24837.00000	1555.06446	1538.04237	1524.94680
2025-08-12T13:57:56Z	24837.00000	1555.06343	1538.04291	1524.94674
2025-08-12T13:57:56Z	24837.00000	1555.06363	1538.04372	1524.94714
2025-08-12T13:57:56Z	24837.00000	1555.06385	1538.04385	1524.94689
2025-08-12T13:57:56Z	24837.00000	1555.06353	1538.04277	1524.94664
2025-08-12T13:57:56Z	24838.00000	1555.06383	1538.04319	1524.94675
2025-08-12T13:57:56Z	24838.00000	1555.06359	1538.04172	1524.94756
2025-08-12T13:57:56Z	24838.00000	1555.06336	1538.04335	1524.94680
2025-08-12T13:57:56Z	24838.00000	1555.06376	1538.04149	1524.94760
2025-08-12T13:57:57Z	24838.00000	1555.06331	1538.04314	1524.94714
2025-08-12T13:57:57Z	24838.00000	1555.06364	1538.04315	1524.94675
2025-08-12T13:57:57Z	24838.00000	1555.06302	1538.04320	1524.94694
2025-08-12T13:57:57Z	24838.00000	1555.06381	1538.04189	1524.94683
2025-08-12T13:57:57Z	24839.00000	1555.06298	1538.04106	1524.94721
2025-08-12T13:57:57Z	24839.00000	1555.06272	1538.04179	1524.94688
2025-08-12T13:57:57Z	24839.00000	1555.06345	1538.04122	1524.94684
2025-08-12T13:57:57Z	24839.00000	1555.06261	1538.04173	1524.94678
2025-08-12T13:57:58Z	24839.00000	1555.06294	1538.04170	1524.94664
2025-08-12T13:57:58Z	24839.00000	1555.06350	1538.04206	1524.94718
2025-08-12T13:57:58Z	24839.00000	1555.06325	1538.04218	1524.94704
2025-08-12T13:57:58Z	24839.00000	1555.06286	1538.04057	1524.94675
2025-08-12T13:57:58Z	24839.00000	1555.06240	1538.04126	1524.94750
2025-08-12T13:57:58Z	24840.00000	1555.06269	1538.04222	1524.94679
2025-08-12T13:57:58Z	24840.00000	1555.06272	1538.04012	1524.94710
2025-08-12T13:57:58Z	24840.00000	1555.06273	1538.04104	1524.94711
2025-08-12T13:57:58Z	24840.00000	1555.06257	1538.04158	1524.94710
2025-08-12T13:57:58Z	24840.00000	1555.06250	1538.04191	1524.94713
2025-08-12T13:57:59Z	24840.00000	1555.06264	1538.04041	1524.94693
2025-08-12T13:57:59Z	24840.00000	1555.06243	1538.04106	1524.94674
2025-08-12T13:57:59Z	24840.00000	1555.06275	1538.04210	1524.94676
2025-08-12T13:57:59Z	24840.00000	1555.06221	1538.04162	1524.94676
2025-08-12T13:57:59Z	24841.00000	1555.06254	1538.04184	1524.94700
2025-08-12T13:57:59Z	24841.00000	1555.06215	1538.04129	1524.94663
2025-08-12T13:57:59Z	24841.00000	1555.06223	1538.03944	1524.94672
2025-08-12T13:57:59Z	24841.00000	1555.06257	1538.04041	1524.94713
2025-08-12T13:58:00Z	24841.00000	1555.06298	1538.03949	1524.94683
2025-08-12T13:58:00Z	24841.00000	1555.06217	1538.04035	1524.94696
2025-08-12T13:58:00Z	24841.00000	1555.06284	1538.04085	1524.94667
2025-08-12T13:58:00Z	24841.00000	1555.06221	1538.04005	1524.94710
2025-08-12T13:58:00Z	24841.00000	1555.06266	1538.03911	1524.94700
2025-08-12T13:58:00Z	24842.00000	1555.06293	1538.04011	1524.94677
2025-08-12T13:58:00Z	24842.00000	1555.06241	1538.03998	1524.94673
2025-08-12T13:58:00Z	24842.00000	1555.06216	1538.03952	1524.94684
2025-08-12T13:58:00Z	24842.00000	1555.06216	1538.03886	1524.94672
2025-08-12T13:58:01Z	24842.00000	1555.06232	1538.04050	1524.94655
2025-08-12T13:58:01Z	24842.00000	1555.06214	1538.04065	1524.94668
2025-08-12T13:58:01Z	24842.00000	1555.06201	1538.03880	1524.94674
2025-08-12T13:58:01Z	24842.00000	1555.06207	1538.03878	1524.94711
2025-08-12T13:58:01Z	24843.00000	1555.06246	1538.03909	1524.94706
2025-08-12T13:58:01Z	24843.00000	1555.06190	1538.03916	1524.94716
2025-08-12T13:58:01Z	24843.00000	1555.06218	1538.03924	1524.94667
2025-08-12T13:58:01Z	24843.00000	1555.06172	1538.03723	1524.94709
2025-08-12T13:58:02Z	24843.00000	1555.06175	1538.04044	1524.94669
2025-08-12T13:58:02Z	24843.00000	1555.06176	1538.03861	1524.94671
2025-08-12T13:58:02Z	24843.00000	1555.06156	1538.03906	1524.94708
2025-08-12T13:58:02Z	24843.00000	1555.06192	1538.03909	1524.94682
2025-08-12T13:58:02Z	24844.00000	1555.06155	1538.03837	1524.94654
2025-08-12T13:58:02Z	24844.00000	1555.06211	1538.03836	1524.94660
2025-08-12T13:58:02Z	24844.00000	1555.06181	1538.03862	1524.94685
2025-08-12T13:58:02Z	24844.00000	1555.06162	1538.03866	1524.94657
2025-08-12T13:58:03Z	24844.00000	1555.06160	1538.03772	1524.94702
2025-08-12T13:58:03Z	24844.00000	1555.06197	1538.03862	1524.94657
2025-08-12T13:58:03Z	24844.00000	1555.06163	1538.03884	1524.94695
2025-08-12T13:58:03Z	24844.00000	1555.06157	1538.03879	1524.94710
2025-08-12T13:58:03Z	24844.00000	1555.06119	1538.03869	1524.94737
2025-08-12T13:58:03Z	24845.00000	1555.06116	1538.03718	1524.94690
2025-08-12T13:58:03Z	24845.00000	1555.06139	1538.03729	1524.94658
2025-08-12T13:58:03Z	24845.00000	1555.06108	1538.03620	1524.94699
2025-08-12T13:58:03Z	24845.00000	1555.06209	1538.03739	1524.94702
2025-08-12T13:58:03Z	24845.00000	1555.06194	1538.03891	1524.94708
2025-08-12T13:58:04Z	24845.00000	1555.06144	1538.03648	1524.94665
2025-08-12T13:58:04Z	24845.00000	1555.06114	1538.03775	1524.94706
2025-08-12T13:58:04Z	24845.00000	1555.06124	1538.03784	1524.94707
2025-08-12T13:58:04Z	24846.00000	1555.06155	1538.03773	1524.94616
2025-08-12T13:58:04Z	24846.00000	1555.06148	1538.03787	1524.94700
2025-08-12T13:58:04Z	24846.00000	1555.06108	1538.03796	1524.94690
2025-08-12T13:58:04Z	24846.00000	1555.06181	1538.03747	1524.94658
2025-08-12T13:58:04Z	24846.00000	1555.06112	1538.03670	1524.94667
2025-08-12T13:58:04Z	24846.00000	1555.06196	1538.03855	1524.94660
2025-08-12T13:58:05Z	24846.00000	1555.06088	1538.03848	1524.94674
2025-08-12T13:58:05Z	24846.00000	1555.06143	1538.03694	1524.94674
2025-08-12T13:58:05Z	24846.00000	1555.06146	1538.03719	1524.94690
2025-08-12T13:58:05Z	24846.00000	1555.06065	1538.03886	1524.94705
2025-08-12T13:58:05Z	24847.00000	1555.06129	1538.03654	1524.94687
2025-08-12T13:58:05Z	24847.00000	1555.06092	1538.03692	1524.94710
2025-08-12T13:58:05Z	24847.00000	1555.06090	1538.03715	1524.94667
2025-08-12T13:58:05Z	24847.00000	1555.06085	1538.03748	1524.94738
2025-08-12T13:58:05Z	24847.00000	1555.06077	1538.03754	1524.94727
2025-08-12T13:58:05Z	24847.00000	1555.06171	1538.03675	1524.94659
2025-08-12T13:58:06Z	24847.00000	1555.06137	1538.03752	1524.94680
2025-08-12T13:58:06Z	24847.00000	1555.06088	1538.03837	1524.94690
2025-08-12T13:58:06Z	24847.00000	1555.06119	1538.03783	1524.94655
2025-08-12T13:58:06Z	24847.00000	1555.06117	1538.03794	1524.94674
2025-08-12T13:58:06Z	24848.00000	1555.06091	1538.03726	1524.94726
2025-08-12T13:58:06Z	24848.00000	1555.06113	1538.03694	1524.94701
2025-08-12T13:58:06Z	24848.00000	1555.06131	1538.03598	1524.94653
2025-08-12T13:58:06Z	24848.00000	1555.06148	1538.03679	1524.94730
2025-08-12T13:58:06Z	24848.00000	1555.06121	1538.03699	1524.94658
2025-08-12T13:58:06Z	24848.00000	1555.06074	1538.03706	1524.94670
2025-08-12T13:58:07Z	24848.00000	1555.06097	1538.03762	1524.94718
2025-08-12T13:58:07Z	24848.00000	1555.06100	1538.03804	1524.94662
2025-08-12T13:58:07Z	24848.00000	1555.06063	1538.03578	1524.94749
2025-08-12T13:58:07Z	24848.00000	1555.06099	1538.03627	1524.94708
2025-08-12T13:58:07Z	24849.00000	1555.06056	1538.03829	1524.94732
2025-08-12T13:58:07Z	24849.00000	1555.06043	1538.03714	1524.94726
2025-08-12T13:58:07Z	24849.00000	1555.06063	1538.03699	1524.94690
2025-08-12T13:58:07Z	24849.00000	1555.06071	1538.03656	1524.94690
2025-08-12T13:58:08Z	24849.00000	1555.06165	1538.03642	1524.94715
2025-08-12T13:58:08Z	24849.00000	1555.06077	1538.03538	1524.94662
2025-08-12T13:58:08Z	24849.00000	1555.06047	1538.03695	1524.94775
2025-08-12T13:58:08Z	24849.00000	1555.06114	1538.03718	1524.94753
2025-08-12T13:58:08Z	24849.00000	1555.06019	1538.03544	1524.94564
2025-08-12T13:58:08Z	24850.00000	1555.05991	1538.03490	1524.94646
2025-08-12T13:58:08Z	24850.00000	1555.06035	1538.03619	1524.94632
2025-08-12T13:58:08Z	24850.00000	1555.06085	1538.03666	1524.94630
2025-08-12T13:58:08Z	24850.00000	1555.06094	1538.03559	1524.94707
2025-08-12T13:58:09Z	24850.00000	1555.06064	1538.03583	1524.94750
2025-08-12T13:58:09Z	24850.00000	1555.06010	1538.03575	1524.94694
2025-08-12T13:58:09Z	24850.00000	1555.06001	1538.03550	1524.94671
2025-08-12T13:58:09Z	24850.00000	1555.06083	1538.03646	1524.94736
2025-08-12T13:58:09Z	24850.00000	1555.17554	1538.22244	1524.93823
2025-08-12T13:58:09Z	24851.00000	1555.36469	1538.54017	1524.95394
2025-08-12T13:58:09Z	24851.00000	1555.53272	1538.81380	1524.95008
2025-08-12T13:58:09Z	24851.00000	1555.64641	1538.99784	1524.93969
2025-08-12T13:58:09Z	24851.00000	1555.79424	1539.25415	1524.94392
2025-08-12T13:58:09Z	24851.00000	1555.91036	1539.45247	1524.94286
2025-08-12T13:58:10Z	24851.00000	1556.04087	1539.66920	1524.94453
2025-08-12T13:58:10Z	24851.00000	1556.17507	1539.89270	1524.94593
2025-08-12T13:58:10Z	24851.00000	1556.30213	1540.09670	1524.94885
2025-08-12T13:58:10Z	24851.00000	1556.40063	1540.25908	1524.94937
2025-08-12T13:58:10Z	24851.00000	1556.49712	1540.40752	1524.94943
2025-08-12T13:58:10Z	24852.00000	1556.55591	1540.49921	1524.95208
2025-08-12T13:58:10Z	24852.00000	1556.69603	1540.72659	1524.95416
2025-08-12T13:58:10Z	24852.00000	1556.74732	1540.80558	1524.95445
2025-08-12T13:58:10Z	24852.00000	1556.79865	1540.87902	1524.95648
2025-08-12T13:58:10Z	24852.00000	1556.85405	1540.97841	1524.95671
2025-08-12T13:58:11Z	24852.00000	1556.90309	1541.05220	1524.95790
2025-08-12T13:58:11Z	24852.00000	1556.95606	1541.13691	1524.95824
2025-08-12T13:58:11Z	24852.00000	1556.99775	1541.20253	1524.96042
2025-08-12T13:58:11Z	24852.00000	1557.04157	1541.27983	1524.96167
2025-08-12T13:58:11Z	24852.00000	1557.08526	1541.34452	1524.96180
2025-08-12T13:58:11Z	24853.00000	1557.12914	1541.40233	1524.96240
2025-08-12T13:58:11Z	24853.00000	1557.17723	1541.48743	1524.96286
2025-08-12T13:58:11Z	24853.00000	1557.19761	1541.51756	1524.96426
2025-08-12T13:58:12Z	24853.00000	1557.22039	1541.55263	1524.96472
2025-08-12T13:58:12Z	24853.00000	1557.23921	1541.57868	1524.96565
2025-08-12T13:58:12Z	24853.00000	1557.25294	1541.60496	1524.96567
2025-08-12T13:58:12Z	24853.00000	1557.27087	1541.64166	1524.96558
2025-08-12T13:58:12Z	24854.00000	1557.27933	1541.65630	1524.96655
2025-08-12T13:58:12Z	24854.00000	1557.29229	1541.67111	1524.96671
2025-08-12T13:58:12Z	24854.00000	1557.29806	1541.68077	1524.96611
2025-08-12T13:58:12Z	24854.00000	1557.30703	1541.68932	1524.96689
2025-08-12T13:58:13Z	24854.00000	1557.30916	1541.69693	1524.96648
2025-08-12T13:58:13Z	24854.00000	1557.31287	1541.70034	1524.96472
2025-08-12T13:58:13Z	24854.00000	1555.73552	1539.12645	1524.99238
2025-08-12T13:58:13Z	24854.00000	1555.16636	1538.22259	1524.97327
2025-08-12T13:58:13Z	24854.00000	1555.09380	1538.09428	1524.95644
2025-08-12T13:58:13Z	24855.00000	1555.08810	1538.08567	1524.94977
2025-08-12T13:58:13Z	24855.00000	1555.08555	1538.08114	1524.95006
2025-08-12T13:58:13Z	24855.00000	1555.08193	1538.07247	1524.94563
2025-08-12T13:58:13Z	24855.00000	1555.08102	1538.07118	1524.94786
2025-08-12T13:58:13Z	24855.00000	1555.08005	1538.06889	1524.94642
2025-08-12T13:58:13Z	24855.00000	1555.08013	1538.06841	1524.94680
2025-08-12T13:58:14Z	24855.00000	1555.07829	1538.06462	1524.94768
2025-08-12T13:58:14Z	24855.00000	1555.07768	1538.06485	1524.94729
2025-08-12T13:58:14Z	24855.00000	1555.07663	1538.06342	1524.94809
2025-08-12T13:58:14Z	24855.00000	1555.07582	1538.06142	1524.94764
2025-08-12T13:58:14Z	24856.00000	1555.07534	1538.06155	1524.94750
2025-08-12T13:58:14Z	24856.00000	1555.07460	1538.06175	1524.94763
2025-08-12T13:58:14Z	24856.00000	1555.07377	1538.05918	1524.94594
2025-08-12T13:58:14Z	24856.00000	1555.07245	1538.05744	1524.94684
2025-08-12T13:58:14Z	24856.00000	1555.07226	1538.05605	1524.94678
2025-08-12T13:58:15Z	24856.00000	1555.07328	1538.05604	1524.94683
2025-08-12T13:58:15Z	24856.00000	1555.07113	1538.05677	1524.94762
2025-08-12T13:58:15Z	24856.00000	1555.07116	1538.05643	1524.94734
2025-08-12T13:58:15Z	24856.00000	1555.07228	1538.05559	1524.94826
2025-08-12T13:58:15Z	24856.00000	1555.07132	1538.05548	1524.94709
2025-08-12T13:58:15Z	24857.00000	1555.07101	1538.05421	1524.94733
2025-08-12T13:58:15Z	24857.00000	1555.07105	1538.05338	1524.94801
2025-08-12T13:58:15Z	24857.00000	1555.06939	1538.05364	1524.94748
2025-08-12T13:58:15Z	24857.00000	1555.07024	1538.05363	1524.94809
2025-08-12T13:58:15Z	24857.00000	1555.07008	1538.05158	1524.94800
2025-08-12T13:58:16Z	24857.00000	1555.06978	1538.05315	1524.94734
2025-08-12T13:58:16Z	24857.00000	1555.06991	1538.05203	1524.94758
2025-08-12T13:58:16Z	24857.00000	1555.06935	1538.05006	1524.94670
2025-08-12T13:58:16Z	24857.00000	1555.06889	1538.05152	1524.94701
2025-08-12T13:58:16Z	24857.00000	1555.06930	1538.05087	1524.94727
2025-08-12T13:58:16Z	24858.00000	1555.06838	1538.05053	1524.94776
2025-08-12T13:58:16Z	24858.00000	1555.06855	1538.04989	1524.94781
2025-08-12T13:58:16Z	24858.00000	1555.06811	1538.04900	1524.94846
2025-08-12T13:58:16Z	24858.00000	1555.06777	1538.04942	1524.94764
2025-08-12T13:58:16Z	24858.00000	1555.06781	1538.05006	1524.94784
2025-08-12T13:58:17Z	24858.00000	1555.06713	1538.04860	1524.94665
2025-08-12T13:58:17Z	24858.00000	1555.06710	1538.04907	1524.94724
2025-08-12T13:58:17Z	24858.00000	1555.16741	1538.20207	1524.96332
2025-08-12T13:58:17Z	24858.00000	1555.40203	1538.59971	1524.94698
2025-08-12T13:58:17Z	24859.00000	1555.54956	1538.84305	1524.95295
2025-08-12T13:58:17Z	24859.00000	1555.66290	1539.02551	1524.94145
2025-08-12T13:58:17Z	24859.00000	1555.76993	1539.20999	1524.94209
2025-08-12T13:58:17Z	24859.00000	1555.90830	1539.44751	1524.94608
2025-08-12T13:58:17Z	24859.00000	1556.03790	1539.66046	1524.94734
2025-08-12T13:58:18Z	24859.00000	1556.12654	1539.80859	1524.94456
2025-08-12T13:58:18Z	24859.00000	1556.22174	1539.96338	1524.94786
2025-08-12T13:58:18Z	24859.00000	1556.31748	1540.11894	1524.94855
2025-08-12T13:58:18Z	24859.00000	1556.41859	1540.28259	1524.95018
2025-08-12T13:58:18Z	24859.00000	1556.52984	1540.45702	1524.95018
2025-08-12T13:58:18Z	24860.00000	1556.60203	1540.57514	1524.95293
2025-08-12T13:58:18Z	24860.00000	1556.67305	1540.67573	1524.95430
2025-08-12T13:58:18Z	24860.00000	1556.73558	1540.78798	1524.95460
2025-08-12T13:58:18Z	24860.00000	1556.78375	1540.85757	1524.95546
2025-08-12T13:58:18Z	24860.00000	1556.85386	1540.97506	1524.95731
2025-08-12T13:58:19Z	24860.00000	1556.90487	1541.04890	1524.95715
2025-08-12T13:58:19Z	24860.00000	1556.95639	1541.13598	1524.95828
2025-08-12T13:58:19Z	24860.00000	1557.00490	1541.20720	1524.95968
2025-08-12T13:58:19Z	24860.00000	1557.04313	1541.28122	1524.96118
2025-08-12T13:58:19Z	24860.00000	1557.07592	1541.32742	1524.96088
2025-08-12T13:58:19Z	24861.00000	1557.11716	1541.38908	1524.96218
2025-08-12T13:58:19Z	24861.00000	1557.15438	1541.44997	1524.96302
2025-08-12T13:58:19Z	24861.00000	1557.17776	1541.48235	1524.96247
2025-08-12T13:58:19Z	24861.00000	1557.20151	1541.51945	1524.96264
2025-08-12T13:58:19Z	24861.00000	1557.22039	1541.54869	1524.96494
2025-08-12T13:58:20Z	24861.00000	1557.23634	1541.57034	1524.96506
2025-08-12T13:58:20Z	24861.00000	1557.24664	1541.58694	1524.96491
2025-08-12T13:58:20Z	24861.00000	1557.26174	1541.60646	1524.96621
2025-08-12T13:58:20Z	24861.00000	1557.27107	1541.64148	1524.96422
2025-08-12T13:58:20Z	24861.00000	1557.28224	1541.65503	1524.96627
2025-08-12T13:58:20Z	24862.00000	1557.29316	1541.66901	1524.96599
2025-08-12T13:58:20Z	24862.00000	1557.29984	1541.67674	1524.96586
2025-08-12T13:58:20Z	24862.00000	1557.30618	1541.68390	1524.96632
2025-08-12T13:58:20Z	24862.00000	1557.30889	1541.69043	1524.96555
2025-08-12T13:58:20Z	24862.00000	1557.31317	1541.69311	1524.96623
2025-08-12T13:58:21Z	24862.00000	1557.31818	1541.70148	1524.96587
2025-08-12T13:58:21Z	24862.00000	1555.76847	1539.22667	1525.03256
2025-08-12T13:58:21Z	24862.00000	1555.23507	1538.31373	1524.96499
2025-08-12T13:58:21Z	24862.00000	1555.08967	1538.09320	1524.94125
2025-08-12T13:58:21Z	24862.00000	1555.08892	1538.08607	1524.94165
2025-08-12T13:58:21Z	24863.00000	1555.08729	1538.08357	1524.94541
2025-08-12T13:58:21Z	24863.00000	1555.08466	1538.07876	1524.94582
2025-08-12T13:58:21Z	24863.00000	1555.08317	1538.07688	1524.94491
2025-08-12T13:58:21Z	24863.00000	1555.08275	1538.07502	1524.94740
2025-08-12T13:58:21Z	24863.00000	1555.08299	1538.07537	1524.94873
2025-08-12T13:58:22Z	24863.00000	1555.08229	1538.07194	1524.94756
2025-08-12T13:58:22Z	24863.00000	1555.08093	1538.07180	1524.94855
2025-08-12T13:58:22Z	24863.00000	1555.08016	1538.06832	1524.94750
2025-08-12T13:58:22Z	24863.00000	1555.07895	1538.06729	1524.94725
2025-08-12T13:58:22Z	24863.00000	1555.07903	1538.06561	1524.94810
2025-08-12T13:58:22Z	24864.00000	1555.07779	1538.06690	1524.94747
2025-08-12T13:58:22Z	24864.00000	1555.07856	1538.06528	1524.94929
2025-08-12T13:58:22Z	24864.00000	1555.07649	1538.06270	1524.94656
2025-08-12T13:58:22Z	24864.00000	1555.07567	1538.06139	1524.94641
2025-08-12T13:58:22Z	24864.00000	1555.07644	1538.06391	1524.94859
2025-08-12T13:58:23Z	24864.00000	1555.07494	1538.06262	1524.94783
2025-08-12T13:58:23Z	24864.00000	1555.07536	1538.06038	1524.94798
2025-08-12T13:58:23Z	24864.00000	1555.07570	1538.06041	1524.94779
2025-08-12T13:58:23Z	24864.00000	1555.07416	1538.05955	1524.94906
2025-08-12T13:58:23Z	24864.00000	1555.07334	1538.05951	1524.94786
2025-08-12T13:58:23Z	24865.00000	1555.07370	1538.05872	1524.94790
2025-08-12T13:58:23Z	24865.00000	1555.07389	1538.05735	1524.94833
2025-08-12T13:58:23Z	24865.00000	1555.07271	1538.05816	1524.94781
2025-08-12T13:58:23Z	24865.00000	1555.07273	1538.05792	1524.94865
2025-08-12T13:58:23Z	24865.00000	1555.07231	1538.05698	1524.94758
2025-08-12T13:58:24Z	24865.00000	1555.07245	1538.05734	1524.94746
2025-08-12T13:58:24Z	24865.00000	1555.07232	1538.05614	1524.94782
2025-08-12T13:58:24Z	24865.00000	1555.07142	1538.05612	1524.94913
2025-08-12T13:58:24Z	24865.00000	1555.07213	1538.05531	1524.94716
2025-08-12T13:58:24Z	24866.00000	1555.07193	1538.05463	1524.94909
2025-08-12T13:58:24Z	24866.00000	1555.07056	1538.05423	1524.94767
2025-08-12T13:58:24Z	24866.00000	1555.07110	1538.05415	1524.94795
2025-08-12T13:58:24Z	24866.00000	1555.07050	1538.05451	1524.94728
2025-08-12T13:58:24Z	24866.00000	1555.07114	1538.05374	1524.94809
2025-08-12T13:58:24Z	24866.00000	1555.07063	1538.05115	1524.94740
2025-08-12T13:58:25Z	24866.00000	1555.06950	1538.05221	1524.94819
2025-08-12T13:58:25Z	24866.00000	1555.07037	1538.05227	1524.94731
2025-08-12T13:58:25Z	24866.00000	1555.07070	1538.05232	1524.94782
2025-08-12T13:58:25Z	24866.00000	1555.21245	1538.28508	1524.95110
2025-08-12T13:58:25Z	24867.00000	1555.37410	1538.55623	1524.95949
2025-08-12T13:58:25Z	24867.00000	1555.52478	1538.79594	1524.94603
2025-08-12T13:58:25Z	24867.00000	1555.70385	1539.10054	1524.94300
2025-08-12T13:58:25Z	24867.00000	1555.84773	1539.34118	1524.94267
2025-08-12T13:58:25Z	24867.00000	1555.94554	1539.50655	1524.94821
2025-08-12T13:58:26Z	24867.00000	1556.07057	1539.71678	1524.94729
2025-08-12T13:58:26Z	24867.00000	1556.17571	1539.88924	1524.94791
2025-08-12T13:58:26Z	24867.00000	1556.27119	1540.04766	1524.94698
2025-08-12T13:58:26Z	24867.00000	1556.36307	1540.19561	1524.94898
2025-08-12T13:58:26Z	24867.00000	1556.44551	1540.32256	1524.95077
2025-08-12T13:58:26Z	24868.00000	1556.55130	1540.48734	1524.95116
2025-08-12T13:58:26Z	24868.00000	1556.61079	1540.58627	1524.95374
2025-08-12T13:58:26Z	24868.00000	1556.70249	1540.73500	1524.95392
2025-08-12T13:58:26Z	24868.00000	1556.75465	1540.81210	1524.95562
2025-08-12T13:58:26Z	24868.00000	1556.81686	1540.91171	1524.95546
2025-08-12T13:58:27Z	24868.00000	1556.88674	1541.02134	1524.95722
2025-08-12T13:58:27Z	24868.00000	1556.94237	1541.11975	1524.95896
2025-08-12T13:58:27Z	24868.00000	1556.98342	1541.17656	1524.95952
2025-08-12T13:58:27Z	24868.00000	1557.03711	1541.27147	1524.96061
2025-08-12T13:58:27Z	24868.00000	1557.07058	1541.32029	1524.96117
2025-08-12T13:58:27Z	24869.00000	1557.09626	1541.35832	1524.96240
2025-08-12T13:58:27Z	24869.00000	1557.13476	1541.41058	1524.96243
2025-08-12T13:58:27Z	24869.00000	1557.15779	1541.45705	1524.96254
2025-08-12T13:58:27Z	24869.00000	1557.18027	1541.48879	1524.96185
2025-08-12T13:58:27Z	24869.00000	1557.20262	1541.52198	1524.96352
2025-08-12T13:58:27Z	24869.00000	1557.22042	1541.54726	1524.96503
2025-08-12T13:58:28Z	24869.00000	1557.24307	1541.57978	1524.96515
2025-08-12T13:58:28Z	24869.00000	1557.25287	1541.59967	1524.96506
2025-08-12T13:58:28Z	24869.00000	1557.26797	1541.63489	1524.96486
2025-08-12T13:58:28Z	24869.00000	1557.27904	1541.65180	1524.96611
2025-08-12T13:58:28Z	24870.00000	1557.28619	1541.66175	1524.96612
2025-08-12T13:58:28Z	24870.00000	1557.30037	1541.67532	1524.96613
2025-08-12T13:58:28Z	24870.00000	1557.30338	1541.67964	1524.96485
2025-08-12T13:58:28Z	24870.00000	1557.30913	1541.68888	1524.96588
2025-08-12T13:58:28Z	24870.00000	1557.31381	1541.69661	1524.96647
2025-08-12T13:58:28Z	24870.00000	1557.31698	1541.70211	1524.96605
2025-08-12T13:58:29Z	24870.00000	1557.31938	1541.70648	1524.96507
2025-08-12T13:58:29Z	24870.00000	1555.74167	1539.15266	1525.00682
2025-08-12T13:58:29Z	24870.00000	1555.17602	1538.24132	1524.97278
2025-08-12T13:58:29Z	24870.00000	1555.09129	1538.09400	1524.94358
2025-08-12T13:58:29Z	24870.00000	1555.08986	1538.08839	1524.94487
2025-08-12T13:58:29Z	24871.00000	1555.08665	1538.08353	1524.94336
2025-08-12T13:58:29Z	24871.00000	1555.08660	1538.08251	1524.94857
2025-08-12T13:58:29Z	24871.00000	1555.08320	1538.07651	1524.94527
2025-08-12T13:58:29Z	24871.00000	1555.08434	1538.07825	1524.94872
2025-08-12T13:58:29Z	24871.00000	1555.08399	1538.07672	1524.94949
2025-08-12T13:58:30Z	24871.00000	1555.08206	1538.07304	1524.94735
2025-08-12T13:58:30Z	24871.00000	1555.08082	1538.07135	1524.94752
2025-08-12T13:58:30Z	24872.00000	1555.08048	1538.07060	1524.94757
2025-08-12T13:58:30Z	24872.00000	1555.07989	1538.06893	1524.94758
2025-08-12T13:58:30Z	24872.00000	1555.07876	1538.06658	1524.94670
2025-08-12T13:58:30Z	24872.00000	1555.07722	1538.06414	1524.94653
2025-08-12T13:58:30Z	24872.00000	1555.07786	1538.06585	1524.94826
2025-08-12T13:58:31Z	24872.00000	1555.07696	1538.06354	1524.94678
2025-08-12T13:58:31Z	24872.00000	1555.07615	1538.06206	1524.94774
2025-08-12T13:58:31Z	24872.00000	1555.07707	1538.06460	1524.94885
2025-08-12T13:58:31Z	24872.00000	1555.07591	1538.06239	1524.94803
2025-08-12T13:58:31Z	24872.00000	1555.07589	1538.06170	1524.94756
2025-08-12T13:58:31Z	24873.00000	1555.07516	1538.06129	1524.94851
2025-08-12T13:58:31Z	24873.00000	1555.07584	1538.06151	1524.94769
2025-08-12T13:58:31Z	24873.00000	1555.07523	1538.06116	1524.94821
2025-08-12T13:58:31Z	24873.00000	1555.07468	1538.05992	1524.94798
2025-08-12T13:58:31Z	24873.00000	1555.07393	1538.05927	1524.94805
2025-08-12T13:58:32Z	24873.00000	1555.07414	1538.05651	1524.94831
2025-08-12T13:58:32Z	24873.00000	1555.07366	1538.05860	1524.94818
2025-08-12T13:58:32Z	24873.00000	1555.07367	1538.05913	1524.94848
2025-08-12T13:58:32Z	24873.00000	1555.07255	1538.05806	1524.94807
2025-08-12T13:58:32Z	24873.00000	1555.07270	1538.05772	1524.94831
2025-08-12T13:58:32Z	24874.00000	1555.07289	1538.05755	1524.94876
2025-08-12T13:58:32Z	24874.00000	1555.07270	1538.05600	1524.94902
2025-08-12T13:58:32Z	24874.00000	1555.07294	1538.05535	1524.94837
2025-08-12T13:58:32Z	24874.00000	1555.07270	1538.05650	1524.94845
2025-08-12T13:58:32Z	24874.00000	1555.07164	1538.05659	1524.94842
2025-08-12T13:58:33Z	24874.00000	1555.07248	1538.05608	1524.94859
2025-08-12T13:58:33Z	24874.00000	1555.07226	1538.05587	1524.94810
2025-08-12T13:58:33Z	24874.00000	1555.08352	1538.08977	1524.94325
2025-08-12T13:58:33Z	24874.00000	1555.32323	1538.47220	1524.96186
2025-08-12T13:58:33Z	24874.00000	1555.45453	1538.67761	1524.94175
2025-08-12T13:58:33Z	24875.00000	1555.56992	1538.87214	1524.94379
2025-08-12T13:58:33Z	24875.00000	1555.68033	1539.05745	1524.95179
2025-08-12T13:58:33Z	24875.00000	1555.78868	1539.23559	1524.94587
2025-08-12T13:58:33Z	24875.00000	1555.92433	1539.47094	1524.94227
2025-08-12T13:58:33Z	24875.00000	1556.03951	1539.66279	1524.94730
2025-08-12T13:58:34Z	24875.00000	1556.17549	1539.89066	1524.94896
2025-08-12T13:58:34Z	24875.00000	1556.29001	1540.07487	1524.94910
2025-08-12T13:58:34Z	24875.00000	1556.37854	1540.21841	1524.94973
2025-08-12T13:58:34Z	24875.00000	1556.44682	1540.32568	1524.95160
2025-08-12T13:58:34Z	24875.00000	1556.54147	1540.46851	1524.95245
2025-08-12T13:58:34Z	24876.00000	1556.63997	1540.62676	1524.95349
2025-08-12T13:58:34Z	24876.00000	1556.69598	1540.72241	1524.95452
2025-08-12T13:58:34Z	24876.00000	1556.79866	1540.87590	1524.95498
2025-08-12T13:58:34Z	24876.00000	1556.87268	1540.99952	1524.95664
2025-08-12T13:58:34Z	24876.00000	1556.91551	1541.06289	1524.95704
2025-08-12T13:58:35Z	24876.00000	1556.98066	1541.17098	1524.95926
2025-08-12T13:58:35Z	24876.00000	1557.02693	1541.23959	1524.96001
2025-08-12T13:58:35Z	24876.00000	1557.08441	1541.33615	1524.96252
2025-08-12T13:58:35Z	24876.00000	1557.12880	1541.39431	1524.96213
2025-08-12T13:58:35Z	24877.00000	1557.15131	1541.42982	1524.96271
2025-08-12T13:58:35Z	24877.00000	1557.18572	1541.49390	1524.96377
2025-08-12T13:58:35Z	24877.00000	1557.20937	1541.52999	1524.96448
2025-08-12T13:58:35Z	24877.00000	1557.22921	1541.56025	1524.96483
2025-08-12T13:58:36Z	24877.00000	1557.24369	1541.57858	1524.96325
2025-08-12T13:58:36Z	24877.00000	1557.25492	1541.60056	1524.96461
2025-08-12T13:58:36Z	24877.00000	1557.26754	1541.63118	1524.96546
2025-08-12T13:58:36Z	24877.00000	1557.27807	1541.64526	1524.96617
2025-08-12T13:58:36Z	24877.00000	1557.28530	1541.65898	1524.96622
2025-08-12T13:58:36Z	24877.00000	1557.29971	1541.67266	1524.96520
2025-08-12T13:58:36Z	24878.00000	1557.31016	1541.68675	1524.96646
2025-08-12T13:58:36Z	24878.00000	1557.31470	1541.69434	1524.96629
2025-08-12T13:58:36Z	24878.00000	1557.31889	1541.70158	1524.96727
2025-08-12T13:58:37Z	24878.00000	1557.32130	1541.70496	1524.96616
2025-08-12T13:58:37Z	24878.00000	1557.32507	1541.71425	1524.96634
2025-08-12T13:58:37Z	24878.00000	1555.85818	1539.35724	1524.86283
2025-08-12T13:58:37Z	24878.00000	1555.24274	1538.35989	1524.97816
2025-08-12T13:58:37Z	24878.00000	1555.09189	1538.09635	1524.94124
2025-08-12T13:58:37Z	24879.00000	1555.09116	1538.09301	1524.94576
2025-08-12T13:58:37Z	24879.00000	1555.08838	1538.08604	1524.94373
2025-08-12T13:58:37Z	24879.00000	1555.08947	1538.08822	1524.95066
2025-08-12T13:58:37Z	24879.00000	1555.08904	1538.08503	1524.95112
2025-08-12T13:58:37Z	24879.00000	1555.08642	1538.08013	1524.94945
2025-08-12T13:58:38Z	24879.00000	1555.08562	1538.07951	1524.94978
2025-08-12T13:58:38Z	24879.00000	1555.08439	1538.07730	1524.94660
2025-08-12T13:58:38Z	24879.00000	1555.08300	1538.07662	1524.94726
2025-08-12T13:58:38Z	24879.00000	1555.08211	1538.07458	1524.94689
2025-08-12T13:58:38Z	24879.00000	1555.08175	1538.07477	1524.94721
2025-08-12T13:58:38Z	24880.00000	1555.08143	1538.07346	1524.94735
2025-08-12T13:58:38Z	24880.00000	1555.08091	1538.07123	1524.94760
2025-08-12T13:58:38Z	24880.00000	1555.08044	1538.07073	1524.94882
2025-08-12T13:58:38Z	24880.00000	1555.07965	1538.06686	1524.94614
2025-08-12T13:58:39Z	24880.00000	1555.07934	1538.06702	1524.94720
2025-08-12T13:58:39Z	24880.00000	1555.07838	1538.06485	1524.94712
2025-08-12T13:58:39Z	24880.00000	1555.07904	1538.06713	1524.94868
2025-08-12T13:58:39Z	24880.00000	1555.07734	1538.06444	1524.94828
2025-08-12T13:58:39Z	24881.00000	1555.07679	1538.06194	1524.94890
2025-08-12T13:58:39Z	24881.00000	1555.07644	1538.06405	1524.94834
2025-08-12T13:58:39Z	24881.00000	1555.07641	1538.06197	1524.94857
2025-08-12T13:58:39Z	24881.00000	1555.07589	1538.06212	1524.94823
2025-08-12T13:58:40Z	24881.00000	1555.07566	1538.06235	1524.94787
2025-08-12T13:58:40Z	24881.00000	1555.07510	1538.06079	1524.94813
2025-08-12T13:58:40Z	24881.00000	1555.07475	1538.06051	1524.94805
2025-08-12T13:58:40Z	24881.00000	1555.07384	1538.05992	1524.94859
2025-08-12T13:58:40Z	24881.00000	1555.07415	1538.05841	1524.94840
2025-08-12T13:58:40Z	24882.00000	1555.07364	1538.05892	1524.94872
2025-08-12T13:58:40Z	24882.00000	1555.07292	1538.05835	1524.94832
2025-08-12T13:58:41Z	24882.00000	1555.07296	1538.05800	1524.94799
2025-08-12T13:58:41Z	24882.00000	1555.07297	1538.05642	1524.94884
2025-08-12T13:58:41Z	24882.00000	1555.07358	1538.05806	1524.94808
2025-08-12T13:58:41Z	24882.00000	1555.07295	1538.05731	1524.94892
2025-08-12T13:58:41Z	24883.00000	1555.07278	1538.05596	1524.94829
2025-08-12T13:58:41Z	24883.00000	1555.07173	1538.05434	1524.94740
2025-08-12T13:58:41Z	24883.00000	1555.07279	1538.05707	1524.94812
2025-08-12T13:58:41Z	24883.00000	1555.07192	1538.05544	1524.94794
2025-08-12T13:58:41Z	24883.00000	1555.07158	1538.05668	1524.94850
2025-08-12T13:58:42Z	24883.00000	1555.07152	1538.05533	1524.94874
2025-08-12T13:58:42Z	24883.00000	1555.07108	1538.05514	1524.94796
2025-08-12T13:58:42Z	24883.00000	1555.07159	1538.05269	1524.94795
2025-08-12T13:58:42Z	24883.00000	1555.19634	1538.25133	1524.93587
2025-08-12T13:58:42Z	24884.00000	1555.39156	1538.57248	1524.94335
2025-08-12T13:58:42Z	24884.00000	1555.53638	1538.81631	1524.93929
2025-08-12T13:58:42Z	24884.00000	1555.67386	1539.04860	1524.95159
2025-08-12T13:58:42Z	24884.00000	1555.81996	1539.29919	1524.94424
2025-08-12T13:58:42Z	24884.00000	1555.95720	1539.51719	1524.94363
2025-08-12T13:58:43Z	24884.00000	1556.09680	1539.75865	1524.94666
2025-08-12T13:58:43Z	24884.00000	1556.19900	1539.92662	1524.94892
2025-08-12T13:58:43Z	24884.00000	1556.35553	1540.18096	1524.94746
2025-08-12T13:58:43Z	24884.00000	1556.45429	1540.32877	1524.95080
2025-08-12T13:58:43Z	24885.00000	1556.54493	1540.47393	1524.95256
2025-08-12T13:58:43Z	24885.00000	1556.63012	1540.60983	1524.95346
2025-08-12T13:58:43Z	24885.00000	1556.74892	1540.80243	1524.95561
2025-08-12T13:58:43Z	24885.00000	1556.81323	1540.90518	1524.95669
2025-08-12T13:58:43Z	24885.00000	1556.86659	1540.98889	1524.95647
2025-08-12T13:58:44Z	24885.00000	1556.93260	1541.10085	1524.95828
2025-08-12T13:58:44Z	24885.00000	1557.02345	1541.22975	1524.96039
2025-08-12T13:58:44Z	24885.00000	1557.05912	1541.30075	1524.96159
2025-08-12T13:58:44Z	24886.00000	1557.12705	1541.39449	1524.96147
2025-08-12T13:58:44Z	24886.00000	1557.15333	1541.43241	1524.96254
2025-08-12T13:58:44Z	24886.00000	1557.18325	1541.48567	1524.96331
2025-08-12T13:58:44Z	24886.00000	1557.20421	1541.51946	1524.96489
2025-08-12T13:58:45Z	24886.00000	1557.22837	1541.55674	1524.96606
2025-08-12T13:58:45Z	24886.00000	1557.24801	1541.58076	1524.96383
2025-08-12T13:58:45Z	24886.00000	1557.26075	1541.60424	1524.96449
2025-08-12T13:58:45Z	24886.00000	1557.28186	1541.65100	1524.96425
2025-08-12T13:58:45Z	24887.00000	1557.29306	1541.66484	1524.96559
2025-08-12T13:58:45Z	24887.00000	1557.30026	1541.66995	1524.96698
2025-08-12T13:58:45Z	24887.00000	1557.30693	1541.68260	1524.96715
2025-08-12T13:58:45Z	24887.00000	1557.31226	1541.69048	1524.96633
2025-08-12T13:58:46Z	24887.00000	1557.31908	1541.70226	1524.96528
2025-08-12T13:58:46Z	24887.00000	1555.77900	1539.25033	1525.03016
2025-08-12T13:58:46Z	24887.00000	1555.19541	1538.26935	1524.93762
2025-08-12T13:58:46Z	24887.00000	1555.09298	1538.09421	1524.94371
2025-08-12T13:58:46Z	24888.00000	1555.09490	1538.09532	1524.95405
2025-08-12T13:58:46Z	24888.00000	1555.08952	1538.08525	1524.94478
2025-08-12T13:58:46Z	24888.00000	1555.08649	1538.08136	1524.94533
2025-08-12T13:58:46Z	24888.00000	1555.08499	1538.08018	1524.94680
2025-08-12T13:58:47Z	24888.00000	1555.08534	1538.07796	1524.94984
2025-08-12T13:58:47Z	24888.00000	1555.08511	1538.07735	1524.94832
2025-08-12T13:58:47Z	24888.00000	1555.08257	1538.07508	1524.94713
2025-08-12T13:58:47Z	24888.00000	1555.08177	1538.07450	1524.94723
2025-08-12T13:58:47Z	24888.00000	1555.08166	1538.07383	1524.94726
2025-08-12T13:58:47Z	24889.00000	1555.08134	1538.07242	1524.94719
2025-08-12T13:58:47Z	24889.00000	1555.08068	1538.07141	1524.94840
2025-08-12T13:58:47Z	24889.00000	1555.07969	1538.06782	1524.94518
2025-08-12T13:58:47Z	24889.00000	1555.07976	1538.06768	1524.94778
2025-08-12T13:58:48Z	24889.00000	1555.07924	1538.06812	1524.94744
2025-08-12T13:58:48Z	24889.00000	1555.07898	1538.06582	1524.94824
2025-08-12T13:58:48Z	24889.00000	1555.07792	1538.06621	1524.94812
2025-08-12T13:58:48Z	24889.00000	1555.07815	1538.06445	1524.94813
2025-08-12T13:58:48Z	24890.00000	1555.07662	1538.06346	1524.94770
2025-08-12T13:58:48Z	24890.00000	1555.07603	1538.06399	1524.94917
2025-08-12T13:58:48Z	24890.00000	1555.07584	1538.06096	1524.94855
2025-08-12T13:58:48Z	24890.00000	1555.07580	1538.06336	1524.94822
2025-08-12T13:58:49Z	24890.00000	1555.07551	1538.06123	1524.94831
2025-08-12T13:58:49Z	24890.00000	1555.07480	1538.06070	1524.94919
2025-08-12T13:58:49Z	24890.00000	1555.07472	1538.06068	1524.94854
2025-08-12T13:58:49Z	24890.00000	1555.07404	1538.05894	1524.94779
2025-08-12T13:58:49Z	24891.00000	1555.07369	1538.06015	1524.94810
2025-08-12T13:58:49Z	24891.00000	1555.07374	1538.05819	1524.94881
2025-08-12T13:58:49Z	24891.00000	1555.07329	1538.05751	1524.94783
2025-08-12T13:58:50Z	24891.00000	1555.07284	1538.05734	1524.94763
2025-08-12T13:58:50Z	24891.00000	1555.07313	1538.05662	1524.94887
2025-08-12T13:58:50Z	24891.00000	1555.07307	1538.05641	1524.94816
2025-08-12T13:58:50Z	24891.00000	1555.17348	1538.23183	1524.96344
2025-08-12T13:58:50Z	24891.00000	1555.34512	1538.49378	1524.94708
2025-08-12T13:58:50Z	24892.00000	1555.49396	1538.74494	1524.93835
2025-08-12T13:58:50Z	24892.00000	1555.63134	1538.97444	1524.94370
2025-08-12T13:58:50Z	24892.00000	1555.78127	1539.22284	1524.94148
2025-08-12T13:58:50Z	24892.00000	1555.89810	1539.42439	1524.94537
2025-08-12T13:58:50Z	24892.00000	1556.02830	1539.64478	1524.94377
2025-08-12T13:58:51Z	24892.00000	1556.13839	1539.82390	1524.94646
2025-08-12T13:58:51Z	24892.00000	1556.23518	1539.99072	1524.94824
2025-08-12T13:58:51Z	24892.00000	1556.33112	1540.13317	1524.94812
2025-08-12T13:58:51Z	24892.00000	1556.44281	1540.31426	1524.94951
2025-08-12T13:58:51Z	24892.00000	1556.51162	1540.42188	1524.95146
2025-08-12T13:58:51Z	24893.00000	1556.58704	1540.54652	1524.95172
2025-08-12T13:58:51Z	24893.00000	1556.65972	1540.65043	1524.95304
2025-08-12T13:58:51Z	24893.00000	1556.76402	1540.82580	1524.95500
2025-08-12T13:58:51Z	24893.00000	1556.83716	1540.94197	1524.95691
2025-08-12T13:58:51Z	24893.00000	1556.90431	1541.04386	1524.95796
2025-08-12T13:58:52Z	24893.00000	1556.96352	1541.14072	1524.95959
2025-08-12T13:58:52Z	24893.00000	1557.01360	1541.21325	1524.95921
2025-08-12T13:58:52Z	24893.00000	1557.05564	1541.29622	1524.96086
2025-08-12T13:58:52Z	24893.00000	1557.08302	1541.33651	1524.96129
2025-08-12T13:58:52Z	24894.00000	1557.12281	1541.39170	1524.96243
2025-08-12T13:58:52Z	24894.00000	1557.16394	1541.46167	1524.96289
2025-08-12T13:58:52Z	24894.00000	1557.19554	1541.50707	1524.96385
2025-08-12T13:58:52Z	24894.00000	1557.21140	1541.52732	1524.96310
2025-08-12T13:58:52Z	24894.00000	1557.23134	1541.56306	1524.96360
2025-08-12T13:58:53Z	24894.00000	1557.24584	1541.58287	1524.96464
2025-08-12T13:58:53Z	24894.00000	1557.26875	1541.61407	1524.96638
2025-08-12T13:58:53Z	24894.00000	1557.27795	1541.64655	1524.96609
2025-08-12T13:58:53Z	24894.00000	1557.29508	1541.66364	1524.96664
2025-08-12T13:58:53Z	24895.00000	1557.30750	1541.68012	1524.96622
2025-08-12T13:58:53Z	24895.00000	1557.31202	1541.68832	1524.96443
2025-08-12T13:58:53Z	24895.00000	1557.31770	1541.69771	1524.96654
2025-08-12T13:58:53Z	24895.00000	1557.32022	1541.70124	1524.96670
2025-08-12T13:58:54Z	24895.00000	1557.32395	1541.70409	1524.96661
2025-08-12T13:58:54Z	24895.00000	1555.24301	1538.33807	1524.97481
2025-08-12T13:58:54Z	24895.00000	1555.09343	1538.09466	1524.93737
2025-08-12T13:58:54Z	24896.00000	1555.09104	1538.09217	1524.94827
2025-08-12T13:58:54Z	24896.00000	1555.08852	1538.08605	1524.94405
2025-08-12T13:58:54Z	24896.00000	1555.08794	1538.08390	1524.94657
2025-08-12T13:58:54Z	24896.00000	1555.08745	1538.08338	1524.94968
2025-08-12T13:58:54Z	24896.00000	1555.08690	1538.08380	1524.94985
2025-08-12T13:58:55Z	24896.00000	1555.08349	1538.07667	1524.94714
2025-08-12T13:58:55Z	24896.00000	1555.08335	1538.07432	1524.94714
2025-08-12T13:58:55Z	24896.00000	1555.08245	1538.07510	1524.94745
2025-08-12T13:58:55Z	24896.00000	1555.08246	1538.07523	1524.94853
2025-08-12T13:58:55Z	24896.00000	1555.08160	1538.07322	1524.94730
2025-08-12T13:58:55Z	24897.00000	1555.08132	1538.07014	1524.94744
2025-08-12T13:58:55Z	24897.00000	1555.08001	1538.06969	1524.94624
2025-08-12T13:58:55Z	24897.00000	1555.08017	1538.06883	1524.94660
2025-08-12T13:58:56Z	24897.00000	1555.07957	1538.06864	1524.94728
2025-08-12T13:58:56Z	24897.00000	1555.07837	1538.06613	1524.94713
2025-08-12T13:58:56Z	24897.00000	1555.07891	1538.06731	1524.94846
2025-08-12T13:58:56Z	24897.00000	1555.07876	1538.06754	1524.94841
2025-08-12T13:58:56Z	24897.00000	1555.07731	1538.06620	1524.94755
2025-08-12T13:58:56Z	24898.00000	1555.07803	1538.06399	1524.94848
2025-08-12T13:58:56Z	24898.00000	1555.07655	1538.06169	1524.94807
2025-08-12T13:58:56Z	24898.00000	1555.07655	1538.06356	1524.94762
2025-08-12T13:58:56Z	24898.00000	1555.07595	1538.06361	1524.94773
2025-08-12T13:58:57Z	24898.00000	1555.07493	1538.06182	1524.94840
2025-08-12T13:58:57Z	24898.00000	1555.07537	1538.06062	1524.94821
2025-08-12T13:58:57Z	24898.00000	1555.07539	1538.06053	1524.94769
2025-08-12T13:58:57Z	24898.00000	1555.07405	1538.06062	1524.94760
2025-08-12T13:58:57Z	24899.00000	1555.07555	1538.06026	1524.94903
2025-08-12T13:58:57Z	24899.00000	1555.07428	1538.05996	1524.94802
2025-08-12T13:58:57Z	24899.00000	1555.07427	1538.05863	1524.94788
2025-08-12T13:58:57Z	24899.00000	1555.07461	1538.06080	1524.94821
2025-08-12T13:58:57Z	24899.00000	1555.07389	1538.05812	1524.94835
2025-08-12T13:58:57Z	24899.00000	1555.07368	1538.05806	1524.94743
2025-08-12T13:58:58Z	24899.00000	1555.07355	1538.05873	1524.94740
2025-08-12T13:58:58Z	24899.00000	1555.07345	1538.05876	1524.94792
2025-08-12T13:58:58Z	24899.00000	1555.07329	1538.05670	1524.94854
2025-08-12T13:58:58Z	24899.00000	1555.30499	1538.42403	1524.93500
2025-08-12T13:58:58Z	24900.00000	1555.42673	1538.64161	1524.95737
2025-08-12T13:58:58Z	24900.00000	1555.54825	1538.83750	1524.94619
2025-08-12T13:58:58Z	24900.00000	1555.70439	1539.09700	1524.94055
2025-08-12T13:58:58Z	24900.00000	1555.82803	1539.30821	1524.94575
2025-08-12T13:58:58Z	24900.00000	1555.94829	1539.50404	1524.94926
2025-08-12T13:58:58Z	24900.00000	1556.05815	1539.68923	1524.94516
2025-08-12T13:58:59Z	24900.00000	1556.19590	1539.91763	1524.94535
2025-08-12T13:58:59Z	24900.00000	1556.30834	1540.09693	1524.94773
2025-08-12T13:58:59Z	24900.00000	1556.37919	1540.21538	1524.95043
2025-08-12T13:58:59Z	24900.00000	1556.46872	1540.35364	1524.94937
2025-08-12T13:58:59Z	24901.00000	1556.54398	1540.46862	1524.95124
2025-08-12T13:58:59Z	24901.00000	1556.64323	1540.62604	1524.95322
2025-08-12T13:58:59Z	24901.00000	1556.71983	1540.75507	1524.95504
2025-08-12T13:58:59Z	24901.00000	1556.76966	1540.83153	1524.95414
2025-08-12T13:58:59Z	24901.00000	1556.84092	1540.94563	1524.95632
2025-08-12T13:59:00Z	24901.00000	1556.90119	1541.03631	1524.95759
2025-08-12T13:59:00Z	24901.00000	1556.94191	1541.11148	1524.95917
2025-08-12T13:59:00Z	24901.00000	1556.98443	1541.16819	1524.95802
2025-08-12T13:59:00Z	24901.00000	1557.02566	1541.22845	1524.96052
2025-08-12T13:59:00Z	24901.00000	1557.07185	1541.31563	1524.96161
2025-08-12T13:59:00Z	24902.00000	1557.09778	1541.35186	1524.96116
2025-08-12T13:59:00Z	24902.00000	1557.13302	1541.39884	1524.96229
2025-08-12T13:59:00Z	24902.00000	1557.17063	1541.47190	1524.96311
2025-08-12T13:59:00Z	24902.00000	1557.18961	1541.49573	1524.96434
2025-08-12T13:59:00Z	24902.00000	1557.20650	1541.51905	1524.96402
2025-08-12T13:59:01Z	24902.00000	1557.23182	1541.55822	1524.96461
2025-08-12T13:59:01Z	24902.00000	1557.24649	1541.58173	1524.96296
2025-08-12T13:59:01Z	24902.00000	1557.25818	1541.59936	1524.96531
2025-08-12T13:59:01Z	24902.00000	1557.27384	1541.63838	1524.96620
2025-08-12T13:59:01Z	24902.00000	1557.28189	1541.65195	1524.96508
2025-08-12T13:59:01Z	24903.00000	1557.29529	1541.66505	1524.96565
2025-08-12T13:59:01Z	24903.00000	1557.30201	1541.67398	1524.96597
2025-08-12T13:59:01Z	24903.00000	1557.31014	1541.68371	1524.96508
2025-08-12T13:59:01Z	24903.00000	1557.31380	1541.69033	1524.96598
2025-08-12T13:59:01Z	24903.00000	1557.31883	1541.69777	1524.96619
2025-08-12T13:59:02Z	24903.00000	1557.32191	1541.70272	1524.96571
2025-08-12T13:59:02Z	24903.00000	1556.80485	1540.83343	1525.08059
2025-08-12T13:59:02Z	24903.00000	1555.25307	1538.36873	1524.96269
2025-08-12T13:59:02Z	24903.00000	1555.10461	1538.11266	1524.94224
2025-08-12T13:59:02Z	24904.00000	1555.09611	1538.09817	1524.95311
2025-08-12T13:59:02Z	24904.00000	1555.08841	1538.08584	1524.94528
2025-08-12T13:59:02Z	24904.00000	1555.08993	1538.08750	1524.95087
2025-08-12T13:59:02Z	24904.00000	1555.08733	1538.08327	1524.94756
2025-08-12T13:59:03Z	24904.00000	1555.08699	1538.08192	1524.94961
2025-08-12T13:59:03Z	24904.00000	1555.08455	1538.07900	1524.94728
2025-08-12T13:59:03Z	24904.00000	1555.08410	1538.07638	1524.94697
2025-08-12T13:59:03Z	24904.00000	1555.08419	1538.07651	1524.94836
2025-08-12T13:59:03Z	24904.00000	1555.08287	1538.07488	1524.94757
2025-08-12T13:59:03Z	24905.00000	1555.08205	1538.07453	1524.94807
2025-08-12T13:59:03Z	24905.00000	1555.08198	1538.07246	1524.94757
2025-08-12T13:59:03Z	24905.00000	1555.08072	1538.06981	1524.94532
2025-08-12T13:59:03Z	24905.00000	1555.08173	1538.07259	1524.94900
2025-08-12T13:59:03Z	24905.00000	1555.08091	1538.07058	1524.94669
2025-08-12T13:59:04Z	24905.00000	1555.08083	1538.06987	1524.94850
2025-08-12T13:59:04Z	24905.00000	1555.07968	1538.06990	1524.94738
2025-08-12T13:59:04Z	24905.00000	1555.07974	1538.06737	1524.94714
2025-08-12T13:59:04Z	24905.00000	1555.07908	1538.06840	1524.94845
2025-08-12T13:59:04Z	24905.00000	1555.07846	1538.06716	1524.94856
2025-08-12T13:59:04Z	24906.00000	1555.07847	1538.06488	1524.94832
2025-08-12T13:59:04Z	24906.00000	1555.07728	1538.06429	1524.94851
2025-08-12T13:59:04Z	24906.00000	1555.07731	1538.06345	1524.94775
2025-08-12T13:59:04Z	24906.00000	1555.07724	1538.06371	1524.94768
2025-08-12T13:59:05Z	24906.00000	1555.07672	1538.06059	1524.94798
2025-08-12T13:59:05Z	24906.00000	1555.07714	1538.06244	1524.94771
2025-08-12T13:59:05Z	24906.00000	1555.07565	1538.06265	1524.94825
2025-08-12T13:59:05Z	24906.00000	1555.07655	1538.06263	1524.94786
2025-08-12T13:59:05Z	24906.00000	1555.07508	1538.06212	1524.94813
2025-08-12T13:59:05Z	24907.00000	1555.07535	1538.06156	1524.94835
2025-08-12T13:59:05Z	24907.00000	1555.07451	1538.06140	1524.94762
2025-08-12T13:59:05Z	24907.00000	1555.07423	1538.06075	1524.94852
2025-08-12T13:59:05Z	24907.00000	1555.07492	1538.06073	1524.94807
2025-08-12T13:59:05Z	24907.00000	1555.07473	1538.06027	1524.94837
2025-08-12T13:59:06Z	24907.00000	1555.07419	1538.05977	1524.94811
2025-08-12T13:59:06Z	24907.00000	1555.07380	1538.05986	1524.94824
2025-08-12T13:59:06Z	24907.00000	1555.07331	1538.05684	1524.94749
2025-08-12T13:59:06Z	24907.00000	1555.07371	1538.05889	1524.94768
2025-08-12T13:59:06Z	24907.00000	1555.07363	1538.05871	1524.94867
2025-08-12T13:59:06Z	24908.00000	1555.07341	1538.05806	1524.94757
2025-08-12T13:59:06Z	24908.00000	1555.07340	1538.05725	1524.94795
2025-08-12T13:59:06Z	24908.00000	1555.07266	1538.05736	1524.94768
2025-08-12T13:59:07Z	24908.00000	1555.07272	1538.05587	1524.94757
2025-08-12T13:59:07Z	24908.00000	1555.07273	1538.05732	1524.94782
2025-08-12T13:59:07Z	24908.00000	1555.07275	1538.05615	1524.94805
2025-08-12T13:59:07Z	24908.00000	1555.19125	1538.25051	1524.93985
2025-08-12T13:59:07Z	24908.00000	1555.35805	1538.51493	1524.93768
2025-08-12T13:59:07Z	24909.00000	1555.48247	1538.72442	1524.94801
2025-08-12T13:59:07Z	24909.00000	1555.62393	1538.95662	1524.93966
2025-08-12T13:59:07Z	24909.00000	1555.79173	1539.24077	1524.94673
2025-08-12T13:59:07Z	24909.00000	1555.93120	1539.48187	1524.94375
2025-08-12T13:59:07Z	24909.00000	1556.06068	1539.69299	1524.94489
2025-08-12T13:59:08Z	24909.00000	1556.19845	1539.91700	1524.94682
2025-08-12T13:59:08Z	24909.00000	1556.29592	1540.07787	1524.94828
2025-08-12T13:59:08Z	24909.00000	1556.39655	1540.24234	1524.94917
2025-08-12T13:59:08Z	24909.00000	1556.54409	1540.46840	1524.95035
2025-08-12T13:59:08Z	24910.00000	1556.61558	1540.58555	1524.95350
2025-08-12T13:59:08Z	24910.00000	1556.67404	1540.66903	1524.95388
2025-08-12T13:59:08Z	24910.00000	1556.72587	1540.76249	1524.95481
2025-08-12T13:59:08Z	24910.00000	1556.79214	1540.85188	1524.95544
2025-08-12T13:59:08Z	24910.00000	1556.84788	1540.95586	1524.95704
2025-08-12T13:59:09Z	24910.00000	1556.91678	1541.05662	1524.95719
2025-08-12T13:59:09Z	24910.00000	1556.97385	1541.15167	1524.95977
2025-08-12T13:59:09Z	24910.00000	1557.00950	1541.20548	1524.95989
2025-08-12T13:59:09Z	24910.00000	1557.04042	1541.27170	1524.96085
2025-08-12T13:59:09Z	24910.00000	1557.08677	1541.33466	1524.96115
2025-08-12T13:59:09Z	24911.00000	1557.11286	1541.37426	1524.96168
2025-08-12T13:59:09Z	24911.00000	1557.15478	1541.42943	1524.96215
2025-08-12T13:59:09Z	24911.00000	1557.17482	1541.47304	1524.96297
2025-08-12T13:59:09Z	24911.00000	1557.20477	1541.51235	1524.96425
2025-08-12T13:59:09Z	24911.00000	1557.21845	1541.53675	1524.96357
2025-08-12T13:59:09Z	24911.00000	1557.23480	1541.56102	1524.96447
2025-08-12T13:59:10Z	24911.00000	1557.24836	1541.58003	1524.96472
2025-08-12T13:59:10Z	24911.00000	1557.26319	1541.60224	1524.96388
2025-08-12T13:59:10Z	24911.00000	1557.27365	1541.63508	1524.96517
2025-08-12T13:59:10Z	24911.00000	1557.28282	1541.64950	1524.96449
2025-08-12T13:59:10Z	24912.00000	1557.29792	1541.66145	1524.96637
2025-08-12T13:59:10Z	24912.00000	1557.30420	1541.67389	1524.96556
2025-08-12T13:59:10Z	24912.00000	1557.31167	1541.68138	1524.96639
2025-08-12T13:59:10Z	24912.00000	1557.31518	1541.68667	1524.96440
2025-08-12T13:59:10Z	24912.00000	1557.31910	1541.69539	1524.96615
2025-08-12T13:59:10Z	24912.00000	1557.32071	1541.70044	1524.96594
2025-08-12T13:59:11Z	24912.00000	1557.32526	1541.70258	1524.96506
2025-08-12T13:59:11Z	24912.00000	1555.44109	1538.59183	1524.93225
2025-08-12T13:59:11Z	24912.00000	1555.09171	1538.09874	1524.93762
2025-08-12T13:59:11Z	24912.00000	1555.09587	1538.09964	1524.95181
2025-08-12T13:59:11Z	24913.00000	1555.09263	1538.09253	1524.94862
2025-08-12T13:59:11Z	24913.00000	1555.09221	1538.09299	1524.95170
2025-08-12T13:59:11Z	24913.00000	1555.08927	1538.08702	1524.94956
2025-08-12T13:59:11Z	24913.00000	1555.08611	1538.08234	1524.94598
2025-08-12T13:59:11Z	24913.00000	1555.08576	1538.08186	1524.94816
2025-08-12T13:59:12Z	24913.00000	1555.08570	1538.07971	1524.94791
2025-08-12T13:59:12Z	24913.00000	1555.08432	1538.07769	1524.94656
2025-08-12T13:59:12Z	24913.00000	1555.08424	1538.07693	1524.94790
2025-08-12T13:59:12Z	24913.00000	1555.08314	1538.07531	1524.94738
2025-08-12T13:59:12Z	24913.00000	1555.08320	1538.07409	1524.94706
2025-08-12T13:59:12Z	24914.00000	1555.08191	1538.07199	1524.94762
2025-08-12T13:59:12Z	24914.00000	1555.08140	1538.07270	1524.94762
2025-08-12T13:59:12Z	24914.00000	1555.08025	1538.06984	1524.94609
2025-08-12T13:59:12Z	24914.00000	1555.08054	1538.06913	1524.94652
2025-08-12T13:59:12Z	24914.00000	1555.07913	1538.06752	1524.94655
2025-08-12T13:59:13Z	24914.00000	1555.07985	1538.06881	1524.94869
2025-08-12T13:59:13Z	24914.00000	1555.07943	1538.06746	1524.94739
2025-08-12T13:59:13Z	24914.00000	1555.07956	1538.06812	1524.94804
2025-08-12T13:59:13Z	24914.00000	1555.07833	1538.06602	1524.94704
2025-08-12T13:59:13Z	24914.00000	1555.07894	1538.06638	1524.94772
2025-08-12T13:59:13Z	24915.00000	1555.07765	1538.06663	1524.94727
2025-08-12T13:59:13Z	24915.00000	1555.07802	1538.06430	1524.94773
2025-08-12T13:59:13Z	24915.00000	1555.07774	1538.06539	1524.94821
2025-08-12T13:59:13Z	24915.00000	1555.07618	1538.06474	1524.94787
2025-08-12T13:59:13Z	24915.00000	1555.07685	1538.06408	1524.94763
2025-08-12T13:59:13Z	24915.00000	1555.07635	1538.06308	1524.94742
2025-08-12T13:59:14Z	24915.00000	1555.07579	1538.06383	1524.94835
2025-08-12T13:59:14Z	24915.00000	1555.07598	1538.06145	1524.94707
2025-08-12T13:59:14Z	24915.00000	1555.07519	1538.06148	1524.94782
2025-08-12T13:59:14Z	24915.00000	1555.07526	1538.06315	1524.94784
2025-08-12T13:59:14Z	24916.00000	1555.07564	1538.06058	1524.94772
2025-08-12T13:59:14Z	24916.00000	1555.07459	1538.06050	1524.94735
2025-08-12T13:59:14Z	24916.00000	1555.07426	1538.05956	1524.94849
2025-08-12T13:59:14Z	24916.00000	1555.07395	1538.05927	1524.94740
2025-08-12T13:59:14Z	24916.00000	1555.07388	1538.05921	1524.94733
2025-08-12T13:59:15Z	24916.00000	1555.07376	1538.05880	1524.94817
2025-08-12T13:59:15Z	24916.00000	1555.07305	1538.05903	1524.94757
2025-08-12T13:59:15Z	24916.00000	1555.07420	1538.05973	1524.94806
2025-08-12T13:59:15Z	24916.00000	1555.07434	1538.05899	1524.94817
2025-08-12T13:59:15Z	24916.00000	1555.28904	1538.40900	1524.95503
2025-08-12T13:59:15Z	24917.00000	1555.47226	1538.71363	1524.95680
2025-08-12T13:59:15Z	24917.00000	1555.58938	1538.90503	1524.94080
2025-08-12T13:59:15Z	24917.00000	1555.70006	1539.08827	1524.94471
2025-08-12T13:59:15Z	24917.00000	1555.80208	1539.26427	1524.95025
2025-08-12T13:59:15Z	24917.00000	1555.96234	1539.52510	1524.94344
2025-08-12T13:59:16Z	24917.00000	1556.04936	1539.67578	1524.94859
2025-08-12T13:59:16Z	24917.00000	1556.15561	1539.84951	1524.94678
2025-08-12T13:59:16Z	24917.00000	1556.25142	1540.00754	1524.94582
2025-08-12T13:59:16Z	24917.00000	1556.37528	1540.20486	1524.94968
2025-08-12T13:59:16Z	24917.00000	1556.47735	1540.36493	1524.95001
2025-08-12T13:59:16Z	24918.00000	1556.56802	1540.50167	1524.95127
2025-08-12T13:59:16Z	24918.00000	1556.65527	1540.63765	1524.95308
2025-08-12T13:59:16Z	24918.00000	1556.71938	1540.74848	1524.95531
2025-08-12T13:59:16Z	24918.00000	1556.77082	1540.82913	1524.95516
2025-08-12T13:59:16Z	24918.00000	1556.83319	1540.92515	1524.95640
2025-08-12T13:59:17Z	24918.00000	1556.87537	1540.99627	1524.95687
2025-08-12T13:59:17Z	24918.00000	1556.93446	1541.09341	1524.95821
2025-08-12T13:59:17Z	24918.00000	1556.99365	1541.17927	1524.95800
2025-08-12T13:59:17Z	24918.00000	1557.04428	1541.26631	1524.96086
2025-08-12T13:59:17Z	24918.00000	1557.07948	1541.31867	1524.96150
2025-08-12T13:59:17Z	24919.00000	1557.10474	1541.35818	1524.96152
2025-08-12T13:59:17Z	24919.00000	1557.13372	1541.39199	1524.96241
2025-08-12T13:59:17Z	24919.00000	1557.16885	1541.45655	1524.96262
2025-08-12T13:59:17Z	24919.00000	1557.18885	1541.48574	1524.96364
2025-08-12T13:59:17Z	24919.00000	1557.21190	1541.52015	1524.96535
2025-08-12T13:59:18Z	24919.00000	1557.23237	1541.55626	1524.96500
2025-08-12T13:59:18Z	24919.00000	1557.25505	1541.58212	1524.96369
2025-08-12T13:59:18Z	24919.00000	1557.26868	1541.60728	1524.96439
2025-08-12T13:59:18Z	24919.00000	1557.29502	1541.65397	1524.96589
2025-08-12T13:59:18Z	24920.00000	1557.30346	1541.66737	1524.96540
2025-08-12T13:59:18Z	24920.00000	1557.31025	1541.67466	1524.96623
2025-08-12T13:59:18Z	24920.00000	1557.31323	1541.68074	1524.96633
2025-08-12T13:59:18Z	24920.00000	1557.31880	1541.68776	1524.96563
2025-08-12T13:59:19Z	24920.00000	1557.32291	1541.69957	1524.96559
2025-08-12T13:59:19Z	24920.00000	1557.32599	1541.70055	1524.96561
2025-08-12T13:59:19Z	24920.00000	1555.46467	1538.72756	1524.98724
2025-08-12T13:59:19Z	24920.00000	1555.20181	1538.28021	1524.93426
2025-08-12T13:59:19Z	24920.00000	1555.10225	1538.10594	1524.95584
2025-08-12T13:59:19Z	24921.00000	1555.09685	1538.09945	1524.95248
2025-08-12T13:59:19Z	24921.00000	1555.09276	1538.09401	1524.94920
2025-08-12T13:59:19Z	24921.00000	1555.09219	1538.09251	1524.95145
2025-08-12T13:59:19Z	24921.00000	1555.08806	1538.08477	1524.94587
2025-08-12T13:59:19Z	24921.00000	1555.08877	1538.08597	1524.94998
2025-08-12T13:59:20Z	24921.00000	1555.08597	1538.08280	1524.94641
2025-08-12T13:59:20Z	24921.00000	1555.08584	1538.08177	1524.94824
2025-08-12T13:59:20Z	24921.00000	1555.08477	1538.07746	1524.94830
2025-08-12T13:59:20Z	24921.00000	1555.08322	1538.07806	1524.94726
2025-08-12T13:59:20Z	24921.00000	1555.08352	1538.07699	1524.94780
2025-08-12T13:59:20Z	24922.00000	1555.08354	1538.07579	1524.94809
2025-08-12T13:59:20Z	24922.00000	1555.08255	1538.07397	1524.94716
2025-08-12T13:59:20Z	24922.00000	1555.08085	1538.06989	1524.94543
2025-08-12T13:59:20Z	24922.00000	1555.08086	1538.07059	1524.94596
2025-08-12T13:59:20Z	24922.00000	1555.08173	1538.07268	1524.94906
2025-08-12T13:59:21Z	24922.00000	1555.08114	1538.07113	1524.94735
2025-08-12T13:59:21Z	24922.00000	1555.08062	1538.07104	1524.94681
2025-08-12T13:59:21Z	24922.00000	1555.08012	1538.06892	1524.94667
2025-08-12T13:59:21Z	24922.00000	1555.07930	1538.06890	1524.94754
2025-08-12T13:59:21Z	24922.00000	1555.07890	1538.06882	1524.94724
2025-08-12T13:59:21Z	24923.00000	1555.07940	1538.06667	1524.94731
2025-08-12T13:59:21Z	24923.00000	1555.07964	1538.06641	1524.94831
2025-08-12T13:59:21Z	24923.00000	1555.07852	1538.06596	1524.94779
2025-08-12T13:59:21Z	24923.00000	1555.07772	1538.06468	1524.94790
2025-08-12T13:59:21Z	24923.00000	1555.07735	1538.06446	1524.94812
2025-08-12T13:59:22Z	24923.00000	1555.07730	1538.06334	1524.94799
2025-08-12T13:59:22Z	24923.00000	1555.07736	1538.06416	1524.94850
2025-08-12T13:59:22Z	24923.00000	1555.07607	1538.06327	1524.94880
2025-08-12T13:59:22Z	24923.00000	1555.07683	1538.06220	1524.94846
2025-08-12T13:59:22Z	24923.00000	1555.07574	1538.06165	1524.94752
2025-08-12T13:59:22Z	24924.00000	1555.07618	1538.06118	1524.94731
2025-08-12T13:59:22Z	24924.00000	1555.07578	1538.06183	1524.94835
2025-08-12T13:59:22Z	24924.00000	1555.07514	1538.06154	1524.94769
2025-08-12T13:59:22Z	24924.00000	1555.07559	1538.06195	1524.94786
2025-08-12T13:59:22Z	24924.00000	1555.07538	1538.06244	1524.94850
2025-08-12T13:59:23Z	24924.00000	1555.07541	1538.06019	1524.94780
2025-08-12T13:59:23Z	24924.00000	1555.07465	1538.05958	1524.94772
2025-08-12T13:59:23Z	24924.00000	1555.07465	1538.06018	1524.94731
2025-08-12T13:59:23Z	24924.00000	1555.18028	1538.24226	1524.95588
2025-08-12T13:59:23Z	24924.00000	1555.35639	1538.50274	1524.93916
2025-08-12T13:59:23Z	24925.00000	1555.52850	1538.80095	1524.95237
2025-08-12T13:59:23Z	24925.00000	1555.76852	1539.20500	1524.94992
2025-08-12T13:59:23Z	24925.00000	1555.89660	1539.41440	1524.94306
2025-08-12T13:59:23Z	24925.00000	1556.02850	1539.63640	1524.94573
2025-08-12T13:59:24Z	24925.00000	1556.14160	1539.82169	1524.94485
2025-08-12T13:59:24Z	24925.00000	1556.28821	1540.05794	1524.94722
2025-08-12T13:59:24Z	24925.00000	1556.38876	1540.22474	1524.95035
2025-08-12T13:59:24Z	24925.00000	1556.48798	1540.37952	1524.95099
2025-08-12T13:59:24Z	24925.00000	1556.57474	1540.51230	1524.95133
2025-08-12T13:59:24Z	24926.00000	1556.65063	1540.63217	1524.95455
2025-08-12T13:59:24Z	24926.00000	1556.70497	1540.72130	1524.95326
2025-08-12T13:59:24Z	24926.00000	1556.75561	1540.80503	1524.95493
2025-08-12T13:59:24Z	24926.00000	1556.80878	1540.87820	1524.95587
2025-08-12T13:59:24Z	24926.00000	1556.86531	1540.97761	1524.95756
2025-08-12T13:59:25Z	24926.00000	1556.92243	1541.06464	1524.95937
2025-08-12T13:59:25Z	24926.00000	1556.97397	1541.14591	1524.95939
2025-08-12T13:59:25Z	24926.00000	1557.05307	1541.27645	1524.96105
2025-08-12T13:59:25Z	24927.00000	1557.12734	1541.37877	1524.96116
2025-08-12T13:59:25Z	24927.00000	1557.15471	1541.42232	1524.96334
2025-08-12T13:59:25Z	24927.00000	1557.18224	1541.47774	1524.96391
2025-08-12T13:59:25Z	24927.00000	1557.22413	1541.54312	1524.96386
2025-08-12T13:59:26Z	24927.00000	1557.24725	1541.57097	1524.96404
2025-08-12T13:59:26Z	24927.00000	1557.25876	1541.59441	1524.96432
2025-08-12T13:59:26Z	24927.00000	1557.27496	1541.61254	1524.96476
2025-08-12T13:59:26Z	24927.00000	1557.28439	1541.64310	1524.96527
2025-08-12T13:59:26Z	24927.00000	1557.29677	1541.65557	1524.96550
2025-08-12T13:59:26Z	24928.00000	1557.30534	1541.66687	1524.96580
2025-08-12T13:59:26Z	24928.00000	1557.31344	1541.67764	1524.96618
2025-08-12T13:59:26Z	24928.00000	1557.31526	1541.68454	1524.96543
2025-08-12T13:59:26Z	24928.00000	1557.32163	1541.68988	1524.96525
2025-08-12T13:59:26Z	24928.00000	1557.32302	1541.69457	1524.96543
2025-08-12T13:59:27Z	24928.00000	1557.32590	1541.69776	1524.96633
2025-08-12T13:59:27Z	24928.00000	1555.69528	1538.97264	1524.90723
2025-08-12T13:59:27Z	24928.00000	1555.19703	1538.27490	1524.94225
2025-08-12T13:59:27Z	24928.00000	1555.10442	1538.10913	1524.95350
2025-08-12T13:59:27Z	24928.00000	1555.09513	1538.09608	1524.94358
2025-08-12T13:59:27Z	24929.00000	1555.09331	1538.09228	1524.94718
2025-08-12T13:59:27Z	24929.00000	1555.08923	1538.08691	1524.94426
2025-08-12T13:59:27Z	24929.00000	1555.08987	1538.08964	1524.94966
2025-08-12T13:59:27Z	24929.00000	1555.08972	1538.08532	1524.94941
2025-08-12T13:59:28Z	24929.00000	1555.08709	1538.08195	1524.94735
2025-08-12T13:59:28Z	24929.00000	1555.08602	1538.08002	1524.94824
2025-08-12T13:59:28Z	24929.00000	1555.08487	1538.07793	1524.94765
2025-08-12T13:59:28Z	24929.00000	1555.08371	1538.07597	1524.94788
2025-08-12T13:59:28Z	24930.00000	1555.08376	1538.07395	1524.94801
2025-08-12T13:59:28Z	24930.00000	1555.08335	1538.07446	1524.94873
2025-08-12T13:59:28Z	24930.00000	1555.08128	1538.07135	1524.94603
2025-08-12T13:59:28Z	24930.00000	1555.08094	1538.07294	1524.94780
2025-08-12T13:59:29Z	24930.00000	1555.08001	1538.07040	1524.94703
2025-08-12T13:59:29Z	24930.00000	1555.08013	1538.06848	1524.94726
2025-08-12T13:59:29Z	24930.00000	1555.08002	1538.06949	1524.94724
2025-08-12T13:59:29Z	24930.00000	1555.07929	1538.06824	1524.94725
2025-08-12T13:59:29Z	24931.00000	1555.07974	1538.06486	1524.94784
2025-08-12T13:59:29Z	24931.00000	1555.08003	1538.06650	1524.94716
2025-08-12T13:59:29Z	24931.00000	1555.07867	1538.06540	1524.94783
2025-08-12T13:59:29Z	24931.00000	1555.07886	1538.06495	1524.94733
2025-08-12T13:59:29Z	24931.00000	1555.07827	1538.06558	1524.94728
2025-08-12T13:59:30Z	24931.00000	1555.07751	1538.06374	1524.94838
2025-08-12T13:59:30Z	24931.00000	1555.07792	1538.06359	1524.94833
2025-08-12T13:59:30Z	24931.00000	1555.07717	1538.06179	1524.94777
2025-08-12T13:59:30Z	24931.00000	1555.07730	1538.06361	1524.94848
2025-08-12T13:59:30Z	24932.00000	1555.07600	1538.06054	1524.94762
2025-08-12T13:59:30Z	24932.00000	1555.07641	1538.06178	1524.94764
2025-08-12T13:59:30Z	24932.00000	1555.07643	1538.06129	1524.94810
2025-08-12T13:59:30Z	24932.00000	1555.07516	1538.06160	1524.94734
2025-08-12T13:59:31Z	24932.00000	1555.07509	1538.06098	1524.94809
2025-08-12T13:59:31Z	24932.00000	1555.07486	1538.05989	1524.94765
2025-08-12T13:59:31Z	24932.00000	1555.07453	1538.05988	1524.94779
2025-08-12T13:59:31Z	24932.00000	1555.07431	1538.06020	1524.94799
2025-08-12T13:59:31Z	24933.00000	1555.07481	1538.05880	1524.94773
2025-08-12T13:59:31Z	24933.00000	1555.07390	1538.05857	1524.94815
2025-08-12T13:59:31Z	24933.00000	1555.07367	1538.05900	1524.94749
2025-08-12T13:59:31Z	24933.00000	1555.07374	1538.05613	1524.94768
2025-08-12T13:59:32Z	24933.00000	1555.07358	1538.05714	1524.94774
2025-08-12T13:59:32Z	24933.00000	1555.07431	1538.05682	1524.94796
2025-08-12T13:59:32Z	24933.00000	1555.07368	1538.05825	1524.94795
2025-08-12T13:59:32Z	24933.00000	1555.07242	1538.05596	1524.94736
2025-08-12T13:59:32Z	24933.00000	1555.07327	1538.05596	1524.94733
2025-08-12T13:59:32Z	24934.00000	1555.07303	1538.05702	1524.94769
2025-08-12T13:59:32Z	24934.00000	1555.07336	1538.05534	1524.94732
2025-08-12T13:59:32Z	24934.00000	1555.07205	1538.05508	1524.94845
2025-08-12T13:59:33Z	24934.00000	1555.07195	1538.05544	1524.94807
2025-08-12T13:59:33Z	24934.00000	1555.07263	1538.05397	1524.94792
2025-08-12T13:59:33Z	24934.00000	1555.07241	1538.05584	1524.94753
2025-08-12T13:59:33Z	24934.00000	1555.07227	1538.05511	1524.94777
2025-08-12T13:59:33Z	24935.00000	1555.07161	1538.05560	1524.94773
2025-08-12T13:59:33Z	24935.00000	1555.07208	1538.05420	1524.94771
2025-08-12T13:59:33Z	24935.00000	1555.07168	1538.05405	1524.94765
2025-08-12T13:59:33Z	24935.00000	1555.07069	1538.05368	1524.94796
2025-08-12T13:59:33Z	24935.00000	1555.07070	1538.05347	1524.94774
2025-08-12T13:59:34Z	24935.00000	1555.07034	1538.05346	1524.94746
2025-08-12T13:59:34Z	24935.00000	1555.07088	1538.05420	1524.94786
2025-08-12T13:59:34Z	24935.00000	1555.07083	1538.05353	1524.94807
2025-08-12T13:59:34Z	24935.00000	1555.07106	1538.05497	1524.94749
2025-08-12T13:59:34Z	24936.00000	1555.07001	1538.05329	1524.94741
2025-08-12T13:59:34Z	24936.00000	1555.07057	1538.05289	1524.94802
2025-08-12T13:59:34Z	24936.00000	1555.07031	1538.05181	1524.94849
2025-08-12T13:59:34Z	24936.00000	1555.06910	1538.05298	1524.94805
2025-08-12T13:59:34Z	24936.00000	1555.07043	1538.05290	1524.94784
2025-08-12T13:59:35Z	24936.00000	1555.07001	1538.05202	1524.94784
2025-08-12T13:59:35Z	24936.00000	1555.07011	1538.05142	1524.94761
2025-08-12T13:59:35Z	24936.00000	1555.07065	1538.05348	1524.94825
2025-08-12T13:59:35Z	24936.00000	1555.07031	1538.05164	1524.94774
2025-08-12T13:59:35Z	24937.00000	1555.07108	1538.05155	1524.94760
2025-08-12T13:59:35Z	24937.00000	1555.07026	1538.05326	1524.94794
2025-08-12T13:59:35Z	24937.00000	1555.07041	1538.05167	1524.94809
2025-08-12T13:59:35Z	24937.00000	1555.06996	1538.05130	1524.94806
2025-08-12T13:59:36Z	24937.00000	1555.06959	1538.05271	1524.94835
2025-08-12T13:59:36Z	24937.00000	1555.07032	1538.05088	1524.94751
2025-08-12T13:59:36Z	24937.00000	1555.06952	1538.05093	1524.94740
2025-08-12T13:59:36Z	24937.00000	1555.06927	1538.05145	1524.94834
2025-08-12T13:59:36Z	24937.00000	1555.06927	1538.05017	1524.94787
2025-08-12T13:59:36Z	24938.00000	1555.06902	1538.05033	1524.94744
2025-08-12T13:59:36Z	24938.00000	1555.06850	1538.05079	1524.94791
2025-08-12T13:59:36Z	24938.00000	1555.06841	1538.05060	1524.94771
2025-08-12T13:59:36Z	24938.00000	1555.06806	1538.05118	1524.94758
2025-08-12T13:59:37Z	24938.00000	1555.06932	1538.05083	1524.94790
2025-08-12T13:59:37Z	24938.00000	1555.06907	1538.05059	1524.94757
2025-08-12T13:59:37Z	24938.00000	1555.06790	1538.04970	1524.94763
2025-08-12T13:59:37Z	24938.00000	1555.06769	1538.05115	1524.94768
2025-08-12T13:59:37Z	24939.00000	1555.06824	1538.05068	1524.94817
2025-08-12T13:59:37Z	24939.00000	1555.06864	1538.04998	1524.94751
2025-08-12T13:59:37Z	24939.00000	1555.06823	1538.04920	1524.94782
2025-08-12T13:59:37Z	24939.00000	1555.06788	1538.04926	1524.94750
2025-08-12T13:59:38Z	24939.00000	1555.06812	1538.04958	1524.94749
2025-08-12T13:59:38Z	24939.00000	1555.06803	1538.04930	1524.94776
2025-08-12T13:59:38Z	24939.00000	1555.06777	1538.04963	1524.94680
2025-08-12T13:59:38Z	24939.00000	1555.06760	1538.04883	1524.94694
2025-08-12T13:59:38Z	24940.00000	1555.06765	1538.04812	1524.94772
2025-08-12T13:59:38Z	24940.00000	1555.06766	1538.04981	1524.94754
2025-08-12T13:59:38Z	24940.00000	1555.06704	1538.04809	1524.94770
2025-08-12T13:59:38Z	24940.00000	1555.06698	1538.04904	1524.94746
2025-08-12T13:59:38Z	24940.00000	1555.06735	1538.04951	1524.94742
2025-08-12T13:59:38Z	24940.00000	1555.06723	1538.04774	1524.94788
2025-08-12T13:59:39Z	24940.00000	1555.06640	1538.04824	1524.94766
2025-08-12T13:59:39Z	24940.00000	1555.06594	1538.05003	1524.94759
2025-08-12T13:59:39Z	24940.00000	1555.06647	1538.04940	1524.94822
2025-08-12T13:59:39Z	24940.00000	1555.06700	1538.04829	1524.94819
2025-08-12T13:59:39Z	24941.00000	1555.06650	1538.04816	1524.94776
2025-08-12T13:59:39Z	24941.00000	1555.06644	1538.04866	1524.94738
2025-08-12T13:59:39Z	24941.00000	1555.06611	1538.04786	1524.94725
2025-08-12T13:59:39Z	24941.00000	1555.06573	1538.04758	1524.94724
2025-08-12T13:59:39Z	24941.00000	1555.06631	1538.04669	1524.94806
2025-08-12T13:59:40Z	24941.00000	1555.06584	1538.04669	1524.94723
2025-08-12T13:59:40Z	24941.00000	1555.06618	1538.04768	1524.94767
2025-08-12T13:59:40Z	24941.00000	1555.06599	1538.04688	1524.94774
2025-08-12T13:59:40Z	24941.00000	1555.06649	1538.04694	1524.94763
2025-08-12T13:59:40Z	24942.00000	1555.06648	1538.04613	1524.94749
2025-08-12T13:59:40Z	24942.00000	1555.06601	1538.04537	1524.94746
2025-08-12T13:59:40Z	24942.00000	1555.06547	1538.04506	1524.94773
2025-08-12T13:59:40Z	24942.00000	1555.06537	1538.04630	1524.94726
2025-08-12T13:59:41Z	24942.00000	1555.06540	1538.04532	1524.94755
2025-08-12T13:59:41Z	24942.00000	1555.06564	1538.04600	1524.94737
2025-08-12T13:59:41Z	24942.00000	1555.06548	1538.04549	1524.94718
2025-08-12T13:59:41Z	24942.00000	1555.06569	1538.04782	1524.94762
2025-08-12T13:59:41Z	24942.00000	1555.06598	1538.04654	1524.94728
2025-08-12T13:59:41Z	24943.00000	1555.06587	1538.04640	1524.94799
2025-08-12T13:59:41Z	24943.00000	1555.06541	1538.04581	1524.94734
2025-08-12T13:59:41Z	24943.00000	1555.06536	1538.04545	1524.94782
2025-08-12T13:59:41Z	24943.00000	1555.06507	1538.04529	1524.94757
2025-08-12T13:59:41Z	24943.00000	1555.06596	1538.04476	1524.94748
2025-08-12T13:59:42Z	24943.00000	1555.06512	1538.04493	1524.94697
2025-08-12T13:59:42Z	24943.00000	1555.06501	1538.04478	1524.94707
2025-08-12T13:59:42Z	24943.00000	1555.06534	1538.04545	1524.94717
2025-08-12T13:59:42Z	24943.00000	1555.06522	1538.04453	1524.94705
2025-08-12T13:59:42Z	24943.00000	1555.06529	1538.04667	1524.94789
2025-08-12T13:59:42Z	24943.00000	1555.06539	1538.04495	1524.94737
2025-08-12T13:59:42Z	24944.00000	1555.06547	1538.04443	1524.94703
2025-08-12T13:59:42Z	24944.00000	1555.06510	1538.04502	1524.94709
2025-08-12T13:59:42Z	24944.00000	1555.06508	1538.04364	1524.94749
2025-08-12T13:59:42Z	24944.00000	1555.06433	1538.04404	1524.94740
2025-08-12T13:59:43Z	24944.00000	1555.06507	1538.04495	1524.94744
2025-08-12T13:59:43Z	24944.00000	1555.06433	1538.04361	1524.94728
2025-08-12T13:59:43Z	24944.00000	1555.06461	1538.04294	1524.94811
2025-08-12T13:59:43Z	24944.00000	1555.06418	1538.04400	1524.94720
2025-08-12T13:59:43Z	24945.00000	1555.06487	1538.04360	1524.94711
2025-08-12T13:59:43Z	24945.00000	1555.06408	1538.04550	1524.94731
2025-08-12T13:59:43Z	24945.00000	1555.06413	1538.04389	1524.94707
2025-08-12T13:59:43Z	24945.00000	1555.06383	1538.04282	1524.94708
2025-08-12T13:59:44Z	24945.00000	1555.06435	1538.04236	1524.94736
2025-08-12T13:59:44Z	24945.00000	1555.06416	1538.04261	1524.94706
2025-08-12T13:59:44Z	24945.00000	1555.06421	1538.04300	1524.94776
2025-08-12T13:59:44Z	24945.00000	1555.06404	1538.04427	1524.94775
2025-08-12T13:59:44Z	24945.00000	1555.06424	1538.04330	1524.94710
2025-08-12T13:59:44Z	24946.00000	1555.06363	1538.04225	1524.94675
2025-08-12T13:59:44Z	24946.00000	1555.06335	1538.04285	1524.94782
2025-08-12T13:59:44Z	24946.00000	1555.06355	1538.04308	1524.94711
2025-08-12T13:59:44Z	24946.00000	1555.06343	1538.04177	1524.94738
2025-08-12T13:59:45Z	24946.00000	1555.06361	1538.04169	1524.94739
2025-08-12T13:59:45Z	24946.00000	1555.06309	1538.04182	1524.94788
2025-08-12T13:59:45Z	24946.00000	1555.06351	1538.04144	1524.94700
2025-08-12T13:59:45Z	24946.00000	1555.06337	1538.04137	1524.94778
2025-08-12T13:59:45Z	24946.00000	1555.06392	1538.04333	1524.94763
2025-08-12T13:59:45Z	24947.00000	1555.06297	1538.04278	1524.94769
2025-08-12T13:59:45Z	24947.00000	1555.06390	1538.04344	1524.94723
2025-08-12T13:59:45Z	24947.00000	1555.06389	1538.04237	1524.94709
2025-08-12T13:59:45Z	24947.00000	1555.06325	1538.04315	1524.94776
2025-08-12T13:59:45Z	24947.00000	1555.06287	1538.04119	1524.94756
2025-08-12T13:59:46Z	24947.00000	1555.06297	1538.04103	1524.94692
2025-08-12T13:59:46Z	24947.00000	1555.06283	1538.04270	1524.94705
2025-08-12T13:59:46Z	24947.00000	1555.06336	1538.04307	1524.94716
2025-08-12T13:59:46Z	24947.00000	1555.06385	1538.04204	1524.94725
2025-08-12T13:59:46Z	24947.00000	1555.06298	1538.04168	1524.94767
2025-08-12T13:59:46Z	24948.00000	1555.06299	1538.04168	1524.94704
2025-08-12T13:59:46Z	24948.00000	1555.06254	1538.04181	1524.94712
2025-08-12T13:59:46Z	24948.00000	1555.06351	1538.04161	1524.94718
2025-08-12T13:59:46Z	24948.00000	1555.06256	1538.04173	1524.94770
2025-08-12T13:59:47Z	24948.00000	1555.06329	1538.04086	1524.94745
2025-08-12T13:59:47Z	24948.00000	1555.06269	1538.04044	1524.94714
2025-08-12T13:59:47Z	24948.00000	1555.06322	1538.04124	1524.94736
2025-08-12T13:59:47Z	24948.00000	1555.06279	1538.04035	1524.94690
2025-08-12T13:59:47Z	24949.00000	1555.06222	1538.04029	1524.94739
2025-08-12T13:59:47Z	24949.00000	1555.06267	1538.04076	1524.94705
2025-08-12T13:59:47Z	24949.00000	1555.06255	1538.04041	1524.94726
2025-08-12T13:59:47Z	24949.00000	1555.06273	1538.04074	1524.94645
2025-08-12T13:59:48Z	24949.00000	1555.06217	1538.04058	1524.94756
2025-08-12T13:59:48Z	24949.00000	1555.06275	1538.04001	1524.94733
2025-08-12T13:59:48Z	24949.00000	1555.06254	1538.03980	1524.94709
2025-08-12T13:59:48Z	24949.00000	1555.06254	1538.04067	1524.94698
2025-08-12T13:59:48Z	24949.00000	1555.06247	1538.04003	1524.94731
2025-08-12T13:59:48Z	24950.00000	1555.06237	1538.04023	1524.94744
2025-08-12T13:59:48Z	24950.00000	1555.06188	1538.04110	1524.94677
2025-08-12T13:59:48Z	24950.00000	1555.06195	1538.04049	1524.94791
2025-08-12T13:59:48Z	24950.00000	1555.06233	1538.03937	1524.94745
2025-08-12T13:59:48Z	24950.00000	1555.06230	1538.04034	1524.94720
2025-08-12T13:59:49Z	24950.00000	1555.06247	1538.03983	1524.94754
2025-08-12T13:59:49Z	24950.00000	1555.06304	1538.04002	1524.94691
2025-08-12T13:59:49Z	24950.00000	1555.06307	1538.04037	1524.94794
2025-08-12T13:59:49Z	24950.00000	1555.06261	1538.03967	1524.94829
2025-08-12T13:59:49Z	24950.00000	1555.06205	1538.03993	1524.94774
2025-08-12T13:59:49Z	24951.00000	1555.06217	1538.04025	1524.94678
2025-08-12T13:59:49Z	24951.00000	1555.06247	1538.03959	1524.94750
2025-08-12T13:59:49Z	24951.00000	1555.06222	1538.04039	1524.94732
2025-08-12T13:59:49Z	24951.00000	1555.06203	1538.03982	1524.94731
2025-08-12T13:59:49Z	24951.00000	1555.06183	1538.03898	1524.94702
2025-08-12T13:59:50Z	24951.00000	1555.06201	1538.03911	1524.94668
2025-08-12T13:59:50Z	24951.00000	1555.06237	1538.04004	1524.94720
2025-08-12T13:59:50Z	24951.00000	1555.06245	1538.03823	1524.94720
2025-08-12T13:59:50Z	24951.00000	1555.06211	1538.03977	1524.94652
2025-08-12T13:59:50Z	24951.00000	1555.06229	1538.04085	1524.94779
2025-08-12T13:59:50Z	24951.00000	1555.06246	1538.03866	1524.94696
2025-08-12T13:59:50Z	24952.00000	1555.06173	1538.03934	1524.94823
2025-08-12T13:59:50Z	24952.00000	1555.06210	1538.03842	1524.94758
2025-08-12T13:59:50Z	24952.00000	1555.06220	1538.03948	1524.94755
2025-08-12T13:59:50Z	24952.00000	1555.06213	1538.04024	1524.94778
2025-08-12T13:59:51Z	24952.00000	1555.06185	1538.03934	1524.94750
2025-08-12T13:59:51Z	24952.00000	1555.06162	1538.04000	1524.94720
2025-08-12T13:59:51Z	24952.00000	1555.06176	1538.04132	1524.94779
2025-08-12T13:59:51Z	24952.00000	1555.06160	1538.03954	1524.94654
2025-08-12T13:59:51Z	24952.00000	1555.06180	1538.03950	1524.94740
2025-08-12T13:59:51Z	24953.00000	1555.06200	1538.03935	1524.94691
2025-08-12T13:59:51Z	24953.00000	1555.06200	1538.03865	1524.94760
2025-08-12T13:59:51Z	24953.00000	1555.06220	1538.03901	1524.94688
2025-08-12T13:59:51Z	24953.00000	1555.06159	1538.03829	1524.94690
2025-08-12T13:59:51Z	24953.00000	1555.06186	1538.03918	1524.94749
2025-08-12T13:59:51Z	24953.00000	1555.06140	1538.03801	1524.94736
2025-08-12T13:59:52Z	24953.00000	1555.06237	1538.03940	1524.94733
2025-08-12T13:59:52Z	24953.00000	1555.06171	1538.03873	1524.94760
2025-08-12T13:59:52Z	24953.00000	1555.06191	1538.03872	1524.94808
2025-08-12T13:59:52Z	24953.00000	1555.06186	1538.03774	1524.94823
2025-08-12T13:59:52Z	24954.00000	1555.06155	1538.03904	1524.94816
2025-08-12T13:59:52Z	24954.00000	1555.06142	1538.03795	1524.94796
2025-08-12T13:59:52Z	24954.00000	1555.06174	1538.03773	1524.94664
2025-08-12T13:59:52Z	24954.00000	1555.06159	1538.03931	1524.94687
2025-08-12T13:59:52Z	24954.00000	1555.06147	1538.03689	1524.94700
2025-08-12T13:59:53Z	24954.00000	1555.06117	1538.03820	1524.94766
2025-08-12T13:59:53Z	24954.00000	1555.06194	1538.03860	1524.94691
2025-08-12T13:59:53Z	24954.00000	1555.06094	1538.03744	1524.94673
2025-08-12T13:59:53Z	24954.00000	1555.06101	1538.03841	1524.94749
2025-08-12T13:59:53Z	24955.00000	1555.06116	1538.03824	1524.94715
2025-08-12T13:59:53Z	24955.00000	1555.06208	1538.03869	1524.94699
2025-08-12T13:59:53Z	24955.00000	1555.06120	1538.03817	1524.94720
2025-08-12T13:59:53Z	24955.00000	1555.06168	1538.03830	1524.94702
2025-08-12T13:59:53Z	24955.00000	1555.06143	1538.03768	1524.94785
2025-08-12T13:59:54Z	24955.00000	1555.06144	1538.03861	1524.94709
2025-08-12T13:59:54Z	24955.00000	1555.06176	1538.03950	1524.94734
2025-08-12T13:59:54Z	24955.00000	1555.06197	1538.03744	1524.94692
2025-08-12T13:59:54Z	24955.00000	1555.06114	1538.03823	1524.94807
2025-08-12T13:59:54Z	24955.00000	1555.06132	1538.03844	1524.94719
2025-08-12T13:59:54Z	24956.00000	1555.06101	1538.03645	1524.94698
2025-08-12T13:59:54Z	24956.00000	1555.06130	1538.03695	1524.94646
2025-08-12T13:59:54Z	24956.00000	1555.06133	1538.03833	1524.94693
2025-08-12T13:59:54Z	24956.00000	1555.06150	1538.03852	1524.94689
2025-08-12T13:59:54Z	24956.00000	1555.06170	1538.03893	1524.94734
2025-08-12T13:59:55Z	24956.00000	1555.06132	1538.03800	1524.94758
2025-08-12T13:59:55Z	24956.00000	1555.06173	1538.03899	1524.94797
2025-08-12T13:59:55Z	24956.00000	1555.06109	1538.03714	1524.94774
2025-08-12T13:59:55Z	24956.00000	1555.06125	1538.03788	1524.94735
2025-08-12T13:59:55Z	24957.00000	1555.06118	1538.03807	1524.94725
2025-08-12T13:59:55Z	24957.00000	1555.06175	1538.03710	1524.94704
2025-08-12T13:59:55Z	24957.00000	1555.06169	1538.03691	1524.94737
2025-08-12T13:59:55Z	24957.00000	1555.06148	1538.03711	1524.94663
2025-08-12T13:59:56Z	24957.00000	1555.06166	1538.03753	1524.94736
2025-08-12T13:59:56Z	24957.00000	1555.06153	1538.03576	1524.94723
2025-08-12T13:59:56Z	24957.00000	1555.06160	1538.03647	1524.94767
2025-08-12T13:59:56Z	24957.00000	1555.06104	1538.03570	1524.94720
2025-08-12T13:59:56Z	24957.00000	1555.06096	1538.03654	1524.94737
2025-08-12T13:59:56Z	24958.00000	1555.06106	1538.03803	1524.94776
2025-08-12T13:59:56Z	24958.00000	1555.06150	1538.03659	1524.94684
2025-08-12T13:59:56Z	24958.00000	1555.06157	1538.03856	1524.94763
2025-08-12T13:59:56Z	24958.00000	1555.06185	1538.03711	1524.94746
2025-08-12T13:59:56Z	24958.00000	1555.06053	1538.03555	1524.94729
2025-08-12T13:59:56Z	24958.00000	1555.06113	1538.03871	1524.94818
2025-08-12T13:59:57Z	24958.00000	1555.06062	1538.03637	1524.94700
2025-08-12T13:59:57Z	24958.00000	1555.06113	1538.03703	1524.94721
2025-08-12T13:59:57Z	24958.00000	1555.06120	1538.03639	1524.94713
2025-08-12T13:59:57Z	24958.00000	1555.06113	1538.03599	1524.94699
2025-08-12T13:59:57Z	24959.00000	1555.06086	1538.03711	1524.94723
2025-08-12T13:59:57Z	24959.00000	1555.06057	1538.03653	1524.94712
2025-08-12T13:59:57Z	24959.00000	1555.06163	1538.03679	1524.94781
2025-08-12T13:59:57Z	24959.00000	1555.06117	1538.03686	1524.94674
2025-08-12T13:59:57Z	24959.00000	1555.06056	1538.03782	1524.94728
2025-08-12T13:59:58Z	24959.00000	1555.06128	1538.03641	1524.94702
2025-08-12T13:59:58Z	24959.00000	1555.06099	1538.03725	1524.94714
2025-08-12T13:59:58Z	24959.00000	1555.06069	1538.03745	1524.94816
2025-08-12T13:59:58Z	24959.00000	1555.06138	1538.03888	1524.94774
2025-08-12T13:59:58Z	24959.00000	1555.06095	1538.03701	1524.94677
2025-08-12T13:59:58Z	24959.00000	1555.06137	1538.03721	1524.94748
2025-08-12T13:59:58Z	24960.00000	1555.06061	1538.03750	1524.94796
2025-08-12T13:59:58Z	24960.00000	1555.06065	1538.03638	1524.94717
2025-08-12T13:59:58Z	24960.00000	1555.06076	1538.03558	1524.94693
2025-08-12T13:59:58Z	24960.00000	1555.06116	1538.03650	1524.94773
2025-08-12T13:59:59Z	24960.00000	1555.06094	1538.03670	1524.94797
2025-08-12T13:59:59Z	24960.00000	1555.06096	1538.03605	1524.94719
2025-08-12T13:59:59Z	24960.00000	1555.06095	1538.03755	1524.94665
2025-08-12T13:59:59Z	24960.00000	1555.06085	1538.03673	1524.94763
2025-08-12T13:59:59Z	24960.00000	1555.06094	1538.03702	1524.94748
2025-08-12T13:59:59Z	24961.00000	1555.06073	1538.03677	1524.94783
2025-08-12T13:59:59Z	24961.00000	1555.06054	1538.03571	1524.94774
2025-08-12T13:59:59Z	24961.00000	1555.06098	1538.03694	1524.94691
2025-08-12T13:59:59Z	24961.00000	1555.06035	1538.03716	1524.94796
2025-08-12T13:59:59Z	24961.00000	1555.06053	1538.03665	1524.94757
2025-08-12T14:00:00Z	24961.00000	1555.06047	1538.03527	1524.94756
2025-08-12T14:00:00Z	24961.00000	1555.06082	1538.03611	1524.94786
2025-08-12T14:00:00Z	24961.00000	1555.06077	1538.03703	1524.94817
2025-08-12T14:00:00Z	24961.00000	1555.06084	1538.03583	1524.94744
2025-08-12T14:00:00Z	24961.00000	1555.06027	1538.03720	1524.94745
2025-08-12T14:00:00Z	24962.00000	1555.06048	1538.03570	1524.94749
2025-08-12T14:00:00Z	24962.00000	1555.06072	1538.03655	1524.94742
2025-08-12T14:00:00Z	24962.00000	1555.06007	1538.03662	1524.94721
2025-08-12T14:00:00Z	24962.00000	1555.06003	1538.03664	1524.94778
2025-08-12T14:00:00Z	24962.00000	1555.06028	1538.03630	1524.94715
2025-08-12T14:00:01Z	24962.00000	1555.06041	1538.03650	1524.94738
2025-08-12T14:00:01Z	24962.00000	1555.06074	1538.03611	1524.94736
2025-08-12T14:00:01Z	24962.00000	1555.06006	1538.03433	1524.94715
2025-08-12T14:00:01Z	24962.00000	1555.06056	1538.03621	1524.94703
2025-08-12T14:00:01Z	24962.00000	1555.06058	1538.03539	1524.94713
2025-08-12T14:00:01Z	24963.00000	1555.06067	1538.03454	1524.94725
2025-08-12T14:00:01Z	24963.00000	1555.06084	1538.03633	1524.94716
2025-08-12T14:00:01Z	24963.00000	1555.06044	1538.03657	1524.94699
2025-08-12T14:00:01Z	24963.00000	1555.06033	1538.03536	1524.94761
2025-08-12T14:00:01Z	24963.00000	1555.06046	1538.03610	1524.94724
2025-08-12T14:00:02Z	24963.00000	1555.06011	1538.03576	1524.94772
2025-08-12T14:00:02Z	24963.00000	1555.06028	1538.03641	1524.94757
2025-08-12T14:00:02Z	24963.00000	1555.06052	1538.03601	1524.94767
2025-08-12T14:00:02Z	24963.00000	1555.06000	1538.03612	1524.94801
2025-08-12T14:00:02Z	24963.00000	1555.05951	1538.03506	1524.94758
2025-08-12T14:00:02Z	24964.00000	1555.06092	1538.03482	1524.94685
2025-08-12T14:00:02Z	24964.00000	1555.05936	1538.03537	1524.94805
2025-08-12T14:00:02Z	24964.00000	1555.06017	1538.03585	1524.94780
2025-08-12T14:00:02Z	24964.00000	1555.06038	1538.03447	1524.94778
2025-08-12T14:00:03Z	24964.00000	1555.06026	1538.03531	1524.94736
2025-08-12T14:00:03Z	24964.00000	1555.05991	1538.03563	1524.94765
2025-08-12T14:00:03Z	24964.00000	1555.06004	1538.03333	1524.94775
2025-08-12T14:00:03Z	24965.00000	1555.06021	1538.03565	1524.94727
2025-08-12T14:00:03Z	24965.00000	1555.05973	1538.03437	1524.94754
2025-08-12T14:00:03Z	24965.00000	1555.05984	1538.03631	1524.94729
2025-08-12T14:00:03Z	24965.00000	1555.06024	1538.03469	1524.94766
2025-08-12T14:00:03Z	24965.00000	1555.05997	1538.03477	1524.94768
2025-08-12T14:00:04Z	24965.00000	1555.05929	1538.03489	1524.94814
2025-08-12T14:00:04Z	24965.00000	1555.05995	1538.03504	1524.94733
2025-08-12T14:00:04Z	24965.00000	1555.05945	1538.03618	1524.94743
2025-08-12T14:00:04Z	24965.00000	1555.05960	1538.03576	1524.94767
2025-08-12T14:00:04Z	24966.00000	1555.05958	1538.03549	1524.94734
2025-08-12T14:00:04Z	24966.00000	1555.05932	1538.03621	1524.94730
2025-08-12T14:00:04Z	24966.00000	1555.05980	1538.03363	1524.94738
2025-08-12T14:00:04Z	24966.00000	1555.05999	1538.03554	1524.94700
2025-08-12T14:00:05Z	24966.00000	1555.05947	1538.03513	1524.94768
2025-08-12T14:00:05Z	24966.00000	1555.06011	1538.03464	1524.94737
2025-08-12T14:00:05Z	24966.00000	1555.05985	1538.03501	1524.94777
2025-08-12T14:00:05Z	24966.00000	1555.05975	1538.03428	1524.94757
2025-08-12T14:00:05Z	24966.00000	1555.05952	1538.03402	1524.94731
2025-08-12T14:00:05Z	24967.00000	1555.05939	1538.03456	1524.94769
2025-08-12T14:00:05Z	24967.00000	1555.06076	1538.03412	1524.94727
2025-08-12T14:00:05Z	24967.00000	1555.05939	1538.03544	1524.94770
2025-08-12T14:00:05Z	24967.00000	1555.05957	1538.03481	1524.94792
2025-08-12T14:00:05Z	24967.00000	1555.05937	1538.03380	1524.94730
2025-08-12T14:00:06Z	24967.00000	1555.05907	1538.03455	1524.94766
2025-08-12T14:00:06Z	24967.00000	1555.05884	1538.03412	1524.94784
2025-08-12T14:00:06Z	24967.00000	1555.05957	1538.03544	1524.94773
2025-08-12T14:00:06Z	24967.00000	1555.05933	1538.03408	1524.94771
2025-08-12T14:00:06Z	24967.00000	1555.05943	1538.03456	1524.94733
2025-08-12T14:00:06Z	24968.00000	1555.05971	1538.03339	1524.94735
2025-08-12T14:00:06Z	24968.00000	1555.05926	1538.03354	1524.94804
2025-08-12T14:00:06Z	24968.00000	1555.05935	1538.03442	1524.94654
2025-08-12T14:00:06Z	24968.00000	1555.05912	1538.03530	1524.94758
2025-08-12T14:00:06Z	24968.00000	1555.05963	1538.03469	1524.94792
2025-08-12T14:00:07Z	24968.00000	1555.05973	1538.03608	1524.94735
2025-08-12T14:00:07Z	24968.00000	1555.05897	1538.03408	1524.94782
2025-08-12T14:00:07Z	24968.00000	1555.05951	1538.03262	1524.94737
2025-08-12T14:00:07Z	24968.00000	1555.05934	1538.03321	1524.94763
2025-08-12T14:00:07Z	24969.00000	1555.05973	1538.03502	1524.94773
2025-08-12T14:00:07Z	24969.00000	1555.05944	1538.03435	1524.94738
2025-08-12T14:00:07Z	24969.00000	1555.05889	1538.03477	1524.94720
2025-08-12T14:00:07Z	24969.00000	1555.05877	1538.03391	1524.94739
2025-08-12T14:00:08Z	24969.00000	1555.05914	1538.03574	1524.94749
2025-08-12T14:00:08Z	24969.00000	1555.05938	1538.03395	1524.94764
2025-08-12T14:00:08Z	24969.00000	1555.05953	1538.03440	1524.94748
2025-08-12T14:00:08Z	24969.00000	1555.05943	1538.03409	1524.94782
2025-08-12T14:00:08Z	24970.00000	1555.05945	1538.03370	1524.94679
2025-08-12T14:00:08Z	24970.00000	1555.05940	1538.03417	1524.94795
2025-08-12T14:00:08Z	24970.00000	1555.05990	1538.03334	1524.94773
2025-08-12T14:00:08Z	24970.00000	1555.05924	1538.03335	1524.94758
2025-08-12T14:00:08Z	24970.00000	1555.05972	1538.03366	1524.94773
2025-08-12T14:00:09Z	24970.00000	1555.05923	1538.03319	1524.94762
2025-08-12T14:00:09Z	24970.00000	1555.05903	1538.03324	1524.94751
2025-08-12T14:00:09Z	24970.00000	1555.05972	1538.03274	1524.94767
2025-08-12T14:00:09Z	24970.00000	1555.05933	1538.03432	1524.94723
2025-08-12T14:00:09Z	24971.00000	1555.05923	1538.03323	1524.94778
2025-08-12T14:00:09Z	24971.00000	1555.05911	1538.03389	1524.94712
2025-08-12T14:00:09Z	24971.00000	1555.05871	1538.03391	1524.94822
2025-08-12T14:00:09Z	24971.00000	1555.05921	1538.03317	1524.94785
2025-08-12T14:00:10Z	24971.00000	1555.05903	1538.03326	1524.94724
2025-08-12T14:00:10Z	24971.00000	1555.05871	1538.03313	1524.94787
2025-08-12T14:00:10Z	24971.00000	1555.05917	1538.03326	1524.94797
2025-08-12T14:00:10Z	24971.00000	1555.05888	1538.03410	1524.94756
2025-08-12T14:00:10Z	24972.00000	1555.05869	1538.03291	1524.94734
2025-08-12T14:00:10Z	24972.00000	1555.05882	1538.03252	1524.94739
2025-08-12T14:00:10Z	24972.00000	1555.05863	1538.03289	1524.94704
2025-08-12T14:00:10Z	24972.00000	1555.05874	1538.03364	1524.94777
2025-08-12T14:00:10Z	24972.00000	1555.05851	1538.03297	1524.94782
2025-08-12T14:00:11Z	24972.00000	1555.05899	1538.03300	1524.94695
2025-08-12T14:00:11Z	24972.00000	1555.05811	1538.03311	1524.94778
2025-08-12T14:00:11Z	24972.00000	1555.05847	1538.03289	1524.94735
2025-08-12T14:00:11Z	24972.00000	1555.05860	1538.03190	1524.94771
2025-08-12T14:00:11Z	24972.00000	1555.05912	1538.03353	1524.94777
2025-08-12T14:00:11Z	24973.00000	1555.05883	1538.03324	1524.94780
2025-08-12T14:00:11Z	24973.00000	1555.05898	1538.03308	1524.94745
2025-08-12T14:00:11Z	24973.00000	1555.05834	1538.03240	1524.94746
2025-08-12T14:00:11Z	24973.00000	1555.05874	1538.03370	1524.94777
2025-08-12T14:00:11Z	24973.00000	1555.05874	1538.03279	1524.94773
2025-08-12T14:00:12Z	24973.00000	1555.05853	1538.03345	1524.94727
2025-08-12T14:00:12Z	24973.00000	1555.05870	1538.03372	1524.94732
2025-08-12T14:00:12Z	24973.00000	1555.05951	1538.03274	1524.94762
2025-08-12T14:00:12Z	24973.00000	1555.05835	1538.03247	1524.94753
2025-08-12T14:00:12Z	24974.00000	1555.05874	1538.03350	1524.94773
2025-08-12T14:00:12Z	24974.00000	1555.05812	1538.03322	1524.94776
2025-08-12T14:00:12Z	24974.00000	1555.05868	1538.03293	1524.94780
2025-08-12T14:00:12Z	24974.00000	1555.05855	1538.03328	1524.94779
2025-08-12T14:00:12Z	24974.00000	1555.05832	1538.03302	1524.94779
2025-08-12T14:00:13Z	24974.00000	1555.05840	1538.03326	1524.94742
2025-08-12T14:00:13Z	24974.00000	1555.05787	1538.03394	1524.94799
2025-08-12T14:00:13Z	24974.00000	1555.05839	1538.03182	1524.94757
2025-08-12T14:00:13Z	24974.00000	1555.05816	1538.03150	1524.94763
2025-08-12T14:00:13Z	24975.00000	1555.05856	1538.03348	1524.94753
2025-08-12T14:00:13Z	24975.00000	1555.05847	1538.03297	1524.94784
2025-08-12T14:00:13Z	24975.00000	1555.05794	1538.03407	1524.94735
2025-08-12T14:00:13Z	24975.00000	1555.05869	1538.03240	1524.94761
2025-08-12T14:00:13Z	24975.00000	1555.05757	1538.03197	1524.94762
2025-08-12T14:00:14Z	24975.00000	1555.05864	1538.03094	1524.94760
2025-08-12T14:00:14Z	24975.00000	1555.05841	1538.03194	1524.94775
2025-08-12T14:00:14Z	24975.00000	1555.05846	1538.03173	1524.94743
2025-08-12T14:00:14Z	24975.00000	1555.05770	1538.03231	1524.94773
2025-08-12T14:00:14Z	24976.00000	1555.05839	1538.03357	1524.94784
2025-08-12T14:00:14Z	24976.00000	1555.05765	1538.03290	1524.94761
2025-08-12T14:00:14Z	24976.00000	1555.05803	1538.03137	1524.94728
2025-08-12T14:00:14Z	24976.00000	1555.05812	1538.03176	1524.94730
2025-08-12T14:00:14Z	24976.00000	1555.05822	1538.03206	1524.94705
2025-08-12T14:00:15Z	24976.00000	1555.05849	1538.03201	1524.94771
2025-08-12T14:00:15Z	24976.00000	1555.05838	1538.03240	1524.94782
2025-08-12T14:00:15Z	24976.00000	1555.05849	1538.03241	1524.94738
2025-08-12T14:00:15Z	24976.00000	1555.05755	1538.03137	1524.94774
2025-08-12T14:00:15Z	24977.00000	1555.05805	1538.03193	1524.94749
2025-08-12T14:00:15Z	24977.00000	1555.05804	1538.03360	1524.94763
2025-08-12T14:00:15Z	24977.00000	1555.05812	1538.03209	1524.94778
2025-08-12T14:00:16Z	24977.00000	1555.05847	1538.03325	1524.94804
2025-08-12T14:00:16Z	24977.00000	1555.05792	1538.03314	1524.94760
2025-08-12T14:00:16Z	24977.00000	1555.05824	1538.03174	1524.94753
2025-08-12T14:00:16Z	24977.00000	1555.05766	1538.03247	1524.94725
2025-08-12T14:00:16Z	24978.00000	1555.05774	1538.03306	1524.94776
2025-08-12T14:00:16Z	24978.00000	1555.05821	1538.03136	1524.94778
2025-08-12T14:00:16Z	24978.00000	1555.05769	1538.03239	1524.94781
2025-08-12T14:00:16Z	24978.00000	1555.05775	1538.03240	1524.94804
2025-08-12T14:00:17Z	24978.00000	1555.05827	1538.03226	1524.94789
2025-08-12T14:00:17Z	24978.00000	1555.05840	1538.03236	1524.94797
2025-08-12T14:00:17Z	24978.00000	1555.05822	1538.03297	1524.94733
2025-08-12T14:00:17Z	24978.00000	1555.05808	1538.03152	1524.94735
2025-08-12T14:00:17Z	24978.00000	1555.05775	1538.03188	1524.94793
2025-08-12T14:00:17Z	24979.00000	1555.05857	1538.03142	1524.94744
2025-08-12T14:00:17Z	24979.00000	1555.05830	1538.03279	1524.94733
2025-08-12T14:00:17Z	24979.00000	1555.05848	1538.02983	1524.94763
2025-08-12T14:00:17Z	24979.00000	1555.05790	1538.03286	1524.94733
2025-08-12T14:00:18Z	24979.00000	1555.05834	1538.03083	1524.94762
2025-08-12T14:00:18Z	24979.00000	1555.05800	1538.03157	1524.94694
2025-08-12T14:00:18Z	24979.00000	1555.05766	1538.03225	1524.94738
2025-08-12T14:00:18Z	24979.00000	1555.05866	1538.03229	1524.94764
2025-08-12T14:00:18Z	24980.00000	1555.05801	1538.03120	1524.94777
2025-08-12T14:00:18Z	24980.00000	1555.05824	1538.03255	1524.94741
2025-08-12T14:00:18Z	24980.00000	1555.05736	1538.03173	1524.94779
2025-08-12T14:00:18Z	24980.00000	1555.05794	1538.03122	1524.94770
2025-08-12T14:00:19Z	24980.00000	1555.05861	1538.03193	1524.94727
2025-08-12T14:00:19Z	24980.00000	1555.05818	1538.03251	1524.94779
2025-08-12T14:00:19Z	24980.00000	1555.05805	1538.03136	1524.94778
2025-08-12T14:00:19Z	24980.00000	1555.05831	1538.03166	1524.94791
2025-08-12T14:00:19Z	24980.00000	1555.05780	1538.03111	1524.94734
2025-08-12T14:00:19Z	24981.00000	1555.05790	1538.03179	1524.94748
2025-08-12T14:00:19Z	24981.00000	1555.05784	1538.03073	1524.94803
2025-08-12T14:00:19Z	24981.00000	1555.05755	1538.03197	1524.94773
2025-08-12T14:00:19Z	24981.00000	1555.05817	1538.03174	1524.94777
2025-08-12T14:00:20Z	24981.00000	1555.05770	1538.03121	1524.94789
2025-08-12T14:00:20Z	24981.00000	1555.05814	1538.03209	1524.94701
2025-08-12T14:00:20Z	24981.00000	1555.05769	1538.03249	1524.94711
2025-08-12T14:00:20Z	24981.00000	1555.05735	1538.03163	1524.94746
2025-08-12T14:00:20Z	24982.00000	1555.05747	1538.03116	1524.94699
2025-08-12T14:00:20Z	24982.00000	1555.05792	1538.03002	1524.94766
2025-08-12T14:00:20Z	24982.00000	1555.05839	1538.03086	1524.94752
2025-08-12T14:00:20Z	24982.00000	1555.05882	1538.03146	1524.94741
2025-08-12T14:00:20Z	24982.00000	1555.05775	1538.03125	1524.94725
2025-08-12T14:00:21Z	24982.00000	1555.05809	1538.03070	1524.94746
2025-08-12T14:00:21Z	24982.00000	1555.05797	1538.03210	1524.94777
2025-08-12T14:00:21Z	24982.00000	1555.05823	1538.03156	1524.94727
2025-08-12T14:00:21Z	24982.00000	1555.05731	1538.02992	1524.94803
2025-08-12T14:00:21Z	24982.00000	1555.05794	1538.03117	1524.94741
2025-08-12T14:00:21Z	24983.00000	1555.05726	1538.03156	1524.94772
2025-08-12T14:00:21Z	24983.00000	1555.05766	1538.02991	1524.94739
2025-08-12T14:00:21Z	24983.00000	1555.05799	1538.03062	1524.94722
2025-08-12T14:00:21Z	24983.00000	1555.05787	1538.03154	1524.94727
2025-08-12T14:00:22Z	24983.00000	1555.05764	1538.03173	1524.94767
2025-08-12T14:00:22Z	24983.00000	1555.05787	1538.03133	1524.94775
2025-08-12T14:00:22Z	24983.00000	1555.05808	1538.03141	1524.94763
2025-08-12T14:00:22Z	24983.00000	1555.05724	1538.02986	1524.94724
2025-08-12T14:00:22Z	24983.00000	1555.05843	1538.03115	1524.94740
2025-08-12T14:00:22Z	24984.00000	1555.05769	1538.03061	1524.94798
2025-08-12T14:00:22Z	24984.00000	1555.05731	1538.03120	1524.94750
2025-08-12T14:00:22Z	24984.00000	1555.05770	1538.03019	1524.94784
2025-08-12T14:00:22Z	24984.00000	1555.05755	1538.03052	1524.94766
2025-08-12T14:00:23Z	24984.00000	1555.05753	1538.02941	1524.94783
2025-08-12T14:00:23Z	24984.00000	1555.05784	1538.03122	1524.94768
2025-08-12T14:00:23Z	24984.00000	1555.05770	1538.03114	1524.94775
2025-08-12T14:00:23Z	24984.00000	1555.05754	1538.03079	1524.94770
2025-08-12T14:00:23Z	24984.00000	1555.05753	1538.03280	1524.94767
2025-08-12T14:00:23Z	24985.00000	1555.05775	1538.03107	1524.94761
2025-08-12T14:00:23Z	24985.00000	1555.05734	1538.03096	1524.94749
2025-08-12T14:00:23Z	24985.00000	1555.05772	1538.02986	1524.94753
2025-08-12T14:00:23Z	24985.00000	1555.05735	1538.03086	1524.94731
2025-08-12T14:00:23Z	24985.00000	1555.05737	1538.03183	1524.94741
2025-08-12T14:00:23Z	24985.00000	1555.05754	1538.03061	1524.94779
2025-08-12T14:00:24Z	24985.00000	1555.05743	1538.03103	1524.94723
2025-08-12T14:00:24Z	24985.00000	1555.05814	1538.03092	1524.94719
2025-08-12T14:00:24Z	24985.00000	1555.05779	1538.03153	1524.94760
2025-08-12T14:00:24Z	24985.00000	1555.05789	1538.02943	1524.94763
2025-08-12T14:00:24Z	24986.00000	1555.05763	1538.03019	1524.94728
2025-08-12T14:00:24Z	24986.00000	1555.05740	1538.03017	1524.94770
2025-08-12T14:00:24Z	24986.00000	1555.05765	1538.02942	1524.94759
2025-08-12T14:00:24Z	24986.00000	1555.05791	1538.02932	1524.94767
2025-08-12T14:00:24Z	24986.00000	1555.05749	1538.02971	1524.94786
2025-08-12T14:00:25Z	24986.00000	1555.05712	1538.02915	1524.94740
2025-08-12T14:00:25Z	24986.00000	1555.05790	1538.03085	1524.94754
2025-08-12T14:00:25Z	24986.00000	1555.05718	1538.02904	1524.94768
2025-08-12T14:00:25Z	24986.00000	1555.05719	1538.03064	1524.94726
2025-08-12T14:00:25Z	24987.00000	1555.05678	1538.03002	1524.94759
2025-08-12T14:00:25Z	24987.00000	1555.05776	1538.03088	1524.94709
2025-08-12T14:00:25Z	24987.00000	1555.05753	1538.03028	1524.94762
2025-08-12T14:00:25Z	24987.00000	1555.05672	1538.03120	1524.94761
2025-08-12T14:00:25Z	24987.00000	1555.05712	1538.03162	1524.94786
2025-08-12T14:00:25Z	24987.00000	1555.05664	1538.03043	1524.94753
2025-08-12T14:00:26Z	24987.00000	1555.05797	1538.03028	1524.94808
2025-08-12T14:00:26Z	24987.00000	1555.05709	1538.02996	1524.94778
2025-08-12T14:00:26Z	24987.00000	1555.05733	1538.03169	1524.94751
2025-08-12T14:00:26Z	24987.00000	1555.05655	1538.03110	1524.94754
2025-08-12T14:00:26Z	24988.00000	1555.05753	1538.02929	1524.94744
2025-08-12T14:00:26Z	24988.00000	1555.05746	1538.02953	1524.94802
2025-08-12T14:00:26Z	24988.00000	1555.05769	1538.03064	1524.94723
2025-08-12T14:00:26Z	24988.00000	1555.05691	1538.02918	1524.94779
2025-08-12T14:00:26Z	24988.00000	1555.05727	1538.03052	1524.94759
2025-08-12T14:00:27Z	24988.00000	1555.05747	1538.02978	1524.94757
2025-08-12T14:00:27Z	24988.00000	1555.05760	1538.03076	1524.94749
2025-08-12T14:00:27Z	24988.00000	1555.05762	1538.02965	1524.94705
2025-08-12T14:00:27Z	24988.00000	1555.05737	1538.02867	1524.94667
2025-08-12T14:00:27Z	24988.00000	1555.05813	1538.03001	1524.94767
2025-08-12T14:00:27Z	24989.00000	1555.05709	1538.03042	1524.94810
2025-08-12T14:00:27Z	24989.00000	1555.05708	1538.03064	1524.94669
2025-08-12T14:00:27Z	24989.00000	1555.05719	1538.03089	1524.94712
2025-08-12T14:00:27Z	24989.00000	1555.05674	1538.02946	1524.94772
2025-08-12T14:00:28Z	24989.00000	1555.05701	1538.02921	1524.94747
2025-08-12T14:00:28Z	24989.00000	1555.05734	1538.02932	1524.94789
2025-08-12T14:00:28Z	24989.00000	1555.05740	1538.03127	1524.94792
2025-08-12T14:00:28Z	24989.00000	1555.24110	1538.32440	1524.94531
2025-08-12T14:00:28Z	24989.00000	1555.41472	1538.60782	1524.93840
2025-08-12T14:00:28Z	24990.00000	1555.52976	1538.80076	1524.94925
2025-08-12T14:00:28Z	24990.00000	1555.67603	1539.04512	1524.95163
2025-08-12T14:00:28Z	24990.00000	1555.77407	1539.20634	1524.94380
2025-08-12T14:00:28Z	24990.00000	1555.89093	1539.40456	1524.94764
2025-08-12T14:00:28Z	24990.00000	1556.01211	1539.60128	1524.94586
2025-08-12T14:00:29Z	24990.00000	1556.12728	1539.78694	1524.94435
2025-08-12T14:00:29Z	24990.00000	1556.24443	1539.99331	1524.94753
2025-08-12T14:00:29Z	24990.00000	1556.35511	1540.17118	1524.94939
2025-08-12T14:00:29Z	24990.00000	1556.41528	1540.26527	1524.94949
2025-08-12T14:00:29Z	24990.00000	1556.50152	1540.39979	1524.95023
2025-08-12T14:00:29Z	24991.00000	1556.60747	1540.56996	1524.95351
2025-08-12T14:00:29Z	24991.00000	1556.67999	1540.67049	1524.95342
2025-08-12T14:00:29Z	24991.00000	1556.72294	1540.75363	1524.95376
2025-08-12T14:00:29Z	24991.00000	1556.78333	1540.84162	1524.95671
2025-08-12T14:00:30Z	24991.00000	1556.82451	1540.91434	1524.95448
2025-08-12T14:00:30Z	24991.00000	1556.86876	1540.97977	1524.95800
2025-08-12T14:00:30Z	24991.00000	1556.90740	1541.03814	1524.95805
2025-08-12T14:00:30Z	24991.00000	1556.94617	1541.11179	1524.95956
2025-08-12T14:00:30Z	24991.00000	1556.98256	1541.15862	1524.95971
2025-08-12T14:00:30Z	24992.00000	1557.01552	1541.20614	1524.96030
2025-08-12T14:00:30Z	24992.00000	1557.04424	1541.26849	1524.96146
2025-08-12T14:00:30Z	24992.00000	1557.06874	1541.30273	1524.96191
2025-08-12T14:00:30Z	24992.00000	1557.08688	1541.32661	1524.96253
2025-08-12T14:00:30Z	24992.00000	1557.10451	1541.35323	1524.96217
2025-08-12T14:00:31Z	24992.00000	1557.12864	1541.38194	1524.96241
2025-08-12T14:00:31Z	24992.00000	1557.15058	1541.41600	1524.96290
2025-08-12T14:00:31Z	24992.00000	1557.15744	1541.42658	1524.96395
2025-08-12T14:00:31Z	24992.00000	1557.16325	1541.45656	1524.96261
2025-08-12T14:00:31Z	24993.00000	1557.17178	1541.46307	1524.96326
2025-08-12T14:00:31Z	24993.00000	1557.17873	1541.47196	1524.96359
2025-08-12T14:00:31Z	24993.00000	1557.18024	1541.48110	1524.96365
2025-08-12T14:00:31Z	24993.00000	1557.18703	1541.48522	1524.96372
2025-08-12T14:00:31Z	24993.00000	1557.18949	1541.49023	1524.96324
2025-08-12T14:00:32Z	24993.00000	1557.19114	1541.49484	1524.96364
2025-08-12T14:00:32Z	24993.00000	1557.19532	1541.49634	1524.96449
2025-08-12T14:00:32Z	24993.00000	1555.99878	1539.64191	1524.80555
2025-08-12T14:00:32Z	24993.00000	1555.28695	1538.41147	1524.97222
2025-08-12T14:00:32Z	24993.00000	1555.10646	1538.10319	1524.95624
2025-08-12T14:00:32Z	24994.00000	1555.08417	1538.07546	1524.94581
2025-08-12T14:00:32Z	24994.00000	1555.08249	1538.07307	1524.94810
2025-08-12T14:00:32Z	24994.00000	1555.08055	1538.07205	1524.94905
2025-08-12T14:00:32Z	24994.00000	1555.07761	1538.06418	1524.94665
2025-08-12T14:00:32Z	24994.00000	1555.07691	1538.06436	1524.94751
2025-08-12T14:00:33Z	24994.00000	1555.07717	1538.06251	1524.94817
2025-08-12T14:00:33Z	24994.00000	1555.07454	1538.06089	1524.94909
2025-08-12T14:00:33Z	24994.00000	1555.07412	1538.05816	1524.94784
2025-08-12T14:00:33Z	24994.00000	1555.07235	1538.05772	1524.94779
2025-08-12T14:00:33Z	24995.00000	1555.07181	1538.05718	1524.94886
2025-08-12T14:00:33Z	24995.00000	1555.07142	1538.05602	1524.94816
2025-08-12T14:00:33Z	24995.00000	1555.06899	1538.05424	1524.94819
2025-08-12T14:00:33Z	24995.00000	1555.07025	1538.05327	1524.94824
2025-08-12T14:00:33Z	24995.00000	1555.07142	1538.05373	1524.95058
2025-08-12T14:00:34Z	24995.00000	1555.07017	1538.05337	1524.94808
2025-08-12T14:00:34Z	24995.00000	1555.06996	1538.05216	1524.94958
2025-08-12T14:00:34Z	24995.00000	1555.06978	1538.05207	1524.94921
2025-08-12T14:00:34Z	24995.00000	1555.06994	1538.05238	1524.94813
2025-08-12T14:00:34Z	24995.00000	1555.06835	1538.05037	1524.94806
2025-08-12T14:00:34Z	24996.00000	1555.06862	1538.05144	1524.94773
2025-08-12T14:00:34Z	24996.00000	1555.06774	1538.04962	1524.94844
2025-08-12T14:00:34Z	24996.00000	1555.06788	1538.05088	1524.94898
2025-08-12T14:00:34Z	24996.00000	1555.06760	1538.04970	1524.94851
2025-08-12T14:00:34Z	24996.00000	1555.06786	1538.04975	1524.94762
2025-08-12T14:00:35Z	24996.00000	1555.06747	1538.04852	1524.94818
2025-08-12T14:00:35Z	24996.00000	1555.06782	1538.04786	1524.94813
2025-08-12T14:00:35Z	24996.00000	1555.06670	1538.04912	1524.94873
2025-08-12T14:00:35Z	24996.00000	1555.06675	1538.04929	1524.94894
2025-08-12T14:00:35Z	24996.00000	1555.06636	1538.04809	1524.94807
2025-08-12T14:00:35Z	24997.00000	1555.06580	1538.04663	1524.94805
2025-08-12T14:00:35Z	24997.00000	1555.06574	1538.04705	1524.94814
2025-08-12T14:00:35Z	24997.00000	1555.06499	1538.04657	1524.94802
2025-08-12T14:00:35Z	24997.00000	1555.06531	1538.04555	1524.94849
2025-08-12T14:00:35Z	24997.00000	1555.06588	1538.04604	1524.94829
2025-08-12T14:00:35Z	24997.00000	1555.06497	1538.04438	1524.94794
2025-08-12T14:00:36Z	24997.00000	1555.06483	1538.04408	1524.94747
2025-08-12T14:00:36Z	24997.00000	1555.06470	1538.04459	1524.94743
2025-08-12T14:00:36Z	24997.00000	1555.06479	1538.04422	1524.94781
2025-08-12T14:00:36Z	24997.00000	1555.06443	1538.04521	1524.94744
2025-08-12T14:00:36Z	24998.00000	1555.06440	1538.04300	1524.94691
2025-08-12T14:00:36Z	24998.00000	1555.06391	1538.04319	1524.94796
2025-08-12T14:00:36Z	24998.00000	1555.06338	1538.04115	1524.94787
2025-08-12T14:00:36Z	24998.00000	1555.06393	1538.04270	1524.94884
2025-08-12T14:00:36Z	24998.00000	1555.06428	1538.04257	1524.94812
2025-08-12T14:00:37Z	24998.00000	1555.06319	1538.04280	1524.94845
2025-08-12T14:00:37Z	24998.00000	1555.06370	1538.04195	1524.94868
2025-08-12T14:00:37Z	24998.00000	1555.06292	1538.04297	1524.94809
2025-08-12T14:00:37Z	24998.00000	1555.06346	1538.04152	1524.94848
2025-08-12T14:00:37Z	24998.00000	1555.25350	1538.35407	1524.95095
2025-08-12T14:00:37Z	24999.00000	1555.38316	1538.55720	1524.93785
2025-08-12T14:00:37Z	24999.00000	1555.54658	1538.82360	1524.94739
2025-08-12T14:00:37Z	24999.00000	1555.69203	1539.07587	1524.95055
2025-08-12T14:00:37Z	24999.00000	1555.79263	1539.23357	1524.94600
2025-08-12T14:00:37Z	24999.00000	1555.92114	1539.45122	1524.94359
2025-08-12T14:00:38Z	24999.00000	1556.04263	1539.65550	1524.94506
2025-08-12T14:00:38Z	24999.00000	1556.12376	1539.78138	1524.94850
2025-08-12T14:00:38Z	24999.00000	1556.21369	1539.93194	1524.94821
2025-08-12T14:00:38Z	24999.00000	1556.30040	1540.07415	1524.94801
2025-08-12T14:00:38Z	24999.00000	1556.37871	1540.20603	1524.94920
2025-08-12T14:00:38Z	25000.00000	1556.47974	1540.36233	1524.95189
2025-08-12T14:00:38Z	25000.00000	1556.55643	1540.47656	1524.95207
2025-08-12T14:00:38Z	25000.00000	1556.60969	1540.56636	1524.95307
2025-08-12T14:00:38Z	25000.00000	1556.67285	1540.65503	1524.95457
2025-08-12T14:00:38Z	25000.00000	1556.73521	1540.76533	1524.95533
2025-08-12T14:00:39Z	25000.00000	1556.79104	1540.84129	1524.95675
2025-08-12T14:00:39Z	25000.00000	1556.84495	1540.93795	1524.95625
2025-08-12T14:00:39Z	25000.00000	1556.89329	1541.01008	1524.95856
2025-08-12T14:00:39Z	25000.00000	1556.92400	1541.05897	1524.95842
2025-08-12T14:00:39Z	25000.00000	1556.96420	1541.12493	1524.96010
2025-08-12T14:00:39Z	25000.00000	1557.00605	1541.18548	1524.96057
2025-08-12T14:00:39Z	25001.00000	1557.02786	1541.21815	1524.96095
2025-08-12T14:00:39Z	25001.00000	1557.05258	1541.27239	1524.96166
2025-08-12T14:00:39Z	25001.00000	1557.07846	1541.30618	1524.96130
2025-08-12T14:00:39Z	25001.00000	1557.09702	1541.33170	1524.96116
2025-08-12T14:00:40Z	25001.00000	1557.11768	1541.36861	1524.96117
2025-08-12T14:00:40Z	25001.00000	1557.13537	1541.38320	1524.96175
2025-08-12T14:00:40Z	25001.00000	1557.14929	1541.40644	1524.96266
2025-08-12T14:00:40Z	25001.00000	1557.16093	1541.42480	1524.96290
2025-08-12T14:00:40Z	25001.00000	1557.16811	1541.43339	1524.96311
2025-08-12T14:00:40Z	25001.00000	1557.17574	1541.45759	1524.96394
2025-08-12T14:00:40Z	25002.00000	1557.18340	1541.46722	1524.96262
2025-08-12T14:00:40Z	25002.00000	1557.18838	1541.47609	1524.96372
2025-08-12T14:00:40Z	25002.00000	1557.19278	1541.48434	1524.96358
2025-08-12T14:00:40Z	25002.00000	1557.19676	1541.48864	1524.96418
2025-08-12T14:00:40Z	25002.00000	1557.19891	1541.49194	1524.96462
2025-08-12T14:00:41Z	25002.00000	1557.20149	1541.49966	1524.96436
2025-08-12T14:00:41Z	25002.00000	1555.39101	1538.60469	1524.98826
2025-08-12T14:00:41Z	25002.00000	1555.17412	1538.23160	1524.94438
2025-08-12T14:00:41Z	25002.00000	1555.09086	1538.08698	1524.94635
2025-08-12T14:00:41Z	25003.00000	1555.08721	1538.08289	1524.94971
2025-08-12T14:00:41Z	25003.00000	1555.08357	1538.07461	1524.94628
2025-08-12T14:00:41Z	25003.00000	1555.08112	1538.07331	1524.94695
2025-08-12T14:00:41Z	25003.00000	1555.07975	1538.06986	1524.94661
2025-08-12T14:00:41Z	25003.00000	1555.07985	1538.06888	1524.94886
2025-08-12T14:00:42Z	25003.00000	1555.08008	1538.06818	1524.94942
2025-08-12T14:00:42Z	25003.00000	1555.07803	1538.06465	1524.94808
2025-08-12T14:00:42Z	25003.00000	1555.07693	1538.06367	1524.94904
2025-08-12T14:00:42Z	25003.00000	1555.07605	1538.06164	1524.94775
2025-08-12T14:00:42Z	25003.00000	1555.07566	1538.06337	1524.94882
2025-08-12T14:00:42Z	25004.00000	1555.07519	1538.06124	1524.94763
2025-08-12T14:00:42Z	25004.00000	1555.07356	1538.05996	1524.94820
2025-08-12T14:00:42Z	25004.00000	1555.07468	1538.05896	1524.94757
2025-08-12T14:00:42Z	25004.00000	1555.07478	1538.05991	1524.94942
2025-08-12T14:00:42Z	25004.00000	1555.07379	1538.05698	1524.94832
2025-08-12T14:00:43Z	25004.00000	1555.07232	1538.05611	1524.94763
2025-08-12T14:00:43Z	25004.00000	1555.07278	1538.05641	1524.94907
2025-08-12T14:00:43Z	25004.00000	1555.07199	1538.05704	1524.94798
2025-08-12T14:00:43Z	25004.00000	1555.07201	1538.05608	1524.94779
2025-08-12T14:00:43Z	25004.00000	1555.07035	1538.05450	1524.94844
2025-08-12T14:00:43Z	25005.00000	1555.07031	1538.05421	1524.94896
2025-08-12T14:00:43Z	25005.00000	1555.07064	1538.05398	1524.94895
2025-08-12T14:00:43Z	25005.00000	1555.07148	1538.05412	1524.94812
2025-08-12T14:00:43Z	25005.00000	1555.07124	1538.05241	1524.94764
2025-08-12T14:00:43Z	25005.00000	1555.06960	1538.05269	1524.94877
2025-08-12T14:00:44Z	25005.00000	1555.06990	1538.05228	1524.94883
2025-08-12T14:00:44Z	25005.00000	1555.06943	1538.05283	1524.94814
2025-08-12T14:00:44Z	25005.00000	1555.06887	1538.05157	1524.94793
2025-08-12T14:00:44Z	25005.00000	1555.06908	1538.05186	1524.94875
2025-08-12T14:00:44Z	25005.00000	1555.06855	1538.05103	1524.94768
2025-08-12T14:00:44Z	25006.00000	1555.06922	1538.05101	1524.94929
2025-08-12T14:00:44Z	25006.00000	1555.06847	1538.05167	1524.94793
2025-08-12T14:00:44Z	25006.00000	1555.06772	1538.04982	1524.94845
2025-08-12T14:00:44Z	25006.00000	1555.06846	1538.05008	1524.94817
2025-08-12T14:00:44Z	25006.00000	1555.06866	1538.04972	1524.94905
2025-08-12T14:00:45Z	25006.00000	1555.06862	1538.04993	1524.94828
2025-08-12T14:00:45Z	25006.00000	1555.06679	1538.04990	1524.94878
2025-08-12T14:00:45Z	25006.00000	1555.06684	1538.04873	1524.94862
2025-08-12T14:00:45Z	25006.00000	1555.20134	1538.24893	1524.93549
2025-08-12T14:00:45Z	25006.00000	1555.35256	1538.50680	1524.95063
2025-08-12T14:00:45Z	25007.00000	1555.54496	1538.82543	1524.95304
2025-08-12T14:00:45Z	25007.00000	1555.69140	1539.06967	1524.95017
2025-08-12T14:00:45Z	25007.00000	1555.79157	1539.22561	1524.94381
2025-08-12T14:00:45Z	25007.00000	1555.88161	1539.38557	1524.94778
2025-08-12T14:00:45Z	25007.00000	1555.98975	1539.56005	1524.94488
2025-08-12T14:00:46Z	25007.00000	1556.12280	1539.77764	1524.94630
2025-08-12T14:00:46Z	25007.00000	1556.22651	1539.95534	1524.94817
2025-08-12T14:00:46Z	25007.00000	1556.32832	1540.11583	1524.94895
2025-08-12T14:00:46Z	25007.00000	1556.39237	1540.22254	1524.95068
2025-08-12T14:00:46Z	25007.00000	1556.46896	1540.33659	1524.95190
2025-08-12T14:00:46Z	25008.00000	1556.52774	1540.43253	1524.95210
2025-08-12T14:00:46Z	25008.00000	1556.60254	1540.55459	1524.95397
2025-08-12T14:00:46Z	25008.00000	1556.66756	1540.64783	1524.95371
2025-08-12T14:00:46Z	25008.00000	1556.74098	1540.77111	1524.95505
2025-08-12T14:00:46Z	25008.00000	1556.81163	1540.87594	1524.95676
2025-08-12T14:00:47Z	25008.00000	1556.86557	1540.96820	1524.95626
2025-08-12T14:00:47Z	25008.00000	1556.94649	1541.10235	1524.96019
2025-08-12T14:00:47Z	25008.00000	1556.98017	1541.14530	1524.96004
2025-08-12T14:00:47Z	25008.00000	1557.00603	1541.18383	1524.96084
2025-08-12T14:00:47Z	25009.00000	1557.02829	1541.21593	1524.96022
2025-08-12T14:00:47Z	25009.00000	1557.05522	1541.27322	1524.96151
2025-08-12T14:00:47Z	25009.00000	1557.07539	1541.29872	1524.96133
2025-08-12T14:00:47Z	25009.00000	1557.09797	1541.33224	1524.96317
2025-08-12T14:00:47Z	25009.00000	1557.12525	1541.36811	1524.96246
2025-08-12T14:00:48Z	25009.00000	1557.13999	1541.38462	1524.96420
2025-08-12T14:00:48Z	25009.00000	1557.15641	1541.41236	1524.96235
2025-08-12T14:00:48Z	25009.00000	1557.16556	1541.42537	1524.96384
2025-08-12T14:00:48Z	25009.00000	1557.17277	1541.45274	1524.96406
2025-08-12T14:00:48Z	25009.00000	1557.17933	1541.46096	1524.96362
2025-08-12T14:00:48Z	25010.00000	1557.18670	1541.47215	1524.96329
2025-08-12T14:00:48Z	25010.00000	1557.19042	1541.48094	1524.96509
2025-08-12T14:00:48Z	25010.00000	1557.19619	1541.48788	1524.96354
2025-08-12T14:00:48Z	25010.00000	1557.20072	1541.49335	1524.96343
2025-08-12T14:00:48Z	25010.00000	1557.20143	1541.49889	1524.96363
2025-08-12T14:00:49Z	25010.00000	1557.20755	1541.49952	1524.96442
2025-08-12T14:00:49Z	25010.00000	1556.96617	1541.05332	1525.08980
2025-08-12T14:00:49Z	25010.00000	1555.29693	1538.42635	1524.97261
2025-08-12T14:00:49Z	25010.00000	1555.10562	1538.10951	1524.95179
2025-08-12T14:00:49Z	25010.00000	1555.09033	1538.08770	1524.95172
2025-08-12T14:00:49Z	25011.00000	1555.08883	1538.08548	1524.95166
2025-08-12T14:00:49Z	25011.00000	1555.08397	1538.07808	1524.94831
2025-08-12T14:00:49Z	25011.00000	1555.08263	1538.07452	1524.94614
2025-08-12T14:00:49Z	25011.00000	1555.08241	1538.07536	1524.94844
2025-08-12T14:00:49Z	25011.00000	1555.08159	1538.07242	1524.94818
2025-08-12T14:00:50Z	25011.00000	1555.08073	1538.06977	1524.94702
2025-08-12T14:00:50Z	25011.00000	1555.07907	1538.06838	1524.94881
2025-08-12T14:00:50Z	25011.00000	1555.07923	1538.06800	1524.94737
2025-08-12T14:00:50Z	25011.00000	1555.07875	1538.06561	1524.94850
2025-08-12T14:00:50Z	25011.00000	1555.07831	1538.06530	1524.94886
2025-08-12T14:00:50Z	25012.00000	1555.07714	1538.06270	1524.94849
2025-08-12T14:00:50Z	25012.00000	1555.07685	1538.06199	1524.94826
2025-08-12T14:00:50Z	25012.00000	1555.07811	1538.06223	1524.94944
2025-08-12T14:00:50Z	25012.00000	1555.07525	1538.06015	1524.94774
2025-08-12T14:00:50Z	25012.00000	1555.07571	1538.06071	1524.94828
2025-08-12T14:00:51Z	25012.00000	1555.07438	1538.06004	1524.94798
2025-08-12T14:00:51Z	25012.00000	1555.07382	1538.05974	1524.94851
2025-08-12T14:00:51Z	25012.00000	1555.07414	1538.05959	1524.94866
2025-08-12T14:00:51Z	25012.00000	1555.07306	1538.05842	1524.94781
2025-08-12T14:00:51Z	25012.00000	1555.07329	1538.05835	1524.94887
2025-08-12T14:00:51Z	25013.00000	1555.07304	1538.05713	1524.94922
2025-08-12T14:00:51Z	25013.00000	1555.07286	1538.05681	1524.94902
2025-08-12T14:00:51Z	25013.00000	1555.07249	1538.05619	1524.94888
2025-08-12T14:00:51Z	25013.00000	1555.07202	1538.05589	1524.94846
2025-08-12T14:00:51Z	25013.00000	1555.07263	1538.05570	1524.94898
2025-08-12T14:00:51Z	25013.00000	1555.07195	1538.05551	1524.94822
2025-08-12T14:00:52Z	25013.00000	1555.07193	1538.05437	1524.94855
2025-08-12T14:00:52Z	25013.00000	1555.07205	1538.05508	1524.94877
2025-08-12T14:00:52Z	25013.00000	1555.07073	1538.05365	1524.94911
2025-08-12T14:00:52Z	25013.00000	1555.07075	1538.05457	1524.94827
2025-08-12T14:00:52Z	25014.00000	1555.07049	1538.05386	1524.94973
2025-08-12T14:00:52Z	25014.00000	1555.06980	1538.05343	1524.94835
2025-08-12T14:00:52Z	25014.00000	1555.06902	1538.05274	1524.94943
2025-08-12T14:00:52Z	25014.00000	1555.06968	1538.05117	1524.94855
2025-08-12T14:00:52Z	25014.00000	1555.07132	1538.05309	1524.94928
2025-08-12T14:00:53Z	25014.00000	1555.07049	1538.05178	1524.94779
2025-08-12T14:00:53Z	25014.00000	1555.06904	1538.05159	1524.94860
2025-08-12T14:00:53Z	25014.00000	1555.06954	1538.05111	1524.94887
2025-08-12T14:00:53Z	25014.00000	1555.12369	1538.13461	1524.93633
2025-08-12T14:00:53Z	25014.00000	1555.28384	1538.39336	1524.95494
2025-08-12T14:00:53Z	25015.00000	1555.45655	1538.67448	1524.95693
2025-08-12T14:00:53Z	25015.00000	1555.61422	1538.93191	1524.94549
2025-08-12T14:00:53Z	25015.00000	1555.71479	1539.10207	1524.94357
2025-08-12T14:00:53Z	25015.00000	1555.87077	1539.36307	1524.94646
2025-08-12T14:00:53Z	25015.00000	1555.96154	1539.51112	1524.94403
2025-08-12T14:00:54Z	25015.00000	1556.04598	1539.65933	1524.94837
2025-08-12T14:00:54Z	25015.00000	1556.14571	1539.82130	1524.94622
2025-08-12T14:00:54Z	25015.00000	1556.26419	1540.01590	1524.94893
2025-08-12T14:00:54Z	25015.00000	1556.36296	1540.17439	1524.94932
2025-08-12T14:00:54Z	25015.00000	1556.45288	1540.30957	1524.95034
2025-08-12T14:00:54Z	25016.00000	1556.51186	1540.40356	1524.95295
2025-08-12T14:00:54Z	25016.00000	1556.56685	1540.48763	1524.95223
2025-08-12T14:00:54Z	25016.00000	1556.63190	1540.59161	1524.95474
2025-08-12T14:00:54Z	25016.00000	1556.70123	1540.69542	1524.95462
2025-08-12T14:00:54Z	25016.00000	1556.74651	1540.77635	1524.95592
2025-08-12T14:00:55Z	25016.00000	1556.81781	1540.87871	1524.95819
2025-08-12T14:00:55Z	25016.00000	1556.85466	1540.94887	1524.95773
2025-08-12T14:00:55Z	25016.00000	1556.93234	1541.06576	1524.95987
2025-08-12T14:00:55Z	25016.00000	1556.97051	1541.12960	1524.95980
2025-08-12T14:00:55Z	25017.00000	1557.00310	1541.17894	1524.96035
2025-08-12T14:00:55Z	25017.00000	1557.03204	1541.21354	1524.96125
2025-08-12T14:00:55Z	25017.00000	1557.05463	1541.27095	1524.96220
2025-08-12T14:00:55Z	25017.00000	1557.08041	1541.30626	1524.96181
2025-08-12T14:00:55Z	25017.00000	1557.10069	1541.33549	1524.96198
2025-08-12T14:00:55Z	25017.00000	1557.12806	1541.36956	1524.96282
2025-08-12T14:00:56Z	25017.00000	1557.15499	1541.40814	1524.96324
2025-08-12T14:00:56Z	25017.00000	1557.16361	1541.41848	1524.96376
2025-08-12T14:00:56Z	25017.00000	1557.17518	1541.45566	1524.96381
2025-08-12T14:00:56Z	25018.00000	1557.19025	1541.47644	1524.96269
2025-08-12T14:00:56Z	25018.00000	1557.19667	1541.48906	1524.96436
2025-08-12T14:00:56Z	25018.00000	1557.20110	1541.48980	1524.96418
2025-08-12T14:00:56Z	25018.00000	1557.20682	1541.49736	1524.96405
2025-08-12T14:00:57Z	25018.00000	1557.20923	1541.50242	1524.96454
2025-08-12T14:00:57Z	25018.00000	1555.51666	1538.74418	1524.91736
2025-08-12T14:00:57Z	25018.00000	1555.14292	1538.17446	1524.93523
2025-08-12T14:00:57Z	25018.00000	1555.09239	1538.09230	1524.94984
2025-08-12T14:00:57Z	25019.00000	1555.09115	1538.08828	1524.94997
2025-08-12T14:00:57Z	25019.00000	1555.08987	1538.08758	1524.95298
2025-08-12T14:00:57Z	25019.00000	1555.08529	1538.07874	1524.94903
2025-08-12T14:00:57Z	25019.00000	1555.08359	1538.07455	1524.94623
2025-08-12T14:00:57Z	25019.00000	1555.08259	1538.07400	1524.94863
2025-08-12T14:00:58Z	25019.00000	1555.08234	1538.07299	1524.94822
2025-08-12T14:00:58Z	25019.00000	1555.08152	1538.07056	1524.94842
2025-08-12T14:00:58Z	25019.00000	1555.08021	1538.06967	1524.94825
2025-08-12T14:00:58Z	25019.00000	1555.08052	1538.06977	1524.94881
2025-08-12T14:00:58Z	25019.00000	1555.08005	1538.06783	1524.94843
2025-08-12T14:00:58Z	25020.00000	1555.07848	1538.06541	1524.94831
2025-08-12T14:00:58Z	25020.00000	1555.07822	1538.06404	1524.94751
2025-08-12T14:00:58Z	25020.00000	1555.07942	1538.06588	1524.94985
2025-08-12T14:00:58Z	25020.00000	1555.07727	1538.06485	1524.94987
2025-08-12T14:00:58Z	25020.00000	1555.07745	1538.06279	1524.94872
2025-08-12T14:00:59Z	25020.00000	1555.07586	1538.06333	1524.94930
2025-08-12T14:00:59Z	25020.00000	1555.07577	1538.06121	1524.94832
2025-08-12T14:00:59Z	25020.00000	1555.07542	1538.06084	1524.94824
2025-08-12T14:00:59Z	25020.00000	1555.07403	1538.06076	1524.94886
2025-08-12T14:00:59Z	25020.00000	1555.07452	1538.05956	1524.94859
2025-08-12T14:00:59Z	25021.00000	1555.07442	1538.05878	1524.94894
2025-08-12T14:00:59Z	25021.00000	1555.07403	1538.06044	1524.94902
2025-08-12T14:00:59Z	25021.00000	1555.07387	1538.05769	1524.94902
2025-08-12T14:00:59Z	25021.00000	1555.07323	1538.05855	1524.94880
2025-08-12T14:01:00Z	25021.00000	1555.07318	1538.05725	1524.94923
2025-08-12T14:01:00Z	25021.00000	1555.07325	1538.05688	1524.94886
2025-08-12T14:01:00Z	25021.00000	1555.07230	1538.05572	1524.94856
2025-08-12T14:01:00Z	25021.00000	1555.07288	1538.05526	1524.94880
2025-08-12T14:01:00Z	25021.00000	1555.07154	1538.05618	1524.94895
2025-08-12T14:01:00Z	25022.00000	1555.07204	1538.05689	1524.94859
2025-08-12T14:01:00Z	25022.00000	1555.07135	1538.05674	1524.94895
2025-08-12T14:01:00Z	25022.00000	1555.07178	1538.05448	1524.94898
2025-08-12T14:01:00Z	25022.00000	1555.07152	1538.05556	1524.94853
2025-08-12T14:01:01Z	25022.00000	1555.07016	1538.05304	1524.94866
2025-08-12T14:01:01Z	25022.00000	1555.07003	1538.05406	1524.94881
2025-08-12T14:01:01Z	25022.00000	1555.07060	1538.05182	1524.94792
2025-08-12T14:01:01Z	25023.00000	1555.07091	1538.05233	1524.94769
2025-08-12T14:01:01Z	25023.00000	1555.07101	1538.05314	1524.94913
2025-08-12T14:01:01Z	25023.00000	1555.07049	1538.05205	1524.94847
2025-08-12T14:01:01Z	25023.00000	1555.06889	1538.05210	1524.94764
2025-08-12T14:01:01Z	25023.00000	1555.06970	1538.05112	1524.94826
2025-08-12T14:01:02Z	25023.00000	1555.07006	1538.05255	1524.94774
2025-08-12T14:01:02Z	25023.00000	1555.06971	1538.05023	1524.94863
2025-08-12T14:01:02Z	25023.00000	1555.06955	1538.05080	1524.94876
2025-08-12T14:01:02Z	25023.00000	1555.31815	1538.45580	1524.96165
2025-08-12T14:01:02Z	25024.00000	1555.46825	1538.69015	1524.95192
2025-08-12T14:01:02Z	25024.00000	1555.74198	1539.15150	1524.94959
2025-08-12T14:01:02Z	25024.00000	1555.86053	1539.34636	1524.94336
2025-08-12T14:01:02Z	25024.00000	1556.00178	1539.57833	1524.94727
2025-08-12T14:01:03Z	25024.00000	1556.15369	1539.83194	1524.94804
2025-08-12T14:01:03Z	25024.00000	1556.27017	1540.02686	1524.94899
2025-08-12T14:01:03Z	25024.00000	1556.38199	1540.20150	1524.94926
2025-08-12T14:01:03Z	25024.00000	1556.49492	1540.37834	1524.95131
2025-08-12T14:01:03Z	25025.00000	1556.55070	1540.46579	1524.95329
2025-08-12T14:01:03Z	25025.00000	1556.65730	1540.63175	1524.95376
2025-08-12T14:01:03Z	25025.00000	1556.71363	1540.72512	1524.95499
2025-08-12T14:01:03Z	25025.00000	1556.77573	1540.81902	1524.95746
2025-08-12T14:01:03Z	25025.00000	1556.82854	1540.90639	1524.95719
2025-08-12T14:01:04Z	25025.00000	1556.88104	1540.98593	1524.95851
2025-08-12T14:01:04Z	25025.00000	1556.95996	1541.11148	1524.95918
2025-08-12T14:01:04Z	25026.00000	1557.02737	1541.20771	1524.96090
2025-08-12T14:01:04Z	25026.00000	1557.05847	1541.27056	1524.96161
2025-08-12T14:01:04Z	25026.00000	1557.08479	1541.30762	1524.96193
2025-08-12T14:01:04Z	25026.00000	1557.11556	1541.35683	1524.96249
2025-08-12T14:01:05Z	25026.00000	1557.14434	1541.38808	1524.96243
2025-08-12T14:01:05Z	25026.00000	1557.15742	1541.40813	1524.96357
2025-08-12T14:01:05Z	25026.00000	1557.17024	1541.42836	1524.96466
2025-08-12T14:01:05Z	25026.00000	1557.17896	1541.45430	1524.96392
2025-08-12T14:01:05Z	25026.00000	1557.18712	1541.46943	1524.96377
2025-08-12T14:01:05Z	25027.00000	1557.19320	1541.47490	1524.96426
2025-08-12T14:01:05Z	25027.00000	1557.19704	1541.48209	1524.96462
2025-08-12T14:01:05Z	25027.00000	1557.20111	1541.48885	1524.96424
2025-08-12T14:01:05Z	25027.00000	1557.20570	1541.49800	1524.96429
2025-08-12T14:01:05Z	25027.00000	1557.20803	1541.49803	1524.96484
2025-08-12T14:01:06Z	25027.00000	1557.21015	1541.49919	1524.96411
2025-08-12T14:01:06Z	25027.00000	1555.83385	1539.29174	1524.86157
2025-08-12T14:01:06Z	25027.00000	1555.22545	1538.28593	1524.93600
2025-08-12T14:01:06Z	25027.00000	1555.08950	1538.08933	1524.94433
2025-08-12T14:01:06Z	25027.00000	1555.08983	1538.08929	1524.94961
2025-08-12T14:01:06Z	25028.00000	1555.08565	1538.07988	1524.94426
2025-08-12T14:01:06Z	25028.00000	1555.08587	1538.07876	1524.94942
2025-08-12T14:01:06Z	25028.00000	1555.08521	1538.07824	1524.95080
2025-08-12T14:01:06Z	25028.00000	1555.08327	1538.07438	1524.94968
2025-08-12T14:01:06Z	25028.00000	1555.08215	1538.07391	1524.94738
2025-08-12T14:01:07Z	25028.00000	1555.08165	1538.07167	1524.94720
2025-08-12T14:01:07Z	25028.00000	1555.08080	1538.07204	1524.94879
2025-08-12T14:01:07Z	25028.00000	1555.08129	1538.06964	1524.94844
2025-08-12T14:01:07Z	25028.00000	1555.08022	1538.06827	1524.94854
2025-08-12T14:01:07Z	25028.00000	1555.07984	1538.06821	1524.94810
2025-08-12T14:01:07Z	25029.00000	1555.07877	1538.06559	1524.94834
2025-08-12T14:01:07Z	25029.00000	1555.07953	1538.06589	1524.94786
2025-08-12T14:01:07Z	25029.00000	1555.07952	1538.06719	1524.94946
2025-08-12T14:01:07Z	25029.00000	1555.07654	1538.06150	1524.94774
2025-08-12T14:01:08Z	25029.00000	1555.07662	1538.06176	1524.94717
2025-08-12T14:01:08Z	25029.00000	1555.07568	1538.06096	1524.94838
2025-08-12T14:01:08Z	25029.00000	1555.07596	1538.06167	1524.94884
2025-08-12T14:01:08Z	25029.00000	1555.07535	1538.06029	1524.94798
2025-08-12T14:01:08Z	25030.00000	1555.07439	1538.06009	1524.94925
2025-08-12T14:01:08Z	25030.00000	1555.07449	1538.05832	1524.94853
2025-08-12T14:01:08Z	25030.00000	1555.07355	1538.05856	1524.94857
2025-08-12T14:01:08Z	25030.00000	1555.07305	1538.05812	1524.94849
2025-08-12T14:01:09Z	25030.00000	1555.07354	1538.05789	1524.94883
2025-08-12T14:01:09Z	25030.00000	1555.07332	1538.05707	1524.94841
2025-08-12T14:01:09Z	25030.00000	1555.07273	1538.05599	1524.94877
2025-08-12T14:01:09Z	25030.00000	1555.07231	1538.05524	1524.94878
2025-08-12T14:01:09Z	25031.00000	1555.07239	1538.05563	1524.94845
2025-08-12T14:01:09Z	25031.00000	1555.07205	1538.05532	1524.94842
2025-08-12T14:01:09Z	25031.00000	1555.07233	1538.05430	1524.94843
2025-08-12T14:01:09Z	25031.00000	1555.07217	1538.05460	1524.94915
2025-08-12T14:01:10Z	25031.00000	1555.07099	1538.05404	1524.94877
2025-08-12T14:01:10Z	25031.00000	1555.07116	1538.05292	1524.94848
2025-08-12T14:01:10Z	25031.00000	1555.07097	1538.05401	1524.94890
2025-08-12T14:01:10Z	25031.00000	1555.07092	1538.05392	1524.94867
2025-08-12T14:01:10Z	25031.00000	1555.07054	1538.05362	1524.94840
2025-08-12T14:01:10Z	25032.00000	1555.07089	1538.05278	1524.94820
2025-08-12T14:01:10Z	25032.00000	1555.06994	1538.05289	1524.94922
2025-08-12T14:01:10Z	25032.00000	1555.07064	1538.05366	1524.94748
2025-08-12T14:01:10Z	25032.00000	1555.07033	1538.05246	1524.94855
2025-08-12T14:01:11Z	25032.00000	1555.07035	1538.05223	1524.94921
2025-08-12T14:01:11Z	25032.00000	1555.06960	1538.05155	1524.94795
2025-08-12T14:01:11Z	25032.00000	1555.07020	1538.05146	1524.94801
2025-08-12T14:01:11Z	25032.00000	1555.06955	1538.05136	1524.94862
2025-08-12T14:01:11Z	25032.00000	1555.25873	1538.34561	1524.93832
2025-08-12T14:01:11Z	25033.00000	1555.40321	1538.59378	1524.95264
2025-08-12T14:01:11Z	25033.00000	1555.65267	1538.99449	1524.94593
2025-08-12T14:01:11Z	25033.00000	1555.77079	1539.19679	1524.94991
2025-08-12T14:01:11Z	25033.00000	1555.88472	1539.38537	1524.94721
2025-08-12T14:01:12Z	25033.00000	1556.02559	1539.62247	1524.94507
2025-08-12T14:01:12Z	25033.00000	1556.14211	1539.81286	1524.94704
2025-08-12T14:01:12Z	25033.00000	1556.24406	1539.98761	1524.94936
2025-08-12T14:01:12Z	25033.00000	1556.31799	1540.09970	1524.94974
2025-08-12T14:01:12Z	25033.00000	1556.40946	1540.24641	1524.94972
2025-08-12T14:01:12Z	25034.00000	1556.54238	1540.44959	1524.95206
2025-08-12T14:01:12Z	25034.00000	1556.60573	1540.55492	1524.95263
2025-08-12T14:01:12Z	25034.00000	1556.68940	1540.67368	1524.95442
2025-08-12T14:01:13Z	25034.00000	1556.79799	1540.84438	1524.95578
2025-08-12T14:01:13Z	25034.00000	1556.83670	1540.91560	1524.95836
2025-08-12T14:01:13Z	25034.00000	1556.87946	1540.98186	1524.95770
2025-08-12T14:01:13Z	25034.00000	1556.91897	1541.04103	1524.95782
2025-08-12T14:01:13Z	25034.00000	1556.97051	1541.12829	1524.95886
2025-08-12T14:01:13Z	25035.00000	1557.03635	1541.22037	1524.95997
2025-08-12T14:01:13Z	25035.00000	1557.06336	1541.27682	1524.96194
2025-08-12T14:01:13Z	25035.00000	1557.08868	1541.31199	1524.96137
2025-08-12T14:01:13Z	25035.00000	1557.11370	1541.34907	1524.96233
2025-08-12T14:01:14Z	25035.00000	1557.13247	1541.37246	1524.96261
2025-08-12T14:01:14Z	25035.00000	1557.14552	1541.38795	1524.96177
2025-08-12T14:01:14Z	25035.00000	1557.15891	1541.41008	1524.96383
2025-08-12T14:01:14Z	25035.00000	1557.17832	1541.45375	1524.96332
2025-08-12T14:01:14Z	25036.00000	1557.19164	1541.47516	1524.96319
2025-08-12T14:01:14Z	25036.00000	1557.19650	1541.48109	1524.96402
2025-08-12T14:01:14Z	25036.00000	1557.20100	1541.48974	1524.96392
2025-08-12T14:01:14Z	25036.00000	1557.20637	1541.49290	1524.96378
2025-08-12T14:01:15Z	25036.00000	1557.21093	1541.50114	1524.96384
2025-08-12T14:01:15Z	25036.00000	1555.71367	1539.10905	1525.02261
2025-08-12T14:01:15Z	25036.00000	1555.22530	1538.28514	1524.93857
2025-08-12T14:01:15Z	25037.00000	1555.08996	1538.08906	1524.94912
2025-08-12T14:01:15Z	25037.00000	1555.09075	1538.08704	1524.95138
2025-08-12T14:01:15Z	25037.00000	1555.08535	1538.07892	1524.94427
2025-08-12T14:01:15Z	25037.00000	1555.08404	1538.07677	1524.94801
2025-08-12T14:01:15Z	25037.00000	1555.08482	1538.07799	1524.95043
2025-08-12T14:01:16Z	25037.00000	1555.08338	1538.07636	1524.94921
2025-08-12T14:01:16Z	25037.00000	1555.08236	1538.07131	1524.94753
2025-08-12T14:01:16Z	25037.00000	1555.08193	1538.07288	1524.94832
2025-08-12T14:01:16Z	25037.00000	1555.08088	1538.07128	1524.94823
2025-08-12T14:01:16Z	25037.00000	1555.08101	1538.06936	1524.94868
2025-08-12T14:01:16Z	25038.00000	1555.08014	1538.06921	1524.94899
2025-08-12T14:01:16Z	25038.00000	1555.07928	1538.06569	1524.94867
2025-08-12T14:01:16Z	25038.00000	1555.07869	1538.06374	1524.94639
2025-08-12T14:01:16Z	25038.00000	1555.07807	1538.06345	1524.94689
2025-08-12T14:01:17Z	25038.00000	1555.07744	1538.06168	1524.94921
2025-08-12T14:01:17Z	25038.00000	1555.07610	1538.06276	1524.94827
2025-08-12T14:01:17Z	25038.00000	1555.07653	1538.06181	1524.94865
2025-08-12T14:01:17Z	25038.00000	1555.07582	1538.06090	1524.94824
2025-08-12T14:01:17Z	25039.00000	1555.07501	1538.06022	1524.94766
2025-08-12T14:01:17Z	25039.00000	1555.07510	1538.06038	1524.94815
2025-08-12T14:01:17Z	25039.00000	1555.07459	1538.05912	1524.94846
2025-08-12T14:01:17Z	25039.00000	1555.07388	1538.05988	1524.94854
2025-08-12T14:01:18Z	25039.00000	1555.07377	1538.05909	1524.94899
2025-08-12T14:01:18Z	25039.00000	1555.07363	1538.05796	1524.94882
2025-08-12T14:01:18Z	25039.00000	1555.07308	1538.05724	1524.94879
2025-08-12T14:01:18Z	25039.00000	1555.07335	1538.05550	1524.94851
2025-08-12T14:01:18Z	25039.00000	1555.07300	1538.05750	1524.94876
2025-08-12T14:01:18Z	25040.00000	1555.07291	1538.05640	1524.94870
2025-08-12T14:01:18Z	25040.00000	1555.07255	1538.05593	1524.94843
2025-08-12T14:01:18Z	25040.00000	1555.07237	1538.05561	1524.94892
2025-08-12T14:01:18Z	25040.00000	1555.07249	1538.05567	1524.94872
2025-08-12T14:01:18Z	25040.00000	1555.07225	1538.05546	1524.94896
2025-08-12T14:01:19Z	25040.00000	1555.07279	1538.05350	1524.94886
2025-08-12T14:01:19Z	25040.00000	1555.07074	1538.05367	1524.94867
2025-08-12T14:01:19Z	25040.00000	1555.07217	1538.05572	1524.94873
2025-08-12T14:01:19Z	25040.00000	1555.07121	1538.05427	1524.94843
2025-08-12T14:01:19Z	25040.00000	1555.07195	1538.05425	1524.94941
2025-08-12T14:01:19Z	25041.00000	1555.07156	1538.05437	1524.94900
2025-08-12T14:01:19Z	25041.00000	1555.07219	1538.05364	1524.94928
2025-08-12T14:01:19Z	25041.00000	1555.06991	1538.05325	1524.94793
2025-08-12T14:01:19Z	25041.00000	1555.06965	1538.05344	1524.94863
2025-08-12T14:01:20Z	25041.00000	1555.06953	1538.05290	1524.94818
2025-08-12T14:01:20Z	25041.00000	1555.07105	1538.05240	1524.94820
2025-08-12T14:01:20Z	25041.00000	1555.07023	1538.05212	1524.94841
2025-08-12T14:01:20Z	25041.00000	1555.07129	1538.05193	1524.94844
2025-08-12T14:01:20Z	25041.00000	1555.30258	1538.41271	1524.93617
2025-08-12T14:01:20Z	25042.00000	1555.47216	1538.70000	1524.94659
2025-08-12T14:01:20Z	25042.00000	1555.60640	1538.91935	1524.94027
2025-08-12T14:01:20Z	25042.00000	1555.74806	1539.15852	1524.94686
2025-08-12T14:01:20Z	25042.00000	1555.88005	1539.37938	1524.94967
2025-08-12T14:01:20Z	25042.00000	1555.98912	1539.55475	1524.94713
2025-08-12T14:01:21Z	25042.00000	1556.08825	1539.72373	1524.94465
2025-08-12T14:01:21Z	25042.00000	1556.16936	1539.85509	1524.94872
2025-08-12T14:01:21Z	25042.00000	1556.25779	1540.00214	1524.94776
2025-08-12T14:01:21Z	25042.00000	1556.35766	1540.15165	1524.94927
2025-08-12T14:01:21Z	25042.00000	1556.44440	1540.29707	1524.95109
2025-08-12T14:01:21Z	25043.00000	1556.51962	1540.41231	1524.95188
2025-08-12T14:01:21Z	25043.00000	1556.58544	1540.51051	1524.95301
2025-08-12T14:01:21Z	25043.00000	1556.63952	1540.60018	1524.95364
2025-08-12T14:01:21Z	25043.00000	1556.69868	1540.68540	1524.95432
2025-08-12T14:01:21Z	25043.00000	1556.75052	1540.77797	1524.95603
2025-08-12T14:01:21Z	25043.00000	1556.80474	1540.85321	1524.95800
2025-08-12T14:01:22Z	25043.00000	1556.86050	1540.94966	1524.95787
2025-08-12T14:01:22Z	25043.00000	1556.91474	1541.03298	1524.95812
2025-08-12T14:01:22Z	25043.00000	1556.94304	1541.08807	1524.95940
2025-08-12T14:01:22Z	25043.00000	1556.98225	1541.14099	1524.96033
2025-08-12T14:01:22Z	25044.00000	1557.01350	1541.18441	1524.96080
2025-08-12T14:01:22Z	25044.00000	1557.04133	1541.22486	1524.96110
2025-08-12T14:01:22Z	25044.00000	1557.06363	1541.27311	1524.96219
2025-08-12T14:01:22Z	25044.00000	1557.08649	1541.30662	1524.96152
2025-08-12T14:01:22Z	25044.00000	1557.10620	1541.33518	1524.96193
2025-08-12T14:01:22Z	25044.00000	1557.12870	1541.36058	1524.96264
2025-08-12T14:01:23Z	25044.00000	1557.14572	1541.38392	1524.96241
2025-08-12T14:01:23Z	25044.00000	1557.16052	1541.40949	1524.96343
2025-08-12T14:01:23Z	25044.00000	1557.17431	1541.43144	1524.96403
2025-08-12T14:01:23Z	25044.00000	1557.18258	1541.45737	1524.96271
2025-08-12T14:01:23Z	25045.00000	1557.18898	1541.46615	1524.96425
2025-08-12T14:01:23Z	25045.00000	1557.19583	1541.47519	1524.96339
2025-08-12T14:01:23Z	25045.00000	1557.19930	1541.48256	1524.96380
2025-08-12T14:01:23Z	25045.00000	1557.20309	1541.48723	1524.96370
2025-08-12T14:01:23Z	25045.00000	1557.20760	1541.49553	1524.96438
2025-08-12T14:01:24Z	25045.00000	1557.21037	1541.49933	1524.96454
2025-08-12T14:01:24Z	25045.00000	1557.21152	1541.50293	1524.96291
2025-08-12T14:01:24Z	25045.00000	1555.42154	1538.65215	1524.96986
2025-08-12T14:01:24Z	25045.00000	1555.13165	1538.16493	1524.93781
2025-08-12T14:01:24Z	25045.00000	1555.09748	1538.10097	1524.95507
2025-08-12T14:01:24Z	25045.00000	1555.09048	1538.08653	1524.94517
2025-08-12T14:01:24Z	25046.00000	1555.09042	1538.08618	1524.95175
2025-08-12T14:01:24Z	25046.00000	1555.08431	1538.07744	1524.94525
2025-08-12T14:01:24Z	25046.00000	1555.08462	1538.07645	1524.94709
2025-08-12T14:01:24Z	25046.00000	1555.08309	1538.07424	1524.94632
2025-08-12T14:01:25Z	25046.00000	1555.08309	1538.07466	1524.94845
2025-08-12T14:01:25Z	25046.00000	1555.08289	1538.07371	1524.94874
2025-08-12T14:01:25Z	25046.00000	1555.08178	1538.07195	1524.94768
2025-08-12T14:01:25Z	25046.00000	1555.08087	1538.07084	1524.94890
2025-08-12T14:01:25Z	25047.00000	1555.08055	1538.06950	1524.94874
2025-08-12T14:01:25Z	25047.00000	1555.07931	1538.06765	1524.94826
2025-08-12T14:01:25Z	25047.00000	1555.07845	1538.06671	1524.94627
2025-08-12T14:01:25Z	25047.00000	1555.07943	1538.06872	1524.95006
2025-08-12T14:01:25Z	25047.00000	1555.07812	1538.06340	1524.94714
2025-08-12T14:01:26Z	25047.00000	1555.07746	1538.06387	1524.94779
2025-08-12T14:01:26Z	25047.00000	1555.07790	1538.06431	1524.94882
2025-08-12T14:01:26Z	25047.00000	1555.07667	1538.06272	1524.94826
2025-08-12T14:01:26Z	25047.00000	1555.07685	1538.06292	1524.94943
2025-08-12T14:01:26Z	25047.00000	1555.07669	1538.06273	1524.94895
2025-08-12T14:01:26Z	25048.00000	1555.07632	1538.06333	1524.94926
2025-08-12T14:01:26Z	25048.00000	1555.07607	1538.06222	1524.94848
2025-08-12T14:01:26Z	25048.00000	1555.07452	1538.06005	1524.94894
2025-08-12T14:01:26Z	25048.00000	1555.07512	1538.06030	1524.94875
2025-08-12T14:01:26Z	25048.00000	1555.07430	1538.05995	1524.94892
2025-08-12T14:01:27Z	25048.00000	1555.07385	1538.06043	1524.94872
2025-08-12T14:01:27Z	25048.00000	1555.07481	1538.05922	1524.94891
2025-08-12T14:01:27Z	25048.00000	1555.07400	1538.05990	1524.94866
2025-08-12T14:01:27Z	25048.00000	1555.07347	1538.05771	1524.94857
2025-08-12T14:01:27Z	25048.00000	1555.07413	1538.05566	1524.94869
2025-08-12T14:01:27Z	25049.00000	1555.07324	1538.05716	1524.94829
2025-08-12T14:01:27Z	25049.00000	1555.07250	1538.05643	1524.94910
2025-08-12T14:01:27Z	25049.00000	1555.07323	1538.05467	1524.94840
2025-08-12T14:01:27Z	25049.00000	1555.07315	1538.05647	1524.94831
2025-08-12T14:01:28Z	25049.00000	1555.07296	1538.05584	1524.94900
2025-08-12T14:01:28Z	25049.00000	1555.07189	1538.05487	1524.94930
2025-08-12T14:01:28Z	25049.00000	1555.07262	1538.05536	1524.94860
2025-08-12T14:01:28Z	25049.00000	1555.15854	1538.17421	1524.94696
2025-08-12T14:01:28Z	25049.00000	1555.31861	1538.45410	1524.96005
2025-08-12T14:01:28Z	25050.00000	1555.49234	1538.73330	1524.94348
2025-08-12T14:01:28Z	25050.00000	1555.60207	1538.91245	1524.94332
2025-08-12T14:01:28Z	25050.00000	1555.74321	1539.15389	1524.95129
2025-08-12T14:01:28Z	25050.00000	1555.87738	1539.37615	1524.94858
2025-08-12T14:01:28Z	25050.00000	1555.98698	1539.55309	1524.94900
2025-08-12T14:01:29Z	25050.00000	1556.15133	1539.82840	1524.94638
2025-08-12T14:01:29Z	25050.00000	1556.25391	1539.99733	1524.94842
2025-08-12T14:01:29Z	25050.00000	1556.32507	1540.10705	1524.94938
2025-08-12T14:01:29Z	25050.00000	1556.40519	1540.23654	1524.95088
2025-08-12T14:01:29Z	25051.00000	1556.46964	1540.33230	1524.95205
2025-08-12T14:01:29Z	25051.00000	1556.55069	1540.46305	1524.95105
2025-08-12T14:01:29Z	25051.00000	1556.60275	1540.54742	1524.95353
2025-08-12T14:01:29Z	25051.00000	1556.66644	1540.64051	1524.95385
2025-08-12T14:01:29Z	25051.00000	1556.73188	1540.75257	1524.95584
2025-08-12T14:01:30Z	25051.00000	1556.78324	1540.82689	1524.95595
2025-08-12T14:01:30Z	25051.00000	1556.85867	1540.94895	1524.95759
2025-08-12T14:01:30Z	25051.00000	1556.90735	1541.01987	1524.95808
2025-08-12T14:01:30Z	25051.00000	1556.93768	1541.06764	1524.95898
2025-08-12T14:01:30Z	25051.00000	1556.97043	1541.12323	1524.96013
2025-08-12T14:01:30Z	25052.00000	1557.00803	1541.18043	1524.96081
2025-08-12T14:01:30Z	25052.00000	1557.04100	1541.22395	1524.96190
2025-08-12T14:01:30Z	25052.00000	1557.06919	1541.28117	1524.96133
2025-08-12T14:01:30Z	25052.00000	1557.09799	1541.32306	1524.96234
2025-08-12T14:01:31Z	25052.00000	1557.12708	1541.35784	1524.96206
2025-08-12T14:01:31Z	25052.00000	1557.14593	1541.38923	1524.96207
2025-08-12T14:01:31Z	25052.00000	1557.16011	1541.40879	1524.96470
2025-08-12T14:01:31Z	25052.00000	1557.17028	1541.42445	1524.96428
2025-08-12T14:01:31Z	25052.00000	1557.17911	1541.44628	1524.96294
2025-08-12T14:01:31Z	25052.00000	1557.18711	1541.46379	1524.96395
2025-08-12T14:01:31Z	25053.00000	1557.19303	1541.47348	1524.96440
2025-08-12T14:01:31Z	25053.00000	1557.19971	1541.48219	1524.96351
2025-08-12T14:01:31Z	25053.00000	1557.20517	1541.49233	1524.96343
2025-08-12T14:01:31Z	25053.00000	1557.20751	1541.49285	1524.96409
2025-08-12T14:01:32Z	25053.00000	1557.21096	1541.49852	1524.96424
2025-08-12T14:01:32Z	25053.00000	1557.21340	1541.50367	1524.96503
2025-08-12T14:01:32Z	25053.00000	1555.88513	1539.39100	1524.82517
2025-08-12T14:01:32Z	25053.00000	1555.30867	1538.42001	1524.95848
2025-08-12T14:01:32Z	25053.00000	1555.10705	1538.11389	1524.94650
2025-08-12T14:01:32Z	25054.00000	1555.09458	1538.09499	1524.95106
2025-08-12T14:01:32Z	25054.00000	1555.08942	1538.08364	1524.94271
2025-08-12T14:01:32Z	25054.00000	1555.09053	1538.08505	1524.94953
2025-08-12T14:01:32Z	25054.00000	1555.08885	1538.08541	1524.95177
2025-08-12T14:01:32Z	25054.00000	1555.08561	1538.07917	1524.94729
2025-08-12T14:01:33Z	25054.00000	1555.08546	1538.07838	1524.95021
2025-08-12T14:01:33Z	25054.00000	1555.08389	1538.07578	1524.94960
2025-08-12T14:01:33Z	25054.00000	1555.08405	1538.07456	1524.94922
2025-08-12T14:01:33Z	25054.00000	1555.08278	1538.07271	1524.94874
2025-08-12T14:01:33Z	25054.00000	1555.08200	1538.07163	1524.94903
2025-08-12T14:01:33Z	25055.00000	1555.08222	1538.07016	1524.94774
2025-08-12T14:01:33Z	25055.00000	1555.08114	1538.07023	1524.94855
2025-08-12T14:01:33Z	25055.00000	1555.08062	1538.07054	1524.94880
2025-08-12T14:01:33Z	25055.00000	1555.07915	1538.06824	1524.94834
2025-08-12T14:01:33Z	25055.00000	1555.07892	1538.06572	1524.94662
2025-08-12T14:01:34Z	25055.00000	1555.07920	1538.06756	1524.94744
2025-08-12T14:01:34Z	25055.00000	1555.07881	1538.06576	1524.94906
2025-08-12T14:01:34Z	25055.00000	1555.07804	1538.06482	1524.94927
2025-08-12T14:01:34Z	25055.00000	1555.07857	1538.06509	1524.94930
2025-08-12T14:01:34Z	25055.00000	1555.07798	1538.06414	1524.94798
2025-08-12T14:01:34Z	25056.00000	1555.07725	1538.06348	1524.94781
2025-08-12T14:01:34Z	25056.00000	1555.07655	1538.06270	1524.94858
2025-08-12T14:01:34Z	25056.00000	1555.07596	1538.06387	1524.94826
2025-08-12T14:01:34Z	25056.00000	1555.07562	1538.06180	1524.94832
2025-08-12T14:01:34Z	25056.00000	1555.07588	1538.06052	1524.94896
2025-08-12T14:01:35Z	25056.00000	1555.07559	1538.06000	1524.94845
2025-08-12T14:01:35Z	25056.00000	1555.07497	1538.06026	1524.94887
2025-08-12T14:01:35Z	25056.00000	1555.07386	1538.05881	1524.94812
2025-08-12T14:01:35Z	25056.00000	1555.07370	1538.05965	1524.94883
2025-08-12T14:01:35Z	25057.00000	1555.07409	1538.05902	1524.94865
2025-08-12T14:01:35Z	25057.00000	1555.07388	1538.05827	1524.94865
2025-08-12T14:01:35Z	25057.00000	1555.07406	1538.05904	1524.94877
2025-08-12T14:01:35Z	25057.00000	1555.07361	1538.05763	1524.94886
2025-08-12T14:01:35Z	25057.00000	1555.07376	1538.05782	1524.94889
2025-08-12T14:01:35Z	25057.00000	1555.07421	1538.05833	1524.94878
2025-08-12T14:01:36Z	25057.00000	1555.07239	1538.05642	1524.94894
2025-08-12T14:01:36Z	25057.00000	1555.07401	1538.05628	1524.94832
2025-08-12T14:01:36Z	25057.00000	1555.07383	1538.05683	1524.94891
2025-08-12T14:01:36Z	25057.00000	1555.07223	1538.05684	1524.94828
2025-08-12T14:01:36Z	25058.00000	1555.07230	1538.05623	1524.94906
2025-08-12T14:01:36Z	25058.00000	1555.07271	1538.05508	1524.94825
2025-08-12T14:01:36Z	25058.00000	1555.07218	1538.05555	1524.94870
2025-08-12T14:01:36Z	25058.00000	1555.07301	1538.05347	1524.94896
2025-08-12T14:01:36Z	25058.00000	1555.07151	1538.05395	1524.94826
2025-08-12T14:01:37Z	25058.00000	1555.07153	1538.05462	1524.94879
2025-08-12T14:01:37Z	25058.00000	1555.07197	1538.05453	1524.94826
2025-08-12T14:01:37Z	25058.00000	1555.07134	1538.05512	1524.94864
2025-08-12T14:01:37Z	25058.00000	1555.07029	1538.05465	1524.94889
2025-08-12T14:01:37Z	25058.00000	1555.25680	1538.33748	1524.93541
2025-08-12T14:01:37Z	25059.00000	1555.45324	1538.66688	1524.95128
2025-08-12T14:01:37Z	25059.00000	1555.65657	1539.00333	1524.94727
2025-08-12T14:01:37Z	25059.00000	1555.88988	1539.39108	1524.94777
2025-08-12T14:01:37Z	25059.00000	1555.97832	1539.54008	1524.94854
2025-08-12T14:01:38Z	25059.00000	1556.09420	1539.72923	1524.94590
2025-08-12T14:01:38Z	25059.00000	1556.18767	1539.88218	1524.94849
2025-08-12T14:01:38Z	25059.00000	1556.29143	1540.04885	1524.94801
2025-08-12T14:01:38Z	25059.00000	1556.36007	1540.15477	1524.94946
2025-08-12T14:01:38Z	25059.00000	1556.44572	1540.29835	1524.95247
2025-08-12T14:01:38Z	25060.00000	1556.53079	1540.43090	1524.95283
2025-08-12T14:01:38Z	25060.00000	1556.60626	1540.55224	1524.95285
2025-08-12T14:01:38Z	25060.00000	1556.73297	1540.75210	1524.95547
2025-08-12T14:01:38Z	25060.00000	1556.77688	1540.81773	1524.95636
2025-08-12T14:01:39Z	25060.00000	1556.83142	1540.90531	1524.95804
2025-08-12T14:01:39Z	25060.00000	1556.87657	1540.97563	1524.95785
2025-08-12T14:01:39Z	25060.00000	1556.92335	1541.04275	1524.95871
2025-08-12T14:01:39Z	25060.00000	1556.96845	1541.11837	1524.95955
2025-08-12T14:01:39Z	25060.00000	1557.00638	1541.17534	1524.96081
2025-08-12T14:01:39Z	25061.00000	1557.03102	1541.20961	1524.96098
2025-08-12T14:01:39Z	25061.00000	1557.05466	1541.26187	1524.96209
2025-08-12T14:01:39Z	25061.00000	1557.07344	1541.28990	1524.96151
2025-08-12T14:01:39Z	25061.00000	1557.09907	1541.32039	1524.96274
2025-08-12T14:01:39Z	25061.00000	1557.12396	1541.34983	1524.96241
2025-08-12T14:01:40Z	25061.00000	1557.13755	1541.37397	1524.96312
2025-08-12T14:01:40Z	25061.00000	1557.15377	1541.39340	1524.96341
2025-08-12T14:01:40Z	25061.00000	1557.16595	1541.41745	1524.96376
2025-08-12T14:01:40Z	25061.00000	1557.17589	1541.43076	1524.96390
2025-08-12T14:01:40Z	25061.00000	1557.18546	1541.45736	1524.96417
2025-08-12T14:01:40Z	25062.00000	1557.19115	1541.46856	1524.96407
2025-08-12T14:01:40Z	25062.00000	1557.19693	1541.48087	1524.96326
2025-08-12T14:01:40Z	25062.00000	1557.20191	1541.48310	1524.96390
2025-08-12T14:01:40Z	25062.00000	1557.20715	1541.49223	1524.96447
2025-08-12T14:01:40Z	25062.00000	1557.21072	1541.49696	1524.96317
2025-08-12T14:01:41Z	25062.00000	1557.21238	1541.49997	1524.96499
2025-08-12T14:01:41Z	25062.00000	1556.68816	1540.63708	1525.06253
2025-08-12T14:01:41Z	25062.00000	1555.22030	1538.27992	1524.92696
2025-08-12T14:01:41Z	25062.00000	1555.09305	1538.09155	1524.94809
2025-08-12T14:01:41Z	25063.00000	1555.08824	1538.08350	1524.94457
2025-08-12T14:01:41Z	25063.00000	1555.08638	1538.08358	1524.94883
2025-08-12T14:01:41Z	25063.00000	1555.08426	1538.07796	1524.94598
2025-08-12T14:01:42Z	25063.00000	1555.08392	1538.07506	1524.94930
2025-08-12T14:01:42Z	25063.00000	1555.08264	1538.07302	1524.94788
2025-08-12T14:01:42Z	25063.00000	1555.08149	1538.07431	1524.94798
2025-08-12T14:01:42Z	25063.00000	1555.08176	1538.07297	1524.94883
2025-08-12T14:01:42Z	25064.00000	1555.08187	1538.07106	1524.94841
2025-08-12T14:01:42Z	25064.00000	1555.07972	1538.06807	1524.94647
2025-08-12T14:01:42Z	25064.00000	1555.08095	1538.06700	1524.94817
2025-08-12T14:01:42Z	25064.00000	1555.07885	1538.06764	1524.94703
2025-08-12T14:01:43Z	25064.00000	1555.07877	1538.06569	1524.94831
2025-08-12T14:01:43Z	25064.00000	1555.07932	1538.06495	1524.94911
2025-08-12T14:01:43Z	25064.00000	1555.07785	1538.06366	1524.94783
2025-08-12T14:01:43Z	25064.00000	1555.07726	1538.06319	1524.94866
2025-08-12T14:01:43Z	25064.00000	1555.07634	1538.06287	1524.94888
2025-08-12T14:01:43Z	25065.00000	1555.07691	1538.06316	1524.94836
2025-08-12T14:01:43Z	25065.00000	1555.07654	1538.06121	1524.94812
2025-08-12T14:01:43Z	25065.00000	1555.07552	1538.06226	1524.94851
2025-08-12T14:01:43Z	25065.00000	1555.07589	1538.06167	1524.94868
2025-08-12T14:01:43Z	25065.00000	1555.07539	1538.06291	1524.94882
2025-08-12T14:01:44Z	25065.00000	1555.07592	1538.06135	1524.94854
2025-08-12T14:01:44Z	25065.00000	1555.07531	1538.06090	1524.94858
2025-08-12T14:01:44Z	25065.00000	1555.07513	1538.05975	1524.94867
2025-08-12T14:01:44Z	25065.00000	1555.07454	1538.05988	1524.94838
2025-08-12T14:01:44Z	25065.00000	1555.07378	1538.05894	1524.94811
2025-08-12T14:01:44Z	25066.00000	1555.07441	1538.05897	1524.94831
2025-08-12T14:01:44Z	25066.00000	1555.07412	1538.05862	1524.94807
2025-08-12T14:01:44Z	25066.00000	1555.07343	1538.05882	1524.94933
2025-08-12T14:01:44Z	25066.00000	1555.07392	1538.05798	1524.94854
2025-08-12T14:01:44Z	25066.00000	1555.07321	1538.05647	1524.94826
2025-08-12T14:01:45Z	25066.00000	1555.07326	1538.05709	1524.94824
2025-08-12T14:01:45Z	25066.00000	1555.07266	1538.05772	1524.94861
2025-08-12T14:01:45Z	25066.00000	1555.07239	1538.05607	1524.94800
2025-08-12T14:01:45Z	25067.00000	1555.07275	1538.05731	1524.94896
2025-08-12T14:01:45Z	25067.00000	1555.07292	1538.05637	1524.94780
2025-08-12T14:01:45Z	25067.00000	1555.07345	1538.05731	1524.94876
2025-08-12T14:01:45Z	25067.00000	1555.07181	1538.05428	1524.94811
2025-08-12T14:01:45Z	25067.00000	1555.07153	1538.05349	1524.94790
2025-08-12T14:01:45Z	25067.00000	1555.07201	1538.05549	1524.94898
2025-08-12T14:01:46Z	25067.00000	1555.07229	1538.05442	1524.94871
2025-08-12T14:01:46Z	25067.00000	1555.07209	1538.05482	1524.94853
2025-08-12T14:01:46Z	25067.00000	1555.17056	1538.21435	1524.96419
2025-08-12T14:01:46Z	25067.00000	1555.35645	1538.50859	1524.94602
2025-08-12T14:01:46Z	25068.00000	1555.48057	1538.71195	1524.94223
2025-08-12T14:01:46Z	25068.00000	1555.63348	1538.96555	1524.95188
2025-08-12T14:01:46Z	25068.00000	1555.77301	1539.20114	1524.95015
2025-08-12T14:01:46Z	25068.00000	1555.98250	1539.54543	1524.94894
2025-08-12T14:01:46Z	25068.00000	1556.08235	1539.71157	1524.94841
2025-08-12T14:01:47Z	25068.00000	1556.17681	1539.86556	1524.94703
2025-08-12T14:01:47Z	25068.00000	1556.29844	1540.06010	1524.94897
2025-08-12T14:01:47Z	25068.00000	1556.38968	1540.20899	1524.95027
2025-08-12T14:01:47Z	25068.00000	1556.45525	1540.30635	1524.95053
2025-08-12T14:01:47Z	25069.00000	1556.53690	1540.43879	1524.95270
2025-08-12T14:01:47Z	25069.00000	1556.60046	1540.54084	1524.95317
2025-08-12T14:01:47Z	25069.00000	1556.66522	1540.63651	1524.95546
2025-08-12T14:01:47Z	25069.00000	1556.74080	1540.76103	1524.95615
2025-08-12T14:01:47Z	25069.00000	1556.79468	1540.84026	1524.95671
2025-08-12T14:01:48Z	25069.00000	1556.84319	1540.92028	1524.95728
2025-08-12T14:01:48Z	25069.00000	1556.89233	1540.99813	1524.95940
2025-08-12T14:01:48Z	25069.00000	1556.92604	1541.04818	1524.95839
2025-08-12T14:01:48Z	25069.00000	1556.96636	1541.11406	1524.96052
2025-08-12T14:01:48Z	25069.00000	1557.00892	1541.18032	1524.96033
2025-08-12T14:01:48Z	25070.00000	1557.03738	1541.21886	1524.96194
2025-08-12T14:01:48Z	25070.00000	1557.06558	1541.27636	1524.96212
2025-08-12T14:01:48Z	25070.00000	1557.09436	1541.31651	1524.96137
2025-08-12T14:01:48Z	25070.00000	1557.11605	1541.34917	1524.96301
2025-08-12T14:01:48Z	25070.00000	1557.14193	1541.37822	1524.96484
2025-08-12T14:01:49Z	25070.00000	1557.15592	1541.39735	1524.96257
2025-08-12T14:01:49Z	25070.00000	1557.17790	1541.43063	1524.96292
2025-08-12T14:01:49Z	25070.00000	1557.18511	1541.45469	1524.96318
2025-08-12T14:01:49Z	25070.00000	1557.19079	1541.46888	1524.96439
2025-08-12T14:01:49Z	25071.00000	1557.19735	1541.47372	1524.96523
2025-08-12T14:01:49Z	25071.00000	1557.20424	1541.48492	1524.96424
2025-08-12T14:01:49Z	25071.00000	1557.20835	1541.49411	1524.96310
2025-08-12T14:01:49Z	25071.00000	1557.21125	1541.49395	1524.96391
2025-08-12T14:01:50Z	25071.00000	1557.21462	1541.50175	1524.96400
2025-08-12T14:01:50Z	25071.00000	1555.33351	1538.47751	1524.94681
2025-08-12T14:01:50Z	25071.00000	1555.13189	1538.14961	1524.95659
2025-08-12T14:01:50Z	25071.00000	1555.09554	1538.09431	1524.94859
2025-08-12T14:01:50Z	25072.00000	1555.08841	1538.08269	1524.94458
2025-08-12T14:01:50Z	25072.00000	1555.08867	1538.08373	1524.94961
2025-08-12T14:01:50Z	25072.00000	1555.08548	1538.07746	1524.94809
2025-08-12T14:01:51Z	25072.00000	1555.08509	1538.07746	1524.94891
2025-08-12T14:01:51Z	25072.00000	1555.08390	1538.07730	1524.94826
2025-08-12T14:01:51Z	25072.00000	1555.08280	1538.07397	1524.94775
2025-08-12T14:01:51Z	25072.00000	1555.08192	1538.07220	1524.94765
2025-08-12T14:01:51Z	25072.00000	1555.08228	1538.07107	1524.94773
2025-08-12T14:01:51Z	25073.00000	1555.08135	1538.07027	1524.94830
2025-08-12T14:01:51Z	25073.00000	1555.08163	1538.07074	1524.94807
2025-08-12T14:01:51Z	25073.00000	1555.08017	1538.06763	1524.94654
2025-08-12T14:01:51Z	25073.00000	1555.07977	1538.06888	1524.94891
2025-08-12T14:01:51Z	25073.00000	1555.07966	1538.06858	1524.94920
2025-08-12T14:01:52Z	25073.00000	1555.07891	1538.06585	1524.94862
2025-08-12T14:01:52Z	25073.00000	1555.07865	1538.06492	1524.94888
2025-08-12T14:01:52Z	25073.00000	1555.07800	1538.06554	1524.94897
2025-08-12T14:01:52Z	25074.00000	1555.07634	1538.06317	1524.94832
2025-08-12T14:01:52Z	25074.00000	1555.07729	1538.06334	1524.94781
2025-08-12T14:01:52Z	25074.00000	1555.07625	1538.06335	1524.94801
2025-08-12T14:01:52Z	25074.00000	1555.07599	1538.06204	1524.94821
2025-08-12T14:01:52Z	25074.00000	1555.07671	1538.06115	1524.94834
2025-08-12T14:01:53Z	25074.00000	1555.07464	1538.06020	1524.94815
2025-08-12T14:01:53Z	25074.00000	1555.07536	1538.06074	1524.94768
2025-08-12T14:01:53Z	25074.00000	1555.07473	1538.05985	1524.94871
2025-08-12T14:01:53Z	25074.00000	1555.07492	1538.05968	1524.94803
2025-08-12T14:01:53Z	25074.00000	1555.07467	1538.06022	1524.94810
2025-08-12T14:01:53Z	25075.00000	1555.07457	1538.05813	1524.94875
2025-08-12T14:01:53Z	25075.00000	1555.07410	1538.05773	1524.94851
2025-08-12T14:01:53Z	25075.00000	1555.07478	1538.05660	1524.94885
2025-08-12T14:01:53Z	25075.00000	1555.07444	1538.05836	1524.94872
2025-08-12T14:01:53Z	25075.00000	1555.07369	1538.05611	1524.94824
2025-08-12T14:01:54Z	25075.00000	1555.07293	1538.05704	1524.94848
2025-08-12T14:01:54Z	25075.00000	1555.07376	1538.05833	1524.94848
2025-08-12T14:01:54Z	25075.00000	1555.07368	1538.05709	1524.94911
2025-08-12T14:01:54Z	25075.00000	1555.07318	1538.05666	1524.94864
2025-08-12T14:01:54Z	25076.00000	1555.07247	1538.05512	1524.94838
2025-08-12T14:01:54Z	25076.00000	1555.07264	1538.05764	1524.94864
2025-08-12T14:01:54Z	25076.00000	1555.07315	1538.05625	1524.94868
2025-08-12T14:01:54Z	25076.00000	1555.07213	1538.05591	1524.94895
2025-08-12T14:01:55Z	25076.00000	1555.07269	1538.05640	1524.94813
2025-08-12T14:01:55Z	25076.00000	1555.07216	1538.05436	1524.94857
2025-08-12T14:01:55Z	25076.00000	1555.07093	1538.05512	1524.94887
2025-08-12T14:01:55Z	25076.00000	1555.07152	1538.05359	1524.94833
2025-08-12T14:01:55Z	25077.00000	1555.07181	1538.05449	1524.94844
2025-08-12T14:01:55Z	25077.00000	1555.07138	1538.05359	1524.94826
2025-08-12T14:01:55Z	25077.00000	1555.07141	1538.05339	1524.94818
2025-08-12T14:01:55Z	25077.00000	1555.07098	1538.05230	1524.94845
2025-08-12T14:01:55Z	25077.00000	1555.07132	1538.05249	1524.94864
2025-08-12T14:01:56Z	25077.00000	1555.07007	1538.05268	1524.94808
2025-08-12T14:01:56Z	25077.00000	1555.07042	1538.05401	1524.94824
2025-08-12T14:01:56Z	25077.00000	1555.06973	1538.05247	1524.94843
2025-08-12T14:01:56Z	25077.00000	1555.06993	1538.05288	1524.94860
2025-08-12T14:01:56Z	25077.00000	1555.07152	1538.05421	1524.94880
2025-08-12T14:01:56Z	25078.00000	1555.07060	1538.05322	1524.94852
2025-08-12T14:01:56Z	25078.00000	1555.07109	1538.05226	1524.94777
2025-08-12T14:01:56Z	25078.00000	1555.07098	1538.05109	1524.94798
2025-08-12T14:01:56Z	25078.00000	1555.07044	1538.05145	1524.94844
2025-08-12T14:01:57Z	25078.00000	1555.06943	1538.05097	1524.94835
2025-08-12T14:01:57Z	25078.00000	1555.07051	1538.05187	1524.94846
2025-08-12T14:01:57Z	25078.00000	1555.06940	1538.05080	1524.94830
2025-08-12T14:01:57Z	25078.00000	1555.06921	1538.04997	1524.94835
2025-08-12T14:01:57Z	25079.00000	1555.06956	1538.05060	1524.94826
2025-08-12T14:01:57Z	25079.00000	1555.06930	1538.05103	1524.94863
2025-08-12T14:01:57Z	25079.00000	1555.06906	1538.04975	1524.94870
2025-08-12T14:01:57Z	25079.00000	1555.06914	1538.05113	1524.94873
2025-08-12T14:01:57Z	25079.00000	1555.06839	1538.05040	1524.94815
2025-08-12T14:01:58Z	25079.00000	1555.06881	1538.05076	1524.94857
2025-08-12T14:01:58Z	25079.00000	1555.06769	1538.04973	1524.94823
2025-08-12T14:01:58Z	25079.00000	1555.06799	1538.05008	1524.94780
2025-08-12T14:01:58Z	25079.00000	1555.06837	1538.05010	1524.94817
2025-08-12T14:01:58Z	25080.00000	1555.06852	1538.04902	1524.94820
2025-08-12T14:01:58Z	25080.00000	1555.06881	1538.04909	1524.94804
2025-08-12T14:01:58Z	25080.00000	1555.06770	1538.04946	1524.94804
2025-08-12T14:01:58Z	25080.00000	1555.06793	1538.05021	1524.94840
2025-08-12T14:01:58Z	25080.00000	1555.06833	1538.04891	1524.94779
2025-08-12T14:01:59Z	25080.00000	1555.06785	1538.04965	1524.94804
2025-08-12T14:01:59Z	25080.00000	1555.06821	1538.04826	1524.94832
2025-08-12T14:01:59Z	25080.00000	1555.06732	1538.04891	1524.94818
2025-08-12T14:01:59Z	25080.00000	1555.06750	1538.04882	1524.94818
2025-08-12T14:01:59Z	25080.00000	1555.06790	1538.04838	1524.94765
2025-08-12T14:01:59Z	25081.00000	1555.06728	1538.04775	1524.94776
2025-08-12T14:01:59Z	25081.00000	1555.06755	1538.04734	1524.94803
2025-08-12T14:01:59Z	25081.00000	1555.06705	1538.04978	1524.94828
2025-08-12T14:01:59Z	25081.00000	1555.06743	1538.04880	1524.94851
2025-08-12T14:02:00Z	25081.00000	1555.06732	1538.04962	1524.94858
2025-08-12T14:02:00Z	25081.00000	1555.06704	1538.04675	1524.94761
2025-08-12T14:02:00Z	25081.00000	1555.06722	1538.04780	1524.94837
2025-08-12T14:02:00Z	25081.00000	1555.06704	1538.04735	1524.94768
2025-08-12T14:02:00Z	25081.00000	1555.06648	1538.04841	1524.94752
2025-08-12T14:02:00Z	25082.00000	1555.06624	1538.04662	1524.94760
2025-08-12T14:02:00Z	25082.00000	1555.06690	1538.04654	1524.94770
2025-08-12T14:02:00Z	25082.00000	1555.06615	1538.04609	1524.94733
2025-08-12T14:02:00Z	25082.00000	1555.06681	1538.04859	1524.94850
2025-08-12T14:02:01Z	25082.00000	1555.06689	1538.04569	1524.94788
2025-08-12T14:02:01Z	25082.00000	1555.06684	1538.04686	1524.94727
2025-08-12T14:02:01Z	25082.00000	1555.06646	1538.04780	1524.94823
2025-08-12T14:02:01Z	25082.00000	1555.06594	1538.04746	1524.94759
2025-08-12T14:02:01Z	25082.00000	1555.06633	1538.04527	1524.94794
2025-08-12T14:02:01Z	25083.00000	1555.06621	1538.04674	1524.94751
2025-08-12T14:02:01Z	25083.00000	1555.06663	1538.04662	1524.94896
2025-08-12T14:02:01Z	25083.00000	1555.06653	1538.04574	1524.94696
2025-08-12T14:02:01Z	25083.00000	1555.06661	1538.04675	1524.94785
2025-08-12T14:02:01Z	25083.00000	1555.06606	1538.04479	1524.94782
2025-08-12T14:02:02Z	25083.00000	1555.06658	1538.04682	1524.94731
2025-08-12T14:02:02Z	25083.00000	1555.06533	1538.04608	1524.94764
2025-08-12T14:02:02Z	25083.00000	1555.06549	1538.04681	1524.94833
2025-08-12T14:02:02Z	25083.00000	1555.06592	1538.04551	1524.94714
2025-08-12T14:02:02Z	25084.00000	1555.06525	1538.04429	1524.94785
2025-08-12T14:02:02Z	25084.00000	1555.06627	1538.04393	1524.94704
2025-08-12T14:02:02Z	25084.00000	1555.06464	1538.04447	1524.94768
2025-08-12T14:02:02Z	25084.00000	1555.06540	1538.04381	1524.94711
2025-08-12T14:02:03Z	25084.00000	1555.06607	1538.04330	1524.94735
2025-08-12T14:02:03Z	25084.00000	1555.06523	1538.04440	1524.94781
2025-08-12T14:02:03Z	25084.00000	1555.06508	1538.04430	1524.94699
2025-08-12T14:02:03Z	25084.00000	1555.06493	1538.04348	1524.94733
2025-08-12T14:02:03Z	25084.00000	1555.06547	1538.04496	1524.94782
2025-08-12T14:02:03Z	25085.00000	1555.06529	1538.04286	1524.94710
2025-08-12T14:02:03Z	25085.00000	1555.06520	1538.04333	1524.94768
2025-08-12T14:02:03Z	25085.00000	1555.06522	1538.04306	1524.94784
2025-08-12T14:02:03Z	25085.00000	1555.06502	1538.04393	1524.94747
2025-08-12T14:02:03Z	25085.00000	1555.06440	1538.04262	1524.94791
2025-08-12T14:02:04Z	25085.00000	1555.06407	1538.04260	1524.94709
2025-08-12T14:02:04Z	25085.00000	1555.06481	1538.04437	1524.94759
2025-08-12T14:02:04Z	25085.00000	1555.06534	1538.04445	1524.94753
2025-08-12T14:02:04Z	25085.00000	1555.06523	1538.04273	1524.94716
2025-08-12T14:02:04Z	25085.00000	1555.06388	1538.04289	1524.94740
2025-08-12T14:02:04Z	25086.00000	1555.06435	1538.04214	1524.94758
2025-08-12T14:02:04Z	25086.00000	1555.06458	1538.04320	1524.94760
2025-08-12T14:02:04Z	25086.00000	1555.06413	1538.04298	1524.94719
2025-08-12T14:02:04Z	25086.00000	1555.06440	1538.04276	1524.94844
2025-08-12T14:02:05Z	25086.00000	1555.06385	1538.04171	1524.94810
2025-08-12T14:02:05Z	25086.00000	1555.06402	1538.04291	1524.94758
2025-08-12T14:02:05Z	25086.00000	1555.06410	1538.04150	1524.94761
2025-08-12T14:02:05Z	25086.00000	1555.06381	1538.04227	1524.94698
2025-08-12T14:02:05Z	25087.00000	1555.06375	1538.04223	1524.94777
2025-08-12T14:02:05Z	25087.00000	1555.06462	1538.04163	1524.94759
2025-08-12T14:02:05Z	25087.00000	1555.06362	1538.04126	1524.94750
2025-08-12T14:02:05Z	25087.00000	1555.06355	1538.04111	1524.94732
2025-08-12T14:02:06Z	25087.00000	1555.06358	1538.04048	1524.94750
2025-08-12T14:02:06Z	25087.00000	1555.06329	1538.04178	1524.94683
2025-08-12T14:02:06Z	25087.00000	1555.06410	1538.04201	1524.94804
2025-08-12T14:02:06Z	25087.00000	1555.06409	1538.04223	1524.94678
2025-08-12T14:02:06Z	25087.00000	1555.06408	1538.04160	1524.94707
2025-08-12T14:02:06Z	25088.00000	1555.06357	1538.04146	1524.94740
2025-08-12T14:02:06Z	25088.00000	1555.06357	1538.04142	1524.94707
2025-08-12T14:02:06Z	25088.00000	1555.06342	1538.04101	1524.94750
2025-08-12T14:02:06Z	25088.00000	1555.06308	1538.04116	1524.94681
2025-08-12T14:02:07Z	25088.00000	1555.06350	1538.04016	1524.94739
2025-08-12T14:02:07Z	25088.00000	1555.06323	1538.03957	1524.94775
2025-08-12T14:02:07Z	25088.00000	1555.06262	1538.04040	1524.94733
2025-08-12T14:02:07Z	25088.00000	1555.06293	1538.03947	1524.94704
2025-08-12T14:02:07Z	25089.00000	1555.06289	1538.04018	1524.94750
2025-08-12T14:02:07Z	25089.00000	1555.06369	1538.04062	1524.94717
2025-08-12T14:02:07Z	25089.00000	1555.06320	1538.04029	1524.94747
2025-08-12T14:02:07Z	25089.00000	1555.06312	1538.04215	1524.94762
2025-08-12T14:02:08Z	25089.00000	1555.06275	1538.04049	1524.94731
2025-08-12T14:02:08Z	25089.00000	1555.06322	1538.03979	1524.94779
2025-08-12T14:02:08Z	25089.00000	1555.06319	1538.04025	1524.94698
2025-08-12T14:02:08Z	25089.00000	1555.06241	1538.04279	1524.94701
2025-08-12T14:02:08Z	25089.00000	1555.06279	1538.03951	1524.94731
2025-08-12T14:02:08Z	25090.00000	1555.06296	1538.04053	1524.94692
2025-08-12T14:02:08Z	25090.00000	1555.06271	1538.04053	1524.94763
2025-08-12T14:02:08Z	25090.00000	1555.06295	1538.03821	1524.94791
2025-08-12T14:02:08Z	25090.00000	1555.06309	1538.03993	1524.94670
2025-08-12T14:02:08Z	25090.00000	1555.06256	1538.03905	1524.94682
2025-08-12T14:02:09Z	25090.00000	1555.06295	1538.04149	1524.94799
2025-08-12T14:02:09Z	25090.00000	1555.06280	1538.04043	1524.94777
2025-08-12T14:02:09Z	25090.00000	1555.06233	1538.03884	1524.94776
2025-08-12T14:02:09Z	25090.00000	1555.06302	1538.03896	1524.94788
2025-08-12T14:02:09Z	25091.00000	1555.06304	1538.03884	1524.94710
2025-08-12T14:02:09Z	25091.00000	1555.06261	1538.03956	1524.94678
2025-08-12T14:02:09Z	25091.00000	1555.06322	1538.04139	1524.94854
2025-08-12T14:02:09Z	25091.00000	1555.06306	1538.03980	1524.94775
2025-08-12T14:02:10Z	25091.00000	1555.06266	1538.03905	1524.94693
2025-08-12T14:02:10Z	25091.00000	1555.06214	1538.03981	1524.94768
2025-08-12T14:02:10Z	25091.00000	1555.06259	1538.03872	1524.94817
2025-08-12T14:02:10Z	25091.00000	1555.06211	1538.03902	1524.94735
2025-08-12T14:02:10Z	25092.00000	1555.06258	1538.03900	1524.94676
2025-08-12T14:02:10Z	25092.00000	1555.06219	1538.04033	1524.94732
2025-08-12T14:02:10Z	25092.00000	1555.06254	1538.03957	1524.94669
2025-08-12T14:02:10Z	25092.00000	1555.06232	1538.03968	1524.94815
2025-08-12T14:02:10Z	25092.00000	1555.06288	1538.03802	1524.94800
2025-08-12T14:02:11Z	25092.00000	1555.06300	1538.03859	1524.94723
2025-08-12T14:02:11Z	25092.00000	1555.06279	1538.03854	1524.94752
2025-08-12T14:02:11Z	25092.00000	1555.06235	1538.03848	1524.94688
2025-08-12T14:02:11Z	25092.00000	1555.06248	1538.04047	1524.94727
2025-08-12T14:02:11Z	25092.00000	1555.06250	1538.03795	1524.94736
2025-08-12T14:02:11Z	25093.00000	1555.06229	1538.03775	1524.94710
2025-08-12T14:02:11Z	25093.00000	1555.06238	1538.03695	1524.94735
2025-08-12T14:02:11Z	25093.00000	1555.06259	1538.03786	1524.94743
2025-08-12T14:02:11Z	25093.00000	1555.06204	1538.03862	1524.94756
2025-08-12T14:02:12Z	25093.00000	1555.06269	1538.03821	1524.94731
2025-08-12T14:02:12Z	25093.00000	1555.06171	1538.03708	1524.94731
2025-08-12T14:02:12Z	25093.00000	1555.06179	1538.03801	1524.94741
2025-08-12T14:02:12Z	25093.00000	1555.06239	1538.04061	1524.94835
2025-08-12T14:02:12Z	25093.00000	1555.06170	1538.03916	1524.94759
2025-08-12T14:02:12Z	25094.00000	1555.06174	1538.03827	1524.94777
2025-08-12T14:02:12Z	25094.00000	1555.06195	1538.03730	1524.94746
2025-08-12T14:02:12Z	25094.00000	1555.06172	1538.03853	1524.94760
2025-08-12T14:02:12Z	25094.00000	1555.06210	1538.03739	1524.94730
2025-08-12T14:02:12Z	25094.00000	1555.06213	1538.03846	1524.94761
2025-08-12T14:02:13Z	25094.00000	1555.06214	1538.03861	1524.94732
2025-08-12T14:02:13Z	25094.00000	1555.06264	1538.03758	1524.94737
2025-08-12T14:02:13Z	25094.00000	1555.06221	1538.03869	1524.94703
2025-08-12T14:02:13Z	25094.00000	1555.06172	1538.03850	1524.94705
2025-08-12T14:02:13Z	25094.00000	1555.06156	1538.03705	1524.94686
2025-08-12T14:02:13Z	25095.00000	1555.06177	1538.03785	1524.94685
2025-08-12T14:02:13Z	25095.00000	1555.06206	1538.03857	1524.94748
2025-08-12T14:02:13Z	25095.00000	1555.06166	1538.03660	1524.94738
2025-08-12T14:02:13Z	25095.00000	1555.06205	1538.03674	1524.94742
2025-08-12T14:02:13Z	25095.00000	1555.06142	1538.03635	1524.94793
2025-08-12T14:02:14Z	25095.00000	1555.06146	1538.03755	1524.94716
2025-08-12T14:02:14Z	25095.00000	1555.06175	1538.03779	1524.94731
2025-08-12T14:02:14Z	25095.00000	1555.06150	1538.03837	1524.94781
2025-08-12T14:02:14Z	25095.00000	1555.06246	1538.03690	1524.94757
2025-08-12T14:02:14Z	25096.00000	1555.06187	1538.03684	1524.94694
2025-08-12T14:02:14Z	25096.00000	1555.06120	1538.03780	1524.94787
2025-08-12T14:02:14Z	25096.00000	1555.06184	1538.03688	1524.94766
2025-08-12T14:02:14Z	25096.00000	1555.06100	1538.03687	1524.94797
2025-08-12T14:02:15Z	25096.00000	1555.06143	1538.03721	1524.94686
2025-08-12T14:02:15Z	25096.00000	1555.06130	1538.03743	1524.94792
2025-08-12T14:02:15Z	25096.00000	1555.06168	1538.03764	1524.94712
2025-08-12T14:02:15Z	25096.00000	1555.06177	1538.03706	1524.94722
2025-08-12T14:02:15Z	25096.00000	1555.06174	1538.03712	1524.94765
2025-08-12T14:02:15Z	25097.00000	1555.06129	1538.03540	1524.94726
2025-08-12T14:02:15Z	25097.00000	1555.06211	1538.03764	1524.94693
2025-08-12T14:02:15Z	25097.00000	1555.06162	1538.03759	1524.94781
2025-08-12T14:02:15Z	25097.00000	1555.06185	1538.03611	1524.94691
2025-08-12T14:02:15Z	25097.00000	1555.06128	1538.03675	1524.94736
2025-08-12T14:02:16Z	25097.00000	1555.06159	1538.03692	1524.94763
2025-08-12T14:02:16Z	25097.00000	1555.06220	1538.03711	1524.94711
2025-08-12T14:02:16Z	25097.00000	1555.06179	1538.03662	1524.94698
2025-08-12T14:02:16Z	25097.00000	1555.06171	1538.03654	1524.94723
2025-08-12T14:02:16Z	25097.00000	1555.06132	1538.03576	1524.94770
2025-08-12T14:02:16Z	25098.00000	1555.06137	1538.03757	1524.94758
2025-08-12T14:02:16Z	25098.00000	1555.06133	1538.03666	1524.94753
2025-08-12T14:02:16Z	25098.00000	1555.06155	1538.03685	1524.94768
2025-08-12T14:02:16Z	25098.00000	1555.06162	1538.03762	1524.94783
2025-08-12T14:02:16Z	25098.00000	1555.06212	1538.03736	1524.94706
2025-08-12T14:02:17Z	25098.00000	1555.06157	1538.03578	1524.94735
2025-08-12T14:02:17Z	25098.00000	1555.06172	1538.03637	1524.94721
2025-08-12T14:02:17Z	25098.00000	1555.06135	1538.03698	1524.94716
2025-08-12T14:02:17Z	25098.00000	1555.06127	1538.03564	1524.94761
2025-08-12T14:02:17Z	25098.00000	1555.06084	1538.03600	1524.94703
2025-08-12T14:02:17Z	25099.00000	1555.06099	1538.03713	1524.94714
2025-08-12T14:02:17Z	25099.00000	1555.06052	1538.03709	1524.94772
2025-08-12T14:02:17Z	25099.00000	1555.06126	1538.03639	1524.94709
2025-08-12T14:02:17Z	25099.00000	1555.06141	1538.03708	1524.94718
2025-08-12T14:02:17Z	25099.00000	1555.06192	1538.03582	1524.94773
2025-08-12T14:02:18Z	25099.00000	1555.06134	1538.03697	1524.94751
2025-08-12T14:02:18Z	25099.00000	1555.06089	1538.03663	1524.94724
2025-08-12T14:02:18Z	25099.00000	1555.06135	1538.03717	1524.94786
2025-08-12T14:02:18Z	25099.00000	1555.06111	1538.03679	1524.94777
2025-08-12T14:02:18Z	25099.00000	1555.06123	1538.03638	1524.94704
2025-08-12T14:02:18Z	25100.00000	1555.06145	1538.03596	1524.94722
2025-08-12T14:02:18Z	25100.00000	1555.06028	1538.03561	1524.94749
2025-08-12T14:02:18Z	25100.00000	1555.06065	1538.03597	1524.94680
2025-08-12T14:02:18Z	25100.00000	1555.06156	1538.03483	1524.94762
2025-08-12T14:02:18Z	25100.00000	1555.06087	1538.03702	1524.94770
2025-08-12T14:02:19Z	25100.00000	1555.06146	1538.03483	1524.94662
2025-08-12T14:02:19Z	25100.00000	1555.06057	1538.03634	1524.94789
2025-08-12T14:02:19Z	25100.00000	1555.06097	1538.03610	1524.94677
2025-08-12T14:02:19Z	25100.00000	1555.06082	1538.03562	1524.94693
2025-08-12T14:02:19Z	25100.00000	1555.06095	1538.03561	1524.94791
2025-08-12T14:02:19Z	25101.00000	1555.06096	1538.03480	1524.94760
2025-08-12T14:02:19Z	25101.00000	1555.06115	1538.03546	1524.94729
2025-08-12T14:02:19Z	25101.00000	1555.06072	1538.03622	1524.94703
2025-08-12T14:02:19Z	25101.00000	1555.06090	1538.03619	1524.94759
2025-08-12T14:02:20Z	25101.00000	1555.06085	1538.03632	1524.94757
2025-08-12T14:02:20Z	25101.00000	1555.06123	1538.03621	1524.94722
2025-08-12T14:02:20Z	25101.00000	1555.06100	1538.03574	1524.94733
2025-08-12T14:02:20Z	25101.00000	1555.06126	1538.03587	1524.94717
2025-08-12T14:02:20Z	25101.00000	1555.06071	1538.03514	1524.94723
2025-08-12T14:02:20Z	25102.00000	1555.06116	1538.03576	1524.94721
2025-08-12T14:02:20Z	25102.00000	1555.06075	1538.03670	1524.94729
2025-08-12T14:02:20Z	25102.00000	1555.06022	1538.03581	1524.94757
2025-08-12T14:02:20Z	25102.00000	1555.06038	1538.03520	1524.94713
2025-08-12T14:02:20Z	25102.00000	1555.06116	1538.03517	1524.94699
2025-08-12T14:02:21Z	25102.00000	1555.06036	1538.03595	1524.94739
2025-08-12T14:02:21Z	25102.00000	1555.05997	1538.03456	1524.94720
2025-08-12T14:02:21Z	25102.00000	1555.06099	1538.03456	1524.94727
2025-08-12T14:02:21Z	25102.00000	1555.06114	1538.03566	1524.94732
2025-08-12T14:02:21Z	25102.00000	1555.06058	1538.03399	1524.94727
2025-08-12T14:02:21Z	25103.00000	1555.06069	1538.03619	1524.94783
2025-08-12T14:02:21Z	25103.00000	1555.06063	1538.03469	1524.94744
2025-08-12T14:02:21Z	25103.00000	1555.06077	1538.03525	1524.94674
2025-08-12T14:02:21Z	25103.00000	1555.06052	1538.03394	1524.94766
2025-08-12T14:02:21Z	25103.00000	1555.06054	1538.03530	1524.94707
2025-08-12T14:02:22Z	25103.00000	1555.06094	1538.03529	1524.94752
2025-08-12T14:02:22Z	25103.00000	1555.06082	1538.03453	1524.94683
2025-08-12T14:02:22Z	25103.00000	1555.06064	1538.03651	1524.94727
2025-08-12T14:02:22Z	25103.00000	1555.06051	1538.03623	1524.94765
2025-08-12T14:02:22Z	25103.00000	1555.06053	1538.03594	1524.94742
2025-08-12T14:02:22Z	25104.00000	1555.06031	1538.03550	1524.94711
2025-08-12T14:02:22Z	25104.00000	1555.06023	1538.03566	1524.94761
2025-08-12T14:02:22Z	25104.00000	1555.06028	1538.03488	1524.94709
2025-08-12T14:02:22Z	25104.00000	1555.05958	1538.03470	1524.94764
2025-08-12T14:02:22Z	25104.00000	1555.06047	1538.03538	1524.94690
2025-08-12T14:02:23Z	25104.00000	1555.06080	1538.03434	1524.94822
2025-08-12T14:02:23Z	25104.00000	1555.05996	1538.03379	1524.94783
2025-08-12T14:02:23Z	25104.00000	1555.06051	1538.03572	1524.94793
2025-08-12T14:02:23Z	25104.00000	1555.05968	1538.03407	1524.94670
2025-08-12T14:02:23Z	25105.00000	1555.05959	1538.03484	1524.94747
2025-08-12T14:02:23Z	25105.00000	1555.05994	1538.03477	1524.94673
2025-08-12T14:02:23Z	25105.00000	1555.06001	1538.03431	1524.94712
2025-08-12T14:02:23Z	25105.00000	1555.05968	1538.03481	1524.94680
2025-08-12T14:02:24Z	25105.00000	1555.05948	1538.03390	1524.94700
2025-08-12T14:02:24Z	25105.00000	1555.06003	1538.03419	1524.94743
2025-08-12T14:02:24Z	25105.00000	1555.05997	1538.03358	1524.94671
2025-08-12T14:02:24Z	25105.00000	1555.16880	1538.20715	1524.94276
2025-08-12T14:02:24Z	25105.00000	1555.32433	1538.44924	1524.93792
2025-08-12T14:02:24Z	25106.00000	1555.45956	1538.67013	1524.94431
2025-08-12T14:02:24Z	25106.00000	1555.62762	1538.95299	1524.95154
2025-08-12T14:02:24Z	25106.00000	1555.74203	1539.14317	1524.94739
2025-08-12T14:02:24Z	25106.00000	1555.86648	1539.35212	1524.94884
2025-08-12T14:02:24Z	25106.00000	1555.98090	1539.54262	1524.94565
2025-08-12T14:02:25Z	25106.00000	1556.07273	1539.69180	1524.94821
2025-08-12T14:02:25Z	25106.00000	1556.14571	1539.81126	1524.94691
2025-08-12T14:02:25Z	25106.00000	1556.25074	1539.98867	1524.94861
2025-08-12T14:02:25Z	25106.00000	1556.32755	1540.10521	1524.94830
2025-08-12T14:02:25Z	25106.00000	1556.41871	1540.25451	1524.94981
2025-08-12T14:02:25Z	25107.00000	1556.49455	1540.37474	1524.95065
2025-08-12T14:02:25Z	25107.00000	1556.55177	1540.46242	1524.95251
2025-08-12T14:02:25Z	25107.00000	1556.59740	1540.53978	1524.95310
2025-08-12T14:02:25Z	25107.00000	1556.66005	1540.62905	1524.95322
2025-08-12T14:02:25Z	25107.00000	1556.69897	1540.68396	1524.95451
2025-08-12T14:02:26Z	25107.00000	1556.74990	1540.77501	1524.95596
2025-08-12T14:02:26Z	25107.00000	1556.79716	1540.83962	1524.95661
2025-08-12T14:02:26Z	25107.00000	1556.82605	1540.88636	1524.95773
2025-08-12T14:02:26Z	25107.00000	1556.85270	1540.93578	1524.95683
2025-08-12T14:02:26Z	25107.00000	1556.89023	1540.99452	1524.95920
2025-08-12T14:02:26Z	25108.00000	1556.91970	1541.03696	1524.95939
2025-08-12T14:02:26Z	25108.00000	1556.95087	1541.09814	1524.95967
2025-08-12T14:02:26Z	25108.00000	1556.97467	1541.12674	1524.96108
2025-08-12T14:02:26Z	25108.00000	1557.00428	1541.17209	1524.95963
2025-08-12T14:02:27Z	25108.00000	1557.01735	1541.19130	1524.96135
2025-08-12T14:02:27Z	25108.00000	1557.02587	1541.20378	1524.96063
2025-08-12T14:02:27Z	25108.00000	1557.03713	1541.21818	1524.96131
2025-08-12T14:02:27Z	25108.00000	1557.04506	1541.22974	1524.96127
2025-08-12T14:02:27Z	25108.00000	1557.05077	1541.24238	1524.96158
2025-08-12T14:02:27Z	25109.00000	1557.05640	1541.26535	1524.96161
2025-08-12T14:02:27Z	25109.00000	1557.06070	1541.27246	1524.96117
2025-08-12T14:02:27Z	25109.00000	1557.06562	1541.27500	1524.96152
2025-08-12T14:02:27Z	25109.00000	1557.06832	1541.28307	1524.96145
2025-08-12T14:02:27Z	25109.00000	1557.07049	1541.28792	1524.96179
2025-08-12T14:02:28Z	25109.00000	1557.07317	1541.28912	1524.96263
2025-08-12T14:02:28Z	25109.00000	1555.34770	1538.45676	1524.93963
2025-08-12T14:02:28Z	25109.00000	1555.12049	1538.13390	1524.93461
2025-08-12T14:02:28Z	25109.00000	1555.08720	1538.08069	1524.94840
2025-08-12T14:02:28Z	25109.00000	1555.08305	1538.07210	1524.94625
2025-08-12T14:02:28Z	25110.00000	1555.08155	1538.07049	1524.94763
2025-08-12T14:02:28Z	25110.00000	1555.07958	1538.06528	1524.94597
2025-08-12T14:02:28Z	25110.00000	1555.07923	1538.06891	1524.94928
2025-08-12T14:02:28Z	25110.00000	1555.07835	1538.06377	1524.94821
2025-08-12T14:02:28Z	25110.00000	1555.07813	1538.06370	1524.94893
2025-08-12T14:02:29Z	25110.00000	1555.07669	1538.06151	1524.94799
2025-08-12T14:02:29Z	25110.00000	1555.07564	1538.06105	1524.94798
2025-08-12T14:02:29Z	25110.00000	1555.07428	1538.05935	1524.94713
2025-08-12T14:02:29Z	25110.00000	1555.07545	1538.05912	1524.94967
2025-08-12T14:02:29Z	25110.00000	1555.07387	1538.05679	1524.94714
2025-08-12T14:02:29Z	25111.00000	1555.07334	1538.05544	1524.94908
2025-08-12T14:02:29Z	25111.00000	1555.07374	1538.05550	1524.94739
2025-08-12T14:02:29Z	25111.00000	1555.07360	1538.05723	1524.95125
2025-08-12T14:02:29Z	25111.00000	1555.07053	1538.05405	1524.94631
2025-08-12T14:02:29Z	25111.00000	1555.07114	1538.05364	1524.94872
2025-08-12T14:02:30Z	25111.00000	1555.07014	1538.05338	1524.94725
2025-08-12T14:02:30Z	25111.00000	1555.07041	1538.05335	1524.94849
2025-08-12T14:02:30Z	25111.00000	1555.07047	1538.05326	1524.94908
2025-08-12T14:02:30Z	25111.00000	1555.07009	1538.05120	1524.94813
2025-08-12T14:02:30Z	25111.00000	1555.06939	1538.05123	1524.94761
2025-08-12T14:02:30Z	25112.00000	1555.07003	1538.05124	1524.94829
2025-08-12T14:02:30Z	25112.00000	1555.06980	1538.05082	1524.94786
2025-08-12T14:02:30Z	25112.00000	1555.06924	1538.05042	1524.94786
2025-08-12T14:02:30Z	25112.00000	1555.06839	1538.05001	1524.94792
2025-08-12T14:02:30Z	25112.00000	1555.06912	1538.04969	1524.94750
2025-08-12T14:02:31Z	25112.00000	1555.06866	1538.05124	1524.94772
2025-08-12T14:02:31Z	25112.00000	1555.06817	1538.05046	1524.94789
2025-08-12T14:02:31Z	25112.00000	1555.06833	1538.04888	1524.94753
2025-08-12T14:02:31Z	25112.00000	1555.06835	1538.04975	1524.94767
2025-08-12T14:02:31Z	25112.00000	1555.06770	1538.05058	1524.94750
2025-08-12T14:02:31Z	25113.00000	1555.06802	1538.04831	1524.94789
2025-08-12T14:02:31Z	25113.00000	1555.06757	1538.04963	1524.94767
2025-08-12T14:02:31Z	25113.00000	1555.06765	1538.04844	1524.94799
2025-08-12T14:02:31Z	25113.00000	1555.06689	1538.04826	1524.94741
2025-08-12T14:02:31Z	25113.00000	1555.06733	1538.04677	1524.94749
2025-08-12T14:02:32Z	25113.00000	1555.06672	1538.04879	1524.94759
2025-08-12T14:02:32Z	25113.00000	1555.06666	1538.04757	1524.94785
2025-08-12T14:02:32Z	25113.00000	1555.06650	1538.04624	1524.94729
2025-08-12T14:02:32Z	25113.00000	1555.06611	1538.04662	1524.94771
2025-08-12T14:02:32Z	25113.00000	1555.06643	1538.04737	1524.94809
2025-08-12T14:02:32Z	25114.00000	1555.06622	1538.04552	1524.94654
2025-08-12T14:02:32Z	25114.00000	1555.06645	1538.04529	1524.94778
2025-08-12T14:02:32Z	25114.00000	1555.06613	1538.04441	1524.94779
2025-08-12T14:02:32Z	25114.00000	1555.06532	1538.04438	1524.94770
2025-08-12T14:02:32Z	25114.00000	1555.06580	1538.04435	1524.94712
2025-08-12T14:02:33Z	25114.00000	1555.06570	1538.04435	1524.94738
2025-08-12T14:02:33Z	25114.00000	1555.06559	1538.04429	1524.94826
2025-08-12T14:02:33Z	25114.00000	1555.06493	1538.04312	1524.94747
2025-08-12T14:02:33Z	25114.00000	1555.06532	1538.04343	1524.94735
2025-08-12T14:02:33Z	25114.00000	1555.24436	1538.31569	1524.93614
2025-08-12T14:02:33Z	25115.00000	1555.38053	1538.55138	1524.94202
2025-08-12T14:02:33Z	25115.00000	1555.54216	1538.80860	1524.93999
2025-08-12T14:02:33Z	25115.00000	1555.64319	1538.97709	1524.95146
2025-08-12T14:02:33Z	25115.00000	1555.75669	1539.16980	1524.94457
2025-08-12T14:02:33Z	25115.00000	1555.96362	1539.50870	1524.94724
2025-08-12T14:02:34Z	25115.00000	1556.05417	1539.66436	1524.94894
2025-08-12T14:02:34Z	25115.00000	1556.14354	1539.80662	1524.94818
2025-08-12T14:02:34Z	25115.00000	1556.23560	1539.95885	1524.94850
2025-08-12T14:02:34Z	25115.00000	1556.33911	1540.11866	1524.94877
2025-08-12T14:02:34Z	25116.00000	1556.40559	1540.23098	1524.94901
2025-08-12T14:02:34Z	25116.00000	1556.47297	1540.32916	1524.95114
2025-08-12T14:02:34Z	25116.00000	1556.58820	1540.51343	1524.95309
2025-08-12T14:02:34Z	25116.00000	1556.66020	1540.62664	1524.95406
2025-08-12T14:02:34Z	25116.00000	1556.70027	1540.68435	1524.95370
2025-08-12T14:02:35Z	25116.00000	1556.75691	1540.78445	1524.95592
2025-08-12T14:02:35Z	25116.00000	1556.79469	1540.83324	1524.95511
2025-08-12T14:02:35Z	25116.00000	1556.82832	1540.90049	1524.95687
2025-08-12T14:02:35Z	25116.00000	1556.87092	1540.96457	1524.95774
2025-08-12T14:02:35Z	25117.00000	1556.90168	1541.01083	1524.95845
2025-08-12T14:02:35Z	25117.00000	1556.92235	1541.04260	1524.95873
2025-08-12T14:02:35Z	25117.00000	1556.94603	1541.09095	1524.95945
2025-08-12T14:02:35Z	25117.00000	1556.97780	1541.12885	1524.95974
2025-08-12T14:02:35Z	25117.00000	1556.99122	1541.14799	1524.95931
2025-08-12T14:02:36Z	25117.00000	1557.00952	1541.18002	1524.96095
2025-08-12T14:02:36Z	25117.00000	1557.02653	1541.19950	1524.96213
2025-08-12T14:02:36Z	25117.00000	1557.03617	1541.21329	1524.96206
2025-08-12T14:02:36Z	25117.00000	1557.04566	1541.23124	1524.96102
2025-08-12T14:02:36Z	25117.00000	1557.05219	1541.24107	1524.96223
2025-08-12T14:02:36Z	25118.00000	1557.06288	1541.27287	1524.96188
2025-08-12T14:02:36Z	25118.00000	1557.06935	1541.28192	1524.96137
2025-08-12T14:02:36Z	25118.00000	1557.07509	1541.29200	1524.96182
2025-08-12T14:02:37Z	25118.00000	1557.07782	1541.29399	1524.96192
2025-08-12T14:02:37Z	25118.00000	1557.07994	1541.29767	1524.96184
2025-08-12T14:02:37Z	25118.00000	1555.37251	1538.57587	1524.96867
2025-08-12T14:02:37Z	25118.00000	1555.12326	1538.14077	1524.93705
2025-08-12T14:02:37Z	25118.00000	1555.08696	1538.08101	1524.94440
2025-08-12T14:02:37Z	25119.00000	1555.08738	1538.08013	1524.95121
2025-08-12T14:02:37Z	25119.00000	1555.08428	1538.07553	1524.94749
2025-08-12T14:02:37Z	25119.00000	1555.08264	1538.07511	1524.94826
2025-08-12T14:02:37Z	25119.00000	1555.08100	1538.06906	1524.94689
2025-08-12T14:02:38Z	25119.00000	1555.07934	1538.06672	1524.94751
2025-08-12T14:02:38Z	25119.00000	1555.07839	1538.06629	1524.94801
2025-08-12T14:02:38Z	25119.00000	1555.07779	1538.06272	1524.94759
2025-08-12T14:02:38Z	25119.00000	1555.07722	1538.06089	1524.94841
2025-08-12T14:02:38Z	25120.00000	1555.07718	1538.06220	1524.94805
2025-08-12T14:02:38Z	25120.00000	1555.07564	1538.06099	1524.94747
2025-08-12T14:02:38Z	25120.00000	1555.07389	1538.05952	1524.94785
2025-08-12T14:02:38Z	25120.00000	1555.07415	1538.05596	1524.94578
2025-08-12T14:02:39Z	25120.00000	1555.07461	1538.05837	1524.94855
2025-08-12T14:02:39Z	25120.00000	1555.07318	1538.05727	1524.94865
2025-08-12T14:02:39Z	25120.00000	1555.07381	1538.05690	1524.94778
2025-08-12T14:02:39Z	25120.00000	1555.07311	1538.05809	1524.94828
2025-08-12T14:02:39Z	25120.00000	1555.07257	1538.05534	1524.94777
2025-08-12T14:02:39Z	25121.00000	1555.07253	1538.05582	1524.94795
2025-08-12T14:02:39Z	25121.00000	1555.07196	1538.05281	1524.94885
2025-08-12T14:02:39Z	25121.00000	1555.07182	1538.05473	1524.94815
2025-08-12T14:02:39Z	25121.00000	1555.07259	1538.05490	1524.94755
2025-08-12T14:02:39Z	25121.00000	1555.07077	1538.05222	1524.94807
2025-08-12T14:02:40Z	25121.00000	1555.07073	1538.05266	1524.94848
2025-08-12T14:02:40Z	25121.00000	1555.07130	1538.05210	1524.94810
2025-08-12T14:02:40Z	25121.00000	1555.07066	1538.05216	1524.94754
2025-08-12T14:02:40Z	25121.00000	1555.06970	1538.05133	1524.94806
2025-08-12T14:02:40Z	25121.00000	1555.06953	1538.05107	1524.94840
2025-08-12T14:02:40Z	25122.00000	1555.07097	1538.05134	1524.94809
2025-08-12T14:02:40Z	25122.00000	1555.06997	1538.05109	1524.94754
2025-08-12T14:02:40Z	25122.00000	1555.06931	1538.05124	1524.94732
2025-08-12T14:02:40Z	25122.00000	1555.06854	1538.05066	1524.94732
2025-08-12T14:02:40Z	25122.00000	1555.06996	1538.05041	1524.94760
2025-08-12T14:02:41Z	25122.00000	1555.06938	1538.05053	1524.94780
2025-08-12T14:02:41Z	25122.00000	1555.06861	1538.04971	1524.94796
2025-08-12T14:02:41Z	25122.00000	1555.06882	1538.04998	1524.94860
2025-08-12T14:02:41Z	25122.00000	1555.07018	1538.05038	1524.94875
2025-08-12T14:02:41Z	25122.00000	1555.06798	1538.04980	1524.94822
2025-08-12T14:02:41Z	25123.00000	1555.06877	1538.04956	1524.94762
2025-08-12T14:02:41Z	25123.00000	1555.06837	1538.05011	1524.94758
2025-08-12T14:02:41Z	25123.00000	1555.06782	1538.05011	1524.94784
2025-08-12T14:02:41Z	25123.00000	1555.06772	1538.04776	1524.94749
2025-08-12T14:02:42Z	25123.00000	1555.06761	1538.04895	1524.94789
2025-08-12T14:02:42Z	25123.00000	1555.06657	1538.04735	1524.94735
2025-08-12T14:02:42Z	25123.00000	1555.21258	1538.29307	1524.96503
2025-08-12T14:02:42Z	25123.00000	1555.37303	1538.53140	1524.94599
2025-08-12T14:02:42Z	25124.00000	1555.48466	1538.71787	1524.95757
2025-08-12T14:02:42Z	25124.00000	1555.63116	1538.95369	1524.94725
2025-08-12T14:02:42Z	25124.00000	1555.74297	1539.14734	1524.95194
2025-08-12T14:02:42Z	25124.00000	1555.86967	1539.35487	1524.94637
2025-08-12T14:02:42Z	25124.00000	1555.95551	1539.49382	1524.94353
2025-08-12T14:02:43Z	25124.00000	1556.12685	1539.77248	1524.94579
2025-08-12T14:02:43Z	25124.00000	1556.22122	1539.93610	1524.94794
2025-08-12T14:02:43Z	25124.00000	1556.31489	1540.08506	1524.94992
2025-08-12T14:02:43Z	25125.00000	1556.45320	1540.29961	1524.95051
2025-08-12T14:02:43Z	25125.00000	1556.51599	1540.40469	1524.95189
2025-08-12T14:02:43Z	25125.00000	1556.57193	1540.48773	1524.95283
2025-08-12T14:02:43Z	25125.00000	1556.64703	1540.60453	1524.95309
2025-08-12T14:02:43Z	25125.00000	1556.70202	1540.68907	1524.95442
2025-08-12T14:02:44Z	25125.00000	1556.75356	1540.78034	1524.95437
2025-08-12T14:02:44Z	25125.00000	1556.78612	1540.82833	1524.95573
2025-08-12T14:02:44Z	25125.00000	1556.85392	1540.93908	1524.95758
2025-08-12T14:02:44Z	25125.00000	1556.89335	1541.00052	1524.95841
2025-08-12T14:02:44Z	25126.00000	1556.92410	1541.04430	1524.95826
2025-08-12T14:02:44Z	25126.00000	1556.94339	1541.08769	1524.95802
2025-08-12T14:02:44Z	25126.00000	1556.97529	1541.12612	1524.95967
2025-08-12T14:02:44Z	25126.00000	1556.99180	1541.14896	1524.95948
2025-08-12T14:02:44Z	25126.00000	1557.00805	1541.17827	1524.96079
2025-08-12T14:02:45Z	25126.00000	1557.02170	1541.19564	1524.96042
2025-08-12T14:02:45Z	25126.00000	1557.03544	1541.21344	1524.96063
2025-08-12T14:02:45Z	25126.00000	1557.04581	1541.23068	1524.96121
2025-08-12T14:02:45Z	25126.00000	1557.05514	1541.24871	1524.96216
2025-08-12T14:02:45Z	25126.00000	1557.06228	1541.27163	1524.96139
2025-08-12T14:02:45Z	25127.00000	1557.06845	1541.28230	1524.96246
2025-08-12T14:02:45Z	25127.00000	1557.07153	1541.28865	1524.96066
2025-08-12T14:02:45Z	25127.00000	1557.07682	1541.28956	1524.96185
2025-08-12T14:02:45Z	25127.00000	1557.08016	1541.29656	1524.96231
2025-08-12T14:02:45Z	25127.00000	1557.08245	1541.30243	1524.96203
2025-08-12T14:02:46Z	25127.00000	1557.08521	1541.30828	1524.96316
2025-08-12T14:02:46Z	25127.00000	1555.43291	1538.63746	1524.93681
2025-08-12T14:02:46Z	25127.00000	1555.13280	1538.15554	1524.93198
2025-08-12T14:02:46Z	25127.00000	1555.09024	1538.08598	1524.94586
2025-08-12T14:02:46Z	25127.00000	1555.08840	1538.08411	1524.94701
2025-08-12T14:02:46Z	25128.00000	1555.08576	1538.07748	1524.94699
2025-08-12T14:02:46Z	25128.00000	1555.08348	1538.07488	1524.94529
2025-08-12T14:02:46Z	25128.00000	1555.08391	1538.07377	1524.94935
2025-08-12T14:02:46Z	25128.00000	1555.08126	1538.07090	1524.94623
2025-08-12T14:02:46Z	25128.00000	1555.08214	1538.07196	1524.94867
2025-08-12T14:02:47Z	25128.00000	1555.08022	1538.06783	1524.94880
2025-08-12T14:02:47Z	25128.00000	1555.07871	1538.06712	1524.94788
2025-08-12T14:02:47Z	25128.00000	1555.07919	1538.06438	1524.94802
2025-08-12T14:02:47Z	25128.00000	1555.07792	1538.06332	1524.94734
2025-08-12T14:02:47Z	25129.00000	1555.07773	1538.06240	1524.94869
2025-08-12T14:02:47Z	25129.00000	1555.07663	1538.06284	1524.94736
2025-08-12T14:02:47Z	25129.00000	1555.07555	1538.05922	1524.94609
2025-08-12T14:02:47Z	25129.00000	1555.07567	1538.06185	1524.94882
2025-08-12T14:02:48Z	25129.00000	1555.07384	1538.05895	1524.94707
2025-08-12T14:02:48Z	25129.00000	1555.07500	1538.05869	1524.94808
2025-08-12T14:02:48Z	25129.00000	1555.07520	1538.05923	1524.94867
2025-08-12T14:02:48Z	25129.00000	1555.07408	1538.05758	1524.94794
2025-08-12T14:02:48Z	25130.00000	1555.07346	1538.05689	1524.94754
2025-08-12T14:02:48Z	25130.00000	1555.07365	1538.05734	1524.94768
2025-08-12T14:02:48Z	25130.00000	1555.07365	1538.05539	1524.94765
2025-08-12T14:02:48Z	25130.00000	1555.07282	1538.05536	1524.94754
2025-08-12T14:02:48Z	25130.00000	1555.07339	1538.05535	1524.94815
2025-08-12T14:02:48Z	25130.00000	1555.07301	1538.05433	1524.94821
2025-08-12T14:02:49Z	25130.00000	1555.07280	1538.05495	1524.94824
2025-08-12T14:02:49Z	25130.00000	1555.07161	1538.05364	1524.94826
2025-08-12T14:02:49Z	25130.00000	1555.07232	1538.05387	1524.94779
2025-08-12T14:02:49Z	25130.00000	1555.07139	1538.05257	1524.94790
2025-08-12T14:02:49Z	25131.00000	1555.07118	1538.05450	1524.94796
2025-08-12T14:02:49Z	25131.00000	1555.07066	1538.05311	1524.94770
2025-08-12T14:02:49Z	25131.00000	1555.07059	1538.05266	1524.94783
2025-08-12T14:02:50Z	25131.00000	1555.07054	1538.05177	1524.94739
2025-08-12T14:02:50Z	25131.00000	1555.07018	1538.05300	1524.94710
2025-08-12T14:02:50Z	25131.00000	1555.07078	1538.05098	1524.94702
2025-08-12T14:02:50Z	25131.00000	1555.06978	1538.05197	1524.94716
2025-08-12T14:02:50Z	25131.00000	1555.06967	1538.05146	1524.94731
2025-08-12T14:02:50Z	25132.00000	1555.06968	1538.05010	1524.94747
2025-08-12T14:02:50Z	25132.00000	1555.06935	1538.05211	1524.94785
2025-08-12T14:02:50Z	25132.00000	1555.06910	1538.04996	1524.94780
2025-08-12T14:02:50Z	25132.00000	1555.06951	1538.05030	1524.94828
2025-08-12T14:02:50Z	25132.00000	1555.07032	1538.04935	1524.94857
2025-08-12T14:02:51Z	25132.00000	1555.06889	1538.04965	1524.94723
2025-08-12T14:02:51Z	25132.00000	1555.06842	1538.04897	1524.94692
2025-08-12T14:02:51Z	25132.00000	1555.23231	1538.30451	1524.94970
2025-08-12T14:02:51Z	25132.00000	1555.35554	1538.50693	1524.96010
2025-08-12T14:02:51Z	25133.00000	1555.51682	1538.76548	1524.94692
2025-08-12T14:02:51Z	25133.00000	1555.64726	1538.98083	1524.95063
2025-08-12T14:02:51Z	25133.00000	1555.77935	1539.19794	1524.95026
2025-08-12T14:02:51Z	25133.00000	1555.88739	1539.38001	1524.94629
2025-08-12T14:02:51Z	25133.00000	1556.01933	1539.59084	1524.94466
2025-08-12T14:02:52Z	25133.00000	1556.13682	1539.78669	1524.94833
2025-08-12T14:02:52Z	25133.00000	1556.20481	1539.90547	1524.94641
2025-08-12T14:02:52Z	25133.00000	1556.28582	1540.03614	1524.94942
2025-08-12T14:02:52Z	25133.00000	1556.42361	1540.26108	1524.95066
2025-08-12T14:02:52Z	25134.00000	1556.54920	1540.45401	1524.95196
2025-08-12T14:02:52Z	25134.00000	1556.60316	1540.54277	1524.95257
2025-08-12T14:02:52Z	25134.00000	1556.65854	1540.62163	1524.95352
2025-08-12T14:02:52Z	25134.00000	1556.70570	1540.69301	1524.95412
2025-08-12T14:02:53Z	25134.00000	1556.75047	1540.76915	1524.95590
2025-08-12T14:02:53Z	25134.00000	1556.79381	1540.82904	1524.95757
2025-08-12T14:02:53Z	25134.00000	1556.83996	1540.91259	1524.95874
2025-08-12T14:02:53Z	25134.00000	1556.87478	1540.96880	1524.95589
2025-08-12T14:02:53Z	25135.00000	1556.92801	1541.04659	1524.95855
2025-08-12T14:02:53Z	25135.00000	1556.95016	1541.09361	1524.95887
2025-08-12T14:02:53Z	25135.00000	1556.97153	1541.11799	1524.96034
2025-08-12T14:02:53Z	25135.00000	1556.99581	1541.15113	1524.96018
2025-08-12T14:02:53Z	25135.00000	1557.01399	1541.18199	1524.96046
2025-08-12T14:02:54Z	25135.00000	1557.02946	1541.20123	1524.96142
2025-08-12T14:02:54Z	25135.00000	1557.03951	1541.21524	1524.96123
2025-08-12T14:02:54Z	25135.00000	1557.04667	1541.22810	1524.95979
2025-08-12T14:02:54Z	25135.00000	1557.05361	1541.24338	1524.96169
2025-08-12T14:02:54Z	25135.00000	1557.06219	1541.26776	1524.96214
2025-08-12T14:02:54Z	25136.00000	1557.06798	1541.27793	1524.96143
2025-08-12T14:02:54Z	25136.00000	1557.07361	1541.28378	1524.96225
2025-08-12T14:02:54Z	25136.00000	1557.07727	1541.28782	1524.96220
2025-08-12T14:02:54Z	25136.00000	1557.08037	1541.29028	1524.96223
2025-08-12T14:02:54Z	25136.00000	1557.08138	1541.29466	1524.96183
2025-08-12T14:02:54Z	25136.00000	1557.08359	1541.30076	1524.96158
2025-08-12T14:02:55Z	25136.00000	1557.08591	1541.30218	1524.96238
2025-08-12T14:02:55Z	25136.00000	1557.08736	1541.30775	1524.96311
2025-08-12T14:02:55Z	25136.00000	1555.27923	1538.36028	1524.93297
2025-08-12T14:02:55Z	25137.00000	1555.09063	1538.08689	1524.94622
2025-08-12T14:02:55Z	25137.00000	1555.08705	1538.07989	1524.94613
2025-08-12T14:02:55Z	25137.00000	1555.08485	1538.07548	1524.94377
2025-08-12T14:02:55Z	25137.00000	1555.08462	1538.07714	1524.94890
2025-08-12T14:02:55Z	25137.00000	1555.08216	1538.07269	1524.94528
2025-08-12T14:02:55Z	25137.00000	1555.08272	1538.07105	1524.94687
2025-08-12T14:02:56Z	25137.00000	1555.08309	1538.07392	1524.94884
2025-08-12T14:02:56Z	25137.00000	1555.08075	1538.06887	1524.94696
2025-08-12T14:02:56Z	25137.00000	1555.08127	1538.06855	1524.94801
2025-08-12T14:02:56Z	25137.00000	1555.08010	1538.06777	1524.94801
2025-08-12T14:02:56Z	25138.00000	1555.07861	1538.06536	1524.94731
2025-08-12T14:02:56Z	25138.00000	1555.07950	1538.06532	1524.94922
2025-08-12T14:02:56Z	25138.00000	1555.07587	1538.06092	1524.94550
2025-08-12T14:02:56Z	25138.00000	1555.07841	1538.06420	1524.94946
2025-08-12T14:02:57Z	25138.00000	1555.07772	1538.06014	1524.94932
2025-08-12T14:02:57Z	25138.00000	1555.07648	1538.06078	1524.94952
2025-08-12T14:02:57Z	25138.00000	1555.07643	1538.06000	1524.94888
2025-08-12T14:02:57Z	25138.00000	1555.07537	1538.05912	1524.94924
2025-08-12T14:02:57Z	25139.00000	1555.07500	1538.05902	1524.94802
2025-08-12T14:02:57Z	25139.00000	1555.07507	1538.05911	1524.94889
2025-08-12T14:02:57Z	25139.00000	1555.07436	1538.05820	1524.94817
2025-08-12T14:02:57Z	25139.00000	1555.07447	1538.05812	1524.94802
2025-08-12T14:02:57Z	25139.00000	1555.07322	1538.05716	1524.94753
2025-08-12T14:02:58Z	25139.00000	1555.07397	1538.05677	1524.94806
2025-08-12T14:02:58Z	25139.00000	1555.07290	1538.05576	1524.94845
2025-08-12T14:02:58Z	25139.00000	1555.07301	1538.05431	1524.94857
2025-08-12T14:02:58Z	25139.00000	1555.07301	1538.05442	1524.94813
2025-08-12T14:02:58Z	25140.00000	1555.07259	1538.05450	1524.94813
2025-08-12T14:02:58Z	25140.00000	1555.07268	1538.05570	1524.94840
2025-08-12T14:02:58Z	25140.00000	1555.07177	1538.05339	1524.94769
2025-08-12T14:02:58Z	25140.00000	1555.07245	1538.05474	1524.94891
2025-08-12T14:02:58Z	25140.00000	1555.07195	1538.05361	1524.94849
2025-08-12T14:02:59Z	25140.00000	1555.07206	1538.05541	1524.94828
2025-08-12T14:02:59Z	25140.00000	1555.07224	1538.05352	1524.94805
2025-08-12T14:02:59Z	25140.00000	1555.07178	1538.05313	1524.94799
2025-08-12T14:02:59Z	25140.00000	1555.07070	1538.05224	1524.94727
2025-08-12T14:02:59Z	25140.00000	1555.07132	1538.05345	1524.94771
2025-08-12T14:02:59Z	25141.00000	1555.07181	1538.05328	1524.94813
2025-08-12T14:02:59Z	25141.00000	1555.07080	1538.05275	1524.94780
2025-08-12T14:02:59Z	25141.00000	1555.07063	1538.05250	1524.94792
2025-08-12T14:02:59Z	25141.00000	1555.07093	1538.05196	1524.94855
2025-08-12T14:02:59Z	25141.00000	1555.06978	1538.05133	1524.94754
2025-08-12T14:02:59Z	25141.00000	1555.07105	1538.05207	1524.94757
2025-08-12T14:03:00Z	25141.00000	1555.07084	1538.05120	1524.94778
2025-08-12T14:03:00Z	25141.00000	1555.07032	1538.05119	1524.94789
2025-08-12T14:03:00Z	25141.00000	1555.19819	1538.24008	1524.93435
2025-08-12T14:03:00Z	25141.00000	1555.37434	1538.53337	1524.94251
2025-08-12T14:03:00Z	25142.00000	1555.48613	1538.72169	1524.95647
2025-08-12T14:03:00Z	25142.00000	1555.61503	1538.92790	1524.94787
2025-08-12T14:03:00Z	25142.00000	1555.76657	1539.18232	1524.94325
2025-08-12T14:03:00Z	25142.00000	1555.93916	1539.47049	1524.94879
2025-08-12T14:03:01Z	25142.00000	1556.12646	1539.76745	1524.94710
2025-08-12T14:03:01Z	25142.00000	1556.21920	1539.92680	1524.94944
2025-08-12T14:03:01Z	25142.00000	1556.38338	1540.19433	1524.94980
2025-08-12T14:03:01Z	25143.00000	1556.46253	1540.31113	1524.95188
2025-08-12T14:03:01Z	25143.00000	1556.53405	1540.42855	1524.95279
2025-08-12T14:03:01Z	25143.00000	1556.59778	1540.53642	1524.95387
2025-08-12T14:03:01Z	25143.00000	1556.66236	1540.62718	1524.95496
2025-08-12T14:03:01Z	25143.00000	1556.70804	1540.69498	1524.95483
2025-08-12T14:03:02Z	25143.00000	1556.75980	1540.78622	1524.95657
2025-08-12T14:03:02Z	25143.00000	1556.80235	1540.84267	1524.95725
2025-08-12T14:03:02Z	25143.00000	1556.84941	1540.92540	1524.95725
2025-08-12T14:03:02Z	25143.00000	1556.87967	1540.97393	1524.95741
2025-08-12T14:03:02Z	25144.00000	1556.90105	1541.00699	1524.95734
2025-08-12T14:03:02Z	25144.00000	1556.92845	1541.04529	1524.95922
2025-08-12T14:03:02Z	25144.00000	1556.95053	1541.09204	1524.95891
2025-08-12T14:03:02Z	25144.00000	1556.97497	1541.12449	1524.96101
2025-08-12T14:03:02Z	25144.00000	1556.99380	1541.14321	1524.96067
2025-08-12T14:03:03Z	25144.00000	1557.01517	1541.18287	1524.96166
2025-08-12T14:03:03Z	25144.00000	1557.03244	1541.20457	1524.96156
2025-08-12T14:03:03Z	25144.00000	1557.04306	1541.22084	1524.96088
2025-08-12T14:03:03Z	25144.00000	1557.05129	1541.23481	1524.96261
2025-08-12T14:03:03Z	25144.00000	1557.05829	1541.25010	1524.96231
2025-08-12T14:03:03Z	25145.00000	1557.06439	1541.26945	1524.96161
2025-08-12T14:03:03Z	25145.00000	1557.07286	1541.27889	1524.96197
2025-08-12T14:03:03Z	25145.00000	1557.07563	1541.28477	1524.96260
2025-08-12T14:03:03Z	25145.00000	1557.08098	1541.29074	1524.96134
2025-08-12T14:03:03Z	25145.00000	1557.08340	1541.29423	1524.96168
2025-08-12T14:03:03Z	25145.00000	1557.08399	1541.30100	1524.96056
2025-08-12T14:03:04Z	25145.00000	1557.08756	1541.30158	1524.96139
2025-08-12T14:03:04Z	25145.00000	1555.70624	1539.08504	1524.98746
2025-08-12T14:03:04Z	25145.00000	1555.16722	1538.20199	1524.96184
2025-08-12T14:03:04Z	25145.00000	1555.09227	1538.08744	1524.94180
2025-08-12T14:03:04Z	25145.00000	1555.08875	1538.08408	1524.94421
2025-08-12T14:03:04Z	25146.00000	1555.08805	1538.08120	1524.94688
2025-08-12T14:03:04Z	25146.00000	1555.08793	1538.08160	1524.95122
2025-08-12T14:03:04Z	25146.00000	1555.08435	1538.07861	1524.94969
2025-08-12T14:03:04Z	25146.00000	1555.08441	1538.07502	1524.94980
2025-08-12T14:03:05Z	25146.00000	1555.08276	1538.07218	1524.94734
2025-08-12T14:03:05Z	25146.00000	1555.08156	1538.07056	1524.94699
2025-08-12T14:03:05Z	25146.00000	1555.08190	1538.06831	1524.94842
2025-08-12T14:03:05Z	25146.00000	1555.08102	1538.06887	1524.94885
2025-08-12T14:03:05Z	25146.00000	1555.08037	1538.06761	1524.94812
2025-08-12T14:03:05Z	25147.00000	1555.07965	1538.06588	1524.94781
2025-08-12T14:03:05Z	25147.00000	1555.07902	1538.06606	1524.94816
2025-08-12T14:03:05Z	25147.00000	1555.07724	1538.06484	1524.94723
2025-08-12T14:03:05Z	25147.00000	1555.07698	1538.06308	1524.94623
2025-08-12T14:03:05Z	25147.00000	1555.07816	1538.06384	1524.94949
2025-08-12T14:03:06Z	25147.00000	1555.07686	1538.06232	1524.94740
2025-08-12T14:03:06Z	25147.00000	1555.07609	1538.06147	1524.94715
2025-08-12T14:03:06Z	25147.00000	1555.07677	1538.06129	1524.94861
2025-08-12T14:03:06Z	25147.00000	1555.07603	1538.06107	1524.94885
2025-08-12T14:03:06Z	25147.00000	1555.07445	1538.05925	1524.94808
2025-08-12T14:03:06Z	25148.00000	1555.07502	1538.05946	1524.94788
2025-08-12T14:03:06Z	25148.00000	1555.07455	1538.05924	1524.94822
2025-08-12T14:03:06Z	25148.00000	1555.07470	1538.05795	1524.94780
2025-08-12T14:03:06Z	25148.00000	1555.07381	1538.05932	1524.94795
2025-08-12T14:03:07Z	25148.00000	1555.07320	1538.05712	1524.94797
2025-08-12T14:03:07Z	25148.00000	1555.07396	1538.05805	1524.94767
2025-08-12T14:03:07Z	25148.00000	1555.07388	1538.05658	1524.94777
2025-08-12T14:03:07Z	25148.00000	1555.07317	1538.05684	1524.94866
2025-08-12T14:03:07Z	25148.00000	1555.07296	1538.05555	1524.94793
2025-08-12T14:03:07Z	25149.00000	1555.07320	1538.05563	1524.94794
2025-08-12T14:03:07Z	25149.00000	1555.07304	1538.05459	1524.94810
2025-08-12T14:03:07Z	25149.00000	1555.07300	1538.05338	1524.94837
2025-08-12T14:03:07Z	25149.00000	1555.07291	1538.05546	1524.94822
2025-08-12T14:03:07Z	25149.00000	1555.07281	1538.05424	1524.94787
2025-08-12T14:03:08Z	25149.00000	1555.07174	1538.05265	1524.94838
2025-08-12T14:03:08Z	25149.00000	1555.07193	1538.05333	1524.94868
2025-08-12T14:03:08Z	25149.00000	1555.07166	1538.05343	1524.94856
2025-08-12T14:03:08Z	25149.00000	1555.07133	1538.05328	1524.94832
2025-08-12T14:03:08Z	25150.00000	1555.07147	1538.05264	1524.94836
2025-08-12T14:03:08Z	25150.00000	1555.07073	1538.05254	1524.94802
2025-08-12T14:03:08Z	25150.00000	1555.07055	1538.05275	1524.94774
2025-08-12T14:03:08Z	25150.00000	1555.07052	1538.05232	1524.94772
2025-08-12T14:03:08Z	25150.00000	1555.07096	1538.05255	1524.94752
2025-08-12T14:03:09Z	25150.00000	1555.07056	1538.05258	1524.94769
2025-08-12T14:03:09Z	25150.00000	1555.06967	1538.05129	1524.94854
2025-08-12T14:03:09Z	25150.00000	1555.07050	1538.05129	1524.94833
2025-08-12T14:03:09Z	25150.00000	1555.30556	1538.43133	1524.95810
2025-08-12T14:03:09Z	25151.00000	1555.53632	1538.80006	1524.95014
2025-08-12T14:03:09Z	25151.00000	1555.67611	1539.03150	1524.95205
2025-08-12T14:03:09Z	25151.00000	1555.79035	1539.21779	1524.94876
2025-08-12T14:03:09Z	25151.00000	1555.91497	1539.43382	1524.94861
2025-08-12T14:03:10Z	25151.00000	1556.10295	1539.73715	1524.94587
2025-08-12T14:03:10Z	25151.00000	1556.26791	1540.01186	1524.94965
2025-08-12T14:03:10Z	25151.00000	1556.35593	1540.14139	1524.95011
2025-08-12T14:03:10Z	25151.00000	1556.42268	1540.25856	1524.95128
2025-08-12T14:03:10Z	25152.00000	1556.51174	1540.39448	1524.95115
2025-08-12T14:03:10Z	25152.00000	1556.56947	1540.48126	1524.95292
2025-08-12T14:03:10Z	25152.00000	1556.66937	1540.63371	1524.95508
2025-08-12T14:03:10Z	25152.00000	1556.71507	1540.71730	1524.95611
2025-08-12T14:03:11Z	25152.00000	1556.76541	1540.79509	1524.95668
2025-08-12T14:03:11Z	25152.00000	1556.80133	1540.84231	1524.95611
2025-08-12T14:03:11Z	25152.00000	1556.83746	1540.90723	1524.95666
2025-08-12T14:03:11Z	25152.00000	1556.87488	1540.96526	1524.95820
2025-08-12T14:03:11Z	25152.00000	1556.89760	1541.00063	1524.95904
2025-08-12T14:03:11Z	25153.00000	1556.92453	1541.03843	1524.95842
2025-08-12T14:03:11Z	25153.00000	1556.94669	1541.08638	1524.95983
2025-08-12T14:03:11Z	25153.00000	1556.97312	1541.11847	1524.96114
2025-08-12T14:03:11Z	25153.00000	1556.99466	1541.14804	1524.96040
2025-08-12T14:03:11Z	25153.00000	1557.00836	1541.17189	1524.96085
2025-08-12T14:03:12Z	25153.00000	1557.02332	1541.19230	1524.96142
2025-08-12T14:03:12Z	25153.00000	1557.03725	1541.21233	1524.96183
2025-08-12T14:03:12Z	25153.00000	1557.04628	1541.22509	1524.96258
2025-08-12T14:03:12Z	25153.00000	1557.05468	1541.24360	1524.96098
2025-08-12T14:03:12Z	25153.00000	1557.06307	1541.26896	1524.96212
2025-08-12T14:03:12Z	25154.00000	1557.06967	1541.27682	1524.96114
2025-08-12T14:03:12Z	25154.00000	1557.07688	1541.28682	1524.96190
2025-08-12T14:03:12Z	25154.00000	1557.08194	1541.29411	1524.96195
2025-08-12T14:03:12Z	25154.00000	1557.08477	1541.29849	1524.96340
2025-08-12T14:03:13Z	25154.00000	1557.08662	1541.30053	1524.96309
2025-08-12T14:03:13Z	25154.00000	1557.08903	1541.30195	1524.96243
2025-08-12T14:03:13Z	25154.00000	1555.28998	1538.39179	1524.95460
2025-08-12T14:03:13Z	25154.00000	1555.09541	1538.09526	1524.94889
2025-08-12T14:03:13Z	25154.00000	1555.08950	1538.08765	1524.94746
2025-08-12T14:03:13Z	25155.00000	1555.09027	1538.08632	1524.95264
2025-08-12T14:03:13Z	25155.00000	1555.08717	1538.08217	1524.94963
2025-08-12T14:03:13Z	25155.00000	1555.08562	1538.07867	1524.94985
2025-08-12T14:03:13Z	25155.00000	1555.08557	1538.07848	1524.95014
2025-08-12T14:03:13Z	25155.00000	1555.08380	1538.07429	1524.94860
2025-08-12T14:03:14Z	25155.00000	1555.08259	1538.07402	1524.94706
2025-08-12T14:03:14Z	25155.00000	1555.08154	1538.07196	1524.94840
2025-08-12T14:03:14Z	25155.00000	1555.08125	1538.07046	1524.94761
2025-08-12T14:03:14Z	25155.00000	1555.08056	1538.06730	1524.94768
2025-08-12T14:03:14Z	25155.00000	1555.08055	1538.06838	1524.94828
2025-08-12T14:03:14Z	25156.00000	1555.07906	1538.06630	1524.94770
2025-08-12T14:03:14Z	25156.00000	1555.07951	1538.06608	1524.94876
2025-08-12T14:03:14Z	25156.00000	1555.07822	1538.06197	1524.94555
2025-08-12T14:03:14Z	25156.00000	1555.07883	1538.06498	1524.94917
2025-08-12T14:03:14Z	25156.00000	1555.07767	1538.06248	1524.94690
2025-08-12T14:03:15Z	25156.00000	1555.07665	1538.06303	1524.94744
2025-08-12T14:03:15Z	25156.00000	1555.07694	1538.06201	1524.94761
2025-08-12T14:03:15Z	25156.00000	1555.07691	1538.06153	1524.94863
2025-08-12T14:03:15Z	25156.00000	1555.07621	1538.06014	1524.94811
2025-08-12T14:03:15Z	25156.00000	1555.07546	1538.06184	1524.94814
2025-08-12T14:03:15Z	25157.00000	1555.07547	1538.06051	1524.94817
2025-08-12T14:03:15Z	25157.00000	1555.07539	1538.05968	1524.94808
2025-08-12T14:03:15Z	25157.00000	1555.07492	1538.05968	1524.94847
2025-08-12T14:03:15Z	25157.00000	1555.07408	1538.05973	1524.94910
2025-08-12T14:03:15Z	25157.00000	1555.07491	1538.05724	1524.94797
2025-08-12T14:03:16Z	25157.00000	1555.07497	1538.05795	1524.94829
2025-08-12T14:03:16Z	25157.00000	1555.07388	1538.05684	1524.94871
2025-08-12T14:03:16Z	25157.00000	1555.07382	1538.05615	1524.94732
2025-08-12T14:03:16Z	25157.00000	1555.07346	1538.05594	1524.94755
2025-08-12T14:03:16Z	25157.00000	1555.07355	1538.05579	1524.94797
2025-08-12T14:03:16Z	25158.00000	1555.07310	1538.05562	1524.94730
2025-08-12T14:03:16Z	25158.00000	1555.07253	1538.05537	1524.94800
2025-08-12T14:03:16Z	25158.00000	1555.07275	1538.05551	1524.94882
2025-08-12T14:03:16Z	25158.00000	1555.07221	1538.05572	1524.94817
2025-08-12T14:03:16Z	25158.00000	1555.07213	1538.05565	1524.94850
2025-08-12T14:03:17Z	25158.00000	1555.07194	1538.05475	1524.94864
2025-08-12T14:03:17Z	25158.00000	1555.07234	1538.05473	1524.94770
2025-08-12T14:03:17Z	25158.00000	1555.07218	1538.05393	1524.94778
2025-08-12T14:03:17Z	25158.00000	1555.12289	1538.13088	1524.93475
2025-08-12T14:03:17Z	25158.00000	1555.32971	1538.45684	1524.95146
2025-08-12T14:03:17Z	25159.00000	1555.48726	1538.72075	1524.95474
2025-08-12T14:03:17Z	25159.00000	1555.61473	1538.92700	1524.95059
2025-08-12T14:03:17Z	25159.00000	1555.73337	1539.12397	1524.94230
2025-08-12T14:03:17Z	25159.00000	1555.96321	1539.50236	1524.94482
2025-08-12T14:03:18Z	25159.00000	1556.05403	1539.65787	1524.94713
2025-08-12T14:03:18Z	25159.00000	1556.16005	1539.82998	1524.94725
2025-08-12T14:03:18Z	25159.00000	1556.33253	1540.10740	1524.94867
2025-08-12T14:03:18Z	25159.00000	1556.41316	1540.23778	1524.95119
2025-08-12T14:03:18Z	25160.00000	1556.48833	1540.35924	1524.95262
2025-08-12T14:03:18Z	25160.00000	1556.55729	1540.46579	1524.95341
2025-08-12T14:03:18Z	25160.00000	1556.61368	1540.55616	1524.95377
2025-08-12T14:03:18Z	25160.00000	1556.65896	1540.62167	1524.95374
2025-08-12T14:03:19Z	25160.00000	1556.72420	1540.73106	1524.95483
2025-08-12T14:03:19Z	25160.00000	1556.79167	1540.82513	1524.95628
2025-08-12T14:03:19Z	25160.00000	1556.82714	1540.87976	1524.95730
2025-08-12T14:03:19Z	25160.00000	1556.86032	1540.94482	1524.95674
2025-08-12T14:03:19Z	25160.00000	1556.88320	1540.98297	1524.95763
2025-08-12T14:03:19Z	25161.00000	1556.91258	1541.01995	1524.95807
2025-08-12T14:03:19Z	25161.00000	1556.93794	1541.05802	1524.95989
2025-08-12T14:03:19Z	25161.00000	1556.96015	1541.09549	1524.96026
2025-08-12T14:03:19Z	25161.00000	1556.98058	1541.13004	1524.96058
2025-08-12T14:03:19Z	25161.00000	1557.00345	1541.16469	1524.96034
2025-08-12T14:03:20Z	25161.00000	1557.01897	1541.18712	1524.95981
2025-08-12T14:03:20Z	25161.00000	1557.03274	1541.20678	1524.96056
2025-08-12T14:03:20Z	25161.00000	1557.04327	1541.22118	1524.96119
2025-08-12T14:03:20Z	25161.00000	1557.05178	1541.23423	1524.96133
2025-08-12T14:03:20Z	25161.00000	1557.05859	1541.26257	1524.96118
2025-08-12T14:03:20Z	25161.00000	1557.06588	1541.27187	1524.96263
2025-08-12T14:03:20Z	25162.00000	1557.07219	1541.27899	1524.96190
2025-08-12T14:03:20Z	25162.00000	1557.08022	1541.29282	1524.96335
2025-08-12T14:03:20Z	25162.00000	1557.08334	1541.29552	1524.96304
2025-08-12T14:03:21Z	25162.00000	1557.08697	1541.30145	1524.96145
2025-08-12T14:03:21Z	25162.00000	1557.08914	1541.30653	1524.96184
2025-08-12T14:03:21Z	25162.00000	1555.38595	1538.59591	1524.96720
2025-08-12T14:03:21Z	25162.00000	1555.18520	1538.24663	1524.93769
2025-08-12T14:03:21Z	25162.00000	1555.09409	1538.09603	1524.95462
2025-08-12T14:03:21Z	25163.00000	1555.09071	1538.08682	1524.94571
2025-08-12T14:03:21Z	25163.00000	1555.09006	1538.08495	1524.94752
2025-08-12T14:03:21Z	25163.00000	1555.08540	1538.07729	1524.94480
2025-08-12T14:03:21Z	25163.00000	1555.08510	1538.07798	1524.94628
2025-08-12T14:03:21Z	25163.00000	1555.08580	1538.07721	1524.95021
2025-08-12T14:03:22Z	25163.00000	1555.08315	1538.07490	1524.94678
2025-08-12T14:03:22Z	25163.00000	1555.08305	1538.07238	1524.94844
2025-08-12T14:03:22Z	25163.00000	1555.08254	1538.07198	1524.94821
2025-08-12T14:03:22Z	25163.00000	1555.08124	1538.07080	1524.94707
2025-08-12T14:03:22Z	25163.00000	1555.08256	1538.06939	1524.94839
2025-08-12T14:03:22Z	25164.00000	1555.08128	1538.06880	1524.94828
2025-08-12T14:03:22Z	25164.00000	1555.07983	1538.06770	1524.94730
2025-08-12T14:03:22Z	25164.00000	1555.08079	1538.06798	1524.94960
2025-08-12T14:03:22Z	25164.00000	1555.07867	1538.06529	1524.94780
2025-08-12T14:03:22Z	25164.00000	1555.07851	1538.06297	1524.94653
2025-08-12T14:03:23Z	25164.00000	1555.07805	1538.06549	1524.94812
2025-08-12T14:03:23Z	25164.00000	1555.07870	1538.06333	1524.94852
2025-08-12T14:03:23Z	25164.00000	1555.07781	1538.06180	1524.94897
2025-08-12T14:03:23Z	25164.00000	1555.07782	1538.06114	1524.94854
2025-08-12T14:03:23Z	25165.00000	1555.07710	1538.06263	1524.94915
2025-08-12T14:03:23Z	25165.00000	1555.07571	1538.06154	1524.94793
2025-08-12T14:03:23Z	25165.00000	1555.07526	1538.06111	1524.94849
2025-08-12T14:03:23Z	25165.00000	1555.07544	1538.06076	1524.94834
2025-08-12T14:03:23Z	25165.00000	1555.07526	1538.05970	1524.94838
2025-08-12T14:03:24Z	25165.00000	1555.07458	1538.05971	1524.94809
2025-08-12T14:03:24Z	25165.00000	1555.07586	1538.05927	1524.94780
2025-08-12T14:03:24Z	25165.00000	1555.07451	1538.05792	1524.94825
2025-08-12T14:03:24Z	25165.00000	1555.07328	1538.05844	1524.94847
2025-08-12T14:03:24Z	25165.00000	1555.07353	1538.05695	1524.94805
2025-08-12T14:03:24Z	25166.00000	1555.07374	1538.05453	1524.94854
2025-08-12T14:03:24Z	25166.00000	1555.07292	1538.05671	1524.94901
2025-08-12T14:03:24Z	25166.00000	1555.07361	1538.05763	1524.94820
2025-08-12T14:03:24Z	25166.00000	1555.07362	1538.05655	1524.94801
2025-08-12T14:03:24Z	25166.00000	1555.07307	1538.05597	1524.94882
2025-08-12T14:03:25Z	25166.00000	1555.07324	1538.05515	1524.94800
2025-08-12T14:03:25Z	25166.00000	1555.07255	1538.05564	1524.94782
2025-08-12T14:03:25Z	25166.00000	1555.07269	1538.05571	1524.94833
2025-08-12T14:03:25Z	25166.00000	1555.07232	1538.05534	1524.94797
2025-08-12T14:03:25Z	25166.00000	1555.07240	1538.05459	1524.94779
2025-08-12T14:03:25Z	25167.00000	1555.07106	1538.05326	1524.94813
2025-08-12T14:03:25Z	25167.00000	1555.07297	1538.05466	1524.94833
2025-08-12T14:03:25Z	25167.00000	1555.07223	1538.05390	1524.94747
2025-08-12T14:03:25Z	25167.00000	1555.07161	1538.05385	1524.94829
2025-08-12T14:03:25Z	25167.00000	1555.07198	1538.05302	1524.94923
2025-08-12T14:03:26Z	25167.00000	1555.07149	1538.05468	1524.94841
2025-08-12T14:03:26Z	25167.00000	1555.07178	1538.05237	1524.94863
2025-08-12T14:03:26Z	25167.00000	1555.09140	1538.09982	1524.94130
2025-08-12T14:03:26Z	25167.00000	1555.30123	1538.41224	1524.93978
2025-08-12T14:03:26Z	25168.00000	1555.46609	1538.67497	1524.94306
2025-08-12T14:03:26Z	25168.00000	1555.59162	1538.89013	1524.94152
2025-08-12T14:03:26Z	25168.00000	1555.72848	1539.11679	1524.94594
2025-08-12T14:03:26Z	25168.00000	1555.85678	1539.33081	1524.94853
2025-08-12T14:03:27Z	25168.00000	1556.03994	1539.63251	1524.94852
2025-08-12T14:03:27Z	25168.00000	1556.15735	1539.82670	1524.94718
2025-08-12T14:03:27Z	25168.00000	1556.22661	1539.93861	1524.94902
2025-08-12T14:03:27Z	25168.00000	1556.30601	1540.06629	1524.94909
2025-08-12T14:03:27Z	25169.00000	1556.44306	1540.28677	1524.95093
2025-08-12T14:03:27Z	25169.00000	1556.57827	1540.49435	1524.95333
2025-08-12T14:03:27Z	25169.00000	1556.63304	1540.58172	1524.95382
2025-08-12T14:03:27Z	25169.00000	1556.68377	1540.65429	1524.95494
2025-08-12T14:03:27Z	25169.00000	1556.72827	1540.73465	1524.95669
2025-08-12T14:03:28Z	25169.00000	1556.77143	1540.80427	1524.95654
2025-08-12T14:03:28Z	25169.00000	1556.82136	1540.87118	1524.95732
2025-08-12T14:03:28Z	25169.00000	1556.85995	1540.94221	1524.95701
2025-08-12T14:03:28Z	25169.00000	1556.89198	1540.99444	1524.95918
2025-08-12T14:03:28Z	25170.00000	1556.91990	1541.03208	1524.95853
2025-08-12T14:03:28Z	25170.00000	1556.94898	1541.08807	1524.95993
2025-08-12T14:03:28Z	25170.00000	1556.97665	1541.12459	1524.96148
2025-08-12T14:03:28Z	25170.00000	1557.00050	1541.15922	1524.96236
2025-08-12T14:03:28Z	25170.00000	1557.01460	1541.18125	1524.96055
2025-08-12T14:03:29Z	25170.00000	1557.02907	1541.20069	1524.96209
2025-08-12T14:03:29Z	25170.00000	1557.04181	1541.21580	1524.96188
2025-08-12T14:03:29Z	25170.00000	1557.04968	1541.23396	1524.96152
2025-08-12T14:03:29Z	25170.00000	1557.05920	1541.24777	1524.96055
2025-08-12T14:03:29Z	25170.00000	1557.06345	1541.26923	1524.96236
2025-08-12T14:03:29Z	25171.00000	1557.07246	1541.27824	1524.96118
2025-08-12T14:03:29Z	25171.00000	1557.07776	1541.28471	1524.96164
2025-08-12T14:03:29Z	25171.00000	1557.08186	1541.29315	1524.96347
2025-08-12T14:03:29Z	25171.00000	1557.08471	1541.29798	1524.96239
2025-08-12T14:03:29Z	25171.00000	1557.08813	1541.30351	1524.96224
2025-08-12T14:03:30Z	25171.00000	1557.08926	1541.30608	1524.96298
2025-08-12T14:03:30Z	25171.00000	1555.55501	1538.76397	1524.90713
2025-08-12T14:03:30Z	25171.00000	1555.17598	1538.23617	1524.95062
2025-08-12T14:03:30Z	25171.00000	1555.09414	1538.09637	1524.95128
2025-08-12T14:03:30Z	25171.00000	1555.08985	1538.08617	1524.94615
2025-08-12T14:03:30Z	25172.00000	1555.09150	1538.08828	1524.94956
2025-08-12T14:03:30Z	25172.00000	1555.08892	1538.08398	1524.94727
2025-08-12T14:03:30Z	25172.00000	1555.08519	1538.07710	1524.94561
2025-08-12T14:03:30Z	25172.00000	1555.08499	1538.07802	1524.94900
2025-08-12T14:03:30Z	25172.00000	1555.08352	1538.07373	1524.94728
2025-08-12T14:03:31Z	25172.00000	1555.08205	1538.07472	1524.94709
2025-08-12T14:03:31Z	25172.00000	1555.08177	1538.07138	1524.94719
2025-08-12T14:03:31Z	25172.00000	1555.08192	1538.07116	1524.94878
2025-08-12T14:03:31Z	25172.00000	1555.08150	1538.06973	1524.94803
2025-08-12T14:03:31Z	25173.00000	1555.08054	1538.06803	1524.94827
2025-08-12T14:03:31Z	25173.00000	1555.08028	1538.06794	1524.94749
2025-08-12T14:03:31Z	25173.00000	1555.08018	1538.06914	1524.94991
2025-08-12T14:03:31Z	25173.00000	1555.08066	1538.06673	1524.94929
2025-08-12T14:03:31Z	25173.00000	1555.08002	1538.06693	1524.94865
2025-08-12T14:03:32Z	25173.00000	1555.07936	1538.06451	1524.94897
2025-08-12T14:03:32Z	25173.00000	1555.07857	1538.06377	1524.94875
2025-08-12T14:03:32Z	25173.00000	1555.07730	1538.06321	1524.94823
2025-08-12T14:03:32Z	25174.00000	1555.07716	1538.06251	1524.94889
2025-08-12T14:03:32Z	25174.00000	1555.07641	1538.06156	1524.94849
2025-08-12T14:03:32Z	25174.00000	1555.07628	1538.06045	1524.94821
2025-08-12T14:03:32Z	25174.00000	1555.07584	1538.06021	1524.94836
2025-08-12T14:03:32Z	25174.00000	1555.07550	1538.05990	1524.94874
2025-08-12T14:03:33Z	25174.00000	1555.07566	1538.05998	1524.94837
2025-08-12T14:03:33Z	25174.00000	1555.07513	1538.05992	1524.94864
2025-08-12T14:03:33Z	25174.00000	1555.07414	1538.05730	1524.94812
2025-08-12T14:03:33Z	25174.00000	1555.07457	1538.05771	1524.94809
2025-08-12T14:03:33Z	25175.00000	1555.07490	1538.05720	1524.94872
2025-08-12T14:03:33Z	25175.00000	1555.07360	1538.05821	1524.94829
2025-08-12T14:03:33Z	25175.00000	1555.07363	1538.05748	1524.94831
2025-08-12T14:03:33Z	25175.00000	1555.07351	1538.05529	1524.94807
2025-08-12T14:03:33Z	25175.00000	1555.07335	1538.05665	1524.94836
2025-08-12T14:03:34Z	25175.00000	1555.07274	1538.05604	1524.94744
2025-08-12T14:03:34Z	25175.00000	1555.07344	1538.05487	1524.94838
2025-08-12T14:03:34Z	25175.00000	1555.07315	1538.05655	1524.94811
2025-08-12T14:03:34Z	25176.00000	1555.07316	1538.05341	1524.94845
2025-08-12T14:03:34Z	25176.00000	1555.07207	1538.05544	1524.94818
2025-08-12T14:03:34Z	25176.00000	1555.07262	1538.05455	1524.94790
2025-08-12T14:03:34Z	25176.00000	1555.07241	1538.05408	1524.94880
2025-08-12T14:03:34Z	25176.00000	1555.07242	1538.05381	1524.94764
2025-08-12T14:03:35Z	25176.00000	1555.07144	1538.05319	1524.94815
2025-08-12T14:03:35Z	25176.00000	1555.07173	1538.05387	1524.94774
2025-08-12T14:03:35Z	25176.00000	1555.07074	1538.05275	1524.94816
2025-08-12T14:03:35Z	25176.00000	1555.30265	1538.41486	1524.94374
2025-08-12T14:03:35Z	25176.00000	1555.46854	1538.68104	1524.94052
2025-08-12T14:03:35Z	25177.00000	1555.57213	1538.85574	1524.95324
2025-08-12T14:03:35Z	25177.00000	1555.69674	1539.05692	1524.94445
2025-08-12T14:03:35Z	25177.00000	1555.89448	1539.38841	1524.94557
2025-08-12T14:03:35Z	25177.00000	1555.97799	1539.53208	1524.94905
2025-08-12T14:03:36Z	25177.00000	1556.09984	1539.73262	1524.94665
2025-08-12T14:03:36Z	25177.00000	1556.27731	1540.02259	1524.94865
2025-08-12T14:03:36Z	25177.00000	1556.42169	1540.25441	1524.95058
2025-08-12T14:03:36Z	25178.00000	1556.48874	1540.35811	1524.95221
2025-08-12T14:03:36Z	25178.00000	1556.54710	1540.44995	1524.95299
2025-08-12T14:03:36Z	25178.00000	1556.60230	1540.53996	1524.95446
2025-08-12T14:03:36Z	25178.00000	1556.66701	1540.63278	1524.95451
2025-08-12T14:03:36Z	25178.00000	1556.71342	1540.70121	1524.95500
2025-08-12T14:03:37Z	25178.00000	1556.75587	1540.78081	1524.95582
2025-08-12T14:03:37Z	25178.00000	1556.80631	1540.84764	1524.95610
2025-08-12T14:03:37Z	25178.00000	1556.84194	1540.91379	1524.95743
2025-08-12T14:03:37Z	25178.00000	1556.87345	1540.96413	1524.95785
2025-08-12T14:03:37Z	25178.00000	1556.90005	1541.00665	1524.95765
2025-08-12T14:03:37Z	25179.00000	1556.92959	1541.04848	1524.95858
2025-08-12T14:03:37Z	25179.00000	1556.95292	1541.09955	1524.96081
2025-08-12T14:03:37Z	25179.00000	1556.98214	1541.13171	1524.96022
2025-08-12T14:03:37Z	25179.00000	1557.00253	1541.16019	1524.96148
2025-08-12T14:03:37Z	25179.00000	1557.02264	1541.19074	1524.96033
2025-08-12T14:03:38Z	25179.00000	1557.03717	1541.21029	1524.96130
2025-08-12T14:03:38Z	25179.00000	1557.04560	1541.22308	1524.96169
2025-08-12T14:03:38Z	25179.00000	1557.05465	1541.24227	1524.96303
2025-08-12T14:03:38Z	25179.00000	1557.06260	1541.26971	1524.96249
2025-08-12T14:03:38Z	25179.00000	1557.06985	1541.27499	1524.96207
2025-08-12T14:03:38Z	25180.00000	1557.07842	1541.28999	1524.96172
2025-08-12T14:03:38Z	25180.00000	1557.08200	1541.29470	1524.96199
2025-08-12T14:03:38Z	25180.00000	1557.08517	1541.29693	1524.96182
2025-08-12T14:03:38Z	25180.00000	1557.08776	1541.30337	1524.96273
2025-08-12T14:03:39Z	25180.00000	1557.08998	1541.31013	1524.96256
2025-08-12T14:03:39Z	25180.00000	1555.73122	1539.11186	1524.96169
2025-08-12T14:03:39Z	25180.00000	1555.22456	1538.28924	1524.95820
2025-08-12T14:03:39Z	25181.00000	1555.09364	1538.09246	1524.95112
2025-08-12T14:03:39Z	25181.00000	1555.09007	1538.08644	1524.94701
2025-08-12T14:03:39Z	25181.00000	1555.08782	1538.08127	1524.94716
2025-08-12T14:03:39Z	25181.00000	1555.08872	1538.08457	1524.95073
2025-08-12T14:03:39Z	25181.00000	1555.08525	1538.07768	1524.94737
2025-08-12T14:03:39Z	25181.00000	1555.08434	1538.07586	1524.94713
2025-08-12T14:03:40Z	25181.00000	1555.08420	1538.07440	1524.94685
2025-08-12T14:03:40Z	25181.00000	1555.08387	1538.07298	1524.94715
2025-08-12T14:03:40Z	25181.00000	1555.08296	1538.07244	1524.94832
2025-08-12T14:03:40Z	25181.00000	1555.08206	1538.07200	1524.94812
2025-08-12T14:03:40Z	25181.00000	1555.08198	1538.07064	1524.94798
2025-08-12T14:03:40Z	25182.00000	1555.08100	1538.06925	1524.94818
2025-08-12T14:03:40Z	25182.00000	1555.08106	1538.06726	1524.94820
2025-08-12T14:03:40Z	25182.00000	1555.08132	1538.06808	1524.95048
2025-08-12T14:03:40Z	25182.00000	1555.08076	1538.06741	1524.94866
2025-08-12T14:03:41Z	25182.00000	1555.07870	1538.06477	1524.94696
2025-08-12T14:03:41Z	25182.00000	1555.07908	1538.06256	1524.94764
2025-08-12T14:03:41Z	25182.00000	1555.07889	1538.06609	1524.94873
2025-08-12T14:03:41Z	25182.00000	1555.07886	1538.06278	1524.94810
2025-08-12T14:03:41Z	25182.00000	1555.07771	1538.06339	1524.94847
2025-08-12T14:03:41Z	25183.00000	1555.07745	1538.06005	1524.94783
2025-08-12T14:03:41Z	25183.00000	1555.07689	1538.06187	1524.94861
2025-08-12T14:03:41Z	25183.00000	1555.07712	1538.06106	1524.94796
2025-08-12T14:03:41Z	25183.00000	1555.07680	1538.06136	1524.94828
2025-08-12T14:03:42Z	25183.00000	1555.07565	1538.06065	1524.94817
2025-08-12T14:03:42Z	25183.00000	1555.07552	1538.05966	1524.94852
2025-08-12T14:03:42Z	25183.00000	1555.07544	1538.05964	1524.94811
2025-08-12T14:03:42Z	25183.00000	1555.07533	1538.05938	1524.94837
2025-08-12T14:03:42Z	25183.00000	1555.07468	1538.05893	1524.94875
2025-08-12T14:03:42Z	25184.00000	1555.07555	1538.05860	1524.94849
2025-08-12T14:03:42Z	25184.00000	1555.07447	1538.05763	1524.94834
2025-08-12T14:03:42Z	25184.00000	1555.07508	1538.05804	1524.94871
2025-08-12T14:03:42Z	25184.00000	1555.07502	1538.05914	1524.94874
2025-08-12T14:03:42Z	25184.00000	1555.07376	1538.05773	1524.94811
2025-08-12T14:03:43Z	25184.00000	1555.07356	1538.05708	1524.94881
2025-08-12T14:03:43Z	25184.00000	1555.07347	1538.05524	1524.94803
2025-08-12T14:03:43Z	25184.00000	1555.07254	1538.05720	1524.94875
2025-08-12T14:03:43Z	25184.00000	1555.07323	1538.05532	1524.94806
2025-08-12T14:03:43Z	25184.00000	1555.07328	1538.05517	1524.94827
2025-08-12T14:03:43Z	25185.00000	1555.07287	1538.05658	1524.94864
2025-08-12T14:03:43Z	25185.00000	1555.07312	1538.05495	1524.94877
2025-08-12T14:03:43Z	25185.00000	1555.07309	1538.05658	1524.94851
2025-08-12T14:03:43Z	25185.00000	1555.07320	1538.05538	1524.94764
2025-08-12T14:03:43Z	25185.00000	1555.07271	1538.05479	1524.94828
2025-08-12T14:03:44Z	25185.00000	1555.07300	1538.05627	1524.94898
2025-08-12T14:03:44Z	25185.00000	1555.07220	1538.05377	1524.94749
2025-08-12T14:03:44Z	25185.00000	1555.14899	1538.15824	1524.93991
2025-08-12T14:03:44Z	25185.00000	1555.30557	1538.42734	1524.95447
2025-08-12T14:03:44Z	25186.00000	1555.59692	1538.90186	1524.94920
2025-08-12T14:03:44Z	25186.00000	1555.70066	1539.07022	1524.94339
2025-08-12T14:03:44Z	25186.00000	1555.79394	1539.22311	1524.94830
2025-08-12T14:03:44Z	25186.00000	1555.89730	1539.39599	1524.94458
2025-08-12T14:03:45Z	25186.00000	1556.04371	1539.64051	1524.94606
2025-08-12T14:03:45Z	25186.00000	1556.13376	1539.77991	1524.94725
2025-08-12T14:03:45Z	25186.00000	1556.22738	1539.93948	1524.94828
2025-08-12T14:03:45Z	25186.00000	1556.29491	1540.04780	1524.95066
2025-08-12T14:03:45Z	25186.00000	1556.36527	1540.15552	1524.95012
2025-08-12T14:03:45Z	25187.00000	1556.43351	1540.27121	1524.95029
2025-08-12T14:03:45Z	25187.00000	1556.51179	1540.39262	1524.95133
2025-08-12T14:03:45Z	25187.00000	1556.55927	1540.46856	1524.95366
2025-08-12T14:03:45Z	25187.00000	1556.62722	1540.57239	1524.95562
2025-08-12T14:03:45Z	25187.00000	1556.67060	1540.63563	1524.95528
2025-08-12T14:03:46Z	25187.00000	1556.71679	1540.71727	1524.95705
2025-08-12T14:03:46Z	25187.00000	1556.76014	1540.78692	1524.95584
2025-08-12T14:03:46Z	25187.00000	1556.80268	1540.84246	1524.95834
2025-08-12T14:03:46Z	25187.00000	1556.83973	1540.91175	1524.95861
2025-08-12T14:03:46Z	25187.00000	1556.88370	1540.98314	1524.95798
2025-08-12T14:03:46Z	25188.00000	1556.91812	1541.02979	1524.95995
2025-08-12T14:03:46Z	25188.00000	1556.94762	1541.08856	1524.96080
2025-08-12T14:03:46Z	25188.00000	1556.97392	1541.12031	1524.96073
2025-08-12T14:03:46Z	25188.00000	1556.99510	1541.15252	1524.96181
2025-08-12T14:03:46Z	25188.00000	1557.01424	1541.18272	1524.96198
2025-08-12T14:03:47Z	25188.00000	1557.03042	1541.20072	1524.96084
2025-08-12T14:03:47Z	25188.00000	1557.04324	1541.22229	1524.96073
2025-08-12T14:03:47Z	25188.00000	1557.05275	1541.23937	1524.96208
2025-08-12T14:03:47Z	25188.00000	1557.06174	1541.26823	1524.96263
2025-08-12T14:03:47Z	25189.00000	1557.06833	1541.27762	1524.96248
2025-08-12T14:03:47Z	25189.00000	1557.07477	1541.28408	1524.96278
2025-08-12T14:03:47Z	25189.00000	1557.07960	1541.29133	1524.96182
2025-08-12T14:03:47Z	25189.00000	1557.08210	1541.29413	1524.96282
2025-08-12T14:03:47Z	25189.00000	1557.08410	1541.29918	1524.96247
2025-08-12T14:03:47Z	25189.00000	1557.08720	1541.30224	1524.96160
2025-08-12T14:03:48Z	25189.00000	1557.08917	1541.30298	1524.96205
2025-08-12T14:03:48Z	25189.00000	1555.70433	1539.09118	1525.00632
2025-08-12T14:03:48Z	25189.00000	1555.16572	1538.19913	1524.95473
2025-08-12T14:03:48Z	25189.00000	1555.09360	1538.08876	1524.94330
2025-08-12T14:03:48Z	25190.00000	1555.09264	1538.08957	1524.95065
2025-08-12T14:03:48Z	25190.00000	1555.08890	1538.08427	1524.94772
2025-08-12T14:03:48Z	25190.00000	1555.08795	1538.08167	1524.95132
2025-08-12T14:03:48Z	25190.00000	1555.08518	1538.07823	1524.94681
2025-08-12T14:03:48Z	25190.00000	1555.08545	1538.07735	1524.94971
2025-08-12T14:03:49Z	25190.00000	1555.08372	1538.07337	1524.94851
2025-08-12T14:03:49Z	25190.00000	1555.08269	1538.07124	1524.94680
2025-08-12T14:03:49Z	25190.00000	1555.08242	1538.07152	1524.94703
2025-08-12T14:03:49Z	25190.00000	1555.08187	1538.07050	1524.94791
2025-08-12T14:03:49Z	25190.00000	1555.08198	1538.07032	1524.94876
2025-08-12T14:03:49Z	25191.00000	1555.08163	1538.06803	1524.94830
2025-08-12T14:03:49Z	25191.00000	1555.08103	1538.06749	1524.94800
2025-08-12T14:03:49Z	25191.00000	1555.08039	1538.06803	1524.94977
2025-08-12T14:03:49Z	25191.00000	1555.08134	1538.06514	1524.94926
2025-08-12T14:03:49Z	25191.00000	1555.07883	1538.06503	1524.94663
2025-08-12T14:03:50Z	25191.00000	1555.07835	1538.06366	1524.94808
2025-08-12T14:03:50Z	25191.00000	1555.07843	1538.06383	1524.94861
2025-08-12T14:03:50Z	25191.00000	1555.07780	1538.06289	1524.94833
2025-08-12T14:03:50Z	25191.00000	1555.07752	1538.06097	1524.94762
2025-08-12T14:03:50Z	25192.00000	1555.07654	1538.06182	1524.94819
2025-08-12T14:03:50Z	25192.00000	1555.07684	1538.06198	1524.94775
2025-08-12T14:03:50Z	25192.00000	1555.07624	1538.06033	1524.94811
2025-08-12T14:03:50Z	25192.00000	1555.07561	1538.06043	1524.94756
2025-08-12T14:03:51Z	25192.00000	1555.07542	1538.06052	1524.94766
2025-08-12T14:03:51Z	25192.00000	1555.07554	1538.06006	1524.94852
2025-08-12T14:03:51Z	25192.00000	1555.07524	1538.05939	1524.94879
2025-08-12T14:03:51Z	25192.00000	1555.07430	1538.05842	1524.94802
2025-08-12T14:03:51Z	25193.00000	1555.07388	1538.05847	1524.94871
2025-08-12T14:03:51Z	25193.00000	1555.07458	1538.05796	1524.94760
2025-08-12T14:03:51Z	25193.00000	1555.07454	1538.05738	1524.94845
2025-08-12T14:03:51Z	25193.00000	1555.07439	1538.05708	1524.94863
2025-08-12T14:03:52Z	25193.00000	1555.07385	1538.05691	1524.94802
2025-08-12T14:03:52Z	25193.00000	1555.07397	1538.05680	1524.94808
2025-08-12T14:03:52Z	25193.00000	1555.07384	1538.05628	1524.94836
2025-08-12T14:03:52Z	25193.00000	1555.07334	1538.05620	1524.94838
2025-08-12T14:03:52Z	25193.00000	1555.07277	1538.05554	1524.94813
2025-08-12T14:03:52Z	25194.00000	1555.07329	1538.05554	1524.94829
2025-08-12T14:03:52Z	25194.00000	1555.07303	1538.05461	1524.94775
2025-08-12T14:03:52Z	25194.00000	1555.07339	1538.05560	1524.94813
2025-08-12T14:03:52Z	25194.00000	1555.07353	1538.05367	1524.94781
2025-08-12T14:03:53Z	25194.00000	1555.07186	1538.05366	1524.94878
2025-08-12T14:03:53Z	25194.00000	1555.07295	1538.05407	1524.94802
2025-08-12T14:03:53Z	25194.00000	1555.07244	1538.05423	1524.94801
2025-08-12T14:03:53Z	25194.00000	1555.07192	1538.05422	1524.94857
2025-08-12T14:03:53Z	25194.00000	1555.07147	1538.05444	1524.94872
2025-08-12T14:03:53Z	25195.00000	1555.07149	1538.05341	1524.94813
2025-08-12T14:03:53Z	25195.00000	1555.07196	1538.05221	1524.94848
2025-08-12T14:03:53Z	25195.00000	1555.07146	1538.05385	1524.94799
2025-08-12T14:03:53Z	25195.00000	1555.06975	1538.05347	1524.94823
2025-08-12T14:03:54Z	25195.00000	1555.07135	1538.05293	1524.94867
2025-08-12T14:03:54Z	25195.00000	1555.07062	1538.05214	1524.94851
2025-08-12T14:03:54Z	25195.00000	1555.07037	1538.05252	1524.94759
2025-08-12T14:03:54Z	25195.00000	1555.07089	1538.05254	1524.94764
2025-08-12T14:03:54Z	25195.00000	1555.07125	1538.05273	1524.94873
2025-08-12T14:03:54Z	25196.00000	1555.07077	1538.05210	1524.94759
2025-08-12T14:03:54Z	25196.00000	1555.07136	1538.05197	1524.94778
2025-08-12T14:03:54Z	25196.00000	1555.07004	1538.05155	1524.94827
2025-08-12T14:03:54Z	25196.00000	1555.07016	1538.05254	1524.94828
2025-08-12T14:03:54Z	25196.00000	1555.07057	1538.05158	1524.94787
2025-08-12T14:03:55Z	25196.00000	1555.07093	1538.05177	1524.94856
2025-08-12T14:03:55Z	25196.00000	1555.07027	1538.05079	1524.94793
2025-08-12T14:03:55Z	25196.00000	1555.07039	1538.05118	1524.94846
2025-08-12T14:03:55Z	25196.00000	1555.07021	1538.05029	1524.94804
2025-08-12T14:03:55Z	25196.00000	1555.06948	1538.05032	1524.94797
2025-08-12T14:03:55Z	25197.00000	1555.06974	1538.05214	1524.94788
2025-08-12T14:03:55Z	25197.00000	1555.06973	1538.05014	1524.94817
2025-08-12T14:03:55Z	25197.00000	1555.07003	1538.05008	1524.94887
2025-08-12T14:03:55Z	25197.00000	1555.06866	1538.05072	1524.94832
2025-08-12T14:03:55Z	25197.00000	1555.06925	1538.05196	1524.94799
2025-08-12T14:03:56Z	25197.00000	1555.06880	1538.04966	1524.94815
2025-08-12T14:03:56Z	25197.00000	1555.06906	1538.05008	1524.94807
2025-08-12T14:03:56Z	25197.00000	1555.06914	1538.04982	1524.94772
2025-08-12T14:03:56Z	25197.00000	1555.06897	1538.04873	1524.94781
2025-08-12T14:03:56Z	25197.00000	1555.06845	1538.04993	1524.94772
2025-08-12T14:03:56Z	25198.00000	1555.06952	1538.04828	1524.94812
2025-08-12T14:03:56Z	25198.00000	1555.06839	1538.05032	1524.94817
2025-08-12T14:03:56Z	25198.00000	1555.06907	1538.04932	1524.94771
2025-08-12T14:03:56Z	25198.00000	1555.06809	1538.04930	1524.94825
2025-08-12T14:03:56Z	25198.00000	1555.06882	1538.04910	1524.94809
2025-08-12T14:03:57Z	25198.00000	1555.06840	1538.04825	1524.94750
2025-08-12T14:03:57Z	25198.00000	1555.06821	1538.04813	1524.94776
2025-08-12T14:03:57Z	25198.00000	1555.06820	1538.04874	1524.94842
2025-08-12T14:03:57Z	25198.00000	1555.06807	1538.04866	1524.94801
2025-08-12T14:03:57Z	25198.00000	1555.06734	1538.04886	1524.94819
2025-08-12T14:03:57Z	25199.00000	1555.06795	1538.04789	1524.94763
2025-08-12T14:03:57Z	25199.00000	1555.06751	1538.04777	1524.94857
2025-08-12T14:03:57Z	25199.00000	1555.06786	1538.04723	1524.94794
2025-08-12T14:03:57Z	25199.00000	1555.06736	1538.04795	1524.94774
2025-08-12T14:03:57Z	25199.00000	1555.06784	1538.04888	1524.94810
2025-08-12T14:03:58Z	25199.00000	1555.06747	1538.04713	1524.94796
2025-08-12T14:03:58Z	25199.00000	1555.06735	1538.04866	1524.94752
2025-08-12T14:03:58Z	25199.00000	1555.06776	1538.04834	1524.94879
2025-08-12T14:03:58Z	25199.00000	1555.06775	1538.04786	1524.94848
2025-08-12T14:03:58Z	25199.00000	1555.06738	1538.04748	1524.94824
2025-08-12T14:03:58Z	25199.00000	1555.06739	1538.04654	1524.94785
2025-08-12T14:03:58Z	25200.00000	1555.06706	1538.04722	1524.94757
2025-08-12T14:03:58Z	25200.00000	1555.06658	1538.04701	1524.94759
2025-08-12T14:03:59Z	25200.00000	1555.06699	1538.04684	1524.94817
2025-08-12T14:03:59Z	25200.00000	1555.06778	1538.04660	1524.94809
2025-08-12T14:03:59Z	25200.00000	1555.06764	1538.04681	1524.94763
2025-08-12T14:03:59Z	25200.00000	1555.06752	1538.04677	1524.94801
2025-08-12T14:03:59Z	25200.00000	1555.06711	1538.04782	1524.94839
2025-08-12T14:03:59Z	25201.00000	1555.06682	1538.04653	1524.94834
2025-08-12T14:03:59Z	25201.00000	1555.06677	1538.04706	1524.94806
2025-08-12T14:03:59Z	25201.00000	1555.06649	1538.04695	1524.94770
2025-08-12T14:03:59Z	25201.00000	1555.06680	1538.04517	1524.94860
2025-08-12T14:04:00Z	25201.00000	1555.06643	1538.04693	1524.94793
2025-08-12T14:04:00Z	25201.00000	1555.06675	1538.04528	1524.94786
2025-08-12T14:04:00Z	25201.00000	1555.06673	1538.04689	1524.94843
2025-08-12T14:04:00Z	25201.00000	1555.06637	1538.04424	1524.94731
2025-08-12T14:04:00Z	25201.00000	1555.06677	1538.04442	1524.94800
2025-08-12T14:04:00Z	25202.00000	1555.06679	1538.04486	1524.94744
2025-08-12T14:04:00Z	25202.00000	1555.06649	1538.04517	1524.94796
2025-08-12T14:04:00Z	25202.00000	1555.06633	1538.04567	1524.94854
2025-08-12T14:04:00Z	25202.00000	1555.06675	1538.04509	1524.94803
2025-08-12T14:04:00Z	25202.00000	1555.06574	1538.04648	1524.94910
2025-08-12T14:04:01Z	25202.00000	1555.06639	1538.04450	1524.94875
2025-08-12T14:04:01Z	25202.00000	1555.06617	1538.04379	1524.94816
2025-08-12T14:04:01Z	25202.00000	1555.06620	1538.04311	1524.94705
2025-08-12T14:04:01Z	25202.00000	1555.06603	1538.04448	1524.94862
2025-08-12T14:04:01Z	25202.00000	1555.06625	1538.04345	1524.94857
2025-08-12T14:04:01Z	25202.00000	1555.06568	1538.04398	1524.94712
2025-08-12T14:04:01Z	25203.00000	1555.06614	1538.04334	1524.94837
2025-08-12T14:04:01Z	25203.00000	1555.06553	1538.04412	1524.94776
2025-08-12T14:04:01Z	25203.00000	1555.06557	1538.04342	1524.94832
2025-08-12T14:04:02Z	25203.00000	1555.06561	1538.04308	1524.94772
2025-08-12T14:04:02Z	25203.00000	1555.06559	1538.04411	1524.94843
2025-08-12T14:04:02Z	25203.00000	1555.06631	1538.04346	1524.94754
2025-08-12T14:04:02Z	25203.00000	1555.06532	1538.04250	1524.94787
2025-08-12T14:04:02Z	25203.00000	1555.06595	1538.04495	1524.94830
2025-08-12T14:04:02Z	25204.00000	1555.06547	1538.04318	1524.94751
2025-08-12T14:04:02Z	25204.00000	1555.06514	1538.04460	1524.94778
2025-08-12T14:04:02Z	25204.00000	1555.06536	1538.04282	1524.94813
2025-08-12T14:04:02Z	25204.00000	1555.06477	1538.04421	1524.94790
2025-08-12T14:04:02Z	25204.00000	1555.06436	1538.04198	1524.94728
2025-08-12T14:04:03Z	25204.00000	1555.06530	1538.04261	1524.94809
2025-08-12T14:04:03Z	25204.00000	1555.06565	1538.04204	1524.94721
2025-08-12T14:04:03Z	25204.00000	1555.06476	1538.04298	1524.94774
2025-08-12T14:04:03Z	25205.00000	1555.06509	1538.04141	1524.94755
2025-08-12T14:04:03Z	25205.00000	1555.06450	1538.04271	1524.94735
2025-08-12T14:04:03Z	25205.00000	1555.06516	1538.04188	1524.94782
2025-08-12T14:04:03Z	25205.00000	1555.06437	1538.04283	1524.94702
2025-08-12T14:04:03Z	25205.00000	1555.06493	1538.04394	1524.94815
2025-08-12T14:04:04Z	25205.00000	1555.06521	1538.04209	1524.94697
2025-08-12T14:04:04Z	25205.00000	1555.06486	1538.04296	1524.94751
2025-08-12T14:04:04Z	25205.00000	1555.06424	1538.04109	1524.94735
2025-08-12T14:04:04Z	25205.00000	1555.06514	1538.04315	1524.94726
2025-08-12T14:04:04Z	25205.00000	1555.06462	1538.04428	1524.94732
2025-08-12T14:04:04Z	25206.00000	1555.06472	1538.04074	1524.94744
2025-08-12T14:04:04Z	25206.00000	1555.06493	1538.04171	1524.94712
2025-08-12T14:04:04Z	25206.00000	1555.06468	1538.04158	1524.94708
2025-08-12T14:04:04Z	25206.00000	1555.06511	1538.04099	1524.94794
2025-08-12T14:04:04Z	25206.00000	1555.06451	1538.04057	1524.94815
2025-08-12T14:04:05Z	25206.00000	1555.06433	1538.04103	1524.94827
2025-08-12T14:04:05Z	25206.00000	1555.06449	1538.04148	1524.94814
2025-08-12T14:04:05Z	25206.00000	1555.06464	1538.04252	1524.94811
2025-08-12T14:04:05Z	25206.00000	1555.06377	1538.04131	1524.94760
2025-08-12T14:04:05Z	25206.00000	1555.06385	1538.04096	1524.94671
2025-08-12T14:04:05Z	25207.00000	1555.06420	1538.04188	1524.94798
2025-08-12T14:04:05Z	25207.00000	1555.06457	1538.04020	1524.94768
2025-08-12T14:04:05Z	25207.00000	1555.06418	1538.04022	1524.94817
2025-08-12T14:04:05Z	25207.00000	1555.06392	1538.04124	1524.94809
2025-08-12T14:04:05Z	25207.00000	1555.06388	1538.04174	1524.94761
2025-08-12T14:04:06Z	25207.00000	1555.06419	1538.04093	1524.94762
2025-08-12T14:04:06Z	25207.00000	1555.06384	1538.04122	1524.94724
2025-08-12T14:04:06Z	25207.00000	1555.06402	1538.04074	1524.94760
2025-08-12T14:04:06Z	25207.00000	1555.06423	1538.04114	1524.94715
2025-08-12T14:04:06Z	25207.00000	1555.06371	1538.03979	1524.94701
2025-08-12T14:04:06Z	25208.00000	1555.06393	1538.04092	1524.94838
2025-08-12T14:04:06Z	25208.00000	1555.06444	1538.04164	1524.94751
2025-08-12T14:04:06Z	25208.00000	1555.06385	1538.03983	1524.94765
2025-08-12T14:04:06Z	25208.00000	1555.06294	1538.03909	1524.94770
2025-08-12T14:04:06Z	25208.00000	1555.06414	1538.04182	1524.94730
2025-08-12T14:04:07Z	25208.00000	1555.06318	1538.03984	1524.94750
2025-08-12T14:04:07Z	25208.00000	1555.06369	1538.04203	1524.94815
2025-08-12T14:04:07Z	25208.00000	1555.06384	1538.04111	1524.94746
2025-08-12T14:04:07Z	25208.00000	1555.06314	1538.03860	1524.94790
2025-08-12T14:04:07Z	25208.00000	1555.06319	1538.03986	1524.94718
2025-08-12T14:04:07Z	25209.00000	1555.06295	1538.04047	1524.94725
2025-08-12T14:04:07Z	25209.00000	1555.06262	1538.04067	1524.94758
2025-08-12T14:04:07Z	25209.00000	1555.06341	1538.04137	1524.94815
2025-08-12T14:04:07Z	25209.00000	1555.06299	1538.03983	1524.94760
2025-08-12T14:04:08Z	25209.00000	1555.06310	1538.04016	1524.94810
2025-08-12T14:04:08Z	25209.00000	1555.06300	1538.03937	1524.94722
2025-08-12T14:04:08Z	25209.00000	1555.06382	1538.03959	1524.94808
2025-08-12T14:04:08Z	25209.00000	1555.06273	1538.03916	1524.94746
2025-08-12T14:04:08Z	25209.00000	1555.06334	1538.03980	1524.94774
2025-08-12T14:04:08Z	25210.00000	1555.06313	1538.03858	1524.94750
2025-08-12T14:04:08Z	25210.00000	1555.06217	1538.04072	1524.94765
2025-08-12T14:04:08Z	25210.00000	1555.06377	1538.03910	1524.94690
2025-08-12T14:04:08Z	25210.00000	1555.06257	1538.04016	1524.94786
2025-08-12T14:04:08Z	25210.00000	1555.06277	1538.03799	1524.94740
2025-08-12T14:04:09Z	25210.00000	1555.06316	1538.03952	1524.94713
2025-08-12T14:04:09Z	25210.00000	1555.06257	1538.03845	1524.94711
2025-08-12T14:04:09Z	25210.00000	1555.06278	1538.03938	1524.94659
2025-08-12T14:04:09Z	25210.00000	1555.06273	1538.03796	1524.94691
2025-08-12T14:04:09Z	25210.00000	1555.06267	1538.03747	1524.94785
2025-08-12T14:04:09Z	25211.00000	1555.06296	1538.03948	1524.94836
2025-08-12T14:04:09Z	25211.00000	1555.06250	1538.04013	1524.94763
2025-08-12T14:04:09Z	25211.00000	1555.06295	1538.03837	1524.94800
2025-08-12T14:04:09Z	25211.00000	1555.06257	1538.03853	1524.94741
2025-08-12T14:04:09Z	25211.00000	1555.06281	1538.03989	1524.94772
2025-08-12T14:04:10Z	25211.00000	1555.06305	1538.03901	1524.94806
2025-08-12T14:04:10Z	25211.00000	1555.06249	1538.03829	1524.94745
2025-08-12T14:04:10Z	25211.00000	1555.06253	1538.03907	1524.94767
2025-08-12T14:04:10Z	25211.00000	1555.06277	1538.03953	1524.94794
2025-08-12T14:04:10Z	25212.00000	1555.06264	1538.04000	1524.94780
2025-08-12T14:04:10Z	25212.00000	1555.06303	1538.03929	1524.94738
2025-08-12T14:04:10Z	25212.00000	1555.06214	1538.03841	1524.94755
2025-08-12T14:04:10Z	25212.00000	1555.06296	1538.03878	1524.94675
2025-08-12T14:04:10Z	25212.00000	1555.06228	1538.03828	1524.94744
2025-08-12T14:04:11Z	25212.00000	1555.06223	1538.03811	1524.94729
2025-08-12T14:04:11Z	25212.00000	1555.06243	1538.03911	1524.94718
2025-08-12T14:04:11Z	25212.00000	1555.06294	1538.03764	1524.94755
2025-08-12T14:04:11Z	25212.00000	1555.06248	1538.03795	1524.94710
2025-08-12T14:04:11Z	25212.00000	1555.06251	1538.03799	1524.94752
2025-08-12T14:04:11Z	25213.00000	1555.06236	1538.03865	1524.94746
2025-08-12T14:04:11Z	25213.00000	1555.06254	1538.03680	1524.94769
2025-08-12T14:04:11Z	25213.00000	1555.06265	1538.03796	1524.94762
2025-08-12T14:04:12Z	25213.00000	1555.06206	1538.03882	1524.94735
2025-08-12T14:04:12Z	25213.00000	1555.06290	1538.03863	1524.94740
2025-08-12T14:04:12Z	25213.00000	1555.06210	1538.03824	1524.94785
2025-08-12T14:04:12Z	25213.00000	1555.06190	1538.03689	1524.94695
2025-08-12T14:04:12Z	25213.00000	1555.06206	1538.03781	1524.94769
2025-08-12T14:04:12Z	25214.00000	1555.06236	1538.03845	1524.94722
2025-08-12T14:04:12Z	25214.00000	1555.06218	1538.03848	1524.94778
2025-08-12T14:04:12Z	25214.00000	1555.06273	1538.03705	1524.94716
2025-08-12T14:04:12Z	25214.00000	1555.06248	1538.03835	1524.94735
2025-08-12T14:04:12Z	25214.00000	1555.06159	1538.03732	1524.94733
2025-08-12T14:04:13Z	25214.00000	1555.06200	1538.03703	1524.94734
2025-08-12T14:04:13Z	25214.00000	1555.06219	1538.03694	1524.94802
2025-08-12T14:04:13Z	25214.00000	1555.06216	1538.03910	1524.94766
2025-08-12T14:04:13Z	25214.00000	1555.06249	1538.03660	1524.94788
2025-08-12T14:04:13Z	25214.00000	1555.06249	1538.03688	1524.94707
2025-08-12T14:04:13Z	25215.00000	1555.06204	1538.03803	1524.94767
2025-08-12T14:04:13Z	25215.00000	1555.06236	1538.03638	1524.94701
2025-08-12T14:04:13Z	25215.00000	1555.06238	1538.03710	1524.94781
2025-08-12T14:04:13Z	25215.00000	1555.06246	1538.03684	1524.94687
2025-08-12T14:04:13Z	25215.00000	1555.06195	1538.03727	1524.94766
2025-08-12T14:04:14Z	25215.00000	1555.06182	1538.03790	1524.94723
2025-08-12T14:04:14Z	25215.00000	1555.06176	1538.03773	1524.94741
2025-08-12T14:04:14Z	25215.00000	1555.06224	1538.03629	1524.94740
2025-08-12T14:04:14Z	25215.00000	1555.06215	1538.03628	1524.94715
2025-08-12T14:04:14Z	25216.00000	1555.06217	1538.03630	1524.94731
2025-08-12T14:04:14Z	25216.00000	1555.06186	1538.03746	1524.94722
2025-08-12T14:04:14Z	25216.00000	1555.06180	1538.03755	1524.94702
2025-08-12T14:04:14Z	25216.00000	1555.06181	1538.03824	1524.94774
2025-08-12T14:04:15Z	25216.00000	1555.06248	1538.03598	1524.94773
2025-08-12T14:04:15Z	25216.00000	1555.06194	1538.03704	1524.94661
2025-08-12T14:04:15Z	25216.00000	1555.06151	1538.03502	1524.94581
2025-08-12T14:04:15Z	25216.00000	1555.06138	1538.03598	1524.94692
2025-08-12T14:04:15Z	25216.00000	1555.06237	1538.03718	1524.94783
2025-08-12T14:04:15Z	25217.00000	1555.06103	1538.03656	1524.94698
2025-08-12T14:04:15Z	25217.00000	1555.06161	1538.03646	1524.94794
2025-08-12T14:04:15Z	25217.00000	1555.06231	1538.03644	1524.94767
2025-08-12T14:04:15Z	25217.00000	1555.06142	1538.03580	1524.94676
2025-08-12T14:04:16Z	25217.00000	1555.06145	1538.03745	1524.94761
2025-08-12T14:04:16Z	25217.00000	1555.06158	1538.03727	1524.94695
2025-08-12T14:04:16Z	25217.00000	1555.06156	1538.03674	1524.94805
2025-08-12T14:04:16Z	25217.00000	1555.08246	1538.08041	1524.94167
2025-08-12T14:04:16Z	25217.00000	1555.34248	1538.48028	1524.95337
2025-08-12T14:04:16Z	25218.00000	1555.56705	1538.85194	1524.95284
2025-08-12T14:04:16Z	25218.00000	1555.71521	1539.09666	1524.94580
2025-08-12T14:04:16Z	25218.00000	1555.90931	1539.41584	1524.94806
2025-08-12T14:04:17Z	25218.00000	1555.98402	1539.54048	1524.94555
2025-08-12T14:04:17Z	25218.00000	1556.06480	1539.67572	1524.94787
2025-08-12T14:04:17Z	25218.00000	1556.14336	1539.80413	1524.94967
2025-08-12T14:04:17Z	25218.00000	1556.21342	1539.91644	1524.94872
2025-08-12T14:04:17Z	25218.00000	1556.27730	1540.02356	1524.94877
2025-08-12T14:04:17Z	25219.00000	1556.42834	1540.26050	1524.95081
2025-08-12T14:04:17Z	25219.00000	1556.48397	1540.35274	1524.95196
2025-08-12T14:04:17Z	25219.00000	1556.53907	1540.43516	1524.95206
2025-08-12T14:04:17Z	25219.00000	1556.57669	1540.49082	1524.95365
2025-08-12T14:04:18Z	25219.00000	1556.61759	1540.56214	1524.95344
2025-08-12T14:04:18Z	25219.00000	1556.65727	1540.61933	1524.95409
2025-08-12T14:04:18Z	25219.00000	1556.70115	1540.68380	1524.95483
2025-08-12T14:04:18Z	25219.00000	1556.72489	1540.73657	1524.95614
2025-08-12T14:04:18Z	25219.00000	1556.75295	1540.77586	1524.95656
2025-08-12T14:04:18Z	25220.00000	1556.78041	1540.81563	1524.95661
2025-08-12T14:04:18Z	25220.00000	1556.80391	1540.84412	1524.95824
2025-08-12T14:04:18Z	25220.00000	1556.82550	1540.87932	1524.95874
2025-08-12T14:04:18Z	25220.00000	1556.84808	1540.92230	1524.95798
2025-08-12T14:04:18Z	25220.00000	1556.86453	1540.95068	1524.95856
2025-08-12T14:04:19Z	25220.00000	1556.88313	1540.98018	1524.95983
2025-08-12T14:04:19Z	25220.00000	1556.89181	1540.99643	1524.95881
2025-08-12T14:04:19Z	25220.00000	1556.89924	1541.00654	1524.95850
2025-08-12T14:04:19Z	25220.00000	1556.90542	1541.01229	1524.95963
2025-08-12T14:04:19Z	25221.00000	1556.91146	1541.02225	1524.95953
2025-08-12T14:04:19Z	25221.00000	1556.91518	1541.02827	1524.95770
2025-08-12T14:04:19Z	25221.00000	1556.91848	1541.03203	1524.95939
2025-08-12T14:04:19Z	25221.00000	1556.92028	1541.03877	1524.95992
2025-08-12T14:04:19Z	25221.00000	1556.92298	1541.03875	1524.96083
2025-08-12T14:04:20Z	25221.00000	1556.92516	1541.04459	1524.96014
2025-08-12T14:04:20Z	25221.00000	1556.92774	1541.04782	1524.95969
2025-08-12T14:04:20Z	25221.00000	1555.31932	1538.46927	1524.97070
2025-08-12T14:04:20Z	25221.00000	1555.15946	1538.20530	1524.94994
2025-08-12T14:04:20Z	25221.00000	1555.08603	1538.07953	1524.94526
2025-08-12T14:04:20Z	25222.00000	1555.08282	1538.07138	1524.94708
2025-08-12T14:04:20Z	25222.00000	1555.08169	1538.06973	1524.94652
2025-08-12T14:04:20Z	25222.00000	1555.08048	1538.06814	1524.94877
2025-08-12T14:04:20Z	25222.00000	1555.07845	1538.06402	1524.94874
2025-08-12T14:04:21Z	25222.00000	1555.07746	1538.06348	1524.94893
2025-08-12T14:04:21Z	25222.00000	1555.07624	1538.06063	1524.94836
2025-08-12T14:04:21Z	25222.00000	1555.07564	1538.05968	1524.94802
2025-08-12T14:04:21Z	25222.00000	1555.07488	1538.05833	1524.94852
2025-08-12T14:04:21Z	25222.00000	1555.07420	1538.05944	1524.94768
2025-08-12T14:04:21Z	25223.00000	1555.07349	1538.05589	1524.94828
2025-08-12T14:04:21Z	25223.00000	1555.07329	1538.05703	1524.94746
2025-08-12T14:04:21Z	25223.00000	1555.07450	1538.05756	1524.94828
2025-08-12T14:04:21Z	25223.00000	1555.07438	1538.05551	1524.95019
2025-08-12T14:04:21Z	25223.00000	1555.07233	1538.05508	1524.94595
2025-08-12T14:04:22Z	25223.00000	1555.07065	1538.05345	1524.94679
2025-08-12T14:04:22Z	25223.00000	1555.07165	1538.05279	1524.94866
2025-08-12T14:04:22Z	25223.00000	1555.07225	1538.05503	1524.94918
2025-08-12T14:04:22Z	25223.00000	1555.06988	1538.05205	1524.94859
2025-08-12T14:04:22Z	25224.00000	1555.07054	1538.05168	1524.94762
2025-08-12T14:04:22Z	25224.00000	1555.07044	1538.05308	1524.94845
2025-08-12T14:04:22Z	25224.00000	1555.07016	1538.05115	1524.94757
2025-08-12T14:04:22Z	25224.00000	1555.06980	1538.04966	1524.94843
2025-08-12T14:04:22Z	25224.00000	1555.06934	1538.05038	1524.94811
2025-08-12T14:04:23Z	25224.00000	1555.06928	1538.05043	1524.94836
2025-08-12T14:04:23Z	25224.00000	1555.06981	1538.05004	1524.94848
2025-08-12T14:04:23Z	25224.00000	1555.06936	1538.04951	1524.94825
2025-08-12T14:04:23Z	25224.00000	1555.06823	1538.05085	1524.94838
2025-08-12T14:04:23Z	25224.00000	1555.06919	1538.04965	1524.94805
2025-08-12T14:04:23Z	25225.00000	1555.06896	1538.04876	1524.94765
2025-08-12T14:04:23Z	25225.00000	1555.06829	1538.05003	1524.94812
2025-08-12T14:04:23Z	25225.00000	1555.06805	1538.04850	1524.94792
2025-08-12T14:04:23Z	25225.00000	1555.06787	1538.04793	1524.94793
2025-08-12T14:04:23Z	25225.00000	1555.06872	1538.04785	1524.94842
2025-08-12T14:04:24Z	25225.00000	1555.06773	1538.04941	1524.94804
2025-08-12T14:04:24Z	25225.00000	1555.06778	1538.04932	1524.94772
2025-08-12T14:04:24Z	25225.00000	1555.06778	1538.04912	1524.94773
2025-08-12T14:04:24Z	25225.00000	1555.06797	1538.04791	1524.94898
2025-08-12T14:04:24Z	25225.00000	1555.06785	1538.04875	1524.94852
2025-08-12T14:04:24Z	25226.00000	1555.06733	1538.04862	1524.94852
2025-08-12T14:04:24Z	25226.00000	1555.06689	1538.04523	1524.94738
2025-08-12T14:04:24Z	25226.00000	1555.06713	1538.04593	1524.94803
2025-08-12T14:04:24Z	25226.00000	1555.06689	1538.04738	1524.94772
2025-08-12T14:04:24Z	25226.00000	1555.06690	1538.04573	1524.94760
2025-08-12T14:04:25Z	25226.00000	1555.06721	1538.04533	1524.94827
2025-08-12T14:04:25Z	25226.00000	1555.06695	1538.04520	1524.94836
2025-08-12T14:04:25Z	25226.00000	1555.06640	1538.04736	1524.94838
2025-08-12T14:04:25Z	25226.00000	1555.18866	1538.22266	1524.93415
2025-08-12T14:04:25Z	25226.00000	1555.32868	1538.46155	1524.94567
2025-08-12T14:04:25Z	25226.00000	1555.46008	1538.67346	1524.95519
2025-08-12T14:04:25Z	25227.00000	1555.57755	1538.86903	1524.95264
2025-08-12T14:04:25Z	25227.00000	1555.72551	1539.11154	1524.94530
2025-08-12T14:04:25Z	25227.00000	1555.85954	1539.33367	1524.94835
2025-08-12T14:04:25Z	25227.00000	1555.95400	1539.48920	1524.94912
2025-08-12T14:04:26Z	25227.00000	1556.02395	1539.60230	1524.94843
2025-08-12T14:04:26Z	25227.00000	1556.09010	1539.71602	1524.94755
2025-08-12T14:04:26Z	25227.00000	1556.19121	1539.88029	1524.94877
2025-08-12T14:04:26Z	25227.00000	1556.27034	1540.01577	1524.94870
2025-08-12T14:04:26Z	25227.00000	1556.33682	1540.11414	1524.95037
2025-08-12T14:04:26Z	25228.00000	1556.39311	1540.21017	1524.95161
2025-08-12T14:04:26Z	25228.00000	1556.46058	1540.30770	1524.95195
2025-08-12T14:04:26Z	25228.00000	1556.50363	1540.37747	1524.95291
2025-08-12T14:04:26Z	25228.00000	1556.55027	1540.45421	1524.95295
2025-08-12T14:04:26Z	25228.00000	1556.59265	1540.51846	1524.95473
2025-08-12T14:04:27Z	25228.00000	1556.64980	1540.60810	1524.95553
2025-08-12T14:04:27Z	25228.00000	1556.69627	1540.67262	1524.95547
2025-08-12T14:04:27Z	25228.00000	1556.72140	1540.72464	1524.95611
2025-08-12T14:04:27Z	25228.00000	1556.75321	1540.77555	1524.95537
2025-08-12T14:04:27Z	25228.00000	1556.77779	1540.81406	1524.95836
2025-08-12T14:04:27Z	25229.00000	1556.80775	1540.84903	1524.95865
2025-08-12T14:04:27Z	25229.00000	1556.82393	1540.87778	1524.95974
2025-08-12T14:04:27Z	25229.00000	1556.84427	1540.91796	1524.95891
2025-08-12T14:04:27Z	25229.00000	1556.86263	1540.94826	1524.95909
2025-08-12T14:04:27Z	25229.00000	1556.87444	1540.96623	1524.95884
2025-08-12T14:04:28Z	25229.00000	1556.88468	1540.98296	1524.95886
2025-08-12T14:04:28Z	25229.00000	1556.89394	1540.99799	1524.95964
2025-08-12T14:04:28Z	25229.00000	1556.90435	1541.01097	1524.95957
2025-08-12T14:04:28Z	25229.00000	1556.91094	1541.01992	1524.96103
2025-08-12T14:04:28Z	25229.00000	1556.91825	1541.03174	1524.95937
2025-08-12T14:04:28Z	25230.00000	1556.92187	1541.03724	1524.95966
2025-08-12T14:04:28Z	25230.00000	1556.92643	1541.04452	1524.96064
2025-08-12T14:04:28Z	25230.00000	1556.93185	1541.05080	1524.95974
2025-08-12T14:04:28Z	25230.00000	1556.93475	1541.05387	1524.96061
2025-08-12T14:04:29Z	25230.00000	1556.93482	1541.05968	1524.96104
2025-08-12T14:04:29Z	25230.00000	1555.61351	1538.89823	1524.99959
2025-08-12T14:04:29Z	25230.00000	1555.20170	1538.24913	1524.93734
2025-08-12T14:04:29Z	25230.00000	1555.08895	1538.08548	1524.94987
2025-08-12T14:04:29Z	25230.00000	1555.08480	1538.07782	1524.94701
2025-08-12T14:04:29Z	25231.00000	1555.08478	1538.07747	1524.94990
2025-08-12T14:04:29Z	25231.00000	1555.08323	1538.07502	1524.94969
2025-08-12T14:04:29Z	25231.00000	1555.08233	1538.07185	1524.94899
2025-08-12T14:04:29Z	25231.00000	1555.08168	1538.06987	1524.94887
2025-08-12T14:04:29Z	25231.00000	1555.08041	1538.06787	1524.94793
2025-08-12T14:04:30Z	25231.00000	1555.07936	1538.06614	1524.94836
2025-08-12T14:04:30Z	25231.00000	1555.07920	1538.06419	1524.94850
2025-08-12T14:04:30Z	25231.00000	1555.07799	1538.06291	1524.94888
2025-08-12T14:04:30Z	25231.00000	1555.07783	1538.06106	1524.94831
2025-08-12T14:04:30Z	25231.00000	1555.07725	1538.06139	1524.94839
2025-08-12T14:04:30Z	25232.00000	1555.07631	1538.06035	1524.94831
2025-08-12T14:04:30Z	25232.00000	1555.07597	1538.05946	1524.94893
2025-08-12T14:04:30Z	25232.00000	1555.07399	1538.05836	1524.94661
2025-08-12T14:04:30Z	25232.00000	1555.07576	1538.06000	1524.94980
2025-08-12T14:04:30Z	25232.00000	1555.07416	1538.05845	1524.94938
2025-08-12T14:04:31Z	25232.00000	1555.07416	1538.05688	1524.94799
2025-08-12T14:04:31Z	25232.00000	1555.07382	1538.05619	1524.94844
2025-08-12T14:04:31Z	25232.00000	1555.07378	1538.05718	1524.94866
2025-08-12T14:04:31Z	25232.00000	1555.07288	1538.05520	1524.94887
2025-08-12T14:04:31Z	25233.00000	1555.07258	1538.05677	1524.94839
2025-08-12T14:04:31Z	25233.00000	1555.07250	1538.05479	1524.94840
2025-08-12T14:04:31Z	25233.00000	1555.07190	1538.05345	1524.94857
2025-08-12T14:04:31Z	25233.00000	1555.07192	1538.05414	1524.94862
2025-08-12T14:04:32Z	25233.00000	1555.07187	1538.05153	1524.94889
2025-08-12T14:04:32Z	25233.00000	1555.07137	1538.05208	1524.94906
2025-08-12T14:04:32Z	25233.00000	1555.07127	1538.05291	1524.94813
2025-08-12T14:04:32Z	25233.00000	1555.07010	1538.05069	1524.94886
2025-08-12T14:04:32Z	25234.00000	1555.07044	1538.05120	1524.94850
2025-08-12T14:04:32Z	25234.00000	1555.07097	1538.04916	1524.94825
2025-08-12T14:04:32Z	25234.00000	1555.07027	1538.05031	1524.94893
2025-08-12T14:04:32Z	25234.00000	1555.07089	1538.05162	1524.94883
2025-08-12T14:04:33Z	25234.00000	1555.07011	1538.05071	1524.94777
2025-08-12T14:04:33Z	25234.00000	1555.06985	1538.05057	1524.94816
2025-08-12T14:04:33Z	25234.00000	1555.07051	1538.05042	1524.94836
2025-08-12T14:04:33Z	25234.00000	1555.06978	1538.04965	1524.94819
2025-08-12T14:04:33Z	25234.00000	1555.06913	1538.04971	1524.94854
2025-08-12T14:04:33Z	25235.00000	1555.06950	1538.05000	1524.94871
2025-08-12T14:04:33Z	25235.00000	1555.06804	1538.04986	1524.94888
2025-08-12T14:04:33Z	25235.00000	1555.06824	1538.04850	1524.94860
2025-08-12T14:04:33Z	25235.00000	1555.06898	1538.04960	1524.94832
2025-08-12T14:04:33Z	25235.00000	1555.06795	1538.04961	1524.94876
2025-08-12T14:04:34Z	25235.00000	1555.06833	1538.04924	1524.94836
2025-08-12T14:04:34Z	25235.00000	1555.06879	1538.04816	1524.94828
2025-08-12T14:04:34Z	25235.00000	1555.06828	1538.04777	1524.94737
2025-08-12T14:04:34Z	25235.00000	1555.06804	1538.04862	1524.94811
2025-08-12T14:04:34Z	25235.00000	1555.24489	1538.31853	1524.93966
2025-08-12T14:04:34Z	25236.00000	1555.38136	1538.55073	1524.95900
2025-08-12T14:04:34Z	25236.00000	1555.53179	1538.78957	1524.94775
2025-08-12T14:04:34Z	25236.00000	1555.66464	1539.00655	1524.94398
2025-08-12T14:04:34Z	25236.00000	1555.78597	1539.20839	1524.94685
2025-08-12T14:04:34Z	25236.00000	1555.89672	1539.39404	1524.94968
2025-08-12T14:04:35Z	25236.00000	1555.97388	1539.51837	1524.94844
2025-08-12T14:04:35Z	25236.00000	1556.04362	1539.63578	1524.94748
2025-08-12T14:04:35Z	25236.00000	1556.10881	1539.74305	1524.94832
2025-08-12T14:04:35Z	25236.00000	1556.18475	1539.86620	1524.94866
2025-08-12T14:04:35Z	25236.00000	1556.25126	1539.97682	1524.94923
2025-08-12T14:04:35Z	25237.00000	1556.34037	1540.11736	1524.95091
2025-08-12T14:04:35Z	25237.00000	1556.38801	1540.19925	1524.95171
2025-08-12T14:04:35Z	25237.00000	1556.44478	1540.28831	1524.95203
2025-08-12T14:04:35Z	25237.00000	1556.50075	1540.37407	1524.95301
2025-08-12T14:04:35Z	25237.00000	1556.56272	1540.46840	1524.95403
2025-08-12T14:04:36Z	25237.00000	1556.61364	1540.55386	1524.95525
2025-08-12T14:04:36Z	25237.00000	1556.65670	1540.61410	1524.95525
2025-08-12T14:04:36Z	25237.00000	1556.69524	1540.67071	1524.95564
2025-08-12T14:04:36Z	25237.00000	1556.72850	1540.73426	1524.95689
2025-08-12T14:04:36Z	25237.00000	1556.75681	1540.77961	1524.95709
2025-08-12T14:04:36Z	25238.00000	1556.79083	1540.82348	1524.95720
2025-08-12T14:04:36Z	25238.00000	1556.81652	1540.85987	1524.95852
2025-08-12T14:04:36Z	25238.00000	1556.83066	1540.89899	1524.95735
2025-08-12T14:04:36Z	25238.00000	1556.84586	1540.91749	1524.95816
2025-08-12T14:04:36Z	25238.00000	1556.85991	1540.93943	1524.95853
2025-08-12T14:04:37Z	25238.00000	1556.87561	1540.96752	1524.95885
2025-08-12T14:04:37Z	25238.00000	1556.88727	1540.98133	1524.95970
2025-08-12T14:04:37Z	25238.00000	1556.89900	1541.00341	1524.95851
2025-08-12T14:04:37Z	25238.00000	1556.90797	1541.01324	1524.96022
2025-08-12T14:04:37Z	25238.00000	1556.91347	1541.01860	1524.96008
2025-08-12T14:04:37Z	25239.00000	1556.91926	1541.03176	1524.96095
2025-08-12T14:04:37Z	25239.00000	1556.92338	1541.03777	1524.96069
2025-08-12T14:04:37Z	25239.00000	1556.92709	1541.04433	1524.96011
2025-08-12T14:04:37Z	25239.00000	1556.93161	1541.04998	1524.96037
2025-08-12T14:04:37Z	25239.00000	1556.93481	1541.05374	1524.96113
2025-08-12T14:04:38Z	25239.00000	1556.93646	1541.05659	1524.96101
2025-08-12T14:04:38Z	25239.00000	1556.93909	1541.06046	1524.96084
2025-08-12T14:04:38Z	25239.00000	1555.49470	1538.67274	1524.91115
2025-08-12T14:04:38Z	25239.00000	1555.14691	1538.17516	1524.94774
2025-08-12T14:04:38Z	25239.00000	1555.08934	1538.08646	1524.95166
2025-08-12T14:04:38Z	25240.00000	1555.08785	1538.08021	1524.94962
2025-08-12T14:04:38Z	25240.00000	1555.08515	1538.07649	1524.94713
2025-08-12T14:04:38Z	25240.00000	1555.08402	1538.07474	1524.94713
2025-08-12T14:04:38Z	25240.00000	1555.08218	1538.06956	1524.94696
2025-08-12T14:04:38Z	25240.00000	1555.08133	1538.07070	1524.94744
2025-08-12T14:04:39Z	25240.00000	1555.08147	1538.07015	1524.94913
2025-08-12T14:04:39Z	25240.00000	1555.08034	1538.06682	1524.94821
2025-08-12T14:04:39Z	25240.00000	1555.07933	1538.06486	1524.94798
2025-08-12T14:04:39Z	25240.00000	1555.07870	1538.06351	1524.94861
2025-08-12T14:04:39Z	25241.00000	1555.07741	1538.06212	1524.94848
2025-08-12T14:04:39Z	25241.00000	1555.07716	1538.06251	1524.94827
2025-08-12T14:04:39Z	25241.00000	1555.07643	1538.06045	1524.94850
2025-08-12T14:04:39Z	25241.00000	1555.07545	1538.05936	1524.94652
2025-08-12T14:04:40Z	25241.00000	1555.07567	1538.05892	1524.94915
2025-08-12T14:04:40Z	25241.00000	1555.07493	1538.06125	1524.94978
2025-08-12T14:04:40Z	25241.00000	1555.07434	1538.05694	1524.94821
2025-08-12T14:04:40Z	25241.00000	1555.07511	1538.05853	1524.94904
2025-08-12T14:04:40Z	25242.00000	1555.07378	1538.05626	1524.94810
2025-08-12T14:04:40Z	25242.00000	1555.07366	1538.05586	1524.94822
2025-08-12T14:04:40Z	25242.00000	1555.07404	1538.05693	1524.94885
2025-08-12T14:04:40Z	25242.00000	1555.07331	1538.05524	1524.94824
2025-08-12T14:04:40Z	25242.00000	1555.07315	1538.05505	1524.94863
2025-08-12T14:04:41Z	25242.00000	1555.07311	1538.05456	1524.94860
2025-08-12T14:04:41Z	25242.00000	1555.07279	1538.05442	1524.94847
2025-08-12T14:04:41Z	25242.00000	1555.07238	1538.05466	1524.94873
2025-08-12T14:04:41Z	25242.00000	1555.07217	1538.05458	1524.94836
2025-08-12T14:04:41Z	25242.00000	1555.07299	1538.05450	1524.94871
2025-08-12T14:04:41Z	25243.00000	1555.07237	1538.05400	1524.94874
2025-08-12T14:04:41Z	25243.00000	1555.07166	1538.05338	1524.94858
2025-08-12T14:04:41Z	25243.00000	1555.07160	1538.05269	1524.94826
2025-08-12T14:04:41Z	25243.00000	1555.07138	1538.05214	1524.94803
2025-08-12T14:04:41Z	25243.00000	1555.07085	1538.05157	1524.94875
2025-08-12T14:04:41Z	25243.00000	1555.07090	1538.05070	1524.94818
2025-08-12T14:04:42Z	25243.00000	1555.07025	1538.05161	1524.94787
2025-08-12T14:04:42Z	25243.00000	1555.06998	1538.05187	1524.94869
2025-08-12T14:04:42Z	25243.00000	1555.07022	1538.05093	1524.94914
2025-08-12T14:04:42Z	25243.00000	1555.07041	1538.05137	1524.94858
2025-08-12T14:04:42Z	25243.00000	1555.07001	1538.05181	1524.94858
2025-08-12T14:04:42Z	25244.00000	1555.07044	1538.05015	1524.94761
2025-08-12T14:04:42Z	25244.00000	1555.06990	1538.04925	1524.94799
2025-08-12T14:04:42Z	25244.00000	1555.06976	1538.05139	1524.94831
2025-08-12T14:04:42Z	25244.00000	1555.06905	1538.05050	1524.94864
2025-08-12T14:04:43Z	25244.00000	1555.06914	1538.04924	1524.94769
2025-08-12T14:04:43Z	25244.00000	1555.06986	1538.04935	1524.94896
2025-08-12T14:04:43Z	25244.00000	1555.24412	1538.33006	1524.94860
2025-08-12T14:04:43Z	25244.00000	1555.36508	1538.50966	1524.93868
2025-08-12T14:04:43Z	25245.00000	1555.47019	1538.68854	1524.95481
2025-08-12T14:04:43Z	25245.00000	1555.58974	1538.88646	1524.94486
2025-08-12T14:04:43Z	25245.00000	1555.70419	1539.07892	1524.94723
2025-08-12T14:04:43Z	25245.00000	1555.82293	1539.27391	1524.94437
2025-08-12T14:04:43Z	25245.00000	1555.91417	1539.42408	1524.94776
2025-08-12T14:04:44Z	25245.00000	1556.00288	1539.56917	1524.95005
2025-08-12T14:04:44Z	25245.00000	1556.07108	1539.68546	1524.94712
2025-08-12T14:04:44Z	25245.00000	1556.15150	1539.81669	1524.94980
2025-08-12T14:04:44Z	25245.00000	1556.23254	1539.94668	1524.94949
2025-08-12T14:04:44Z	25245.00000	1556.31171	1540.07659	1524.94982
2025-08-12T14:04:44Z	25246.00000	1556.37137	1540.17640	1524.95053
2025-08-12T14:04:44Z	25246.00000	1556.41977	1540.25231	1524.95178
2025-08-12T14:04:44Z	25246.00000	1556.49408	1540.37103	1524.95317
2025-08-12T14:04:44Z	25246.00000	1556.55802	1540.46537	1524.95402
2025-08-12T14:04:44Z	25246.00000	1556.60928	1540.54962	1524.95432
2025-08-12T14:04:45Z	25246.00000	1556.64789	1540.60198	1524.95483
2025-08-12T14:04:45Z	25246.00000	1556.68162	1540.65306	1524.95616
2025-08-12T14:04:45Z	25246.00000	1556.71500	1540.70035	1524.95678
2025-08-12T14:04:45Z	25246.00000	1556.73991	1540.75366	1524.95570
2025-08-12T14:04:45Z	25246.00000	1556.76520	1540.79371	1524.95720
2025-08-12T14:04:45Z	25247.00000	1556.79983	1540.84039	1524.95712
2025-08-12T14:04:45Z	25247.00000	1556.82329	1540.87561	1524.95926
2025-08-12T14:04:45Z	25247.00000	1556.83977	1540.91203	1524.95817
2025-08-12T14:04:45Z	25247.00000	1556.85415	1540.93057	1524.95812
2025-08-12T14:04:45Z	25247.00000	1556.86896	1540.95647	1524.95818
2025-08-12T14:04:46Z	25247.00000	1556.88458	1540.98181	1524.96054
2025-08-12T14:04:46Z	25247.00000	1556.89186	1540.99727	1524.96025
2025-08-12T14:04:46Z	25247.00000	1556.90210	1541.01002	1524.95945
2025-08-12T14:04:46Z	25247.00000	1556.91234	1541.01799	1524.95836
2025-08-12T14:04:46Z	25247.00000	1556.91898	1541.03636	1524.96124
2025-08-12T14:04:46Z	25248.00000	1556.92601	1541.04142	1524.96006
2025-08-12T14:04:46Z	25248.00000	1556.92895	1541.04593	1524.96078
2025-08-12T14:04:46Z	25248.00000	1556.93316	1541.05358	1524.96131
2025-08-12T14:04:46Z	25248.00000	1556.93623	1541.05765	1524.95966
2025-08-12T14:04:46Z	25248.00000	1556.93952	1541.05909	1524.96001
2025-08-12T14:04:47Z	25248.00000	1556.94023	1541.06590	1524.96058
2025-08-12T14:04:47Z	25248.00000	1556.89385	1540.97222	1525.00474
2025-08-12T14:04:47Z	25248.00000	1555.33604	1538.45760	1524.95466
2025-08-12T14:04:47Z	25248.00000	1555.13600	1538.16116	1524.93730
2025-08-12T14:04:47Z	25248.00000	1555.09043	1538.08658	1524.95006
2025-08-12T14:04:47Z	25249.00000	1555.08766	1538.08147	1524.94755
2025-08-12T14:04:47Z	25249.00000	1555.08614	1538.07778	1524.95031
2025-08-12T14:04:47Z	25249.00000	1555.08434	1538.07591	1524.94855
2025-08-12T14:04:47Z	25249.00000	1555.08254	1538.07216	1524.94672
2025-08-12T14:04:47Z	25249.00000	1555.08202	1538.06978	1524.94715
2025-08-12T14:04:48Z	25249.00000	1555.08174	1538.06860	1524.94844
2025-08-12T14:04:48Z	25249.00000	1555.07992	1538.06659	1524.94818
2025-08-12T14:04:48Z	25249.00000	1555.07961	1538.06665	1524.94801
2025-08-12T14:04:48Z	25249.00000	1555.07998	1538.06440	1524.94876
2025-08-12T14:04:48Z	25250.00000	1555.07885	1538.06400	1524.94884
2025-08-12T14:04:48Z	25250.00000	1555.07739	1538.06213	1524.94755
2025-08-12T14:04:48Z	25250.00000	1555.07562	1538.06077	1524.94922
2025-08-12T14:04:48Z	25250.00000	1555.07524	1538.05891	1524.94779
2025-08-12T14:04:49Z	25250.00000	1555.07501	1538.06125	1524.94943
2025-08-12T14:04:49Z	25250.00000	1555.07535	1538.05842	1524.94806
2025-08-12T14:04:49Z	25250.00000	1555.07527	1538.05869	1524.94808
2025-08-12T14:04:49Z	25250.00000	1555.07512	1538.05810	1524.94904
2025-08-12T14:04:49Z	25250.00000	1555.07401	1538.05837	1524.94885
2025-08-12T14:04:49Z	25251.00000	1555.07431	1538.05762	1524.94818
2025-08-12T14:04:49Z	25251.00000	1555.07458	1538.05639	1524.94806
2025-08-12T14:04:49Z	25251.00000	1555.07342	1538.05646	1524.94864
2025-08-12T14:04:49Z	25251.00000	1555.07287	1538.05590	1524.94793
2025-08-12T14:04:50Z	25251.00000	1555.07354	1538.05659	1524.94874
2025-08-12T14:04:50Z	25251.00000	1555.07226	1538.05531	1524.94895
2025-08-12T14:04:50Z	25251.00000	1555.07332	1538.05477	1524.94924
2025-08-12T14:04:50Z	25251.00000	1555.07304	1538.05459	1524.94877
2025-08-12T14:04:50Z	25251.00000	1555.07250	1538.05590	1524.94807
2025-08-12T14:04:50Z	25252.00000	1555.07257	1538.05328	1524.94874
2025-08-12T14:04:50Z	25252.00000	1555.07246	1538.05345	1524.94896
2025-08-12T14:04:50Z	25252.00000	1555.07221	1538.05302	1524.94801
2025-08-12T14:04:50Z	25252.00000	1555.07112	1538.05325	1524.94845
2025-08-12T14:04:51Z	25252.00000	1555.07142	1538.05332	1524.94855
2025-08-12T14:04:51Z	25252.00000	1555.07083	1538.05275	1524.94829
2025-08-12T14:04:51Z	25252.00000	1555.07106	1538.05246	1524.94859
2025-08-12T14:04:51Z	25253.00000	1555.07059	1538.05326	1524.94906
2025-08-12T14:04:51Z	25253.00000	1555.07055	1538.05155	1524.94883
2025-08-12T14:04:51Z	25253.00000	1555.07092	1538.05150	1524.94861
2025-08-12T14:04:51Z	25253.00000	1555.07009	1538.05119	1524.94800
2025-08-12T14:04:52Z	25253.00000	1555.06963	1538.05094	1524.94872
2025-08-12T14:04:52Z	25253.00000	1555.07047	1538.05024	1524.94879
2025-08-12T14:04:52Z	25253.00000	1555.24146	1538.30846	1524.93449
2025-08-12T14:04:52Z	25253.00000	1555.39576	1538.56967	1524.94962
2025-08-12T14:04:52Z	25254.00000	1555.57637	1538.87048	1524.95390
2025-08-12T14:04:52Z	25254.00000	1555.67144	1539.02376	1524.94821
2025-08-12T14:04:52Z	25254.00000	1555.77983	1539.19832	1524.95009
2025-08-12T14:04:52Z	25254.00000	1555.90655	1539.41226	1524.94645
2025-08-12T14:04:52Z	25254.00000	1556.00783	1539.57851	1524.94911
2025-08-12T14:04:53Z	25254.00000	1556.07623	1539.69277	1524.94917
2025-08-12T14:04:53Z	25254.00000	1556.15397	1539.82371	1524.95029
2025-08-12T14:04:53Z	25254.00000	1556.23426	1539.95113	1524.94936
2025-08-12T14:04:53Z	25254.00000	1556.31371	1540.07976	1524.95011
2025-08-12T14:04:53Z	25254.00000	1556.36345	1540.15538	1524.95234
2025-08-12T14:04:53Z	25255.00000	1556.41311	1540.23825	1524.95186
2025-08-12T14:04:53Z	25255.00000	1556.47925	1540.33615	1524.95230
2025-08-12T14:04:53Z	25255.00000	1556.55932	1540.46735	1524.95343
2025-08-12T14:04:53Z	25255.00000	1556.60237	1540.54369	1524.95435
2025-08-12T14:04:54Z	25255.00000	1556.64772	1540.60274	1524.95384
2025-08-12T14:04:54Z	25255.00000	1556.69541	1540.67131	1524.95719
2025-08-12T14:04:54Z	25255.00000	1556.74819	1540.76953	1524.95769
2025-08-12T14:04:54Z	25255.00000	1556.77852	1540.81508	1524.95842
2025-08-12T14:04:54Z	25256.00000	1556.80524	1540.84893	1524.95818
2025-08-12T14:04:54Z	25256.00000	1556.82538	1540.88151	1524.95836
2025-08-12T14:04:54Z	25256.00000	1556.86076	1540.94623	1524.95966
2025-08-12T14:04:54Z	25256.00000	1556.87744	1540.97147	1524.95931
2025-08-12T14:04:55Z	25256.00000	1556.89203	1540.99587	1524.95952
2025-08-12T14:04:55Z	25256.00000	1556.89907	1541.00594	1524.95886
2025-08-12T14:04:55Z	25256.00000	1556.91073	1541.01818	1524.96084
2025-08-12T14:04:55Z	25256.00000	1556.91779	1541.03056	1524.96099
2025-08-12T14:04:55Z	25256.00000	1556.92346	1541.03690	1524.96038
2025-08-12T14:04:55Z	25257.00000	1556.92627	1541.04441	1524.96127
2025-08-12T14:04:55Z	25257.00000	1556.93373	1541.05319	1524.96113
2025-08-12T14:04:55Z	25257.00000	1556.93682	1541.06182	1524.96092
2025-08-12T14:04:55Z	25257.00000	1556.93906	1541.06333	1524.95984
2025-08-12T14:04:56Z	25257.00000	1556.93978	1541.06561	1524.96075
2025-08-12T14:04:56Z	25257.00000	1556.94154	1541.06809	1524.96057
2025-08-12T14:04:56Z	25257.00000	1555.63243	1538.96376	1525.01619
2025-08-12T14:04:56Z	25257.00000	1555.21580	1538.30110	1524.95372
2025-08-12T14:04:56Z	25257.00000	1555.09201	1538.09058	1524.95077
2025-08-12T14:04:56Z	25258.00000	1555.08932	1538.08573	1524.94780
2025-08-12T14:04:56Z	25258.00000	1555.08608	1538.07829	1524.94937
2025-08-12T14:04:56Z	25258.00000	1555.08469	1538.07738	1524.94968
2025-08-12T14:04:56Z	25258.00000	1555.08300	1538.07260	1524.94735
2025-08-12T14:04:57Z	25258.00000	1555.08276	1538.07099	1524.94790
2025-08-12T14:04:57Z	25258.00000	1555.08120	1538.06892	1524.94880
2025-08-12T14:04:57Z	25258.00000	1555.08021	1538.06843	1524.94810
2025-08-12T14:04:57Z	25259.00000	1555.07992	1538.06582	1524.94730
2025-08-12T14:04:57Z	25259.00000	1555.07921	1538.06538	1524.94834
2025-08-12T14:04:57Z	25259.00000	1555.07733	1538.06208	1524.94690
2025-08-12T14:04:57Z	25259.00000	1555.07716	1538.06146	1524.94659
2025-08-12T14:04:58Z	25259.00000	1555.07739	1538.06162	1524.94918
2025-08-12T14:04:58Z	25259.00000	1555.07560	1538.06113	1524.94786
2025-08-12T14:04:58Z	25259.00000	1555.07560	1538.06035	1524.94749
2025-08-12T14:04:58Z	25259.00000	1555.07551	1538.05996	1524.94803
2025-08-12T14:04:58Z	25260.00000	1555.07584	1538.06067	1524.94900
2025-08-12T14:04:58Z	25260.00000	1555.07545	1538.05848	1524.94877
2025-08-12T14:04:58Z	25260.00000	1555.07498	1538.05889	1524.94789
2025-08-12T14:04:58Z	25260.00000	1555.07498	1538.05772	1524.94851
2025-08-12T14:04:58Z	25260.00000	1555.07389	1538.05742	1524.94837
2025-08-12T14:04:59Z	25260.00000	1555.07395	1538.05622	1524.94903
2025-08-12T14:04:59Z	25260.00000	1555.07358	1538.05562	1524.94885
2025-08-12T14:04:59Z	25260.00000	1555.07321	1538.05668	1524.94845
2025-08-12T14:04:59Z	25260.00000	1555.07316	1538.05574	1524.94895
2025-08-12T14:04:59Z	25261.00000	1555.07314	1538.05491	1524.94875
2025-08-12T14:04:59Z	25261.00000	1555.07311	1538.05523	1524.94830
2025-08-12T14:04:59Z	25261.00000	1555.07311	1538.05417	1524.94855
2025-08-12T14:04:59Z	25261.00000	1555.07251	1538.05389	1524.94857
2025-08-12T14:04:59Z	25261.00000	1555.07264	1538.05420	1524.94883
2025-08-12T14:05:00Z	25261.00000	1555.07309	1538.05399	1524.94747
2025-08-12T14:05:00Z	25261.00000	1555.07204	1538.05383	1524.94836
2025-08-12T14:05:00Z	25261.00000	1555.07139	1538.05277	1524.94791
2025-08-12T14:05:00Z	25261.00000	1555.07168	1538.05186	1524.94928
2025-08-12T14:05:00Z	25262.00000	1555.07105	1538.05209	1524.94853
2025-08-12T14:05:00Z	25262.00000	1555.07073	1538.05417	1524.94790
2025-08-12T14:05:00Z	25262.00000	1555.07045	1538.05284	1524.94850
2025-08-12T14:05:00Z	25262.00000	1555.07097	1538.05210	1524.94747
2025-08-12T14:05:01Z	25262.00000	1555.07025	1538.05185	1524.94856
2025-08-12T14:05:01Z	25262.00000	1555.07112	1538.05178	1524.94812
2025-08-12T14:05:01Z	25262.00000	1555.24577	1538.33543	1524.95034
2025-08-12T14:05:01Z	25263.00000	1555.39306	1538.56704	1524.95401
2025-08-12T14:05:01Z	25263.00000	1555.57484	1538.86786	1524.95540
2025-08-12T14:05:01Z	25263.00000	1555.70745	1539.08502	1524.95107
2025-08-12T14:05:01Z	25263.00000	1555.82835	1539.28399	1524.94620
2025-08-12T14:05:01Z	25263.00000	1555.93985	1539.46853	1524.94563
2025-08-12T14:05:02Z	25263.00000	1556.04219	1539.63738	1524.94723
2025-08-12T14:05:02Z	25263.00000	1556.21687	1539.92362	1524.95058
2025-08-12T14:05:02Z	25263.00000	1556.27178	1540.01657	1524.94922
2025-08-12T14:05:02Z	25264.00000	1556.33908	1540.11792	1524.95074
2025-08-12T14:05:02Z	25264.00000	1556.40681	1540.22826	1524.95111
2025-08-12T14:05:02Z	25264.00000	1556.46298	1540.31065	1524.95253
2025-08-12T14:05:02Z	25264.00000	1556.51589	1540.39939	1524.95311
2025-08-12T14:05:02Z	25264.00000	1556.56891	1540.47798	1524.95391
2025-08-12T14:05:02Z	25264.00000	1556.61178	1540.55392	1524.95410
2025-08-12T14:05:03Z	25264.00000	1556.66535	1540.63134	1524.95580
2025-08-12T14:05:03Z	25264.00000	1556.69576	1540.67103	1524.95649
2025-08-12T14:05:03Z	25264.00000	1556.72855	1540.73914	1524.95699
2025-08-12T14:05:03Z	25264.00000	1556.75818	1540.78342	1524.95692
2025-08-12T14:05:03Z	25265.00000	1556.79549	1540.83024	1524.95763
2025-08-12T14:05:03Z	25265.00000	1556.83572	1540.90411	1524.95850
2025-08-12T14:05:03Z	25265.00000	1556.85558	1540.93736	1524.95631
2025-08-12T14:05:03Z	25265.00000	1556.87017	1540.95968	1524.95855
2025-08-12T14:05:04Z	25265.00000	1556.88599	1540.98410	1524.95988
2025-08-12T14:05:04Z	25265.00000	1556.89609	1541.00013	1524.95914
2025-08-12T14:05:04Z	25265.00000	1556.90699	1541.01126	1524.96057
2025-08-12T14:05:04Z	25265.00000	1556.91288	1541.02543	1524.95941
2025-08-12T14:05:04Z	25265.00000	1556.91864	1541.03341	1524.96068
2025-08-12T14:05:04Z	25266.00000	1556.92326	1541.03913	1524.96052
2025-08-12T14:05:04Z	25266.00000	1556.92876	1541.04659	1524.96104
2025-08-12T14:05:04Z	25266.00000	1556.93084	1541.04896	1524.96011
2025-08-12T14:05:04Z	25266.00000	1556.93482	1541.05784	1524.96059
2025-08-12T14:05:04Z	25266.00000	1556.93859	1541.06157	1524.96011
2025-08-12T14:05:05Z	25266.00000	1556.94082	1541.06453	1524.96087
2025-08-12T14:05:05Z	25266.00000	1556.05536	1539.69164	1524.87663
2025-08-12T14:05:05Z	25266.00000	1555.27452	1538.39541	1524.96070
2025-08-12T14:05:05Z	25266.00000	1555.12208	1538.12584	1524.95505
2025-08-12T14:05:05Z	25266.00000	1555.09113	1538.08757	1524.94865
2025-08-12T14:05:05Z	25267.00000	1555.08954	1538.08314	1524.94850
2025-08-12T14:05:05Z	25267.00000	1555.08614	1538.07981	1524.94821
2025-08-12T14:05:05Z	25267.00000	1555.08396	1538.07474	1524.94638
2025-08-12T14:05:05Z	25267.00000	1555.08380	1538.07521	1524.94879
2025-08-12T14:05:06Z	25267.00000	1555.08118	1538.07029	1524.94811
2025-08-12T14:05:06Z	25267.00000	1555.08062	1538.06848	1524.94875
2025-08-12T14:05:06Z	25267.00000	1555.08121	1538.06657	1524.94813
2025-08-12T14:05:06Z	25267.00000	1555.07993	1538.06602	1524.94836
2025-08-12T14:05:06Z	25268.00000	1555.07944	1538.06430	1524.94817
2025-08-12T14:05:06Z	25268.00000	1555.07835	1538.06318	1524.94841
2025-08-12T14:05:06Z	25268.00000	1555.07786	1538.06366	1524.94782
2025-08-12T14:05:06Z	25268.00000	1555.07858	1538.06153	1524.94982
2025-08-12T14:05:06Z	25268.00000	1555.07659	1538.06184	1524.94658
2025-08-12T14:05:07Z	25268.00000	1555.07670	1538.06297	1524.94874
2025-08-12T14:05:07Z	25268.00000	1555.07663	1538.06172	1524.94925
2025-08-12T14:05:07Z	25268.00000	1555.07591	1538.05993	1524.94782
2025-08-12T14:05:07Z	25268.00000	1555.07543	1538.05915	1524.94762
2025-08-12T14:05:07Z	25268.00000	1555.07468	1538.05988	1524.94892
2025-08-12T14:05:07Z	25269.00000	1555.07445	1538.05783	1524.94799
2025-08-12T14:05:07Z	25269.00000	1555.07415	1538.05853	1524.94850
2025-08-12T14:05:07Z	25269.00000	1555.07415	1538.05769	1524.94764
2025-08-12T14:05:07Z	25269.00000	1555.07451	1538.05805	1524.94810
2025-08-12T14:05:08Z	25269.00000	1555.07359	1538.05493	1524.94781
2025-08-12T14:05:08Z	25269.00000	1555.07420	1538.05726	1524.94827
2025-08-12T14:05:08Z	25269.00000	1555.07318	1538.05496	1524.94853
2025-08-12T14:05:08Z	25269.00000	1555.07357	1538.05620	1524.94779
2025-08-12T14:05:08Z	25270.00000	1555.07310	1538.05417	1524.94901
2025-08-12T14:05:08Z	25270.00000	1555.07338	1538.05536	1524.94817
2025-08-12T14:05:08Z	25270.00000	1555.07291	1538.05605	1524.94846
2025-08-12T14:05:08Z	25270.00000	1555.07335	1538.05556	1524.94875
2025-08-12T14:05:08Z	25270.00000	1555.07247	1538.05406	1524.94900
2025-08-12T14:05:08Z	25270.00000	1555.07243	1538.05337	1524.94833
2025-08-12T14:05:09Z	25270.00000	1555.07273	1538.05427	1524.94808
2025-08-12T14:05:09Z	25270.00000	1555.07158	1538.05308	1524.94800
2025-08-12T14:05:09Z	25270.00000	1555.07140	1538.05246	1524.94812
2025-08-12T14:05:09Z	25271.00000	1555.07103	1538.05176	1524.94743
2025-08-12T14:05:09Z	25271.00000	1555.07071	1538.05298	1524.94820
2025-08-12T14:05:09Z	25271.00000	1555.07063	1538.05279	1524.94800
2025-08-12T14:05:10Z	25271.00000	1555.07054	1538.05205	1524.94817
2025-08-12T14:05:10Z	25271.00000	1555.07045	1538.05141	1524.94875
2025-08-12T14:05:10Z	25271.00000	1555.07124	1538.05223	1524.94833
2025-08-12T14:05:10Z	25271.00000	1555.21684	1538.28968	1524.95627
2025-08-12T14:05:10Z	25271.00000	1555.37947	1538.54967	1524.95804
2025-08-12T14:05:10Z	25272.00000	1555.53213	1538.79143	1524.94638
2025-08-12T14:05:10Z	25272.00000	1555.68199	1539.04004	1524.95211
2025-08-12T14:05:10Z	25272.00000	1555.76881	1539.18856	1524.94922
2025-08-12T14:05:10Z	25272.00000	1555.88419	1539.37576	1524.94491
2025-08-12T14:05:11Z	25272.00000	1556.00542	1539.57329	1524.94964
2025-08-12T14:05:11Z	25272.00000	1556.09904	1539.73130	1524.94935
2025-08-12T14:05:11Z	25272.00000	1556.18754	1539.87070	1524.94722
2025-08-12T14:05:11Z	25272.00000	1556.26737	1540.01132	1524.94899
2025-08-12T14:05:11Z	25272.00000	1556.33477	1540.11138	1524.94940
2025-08-12T14:05:11Z	25273.00000	1556.39430	1540.21088	1524.95240
2025-08-12T14:05:11Z	25273.00000	1556.46083	1540.30926	1524.95227
2025-08-12T14:05:11Z	25273.00000	1556.51333	1540.39798	1524.95241
2025-08-12T14:05:11Z	25273.00000	1556.56050	1540.47014	1524.95358
2025-08-12T14:05:11Z	25273.00000	1556.59663	1540.53436	1524.95424
2025-08-12T14:05:12Z	25273.00000	1556.64352	1540.59593	1524.95510
2025-08-12T14:05:12Z	25273.00000	1556.68426	1540.65557	1524.95617
2025-08-12T14:05:12Z	25273.00000	1556.71584	1540.71858	1524.95466
2025-08-12T14:05:12Z	25273.00000	1556.74578	1540.76478	1524.95837
2025-08-12T14:05:12Z	25273.00000	1556.77558	1540.80909	1524.95660
2025-08-12T14:05:12Z	25274.00000	1556.80145	1540.84428	1524.95611
2025-08-12T14:05:12Z	25274.00000	1556.82343	1540.87518	1524.95765
2025-08-12T14:05:12Z	25274.00000	1556.83752	1540.91224	1524.95776
2025-08-12T14:05:12Z	25274.00000	1556.85558	1540.93616	1524.95765
2025-08-12T14:05:12Z	25274.00000	1556.87012	1540.95892	1524.95755
2025-08-12T14:05:12Z	25274.00000	1556.88297	1540.98007	1524.95862
2025-08-12T14:05:13Z	25274.00000	1556.89505	1540.99914	1524.95991
2025-08-12T14:05:13Z	25274.00000	1556.90477	1541.01030	1524.96042
2025-08-12T14:05:13Z	25274.00000	1556.91449	1541.02637	1524.96039
2025-08-12T14:05:13Z	25274.00000	1556.92052	1541.03498	1524.95935
2025-08-12T14:05:13Z	25275.00000	1556.92773	1541.04660	1524.95957
2025-08-12T14:05:13Z	25275.00000	1556.93054	1541.05031	1524.96090
2025-08-12T14:05:13Z	25275.00000	1556.93525	1541.05792	1524.95993
2025-08-12T14:05:13Z	25275.00000	1556.93750	1541.06369	1524.96080
2025-08-12T14:05:13Z	25275.00000	1556.94016	1541.06634	1524.95951
2025-08-12T14:05:14Z	25275.00000	1556.94115	1541.06783	1524.95980
2025-08-12T14:05:14Z	25275.00000	1555.54763	1538.74614	1524.91782
2025-08-12T14:05:14Z	25275.00000	1555.17436	1538.22687	1524.94174
2025-08-12T14:05:14Z	25275.00000	1555.09013	1538.08564	1524.94771
2025-08-12T14:05:14Z	25276.00000	1555.08790	1538.07993	1524.94683
2025-08-12T14:05:14Z	25276.00000	1555.08652	1538.07781	1524.94768
2025-08-12T14:05:14Z	25276.00000	1555.08440	1538.07433	1524.94661
2025-08-12T14:05:14Z	25276.00000	1555.08253	1538.07290	1524.94709
2025-08-12T14:05:14Z	25276.00000	1555.08257	1538.07256	1524.94878
2025-08-12T14:05:15Z	25276.00000	1555.08100	1538.06884	1524.94746
2025-08-12T14:05:15Z	25276.00000	1555.08063	1538.06798	1524.94817
2025-08-12T14:05:15Z	25276.00000	1555.08065	1538.06900	1524.94809
2025-08-12T14:05:15Z	25276.00000	1555.07987	1538.06741	1524.94834
2025-08-12T14:05:15Z	25277.00000	1555.07893	1538.06525	1524.94828
2025-08-12T14:05:15Z	25277.00000	1555.07811	1538.06284	1524.94861
2025-08-12T14:05:15Z	25277.00000	1555.07713	1538.06316	1524.94737
2025-08-12T14:05:15Z	25277.00000	1555.07716	1538.06148	1524.94944
2025-08-12T14:05:16Z	25277.00000	1555.07606	1538.06087	1524.94917
2025-08-12T14:05:16Z	25277.00000	1555.07551	1538.06143	1524.94881
2025-08-12T14:05:16Z	25277.00000	1555.07596	1538.05974	1524.94866
2025-08-12T14:05:16Z	25277.00000	1555.07445	1538.05741	1524.94790
2025-08-12T14:05:16Z	25278.00000	1555.07496	1538.05899	1524.94855
2025-08-12T14:05:16Z	25278.00000	1555.07502	1538.05782	1524.94773
2025-08-12T14:05:16Z	25278.00000	1555.07433	1538.05827	1524.94875
2025-08-12T14:05:16Z	25278.00000	1555.07462	1538.05763	1524.94812
2025-08-12T14:05:16Z	25278.00000	1555.07431	1538.05732	1524.94841
2025-08-12T14:05:17Z	25278.00000	1555.07422	1538.05737	1524.94814
2025-08-12T14:05:17Z	25278.00000	1555.07413	1538.05553	1524.94822
2025-08-12T14:05:17Z	25278.00000	1555.07348	1538.05594	1524.94890
2025-08-12T14:05:17Z	25278.00000	1555.07299	1538.05599	1524.94871
2025-08-12T14:05:17Z	25278.00000	1555.07362	1538.05574	1524.94866
2025-08-12T14:05:17Z	25279.00000	1555.07267	1538.05325	1524.94742
2025-08-12T14:05:17Z	25279.00000	1555.07285	1538.05482	1524.94866
2025-08-12T14:05:17Z	25279.00000	1555.07279	1538.05264	1524.94866
2025-08-12T14:05:17Z	25279.00000	1555.07209	1538.05328	1524.94881
2025-08-12T14:05:18Z	25279.00000	1555.07221	1538.05511	1524.94789
2025-08-12T14:05:18Z	25279.00000	1555.07230	1538.05368	1524.94790
2025-08-12T14:05:18Z	25279.00000	1555.07164	1538.05400	1524.94832
2025-08-12T14:05:18Z	25279.00000	1555.07141	1538.05313	1524.94759
2025-08-12T14:05:18Z	25279.00000	1555.07150	1538.05161	1524.94813
2025-08-12T14:05:18Z	25280.00000	1555.07080	1538.05272	1524.94749
2025-08-12T14:05:18Z	25280.00000	1555.07147	1538.05301	1524.94857
2025-08-12T14:05:18Z	25280.00000	1555.07054	1538.05152	1524.94879
2025-08-12T14:05:18Z	25280.00000	1555.07123	1538.05207	1524.94857
2025-08-12T14:05:19Z	25280.00000	1555.07059	1538.05259	1524.94862
2025-08-12T14:05:19Z	25280.00000	1555.07054	1538.05257	1524.94842
2025-08-12T14:05:19Z	25280.00000	1555.07056	1538.05244	1524.94851
2025-08-12T14:05:19Z	25280.00000	1555.20065	1538.26920	1524.96143
2025-08-12T14:05:19Z	25281.00000	1555.37384	1538.54301	1524.95043
2025-08-12T14:05:19Z	25281.00000	1555.56581	1538.84647	1524.94661
2025-08-12T14:05:19Z	25281.00000	1555.71216	1539.09931	1524.95142
2025-08-12T14:05:19Z	25281.00000	1555.88155	1539.37319	1524.94475
2025-08-12T14:05:20Z	25281.00000	1555.95779	1539.49787	1524.94801
2025-08-12T14:05:20Z	25281.00000	1556.02889	1539.62063	1524.94871
2025-08-12T14:05:20Z	25281.00000	1556.09564	1539.72806	1524.94764
2025-08-12T14:05:20Z	25281.00000	1556.19593	1539.89265	1524.95008
2025-08-12T14:05:20Z	25281.00000	1556.27389	1540.02120	1524.94964
2025-08-12T14:05:20Z	25282.00000	1556.34034	1540.11919	1524.95079
2025-08-12T14:05:20Z	25282.00000	1556.40006	1540.21988	1524.95128
2025-08-12T14:05:20Z	25282.00000	1556.45718	1540.30414	1524.95122
2025-08-12T14:05:20Z	25282.00000	1556.51161	1540.39379	1524.95302
2025-08-12T14:05:20Z	25282.00000	1556.56504	1540.47282	1524.95407
2025-08-12T14:05:21Z	25282.00000	1556.60795	1540.54677	1524.95463
2025-08-12T14:05:21Z	25282.00000	1556.66219	1540.62822	1524.95526
2025-08-12T14:05:21Z	25282.00000	1556.70724	1540.69191	1524.95693
2025-08-12T14:05:21Z	25282.00000	1556.75798	1540.78407	1524.95720
2025-08-12T14:05:21Z	25283.00000	1556.77972	1540.81511	1524.95647
2025-08-12T14:05:21Z	25283.00000	1556.80190	1540.84314	1524.95639
2025-08-12T14:05:21Z	25283.00000	1556.82239	1540.87501	1524.95863
2025-08-12T14:05:21Z	25283.00000	1556.84404	1540.91634	1524.95826
2025-08-12T14:05:21Z	25283.00000	1556.86083	1540.94317	1524.95853
2025-08-12T14:05:22Z	25283.00000	1556.87947	1540.97454	1524.95971
2025-08-12T14:05:22Z	25283.00000	1556.90194	1541.00472	1524.96025
2025-08-12T14:05:22Z	25283.00000	1556.91186	1541.02232	1524.95972
2025-08-12T14:05:22Z	25283.00000	1556.91943	1541.03291	1524.96035
2025-08-12T14:05:22Z	25284.00000	1556.92365	1541.03992	1524.96053
2025-08-12T14:05:22Z	25284.00000	1556.92776	1541.04996	1524.95941
2025-08-12T14:05:22Z	25284.00000	1556.93458	1541.05604	1524.96099
2025-08-12T14:05:22Z	25284.00000	1556.93686	1541.05982	1524.95988
2025-08-12T14:05:23Z	25284.00000	1556.93832	1541.06263	1524.96019
2025-08-12T14:05:23Z	25284.00000	1556.94097	1541.06699	1524.96073
2025-08-12T14:05:23Z	25284.00000	1556.02599	1539.65135	1524.86584
2025-08-12T14:05:23Z	25284.00000	1555.24683	1538.32513	1524.93441
2025-08-12T14:05:23Z	25284.00000	1555.09300	1538.08748	1524.94516
2025-08-12T14:05:23Z	25285.00000	1555.09009	1538.08618	1524.94785
2025-08-12T14:05:23Z	25285.00000	1555.08739	1538.08210	1524.94737
2025-08-12T14:05:23Z	25285.00000	1555.08573	1538.07770	1524.94970
2025-08-12T14:05:23Z	25285.00000	1555.08431	1538.07441	1524.94826
2025-08-12T14:05:23Z	25285.00000	1555.08178	1538.07142	1524.94727
2025-08-12T14:05:24Z	25285.00000	1555.08158	1538.06883	1524.94814
2025-08-12T14:05:24Z	25285.00000	1555.08090	1538.06753	1524.94796
2025-08-12T14:05:24Z	25285.00000	1555.08086	1538.06829	1524.94857
2025-08-12T14:05:24Z	25285.00000	1555.08036	1538.06838	1524.94761
2025-08-12T14:05:24Z	25286.00000	1555.07976	1538.06650	1524.94864
2025-08-12T14:05:24Z	25286.00000	1555.07910	1538.06469	1524.94812
2025-08-12T14:05:24Z	25286.00000	1555.07870	1538.06424	1524.94857
2025-08-12T14:05:24Z	25286.00000	1555.07912	1538.06653	1524.95011
2025-08-12T14:05:24Z	25286.00000	1555.07708	1538.06104	1524.94709
2025-08-12T14:05:25Z	25286.00000	1555.07590	1538.06261	1524.94720
2025-08-12T14:05:25Z	25286.00000	1555.07655	1538.06177	1524.94826
2025-08-12T14:05:25Z	25286.00000	1555.07559	1538.05897	1524.94798
2025-08-12T14:05:25Z	25286.00000	1555.07622	1538.06006	1524.94880
2025-08-12T14:05:25Z	25286.00000	1555.07614	1538.06059	1524.94929
2025-08-12T14:05:25Z	25287.00000	1555.07527	1538.05892	1524.94856
2025-08-12T14:05:25Z	25287.00000	1555.07430	1538.05954	1524.94801
2025-08-12T14:05:25Z	25287.00000	1555.07542	1538.05846	1524.94815
2025-08-12T14:05:25Z	25287.00000	1555.07391	1538.05820	1524.94940
2025-08-12T14:05:26Z	25287.00000	1555.07402	1538.05722	1524.94855
2025-08-12T14:05:26Z	25287.00000	1555.07419	1538.05668	1524.94792
2025-08-12T14:05:26Z	25287.00000	1555.07366	1538.05801	1524.94832
2025-08-12T14:05:26Z	25287.00000	1555.07274	1538.05581	1524.94797
2025-08-12T14:05:26Z	25287.00000	1555.07292	1538.05508	1524.94905
2025-08-12T14:05:26Z	25288.00000	1555.07374	1538.05669	1524.94828
2025-08-12T14:05:26Z	25288.00000	1555.07351	1538.05569	1524.94838
2025-08-12T14:05:26Z	25288.00000	1555.07295	1538.05638	1524.94884
2025-08-12T14:05:26Z	25288.00000	1555.07285	1538.05559	1524.94810
2025-08-12T14:05:26Z	25288.00000	1555.07293	1538.05600	1524.94856
2025-08-12T14:05:27Z	25288.00000	1555.07265	1538.05369	1524.94835
2025-08-12T14:05:27Z	25288.00000	1555.07267	1538.05473	1524.94838
2025-08-12T14:05:27Z	25288.00000	1555.07226	1538.05404	1524.94898
2025-08-12T14:05:27Z	25288.00000	1555.07178	1538.05396	1524.94794
2025-08-12T14:05:27Z	25288.00000	1555.07240	1538.05332	1524.94933
2025-08-12T14:05:27Z	25289.00000	1555.07177	1538.05158	1524.94844
2025-08-12T14:05:27Z	25289.00000	1555.07161	1538.05314	1524.94844
2025-08-12T14:05:27Z	25289.00000	1555.07101	1538.05300	1524.94867
2025-08-12T14:05:27Z	25289.00000	1555.07082	1538.05093	1524.94844
2025-08-12T14:05:28Z	25289.00000	1555.07089	1538.05157	1524.94834
2025-08-12T14:05:28Z	25289.00000	1555.06946	1538.05261	1524.94867
2025-08-12T14:05:28Z	25289.00000	1555.07059	1538.05127	1524.94869
2025-08-12T14:05:28Z	25289.00000	1555.19730	1538.23861	1524.93750
2025-08-12T14:05:28Z	25289.00000	1555.32052	1538.44051	1524.94720
2025-08-12T14:05:28Z	25290.00000	1555.46869	1538.68608	1524.95643
2025-08-12T14:05:28Z	25290.00000	1555.56693	1538.84999	1524.94810
2025-08-12T14:05:28Z	25290.00000	1555.66369	1539.00567	1524.94312
2025-08-12T14:05:28Z	25290.00000	1555.76503	1539.18116	1524.94576
2025-08-12T14:05:28Z	25290.00000	1555.88097	1539.37048	1524.94478
2025-08-12T14:05:29Z	25290.00000	1556.00061	1539.56339	1524.94818
2025-08-12T14:05:29Z	25290.00000	1556.06758	1539.68043	1524.94697
2025-08-12T14:05:29Z	25290.00000	1556.14804	1539.81289	1524.94849
2025-08-12T14:05:29Z	25290.00000	1556.21911	1539.92460	1524.95099
2025-08-12T14:05:29Z	25290.00000	1556.29329	1540.04621	1524.94957
2025-08-12T14:05:29Z	25291.00000	1556.37486	1540.18341	1524.95046
2025-08-12T14:05:29Z	25291.00000	1556.45324	1540.29927	1524.95264
2025-08-12T14:05:29Z	25291.00000	1556.51335	1540.39747	1524.95199
2025-08-12T14:05:29Z	25291.00000	1556.56627	1540.47952	1524.95344
2025-08-12T14:05:30Z	25291.00000	1556.65298	1540.61390	1524.95649
2025-08-12T14:05:30Z	25291.00000	1556.69308	1540.66904	1524.95675
2025-08-12T14:05:30Z	25291.00000	1556.72393	1540.73301	1524.95678
2025-08-12T14:05:30Z	25291.00000	1556.75647	1540.78457	1524.95794
2025-08-12T14:05:30Z	25292.00000	1556.80558	1540.84794	1524.95876
2025-08-12T14:05:30Z	25292.00000	1556.82523	1540.88010	1524.95862
2025-08-12T14:05:30Z	25292.00000	1556.84779	1540.92405	1524.95904
2025-08-12T14:05:30Z	25292.00000	1556.86410	1540.94808	1524.95781
2025-08-12T14:05:30Z	25292.00000	1556.87598	1540.97115	1524.95777
2025-08-12T14:05:31Z	25292.00000	1556.88890	1540.98817	1524.95891
2025-08-12T14:05:31Z	25292.00000	1556.89607	1541.00158	1524.96047
2025-08-12T14:05:31Z	25292.00000	1556.90681	1541.01229	1524.96078
2025-08-12T14:05:31Z	25292.00000	1556.91336	1541.02397	1524.96127
2025-08-12T14:05:31Z	25292.00000	1556.91884	1541.03039	1524.95941
2025-08-12T14:05:31Z	25293.00000	1556.92230	1541.03754	1524.96101
2025-08-12T14:05:31Z	25293.00000	1556.92811	1541.04527	1524.96082
2025-08-12T14:05:31Z	25293.00000	1556.93248	1541.05354	1524.96145
2025-08-12T14:05:31Z	25293.00000	1556.93611	1541.05746	1524.96052
2025-08-12T14:05:31Z	25293.00000	1556.93868	1541.06378	1524.96180
2025-08-12T14:05:32Z	25293.00000	1556.94124	1541.06625	1524.96179
2025-08-12T14:05:32Z	25293.00000	1556.94312	1541.08276	1524.96147
2025-08-12T14:05:32Z	25293.00000	1555.33919	1538.47691	1524.96253
2025-08-12T14:05:32Z	25293.00000	1555.16889	1538.21240	1524.96264
2025-08-12T14:05:32Z	25293.00000	1555.09065	1538.08924	1524.95027
2025-08-12T14:05:32Z	25294.00000	1555.08904	1538.08589	1524.94857
2025-08-12T14:05:32Z	25294.00000	1555.08615	1538.07874	1524.94729
2025-08-12T14:05:32Z	25294.00000	1555.08425	1538.07505	1524.94636
2025-08-12T14:05:32Z	25294.00000	1555.08418	1538.07485	1524.94929
2025-08-12T14:05:32Z	25294.00000	1555.08195	1538.07330	1524.94692
2025-08-12T14:05:33Z	25294.00000	1555.08289	1538.07304	1524.94943
2025-08-12T14:05:33Z	25294.00000	1555.08098	1538.07010	1524.94779
2025-08-12T14:05:33Z	25294.00000	1555.08137	1538.07052	1524.94787
2025-08-12T14:05:33Z	25294.00000	1555.08064	1538.06802	1524.94832
2025-08-12T14:05:33Z	25294.00000	1555.07994	1538.06684	1524.94855
2025-08-12T14:05:33Z	25295.00000	1555.07994	1538.06548	1524.94850
2025-08-12T14:05:33Z	25295.00000	1555.07890	1538.06621	1524.94896
2025-08-12T14:05:33Z	25295.00000	1555.07790	1538.06240	1524.94735
2025-08-12T14:05:33Z	25295.00000	1555.07774	1538.06100	1524.94756
2025-08-12T14:05:33Z	25295.00000	1555.07842	1538.06296	1524.94967
2025-08-12T14:05:34Z	25295.00000	1555.07643	1538.06239	1524.94844
2025-08-12T14:05:34Z	25295.00000	1555.07573	1538.06146	1524.94760
2025-08-12T14:05:34Z	25295.00000	1555.07626	1538.06146	1524.94850
2025-08-12T14:05:34Z	25295.00000	1555.07610	1538.06252	1524.94797
2025-08-12T14:05:34Z	25295.00000	1555.07612	1538.05991	1524.94953
2025-08-12T14:05:34Z	25296.00000	1555.07525	1538.05947	1524.94837
2025-08-12T14:05:34Z	25296.00000	1555.07545	1538.05996	1524.94843
2025-08-12T14:05:34Z	25296.00000	1555.07496	1538.05898	1524.94931
2025-08-12T14:05:34Z	25296.00000	1555.07461	1538.05759	1524.94925
2025-08-12T14:05:34Z	25296.00000	1555.07458	1538.05791	1524.94907
2025-08-12T14:05:35Z	25296.00000	1555.07390	1538.05821	1524.94892
2025-08-12T14:05:35Z	25296.00000	1555.07500	1538.05725	1524.94852
2025-08-12T14:05:35Z	25296.00000	1555.07382	1538.05546	1524.94860
2025-08-12T14:05:35Z	25296.00000	1555.07366	1538.05822	1524.94841
2025-08-12T14:05:35Z	25296.00000	1555.07351	1538.05607	1524.94860
2025-08-12T14:05:35Z	25297.00000	1555.07369	1538.05737	1524.94823
2025-08-12T14:05:35Z	25297.00000	1555.07294	1538.05552	1524.94917
2025-08-12T14:05:35Z	25297.00000	1555.07304	1538.05601	1524.94838
2025-08-12T14:05:35Z	25297.00000	1555.07307	1538.05371	1524.94889
2025-08-12T14:05:35Z	25297.00000	1555.07304	1538.05421	1524.94896
2025-08-12T14:05:36Z	25297.00000	1555.07255	1538.05596	1524.94901
2025-08-12T14:05:36Z	25297.00000	1555.07274	1538.05609	1524.94855
2025-08-12T14:05:36Z	25297.00000	1555.07183	1538.05364	1524.94817
2025-08-12T14:05:36Z	25297.00000	1555.07215	1538.05294	1524.94914
2025-08-12T14:05:36Z	25297.00000	1555.07238	1538.05391	1524.94844
2025-08-12T14:05:36Z	25298.00000	1555.07177	1538.05338	1524.94908
2025-08-12T14:05:36Z	25298.00000	1555.07167	1538.05356	1524.94859
2025-08-12T14:05:36Z	25298.00000	1555.07127	1538.05233	1524.94924
2025-08-12T14:05:36Z	25298.00000	1555.07172	1538.05372	1524.94905
2025-08-12T14:05:37Z	25298.00000	1555.07089	1538.05246	1524.94906
2025-08-12T14:05:37Z	25298.00000	1555.07097	1538.05098	1524.94902
2025-08-12T14:05:37Z	25298.00000	1555.15876	1538.17450	1524.95488
2025-08-12T14:05:37Z	25298.00000	1555.32783	1538.45327	1524.93834
2025-08-12T14:05:37Z	25299.00000	1555.50055	1538.74505	1524.95495
2025-08-12T14:05:37Z	25299.00000	1555.65682	1538.99854	1524.94622
2025-08-12T14:05:37Z	25299.00000	1555.78003	1539.19934	1524.95161
2025-08-12T14:05:37Z	25299.00000	1555.88885	1539.38520	1524.94816
2025-08-12T14:05:37Z	25299.00000	1555.96644	1539.51120	1524.94666
2025-08-12T14:05:38Z	25299.00000	1556.05049	1539.65025	1524.94819
2025-08-12T14:05:38Z	25299.00000	1556.14527	1539.80665	1524.94767
2025-08-12T14:05:38Z	25299.00000	1556.21499	1539.92372	1524.94960
2025-08-12T14:05:38Z	25299.00000	1556.27082	1540.01602	1524.94954
2025-08-12T14:05:38Z	25299.00000	1556.32708	1540.10466	1524.95065
2025-08-12T14:05:38Z	25300.00000	1556.40696	1540.22881	1524.95215
2025-08-12T14:05:38Z	25300.00000	1556.49750	1540.37468	1524.95230
2025-08-12T14:05:38Z	25300.00000	1556.54672	1540.45100	1524.95356
2025-08-12T14:05:38Z	25300.00000	1556.59153	1540.51882	1524.95459
2025-08-12T14:05:39Z	25300.00000	1556.65034	1540.60701	1524.95477
2025-08-12T14:05:39Z	25300.00000	1556.68489	1540.66221	1524.95608
2025-08-12T14:05:39Z	25300.00000	1556.72557	1540.73631	1524.95654
2025-08-12T14:05:39Z	25300.00000	1556.75979	1540.78772	1524.95754
2025-08-12T14:05:39Z	25300.00000	1556.79663	1540.83484	1524.95772
2025-08-12T14:05:39Z	25301.00000	1556.82155	1540.87519	1524.95866
2025-08-12T14:05:39Z	25301.00000	1556.86067	1540.94273	1524.95972
2025-08-12T14:05:40Z	25301.00000	1556.88732	1540.98511	1524.95989
2025-08-12T14:05:40Z	25301.00000	1556.89629	1541.00177	1524.95967
2025-08-12T14:05:40Z	25301.00000	1556.90751	1541.01082	1524.96042
2025-08-12T14:05:40Z	25301.00000	1556.91362	1541.02492	1524.96033
2025-08-12T14:05:40Z	25302.00000	1556.92605	1541.04112	1524.96084
2025-08-12T14:05:40Z	25302.00000	1556.93057	1541.05251	1524.96172
2025-08-12T14:05:40Z	25302.00000	1556.93564	1541.05937	1524.96153
2025-08-12T14:05:40Z	25302.00000	1556.93838	1541.06372	1524.96073
2025-08-12T14:05:40Z	25302.00000	1556.94068	1541.06530	1524.96124
2025-08-12T14:05:41Z	25302.00000	1556.94319	1541.08167	1524.96145
2025-08-12T14:05:41Z	25302.00000	1555.68522	1539.02322	1524.93767
2025-08-12T14:05:41Z	25302.00000	1555.19539	1538.24914	1524.93188
2025-08-12T14:05:41Z	25302.00000	1555.09078	1538.08971	1524.94950
2025-08-12T14:05:41Z	25302.00000	1555.08968	1538.08442	1524.94894
2025-08-12T14:05:41Z	25303.00000	1555.08752	1538.08068	1524.94752
2025-08-12T14:05:41Z	25303.00000	1555.08682	1538.07985	1524.95066
2025-08-12T14:05:41Z	25303.00000	1555.08504	1538.07681	1524.94859
2025-08-12T14:05:41Z	25303.00000	1555.08318	1538.07566	1524.94655
2025-08-12T14:05:41Z	25303.00000	1555.08319	1538.07410	1524.94788
2025-08-12T14:05:42Z	25303.00000	1555.08300	1538.07189	1524.94835
2025-08-12T14:05:42Z	25303.00000	1555.08109	1538.06977	1524.94846
2025-08-12T14:05:42Z	25303.00000	1555.08130	1538.06849	1524.94868
2025-08-12T14:05:42Z	25303.00000	1555.08080	1538.06847	1524.94900
2025-08-12T14:05:42Z	25304.00000	1555.08001	1538.06679	1524.94883
2025-08-12T14:05:42Z	25304.00000	1555.07964	1538.06611	1524.95015
2025-08-12T14:05:42Z	25304.00000	1555.07725	1538.06224	1524.94689
2025-08-12T14:05:42Z	25304.00000	1555.07659	1538.06278	1524.94813
2025-08-12T14:05:43Z	25304.00000	1555.07803	1538.06177	1524.94886
2025-08-12T14:05:43Z	25304.00000	1555.07784	1538.06224	1524.94936
2025-08-12T14:05:43Z	25304.00000	1555.07644	1538.06187	1524.94820
2025-08-12T14:05:43Z	25304.00000	1555.07485	1538.05990	1524.94859
2025-08-12T14:05:43Z	25305.00000	1555.07536	1538.06040	1524.94926
2025-08-12T14:05:43Z	25305.00000	1555.07532	1538.05868	1524.94888
2025-08-12T14:05:43Z	25305.00000	1555.07528	1538.05911	1524.94924
2025-08-12T14:05:43Z	25305.00000	1555.07517	1538.05893	1524.94871
2025-08-12T14:05:44Z	25305.00000	1555.07487	1538.05804	1524.94966
2025-08-12T14:05:44Z	25305.00000	1555.07396	1538.05715	1524.94839
2025-08-12T14:05:44Z	25305.00000	1555.07420	1538.05698	1524.94882
2025-08-12T14:05:44Z	25305.00000	1555.07379	1538.05650	1524.94818
2025-08-12T14:05:44Z	25305.00000	1555.07405	1538.05590	1524.94831
2025-08-12T14:05:44Z	25306.00000	1555.07303	1538.05659	1524.94861
2025-08-12T14:05:44Z	25306.00000	1555.07313	1538.05550	1524.94879
2025-08-12T14:05:44Z	25306.00000	1555.07360	1538.05479	1524.94871
2025-08-12T14:05:44Z	25306.00000	1555.07211	1538.05631	1524.94920
2025-08-12T14:05:44Z	25306.00000	1555.07311	1538.05460	1524.94812
2025-08-12T14:05:45Z	25306.00000	1555.07269	1538.05483	1524.94906
2025-08-12T14:05:45Z	25306.00000	1555.07252	1538.05482	1524.94886
2025-08-12T14:05:45Z	25306.00000	1555.07218	1538.05469	1524.94892
2025-08-12T14:05:45Z	25306.00000	1555.07189	1538.05519	1524.94864
2025-08-12T14:05:45Z	25307.00000	1555.07189	1538.05243	1524.94918
2025-08-12T14:05:45Z	25307.00000	1555.07110	1538.05484	1524.94906
2025-08-12T14:05:45Z	25307.00000	1555.07218	1538.05192	1524.94900
2025-08-12T14:05:45Z	25307.00000	1555.07154	1538.05262	1524.94853
2025-08-12T14:05:45Z	25307.00000	1555.07126	1538.05260	1524.94867
2025-08-12T14:05:46Z	25307.00000	1555.07064	1538.05273	1524.94913
2025-08-12T14:05:46Z	25307.00000	1555.07103	1538.05288	1524.94850
2025-08-12T14:05:46Z	25307.00000	1555.07047	1538.05214	1524.94906
2025-08-12T14:05:46Z	25307.00000	1555.07094	1538.05362	1524.94810
2025-08-12T14:05:46Z	25308.00000	1555.07040	1538.05286	1524.94909
2025-08-12T14:05:46Z	25308.00000	1555.07074	1538.05158	1524.94809
2025-08-12T14:05:46Z	25308.00000	1555.06970	1538.05031	1524.94888
2025-08-12T14:05:47Z	25308.00000	1555.06993	1538.05176	1524.94828
2025-08-12T14:05:47Z	25308.00000	1555.06973	1538.05047	1524.94820
2025-08-12T14:05:47Z	25308.00000	1555.07005	1538.05011	1524.94870
2025-08-12T14:05:47Z	25308.00000	1555.06922	1538.05017	1524.94880
2025-08-12T14:05:47Z	25308.00000	1555.06992	1538.05132	1524.94858
2025-08-12T14:05:47Z	25309.00000	1555.06917	1538.04972	1524.94891
2025-08-12T14:05:47Z	25309.00000	1555.06910	1538.05024	1524.94881
2025-08-12T14:05:47Z	25309.00000	1555.06941	1538.05090	1524.94804
2025-08-12T14:05:47Z	25309.00000	1555.06955	1538.05130	1524.94845
2025-08-12T14:05:47Z	25309.00000	1555.06865	1538.04771	1524.94826
2025-08-12T14:05:48Z	25309.00000	1555.06916	1538.04968	1524.94877
2025-08-12T14:05:48Z	25309.00000	1555.06847	1538.05112	1524.94845
2025-08-12T14:05:48Z	25309.00000	1555.06901	1538.04935	1524.94871
2025-08-12T14:05:48Z	25309.00000	1555.06923	1538.04920	1524.94866
2025-08-12T14:05:48Z	25310.00000	1555.06873	1538.04855	1524.94876
2025-08-12T14:05:48Z	25310.00000	1555.06905	1538.04969	1524.94832
2025-08-12T14:05:48Z	25310.00000	1555.06836	1538.04829	1524.94881
2025-08-12T14:05:48Z	25310.00000	1555.06811	1538.04930	1524.94851
2025-08-12T14:05:48Z	25310.00000	1555.06847	1538.04852	1524.94907
2025-08-12T14:05:49Z	25310.00000	1555.06856	1538.04959	1524.94863
2025-08-12T14:05:49Z	25310.00000	1555.06853	1538.05089	1524.94894
2025-08-12T14:05:49Z	25310.00000	1555.06773	1538.04931	1524.94867
2025-08-12T14:05:49Z	25310.00000	1555.06832	1538.04826	1524.94881
2025-08-12T14:05:49Z	25310.00000	1555.06790	1538.04802	1524.94868
2025-08-12T14:05:49Z	25311.00000	1555.06734	1538.04856	1524.94901
2025-08-12T14:05:49Z	25311.00000	1555.06731	1538.04846	1524.94876
2025-08-12T14:05:49Z	25311.00000	1555.06733	1538.04814	1524.94850
2025-08-12T14:05:49Z	25311.00000	1555.06763	1538.04864	1524.94880
2025-08-12T14:05:49Z	25311.00000	1555.06698	1538.04876	1524.94890
2025-08-12T14:05:50Z	25311.00000	1555.06780	1538.04668	1524.94872
2025-08-12T14:05:50Z	25311.00000	1555.06749	1538.04902	1524.94924
2025-08-12T14:05:50Z	25311.00000	1555.06763	1538.04881	1524.94882
2025-08-12T14:05:50Z	25311.00000	1555.06704	1538.04893	1524.94900
2025-08-12T14:05:50Z	25311.00000	1555.06727	1538.04755	1524.94852
2025-08-12T14:05:50Z	25312.00000	1555.06760	1538.04564	1524.94864
2025-08-12T14:05:50Z	25312.00000	1555.06740	1538.04840	1524.94883
2025-08-12T14:05:50Z	25312.00000	1555.06691	1538.04706	1524.94919
2025-08-12T14:05:50Z	25312.00000	1555.06689	1538.04613	1524.94936
2025-08-12T14:05:51Z	25312.00000	1555.06663	1538.04783	1524.94900
2025-08-12T14:05:51Z	25312.00000	1555.06641	1538.04737	1524.94819
2025-08-12T14:05:51Z	25312.00000	1555.06676	1538.04789	1524.94882
2025-08-12T14:05:51Z	25312.00000	1555.06699	1538.04627	1524.94827
2025-08-12T14:05:51Z	25312.00000	1555.06684	1538.04588	1524.94864
2025-08-12T14:05:51Z	25313.00000	1555.06670	1538.04619	1524.94841
2025-08-12T14:05:51Z	25313.00000	1555.06647	1538.04578	1524.94881
2025-08-12T14:05:51Z	25313.00000	1555.06698	1538.04588	1524.94826
2025-08-12T14:05:51Z	25313.00000	1555.06610	1538.04527	1524.94850
2025-08-12T14:05:51Z	25313.00000	1555.06657	1538.04412	1524.94855
2025-08-12T14:05:52Z	25313.00000	1555.06642	1538.04562	1524.94870
2025-08-12T14:05:52Z	25313.00000	1555.06649	1538.04481	1524.94809
2025-08-12T14:05:52Z	25313.00000	1555.06566	1538.04454	1524.94851
2025-08-12T14:05:52Z	25313.00000	1555.06619	1538.04606	1524.94884
2025-08-12T14:05:52Z	25313.00000	1555.06670	1538.04472	1524.94846
2025-08-12T14:05:52Z	25314.00000	1555.06578	1538.04383	1524.94834
2025-08-12T14:05:52Z	25314.00000	1555.06619	1538.04619	1524.94831
2025-08-12T14:05:52Z	25314.00000	1555.06623	1538.04740	1524.94870
2025-08-12T14:05:52Z	25314.00000	1555.06594	1538.04450	1524.94875
2025-08-12T14:05:53Z	25314.00000	1555.06632	1538.04567	1524.94809
2025-08-12T14:05:53Z	25314.00000	1555.06618	1538.04469	1524.94896
2025-08-12T14:05:53Z	25314.00000	1555.06518	1538.04293	1524.94827
2025-08-12T14:05:53Z	25314.00000	1555.06582	1538.04365	1524.94822
2025-08-12T14:05:53Z	25315.00000	1555.06566	1538.04443	1524.94891
2025-08-12T14:05:53Z	25315.00000	1555.06561	1538.04359	1524.94854
2025-08-12T14:05:53Z	25315.00000	1555.06598	1538.04488	1524.94819
2025-08-12T14:05:53Z	25315.00000	1555.06619	1538.04356	1524.94855
2025-08-12T14:05:53Z	25315.00000	1555.06555	1538.04322	1524.94885
2025-08-12T14:05:54Z	25315.00000	1555.06526	1538.04323	1524.94809
2025-08-12T14:05:54Z	25315.00000	1555.06456	1538.04309	1524.94870
2025-08-12T14:05:54Z	25315.00000	1555.06513	1538.04278	1524.94930
2025-08-12T14:05:54Z	25315.00000	1555.06454	1538.04339	1524.94886
2025-08-12T14:05:54Z	25316.00000	1555.06483	1538.04273	1524.94830
2025-08-12T14:05:54Z	25316.00000	1555.06500	1538.04356	1524.94913
2025-08-12T14:05:54Z	25316.00000	1555.06593	1538.04462	1524.94843
2025-08-12T14:05:55Z	25316.00000	1555.06426	1538.04350	1524.94846
2025-08-12T14:05:55Z	25316.00000	1555.06546	1538.04416	1524.94898
2025-08-12T14:05:55Z	25316.00000	1555.06463	1538.04381	1524.94861
2025-08-12T14:05:55Z	25316.00000	1555.06514	1538.04454	1524.94909
2025-08-12T14:05:55Z	25316.00000	1555.06520	1538.04299	1524.94883
2025-08-12T14:05:55Z	25317.00000	1555.06465	1538.04137	1524.94838
2025-08-12T14:05:55Z	25317.00000	1555.06490	1538.04295	1524.94786
2025-08-12T14:05:55Z	25317.00000	1555.06443	1538.04248	1524.94901
2025-08-12T14:05:56Z	25317.00000	1555.06479	1538.04257	1524.94821
2025-08-12T14:05:56Z	25317.00000	1555.06443	1538.04204	1524.94858
2025-08-12T14:05:56Z	25317.00000	1555.06413	1538.04312	1524.94847
2025-08-12T14:05:56Z	25317.00000	1555.06497	1538.04108	1524.94838
2025-08-12T14:05:56Z	25318.00000	1555.06354	1538.04071	1524.94870
2025-08-12T14:05:56Z	25318.00000	1555.06371	1538.04189	1524.94815
2025-08-12T14:05:56Z	25318.00000	1555.06410	1538.04239	1524.94873
2025-08-12T14:05:56Z	25318.00000	1555.06417	1538.04095	1524.94847
2025-08-12T14:05:56Z	25318.00000	1555.06376	1538.04196	1524.94838
2025-08-12T14:05:57Z	25318.00000	1555.06415	1538.04183	1524.94848
2025-08-12T14:05:57Z	25318.00000	1555.06387	1538.04187	1524.94826
2025-08-12T14:05:57Z	25318.00000	1555.06351	1538.04169	1524.94883
2025-08-12T14:05:57Z	25318.00000	1555.06430	1538.04232	1524.94877
2025-08-12T14:05:57Z	25318.00000	1555.06406	1538.04129	1524.94868
2025-08-12T14:05:57Z	25319.00000	1555.06402	1538.04208	1524.94915
2025-08-12T14:05:57Z	25319.00000	1555.06355	1538.04056	1524.94846
2025-08-12T14:05:57Z	25319.00000	1555.06406	1538.04193	1524.94841
2025-08-12T14:05:57Z	25319.00000	1555.06369	1538.04094	1524.94836
2025-08-12T14:05:57Z	25319.00000	1555.06453	1538.04066	1524.94851
2025-08-12T14:05:58Z	25319.00000	1555.06454	1538.04013	1524.94784
2025-08-12T14:05:58Z	25319.00000	1555.06308	1538.04053	1524.94823
2025-08-12T14:05:58Z	25319.00000	1555.06363	1538.04251	1524.94874
2025-08-12T14:05:58Z	25319.00000	1555.06386	1538.04028	1524.94806
2025-08-12T14:05:58Z	25320.00000	1555.06367	1538.04080	1524.94809
2025-08-12T14:05:58Z	25320.00000	1555.06391	1538.04021	1524.94910
2025-08-12T14:05:58Z	25320.00000	1555.06373	1538.04048	1524.94866
2025-08-12T14:05:58Z	25320.00000	1555.06365	1538.04052	1524.94874
2025-08-12T14:05:58Z	25320.00000	1555.06392	1538.03951	1524.94869
2025-08-12T14:05:59Z	25320.00000	1555.06392	1538.04033	1524.94855
2025-08-12T14:05:59Z	25320.00000	1555.06436	1538.04169	1524.94957
2025-08-12T14:05:59Z	25320.00000	1555.06329	1538.04108	1524.94885
2025-08-12T14:05:59Z	25320.00000	1555.06307	1538.04137	1524.94878
2025-08-12T14:05:59Z	25321.00000	1555.06304	1538.03932	1524.94822
2025-08-12T14:05:59Z	25321.00000	1555.06349	1538.03934	1524.94880
2025-08-12T14:05:59Z	25321.00000	1555.06355	1538.04041	1524.94886
2025-08-12T14:05:59Z	25321.00000	1555.06301	1538.03880	1524.94781
2025-08-12T14:06:00Z	25321.00000	1555.06346	1538.04074	1524.94808
2025-08-12T14:06:00Z	25321.00000	1555.06307	1538.03805	1524.94826
2025-08-12T14:06:00Z	25321.00000	1555.06303	1538.03930	1524.94887
2025-08-12T14:06:00Z	25321.00000	1555.06277	1538.03886	1524.94861
2025-08-12T14:06:00Z	25322.00000	1555.06305	1538.03870	1524.94831
2025-08-12T14:06:00Z	25322.00000	1555.06322	1538.03992	1524.94835
2025-08-12T14:06:00Z	25322.00000	1555.06312	1538.04020	1524.94866
2025-08-12T14:06:00Z	25322.00000	1555.06281	1538.03936	1524.94863
2025-08-12T14:06:01Z	25322.00000	1555.06383	1538.03885	1524.94845
2025-08-12T14:06:01Z	25322.00000	1555.06292	1538.03858	1524.94832
2025-08-12T14:06:01Z	25322.00000	1555.06260	1538.03925	1524.94785
2025-08-12T14:06:01Z	25322.00000	1555.06272	1538.03961	1524.94835
2025-08-12T14:06:01Z	25322.00000	1555.06296	1538.03843	1524.94849
2025-08-12T14:06:01Z	25323.00000	1555.06305	1538.03856	1524.94866
2025-08-12T14:06:01Z	25323.00000	1555.06247	1538.03902	1524.94814
2025-08-12T14:06:01Z	25323.00000	1555.06281	1538.03865	1524.94835
2025-08-12T14:06:01Z	25323.00000	1555.06295	1538.03842	1524.94827
2025-08-12T14:06:01Z	25323.00000	1555.06283	1538.03914	1524.94879
2025-08-12T14:06:02Z	25323.00000	1555.06242	1538.03959	1524.94848
2025-08-12T14:06:02Z	25323.00000	1555.06291	1538.03873	1524.94851
2025-08-12T14:06:02Z	25323.00000	1555.06217	1538.03890	1524.94824
2025-08-12T14:06:02Z	25323.00000	1555.06315	1538.03987	1524.94881
2025-08-12T14:06:02Z	25323.00000	1555.06278	1538.03803	1524.94834
2025-08-12T14:06:02Z	25324.00000	1555.06199	1538.04037	1524.94854
2025-08-12T14:06:02Z	25324.00000	1555.06232	1538.03889	1524.94841
2025-08-12T14:06:02Z	25324.00000	1555.06222	1538.03885	1524.94840
2025-08-12T14:06:02Z	25324.00000	1555.06231	1538.03830	1524.94820
2025-08-12T14:06:02Z	25324.00000	1555.06258	1538.03764	1524.94837
2025-08-12T14:06:03Z	25324.00000	1555.06306	1538.03858	1524.94909
2025-08-12T14:06:03Z	25324.00000	1555.06277	1538.03852	1524.94898
2025-08-12T14:06:03Z	25324.00000	1555.06270	1538.03889	1524.94896
2025-08-12T14:06:03Z	25324.00000	1555.06213	1538.03819	1524.94832
2025-08-12T14:06:03Z	25324.00000	1555.06341	1538.03917	1524.94854
2025-08-12T14:06:03Z	25325.00000	1555.06261	1538.03793	1524.94847
2025-08-12T14:06:03Z	25325.00000	1555.06228	1538.03834	1524.94884
2025-08-12T14:06:03Z	25325.00000	1555.06261	1538.03845	1524.94867
2025-08-12T14:06:03Z	25325.00000	1555.06244	1538.03775	1524.94896
2025-08-12T14:06:03Z	25325.00000	1555.06260	1538.03849	1524.94882
2025-08-12T14:06:04Z	25325.00000	1555.06269	1538.03956	1524.94842
2025-08-12T14:06:04Z	25325.00000	1555.06182	1538.03926	1524.94872
2025-08-12T14:06:04Z	25325.00000	1555.06223	1538.03744	1524.94879
2025-08-12T14:06:04Z	25325.00000	1555.06218	1538.03694	1524.94879
2025-08-12T14:06:04Z	25325.00000	1555.06266	1538.03708	1524.94818
2025-08-12T14:06:04Z	25325.00000	1555.06185	1538.03678	1524.94828
2025-08-12T14:06:04Z	25326.00000	1555.06261	1538.03721	1524.94841
2025-08-12T14:06:04Z	25326.00000	1555.06189	1538.03863	1524.94759
2025-08-12T14:06:04Z	25326.00000	1555.06218	1538.03759	1524.94883
2025-08-12T14:06:04Z	25326.00000	1555.06228	1538.03780	1524.94832
2025-08-12T14:06:05Z	25326.00000	1555.06222	1538.03716	1524.94792
2025-08-12T14:06:05Z	25326.00000	1555.06200	1538.03736	1524.94860
2025-08-12T14:06:05Z	25326.00000	1555.06215	1538.03811	1524.94895
2025-08-12T14:06:05Z	25326.00000	1555.06226	1538.03786	1524.94838
2025-08-12T14:06:05Z	25327.00000	1555.06232	1538.03822	1524.94856
2025-08-12T14:06:05Z	25327.00000	1555.06248	1538.03809	1524.94823
2025-08-12T14:06:05Z	25327.00000	1555.06215	1538.03772	1524.94833
2025-08-12T14:06:05Z	25327.00000	1555.06170	1538.03809	1524.94857
2025-08-12T14:06:06Z	25327.00000	1555.06187	1538.03747	1524.94853
2025-08-12T14:06:06Z	25327.00000	1555.06178	1538.03716	1524.94832
2025-08-12T14:06:06Z	25327.00000	1555.06156	1538.03744	1524.94871
2025-08-12T14:06:06Z	25327.00000	1555.06161	1538.03733	1524.94826
2025-08-12T14:06:06Z	25328.00000	1555.06269	1538.03741	1524.94814
2025-08-12T14:06:06Z	25328.00000	1555.06149	1538.03812	1524.94874
2025-08-12T14:06:06Z	25328.00000	1555.06195	1538.03770	1524.94857
2025-08-12T14:06:06Z	25328.00000	1555.06176	1538.03624	1524.94863
2025-08-12T14:06:06Z	25328.00000	1555.06250	1538.03746	1524.94815
2025-08-12T14:06:07Z	25328.00000	1555.06201	1538.03802	1524.94852
2025-08-12T14:06:07Z	25328.00000	1555.06185	1538.03625	1524.94880
2025-08-12T14:06:07Z	25328.00000	1555.06189	1538.03775	1524.94836
2025-08-12T14:06:07Z	25328.00000	1555.06191	1538.03666	1524.94874
2025-08-12T14:06:07Z	25328.00000	1555.06180	1538.03681	1524.94840
2025-08-12T14:06:07Z	25329.00000	1555.06253	1538.03770	1524.94859
2025-08-12T14:06:07Z	25329.00000	1555.06187	1538.03676	1524.94913
2025-08-12T14:06:07Z	25329.00000	1555.06180	1538.03760	1524.94807
2025-08-12T14:06:07Z	25329.00000	1555.06158	1538.03529	1524.94840
2025-08-12T14:06:07Z	25329.00000	1555.06168	1538.03781	1524.94884
2025-08-12T14:06:07Z	25329.00000	1555.06267	1538.03788	1524.94855
2025-08-12T14:06:08Z	25329.00000	1555.06227	1538.03737	1524.94825
2025-08-12T14:06:08Z	25329.00000	1555.06216	1538.03672	1524.94874
2025-08-12T14:06:08Z	25329.00000	1555.06217	1538.03575	1524.94851
2025-08-12T14:06:08Z	25329.00000	1555.06076	1538.03710	1524.94856
2025-08-12T14:06:08Z	25330.00000	1555.06187	1538.03772	1524.94886
2025-08-12T14:06:08Z	25330.00000	1555.06186	1538.03576	1524.94904
2025-08-12T14:06:08Z	25330.00000	1555.06114	1538.03663	1524.94890
2025-08-12T14:06:08Z	25330.00000	1555.06214	1538.03625	1524.94839
2025-08-12T14:06:08Z	25330.00000	1555.06178	1538.03639	1524.94830
2025-08-12T14:06:09Z	25330.00000	1555.06147	1538.03716	1524.94915
2025-08-12T14:06:09Z	25330.00000	1555.06119	1538.03603	1524.94751
2025-08-12T14:06:09Z	25330.00000	1555.06176	1538.03569	1524.94876
2025-08-12T14:06:09Z	25330.00000	1555.06200	1538.03628	1524.94842
2025-08-12T14:06:09Z	25330.00000	1555.06185	1538.03707	1524.94865
2025-08-12T14:06:09Z	25331.00000	1555.06156	1538.03739	1524.94842
2025-08-12T14:06:09Z	25331.00000	1555.06172	1538.03602	1524.94850
2025-08-12T14:06:09Z	25331.00000	1555.06200	1538.03760	1524.94817
2025-08-12T14:06:09Z	25331.00000	1555.06098	1538.03594	1524.94834
2025-08-12T14:06:09Z	25331.00000	1555.06142	1538.03629	1524.94842
2025-08-12T14:06:09Z	25331.00000	1555.06133	1538.03763	1524.94827
2025-08-12T14:06:10Z	25331.00000	1555.06126	1538.03629	1524.94849
2025-08-12T14:06:10Z	25331.00000	1555.06226	1538.03750	1524.94815
2025-08-12T14:06:10Z	25331.00000	1555.06164	1538.03629	1524.94948
2025-08-12T14:06:10Z	25331.00000	1555.06112	1538.03660	1524.94724
2025-08-12T14:06:10Z	25332.00000	1555.06157	1538.03604	1524.94835
2025-08-12T14:06:10Z	25332.00000	1555.06115	1538.03535	1524.94735
2025-08-12T14:06:10Z	25332.00000	1555.06091	1538.03675	1524.94869
2025-08-12T14:06:10Z	25332.00000	1555.06205	1538.03684	1524.94811
2025-08-12T14:06:10Z	25332.00000	1555.06163	1538.03566	1524.94848
2025-08-12T14:06:11Z	25332.00000	1555.06176	1538.03678	1524.94881
2025-08-12T14:06:11Z	25332.00000	1555.06159	1538.03637	1524.94848
2025-08-12T14:06:11Z	25332.00000	1555.06115	1538.03651	1524.94811
2025-08-12T14:06:11Z	25332.00000	1555.18829	1538.24687	1524.96268
2025-08-12T14:06:11Z	25332.00000	1555.31014	1538.42766	1524.94531
2025-08-12T14:06:11Z	25333.00000	1555.42894	1538.62728	1524.95394
2025-08-12T14:06:11Z	25333.00000	1555.58016	1538.87231	1524.94968
2025-08-12T14:06:11Z	25333.00000	1555.68396	1539.03739	1524.94546
2025-08-12T14:06:11Z	25333.00000	1555.76218	1539.17603	1524.94908
2025-08-12T14:06:11Z	25333.00000	1555.85154	1539.32132	1524.94638
2025-08-12T14:06:12Z	25333.00000	1555.96070	1539.50049	1524.94830
2025-08-12T14:06:12Z	25333.00000	1556.04622	1539.64365	1524.94803
2025-08-12T14:06:12Z	25333.00000	1556.11531	1539.75185	1524.94861
2025-08-12T14:06:12Z	25333.00000	1556.18798	1539.87261	1524.94912
2025-08-12T14:06:12Z	25333.00000	1556.24659	1539.96611	1524.95010
2025-08-12T14:06:12Z	25334.00000	1556.31251	1540.07763	1524.95035
2025-08-12T14:06:12Z	25334.00000	1556.37793	1540.18658	1524.95172
2025-08-12T14:06:12Z	25334.00000	1556.41653	1540.24390	1524.95199
2025-08-12T14:06:12Z	25334.00000	1556.47747	1540.33388	1524.95321
2025-08-12T14:06:12Z	25334.00000	1556.52055	1540.40698	1524.95401
2025-08-12T14:06:13Z	25334.00000	1556.55672	1540.46395	1524.95363
2025-08-12T14:06:13Z	25334.00000	1556.58672	1540.50714	1524.95328
2025-08-12T14:06:13Z	25334.00000	1556.63690	1540.58849	1524.95623
2025-08-12T14:06:13Z	25334.00000	1556.65642	1540.61757	1524.95539
2025-08-12T14:06:13Z	25335.00000	1556.67442	1540.64495	1524.95750
2025-08-12T14:06:13Z	25335.00000	1556.69528	1540.67094	1524.95586
2025-08-12T14:06:13Z	25335.00000	1556.71176	1540.70009	1524.95686
2025-08-12T14:06:13Z	25335.00000	1556.72755	1540.73811	1524.95803
2025-08-12T14:06:13Z	25335.00000	1556.74286	1540.75805	1524.95884
2025-08-12T14:06:14Z	25335.00000	1556.75395	1540.77804	1524.95827
2025-08-12T14:06:14Z	25335.00000	1556.76318	1540.79258	1524.95976
2025-08-12T14:06:14Z	25335.00000	1556.77049	1540.80243	1524.95933
2025-08-12T14:06:14Z	25335.00000	1556.77862	1540.81222	1524.95944
2025-08-12T14:06:14Z	25336.00000	1556.78265	1540.82223	1524.95854
2025-08-12T14:06:14Z	25336.00000	1556.78608	1540.82609	1524.95933
2025-08-12T14:06:14Z	25336.00000	1556.79392	1540.82939	1524.95951
2025-08-12T14:06:14Z	25336.00000	1556.79595	1540.83362	1524.95790
2025-08-12T14:06:15Z	25336.00000	1556.79705	1540.83670	1524.95912
2025-08-12T14:06:15Z	25336.00000	1556.79614	1540.83116	1524.96102
2025-08-12T14:06:15Z	25336.00000	1555.28026	1538.37531	1524.94260
2025-08-12T14:06:15Z	25336.00000	1555.09263	1538.09333	1524.94838
2025-08-12T14:06:15Z	25336.00000	1555.08104	1538.07114	1524.94783
2025-08-12T14:06:15Z	25337.00000	1555.08135	1538.06654	1524.94842
2025-08-12T14:06:15Z	25337.00000	1555.07951	1538.06471	1524.94848
2025-08-12T14:06:15Z	25337.00000	1555.07859	1538.06228	1524.94795
2025-08-12T14:06:15Z	25337.00000	1555.07653	1538.06196	1524.94851
2025-08-12T14:06:15Z	25337.00000	1555.07676	1538.06077	1524.94937
2025-08-12T14:06:16Z	25337.00000	1555.07521	1538.05841	1524.94910
2025-08-12T14:06:16Z	25337.00000	1555.07403	1538.05763	1524.94934
2025-08-12T14:06:16Z	25337.00000	1555.07403	1538.05720	1524.94957
2025-08-12T14:06:16Z	25337.00000	1555.07345	1538.05620	1524.94883
2025-08-12T14:06:16Z	25338.00000	1555.07251	1538.05506	1524.94964
2025-08-12T14:06:16Z	25338.00000	1555.07201	1538.05309	1524.94906
2025-08-12T14:06:16Z	25338.00000	1555.07168	1538.05169	1524.94721
2025-08-12T14:06:16Z	25338.00000	1555.07166	1538.05407	1524.95018
2025-08-12T14:06:16Z	25338.00000	1555.07228	1538.05403	1524.94943
2025-08-12T14:06:17Z	25338.00000	1555.07192	1538.05356	1524.94948
2025-08-12T14:06:17Z	25338.00000	1555.07009	1538.05112	1524.94951
2025-08-12T14:06:17Z	25338.00000	1555.06992	1538.05204	1524.94861
2025-08-12T14:06:17Z	25338.00000	1555.07051	1538.05073	1524.94957
2025-08-12T14:06:17Z	25338.00000	1555.07142	1538.05158	1524.94941
2025-08-12T14:06:17Z	25339.00000	1555.06991	1538.04909	1524.94977
2025-08-12T14:06:17Z	25339.00000	1555.06935	1538.05043	1524.94923
2025-08-12T14:06:17Z	25339.00000	1555.06906	1538.05023	1524.94893
2025-08-12T14:06:17Z	25339.00000	1555.06922	1538.05019	1524.94805
2025-08-12T14:06:17Z	25339.00000	1555.06848	1538.05048	1524.94905
2025-08-12T14:06:18Z	25339.00000	1555.06889	1538.04874	1524.94851
2025-08-12T14:06:18Z	25339.00000	1555.06880	1538.04972	1524.94856
2025-08-12T14:06:18Z	25339.00000	1555.06815	1538.04915	1524.94900
2025-08-12T14:06:18Z	25339.00000	1555.06738	1538.04842	1524.94871
2025-08-12T14:06:18Z	25339.00000	1555.06824	1538.04843	1524.94908
2025-08-12T14:06:18Z	25340.00000	1555.06761	1538.04834	1524.94908
2025-08-12T14:06:18Z	25340.00000	1555.06744	1538.04777	1524.94926
2025-08-12T14:06:18Z	25340.00000	1555.06713	1538.04634	1524.94937
2025-08-12T14:06:18Z	25340.00000	1555.06702	1538.04729	1524.94887
2025-08-12T14:06:19Z	25340.00000	1555.06687	1538.04675	1524.94913
2025-08-12T14:06:19Z	25340.00000	1555.06691	1538.04681	1524.94934
2025-08-12T14:06:19Z	25340.00000	1555.06637	1538.04520	1524.94788
2025-08-12T14:06:19Z	25340.00000	1555.06670	1538.04614	1524.94906
2025-08-12T14:06:19Z	25341.00000	1555.06728	1538.04532	1524.94945
2025-08-12T14:06:19Z	25341.00000	1555.06682	1538.04556	1524.94954
2025-08-12T14:06:19Z	25341.00000	1555.06644	1538.04725	1524.94923
2025-08-12T14:06:19Z	25341.00000	1555.06633	1538.04476	1524.94971
2025-08-12T14:06:19Z	25341.00000	1555.06583	1538.04416	1524.94900
2025-08-12T14:06:20Z	25341.00000	1555.06590	1538.04429	1524.94891
2025-08-12T14:06:20Z	25341.00000	1555.06603	1538.04559	1524.94847
2025-08-12T14:06:20Z	25341.00000	1555.18786	1538.23230	1524.94733
2025-08-12T14:06:20Z	25341.00000	1555.34800	1538.48922	1524.93911
2025-08-12T14:06:20Z	25342.00000	1555.57503	1538.86582	1524.95157
2025-08-12T14:06:20Z	25342.00000	1555.69600	1539.06762	1524.94470
2025-08-12T14:06:20Z	25342.00000	1555.83600	1539.29865	1524.94530
2025-08-12T14:06:20Z	25342.00000	1555.90543	1539.41243	1524.94930
2025-08-12T14:06:21Z	25342.00000	1555.98634	1539.54671	1524.94791
2025-08-12T14:06:21Z	25342.00000	1556.07132	1539.68783	1524.94945
2025-08-12T14:06:21Z	25342.00000	1556.14212	1539.80364	1524.94790
2025-08-12T14:06:21Z	25342.00000	1556.19358	1539.88886	1524.95027
2025-08-12T14:06:21Z	25342.00000	1556.25316	1539.98937	1524.94966
2025-08-12T14:06:21Z	25343.00000	1556.32925	1540.10601	1524.95090
2025-08-12T14:06:21Z	25343.00000	1556.36931	1540.17731	1524.95102
2025-08-12T14:06:21Z	25343.00000	1556.41720	1540.24928	1524.95191
2025-08-12T14:06:21Z	25343.00000	1556.47889	1540.33545	1524.95399
2025-08-12T14:06:21Z	25343.00000	1556.54263	1540.44859	1524.95418
2025-08-12T14:06:22Z	25343.00000	1556.57513	1540.49157	1524.95533
2025-08-12T14:06:22Z	25343.00000	1556.60404	1540.54525	1524.95561
2025-08-12T14:06:22Z	25343.00000	1556.63363	1540.58366	1524.95571
2025-08-12T14:06:22Z	25343.00000	1556.66450	1540.63341	1524.95766
2025-08-12T14:06:22Z	25343.00000	1556.69179	1540.67065	1524.95789
2025-08-12T14:06:22Z	25344.00000	1556.70847	1540.69867	1524.95679
2025-08-12T14:06:22Z	25344.00000	1556.72222	1540.73113	1524.95749
2025-08-12T14:06:22Z	25344.00000	1556.73810	1540.75702	1524.95862
2025-08-12T14:06:22Z	25344.00000	1556.75216	1540.77476	1524.95742
2025-08-12T14:06:23Z	25344.00000	1556.76002	1540.79238	1524.95881
2025-08-12T14:06:23Z	25344.00000	1556.76789	1540.80470	1524.95826
2025-08-12T14:06:23Z	25344.00000	1556.77636	1540.81487	1524.95873
2025-08-12T14:06:23Z	25344.00000	1556.78226	1540.82270	1524.95787
2025-08-12T14:06:23Z	25344.00000	1556.78567	1540.82806	1524.95891
2025-08-12T14:06:23Z	25345.00000	1556.79422	1540.83349	1524.95953
2025-08-12T14:06:23Z	25345.00000	1556.79884	1540.83901	1524.95928
2025-08-12T14:06:23Z	25345.00000	1556.79996	1540.84384	1524.95871
2025-08-12T14:06:23Z	25345.00000	1556.80505	1540.85125	1524.96015
2025-08-12T14:06:24Z	25345.00000	1556.80816	1540.85428	1524.95950
2025-08-12T14:06:24Z	25345.00000	1556.81080	1540.85577	1524.96035
2025-08-12T14:06:24Z	25345.00000	1555.30882	1538.45634	1524.97103
2025-08-12T14:06:24Z	25345.00000	1555.08436	1538.08103	1524.95296
2025-08-12T14:06:24Z	25346.00000	1555.08405	1538.07571	1524.94982
2025-08-12T14:06:24Z	25346.00000	1555.08220	1538.07279	1524.94920
2025-08-12T14:06:24Z	25346.00000	1555.08150	1538.07008	1524.94991
2025-08-12T14:06:24Z	25346.00000	1555.08066	1538.06742	1524.94855
2025-08-12T14:06:24Z	25346.00000	1555.07947	1538.06544	1524.94870
2025-08-12T14:06:25Z	25346.00000	1555.07872	1538.06113	1524.94864
2025-08-12T14:06:25Z	25346.00000	1555.07856	1538.06231	1524.94853
2025-08-12T14:06:25Z	25346.00000	1555.07814	1538.06262	1524.94946
2025-08-12T14:06:25Z	25346.00000	1555.07526	1538.06200	1524.94881
2025-08-12T14:06:25Z	25346.00000	1555.07584	1538.06218	1524.94932
2025-08-12T14:06:25Z	25347.00000	1555.07547	1538.06074	1524.94927
2025-08-12T14:06:25Z	25347.00000	1555.07516	1538.05916	1524.94966
2025-08-12T14:06:25Z	25347.00000	1555.07455	1538.05704	1524.94923
2025-08-12T14:06:25Z	25347.00000	1555.07428	1538.05614	1524.94804
2025-08-12T14:06:25Z	25347.00000	1555.07276	1538.05607	1524.94798
2025-08-12T14:06:26Z	25347.00000	1555.07223	1538.05481	1524.94753
2025-08-12T14:06:26Z	25347.00000	1555.07302	1538.05688	1524.94917
2025-08-12T14:06:26Z	25347.00000	1555.07322	1538.05772	1524.95040
2025-08-12T14:06:26Z	25347.00000	1555.07336	1538.05527	1524.94903
2025-08-12T14:06:26Z	25347.00000	1555.07324	1538.05239	1524.94941
2025-08-12T14:06:26Z	25348.00000	1555.07250	1538.05433	1524.94858
2025-08-12T14:06:26Z	25348.00000	1555.07213	1538.05407	1524.94938
2025-08-12T14:06:26Z	25348.00000	1555.07177	1538.05342	1524.94916
2025-08-12T14:06:26Z	25348.00000	1555.07157	1538.05234	1524.94879
2025-08-12T14:06:27Z	25348.00000	1555.07056	1538.05217	1524.94919
2025-08-12T14:06:27Z	25348.00000	1555.07048	1538.05278	1524.94934
2025-08-12T14:06:27Z	25348.00000	1555.06874	1538.05206	1524.94925
2025-08-12T14:06:27Z	25348.00000	1555.06942	1538.05072	1524.94953
2025-08-12T14:06:27Z	25349.00000	1555.07007	1538.05356	1524.94918
2025-08-12T14:06:27Z	25349.00000	1555.06973	1538.05127	1524.94904
2025-08-12T14:06:27Z	25349.00000	1555.06962	1538.05036	1524.94882
2025-08-12T14:06:27Z	25349.00000	1555.06982	1538.05039	1524.94882
2025-08-12T14:06:27Z	25349.00000	1555.06924	1538.04989	1524.94892
2025-08-12T14:06:28Z	25349.00000	1555.06832	1538.05051	1524.94892
2025-08-12T14:06:28Z	25349.00000	1555.06945	1538.04995	1524.94882
2025-08-12T14:06:28Z	25349.00000	1555.06965	1538.04976	1524.94961
2025-08-12T14:06:28Z	25349.00000	1555.06893	1538.05028	1524.94993
2025-08-12T14:06:28Z	25349.00000	1555.06911	1538.04933	1524.94922
2025-08-12T14:06:28Z	25350.00000	1555.06812	1538.05035	1524.94926
2025-08-12T14:06:28Z	25350.00000	1555.06797	1538.04950	1524.94850
2025-08-12T14:06:28Z	25350.00000	1555.06850	1538.04926	1524.94928
2025-08-12T14:06:28Z	25350.00000	1555.06857	1538.04794	1524.94908
2025-08-12T14:06:28Z	25350.00000	1555.06803	1538.04771	1524.94888
2025-08-12T14:06:29Z	25350.00000	1555.06791	1538.04749	1524.94932
2025-08-12T14:06:29Z	25350.00000	1555.06753	1538.04876	1524.94903
2025-08-12T14:06:29Z	25350.00000	1555.06752	1538.04686	1524.94926
2025-08-12T14:06:29Z	25350.00000	1555.14234	1538.14780	1524.94376
2025-08-12T14:06:29Z	25350.00000	1555.26720	1538.35683	1524.94387
2025-08-12T14:06:29Z	25351.00000	1555.40778	1538.59466	1524.95552
2025-08-12T14:06:29Z	25351.00000	1555.53003	1538.78790	1524.94317
2025-08-12T14:06:29Z	25351.00000	1555.65644	1538.99665	1524.94837
2025-08-12T14:06:29Z	25351.00000	1555.75197	1539.15617	1524.94567
2025-08-12T14:06:30Z	25351.00000	1555.91271	1539.41939	1524.94634
2025-08-12T14:06:30Z	25351.00000	1555.99417	1539.55392	1524.94852
2025-08-12T14:06:30Z	25351.00000	1556.09957	1539.73058	1524.94933
2025-08-12T14:06:30Z	25351.00000	1556.16773	1539.84478	1524.95056
2025-08-12T14:06:30Z	25352.00000	1556.26522	1540.00761	1524.94984
2025-08-12T14:06:30Z	25352.00000	1556.38018	1540.19260	1524.95140
2025-08-12T14:06:30Z	25352.00000	1556.48159	1540.33730	1524.95355
2025-08-12T14:06:31Z	25352.00000	1556.51989	1540.40548	1524.95427
2025-08-12T14:06:31Z	25352.00000	1556.56893	1540.47973	1524.95394
2025-08-12T14:06:31Z	25352.00000	1556.59677	1540.53403	1524.95487
2025-08-12T14:06:31Z	25352.00000	1556.62889	1540.57584	1524.95624
2025-08-12T14:06:31Z	25352.00000	1556.66069	1540.62531	1524.95453
2025-08-12T14:06:31Z	25353.00000	1556.68537	1540.65893	1524.95647
2025-08-12T14:06:31Z	25353.00000	1556.69959	1540.68046	1524.95787
2025-08-12T14:06:31Z	25353.00000	1556.71325	1540.70082	1524.95818
2025-08-12T14:06:31Z	25353.00000	1556.73268	1540.74434	1524.95869
2025-08-12T14:06:31Z	25353.00000	1556.74865	1540.76517	1524.95857
2025-08-12T14:06:32Z	25353.00000	1556.76062	1540.78529	1524.95946
2025-08-12T14:06:32Z	25353.00000	1556.77792	1540.81129	1524.95964
2025-08-12T14:06:32Z	25354.00000	1556.79120	1540.82659	1524.95881
2025-08-12T14:06:32Z	25354.00000	1556.79600	1540.83328	1524.95826
2025-08-12T14:06:32Z	25354.00000	1556.79900	1540.83564	1524.95853
2025-08-12T14:06:32Z	25354.00000	1556.80178	1540.84115	1524.95916
2025-08-12T14:06:32Z	25354.00000	1556.80456	1540.84470	1524.95924
2025-08-12T14:06:33Z	25354.00000	1556.80793	1540.84871	1524.96003
2025-08-12T14:06:33Z	25354.00000	1556.80965	1540.84958	1524.96024
2025-08-12T14:06:33Z	25354.00000	1555.59748	1538.90629	1524.98122
2025-08-12T14:06:33Z	25354.00000	1555.20239	1538.25397	1524.95540
2025-08-12T14:06:33Z	25355.00000	1555.08579	1538.07794	1524.95053
2025-08-12T14:06:33Z	25355.00000	1555.08343	1538.07556	1524.95003
2025-08-12T14:06:33Z	25355.00000	1555.08087	1538.06788	1524.94851
2025-08-12T14:06:33Z	25355.00000	1555.08102	1538.06698	1524.94916
2025-08-12T14:06:34Z	25355.00000	1555.07952	1538.06422	1524.94933
2025-08-12T14:06:34Z	25355.00000	1555.07819	1538.06195	1524.94915
2025-08-12T14:06:34Z	25355.00000	1555.07706	1538.06172	1524.94889
2025-08-12T14:06:34Z	25355.00000	1555.07688	1538.06208	1524.94893
2025-08-12T14:06:34Z	25356.00000	1555.07609	1538.06115	1524.94943
2025-08-12T14:06:34Z	25356.00000	1555.07556	1538.05986	1524.94891
2025-08-12T14:06:34Z	25356.00000	1555.07425	1538.05940	1524.94959
2025-08-12T14:06:34Z	25356.00000	1555.07474	1538.05622	1524.94713
2025-08-12T14:06:34Z	25356.00000	1555.07404	1538.05714	1524.94804
2025-08-12T14:06:35Z	25356.00000	1555.07347	1538.05524	1524.94833
2025-08-12T14:06:35Z	25356.00000	1555.07388	1538.05609	1524.94968
2025-08-12T14:06:35Z	25356.00000	1555.07396	1538.05707	1524.95015
2025-08-12T14:06:35Z	25356.00000	1555.07311	1538.05437	1524.94890
2025-08-12T14:06:35Z	25357.00000	1555.07338	1538.05547	1524.94983
2025-08-12T14:06:35Z	25357.00000	1555.07274	1538.05464	1524.94919
2025-08-12T14:06:35Z	25357.00000	1555.07251	1538.05675	1524.94928
2025-08-12T14:06:35Z	25357.00000	1555.07097	1538.05326	1524.94951
2025-08-12T14:06:35Z	25357.00000	1555.07228	1538.05343	1524.94956
2025-08-12T14:06:36Z	25357.00000	1555.07023	1538.05144	1524.94925
2025-08-12T14:06:36Z	25357.00000	1555.07172	1538.05432	1524.94963
2025-08-12T14:06:36Z	25357.00000	1555.07110	1538.05256	1524.94878
2025-08-12T14:06:36Z	25357.00000	1555.07022	1538.05270	1524.94916
2025-08-12T14:06:36Z	25357.00000	1555.07075	1538.05338	1524.94877
2025-08-12T14:06:36Z	25358.00000	1555.07038	1538.05313	1524.94959
2025-08-12T14:06:36Z	25358.00000	1555.07073	1538.05132	1524.94928
2025-08-12T14:06:36Z	25358.00000	1555.06949	1538.05199	1524.94915
2025-08-12T14:06:37Z	25358.00000	1555.07118	1538.05141	1524.94876
2025-08-12T14:06:37Z	25358.00000	1555.07031	1538.05004	1524.94911
2025-08-12T14:06:37Z	25358.00000	1555.07007	1538.04968	1524.94941
2025-08-12T14:06:37Z	25358.00000	1555.07075	1538.05067	1524.95017
2025-08-12T14:06:37Z	25358.00000	1555.06913	1538.04912	1524.94927
2025-08-12T14:06:37Z	25359.00000	1555.06927	1538.05009	1524.94936
2025-08-12T14:06:37Z	25359.00000	1555.06871	1538.04981	1524.94897
2025-08-12T14:06:37Z	25359.00000	1555.06850	1538.05124	1524.94892
2025-08-12T14:06:37Z	25359.00000	1555.06844	1538.04942	1524.94905
2025-08-12T14:06:37Z	25359.00000	1555.06917	1538.05057	1524.94969
2025-08-12T14:06:38Z	25359.00000	1555.06877	1538.04924	1524.94932
2025-08-12T14:06:38Z	25359.00000	1555.06850	1538.04838	1524.94929
2025-08-12T14:06:38Z	25359.00000	1555.06848	1538.04830	1524.94908
2025-08-12T14:06:38Z	25359.00000	1555.23361	1538.30143	1524.93813
2025-08-12T14:06:38Z	25359.00000	1555.38372	1538.54878	1524.94122
2025-08-12T14:06:38Z	25360.00000	1555.50325	1538.74235	1524.94374
2025-08-12T14:06:38Z	25360.00000	1555.61185	1538.92322	1524.95163
2025-08-12T14:06:38Z	25360.00000	1555.79157	1539.21974	1524.94960
2025-08-12T14:06:38Z	25360.00000	1555.88170	1539.37307	1524.94877
2025-08-12T14:06:39Z	25360.00000	1555.99213	1539.55007	1524.94766
2025-08-12T14:06:39Z	25360.00000	1556.08713	1539.71348	1524.95010
2025-08-12T14:06:39Z	25360.00000	1556.15690	1539.82867	1524.94978
2025-08-12T14:06:39Z	25360.00000	1556.22006	1539.92995	1524.94963
2025-08-12T14:06:39Z	25360.00000	1556.29191	1540.04277	1524.94954
2025-08-12T14:06:39Z	25361.00000	1556.33686	1540.11329	1524.95196
2025-08-12T14:06:39Z	25361.00000	1556.39443	1540.21083	1524.95270
2025-08-12T14:06:39Z	25361.00000	1556.44043	1540.28126	1524.95271
2025-08-12T14:06:39Z	25361.00000	1556.49820	1540.37469	1524.95400
2025-08-12T14:06:39Z	25361.00000	1556.53367	1540.42783	1524.95427
2025-08-12T14:06:40Z	25361.00000	1556.57738	1540.49186	1524.95476
2025-08-12T14:06:40Z	25361.00000	1556.61136	1540.55193	1524.95616
2025-08-12T14:06:40Z	25361.00000	1556.64162	1540.59172	1524.95648
2025-08-12T14:06:40Z	25361.00000	1556.67449	1540.64366	1524.95667
2025-08-12T14:06:40Z	25362.00000	1556.69562	1540.67121	1524.95841
2025-08-12T14:06:40Z	25362.00000	1556.71036	1540.69862	1524.95812
2025-08-12T14:06:40Z	25362.00000	1556.72645	1540.73413	1524.95912
2025-08-12T14:06:40Z	25362.00000	1556.75007	1540.76927	1524.95942
2025-08-12T14:06:41Z	25362.00000	1556.76202	1540.78779	1524.95970
2025-08-12T14:06:41Z	25362.00000	1556.76910	1540.80076	1524.95939
2025-08-12T14:06:41Z	25362.00000	1556.77807	1540.81346	1524.95888
2025-08-12T14:06:41Z	25362.00000	1556.78455	1540.82111	1524.95867
2025-08-12T14:06:41Z	25363.00000	1556.79685	1540.83230	1524.96040
2025-08-12T14:06:41Z	25363.00000	1556.80072	1540.84245	1524.96025
2025-08-12T14:06:41Z	25363.00000	1556.80489	1540.84489	1524.95878
2025-08-12T14:06:41Z	25363.00000	1556.80798	1540.84861	1524.95877
2025-08-12T14:06:41Z	25363.00000	1556.81090	1540.85185	1524.95946
2025-08-12T14:06:42Z	25363.00000	1556.81266	1540.85446	1524.95950
2025-08-12T14:06:42Z	25363.00000	1555.31649	1538.42930	1524.95365
2025-08-12T14:06:42Z	25363.00000	1555.16376	1538.20171	1524.96385
2025-08-12T14:06:42Z	25363.00000	1555.09004	1538.08537	1524.95009
2025-08-12T14:06:42Z	25364.00000	1555.08474	1538.07716	1524.94971
2025-08-12T14:06:42Z	25364.00000	1555.08441	1538.07423	1524.94999
2025-08-12T14:06:42Z	25364.00000	1555.08199	1538.07331	1524.94908
2025-08-12T14:06:42Z	25364.00000	1555.08202	1538.06919	1524.94953
2025-08-12T14:06:42Z	25364.00000	1555.08072	1538.06810	1524.94903
2025-08-12T14:06:43Z	25364.00000	1555.07975	1538.06785	1524.94940
2025-08-12T14:06:43Z	25364.00000	1555.08007	1538.06576	1524.94949
2025-08-12T14:06:43Z	25364.00000	1555.07767	1538.06261	1524.94899
2025-08-12T14:06:43Z	25364.00000	1555.07682	1538.06193	1524.94910
2025-08-12T14:06:43Z	25365.00000	1555.07636	1538.06272	1524.94957
2025-08-12T14:06:43Z	25365.00000	1555.07455	1538.05823	1524.94906
2025-08-12T14:06:43Z	25365.00000	1555.07576	1538.05974	1524.95137
2025-08-12T14:06:43Z	25365.00000	1555.07435	1538.05873	1524.94855
2025-08-12T14:06:44Z	25365.00000	1555.07398	1538.05775	1524.94901
2025-08-12T14:06:44Z	25365.00000	1555.07443	1538.05780	1524.94949
2025-08-12T14:06:44Z	25365.00000	1555.07424	1538.05717	1524.94898
2025-08-12T14:06:44Z	25365.00000	1555.07337	1538.05552	1524.94915
2025-08-12T14:06:44Z	25366.00000	1555.07318	1538.05512	1524.94993
2025-08-12T14:06:44Z	25366.00000	1555.07350	1538.05671	1524.94938
2025-08-12T14:06:44Z	25366.00000	1555.07274	1538.05376	1524.94948
2025-08-12T14:06:44Z	25366.00000	1555.07280	1538.05411	1524.94902
2025-08-12T14:06:44Z	25366.00000	1555.07248	1538.05468	1524.94944
2025-08-12T14:06:44Z	25366.00000	1555.07285	1538.05339	1524.94932
2025-08-12T14:06:45Z	25366.00000	1555.07212	1538.05470	1524.94983
2025-08-12T14:06:45Z	25366.00000	1555.07195	1538.05388	1524.94934
2025-08-12T14:06:45Z	25366.00000	1555.07186	1538.05345	1524.94936
2025-08-12T14:06:45Z	25366.00000	1555.07128	1538.05185	1524.94902
2025-08-12T14:06:45Z	25367.00000	1555.07180	1538.05339	1524.94960
2025-08-12T14:06:45Z	25367.00000	1555.07022	1538.05309	1524.94944
2025-08-12T14:06:45Z	25367.00000	1555.07073	1538.05122	1524.94920
2025-08-12T14:06:45Z	25367.00000	1555.07097	1538.05142	1524.94945
2025-08-12T14:06:46Z	25367.00000	1555.07032	1538.05156	1524.94858
2025-08-12T14:06:46Z	25367.00000	1555.07057	1538.05106	1524.94844
2025-08-12T14:06:46Z	25367.00000	1555.06997	1538.05110	1524.94919
2025-08-12T14:06:46Z	25367.00000	1555.06957	1538.05176	1524.94932
2025-08-12T14:06:46Z	25367.00000	1555.06977	1538.05180	1524.94912
2025-08-12T14:06:46Z	25368.00000	1555.06892	1538.05090	1524.94885
2025-08-12T14:06:46Z	25368.00000	1555.06922	1538.05004	1524.94867
2025-08-12T14:06:46Z	25368.00000	1555.06998	1538.04961	1524.94946
2025-08-12T14:06:46Z	25368.00000	1555.06917	1538.05048	1524.94875
2025-08-12T14:06:47Z	25368.00000	1555.06861	1538.04861	1524.94936
2025-08-12T14:06:47Z	25368.00000	1555.06874	1538.04757	1524.94859
2025-08-12T14:06:47Z	25368.00000	1555.06846	1538.04964	1524.94869
2025-08-12T14:06:47Z	25368.00000	1555.06933	1538.04967	1524.94904
2025-08-12T14:06:47Z	25368.00000	1555.17118	1538.20776	1524.94072
2025-08-12T14:06:47Z	25369.00000	1555.33756	1538.47531	1524.95822
2025-08-12T14:06:47Z	25369.00000	1555.49615	1538.73292	1524.94293
2025-08-12T14:06:47Z	25369.00000	1555.62459	1538.94459	1524.95050
2025-08-12T14:06:47Z	25369.00000	1555.72234	1539.10868	1524.94572
2025-08-12T14:06:47Z	25369.00000	1555.83161	1539.28840	1524.94928
2025-08-12T14:06:48Z	25369.00000	1555.89991	1539.40191	1524.95019
2025-08-12T14:06:48Z	25369.00000	1555.98276	1539.53875	1524.94944
2025-08-12T14:06:48Z	25369.00000	1556.04316	1539.64069	1524.94931
2025-08-12T14:06:48Z	25369.00000	1556.11511	1539.75410	1524.95024
2025-08-12T14:06:48Z	25369.00000	1556.19908	1539.89945	1524.94966
2025-08-12T14:06:48Z	25370.00000	1556.26866	1540.01229	1524.95065
2025-08-12T14:06:48Z	25370.00000	1556.32762	1540.10088	1524.95124
2025-08-12T14:06:48Z	25370.00000	1556.40228	1540.22254	1524.95267
2025-08-12T14:06:48Z	25370.00000	1556.48682	1540.35720	1524.95345
2025-08-12T14:06:49Z	25370.00000	1556.51829	1540.40414	1524.95436
2025-08-12T14:06:49Z	25370.00000	1556.54700	1540.44650	1524.95416
2025-08-12T14:06:49Z	25370.00000	1556.58353	1540.50222	1524.95493
2025-08-12T14:06:49Z	25370.00000	1556.62486	1540.56820	1524.95471
2025-08-12T14:06:49Z	25370.00000	1556.65029	1540.60740	1524.95717
2025-08-12T14:06:49Z	25371.00000	1556.67242	1540.64108	1524.95634
2025-08-12T14:06:49Z	25371.00000	1556.69915	1540.67732	1524.95662
2025-08-12T14:06:49Z	25371.00000	1556.71819	1540.71849	1524.95821
2025-08-12T14:06:49Z	25371.00000	1556.74446	1540.76168	1524.95826
2025-08-12T14:06:50Z	25371.00000	1556.75325	1540.77247	1524.95915
2025-08-12T14:06:50Z	25371.00000	1556.76400	1540.79266	1524.95924
2025-08-12T14:06:50Z	25371.00000	1556.77084	1540.80190	1524.96001
2025-08-12T14:06:50Z	25371.00000	1556.77842	1540.81125	1524.95967
2025-08-12T14:06:50Z	25371.00000	1556.79057	1540.82628	1524.95954
2025-08-12T14:06:50Z	25372.00000	1556.79418	1540.82847	1524.95939
2025-08-12T14:06:50Z	25372.00000	1556.79740	1540.83474	1524.95892
2025-08-12T14:06:50Z	25372.00000	1556.80118	1540.84245	1524.95941
2025-08-12T14:06:50Z	25372.00000	1556.80539	1540.84697	1524.95922
2025-08-12T14:06:50Z	25372.00000	1556.80823	1540.84835	1524.95901
2025-08-12T14:06:51Z	25372.00000	1556.81072	1540.85153	1524.95871
2025-08-12T14:06:51Z	25372.00000	1556.81286	1540.85492	1524.95922
2025-08-12T14:06:51Z	25372.00000	1555.62027	1538.92425	1524.94348
2025-08-12T14:06:51Z	25372.00000	1555.23611	1538.30944	1524.93738
2025-08-12T14:06:51Z	25372.00000	1555.08828	1538.08595	1524.95322
2025-08-12T14:06:51Z	25373.00000	1555.08705	1538.08085	1524.95037
2025-08-12T14:06:51Z	25373.00000	1555.08449	1538.07684	1524.95019
2025-08-12T14:06:51Z	25373.00000	1555.08115	1538.07113	1524.94892
2025-08-12T14:06:51Z	25373.00000	1555.08012	1538.06987	1524.94853
2025-08-12T14:06:52Z	25373.00000	1555.08112	1538.06895	1524.94931
2025-08-12T14:06:52Z	25373.00000	1555.07970	1538.06751	1524.94897
2025-08-12T14:06:52Z	25373.00000	1555.07967	1538.06645	1524.94955
2025-08-12T14:06:52Z	25373.00000	1555.07873	1538.06450	1524.94859
2025-08-12T14:06:52Z	25373.00000	1555.07849	1538.06227	1524.94906
2025-08-12T14:06:52Z	25374.00000	1555.07766	1538.06270	1524.94865
2025-08-12T14:06:52Z	25374.00000	1555.07709	1538.06186	1524.94911
2025-08-12T14:06:52Z	25374.00000	1555.07611	1538.06037	1524.94946
2025-08-12T14:06:52Z	25374.00000	1555.07549	1538.06034	1524.94802
2025-08-12T14:06:52Z	25374.00000	1555.07441	1538.05853	1524.94809
2025-08-12T14:06:53Z	25374.00000	1555.07467	1538.05734	1524.94817
2025-08-12T14:06:53Z	25374.00000	1555.07444	1538.05819	1524.94957
2025-08-12T14:06:53Z	25374.00000	1555.07371	1538.05803	1524.94918
2025-08-12T14:06:53Z	25374.00000	1555.07429	1538.05641	1524.94895
2025-08-12T14:06:53Z	25374.00000	1555.07350	1538.05774	1524.94898
2025-08-12T14:06:53Z	25375.00000	1555.07380	1538.05683	1524.94890
2025-08-12T14:06:53Z	25375.00000	1555.07351	1538.05687	1524.94882
2025-08-12T14:06:53Z	25375.00000	1555.07326	1538.05435	1524.94983
2025-08-12T14:06:53Z	25375.00000	1555.07361	1538.05620	1524.94982
2025-08-12T14:06:53Z	25375.00000	1555.07282	1538.05569	1524.94975
2025-08-12T14:06:54Z	25375.00000	1555.07308	1538.05472	1524.94939
2025-08-12T14:06:54Z	25375.00000	1555.07292	1538.05477	1524.94912
2025-08-12T14:06:54Z	25375.00000	1555.07169	1538.05495	1524.94968
2025-08-12T14:06:54Z	25375.00000	1555.07234	1538.05481	1524.94983
2025-08-12T14:06:54Z	25375.00000	1555.07243	1538.05229	1524.94963
2025-08-12T14:06:54Z	25376.00000	1555.07166	1538.05297	1524.94933
2025-08-12T14:06:54Z	25376.00000	1555.07113	1538.05264	1524.94923
2025-08-12T14:06:54Z	25376.00000	1555.07053	1538.05442	1524.94926
2025-08-12T14:06:54Z	25376.00000	1555.07044	1538.05327	1524.94927
2025-08-12T14:06:54Z	25376.00000	1555.07200	1538.05211	1524.94959
2025-08-12T14:06:54Z	25376.00000	1555.07114	1538.05186	1524.94946
2025-08-12T14:06:55Z	25376.00000	1555.07091	1538.05138	1524.94962
2025-08-12T14:06:55Z	25376.00000	1555.07046	1538.05161	1524.94955
2025-08-12T14:06:55Z	25376.00000	1555.07019	1538.05246	1524.95030
2025-08-12T14:06:55Z	25376.00000	1555.07068	1538.05220	1524.94897
2025-08-12T14:06:55Z	25377.00000	1555.07090	1538.05055	1524.94909
2025-08-12T14:06:55Z	25377.00000	1555.07008	1538.05197	1524.94971
2025-08-12T14:06:55Z	25377.00000	1555.07017	1538.05121	1524.94886
2025-08-12T14:06:55Z	25377.00000	1555.06983	1538.05097	1524.94903
2025-08-12T14:06:55Z	25377.00000	1555.06974	1538.04950	1524.94947
2025-08-12T14:06:56Z	25377.00000	1555.06897	1538.05005	1524.94954
2025-08-12T14:06:56Z	25377.00000	1555.06899	1538.05005	1524.94922
2025-08-12T14:06:56Z	25377.00000	1555.06937	1538.05031	1524.94957
2025-08-12T14:06:56Z	25377.00000	1555.19080	1538.23290	1524.94309
2025-08-12T14:06:56Z	25377.00000	1555.31030	1538.42274	1524.94505
2025-08-12T14:06:56Z	25378.00000	1555.43098	1538.62836	1524.94549
2025-08-12T14:06:56Z	25378.00000	1555.56851	1538.84970	1524.94276
2025-08-12T14:06:56Z	25378.00000	1555.69145	1539.04946	1524.94748
2025-08-12T14:06:56Z	25378.00000	1555.78768	1539.21116	1524.94591
2025-08-12T14:06:56Z	25378.00000	1555.87734	1539.36367	1524.95079
2025-08-12T14:06:57Z	25378.00000	1555.97368	1539.52089	1524.94894
2025-08-12T14:06:57Z	25378.00000	1556.03817	1539.63045	1524.94843
2025-08-12T14:06:57Z	25378.00000	1556.09337	1539.72663	1524.95007
2025-08-12T14:06:57Z	25378.00000	1556.15105	1539.81920	1524.95006
2025-08-12T14:06:57Z	25378.00000	1556.21362	1539.91677	1524.95034
2025-08-12T14:06:57Z	25379.00000	1556.27033	1540.01468	1524.95077
2025-08-12T14:06:57Z	25379.00000	1556.32876	1540.10206	1524.95154
2025-08-12T14:06:57Z	25379.00000	1556.37866	1540.18875	1524.95168
2025-08-12T14:06:57Z	25379.00000	1556.44136	1540.28552	1524.95296
2025-08-12T14:06:57Z	25379.00000	1556.50661	1540.38403	1524.95417
2025-08-12T14:06:58Z	25379.00000	1556.54665	1540.44707	1524.95398
2025-08-12T14:06:58Z	25379.00000	1556.58453	1540.50294	1524.95467
2025-08-12T14:06:58Z	25379.00000	1556.61706	1540.56255	1524.95600
2025-08-12T14:06:58Z	25379.00000	1556.65070	1540.60732	1524.95706
2025-08-12T14:06:58Z	25379.00000	1556.67269	1540.64064	1524.95723
2025-08-12T14:06:58Z	25380.00000	1556.69675	1540.67108	1524.95736
2025-08-12T14:06:58Z	25380.00000	1556.71578	1540.71223	1524.95702
2025-08-12T14:06:58Z	25380.00000	1556.74125	1540.74980	1524.95914
2025-08-12T14:06:58Z	25380.00000	1556.75029	1540.76939	1524.95916
2025-08-12T14:06:59Z	25380.00000	1556.76025	1540.78560	1524.95898
2025-08-12T14:06:59Z	25380.00000	1556.77230	1540.80643	1524.95856
2025-08-12T14:06:59Z	25380.00000	1556.78119	1540.81575	1524.95861
2025-08-12T14:06:59Z	25380.00000	1556.78688	1540.82408	1524.95907
2025-08-12T14:06:59Z	25380.00000	1556.79513	1540.83238	1524.95981
2025-08-12T14:06:59Z	25381.00000	1556.80303	1540.84468	1524.95891
2025-08-12T14:06:59Z	25381.00000	1556.80655	1540.84851	1524.96046
2025-08-12T14:06:59Z	25381.00000	1556.80846	1540.84830	1524.95988
2025-08-12T14:06:59Z	25381.00000	1556.81099	1540.85255	1524.96023
2025-08-12T14:07:00Z	25381.00000	1556.81371	1540.85549	1524.95911
2025-08-12T14:07:00Z	25381.00000	1555.61071	1538.91698	1524.96391
2025-08-12T14:07:00Z	25381.00000	1555.20196	1538.26289	1524.96452
2025-08-12T14:07:00Z	25381.00000	1555.08621	1538.08409	1524.94891
2025-08-12T14:07:00Z	25382.00000	1555.08518	1538.07917	1524.95015
2025-08-12T14:07:00Z	25382.00000	1555.08413	1538.07535	1524.94974
2025-08-12T14:07:00Z	25382.00000	1555.08251	1538.07308	1524.94759
2025-08-12T14:07:00Z	25382.00000	1555.08141	1538.07217	1524.94928
2025-08-12T14:07:00Z	25382.00000	1555.08075	1538.06865	1524.94849
2025-08-12T14:07:01Z	25382.00000	1555.08111	1538.06997	1524.94988
2025-08-12T14:07:01Z	25382.00000	1555.07997	1538.06851	1524.94874
2025-08-12T14:07:01Z	25382.00000	1555.07877	1538.06477	1524.94939
2025-08-12T14:07:01Z	25382.00000	1555.07837	1538.06343	1524.94950
2025-08-12T14:07:01Z	25382.00000	1555.07779	1538.06421	1524.94945
2025-08-12T14:07:01Z	25383.00000	1555.07680	1538.06195	1524.94899
2025-08-12T14:07:01Z	25383.00000	1555.07697	1538.06208	1524.94966
2025-08-12T14:07:01Z	25383.00000	1555.07637	1538.06193	1524.94922
2025-08-12T14:07:01Z	25383.00000	1555.07696	1538.06040	1524.94910
2025-08-12T14:07:01Z	25383.00000	1555.07588	1538.06209	1524.95121
2025-08-12T14:07:02Z	25383.00000	1555.07504	1538.05999	1524.94869
2025-08-12T14:07:02Z	25383.00000	1555.07512	1538.05888	1524.94952
2025-08-12T14:07:02Z	25383.00000	1555.07418	1538.05875	1524.95003
2025-08-12T14:07:02Z	25383.00000	1555.07428	1538.05759	1524.94990
2025-08-12T14:07:02Z	25383.00000	1555.07377	1538.05845	1524.94943
2025-08-12T14:07:02Z	25384.00000	1555.07377	1538.05633	1524.94925
2025-08-12T14:07:02Z	25384.00000	1555.07320	1538.05713	1524.94938
2025-08-12T14:07:02Z	25384.00000	1555.07401	1538.05686	1524.94922
2025-08-12T14:07:02Z	25384.00000	1555.07345	1538.05454	1524.94943
2025-08-12T14:07:02Z	25384.00000	1555.07329	1538.05492	1524.94962
2025-08-12T14:07:03Z	25384.00000	1555.07364	1538.05522	1524.94957
2025-08-12T14:07:03Z	25384.00000	1555.07262	1538.05495	1524.94976
2025-08-12T14:07:03Z	25384.00000	1555.07206	1538.05395	1524.94926
2025-08-12T14:07:03Z	25384.00000	1555.07248	1538.05407	1524.94969
2025-08-12T14:07:03Z	25384.00000	1555.07205	1538.05443	1524.94917
2025-08-12T14:07:03Z	25385.00000	1555.07185	1538.05458	1524.94971
2025-08-12T14:07:03Z	25385.00000	1555.07165	1538.05222	1524.94932
2025-08-12T14:07:03Z	25385.00000	1555.07146	1538.05318	1524.94882
2025-08-12T14:07:03Z	25385.00000	1555.07176	1538.05323	1524.94949
2025-08-12T14:07:03Z	25385.00000	1555.07070	1538.05211	1524.94953
2025-08-12T14:07:04Z	25385.00000	1555.07074	1538.05244	1524.94968
2025-08-12T14:07:04Z	25385.00000	1555.06986	1538.05287	1524.94926
2025-08-12T14:07:04Z	25385.00000	1555.07071	1538.05244	1524.94967
2025-08-12T14:07:04Z	25385.00000	1555.07079	1538.05236	1524.95009
2025-08-12T14:07:04Z	25385.00000	1555.06991	1538.05192	1524.94918
2025-08-12T14:07:04Z	25386.00000	1555.06980	1538.05196	1524.94862
2025-08-12T14:07:04Z	25386.00000	1555.06995	1538.05091	1524.94875
2025-08-12T14:07:04Z	25386.00000	1555.06974	1538.05009	1524.94989
2025-08-12T14:07:04Z	25386.00000	1555.06994	1538.04999	1524.94958
2025-08-12T14:07:04Z	25386.00000	1555.06957	1538.05091	1524.94906
2025-08-12T14:07:05Z	25386.00000	1555.07036	1538.05073	1524.94866
2025-08-12T14:07:05Z	25386.00000	1555.07006	1538.04998	1524.94898
2025-08-12T14:07:05Z	25386.00000	1555.06973	1538.05025	1524.94897
2025-08-12T14:07:05Z	25386.00000	1555.27784	1538.37040	1524.93676
2025-08-12T14:07:05Z	25386.00000	1555.39687	1538.57406	1524.95132
2025-08-12T14:07:05Z	25387.00000	1555.53525	1538.79348	1524.94195
2025-08-12T14:07:05Z	25387.00000	1555.65950	1539.00160	1524.94803
2025-08-12T14:07:05Z	25387.00000	1555.73825	1539.13952	1524.95343
2025-08-12T14:07:05Z	25387.00000	1555.84824	1539.31907	1524.95023
2025-08-12T14:07:05Z	25387.00000	1555.94782	1539.47776	1524.94742
2025-08-12T14:07:06Z	25387.00000	1556.01119	1539.58406	1524.94881
2025-08-12T14:07:06Z	25387.00000	1556.08202	1539.70473	1524.94909
2025-08-12T14:07:06Z	25387.00000	1556.14124	1539.79305	1524.94953
2025-08-12T14:07:06Z	25387.00000	1556.20294	1539.90273	1524.94970
2025-08-12T14:07:06Z	25387.00000	1556.27012	1540.01502	1524.95063
2025-08-12T14:07:06Z	25388.00000	1556.33849	1540.11498	1524.95277
2025-08-12T14:07:06Z	25388.00000	1556.38602	1540.19930	1524.95277
2025-08-12T14:07:06Z	25388.00000	1556.43954	1540.28137	1524.95283
2025-08-12T14:07:06Z	25388.00000	1556.49220	1540.36797	1524.95454
2025-08-12T14:07:06Z	25388.00000	1556.53626	1540.42831	1524.95340
2025-08-12T14:07:07Z	25388.00000	1556.57377	1540.48526	1524.95455
2025-08-12T14:07:07Z	25388.00000	1556.59808	1540.53442	1524.95609
2025-08-12T14:07:07Z	25388.00000	1556.63373	1540.58261	1524.95732
2025-08-12T14:07:07Z	25388.00000	1556.65429	1540.61196	1524.95707
2025-08-12T14:07:07Z	25388.00000	1556.67652	1540.64768	1524.95785
2025-08-12T14:07:07Z	25389.00000	1556.70328	1540.68426	1524.95795
2025-08-12T14:07:07Z	25389.00000	1556.71833	1540.72274	1524.95851
2025-08-12T14:07:07Z	25389.00000	1556.73861	1540.75127	1524.95814
2025-08-12T14:07:07Z	25389.00000	1556.75310	1540.77359	1524.95863
2025-08-12T14:07:08Z	25389.00000	1556.76570	1540.79427	1524.95861
2025-08-12T14:07:08Z	25389.00000	1556.77267	1540.80600	1524.95991
2025-08-12T14:07:08Z	25389.00000	1556.78026	1540.81399	1524.96014
2025-08-12T14:07:08Z	25389.00000	1556.79104	1540.82317	1524.95935
2025-08-12T14:07:08Z	25389.00000	1556.79647	1540.82943	1524.95988
2025-08-12T14:07:08Z	25390.00000	1556.79916	1540.83634	1524.96060
2025-08-12T14:07:08Z	25390.00000	1556.80354	1540.84338	1524.95865
2025-08-12T14:07:08Z	25390.00000	1556.80674	1540.84577	1524.95942
2025-08-12T14:07:08Z	25390.00000	1556.80997	1540.85124	1524.96066
2025-08-12T14:07:08Z	25390.00000	1556.81319	1540.85283	1524.95934
2025-08-12T14:07:09Z	25390.00000	1556.81396	1540.85611	1524.96029
2025-08-12T14:07:09Z	25390.00000	1555.83263	1539.31138	1524.84743
2025-08-12T14:07:09Z	25390.00000	1555.17010	1538.21945	1524.94130
2025-08-12T14:07:09Z	25390.00000	1555.09042	1538.08467	1524.94969
2025-08-12T14:07:09Z	25390.00000	1555.08593	1538.08025	1524.95040
2025-08-12T14:07:09Z	25391.00000	1555.08522	1538.07743	1524.94966
2025-08-12T14:07:09Z	25391.00000	1555.08298	1538.07380	1524.94749
2025-08-12T14:07:09Z	25391.00000	1555.08194	1538.07042	1524.94874
2025-08-12T14:07:09Z	25391.00000	1555.08180	1538.07168	1524.94938
2025-08-12T14:07:10Z	25391.00000	1555.08025	1538.06636	1524.94938
2025-08-12T14:07:10Z	25391.00000	1555.07840	1538.06459	1524.94953
2025-08-12T14:07:10Z	25391.00000	1555.07840	1538.06411	1524.94918
2025-08-12T14:07:10Z	25391.00000	1555.07837	1538.06386	1524.94992
2025-08-12T14:07:10Z	25392.00000	1555.07714	1538.06106	1524.94982
2025-08-12T14:07:10Z	25392.00000	1555.07675	1538.06160	1524.94901
2025-08-12T14:07:10Z	25392.00000	1555.07553	1538.05864	1524.94846
2025-08-12T14:07:10Z	25392.00000	1555.07529	1538.05933	1524.94887
2025-08-12T14:07:11Z	25392.00000	1555.07495	1538.05880	1524.94998
2025-08-12T14:07:11Z	25392.00000	1555.07491	1538.05990	1524.95016
2025-08-12T14:07:11Z	25392.00000	1555.07474	1538.05911	1524.94918
2025-08-12T14:07:11Z	25392.00000	1555.07406	1538.05797	1524.94903
2025-08-12T14:07:11Z	25393.00000	1555.07404	1538.05680	1524.94923
2025-08-12T14:07:11Z	25393.00000	1555.07301	1538.05727	1524.95012
2025-08-12T14:07:11Z	25393.00000	1555.07384	1538.05729	1524.94957
2025-08-12T14:07:11Z	25393.00000	1555.07337	1538.05651	1524.94961
2025-08-12T14:07:11Z	25393.00000	1555.07268	1538.05657	1524.94927
2025-08-12T14:07:12Z	25393.00000	1555.07345	1538.05650	1524.94902
2025-08-12T14:07:12Z	25393.00000	1555.07293	1538.05535	1524.94967
2025-08-12T14:07:12Z	25393.00000	1555.07201	1538.05460	1524.94959
2025-08-12T14:07:12Z	25393.00000	1555.07230	1538.05378	1524.94970
2025-08-12T14:07:12Z	25394.00000	1555.07276	1538.05654	1524.94932
2025-08-12T14:07:12Z	25394.00000	1555.07249	1538.05447	1524.94972
2025-08-12T14:07:12Z	25394.00000	1555.07113	1538.05445	1524.94952
2025-08-12T14:07:12Z	25394.00000	1555.07208	1538.05352	1524.94976
2025-08-12T14:07:13Z	25394.00000	1555.07079	1538.05291	1524.94977
2025-08-12T14:07:13Z	25394.00000	1555.07092	1538.05284	1524.94928
2025-08-12T14:07:13Z	25394.00000	1555.07043	1538.05207	1524.94959
2025-08-12T14:07:13Z	25394.00000	1555.07023	1538.05284	1524.94946
2025-08-12T14:07:13Z	25395.00000	1555.07089	1538.05156	1524.94962
2025-08-12T14:07:13Z	25395.00000	1555.07035	1538.05104	1524.94864
2025-08-12T14:07:13Z	25395.00000	1555.07007	1538.05225	1524.94951
2025-08-12T14:07:13Z	25395.00000	1555.06979	1538.05130	1524.94849
2025-08-12T14:07:13Z	25395.00000	1555.06999	1538.05251	1524.94872
2025-08-12T14:07:14Z	25395.00000	1555.07052	1538.05047	1524.94966
2025-08-12T14:07:14Z	25395.00000	1555.06966	1538.05123	1524.94968
2025-08-12T14:07:14Z	25395.00000	1555.06926	1538.05110	1524.94939
2025-08-12T14:07:14Z	25395.00000	1555.06940	1538.05608	1524.94939
2025-08-12T14:07:14Z	25395.00000	1555.23474	1538.31545	1524.94878
2025-08-12T14:07:14Z	25396.00000	1555.38754	1538.55849	1524.94033
2025-08-12T14:07:14Z	25396.00000	1555.50673	1538.74844	1524.94599
2025-08-12T14:07:14Z	25396.00000	1555.63565	1538.95946	1524.94361
2025-08-12T14:07:14Z	25396.00000	1555.73159	1539.12412	1524.94827
2025-08-12T14:07:14Z	25396.00000	1555.82417	1539.28076	1524.95190
2025-08-12T14:07:15Z	25396.00000	1555.92356	1539.44577	1524.94889
2025-08-12T14:07:15Z	25396.00000	1555.99114	1539.55049	1524.94769
2025-08-12T14:07:15Z	25396.00000	1556.06454	1539.67298	1524.94949
2025-08-12T14:07:15Z	25396.00000	1556.15637	1539.82541	1524.95037
2025-08-12T14:07:15Z	25396.00000	1556.20924	1539.90954	1524.95000
2025-08-12T14:07:15Z	25397.00000	1556.32569	1540.09933	1524.95134
2025-08-12T14:07:15Z	25397.00000	1556.43055	1540.26880	1524.95355
2025-08-12T14:07:15Z	25397.00000	1556.47856	1540.33213	1524.95408
2025-08-12T14:07:16Z	25397.00000	1556.51734	1540.39761	1524.95351
2025-08-12T14:07:16Z	25397.00000	1556.56000	1540.46822	1524.95507
2025-08-12T14:07:16Z	25397.00000	1556.59106	1540.51168	1524.95627
2025-08-12T14:07:16Z	25397.00000	1556.62754	1540.57165	1524.95652
2025-08-12T14:07:16Z	25397.00000	1556.65320	1540.60973	1524.95582
2025-08-12T14:07:16Z	25398.00000	1556.67974	1540.65000	1524.95696
2025-08-12T14:07:16Z	25398.00000	1556.70264	1540.68459	1524.95838
2025-08-12T14:07:16Z	25398.00000	1556.71522	1540.71692	1524.95896
2025-08-12T14:07:16Z	25398.00000	1556.74349	1540.75809	1524.95897
2025-08-12T14:07:17Z	25398.00000	1556.75443	1540.77461	1524.95966
2025-08-12T14:07:17Z	25398.00000	1556.76917	1540.80113	1524.95959
2025-08-12T14:07:17Z	25398.00000	1556.77698	1540.80726	1524.96039
2025-08-12T14:07:17Z	25398.00000	1556.78495	1540.82213	1524.95993
2025-08-12T14:07:17Z	25398.00000	1556.79390	1540.82674	1524.95995
2025-08-12T14:07:17Z	25399.00000	1556.79844	1540.83585	1524.95994
2025-08-12T14:07:17Z	25399.00000	1556.80216	1540.84101	1524.96004
2025-08-12T14:07:17Z	25399.00000	1556.80538	1540.84411	1524.96098
2025-08-12T14:07:17Z	25399.00000	1556.80935	1540.84916	1524.96037
2025-08-12T14:07:17Z	25399.00000	1556.81160	1540.85245	1524.96146
2025-08-12T14:07:18Z	25399.00000	1556.81324	1540.85472	1524.96046
2025-08-12T14:07:18Z	25399.00000	1556.81579	1540.85916	1524.96100
2025-08-12T14:07:18Z	25399.00000	1555.58212	1538.83722	1524.99427
2025-08-12T14:07:18Z	25399.00000	1555.13882	1538.16658	1524.94046
2025-08-12T14:07:18Z	25399.00000	1555.08536	1538.08169	1524.94796
2025-08-12T14:07:18Z	25400.00000	1555.08631	1538.08049	1524.94986
2025-08-12T14:07:18Z	25400.00000	1555.08377	1538.07546	1524.94780
2025-08-12T14:07:18Z	25400.00000	1555.08400	1538.07622	1524.94987
2025-08-12T14:07:18Z	25400.00000	1555.08238	1538.07209	1524.94974
2025-08-12T14:07:19Z	25400.00000	1555.08106	1538.07072	1524.94949
2025-08-12T14:07:19Z	25400.00000	1555.08046	1538.06701	1524.94912
2025-08-12T14:07:19Z	25400.00000	1555.07935	1538.06672	1524.94931
2025-08-12T14:07:19Z	25400.00000	1555.07902	1538.06609	1524.94921
2025-08-12T14:07:19Z	25400.00000	1555.07881	1538.06345	1524.94918
2025-08-12T14:07:19Z	25401.00000	1555.07811	1538.06288	1524.94964
2025-08-12T14:07:19Z	25401.00000	1555.07672	1538.06288	1524.95010
2025-08-12T14:07:19Z	25401.00000	1555.07644	1538.06265	1524.94941
2025-08-12T14:07:19Z	25401.00000	1555.07746	1538.06323	1524.95077
2025-08-12T14:07:20Z	25401.00000	1555.07567	1538.06134	1524.94999
2025-08-12T14:07:20Z	25401.00000	1555.07459	1538.05952	1524.94922
2025-08-12T14:07:20Z	25401.00000	1555.07560	1538.06080	1524.94963
2025-08-12T14:07:20Z	25401.00000	1555.07528	1538.05868	1524.94917
2025-08-12T14:07:20Z	25401.00000	1555.07583	1538.05784	1524.95082
2025-08-12T14:07:20Z	25402.00000	1555.07443	1538.05950	1524.94962
2025-08-12T14:07:20Z	25402.00000	1555.07423	1538.05654	1524.94902
2025-08-12T14:07:20Z	25402.00000	1555.07349	1538.05680	1524.94891
2025-08-12T14:07:20Z	25402.00000	1555.07386	1538.05609	1524.94911
2025-08-12T14:07:20Z	25402.00000	1555.07416	1538.05666	1524.94917
2025-08-12T14:07:21Z	25402.00000	1555.07344	1538.05479	1524.94904
2025-08-12T14:07:21Z	25402.00000	1555.07385	1538.05617	1524.94944
2025-08-12T14:07:21Z	25402.00000	1555.07246	1538.05485	1524.94949
2025-08-12T14:07:21Z	25402.00000	1555.07240	1538.05267	1524.94904
2025-08-12T14:07:21Z	25403.00000	1555.07306	1538.05525	1524.94963
2025-08-12T14:07:21Z	25403.00000	1555.07242	1538.05424	1524.94873
2025-08-12T14:07:21Z	25403.00000	1555.07219	1538.05457	1524.94988
2025-08-12T14:07:21Z	25403.00000	1555.07201	1538.05492	1524.94926
2025-08-12T14:07:21Z	25403.00000	1555.07217	1538.05451	1524.94933
2025-08-12T14:07:22Z	25403.00000	1555.07193	1538.05363	1524.94942
2025-08-12T14:07:22Z	25403.00000	1555.07198	1538.05279	1524.94930
2025-08-12T14:07:22Z	25403.00000	1555.07089	1538.05305	1524.94889
2025-08-12T14:07:22Z	25403.00000	1555.07054	1538.05267	1524.94891
2025-08-12T14:07:22Z	25403.00000	1555.07105	1538.05200	1524.94864
2025-08-12T14:07:22Z	25404.00000	1555.07114	1538.05114	1524.94906
2025-08-12T14:07:22Z	25404.00000	1555.07069	1538.05127	1524.94865
2025-08-12T14:07:22Z	25404.00000	1555.07134	1538.05189	1524.94984
2025-08-12T14:07:22Z	25404.00000	1555.07080	1538.05145	1524.94973
2025-08-12T14:07:23Z	25404.00000	1555.07079	1538.05225	1524.94965
2025-08-12T14:07:23Z	25404.00000	1555.06955	1538.05129	1524.94951
2025-08-12T14:07:23Z	25404.00000	1555.15499	1538.17296	1524.96001
2025-08-12T14:07:23Z	25404.00000	1555.31703	1538.43673	1524.93918
2025-08-12T14:07:23Z	25405.00000	1555.57259	1538.85387	1524.94370
2025-08-12T14:07:23Z	25405.00000	1555.67757	1539.03145	1524.94958
2025-08-12T14:07:23Z	25405.00000	1555.77254	1539.19172	1524.95276
2025-08-12T14:07:23Z	25405.00000	1555.87627	1539.36477	1524.94899
2025-08-12T14:07:24Z	25405.00000	1555.94916	1539.47897	1524.94740
2025-08-12T14:07:24Z	25405.00000	1556.04632	1539.64792	1524.94985
2025-08-12T14:07:24Z	25405.00000	1556.18426	1539.86909	1524.95035
2025-08-12T14:07:24Z	25405.00000	1556.23555	1539.95395	1524.95128
2025-08-12T14:07:24Z	25406.00000	1556.30654	1540.06845	1524.95179
2025-08-12T14:07:24Z	25406.00000	1556.35793	1540.14766	1524.95283
2025-08-12T14:07:24Z	25406.00000	1556.41491	1540.24269	1524.95347
2025-08-12T14:07:24Z	25406.00000	1556.46179	1540.30957	1524.95339
2025-08-12T14:07:25Z	25406.00000	1556.54405	1540.44680	1524.95446
2025-08-12T14:07:25Z	25406.00000	1556.57074	1540.48250	1524.95525
2025-08-12T14:07:25Z	25406.00000	1556.59965	1540.53941	1524.95576
2025-08-12T14:07:25Z	25406.00000	1556.63132	1540.58072	1524.95665
2025-08-12T14:07:25Z	25406.00000	1556.66073	1540.62152	1524.95689
2025-08-12T14:07:25Z	25407.00000	1556.68191	1540.65497	1524.95804
2025-08-12T14:07:25Z	25407.00000	1556.70068	1540.68276	1524.95796
2025-08-12T14:07:25Z	25407.00000	1556.71992	1540.72372	1524.95827
2025-08-12T14:07:25Z	25407.00000	1556.73421	1540.74598	1524.95917
2025-08-12T14:07:25Z	25407.00000	1556.74840	1540.76688	1524.95995
2025-08-12T14:07:26Z	25407.00000	1556.76084	1540.78807	1524.95872
2025-08-12T14:07:26Z	25407.00000	1556.76995	1540.80079	1524.95986
2025-08-12T14:07:26Z	25407.00000	1556.78118	1540.81528	1524.95966
2025-08-12T14:07:26Z	25407.00000	1556.79164	1540.82685	1524.95990
2025-08-12T14:07:26Z	25407.00000	1556.79681	1540.83190	1524.96008
2025-08-12T14:07:26Z	25408.00000	1556.80332	1540.84336	1524.95961
2025-08-12T14:07:26Z	25408.00000	1556.80716	1540.84696	1524.96109
2025-08-12T14:07:26Z	25408.00000	1556.81048	1540.85076	1524.96042
2025-08-12T14:07:26Z	25408.00000	1556.81296	1540.85491	1524.96059
2025-08-12T14:07:26Z	25408.00000	1556.81486	1540.85903	1524.96074
2025-08-12T14:07:27Z	25408.00000	1556.81664	1540.86289	1524.96009
2025-08-12T14:07:27Z	25408.00000	1555.82679	1539.30096	1524.84484
2025-08-12T14:07:27Z	25408.00000	1555.20562	1538.26200	1524.96239
2025-08-12T14:07:27Z	25408.00000	1555.08814	1538.08909	1524.95375
2025-08-12T14:07:27Z	25408.00000	1555.08769	1538.08203	1524.94951
2025-08-12T14:07:27Z	25409.00000	1555.08504	1538.07784	1524.94943
2025-08-12T14:07:27Z	25409.00000	1555.08227	1538.07258	1524.94794
2025-08-12T14:07:27Z	25409.00000	1555.08222	1538.07179	1524.94878
2025-08-12T14:07:27Z	25409.00000	1555.08233	1538.07235	1524.95017
2025-08-12T14:07:28Z	25409.00000	1555.08182	1538.07032	1524.94933
2025-08-12T14:07:28Z	25409.00000	1555.07983	1538.06608	1524.94858
2025-08-12T14:07:28Z	25409.00000	1555.07961	1538.06834	1524.94938
2025-08-12T14:07:28Z	25409.00000	1555.07952	1538.06586	1524.94948
2025-08-12T14:07:28Z	25409.00000	1555.07984	1538.06547	1524.94967
2025-08-12T14:07:28Z	25410.00000	1555.07845	1538.06401	1524.94903
2025-08-12T14:07:28Z	25410.00000	1555.07721	1538.06244	1524.94922
2025-08-12T14:07:28Z	25410.00000	1555.07717	1538.06262	1524.94924
2025-08-12T14:07:28Z	25410.00000	1555.07724	1538.06177	1524.94761
2025-08-12T14:07:28Z	25410.00000	1555.07679	1538.06128	1524.94911
2025-08-12T14:07:29Z	25410.00000	1555.07494	1538.06096	1524.94836
2025-08-12T14:07:29Z	25410.00000	1555.07576	1538.05888	1524.94884
2025-08-12T14:07:29Z	25410.00000	1555.07514	1538.06079	1524.94975
2025-08-12T14:07:29Z	25410.00000	1555.07432	1538.05935	1524.94875
2025-08-12T14:07:29Z	25410.00000	1555.07417	1538.05827	1524.94949
2025-08-12T14:07:29Z	25411.00000	1555.07340	1538.05691	1524.94922
2025-08-12T14:07:29Z	25411.00000	1555.07441	1538.05736	1524.94926
2025-08-12T14:07:29Z	25411.00000	1555.07445	1538.05779	1524.94956
2025-08-12T14:07:29Z	25411.00000	1555.07425	1538.05798	1524.94861
2025-08-12T14:07:29Z	25411.00000	1555.07350	1538.05771	1524.94854
2025-08-12T14:07:29Z	25411.00000	1555.07338	1538.05680	1524.94977
2025-08-12T14:07:30Z	25411.00000	1555.07385	1538.05585	1524.94968
2025-08-12T14:07:30Z	25411.00000	1555.07363	1538.05469	1524.94931
2025-08-12T14:07:30Z	25411.00000	1555.07250	1538.05583	1524.94913
2025-08-12T14:07:30Z	25411.00000	1555.07224	1538.05390	1524.94959
2025-08-12T14:07:30Z	25412.00000	1555.07313	1538.05500	1524.94905
2025-08-12T14:07:30Z	25412.00000	1555.07265	1538.05380	1524.94897
2025-08-12T14:07:30Z	25412.00000	1555.07171	1538.05306	1524.94957
2025-08-12T14:07:30Z	25412.00000	1555.07134	1538.05389	1524.94976
2025-08-12T14:07:30Z	25412.00000	1555.07180	1538.05366	1524.94966
2025-08-12T14:07:31Z	25412.00000	1555.07125	1538.05318	1524.94924
2025-08-12T14:07:31Z	25412.00000	1555.07119	1538.05492	1524.94948
2025-08-12T14:07:31Z	25412.00000	1555.07131	1538.05215	1524.94967
2025-08-12T14:07:31Z	25412.00000	1555.07057	1538.05171	1524.94748
2025-08-12T14:07:31Z	25412.00000	1555.07083	1538.05183	1524.94966
2025-08-12T14:07:31Z	25412.00000	1555.07088	1538.05424	1524.95084
2025-08-12T14:07:31Z	25413.00000	1555.07076	1538.05165	1524.94935
2025-08-12T14:07:31Z	25413.00000	1555.07082	1538.05229	1524.94931
2025-08-12T14:07:31Z	25413.00000	1555.07103	1538.05247	1524.94944
2025-08-12T14:07:31Z	25413.00000	1555.07075	1538.05234	1524.94962
2025-08-12T14:07:32Z	25413.00000	1555.06950	1538.05120	1524.94894
2025-08-12T14:07:32Z	25413.00000	1555.07022	1538.05196	1524.94926
2025-08-12T14:07:32Z	25413.00000	1555.07045	1538.05072	1524.94933
2025-08-12T14:07:32Z	25413.00000	1555.23489	1538.31872	1524.95138
2025-08-12T14:07:32Z	25413.00000	1555.39173	1538.56183	1524.94094
2025-08-12T14:07:32Z	25414.00000	1555.50991	1538.75273	1524.95017
2025-08-12T14:07:32Z	25414.00000	1555.63931	1538.96384	1524.94521
2025-08-12T14:07:32Z	25414.00000	1555.73573	1539.13119	1524.95148
2025-08-12T14:07:32Z	25414.00000	1555.83150	1539.28727	1524.95053
2025-08-12T14:07:32Z	25414.00000	1555.92946	1539.45355	1524.95016
2025-08-12T14:07:33Z	25414.00000	1556.00781	1539.57650	1524.94950
2025-08-12T14:07:33Z	25414.00000	1556.08061	1539.69970	1524.94890
2025-08-12T14:07:33Z	25414.00000	1556.14992	1539.81344	1524.95010
2025-08-12T14:07:33Z	25414.00000	1556.22133	1539.92860	1524.94992
2025-08-12T14:07:33Z	25414.00000	1556.28327	1540.02839	1524.95126
2025-08-12T14:07:33Z	25415.00000	1556.34677	1540.12752	1524.95190
2025-08-12T14:07:33Z	25415.00000	1556.39705	1540.21382	1524.95265
2025-08-12T14:07:33Z	25415.00000	1556.45331	1540.29692	1524.95389
2025-08-12T14:07:33Z	25415.00000	1556.48801	1540.35672	1524.95369
2025-08-12T14:07:33Z	25415.00000	1556.52628	1540.41326	1524.95447
2025-08-12T14:07:34Z	25415.00000	1556.55994	1540.46571	1524.95478
2025-08-12T14:07:34Z	25415.00000	1556.58451	1540.50333	1524.95506
2025-08-12T14:07:34Z	25415.00000	1556.61448	1540.55734	1524.95729
2025-08-12T14:07:34Z	25415.00000	1556.64477	1540.59420	1524.95657
2025-08-12T14:07:34Z	25415.00000	1556.67377	1540.64064	1524.95608
2025-08-12T14:07:34Z	25416.00000	1556.69220	1540.66862	1524.95767
2025-08-12T14:07:34Z	25416.00000	1556.70918	1540.69267	1524.95823
2025-08-12T14:07:34Z	25416.00000	1556.72912	1540.73790	1524.95867
2025-08-12T14:07:34Z	25416.00000	1556.74444	1540.75937	1524.95977
2025-08-12T14:07:34Z	25416.00000	1556.75713	1540.77737	1524.95956
2025-08-12T14:07:35Z	25416.00000	1556.76637	1540.79529	1524.96028
2025-08-12T14:07:35Z	25416.00000	1556.77762	1540.80855	1524.95991
2025-08-12T14:07:35Z	25416.00000	1556.78649	1540.82140	1524.95995
2025-08-12T14:07:35Z	25416.00000	1556.79838	1540.83646	1524.96081
2025-08-12T14:07:35Z	25417.00000	1556.80293	1540.84528	1524.96044
2025-08-12T14:07:35Z	25417.00000	1556.80710	1540.84558	1524.96002
2025-08-12T14:07:35Z	25417.00000	1556.80978	1540.84994	1524.96011
2025-08-12T14:07:35Z	25417.00000	1556.81115	1540.85027	1524.96011
2025-08-12T14:07:35Z	25417.00000	1556.81460	1540.85624	1524.96070
2025-08-12T14:07:36Z	25417.00000	1556.81570	1540.85737	1524.96053
2025-08-12T14:07:36Z	25417.00000	1555.73026	1539.11870	1524.85319
2025-08-12T14:07:36Z	25417.00000	1555.16697	1538.21648	1524.95324
2025-08-12T14:07:36Z	25417.00000	1555.09234	1538.08613	1524.95053
2025-08-12T14:07:36Z	25417.00000	1555.08728	1538.08136	1524.95016
2025-08-12T14:07:36Z	25418.00000	1555.08497	1538.07666	1524.95090
2025-08-12T14:07:36Z	25418.00000	1555.08263	1538.07448	1524.94929
2025-08-12T14:07:36Z	25418.00000	1555.08234	1538.07095	1524.94735
2025-08-12T14:07:36Z	25418.00000	1555.08186	1538.07150	1524.94931
2025-08-12T14:07:37Z	25418.00000	1555.08256	1538.07036	1524.95075
2025-08-12T14:07:37Z	25418.00000	1555.07929	1538.06678	1524.94779
2025-08-12T14:07:37Z	25418.00000	1555.07891	1538.06679	1524.94884
2025-08-12T14:07:37Z	25418.00000	1555.07964	1538.06560	1524.94941
2025-08-12T14:07:37Z	25418.00000	1555.07884	1538.06350	1524.94959
2025-08-12T14:07:37Z	25419.00000	1555.07779	1538.06245	1524.94911
2025-08-12T14:07:37Z	25419.00000	1555.07721	1538.06220	1524.94906
2025-08-12T14:07:37Z	25419.00000	1555.07785	1538.06209	1524.95103
2025-08-12T14:07:37Z	25419.00000	1555.07720	1538.06077	1524.95072
2025-08-12T14:07:38Z	25419.00000	1555.07507	1538.06147	1524.94877
2025-08-12T14:07:38Z	25419.00000	1555.07591	1538.06014	1524.94951
2025-08-12T14:07:38Z	25419.00000	1555.07557	1538.06095	1524.94986
2025-08-12T14:07:38Z	25419.00000	1555.07553	1538.05993	1524.94976
2025-08-12T14:07:38Z	25419.00000	1555.07439	1538.05781	1524.94990
2025-08-12T14:07:38Z	25420.00000	1555.07362	1538.05701	1524.95005
2025-08-12T14:07:38Z	25420.00000	1555.07368	1538.05740	1524.95022
2025-08-12T14:07:38Z	25420.00000	1555.07475	1538.05618	1524.94912
2025-08-12T14:07:38Z	25420.00000	1555.07438	1538.05802	1524.94962
2025-08-12T14:07:39Z	25420.00000	1555.07334	1538.05785	1524.94883
2025-08-12T14:07:39Z	25420.00000	1555.07382	1538.05705	1524.94942
2025-08-12T14:07:39Z	25420.00000	1555.07319	1538.05603	1524.94943
2025-08-12T14:07:39Z	25420.00000	1555.07327	1538.05687	1524.95034
2025-08-12T14:07:39Z	25420.00000	1555.07210	1538.05485	1524.94797
2025-08-12T14:07:39Z	25421.00000	1555.07189	1538.05343	1524.94822
2025-08-12T14:07:39Z	25421.00000	1555.07229	1538.05555	1524.94877
2025-08-12T14:07:39Z	25421.00000	1555.07248	1538.05523	1524.94951
2025-08-12T14:07:39Z	25421.00000	1555.07264	1538.05348	1524.95016
2025-08-12T14:07:39Z	25421.00000	1555.07122	1538.05338	1524.94942
2025-08-12T14:07:40Z	25421.00000	1555.07210	1538.05341	1524.94900
2025-08-12T14:07:40Z	25421.00000	1555.07108	1538.05276	1524.94991
2025-08-12T14:07:40Z	25421.00000	1555.07098	1538.05380	1524.94972
2025-08-12T14:07:40Z	25421.00000	1555.07207	1538.05432	1524.94954
2025-08-12T14:07:40Z	25421.00000	1555.07166	1538.05311	1524.94953
2025-08-12T14:07:40Z	25422.00000	1555.07073	1538.05235	1524.94932
2025-08-12T14:07:40Z	25422.00000	1555.07065	1538.05128	1524.94932
2025-08-12T14:07:40Z	25422.00000	1555.07059	1538.05174	1524.94937
2025-08-12T14:07:40Z	25422.00000	1555.07121	1538.05193	1524.94909
2025-08-12T14:07:40Z	25422.00000	1555.07132	1538.05192	1524.94928
2025-08-12T14:07:41Z	25422.00000	1555.07004	1538.05108	1524.94960
2025-08-12T14:07:41Z	25422.00000	1555.07093	1538.05270	1524.94966
2025-08-12T14:07:41Z	25422.00000	1555.07084	1538.05118	1524.94922
2025-08-12T14:07:41Z	25422.00000	1555.06984	1538.05049	1524.94928
2025-08-12T14:07:41Z	25422.00000	1555.07065	1538.05100	1524.94912
2025-08-12T14:07:41Z	25423.00000	1555.06988	1538.05097	1524.94965
2025-08-12T14:07:41Z	25423.00000	1555.06964	1538.05089	1524.94938
2025-08-12T14:07:41Z	25423.00000	1555.07036	1538.05137	1524.94860
2025-08-12T14:07:41Z	25423.00000	1555.06989	1538.04995	1524.94945
2025-08-12T14:07:42Z	25423.00000	1555.06954	1538.04965	1524.94853
2025-08-12T14:07:42Z	25423.00000	1555.07001	1538.04901	1524.94951
2025-08-12T14:07:42Z	25423.00000	1555.06897	1538.04963	1524.94907
2025-08-12T14:07:42Z	25423.00000	1555.06831	1538.04981	1524.94921
2025-08-12T14:07:42Z	25423.00000	1555.06849	1538.04940	1524.94950
2025-08-12T14:07:42Z	25424.00000	1555.06948	1538.04859	1524.94943
2025-08-12T14:07:42Z	25424.00000	1555.06936	1538.04934	1524.94907
2025-08-12T14:07:42Z	25424.00000	1555.06834	1538.04930	1524.94972
2025-08-12T14:07:42Z	25424.00000	1555.06793	1538.04954	1524.94994
2025-08-12T14:07:42Z	25424.00000	1555.06808	1538.04949	1524.94909
2025-08-12T14:07:43Z	25424.00000	1555.06813	1538.04881	1524.94983
2025-08-12T14:07:43Z	25424.00000	1555.06829	1538.04783	1524.94925
2025-08-12T14:07:43Z	25424.00000	1555.06819	1538.04927	1524.94935
2025-08-12T14:07:43Z	25424.00000	1555.06842	1538.04897	1524.94949
2025-08-12T14:07:43Z	25424.00000	1555.06764	1538.04795	1524.94898
2025-08-12T14:07:43Z	25425.00000	1555.06789	1538.04946	1524.94904
2025-08-12T14:07:43Z	25425.00000	1555.06750	1538.04910	1524.94902
2025-08-12T14:07:43Z	25425.00000	1555.06764	1538.04884	1524.94975
2025-08-12T14:07:43Z	25425.00000	1555.06809	1538.04821	1524.94927
2025-08-12T14:07:43Z	25425.00000	1555.06820	1538.04877	1524.94899
2025-08-12T14:07:44Z	25425.00000	1555.06760	1538.04825	1524.94949
2025-08-12T14:07:44Z	25425.00000	1555.06756	1538.04849	1524.94938
2025-08-12T14:07:44Z	25425.00000	1555.06749	1538.04822	1524.94931
2025-08-12T14:07:44Z	25425.00000	1555.06685	1538.04769	1524.94892
2025-08-12T14:07:44Z	25425.00000	1555.06713	1538.04771	1524.94897
2025-08-12T14:07:44Z	25426.00000	1555.06723	1538.04675	1524.94854
2025-08-12T14:07:44Z	25426.00000	1555.06717	1538.04729	1524.94918
2025-08-12T14:07:44Z	25426.00000	1555.06664	1538.04777	1524.94902
2025-08-12T14:07:44Z	25426.00000	1555.06720	1538.04718	1524.94897
2025-08-12T14:07:44Z	25426.00000	1555.06737	1538.04708	1524.94882
2025-08-12T14:07:45Z	25426.00000	1555.06701	1538.04698	1524.94894
2025-08-12T14:07:45Z	25426.00000	1555.06684	1538.04790	1524.94934
2025-08-12T14:07:45Z	25426.00000	1555.06699	1538.04683	1524.94898
2025-08-12T14:07:45Z	25426.00000	1555.06622	1538.04600	1524.94891
2025-08-12T14:07:45Z	25426.00000	1555.06645	1538.04571	1524.94915
2025-08-12T14:07:45Z	25427.00000	1555.06638	1538.04720	1524.94975
2025-08-12T14:07:45Z	25427.00000	1555.06698	1538.04500	1524.94962
2025-08-12T14:07:45Z	25427.00000	1555.06642	1538.04588	1524.94933
2025-08-12T14:07:45Z	25427.00000	1555.06648	1538.04633	1524.94966
2025-08-12T14:07:45Z	25427.00000	1555.06660	1538.04530	1524.94919
2025-08-12T14:07:46Z	25427.00000	1555.06634	1538.04582	1524.94921
2025-08-12T14:07:46Z	25427.00000	1555.06620	1538.04541	1524.94938
2025-08-12T14:07:46Z	25427.00000	1555.06639	1538.04521	1524.94902
2025-08-12T14:07:46Z	25427.00000	1555.06627	1538.04597	1524.94932
2025-08-12T14:07:46Z	25427.00000	1555.06622	1538.04408	1524.94913
2025-08-12T14:07:46Z	25428.00000	1555.06635	1538.04433	1524.94886
2025-08-12T14:07:46Z	25428.00000	1555.06561	1538.04383	1524.94908
2025-08-12T14:07:46Z	25428.00000	1555.06614	1538.04432	1524.94920
2025-08-12T14:07:46Z	25428.00000	1555.06621	1538.04627	1524.94902
2025-08-12T14:07:46Z	25428.00000	1555.06653	1538.04498	1524.94894
2025-08-12T14:07:47Z	25428.00000	1555.06592	1538.04544	1524.94880
2025-08-12T14:07:47Z	25428.00000	1555.06612	1538.04373	1524.94833
2025-08-12T14:07:47Z	25428.00000	1555.06604	1538.04336	1524.94815
2025-08-12T14:07:47Z	25428.00000	1555.06589	1538.04345	1524.94942
2025-08-12T14:07:47Z	25428.00000	1555.06578	1538.04425	1524.94915
2025-08-12T14:07:47Z	25429.00000	1555.06554	1538.04553	1524.94897
2025-08-12T14:07:47Z	25429.00000	1555.06512	1538.04312	1524.94857
2025-08-12T14:07:47Z	25429.00000	1555.06580	1538.04514	1524.94924
2025-08-12T14:07:47Z	25429.00000	1555.06487	1538.04392	1524.94879
2025-08-12T14:07:47Z	25429.00000	1555.06577	1538.04449	1524.94864
2025-08-12T14:07:48Z	25429.00000	1555.06570	1538.04346	1524.94858
2025-08-12T14:07:48Z	25429.00000	1555.06492	1538.04449	1524.94859
2025-08-12T14:07:48Z	25429.00000	1555.06503	1538.04289	1524.94874
2025-08-12T14:07:48Z	25429.00000	1555.06516	1538.04354	1524.94935
2025-08-12T14:07:48Z	25429.00000	1555.06536	1538.04332	1524.94905
2025-08-12T14:07:48Z	25430.00000	1555.06521	1538.04207	1524.94903
2025-08-12T14:07:48Z	25430.00000	1555.06545	1538.04422	1524.94921
2025-08-12T14:07:48Z	25430.00000	1555.06475	1538.04254	1524.94984
2025-08-12T14:07:49Z	25430.00000	1555.06480	1538.04263	1524.94895
2025-08-12T14:07:49Z	25430.00000	1555.06477	1538.04275	1524.94881
2025-08-12T14:07:49Z	25430.00000	1555.06511	1538.04353	1524.94957
2025-08-12T14:07:49Z	25430.00000	1555.06522	1538.04297	1524.94870
2025-08-12T14:07:49Z	25431.00000	1555.06462	1538.04180	1524.94902
2025-08-12T14:07:49Z	25431.00000	1555.06477	1538.04335	1524.94855
2025-08-12T14:07:49Z	25431.00000	1555.06448	1538.04240	1524.94916
2025-08-12T14:07:49Z	25431.00000	1555.06428	1538.04115	1524.94895
2025-08-12T14:07:49Z	25431.00000	1555.06492	1538.04303	1524.94881
2025-08-12T14:07:50Z	25431.00000	1555.06449	1538.04131	1524.94879
2025-08-12T14:07:50Z	25431.00000	1555.06471	1538.04289	1524.94909
2025-08-12T14:07:50Z	25431.00000	1555.06439	1538.04195	1524.94856
2025-08-12T14:07:50Z	25431.00000	1555.06475	1538.04084	1524.94891
2025-08-12T14:07:50Z	25431.00000	1555.06435	1538.04126	1524.94855
2025-08-12T14:07:50Z	25432.00000	1555.06509	1538.04274	1524.94933
2025-08-12T14:07:50Z	25432.00000	1555.06410	1538.04084	1524.94909
2025-08-12T14:07:50Z	25432.00000	1555.06476	1538.04153	1524.94902
2025-08-12T14:07:50Z	25432.00000	1555.06371	1538.04244	1524.94910
2025-08-12T14:07:50Z	25432.00000	1555.06418	1538.04066	1524.94901
2025-08-12T14:07:51Z	25432.00000	1555.06440	1538.04289	1524.94892
2025-08-12T14:07:51Z	25432.00000	1555.06416	1538.04076	1524.94824
2025-08-12T14:07:51Z	25432.00000	1555.06370	1538.04129	1524.94899
2025-08-12T14:07:51Z	25432.00000	1555.06484	1538.04169	1524.94892
2025-08-12T14:07:51Z	25432.00000	1555.06441	1538.04112	1524.94886
2025-08-12T14:07:51Z	25433.00000	1555.06414	1538.04188	1524.94845
2025-08-12T14:07:51Z	25433.00000	1555.06360	1538.04073	1524.94915
2025-08-12T14:07:51Z	25433.00000	1555.06369	1538.04171	1524.94948
2025-08-12T14:07:52Z	25433.00000	1555.06364	1538.04122	1524.94850
2025-08-12T14:07:52Z	25433.00000	1555.06329	1538.04019	1524.94913
2025-08-12T14:07:52Z	25433.00000	1555.06357	1538.04105	1524.94896
2025-08-12T14:07:52Z	25433.00000	1555.06333	1538.04018	1524.94921
2025-08-12T14:07:52Z	25433.00000	1555.06363	1538.04190	1524.94896
2025-08-12T14:07:52Z	25434.00000	1555.06345	1538.04128	1524.94911
2025-08-12T14:07:52Z	25434.00000	1555.06339	1538.04015	1524.94868
2025-08-12T14:07:52Z	25434.00000	1555.06314	1538.03994	1524.94885
2025-08-12T14:07:52Z	25434.00000	1555.06297	1538.04047	1524.94869
2025-08-12T14:07:53Z	25434.00000	1555.06358	1538.04079	1524.94920
2025-08-12T14:07:53Z	25434.00000	1555.06308	1538.03879	1524.94866
2025-08-12T14:07:53Z	25434.00000	1555.06319	1538.04102	1524.94883
2025-08-12T14:07:53Z	25435.00000	1555.06325	1538.04050	1524.94925
2025-08-12T14:07:53Z	25435.00000	1555.06340	1538.04039	1524.94910
2025-08-12T14:07:53Z	25435.00000	1555.06295	1538.03980	1524.94827
2025-08-12T14:07:53Z	25435.00000	1555.06331	1538.04138	1524.94863
2025-08-12T14:07:54Z	25435.00000	1555.06298	1538.03968	1524.94894
2025-08-12T14:07:54Z	25435.00000	1555.06306	1538.04006	1524.94913
2025-08-12T14:07:54Z	25435.00000	1555.06325	1538.03957	1524.94890
2025-08-12T14:07:54Z	25435.00000	1555.06303	1538.03998	1524.94852
2025-08-12T14:07:54Z	25436.00000	1555.06296	1538.03864	1524.94910
2025-08-12T14:07:54Z	25436.00000	1555.06202	1538.03919	1524.94867
2025-08-12T14:07:54Z	25436.00000	1555.06289	1538.03865	1524.94849
2025-08-12T14:07:54Z	25436.00000	1555.06268	1538.03890	1524.94802
2025-08-12T14:07:54Z	25436.00000	1555.06309	1538.03965	1524.94818
2025-08-12T14:07:55Z	25436.00000	1555.06287	1538.04002	1524.94837
2025-08-12T14:07:55Z	25436.00000	1555.06273	1538.03936	1524.94960
2025-08-12T14:07:55Z	25436.00000	1555.06295	1538.03960	1524.94903
2025-08-12T14:07:55Z	25436.00000	1555.06235	1538.03927	1524.94873
2025-08-12T14:07:55Z	25436.00000	1555.06302	1538.03913	1524.94919
2025-08-12T14:07:55Z	25437.00000	1555.06313	1538.03895	1524.94875
2025-08-12T14:07:55Z	25437.00000	1555.06286	1538.04001	1524.94854
2025-08-12T14:07:55Z	25437.00000	1555.06248	1538.03808	1524.94800
2025-08-12T14:07:55Z	25437.00000	1555.06336	1538.03871	1524.94852
2025-08-12T14:07:55Z	25437.00000	1555.06255	1538.03903	1524.94895
2025-08-12T14:07:56Z	25437.00000	1555.06228	1538.03837	1524.94717
2025-08-12T14:07:56Z	25437.00000	1555.06219	1538.03956	1524.94967
2025-08-12T14:07:56Z	25437.00000	1555.06240	1538.03818	1524.94881
2025-08-12T14:07:56Z	25437.00000	1555.06238	1538.03787	1524.94811
2025-08-12T14:07:56Z	25437.00000	1555.06324	1538.03923	1524.94924
2025-08-12T14:07:56Z	25438.00000	1555.06231	1538.03784	1524.94864
2025-08-12T14:07:56Z	25438.00000	1555.06243	1538.03789	1524.94827
2025-08-12T14:07:56Z	25438.00000	1555.06231	1538.03795	1524.94856
2025-08-12T14:07:57Z	25438.00000	1555.06224	1538.03793	1524.94777
2025-08-12T14:07:57Z	25438.00000	1555.06288	1538.03880	1524.94874
2025-08-12T14:07:57Z	25438.00000	1555.06282	1538.03933	1524.94888
2025-08-12T14:07:57Z	25438.00000	1555.06306	1538.03930	1524.94907
2025-08-12T14:07:57Z	25438.00000	1555.06266	1538.03802	1524.94887
2025-08-12T14:07:57Z	25439.00000	1555.06298	1538.03881	1524.94876
2025-08-12T14:07:57Z	25439.00000	1555.06313	1538.03908	1524.94928
2025-08-12T14:07:57Z	25439.00000	1555.06220	1538.03797	1524.94915
2025-08-12T14:07:57Z	25439.00000	1555.06232	1538.03916	1524.94908
2025-08-12T14:07:58Z	25439.00000	1555.06353	1538.03829	1524.94884
2025-08-12T14:07:58Z	25439.00000	1555.06287	1538.03835	1524.94900
2025-08-12T14:07:58Z	25439.00000	1555.06227	1538.03884	1524.94912
2025-08-12T14:07:58Z	25439.00000	1555.06212	1538.03868	1524.94865
2025-08-12T14:07:58Z	25440.00000	1555.06234	1538.03819	1524.94900
2025-08-12T14:07:58Z	25440.00000	1555.06287	1538.03682	1524.94869
2025-08-12T14:07:58Z	25440.00000	1555.06237	1538.03727	1524.94918
2025-08-12T14:07:58Z	25440.00000	1555.06214	1538.03717	1524.94878
2025-08-12T14:07:58Z	25440.00000	1555.06248	1538.03730	1524.94881
2025-08-12T14:07:59Z	25440.00000	1555.06248	1538.03799	1524.94926
2025-08-12T14:07:59Z	25440.00000	1555.06256	1538.03712	1524.94839
2025-08-12T14:07:59Z	25440.00000	1555.06233	1538.03786	1524.94848
2025-08-12T14:07:59Z	25440.00000	1555.06213	1538.03901	1524.94869
2025-08-12T14:07:59Z	25440.00000	1555.06218	1538.03768	1524.94882
2025-08-12T14:07:59Z	25441.00000	1555.06231	1538.03733	1524.94876
2025-08-12T14:07:59Z	25441.00000	1555.06196	1538.03630	1524.94893
2025-08-12T14:07:59Z	25441.00000	1555.06168	1538.03754	1524.94895
2025-08-12T14:07:59Z	25441.00000	1555.06214	1538.03763	1524.94860
2025-08-12T14:08:00Z	25441.00000	1555.06240	1538.03823	1524.94928
2025-08-12T14:08:00Z	25441.00000	1555.06255	1538.03852	1524.94911
2025-08-12T14:08:00Z	25441.00000	1555.06163	1538.03764	1524.94867
2025-08-12T14:08:00Z	25441.00000	1555.06202	1538.03873	1524.94897
2025-08-12T14:08:00Z	25442.00000	1555.06197	1538.03712	1524.94901
2025-08-12T14:08:00Z	25442.00000	1555.06211	1538.03780	1524.94845
2025-08-12T14:08:00Z	25442.00000	1555.06203	1538.03621	1524.94859
2025-08-12T14:08:00Z	25442.00000	1555.06152	1538.03717	1524.94890
2025-08-12T14:08:00Z	25442.00000	1555.06204	1538.03774	1524.94882
2025-08-12T14:08:00Z	25442.00000	1555.06194	1538.03680	1524.94951
2025-08-12T14:08:01Z	25442.00000	1555.06151	1538.03815	1524.94849
2025-08-12T14:08:01Z	25442.00000	1555.06227	1538.03722	1524.94820
2025-08-12T14:08:01Z	25442.00000	1555.06229	1538.03762	1524.94849
2025-08-12T14:08:01Z	25442.00000	1555.06263	1538.03708	1524.94870
2025-08-12T14:08:01Z	25443.00000	1555.06227	1538.03642	1524.94835
2025-08-12T14:08:01Z	25443.00000	1555.06237	1538.03633	1524.94855
2025-08-12T14:08:01Z	25443.00000	1555.06275	1538.03662	1524.94837
2025-08-12T14:08:01Z	25443.00000	1555.06195	1538.03832	1524.94884
2025-08-12T14:08:02Z	25443.00000	1555.06192	1538.03745	1524.94876
2025-08-12T14:08:02Z	25443.00000	1555.06221	1538.03713	1524.94817
2025-08-12T14:08:02Z	25443.00000	1555.06248	1538.03646	1524.94836
2025-08-12T14:08:02Z	25443.00000	1555.06192	1538.03772	1524.94909
2025-08-12T14:08:02Z	25443.00000	1555.06182	1538.03793	1524.94857
2025-08-12T14:08:02Z	25444.00000	1555.06224	1538.03666	1524.94928
2025-08-12T14:08:02Z	25444.00000	1555.06205	1538.03800	1524.94896
2025-08-12T14:08:02Z	25444.00000	1555.06200	1538.03662	1524.94891
2025-08-12T14:08:02Z	25444.00000	1555.06182	1538.03680	1524.94934
2025-08-12T14:08:03Z	25444.00000	1555.06177	1538.03543	1524.94854
2025-08-12T14:08:03Z	25444.00000	1555.06199	1538.03614	1524.94899
2025-08-12T14:08:03Z	25444.00000	1555.06152	1538.03542	1524.94849
2025-08-12T14:08:03Z	25444.00000	1555.06109	1538.03786	1524.94911
2025-08-12T14:08:03Z	25445.00000	1555.06157	1538.03826	1524.94906
2025-08-12T14:08:03Z	25445.00000	1555.06078	1538.03642	1524.94906
2025-08-12T14:08:03Z	25445.00000	1555.06181	1538.03665	1524.94852
2025-08-12T14:08:03Z	25445.00000	1555.06168	1538.03634	1524.94930
2025-08-12T14:08:03Z	25445.00000	1555.06142	1538.03616	1524.94886
2025-08-12T14:08:03Z	25445.00000	1555.06106	1538.03675	1524.94856
2025-08-12T14:08:04Z	25445.00000	1555.06161	1538.03598	1524.94825
2025-08-12T14:08:04Z	25445.00000	1555.06136	1538.03573	1524.94923
2025-08-12T14:08:04Z	25445.00000	1555.06098	1538.03674	1524.94843
2025-08-12T14:08:04Z	25445.00000	1555.06127	1538.03670	1524.94875
2025-08-12T14:08:04Z	25446.00000	1555.06175	1538.03632	1524.94880
2025-08-12T14:08:04Z	25446.00000	1555.06107	1538.03633	1524.94924
2025-08-12T14:08:04Z	25446.00000	1555.06137	1538.03685	1524.94844
2025-08-12T14:08:04Z	25446.00000	1555.06142	1538.03544	1524.94916
2025-08-12T14:08:04Z	25446.00000	1555.06130	1538.03737	1524.94822
2025-08-12T14:08:05Z	25446.00000	1555.06161	1538.03691	1524.94813
2025-08-12T14:08:05Z	25446.00000	1555.06220	1538.03662	1524.94835
2025-08-12T14:08:05Z	25446.00000	1555.06170	1538.03591	1524.94930
2025-08-12T14:08:05Z	25446.00000	1555.06102	1538.03562	1524.94856
2025-08-12T14:08:05Z	25446.00000	1555.06168	1538.03607	1524.94932
2025-08-12T14:08:05Z	25447.00000	1555.06132	1538.03714	1524.94870
2025-08-12T14:08:05Z	25447.00000	1555.06076	1538.03562	1524.94849
2025-08-12T14:08:05Z	25447.00000	1555.06241	1538.03652	1524.94852
2025-08-12T14:08:05Z	25447.00000	1555.06139	1538.03574	1524.94925
2025-08-12T14:08:05Z	25447.00000	1555.06129	1538.03683	1524.94888
2025-08-12T14:08:06Z	25447.00000	1555.06178	1538.03706	1524.94854
2025-08-12T14:08:06Z	25447.00000	1555.06096	1538.03615	1524.94881
2025-08-12T14:08:06Z	25447.00000	1555.06127	1538.03618	1524.94889
2025-08-12T14:08:06Z	25447.00000	1555.06083	1538.03497	1524.94830
2025-08-12T14:08:06Z	25448.00000	1555.06044	1538.03513	1524.94890
2025-08-12T14:08:06Z	25448.00000	1555.06075	1538.03487	1524.94822
2025-08-12T14:08:06Z	25448.00000	1555.06092	1538.03614	1524.94903
2025-08-12T14:08:06Z	25448.00000	1555.06110	1538.03422	1524.94846
2025-08-12T14:08:07Z	25448.00000	1555.06132	1538.03552	1524.94844
2025-08-12T14:08:07Z	25448.00000	1555.06086	1538.03601	1524.94875
2025-08-12T14:08:07Z	25448.00000	1555.06112	1538.03671	1524.94847
2025-08-12T14:08:07Z	25448.00000	1555.06115	1538.03683	1524.94854
2025-08-12T14:08:07Z	25449.00000	1555.06115	1538.03623	1524.94913
2025-08-12T14:08:07Z	25449.00000	1555.06040	1538.03495	1524.94871
2025-08-12T14:08:07Z	25449.00000	1555.06096	1538.03582	1524.94939
2025-08-12T14:08:07Z	25449.00000	1555.06062	1538.03449	1524.94866
2025-08-12T14:08:08Z	25449.00000	1555.06104	1538.03537	1524.94859
2025-08-12T14:08:08Z	25449.00000	1555.06038	1538.03560	1524.94886
2025-08-12T14:08:08Z	25449.00000	1555.06072	1538.03407	1524.94853
2025-08-12T14:08:08Z	25449.00000	1555.06105	1538.03506	1524.94865
2025-08-12T14:08:08Z	25450.00000	1555.06059	1538.03438	1524.94875
2025-08-12T14:08:08Z	25450.00000	1555.06072	1538.03506	1524.94896
2025-08-12T14:08:08Z	25450.00000	1555.06067	1538.03517	1524.94865
2025-08-12T14:08:08Z	25450.00000	1555.06049	1538.03574	1524.94864
2025-08-12T14:08:09Z	25450.00000	1555.06048	1538.03443	1524.94862
2025-08-12T14:08:09Z	25450.00000	1555.06004	1538.03528	1524.94889
2025-08-12T14:08:09Z	25450.00000	1555.06000	1538.03472	1524.94901
2025-08-12T14:08:09Z	25450.00000	1555.06009	1538.03542	1524.94871
2025-08-12T14:08:09Z	25450.00000	1555.06019	1538.03566	1524.94888
2025-08-12T14:08:09Z	25450.00000	1555.06064	1538.03561	1524.94890
2025-08-12T14:08:09Z	25451.00000	1555.06048	1538.03446	1524.94897
2025-08-12T14:08:09Z	25451.00000	1555.06088	1538.03526	1524.94870
2025-08-12T14:08:09Z	25451.00000	1555.06033	1538.03413	1524.94796
2025-08-12T14:08:09Z	25451.00000	1555.05987	1538.03707	1524.94844
2025-08-12T14:08:09Z	25451.00000	1555.06007	1538.03519	1524.94912
2025-08-12T14:08:10Z	25451.00000	1555.06006	1538.03651	1524.94814
2025-08-12T14:08:10Z	25451.00000	1555.06061	1538.03481	1524.94836
2025-08-12T14:08:10Z	25451.00000	1555.06092	1538.03440	1524.94737
2025-08-12T14:08:10Z	25451.00000	1555.06005	1538.03397	1524.94878
2025-08-12T14:08:10Z	25452.00000	1555.06080	1538.03479	1524.94894
2025-08-12T14:08:10Z	25452.00000	1555.06041	1538.03562	1524.94888
2025-08-12T14:08:10Z	25452.00000	1555.06007	1538.03513	1524.94862
2025-08-12T14:08:10Z	25452.00000	1555.06059	1538.03486	1524.94809
2025-08-12T14:08:10Z	25452.00000	1555.05969	1538.03468	1524.94952
2025-08-12T14:08:11Z	25452.00000	1555.05939	1538.03462	1524.94901
2025-08-12T14:08:11Z	25452.00000	1555.05934	1538.03567	1524.94888
2025-08-12T14:08:11Z	25452.00000	1555.06061	1538.03605	1524.94925
2025-08-12T14:08:11Z	25452.00000	1555.06038	1538.03351	1524.94810
2025-08-12T14:08:11Z	25453.00000	1555.05959	1538.03408	1524.94863
2025-08-12T14:08:11Z	25453.00000	1555.05970	1538.03409	1524.94775
2025-08-12T14:08:11Z	25453.00000	1555.06018	1538.03474	1524.94841
2025-08-12T14:08:11Z	25453.00000	1555.06011	1538.03521	1524.94914
2025-08-12T14:08:11Z	25453.00000	1555.06010	1538.03453	1524.94803
2025-08-12T14:08:12Z	25453.00000	1555.05976	1538.03389	1524.94821
2025-08-12T14:08:12Z	25453.00000	1555.05937	1538.03408	1524.94896
2025-08-12T14:08:12Z	25453.00000	1555.05995	1538.03302	1524.94843
2025-08-12T14:08:12Z	25453.00000	1555.05954	1538.03509	1524.94835
2025-08-12T14:08:12Z	25453.00000	1555.06005	1538.03387	1524.94875
2025-08-12T14:08:12Z	25454.00000	1555.06010	1538.03402	1524.94897
2025-08-12T14:08:12Z	25454.00000	1555.06004	1538.03350	1524.94887
2025-08-12T14:08:12Z	25454.00000	1555.05947	1538.03332	1524.94836
2025-08-12T14:08:12Z	25454.00000	1555.05989	1538.03556	1524.94891
2025-08-12T14:08:12Z	25454.00000	1555.05960	1538.03430	1524.94834
2025-08-12T14:08:13Z	25454.00000	1555.05955	1538.03499	1524.94799
2025-08-12T14:08:13Z	25454.00000	1555.05945	1538.03398	1524.94874
2025-08-12T14:08:13Z	25454.00000	1555.05970	1538.03444	1524.94796
2025-08-12T14:08:13Z	25454.00000	1555.06051	1538.03431	1524.94885
2025-08-12T14:08:13Z	25455.00000	1555.05970	1538.03329	1524.94876
2025-08-12T14:08:13Z	25455.00000	1555.05952	1538.03510	1524.94794
2025-08-12T14:08:13Z	25455.00000	1555.06001	1538.03250	1524.94864
2025-08-12T14:08:13Z	25455.00000	1555.05969	1538.03441	1524.94878
2025-08-12T14:08:13Z	25455.00000	1555.05989	1538.03298	1524.94814
2025-08-12T14:08:14Z	25455.00000	1555.05975	1538.03366	1524.94881
2025-08-12T14:08:14Z	25455.00000	1555.05950	1538.03446	1524.94848
2025-08-12T14:08:14Z	25455.00000	1555.05886	1538.03389	1524.94865
2025-08-12T14:08:14Z	25455.00000	1555.05971	1538.03413	1524.94820
2025-08-12T14:08:14Z	25456.00000	1555.05983	1538.03238	1524.94871
2025-08-12T14:08:14Z	25456.00000	1555.05964	1538.03220	1524.94806
2025-08-12T14:08:14Z	25456.00000	1555.05963	1538.03325	1524.94832
2025-08-12T14:08:14Z	25456.00000	1555.05954	1538.03510	1524.94905
2025-08-12T14:08:15Z	25456.00000	1555.05912	1538.03258	1524.94678
2025-08-12T14:08:15Z	25456.00000	1555.05962	1538.03447	1524.94821
2025-08-12T14:08:15Z	25456.00000	1555.05926	1538.03286	1524.94720
2025-08-12T14:08:15Z	25456.00000	1555.19354	1538.24399	1524.95210
2025-08-12T14:08:15Z	25456.00000	1555.32422	1538.44975	1524.94057
2025-08-12T14:08:15Z	25457.00000	1555.43562	1538.63308	1524.94894
2025-08-12T14:08:15Z	25457.00000	1555.55990	1538.83239	1524.94388
2025-08-12T14:08:15Z	25457.00000	1555.65476	1538.98942	1524.94838
2025-08-12T14:08:15Z	25457.00000	1555.75419	1539.15881	1524.94699
2025-08-12T14:08:16Z	25457.00000	1555.84788	1539.31412	1524.94884
2025-08-12T14:08:16Z	25457.00000	1555.91901	1539.43530	1524.94849
2025-08-12T14:08:16Z	25457.00000	1555.99026	1539.54649	1524.94898
2025-08-12T14:08:16Z	25457.00000	1556.06118	1539.66693	1524.94904
2025-08-12T14:08:16Z	25457.00000	1556.12243	1539.75948	1524.94964
2025-08-12T14:08:16Z	25458.00000	1556.18207	1539.86242	1524.94935
2025-08-12T14:08:16Z	25458.00000	1556.23739	1539.95382	1524.95057
2025-08-12T14:08:16Z	25458.00000	1556.27518	1540.02095	1524.95070
2025-08-12T14:08:16Z	25458.00000	1556.32055	1540.09248	1524.95132
2025-08-12T14:08:16Z	25458.00000	1556.36471	1540.15523	1524.95298
2025-08-12T14:08:17Z	25458.00000	1556.40419	1540.22410	1524.95296
2025-08-12T14:08:17Z	25458.00000	1556.43714	1540.27843	1524.95382
2025-08-12T14:08:17Z	25458.00000	1556.46847	1540.31680	1524.95324
2025-08-12T14:08:17Z	25458.00000	1556.49627	1540.36836	1524.95455
2025-08-12T14:08:17Z	25458.00000	1556.52238	1540.40654	1524.95427
2025-08-12T14:08:17Z	25459.00000	1556.54111	1540.43873	1524.95377
2025-08-12T14:08:17Z	25459.00000	1556.55865	1540.46263	1524.95472
2025-08-12T14:08:17Z	25459.00000	1556.57450	1540.48516	1524.95595
2025-08-12T14:08:17Z	25459.00000	1556.58437	1540.50467	1524.95550
2025-08-12T14:08:17Z	25459.00000	1556.59352	1540.51551	1524.95653
2025-08-12T14:08:18Z	25459.00000	1556.60335	1540.54279	1524.95616
2025-08-12T14:08:18Z	25459.00000	1556.61565	1540.55992	1524.95541
2025-08-12T14:08:18Z	25459.00000	1556.62641	1540.57139	1524.95543
2025-08-12T14:08:18Z	25459.00000	1556.63745	1540.58756	1524.95688
2025-08-12T14:08:18Z	25460.00000	1556.64217	1540.58970	1524.95629
2025-08-12T14:08:18Z	25460.00000	1556.64797	1540.60068	1524.95778
2025-08-12T14:08:18Z	25460.00000	1556.64955	1540.60634	1524.95745
2025-08-12T14:08:19Z	25460.00000	1556.65357	1540.61091	1524.95669
2025-08-12T14:08:19Z	25460.00000	1556.65446	1540.60901	1524.95787
2025-08-12T14:08:19Z	25460.00000	1555.21411	1538.27632	1524.93749
2025-08-12T14:08:19Z	25460.00000	1555.07920	1538.07294	1524.95468
2025-08-12T14:08:19Z	25461.00000	1555.08171	1538.06821	1524.95070
2025-08-12T14:08:19Z	25461.00000	1555.07753	1538.06516	1524.95112
2025-08-12T14:08:19Z	25461.00000	1555.07541	1538.06034	1524.94919
2025-08-12T14:08:19Z	25461.00000	1555.07535	1538.06023	1524.94937
2025-08-12T14:08:19Z	25461.00000	1555.07422	1538.05866	1524.94961
2025-08-12T14:08:20Z	25461.00000	1555.07344	1538.05471	1524.94909
2025-08-12T14:08:20Z	25461.00000	1555.07247	1538.05553	1524.95004
2025-08-12T14:08:20Z	25461.00000	1555.07125	1538.05260	1524.94894
2025-08-12T14:08:20Z	25461.00000	1555.07047	1538.05307	1524.95012
2025-08-12T14:08:20Z	25462.00000	1555.07162	1538.05241	1524.94979
2025-08-12T14:08:20Z	25462.00000	1555.07076	1538.05112	1524.94979
2025-08-12T14:08:20Z	25462.00000	1555.07077	1538.05042	1524.94978
2025-08-12T14:08:20Z	25462.00000	1555.07010	1538.04991	1524.94848
2025-08-12T14:08:21Z	25462.00000	1555.07037	1538.05242	1524.95063
2025-08-12T14:08:21Z	25462.00000	1555.06960	1538.05061	1524.94976
2025-08-12T14:08:21Z	25462.00000	1555.06815	1538.04846	1524.94864
2025-08-12T14:08:21Z	25462.00000	1555.06862	1538.04948	1524.94927
2025-08-12T14:08:21Z	25462.00000	1555.06840	1538.04879	1524.94949
2025-08-12T14:08:21Z	25463.00000	1555.06779	1538.04805	1524.94902
2025-08-12T14:08:21Z	25463.00000	1555.06756	1538.04674	1524.94914
2025-08-12T14:08:21Z	25463.00000	1555.06717	1538.04755	1524.94931
2025-08-12T14:08:21Z	25463.00000	1555.06736	1538.04702	1524.94910
2025-08-12T14:08:21Z	25463.00000	1555.06727	1538.04769	1524.94903
2025-08-12T14:08:21Z	25463.00000	1555.06638	1538.04576	1524.94908
2025-08-12T14:08:22Z	25463.00000	1555.06661	1538.04657	1524.94912
2025-08-12T14:08:22Z	25463.00000	1555.06697	1538.04542	1524.94952
2025-08-12T14:08:22Z	25463.00000	1555.06619	1538.04549	1524.94851
2025-08-12T14:08:22Z	25463.00000	1555.06573	1538.04570	1524.94920
2025-08-12T14:08:22Z	25464.00000	1555.06556	1538.04473	1524.94919
2025-08-12T14:08:22Z	25464.00000	1555.06633	1538.04467	1524.94899
2025-08-12T14:08:22Z	25464.00000	1555.06540	1538.04366	1524.94890
2025-08-12T14:08:22Z	25464.00000	1555.06527	1538.04265	1524.94862
2025-08-12T14:08:22Z	25464.00000	1555.06551	1538.04372	1524.94862
2025-08-12T14:08:22Z	25464.00000	1555.06587	1538.04319	1524.94902
2025-08-12T14:08:23Z	25464.00000	1555.06563	1538.04205	1524.94899
2025-08-12T14:08:23Z	25464.00000	1555.06510	1538.04191	1524.94907
2025-08-12T14:08:23Z	25464.00000	1555.06456	1538.04284	1524.94885
2025-08-12T14:08:23Z	25464.00000	1555.06522	1538.04288	1524.94935
2025-08-12T14:08:23Z	25465.00000	1555.06480	1538.04248	1524.94861
2025-08-12T14:08:23Z	25465.00000	1555.06438	1538.04102	1524.94812
2025-08-12T14:08:23Z	25465.00000	1555.06480	1538.04265	1524.94932
2025-08-12T14:08:23Z	25465.00000	1555.06446	1538.04372	1524.94873
2025-08-12T14:08:24Z	25465.00000	1555.06401	1538.04271	1524.94884
2025-08-12T14:08:24Z	25465.00000	1555.06394	1538.04085	1524.94840
2025-08-12T14:08:24Z	25465.00000	1555.06395	1538.04219	1524.94919
2025-08-12T14:08:24Z	25465.00000	1555.14579	1538.17301	1524.96504
2025-08-12T14:08:24Z	25465.00000	1555.30214	1538.41710	1524.95015
2025-08-12T14:08:24Z	25466.00000	1555.45545	1538.66382	1524.95610
2025-08-12T14:08:24Z	25466.00000	1555.57609	1538.86448	1524.95279
2025-08-12T14:08:24Z	25466.00000	1555.70362	1539.07340	1524.95043
2025-08-12T14:08:24Z	25466.00000	1555.80091	1539.23222	1524.95067
2025-08-12T14:08:24Z	25466.00000	1555.86586	1539.34353	1524.94761
2025-08-12T14:08:25Z	25466.00000	1555.93616	1539.46131	1524.94944
2025-08-12T14:08:25Z	25466.00000	1556.00362	1539.56807	1524.95004
2025-08-12T14:08:25Z	25466.00000	1556.08577	1539.70721	1524.94873
2025-08-12T14:08:25Z	25466.00000	1556.16353	1539.83224	1524.94976
2025-08-12T14:08:25Z	25467.00000	1556.21991	1539.92906	1524.95033
2025-08-12T14:08:25Z	25467.00000	1556.26679	1540.00873	1524.95065
2025-08-12T14:08:25Z	25467.00000	1556.31949	1540.09083	1524.95255
2025-08-12T14:08:25Z	25467.00000	1556.36564	1540.15770	1524.95281
2025-08-12T14:08:25Z	25467.00000	1556.40610	1540.22602	1524.95344
2025-08-12T14:08:26Z	25467.00000	1556.43056	1540.26758	1524.95357
2025-08-12T14:08:26Z	25467.00000	1556.46641	1540.31380	1524.95411
2025-08-12T14:08:26Z	25467.00000	1556.49144	1540.36575	1524.95306
2025-08-12T14:08:26Z	25467.00000	1556.51460	1540.39754	1524.95425
2025-08-12T14:08:26Z	25468.00000	1556.55519	1540.45972	1524.95493
2025-08-12T14:08:26Z	25468.00000	1556.57178	1540.48473	1524.95539
2025-08-12T14:08:26Z	25468.00000	1556.58687	1540.50669	1524.95590
2025-08-12T14:08:26Z	25468.00000	1556.59639	1540.53054	1524.95726
2025-08-12T14:08:26Z	25468.00000	1556.60725	1540.54401	1524.95716
2025-08-12T14:08:27Z	25468.00000	1556.61820	1540.56268	1524.95603
2025-08-12T14:08:27Z	25468.00000	1556.62971	1540.57382	1524.95643
2025-08-12T14:08:27Z	25468.00000	1556.63663	1540.58516	1524.95700
2025-08-12T14:08:27Z	25468.00000	1556.64288	1540.59429	1524.95775
2025-08-12T14:08:27Z	25469.00000	1556.65017	1540.60665	1524.95795
2025-08-12T14:08:27Z	25469.00000	1556.65236	1540.61050	1524.95826
2025-08-12T14:08:27Z	25469.00000	1556.65486	1540.61094	1524.95684
2025-08-12T14:08:27Z	25469.00000	1556.65607	1540.61325	1524.95776
2025-08-12T14:08:27Z	25469.00000	1556.65681	1540.61806	1524.95854
2025-08-12T14:08:28Z	25469.00000	1556.65922	1540.62075	1524.95724
2025-08-12T14:08:28Z	25469.00000	1555.89338	1539.39711	1524.89440
2025-08-12T14:08:28Z	25469.00000	1555.08273	1538.08010	1524.95454
2025-08-12T14:08:28Z	25469.00000	1555.08466	1538.07526	1524.95071
2025-08-12T14:08:28Z	25470.00000	1555.08059	1538.07015	1524.94959
2025-08-12T14:08:28Z	25470.00000	1555.07977	1538.06504	1524.94940
2025-08-12T14:08:28Z	25470.00000	1555.07706	1538.06376	1524.94902
2025-08-12T14:08:28Z	25470.00000	1555.07734	1538.06164	1524.94970
2025-08-12T14:08:28Z	25470.00000	1555.07654	1538.06265	1524.95042
2025-08-12T14:08:29Z	25470.00000	1555.07553	1538.05878	1524.94977
2025-08-12T14:08:29Z	25470.00000	1555.07435	1538.05998	1524.94910
2025-08-12T14:08:29Z	25470.00000	1555.07341	1538.05807	1524.94916
2025-08-12T14:08:29Z	25470.00000	1555.07293	1538.05537	1524.94959
2025-08-12T14:08:29Z	25470.00000	1555.07399	1538.05649	1524.94942
2025-08-12T14:08:29Z	25471.00000	1555.07287	1538.05581	1524.94915
2025-08-12T14:08:29Z	25471.00000	1555.07271	1538.05513	1524.95004
2025-08-12T14:08:29Z	25471.00000	1555.07268	1538.05544	1524.94932
2025-08-12T14:08:29Z	25471.00000	1555.07204	1538.05454	1524.94992
2025-08-12T14:08:29Z	25471.00000	1555.07355	1538.05411	1524.94975
2025-08-12T14:08:30Z	25471.00000	1555.07009	1538.05172	1524.94818
2025-08-12T14:08:30Z	25471.00000	1555.07244	1538.05276	1524.94997
2025-08-12T14:08:30Z	25471.00000	1555.07063	1538.05073	1524.94892
2025-08-12T14:08:30Z	25471.00000	1555.07159	1538.05084	1524.94961
2025-08-12T14:08:30Z	25471.00000	1555.07011	1538.05064	1524.94840
2025-08-12T14:08:30Z	25472.00000	1555.07019	1538.05059	1524.94958
2025-08-12T14:08:30Z	25472.00000	1555.07020	1538.05202	1524.94909
2025-08-12T14:08:30Z	25472.00000	1555.06887	1538.04956	1524.94908
2025-08-12T14:08:30Z	25472.00000	1555.06976	1538.05010	1524.94932
2025-08-12T14:08:30Z	25472.00000	1555.06937	1538.05042	1524.94880
2025-08-12T14:08:30Z	25472.00000	1555.06786	1538.04904	1524.94876
2025-08-12T14:08:31Z	25472.00000	1555.06803	1538.04994	1524.94974
2025-08-12T14:08:31Z	25472.00000	1555.06823	1538.05081	1524.94945
2025-08-12T14:08:31Z	25472.00000	1555.06853	1538.04911	1524.94903
2025-08-12T14:08:31Z	25472.00000	1555.06796	1538.04835	1524.94891
2025-08-12T14:08:31Z	25472.00000	1555.06777	1538.04904	1524.94941
2025-08-12T14:08:31Z	25473.00000	1555.06735	1538.04816	1524.94874
2025-08-12T14:08:31Z	25473.00000	1555.06763	1538.04773	1524.94924
2025-08-12T14:08:31Z	25473.00000	1555.06760	1538.04717	1524.94935
2025-08-12T14:08:31Z	25473.00000	1555.06723	1538.04754	1524.94923
2025-08-12T14:08:32Z	25473.00000	1555.06702	1538.04690	1524.94922
2025-08-12T14:08:32Z	25473.00000	1555.06698	1538.04675	1524.94883
2025-08-12T14:08:32Z	25473.00000	1555.06673	1538.04493	1524.94800
2025-08-12T14:08:32Z	25473.00000	1555.06690	1538.04551	1524.94944
2025-08-12T14:08:32Z	25473.00000	1555.06655	1538.04494	1524.94858
2025-08-12T14:08:32Z	25474.00000	1555.06614	1538.04412	1524.94828
2025-08-12T14:08:32Z	25474.00000	1555.06669	1538.04569	1524.95069
2025-08-12T14:08:32Z	25474.00000	1555.06627	1538.04556	1524.94895
2025-08-12T14:08:32Z	25474.00000	1555.06615	1538.04525	1524.94957
2025-08-12T14:08:32Z	25474.00000	1555.06642	1538.04534	1524.94838
2025-08-12T14:08:33Z	25474.00000	1555.06625	1538.04476	1524.94858
2025-08-12T14:08:33Z	25474.00000	1555.06554	1538.04476	1524.94896
2025-08-12T14:08:33Z	25474.00000	1555.21501	1538.27020	1524.93983
2025-08-12T14:08:33Z	25474.00000	1555.35702	1538.50163	1524.95294
2025-08-12T14:08:33Z	25475.00000	1555.48724	1538.72158	1524.95661
2025-08-12T14:08:33Z	25475.00000	1555.59079	1538.88755	1524.94940
2025-08-12T14:08:33Z	25475.00000	1555.69828	1539.06752	1524.95206
2025-08-12T14:08:33Z	25475.00000	1555.78360	1539.20394	1524.94963
2025-08-12T14:08:33Z	25475.00000	1555.84926	1539.31530	1524.95089
2025-08-12T14:08:34Z	25475.00000	1555.92216	1539.44015	1524.94970
2025-08-12T14:08:34Z	25475.00000	1556.00134	1539.56493	1524.95037
2025-08-12T14:08:34Z	25475.00000	1556.08291	1539.70452	1524.94934
2025-08-12T14:08:34Z	25475.00000	1556.15962	1539.82930	1524.94889
2025-08-12T14:08:34Z	25475.00000	1556.22629	1539.93564	1524.95084
2025-08-12T14:08:34Z	25476.00000	1556.28422	1540.02825	1524.95103
2025-08-12T14:08:34Z	25476.00000	1556.33451	1540.10670	1524.95159
2025-08-12T14:08:34Z	25476.00000	1556.36425	1540.15428	1524.95310
2025-08-12T14:08:34Z	25476.00000	1556.40520	1540.22520	1524.95345
2025-08-12T14:08:35Z	25476.00000	1556.43518	1540.27358	1524.95376
2025-08-12T14:08:35Z	25476.00000	1556.46779	1540.31454	1524.95392
2025-08-12T14:08:35Z	25476.00000	1556.49777	1540.36950	1524.95416
2025-08-12T14:08:35Z	25476.00000	1556.52546	1540.40870	1524.95404
2025-08-12T14:08:35Z	25476.00000	1556.54289	1540.43963	1524.95524
2025-08-12T14:08:35Z	25477.00000	1556.55987	1540.46569	1524.95486
2025-08-12T14:08:35Z	25477.00000	1556.58733	1540.50754	1524.95541
2025-08-12T14:08:35Z	25477.00000	1556.59891	1540.53388	1524.95718
2025-08-12T14:08:35Z	25477.00000	1556.61192	1540.55268	1524.95641
2025-08-12T14:08:36Z	25477.00000	1556.62527	1540.56803	1524.95730
2025-08-12T14:08:36Z	25477.00000	1556.63352	1540.57939	1524.95575
2025-08-12T14:08:36Z	25477.00000	1556.64488	1540.59563	1524.95670
2025-08-12T14:08:36Z	25477.00000	1556.64881	1540.60214	1524.95712
2025-08-12T14:08:36Z	25478.00000	1556.65566	1540.61229	1524.95818
2025-08-12T14:08:36Z	25478.00000	1556.65885	1540.61596	1524.95814
2025-08-12T14:08:36Z	25478.00000	1556.65915	1540.62120	1524.95820
2025-08-12T14:08:36Z	25478.00000	1556.66055	1540.62314	1524.95885
2025-08-12T14:08:37Z	25478.00000	1556.66348	1540.62760	1524.95818
2025-08-12T14:08:37Z	25478.00000	1555.66504	1538.99879	1524.86282
2025-08-12T14:08:37Z	25478.00000	1555.25193	1538.33629	1524.95664
2025-08-12T14:08:37Z	25478.00000	1555.10478	1538.10570	1524.94801
2025-08-12T14:08:37Z	25478.00000	1555.08547	1538.07599	1524.94988
2025-08-12T14:08:37Z	25479.00000	1555.08078	1538.06972	1524.94846
2025-08-12T14:08:37Z	25479.00000	1555.07992	1538.06673	1524.94927
2025-08-12T14:08:37Z	25479.00000	1555.07871	1538.06386	1524.94820
2025-08-12T14:08:37Z	25479.00000	1555.07764	1538.06400	1524.94935
2025-08-12T14:08:37Z	25479.00000	1555.07689	1538.06167	1524.94888
2025-08-12T14:08:38Z	25479.00000	1555.07666	1538.06086	1524.94909
2025-08-12T14:08:38Z	25479.00000	1555.07516	1538.05939	1524.94898
2025-08-12T14:08:38Z	25479.00000	1555.07514	1538.05871	1524.94940
2025-08-12T14:08:38Z	25479.00000	1555.07450	1538.05852	1524.95000
2025-08-12T14:08:38Z	25479.00000	1555.07458	1538.05731	1524.94888
2025-08-12T14:08:38Z	25480.00000	1555.07320	1538.05590	1524.95004
2025-08-12T14:08:38Z	25480.00000	1555.07266	1538.05471	1524.94955
2025-08-12T14:08:38Z	25480.00000	1555.07356	1538.05575	1524.94957
2025-08-12T14:08:38Z	25480.00000	1555.07245	1538.05509	1524.95173
2025-08-12T14:08:38Z	25480.00000	1555.07248	1538.05420	1524.94919
2025-08-12T14:08:39Z	25480.00000	1555.07099	1538.05260	1524.94789
2025-08-12T14:08:39Z	25480.00000	1555.07132	1538.05400	1524.94893
2025-08-12T14:08:39Z	25480.00000	1555.07106	1538.05444	1524.94950
2025-08-12T14:08:39Z	25480.00000	1555.07078	1538.05474	1524.94860
2025-08-12T14:08:39Z	25481.00000	1555.07069	1538.05235	1524.94972
2025-08-12T14:08:39Z	25481.00000	1555.07101	1538.05107	1524.94963
2025-08-12T14:08:39Z	25481.00000	1555.07073	1538.05143	1524.94910
2025-08-12T14:08:39Z	25481.00000	1555.06975	1538.05068	1524.94877
2025-08-12T14:08:39Z	25481.00000	1555.07024	1538.05050	1524.94907
2025-08-12T14:08:40Z	25481.00000	1555.07034	1538.05071	1524.94949
2025-08-12T14:08:40Z	25481.00000	1555.06981	1538.04943	1524.94904
2025-08-12T14:08:40Z	25481.00000	1555.06947	1538.04925	1524.94888
2025-08-12T14:08:40Z	25481.00000	1555.06931	1538.04858	1524.94920
2025-08-12T14:08:40Z	25482.00000	1555.06891	1538.04913	1524.94911
2025-08-12T14:08:40Z	25482.00000	1555.06818	1538.04780	1524.94867
2025-08-12T14:08:40Z	25482.00000	1555.06865	1538.04908	1524.94873
2025-08-12T14:08:40Z	25482.00000	1555.06822	1538.04908	1524.94941
2025-08-12T14:08:41Z	25482.00000	1555.06782	1538.04901	1524.94936
2025-08-12T14:08:41Z	25482.00000	1555.06822	1538.04777	1524.94909
2025-08-12T14:08:41Z	25482.00000	1555.06765	1538.04779	1524.95050
2025-08-12T14:08:41Z	25483.00000	1555.06744	1538.04608	1524.94970
2025-08-12T14:08:41Z	25483.00000	1555.06766	1538.04756	1524.95120
2025-08-12T14:08:41Z	25483.00000	1555.06736	1538.04706	1524.94852
2025-08-12T14:08:41Z	25483.00000	1555.06627	1538.04528	1524.94834
2025-08-12T14:08:42Z	25483.00000	1555.06688	1538.04708	1524.94924
2025-08-12T14:08:42Z	25483.00000	1555.06632	1538.04646	1524.94940
2025-08-12T14:08:42Z	25483.00000	1555.06663	1538.04665	1524.94937
2025-08-12T14:08:42Z	25483.00000	1555.19385	1538.25620	1524.96010
2025-08-12T14:08:42Z	25483.00000	1555.30854	1538.43029	1524.95726
2025-08-12T14:08:42Z	25484.00000	1555.40511	1538.58269	1524.94343
2025-08-12T14:08:42Z	25484.00000	1555.53428	1538.79161	1524.94713
2025-08-12T14:08:42Z	25484.00000	1555.61440	1538.92589	1524.95403
2025-08-12T14:08:42Z	25484.00000	1555.76236	1539.17367	1524.94875
2025-08-12T14:08:43Z	25484.00000	1555.84184	1539.30539	1524.94716
2025-08-12T14:08:43Z	25484.00000	1555.91390	1539.42291	1524.94905
2025-08-12T14:08:43Z	25484.00000	1556.01813	1539.58751	1524.94888
2025-08-12T14:08:43Z	25484.00000	1556.12795	1539.76976	1524.94932
2025-08-12T14:08:43Z	25485.00000	1556.19048	1539.87554	1524.95095
2025-08-12T14:08:43Z	25485.00000	1556.28817	1540.03380	1524.95128
2025-08-12T14:08:43Z	25485.00000	1556.33798	1540.11392	1524.95159
2025-08-12T14:08:43Z	25485.00000	1556.38022	1540.18663	1524.95252
2025-08-12T14:08:44Z	25485.00000	1556.41374	1540.23625	1524.95339
2025-08-12T14:08:44Z	25485.00000	1556.44347	1540.28364	1524.95375
2025-08-12T14:08:44Z	25485.00000	1556.48031	1540.33172	1524.95462
2025-08-12T14:08:44Z	25485.00000	1556.52277	1540.40641	1524.95501
2025-08-12T14:08:44Z	25486.00000	1556.54134	1540.43419	1524.95529
2025-08-12T14:08:44Z	25486.00000	1556.56095	1540.46830	1524.95427
2025-08-12T14:08:44Z	25486.00000	1556.57810	1540.49126	1524.95447
2025-08-12T14:08:44Z	25486.00000	1556.59117	1540.51199	1524.95704
2025-08-12T14:08:44Z	25486.00000	1556.60407	1540.53944	1524.95486
2025-08-12T14:08:45Z	25486.00000	1556.61763	1540.55933	1524.95616
2025-08-12T14:08:45Z	25486.00000	1556.62994	1540.57331	1524.95688
2025-08-12T14:08:45Z	25486.00000	1556.63633	1540.58349	1524.95698
2025-08-12T14:08:45Z	25486.00000	1556.64751	1540.59733	1524.95727
2025-08-12T14:08:45Z	25487.00000	1556.65502	1540.61051	1524.95784
2025-08-12T14:08:45Z	25487.00000	1556.65712	1540.61492	1524.95716
2025-08-12T14:08:45Z	25487.00000	1556.66024	1540.62002	1524.95789
2025-08-12T14:08:45Z	25487.00000	1556.66248	1540.62259	1524.95820
2025-08-12T14:08:46Z	25487.00000	1556.66433	1540.62494	1524.95746
2025-08-12T14:08:46Z	25487.00000	1556.66628	1540.62413	1524.95774
2025-08-12T14:08:46Z	25487.00000	1555.39636	1538.55263	1524.91824
2025-08-12T14:08:46Z	25487.00000	1555.14464	1538.17140	1524.94721
2025-08-12T14:08:46Z	25487.00000	1555.08312	1538.07509	1524.94904
2025-08-12T14:08:46Z	25488.00000	1555.08220	1538.07380	1524.94997
2025-08-12T14:08:46Z	25488.00000	1555.08182	1538.06828	1524.94923
2025-08-12T14:08:46Z	25488.00000	1555.08199	1538.06887	1524.94984
2025-08-12T14:08:46Z	25488.00000	1555.07918	1538.06565	1524.94992
2025-08-12T14:08:46Z	25488.00000	1555.07873	1538.06533	1524.95059
2025-08-12T14:08:47Z	25488.00000	1555.07807	1538.06339	1524.94986
2025-08-12T14:08:47Z	25488.00000	1555.07550	1538.06059	1524.94850
2025-08-12T14:08:47Z	25488.00000	1555.07530	1538.06031	1524.94978
2025-08-12T14:08:47Z	25488.00000	1555.07558	1538.05921	1524.94956
2025-08-12T14:08:47Z	25489.00000	1555.07399	1538.05735	1524.94930
2025-08-12T14:08:47Z	25489.00000	1555.07465	1538.05768	1524.94967
2025-08-12T14:08:47Z	25489.00000	1555.07394	1538.05518	1524.94992
2025-08-12T14:08:47Z	25489.00000	1555.07343	1538.05492	1524.94955
2025-08-12T14:08:47Z	25489.00000	1555.07380	1538.05494	1524.95010
2025-08-12T14:08:48Z	25489.00000	1555.07357	1538.05742	1524.95015
2025-08-12T14:08:48Z	25489.00000	1555.07225	1538.05326	1524.94868
2025-08-12T14:08:48Z	25489.00000	1555.07210	1538.05452	1524.94933
2025-08-12T14:08:48Z	25489.00000	1555.07207	1538.05329	1524.94917
2025-08-12T14:08:48Z	25490.00000	1555.07158	1538.05263	1524.94876
2025-08-12T14:08:48Z	25490.00000	1555.07110	1538.05185	1524.94883
2025-08-12T14:08:48Z	25490.00000	1555.07002	1538.05169	1524.94971
2025-08-12T14:08:48Z	25490.00000	1555.07143	1538.05218	1524.94973
2025-08-12T14:08:48Z	25490.00000	1555.07039	1538.05147	1524.94924
2025-08-12T14:08:49Z	25490.00000	1555.06935	1538.05139	1524.94927
2025-08-12T14:08:49Z	25490.00000	1555.06954	1538.05050	1524.94907
2025-08-12T14:08:49Z	25490.00000	1555.07098	1538.05157	1524.94902
2025-08-12T14:08:49Z	25490.00000	1555.06929	1538.05125	1524.94944
2025-08-12T14:08:49Z	25491.00000	1555.06906	1538.04993	1524.94913
2025-08-12T14:08:49Z	25491.00000	1555.07016	1538.04912	1524.94934
2025-08-12T14:08:49Z	25491.00000	1555.06952	1538.04957	1524.94900
2025-08-12T14:08:49Z	25491.00000	1555.06882	1538.04916	1524.94886
2025-08-12T14:08:50Z	25491.00000	1555.06867	1538.04868	1524.94964
2025-08-12T14:08:50Z	25491.00000	1555.06877	1538.04919	1524.94934
2025-08-12T14:08:50Z	25491.00000	1555.06798	1538.04816	1524.94916
2025-08-12T14:08:50Z	25491.00000	1555.06804	1538.05017	1524.95052
2025-08-12T14:08:50Z	25491.00000	1555.06933	1538.04881	1524.95109
2025-08-12T14:08:50Z	25492.00000	1555.06787	1538.04844	1524.94990
2025-08-12T14:08:50Z	25492.00000	1555.06748	1538.04742	1524.94735
2025-08-12T14:08:50Z	25492.00000	1555.06826	1538.04578	1524.95020
2025-08-12T14:08:50Z	25492.00000	1555.06708	1538.04762	1524.94811
2025-08-12T14:08:50Z	25492.00000	1555.06695	1538.04735	1524.94863
2025-08-12T14:08:51Z	25492.00000	1555.06687	1538.04757	1524.94918
2025-08-12T14:08:51Z	25492.00000	1555.06696	1538.04788	1524.94894
2025-08-12T14:08:51Z	25492.00000	1555.13112	1538.12793	1524.93987
2025-08-12T14:08:51Z	25492.00000	1555.26413	1538.36589	1524.95210
2025-08-12T14:08:51Z	25492.00000	1555.40510	1538.58130	1524.94248
2025-08-12T14:08:51Z	25493.00000	1555.51588	1538.76020	1524.95023
2025-08-12T14:08:51Z	25493.00000	1555.61473	1538.92689	1524.95480
2025-08-12T14:08:51Z	25493.00000	1555.73717	1539.12804	1524.94812
2025-08-12T14:08:51Z	25493.00000	1555.83080	1539.28644	1524.95077
2025-08-12T14:08:52Z	25493.00000	1555.93041	1539.45110	1524.94787
2025-08-12T14:08:52Z	25493.00000	1556.00956	1539.57648	1524.94890
2025-08-12T14:08:52Z	25493.00000	1556.09089	1539.71709	1524.94911
2025-08-12T14:08:52Z	25493.00000	1556.14939	1539.81097	1524.95099
2025-08-12T14:08:52Z	25493.00000	1556.21000	1539.91152	1524.95040
2025-08-12T14:08:52Z	25494.00000	1556.25824	1539.99138	1524.95198
2025-08-12T14:08:52Z	25494.00000	1556.30612	1540.06205	1524.95224
2025-08-12T14:08:52Z	25494.00000	1556.34716	1540.12673	1524.95221
2025-08-12T14:08:52Z	25494.00000	1556.38773	1540.19829	1524.95304
2025-08-12T14:08:53Z	25494.00000	1556.41993	1540.24979	1524.95341
2025-08-12T14:08:53Z	25494.00000	1556.46245	1540.30618	1524.95403
2025-08-12T14:08:53Z	25494.00000	1556.49863	1540.37183	1524.95394
2025-08-12T14:08:53Z	25494.00000	1556.52823	1540.41468	1524.95340
2025-08-12T14:08:53Z	25494.00000	1556.54969	1540.44776	1524.95505
2025-08-12T14:08:53Z	25495.00000	1556.56706	1540.47621	1524.95599
2025-08-12T14:08:53Z	25495.00000	1556.58642	1540.50443	1524.95669
2025-08-12T14:08:53Z	25495.00000	1556.59585	1540.52086	1524.95586
2025-08-12T14:08:53Z	25495.00000	1556.60744	1540.54408	1524.95723
2025-08-12T14:08:53Z	25495.00000	1556.61543	1540.55673	1524.95777
2025-08-12T14:08:54Z	25495.00000	1556.62830	1540.57056	1524.95674
2025-08-12T14:08:54Z	25495.00000	1556.64027	1540.58795	1524.95630
2025-08-12T14:08:54Z	25495.00000	1556.65031	1540.60562	1524.95679
2025-08-12T14:08:54Z	25496.00000	1556.65415	1540.61117	1524.95814
2025-08-12T14:08:54Z	25496.00000	1556.65786	1540.61440	1524.95795
2025-08-12T14:08:54Z	25496.00000	1556.65915	1540.62007	1524.95900
2025-08-12T14:08:54Z	25496.00000	1556.66143	1540.62221	1524.95846
2025-08-12T14:08:54Z	25496.00000	1556.66378	1540.62624	1524.95815
2025-08-12T14:08:55Z	25496.00000	1556.66599	1540.62891	1524.95899
2025-08-12T14:08:55Z	25496.00000	1556.66591	1540.62747	1524.95840
2025-08-12T14:08:55Z	25496.00000	1555.11910	1538.12523	1524.95554
2025-08-12T14:08:55Z	25496.00000	1555.08974	1538.07845	1524.94943
2025-08-12T14:08:55Z	25497.00000	1555.08362	1538.07259	1524.94755
2025-08-12T14:08:55Z	25497.00000	1555.08191	1538.07003	1524.94894
2025-08-12T14:08:55Z	25497.00000	1555.08082	1538.06713	1524.94974
2025-08-12T14:08:55Z	25497.00000	1555.07925	1538.06457	1524.94835
2025-08-12T14:08:55Z	25497.00000	1555.07861	1538.06433	1524.94897
2025-08-12T14:08:56Z	25497.00000	1555.07872	1538.06197	1524.94940
2025-08-12T14:08:56Z	25497.00000	1555.07689	1538.06238	1524.95015
2025-08-12T14:08:56Z	25497.00000	1555.07610	1538.05910	1524.94949
2025-08-12T14:08:56Z	25497.00000	1555.07616	1538.06032	1524.94957
2025-08-12T14:08:56Z	25497.00000	1555.07495	1538.05846	1524.95035
2025-08-12T14:08:56Z	25498.00000	1555.07488	1538.05855	1524.94968
2025-08-12T14:08:56Z	25498.00000	1555.07472	1538.05605	1524.94965
2025-08-12T14:08:56Z	25498.00000	1555.07454	1538.05532	1524.94730
2025-08-12T14:08:56Z	25498.00000	1555.07414	1538.05596	1524.94927
2025-08-12T14:08:57Z	25498.00000	1555.07396	1538.05702	1524.95084
2025-08-12T14:08:57Z	25498.00000	1555.07319	1538.05530	1524.94910
2025-08-12T14:08:57Z	25498.00000	1555.07411	1538.05535	1524.95043
2025-08-12T14:08:57Z	25498.00000	1555.07193	1538.05534	1524.94966
2025-08-12T14:08:57Z	25498.00000	1555.07162	1538.05447	1524.94961
2025-08-12T14:08:57Z	25499.00000	1555.07155	1538.05190	1524.94934
2025-08-12T14:08:57Z	25499.00000	1555.07094	1538.05264	1524.94889
2025-08-12T14:08:57Z	25499.00000	1555.07076	1538.05229	1524.94922
2025-08-12T14:08:57Z	25499.00000	1555.07076	1538.05458	1524.94954
2025-08-12T14:08:57Z	25499.00000	1555.07159	1538.05112	1524.94907
2025-08-12T14:08:58Z	25499.00000	1555.07010	1538.05239	1524.94847
2025-08-12T14:08:58Z	25499.00000	1555.07008	1538.05153	1524.94948
2025-08-12T14:08:58Z	25499.00000	1555.07067	1538.05089	1524.94881
2025-08-12T14:08:58Z	25499.00000	1555.07031	1538.05152	1524.94980
2025-08-12T14:08:58Z	25500.00000	1555.06963	1538.05075	1524.94984
2025-08-12T14:08:58Z	25500.00000	1555.07061	1538.04956	1524.94979
2025-08-12T14:08:58Z	25500.00000	1555.06991	1538.05085	1524.94920
2025-08-12T14:08:58Z	25500.00000	1555.06979	1538.05009	1524.94958
2025-08-12T14:08:58Z	25500.00000	1555.07051	1538.04998	1524.94957
2025-08-12T14:08:59Z	25500.00000	1555.06992	1538.04958	1524.94945
2025-08-12T14:08:59Z	25500.00000	1555.06839	1538.05002	1524.94922
2025-08-12T14:08:59Z	25500.00000	1555.06849	1538.05012	1524.95040
2025-08-12T14:08:59Z	25500.00000	1555.06769	1538.04701	1524.94698
2025-08-12T14:08:59Z	25500.00000	1555.06801	1538.04997	1524.95008
2025-08-12T14:08:59Z	25501.00000	1555.06818	1538.04808	1524.94831
2025-08-12T14:08:59Z	25501.00000	1555.06843	1538.04869	1524.94967
2025-08-12T14:08:59Z	25501.00000	1555.06793	1538.04959	1524.94849
2025-08-12T14:08:59Z	25501.00000	1555.06755	1538.05007	1524.94988
2025-08-12T14:08:59Z	25501.00000	1555.06784	1538.04809	1524.94903
2025-08-12T14:09:00Z	25501.00000	1555.06789	1538.04913	1524.94980
2025-08-12T14:09:00Z	25501.00000	1555.06743	1538.04838	1524.94981
2025-08-12T14:09:00Z	25501.00000	1555.06757	1538.04853	1524.94868
2025-08-12T14:09:00Z	25501.00000	1555.22376	1538.29178	1524.94550
2025-08-12T14:09:00Z	25501.00000	1555.36888	1538.52700	1524.94099
2025-08-12T14:09:00Z	25502.00000	1555.50329	1538.74231	1524.94555
2025-08-12T14:09:00Z	25502.00000	1555.63751	1538.96316	1524.94926
2025-08-12T14:09:00Z	25502.00000	1555.74133	1539.13490	1524.94722
2025-08-12T14:09:00Z	25502.00000	1555.81203	1539.25451	1524.94992
2025-08-12T14:09:00Z	25502.00000	1555.89706	1539.39414	1524.95072
2025-08-12T14:09:01Z	25502.00000	1555.98190	1539.53401	1524.94956
2025-08-12T14:09:01Z	25502.00000	1556.04576	1539.64162	1524.95048
2025-08-12T14:09:01Z	25502.00000	1556.10540	1539.73643	1524.95008
2025-08-12T14:09:01Z	25502.00000	1556.20724	1539.90470	1524.95065
2025-08-12T14:09:01Z	25503.00000	1556.26803	1540.01186	1524.95172
2025-08-12T14:09:01Z	25503.00000	1556.32354	1540.09251	1524.95231
2025-08-12T14:09:01Z	25503.00000	1556.35725	1540.14031	1524.95300
2025-08-12T14:09:01Z	25503.00000	1556.42291	1540.25224	1524.95256
2025-08-12T14:09:02Z	25503.00000	1556.45681	1540.29668	1524.95372
2025-08-12T14:09:02Z	25503.00000	1556.50905	1540.38378	1524.95534
2025-08-12T14:09:02Z	25503.00000	1556.53128	1540.41727	1524.95470
2025-08-12T14:09:02Z	25503.00000	1556.54871	1540.44812	1524.95398
2025-08-12T14:09:02Z	25504.00000	1556.56895	1540.47503	1524.95598
2025-08-12T14:09:02Z	25504.00000	1556.58763	1540.50392	1524.95582
2025-08-12T14:09:02Z	25504.00000	1556.61159	1540.54912	1524.95690
2025-08-12T14:09:02Z	25504.00000	1556.62459	1540.56459	1524.95664
2025-08-12T14:09:03Z	25504.00000	1556.63980	1540.58422	1524.95697
2025-08-12T14:09:03Z	25504.00000	1556.64404	1540.59418	1524.95733
2025-08-12T14:09:03Z	25504.00000	1556.65064	1540.60531	1524.95811
2025-08-12T14:09:03Z	25504.00000	1556.65417	1540.60713	1524.95838
2025-08-12T14:09:03Z	25505.00000	1556.65876	1540.61230	1524.95774
2025-08-12T14:09:03Z	25505.00000	1556.66022	1540.61774	1524.95853
2025-08-12T14:09:03Z	25505.00000	1556.66245	1540.62468	1524.95835
2025-08-12T14:09:03Z	25505.00000	1556.66491	1540.62632	1524.95847
2025-08-12T14:09:03Z	25505.00000	1556.66610	1540.62554	1524.95835
2025-08-12T14:09:04Z	25505.00000	1556.66727	1540.63062	1524.95911
2025-08-12T14:09:04Z	25505.00000	1555.30424	1538.45229	1524.96793
2025-08-12T14:09:04Z	25505.00000	1555.09134	1538.07918	1524.94422
2025-08-12T14:09:04Z	25505.00000	1555.08266	1538.07505	1524.95093
2025-08-12T14:09:04Z	25506.00000	1555.08223	1538.07043	1524.94880
2025-08-12T14:09:04Z	25506.00000	1555.08125	1538.06844	1524.94881
2025-08-12T14:09:04Z	25506.00000	1555.08043	1538.06587	1524.94950
2025-08-12T14:09:04Z	25506.00000	1555.08031	1538.06652	1524.94923
2025-08-12T14:09:04Z	25506.00000	1555.07873	1538.06456	1524.94845
2025-08-12T14:09:05Z	25506.00000	1555.07812	1538.06394	1524.94961
2025-08-12T14:09:05Z	25506.00000	1555.07620	1538.06186	1524.94921
2025-08-12T14:09:05Z	25506.00000	1555.07721	1538.06231	1524.94991
2025-08-12T14:09:05Z	25506.00000	1555.07611	1538.06046	1524.94960
2025-08-12T14:09:05Z	25506.00000	1555.07631	1538.05976	1524.94983
2025-08-12T14:09:05Z	25507.00000	1555.07493	1538.05873	1524.94884
2025-08-12T14:09:05Z	25507.00000	1555.07452	1538.05842	1524.94982
2025-08-12T14:09:05Z	25507.00000	1555.07397	1538.05724	1524.94883
2025-08-12T14:09:05Z	25507.00000	1555.07246	1538.05604	1524.94778
2025-08-12T14:09:05Z	25507.00000	1555.07421	1538.05605	1524.94936
2025-08-12T14:09:06Z	25507.00000	1555.07401	1538.05736	1524.95006
2025-08-12T14:09:06Z	25507.00000	1555.07428	1538.05649	1524.94942
2025-08-12T14:09:06Z	25507.00000	1555.07300	1538.05658	1524.94992
2025-08-12T14:09:06Z	25507.00000	1555.07264	1538.05412	1524.94952
2025-08-12T14:09:06Z	25507.00000	1555.07125	1538.05602	1524.94928
2025-08-12T14:09:06Z	25508.00000	1555.07273	1538.05270	1524.94956
2025-08-12T14:09:06Z	25508.00000	1555.07196	1538.05536	1524.94877
2025-08-12T14:09:06Z	25508.00000	1555.07152	1538.05146	1524.94912
2025-08-12T14:09:06Z	25508.00000	1555.07181	1538.05300	1524.94897
2025-08-12T14:09:06Z	25508.00000	1555.07159	1538.05267	1524.94946
2025-08-12T14:09:07Z	25508.00000	1555.07108	1538.05384	1524.94885
2025-08-12T14:09:07Z	25508.00000	1555.07037	1538.05282	1524.94853
2025-08-12T14:09:07Z	25508.00000	1555.07143	1538.05232	1524.94936
2025-08-12T14:09:07Z	25508.00000	1555.07150	1538.05170	1524.94945
2025-08-12T14:09:07Z	25508.00000	1555.07036	1538.05058	1524.94906
2025-08-12T14:09:07Z	25509.00000	1555.07078	1538.05034	1524.94943
2025-08-12T14:09:07Z	25509.00000	1555.06980	1538.05109	1524.94936
2025-08-12T14:09:07Z	25509.00000	1555.07022	1538.05131	1524.94913
2025-08-12T14:09:07Z	25509.00000	1555.06934	1538.04971	1524.94952
2025-08-12T14:09:07Z	25509.00000	1555.06984	1538.05167	1524.94978
2025-08-12T14:09:08Z	25509.00000	1555.06994	1538.05032	1524.94919
2025-08-12T14:09:08Z	25509.00000	1555.06943	1538.04901	1524.94930
2025-08-12T14:09:08Z	25509.00000	1555.06868	1538.04882	1524.94930
2025-08-12T14:09:08Z	25509.00000	1555.06866	1538.04960	1524.94910
2025-08-12T14:09:08Z	25509.00000	1555.06860	1538.05083	1524.94990
2025-08-12T14:09:08Z	25510.00000	1555.06880	1538.04843	1524.94880
2025-08-12T14:09:08Z	25510.00000	1555.06906	1538.05031	1524.95040
2025-08-12T14:09:08Z	25510.00000	1555.06786	1538.05007	1524.94742
2025-08-12T14:09:08Z	25510.00000	1555.06821	1538.04796	1524.94835
2025-08-12T14:09:08Z	25510.00000	1555.06869	1538.04943	1524.94938
2025-08-12T14:09:09Z	25510.00000	1555.06805	1538.04879	1524.94979
2025-08-12T14:09:09Z	25510.00000	1555.06761	1538.04995	1524.94916
2025-08-12T14:09:09Z	25510.00000	1555.06807	1538.04909	1524.94949
2025-08-12T14:09:09Z	25510.00000	1555.07186	1538.06529	1524.94808
2025-08-12T14:09:09Z	25510.00000	1555.25711	1538.33975	1524.94016
2025-08-12T14:09:09Z	25511.00000	1555.37290	1538.53361	1524.94345
2025-08-12T14:09:09Z	25511.00000	1555.46663	1538.67934	1524.94881
2025-08-12T14:09:09Z	25511.00000	1555.57042	1538.84879	1524.94369
2025-08-12T14:09:09Z	25511.00000	1555.67991	1539.03020	1524.94936
2025-08-12T14:09:09Z	25511.00000	1555.79449	1539.22051	1524.94691
2025-08-12T14:09:10Z	25511.00000	1555.89563	1539.39075	1524.94904
2025-08-12T14:09:10Z	25511.00000	1555.96838	1539.51221	1524.95035
2025-08-12T14:09:10Z	25511.00000	1556.03124	1539.61834	1524.94949
2025-08-12T14:09:10Z	25511.00000	1556.08181	1539.69850	1524.95038
2025-08-12T14:09:10Z	25511.00000	1556.13231	1539.77576	1524.95023
2025-08-12T14:09:10Z	25511.00000	1556.20306	1539.89946	1524.95125
2025-08-12T14:09:10Z	25512.00000	1556.25116	1539.98367	1524.95082
2025-08-12T14:09:10Z	25512.00000	1556.31448	1540.07649	1524.95185
2025-08-12T14:09:10Z	25512.00000	1556.34776	1540.12752	1524.95296
2025-08-12T14:09:10Z	25512.00000	1556.38945	1540.19969	1524.95280
2025-08-12T14:09:11Z	25512.00000	1556.42561	1540.26025	1524.95327
2025-08-12T14:09:11Z	25512.00000	1556.45888	1540.30077	1524.95371
2025-08-12T14:09:11Z	25512.00000	1556.48641	1540.35126	1524.95370
2025-08-12T14:09:11Z	25512.00000	1556.51571	1540.39751	1524.95318
2025-08-12T14:09:11Z	25512.00000	1556.53497	1540.42506	1524.95525
2025-08-12T14:09:11Z	25513.00000	1556.55256	1540.45375	1524.95520
2025-08-12T14:09:11Z	25513.00000	1556.56750	1540.47574	1524.95548
2025-08-12T14:09:11Z	25513.00000	1556.58081	1540.49165	1524.95533
2025-08-12T14:09:11Z	25513.00000	1556.59514	1540.51990	1524.95557
2025-08-12T14:09:11Z	25513.00000	1556.60852	1540.54356	1524.95650
2025-08-12T14:09:12Z	25513.00000	1556.62410	1540.56260	1524.95704
2025-08-12T14:09:12Z	25513.00000	1556.63143	1540.57726	1524.95718
2025-08-12T14:09:12Z	25513.00000	1556.63851	1540.58511	1524.95769
2025-08-12T14:09:12Z	25513.00000	1556.64483	1540.59363	1524.95755
2025-08-12T14:09:12Z	25513.00000	1556.64990	1540.60222	1524.95733
2025-08-12T14:09:12Z	25514.00000	1556.65410	1540.61066	1524.95791
2025-08-12T14:09:12Z	25514.00000	1556.65750	1540.61400	1524.95807
2025-08-12T14:09:12Z	25514.00000	1556.66001	1540.61999	1524.95798
2025-08-12T14:09:12Z	25514.00000	1556.66335	1540.62344	1524.95840
2025-08-12T14:09:12Z	25514.00000	1556.66549	1540.62623	1524.95794
2025-08-12T14:09:13Z	25514.00000	1556.66659	1540.62967	1524.95823
2025-08-12T14:09:13Z	25514.00000	1556.66781	1540.62952	1524.95737
2025-08-12T14:09:13Z	25514.00000	1555.54732	1538.82664	1525.01002
2025-08-12T14:09:13Z	25514.00000	1555.14767	1538.17593	1524.95075
2025-08-12T14:09:13Z	25514.00000	1555.08998	1538.07648	1524.94279
2025-08-12T14:09:13Z	25515.00000	1555.08537	1538.07479	1524.94879
2025-08-12T14:09:13Z	25515.00000	1555.08174	1538.07287	1524.94911
2025-08-12T14:09:13Z	25515.00000	1555.08235	1538.07156	1524.94956
2025-08-12T14:09:13Z	25515.00000	1555.08069	1538.06920	1524.95003
2025-08-12T14:09:13Z	25515.00000	1555.08008	1538.06706	1524.94944
2025-08-12T14:09:14Z	25515.00000	1555.07922	1538.06691	1524.94937
2025-08-12T14:09:14Z	25515.00000	1555.07800	1538.06333	1524.94891
2025-08-12T14:09:14Z	25515.00000	1555.07695	1538.06216	1524.94922
2025-08-12T14:09:14Z	25515.00000	1555.07737	1538.06204	1524.94952
2025-08-12T14:09:14Z	25515.00000	1555.07629	1538.06099	1524.94945
2025-08-12T14:09:14Z	25516.00000	1555.07480	1538.06031	1524.94967
2025-08-12T14:09:14Z	25516.00000	1555.07484	1538.05758	1524.94875
2025-08-12T14:09:14Z	25516.00000	1555.07455	1538.05752	1524.94998
2025-08-12T14:09:14Z	25516.00000	1555.07347	1538.05653	1524.94728
2025-08-12T14:09:14Z	25516.00000	1555.07336	1538.05753	1524.94805
2025-08-12T14:09:15Z	25516.00000	1555.07282	1538.05618	1524.94750
2025-08-12T14:09:15Z	25516.00000	1555.07388	1538.05574	1524.94848
2025-08-12T14:09:15Z	25516.00000	1555.07331	1538.05582	1524.94936
2025-08-12T14:09:15Z	25516.00000	1555.07357	1538.05482	1524.94856
2025-08-12T14:09:15Z	25516.00000	1555.07262	1538.05536	1524.94970
2025-08-12T14:09:15Z	25517.00000	1555.07233	1538.05476	1524.94947
2025-08-12T14:09:15Z	25517.00000	1555.07240	1538.05496	1524.94946
2025-08-12T14:09:15Z	25517.00000	1555.07252	1538.05344	1524.94960
2025-08-12T14:09:15Z	25517.00000	1555.07210	1538.05487	1524.94925
2025-08-12T14:09:15Z	25517.00000	1555.07093	1538.05278	1524.94919
2025-08-12T14:09:16Z	25517.00000	1555.07059	1538.05279	1524.94865
2025-08-12T14:09:16Z	25517.00000	1555.07097	1538.05209	1524.94875
2025-08-12T14:09:16Z	25517.00000	1555.07099	1538.05148	1524.94891
2025-08-12T14:09:16Z	25517.00000	1555.07172	1538.05257	1524.94869
2025-08-12T14:09:16Z	25517.00000	1555.07099	1538.05224	1524.94917
2025-08-12T14:09:16Z	25518.00000	1555.07041	1538.05131	1524.94929
2025-08-12T14:09:16Z	25518.00000	1555.07020	1538.05202	1524.94892
2025-08-12T14:09:16Z	25518.00000	1555.07027	1538.05084	1524.94920
2025-08-12T14:09:16Z	25518.00000	1555.06954	1538.05146	1524.94810
2025-08-12T14:09:17Z	25518.00000	1555.07019	1538.05172	1524.94862
2025-08-12T14:09:17Z	25518.00000	1555.06919	1538.05068	1524.94883
2025-08-12T14:09:17Z	25518.00000	1555.06900	1538.04908	1524.94783
2025-08-12T14:09:17Z	25518.00000	1555.07057	1538.05192	1524.95056
2025-08-12T14:09:17Z	25518.00000	1555.06857	1538.05153	1524.94982
2025-08-12T14:09:17Z	25519.00000	1555.06924	1538.04990	1524.94916
2025-08-12T14:09:17Z	25519.00000	1555.06911	1538.05043	1524.95015
2025-08-12T14:09:17Z	25519.00000	1555.06853	1538.04997	1524.94973
2025-08-12T14:09:17Z	25519.00000	1555.06908	1538.04969	1524.94919
2025-08-12T14:09:17Z	25519.00000	1555.06833	1538.04820	1524.94896
2025-08-12T14:09:18Z	25519.00000	1555.06879	1538.04876	1524.94881
2025-08-12T14:09:18Z	25519.00000	1555.06769	1538.04924	1524.94840
2025-08-12T14:09:18Z	25519.00000	1555.13507	1538.13232	1524.94010
2025-08-12T14:09:18Z	25519.00000	1555.26845	1538.37614	1524.96168
2025-08-12T14:09:18Z	25519.00000	1555.43049	1538.62466	1524.94861
2025-08-12T14:09:18Z	25520.00000	1555.53946	1538.79829	1524.94306
2025-08-12T14:09:18Z	25520.00000	1555.65382	1538.98869	1524.94773
2025-08-12T14:09:18Z	25520.00000	1555.72457	1539.11094	1524.95176
2025-08-12T14:09:18Z	25520.00000	1555.81174	1539.25349	1524.94896
2025-08-12T14:09:19Z	25520.00000	1555.91086	1539.41516	1524.94752
2025-08-12T14:09:19Z	25520.00000	1555.98263	1539.53198	1524.94935
2025-08-12T14:09:19Z	25520.00000	1556.04663	1539.64154	1524.95051
2025-08-12T14:09:19Z	25520.00000	1556.12011	1539.75309	1524.94996
2025-08-12T14:09:19Z	25520.00000	1556.17362	1539.85088	1524.95033
2025-08-12T14:09:19Z	25521.00000	1556.22420	1539.92806	1524.94992
2025-08-12T14:09:19Z	25521.00000	1556.28155	1540.02343	1524.95127
2025-08-12T14:09:19Z	25521.00000	1556.31753	1540.08287	1524.95223
2025-08-12T14:09:19Z	25521.00000	1556.39297	1540.20355	1524.95175
2025-08-12T14:09:20Z	25521.00000	1556.43577	1540.27148	1524.95306
2025-08-12T14:09:20Z	25521.00000	1556.47331	1540.31882	1524.95313
2025-08-12T14:09:20Z	25521.00000	1556.49768	1540.36918	1524.95374
2025-08-12T14:09:20Z	25521.00000	1556.52589	1540.40830	1524.95329
2025-08-12T14:09:20Z	25521.00000	1556.54787	1540.44149	1524.95493
2025-08-12T14:09:20Z	25522.00000	1556.56572	1540.46970	1524.95588
2025-08-12T14:09:20Z	25522.00000	1556.58654	1540.50398	1524.95582
2025-08-12T14:09:20Z	25522.00000	1556.59892	1540.53458	1524.95505
2025-08-12T14:09:20Z	25522.00000	1556.61286	1540.55142	1524.95657
2025-08-12T14:09:21Z	25522.00000	1556.62812	1540.56932	1524.95592
2025-08-12T14:09:21Z	25522.00000	1556.63576	1540.58075	1524.95771
2025-08-12T14:09:21Z	25522.00000	1556.64493	1540.59373	1524.95705
2025-08-12T14:09:21Z	25522.00000	1556.65115	1540.60190	1524.95710
2025-08-12T14:09:21Z	25522.00000	1556.65493	1540.60994	1524.95815
2025-08-12T14:09:21Z	25523.00000	1556.65933	1540.61772	1524.95793
2025-08-12T14:09:21Z	25523.00000	1556.66155	1540.62293	1524.95858
2025-08-12T14:09:21Z	25523.00000	1556.66656	1540.62766	1524.95619
2025-08-12T14:09:21Z	25523.00000	1556.66723	1540.62765	1524.95849
2025-08-12T14:09:22Z	25523.00000	1556.66864	1540.63035	1524.95809
2025-08-12T14:09:22Z	25523.00000	1555.15126	1538.18103	1524.95428
2025-08-12T14:09:22Z	25523.00000	1555.08403	1538.07994	1524.95519
2025-08-12T14:09:22Z	25524.00000	1555.08487	1538.07625	1524.94789
2025-08-12T14:09:22Z	25524.00000	1555.08245	1538.07139	1524.94958
2025-08-12T14:09:22Z	25524.00000	1555.08152	1538.06957	1524.95018
2025-08-12T14:09:22Z	25524.00000	1555.08075	1538.06874	1524.94959
2025-08-12T14:09:23Z	25524.00000	1555.07955	1538.06515	1524.94992
2025-08-12T14:09:23Z	25524.00000	1555.07856	1538.06228	1524.94924
2025-08-12T14:09:23Z	25524.00000	1555.07783	1538.06131	1524.94863
2025-08-12T14:09:23Z	25524.00000	1555.07617	1538.06094	1524.94937
2025-08-12T14:09:23Z	25524.00000	1555.07477	1538.06075	1524.94909
2025-08-12T14:09:23Z	25525.00000	1555.07613	1538.05838	1524.94951
2025-08-12T14:09:23Z	25525.00000	1555.07432	1538.05870	1524.94871
2025-08-12T14:09:23Z	25525.00000	1555.07562	1538.05781	1524.94944
2025-08-12T14:09:23Z	25525.00000	1555.07444	1538.05932	1524.94884
2025-08-12T14:09:23Z	25525.00000	1555.07415	1538.05833	1524.94996
2025-08-12T14:09:24Z	25525.00000	1555.07396	1538.05742	1524.95015
2025-08-12T14:09:24Z	25525.00000	1555.07371	1538.05508	1524.94857
2025-08-12T14:09:24Z	25525.00000	1555.07273	1538.05414	1524.94859
2025-08-12T14:09:24Z	25525.00000	1555.07338	1538.05408	1524.94871
2025-08-12T14:09:24Z	25526.00000	1555.07289	1538.05597	1524.94930
2025-08-12T14:09:24Z	25526.00000	1555.07120	1538.05385	1524.94881
2025-08-12T14:09:24Z	25526.00000	1555.07073	1538.05310	1524.94894
2025-08-12T14:09:24Z	25526.00000	1555.07136	1538.05308	1524.94906
2025-08-12T14:09:24Z	25526.00000	1555.07102	1538.05205	1524.94849
2025-08-12T14:09:25Z	25526.00000	1555.07126	1538.05399	1524.94904
2025-08-12T14:09:25Z	25526.00000	1555.07127	1538.05274	1524.94925
2025-08-12T14:09:25Z	25526.00000	1555.07173	1538.05217	1524.94918
2025-08-12T14:09:25Z	25526.00000	1555.07128	1538.05275	1524.94890
2025-08-12T14:09:25Z	25526.00000	1555.07111	1538.05174	1524.94900
2025-08-12T14:09:25Z	25527.00000	1555.07024	1538.05169	1524.94919
2025-08-12T14:09:25Z	25527.00000	1555.07026	1538.05168	1524.94874
2025-08-12T14:09:25Z	25527.00000	1555.07054	1538.05117	1524.94935
2025-08-12T14:09:25Z	25527.00000	1555.06931	1538.05057	1524.94913
2025-08-12T14:09:25Z	25527.00000	1555.07012	1538.05070	1524.94903
2025-08-12T14:09:26Z	25527.00000	1555.07069	1538.05076	1524.94910
2025-08-12T14:09:26Z	25527.00000	1555.07009	1538.05107	1524.94902
2025-08-12T14:09:26Z	25527.00000	1555.07057	1538.05043	1524.94894
2025-08-12T14:09:26Z	25527.00000	1555.06901	1538.04950	1524.94739
2025-08-12T14:09:26Z	25527.00000	1555.06913	1538.04880	1524.94804
2025-08-12T14:09:26Z	25528.00000	1555.06868	1538.04866	1524.94728
2025-08-12T14:09:26Z	25528.00000	1555.06869	1538.04839	1524.94835
2025-08-12T14:09:26Z	25528.00000	1555.06837	1538.05006	1524.94873
2025-08-12T14:09:26Z	25528.00000	1555.06942	1538.04968	1524.94926
2025-08-12T14:09:26Z	25528.00000	1555.06831	1538.04877	1524.94826
2025-08-12T14:09:27Z	25528.00000	1555.06818	1538.04861	1524.94818
2025-08-12T14:09:27Z	25528.00000	1555.06816	1538.04861	1524.94940
2025-08-12T14:09:27Z	25528.00000	1555.22474	1538.30302	1524.95610
2025-08-12T14:09:27Z	25528.00000	1555.37329	1538.53439	1524.94340
2025-08-12T14:09:27Z	25529.00000	1555.57366	1538.85325	1524.94432
2025-08-12T14:09:27Z	25529.00000	1555.66957	1539.01739	1524.95112
2025-08-12T14:09:27Z	25529.00000	1555.75784	1539.16192	1524.95003
2025-08-12T14:09:27Z	25529.00000	1555.86527	1539.34036	1524.94651
2025-08-12T14:09:28Z	25529.00000	1555.93558	1539.46038	1524.94824
2025-08-12T14:09:28Z	25529.00000	1556.00621	1539.56833	1524.95013
2025-08-12T14:09:28Z	25529.00000	1556.09123	1539.71616	1524.94894
2025-08-12T14:09:28Z	25529.00000	1556.15971	1539.82642	1524.95047
2025-08-12T14:09:28Z	25529.00000	1556.21776	1539.92174	1524.95089
2025-08-12T14:09:28Z	25530.00000	1556.27117	1540.01518	1524.95052
2025-08-12T14:09:28Z	25530.00000	1556.31391	1540.07471	1524.95190
2025-08-12T14:09:28Z	25530.00000	1556.35606	1540.13840	1524.95191
2025-08-12T14:09:28Z	25530.00000	1556.40758	1540.22954	1524.95239
2025-08-12T14:09:28Z	25530.00000	1556.43873	1540.27762	1524.95231
2025-08-12T14:09:29Z	25530.00000	1556.47167	1540.31781	1524.95368
2025-08-12T14:09:29Z	25530.00000	1556.49635	1540.36782	1524.95406
2025-08-12T14:09:29Z	25530.00000	1556.52342	1540.40779	1524.95332
2025-08-12T14:09:29Z	25530.00000	1556.54029	1540.43128	1524.95399
2025-08-12T14:09:29Z	25530.00000	1556.56038	1540.46256	1524.95313
2025-08-12T14:09:29Z	25531.00000	1556.58246	1540.49341	1524.95532
2025-08-12T14:09:29Z	25531.00000	1556.59618	1540.52008	1524.95570
2025-08-12T14:09:29Z	25531.00000	1556.60952	1540.54505	1524.95644
2025-08-12T14:09:29Z	25531.00000	1556.62482	1540.56296	1524.95468
2025-08-12T14:09:30Z	25531.00000	1556.63935	1540.58480	1524.95635
2025-08-12T14:09:30Z	25531.00000	1556.64606	1540.59430	1524.95644
2025-08-12T14:09:30Z	25531.00000	1556.65208	1540.60304	1524.95729
2025-08-12T14:09:30Z	25531.00000	1556.65615	1540.61094	1524.95779
2025-08-12T14:09:30Z	25532.00000	1556.65815	1540.61540	1524.95830
2025-08-12T14:09:30Z	25532.00000	1556.66083	1540.62032	1524.95709
2025-08-12T14:09:30Z	25532.00000	1556.66366	1540.62688	1524.95697
2025-08-12T14:09:30Z	25532.00000	1556.66579	1540.62708	1524.95727
2025-08-12T14:09:30Z	25532.00000	1556.66712	1540.63004	1524.95696
2025-08-12T14:09:31Z	25532.00000	1556.66895	1540.63102	1524.95723
2025-08-12T14:09:31Z	25532.00000	1555.31431	1538.47013	1524.96127
2025-08-12T14:09:31Z	25532.00000	1555.11891	1538.12393	1524.95471
2025-08-12T14:09:31Z	25532.00000	1555.08572	1538.07646	1524.94808
2025-08-12T14:09:31Z	25533.00000	1555.08318	1538.07098	1524.94925
2025-08-12T14:09:31Z	25533.00000	1555.08105	1538.06850	1524.94738
2025-08-12T14:09:31Z	25533.00000	1555.07984	1538.06758	1524.94856
2025-08-12T14:09:31Z	25533.00000	1555.07986	1538.06584	1524.94843
2025-08-12T14:09:31Z	25533.00000	1555.07771	1538.06551	1524.94823
2025-08-12T14:09:32Z	25533.00000	1555.07855	1538.06234	1524.94873
2025-08-12T14:09:32Z	25533.00000	1555.07718	1538.06141	1524.94929
2025-08-12T14:09:32Z	25533.00000	1555.07679	1538.06076	1524.94925
2025-08-12T14:09:32Z	25533.00000	1555.07655	1538.06111	1524.94935
2025-08-12T14:09:32Z	25533.00000	1555.07595	1538.05925	1524.94859
2025-08-12T14:09:32Z	25534.00000	1555.07554	1538.05994	1524.94950
2025-08-12T14:09:32Z	25534.00000	1555.07474	1538.05859	1524.94962
2025-08-12T14:09:32Z	25534.00000	1555.07436	1538.05867	1524.94959
2025-08-12T14:09:32Z	25534.00000	1555.07423	1538.05626	1524.94714
2025-08-12T14:09:33Z	25534.00000	1555.07273	1538.05604	1524.94728
2025-08-12T14:09:33Z	25534.00000	1555.07377	1538.05698	1524.94873
2025-08-12T14:09:33Z	25534.00000	1555.07384	1538.05482	1524.94932
2025-08-12T14:09:33Z	25534.00000	1555.07350	1538.05485	1524.94949
2025-08-12T14:09:33Z	25534.00000	1555.07187	1538.05549	1524.94899
2025-08-12T14:09:33Z	25535.00000	1555.07232	1538.05416	1524.94869
2025-08-12T14:09:33Z	25535.00000	1555.07244	1538.05363	1524.94911
2025-08-12T14:09:33Z	25535.00000	1555.07208	1538.05331	1524.94905
2025-08-12T14:09:33Z	25535.00000	1555.07208	1538.05512	1524.94872
2025-08-12T14:09:33Z	25535.00000	1555.07124	1538.05320	1524.94915
2025-08-12T14:09:34Z	25535.00000	1555.07106	1538.05235	1524.94868
2025-08-12T14:09:34Z	25535.00000	1555.07054	1538.05364	1524.94877
2025-08-12T14:09:34Z	25535.00000	1555.07008	1538.05078	1524.94892
2025-08-12T14:09:34Z	25535.00000	1555.06995	1538.05197	1524.94903
2025-08-12T14:09:34Z	25536.00000	1555.07107	1538.05099	1524.94860
2025-08-12T14:09:34Z	25536.00000	1555.07141	1538.05273	1524.94897
2025-08-12T14:09:34Z	25536.00000	1555.07029	1538.05097	1524.94919
2025-08-12T14:09:34Z	25536.00000	1555.07104	1538.05092	1524.94852
2025-08-12T14:09:34Z	25536.00000	1555.07046	1538.05135	1524.94883
2025-08-12T14:09:35Z	25536.00000	1555.06931	1538.05014	1524.94867
2025-08-12T14:09:35Z	25536.00000	1555.06954	1538.04942	1524.94871
2025-08-12T14:09:35Z	25536.00000	1555.06971	1538.05068	1524.94885
2025-08-12T14:09:35Z	25536.00000	1555.06876	1538.04876	1524.94675
2025-08-12T14:09:35Z	25536.00000	1555.06827	1538.05088	1524.94842
2025-08-12T14:09:35Z	25537.00000	1555.06890	1538.04955	1524.94833
2025-08-12T14:09:35Z	25537.00000	1555.06889	1538.04992	1524.94943
2025-08-12T14:09:35Z	25537.00000	1555.06881	1538.04959	1524.94953
2025-08-12T14:09:35Z	25537.00000	1555.06829	1538.04857	1524.94800
2025-08-12T14:09:36Z	25537.00000	1555.06870	1538.04911	1524.94864
2025-08-12T14:09:36Z	25537.00000	1555.06861	1538.04872	1524.94888
2025-08-12T14:09:36Z	25537.00000	1555.06836	1538.04971	1524.94873
2025-08-12T14:09:36Z	25537.00000	1555.06789	1538.04889	1524.94794
2025-08-12T14:09:36Z	25537.00000	1555.24643	1538.33023	1524.95439
2025-08-12T14:09:36Z	25537.00000	1555.38254	1538.55027	1524.95782
2025-08-12T14:09:36Z	25538.00000	1555.49651	1538.73326	1524.95340
2025-08-12T14:09:36Z	25538.00000	1555.59940	1538.90119	1524.94495
2025-08-12T14:09:36Z	25538.00000	1555.72035	1539.09917	1524.94879
2025-08-12T14:09:36Z	25538.00000	1555.79212	1539.21759	1524.94689
2025-08-12T14:09:36Z	25538.00000	1555.85871	1539.32929	1524.94939
2025-08-12T14:09:37Z	25538.00000	1555.93030	1539.45038	1524.94872
2025-08-12T14:09:37Z	25538.00000	1556.00981	1539.57904	1524.94897
2025-08-12T14:09:37Z	25538.00000	1556.07360	1539.68611	1524.94868
2025-08-12T14:09:37Z	25538.00000	1556.14215	1539.78856	1524.95039
2025-08-12T14:09:37Z	25538.00000	1556.19446	1539.88392	1524.95074
2025-08-12T14:09:37Z	25539.00000	1556.26708	1540.00519	1524.95177
2025-08-12T14:09:37Z	25539.00000	1556.32073	1540.08644	1524.95213
2025-08-12T14:09:37Z	25539.00000	1556.35594	1540.13648	1524.95157
2025-08-12T14:09:37Z	25539.00000	1556.38410	1540.19316	1524.95298
2025-08-12T14:09:38Z	25539.00000	1556.42295	1540.25166	1524.95301
2025-08-12T14:09:38Z	25539.00000	1556.45578	1540.29507	1524.95400
2025-08-12T14:09:38Z	25539.00000	1556.48728	1540.35302	1524.95376
2025-08-12T14:09:38Z	25539.00000	1556.51157	1540.38994	1524.95308
2025-08-12T14:09:38Z	25539.00000	1556.52911	1540.41535	1524.95395
2025-08-12T14:09:38Z	25540.00000	1556.55203	1540.44930	1524.95465
2025-08-12T14:09:38Z	25540.00000	1556.56848	1540.47332	1524.95536
2025-08-12T14:09:38Z	25540.00000	1556.58489	1540.49775	1524.95574
2025-08-12T14:09:38Z	25540.00000	1556.59849	1540.53363	1524.95581
2025-08-12T14:09:38Z	25540.00000	1556.61293	1540.54764	1524.95552
2025-08-12T14:09:39Z	25540.00000	1556.62559	1540.56508	1524.95741
2025-08-12T14:09:39Z	25540.00000	1556.63299	1540.57918	1524.95739
2025-08-12T14:09:39Z	25540.00000	1556.64170	1540.58811	1524.95689
2025-08-12T14:09:39Z	25540.00000	1556.64666	1540.59489	1524.95775
2025-08-12T14:09:39Z	25540.00000	1556.65150	1540.60733	1524.95733
2025-08-12T14:09:39Z	25541.00000	1556.65527	1540.61067	1524.95806
2025-08-12T14:09:39Z	25541.00000	1556.65796	1540.61172	1524.95761
2025-08-12T14:09:39Z	25541.00000	1556.66114	1540.62126	1524.95836
2025-08-12T14:09:39Z	25541.00000	1556.66389	1540.62380	1524.95800
2025-08-12T14:09:39Z	25541.00000	1556.66583	1540.62893	1524.95707
2025-08-12T14:09:40Z	25541.00000	1556.66784	1540.62934	1524.95874
2025-08-12T14:09:40Z	25541.00000	1556.66908	1540.63101	1524.95843
2025-08-12T14:09:40Z	25541.00000	1555.82212	1539.28639	1524.86857
2025-08-12T14:09:40Z	25541.00000	1555.22709	1538.29828	1524.93736
2025-08-12T14:09:40Z	25541.00000	1555.08516	1538.08464	1524.95521
2025-08-12T14:09:40Z	25541.00000	1555.08392	1538.07403	1524.94704
2025-08-12T14:09:40Z	25542.00000	1555.08332	1538.07133	1524.94725
2025-08-12T14:09:40Z	25542.00000	1555.08101	1538.06668	1524.94711
2025-08-12T14:09:40Z	25542.00000	1555.08079	1538.06905	1524.94961
2025-08-12T14:09:40Z	25542.00000	1555.08062	1538.06770	1524.95022
2025-08-12T14:09:41Z	25542.00000	1555.07969	1538.06481	1524.94949
2025-08-12T14:09:41Z	25542.00000	1555.07916	1538.06419	1524.94931
2025-08-12T14:09:41Z	25542.00000	1555.07781	1538.06241	1524.94907
2025-08-12T14:09:41Z	25542.00000	1555.07655	1538.06056	1524.94881
2025-08-12T14:09:41Z	25543.00000	1555.07640	1538.06184	1524.94939
2025-08-12T14:09:41Z	25543.00000	1555.07490	1538.05963	1524.94908
2025-08-12T14:09:41Z	25543.00000	1555.07529	1538.05759	1524.94922
2025-08-12T14:09:41Z	25543.00000	1555.07418	1538.05726	1524.94747
2025-08-12T14:09:41Z	25543.00000	1555.07640	1538.05917	1524.95047
2025-08-12T14:09:42Z	25543.00000	1555.07510	1538.05653	1524.95044
2025-08-12T14:09:42Z	25543.00000	1555.07422	1538.05712	1524.94900
2025-08-12T14:09:42Z	25543.00000	1555.07410	1538.05793	1524.95021
2025-08-12T14:09:42Z	25543.00000	1555.07339	1538.05385	1524.94904
2025-08-12T14:09:42Z	25543.00000	1555.07285	1538.05586	1524.94861
2025-08-12T14:09:42Z	25544.00000	1555.07277	1538.05606	1524.94930
2025-08-12T14:09:42Z	25544.00000	1555.07287	1538.05488	1524.94900
2025-08-12T14:09:42Z	25544.00000	1555.07243	1538.05533	1524.94866
2025-08-12T14:09:42Z	25544.00000	1555.07281	1538.05478	1524.94891
2025-08-12T14:09:42Z	25544.00000	1555.07202	1538.05270	1524.94855
2025-08-12T14:09:43Z	25544.00000	1555.07240	1538.05376	1524.94906
2025-08-12T14:09:43Z	25544.00000	1555.07189	1538.05433	1524.94959
2025-08-12T14:09:43Z	25544.00000	1555.07227	1538.05290	1524.94906
2025-08-12T14:09:43Z	25544.00000	1555.07102	1538.05256	1524.94916
2025-08-12T14:09:43Z	25544.00000	1555.07061	1538.05203	1524.94945
2025-08-12T14:09:43Z	25545.00000	1555.07092	1538.05182	1524.94940
2025-08-12T14:09:43Z	25545.00000	1555.07097	1538.05226	1524.94964
2025-08-12T14:09:43Z	25545.00000	1555.07094	1538.05087	1524.94871
2025-08-12T14:09:43Z	25545.00000	1555.06982	1538.05138	1524.94861
2025-08-12T14:09:43Z	25545.00000	1555.07037	1538.05017	1524.94891
2025-08-12T14:09:44Z	25545.00000	1555.07112	1538.05125	1524.94857
2025-08-12T14:09:44Z	25545.00000	1555.07044	1538.05167	1524.94841
2025-08-12T14:09:44Z	25545.00000	1555.06968	1538.05067	1524.94805
2025-08-12T14:09:44Z	25545.00000	1555.07051	1538.05043	1524.94898
2025-08-12T14:09:44Z	25545.00000	1555.07085	1538.04968	1524.94845
2025-08-12T14:09:44Z	25546.00000	1555.06988	1538.05023	1524.94814
2025-08-12T14:09:44Z	25546.00000	1555.06904	1538.04954	1524.94918
2025-08-12T14:09:44Z	25546.00000	1555.06807	1538.04878	1524.94913
2025-08-12T14:09:44Z	25546.00000	1555.06930	1538.05165	1524.94897
2025-08-12T14:09:44Z	25546.00000	1555.06889	1538.04936	1524.94932
2025-08-12T14:09:45Z	25546.00000	1555.06911	1538.04958	1524.94907
2025-08-12T14:09:45Z	25546.00000	1555.06914	1538.05051	1524.94886
2025-08-12T14:09:45Z	25546.00000	1555.06909	1538.04922	1524.94901
2025-08-12T14:09:45Z	25546.00000	1555.06840	1538.04924	1524.94827
2025-08-12T14:09:45Z	25546.00000	1555.06858	1538.04918	1524.94871
2025-08-12T14:09:45Z	25547.00000	1555.06868	1538.04857	1524.94917
2025-08-12T14:09:45Z	25547.00000	1555.06830	1538.04810	1524.94906
2025-08-12T14:09:45Z	25547.00000	1555.06798	1538.04948	1524.94825
2025-08-12T14:09:45Z	25547.00000	1555.06821	1538.04778	1524.94906
2025-08-12T14:09:45Z	25547.00000	1555.06727	1538.04825	1524.94883
2025-08-12T14:09:46Z	25547.00000	1555.06745	1538.04845	1524.94837
2025-08-12T14:09:46Z	25547.00000	1555.06817	1538.04685	1524.94884
2025-08-12T14:09:46Z	25547.00000	1555.06760	1538.04860	1524.94911
2025-08-12T14:09:46Z	25547.00000	1555.06755	1538.04992	1524.94889
2025-08-12T14:09:46Z	25547.00000	1555.06809	1538.04763	1524.94862
2025-08-12T14:09:46Z	25548.00000	1555.06712	1538.04739	1524.94861
2025-08-12T14:09:46Z	25548.00000	1555.06742	1538.04774	1524.94828
2025-08-12T14:09:46Z	25548.00000	1555.06724	1538.04740	1524.94903
2025-08-12T14:09:46Z	25548.00000	1555.06680	1538.04728	1524.94883
2025-08-12T14:09:46Z	25548.00000	1555.06704	1538.04711	1524.94881
2025-08-12T14:09:47Z	25548.00000	1555.06658	1538.04668	1524.94837
2025-08-12T14:09:47Z	25548.00000	1555.06748	1538.04590	1524.94889
2025-08-12T14:09:47Z	25548.00000	1555.06683	1538.04559	1524.94821
2025-08-12T14:09:47Z	25548.00000	1555.06662	1538.04546	1524.94880
2025-08-12T14:09:47Z	25548.00000	1555.06630	1538.04750	1524.94823
2025-08-12T14:09:47Z	25549.00000	1555.06687	1538.04439	1524.94869
2025-08-12T14:09:47Z	25549.00000	1555.06725	1538.04506	1524.94886
2025-08-12T14:09:47Z	25549.00000	1555.06690	1538.04622	1524.94869
2025-08-12T14:09:47Z	25549.00000	1555.06649	1538.04508	1524.94816
2025-08-12T14:09:47Z	25549.00000	1555.06691	1538.04615	1524.94907
2025-08-12T14:09:48Z	25549.00000	1555.06628	1538.04419	1524.94837
2025-08-12T14:09:48Z	25549.00000	1555.06653	1538.04404	1524.94893
2025-08-12T14:09:48Z	25549.00000	1555.06646	1538.04592	1524.94864
2025-08-12T14:09:48Z	25549.00000	1555.06628	1538.04476	1524.94909
2025-08-12T14:09:48Z	25549.00000	1555.06639	1538.04404	1524.94904
2025-08-12T14:09:48Z	25550.00000	1555.06636	1538.04417	1524.94874
2025-08-12T14:09:48Z	25550.00000	1555.06561	1538.04348	1524.94911
2025-08-12T14:09:48Z	25550.00000	1555.06490	1538.04406	1524.94857
2025-08-12T14:09:48Z	25550.00000	1555.06540	1538.04483	1524.94956
2025-08-12T14:09:48Z	25550.00000	1555.06556	1538.04385	1524.94915
2025-08-12T14:09:48Z	25550.00000	1555.06551	1538.04390	1524.94836
2025-08-12T14:09:49Z	25550.00000	1555.06581	1538.04341	1524.94841
2025-08-12T14:09:49Z	25550.00000	1555.06560	1538.04271	1524.94879
2025-08-12T14:09:49Z	25550.00000	1555.06549	1538.04337	1524.94883
2025-08-12T14:09:49Z	25551.00000	1555.06530	1538.04378	1524.94901
2025-08-12T14:09:49Z	25551.00000	1555.06567	1538.04278	1524.94910
2025-08-12T14:09:49Z	25551.00000	1555.06553	1538.04249	1524.94880
2025-08-12T14:09:49Z	25551.00000	1555.06533	1538.04571	1524.94864
2025-08-12T14:09:49Z	25551.00000	1555.06528	1538.04228	1524.94891
2025-08-12T14:09:50Z	25551.00000	1555.06549	1538.04267	1524.94821
2025-08-12T14:09:50Z	25551.00000	1555.06667	1538.04218	1524.94867
2025-08-12T14:09:50Z	25551.00000	1555.06537	1538.04332	1524.94812
2025-08-12T14:09:50Z	25551.00000	1555.06431	1538.04266	1524.94874
2025-08-12T14:09:50Z	25551.00000	1555.06481	1538.04176	1524.94882
2025-08-12T14:09:50Z	25552.00000	1555.06566	1538.04124	1524.94864
2025-08-12T14:09:50Z	25552.00000	1555.06536	1538.04184	1524.94873
2025-08-12T14:09:50Z	25552.00000	1555.06563	1538.04224	1524.94836
2025-08-12T14:09:50Z	25552.00000	1555.06490	1538.04252	1524.94883
2025-08-12T14:09:50Z	25552.00000	1555.06521	1538.04204	1524.94806
2025-08-12T14:09:51Z	25552.00000	1555.06580	1538.04196	1524.94840
2025-08-12T14:09:51Z	25552.00000	1555.06389	1538.04121	1524.94834
2025-08-12T14:09:51Z	25552.00000	1555.06431	1538.04147	1524.94894
2025-08-12T14:09:51Z	25552.00000	1555.06466	1538.04086	1524.94874
2025-08-12T14:09:51Z	25552.00000	1555.06520	1538.04179	1524.94908
2025-08-12T14:09:51Z	25553.00000	1555.06484	1538.04109	1524.94862
2025-08-12T14:09:51Z	25553.00000	1555.06430	1538.04184	1524.94864
2025-08-12T14:09:51Z	25553.00000	1555.06479	1538.04125	1524.94818
2025-08-12T14:09:51Z	25553.00000	1555.06418	1538.04043	1524.94833
2025-08-12T14:09:51Z	25553.00000	1555.06434	1538.04128	1524.94853
2025-08-12T14:09:52Z	25553.00000	1555.06441	1538.04228	1524.94865
2025-08-12T14:09:52Z	25553.00000	1555.06429	1538.04056	1524.94882
2025-08-12T14:09:52Z	25553.00000	1555.06483	1538.04087	1524.94846
2025-08-12T14:09:52Z	25553.00000	1555.06440	1538.04035	1524.94869
2025-08-12T14:09:52Z	25553.00000	1555.06451	1538.04180	1524.94861
2025-08-12T14:09:52Z	25554.00000	1555.06374	1538.04139	1524.94883
2025-08-12T14:09:52Z	25554.00000	1555.06406	1538.03970	1524.94864
2025-08-12T14:09:52Z	25554.00000	1555.06384	1538.04066	1524.94769
2025-08-12T14:09:52Z	25554.00000	1555.06396	1538.03984	1524.94906
2025-08-12T14:09:53Z	25554.00000	1555.06385	1538.04134	1524.94874
2025-08-12T14:09:53Z	25554.00000	1555.06328	1538.03952	1524.94844
2025-08-12T14:09:53Z	25554.00000	1555.06336	1538.03940	1524.94851
2025-08-12T14:09:53Z	25554.00000	1555.06353	1538.04123	1524.94826
2025-08-12T14:09:53Z	25555.00000	1555.06366	1538.04033	1524.94862
2025-08-12T14:09:53Z	25555.00000	1555.06340	1538.03992	1524.94811
2025-08-12T14:09:53Z	25555.00000	1555.06378	1538.03913	1524.94902
2025-08-12T14:09:53Z	25555.00000	1555.06342	1538.03873	1524.94884
2025-08-12T14:09:53Z	25555.00000	1555.06300	1538.03918	1524.94796
2025-08-12T14:09:54Z	25555.00000	1555.06291	1538.03955	1524.94868
2025-08-12T14:09:54Z	25555.00000	1555.06319	1538.03896	1524.94844
2025-08-12T14:09:54Z	25555.00000	1555.06387	1538.03988	1524.94864
2025-08-12T14:09:54Z	25555.00000	1555.06327	1538.04087	1524.94867
2025-08-12T14:09:54Z	25555.00000	1555.06379	1538.03830	1524.94870
2025-08-12T14:09:54Z	25556.00000	1555.06336	1538.03989	1524.94866
2025-08-12T14:09:54Z	25556.00000	1555.06352	1538.03927	1524.94804
2025-08-12T14:09:54Z	25556.00000	1555.06309	1538.03884	1524.94886
2025-08-12T14:09:54Z	25556.00000	1555.06283	1538.03856	1524.94831
2025-08-12T14:09:54Z	25556.00000	1555.06322	1538.03865	1524.94821
2025-08-12T14:09:55Z	25556.00000	1555.06258	1538.03884	1524.94837
2025-08-12T14:09:55Z	25556.00000	1555.06360	1538.03886	1524.94858
2025-08-12T14:09:55Z	25556.00000	1555.06281	1538.03849	1524.94853
2025-08-12T14:09:55Z	25556.00000	1555.06290	1538.03897	1524.94863
2025-08-12T14:09:55Z	25556.00000	1555.06313	1538.03839	1524.94899
2025-08-12T14:09:55Z	25557.00000	1555.06331	1538.03802	1524.94896
2025-08-12T14:09:55Z	25557.00000	1555.06290	1538.03894	1524.94872
2025-08-12T14:09:55Z	25557.00000	1555.06274	1538.03891	1524.94840
2025-08-12T14:09:55Z	25557.00000	1555.06277	1538.03822	1524.94826
2025-08-12T14:09:56Z	25557.00000	1555.06275	1538.03748	1524.94827
2025-08-12T14:09:56Z	25557.00000	1555.06298	1538.03717	1524.94903
2025-08-12T14:09:56Z	25557.00000	1555.06288	1538.03816	1524.94865
2025-08-12T14:09:56Z	25557.00000	1555.06260	1538.03700	1524.94835
2025-08-12T14:09:56Z	25557.00000	1555.06323	1538.03847	1524.94854
2025-08-12T14:09:56Z	25558.00000	1555.06300	1538.03768	1524.94864
2025-08-12T14:09:56Z	25558.00000	1555.06294	1538.03698	1524.94823
2025-08-12T14:09:56Z	25558.00000	1555.06246	1538.03847	1524.94805
2025-08-12T14:09:56Z	25558.00000	1555.06283	1538.03811	1524.94855
2025-08-12T14:09:56Z	25558.00000	1555.06243	1538.03819	1524.94841
2025-08-12T14:09:57Z	25558.00000	1555.06308	1538.03733	1524.94832
2025-08-12T14:09:57Z	25558.00000	1555.06286	1538.03995	1524.94896
2025-08-12T14:09:57Z	25558.00000	1555.06230	1538.03750	1524.94879
2025-08-12T14:09:57Z	25558.00000	1555.06244	1538.03648	1524.94795
2025-08-12T14:09:57Z	25558.00000	1555.06310	1538.03814	1524.94888
2025-08-12T14:09:57Z	25559.00000	1555.06242	1538.03750	1524.94884
2025-08-12T14:09:57Z	25559.00000	1555.06261	1538.03769	1524.94806
2025-08-12T14:09:57Z	25559.00000	1555.06266	1538.03870	1524.94849
2025-08-12T14:09:57Z	25559.00000	1555.06270	1538.03791	1524.94840
2025-08-12T14:09:58Z	25559.00000	1555.06190	1538.03727	1524.94797
2025-08-12T14:09:58Z	25559.00000	1555.06250	1538.03748	1524.94875
2025-08-12T14:09:58Z	25559.00000	1555.06244	1538.03753	1524.94841
2025-08-12T14:09:58Z	25559.00000	1555.06249	1538.03736	1524.94812
2025-08-12T14:09:58Z	25559.00000	1555.06261	1538.03861	1524.94834
2025-08-12T14:09:58Z	25560.00000	1555.06243	1538.03910	1524.94854
2025-08-12T14:09:58Z	25560.00000	1555.06179	1538.03737	1524.94799
2025-08-12T14:09:58Z	25560.00000	1555.06234	1538.03876	1524.94789
2025-08-12T14:09:58Z	25560.00000	1555.06297	1538.03659	1524.94873
2025-08-12T14:09:58Z	25560.00000	1555.06216	1538.03786	1524.94854
2025-08-12T14:09:59Z	25560.00000	1555.06232	1538.03797	1524.94868
2025-08-12T14:09:59Z	25560.00000	1555.06196	1538.03850	1524.94862
2025-08-12T14:09:59Z	25560.00000	1555.06220	1538.03670	1524.94864
2025-08-12T14:09:59Z	25560.00000	1555.06236	1538.03624	1524.94828
2025-08-12T14:09:59Z	25560.00000	1555.06224	1538.03688	1524.94817
2025-08-12T14:09:59Z	25561.00000	1555.06238	1538.03677	1524.94825
2025-08-12T14:09:59Z	25561.00000	1555.06289	1538.03795	1524.94850
2025-08-12T14:09:59Z	25561.00000	1555.06234	1538.03709	1524.94849
2025-08-12T14:09:59Z	25561.00000	1555.06190	1538.03807	1524.94884
2025-08-12T14:10:00Z	25561.00000	1555.06207	1538.03684	1524.94856
2025-08-12T14:10:00Z	25561.00000	1555.06218	1538.03771	1524.94859
2025-08-12T14:10:00Z	25561.00000	1555.06187	1538.03790	1524.94830
2025-08-12T14:10:00Z	25561.00000	1555.06205	1538.03702	1524.94880
2025-08-12T14:10:00Z	25561.00000	1555.06230	1538.03872	1524.94817
2025-08-12T14:10:00Z	25562.00000	1555.06209	1538.03737	1524.94783
2025-08-12T14:10:00Z	25562.00000	1555.06176	1538.03718	1524.94855
2025-08-12T14:10:00Z	25562.00000	1555.06188	1538.03566	1524.94853
2025-08-12T14:10:00Z	25562.00000	1555.06193	1538.03772	1524.94874
2025-08-12T14:10:00Z	25562.00000	1555.06188	1538.03749	1524.94914
2025-08-12T14:10:01Z	25562.00000	1555.06141	1538.03732	1524.94894
2025-08-12T14:10:01Z	25562.00000	1555.06223	1538.03575	1524.94797
2025-08-12T14:10:01Z	25562.00000	1555.06218	1538.03708	1524.94834
2025-08-12T14:10:01Z	25562.00000	1555.06186	1538.03669	1524.94871
2025-08-12T14:10:01Z	25563.00000	1555.06121	1538.03637	1524.94829
2025-08-12T14:10:01Z	25563.00000	1555.06177	1538.03698	1524.94786
2025-08-12T14:10:01Z	25563.00000	1555.06212	1538.03615	1524.94849
2025-08-12T14:10:01Z	25563.00000	1555.06261	1538.03714	1524.94814
2025-08-12T14:10:02Z	25563.00000	1555.06192	1538.03608	1524.94867
2025-08-12T14:10:02Z	25563.00000	1555.06120	1538.03816	1524.94840
2025-08-12T14:10:02Z	25563.00000	1555.06249	1538.03592	1524.94844
2025-08-12T14:10:02Z	25564.00000	1555.06211	1538.03669	1524.94857
2025-08-12T14:10:02Z	25564.00000	1555.06219	1538.03551	1524.94873
2025-08-12T14:10:02Z	25564.00000	1555.06149	1538.03672	1524.94855
2025-08-12T14:10:02Z	25564.00000	1555.06143	1538.03574	1524.94829
2025-08-12T14:10:03Z	25564.00000	1555.06128	1538.03761	1524.94816
2025-08-12T14:10:03Z	25564.00000	1555.06167	1538.03736	1524.94764
2025-08-12T14:10:03Z	25564.00000	1555.06215	1538.03739	1524.94850
2025-08-12T14:10:03Z	25564.00000	1555.06146	1538.03654	1524.94839
2025-08-12T14:10:03Z	25564.00000	1555.06149	1538.03573	1524.94810
2025-08-12T14:10:03Z	25565.00000	1555.06144	1538.03617	1524.94815
2025-08-12T14:10:03Z	25565.00000	1555.06169	1538.03636	1524.94828
2025-08-12T14:10:03Z	25565.00000	1555.06108	1538.03642	1524.94838
2025-08-12T14:10:03Z	25565.00000	1555.06085	1538.03735	1524.94823
2025-08-12T14:10:03Z	25565.00000	1555.06104	1538.03643	1524.94863
2025-08-12T14:10:04Z	25565.00000	1555.06168	1538.03799	1524.94880
2025-08-12T14:10:04Z	25565.00000	1555.06074	1538.03636	1524.94848
2025-08-12T14:10:04Z	25565.00000	1555.06095	1538.03630	1524.94806
2025-08-12T14:10:04Z	25565.00000	1555.06156	1538.03593	1524.94793
2025-08-12T14:10:04Z	25566.00000	1555.06151	1538.03706	1524.94843
2025-08-12T14:10:04Z	25566.00000	1555.06170	1538.03588	1524.94829
2025-08-12T14:10:04Z	25566.00000	1555.06099	1538.03610	1524.94867
2025-08-12T14:10:04Z	25566.00000	1555.06170	1538.03549	1524.94850
2025-08-12T14:10:04Z	25566.00000	1555.06098	1538.03598	1524.94836
2025-08-12T14:10:05Z	25566.00000	1555.06125	1538.03475	1524.94819
2025-08-12T14:10:05Z	25566.00000	1555.06123	1538.03582	1524.94842
2025-08-12T14:10:05Z	25566.00000	1555.06080	1538.03490	1524.94810
2025-08-12T14:10:05Z	25566.00000	1555.06079	1538.03590	1524.94815
2025-08-12T14:10:05Z	25567.00000	1555.06113	1538.03472	1524.94830
2025-08-12T14:10:05Z	25567.00000	1555.06126	1538.03512	1524.94849
2025-08-12T14:10:05Z	25567.00000	1555.06048	1538.03553	1524.94834
2025-08-12T14:10:06Z	25567.00000	1555.06170	1538.03598	1524.94804
2025-08-12T14:10:06Z	25567.00000	1555.06103	1538.03677	1524.94800
2025-08-12T14:10:06Z	25567.00000	1555.06101	1538.03506	1524.94850
2025-08-12T14:10:06Z	25567.00000	1555.06125	1538.03402	1524.94811
2025-08-12T14:10:06Z	25567.00000	1555.06046	1538.03474	1524.94848
2025-08-12T14:10:06Z	25568.00000	1555.06020	1538.03464	1524.94803
2025-08-12T14:10:06Z	25568.00000	1555.06048	1538.03382	1524.94856
2025-08-12T14:10:06Z	25568.00000	1555.06068	1538.03555	1524.94806
2025-08-12T14:10:06Z	25568.00000	1555.06111	1538.03559	1524.94777
2025-08-12T14:10:06Z	25568.00000	1555.06071	1538.03457	1524.94776
2025-08-12T14:10:07Z	25568.00000	1555.06099	1538.03738	1524.94857
2025-08-12T14:10:07Z	25568.00000	1555.06038	1538.03553	1524.94852
2025-08-12T14:10:07Z	25568.00000	1555.06071	1538.03377	1524.94793
2025-08-12T14:10:07Z	25568.00000	1555.06101	1538.03454	1524.94874
2025-08-12T14:10:07Z	25569.00000	1555.06049	1538.03386	1524.94832
2025-08-12T14:10:07Z	25569.00000	1555.06102	1538.03478	1524.94833
2025-08-12T14:10:07Z	25569.00000	1555.06091	1538.03459	1524.94770
2025-08-12T14:10:07Z	25569.00000	1555.06039	1538.03562	1524.94846
2025-08-12T14:10:08Z	25569.00000	1555.06051	1538.03337	1524.94849
2025-08-12T14:10:08Z	25569.00000	1555.05986	1538.03468	1524.94837
2025-08-12T14:10:08Z	25569.00000	1555.06070	1538.03462	1524.94858
2025-08-12T14:10:08Z	25569.00000	1555.06040	1538.03588	1524.94827
2025-08-12T14:10:08Z	25569.00000	1555.06014	1538.03578	1524.94817
2025-08-12T14:10:08Z	25570.00000	1555.06012	1538.03438	1524.94793
2025-08-12T14:10:08Z	25570.00000	1555.06071	1538.03439	1524.94824
2025-08-12T14:10:08Z	25570.00000	1555.06051	1538.03473	1524.94820
2025-08-12T14:10:08Z	25570.00000	1555.06112	1538.03514	1524.94802
2025-08-12T14:10:08Z	25570.00000	1555.06019	1538.03404	1524.94819
2025-08-12T14:10:09Z	25570.00000	1555.06076	1538.03313	1524.94777
2025-08-12T14:10:09Z	25570.00000	1555.05969	1538.03489	1524.94863
2025-08-12T14:10:09Z	25570.00000	1555.06000	1538.03449	1524.94837
2025-08-12T14:10:09Z	25571.00000	1555.06088	1538.03443	1524.94834
2025-08-12T14:10:09Z	25571.00000	1555.06061	1538.03467	1524.94783
2025-08-12T14:10:09Z	25571.00000	1555.06027	1538.03395	1524.94853
2025-08-12T14:10:09Z	25571.00000	1555.06022	1538.03391	1524.94838
2025-08-12T14:10:10Z	25571.00000	1555.05979	1538.03366	1524.94818
2025-08-12T14:10:10Z	25571.00000	1555.05981	1538.03365	1524.94830
2025-08-12T14:10:10Z	25571.00000	1555.06037	1538.03447	1524.94831
2025-08-12T14:10:10Z	25571.00000	1555.06033	1538.03396	1524.94763
2025-08-12T14:10:10Z	25572.00000	1555.06000	1538.03443	1524.94829
2025-08-12T14:10:10Z	25572.00000	1555.05962	1538.03410	1524.94847
2025-08-12T14:10:10Z	25572.00000	1555.05960	1538.03444	1524.94823
2025-08-12T14:10:10Z	25572.00000	1555.05995	1538.03471	1524.94838
2025-08-12T14:10:11Z	25572.00000	1555.05971	1538.03440	1524.94821
2025-08-12T14:10:11Z	25572.00000	1555.05988	1538.03325	1524.94828
2025-08-12T14:10:11Z	25572.00000	1555.06012	1538.03420	1524.94842
2025-08-12T14:10:11Z	25572.00000	1555.05992	1538.03273	1524.94835
2025-08-12T14:10:11Z	25573.00000	1555.05947	1538.03271	1524.94833
2025-08-12T14:10:11Z	25573.00000	1555.05919	1538.03276	1524.94790
2025-08-12T14:10:11Z	25573.00000	1555.05965	1538.03241	1524.94836
2025-08-12T14:10:11Z	25573.00000	1555.06028	1538.03236	1524.94840
2025-08-12T14:10:12Z	25573.00000	1555.05946	1538.03319	1524.94828
2025-08-12T14:10:12Z	25573.00000	1555.05961	1538.03438	1524.94799
2025-08-12T14:10:12Z	25573.00000	1555.06006	1538.03428	1524.94804
2025-08-12T14:10:12Z	25573.00000	1555.05954	1538.03333	1524.94772
2025-08-12T14:10:12Z	25573.00000	1555.05934	1538.03244	1524.94841
2025-08-12T14:10:12Z	25574.00000	1555.05907	1538.03379	1524.94789
2025-08-12T14:10:12Z	25574.00000	1555.05949	1538.03378	1524.94834
2025-08-12T14:10:12Z	25574.00000	1555.05924	1538.03241	1524.94811
2025-08-12T14:10:12Z	25574.00000	1555.05943	1538.03431	1524.94873
2025-08-12T14:10:12Z	25574.00000	1555.05932	1538.03423	1524.94791
2025-08-12T14:10:12Z	25574.00000	1555.05961	1538.03438	1524.94781
2025-08-12T14:10:13Z	25574.00000	1555.05954	1538.03277	1524.94793
2025-08-12T14:10:13Z	25574.00000	1555.05915	1538.03313	1524.94835
2025-08-12T14:10:13Z	25574.00000	1555.05950	1538.03251	1524.94761
2025-08-12T14:10:13Z	25574.00000	1555.05996	1538.03307	1524.94829
2025-08-12T14:10:13Z	25575.00000	1555.05908	1538.03309	1524.94788
2025-08-12T14:10:13Z	25575.00000	1555.05964	1538.03107	1524.94815
2025-08-12T14:10:13Z	25575.00000	1555.05976	1538.03202	1524.94836
2025-08-12T14:10:13Z	25575.00000	1555.05962	1538.03249	1524.94832
2025-08-12T14:10:13Z	25575.00000	1555.05933	1538.03324	1524.94827
2025-08-12T14:10:14Z	25575.00000	1555.05927	1538.03373	1524.94828
2025-08-12T14:10:14Z	25575.00000	1555.05914	1538.03331	1524.94832
2025-08-12T14:10:14Z	25575.00000	1555.05888	1538.03314	1524.94824
2025-08-12T14:10:14Z	25575.00000	1555.05948	1538.03343	1524.94782
2025-08-12T14:10:14Z	25575.00000	1555.05870	1538.03266	1524.94820
2025-08-12T14:10:14Z	25576.00000	1555.05836	1538.03123	1524.94794
