Timestamp	Time [s]	WL 1[nm]	WL 2[nm]	WL 3[nm]	WL 4[nm]	WL 5[nm]	WL 6[nm]	WL 7[nm]	WL 8[nm]	
2025-09-11T08:08:34Z	708.00000	1559.32021	1542.30818	1529.31239
2025-09-11T08:08:35Z	708.00000	1559.32027	1542.30821	1529.31244
2025-09-11T08:08:35Z	708.00000	1559.32017	1542.30821	1529.31236
2025-09-11T08:08:35Z	708.00000	1559.32010	1542.30806	1529.31231
2025-09-11T08:08:35Z	708.00000	1559.32013	1542.30809	1529.31235
2025-09-11T08:08:35Z	708.00000	1559.32025	1542.30807	1529.31228
2025-09-11T08:08:35Z	708.00000	1559.32015	1542.30790	1529.31230
2025-09-11T08:08:35Z	708.00000	1559.32010	1542.30793	1529.31233
2025-09-11T08:08:35Z	708.00000	1559.32012	1542.30786	1529.31222
2025-09-11T08:08:35Z	708.00000	1559.32019	1542.30788	1529.31230
2025-09-11T08:08:35Z	709.00000	1559.32005	1542.30782	1529.31224
2025-09-11T08:08:36Z	709.00000	1559.32001	1542.30781	1529.31225
2025-09-11T08:08:36Z	709.00000	1559.32001	1542.30775	1529.31219
2025-09-11T08:08:36Z	709.00000	1559.32007	1542.30763	1529.31226
2025-09-11T08:08:36Z	709.00000	1559.32005	1542.30765	1529.31219
2025-09-11T08:08:36Z	709.00000	1559.31997	1542.30761	1529.31215
2025-09-11T08:08:36Z	709.00000	1559.32000	1542.30764	1529.31210
2025-09-11T08:08:36Z	709.00000	1559.32003	1542.30751	1529.31208
2025-09-11T08:08:36Z	709.00000	1559.31992	1542.30750	1529.31210
2025-09-11T08:08:36Z	709.00000	1559.32011	1542.30739	1529.31214
2025-09-11T08:08:36Z	710.00000	1559.31999	1542.30741	1529.31209
2025-09-11T08:08:37Z	710.00000	1559.31997	1542.30732	1529.31212
2025-09-11T08:08:37Z	710.00000	1559.32001	1542.30735	1529.31209
2025-09-11T08:08:37Z	710.00000	1559.32002	1542.30721	1529.31201
2025-09-11T08:08:37Z	710.00000	1559.31993	1542.30721	1529.31199
2025-09-11T08:08:37Z	710.00000	1559.31999	1542.30722	1529.31202
2025-09-11T08:08:37Z	710.00000	1559.31989	1542.30717	1529.31194
2025-09-11T08:08:37Z	710.00000	1559.31987	1542.30707	1529.31198
2025-09-11T08:08:37Z	710.00000	1559.31990	1542.30697	1529.31188
2025-09-11T08:08:37Z	711.00000	1559.31989	1542.30697	1529.31193
2025-09-11T08:08:38Z	711.00000	1559.31983	1542.30691	1529.31188
2025-09-11T08:08:38Z	711.00000	1559.31988	1542.30686	1529.31184
2025-09-11T08:08:38Z	711.00000	1559.31979	1542.30683	1529.31182
2025-09-11T08:08:38Z	711.00000	1559.31984	1542.30680	1529.31186
2025-09-11T08:08:38Z	711.00000	1559.31976	1542.30674	1529.31183
2025-09-11T08:08:38Z	711.00000	1559.31979	1542.30678	1529.31180
2025-09-11T08:08:38Z	711.00000	1559.31982	1542.30658	1529.31183
2025-09-11T08:08:38Z	711.00000	1559.31970	1542.30661	1529.31173
2025-09-11T08:08:38Z	711.00000	1559.31974	1542.30660	1529.31163
2025-09-11T08:08:38Z	712.00000	1559.31980	1542.30653	1529.31172
2025-09-11T08:08:39Z	712.00000	1559.31971	1542.30651	1529.31163
2025-09-11T08:08:39Z	712.00000	1559.31973	1542.30637	1529.31170
2025-09-11T08:08:39Z	712.00000	1559.31965	1542.30627	1529.31168
2025-09-11T08:08:39Z	712.00000	1559.31983	1542.30630	1529.31167
2025-09-11T08:08:39Z	712.00000	1559.31973	1542.30623	1529.31157
2025-09-11T08:08:39Z	712.00000	1559.31968	1542.30621	1529.31162
2025-09-11T08:08:39Z	713.00000	1559.31966	1542.30606	1529.31154
2025-09-11T08:08:40Z	713.00000	1559.31969	1542.30607	1529.31152
2025-09-11T08:08:40Z	713.00000	1559.31971	1542.30581	1529.31148
2025-09-11T08:08:40Z	713.00000	1559.31947	1542.30575	1529.31141
2025-09-11T08:08:41Z	714.00000	1559.31952	1542.30553	1529.31135
2025-09-11T08:08:41Z	714.00000	1559.31945	1542.30547	1529.31129
2025-09-11T08:08:41Z	714.00000	1559.31947	1542.30534	1529.31137
2025-09-11T08:08:41Z	714.00000	1559.31935	1542.30532	1529.31134
2025-09-11T08:08:42Z	715.00000	1559.31944	1542.30522	1529.31125
2025-09-11T08:08:42Z	715.00000	1559.31934	1542.30518	1529.31120
2025-09-11T08:08:42Z	715.00000	1559.31936	1542.30506	1529.31116
2025-09-11T08:08:42Z	715.00000	1559.31929	1542.30502	1529.31115
2025-09-11T08:08:42Z	715.00000	1559.31932	1542.30500	1529.31108
2025-09-11T08:08:42Z	715.00000	1559.31922	1542.30490	1529.31114
2025-09-11T08:08:42Z	716.00000	1559.31933	1542.30481	1529.31114
2025-09-11T08:08:43Z	716.00000	1559.31933	1542.30483	1529.31094
2025-09-11T08:08:43Z	716.00000	1559.31928	1542.30484	1529.31105
2025-09-11T08:08:43Z	716.00000	1559.31926	1542.30470	1529.31093
2025-09-11T08:08:43Z	716.00000	1559.31931	1542.30465	1529.31095
2025-09-11T08:08:43Z	716.00000	1559.31929	1542.30457	1529.31099
2025-09-11T08:08:43Z	716.00000	1559.31921	1542.30459	1529.31094
2025-09-11T08:08:43Z	716.00000	1559.31927	1542.30454	1529.31080
2025-09-11T08:08:43Z	716.00000	1559.31925	1542.30455	1529.31087
2025-09-11T08:08:43Z	716.00000	1559.31930	1542.30445	1529.31088
2025-09-11T08:08:43Z	717.00000	1559.31916	1542.30439	1529.31086
2025-09-11T08:08:44Z	717.00000	1559.31919	1542.30428	1529.31088
2025-09-11T08:08:44Z	717.00000	1559.31912	1542.30437	1529.31081
2025-09-11T08:08:44Z	717.00000	1559.31923	1542.30427	1529.31074
2025-09-11T08:08:44Z	717.00000	1559.31931	1542.30424	1529.31066
2025-09-11T08:08:44Z	717.00000	1559.31915	1542.30416	1529.31078
2025-09-11T08:08:44Z	717.00000	1559.31921	1542.30413	1529.31070
2025-09-11T08:08:44Z	717.00000	1559.31927	1542.30417	1529.31066
2025-09-11T08:08:44Z	717.00000	1559.31957	1542.30450	1529.31141
2025-09-11T08:08:44Z	717.00000	1559.31930	1542.30411	1529.31077
2025-09-11T08:08:44Z	718.00000	1559.31873	1542.30367	1529.31015
2025-09-11T08:08:45Z	718.00000	1559.31932	1542.30434	1529.31097
2025-09-11T08:08:45Z	718.00000	1559.31915	1542.30416	1529.31085
2025-09-11T08:08:45Z	718.00000	1559.31923	1542.30386	1529.31065
2025-09-11T08:08:45Z	718.00000	1559.31930	1542.30389	1529.31078
2025-09-11T08:08:45Z	718.00000	1559.31908	1542.30397	1529.31067
2025-09-11T08:08:45Z	718.00000	1559.31923	1542.30392	1529.31081
2025-09-11T08:08:45Z	718.00000	1559.31924	1542.30367	1529.31064
2025-09-11T08:08:45Z	718.00000	1559.31911	1542.30367	1529.31060
2025-09-11T08:08:45Z	718.00000	1559.31913	1542.30374	1529.31060
2025-09-11T08:08:45Z	719.00000	1559.31916	1542.30375	1529.31058
2025-09-11T08:08:46Z	719.00000	1559.31931	1542.30370	1529.31060
2025-09-11T08:08:46Z	719.00000	1559.31916	1542.30366	1529.31058
2025-09-11T08:08:46Z	719.00000	1559.31910	1542.30367	1529.31058
2025-09-11T08:08:46Z	719.00000	1559.31919	1542.30353	1529.31055
2025-09-11T08:08:46Z	719.00000	1559.31908	1542.30342	1529.31047
2025-09-11T08:08:46Z	719.00000	1559.31914	1542.30345	1529.31048
2025-09-11T08:08:46Z	719.00000	1559.31916	1542.30344	1529.31050
2025-09-11T08:08:46Z	719.00000	1559.31914	1542.30340	1529.31051
2025-09-11T08:08:46Z	719.00000	1559.31908	1542.30345	1529.31051
2025-09-11T08:08:46Z	720.00000	1559.31904	1542.30338	1529.31038
2025-09-11T08:08:47Z	720.00000	1559.31905	1542.30334	1529.31043
2025-09-11T08:08:47Z	720.00000	1559.31914	1542.30318	1529.31042
2025-09-11T08:08:47Z	720.00000	1559.31900	1542.30325	1529.31035
2025-09-11T08:08:47Z	720.00000	1559.31905	1542.30327	1529.31033
2025-09-11T08:08:47Z	720.00000	1559.31906	1542.30305	1529.31035
2025-09-11T08:08:47Z	720.00000	1559.31913	1542.30310	1529.31041
2025-09-11T08:08:47Z	720.00000	1559.31892	1542.30303	1529.31039
2025-09-11T08:08:47Z	720.00000	1559.31897	1542.30301	1529.31028
2025-09-11T08:08:47Z	720.00000	1559.31900	1542.30293	1529.31026
2025-09-11T08:08:47Z	721.00000	1559.31894	1542.30295	1529.31028
2025-09-11T08:08:48Z	721.00000	1559.31897	1542.30294	1529.31026
2025-09-11T08:08:48Z	721.00000	1559.31894	1542.30284	1529.31028
2025-09-11T08:08:48Z	721.00000	1559.31894	1542.30279	1529.31025
2025-09-11T08:08:48Z	721.00000	1559.31895	1542.30278	1529.31022
2025-09-11T08:08:48Z	721.00000	1559.31902	1542.30280	1529.31020
2025-09-11T08:08:48Z	721.00000	1559.31890	1542.30280	1529.31010
2025-09-11T08:08:48Z	721.00000	1559.31886	1542.30277	1529.31022
2025-09-11T08:08:48Z	721.00000	1559.31892	1542.30270	1529.31027
2025-09-11T08:08:48Z	721.00000	1559.31901	1542.30258	1529.31012
2025-09-11T08:08:48Z	722.00000	1559.31888	1542.30268	1529.31015
2025-09-11T08:08:49Z	722.00000	1559.31886	1542.30260	1529.31018
2025-09-11T08:08:49Z	722.00000	1559.31885	1542.30239	1529.31012
2025-09-11T08:08:49Z	722.00000	1559.31881	1542.30234	1529.31003
2025-09-11T08:08:49Z	722.00000	1559.31882	1542.30246	1529.31007
2025-09-11T08:08:49Z	722.00000	1559.31887	1542.30229	1529.31005
2025-09-11T08:08:49Z	722.00000	1559.31875	1542.30245	1529.31000
2025-09-11T08:08:49Z	722.00000	1559.31878	1542.30232	1529.31001
2025-09-11T08:08:49Z	722.00000	1559.31887	1542.30224	1529.30991
2025-09-11T08:08:49Z	722.00000	1559.31879	1542.30227	1529.30998
2025-09-11T08:08:49Z	723.00000	1559.31870	1542.30214	1529.30990
2025-09-11T08:08:50Z	723.00000	1559.31871	1542.30222	1529.31002
2025-09-11T08:08:50Z	723.00000	1559.31878	1542.30210	1529.30988
2025-09-11T08:08:50Z	723.00000	1559.31878	1542.30211	1529.30992
2025-09-11T08:08:50Z	723.00000	1559.31877	1542.30204	1529.30988
2025-09-11T08:08:50Z	723.00000	1559.31868	1542.30200	1529.30982
2025-09-11T08:08:50Z	723.00000	1559.31876	1542.30197	1529.30987
2025-09-11T08:08:50Z	723.00000	1559.31876	1542.30196	1529.30989
2025-09-11T08:08:50Z	723.00000	1559.31874	1542.30188	1529.30980
2025-09-11T08:08:50Z	723.00000	1559.31871	1542.30191	1529.30988
2025-09-11T08:08:50Z	724.00000	1559.31872	1542.30187	1529.30988
2025-09-11T08:08:51Z	724.00000	1559.31863	1542.30180	1529.30975
2025-09-11T08:08:51Z	724.00000	1559.31857	1542.30177	1529.30967
2025-09-11T08:08:51Z	724.00000	1559.31872	1542.30171	1529.30967
2025-09-11T08:08:51Z	724.00000	1559.31855	1542.30169	1529.30963
2025-09-11T08:08:51Z	724.00000	1559.31863	1542.30163	1529.30971
2025-09-11T08:08:51Z	724.00000	1559.31868	1542.30149	1529.30957
2025-09-11T08:08:51Z	724.00000	1559.31849	1542.30150	1529.30957
2025-09-11T08:08:51Z	724.00000	1559.31847	1542.30148	1529.30956
2025-09-11T08:08:51Z	724.00000	1559.31860	1542.30138	1529.30958
2025-09-11T08:08:51Z	725.00000	1559.31847	1542.30137	1529.30953
2025-09-11T08:08:52Z	725.00000	1559.31853	1542.30134	1529.30951
2025-09-11T08:08:52Z	725.00000	1559.31848	1542.30131	1529.30966
2025-09-11T08:08:52Z	725.00000	1559.31852	1542.30117	1529.30937
2025-09-11T08:08:52Z	725.00000	1559.31848	1542.30115	1529.30960
2025-09-11T08:08:52Z	725.00000	1559.31852	1542.30116	1529.30951
2025-09-11T08:08:52Z	725.00000	1559.31837	1542.30105	1529.30943
2025-09-11T08:08:52Z	725.00000	1559.31846	1542.30108	1529.30944
2025-09-11T08:08:52Z	725.00000	1559.31838	1542.30097	1529.30935
2025-09-11T08:08:52Z	725.00000	1559.31843	1542.30097	1529.30938
2025-09-11T08:08:52Z	726.00000	1559.31830	1542.30099	1529.30943
2025-09-11T08:08:53Z	726.00000	1559.31843	1542.30098	1529.30936
2025-09-11T08:08:53Z	726.00000	1559.31838	1542.30078	1529.30939
2025-09-11T08:08:53Z	726.00000	1559.31822	1542.30077	1529.30940
2025-09-11T08:08:53Z	726.00000	1559.31828	1542.30069	1529.30935
2025-09-11T08:08:53Z	726.00000	1559.31818	1542.30064	1529.30933
2025-09-11T08:08:53Z	726.00000	1559.31819	1542.30065	1529.30935
2025-09-11T08:08:53Z	726.00000	1559.31820	1542.30054	1529.30932
2025-09-11T08:08:53Z	726.00000	1559.31828	1542.30049	1529.30914
2025-09-11T08:08:53Z	726.00000	1559.31820	1542.30040	1529.30921
2025-09-11T08:08:53Z	727.00000	1559.31820	1542.30041	1529.30924
2025-09-11T08:08:54Z	727.00000	1559.31823	1542.30033	1529.30918
2025-09-11T08:08:54Z	727.00000	1559.31820	1542.30030	1529.30920
2025-09-11T08:08:54Z	727.00000	1559.31821	1542.30022	1529.30914
2025-09-11T08:08:54Z	727.00000	1559.31809	1542.30017	1529.30916
2025-09-11T08:08:54Z	727.00000	1559.31812	1542.30006	1529.30906
2025-09-11T08:08:54Z	727.00000	1559.31824	1542.29998	1529.30914
2025-09-11T08:08:54Z	727.00000	1559.31816	1542.30004	1529.30907
2025-09-11T08:08:54Z	727.00000	1559.31811	1542.29997	1529.30905
2025-09-11T08:08:54Z	727.00000	1559.31809	1542.30001	1529.30909
2025-09-11T08:08:54Z	728.00000	1559.31806	1542.29986	1529.30900
2025-09-11T08:08:55Z	728.00000	1559.31806	1542.29982	1529.30910
2025-09-11T08:08:55Z	728.00000	1559.31810	1542.29981	1529.30892
2025-09-11T08:08:55Z	728.00000	1559.31795	1542.29980	1529.30896
2025-09-11T08:08:55Z	728.00000	1559.31799	1542.29970	1529.30887
2025-09-11T08:08:55Z	728.00000	1559.31790	1542.29955	1529.30882
2025-09-11T08:08:55Z	728.00000	1559.31798	1542.29961	1529.30893
2025-09-11T08:08:55Z	728.00000	1559.31801	1542.29961	1529.30888
2025-09-11T08:08:55Z	728.00000	1559.31794	1542.29953	1529.30881
2025-09-11T08:08:55Z	728.00000	1559.31789	1542.29950	1529.30872
2025-09-11T08:08:55Z	729.00000	1559.31809	1542.29948	1529.30874
2025-09-11T08:08:56Z	729.00000	1559.31797	1542.29938	1529.30878
2025-09-11T08:08:56Z	729.00000	1559.31791	1542.29934	1529.30863
2025-09-11T08:08:56Z	729.00000	1559.31791	1542.29940	1529.30868
2025-09-11T08:08:56Z	729.00000	1559.31793	1542.29933	1529.30870
2025-09-11T08:08:56Z	729.00000	1559.31786	1542.29926	1529.30870
2025-09-11T08:08:56Z	729.00000	1559.31792	1542.29922	1529.30871
2025-09-11T08:08:56Z	729.00000	1559.31787	1542.29918	1529.30861
2025-09-11T08:08:56Z	729.00000	1559.31802	1542.29917	1529.30865
2025-09-11T08:08:56Z	729.00000	1559.31791	1542.29906	1529.30845
2025-09-11T08:08:56Z	730.00000	1559.31789	1542.29900	1529.30857
2025-09-11T08:08:57Z	730.00000	1559.31787	1542.29900	1529.30865
2025-09-11T08:08:57Z	730.00000	1559.31786	1542.29901	1529.30868
2025-09-11T08:08:57Z	730.00000	1559.31788	1542.29898	1529.30858
2025-09-11T08:08:57Z	730.00000	1559.31778	1542.29905	1529.30840
2025-09-11T08:08:57Z	730.00000	1559.31783	1542.29892	1529.30848
2025-09-11T08:08:57Z	730.00000	1559.31767	1542.29886	1529.30851
2025-09-11T08:08:57Z	730.00000	1559.31778	1542.29879	1529.30844
2025-09-11T08:08:57Z	730.00000	1559.31779	1542.29887	1529.30843
2025-09-11T08:08:57Z	730.00000	1559.31768	1542.29876	1529.30839
2025-09-11T08:08:57Z	731.00000	1559.31781	1542.29869	1529.30846
2025-09-11T08:08:58Z	731.00000	1559.31776	1542.29872	1529.30843
2025-09-11T08:08:58Z	731.00000	1559.31768	1542.29864	1529.30842
2025-09-11T08:08:58Z	731.00000	1559.31775	1542.29861	1529.30840
2025-09-11T08:08:58Z	731.00000	1559.31767	1542.29862	1529.30845
2025-09-11T08:08:58Z	731.00000	1559.31766	1542.29854	1529.30831
2025-09-11T08:08:58Z	731.00000	1559.31776	1542.29849	1529.30838
2025-09-11T08:08:58Z	731.00000	1559.31768	1542.29846	1529.30833
2025-09-11T08:08:58Z	731.00000	1559.31769	1542.29835	1529.30836
2025-09-11T08:08:58Z	731.00000	1559.31775	1542.29837	1529.30818
2025-09-11T08:08:58Z	732.00000	1559.31768	1542.29835	1529.30825
2025-09-11T08:08:59Z	732.00000	1559.31772	1542.29837	1529.30826
2025-09-11T08:08:59Z	732.00000	1559.31767	1542.29824	1529.30812
2025-09-11T08:08:59Z	732.00000	1559.31765	1542.29824	1529.30819
2025-09-11T08:08:59Z	732.00000	1559.31756	1542.29828	1529.30820
2025-09-11T08:08:59Z	732.00000	1559.31767	1542.29813	1529.30817
2025-09-11T08:08:59Z	732.00000	1559.31769	1542.29797	1529.30812
2025-09-11T08:08:59Z	732.00000	1559.31761	1542.29803	1529.30810
2025-09-11T08:08:59Z	732.00000	1559.31751	1542.29800	1529.30812
2025-09-11T08:08:59Z	732.00000	1559.31769	1542.29794	1529.30803
2025-09-11T08:08:59Z	733.00000	1559.31759	1542.29793	1529.30809
2025-09-11T08:09:00Z	733.00000	1559.31751	1542.29786	1529.30809
2025-09-11T08:09:00Z	733.00000	1559.31763	1542.29789	1529.30803
2025-09-11T08:09:00Z	733.00000	1559.31758	1542.29789	1529.30807
2025-09-11T08:09:00Z	733.00000	1559.31755	1542.29775	1529.30796
2025-09-11T08:09:00Z	733.00000	1559.31750	1542.29774	1529.30798
2025-09-11T08:09:00Z	733.00000	1559.31763	1542.29765	1529.30799
2025-09-11T08:09:00Z	733.00000	1559.31756	1542.29768	1529.30799
2025-09-11T08:09:00Z	733.00000	1559.31757	1542.29769	1529.30792
2025-09-11T08:09:00Z	733.00000	1559.31757	1542.29771	1529.30792
2025-09-11T08:09:00Z	734.00000	1559.31756	1542.29762	1529.30804
2025-09-11T08:09:01Z	734.00000	1559.31748	1542.29753	1529.30795
2025-09-11T08:09:01Z	734.00000	1559.31735	1542.29750	1529.30785
2025-09-11T08:09:01Z	734.00000	1559.31734	1542.29744	1529.30784
2025-09-11T08:09:01Z	734.00000	1559.31743	1542.29733	1529.30777
2025-09-11T08:09:01Z	734.00000	1559.31739	1542.29738	1529.30780
2025-09-11T08:09:01Z	734.00000	1559.31741	1542.29727	1529.30782
2025-09-11T08:09:01Z	734.00000	1559.31742	1542.29717	1529.30782
2025-09-11T08:09:01Z	734.00000	1559.31725	1542.29716	1529.30769
2025-09-11T08:09:01Z	734.00000	1559.31739	1542.29704	1529.30772
2025-09-11T08:09:01Z	735.00000	1559.31728	1542.29706	1529.30770
2025-09-11T08:09:02Z	735.00000	1559.31734	1542.29693	1529.30777
2025-09-11T08:09:02Z	735.00000	1559.31728	1542.29698	1529.30765
2025-09-11T08:09:02Z	735.00000	1559.31709	1542.29681	1529.30776
2025-09-11T08:09:02Z	735.00000	1559.31725	1542.29677	1529.30764
2025-09-11T08:09:02Z	735.00000	1559.31717	1542.29668	1529.30759
2025-09-11T08:09:02Z	735.00000	1559.31723	1542.29660	1529.30755
2025-09-11T08:09:02Z	735.00000	1559.31708	1542.29660	1529.30750
2025-09-11T08:09:02Z	735.00000	1559.31718	1542.29662	1529.30746
2025-09-11T08:09:02Z	735.00000	1559.31707	1542.29649	1529.30752
2025-09-11T08:09:02Z	736.00000	1559.31713	1542.29650	1529.30742
2025-09-11T08:09:03Z	736.00000	1559.31700	1542.29650	1529.30749
2025-09-11T08:09:03Z	736.00000	1559.31705	1542.29641	1529.30745
2025-09-11T08:09:03Z	736.00000	1559.31707	1542.29631	1529.30746
2025-09-11T08:09:03Z	736.00000	1559.31703	1542.29631	1529.30746
2025-09-11T08:09:03Z	736.00000	1559.31692	1542.29622	1529.30732
2025-09-11T08:09:03Z	736.00000	1559.31688	1542.29625	1529.30744
2025-09-11T08:09:03Z	736.00000	1559.31695	1542.29621	1529.30732
2025-09-11T08:09:03Z	736.00000	1559.31695	1542.29611	1529.30733
2025-09-11T08:09:03Z	736.00000	1559.31687	1542.29609	1529.30721
2025-09-11T08:09:03Z	737.00000	1559.31704	1542.29607	1529.30736
2025-09-11T08:09:04Z	737.00000	1559.31687	1542.29604	1529.30729
2025-09-11T08:09:04Z	737.00000	1559.31695	1542.29598	1529.30724
2025-09-11T08:09:04Z	737.00000	1559.31698	1542.29582	1529.30724
2025-09-11T08:09:04Z	737.00000	1559.31690	1542.29590	1529.30728
2025-09-11T08:09:04Z	737.00000	1559.31692	1542.29582	1529.30722
2025-09-11T08:09:04Z	737.00000	1559.31685	1542.29576	1529.30714
2025-09-11T08:09:04Z	737.00000	1559.31675	1542.29580	1529.30721
2025-09-11T08:09:04Z	737.00000	1559.31687	1542.29568	1529.30714
2025-09-11T08:09:04Z	738.00000	1559.31676	1542.29561	1529.30706
2025-09-11T08:09:05Z	738.00000	1559.31673	1542.29553	1529.30707
2025-09-11T08:09:05Z	738.00000	1559.31675	1542.29554	1529.30710
2025-09-11T08:09:05Z	738.00000	1559.31690	1542.29552	1529.30713
2025-09-11T08:09:05Z	738.00000	1559.31678	1542.29543	1529.30703
2025-09-11T08:09:05Z	738.00000	1559.31672	1542.29538	1529.30700
2025-09-11T08:09:05Z	738.00000	1559.31679	1542.29524	1529.30702
2025-09-11T08:09:05Z	738.00000	1559.31672	1542.29531	1529.30707
2025-09-11T08:09:05Z	738.00000	1559.31671	1542.29523	1529.30700
2025-09-11T08:09:05Z	738.00000	1559.31678	1542.29519	1529.30695
2025-09-11T08:09:05Z	739.00000	1559.31666	1542.29512	1529.30699
2025-09-11T08:09:06Z	739.00000	1559.31655	1542.29519	1529.30681
2025-09-11T08:09:06Z	739.00000	1559.31669	1542.29510	1529.30693
2025-09-11T08:09:06Z	739.00000	1559.31671	1542.29502	1529.30695
2025-09-11T08:09:06Z	739.00000	1559.31658	1542.29497	1529.30690
2025-09-11T08:09:06Z	739.00000	1559.31661	1542.29488	1529.30681
2025-09-11T08:09:06Z	739.00000	1559.31658	1542.29490	1529.30679
2025-09-11T08:09:06Z	739.00000	1559.31658	1542.29479	1529.30676
2025-09-11T08:09:06Z	739.00000	1559.31657	1542.29483	1529.30681
2025-09-11T08:09:06Z	739.00000	1559.31648	1542.29473	1529.30683
2025-09-11T08:09:06Z	740.00000	1559.31644	1542.29466	1529.30680
2025-09-11T08:09:07Z	740.00000	1559.31664	1542.29473	1529.30668
2025-09-11T08:09:07Z	740.00000	1559.31645	1542.29465	1529.30664
2025-09-11T08:09:07Z	740.00000	1559.31649	1542.29460	1529.30671
2025-09-11T08:09:07Z	740.00000	1559.31653	1542.29453	1529.30674
2025-09-11T08:09:07Z	740.00000	1559.31639	1542.29449	1529.30667
2025-09-11T08:09:07Z	740.00000	1559.31635	1542.29436	1529.30676
2025-09-11T08:09:07Z	740.00000	1559.31642	1542.29448	1529.30666
2025-09-11T08:09:07Z	740.00000	1559.31644	1542.29429	1529.30650
2025-09-11T08:09:07Z	740.00000	1559.31645	1542.29435	1529.30657
2025-09-11T08:09:07Z	741.00000	1559.31644	1542.29427	1529.30663
2025-09-11T08:09:08Z	741.00000	1559.31630	1542.29422	1529.30641
2025-09-11T08:09:08Z	741.00000	1559.31626	1542.29414	1529.30647
2025-09-11T08:09:08Z	741.00000	1559.31622	1542.29401	1529.30656
2025-09-11T08:09:08Z	741.00000	1559.31609	1542.29392	1529.30643
2025-09-11T08:09:08Z	741.00000	1559.31624	1542.29387	1529.30631
2025-09-11T08:09:08Z	742.00000	1559.31618	1542.29377	1529.30647
2025-09-11T08:09:09Z	742.00000	1559.31606	1542.29361	1529.30635
2025-09-11T08:09:09Z	742.00000	1559.31396	1542.28964	1529.30027
2025-09-11T08:09:09Z	742.00000	1559.31734	1542.29307	1529.30546
2025-09-11T08:09:09Z	742.00000	1559.31499	1542.29488	1529.31172
2025-09-11T08:09:09Z	742.00000	1559.31135	1542.28499	1529.29528
2025-09-11T08:09:09Z	742.00000	1559.31050	1542.28505	1529.29615
2025-09-11T08:09:10Z	743.00000	1559.31097	1542.28604	1529.29516
2025-09-11T08:09:10Z	743.00000	1559.31135	1542.28621	1529.29428
2025-09-11T08:09:10Z	743.00000	1559.31098	1542.28490	1529.29292
2025-09-11T08:09:10Z	743.00000	1559.30991	1542.28407	1529.29311
2025-09-11T08:09:10Z	743.00000	1559.31001	1542.28703	1529.29870
2025-09-11T08:09:10Z	743.00000	1559.30863	1542.28562	1529.29650
2025-09-11T08:09:10Z	743.00000	1559.30760	1542.28320	1529.29146
2025-09-11T08:09:10Z	743.00000	1559.30951	1542.28771	1529.30141
2025-09-11T08:09:10Z	744.00000	1559.30917	1542.28735	1529.30107
2025-09-11T08:09:11Z	744.00000	1559.30861	1542.28761	1529.30169
2025-09-11T08:09:11Z	744.00000	1559.30734	1542.28762	1529.30326
2025-09-11T08:09:11Z	744.00000	1559.30769	1542.28823	1529.30446
2025-09-11T08:09:11Z	744.00000	1559.30711	1542.28820	1529.30587
2025-09-11T08:09:11Z	744.00000	1559.30530	1542.28742	1529.30630
2025-09-11T08:09:11Z	744.00000	1559.30383	1542.28858	1529.31039
2025-09-11T08:09:11Z	744.00000	1559.29914	1542.28702	1529.31132
2025-09-11T08:09:11Z	744.00000	1559.29716	1542.28598	1529.31094
2025-09-11T08:09:11Z	744.00000	1559.29573	1542.28624	1529.31300
2025-09-11T08:09:11Z	745.00000	1559.29638	1542.28623	1529.31223
2025-09-11T08:09:12Z	745.00000	1559.29725	1542.28733	1529.31374
2025-09-11T08:09:12Z	745.00000	1559.29801	1542.28718	1529.31262
2025-09-11T08:09:12Z	745.00000	1559.29666	1542.28592	1529.31057
2025-09-11T08:09:12Z	745.00000	1559.29493	1542.28559	1529.31169
2025-09-11T08:09:12Z	745.00000	1559.29468	1542.28625	1529.31361
2025-09-11T08:09:12Z	745.00000	1559.29328	1542.28596	1529.31481
2025-09-11T08:09:12Z	745.00000	1559.29159	1542.28533	1529.31540
2025-09-11T08:09:12Z	745.00000	1559.29284	1542.28490	1529.31383
2025-09-11T08:09:12Z	745.00000	1559.29393	1542.28543	1529.31415
2025-09-11T08:09:13Z	746.00000	1559.29515	1542.28536	1529.31298
2025-09-11T08:09:13Z	746.00000	1559.29488	1542.28559	1529.31374
2025-09-11T08:09:13Z	746.00000	1559.29553	1542.28554	1529.31346
2025-09-11T08:09:13Z	746.00000	1559.29553	1542.28517	1529.31279
2025-09-11T08:09:13Z	746.00000	1559.29714	1542.28587	1529.31277
2025-09-11T08:09:13Z	746.00000	1559.29814	1542.28522	1529.31036
2025-09-11T08:09:13Z	746.00000	1559.29879	1542.28548	1529.31089
2025-09-11T08:09:13Z	746.00000	1559.29949	1542.28599	1529.31123
2025-09-11T08:09:13Z	746.00000	1559.29953	1542.28571	1529.31049
2025-09-11T08:09:13Z	747.00000	1559.30063	1542.28496	1529.30789
2025-09-11T08:09:14Z	747.00000	1559.30158	1542.28517	1529.30683
2025-09-11T08:09:14Z	747.00000	1559.30355	1542.28664	1529.30837
2025-09-11T08:09:14Z	747.00000	1559.30459	1542.28527	1529.30403
2025-09-11T08:09:14Z	747.00000	1559.30527	1542.28564	1529.30449
2025-09-11T08:09:14Z	747.00000	1559.30634	1542.28561	1529.30365
2025-09-11T08:09:14Z	747.00000	1559.30719	1542.28618	1529.30358
2025-09-11T08:09:14Z	747.00000	1559.30594	1542.28567	1529.30448
2025-09-11T08:09:14Z	747.00000	1559.30541	1542.28477	1529.30268
2025-09-11T08:09:14Z	747.00000	1559.30514	1542.28548	1529.30483
2025-09-11T08:09:14Z	748.00000	1559.30471	1542.28470	1529.30396
2025-09-11T08:09:15Z	748.00000	1559.30361	1542.28545	1529.30734
2025-09-11T08:09:15Z	748.00000	1559.30423	1542.28580	1529.30744
2025-09-11T08:09:15Z	748.00000	1559.30262	1542.28439	1529.30663
2025-09-11T08:09:15Z	748.00000	1559.30072	1542.28436	1529.30890
2025-09-11T08:09:15Z	748.00000	1559.29840	1542.28393	1529.30989
2025-09-11T08:09:15Z	748.00000	1559.29923	1542.28435	1529.31043
2025-09-11T08:09:15Z	748.00000	1559.29824	1542.28328	1529.31094
2025-09-11T08:09:15Z	748.00000	1559.29883	1542.28348	1529.30906
2025-09-11T08:09:15Z	748.00000	1559.30248	1542.28487	1529.30892
2025-09-11T08:09:15Z	749.00000	1559.30342	1542.28511	1529.30855
2025-09-11T08:09:16Z	749.00000	1559.30512	1542.28366	1529.30407
2025-09-11T08:09:16Z	749.00000	1559.30716	1542.28427	1529.30414
2025-09-11T08:09:16Z	749.00000	1559.30885	1542.28502	1529.30417
2025-09-11T08:09:16Z	749.00000	1559.31000	1542.28392	1529.29948
2025-09-11T08:09:16Z	749.00000	1559.31020	1542.28436	1529.30116
2025-09-11T08:09:16Z	749.00000	1559.31205	1542.28750	1529.30512
2025-09-11T08:09:16Z	749.00000	1559.31320	1542.28836	1529.30666
2025-09-11T08:09:16Z	749.00000	1559.31460	1542.29052	1529.30976
2025-09-11T08:09:16Z	749.00000	1559.31622	1542.29278	1529.31281
2025-09-11T08:09:16Z	750.00000	1559.31763	1542.29370	1529.31348
2025-09-11T08:09:17Z	750.00000	1559.31810	1542.29358	1529.31327
2025-09-11T08:09:17Z	750.00000	1559.31700	1542.29216	1529.31112
2025-09-11T08:09:17Z	750.00000	1559.31677	1542.29181	1529.31042
2025-09-11T08:09:17Z	750.00000	1559.31679	1542.29203	1529.31030
2025-09-11T08:09:17Z	750.00000	1559.31706	1542.29255	1529.31129
2025-09-11T08:09:17Z	750.00000	1559.31742	1542.29277	1529.31163
2025-09-11T08:09:17Z	750.00000	1559.31741	1542.29244	1529.31103
2025-09-11T08:09:17Z	750.00000	1559.31734	1542.29223	1529.31098
2025-09-11T08:09:17Z	751.00000	1559.31811	1542.29307	1529.31226
2025-09-11T08:09:18Z	751.00000	1559.31725	1542.29225	1529.31101
2025-09-11T08:09:18Z	751.00000	1559.31767	1542.29301	1529.31197
2025-09-11T08:09:18Z	751.00000	1559.31802	1542.29331	1529.31262
2025-09-11T08:09:18Z	751.00000	1559.31775	1542.29096	1529.30926
2025-09-11T08:09:18Z	751.00000	1559.31739	1542.29120	1529.30943
2025-09-11T08:09:18Z	751.00000	1559.31585	1542.29175	1529.31163
2025-09-11T08:09:18Z	751.00000	1559.31552	1542.29081	1529.31059
2025-09-11T08:09:18Z	751.00000	1559.31538	1542.28893	1529.30711
2025-09-11T08:09:18Z	752.00000	1559.31221	1542.28328	1529.29752
2025-09-11T08:09:19Z	752.00000	1559.31299	1542.28554	1529.30113
2025-09-11T08:09:19Z	752.00000	1559.31125	1542.28145	1529.29431
2025-09-11T08:09:19Z	752.00000	1559.31274	1542.28509	1529.30023
2025-09-11T08:09:19Z	752.00000	1559.31478	1542.28875	1529.30629
2025-09-11T08:09:19Z	752.00000	1559.31495	1542.28915	1529.30720
2025-09-11T08:09:19Z	752.00000	1559.31593	1542.29104	1529.31044
2025-09-11T08:09:19Z	752.00000	1559.31593	1542.29142	1529.31123
2025-09-11T08:09:19Z	752.00000	1559.31576	1542.29125	1529.31104
2025-09-11T08:09:19Z	752.00000	1559.31606	1542.29206	1529.31279
2025-09-11T08:09:19Z	753.00000	1559.31570	1542.29124	1529.31119
2025-09-11T08:09:20Z	753.00000	1559.31444	1542.28946	1529.30817
2025-09-11T08:09:20Z	753.00000	1559.31473	1542.29067	1529.31047
2025-09-11T08:09:20Z	753.00000	1559.31497	1542.29132	1529.31168
2025-09-11T08:09:20Z	753.00000	1559.31568	1542.29268	1529.31405
2025-09-11T08:09:20Z	753.00000	1559.31545	1542.29263	1529.31409
2025-09-11T08:09:20Z	753.00000	1559.31556	1542.29306	1529.31448
2025-09-11T08:09:20Z	753.00000	1559.31559	1542.29292	1529.31450
2025-09-11T08:09:20Z	753.00000	1559.31559	1542.29298	1529.31454
2025-09-11T08:09:20Z	754.00000	1559.31554	1542.29298	1529.31455
2025-09-11T08:09:21Z	754.00000	1559.31552	1542.29294	1529.31460
2025-09-11T08:09:21Z	754.00000	1559.31564	1542.29291	1529.31457
2025-09-11T08:09:21Z	754.00000	1559.31539	1542.29290	1529.31464
2025-09-11T08:09:21Z	754.00000	1559.31554	1542.29276	1529.31454
2025-09-11T08:09:21Z	754.00000	1559.31550	1542.29283	1529.31463
2025-09-11T08:09:21Z	754.00000	1559.31552	1542.29275	1529.31462
2025-09-11T08:09:21Z	754.00000	1559.31557	1542.29267	1529.31467
2025-09-11T08:09:21Z	754.00000	1559.31544	1542.29269	1529.31466
2025-09-11T08:09:21Z	754.00000	1559.31543	1542.29268	1529.31470
2025-09-11T08:09:21Z	755.00000	1559.31537	1542.29259	1529.31476
2025-09-11T08:09:22Z	755.00000	1559.31549	1542.29252	1529.31463
2025-09-11T08:09:22Z	755.00000	1559.31547	1542.29249	1529.31469
2025-09-11T08:09:22Z	755.00000	1559.31541	1542.29249	1529.31473
2025-09-11T08:09:22Z	755.00000	1559.31550	1542.29230	1529.31471
2025-09-11T08:09:22Z	755.00000	1559.31538	1542.29243	1529.31474
2025-09-11T08:09:22Z	755.00000	1559.31549	1542.29234	1529.31477
2025-09-11T08:09:22Z	755.00000	1559.31552	1542.29231	1529.31475
2025-09-11T08:09:22Z	755.00000	1559.31551	1542.29219	1529.31470
2025-09-11T08:09:22Z	755.00000	1559.31536	1542.29223	1529.31474
2025-09-11T08:09:22Z	756.00000	1559.31542	1542.29217	1529.31481
2025-09-11T08:09:23Z	756.00000	1559.31550	1542.29208	1529.31478
2025-09-11T08:09:23Z	756.00000	1559.31537	1542.29209	1529.31483
2025-09-11T08:09:23Z	756.00000	1559.31542	1542.29206	1529.31480
2025-09-11T08:09:23Z	756.00000	1559.31545	1542.29199	1529.31479
2025-09-11T08:09:23Z	756.00000	1559.31545	1542.29191	1529.31484
2025-09-11T08:09:23Z	756.00000	1559.31542	1542.29195	1529.31483
2025-09-11T08:09:23Z	756.00000	1559.31541	1542.29187	1529.31479
2025-09-11T08:09:23Z	756.00000	1559.31540	1542.29179	1529.31492
2025-09-11T08:09:23Z	756.00000	1559.31549	1542.29168	1529.31474
2025-09-11T08:09:23Z	757.00000	1559.31529	1542.29175	1529.31489
2025-09-11T08:09:24Z	757.00000	1559.31539	1542.29162	1529.31485
2025-09-11T08:09:24Z	757.00000	1559.31541	1542.29165	1529.31487
2025-09-11T08:09:24Z	757.00000	1559.31546	1542.29161	1529.31482
2025-09-11T08:09:24Z	757.00000	1559.31541	1542.29161	1529.31484
2025-09-11T08:09:24Z	757.00000	1559.31532	1542.29144	1529.31484
2025-09-11T08:09:24Z	757.00000	1559.31532	1542.29150	1529.31490
2025-09-11T08:09:24Z	757.00000	1559.31536	1542.29142	1529.31491
2025-09-11T08:09:24Z	757.00000	1559.31534	1542.29145	1529.31475
2025-09-11T08:09:24Z	757.00000	1559.31541	1542.29138	1529.31488
2025-09-11T08:09:24Z	758.00000	1559.31548	1542.29132	1529.31491
2025-09-11T08:09:25Z	758.00000	1559.31534	1542.29134	1529.31490
2025-09-11T08:09:25Z	758.00000	1559.31526	1542.29132	1529.31497
2025-09-11T08:09:25Z	758.00000	1559.31534	1542.29122	1529.31484
2025-09-11T08:09:25Z	758.00000	1559.31528	1542.29123	1529.31482
2025-09-11T08:09:25Z	758.00000	1559.31535	1542.29118	1529.31487
2025-09-11T08:09:25Z	758.00000	1559.31538	1542.29108	1529.31475
2025-09-11T08:09:25Z	758.00000	1559.31527	1542.29113	1529.31479
2025-09-11T08:09:25Z	758.00000	1559.31529	1542.29117	1529.31484
2025-09-11T08:09:25Z	758.00000	1559.31533	1542.29108	1529.31478
2025-09-11T08:09:25Z	759.00000	1559.31543	1542.29111	1529.31481
2025-09-11T08:09:26Z	759.00000	1559.31534	1542.29097	1529.31471
2025-09-11T08:09:26Z	759.00000	1559.31533	1542.29096	1529.31474
2025-09-11T08:09:26Z	759.00000	1559.31520	1542.29096	1529.31471
2025-09-11T08:09:26Z	759.00000	1559.31525	1542.29097	1529.31475
2025-09-11T08:09:26Z	759.00000	1559.31531	1542.29098	1529.31472
2025-09-11T08:09:26Z	759.00000	1559.48561	1542.63212	1529.50496
2025-09-11T08:09:26Z	759.00000	1559.63881	1542.94401	1529.67504
2025-09-11T08:09:26Z	759.00000	1559.78549	1543.24777	1529.84692
2025-09-11T08:09:26Z	759.00000	1559.95904	1543.62343	1530.04843
2025-09-11T08:09:26Z	760.00000	1560.10135	1543.93154	1530.21001
2025-09-11T08:09:27Z	760.00000	1560.23202	1544.21721	1530.36233
2025-09-11T08:09:27Z	760.00000	1560.36745	1544.51122	1530.51879
2025-09-11T08:09:27Z	760.00000	1560.48464	1544.76818	1530.65577
2025-09-11T08:09:27Z	760.00000	1560.60298	1545.02099	1530.79183
2025-09-11T08:09:27Z	760.00000	1560.73199	1545.30109	1530.93939
2025-09-11T08:09:27Z	760.00000	1560.84048	1545.53417	1531.06240
2025-09-11T08:09:27Z	760.00000	1560.94165	1545.74814	1531.17570
2025-09-11T08:09:27Z	760.00000	1561.06229	1546.00556	1531.31261
2025-09-11T08:09:27Z	760.00000	1561.15712	1546.20564	1531.42035
2025-09-11T08:09:27Z	761.00000	1561.24616	1546.39494	1531.51986
2025-09-11T08:09:28Z	761.00000	1561.34422	1546.62199	1531.63964
2025-09-11T08:09:28Z	761.00000	1561.42050	1546.79177	1531.72969
2025-09-11T08:09:28Z	761.00000	1561.48739	1546.94244	1531.80950
2025-09-11T08:09:28Z	761.00000	1561.55912	1547.11068	1531.90000
2025-09-11T08:09:28Z	761.00000	1561.61381	1547.24267	1531.97171
2025-09-11T08:09:28Z	761.00000	1561.66994	1547.37806	1532.04428
2025-09-11T08:09:28Z	761.00000	1561.71067	1547.47750	1532.09837
2025-09-11T08:09:28Z	761.00000	1561.74437	1547.55448	1532.14219
2025-09-11T08:09:28Z	761.00000	1561.78145	1547.63952	1532.18773
2025-09-11T08:09:28Z	762.00000	1561.81252	1547.71197	1532.22486
2025-09-11T08:09:29Z	762.00000	1561.84577	1547.78715	1532.26616
2025-09-11T08:09:29Z	762.00000	1561.86895	1547.84114	1532.29526
2025-09-11T08:09:29Z	762.00000	1561.88735	1547.88681	1532.31899
2025-09-11T08:09:29Z	762.00000	1561.90569	1547.93157	1532.34170
2025-09-11T08:09:29Z	762.00000	1561.91923	1547.96459	1532.35847
2025-09-11T08:09:29Z	762.00000	1561.93113	1547.99274	1532.37291
2025-09-11T08:09:29Z	762.00000	1561.94292	1548.02147	1532.38770
2025-09-11T08:09:29Z	762.00000	1561.95120	1548.04107	1532.39814
2025-09-11T08:09:29Z	762.00000	1561.95818	1548.05765	1532.40691
2025-09-11T08:09:29Z	763.00000	1561.96573	1548.07478	1532.41619
2025-09-11T08:09:30Z	763.00000	1561.97137	1548.08726	1532.42298
2025-09-11T08:09:30Z	763.00000	1561.97615	1548.09878	1532.42909
2025-09-11T08:09:30Z	763.00000	1561.98174	1548.11085	1532.43577
2025-09-11T08:09:30Z	763.00000	1560.85386	1545.61587	1531.07025
2025-09-11T08:09:30Z	763.00000	1560.68760	1545.26014	1530.88565
2025-09-11T08:09:30Z	763.00000	1560.52801	1544.90644	1530.69654
2025-09-11T08:09:30Z	763.00000	1560.41026	1544.64954	1530.55838
2025-09-11T08:09:30Z	763.00000	1560.27199	1544.34428	1530.39585
2025-09-11T08:09:30Z	763.00000	1560.16727	1544.11259	1530.27464
2025-09-11T08:09:30Z	764.00000	1560.06689	1543.88817	1530.15563
2025-09-11T08:09:31Z	764.00000	1559.95587	1543.64791	1530.03043
2025-09-11T08:09:31Z	764.00000	1559.86962	1543.46055	1529.93221
2025-09-11T08:09:31Z	764.00000	1559.78467	1543.27887	1529.83402
2025-09-11T08:09:31Z	764.00000	1559.68513	1543.06681	1529.72015
2025-09-11T08:09:31Z	764.00000	1559.59983	1542.88482	1529.62148
2025-09-11T08:09:31Z	764.00000	1559.49214	1542.66799	1529.50688
2025-09-11T08:09:31Z	764.00000	1559.42929	1542.54283	1529.43833
2025-09-11T08:09:31Z	764.00000	1559.42300	1542.52862	1529.43164
2025-09-11T08:09:31Z	764.00000	1559.41723	1542.51603	1529.42573
2025-09-11T08:09:31Z	765.00000	1559.41318	1542.50727	1529.42157
2025-09-11T08:09:32Z	765.00000	1559.40961	1542.49986	1529.41787
2025-09-11T08:09:32Z	765.00000	1559.40602	1542.49225	1529.41409
2025-09-11T08:09:32Z	765.00000	1559.40322	1542.48636	1529.41118
2025-09-11T08:09:32Z	765.00000	1559.40083	1542.48128	1529.40870
2025-09-11T08:09:32Z	765.00000	1559.39826	1542.47583	1529.40596
2025-09-11T08:09:32Z	765.00000	1559.39612	1542.47162	1529.40379
2025-09-11T08:09:32Z	765.00000	1559.39411	1542.46770	1529.40181
2025-09-11T08:09:32Z	765.00000	1559.39212	1542.46349	1529.39963
2025-09-11T08:09:32Z	765.00000	1559.39044	1542.46013	1529.39794
2025-09-11T08:09:32Z	766.00000	1559.38893	1542.45704	1529.39617
2025-09-11T08:09:33Z	766.00000	1559.38712	1542.45357	1529.39449
2025-09-11T08:09:33Z	766.00000	1559.38580	1542.45083	1529.39301
2025-09-11T08:09:33Z	766.00000	1559.38433	1542.44787	1529.39140
2025-09-11T08:09:33Z	766.00000	1559.38305	1542.44533	1529.39009
2025-09-11T08:09:33Z	766.00000	1559.38188	1542.44306	1529.38891
2025-09-11T08:09:33Z	766.00000	1559.38074	1542.44092	1529.38770
2025-09-11T08:09:33Z	766.00000	1559.37959	1542.43846	1529.38638
2025-09-11T08:09:33Z	766.00000	1559.37861	1542.43660	1529.38540
2025-09-11T08:09:33Z	766.00000	1559.37757	1542.43469	1529.38447
2025-09-11T08:09:33Z	767.00000	1559.37656	1542.43264	1529.38330
2025-09-11T08:09:34Z	767.00000	1559.37567	1542.43091	1529.38231
2025-09-11T08:09:34Z	767.00000	1559.37484	1542.42922	1529.38147
2025-09-11T08:09:34Z	767.00000	1559.37386	1542.42757	1529.38046
2025-09-11T08:09:34Z	767.00000	1559.37311	1542.42596	1529.37957
2025-09-11T08:09:34Z	767.00000	1559.37231	1542.42423	1529.37867
2025-09-11T08:09:34Z	767.00000	1559.37157	1542.42292	1529.37801
2025-09-11T08:09:34Z	767.00000	1559.37072	1542.42131	1529.37726
2025-09-11T08:09:34Z	767.00000	1559.37005	1542.42000	1529.37649
2025-09-11T08:09:34Z	767.00000	1559.36947	1542.41873	1529.37576
2025-09-11T08:09:34Z	768.00000	1559.36883	1542.41752	1529.37525
2025-09-11T08:09:35Z	768.00000	1559.36815	1542.41617	1529.37442
2025-09-11T08:09:35Z	768.00000	1559.36762	1542.41500	1529.37374
2025-09-11T08:09:35Z	768.00000	1559.36688	1542.41372	1529.37306
2025-09-11T08:09:35Z	768.00000	1559.36642	1542.41275	1529.37258
2025-09-11T08:09:35Z	768.00000	1559.36587	1542.41170	1529.37203
2025-09-11T08:09:35Z	768.00000	1559.36532	1542.41053	1529.37136
2025-09-11T08:09:35Z	768.00000	1559.36471	1542.40954	1529.37077
2025-09-11T08:09:35Z	768.00000	1559.36432	1542.40865	1529.37030
2025-09-11T08:09:35Z	768.00000	1559.36366	1542.40755	1529.36975
2025-09-11T08:09:35Z	769.00000	1559.36330	1542.40659	1529.36923
2025-09-11T08:09:36Z	769.00000	1559.36272	1542.40557	1529.36876
2025-09-11T08:09:36Z	769.00000	1559.36222	1542.40470	1529.36827
2025-09-11T08:09:36Z	769.00000	1559.36190	1542.40385	1529.36772
2025-09-11T08:09:36Z	769.00000	1559.36128	1542.40293	1529.36719
2025-09-11T08:09:36Z	769.00000	1559.45315	1542.58523	1529.46980
2025-09-11T08:09:36Z	769.00000	1559.60815	1542.89751	1529.63928
2025-09-11T08:09:36Z	769.00000	1559.76170	1543.21481	1529.81743
2025-09-11T08:09:36Z	769.00000	1559.94225	1543.60578	1530.02828
2025-09-11T08:09:36Z	769.00000	1560.08626	1543.92318	1530.19460
2025-09-11T08:09:36Z	770.00000	1560.21580	1544.21491	1530.34984
2025-09-11T08:09:37Z	770.00000	1560.36121	1544.53626	1530.52143
2025-09-11T08:09:37Z	770.00000	1560.47723	1544.79534	1530.65927
2025-09-11T08:09:37Z	770.00000	1560.59810	1545.05548	1530.80096
2025-09-11T08:09:37Z	770.00000	1560.73112	1545.34831	1530.95577
2025-09-11T08:09:37Z	770.00000	1560.86260	1545.62934	1531.10490
2025-09-11T08:09:37Z	770.00000	1560.96572	1545.85011	1531.22300
2025-09-11T08:09:37Z	770.00000	1561.07180	1546.07609	1531.34667
2025-09-11T08:09:37Z	770.00000	1561.19945	1546.33967	1531.48908
2025-09-11T08:09:37Z	770.00000	1561.27549	1546.50747	1531.58074
2025-09-11T08:09:37Z	771.00000	1561.36090	1546.69926	1531.68243
2025-09-11T08:09:38Z	771.00000	1561.43971	1546.87134	1531.77607
2025-09-11T08:09:38Z	771.00000	1561.50970	1547.02828	1531.86066
2025-09-11T08:09:38Z	771.00000	1561.58497	1547.20236	1531.95849
2025-09-11T08:09:38Z	771.00000	1561.64161	1547.33317	1532.02916
2025-09-11T08:09:38Z	771.00000	1561.69237	1547.45296	1532.09603
2025-09-11T08:09:38Z	771.00000	1561.74632	1547.57298	1532.16484
2025-09-11T08:09:38Z	771.00000	1561.78603	1547.66526	1532.21427
2025-09-11T08:09:38Z	771.00000	1561.82156	1547.74637	1532.25957
2025-09-11T08:09:38Z	771.00000	1561.85866	1547.83166	1532.30715
2025-09-11T08:09:38Z	772.00000	1561.89058	1547.90838	1532.34737
2025-09-11T08:09:39Z	772.00000	1561.91075	1547.95747	1532.37349
2025-09-11T08:09:39Z	772.00000	1561.92678	1547.99406	1532.39235
2025-09-11T08:09:39Z	772.00000	1561.94349	1548.03450	1532.41388
2025-09-11T08:09:39Z	772.00000	1561.95682	1548.06597	1532.43181
2025-09-11T08:09:39Z	772.00000	1561.97055	1548.09776	1532.44964
2025-09-11T08:09:39Z	772.00000	1561.98071	1548.12137	1532.46280
2025-09-11T08:09:39Z	772.00000	1561.99148	1548.14558	1532.47640
2025-09-11T08:09:39Z	772.00000	1561.99867	1548.16266	1532.48626
2025-09-11T08:09:39Z	772.00000	1562.00524	1548.17821	1532.49451
2025-09-11T08:09:39Z	773.00000	1562.01179	1548.19314	1532.50285
2025-09-11T08:09:40Z	773.00000	1562.01701	1548.20447	1532.50919
2025-09-11T08:09:40Z	773.00000	1562.02183	1548.21494	1532.51474
2025-09-11T08:09:40Z	773.00000	1562.02755	1548.22595	1532.52076
2025-09-11T08:09:40Z	773.00000	1560.86646	1545.65205	1531.10324
2025-09-11T08:09:40Z	773.00000	1560.67759	1545.24665	1530.88915
2025-09-11T08:09:40Z	773.00000	1560.53246	1544.91850	1530.71207
2025-09-11T08:09:40Z	773.00000	1560.41335	1544.66062	1530.57319
2025-09-11T08:09:40Z	773.00000	1560.28227	1544.36516	1530.41555
2025-09-11T08:09:40Z	773.00000	1560.17542	1544.13177	1530.29005
2025-09-11T08:09:40Z	774.00000	1560.07605	1543.90926	1530.17195
2025-09-11T08:09:41Z	774.00000	1559.96359	1543.66340	1530.04437
2025-09-11T08:09:41Z	774.00000	1559.87392	1543.46875	1529.94057
2025-09-11T08:09:41Z	774.00000	1559.78942	1543.28797	1529.84371
2025-09-11T08:09:41Z	774.00000	1559.68740	1543.07048	1529.72600
2025-09-11T08:09:41Z	774.00000	1559.60094	1542.88645	1529.62600
2025-09-11T08:09:41Z	774.00000	1559.51061	1542.70398	1529.52904
2025-09-11T08:09:41Z	774.00000	1559.44944	1542.58128	1529.46325
2025-09-11T08:09:41Z	774.00000	1559.44313	1542.56728	1529.45629
2025-09-11T08:09:41Z	774.00000	1559.43826	1542.55658	1529.45109
2025-09-11T08:09:41Z	775.00000	1559.43337	1542.54599	1529.44595
2025-09-11T08:09:42Z	775.00000	1559.42976	1542.53833	1529.44204
2025-09-11T08:09:42Z	775.00000	1559.42640	1542.53161	1529.43847
2025-09-11T08:09:42Z	775.00000	1559.42326	1542.52466	1529.43498
2025-09-11T08:09:42Z	775.00000	1559.42063	1542.51924	1529.43220
2025-09-11T08:09:42Z	775.00000	1559.41818	1542.51426	1529.42962
2025-09-11T08:09:42Z	775.00000	1559.41577	1542.50890	1529.42684
2025-09-11T08:09:42Z	775.00000	1559.41361	1542.50479	1529.42454
2025-09-11T08:09:42Z	775.00000	1559.41134	1542.50028	1529.42226
2025-09-11T08:09:42Z	775.00000	1559.40962	1542.49656	1529.42026
2025-09-11T08:09:43Z	776.00000	1559.40616	1542.48945	1529.41651
2025-09-11T08:09:43Z	776.00000	1559.40428	1542.48597	1529.41459
2025-09-11T08:09:43Z	776.00000	1559.40276	1542.48266	1529.41284
2025-09-11T08:09:43Z	776.00000	1559.40129	1542.47972	1529.41111
2025-09-11T08:09:43Z	776.00000	1559.39964	1542.47627	1529.40938
2025-09-11T08:09:43Z	776.00000	1559.39801	1542.47324	1529.40773
2025-09-11T08:09:43Z	776.00000	1559.39632	1542.46987	1529.40592
2025-09-11T08:09:43Z	776.00000	1559.39493	1542.46676	1529.40417
2025-09-11T08:09:44Z	777.00000	1559.39354	1542.46426	1529.40283
2025-09-11T08:09:44Z	777.00000	1559.39203	1542.46114	1529.40124
2025-09-11T08:09:44Z	777.00000	1559.39128	1542.45965	1529.40045
2025-09-11T08:09:44Z	777.00000	1559.39055	1542.45821	1529.39951
2025-09-11T08:09:44Z	777.00000	1559.38992	1542.45695	1529.39892
2025-09-11T08:09:44Z	777.00000	1559.38912	1542.45532	1529.39803
2025-09-11T08:09:44Z	777.00000	1559.38821	1542.45358	1529.39700
2025-09-11T08:09:44Z	777.00000	1559.38734	1542.45211	1529.39623
2025-09-11T08:09:44Z	777.00000	1559.38651	1542.45064	1529.39552
2025-09-11T08:09:44Z	778.00000	1559.38598	1542.44916	1529.39469
2025-09-11T08:09:45Z	778.00000	1559.38517	1542.44763	1529.39386
2025-09-11T08:09:45Z	778.00000	1559.38444	1542.44641	1529.39309
2025-09-11T08:09:45Z	778.00000	1559.38372	1542.44494	1529.39237
2025-09-11T08:09:45Z	778.00000	1559.38313	1542.44373	1529.39169
2025-09-11T08:09:45Z	778.00000	1559.38260	1542.44272	1529.39106
2025-09-11T08:09:45Z	778.00000	1559.38188	1542.44127	1529.39015
2025-09-11T08:09:45Z	778.00000	1559.38128	1542.44012	1529.38958
2025-09-11T08:09:45Z	778.00000	1559.38076	1542.43894	1529.38891
2025-09-11T08:09:45Z	778.00000	1559.38014	1542.43785	1529.38849
2025-09-11T08:09:45Z	779.00000	1559.37951	1542.43680	1529.38778
2025-09-11T08:09:46Z	779.00000	1559.37894	1542.43569	1529.38705
2025-09-11T08:09:46Z	779.00000	1559.37834	1542.43468	1529.38667
2025-09-11T08:09:46Z	779.00000	1559.37788	1542.43346	1529.38588
2025-09-11T08:09:46Z	779.00000	1559.38127	1542.44041	1529.38978
2025-09-11T08:09:46Z	779.00000	1559.53439	1542.74744	1529.56027
2025-09-11T08:09:46Z	779.00000	1559.69123	1543.06883	1529.73766
2025-09-11T08:09:46Z	779.00000	1559.82012	1543.33620	1529.88900
2025-09-11T08:09:46Z	779.00000	1559.99628	1543.72750	1530.09739
2025-09-11T08:09:46Z	779.00000	1560.15537	1544.08163	1530.28434
2025-09-11T08:09:46Z	780.00000	1560.26164	1544.31952	1530.41215
2025-09-11T08:09:47Z	780.00000	1560.40664	1544.64307	1530.58455
2025-09-11T08:09:47Z	780.00000	1560.54758	1544.94892	1530.75062
2025-09-11T08:09:47Z	780.00000	1560.67999	1545.24388	1530.90841
2025-09-11T08:09:47Z	780.00000	1560.79395	1545.49112	1531.04200
2025-09-11T08:09:47Z	780.00000	1560.90345	1545.72525	1531.16791
2025-09-11T08:09:47Z	780.00000	1561.00856	1545.95226	1531.28979
2025-09-11T08:09:47Z	780.00000	1561.11154	1546.17105	1531.41143
2025-09-11T08:09:47Z	780.00000	1561.20790	1546.36935	1531.51884
2025-09-11T08:09:47Z	780.00000	1561.29818	1546.57108	1531.62823
2025-09-11T08:09:47Z	781.00000	1561.39799	1546.79247	1531.74782
2025-09-11T08:09:48Z	781.00000	1561.47365	1546.95746	1531.83733
2025-09-11T08:09:48Z	781.00000	1561.54197	1547.11345	1531.92534
2025-09-11T08:09:48Z	781.00000	1561.61355	1547.27965	1532.01626
2025-09-11T08:09:48Z	781.00000	1561.66808	1547.40778	1532.08786
2025-09-11T08:09:48Z	781.00000	1561.72838	1547.54021	1532.16300
2025-09-11T08:09:48Z	781.00000	1561.77794	1547.65570	1532.22694
2025-09-11T08:09:48Z	781.00000	1561.81662	1547.74500	1532.27650
2025-09-11T08:09:48Z	781.00000	1561.85766	1547.83863	1532.32801
2025-09-11T08:09:48Z	781.00000	1561.88555	1547.91141	1532.36467
2025-09-11T08:09:48Z	782.00000	1561.91069	1547.97159	1532.39497
2025-09-11T08:09:49Z	782.00000	1561.93229	1548.02413	1532.42288
2025-09-11T08:09:49Z	782.00000	1561.95118	1548.07009	1532.45040
2025-09-11T08:09:49Z	782.00000	1561.96786	1548.10830	1532.47171
2025-09-11T08:09:49Z	782.00000	1561.98537	1548.14828	1532.49367
2025-09-11T08:09:49Z	782.00000	1561.99682	1548.17541	1532.50822
2025-09-11T08:09:49Z	782.00000	1562.00585	1548.19671	1532.52023
2025-09-11T08:09:49Z	782.00000	1562.01484	1548.21708	1532.53148
2025-09-11T08:09:49Z	782.00000	1562.02454	1548.23856	1532.54305
2025-09-11T08:09:49Z	782.00000	1562.03273	1548.25537	1532.55240
2025-09-11T08:09:49Z	783.00000	1562.03910	1548.26919	1532.55990
2025-09-11T08:09:50Z	783.00000	1562.04567	1548.28339	1532.56796
2025-09-11T08:09:50Z	783.00000	1562.05038	1548.29424	1532.57392
2025-09-11T08:09:50Z	783.00000	1562.02610	1548.18858	1532.53459
2025-09-11T08:09:50Z	783.00000	1560.82333	1545.57132	1531.07394
2025-09-11T08:09:50Z	783.00000	1560.65548	1545.20050	1530.87461
2025-09-11T08:09:50Z	783.00000	1560.48760	1544.82843	1530.67101
2025-09-11T08:09:50Z	783.00000	1560.37275	1544.57110	1530.53369
2025-09-11T08:09:50Z	783.00000	1560.24322	1544.28172	1530.37746
2025-09-11T08:09:50Z	783.00000	1560.14104	1544.05550	1530.25691
2025-09-11T08:09:50Z	784.00000	1560.04172	1543.83687	1530.13927
2025-09-11T08:09:51Z	784.00000	1559.91573	1543.56152	1529.99301
2025-09-11T08:09:51Z	784.00000	1559.84239	1543.40028	1529.90888
2025-09-11T08:09:51Z	784.00000	1559.75679	1543.21756	1529.80833
2025-09-11T08:09:51Z	784.00000	1559.67069	1543.03466	1529.70958
2025-09-11T08:09:51Z	784.00000	1559.58424	1542.85083	1529.60988
2025-09-11T08:09:51Z	784.00000	1559.49440	1542.67060	1529.51325
2025-09-11T08:09:51Z	784.00000	1559.46007	1542.60124	1529.47659
2025-09-11T08:09:51Z	784.00000	1559.45124	1542.58183	1529.46719
2025-09-11T08:09:52Z	784.00000	1559.44264	1542.56354	1529.45786
2025-09-11T08:09:52Z	785.00000	1559.43512	1542.54764	1529.44960
2025-09-11T08:09:52Z	785.00000	1559.42898	1542.53479	1529.44282
2025-09-11T08:09:52Z	785.00000	1559.42351	1542.52378	1529.43690
2025-09-11T08:09:52Z	785.00000	1559.41871	1542.51368	1529.43154
2025-09-11T08:09:53Z	786.00000	1559.41519	1542.50661	1529.42777
2025-09-11T08:09:53Z	786.00000	1559.41161	1542.49934	1529.42375
2025-09-11T08:09:53Z	786.00000	1559.40872	1542.49370	1529.42070
2025-09-11T08:09:53Z	786.00000	1559.40634	1542.48905	1529.41834
2025-09-11T08:09:54Z	787.00000	1559.40366	1542.48338	1529.41507
2025-09-11T08:09:54Z	787.00000	1559.40200	1542.48057	1529.41359
2025-09-11T08:09:54Z	787.00000	1559.40116	1542.47886	1529.41247
2025-09-11T08:09:54Z	787.00000	1559.40043	1542.47747	1529.41172
2025-09-11T08:09:54Z	787.00000	1559.39983	1542.47592	1529.41101
2025-09-11T08:09:54Z	787.00000	1559.39901	1542.47435	1529.41005
2025-09-11T08:09:54Z	787.00000	1559.39810	1542.47269	1529.40915
2025-09-11T08:09:54Z	787.00000	1559.39736	1542.47119	1529.40834
2025-09-11T08:09:54Z	787.00000	1559.39646	1542.46966	1529.40740
2025-09-11T08:09:54Z	788.00000	1559.39575	1542.46824	1529.40673
2025-09-11T08:09:55Z	788.00000	1559.39500	1542.46662	1529.40567
2025-09-11T08:09:55Z	788.00000	1559.39424	1542.46538	1529.40492
2025-09-11T08:09:55Z	788.00000	1559.39354	1542.46404	1529.40409
2025-09-11T08:09:55Z	788.00000	1559.39287	1542.46254	1529.40343
2025-09-11T08:09:55Z	788.00000	1559.39217	1542.46118	1529.40266
2025-09-11T08:09:55Z	788.00000	1559.39146	1542.45997	1529.40201
2025-09-11T08:09:55Z	788.00000	1559.39102	1542.45875	1529.40129
2025-09-11T08:09:55Z	788.00000	1559.39023	1542.45739	1529.40053
2025-09-11T08:09:55Z	788.00000	1559.38966	1542.45628	1529.39989
2025-09-11T08:09:55Z	789.00000	1559.38898	1542.45524	1529.39926
2025-09-11T08:09:56Z	789.00000	1559.38845	1542.45404	1529.39862
2025-09-11T08:09:56Z	789.00000	1559.38781	1542.45298	1529.39815
2025-09-11T08:09:56Z	789.00000	1559.38742	1542.45189	1529.39741
2025-09-11T08:09:56Z	789.00000	1559.38668	1542.45078	1529.39686
2025-09-11T08:09:56Z	789.00000	1559.54434	1542.76772	1529.57380
2025-09-11T08:09:56Z	789.00000	1559.69932	1543.08787	1529.75219
2025-09-11T08:09:56Z	789.00000	1559.87992	1543.47057	1529.96545
2025-09-11T08:09:56Z	789.00000	1560.02529	1543.79549	1530.13929
2025-09-11T08:09:56Z	789.00000	1560.18173	1544.14707	1530.32711
2025-09-11T08:09:56Z	790.00000	1560.30772	1544.42689	1530.48054
2025-09-11T08:09:57Z	790.00000	1560.44595	1544.73743	1530.64765
2025-09-11T08:09:57Z	790.00000	1560.56642	1545.00073	1530.79259
2025-09-11T08:09:57Z	790.00000	1560.67720	1545.24987	1530.92572
2025-09-11T08:09:57Z	790.00000	1560.79015	1545.49745	1531.05959
2025-09-11T08:09:57Z	790.00000	1560.91738	1545.77252	1531.20984
2025-09-11T08:09:57Z	790.00000	1561.02478	1546.00362	1531.33699
2025-09-11T08:09:57Z	790.00000	1561.12706	1546.22099	1531.45646
2025-09-11T08:09:57Z	790.00000	1561.23916	1546.45885	1531.58797
2025-09-11T08:09:57Z	790.00000	1561.32629	1546.65691	1531.69431
2025-09-11T08:09:57Z	791.00000	1561.40890	1546.83890	1531.79370
2025-09-11T08:09:58Z	791.00000	1561.49395	1547.02812	1531.89951
2025-09-11T08:09:58Z	791.00000	1561.56344	1547.19031	1531.99086
2025-09-11T08:09:58Z	791.00000	1561.68605	1547.48465	1532.15749
2025-09-11T08:09:58Z	791.00000	1561.81899	1547.77984	1532.32280
2025-09-11T08:09:58Z	791.00000	1561.89669	1547.96283	1532.42035
2025-09-11T08:09:59Z	792.00000	1561.95357	1548.09761	1532.49703
2025-09-11T08:09:59Z	792.00000	1561.99017	1548.18265	1532.54333
2025-09-11T08:09:59Z	792.00000	1562.02633	1548.26370	1532.58841
2025-09-11T08:09:59Z	792.00000	1562.04420	1548.30337	1532.61100
2025-09-11T08:10:00Z	793.00000	1562.05859	1548.33540	1532.62882
2025-09-11T08:10:00Z	793.00000	1560.90108	1545.75002	1531.18419
2025-09-11T08:10:00Z	793.00000	1560.57031	1545.01678	1530.78902
2025-09-11T08:10:00Z	793.00000	1560.29899	1544.41200	1530.45798
2025-09-11T08:10:01Z	793.00000	1559.98881	1543.72528	1530.08841
2025-09-11T08:10:01Z	794.00000	1559.78329	1543.27664	1529.84625
2025-09-11T08:10:01Z	794.00000	1559.69604	1543.08857	1529.74357
2025-09-11T08:10:01Z	794.00000	1559.60928	1542.90422	1529.64267
2025-09-11T08:10:01Z	794.00000	1559.53511	1542.75256	1529.56017
2025-09-11T08:10:01Z	794.00000	1559.47179	1542.62584	1529.49220
2025-09-11T08:10:01Z	794.00000	1559.46428	1542.60924	1529.48419
2025-09-11T08:10:01Z	794.00000	1559.45889	1542.59741	1529.47837
2025-09-11T08:10:01Z	794.00000	1559.45436	1542.58774	1529.47366
2025-09-11T08:10:02Z	795.00000	1559.44696	1542.57207	1529.46539
2025-09-11T08:10:02Z	795.00000	1559.44379	1542.56553	1529.46205
2025-09-11T08:10:02Z	795.00000	1559.43800	1542.55334	1529.45548
2025-09-11T08:10:02Z	795.00000	1559.43564	1542.54833	1529.45267
2025-09-11T08:10:02Z	795.00000	1559.43084	1542.53870	1529.44751
2025-09-11T08:10:02Z	795.00000	1559.42914	1542.53479	1529.44530
2025-09-11T08:10:02Z	795.00000	1559.42719	1542.53115	1529.44339
2025-09-11T08:10:02Z	796.00000	1559.42531	1542.52715	1529.44116
2025-09-11T08:10:03Z	796.00000	1559.42359	1542.52389	1529.43947
2025-09-11T08:10:03Z	796.00000	1559.42222	1542.52086	1529.43776
2025-09-11T08:10:03Z	796.00000	1559.42053	1542.51738	1529.43577
2025-09-11T08:10:03Z	796.00000	1559.41914	1542.51470	1529.43427
2025-09-11T08:10:03Z	796.00000	1559.41783	1542.51199	1529.43281
2025-09-11T08:10:03Z	796.00000	1559.41640	1542.50914	1529.43123
2025-09-11T08:10:03Z	796.00000	1559.41524	1542.50673	1529.42988
2025-09-11T08:10:03Z	796.00000	1559.41386	1542.50412	1529.42834
2025-09-11T08:10:03Z	796.00000	1559.41279	1542.50191	1529.42712
2025-09-11T08:10:03Z	797.00000	1559.41175	1542.49985	1529.42597
2025-09-11T08:10:04Z	797.00000	1559.41054	1542.49753	1529.42457
2025-09-11T08:10:04Z	797.00000	1559.40964	1542.49555	1529.42363
2025-09-11T08:10:04Z	797.00000	1559.40871	1542.49375	1529.42245
2025-09-11T08:10:04Z	797.00000	1559.40758	1542.49156	1529.42130
2025-09-11T08:10:04Z	797.00000	1559.40677	1542.48974	1529.42027
2025-09-11T08:10:04Z	797.00000	1559.40593	1542.48801	1529.41929
2025-09-11T08:10:04Z	797.00000	1559.40506	1542.48617	1529.41824
2025-09-11T08:10:04Z	797.00000	1559.40411	1542.48462	1529.41725
2025-09-11T08:10:04Z	797.00000	1559.40337	1542.48305	1529.41646
2025-09-11T08:10:04Z	798.00000	1559.40241	1542.48138	1529.41537
2025-09-11T08:10:05Z	798.00000	1559.40184	1542.47989	1529.41473
2025-09-11T08:10:05Z	798.00000	1559.40097	1542.47821	1529.41371
2025-09-11T08:10:05Z	798.00000	1559.40037	1542.47688	1529.41304
2025-09-11T08:10:05Z	798.00000	1559.39952	1542.47576	1529.41222
2025-09-11T08:10:05Z	798.00000	1559.39903	1542.47440	1529.41164
2025-09-11T08:10:05Z	798.00000	1559.39827	1542.47286	1529.41063
2025-09-11T08:10:05Z	798.00000	1559.39768	1542.47178	1529.41005
2025-09-11T08:10:05Z	798.00000	1559.39705	1542.47054	1529.40932
2025-09-11T08:10:05Z	798.00000	1559.39650	1542.46929	1529.40854
2025-09-11T08:10:05Z	799.00000	1559.39589	1542.46808	1529.40806
2025-09-11T08:10:06Z	799.00000	1559.39520	1542.46688	1529.40721
2025-09-11T08:10:06Z	799.00000	1559.39468	1542.46594	1529.40675
2025-09-11T08:10:06Z	799.00000	1559.39407	1542.46485	1529.40611
2025-09-11T08:10:06Z	799.00000	1559.41881	1542.51369	1529.43485
2025-09-11T08:10:06Z	799.00000	1559.59364	1542.86862	1529.63298
2025-09-11T08:10:06Z	799.00000	1559.75153	1543.19395	1529.81811
2025-09-11T08:10:06Z	799.00000	1559.93019	1543.58323	1530.03290
2025-09-11T08:10:06Z	799.00000	1560.06929	1543.89263	1530.19859
2025-09-11T08:10:06Z	799.00000	1560.20345	1544.19703	1530.36289
2025-09-11T08:10:06Z	800.00000	1560.34810	1544.52109	1530.53981
2025-09-11T08:10:07Z	800.00000	1560.46295	1544.78182	1530.68165
2025-09-11T08:10:07Z	800.00000	1560.60206	1545.08638	1530.85049
2025-09-11T08:10:07Z	800.00000	1560.71236	1545.33548	1530.98558
2025-09-11T08:10:07Z	800.00000	1560.82170	1545.57459	1531.11360
2025-09-11T08:10:07Z	800.00000	1560.93023	1545.80914	1531.24314
2025-09-11T08:10:07Z	800.00000	1561.05212	1546.07349	1531.39121
2025-09-11T08:10:07Z	800.00000	1561.15269	1546.28400	1531.50692
2025-09-11T08:10:07Z	800.00000	1561.26201	1546.52144	1531.63765
2025-09-11T08:10:07Z	800.00000	1561.34601	1546.71244	1531.74237
2025-09-11T08:10:07Z	801.00000	1561.42538	1546.88765	1531.83792
2025-09-11T08:10:08Z	801.00000	1561.50705	1547.07359	1531.94539
2025-09-11T08:10:08Z	801.00000	1561.56861	1547.21994	1532.02714
2025-09-11T08:10:08Z	801.00000	1561.63224	1547.37219	1532.11509
2025-09-11T08:10:08Z	801.00000	1561.67857	1547.48317	1532.17708
2025-09-11T08:10:08Z	801.00000	1561.72998	1547.59472	1532.24144
2025-09-11T08:10:08Z	801.00000	1561.78120	1547.71314	1532.30597
2025-09-11T08:10:08Z	801.00000	1561.83080	1547.82676	1532.36853
2025-09-11T08:10:08Z	801.00000	1561.86273	1547.90269	1532.40941
2025-09-11T08:10:08Z	801.00000	1561.89649	1547.98303	1532.45450
2025-09-11T08:10:09Z	802.00000	1561.93933	1548.08382	1532.51235
2025-09-11T08:10:09Z	802.00000	1561.95608	1548.12443	1532.53553
2025-09-11T08:10:09Z	802.00000	1561.97005	1548.15893	1532.55519
2025-09-11T08:10:09Z	802.00000	1561.98037	1548.18462	1532.56901
2025-09-11T08:10:09Z	802.00000	1561.98960	1548.20539	1532.58054
2025-09-11T08:10:09Z	802.00000	1561.99868	1548.22665	1532.59306
2025-09-11T08:10:09Z	802.00000	1562.00608	1548.24235	1532.60215
2025-09-11T08:10:09Z	802.00000	1562.01478	1548.26106	1532.61234
2025-09-11T08:10:09Z	802.00000	1562.02164	1548.27533	1532.61971
2025-09-11T08:10:09Z	803.00000	1562.02739	1548.28743	1532.62705
2025-09-11T08:10:10Z	803.00000	1562.03364	1548.30075	1532.63441
2025-09-11T08:10:10Z	803.00000	1562.03797	1548.31042	1532.64034
2025-09-11T08:10:10Z	803.00000	1560.97381	1545.91663	1531.28525
2025-09-11T08:10:10Z	803.00000	1560.72831	1545.38297	1531.00123
2025-09-11T08:10:10Z	803.00000	1560.59374	1545.07558	1530.83350
2025-09-11T08:10:10Z	803.00000	1560.47296	1544.81100	1530.68457
2025-09-11T08:10:10Z	803.00000	1560.34204	1544.51478	1530.52315
2025-09-11T08:10:10Z	803.00000	1560.23560	1544.27473	1530.39235
2025-09-11T08:10:10Z	803.00000	1560.11821	1544.01156	1530.24915
2025-09-11T08:10:10Z	804.00000	1560.01835	1543.79328	1530.13030
2025-09-11T08:10:11Z	804.00000	1559.92621	1543.58961	1530.02122
2025-09-11T08:10:11Z	804.00000	1559.83852	1543.39436	1529.91735
2025-09-11T08:10:11Z	804.00000	1559.73992	1543.17977	1529.79910
2025-09-11T08:10:11Z	804.00000	1559.65397	1542.99991	1529.69959
2025-09-11T08:10:11Z	804.00000	1559.56723	1542.81558	1529.59732
2025-09-11T08:10:11Z	804.00000	1559.47682	1542.63576	1529.49982
2025-09-11T08:10:11Z	804.00000	1559.46966	1542.61944	1529.49172
2025-09-11T08:10:11Z	804.00000	1559.46332	1542.60588	1529.48519
2025-09-11T08:10:11Z	804.00000	1559.45891	1542.59628	1529.48040
2025-09-11T08:10:11Z	805.00000	1559.45515	1542.58835	1529.47621
2025-09-11T08:10:12Z	805.00000	1559.45131	1542.58004	1529.47181
2025-09-11T08:10:12Z	805.00000	1559.44823	1542.57367	1529.46844
2025-09-11T08:10:12Z	805.00000	1559.44564	1542.56803	1529.46532
2025-09-11T08:10:12Z	805.00000	1559.44253	1542.56190	1529.46209
2025-09-11T08:10:12Z	805.00000	1559.44025	1542.55715	1529.45930
2025-09-11T08:10:12Z	805.00000	1559.43812	1542.55285	1529.45706
2025-09-11T08:10:12Z	805.00000	1559.43573	1542.54793	1529.45435
2025-09-11T08:10:12Z	805.00000	1559.43410	1542.54414	1529.45222
2025-09-11T08:10:12Z	805.00000	1559.43222	1542.54047	1529.45017
2025-09-11T08:10:12Z	806.00000	1559.43029	1542.53658	1529.44799
2025-09-11T08:10:13Z	806.00000	1559.42858	1542.53348	1529.44627
2025-09-11T08:10:13Z	806.00000	1559.42717	1542.53037	1529.44458
2025-09-11T08:10:13Z	806.00000	1559.42554	1542.52705	1529.44277
2025-09-11T08:10:13Z	806.00000	1559.42416	1542.52442	1529.44119
2025-09-11T08:10:13Z	806.00000	1559.42276	1542.52141	1529.43956
2025-09-11T08:10:13Z	806.00000	1559.42147	1542.51880	1529.43813
2025-09-11T08:10:13Z	806.00000	1559.42029	1542.51655	1529.43676
2025-09-11T08:10:13Z	806.00000	1559.41904	1542.51384	1529.43521
2025-09-11T08:10:13Z	806.00000	1559.41787	1542.51172	1529.43403
2025-09-11T08:10:13Z	807.00000	1559.41664	1542.50915	1529.43262
2025-09-11T08:10:14Z	807.00000	1559.41563	1542.50713	1529.43146
2025-09-11T08:10:14Z	807.00000	1559.41467	1542.50528	1529.43037
2025-09-11T08:10:14Z	807.00000	1559.41386	1542.50339	1529.42921
2025-09-11T08:10:14Z	807.00000	1559.41277	1542.50140	1529.42797
2025-09-11T08:10:14Z	807.00000	1559.41182	1542.49963	1529.42709
2025-09-11T08:10:14Z	807.00000	1559.41097	1542.49794	1529.42613
2025-09-11T08:10:14Z	807.00000	1559.40990	1542.49601	1529.42498
2025-09-11T08:10:14Z	807.00000	1559.40923	1542.49446	1529.42415
2025-09-11T08:10:14Z	807.00000	1559.40848	1542.49292	1529.42313
2025-09-11T08:10:14Z	808.00000	1559.40760	1542.49112	1529.42227
2025-09-11T08:10:15Z	808.00000	1559.40684	1542.48967	1529.42147
2025-09-11T08:10:15Z	808.00000	1559.40600	1542.48805	1529.42055
2025-09-11T08:10:15Z	808.00000	1559.40525	1542.48671	1529.41971
2025-09-11T08:10:15Z	808.00000	1559.40471	1542.48543	1529.41902
2025-09-11T08:10:15Z	808.00000	1559.40398	1542.48415	1529.41823
2025-09-11T08:10:15Z	808.00000	1559.40328	1542.48271	1529.41736
2025-09-11T08:10:15Z	808.00000	1559.40268	1542.48150	1529.41670
2025-09-11T08:10:15Z	808.00000	1559.40186	1542.48009	1529.41591
2025-09-11T08:10:15Z	808.00000	1559.40128	1542.47897	1529.41520
2025-09-11T08:10:15Z	809.00000	1559.40083	1542.47789	1529.41450
2025-09-11T08:10:16Z	809.00000	1559.40009	1542.47663	1529.41397
2025-09-11T08:10:16Z	809.00000	1559.39953	1542.47557	1529.41313
2025-09-11T08:10:16Z	809.00000	1559.39908	1542.47453	1529.41266
2025-09-11T08:10:16Z	809.00000	1559.48242	1542.64357	1529.51054
2025-09-11T08:10:16Z	809.00000	1559.63839	1542.96261	1529.69041
2025-09-11T08:10:16Z	809.00000	1559.79740	1543.29461	1529.88075
2025-09-11T08:10:16Z	809.00000	1559.97070	1543.67665	1530.09066
2025-09-11T08:10:16Z	809.00000	1560.10677	1543.98166	1530.25441
2025-09-11T08:10:16Z	809.00000	1560.23547	1544.27501	1530.41553
2025-09-11T08:10:16Z	810.00000	1560.37867	1544.59872	1530.59153
2025-09-11T08:10:17Z	810.00000	1560.49516	1544.86167	1530.73503
2025-09-11T08:10:17Z	810.00000	1560.61225	1545.11876	1530.87856
2025-09-11T08:10:17Z	810.00000	1560.74020	1545.40645	1531.03570
2025-09-11T08:10:17Z	810.00000	1560.84659	1545.63766	1531.16243
2025-09-11T08:10:17Z	810.00000	1560.95823	1545.88151	1531.29542
2025-09-11T08:10:17Z	810.00000	1561.07817	1546.14077	1531.44059
2025-09-11T08:10:17Z	810.00000	1561.17742	1546.34766	1531.55802
2025-09-11T08:10:17Z	810.00000	1561.26849	1546.55013	1531.66798
2025-09-11T08:10:17Z	810.00000	1561.36474	1546.77007	1531.78999
2025-09-11T08:10:17Z	811.00000	1561.44109	1546.93877	1531.88587
2025-09-11T08:10:18Z	811.00000	1561.52006	1547.12204	1531.99098
2025-09-11T08:10:18Z	811.00000	1561.57970	1547.26467	1532.07119
2025-09-11T08:10:18Z	811.00000	1561.63214	1547.39074	1532.14412
2025-09-11T08:10:18Z	811.00000	1561.68068	1547.50861	1532.21157
2025-09-11T08:10:18Z	811.00000	1561.71678	1547.58937	1532.26055
2025-09-11T08:10:18Z	811.00000	1561.76097	1547.69199	1532.31671
2025-09-11T08:10:18Z	811.00000	1561.80734	1547.79549	1532.37349
2025-09-11T08:10:18Z	811.00000	1561.84226	1547.87749	1532.41720
2025-09-11T08:10:18Z	811.00000	1561.87358	1547.95356	1532.46017
2025-09-11T08:10:18Z	812.00000	1561.89402	1548.00297	1532.48874
2025-09-11T08:10:19Z	812.00000	1561.91242	1548.04628	1532.51410
2025-09-11T08:10:19Z	812.00000	1561.93356	1548.09551	1532.54168
2025-09-11T08:10:19Z	812.00000	1561.94779	1548.12919	1532.56067
2025-09-11T08:10:19Z	812.00000	1561.95912	1548.15682	1532.57589
2025-09-11T08:10:19Z	812.00000	1561.97003	1548.18371	1532.59068
2025-09-11T08:10:19Z	812.00000	1561.97841	1548.20316	1532.60203
2025-09-11T08:10:19Z	812.00000	1561.98506	1548.21849	1532.61072
2025-09-11T08:10:19Z	812.00000	1561.99178	1548.23406	1532.61957
2025-09-11T08:10:19Z	812.00000	1561.99680	1548.24481	1532.62608
2025-09-11T08:10:19Z	813.00000	1562.00160	1548.25608	1532.63278
2025-09-11T08:10:20Z	813.00000	1562.00524	1548.26413	1532.63718
2025-09-11T08:10:20Z	813.00000	1562.00842	1548.27126	1532.64164
2025-09-11T08:10:20Z	813.00000	1562.01128	1548.27758	1532.64522
2025-09-11T08:10:20Z	813.00000	1560.94576	1545.86252	1531.26924
2025-09-11T08:10:20Z	813.00000	1560.75367	1545.44422	1531.04374
2025-09-11T08:10:20Z	813.00000	1560.59032	1545.07567	1530.84309
2025-09-11T08:10:20Z	813.00000	1560.47098	1544.81387	1530.69540
2025-09-11T08:10:20Z	813.00000	1560.35745	1544.55721	1530.55542
2025-09-11T08:10:20Z	813.00000	1560.23174	1544.27271	1530.39975
2025-09-11T08:10:20Z	814.00000	1560.11414	1544.00715	1530.25417
2025-09-11T08:10:21Z	814.00000	1559.91058	1543.55745	1530.00970
2025-09-11T08:10:21Z	814.00000	1559.83460	1543.38754	1529.91927
2025-09-11T08:10:21Z	814.00000	1559.75034	1543.20441	1529.81749
2025-09-11T08:10:21Z	814.00000	1559.66446	1543.02367	1529.71637
2025-09-11T08:10:21Z	814.00000	1559.56474	1542.81220	1529.59816
2025-09-11T08:10:21Z	814.00000	1559.48292	1542.64865	1529.50892
2025-09-11T08:10:21Z	814.00000	1559.47526	1542.63116	1529.50035
2025-09-11T08:10:21Z	814.00000	1559.46896	1542.61736	1529.49358
2025-09-11T08:10:21Z	815.00000	1559.46456	1542.60795	1529.48892
2025-09-11T08:10:22Z	815.00000	1559.46008	1542.59833	1529.48374
2025-09-11T08:10:22Z	815.00000	1559.45673	1542.59129	1529.48011
2025-09-11T08:10:22Z	815.00000	1559.45376	1542.58481	1529.47672
2025-09-11T08:10:22Z	815.00000	1559.45040	1542.57799	1529.47292
2025-09-11T08:10:22Z	815.00000	1559.44787	1542.57280	1529.47002
2025-09-11T08:10:22Z	815.00000	1559.44556	1542.56798	1529.46747
2025-09-11T08:10:22Z	815.00000	1559.44342	1542.56353	1529.46493
2025-09-11T08:10:22Z	815.00000	1559.44106	1542.55854	1529.46215
2025-09-11T08:10:22Z	815.00000	1559.43921	1542.55483	1529.45994
2025-09-11T08:10:22Z	816.00000	1559.43745	1542.55110	1529.45783
2025-09-11T08:10:23Z	816.00000	1559.43547	1542.54708	1529.45570
2025-09-11T08:10:23Z	816.00000	1559.43385	1542.54385	1529.45386
2025-09-11T08:10:23Z	816.00000	1559.43206	1542.54031	1529.45175
2025-09-11T08:10:23Z	816.00000	1559.43060	1542.53740	1529.45006
2025-09-11T08:10:23Z	816.00000	1559.42925	1542.53458	1529.44853
2025-09-11T08:10:23Z	816.00000	1559.42773	1542.53159	1529.44682
2025-09-11T08:10:23Z	816.00000	1559.42642	1542.52914	1529.44538
2025-09-11T08:10:23Z	816.00000	1559.42532	1542.52664	1529.44404
2025-09-11T08:10:23Z	816.00000	1559.42389	1542.52395	1529.44242
2025-09-11T08:10:23Z	817.00000	1559.42281	1542.52184	1529.44126
2025-09-11T08:10:24Z	817.00000	1559.42181	1542.51971	1529.43997
2025-09-11T08:10:24Z	817.00000	1559.42065	1542.51738	1529.43857
2025-09-11T08:10:24Z	817.00000	1559.41955	1542.51546	1529.43746
2025-09-11T08:10:24Z	817.00000	1559.41855	1542.51320	1529.43619
2025-09-11T08:10:24Z	817.00000	1559.41763	1542.51131	1529.43516
2025-09-11T08:10:24Z	817.00000	1559.41673	1542.50965	1529.43419
2025-09-11T08:10:24Z	817.00000	1559.41571	1542.50760	1529.43289
2025-09-11T08:10:24Z	817.00000	1559.41489	1542.50597	1529.43198
2025-09-11T08:10:24Z	817.00000	1559.41392	1542.50422	1529.43083
2025-09-11T08:10:24Z	818.00000	1559.41325	1542.50257	1529.43004
2025-09-11T08:10:25Z	818.00000	1559.41242	1542.50112	1529.42911
2025-09-11T08:10:25Z	818.00000	1559.41151	1542.49932	1529.42812
2025-09-11T08:10:25Z	818.00000	1559.41079	1542.49795	1529.42725
2025-09-11T08:10:25Z	818.00000	1559.40996	1542.49623	1529.42625
2025-09-11T08:10:25Z	818.00000	1559.40921	1542.49491	1529.42552
2025-09-11T08:10:25Z	818.00000	1559.40852	1542.49358	1529.42478
2025-09-11T08:10:25Z	818.00000	1559.40792	1542.49227	1529.42403
2025-09-11T08:10:25Z	818.00000	1559.40724	1542.49095	1529.42325
2025-09-11T08:10:25Z	818.00000	1559.40666	1542.48971	1529.42253
2025-09-11T08:10:25Z	819.00000	1559.40603	1542.48842	1529.42187
2025-09-11T08:10:26Z	819.00000	1559.40527	1542.48708	1529.42107
2025-09-11T08:10:26Z	819.00000	1559.40470	1542.48594	1529.42036
2025-09-11T08:10:26Z	819.00000	1559.40405	1542.48480	1529.41980
2025-09-11T08:10:26Z	819.00000	1559.40344	1542.48358	1529.41893
2025-09-11T08:10:26Z	819.00000	1559.47542	1542.62999	1529.50432
2025-09-11T08:10:26Z	819.00000	1559.63278	1542.95216	1529.68712
2025-09-11T08:10:26Z	819.00000	1559.79295	1543.28800	1529.88026
2025-09-11T08:10:26Z	819.00000	1559.96701	1543.67300	1530.09273
2025-09-11T08:10:26Z	819.00000	1560.10362	1543.98000	1530.25820
2025-09-11T08:10:26Z	820.00000	1560.23073	1544.27013	1530.41858
2025-09-11T08:10:27Z	820.00000	1560.37295	1544.59253	1530.59458
2025-09-11T08:10:27Z	820.00000	1560.48942	1544.85664	1530.73935
2025-09-11T08:10:27Z	820.00000	1560.60439	1545.10765	1530.87985
2025-09-11T08:10:27Z	820.00000	1560.73298	1545.39743	1531.03870
2025-09-11T08:10:27Z	820.00000	1560.83867	1545.62751	1531.16537
2025-09-11T08:10:27Z	820.00000	1560.96738	1545.90963	1531.32092
2025-09-11T08:10:27Z	820.00000	1561.06975	1546.13061	1531.44483
2025-09-11T08:10:27Z	820.00000	1561.16891	1546.33798	1531.56353
2025-09-11T08:10:27Z	820.00000	1561.27406	1546.57212	1531.69196
2025-09-11T08:10:27Z	821.00000	1561.35574	1546.75870	1531.79630
2025-09-11T08:10:28Z	821.00000	1561.43293	1546.92980	1531.89328
2025-09-11T08:10:28Z	821.00000	1561.51306	1547.11570	1531.99974
2025-09-11T08:10:28Z	821.00000	1561.57278	1547.25901	1532.08077
2025-09-11T08:10:28Z	821.00000	1561.63466	1547.40852	1532.16725
2025-09-11T08:10:28Z	821.00000	1561.67516	1547.50763	1532.22445
2025-09-11T08:10:28Z	821.00000	1561.70828	1547.58368	1532.27157
2025-09-11T08:10:28Z	821.00000	1561.74970	1547.68221	1532.32685
2025-09-11T08:10:28Z	821.00000	1561.77987	1547.75252	1532.36556
2025-09-11T08:10:28Z	821.00000	1561.80774	1547.81587	1532.40140
2025-09-11T08:10:28Z	822.00000	1561.83762	1547.88709	1532.44051
2025-09-11T08:10:29Z	822.00000	1561.86503	1547.95100	1532.47631
2025-09-11T08:10:29Z	822.00000	1561.88515	1547.99898	1532.50320
2025-09-11T08:10:29Z	822.00000	1561.90482	1548.04630	1532.53112
2025-09-11T08:10:29Z	822.00000	1561.91934	1548.08042	1532.55065
2025-09-11T08:10:29Z	822.00000	1561.93221	1548.11120	1532.56757
2025-09-11T08:10:29Z	822.00000	1561.94170	1548.13434	1532.58110
2025-09-11T08:10:29Z	822.00000	1561.95086	1548.15565	1532.59286
2025-09-11T08:10:29Z	822.00000	1561.96030	1548.17806	1532.60500
2025-09-11T08:10:29Z	822.00000	1561.96724	1548.19424	1532.61412
2025-09-11T08:10:29Z	823.00000	1561.97262	1548.20723	1532.62165
2025-09-11T08:10:30Z	823.00000	1561.97843	1548.22026	1532.62890
2025-09-11T08:10:30Z	823.00000	1561.98254	1548.22941	1532.63478
2025-09-11T08:10:30Z	823.00000	1561.98623	1548.23756	1532.63956
2025-09-11T08:10:30Z	823.00000	1560.88300	1545.73073	1531.20743
2025-09-11T08:10:30Z	823.00000	1560.69460	1545.32343	1530.98684
2025-09-11T08:10:30Z	823.00000	1560.56785	1545.03207	1530.82544
2025-09-11T08:10:30Z	823.00000	1560.42934	1544.72802	1530.65527
2025-09-11T08:10:30Z	823.00000	1560.32124	1544.47981	1530.51778
2025-09-11T08:10:30Z	823.00000	1560.20028	1544.20707	1530.36664
2025-09-11T08:10:30Z	824.00000	1560.10510	1543.99102	1530.24915
2025-09-11T08:10:31Z	824.00000	1560.00750	1543.77685	1530.13221
2025-09-11T08:10:31Z	824.00000	1559.90174	1543.54028	1530.00384
2025-09-11T08:10:31Z	824.00000	1559.81355	1543.34426	1529.89911
2025-09-11T08:10:31Z	824.00000	1559.73005	1543.16219	1529.79713
2025-09-11T08:10:31Z	824.00000	1559.63076	1542.95280	1529.67950
2025-09-11T08:10:31Z	824.00000	1559.54428	1542.77243	1529.57785
2025-09-11T08:10:31Z	824.00000	1559.48186	1542.64679	1529.50940
2025-09-11T08:10:31Z	824.00000	1559.47434	1542.62999	1529.50135
2025-09-11T08:10:31Z	824.00000	1559.46936	1542.61900	1529.49589
2025-09-11T08:10:31Z	825.00000	1559.46456	1542.60848	1529.49054
2025-09-11T08:10:32Z	825.00000	1559.46098	1542.60080	1529.48641
2025-09-11T08:10:32Z	825.00000	1559.45756	1542.59392	1529.48282
2025-09-11T08:10:32Z	825.00000	1559.45418	1542.58681	1529.47900
2025-09-11T08:10:32Z	825.00000	1559.45161	1542.58133	1529.47592
2025-09-11T08:10:32Z	825.00000	1559.44917	1542.57630	1529.47319
2025-09-11T08:10:32Z	825.00000	1559.44653	1542.57094	1529.47017
2025-09-11T08:10:32Z	825.00000	1559.44455	1542.56663	1529.46778
2025-09-11T08:10:32Z	825.00000	1559.44232	1542.56202	1529.46516
2025-09-11T08:10:32Z	825.00000	1559.44037	1542.55815	1529.46311
2025-09-11T08:10:32Z	826.00000	1559.43875	1542.55463	1529.46105
2025-09-11T08:10:33Z	826.00000	1559.43682	1542.55083	1529.45881
2025-09-11T08:10:33Z	826.00000	1559.43523	1542.54771	1529.45711
2025-09-11T08:10:33Z	826.00000	1559.43373	1542.54469	1529.45525
2025-09-11T08:10:33Z	826.00000	1559.43219	1542.54147	1529.45349
2025-09-11T08:10:33Z	826.00000	1559.43078	1542.53883	1529.45188
2025-09-11T08:10:33Z	826.00000	1559.42936	1542.53580	1529.45022
2025-09-11T08:10:33Z	826.00000	1559.42808	1542.53338	1529.44882
2025-09-11T08:10:33Z	826.00000	1559.42697	1542.53103	1529.44744
2025-09-11T08:10:33Z	826.00000	1559.42585	1542.52880	1529.44622
2025-09-11T08:10:33Z	827.00000	1559.42484	1542.52659	1529.44488
2025-09-11T08:10:34Z	827.00000	1559.42360	1542.52416	1529.44356
2025-09-11T08:10:34Z	827.00000	1559.42255	1542.52226	1529.44238
2025-09-11T08:10:34Z	827.00000	1559.42145	1542.51999	1529.44096
2025-09-11T08:10:34Z	827.00000	1559.42045	1542.51817	1529.43991
2025-09-11T08:10:34Z	827.00000	1559.41962	1542.51634	1529.43884
2025-09-11T08:10:34Z	827.00000	1559.41876	1542.51458	1529.43786
2025-09-11T08:10:34Z	827.00000	1559.41774	1542.51261	1529.43673
2025-09-11T08:10:34Z	827.00000	1559.41695	1542.51104	1529.43583
2025-09-11T08:10:34Z	827.00000	1559.41606	1542.50924	1529.43473
2025-09-11T08:10:35Z	828.00000	1559.41386	1542.50490	1529.43215
2025-09-11T08:10:35Z	828.00000	1559.41192	1542.50104	1529.43001
2025-09-11T08:10:35Z	828.00000	1559.41028	1542.49793	1529.42809
2025-09-11T08:10:35Z	828.00000	1559.40879	1542.49503	1529.42621
2025-09-11T08:10:36Z	829.00000	1559.40744	1542.49250	1529.42493
2025-09-11T08:10:36Z	829.00000	1559.40630	1542.49002	1529.42355
2025-09-11T08:10:36Z	829.00000	1559.67537	1543.04259	1529.73998
2025-09-11T08:10:36Z	829.00000	1559.98662	1543.72210	1530.12074
2025-09-11T08:10:36Z	829.00000	1560.29788	1544.42669	1530.50669
2025-09-11T08:10:37Z	830.00000	1560.57905	1545.05575	1530.85550
2025-09-11T08:10:37Z	830.00000	1560.80542	1545.55955	1531.13102
2025-09-11T08:10:37Z	830.00000	1561.04866	1546.08593	1531.42685
2025-09-11T08:10:37Z	830.00000	1561.30104	1546.63758	1531.73555
2025-09-11T08:10:37Z	830.00000	1561.38116	1546.81996	1531.83619
2025-09-11T08:10:38Z	831.00000	1561.45523	1546.98507	1531.93288
2025-09-11T08:10:38Z	831.00000	1561.57123	1547.26115	1532.08991
2025-09-11T08:10:38Z	831.00000	1561.62276	1547.38548	1532.16163
2025-09-11T08:10:38Z	831.00000	1561.65936	1547.47697	1532.21377
2025-09-11T08:10:38Z	831.00000	1561.69130	1547.55274	1532.26116
2025-09-11T08:10:38Z	831.00000	1561.71595	1547.61130	1532.29699
2025-09-11T08:10:38Z	831.00000	1561.74261	1547.67726	1532.33379
2025-09-11T08:10:38Z	831.00000	1561.76568	1547.73242	1532.36472
2025-09-11T08:10:38Z	831.00000	1561.78815	1547.78420	1532.39472
2025-09-11T08:10:38Z	832.00000	1561.80814	1547.83124	1532.42087
2025-09-11T08:10:39Z	832.00000	1561.82529	1547.87230	1532.44419
2025-09-11T08:10:39Z	832.00000	1561.84501	1547.91897	1532.47114
2025-09-11T08:10:39Z	832.00000	1561.85957	1547.95355	1532.49123
2025-09-11T08:10:39Z	832.00000	1561.87307	1547.98402	1532.50816
2025-09-11T08:10:39Z	832.00000	1561.88862	1548.02040	1532.52870
2025-09-11T08:10:39Z	832.00000	1561.90025	1548.04717	1532.54379
2025-09-11T08:10:39Z	832.00000	1561.91215	1548.07398	1532.55868
2025-09-11T08:10:39Z	832.00000	1561.92232	1548.09765	1532.57162
2025-09-11T08:10:39Z	832.00000	1561.92900	1548.11381	1532.58115
2025-09-11T08:10:39Z	833.00000	1561.93519	1548.12831	1532.58959
2025-09-11T08:10:40Z	833.00000	1561.94174	1548.14367	1532.59775
2025-09-11T08:10:40Z	833.00000	1561.94641	1548.15454	1532.60424
2025-09-11T08:10:40Z	833.00000	1561.88628	1547.95319	1532.50168
2025-09-11T08:10:40Z	833.00000	1560.83798	1545.63441	1531.16161
2025-09-11T08:10:40Z	833.00000	1560.65014	1545.22402	1530.93447
2025-09-11T08:10:40Z	833.00000	1560.52419	1544.93775	1530.77628
2025-09-11T08:10:40Z	833.00000	1560.38986	1544.64186	1530.61143
2025-09-11T08:10:40Z	833.00000	1560.28299	1544.39760	1530.47595
2025-09-11T08:10:40Z	833.00000	1560.16508	1544.13248	1530.32792
2025-09-11T08:10:40Z	834.00000	1560.06900	1543.91394	1530.20930
2025-09-11T08:10:41Z	834.00000	1559.97407	1543.70260	1530.09652
2025-09-11T08:10:41Z	834.00000	1559.86902	1543.46979	1529.96787
2025-09-11T08:10:41Z	834.00000	1559.78236	1543.28096	1529.86459
2025-09-11T08:10:41Z	834.00000	1559.69748	1543.09554	1529.76039
2025-09-11T08:10:41Z	834.00000	1559.59786	1542.88446	1529.64171
2025-09-11T08:10:41Z	834.00000	1559.51235	1542.70921	1529.54381
2025-09-11T08:10:41Z	834.00000	1559.48103	1542.64499	1529.50995
2025-09-11T08:10:41Z	834.00000	1559.47344	1542.62817	1529.50173
2025-09-11T08:10:41Z	834.00000	1559.46882	1542.61799	1529.49650
2025-09-11T08:10:41Z	835.00000	1559.46500	1542.60978	1529.49242
2025-09-11T08:10:42Z	835.00000	1559.46161	1542.60252	1529.48850
2025-09-11T08:10:42Z	835.00000	1559.45798	1542.59498	1529.48445
2025-09-11T08:10:42Z	835.00000	1559.45540	1542.58918	1529.48146
2025-09-11T08:10:42Z	835.00000	1559.45266	1542.58381	1529.47839
2025-09-11T08:10:42Z	835.00000	1559.44998	1542.57815	1529.47514
2025-09-11T08:10:42Z	835.00000	1559.44781	1542.57366	1529.47276
2025-09-11T08:10:42Z	835.00000	1559.44543	1542.56877	1529.46992
2025-09-11T08:10:42Z	835.00000	1559.44341	1542.56497	1529.46778
2025-09-11T08:10:42Z	835.00000	1559.44175	1542.56139	1529.46579
2025-09-11T08:10:42Z	836.00000	1559.43998	1542.55785	1529.46377
2025-09-11T08:10:43Z	836.00000	1559.43813	1542.55424	1529.46166
2025-09-11T08:10:43Z	836.00000	1559.43634	1542.55069	1529.45959
2025-09-11T08:10:43Z	836.00000	1559.43497	1542.54787	1529.45791
2025-09-11T08:10:43Z	836.00000	1559.43371	1542.54503	1529.45640
2025-09-11T08:10:43Z	836.00000	1559.43118	1542.53987	1529.45345
2025-09-11T08:10:43Z	836.00000	1559.42956	1542.53706	1529.45173
2025-09-11T08:10:43Z	836.00000	1559.42854	1542.53488	1529.45053
2025-09-11T08:10:43Z	836.00000	1559.42718	1542.53234	1529.44902
2025-09-11T08:10:43Z	837.00000	1559.42618	1542.53017	1529.44769
2025-09-11T08:10:44Z	837.00000	1559.42509	1542.52819	1529.44659
2025-09-11T08:10:44Z	837.00000	1559.42403	1542.52594	1529.44519
2025-09-11T08:10:44Z	837.00000	1559.42219	1542.52238	1529.44315
2025-09-11T08:10:44Z	837.00000	1559.42120	1542.52029	1529.44188
2025-09-11T08:10:44Z	837.00000	1559.42035	1542.51863	1529.44088
2025-09-11T08:10:44Z	837.00000	1559.41942	1542.51670	1529.43987
2025-09-11T08:10:44Z	837.00000	1559.41864	1542.51512	1529.43885
2025-09-11T08:10:44Z	837.00000	1559.41782	1542.51367	1529.43791
2025-09-11T08:10:44Z	838.00000	1559.41694	1542.51187	1529.43691
2025-09-11T08:10:45Z	838.00000	1559.41554	1542.50899	1529.43513
2025-09-11T08:10:45Z	838.00000	1559.41461	1542.50740	1529.43425
2025-09-11T08:10:45Z	838.00000	1559.41327	1542.50476	1529.43271
2025-09-11T08:10:45Z	838.00000	1559.41258	1542.50325	1529.43169
2025-09-11T08:10:45Z	838.00000	1559.41207	1542.50193	1529.43100
2025-09-11T08:10:45Z	838.00000	1559.41130	1542.50065	1529.43027
2025-09-11T08:10:45Z	838.00000	1559.41072	1542.49944	1529.42965
2025-09-11T08:10:45Z	839.00000	1559.41005	1542.49821	1529.42886
2025-09-11T08:10:46Z	839.00000	1559.40944	1542.49697	1529.42808
2025-09-11T08:10:46Z	839.00000	1559.40838	1542.49483	1529.42681
2025-09-11T08:10:46Z	839.00000	1559.40761	1542.49364	1529.42619
2025-09-11T08:10:46Z	839.00000	1559.70694	1543.10832	1529.77912
2025-09-11T08:10:46Z	839.00000	1559.88313	1543.48943	1529.99361
2025-09-11T08:10:46Z	839.00000	1560.15348	1544.10363	1530.32879
2025-09-11T08:10:46Z	840.00000	1560.29863	1544.43135	1530.51128
2025-09-11T08:10:47Z	840.00000	1560.41795	1544.70341	1530.66115
2025-09-11T08:10:47Z	840.00000	1560.55477	1545.00538	1530.83051
2025-09-11T08:10:47Z	840.00000	1560.77481	1545.49475	1531.09798
2025-09-11T08:10:47Z	840.00000	1560.89832	1545.76256	1531.24788
2025-09-11T08:10:47Z	840.00000	1561.11060	1546.21911	1531.50444
2025-09-11T08:10:47Z	840.00000	1561.30906	1546.65750	1531.75058
2025-09-11T08:10:47Z	841.00000	1561.38700	1546.83422	1531.84802
2025-09-11T08:10:48Z	841.00000	1561.53410	1547.17459	1532.04408
2025-09-11T08:10:48Z	841.00000	1561.64196	1547.43920	1532.19682
2025-09-11T08:10:48Z	841.00000	1561.68000	1547.53203	1532.25289
2025-09-11T08:10:48Z	841.00000	1561.73351	1547.66177	1532.33019
2025-09-11T08:10:48Z	841.00000	1561.77850	1547.76921	1532.39075
2025-09-11T08:10:48Z	842.00000	1561.79701	1547.81198	1532.41539
2025-09-11T08:10:49Z	842.00000	1561.83444	1547.90009	1532.46529
2025-09-11T08:10:49Z	842.00000	1561.85097	1547.93823	1532.48678
2025-09-11T08:10:49Z	842.00000	1561.87905	1548.00362	1532.52372
2025-09-11T08:10:49Z	842.00000	1561.88979	1548.02849	1532.53820
2025-09-11T08:10:49Z	842.00000	1561.91113	1548.07661	1532.56484
2025-09-11T08:10:49Z	842.00000	1561.91829	1548.09367	1532.57455
2025-09-11T08:10:50Z	843.00000	1561.93078	1548.12308	1532.59122
2025-09-11T08:10:50Z	843.00000	1561.58550	1547.25261	1532.08658
2025-09-11T08:10:50Z	843.00000	1560.79881	1545.55315	1531.11868
2025-09-11T08:10:50Z	843.00000	1560.48692	1544.85926	1530.73176
2025-09-11T08:10:50Z	843.00000	1560.37632	1544.61306	1530.59757
2025-09-11T08:10:50Z	843.00000	1560.25261	1544.33166	1530.44158
2025-09-11T08:10:50Z	843.00000	1560.15270	1544.10673	1530.31586
2025-09-11T08:10:50Z	844.00000	1560.04125	1543.85501	1530.17887
2025-09-11T08:10:51Z	844.00000	1559.94691	1543.64443	1530.06637
2025-09-11T08:10:51Z	844.00000	1559.85574	1543.44190	1529.95460
2025-09-11T08:10:51Z	844.00000	1559.75227	1543.21552	1529.82902
2025-09-11T08:10:51Z	844.00000	1559.66681	1543.03250	1529.72639
2025-09-11T08:10:51Z	844.00000	1559.58115	1542.84979	1529.62344
2025-09-11T08:10:51Z	844.00000	1559.48702	1542.65914	1529.51767
2025-09-11T08:10:51Z	844.00000	1559.47984	1542.64280	1529.50986
2025-09-11T08:10:51Z	844.00000	1559.47456	1542.63098	1529.50409
2025-09-11T08:10:51Z	844.00000	1559.46948	1542.61982	1529.49871
2025-09-11T08:10:51Z	845.00000	1559.46567	1542.61177	1529.49432
2025-09-11T08:10:52Z	845.00000	1559.46236	1542.60458	1529.49051
2025-09-11T08:10:52Z	845.00000	1559.45880	1542.59734	1529.48657
2025-09-11T08:10:52Z	845.00000	1559.45615	1542.59164	1529.48362
2025-09-11T08:10:52Z	845.00000	1559.45314	1542.58552	1529.48021
2025-09-11T08:10:52Z	845.00000	1559.45098	1542.58087	1529.47753
2025-09-11T08:10:52Z	845.00000	1559.44874	1542.57644	1529.47517
2025-09-11T08:10:52Z	845.00000	1559.44654	1542.57179	1529.47242
2025-09-11T08:10:52Z	845.00000	1559.44475	1542.56802	1529.47025
2025-09-11T08:10:52Z	845.00000	1559.44296	1542.56451	1529.46827
2025-09-11T08:10:52Z	846.00000	1559.44095	1542.56051	1529.46608
2025-09-11T08:10:53Z	846.00000	1559.43948	1542.55743	1529.46421
2025-09-11T08:10:53Z	846.00000	1559.43799	1542.55449	1529.46270
2025-09-11T08:10:53Z	846.00000	1559.43644	1542.55123	1529.46063
2025-09-11T08:10:53Z	846.00000	1559.43505	1542.54861	1529.45911
2025-09-11T08:10:53Z	846.00000	1559.43353	1542.54552	1529.45731
2025-09-11T08:10:53Z	846.00000	1559.43239	1542.54312	1529.45598
2025-09-11T08:10:53Z	846.00000	1559.43117	1542.54076	1529.45456
2025-09-11T08:10:53Z	846.00000	1559.42983	1542.53815	1529.45286
2025-09-11T08:10:53Z	846.00000	1559.42867	1542.53601	1529.45173
2025-09-11T08:10:53Z	847.00000	1559.42779	1542.53402	1529.45051
2025-09-11T08:10:54Z	847.00000	1559.42662	1542.53165	1529.44919
2025-09-11T08:10:54Z	847.00000	1559.42560	1542.52969	1529.44810
2025-09-11T08:10:54Z	847.00000	1559.42458	1542.52757	1529.44676
2025-09-11T08:10:54Z	847.00000	1559.42352	1542.52582	1529.44582
2025-09-11T08:10:54Z	847.00000	1559.42278	1542.52402	1529.44477
2025-09-11T08:10:54Z	847.00000	1559.42173	1542.52216	1529.44355
2025-09-11T08:10:54Z	847.00000	1559.42103	1542.52044	1529.44267
2025-09-11T08:10:54Z	847.00000	1559.42013	1542.51896	1529.44165
2025-09-11T08:10:54Z	847.00000	1559.41929	1542.51718	1529.44074
2025-09-11T08:10:54Z	848.00000	1559.41865	1542.51570	1529.43983
2025-09-11T08:10:55Z	848.00000	1559.41779	1542.51424	1529.43895
2025-09-11T08:10:55Z	848.00000	1559.41709	1542.51246	1529.43790
2025-09-11T08:10:55Z	848.00000	1559.41617	1542.51115	1529.43716
2025-09-11T08:10:55Z	848.00000	1559.41561	1542.50990	1529.43650
2025-09-11T08:10:55Z	848.00000	1559.41485	1542.50840	1529.43552
2025-09-11T08:10:55Z	848.00000	1559.41412	1542.50722	1529.43490
2025-09-11T08:10:55Z	848.00000	1559.41358	1542.50589	1529.43411
2025-09-11T08:10:55Z	848.00000	1559.41289	1542.50455	1529.43334
2025-09-11T08:10:55Z	848.00000	1559.41239	1542.50339	1529.43255
2025-09-11T08:10:55Z	849.00000	1559.41167	1542.50209	1529.43181
2025-09-11T08:10:56Z	849.00000	1559.41094	1542.50094	1529.43125
2025-09-11T08:10:56Z	849.00000	1559.41055	1542.49986	1529.43044
2025-09-11T08:10:56Z	849.00000	1559.40989	1542.49879	1529.42985
2025-09-11T08:10:56Z	849.00000	1559.40931	1542.49760	1529.42914
2025-09-11T08:10:56Z	849.00000	1559.57853	1542.84163	1529.62645
2025-09-11T08:10:56Z	849.00000	1559.76278	1543.22997	1529.85138
2025-09-11T08:10:56Z	849.00000	1559.90928	1543.55163	1530.03001
2025-09-11T08:10:56Z	849.00000	1560.04746	1543.86464	1530.20056
2025-09-11T08:10:56Z	849.00000	1560.19887	1544.20960	1530.39120
2025-09-11T08:10:56Z	850.00000	1560.32239	1544.48710	1530.54472
2025-09-11T08:10:57Z	850.00000	1560.46089	1544.80298	1530.71890
2025-09-11T08:10:57Z	850.00000	1560.57746	1545.05711	1530.86212
2025-09-11T08:10:57Z	850.00000	1560.68532	1545.30044	1530.99693
2025-09-11T08:10:57Z	850.00000	1560.81457	1545.58216	1531.15120
2025-09-11T08:10:57Z	850.00000	1560.92243	1545.81616	1531.28191
2025-09-11T08:10:57Z	850.00000	1561.03009	1546.04815	1531.41479
2025-09-11T08:10:57Z	850.00000	1561.14715	1546.29639	1531.55538
2025-09-11T08:10:57Z	850.00000	1561.24062	1546.50031	1531.66839
2025-09-11T08:10:57Z	850.00000	1561.32475	1546.69500	1531.77649
2025-09-11T08:10:57Z	851.00000	1561.41456	1546.89764	1531.89092
2025-09-11T08:10:58Z	851.00000	1561.48336	1547.05769	1531.98333
2025-09-11T08:10:58Z	851.00000	1561.54450	1547.20481	1532.06684
2025-09-11T08:10:58Z	851.00000	1561.60666	1547.35719	1532.15539
2025-09-11T08:10:58Z	851.00000	1561.64736	1547.45914	1532.21435
2025-09-11T08:10:58Z	851.00000	1561.68335	1547.54650	1532.26826
2025-09-11T08:10:58Z	851.00000	1561.71018	1547.61160	1532.30818
2025-09-11T08:10:58Z	851.00000	1561.73367	1547.67106	1532.34141
2025-09-11T08:10:58Z	851.00000	1561.75629	1547.72693	1532.37278
2025-09-11T08:10:58Z	851.00000	1561.77381	1547.76804	1532.39662
2025-09-11T08:10:58Z	852.00000	1561.79213	1547.81102	1532.42199
2025-09-11T08:10:59Z	852.00000	1561.80570	1547.84377	1532.44074
2025-09-11T08:10:59Z	852.00000	1561.81722	1547.87198	1532.45780
2025-09-11T08:10:59Z	852.00000	1561.82965	1547.90164	1532.47450
2025-09-11T08:10:59Z	852.00000	1561.83945	1547.92440	1532.48785
2025-09-11T08:10:59Z	852.00000	1561.84974	1547.94795	1532.50098
2025-09-11T08:10:59Z	852.00000	1561.85803	1547.96705	1532.51185
2025-09-11T08:10:59Z	852.00000	1561.86691	1547.98630	1532.52277
2025-09-11T08:10:59Z	852.00000	1561.87683	1548.00861	1532.53521
2025-09-11T08:10:59Z	852.00000	1561.88390	1548.02451	1532.54413
2025-09-11T08:10:59Z	853.00000	1561.89161	1548.04163	1532.55390
2025-09-11T08:11:00Z	853.00000	1561.89774	1548.05517	1532.56143
2025-09-11T08:11:00Z	853.00000	1561.90289	1548.06644	1532.56787
2025-09-11T08:11:00Z	853.00000	1560.94025	1545.86824	1531.29650
2025-09-11T08:11:00Z	853.00000	1560.71515	1545.37260	1531.02444
2025-09-11T08:11:00Z	853.00000	1560.57687	1545.05862	1530.85011
2025-09-11T08:11:00Z	853.00000	1560.43891	1544.75727	1530.67972
2025-09-11T08:11:00Z	853.00000	1560.32771	1544.50550	1530.54059
2025-09-11T08:11:00Z	853.00000	1560.22483	1544.27173	1530.41134
2025-09-11T08:11:00Z	853.00000	1560.11106	1544.01379	1530.26912
2025-09-11T08:11:00Z	854.00000	1560.01459	1543.79984	1530.15056
2025-09-11T08:11:01Z	854.00000	1559.92289	1543.59366	1530.03967
2025-09-11T08:11:01Z	854.00000	1559.81792	1543.35965	1529.91232
2025-09-11T08:11:01Z	854.00000	1559.73255	1543.17252	1529.80692
2025-09-11T08:11:01Z	854.00000	1559.64917	1542.99519	1529.70722
2025-09-11T08:11:01Z	854.00000	1559.55013	1542.78541	1529.58862
2025-09-11T08:11:01Z	854.00000	1559.48654	1542.65841	1529.51812
2025-09-11T08:11:01Z	854.00000	1559.47904	1542.64101	1529.51000
2025-09-11T08:11:01Z	854.00000	1559.47403	1542.63022	1529.50480
2025-09-11T08:11:01Z	854.00000	1559.46922	1542.61965	1529.49939
2025-09-11T08:11:01Z	855.00000	1559.46572	1542.61189	1529.49518
2025-09-11T08:11:02Z	855.00000	1559.46248	1542.60523	1529.49173
2025-09-11T08:11:02Z	855.00000	1559.45912	1542.59811	1529.48791
2025-09-11T08:11:02Z	855.00000	1559.45652	1542.59279	1529.48506
2025-09-11T08:11:02Z	855.00000	1559.45419	1542.58776	1529.48218
2025-09-11T08:11:02Z	855.00000	1559.45148	1542.58238	1529.47915
2025-09-11T08:11:02Z	855.00000	1559.44943	1542.57815	1529.47684
2025-09-11T08:11:02Z	855.00000	1559.44749	1542.57425	1529.47446
2025-09-11T08:11:02Z	855.00000	1559.44540	1542.56993	1529.47205
2025-09-11T08:11:02Z	855.00000	1559.44381	1542.56650	1529.47008
2025-09-11T08:11:02Z	856.00000	1559.44213	1542.56313	1529.46832
2025-09-11T08:11:03Z	856.00000	1559.44034	1542.55967	1529.46611
2025-09-11T08:11:03Z	856.00000	1559.43894	1542.55679	1529.46447
2025-09-11T08:11:03Z	856.00000	1559.43758	1542.55401	1529.46295
2025-09-11T08:11:03Z	856.00000	1559.43602	1542.55094	1529.46106
2025-09-11T08:11:03Z	856.00000	1559.43493	1542.54845	1529.45967
2025-09-11T08:11:03Z	856.00000	1559.43353	1542.54594	1529.45824
2025-09-11T08:11:03Z	856.00000	1559.43230	1542.54332	1529.45666
2025-09-11T08:11:03Z	856.00000	1559.43115	1542.54111	1529.45527
2025-09-11T08:11:03Z	856.00000	1559.42985	1542.53861	1529.45388
2025-09-11T08:11:03Z	857.00000	1559.42879	1542.53658	1529.45263
2025-09-11T08:11:04Z	857.00000	1559.42790	1542.53461	1529.45148
2025-09-11T08:11:04Z	857.00000	1559.42681	1542.53255	1529.45030
2025-09-11T08:11:04Z	857.00000	1559.42580	1542.53064	1529.44928
2025-09-11T08:11:04Z	857.00000	1559.42492	1542.52884	1529.44826
2025-09-11T08:11:04Z	857.00000	1559.42395	1542.52689	1529.44694
2025-09-11T08:11:04Z	857.00000	1559.42312	1542.52519	1529.44604
2025-09-11T08:11:04Z	857.00000	1559.42226	1542.52342	1529.44495
2025-09-11T08:11:04Z	857.00000	1559.42149	1542.52187	1529.44399
2025-09-11T08:11:04Z	857.00000	1559.42073	1542.52034	1529.44312
2025-09-11T08:11:04Z	858.00000	1559.41981	1542.51874	1529.44207
2025-09-11T08:11:05Z	858.00000	1559.41914	1542.51732	1529.44126
2025-09-11T08:11:05Z	858.00000	1559.41844	1542.51584	1529.44043
2025-09-11T08:11:05Z	858.00000	1559.41756	1542.51427	1529.43946
2025-09-11T08:11:05Z	858.00000	1559.41695	1542.51305	1529.43868
2025-09-11T08:11:05Z	858.00000	1559.41628	1542.51176	1529.43785
2025-09-11T08:11:05Z	858.00000	1559.41565	1542.51028	1529.43708
2025-09-11T08:11:05Z	858.00000	1559.41499	1542.50911	1529.43629
2025-09-11T08:11:05Z	858.00000	1559.41426	1542.50771	1529.43543
2025-09-11T08:11:05Z	858.00000	1559.41369	1542.50652	1529.43474
2025-09-11T08:11:05Z	859.00000	1559.41312	1542.50555	1529.43404
2025-09-11T08:11:06Z	859.00000	1559.41248	1542.50419	1529.43346
2025-09-11T08:11:06Z	859.00000	1559.41192	1542.50311	1529.43271
2025-09-11T08:11:06Z	859.00000	1559.41135	1542.50205	1529.43205
2025-09-11T08:11:06Z	859.00000	1559.41076	1542.50084	1529.43133
2025-09-11T08:11:06Z	859.00000	1559.41020	1542.49988	1529.43071
2025-09-11T08:11:06Z	859.00000	1559.40977	1542.49888	1529.43012
2025-09-11T08:11:06Z	859.00000	1559.40905	1542.49772	1529.42940
2025-09-11T08:11:06Z	859.00000	1559.40857	1542.49686	1529.42894
2025-09-11T08:11:06Z	859.00000	1559.40801	1542.49592	1529.42834
2025-09-11T08:11:06Z	860.00000	1559.40755	1542.49474	1529.42771
2025-09-11T08:11:07Z	860.00000	1559.40709	1542.49395	1529.42721
2025-09-11T08:11:07Z	860.00000	1559.40667	1542.49307	1529.42663
2025-09-11T08:11:07Z	860.00000	1559.40620	1542.49215	1529.42593
2025-09-11T08:11:07Z	860.00000	1559.40571	1542.49113	1529.42547
2025-09-11T08:11:07Z	860.00000	1559.40510	1542.49020	1529.42498
2025-09-11T08:11:07Z	860.00000	1559.40478	1542.48939	1529.42460
2025-09-11T08:11:07Z	860.00000	1559.40445	1542.48853	1529.42402
2025-09-11T08:11:07Z	860.00000	1559.40379	1542.48770	1529.42346
2025-09-11T08:11:07Z	860.00000	1559.40350	1542.48692	1529.42298
2025-09-11T08:11:07Z	861.00000	1559.40307	1542.48609	1529.42252
2025-09-11T08:11:08Z	861.00000	1559.40260	1542.48525	1529.42189
2025-09-11T08:11:08Z	861.00000	1559.40221	1542.48455	1529.42148
2025-09-11T08:11:08Z	861.00000	1559.40180	1542.48376	1529.42104
2025-09-11T08:11:08Z	861.00000	1559.40143	1542.48287	1529.42052
2025-09-11T08:11:08Z	861.00000	1559.40106	1542.48227	1529.42011
2025-09-11T08:11:08Z	861.00000	1559.40066	1542.48160	1529.41971
2025-09-11T08:11:08Z	861.00000	1559.40023	1542.48070	1529.41907
2025-09-11T08:11:08Z	861.00000	1559.39996	1542.48013	1529.41882
2025-09-11T08:11:08Z	861.00000	1559.39958	1542.47931	1529.41832
2025-09-11T08:11:08Z	862.00000	1559.39915	1542.47872	1529.41800
2025-09-11T08:11:09Z	862.00000	1559.39880	1542.47812	1529.41768
2025-09-11T08:11:09Z	862.00000	1559.39839	1542.47735	1529.41717
2025-09-11T08:11:09Z	862.00000	1559.39819	1542.47681	1529.41683
2025-09-11T08:11:09Z	862.00000	1559.39781	1542.47610	1529.41640
2025-09-11T08:11:09Z	862.00000	1559.39738	1542.47549	1529.41610
2025-09-11T08:11:09Z	862.00000	1559.39718	1542.47493	1529.41570
2025-09-11T08:11:09Z	862.00000	1559.39679	1542.47419	1529.41520
2025-09-11T08:11:09Z	862.00000	1559.39643	1542.47365	1529.41485
2025-09-11T08:11:09Z	862.00000	1559.39617	1542.47302	1529.41455
2025-09-11T08:11:09Z	863.00000	1559.39582	1542.47241	1529.41413
2025-09-11T08:11:10Z	863.00000	1559.39553	1542.47192	1529.41382
2025-09-11T08:11:10Z	863.00000	1559.39533	1542.47125	1529.41346
2025-09-11T08:11:10Z	863.00000	1559.39503	1542.47062	1529.41313
2025-09-11T08:11:10Z	863.00000	1559.39465	1542.47010	1529.41276
2025-09-11T08:11:10Z	863.00000	1559.39434	1542.46964	1529.41245
2025-09-11T08:11:10Z	863.00000	1559.39402	1542.46911	1529.41215
2025-09-11T08:11:10Z	863.00000	1559.39379	1542.46856	1529.41174
2025-09-11T08:11:10Z	863.00000	1559.39356	1542.46794	1529.41138
2025-09-11T08:11:10Z	863.00000	1559.39324	1542.46743	1529.41111
2025-09-11T08:11:10Z	864.00000	1559.39295	1542.46695	1529.41075
2025-09-11T08:11:11Z	864.00000	1559.39273	1542.46641	1529.41042
2025-09-11T08:11:11Z	864.00000	1559.39238	1542.46593	1529.41019
2025-09-11T08:11:11Z	864.00000	1559.39212	1542.46543	1529.40981
2025-09-11T08:11:11Z	864.00000	1559.39194	1542.46498	1529.40950
2025-09-11T08:11:11Z	864.00000	1559.39160	1542.46448	1529.40925
2025-09-11T08:11:11Z	864.00000	1559.39135	1542.46391	1529.40894
2025-09-11T08:11:11Z	864.00000	1559.39112	1542.46347	1529.40870
2025-09-11T08:11:11Z	864.00000	1559.39089	1542.46310	1529.40841
2025-09-11T08:11:11Z	864.00000	1559.39059	1542.46260	1529.40813
2025-09-11T08:11:11Z	865.00000	1559.39042	1542.46207	1529.40779
2025-09-11T08:11:12Z	865.00000	1559.39010	1542.46173	1529.40753
2025-09-11T08:11:12Z	865.00000	1559.38995	1542.46118	1529.40725
2025-09-11T08:11:12Z	865.00000	1559.38962	1542.46076	1529.40700
2025-09-11T08:11:12Z	865.00000	1559.38936	1542.46037	1529.40670
2025-09-11T08:11:12Z	865.00000	1559.38916	1542.45986	1529.40638
2025-09-11T08:11:12Z	865.00000	1559.38889	1542.45941	1529.40609
2025-09-11T08:11:12Z	865.00000	1559.38872	1542.45898	1529.40578
2025-09-11T08:11:12Z	865.00000	1559.38844	1542.45847	1529.40559
2025-09-11T08:11:12Z	865.00000	1559.38814	1542.45815	1529.40526
2025-09-11T08:11:12Z	866.00000	1559.38802	1542.45772	1529.40507
2025-09-11T08:11:13Z	866.00000	1559.38765	1542.45726	1529.40474
2025-09-11T08:11:13Z	866.00000	1559.38757	1542.45687	1529.40445
2025-09-11T08:11:13Z	866.00000	1559.38725	1542.45643	1529.40421
2025-09-11T08:11:13Z	866.00000	1559.38715	1542.45599	1529.40406
2025-09-11T08:11:13Z	866.00000	1559.38689	1542.45570	1529.40378
2025-09-11T08:11:13Z	866.00000	1559.38676	1542.45520	1529.40341
2025-09-11T08:11:13Z	866.00000	1559.38654	1542.45483	1529.40318
2025-09-11T08:11:13Z	866.00000	1559.38624	1542.45445	1529.40290
2025-09-11T08:11:13Z	866.00000	1559.38611	1542.45408	1529.40267
2025-09-11T08:11:13Z	867.00000	1559.38585	1542.45366	1529.40247
2025-09-11T08:11:14Z	867.00000	1559.38568	1542.45327	1529.40232
2025-09-11T08:11:14Z	867.00000	1559.38544	1542.45294	1529.40207
2025-09-11T08:11:14Z	867.00000	1559.38519	1542.45254	1529.40176
2025-09-11T08:11:14Z	867.00000	1559.38509	1542.45224	1529.40153
2025-09-11T08:11:14Z	867.00000	1559.38481	1542.45187	1529.40127
2025-09-11T08:11:14Z	867.00000	1559.38468	1542.45141	1529.40105
2025-09-11T08:11:14Z	867.00000	1559.38445	1542.45111	1529.40082
2025-09-11T08:11:14Z	867.00000	1559.38425	1542.45078	1529.40068
2025-09-11T08:11:14Z	867.00000	1559.38406	1542.45052	1529.40050
2025-09-11T08:11:14Z	868.00000	1559.38392	1542.44992	1529.40013
2025-09-11T08:11:15Z	868.00000	1559.38375	1542.44989	1529.40001
2025-09-11T08:11:15Z	868.00000	1559.38358	1542.44945	1529.39975
2025-09-11T08:11:15Z	868.00000	1559.38331	1542.44903	1529.39948
2025-09-11T08:11:15Z	868.00000	1559.38317	1542.44882	1529.39939
2025-09-11T08:11:15Z	868.00000	1559.38294	1542.44851	1529.39910
2025-09-11T08:11:15Z	868.00000	1559.38284	1542.44812	1529.39883
2025-09-11T08:11:15Z	868.00000	1559.38264	1542.44774	1529.39858
2025-09-11T08:11:15Z	868.00000	1559.38247	1542.44739	1529.39847
2025-09-11T08:11:15Z	868.00000	1559.38229	1542.44718	1529.39827
2025-09-11T08:11:15Z	869.00000	1559.38214	1542.44688	1529.39808
2025-09-11T08:11:16Z	869.00000	1559.38202	1542.44653	1529.39781
2025-09-11T08:11:16Z	869.00000	1559.38176	1542.44622	1529.39776
2025-09-11T08:11:16Z	869.00000	1559.38171	1542.44595	1529.39751
2025-09-11T08:11:16Z	869.00000	1559.38149	1542.44557	1529.39734
2025-09-11T08:11:16Z	869.00000	1559.38127	1542.44531	1529.39715
2025-09-11T08:11:16Z	869.00000	1559.38116	1542.44505	1529.39696
2025-09-11T08:11:16Z	869.00000	1559.38090	1542.44471	1529.39680
2025-09-11T08:11:16Z	869.00000	1559.38083	1542.44441	1529.39663
2025-09-11T08:11:16Z	869.00000	1559.38059	1542.44416	1529.39642
2025-09-11T08:11:16Z	870.00000	1559.38053	1542.44388	1529.39632
2025-09-11T08:11:17Z	870.00000	1559.38038	1542.44349	1529.39617
2025-09-11T08:11:17Z	870.00000	1559.38016	1542.44318	1529.39581
2025-09-11T08:11:17Z	870.00000	1559.38002	1542.44297	1529.39567
2025-09-11T08:11:17Z	870.00000	1559.37999	1542.44274	1529.39548
2025-09-11T08:11:17Z	870.00000	1559.37969	1542.44235	1529.39531
2025-09-11T08:11:17Z	870.00000	1559.37962	1542.44219	1529.39519
2025-09-11T08:11:17Z	870.00000	1559.37946	1542.44180	1529.39501
2025-09-11T08:11:17Z	870.00000	1559.37923	1542.44155	1529.39492
2025-09-11T08:11:17Z	870.00000	1559.37916	1542.44124	1529.39458
2025-09-11T08:11:17Z	871.00000	1559.37903	1542.44108	1529.39438
2025-09-11T08:11:18Z	871.00000	1559.37893	1542.44079	1529.39425
2025-09-11T08:11:18Z	871.00000	1559.37857	1542.44064	1529.39442
2025-09-11T08:11:18Z	871.00000	1559.37846	1542.44035	1529.39423
2025-09-11T08:11:18Z	871.00000	1559.37830	1542.44013	1529.39398
2025-09-11T08:11:18Z	871.00000	1559.37815	1542.43988	1529.39398
2025-09-11T08:11:18Z	871.00000	1559.37799	1542.43960	1529.39382
2025-09-11T08:11:18Z	871.00000	1559.37804	1542.43925	1529.39350
2025-09-11T08:11:18Z	871.00000	1559.37775	1542.43905	1529.39327
2025-09-11T08:11:18Z	871.00000	1559.37766	1542.43877	1529.39314
2025-09-11T08:11:18Z	872.00000	1559.37742	1542.43857	1529.39300
2025-09-11T08:11:19Z	872.00000	1559.37738	1542.43827	1529.39277
2025-09-11T08:11:19Z	872.00000	1559.37718	1542.43813	1529.39284
2025-09-11T08:11:19Z	872.00000	1559.37712	1542.43767	1529.39248
2025-09-11T08:11:19Z	872.00000	1559.37688	1542.43751	1529.39244
2025-09-11T08:11:19Z	872.00000	1559.37672	1542.43729	1529.39217
2025-09-11T08:11:19Z	872.00000	1559.37653	1542.43702	1529.39215
2025-09-11T08:11:19Z	872.00000	1559.37641	1542.43677	1529.39204
2025-09-11T08:11:19Z	872.00000	1559.37640	1542.43655	1529.39183
2025-09-11T08:11:19Z	872.00000	1559.37630	1542.43641	1529.39170
2025-09-11T08:11:19Z	873.00000	1559.37614	1542.43609	1529.39149
2025-09-11T08:11:20Z	873.00000	1559.37594	1542.43585	1529.39147
2025-09-11T08:11:20Z	873.00000	1559.37577	1542.43553	1529.39120
2025-09-11T08:11:20Z	873.00000	1559.37580	1542.43544	1529.39112
2025-09-11T08:11:20Z	873.00000	1559.37556	1542.43516	1529.39096
2025-09-11T08:11:20Z	873.00000	1559.47904	1542.64584	1529.51429
2025-09-11T08:11:20Z	873.00000	1559.64069	1542.98015	1529.70538
2025-09-11T08:11:20Z	873.00000	1559.80254	1543.32624	1529.90587
2025-09-11T08:11:20Z	873.00000	1559.97621	1543.71881	1530.12149
2025-09-11T08:11:20Z	873.00000	1560.12020	1544.04276	1530.29868
2025-09-11T08:11:20Z	874.00000	1560.25600	1544.35191	1530.47014
2025-09-11T08:11:21Z	874.00000	1560.41065	1544.70063	1530.66271
2025-09-11T08:11:21Z	874.00000	1560.54031	1544.98421	1530.82246
2025-09-11T08:11:21Z	874.00000	1560.66016	1545.25127	1530.96939
2025-09-11T08:11:21Z	874.00000	1560.80428	1545.56581	1531.14198
2025-09-11T08:11:21Z	874.00000	1560.92541	1545.82745	1531.28887
2025-09-11T08:11:21Z	874.00000	1561.04959	1546.09656	1531.44109
2025-09-11T08:11:21Z	874.00000	1561.18584	1546.38692	1531.60670
2025-09-11T08:11:21Z	874.00000	1561.29086	1546.62856	1531.73993
2025-09-11T08:11:21Z	874.00000	1561.40299	1546.88844	1531.88602
2025-09-11T08:11:21Z	875.00000	1561.49001	1547.09500	1532.00553
2025-09-11T08:11:22Z	875.00000	1561.56884	1547.29017	1532.11802
2025-09-11T08:11:22Z	875.00000	1561.64104	1547.47538	1532.22541
2025-09-11T08:11:22Z	875.00000	1561.68930	1547.59463	1532.29990
2025-09-11T08:11:22Z	875.00000	1561.73318	1547.70738	1532.36310
2025-09-11T08:11:22Z	875.00000	1561.78546	1547.83547	1532.43822
2025-09-11T08:11:22Z	875.00000	1561.83039	1547.94475	1532.50227
2025-09-11T08:11:22Z	875.00000	1561.87683	1548.05698	1532.57002
2025-09-11T08:11:22Z	875.00000	1561.92419	1548.17761	1532.64567
2025-09-11T08:11:22Z	875.00000	1561.95769	1548.26275	1532.69939
2025-09-11T08:11:22Z	876.00000	1561.98695	1548.33529	1532.74399
2025-09-11T08:11:23Z	876.00000	1562.01580	1548.40542	1532.78690
2025-09-11T08:11:23Z	876.00000	1562.03931	1548.45872	1532.82140
2025-09-11T08:11:23Z	876.00000	1562.06216	1548.51130	1532.85474
2025-09-11T08:11:23Z	876.00000	1562.07736	1548.54732	1532.87669
2025-09-11T08:11:23Z	876.00000	1562.09015	1548.57708	1532.89487
2025-09-11T08:11:23Z	876.00000	1562.10379	1548.60773	1532.91342
2025-09-11T08:11:23Z	876.00000	1562.11396	1548.63090	1532.92830
2025-09-11T08:11:23Z	876.00000	1562.12207	1548.64937	1532.93972
2025-09-11T08:11:23Z	876.00000	1562.13045	1548.66824	1532.95160
2025-09-11T08:11:23Z	877.00000	1562.13613	1548.68153	1532.95995
2025-09-11T08:11:24Z	877.00000	1562.14091	1548.69325	1532.96738
2025-09-11T08:11:24Z	877.00000	1562.14604	1548.70605	1532.97455
2025-09-11T08:11:24Z	877.00000	1562.06146	1548.43665	1532.83177
2025-09-11T08:11:24Z	877.00000	1560.95012	1545.90424	1531.33353
2025-09-11T08:11:24Z	877.00000	1560.74106	1545.44890	1531.07197
2025-09-11T08:11:24Z	877.00000	1560.60797	1545.15103	1530.90554
2025-09-11T08:11:24Z	877.00000	1560.48269	1544.87903	1530.75440
2025-09-11T08:11:24Z	877.00000	1560.34325	1544.56087	1530.57671
2025-09-11T08:11:24Z	877.00000	1560.22846	1544.30189	1530.43383
2025-09-11T08:11:24Z	878.00000	1560.10842	1544.02613	1530.28046
2025-09-11T08:11:25Z	878.00000	1560.00151	1543.78637	1530.14731
2025-09-11T08:11:25Z	878.00000	1559.90166	1543.55964	1530.02394
2025-09-11T08:11:25Z	878.00000	1559.78521	1543.30184	1529.88064
2025-09-11T08:11:25Z	878.00000	1559.68767	1543.08912	1529.75925
2025-09-11T08:11:25Z	878.00000	1559.59212	1542.88333	1529.64257
2025-09-11T08:11:25Z	878.00000	1559.49464	1542.68284	1529.52970
2025-09-11T08:11:25Z	878.00000	1559.47338	1542.63798	1529.50668
2025-09-11T08:11:25Z	878.00000	1559.46756	1542.62484	1529.50016
2025-09-11T08:11:25Z	878.00000	1559.46281	1542.61436	1529.49482
2025-09-11T08:11:25Z	879.00000	1559.45800	1542.60393	1529.48939
2025-09-11T08:11:26Z	879.00000	1559.45454	1542.59640	1529.48528
2025-09-11T08:11:26Z	879.00000	1559.45129	1542.58963	1529.48170
2025-09-11T08:11:26Z	879.00000	1559.44809	1542.58257	1529.47770
2025-09-11T08:11:26Z	879.00000	1559.44543	1542.57711	1529.47484
2025-09-11T08:11:26Z	879.00000	1559.44309	1542.57214	1529.47184
2025-09-11T08:11:26Z	879.00000	1559.44047	1542.56688	1529.46898
2025-09-11T08:11:26Z	879.00000	1559.43837	1542.56277	1529.46651
2025-09-11T08:11:26Z	879.00000	1559.43664	1542.55876	1529.46428
2025-09-11T08:11:26Z	879.00000	1559.43444	1542.55439	1529.46184
2025-09-11T08:11:26Z	880.00000	1559.43280	1542.55111	1529.45982
2025-09-11T08:11:27Z	880.00000	1559.43111	1542.54786	1529.45798
2025-09-11T08:11:27Z	880.00000	1559.42933	1542.54434	1529.45590
2025-09-11T08:11:27Z	880.00000	1559.42792	1542.54132	1529.45425
2025-09-11T08:11:27Z	880.00000	1559.42649	1542.53859	1529.45261
2025-09-11T08:11:27Z	880.00000	1559.42510	1542.53559	1529.45081
2025-09-11T08:11:27Z	880.00000	1559.42263	1542.53059	1529.44793
2025-09-11T08:11:27Z	880.00000	1559.42030	1542.52596	1529.44518
2025-09-11T08:11:28Z	881.00000	1559.41846	1542.52204	1529.44291
2025-09-11T08:11:28Z	881.00000	1559.41666	1542.51850	1529.44066
2025-09-11T08:11:28Z	881.00000	1559.41472	1542.51484	1529.43854
2025-09-11T08:11:28Z	881.00000	1559.41306	1542.51149	1529.43652
2025-09-11T08:11:28Z	881.00000	1559.41155	1542.50828	1529.43476
2025-09-11T08:11:28Z	881.00000	1559.41022	1542.50554	1529.43301
2025-09-11T08:11:29Z	882.00000	1559.40885	1542.50291	1529.43139
2025-09-11T08:11:29Z	882.00000	1559.40738	1542.50001	1529.42978
2025-09-11T08:11:29Z	882.00000	1559.40609	1542.49723	1529.42806
2025-09-11T08:11:29Z	882.00000	1559.40480	1542.49482	1529.42665
2025-09-11T08:11:29Z	882.00000	1559.40373	1542.49274	1529.42533
2025-09-11T08:11:30Z	883.00000	1559.40271	1542.49075	1529.42424
2025-09-11T08:11:30Z	883.00000	1559.40169	1542.48864	1529.42298
2025-09-11T08:11:30Z	883.00000	1559.60317	1542.90533	1529.66363
2025-09-11T08:11:30Z	883.00000	1559.74362	1543.20081	1529.83752
2025-09-11T08:11:30Z	883.00000	1559.89893	1543.54491	1530.03089
2025-09-11T08:11:30Z	883.00000	1560.04449	1543.87716	1530.21485
2025-09-11T08:11:30Z	883.00000	1560.18433	1544.19550	1530.39150
2025-09-11T08:11:31Z	884.00000	1560.42532	1544.74275	1530.69768
2025-09-11T08:11:31Z	884.00000	1560.53359	1544.97954	1530.83270
2025-09-11T08:11:31Z	884.00000	1560.63792	1545.21231	1530.96164
2025-09-11T08:11:31Z	884.00000	1560.76047	1545.48289	1531.11138
2025-09-11T08:11:31Z	884.00000	1560.85872	1545.69543	1531.23295
2025-09-11T08:11:31Z	884.00000	1560.98130	1545.96267	1531.38508
2025-09-11T08:11:31Z	884.00000	1561.12072	1546.26492	1531.55699
2025-09-11T08:11:31Z	884.00000	1561.23329	1546.51403	1531.69625
2025-09-11T08:11:31Z	884.00000	1561.33159	1546.74683	1531.82578
2025-09-11T08:11:31Z	884.00000	1561.44049	1547.00013	1531.97402
2025-09-11T08:11:31Z	885.00000	1561.52397	1547.20391	1532.09228
2025-09-11T08:11:32Z	885.00000	1561.60882	1547.41696	1532.21678
2025-09-11T08:11:32Z	885.00000	1561.66066	1547.54768	1532.29691
2025-09-11T08:11:32Z	885.00000	1561.70808	1547.66819	1532.36688
2025-09-11T08:11:32Z	885.00000	1561.75851	1547.79353	1532.44151
2025-09-11T08:11:32Z	885.00000	1561.79959	1547.89799	1532.50450
2025-09-11T08:11:32Z	885.00000	1561.84552	1548.01299	1532.57531
2025-09-11T08:11:32Z	885.00000	1561.89415	1548.13546	1532.65405
2025-09-11T08:11:32Z	885.00000	1561.92819	1548.22332	1532.70943
2025-09-11T08:11:32Z	885.00000	1561.95850	1548.29972	1532.75701
2025-09-11T08:11:32Z	886.00000	1561.98873	1548.37561	1532.80431
2025-09-11T08:11:33Z	886.00000	1562.01322	1548.43372	1532.84293
2025-09-11T08:11:33Z	886.00000	1562.03812	1548.49156	1532.88025
2025-09-11T08:11:33Z	886.00000	1562.05457	1548.53101	1532.90454
2025-09-11T08:11:33Z	886.00000	1562.06753	1548.56220	1532.92332
2025-09-11T08:11:33Z	886.00000	1562.08148	1548.59428	1532.94400
2025-09-11T08:11:33Z	886.00000	1562.09043	1548.61539	1532.95677
2025-09-11T08:11:33Z	886.00000	1562.09892	1548.63511	1532.96986
2025-09-11T08:11:33Z	886.00000	1562.10526	1548.64981	1532.97946
2025-09-11T08:11:33Z	886.00000	1562.11060	1548.66212	1532.98709
2025-09-11T08:11:33Z	887.00000	1562.11566	1548.67470	1532.99532
2025-09-11T08:11:34Z	887.00000	1562.11960	1548.68397	1533.00132
2025-09-11T08:11:34Z	887.00000	1562.12304	1548.69219	1533.00676
2025-09-11T08:11:34Z	887.00000	1561.25645	1546.58334	1531.74430
2025-09-11T08:11:34Z	887.00000	1560.86385	1545.72818	1531.25285
2025-09-11T08:11:34Z	887.00000	1560.71184	1545.39506	1531.05952
2025-09-11T08:11:34Z	887.00000	1560.56951	1545.07263	1530.87573
2025-09-11T08:11:34Z	887.00000	1560.44568	1544.80266	1530.72104
2025-09-11T08:11:34Z	887.00000	1560.33717	1544.55278	1530.58004
2025-09-11T08:11:34Z	887.00000	1560.20505	1544.25209	1530.41248
2025-09-11T08:11:34Z	888.00000	1560.10442	1544.02108	1530.28324
2025-09-11T08:11:35Z	888.00000	1559.98103	1543.74280	1530.12961
2025-09-11T08:11:35Z	888.00000	1559.88185	1543.51617	1530.00408
2025-09-11T08:11:35Z	888.00000	1559.78294	1543.29777	1529.88244
2025-09-11T08:11:35Z	888.00000	1559.66907	1543.05065	1529.74107
2025-09-11T08:11:35Z	888.00000	1559.57377	1542.84434	1529.62371
2025-09-11T08:11:35Z	888.00000	1559.49111	1542.67632	1529.52944
2025-09-11T08:11:35Z	888.00000	1559.48206	1542.65577	1529.51973
2025-09-11T08:11:35Z	888.00000	1559.47644	1542.64310	1529.51349
2025-09-11T08:11:35Z	888.00000	1559.47178	1542.63280	1529.50816
2025-09-11T08:11:35Z	889.00000	1559.46712	1542.62264	1529.50281
2025-09-11T08:11:36Z	889.00000	1559.46357	1542.61494	1529.49879
2025-09-11T08:11:36Z	889.00000	1559.46042	1542.60827	1529.49514
2025-09-11T08:11:36Z	889.00000	1559.45708	1542.60117	1529.49114
2025-09-11T08:11:36Z	889.00000	1559.45446	1542.59563	1529.48807
2025-09-11T08:11:36Z	889.00000	1559.45196	1542.59055	1529.48515
2025-09-11T08:11:36Z	889.00000	1559.44941	1542.58523	1529.48208
2025-09-11T08:11:36Z	889.00000	1559.44740	1542.58099	1529.47964
2025-09-11T08:11:36Z	889.00000	1559.44545	1542.57697	1529.47727
2025-09-11T08:11:36Z	889.00000	1559.44332	1542.57271	1529.47482
2025-09-11T08:11:36Z	890.00000	1559.44171	1542.56919	1529.47278
2025-09-11T08:11:37Z	890.00000	1559.43969	1542.56544	1529.47056
2025-09-11T08:11:37Z	890.00000	1559.43821	1542.56224	1529.46859
2025-09-11T08:11:37Z	890.00000	1559.43528	1542.55649	1529.46526
2025-09-11T08:11:37Z	890.00000	1559.43382	1542.55330	1529.46329
2025-09-11T08:11:37Z	890.00000	1559.43250	1542.55092	1529.46187
2025-09-11T08:11:37Z	890.00000	1559.43103	1542.54800	1529.46017
2025-09-11T08:11:37Z	890.00000	1559.42897	1542.54341	1529.45748
2025-09-11T08:11:37Z	891.00000	1559.42765	1542.54087	1529.45599
2025-09-11T08:11:38Z	891.00000	1559.42546	1542.53674	1529.45348
2025-09-11T08:11:38Z	891.00000	1559.42354	1542.53268	1529.45104
2025-09-11T08:11:38Z	891.00000	1559.42248	1542.53060	1529.44975
2025-09-11T08:11:38Z	891.00000	1559.42082	1542.52733	1529.44785
2025-09-11T08:11:38Z	891.00000	1559.41904	1542.52381	1529.44564
2025-09-11T08:11:38Z	892.00000	1559.41816	1542.52209	1529.44455
2025-09-11T08:11:39Z	892.00000	1559.41747	1542.52065	1529.44368
2025-09-11T08:11:39Z	892.00000	1559.41656	1542.51899	1529.44255
2025-09-11T08:11:39Z	892.00000	1559.41524	1542.51619	1529.44102
2025-09-11T08:11:39Z	892.00000	1559.41455	1542.51461	1529.43985
2025-09-11T08:11:39Z	892.00000	1559.41319	1542.51211	1529.43855
2025-09-11T08:11:39Z	892.00000	1559.41194	1542.50959	1529.43705
2025-09-11T08:11:39Z	893.00000	1559.41139	1542.50838	1529.43620
2025-09-11T08:11:40Z	893.00000	1559.41012	1542.50598	1529.43461
2025-09-11T08:11:40Z	893.00000	1559.40952	1542.50463	1529.43391
2025-09-11T08:11:40Z	893.00000	1559.58734	1542.87115	1529.64548
2025-09-11T08:11:40Z	893.00000	1559.78012	1543.28120	1529.88670
2025-09-11T08:11:40Z	893.00000	1560.07439	1543.94449	1530.25684
2025-09-11T08:11:40Z	894.00000	1560.36531	1544.60779	1530.62927
2025-09-11T08:11:41Z	894.00000	1560.49296	1544.89443	1530.79063
2025-09-11T08:11:41Z	894.00000	1560.64013	1545.22037	1530.97371
2025-09-11T08:11:41Z	894.00000	1560.76147	1545.48842	1531.12148
2025-09-11T08:11:41Z	894.00000	1560.88440	1545.75607	1531.27394
2025-09-11T08:11:41Z	894.00000	1561.02454	1546.06237	1531.44775
2025-09-11T08:11:41Z	894.00000	1561.14374	1546.31947	1531.59698
2025-09-11T08:11:41Z	894.00000	1561.36898	1546.84031	1531.88913
2025-09-11T08:11:41Z	894.00000	1561.46005	1547.05317	1532.01459
2025-09-11T08:11:42Z	895.00000	1561.61812	1547.45049	1532.24778
2025-09-11T08:11:42Z	895.00000	1561.66887	1547.57810	1532.32663
2025-09-11T08:11:42Z	895.00000	1561.72115	1547.71338	1532.40392
2025-09-11T08:11:42Z	895.00000	1561.76181	1547.81526	1532.46766
2025-09-11T08:11:42Z	895.00000	1561.79930	1547.91231	1532.52646
2025-09-11T08:11:42Z	895.00000	1561.85701	1548.05930	1532.61984
2025-09-11T08:11:42Z	895.00000	1561.89176	1548.14802	1532.67706
2025-09-11T08:11:42Z	895.00000	1561.95863	1548.31996	1532.78450
2025-09-11T08:11:42Z	896.00000	1561.98097	1548.37696	1532.82086
2025-09-11T08:11:43Z	896.00000	1562.02333	1548.47866	1532.88738
2025-09-11T08:11:43Z	896.00000	1562.03981	1548.51644	1532.91099
2025-09-11T08:11:43Z	896.00000	1562.05543	1548.55434	1532.93461
2025-09-11T08:11:43Z	896.00000	1562.06782	1548.58238	1532.95262
2025-09-11T08:11:43Z	896.00000	1562.07819	1548.60646	1532.96818
2025-09-11T08:11:43Z	896.00000	1562.08731	1548.62718	1532.98180
2025-09-11T08:11:43Z	896.00000	1562.09429	1548.64315	1532.99268
2025-09-11T08:11:43Z	896.00000	1562.09994	1548.65656	1533.00138
2025-09-11T08:11:43Z	897.00000	1562.10573	1548.66951	1533.01023
2025-09-11T08:11:44Z	897.00000	1562.10986	1548.67962	1533.01693
2025-09-11T08:11:44Z	897.00000	1562.11401	1548.69030	1533.02417
2025-09-11T08:11:44Z	897.00000	1561.02048	1546.08070	1531.46490
2025-09-11T08:11:44Z	897.00000	1560.84435	1545.69322	1531.24288
2025-09-11T08:11:44Z	897.00000	1560.67944	1545.33049	1531.03405
2025-09-11T08:11:44Z	897.00000	1560.55382	1545.04370	1530.86893
2025-09-11T08:11:44Z	897.00000	1560.43285	1544.78092	1530.71744
2025-09-11T08:11:44Z	897.00000	1560.30680	1544.49010	1530.55313
2025-09-11T08:11:44Z	897.00000	1560.19464	1544.23246	1530.40902
2025-09-11T08:11:44Z	898.00000	1560.07386	1543.95629	1530.25299
2025-09-11T08:11:45Z	898.00000	1559.97072	1543.72267	1530.12407
2025-09-11T08:11:45Z	898.00000	1559.87260	1543.49783	1529.99746
2025-09-11T08:11:45Z	898.00000	1559.75833	1543.24580	1529.85587
2025-09-11T08:11:45Z	898.00000	1559.66362	1543.04067	1529.73795
2025-09-11T08:11:45Z	898.00000	1559.55169	1542.79825	1529.59972
2025-09-11T08:11:45Z	898.00000	1559.49318	1542.68096	1529.53405
2025-09-11T08:11:45Z	898.00000	1559.48625	1542.66487	1529.52623
2025-09-11T08:11:45Z	898.00000	1559.47996	1542.65075	1529.51947
2025-09-11T08:11:45Z	898.00000	1559.47552	1542.64107	1529.51450
2025-09-11T08:11:45Z	899.00000	1559.47164	1542.63237	1529.50993
2025-09-11T08:11:46Z	899.00000	1559.46754	1542.62363	1529.50516
2025-09-11T08:11:46Z	899.00000	1559.46426	1542.61700	1529.50170
2025-09-11T08:11:46Z	899.00000	1559.46156	1542.61105	1529.49842
2025-09-11T08:11:46Z	899.00000	1559.45870	1542.60472	1529.49477
2025-09-11T08:11:46Z	899.00000	1559.45619	1542.59969	1529.49195
2025-09-11T08:11:46Z	899.00000	1559.45402	1542.59523	1529.48931
2025-09-11T08:11:46Z	899.00000	1559.45158	1542.59029	1529.48649
2025-09-11T08:11:46Z	899.00000	1559.44975	1542.58632	1529.48419
2025-09-11T08:11:46Z	899.00000	1559.44785	1542.58243	1529.48173
2025-09-11T08:11:46Z	900.00000	1559.44587	1542.57844	1529.47963
2025-09-11T08:11:47Z	900.00000	1559.44424	1542.57521	1529.47768
2025-09-11T08:11:47Z	900.00000	1559.44272	1542.57222	1529.47586
2025-09-11T08:11:47Z	900.00000	1559.44104	1542.56877	1529.47382
2025-09-11T08:11:47Z	900.00000	1559.43954	1542.56585	1529.47213
2025-09-11T08:11:47Z	900.00000	1559.43826	1542.56320	1529.47056
2025-09-11T08:11:47Z	900.00000	1559.43674	1542.56023	1529.46878
2025-09-11T08:11:47Z	900.00000	1559.43561	1542.55779	1529.46735
2025-09-11T08:11:47Z	900.00000	1559.43419	1542.55512	1529.46566
2025-09-11T08:11:47Z	900.00000	1559.43309	1542.55282	1529.46425
2025-09-11T08:11:47Z	901.00000	1559.43214	1542.55064	1529.46296
2025-09-11T08:11:48Z	901.00000	1559.43076	1542.54825	1529.46146
2025-09-11T08:11:48Z	901.00000	1559.42979	1542.54625	1529.46032
2025-09-11T08:11:48Z	901.00000	1559.42864	1542.54407	1529.45896
2025-09-11T08:11:48Z	901.00000	1559.42762	1542.54212	1529.45766
2025-09-11T08:11:48Z	901.00000	1559.42682	1542.54026	1529.45662
2025-09-11T08:11:48Z	901.00000	1559.42586	1542.53822	1529.45539
2025-09-11T08:11:48Z	901.00000	1559.42491	1542.53667	1529.45453
2025-09-11T08:11:48Z	901.00000	1559.42413	1542.53492	1529.45337
2025-09-11T08:11:48Z	901.00000	1559.42320	1542.53309	1529.45218
2025-09-11T08:11:48Z	902.00000	1559.42240	1542.53163	1529.45131
2025-09-11T08:11:49Z	902.00000	1559.42162	1542.52987	1529.45023
2025-09-11T08:11:49Z	902.00000	1559.42090	1542.52836	1529.44935
2025-09-11T08:11:49Z	902.00000	1559.42019	1542.52692	1529.44853
2025-09-11T08:11:49Z	902.00000	1559.41935	1542.52544	1529.44750
2025-09-11T08:11:49Z	902.00000	1559.41871	1542.52408	1529.44664
2025-09-11T08:11:49Z	902.00000	1559.41788	1542.52252	1529.44575
2025-09-11T08:11:49Z	902.00000	1559.41733	1542.52123	1529.44497
2025-09-11T08:11:49Z	902.00000	1559.41663	1542.51997	1529.44437
2025-09-11T08:11:49Z	902.00000	1559.41585	1542.51856	1529.44340
2025-09-11T08:11:49Z	903.00000	1559.41537	1542.51743	1529.44255
2025-09-11T08:11:50Z	903.00000	1559.41472	1542.51632	1529.44189
2025-09-11T08:11:50Z	903.00000	1559.41411	1542.51508	1529.44103
2025-09-11T08:11:50Z	903.00000	1559.41358	1542.51400	1529.44047
2025-09-11T08:11:50Z	903.00000	1559.47382	1542.63757	1529.51321
2025-09-11T08:11:50Z	903.00000	1559.63888	1542.98321	1529.71378
2025-09-11T08:11:50Z	903.00000	1559.80305	1543.32940	1529.91789
2025-09-11T08:11:50Z	903.00000	1559.97566	1543.72300	1530.13898
2025-09-11T08:11:50Z	903.00000	1560.11736	1544.04475	1530.31855
2025-09-11T08:11:50Z	903.00000	1560.24911	1544.34843	1530.49052
2025-09-11T08:11:50Z	904.00000	1560.40166	1544.69598	1530.68642
2025-09-11T08:11:51Z	904.00000	1560.53110	1544.98165	1530.84968
2025-09-11T08:11:51Z	904.00000	1560.65455	1545.25974	1531.00626
2025-09-11T08:11:51Z	904.00000	1560.79632	1545.57216	1531.18119
2025-09-11T08:11:51Z	904.00000	1560.91729	1545.83791	1531.33321
2025-09-11T08:11:51Z	904.00000	1561.05700	1546.14594	1531.50714
2025-09-11T08:11:51Z	904.00000	1561.17400	1546.39882	1531.65420
2025-09-11T08:11:51Z	904.00000	1561.28003	1546.64454	1531.79238
2025-09-11T08:11:51Z	904.00000	1561.39094	1546.90624	1531.94637
2025-09-11T08:11:51Z	904.00000	1561.47824	1547.11494	1532.06797
2025-09-11T08:11:51Z	905.00000	1561.55547	1547.30990	1532.18271
2025-09-11T08:11:52Z	905.00000	1561.62407	1547.48835	1532.28960
2025-09-11T08:11:52Z	905.00000	1561.67261	1547.61113	1532.36432
2025-09-11T08:11:52Z	905.00000	1561.72271	1547.74167	1532.44072
2025-09-11T08:11:52Z	905.00000	1561.76055	1547.83862	1532.50155
2025-09-11T08:11:52Z	905.00000	1561.79871	1547.93297	1532.55583
2025-09-11T08:11:52Z	905.00000	1561.84788	1548.05041	1532.62484
2025-09-11T08:11:52Z	905.00000	1561.88116	1548.13143	1532.67588
2025-09-11T08:11:52Z	905.00000	1561.92040	1548.23378	1532.74065
2025-09-11T08:11:52Z	905.00000	1561.95140	1548.31385	1532.79124
2025-09-11T08:11:52Z	906.00000	1561.97366	1548.37194	1532.82866
2025-09-11T08:11:53Z	906.00000	1561.99486	1548.42324	1532.86217
2025-09-11T08:11:53Z	906.00000	1562.01970	1548.48202	1532.90073
2025-09-11T08:11:53Z	906.00000	1562.03689	1548.52099	1532.92494
2025-09-11T08:11:53Z	906.00000	1562.05057	1548.55387	1532.94457
2025-09-11T08:11:53Z	906.00000	1562.06452	1548.58573	1532.96510
2025-09-11T08:11:53Z	906.00000	1562.07442	1548.60828	1532.97967
2025-09-11T08:11:53Z	906.00000	1562.08272	1548.62677	1532.99188
2025-09-11T08:11:53Z	906.00000	1562.09090	1548.64482	1533.00407
2025-09-11T08:11:53Z	906.00000	1562.09626	1548.65824	1533.01323
2025-09-11T08:11:53Z	907.00000	1562.10154	1548.66985	1533.02074
2025-09-11T08:11:54Z	907.00000	1562.10654	1548.68142	1533.02836
2025-09-11T08:11:54Z	907.00000	1562.11031	1548.69047	1533.03417
2025-09-11T08:11:54Z	907.00000	1560.97926	1545.99436	1531.42199
2025-09-11T08:11:54Z	907.00000	1560.79345	1545.58735	1531.18755
2025-09-11T08:11:54Z	907.00000	1560.66963	1545.31404	1531.02999
2025-09-11T08:11:54Z	907.00000	1560.52503	1544.98759	1530.84309
2025-09-11T08:11:54Z	907.00000	1560.40599	1544.72237	1530.68763
2025-09-11T08:11:54Z	907.00000	1560.27782	1544.42830	1530.51972
2025-09-11T08:11:54Z	907.00000	1560.17059	1544.18311	1530.38036
2025-09-11T08:11:54Z	908.00000	1560.06525	1543.93990	1530.24527
2025-09-11T08:11:55Z	908.00000	1559.94541	1543.66573	1530.09522
2025-09-11T08:11:55Z	908.00000	1559.84750	1543.44253	1529.96794
2025-09-11T08:11:55Z	908.00000	1559.74781	1543.22347	1529.84501
2025-09-11T08:11:55Z	908.00000	1559.63516	1542.97977	1529.70531
2025-09-11T08:11:55Z	908.00000	1559.54007	1542.77529	1529.58794
2025-09-11T08:11:55Z	908.00000	1559.49383	1542.68253	1529.53647
2025-09-11T08:11:55Z	908.00000	1559.48750	1542.66797	1529.52944
2025-09-11T08:11:55Z	908.00000	1559.48236	1542.65659	1529.52392
2025-09-11T08:11:55Z	908.00000	1559.47730	1542.64540	1529.51815
2025-09-11T08:11:55Z	909.00000	1559.47356	1542.63720	1529.51384
2025-09-11T08:11:56Z	909.00000	1559.47019	1542.63002	1529.50997
2025-09-11T08:11:56Z	909.00000	1559.46653	1542.62246	1529.50588
2025-09-11T08:11:56Z	909.00000	1559.46389	1542.61674	1529.50274
2025-09-11T08:11:56Z	909.00000	1559.46138	1542.61124	1529.49967
2025-09-11T08:11:56Z	909.00000	1559.45867	1542.60568	1529.49642
2025-09-11T08:11:56Z	909.00000	1559.45648	1542.60132	1529.49408
2025-09-11T08:11:56Z	909.00000	1559.45449	1542.59695	1529.49156
2025-09-11T08:11:56Z	909.00000	1559.45215	1542.59249	1529.48890
2025-09-11T08:11:56Z	909.00000	1559.45049	1542.58882	1529.48671
2025-09-11T08:11:56Z	910.00000	1559.44840	1542.58477	1529.48433
2025-09-11T08:11:57Z	910.00000	1559.44678	1542.58159	1529.48251
2025-09-11T08:11:57Z	910.00000	1559.44511	1542.57791	1529.48031
2025-09-11T08:11:57Z	910.00000	1559.44356	1542.57505	1529.47856
2025-09-11T08:11:57Z	910.00000	1559.44238	1542.57223	1529.47683
2025-09-11T08:11:57Z	910.00000	1559.44092	1542.56947	1529.47532
2025-09-11T08:11:57Z	910.00000	1559.43942	1542.56670	1529.47351
2025-09-11T08:11:57Z	910.00000	1559.43828	1542.56415	1529.47198
2025-09-11T08:11:57Z	910.00000	1559.43682	1542.56148	1529.47042
2025-09-11T08:11:57Z	910.00000	1559.43584	1542.55917	1529.46906
2025-09-11T08:11:57Z	911.00000	1559.43469	1542.55715	1529.46780
2025-09-11T08:11:58Z	911.00000	1559.43357	1542.55460	1529.46622
2025-09-11T08:11:58Z	911.00000	1559.43260	1542.55268	1529.46487
2025-09-11T08:11:58Z	911.00000	1559.43153	1542.55079	1529.46378
2025-09-11T08:11:58Z	911.00000	1559.43035	1542.54857	1529.46248
2025-09-11T08:11:58Z	911.00000	1559.42960	1542.54686	1529.46147
2025-09-11T08:11:58Z	911.00000	1559.42856	1542.54479	1529.46025
2025-09-11T08:11:58Z	911.00000	1559.42770	1542.54316	1529.45922
2025-09-11T08:11:58Z	911.00000	1559.42674	1542.54151	1529.45805
2025-09-11T08:11:58Z	911.00000	1559.42590	1542.53969	1529.45720
2025-09-11T08:11:58Z	912.00000	1559.42514	1542.53815	1529.45605
2025-09-11T08:11:59Z	912.00000	1559.42437	1542.53656	1529.45520
2025-09-11T08:11:59Z	912.00000	1559.42353	1542.53488	1529.45410
2025-09-11T08:11:59Z	912.00000	1559.42281	1542.53349	1529.45323
2025-09-11T08:11:59Z	912.00000	1559.42208	1542.53190	1529.45229
2025-09-11T08:11:59Z	912.00000	1559.42133	1542.53052	1529.45144
2025-09-11T08:11:59Z	912.00000	1559.42067	1542.52926	1529.45069
2025-09-11T08:11:59Z	912.00000	1559.41985	1542.52775	1529.44969
2025-09-11T08:11:59Z	912.00000	1559.41928	1542.52664	1529.44905
2025-09-11T08:11:59Z	912.00000	1559.41868	1542.52534	1529.44826
2025-09-11T08:11:59Z	913.00000	1559.41800	1542.52400	1529.44743
2025-09-11T08:12:00Z	913.00000	1559.41727	1542.52272	1529.44673
2025-09-11T08:12:00Z	913.00000	1559.41674	1542.52148	1529.44595
2025-09-11T08:12:00Z	913.00000	1559.41615	1542.52042	1529.44520
2025-09-11T08:12:00Z	913.00000	1559.49311	1542.67968	1529.53808
2025-09-11T08:12:00Z	913.00000	1559.68813	1543.08671	1529.77483
2025-09-11T08:12:00Z	913.00000	1559.84700	1543.42751	1529.97416
2025-09-11T08:12:00Z	913.00000	1559.99269	1543.76450	1530.16279
2025-09-11T08:12:00Z	913.00000	1560.15662	1544.13902	1530.37220
2025-09-11T08:12:00Z	913.00000	1560.28951	1544.44136	1530.54497
2025-09-11T08:12:00Z	914.00000	1560.42049	1544.74088	1530.71376
2025-09-11T08:12:01Z	914.00000	1560.57133	1545.07242	1530.90193
2025-09-11T08:12:01Z	914.00000	1560.69203	1545.34589	1531.05648
2025-09-11T08:12:01Z	914.00000	1560.83475	1545.65799	1531.23327
2025-09-11T08:12:01Z	914.00000	1560.95399	1545.92246	1531.38429
2025-09-11T08:12:01Z	914.00000	1561.07191	1546.18085	1531.53067
2025-09-11T08:12:01Z	914.00000	1561.20833	1546.47781	1531.70182
2025-09-11T08:12:01Z	914.00000	1561.30870	1546.71418	1531.83491
2025-09-11T08:12:01Z	914.00000	1561.41766	1546.97160	1531.98782
2025-09-11T08:12:01Z	914.00000	1561.50192	1547.17844	1532.10902
2025-09-11T08:12:01Z	915.00000	1561.57489	1547.36374	1532.21795
2025-09-11T08:12:02Z	915.00000	1561.63656	1547.52486	1532.31602
2025-09-11T08:12:02Z	915.00000	1561.68295	1547.64446	1532.38657
2025-09-11T08:12:02Z	915.00000	1561.72398	1547.75209	1532.45122
2025-09-11T08:12:02Z	915.00000	1561.76833	1547.86537	1532.52125
2025-09-11T08:12:02Z	915.00000	1561.80858	1547.96351	1532.57718
2025-09-11T08:12:02Z	915.00000	1561.84483	1548.05100	1532.62963
2025-09-11T08:12:02Z	915.00000	1561.88368	1548.14304	1532.68476
2025-09-11T08:12:02Z	915.00000	1561.91030	1548.20847	1532.72225
2025-09-11T08:12:02Z	915.00000	1561.93795	1548.27519	1532.76191
2025-09-11T08:12:02Z	916.00000	1561.97837	1548.37672	1532.82936
2025-09-11T08:12:03Z	916.00000	1561.99864	1548.42761	1532.86260
2025-09-11T08:12:03Z	916.00000	1562.01784	1548.47401	1532.89253
2025-09-11T08:12:03Z	916.00000	1562.03116	1548.50601	1532.91259
2025-09-11T08:12:03Z	916.00000	1562.04337	1548.53600	1532.93083
2025-09-11T08:12:03Z	916.00000	1562.05569	1548.56539	1532.94937
2025-09-11T08:12:03Z	916.00000	1562.06438	1548.58570	1532.96249
2025-09-11T08:12:03Z	916.00000	1562.07141	1548.60205	1532.97290
2025-09-11T08:12:03Z	916.00000	1562.07753	1548.61662	1532.98282
2025-09-11T08:12:03Z	916.00000	1562.08218	1548.62725	1532.98958
2025-09-11T08:12:03Z	917.00000	1562.08621	1548.63678	1532.99587
2025-09-11T08:12:04Z	917.00000	1562.09021	1548.64619	1533.00198
2025-09-11T08:12:04Z	917.00000	1562.09294	1548.65313	1533.00669
2025-09-11T08:12:04Z	917.00000	1562.09565	1548.65872	1533.01069
2025-09-11T08:12:04Z	917.00000	1560.98517	1546.00526	1531.42896
2025-09-11T08:12:04Z	917.00000	1560.80816	1545.62151	1531.20825
2025-09-11T08:12:04Z	917.00000	1560.66063	1545.29580	1531.01951
2025-09-11T08:12:04Z	917.00000	1560.53616	1545.01253	1530.85757
2025-09-11T08:12:04Z	917.00000	1560.41787	1544.75173	1530.70485
2025-09-11T08:12:04Z	917.00000	1560.29062	1544.45851	1530.53763
2025-09-11T08:12:04Z	918.00000	1560.18098	1544.20715	1530.39549
2025-09-11T08:12:05Z	918.00000	1560.05994	1543.92916	1530.23893
2025-09-11T08:12:05Z	918.00000	1559.95712	1543.69478	1530.11079
2025-09-11T08:12:05Z	918.00000	1559.85972	1543.47210	1529.98491
2025-09-11T08:12:05Z	918.00000	1559.74085	1543.20915	1529.83774
2025-09-11T08:12:05Z	918.00000	1559.64531	1543.00246	1529.71930
2025-09-11T08:12:05Z	918.00000	1559.54955	1542.79553	1529.60068
2025-09-11T08:12:05Z	918.00000	1559.49794	1542.69191	1529.54290
2025-09-11T08:12:05Z	918.00000	1559.49127	1542.67697	1529.53556
2025-09-11T08:12:05Z	918.00000	1559.48600	1542.66515	1529.52988
2025-09-11T08:12:05Z	919.00000	1559.48091	1542.65395	1529.52407
2025-09-11T08:12:06Z	919.00000	1559.47699	1542.64560	1529.51960
2025-09-11T08:12:06Z	919.00000	1559.47370	1542.63831	1529.51576
2025-09-11T08:12:06Z	919.00000	1559.47015	1542.63073	1529.51176
2025-09-11T08:12:06Z	919.00000	1559.46730	1542.62492	1529.50851
2025-09-11T08:12:06Z	919.00000	1559.46449	1542.61862	1529.50500
2025-09-11T08:12:06Z	919.00000	1559.46199	1542.61367	1529.50220
2025-09-11T08:12:06Z	919.00000	1559.45986	1542.60915	1529.49975
2025-09-11T08:12:06Z	919.00000	1559.45742	1542.60424	1529.49684
2025-09-11T08:12:06Z	919.00000	1559.45556	1542.60025	1529.49448
2025-09-11T08:12:06Z	920.00000	1559.45345	1542.59594	1529.49194
2025-09-11T08:12:07Z	920.00000	1559.45177	1542.59255	1529.49005
2025-09-11T08:12:07Z	920.00000	1559.45013	1542.58930	1529.48814
2025-09-11T08:12:07Z	920.00000	1559.44831	1542.58561	1529.48591
2025-09-11T08:12:07Z	920.00000	1559.44685	1542.58263	1529.48420
2025-09-11T08:12:07Z	920.00000	1559.44537	1542.57987	1529.48232
2025-09-11T08:12:07Z	920.00000	1559.44385	1542.57664	1529.48060
2025-09-11T08:12:07Z	920.00000	1559.44252	1542.57416	1529.47900
2025-09-11T08:12:07Z	920.00000	1559.44140	1542.57164	1529.47760
2025-09-11T08:12:07Z	920.00000	1559.44005	1542.56889	1529.47600
2025-09-11T08:12:07Z	921.00000	1559.43883	1542.56665	1529.47456
2025-09-11T08:12:08Z	921.00000	1559.43782	1542.56448	1529.47325
2025-09-11T08:12:08Z	921.00000	1559.43666	1542.56200	1529.47177
2025-09-11T08:12:08Z	921.00000	1559.43550	1542.56013	1529.47057
2025-09-11T08:12:08Z	921.00000	1559.43440	1542.55779	1529.46910
2025-09-11T08:12:08Z	921.00000	1559.43357	1542.55598	1529.46790
2025-09-11T08:12:08Z	921.00000	1559.43254	1542.55425	1529.46685
2025-09-11T08:12:08Z	921.00000	1559.43147	1542.55203	1529.46556
2025-09-11T08:12:08Z	921.00000	1559.43066	1542.55037	1529.46460
2025-09-11T08:12:08Z	921.00000	1559.42983	1542.54862	1529.46352
2025-09-11T08:12:08Z	922.00000	1559.42877	1542.54689	1529.46240
2025-09-11T08:12:09Z	922.00000	1559.42806	1542.54520	1529.46131
2025-09-11T08:12:09Z	922.00000	1559.42731	1542.54380	1529.46049
2025-09-11T08:12:09Z	922.00000	1559.42646	1542.54194	1529.45923
2025-09-11T08:12:09Z	922.00000	1559.42577	1542.54057	1529.45852
2025-09-11T08:12:09Z	922.00000	1559.42486	1542.53894	1529.45731
2025-09-11T08:12:09Z	922.00000	1559.42426	1542.53756	1529.45653
2025-09-11T08:12:09Z	922.00000	1559.42350	1542.53626	1529.45574
2025-09-11T08:12:09Z	922.00000	1559.42288	1542.53475	1529.45476
2025-09-11T08:12:09Z	922.00000	1559.42225	1542.53354	1529.45399
2025-09-11T08:12:09Z	923.00000	1559.42156	1542.53224	1529.45325
2025-09-11T08:12:10Z	923.00000	1559.42081	1542.53093	1529.45238
2025-09-11T08:12:10Z	923.00000	1559.42029	1542.52974	1529.45159
2025-09-11T08:12:10Z	923.00000	1559.41975	1542.52849	1529.45090
2025-09-11T08:12:10Z	923.00000	1559.41907	1542.52725	1529.44996
2025-09-11T08:12:10Z	923.00000	1559.49230	1542.67742	1529.53709
2025-09-11T08:12:10Z	923.00000	1559.68637	1543.08375	1529.77323
2025-09-11T08:12:10Z	923.00000	1559.84445	1543.42246	1529.97136
2025-09-11T08:12:10Z	923.00000	1559.99024	1543.75787	1530.15889
2025-09-11T08:12:10Z	923.00000	1560.15532	1544.13668	1530.36970
2025-09-11T08:12:10Z	924.00000	1560.28910	1544.44121	1530.54344
2025-09-11T08:12:11Z	924.00000	1560.41982	1544.73875	1530.71116
2025-09-11T08:12:11Z	924.00000	1560.56879	1545.06668	1530.89639
2025-09-11T08:12:11Z	924.00000	1560.68832	1545.33672	1531.04888
2025-09-11T08:12:11Z	924.00000	1560.82979	1545.64508	1531.22322
2025-09-11T08:12:11Z	924.00000	1560.94990	1545.91078	1531.37415
2025-09-11T08:12:11Z	924.00000	1561.06849	1546.16963	1531.52027
2025-09-11T08:12:11Z	924.00000	1561.20858	1546.47371	1531.69502
2025-09-11T08:12:11Z	924.00000	1561.31140	1546.71519	1531.83121
2025-09-11T08:12:11Z	924.00000	1561.40736	1546.94001	1531.96457
2025-09-11T08:12:11Z	925.00000	1561.50746	1547.18511	1532.10763
2025-09-11T08:12:12Z	925.00000	1561.58188	1547.37330	1532.21807
2025-09-11T08:12:12Z	925.00000	1561.63492	1547.51251	1532.30311
2025-09-11T08:12:12Z	925.00000	1561.68928	1547.65364	1532.38571
2025-09-11T08:12:12Z	925.00000	1561.72997	1547.75863	1532.44905
2025-09-11T08:12:12Z	925.00000	1561.76631	1547.85261	1532.50778
2025-09-11T08:12:12Z	925.00000	1561.80228	1547.94753	1532.56331
2025-09-11T08:12:12Z	925.00000	1561.84141	1548.03959	1532.61764
2025-09-11T08:12:12Z	925.00000	1561.87888	1548.12685	1532.67048
2025-09-11T08:12:12Z	925.00000	1561.92275	1548.24074	1532.74316
2025-09-11T08:12:12Z	926.00000	1561.94671	1548.30297	1532.78222
2025-09-11T08:12:13Z	926.00000	1561.96754	1548.35723	1532.81660
2025-09-11T08:12:13Z	926.00000	1561.98969	1548.41277	1532.85359
2025-09-11T08:12:13Z	926.00000	1562.00775	1548.45685	1532.88278
2025-09-11T08:12:13Z	926.00000	1562.02654	1548.50036	1532.91089
2025-09-11T08:12:13Z	926.00000	1562.03779	1548.52860	1532.92776
2025-09-11T08:12:13Z	926.00000	1562.04704	1548.55083	1532.94157
2025-09-11T08:12:13Z	926.00000	1562.05631	1548.57229	1532.95506
2025-09-11T08:12:13Z	926.00000	1562.06200	1548.58596	1532.96352
2025-09-11T08:12:13Z	926.00000	1562.06716	1548.59783	1532.97128
2025-09-11T08:12:13Z	927.00000	1562.07218	1548.60880	1532.97828
2025-09-11T08:12:14Z	927.00000	1562.07565	1548.61674	1532.98335
2025-09-11T08:12:14Z	927.00000	1562.07870	1548.62415	1532.98790
2025-09-11T08:12:14Z	927.00000	1562.06867	1548.54431	1532.96562
2025-09-11T08:12:14Z	927.00000	1560.95234	1545.93596	1531.38927
2025-09-11T08:12:14Z	927.00000	1560.75124	1545.49526	1531.13318
2025-09-11T08:12:14Z	927.00000	1560.63150	1545.23043	1530.98189
2025-09-11T08:12:14Z	927.00000	1560.50941	1544.95736	1530.82737
2025-09-11T08:12:14Z	927.00000	1560.37278	1544.64889	1530.64715
2025-09-11T08:12:14Z	927.00000	1560.26028	1544.39224	1530.50054
2025-09-11T08:12:14Z	928.00000	1560.15526	1544.15139	1530.36221
2025-09-11T08:12:15Z	928.00000	1560.03440	1543.87312	1530.20878
2025-09-11T08:12:15Z	928.00000	1559.93150	1543.63666	1530.07985
2025-09-11T08:12:15Z	928.00000	1559.81769	1543.37751	1529.93388
2025-09-11T08:12:15Z	928.00000	1559.71759	1543.15761	1529.80895
2025-09-11T08:12:15Z	928.00000	1559.62283	1542.95365	1529.69208
2025-09-11T08:12:15Z	928.00000	1559.50939	1542.71664	1529.55585
2025-09-11T08:12:15Z	928.00000	1559.49683	1542.68992	1529.54224
2025-09-11T08:12:15Z	928.00000	1559.49105	1542.67650	1529.53566
2025-09-11T08:12:15Z	928.00000	1559.48521	1542.66364	1529.52950
2025-09-11T08:12:15Z	929.00000	1559.48110	1542.65444	1529.52468
2025-09-11T08:12:16Z	929.00000	1559.47670	1542.64518	1529.51975
2025-09-11T08:12:16Z	929.00000	1559.47344	1542.63831	1529.51615
2025-09-11T08:12:16Z	929.00000	1559.47056	1542.63197	1529.51270
2025-09-11T08:12:16Z	929.00000	1559.46791	1542.62621	1529.50962
2025-09-11T08:12:16Z	929.00000	1559.46504	1542.62009	1529.50619
2025-09-11T08:12:16Z	929.00000	1559.46280	1542.61541	1529.50353
2025-09-11T08:12:16Z	929.00000	1559.46014	1542.61030	1529.50068
2025-09-11T08:12:16Z	929.00000	1559.45820	1542.60610	1529.49824
2025-09-11T08:12:16Z	929.00000	1559.45643	1542.60222	1529.49606
2025-09-11T08:12:16Z	930.00000	1559.45420	1542.59809	1529.49361
2025-09-11T08:12:17Z	930.00000	1559.45256	1542.59465	1529.49158
2025-09-11T08:12:17Z	930.00000	1559.45098	1542.59136	1529.48955
2025-09-11T08:12:17Z	930.00000	1559.44926	1542.58795	1529.48750
2025-09-11T08:12:17Z	930.00000	1559.44782	1542.58497	1529.48580
2025-09-11T08:12:17Z	930.00000	1559.44645	1542.58228	1529.48427
2025-09-11T08:12:17Z	930.00000	1559.44497	1542.57928	1529.48248
2025-09-11T08:12:17Z	930.00000	1559.44381	1542.57680	1529.48079
2025-09-11T08:12:17Z	930.00000	1559.44251	1542.57431	1529.47940
2025-09-11T08:12:17Z	930.00000	1559.44123	1542.57171	1529.47776
2025-09-11T08:12:17Z	931.00000	1559.44004	1542.56951	1529.47649
2025-09-11T08:12:18Z	931.00000	1559.43885	1542.56703	1529.47500
2025-09-11T08:12:18Z	931.00000	1559.43776	1542.56502	1529.47367
2025-09-11T08:12:18Z	931.00000	1559.43681	1542.56306	1529.47261
2025-09-11T08:12:18Z	931.00000	1559.43573	1542.56083	1529.47113
2025-09-11T08:12:18Z	931.00000	1559.43471	1542.55909	1529.47007
2025-09-11T08:12:18Z	931.00000	1559.43372	1542.55690	1529.46877
2025-09-11T08:12:18Z	931.00000	1559.43292	1542.55515	1529.46770
2025-09-11T08:12:18Z	931.00000	1559.43206	1542.55349	1529.46658
2025-09-11T08:12:18Z	931.00000	1559.43112	1542.55166	1529.46543
2025-09-11T08:12:18Z	932.00000	1559.43018	1542.55013	1529.46459
2025-09-11T08:12:19Z	932.00000	1559.42937	1542.54825	1529.46338
2025-09-11T08:12:19Z	932.00000	1559.42862	1542.54674	1529.46254
2025-09-11T08:12:19Z	932.00000	1559.42787	1542.54527	1529.46144
2025-09-11T08:12:19Z	932.00000	1559.42708	1542.54370	1529.46045
2025-09-11T08:12:19Z	932.00000	1559.42638	1542.54237	1529.45982
2025-09-11T08:12:19Z	932.00000	1559.42578	1542.54094	1529.45891
2025-09-11T08:12:19Z	932.00000	1559.42502	1542.53948	1529.45810
2025-09-11T08:12:19Z	932.00000	1559.42422	1542.53811	1529.45721
2025-09-11T08:12:19Z	932.00000	1559.42371	1542.53708	1529.45657
2025-09-11T08:12:19Z	933.00000	1559.42292	1542.53553	1529.45557
2025-09-11T08:12:20Z	933.00000	1559.42248	1542.53445	1529.45487
2025-09-11T08:12:20Z	933.00000	1559.42165	1542.53310	1529.45398
2025-09-11T08:12:20Z	933.00000	1559.42120	1542.53194	1529.45330
2025-09-11T08:12:20Z	933.00000	1559.42047	1542.53089	1529.45267
2025-09-11T08:12:20Z	933.00000	1559.54191	1542.77955	1529.59606
2025-09-11T08:12:20Z	933.00000	1559.71007	1543.13350	1529.80443
2025-09-11T08:12:20Z	933.00000	1559.89383	1543.53585	1530.03711
2025-09-11T08:12:20Z	933.00000	1560.03659	1543.86526	1530.22077
2025-09-11T08:12:20Z	933.00000	1560.17539	1544.18334	1530.39877
2025-09-11T08:12:20Z	934.00000	1560.33035	1544.53448	1530.59910
2025-09-11T08:12:21Z	934.00000	1560.46243	1544.83743	1530.76869
2025-09-11T08:12:21Z	934.00000	1560.58930	1545.11323	1530.92497
2025-09-11T08:12:21Z	934.00000	1560.72991	1545.42997	1531.10176
2025-09-11T08:12:21Z	934.00000	1560.85492	1545.70246	1531.25747
2025-09-11T08:12:21Z	934.00000	1560.97019	1545.95662	1531.40274
2025-09-11T08:12:21Z	934.00000	1561.11376	1546.26816	1531.58245
2025-09-11T08:12:21Z	934.00000	1561.22971	1546.52437	1531.72696
2025-09-11T08:12:21Z	934.00000	1561.32923	1546.76131	1531.86083
2025-09-11T08:12:21Z	934.00000	1561.43743	1547.01615	1532.01148
2025-09-11T08:12:21Z	935.00000	1561.51929	1547.21998	1532.13171
2025-09-11T08:12:22Z	935.00000	1561.58972	1547.40029	1532.23782
2025-09-11T08:12:22Z	935.00000	1561.64885	1547.55381	1532.33178
2025-09-11T08:12:22Z	935.00000	1561.69200	1547.66858	1532.39771
2025-09-11T08:12:22Z	935.00000	1561.73265	1547.77270	1532.46182
2025-09-11T08:12:22Z	935.00000	1561.77411	1547.88072	1532.52785
2025-09-11T08:12:22Z	935.00000	1561.80968	1547.96826	1532.57874
2025-09-11T08:12:22Z	935.00000	1561.84916	1548.06142	1532.63396
2025-09-11T08:12:22Z	935.00000	1561.88423	1548.14573	1532.68388
2025-09-11T08:12:22Z	935.00000	1561.91251	1548.21369	1532.72260
2025-09-11T08:12:22Z	936.00000	1561.94140	1548.28090	1532.76025
2025-09-11T08:12:23Z	936.00000	1561.97355	1548.35536	1532.80227
2025-09-11T08:12:23Z	936.00000	1561.99544	1548.40556	1532.83180
2025-09-11T08:12:23Z	936.00000	1562.01623	1548.45185	1532.85919
2025-09-11T08:12:23Z	936.00000	1562.03191	1548.48530	1532.87876
2025-09-11T08:12:23Z	936.00000	1562.04456	1548.51326	1532.89437
2025-09-11T08:12:23Z	936.00000	1562.05867	1548.54464	1532.91121
2025-09-11T08:12:23Z	936.00000	1562.06938	1548.56790	1532.92373
2025-09-11T08:12:23Z	936.00000	1562.07917	1548.58830	1532.93545
2025-09-11T08:12:23Z	936.00000	1562.08824	1548.60752	1532.94633
2025-09-11T08:12:23Z	937.00000	1562.09476	1548.62199	1532.95464
2025-09-11T08:12:24Z	937.00000	1562.10072	1548.63472	1532.96153
2025-09-11T08:12:24Z	937.00000	1562.10689	1548.64787	1532.96913
2025-09-11T08:12:24Z	937.00000	1561.80756	1547.84329	1532.49571
2025-09-11T08:12:24Z	937.00000	1560.92895	1545.86754	1531.33761
2025-09-11T08:12:24Z	937.00000	1560.73667	1545.45356	1531.09545
2025-09-11T08:12:24Z	937.00000	1560.61785	1545.18772	1530.94485
2025-09-11T08:12:24Z	937.00000	1560.49260	1544.91112	1530.78881
2025-09-11T08:12:24Z	937.00000	1560.35214	1544.59309	1530.60630
2025-09-11T08:12:24Z	937.00000	1560.24035	1544.34079	1530.46461
2025-09-11T08:12:24Z	938.00000	1560.11892	1544.06059	1530.30663
2025-09-11T08:12:25Z	938.00000	1560.01538	1543.82712	1530.17716
2025-09-11T08:12:25Z	938.00000	1559.91277	1543.59114	1530.05020
2025-09-11T08:12:25Z	938.00000	1559.79823	1543.33327	1529.90708
2025-09-11T08:12:25Z	938.00000	1559.69975	1543.11652	1529.78338
2025-09-11T08:12:25Z	938.00000	1559.60172	1542.90716	1529.66419
2025-09-11T08:12:25Z	938.00000	1559.50511	1542.70726	1529.55094
2025-09-11T08:12:25Z	938.00000	1559.49743	1542.68970	1529.54230
2025-09-11T08:12:25Z	938.00000	1559.49070	1542.67518	1529.53521
2025-09-11T08:12:25Z	938.00000	1559.48618	1542.66489	1529.53018
2025-09-11T08:12:25Z	939.00000	1559.48218	1542.65601	1529.52562
2025-09-11T08:12:26Z	939.00000	1559.47792	1542.64708	1529.52092
2025-09-11T08:12:26Z	939.00000	1559.47484	1542.64047	1529.51726
2025-09-11T08:12:26Z	939.00000	1559.47185	1542.63421	1529.51409
2025-09-11T08:12:26Z	939.00000	1559.46888	1542.62772	1529.51056
2025-09-11T08:12:26Z	939.00000	1559.46648	1542.62275	1529.50768
2025-09-11T08:12:26Z	939.00000	1559.46386	1542.61729	1529.50467
2025-09-11T08:12:26Z	939.00000	1559.46168	1542.61296	1529.50226
2025-09-11T08:12:26Z	939.00000	1559.45971	1542.60888	1529.49989
2025-09-11T08:12:26Z	939.00000	1559.45766	1542.60434	1529.49733
2025-09-11T08:12:26Z	940.00000	1559.45579	1542.60086	1529.49526
2025-09-11T08:12:27Z	940.00000	1559.45420	1542.59754	1529.49332
2025-09-11T08:12:27Z	940.00000	1559.45236	1542.59391	1529.49118
2025-09-11T08:12:27Z	940.00000	1559.45087	1542.59080	1529.48928
2025-09-11T08:12:27Z	940.00000	1559.44946	1542.58802	1529.48768
2025-09-11T08:12:27Z	940.00000	1559.44785	1542.58492	1529.48578
2025-09-11T08:12:27Z	940.00000	1559.44664	1542.58235	1529.48405
2025-09-11T08:12:27Z	940.00000	1559.44529	1542.57950	1529.48247
2025-09-11T08:12:27Z	940.00000	1559.44407	1542.57715	1529.48100
2025-09-11T08:12:27Z	940.00000	1559.44277	1542.57485	1529.47957
2025-09-11T08:12:27Z	941.00000	1559.44163	1542.57234	1529.47813
2025-09-11T08:12:28Z	941.00000	1559.44053	1542.57022	1529.47677
2025-09-11T08:12:28Z	941.00000	1559.43951	1542.56820	1529.47560
2025-09-11T08:12:28Z	941.00000	1559.43839	1542.56598	1529.47416
2025-09-11T08:12:28Z	941.00000	1559.43658	1542.56218	1529.47195
2025-09-11T08:12:28Z	941.00000	1559.43538	1542.56015	1529.47069
2025-09-11T08:12:28Z	941.00000	1559.43450	1542.55841	1529.46970
2025-09-11T08:12:28Z	941.00000	1559.43351	1542.55657	1529.46854
2025-09-11T08:12:28Z	941.00000	1559.43275	1542.55505	1529.46759
2025-09-11T08:12:28Z	942.00000	1559.43199	1542.55340	1529.46648
2025-09-11T08:12:29Z	942.00000	1559.43113	1542.55167	1529.46542
2025-09-11T08:12:29Z	942.00000	1559.43027	1542.55014	1529.46452
2025-09-11T08:12:29Z	942.00000	1559.42964	1542.54868	1529.46352
2025-09-11T08:12:29Z	942.00000	1559.42874	1542.54715	1529.46267
2025-09-11T08:12:29Z	942.00000	1559.42816	1542.54586	1529.46176
2025-09-11T08:12:29Z	942.00000	1559.42724	1542.54423	1529.46090
2025-09-11T08:12:29Z	942.00000	1559.42664	1542.54297	1529.46010
2025-09-11T08:12:29Z	942.00000	1559.42597	1542.54172	1529.45926
2025-09-11T08:12:29Z	942.00000	1559.42528	1542.54024	1529.45831
2025-09-11T08:12:30Z	943.00000	1559.42403	1542.53787	1529.45686
2025-09-11T08:12:30Z	943.00000	1559.42332	1542.53656	1529.45603
2025-09-11T08:12:30Z	943.00000	1559.42240	1542.53428	1529.45456
2025-09-11T08:12:30Z	943.00000	1559.75051	1543.21958	1529.85337
2025-09-11T08:12:30Z	943.00000	1559.92738	1543.61287	1530.07541
2025-09-11T08:12:30Z	943.00000	1560.20827	1544.25209	1530.43064
2025-09-11T08:12:31Z	944.00000	1560.49461	1544.90217	1530.79333
2025-09-11T08:12:31Z	944.00000	1560.62247	1545.18193	1530.94934
2025-09-11T08:12:31Z	944.00000	1560.76651	1545.50139	1531.12609
2025-09-11T08:12:31Z	944.00000	1561.00614	1546.02052	1531.42162
2025-09-11T08:12:31Z	944.00000	1561.15073	1546.33158	1531.59928
2025-09-11T08:12:31Z	944.00000	1561.36427	1546.82321	1531.87310
2025-09-11T08:12:31Z	945.00000	1561.55251	1547.27664	1532.13972
2025-09-11T08:12:32Z	945.00000	1561.61865	1547.44709	1532.23903
2025-09-11T08:12:32Z	945.00000	1561.67886	1547.59948	1532.33250
2025-09-11T08:12:32Z	945.00000	1561.73050	1547.73375	1532.40920
2025-09-11T08:12:32Z	945.00000	1561.76902	1547.83164	1532.47019
2025-09-11T08:12:32Z	945.00000	1561.83282	1547.99603	1532.56816
2025-09-11T08:12:32Z	945.00000	1561.88597	1548.12981	1532.65687
2025-09-11T08:12:32Z	945.00000	1561.94202	1548.27587	1532.74658
2025-09-11T08:12:33Z	946.00000	1561.98346	1548.38177	1532.81197
2025-09-11T08:12:33Z	946.00000	1561.99847	1548.41726	1532.83545
2025-09-11T08:12:33Z	946.00000	1562.01300	1548.45279	1532.85808
2025-09-11T08:12:33Z	946.00000	1562.03185	1548.49638	1532.88494
2025-09-11T08:12:33Z	946.00000	1562.04668	1548.53030	1532.90474
2025-09-11T08:12:33Z	946.00000	1562.05179	1548.54199	1532.91157
2025-09-11T08:12:33Z	947.00000	1562.06391	1548.56683	1532.92489
2025-09-11T08:12:34Z	947.00000	1562.06900	1548.57809	1532.93159
2025-09-11T08:12:34Z	947.00000	1562.07468	1548.58987	1532.93897
2025-09-11T08:12:34Z	947.00000	1561.12764	1546.30348	1531.58616
2025-09-11T08:12:34Z	947.00000	1560.83772	1545.67180	1531.22504
2025-09-11T08:12:34Z	947.00000	1560.68319	1545.33694	1531.03405
2025-09-11T08:12:34Z	947.00000	1560.56847	1545.07849	1530.88484
2025-09-11T08:12:34Z	947.00000	1560.44252	1544.80228	1530.72576
2025-09-11T08:12:34Z	947.00000	1560.31579	1544.51263	1530.56146
2025-09-11T08:12:34Z	947.00000	1560.20338	1544.25557	1530.41861
2025-09-11T08:12:34Z	948.00000	1560.09578	1544.00905	1530.27887
2025-09-11T08:12:35Z	948.00000	1559.97898	1543.74634	1530.13343
2025-09-11T08:12:35Z	948.00000	1559.87611	1543.50868	1530.00287
2025-09-11T08:12:35Z	948.00000	1559.77703	1543.28879	1529.88108
2025-09-11T08:12:35Z	948.00000	1559.66328	1543.03982	1529.73887
2025-09-11T08:12:35Z	948.00000	1559.56694	1542.83267	1529.62131
2025-09-11T08:12:35Z	948.00000	1559.50442	1542.70553	1529.55013
2025-09-11T08:12:35Z	948.00000	1559.49636	1542.68742	1529.54131
2025-09-11T08:12:35Z	948.00000	1559.49113	1542.67573	1529.53558
2025-09-11T08:12:35Z	948.00000	1559.48657	1542.66560	1529.53067
2025-09-11T08:12:35Z	949.00000	1559.48204	1542.65572	1529.52531
2025-09-11T08:12:36Z	949.00000	1559.47852	1542.64837	1529.52158
2025-09-11T08:12:36Z	949.00000	1559.47540	1542.64170	1529.51800
2025-09-11T08:12:36Z	949.00000	1559.47205	1542.63468	1529.51432
2025-09-11T08:12:36Z	949.00000	1559.46955	1542.62935	1529.51137
2025-09-11T08:12:36Z	949.00000	1559.46723	1542.62445	1529.50867
2025-09-11T08:12:36Z	949.00000	1559.46470	1542.61916	1529.50565
2025-09-11T08:12:36Z	949.00000	1559.46267	1542.61498	1529.50341
2025-09-11T08:12:36Z	949.00000	1559.46034	1542.61039	1529.50062
2025-09-11T08:12:36Z	949.00000	1559.45831	1542.60603	1529.49823
2025-09-11T08:12:36Z	950.00000	1559.45628	1542.60214	1529.49589
2025-09-11T08:12:37Z	950.00000	1559.45475	1542.59891	1529.49393
2025-09-11T08:12:37Z	950.00000	1559.45171	1542.59300	1529.49054
2025-09-11T08:12:37Z	950.00000	1559.45016	1542.58972	1529.48865
2025-09-11T08:12:37Z	950.00000	1559.44880	1542.58713	1529.48699
2025-09-11T08:12:37Z	950.00000	1559.44726	1542.58412	1529.48525
2025-09-11T08:12:37Z	950.00000	1559.44603	1542.58170	1529.48378
2025-09-11T08:12:37Z	950.00000	1559.44476	1542.57894	1529.48213
2025-09-11T08:12:37Z	950.00000	1559.44360	1542.57684	1529.48085
2025-09-11T08:12:38Z	951.00000	1559.44238	1542.57425	1529.47928
2025-09-11T08:12:38Z	951.00000	1559.44137	1542.57224	1529.47801
2025-09-11T08:12:38Z	951.00000	1559.44019	1542.57029	1529.47686
2025-09-11T08:12:38Z	951.00000	1559.43932	1542.56839	1529.47559
2025-09-11T08:12:38Z	951.00000	1559.43740	1542.56481	1529.47349
2025-09-11T08:12:38Z	951.00000	1559.43657	1542.56296	1529.47234
2025-09-11T08:12:38Z	951.00000	1559.43569	1542.56131	1529.47132
2025-09-11T08:12:38Z	951.00000	1559.43487	1542.55968	1529.47031
2025-09-11T08:12:38Z	951.00000	1559.43390	1542.55792	1529.46918
2025-09-11T08:12:38Z	952.00000	1559.43307	1542.55623	1529.46824
2025-09-11T08:12:39Z	952.00000	1559.43231	1542.55447	1529.46689
2025-09-11T08:12:39Z	952.00000	1559.43069	1542.55141	1529.46517
2025-09-11T08:12:39Z	952.00000	1559.42992	1542.55017	1529.46438
2025-09-11T08:12:39Z	952.00000	1559.42901	1542.54844	1529.46336
2025-09-11T08:12:39Z	952.00000	1559.42761	1542.54561	1529.46164
2025-09-11T08:12:39Z	952.00000	1559.42636	1542.54308	1529.46015
2025-09-11T08:12:40Z	953.00000	1559.42505	1542.54044	1529.45850
2025-09-11T08:12:40Z	953.00000	1559.42366	1542.53773	1529.45663
2025-09-11T08:12:40Z	953.00000	1559.73203	1543.17875	1529.82974
2025-09-11T08:12:40Z	953.00000	1560.07204	1543.94224	1530.25737
2025-09-11T08:12:40Z	953.00000	1560.37158	1544.62801	1530.63878
2025-09-11T08:12:41Z	954.00000	1560.67712	1545.30634	1531.02001
2025-09-11T08:12:41Z	954.00000	1560.91003	1545.81336	1531.30261
2025-09-11T08:12:41Z	954.00000	1561.15874	1546.34973	1531.60879
2025-09-11T08:12:41Z	954.00000	1561.39215	1546.88715	1531.91120
2025-09-11T08:12:41Z	954.00000	1561.56216	1547.30299	1532.15407
2025-09-11T08:12:42Z	955.00000	1561.62257	1547.46023	1532.24643
2025-09-11T08:12:42Z	955.00000	1561.66339	1547.56397	1532.31099
2025-09-11T08:12:42Z	955.00000	1561.70866	1547.68160	1532.37765
2025-09-11T08:12:42Z	955.00000	1561.74126	1547.76504	1532.42825
2025-09-11T08:12:42Z	955.00000	1561.80919	1547.94100	1532.53498
2025-09-11T08:12:42Z	955.00000	1561.83815	1548.01453	1532.57849
2025-09-11T08:12:42Z	955.00000	1561.90206	1548.17595	1532.68657
2025-09-11T08:12:42Z	955.00000	1561.92626	1548.24075	1532.72537
2025-09-11T08:12:42Z	956.00000	1561.96466	1548.33937	1532.78550
2025-09-11T08:12:43Z	956.00000	1561.98164	1548.38272	1532.81312
2025-09-11T08:12:43Z	956.00000	1561.99551	1548.41606	1532.83462
2025-09-11T08:12:43Z	956.00000	1562.00469	1548.43839	1532.84919
2025-09-11T08:12:43Z	956.00000	1562.01608	1548.46516	1532.86566
2025-09-11T08:12:43Z	956.00000	1562.02351	1548.48276	1532.87653
2025-09-11T08:12:43Z	956.00000	1562.03038	1548.49792	1532.88588
2025-09-11T08:12:43Z	956.00000	1562.03706	1548.51275	1532.89471
2025-09-11T08:12:43Z	956.00000	1562.04164	1548.52302	1532.90083
2025-09-11T08:12:43Z	956.00000	1562.04616	1548.53422	1532.90664
2025-09-11T08:12:43Z	957.00000	1562.04963	1548.54173	1532.91119
2025-09-11T08:12:44Z	957.00000	1562.05306	1548.54880	1532.91511
2025-09-11T08:12:44Z	957.00000	1562.05671	1548.55700	1532.91969
2025-09-11T08:12:44Z	957.00000	1560.98227	1545.98908	1531.40774
2025-09-11T08:12:44Z	957.00000	1560.79404	1545.58307	1531.17394
2025-09-11T08:12:44Z	957.00000	1560.64247	1545.24848	1530.98389
2025-09-11T08:12:44Z	957.00000	1560.53433	1545.00663	1530.84655
2025-09-11T08:12:44Z	957.00000	1560.40189	1544.71509	1530.67728
2025-09-11T08:12:44Z	957.00000	1560.28515	1544.44575	1530.52458
2025-09-11T08:12:44Z	957.00000	1560.17708	1544.20026	1530.38617
2025-09-11T08:12:44Z	958.00000	1560.07524	1543.96634	1530.25565
2025-09-11T08:12:45Z	958.00000	1559.95299	1543.68780	1530.10338
2025-09-11T08:12:45Z	958.00000	1559.85513	1543.46319	1529.97780
2025-09-11T08:12:45Z	958.00000	1559.73843	1543.20360	1529.83370
2025-09-11T08:12:45Z	958.00000	1559.64226	1542.99520	1529.71493
2025-09-11T08:12:45Z	958.00000	1559.54291	1542.78353	1529.59346
2025-09-11T08:12:45Z	958.00000	1559.50225	1542.70113	1529.54853
2025-09-11T08:12:45Z	958.00000	1559.49606	1542.68737	1529.54156
2025-09-11T08:12:45Z	958.00000	1559.49117	1542.67618	1529.53611
2025-09-11T08:12:45Z	958.00000	1559.48609	1542.66524	1529.53059
2025-09-11T08:12:45Z	959.00000	1559.48240	1542.65716	1529.52629
2025-09-11T08:12:46Z	959.00000	1559.47859	1542.64896	1529.52203
2025-09-11T08:12:46Z	959.00000	1559.47553	1542.64265	1529.51874
2025-09-11T08:12:46Z	959.00000	1559.47283	1542.63686	1529.51560
2025-09-11T08:12:46Z	959.00000	1559.46983	1542.63067	1529.51218
2025-09-11T08:12:46Z	959.00000	1559.46767	1542.62597	1529.50969
2025-09-11T08:12:46Z	959.00000	1559.46513	1542.62078	1529.50665
2025-09-11T08:12:46Z	959.00000	1559.46304	1542.61662	1529.50441
2025-09-11T08:12:46Z	959.00000	1559.46118	1542.61278	1529.50219
2025-09-11T08:12:46Z	959.00000	1559.45914	1542.60841	1529.49949
2025-09-11T08:12:46Z	960.00000	1559.45745	1542.60539	1529.49793
2025-09-11T08:12:47Z	960.00000	1559.45542	1542.60137	1529.49533
2025-09-11T08:12:47Z	960.00000	1559.45390	1542.59838	1529.49379
2025-09-11T08:12:47Z	960.00000	1559.45246	1542.59554	1529.49192
2025-09-11T08:12:47Z	960.00000	1559.45094	1542.59220	1529.49002
2025-09-11T08:12:47Z	960.00000	1559.44966	1542.58953	1529.48855
2025-09-11T08:12:47Z	960.00000	1559.44835	1542.58711	1529.48699
2025-09-11T08:12:47Z	960.00000	1559.44695	1542.58432	1529.48538
2025-09-11T08:12:47Z	960.00000	1559.44591	1542.58201	1529.48388
2025-09-11T08:12:47Z	960.00000	1559.44458	1542.57983	1529.48270
2025-09-11T08:12:47Z	961.00000	1559.44349	1542.57729	1529.48106
2025-09-11T08:12:48Z	961.00000	1559.44229	1542.57536	1529.47983
2025-09-11T08:12:48Z	961.00000	1559.44138	1542.57324	1529.47863
2025-09-11T08:12:48Z	961.00000	1559.44027	1542.57113	1529.47731
2025-09-11T08:12:48Z	961.00000	1559.43928	1542.56930	1529.47627
2025-09-11T08:12:48Z	961.00000	1559.43829	1542.56723	1529.47488
2025-09-11T08:12:48Z	961.00000	1559.43750	1542.56561	1529.47373
2025-09-11T08:12:48Z	961.00000	1559.43657	1542.56392	1529.47287
2025-09-11T08:12:48Z	961.00000	1559.43551	1542.56194	1529.47167
2025-09-11T08:12:48Z	961.00000	1559.43482	1542.56048	1529.47064
2025-09-11T08:12:48Z	962.00000	1559.43409	1542.55890	1529.46970
2025-09-11T08:12:49Z	962.00000	1559.43315	1542.55714	1529.46863
2025-09-11T08:12:49Z	962.00000	1559.43238	1542.55577	1529.46770
2025-09-11T08:12:49Z	962.00000	1559.43163	1542.55436	1529.46678
2025-09-11T08:12:49Z	962.00000	1559.43077	1542.55277	1529.46585
2025-09-11T08:12:49Z	962.00000	1559.43012	1542.55134	1529.46507
2025-09-11T08:12:49Z	962.00000	1559.42950	1542.54995	1529.46421
2025-09-11T08:12:49Z	962.00000	1559.42878	1542.54869	1529.46329
2025-09-11T08:12:49Z	962.00000	1559.42816	1542.54745	1529.46261
2025-09-11T08:12:49Z	962.00000	1559.42730	1542.54605	1529.46170
2025-09-11T08:12:49Z	963.00000	1559.42681	1542.54488	1529.46085
2025-09-11T08:12:50Z	963.00000	1559.42625	1542.54368	1529.46022
2025-09-11T08:12:50Z	963.00000	1559.42556	1542.54231	1529.45924
2025-09-11T08:12:50Z	963.00000	1559.42501	1542.54129	1529.45886
2025-09-11T08:12:50Z	963.00000	1559.49536	1542.68609	1529.54246
2025-09-11T08:12:50Z	963.00000	1559.66663	1543.04373	1529.74923
2025-09-11T08:12:50Z	963.00000	1559.82764	1543.38611	1529.94915
2025-09-11T08:12:50Z	963.00000	1559.99867	1543.78035	1530.16659
2025-09-11T08:12:50Z	963.00000	1560.13693	1544.09575	1530.34048
2025-09-11T08:12:50Z	963.00000	1560.27425	1544.40730	1530.51624
2025-09-11T08:12:50Z	964.00000	1560.42972	1544.75983	1530.71346
2025-09-11T08:12:51Z	964.00000	1560.55832	1545.04179	1530.87240
2025-09-11T08:12:51Z	964.00000	1560.67941	1545.31297	1531.02466
2025-09-11T08:12:51Z	964.00000	1560.82385	1545.62666	1531.20019
2025-09-11T08:12:51Z	964.00000	1560.94248	1545.88725	1531.34649
2025-09-11T08:12:51Z	964.00000	1561.06272	1546.14823	1531.49255
2025-09-11T08:12:51Z	964.00000	1561.20227	1546.44880	1531.66476
2025-09-11T08:12:51Z	964.00000	1561.30585	1546.69071	1531.79964
2025-09-11T08:12:51Z	964.00000	1561.41822	1546.95305	1531.95268
2025-09-11T08:12:51Z	964.00000	1561.50405	1547.16266	1532.07372
2025-09-11T08:12:51Z	965.00000	1561.57711	1547.34864	1532.18298
2025-09-11T08:12:52Z	965.00000	1561.63889	1547.51064	1532.27983
2025-09-11T08:12:52Z	965.00000	1561.68576	1547.63018	1532.35218
2025-09-11T08:12:52Z	965.00000	1561.73265	1547.75211	1532.42303
2025-09-11T08:12:52Z	965.00000	1561.76766	1547.84205	1532.47891
2025-09-11T08:12:52Z	965.00000	1561.79727	1547.92040	1532.52534
2025-09-11T08:12:52Z	965.00000	1561.83077	1548.00514	1532.57516
2025-09-11T08:12:52Z	965.00000	1561.89761	1548.17241	1532.68894
2025-09-11T08:12:52Z	965.00000	1561.91645	1548.22508	1532.71840
2025-09-11T08:12:52Z	965.00000	1561.93597	1548.27603	1532.74930
2025-09-11T08:12:52Z	966.00000	1561.95292	1548.31969	1532.77514
2025-09-11T08:12:53Z	966.00000	1561.96848	1548.35940	1532.80026
2025-09-11T08:12:53Z	966.00000	1561.98650	1548.40286	1532.82813
2025-09-11T08:12:53Z	966.00000	1561.99650	1548.42635	1532.84350
2025-09-11T08:12:53Z	966.00000	1562.00588	1548.44838	1532.85722
2025-09-11T08:12:53Z	966.00000	1562.01447	1548.46772	1532.86908
2025-09-11T08:12:53Z	966.00000	1562.02115	1548.48267	1532.87776
2025-09-11T08:12:53Z	966.00000	1562.02897	1548.49869	1532.88684
2025-09-11T08:12:53Z	966.00000	1562.03542	1548.51201	1532.89460
2025-09-11T08:12:53Z	966.00000	1562.04293	1548.52790	1532.90261
2025-09-11T08:12:53Z	967.00000	1562.04815	1548.53902	1532.90902
2025-09-11T08:12:54Z	967.00000	1562.05370	1548.55020	1532.91483
2025-09-11T08:12:54Z	967.00000	1562.05521	1548.52170	1532.91858
2025-09-11T08:12:54Z	967.00000	1560.95862	1545.94201	1531.37911
2025-09-11T08:12:54Z	967.00000	1560.76032	1545.51044	1531.13239
2025-09-11T08:12:54Z	967.00000	1560.62210	1545.20201	1530.95570
2025-09-11T08:12:54Z	967.00000	1560.50629	1544.94815	1530.81332
2025-09-11T08:12:54Z	967.00000	1560.39382	1544.69804	1530.66816
2025-09-11T08:12:54Z	967.00000	1560.25886	1544.39023	1530.49355
2025-09-11T08:12:54Z	967.00000	1560.15344	1544.14863	1530.35558
2025-09-11T08:12:54Z	968.00000	1560.03256	1543.87174	1530.20297
2025-09-11T08:12:55Z	968.00000	1559.92836	1543.63493	1530.07397
2025-09-11T08:12:55Z	968.00000	1559.83143	1543.41142	1529.94950
2025-09-11T08:12:55Z	968.00000	1559.71658	1543.15617	1529.80654
2025-09-11T08:12:55Z	968.00000	1559.62164	1542.95183	1529.69022
2025-09-11T08:12:55Z	968.00000	1559.52415	1542.74668	1529.57250
2025-09-11T08:12:55Z	968.00000	1559.50154	1542.70060	1529.54827
2025-09-11T08:12:55Z	968.00000	1559.49579	1542.68735	1529.54172
2025-09-11T08:12:55Z	968.00000	1559.49012	1542.67479	1529.53549
2025-09-11T08:12:55Z	968.00000	1559.48578	1542.66558	1529.53095
2025-09-11T08:12:55Z	969.00000	1559.48217	1542.65775	1529.52683
2025-09-11T08:12:56Z	969.00000	1559.47820	1542.64956	1529.52247
2025-09-11T08:12:56Z	969.00000	1559.47535	1542.64346	1529.51923
2025-09-11T08:12:56Z	969.00000	1559.47268	1542.63772	1529.51611
2025-09-11T08:12:56Z	969.00000	1559.47029	1542.63268	1529.51338
2025-09-11T08:12:56Z	969.00000	1559.46762	1542.62721	1529.51039
2025-09-11T08:12:56Z	969.00000	1559.46557	1542.62289	1529.50792
2025-09-11T08:12:56Z	969.00000	1559.46326	1542.61803	1529.50518
2025-09-11T08:12:56Z	969.00000	1559.46134	1542.61423	1529.50301
2025-09-11T08:12:56Z	969.00000	1559.45967	1542.61066	1529.50091
2025-09-11T08:12:56Z	970.00000	1559.45775	1542.60689	1529.49873
2025-09-11T08:12:57Z	970.00000	1559.45618	1542.60365	1529.49679
2025-09-11T08:12:57Z	970.00000	1559.45442	1542.60009	1529.49470
2025-09-11T08:12:57Z	970.00000	1559.45296	1542.59737	1529.49314
2025-09-11T08:12:57Z	970.00000	1559.45156	1542.59464	1529.49155
2025-09-11T08:12:57Z	970.00000	1559.45005	1542.59175	1529.48987
2025-09-11T08:12:57Z	970.00000	1559.44891	1542.58909	1529.48818
2025-09-11T08:12:57Z	970.00000	1559.44747	1542.58645	1529.48662
2025-09-11T08:12:57Z	970.00000	1559.44636	1542.58418	1529.48514
2025-09-11T08:12:57Z	970.00000	1559.44523	1542.58201	1529.48387
2025-09-11T08:12:57Z	971.00000	1559.44408	1542.57954	1529.48237
2025-09-11T08:12:58Z	971.00000	1559.44294	1542.57754	1529.48121
2025-09-11T08:12:58Z	971.00000	1559.44196	1542.57555	1529.47997
2025-09-11T08:12:58Z	971.00000	1559.44080	1542.57336	1529.47856
2025-09-11T08:12:58Z	971.00000	1559.43989	1542.57156	1529.47740
2025-09-11T08:12:58Z	971.00000	1559.43897	1542.56977	1529.47636
2025-09-11T08:12:58Z	971.00000	1559.43803	1542.56797	1529.47513
2025-09-11T08:12:58Z	971.00000	1559.43709	1542.56623	1529.47406
2025-09-11T08:12:58Z	971.00000	1559.43633	1542.56452	1529.47323
2025-09-11T08:12:58Z	971.00000	1559.43546	1542.56275	1529.47192
2025-09-11T08:12:58Z	972.00000	1559.43462	1542.56120	1529.47097
2025-09-11T08:12:59Z	972.00000	1559.43389	1542.55972	1529.47016
2025-09-11T08:12:59Z	972.00000	1559.43305	1542.55809	1529.46910
2025-09-11T08:12:59Z	972.00000	1559.43232	1542.55673	1529.46826
2025-09-11T08:12:59Z	972.00000	1559.43155	1542.55520	1529.46730
2025-09-11T08:12:59Z	972.00000	1559.43076	1542.55382	1529.46639
2025-09-11T08:12:59Z	972.00000	1559.43009	1542.55256	1529.46576
2025-09-11T08:12:59Z	972.00000	1559.42944	1542.55111	1529.46473
2025-09-11T08:12:59Z	972.00000	1559.42883	1542.54988	1529.46400
2025-09-11T08:12:59Z	972.00000	1559.42812	1542.54847	1529.46307
2025-09-11T08:12:59Z	973.00000	1559.42747	1542.54734	1529.46235
2025-09-11T08:13:00Z	973.00000	1559.42685	1542.54623	1529.46176
2025-09-11T08:13:00Z	973.00000	1559.42631	1542.54485	1529.46083
2025-09-11T08:13:00Z	973.00000	1559.42568	1542.54383	1529.46019
2025-09-11T08:13:00Z	973.00000	1559.42512	1542.54272	1529.45956
2025-09-11T08:13:00Z	973.00000	1559.42441	1542.54145	1529.45867
2025-09-11T08:13:00Z	973.00000	1559.42401	1542.54047	1529.45815
2025-09-11T08:13:00Z	973.00000	1559.42338	1542.53933	1529.45732
2025-09-11T08:13:00Z	973.00000	1559.42288	1542.53828	1529.45680
2025-09-11T08:13:00Z	973.00000	1559.42236	1542.53732	1529.45608
2025-09-11T08:13:00Z	974.00000	1559.42178	1542.53619	1529.45538
2025-09-11T08:13:01Z	974.00000	1559.42128	1542.53528	1529.45488
2025-09-11T08:13:01Z	974.00000	1559.42084	1542.53438	1529.45420
2025-09-11T08:13:01Z	974.00000	1559.42034	1542.53334	1529.45358
2025-09-11T08:13:01Z	974.00000	1559.41984	1542.53251	1529.45306
2025-09-11T08:13:01Z	974.00000	1559.41925	1542.53145	1529.45254
2025-09-11T08:13:01Z	974.00000	1559.41887	1542.53054	1529.45188
2025-09-11T08:13:01Z	974.00000	1559.41842	1542.52969	1529.45139
2025-09-11T08:13:01Z	974.00000	1559.41800	1542.52884	1529.45072
2025-09-11T08:13:01Z	974.00000	1559.41763	1542.52795	1529.45031
2025-09-11T08:13:01Z	975.00000	1559.41704	1542.52725	1529.44973
2025-09-11T08:13:02Z	975.00000	1559.41672	1542.52626	1529.44917
2025-09-11T08:13:02Z	975.00000	1559.41631	1542.52556	1529.44870
2025-09-11T08:13:02Z	975.00000	1559.41585	1542.52473	1529.44820
2025-09-11T08:13:02Z	975.00000	1559.41532	1542.52392	1529.44765
2025-09-11T08:13:02Z	975.00000	1559.41507	1542.52314	1529.44722
2025-09-11T08:13:02Z	975.00000	1559.41462	1542.52248	1529.44656
2025-09-11T08:13:02Z	975.00000	1559.41424	1542.52166	1529.44631
2025-09-11T08:13:02Z	975.00000	1559.41379	1542.52100	1529.44576
2025-09-11T08:13:02Z	975.00000	1559.41341	1542.52013	1529.44530
2025-09-11T08:13:02Z	976.00000	1559.41300	1542.51940	1529.44474
2025-09-11T08:13:03Z	976.00000	1559.41267	1542.51864	1529.44429
2025-09-11T08:13:03Z	976.00000	1559.41227	1542.51790	1529.44398
2025-09-11T08:13:03Z	976.00000	1559.41204	1542.51737	1529.44352
2025-09-11T08:13:03Z	976.00000	1559.41158	1542.51660	1529.44298
2025-09-11T08:13:03Z	976.00000	1559.41120	1542.51592	1529.44262
2025-09-11T08:13:03Z	976.00000	1559.41092	1542.51520	1529.44218
2025-09-11T08:13:03Z	976.00000	1559.41060	1542.51458	1529.44174
2025-09-11T08:13:03Z	976.00000	1559.41018	1542.51398	1529.44138
2025-09-11T08:13:03Z	976.00000	1559.40989	1542.51326	1529.44101
2025-09-11T08:13:03Z	977.00000	1559.40951	1542.51262	1529.44047
2025-09-11T08:13:04Z	977.00000	1559.40917	1542.51205	1529.44021
2025-09-11T08:13:04Z	977.00000	1559.40897	1542.51150	1529.43980
2025-09-11T08:13:04Z	977.00000	1559.40859	1542.51072	1529.43943
2025-09-11T08:13:04Z	977.00000	1559.40833	1542.51025	1529.43905
2025-09-11T08:13:04Z	977.00000	1559.40793	1542.50966	1529.43867
2025-09-11T08:13:04Z	977.00000	1559.40768	1542.50905	1529.43825
2025-09-11T08:13:04Z	977.00000	1559.40737	1542.50844	1529.43797
2025-09-11T08:13:04Z	977.00000	1559.40707	1542.50795	1529.43754
2025-09-11T08:13:04Z	977.00000	1559.40679	1542.50729	1529.43731
2025-09-11T08:13:04Z	978.00000	1559.40650	1542.50671	1529.43690
2025-09-11T08:13:05Z	978.00000	1559.40628	1542.50617	1529.43651
2025-09-11T08:13:05Z	978.00000	1559.40584	1542.50558	1529.43606
2025-09-11T08:13:05Z	978.00000	1559.40570	1542.50513	1529.43581
2025-09-11T08:13:05Z	978.00000	1559.40530	1542.50452	1529.43549
2025-09-11T08:13:05Z	978.00000	1559.40509	1542.50395	1529.43510
2025-09-11T08:13:05Z	978.00000	1559.40479	1542.50347	1529.43472
2025-09-11T08:13:05Z	978.00000	1559.40450	1542.50302	1529.43438
2025-09-11T08:13:05Z	978.00000	1559.40429	1542.50249	1529.43412
2025-09-11T08:13:05Z	978.00000	1559.40392	1542.50198	1529.43382
2025-09-11T08:13:05Z	979.00000	1559.40371	1542.50143	1529.43344
2025-09-11T08:13:06Z	979.00000	1559.40343	1542.50094	1529.43311
2025-09-11T08:13:06Z	979.00000	1559.40328	1542.50038	1529.43281
2025-09-11T08:13:06Z	979.00000	1559.40292	1542.50001	1529.43247
2025-09-11T08:13:06Z	979.00000	1559.40271	1542.49949	1529.43230
2025-09-11T08:13:06Z	979.00000	1559.40241	1542.49905	1529.43184
2025-09-11T08:13:06Z	979.00000	1559.40226	1542.49851	1529.43155
2025-09-11T08:13:06Z	979.00000	1559.40199	1542.49807	1529.43138
2025-09-11T08:13:06Z	979.00000	1559.40167	1542.49758	1529.43105
2025-09-11T08:13:06Z	979.00000	1559.40152	1542.49719	1529.43069
2025-09-11T08:13:06Z	980.00000	1559.40132	1542.49674	1529.43036
2025-09-11T08:13:07Z	980.00000	1559.40093	1542.49620	1529.43015
2025-09-11T08:13:07Z	980.00000	1559.40079	1542.49577	1529.42992
2025-09-11T08:13:07Z	980.00000	1559.40058	1542.49531	1529.42951
2025-09-11T08:13:07Z	980.00000	1559.40038	1542.49497	1529.42933
2025-09-11T08:13:07Z	980.00000	1559.40007	1542.49451	1529.42897
2025-09-11T08:13:07Z	980.00000	1559.39985	1542.49415	1529.42876
2025-09-11T08:13:07Z	980.00000	1559.39967	1542.49363	1529.42854
2025-09-11T08:13:07Z	980.00000	1559.39939	1542.49325	1529.42823
2025-09-11T08:13:07Z	980.00000	1559.39924	1542.49284	1529.42795
2025-09-11T08:13:07Z	981.00000	1559.39898	1542.49243	1529.42777
2025-09-11T08:13:08Z	981.00000	1559.39873	1542.49198	1529.42744
2025-09-11T08:13:08Z	981.00000	1559.39858	1542.49162	1529.42713
2025-09-11T08:13:08Z	981.00000	1559.39844	1542.49117	1529.42700
2025-09-11T08:13:08Z	981.00000	1559.39817	1542.49064	1529.42666
2025-09-11T08:13:08Z	981.00000	1559.39786	1542.49030	1529.42645
2025-09-11T08:13:08Z	981.00000	1559.39773	1542.48996	1529.42606
2025-09-11T08:13:08Z	981.00000	1559.39762	1542.48953	1529.42595
2025-09-11T08:13:08Z	981.00000	1559.39736	1542.48912	1529.42564
2025-09-11T08:13:08Z	981.00000	1559.39723	1542.48879	1529.42548
2025-09-11T08:13:08Z	982.00000	1559.39694	1542.48846	1529.42512
2025-09-11T08:13:09Z	982.00000	1559.39677	1542.48808	1529.42493
2025-09-11T08:13:09Z	982.00000	1559.39653	1542.48782	1529.42459
2025-09-11T08:13:09Z	982.00000	1559.39647	1542.48733	1529.42444
2025-09-11T08:13:09Z	982.00000	1559.39621	1542.48694	1529.42424
2025-09-11T08:13:09Z	982.00000	1559.39608	1542.48657	1529.42392
2025-09-11T08:13:09Z	982.00000	1559.39582	1542.48615	1529.42381
2025-09-11T08:13:09Z	982.00000	1559.39562	1542.48586	1529.42351
2025-09-11T08:13:09Z	982.00000	1559.39542	1542.48548	1529.42338
2025-09-11T08:13:09Z	982.00000	1559.39539	1542.48507	1529.42305
2025-09-11T08:13:09Z	983.00000	1559.39523	1542.48477	1529.42289
2025-09-11T08:13:10Z	983.00000	1559.39489	1542.48446	1529.42262
2025-09-11T08:13:10Z	983.00000	1559.39484	1542.48409	1529.42237
2025-09-11T08:13:10Z	983.00000	1559.39449	1542.48383	1529.42216
2025-09-11T08:13:10Z	983.00000	1559.39443	1542.48340	1529.42192
2025-09-11T08:13:10Z	983.00000	1559.39424	1542.48316	1529.42185
2025-09-11T08:13:10Z	983.00000	1559.39408	1542.48287	1529.42158
2025-09-11T08:13:10Z	983.00000	1559.39388	1542.48247	1529.42129
2025-09-11T08:13:10Z	983.00000	1559.39361	1542.48211	1529.42109
2025-09-11T08:13:10Z	983.00000	1559.39350	1542.48179	1529.42086
2025-09-11T08:13:10Z	984.00000	1559.39335	1542.48147	1529.42063
2025-09-11T08:13:11Z	984.00000	1559.39317	1542.48109	1529.42048
2025-09-11T08:13:11Z	984.00000	1559.39298	1542.48083	1529.42019
2025-09-11T08:13:11Z	984.00000	1559.39289	1542.48058	1529.42001
2025-09-11T08:13:11Z	984.00000	1559.39272	1542.48022	1529.41981
2025-09-11T08:13:11Z	984.00000	1559.39245	1542.47987	1529.41963
2025-09-11T08:13:11Z	984.00000	1559.39235	1542.47949	1529.41945
2025-09-11T08:13:11Z	984.00000	1559.39217	1542.47926	1529.41930
2025-09-11T08:13:11Z	984.00000	1559.39205	1542.47897	1529.41900
2025-09-11T08:13:11Z	984.00000	1559.39189	1542.47864	1529.41882
2025-09-11T08:13:11Z	985.00000	1559.39189	1542.47831	1529.41862
2025-09-11T08:13:12Z	985.00000	1559.39168	1542.47808	1529.41844
2025-09-11T08:13:12Z	985.00000	1559.39157	1542.47780	1529.41820
2025-09-11T08:13:12Z	985.00000	1559.39134	1542.47745	1529.41802
2025-09-11T08:13:12Z	985.00000	1559.39112	1542.47716	1529.41788
2025-09-11T08:13:12Z	985.00000	1559.39100	1542.47680	1529.41752
2025-09-11T08:13:12Z	985.00000	1559.39087	1542.47661	1529.41748
2025-09-11T08:13:12Z	985.00000	1559.39073	1542.47629	1529.41726
2025-09-11T08:13:12Z	985.00000	1559.39058	1542.47592	1529.41695
2025-09-11T08:13:12Z	985.00000	1559.39038	1542.47576	1529.41697
2025-09-11T08:13:12Z	986.00000	1559.39023	1542.47552	1529.41662
2025-09-11T08:13:13Z	986.00000	1559.39004	1542.47511	1529.41652
2025-09-11T08:13:13Z	986.00000	1559.39005	1542.47488	1529.41640
2025-09-11T08:13:13Z	986.00000	1559.38992	1542.47468	1529.41612
2025-09-11T08:13:13Z	986.00000	1559.38965	1542.47435	1529.41597
2025-09-11T08:13:13Z	986.00000	1559.38957	1542.47409	1529.41572
2025-09-11T08:13:13Z	986.00000	1559.38950	1542.47390	1529.41569
2025-09-11T08:13:13Z	986.00000	1559.38919	1542.47346	1529.41545
2025-09-11T08:13:13Z	986.00000	1559.38916	1542.47320	1529.41525
2025-09-11T08:13:13Z	986.00000	1559.38896	1542.47306	1529.41511
2025-09-11T08:13:13Z	987.00000	1559.38881	1542.47269	1529.41488
2025-09-11T08:13:14Z	987.00000	1559.38874	1542.47246	1529.41476
2025-09-11T08:13:14Z	987.00000	1559.38861	1542.47224	1529.41452
2025-09-11T08:13:14Z	987.00000	1559.38858	1542.47202	1529.41435
2025-09-11T08:13:14Z	987.00000	1559.38829	1542.47174	1529.41425
2025-09-11T08:13:14Z	987.00000	1559.38819	1542.47144	1529.41401
2025-09-11T08:13:14Z	987.00000	1559.38805	1542.47109	1529.41384
2025-09-11T08:13:14Z	987.00000	1559.38803	1542.47099	1529.41362
2025-09-11T08:13:14Z	987.00000	1559.38784	1542.47074	1529.41357
2025-09-11T08:13:14Z	987.00000	1559.38762	1542.47048	1529.41343
2025-09-11T08:13:14Z	988.00000	1559.38751	1542.47009	1529.41327
2025-09-11T08:13:15Z	988.00000	1559.38740	1542.46997	1529.41303
2025-09-11T08:13:15Z	988.00000	1559.38726	1542.46973	1529.41291
2025-09-11T08:13:15Z	988.00000	1559.38709	1542.46945	1529.41271
2025-09-11T08:13:15Z	988.00000	1559.38700	1542.46917	1529.41250
2025-09-11T08:13:15Z	988.00000	1559.38692	1542.46895	1529.41243
2025-09-11T08:13:15Z	988.00000	1559.38669	1542.46883	1529.41227
2025-09-11T08:13:15Z	988.00000	1559.38659	1542.46848	1529.41213
2025-09-11T08:13:15Z	988.00000	1559.38648	1542.46834	1529.41193
2025-09-11T08:13:15Z	988.00000	1559.38637	1542.46802	1529.41178
2025-09-11T08:13:15Z	989.00000	1559.38621	1542.46786	1529.41162
2025-09-11T08:13:16Z	989.00000	1559.38604	1542.46758	1529.41144
2025-09-11T08:13:16Z	989.00000	1559.38596	1542.46730	1529.41140
2025-09-11T08:13:16Z	989.00000	1559.38586	1542.46704	1529.41115
2025-09-11T08:13:16Z	989.00000	1559.38570	1542.46688	1529.41106
2025-09-11T08:13:16Z	989.00000	1559.38565	1542.46656	1529.41074
2025-09-11T08:13:16Z	989.00000	1559.38545	1542.46645	1529.41073
2025-09-11T08:13:16Z	989.00000	1559.38531	1542.46623	1529.41057
2025-09-11T08:13:16Z	989.00000	1559.38520	1542.46592	1529.41045
2025-09-11T08:13:16Z	989.00000	1559.38512	1542.46575	1529.41028
2025-09-11T08:13:16Z	990.00000	1559.38499	1542.46546	1529.41017
2025-09-11T08:13:17Z	990.00000	1559.38493	1542.46514	1529.40980
2025-09-11T08:13:17Z	990.00000	1559.38459	1542.46479	1529.40971
2025-09-11T08:13:17Z	990.00000	1559.38437	1542.46441	1529.40943
2025-09-11T08:13:17Z	990.00000	1559.38431	1542.46423	1529.40931
2025-09-11T08:13:17Z	990.00000	1559.38422	1542.46398	1529.40921
2025-09-11T08:13:17Z	990.00000	1559.38403	1542.46382	1529.40910
2025-09-11T08:13:17Z	991.00000	1559.38382	1542.46341	1529.40876
2025-09-11T08:13:18Z	991.00000	1559.38359	1542.46299	1529.40847
2025-09-11T08:13:18Z	991.00000	1559.38350	1542.46275	1529.40828
2025-09-11T08:13:18Z	991.00000	1559.38327	1542.46231	1529.40810
2025-09-11T08:13:18Z	991.00000	1559.38309	1542.46210	1529.40803
2025-09-11T08:13:18Z	991.00000	1559.38294	1542.46166	1529.40772
2025-09-11T08:13:18Z	991.00000	1559.38281	1542.46153	1529.40753
2025-09-11T08:13:19Z	992.00000	1559.38259	1542.46115	1529.40736
2025-09-11T08:13:19Z	992.00000	1559.38235	1542.46069	1529.40703
2025-09-11T08:13:19Z	992.00000	1559.38225	1542.46054	1529.40696
2025-09-11T08:13:19Z	992.00000	1559.38207	1542.46012	1529.40660
2025-09-11T08:13:19Z	992.00000	1559.38192	1542.45992	1529.40655
2025-09-11T08:13:19Z	992.00000	1559.38187	1542.45976	1529.40637
2025-09-11T08:13:19Z	992.00000	1559.38175	1542.45957	1529.40629
2025-09-11T08:13:20Z	993.00000	1559.38162	1542.45920	1529.40600
2025-09-11T08:13:20Z	993.00000	1559.38153	1542.45899	1529.40597
2025-09-11T08:13:20Z	993.00000	1559.38133	1542.45886	1529.40579
2025-09-11T08:13:20Z	993.00000	1559.38113	1542.45863	1529.40562
2025-09-11T08:13:20Z	993.00000	1559.38117	1542.45841	1529.40557
2025-09-11T08:13:20Z	993.00000	1559.38113	1542.45820	1529.40540
2025-09-11T08:13:20Z	993.00000	1559.38090	1542.45801	1529.40531
2025-09-11T08:13:20Z	993.00000	1559.38089	1542.45786	1529.40515
2025-09-11T08:13:20Z	993.00000	1559.38073	1542.45766	1529.40514
2025-09-11T08:13:20Z	994.00000	1559.38065	1542.45751	1529.40492
2025-09-11T08:13:21Z	994.00000	1559.38048	1542.45731	1529.40479
2025-09-11T08:13:21Z	994.00000	1559.38036	1542.45706	1529.40473
2025-09-11T08:13:21Z	994.00000	1559.38040	1542.45698	1529.40450
2025-09-11T08:13:21Z	994.00000	1559.38016	1542.45673	1529.40441
2025-09-11T08:13:21Z	994.00000	1559.38013	1542.45657	1529.40428
2025-09-11T08:13:21Z	994.00000	1559.38005	1542.45634	1529.40426
2025-09-11T08:13:21Z	994.00000	1559.38000	1542.45628	1529.40404
2025-09-11T08:13:21Z	994.00000	1559.37992	1542.45603	1529.40399
2025-09-11T08:13:21Z	994.00000	1559.37972	1542.45590	1529.40395
2025-09-11T08:13:21Z	995.00000	1559.37971	1542.45569	1529.40376
2025-09-11T08:13:22Z	995.00000	1559.37962	1542.45551	1529.40360
2025-09-11T08:13:22Z	995.00000	1559.37941	1542.45537	1529.40344
2025-09-11T08:13:22Z	995.00000	1559.37932	1542.45509	1529.40337
2025-09-11T08:13:22Z	995.00000	1559.37934	1542.45489	1529.40335
2025-09-11T08:13:22Z	995.00000	1559.37915	1542.45481	1529.40310
2025-09-11T08:13:22Z	995.00000	1559.37918	1542.45461	1529.40319
2025-09-11T08:13:22Z	995.00000	1559.37899	1542.45446	1529.40289
2025-09-11T08:13:22Z	995.00000	1559.37889	1542.45424	1529.40280
2025-09-11T08:13:22Z	995.00000	1559.37891	1542.45421	1529.40278
2025-09-11T08:13:22Z	996.00000	1559.37883	1542.45401	1529.40261
2025-09-11T08:13:23Z	996.00000	1559.37865	1542.45386	1529.40263
2025-09-11T08:13:23Z	996.00000	1559.37852	1542.45369	1529.40237
2025-09-11T08:13:23Z	996.00000	1559.37848	1542.45340	1529.40231
2025-09-11T08:13:23Z	996.00000	1559.37841	1542.45331	1529.40214
2025-09-11T08:13:23Z	996.00000	1559.37830	1542.45308	1529.40200
2025-09-11T08:13:23Z	996.00000	1559.37819	1542.45296	1529.40202
2025-09-11T08:13:23Z	996.00000	1559.37813	1542.45279	1529.40182
2025-09-11T08:13:23Z	996.00000	1559.37799	1542.45265	1529.40166
2025-09-11T08:13:23Z	996.00000	1559.37788	1542.45248	1529.40160
2025-09-11T08:13:23Z	997.00000	1559.37797	1542.45235	1529.40160
2025-09-11T08:13:24Z	997.00000	1559.37774	1542.45210	1529.40148
2025-09-11T08:13:24Z	997.00000	1559.37764	1542.45208	1529.40136
2025-09-11T08:13:24Z	997.00000	1559.37755	1542.45182	1529.40126
2025-09-11T08:13:24Z	997.00000	1559.37742	1542.45165	1529.40120
2025-09-11T08:13:24Z	997.00000	1559.37740	1542.45152	1529.40108
2025-09-11T08:13:24Z	997.00000	1559.37728	1542.45136	1529.40091
2025-09-11T08:13:24Z	997.00000	1559.37719	1542.45120	1529.40091
2025-09-11T08:13:24Z	997.00000	1559.37704	1542.45104	1529.40068
2025-09-11T08:13:24Z	997.00000	1559.37706	1542.45089	1529.40060
2025-09-11T08:13:24Z	998.00000	1559.37702	1542.45062	1529.40054
2025-09-11T08:13:25Z	998.00000	1559.37690	1542.45058	1529.40039
2025-09-11T08:13:25Z	998.00000	1559.37679	1542.45045	1529.40032
2025-09-11T08:13:25Z	998.00000	1559.37677	1542.45023	1529.40020
2025-09-11T08:13:25Z	998.00000	1559.37665	1542.45001	1529.40014
2025-09-11T08:13:25Z	998.00000	1559.37649	1542.44991	1529.39998
2025-09-11T08:13:25Z	998.00000	1559.37649	1542.44980	1529.39991
2025-09-11T08:13:25Z	998.00000	1559.37650	1542.44962	1529.39981
2025-09-11T08:13:25Z	998.00000	1559.37637	1542.44951	1529.39971
2025-09-11T08:13:25Z	998.00000	1559.37624	1542.44934	1529.39959
2025-09-11T08:13:25Z	999.00000	1559.37611	1542.44922	1529.39952
2025-09-11T08:13:26Z	999.00000	1559.37614	1542.44910	1529.39933
2025-09-11T08:13:26Z	999.00000	1559.37602	1542.44893	1529.39937
2025-09-11T08:13:26Z	999.00000	1559.37595	1542.44870	1529.39916
2025-09-11T08:13:26Z	999.00000	1559.37581	1542.44851	1529.39910
2025-09-11T08:13:26Z	999.00000	1559.37573	1542.44845	1529.39905
2025-09-11T08:13:26Z	999.00000	1559.37574	1542.44831	1529.39887
2025-09-11T08:13:26Z	999.00000	1559.37552	1542.44805	1529.39877
2025-09-11T08:13:26Z	999.00000	1559.37558	1542.44800	1529.39877
2025-09-11T08:13:26Z	999.00000	1559.37547	1542.44780	1529.39859
2025-09-11T08:13:26Z	1000.00000	1559.37540	1542.44766	1529.39852
2025-09-11T08:13:27Z	1000.00000	1559.37505	1542.44727	1529.39820
2025-09-11T08:13:27Z	1000.00000	1559.37516	1542.44739	1529.39851
2025-09-11T08:13:27Z	1000.00000	1559.37495	1542.44725	1529.39838
2025-09-11T08:13:27Z	1000.00000	1559.37499	1542.44707	1529.39817
2025-09-11T08:13:27Z	1000.00000	1559.37506	1542.44718	1529.39838
2025-09-11T08:13:27Z	1000.00000	1559.37471	1542.44683	1529.39813
2025-09-11T08:13:27Z	1000.00000	1559.37456	1542.44655	1529.39780
2025-09-11T08:13:27Z	1000.00000	1559.37457	1542.44617	1529.39772
2025-09-11T08:13:28Z	1001.00000	1559.37434	1542.44595	1529.39755
2025-09-11T08:13:28Z	1001.00000	1559.37425	1542.44568	1529.39736
2025-09-11T08:13:28Z	1001.00000	1559.37407	1542.44543	1529.39723
2025-09-11T08:13:28Z	1001.00000	1559.37396	1542.44513	1529.39702
2025-09-11T08:13:28Z	1001.00000	1559.37378	1542.44484	1529.39686
2025-09-11T08:13:29Z	1002.00000	1559.37366	1542.44464	1529.39671
2025-09-11T08:13:29Z	1002.00000	1559.37346	1542.44442	1529.39648
2025-09-11T08:13:29Z	1002.00000	1559.37347	1542.44418	1529.39624
2025-09-11T08:13:29Z	1002.00000	1559.37326	1542.44391	1529.39613
2025-09-11T08:13:29Z	1002.00000	1559.37308	1542.44374	1529.39608
2025-09-11T08:13:30Z	1003.00000	1559.37292	1542.44339	1529.39590
2025-09-11T08:13:30Z	1003.00000	1559.37283	1542.44320	1529.39573
2025-09-11T08:13:30Z	1003.00000	1559.37271	1542.44299	1529.39551
2025-09-11T08:13:30Z	1003.00000	1559.37256	1542.44267	1529.39535
2025-09-11T08:13:30Z	1003.00000	1559.37244	1542.44261	1529.39525
2025-09-11T08:13:30Z	1003.00000	1559.37253	1542.44250	1529.39525
2025-09-11T08:13:30Z	1003.00000	1559.37239	1542.44243	1529.39514
2025-09-11T08:13:30Z	1004.00000	1559.37218	1542.44217	1529.39498
2025-09-11T08:13:31Z	1004.00000	1559.37228	1542.44216	1529.39500
2025-09-11T08:13:31Z	1004.00000	1559.37215	1542.44201	1529.39502
2025-09-11T08:13:31Z	1004.00000	1559.37198	1542.44185	1529.39472
2025-09-11T08:13:31Z	1004.00000	1559.37187	1542.44181	1529.39468
2025-09-11T08:13:31Z	1004.00000	1559.37204	1542.44172	1529.39472
2025-09-11T08:13:31Z	1004.00000	1559.37181	1542.44154	1529.39457
2025-09-11T08:13:31Z	1004.00000	1559.37181	1542.44134	1529.39444
2025-09-11T08:13:31Z	1004.00000	1559.37171	1542.44124	1529.39437
2025-09-11T08:13:31Z	1004.00000	1559.37159	1542.44111	1529.39430
2025-09-11T08:13:31Z	1005.00000	1559.37158	1542.44111	1529.39421
2025-09-11T08:13:32Z	1005.00000	1559.37163	1542.44078	1529.39417
2025-09-11T08:13:32Z	1005.00000	1559.37153	1542.44075	1529.39406
2025-09-11T08:13:32Z	1005.00000	1559.37132	1542.44066	1529.39399
2025-09-11T08:13:32Z	1005.00000	1559.37141	1542.44058	1529.39394
2025-09-11T08:13:32Z	1005.00000	1559.37126	1542.44040	1529.39374
2025-09-11T08:13:32Z	1005.00000	1559.37122	1542.44024	1529.39380
2025-09-11T08:13:32Z	1005.00000	1559.37116	1542.44008	1529.39364
2025-09-11T08:13:32Z	1005.00000	1559.37116	1542.44003	1529.39362
2025-09-11T08:13:32Z	1005.00000	1559.37103	1542.43977	1529.39344
2025-09-11T08:13:32Z	1006.00000	1559.37105	1542.43986	1529.39346
2025-09-11T08:13:33Z	1006.00000	1559.37097	1542.43962	1529.39332
2025-09-11T08:13:33Z	1006.00000	1559.37095	1542.43944	1529.39330
2025-09-11T08:13:33Z	1006.00000	1559.37077	1542.43946	1529.39315
2025-09-11T08:13:33Z	1006.00000	1559.37068	1542.43922	1529.39306
2025-09-11T08:13:33Z	1006.00000	1559.37065	1542.43922	1529.39303
2025-09-11T08:13:33Z	1006.00000	1559.37065	1542.43906	1529.39296
2025-09-11T08:13:33Z	1006.00000	1559.37051	1542.43887	1529.39287
2025-09-11T08:13:33Z	1006.00000	1559.37051	1542.43883	1529.39276
2025-09-11T08:13:33Z	1006.00000	1559.37040	1542.43868	1529.39271
2025-09-11T08:13:33Z	1007.00000	1559.37038	1542.43859	1529.39272
2025-09-11T08:13:34Z	1007.00000	1559.37024	1542.43851	1529.39247
2025-09-11T08:13:34Z	1007.00000	1559.37020	1542.43832	1529.39243
2025-09-11T08:13:34Z	1007.00000	1559.37016	1542.43831	1529.39249
2025-09-11T08:13:34Z	1007.00000	1559.37016	1542.43820	1529.39239
2025-09-11T08:13:34Z	1007.00000	1559.36999	1542.43800	1529.39229
2025-09-11T08:13:34Z	1007.00000	1559.37002	1542.43803	1529.39231
2025-09-11T08:13:34Z	1007.00000	1559.37000	1542.43772	1529.39216
2025-09-11T08:13:34Z	1007.00000	1559.36984	1542.43776	1529.39202
2025-09-11T08:13:34Z	1007.00000	1559.36975	1542.43758	1529.39211
2025-09-11T08:13:34Z	1008.00000	1559.36982	1542.43752	1529.39183
2025-09-11T08:13:35Z	1008.00000	1559.36972	1542.43737	1529.39181
2025-09-11T08:13:35Z	1008.00000	1559.36973	1542.43725	1529.39176
2025-09-11T08:13:35Z	1008.00000	1559.36956	1542.43723	1529.39166
2025-09-11T08:13:35Z	1008.00000	1559.36951	1542.43702	1529.39155
2025-09-11T08:13:35Z	1008.00000	1559.36952	1542.43686	1529.39140
2025-09-11T08:13:35Z	1008.00000	1559.36943	1542.43685	1529.39142
2025-09-11T08:13:35Z	1008.00000	1559.36930	1542.43674	1529.39133
2025-09-11T08:13:35Z	1008.00000	1559.36933	1542.43654	1529.39127
2025-09-11T08:13:35Z	1008.00000	1559.36921	1542.43653	1529.39122
2025-09-11T08:13:35Z	1009.00000	1559.36906	1542.43640	1529.39100
2025-09-11T08:13:36Z	1009.00000	1559.36913	1542.43630	1529.39101
2025-09-11T08:13:36Z	1009.00000	1559.36901	1542.43616	1529.39094
2025-09-11T08:13:36Z	1009.00000	1559.36890	1542.43597	1529.39073
2025-09-11T08:13:36Z	1009.00000	1559.36890	1542.43597	1529.39064
2025-09-11T08:13:36Z	1009.00000	1559.36886	1542.43579	1529.39075
2025-09-11T08:13:36Z	1009.00000	1559.36870	1542.43568	1529.39073
2025-09-11T08:13:36Z	1009.00000	1559.36862	1542.43546	1529.39044
2025-09-11T08:13:37Z	1009.00000	1559.36855	1542.43523	1529.39039
2025-09-11T08:13:37Z	1010.00000	1559.36851	1542.43514	1529.39008
2025-09-11T08:13:37Z	1010.00000	1559.36830	1542.43494	1529.39013
2025-09-11T08:13:37Z	1010.00000	1559.66158	1543.04909	1529.74604
2025-09-11T08:13:37Z	1010.00000	1559.99114	1543.78427	1530.16277
2025-09-11T08:13:37Z	1010.00000	1560.26997	1544.41349	1530.51390
2025-09-11T08:13:38Z	1011.00000	1560.56343	1545.06122	1530.87739
2025-09-11T08:13:38Z	1011.00000	1560.84295	1545.67474	1531.22083
2025-09-11T08:13:38Z	1011.00000	1561.11870	1546.27709	1531.56284
2025-09-11T08:13:38Z	1011.00000	1561.36957	1546.86446	1531.89292
2025-09-11T08:13:38Z	1011.00000	1561.57090	1547.36807	1532.18671
2025-09-11T08:13:39Z	1012.00000	1561.65081	1547.57770	1532.31332
2025-09-11T08:13:39Z	1012.00000	1561.75095	1547.83694	1532.46618
2025-09-11T08:13:39Z	1012.00000	1561.80582	1547.97844	1532.55077
2025-09-11T08:13:39Z	1012.00000	1561.87093	1548.13097	1532.64081
2025-09-11T08:13:39Z	1012.00000	1561.95733	1548.33973	1532.77342
2025-09-11T08:13:39Z	1012.00000	1562.00232	1548.45259	1532.84412
2025-09-11T08:13:39Z	1012.00000	1562.04903	1548.56213	1532.91127
2025-09-11T08:13:39Z	1012.00000	1562.10910	1548.68887	1532.99042
2025-09-11T08:13:39Z	1012.00000	1562.17983	1548.83201	1533.07463
2025-09-11T08:13:39Z	1013.00000	1562.26026	1548.99598	1533.17010
2025-09-11T08:13:40Z	1013.00000	1562.29697	1549.07491	1533.21800
2025-09-11T08:13:40Z	1013.00000	1562.34665	1549.17304	1533.27852
2025-09-11T08:13:40Z	1013.00000	1562.37950	1549.24617	1533.31988
2025-09-11T08:13:40Z	1013.00000	1562.40115	1549.29148	1533.34457
2025-09-11T08:13:40Z	1013.00000	1562.43482	1549.36041	1533.38612
2025-09-11T08:13:40Z	1013.00000	1562.45239	1549.39860	1533.40861
2025-09-11T08:13:40Z	1013.00000	1562.46634	1549.43054	1533.42624
2025-09-11T08:13:40Z	1013.00000	1562.48147	1549.46286	1533.44572
2025-09-11T08:13:40Z	1013.00000	1562.49191	1549.48575	1533.45936
2025-09-11T08:13:40Z	1014.00000	1562.50101	1549.50533	1533.47124
2025-09-11T08:13:41Z	1014.00000	1562.50974	1549.52373	1533.48213
2025-09-11T08:13:41Z	1014.00000	1562.51633	1549.53831	1533.49028
2025-09-11T08:13:41Z	1014.00000	1561.50999	1547.14457	1532.04741
2025-09-11T08:13:41Z	1014.00000	1561.07831	1546.19774	1531.49880
2025-09-11T08:13:41Z	1014.00000	1560.90941	1545.83413	1531.28420
2025-09-11T08:13:41Z	1014.00000	1560.76211	1545.51569	1531.10025
2025-09-11T08:13:41Z	1014.00000	1560.62658	1545.21557	1530.93413
2025-09-11T08:13:41Z	1014.00000	1560.49734	1544.92967	1530.77269
2025-09-11T08:13:41Z	1014.00000	1560.37451	1544.66137	1530.62200
2025-09-11T08:13:41Z	1015.00000	1560.22918	1544.33256	1530.44103
2025-09-11T08:13:42Z	1015.00000	1560.12096	1544.08499	1530.30362
2025-09-11T08:13:42Z	1015.00000	1560.00120	1543.81366	1530.15481
2025-09-11T08:13:42Z	1015.00000	1559.86757	1543.50457	1529.98712
2025-09-11T08:13:42Z	1015.00000	1559.76041	1543.26665	1529.85729
2025-09-11T08:13:42Z	1015.00000	1559.65125	1543.02656	1529.72306
2025-09-11T08:13:42Z	1015.00000	1559.52488	1542.75839	1529.57186
2025-09-11T08:13:42Z	1015.00000	1559.48468	1542.67678	1529.52797
2025-09-11T08:13:42Z	1015.00000	1559.47654	1542.65812	1529.51903
2025-09-11T08:13:42Z	1015.00000	1559.47109	1542.64604	1529.51320
2025-09-11T08:13:42Z	1016.00000	1559.46643	1542.63593	1529.50796
2025-09-11T08:13:43Z	1016.00000	1559.46182	1542.62587	1529.50267
2025-09-11T08:13:43Z	1016.00000	1559.45758	1542.61698	1529.49773
2025-09-11T08:13:43Z	1016.00000	1559.45464	1542.61050	1529.49421
2025-09-11T08:13:43Z	1016.00000	1559.45183	1542.60443	1529.49107
2025-09-11T08:13:43Z	1016.00000	1559.44915	1542.59911	1529.48784
2025-09-11T08:13:43Z	1016.00000	1559.44671	1542.59420	1529.48525
2025-09-11T08:13:43Z	1016.00000	1559.44410	1542.58896	1529.48205
2025-09-11T08:13:43Z	1016.00000	1559.44213	1542.58465	1529.47959
2025-09-11T08:13:43Z	1016.00000	1559.44013	1542.58065	1529.47732
2025-09-11T08:13:43Z	1017.00000	1559.43798	1542.57645	1529.47488
2025-09-11T08:13:44Z	1017.00000	1559.43628	1542.57293	1529.47273
2025-09-11T08:13:44Z	1017.00000	1559.43445	1542.56930	1529.47059
2025-09-11T08:13:44Z	1017.00000	1559.43297	1542.56620	1529.46887
2025-09-11T08:13:44Z	1017.00000	1559.43155	1542.56339	1529.46724
2025-09-11T08:13:44Z	1017.00000	1559.42980	1542.56001	1529.46508
2025-09-11T08:13:44Z	1017.00000	1559.42850	1542.55736	1529.46350
2025-09-11T08:13:44Z	1017.00000	1559.42734	1542.55478	1529.46205
2025-09-11T08:13:44Z	1017.00000	1559.42589	1542.55206	1529.46032
2025-09-11T08:13:44Z	1017.00000	1559.42486	1542.54977	1529.45900
2025-09-11T08:13:44Z	1018.00000	1559.42360	1542.54757	1529.45754
2025-09-11T08:13:45Z	1018.00000	1559.42232	1542.54510	1529.45610
2025-09-11T08:13:45Z	1018.00000	1559.42145	1542.54309	1529.45491
2025-09-11T08:13:45Z	1018.00000	1559.42040	1542.54084	1529.45358
2025-09-11T08:13:45Z	1018.00000	1559.41941	1542.53897	1529.45252
2025-09-11T08:13:45Z	1018.00000	1559.41847	1542.53716	1529.45150
2025-09-11T08:13:45Z	1018.00000	1559.41745	1542.53506	1529.45011
2025-09-11T08:13:45Z	1018.00000	1559.41652	1542.53316	1529.44893
2025-09-11T08:13:45Z	1018.00000	1559.41569	1542.53156	1529.44802
2025-09-11T08:13:45Z	1018.00000	1559.41469	1542.52982	1529.44686
2025-09-11T08:13:45Z	1019.00000	1559.41400	1542.52823	1529.44596
2025-09-11T08:13:46Z	1019.00000	1559.41315	1542.52646	1529.44490
2025-09-11T08:13:46Z	1019.00000	1559.41243	1542.52499	1529.44408
2025-09-11T08:13:46Z	1019.00000	1559.41169	1542.52370	1529.44319
2025-09-11T08:13:46Z	1019.00000	1559.41113	1542.52238	1529.44247
2025-09-11T08:13:46Z	1019.00000	1559.41010	1542.52036	1529.44134
2025-09-11T08:13:46Z	1019.00000	1559.40856	1542.51748	1529.43947
2025-09-11T08:13:46Z	1019.00000	1559.40739	1542.51499	1529.43789
2025-09-11T08:13:47Z	1020.00000	1559.40607	1542.51239	1529.43633
2025-09-11T08:13:47Z	1020.00000	1559.51899	1542.74391	1529.56858
2025-09-11T08:13:47Z	1020.00000	1559.92772	1543.63062	1530.07240
2025-09-11T08:13:47Z	1020.00000	1560.28910	1544.44898	1530.51923
2025-09-11T08:13:48Z	1021.00000	1560.63906	1545.22479	1530.94799
2025-09-11T08:13:48Z	1021.00000	1560.94198	1545.88436	1531.31218
2025-09-11T08:13:48Z	1021.00000	1561.25264	1546.56232	1531.69344
2025-09-11T08:13:48Z	1021.00000	1561.53624	1547.24339	1532.07828
2025-09-11T08:13:49Z	1021.00000	1561.73822	1547.76328	1532.38381
2025-09-11T08:13:49Z	1022.00000	1561.89263	1548.14867	1532.61249
2025-09-11T08:13:49Z	1022.00000	1562.02822	1548.47968	1532.82088
2025-09-11T08:13:49Z	1022.00000	1562.09328	1548.62827	1532.91749
2025-09-11T08:13:49Z	1022.00000	1562.13363	1548.72247	1532.97642
2025-09-11T08:13:49Z	1022.00000	1562.19006	1548.84995	1533.06283
2025-09-11T08:13:49Z	1022.00000	1562.26710	1549.02469	1533.17490
2025-09-11T08:13:49Z	1023.00000	1562.29475	1549.08461	1533.21420
2025-09-11T08:13:50Z	1023.00000	1562.33400	1549.16478	1533.26433
2025-09-11T08:13:50Z	1023.00000	1562.36109	1549.21862	1533.29572
2025-09-11T08:13:50Z	1023.00000	1562.39530	1549.28820	1533.33545
2025-09-11T08:13:50Z	1023.00000	1562.42004	1549.33926	1533.36328
2025-09-11T08:13:50Z	1023.00000	1562.44552	1549.38993	1533.39375
2025-09-11T08:13:50Z	1023.00000	1562.46205	1549.42542	1533.41365
2025-09-11T08:13:50Z	1023.00000	1562.47635	1549.45530	1533.43128
2025-09-11T08:13:50Z	1023.00000	1562.48941	1549.48246	1533.44701
2025-09-11T08:13:50Z	1023.00000	1562.50221	1549.50816	1533.46177
2025-09-11T08:13:50Z	1024.00000	1562.51354	1549.53067	1533.47563
2025-09-11T08:13:51Z	1024.00000	1562.52558	1549.55540	1533.48975
2025-09-11T08:13:51Z	1024.00000	1562.53831	1549.58167	1533.50521
2025-09-11T08:13:51Z	1024.00000	1561.26231	1546.58470	1531.71161
2025-09-11T08:13:51Z	1024.00000	1560.99415	1546.00865	1531.38068
2025-09-11T08:13:51Z	1024.00000	1560.84906	1545.69556	1531.19986
2025-09-11T08:13:51Z	1024.00000	1560.71726	1545.41220	1531.04308
2025-09-11T08:13:51Z	1024.00000	1560.56718	1545.07675	1530.85447
2025-09-11T08:13:51Z	1024.00000	1560.43902	1544.79965	1530.69784
2025-09-11T08:13:51Z	1024.00000	1560.32155	1544.53360	1530.55175
2025-09-11T08:13:51Z	1025.00000	1560.19961	1544.25654	1530.40034
2025-09-11T08:13:52Z	1025.00000	1560.06712	1543.95302	1530.23388
2025-09-11T08:13:52Z	1025.00000	1559.95508	1543.69814	1530.09722
2025-09-11T08:13:52Z	1025.00000	1559.84306	1543.44323	1529.95679
2025-09-11T08:13:52Z	1025.00000	1559.73107	1543.19426	1529.81917
2025-09-11T08:13:52Z	1025.00000	1559.62127	1542.95767	1529.68637
2025-09-11T08:13:52Z	1025.00000	1559.51022	1542.72730	1529.55659
2025-09-11T08:13:52Z	1025.00000	1559.49664	1542.69679	1529.54150
2025-09-11T08:13:52Z	1025.00000	1559.48941	1542.68076	1529.53386
2025-09-11T08:13:52Z	1025.00000	1559.48431	1542.66958	1529.52828
2025-09-11T08:13:52Z	1026.00000	1559.47998	1542.66014	1529.52337
2025-09-11T08:13:53Z	1026.00000	1559.47603	1542.65177	1529.51903
2025-09-11T08:13:53Z	1026.00000	1559.47262	1542.64431	1529.51507
2025-09-11T08:13:53Z	1026.00000	1559.46889	1542.63660	1529.51112
2025-09-11T08:13:53Z	1026.00000	1559.46556	1542.62970	1529.50721
2025-09-11T08:13:53Z	1026.00000	1559.46295	1542.62428	1529.50429
2025-09-11T08:13:53Z	1026.00000	1559.46061	1542.61939	1529.50168
2025-09-11T08:13:53Z	1026.00000	1559.45834	1542.61461	1529.49876
2025-09-11T08:13:53Z	1026.00000	1559.45622	1542.61031	1529.49627
2025-09-11T08:13:53Z	1026.00000	1559.45352	1542.60519	1529.49349
2025-09-11T08:13:54Z	1027.00000	1559.44927	1542.59651	1529.48839
2025-09-11T08:13:54Z	1027.00000	1559.44555	1542.58885	1529.48390
2025-09-11T08:13:54Z	1027.00000	1559.44190	1542.58164	1529.47956
2025-09-11T08:13:54Z	1027.00000	1559.43884	1542.57560	1529.47594
2025-09-11T08:13:55Z	1027.00000	1559.43600	1542.56998	1529.47242
2025-09-11T08:13:55Z	1028.00000	1559.43359	1542.56530	1529.46971
2025-09-11T08:13:55Z	1028.00000	1559.43112	1542.56067	1529.46677
2025-09-11T08:13:55Z	1028.00000	1559.42907	1542.55632	1529.46428
2025-09-11T08:13:55Z	1028.00000	1559.42710	1542.55262	1529.46180
2025-09-11T08:13:56Z	1029.00000	1559.42508	1542.54883	1529.45955
2025-09-11T08:13:56Z	1029.00000	1559.42349	1542.54564	1529.45762
2025-09-11T08:13:56Z	1029.00000	1559.42172	1542.54230	1529.45566
2025-09-11T08:13:56Z	1029.00000	1559.41950	1542.53777	1529.45280
2025-09-11T08:13:57Z	1030.00000	1559.41896	1542.53657	1529.45212
2025-09-11T08:13:57Z	1030.00000	1559.41830	1542.53544	1529.45133
2025-09-11T08:13:57Z	1030.00000	1559.41778	1542.53422	1529.45062
2025-09-11T08:13:57Z	1030.00000	1559.41706	1542.53310	1529.45000
2025-09-11T08:13:57Z	1030.00000	1559.49813	1542.69903	1529.54492
2025-09-11T08:13:57Z	1030.00000	1559.66978	1543.05916	1529.75026
2025-09-11T08:13:57Z	1030.00000	1559.83980	1543.42525	1529.96023
2025-09-11T08:13:57Z	1030.00000	1560.00204	1543.79772	1530.16246
2025-09-11T08:13:57Z	1030.00000	1560.18009	1544.19983	1530.38326
2025-09-11T08:13:57Z	1030.00000	1560.32514	1544.52621	1530.56355
2025-09-11T08:13:57Z	1031.00000	1560.46922	1544.85207	1530.74252
2025-09-11T08:13:58Z	1031.00000	1560.61181	1545.16034	1530.91327
2025-09-11T08:13:58Z	1031.00000	1560.75041	1545.46724	1531.08105
2025-09-11T08:13:58Z	1031.00000	1560.88857	1545.76601	1531.24678
2025-09-11T08:13:58Z	1031.00000	1561.02499	1546.06071	1531.41330
2025-09-11T08:13:58Z	1031.00000	1561.18938	1546.41360	1531.61135
2025-09-11T08:13:58Z	1031.00000	1561.31062	1546.69552	1531.76758
2025-09-11T08:13:58Z	1031.00000	1561.42646	1546.96609	1531.92074
2025-09-11T08:13:58Z	1031.00000	1561.54829	1547.26749	1532.09161
2025-09-11T08:13:58Z	1031.00000	1561.64548	1547.51902	1532.23889
2025-09-11T08:13:58Z	1032.00000	1561.72433	1547.72573	1532.36068
2025-09-11T08:13:59Z	1032.00000	1561.78489	1547.87957	1532.45037
2025-09-11T08:13:59Z	1032.00000	1561.85337	1548.05339	1532.55466
2025-09-11T08:13:59Z	1032.00000	1561.91763	1548.20952	1532.64619
2025-09-11T08:13:59Z	1032.00000	1562.00842	1548.41621	1532.76146
2025-09-11T08:13:59Z	1032.00000	1562.07844	1548.56768	1532.84707
2025-09-11T08:13:59Z	1032.00000	1562.14261	1548.70744	1532.92562
2025-09-11T08:13:59Z	1032.00000	1562.23251	1548.89438	1533.03168
2025-09-11T08:13:59Z	1032.00000	1562.29869	1549.03647	1533.11215
2025-09-11T08:13:59Z	1032.00000	1562.33831	1549.12084	1533.16134
2025-09-11T08:14:00Z	1033.00000	1562.39329	1549.23636	1533.22994
2025-09-11T08:14:00Z	1033.00000	1562.42537	1549.30685	1533.27062
2025-09-11T08:14:00Z	1033.00000	1562.45306	1549.36493	1533.30289
2025-09-11T08:14:00Z	1033.00000	1562.47973	1549.42364	1533.33563
2025-09-11T08:14:00Z	1033.00000	1562.50152	1549.46906	1533.36266
2025-09-11T08:14:00Z	1033.00000	1562.51958	1549.50589	1533.38340
2025-09-11T08:14:00Z	1033.00000	1562.53616	1549.53948	1533.40229
2025-09-11T08:14:00Z	1033.00000	1562.55002	1549.56741	1533.41917
2025-09-11T08:14:00Z	1033.00000	1562.56151	1549.59326	1533.43260
2025-09-11T08:14:00Z	1033.00000	1562.57524	1549.62180	1533.44958
2025-09-11T08:14:00Z	1034.00000	1562.58424	1549.64019	1533.45979
2025-09-11T08:14:01Z	1034.00000	1562.59104	1549.65562	1533.46856
2025-09-11T08:14:01Z	1034.00000	1562.59398	1549.56513	1533.45951
2025-09-11T08:14:01Z	1034.00000	1561.19962	1546.41397	1531.59318
2025-09-11T08:14:01Z	1034.00000	1560.86788	1545.72046	1531.19829
2025-09-11T08:14:01Z	1034.00000	1560.56269	1545.04889	1530.83049
2025-09-11T08:14:01Z	1034.00000	1560.30587	1544.48292	1530.51972
2025-09-11T08:14:02Z	1035.00000	1560.06234	1543.92994	1530.21840
2025-09-11T08:14:02Z	1035.00000	1559.80631	1543.35428	1529.90749
2025-09-11T08:14:02Z	1035.00000	1559.56088	1542.82464	1529.61108
2025-09-11T08:14:02Z	1035.00000	1559.50193	1542.70336	1529.54625
2025-09-11T08:14:02Z	1035.00000	1559.49064	1542.67898	1529.53390
2025-09-11T08:14:03Z	1036.00000	1559.48140	1542.65951	1529.52401
2025-09-11T08:14:03Z	1036.00000	1559.47409	1542.64431	1529.51596
2025-09-11T08:14:03Z	1036.00000	1559.46856	1542.63277	1529.50966
2025-09-11T08:14:03Z	1036.00000	1559.46379	1542.62317	1529.50431
2025-09-11T08:14:03Z	1036.00000	1559.46176	1542.61910	1529.50213
2025-09-11T08:14:04Z	1037.00000	1559.45984	1542.61537	1529.49984
2025-09-11T08:14:04Z	1037.00000	1559.45797	1542.61190	1529.49789
2025-09-11T08:14:04Z	1037.00000	1559.45628	1542.60852	1529.49590
2025-09-11T08:14:04Z	1037.00000	1559.45461	1542.60519	1529.49406
2025-09-11T08:14:04Z	1037.00000	1559.45307	1542.60215	1529.49229
2025-09-11T08:14:04Z	1037.00000	1559.45165	1542.59926	1529.49060
2025-09-11T08:14:04Z	1037.00000	1559.45022	1542.59659	1529.48886
2025-09-11T08:14:04Z	1037.00000	1559.44882	1542.59385	1529.48726
2025-09-11T08:14:04Z	1037.00000	1559.44758	1542.59135	1529.48587
2025-09-11T08:14:04Z	1037.00000	1559.44612	1542.58845	1529.48408
2025-09-11T08:14:04Z	1038.00000	1559.44490	1542.58611	1529.48290
2025-09-11T08:14:05Z	1038.00000	1559.44378	1542.58387	1529.48139
2025-09-11T08:14:05Z	1038.00000	1559.44279	1542.58161	1529.48017
2025-09-11T08:14:05Z	1038.00000	1559.44157	1542.57962	1529.47884
2025-09-11T08:14:05Z	1038.00000	1559.44062	1542.57763	1529.47762
2025-09-11T08:14:05Z	1038.00000	1559.43934	1542.57529	1529.47618
2025-09-11T08:14:05Z	1038.00000	1559.43840	1542.57344	1529.47507
2025-09-11T08:14:05Z	1038.00000	1559.43743	1542.57157	1529.47403
2025-09-11T08:14:05Z	1038.00000	1559.43638	1542.56946	1529.47281
2025-09-11T08:14:05Z	1038.00000	1559.43553	1542.56788	1529.47170
2025-09-11T08:14:05Z	1039.00000	1559.43434	1542.56584	1529.47053
2025-09-11T08:14:06Z	1039.00000	1559.43361	1542.56416	1529.46944
2025-09-11T08:14:06Z	1039.00000	1559.43275	1542.56245	1529.46842
2025-09-11T08:14:06Z	1039.00000	1559.43192	1542.56100	1529.46750
2025-09-11T08:14:06Z	1039.00000	1559.43128	1542.55965	1529.46667
2025-09-11T08:14:06Z	1039.00000	1559.43028	1542.55797	1529.46569
2025-09-11T08:14:06Z	1039.00000	1559.42963	1542.55650	1529.46472
2025-09-11T08:14:06Z	1039.00000	1559.42896	1542.55518	1529.46390
2025-09-11T08:14:06Z	1039.00000	1559.42814	1542.55353	1529.46287
2025-09-11T08:14:06Z	1039.00000	1559.42740	1542.55235	1529.46214
2025-09-11T08:14:06Z	1040.00000	1559.42663	1542.55079	1529.46111
2025-09-11T08:14:07Z	1040.00000	1559.42596	1542.54946	1529.46049
2025-09-11T08:14:07Z	1040.00000	1559.42535	1542.54833	1529.45976
2025-09-11T08:14:07Z	1040.00000	1559.42474	1542.54693	1529.45882
2025-09-11T08:14:07Z	1040.00000	1559.48719	1542.67480	1529.53185
2025-09-11T08:14:07Z	1040.00000	1559.69313	1543.10540	1529.77651
2025-09-11T08:14:07Z	1040.00000	1559.86341	1543.47177	1529.98289
2025-09-11T08:14:07Z	1040.00000	1560.05047	1543.89655	1530.21397
2025-09-11T08:14:07Z	1040.00000	1560.23821	1544.32308	1530.44749
2025-09-11T08:14:08Z	1040.00000	1560.56114	1545.04113	1530.84216
2025-09-11T08:14:08Z	1041.00000	1560.89748	1545.77660	1531.24383
2025-09-11T08:14:08Z	1041.00000	1561.22954	1546.49422	1531.64420
2025-09-11T08:14:08Z	1041.00000	1561.50853	1547.14823	1532.01146
2025-09-11T08:14:08Z	1041.00000	1561.69810	1547.63000	1532.29225
2025-09-11T08:14:09Z	1042.00000	1561.85260	1548.02597	1532.52194
2025-09-11T08:14:09Z	1042.00000	1562.03060	1548.44113	1532.75432
2025-09-11T08:14:09Z	1042.00000	1562.18964	1548.79321	1532.95254
2025-09-11T08:14:09Z	1042.00000	1562.31599	1549.06603	1533.11010
2025-09-11T08:14:10Z	1042.00000	1562.41774	1549.27729	1533.23215
2025-09-11T08:14:10Z	1043.00000	1562.49790	1549.44206	1533.32451
2025-09-11T08:14:10Z	1043.00000	1562.51838	1549.48549	1533.34873
2025-09-11T08:14:10Z	1043.00000	1562.53693	1549.52415	1533.37153
2025-09-11T08:14:10Z	1043.00000	1562.54889	1549.55096	1533.38705
2025-09-11T08:14:10Z	1043.00000	1562.56007	1549.57449	1533.40120
2025-09-11T08:14:10Z	1043.00000	1562.56811	1549.59276	1533.41077
2025-09-11T08:14:10Z	1043.00000	1562.57562	1549.60937	1533.41996
2025-09-11T08:14:10Z	1043.00000	1562.58319	1549.62564	1533.42963
2025-09-11T08:14:10Z	1044.00000	1562.58920	1549.63871	1533.43719
2025-09-11T08:14:11Z	1044.00000	1562.59387	1549.64969	1533.44318
2025-09-11T08:14:11Z	1044.00000	1562.51185	1549.34602	1533.30390
2025-09-11T08:14:11Z	1044.00000	1561.22860	1546.46234	1531.60794
2025-09-11T08:14:11Z	1044.00000	1561.01503	1546.02168	1531.36544
2025-09-11T08:14:11Z	1044.00000	1560.87038	1545.71512	1531.19076
2025-09-11T08:14:11Z	1044.00000	1560.71406	1545.38215	1531.00879
2025-09-11T08:14:11Z	1044.00000	1560.58526	1545.09130	1530.85176
2025-09-11T08:14:11Z	1044.00000	1560.45332	1544.80884	1530.69313
2025-09-11T08:14:11Z	1044.00000	1560.31287	1544.49203	1530.52193
2025-09-11T08:14:11Z	1045.00000	1560.19273	1544.21870	1530.37311
2025-09-11T08:14:12Z	1045.00000	1560.05789	1543.91243	1530.20728
2025-09-11T08:14:12Z	1045.00000	1559.92487	1543.61215	1530.04709
2025-09-11T08:14:12Z	1045.00000	1559.79560	1543.32614	1529.89123
2025-09-11T08:14:12Z	1045.00000	1559.66615	1543.04710	1529.73495
2025-09-11T08:14:12Z	1045.00000	1559.55607	1542.81218	1529.60406
2025-09-11T08:14:12Z	1045.00000	1559.51643	1542.73157	1529.56088
2025-09-11T08:14:12Z	1045.00000	1559.50936	1542.71622	1529.55335
2025-09-11T08:14:12Z	1045.00000	1559.50359	1542.70377	1529.54747
2025-09-11T08:14:12Z	1045.00000	1559.49781	1542.69191	1529.54124
2025-09-11T08:14:12Z	1046.00000	1559.49369	1542.68301	1529.53669
2025-09-11T08:14:13Z	1046.00000	1559.48983	1542.67509	1529.53272
2025-09-11T08:14:13Z	1046.00000	1559.48650	1542.66778	1529.52893
2025-09-11T08:14:13Z	1046.00000	1559.48325	1542.66136	1529.52557
2025-09-11T08:14:13Z	1046.00000	1559.48039	1542.65540	1529.52237
2025-09-11T08:14:13Z	1046.00000	1559.47730	1542.64911	1529.51903
2025-09-11T08:14:13Z	1046.00000	1559.47442	1542.64325	1529.51589
2025-09-11T08:14:13Z	1046.00000	1559.47213	1542.63855	1529.51330
2025-09-11T08:14:13Z	1046.00000	1559.46968	1542.63362	1529.51066
2025-09-11T08:14:13Z	1046.00000	1559.46770	1542.62954	1529.50842
2025-09-11T08:14:14Z	1047.00000	1559.46539	1542.62524	1529.50593
2025-09-11T08:14:14Z	1047.00000	1559.46377	1542.62209	1529.50410
2025-09-11T08:14:14Z	1047.00000	1559.46215	1542.61874	1529.50224
2025-09-11T08:14:14Z	1047.00000	1559.45888	1542.61231	1529.49863
2025-09-11T08:14:14Z	1047.00000	1559.45510	1542.60507	1529.49426
2025-09-11T08:14:14Z	1047.00000	1559.45177	1542.59865	1529.49042
2025-09-11T08:14:15Z	1048.00000	1559.44874	1542.59276	1529.48693
2025-09-11T08:14:15Z	1048.00000	1559.44580	1542.58705	1529.48360
2025-09-11T08:14:15Z	1048.00000	1559.44325	1542.58215	1529.48057
2025-09-11T08:14:15Z	1048.00000	1559.44079	1542.57734	1529.47765
2025-09-11T08:14:16Z	1049.00000	1559.43873	1542.57344	1529.47523
2025-09-11T08:14:16Z	1049.00000	1559.43658	1542.56934	1529.47281
2025-09-11T08:14:16Z	1049.00000	1559.43467	1542.56580	1529.47052
2025-09-11T08:14:16Z	1049.00000	1559.43299	1542.56248	1529.46856
2025-09-11T08:14:17Z	1049.00000	1559.43160	1542.55963	1529.46670
2025-09-11T08:14:17Z	1050.00000	1559.43000	1542.55673	1529.46498
2025-09-11T08:14:17Z	1050.00000	1559.42934	1542.55560	1529.46437
2025-09-11T08:14:17Z	1050.00000	1559.42868	1542.55448	1529.46360
2025-09-11T08:14:17Z	1050.00000	1559.57516	1542.85389	1529.63232
2025-09-11T08:14:17Z	1050.00000	1559.75521	1543.23388	1529.85142
2025-09-11T08:14:17Z	1050.00000	1559.92044	1543.59640	1530.05181
2025-09-11T08:14:17Z	1050.00000	1560.07979	1543.95841	1530.24685
2025-09-11T08:14:17Z	1050.00000	1560.23091	1544.30175	1530.43457
2025-09-11T08:14:17Z	1051.00000	1560.37662	1544.63126	1530.61385
2025-09-11T08:14:18Z	1051.00000	1560.52116	1544.94935	1530.78991
2025-09-11T08:14:18Z	1051.00000	1560.66129	1545.26104	1530.95809
2025-09-11T08:14:18Z	1051.00000	1560.79951	1545.56105	1531.12091
2025-09-11T08:14:18Z	1051.00000	1560.93775	1545.86030	1531.28577
2025-09-11T08:14:18Z	1051.00000	1561.21116	1546.44921	1531.61482
2025-09-11T08:14:18Z	1051.00000	1561.46931	1547.04766	1531.95002
2025-09-11T08:14:18Z	1051.00000	1561.58995	1547.34708	1532.11962
2025-09-11T08:14:18Z	1052.00000	1561.67118	1547.55435	1532.24024
2025-09-11T08:14:19Z	1052.00000	1561.75243	1547.76410	1532.36201
2025-09-11T08:14:19Z	1052.00000	1561.83071	1547.96172	1532.47569
2025-09-11T08:14:19Z	1052.00000	1561.92920	1548.19933	1532.60959
2025-09-11T08:14:19Z	1052.00000	1562.00923	1548.38536	1532.71347
2025-09-11T08:14:19Z	1052.00000	1562.10284	1548.58716	1532.82365
2025-09-11T08:14:19Z	1052.00000	1562.17669	1548.75335	1532.91656
2025-09-11T08:14:19Z	1052.00000	1562.27238	1548.95186	1533.02835
2025-09-11T08:14:19Z	1052.00000	1562.33787	1549.08654	1533.10431
2025-09-11T08:14:19Z	1052.00000	1562.40445	1549.22533	1533.18472
2025-09-11T08:14:20Z	1053.00000	1562.45804	1549.34159	1533.25318
2025-09-11T08:14:20Z	1053.00000	1562.49655	1549.42523	1533.30005
2025-09-11T08:14:20Z	1053.00000	1562.52856	1549.49398	1533.33902
2025-09-11T08:14:20Z	1053.00000	1562.55141	1549.54273	1533.36761
2025-09-11T08:14:20Z	1053.00000	1562.56941	1549.58244	1533.39064
2025-09-11T08:14:20Z	1053.00000	1562.58242	1549.61132	1533.40640
2025-09-11T08:14:20Z	1053.00000	1562.59433	1549.63762	1533.42237
2025-09-11T08:14:20Z	1053.00000	1562.60550	1549.66211	1533.43626
2025-09-11T08:14:20Z	1053.00000	1562.61408	1549.67998	1533.44607
2025-09-11T08:14:20Z	1053.00000	1562.62240	1549.69836	1533.45659
2025-09-11T08:14:21Z	1054.00000	1562.62803	1549.71137	1533.46478
2025-09-11T08:14:21Z	1054.00000	1562.63318	1549.72255	1533.47139
2025-09-11T08:14:21Z	1054.00000	1562.63812	1549.73218	1533.47659
2025-09-11T08:14:21Z	1054.00000	1561.06393	1546.12406	1531.41617
2025-09-11T08:14:22Z	1055.00000	1559.97089	1543.71078	1530.09942
2025-09-11T08:14:22Z	1055.00000	1559.64977	1543.00997	1529.71411
2025-09-11T08:14:22Z	1055.00000	1559.51336	1542.72249	1529.55692
2025-09-11T08:14:23Z	1056.00000	1559.49901	1542.69260	1529.54184
2025-09-11T08:14:23Z	1056.00000	1559.48822	1542.66983	1529.53027
2025-09-11T08:14:23Z	1056.00000	1559.47936	1542.65203	1529.52076
2025-09-11T08:14:23Z	1056.00000	1559.47299	1542.63921	1529.51387
2025-09-11T08:14:24Z	1057.00000	1559.46843	1542.63056	1529.50886
2025-09-11T08:14:24Z	1057.00000	1559.46643	1542.62652	1529.50670
2025-09-11T08:14:24Z	1057.00000	1559.46487	1542.62336	1529.50492
2025-09-11T08:14:24Z	1057.00000	1559.46367	1542.62074	1529.50340
2025-09-11T08:14:24Z	1057.00000	1559.46206	1542.61773	1529.50162
2025-09-11T08:14:24Z	1057.00000	1559.46059	1542.61487	1529.49997
2025-09-11T08:14:24Z	1057.00000	1559.45918	1542.61229	1529.49848
2025-09-11T08:14:24Z	1057.00000	1559.45786	1542.60962	1529.49696
2025-09-11T08:14:25Z	1058.00000	1559.45539	1542.60483	1529.49421
2025-09-11T08:14:25Z	1058.00000	1559.45408	1542.60251	1529.49271
2025-09-11T08:14:25Z	1058.00000	1559.45297	1542.60026	1529.49147
2025-09-11T08:14:25Z	1058.00000	1559.45173	1542.59785	1529.49007
2025-09-11T08:14:25Z	1058.00000	1559.45051	1542.59581	1529.48872
2025-09-11T08:14:25Z	1058.00000	1559.44953	1542.59377	1529.48756
2025-09-11T08:14:25Z	1058.00000	1559.44833	1542.59155	1529.48615
2025-09-11T08:14:25Z	1058.00000	1559.44723	1542.58943	1529.48493
2025-09-11T08:14:25Z	1058.00000	1559.44617	1542.58731	1529.48360
2025-09-11T08:14:26Z	1059.00000	1559.44439	1542.58392	1529.48164
2025-09-11T08:14:26Z	1059.00000	1559.44327	1542.58203	1529.48050
2025-09-11T08:14:26Z	1059.00000	1559.44234	1542.58007	1529.47926
2025-09-11T08:14:26Z	1059.00000	1559.44149	1542.57832	1529.47822
2025-09-11T08:14:26Z	1059.00000	1559.44056	1542.57678	1529.47729
2025-09-11T08:14:26Z	1059.00000	1559.43989	1542.57546	1529.47630
2025-09-11T08:14:26Z	1059.00000	1559.43898	1542.57376	1529.47552
2025-09-11T08:14:26Z	1059.00000	1559.43826	1542.57234	1529.47455
2025-09-11T08:14:26Z	1059.00000	1559.43746	1542.57078	1529.47357
2025-09-11T08:14:27Z	1060.00000	1559.43665	1542.56943	1529.47268
2025-09-11T08:14:27Z	1060.00000	1559.43601	1542.56815	1529.47194
2025-09-11T08:14:27Z	1060.00000	1559.43525	1542.56670	1529.47109
2025-09-11T08:14:27Z	1060.00000	1559.43457	1542.56545	1529.47039
2025-09-11T08:14:27Z	1060.00000	1559.43401	1542.56428	1529.46955
2025-09-11T08:14:27Z	1060.00000	1559.61160	1542.92847	1529.67471
2025-09-11T08:14:27Z	1060.00000	1559.79453	1543.31137	1529.89483
2025-09-11T08:14:27Z	1060.00000	1559.98170	1543.73167	1530.12340
2025-09-11T08:14:27Z	1060.00000	1560.13823	1544.08594	1530.31347
2025-09-11T08:14:27Z	1060.00000	1560.28574	1544.42128	1530.49669
2025-09-11T08:14:27Z	1061.00000	1560.43078	1544.75155	1530.67692
2025-09-11T08:14:28Z	1061.00000	1560.57746	1545.07211	1530.85365
2025-09-11T08:14:28Z	1061.00000	1560.86295	1545.69832	1531.19452
2025-09-11T08:14:28Z	1061.00000	1561.20021	1546.42366	1531.59611
2025-09-11T08:14:28Z	1061.00000	1561.52657	1547.18286	1532.01966
2025-09-11T08:14:29Z	1061.00000	1561.72518	1547.68744	1532.31185
2025-09-11T08:14:29Z	1062.00000	1561.89776	1548.11647	1532.55658
2025-09-11T08:14:29Z	1062.00000	1562.10907	1548.59603	1532.82010
2025-09-11T08:14:29Z	1062.00000	1562.30985	1549.02625	1533.06033
2025-09-11T08:14:29Z	1062.00000	1562.43654	1549.29849	1533.21734
2025-09-11T08:14:30Z	1063.00000	1562.51718	1549.47413	1533.31889
2025-09-11T08:14:30Z	1063.00000	1562.56078	1549.56792	1533.37276
2025-09-11T08:14:30Z	1063.00000	1562.58225	1549.61614	1533.40088
2025-09-11T08:14:30Z	1063.00000	1562.60253	1549.65985	1533.42585
2025-09-11T08:14:31Z	1064.00000	1562.61195	1549.68043	1533.43769
2025-09-11T08:14:31Z	1064.00000	1562.54013	1549.38832	1533.31503
2025-09-11T08:14:31Z	1064.00000	1561.25123	1546.50067	1531.61694
2025-09-11T08:14:31Z	1064.00000	1561.02188	1546.02738	1531.36050
2025-09-11T08:14:31Z	1064.00000	1560.87222	1545.70923	1531.18026
2025-09-11T08:14:31Z	1064.00000	1560.72942	1545.40409	1531.01565
2025-09-11T08:14:31Z	1064.00000	1560.59899	1545.11382	1530.85834
2025-09-11T08:14:31Z	1064.00000	1560.47253	1544.84030	1530.70591
2025-09-11T08:14:31Z	1064.00000	1560.35299	1544.57047	1530.55969
2025-09-11T08:14:32Z	1065.00000	1560.23492	1544.30521	1530.41678
2025-09-11T08:14:32Z	1065.00000	1560.12484	1544.05515	1530.28161
2025-09-11T08:14:32Z	1065.00000	1560.01479	1543.80972	1530.14857
2025-09-11T08:14:32Z	1065.00000	1559.90368	1543.55910	1530.01469
2025-09-11T08:14:32Z	1065.00000	1559.77546	1543.27843	1529.86222
2025-09-11T08:14:32Z	1065.00000	1559.66339	1543.03898	1529.72926
2025-09-11T08:14:32Z	1065.00000	1559.55328	1542.80365	1529.59929
2025-09-11T08:14:32Z	1065.00000	1559.52600	1542.74831	1529.56985
2025-09-11T08:14:32Z	1065.00000	1559.51741	1542.73013	1529.56111
2025-09-11T08:14:32Z	1065.00000	1559.51188	1542.71830	1529.55532
2025-09-11T08:14:33Z	1066.00000	1559.50270	1542.69925	1529.54556
2025-09-11T08:14:33Z	1066.00000	1559.49495	1542.68309	1529.53738
2025-09-11T08:14:33Z	1066.00000	1559.49119	1542.67551	1529.53340
2025-09-11T08:14:33Z	1066.00000	1559.48793	1542.66889	1529.52986
2025-09-11T08:14:33Z	1066.00000	1559.48537	1542.66358	1529.52715
2025-09-11T08:14:33Z	1066.00000	1559.48287	1542.65870	1529.52458
2025-09-11T08:14:33Z	1066.00000	1559.48015	1542.65321	1529.52161
2025-09-11T08:14:33Z	1066.00000	1559.47798	1542.64900	1529.51920
2025-09-11T08:14:33Z	1067.00000	1559.47599	1542.64506	1529.51706
2025-09-11T08:14:34Z	1067.00000	1559.47384	1542.64069	1529.51467
2025-09-11T08:14:34Z	1067.00000	1559.47188	1542.63697	1529.51265
2025-09-11T08:14:34Z	1067.00000	1559.47030	1542.63360	1529.51078
2025-09-11T08:14:34Z	1067.00000	1559.46846	1542.62990	1529.50871
2025-09-11T08:14:34Z	1067.00000	1559.46677	1542.62691	1529.50702
2025-09-11T08:14:34Z	1067.00000	1559.46382	1542.62126	1529.50364
2025-09-11T08:14:34Z	1067.00000	1559.46245	1542.61857	1529.50224
2025-09-11T08:14:34Z	1067.00000	1559.46099	1542.61561	1529.50052
2025-09-11T08:14:35Z	1068.00000	1559.45835	1542.61072	1529.49761
2025-09-11T08:14:35Z	1068.00000	1559.45566	1542.60537	1529.49442
2025-09-11T08:14:35Z	1068.00000	1559.45255	1542.59961	1529.49102
2025-09-11T08:14:35Z	1068.00000	1559.45002	1542.59459	1529.48807
2025-09-11T08:14:36Z	1068.00000	1559.44790	1542.59054	1529.48566
2025-09-11T08:14:36Z	1069.00000	1559.44587	1542.58662	1529.48329
2025-09-11T08:14:36Z	1069.00000	1559.44342	1542.58204	1529.48038
2025-09-11T08:14:36Z	1069.00000	1559.44139	1542.57826	1529.47818
2025-09-11T08:14:37Z	1070.00000	1559.43960	1542.57479	1529.47611
2025-09-11T08:14:37Z	1070.00000	1559.43782	1542.57154	1529.47413
2025-09-11T08:14:37Z	1070.00000	1559.76272	1543.24327	1529.85452
2025-09-11T08:14:37Z	1070.00000	1559.92765	1543.60655	1530.05448
2025-09-11T08:14:37Z	1070.00000	1560.08723	1543.96732	1530.24776
2025-09-11T08:14:37Z	1070.00000	1560.23838	1544.31007	1530.43411
2025-09-11T08:14:37Z	1070.00000	1560.38502	1544.64222	1530.61371
2025-09-11T08:14:38Z	1071.00000	1560.53036	1544.96369	1530.79092
2025-09-11T08:14:38Z	1071.00000	1560.76253	1545.48029	1531.06932
2025-09-11T08:14:38Z	1071.00000	1560.90257	1545.78165	1531.23400
2025-09-11T08:14:38Z	1071.00000	1561.04244	1546.08277	1531.40170
2025-09-11T08:14:38Z	1071.00000	1561.18406	1546.38285	1531.56803
2025-09-11T08:14:38Z	1071.00000	1561.30816	1546.66592	1531.72068
2025-09-11T08:14:38Z	1071.00000	1561.44953	1546.98805	1531.90192
2025-09-11T08:14:38Z	1071.00000	1561.55639	1547.24828	1532.04812
2025-09-11T08:14:38Z	1071.00000	1561.64496	1547.47273	1532.17625
2025-09-11T08:14:38Z	1072.00000	1561.72908	1547.68649	1532.30255
2025-09-11T08:14:39Z	1072.00000	1561.79392	1547.85175	1532.39677
2025-09-11T08:14:39Z	1072.00000	1561.85488	1548.01035	1532.48863
2025-09-11T08:14:39Z	1072.00000	1561.95170	1548.23933	1532.61663
2025-09-11T08:14:39Z	1072.00000	1562.05595	1548.47153	1532.74393
2025-09-11T08:14:39Z	1072.00000	1562.16801	1548.71447	1532.87587
2025-09-11T08:14:39Z	1072.00000	1562.23839	1548.86679	1532.96061
2025-09-11T08:14:39Z	1072.00000	1562.30441	1549.00985	1533.04103
2025-09-11T08:14:39Z	1072.00000	1562.36563	1549.13923	1533.11518
2025-09-11T08:14:39Z	1072.00000	1562.41696	1549.25273	1533.17977
2025-09-11T08:14:39Z	1073.00000	1562.44873	1549.32356	1533.22179
2025-09-11T08:14:40Z	1073.00000	1562.47445	1549.38053	1533.25523
2025-09-11T08:14:40Z	1073.00000	1562.50222	1549.44132	1533.29001
2025-09-11T08:14:40Z	1073.00000	1562.52027	1549.48020	1533.31235
2025-09-11T08:14:40Z	1073.00000	1562.53364	1549.50976	1533.32919
2025-09-11T08:14:40Z	1073.00000	1562.54538	1549.53588	1533.34409
2025-09-11T08:14:40Z	1073.00000	1562.55573	1549.55808	1533.35711
2025-09-11T08:14:40Z	1073.00000	1562.56365	1549.57529	1533.36707
2025-09-11T08:14:40Z	1073.00000	1562.57114	1549.59268	1533.37648
2025-09-11T08:14:40Z	1073.00000	1562.57684	1549.60525	1533.38418
2025-09-11T08:14:40Z	1074.00000	1562.58108	1549.61409	1533.38922
2025-09-11T08:14:41Z	1074.00000	1562.58452	1549.62219	1533.39380
2025-09-11T08:14:41Z	1074.00000	1562.58794	1549.63023	1533.39829
2025-09-11T08:14:41Z	1074.00000	1561.30949	1546.63142	1531.67473
2025-09-11T08:14:41Z	1074.00000	1561.06163	1546.11238	1531.39928
2025-09-11T08:14:41Z	1074.00000	1560.87924	1545.72402	1531.18309
2025-09-11T08:14:41Z	1074.00000	1560.73821	1545.41981	1531.01962
2025-09-11T08:14:41Z	1074.00000	1560.61051	1545.13877	1530.86576
2025-09-11T08:14:41Z	1074.00000	1560.45560	1544.80022	1530.68057
2025-09-11T08:14:41Z	1074.00000	1560.33638	1544.52974	1530.53416
2025-09-11T08:14:41Z	1075.00000	1560.21411	1544.25410	1530.38568
2025-09-11T08:14:42Z	1075.00000	1559.98840	1543.74852	1530.11502
2025-09-11T08:14:42Z	1075.00000	1559.71945	1543.15194	1529.79236
2025-09-11T08:14:42Z	1075.00000	1559.52950	1542.75456	1529.57316
2025-09-11T08:14:42Z	1075.00000	1559.51413	1542.72213	1529.55733
2025-09-11T08:14:43Z	1076.00000	1559.50283	1542.69875	1529.54549
2025-09-11T08:14:43Z	1076.00000	1559.49461	1542.68210	1529.53681
2025-09-11T08:14:43Z	1076.00000	1559.48837	1542.66948	1529.53020
2025-09-11T08:14:43Z	1076.00000	1559.48267	1542.65810	1529.52405
2025-09-11T08:14:44Z	1076.00000	1559.47780	1542.64832	1529.51890
2025-09-11T08:14:44Z	1077.00000	1559.47314	1542.63923	1529.51377
2025-09-11T08:14:44Z	1077.00000	1559.46921	1542.63156	1529.50953
2025-09-11T08:14:44Z	1077.00000	1559.46774	1542.62872	1529.50795
2025-09-11T08:14:44Z	1077.00000	1559.46638	1542.62595	1529.50626
2025-09-11T08:14:44Z	1077.00000	1559.46518	1542.62365	1529.50503
2025-09-11T08:14:44Z	1077.00000	1559.46392	1542.62109	1529.50362
2025-09-11T08:14:44Z	1077.00000	1559.46267	1542.61862	1529.50218
2025-09-11T08:14:45Z	1078.00000	1559.46138	1542.61632	1529.50085
2025-09-11T08:14:45Z	1078.00000	1559.46015	1542.61398	1529.49955
2025-09-11T08:14:45Z	1078.00000	1559.45899	1542.61187	1529.49814
2025-09-11T08:14:45Z	1078.00000	1559.45677	1542.60768	1529.49575
2025-09-11T08:14:45Z	1078.00000	1559.45567	1542.60579	1529.49448
2025-09-11T08:14:45Z	1078.00000	1559.45481	1542.60364	1529.49340
2025-09-11T08:14:45Z	1078.00000	1559.45365	1542.60190	1529.49227
2025-09-11T08:14:45Z	1078.00000	1559.45282	1542.60003	1529.49120
2025-09-11T08:14:45Z	1078.00000	1559.45191	1542.59823	1529.49019
2025-09-11T08:14:45Z	1079.00000	1559.45097	1542.59654	1529.48909
2025-09-11T08:14:46Z	1079.00000	1559.44993	1542.59458	1529.48794
2025-09-11T08:14:46Z	1079.00000	1559.44895	1542.59300	1529.48693
2025-09-11T08:14:46Z	1079.00000	1559.44824	1542.59140	1529.48589
2025-09-11T08:14:46Z	1079.00000	1559.44741	1542.58993	1529.48515
2025-09-11T08:14:46Z	1079.00000	1559.44651	1542.58815	1529.48403
2025-09-11T08:14:46Z	1079.00000	1559.44562	1542.58673	1529.48333
2025-09-11T08:14:46Z	1079.00000	1559.44513	1542.58536	1529.48232
2025-09-11T08:14:46Z	1079.00000	1559.44428	1542.58402	1529.48154
2025-09-11T08:14:46Z	1079.00000	1559.44346	1542.58243	1529.48059
2025-09-11T08:14:46Z	1080.00000	1559.44276	1542.58113	1529.47982
2025-09-11T08:14:47Z	1080.00000	1559.44206	1542.57977	1529.47911
2025-09-11T08:14:47Z	1080.00000	1559.44144	1542.57855	1529.47819
2025-09-11T08:14:47Z	1080.00000	1559.44080	1542.57738	1529.47750
2025-09-11T08:14:47Z	1080.00000	1559.44017	1542.57621	1529.47681
2025-09-11T08:14:47Z	1080.00000	1559.61198	1542.92788	1529.67327
2025-09-11T08:14:47Z	1080.00000	1559.79306	1543.30679	1529.88926
2025-09-11T08:14:47Z	1080.00000	1559.98119	1543.72675	1530.11733
2025-09-11T08:14:47Z	1080.00000	1560.13620	1544.07671	1530.30393
2025-09-11T08:14:47Z	1080.00000	1560.31476	1544.47954	1530.52188
2025-09-11T08:14:47Z	1081.00000	1560.46160	1544.81208	1530.70217
2025-09-11T08:14:48Z	1081.00000	1560.60418	1545.12176	1530.87239
2025-09-11T08:14:48Z	1081.00000	1560.74489	1545.43667	1531.04193
2025-09-11T08:14:48Z	1081.00000	1560.91074	1545.79539	1531.23626
2025-09-11T08:14:48Z	1081.00000	1561.04933	1546.09486	1531.40261
2025-09-11T08:14:48Z	1081.00000	1561.19108	1546.39387	1531.56782
2025-09-11T08:14:48Z	1081.00000	1561.33370	1546.71874	1531.74418
2025-09-11T08:14:48Z	1081.00000	1561.45484	1546.99373	1531.89706
2025-09-11T08:14:48Z	1081.00000	1561.56403	1547.25897	1532.04605
2025-09-11T08:14:48Z	1081.00000	1561.66580	1547.51635	1532.19338
2025-09-11T08:14:48Z	1082.00000	1561.73760	1547.69904	1532.30031
2025-09-11T08:14:49Z	1082.00000	1561.81261	1547.89120	1532.40964
2025-09-11T08:14:49Z	1082.00000	1561.87667	1548.05607	1532.50988
2025-09-11T08:14:49Z	1082.00000	1561.95083	1548.24958	1532.62737
2025-09-11T08:14:49Z	1082.00000	1562.02698	1548.43522	1532.73765
2025-09-11T08:14:49Z	1082.00000	1562.13621	1548.66513	1532.86348
2025-09-11T08:14:49Z	1082.00000	1562.21812	1548.84087	1532.95779
2025-09-11T08:14:49Z	1082.00000	1562.30914	1549.03264	1533.06550
2025-09-11T08:14:49Z	1082.00000	1562.38054	1549.17720	1533.14654
2025-09-11T08:14:49Z	1082.00000	1562.42984	1549.28771	1533.21022
2025-09-11T08:14:49Z	1083.00000	1562.46093	1549.35963	1533.25402
2025-09-11T08:14:50Z	1083.00000	1562.49475	1549.43335	1533.29633
2025-09-11T08:14:50Z	1083.00000	1562.52107	1549.49216	1533.32937
2025-09-11T08:14:50Z	1083.00000	1562.53720	1549.52742	1533.35009
2025-09-11T08:14:50Z	1083.00000	1562.55070	1549.55799	1533.36762
2025-09-11T08:14:50Z	1083.00000	1562.56340	1549.58642	1533.38479
2025-09-11T08:14:50Z	1083.00000	1562.57102	1549.60277	1533.39341
2025-09-11T08:14:50Z	1083.00000	1562.57749	1549.61831	1533.40302
2025-09-11T08:14:50Z	1083.00000	1562.58448	1549.63486	1533.41294
2025-09-11T08:14:50Z	1083.00000	1562.59015	1549.64617	1533.41936
2025-09-11T08:14:50Z	1084.00000	1562.59379	1549.65519	1533.42430
2025-09-11T08:14:51Z	1084.00000	1562.59750	1549.66445	1533.42992
2025-09-11T08:14:51Z	1084.00000	1562.60059	1549.67111	1533.43391
2025-09-11T08:14:51Z	1084.00000	1561.31991	1546.65779	1531.69947
2025-09-11T08:14:51Z	1084.00000	1561.09368	1546.18375	1531.44245
2025-09-11T08:14:51Z	1084.00000	1560.94222	1545.86141	1531.26204
2025-09-11T08:14:51Z	1084.00000	1560.76052	1545.47416	1531.05360
2025-09-11T08:14:51Z	1084.00000	1560.63196	1545.19221	1530.89790
2025-09-11T08:14:51Z	1084.00000	1560.50901	1544.91910	1530.75090
2025-09-11T08:14:51Z	1084.00000	1560.36023	1544.58662	1530.56897
2025-09-11T08:14:51Z	1085.00000	1560.24173	1544.31975	1530.42512
2025-09-11T08:14:52Z	1085.00000	1560.13246	1544.07279	1530.29144
2025-09-11T08:14:52Z	1085.00000	1560.00282	1543.78296	1530.13517
2025-09-11T08:14:52Z	1085.00000	1559.89255	1543.53256	1530.00067
2025-09-11T08:14:52Z	1085.00000	1559.76211	1543.24607	1529.84548
2025-09-11T08:14:52Z	1085.00000	1559.65062	1543.00931	1529.71370
2025-09-11T08:14:52Z	1085.00000	1559.54178	1542.78049	1529.58656
2025-09-11T08:14:52Z	1085.00000	1559.52912	1542.75340	1529.57350
2025-09-11T08:14:52Z	1085.00000	1559.52220	1542.73892	1529.56645
2025-09-11T08:14:52Z	1085.00000	1559.51666	1542.72738	1529.56061
2025-09-11T08:14:52Z	1086.00000	1559.51081	1542.71521	1529.55432
2025-09-11T08:14:53Z	1086.00000	1559.50294	1542.69905	1529.54618
2025-09-11T08:14:53Z	1086.00000	1559.49644	1542.68571	1529.53918
2025-09-11T08:14:53Z	1086.00000	1559.49064	1542.67445	1529.53327
2025-09-11T08:14:53Z	1086.00000	1559.48579	1542.66454	1529.52796
2025-09-11T08:14:53Z	1086.00000	1559.48155	1542.65613	1529.52337
2025-09-11T08:14:54Z	1087.00000	1559.47716	1542.64744	1529.51861
2025-09-11T08:14:54Z	1087.00000	1559.47332	1542.63997	1529.51448
2025-09-11T08:14:54Z	1087.00000	1559.46948	1542.63226	1529.51024
2025-09-11T08:14:54Z	1087.00000	1559.46625	1542.62603	1529.50665
2025-09-11T08:14:55Z	1088.00000	1559.46264	1542.61922	1529.50272
2025-09-11T08:14:55Z	1088.00000	1559.45906	1542.61247	1529.49862
2025-09-11T08:14:55Z	1088.00000	1559.45804	1542.61052	1529.49752
2025-09-11T08:14:55Z	1088.00000	1559.45704	1542.60853	1529.49649
2025-09-11T08:14:55Z	1088.00000	1559.45609	1542.60666	1529.49538
2025-09-11T08:14:55Z	1088.00000	1559.45502	1542.60457	1529.49409
2025-09-11T08:14:55Z	1088.00000	1559.45410	1542.60295	1529.49308
2025-09-11T08:14:56Z	1089.00000	1559.45313	1542.60127	1529.49212
2025-09-11T08:14:56Z	1089.00000	1559.45228	1542.59960	1529.49107
2025-09-11T08:14:56Z	1089.00000	1559.45137	1542.59796	1529.49005
2025-09-11T08:14:56Z	1089.00000	1559.45075	1542.59654	1529.48922
2025-09-11T08:14:56Z	1089.00000	1559.44987	1542.59483	1529.48826
2025-09-11T08:14:56Z	1089.00000	1559.44907	1542.59352	1529.48738
2025-09-11T08:14:56Z	1089.00000	1559.44818	1542.59177	1529.48645
2025-09-11T08:14:56Z	1089.00000	1559.44741	1542.59034	1529.48549
2025-09-11T08:14:56Z	1089.00000	1559.44668	1542.58899	1529.48474
2025-09-11T08:14:56Z	1089.00000	1559.44596	1542.58768	1529.48389
2025-09-11T08:14:56Z	1090.00000	1559.44534	1542.58638	1529.48308
2025-09-11T08:14:57Z	1090.00000	1559.44461	1542.58517	1529.48237
2025-09-11T08:14:57Z	1090.00000	1559.44395	1542.58386	1529.48154
2025-09-11T08:14:57Z	1090.00000	1559.44343	1542.58259	1529.48084
2025-09-11T08:14:57Z	1090.00000	1559.45820	1542.61310	1529.49788
2025-09-11T08:14:57Z	1090.00000	1559.66204	1543.03301	1529.73402
2025-09-11T08:14:57Z	1090.00000	1559.83781	1543.40243	1529.94407
2025-09-11T08:14:57Z	1090.00000	1560.02310	1543.82352	1530.17027
2025-09-11T08:14:57Z	1090.00000	1560.17608	1544.17128	1530.35703
2025-09-11T08:14:57Z	1090.00000	1560.32502	1544.50717	1530.54079
2025-09-11T08:14:57Z	1091.00000	1560.49472	1544.89049	1530.74994
2025-09-11T08:14:58Z	1091.00000	1560.63706	1545.20632	1530.92103
2025-09-11T08:14:58Z	1091.00000	1560.77802	1545.51683	1531.08871
2025-09-11T08:14:58Z	1091.00000	1560.94101	1545.86741	1531.28048
2025-09-11T08:14:58Z	1091.00000	1561.07862	1546.16417	1531.44514
2025-09-11T08:14:58Z	1091.00000	1561.21651	1546.45654	1531.60786
2025-09-11T08:14:58Z	1091.00000	1561.35589	1546.77758	1531.78258
2025-09-11T08:14:58Z	1091.00000	1561.47525	1547.05005	1531.93777
2025-09-11T08:14:58Z	1091.00000	1561.59605	1547.34781	1532.10531
2025-09-11T08:14:58Z	1091.00000	1561.67398	1547.54630	1532.21960
2025-09-11T08:14:58Z	1092.00000	1561.74402	1547.72642	1532.32457
2025-09-11T08:14:59Z	1092.00000	1561.81725	1547.91611	1532.43264
2025-09-11T08:14:59Z	1092.00000	1561.87944	1548.07335	1532.52575
2025-09-11T08:14:59Z	1092.00000	1561.96206	1548.28852	1532.65691
2025-09-11T08:14:59Z	1092.00000	1562.04878	1548.48153	1532.76319
2025-09-11T08:14:59Z	1092.00000	1562.12928	1548.65864	1532.86151
2025-09-11T08:14:59Z	1092.00000	1562.23531	1548.88559	1532.98557
2025-09-11T08:14:59Z	1092.00000	1562.29759	1549.01889	1533.06113
2025-09-11T08:14:59Z	1092.00000	1562.37243	1549.16999	1533.14557
2025-09-11T08:14:59Z	1092.00000	1562.41615	1549.27025	1533.20379
2025-09-11T08:14:59Z	1093.00000	1562.45608	1549.35480	1533.25314
2025-09-11T08:15:00Z	1093.00000	1562.48327	1549.41759	1533.28924
2025-09-11T08:15:00Z	1093.00000	1562.50611	1549.46948	1533.31878
2025-09-11T08:15:00Z	1093.00000	1562.52273	1549.50578	1533.33918
2025-09-11T08:15:00Z	1093.00000	1562.53751	1549.53681	1533.35767
2025-09-11T08:15:00Z	1093.00000	1562.55370	1549.57307	1533.37865
2025-09-11T08:15:00Z	1093.00000	1562.56473	1549.60019	1533.39457
2025-09-11T08:15:00Z	1093.00000	1562.57225	1549.61795	1533.40525
2025-09-11T08:15:01Z	1094.00000	1562.57919	1549.63458	1533.41501
2025-09-11T08:15:01Z	1094.00000	1561.14884	1546.29398	1531.50759
2025-09-11T08:15:01Z	1094.00000	1560.81609	1545.59679	1531.11633
2025-09-11T08:15:01Z	1094.00000	1560.52418	1544.95292	1530.76966
2025-09-11T08:15:01Z	1094.00000	1560.24630	1544.33151	1530.43233
2025-09-11T08:15:02Z	1095.00000	1560.02165	1543.82399	1530.15778
2025-09-11T08:15:02Z	1095.00000	1559.79455	1543.31775	1529.88647
2025-09-11T08:15:02Z	1095.00000	1559.56582	1542.82951	1529.61402
2025-09-11T08:15:02Z	1095.00000	1559.52638	1542.74762	1529.57110
2025-09-11T08:15:02Z	1095.00000	1559.51538	1542.72474	1529.55962
2025-09-11T08:15:02Z	1096.00000	1559.51193	1542.71743	1529.55576
2025-09-11T08:15:03Z	1096.00000	1559.50431	1542.70200	1529.54783
2025-09-11T08:15:03Z	1096.00000	1559.50162	1542.69656	1529.54512
2025-09-11T08:15:03Z	1096.00000	1559.49856	1542.69031	1529.54187
2025-09-11T08:15:03Z	1096.00000	1559.49568	1542.68464	1529.53875
2025-09-11T08:15:03Z	1096.00000	1559.49341	1542.68024	1529.53658
2025-09-11T08:15:03Z	1096.00000	1559.49144	1542.67593	1529.53425
2025-09-11T08:15:03Z	1096.00000	1559.48907	1542.67137	1529.53181
2025-09-11T08:15:03Z	1096.00000	1559.48685	1542.66687	1529.52940
2025-09-11T08:15:03Z	1097.00000	1559.48286	1542.65881	1529.52499
2025-09-11T08:15:04Z	1097.00000	1559.48085	1542.65504	1529.52291
2025-09-11T08:15:04Z	1097.00000	1559.47723	1542.64759	1529.51896
2025-09-11T08:15:04Z	1097.00000	1559.47553	1542.64451	1529.51708
2025-09-11T08:15:04Z	1097.00000	1559.47371	1542.64110	1529.51522
2025-09-11T08:15:04Z	1097.00000	1559.47235	1542.63821	1529.51348
2025-09-11T08:15:04Z	1097.00000	1559.46919	1542.63234	1529.51035
2025-09-11T08:15:04Z	1097.00000	1559.46800	1542.62985	1529.50879
2025-09-11T08:15:04Z	1098.00000	1559.46654	1542.62706	1529.50725
2025-09-11T08:15:05Z	1098.00000	1559.46546	1542.62484	1529.50591
2025-09-11T08:15:05Z	1098.00000	1559.46418	1542.62261	1529.50466
2025-09-11T08:15:05Z	1098.00000	1559.46294	1542.62011	1529.50321
2025-09-11T08:15:05Z	1098.00000	1559.46174	1542.61797	1529.50196
2025-09-11T08:15:05Z	1098.00000	1559.46079	1542.61594	1529.50086
2025-09-11T08:15:05Z	1098.00000	1559.45957	1542.61368	1529.49946
2025-09-11T08:15:05Z	1098.00000	1559.45859	1542.61183	1529.49842
2025-09-11T08:15:05Z	1098.00000	1559.45753	1542.61001	1529.49736
2025-09-11T08:15:05Z	1098.00000	1559.45650	1542.60798	1529.49612
2025-09-11T08:15:05Z	1099.00000	1559.45559	1542.60628	1529.49508
2025-09-11T08:15:06Z	1099.00000	1559.45466	1542.60438	1529.49389
2025-09-11T08:15:06Z	1099.00000	1559.45380	1542.60275	1529.49293
2025-09-11T08:15:06Z	1099.00000	1559.45298	1542.60127	1529.49194
2025-09-11T08:15:06Z	1099.00000	1559.45200	1542.59941	1529.49080
2025-09-11T08:15:06Z	1099.00000	1559.45124	1542.59794	1529.48996
2025-09-11T08:15:06Z	1099.00000	1559.45045	1542.59649	1529.48922
2025-09-11T08:15:06Z	1099.00000	1559.44960	1542.59494	1529.48819
2025-09-11T08:15:06Z	1099.00000	1559.44881	1542.59352	1529.48742
2025-09-11T08:15:06Z	1099.00000	1559.44810	1542.59191	1529.48637
2025-09-11T08:15:06Z	1100.00000	1559.44733	1542.59069	1529.48561
2025-09-11T08:15:07Z	1100.00000	1559.44666	1542.58941	1529.48491
2025-09-11T08:15:07Z	1100.00000	1559.44603	1542.58797	1529.48406
2025-09-11T08:15:07Z	1100.00000	1559.44521	1542.58672	1529.48327
2025-09-11T08:15:07Z	1100.00000	1559.49348	1542.68525	1529.53809
2025-09-11T08:15:07Z	1100.00000	1559.70945	1543.13023	1529.79065
2025-09-11T08:15:07Z	1100.00000	1559.87754	1543.49295	1529.99331
2025-09-11T08:15:07Z	1100.00000	1560.06206	1543.91140	1530.21963
2025-09-11T08:15:07Z	1100.00000	1560.21563	1544.26131	1530.40979
2025-09-11T08:15:07Z	1100.00000	1560.36058	1544.59141	1530.58867
2025-09-11T08:15:07Z	1101.00000	1560.53281	1544.97534	1530.79970
2025-09-11T08:15:08Z	1101.00000	1560.67209	1545.28811	1530.96824
2025-09-11T08:15:08Z	1101.00000	1560.81270	1545.59285	1531.13243
2025-09-11T08:15:08Z	1101.00000	1560.97441	1545.94318	1531.32488
2025-09-11T08:15:08Z	1101.00000	1561.11271	1546.23782	1531.48808
2025-09-11T08:15:08Z	1101.00000	1561.24613	1546.52615	1531.64724
2025-09-11T08:15:08Z	1101.00000	1561.38565	1546.84798	1531.82413
2025-09-11T08:15:08Z	1101.00000	1561.49993	1547.11323	1531.97600
2025-09-11T08:15:08Z	1101.00000	1561.61769	1547.40690	1532.14135
2025-09-11T08:15:08Z	1101.00000	1561.69268	1547.59708	1532.25293
2025-09-11T08:15:08Z	1102.00000	1561.76020	1547.77100	1532.35266
2025-09-11T08:15:09Z	1102.00000	1561.83096	1547.95599	1532.45892
2025-09-11T08:15:09Z	1102.00000	1561.89104	1548.10970	1532.54878
2025-09-11T08:15:09Z	1102.00000	1561.98072	1548.32867	1532.67623
2025-09-11T08:15:09Z	1102.00000	1562.06235	1548.51338	1532.77718
2025-09-11T08:15:09Z	1102.00000	1562.14859	1548.70546	1532.88331
2025-09-11T08:15:09Z	1102.00000	1562.23957	1548.90207	1532.99187
2025-09-11T08:15:09Z	1102.00000	1562.29290	1549.01661	1533.05727
2025-09-11T08:15:09Z	1102.00000	1562.39759	1549.24014	1533.18284
2025-09-11T08:15:09Z	1103.00000	1562.44607	1549.34216	1533.24254
2025-09-11T08:15:10Z	1103.00000	1562.47195	1549.40112	1533.27722
2025-09-11T08:15:10Z	1103.00000	1562.48384	1549.42952	1533.29297
2025-09-11T08:15:10Z	1103.00000	1562.50948	1549.48714	1533.32558
2025-09-11T08:15:10Z	1103.00000	1562.51911	1549.50761	1533.33721
2025-09-11T08:15:10Z	1103.00000	1562.52872	1549.52881	1533.34978
2025-09-11T08:15:10Z	1103.00000	1562.53527	1549.54363	1533.35837
2025-09-11T08:15:10Z	1103.00000	1562.54011	1549.55463	1533.36452
2025-09-11T08:15:10Z	1103.00000	1562.54385	1549.56368	1533.36948
2025-09-11T08:15:10Z	1104.00000	1562.54734	1549.57123	1533.37411
2025-09-11T08:15:11Z	1104.00000	1562.55022	1549.57867	1533.37830
2025-09-11T08:15:11Z	1104.00000	1562.55485	1549.58489	1533.38450
2025-09-11T08:15:11Z	1104.00000	1561.28832	1546.58918	1531.66313
2025-09-11T08:15:11Z	1104.00000	1561.04019	1546.07430	1531.38410
2025-09-11T08:15:11Z	1104.00000	1560.89279	1545.76079	1531.20718
2025-09-11T08:15:11Z	1104.00000	1560.72671	1545.40290	1531.01357
2025-09-11T08:15:11Z	1104.00000	1560.59774	1545.11628	1530.85847
2025-09-11T08:15:11Z	1104.00000	1560.46718	1544.83127	1530.70115
2025-09-11T08:15:11Z	1105.00000	1560.32773	1544.51472	1530.53014
2025-09-11T08:15:12Z	1105.00000	1560.20728	1544.24156	1530.38271
2025-09-11T08:15:12Z	1105.00000	1560.10054	1543.99818	1530.25218
2025-09-11T08:15:12Z	1105.00000	1559.97129	1543.71073	1530.09929
2025-09-11T08:15:12Z	1105.00000	1559.84556	1543.42870	1529.94601
2025-09-11T08:15:12Z	1105.00000	1559.73333	1543.18269	1529.81130
2025-09-11T08:15:12Z	1105.00000	1559.62041	1542.94586	1529.67891
2025-09-11T08:15:12Z	1105.00000	1559.54131	1542.77931	1529.58724
2025-09-11T08:15:12Z	1105.00000	1559.53177	1542.75849	1529.57704
2025-09-11T08:15:12Z	1105.00000	1559.52566	1542.74535	1529.57076
2025-09-11T08:15:12Z	1106.00000	1559.52039	1542.73459	1529.56534
2025-09-11T08:15:13Z	1106.00000	1559.51504	1542.72382	1529.55953
2025-09-11T08:15:13Z	1106.00000	1559.51101	1542.71565	1529.55539
2025-09-11T08:15:13Z	1106.00000	1559.50739	1542.70824	1529.55160
2025-09-11T08:15:13Z	1106.00000	1559.50353	1542.70053	1529.54757
2025-09-11T08:15:13Z	1106.00000	1559.50055	1542.69452	1529.54431
2025-09-11T08:15:13Z	1106.00000	1559.49770	1542.68893	1529.54141
2025-09-11T08:15:13Z	1106.00000	1559.49476	1542.68307	1529.53826
2025-09-11T08:15:13Z	1106.00000	1559.49239	1542.67822	1529.53554
2025-09-11T08:15:13Z	1106.00000	1559.48984	1542.67299	1529.53286
2025-09-11T08:15:13Z	1107.00000	1559.48742	1542.66798	1529.53029
2025-09-11T08:15:14Z	1107.00000	1559.48527	1542.66404	1529.52803
2025-09-11T08:15:14Z	1107.00000	1559.48347	1542.66049	1529.52604
2025-09-11T08:15:14Z	1107.00000	1559.48165	1542.65684	1529.52415
2025-09-11T08:15:14Z	1107.00000	1559.47990	1542.65345	1529.52232
2025-09-11T08:15:14Z	1107.00000	1559.47822	1542.65032	1529.52058
2025-09-11T08:15:14Z	1107.00000	1559.47651	1542.64681	1529.51858
2025-09-11T08:15:14Z	1107.00000	1559.47494	1542.64396	1529.51693
2025-09-11T08:15:14Z	1107.00000	1559.47328	1542.64078	1529.51512
2025-09-11T08:15:14Z	1107.00000	1559.47193	1542.63804	1529.51364
2025-09-11T08:15:14Z	1108.00000	1559.47025	1542.63463	1529.51172
2025-09-11T08:15:15Z	1108.00000	1559.46897	1542.63228	1529.51039
2025-09-11T08:15:15Z	1108.00000	1559.46776	1542.62994	1529.50903
2025-09-11T08:15:15Z	1108.00000	1559.46654	1542.62769	1529.50781
2025-09-11T08:15:15Z	1108.00000	1559.46553	1542.62558	1529.50653
2025-09-11T08:15:15Z	1108.00000	1559.46438	1542.62347	1529.50533
2025-09-11T08:15:15Z	1108.00000	1559.46326	1542.62140	1529.50414
2025-09-11T08:15:15Z	1108.00000	1559.46228	1542.61911	1529.50281
2025-09-11T08:15:15Z	1108.00000	1559.46114	1542.61735	1529.50179
2025-09-11T08:15:15Z	1108.00000	1559.46013	1542.61546	1529.50058
2025-09-11T08:15:15Z	1109.00000	1559.45905	1542.61340	1529.49941
2025-09-11T08:15:16Z	1109.00000	1559.45824	1542.61179	1529.49844
2025-09-11T08:15:16Z	1109.00000	1559.45722	1542.60983	1529.49730
2025-09-11T08:15:16Z	1109.00000	1559.45642	1542.60816	1529.49623
2025-09-11T08:15:16Z	1109.00000	1559.45543	1542.60661	1529.49543
2025-09-11T08:15:16Z	1109.00000	1559.45451	1542.60473	1529.49425
2025-09-11T08:15:16Z	1109.00000	1559.45381	1542.60325	1529.49334
2025-09-11T08:15:16Z	1109.00000	1559.45298	1542.60188	1529.49253
2025-09-11T08:15:16Z	1109.00000	1559.45214	1542.60013	1529.49154
2025-09-11T08:15:16Z	1109.00000	1559.43918	1542.59688	1529.50407
2025-09-11T08:15:16Z	1110.00000	1559.43484	1542.59399	1529.50498
2025-09-11T08:15:17Z	1110.00000	1559.43086	1542.59141	1529.50460
2025-09-11T08:15:17Z	1110.00000	1559.42934	1542.58971	1529.50394
2025-09-11T08:15:17Z	1110.00000	1559.43119	1542.58919	1529.50296
2025-09-11T08:15:17Z	1110.00000	1559.43114	1542.58820	1529.50185
2025-09-11T08:15:17Z	1110.00000	1559.42907	1542.58658	1529.50140
2025-09-11T08:15:17Z	1110.00000	1559.42793	1542.58528	1529.50072
2025-09-11T08:15:17Z	1110.00000	1559.42828	1542.58420	1529.49978
2025-09-11T08:15:17Z	1110.00000	1559.42855	1542.58328	1529.49897
2025-09-11T08:15:17Z	1110.00000	1559.42887	1542.58254	1529.49809
2025-09-11T08:15:17Z	1111.00000	1559.42767	1542.58122	1529.49736
2025-09-11T08:15:18Z	1111.00000	1559.42685	1542.58014	1529.49677
2025-09-11T08:15:18Z	1111.00000	1559.42635	1542.57898	1529.49596
2025-09-11T08:15:18Z	1111.00000	1559.42621	1542.57814	1529.49514
2025-09-11T08:15:18Z	1111.00000	1559.42560	1542.57709	1529.49461
2025-09-11T08:15:18Z	1111.00000	1559.42445	1542.57573	1529.49407
2025-09-11T08:15:18Z	1111.00000	1559.42338	1542.57478	1529.49360
2025-09-11T08:15:18Z	1111.00000	1559.42305	1542.57376	1529.49296
2025-09-11T08:15:18Z	1111.00000	1559.42299	1542.57288	1529.49230
2025-09-11T08:15:18Z	1111.00000	1559.42224	1542.57176	1529.49167
2025-09-11T08:15:18Z	1112.00000	1559.42168	1542.57078	1529.49106
2025-09-11T08:15:19Z	1112.00000	1559.42096	1542.56989	1529.49064
2025-09-11T08:15:19Z	1112.00000	1559.42054	1542.56888	1529.48990
2025-09-11T08:15:19Z	1112.00000	1559.42053	1542.56819	1529.48933
2025-09-11T08:15:19Z	1112.00000	1559.41992	1542.56728	1529.48884
2025-09-11T08:15:19Z	1112.00000	1559.41917	1542.56613	1529.48829
2025-09-11T08:15:19Z	1112.00000	1559.41830	1542.56524	1529.48793
2025-09-11T08:15:19Z	1112.00000	1559.41808	1542.56453	1529.48735
2025-09-11T08:15:19Z	1112.00000	1559.41764	1542.56360	1529.48679
2025-09-11T08:15:19Z	1112.00000	1559.41721	1542.56278	1529.48627
2025-09-11T08:15:19Z	1113.00000	1559.41647	1542.56179	1529.48571
2025-09-11T08:15:20Z	1113.00000	1559.41610	1542.56103	1529.48519
2025-09-11T08:15:20Z	1113.00000	1559.41565	1542.56033	1529.48484
2025-09-11T08:15:20Z	1113.00000	1559.41521	1542.55935	1529.48428
2025-09-11T08:15:20Z	1113.00000	1559.41492	1542.55876	1529.48387
2025-09-11T08:15:20Z	1113.00000	1559.41441	1542.55795	1529.48338
2025-09-11T08:15:20Z	1113.00000	1559.41372	1542.55709	1529.48284
2025-09-11T08:15:20Z	1113.00000	1559.41341	1542.55639	1529.48253
2025-09-11T08:15:20Z	1113.00000	1559.41312	1542.55575	1529.48203
2025-09-11T08:15:20Z	1113.00000	1559.41274	1542.55491	1529.48158
2025-09-11T08:15:20Z	1114.00000	1559.41225	1542.55422	1529.48113
2025-09-11T08:15:21Z	1114.00000	1559.41192	1542.55350	1529.48068
2025-09-11T08:15:21Z	1114.00000	1559.41172	1542.55287	1529.48022
2025-09-11T08:15:21Z	1114.00000	1559.41141	1542.55224	1529.47974
2025-09-11T08:15:21Z	1114.00000	1559.41088	1542.55147	1529.47931
2025-09-11T08:15:21Z	1114.00000	1559.41066	1542.55097	1529.47898
2025-09-11T08:15:21Z	1114.00000	1559.41049	1542.55030	1529.47846
2025-09-11T08:15:21Z	1114.00000	1559.41043	1542.54962	1529.47798
2025-09-11T08:15:21Z	1114.00000	1559.41034	1542.54918	1529.47754
2025-09-11T08:15:21Z	1114.00000	1559.41103	1542.54887	1529.47679
2025-09-11T08:15:21Z	1115.00000	1559.41113	1542.54837	1529.47614
2025-09-11T08:15:22Z	1115.00000	1559.41045	1542.54774	1529.47586
2025-09-11T08:15:22Z	1115.00000	1559.40990	1542.54705	1529.47559
2025-09-11T08:15:22Z	1115.00000	1559.40926	1542.54638	1529.47534
2025-09-11T08:15:22Z	1115.00000	1559.40890	1542.54524	1529.47461
2025-09-11T08:15:22Z	1115.00000	1559.40733	1542.54382	1529.47409
2025-09-11T08:15:22Z	1115.00000	1559.40452	1542.54171	1529.47393
2025-09-11T08:15:23Z	1116.00000	1559.40359	1542.54046	1529.47309
2025-09-11T08:15:23Z	1116.00000	1559.40346	1542.53947	1529.47255
2025-09-11T08:15:23Z	1116.00000	1559.40260	1542.53839	1529.47189
2025-09-11T08:15:23Z	1116.00000	1559.40202	1542.53725	1529.47125
2025-09-11T08:15:23Z	1116.00000	1559.40162	1542.53636	1529.47062
2025-09-11T08:15:24Z	1116.00000	1559.40102	1542.53524	1529.46998
2025-09-11T08:15:24Z	1117.00000	1559.40034	1542.53417	1529.46937
2025-09-11T08:15:24Z	1117.00000	1559.39986	1542.53324	1529.46873
2025-09-11T08:15:24Z	1117.00000	1559.39904	1542.53218	1529.46816
2025-09-11T08:15:24Z	1117.00000	1559.39879	1542.53152	1529.46779
2025-09-11T08:15:24Z	1117.00000	1559.39871	1542.53117	1529.46761
2025-09-11T08:15:24Z	1117.00000	1559.39856	1542.53087	1529.46721
2025-09-11T08:15:25Z	1118.00000	1559.39788	1542.53002	1529.46678
2025-09-11T08:15:25Z	1118.00000	1559.39778	1542.52955	1529.46651
2025-09-11T08:15:25Z	1118.00000	1559.39755	1542.52912	1529.46629
2025-09-11T08:15:25Z	1118.00000	1559.39734	1542.52877	1529.46603
2025-09-11T08:15:25Z	1118.00000	1559.39702	1542.52835	1529.46583
2025-09-11T08:15:25Z	1118.00000	1559.39684	1542.52793	1529.46553
2025-09-11T08:15:25Z	1118.00000	1559.39647	1542.52757	1529.46530
2025-09-11T08:15:25Z	1118.00000	1559.39629	1542.52702	1529.46496
2025-09-11T08:15:25Z	1118.00000	1559.39615	1542.52662	1529.46474
2025-09-11T08:15:25Z	1119.00000	1559.39595	1542.52616	1529.46441
2025-09-11T08:15:26Z	1119.00000	1559.39574	1542.52578	1529.46413
2025-09-11T08:15:26Z	1119.00000	1559.39529	1542.52526	1529.46394
2025-09-11T08:15:26Z	1119.00000	1559.39519	1542.52492	1529.46371
2025-09-11T08:15:26Z	1119.00000	1559.39489	1542.52446	1529.46344
2025-09-11T08:15:26Z	1119.00000	1559.39471	1542.52399	1529.46311
2025-09-11T08:15:26Z	1119.00000	1559.39449	1542.52367	1529.46296
2025-09-11T08:15:26Z	1119.00000	1559.39422	1542.52317	1529.46265
2025-09-11T08:15:26Z	1119.00000	1559.39392	1542.52277	1529.46237
2025-09-11T08:15:26Z	1119.00000	1559.39385	1542.52244	1529.46212
2025-09-11T08:15:26Z	1120.00000	1559.39466	1542.52247	1529.46174
2025-09-11T08:15:27Z	1120.00000	1559.39898	1542.52390	1529.45990
2025-09-11T08:15:27Z	1120.00000	1559.40441	1542.52524	1529.45607
2025-09-11T08:15:27Z	1120.00000	1559.40465	1542.52505	1529.45522
2025-09-11T08:15:27Z	1120.00000	1559.40534	1542.52497	1529.45406
2025-09-11T08:15:27Z	1120.00000	1559.40494	1542.52437	1529.45421
2025-09-11T08:15:27Z	1120.00000	1559.40345	1542.52358	1529.45509
2025-09-11T08:15:27Z	1120.00000	1559.40364	1542.52331	1529.45470
2025-09-11T08:15:27Z	1120.00000	1559.40394	1542.52320	1529.45379
2025-09-11T08:15:27Z	1120.00000	1559.40444	1542.52303	1529.45276
2025-09-11T08:15:27Z	1121.00000	1559.40407	1542.52254	1529.45274
2025-09-11T08:15:28Z	1121.00000	1559.40414	1542.52210	1529.45241
2025-09-11T08:15:28Z	1121.00000	1559.40400	1542.52194	1529.45225
2025-09-11T08:15:28Z	1121.00000	1559.40382	1542.52156	1529.45187
2025-09-11T08:15:28Z	1121.00000	1559.40385	1542.52128	1529.45149
2025-09-11T08:15:28Z	1121.00000	1559.40406	1542.52104	1529.45086
2025-09-11T08:15:28Z	1121.00000	1559.40359	1542.52055	1529.45075
2025-09-11T08:15:28Z	1121.00000	1559.40344	1542.52023	1529.45062
2025-09-11T08:15:28Z	1121.00000	1559.40323	1542.51984	1529.45048
2025-09-11T08:15:28Z	1121.00000	1559.40317	1542.51947	1529.45010
2025-09-11T08:15:28Z	1122.00000	1559.40308	1542.51925	1529.44971
2025-09-11T08:15:29Z	1122.00000	1559.40271	1542.51879	1529.44970
2025-09-11T08:15:29Z	1122.00000	1559.40264	1542.51853	1529.44948
2025-09-11T08:15:29Z	1122.00000	1559.40241	1542.51819	1529.44928
2025-09-11T08:15:29Z	1122.00000	1559.40233	1542.51784	1529.44903
2025-09-11T08:15:29Z	1122.00000	1559.40221	1542.51751	1529.44876
2025-09-11T08:15:29Z	1122.00000	1559.40199	1542.51724	1529.44854
2025-09-11T08:15:29Z	1122.00000	1559.40189	1542.51690	1529.44812
2025-09-11T08:15:29Z	1122.00000	1559.40151	1542.51623	1529.44786
2025-09-11T08:15:30Z	1123.00000	1559.40140	1542.51571	1529.44728
2025-09-11T08:15:30Z	1123.00000	1559.40101	1542.51498	1529.44697
2025-09-11T08:15:30Z	1123.00000	1559.40068	1542.51449	1529.44645
2025-09-11T08:15:30Z	1123.00000	1559.40047	1542.51386	1529.44617
2025-09-11T08:15:30Z	1123.00000	1559.40005	1542.51328	1529.44575
2025-09-11T08:15:31Z	1123.00000	1559.39985	1542.51263	1529.44538
2025-09-11T08:15:31Z	1124.00000	1559.39949	1542.51209	1529.44497
2025-09-11T08:15:31Z	1124.00000	1559.39917	1542.51154	1529.44449
2025-09-11T08:15:31Z	1124.00000	1559.39911	1542.51104	1529.44420
2025-09-11T08:15:31Z	1124.00000	1559.39880	1542.51047	1529.44371
2025-09-11T08:15:32Z	1124.00000	1559.39845	1542.50991	1529.44333
2025-09-11T08:15:32Z	1125.00000	1559.39837	1542.50951	1529.44290
2025-09-11T08:15:32Z	1125.00000	1559.39819	1542.50925	1529.44277
2025-09-11T08:15:32Z	1125.00000	1559.39802	1542.50903	1529.44256
2025-09-11T08:15:32Z	1125.00000	1559.39800	1542.50877	1529.44239
2025-09-11T08:15:32Z	1125.00000	1559.39772	1542.50830	1529.44213
2025-09-11T08:15:32Z	1125.00000	1559.39765	1542.50816	1529.44189
2025-09-11T08:15:32Z	1125.00000	1559.39771	1542.50790	1529.44162
2025-09-11T08:15:32Z	1125.00000	1559.39764	1542.50758	1529.44148
2025-09-11T08:15:32Z	1126.00000	1559.39739	1542.50740	1529.44136
2025-09-11T08:15:33Z	1126.00000	1559.39729	1542.50713	1529.44116
2025-09-11T08:15:33Z	1126.00000	1559.39711	1542.50689	1529.44105
2025-09-11T08:15:33Z	1126.00000	1559.39709	1542.50654	1529.44082
2025-09-11T08:15:33Z	1126.00000	1559.39687	1542.50627	1529.44063
2025-09-11T08:15:33Z	1126.00000	1559.39669	1542.50608	1529.44048
2025-09-11T08:15:33Z	1126.00000	1559.39510	1542.50550	1529.44192
2025-09-11T08:15:33Z	1126.00000	1559.38712	1542.50289	1529.44702
2025-09-11T08:15:33Z	1126.00000	1559.38397	1542.50189	1529.44777
2025-09-11T08:15:33Z	1126.00000	1559.37964	1542.49969	1529.44800
2025-09-11T08:15:33Z	1127.00000	1559.37909	1542.49910	1529.44786
2025-09-11T08:15:34Z	1127.00000	1559.37963	1542.49897	1529.44785
2025-09-11T08:15:34Z	1127.00000	1559.37932	1542.49874	1529.44775
2025-09-11T08:15:34Z	1127.00000	1559.37927	1542.49855	1529.44747
2025-09-11T08:15:34Z	1127.00000	1559.37872	1542.49827	1529.44725
2025-09-11T08:15:34Z	1127.00000	1559.37893	1542.49813	1529.44710
2025-09-11T08:15:34Z	1127.00000	1559.37919	1542.49795	1529.44703
2025-09-11T08:15:34Z	1127.00000	1559.37871	1542.49767	1529.44685
2025-09-11T08:15:34Z	1127.00000	1559.37837	1542.49732	1529.44667
2025-09-11T08:15:34Z	1127.00000	1559.37814	1542.49695	1529.44653
2025-09-11T08:15:34Z	1128.00000	1559.37844	1542.49693	1529.44642
2025-09-11T08:15:35Z	1128.00000	1559.37831	1542.49663	1529.44623
2025-09-11T08:15:35Z	1128.00000	1559.37787	1542.49630	1529.44607
2025-09-11T08:15:35Z	1128.00000	1559.37778	1542.49613	1529.44588
2025-09-11T08:15:35Z	1128.00000	1559.37771	1542.49593	1529.44578
2025-09-11T08:15:35Z	1128.00000	1559.37794	1542.49580	1529.44567
2025-09-11T08:15:35Z	1128.00000	1559.37773	1542.49558	1529.44549
2025-09-11T08:15:35Z	1128.00000	1559.37778	1542.49548	1529.44530
2025-09-11T08:15:35Z	1128.00000	1559.37814	1542.49542	1529.44525
2025-09-11T08:15:35Z	1128.00000	1559.38718	1542.49878	1529.44209
2025-09-11T08:15:35Z	1129.00000	1559.39205	1542.49982	1529.43799
2025-09-11T08:15:36Z	1129.00000	1559.39205	1542.49984	1529.43760
2025-09-11T08:15:36Z	1129.00000	1559.39357	1542.49996	1529.43566
2025-09-11T08:15:36Z	1129.00000	1559.39147	1542.49907	1529.43781
2025-09-11T08:15:36Z	1129.00000	1559.39125	1542.49879	1529.43798
2025-09-11T08:15:36Z	1129.00000	1559.39095	1542.49845	1529.43782
2025-09-11T08:15:36Z	1129.00000	1559.39199	1542.49871	1529.43640
2025-09-11T08:15:36Z	1129.00000	1559.39276	1542.49873	1529.43524
2025-09-11T08:15:36Z	1129.00000	1559.39182	1542.49825	1529.43626
2025-09-11T08:15:36Z	1129.00000	1559.39188	1542.49792	1529.43575
2025-09-11T08:15:36Z	1130.00000	1559.39180	1542.49769	1529.43575
2025-09-11T08:15:37Z	1130.00000	1559.39177	1542.49762	1529.43539
2025-09-11T08:15:37Z	1130.00000	1559.39208	1542.49750	1529.43446
2025-09-11T08:15:37Z	1130.00000	1559.39181	1542.49676	1529.43461
2025-09-11T08:15:37Z	1130.00000	1559.39162	1542.49658	1529.43417
2025-09-11T08:15:37Z	1130.00000	1559.39137	1542.49611	1529.43393
2025-09-11T08:15:38Z	1130.00000	1559.39119	1542.49565	1529.43368
2025-09-11T08:15:38Z	1131.00000	1559.39089	1542.49538	1529.43330
2025-09-11T08:15:38Z	1131.00000	1559.39077	1542.49490	1529.43311
2025-09-11T08:15:38Z	1131.00000	1559.39052	1542.49451	1529.43295
2025-09-11T08:15:38Z	1131.00000	1559.39050	1542.49419	1529.43250
2025-09-11T08:15:39Z	1131.00000	1559.39004	1542.49359	1529.43247
2025-09-11T08:15:39Z	1132.00000	1559.38995	1542.49335	1529.43197
2025-09-11T08:15:39Z	1132.00000	1559.38979	1542.49284	1529.43166
2025-09-11T08:15:39Z	1132.00000	1559.38946	1542.49244	1529.43154
2025-09-11T08:15:39Z	1132.00000	1559.38941	1542.49215	1529.43125
2025-09-11T08:15:40Z	1132.00000	1559.38913	1542.49176	1529.43097
2025-09-11T08:15:40Z	1133.00000	1559.38906	1542.49130	1529.43079
2025-09-11T08:15:40Z	1133.00000	1559.38893	1542.49116	1529.43060
2025-09-11T08:15:40Z	1133.00000	1559.38886	1542.49099	1529.43054
2025-09-11T08:15:40Z	1133.00000	1559.38878	1542.49084	1529.43024
2025-09-11T08:15:40Z	1133.00000	1559.38869	1542.49063	1529.43013
2025-09-11T08:15:40Z	1133.00000	1559.38858	1542.49047	1529.43011
2025-09-11T08:15:40Z	1133.00000	1559.38854	1542.49039	1529.42987
2025-09-11T08:15:40Z	1133.00000	1559.38853	1542.49019	1529.42972
2025-09-11T08:15:40Z	1134.00000	1559.38842	1542.49001	1529.42964
2025-09-11T08:15:41Z	1134.00000	1559.38835	1542.48981	1529.42954
2025-09-11T08:15:41Z	1134.00000	1559.38820	1542.48957	1529.42941
2025-09-11T08:15:41Z	1134.00000	1559.38816	1542.48947	1529.42928
2025-09-11T08:15:41Z	1134.00000	1559.38811	1542.48924	1529.42913
2025-09-11T08:15:41Z	1134.00000	1559.38796	1542.48912	1529.42887
2025-09-11T08:15:41Z	1134.00000	1559.38783	1542.48892	1529.42890
2025-09-11T08:15:41Z	1134.00000	1559.38774	1542.48863	1529.42869
2025-09-11T08:15:41Z	1134.00000	1559.38775	1542.48854	1529.42873
2025-09-11T08:15:41Z	1134.00000	1559.38769	1542.48836	1529.42848
2025-09-11T08:15:41Z	1135.00000	1559.38760	1542.48813	1529.42839
2025-09-11T08:15:42Z	1135.00000	1559.38925	1542.48828	1529.42603
2025-09-11T08:15:42Z	1135.00000	1559.38894	1542.48811	1529.42633
2025-09-11T08:15:42Z	1135.00000	1559.38766	1542.48788	1529.42771
2025-09-11T08:15:42Z	1135.00000	1559.38903	1542.48779	1529.42543
2025-09-11T08:15:42Z	1135.00000	1559.38862	1542.48745	1529.42580
2025-09-11T08:15:42Z	1135.00000	1559.38840	1542.48731	1529.42599
2025-09-11T08:15:42Z	1135.00000	1559.38850	1542.48722	1529.42559
2025-09-11T08:15:42Z	1135.00000	1559.38809	1542.48705	1529.42578
2025-09-11T08:15:42Z	1135.00000	1559.38827	1542.48683	1529.42538
2025-09-11T08:15:42Z	1136.00000	1559.38796	1542.48671	1529.42561
2025-09-11T08:15:43Z	1136.00000	1559.38815	1542.48656	1529.42508
2025-09-11T08:15:43Z	1136.00000	1559.38777	1542.48634	1529.42532
2025-09-11T08:15:43Z	1136.00000	1559.38782	1542.48618	1529.42505
2025-09-11T08:15:43Z	1136.00000	1559.38775	1542.48602	1529.42497
2025-09-11T08:15:43Z	1136.00000	1559.38769	1542.48595	1529.42480
2025-09-11T08:15:43Z	1136.00000	1559.38764	1542.48574	1529.42483
2025-09-11T08:15:43Z	1136.00000	1559.38754	1542.48549	1529.42460
2025-09-11T08:15:43Z	1136.00000	1559.38730	1542.48535	1529.42452
2025-09-11T08:15:43Z	1136.00000	1559.38720	1542.48522	1529.42442
2025-09-11T08:15:43Z	1137.00000	1559.38719	1542.48503	1529.42427
2025-09-11T08:15:44Z	1137.00000	1559.38710	1542.48488	1529.42417
2025-09-11T08:15:44Z	1137.00000	1559.38711	1542.48467	1529.42405
2025-09-11T08:15:44Z	1137.00000	1559.38696	1542.48452	1529.42402
2025-09-11T08:15:44Z	1137.00000	1559.38685	1542.48438	1529.42392
2025-09-11T08:15:44Z	1137.00000	1559.38685	1542.48423	1529.42383
2025-09-11T08:15:44Z	1137.00000	1559.38677	1542.48408	1529.42365
2025-09-11T08:15:44Z	1137.00000	1559.38657	1542.48389	1529.42363
2025-09-11T08:15:44Z	1137.00000	1559.38648	1542.48372	1529.42340
2025-09-11T08:15:44Z	1137.00000	1559.38646	1542.48360	1529.42336
2025-09-11T08:15:44Z	1138.00000	1559.38641	1542.48343	1529.42330
2025-09-11T08:15:45Z	1138.00000	1559.38636	1542.48328	1529.42315
2025-09-11T08:15:45Z	1138.00000	1559.38629	1542.48307	1529.42305
2025-09-11T08:15:45Z	1138.00000	1559.38613	1542.48287	1529.42293
2025-09-11T08:15:45Z	1138.00000	1559.38609	1542.48277	1529.42276
2025-09-11T08:15:45Z	1138.00000	1559.38601	1542.48270	1529.42271
2025-09-11T08:15:45Z	1138.00000	1559.38580	1542.48247	1529.42251
2025-09-11T08:15:45Z	1138.00000	1559.38566	1542.48213	1529.42253
2025-09-11T08:15:46Z	1138.00000	1559.38555	1542.48187	1529.42204
2025-09-11T08:15:46Z	1139.00000	1559.38538	1542.48144	1529.42204
2025-09-11T08:15:46Z	1139.00000	1559.38520	1542.48119	1529.42179
2025-09-11T08:15:46Z	1139.00000	1559.38513	1542.48095	1529.42169
2025-09-11T08:15:46Z	1139.00000	1559.38541	1542.48080	1529.42058
2025-09-11T08:15:46Z	1139.00000	1559.38488	1542.48037	1529.42095
2025-09-11T08:15:47Z	1140.00000	1559.38521	1542.48005	1529.42038
2025-09-11T08:15:47Z	1140.00000	1559.38479	1542.47989	1529.42038
2025-09-11T08:15:47Z	1140.00000	1559.38481	1542.47957	1529.42015
2025-09-11T08:15:47Z	1140.00000	1559.38459	1542.47936	1529.42008
2025-09-11T08:15:47Z	1140.00000	1559.38453	1542.47901	1529.41982
2025-09-11T08:15:48Z	1141.00000	1559.38415	1542.47888	1529.41990
2025-09-11T08:15:48Z	1141.00000	1559.38409	1542.47845	1529.41991
2025-09-11T08:15:48Z	1141.00000	1559.38407	1542.47836	1529.41943
2025-09-11T08:15:48Z	1141.00000	1559.38421	1542.47844	1529.41908
2025-09-11T08:15:48Z	1141.00000	1559.38402	1542.47832	1529.41918
2025-09-11T08:15:48Z	1141.00000	1559.38380	1542.47812	1529.41946
2025-09-11T08:15:48Z	1141.00000	1559.38394	1542.47804	1529.41901
2025-09-11T08:15:48Z	1141.00000	1559.38401	1542.47786	1529.41893
2025-09-11T08:15:48Z	1141.00000	1559.38374	1542.47771	1529.41895
2025-09-11T08:15:48Z	1142.00000	1559.38357	1542.47755	1529.41888
2025-09-11T08:15:49Z	1142.00000	1559.38365	1542.47750	1529.41876
2025-09-11T08:15:49Z	1142.00000	1559.38366	1542.47736	1529.41837
2025-09-11T08:15:49Z	1142.00000	1559.38337	1542.47698	1529.41854
2025-09-11T08:15:49Z	1142.00000	1559.38329	1542.47698	1529.41833
2025-09-11T08:15:49Z	1142.00000	1559.38344	1542.47682	1529.41819
2025-09-11T08:15:49Z	1142.00000	1559.38315	1542.47659	1529.41809
2025-09-11T08:15:49Z	1142.00000	1559.38307	1542.47646	1529.41809
2025-09-11T08:15:49Z	1142.00000	1559.38301	1542.47628	1529.41810
2025-09-11T08:15:49Z	1143.00000	1559.38292	1542.47621	1529.41784
2025-09-11T08:15:50Z	1143.00000	1559.38276	1542.47590	1529.41771
2025-09-11T08:15:50Z	1143.00000	1559.38279	1542.47598	1529.41763
2025-09-11T08:15:50Z	1143.00000	1559.38251	1542.47558	1529.41759
2025-09-11T08:15:50Z	1143.00000	1559.38257	1542.47547	1529.41738
2025-09-11T08:15:50Z	1143.00000	1559.38240	1542.47515	1529.41724
2025-09-11T08:15:50Z	1144.00000	1559.38232	1542.47482	1529.41700
2025-09-11T08:15:51Z	1144.00000	1559.38211	1542.47469	1529.41687
2025-09-11T08:15:51Z	1144.00000	1559.38207	1542.47456	1529.41682
2025-09-11T08:15:51Z	1144.00000	1559.38197	1542.47424	1529.41670
2025-09-11T08:15:51Z	1144.00000	1559.38178	1542.47413	1529.41656
2025-09-11T08:15:51Z	1144.00000	1559.38168	1542.47391	1529.41637
2025-09-11T08:15:51Z	1144.00000	1559.38147	1542.47379	1529.41630
2025-09-11T08:15:52Z	1145.00000	1559.38152	1542.47352	1529.41621
2025-09-11T08:15:52Z	1145.00000	1559.38135	1542.47329	1529.41602
2025-09-11T08:15:52Z	1145.00000	1559.38134	1542.47311	1529.41592
2025-09-11T08:15:52Z	1145.00000	1559.38109	1542.47285	1529.41575
2025-09-11T08:15:52Z	1145.00000	1559.38100	1542.47270	1529.41565
2025-09-11T08:15:52Z	1145.00000	1559.38102	1542.47250	1529.41540
2025-09-11T08:15:52Z	1146.00000	1559.38089	1542.47247	1529.41538
2025-09-11T08:15:53Z	1146.00000	1559.38080	1542.47212	1529.41532
2025-09-11T08:15:53Z	1146.00000	1559.38058	1542.47192	1529.41506
2025-09-11T08:15:53Z	1146.00000	1559.38067	1542.47180	1529.41503
2025-09-11T08:15:53Z	1146.00000	1559.38046	1542.47157	1529.41494
2025-09-11T08:15:53Z	1146.00000	1559.38036	1542.47144	1529.41475
2025-09-11T08:15:53Z	1147.00000	1559.38023	1542.47120	1529.41456
2025-09-11T08:15:54Z	1147.00000	1559.38017	1542.47085	1529.41457
2025-09-11T08:15:54Z	1147.00000	1559.37994	1542.47075	1529.41431
2025-09-11T08:15:54Z	1147.00000	1559.37991	1542.47056	1529.41413
2025-09-11T08:15:54Z	1147.00000	1559.37979	1542.47025	1529.41402
2025-09-11T08:15:54Z	1147.00000	1559.37955	1542.46999	1529.41394
2025-09-11T08:15:55Z	1148.00000	1559.37959	1542.46978	1529.41362
2025-09-11T08:15:55Z	1148.00000	1559.37926	1542.46942	1529.41350
2025-09-11T08:15:55Z	1148.00000	1559.37930	1542.46926	1529.41329
2025-09-11T08:15:55Z	1148.00000	1559.37914	1542.46905	1529.41329
2025-09-11T08:15:55Z	1148.00000	1559.37908	1542.46885	1529.41300
2025-09-11T08:15:56Z	1149.00000	1559.37903	1542.46858	1529.41297
2025-09-11T08:15:56Z	1149.00000	1559.37874	1542.46843	1529.41287
2025-09-11T08:15:56Z	1149.00000	1559.51584	1542.75051	1529.57195
2025-09-11T08:15:56Z	1149.00000	1559.87588	1543.51872	1530.00468
2025-09-11T08:15:56Z	1149.00000	1560.23081	1544.32441	1530.44137
2025-09-11T08:15:57Z	1150.00000	1560.38356	1544.66945	1530.62789
2025-09-11T08:15:57Z	1150.00000	1560.51126	1544.94776	1530.78182
2025-09-11T08:15:57Z	1150.00000	1560.66126	1545.27729	1530.95962
2025-09-11T08:15:57Z	1150.00000	1560.81116	1545.59821	1531.13296
2025-09-11T08:15:57Z	1150.00000	1560.96102	1545.92042	1531.30933
2025-09-11T08:15:57Z	1150.00000	1561.25096	1546.54539	1531.65573
2025-09-11T08:15:57Z	1150.00000	1561.38065	1546.84911	1531.82248
2025-09-11T08:15:57Z	1150.00000	1561.52535	1547.19657	1532.01949
2025-09-11T08:15:57Z	1150.00000	1561.62924	1547.46439	1532.17226
2025-09-11T08:15:57Z	1151.00000	1561.71276	1547.68084	1532.29871
2025-09-11T08:15:58Z	1151.00000	1561.80034	1547.90848	1532.42810
2025-09-11T08:15:58Z	1151.00000	1561.87466	1548.09919	1532.54378
2025-09-11T08:15:58Z	1151.00000	1561.96069	1548.32215	1532.67792
2025-09-11T08:15:58Z	1151.00000	1562.08818	1548.60166	1532.83419
2025-09-11T08:15:58Z	1151.00000	1562.19271	1548.82766	1532.95955
2025-09-11T08:15:58Z	1151.00000	1562.32167	1549.09349	1533.10785
2025-09-11T08:15:58Z	1151.00000	1562.41126	1549.28235	1533.21388
2025-09-11T08:15:58Z	1151.00000	1562.48467	1549.44055	1533.30411
2025-09-11T08:15:58Z	1151.00000	1562.54844	1549.58274	1533.38539
2025-09-11T08:15:58Z	1152.00000	1562.60039	1549.69636	1533.45206
2025-09-11T08:15:59Z	1152.00000	1562.64220	1549.78844	1533.50755
2025-09-11T08:15:59Z	1152.00000	1562.67778	1549.86859	1533.55625
2025-09-11T08:15:59Z	1152.00000	1562.72624	1549.97284	1533.61874
2025-09-11T08:15:59Z	1152.00000	1562.74606	1550.01405	1533.64556
2025-09-11T08:15:59Z	1152.00000	1562.81927	1550.16968	1533.76198
2025-09-11T08:15:59Z	1152.00000	1562.83971	1550.21728	1533.79637
2025-09-11T08:15:59Z	1152.00000	1562.85066	1550.24462	1533.81456
2025-09-11T08:15:59Z	1152.00000	1562.85998	1550.26745	1533.82999
2025-09-11T08:15:59Z	1153.00000	1562.86654	1550.28635	1533.84102
2025-09-11T08:16:00Z	1153.00000	1562.87877	1550.30791	1533.85771
2025-09-11T08:16:00Z	1153.00000	1562.92306	1550.40031	1533.92938
2025-09-11T08:16:00Z	1153.00000	1562.93145	1550.29789	1533.92521
2025-09-11T08:16:00Z	1153.00000	1561.46522	1546.99483	1531.91352
2025-09-11T08:16:00Z	1153.00000	1561.21323	1546.45741	1531.60596
2025-09-11T08:16:00Z	1153.00000	1561.02810	1546.07272	1531.38529
2025-09-11T08:16:00Z	1153.00000	1560.87741	1545.76218	1531.21311
2025-09-11T08:16:00Z	1153.00000	1560.72961	1545.44738	1531.04045
2025-09-11T08:16:00Z	1153.00000	1560.56998	1545.09075	1530.84691
2025-09-11T08:16:00Z	1154.00000	1560.43408	1544.79688	1530.68462
2025-09-11T08:16:01Z	1154.00000	1560.30517	1544.49957	1530.52372
2025-09-11T08:16:01Z	1154.00000	1560.15824	1544.16455	1530.33975
2025-09-11T08:16:01Z	1154.00000	1560.03772	1543.88789	1530.19130
2025-09-11T08:16:01Z	1154.00000	1559.91883	1543.61778	1530.04832
2025-09-11T08:16:01Z	1154.00000	1559.77934	1543.30780	1529.87802
2025-09-11T08:16:01Z	1154.00000	1559.65960	1543.04990	1529.73283
2025-09-11T08:16:01Z	1154.00000	1559.53912	1542.79229	1529.58955
2025-09-11T08:16:01Z	1154.00000	1559.50683	1542.72708	1529.55507
2025-09-11T08:16:01Z	1154.00000	1559.49982	1542.71114	1529.54765
2025-09-11T08:16:01Z	1155.00000	1559.49292	1542.69650	1529.54040
2025-09-11T08:16:02Z	1155.00000	1559.48809	1542.68624	1529.53515
2025-09-11T08:16:02Z	1155.00000	1559.48377	1542.67708	1529.53063
2025-09-11T08:16:02Z	1155.00000	1559.47933	1542.66758	1529.52597
2025-09-11T08:16:02Z	1155.00000	1559.47590	1542.66044	1529.52221
2025-09-11T08:16:02Z	1155.00000	1559.47272	1542.65409	1529.51883
2025-09-11T08:16:02Z	1155.00000	1559.46934	1542.64724	1529.51532
2025-09-11T08:16:02Z	1155.00000	1559.46671	1542.64194	1529.51242
2025-09-11T08:16:02Z	1155.00000	1559.46399	1542.63615	1529.50933
2025-09-11T08:16:02Z	1155.00000	1559.46168	1542.63168	1529.50688
2025-09-11T08:16:02Z	1156.00000	1559.45952	1542.62738	1529.50446
2025-09-11T08:16:03Z	1156.00000	1559.45728	1542.62270	1529.50190
2025-09-11T08:16:03Z	1156.00000	1559.45541	1542.61904	1529.49964
2025-09-11T08:16:03Z	1156.00000	1559.45326	1542.61496	1529.49751
2025-09-11T08:16:03Z	1156.00000	1559.45161	1542.61149	1529.49552
2025-09-11T08:16:03Z	1156.00000	1559.44997	1542.60849	1529.49377
2025-09-11T08:16:03Z	1156.00000	1559.44820	1542.60498	1529.49169
2025-09-11T08:16:03Z	1156.00000	1559.44678	1542.60223	1529.49015
2025-09-11T08:16:03Z	1156.00000	1559.44551	1542.59953	1529.48853
2025-09-11T08:16:03Z	1156.00000	1559.44416	1542.59707	1529.48707
2025-09-11T08:16:03Z	1157.00000	1559.44226	1542.59352	1529.48507
2025-09-11T08:16:04Z	1157.00000	1559.44005	1542.58902	1529.48236
2025-09-11T08:16:04Z	1157.00000	1559.43784	1542.58464	1529.47991
2025-09-11T08:16:04Z	1157.00000	1559.43571	1542.58061	1529.47747
2025-09-11T08:16:04Z	1157.00000	1559.43375	1542.57694	1529.47521
2025-09-11T08:16:04Z	1157.00000	1559.43182	1542.57321	1529.47305
2025-09-11T08:16:05Z	1158.00000	1559.43011	1542.56987	1529.47120
2025-09-11T08:16:05Z	1158.00000	1559.42854	1542.56692	1529.46930
2025-09-11T08:16:05Z	1158.00000	1559.42711	1542.56393	1529.46766
2025-09-11T08:16:05Z	1158.00000	1559.42562	1542.56125	1529.46581
2025-09-11T08:16:05Z	1158.00000	1559.42420	1542.55832	1529.46417
2025-09-11T08:16:06Z	1159.00000	1559.42288	1542.55566	1529.46258
2025-09-11T08:16:06Z	1159.00000	1559.42162	1542.55336	1529.46112
2025-09-11T08:16:06Z	1159.00000	1559.48033	1542.67472	1529.53022
2025-09-11T08:16:06Z	1159.00000	1559.64463	1543.01581	1529.72345
2025-09-11T08:16:06Z	1159.00000	1559.79786	1543.33880	1529.91040
2025-09-11T08:16:06Z	1159.00000	1560.09603	1544.01887	1530.27980
2025-09-11T08:16:06Z	1159.00000	1560.25041	1544.37580	1530.47446
2025-09-11T08:16:07Z	1160.00000	1560.58684	1545.12323	1530.88482
2025-09-11T08:16:07Z	1160.00000	1560.73599	1545.45469	1531.06414
2025-09-11T08:16:07Z	1160.00000	1560.88667	1545.77824	1531.24158
2025-09-11T08:16:07Z	1160.00000	1561.03639	1546.10102	1531.42134
2025-09-11T08:16:07Z	1160.00000	1561.18315	1546.41338	1531.59665
2025-09-11T08:16:07Z	1160.00000	1561.31852	1546.72396	1531.76851
2025-09-11T08:16:07Z	1160.00000	1561.45138	1547.03174	1531.94243
2025-09-11T08:16:07Z	1160.00000	1561.58873	1547.37364	1532.13584
2025-09-11T08:16:07Z	1160.00000	1561.67676	1547.60141	1532.26974
2025-09-11T08:16:07Z	1161.00000	1561.76862	1547.84388	1532.40826
2025-09-11T08:16:08Z	1161.00000	1561.83815	1548.02718	1532.51698
2025-09-11T08:16:08Z	1161.00000	1561.93435	1548.26816	1532.65634
2025-09-11T08:16:08Z	1161.00000	1562.02146	1548.47339	1532.76989
2025-09-11T08:16:08Z	1161.00000	1562.15989	1548.77440	1532.93503
2025-09-11T08:16:08Z	1161.00000	1562.25179	1548.97593	1533.05104
2025-09-11T08:16:08Z	1161.00000	1562.35105	1549.18008	1533.16548
2025-09-11T08:16:08Z	1161.00000	1562.45384	1549.39591	1533.28787
2025-09-11T08:16:08Z	1161.00000	1562.52058	1549.54102	1533.37041
2025-09-11T08:16:08Z	1161.00000	1562.59446	1549.69783	1533.46151
2025-09-11T08:16:09Z	1162.00000	1562.67504	1549.87889	1533.56919
2025-09-11T08:16:09Z	1162.00000	1562.70784	1549.94938	1533.60930
2025-09-11T08:16:09Z	1162.00000	1562.72932	1549.99369	1533.63462
2025-09-11T08:16:09Z	1162.00000	1562.74939	1550.03770	1533.66141
2025-09-11T08:16:09Z	1162.00000	1562.76375	1550.06930	1533.67949
2025-09-11T08:16:09Z	1162.00000	1562.77756	1550.09766	1533.69585
2025-09-11T08:16:09Z	1162.00000	1562.78928	1550.12517	1533.71076
2025-09-11T08:16:09Z	1162.00000	1562.79903	1550.14511	1533.72323
2025-09-11T08:16:09Z	1163.00000	1562.81333	1550.17611	1533.74086
2025-09-11T08:16:10Z	1163.00000	1562.82872	1550.20683	1533.76358
2025-09-11T08:16:10Z	1163.00000	1561.49931	1547.04791	1531.92072
2025-09-11T08:16:10Z	1163.00000	1561.09414	1546.20278	1531.45137
2025-09-11T08:16:10Z	1163.00000	1560.90293	1545.80535	1531.23615
2025-09-11T08:16:10Z	1163.00000	1560.62154	1545.19762	1530.90249
2025-09-11T08:16:10Z	1163.00000	1560.43060	1544.77511	1530.67348
2025-09-11T08:16:11Z	1164.00000	1560.12668	1544.07872	1530.29547
2025-09-11T08:16:11Z	1164.00000	1559.84178	1543.43573	1529.94962
2025-09-11T08:16:11Z	1164.00000	1559.53187	1542.77281	1529.58125
2025-09-11T08:16:11Z	1164.00000	1559.51193	1542.73006	1529.56058
2025-09-11T08:16:12Z	1165.00000	1559.50017	1542.70584	1529.54841
2025-09-11T08:16:12Z	1165.00000	1559.49132	1542.68754	1529.53882
2025-09-11T08:16:12Z	1165.00000	1559.48390	1542.67266	1529.53100
2025-09-11T08:16:12Z	1165.00000	1559.47781	1542.66031	1529.52436
2025-09-11T08:16:13Z	1165.00000	1559.47301	1542.65055	1529.51911
2025-09-11T08:16:13Z	1166.00000	1559.46844	1542.64151	1529.51417
2025-09-11T08:16:13Z	1166.00000	1559.46436	1542.63357	1529.50974
2025-09-11T08:16:13Z	1166.00000	1559.46059	1542.62635	1529.50577
2025-09-11T08:16:13Z	1166.00000	1559.45789	1542.62084	1529.50263
2025-09-11T08:16:13Z	1166.00000	1559.45658	1542.61839	1529.50109
2025-09-11T08:16:14Z	1167.00000	1559.45546	1542.61635	1529.49991
2025-09-11T08:16:14Z	1167.00000	1559.45450	1542.61434	1529.49884
2025-09-11T08:16:14Z	1167.00000	1559.45226	1542.61022	1529.49632
2025-09-11T08:16:14Z	1167.00000	1559.45125	1542.60814	1529.49504
2025-09-11T08:16:14Z	1167.00000	1559.45012	1542.60610	1529.49392
2025-09-11T08:16:14Z	1167.00000	1559.44904	1542.60404	1529.49268
2025-09-11T08:16:14Z	1167.00000	1559.44820	1542.60220	1529.49158
2025-09-11T08:16:14Z	1167.00000	1559.44708	1542.60033	1529.49044
2025-09-11T08:16:14Z	1167.00000	1559.44616	1542.59837	1529.48942
2025-09-11T08:16:14Z	1168.00000	1559.44530	1542.59672	1529.48835
2025-09-11T08:16:15Z	1168.00000	1559.44421	1542.59476	1529.48719
2025-09-11T08:16:15Z	1168.00000	1559.44330	1542.59306	1529.48601
2025-09-11T08:16:15Z	1168.00000	1559.44256	1542.59148	1529.48506
2025-09-11T08:16:15Z	1168.00000	1559.44149	1542.58967	1529.48405
2025-09-11T08:16:15Z	1168.00000	1559.44078	1542.58810	1529.48306
2025-09-11T08:16:15Z	1168.00000	1559.43995	1542.58666	1529.48223
2025-09-11T08:16:15Z	1168.00000	1559.43915	1542.58500	1529.48133
2025-09-11T08:16:15Z	1168.00000	1559.43841	1542.58349	1529.48053
2025-09-11T08:16:15Z	1168.00000	1559.43761	1542.58200	1529.47939
2025-09-11T08:16:15Z	1169.00000	1559.43675	1542.58061	1529.47859
2025-09-11T08:16:16Z	1169.00000	1559.43611	1542.57940	1529.47789
2025-09-11T08:16:16Z	1169.00000	1559.43531	1542.57786	1529.47685
2025-09-11T08:16:16Z	1169.00000	1559.43470	1542.57660	1529.47617
2025-09-11T08:16:16Z	1169.00000	1559.43389	1542.57530	1529.47543
2025-09-11T08:16:16Z	1169.00000	1559.54757	1542.80667	1529.60507
2025-09-11T08:16:16Z	1169.00000	1559.73762	1543.20360	1529.83350
2025-09-11T08:16:16Z	1169.00000	1559.93726	1543.64606	1530.07906
2025-09-11T08:16:16Z	1169.00000	1560.09946	1544.01771	1530.27843
2025-09-11T08:16:16Z	1169.00000	1560.25413	1544.37591	1530.47289
2025-09-11T08:16:16Z	1170.00000	1560.43701	1544.79266	1530.69989
2025-09-11T08:16:17Z	1170.00000	1560.58926	1545.12617	1530.88342
2025-09-11T08:16:17Z	1170.00000	1560.73951	1545.46237	1531.06481
2025-09-11T08:16:17Z	1170.00000	1560.91802	1545.84646	1531.27452
2025-09-11T08:16:17Z	1170.00000	1561.06967	1546.17150	1531.45470
2025-09-11T08:16:17Z	1170.00000	1561.21816	1546.48564	1531.63049
2025-09-11T08:16:17Z	1170.00000	1561.37830	1546.85271	1531.83302
2025-09-11T08:16:17Z	1170.00000	1561.50550	1547.14911	1532.00165
2025-09-11T08:16:17Z	1170.00000	1561.61801	1547.43180	1532.16206
2025-09-11T08:16:17Z	1170.00000	1561.71963	1547.69488	1532.31557
2025-09-11T08:16:17Z	1171.00000	1561.79670	1547.89611	1532.43003
2025-09-11T08:16:18Z	1171.00000	1561.88071	1548.11498	1532.56065
2025-09-11T08:16:18Z	1171.00000	1561.96138	1548.32107	1532.67904
2025-09-11T08:16:18Z	1171.00000	1562.05858	1548.54411	1532.80015
2025-09-11T08:16:18Z	1171.00000	1562.15578	1548.76131	1532.92146
2025-09-11T08:16:18Z	1171.00000	1562.28088	1549.02964	1533.07164
2025-09-11T08:16:18Z	1171.00000	1562.37500	1549.22339	1533.18112
2025-09-11T08:16:18Z	1171.00000	1562.46386	1549.41529	1533.29018
2025-09-11T08:16:18Z	1171.00000	1562.53302	1549.56130	1533.37254
2025-09-11T08:16:18Z	1171.00000	1562.58429	1549.67540	1533.43845
2025-09-11T08:16:18Z	1172.00000	1562.63510	1549.78805	1533.50545
2025-09-11T08:16:19Z	1172.00000	1562.66371	1549.85402	1533.54343
2025-09-11T08:16:19Z	1172.00000	1562.68661	1549.90398	1533.57331
2025-09-11T08:16:19Z	1172.00000	1562.71443	1549.96442	1533.60874
2025-09-11T08:16:19Z	1172.00000	1562.72965	1549.99629	1533.62579
2025-09-11T08:16:19Z	1172.00000	1562.74995	1550.03705	1533.64992
2025-09-11T08:16:19Z	1172.00000	1562.76376	1550.06809	1533.66547
2025-09-11T08:16:19Z	1172.00000	1562.77924	1550.10087	1533.68421
2025-09-11T08:16:19Z	1172.00000	1562.79191	1550.12765	1533.69838
2025-09-11T08:16:19Z	1172.00000	1562.81213	1550.17020	1533.72312
2025-09-11T08:16:20Z	1173.00000	1562.82415	1550.19971	1533.73811
2025-09-11T08:16:20Z	1173.00000	1561.27073	1546.56292	1531.65034
2025-09-11T08:16:20Z	1173.00000	1560.87788	1545.74643	1531.19889
2025-09-11T08:16:20Z	1173.00000	1560.55986	1545.05228	1530.82309
2025-09-11T08:16:21Z	1173.00000	1560.28884	1544.44532	1530.49223
2025-09-11T08:16:21Z	1174.00000	1560.04161	1543.88139	1530.18732
2025-09-11T08:16:21Z	1174.00000	1559.77362	1543.28463	1529.86655
2025-09-11T08:16:21Z	1174.00000	1559.53830	1542.78377	1529.58806
2025-09-11T08:16:21Z	1174.00000	1559.52239	1542.74930	1529.57153
2025-09-11T08:16:22Z	1174.00000	1559.51150	1542.72682	1529.55991
2025-09-11T08:16:22Z	1175.00000	1559.50300	1542.70950	1529.55120
2025-09-11T08:16:22Z	1175.00000	1559.49639	1542.69602	1529.54405
2025-09-11T08:16:22Z	1175.00000	1559.49340	1542.69012	1529.54098
2025-09-11T08:16:22Z	1175.00000	1559.49082	1542.68467	1529.53802
2025-09-11T08:16:22Z	1175.00000	1559.48796	1542.67949	1529.53527
2025-09-11T08:16:22Z	1175.00000	1559.48568	1542.67475	1529.53264
2025-09-11T08:16:22Z	1175.00000	1559.48337	1542.67016	1529.53029
2025-09-11T08:16:22Z	1176.00000	1559.48126	1542.66588	1529.52794
2025-09-11T08:16:23Z	1176.00000	1559.47931	1542.66197	1529.52580
2025-09-11T08:16:23Z	1176.00000	1559.47725	1542.65821	1529.52375
2025-09-11T08:16:23Z	1176.00000	1559.47512	1542.65393	1529.52148
2025-09-11T08:16:23Z	1176.00000	1559.47360	1542.65072	1529.51967
2025-09-11T08:16:23Z	1176.00000	1559.47190	1542.64746	1529.51783
2025-09-11T08:16:23Z	1176.00000	1559.47005	1542.64383	1529.51577
2025-09-11T08:16:23Z	1176.00000	1559.46848	1542.64102	1529.51418
2025-09-11T08:16:23Z	1176.00000	1559.46705	1542.63814	1529.51261
2025-09-11T08:16:23Z	1176.00000	1559.46548	1542.63489	1529.51083
2025-09-11T08:16:23Z	1177.00000	1559.46413	1542.63232	1529.50939
2025-09-11T08:16:24Z	1177.00000	1559.46297	1542.62997	1529.50810
2025-09-11T08:16:24Z	1177.00000	1559.46138	1542.62709	1529.50642
2025-09-11T08:16:24Z	1177.00000	1559.46014	1542.62478	1529.50507
2025-09-11T08:16:24Z	1177.00000	1559.45903	1542.62276	1529.50382
2025-09-11T08:16:24Z	1177.00000	1559.45778	1542.62015	1529.50241
2025-09-11T08:16:24Z	1177.00000	1559.45667	1542.61825	1529.50123
2025-09-11T08:16:24Z	1177.00000	1559.45565	1542.61616	1529.50003
2025-09-11T08:16:24Z	1177.00000	1559.45455	1542.61398	1529.49878
2025-09-11T08:16:24Z	1177.00000	1559.45358	1542.61209	1529.49766
2025-09-11T08:16:24Z	1178.00000	1559.45249	1542.60999	1529.49638
2025-09-11T08:16:25Z	1178.00000	1559.45150	1542.60837	1529.49547
2025-09-11T08:16:25Z	1178.00000	1559.45061	1542.60664	1529.49448
2025-09-11T08:16:25Z	1178.00000	1559.44964	1542.60466	1529.49318
2025-09-11T08:16:25Z	1178.00000	1559.44878	1542.60316	1529.49226
2025-09-11T08:16:25Z	1178.00000	1559.44806	1542.60158	1529.49135
2025-09-11T08:16:25Z	1178.00000	1559.44708	1542.59986	1529.49029
2025-09-11T08:16:25Z	1178.00000	1559.44636	1542.59841	1529.48940
2025-09-11T08:16:25Z	1178.00000	1559.44571	1542.59701	1529.48852
2025-09-11T08:16:25Z	1178.00000	1559.44471	1542.59539	1529.48763
2025-09-11T08:16:25Z	1179.00000	1559.44398	1542.59398	1529.48682
2025-09-11T08:16:26Z	1179.00000	1559.44320	1542.59262	1529.48592
2025-09-11T08:16:26Z	1179.00000	1559.44258	1542.59114	1529.48498
2025-09-11T08:16:26Z	1179.00000	1559.44183	1542.58979	1529.48431
2025-09-11T08:16:26Z	1179.00000	1559.44109	1542.58858	1529.48346
2025-09-11T08:16:26Z	1179.00000	1559.59825	1542.91173	1529.66436
2025-09-11T08:16:26Z	1179.00000	1559.79153	1543.31586	1529.89703
2025-09-11T08:16:26Z	1179.00000	1559.98616	1543.75387	1530.13402
2025-09-11T08:16:26Z	1179.00000	1560.14513	1544.11914	1530.32884
2025-09-11T08:16:26Z	1179.00000	1560.32504	1544.52992	1530.55325
2025-09-11T08:16:26Z	1180.00000	1560.48174	1544.88648	1530.74776
2025-09-11T08:16:27Z	1180.00000	1560.63351	1545.22270	1530.92950
2025-09-11T08:16:27Z	1180.00000	1560.78478	1545.55611	1531.10919
2025-09-11T08:16:27Z	1180.00000	1560.96245	1545.93935	1531.31989
2025-09-11T08:16:27Z	1180.00000	1561.11167	1546.25500	1531.49515
2025-09-11T08:16:27Z	1180.00000	1561.25908	1546.57465	1531.67063
2025-09-11T08:16:27Z	1180.00000	1561.41777	1546.93327	1531.87113
2025-09-11T08:16:27Z	1180.00000	1561.54287	1547.23245	1532.03929
2025-09-11T08:16:27Z	1180.00000	1561.66164	1547.53352	1532.21153
2025-09-11T08:16:27Z	1180.00000	1561.74597	1547.75325	1532.33854
2025-09-11T08:16:27Z	1181.00000	1561.82137	1547.95183	1532.45140
2025-09-11T08:16:28Z	1181.00000	1561.90371	1548.16662	1532.57862
2025-09-11T08:16:28Z	1181.00000	1561.99026	1548.38310	1532.70041
2025-09-11T08:16:28Z	1181.00000	1562.11158	1548.65658	1532.85190
2025-09-11T08:16:28Z	1181.00000	1562.33822	1549.14445	1533.12314
2025-09-11T08:16:28Z	1181.00000	1562.49668	1549.48953	1533.31863
2025-09-11T08:16:28Z	1181.00000	1562.59755	1549.71447	1533.44671
2025-09-11T08:16:29Z	1182.00000	1562.66955	1549.87419	1533.53979
2025-09-11T08:16:29Z	1182.00000	1562.71606	1549.97312	1533.59790
2025-09-11T08:16:29Z	1182.00000	1562.74525	1550.03436	1533.63234
2025-09-11T08:16:29Z	1182.00000	1562.76680	1550.08073	1533.65768
2025-09-11T08:16:29Z	1182.00000	1562.78983	1550.12935	1533.68461
2025-09-11T08:16:30Z	1183.00000	1562.80437	1550.15982	1533.70193
2025-09-11T08:16:30Z	1183.00000	1562.45948	1549.18840	1533.16915
2025-09-11T08:16:30Z	1183.00000	1561.20487	1546.42746	1531.57123
2025-09-11T08:16:30Z	1183.00000	1560.90775	1545.81081	1531.22935
2025-09-11T08:16:30Z	1183.00000	1560.64139	1545.23156	1530.91144
2025-09-11T08:16:30Z	1183.00000	1560.38765	1544.66925	1530.60975
2025-09-11T08:16:31Z	1184.00000	1560.17759	1544.18892	1530.35004
2025-09-11T08:16:31Z	1184.00000	1559.97976	1543.74171	1530.11244
2025-09-11T08:16:31Z	1184.00000	1559.88197	1543.52051	1529.99247
2025-09-11T08:16:31Z	1184.00000	1559.76390	1543.26332	1529.85288
2025-09-11T08:16:31Z	1184.00000	1559.64284	1543.00531	1529.70965
2025-09-11T08:16:31Z	1184.00000	1559.54620	1542.79924	1529.59595
2025-09-11T08:16:31Z	1184.00000	1559.53653	1542.77796	1529.58590
2025-09-11T08:16:31Z	1184.00000	1559.52934	1542.76252	1529.57850
2025-09-11T08:16:31Z	1184.00000	1559.52361	1542.75039	1529.57216
2025-09-11T08:16:31Z	1185.00000	1559.51862	1542.74014	1529.56696
2025-09-11T08:16:32Z	1185.00000	1559.51393	1542.73109	1529.56225
2025-09-11T08:16:32Z	1185.00000	1559.50936	1542.72167	1529.55736
2025-09-11T08:16:32Z	1185.00000	1559.50589	1542.71450	1529.55362
2025-09-11T08:16:32Z	1185.00000	1559.50252	1542.70787	1529.55014
2025-09-11T08:16:32Z	1185.00000	1559.49910	1542.70100	1529.54661
2025-09-11T08:16:32Z	1185.00000	1559.49638	1542.69545	1529.54356
2025-09-11T08:16:32Z	1185.00000	1559.49370	1542.69030	1529.54079
2025-09-11T08:16:32Z	1185.00000	1559.49107	1542.68473	1529.53794
2025-09-11T08:16:32Z	1185.00000	1559.48858	1542.68017	1529.53545
2025-09-11T08:16:32Z	1186.00000	1559.48615	1542.67535	1529.53279
2025-09-11T08:16:33Z	1186.00000	1559.48416	1542.67126	1529.53066
2025-09-11T08:16:33Z	1186.00000	1559.48232	1542.66744	1529.52856
2025-09-11T08:16:33Z	1186.00000	1559.48016	1542.66338	1529.52647
2025-09-11T08:16:33Z	1186.00000	1559.47837	1542.65988	1529.52443
2025-09-11T08:16:33Z	1186.00000	1559.47676	1542.65673	1529.52272
2025-09-11T08:16:33Z	1186.00000	1559.47488	1542.65323	1529.52076
2025-09-11T08:16:33Z	1186.00000	1559.47340	1542.65029	1529.51914
2025-09-11T08:16:33Z	1186.00000	1559.47205	1542.64752	1529.51768
2025-09-11T08:16:33Z	1186.00000	1559.47045	1542.64439	1529.51582
2025-09-11T08:16:33Z	1187.00000	1559.46910	1542.64180	1529.51443
2025-09-11T08:16:34Z	1187.00000	1559.46774	1542.63952	1529.51302
2025-09-11T08:16:34Z	1187.00000	1559.46642	1542.63660	1529.51144
2025-09-11T08:16:34Z	1187.00000	1559.46526	1542.63432	1529.51005
2025-09-11T08:16:34Z	1187.00000	1559.46382	1542.63175	1529.50872
2025-09-11T08:16:34Z	1187.00000	1559.46272	1542.62963	1529.50740
2025-09-11T08:16:34Z	1187.00000	1559.46173	1542.62760	1529.50627
2025-09-11T08:16:34Z	1187.00000	1559.46064	1542.62556	1529.50513
2025-09-11T08:16:34Z	1187.00000	1559.45953	1542.62333	1529.50381
2025-09-11T08:16:34Z	1187.00000	1559.45850	1542.62154	1529.50273
2025-09-11T08:16:34Z	1188.00000	1559.45747	1542.61970	1529.50165
2025-09-11T08:16:35Z	1188.00000	1559.45644	1542.61771	1529.50054
2025-09-11T08:16:35Z	1188.00000	1559.45548	1542.61588	1529.49947
2025-09-11T08:16:35Z	1188.00000	1559.45455	1542.61399	1529.49835
2025-09-11T08:16:35Z	1188.00000	1559.45368	1542.61254	1529.49748
2025-09-11T08:16:35Z	1188.00000	1559.45294	1542.61087	1529.49649
2025-09-11T08:16:35Z	1188.00000	1559.45207	1542.60920	1529.49538
2025-09-11T08:16:35Z	1188.00000	1559.45129	1542.60771	1529.49455
2025-09-11T08:16:35Z	1188.00000	1559.45049	1542.60622	1529.49367
2025-09-11T08:16:35Z	1188.00000	1559.44962	1542.60455	1529.49265
2025-09-11T08:16:35Z	1189.00000	1559.44884	1542.60332	1529.49194
2025-09-11T08:16:36Z	1189.00000	1559.44802	1542.60171	1529.49090
2025-09-11T08:16:36Z	1189.00000	1559.44683	1542.59921	1529.48948
2025-09-11T08:16:36Z	1189.00000	1559.44605	1542.59766	1529.48855
2025-09-11T08:16:36Z	1189.00000	1559.63244	1542.98149	1529.70373
2025-09-11T08:16:36Z	1189.00000	1559.85072	1543.44265	1529.96443
2025-09-11T08:16:36Z	1189.00000	1560.17512	1544.18326	1530.36174
2025-09-11T08:16:36Z	1189.00000	1560.35851	1544.60262	1530.58966
2025-09-11T08:16:36Z	1190.00000	1560.51409	1544.95180	1530.78168
2025-09-11T08:16:37Z	1190.00000	1560.68928	1545.34366	1530.99322
2025-09-11T08:16:37Z	1190.00000	1560.83853	1545.66761	1531.16768
2025-09-11T08:16:37Z	1190.00000	1561.14307	1546.31829	1531.52604
2025-09-11T08:16:37Z	1190.00000	1561.31138	1546.69034	1531.72924
2025-09-11T08:16:37Z	1190.00000	1561.44485	1546.98971	1531.89691
2025-09-11T08:16:37Z	1190.00000	1561.58566	1547.32921	1532.08734
2025-09-11T08:16:37Z	1190.00000	1561.76440	1547.78894	1532.35104
2025-09-11T08:16:37Z	1191.00000	1561.84924	1548.01395	1532.47997
2025-09-11T08:16:38Z	1191.00000	1562.02481	1548.46695	1532.75175
2025-09-11T08:16:38Z	1191.00000	1562.10491	1548.65747	1532.86341
2025-09-11T08:16:38Z	1191.00000	1562.18642	1548.84660	1532.97304
2025-09-11T08:16:38Z	1191.00000	1562.30492	1549.09970	1533.11420
2025-09-11T08:16:38Z	1191.00000	1562.40884	1549.31377	1533.23460
2025-09-11T08:16:38Z	1191.00000	1562.49267	1549.49242	1533.33286
2025-09-11T08:16:38Z	1191.00000	1562.56484	1549.65005	1533.42360
2025-09-11T08:16:38Z	1191.00000	1562.61444	1549.76059	1533.48603
2025-09-11T08:16:38Z	1192.00000	1562.65071	1549.84112	1533.53223
2025-09-11T08:16:39Z	1192.00000	1562.69110	1549.92890	1533.58268
2025-09-11T08:16:39Z	1192.00000	1562.73699	1550.02873	1533.64062
2025-09-11T08:16:39Z	1192.00000	1562.75554	1550.06865	1533.66332
2025-09-11T08:16:39Z	1192.00000	1562.76637	1550.09342	1533.67760
2025-09-11T08:16:39Z	1192.00000	1562.77813	1550.12020	1533.69255
2025-09-11T08:16:39Z	1192.00000	1562.79370	1550.15371	1533.71312
2025-09-11T08:16:39Z	1192.00000	1562.80110	1550.16993	1533.72145
2025-09-11T08:16:40Z	1193.00000	1562.81202	1550.19380	1533.73734
2025-09-11T08:16:40Z	1193.00000	1562.81771	1550.20422	1533.74515
2025-09-11T08:16:40Z	1193.00000	1561.22745	1546.48027	1531.60432
2025-09-11T08:16:40Z	1193.00000	1560.87839	1545.75107	1531.19861
2025-09-11T08:16:40Z	1193.00000	1560.73691	1545.45093	1531.03490
2025-09-11T08:16:40Z	1193.00000	1560.43987	1544.78907	1530.67705
2025-09-11T08:16:41Z	1194.00000	1560.16979	1544.17043	1530.34172
2025-09-11T08:16:41Z	1194.00000	1560.05361	1543.90650	1530.20068
2025-09-11T08:16:41Z	1194.00000	1559.79483	1543.32605	1529.89081
2025-09-11T08:16:41Z	1194.00000	1559.66933	1543.06258	1529.74088
2025-09-11T08:16:41Z	1194.00000	1559.54140	1542.78765	1529.59151
2025-09-11T08:16:41Z	1194.00000	1559.52740	1542.75785	1529.57691
2025-09-11T08:16:41Z	1195.00000	1559.52236	1542.74772	1529.57153
2025-09-11T08:16:42Z	1195.00000	1559.51336	1542.72953	1529.56213
2025-09-11T08:16:42Z	1195.00000	1559.50980	1542.72245	1529.55820
2025-09-11T08:16:42Z	1195.00000	1559.50305	1542.70888	1529.55115
2025-09-11T08:16:42Z	1195.00000	1559.50035	1542.70337	1529.54825
2025-09-11T08:16:42Z	1195.00000	1559.49740	1542.69748	1529.54504
2025-09-11T08:16:42Z	1195.00000	1559.49497	1542.69274	1529.54254
2025-09-11T08:16:42Z	1196.00000	1559.49019	1542.68329	1529.53728
2025-09-11T08:16:43Z	1196.00000	1559.48815	1542.67940	1529.53513
2025-09-11T08:16:43Z	1196.00000	1559.48587	1542.67504	1529.53284
2025-09-11T08:16:43Z	1196.00000	1559.48425	1542.67170	1529.53114
2025-09-11T08:16:43Z	1196.00000	1559.48253	1542.66818	1529.52931
2025-09-11T08:16:43Z	1196.00000	1559.48056	1542.66443	1529.52714
2025-09-11T08:16:43Z	1196.00000	1559.47901	1542.66141	1529.52538
2025-09-11T08:16:43Z	1196.00000	1559.47750	1542.65843	1529.52383
2025-09-11T08:16:43Z	1196.00000	1559.47578	1542.65530	1529.52201
2025-09-11T08:16:43Z	1196.00000	1559.47449	1542.65260	1529.52055
2025-09-11T08:16:43Z	1197.00000	1559.47294	1542.64961	1529.51883
2025-09-11T08:16:44Z	1197.00000	1559.47160	1542.64713	1529.51751
2025-09-11T08:16:44Z	1197.00000	1559.47024	1542.64439	1529.51591
2025-09-11T08:16:44Z	1197.00000	1559.46916	1542.64214	1529.51462
2025-09-11T08:16:44Z	1197.00000	1559.46796	1542.63987	1529.51342
2025-09-11T08:16:44Z	1197.00000	1559.46667	1542.63747	1529.51180
2025-09-11T08:16:44Z	1197.00000	1559.46559	1542.63537	1529.51080
2025-09-11T08:16:44Z	1197.00000	1559.46449	1542.63344	1529.50967
2025-09-11T08:16:44Z	1197.00000	1559.46336	1542.63109	1529.50837
2025-09-11T08:16:44Z	1197.00000	1559.46248	1542.62916	1529.50728
2025-09-11T08:16:44Z	1198.00000	1559.46145	1542.62746	1529.50631
2025-09-11T08:16:45Z	1198.00000	1559.46039	1542.62545	1529.50504
2025-09-11T08:16:45Z	1198.00000	1559.45947	1542.62360	1529.50391
2025-09-11T08:16:45Z	1198.00000	1559.45839	1542.62182	1529.50290
2025-09-11T08:16:45Z	1198.00000	1559.45772	1542.62021	1529.50194
2025-09-11T08:16:45Z	1198.00000	1559.45679	1542.61859	1529.50102
2025-09-11T08:16:45Z	1198.00000	1559.45595	1542.61680	1529.49999
2025-09-11T08:16:45Z	1198.00000	1559.45515	1542.61531	1529.49914
2025-09-11T08:16:45Z	1198.00000	1559.45434	1542.61391	1529.49818
2025-09-11T08:16:45Z	1198.00000	1559.45342	1542.61231	1529.49723
2025-09-11T08:16:45Z	1199.00000	1559.45281	1542.61089	1529.49638
2025-09-11T08:16:46Z	1199.00000	1559.45196	1542.60931	1529.49546
2025-09-11T08:16:46Z	1199.00000	1559.45118	1542.60809	1529.49467
2025-09-11T08:16:46Z	1199.00000	1559.45059	1542.60678	1529.49391
2025-09-11T08:16:46Z	1199.00000	1559.48630	1542.68063	1529.53500
2025-09-11T08:16:46Z	1199.00000	1559.69024	1543.10053	1529.77201
2025-09-11T08:16:46Z	1199.00000	1559.87232	1543.49018	1529.99099
2025-09-11T08:16:46Z	1199.00000	1560.06443	1543.92872	1530.22739
2025-09-11T08:16:46Z	1199.00000	1560.22166	1544.29120	1530.42367
2025-09-11T08:16:46Z	1199.00000	1560.40241	1544.70726	1530.64853
2025-09-11T08:16:46Z	1200.00000	1560.55662	1545.04839	1530.83557
2025-09-11T08:16:47Z	1200.00000	1560.70418	1545.38139	1531.01543
2025-09-11T08:16:47Z	1200.00000	1560.88048	1545.76450	1531.22232
2025-09-11T08:16:47Z	1200.00000	1561.02915	1546.08476	1531.39946
2025-09-11T08:16:47Z	1200.00000	1561.20401	1546.45359	1531.60313
2025-09-11T08:16:47Z	1200.00000	1561.34482	1546.77127	1531.77692
2025-09-11T08:16:47Z	1200.00000	1561.47425	1547.06247	1531.94178
2025-09-11T08:16:47Z	1200.00000	1561.60965	1547.39439	1532.12810
2025-09-11T08:16:47Z	1200.00000	1561.69751	1547.61880	1532.25798
2025-09-11T08:16:47Z	1200.00000	1561.77900	1547.83263	1532.37851
2025-09-11T08:16:47Z	1201.00000	1561.86144	1548.04972	1532.50520
2025-09-11T08:16:48Z	1201.00000	1561.93659	1548.24821	1532.61847
2025-09-11T08:16:48Z	1201.00000	1562.02215	1548.45589	1532.73416
2025-09-11T08:16:48Z	1201.00000	1562.13932	1548.72152	1532.88090
2025-09-11T08:16:48Z	1201.00000	1562.22383	1548.91329	1532.98821
2025-09-11T08:16:48Z	1201.00000	1562.33729	1549.15283	1533.12249
2025-09-11T08:16:48Z	1201.00000	1562.41998	1549.33338	1533.22410
2025-09-11T08:16:48Z	1201.00000	1562.47251	1549.45321	1533.29121
2025-09-11T08:16:48Z	1201.00000	1562.54051	1549.60058	1533.37525
2025-09-11T08:16:48Z	1201.00000	1562.58085	1549.69094	1533.42714
2025-09-11T08:16:48Z	1202.00000	1562.61431	1549.76651	1533.47050
2025-09-11T08:16:49Z	1202.00000	1562.64647	1549.83604	1533.51073
2025-09-11T08:16:49Z	1202.00000	1562.67624	1549.89939	1533.54759
2025-09-11T08:16:49Z	1202.00000	1562.69589	1549.94272	1533.57159
2025-09-11T08:16:49Z	1202.00000	1562.71418	1549.98129	1533.59509
2025-09-11T08:16:49Z	1202.00000	1562.72429	1550.00256	1533.60622
2025-09-11T08:16:49Z	1202.00000	1562.73861	1550.03434	1533.62431
2025-09-11T08:16:49Z	1202.00000	1562.74849	1550.05341	1533.63551
2025-09-11T08:16:49Z	1202.00000	1562.75597	1550.07043	1533.64427
2025-09-11T08:16:49Z	1202.00000	1562.76560	1550.09046	1533.65527
2025-09-11T08:16:49Z	1203.00000	1562.77264	1550.10651	1533.66387
2025-09-11T08:16:50Z	1203.00000	1562.77957	1550.12088	1533.67215
2025-09-11T08:16:50Z	1203.00000	1562.65900	1549.63558	1533.46366
2025-09-11T08:16:50Z	1203.00000	1561.41363	1546.85497	1531.79591
2025-09-11T08:16:50Z	1203.00000	1561.15018	1546.30784	1531.49801
2025-09-11T08:16:50Z	1203.00000	1560.98461	1545.97180	1531.31075
2025-09-11T08:16:50Z	1203.00000	1560.83789	1545.66062	1531.14244
2025-09-11T08:16:50Z	1203.00000	1560.67034	1545.29296	1530.94420
2025-09-11T08:16:50Z	1203.00000	1560.53387	1544.98959	1530.78239
2025-09-11T08:16:50Z	1203.00000	1560.39928	1544.69337	1530.62097
2025-09-11T08:16:50Z	1204.00000	1560.25316	1544.35827	1530.44051
2025-09-11T08:16:51Z	1204.00000	1560.12877	1544.07374	1530.28733
2025-09-11T08:16:51Z	1204.00000	1559.99264	1543.76820	1530.12505
2025-09-11T08:16:51Z	1204.00000	1559.87317	1543.49923	1529.98107
2025-09-11T08:16:51Z	1204.00000	1559.75735	1543.24521	1529.84372
2025-09-11T08:16:51Z	1204.00000	1559.61031	1542.93285	1529.66915
2025-09-11T08:16:51Z	1204.00000	1559.55007	1542.80561	1529.60018
2025-09-11T08:16:51Z	1204.00000	1559.54143	1542.78674	1529.59145
2025-09-11T08:16:51Z	1204.00000	1559.53391	1542.77067	1529.58338
2025-09-11T08:16:51Z	1204.00000	1559.52851	1542.75937	1529.57764
2025-09-11T08:16:51Z	1205.00000	1559.52312	1542.74829	1529.57169
2025-09-11T08:16:52Z	1205.00000	1559.51884	1542.73995	1529.56745
2025-09-11T08:16:52Z	1205.00000	1559.51513	1542.73234	1529.56351
2025-09-11T08:16:52Z	1205.00000	1559.51126	1542.72442	1529.55924
2025-09-11T08:16:52Z	1205.00000	1559.50801	1542.71827	1529.55594
2025-09-11T08:16:52Z	1205.00000	1559.50456	1542.71163	1529.55252
2025-09-11T08:16:52Z	1205.00000	1559.50201	1542.70630	1529.54961
2025-09-11T08:16:52Z	1205.00000	1559.49954	1542.70147	1529.54702
2025-09-11T08:16:52Z	1205.00000	1559.49675	1542.69614	1529.54406
2025-09-11T08:16:52Z	1205.00000	1559.49464	1542.69193	1529.54181
2025-09-11T08:16:52Z	1206.00000	1559.49250	1542.68786	1529.53959
2025-09-11T08:16:53Z	1206.00000	1559.49027	1542.68345	1529.53712
2025-09-11T08:16:53Z	1206.00000	1559.48842	1542.67973	1529.53519
2025-09-11T08:16:53Z	1206.00000	1559.48669	1542.67621	1529.53327
2025-09-11T08:16:53Z	1206.00000	1559.48465	1542.67242	1529.53123
2025-09-11T08:16:53Z	1206.00000	1559.48297	1542.66930	1529.52948
2025-09-11T08:16:53Z	1206.00000	1559.48126	1542.66586	1529.52761
2025-09-11T08:16:53Z	1206.00000	1559.47974	1542.66297	1529.52600
2025-09-11T08:16:53Z	1206.00000	1559.47835	1542.66020	1529.52445
2025-09-11T08:16:53Z	1206.00000	1559.47679	1542.65721	1529.52275
2025-09-11T08:16:53Z	1207.00000	1559.47552	1542.65473	1529.52139
2025-09-11T08:16:54Z	1207.00000	1559.47426	1542.65218	1529.52009
2025-09-11T08:16:54Z	1207.00000	1559.47281	1542.64948	1529.51850
2025-09-11T08:16:54Z	1207.00000	1559.47160	1542.64720	1529.51726
2025-09-11T08:16:54Z	1207.00000	1559.47046	1542.64501	1529.51602
2025-09-11T08:16:54Z	1207.00000	1559.46930	1542.64255	1529.51452
2025-09-11T08:16:54Z	1207.00000	1559.46818	1542.64058	1529.51347
2025-09-11T08:16:54Z	1207.00000	1559.46697	1542.63826	1529.51215
2025-09-11T08:16:54Z	1207.00000	1559.46604	1542.63641	1529.51102
2025-09-11T08:16:54Z	1207.00000	1559.46520	1542.63452	1529.51001
2025-09-11T08:16:54Z	1208.00000	1559.46400	1542.63246	1529.50877
2025-09-11T08:16:55Z	1208.00000	1559.46308	1542.63064	1529.50780
2025-09-11T08:16:55Z	1208.00000	1559.46226	1542.62908	1529.50673
2025-09-11T08:16:55Z	1208.00000	1559.46124	1542.62716	1529.50558
2025-09-11T08:16:55Z	1208.00000	1559.46035	1542.62547	1529.50468
2025-09-11T08:16:55Z	1208.00000	1559.45938	1542.62365	1529.50360
2025-09-11T08:16:55Z	1208.00000	1559.45849	1542.62224	1529.50269
2025-09-11T08:16:55Z	1208.00000	1559.45783	1542.62064	1529.50193
2025-09-11T08:16:55Z	1208.00000	1559.45695	1542.61911	1529.50089
2025-09-11T08:16:55Z	1208.00000	1559.45613	1542.61768	1529.50017
2025-09-11T08:16:55Z	1209.00000	1559.45548	1542.61632	1529.49934
2025-09-11T08:16:56Z	1209.00000	1559.45462	1542.61467	1529.49827
2025-09-11T08:16:56Z	1209.00000	1559.45391	1542.61342	1529.49749
2025-09-11T08:16:56Z	1209.00000	1559.45321	1542.61191	1529.49658
2025-09-11T08:16:56Z	1209.00000	1559.45254	1542.61067	1529.49594
2025-09-11T08:16:56Z	1209.00000	1559.45200	1542.60987	1529.49533
2025-09-11T08:16:56Z	1209.00000	1559.69561	1543.11129	1529.77706
2025-09-11T08:16:56Z	1209.00000	1559.87516	1543.49528	1529.99183
2025-09-11T08:16:56Z	1209.00000	1560.03986	1543.87018	1530.19302
2025-09-11T08:16:56Z	1209.00000	1560.22630	1544.29744	1530.42365
2025-09-11T08:16:56Z	1210.00000	1560.38129	1544.65306	1530.61511
2025-09-11T08:16:57Z	1210.00000	1560.56203	1545.05516	1530.83524
2025-09-11T08:16:57Z	1210.00000	1560.70972	1545.38911	1531.01461
2025-09-11T08:16:57Z	1210.00000	1560.86118	1545.71786	1531.19157
2025-09-11T08:16:57Z	1210.00000	1561.03838	1546.10042	1531.40176
2025-09-11T08:16:57Z	1210.00000	1561.18928	1546.41649	1531.57621
2025-09-11T08:16:57Z	1210.00000	1561.33047	1546.73245	1531.74799
2025-09-11T08:16:57Z	1210.00000	1561.48252	1547.07403	1531.94004
2025-09-11T08:16:57Z	1210.00000	1561.59979	1547.35915	1532.09919
2025-09-11T08:16:57Z	1210.00000	1561.69196	1547.59254	1532.23324
2025-09-11T08:16:57Z	1211.00000	1561.78659	1547.84095	1532.37357
2025-09-11T08:16:58Z	1211.00000	1561.85555	1548.02566	1532.48024
2025-09-11T08:16:58Z	1211.00000	1561.93782	1548.24279	1532.60574
2025-09-11T08:16:58Z	1211.00000	1562.03615	1548.48751	1532.75646
2025-09-11T08:16:58Z	1211.00000	1562.11664	1548.67947	1532.86425
2025-09-11T08:16:58Z	1211.00000	1562.22870	1548.92948	1533.00312
2025-09-11T08:16:58Z	1211.00000	1562.32220	1549.13071	1533.11478
2025-09-11T08:16:58Z	1211.00000	1562.41774	1549.33777	1533.23150
2025-09-11T08:16:58Z	1211.00000	1562.47387	1549.46524	1533.30244
2025-09-11T08:16:58Z	1211.00000	1562.53287	1549.59400	1533.37544
2025-09-11T08:16:58Z	1212.00000	1562.58450	1549.70646	1533.44071
2025-09-11T08:16:59Z	1212.00000	1562.61998	1549.78790	1533.48725
2025-09-11T08:16:59Z	1212.00000	1562.64698	1549.84899	1533.52187
2025-09-11T08:16:59Z	1212.00000	1562.67630	1549.91023	1533.55791
2025-09-11T08:16:59Z	1212.00000	1562.69202	1549.94629	1533.57645
2025-09-11T08:16:59Z	1212.00000	1562.71572	1549.99359	1533.60565
2025-09-11T08:16:59Z	1212.00000	1562.72570	1550.01622	1533.61648
2025-09-11T08:16:59Z	1212.00000	1562.73797	1550.04210	1533.63211
2025-09-11T08:16:59Z	1212.00000	1562.74514	1550.05781	1533.64071
2025-09-11T08:16:59Z	1212.00000	1562.75169	1550.07255	1533.64896
2025-09-11T08:16:59Z	1213.00000	1562.75757	1550.08532	1533.65645
2025-09-11T08:17:00Z	1213.00000	1562.76395	1550.09891	1533.66350
2025-09-11T08:17:00Z	1213.00000	1562.76878	1550.10978	1533.66943
2025-09-11T08:17:00Z	1213.00000	1562.68986	1549.71795	1533.52861
2025-09-11T08:17:00Z	1213.00000	1561.43710	1546.90358	1531.82374
2025-09-11T08:17:00Z	1213.00000	1561.19116	1546.39536	1531.55093
2025-09-11T08:17:00Z	1213.00000	1560.99524	1545.99632	1531.32680
2025-09-11T08:17:00Z	1213.00000	1560.84663	1545.68277	1531.15609
2025-09-11T08:17:00Z	1213.00000	1560.70344	1545.37366	1530.99095
2025-09-11T08:17:00Z	1213.00000	1560.54464	1545.01542	1530.79733
2025-09-11T08:17:00Z	1214.00000	1560.40934	1544.71807	1530.63598
2025-09-11T08:17:01Z	1214.00000	1560.26360	1544.38344	1530.45528
2025-09-11T08:17:01Z	1214.00000	1560.13963	1544.09964	1530.30156
2025-09-11T08:17:01Z	1214.00000	1560.00042	1543.78663	1530.13547
2025-09-11T08:17:01Z	1214.00000	1559.88000	1543.51485	1529.99061
2025-09-11T08:17:01Z	1214.00000	1559.76446	1543.26074	1529.85283
2025-09-11T08:17:01Z	1214.00000	1559.63581	1542.98921	1529.70076
2025-09-11T08:17:01Z	1214.00000	1559.55229	1542.81092	1529.60297
2025-09-11T08:17:01Z	1214.00000	1559.54417	1542.79212	1529.59409
2025-09-11T08:17:01Z	1214.00000	1559.53739	1542.77773	1529.58707
2025-09-11T08:17:01Z	1215.00000	1559.53079	1542.76417	1529.58018
2025-09-11T08:17:02Z	1215.00000	1559.52621	1542.75456	1529.57503
2025-09-11T08:17:02Z	1215.00000	1559.52133	1542.74474	1529.57006
2025-09-11T08:17:02Z	1215.00000	1559.51756	1542.73719	1529.56607
2025-09-11T08:17:02Z	1215.00000	1559.51418	1542.73049	1529.56247
2025-09-11T08:17:02Z	1215.00000	1559.51053	1542.72336	1529.55862
2025-09-11T08:17:02Z	1215.00000	1559.50767	1542.71769	1529.55559
2025-09-11T08:17:02Z	1215.00000	1559.50455	1542.71157	1529.55218
2025-09-11T08:17:02Z	1215.00000	1559.50200	1542.70655	1529.54962
2025-09-11T08:17:02Z	1215.00000	1559.49963	1542.70196	1529.54713
2025-09-11T08:17:02Z	1216.00000	1559.49706	1542.69688	1529.54455
2025-09-11T08:17:03Z	1216.00000	1559.49491	1542.69285	1529.54207
2025-09-11T08:17:03Z	1216.00000	1559.49294	1542.68893	1529.54009
2025-09-11T08:17:03Z	1216.00000	1559.49068	1542.68473	1529.53783
2025-09-11T08:17:03Z	1216.00000	1559.48911	1542.68120	1529.53586
2025-09-11T08:17:03Z	1216.00000	1559.48708	1542.67742	1529.53376
2025-09-11T08:17:03Z	1216.00000	1559.48548	1542.67429	1529.53211
2025-09-11T08:17:03Z	1216.00000	1559.48397	1542.67127	1529.53043
2025-09-11T08:17:03Z	1216.00000	1559.48230	1542.66786	1529.52854
2025-09-11T08:17:03Z	1216.00000	1559.48073	1542.66513	1529.52703
2025-09-11T08:17:03Z	1217.00000	1559.47947	1542.66248	1529.52566
2025-09-11T08:17:04Z	1217.00000	1559.47786	1542.65958	1529.52395
2025-09-11T08:17:04Z	1217.00000	1559.47670	1542.65707	1529.52264
2025-09-11T08:17:04Z	1217.00000	1559.47536	1542.65484	1529.52130
2025-09-11T08:17:04Z	1217.00000	1559.47408	1542.65211	1529.51973
2025-09-11T08:17:04Z	1217.00000	1559.47291	1542.65000	1529.51858
2025-09-11T08:17:04Z	1217.00000	1559.47189	1542.64792	1529.51746
2025-09-11T08:17:04Z	1217.00000	1559.47058	1542.64548	1529.51608
2025-09-11T08:17:04Z	1217.00000	1559.46951	1542.64347	1529.51495
2025-09-11T08:17:04Z	1217.00000	1559.46827	1542.64125	1529.51368
2025-09-11T08:17:04Z	1218.00000	1559.46745	1542.63940	1529.51262
2025-09-11T08:17:05Z	1218.00000	1559.46645	1542.63769	1529.51156
2025-09-11T08:17:05Z	1218.00000	1559.46538	1542.63569	1529.51043
2025-09-11T08:17:05Z	1218.00000	1559.46438	1542.63389	1529.50931
2025-09-11T08:17:05Z	1218.00000	1559.46371	1542.63224	1529.50849
2025-09-11T08:17:05Z	1218.00000	1559.46273	1542.63039	1529.50740
2025-09-11T08:17:05Z	1218.00000	1559.46185	1542.62884	1529.50645
2025-09-11T08:17:05Z	1218.00000	1559.46110	1542.62737	1529.50562
2025-09-11T08:17:05Z	1218.00000	1559.46014	1542.62562	1529.50446
2025-09-11T08:17:05Z	1218.00000	1559.45939	1542.62422	1529.50375
2025-09-11T08:17:05Z	1219.00000	1559.45852	1542.62270	1529.50294
2025-09-11T08:17:06Z	1219.00000	1559.45773	1542.62123	1529.50192
2025-09-11T08:17:06Z	1219.00000	1559.45711	1542.61986	1529.50125
2025-09-11T08:17:06Z	1219.00000	1559.45631	1542.61856	1529.50051
2025-09-11T08:17:06Z	1219.00000	1559.45567	1542.61710	1529.49958
2025-09-11T08:17:06Z	1219.00000	1559.50986	1542.72799	1529.56054
2025-09-11T08:17:06Z	1219.00000	1559.74277	1543.20842	1529.83424
2025-09-11T08:17:06Z	1219.00000	1559.91774	1543.59132	1530.04562
2025-09-11T08:17:06Z	1219.00000	1560.10897	1544.02832	1530.27955
2025-09-11T08:17:06Z	1219.00000	1560.26486	1544.38860	1530.47361
2025-09-11T08:17:06Z	1220.00000	1560.41982	1544.74367	1530.66606
2025-09-11T08:17:07Z	1220.00000	1560.59900	1545.14001	1530.88167
2025-09-11T08:17:07Z	1220.00000	1560.74761	1545.47514	1531.06107
2025-09-11T08:17:07Z	1220.00000	1560.89921	1545.80349	1531.23959
2025-09-11T08:17:07Z	1220.00000	1561.07406	1546.17905	1531.44587
2025-09-11T08:17:07Z	1220.00000	1561.22225	1546.49128	1531.61889
2025-09-11T08:17:07Z	1220.00000	1561.38447	1546.85655	1531.81822
2025-09-11T08:17:07Z	1220.00000	1561.50945	1547.14261	1531.98024
2025-09-11T08:17:07Z	1220.00000	1561.62074	1547.41759	1532.13492
2025-09-11T08:17:07Z	1220.00000	1561.72333	1547.68166	1532.28612
2025-09-11T08:17:07Z	1221.00000	1561.80043	1547.88456	1532.39964
2025-09-11T08:17:08Z	1221.00000	1561.86899	1548.06553	1532.50604
2025-09-11T08:17:08Z	1221.00000	1561.95964	1548.30168	1532.64070
2025-09-11T08:17:08Z	1221.00000	1562.04832	1548.50932	1532.75312
2025-09-11T08:17:08Z	1221.00000	1562.14975	1548.74790	1532.88413
2025-09-11T08:17:08Z	1221.00000	1562.24463	1548.95970	1533.00248
2025-09-11T08:17:08Z	1221.00000	1562.32526	1549.13527	1533.10259
2025-09-11T08:17:08Z	1221.00000	1562.41528	1549.32989	1533.21117
2025-09-11T08:17:08Z	1221.00000	1562.46980	1549.45352	1533.28146
2025-09-11T08:17:08Z	1221.00000	1562.51829	1549.56083	1533.34193
2025-09-11T08:17:08Z	1222.00000	1562.56094	1549.65839	1533.39723
2025-09-11T08:17:09Z	1222.00000	1562.59146	1549.72474	1533.43596
2025-09-11T08:17:09Z	1222.00000	1562.63181	1549.81102	1533.48724
2025-09-11T08:17:09Z	1222.00000	1562.66822	1549.88839	1533.54142
2025-09-11T08:17:09Z	1222.00000	1562.70743	1549.96634	1533.60061
2025-09-11T08:17:09Z	1222.00000	1562.71050	1549.98947	1533.60354
2025-09-11T08:17:09Z	1222.00000	1562.72714	1550.02722	1533.62888
2025-09-11T08:17:09Z	1222.00000	1562.73374	1550.03776	1533.63518
2025-09-11T08:17:09Z	1222.00000	1562.74118	1550.05677	1533.64356
2025-09-11T08:17:09Z	1222.00000	1562.75260	1550.08018	1533.65642
2025-09-11T08:17:09Z	1223.00000	1562.76305	1550.10113	1533.66849
2025-09-11T08:17:10Z	1223.00000	1562.77105	1550.11783	1533.67739
2025-09-11T08:17:10Z	1223.00000	1562.77732	1550.13126	1533.68460
2025-09-11T08:17:10Z	1223.00000	1561.87168	1547.86707	1532.37291
2025-09-11T08:17:10Z	1223.00000	1561.33476	1546.70408	1531.72403
2025-09-11T08:17:10Z	1223.00000	1561.14619	1546.30572	1531.49779
2025-09-11T08:17:10Z	1223.00000	1560.95159	1545.91069	1531.27847
2025-09-11T08:17:10Z	1223.00000	1560.81187	1545.61131	1531.11904
2025-09-11T08:17:10Z	1223.00000	1560.66712	1545.29041	1530.94345
2025-09-11T08:17:10Z	1223.00000	1560.50976	1544.94076	1530.75836
2025-09-11T08:17:10Z	1224.00000	1560.37432	1544.63767	1530.59272
2025-09-11T08:17:11Z	1224.00000	1560.25252	1544.35793	1530.44199
2025-09-11T08:17:11Z	1224.00000	1560.11157	1544.03475	1530.26906
2025-09-11T08:17:11Z	1224.00000	1559.98951	1543.76033	1530.12273
2025-09-11T08:17:11Z	1224.00000	1559.86960	1543.49119	1529.97811
2025-09-11T08:17:11Z	1224.00000	1559.73051	1543.18781	1529.81212
2025-09-11T08:17:11Z	1224.00000	1559.60516	1542.92217	1529.66331
2025-09-11T08:17:11Z	1224.00000	1559.55383	1542.81365	1529.60448
2025-09-11T08:17:11Z	1224.00000	1559.54447	1542.79266	1529.59475
2025-09-11T08:17:11Z	1224.00000	1559.53815	1542.77918	1529.58794
2025-09-11T08:17:11Z	1225.00000	1559.53179	1542.76617	1529.58116
2025-09-11T08:17:12Z	1225.00000	1559.52732	1542.75682	1529.57636
2025-09-11T08:17:12Z	1225.00000	1559.52313	1542.74852	1529.57210
2025-09-11T08:17:12Z	1225.00000	1559.51880	1542.73979	1529.56741
2025-09-11T08:17:12Z	1225.00000	1559.51554	1542.73322	1529.56393
2025-09-11T08:17:12Z	1225.00000	1559.51238	1542.72731	1529.56079
2025-09-11T08:17:12Z	1225.00000	1559.50899	1542.72064	1529.55729
2025-09-11T08:17:12Z	1225.00000	1559.50649	1542.71552	1529.55452
2025-09-11T08:17:12Z	1225.00000	1559.50346	1542.70987	1529.55142
2025-09-11T08:17:12Z	1225.00000	1559.50123	1542.70539	1529.54905
2025-09-11T08:17:12Z	1226.00000	1559.49898	1542.70116	1529.54671
2025-09-11T08:17:13Z	1226.00000	1559.49656	1542.69639	1529.54413
2025-09-11T08:17:13Z	1226.00000	1559.49466	1542.69263	1529.54224
2025-09-11T08:17:13Z	1226.00000	1559.49281	1542.68904	1529.54010
2025-09-11T08:17:13Z	1226.00000	1559.49078	1542.68503	1529.53783
2025-09-11T08:17:13Z	1226.00000	1559.48908	1542.68178	1529.53619
2025-09-11T08:17:13Z	1226.00000	1559.48745	1542.67863	1529.53450
2025-09-11T08:17:13Z	1226.00000	1559.48581	1542.67530	1529.53261
2025-09-11T08:17:13Z	1226.00000	1559.48420	1542.67239	1529.53102
2025-09-11T08:17:13Z	1226.00000	1559.48277	1542.66973	1529.52945
2025-09-11T08:17:13Z	1227.00000	1559.48132	1542.66662	1529.52796
2025-09-11T08:17:14Z	1227.00000	1559.47996	1542.66414	1529.52644
2025-09-11T08:17:14Z	1227.00000	1559.47850	1542.66137	1529.52479
2025-09-11T08:17:14Z	1227.00000	1559.47736	1542.65910	1529.52373
2025-09-11T08:17:14Z	1227.00000	1559.47614	1542.65676	1529.52234
2025-09-11T08:17:14Z	1227.00000	1559.47485	1542.65427	1529.52081
2025-09-11T08:17:14Z	1227.00000	1559.47386	1542.65221	1529.51969
2025-09-11T08:17:14Z	1227.00000	1559.47261	1542.64987	1529.51837
2025-09-11T08:17:14Z	1227.00000	1559.47157	1542.64787	1529.51722
2025-09-11T08:17:14Z	1227.00000	1559.47059	1542.64594	1529.51628
2025-09-11T08:17:14Z	1228.00000	1559.46950	1542.64386	1529.51498
2025-09-11T08:17:15Z	1228.00000	1559.46843	1542.64210	1529.51400
2025-09-11T08:17:15Z	1228.00000	1559.46746	1542.64007	1529.51291
2025-09-11T08:17:15Z	1228.00000	1559.46649	1542.63837	1529.51175
2025-09-11T08:17:15Z	1228.00000	1559.46566	1542.63671	1529.51091
2025-09-11T08:17:15Z	1228.00000	1559.46472	1542.63487	1529.50987
2025-09-11T08:17:15Z	1228.00000	1559.46396	1542.63336	1529.50893
2025-09-11T08:17:15Z	1228.00000	1559.46296	1542.63162	1529.50798
2025-09-11T08:17:15Z	1228.00000	1559.46215	1542.63017	1529.50710
2025-09-11T08:17:15Z	1228.00000	1559.46145	1542.62869	1529.50628
2025-09-11T08:17:15Z	1229.00000	1559.46056	1542.62701	1529.50515
2025-09-11T08:17:16Z	1229.00000	1559.45985	1542.62565	1529.50445
2025-09-11T08:17:16Z	1229.00000	1559.45913	1542.62431	1529.50370
2025-09-11T08:17:16Z	1229.00000	1559.45834	1542.62284	1529.50275
2025-09-11T08:17:16Z	1229.00000	1559.45765	1542.62158	1529.50200
2025-09-11T08:17:16Z	1229.00000	1559.55846	1542.82632	1529.61520
2025-09-11T08:17:16Z	1229.00000	1559.78450	1543.29655	1529.88538
2025-09-11T08:17:16Z	1229.00000	1559.95550	1543.67697	1530.09354
2025-09-11T08:17:16Z	1229.00000	1560.14500	1544.11394	1530.32475
2025-09-11T08:17:16Z	1229.00000	1560.30011	1544.46864	1530.51763
2025-09-11T08:17:16Z	1230.00000	1560.45762	1544.83111	1530.71369
2025-09-11T08:17:17Z	1230.00000	1560.63480	1545.22700	1530.92788
2025-09-11T08:17:17Z	1230.00000	1560.93115	1545.87620	1531.27930
2025-09-11T08:17:17Z	1230.00000	1561.10646	1546.24839	1531.48534
2025-09-11T08:17:17Z	1230.00000	1561.25303	1546.56284	1531.65789
2025-09-11T08:17:17Z	1230.00000	1561.40959	1546.91224	1531.85133
2025-09-11T08:17:17Z	1230.00000	1561.53199	1547.19867	1532.01217
2025-09-11T08:17:17Z	1230.00000	1561.63874	1547.46550	1532.16293
2025-09-11T08:17:17Z	1230.00000	1561.73894	1547.72457	1532.31209
2025-09-11T08:17:17Z	1231.00000	1561.81345	1547.92239	1532.42177
2025-09-11T08:17:18Z	1231.00000	1561.89684	1548.14013	1532.55018
2025-09-11T08:17:18Z	1231.00000	1561.97832	1548.35135	1532.66903
2025-09-11T08:17:18Z	1231.00000	1562.07038	1548.56580	1532.78497
2025-09-11T08:17:18Z	1231.00000	1562.16745	1548.79362	1532.91183
2025-09-11T08:17:18Z	1231.00000	1562.24802	1548.97662	1533.01491
2025-09-11T08:17:18Z	1231.00000	1562.34039	1549.17417	1533.12626
2025-09-11T08:17:18Z	1231.00000	1562.42321	1549.35535	1533.22800
2025-09-11T08:17:18Z	1231.00000	1562.47305	1549.46898	1533.29164
2025-09-11T08:17:18Z	1231.00000	1562.52464	1549.58173	1533.35509
2025-09-11T08:17:18Z	1232.00000	1562.56742	1549.67789	1533.41063
2025-09-11T08:17:19Z	1232.00000	1562.59466	1549.73833	1533.44538
2025-09-11T08:17:19Z	1232.00000	1562.62168	1549.79701	1533.47998
2025-09-11T08:17:19Z	1232.00000	1562.64602	1549.85184	1533.51098
2025-09-11T08:17:19Z	1232.00000	1562.68627	1549.93501	1533.55719
2025-09-11T08:17:19Z	1232.00000	1562.70167	1549.96807	1533.57516
2025-09-11T08:17:19Z	1232.00000	1562.71589	1549.99700	1533.59234
2025-09-11T08:17:19Z	1232.00000	1562.72867	1550.02272	1533.60595
2025-09-11T08:17:19Z	1232.00000	1562.73967	1550.04485	1533.61789
2025-09-11T08:17:19Z	1233.00000	1562.75048	1550.06650	1533.62930
2025-09-11T08:17:20Z	1233.00000	1562.76380	1550.09346	1533.64345
2025-09-11T08:17:20Z	1233.00000	1561.69969	1547.46524	1532.12994
2025-09-11T08:17:20Z	1233.00000	1561.26696	1546.55289	1531.62782
2025-09-11T08:17:20Z	1233.00000	1560.91461	1545.82833	1531.23215
2025-09-11T08:17:20Z	1233.00000	1560.74207	1545.45511	1531.02958
2025-09-11T08:17:20Z	1233.00000	1560.47095	1544.85155	1530.70419
2025-09-11T08:17:21Z	1234.00000	1560.20076	1544.23573	1530.37338
2025-09-11T08:17:21Z	1234.00000	1560.06219	1543.91953	1530.20392
2025-09-11T08:17:21Z	1234.00000	1559.82695	1543.39437	1529.92542
2025-09-11T08:17:21Z	1234.00000	1559.56315	1542.83414	1529.61412
2025-09-11T08:17:21Z	1234.00000	1559.55224	1542.80932	1529.60252
2025-09-11T08:17:21Z	1234.00000	1559.53763	1542.77785	1529.58734
2025-09-11T08:17:21Z	1235.00000	1559.53265	1542.76754	1529.58183
2025-09-11T08:17:22Z	1235.00000	1559.52747	1542.75699	1529.57635
2025-09-11T08:17:22Z	1235.00000	1559.52343	1542.74917	1529.57225
2025-09-11T08:17:22Z	1235.00000	1559.51621	1542.73447	1529.56441
2025-09-11T08:17:22Z	1235.00000	1559.50989	1542.72235	1529.55787
2025-09-11T08:17:22Z	1235.00000	1559.50736	1542.71722	1529.55509
2025-09-11T08:17:22Z	1235.00000	1559.50223	1542.70745	1529.54991
2025-09-11T08:17:22Z	1236.00000	1559.50005	1542.70334	1529.54774
2025-09-11T08:17:23Z	1236.00000	1559.49585	1542.69506	1529.54304
2025-09-11T08:17:23Z	1236.00000	1559.49398	1542.69131	1529.54096
2025-09-11T08:17:23Z	1236.00000	1559.49192	1542.68746	1529.53911
2025-09-11T08:17:23Z	1236.00000	1559.49022	1542.68443	1529.53742
2025-09-11T08:17:23Z	1236.00000	1559.48866	1542.68136	1529.53555
2025-09-11T08:17:23Z	1236.00000	1559.48690	1542.67807	1529.53395
2025-09-11T08:17:23Z	1236.00000	1559.48558	1542.67530	1529.53240
2025-09-11T08:17:23Z	1236.00000	1559.48401	1542.67215	1529.53068
2025-09-11T08:17:23Z	1237.00000	1559.48260	1542.66966	1529.52930
2025-09-11T08:17:24Z	1237.00000	1559.48139	1542.66706	1529.52789
2025-09-11T08:17:24Z	1237.00000	1559.47977	1542.66421	1529.52629
2025-09-11T08:17:24Z	1237.00000	1559.47872	1542.66211	1529.52499
2025-09-11T08:17:24Z	1237.00000	1559.47759	1542.65979	1529.52369
2025-09-11T08:17:24Z	1237.00000	1559.47622	1542.65724	1529.52222
2025-09-11T08:17:24Z	1237.00000	1559.47519	1542.65525	1529.52118
2025-09-11T08:17:24Z	1237.00000	1559.47392	1542.65290	1529.51995
2025-09-11T08:17:24Z	1237.00000	1559.47297	1542.65088	1529.51878
2025-09-11T08:17:24Z	1237.00000	1559.47192	1542.64912	1529.51775
2025-09-11T08:17:24Z	1238.00000	1559.47073	1542.64697	1529.51653
2025-09-11T08:17:25Z	1238.00000	1559.46965	1542.64500	1529.51538
2025-09-11T08:17:25Z	1238.00000	1559.46783	1542.64148	1529.51338
2025-09-11T08:17:25Z	1238.00000	1559.46716	1542.63984	1529.51253
2025-09-11T08:17:25Z	1238.00000	1559.46629	1542.63831	1529.51155
2025-09-11T08:17:25Z	1238.00000	1559.46546	1542.63679	1529.51070
2025-09-11T08:17:25Z	1238.00000	1559.46461	1542.63493	1529.50973
2025-09-11T08:17:25Z	1238.00000	1559.46372	1542.63350	1529.50882
2025-09-11T08:17:25Z	1238.00000	1559.46298	1542.63203	1529.50799
2025-09-11T08:17:25Z	1239.00000	1559.46202	1542.63043	1529.50697
2025-09-11T08:17:26Z	1239.00000	1559.46145	1542.62917	1529.50633
2025-09-11T08:17:26Z	1239.00000	1559.46077	1542.62778	1529.50546
2025-09-11T08:17:26Z	1239.00000	1559.45991	1542.62629	1529.50456
2025-09-11T08:17:26Z	1239.00000	1559.45925	1542.62497	1529.50381
2025-09-11T08:17:26Z	1239.00000	1559.60597	1542.92581	1529.67100
2025-09-11T08:17:26Z	1239.00000	1559.83120	1543.39431	1529.93781
2025-09-11T08:17:26Z	1239.00000	1560.19047	1544.21191	1530.37563
2025-09-11T08:17:26Z	1239.00000	1560.34548	1544.56717	1530.56715
2025-09-11T08:17:26Z	1240.00000	1560.50158	1544.92210	1530.76036
2025-09-11T08:17:27Z	1240.00000	1560.67593	1545.31548	1530.97215
2025-09-11T08:17:27Z	1240.00000	1560.82477	1545.64023	1531.14671
2025-09-11T08:17:27Z	1240.00000	1560.97868	1545.97467	1531.32885
2025-09-11T08:17:27Z	1240.00000	1561.15165	1546.34079	1531.53066
2025-09-11T08:17:27Z	1240.00000	1561.29489	1546.65640	1531.70183
2025-09-11T08:17:27Z	1240.00000	1561.42793	1546.94994	1531.86386
2025-09-11T08:17:27Z	1240.00000	1561.56992	1547.28435	1532.05129
2025-09-11T08:17:27Z	1240.00000	1561.67112	1547.53671	1532.19496
2025-09-11T08:17:27Z	1240.00000	1561.77177	1547.79659	1532.34341
2025-09-11T08:17:27Z	1241.00000	1561.84598	1547.99412	1532.45345
2025-09-11T08:17:28Z	1241.00000	1561.91714	1548.18051	1532.56156
2025-09-11T08:17:28Z	1241.00000	1562.01517	1548.42615	1532.69833
2025-09-11T08:17:28Z	1241.00000	1562.11235	1548.65182	1532.81923
2025-09-11T08:17:28Z	1241.00000	1562.20264	1548.86305	1532.93808
2025-09-11T08:17:28Z	1241.00000	1562.29423	1549.06711	1533.05197
2025-09-11T08:17:28Z	1241.00000	1562.36398	1549.21914	1533.13761
2025-09-11T08:17:28Z	1241.00000	1562.43296	1549.37551	1533.22742
2025-09-11T08:17:28Z	1241.00000	1562.47590	1549.47311	1533.28225
2025-09-11T08:17:28Z	1241.00000	1562.53180	1549.59161	1533.35018
2025-09-11T08:17:28Z	1242.00000	1562.56849	1549.67706	1533.39999
2025-09-11T08:17:29Z	1242.00000	1562.64982	1549.86172	1533.52349
2025-09-11T08:17:29Z	1242.00000	1562.66055	1549.87736	1533.53548
2025-09-11T08:17:29Z	1242.00000	1562.67726	1549.92807	1533.56134
2025-09-11T08:17:29Z	1242.00000	1562.69245	1549.95927	1533.57930
2025-09-11T08:17:29Z	1242.00000	1562.71207	1549.99921	1533.60281
2025-09-11T08:17:29Z	1242.00000	1562.72627	1550.02880	1533.61911
2025-09-11T08:17:29Z	1242.00000	1562.73712	1550.05082	1533.63106
2025-09-11T08:17:29Z	1242.00000	1562.74621	1550.07059	1533.64179
2025-09-11T08:17:29Z	1243.00000	1562.76341	1550.10735	1533.66233
2025-09-11T08:17:30Z	1243.00000	1562.76971	1550.12000	1533.66869
2025-09-11T08:17:30Z	1243.00000	1562.77537	1550.13279	1533.67545
2025-09-11T08:17:30Z	1243.00000	1561.51183	1547.06472	1531.91165
2025-09-11T08:17:30Z	1243.00000	1561.22469	1546.47247	1531.59334
2025-09-11T08:17:30Z	1243.00000	1561.05175	1546.12124	1531.39637
2025-09-11T08:17:30Z	1243.00000	1560.89423	1545.78542	1531.21338
2025-09-11T08:17:30Z	1243.00000	1560.75114	1545.47999	1531.04503
2025-09-11T08:17:30Z	1243.00000	1560.59075	1545.11670	1530.85223
2025-09-11T08:17:30Z	1243.00000	1560.45663	1544.82385	1530.69124
2025-09-11T08:17:30Z	1244.00000	1560.30657	1544.47855	1530.50537
2025-09-11T08:17:31Z	1244.00000	1560.18295	1544.19710	1530.35382
2025-09-11T08:17:31Z	1244.00000	1560.06472	1543.92870	1530.21061
2025-09-11T08:17:31Z	1244.00000	1559.92339	1543.61053	1530.04365
2025-09-11T08:17:31Z	1244.00000	1559.80586	1543.34832	1529.90206
2025-09-11T08:17:31Z	1244.00000	1559.67784	1543.07881	1529.74939
2025-09-11T08:17:31Z	1244.00000	1559.56127	1542.83019	1529.61274
2025-09-11T08:17:31Z	1244.00000	1559.55234	1542.80933	1529.60287
2025-09-11T08:17:31Z	1244.00000	1559.54518	1542.79374	1529.59538
2025-09-11T08:17:31Z	1244.00000	1559.53841	1542.77940	1529.58824
2025-09-11T08:17:31Z	1245.00000	1559.53348	1542.76922	1529.58270
2025-09-11T08:17:32Z	1245.00000	1559.52904	1542.76044	1529.57825
2025-09-11T08:17:32Z	1245.00000	1559.52469	1542.75123	1529.57347
2025-09-11T08:17:32Z	1245.00000	1559.52113	1542.74434	1529.56981
2025-09-11T08:17:32Z	1245.00000	1559.51731	1542.73701	1529.56571
2025-09-11T08:17:32Z	1245.00000	1559.51448	1542.73139	1529.56269
2025-09-11T08:17:32Z	1245.00000	1559.51079	1542.72423	1529.55889
2025-09-11T08:17:32Z	1245.00000	1559.50823	1542.71930	1529.55622
2025-09-11T08:17:32Z	1245.00000	1559.50594	1542.71476	1529.55375
2025-09-11T08:17:32Z	1245.00000	1559.50358	1542.71043	1529.55154
2025-09-11T08:17:32Z	1246.00000	1559.50157	1542.70636	1529.54933
2025-09-11T08:17:33Z	1246.00000	1559.49955	1542.70253	1529.54722
2025-09-11T08:17:33Z	1246.00000	1559.49770	1542.69881	1529.54509
2025-09-11T08:17:33Z	1246.00000	1559.49553	1542.69477	1529.54288
2025-09-11T08:17:33Z	1246.00000	1559.49388	1542.69159	1529.54119
2025-09-11T08:17:33Z	1246.00000	1559.49193	1542.68781	1529.53897
2025-09-11T08:17:33Z	1246.00000	1559.49043	1542.68473	1529.53740
2025-09-11T08:17:33Z	1246.00000	1559.48883	1542.68189	1529.53567
2025-09-11T08:17:33Z	1246.00000	1559.48716	1542.67869	1529.53401
2025-09-11T08:17:33Z	1246.00000	1559.48579	1542.67603	1529.53258
2025-09-11T08:17:33Z	1247.00000	1559.48436	1542.67298	1529.53090
2025-09-11T08:17:34Z	1247.00000	1559.48297	1542.67046	1529.52944
2025-09-11T08:17:34Z	1247.00000	1559.48170	1542.66802	1529.52816
2025-09-11T08:17:34Z	1247.00000	1559.48035	1542.66540	1529.52653
2025-09-11T08:17:34Z	1247.00000	1559.47922	1542.66326	1529.52550
2025-09-11T08:17:34Z	1247.00000	1559.47815	1542.66113	1529.52428
2025-09-11T08:17:34Z	1247.00000	1559.47699	1542.65901	1529.52313
2025-09-11T08:17:34Z	1247.00000	1559.47589	1542.65674	1529.52179
2025-09-11T08:17:34Z	1247.00000	1559.47486	1542.65490	1529.52074
2025-09-11T08:17:34Z	1247.00000	1559.47369	1542.65259	1529.51948
2025-09-11T08:17:34Z	1248.00000	1559.47273	1542.65088	1529.51847
2025-09-11T08:17:35Z	1248.00000	1559.47145	1542.64846	1529.51721
2025-09-11T08:17:35Z	1248.00000	1559.47053	1542.64676	1529.51621
2025-09-11T08:17:35Z	1248.00000	1559.46972	1542.64519	1529.51525
2025-09-11T08:17:35Z	1248.00000	1559.46885	1542.64363	1529.51433
2025-09-11T08:17:35Z	1248.00000	1559.46811	1542.64195	1529.51334
2025-09-11T08:17:35Z	1248.00000	1559.46721	1542.64052	1529.51242
2025-09-11T08:17:35Z	1248.00000	1559.46644	1542.63893	1529.51163
2025-09-11T08:17:35Z	1248.00000	1559.46559	1542.63725	1529.51073
2025-09-11T08:17:35Z	1248.00000	1559.46481	1542.63580	1529.50985
2025-09-11T08:17:35Z	1249.00000	1559.46406	1542.63441	1529.50892
2025-09-11T08:17:36Z	1249.00000	1559.46329	1542.63294	1529.50814
2025-09-11T08:17:36Z	1249.00000	1559.46253	1542.63153	1529.50737
2025-09-11T08:17:36Z	1249.00000	1559.46182	1542.63003	1529.50637
2025-09-11T08:17:36Z	1249.00000	1559.46104	1542.62873	1529.50560
2025-09-11T08:17:36Z	1249.00000	1559.46043	1542.62754	1529.50493
2025-09-11T08:17:36Z	1249.00000	1559.45972	1542.62603	1529.50397
2025-09-11T08:17:36Z	1249.00000	1559.45901	1542.62490	1529.50335
2025-09-11T08:17:36Z	1249.00000	1559.45841	1542.62379	1529.50263
2025-09-11T08:17:36Z	1249.00000	1559.45772	1542.62238	1529.50187
2025-09-11T08:17:36Z	1250.00000	1559.45721	1542.62128	1529.50120
2025-09-11T08:17:37Z	1250.00000	1559.45654	1542.62021	1529.50067
2025-09-11T08:17:37Z	1250.00000	1559.45588	1542.61893	1529.49985
2025-09-11T08:17:37Z	1250.00000	1559.45531	1542.61789	1529.49913
2025-09-11T08:17:37Z	1250.00000	1559.45466	1542.61667	1529.49855
2025-09-11T08:17:37Z	1250.00000	1559.45411	1542.61565	1529.49774
2025-09-11T08:17:37Z	1250.00000	1559.45357	1542.61471	1529.49731
2025-09-11T08:17:37Z	1250.00000	1559.45298	1542.61362	1529.49655
2025-09-11T08:17:37Z	1250.00000	1559.45250	1542.61260	1529.49615
2025-09-11T08:17:37Z	1250.00000	1559.45188	1542.61153	1529.49545
2025-09-11T08:17:37Z	1251.00000	1559.45139	1542.61068	1529.49490
2025-09-11T08:17:38Z	1251.00000	1559.45088	1542.60971	1529.49425
2025-09-11T08:17:38Z	1251.00000	1559.45027	1542.60870	1529.49381
2025-09-11T08:17:38Z	1251.00000	1559.44986	1542.60776	1529.49322
2025-09-11T08:17:38Z	1251.00000	1559.44941	1542.60689	1529.49254
2025-09-11T08:17:38Z	1251.00000	1559.44883	1542.60589	1529.49206
2025-09-11T08:17:38Z	1251.00000	1559.44842	1542.60503	1529.49142
2025-09-11T08:17:38Z	1251.00000	1559.44787	1542.60409	1529.49086
2025-09-11T08:17:38Z	1251.00000	1559.44745	1542.60321	1529.49039
2025-09-11T08:17:38Z	1251.00000	1559.44704	1542.60253	1529.48991
2025-09-11T08:17:38Z	1252.00000	1559.44657	1542.60156	1529.48930
2025-09-11T08:17:39Z	1252.00000	1559.44620	1542.60086	1529.48887
2025-09-11T08:17:39Z	1252.00000	1559.44572	1542.60008	1529.48839
2025-09-11T08:17:39Z	1252.00000	1559.44531	1542.59917	1529.48788
2025-09-11T08:17:39Z	1252.00000	1559.44480	1542.59837	1529.48743
2025-09-11T08:17:39Z	1252.00000	1559.44434	1542.59749	1529.48688
2025-09-11T08:17:39Z	1252.00000	1559.44398	1542.59683	1529.48637
2025-09-11T08:17:39Z	1252.00000	1559.44359	1542.59606	1529.48599
2025-09-11T08:17:39Z	1252.00000	1559.44305	1542.59536	1529.48557
2025-09-11T08:17:39Z	1252.00000	1559.44275	1542.59458	1529.48505
2025-09-11T08:17:39Z	1253.00000	1559.44239	1542.59396	1529.48466
2025-09-11T08:17:40Z	1253.00000	1559.44200	1542.59309	1529.48417
2025-09-11T08:17:40Z	1253.00000	1559.44162	1542.59237	1529.48377
2025-09-11T08:17:40Z	1253.00000	1559.44123	1542.59165	1529.48329
2025-09-11T08:17:40Z	1253.00000	1559.44091	1542.59106	1529.48293
2025-09-11T08:17:40Z	1253.00000	1559.44054	1542.59040	1529.48251
2025-09-11T08:17:40Z	1253.00000	1559.44022	1542.58964	1529.48197
2025-09-11T08:17:40Z	1253.00000	1559.43976	1542.58899	1529.48156
2025-09-11T08:17:40Z	1253.00000	1559.43935	1542.58829	1529.48112
2025-09-11T08:17:40Z	1253.00000	1559.43908	1542.58756	1529.48085
2025-09-11T08:17:40Z	1254.00000	1559.43875	1542.58705	1529.48049
2025-09-11T08:17:41Z	1254.00000	1559.43839	1542.58648	1529.48000
2025-09-11T08:17:41Z	1254.00000	1559.43807	1542.58577	1529.47959
2025-09-11T08:17:41Z	1254.00000	1559.43771	1542.58525	1529.47927
2025-09-11T08:17:41Z	1254.00000	1559.43744	1542.58464	1529.47908
2025-09-11T08:17:41Z	1254.00000	1559.43702	1542.58389	1529.47842
2025-09-11T08:17:41Z	1254.00000	1559.43659	1542.58347	1529.47803
2025-09-11T08:17:41Z	1254.00000	1559.43638	1542.58272	1529.47776
2025-09-11T08:17:41Z	1254.00000	1559.43595	1542.58212	1529.47731
2025-09-11T08:17:41Z	1254.00000	1559.43567	1542.58159	1529.47704
2025-09-11T08:17:41Z	1255.00000	1559.43538	1542.58097	1529.47660
2025-09-11T08:17:42Z	1255.00000	1559.43504	1542.58035	1529.47620
2025-09-11T08:17:42Z	1255.00000	1559.43464	1542.57972	1529.47590
2025-09-11T08:17:42Z	1255.00000	1559.43432	1542.57919	1529.47552
2025-09-11T08:17:42Z	1255.00000	1559.43399	1542.57844	1529.47513
2025-09-11T08:17:42Z	1255.00000	1559.43370	1542.57789	1529.47466
2025-09-11T08:17:42Z	1255.00000	1559.43346	1542.57748	1529.47441
2025-09-11T08:17:42Z	1255.00000	1559.43326	1542.57689	1529.47420
2025-09-11T08:17:42Z	1255.00000	1559.43303	1542.57650	1529.47373
2025-09-11T08:17:42Z	1255.00000	1559.43268	1542.57578	1529.47333
2025-09-11T08:17:42Z	1256.00000	1559.43235	1542.57525	1529.47306
2025-09-11T08:17:43Z	1256.00000	1559.43207	1542.57493	1529.47283
2025-09-11T08:17:43Z	1256.00000	1559.43187	1542.57433	1529.47242
2025-09-11T08:17:43Z	1256.00000	1559.43151	1542.57391	1529.47210
2025-09-11T08:17:43Z	1256.00000	1559.43125	1542.57336	1529.47182
2025-09-11T08:17:43Z	1256.00000	1559.43100	1542.57292	1529.47143
2025-09-11T08:17:43Z	1256.00000	1559.43078	1542.57232	1529.47126
2025-09-11T08:17:43Z	1256.00000	1559.43054	1542.57205	1529.47106
2025-09-11T08:17:43Z	1256.00000	1559.43034	1542.57139	1529.47061
2025-09-11T08:17:43Z	1256.00000	1559.42998	1542.57097	1529.47040
2025-09-11T08:17:43Z	1257.00000	1559.42978	1542.57048	1529.47003
2025-09-11T08:17:44Z	1257.00000	1559.42947	1542.57003	1529.46965
2025-09-11T08:17:44Z	1257.00000	1559.42926	1542.56966	1529.46950
2025-09-11T08:17:44Z	1257.00000	1559.42911	1542.56908	1529.46912
2025-09-11T08:17:44Z	1257.00000	1559.42877	1542.56866	1529.46884
2025-09-11T08:17:44Z	1257.00000	1559.42829	1542.56802	1529.46871
2025-09-11T08:17:44Z	1257.00000	1559.42814	1542.56755	1529.46823
2025-09-11T08:17:44Z	1257.00000	1559.42796	1542.56725	1529.46813
2025-09-11T08:17:44Z	1257.00000	1559.42757	1542.56685	1529.46784
2025-09-11T08:17:44Z	1257.00000	1559.42739	1542.56638	1529.46757
2025-09-11T08:17:44Z	1258.00000	1559.42724	1542.56591	1529.46729
2025-09-11T08:17:45Z	1258.00000	1559.42703	1542.56562	1529.46710
2025-09-11T08:17:45Z	1258.00000	1559.42682	1542.56513	1529.46670
2025-09-11T08:17:45Z	1258.00000	1559.42643	1542.56478	1529.46649
2025-09-11T08:17:45Z	1258.00000	1559.42624	1542.56428	1529.46629
2025-09-11T08:17:45Z	1258.00000	1559.42604	1542.56383	1529.46602
2025-09-11T08:17:45Z	1258.00000	1559.42579	1542.56323	1529.46562
2025-09-11T08:17:45Z	1258.00000	1559.42546	1542.56291	1529.46540
2025-09-11T08:17:45Z	1258.00000	1559.42536	1542.56258	1529.46517
2025-09-11T08:17:45Z	1258.00000	1559.42514	1542.56201	1529.46492
2025-09-11T08:17:45Z	1259.00000	1559.42493	1542.56176	1529.46481
2025-09-11T08:17:46Z	1259.00000	1559.42480	1542.56136	1529.46443
2025-09-11T08:17:46Z	1259.00000	1559.42446	1542.56087	1529.46431
2025-09-11T08:17:46Z	1259.00000	1559.42427	1542.56052	1529.46398
2025-09-11T08:17:46Z	1259.00000	1559.42419	1542.56039	1529.46370
2025-09-11T08:17:46Z	1259.00000	1559.42348	1542.55955	1529.46328
2025-09-11T08:17:46Z	1259.00000	1559.42347	1542.55916	1529.46313
2025-09-11T08:17:46Z	1259.00000	1559.42330	1542.55879	1529.46294
2025-09-11T08:17:46Z	1259.00000	1559.42288	1542.55798	1529.46261
2025-09-11T08:17:47Z	1260.00000	1559.42265	1542.55774	1529.46233
2025-09-11T08:17:47Z	1260.00000	1559.42246	1542.55737	1529.46216
2025-09-11T08:17:47Z	1260.00000	1559.42190	1542.55649	1529.46165
2025-09-11T08:17:47Z	1260.00000	1559.42176	1542.55611	1529.46125
2025-09-11T08:17:47Z	1260.00000	1559.42151	1542.55572	1529.46117
2025-09-11T08:17:47Z	1260.00000	1559.42137	1542.55539	1529.46082
2025-09-11T08:17:47Z	1260.00000	1559.42116	1542.55496	1529.46061
2025-09-11T08:17:47Z	1260.00000	1559.42099	1542.55468	1529.46050
2025-09-11T08:17:48Z	1261.00000	1559.42058	1542.55400	1529.46024
2025-09-11T08:17:48Z	1261.00000	1559.42024	1542.55371	1529.46021
2025-09-11T08:17:48Z	1261.00000	1559.41968	1542.55333	1529.46071
2025-09-11T08:17:48Z	1261.00000	1559.41935	1542.55294	1529.46099
2025-09-11T08:17:48Z	1261.00000	1559.41881	1542.55274	1529.46113
2025-09-11T08:17:48Z	1261.00000	1559.66565	1543.06210	1529.74831
2025-09-11T08:17:48Z	1261.00000	1559.85667	1543.46821	1529.97835
2025-09-11T08:17:48Z	1261.00000	1559.99885	1543.79658	1530.15484
2025-09-11T08:17:48Z	1261.00000	1560.20030	1544.25577	1530.40353
2025-09-11T08:17:48Z	1261.00000	1560.36290	1544.62884	1530.60620
2025-09-11T08:17:48Z	1262.00000	1560.52529	1544.99278	1530.80613
2025-09-11T08:17:49Z	1262.00000	1560.68333	1545.34811	1530.99729
2025-09-11T08:17:49Z	1262.00000	1560.84849	1545.70487	1531.19048
2025-09-11T08:17:49Z	1262.00000	1561.04253	1546.12083	1531.41910
2025-09-11T08:17:49Z	1262.00000	1561.20201	1546.45394	1531.60412
2025-09-11T08:17:49Z	1262.00000	1561.37389	1546.83927	1531.81496
2025-09-11T08:17:49Z	1262.00000	1561.56207	1547.27833	1532.06291
2025-09-11T08:17:49Z	1262.00000	1561.66725	1547.54614	1532.21637
2025-09-11T08:17:49Z	1262.00000	1561.74784	1547.75821	1532.33802
2025-09-11T08:17:49Z	1262.00000	1561.83544	1547.98922	1532.46960
2025-09-11T08:17:50Z	1263.00000	1561.94616	1548.27536	1532.63332
2025-09-11T08:17:50Z	1263.00000	1562.07668	1548.58434	1532.80251
2025-09-11T08:17:50Z	1263.00000	1562.17510	1548.81016	1532.92776
2025-09-11T08:17:50Z	1263.00000	1562.27487	1549.03842	1533.05868
2025-09-11T08:17:50Z	1263.00000	1562.39029	1549.28747	1533.19817
2025-09-11T08:17:50Z	1263.00000	1562.48150	1549.49410	1533.31676
2025-09-11T08:17:50Z	1263.00000	1562.58456	1549.71515	1533.44700
2025-09-11T08:17:50Z	1263.00000	1562.65847	1549.88340	1533.56053
2025-09-11T08:17:50Z	1263.00000	1562.73429	1550.05954	1533.65237
2025-09-11T08:17:50Z	1263.00000	1562.80044	1550.20660	1533.74015
2025-09-11T08:17:51Z	1264.00000	1562.88903	1550.38916	1533.84774
2025-09-11T08:17:51Z	1264.00000	1563.00047	1550.60470	1533.97139
2025-09-11T08:17:51Z	1264.00000	1563.23236	1551.02208	1534.21762
2025-09-11T08:17:51Z	1264.00000	1563.34444	1551.21381	1534.33117
2025-09-11T08:17:51Z	1264.00000	1563.37069	1551.25244	1534.36176
2025-09-11T08:17:51Z	1264.00000	1563.37275	1551.25548	1534.36371
2025-09-11T08:17:51Z	1264.00000	1563.37456	1551.25704	1534.36485
2025-09-11T08:17:51Z	1264.00000	1563.37591	1551.25768	1534.36592
2025-09-11T08:17:51Z	1264.00000	1563.37667	1551.25847	1534.36674
2025-09-11T08:17:52Z	1265.00000	1563.37774	1551.25896	1534.36747
2025-09-11T08:17:52Z	1265.00000	1561.88069	1547.83633	1532.34407
2025-09-11T08:17:52Z	1265.00000	1561.64075	1547.31329	1532.03921
2025-09-11T08:17:52Z	1265.00000	1561.46840	1546.96125	1531.83812
2025-09-11T08:17:52Z	1265.00000	1561.32663	1546.67977	1531.68540
2025-09-11T08:17:52Z	1265.00000	1561.15190	1546.32337	1531.48999
2025-09-11T08:17:52Z	1265.00000	1560.94099	1545.89438	1531.25393
2025-09-11T08:17:52Z	1265.00000	1560.75528	1545.49777	1531.04231
2025-09-11T08:17:52Z	1265.00000	1560.60620	1545.16230	1530.86494
2025-09-11T08:17:53Z	1266.00000	1560.43710	1544.78662	1530.66244
2025-09-11T08:17:53Z	1266.00000	1560.32711	1544.53053	1530.52504
2025-09-11T08:17:53Z	1266.00000	1560.19359	1544.22701	1530.36379
2025-09-11T08:17:53Z	1266.00000	1560.06658	1543.93823	1530.21003
2025-09-11T08:17:53Z	1266.00000	1559.91738	1543.60425	1530.03482
2025-09-11T08:17:53Z	1266.00000	1559.81453	1543.37307	1529.91230
2025-09-11T08:17:53Z	1266.00000	1559.68503	1543.10033	1529.76199
2025-09-11T08:17:53Z	1266.00000	1559.55627	1542.82958	1529.61425
2025-09-11T08:17:53Z	1266.00000	1559.54246	1542.79898	1529.59980
2025-09-11T08:17:53Z	1266.00000	1559.53433	1542.78141	1529.59106
2025-09-11T08:17:53Z	1267.00000	1559.52933	1542.77113	1529.58591
2025-09-11T08:17:54Z	1267.00000	1559.52506	1542.76233	1529.58118
2025-09-11T08:17:54Z	1267.00000	1559.51961	1542.75128	1529.57550
2025-09-11T08:17:54Z	1267.00000	1559.51536	1542.74287	1529.57130
2025-09-11T08:17:54Z	1267.00000	1559.51106	1542.73433	1529.56657
2025-09-11T08:17:54Z	1267.00000	1559.50788	1542.72788	1529.56306
2025-09-11T08:17:54Z	1267.00000	1559.50467	1542.72159	1529.55982
2025-09-11T08:17:54Z	1267.00000	1559.50182	1542.71592	1529.55684
2025-09-11T08:17:54Z	1267.00000	1559.49890	1542.70991	1529.55314
2025-09-11T08:17:54Z	1267.00000	1559.49621	1542.70435	1529.54963
2025-09-11T08:17:54Z	1268.00000	1559.49424	1542.69993	1529.54672
2025-09-11T08:17:55Z	1268.00000	1559.49238	1542.69560	1529.54393
2025-09-11T08:17:55Z	1268.00000	1559.48994	1542.69072	1529.54123
2025-09-11T08:17:55Z	1268.00000	1559.48765	1542.68620	1529.53827
2025-09-11T08:17:55Z	1268.00000	1559.48545	1542.68168	1529.53589
2025-09-11T08:17:55Z	1268.00000	1559.48406	1542.67897	1529.53430
2025-09-11T08:17:55Z	1268.00000	1559.48276	1542.67627	1529.53286
2025-09-11T08:17:55Z	1268.00000	1559.48133	1542.67357	1529.53141
2025-09-11T08:17:55Z	1268.00000	1559.47970	1542.67060	1529.52971
2025-09-11T08:17:55Z	1268.00000	1559.47798	1542.66722	1529.52785
2025-09-11T08:17:56Z	1269.00000	1559.47613	1542.66368	1529.52583
2025-09-11T08:17:56Z	1269.00000	1559.47512	1542.66146	1529.52456
2025-09-11T08:17:56Z	1269.00000	1559.47368	1542.65887	1529.52315
2025-09-11T08:17:56Z	1269.00000	1559.47229	1542.65608	1529.52163
2025-09-11T08:17:56Z	1269.00000	1559.47110	1542.65380	1529.52025
2025-09-11T08:17:56Z	1269.00000	1559.46945	1542.65076	1529.51859
2025-09-11T08:17:56Z	1269.00000	1559.46832	1542.64819	1529.51708
2025-09-11T08:17:56Z	1269.00000	1559.46736	1542.64647	1529.51619
2025-09-11T08:17:56Z	1269.00000	1559.46625	1542.64431	1529.51488
2025-09-11T08:17:56Z	1269.00000	1559.46522	1542.64232	1529.51371
2025-09-11T08:17:56Z	1270.00000	1559.46445	1542.64073	1529.51274
2025-09-11T08:17:57Z	1270.00000	1559.46352	1542.63893	1529.51176
2025-09-11T08:17:57Z	1270.00000	1559.46248	1542.63706	1529.51058
2025-09-11T08:17:57Z	1270.00000	1559.46158	1542.63504	1529.50952
2025-09-11T08:17:57Z	1270.00000	1559.46079	1542.63380	1529.50873
2025-09-11T08:17:57Z	1270.00000	1559.45982	1542.63196	1529.50764
2025-09-11T08:17:57Z	1270.00000	1559.45887	1542.63015	1529.50660
2025-09-11T08:17:57Z	1270.00000	1559.45798	1542.62863	1529.50566
2025-09-11T08:17:57Z	1270.00000	1559.45709	1542.62690	1529.50459
2025-09-11T08:17:57Z	1270.00000	1559.45629	1542.62512	1529.50356
2025-09-11T08:17:58Z	1271.00000	1559.45550	1542.62378	1529.50284
2025-09-11T08:17:58Z	1271.00000	1559.45473	1542.62234	1529.50201
2025-09-11T08:17:58Z	1271.00000	1559.45387	1542.62078	1529.50116
2025-09-11T08:17:58Z	1271.00000	1559.45312	1542.61952	1529.50046
2025-09-11T08:17:58Z	1271.00000	1559.54146	1542.79742	1529.59734
2025-09-11T08:17:58Z	1271.00000	1559.71128	1543.14578	1529.79353
2025-09-11T08:17:58Z	1271.00000	1559.90499	1543.56134	1530.02389
2025-09-11T08:17:58Z	1271.00000	1560.11036	1544.02713	1530.27111
2025-09-11T08:17:58Z	1271.00000	1560.30771	1544.48163	1530.51294
2025-09-11T08:17:58Z	1271.00000	1560.44515	1544.79883	1530.68243
2025-09-11T08:17:58Z	1272.00000	1560.63559	1545.22280	1530.90930
2025-09-11T08:17:59Z	1272.00000	1560.79669	1545.57735	1531.09745
2025-09-11T08:17:59Z	1272.00000	1560.96514	1545.93925	1531.29251
2025-09-11T08:17:59Z	1272.00000	1561.12826	1546.28339	1531.48133
2025-09-11T08:17:59Z	1272.00000	1561.28792	1546.63075	1531.67026
2025-09-11T08:17:59Z	1272.00000	1561.46062	1547.01393	1531.87912
2025-09-11T08:17:59Z	1272.00000	1561.59935	1547.34464	1532.06331
2025-09-11T08:17:59Z	1272.00000	1561.71256	1547.63182	1532.22551
2025-09-11T08:17:59Z	1272.00000	1561.82315	1547.92010	1532.38832
2025-09-11T08:17:59Z	1272.00000	1561.91348	1548.16005	1532.52740
2025-09-11T08:17:59Z	1273.00000	1562.03302	1548.47025	1532.71419
2025-09-11T08:18:00Z	1273.00000	1562.14685	1548.74075	1532.86249
2025-09-11T08:18:00Z	1273.00000	1562.26027	1549.00074	1533.00789
2025-09-11T08:18:00Z	1273.00000	1562.38241	1549.26816	1533.16570
2025-09-11T08:18:00Z	1273.00000	1562.47026	1549.47756	1533.30200
2025-09-11T08:18:00Z	1273.00000	1562.56900	1549.69421	1533.43149
2025-09-11T08:18:00Z	1273.00000	1562.65974	1549.89904	1533.56603
2025-09-11T08:18:00Z	1273.00000	1562.74449	1550.08299	1533.68061
2025-09-11T08:18:00Z	1273.00000	1562.81708	1550.24159	1533.77406
2025-09-11T08:18:00Z	1273.00000	1562.88929	1550.39890	1533.86216
2025-09-11T08:18:00Z	1274.00000	1562.96486	1550.55758	1533.94843
2025-09-11T08:18:01Z	1274.00000	1563.06789	1550.75566	1534.06152
2025-09-11T08:18:01Z	1274.00000	1563.12457	1550.86656	1534.12248
2025-09-11T08:18:01Z	1274.00000	1563.21712	1551.04230	1534.22868
2025-09-11T08:18:01Z	1274.00000	1563.26118	1551.13014	1534.28240
2025-09-11T08:18:01Z	1274.00000	1563.33145	1551.26321	1534.36069
2025-09-11T08:18:01Z	1274.00000	1563.34632	1551.26779	1534.37660
2025-09-11T08:18:01Z	1274.00000	1563.34707	1551.26860	1534.37798
2025-09-11T08:18:01Z	1274.00000	1563.34853	1551.27035	1534.37750
2025-09-11T08:18:01Z	1274.00000	1563.34947	1551.27235	1534.37594
2025-09-11T08:18:02Z	1275.00000	1563.34946	1551.27133	1534.37840
2025-09-11T08:18:02Z	1275.00000	1563.35008	1551.27207	1534.37802
2025-09-11T08:18:02Z	1275.00000	1562.41791	1549.07610	1533.04882
2025-09-11T08:18:02Z	1275.00000	1561.72234	1547.48511	1532.10704
2025-09-11T08:18:02Z	1275.00000	1561.49404	1546.99312	1531.82113
2025-09-11T08:18:02Z	1275.00000	1561.27926	1546.55682	1531.58508
2025-09-11T08:18:02Z	1275.00000	1561.14165	1546.27595	1531.43315
2025-09-11T08:18:02Z	1275.00000	1560.81875	1545.60347	1531.06808
2025-09-11T08:18:02Z	1275.00000	1560.66426	1545.26820	1530.89293
2025-09-11T08:18:02Z	1276.00000	1560.46469	1544.82394	1530.65936
2025-09-11T08:18:03Z	1276.00000	1560.20903	1544.23981	1530.35391
2025-09-11T08:18:03Z	1276.00000	1560.08245	1543.95557	1530.20592
2025-09-11T08:18:03Z	1276.00000	1559.94778	1543.65839	1530.05468
2025-09-11T08:18:03Z	1276.00000	1559.82206	1543.37991	1529.90703
2025-09-11T08:18:03Z	1276.00000	1559.66874	1543.05955	1529.73430
2025-09-11T08:18:03Z	1276.00000	1559.57095	1542.85371	1529.62444
2025-09-11T08:18:03Z	1276.00000	1559.56083	1542.83062	1529.61411
2025-09-11T08:18:03Z	1276.00000	1559.55215	1542.81109	1529.60441
2025-09-11T08:18:03Z	1277.00000	1559.54570	1542.79769	1529.59774
2025-09-11T08:18:04Z	1277.00000	1559.54015	1542.78621	1529.59197
2025-09-11T08:18:04Z	1277.00000	1559.53469	1542.77507	1529.58620
2025-09-11T08:18:04Z	1277.00000	1559.52990	1542.76534	1529.58103
2025-09-11T08:18:04Z	1277.00000	1559.52547	1542.75679	1529.57651
2025-09-11T08:18:04Z	1277.00000	1559.51897	1542.74402	1529.56955
2025-09-11T08:18:04Z	1277.00000	1559.51546	1542.73736	1529.56591
2025-09-11T08:18:04Z	1277.00000	1559.51267	1542.73211	1529.56312
2025-09-11T08:18:04Z	1277.00000	1559.50962	1542.72657	1529.56009
2025-09-11T08:18:04Z	1278.00000	1559.50719	1542.72158	1529.55720
2025-09-11T08:18:05Z	1278.00000	1559.50278	1542.71348	1529.55300
2025-09-11T08:18:05Z	1278.00000	1559.50079	1542.70971	1529.55097
2025-09-11T08:18:05Z	1278.00000	1559.49872	1542.70523	1529.54848
2025-09-11T08:18:05Z	1278.00000	1559.49600	1542.70065	1529.54598
2025-09-11T08:18:05Z	1278.00000	1559.49394	1542.69682	1529.54387
2025-09-11T08:18:05Z	1278.00000	1559.49242	1542.69354	1529.54204
2025-09-11T08:18:05Z	1278.00000	1559.49051	1542.69016	1529.54006
2025-09-11T08:18:05Z	1278.00000	1559.48909	1542.68728	1529.53851
2025-09-11T08:18:06Z	1279.00000	1559.48676	1542.68266	1529.53610
2025-09-11T08:18:06Z	1279.00000	1559.48380	1542.67709	1529.53291
2025-09-11T08:18:06Z	1279.00000	1559.48243	1542.67468	1529.53161
2025-09-11T08:18:06Z	1279.00000	1559.48051	1542.67117	1529.52954
2025-09-11T08:18:06Z	1279.00000	1559.47937	1542.66894	1529.52838
2025-09-11T08:18:06Z	1279.00000	1559.47849	1542.66717	1529.52732
2025-09-11T08:18:06Z	1279.00000	1559.47742	1542.66512	1529.52630
2025-09-11T08:18:06Z	1279.00000	1559.47603	1542.66275	1529.52477
2025-09-11T08:18:06Z	1280.00000	1559.47504	1542.66074	1529.52374
2025-09-11T08:18:07Z	1280.00000	1559.47407	1542.65880	1529.52263
2025-09-11T08:18:07Z	1280.00000	1559.47277	1542.65649	1529.52137
2025-09-11T08:18:07Z	1280.00000	1559.47178	1542.65426	1529.52012
2025-09-11T08:18:07Z	1280.00000	1559.47096	1542.65286	1529.51942
2025-09-11T08:18:07Z	1280.00000	1559.46974	1542.65070	1529.51804
2025-09-11T08:18:07Z	1280.00000	1559.46872	1542.64890	1529.51699
2025-09-11T08:18:07Z	1280.00000	1559.46737	1542.64623	1529.51550
2025-09-11T08:18:07Z	1280.00000	1559.46655	1542.64455	1529.51448
2025-09-11T08:18:07Z	1281.00000	1559.46572	1542.64308	1529.51378
2025-09-11T08:18:08Z	1281.00000	1559.46493	1542.64156	1529.51277
2025-09-11T08:18:08Z	1281.00000	1559.46423	1542.64023	1529.51192
2025-09-11T08:18:08Z	1281.00000	1559.46348	1542.63869	1529.51117
2025-09-11T08:18:08Z	1281.00000	1559.55529	1542.82329	1529.61040
2025-09-11T08:18:08Z	1281.00000	1559.79586	1543.31493	1529.88542
2025-09-11T08:18:08Z	1281.00000	1560.01405	1543.79480	1530.13955
2025-09-11T08:18:08Z	1281.00000	1560.15884	1544.12472	1530.31017
2025-09-11T08:18:08Z	1281.00000	1560.49575	1544.88990	1530.71228
2025-09-11T08:18:08Z	1282.00000	1560.65849	1545.25438	1530.90287
2025-09-11T08:18:09Z	1282.00000	1560.85548	1545.68275	1531.12714
2025-09-11T08:18:09Z	1282.00000	1561.05194	1546.10363	1531.35094
2025-09-11T08:18:09Z	1282.00000	1561.27559	1546.57363	1531.60204
2025-09-11T08:18:09Z	1282.00000	1561.43490	1546.91824	1531.78620
2025-09-11T08:18:09Z	1282.00000	1561.58017	1547.25166	1531.96629
2025-09-11T08:18:09Z	1282.00000	1561.68991	1547.51560	1532.11259
2025-09-11T08:18:09Z	1282.00000	1561.89082	1548.03030	1532.40517
2025-09-11T08:18:09Z	1282.00000	1562.04412	1548.43328	1532.65092
2025-09-11T08:18:10Z	1283.00000	1562.16172	1548.73928	1532.83207
2025-09-11T08:18:10Z	1283.00000	1562.26785	1549.00695	1532.99200
2025-09-11T08:18:10Z	1283.00000	1562.37095	1549.24061	1533.13163
2025-09-11T08:18:10Z	1283.00000	1562.47375	1549.47555	1533.27635
2025-09-11T08:18:10Z	1283.00000	1562.54467	1549.63535	1533.36693
2025-09-11T08:18:10Z	1283.00000	1562.66014	1549.89113	1533.51541
2025-09-11T08:18:10Z	1283.00000	1562.74513	1550.06841	1533.61795
2025-09-11T08:18:10Z	1283.00000	1562.90687	1550.41830	1533.81235
2025-09-11T08:18:10Z	1283.00000	1562.99176	1550.59488	1533.90840
2025-09-11T08:18:10Z	1284.00000	1563.06989	1550.75307	1534.00042
2025-09-11T08:18:11Z	1284.00000	1563.11313	1550.85006	1534.05931
2025-09-11T08:18:11Z	1284.00000	1563.16441	1550.95244	1534.12092
2025-09-11T08:18:11Z	1284.00000	1563.21806	1551.05224	1534.18502
2025-09-11T08:18:11Z	1284.00000	1563.23978	1551.10423	1534.21130
2025-09-11T08:18:11Z	1284.00000	1563.26778	1551.15957	1534.24675
2025-09-11T08:18:11Z	1284.00000	1563.29444	1551.21702	1534.27990
2025-09-11T08:18:11Z	1284.00000	1563.30647	1551.23746	1534.29140
2025-09-11T08:18:11Z	1284.00000	1563.33505	1551.29180	1534.32955
2025-09-11T08:18:11Z	1285.00000	1563.34214	1551.30503	1534.33386
2025-09-11T08:18:12Z	1285.00000	1563.34951	1551.32151	1534.33965
2025-09-11T08:18:12Z	1285.00000	1563.35858	1551.32507	1534.34998
2025-09-11T08:18:12Z	1285.00000	1562.72765	1549.70719	1533.41017
2025-09-11T08:18:12Z	1285.00000	1561.68738	1547.40781	1532.05503
2025-09-11T08:18:12Z	1285.00000	1561.31557	1546.63531	1531.61823
2025-09-11T08:18:12Z	1285.00000	1561.16196	1546.31656	1531.45034
2025-09-11T08:18:12Z	1285.00000	1560.99692	1545.97619	1531.26133
2025-09-11T08:18:12Z	1285.00000	1560.81497	1545.59262	1531.05972
2025-09-11T08:18:12Z	1286.00000	1560.65681	1545.24797	1530.88013
2025-09-11T08:18:13Z	1286.00000	1560.36967	1544.60045	1530.54070
2025-09-11T08:18:13Z	1286.00000	1560.20901	1544.23596	1530.35138
2025-09-11T08:18:13Z	1286.00000	1560.07966	1543.94623	1530.20116
2025-09-11T08:18:13Z	1286.00000	1559.92328	1543.60230	1530.02361
2025-09-11T08:18:13Z	1286.00000	1559.79361	1543.31781	1529.87400
2025-09-11T08:18:13Z	1286.00000	1559.66238	1543.04451	1529.72629
2025-09-11T08:18:13Z	1286.00000	1559.57930	1542.87004	1529.63314
2025-09-11T08:18:13Z	1286.00000	1559.56942	1542.84710	1529.62274
2025-09-11T08:18:13Z	1287.00000	1559.56064	1542.82764	1529.61318
2025-09-11T08:18:14Z	1287.00000	1559.55352	1542.81203	1529.60538
2025-09-11T08:18:14Z	1287.00000	1559.54819	1542.80074	1529.59968
2025-09-11T08:18:14Z	1287.00000	1559.54342	1542.79112	1529.59475
2025-09-11T08:18:14Z	1287.00000	1559.53848	1542.78132	1529.58955
2025-09-11T08:18:14Z	1287.00000	1559.53457	1542.77372	1529.58541
2025-09-11T08:18:14Z	1287.00000	1559.53107	1542.76688	1529.58194
2025-09-11T08:18:14Z	1287.00000	1559.52726	1542.75940	1529.57788
2025-09-11T08:18:14Z	1287.00000	1559.52390	1542.75269	1529.57416
2025-09-11T08:18:14Z	1288.00000	1559.51885	1542.74327	1529.56915
2025-09-11T08:18:15Z	1288.00000	1559.51637	1542.73856	1529.56642
2025-09-11T08:18:15Z	1288.00000	1559.51404	1542.73423	1529.56401
2025-09-11T08:18:15Z	1288.00000	1559.51182	1542.73002	1529.56161
2025-09-11T08:18:15Z	1288.00000	1559.50937	1542.72525	1529.55912
2025-09-11T08:18:15Z	1288.00000	1559.50728	1542.72153	1529.55707
2025-09-11T08:18:15Z	1288.00000	1559.50537	1542.71789	1529.55499
2025-09-11T08:18:15Z	1288.00000	1559.50292	1542.71346	1529.55254
2025-09-11T08:18:15Z	1288.00000	1559.50130	1542.71013	1529.55080
2025-09-11T08:18:15Z	1288.00000	1559.49915	1542.70604	1529.54847
2025-09-11T08:18:16Z	1289.00000	1559.49722	1542.70250	1529.54656
2025-09-11T08:18:16Z	1289.00000	1559.49476	1542.69793	1529.54389
2025-09-11T08:18:16Z	1289.00000	1559.49169	1542.69220	1529.54074
2025-09-11T08:18:16Z	1289.00000	1559.49014	1542.68928	1529.53905
2025-09-11T08:18:16Z	1289.00000	1559.48862	1542.68640	1529.53749
2025-09-11T08:18:16Z	1289.00000	1559.48661	1542.68243	1529.53520
2025-09-11T08:18:16Z	1289.00000	1559.48539	1542.68021	1529.53400
2025-09-11T08:18:17Z	1290.00000	1559.48377	1542.67733	1529.53249
2025-09-11T08:18:17Z	1290.00000	1559.48305	1542.67566	1529.53137
2025-09-11T08:18:17Z	1290.00000	1559.48185	1542.67369	1529.53034
2025-09-11T08:18:17Z	1290.00000	1559.48082	1542.67154	1529.52920
2025-09-11T08:18:17Z	1290.00000	1559.47962	1542.66950	1529.52808
2025-09-11T08:18:17Z	1290.00000	1559.47827	1542.66703	1529.52657
2025-09-11T08:18:17Z	1290.00000	1559.47706	1542.66469	1529.52536
2025-09-11T08:18:17Z	1290.00000	1559.47629	1542.66332	1529.52468
2025-09-11T08:18:17Z	1290.00000	1559.47476	1542.66021	1529.52287
2025-09-11T08:18:17Z	1291.00000	1559.47369	1542.65856	1529.52201
2025-09-11T08:18:18Z	1291.00000	1559.47295	1542.65712	1529.52117
2025-09-11T08:18:18Z	1291.00000	1559.47223	1542.65564	1529.52025
2025-09-11T08:18:18Z	1291.00000	1559.47135	1542.65415	1529.51944
2025-09-11T08:18:18Z	1291.00000	1559.47036	1542.65233	1529.51846
2025-09-11T08:18:18Z	1291.00000	1559.52318	1542.75738	1529.57453
2025-09-11T08:18:18Z	1291.00000	1559.76809	1543.25756	1529.85218
2025-09-11T08:18:18Z	1291.00000	1559.98656	1543.72869	1530.10682
2025-09-11T08:18:18Z	1291.00000	1560.19108	1544.19468	1530.34694
2025-09-11T08:18:18Z	1291.00000	1560.33163	1544.51439	1530.51480
2025-09-11T08:18:18Z	1292.00000	1560.52681	1544.95648	1530.74809
2025-09-11T08:18:19Z	1292.00000	1560.68946	1545.32442	1530.93916
2025-09-11T08:18:19Z	1292.00000	1560.90887	1545.80006	1531.18789
2025-09-11T08:18:19Z	1292.00000	1561.04572	1546.09246	1531.34353
2025-09-11T08:18:19Z	1292.00000	1561.21401	1546.44115	1531.52947
2025-09-11T08:18:19Z	1292.00000	1561.39940	1546.84591	1531.74603
2025-09-11T08:18:19Z	1292.00000	1561.52452	1547.12248	1531.89426
2025-09-11T08:18:19Z	1292.00000	1561.68605	1547.50889	1532.10663
2025-09-11T08:18:19Z	1292.00000	1561.81077	1547.81721	1532.28300
2025-09-11T08:18:19Z	1292.00000	1561.88560	1548.02283	1532.39530
2025-09-11T08:18:19Z	1293.00000	1562.00143	1548.32994	1532.58071
2025-09-11T08:18:20Z	1293.00000	1562.11590	1548.62355	1532.75344
2025-09-11T08:18:20Z	1293.00000	1562.21261	1548.86844	1532.89626
2025-09-11T08:18:20Z	1293.00000	1562.31714	1549.11579	1533.04126
2025-09-11T08:18:20Z	1293.00000	1562.41353	1549.34090	1533.17751
2025-09-11T08:18:20Z	1293.00000	1562.52264	1549.59178	1533.32948
2025-09-11T08:18:20Z	1293.00000	1562.60753	1549.78226	1533.43993
2025-09-11T08:18:20Z	1293.00000	1562.69678	1549.97965	1533.56044
2025-09-11T08:18:20Z	1293.00000	1562.79402	1550.18264	1533.67268
2025-09-11T08:18:20Z	1293.00000	1562.88787	1550.38899	1533.78933
2025-09-11T08:18:20Z	1294.00000	1562.96512	1550.55396	1533.87812
2025-09-11T08:18:21Z	1294.00000	1563.03568	1550.69739	1533.95912
2025-09-11T08:18:21Z	1294.00000	1563.10244	1550.83857	1534.04143
2025-09-11T08:18:21Z	1294.00000	1563.15457	1550.94404	1534.10640
2025-09-11T08:18:21Z	1294.00000	1563.20218	1551.03960	1534.16489
2025-09-11T08:18:21Z	1294.00000	1563.21910	1551.07788	1534.18349
2025-09-11T08:18:21Z	1294.00000	1563.24430	1551.12663	1534.21474
2025-09-11T08:18:21Z	1294.00000	1563.25778	1551.15841	1534.22979
2025-09-11T08:18:21Z	1294.00000	1563.27831	1551.19848	1534.25556
2025-09-11T08:18:21Z	1294.00000	1563.28975	1551.22061	1534.26805
2025-09-11T08:18:21Z	1295.00000	1563.30000	1551.24081	1534.27941
2025-09-11T08:18:22Z	1295.00000	1563.31074	1551.26000	1534.29138
2025-09-11T08:18:22Z	1295.00000	1563.31959	1551.27868	1534.30092
2025-09-11T08:18:22Z	1295.00000	1562.46728	1549.16271	1533.06747
2025-09-11T08:18:22Z	1295.00000	1561.66957	1547.36334	1532.03251
2025-09-11T08:18:22Z	1295.00000	1561.46808	1546.93846	1531.78781
2025-09-11T08:18:22Z	1295.00000	1561.30094	1546.60951	1531.60858
2025-09-11T08:18:22Z	1295.00000	1561.10525	1546.20925	1531.39610
2025-09-11T08:18:22Z	1295.00000	1560.94886	1545.88615	1531.21625
2025-09-11T08:18:22Z	1295.00000	1560.78801	1545.54193	1531.03906
2025-09-11T08:18:22Z	1296.00000	1560.61232	1545.14624	1530.83446
2025-09-11T08:18:23Z	1296.00000	1560.46805	1544.83029	1530.66514
2025-09-11T08:18:23Z	1296.00000	1560.32857	1544.50900	1530.49703
2025-09-11T08:18:23Z	1296.00000	1560.18945	1544.19651	1530.33237
2025-09-11T08:18:23Z	1296.00000	1560.05562	1543.89692	1530.17727
2025-09-11T08:18:23Z	1296.00000	1559.92022	1543.59829	1530.02238
2025-09-11T08:18:23Z	1296.00000	1559.78963	1543.31114	1529.87073
2025-09-11T08:18:23Z	1296.00000	1559.63407	1542.98585	1529.69485
2025-09-11T08:18:23Z	1296.00000	1559.57776	1542.86701	1529.63192
2025-09-11T08:18:23Z	1296.00000	1559.56907	1542.84696	1529.62240
2025-09-11T08:18:23Z	1297.00000	1559.56097	1542.82914	1529.61371
2025-09-11T08:18:24Z	1297.00000	1559.55503	1542.81638	1529.60738
2025-09-11T08:18:24Z	1297.00000	1559.54990	1542.80552	1529.60175
2025-09-11T08:18:24Z	1297.00000	1559.54534	1542.79608	1529.59711
2025-09-11T08:18:24Z	1297.00000	1559.54123	1542.78759	1529.59251
2025-09-11T08:18:24Z	1297.00000	1559.53741	1542.78013	1529.58866
2025-09-11T08:18:24Z	1297.00000	1559.53387	1542.77338	1529.58488
2025-09-11T08:18:24Z	1297.00000	1559.53074	1542.76712	1529.58159
2025-09-11T08:18:24Z	1297.00000	1559.52683	1542.75948	1529.57746
2025-09-11T08:18:24Z	1297.00000	1559.52357	1542.75336	1529.57417
2025-09-11T08:18:24Z	1298.00000	1559.52099	1542.74849	1529.57126
2025-09-11T08:18:25Z	1298.00000	1559.51853	1542.74391	1529.56899
2025-09-11T08:18:25Z	1298.00000	1559.51634	1542.73951	1529.56657
2025-09-11T08:18:25Z	1298.00000	1559.51421	1542.73536	1529.56411
2025-09-11T08:18:25Z	1298.00000	1559.51195	1542.73146	1529.56212
2025-09-11T08:18:25Z	1298.00000	1559.51008	1542.72784	1529.55991
2025-09-11T08:18:25Z	1298.00000	1559.50784	1542.72358	1529.55759
2025-09-11T08:18:25Z	1298.00000	1559.50580	1542.71966	1529.55542
2025-09-11T08:18:25Z	1298.00000	1559.50411	1542.71647	1529.55371
2025-09-11T08:18:25Z	1298.00000	1559.50242	1542.71338	1529.55194
2025-09-11T08:18:25Z	1299.00000	1559.50078	1542.71041	1529.55034
2025-09-11T08:18:26Z	1299.00000	1559.49928	1542.70757	1529.54876
2025-09-11T08:18:26Z	1299.00000	1559.49771	1542.70454	1529.54701
2025-09-11T08:18:26Z	1299.00000	1559.49595	1542.70139	1529.54532
2025-09-11T08:18:26Z	1299.00000	1559.49458	1542.69893	1529.54395
2025-09-11T08:18:26Z	1299.00000	1559.49334	1542.69642	1529.54251
2025-09-11T08:18:26Z	1299.00000	1559.49223	1542.69406	1529.54122
2025-09-11T08:18:26Z	1299.00000	1559.49050	1542.69104	1529.53944
2025-09-11T08:18:26Z	1299.00000	1559.48927	1542.68894	1529.53827
2025-09-11T08:18:26Z	1299.00000	1559.48829	1542.68677	1529.53708
2025-09-11T08:18:26Z	1300.00000	1559.48709	1542.68463	1529.53582
2025-09-11T08:18:27Z	1300.00000	1559.48598	1542.68264	1529.53486
2025-09-11T08:18:27Z	1300.00000	1559.48499	1542.68067	1529.53373
2025-09-11T08:18:27Z	1300.00000	1559.48397	1542.67881	1529.53265
2025-09-11T08:18:27Z	1300.00000	1559.48284	1542.67666	1529.53152
2025-09-11T08:18:27Z	1300.00000	1559.48187	1542.67487	1529.53044
2025-09-11T08:18:27Z	1300.00000	1559.48088	1542.67306	1529.52939
2025-09-11T08:18:27Z	1300.00000	1559.47987	1542.67106	1529.52825
2025-09-11T08:18:27Z	1300.00000	1559.47876	1542.66907	1529.52721
2025-09-11T08:18:27Z	1300.00000	1559.47786	1542.66745	1529.52625
2025-09-11T08:18:27Z	1301.00000	1559.47715	1542.66592	1529.52526
2025-09-11T08:18:28Z	1301.00000	1559.47590	1542.66377	1529.52415
2025-09-11T08:18:28Z	1301.00000	1559.47509	1542.66197	1529.52318
2025-09-11T08:18:28Z	1301.00000	1559.47435	1542.66083	1529.52248
2025-09-11T08:18:28Z	1301.00000	1559.47381	1542.65967	1529.52171
2025-09-11T08:18:28Z	1301.00000	1559.57557	1542.86431	1529.63236
2025-09-11T08:18:28Z	1301.00000	1559.88187	1543.49725	1529.98353
2025-09-11T08:18:28Z	1301.00000	1560.03303	1543.83639	1530.16116
2025-09-11T08:18:28Z	1301.00000	1560.20505	1544.22879	1530.36674
2025-09-11T08:18:28Z	1301.00000	1560.42822	1544.74298	1530.63665
2025-09-11T08:18:28Z	1302.00000	1560.56610	1545.04917	1530.80045
2025-09-11T08:18:29Z	1302.00000	1560.72645	1545.41204	1530.98884
2025-09-11T08:18:29Z	1302.00000	1560.89826	1545.78372	1531.18329
2025-09-11T08:18:29Z	1302.00000	1561.09392	1546.20076	1531.40722
2025-09-11T08:18:29Z	1302.00000	1561.28725	1546.61409	1531.62712
2025-09-11T08:18:29Z	1302.00000	1561.44183	1546.95026	1531.80746
2025-09-11T08:18:29Z	1302.00000	1561.61074	1547.34233	1532.02088
2025-09-11T08:18:29Z	1302.00000	1561.71192	1547.58799	1532.15898
2025-09-11T08:18:29Z	1302.00000	1561.81354	1547.84578	1532.30425
2025-09-11T08:18:29Z	1302.00000	1561.90314	1548.08632	1532.43661
2025-09-11T08:18:29Z	1303.00000	1562.01062	1548.36701	1532.60271
2025-09-11T08:18:30Z	1303.00000	1562.12940	1548.67036	1532.77793
2025-09-11T08:18:30Z	1303.00000	1562.22653	1548.91084	1532.91258
2025-09-11T08:18:30Z	1303.00000	1562.33247	1549.15350	1533.04862
2025-09-11T08:18:30Z	1303.00000	1562.43552	1549.38749	1533.19215
2025-09-11T08:18:30Z	1303.00000	1562.51780	1549.58536	1533.31301
2025-09-11T08:18:30Z	1303.00000	1562.62874	1549.82211	1533.44424
2025-09-11T08:18:30Z	1303.00000	1562.77603	1550.13232	1533.61677
2025-09-11T08:18:30Z	1303.00000	1562.85138	1550.30172	1533.71099
2025-09-11T08:18:30Z	1303.00000	1562.93137	1550.47735	1533.81090
2025-09-11T08:18:30Z	1304.00000	1562.99215	1550.60435	1533.87897
2025-09-11T08:18:31Z	1304.00000	1563.05317	1550.73181	1533.95119
2025-09-11T08:18:31Z	1304.00000	1563.09974	1550.83709	1534.01150
2025-09-11T08:18:31Z	1304.00000	1563.14523	1550.93322	1534.06725
2025-09-11T08:18:31Z	1304.00000	1563.16225	1550.96696	1534.08486
2025-09-11T08:18:31Z	1304.00000	1563.18964	1551.02301	1534.11933
2025-09-11T08:18:31Z	1304.00000	1563.20795	1551.05761	1534.13861
2025-09-11T08:18:31Z	1304.00000	1563.22682	1551.09612	1534.15971
2025-09-11T08:18:31Z	1304.00000	1563.24328	1551.12723	1534.17814
2025-09-11T08:18:31Z	1304.00000	1563.25088	1551.14388	1534.18564
2025-09-11T08:18:31Z	1305.00000	1563.26155	1551.17655	1534.19784
2025-09-11T08:18:32Z	1305.00000	1563.27259	1551.19807	1534.21061
2025-09-11T08:18:32Z	1305.00000	1563.28137	1551.21479	1534.21951
2025-09-11T08:18:32Z	1305.00000	1562.16126	1548.45844	1532.63694
2025-09-11T08:18:32Z	1305.00000	1561.63225	1547.28424	1531.98190
2025-09-11T08:18:32Z	1305.00000	1561.44092	1546.89088	1531.75422
2025-09-11T08:18:32Z	1305.00000	1561.23700	1546.48050	1531.53765
2025-09-11T08:18:32Z	1305.00000	1561.04231	1546.08866	1531.32241
2025-09-11T08:18:32Z	1305.00000	1560.85971	1545.70098	1531.11821
2025-09-11T08:18:32Z	1305.00000	1560.68450	1545.31665	1530.91642
2025-09-11T08:18:32Z	1306.00000	1560.56429	1545.04233	1530.77548
2025-09-11T08:18:33Z	1306.00000	1560.39010	1544.65520	1530.56973
2025-09-11T08:18:33Z	1306.00000	1560.23634	1544.30452	1530.38712
2025-09-11T08:18:33Z	1306.00000	1560.10507	1544.00861	1530.23431
2025-09-11T08:18:33Z	1306.00000	1559.99262	1543.76217	1530.10760
2025-09-11T08:18:33Z	1306.00000	1559.81636	1543.37041	1529.90126
2025-09-11T08:18:33Z	1306.00000	1559.68031	1543.08549	1529.74644
2025-09-11T08:18:33Z	1306.00000	1559.58824	1542.89360	1529.64287
2025-09-11T08:18:33Z	1306.00000	1559.57730	1542.86769	1529.63116
2025-09-11T08:18:33Z	1306.00000	1559.56804	1542.84653	1529.62106
2025-09-11T08:18:33Z	1307.00000	1559.56055	1542.83007	1529.61304
2025-09-11T08:18:34Z	1307.00000	1559.55601	1542.82027	1529.60808
2025-09-11T08:18:34Z	1307.00000	1559.55089	1542.80984	1529.60282
2025-09-11T08:18:34Z	1307.00000	1559.54592	1542.79917	1529.59738
2025-09-11T08:18:34Z	1307.00000	1559.54201	1542.79115	1529.59324
2025-09-11T08:18:34Z	1307.00000	1559.53767	1542.78289	1529.58880
2025-09-11T08:18:34Z	1307.00000	1559.53439	1542.77649	1529.58540
2025-09-11T08:18:34Z	1307.00000	1559.53134	1542.77048	1529.58215
2025-09-11T08:18:34Z	1307.00000	1559.52847	1542.76495	1529.57912
2025-09-11T08:18:34Z	1307.00000	1559.52596	1542.75979	1529.57637
2025-09-11T08:18:34Z	1308.00000	1559.52251	1542.75345	1529.57284
2025-09-11T08:18:35Z	1308.00000	1559.51982	1542.74832	1529.57002
2025-09-11T08:18:35Z	1308.00000	1559.51791	1542.74492	1529.56806
2025-09-11T08:18:35Z	1308.00000	1559.51588	1542.74089	1529.56593
2025-09-11T08:18:35Z	1308.00000	1559.51330	1542.73596	1529.56312
2025-09-11T08:18:35Z	1308.00000	1559.51158	1542.73292	1529.56149
2025-09-11T08:18:35Z	1308.00000	1559.50975	1542.72953	1529.55963
2025-09-11T08:18:35Z	1308.00000	1559.50787	1542.72619	1529.55772
2025-09-11T08:18:35Z	1308.00000	1559.50631	1542.72301	1529.55606
2025-09-11T08:18:35Z	1308.00000	1559.50449	1542.71961	1529.55404
2025-09-11T08:18:35Z	1309.00000	1559.50285	1542.71670	1529.55250
2025-09-11T08:18:36Z	1309.00000	1559.50120	1542.71346	1529.55072
2025-09-11T08:18:36Z	1309.00000	1559.49978	1542.71075	1529.54923
2025-09-11T08:18:36Z	1309.00000	1559.49828	1542.70818	1529.54783
2025-09-11T08:18:36Z	1309.00000	1559.49703	1542.70576	1529.54649
2025-09-11T08:18:36Z	1309.00000	1559.49564	1542.70303	1529.54492
2025-09-11T08:18:36Z	1309.00000	1559.49431	1542.70060	1529.54359
2025-09-11T08:18:36Z	1309.00000	1559.49287	1542.69799	1529.54211
2025-09-11T08:18:36Z	1309.00000	1559.49153	1542.69544	1529.54056
2025-09-11T08:18:36Z	1309.00000	1559.49067	1542.69370	1529.53963
2025-09-11T08:18:36Z	1310.00000	1559.48949	1542.69158	1529.53849
2025-09-11T08:18:37Z	1310.00000	1559.48808	1542.68891	1529.53698
2025-09-11T08:18:37Z	1310.00000	1559.48704	1542.68704	1529.53595
2025-09-11T08:18:37Z	1310.00000	1559.48604	1542.68512	1529.53488
2025-09-11T08:18:37Z	1310.00000	1559.48483	1542.68305	1529.53366
2025-09-11T08:18:37Z	1310.00000	1559.48382	1542.68095	1529.53250
2025-09-11T08:18:37Z	1310.00000	1559.48295	1542.67926	1529.53164
2025-09-11T08:18:37Z	1310.00000	1559.48204	1542.67782	1529.53079
2025-09-11T08:18:37Z	1310.00000	1559.48109	1542.67593	1529.52973
2025-09-11T08:18:37Z	1310.00000	1559.48022	1542.67429	1529.52882
2025-09-11T08:18:37Z	1311.00000	1559.47935	1542.67274	1529.52795
2025-09-11T08:18:38Z	1311.00000	1559.47860	1542.67126	1529.52706
2025-09-11T08:18:38Z	1311.00000	1559.47760	1542.66946	1529.52602
2025-09-11T08:18:38Z	1311.00000	1559.47689	1542.66796	1529.52523
2025-09-11T08:18:38Z	1311.00000	1559.47601	1542.66643	1529.52431
2025-09-11T08:18:38Z	1311.00000	1559.66734	1543.05593	1529.73788
2025-09-11T08:18:38Z	1311.00000	1559.87015	1543.47467	1529.97017
2025-09-11T08:18:38Z	1311.00000	1560.04940	1543.87573	1530.18061
2025-09-11T08:18:38Z	1311.00000	1560.25098	1544.33898	1530.42295
2025-09-11T08:18:38Z	1311.00000	1560.41972	1544.72740	1530.62646
2025-09-11T08:18:38Z	1312.00000	1560.58722	1545.10025	1530.82560
2025-09-11T08:18:39Z	1312.00000	1560.77592	1545.52694	1531.04542
2025-09-11T08:18:39Z	1312.00000	1560.97044	1545.94828	1531.26616
2025-09-11T08:18:39Z	1312.00000	1561.16565	1546.36054	1531.48846
2025-09-11T08:18:39Z	1312.00000	1561.32563	1546.71154	1531.67650
2025-09-11T08:18:39Z	1312.00000	1561.50366	1547.10072	1531.88569
2025-09-11T08:18:39Z	1312.00000	1561.62282	1547.38108	1532.03834
2025-09-11T08:18:39Z	1312.00000	1561.73527	1547.65782	1532.19206
2025-09-11T08:18:39Z	1312.00000	1561.84880	1547.95120	1532.35590
2025-09-11T08:18:39Z	1312.00000	1561.92276	1548.14799	1532.46726
2025-09-11T08:18:39Z	1313.00000	1562.01743	1548.39490	1532.60435
2025-09-11T08:18:40Z	1313.00000	1562.13760	1548.69927	1532.78154
2025-09-11T08:18:40Z	1313.00000	1562.24246	1548.95665	1532.92457
2025-09-11T08:18:40Z	1313.00000	1562.35434	1549.21051	1533.06475
2025-09-11T08:18:40Z	1313.00000	1562.48797	1549.50836	1533.23015
2025-09-11T08:18:40Z	1313.00000	1562.58726	1549.72726	1533.35362
2025-09-11T08:18:40Z	1313.00000	1562.68786	1549.94643	1533.47366
2025-09-11T08:18:40Z	1313.00000	1562.77375	1550.13227	1533.58006
2025-09-11T08:18:40Z	1313.00000	1562.84842	1550.30013	1533.66959
2025-09-11T08:18:40Z	1313.00000	1562.91208	1550.43914	1533.74864
2025-09-11T08:18:40Z	1314.00000	1562.99099	1550.60829	1533.84454
2025-09-11T08:18:41Z	1314.00000	1563.04720	1550.72762	1533.90927
2025-09-11T08:18:41Z	1314.00000	1563.08513	1550.81343	1533.95908
2025-09-11T08:18:41Z	1314.00000	1563.11075	1550.86701	1533.98919
2025-09-11T08:18:41Z	1314.00000	1563.13822	1550.92048	1534.02235
2025-09-11T08:18:41Z	1314.00000	1563.16001	1550.96407	1534.04723
2025-09-11T08:18:41Z	1314.00000	1563.18542	1551.01159	1534.07267
2025-09-11T08:18:41Z	1314.00000	1563.22052	1551.07813	1534.10828
2025-09-11T08:18:41Z	1314.00000	1563.28325	1551.17822	1534.15860
2025-09-11T08:18:41Z	1314.00000	1563.36038	1551.31859	1534.23962
2025-09-11T08:18:42Z	1315.00000	1563.39020	1551.38328	1534.27470
2025-09-11T08:18:42Z	1315.00000	1563.39550	1551.37525	1534.27961
2025-09-11T08:18:42Z	1315.00000	1563.39717	1551.37442	1534.27996
2025-09-11T08:18:42Z	1315.00000	1561.64088	1547.29535	1531.96999
2025-09-11T08:18:42Z	1315.00000	1561.41564	1546.83799	1531.71750
2025-09-11T08:18:42Z	1315.00000	1561.22876	1546.45613	1531.51205
2025-09-11T08:18:42Z	1315.00000	1561.05775	1546.11616	1531.32974
2025-09-11T08:18:42Z	1315.00000	1560.89658	1545.77360	1531.14828
2025-09-11T08:18:42Z	1315.00000	1560.72315	1545.39792	1530.95280
2025-09-11T08:18:42Z	1316.00000	1560.57375	1545.05892	1530.77898
2025-09-11T08:18:43Z	1316.00000	1560.42212	1544.72262	1530.60094
2025-09-11T08:18:43Z	1316.00000	1560.26585	1544.36800	1530.41586
2025-09-11T08:18:43Z	1316.00000	1560.13468	1544.07262	1530.26415
2025-09-11T08:18:43Z	1316.00000	1559.97777	1543.72511	1530.08687
2025-09-11T08:18:43Z	1316.00000	1559.79548	1543.32278	1529.87446
2025-09-11T08:18:43Z	1316.00000	1559.61217	1542.94227	1529.66806
2025-09-11T08:18:43Z	1316.00000	1559.58480	1542.88435	1529.63787
2025-09-11T08:18:43Z	1316.00000	1559.57712	1542.86712	1529.62992
2025-09-11T08:18:43Z	1316.00000	1559.56970	1542.85024	1529.62183
2025-09-11T08:18:43Z	1317.00000	1559.56356	1542.83664	1529.61519
2025-09-11T08:18:44Z	1317.00000	1559.55885	1542.82663	1529.61027
2025-09-11T08:18:44Z	1317.00000	1559.54943	1542.80671	1529.60017
2025-09-11T08:18:44Z	1317.00000	1559.54532	1542.79842	1529.59597
2025-09-11T08:18:44Z	1317.00000	1559.54173	1542.79098	1529.59203
2025-09-11T08:18:44Z	1317.00000	1559.53827	1542.78443	1529.58846
2025-09-11T08:18:44Z	1317.00000	1559.53473	1542.77728	1529.58467
2025-09-11T08:18:44Z	1317.00000	1559.53178	1542.77162	1529.58160
2025-09-11T08:18:44Z	1317.00000	1559.52855	1542.76555	1529.57840
2025-09-11T08:18:44Z	1318.00000	1559.52609	1542.76082	1529.57584
2025-09-11T08:18:45Z	1318.00000	1559.52333	1542.75558	1529.57295
2025-09-11T08:18:45Z	1318.00000	1559.52081	1542.75063	1529.57027
2025-09-11T08:18:45Z	1318.00000	1559.51825	1542.74594	1529.56780
2025-09-11T08:18:45Z	1318.00000	1559.51475	1542.73925	1529.56397
2025-09-11T08:18:45Z	1318.00000	1559.51282	1542.73585	1529.56211
2025-09-11T08:18:45Z	1318.00000	1559.51110	1542.73256	1529.56018
2025-09-11T08:18:45Z	1318.00000	1559.50938	1542.72944	1529.55852
2025-09-11T08:18:45Z	1318.00000	1559.50745	1542.72585	1529.55650
2025-09-11T08:18:45Z	1319.00000	1559.50585	1542.72293	1529.55482
2025-09-11T08:18:46Z	1319.00000	1559.50408	1542.71967	1529.55309
2025-09-11T08:18:46Z	1319.00000	1559.50265	1542.71698	1529.55158
2025-09-11T08:18:46Z	1319.00000	1559.50102	1542.71396	1529.54995
2025-09-11T08:18:46Z	1319.00000	1559.49927	1542.71067	1529.54812
2025-09-11T08:18:46Z	1319.00000	1559.49821	1542.70871	1529.54703
2025-09-11T08:18:46Z	1319.00000	1559.49668	1542.70596	1529.54544
2025-09-11T08:18:46Z	1319.00000	1559.49556	1542.70378	1529.54433
2025-09-11T08:18:46Z	1319.00000	1559.49421	1542.70127	1529.54278
2025-09-11T08:18:46Z	1320.00000	1559.49213	1542.69749	1529.54077
2025-09-11T08:18:47Z	1320.00000	1559.49100	1542.69540	1529.53962
2025-09-11T08:18:47Z	1320.00000	1559.48972	1542.69312	1529.53825
2025-09-11T08:18:47Z	1320.00000	1559.48855	1542.69094	1529.53709
2025-09-11T08:18:47Z	1320.00000	1559.48765	1542.68908	1529.53616
2025-09-11T08:18:47Z	1320.00000	1559.48663	1542.68724	1529.53507
2025-09-11T08:18:47Z	1320.00000	1559.48565	1542.68557	1529.53421
2025-09-11T08:18:47Z	1320.00000	1559.48478	1542.68390	1529.53329
2025-09-11T08:18:47Z	1320.00000	1559.48354	1542.68142	1529.53184
2025-09-11T08:18:47Z	1320.00000	1559.48259	1542.67990	1529.53094
2025-09-11T08:18:47Z	1321.00000	1559.48192	1542.67845	1529.53014
2025-09-11T08:18:48Z	1321.00000	1559.48098	1542.67682	1529.52923
2025-09-11T08:18:48Z	1321.00000	1559.47992	1542.67481	1529.52810
2025-09-11T08:18:48Z	1321.00000	1559.47923	1542.67337	1529.52714
2025-09-11T08:18:48Z	1321.00000	1559.55326	1542.82061	1529.60729
2025-09-11T08:18:48Z	1321.00000	1559.75957	1543.24174	1529.84116
2025-09-11T08:18:48Z	1321.00000	1559.91853	1543.58017	1530.02476
2025-09-11T08:18:48Z	1321.00000	1560.15566	1544.11749	1530.30220
2025-09-11T08:18:48Z	1321.00000	1560.32635	1544.50501	1530.50482
2025-09-11T08:18:48Z	1321.00000	1560.46713	1544.83002	1530.67436
2025-09-11T08:18:48Z	1322.00000	1560.65826	1545.25977	1530.89887
2025-09-11T08:18:49Z	1322.00000	1560.82100	1545.61835	1531.08548
2025-09-11T08:18:49Z	1322.00000	1561.15771	1546.33730	1531.46661
2025-09-11T08:18:49Z	1322.00000	1561.31972	1546.68938	1531.65429
2025-09-11T08:18:49Z	1322.00000	1561.54999	1547.20011	1531.92830
2025-09-11T08:18:49Z	1322.00000	1561.75340	1547.69542	1532.19972
2025-09-11T08:18:49Z	1322.00000	1561.84980	1547.94173	1532.33879
2025-09-11T08:18:49Z	1322.00000	1561.95080	1548.21855	1532.49304
2025-09-11T08:18:49Z	1323.00000	1562.06594	1548.51433	1532.66482
2025-09-11T08:18:50Z	1323.00000	1562.19729	1548.84908	1532.85527
2025-09-11T08:18:50Z	1323.00000	1562.28251	1549.05512	1532.96835
2025-09-11T08:18:50Z	1323.00000	1562.41015	1549.33673	1533.12437
2025-09-11T08:18:50Z	1323.00000	1562.50720	1549.54792	1533.24279
2025-09-11T08:18:50Z	1323.00000	1562.63230	1549.82491	1533.39649
2025-09-11T08:18:50Z	1323.00000	1562.70695	1549.98604	1533.48860
2025-09-11T08:18:50Z	1323.00000	1562.86419	1550.33660	1533.68141
2025-09-11T08:18:50Z	1323.00000	1562.94009	1550.49611	1533.77105
2025-09-11T08:18:51Z	1324.00000	1563.05232	1550.73375	1533.90767
2025-09-11T08:18:51Z	1324.00000	1563.11114	1550.86453	1533.97724
2025-09-11T08:18:51Z	1324.00000	1563.12434	1550.88842	1533.99064
2025-09-11T08:18:51Z	1324.00000	1563.16710	1550.97824	1534.04502
2025-09-11T08:18:51Z	1324.00000	1563.19837	1551.03891	1534.07298
2025-09-11T08:18:51Z	1324.00000	1563.24396	1551.11648	1534.12090
2025-09-11T08:18:51Z	1324.00000	1563.25417	1551.14640	1534.12895
2025-09-11T08:18:51Z	1324.00000	1563.33340	1551.29037	1534.21002
2025-09-11T08:18:51Z	1325.00000	1563.34397	1551.30579	1534.21844
2025-09-11T08:18:52Z	1325.00000	1563.36772	1551.36122	1534.24540
2025-09-11T08:18:52Z	1325.00000	1562.11810	1548.32994	1532.52838
2025-09-11T08:18:52Z	1325.00000	1561.67476	1547.35867	1532.00090
2025-09-11T08:18:52Z	1325.00000	1561.48904	1546.97998	1531.78756
2025-09-11T08:18:52Z	1325.00000	1561.21315	1546.42779	1531.49212
2025-09-11T08:18:52Z	1325.00000	1561.01158	1546.01574	1531.27347
2025-09-11T08:18:52Z	1325.00000	1560.80269	1545.57448	1531.04461
2025-09-11T08:18:52Z	1325.00000	1560.62751	1545.18337	1530.84180
2025-09-11T08:18:53Z	1326.00000	1560.51022	1544.92014	1530.70298
2025-09-11T08:18:53Z	1326.00000	1560.24968	1544.33289	1530.39682
2025-09-11T08:18:53Z	1326.00000	1560.11804	1544.03525	1530.24425
2025-09-11T08:18:53Z	1326.00000	1559.96033	1543.68692	1530.06663
2025-09-11T08:18:53Z	1326.00000	1559.67109	1543.06733	1529.73396
2025-09-11T08:18:53Z	1326.00000	1559.59021	1542.89717	1529.64337
2025-09-11T08:18:53Z	1326.00000	1559.57989	1542.87391	1529.63242
2025-09-11T08:18:53Z	1326.00000	1559.57029	1542.85198	1529.62182
2025-09-11T08:18:54Z	1327.00000	1559.56313	1542.83666	1529.61444
2025-09-11T08:18:54Z	1327.00000	1559.55425	1542.81753	1529.60495
2025-09-11T08:18:54Z	1327.00000	1559.54996	1542.80868	1529.60038
2025-09-11T08:18:54Z	1327.00000	1559.54608	1542.80077	1529.59637
2025-09-11T08:18:54Z	1327.00000	1559.54082	1542.79032	1529.59089
2025-09-11T08:18:54Z	1327.00000	1559.53721	1542.78306	1529.58697
2025-09-11T08:18:54Z	1327.00000	1559.53463	1542.77829	1529.58459
2025-09-11T08:18:54Z	1327.00000	1559.53249	1542.77389	1529.58208
2025-09-11T08:18:54Z	1327.00000	1559.52887	1542.76720	1529.57850
2025-09-11T08:18:54Z	1328.00000	1559.52693	1542.76331	1529.57629
2025-09-11T08:18:55Z	1328.00000	1559.52409	1542.75827	1529.57359
2025-09-11T08:18:55Z	1328.00000	1559.52021	1542.75089	1529.56962
2025-09-11T08:18:55Z	1328.00000	1559.51794	1542.74654	1529.56727
2025-09-11T08:18:55Z	1328.00000	1559.51608	1542.74305	1529.56534
2025-09-11T08:18:55Z	1328.00000	1559.51413	1542.73968	1529.56339
2025-09-11T08:18:55Z	1328.00000	1559.51054	1542.73290	1529.55952
2025-09-11T08:18:55Z	1328.00000	1559.50879	1542.72974	1529.55797
2025-09-11T08:18:55Z	1329.00000	1559.50694	1542.72647	1529.55609
2025-09-11T08:18:56Z	1329.00000	1559.50423	1542.72131	1529.55322
2025-09-11T08:18:56Z	1329.00000	1559.50272	1542.71862	1529.55164
2025-09-11T08:18:56Z	1329.00000	1559.50138	1542.71607	1529.55033
2025-09-11T08:18:56Z	1329.00000	1559.50000	1542.71330	1529.54880
2025-09-11T08:18:56Z	1329.00000	1559.49757	1542.70889	1529.54632
2025-09-11T08:18:56Z	1329.00000	1559.49568	1542.70555	1529.54448
2025-09-11T08:18:56Z	1329.00000	1559.49431	1542.70278	1529.54307
2025-09-11T08:18:57Z	1330.00000	1559.49312	1542.70047	1529.54168
2025-09-11T08:18:57Z	1330.00000	1559.49210	1542.69894	1529.54073
2025-09-11T08:18:57Z	1330.00000	1559.49129	1542.69730	1529.53978
2025-09-11T08:18:57Z	1330.00000	1559.49036	1542.69545	1529.53889
2025-09-11T08:18:57Z	1330.00000	1559.48940	1542.69367	1529.53794
2025-09-11T08:18:57Z	1330.00000	1559.48843	1542.69196	1529.53688
2025-09-11T08:18:57Z	1330.00000	1559.48672	1542.68886	1529.53515
2025-09-11T08:18:57Z	1330.00000	1559.48576	1542.68719	1529.53418
2025-09-11T08:18:57Z	1331.00000	1559.48397	1542.68368	1529.53242
2025-09-11T08:18:58Z	1331.00000	1559.48313	1542.68203	1529.53131
2025-09-11T08:18:58Z	1331.00000	1559.48190	1542.68009	1529.53029
2025-09-11T08:18:58Z	1331.00000	1559.50176	1542.72048	1529.55201
2025-09-11T08:18:58Z	1331.00000	1559.72963	1543.17884	1529.80604
2025-09-11T08:18:58Z	1331.00000	1559.92371	1543.59122	1530.03025
2025-09-11T08:18:58Z	1331.00000	1560.16013	1544.12846	1530.30729
2025-09-11T08:18:58Z	1331.00000	1560.33021	1544.51554	1530.50967
2025-09-11T08:18:58Z	1331.00000	1560.52722	1544.96308	1530.74530
2025-09-11T08:18:58Z	1332.00000	1560.69134	1545.33583	1530.93835
2025-09-11T08:18:59Z	1332.00000	1561.02437	1546.06162	1531.31933
2025-09-11T08:18:59Z	1332.00000	1561.22057	1546.47494	1531.54052
2025-09-11T08:18:59Z	1332.00000	1561.40501	1546.87738	1531.75544
2025-09-11T08:18:59Z	1332.00000	1561.60263	1547.32550	1531.99654
2025-09-11T08:18:59Z	1332.00000	1561.78731	1547.78093	1532.24803
2025-09-11T08:18:59Z	1332.00000	1561.87850	1548.02347	1532.38038
2025-09-11T08:18:59Z	1332.00000	1561.98136	1548.29850	1532.53595
2025-09-11T08:19:00Z	1333.00000	1562.18483	1548.80055	1532.80594
2025-09-11T08:19:00Z	1333.00000	1562.32068	1549.11100	1532.97047
2025-09-11T08:19:00Z	1333.00000	1562.52385	1549.57030	1533.22252
2025-09-11T08:19:00Z	1333.00000	1562.71790	1549.99732	1533.45933
2025-09-11T08:19:00Z	1333.00000	1562.82838	1550.23188	1533.59404
2025-09-11T08:19:00Z	1333.00000	1562.89558	1550.38260	1533.67780
2025-09-11T08:19:00Z	1334.00000	1563.00462	1550.62783	1533.83904
2025-09-11T08:19:01Z	1334.00000	1563.05306	1550.73116	1533.89493
2025-09-11T08:19:01Z	1334.00000	1563.11304	1550.84738	1533.96757
2025-09-11T08:19:01Z	1334.00000	1563.14334	1550.92542	1534.00756
2025-09-11T08:19:01Z	1334.00000	1563.19679	1551.03177	1534.06678
2025-09-11T08:19:01Z	1334.00000	1563.22434	1551.07749	1534.09399
2025-09-11T08:19:01Z	1334.00000	1563.28807	1551.19722	1534.15985
2025-09-11T08:19:01Z	1334.00000	1563.29666	1551.21850	1534.16504
2025-09-11T08:19:02Z	1335.00000	1563.36340	1551.33898	1534.23343
2025-09-11T08:19:02Z	1335.00000	1561.70245	1547.41586	1532.03222
2025-09-11T08:19:02Z	1335.00000	1561.45775	1546.92002	1531.76182
2025-09-11T08:19:02Z	1335.00000	1561.23045	1546.46388	1531.51601
2025-09-11T08:19:02Z	1335.00000	1561.08783	1546.17965	1531.36524
2025-09-11T08:19:02Z	1335.00000	1560.89265	1545.76819	1531.14614
2025-09-11T08:19:02Z	1335.00000	1560.76622	1545.49516	1531.00559
2025-09-11T08:19:02Z	1336.00000	1560.49951	1544.89678	1530.69184
2025-09-11T08:19:03Z	1336.00000	1560.19565	1544.20973	1530.33340
2025-09-11T08:19:03Z	1336.00000	1560.01929	1543.81848	1530.13207
2025-09-11T08:19:03Z	1336.00000	1559.86528	1543.47723	1529.95290
2025-09-11T08:19:03Z	1336.00000	1559.63840	1542.99813	1529.69640
2025-09-11T08:19:03Z	1336.00000	1559.57921	1542.87105	1529.63037
2025-09-11T08:19:03Z	1336.00000	1559.57207	1542.85519	1529.62281
2025-09-11T08:19:03Z	1337.00000	1559.56508	1542.84001	1529.61564
2025-09-11T08:19:04Z	1337.00000	1559.55927	1542.82743	1529.60929
2025-09-11T08:19:04Z	1337.00000	1559.55555	1542.81948	1529.60531
2025-09-11T08:19:04Z	1337.00000	1559.55079	1542.80960	1529.60017
2025-09-11T08:19:04Z	1337.00000	1559.54759	1542.80332	1529.59695
2025-09-11T08:19:04Z	1337.00000	1559.54408	1542.79636	1529.59346
2025-09-11T08:19:04Z	1337.00000	1559.54045	1542.78914	1529.58941
2025-09-11T08:19:04Z	1337.00000	1559.53749	1542.78328	1529.58639
2025-09-11T08:19:04Z	1337.00000	1559.53452	1542.77778	1529.58345
2025-09-11T08:19:04Z	1337.00000	1559.53195	1542.77281	1529.58082
2025-09-11T08:19:04Z	1338.00000	1559.52909	1542.76732	1529.57782
2025-09-11T08:19:05Z	1338.00000	1559.52685	1542.76298	1529.57551
2025-09-11T08:19:05Z	1338.00000	1559.52422	1542.75813	1529.57281
2025-09-11T08:19:05Z	1338.00000	1559.52208	1542.75433	1529.57072
2025-09-11T08:19:05Z	1338.00000	1559.51988	1542.75008	1529.56830
2025-09-11T08:19:05Z	1338.00000	1559.51798	1542.74659	1529.56639
2025-09-11T08:19:05Z	1338.00000	1559.51588	1542.74268	1529.56439
2025-09-11T08:19:05Z	1338.00000	1559.51388	1542.73912	1529.56232
2025-09-11T08:19:05Z	1338.00000	1559.51249	1542.73655	1529.56079
2025-09-11T08:19:05Z	1338.00000	1559.51094	1542.73367	1529.55942
2025-09-11T08:19:05Z	1339.00000	1559.50926	1542.73045	1529.55743
2025-09-11T08:19:06Z	1339.00000	1559.50773	1542.72778	1529.55587
2025-09-11T08:19:06Z	1339.00000	1559.50633	1542.72523	1529.55448
2025-09-11T08:19:06Z	1339.00000	1559.50500	1542.72269	1529.55310
2025-09-11T08:19:06Z	1339.00000	1559.50342	1542.71985	1529.55161
2025-09-11T08:19:06Z	1339.00000	1559.50194	1542.71712	1529.54994
2025-09-11T08:19:06Z	1339.00000	1559.50036	1542.71415	1529.54833
2025-09-11T08:19:06Z	1339.00000	1559.49894	1542.71163	1529.54691
2025-09-11T08:19:06Z	1339.00000	1559.49701	1542.70787	1529.54483
2025-09-11T08:19:07Z	1340.00000	1559.49562	1542.70552	1529.54348
2025-09-11T08:19:07Z	1340.00000	1559.49424	1542.70284	1529.54209
2025-09-11T08:19:07Z	1340.00000	1559.49231	1542.69947	1529.54012
2025-09-11T08:19:07Z	1340.00000	1559.49138	1542.69771	1529.53923
2025-09-11T08:19:07Z	1340.00000	1559.49068	1542.69631	1529.53832
2025-09-11T08:19:07Z	1340.00000	1559.48972	1542.69460	1529.53746
2025-09-11T08:19:07Z	1340.00000	1559.48870	1542.69293	1529.53650
2025-09-11T08:19:07Z	1340.00000	1559.48767	1542.69080	1529.53528
2025-09-11T08:19:07Z	1340.00000	1559.48680	1542.68918	1529.53436
2025-09-11T08:19:07Z	1341.00000	1559.48596	1542.68762	1529.53356
2025-09-11T08:19:08Z	1341.00000	1559.48521	1542.68609	1529.53267
2025-09-11T08:19:08Z	1341.00000	1559.48434	1542.68470	1529.53193
2025-09-11T08:19:08Z	1341.00000	1559.48343	1542.68269	1529.53071
2025-09-11T08:19:08Z	1341.00000	1559.48253	1542.68137	1529.53008
2025-09-11T08:19:08Z	1341.00000	1559.49046	1542.69836	1529.53868
2025-09-11T08:19:08Z	1341.00000	1559.75576	1543.23410	1529.83635
2025-09-11T08:19:08Z	1341.00000	1559.97587	1543.71049	1530.09292
2025-09-11T08:19:08Z	1341.00000	1560.12216	1544.04002	1530.26292
2025-09-11T08:19:08Z	1341.00000	1560.32035	1544.49504	1530.49963
2025-09-11T08:19:08Z	1342.00000	1560.51744	1544.94429	1530.73597
2025-09-11T08:19:09Z	1342.00000	1560.68041	1545.31440	1530.92846
2025-09-11T08:19:09Z	1342.00000	1560.84551	1545.67764	1531.11787
2025-09-11T08:19:09Z	1342.00000	1561.04712	1546.11653	1531.35174
2025-09-11T08:19:09Z	1342.00000	1561.24782	1546.53998	1531.57870
2025-09-11T08:19:09Z	1342.00000	1561.55377	1547.21958	1531.94304
2025-09-11T08:19:09Z	1342.00000	1561.66519	1547.48641	1532.08761
2025-09-11T08:19:09Z	1342.00000	1561.77146	1547.75056	1532.23307
2025-09-11T08:19:09Z	1342.00000	1561.86338	1547.99221	1532.36458
2025-09-11T08:19:10Z	1343.00000	1561.98707	1548.31786	1532.54589
2025-09-11T08:19:10Z	1343.00000	1562.10754	1548.61151	1532.70601
2025-09-11T08:19:10Z	1343.00000	1562.20553	1548.84640	1532.83085
2025-09-11T08:19:10Z	1343.00000	1562.32229	1549.11404	1532.97137
2025-09-11T08:19:10Z	1343.00000	1562.44854	1549.40082	1533.12456
2025-09-11T08:19:10Z	1343.00000	1562.57860	1549.69262	1533.29051
2025-09-11T08:19:10Z	1343.00000	1562.68885	1549.93391	1533.42277
2025-09-11T08:19:10Z	1343.00000	1562.78057	1550.13203	1533.53666
2025-09-11T08:19:10Z	1343.00000	1562.92836	1550.45234	1533.71221
2025-09-11T08:19:11Z	1344.00000	1563.01633	1550.63521	1533.81236
2025-09-11T08:19:11Z	1344.00000	1563.04000	1550.68584	1533.83703
2025-09-11T08:19:11Z	1344.00000	1563.09258	1550.79258	1533.89918
2025-09-11T08:19:11Z	1344.00000	1563.14457	1550.89680	1533.96382
2025-09-11T08:19:11Z	1344.00000	1563.18221	1550.98087	1534.00801
2025-09-11T08:19:11Z	1344.00000	1563.25637	1551.12126	1534.08741
2025-09-11T08:19:11Z	1344.00000	1563.26721	1551.14891	1534.09573
2025-09-11T08:19:11Z	1344.00000	1563.31047	1551.22966	1534.14350
2025-09-11T08:19:11Z	1344.00000	1563.32805	1551.26322	1534.15930
2025-09-11T08:19:11Z	1345.00000	1563.35882	1551.31976	1534.19307
2025-09-11T08:19:12Z	1345.00000	1563.36910	1551.34204	1534.20147
2025-09-11T08:19:12Z	1345.00000	1563.39205	1551.38610	1534.22559
2025-09-11T08:19:12Z	1345.00000	1562.33164	1548.77728	1532.76108
2025-09-11T08:19:12Z	1345.00000	1561.71138	1547.41845	1532.01959
2025-09-11T08:19:12Z	1345.00000	1561.50641	1547.00939	1531.79636
2025-09-11T08:19:12Z	1345.00000	1561.33999	1546.68677	1531.62564
2025-09-11T08:19:12Z	1345.00000	1561.16877	1546.33515	1531.44085
2025-09-11T08:19:12Z	1345.00000	1560.95250	1545.89148	1531.20153
2025-09-11T08:19:12Z	1345.00000	1560.79448	1545.55132	1531.02674
2025-09-11T08:19:12Z	1346.00000	1560.66880	1545.27364	1530.88177
2025-09-11T08:19:13Z	1346.00000	1560.50223	1544.89854	1530.68695
2025-09-11T08:19:13Z	1346.00000	1560.33700	1544.52303	1530.49194
2025-09-11T08:19:13Z	1346.00000	1560.22258	1544.26599	1530.35840
2025-09-11T08:19:13Z	1346.00000	1560.07059	1543.92812	1530.18473
2025-09-11T08:19:13Z	1346.00000	1559.89197	1543.53434	1529.98127
2025-09-11T08:19:13Z	1346.00000	1559.76236	1543.25671	1529.83488
2025-09-11T08:19:13Z	1346.00000	1559.60004	1542.91823	1529.65133
2025-09-11T08:19:13Z	1346.00000	1559.58997	1542.89499	1529.64085
2025-09-11T08:19:13Z	1346.00000	1559.58126	1542.87541	1529.63175
2025-09-11T08:19:14Z	1347.00000	1559.57209	1542.85518	1529.62187
2025-09-11T08:19:14Z	1347.00000	1559.56453	1542.83861	1529.61385
2025-09-11T08:19:14Z	1347.00000	1559.55620	1542.82101	1529.60507
2025-09-11T08:19:14Z	1347.00000	1559.55277	1542.81413	1529.60157
2025-09-11T08:19:14Z	1347.00000	1559.54971	1542.80768	1529.59833
2025-09-11T08:19:14Z	1347.00000	1559.54620	1542.80083	1529.59479
2025-09-11T08:19:14Z	1347.00000	1559.54238	1542.79338	1529.59089
2025-09-11T08:19:14Z	1347.00000	1559.53933	1542.78746	1529.58781
2025-09-11T08:19:14Z	1347.00000	1559.53651	1542.78214	1529.58500
2025-09-11T08:19:14Z	1348.00000	1559.53390	1542.77708	1529.58234
2025-09-11T08:19:15Z	1348.00000	1559.53033	1542.77022	1529.57847
2025-09-11T08:19:15Z	1348.00000	1559.52756	1542.76518	1529.57587
2025-09-11T08:19:15Z	1348.00000	1559.52476	1542.75988	1529.57295
2025-09-11T08:19:15Z	1348.00000	1559.52111	1542.75318	1529.56928
2025-09-11T08:19:15Z	1348.00000	1559.51961	1542.75023	1529.56769
2025-09-11T08:19:15Z	1348.00000	1559.51811	1542.74742	1529.56608
2025-09-11T08:19:15Z	1348.00000	1559.51629	1542.74431	1529.56446
2025-09-11T08:19:15Z	1348.00000	1559.51467	1542.74122	1529.56263
2025-09-11T08:19:15Z	1349.00000	1559.51281	1542.73779	1529.56076
2025-09-11T08:19:16Z	1349.00000	1559.51071	1542.73405	1529.55868
2025-09-11T08:19:16Z	1349.00000	1559.50922	1542.73140	1529.55711
2025-09-11T08:19:16Z	1349.00000	1559.50761	1542.72829	1529.55544
2025-09-11T08:19:16Z	1349.00000	1559.50596	1542.72534	1529.55389
2025-09-11T08:19:16Z	1349.00000	1559.50341	1542.72069	1529.55123
2025-09-11T08:19:16Z	1349.00000	1559.50100	1542.71625	1529.54881
2025-09-11T08:19:16Z	1349.00000	1559.50006	1542.71454	1529.54789
2025-09-11T08:19:17Z	1350.00000	1559.49868	1542.71222	1529.54656
2025-09-11T08:19:17Z	1350.00000	1559.49754	1542.70980	1529.54529
2025-09-11T08:19:17Z	1350.00000	1559.49631	1542.70786	1529.54411
2025-09-11T08:19:17Z	1350.00000	1559.49560	1542.70627	1529.54326
2025-09-11T08:19:17Z	1350.00000	1559.49449	1542.70430	1529.54208
2025-09-11T08:19:17Z	1350.00000	1559.49363	1542.70276	1529.54126
2025-09-11T08:19:17Z	1350.00000	1559.49250	1542.70072	1529.54011
2025-09-11T08:19:17Z	1350.00000	1559.49151	1542.69878	1529.53905
2025-09-11T08:19:17Z	1350.00000	1559.49069	1542.69739	1529.53831
2025-09-11T08:19:17Z	1350.00000	1559.48960	1542.69542	1529.53723
2025-09-11T08:19:18Z	1351.00000	1559.48860	1542.69367	1529.53614
2025-09-11T08:19:18Z	1351.00000	1559.48791	1542.69233	1529.53558
2025-09-11T08:19:18Z	1351.00000	1559.48724	1542.69076	1529.53456
2025-09-11T08:19:18Z	1351.00000	1559.48603	1542.68888	1529.53346
2025-09-11T08:19:18Z	1351.00000	1559.48543	1542.68760	1529.53277
2025-09-11T08:19:18Z	1351.00000	1559.60611	1542.93251	1529.66647
2025-09-11T08:19:18Z	1351.00000	1559.87534	1543.48516	1529.97104
2025-09-11T08:19:18Z	1351.00000	1560.02570	1543.82062	1530.14588
2025-09-11T08:19:18Z	1351.00000	1560.17163	1544.15382	1530.31730
2025-09-11T08:19:18Z	1351.00000	1560.34614	1544.55024	1530.52392
2025-09-11T08:19:18Z	1352.00000	1560.51425	1544.93218	1530.72441
2025-09-11T08:19:19Z	1352.00000	1560.67758	1545.30373	1530.91670
2025-09-11T08:19:19Z	1352.00000	1560.86904	1545.72497	1531.13525
2025-09-11T08:19:19Z	1352.00000	1561.03873	1546.09150	1531.32936
2025-09-11T08:19:19Z	1352.00000	1561.20656	1546.44183	1531.51568
2025-09-11T08:19:19Z	1352.00000	1561.42275	1546.90949	1531.76607
2025-09-11T08:19:19Z	1352.00000	1561.57629	1547.25729	1531.95273
2025-09-11T08:19:19Z	1352.00000	1561.70403	1547.56332	1532.12049
2025-09-11T08:19:19Z	1352.00000	1561.83532	1547.90193	1532.30458
2025-09-11T08:19:19Z	1352.00000	1561.92578	1548.14359	1532.43367
2025-09-11T08:19:19Z	1353.00000	1562.02106	1548.38002	1532.56198
2025-09-11T08:19:20Z	1353.00000	1562.14919	1548.68875	1532.72725
2025-09-11T08:19:20Z	1353.00000	1562.23898	1548.90750	1532.84527
2025-09-11T08:19:20Z	1353.00000	1562.35462	1549.17334	1532.98431
2025-09-11T08:19:20Z	1353.00000	1562.44971	1549.39705	1533.10393
2025-09-11T08:19:20Z	1353.00000	1562.56885	1549.66150	1533.25160
2025-09-11T08:19:20Z	1353.00000	1562.67092	1549.88944	1533.37882
2025-09-11T08:19:20Z	1353.00000	1562.77026	1550.09630	1533.49576
2025-09-11T08:19:20Z	1353.00000	1562.84690	1550.26611	1533.59548
2025-09-11T08:19:20Z	1353.00000	1562.92251	1550.42987	1533.68401
2025-09-11T08:19:20Z	1354.00000	1563.00505	1550.60478	1533.77937
2025-09-11T08:19:21Z	1354.00000	1563.05520	1550.70824	1533.83227
2025-09-11T08:19:21Z	1354.00000	1563.11770	1550.83803	1533.90286
2025-09-11T08:19:21Z	1354.00000	1563.18330	1550.96669	1533.97702
2025-09-11T08:19:21Z	1354.00000	1563.20702	1551.01492	1534.00099
2025-09-11T08:19:21Z	1354.00000	1563.25944	1551.11417	1534.05963
2025-09-11T08:19:21Z	1354.00000	1563.29336	1551.19205	1534.09998
2025-09-11T08:19:21Z	1354.00000	1563.31041	1551.22096	1534.11603
2025-09-11T08:19:21Z	1354.00000	1563.32923	1551.26147	1534.13685
2025-09-11T08:19:21Z	1354.00000	1563.35957	1551.31500	1534.17017
2025-09-11T08:19:22Z	1355.00000	1563.37768	1551.35394	1534.18360
2025-09-11T08:19:22Z	1355.00000	1563.40308	1551.40299	1534.21227
2025-09-11T08:19:22Z	1355.00000	1563.41182	1551.41520	1534.21985
2025-09-11T08:19:22Z	1355.00000	1562.42173	1548.97230	1532.85127
2025-09-11T08:19:22Z	1355.00000	1561.71727	1547.43596	1532.01589
2025-09-11T08:19:22Z	1355.00000	1561.52959	1547.05702	1531.80639
2025-09-11T08:19:22Z	1355.00000	1561.34294	1546.69264	1531.61758
2025-09-11T08:19:22Z	1355.00000	1561.17186	1546.34190	1531.43381
2025-09-11T08:19:22Z	1355.00000	1560.85034	1545.67088	1531.07795
2025-09-11T08:19:22Z	1356.00000	1560.67069	1545.27783	1530.87612
2025-09-11T08:19:23Z	1356.00000	1560.50535	1544.90493	1530.68322
2025-09-11T08:19:23Z	1356.00000	1560.36041	1544.57675	1530.51261
2025-09-11T08:19:23Z	1356.00000	1560.22152	1544.26351	1530.35170
2025-09-11T08:19:23Z	1356.00000	1560.09287	1543.97790	1530.20560
2025-09-11T08:19:23Z	1356.00000	1559.95790	1543.68128	1530.05691
2025-09-11T08:19:23Z	1356.00000	1559.80616	1543.34659	1529.88170
2025-09-11T08:19:23Z	1356.00000	1559.62421	1542.96925	1529.67785
2025-09-11T08:19:23Z	1356.00000	1559.59246	1542.90230	1529.64257
2025-09-11T08:19:23Z	1356.00000	1559.58279	1542.88033	1529.63230
2025-09-11T08:19:24Z	1357.00000	1559.57466	1542.86267	1529.62382
2025-09-11T08:19:24Z	1357.00000	1559.56812	1542.84816	1529.61690
2025-09-11T08:19:24Z	1357.00000	1559.56168	1542.83441	1529.61012
2025-09-11T08:19:24Z	1357.00000	1559.55741	1542.82540	1529.60566
2025-09-11T08:19:24Z	1357.00000	1559.55353	1542.81743	1529.60161
2025-09-11T08:19:24Z	1357.00000	1559.54934	1542.80888	1529.59720
2025-09-11T08:19:24Z	1357.00000	1559.54492	1542.80024	1529.59266
2025-09-11T08:19:24Z	1357.00000	1559.53966	1542.78970	1529.58722
2025-09-11T08:19:24Z	1357.00000	1559.53738	1542.78554	1529.58495
2025-09-11T08:19:24Z	1358.00000	1559.53528	1542.78141	1529.58281
2025-09-11T08:19:25Z	1358.00000	1559.53321	1542.77769	1529.58078
2025-09-11T08:19:25Z	1358.00000	1559.53100	1542.77323	1529.57839
2025-09-11T08:19:25Z	1358.00000	1559.52872	1542.76908	1529.57618
2025-09-11T08:19:25Z	1358.00000	1559.52536	1542.76310	1529.57290
2025-09-11T08:19:25Z	1358.00000	1559.52281	1542.75828	1529.57035
2025-09-11T08:19:25Z	1358.00000	1559.52134	1542.75545	1529.56870
2025-09-11T08:19:25Z	1358.00000	1559.51994	1542.75278	1529.56736
2025-09-11T08:19:25Z	1358.00000	1559.51773	1542.74917	1529.56536
2025-09-11T08:19:25Z	1358.00000	1559.51662	1542.74664	1529.56389
2025-09-11T08:19:25Z	1359.00000	1559.51494	1542.74367	1529.56236
2025-09-11T08:19:26Z	1359.00000	1559.51345	1542.74098	1529.56076
2025-09-11T08:19:26Z	1359.00000	1559.51185	1542.73820	1529.55919
2025-09-11T08:19:26Z	1359.00000	1559.51043	1542.73557	1529.55780
2025-09-11T08:19:26Z	1359.00000	1559.50883	1542.73267	1529.55614
2025-09-11T08:19:26Z	1359.00000	1559.50733	1542.72965	1529.55449
2025-09-11T08:19:26Z	1359.00000	1559.50588	1542.72704	1529.55304
2025-09-11T08:19:26Z	1359.00000	1559.50454	1542.72487	1529.55182
2025-09-11T08:19:26Z	1359.00000	1559.50329	1542.72260	1529.55058
2025-09-11T08:19:26Z	1359.00000	1559.50202	1542.72012	1529.54928
2025-09-11T08:19:26Z	1360.00000	1559.50108	1542.71834	1529.54828
2025-09-11T08:19:27Z	1360.00000	1559.49959	1542.71572	1529.54677
2025-09-11T08:19:27Z	1360.00000	1559.49865	1542.71415	1529.54599
2025-09-11T08:19:27Z	1360.00000	1559.49765	1542.71231	1529.54487
2025-09-11T08:19:27Z	1360.00000	1559.49651	1542.71041	1529.54378
2025-09-11T08:19:27Z	1360.00000	1559.49568	1542.70858	1529.54296
2025-09-11T08:19:27Z	1360.00000	1559.49465	1542.70681	1529.54191
2025-09-11T08:19:27Z	1360.00000	1559.49282	1542.70345	1529.53995
2025-09-11T08:19:27Z	1360.00000	1559.49158	1542.70126	1529.53873
2025-09-11T08:19:27Z	1361.00000	1559.49078	1542.69973	1529.53790
2025-09-11T08:19:28Z	1361.00000	1559.48986	1542.69809	1529.53697
2025-09-11T08:19:28Z	1361.00000	1559.48885	1542.69631	1529.53604
2025-09-11T08:19:28Z	1361.00000	1559.48811	1542.69489	1529.53526
2025-09-11T08:19:28Z	1361.00000	1559.48714	1542.69315	1529.53424
2025-09-11T08:19:28Z	1361.00000	1559.48656	1542.69200	1529.53357
2025-09-11T08:19:28Z	1361.00000	1559.48580	1542.69063	1529.53285
2025-09-11T08:19:28Z	1361.00000	1559.48476	1542.68882	1529.53181
2025-09-11T08:19:28Z	1361.00000	1559.48406	1542.68752	1529.53107
2025-09-11T08:19:28Z	1361.00000	1559.48335	1542.68625	1529.53034
2025-09-11T08:19:28Z	1362.00000	1559.48261	1542.68495	1529.52960
2025-09-11T08:19:29Z	1362.00000	1559.48198	1542.68363	1529.52896
2025-09-11T08:19:29Z	1362.00000	1559.48105	1542.68206	1529.52809
2025-09-11T08:19:29Z	1362.00000	1559.48040	1542.68100	1529.52747
2025-09-11T08:19:29Z	1362.00000	1559.47980	1542.67981	1529.52668
2025-09-11T08:19:29Z	1362.00000	1559.47904	1542.67843	1529.52609
2025-09-11T08:19:29Z	1362.00000	1559.47841	1542.67725	1529.52538
2025-09-11T08:19:29Z	1362.00000	1559.47748	1542.67578	1529.52461
2025-09-11T08:19:29Z	1362.00000	1559.47703	1542.67485	1529.52412
2025-09-11T08:19:29Z	1362.00000	1559.47637	1542.67355	1529.52345
2025-09-11T08:19:30Z	1363.00000	1559.47556	1542.67217	1529.52259
2025-09-11T08:19:30Z	1363.00000	1559.47491	1542.67088	1529.52184
2025-09-11T08:19:30Z	1363.00000	1559.47418	1542.66968	1529.52120
2025-09-11T08:19:30Z	1363.00000	1559.47364	1542.66854	1529.52052
2025-09-11T08:19:30Z	1363.00000	1559.47311	1542.66747	1529.52007
2025-09-11T08:19:30Z	1363.00000	1559.47264	1542.66673	1529.51961
2025-09-11T08:19:30Z	1363.00000	1559.47225	1542.66593	1529.51919
2025-09-11T08:19:30Z	1363.00000	1559.47155	1542.66485	1529.51854
2025-09-11T08:19:30Z	1363.00000	1559.47104	1542.66398	1529.51796
2025-09-11T08:19:30Z	1363.00000	1559.47058	1542.66315	1529.51756
2025-09-11T08:19:30Z	1364.00000	1559.47019	1542.66213	1529.51703
2025-09-11T08:19:31Z	1364.00000	1559.46954	1542.66121	1529.51641
2025-09-11T08:19:31Z	1364.00000	1559.46917	1542.66039	1529.51609
2025-09-11T08:19:31Z	1364.00000	1559.46861	1542.65945	1529.51549
2025-09-11T08:19:31Z	1364.00000	1559.46813	1542.65856	1529.51491
2025-09-11T08:19:31Z	1364.00000	1559.46765	1542.65771	1529.51444
2025-09-11T08:19:31Z	1364.00000	1559.46721	1542.65671	1529.51398
2025-09-11T08:19:31Z	1364.00000	1559.46666	1542.65586	1529.51342
2025-09-11T08:19:31Z	1364.00000	1559.46602	1542.65483	1529.51290
2025-09-11T08:19:31Z	1364.00000	1559.46561	1542.65376	1529.51220
2025-09-11T08:19:32Z	1365.00000	1559.46525	1542.65319	1529.51190
2025-09-11T08:19:32Z	1365.00000	1559.46495	1542.65252	1529.51150
2025-09-11T08:19:32Z	1365.00000	1559.46437	1542.65168	1529.51107
2025-09-11T08:19:32Z	1365.00000	1559.46388	1542.65087	1529.51057
2025-09-11T08:19:32Z	1365.00000	1559.46333	1542.64995	1529.51009
2025-09-11T08:19:32Z	1365.00000	1559.46300	1542.64931	1529.50960
2025-09-11T08:19:32Z	1365.00000	1559.46247	1542.64832	1529.50917
2025-09-11T08:19:32Z	1365.00000	1559.46221	1542.64757	1529.50873
2025-09-11T08:19:32Z	1365.00000	1559.46171	1542.64680	1529.50824
2025-09-11T08:19:32Z	1365.00000	1559.46127	1542.64590	1529.50775
2025-09-11T08:19:33Z	1366.00000	1559.46091	1542.64530	1529.50741
2025-09-11T08:19:33Z	1366.00000	1559.46051	1542.64442	1529.50682
2025-09-11T08:19:33Z	1366.00000	1559.45999	1542.64373	1529.50651
2025-09-11T08:19:33Z	1366.00000	1559.45971	1542.64318	1529.50613
2025-09-11T08:19:33Z	1366.00000	1559.45943	1542.64255	1529.50582
2025-09-11T08:19:33Z	1366.00000	1559.45907	1542.64192	1529.50546
2025-09-11T08:19:33Z	1366.00000	1559.45859	1542.64111	1529.50497
2025-09-11T08:19:33Z	1366.00000	1559.45814	1542.64020	1529.50447
2025-09-11T08:19:33Z	1366.00000	1559.45776	1542.63964	1529.50397
2025-09-11T08:19:33Z	1366.00000	1559.45753	1542.63900	1529.50378
2025-09-11T08:19:33Z	1367.00000	1559.45722	1542.63857	1529.50346
2025-09-11T08:19:34Z	1367.00000	1559.45679	1542.63768	1529.50293
2025-09-11T08:19:34Z	1367.00000	1559.45645	1542.63713	1529.50258
2025-09-11T08:19:34Z	1367.00000	1559.45614	1542.63643	1529.50234
2025-09-11T08:19:34Z	1367.00000	1559.45584	1542.63590	1529.50200
2025-09-11T08:19:34Z	1367.00000	1559.45513	1542.63482	1529.50128
2025-09-11T08:19:34Z	1367.00000	1559.45475	1542.63421	1529.50095
2025-09-11T08:19:34Z	1367.00000	1559.45452	1542.63362	1529.50070
2025-09-11T08:19:34Z	1367.00000	1559.45413	1542.63272	1529.50006
2025-09-11T08:19:35Z	1368.00000	1559.45376	1542.63227	1529.49983
2025-09-11T08:19:35Z	1368.00000	1559.45345	1542.63173	1529.49949
2025-09-11T08:19:35Z	1368.00000	1559.45322	1542.63125	1529.49925
2025-09-11T08:19:35Z	1368.00000	1559.45288	1542.63053	1529.49881
2025-09-11T08:19:35Z	1368.00000	1559.45254	1542.63003	1529.49851
2025-09-11T08:19:35Z	1368.00000	1559.45196	1542.62899	1529.49806
2025-09-11T08:19:35Z	1368.00000	1559.45163	1542.62833	1529.49746
2025-09-11T08:19:35Z	1368.00000	1559.45137	1542.62784	1529.49717
2025-09-11T08:19:35Z	1368.00000	1559.45096	1542.62717	1529.49681
2025-09-11T08:19:36Z	1369.00000	1559.45048	1542.62634	1529.49625
2025-09-11T08:19:36Z	1369.00000	1559.45018	1542.62576	1529.49591
2025-09-11T08:19:36Z	1369.00000	1559.44991	1542.62541	1529.49569
2025-09-11T08:19:36Z	1369.00000	1559.44964	1542.62472	1529.49538
2025-09-11T08:19:36Z	1369.00000	1559.44930	1542.62416	1529.49493
2025-09-11T08:19:36Z	1369.00000	1559.44880	1542.62324	1529.49447
2025-09-11T08:19:36Z	1369.00000	1559.44843	1542.62258	1529.49410
2025-09-11T08:19:36Z	1370.00000	1559.44764	1542.62143	1529.49427
2025-09-11T08:19:37Z	1370.00000	1559.44768	1542.62128	1529.49306
2025-09-11T08:19:37Z	1370.00000	1559.44696	1542.62056	1529.49377
2025-09-11T08:19:37Z	1370.00000	1559.44732	1542.62036	1529.49176
2025-09-11T08:19:37Z	1370.00000	1559.44688	1542.61986	1529.49233
2025-09-11T08:19:37Z	1370.00000	1559.44655	1542.61917	1529.49221
2025-09-11T08:19:37Z	1370.00000	1559.44647	1542.61879	1529.49182
2025-09-11T08:19:37Z	1370.00000	1559.44588	1542.61826	1529.49153
2025-09-11T08:19:37Z	1370.00000	1559.44539	1542.61744	1529.49079
2025-09-11T08:19:37Z	1371.00000	1559.44530	1542.61689	1529.49052
2025-09-11T08:19:38Z	1371.00000	1559.44464	1542.61591	1529.49027
2025-09-11T08:19:38Z	1371.00000	1559.44443	1542.61560	1529.48990
2025-09-11T08:19:38Z	1371.00000	1559.44421	1542.61525	1529.48959
2025-09-11T08:19:38Z	1371.00000	1559.44397	1542.61473	1529.48929
2025-09-11T08:19:38Z	1371.00000	1559.44366	1542.61429	1529.48926
2025-09-11T08:19:38Z	1371.00000	1559.44346	1542.61368	1529.48913
2025-09-11T08:19:38Z	1371.00000	1559.44307	1542.61329	1529.48878
2025-09-11T08:19:38Z	1371.00000	1559.44293	1542.61296	1529.48850
2025-09-11T08:19:39Z	1372.00000	1559.44258	1542.61222	1529.48781
2025-09-11T08:19:39Z	1372.00000	1559.44243	1542.61174	1529.48742
2025-09-11T08:19:39Z	1372.00000	1559.44206	1542.61119	1529.48740
2025-09-11T08:19:39Z	1372.00000	1559.44194	1542.61080	1529.48679
2025-09-11T08:19:39Z	1372.00000	1559.44143	1542.61006	1529.48633
2025-09-11T08:19:39Z	1372.00000	1559.44113	1542.60962	1529.48612
2025-09-11T08:19:39Z	1372.00000	1559.44088	1542.60918	1529.48588
2025-09-11T08:19:39Z	1372.00000	1559.44074	1542.60871	1529.48567
2025-09-11T08:19:40Z	1373.00000	1559.44048	1542.60834	1529.48534
2025-09-11T08:19:40Z	1373.00000	1559.44011	1542.60770	1529.48492
2025-09-11T08:19:40Z	1373.00000	1559.43991	1542.60722	1529.48477
2025-09-11T08:19:40Z	1373.00000	1559.43964	1542.60690	1529.48449
2025-09-11T08:19:40Z	1373.00000	1559.43931	1542.60625	1529.48408
2025-09-11T08:19:40Z	1373.00000	1559.43912	1542.60580	1529.48386
2025-09-11T08:19:40Z	1373.00000	1559.43886	1542.60538	1529.48355
2025-09-11T08:19:40Z	1373.00000	1559.43870	1542.60502	1529.48355
2025-09-11T08:19:41Z	1374.00000	1559.43839	1542.60458	1529.48305
2025-09-11T08:19:41Z	1374.00000	1559.43810	1542.60397	1529.48266
2025-09-11T08:19:41Z	1374.00000	1559.43769	1542.60356	1529.48257
2025-09-11T08:19:41Z	1374.00000	1559.43756	1542.60308	1529.48207
2025-09-11T08:19:41Z	1374.00000	1559.43718	1542.60252	1529.48182
2025-09-11T08:19:41Z	1374.00000	1559.43681	1542.60184	1529.48131
2025-09-11T08:19:41Z	1374.00000	1559.43661	1542.60144	1529.48111
2025-09-11T08:19:41Z	1375.00000	1559.43638	1542.60108	1529.48091
2025-09-11T08:19:42Z	1375.00000	1559.43624	1542.60078	1529.48075
2025-09-11T08:19:42Z	1375.00000	1559.43619	1542.60052	1529.48042
2025-09-11T08:19:42Z	1375.00000	1559.43575	1542.60008	1529.48015
2025-09-11T08:19:42Z	1375.00000	1559.43556	1542.59981	1529.48004
2025-09-11T08:19:42Z	1375.00000	1559.43544	1542.59938	1529.47980
2025-09-11T08:19:42Z	1375.00000	1559.43529	1542.59903	1529.47963
2025-09-11T08:19:42Z	1375.00000	1559.43486	1542.59839	1529.47930
2025-09-11T08:19:42Z	1375.00000	1559.43478	1542.59812	1529.47914
2025-09-11T08:19:42Z	1376.00000	1559.43450	1542.59782	1529.47878
2025-09-11T08:19:43Z	1376.00000	1559.43439	1542.59746	1529.47868
2025-09-11T08:19:43Z	1376.00000	1559.43424	1542.59714	1529.47844
2025-09-11T08:19:43Z	1376.00000	1559.43409	1542.59700	1529.47837
2025-09-11T08:19:43Z	1376.00000	1559.43403	1542.59662	1529.47814
2025-09-11T08:19:43Z	1376.00000	1559.43365	1542.59612	1529.47783
2025-09-11T08:19:43Z	1376.00000	1559.43346	1542.59587	1529.47776
2025-09-11T08:19:43Z	1376.00000	1559.43338	1542.59561	1529.47755
2025-09-11T08:19:43Z	1376.00000	1559.43313	1542.59532	1529.47715
2025-09-11T08:19:43Z	1376.00000	1559.43279	1542.59479	1529.47731
2025-09-11T08:19:44Z	1377.00000	1559.43253	1542.59428	1529.47680
2025-09-11T08:19:44Z	1377.00000	1559.43208	1542.59366	1529.47614
2025-09-11T08:19:44Z	1377.00000	1559.43220	1542.59369	1529.47623
2025-09-11T08:19:44Z	1377.00000	1559.43207	1542.59342	1529.47616
2025-09-11T08:19:44Z	1377.00000	1559.43173	1542.59314	1529.47587
2025-09-11T08:19:44Z	1377.00000	1559.43157	1542.59277	1529.47571
2025-09-11T08:19:44Z	1377.00000	1559.43134	1542.59238	1529.47560
2025-09-11T08:19:44Z	1377.00000	1559.43141	1542.59212	1529.47543
2025-09-11T08:19:44Z	1377.00000	1559.43113	1542.59187	1529.47526
2025-09-11T08:19:44Z	1378.00000	1559.43092	1542.59157	1529.47513
2025-09-11T08:19:45Z	1378.00000	1559.43081	1542.59134	1529.47504
2025-09-11T08:19:45Z	1378.00000	1559.43063	1542.59106	1529.47477
2025-09-11T08:19:45Z	1378.00000	1559.43050	1542.59081	1529.47458
2025-09-11T08:19:45Z	1378.00000	1559.43037	1542.59053	1529.47442
2025-09-11T08:19:45Z	1378.00000	1559.51379	1542.75826	1529.56485
2025-09-11T08:19:45Z	1378.00000	1559.72552	1543.18844	1529.80223
2025-09-11T08:19:45Z	1378.00000	1559.92437	1543.61322	1530.03135
2025-09-11T08:19:45Z	1378.00000	1560.16714	1544.16424	1530.31387
2025-09-11T08:19:45Z	1379.00000	1560.55164	1545.03072	1530.76606
2025-09-11T08:19:46Z	1379.00000	1560.72070	1545.41171	1530.96175
2025-09-11T08:19:46Z	1379.00000	1560.89605	1545.79108	1531.15753
2025-09-11T08:19:46Z	1379.00000	1561.13201	1546.29127	1531.42348
2025-09-11T08:19:46Z	1379.00000	1561.44451	1546.96695	1531.78069
2025-09-11T08:19:46Z	1379.00000	1561.59628	1547.31926	1531.96898
2025-09-11T08:19:46Z	1379.00000	1561.72169	1547.62985	1532.13835
2025-09-11T08:19:46Z	1379.00000	1561.84339	1547.95139	1532.31260
2025-09-11T08:19:46Z	1379.00000	1561.95155	1548.23153	1532.46219
2025-09-11T08:19:47Z	1380.00000	1562.22350	1548.89105	1532.81109
2025-09-11T08:19:47Z	1380.00000	1562.35048	1549.18375	1532.96519
2025-09-11T08:19:47Z	1380.00000	1562.49643	1549.51391	1533.14106
2025-09-11T08:19:47Z	1380.00000	1562.73767	1550.03962	1533.42788
2025-09-11T08:19:47Z	1380.00000	1562.89182	1550.36915	1533.61117
2025-09-11T08:19:47Z	1380.00000	1563.09897	1550.81148	1533.85597
2025-09-11T08:19:47Z	1380.00000	1563.20807	1551.02950	1533.97639
2025-09-11T08:19:47Z	1381.00000	1563.31655	1551.25275	1534.10212
2025-09-11T08:19:48Z	1381.00000	1563.40688	1551.41202	1534.20250
2025-09-11T08:19:48Z	1381.00000	1563.41059	1551.41586	1534.20515
2025-09-11T08:19:48Z	1381.00000	1563.41168	1551.41490	1534.20718
2025-09-11T08:19:48Z	1381.00000	1563.41238	1551.41425	1534.20820
2025-09-11T08:19:48Z	1381.00000	1563.41303	1551.41380	1534.20882
2025-09-11T08:19:48Z	1381.00000	1563.41371	1551.41315	1534.20987
2025-09-11T08:19:48Z	1382.00000	1563.41417	1551.41253	1534.21063
2025-09-11T08:19:49Z	1382.00000	1563.41474	1551.41219	1534.21133
2025-09-11T08:19:49Z	1382.00000	1563.41530	1551.41209	1534.21175
2025-09-11T08:19:49Z	1382.00000	1561.98612	1548.03400	1532.31636
2025-09-11T08:19:49Z	1382.00000	1561.72255	1547.46178	1532.00546
2025-09-11T08:19:49Z	1382.00000	1561.54102	1547.09749	1531.80683
2025-09-11T08:19:49Z	1382.00000	1561.30826	1546.63913	1531.57367
2025-09-11T08:19:49Z	1382.00000	1561.13300	1546.27874	1531.38250
2025-09-11T08:19:49Z	1382.00000	1560.78090	1545.54050	1530.99650
2025-09-11T08:19:49Z	1383.00000	1560.62561	1545.19300	1530.81835
2025-09-11T08:19:50Z	1383.00000	1560.44907	1544.80263	1530.61506
2025-09-11T08:19:50Z	1383.00000	1560.30591	1544.47320	1530.44605
2025-09-11T08:19:50Z	1383.00000	1560.14435	1544.11310	1530.26219
2025-09-11T08:19:50Z	1383.00000	1560.00035	1543.79528	1530.10197
2025-09-11T08:19:50Z	1383.00000	1559.86114	1543.48457	1529.94136
2025-09-11T08:19:50Z	1383.00000	1559.72207	1543.18604	1529.78574
2025-09-11T08:19:50Z	1383.00000	1559.58343	1542.89960	1529.63021
2025-09-11T08:19:50Z	1383.00000	1559.57123	1542.87096	1529.61755
2025-09-11T08:19:50Z	1383.00000	1559.56012	1542.84585	1529.60626
2025-09-11T08:19:51Z	1384.00000	1559.54709	1542.81714	1529.59302
2025-09-11T08:19:51Z	1384.00000	1559.54106	1542.80467	1529.58706
2025-09-11T08:19:51Z	1384.00000	1559.53545	1542.79311	1529.58134
2025-09-11T08:19:51Z	1384.00000	1559.53111	1542.78441	1529.57689
2025-09-11T08:19:51Z	1384.00000	1559.52708	1542.77650	1529.57295
2025-09-11T08:19:51Z	1384.00000	1559.52390	1542.77030	1529.56978
2025-09-11T08:19:51Z	1384.00000	1559.52095	1542.76461	1529.56693
2025-09-11T08:19:51Z	1384.00000	1559.51865	1542.76033	1529.56472
2025-09-11T08:19:51Z	1384.00000	1559.51649	1542.75610	1529.56253
2025-09-11T08:19:52Z	1385.00000	1559.51396	1542.75142	1529.56007
2025-09-11T08:19:52Z	1385.00000	1559.50945	1542.74293	1529.55553
2025-09-11T08:19:52Z	1385.00000	1559.50737	1542.73905	1529.55350
2025-09-11T08:19:52Z	1385.00000	1559.50550	1542.73520	1529.55153
2025-09-11T08:19:52Z	1385.00000	1559.50328	1542.73128	1529.54943
2025-09-11T08:19:52Z	1385.00000	1559.50143	1542.72800	1529.54768
2025-09-11T08:19:52Z	1385.00000	1559.49975	1542.72477	1529.54600
2025-09-11T08:19:52Z	1385.00000	1559.49786	1542.72114	1529.54402
2025-09-11T08:19:52Z	1385.00000	1559.49634	1542.71820	1529.54247
2025-09-11T08:19:53Z	1386.00000	1559.49454	1542.71494	1529.54067
2025-09-11T08:19:53Z	1386.00000	1559.49351	1542.71263	1529.53949
2025-09-11T08:19:53Z	1386.00000	1559.49202	1542.71008	1529.53812
2025-09-11T08:19:53Z	1386.00000	1559.49016	1542.70676	1529.53621
2025-09-11T08:19:53Z	1386.00000	1559.48908	1542.70482	1529.53527
2025-09-11T08:19:53Z	1386.00000	1559.48790	1542.70246	1529.53405
2025-09-11T08:19:53Z	1386.00000	1559.48646	1542.69985	1529.53264
2025-09-11T08:19:53Z	1386.00000	1559.48494	1542.69696	1529.53096
2025-09-11T08:19:53Z	1386.00000	1559.48280	1542.69287	1529.52884
2025-09-11T08:19:53Z	1387.00000	1559.48191	1542.69135	1529.52809
2025-09-11T08:19:54Z	1387.00000	1559.48059	1542.68878	1529.52656
2025-09-11T08:19:54Z	1387.00000	1559.47975	1542.68724	1529.52577
2025-09-11T08:19:54Z	1387.00000	1559.47889	1542.68554	1529.52489
2025-09-11T08:19:54Z	1387.00000	1559.47771	1542.68327	1529.52356
2025-09-11T08:19:54Z	1387.00000	1559.47692	1542.68180	1529.52286
2025-09-11T08:19:54Z	1387.00000	1559.47566	1542.67964	1529.52180
2025-09-11T08:19:54Z	1387.00000	1559.47505	1542.67842	1529.52097
2025-09-11T08:19:54Z	1387.00000	1559.47427	1542.67685	1529.52012
2025-09-11T08:19:54Z	1387.00000	1559.47337	1542.67519	1529.51925
2025-09-11T08:19:54Z	1388.00000	1559.47260	1542.67363	1529.51850
2025-09-11T08:19:55Z	1388.00000	1559.47164	1542.67176	1529.51751
2025-09-11T08:19:55Z	1388.00000	1559.47092	1542.67066	1529.51688
2025-09-11T08:19:55Z	1388.00000	1559.47018	1542.66912	1529.51605
2025-09-11T08:19:55Z	1388.00000	1559.46930	1542.66737	1529.51506
2025-09-11T08:19:55Z	1388.00000	1559.89041	1543.53145	1529.98559
2025-09-11T08:19:55Z	1388.00000	1560.13827	1544.08828	1530.27258
2025-09-11T08:19:55Z	1388.00000	1560.46347	1544.83388	1530.65658
2025-09-11T08:19:55Z	1389.00000	1560.60991	1545.15879	1530.82762
2025-09-11T08:19:56Z	1389.00000	1560.77850	1545.53880	1531.02096
2025-09-11T08:19:56Z	1389.00000	1560.95775	1545.92686	1531.22003
2025-09-11T08:19:56Z	1389.00000	1561.16626	1546.36443	1531.45186
2025-09-11T08:19:56Z	1389.00000	1561.39673	1546.86281	1531.71547
2025-09-11T08:19:56Z	1389.00000	1561.55806	1547.22322	1531.90547
2025-09-11T08:19:56Z	1389.00000	1561.67618	1547.50592	1532.05689
2025-09-11T08:19:56Z	1389.00000	1561.79116	1547.79513	1532.21471
2025-09-11T08:19:56Z	1389.00000	1561.89136	1548.05986	1532.35870
2025-09-11T08:19:56Z	1389.00000	1562.05637	1548.46984	1532.57702
2025-09-11T08:19:57Z	1390.00000	1562.19460	1548.81421	1532.75883
2025-09-11T08:19:57Z	1390.00000	1562.29305	1549.05175	1532.88356
2025-09-11T08:19:57Z	1390.00000	1562.45394	1549.41478	1533.07135
2025-09-11T08:19:57Z	1390.00000	1562.56467	1549.65867	1533.20371
2025-09-11T08:19:57Z	1390.00000	1562.69347	1549.94025	1533.35563
2025-09-11T08:19:57Z	1390.00000	1562.83591	1550.23997	1533.51527
2025-09-11T08:19:57Z	1390.00000	1562.96391	1550.51312	1533.66422
2025-09-11T08:19:57Z	1390.00000	1563.06356	1550.72774	1533.79178
2025-09-11T08:19:57Z	1390.00000	1563.18037	1550.96578	1533.92079
2025-09-11T08:19:57Z	1390.00000	1563.30556	1551.23054	1534.06642
2025-09-11T08:19:57Z	1391.00000	1563.39694	1551.42480	1534.17375
2025-09-11T08:19:58Z	1391.00000	1563.41660	1551.43357	1534.19412
2025-09-11T08:19:58Z	1391.00000	1563.41825	1551.43374	1534.19582
2025-09-11T08:19:58Z	1391.00000	1563.41947	1551.43310	1534.19731
2025-09-11T08:19:58Z	1391.00000	1563.42075	1551.43196	1534.19871
2025-09-11T08:19:58Z	1391.00000	1563.42146	1551.43079	1534.19957
2025-09-11T08:19:58Z	1391.00000	1563.42207	1551.42977	1534.20032
2025-09-11T08:19:58Z	1391.00000	1563.42280	1551.42809	1534.20172
2025-09-11T08:19:58Z	1391.00000	1563.42325	1551.42768	1534.20227
2025-09-11T08:19:59Z	1392.00000	1563.42373	1551.42685	1534.20299
2025-09-11T08:19:59Z	1392.00000	1563.42402	1551.42596	1534.20351
2025-09-11T08:19:59Z	1392.00000	1562.05320	1548.16688	1532.38067
2025-09-11T08:19:59Z	1392.00000	1561.73321	1547.48234	1532.01610
2025-09-11T08:19:59Z	1392.00000	1561.56576	1547.14900	1531.83542
2025-09-11T08:19:59Z	1392.00000	1561.34710	1546.71587	1531.60904
2025-09-11T08:19:59Z	1392.00000	1561.11907	1546.24801	1531.36237
2025-09-11T08:19:59Z	1392.00000	1560.89702	1545.78400	1531.11704
2025-09-11T08:19:59Z	1392.00000	1560.71682	1545.39284	1530.91614
2025-09-11T08:20:00Z	1393.00000	1560.39139	1544.66012	1530.53825
2025-09-11T08:20:00Z	1393.00000	1560.27535	1544.39728	1530.40556
2025-09-11T08:20:00Z	1393.00000	1560.11385	1544.03560	1530.22301
2025-09-11T08:20:00Z	1393.00000	1559.96974	1543.72036	1530.06526
2025-09-11T08:20:00Z	1393.00000	1559.83655	1543.42366	1529.91145
2025-09-11T08:20:00Z	1393.00000	1559.69269	1543.12207	1529.75168
2025-09-11T08:20:00Z	1393.00000	1559.59385	1542.91637	1529.64093
2025-09-11T08:20:00Z	1393.00000	1559.58172	1542.88859	1529.62842
2025-09-11T08:20:00Z	1393.00000	1559.57155	1542.86605	1529.61794
2025-09-11T08:20:01Z	1394.00000	1559.56534	1542.85260	1529.61163
2025-09-11T08:20:01Z	1394.00000	1559.56098	1542.84261	1529.60688
2025-09-11T08:20:01Z	1394.00000	1559.55618	1542.83215	1529.60183
2025-09-11T08:20:01Z	1394.00000	1559.55015	1542.81978	1529.59589
2025-09-11T08:20:01Z	1394.00000	1559.54554	1542.81034	1529.59117
2025-09-11T08:20:01Z	1394.00000	1559.54073	1542.80078	1529.58645
2025-09-11T08:20:01Z	1394.00000	1559.53515	1542.78972	1529.58071
2025-09-11T08:20:01Z	1394.00000	1559.53268	1542.78494	1529.57827
2025-09-11T08:20:01Z	1394.00000	1559.52986	1542.77952	1529.57541
2025-09-11T08:20:02Z	1395.00000	1559.52651	1542.77329	1529.57213
2025-09-11T08:20:02Z	1395.00000	1559.52425	1542.76883	1529.56980
2025-09-11T08:20:02Z	1395.00000	1559.52229	1542.76531	1529.56792
2025-09-11T08:20:02Z	1395.00000	1559.52011	1542.76107	1529.56576
2025-09-11T08:20:02Z	1395.00000	1559.51749	1542.75604	1529.56306
2025-09-11T08:20:02Z	1395.00000	1559.51547	1542.75253	1529.56117
2025-09-11T08:20:02Z	1395.00000	1559.51325	1542.74855	1529.55896
2025-09-11T08:20:02Z	1395.00000	1559.51183	1542.74589	1529.55743
2025-09-11T08:20:02Z	1395.00000	1559.51018	1542.74274	1529.55593
2025-09-11T08:20:02Z	1395.00000	1559.50814	1542.73924	1529.55392
2025-09-11T08:20:03Z	1396.00000	1559.50605	1542.73546	1529.55190
2025-09-11T08:20:03Z	1396.00000	1559.50461	1542.73272	1529.55048
2025-09-11T08:20:03Z	1396.00000	1559.50352	1542.73065	1529.54929
2025-09-11T08:20:03Z	1396.00000	1559.50216	1542.72802	1529.54793
2025-09-11T08:20:03Z	1396.00000	1559.50084	1542.72553	1529.54658
2025-09-11T08:20:03Z	1396.00000	1559.49927	1542.72275	1529.54503
2025-09-11T08:20:03Z	1396.00000	1559.49778	1542.72016	1529.54361
2025-09-11T08:20:03Z	1396.00000	1559.49671	1542.71831	1529.54261
2025-09-11T08:20:03Z	1396.00000	1559.49543	1542.71572	1529.54110
2025-09-11T08:20:03Z	1396.00000	1559.49411	1542.71338	1529.53984
2025-09-11T08:20:03Z	1397.00000	1559.49331	1542.71156	1529.53894
2025-09-11T08:20:04Z	1397.00000	1559.49208	1542.70972	1529.53786
2025-09-11T08:20:04Z	1397.00000	1559.49104	1542.70769	1529.53680
2025-09-11T08:20:04Z	1397.00000	1559.48982	1542.70550	1529.53564
2025-09-11T08:20:04Z	1397.00000	1559.48880	1542.70362	1529.53462
2025-09-11T08:20:04Z	1397.00000	1559.48780	1542.70171	1529.53355
2025-09-11T08:20:04Z	1397.00000	1559.48670	1542.69969	1529.53242
2025-09-11T08:20:04Z	1397.00000	1559.48535	1542.69739	1529.53121
2025-09-11T08:20:04Z	1397.00000	1559.48364	1542.69419	1529.52955
2025-09-11T08:20:04Z	1398.00000	1559.48306	1542.69295	1529.52883
2025-09-11T08:20:05Z	1398.00000	1559.48192	1542.69117	1529.52783
2025-09-11T08:20:05Z	1398.00000	1559.48116	1542.68968	1529.52697
2025-09-11T08:20:05Z	1398.00000	1559.48053	1542.68848	1529.52626
2025-09-11T08:20:05Z	1398.00000	1559.47980	1542.68709	1529.52546
2025-09-11T08:20:05Z	1398.00000	1559.67215	1543.07802	1529.73791
2025-09-11T08:20:05Z	1398.00000	1559.88464	1543.51401	1529.97595
2025-09-11T08:20:05Z	1398.00000	1560.16687	1544.14933	1530.30154
2025-09-11T08:20:05Z	1398.00000	1560.31366	1544.48254	1530.47327
2025-09-11T08:20:05Z	1398.00000	1560.55267	1545.02412	1530.75341
2025-09-11T08:20:06Z	1399.00000	1560.75200	1545.47675	1530.98485
2025-09-11T08:20:06Z	1399.00000	1560.90070	1545.79921	1531.14958
2025-09-11T08:20:06Z	1399.00000	1561.04616	1546.11147	1531.31186
2025-09-11T08:20:06Z	1399.00000	1561.22593	1546.48418	1531.50773
2025-09-11T08:20:06Z	1399.00000	1561.42719	1546.91821	1531.73919
2025-09-11T08:20:06Z	1399.00000	1561.58392	1547.27441	1531.92590
2025-09-11T08:20:06Z	1399.00000	1561.75673	1547.69516	1532.15170
2025-09-11T08:20:06Z	1399.00000	1561.89636	1548.05514	1532.34814
2025-09-11T08:20:06Z	1399.00000	1561.99204	1548.29872	1532.47864
2025-09-11T08:20:06Z	1399.00000	1562.11492	1548.60043	1532.63665
2025-09-11T08:20:07Z	1400.00000	1562.23399	1548.89800	1532.79113
2025-09-11T08:20:07Z	1400.00000	1562.33553	1549.13678	1532.91572
2025-09-11T08:20:07Z	1400.00000	1562.48340	1549.46325	1533.08291
2025-09-11T08:20:07Z	1400.00000	1562.67488	1549.88262	1533.30706
2025-09-11T08:20:07Z	1400.00000	1562.81792	1550.18256	1533.46556
2025-09-11T08:20:07Z	1400.00000	1563.00191	1550.57591	1533.67213
2025-09-11T08:20:07Z	1400.00000	1563.09450	1550.77388	1533.79031
2025-09-11T08:20:07Z	1400.00000	1563.19314	1550.98131	1533.90877
2025-09-11T08:20:07Z	1400.00000	1563.26690	1551.14317	1534.00070
2025-09-11T08:20:07Z	1400.00000	1563.37107	1551.36431	1534.12479
2025-09-11T08:20:08Z	1401.00000	1563.42324	1551.44012	1534.18015
2025-09-11T08:20:08Z	1401.00000	1563.42513	1551.44212	1534.18132
2025-09-11T08:20:08Z	1401.00000	1563.42556	1551.44499	1534.18257
2025-09-11T08:20:08Z	1401.00000	1563.42646	1551.44458	1534.18378
2025-09-11T08:20:08Z	1401.00000	1563.42731	1551.44345	1534.18510
2025-09-11T08:20:08Z	1401.00000	1563.42817	1551.44289	1534.18570
2025-09-11T08:20:08Z	1401.00000	1563.42842	1551.44157	1534.18683
2025-09-11T08:20:08Z	1401.00000	1563.42954	1551.44099	1534.18698
2025-09-11T08:20:08Z	1401.00000	1563.42977	1551.44018	1534.18772
2025-09-11T08:20:08Z	1401.00000	1563.42995	1551.43937	1534.18883
2025-09-11T08:20:09Z	1402.00000	1563.42977	1551.43843	1534.18976
2025-09-11T08:20:09Z	1402.00000	1563.43095	1551.43822	1534.18898
2025-09-11T08:20:09Z	1402.00000	1563.09747	1550.37332	1533.65967
2025-09-11T08:20:09Z	1402.00000	1561.76390	1547.56104	1532.05658
2025-09-11T08:20:09Z	1402.00000	1561.59266	1547.20272	1531.86084
2025-09-11T08:20:09Z	1402.00000	1561.33148	1546.68716	1531.58780
2025-09-11T08:20:09Z	1402.00000	1561.16053	1546.33465	1531.40620
2025-09-11T08:20:09Z	1402.00000	1561.02227	1546.04878	1531.25052
2025-09-11T08:20:09Z	1402.00000	1560.86190	1545.70543	1531.07164
2025-09-11T08:20:09Z	1402.00000	1560.71251	1545.37948	1530.90547
2025-09-11T08:20:10Z	1403.00000	1560.51221	1544.92576	1530.67380
2025-09-11T08:20:10Z	1403.00000	1560.38824	1544.64897	1530.52964
2025-09-11T08:20:10Z	1403.00000	1560.24694	1544.33042	1530.36846
2025-09-11T08:20:10Z	1403.00000	1560.08910	1543.97885	1530.19096
2025-09-11T08:20:10Z	1403.00000	1559.92360	1543.61514	1530.00780
2025-09-11T08:20:10Z	1403.00000	1559.78986	1543.32186	1529.85658
2025-09-11T08:20:10Z	1403.00000	1559.64287	1543.01936	1529.69476
2025-09-11T08:20:10Z	1403.00000	1559.59659	1542.92049	1529.64292
2025-09-11T08:20:10Z	1403.00000	1559.58740	1542.89965	1529.63334
2025-09-11T08:20:10Z	1403.00000	1559.57754	1542.87784	1529.62326
2025-09-11T08:20:10Z	1404.00000	1559.57241	1542.86677	1529.61789
2025-09-11T08:20:11Z	1404.00000	1559.56617	1542.85311	1529.61133
2025-09-11T08:20:11Z	1404.00000	1559.56064	1542.84103	1529.60560
2025-09-11T08:20:11Z	1404.00000	1559.55546	1542.83059	1529.60064
2025-09-11T08:20:11Z	1404.00000	1559.55247	1542.82395	1529.59731
2025-09-11T08:20:11Z	1404.00000	1559.54865	1542.81678	1529.59368
2025-09-11T08:20:11Z	1404.00000	1559.54539	1542.80995	1529.59027
2025-09-11T08:20:11Z	1404.00000	1559.54234	1542.80357	1529.58706
2025-09-11T08:20:11Z	1404.00000	1559.53927	1542.79791	1529.58423
2025-09-11T08:20:11Z	1404.00000	1559.53621	1542.79177	1529.58104
2025-09-11T08:20:11Z	1405.00000	1559.53364	1542.78698	1529.57855
2025-09-11T08:20:12Z	1405.00000	1559.53078	1542.78155	1529.57582
2025-09-11T08:20:12Z	1405.00000	1559.52851	1542.77725	1529.57342
2025-09-11T08:20:12Z	1405.00000	1559.52638	1542.77323	1529.57134
2025-09-11T08:20:12Z	1405.00000	1559.52355	1542.76816	1529.56872
2025-09-11T08:20:12Z	1405.00000	1559.52193	1542.76523	1529.56714
2025-09-11T08:20:12Z	1405.00000	1559.52022	1542.76173	1529.56524
2025-09-11T08:20:12Z	1405.00000	1559.51795	1542.75778	1529.56303
2025-09-11T08:20:12Z	1405.00000	1559.51629	1542.75468	1529.56133
2025-09-11T08:20:12Z	1405.00000	1559.51471	1542.75169	1529.55979
2025-09-11T08:20:12Z	1406.00000	1559.51312	1542.74873	1529.55823
2025-09-11T08:20:13Z	1406.00000	1559.51105	1542.74516	1529.55625
2025-09-11T08:20:13Z	1406.00000	1559.50952	1542.74243	1529.55481
2025-09-11T08:20:13Z	1406.00000	1559.50828	1542.73994	1529.55351
2025-09-11T08:20:13Z	1406.00000	1559.50646	1542.73706	1529.55210
2025-09-11T08:20:13Z	1406.00000	1559.50526	1542.73466	1529.55067
2025-09-11T08:20:13Z	1406.00000	1559.50396	1542.73235	1529.54938
2025-09-11T08:20:13Z	1406.00000	1559.50272	1542.73009	1529.54825
2025-09-11T08:20:13Z	1406.00000	1559.50155	1542.72787	1529.54707
2025-09-11T08:20:13Z	1406.00000	1559.50011	1542.72536	1529.54562
2025-09-11T08:20:13Z	1407.00000	1559.49903	1542.72334	1529.54445
2025-09-11T08:20:14Z	1407.00000	1559.49754	1542.72077	1529.54323
2025-09-11T08:20:14Z	1407.00000	1559.49658	1542.71907	1529.54223
2025-09-11T08:20:14Z	1407.00000	1559.49538	1542.71689	1529.54090
2025-09-11T08:20:14Z	1407.00000	1559.49458	1542.71544	1529.54022
2025-09-11T08:20:14Z	1407.00000	1559.49330	1542.71308	1529.53885
2025-09-11T08:20:14Z	1407.00000	1559.49242	1542.71130	1529.53784
2025-09-11T08:20:14Z	1407.00000	1559.49164	1542.70986	1529.53715
2025-09-11T08:20:14Z	1407.00000	1559.49052	1542.70769	1529.53602
2025-09-11T08:20:14Z	1407.00000	1559.48979	1542.70633	1529.53521
2025-09-11T08:20:15Z	1408.00000	1559.48854	1542.70422	1529.53413
2025-09-11T08:20:15Z	1408.00000	1559.48756	1542.70241	1529.53312
2025-09-11T08:20:15Z	1408.00000	1559.48668	1542.70096	1529.53230
2025-09-11T08:20:15Z	1408.00000	1559.48590	1542.69927	1529.53134
2025-09-11T08:20:15Z	1408.00000	1559.61761	1542.96621	1529.67604
2025-09-11T08:20:15Z	1408.00000	1559.83106	1543.39732	1529.91391
2025-09-11T08:20:15Z	1408.00000	1559.99007	1543.74789	1530.09589
2025-09-11T08:20:15Z	1408.00000	1560.14370	1544.09321	1530.27096
2025-09-11T08:20:15Z	1408.00000	1560.35339	1544.57134	1530.51493
2025-09-11T08:20:15Z	1408.00000	1560.56318	1545.04631	1530.76153
2025-09-11T08:20:15Z	1409.00000	1560.73318	1545.43452	1530.95817
2025-09-11T08:20:16Z	1409.00000	1560.91075	1545.82155	1531.15661
2025-09-11T08:20:16Z	1409.00000	1561.15178	1546.32946	1531.42324
2025-09-11T08:20:16Z	1409.00000	1561.35517	1546.76500	1531.65014
2025-09-11T08:20:16Z	1409.00000	1561.52231	1547.12458	1531.83879
2025-09-11T08:20:16Z	1409.00000	1561.64725	1547.41612	1531.99312
2025-09-11T08:20:16Z	1409.00000	1561.74706	1547.66010	1532.12607
2025-09-11T08:20:16Z	1409.00000	1561.87106	1547.98220	1532.30160
2025-09-11T08:20:16Z	1409.00000	1562.00423	1548.32366	1532.48489
2025-09-11T08:20:16Z	1409.00000	1562.10522	1548.57399	1532.61477
2025-09-11T08:20:16Z	1410.00000	1562.22908	1548.88139	1532.77275
2025-09-11T08:20:17Z	1410.00000	1562.39864	1549.27051	1532.96911
2025-09-11T08:20:17Z	1410.00000	1562.55841	1549.62785	1533.15426
2025-09-11T08:20:17Z	1410.00000	1562.70702	1549.94356	1533.32114
2025-09-11T08:20:17Z	1410.00000	1562.92129	1550.39132	1533.55561
2025-09-11T08:20:17Z	1410.00000	1563.06181	1550.69645	1533.71701
2025-09-11T08:20:17Z	1410.00000	1563.13449	1550.86272	1533.81928
2025-09-11T08:20:17Z	1410.00000	1563.22220	1551.05022	1533.93093
2025-09-11T08:20:17Z	1410.00000	1563.30624	1551.22700	1534.03339
2025-09-11T08:20:17Z	1410.00000	1563.40338	1551.43440	1534.15190
2025-09-11T08:20:17Z	1411.00000	1563.42460	1551.44693	1534.17336
2025-09-11T08:20:18Z	1411.00000	1563.42695	1551.44964	1534.17547
2025-09-11T08:20:18Z	1411.00000	1563.42809	1551.44964	1534.17624
2025-09-11T08:20:18Z	1411.00000	1563.42886	1551.44874	1534.17724
2025-09-11T08:20:18Z	1411.00000	1563.42949	1551.44748	1534.17827
2025-09-11T08:20:18Z	1411.00000	1563.43017	1551.44659	1534.17908
2025-09-11T08:20:18Z	1411.00000	1563.43131	1551.44489	1534.18041
2025-09-11T08:20:18Z	1411.00000	1563.43148	1551.44373	1534.18101
2025-09-11T08:20:18Z	1411.00000	1563.43202	1551.44309	1534.18165
2025-09-11T08:20:18Z	1412.00000	1563.43237	1551.44233	1534.18228
2025-09-11T08:20:19Z	1412.00000	1563.43252	1551.44172	1534.18295
2025-09-11T08:20:19Z	1412.00000	1562.17260	1548.41944	1532.48846
2025-09-11T08:20:19Z	1412.00000	1561.73028	1547.49267	1532.01212
2025-09-11T08:20:19Z	1412.00000	1561.52559	1547.07241	1531.78440
2025-09-11T08:20:19Z	1412.00000	1561.33339	1546.69350	1531.58773
2025-09-11T08:20:19Z	1412.00000	1561.12740	1546.26678	1531.36669
2025-09-11T08:20:19Z	1412.00000	1560.96859	1545.93672	1531.18711
2025-09-11T08:20:19Z	1412.00000	1560.75859	1545.48062	1530.95577
2025-09-11T08:20:19Z	1412.00000	1560.63490	1545.20184	1530.81603
2025-09-11T08:20:19Z	1413.00000	1560.48962	1544.87604	1530.64638
2025-09-11T08:20:20Z	1413.00000	1560.29709	1544.43869	1530.42317
2025-09-11T08:20:20Z	1413.00000	1560.18151	1544.18242	1530.29379
2025-09-11T08:20:20Z	1413.00000	1560.01925	1543.82490	1530.11410
2025-09-11T08:20:20Z	1413.00000	1559.90617	1543.57435	1529.98500
2025-09-11T08:20:20Z	1413.00000	1559.77089	1543.28354	1529.83412
2025-09-11T08:20:20Z	1413.00000	1559.62896	1542.98923	1529.67772
2025-09-11T08:20:20Z	1413.00000	1559.59658	1542.91966	1529.64270
2025-09-11T08:20:20Z	1413.00000	1559.58843	1542.90124	1529.63412
2025-09-11T08:20:20Z	1413.00000	1559.58149	1542.88592	1529.62681
2025-09-11T08:20:20Z	1414.00000	1559.57458	1542.87070	1529.61966
2025-09-11T08:20:21Z	1414.00000	1559.56934	1542.85969	1529.61431
2025-09-11T08:20:21Z	1414.00000	1559.56466	1542.84969	1529.60952
2025-09-11T08:20:21Z	1414.00000	1559.56046	1542.84085	1529.60523
2025-09-11T08:20:21Z	1414.00000	1559.55655	1542.83280	1529.60118
2025-09-11T08:20:21Z	1414.00000	1559.55302	1542.82544	1529.59754
2025-09-11T08:20:21Z	1414.00000	1559.54968	1542.81869	1529.59430
2025-09-11T08:20:21Z	1414.00000	1559.54600	1542.81146	1529.59046
2025-09-11T08:20:21Z	1414.00000	1559.54314	1542.80577	1529.58769
2025-09-11T08:20:21Z	1414.00000	1559.54005	1542.79980	1529.58464
2025-09-11T08:20:22Z	1415.00000	1559.53679	1542.79340	1529.58136
2025-09-11T08:20:22Z	1415.00000	1559.53475	1542.78968	1529.57923
2025-09-11T08:20:22Z	1415.00000	1559.53162	1542.78393	1529.57622
2025-09-11T08:20:22Z	1415.00000	1559.52993	1542.78069	1529.57469
2025-09-11T08:20:22Z	1415.00000	1559.52755	1542.77625	1529.57239
2025-09-11T08:20:22Z	1415.00000	1559.52592	1542.77333	1529.57071
2025-09-11T08:20:22Z	1415.00000	1559.52350	1542.76876	1529.56836
2025-09-11T08:20:22Z	1415.00000	1559.52133	1542.76505	1529.56623
2025-09-11T08:20:22Z	1415.00000	1559.51966	1542.76190	1529.56466
2025-09-11T08:20:22Z	1415.00000	1559.51808	1542.75898	1529.56307
2025-09-11T08:20:23Z	1416.00000	1559.51636	1542.75550	1529.56123
2025-09-11T08:20:23Z	1416.00000	1559.51451	1542.75245	1529.55953
2025-09-11T08:20:23Z	1416.00000	1559.51320	1542.74987	1529.55811
2025-09-11T08:20:23Z	1416.00000	1559.51197	1542.74771	1529.55695
2025-09-11T08:20:23Z	1416.00000	1559.51045	1542.74490	1529.55535
2025-09-11T08:20:23Z	1416.00000	1559.50940	1542.74295	1529.55432
2025-09-11T08:20:23Z	1416.00000	1559.50806	1542.74063	1529.55302
2025-09-11T08:20:23Z	1416.00000	1559.50552	1542.73621	1529.55056
2025-09-11T08:20:23Z	1416.00000	1559.50449	1542.73409	1529.54953
2025-09-11T08:20:23Z	1417.00000	1559.50315	1542.73200	1529.54843
2025-09-11T08:20:24Z	1417.00000	1559.50196	1542.72983	1529.54715
2025-09-11T08:20:24Z	1417.00000	1559.50102	1542.72780	1529.54606
2025-09-11T08:20:24Z	1417.00000	1559.49966	1542.72526	1529.54463
2025-09-11T08:20:24Z	1417.00000	1559.49842	1542.72339	1529.54358
2025-09-11T08:20:24Z	1417.00000	1559.49741	1542.72174	1529.54284
2025-09-11T08:20:24Z	1417.00000	1559.49633	1542.71945	1529.54139
2025-09-11T08:20:24Z	1417.00000	1559.49530	1542.71770	1529.54052
2025-09-11T08:20:24Z	1417.00000	1559.49437	1542.71577	1529.53955
2025-09-11T08:20:24Z	1417.00000	1559.49351	1542.71448	1529.53876
2025-09-11T08:20:24Z	1418.00000	1559.49258	1542.71273	1529.53767
2025-09-11T08:20:25Z	1418.00000	1559.49173	1542.71114	1529.53702
2025-09-11T08:20:25Z	1418.00000	1559.49067	1542.70945	1529.53603
2025-09-11T08:20:25Z	1418.00000	1559.49005	1542.70825	1529.53540
2025-09-11T08:20:25Z	1418.00000	1559.48910	1542.70655	1529.53448
2025-09-11T08:20:25Z	1418.00000	1559.50255	1542.73418	1529.54893
2025-09-11T08:20:25Z	1418.00000	1559.73344	1543.19859	1529.80364
2025-09-11T08:20:25Z	1418.00000	1559.96642	1543.69442	1530.06841
2025-09-11T08:20:25Z	1418.00000	1560.15411	1544.11870	1530.28256
2025-09-11T08:20:25Z	1418.00000	1560.33935	1544.53908	1530.49778
2025-09-11T08:20:25Z	1419.00000	1560.54964	1545.01647	1530.74439
2025-09-11T08:20:26Z	1419.00000	1560.78764	1545.55526	1531.01907
2025-09-11T08:20:26Z	1419.00000	1560.99439	1546.00162	1531.24795
2025-09-11T08:20:26Z	1419.00000	1561.17396	1546.37682	1531.44488
2025-09-11T08:20:26Z	1419.00000	1561.38288	1546.82440	1531.67954
2025-09-11T08:20:26Z	1419.00000	1561.54844	1547.18392	1531.86744
2025-09-11T08:20:26Z	1419.00000	1561.69593	1547.52823	1532.05148
2025-09-11T08:20:26Z	1419.00000	1561.79429	1547.77329	1532.18400
2025-09-11T08:20:26Z	1419.00000	1561.91275	1548.08628	1532.35513
2025-09-11T08:20:26Z	1419.00000	1562.00638	1548.32564	1532.48350
2025-09-11T08:20:27Z	1420.00000	1562.15070	1548.68541	1532.67241
2025-09-11T08:20:27Z	1420.00000	1562.24550	1548.92185	1532.79411
2025-09-11T08:20:27Z	1420.00000	1562.43904	1549.36231	1533.01712
2025-09-11T08:20:27Z	1420.00000	1562.58339	1549.68109	1533.18050
2025-09-11T08:20:27Z	1420.00000	1562.72236	1549.97324	1533.33413
2025-09-11T08:20:27Z	1420.00000	1562.89418	1550.32880	1533.51949
2025-09-11T08:20:27Z	1420.00000	1563.06614	1550.70047	1533.71425
2025-09-11T08:20:27Z	1420.00000	1563.16923	1550.93302	1533.86062
2025-09-11T08:20:27Z	1420.00000	1563.25351	1551.11487	1533.96748
2025-09-11T08:20:27Z	1421.00000	1563.41890	1551.45617	1534.15415
2025-09-11T08:20:28Z	1421.00000	1563.43030	1551.45613	1534.16417
2025-09-11T08:20:28Z	1421.00000	1563.43140	1551.46002	1534.16541
2025-09-11T08:20:28Z	1421.00000	1563.43321	1551.45671	1534.16654
2025-09-11T08:20:28Z	1421.00000	1563.43374	1551.45553	1534.16738
2025-09-11T08:20:28Z	1421.00000	1563.43444	1551.45444	1534.16821
2025-09-11T08:20:28Z	1421.00000	1563.43504	1551.45330	1534.16884
2025-09-11T08:20:28Z	1421.00000	1563.43527	1551.45407	1534.16941
2025-09-11T08:20:28Z	1421.00000	1563.43602	1551.45379	1534.16983
2025-09-11T08:20:28Z	1422.00000	1563.43578	1551.45373	1534.17048
2025-09-11T08:20:29Z	1422.00000	1563.43579	1551.45333	1534.17100
2025-09-11T08:20:29Z	1422.00000	1563.43599	1551.45314	1534.17136
2025-09-11T08:20:29Z	1422.00000	1562.05153	1548.16216	1532.35127
2025-09-11T08:20:29Z	1422.00000	1561.74849	1547.53827	1532.03077
2025-09-11T08:20:29Z	1422.00000	1561.33860	1546.71017	1531.58941
2025-09-11T08:20:29Z	1422.00000	1561.13654	1546.29170	1531.37565
2025-09-11T08:20:29Z	1422.00000	1560.97728	1545.95751	1531.19322
2025-09-11T08:20:29Z	1422.00000	1560.79651	1545.56750	1530.99704
2025-09-11T08:20:30Z	1423.00000	1560.62261	1545.17371	1530.79754
2025-09-11T08:20:30Z	1423.00000	1560.50329	1544.90612	1530.65842
2025-09-11T08:20:30Z	1423.00000	1560.33454	1544.52381	1530.46399
2025-09-11T08:20:30Z	1423.00000	1560.19219	1544.20644	1530.30320
2025-09-11T08:20:30Z	1423.00000	1559.91584	1543.59746	1529.99483
2025-09-11T08:20:30Z	1423.00000	1559.75550	1543.25364	1529.81608
2025-09-11T08:20:30Z	1423.00000	1559.60902	1542.94877	1529.65475
2025-09-11T08:20:30Z	1423.00000	1559.60041	1542.92861	1529.64584
2025-09-11T08:20:30Z	1423.00000	1559.59060	1542.90703	1529.63560
2025-09-11T08:20:31Z	1424.00000	1559.57906	1542.88158	1529.62350
2025-09-11T08:20:31Z	1424.00000	1559.57363	1542.87012	1529.61800
2025-09-11T08:20:31Z	1424.00000	1559.56884	1542.86000	1529.61314
2025-09-11T08:20:31Z	1424.00000	1559.56318	1542.84800	1529.60743
2025-09-11T08:20:31Z	1424.00000	1559.55585	1542.83294	1529.59991
2025-09-11T08:20:31Z	1424.00000	1559.55209	1542.82499	1529.59594
2025-09-11T08:20:31Z	1424.00000	1559.54611	1542.81338	1529.59008
2025-09-11T08:20:32Z	1425.00000	1559.54043	1542.80218	1529.58444
2025-09-11T08:20:32Z	1425.00000	1559.53807	1542.79767	1529.58210
2025-09-11T08:20:32Z	1425.00000	1559.53579	1542.79330	1529.57999
2025-09-11T08:20:32Z	1425.00000	1559.53329	1542.78866	1529.57731
2025-09-11T08:20:32Z	1425.00000	1559.52894	1542.78057	1529.57317
2025-09-11T08:20:32Z	1425.00000	1559.52708	1542.77709	1529.57136
2025-09-11T08:20:32Z	1425.00000	1559.52535	1542.77377	1529.56962
2025-09-11T08:20:32Z	1425.00000	1559.52358	1542.77063	1529.56800
2025-09-11T08:20:32Z	1426.00000	1559.52163	1542.76689	1529.56599
2025-09-11T08:20:33Z	1426.00000	1559.51975	1542.76371	1529.56420
2025-09-11T08:20:33Z	1426.00000	1559.51804	1542.76040	1529.56235
2025-09-11T08:20:33Z	1426.00000	1559.51548	1542.75569	1529.55998
2025-09-11T08:20:33Z	1426.00000	1559.51400	1542.75312	1529.55856
2025-09-11T08:20:33Z	1426.00000	1559.51259	1542.75076	1529.55720
2025-09-11T08:20:33Z	1426.00000	1559.51135	1542.74849	1529.55602
2025-09-11T08:20:33Z	1426.00000	1559.51008	1542.74612	1529.55477
2025-09-11T08:20:33Z	1426.00000	1559.50886	1542.74395	1529.55359
2025-09-11T08:20:33Z	1427.00000	1559.50768	1542.74180	1529.55235
2025-09-11T08:20:34Z	1427.00000	1559.50630	1542.73946	1529.55114
2025-09-11T08:20:34Z	1427.00000	1559.50522	1542.73745	1529.55004
2025-09-11T08:20:34Z	1427.00000	1559.50416	1542.73549	1529.54893
2025-09-11T08:20:34Z	1427.00000	1559.50278	1542.73326	1529.54777
2025-09-11T08:20:34Z	1427.00000	1559.50184	1542.73147	1529.54681
2025-09-11T08:20:34Z	1427.00000	1559.50064	1542.72933	1529.54552
2025-09-11T08:20:34Z	1427.00000	1559.49953	1542.72724	1529.54444
2025-09-11T08:20:34Z	1427.00000	1559.49878	1542.72579	1529.54365
2025-09-11T08:20:34Z	1427.00000	1559.49777	1542.72418	1529.54278
2025-09-11T08:20:34Z	1428.00000	1559.49677	1542.72225	1529.54173
2025-09-11T08:20:35Z	1428.00000	1559.49566	1542.72033	1529.54067
2025-09-11T08:20:35Z	1428.00000	1559.49496	1542.71898	1529.53984
2025-09-11T08:20:35Z	1428.00000	1559.49401	1542.71751	1529.53909
2025-09-11T08:20:35Z	1428.00000	1559.49319	1542.71584	1529.53822
2025-09-11T08:20:35Z	1428.00000	1559.54176	1542.81066	1529.58916
2025-09-11T08:20:35Z	1428.00000	1559.72146	1543.17563	1529.78937
2025-09-11T08:20:35Z	1428.00000	1560.00031	1543.77093	1530.10377
2025-09-11T08:20:35Z	1428.00000	1560.21743	1544.26002	1530.35225
2025-09-11T08:20:35Z	1428.00000	1560.42576	1544.74015	1530.59690
2025-09-11T08:20:36Z	1429.00000	1560.61103	1545.15608	1530.81386
2025-09-11T08:20:36Z	1429.00000	1560.84111	1545.67208	1531.07379
2025-09-11T08:20:36Z	1429.00000	1561.05055	1546.12583	1531.30673
2025-09-11T08:20:36Z	1429.00000	1561.34715	1546.75088	1531.63430
2025-09-11T08:20:36Z	1429.00000	1561.49193	1547.05671	1531.79504
2025-09-11T08:20:36Z	1429.00000	1561.64843	1547.41861	1531.98431
2025-09-11T08:20:36Z	1429.00000	1561.77213	1547.71979	1532.14635
2025-09-11T08:20:36Z	1429.00000	1561.87856	1547.99607	1532.29543
2025-09-11T08:20:36Z	1429.00000	1561.98545	1548.27501	1532.44420
2025-09-11T08:20:36Z	1430.00000	1562.10705	1548.57998	1532.60463
2025-09-11T08:20:37Z	1430.00000	1562.25268	1548.94231	1532.79112
2025-09-11T08:20:37Z	1430.00000	1562.40909	1549.29825	1532.96982
2025-09-11T08:20:37Z	1430.00000	1562.55675	1549.62599	1533.13697
2025-09-11T08:20:37Z	1430.00000	1562.78762	1550.10300	1533.38154
2025-09-11T08:20:37Z	1430.00000	1562.95945	1550.47420	1533.57569
2025-09-11T08:20:37Z	1430.00000	1563.05918	1550.69541	1533.69042
2025-09-11T08:20:37Z	1430.00000	1563.13538	1550.86970	1533.79821
2025-09-11T08:20:37Z	1430.00000	1563.28430	1551.18352	1533.98396
2025-09-11T08:20:37Z	1430.00000	1563.36554	1551.35392	1534.08009
2025-09-11T08:20:37Z	1431.00000	1563.43257	1551.46146	1534.15217
2025-09-11T08:20:38Z	1431.00000	1563.43525	1551.46800	1534.15316
2025-09-11T08:20:38Z	1431.00000	1563.43662	1551.46846	1534.15497
2025-09-11T08:20:38Z	1431.00000	1563.43783	1551.46717	1534.15667
2025-09-11T08:20:38Z	1431.00000	1563.43886	1551.46634	1534.15746
2025-09-11T08:20:38Z	1431.00000	1563.43923	1551.46567	1534.15799
2025-09-11T08:20:38Z	1431.00000	1563.43976	1551.46460	1534.15887
2025-09-11T08:20:38Z	1431.00000	1563.44005	1551.46383	1534.15926
2025-09-11T08:20:38Z	1431.00000	1563.43972	1551.46202	1534.15819
2025-09-11T08:20:39Z	1432.00000	1563.43995	1551.46085	1534.15933
2025-09-11T08:20:39Z	1432.00000	1563.43989	1551.45919	1534.15856
2025-09-11T08:20:39Z	1432.00000	1562.32929	1548.76464	1532.66053
2025-09-11T08:20:39Z	1432.00000	1561.67250	1547.37882	1531.93453
2025-09-11T08:20:39Z	1432.00000	1561.49389	1547.01900	1531.74308
2025-09-11T08:20:39Z	1432.00000	1561.26378	1546.55658	1531.50409
2025-09-11T08:20:39Z	1432.00000	1561.12257	1546.26553	1531.35296
2025-09-11T08:20:39Z	1432.00000	1560.93665	1545.87619	1531.14493
2025-09-11T08:20:39Z	1432.00000	1560.75577	1545.47872	1530.94396
2025-09-11T08:20:39Z	1433.00000	1560.60436	1545.13322	1530.77128
2025-09-11T08:20:40Z	1433.00000	1560.43084	1544.74677	1530.57052
2025-09-11T08:20:40Z	1433.00000	1560.31896	1544.48996	1530.44208
2025-09-11T08:20:40Z	1433.00000	1560.15863	1544.13554	1530.26371
2025-09-11T08:20:40Z	1433.00000	1560.01895	1543.82646	1530.10963
2025-09-11T08:20:40Z	1433.00000	1559.83472	1543.41985	1529.90238
2025-09-11T08:20:40Z	1433.00000	1559.61133	1542.95467	1529.65647
2025-09-11T08:20:40Z	1433.00000	1559.60119	1542.93156	1529.64607
2025-09-11T08:20:40Z	1433.00000	1559.59425	1542.91641	1529.63887
2025-09-11T08:20:40Z	1434.00000	1559.58638	1542.89931	1529.63086
2025-09-11T08:20:41Z	1434.00000	1559.57854	1542.88255	1529.62281
2025-09-11T08:20:41Z	1434.00000	1559.56920	1542.86237	1529.61313
2025-09-11T08:20:41Z	1434.00000	1559.56583	1542.85536	1529.60974
2025-09-11T08:20:41Z	1434.00000	1559.56196	1542.84723	1529.60572
2025-09-11T08:20:41Z	1434.00000	1559.55739	1542.83783	1529.60110
2025-09-11T08:20:41Z	1434.00000	1559.55470	1542.83244	1529.59844
2025-09-11T08:20:41Z	1434.00000	1559.55182	1542.82637	1529.59534
2025-09-11T08:20:41Z	1434.00000	1559.54834	1542.81982	1529.59212
2025-09-11T08:20:42Z	1435.00000	1559.54494	1542.81281	1529.58855
2025-09-11T08:20:42Z	1435.00000	1559.54285	1542.80872	1529.58643
2025-09-11T08:20:42Z	1435.00000	1559.54044	1542.80422	1529.58412
2025-09-11T08:20:42Z	1435.00000	1559.53743	1542.79840	1529.58123
2025-09-11T08:20:42Z	1435.00000	1559.53576	1542.79501	1529.57950
2025-09-11T08:20:42Z	1435.00000	1559.53361	1542.79138	1529.57751
2025-09-11T08:20:42Z	1435.00000	1559.53108	1542.78645	1529.57495
2025-09-11T08:20:42Z	1435.00000	1559.52956	1542.78360	1529.57349
2025-09-11T08:20:42Z	1435.00000	1559.52776	1542.78030	1529.57165
2025-09-11T08:20:42Z	1435.00000	1559.52583	1542.77663	1529.56986
2025-09-11T08:20:42Z	1436.00000	1559.52420	1542.77366	1529.56816
2025-09-11T08:20:43Z	1436.00000	1559.52209	1542.76982	1529.56614
2025-09-11T08:20:43Z	1436.00000	1559.52076	1542.76750	1529.56485
2025-09-11T08:20:43Z	1436.00000	1559.51931	1542.76473	1529.56343
2025-09-11T08:20:43Z	1436.00000	1559.51792	1542.76223	1529.56207
2025-09-11T08:20:43Z	1436.00000	1559.51671	1542.75978	1529.56071
2025-09-11T08:20:43Z	1436.00000	1559.51483	1542.75650	1529.55899
2025-09-11T08:20:43Z	1436.00000	1559.51333	1542.75397	1529.55754
2025-09-11T08:20:43Z	1436.00000	1559.51209	1542.75167	1529.55630
2025-09-11T08:20:43Z	1436.00000	1559.51115	1542.74996	1529.55536
2025-09-11T08:20:44Z	1437.00000	1559.50984	1542.74753	1529.55407
2025-09-11T08:20:44Z	1437.00000	1559.50863	1542.74553	1529.55294
2025-09-11T08:20:44Z	1437.00000	1559.50764	1542.74345	1529.55188
2025-09-11T08:20:44Z	1437.00000	1559.50644	1542.74160	1529.55078
2025-09-11T08:20:44Z	1437.00000	1559.50502	1542.73916	1529.54952
2025-09-11T08:20:44Z	1437.00000	1559.50385	1542.73702	1529.54833
2025-09-11T08:20:44Z	1437.00000	1559.50313	1542.73558	1529.54757
2025-09-11T08:20:44Z	1437.00000	1559.50222	1542.73395	1529.54673
2025-09-11T08:20:44Z	1437.00000	1559.50123	1542.73227	1529.54572
2025-09-11T08:20:44Z	1437.00000	1559.50026	1542.73064	1529.54485
2025-09-11T08:20:44Z	1438.00000	1559.49929	1542.72871	1529.54371
2025-09-11T08:20:45Z	1438.00000	1559.49829	1542.72718	1529.54299
2025-09-11T08:20:45Z	1438.00000	1559.49746	1542.72566	1529.54213
2025-09-11T08:20:45Z	1438.00000	1559.49673	1542.72405	1529.54126
2025-09-11T08:20:45Z	1438.00000	1559.49586	1542.72271	1529.54047
2025-09-11T08:20:45Z	1438.00000	1559.64242	1543.02033	1529.70209
2025-09-11T08:20:45Z	1438.00000	1559.88852	1543.52348	1529.97341
2025-09-11T08:20:45Z	1438.00000	1560.04798	1543.87563	1530.15321
2025-09-11T08:20:45Z	1438.00000	1560.23327	1544.29724	1530.36759
2025-09-11T08:20:45Z	1438.00000	1560.44446	1544.78284	1530.61537
2025-09-11T08:20:45Z	1439.00000	1560.62035	1545.17892	1530.82089
2025-09-11T08:20:46Z	1439.00000	1560.82030	1545.62773	1531.04714
2025-09-11T08:20:46Z	1439.00000	1561.00041	1546.01848	1531.24564
2025-09-11T08:20:46Z	1439.00000	1561.27076	1546.58902	1531.54182
2025-09-11T08:20:46Z	1439.00000	1561.60437	1547.31521	1531.92189
2025-09-11T08:20:46Z	1439.00000	1561.73875	1547.63591	1532.09216
2025-09-11T08:20:46Z	1439.00000	1561.83209	1547.87487	1532.21822
2025-09-11T08:20:46Z	1439.00000	1561.94775	1548.18599	1532.38518
2025-09-11T08:20:46Z	1439.00000	1562.04629	1548.43553	1532.51969
2025-09-11T08:20:46Z	1440.00000	1562.19096	1548.79555	1532.70620
2025-09-11T08:20:47Z	1440.00000	1562.37418	1549.22584	1532.92540
2025-09-11T08:20:47Z	1440.00000	1562.53152	1549.57244	1533.10015
2025-09-11T08:20:47Z	1440.00000	1562.66927	1549.86500	1533.25010
2025-09-11T08:20:47Z	1440.00000	1562.84796	1550.24414	1533.44650
2025-09-11T08:20:47Z	1440.00000	1562.96190	1550.49274	1533.57470
2025-09-11T08:20:47Z	1440.00000	1563.08722	1550.76630	1533.71849
2025-09-11T08:20:47Z	1440.00000	1563.20915	1551.02453	1533.87427
2025-09-11T08:20:47Z	1440.00000	1563.30830	1551.23895	1533.99694
2025-09-11T08:20:47Z	1440.00000	1563.42631	1551.46912	1534.12149
2025-09-11T08:20:48Z	1441.00000	1563.44044	1551.47208	1534.13542
2025-09-11T08:20:48Z	1441.00000	1563.44209	1551.47606	1534.13604
2025-09-11T08:20:48Z	1441.00000	1563.44303	1551.47595	1534.13650
2025-09-11T08:20:48Z	1441.00000	1563.44349	1551.47560	1534.13729
2025-09-11T08:20:48Z	1441.00000	1563.44393	1551.47514	1534.13823
2025-09-11T08:20:48Z	1441.00000	1563.44483	1551.47398	1534.13916
2025-09-11T08:20:48Z	1441.00000	1563.44525	1551.47306	1534.13997
2025-09-11T08:20:48Z	1441.00000	1563.44569	1551.47268	1534.13983
2025-09-11T08:20:48Z	1441.00000	1563.44609	1551.47221	1534.14066
2025-09-11T08:20:48Z	1441.00000	1563.44456	1551.46914	1534.14097
2025-09-11T08:20:48Z	1442.00000	1563.44510	1551.46871	1534.14070
2025-09-11T08:20:49Z	1442.00000	1563.44517	1551.46806	1534.14114
2025-09-11T08:20:49Z	1442.00000	1563.44548	1551.46773	1534.14165
2025-09-11T08:20:49Z	1442.00000	1561.94841	1547.94394	1532.21713
2025-09-11T08:20:49Z	1442.00000	1561.60823	1547.25300	1531.86098
2025-09-11T08:20:49Z	1442.00000	1561.46336	1546.95733	1531.70632
2025-09-11T08:20:49Z	1442.00000	1561.26873	1546.56696	1531.50370
2025-09-11T08:20:49Z	1442.00000	1561.09945	1546.21589	1531.31833
2025-09-11T08:20:49Z	1442.00000	1560.94453	1545.89129	1531.14625
2025-09-11T08:20:49Z	1442.00000	1560.75630	1545.47781	1530.93953
2025-09-11T08:20:49Z	1443.00000	1560.60559	1545.13375	1530.76728
2025-09-11T08:20:50Z	1443.00000	1560.45823	1544.80862	1530.59897
2025-09-11T08:20:50Z	1443.00000	1560.29363	1544.43208	1530.40910
2025-09-11T08:20:50Z	1443.00000	1560.15617	1544.12879	1530.25764
2025-09-11T08:20:50Z	1443.00000	1560.01514	1543.81776	1530.10312
2025-09-11T08:20:50Z	1443.00000	1559.87801	1543.51576	1529.94757
2025-09-11T08:20:50Z	1443.00000	1559.71688	1543.17407	1529.77084
2025-09-11T08:20:50Z	1443.00000	1559.61617	1542.96578	1529.66037
2025-09-11T08:20:50Z	1443.00000	1559.60489	1542.94031	1529.64873
2025-09-11T08:20:50Z	1443.00000	1559.59432	1542.91701	1529.63780
2025-09-11T08:20:50Z	1444.00000	1559.58778	1542.90281	1529.63104
2025-09-11T08:20:51Z	1444.00000	1559.58195	1542.89055	1529.62526
2025-09-11T08:20:51Z	1444.00000	1559.57683	1542.87946	1529.61992
2025-09-11T08:20:51Z	1444.00000	1559.57156	1542.86839	1529.61453
2025-09-11T08:20:51Z	1444.00000	1559.56696	1542.85868	1529.60983
2025-09-11T08:20:51Z	1444.00000	1559.56310	1542.85076	1529.60599
2025-09-11T08:20:51Z	1444.00000	1559.55967	1542.84365	1529.60237
2025-09-11T08:20:51Z	1444.00000	1559.55653	1542.83714	1529.59929
2025-09-11T08:20:51Z	1444.00000	1559.55352	1542.83113	1529.59622
2025-09-11T08:20:51Z	1444.00000	1559.55071	1542.82546	1529.59341
2025-09-11T08:20:52Z	1445.00000	1559.54706	1542.81849	1529.58996
2025-09-11T08:20:52Z	1445.00000	1559.54507	1542.81445	1529.58789
2025-09-11T08:20:52Z	1445.00000	1559.54228	1542.80913	1529.58525
2025-09-11T08:20:52Z	1445.00000	1559.53977	1542.80423	1529.58281
2025-09-11T08:20:52Z	1445.00000	1559.53684	1542.79881	1529.58015
2025-09-11T08:20:52Z	1445.00000	1559.53463	1542.79433	1529.57772
2025-09-11T08:20:52Z	1445.00000	1559.53239	1542.79031	1529.57564
2025-09-11T08:20:52Z	1445.00000	1559.52918	1542.78420	1529.57250
2025-09-11T08:20:52Z	1445.00000	1559.52749	1542.78122	1529.57082
2025-09-11T08:20:53Z	1446.00000	1559.52628	1542.77878	1529.56962
2025-09-11T08:20:53Z	1446.00000	1559.52406	1542.77498	1529.56757
2025-09-11T08:20:53Z	1446.00000	1559.52284	1542.77274	1529.56634
2025-09-11T08:20:53Z	1446.00000	1559.52106	1542.76956	1529.56459
2025-09-11T08:20:53Z	1446.00000	1559.51953	1542.76654	1529.56304
2025-09-11T08:20:53Z	1446.00000	1559.51831	1542.76457	1529.56198
2025-09-11T08:20:53Z	1446.00000	1559.51730	1542.76261	1529.56078
2025-09-11T08:20:53Z	1446.00000	1559.51595	1542.76040	1529.55960
2025-09-11T08:20:53Z	1446.00000	1559.51435	1542.75732	1529.55792
2025-09-11T08:20:53Z	1446.00000	1559.51300	1542.75490	1529.55662
2025-09-11T08:20:54Z	1447.00000	1559.51156	1542.75250	1529.55537
2025-09-11T08:20:54Z	1447.00000	1559.51073	1542.75082	1529.55442
2025-09-11T08:20:54Z	1447.00000	1559.50945	1542.74843	1529.55323
2025-09-11T08:20:54Z	1447.00000	1559.50845	1542.74682	1529.55238
2025-09-11T08:20:54Z	1447.00000	1559.50742	1542.74508	1529.55137
2025-09-11T08:20:54Z	1447.00000	1559.50651	1542.74325	1529.55041
2025-09-11T08:20:54Z	1447.00000	1559.50535	1542.74122	1529.54930
2025-09-11T08:20:54Z	1447.00000	1559.50430	1542.73912	1529.54817
2025-09-11T08:20:54Z	1447.00000	1559.50312	1542.73722	1529.54723
2025-09-11T08:20:54Z	1447.00000	1559.50244	1542.73594	1529.54642
2025-09-11T08:20:54Z	1448.00000	1559.50147	1542.73426	1529.54545
2025-09-11T08:20:55Z	1448.00000	1559.50050	1542.73236	1529.54449
2025-09-11T08:20:55Z	1448.00000	1559.49971	1542.73117	1529.54388
2025-09-11T08:20:55Z	1448.00000	1559.49885	1542.72965	1529.54288
2025-09-11T08:20:55Z	1448.00000	1559.49801	1542.72818	1529.54219
2025-09-11T08:20:55Z	1448.00000	1559.69763	1543.13031	1529.76095
2025-09-11T08:20:55Z	1448.00000	1559.90650	1543.56356	1529.99214
2025-09-11T08:20:55Z	1448.00000	1560.15967	1544.12945	1530.27970
2025-09-11T08:20:55Z	1448.00000	1560.37382	1544.61785	1530.52704
2025-09-11T08:20:56Z	1449.00000	1560.72556	1545.41785	1530.93538
2025-09-11T08:20:56Z	1449.00000	1560.90140	1545.80431	1531.13080
2025-09-11T08:20:56Z	1449.00000	1561.04959	1546.12456	1531.29489
2025-09-11T08:20:56Z	1449.00000	1561.23553	1546.51070	1531.49515
2025-09-11T08:20:56Z	1449.00000	1561.46881	1547.00778	1531.75496
2025-09-11T08:20:56Z	1449.00000	1561.65232	1547.42872	1531.97207
2025-09-11T08:20:56Z	1449.00000	1561.75601	1547.68067	1532.10565
2025-09-11T08:20:56Z	1449.00000	1561.86552	1547.96347	1532.25600
2025-09-11T08:20:56Z	1449.00000	1561.94734	1548.18698	1532.37663
2025-09-11T08:20:56Z	1449.00000	1562.08753	1548.53712	1532.56712
2025-09-11T08:20:56Z	1450.00000	1562.20865	1548.83808	1532.72483
2025-09-11T08:20:57Z	1450.00000	1562.35149	1549.16939	1532.89488
2025-09-11T08:20:57Z	1450.00000	1562.49851	1549.50186	1533.06146
2025-09-11T08:20:57Z	1450.00000	1562.68404	1549.89902	1533.26757
2025-09-11T08:20:57Z	1450.00000	1562.88411	1550.33150	1533.48926
2025-09-11T08:20:57Z	1450.00000	1563.03499	1550.65698	1533.65463
2025-09-11T08:20:57Z	1450.00000	1563.12022	1550.84555	1533.76951
2025-09-11T08:20:57Z	1450.00000	1563.22339	1551.05544	1533.89161
2025-09-11T08:20:57Z	1450.00000	1563.36110	1551.34120	1534.05103
2025-09-11T08:20:57Z	1450.00000	1563.43244	1551.45800	1534.12699
2025-09-11T08:20:57Z	1451.00000	1563.43360	1551.46624	1534.12678
2025-09-11T08:20:58Z	1451.00000	1563.43399	1551.46994	1534.12808
2025-09-11T08:20:58Z	1451.00000	1563.43473	1551.47008	1534.12913
2025-09-11T08:20:58Z	1451.00000	1563.43553	1551.46957	1534.12968
2025-09-11T08:20:58Z	1451.00000	1563.43615	1551.46885	1534.13017
2025-09-11T08:20:58Z	1451.00000	1563.43689	1551.46808	1534.13112
2025-09-11T08:20:58Z	1451.00000	1563.43727	1551.46714	1534.13141
2025-09-11T08:20:58Z	1451.00000	1563.43774	1551.46645	1534.13225
2025-09-11T08:20:58Z	1451.00000	1563.43803	1551.46605	1534.13268
2025-09-11T08:20:58Z	1451.00000	1563.43833	1551.46541	1534.13324
2025-09-11T08:20:58Z	1452.00000	1563.43878	1551.46490	1534.13354
2025-09-11T08:20:59Z	1452.00000	1563.43872	1551.46435	1534.13411
2025-09-11T08:20:59Z	1452.00000	1563.43950	1551.45721	1534.13427
2025-09-11T08:20:59Z	1452.00000	1561.84817	1547.73327	1532.10494
2025-09-11T08:20:59Z	1452.00000	1561.60030	1547.23158	1531.84556
2025-09-11T08:20:59Z	1452.00000	1561.33691	1546.71135	1531.57252
2025-09-11T08:20:59Z	1452.00000	1561.16471	1546.35404	1531.39135
2025-09-11T08:20:59Z	1452.00000	1561.02895	1546.07097	1531.23823
2025-09-11T08:20:59Z	1452.00000	1560.86578	1545.71875	1531.05780
2025-09-11T08:20:59Z	1452.00000	1560.71538	1545.38933	1530.89099
2025-09-11T08:20:59Z	1453.00000	1560.56625	1545.04812	1530.71900
2025-09-11T08:21:00Z	1453.00000	1560.39091	1544.65577	1530.51753
2025-09-11T08:21:00Z	1453.00000	1560.24867	1544.33521	1530.35759
2025-09-11T08:21:00Z	1453.00000	1560.06505	1543.92856	1530.15467
2025-09-11T08:21:00Z	1453.00000	1559.94787	1543.67191	1530.02758
2025-09-11T08:21:00Z	1453.00000	1559.81396	1543.37857	1529.87737
2025-09-11T08:21:00Z	1453.00000	1559.62625	1542.98985	1529.67058
2025-09-11T08:21:00Z	1453.00000	1559.60689	1542.94643	1529.65047
2025-09-11T08:21:00Z	1453.00000	1559.60000	1542.93081	1529.64338
2025-09-11T08:21:00Z	1453.00000	1559.59390	1542.91790	1529.63720
2025-09-11T08:21:01Z	1454.00000	1559.58684	1542.90232	1529.62973
2025-09-11T08:21:01Z	1454.00000	1559.58229	1542.89292	1529.62523
2025-09-11T08:21:01Z	1454.00000	1559.57749	1542.88268	1529.62025
2025-09-11T08:21:01Z	1454.00000	1559.57182	1542.87052	1529.61439
2025-09-11T08:21:01Z	1454.00000	1559.56794	1542.86241	1529.61048
2025-09-11T08:21:01Z	1454.00000	1559.56378	1542.85373	1529.60631
2025-09-11T08:21:01Z	1454.00000	1559.55985	1542.84578	1529.60237
2025-09-11T08:21:01Z	1454.00000	1559.55683	1542.83952	1529.59931
2025-09-11T08:21:01Z	1454.00000	1559.55448	1542.83479	1529.59702
2025-09-11T08:21:01Z	1454.00000	1559.55208	1542.83012	1529.59469
2025-09-11T08:21:01Z	1455.00000	1559.54956	1542.82506	1529.59218
2025-09-11T08:21:02Z	1455.00000	1559.54668	1542.81943	1529.58932
2025-09-11T08:21:02Z	1455.00000	1559.54355	1542.81330	1529.58618
2025-09-11T08:21:02Z	1455.00000	1559.54183	1542.80983	1529.58443
2025-09-11T08:21:02Z	1455.00000	1559.53969	1542.80566	1529.58239
2025-09-11T08:21:02Z	1455.00000	1559.53763	1542.80196	1529.58052
2025-09-11T08:21:02Z	1455.00000	1559.53576	1542.79831	1529.57859
2025-09-11T08:21:02Z	1455.00000	1559.53387	1542.79482	1529.57679
2025-09-11T08:21:02Z	1455.00000	1559.53216	1542.79146	1529.57503
2025-09-11T08:21:02Z	1455.00000	1559.53043	1542.78835	1529.57347
2025-09-11T08:21:02Z	1456.00000	1559.52818	1542.78428	1529.57129
2025-09-11T08:21:03Z	1456.00000	1559.52669	1542.78135	1529.56983
2025-09-11T08:21:03Z	1456.00000	1559.52525	1542.77864	1529.56843
2025-09-11T08:21:03Z	1456.00000	1559.52327	1542.77507	1529.56653
2025-09-11T08:21:03Z	1456.00000	1559.52188	1542.77250	1529.56514
2025-09-11T08:21:03Z	1456.00000	1559.52062	1542.77004	1529.56383
2025-09-11T08:21:03Z	1456.00000	1559.51919	1542.76775	1529.56261
2025-09-11T08:21:03Z	1456.00000	1559.51796	1542.76542	1529.56132
2025-09-11T08:21:03Z	1456.00000	1559.51672	1542.76319	1529.56013
2025-09-11T08:21:03Z	1456.00000	1559.51567	1542.76101	1529.55898
2025-09-11T08:21:03Z	1457.00000	1559.51417	1542.75862	1529.55758
2025-09-11T08:21:04Z	1457.00000	1559.51285	1542.75626	1529.55632
2025-09-11T08:21:04Z	1457.00000	1559.51151	1542.75402	1529.55501
2025-09-11T08:21:04Z	1457.00000	1559.51067	1542.75195	1529.55400
2025-09-11T08:21:04Z	1457.00000	1559.50959	1542.75007	1529.55301
2025-09-11T08:21:04Z	1457.00000	1559.50844	1542.74834	1529.55207
2025-09-11T08:21:04Z	1457.00000	1559.50751	1542.74664	1529.55108
2025-09-11T08:21:04Z	1457.00000	1559.50623	1542.74421	1529.54990
2025-09-11T08:21:04Z	1457.00000	1559.50529	1542.74269	1529.54899
2025-09-11T08:21:04Z	1457.00000	1559.50433	1542.74096	1529.54812
2025-09-11T08:21:05Z	1458.00000	1559.50318	1542.73890	1529.54690
2025-09-11T08:21:05Z	1458.00000	1559.50224	1542.73721	1529.54596
2025-09-11T08:21:05Z	1458.00000	1559.50149	1542.73595	1529.54525
2025-09-11T08:21:05Z	1458.00000	1559.50082	1542.73437	1529.54455
2025-09-11T08:21:05Z	1458.00000	1559.50002	1542.73339	1529.54381
2025-09-11T08:21:05Z	1458.00000	1559.78171	1543.30287	1529.85431
2025-09-11T08:21:05Z	1458.00000	1559.94631	1543.65239	1530.03816
2025-09-11T08:21:05Z	1458.00000	1560.19535	1544.21015	1530.31932
2025-09-11T08:21:05Z	1458.00000	1560.40911	1544.70075	1530.56692
2025-09-11T08:21:05Z	1458.00000	1560.55713	1545.03256	1530.73910
2025-09-11T08:21:05Z	1459.00000	1560.70042	1545.36243	1530.90479
2025-09-11T08:21:06Z	1459.00000	1560.87413	1545.74646	1531.09875
2025-09-11T08:21:06Z	1459.00000	1561.05163	1546.13167	1531.29505
2025-09-11T08:21:06Z	1459.00000	1561.26586	1546.58160	1531.52753
2025-09-11T08:21:06Z	1459.00000	1561.47373	1547.02255	1531.75823
2025-09-11T08:21:06Z	1459.00000	1561.63439	1547.38944	1531.94776
2025-09-11T08:21:06Z	1459.00000	1561.79908	1547.79067	1532.16046
2025-09-11T08:21:06Z	1459.00000	1561.91756	1548.10537	1532.32936
2025-09-11T08:21:06Z	1459.00000	1562.05724	1548.45869	1532.52058
2025-09-11T08:21:06Z	1459.00000	1562.15625	1548.70396	1532.64918
2025-09-11T08:21:07Z	1460.00000	1562.30925	1549.07121	1532.83819
2025-09-11T08:21:07Z	1460.00000	1562.41848	1549.32689	1532.96767
2025-09-11T08:21:07Z	1460.00000	1562.58916	1549.70652	1533.16395
2025-09-11T08:21:07Z	1460.00000	1562.75105	1550.04695	1533.33996
2025-09-11T08:21:07Z	1460.00000	1562.91311	1550.40450	1533.52344
2025-09-11T08:21:07Z	1460.00000	1563.01594	1550.62916	1533.64057
2025-09-11T08:21:07Z	1460.00000	1563.09847	1550.81644	1533.74757
2025-09-11T08:21:07Z	1460.00000	1563.25841	1551.14457	1533.93187
2025-09-11T08:21:07Z	1460.00000	1563.37031	1551.38071	1534.05998
2025-09-11T08:21:07Z	1460.00000	1563.42489	1551.47212	1534.12080
2025-09-11T08:21:07Z	1461.00000	1563.42680	1551.47689	1534.12205
2025-09-11T08:21:08Z	1461.00000	1563.42799	1551.48061	1534.12258
2025-09-11T08:21:08Z	1461.00000	1563.42935	1551.48068	1534.12501
2025-09-11T08:21:08Z	1461.00000	1563.43019	1551.47965	1534.12599
2025-09-11T08:21:08Z	1461.00000	1563.43105	1551.47808	1534.12693
2025-09-11T08:21:08Z	1461.00000	1563.43127	1551.47694	1534.12773
2025-09-11T08:21:08Z	1461.00000	1563.43178	1551.47587	1534.12809
2025-09-11T08:21:08Z	1461.00000	1563.43214	1551.47469	1534.12849
2025-09-11T08:21:08Z	1461.00000	1563.43212	1551.47430	1534.12892
2025-09-11T08:21:08Z	1461.00000	1563.43240	1551.47370	1534.12940
2025-09-11T08:21:08Z	1462.00000	1563.43268	1551.47309	1534.12962
2025-09-11T08:21:09Z	1462.00000	1563.43306	1551.47228	1534.13000
2025-09-11T08:21:09Z	1462.00000	1562.04447	1548.14780	1532.31361
2025-09-11T08:21:09Z	1462.00000	1561.69583	1547.42770	1531.93935
2025-09-11T08:21:09Z	1462.00000	1561.46678	1546.96675	1531.70182
2025-09-11T08:21:09Z	1462.00000	1561.25463	1546.53650	1531.47641
2025-09-11T08:21:09Z	1462.00000	1561.11377	1546.24910	1531.32640
2025-09-11T08:21:09Z	1462.00000	1560.98361	1545.97700	1531.18226
2025-09-11T08:21:09Z	1462.00000	1560.84944	1545.68550	1531.03830
2025-09-11T08:21:09Z	1462.00000	1560.69305	1545.34062	1530.86467
2025-09-11T08:21:09Z	1463.00000	1560.54767	1545.00728	1530.69490
2025-09-11T08:21:10Z	1463.00000	1560.39832	1544.67392	1530.52423
2025-09-11T08:21:10Z	1463.00000	1560.20932	1544.24625	1530.31295
2025-09-11T08:21:10Z	1463.00000	1560.07250	1543.94561	1530.16151
2025-09-11T08:21:10Z	1463.00000	1559.93457	1543.64343	1530.01131
2025-09-11T08:21:10Z	1463.00000	1559.80014	1543.35073	1529.86099
2025-09-11T08:21:10Z	1463.00000	1559.65799	1543.05816	1529.70571
2025-09-11T08:21:10Z	1463.00000	1559.60978	1542.95401	1529.65308
2025-09-11T08:21:10Z	1463.00000	1559.60277	1542.93831	1529.64600
2025-09-11T08:21:10Z	1463.00000	1559.59531	1542.92244	1529.63824
2025-09-11T08:21:11Z	1464.00000	1559.58829	1542.90716	1529.63099
2025-09-11T08:21:11Z	1464.00000	1559.58308	1542.89604	1529.62572
2025-09-11T08:21:11Z	1464.00000	1559.57832	1542.88598	1529.62090
2025-09-11T08:21:11Z	1464.00000	1559.57344	1542.87553	1529.61572
2025-09-11T08:21:11Z	1464.00000	1559.56947	1542.86733	1529.61180
2025-09-11T08:21:11Z	1464.00000	1559.56460	1542.85776	1529.60704
2025-09-11T08:21:11Z	1464.00000	1559.56200	1542.85205	1529.60435
2025-09-11T08:21:11Z	1464.00000	1559.55943	1542.84673	1529.60173
2025-09-11T08:21:11Z	1464.00000	1559.55569	1542.83898	1529.59785
2025-09-11T08:21:11Z	1464.00000	1559.55239	1542.83267	1529.59481
2025-09-11T08:21:12Z	1465.00000	1559.54949	1542.82690	1529.59193
2025-09-11T08:21:12Z	1465.00000	1559.54683	1542.82143	1529.58908
2025-09-11T08:21:12Z	1465.00000	1559.54412	1542.81638	1529.58660
2025-09-11T08:21:12Z	1465.00000	1559.54249	1542.81302	1529.58504
2025-09-11T08:21:12Z	1465.00000	1559.54034	1542.80894	1529.58290
2025-09-11T08:21:12Z	1465.00000	1559.53881	1542.80581	1529.58135
2025-09-11T08:21:12Z	1465.00000	1559.53698	1542.80219	1529.57941
2025-09-11T08:21:12Z	1465.00000	1559.53511	1542.79879	1529.57771
2025-09-11T08:21:12Z	1465.00000	1559.53328	1542.79563	1529.57600
2025-09-11T08:21:12Z	1465.00000	1559.53169	1542.79242	1529.57423
2025-09-11T08:21:12Z	1466.00000	1559.53011	1542.78943	1529.57287
2025-09-11T08:21:13Z	1466.00000	1559.52694	1542.78378	1529.56983
2025-09-11T08:21:13Z	1466.00000	1559.52507	1542.78009	1529.56789
2025-09-11T08:21:13Z	1466.00000	1559.52345	1542.77710	1529.56633
2025-09-11T08:21:13Z	1466.00000	1559.52138	1542.77350	1529.56444
2025-09-11T08:21:13Z	1466.00000	1559.52034	1542.77156	1529.56333
2025-09-11T08:21:13Z	1466.00000	1559.51928	1542.76969	1529.56226
2025-09-11T08:21:13Z	1466.00000	1559.51803	1542.76754	1529.56110
2025-09-11T08:21:13Z	1466.00000	1559.51708	1542.76571	1529.56021
2025-09-11T08:21:13Z	1467.00000	1559.51596	1542.76364	1529.55905
2025-09-11T08:21:14Z	1467.00000	1559.51459	1542.76123	1529.55770
2025-09-11T08:21:14Z	1467.00000	1559.51345	1542.75923	1529.55662
2025-09-11T08:21:14Z	1467.00000	1559.51248	1542.75736	1529.55570
2025-09-11T08:21:14Z	1467.00000	1559.51134	1542.75552	1529.55476
2025-09-11T08:21:14Z	1467.00000	1559.51016	1542.75343	1529.55355
2025-09-11T08:21:14Z	1467.00000	1559.50913	1542.75165	1529.55270
2025-09-11T08:21:14Z	1467.00000	1559.50811	1542.74960	1529.55158
2025-09-11T08:21:14Z	1467.00000	1559.50713	1542.74794	1529.55062
2025-09-11T08:21:14Z	1467.00000	1559.50626	1542.74642	1529.54987
2025-09-11T08:21:14Z	1468.00000	1559.50518	1542.74447	1529.54872
2025-09-11T08:21:15Z	1468.00000	1559.50417	1542.74288	1529.54803
2025-09-11T08:21:15Z	1468.00000	1559.50341	1542.74138	1529.54709
2025-09-11T08:21:15Z	1468.00000	1559.50252	1542.73978	1529.54640
2025-09-11T08:21:15Z	1468.00000	1559.60074	1542.93952	1529.65348
2025-09-11T08:21:15Z	1468.00000	1559.77640	1543.29356	1529.84783
2025-09-11T08:21:15Z	1468.00000	1559.97818	1543.72474	1530.07392
2025-09-11T08:21:15Z	1468.00000	1560.22811	1544.28548	1530.35549
2025-09-11T08:21:15Z	1468.00000	1560.44092	1544.77494	1530.60391
2025-09-11T08:21:15Z	1468.00000	1560.58819	1545.10294	1530.77479
2025-09-11T08:21:15Z	1469.00000	1560.76056	1545.49903	1530.97219
2025-09-11T08:21:16Z	1469.00000	1560.93774	1545.88871	1531.16799
2025-09-11T08:21:16Z	1469.00000	1561.18202	1546.40504	1531.43423
2025-09-11T08:21:16Z	1469.00000	1561.32726	1546.71740	1531.59555
2025-09-11T08:21:16Z	1469.00000	1561.50252	1547.08903	1531.78782
2025-09-11T08:21:16Z	1469.00000	1561.66032	1547.45481	1531.97695
2025-09-11T08:21:16Z	1469.00000	1561.78408	1547.75414	1532.13558
2025-09-11T08:21:16Z	1469.00000	1561.91908	1548.11116	1532.32603
2025-09-11T08:21:16Z	1469.00000	1562.03170	1548.40128	1532.48165
2025-09-11T08:21:16Z	1469.00000	1562.15514	1548.70608	1532.64582
2025-09-11T08:21:17Z	1470.00000	1562.30742	1549.06941	1532.83325
2025-09-11T08:21:17Z	1470.00000	1562.45766	1549.42290	1533.01464
2025-09-11T08:21:17Z	1470.00000	1562.57453	1549.68212	1533.14850
2025-09-11T08:21:17Z	1470.00000	1562.76249	1550.07669	1533.35224
2025-09-11T08:21:17Z	1470.00000	1562.87733	1550.33402	1533.48599
2025-09-11T08:21:17Z	1470.00000	1562.97756	1550.56542	1533.61427
2025-09-11T08:21:17Z	1470.00000	1563.10602	1550.84832	1533.77664
2025-09-11T08:21:17Z	1470.00000	1563.22598	1551.09035	1533.91174
2025-09-11T08:21:17Z	1470.00000	1563.33519	1551.32163	1534.03407
2025-09-11T08:21:17Z	1470.00000	1563.41372	1551.46631	1534.12079
2025-09-11T08:21:18Z	1471.00000	1563.41603	1551.48005	1534.12116
2025-09-11T08:21:18Z	1471.00000	1563.41752	1551.48193	1534.12199
2025-09-11T08:21:18Z	1471.00000	1563.41799	1551.48127	1534.12469
2025-09-11T08:21:18Z	1471.00000	1563.41949	1551.47639	1534.12472
2025-09-11T08:21:18Z	1471.00000	1563.41952	1551.47513	1534.12595
2025-09-11T08:21:18Z	1471.00000	1563.42020	1551.47422	1534.12650
2025-09-11T08:21:18Z	1471.00000	1563.42056	1551.47357	1534.12707
2025-09-11T08:21:18Z	1471.00000	1563.42102	1551.47284	1534.12729
2025-09-11T08:21:18Z	1472.00000	1563.42124	1551.47175	1534.12864
2025-09-11T08:21:19Z	1472.00000	1563.42147	1551.47102	1534.12933
2025-09-11T08:21:19Z	1472.00000	1562.11097	1548.29215	1532.37971
2025-09-11T08:21:19Z	1472.00000	1561.75764	1547.55315	1531.99990
2025-09-11T08:21:19Z	1472.00000	1561.54333	1547.13026	1531.77387
2025-09-11T08:21:19Z	1472.00000	1561.29565	1546.63624	1531.52499
2025-09-11T08:21:19Z	1472.00000	1561.15271	1546.33847	1531.37220
2025-09-11T08:21:19Z	1472.00000	1560.99161	1546.00324	1531.19265
2025-09-11T08:21:19Z	1472.00000	1560.80061	1545.58730	1530.98707
2025-09-11T08:21:19Z	1472.00000	1560.61784	1545.17308	1530.77789
2025-09-11T08:21:20Z	1473.00000	1560.46952	1544.84361	1530.60886
2025-09-11T08:21:20Z	1473.00000	1560.32382	1544.50811	1530.44202
2025-09-11T08:21:20Z	1473.00000	1560.18339	1544.19603	1530.28596
2025-09-11T08:21:20Z	1473.00000	1560.04065	1543.88117	1530.12875
2025-09-11T08:21:20Z	1473.00000	1559.84758	1543.45775	1529.91390
2025-09-11T08:21:20Z	1473.00000	1559.73156	1543.21378	1529.78586
2025-09-11T08:21:20Z	1473.00000	1559.62250	1542.98591	1529.66569
2025-09-11T08:21:20Z	1473.00000	1559.60423	1542.94447	1529.64736
2025-09-11T08:21:20Z	1473.00000	1559.59692	1542.92817	1529.63977
2025-09-11T08:21:20Z	1474.00000	1559.58969	1542.91303	1529.63225
2025-09-11T08:21:21Z	1474.00000	1559.58264	1542.89798	1529.62502
2025-09-11T08:21:21Z	1474.00000	1559.57643	1542.88469	1529.61861
2025-09-11T08:21:21Z	1474.00000	1559.57246	1542.87647	1529.61458
2025-09-11T08:21:21Z	1474.00000	1559.56988	1542.87118	1529.61206
2025-09-11T08:21:21Z	1474.00000	1559.56355	1542.85835	1529.60558
2025-09-11T08:21:21Z	1474.00000	1559.56052	1542.85198	1529.60257
2025-09-11T08:21:21Z	1474.00000	1559.55719	1542.84515	1529.59931
2025-09-11T08:21:21Z	1475.00000	1559.55203	1542.83468	1529.59411
2025-09-11T08:21:22Z	1475.00000	1559.54952	1542.82992	1529.59177
2025-09-11T08:21:22Z	1475.00000	1559.54691	1542.82453	1529.58907
2025-09-11T08:21:22Z	1475.00000	1559.54515	1542.82106	1529.58726
2025-09-11T08:21:22Z	1475.00000	1559.54266	1542.81618	1529.58481
2025-09-11T08:21:22Z	1475.00000	1559.54061	1542.81236	1529.58285
2025-09-11T08:21:22Z	1475.00000	1559.53868	1542.80848	1529.58094
2025-09-11T08:21:22Z	1475.00000	1559.53623	1542.80398	1529.57869
2025-09-11T08:21:22Z	1475.00000	1559.53314	1542.79791	1529.57557
2025-09-11T08:21:22Z	1476.00000	1559.53140	1542.79493	1529.57397
2025-09-11T08:21:23Z	1476.00000	1559.52964	1542.79150	1529.57207
2025-09-11T08:21:23Z	1476.00000	1559.52821	1542.78881	1529.57067
2025-09-11T08:21:23Z	1476.00000	1559.52641	1542.78565	1529.56910
2025-09-11T08:21:23Z	1476.00000	1559.52516	1542.78311	1529.56775
2025-09-11T08:21:23Z	1476.00000	1559.52403	1542.78099	1529.56672
2025-09-11T08:21:23Z	1476.00000	1559.52243	1542.77828	1529.56534
2025-09-11T08:21:23Z	1476.00000	1559.52119	1542.77587	1529.56403
2025-09-11T08:21:23Z	1476.00000	1559.51989	1542.77364	1529.56279
2025-09-11T08:21:23Z	1476.00000	1559.51877	1542.77143	1529.56157
2025-09-11T08:21:23Z	1477.00000	1559.51736	1542.76903	1529.56024
2025-09-11T08:21:24Z	1477.00000	1559.51616	1542.76675	1529.55905
2025-09-11T08:21:24Z	1477.00000	1559.51521	1542.76518	1529.55821
2025-09-11T08:21:24Z	1477.00000	1559.51399	1542.76288	1529.55697
2025-09-11T08:21:24Z	1477.00000	1559.51297	1542.76110	1529.55600
2025-09-11T08:21:24Z	1477.00000	1559.51177	1542.75892	1529.55483
2025-09-11T08:21:24Z	1477.00000	1559.51052	1542.75686	1529.55381
2025-09-11T08:21:24Z	1477.00000	1559.50969	1542.75539	1529.55305
2025-09-11T08:21:24Z	1477.00000	1559.50885	1542.75375	1529.55223
2025-09-11T08:21:24Z	1477.00000	1559.50767	1542.75181	1529.55102
2025-09-11T08:21:24Z	1478.00000	1559.50685	1542.75014	1529.55012
2025-09-11T08:21:25Z	1478.00000	1559.50595	1542.74862	1529.54925
2025-09-11T08:21:25Z	1478.00000	1559.50503	1542.74713	1529.54847
2025-09-11T08:21:25Z	1478.00000	1559.50409	1542.74545	1529.54749
2025-09-11T08:21:25Z	1478.00000	1559.50330	1542.74391	1529.54674
2025-09-11T08:21:25Z	1478.00000	1559.50240	1542.74219	1529.54576
2025-09-11T08:21:25Z	1478.00000	1559.50152	1542.74083	1529.54502
2025-09-11T08:21:25Z	1478.00000	1559.50072	1542.73955	1529.54431
2025-09-11T08:21:25Z	1478.00000	1559.49999	1542.73822	1529.54357
2025-09-11T08:21:25Z	1478.00000	1559.49926	1542.73670	1529.54282
2025-09-11T08:21:25Z	1479.00000	1559.49852	1542.73550	1529.54217
2025-09-11T08:21:26Z	1479.00000	1559.49778	1542.73417	1529.54142
2025-09-11T08:21:26Z	1479.00000	1559.49696	1542.73280	1529.54053
2025-09-11T08:21:26Z	1479.00000	1559.49644	1542.73154	1529.53995
2025-09-11T08:21:26Z	1479.00000	1559.49554	1542.73016	1529.53921
2025-09-11T08:21:26Z	1479.00000	1559.49476	1542.72896	1529.53854
2025-09-11T08:21:26Z	1479.00000	1559.49423	1542.72782	1529.53790
2025-09-11T08:21:26Z	1479.00000	1559.49347	1542.72641	1529.53720
2025-09-11T08:21:26Z	1479.00000	1559.49296	1542.72556	1529.53671
2025-09-11T08:21:26Z	1479.00000	1559.49210	1542.72404	1529.53588
2025-09-11T08:21:26Z	1480.00000	1559.49151	1542.72301	1529.53524
2025-09-11T08:21:27Z	1480.00000	1559.49095	1542.72211	1529.53478
2025-09-11T08:21:27Z	1480.00000	1559.49045	1542.72103	1529.53417
2025-09-11T08:21:27Z	1480.00000	1559.48971	1542.71979	1529.53351
2025-09-11T08:21:27Z	1480.00000	1559.48913	1542.71878	1529.53294
2025-09-11T08:21:27Z	1480.00000	1559.48857	1542.71757	1529.53233
2025-09-11T08:21:27Z	1480.00000	1559.48802	1542.71668	1529.53176
2025-09-11T08:21:27Z	1480.00000	1559.48738	1542.71577	1529.53140
2025-09-11T08:21:27Z	1480.00000	1559.48686	1542.71473	1529.53088
2025-09-11T08:21:27Z	1480.00000	1559.48636	1542.71374	1529.53032
2025-09-11T08:21:27Z	1481.00000	1559.48576	1542.71273	1529.52979
2025-09-11T08:21:28Z	1481.00000	1559.48525	1542.71184	1529.52915
2025-09-11T08:21:28Z	1481.00000	1559.48476	1542.71073	1529.52870
2025-09-11T08:21:28Z	1481.00000	1559.48427	1542.70997	1529.52829
2025-09-11T08:21:28Z	1481.00000	1559.48358	1542.70892	1529.52778
2025-09-11T08:21:28Z	1481.00000	1559.48271	1542.70747	1529.52692
2025-09-11T08:21:28Z	1481.00000	1559.48189	1542.70607	1529.52621
2025-09-11T08:21:28Z	1481.00000	1559.48106	1542.70423	1529.52513
2025-09-11T08:21:28Z	1482.00000	1559.48059	1542.70348	1529.52478
2025-09-11T08:21:29Z	1482.00000	1559.47993	1542.70240	1529.52412
2025-09-11T08:21:29Z	1482.00000	1559.47946	1542.70146	1529.52346
2025-09-11T08:21:29Z	1482.00000	1559.47881	1542.70022	1529.52285
2025-09-11T08:21:29Z	1482.00000	1559.47819	1542.69915	1529.52221
2025-09-11T08:21:29Z	1482.00000	1559.47738	1542.69766	1529.52136
2025-09-11T08:21:29Z	1482.00000	1559.47692	1542.69686	1529.52107
2025-09-11T08:21:29Z	1482.00000	1559.47663	1542.69629	1529.52072
2025-09-11T08:21:29Z	1483.00000	1559.47615	1542.69562	1529.52040
2025-09-11T08:21:30Z	1483.00000	1559.47586	1542.69495	1529.51990
2025-09-11T08:21:30Z	1483.00000	1559.47535	1542.69420	1529.51938
2025-09-11T08:21:30Z	1483.00000	1559.47491	1542.69343	1529.51911
2025-09-11T08:21:30Z	1483.00000	1559.47447	1542.69255	1529.51878
2025-09-11T08:21:30Z	1483.00000	1559.47407	1542.69172	1529.51808
2025-09-11T08:21:30Z	1483.00000	1559.47354	1542.69084	1529.51772
2025-09-11T08:21:30Z	1483.00000	1559.47300	1542.68971	1529.51708
2025-09-11T08:21:30Z	1483.00000	1559.47255	1542.68903	1529.51671
2025-09-11T08:21:30Z	1484.00000	1559.47219	1542.68828	1529.51635
2025-09-11T08:21:31Z	1484.00000	1559.47186	1542.68782	1529.51604
2025-09-11T08:21:31Z	1484.00000	1559.47152	1542.68713	1529.51577
2025-09-11T08:21:31Z	1484.00000	1559.47112	1542.68647	1529.51527
2025-09-11T08:21:31Z	1484.00000	1559.47083	1542.68748	1529.51539
2025-09-11T08:21:31Z	1484.00000	1559.69941	1543.14670	1529.76559
2025-09-11T08:21:31Z	1484.00000	1559.94444	1543.66304	1530.03882
2025-09-11T08:21:31Z	1484.00000	1560.16985	1544.17137	1530.29412
2025-09-11T08:21:31Z	1484.00000	1560.38018	1544.65265	1530.53661
2025-09-11T08:21:31Z	1484.00000	1560.56164	1545.05953	1530.74759
2025-09-11T08:21:32Z	1485.00000	1560.76437	1545.52233	1530.98076
2025-09-11T08:21:32Z	1485.00000	1560.97567	1545.98120	1531.21250
2025-09-11T08:21:32Z	1485.00000	1561.15587	1546.36077	1531.40971
2025-09-11T08:21:32Z	1485.00000	1561.47699	1547.04676	1531.76357
2025-09-11T08:21:32Z	1485.00000	1561.65126	1547.45458	1531.97349
2025-09-11T08:21:32Z	1485.00000	1561.77315	1547.75392	1532.13120
2025-09-11T08:21:32Z	1485.00000	1561.89192	1548.06574	1532.29705
2025-09-11T08:21:32Z	1485.00000	1561.97830	1548.29452	1532.41738
2025-09-11T08:21:32Z	1485.00000	1562.10458	1548.60711	1532.58186
2025-09-11T08:21:32Z	1486.00000	1562.23811	1548.93035	1532.74905
2025-09-11T08:21:33Z	1486.00000	1562.36993	1549.23951	1532.90808
2025-09-11T08:21:33Z	1486.00000	1562.55659	1549.65791	1533.12184
2025-09-11T08:21:33Z	1486.00000	1562.71717	1549.99828	1533.29841
2025-09-11T08:21:33Z	1486.00000	1562.84792	1550.28909	1533.44876
2025-09-11T08:21:33Z	1486.00000	1562.96998	1550.56825	1533.60286
2025-09-11T08:21:33Z	1486.00000	1563.11659	1550.88803	1533.79913
2025-09-11T08:21:33Z	1486.00000	1563.30851	1551.28484	1534.01025
2025-09-11T08:21:33Z	1486.00000	1563.40308	1551.45872	1534.11336
2025-09-11T08:21:33Z	1487.00000	1563.40541	1551.46181	1534.11453
2025-09-11T08:21:34Z	1487.00000	1563.40638	1551.46589	1534.11550
2025-09-11T08:21:34Z	1487.00000	1563.40812	1551.46686	1534.11613
2025-09-11T08:21:34Z	1487.00000	1563.40909	1551.46581	1534.11750
2025-09-11T08:21:34Z	1487.00000	1563.40984	1551.46428	1534.11865
2025-09-11T08:21:34Z	1487.00000	1563.40996	1551.46156	1534.11855
2025-09-11T08:21:34Z	1487.00000	1563.41066	1551.46129	1534.11945
2025-09-11T08:21:34Z	1487.00000	1563.41102	1551.46118	1534.11992
2025-09-11T08:21:34Z	1487.00000	1563.41141	1551.46051	1534.12079
2025-09-11T08:21:34Z	1488.00000	1563.41176	1551.46039	1534.12114
2025-09-11T08:21:35Z	1488.00000	1563.41268	1551.46030	1534.12116
2025-09-11T08:21:35Z	1488.00000	1563.41240	1551.45907	1534.12172
2025-09-11T08:21:35Z	1488.00000	1562.33966	1548.79822	1532.64325
2025-09-11T08:21:35Z	1488.00000	1561.74043	1547.53360	1531.98408
2025-09-11T08:21:35Z	1488.00000	1561.35224	1546.76567	1531.58378
2025-09-11T08:21:35Z	1488.00000	1561.17623	1546.40155	1531.39986
2025-09-11T08:21:35Z	1488.00000	1561.01185	1546.05519	1531.21522
2025-09-11T08:21:35Z	1488.00000	1560.82695	1545.65732	1531.01730
2025-09-11T08:21:36Z	1489.00000	1560.49422	1544.90818	1530.63833
2025-09-11T08:21:36Z	1489.00000	1560.18355	1544.20598	1530.28675
2025-09-11T08:21:36Z	1489.00000	1560.06710	1543.94945	1530.15741
2025-09-11T08:21:36Z	1489.00000	1559.92664	1543.64065	1530.00379
2025-09-11T08:21:36Z	1489.00000	1559.79128	1543.34534	1529.85215
2025-09-11T08:21:36Z	1489.00000	1559.65015	1543.05264	1529.69687
2025-09-11T08:21:36Z	1489.00000	1559.60317	1542.95050	1529.64493
2025-09-11T08:21:36Z	1489.00000	1559.59311	1542.92808	1529.63480
2025-09-11T08:21:36Z	1490.00000	1559.58736	1542.91526	1529.62873
2025-09-11T08:21:37Z	1490.00000	1559.58125	1542.90211	1529.62251
2025-09-11T08:21:37Z	1490.00000	1559.57491	1542.88834	1529.61600
2025-09-11T08:21:37Z	1490.00000	1559.56856	1542.87507	1529.60983
2025-09-11T08:21:37Z	1490.00000	1559.56398	1542.86515	1529.60522
2025-09-11T08:21:37Z	1490.00000	1559.55744	1542.85149	1529.59865
2025-09-11T08:21:37Z	1490.00000	1559.55071	1542.83774	1529.59193
2025-09-11T08:21:38Z	1491.00000	1559.54529	1542.82678	1529.58664
2025-09-11T08:21:38Z	1491.00000	1559.54321	1542.82259	1529.58472
2025-09-11T08:21:38Z	1491.00000	1559.54000	1542.81645	1529.58163
2025-09-11T08:21:38Z	1491.00000	1559.53817	1542.81272	1529.57984
2025-09-11T08:21:38Z	1491.00000	1559.53595	1542.80842	1529.57770
2025-09-11T08:21:38Z	1491.00000	1559.53404	1542.80455	1529.57577
2025-09-11T08:21:38Z	1491.00000	1559.53173	1542.80026	1529.57359
2025-09-11T08:21:38Z	1491.00000	1559.52991	1542.79663	1529.57187
2025-09-11T08:21:38Z	1491.00000	1559.52804	1542.79340	1529.57018
2025-09-11T08:21:38Z	1491.00000	1559.52594	1542.78898	1529.56790
2025-09-11T08:21:38Z	1492.00000	1559.52446	1542.78660	1529.56674
2025-09-11T08:21:39Z	1492.00000	1559.52268	1542.78326	1529.56496
2025-09-11T08:21:39Z	1492.00000	1559.52081	1542.77956	1529.56306
2025-09-11T08:21:39Z	1492.00000	1559.51795	1542.77438	1529.56030
2025-09-11T08:21:39Z	1492.00000	1559.51688	1542.77240	1529.55924
2025-09-11T08:21:39Z	1492.00000	1559.51558	1542.77007	1529.55809
2025-09-11T08:21:39Z	1492.00000	1559.51433	1542.76778	1529.55680
2025-09-11T08:21:39Z	1492.00000	1559.51273	1542.76480	1529.55536
2025-09-11T08:21:39Z	1492.00000	1559.51141	1542.76249	1529.55403
2025-09-11T08:21:40Z	1493.00000	1559.51020	1542.76042	1529.55293
2025-09-11T08:21:40Z	1493.00000	1559.50921	1542.75832	1529.55184
2025-09-11T08:21:40Z	1493.00000	1559.50819	1542.75673	1529.55105
2025-09-11T08:21:40Z	1493.00000	1559.50716	1542.75487	1529.54997
2025-09-11T08:21:40Z	1493.00000	1559.50591	1542.75260	1529.54885
2025-09-11T08:21:40Z	1493.00000	1559.50513	1542.75093	1529.54801
2025-09-11T08:21:40Z	1493.00000	1559.50391	1542.74914	1529.54712
2025-09-11T08:21:40Z	1493.00000	1559.50300	1542.74741	1529.54608
2025-09-11T08:21:40Z	1493.00000	1559.50209	1542.74574	1529.54526
2025-09-11T08:21:40Z	1493.00000	1559.50103	1542.74370	1529.54411
2025-09-11T08:21:41Z	1494.00000	1559.49977	1542.74165	1529.54305
2025-09-11T08:21:41Z	1494.00000	1559.49888	1542.73990	1529.54201
2025-09-11T08:21:41Z	1494.00000	1559.49743	1542.73717	1529.54057
2025-09-11T08:21:41Z	1494.00000	1559.49673	1542.73610	1529.54001
2025-09-11T08:21:41Z	1494.00000	1559.55646	1542.85684	1529.60416
2025-09-11T08:21:41Z	1494.00000	1559.77249	1543.29654	1529.84586
2025-09-11T08:21:41Z	1494.00000	1559.97210	1543.72335	1530.06934
2025-09-11T08:21:41Z	1494.00000	1560.22489	1544.29180	1530.35463
2025-09-11T08:21:41Z	1494.00000	1560.43445	1544.77550	1530.60018
2025-09-11T08:21:42Z	1495.00000	1560.61215	1545.17710	1530.80822
2025-09-11T08:21:42Z	1495.00000	1560.75345	1545.50171	1530.96971
2025-09-11T08:21:42Z	1495.00000	1560.92989	1545.89197	1531.16584
2025-09-11T08:21:42Z	1495.00000	1561.13827	1546.33396	1531.39735
2025-09-11T08:21:42Z	1495.00000	1561.31767	1546.71703	1531.59449
2025-09-11T08:21:42Z	1495.00000	1561.51642	1547.14560	1531.81492
2025-09-11T08:21:42Z	1495.00000	1561.68761	1547.54520	1532.02318
2025-09-11T08:21:42Z	1495.00000	1561.80728	1547.83946	1532.17793
2025-09-11T08:21:42Z	1495.00000	1561.89205	1548.06206	1532.29734
2025-09-11T08:21:42Z	1495.00000	1561.99654	1548.33905	1532.44238
2025-09-11T08:21:43Z	1496.00000	1562.16022	1548.74775	1532.65686
2025-09-11T08:21:43Z	1496.00000	1562.27297	1549.01556	1532.79275
2025-09-11T08:21:43Z	1496.00000	1562.46169	1549.45056	1533.01318
2025-09-11T08:21:43Z	1496.00000	1562.59915	1549.75325	1533.16999
2025-09-11T08:21:43Z	1496.00000	1562.76179	1550.09347	1533.34710
2025-09-11T08:21:43Z	1496.00000	1562.89288	1550.38965	1533.50664
2025-09-11T08:21:43Z	1496.00000	1563.03609	1550.70929	1533.68432
2025-09-11T08:21:43Z	1496.00000	1563.25901	1551.18663	1533.94017
2025-09-11T08:21:43Z	1496.00000	1563.33330	1551.34926	1534.02341
2025-09-11T08:21:43Z	1497.00000	1563.40761	1551.48053	1534.10319
2025-09-11T08:21:44Z	1497.00000	1563.41018	1551.48340	1534.10490
2025-09-11T08:21:44Z	1497.00000	1563.41167	1551.48265	1534.10531
2025-09-11T08:21:44Z	1497.00000	1563.41270	1551.48155	1534.10605
2025-09-11T08:21:44Z	1497.00000	1563.41311	1551.47803	1534.10660
2025-09-11T08:21:44Z	1497.00000	1563.41378	1551.47638	1534.10732
2025-09-11T08:21:44Z	1497.00000	1563.41448	1551.47513	1534.10805
2025-09-11T08:21:44Z	1497.00000	1563.41494	1551.47446	1534.10880
2025-09-11T08:21:44Z	1497.00000	1563.41514	1551.47361	1534.10922
2025-09-11T08:21:44Z	1497.00000	1563.41548	1551.47212	1534.10920
2025-09-11T08:21:44Z	1498.00000	1563.41495	1551.46811	1534.10903
2025-09-11T08:21:45Z	1498.00000	1563.41513	1551.46706	1534.10934
2025-09-11T08:21:45Z	1498.00000	1563.41568	1551.46612	1534.10966
2025-09-11T08:21:45Z	1498.00000	1562.25597	1548.60840	1532.53382
2025-09-11T08:21:45Z	1498.00000	1561.76835	1547.59236	1532.01800
2025-09-11T08:21:45Z	1498.00000	1561.53637	1547.12529	1531.77230
2025-09-11T08:21:45Z	1498.00000	1561.33974	1546.73783	1531.56832
2025-09-11T08:21:45Z	1498.00000	1561.15977	1546.36584	1531.38314
2025-09-11T08:21:45Z	1498.00000	1560.99944	1546.02966	1531.20460
2025-09-11T08:21:45Z	1498.00000	1560.83463	1545.67145	1531.02557
2025-09-11T08:21:45Z	1499.00000	1560.65249	1545.26535	1530.82221
2025-09-11T08:21:46Z	1499.00000	1560.50888	1544.93659	1530.65325
2025-09-11T08:21:46Z	1499.00000	1560.36185	1544.60472	1530.48569
2025-09-11T08:21:46Z	1499.00000	1560.17275	1544.18210	1530.27614
2025-09-11T08:21:46Z	1499.00000	1560.03247	1543.87250	1530.12187
2025-09-11T08:21:46Z	1499.00000	1559.89406	1543.56797	1529.96690
2025-09-11T08:21:46Z	1499.00000	1559.75640	1543.27378	1529.81433
2025-09-11T08:21:46Z	1499.00000	1559.62120	1542.99183	1529.66560
2025-09-11T08:21:46Z	1499.00000	1559.60939	1542.96451	1529.65391
2025-09-11T08:21:46Z	1499.00000	1559.60068	1542.94470	1529.64477
2025-09-11T08:21:46Z	1500.00000	1559.59246	1542.92676	1529.63650
2025-09-11T08:21:47Z	1500.00000	1559.58647	1542.91397	1529.63040
2025-09-11T08:21:47Z	1500.00000	1559.58127	1542.90283	1529.62505
2025-09-11T08:21:47Z	1500.00000	1559.57566	1542.89117	1529.61945
2025-09-11T08:21:47Z	1500.00000	1559.57154	1542.88233	1529.61516
2025-09-11T08:21:47Z	1500.00000	1559.56766	1542.87410	1529.61129
2025-09-11T08:21:47Z	1500.00000	1559.56337	1542.86533	1529.60700
2025-09-11T08:21:47Z	1500.00000	1559.55963	1542.85738	1529.60312
2025-09-11T08:21:47Z	1500.00000	1559.55654	1542.85111	1529.60005
2025-09-11T08:21:47Z	1500.00000	1559.55361	1542.84514	1529.59714
2025-09-11T08:21:47Z	1501.00000	1559.55079	1542.83965	1529.59465
2025-09-11T08:21:48Z	1501.00000	1559.54794	1542.83355	1529.59163
2025-09-11T08:21:48Z	1501.00000	1559.54490	1542.82743	1529.58846
2025-09-11T08:21:48Z	1501.00000	1559.54262	1542.82306	1529.58635
2025-09-11T08:21:48Z	1501.00000	1559.54039	1542.81893	1529.58430
2025-09-11T08:21:48Z	1501.00000	1559.53796	1542.81429	1529.58206
2025-09-11T08:21:48Z	1501.00000	1559.53642	1542.81125	1529.58040
2025-09-11T08:21:48Z	1501.00000	1559.53455	1542.80767	1529.57873
2025-09-11T08:21:48Z	1501.00000	1559.53227	1542.80305	1529.57641
2025-09-11T08:21:48Z	1501.00000	1559.53085	1542.80035	1529.57502
2025-09-11T08:21:49Z	1502.00000	1559.52864	1542.79635	1529.57301
2025-09-11T08:21:49Z	1502.00000	1559.52690	1542.79298	1529.57115
2025-09-11T08:21:49Z	1502.00000	1559.52524	1542.78967	1529.56953
2025-09-11T08:21:49Z	1502.00000	1559.52391	1542.78750	1529.56844
2025-09-11T08:21:49Z	1502.00000	1559.52223	1542.78455	1529.56686
2025-09-11T08:21:49Z	1502.00000	1559.52081	1542.78164	1529.56534
2025-09-11T08:21:49Z	1502.00000	1559.51794	1542.77663	1529.56273
2025-09-11T08:21:49Z	1502.00000	1559.51703	1542.77463	1529.56174
2025-09-11T08:21:49Z	1502.00000	1559.51559	1542.77221	1529.56031
2025-09-11T08:21:50Z	1503.00000	1559.51443	1542.76982	1529.55901
2025-09-11T08:21:50Z	1503.00000	1559.51199	1542.76579	1529.55680
2025-09-11T08:21:50Z	1503.00000	1559.51128	1542.76428	1529.55615
2025-09-11T08:21:50Z	1503.00000	1559.51041	1542.76266	1529.55517
2025-09-11T08:21:50Z	1503.00000	1559.50931	1542.76091	1529.55422
2025-09-11T08:21:50Z	1503.00000	1559.50805	1542.75852	1529.55300
2025-09-11T08:21:50Z	1503.00000	1559.50713	1542.75680	1529.55204
2025-09-11T08:21:50Z	1503.00000	1559.50615	1542.75510	1529.55112
2025-09-11T08:21:50Z	1503.00000	1559.50491	1542.75293	1529.55003
2025-09-11T08:21:51Z	1504.00000	1559.50396	1542.75120	1529.54899
2025-09-11T08:21:51Z	1504.00000	1559.50289	1542.74927	1529.54810
2025-09-11T08:21:51Z	1504.00000	1559.50129	1542.74631	1529.54655
2025-09-11T08:21:51Z	1504.00000	1559.50061	1542.74522	1529.54579
2025-09-11T08:21:51Z	1504.00000	1559.61968	1542.98766	1529.67734
2025-09-11T08:21:51Z	1504.00000	1559.86367	1543.48627	1529.94693
2025-09-11T08:21:51Z	1504.00000	1560.05933	1543.91571	1530.16500
2025-09-11T08:21:51Z	1504.00000	1560.23960	1544.32533	1530.37139
2025-09-11T08:21:51Z	1504.00000	1560.48069	1544.87885	1530.65409
2025-09-11T08:21:52Z	1505.00000	1560.68403	1545.34363	1530.88992
2025-09-11T08:21:52Z	1505.00000	1560.82811	1545.66522	1531.05288
2025-09-11T08:21:52Z	1505.00000	1561.00545	1546.05373	1531.24832
2025-09-11T08:21:52Z	1505.00000	1561.18793	1546.43764	1531.44643
2025-09-11T08:21:52Z	1505.00000	1561.39598	1546.88267	1531.67689
2025-09-11T08:21:52Z	1505.00000	1561.58880	1547.31189	1531.89685
2025-09-11T08:21:52Z	1505.00000	1561.70273	1547.58063	1532.03770
2025-09-11T08:21:52Z	1505.00000	1561.81969	1547.87074	1532.18974
2025-09-11T08:21:52Z	1505.00000	1561.92035	1548.13663	1532.33265
2025-09-11T08:21:52Z	1505.00000	1562.05515	1548.48047	1532.51483
2025-09-11T08:21:52Z	1506.00000	1562.17396	1548.77518	1532.66919
2025-09-11T08:21:53Z	1506.00000	1562.33659	1549.15537	1532.86335
2025-09-11T08:21:53Z	1506.00000	1562.47937	1549.48117	1533.02652
2025-09-11T08:21:53Z	1506.00000	1562.67997	1549.89920	1533.24178
2025-09-11T08:21:53Z	1506.00000	1562.79628	1550.15206	1533.37036
2025-09-11T08:21:53Z	1506.00000	1562.92291	1550.43974	1533.52825
2025-09-11T08:21:53Z	1506.00000	1563.08159	1550.78452	1533.71627
2025-09-11T08:21:53Z	1506.00000	1563.21361	1551.07011	1533.87159
2025-09-11T08:21:53Z	1506.00000	1563.32899	1551.32268	1534.00521
2025-09-11T08:21:53Z	1506.00000	1563.41478	1551.46922	1534.09135
2025-09-11T08:21:53Z	1507.00000	1563.41565	1551.47519	1534.09347
2025-09-11T08:21:54Z	1507.00000	1563.41736	1551.47771	1534.09367
2025-09-11T08:21:54Z	1507.00000	1563.41944	1551.47795	1534.09360
2025-09-11T08:21:54Z	1507.00000	1563.42024	1551.47627	1534.09514
2025-09-11T08:21:54Z	1507.00000	1563.42084	1551.47443	1534.09652
2025-09-11T08:21:54Z	1507.00000	1563.42137	1551.47399	1534.09692
2025-09-11T08:21:54Z	1507.00000	1563.42108	1551.47117	1534.09683
2025-09-11T08:21:54Z	1507.00000	1563.42171	1551.46974	1534.09739
2025-09-11T08:21:54Z	1507.00000	1563.42145	1551.46899	1534.09806
2025-09-11T08:21:54Z	1507.00000	1563.42225	1551.46798	1534.09859
2025-09-11T08:21:54Z	1508.00000	1563.42273	1551.46770	1534.09846
2025-09-11T08:21:55Z	1508.00000	1563.42298	1551.46671	1534.09893
2025-09-11T08:21:55Z	1508.00000	1563.42792	1551.33631	1534.11542
2025-09-11T08:21:55Z	1508.00000	1561.86543	1547.78221	1532.10025
2025-09-11T08:21:55Z	1508.00000	1561.65304	1547.36455	1531.88863
2025-09-11T08:21:55Z	1508.00000	1561.49726	1547.04725	1531.72714
2025-09-11T08:21:55Z	1508.00000	1561.30366	1546.66229	1531.52750
2025-09-11T08:21:55Z	1508.00000	1561.12626	1546.29304	1531.33848
2025-09-11T08:21:55Z	1508.00000	1560.96410	1545.95266	1531.16055
2025-09-11T08:21:55Z	1508.00000	1560.77560	1545.53739	1530.95353
2025-09-11T08:21:55Z	1509.00000	1560.61535	1545.17208	1530.77291
2025-09-11T08:21:56Z	1509.00000	1560.46631	1544.83968	1530.60192
2025-09-11T08:21:56Z	1509.00000	1560.32632	1544.51761	1530.44174
2025-09-11T08:21:56Z	1509.00000	1560.16446	1544.16106	1530.26392
2025-09-11T08:21:56Z	1509.00000	1560.02584	1543.85626	1530.11295
2025-09-11T08:21:56Z	1509.00000	1559.86517	1543.50410	1529.93286
2025-09-11T08:21:56Z	1509.00000	1559.68024	1543.11251	1529.72959
2025-09-11T08:21:56Z	1509.00000	1559.61598	1542.97746	1529.65950
2025-09-11T08:21:56Z	1509.00000	1559.60525	1542.95339	1529.64844
2025-09-11T08:21:56Z	1509.00000	1559.59692	1542.93514	1529.63991
2025-09-11T08:21:57Z	1510.00000	1559.59086	1542.92218	1529.63371
2025-09-11T08:21:57Z	1510.00000	1559.58632	1542.91280	1529.62917
2025-09-11T08:21:57Z	1510.00000	1559.58139	1542.90238	1529.62419
2025-09-11T08:21:57Z	1510.00000	1559.57692	1542.89290	1529.61966
2025-09-11T08:21:57Z	1510.00000	1559.57223	1542.88318	1529.61496
2025-09-11T08:21:57Z	1510.00000	1559.56857	1542.87560	1529.61122
2025-09-11T08:21:57Z	1510.00000	1559.56457	1542.86740	1529.60733
2025-09-11T08:21:57Z	1510.00000	1559.56105	1542.85997	1529.60364
2025-09-11T08:21:57Z	1510.00000	1559.55848	1542.85504	1529.60114
2025-09-11T08:21:57Z	1510.00000	1559.55577	1542.84932	1529.59845
2025-09-11T08:21:57Z	1511.00000	1559.55308	1542.84408	1529.59588
2025-09-11T08:21:58Z	1511.00000	1559.55069	1542.83903	1529.59339
2025-09-11T08:21:58Z	1511.00000	1559.54840	1542.83440	1529.59125
2025-09-11T08:21:58Z	1511.00000	1559.54528	1542.82846	1529.58814
2025-09-11T08:21:58Z	1511.00000	1559.54356	1542.82517	1529.58667
2025-09-11T08:21:58Z	1511.00000	1559.54152	1542.82122	1529.58472
2025-09-11T08:21:58Z	1511.00000	1559.53958	1542.81743	1529.58274
2025-09-11T08:21:58Z	1511.00000	1559.53765	1542.81379	1529.58095
2025-09-11T08:21:58Z	1511.00000	1559.53563	1542.80983	1529.57910
2025-09-11T08:21:58Z	1511.00000	1559.53392	1542.80655	1529.57728
2025-09-11T08:21:58Z	1512.00000	1559.53224	1542.80353	1529.57586
2025-09-11T08:21:59Z	1512.00000	1559.53052	1542.79997	1529.57401
2025-09-11T08:21:59Z	1512.00000	1559.52856	1542.79625	1529.57210
2025-09-11T08:21:59Z	1512.00000	1559.52700	1542.79353	1529.57059
2025-09-11T08:21:59Z	1512.00000	1559.52580	1542.79136	1529.56951
2025-09-11T08:21:59Z	1512.00000	1559.52422	1542.78826	1529.56798
2025-09-11T08:21:59Z	1512.00000	1559.52316	1542.78632	1529.56698
2025-09-11T08:21:59Z	1512.00000	1559.52178	1542.78386	1529.56571
2025-09-11T08:21:59Z	1512.00000	1559.52036	1542.78122	1529.56438
2025-09-11T08:21:59Z	1512.00000	1559.51896	1542.77877	1529.56305
2025-09-11T08:21:59Z	1513.00000	1559.51792	1542.77680	1529.56196
2025-09-11T08:22:00Z	1513.00000	1559.51640	1542.77398	1529.56045
2025-09-11T08:22:00Z	1513.00000	1559.51531	1542.77198	1529.55943
2025-09-11T08:22:00Z	1513.00000	1559.51444	1542.77046	1529.55855
2025-09-11T08:22:00Z	1513.00000	1559.51325	1542.76875	1529.55760
2025-09-11T08:22:00Z	1513.00000	1559.51219	1542.76645	1529.55644
2025-09-11T08:22:00Z	1513.00000	1559.51125	1542.76462	1529.55552
2025-09-11T08:22:00Z	1513.00000	1559.51019	1542.76298	1529.55460
2025-09-11T08:22:00Z	1513.00000	1559.50916	1542.76110	1529.55368
2025-09-11T08:22:00Z	1513.00000	1559.50804	1542.75935	1529.55267
2025-09-11T08:22:00Z	1514.00000	1559.50736	1542.75779	1529.55179
2025-09-11T08:22:01Z	1514.00000	1559.50637	1542.75617	1529.55100
2025-09-11T08:22:01Z	1514.00000	1559.50511	1542.75388	1529.54975
2025-09-11T08:22:01Z	1514.00000	1559.50426	1542.75224	1529.54890
2025-09-11T08:22:01Z	1514.00000	1559.50360	1542.75127	1529.54847
2025-09-11T08:22:01Z	1514.00000	1559.68727	1543.12312	1529.75124
2025-09-11T08:22:01Z	1514.00000	1559.89524	1543.55450	1529.98058
2025-09-11T08:22:01Z	1514.00000	1560.08906	1543.98030	1530.19579
2025-09-11T08:22:01Z	1514.00000	1560.30220	1544.46406	1530.44125
2025-09-11T08:22:01Z	1514.00000	1560.51146	1544.94351	1530.68525
2025-09-11T08:22:01Z	1515.00000	1560.65632	1545.27827	1530.85509
2025-09-11T08:22:02Z	1515.00000	1560.86134	1545.74042	1531.08484
2025-09-11T08:22:02Z	1515.00000	1561.04250	1546.13701	1531.28427
2025-09-11T08:22:02Z	1515.00000	1561.22495	1546.51796	1531.48004
2025-09-11T08:22:02Z	1515.00000	1561.40037	1546.89389	1531.67519
2025-09-11T08:22:02Z	1515.00000	1561.56518	1547.25871	1531.86042
2025-09-11T08:22:02Z	1515.00000	1561.73911	1547.67307	1532.07698
2025-09-11T08:22:02Z	1515.00000	1561.85191	1547.95665	1532.22647
2025-09-11T08:22:02Z	1515.00000	1561.95547	1548.22930	1532.37177
2025-09-11T08:22:02Z	1515.00000	1562.11966	1548.63631	1532.58578
2025-09-11T08:22:03Z	1516.00000	1562.28129	1549.02574	1532.78449
2025-09-11T08:22:03Z	1516.00000	1562.40561	1549.30929	1532.92763
2025-09-11T08:22:03Z	1516.00000	1562.52914	1549.57738	1533.06374
2025-09-11T08:22:03Z	1516.00000	1562.75617	1550.05239	1533.30760
2025-09-11T08:22:03Z	1516.00000	1562.87092	1550.31154	1533.44107
2025-09-11T08:22:03Z	1516.00000	1563.00756	1550.60634	1533.60060
2025-09-11T08:22:03Z	1516.00000	1563.22309	1551.08437	1533.86389
2025-09-11T08:22:03Z	1516.00000	1563.37706	1551.41038	1534.02974
2025-09-11T08:22:03Z	1516.00000	1563.42625	1551.47870	1534.07973
2025-09-11T08:22:04Z	1517.00000	1563.42757	1551.48355	1534.07951
2025-09-11T08:22:04Z	1517.00000	1563.42790	1551.48407	1534.08105
2025-09-11T08:22:04Z	1517.00000	1563.42764	1551.48067	1534.08045
2025-09-11T08:22:04Z	1517.00000	1563.42885	1551.47914	1534.08123
2025-09-11T08:22:04Z	1517.00000	1563.42925	1551.47818	1534.08201
2025-09-11T08:22:04Z	1517.00000	1563.42945	1551.47754	1534.08258
2025-09-11T08:22:04Z	1517.00000	1563.42975	1551.47595	1534.08325
2025-09-11T08:22:04Z	1517.00000	1563.43019	1551.47531	1534.08339
2025-09-11T08:22:04Z	1517.00000	1563.43026	1551.47502	1534.08373
2025-09-11T08:22:04Z	1517.00000	1563.43081	1551.47431	1534.08416
2025-09-11T08:22:04Z	1518.00000	1563.43101	1551.47338	1534.08456
2025-09-11T08:22:05Z	1518.00000	1563.43112	1551.47299	1534.08510
2025-09-11T08:22:05Z	1518.00000	1562.77078	1549.75771	1533.16896
2025-09-11T08:22:05Z	1518.00000	1561.88667	1547.82656	1532.11328
2025-09-11T08:22:05Z	1518.00000	1561.62978	1547.31388	1531.85473
2025-09-11T08:22:05Z	1518.00000	1561.42813	1546.91371	1531.65236
2025-09-11T08:22:05Z	1518.00000	1561.24463	1546.53769	1531.45877
2025-09-11T08:22:05Z	1518.00000	1561.04443	1546.12232	1531.24381
2025-09-11T08:22:05Z	1518.00000	1560.85708	1545.71375	1531.03941
2025-09-11T08:22:05Z	1518.00000	1560.69981	1545.36380	1530.86443
2025-09-11T08:22:05Z	1519.00000	1560.55063	1545.02131	1530.69184
2025-09-11T08:22:06Z	1519.00000	1560.39840	1544.68280	1530.51890
2025-09-11T08:22:06Z	1519.00000	1560.25539	1544.35960	1530.35869
2025-09-11T08:22:06Z	1519.00000	1560.09194	1543.99762	1530.17969
2025-09-11T08:22:06Z	1519.00000	1559.95182	1543.69225	1530.02904
2025-09-11T08:22:06Z	1519.00000	1559.68315	1543.11804	1529.73150
2025-09-11T08:22:06Z	1519.00000	1559.62055	1542.98730	1529.66286
2025-09-11T08:22:06Z	1519.00000	1559.60816	1542.95908	1529.65047
2025-09-11T08:22:06Z	1519.00000	1559.59843	1542.93787	1529.64035
2025-09-11T08:22:07Z	1520.00000	1559.59162	1542.92330	1529.63348
2025-09-11T08:22:07Z	1520.00000	1559.58477	1542.90916	1529.62667
2025-09-11T08:22:07Z	1520.00000	1559.57563	1542.88999	1529.61734
2025-09-11T08:22:07Z	1520.00000	1559.56829	1542.87503	1529.61019
2025-09-11T08:22:07Z	1520.00000	1559.56579	1542.86958	1529.60743
2025-09-11T08:22:07Z	1520.00000	1559.56223	1542.86243	1529.60401
2025-09-11T08:22:07Z	1520.00000	1559.55901	1542.85586	1529.60082
2025-09-11T08:22:07Z	1520.00000	1559.55667	1542.85122	1529.59862
2025-09-11T08:22:08Z	1521.00000	1559.55462	1542.84703	1529.59648
2025-09-11T08:22:08Z	1521.00000	1559.55254	1542.84309	1529.59463
2025-09-11T08:22:08Z	1521.00000	1559.55031	1542.83849	1529.59236
2025-09-11T08:22:08Z	1521.00000	1559.54763	1542.83344	1529.58988
2025-09-11T08:22:08Z	1521.00000	1559.54595	1542.82999	1529.58816
2025-09-11T08:22:08Z	1521.00000	1559.54329	1542.82460	1529.58559
2025-09-11T08:22:08Z	1521.00000	1559.54104	1542.82048	1529.58348
2025-09-11T08:22:08Z	1521.00000	1559.53888	1542.81649	1529.58151
2025-09-11T08:22:08Z	1521.00000	1559.53701	1542.81258	1529.57949
2025-09-11T08:22:08Z	1521.00000	1559.53525	1542.80941	1529.57802
2025-09-11T08:22:09Z	1522.00000	1559.53368	1542.80633	1529.57640
2025-09-11T08:22:09Z	1522.00000	1559.53222	1542.80352	1529.57488
2025-09-11T08:22:09Z	1522.00000	1559.53062	1542.80061	1529.57338
2025-09-11T08:22:09Z	1522.00000	1559.52899	1542.79744	1529.57197
2025-09-11T08:22:09Z	1522.00000	1559.52736	1542.79445	1529.57034
2025-09-11T08:22:09Z	1522.00000	1559.52589	1542.79168	1529.56895
2025-09-11T08:22:09Z	1522.00000	1559.52471	1542.78975	1529.56795
2025-09-11T08:22:09Z	1522.00000	1559.52372	1542.78784	1529.56694
2025-09-11T08:22:09Z	1522.00000	1559.52157	1542.78383	1529.56474
2025-09-11T08:22:09Z	1523.00000	1559.52033	1542.78174	1529.56376
2025-09-11T08:22:10Z	1523.00000	1559.51888	1542.77881	1529.56223
2025-09-11T08:22:10Z	1523.00000	1559.51778	1542.77694	1529.56136
2025-09-11T08:22:10Z	1523.00000	1559.51670	1542.77506	1529.56020
2025-09-11T08:22:10Z	1523.00000	1559.51559	1542.77323	1529.55919
2025-09-11T08:22:10Z	1523.00000	1559.51461	1542.77135	1529.55819
2025-09-11T08:22:10Z	1523.00000	1559.51345	1542.76900	1529.55706
2025-09-11T08:22:10Z	1523.00000	1559.51222	1542.76700	1529.55600
2025-09-11T08:22:10Z	1523.00000	1559.51115	1542.76507	1529.55503
2025-09-11T08:22:10Z	1523.00000	1559.51043	1542.76375	1529.55419
2025-09-11T08:22:11Z	1524.00000	1559.50936	1542.76187	1529.55316
2025-09-11T08:22:11Z	1524.00000	1559.50794	1542.75918	1529.55175
2025-09-11T08:22:11Z	1524.00000	1559.50707	1542.75781	1529.55114
2025-09-11T08:22:11Z	1524.00000	1559.72185	1543.19202	1529.78776
2025-09-11T08:22:11Z	1524.00000	1559.95959	1543.69232	1530.05238
2025-09-11T08:22:11Z	1524.00000	1560.15107	1544.11896	1530.26449
2025-09-11T08:22:11Z	1524.00000	1560.39417	1544.67557	1530.54338
2025-09-11T08:22:11Z	1524.00000	1560.54086	1545.00665	1530.71382
2025-09-11T08:22:12Z	1525.00000	1560.76992	1545.53475	1530.97782
2025-09-11T08:22:12Z	1525.00000	1560.97700	1545.99165	1531.20515
2025-09-11T08:22:12Z	1525.00000	1561.16103	1546.38152	1531.40565
2025-09-11T08:22:12Z	1525.00000	1561.46023	1547.01841	1531.73085
2025-09-11T08:22:12Z	1525.00000	1561.62194	1547.38666	1531.91839
2025-09-11T08:22:12Z	1525.00000	1561.74704	1547.68678	1532.07505
2025-09-11T08:22:12Z	1525.00000	1561.85880	1547.97025	1532.22373
2025-09-11T08:22:12Z	1525.00000	1562.12252	1548.64059	1532.58478
2025-09-11T08:22:12Z	1526.00000	1562.26526	1548.98251	1532.76036
2025-09-11T08:22:13Z	1526.00000	1562.43762	1549.36943	1532.95380
2025-09-11T08:22:13Z	1526.00000	1562.66959	1549.86288	1533.20507
2025-09-11T08:22:13Z	1526.00000	1562.86827	1550.29905	1533.43124
2025-09-11T08:22:13Z	1526.00000	1563.01748	1550.61666	1533.60133
2025-09-11T08:22:13Z	1526.00000	1563.11122	1550.82820	1533.71524
2025-09-11T08:22:13Z	1526.00000	1563.23301	1551.08742	1533.85541
2025-09-11T08:22:13Z	1526.00000	1563.42685	1551.47080	1534.06736
2025-09-11T08:22:13Z	1527.00000	1563.43006	1551.48420	1534.06851
2025-09-11T08:22:14Z	1527.00000	1563.43118	1551.48462	1534.06980
2025-09-11T08:22:14Z	1527.00000	1563.43241	1551.48279	1534.07063
2025-09-11T08:22:14Z	1527.00000	1563.43285	1551.48193	1534.07121
2025-09-11T08:22:14Z	1527.00000	1563.43358	1551.48126	1534.07224
2025-09-11T08:22:14Z	1527.00000	1563.43390	1551.48061	1534.07265
2025-09-11T08:22:14Z	1527.00000	1563.43465	1551.47939	1534.07348
2025-09-11T08:22:14Z	1527.00000	1563.43491	1551.47865	1534.07417
2025-09-11T08:22:14Z	1527.00000	1563.43528	1551.47806	1534.07481
2025-09-11T08:22:15Z	1528.00000	1563.43546	1551.47735	1534.07533
2025-09-11T08:22:15Z	1528.00000	1563.29341	1550.81558	1533.82171
2025-09-11T08:22:15Z	1528.00000	1561.87273	1547.80297	1532.09658
2025-09-11T08:22:15Z	1528.00000	1561.62104	1547.30063	1531.84354
2025-09-11T08:22:15Z	1528.00000	1561.35229	1546.76328	1531.57028
2025-09-11T08:22:15Z	1528.00000	1561.11784	1546.27367	1531.32110
2025-09-11T08:22:15Z	1528.00000	1560.90661	1545.81985	1531.08797
2025-09-11T08:22:15Z	1528.00000	1560.75238	1545.47994	1530.91921
2025-09-11T08:22:15Z	1528.00000	1560.62406	1545.18590	1530.77499
2025-09-11T08:22:15Z	1529.00000	1560.50196	1544.91097	1530.63462
2025-09-11T08:22:16Z	1529.00000	1560.35417	1544.57702	1530.46705
2025-09-11T08:22:16Z	1529.00000	1560.16363	1544.15620	1530.25853
2025-09-11T08:22:16Z	1529.00000	1559.91095	1543.60261	1529.98082
2025-09-11T08:22:16Z	1529.00000	1559.63746	1543.02476	1529.68007
2025-09-11T08:22:16Z	1529.00000	1559.61949	1542.98411	1529.66141
2025-09-11T08:22:16Z	1529.00000	1559.61056	1542.96398	1529.65231
2025-09-11T08:22:16Z	1529.00000	1559.60223	1542.94556	1529.64358
2025-09-11T08:22:16Z	1530.00000	1559.59598	1542.93254	1529.63734
2025-09-11T08:22:17Z	1530.00000	1559.59080	1542.92137	1529.63177
2025-09-11T08:22:17Z	1530.00000	1559.58517	1542.90974	1529.62636
2025-09-11T08:22:17Z	1530.00000	1559.58083	1542.90073	1529.62200
2025-09-11T08:22:17Z	1530.00000	1559.57692	1542.89267	1529.61810
2025-09-11T08:22:17Z	1530.00000	1559.57331	1542.88502	1529.61441
2025-09-11T08:22:17Z	1530.00000	1559.56879	1542.87590	1529.61000
2025-09-11T08:22:17Z	1530.00000	1559.56278	1542.86379	1529.60407
2025-09-11T08:22:17Z	1530.00000	1559.55965	1542.85746	1529.60091
2025-09-11T08:22:18Z	1531.00000	1559.55468	1542.84756	1529.59609
2025-09-11T08:22:18Z	1531.00000	1559.55237	1542.84302	1529.59381
2025-09-11T08:22:18Z	1531.00000	1559.54990	1542.83805	1529.59142
2025-09-11T08:22:18Z	1531.00000	1559.54786	1542.83381	1529.58930
2025-09-11T08:22:18Z	1531.00000	1559.54581	1542.82982	1529.58738
2025-09-11T08:22:18Z	1531.00000	1559.54169	1542.82206	1529.58357
2025-09-11T08:22:18Z	1531.00000	1559.53984	1542.81874	1529.58184
2025-09-11T08:22:18Z	1531.00000	1559.53796	1542.81493	1529.58000
2025-09-11T08:22:19Z	1532.00000	1559.53465	1542.80882	1529.57693
2025-09-11T08:22:19Z	1532.00000	1559.53273	1542.80502	1529.57496
2025-09-11T08:22:19Z	1532.00000	1559.53005	1542.79983	1529.57232
2025-09-11T08:22:19Z	1532.00000	1559.52853	1542.79721	1529.57093
2025-09-11T08:22:19Z	1532.00000	1559.52729	1542.79482	1529.56985
2025-09-11T08:22:19Z	1532.00000	1559.52602	1542.79253	1529.56860
2025-09-11T08:22:19Z	1532.00000	1559.52463	1542.78989	1529.56717
2025-09-11T08:22:19Z	1532.00000	1559.52351	1542.78786	1529.56619
2025-09-11T08:22:19Z	1533.00000	1559.52211	1542.78535	1529.56480
2025-09-11T08:22:20Z	1533.00000	1559.52115	1542.78367	1529.56400
2025-09-11T08:22:20Z	1533.00000	1559.51997	1542.78164	1529.56291
2025-09-11T08:22:20Z	1533.00000	1559.51873	1542.77905	1529.56149
2025-09-11T08:22:20Z	1533.00000	1559.51776	1542.77746	1529.56064
2025-09-11T08:22:20Z	1533.00000	1559.51676	1542.77579	1529.55987
2025-09-11T08:22:20Z	1533.00000	1559.51550	1542.77336	1529.55859
2025-09-11T08:22:20Z	1533.00000	1559.51445	1542.77172	1529.55769
2025-09-11T08:22:20Z	1533.00000	1559.51348	1542.77004	1529.55677
2025-09-11T08:22:20Z	1533.00000	1559.51248	1542.76815	1529.55589
2025-09-11T08:22:21Z	1534.00000	1559.51165	1542.76651	1529.55498
2025-09-11T08:22:21Z	1534.00000	1559.50993	1542.76408	1529.55429
2025-09-11T08:22:21Z	1534.00000	1559.50849	1542.76202	1529.55414
2025-09-11T08:22:21Z	1534.00000	1559.61586	1542.98219	1529.67369
2025-09-11T08:22:21Z	1534.00000	1559.79236	1543.33733	1529.86902
2025-09-11T08:22:21Z	1534.00000	1559.99015	1543.76409	1530.08913
2025-09-11T08:22:21Z	1534.00000	1560.17699	1544.18012	1530.29674
2025-09-11T08:22:21Z	1534.00000	1560.36231	1544.60265	1530.50923
2025-09-11T08:22:21Z	1534.00000	1560.60013	1545.14398	1530.78725
2025-09-11T08:22:21Z	1535.00000	1560.74275	1545.47624	1530.95040
2025-09-11T08:22:22Z	1535.00000	1560.95184	1545.94104	1531.18168
2025-09-11T08:22:22Z	1535.00000	1561.13467	1546.32768	1531.38206
2025-09-11T08:22:22Z	1535.00000	1561.37923	1546.84672	1531.64535
2025-09-11T08:22:22Z	1535.00000	1561.69824	1547.55787	1532.01027
2025-09-11T08:22:22Z	1535.00000	1561.79795	1547.80085	1532.13722
2025-09-11T08:22:22Z	1535.00000	1561.91818	1548.11711	1532.30506
2025-09-11T08:22:22Z	1535.00000	1562.02622	1548.40188	1532.45349
2025-09-11T08:22:22Z	1535.00000	1562.19770	1548.81658	1532.67571
2025-09-11T08:22:22Z	1536.00000	1562.32835	1549.11544	1532.82620
2025-09-11T08:22:23Z	1536.00000	1562.54490	1549.59239	1533.06437
2025-09-11T08:22:23Z	1536.00000	1562.86059	1550.26600	1533.41305
2025-09-11T08:22:23Z	1536.00000	1562.98114	1550.52865	1533.55101
2025-09-11T08:22:23Z	1536.00000	1563.13752	1550.87960	1533.74333
2025-09-11T08:22:23Z	1536.00000	1563.25219	1551.11807	1533.86982
2025-09-11T08:22:23Z	1536.00000	1563.42878	1551.47064	1534.05721
2025-09-11T08:22:23Z	1536.00000	1563.43405	1551.48131	1534.06052
2025-09-11T08:22:23Z	1537.00000	1563.43475	1551.48905	1534.06075
2025-09-11T08:22:24Z	1537.00000	1563.43571	1551.48932	1534.06146
2025-09-11T08:22:24Z	1537.00000	1563.43691	1551.48941	1534.06171
2025-09-11T08:22:24Z	1537.00000	1563.43702	1551.48910	1534.06268
2025-09-11T08:22:24Z	1537.00000	1563.43770	1551.48894	1534.06311
2025-09-11T08:22:24Z	1537.00000	1563.43808	1551.48838	1534.06384
2025-09-11T08:22:24Z	1537.00000	1563.43858	1551.48800	1534.06425
2025-09-11T08:22:24Z	1537.00000	1563.43871	1551.48764	1534.06457
2025-09-11T08:22:24Z	1537.00000	1563.43931	1551.48709	1534.06510
2025-09-11T08:22:24Z	1537.00000	1563.43957	1551.48663	1534.06555
2025-09-11T08:22:25Z	1538.00000	1563.43997	1551.48592	1534.06629
2025-09-11T08:22:25Z	1538.00000	1562.08933	1548.26530	1532.33042
2025-09-11T08:22:25Z	1538.00000	1561.73843	1547.54002	1531.96257
2025-09-11T08:22:25Z	1538.00000	1561.53633	1547.13780	1531.75753
2025-09-11T08:22:25Z	1538.00000	1561.28392	1546.62855	1531.49600
2025-09-11T08:22:25Z	1538.00000	1561.13422	1546.31442	1531.33797
2025-09-11T08:22:25Z	1538.00000	1560.94362	1545.90906	1531.12901
2025-09-11T08:22:25Z	1538.00000	1560.76169	1545.50275	1530.92806
2025-09-11T08:22:26Z	1539.00000	1560.46170	1544.82511	1530.58805
2025-09-11T08:22:26Z	1539.00000	1560.31542	1544.49225	1530.42283
2025-09-11T08:22:26Z	1539.00000	1560.14978	1544.12952	1530.24298
2025-09-11T08:22:26Z	1539.00000	1559.98651	1543.77268	1530.06765
2025-09-11T08:22:26Z	1539.00000	1559.71178	1543.17812	1529.76064
2025-09-11T08:22:26Z	1539.00000	1559.62511	1542.99878	1529.66679
2025-09-11T08:22:26Z	1539.00000	1559.61694	1542.97974	1529.65841
2025-09-11T08:22:26Z	1539.00000	1559.60917	1542.96220	1529.65027
2025-09-11T08:22:26Z	1539.00000	1559.60138	1542.94549	1529.64265
2025-09-11T08:22:26Z	1540.00000	1559.59655	1542.93525	1529.63767
2025-09-11T08:22:27Z	1540.00000	1559.59134	1542.92432	1529.63252
2025-09-11T08:22:27Z	1540.00000	1559.58510	1542.91140	1529.62618
2025-09-11T08:22:27Z	1540.00000	1559.58164	1542.90430	1529.62263
2025-09-11T08:22:27Z	1540.00000	1559.57659	1542.89397	1529.61775
2025-09-11T08:22:27Z	1540.00000	1559.57258	1542.88585	1529.61371
2025-09-11T08:22:27Z	1540.00000	1559.56996	1542.88027	1529.61098
2025-09-11T08:22:27Z	1540.00000	1559.56673	1542.87393	1529.60802
2025-09-11T08:22:27Z	1540.00000	1559.56337	1542.86738	1529.60471
2025-09-11T08:22:27Z	1540.00000	1559.56082	1542.86193	1529.60207
2025-09-11T08:22:27Z	1541.00000	1559.55827	1542.85683	1529.59960
2025-09-11T08:22:28Z	1541.00000	1559.55598	1542.85209	1529.59720
2025-09-11T08:22:28Z	1541.00000	1559.55365	1542.84751	1529.59508
2025-09-11T08:22:28Z	1541.00000	1559.55063	1542.84175	1529.59228
2025-09-11T08:22:28Z	1541.00000	1559.54829	1542.83715	1529.58996
2025-09-11T08:22:28Z	1541.00000	1559.54451	1542.82965	1529.58623
2025-09-11T08:22:28Z	1541.00000	1559.54268	1542.82616	1529.58458
2025-09-11T08:22:28Z	1541.00000	1559.54126	1542.82347	1529.58320
2025-09-11T08:22:28Z	1541.00000	1559.53935	1542.81970	1529.58143
2025-09-11T08:22:28Z	1542.00000	1559.53763	1542.81671	1529.57989
2025-09-11T08:22:29Z	1542.00000	1559.53571	1542.81270	1529.57784
2025-09-11T08:22:29Z	1542.00000	1559.53364	1542.80911	1529.57602
2025-09-11T08:22:29Z	1542.00000	1559.53115	1542.80429	1529.57352
2025-09-11T08:22:29Z	1542.00000	1559.53009	1542.80221	1529.57257
2025-09-11T08:22:29Z	1542.00000	1559.52886	1542.79976	1529.57131
2025-09-11T08:22:29Z	1542.00000	1559.52755	1542.79746	1529.57016
2025-09-11T08:22:29Z	1542.00000	1559.52616	1542.79491	1529.56878
2025-09-11T08:22:29Z	1542.00000	1559.52465	1542.79196	1529.56730
2025-09-11T08:22:30Z	1543.00000	1559.52304	1542.78930	1529.56587
2025-09-11T08:22:30Z	1543.00000	1559.52102	1542.78564	1529.56395
2025-09-11T08:22:30Z	1543.00000	1559.52018	1542.78406	1529.56315
2025-09-11T08:22:30Z	1543.00000	1559.51930	1542.78252	1529.56231
2025-09-11T08:22:30Z	1543.00000	1559.51819	1542.78037	1529.56115
2025-09-11T08:22:30Z	1543.00000	1559.51689	1542.77810	1529.55995
2025-09-11T08:22:30Z	1543.00000	1559.51577	1542.77603	1529.55891
2025-09-11T08:22:30Z	1543.00000	1559.51506	1542.77472	1529.55816
2025-09-11T08:22:30Z	1543.00000	1559.51424	1542.77329	1529.55753
2025-09-11T08:22:30Z	1544.00000	1559.51337	1542.77170	1529.55657
2025-09-11T08:22:31Z	1544.00000	1559.51252	1542.77006	1529.55591
2025-09-11T08:22:31Z	1544.00000	1559.51150	1542.76845	1529.55495
2025-09-11T08:22:31Z	1544.00000	1559.51069	1542.76690	1529.55408
2025-09-11T08:22:31Z	1544.00000	1559.50967	1542.76525	1529.55315
2025-09-11T08:22:31Z	1544.00000	1559.62438	1542.99966	1529.68020
2025-09-11T08:22:31Z	1544.00000	1559.86733	1543.49704	1529.94842
2025-09-11T08:22:31Z	1544.00000	1560.27861	1544.41008	1530.40759
2025-09-11T08:22:31Z	1544.00000	1560.42639	1544.75226	1530.57976
2025-09-11T08:22:32Z	1545.00000	1560.63422	1545.22826	1530.82191
2025-09-11T08:22:32Z	1545.00000	1560.83430	1545.68342	1531.04710
2025-09-11T08:22:32Z	1545.00000	1560.98510	1546.01679	1531.21217
2025-09-11T08:22:32Z	1545.00000	1561.20161	1546.47537	1531.44502
2025-09-11T08:22:32Z	1545.00000	1561.34799	1546.79234	1531.60687
2025-09-11T08:22:32Z	1545.00000	1561.52235	1547.16440	1531.79563
2025-09-11T08:22:32Z	1545.00000	1561.67170	1547.50831	1531.97271
2025-09-11T08:22:32Z	1545.00000	1561.83303	1547.90138	1532.17805
2025-09-11T08:22:32Z	1545.00000	1561.95063	1548.21578	1532.34515
2025-09-11T08:22:32Z	1545.00000	1562.05124	1548.46685	1532.48323
2025-09-11T08:22:32Z	1546.00000	1562.18232	1548.78471	1532.65028
2025-09-11T08:22:33Z	1546.00000	1562.34863	1549.16133	1532.83901
2025-09-11T08:22:33Z	1546.00000	1562.50962	1549.51734	1533.01580
2025-09-11T08:22:33Z	1546.00000	1562.67097	1549.86700	1533.19370
2025-09-11T08:22:33Z	1546.00000	1562.88510	1550.32408	1533.43200
2025-09-11T08:22:33Z	1546.00000	1563.00272	1550.57759	1533.56502
2025-09-11T08:22:33Z	1546.00000	1563.12902	1550.86024	1533.71629
2025-09-11T08:22:33Z	1546.00000	1563.27534	1551.16106	1533.87340
2025-09-11T08:22:33Z	1546.00000	1563.43958	1551.47980	1534.04338
2025-09-11T08:22:33Z	1546.00000	1563.44041	1551.49389	1534.04461
2025-09-11T08:22:33Z	1547.00000	1563.44192	1551.49969	1534.04508
2025-09-11T08:22:34Z	1547.00000	1563.44265	1551.49651	1534.04510
2025-09-11T08:22:34Z	1547.00000	1563.44315	1551.49621	1534.04552
2025-09-11T08:22:34Z	1547.00000	1563.44390	1551.49591	1534.04645
2025-09-11T08:22:34Z	1547.00000	1563.44416	1551.49564	1534.04687
2025-09-11T08:22:34Z	1547.00000	1563.44468	1551.49531	1534.04745
2025-09-11T08:22:34Z	1547.00000	1563.44513	1551.49472	1534.04822
2025-09-11T08:22:34Z	1547.00000	1563.44535	1551.49416	1534.04852
2025-09-11T08:22:34Z	1547.00000	1563.44585	1551.49355	1534.04900
2025-09-11T08:22:34Z	1547.00000	1563.44603	1551.49349	1534.04954
2025-09-11T08:22:35Z	1548.00000	1563.44618	1551.49268	1534.05000
2025-09-11T08:22:35Z	1548.00000	1563.44636	1551.49251	1534.05015
2025-09-11T08:22:35Z	1548.00000	1563.44651	1551.49239	1534.05064
2025-09-11T08:22:35Z	1548.00000	1562.03830	1548.16633	1532.27019
2025-09-11T08:22:35Z	1548.00000	1561.75636	1547.59314	1531.98473
2025-09-11T08:22:35Z	1548.00000	1561.54782	1547.16851	1531.76456
2025-09-11T08:22:35Z	1548.00000	1561.29914	1546.66608	1531.50935
2025-09-11T08:22:35Z	1548.00000	1561.12604	1546.30094	1531.32527
2025-09-11T08:22:35Z	1548.00000	1560.96626	1545.95974	1531.14939
2025-09-11T08:22:35Z	1548.00000	1560.78508	1545.55759	1530.95200
2025-09-11T08:22:35Z	1549.00000	1560.65594	1545.26582	1530.81001
2025-09-11T08:22:36Z	1549.00000	1560.45835	1544.81870	1530.58168
2025-09-11T08:22:36Z	1549.00000	1560.33981	1544.54791	1530.44826
2025-09-11T08:22:36Z	1549.00000	1560.14864	1544.12939	1530.24014
2025-09-11T08:22:36Z	1549.00000	1559.98380	1543.76950	1530.06339
2025-09-11T08:22:36Z	1549.00000	1559.87016	1543.51911	1529.93450
2025-09-11T08:22:36Z	1549.00000	1559.71192	1543.17971	1529.75943
2025-09-11T08:22:36Z	1549.00000	1559.62659	1543.00284	1529.66712
2025-09-11T08:22:36Z	1549.00000	1559.61605	1542.97827	1529.65660
2025-09-11T08:22:36Z	1549.00000	1559.60962	1542.96400	1529.64980
2025-09-11T08:22:37Z	1550.00000	1559.60187	1542.94763	1529.64211
2025-09-11T08:22:37Z	1550.00000	1559.59730	1542.93765	1529.63734
2025-09-11T08:22:37Z	1550.00000	1559.59297	1542.92861	1529.63307
2025-09-11T08:22:37Z	1550.00000	1559.58825	1542.91901	1529.62856
2025-09-11T08:22:37Z	1550.00000	1559.58284	1542.90743	1529.62270
2025-09-11T08:22:37Z	1550.00000	1559.57892	1542.89969	1529.61897
2025-09-11T08:22:37Z	1550.00000	1559.57539	1542.89248	1529.61548
2025-09-11T08:22:37Z	1550.00000	1559.57209	1542.88575	1529.61236
2025-09-11T08:22:37Z	1550.00000	1559.56814	1542.87744	1529.60820
2025-09-11T08:22:37Z	1550.00000	1559.56432	1542.87002	1529.60456
2025-09-11T08:22:38Z	1551.00000	1559.56214	1542.86562	1529.60241
2025-09-11T08:22:38Z	1551.00000	1559.55997	1542.86136	1529.60035
2025-09-11T08:22:38Z	1551.00000	1559.55748	1542.85660	1529.59804
2025-09-11T08:22:38Z	1551.00000	1559.55487	1542.85104	1529.59543
2025-09-11T08:22:38Z	1551.00000	1559.55235	1542.84602	1529.59302
2025-09-11T08:22:38Z	1551.00000	1559.55036	1542.84207	1529.59090
2025-09-11T08:22:38Z	1551.00000	1559.54860	1542.83897	1529.58951
2025-09-11T08:22:38Z	1551.00000	1559.54678	1542.83534	1529.58766
2025-09-11T08:22:38Z	1551.00000	1559.54504	1542.83178	1529.58601
2025-09-11T08:22:38Z	1551.00000	1559.54320	1542.82840	1529.58435
2025-09-11T08:22:38Z	1552.00000	1559.54125	1542.82470	1529.58244
2025-09-11T08:22:39Z	1552.00000	1559.53965	1542.82164	1529.58095
2025-09-11T08:22:39Z	1552.00000	1559.53815	1542.81863	1529.57947
2025-09-11T08:22:39Z	1552.00000	1559.53662	1542.81579	1529.57808
2025-09-11T08:22:39Z	1552.00000	1559.53373	1542.81057	1529.57539
2025-09-11T08:22:39Z	1552.00000	1559.53245	1542.80797	1529.57414
2025-09-11T08:22:39Z	1552.00000	1559.53071	1542.80470	1529.57249
2025-09-11T08:22:39Z	1552.00000	1559.52925	1542.80191	1529.57107
2025-09-11T08:22:39Z	1552.00000	1559.52764	1542.79895	1529.56953
2025-09-11T08:22:40Z	1553.00000	1559.52622	1542.79642	1529.56825
2025-09-11T08:22:40Z	1553.00000	1559.52538	1542.79470	1529.56738
2025-09-11T08:22:40Z	1553.00000	1559.52429	1542.79266	1529.56640
2025-09-11T08:22:40Z	1553.00000	1559.52309	1542.79070	1529.56533
2025-09-11T08:22:40Z	1553.00000	1559.52166	1542.78813	1529.56404
2025-09-11T08:22:40Z	1553.00000	1559.52069	1542.78629	1529.56314
2025-09-11T08:22:40Z	1553.00000	1559.51986	1542.78493	1529.56230
2025-09-11T08:22:40Z	1553.00000	1559.51889	1542.78311	1529.56133
2025-09-11T08:22:40Z	1553.00000	1559.51799	1542.78129	1529.56042
2025-09-11T08:22:40Z	1553.00000	1559.51686	1542.77929	1529.55944
2025-09-11T08:22:41Z	1554.00000	1559.51585	1542.77750	1529.55838
2025-09-11T08:22:41Z	1554.00000	1559.51507	1542.77608	1529.55775
2025-09-11T08:22:41Z	1554.00000	1559.51422	1542.77459	1529.55687
2025-09-11T08:22:41Z	1554.00000	1559.51296	1542.77238	1529.55568
2025-09-11T08:22:41Z	1554.00000	1559.51228	1542.77109	1529.55503
2025-09-11T08:22:41Z	1554.00000	1559.62479	1543.00182	1529.68013
2025-09-11T08:22:41Z	1554.00000	1559.83429	1543.42739	1529.91175
2025-09-11T08:22:41Z	1554.00000	1560.03590	1543.86434	1530.13288
2025-09-11T08:22:41Z	1554.00000	1560.22322	1544.28315	1530.34241
2025-09-11T08:22:41Z	1554.00000	1560.40595	1544.70432	1530.55260
2025-09-11T08:22:41Z	1555.00000	1560.62988	1545.21877	1530.81436
2025-09-11T08:22:42Z	1555.00000	1560.95189	1545.94874	1531.17318
2025-09-11T08:22:42Z	1555.00000	1561.13637	1546.34215	1531.37531
2025-09-11T08:22:42Z	1555.00000	1561.31833	1546.73190	1531.57166
2025-09-11T08:22:42Z	1555.00000	1561.52236	1547.16924	1531.79243
2025-09-11T08:22:42Z	1555.00000	1561.69191	1547.55872	1531.99364
2025-09-11T08:22:42Z	1555.00000	1561.83265	1547.90436	1532.17287
2025-09-11T08:22:42Z	1555.00000	1561.95156	1548.22098	1532.34000
2025-09-11T08:22:42Z	1555.00000	1562.05785	1548.48410	1532.48483
2025-09-11T08:22:43Z	1556.00000	1562.35674	1549.18216	1532.84078
2025-09-11T08:22:43Z	1556.00000	1562.52805	1549.55953	1533.02729
2025-09-11T08:22:43Z	1556.00000	1562.71741	1549.97005	1533.23648
2025-09-11T08:22:43Z	1556.00000	1563.01923	1550.62406	1533.57678
2025-09-11T08:22:43Z	1556.00000	1563.15577	1550.91730	1533.73380
2025-09-11T08:22:43Z	1556.00000	1563.44169	1551.47946	1534.03317
2025-09-11T08:22:43Z	1556.00000	1563.44332	1551.49322	1534.03341
2025-09-11T08:22:43Z	1557.00000	1563.44507	1551.49639	1534.03405
2025-09-11T08:22:44Z	1557.00000	1563.44611	1551.49634	1534.03508
2025-09-11T08:22:44Z	1557.00000	1563.44696	1551.49636	1534.03603
2025-09-11T08:22:44Z	1557.00000	1563.44770	1551.49614	1534.03656
2025-09-11T08:22:44Z	1557.00000	1563.44795	1551.49579	1534.03744
2025-09-11T08:22:44Z	1557.00000	1563.44862	1551.49539	1534.03767
2025-09-11T08:22:44Z	1557.00000	1563.44898	1551.49499	1534.03809
2025-09-11T08:22:44Z	1557.00000	1563.44924	1551.49436	1534.03872
2025-09-11T08:22:44Z	1557.00000	1563.44954	1551.49412	1534.03911
2025-09-11T08:22:44Z	1557.00000	1563.44991	1551.49369	1534.03988
2025-09-11T08:22:44Z	1558.00000	1563.45040	1551.49346	1534.03995
2025-09-11T08:22:45Z	1558.00000	1563.45078	1551.49278	1534.04031
2025-09-11T08:22:45Z	1558.00000	1561.72613	1547.52509	1531.94220
2025-09-11T08:22:45Z	1558.00000	1561.52300	1547.11754	1531.73550
2025-09-11T08:22:45Z	1558.00000	1561.28896	1546.64649	1531.49542
2025-09-11T08:22:45Z	1558.00000	1561.08685	1546.22130	1531.28050
2025-09-11T08:22:45Z	1558.00000	1560.89565	1545.80058	1531.07005
2025-09-11T08:22:45Z	1558.00000	1560.76699	1545.51378	1530.92855
2025-09-11T08:22:45Z	1559.00000	1560.59406	1545.11529	1530.73355
2025-09-11T08:22:46Z	1559.00000	1560.44472	1544.78380	1530.56358
2025-09-11T08:22:46Z	1559.00000	1560.30002	1544.45655	1530.40168
2025-09-11T08:22:46Z	1559.00000	1560.03813	1543.88566	1530.11957
2025-09-11T08:22:46Z	1559.00000	1559.87684	1543.53314	1529.94077
2025-09-11T08:22:46Z	1559.00000	1559.71517	1543.18513	1529.76110
2025-09-11T08:22:46Z	1559.00000	1559.62082	1542.98798	1529.66044
2025-09-11T08:22:46Z	1559.00000	1559.61415	1542.97285	1529.65325
2025-09-11T08:22:46Z	1560.00000	1559.60615	1542.95548	1529.64524
2025-09-11T08:22:47Z	1560.00000	1559.60028	1542.94316	1529.63940
2025-09-11T08:22:47Z	1560.00000	1559.59411	1542.93007	1529.63324
2025-09-11T08:22:47Z	1560.00000	1559.58549	1542.91231	1529.62443
2025-09-11T08:22:47Z	1560.00000	1559.58153	1542.90454	1529.62072
2025-09-11T08:22:47Z	1560.00000	1559.57734	1542.89587	1529.61648
2025-09-11T08:22:47Z	1560.00000	1559.57344	1542.88807	1529.61263
2025-09-11T08:22:47Z	1560.00000	1559.57051	1542.88197	1529.60968
2025-09-11T08:22:47Z	1560.00000	1559.56800	1542.87718	1529.60741
2025-09-11T08:22:47Z	1561.00000	1559.56493	1542.87094	1529.60434
2025-09-11T08:22:48Z	1561.00000	1559.56245	1542.86579	1529.60170
2025-09-11T08:22:48Z	1561.00000	1559.55994	1542.86102	1529.59945
2025-09-11T08:22:48Z	1561.00000	1559.55712	1542.85559	1529.59689
2025-09-11T08:22:48Z	1561.00000	1559.55286	1542.84717	1529.59289
2025-09-11T08:22:48Z	1561.00000	1559.55097	1542.84341	1529.59090
2025-09-11T08:22:48Z	1561.00000	1559.54874	1542.83902	1529.58863
2025-09-11T08:22:48Z	1561.00000	1559.54693	1542.83541	1529.58714
2025-09-11T08:22:48Z	1561.00000	1559.54521	1542.83212	1529.58534
2025-09-11T08:22:48Z	1562.00000	1559.54318	1542.82837	1529.58371
2025-09-11T08:22:49Z	1562.00000	1559.54159	1542.82525	1529.58206
2025-09-11T08:22:49Z	1562.00000	1559.53970	1542.82178	1529.58051
2025-09-11T08:22:49Z	1562.00000	1559.53833	1542.81904	1529.57891
2025-09-11T08:22:49Z	1562.00000	1559.53689	1542.81636	1529.57760
2025-09-11T08:22:49Z	1562.00000	1559.53520	1542.81324	1529.57595
2025-09-11T08:22:49Z	1562.00000	1559.53385	1542.81067	1529.57475
2025-09-11T08:22:49Z	1562.00000	1559.53248	1542.80824	1529.57346
2025-09-11T08:22:49Z	1562.00000	1559.53135	1542.80587	1529.57229
2025-09-11T08:22:49Z	1562.00000	1559.53022	1542.80363	1529.57115
2025-09-11T08:22:49Z	1563.00000	1559.52867	1542.80108	1529.56956
2025-09-11T08:22:50Z	1563.00000	1559.52754	1542.79887	1529.56879
2025-09-11T08:22:50Z	1563.00000	1559.52607	1542.79642	1529.56775
2025-09-11T08:22:50Z	1563.00000	1559.52477	1542.79430	1529.56681
2025-09-11T08:22:50Z	1563.00000	1559.52379	1542.79230	1529.56576
2025-09-11T08:22:50Z	1563.00000	1559.52245	1542.78972	1529.56471
2025-09-11T08:22:50Z	1563.00000	1559.52058	1542.78656	1529.56275
2025-09-11T08:22:50Z	1563.00000	1559.51982	1542.78484	1529.56193
2025-09-11T08:22:50Z	1563.00000	1559.51876	1542.78324	1529.56091
2025-09-11T08:22:50Z	1564.00000	1559.51771	1542.78128	1529.55962
2025-09-11T08:22:51Z	1564.00000	1559.51683	1542.77961	1529.55892
2025-09-11T08:22:51Z	1564.00000	1559.51608	1542.77810	1529.55801
2025-09-11T08:22:51Z	1564.00000	1559.51501	1542.77628	1529.55722
2025-09-11T08:22:51Z	1564.00000	1559.51421	1542.77480	1529.55639
2025-09-11T08:22:51Z	1564.00000	1559.61677	1542.98522	1529.67038
2025-09-11T08:22:51Z	1564.00000	1559.82414	1543.40485	1529.90040
2025-09-11T08:22:51Z	1564.00000	1560.02044	1543.83059	1530.11601
2025-09-11T08:22:51Z	1564.00000	1560.24134	1544.32343	1530.36171
2025-09-11T08:22:51Z	1564.00000	1560.45737	1544.82130	1530.61255
2025-09-11T08:22:51Z	1565.00000	1560.66388	1545.29646	1530.85146
2025-09-11T08:22:52Z	1565.00000	1560.83624	1545.68928	1531.04554
2025-09-11T08:22:52Z	1565.00000	1560.98972	1546.02963	1531.21399
2025-09-11T08:22:52Z	1565.00000	1561.17475	1546.42336	1531.41458
2025-09-11T08:22:52Z	1565.00000	1561.39300	1546.88913	1531.65044
2025-09-11T08:22:52Z	1565.00000	1561.72579	1547.63583	1532.03203
2025-09-11T08:22:52Z	1565.00000	1561.82518	1547.88098	1532.15915
2025-09-11T08:22:52Z	1565.00000	1561.94894	1548.20922	1532.33146
2025-09-11T08:22:52Z	1565.00000	1562.13007	1548.65088	1532.55929
2025-09-11T08:22:53Z	1566.00000	1562.46542	1549.40994	1532.93594
2025-09-11T08:22:53Z	1566.00000	1562.68064	1549.88103	1533.17279
2025-09-11T08:22:53Z	1566.00000	1562.87683	1550.30013	1533.39105
2025-09-11T08:22:53Z	1566.00000	1563.03520	1550.63973	1533.56387
2025-09-11T08:22:53Z	1566.00000	1563.14151	1550.87794	1533.68779
2025-09-11T08:22:53Z	1566.00000	1563.39841	1551.42967	1533.97949
2025-09-11T08:22:53Z	1566.00000	1563.44489	1551.49596	1534.02862
2025-09-11T08:22:53Z	1566.00000	1563.44723	1551.50379	1534.02752
2025-09-11T08:22:53Z	1567.00000	1563.44839	1551.50436	1534.02976
2025-09-11T08:22:54Z	1567.00000	1563.44959	1551.50301	1534.03147
2025-09-11T08:22:54Z	1567.00000	1563.45012	1551.50259	1534.03198
2025-09-11T08:22:54Z	1567.00000	1563.45091	1551.50212	1534.03254
2025-09-11T08:22:54Z	1567.00000	1563.45134	1551.50224	1534.03322
2025-09-11T08:22:54Z	1567.00000	1563.45162	1551.50152	1534.03376
2025-09-11T08:22:54Z	1567.00000	1563.45253	1551.50066	1534.03430
2025-09-11T08:22:54Z	1567.00000	1563.45262	1551.50053	1534.03467
2025-09-11T08:22:54Z	1567.00000	1563.45295	1551.49974	1534.03532
2025-09-11T08:22:54Z	1567.00000	1563.45325	1551.49921	1534.03566
2025-09-11T08:22:54Z	1568.00000	1563.45350	1551.49766	1534.03620
2025-09-11T08:22:55Z	1568.00000	1563.45332	1551.49676	1534.03681
2025-09-11T08:22:55Z	1568.00000	1563.45382	1551.49631	1534.03737
2025-09-11T08:22:55Z	1568.00000	1561.98097	1548.03503	1532.19502
2025-09-11T08:22:55Z	1568.00000	1561.70270	1547.47716	1531.91295
2025-09-11T08:22:55Z	1568.00000	1561.50024	1547.07500	1531.71064
2025-09-11T08:22:55Z	1568.00000	1561.26062	1546.58660	1531.46378
2025-09-11T08:22:55Z	1568.00000	1561.06429	1546.17501	1531.25373
2025-09-11T08:22:55Z	1568.00000	1560.93125	1545.88476	1531.10834
2025-09-11T08:22:55Z	1568.00000	1560.77373	1545.52795	1530.93357
2025-09-11T08:22:55Z	1569.00000	1560.60050	1545.12873	1530.73957
2025-09-11T08:22:56Z	1569.00000	1560.41935	1544.72457	1530.53381
2025-09-11T08:22:56Z	1569.00000	1560.22733	1544.29638	1530.32238
2025-09-11T08:22:56Z	1569.00000	1560.06501	1543.94439	1530.14690
2025-09-11T08:22:56Z	1569.00000	1559.83635	1543.44551	1529.89702
2025-09-11T08:22:56Z	1569.00000	1559.72488	1543.20760	1529.77248
2025-09-11T08:22:56Z	1569.00000	1559.63129	1543.01185	1529.67121
2025-09-11T08:22:56Z	1569.00000	1559.62126	1542.98880	1529.66066
2025-09-11T08:22:56Z	1569.00000	1559.61220	1542.96852	1529.65128
2025-09-11T08:22:56Z	1570.00000	1559.60471	1542.95249	1529.64398
2025-09-11T08:22:57Z	1570.00000	1559.60003	1542.94261	1529.63933
2025-09-11T08:22:57Z	1570.00000	1559.59502	1542.93221	1529.63434
2025-09-11T08:22:57Z	1570.00000	1559.58955	1542.92129	1529.62894
2025-09-11T08:22:57Z	1570.00000	1559.58575	1542.91300	1529.62485
2025-09-11T08:22:57Z	1570.00000	1559.58195	1542.90544	1529.62117
2025-09-11T08:22:57Z	1570.00000	1559.57835	1542.89843	1529.61793
2025-09-11T08:22:57Z	1570.00000	1559.57521	1542.89188	1529.61468
2025-09-11T08:22:57Z	1570.00000	1559.57193	1542.88512	1529.61154
2025-09-11T08:22:57Z	1570.00000	1559.56839	1542.87819	1529.60794
2025-09-11T08:22:57Z	1571.00000	1559.56565	1542.87290	1529.60536
2025-09-11T08:22:58Z	1571.00000	1559.56287	1542.86713	1529.60260
2025-09-11T08:22:58Z	1571.00000	1559.56063	1542.86252	1529.60027
2025-09-11T08:22:58Z	1571.00000	1559.55873	1542.85893	1529.59859
2025-09-11T08:22:58Z	1571.00000	1559.55624	1542.85399	1529.59609
2025-09-11T08:22:58Z	1571.00000	1559.55360	1542.84902	1529.59374
2025-09-11T08:22:58Z	1571.00000	1559.55157	1542.84495	1529.59165
2025-09-11T08:22:58Z	1571.00000	1559.54987	1542.84212	1529.59035
2025-09-11T08:22:58Z	1571.00000	1559.54815	1542.83836	1529.58845
2025-09-11T08:22:58Z	1571.00000	1559.54636	1542.83488	1529.58683
2025-09-11T08:22:58Z	1572.00000	1559.54466	1542.83169	1529.58523
2025-09-11T08:22:59Z	1572.00000	1559.54286	1542.82817	1529.58345
2025-09-11T08:22:59Z	1572.00000	1559.54093	1542.82467	1529.58173
2025-09-11T08:22:59Z	1572.00000	1559.53925	1542.82134	1529.58018
2025-09-11T08:22:59Z	1572.00000	1559.53791	1542.81872	1529.57889
2025-09-11T08:22:59Z	1572.00000	1559.53637	1542.81605	1529.57757
2025-09-11T08:22:59Z	1572.00000	1559.53505	1542.81354	1529.57639
2025-09-11T08:22:59Z	1572.00000	1559.53381	1542.81111	1529.57506
2025-09-11T08:22:59Z	1572.00000	1559.53214	1542.80801	1529.57350
2025-09-11T08:22:59Z	1572.00000	1559.53108	1542.80602	1529.57250
2025-09-11T08:22:59Z	1573.00000	1559.52994	1542.80392	1529.57144
2025-09-11T08:23:00Z	1573.00000	1559.52880	1542.80172	1529.57032
2025-09-11T08:23:00Z	1573.00000	1559.52759	1542.79963	1529.56916
2025-09-11T08:23:00Z	1573.00000	1559.52624	1542.79727	1529.56802
2025-09-11T08:23:00Z	1573.00000	1559.52501	1542.79505	1529.56692
2025-09-11T08:23:00Z	1573.00000	1559.52408	1542.79338	1529.56619
2025-09-11T08:23:00Z	1573.00000	1559.52300	1542.79131	1529.56509
2025-09-11T08:23:00Z	1573.00000	1559.52189	1542.78950	1529.56409
2025-09-11T08:23:00Z	1573.00000	1559.52101	1542.78792	1529.56322
2025-09-11T08:23:00Z	1573.00000	1559.52023	1542.78638	1529.56245
2025-09-11T08:23:00Z	1574.00000	1559.51925	1542.78447	1529.56146
2025-09-11T08:23:01Z	1574.00000	1559.51825	1542.78282	1529.56051
2025-09-11T08:23:01Z	1574.00000	1559.51721	1542.78098	1529.55948
2025-09-11T08:23:01Z	1574.00000	1559.51636	1542.77942	1529.55888
2025-09-11T08:23:01Z	1574.00000	1559.51554	1542.77794	1529.55812
2025-09-11T08:23:01Z	1574.00000	1559.69961	1543.15069	1529.76173
2025-09-11T08:23:01Z	1574.00000	1559.94095	1543.65704	1530.02867
2025-09-11T08:23:01Z	1574.00000	1560.10483	1544.01473	1530.20600
2025-09-11T08:23:01Z	1574.00000	1560.29614	1544.44472	1530.42169
2025-09-11T08:23:01Z	1574.00000	1560.47547	1544.85926	1530.62838
2025-09-11T08:23:01Z	1575.00000	1560.65062	1545.26200	1530.83047
2025-09-11T08:23:02Z	1575.00000	1560.85891	1545.73743	1531.06296
2025-09-11T08:23:02Z	1575.00000	1561.07268	1546.20593	1531.29629
2025-09-11T08:23:02Z	1575.00000	1561.28884	1546.66348	1531.52700
2025-09-11T08:23:02Z	1575.00000	1561.43805	1546.97708	1531.68713
2025-09-11T08:23:02Z	1575.00000	1561.60082	1547.33799	1531.86740
2025-09-11T08:23:02Z	1575.00000	1561.73385	1547.65174	1532.03005
2025-09-11T08:23:02Z	1575.00000	1561.88557	1548.03919	1532.22936
2025-09-11T08:23:02Z	1575.00000	1562.01402	1548.36041	1532.39597
2025-09-11T08:23:02Z	1575.00000	1562.15563	1548.70380	1532.57347
2025-09-11T08:23:02Z	1576.00000	1562.32593	1549.09104	1532.76716
2025-09-11T08:23:03Z	1576.00000	1562.48140	1549.44834	1532.94108
2025-09-11T08:23:03Z	1576.00000	1562.66220	1549.83255	1533.13203
2025-09-11T08:23:03Z	1576.00000	1562.85931	1550.25546	1533.35253
2025-09-11T08:23:03Z	1576.00000	1563.02679	1550.62679	1533.54262
2025-09-11T08:23:03Z	1576.00000	1563.13574	1550.87175	1533.66827
2025-09-11T08:23:03Z	1576.00000	1563.29717	1551.21535	1533.85436
2025-09-11T08:23:03Z	1576.00000	1563.45561	1551.49884	1534.01297
2025-09-11T08:23:03Z	1576.00000	1563.45617	1551.51244	1534.01359
2025-09-11T08:23:03Z	1576.00000	1563.45782	1551.51697	1534.01407
2025-09-11T08:23:03Z	1577.00000	1563.45952	1551.51770	1534.01445
2025-09-11T08:23:04Z	1577.00000	1563.46059	1551.51832	1534.01490
2025-09-11T08:23:04Z	1577.00000	1563.46146	1551.51792	1534.01584
2025-09-11T08:23:04Z	1577.00000	1563.46173	1551.51755	1534.01695
2025-09-11T08:23:04Z	1577.00000	1563.46208	1551.51740	1534.01712
2025-09-11T08:23:04Z	1577.00000	1563.46241	1551.51678	1534.01704
2025-09-11T08:23:04Z	1577.00000	1563.46281	1551.51614	1534.01775
2025-09-11T08:23:04Z	1577.00000	1563.46322	1551.51539	1534.01813
2025-09-11T08:23:04Z	1577.00000	1563.46312	1551.51459	1534.01914
2025-09-11T08:23:04Z	1577.00000	1563.46367	1551.51450	1534.01924
2025-09-11T08:23:04Z	1578.00000	1563.46388	1551.51408	1534.01970
2025-09-11T08:23:05Z	1578.00000	1563.46413	1551.51402	1534.01975
2025-09-11T08:23:05Z	1578.00000	1563.47589	1551.30563	1534.02598
2025-09-11T08:23:05Z	1578.00000	1561.94645	1547.95898	1532.14212
2025-09-11T08:23:05Z	1578.00000	1561.64542	1547.36656	1531.84641
2025-09-11T08:23:05Z	1578.00000	1561.40738	1546.88571	1531.60559
2025-09-11T08:23:05Z	1578.00000	1561.19430	1546.44478	1531.38528
2025-09-11T08:23:05Z	1578.00000	1561.04751	1546.13748	1531.22642
2025-09-11T08:23:05Z	1578.00000	1560.85555	1545.71201	1531.01949
2025-09-11T08:23:05Z	1578.00000	1560.72874	1545.42593	1530.87826
2025-09-11T08:23:05Z	1579.00000	1560.57983	1545.08004	1530.70932
2025-09-11T08:23:06Z	1579.00000	1560.43086	1544.74880	1530.54199
2025-09-11T08:23:06Z	1579.00000	1560.25460	1544.35593	1530.34790
2025-09-11T08:23:06Z	1579.00000	1560.08843	1543.99393	1530.16896
2025-09-11T08:23:06Z	1579.00000	1559.94550	1543.68450	1530.01620
2025-09-11T08:23:06Z	1579.00000	1559.81201	1543.39313	1529.86830
2025-09-11T08:23:06Z	1579.00000	1559.67712	1543.10809	1529.71964
2025-09-11T08:23:06Z	1579.00000	1559.62937	1543.00627	1529.66779
2025-09-11T08:23:06Z	1579.00000	1559.61677	1542.97773	1529.65494
2025-09-11T08:23:06Z	1579.00000	1559.60884	1542.96064	1529.64713
2025-09-11T08:23:07Z	1580.00000	1559.59881	1542.93965	1529.63711
2025-09-11T08:23:07Z	1580.00000	1559.59490	1542.93147	1529.63334
2025-09-11T08:23:07Z	1580.00000	1559.59041	1542.92233	1529.62877
2025-09-11T08:23:07Z	1580.00000	1559.58705	1542.91550	1529.62538
2025-09-11T08:23:07Z	1580.00000	1559.58331	1542.90806	1529.62174
2025-09-11T08:23:07Z	1580.00000	1559.57994	1542.90117	1529.61855
2025-09-11T08:23:07Z	1580.00000	1559.57564	1542.89249	1529.61432
2025-09-11T08:23:07Z	1580.00000	1559.57163	1542.88455	1529.61063
2025-09-11T08:23:07Z	1580.00000	1559.56891	1542.87913	1529.60789
2025-09-11T08:23:07Z	1581.00000	1559.56662	1542.87485	1529.60591
2025-09-11T08:23:08Z	1581.00000	1559.56414	1542.86993	1529.60353
2025-09-11T08:23:08Z	1581.00000	1559.56162	1542.86463	1529.60076
2025-09-11T08:23:08Z	1581.00000	1559.55951	1542.86088	1529.59894
2025-09-11T08:23:08Z	1581.00000	1559.55754	1542.85677	1529.59692
2025-09-11T08:23:08Z	1581.00000	1559.55554	1542.85281	1529.59507
2025-09-11T08:23:08Z	1581.00000	1559.55318	1542.84804	1529.59279
2025-09-11T08:23:08Z	1581.00000	1559.55088	1542.84382	1529.59079
2025-09-11T08:23:08Z	1581.00000	1559.54915	1542.84048	1529.58916
2025-09-11T08:23:08Z	1581.00000	1559.54770	1542.83769	1529.58772
2025-09-11T08:23:08Z	1582.00000	1559.54610	1542.83447	1529.58630
2025-09-11T08:23:09Z	1582.00000	1559.54447	1542.83154	1529.58468
2025-09-11T08:23:09Z	1582.00000	1559.54264	1542.82801	1529.58315
2025-09-11T08:23:09Z	1582.00000	1559.54102	1542.82518	1529.58162
2025-09-11T08:23:09Z	1582.00000	1559.53967	1542.82259	1529.58041
2025-09-11T08:23:09Z	1582.00000	1559.53797	1542.81943	1529.57869
2025-09-11T08:23:09Z	1582.00000	1559.53664	1542.81688	1529.57762
2025-09-11T08:23:09Z	1582.00000	1559.53525	1542.81447	1529.57639
2025-09-11T08:23:09Z	1582.00000	1559.53386	1542.81178	1529.57506
2025-09-11T08:23:09Z	1582.00000	1559.53272	1542.80934	1529.57378
2025-09-11T08:23:09Z	1583.00000	1559.53154	1542.80728	1529.57253
2025-09-11T08:23:10Z	1583.00000	1559.53007	1542.80477	1529.57141
2025-09-11T08:23:10Z	1583.00000	1559.52902	1542.80254	1529.57029
2025-09-11T08:23:10Z	1583.00000	1559.52769	1542.80031	1529.56920
2025-09-11T08:23:10Z	1583.00000	1559.52685	1542.79867	1529.56840
2025-09-11T08:23:10Z	1583.00000	1559.52555	1542.79640	1529.56733
2025-09-11T08:23:10Z	1583.00000	1559.52444	1542.79430	1529.56624
2025-09-11T08:23:10Z	1583.00000	1559.52356	1542.79290	1529.56525
2025-09-11T08:23:10Z	1583.00000	1559.52262	1542.79112	1529.56449
2025-09-11T08:23:10Z	1583.00000	1559.52176	1542.78948	1529.56370
2025-09-11T08:23:10Z	1584.00000	1559.52063	1542.78749	1529.56258
2025-09-11T08:23:11Z	1584.00000	1559.51985	1542.78574	1529.56169
2025-09-11T08:23:11Z	1584.00000	1559.51878	1542.78419	1529.56084
2025-09-11T08:23:11Z	1584.00000	1559.51778	1542.78247	1529.55996
2025-09-11T08:23:11Z	1584.00000	1559.51691	1542.78090	1529.55908
2025-09-11T08:23:11Z	1584.00000	1559.51622	1542.77945	1529.55834
2025-09-11T08:23:11Z	1584.00000	1559.51542	1542.77804	1529.55752
2025-09-11T08:23:11Z	1584.00000	1559.51468	1542.77663	1529.55685
2025-09-11T08:23:11Z	1584.00000	1559.51371	1542.77502	1529.55597
2025-09-11T08:23:11Z	1584.00000	1559.51292	1542.77373	1529.55527
2025-09-11T08:23:11Z	1585.00000	1559.51211	1542.77244	1529.55466
2025-09-11T08:23:12Z	1585.00000	1559.51154	1542.77096	1529.55387
2025-09-11T08:23:12Z	1585.00000	1559.51060	1542.76967	1529.55318
2025-09-11T08:23:12Z	1585.00000	1559.50988	1542.76843	1529.55249
2025-09-11T08:23:12Z	1585.00000	1559.50906	1542.76697	1529.55182
2025-09-11T08:23:12Z	1585.00000	1559.50848	1542.76580	1529.55112
2025-09-11T08:23:12Z	1585.00000	1559.50771	1542.76448	1529.55036
2025-09-11T08:23:12Z	1585.00000	1559.50698	1542.76332	1529.54982
2025-09-11T08:23:12Z	1585.00000	1559.50630	1542.76216	1529.54906
2025-09-11T08:23:12Z	1585.00000	1559.50572	1542.76108	1529.54853
2025-09-11T08:23:12Z	1586.00000	1559.50509	1542.76000	1529.54799
2025-09-11T08:23:13Z	1586.00000	1559.50432	1542.75862	1529.54738
2025-09-11T08:23:13Z	1586.00000	1559.50367	1542.75755	1529.54673
2025-09-11T08:23:13Z	1586.00000	1559.50311	1542.75659	1529.54625
2025-09-11T08:23:13Z	1586.00000	1559.50258	1542.75563	1529.54571
2025-09-11T08:23:13Z	1586.00000	1559.50197	1542.75466	1529.54514
2025-09-11T08:23:13Z	1586.00000	1559.50145	1542.75342	1529.54448
2025-09-11T08:23:13Z	1586.00000	1559.50075	1542.75245	1529.54407
2025-09-11T08:23:13Z	1586.00000	1559.50025	1542.75153	1529.54353
2025-09-11T08:23:13Z	1586.00000	1559.49962	1542.75035	1529.54287
2025-09-11T08:23:13Z	1587.00000	1559.49901	1542.74941	1529.54239
2025-09-11T08:23:14Z	1587.00000	1559.49846	1542.74847	1529.54183
2025-09-11T08:23:14Z	1587.00000	1559.49795	1542.74770	1529.54145
2025-09-11T08:23:14Z	1587.00000	1559.49751	1542.74675	1529.54102
2025-09-11T08:23:14Z	1587.00000	1559.49677	1542.74563	1529.54036
2025-09-11T08:23:14Z	1587.00000	1559.49640	1542.74483	1529.53993
2025-09-11T08:23:14Z	1587.00000	1559.49604	1542.74430	1529.53960
2025-09-11T08:23:14Z	1587.00000	1559.49523	1542.74287	1529.53886
2025-09-11T08:23:14Z	1587.00000	1559.49468	1542.74191	1529.53839
2025-09-11T08:23:14Z	1587.00000	1559.49415	1542.74098	1529.53791
2025-09-11T08:23:14Z	1588.00000	1559.49385	1542.74045	1529.53757
2025-09-11T08:23:15Z	1588.00000	1559.49331	1542.73945	1529.53708
2025-09-11T08:23:15Z	1588.00000	1559.49292	1542.73876	1529.53667
2025-09-11T08:23:15Z	1588.00000	1559.49234	1542.73783	1529.53614
2025-09-11T08:23:15Z	1588.00000	1559.49192	1542.73712	1529.53589
2025-09-11T08:23:15Z	1588.00000	1559.49151	1542.73635	1529.53541
2025-09-11T08:23:15Z	1588.00000	1559.49088	1542.73543	1529.53495
2025-09-11T08:23:15Z	1588.00000	1559.49056	1542.73477	1529.53440
2025-09-11T08:23:15Z	1588.00000	1559.49016	1542.73400	1529.53415
2025-09-11T08:23:15Z	1588.00000	1559.48975	1542.73320	1529.53368
2025-09-11T08:23:15Z	1589.00000	1559.48922	1542.73246	1529.53320
2025-09-11T08:23:16Z	1589.00000	1559.48880	1542.73180	1529.53286
2025-09-11T08:23:16Z	1589.00000	1559.48834	1542.73109	1529.53251
2025-09-11T08:23:16Z	1589.00000	1559.48804	1542.73027	1529.53214
2025-09-11T08:23:16Z	1589.00000	1559.48751	1542.72942	1529.53167
2025-09-11T08:23:16Z	1589.00000	1559.48704	1542.72864	1529.53127
2025-09-11T08:23:16Z	1589.00000	1559.48677	1542.72801	1529.53081
2025-09-11T08:23:16Z	1589.00000	1559.48630	1542.72739	1529.53062
2025-09-11T08:23:16Z	1589.00000	1559.48589	1542.72664	1529.53012
2025-09-11T08:23:16Z	1589.00000	1559.48553	1542.72599	1529.52990
2025-09-11T08:23:16Z	1590.00000	1559.48528	1542.72546	1529.52949
2025-09-11T08:23:17Z	1590.00000	1559.48483	1542.72472	1529.52915
2025-09-11T08:23:17Z	1590.00000	1559.48448	1542.72413	1529.52891
2025-09-11T08:23:17Z	1590.00000	1559.48410	1542.72348	1529.52837
2025-09-11T08:23:17Z	1590.00000	1559.48356	1542.72264	1529.52799
2025-09-11T08:23:17Z	1590.00000	1559.48316	1542.72199	1529.52760
2025-09-11T08:23:17Z	1590.00000	1559.48290	1542.72133	1529.52724
2025-09-11T08:23:17Z	1590.00000	1559.48239	1542.72067	1529.52693
2025-09-11T08:23:17Z	1590.00000	1559.48218	1542.72015	1529.52654
2025-09-11T08:23:17Z	1590.00000	1559.48184	1542.71956	1529.52632
2025-09-11T08:23:17Z	1591.00000	1559.48147	1542.71889	1529.52605
2025-09-11T08:23:18Z	1591.00000	1559.48121	1542.71843	1529.52567
2025-09-11T08:23:18Z	1591.00000	1559.48083	1542.71778	1529.52535
2025-09-11T08:23:18Z	1591.00000	1559.48050	1542.71715	1529.52501
2025-09-11T08:23:18Z	1591.00000	1559.48009	1542.71666	1529.52470
2025-09-11T08:23:18Z	1591.00000	1559.47981	1542.71586	1529.52433
2025-09-11T08:23:18Z	1591.00000	1559.47947	1542.71536	1529.52405
2025-09-11T08:23:18Z	1591.00000	1559.47908	1542.71480	1529.52385
2025-09-11T08:23:18Z	1591.00000	1559.47876	1542.71418	1529.52346
2025-09-11T08:23:18Z	1591.00000	1559.47838	1542.71386	1529.52320
2025-09-11T08:23:18Z	1592.00000	1559.47808	1542.71305	1529.52283
2025-09-11T08:23:19Z	1592.00000	1559.47772	1542.71258	1529.52264
2025-09-11T08:23:19Z	1592.00000	1559.47720	1542.71153	1529.52213
2025-09-11T08:23:19Z	1592.00000	1559.47670	1542.71082	1529.52179
2025-09-11T08:23:19Z	1592.00000	1559.47646	1542.71021	1529.52147
2025-09-11T08:23:19Z	1592.00000	1559.47613	1542.70970	1529.52116
2025-09-11T08:23:19Z	1592.00000	1559.47582	1542.70920	1529.52101
2025-09-11T08:23:19Z	1592.00000	1559.47549	1542.70871	1529.52066
2025-09-11T08:23:19Z	1592.00000	1559.47537	1542.70820	1529.52029
2025-09-11T08:23:19Z	1593.00000	1559.47499	1542.70773	1529.52010
2025-09-11T08:23:20Z	1593.00000	1559.47454	1542.70712	1529.51976
2025-09-11T08:23:20Z	1593.00000	1559.47438	1542.70675	1529.51948
2025-09-11T08:23:20Z	1593.00000	1559.47393	1542.70619	1529.51926
2025-09-11T08:23:20Z	1593.00000	1559.47382	1542.70569	1529.51898
2025-09-11T08:23:20Z	1593.00000	1559.47347	1542.70531	1529.51879
2025-09-11T08:23:20Z	1593.00000	1559.47307	1542.70461	1529.51836
2025-09-11T08:23:20Z	1593.00000	1559.47291	1542.70418	1529.51816
2025-09-11T08:23:20Z	1593.00000	1559.47274	1542.70358	1529.51789
2025-09-11T08:23:20Z	1593.00000	1559.47244	1542.70317	1529.51762
2025-09-11T08:23:20Z	1594.00000	1559.47207	1542.70266	1529.51744
2025-09-11T08:23:21Z	1594.00000	1559.47174	1542.70215	1529.51713
2025-09-11T08:23:21Z	1594.00000	1559.47126	1542.70133	1529.51677
2025-09-11T08:23:21Z	1594.00000	1559.47099	1542.70081	1529.51632
2025-09-11T08:23:21Z	1594.00000	1559.47065	1542.70020	1529.51606
2025-09-11T08:23:21Z	1594.00000	1559.47038	1542.69993	1529.51591
2025-09-11T08:23:21Z	1594.00000	1559.47017	1542.69946	1529.51569
2025-09-11T08:23:21Z	1594.00000	1559.46991	1542.69900	1529.51544
2025-09-11T08:23:21Z	1594.00000	1559.46960	1542.69854	1529.51532
2025-09-11T08:23:21Z	1595.00000	1559.46874	1542.69785	1529.51589
2025-09-11T08:23:22Z	1595.00000	1559.46873	1542.69756	1529.51519
2025-09-11T08:23:22Z	1595.00000	1559.46835	1542.69697	1529.51550
2025-09-11T08:23:22Z	1595.00000	1559.46799	1542.69640	1529.51517
2025-09-11T08:23:22Z	1595.00000	1559.46784	1542.69602	1529.51500
2025-09-11T08:23:22Z	1595.00000	1559.46734	1542.69558	1529.51492
2025-09-11T08:23:22Z	1595.00000	1559.46683	1542.69465	1529.51471
2025-09-11T08:23:22Z	1595.00000	1559.46649	1542.69417	1529.51462
2025-09-11T08:23:22Z	1596.00000	1559.46600	1542.69344	1529.51444
2025-09-11T08:23:23Z	1596.00000	1559.46546	1542.69285	1529.51420
2025-09-11T08:23:23Z	1596.00000	1559.46548	1542.69241	1529.51379
2025-09-11T08:23:23Z	1596.00000	1559.46516	1542.69203	1529.51341
2025-09-11T08:23:23Z	1596.00000	1559.46479	1542.69131	1529.51306
2025-09-11T08:23:23Z	1596.00000	1559.46414	1542.69046	1529.51268
2025-09-11T08:23:23Z	1596.00000	1559.46409	1542.69012	1529.51234
2025-09-11T08:23:23Z	1596.00000	1559.46390	1542.68974	1529.51236
2025-09-11T08:23:23Z	1597.00000	1559.46375	1542.68928	1529.51201
2025-09-11T08:23:24Z	1597.00000	1559.46325	1542.68853	1529.51161
2025-09-11T08:23:24Z	1597.00000	1559.46287	1542.68787	1529.51106
2025-09-11T08:23:24Z	1597.00000	1559.46266	1542.68744	1529.51088
2025-09-11T08:23:24Z	1597.00000	1559.46240	1542.68700	1529.51068
2025-09-11T08:23:24Z	1597.00000	1559.46203	1542.68622	1529.51006
2025-09-11T08:23:24Z	1597.00000	1559.46201	1542.68597	1529.50989
2025-09-11T08:23:24Z	1598.00000	1559.46163	1542.68546	1529.50972
2025-09-11T08:23:25Z	1598.00000	1559.46144	1542.68511	1529.50949
2025-09-11T08:23:25Z	1598.00000	1559.46129	1542.68478	1529.50942
2025-09-11T08:23:25Z	1598.00000	1559.46073	1542.68402	1529.50890
2025-09-11T08:23:25Z	1598.00000	1559.46042	1542.68361	1529.50893
2025-09-11T08:23:25Z	1598.00000	1559.46035	1542.68339	1529.50865
2025-09-11T08:23:25Z	1598.00000	1559.46023	1542.68297	1529.50836
2025-09-11T08:23:25Z	1598.00000	1559.46016	1542.68265	1529.50809
2025-09-11T08:23:25Z	1599.00000	1559.45960	1542.68177	1529.50794
2025-09-11T08:23:26Z	1599.00000	1559.45932	1542.68149	1529.50772
2025-09-11T08:23:26Z	1599.00000	1559.45916	1542.68117	1529.50754
2025-09-11T08:23:26Z	1599.00000	1559.45859	1542.68045	1529.50723
2025-09-11T08:23:26Z	1599.00000	1559.45846	1542.67969	1529.50668
2025-09-11T08:23:26Z	1599.00000	1559.45819	1542.67943	1529.50637
2025-09-11T08:23:26Z	1599.00000	1559.45816	1542.67915	1529.50633
2025-09-11T08:23:26Z	1599.00000	1559.45793	1542.67877	1529.50601
2025-09-11T08:23:26Z	1600.00000	1559.45771	1542.67855	1529.50572
2025-09-11T08:23:27Z	1600.00000	1559.45772	1542.67819	1529.50543
2025-09-11T08:23:27Z	1600.00000	1559.45757	1542.67792	1529.50522
2025-09-11T08:23:27Z	1600.00000	1559.45740	1542.67754	1529.50496
2025-09-11T08:23:27Z	1600.00000	1559.45733	1542.67725	1529.50482
2025-09-11T08:23:27Z	1600.00000	1559.45714	1542.67695	1529.50452
2025-09-11T08:23:27Z	1600.00000	1559.45680	1542.67645	1529.50412
2025-09-11T08:23:27Z	1600.00000	1559.45658	1542.67600	1529.50396
2025-09-11T08:23:27Z	1600.00000	1559.45641	1542.67571	1529.50382
2025-09-11T08:23:27Z	1601.00000	1559.45638	1542.67546	1529.50348
2025-09-11T08:23:28Z	1601.00000	1559.45628	1542.67518	1529.50319
2025-09-11T08:23:28Z	1601.00000	1559.45594	1542.67474	1529.50310
2025-09-11T08:23:28Z	1601.00000	1559.45557	1542.67417	1529.50280
2025-09-11T08:23:28Z	1601.00000	1559.45550	1542.67388	1529.50264
2025-09-11T08:23:28Z	1601.00000	1559.45528	1542.67364	1529.50255
2025-09-11T08:23:28Z	1601.00000	1559.45505	1542.67331	1529.50243
2025-09-11T08:23:28Z	1601.00000	1559.45453	1542.67263	1529.50232
2025-09-11T08:23:28Z	1602.00000	1559.45446	1542.67226	1529.50195
2025-09-11T08:23:29Z	1602.00000	1559.45422	1542.67204	1529.50181
2025-09-11T08:23:29Z	1602.00000	1559.45423	1542.67175	1529.50145
2025-09-11T08:23:29Z	1602.00000	1559.45404	1542.67141	1529.50146
2025-09-11T08:23:29Z	1602.00000	1559.45360	1542.67112	1529.50152
2025-09-11T08:23:29Z	1602.00000	1559.45369	1542.67077	1529.50090
2025-09-11T08:23:29Z	1602.00000	1559.45381	1542.67064	1529.50064
2025-09-11T08:23:29Z	1602.00000	1559.45364	1542.67033	1529.50059
2025-09-11T08:23:29Z	1602.00000	1559.45336	1542.67009	1529.50017
2025-09-11T08:23:29Z	1602.00000	1559.45334	1542.66988	1529.49990
2025-09-11T08:23:29Z	1603.00000	1559.45313	1542.66952	1529.49982
2025-09-11T08:23:30Z	1603.00000	1559.45316	1542.66923	1529.49975
2025-09-11T08:23:30Z	1603.00000	1559.45278	1542.66887	1529.49961
2025-09-11T08:23:30Z	1603.00000	1559.45261	1542.66871	1529.49945
2025-09-11T08:23:30Z	1603.00000	1559.45260	1542.66840	1529.49919
2025-09-11T08:23:30Z	1603.00000	1559.45224	1542.66816	1529.49911
2025-09-11T08:23:30Z	1603.00000	1559.45205	1542.66778	1529.49890
2025-09-11T08:23:30Z	1603.00000	1559.45196	1542.66746	1529.49884
2025-09-11T08:23:30Z	1603.00000	1559.45181	1542.66727	1529.49874
2025-09-11T08:23:30Z	1603.00000	1559.45171	1542.66689	1529.49851
2025-09-11T08:23:30Z	1604.00000	1559.45155	1542.66670	1529.49836
2025-09-11T08:23:31Z	1604.00000	1559.45135	1542.66650	1529.49820
2025-09-11T08:23:31Z	1604.00000	1559.45120	1542.66621	1529.49801
2025-09-11T08:23:31Z	1604.00000	1559.45097	1542.66560	1529.49774
2025-09-11T08:23:31Z	1604.00000	1559.45080	1542.66539	1529.49761
2025-09-11T08:23:31Z	1604.00000	1559.45056	1542.66496	1529.49736
2025-09-11T08:23:31Z	1604.00000	1559.45046	1542.66479	1529.49731
2025-09-11T08:23:31Z	1604.00000	1559.45031	1542.66454	1529.49720
2025-09-11T08:23:31Z	1604.00000	1559.45013	1542.66434	1529.49694
2025-09-11T08:23:31Z	1605.00000	1559.44997	1542.66408	1529.49690
2025-09-11T08:23:32Z	1605.00000	1559.44974	1542.66378	1529.49671
2025-09-11T08:23:32Z	1605.00000	1559.44969	1542.66348	1529.49656
2025-09-11T08:23:32Z	1605.00000	1559.44957	1542.66318	1529.49640
2025-09-11T08:23:32Z	1605.00000	1559.44952	1542.66299	1529.49627
2025-09-11T08:23:32Z	1605.00000	1559.44943	1542.66271	1529.49611
2025-09-11T08:23:32Z	1605.00000	1559.44917	1542.66235	1529.49593
2025-09-11T08:23:32Z	1605.00000	1559.44904	1542.66216	1529.49578
2025-09-11T08:23:32Z	1605.00000	1559.44875	1542.66165	1529.49555
2025-09-11T08:23:32Z	1606.00000	1559.44865	1542.66139	1529.49536
2025-09-11T08:23:33Z	1606.00000	1559.44845	1542.66117	1529.49530
2025-09-11T08:23:33Z	1606.00000	1559.44827	1542.66087	1529.49522
2025-09-11T08:23:33Z	1606.00000	1559.44826	1542.66062	1529.49505
2025-09-11T08:23:33Z	1606.00000	1559.44804	1542.66047	1529.49481
2025-09-11T08:23:33Z	1606.00000	1559.44797	1542.66016	1529.49460
2025-09-11T08:23:33Z	1606.00000	1559.44781	1542.65991	1529.49459
2025-09-11T08:23:33Z	1606.00000	1559.44769	1542.65974	1529.49438
2025-09-11T08:23:33Z	1606.00000	1559.44751	1542.65937	1529.49424
2025-09-11T08:23:33Z	1606.00000	1559.44751	1542.65922	1529.49415
2025-09-11T08:23:33Z	1607.00000	1559.44729	1542.65896	1529.49414
2025-09-11T08:23:34Z	1607.00000	1559.44701	1542.65877	1529.49397
2025-09-11T08:23:34Z	1607.00000	1559.44480	1542.65721	1529.49668
2025-09-11T08:23:34Z	1607.00000	1559.44398	1542.65657	1529.49721
2025-09-11T08:23:34Z	1607.00000	1559.44275	1542.65564	1529.49818
2025-09-11T08:23:34Z	1607.00000	1559.44271	1542.65553	1529.49805
2025-09-11T08:23:34Z	1607.00000	1559.44215	1542.65509	1529.49813
2025-09-11T08:23:34Z	1607.00000	1559.44207	1542.65479	1529.49796
2025-09-11T08:23:34Z	1607.00000	1559.44160	1542.65440	1529.49811
2025-09-11T08:23:34Z	1607.00000	1559.44135	1542.65390	1529.49811
2025-09-11T08:23:34Z	1608.00000	1559.44130	1542.65375	1529.49804
2025-09-11T08:23:35Z	1608.00000	1559.44099	1542.65349	1529.49813
2025-09-11T08:23:35Z	1608.00000	1559.44077	1542.65326	1529.49784
2025-09-11T08:23:35Z	1608.00000	1559.44073	1542.65292	1529.49767
2025-09-11T08:23:35Z	1608.00000	1559.44060	1542.65256	1529.49756
2025-09-11T08:23:35Z	1608.00000	1559.66449	1543.10583	1529.74387
2025-09-11T08:23:35Z	1608.00000	1559.90569	1543.60933	1530.00870
2025-09-11T08:23:35Z	1608.00000	1560.21108	1544.28371	1530.34679
2025-09-11T08:23:35Z	1608.00000	1560.41660	1544.75106	1530.57978
2025-09-11T08:23:35Z	1609.00000	1560.58825	1545.13537	1530.77559
2025-09-11T08:23:36Z	1609.00000	1560.81153	1545.64142	1531.02575
2025-09-11T08:23:36Z	1609.00000	1560.98507	1546.01945	1531.21149
2025-09-11T08:23:36Z	1609.00000	1561.22486	1546.51614	1531.46174
2025-09-11T08:23:36Z	1609.00000	1561.52883	1547.16470	1531.79025
2025-09-11T08:23:36Z	1609.00000	1561.66697	1547.48705	1531.95417
2025-09-11T08:23:36Z	1609.00000	1561.76113	1547.71772	1532.07166
2025-09-11T08:23:36Z	1609.00000	1561.85962	1547.97640	1532.20248
2025-09-11T08:23:36Z	1609.00000	1561.98234	1548.29727	1532.36809
2025-09-11T08:23:36Z	1610.00000	1562.12947	1548.63818	1532.54049
2025-09-11T08:23:37Z	1610.00000	1562.26657	1548.96444	1532.70441
2025-09-11T08:23:37Z	1610.00000	1562.39443	1549.26081	1532.84937
2025-09-11T08:23:37Z	1610.00000	1562.58034	1549.65959	1533.04519
2025-09-11T08:23:37Z	1610.00000	1562.76834	1550.05029	1533.24333
2025-09-11T08:23:37Z	1610.00000	1562.88722	1550.32048	1533.38662
2025-09-11T08:23:37Z	1610.00000	1563.00094	1550.56956	1533.51647
2025-09-11T08:23:37Z	1610.00000	1563.11193	1550.82274	1533.64310
2025-09-11T08:23:37Z	1610.00000	1563.22253	1551.06013	1533.77177
2025-09-11T08:23:37Z	1610.00000	1563.28874	1551.20180	1533.84860
2025-09-11T08:23:37Z	1611.00000	1563.42439	1551.46348	1533.98312
2025-09-11T08:23:38Z	1611.00000	1563.44547	1551.48139	1534.00436
2025-09-11T08:23:38Z	1611.00000	1563.44712	1551.48673	1534.00492
2025-09-11T08:23:38Z	1611.00000	1563.44806	1551.48749	1534.00630
2025-09-11T08:23:38Z	1611.00000	1563.44926	1551.48744	1534.00719
2025-09-11T08:23:38Z	1611.00000	1563.44946	1551.48724	1534.00785
2025-09-11T08:23:38Z	1611.00000	1563.44973	1551.48231	1534.00696
2025-09-11T08:23:38Z	1611.00000	1563.44971	1551.48192	1534.00762
2025-09-11T08:23:38Z	1611.00000	1563.45047	1551.48206	1534.00780
2025-09-11T08:23:38Z	1611.00000	1563.45091	1551.48154	1534.00835
2025-09-11T08:23:38Z	1612.00000	1563.45139	1551.48086	1534.00883
2025-09-11T08:23:39Z	1612.00000	1563.45177	1551.48049	1534.00917
2025-09-11T08:23:39Z	1612.00000	1563.45227	1551.48035	1534.00970
2025-09-11T08:23:39Z	1612.00000	1561.93981	1547.94703	1532.13970
2025-09-11T08:23:39Z	1612.00000	1561.66655	1547.40298	1531.85959
2025-09-11T08:23:39Z	1612.00000	1561.47582	1547.02243	1531.66973
2025-09-11T08:23:39Z	1612.00000	1561.24856	1546.56866	1531.44250
2025-09-11T08:23:39Z	1612.00000	1561.10283	1546.26792	1531.28879
2025-09-11T08:23:39Z	1612.00000	1560.91130	1545.85898	1531.08538
2025-09-11T08:23:39Z	1612.00000	1560.72940	1545.45026	1530.88375
2025-09-11T08:23:40Z	1613.00000	1560.50010	1544.92675	1530.62668
2025-09-11T08:23:40Z	1613.00000	1560.23639	1544.33666	1530.33303
2025-09-11T08:23:40Z	1613.00000	1560.12378	1544.08990	1530.21194
2025-09-11T08:23:40Z	1613.00000	1559.98917	1543.80003	1530.07008
2025-09-11T08:23:40Z	1613.00000	1559.79870	1543.38115	1529.85883
2025-09-11T08:23:40Z	1613.00000	1559.69136	1543.15324	1529.73973
2025-09-11T08:23:40Z	1613.00000	1559.59832	1542.95929	1529.63698
2025-09-11T08:23:40Z	1613.00000	1559.58488	1542.92901	1529.62354
2025-09-11T08:23:41Z	1614.00000	1559.57124	1542.89911	1529.61045
2025-09-11T08:23:41Z	1614.00000	1559.56653	1542.88913	1529.60603
2025-09-11T08:23:41Z	1614.00000	1559.56172	1542.87879	1529.60152
2025-09-11T08:23:41Z	1614.00000	1559.55723	1542.86945	1529.59731
2025-09-11T08:23:41Z	1614.00000	1559.55280	1542.85994	1529.59289
2025-09-11T08:23:41Z	1614.00000	1559.54797	1542.84983	1529.58838
2025-09-11T08:23:41Z	1614.00000	1559.54308	1542.84009	1529.58405
2025-09-11T08:23:41Z	1614.00000	1559.53966	1542.83314	1529.58093
2025-09-11T08:23:41Z	1614.00000	1559.53654	1542.82694	1529.57791
2025-09-11T08:23:41Z	1615.00000	1559.53348	1542.82104	1529.57514
2025-09-11T08:23:42Z	1615.00000	1559.53165	1542.81724	1529.57349
2025-09-11T08:23:42Z	1615.00000	1559.52984	1542.81353	1529.57158
2025-09-11T08:23:42Z	1615.00000	1559.52763	1542.80938	1529.56974
2025-09-11T08:23:42Z	1615.00000	1559.52384	1542.80222	1529.56642
2025-09-11T08:23:42Z	1615.00000	1559.52001	1542.79463	1529.56271
2025-09-11T08:23:42Z	1615.00000	1559.51819	1542.79153	1529.56121
2025-09-11T08:23:42Z	1615.00000	1559.51666	1542.78837	1529.55958
2025-09-11T08:23:42Z	1615.00000	1559.51502	1542.78553	1529.55817
2025-09-11T08:23:42Z	1616.00000	1559.51354	1542.78273	1529.55680
2025-09-11T08:23:43Z	1616.00000	1559.51215	1542.78009	1529.55546
2025-09-11T08:23:43Z	1616.00000	1559.51070	1542.77747	1529.55416
2025-09-11T08:23:43Z	1616.00000	1559.50908	1542.77462	1529.55280
2025-09-11T08:23:43Z	1616.00000	1559.50760	1542.77197	1529.55134
2025-09-11T08:23:43Z	1616.00000	1559.50640	1542.76958	1529.55037
2025-09-11T08:23:43Z	1616.00000	1559.50527	1542.76744	1529.54925
2025-09-11T08:23:43Z	1616.00000	1559.50398	1542.76508	1529.54797
2025-09-11T08:23:43Z	1616.00000	1559.50281	1542.76310	1529.54703
2025-09-11T08:23:43Z	1616.00000	1559.50194	1542.76152	1529.54621
2025-09-11T08:23:43Z	1617.00000	1559.50132	1542.75957	1529.54497
2025-09-11T08:23:44Z	1617.00000	1559.50090	1542.75749	1529.54360
2025-09-11T08:23:44Z	1617.00000	1559.49993	1542.75502	1529.54271
2025-09-11T08:23:44Z	1617.00000	1559.49909	1542.75316	1529.54169
2025-09-11T08:23:44Z	1617.00000	1559.49763	1542.75127	1529.54112
2025-09-11T08:23:44Z	1617.00000	1559.49658	1542.74965	1529.54037
2025-09-11T08:23:44Z	1617.00000	1559.49574	1542.74811	1529.53966
2025-09-11T08:23:44Z	1617.00000	1559.49483	1542.74655	1529.53879
2025-09-11T08:23:44Z	1617.00000	1559.49392	1542.74513	1529.53810
2025-09-11T08:23:44Z	1617.00000	1559.49288	1542.74340	1529.53732
2025-09-11T08:23:44Z	1618.00000	1559.49211	1542.74198	1529.53666
2025-09-11T08:23:45Z	1618.00000	1559.49132	1542.74055	1529.53589
2025-09-11T08:23:45Z	1618.00000	1559.49045	1542.73895	1529.53500
2025-09-11T08:23:45Z	1618.00000	1559.48967	1542.73775	1529.53445
2025-09-11T08:23:45Z	1618.00000	1559.48899	1542.73643	1529.53375
2025-09-11T08:23:45Z	1618.00000	1559.66901	1543.10088	1529.73166
2025-09-11T08:23:45Z	1618.00000	1559.87108	1543.51869	1529.95318
2025-09-11T08:23:45Z	1618.00000	1560.09420	1544.00364	1530.19504
2025-09-11T08:23:45Z	1618.00000	1560.33887	1544.55435	1530.46868
2025-09-11T08:23:45Z	1618.00000	1560.48435	1544.88962	1530.63539
2025-09-11T08:23:45Z	1619.00000	1560.68366	1545.34556	1530.86141
2025-09-11T08:23:46Z	1619.00000	1560.85256	1545.72597	1531.04751
2025-09-11T08:23:46Z	1619.00000	1561.02935	1546.11341	1531.23723
2025-09-11T08:23:46Z	1619.00000	1561.20645	1546.48125	1531.42426
2025-09-11T08:23:46Z	1619.00000	1561.37937	1546.84963	1531.60942
2025-09-11T08:23:46Z	1619.00000	1561.54350	1547.20285	1531.78451
2025-09-11T08:23:46Z	1619.00000	1561.70247	1547.57153	1531.97261
2025-09-11T08:23:46Z	1619.00000	1561.81353	1547.84698	1532.11209
2025-09-11T08:23:46Z	1619.00000	1561.95882	1548.21997	1532.30286
2025-09-11T08:23:46Z	1619.00000	1562.10656	1548.58285	1532.48603
2025-09-11T08:23:46Z	1620.00000	1562.21046	1548.83843	1532.61595
2025-09-11T08:23:47Z	1620.00000	1562.32898	1549.12372	1532.75751
2025-09-11T08:23:47Z	1620.00000	1562.54165	1549.58503	1532.98076
2025-09-11T08:23:47Z	1620.00000	1562.86350	1550.27075	1533.33549
2025-09-11T08:23:47Z	1620.00000	1563.00057	1550.57449	1533.49148
2025-09-11T08:23:47Z	1620.00000	1563.08665	1550.76856	1533.58867
2025-09-11T08:23:47Z	1620.00000	1563.20576	1551.01510	1533.71052
2025-09-11T08:23:47Z	1620.00000	1563.31586	1551.24682	1533.83584
2025-09-11T08:23:47Z	1620.00000	1563.41555	1551.45290	1533.93746
2025-09-11T08:23:47Z	1621.00000	1563.46034	1551.51418	1533.98041
2025-09-11T08:23:48Z	1621.00000	1563.46194	1551.51927	1533.98161
2025-09-11T08:23:48Z	1621.00000	1563.46283	1551.51976	1533.98288
2025-09-11T08:23:48Z	1621.00000	1563.46368	1551.51970	1533.98439
2025-09-11T08:23:48Z	1621.00000	1563.46450	1551.51937	1533.98503
2025-09-11T08:23:48Z	1621.00000	1563.46593	1551.51902	1533.98426
2025-09-11T08:23:48Z	1621.00000	1563.46561	1551.51842	1533.98585
2025-09-11T08:23:48Z	1621.00000	1563.46675	1551.51803	1533.98571
2025-09-11T08:23:48Z	1621.00000	1563.46665	1551.51735	1533.98667
2025-09-11T08:23:48Z	1621.00000	1563.46776	1551.51731	1533.98613
2025-09-11T08:23:48Z	1622.00000	1563.46746	1551.51627	1533.98762
2025-09-11T08:23:49Z	1622.00000	1563.46785	1551.51609	1533.98787
2025-09-11T08:23:49Z	1622.00000	1563.35654	1550.94695	1533.80135
2025-09-11T08:23:49Z	1622.00000	1561.80563	1547.68039	1531.99085
2025-09-11T08:23:49Z	1622.00000	1561.52248	1547.11562	1531.70208
2025-09-11T08:23:49Z	1622.00000	1561.35351	1546.78215	1531.53397
2025-09-11T08:23:49Z	1622.00000	1561.21891	1546.49890	1531.39604
2025-09-11T08:23:49Z	1622.00000	1561.02117	1546.08415	1531.18460
2025-09-11T08:23:49Z	1622.00000	1560.83512	1545.67194	1530.98682
2025-09-11T08:23:49Z	1622.00000	1560.71034	1545.39216	1530.85080
2025-09-11T08:23:49Z	1623.00000	1560.56202	1545.04844	1530.68219
2025-09-11T08:23:50Z	1623.00000	1560.36608	1544.61036	1530.46512
2025-09-11T08:23:50Z	1623.00000	1560.24983	1544.35404	1530.33843
2025-09-11T08:23:50Z	1623.00000	1560.11676	1544.06292	1530.19653
2025-09-11T08:23:50Z	1623.00000	1559.97992	1543.77130	1530.05474
2025-09-11T08:23:50Z	1623.00000	1559.80711	1543.39202	1529.86263
2025-09-11T08:23:50Z	1623.00000	1559.69954	1543.16266	1529.74376
2025-09-11T08:23:50Z	1623.00000	1559.61414	1542.98421	1529.64983
2025-09-11T08:23:50Z	1623.00000	1559.60128	1542.95485	1529.63726
2025-09-11T08:23:50Z	1623.00000	1559.59271	1542.93600	1529.62892
2025-09-11T08:23:50Z	1624.00000	1559.58745	1542.92492	1529.62377
2025-09-11T08:23:51Z	1624.00000	1559.58199	1542.91321	1529.61852
2025-09-11T08:23:51Z	1624.00000	1559.57637	1542.90160	1529.61316
2025-09-11T08:23:51Z	1624.00000	1559.57140	1542.89102	1529.60832
2025-09-11T08:23:51Z	1624.00000	1559.56689	1542.88164	1529.60396
2025-09-11T08:23:51Z	1624.00000	1559.56266	1542.87319	1529.60006
2025-09-11T08:23:51Z	1624.00000	1559.55937	1542.86658	1529.59688
2025-09-11T08:23:51Z	1624.00000	1559.55682	1542.86146	1529.59457
2025-09-11T08:23:51Z	1624.00000	1559.55347	1542.85463	1529.59147
2025-09-11T08:23:51Z	1624.00000	1559.55120	1542.85003	1529.58938
2025-09-11T08:23:51Z	1625.00000	1559.54860	1542.84492	1529.58697
2025-09-11T08:23:52Z	1625.00000	1559.54622	1542.84009	1529.58485
2025-09-11T08:23:52Z	1625.00000	1559.54392	1542.83554	1529.58263
2025-09-11T08:23:52Z	1625.00000	1559.54080	1542.82973	1529.57983
2025-09-11T08:23:52Z	1625.00000	1559.53842	1542.82526	1529.57780
2025-09-11T08:23:52Z	1625.00000	1559.53654	1542.82151	1529.57594
2025-09-11T08:23:52Z	1625.00000	1559.53440	1542.81732	1529.57399
2025-09-11T08:23:52Z	1625.00000	1559.53263	1542.81399	1529.57240
2025-09-11T08:23:52Z	1625.00000	1559.53112	1542.81121	1529.57108
2025-09-11T08:23:52Z	1625.00000	1559.52939	1542.80763	1529.56948
2025-09-11T08:23:53Z	1626.00000	1559.52749	1542.80405	1529.56766
2025-09-11T08:23:53Z	1626.00000	1559.52618	1542.80182	1529.56652
2025-09-11T08:23:53Z	1626.00000	1559.52486	1542.79910	1529.56524
2025-09-11T08:23:53Z	1626.00000	1559.52318	1542.79604	1529.56374
2025-09-11T08:23:53Z	1626.00000	1559.52159	1542.79347	1529.56261
2025-09-11T08:23:53Z	1626.00000	1559.52031	1542.79094	1529.56137
2025-09-11T08:23:53Z	1626.00000	1559.51910	1542.78861	1529.56003
2025-09-11T08:23:53Z	1626.00000	1559.51788	1542.78630	1529.55902
2025-09-11T08:23:53Z	1626.00000	1559.51667	1542.78421	1529.55793
2025-09-11T08:23:53Z	1626.00000	1559.51549	1542.78217	1529.55692
2025-09-11T08:23:53Z	1627.00000	1559.51433	1542.78016	1529.55589
2025-09-11T08:23:54Z	1627.00000	1559.51294	1542.77742	1529.55455
2025-09-11T08:23:54Z	1627.00000	1559.51176	1542.77540	1529.55343
2025-09-11T08:23:54Z	1627.00000	1559.51069	1542.77367	1529.55254
2025-09-11T08:23:54Z	1627.00000	1559.50943	1542.77126	1529.55144
2025-09-11T08:23:54Z	1627.00000	1559.50816	1542.76894	1529.55020
2025-09-11T08:23:54Z	1627.00000	1559.50737	1542.76762	1529.54957
2025-09-11T08:23:54Z	1627.00000	1559.50651	1542.76622	1529.54880
2025-09-11T08:23:54Z	1627.00000	1559.50553	1542.76439	1529.54791
2025-09-11T08:23:54Z	1627.00000	1559.50444	1542.76251	1529.54688
2025-09-11T08:23:55Z	1628.00000	1559.50349	1542.76075	1529.54599
2025-09-11T08:23:55Z	1628.00000	1559.50227	1542.75877	1529.54504
2025-09-11T08:23:55Z	1628.00000	1559.50172	1542.75753	1529.54446
2025-09-11T08:23:55Z	1628.00000	1559.50094	1542.75637	1529.54384
2025-09-11T08:23:55Z	1628.00000	1559.52371	1542.80266	1529.56843
2025-09-11T08:23:55Z	1628.00000	1559.74386	1543.25023	1529.81097
2025-09-11T08:23:55Z	1628.00000	1560.00490	1543.80522	1530.09706
2025-09-11T08:23:55Z	1628.00000	1560.22210	1544.28271	1530.33215
2025-09-11T08:23:55Z	1628.00000	1560.37298	1544.62712	1530.50058
2025-09-11T08:23:55Z	1628.00000	1560.54742	1545.02292	1530.69809
2025-09-11T08:23:55Z	1629.00000	1560.71498	1545.41145	1530.88744
2025-09-11T08:23:56Z	1629.00000	1560.88753	1545.79806	1531.07603
2025-09-11T08:23:56Z	1629.00000	1561.06560	1546.18465	1531.26628
2025-09-11T08:23:56Z	1629.00000	1561.24700	1546.56373	1531.45511
2025-09-11T08:23:56Z	1629.00000	1561.47495	1547.04676	1531.69711
2025-09-11T08:23:56Z	1629.00000	1561.63109	1547.40001	1531.86947
2025-09-11T08:23:56Z	1629.00000	1561.75044	1547.68548	1532.01445
2025-09-11T08:23:56Z	1629.00000	1561.89833	1548.05744	1532.20266
2025-09-11T08:23:56Z	1629.00000	1562.03783	1548.40841	1532.38134
2025-09-11T08:23:56Z	1629.00000	1562.14016	1548.66008	1532.50935
2025-09-11T08:23:57Z	1630.00000	1562.28217	1549.01109	1532.68911
2025-09-11T08:23:57Z	1630.00000	1562.40180	1549.27917	1532.82228
2025-09-11T08:23:57Z	1630.00000	1562.56133	1549.62152	1532.98900
2025-09-11T08:23:57Z	1630.00000	1562.75936	1550.04565	1533.20664
2025-09-11T08:23:57Z	1630.00000	1562.92241	1550.40715	1533.39666
2025-09-11T08:23:57Z	1630.00000	1563.11376	1550.81103	1533.59575
2025-09-11T08:23:57Z	1630.00000	1563.24584	1551.08731	1533.73356
2025-09-11T08:23:57Z	1630.00000	1563.36955	1551.35256	1533.86922
2025-09-11T08:23:57Z	1630.00000	1563.46787	1551.52047	1533.96472
2025-09-11T08:23:57Z	1631.00000	1563.47001	1551.52645	1533.96727
2025-09-11T08:23:58Z	1631.00000	1563.47177	1551.52754	1533.96815
2025-09-11T08:23:58Z	1631.00000	1563.47318	1551.52724	1533.96904
2025-09-11T08:23:58Z	1631.00000	1563.47390	1551.52692	1533.96945
2025-09-11T08:23:58Z	1631.00000	1563.47440	1551.52637	1533.97015
2025-09-11T08:23:58Z	1631.00000	1563.47499	1551.52552	1533.97091
2025-09-11T08:23:58Z	1631.00000	1563.47527	1551.52386	1533.97111
2025-09-11T08:23:58Z	1631.00000	1563.47553	1551.52302	1533.97167
2025-09-11T08:23:58Z	1631.00000	1563.47583	1551.52232	1533.97198
2025-09-11T08:23:58Z	1631.00000	1563.47630	1551.52176	1533.97252
2025-09-11T08:23:59Z	1632.00000	1563.47696	1551.52119	1533.97285
2025-09-11T08:23:59Z	1632.00000	1563.47680	1551.52086	1533.97354
2025-09-11T08:23:59Z	1632.00000	1562.08118	1548.21954	1532.24733
2025-09-11T08:23:59Z	1632.00000	1561.71074	1547.48744	1531.87927
2025-09-11T08:23:59Z	1632.00000	1561.43056	1546.93093	1531.60775
2025-09-11T08:23:59Z	1632.00000	1561.29583	1546.65752	1531.46756
2025-09-11T08:23:59Z	1632.00000	1561.15296	1546.35613	1531.31724
2025-09-11T08:23:59Z	1632.00000	1561.02414	1546.08331	1531.17905
2025-09-11T08:23:59Z	1632.00000	1560.83942	1545.67511	1530.98436
2025-09-11T08:23:59Z	1632.00000	1560.63164	1545.20399	1530.75620
2025-09-11T08:24:00Z	1633.00000	1560.43103	1544.75276	1530.53182
2025-09-11T08:24:00Z	1633.00000	1560.31430	1544.48856	1530.40420
2025-09-11T08:24:00Z	1633.00000	1560.19915	1544.23704	1530.28332
2025-09-11T08:24:00Z	1633.00000	1560.08443	1543.98889	1530.15948
2025-09-11T08:24:00Z	1633.00000	1559.90750	1543.60615	1529.96937
2025-09-11T08:24:00Z	1633.00000	1559.79895	1543.37106	1529.85122
2025-09-11T08:24:00Z	1633.00000	1559.62762	1543.01073	1529.66246
2025-09-11T08:24:00Z	1633.00000	1559.61239	1542.97494	1529.64717
2025-09-11T08:24:00Z	1633.00000	1559.60334	1542.95493	1529.63811
2025-09-11T08:24:00Z	1633.00000	1559.59592	1542.93878	1529.63080
2025-09-11T08:24:01Z	1634.00000	1559.59109	1542.92895	1529.62616
2025-09-11T08:24:01Z	1634.00000	1559.58680	1542.92000	1529.62211
2025-09-11T08:24:01Z	1634.00000	1559.58299	1542.91195	1529.61837
2025-09-11T08:24:01Z	1634.00000	1559.57661	1542.89894	1529.61235
2025-09-11T08:24:01Z	1634.00000	1559.57292	1542.89124	1529.60865
2025-09-11T08:24:01Z	1634.00000	1559.56934	1542.88410	1529.60544
2025-09-11T08:24:01Z	1634.00000	1559.56669	1542.87864	1529.60278
2025-09-11T08:24:01Z	1634.00000	1559.56347	1542.87241	1529.59996
2025-09-11T08:24:01Z	1634.00000	1559.56107	1542.86753	1529.59769
2025-09-11T08:24:01Z	1634.00000	1559.55803	1542.86121	1529.59466
2025-09-11T08:24:02Z	1635.00000	1559.55457	1542.85459	1529.59146
2025-09-11T08:24:02Z	1635.00000	1559.55131	1542.84814	1529.58859
2025-09-11T08:24:02Z	1635.00000	1559.54950	1542.84444	1529.58673
2025-09-11T08:24:02Z	1635.00000	1559.54726	1542.84028	1529.58476
2025-09-11T08:24:02Z	1635.00000	1559.54530	1542.83640	1529.58304
2025-09-11T08:24:02Z	1635.00000	1559.54367	1542.83322	1529.58162
2025-09-11T08:24:02Z	1635.00000	1559.54150	1542.82907	1529.57964
2025-09-11T08:24:02Z	1635.00000	1559.53963	1542.82553	1529.57795
2025-09-11T08:24:02Z	1635.00000	1559.53796	1542.82225	1529.57627
2025-09-11T08:24:02Z	1635.00000	1559.53581	1542.81807	1529.57438
2025-09-11T08:24:03Z	1636.00000	1559.53436	1542.81557	1529.57312
2025-09-11T08:24:03Z	1636.00000	1559.53291	1542.81278	1529.57166
2025-09-11T08:24:03Z	1636.00000	1559.53106	1542.80950	1529.57025
2025-09-11T08:24:03Z	1636.00000	1559.52968	1542.80679	1529.56886
2025-09-11T08:24:03Z	1636.00000	1559.52828	1542.80416	1529.56766
2025-09-11T08:24:03Z	1636.00000	1559.52682	1542.80166	1529.56647
2025-09-11T08:24:03Z	1636.00000	1559.52580	1542.79926	1529.56530
2025-09-11T08:24:03Z	1636.00000	1559.52437	1542.79696	1529.56404
2025-09-11T08:24:03Z	1636.00000	1559.52254	1542.79378	1529.56245
2025-09-11T08:24:03Z	1636.00000	1559.52119	1542.79123	1529.56116
2025-09-11T08:24:04Z	1637.00000	1559.51998	1542.78913	1529.56007
2025-09-11T08:24:04Z	1637.00000	1559.51903	1542.78720	1529.55913
2025-09-11T08:24:04Z	1637.00000	1559.51762	1542.78493	1529.55802
2025-09-11T08:24:04Z	1637.00000	1559.51671	1542.78307	1529.55708
2025-09-11T08:24:04Z	1637.00000	1559.51580	1542.78162	1529.55639
2025-09-11T08:24:04Z	1637.00000	1559.51485	1542.77975	1529.55544
2025-09-11T08:24:04Z	1637.00000	1559.51375	1542.77804	1529.55457
2025-09-11T08:24:04Z	1637.00000	1559.51287	1542.77641	1529.55378
2025-09-11T08:24:04Z	1637.00000	1559.51176	1542.77444	1529.55275
2025-09-11T08:24:04Z	1637.00000	1559.51094	1542.77294	1529.55195
2025-09-11T08:24:04Z	1638.00000	1559.51004	1542.77135	1529.55122
2025-09-11T08:24:05Z	1638.00000	1559.50894	1542.76938	1529.55012
2025-09-11T08:24:05Z	1638.00000	1559.50807	1542.76784	1529.54932
2025-09-11T08:24:05Z	1638.00000	1559.50712	1542.76630	1529.54843
2025-09-11T08:24:05Z	1638.00000	1559.69585	1543.14742	1529.75623
2025-09-11T08:24:05Z	1638.00000	1559.86424	1543.49746	1529.94201
2025-09-11T08:24:05Z	1638.00000	1560.02793	1543.84919	1530.11857
2025-09-11T08:24:05Z	1638.00000	1560.27378	1544.39467	1530.38581
2025-09-11T08:24:05Z	1638.00000	1560.42155	1544.73447	1530.55171
2025-09-11T08:24:05Z	1638.00000	1560.64924	1545.25645	1530.81207
2025-09-11T08:24:06Z	1639.00000	1560.84776	1545.70576	1531.03013
2025-09-11T08:24:06Z	1639.00000	1561.02324	1546.09230	1531.21712
2025-09-11T08:24:06Z	1639.00000	1561.23476	1546.53403	1531.43668
2025-09-11T08:24:06Z	1639.00000	1561.44105	1546.96771	1531.65233
2025-09-11T08:24:06Z	1639.00000	1561.60017	1547.31931	1531.82314
2025-09-11T08:24:06Z	1639.00000	1561.73206	1547.62999	1531.98034
2025-09-11T08:24:06Z	1639.00000	1561.82717	1547.86808	1532.09957
2025-09-11T08:24:06Z	1639.00000	1561.91634	1548.09464	1532.21354
2025-09-11T08:24:06Z	1639.00000	1562.03299	1548.39109	1532.36455
2025-09-11T08:24:06Z	1639.00000	1562.21731	1548.84994	1532.59732
2025-09-11T08:24:07Z	1640.00000	1562.36055	1549.17691	1532.75672
2025-09-11T08:24:07Z	1640.00000	1562.49509	1549.47263	1532.89872
2025-09-11T08:24:07Z	1640.00000	1562.62331	1549.74779	1533.03515
2025-09-11T08:24:07Z	1640.00000	1562.81401	1550.15617	1533.24570
2025-09-11T08:24:07Z	1640.00000	1562.97097	1550.49820	1533.42457
2025-09-11T08:24:07Z	1640.00000	1563.10230	1550.78985	1533.57163
2025-09-11T08:24:07Z	1640.00000	1563.21166	1551.01251	1533.68216
2025-09-11T08:24:07Z	1640.00000	1563.32734	1551.26923	1533.81609
2025-09-11T08:24:07Z	1640.00000	1563.46860	1551.54141	1533.94745
2025-09-11T08:24:07Z	1640.00000	1563.47482	1551.53512	1533.95374
2025-09-11T08:24:07Z	1641.00000	1563.47629	1551.53899	1533.95447
2025-09-11T08:24:08Z	1641.00000	1563.47793	1551.53856	1533.95564
2025-09-11T08:24:08Z	1641.00000	1563.47831	1551.53707	1533.95595
2025-09-11T08:24:08Z	1641.00000	1563.47949	1551.53616	1533.95675
2025-09-11T08:24:08Z	1641.00000	1563.47964	1551.53543	1533.95717
2025-09-11T08:24:08Z	1641.00000	1563.48016	1551.53481	1533.95754
2025-09-11T08:24:08Z	1641.00000	1563.48094	1551.53410	1533.95810
2025-09-11T08:24:08Z	1641.00000	1563.48128	1551.53316	1533.95864
2025-09-11T08:24:08Z	1641.00000	1563.48163	1551.53269	1533.95919
2025-09-11T08:24:08Z	1641.00000	1563.48203	1551.53191	1533.95960
2025-09-11T08:24:09Z	1642.00000	1563.48233	1551.53135	1533.95984
2025-09-11T08:24:09Z	1642.00000	1563.48231	1551.53085	1533.96036
2025-09-11T08:24:09Z	1642.00000	1563.48276	1551.53057	1533.96060
2025-09-11T08:24:09Z	1642.00000	1562.92797	1550.05824	1533.24063
2025-09-11T08:24:09Z	1642.00000	1561.84436	1547.74252	1532.00365
2025-09-11T08:24:09Z	1642.00000	1561.55329	1547.16907	1531.71424
2025-09-11T08:24:09Z	1642.00000	1561.38617	1546.83682	1531.54920
2025-09-11T08:24:09Z	1642.00000	1561.05846	1546.15203	1531.20849
2025-09-11T08:24:09Z	1642.00000	1560.89602	1545.79509	1531.03703
2025-09-11T08:24:09Z	1643.00000	1560.71584	1545.38981	1530.84303
2025-09-11T08:24:10Z	1643.00000	1560.53810	1544.98131	1530.64401
2025-09-11T08:24:10Z	1643.00000	1560.34275	1544.54401	1530.43015
2025-09-11T08:24:10Z	1643.00000	1560.19555	1544.22331	1530.27542
2025-09-11T08:24:10Z	1643.00000	1560.01428	1543.83515	1530.08560
2025-09-11T08:24:10Z	1643.00000	1559.86247	1543.50432	1529.91763
2025-09-11T08:24:10Z	1643.00000	1559.71368	1543.18579	1529.75434
2025-09-11T08:24:10Z	1643.00000	1559.62402	1542.99635	1529.65753
2025-09-11T08:24:10Z	1644.00000	1559.60905	1542.96298	1529.64260
2025-09-11T08:24:11Z	1644.00000	1559.60260	1542.94942	1529.63617
2025-09-11T08:24:11Z	1644.00000	1559.59530	1542.93410	1529.62920
2025-09-11T08:24:11Z	1644.00000	1559.59062	1542.92412	1529.62446
2025-09-11T08:24:11Z	1644.00000	1559.58468	1542.91226	1529.61898
2025-09-11T08:24:11Z	1644.00000	1559.58091	1542.90449	1529.61528
2025-09-11T08:24:11Z	1644.00000	1559.57788	1542.89841	1529.61233
2025-09-11T08:24:11Z	1644.00000	1559.57372	1542.89033	1529.60845
2025-09-11T08:24:11Z	1644.00000	1559.57023	1542.88314	1529.60514
2025-09-11T08:24:11Z	1644.00000	1559.56774	1542.87816	1529.60281
2025-09-11T08:24:11Z	1645.00000	1559.56494	1542.87271	1529.60024
2025-09-11T08:24:12Z	1645.00000	1559.55975	1542.86262	1529.59553
2025-09-11T08:24:12Z	1645.00000	1559.55705	1542.85726	1529.59293
2025-09-11T08:24:12Z	1645.00000	1559.55437	1542.85211	1529.59055
2025-09-11T08:24:12Z	1645.00000	1559.55172	1542.84675	1529.58793
2025-09-11T08:24:12Z	1645.00000	1559.54940	1542.84234	1529.58588
2025-09-11T08:24:12Z	1645.00000	1559.54709	1542.83793	1529.58387
2025-09-11T08:24:12Z	1645.00000	1559.54563	1542.83515	1529.58246
2025-09-11T08:24:12Z	1645.00000	1559.54388	1542.83162	1529.58082
2025-09-11T08:24:13Z	1646.00000	1559.54154	1542.82726	1529.57869
2025-09-11T08:24:13Z	1646.00000	1559.54017	1542.82472	1529.57752
2025-09-11T08:24:13Z	1646.00000	1559.53859	1542.82182	1529.57613
2025-09-11T08:24:13Z	1646.00000	1559.53703	1542.81909	1529.57463
2025-09-11T08:24:13Z	1646.00000	1559.53540	1542.81587	1529.57318
2025-09-11T08:24:13Z	1646.00000	1559.53433	1542.81371	1529.57208
2025-09-11T08:24:13Z	1646.00000	1559.53268	1542.81082	1529.57074
2025-09-11T08:24:13Z	1646.00000	1559.53128	1542.80827	1529.56948
2025-09-11T08:24:13Z	1646.00000	1559.53005	1542.80604	1529.56828
2025-09-11T08:24:13Z	1646.00000	1559.52857	1542.80340	1529.56713
2025-09-11T08:24:14Z	1647.00000	1559.52726	1542.80083	1529.56584
2025-09-11T08:24:14Z	1647.00000	1559.52586	1542.79830	1529.56460
2025-09-11T08:24:14Z	1647.00000	1559.52492	1542.79653	1529.56368
2025-09-11T08:24:14Z	1647.00000	1559.52393	1542.79490	1529.56297
2025-09-11T08:24:14Z	1647.00000	1559.52263	1542.79268	1529.56182
2025-09-11T08:24:14Z	1647.00000	1559.52154	1542.79051	1529.56068
2025-09-11T08:24:14Z	1647.00000	1559.52067	1542.78902	1529.55988
2025-09-11T08:24:14Z	1647.00000	1559.51978	1542.78725	1529.55904
2025-09-11T08:24:14Z	1647.00000	1559.51835	1542.78489	1529.55789
2025-09-11T08:24:14Z	1647.00000	1559.51722	1542.78303	1529.55689
2025-09-11T08:24:15Z	1648.00000	1559.51619	1542.78107	1529.55589
2025-09-11T08:24:15Z	1648.00000	1559.51512	1542.77917	1529.55497
2025-09-11T08:24:15Z	1648.00000	1559.51436	1542.77786	1529.55437
2025-09-11T08:24:15Z	1648.00000	1559.51351	1542.77624	1529.55342
2025-09-11T08:24:15Z	1648.00000	1559.51263	1542.77484	1529.55279
2025-09-11T08:24:15Z	1648.00000	1559.68605	1543.12587	1529.74376
2025-09-11T08:24:15Z	1648.00000	1559.92216	1543.61756	1530.00179
2025-09-11T08:24:15Z	1648.00000	1560.17514	1544.16921	1530.27445
2025-09-11T08:24:15Z	1648.00000	1560.38462	1544.64436	1530.50439
2025-09-11T08:24:15Z	1648.00000	1560.55992	1545.04229	1530.70180
2025-09-11T08:24:16Z	1649.00000	1560.93321	1545.89688	1531.11281
2025-09-11T08:24:16Z	1649.00000	1561.10907	1546.27317	1531.29912
2025-09-11T08:24:16Z	1649.00000	1561.31729	1546.71277	1531.51445
2025-09-11T08:24:16Z	1649.00000	1561.49114	1547.07708	1531.69445
2025-09-11T08:24:16Z	1649.00000	1561.62316	1547.37284	1531.83688
2025-09-11T08:24:16Z	1649.00000	1561.75168	1547.67635	1531.98879
2025-09-11T08:24:16Z	1649.00000	1561.84767	1547.91622	1532.10895
2025-09-11T08:24:16Z	1649.00000	1561.97310	1548.23688	1532.27300
2025-09-11T08:24:16Z	1649.00000	1562.08590	1548.51126	1532.40994
2025-09-11T08:24:17Z	1650.00000	1562.19629	1548.78452	1532.54875
2025-09-11T08:24:17Z	1650.00000	1562.32239	1549.08351	1532.69788
2025-09-11T08:24:17Z	1650.00000	1562.53083	1549.54413	1532.92060
2025-09-11T08:24:17Z	1650.00000	1562.68858	1549.87581	1533.08618
2025-09-11T08:24:17Z	1650.00000	1562.82209	1550.16613	1533.23702
2025-09-11T08:24:17Z	1650.00000	1562.99935	1550.53944	1533.42177
2025-09-11T08:24:17Z	1650.00000	1563.10491	1550.76946	1533.53909
2025-09-11T08:24:17Z	1650.00000	1563.25126	1551.07702	1533.69142
2025-09-11T08:24:17Z	1650.00000	1563.38272	1551.36624	1533.84130
2025-09-11T08:24:17Z	1650.00000	1563.47633	1551.54562	1533.92933
2025-09-11T08:24:18Z	1651.00000	1563.48523	1551.54031	1533.93717
2025-09-11T08:24:18Z	1651.00000	1563.48697	1551.54104	1533.93939
2025-09-11T08:24:18Z	1651.00000	1563.48890	1551.54031	1533.94067
2025-09-11T08:24:18Z	1651.00000	1563.48956	1551.53990	1533.94143
2025-09-11T08:24:18Z	1651.00000	1563.49069	1551.53835	1533.94248
2025-09-11T08:24:18Z	1651.00000	1563.49118	1551.53765	1533.94311
2025-09-11T08:24:18Z	1651.00000	1563.49165	1551.53698	1533.94351
2025-09-11T08:24:18Z	1651.00000	1563.49198	1551.53643	1533.94391
2025-09-11T08:24:18Z	1652.00000	1563.49206	1551.53619	1533.94427
2025-09-11T08:24:19Z	1652.00000	1563.49242	1551.53553	1533.94460
2025-09-11T08:24:19Z	1652.00000	1563.49279	1551.53538	1533.94484
2025-09-11T08:24:19Z	1652.00000	1563.31351	1550.84203	1533.68251
2025-09-11T08:24:19Z	1652.00000	1561.83437	1547.73143	1531.98660
2025-09-11T08:24:19Z	1652.00000	1561.61383	1547.29088	1531.76282
2025-09-11T08:24:19Z	1652.00000	1561.34960	1546.76514	1531.50455
2025-09-11T08:24:19Z	1652.00000	1560.99042	1545.99984	1531.12684
2025-09-11T08:24:19Z	1652.00000	1560.80859	1545.59446	1530.93509
2025-09-11T08:24:20Z	1653.00000	1560.50557	1544.90480	1530.60186
2025-09-11T08:24:20Z	1653.00000	1560.36228	1544.58453	1530.44681
2025-09-11T08:24:20Z	1653.00000	1560.21999	1544.27197	1530.29680
2025-09-11T08:24:20Z	1653.00000	1560.08613	1543.98382	1530.15475
2025-09-11T08:24:20Z	1653.00000	1559.90561	1543.59556	1529.96188
2025-09-11T08:24:20Z	1653.00000	1559.79780	1543.36138	1529.84457
2025-09-11T08:24:20Z	1653.00000	1559.67162	1543.09625	1529.70729
2025-09-11T08:24:20Z	1653.00000	1559.62445	1542.99521	1529.65629
2025-09-11T08:24:20Z	1653.00000	1559.61631	1542.97666	1529.64811
2025-09-11T08:24:20Z	1654.00000	1559.60944	1542.96159	1529.64127
2025-09-11T08:24:21Z	1654.00000	1559.60341	1542.94892	1529.63539
2025-09-11T08:24:21Z	1654.00000	1559.59805	1542.93792	1529.63029
2025-09-11T08:24:21Z	1654.00000	1559.59256	1542.92645	1529.62499
2025-09-11T08:24:21Z	1654.00000	1559.58762	1542.91633	1529.62028
2025-09-11T08:24:21Z	1654.00000	1559.58225	1542.90606	1529.61533
2025-09-11T08:24:21Z	1654.00000	1559.57831	1542.89803	1529.61152
2025-09-11T08:24:21Z	1654.00000	1559.57510	1542.89159	1529.60848
2025-09-11T08:24:21Z	1654.00000	1559.57118	1542.88353	1529.60470
2025-09-11T08:24:21Z	1654.00000	1559.56778	1542.87717	1529.60176
2025-09-11T08:24:22Z	1655.00000	1559.56569	1542.87286	1529.59974
2025-09-11T08:24:22Z	1655.00000	1559.56348	1542.86878	1529.59767
2025-09-11T08:24:22Z	1655.00000	1559.55951	1542.86102	1529.59401
2025-09-11T08:24:22Z	1655.00000	1559.55744	1542.85682	1529.59216
2025-09-11T08:24:22Z	1655.00000	1559.55504	1542.85204	1529.58995
2025-09-11T08:24:22Z	1655.00000	1559.55296	1542.84816	1529.58810
2025-09-11T08:24:22Z	1655.00000	1559.55106	1542.84461	1529.58627
2025-09-11T08:24:22Z	1655.00000	1559.54850	1542.83982	1529.58396
2025-09-11T08:24:22Z	1655.00000	1559.54656	1542.83593	1529.58225
2025-09-11T08:24:23Z	1656.00000	1559.54460	1542.83214	1529.58047
2025-09-11T08:24:23Z	1656.00000	1559.54275	1542.82864	1529.57879
2025-09-11T08:24:23Z	1656.00000	1559.54149	1542.82625	1529.57764
2025-09-11T08:24:23Z	1656.00000	1559.53879	1542.82116	1529.57522
2025-09-11T08:24:23Z	1656.00000	1559.53705	1542.81819	1529.57374
2025-09-11T08:24:23Z	1656.00000	1559.53572	1542.81558	1529.57257
2025-09-11T08:24:23Z	1656.00000	1559.53398	1542.81237	1529.57087
2025-09-11T08:24:23Z	1656.00000	1559.53283	1542.81001	1529.56976
2025-09-11T08:24:23Z	1656.00000	1559.53128	1542.80745	1529.56846
2025-09-11T08:24:24Z	1657.00000	1559.53005	1542.80489	1529.56725
2025-09-11T08:24:24Z	1657.00000	1559.52867	1542.80255	1529.56612
2025-09-11T08:24:24Z	1657.00000	1559.52732	1542.80015	1529.56494
2025-09-11T08:24:24Z	1657.00000	1559.52568	1542.79756	1529.56363
2025-09-11T08:24:24Z	1657.00000	1559.52471	1542.79557	1529.56267
2025-09-11T08:24:24Z	1657.00000	1559.52353	1542.79340	1529.56160
2025-09-11T08:24:24Z	1657.00000	1559.52254	1542.79172	1529.56062
2025-09-11T08:24:24Z	1657.00000	1559.52176	1542.79036	1529.55995
2025-09-11T08:24:24Z	1657.00000	1559.52095	1542.78895	1529.55928
2025-09-11T08:24:24Z	1657.00000	1559.51969	1542.78667	1529.55817
2025-09-11T08:24:25Z	1658.00000	1559.51900	1542.78539	1529.55746
2025-09-11T08:24:25Z	1658.00000	1559.51825	1542.78399	1529.55677
2025-09-11T08:24:25Z	1658.00000	1559.51720	1542.78223	1529.55594
2025-09-11T08:24:25Z	1658.00000	1559.51622	1542.78049	1529.55500
2025-09-11T08:24:25Z	1658.00000	1559.54020	1542.82901	1529.58083
2025-09-11T08:24:25Z	1658.00000	1559.89161	1543.55072	1529.96678
2025-09-11T08:24:25Z	1658.00000	1560.08805	1543.97215	1530.17483
2025-09-11T08:24:25Z	1658.00000	1560.27321	1544.38520	1530.37569
2025-09-11T08:24:26Z	1659.00000	1560.65665	1545.26647	1530.80782
2025-09-11T08:24:26Z	1659.00000	1560.85714	1545.72418	1531.02682
2025-09-11T08:24:26Z	1659.00000	1561.24511	1546.55930	1531.43118
2025-09-11T08:24:26Z	1659.00000	1561.42289	1546.93241	1531.61532
2025-09-11T08:24:26Z	1659.00000	1561.58738	1547.29194	1531.78784
2025-09-11T08:24:26Z	1659.00000	1561.74438	1547.65746	1531.96752
2025-09-11T08:24:26Z	1659.00000	1561.83846	1547.89230	1532.08266
2025-09-11T08:24:26Z	1659.00000	1561.94053	1548.15795	1532.21861
2025-09-11T08:24:26Z	1659.00000	1562.09312	1548.51647	1532.39638
2025-09-11T08:24:26Z	1660.00000	1562.21620	1548.82334	1532.55378
2025-09-11T08:24:27Z	1660.00000	1562.40777	1549.26541	1532.77030
2025-09-11T08:24:27Z	1660.00000	1562.61050	1549.70008	1532.98504
2025-09-11T08:24:27Z	1660.00000	1562.78738	1550.07300	1533.17663
2025-09-11T08:24:27Z	1660.00000	1563.06483	1550.65758	1533.46834
2025-09-11T08:24:27Z	1660.00000	1563.19078	1550.93333	1533.60449
2025-09-11T08:24:27Z	1660.00000	1563.29989	1551.18316	1533.72366
2025-09-11T08:24:27Z	1660.00000	1563.40523	1551.41215	1533.84141
2025-09-11T08:24:27Z	1660.00000	1563.49943	1551.53360	1533.91394
2025-09-11T08:24:28Z	1661.00000	1563.50117	1551.54102	1533.91346
2025-09-11T08:24:28Z	1661.00000	1563.50278	1551.54235	1533.91403
2025-09-11T08:24:28Z	1661.00000	1563.50359	1551.54247	1533.91471
2025-09-11T08:24:28Z	1661.00000	1563.50431	1551.54233	1533.91540
2025-09-11T08:24:28Z	1661.00000	1563.50577	1551.54204	1533.91513
2025-09-11T08:24:28Z	1661.00000	1563.50620	1551.54181	1533.91593
2025-09-11T08:24:28Z	1661.00000	1563.50626	1551.54108	1533.91667
2025-09-11T08:24:28Z	1661.00000	1563.50706	1551.54065	1533.91670
2025-09-11T08:24:28Z	1661.00000	1563.50735	1551.54019	1533.91722
2025-09-11T08:24:28Z	1661.00000	1563.50791	1551.53985	1533.91753
2025-09-11T08:24:28Z	1662.00000	1563.50819	1551.53948	1533.91790
2025-09-11T08:24:29Z	1662.00000	1563.50828	1551.53906	1533.91834
2025-09-11T08:24:29Z	1662.00000	1563.50866	1551.53896	1533.91823
2025-09-11T08:24:29Z	1662.00000	1562.00563	1548.05930	1532.13289
2025-09-11T08:24:29Z	1662.00000	1561.65904	1547.37787	1531.81185
2025-09-11T08:24:29Z	1662.00000	1561.46254	1546.98388	1531.62332
2025-09-11T08:24:29Z	1662.00000	1561.25318	1546.55829	1531.41232
2025-09-11T08:24:29Z	1662.00000	1561.07797	1546.19258	1531.23768
2025-09-11T08:24:29Z	1662.00000	1560.94791	1545.90977	1531.09849
2025-09-11T08:24:29Z	1662.00000	1560.76844	1545.50525	1530.90458
2025-09-11T08:24:30Z	1663.00000	1560.59782	1545.11374	1530.71643
2025-09-11T08:24:30Z	1663.00000	1560.46903	1544.83213	1530.57621
2025-09-11T08:24:30Z	1663.00000	1560.27440	1544.40191	1530.36808
2025-09-11T08:24:30Z	1663.00000	1560.15826	1544.15278	1530.24944
2025-09-11T08:24:30Z	1663.00000	1560.02105	1543.85802	1530.10633
2025-09-11T08:24:30Z	1663.00000	1559.86910	1543.52765	1529.93828
2025-09-11T08:24:30Z	1663.00000	1559.73875	1543.25056	1529.79514
2025-09-11T08:24:30Z	1663.00000	1559.62754	1543.01315	1529.67338
2025-09-11T08:24:30Z	1663.00000	1559.61569	1542.98604	1529.66204
2025-09-11T08:24:30Z	1663.00000	1559.60913	1542.97163	1529.65570
2025-09-11T08:24:30Z	1664.00000	1559.60190	1542.95681	1529.64912
2025-09-11T08:24:31Z	1664.00000	1559.59602	1542.94462	1529.64349
2025-09-11T08:24:31Z	1664.00000	1559.59074	1542.93391	1529.63828
2025-09-11T08:24:31Z	1664.00000	1559.58474	1542.92147	1529.63251
2025-09-11T08:24:31Z	1664.00000	1559.58111	1542.91446	1529.62920
2025-09-11T08:24:31Z	1664.00000	1559.57716	1542.90663	1529.62547
2025-09-11T08:24:31Z	1664.00000	1559.57212	1542.89706	1529.62106
2025-09-11T08:24:31Z	1664.00000	1559.56777	1542.88850	1529.61709
2025-09-11T08:24:31Z	1664.00000	1559.56213	1542.87716	1529.61153
2025-09-11T08:24:32Z	1665.00000	1559.55982	1542.87278	1529.60943
2025-09-11T08:24:32Z	1665.00000	1559.55668	1542.86689	1529.60678
2025-09-11T08:24:32Z	1665.00000	1559.55421	1542.86221	1529.60450
2025-09-11T08:24:32Z	1665.00000	1559.55227	1542.85848	1529.60268
2025-09-11T08:24:32Z	1665.00000	1559.55002	1542.85429	1529.60065
2025-09-11T08:24:32Z	1665.00000	1559.54800	1542.85019	1529.59871
2025-09-11T08:24:32Z	1665.00000	1559.54540	1542.84507	1529.59637
2025-09-11T08:24:32Z	1665.00000	1559.54302	1542.84081	1529.59423
2025-09-11T08:24:32Z	1665.00000	1559.54114	1542.83742	1529.59272
2025-09-11T08:24:32Z	1665.00000	1559.53911	1542.83358	1529.59090
2025-09-11T08:24:32Z	1666.00000	1559.53773	1542.83102	1529.58963
2025-09-11T08:24:33Z	1666.00000	1559.53612	1542.82789	1529.58810
2025-09-11T08:24:33Z	1666.00000	1559.53393	1542.82405	1529.58621
2025-09-11T08:24:33Z	1666.00000	1559.53264	1542.82172	1529.58511
2025-09-11T08:24:33Z	1666.00000	1559.53124	1542.81900	1529.58387
2025-09-11T08:24:33Z	1666.00000	1559.52923	1542.81564	1529.58221
2025-09-11T08:24:33Z	1666.00000	1559.52826	1542.81358	1529.58112
2025-09-11T08:24:33Z	1666.00000	1559.52703	1542.81112	1529.57990
2025-09-11T08:24:33Z	1666.00000	1559.52568	1542.80888	1529.57886
2025-09-11T08:24:33Z	1666.00000	1559.52438	1542.80660	1529.57776
2025-09-11T08:24:33Z	1667.00000	1559.52307	1542.80440	1529.57664
2025-09-11T08:24:34Z	1667.00000	1559.52193	1542.80225	1529.57550
2025-09-11T08:24:34Z	1667.00000	1559.52074	1542.80018	1529.57458
2025-09-11T08:24:34Z	1667.00000	1559.51957	1542.79819	1529.57355
2025-09-11T08:24:34Z	1667.00000	1559.51832	1542.79589	1529.57245
2025-09-11T08:24:34Z	1667.00000	1559.51732	1542.79407	1529.57149
2025-09-11T08:24:34Z	1667.00000	1559.51634	1542.79230	1529.57065
2025-09-11T08:24:34Z	1667.00000	1559.51508	1542.79023	1529.56956
2025-09-11T08:24:34Z	1667.00000	1559.51408	1542.78846	1529.56871
2025-09-11T08:24:34Z	1667.00000	1559.51294	1542.78655	1529.56775
2025-09-11T08:24:34Z	1668.00000	1559.51200	1542.78496	1529.56689
2025-09-11T08:24:35Z	1668.00000	1559.51120	1542.78338	1529.56609
2025-09-11T08:24:35Z	1668.00000	1559.50987	1542.78127	1529.56499
2025-09-11T08:24:35Z	1668.00000	1559.50889	1542.77942	1529.56416
2025-09-11T08:24:35Z	1668.00000	1559.52304	1542.80953	1529.58016
2025-09-11T08:24:35Z	1668.00000	1559.74039	1543.25213	1529.82177
2025-09-11T08:24:35Z	1668.00000	1559.90664	1543.59773	1530.00212
2025-09-11T08:24:35Z	1668.00000	1560.16269	1544.15268	1530.27546
2025-09-11T08:24:35Z	1668.00000	1560.38162	1544.64046	1530.51148
2025-09-11T08:24:35Z	1668.00000	1560.56165	1545.04592	1530.71137
2025-09-11T08:24:36Z	1669.00000	1560.70308	1545.37511	1530.87054
2025-09-11T08:24:36Z	1669.00000	1560.84337	1545.69186	1531.02396
2025-09-11T08:24:36Z	1669.00000	1561.02036	1546.08366	1531.21036
2025-09-11T08:24:36Z	1669.00000	1561.23627	1546.53388	1531.43145
2025-09-11T08:24:36Z	1669.00000	1561.44309	1546.96447	1531.64252
2025-09-11T08:24:36Z	1669.00000	1561.60742	1547.32145	1531.81411
2025-09-11T08:24:36Z	1669.00000	1561.78176	1547.72642	1532.01388
2025-09-11T08:24:36Z	1669.00000	1561.91621	1548.05855	1532.18200
2025-09-11T08:24:36Z	1669.00000	1562.21737	1548.78739	1532.54313
2025-09-11T08:24:37Z	1670.00000	1562.35741	1549.11521	1532.70496
2025-09-11T08:24:37Z	1670.00000	1562.49493	1549.41996	1532.84946
2025-09-11T08:24:37Z	1670.00000	1562.64614	1549.74779	1533.01048
2025-09-11T08:24:37Z	1670.00000	1562.80479	1550.07950	1533.18114
2025-09-11T08:24:37Z	1670.00000	1562.94700	1550.38333	1533.33941
2025-09-11T08:24:37Z	1670.00000	1563.11523	1550.75531	1533.52696
2025-09-11T08:24:37Z	1670.00000	1563.26729	1551.08771	1533.69440
2025-09-11T08:24:37Z	1670.00000	1563.50070	1551.49620	1533.90940
2025-09-11T08:24:37Z	1670.00000	1563.50171	1551.50578	1533.90996
2025-09-11T08:24:38Z	1671.00000	1563.50400	1551.50681	1533.91086
2025-09-11T08:24:38Z	1671.00000	1563.50440	1551.50801	1533.91173
2025-09-11T08:24:38Z	1671.00000	1563.50570	1551.50872	1533.91197
2025-09-11T08:24:38Z	1671.00000	1563.50636	1551.50843	1533.91254
2025-09-11T08:24:38Z	1671.00000	1563.50747	1551.50791	1533.91297
2025-09-11T08:24:38Z	1671.00000	1563.50800	1551.50778	1533.91316
2025-09-11T08:24:38Z	1671.00000	1563.50860	1551.50754	1533.91368
2025-09-11T08:24:38Z	1671.00000	1563.50873	1551.50698	1533.91415
2025-09-11T08:24:38Z	1671.00000	1563.50953	1551.50676	1533.91450
2025-09-11T08:24:38Z	1671.00000	1563.50977	1551.50620	1533.91479
2025-09-11T08:24:39Z	1672.00000	1563.51016	1551.50575	1533.91519
2025-09-11T08:24:39Z	1672.00000	1563.51055	1551.50564	1533.91558
2025-09-11T08:24:39Z	1672.00000	1563.51360	1551.44178	1533.92290
2025-09-11T08:24:39Z	1672.00000	1561.90752	1547.83984	1532.03862
2025-09-11T08:24:39Z	1672.00000	1561.67401	1547.40434	1531.82013
2025-09-11T08:24:39Z	1672.00000	1561.44422	1546.94353	1531.59933
2025-09-11T08:24:39Z	1672.00000	1561.20126	1546.44377	1531.35490
2025-09-11T08:24:39Z	1672.00000	1561.00837	1546.03480	1531.15111
2025-09-11T08:24:39Z	1672.00000	1560.82330	1545.62052	1530.95536
2025-09-11T08:24:40Z	1673.00000	1560.52488	1544.94760	1530.63189
2025-09-11T08:24:40Z	1673.00000	1560.37831	1544.62660	1530.47443
2025-09-11T08:24:40Z	1673.00000	1560.07281	1543.96270	1530.15371
2025-09-11T08:24:40Z	1673.00000	1559.80871	1543.39311	1529.87074
2025-09-11T08:24:40Z	1673.00000	1559.70196	1543.16700	1529.75220
2025-09-11T08:24:40Z	1673.00000	1559.62729	1543.00974	1529.67163
2025-09-11T08:24:40Z	1673.00000	1559.61779	1542.98813	1529.66243
2025-09-11T08:24:40Z	1673.00000	1559.61139	1542.97415	1529.65615
2025-09-11T08:24:40Z	1674.00000	1559.60342	1542.95773	1529.64894
2025-09-11T08:24:41Z	1674.00000	1559.59695	1542.94414	1529.64265
2025-09-11T08:24:41Z	1674.00000	1559.59199	1542.93409	1529.63777
2025-09-11T08:24:41Z	1674.00000	1559.58637	1542.92325	1529.63279
2025-09-11T08:24:41Z	1674.00000	1559.58235	1542.91522	1529.62897
2025-09-11T08:24:41Z	1674.00000	1559.57849	1542.90763	1529.62532
2025-09-11T08:24:41Z	1674.00000	1559.57471	1542.90036	1529.62203
2025-09-11T08:24:41Z	1674.00000	1559.56995	1542.89095	1529.61752
2025-09-11T08:24:41Z	1674.00000	1559.56398	1542.87963	1529.61212
2025-09-11T08:24:42Z	1675.00000	1559.56145	1542.87452	1529.60965
2025-09-11T08:24:42Z	1675.00000	1559.55610	1542.86429	1529.60476
2025-09-11T08:24:42Z	1675.00000	1559.55395	1542.86042	1529.60293
2025-09-11T08:24:42Z	1675.00000	1559.55147	1542.85586	1529.60081
2025-09-11T08:24:42Z	1675.00000	1559.54944	1542.85184	1529.59889
2025-09-11T08:24:42Z	1675.00000	1559.54714	1542.84737	1529.59675
2025-09-11T08:24:42Z	1675.00000	1559.54529	1542.84389	1529.59504
2025-09-11T08:24:42Z	1675.00000	1559.54316	1542.84003	1529.59319
2025-09-11T08:24:42Z	1675.00000	1559.54160	1542.83735	1529.59187
2025-09-11T08:24:42Z	1676.00000	1559.54013	1542.83475	1529.59075
2025-09-11T08:24:43Z	1676.00000	1559.53806	1542.83073	1529.58874
2025-09-11T08:24:43Z	1676.00000	1559.53652	1542.82782	1529.58739
2025-09-11T08:24:43Z	1676.00000	1559.53470	1542.82456	1529.58584
2025-09-11T08:24:43Z	1676.00000	1559.53352	1542.82231	1529.58468
2025-09-11T08:24:43Z	1676.00000	1559.53156	1542.81896	1529.58309
2025-09-11T08:24:43Z	1676.00000	1559.53022	1542.81659	1529.58199
2025-09-11T08:24:43Z	1676.00000	1559.52869	1542.81366	1529.58055
2025-09-11T08:24:43Z	1676.00000	1559.52727	1542.81111	1529.57938
2025-09-11T08:24:43Z	1676.00000	1559.52603	1542.80883	1529.57822
2025-09-11T08:24:44Z	1677.00000	1559.52428	1542.80570	1529.57661
2025-09-11T08:24:44Z	1677.00000	1559.52263	1542.80293	1529.57526
2025-09-11T08:24:44Z	1677.00000	1559.52099	1542.80014	1529.57396
2025-09-11T08:24:44Z	1677.00000	1559.51976	1542.79795	1529.57278
2025-09-11T08:24:44Z	1677.00000	1559.51863	1542.79581	1529.57176
2025-09-11T08:24:44Z	1677.00000	1559.51752	1542.79374	1529.57069
2025-09-11T08:24:44Z	1677.00000	1559.51653	1542.79214	1529.56981
2025-09-11T08:24:44Z	1677.00000	1559.51536	1542.79005	1529.56883
2025-09-11T08:24:45Z	1678.00000	1559.51411	1542.78793	1529.56792
2025-09-11T08:24:45Z	1678.00000	1559.51295	1542.78612	1529.56691
2025-09-11T08:24:45Z	1678.00000	1559.51198	1542.78425	1529.56593
2025-09-11T08:24:45Z	1678.00000	1559.51070	1542.78224	1529.56498
2025-09-11T08:24:45Z	1678.00000	1559.60922	1542.98370	1529.67499
2025-09-11T08:24:45Z	1678.00000	1559.81155	1543.39262	1529.89846
2025-09-11T08:24:45Z	1678.00000	1560.03901	1543.87635	1530.13921
2025-09-11T08:24:45Z	1678.00000	1560.19846	1544.22476	1530.30922
2025-09-11T08:24:45Z	1678.00000	1560.41602	1544.71545	1530.54410
2025-09-11T08:24:45Z	1678.00000	1560.62199	1545.18327	1530.77385
2025-09-11T08:24:46Z	1679.00000	1560.79492	1545.58143	1530.96275
2025-09-11T08:24:46Z	1679.00000	1561.00106	1546.04058	1531.18122
2025-09-11T08:24:46Z	1679.00000	1561.18795	1546.43222	1531.37355
2025-09-11T08:24:46Z	1679.00000	1561.36975	1546.81457	1531.55717
2025-09-11T08:24:46Z	1679.00000	1561.51656	1547.11821	1531.70499
2025-09-11T08:24:46Z	1679.00000	1561.67457	1547.46874	1531.87367
2025-09-11T08:24:46Z	1679.00000	1561.80124	1547.76509	1532.02104
2025-09-11T08:24:46Z	1679.00000	1561.95516	1548.13355	1532.20399
2025-09-11T08:24:46Z	1679.00000	1562.09560	1548.47289	1532.37264
2025-09-11T08:24:46Z	1679.00000	1562.25815	1548.87104	1532.57091
2025-09-11T08:24:47Z	1680.00000	1562.41484	1549.23086	1532.74397
2025-09-11T08:24:47Z	1680.00000	1562.59201	1549.62383	1532.93439
2025-09-11T08:24:47Z	1680.00000	1562.74975	1549.95619	1533.10542
2025-09-11T08:24:47Z	1680.00000	1562.89253	1550.26406	1533.26496
2025-09-11T08:24:47Z	1680.00000	1563.07989	1550.66450	1533.46211
2025-09-11T08:24:47Z	1680.00000	1563.22262	1550.97102	1533.61807
2025-09-11T08:24:47Z	1680.00000	1563.37368	1551.26614	1533.76197
2025-09-11T08:24:47Z	1680.00000	1563.50483	1551.50700	1533.89033
2025-09-11T08:24:47Z	1680.00000	1563.50957	1551.51406	1533.89197
2025-09-11T08:24:47Z	1680.00000	1563.51156	1551.51335	1533.89330
2025-09-11T08:24:48Z	1681.00000	1563.51325	1551.51335	1533.89413
2025-09-11T08:24:48Z	1681.00000	1563.51421	1551.51276	1533.89484
2025-09-11T08:24:48Z	1681.00000	1563.51521	1551.51230	1533.89514
2025-09-11T08:24:48Z	1681.00000	1563.51577	1551.51169	1533.89564
2025-09-11T08:24:48Z	1681.00000	1563.51704	1551.51061	1533.89649
2025-09-11T08:24:48Z	1681.00000	1563.51741	1551.51037	1533.89676
2025-09-11T08:24:48Z	1681.00000	1563.51747	1551.50968	1533.89726
2025-09-11T08:24:48Z	1681.00000	1563.51797	1551.50921	1533.89761
2025-09-11T08:24:48Z	1681.00000	1563.51862	1551.50887	1533.89787
2025-09-11T08:24:49Z	1682.00000	1563.51870	1551.50810	1533.89832
2025-09-11T08:24:49Z	1682.00000	1563.51895	1551.50789	1533.89855
2025-09-11T08:24:49Z	1682.00000	1562.35815	1548.80803	1532.52219
2025-09-11T08:24:49Z	1682.00000	1561.72335	1547.49235	1531.85438
2025-09-11T08:24:49Z	1682.00000	1561.29826	1546.64902	1531.44422
2025-09-11T08:24:49Z	1682.00000	1561.12810	1546.28495	1531.26653
2025-09-11T08:24:49Z	1682.00000	1560.91683	1545.82515	1531.04538
2025-09-11T08:24:49Z	1682.00000	1560.73915	1545.42387	1530.85647
2025-09-11T08:24:49Z	1683.00000	1560.56401	1545.02615	1530.66610
2025-09-11T08:24:50Z	1683.00000	1560.31636	1544.48246	1530.40289
2025-09-11T08:24:50Z	1683.00000	1560.15199	1544.12969	1530.23419
2025-09-11T08:24:50Z	1683.00000	1559.98888	1543.77946	1530.06633
2025-09-11T08:24:50Z	1683.00000	1559.83750	1543.44971	1529.89847
2025-09-11T08:24:50Z	1683.00000	1559.68370	1543.12448	1529.72910
2025-09-11T08:24:50Z	1683.00000	1559.62936	1543.01004	1529.67103
2025-09-11T08:24:50Z	1683.00000	1559.62132	1542.99243	1529.66347
2025-09-11T08:24:50Z	1683.00000	1559.61240	1542.97310	1529.65497
2025-09-11T08:24:51Z	1684.00000	1559.60401	1542.95558	1529.64699
2025-09-11T08:24:51Z	1684.00000	1559.59853	1542.94458	1529.64196
2025-09-11T08:24:51Z	1684.00000	1559.59441	1542.93642	1529.63813
2025-09-11T08:24:51Z	1684.00000	1559.58991	1542.92744	1529.63400
2025-09-11T08:24:51Z	1684.00000	1559.58561	1542.91934	1529.63004
2025-09-11T08:24:51Z	1684.00000	1559.58178	1542.91181	1529.62656
2025-09-11T08:24:51Z	1684.00000	1559.57767	1542.90378	1529.62273
2025-09-11T08:24:51Z	1684.00000	1559.57328	1542.89537	1529.61878
2025-09-11T08:24:51Z	1684.00000	1559.57079	1542.89051	1529.61642
2025-09-11T08:24:51Z	1684.00000	1559.56688	1542.88327	1529.61306
2025-09-11T08:24:52Z	1685.00000	1559.56385	1542.87727	1529.61028
2025-09-11T08:24:52Z	1685.00000	1559.56135	1542.87259	1529.60791
2025-09-11T08:24:52Z	1685.00000	1559.55865	1542.86730	1529.60544
2025-09-11T08:24:52Z	1685.00000	1559.55679	1542.86401	1529.60386
2025-09-11T08:24:52Z	1685.00000	1559.55488	1542.86039	1529.60227
2025-09-11T08:24:52Z	1685.00000	1559.55244	1542.85574	1529.59999
2025-09-11T08:24:52Z	1685.00000	1559.55036	1542.85199	1529.59820
2025-09-11T08:24:52Z	1685.00000	1559.54821	1542.84781	1529.59628
2025-09-11T08:24:52Z	1685.00000	1559.54605	1542.84396	1529.59436
2025-09-11T08:24:52Z	1685.00000	1559.54402	1542.84011	1529.59261
2025-09-11T08:24:53Z	1686.00000	1559.54264	1542.83754	1529.59134
2025-09-11T08:24:53Z	1686.00000	1559.54047	1542.83346	1529.58938
2025-09-11T08:24:53Z	1686.00000	1559.53864	1542.83016	1529.58790
2025-09-11T08:24:53Z	1686.00000	1559.53679	1542.82688	1529.58630
2025-09-11T08:24:53Z	1686.00000	1559.53528	1542.82431	1529.58514
2025-09-11T08:24:53Z	1686.00000	1559.53413	1542.82228	1529.58399
2025-09-11T08:24:53Z	1686.00000	1559.53298	1542.82024	1529.58300
2025-09-11T08:24:53Z	1686.00000	1559.53139	1542.81741	1529.58163
2025-09-11T08:24:53Z	1686.00000	1559.53021	1542.81520	1529.58061
2025-09-11T08:24:53Z	1686.00000	1559.52917	1542.81323	1529.57970
2025-09-11T08:24:54Z	1687.00000	1559.52764	1542.81082	1529.57855
2025-09-11T08:24:54Z	1687.00000	1559.52658	1542.80859	1529.57744
2025-09-11T08:24:54Z	1687.00000	1559.52495	1542.80596	1529.57603
2025-09-11T08:24:54Z	1687.00000	1559.52382	1542.80371	1529.57499
2025-09-11T08:24:54Z	1687.00000	1559.52258	1542.80173	1529.57393
2025-09-11T08:24:54Z	1687.00000	1559.52180	1542.80016	1529.57326
2025-09-11T08:24:54Z	1687.00000	1559.52078	1542.79854	1529.57241
2025-09-11T08:24:54Z	1687.00000	1559.51980	1542.79673	1529.57157
2025-09-11T08:24:54Z	1687.00000	1559.51868	1542.79504	1529.57073
2025-09-11T08:24:54Z	1687.00000	1559.51771	1542.79327	1529.56978
2025-09-11T08:24:55Z	1688.00000	1559.51661	1542.79121	1529.56874
2025-09-11T08:24:55Z	1688.00000	1559.51567	1542.78952	1529.56805
2025-09-11T08:24:55Z	1688.00000	1559.51453	1542.78780	1529.56711
2025-09-11T08:24:55Z	1688.00000	1559.51365	1542.78635	1529.56634
2025-09-11T08:24:55Z	1688.00000	1559.64304	1543.05021	1529.71120
2025-09-11T08:24:55Z	1688.00000	1559.81447	1543.39483	1529.90021
2025-09-11T08:24:55Z	1688.00000	1560.00983	1543.80975	1530.10748
2025-09-11T08:24:55Z	1688.00000	1560.26121	1544.35627	1530.36965
2025-09-11T08:24:55Z	1688.00000	1560.47641	1544.84307	1530.60453
2025-09-11T08:24:55Z	1688.00000	1560.65033	1545.24217	1530.79819
2025-09-11T08:24:56Z	1689.00000	1560.79303	1545.56866	1530.95115
2025-09-11T08:24:56Z	1689.00000	1560.97165	1545.96918	1531.13984
2025-09-11T08:24:56Z	1689.00000	1561.15688	1546.36031	1531.33136
2025-09-11T08:24:56Z	1689.00000	1561.36881	1546.80562	1531.54557
2025-09-11T08:24:56Z	1689.00000	1561.57550	1547.23831	1531.75515
2025-09-11T08:24:56Z	1689.00000	1561.70888	1547.53078	1531.89614
2025-09-11T08:24:56Z	1689.00000	1561.84420	1547.84588	1532.05097
2025-09-11T08:24:56Z	1689.00000	1561.97903	1548.16718	1532.21074
2025-09-11T08:24:56Z	1689.00000	1562.16990	1548.62614	1532.43752
2025-09-11T08:24:56Z	1689.00000	1562.29485	1548.92237	1532.58518
2025-09-11T08:24:57Z	1690.00000	1562.49399	1549.38205	1532.80606
2025-09-11T08:24:57Z	1690.00000	1562.70782	1549.84060	1533.03335
2025-09-11T08:24:57Z	1690.00000	1562.87350	1550.20430	1533.22029
2025-09-11T08:24:57Z	1690.00000	1563.04373	1550.56497	1533.40098
2025-09-11T08:24:57Z	1690.00000	1563.37103	1551.21507	1533.72430
2025-09-11T08:24:57Z	1690.00000	1563.49410	1551.44676	1533.83941
2025-09-11T08:24:57Z	1690.00000	1563.52438	1551.49365	1533.86393
2025-09-11T08:24:57Z	1690.00000	1563.52589	1551.49697	1533.86469
2025-09-11T08:24:57Z	1690.00000	1563.52695	1551.49664	1533.86557
2025-09-11T08:24:57Z	1691.00000	1563.52782	1551.49768	1533.86562
2025-09-11T08:24:58Z	1691.00000	1563.52887	1551.49838	1533.86616
2025-09-11T08:24:58Z	1691.00000	1563.52947	1551.49806	1533.86684
2025-09-11T08:24:58Z	1691.00000	1563.53000	1551.49782	1533.86719
2025-09-11T08:24:58Z	1691.00000	1563.53050	1551.49751	1533.86735
2025-09-11T08:24:58Z	1691.00000	1563.53065	1551.49738	1533.86779
2025-09-11T08:24:58Z	1691.00000	1563.53122	1551.49698	1533.86793
2025-09-11T08:24:58Z	1691.00000	1563.53153	1551.49673	1533.86835
2025-09-11T08:24:58Z	1691.00000	1563.53194	1551.49655	1533.86859
2025-09-11T08:24:58Z	1691.00000	1563.53213	1551.49623	1533.86905
2025-09-11T08:24:59Z	1692.00000	1563.53298	1551.49593	1533.86911
2025-09-11T08:24:59Z	1692.00000	1563.53316	1551.49584	1533.86936
2025-09-11T08:24:59Z	1692.00000	1561.94800	1547.95640	1532.07680
2025-09-11T08:24:59Z	1692.00000	1561.66654	1547.38616	1531.80080
2025-09-11T08:24:59Z	1692.00000	1561.44844	1546.94559	1531.58984
2025-09-11T08:24:59Z	1692.00000	1561.27093	1546.58142	1531.40975
2025-09-11T08:24:59Z	1692.00000	1561.07770	1546.17767	1531.21192
2025-09-11T08:24:59Z	1692.00000	1560.95374	1545.90332	1531.07859
2025-09-11T08:24:59Z	1692.00000	1560.82890	1545.61907	1530.94592
2025-09-11T08:24:59Z	1693.00000	1560.53511	1544.95574	1530.63075
2025-09-11T08:25:00Z	1693.00000	1560.34147	1544.53056	1530.42542
2025-09-11T08:25:00Z	1693.00000	1560.17445	1544.17157	1530.25375
2025-09-11T08:25:00Z	1693.00000	1560.01356	1543.82702	1530.08824
2025-09-11T08:25:00Z	1693.00000	1559.88449	1543.54759	1529.94510
2025-09-11T08:25:00Z	1693.00000	1559.73158	1543.22222	1529.77720
2025-09-11T08:25:00Z	1693.00000	1559.63625	1543.02183	1529.67462
2025-09-11T08:25:00Z	1693.00000	1559.62472	1542.99606	1529.66390
2025-09-11T08:25:00Z	1693.00000	1559.61588	1542.97707	1529.65572
2025-09-11T08:25:00Z	1693.00000	1559.61054	1542.96575	1529.65054
2025-09-11T08:25:01Z	1694.00000	1559.60453	1542.95389	1529.64521
2025-09-11T08:25:01Z	1694.00000	1559.60025	1542.94529	1529.64119
2025-09-11T08:25:01Z	1694.00000	1559.59613	1542.93724	1529.63747
2025-09-11T08:25:01Z	1694.00000	1559.58778	1542.92081	1529.62979
2025-09-11T08:25:01Z	1694.00000	1559.58398	1542.91351	1529.62642
2025-09-11T08:25:01Z	1694.00000	1559.58040	1542.90673	1529.62313
2025-09-11T08:25:01Z	1694.00000	1559.57710	1542.90053	1529.62027
2025-09-11T08:25:01Z	1694.00000	1559.57349	1542.89357	1529.61695
2025-09-11T08:25:01Z	1694.00000	1559.56959	1542.88629	1529.61360
2025-09-11T08:25:02Z	1695.00000	1559.56695	1542.88131	1529.61110
2025-09-11T08:25:02Z	1695.00000	1559.56321	1542.87404	1529.60770
2025-09-11T08:25:02Z	1695.00000	1559.56043	1542.86900	1529.60523
2025-09-11T08:25:02Z	1695.00000	1559.55778	1542.86419	1529.60302
2025-09-11T08:25:02Z	1695.00000	1559.55300	1542.85523	1529.59879
2025-09-11T08:25:02Z	1695.00000	1559.55104	1542.85164	1529.59711
2025-09-11T08:25:02Z	1695.00000	1559.54922	1542.84820	1529.59547
2025-09-11T08:25:02Z	1695.00000	1559.54778	1542.84557	1529.59422
2025-09-11T08:25:02Z	1695.00000	1559.54628	1542.84280	1529.59295
2025-09-11T08:25:03Z	1696.00000	1559.54486	1542.84026	1529.59165
2025-09-11T08:25:03Z	1696.00000	1559.54287	1542.83688	1529.59009
2025-09-11T08:25:03Z	1696.00000	1559.54150	1542.83400	1529.58863
2025-09-11T08:25:03Z	1696.00000	1559.53963	1542.83082	1529.58722
2025-09-11T08:25:03Z	1696.00000	1559.53819	1542.82814	1529.58604
2025-09-11T08:25:03Z	1696.00000	1559.53697	1542.82603	1529.58494
2025-09-11T08:25:03Z	1696.00000	1559.53560	1542.82354	1529.58372
2025-09-11T08:25:03Z	1696.00000	1559.53409	1542.82081	1529.58233
2025-09-11T08:25:03Z	1696.00000	1559.53166	1542.81659	1529.58037
2025-09-11T08:25:03Z	1697.00000	1559.53048	1542.81440	1529.57934
2025-09-11T08:25:04Z	1697.00000	1559.52926	1542.81236	1529.57829
2025-09-11T08:25:04Z	1697.00000	1559.52801	1542.81002	1529.57722
2025-09-11T08:25:04Z	1697.00000	1559.52672	1542.80795	1529.57624
2025-09-11T08:25:04Z	1697.00000	1559.52500	1542.80502	1529.57476
2025-09-11T08:25:04Z	1697.00000	1559.52394	1542.80306	1529.57381
2025-09-11T08:25:04Z	1697.00000	1559.52308	1542.80160	1529.57298
2025-09-11T08:25:04Z	1697.00000	1559.52208	1542.79969	1529.57217
2025-09-11T08:25:04Z	1697.00000	1559.52089	1542.79783	1529.57113
2025-09-11T08:25:04Z	1697.00000	1559.51959	1542.79558	1529.57010
2025-09-11T08:25:05Z	1698.00000	1559.51865	1542.79400	1529.56925
2025-09-11T08:25:05Z	1698.00000	1559.51772	1542.79239	1529.56850
2025-09-11T08:25:05Z	1698.00000	1559.51693	1542.79094	1529.56770
2025-09-11T08:25:05Z	1698.00000	1559.51552	1542.78843	1529.56651
2025-09-11T08:25:05Z	1698.00000	1559.52396	1542.80667	1529.57597
2025-09-11T08:25:05Z	1698.00000	1559.74557	1543.25538	1529.82274
2025-09-11T08:25:05Z	1698.00000	1559.98209	1543.74554	1530.07612
2025-09-11T08:25:05Z	1698.00000	1560.17150	1544.15428	1530.27265
2025-09-11T08:25:05Z	1698.00000	1560.35448	1544.55615	1530.46437
2025-09-11T08:25:05Z	1699.00000	1560.56436	1545.03218	1530.69203
2025-09-11T08:25:06Z	1699.00000	1560.73605	1545.43334	1530.88106
2025-09-11T08:25:06Z	1699.00000	1560.97036	1545.96187	1531.12813
2025-09-11T08:25:06Z	1699.00000	1561.18340	1546.41078	1531.34664
2025-09-11T08:25:06Z	1699.00000	1561.36577	1546.79496	1531.52947
2025-09-11T08:25:06Z	1699.00000	1561.57481	1547.23083	1531.74024
2025-09-11T08:25:06Z	1699.00000	1561.76583	1547.64932	1531.94341
2025-09-11T08:25:06Z	1699.00000	1561.91096	1547.97923	1532.10251
2025-09-11T08:25:06Z	1699.00000	1562.06818	1548.34785	1532.28366
2025-09-11T08:25:06Z	1699.00000	1562.21507	1548.70713	1532.45849
2025-09-11T08:25:07Z	1700.00000	1562.37710	1549.09226	1532.64805
2025-09-11T08:25:07Z	1700.00000	1562.63656	1549.67155	1532.92360
2025-09-11T08:25:07Z	1700.00000	1562.79203	1550.00139	1533.09052
2025-09-11T08:25:07Z	1700.00000	1563.01854	1550.45716	1533.32342
2025-09-11T08:25:07Z	1700.00000	1563.20642	1550.84752	1533.51989
2025-09-11T08:25:07Z	1700.00000	1563.34131	1551.13404	1533.66413
2025-09-11T08:25:07Z	1700.00000	1563.52462	1551.47354	1533.84432
2025-09-11T08:25:07Z	1700.00000	1563.52795	1551.48760	1533.84484
2025-09-11T08:25:07Z	1701.00000	1563.52957	1551.48855	1533.84546
2025-09-11T08:25:08Z	1701.00000	1563.52982	1551.48873	1533.84574
2025-09-11T08:25:08Z	1701.00000	1563.53055	1551.48924	1533.84606
2025-09-11T08:25:08Z	1701.00000	1563.53103	1551.48956	1533.84633
2025-09-11T08:25:08Z	1701.00000	1563.53210	1551.48948	1533.84723
2025-09-11T08:25:08Z	1701.00000	1563.53290	1551.48902	1533.84745
2025-09-11T08:25:08Z	1701.00000	1563.53347	1551.48910	1533.84786
2025-09-11T08:25:08Z	1701.00000	1563.53384	1551.48860	1533.84844
2025-09-11T08:25:08Z	1702.00000	1563.53408	1551.48857	1533.84877
2025-09-11T08:25:09Z	1702.00000	1563.53462	1551.48818	1533.84890
2025-09-11T08:25:09Z	1702.00000	1563.53490	1551.48804	1533.84911
2025-09-11T08:25:09Z	1702.00000	1562.16781	1548.41512	1532.30539
2025-09-11T08:25:09Z	1702.00000	1561.72008	1547.51175	1531.85670
2025-09-11T08:25:09Z	1702.00000	1561.48097	1547.01399	1531.61582
2025-09-11T08:25:09Z	1702.00000	1561.29824	1546.64956	1531.43505
2025-09-11T08:25:09Z	1702.00000	1561.13513	1546.29421	1531.26408
2025-09-11T08:25:09Z	1702.00000	1560.93651	1545.85892	1531.05504
2025-09-11T08:25:09Z	1702.00000	1560.76207	1545.46355	1530.86965
2025-09-11T08:25:10Z	1703.00000	1560.52430	1544.92630	1530.61396
2025-09-11T08:25:10Z	1703.00000	1560.34124	1544.52339	1530.41972
2025-09-11T08:25:10Z	1703.00000	1560.15765	1544.13011	1530.23131
2025-09-11T08:25:10Z	1703.00000	1559.99952	1543.79255	1530.06977
2025-09-11T08:25:10Z	1703.00000	1559.87065	1543.51347	1529.92656
2025-09-11T08:25:10Z	1703.00000	1559.76229	1543.28488	1529.80775
2025-09-11T08:25:10Z	1703.00000	1559.63453	1543.01422	1529.67003
2025-09-11T08:25:10Z	1703.00000	1559.62545	1542.99463	1529.66181
2025-09-11T08:25:11Z	1704.00000	1559.61693	1542.97646	1529.65389
2025-09-11T08:25:11Z	1704.00000	1559.61031	1542.96296	1529.64788
2025-09-11T08:25:11Z	1704.00000	1559.60217	1542.94673	1529.64029
2025-09-11T08:25:11Z	1704.00000	1559.59722	1542.93717	1529.63603
2025-09-11T08:25:11Z	1704.00000	1559.59027	1542.92379	1529.62987
2025-09-11T08:25:11Z	1704.00000	1559.58576	1542.91537	1529.62574
2025-09-11T08:25:11Z	1704.00000	1559.58302	1542.90990	1529.62322
2025-09-11T08:25:11Z	1704.00000	1559.57904	1542.90258	1529.61980
2025-09-11T08:25:12Z	1705.00000	1559.57264	1542.89051	1529.61416
2025-09-11T08:25:12Z	1705.00000	1559.56993	1542.88530	1529.61170
2025-09-11T08:25:12Z	1705.00000	1559.56702	1542.87972	1529.60896
2025-09-11T08:25:12Z	1705.00000	1559.56170	1542.87015	1529.60438
2025-09-11T08:25:12Z	1705.00000	1559.55956	1542.86621	1529.60263
2025-09-11T08:25:12Z	1705.00000	1559.55749	1542.86230	1529.60090
2025-09-11T08:25:12Z	1705.00000	1559.55540	1542.85875	1529.59902
2025-09-11T08:25:12Z	1705.00000	1559.55287	1542.85395	1529.59685
2025-09-11T08:25:12Z	1706.00000	1559.54972	1542.84787	1529.59405
2025-09-11T08:25:13Z	1706.00000	1559.54791	1542.84477	1529.59251
2025-09-11T08:25:13Z	1706.00000	1559.54576	1542.84086	1529.59067
2025-09-11T08:25:13Z	1706.00000	1559.54403	1542.83754	1529.58906
2025-09-11T08:25:13Z	1706.00000	1559.54224	1542.83428	1529.58758
2025-09-11T08:25:13Z	1706.00000	1559.54070	1542.83173	1529.58637
2025-09-11T08:25:13Z	1706.00000	1559.53928	1542.82914	1529.58513
2025-09-11T08:25:13Z	1706.00000	1559.53769	1542.82623	1529.58376
2025-09-11T08:25:13Z	1706.00000	1559.53534	1542.82204	1529.58175
2025-09-11T08:25:14Z	1707.00000	1559.53405	1542.81989	1529.58067
2025-09-11T08:25:14Z	1707.00000	1559.53220	1542.81675	1529.57914
2025-09-11T08:25:14Z	1707.00000	1559.53012	1542.81330	1529.57752
2025-09-11T08:25:14Z	1707.00000	1559.52910	1542.81126	1529.57651
2025-09-11T08:25:14Z	1707.00000	1559.52802	1542.80937	1529.57554
2025-09-11T08:25:14Z	1707.00000	1559.52692	1542.80742	1529.57458
2025-09-11T08:25:14Z	1707.00000	1559.52565	1542.80509	1529.57348
2025-09-11T08:25:14Z	1707.00000	1559.52459	1542.80328	1529.57254
2025-09-11T08:25:14Z	1707.00000	1559.52316	1542.80093	1529.57149
2025-09-11T08:25:15Z	1708.00000	1559.52203	1542.79898	1529.57052
2025-09-11T08:25:15Z	1708.00000	1559.52044	1542.79639	1529.56929
2025-09-11T08:25:15Z	1708.00000	1559.51962	1542.79490	1529.56849
2025-09-11T08:25:15Z	1708.00000	1559.51868	1542.79331	1529.56770
2025-09-11T08:25:15Z	1708.00000	1559.51677	1542.79000	1529.56606
2025-09-11T08:25:15Z	1708.00000	1559.51573	1542.78857	1529.56531
2025-09-11T08:25:15Z	1708.00000	1559.51493	1542.78686	1529.56448
2025-09-11T08:25:15Z	1708.00000	1559.51390	1542.78512	1529.56366
2025-09-11T08:25:16Z	1709.00000	1559.51282	1542.78338	1529.56281
2025-09-11T08:25:16Z	1709.00000	1559.51204	1542.78211	1529.56205
2025-09-11T08:25:16Z	1709.00000	1559.51130	1542.78095	1529.56155
2025-09-11T08:25:16Z	1709.00000	1559.51049	1542.77956	1529.56080
2025-09-11T08:25:16Z	1709.00000	1559.50976	1542.77829	1529.56021
2025-09-11T08:25:16Z	1709.00000	1559.50888	1542.77708	1529.55959
2025-09-11T08:25:16Z	1709.00000	1559.50831	1542.77608	1529.55892
2025-09-11T08:25:16Z	1709.00000	1559.50769	1542.77491	1529.55843
2025-09-11T08:25:16Z	1709.00000	1559.50685	1542.77353	1529.55781
2025-09-11T08:25:16Z	1709.00000	1559.50632	1542.77272	1529.55729
2025-09-11T08:25:17Z	1710.00000	1559.50540	1542.77143	1529.55672
2025-09-11T08:25:17Z	1710.00000	1559.50484	1542.77015	1529.55601
2025-09-11T08:25:17Z	1710.00000	1559.50422	1542.76924	1529.55568
2025-09-11T08:25:17Z	1710.00000	1559.50351	1542.76825	1529.55507
2025-09-11T08:25:17Z	1710.00000	1559.50297	1542.76718	1529.55457
2025-09-11T08:25:17Z	1710.00000	1559.50215	1542.76591	1529.55387
2025-09-11T08:25:17Z	1710.00000	1559.50169	1542.76495	1529.55348
2025-09-11T08:25:17Z	1710.00000	1559.50100	1542.76388	1529.55281
2025-09-11T08:25:17Z	1710.00000	1559.50028	1542.76290	1529.55231
2025-09-11T08:25:17Z	1710.00000	1559.49962	1542.76184	1529.55179
2025-09-11T08:25:18Z	1711.00000	1559.49911	1542.76090	1529.55130
2025-09-11T08:25:18Z	1711.00000	1559.49871	1542.76010	1529.55091
2025-09-11T08:25:18Z	1711.00000	1559.49805	1542.75930	1529.55052
2025-09-11T08:25:18Z	1711.00000	1559.49758	1542.75833	1529.55004
2025-09-11T08:25:18Z	1711.00000	1559.49701	1542.75734	1529.54954
2025-09-11T08:25:18Z	1711.00000	1559.49630	1542.75639	1529.54904
2025-09-11T08:25:18Z	1711.00000	1559.49587	1542.75547	1529.54850
2025-09-11T08:25:18Z	1711.00000	1559.49524	1542.75459	1529.54808
2025-09-11T08:25:18Z	1711.00000	1559.49478	1542.75390	1529.54767
2025-09-11T08:25:19Z	1712.00000	1559.49397	1542.75243	1529.54702
2025-09-11T08:25:19Z	1712.00000	1559.49350	1542.75175	1529.54665
2025-09-11T08:25:19Z	1712.00000	1559.49289	1542.75100	1529.54627
2025-09-11T08:25:19Z	1712.00000	1559.49250	1542.75019	1529.54572
2025-09-11T08:25:19Z	1712.00000	1559.49195	1542.74930	1529.54521
2025-09-11T08:25:19Z	1712.00000	1559.49156	1542.74848	1529.54501
2025-09-11T08:25:19Z	1712.00000	1559.49111	1542.74782	1529.54467
2025-09-11T08:25:19Z	1712.00000	1559.49054	1542.74687	1529.54406
2025-09-11T08:25:19Z	1712.00000	1559.49004	1542.74592	1529.54366
2025-09-11T08:25:19Z	1712.00000	1559.48936	1542.74501	1529.54310
2025-09-11T08:25:20Z	1713.00000	1559.48884	1542.74429	1529.54270
2025-09-11T08:25:20Z	1713.00000	1559.48837	1542.74334	1529.54224
2025-09-11T08:25:20Z	1713.00000	1559.48802	1542.74265	1529.54195
2025-09-11T08:25:20Z	1713.00000	1559.48753	1542.74177	1529.54146
2025-09-11T08:25:20Z	1713.00000	1559.48690	1542.74096	1529.54107
2025-09-11T08:25:20Z	1713.00000	1559.48649	1542.74038	1529.54075
2025-09-11T08:25:20Z	1713.00000	1559.48632	1542.73958	1529.54032
2025-09-11T08:25:20Z	1713.00000	1559.48576	1542.73891	1529.53998
2025-09-11T08:25:20Z	1713.00000	1559.48546	1542.73833	1529.53975
2025-09-11T08:25:20Z	1713.00000	1559.48516	1542.73787	1529.53948
2025-09-11T08:25:21Z	1714.00000	1559.48464	1542.73716	1529.53908
2025-09-11T08:25:21Z	1714.00000	1559.48429	1542.73653	1529.53870
2025-09-11T08:25:21Z	1714.00000	1559.48395	1542.73596	1529.53842
2025-09-11T08:25:21Z	1714.00000	1559.48346	1542.73526	1529.53806
2025-09-11T08:25:21Z	1714.00000	1559.48310	1542.73456	1529.53769
2025-09-11T08:25:21Z	1714.00000	1559.48269	1542.73383	1529.53733
2025-09-11T08:25:21Z	1714.00000	1559.48235	1542.73328	1529.53705
2025-09-11T08:25:21Z	1714.00000	1559.48183	1542.73244	1529.53662
2025-09-11T08:25:21Z	1714.00000	1559.48144	1542.73202	1529.53634
2025-09-11T08:25:21Z	1714.00000	1559.48125	1542.73156	1529.53617
2025-09-11T08:25:22Z	1715.00000	1559.48053	1542.73037	1529.53556
2025-09-11T08:25:22Z	1715.00000	1559.48019	1542.72983	1529.53528
2025-09-11T08:25:22Z	1715.00000	1559.47979	1542.72915	1529.53494
2025-09-11T08:25:22Z	1715.00000	1559.47944	1542.72854	1529.53461
2025-09-11T08:25:22Z	1715.00000	1559.47905	1542.72780	1529.53426
2025-09-11T08:25:22Z	1715.00000	1559.47863	1542.72738	1529.53392
2025-09-11T08:25:22Z	1715.00000	1559.47824	1542.72668	1529.53362
2025-09-11T08:25:22Z	1715.00000	1559.47789	1542.72609	1529.53338
2025-09-11T08:25:22Z	1716.00000	1559.47755	1542.72542	1529.53301
2025-09-11T08:25:23Z	1716.00000	1559.47723	1542.72482	1529.53266
2025-09-11T08:25:23Z	1716.00000	1559.47688	1542.72445	1529.53247
2025-09-11T08:25:23Z	1716.00000	1559.47671	1542.72392	1529.53227
2025-09-11T08:25:23Z	1716.00000	1559.47627	1542.72347	1529.53205
2025-09-11T08:25:23Z	1716.00000	1559.47599	1542.72294	1529.53171
2025-09-11T08:25:23Z	1716.00000	1559.47545	1542.72199	1529.53120
2025-09-11T08:25:23Z	1716.00000	1559.47517	1542.72161	1529.53109
2025-09-11T08:25:23Z	1716.00000	1559.47470	1542.72106	1529.53065
2025-09-11T08:25:23Z	1716.00000	1559.47428	1542.72048	1529.53038
2025-09-11T08:25:24Z	1717.00000	1559.47420	1542.71987	1529.53008
2025-09-11T08:25:24Z	1717.00000	1559.47382	1542.71947	1529.52982
2025-09-11T08:25:24Z	1717.00000	1559.47346	1542.71895	1529.52960
2025-09-11T08:25:24Z	1717.00000	1559.47324	1542.71850	1529.52932
2025-09-11T08:25:24Z	1717.00000	1559.47295	1542.71780	1529.52898
2025-09-11T08:25:24Z	1717.00000	1559.47256	1542.71735	1529.52868
2025-09-11T08:25:24Z	1717.00000	1559.47217	1542.71683	1529.52851
2025-09-11T08:25:24Z	1717.00000	1559.47209	1542.71628	1529.52822
2025-09-11T08:25:24Z	1717.00000	1559.47156	1542.71589	1529.52800
2025-09-11T08:25:24Z	1717.00000	1559.47161	1542.71552	1529.52772
2025-09-11T08:25:25Z	1718.00000	1559.47107	1542.71499	1529.52750
2025-09-11T08:25:25Z	1718.00000	1559.47089	1542.71443	1529.52720
2025-09-11T08:25:25Z	1718.00000	1559.47061	1542.71391	1529.52702
2025-09-11T08:25:25Z	1718.00000	1559.47030	1542.71350	1529.52680
2025-09-11T08:25:25Z	1718.00000	1559.46993	1542.71303	1529.52651
2025-09-11T08:25:25Z	1718.00000	1559.46967	1542.71244	1529.52620
2025-09-11T08:25:25Z	1718.00000	1559.46950	1542.71194	1529.52600
2025-09-11T08:25:25Z	1718.00000	1559.46914	1542.71173	1529.52579
2025-09-11T08:25:25Z	1718.00000	1559.46893	1542.71133	1529.52557
2025-09-11T08:25:25Z	1718.00000	1559.46868	1542.71082	1529.52541
2025-09-11T08:25:26Z	1719.00000	1559.46839	1542.71025	1529.52503
2025-09-11T08:25:26Z	1719.00000	1559.46796	1542.70961	1529.52471
2025-09-11T08:25:26Z	1719.00000	1559.46774	1542.70935	1529.52451
2025-09-11T08:25:26Z	1719.00000	1559.46742	1542.70897	1529.52435
2025-09-11T08:25:26Z	1719.00000	1559.46738	1542.70856	1529.52415
2025-09-11T08:25:26Z	1719.00000	1559.46694	1542.70813	1529.52397
2025-09-11T08:25:26Z	1719.00000	1559.46666	1542.70754	1529.52362
2025-09-11T08:25:26Z	1719.00000	1559.46652	1542.70717	1529.52359
2025-09-11T08:25:26Z	1719.00000	1559.46627	1542.70665	1529.52311
2025-09-11T08:25:27Z	1720.00000	1559.46591	1542.70633	1529.52295
2025-09-11T08:25:27Z	1720.00000	1559.46566	1542.70572	1529.52256
2025-09-11T08:25:27Z	1720.00000	1559.46530	1542.70527	1529.52252
2025-09-11T08:25:27Z	1720.00000	1559.46506	1542.70491	1529.52224
2025-09-11T08:25:27Z	1720.00000	1559.46478	1542.70435	1529.52195
2025-09-11T08:25:27Z	1720.00000	1559.46459	1542.70405	1529.52175
2025-09-11T08:25:27Z	1720.00000	1559.46430	1542.70351	1529.52157
2025-09-11T08:25:27Z	1720.00000	1559.46398	1542.70304	1529.52134
2025-09-11T08:25:27Z	1720.00000	1559.46387	1542.70273	1529.52123
2025-09-11T08:25:27Z	1720.00000	1559.46359	1542.70234	1529.52088
2025-09-11T08:25:28Z	1721.00000	1559.46336	1542.70195	1529.52076
2025-09-11T08:25:28Z	1721.00000	1559.46286	1542.70141	1529.52042
2025-09-11T08:25:28Z	1721.00000	1559.46276	1542.70103	1529.52021
2025-09-11T08:25:28Z	1721.00000	1559.46239	1542.70055	1529.51998
2025-09-11T08:25:28Z	1721.00000	1559.46228	1542.70018	1529.51978
2025-09-11T08:25:28Z	1721.00000	1559.46192	1542.69962	1529.51957
2025-09-11T08:25:28Z	1721.00000	1559.46173	1542.69942	1529.51944
2025-09-11T08:25:28Z	1721.00000	1559.46141	1542.69905	1529.51910
2025-09-11T08:25:28Z	1721.00000	1559.46141	1542.69864	1529.51907
2025-09-11T08:25:29Z	1722.00000	1559.46111	1542.69824	1529.51879
2025-09-11T08:25:29Z	1722.00000	1559.46078	1542.69792	1529.51865
2025-09-11T08:25:29Z	1722.00000	1559.46065	1542.69750	1529.51839
2025-09-11T08:25:29Z	1722.00000	1559.46012	1542.69696	1529.51798
2025-09-11T08:25:29Z	1722.00000	1559.46013	1542.69664	1529.51799
2025-09-11T08:25:29Z	1722.00000	1559.45977	1542.69635	1529.51771
2025-09-11T08:25:29Z	1722.00000	1559.45956	1542.69596	1529.51753
2025-09-11T08:25:29Z	1722.00000	1559.45941	1542.69562	1529.51743
2025-09-11T08:25:29Z	1722.00000	1559.45921	1542.69526	1529.51717
2025-09-11T08:25:29Z	1723.00000	1559.45919	1542.69504	1529.51705
2025-09-11T08:25:30Z	1723.00000	1559.45894	1542.69457	1529.51688
2025-09-11T08:25:30Z	1723.00000	1559.45856	1542.69417	1529.51671
2025-09-11T08:25:30Z	1723.00000	1559.45837	1542.69384	1529.51650
2025-09-11T08:25:30Z	1723.00000	1559.45815	1542.69326	1529.51623
2025-09-11T08:25:30Z	1723.00000	1559.45766	1542.69276	1529.51602
2025-09-11T08:25:30Z	1723.00000	1559.45760	1542.69243	1529.51577
2025-09-11T08:25:30Z	1723.00000	1559.45737	1542.69227	1529.51566
2025-09-11T08:25:30Z	1723.00000	1559.45717	1542.69176	1529.51552
2025-09-11T08:25:31Z	1724.00000	1559.45700	1542.69147	1529.51533
2025-09-11T08:25:31Z	1724.00000	1559.45681	1542.69111	1529.51499
2025-09-11T08:25:31Z	1724.00000	1559.45652	1542.69073	1529.51489
2025-09-11T08:25:31Z	1724.00000	1559.45630	1542.69049	1529.51473
2025-09-11T08:25:31Z	1724.00000	1559.45613	1542.69003	1529.51446
2025-09-11T08:25:31Z	1724.00000	1559.45593	1542.68961	1529.51438
2025-09-11T08:25:31Z	1724.00000	1559.45566	1542.68933	1529.51414
2025-09-11T08:25:31Z	1724.00000	1559.45547	1542.68907	1529.51406
2025-09-11T08:25:31Z	1724.00000	1559.45530	1542.68879	1529.51376
2025-09-11T08:25:31Z	1724.00000	1559.45515	1542.68844	1529.51354
2025-09-11T08:25:32Z	1725.00000	1559.45497	1542.68818	1529.51352
2025-09-11T08:25:32Z	1725.00000	1559.45462	1542.68761	1529.51321
2025-09-11T08:25:32Z	1725.00000	1559.45436	1542.68721	1529.51304
2025-09-11T08:25:32Z	1725.00000	1559.45402	1542.68668	1529.51277
2025-09-11T08:25:32Z	1725.00000	1559.45393	1542.68648	1529.51250
2025-09-11T08:25:32Z	1725.00000	1559.45371	1542.68595	1529.51235
2025-09-11T08:25:32Z	1725.00000	1559.45367	1542.68576	1529.51228
2025-09-11T08:25:32Z	1725.00000	1559.45344	1542.68555	1529.51214
2025-09-11T08:25:33Z	1726.00000	1559.45329	1542.68529	1529.51196
2025-09-11T08:25:33Z	1726.00000	1559.45305	1542.68493	1529.51187
2025-09-11T08:25:33Z	1726.00000	1559.45294	1542.68469	1529.51174
2025-09-11T08:25:33Z	1726.00000	1559.45274	1542.68456	1529.51161
2025-09-11T08:25:33Z	1726.00000	1559.45260	1542.68414	1529.51134
2025-09-11T08:25:33Z	1726.00000	1559.45252	1542.68391	1529.51127
2025-09-11T08:25:33Z	1726.00000	1559.45228	1542.68370	1529.51117
2025-09-11T08:25:33Z	1726.00000	1559.45214	1542.68333	1529.51103
2025-09-11T08:25:33Z	1726.00000	1559.45200	1542.68306	1529.51075
2025-09-11T08:25:33Z	1726.00000	1559.45175	1542.68274	1529.51067
2025-09-11T08:25:33Z	1727.00000	1559.45173	1542.68246	1529.51056
2025-09-11T08:25:34Z	1727.00000	1559.45149	1542.68219	1529.51040
2025-09-11T08:25:34Z	1727.00000	1559.45129	1542.68192	1529.51028
2025-09-11T08:25:34Z	1727.00000	1559.45121	1542.68162	1529.51007
2025-09-11T08:25:34Z	1727.00000	1559.45098	1542.68136	1529.50991
2025-09-11T08:25:34Z	1727.00000	1559.45077	1542.68106	1529.50973
2025-09-11T08:25:34Z	1727.00000	1559.45056	1542.68079	1529.50959
2025-09-11T08:25:34Z	1727.00000	1559.45028	1542.68039	1529.50939
2025-09-11T08:25:34Z	1727.00000	1559.45021	1542.68011	1529.50917
2025-09-11T08:25:34Z	1727.00000	1559.45006	1542.67984	1529.50900
2025-09-11T08:25:35Z	1728.00000	1559.45006	1542.67952	1529.50884
2025-09-11T08:25:35Z	1728.00000	1559.44969	1542.67928	1529.50874
2025-09-11T08:25:35Z	1728.00000	1559.44977	1542.67919	1529.50864
2025-09-11T08:25:35Z	1728.00000	1559.44951	1542.67886	1529.50847
2025-09-11T08:25:35Z	1728.00000	1559.44935	1542.67845	1529.50835
2025-09-11T08:25:35Z	1728.00000	1559.44919	1542.67831	1529.50821
2025-09-11T08:25:35Z	1728.00000	1559.44908	1542.67796	1529.50808
2025-09-11T08:25:35Z	1728.00000	1559.44889	1542.67773	1529.50802
2025-09-11T08:25:35Z	1728.00000	1559.44857	1542.67747	1529.50773
2025-09-11T08:25:35Z	1728.00000	1559.44865	1542.67714	1529.50766
2025-09-11T08:25:36Z	1729.00000	1559.44844	1542.67698	1529.50759
2025-09-11T08:25:36Z	1729.00000	1559.44830	1542.67664	1529.50746
2025-09-11T08:25:36Z	1729.00000	1559.44813	1542.67632	1529.50717
2025-09-11T08:25:36Z	1729.00000	1559.44798	1542.67605	1529.50707
2025-09-11T08:25:36Z	1729.00000	1559.44782	1542.67589	1529.50698
2025-09-11T08:25:36Z	1729.00000	1559.44763	1542.67554	1529.50685
2025-09-11T08:25:36Z	1729.00000	1559.44751	1542.67546	1529.50673
2025-09-11T08:25:36Z	1729.00000	1559.44748	1542.67496	1529.50650
2025-09-11T08:25:36Z	1729.00000	1559.44721	1542.67471	1529.50640
2025-09-11T08:25:36Z	1729.00000	1559.44697	1542.67447	1529.50628
2025-09-11T08:25:37Z	1730.00000	1559.44694	1542.67419	1529.50601
2025-09-11T08:25:37Z	1730.00000	1559.44688	1542.67401	1529.50598
2025-09-11T08:25:37Z	1730.00000	1559.44658	1542.67387	1529.50592
2025-09-11T08:25:37Z	1730.00000	1559.44659	1542.67367	1529.50574
2025-09-11T08:25:37Z	1730.00000	1559.44643	1542.67342	1529.50576
2025-09-11T08:25:37Z	1730.00000	1559.44617	1542.67301	1529.50560
2025-09-11T08:25:37Z	1730.00000	1559.44597	1542.67282	1529.50537
2025-09-11T08:25:37Z	1730.00000	1559.44597	1542.67271	1529.50523
2025-09-11T08:25:37Z	1730.00000	1559.44606	1542.67246	1529.50509
2025-09-11T08:25:37Z	1730.00000	1559.44589	1542.67213	1529.50505
2025-09-11T08:25:38Z	1731.00000	1559.44589	1542.67206	1529.50488
2025-09-11T08:25:38Z	1731.00000	1559.44545	1542.67165	1529.50472
2025-09-11T08:25:38Z	1731.00000	1559.44526	1542.67138	1529.50450
2025-09-11T08:25:38Z	1731.00000	1559.44510	1542.67114	1529.50447
2025-09-11T08:25:38Z	1731.00000	1559.44477	1542.67096	1529.50434
2025-09-11T08:25:38Z	1731.00000	1559.44472	1542.67064	1529.50416
2025-09-11T08:25:38Z	1731.00000	1559.44538	1542.67084	1529.50432
2025-09-11T08:25:38Z	1731.00000	1559.44473	1542.67011	1529.50399
2025-09-11T08:25:38Z	1731.00000	1559.44502	1542.67038	1529.50402
2025-09-11T08:25:38Z	1731.00000	1559.44441	1542.66987	1529.50371
2025-09-11T08:25:39Z	1732.00000	1559.44401	1542.66932	1529.50356
2025-09-11T08:25:39Z	1732.00000	1559.44395	1542.66928	1529.50352
2025-09-11T08:25:39Z	1732.00000	1559.44375	1542.66898	1529.50326
2025-09-11T08:25:39Z	1732.00000	1559.44374	1542.66875	1529.50331
2025-09-11T08:25:39Z	1732.00000	1559.44377	1542.66862	1529.50313
2025-09-11T08:25:39Z	1732.00000	1559.44345	1542.66847	1529.50298
2025-09-11T08:25:39Z	1732.00000	1559.44329	1542.66812	1529.50275
2025-09-11T08:25:39Z	1732.00000	1559.44326	1542.66786	1529.50273
2025-09-11T08:25:39Z	1732.00000	1559.44294	1542.66758	1529.50256
2025-09-11T08:25:39Z	1732.00000	1559.44315	1542.66741	1529.50251
2025-09-11T08:25:40Z	1733.00000	1559.44283	1542.66728	1529.50240
2025-09-11T08:25:40Z	1733.00000	1559.44269	1542.66695	1529.50224
2025-09-11T08:25:40Z	1733.00000	1559.44252	1542.66664	1529.50204
2025-09-11T08:25:40Z	1733.00000	1559.44237	1542.66643	1529.50198
2025-09-11T08:25:40Z	1733.00000	1559.44234	1542.66627	1529.50180
2025-09-11T08:25:40Z	1733.00000	1559.44208	1542.66601	1529.50171
2025-09-11T08:25:40Z	1733.00000	1559.44199	1542.66586	1529.50161
2025-09-11T08:25:40Z	1733.00000	1559.44175	1542.66557	1529.50143
2025-09-11T08:25:40Z	1733.00000	1559.44158	1542.66529	1529.50127
2025-09-11T08:25:41Z	1734.00000	1559.44148	1542.66509	1529.50112
2025-09-11T08:25:41Z	1734.00000	1559.44149	1542.66475	1529.50108
2025-09-11T08:25:41Z	1734.00000	1559.44126	1542.66446	1529.50094
2025-09-11T08:25:41Z	1734.00000	1559.44115	1542.66433	1529.50081
2025-09-11T08:25:41Z	1734.00000	1559.54275	1542.86803	1529.60942
2025-09-11T08:25:41Z	1734.00000	1559.70529	1543.18961	1529.78711
2025-09-11T08:25:41Z	1734.00000	1559.86588	1543.51416	1529.95642
2025-09-11T08:25:41Z	1734.00000	1560.05247	1543.91433	1530.15033
2025-09-11T08:25:41Z	1734.00000	1560.22938	1544.30255	1530.33585
2025-09-11T08:25:41Z	1734.00000	1560.45783	1544.82019	1530.58034
2025-09-11T08:25:42Z	1735.00000	1560.70923	1545.39322	1530.85299
2025-09-11T08:25:42Z	1735.00000	1560.90460	1545.82873	1531.05599
2025-09-11T08:25:42Z	1735.00000	1561.04760	1546.13708	1531.20069
2025-09-11T08:25:42Z	1735.00000	1561.22614	1546.50060	1531.37784
2025-09-11T08:25:42Z	1735.00000	1561.42081	1546.90373	1531.57107
2025-09-11T08:25:42Z	1735.00000	1561.57719	1547.23823	1531.73061
2025-09-11T08:25:42Z	1735.00000	1561.72290	1547.55420	1531.88291
2025-09-11T08:25:42Z	1735.00000	1561.88421	1547.92072	1532.05966
2025-09-11T08:25:42Z	1735.00000	1562.01254	1548.22797	1532.21051
2025-09-11T08:25:42Z	1735.00000	1562.17403	1548.61365	1532.39787
2025-09-11T08:25:43Z	1736.00000	1562.36163	1549.04203	1532.60577
2025-09-11T08:25:43Z	1736.00000	1562.53224	1549.39804	1532.76873
2025-09-11T08:25:43Z	1736.00000	1562.68589	1549.72794	1532.92813
2025-09-11T08:25:43Z	1736.00000	1562.81497	1550.01458	1533.07079
2025-09-11T08:25:43Z	1736.00000	1562.92897	1550.25913	1533.19567
2025-09-11T08:25:43Z	1736.00000	1563.03554	1550.49067	1533.31635
2025-09-11T08:25:43Z	1736.00000	1563.11988	1550.67999	1533.41490
2025-09-11T08:25:43Z	1736.00000	1563.19628	1550.83544	1533.49248
2025-09-11T08:25:43Z	1736.00000	1563.29157	1551.03195	1533.59074
2025-09-11T08:25:43Z	1737.00000	1563.36984	1551.19104	1533.66364
2025-09-11T08:25:44Z	1737.00000	1563.49018	1551.39048	1533.75718
2025-09-11T08:25:44Z	1737.00000	1563.53607	1551.44566	1533.79607
2025-09-11T08:25:44Z	1737.00000	1563.53746	1551.44865	1533.79714
2025-09-11T08:25:44Z	1737.00000	1563.53903	1551.45004	1533.79756
2025-09-11T08:25:44Z	1737.00000	1563.54012	1551.45060	1533.79818
2025-09-11T08:25:44Z	1737.00000	1563.54079	1551.45125	1533.79855
2025-09-11T08:25:44Z	1737.00000	1563.54012	1551.45341	1533.79749
2025-09-11T08:25:44Z	1737.00000	1563.54020	1551.45204	1533.79714
2025-09-11T08:25:44Z	1737.00000	1563.54067	1551.45221	1533.79725
2025-09-11T08:25:44Z	1738.00000	1563.54104	1551.45245	1533.79780
2025-09-11T08:25:45Z	1738.00000	1563.54136	1551.45250	1533.79788
2025-09-11T08:25:45Z	1738.00000	1563.54227	1551.44172	1533.79932
2025-09-11T08:25:45Z	1738.00000	1561.70865	1547.49147	1531.82804
2025-09-11T08:25:45Z	1738.00000	1561.45756	1546.97478	1531.57471
2025-09-11T08:25:45Z	1738.00000	1561.26224	1546.57950	1531.38280
2025-09-11T08:25:45Z	1738.00000	1561.12945	1546.29727	1531.24701
2025-09-11T08:25:45Z	1738.00000	1560.97960	1545.97287	1531.09010
2025-09-11T08:25:45Z	1738.00000	1560.81604	1545.60494	1530.91924
2025-09-11T08:25:45Z	1738.00000	1560.67920	1545.29673	1530.77671
2025-09-11T08:25:46Z	1739.00000	1560.49706	1544.88689	1530.57936
2025-09-11T08:25:46Z	1739.00000	1560.35976	1544.58271	1530.43575
2025-09-11T08:25:46Z	1739.00000	1560.20377	1544.24225	1530.27637
2025-09-11T08:25:46Z	1739.00000	1559.90929	1543.61063	1529.96777
2025-09-11T08:25:46Z	1739.00000	1559.80716	1543.39167	1529.85825
2025-09-11T08:25:46Z	1739.00000	1559.70564	1543.18066	1529.74801
2025-09-11T08:25:46Z	1739.00000	1559.60072	1542.96060	1529.63206
2025-09-11T08:25:46Z	1739.00000	1559.59023	1542.93861	1529.62318
2025-09-11T08:25:46Z	1739.00000	1559.58143	1542.91968	1529.61539
2025-09-11T08:25:47Z	1740.00000	1559.57502	1542.90653	1529.60976
2025-09-11T08:25:47Z	1740.00000	1559.56921	1542.89476	1529.60483
2025-09-11T08:25:47Z	1740.00000	1559.56324	1542.88318	1529.59995
2025-09-11T08:25:47Z	1740.00000	1559.55959	1542.87565	1529.59678
2025-09-11T08:25:47Z	1740.00000	1559.55529	1542.86743	1529.59325
2025-09-11T08:25:47Z	1740.00000	1559.55160	1542.86018	1529.59018
2025-09-11T08:25:47Z	1740.00000	1559.54758	1542.85223	1529.58670
2025-09-11T08:25:47Z	1740.00000	1559.54387	1542.84493	1529.58364
2025-09-11T08:25:47Z	1740.00000	1559.53990	1542.83758	1529.58041
2025-09-11T08:25:47Z	1740.00000	1559.53727	1542.83244	1529.57820
2025-09-11T08:25:48Z	1741.00000	1559.53463	1542.82771	1529.57614
2025-09-11T08:25:48Z	1741.00000	1559.53179	1542.82256	1529.57384
2025-09-11T08:25:48Z	1741.00000	1559.52921	1542.81773	1529.57184
2025-09-11T08:25:48Z	1741.00000	1559.52676	1542.81313	1529.56967
2025-09-11T08:25:48Z	1741.00000	1559.52426	1542.80891	1529.56773
2025-09-11T08:25:48Z	1741.00000	1559.52203	1542.80485	1529.56583
2025-09-11T08:25:48Z	1741.00000	1559.52005	1542.80111	1529.56430
2025-09-11T08:25:48Z	1741.00000	1559.51831	1542.79810	1529.56279
2025-09-11T08:25:48Z	1741.00000	1559.51671	1542.79524	1529.56144
2025-09-11T08:25:49Z	1742.00000	1559.51511	1542.79247	1529.56034
2025-09-11T08:25:49Z	1742.00000	1559.51307	1542.78893	1529.55849
2025-09-11T08:25:49Z	1742.00000	1559.51133	1542.78591	1529.55715
2025-09-11T08:25:49Z	1742.00000	1559.51027	1542.78404	1529.55631
2025-09-11T08:25:49Z	1742.00000	1559.50911	1542.78214	1529.55544
2025-09-11T08:25:49Z	1742.00000	1559.50761	1542.77940	1529.55409
2025-09-11T08:25:49Z	1742.00000	1559.50535	1542.77557	1529.55227
2025-09-11T08:25:49Z	1742.00000	1559.50405	1542.77360	1529.55129
2025-09-11T08:25:49Z	1743.00000	1559.50167	1542.76940	1529.54926
2025-09-11T08:25:50Z	1743.00000	1559.50075	1542.76749	1529.54836
2025-09-11T08:25:50Z	1743.00000	1559.49952	1542.76580	1529.54757
2025-09-11T08:25:50Z	1743.00000	1559.49847	1542.76404	1529.54678
2025-09-11T08:25:50Z	1743.00000	1559.49713	1542.76179	1529.54570
2025-09-11T08:25:50Z	1743.00000	1559.49607	1542.76000	1529.54476
2025-09-11T08:25:50Z	1743.00000	1559.49507	1542.75845	1529.54402
2025-09-11T08:25:50Z	1743.00000	1559.49420	1542.75652	1529.54305
2025-09-11T08:25:50Z	1743.00000	1559.49323	1542.75516	1529.54237
2025-09-11T08:25:50Z	1743.00000	1559.49226	1542.75358	1529.54157
2025-09-11T08:25:51Z	1744.00000	1559.49152	1542.75228	1529.54096
2025-09-11T08:25:51Z	1744.00000	1559.49065	1542.75076	1529.54029
2025-09-11T08:25:51Z	1744.00000	1559.48987	1542.74934	1529.53948
2025-09-11T08:25:51Z	1744.00000	1559.48889	1542.74788	1529.53885
2025-09-11T08:25:51Z	1744.00000	1559.59819	1542.96823	1529.65819
2025-09-11T08:25:51Z	1744.00000	1559.79920	1543.36683	1529.87772
2025-09-11T08:25:51Z	1744.00000	1560.01994	1543.83013	1530.10808
2025-09-11T08:25:51Z	1744.00000	1560.20158	1544.22462	1530.29587
2025-09-11T08:25:51Z	1744.00000	1560.40303	1544.67978	1530.50779
2025-09-11T08:25:51Z	1744.00000	1560.60003	1545.12704	1530.72052
2025-09-11T08:25:52Z	1745.00000	1560.73498	1545.44246	1530.86746
2025-09-11T08:25:52Z	1745.00000	1560.89778	1545.80923	1531.03817
2025-09-11T08:25:52Z	1745.00000	1561.09928	1546.24124	1531.24123
2025-09-11T08:25:52Z	1745.00000	1561.27297	1546.60232	1531.41376
2025-09-11T08:25:52Z	1745.00000	1561.43912	1546.94367	1531.57873
2025-09-11T08:25:52Z	1745.00000	1561.61955	1547.33038	1531.76299
2025-09-11T08:25:52Z	1745.00000	1561.73286	1547.58215	1531.88476
2025-09-11T08:25:52Z	1745.00000	1561.87023	1547.88408	1532.02952
2025-09-11T08:25:52Z	1745.00000	1562.06070	1548.33605	1532.25084
2025-09-11T08:25:52Z	1745.00000	1562.18322	1548.63633	1532.39702
2025-09-11T08:25:53Z	1746.00000	1562.30666	1548.93036	1532.54382
2025-09-11T08:25:53Z	1746.00000	1562.39534	1549.14239	1532.64827
2025-09-11T08:25:53Z	1746.00000	1562.52755	1549.45068	1532.79330
2025-09-11T08:25:53Z	1746.00000	1562.73636	1549.90130	1533.01721
2025-09-11T08:25:53Z	1746.00000	1562.84400	1550.12935	1533.13552
2025-09-11T08:25:53Z	1746.00000	1563.05485	1550.56933	1533.35938
2025-09-11T08:25:53Z	1746.00000	1563.14716	1550.76962	1533.45399
2025-09-11T08:25:53Z	1746.00000	1563.24616	1550.96869	1533.55312
2025-09-11T08:25:54Z	1747.00000	1563.36176	1551.18149	1533.65072
2025-09-11T08:25:54Z	1747.00000	1563.51876	1551.45639	1533.78441
2025-09-11T08:25:54Z	1747.00000	1563.52001	1551.46067	1533.78571
2025-09-11T08:25:54Z	1747.00000	1563.52280	1551.46335	1533.78600
2025-09-11T08:25:54Z	1747.00000	1563.52350	1551.46347	1533.78642
2025-09-11T08:25:54Z	1747.00000	1563.52444	1551.46333	1533.78660
2025-09-11T08:25:54Z	1747.00000	1563.52478	1551.46311	1533.78744
2025-09-11T08:25:54Z	1747.00000	1563.52555	1551.46285	1533.78785
2025-09-11T08:25:55Z	1748.00000	1563.52651	1551.46246	1533.78837
2025-09-11T08:25:55Z	1748.00000	1563.27622	1550.63601	1533.47611
2025-09-11T08:25:55Z	1748.00000	1561.91047	1547.77571	1531.95121
2025-09-11T08:25:55Z	1748.00000	1561.66477	1547.32588	1531.72313
2025-09-11T08:25:55Z	1748.00000	1561.27171	1546.55808	1531.35692
2025-09-11T08:25:55Z	1748.00000	1561.10451	1546.20980	1531.18868
2025-09-11T08:25:55Z	1748.00000	1560.78661	1545.51149	1530.86394
2025-09-11T08:25:56Z	1749.00000	1560.62728	1545.15089	1530.69641
2025-09-11T08:25:56Z	1749.00000	1560.46612	1544.79942	1530.52835
2025-09-11T08:25:56Z	1749.00000	1560.31697	1544.46812	1530.37430
2025-09-11T08:25:56Z	1749.00000	1560.15631	1544.12319	1530.21425
2025-09-11T08:25:56Z	1749.00000	1559.99820	1543.78457	1530.05422
2025-09-11T08:25:56Z	1749.00000	1559.84979	1543.46698	1529.89469
2025-09-11T08:25:56Z	1749.00000	1559.70241	1543.15799	1529.73502
2025-09-11T08:25:56Z	1749.00000	1559.61936	1542.98609	1529.64462
2025-09-11T08:25:56Z	1749.00000	1559.60789	1542.96163	1529.63438
2025-09-11T08:25:56Z	1749.00000	1559.60022	1542.94619	1529.62787
2025-09-11T08:25:57Z	1750.00000	1559.59253	1542.93096	1529.62129
2025-09-11T08:25:57Z	1750.00000	1559.58769	1542.92166	1529.61725
2025-09-11T08:25:57Z	1750.00000	1559.58243	1542.91136	1529.61280
2025-09-11T08:25:57Z	1750.00000	1559.57694	1542.90090	1529.60823
2025-09-11T08:25:57Z	1750.00000	1559.57147	1542.89030	1529.60359
2025-09-11T08:25:57Z	1750.00000	1559.56397	1542.87643	1529.59758
2025-09-11T08:25:57Z	1750.00000	1559.56084	1542.87033	1529.59486
2025-09-11T08:25:57Z	1750.00000	1559.55771	1542.86466	1529.59239
2025-09-11T08:25:58Z	1751.00000	1559.55391	1542.85769	1529.58929
2025-09-11T08:25:58Z	1751.00000	1559.55043	1542.85122	1529.58653
2025-09-11T08:25:58Z	1751.00000	1559.54794	1542.84658	1529.58450
2025-09-11T08:25:58Z	1751.00000	1559.54572	1542.84238	1529.58260
2025-09-11T08:25:58Z	1751.00000	1559.54158	1542.83507	1529.57943
2025-09-11T08:25:58Z	1751.00000	1559.53896	1542.83006	1529.57721
2025-09-11T08:25:58Z	1751.00000	1559.53530	1542.82390	1529.57433
2025-09-11T08:25:58Z	1751.00000	1559.53333	1542.82016	1529.57265
2025-09-11T08:25:58Z	1752.00000	1559.53160	1542.81715	1529.57132
2025-09-11T08:25:59Z	1752.00000	1559.52933	1542.81327	1529.56948
2025-09-11T08:25:59Z	1752.00000	1559.52783	1542.81045	1529.56822
2025-09-11T08:25:59Z	1752.00000	1559.52495	1542.80537	1529.56580
2025-09-11T08:25:59Z	1752.00000	1559.52338	1542.80296	1529.56475
2025-09-11T08:25:59Z	1752.00000	1559.52181	1542.80001	1529.56345
2025-09-11T08:25:59Z	1752.00000	1559.52001	1542.79701	1529.56199
2025-09-11T08:25:59Z	1752.00000	1559.51870	1542.79484	1529.56082
2025-09-11T08:25:59Z	1752.00000	1559.51649	1542.79129	1529.55912
2025-09-11T08:26:00Z	1753.00000	1559.51567	1542.78974	1529.55843
2025-09-11T08:26:00Z	1753.00000	1559.51488	1542.78828	1529.55768
2025-09-11T08:26:00Z	1753.00000	1559.51359	1542.78630	1529.55677
2025-09-11T08:26:00Z	1753.00000	1559.51159	1542.78303	1529.55518
2025-09-11T08:26:00Z	1753.00000	1559.51063	1542.78120	1529.55434
2025-09-11T08:26:00Z	1753.00000	1559.50979	1542.77983	1529.55366
2025-09-11T08:26:00Z	1753.00000	1559.50847	1542.77766	1529.55263
2025-09-11T08:26:00Z	1753.00000	1559.50783	1542.77657	1529.55209
2025-09-11T08:26:00Z	1753.00000	1559.50690	1542.77491	1529.55128
2025-09-11T08:26:00Z	1754.00000	1559.50588	1542.77340	1529.55055
2025-09-11T08:26:01Z	1754.00000	1559.50488	1542.77185	1529.54974
2025-09-11T08:26:01Z	1754.00000	1559.50400	1542.77046	1529.54913
2025-09-11T08:26:01Z	1754.00000	1559.50313	1542.76867	1529.54834
2025-09-11T08:26:01Z	1754.00000	1559.56012	1542.88386	1529.60921
2025-09-11T08:26:01Z	1754.00000	1559.79407	1543.34801	1529.86578
2025-09-11T08:26:01Z	1754.00000	1559.98276	1543.74482	1530.06433
2025-09-11T08:26:01Z	1754.00000	1560.17004	1544.15044	1530.25378
2025-09-11T08:26:01Z	1754.00000	1560.37653	1544.61004	1530.46736
2025-09-11T08:26:01Z	1754.00000	1560.60847	1545.13775	1530.71507
2025-09-11T08:26:02Z	1755.00000	1560.93684	1545.88733	1531.05964
2025-09-11T08:26:02Z	1755.00000	1561.07619	1546.18665	1531.20028
2025-09-11T08:26:02Z	1755.00000	1561.25151	1546.54824	1531.37340
2025-09-11T08:26:02Z	1755.00000	1561.42572	1546.90807	1531.54419
2025-09-11T08:26:02Z	1755.00000	1561.63552	1547.35320	1531.75737
2025-09-11T08:26:02Z	1755.00000	1561.87287	1547.89349	1532.01929
2025-09-11T08:26:02Z	1755.00000	1561.95568	1548.09702	1532.12209
2025-09-11T08:26:02Z	1755.00000	1562.07215	1548.37856	1532.26050
2025-09-11T08:26:02Z	1756.00000	1562.18603	1548.66159	1532.39611
2025-09-11T08:26:03Z	1756.00000	1562.32564	1548.99447	1532.55985
2025-09-11T08:26:03Z	1756.00000	1562.45807	1549.31155	1532.71137
2025-09-11T08:26:03Z	1756.00000	1562.56384	1549.54906	1532.82333
2025-09-11T08:26:03Z	1756.00000	1562.66833	1549.76850	1532.92860
2025-09-11T08:26:03Z	1756.00000	1562.78656	1550.02198	1533.05652
2025-09-11T08:26:03Z	1756.00000	1562.91314	1550.30509	1533.19781
2025-09-11T08:26:03Z	1756.00000	1562.96941	1550.42940	1533.25856
2025-09-11T08:26:03Z	1756.00000	1563.04027	1550.57942	1533.32885
2025-09-11T08:26:03Z	1756.00000	1563.10837	1550.72006	1533.40511
2025-09-11T08:26:03Z	1757.00000	1563.17111	1550.85260	1533.47540
2025-09-11T08:26:04Z	1757.00000	1563.23391	1550.98431	1533.53879
2025-09-11T08:26:04Z	1757.00000	1563.25952	1551.05047	1533.55330
2025-09-11T08:26:04Z	1757.00000	1563.29962	1551.12357	1533.60304
2025-09-11T08:26:04Z	1757.00000	1563.31090	1551.15945	1533.60986
2025-09-11T08:26:04Z	1757.00000	1563.36072	1551.25139	1533.65699
2025-09-11T08:26:04Z	1757.00000	1563.37957	1551.28732	1533.66928
2025-09-11T08:26:04Z	1757.00000	1563.47991	1551.44856	1533.74227
2025-09-11T08:26:04Z	1757.00000	1563.51018	1551.48052	1533.77414
2025-09-11T08:26:04Z	1757.00000	1563.51229	1551.47981	1533.77456
2025-09-11T08:26:04Z	1758.00000	1563.51359	1551.47882	1533.77516
2025-09-11T08:26:05Z	1758.00000	1563.51471	1551.47751	1533.77579
2025-09-11T08:26:05Z	1758.00000	1563.31036	1550.67264	1533.48361
2025-09-11T08:26:05Z	1758.00000	1561.92686	1547.78185	1531.94099
2025-09-11T08:26:05Z	1758.00000	1561.67190	1547.30932	1531.70448
2025-09-11T08:26:05Z	1758.00000	1561.44139	1546.87105	1531.49320
2025-09-11T08:26:05Z	1758.00000	1561.30523	1546.60193	1531.36726
2025-09-11T08:26:05Z	1758.00000	1561.12144	1546.22152	1531.18318
2025-09-11T08:26:05Z	1758.00000	1560.99329	1545.95044	1531.05574
2025-09-11T08:26:05Z	1758.00000	1560.84081	1545.61170	1530.90124
2025-09-11T08:26:05Z	1759.00000	1560.65974	1545.21030	1530.71582
2025-09-11T08:26:06Z	1759.00000	1560.46445	1544.77774	1530.51194
2025-09-11T08:26:06Z	1759.00000	1560.36532	1544.55661	1530.41109
2025-09-11T08:26:06Z	1759.00000	1560.22224	1544.24600	1530.27039
2025-09-11T08:26:06Z	1759.00000	1560.06827	1543.91513	1530.11571
2025-09-11T08:26:06Z	1759.00000	1559.91356	1543.58788	1529.95293
2025-09-11T08:26:06Z	1759.00000	1559.78401	1543.31656	1529.81503
2025-09-11T08:26:06Z	1759.00000	1559.63154	1543.00124	1529.65086
2025-09-11T08:26:06Z	1759.00000	1559.61756	1542.97194	1529.63896
2025-09-11T08:26:07Z	1760.00000	1559.60404	1542.94549	1529.62760
2025-09-11T08:26:07Z	1760.00000	1559.60010	1542.93769	1529.62420
2025-09-11T08:26:07Z	1760.00000	1559.59356	1542.92530	1529.61898
2025-09-11T08:26:07Z	1760.00000	1559.58851	1542.91579	1529.61482
2025-09-11T08:26:07Z	1760.00000	1559.58343	1542.90616	1529.61048
2025-09-11T08:26:07Z	1760.00000	1559.57919	1542.89844	1529.60706
2025-09-11T08:26:07Z	1760.00000	1559.57548	1542.89153	1529.60403
2025-09-11T08:26:07Z	1760.00000	1559.57190	1542.88499	1529.60111
2025-09-11T08:26:07Z	1760.00000	1559.56865	1542.87907	1529.59859
2025-09-11T08:26:07Z	1760.00000	1559.56455	1542.87143	1529.59505
2025-09-11T08:26:08Z	1761.00000	1559.56183	1542.86627	1529.59284
2025-09-11T08:26:08Z	1761.00000	1559.55900	1542.86142	1529.59056
2025-09-11T08:26:08Z	1761.00000	1559.55694	1542.85749	1529.58868
2025-09-11T08:26:08Z	1761.00000	1559.55455	1542.85288	1529.58667
2025-09-11T08:26:08Z	1761.00000	1559.55225	1542.84872	1529.58478
2025-09-11T08:26:08Z	1761.00000	1559.55017	1542.84498	1529.58309
2025-09-11T08:26:08Z	1761.00000	1559.54801	1542.84096	1529.58128
2025-09-11T08:26:08Z	1761.00000	1559.54602	1542.83735	1529.57974
2025-09-11T08:26:08Z	1761.00000	1559.54360	1542.83295	1529.57766
2025-09-11T08:26:08Z	1761.00000	1559.54163	1542.82971	1529.57625
2025-09-11T08:26:08Z	1762.00000	1559.53988	1542.82659	1529.57474
2025-09-11T08:26:09Z	1762.00000	1559.53765	1542.82265	1529.57304
2025-09-11T08:26:09Z	1762.00000	1559.53600	1542.81977	1529.57167
2025-09-11T08:26:09Z	1762.00000	1559.53377	1542.81576	1529.56990
2025-09-11T08:26:09Z	1762.00000	1559.53176	1542.81240	1529.56821
2025-09-11T08:26:09Z	1762.00000	1559.53014	1542.80970	1529.56704
2025-09-11T08:26:09Z	1762.00000	1559.52848	1542.80694	1529.56583
2025-09-11T08:26:09Z	1762.00000	1559.52701	1542.80434	1529.56469
2025-09-11T08:26:09Z	1763.00000	1559.52517	1542.80121	1529.56312
2025-09-11T08:26:10Z	1763.00000	1559.52328	1542.79814	1529.56179
2025-09-11T08:26:10Z	1763.00000	1559.52191	1542.79586	1529.56054
2025-09-11T08:26:10Z	1763.00000	1559.52059	1542.79351	1529.55938
2025-09-11T08:26:10Z	1763.00000	1559.51932	1542.79148	1529.55854
2025-09-11T08:26:10Z	1763.00000	1559.51805	1542.78938	1529.55749
2025-09-11T08:26:10Z	1763.00000	1559.51649	1542.78679	1529.55626
2025-09-11T08:26:10Z	1763.00000	1559.51497	1542.78447	1529.55511
2025-09-11T08:26:10Z	1764.00000	1559.51362	1542.78221	1529.55405
2025-09-11T08:26:11Z	1764.00000	1559.51230	1542.78011	1529.55296
2025-09-11T08:26:11Z	1764.00000	1559.51104	1542.77808	1529.55207
2025-09-11T08:26:11Z	1764.00000	1559.51011	1542.77629	1529.55123
2025-09-11T08:26:11Z	1764.00000	1559.73880	1543.23435	1529.80173
2025-09-11T08:26:11Z	1764.00000	1559.99746	1543.77164	1530.07376
2025-09-11T08:26:11Z	1764.00000	1560.21596	1544.24399	1530.29400
2025-09-11T08:26:11Z	1764.00000	1560.45303	1544.77294	1530.53704
2025-09-11T08:26:11Z	1765.00000	1560.70755	1545.34973	1530.80946
2025-09-11T08:26:12Z	1765.00000	1560.92934	1545.84643	1531.03584
2025-09-11T08:26:12Z	1765.00000	1561.19023	1546.39281	1531.29026
2025-09-11T08:26:12Z	1765.00000	1561.38770	1546.80275	1531.48279
2025-09-11T08:26:12Z	1765.00000	1561.60789	1547.25569	1531.70103
2025-09-11T08:26:12Z	1765.00000	1561.78926	1547.65334	1531.89199
2025-09-11T08:26:12Z	1765.00000	1561.93144	1547.99367	1532.05803
2025-09-11T08:26:12Z	1765.00000	1562.10228	1548.40264	1532.25985
2025-09-11T08:26:12Z	1766.00000	1562.23038	1548.72158	1532.41251
2025-09-11T08:26:13Z	1766.00000	1562.36747	1549.05278	1532.57615
2025-09-11T08:26:13Z	1766.00000	1562.51631	1549.40353	1532.74119
2025-09-11T08:26:13Z	1766.00000	1562.64380	1549.68797	1532.87686
2025-09-11T08:26:13Z	1766.00000	1562.77384	1549.97230	1533.01570
2025-09-11T08:26:13Z	1766.00000	1562.88320	1550.21753	1533.14289
2025-09-11T08:26:13Z	1766.00000	1562.99891	1550.46689	1533.26879
2025-09-11T08:26:13Z	1766.00000	1563.07102	1550.62687	1533.34621
2025-09-11T08:26:13Z	1767.00000	1563.13131	1550.76366	1533.41370
2025-09-11T08:26:14Z	1767.00000	1563.17518	1550.86032	1533.46089
2025-09-11T08:26:14Z	1767.00000	1563.22564	1550.96130	1533.51178
2025-09-11T08:26:14Z	1767.00000	1563.27347	1551.05693	1533.55874
2025-09-11T08:26:14Z	1767.00000	1563.30918	1551.12674	1533.58659
2025-09-11T08:26:14Z	1767.00000	1563.35744	1551.21926	1533.63377
2025-09-11T08:26:14Z	1767.00000	1563.40769	1551.31095	1533.68200
2025-09-11T08:26:14Z	1767.00000	1563.44400	1551.38064	1533.71686
2025-09-11T08:26:14Z	1768.00000	1563.46903	1551.42745	1533.74122
2025-09-11T08:26:15Z	1768.00000	1563.49579	1551.46305	1533.76662
2025-09-11T08:26:15Z	1768.00000	1563.49913	1551.45279	1533.77004
2025-09-11T08:26:15Z	1768.00000	1562.00618	1547.90602	1531.99051
2025-09-11T08:26:15Z	1768.00000	1561.67672	1547.28554	1531.67988
2025-09-11T08:26:15Z	1768.00000	1561.46826	1546.86076	1531.47306
2025-09-11T08:26:15Z	1768.00000	1561.23355	1546.36692	1531.24284
2025-09-11T08:26:15Z	1768.00000	1561.00068	1545.86794	1531.01115
2025-09-11T08:26:15Z	1769.00000	1560.83841	1545.51830	1530.85064
2025-09-11T08:26:16Z	1769.00000	1560.67101	1545.15714	1530.68289
2025-09-11T08:26:16Z	1769.00000	1560.49680	1544.78538	1530.50662
2025-09-11T08:26:16Z	1769.00000	1560.33227	1544.43474	1530.34519
2025-09-11T08:26:16Z	1769.00000	1560.14659	1544.04486	1530.16656
2025-09-11T08:26:16Z	1769.00000	1559.92222	1543.57734	1529.94423
2025-09-11T08:26:16Z	1769.00000	1559.77496	1543.27796	1529.79175
2025-09-11T08:26:16Z	1769.00000	1559.64166	1543.00762	1529.65345
2025-09-11T08:26:16Z	1770.00000	1559.62624	1542.97637	1529.64070
2025-09-11T08:26:17Z	1770.00000	1559.61719	1542.95893	1529.63338
2025-09-11T08:26:17Z	1770.00000	1559.60763	1542.94092	1529.62554
2025-09-11T08:26:17Z	1770.00000	1559.60046	1542.92769	1529.61969
2025-09-11T08:26:17Z	1770.00000	1559.59497	1542.91759	1529.61520
2025-09-11T08:26:17Z	1770.00000	1559.58977	1542.90838	1529.61120
2025-09-11T08:26:17Z	1770.00000	1559.58466	1542.89903	1529.60697
2025-09-11T08:26:17Z	1770.00000	1559.58001	1542.89062	1529.60328
2025-09-11T08:26:17Z	1771.00000	1559.57521	1542.88190	1529.59931
2025-09-11T08:26:18Z	1771.00000	1559.57071	1542.87405	1529.59587
2025-09-11T08:26:18Z	1771.00000	1559.56736	1542.86834	1529.59330
2025-09-11T08:26:18Z	1771.00000	1559.56433	1542.86300	1529.59088
2025-09-11T08:26:18Z	1771.00000	1559.56139	1542.85747	1529.58847
2025-09-11T08:26:18Z	1771.00000	1559.55861	1542.85269	1529.58639
2025-09-11T08:26:18Z	1771.00000	1559.55575	1542.84767	1529.58413
2025-09-11T08:26:18Z	1771.00000	1559.55333	1542.84354	1529.58226
2025-09-11T08:26:18Z	1771.00000	1559.55109	1542.83969	1529.58052
2025-09-11T08:26:19Z	1772.00000	1559.54855	1542.83533	1529.57863
2025-09-11T08:26:19Z	1772.00000	1559.54667	1542.83188	1529.57702
2025-09-11T08:26:19Z	1772.00000	1559.54442	1542.82805	1529.57518
2025-09-11T08:26:19Z	1772.00000	1559.54215	1542.82443	1529.57362
2025-09-11T08:26:19Z	1772.00000	1559.54045	1542.82134	1529.57227
2025-09-11T08:26:19Z	1772.00000	1559.53868	1542.81859	1529.57093
2025-09-11T08:26:19Z	1772.00000	1559.53679	1542.81536	1529.56931
2025-09-11T08:26:19Z	1772.00000	1559.53527	1542.81261	1529.56815
2025-09-11T08:26:19Z	1773.00000	1559.53316	1542.80935	1529.56661
2025-09-11T08:26:20Z	1773.00000	1559.53175	1542.80682	1529.56554
2025-09-11T08:26:20Z	1773.00000	1559.53031	1542.80452	1529.56431
2025-09-11T08:26:20Z	1773.00000	1559.52876	1542.80220	1529.56321
2025-09-11T08:26:20Z	1773.00000	1559.52756	1542.79999	1529.56223
2025-09-11T08:26:20Z	1773.00000	1559.52623	1542.79799	1529.56124
2025-09-11T08:26:20Z	1773.00000	1559.52460	1542.79524	1529.56001
2025-09-11T08:26:20Z	1773.00000	1559.52319	1542.79299	1529.55886
2025-09-11T08:26:20Z	1773.00000	1559.52211	1542.79099	1529.55798
2025-09-11T08:26:21Z	1774.00000	1559.52072	1542.78889	1529.55696
2025-09-11T08:26:21Z	1774.00000	1559.51944	1542.78684	1529.55601
2025-09-11T08:26:21Z	1774.00000	1559.51799	1542.78464	1529.55487
2025-09-11T08:26:21Z	1774.00000	1559.54230	1542.83307	1529.58010
2025-09-11T08:26:21Z	1774.00000	1559.78907	1543.31881	1529.84374
2025-09-11T08:26:21Z	1774.00000	1560.01810	1543.78771	1530.07202
2025-09-11T08:26:21Z	1774.00000	1560.30456	1544.38611	1530.34888
2025-09-11T08:26:21Z	1774.00000	1560.51223	1544.83278	1530.55669
2025-09-11T08:26:22Z	1775.00000	1560.73877	1545.32517	1530.79167
2025-09-11T08:26:22Z	1775.00000	1560.99425	1545.87138	1531.04310
2025-09-11T08:26:22Z	1775.00000	1561.23095	1546.34464	1531.26659
2025-09-11T08:26:22Z	1775.00000	1561.46144	1546.80727	1531.48483
2025-09-11T08:26:22Z	1775.00000	1561.64886	1547.18259	1531.66724
2025-09-11T08:26:22Z	1775.00000	1561.82979	1547.56173	1531.84728
2025-09-11T08:26:22Z	1775.00000	1561.95415	1547.84738	1531.98810
2025-09-11T08:26:22Z	1775.00000	1562.08256	1548.14779	1532.13369
2025-09-11T08:26:23Z	1776.00000	1562.21153	1548.47803	1532.29526
2025-09-11T08:26:23Z	1776.00000	1562.38064	1548.92800	1532.51135
2025-09-11T08:26:23Z	1776.00000	1562.52911	1549.32575	1532.69734
2025-09-11T08:26:23Z	1776.00000	1562.63858	1549.59909	1532.82605
2025-09-11T08:26:23Z	1776.00000	1562.73966	1549.84874	1532.94801
2025-09-11T08:26:23Z	1776.00000	1562.83618	1550.08081	1533.06466
2025-09-11T08:26:23Z	1776.00000	1562.95726	1550.34538	1533.19724
2025-09-11T08:26:23Z	1776.00000	1563.04473	1550.53396	1533.29105
2025-09-11T08:26:24Z	1777.00000	1563.11615	1550.69023	1533.36617
2025-09-11T08:26:24Z	1777.00000	1563.16189	1550.78992	1533.41732
2025-09-11T08:26:24Z	1777.00000	1563.21883	1550.90184	1533.47861
2025-09-11T08:26:24Z	1777.00000	1563.28504	1551.04383	1533.54513
2025-09-11T08:26:24Z	1777.00000	1563.30205	1551.08003	1533.55701
2025-09-11T08:26:24Z	1777.00000	1563.34708	1551.16751	1533.60566
2025-09-11T08:26:24Z	1777.00000	1563.36264	1551.19985	1533.61548
2025-09-11T08:26:24Z	1777.00000	1563.40584	1551.27700	1533.65941
2025-09-11T08:26:25Z	1778.00000	1563.42852	1551.32724	1533.67424
2025-09-11T08:26:25Z	1778.00000	1563.46035	1551.37952	1533.71093
2025-09-11T08:26:25Z	1778.00000	1562.55523	1549.04729	1532.57470
2025-09-11T08:26:25Z	1778.00000	1561.75987	1547.43230	1531.76171
2025-09-11T08:26:25Z	1778.00000	1561.55858	1547.03538	1531.56906
2025-09-11T08:26:25Z	1778.00000	1561.34528	1546.62017	1531.36853
2025-09-11T08:26:25Z	1778.00000	1561.12780	1546.16549	1531.14706
2025-09-11T08:26:25Z	1778.00000	1560.94367	1545.76731	1530.96326
2025-09-11T08:26:26Z	1779.00000	1560.71386	1545.26564	1530.73169
2025-09-11T08:26:26Z	1779.00000	1560.54232	1544.88911	1530.55539
2025-09-11T08:26:26Z	1779.00000	1560.37376	1544.52859	1530.39017
2025-09-11T08:26:26Z	1779.00000	1560.18941	1544.13542	1530.21204
2025-09-11T08:26:26Z	1779.00000	1559.98712	1543.70433	1530.01102
2025-09-11T08:26:26Z	1779.00000	1559.83437	1543.38704	1529.85112
2025-09-11T08:26:26Z	1779.00000	1559.68471	1543.08701	1529.69462
2025-09-11T08:26:26Z	1779.00000	1559.63726	1542.99069	1529.64631
2025-09-11T08:26:26Z	1780.00000	1559.62573	1542.96793	1529.63683
2025-09-11T08:26:27Z	1780.00000	1559.61732	1542.95207	1529.62998
2025-09-11T08:26:27Z	1780.00000	1559.60953	1542.93761	1529.62372
2025-09-11T08:26:27Z	1780.00000	1559.60333	1542.92648	1529.61884
2025-09-11T08:26:27Z	1780.00000	1559.59720	1542.91535	1529.61380
2025-09-11T08:26:27Z	1780.00000	1559.59230	1542.90667	1529.61010
2025-09-11T08:26:27Z	1780.00000	1559.58798	1542.89888	1529.60653
2025-09-11T08:26:27Z	1780.00000	1559.58340	1542.89060	1529.60291
2025-09-11T08:26:27Z	1780.00000	1559.57962	1542.88408	1529.60005
2025-09-11T08:26:28Z	1781.00000	1559.57568	1542.87699	1529.59678
2025-09-11T08:26:28Z	1781.00000	1559.57238	1542.87139	1529.59439
2025-09-11T08:26:28Z	1781.00000	1559.56901	1542.86546	1529.59163
2025-09-11T08:26:28Z	1781.00000	1559.56561	1542.85943	1529.58778
2025-09-11T08:26:28Z	1781.00000	1559.56223	1542.85363	1529.58519
2025-09-11T08:26:28Z	1781.00000	1559.55845	1542.84709	1529.58141
2025-09-11T08:26:28Z	1781.00000	1559.55558	1542.84244	1529.57907
2025-09-11T08:26:28Z	1781.00000	1559.55419	1542.83966	1529.57838
2025-09-11T08:26:29Z	1782.00000	1559.55214	1542.83661	1529.57763
2025-09-11T08:26:29Z	1782.00000	1559.55008	1542.83334	1529.57621
2025-09-11T08:26:29Z	1782.00000	1559.54833	1542.83042	1529.57585
2025-09-11T08:26:29Z	1782.00000	1559.54636	1542.82717	1529.57418
2025-09-11T08:26:29Z	1782.00000	1559.54444	1542.82374	1529.57248
2025-09-11T08:26:29Z	1782.00000	1559.54260	1542.82084	1529.57116
2025-09-11T08:26:29Z	1782.00000	1559.54090	1542.81783	1529.56970
2025-09-11T08:26:29Z	1782.00000	1559.53927	1542.81535	1529.56867
2025-09-11T08:26:30Z	1783.00000	1559.53762	1542.81236	1529.56730
2025-09-11T08:26:30Z	1783.00000	1559.53594	1542.80968	1529.56598
2025-09-11T08:26:30Z	1783.00000	1559.53440	1542.80751	1529.56490
2025-09-11T08:26:30Z	1783.00000	1559.53291	1542.80456	1529.56370
2025-09-11T08:26:30Z	1783.00000	1559.53145	1542.80245	1529.56268
2025-09-11T08:26:30Z	1783.00000	1559.52983	1542.80010	1529.56154
2025-09-11T08:26:30Z	1783.00000	1559.52841	1542.79761	1529.56043
2025-09-11T08:26:30Z	1783.00000	1559.52691	1542.79545	1529.55936
2025-09-11T08:26:31Z	1784.00000	1559.52566	1542.79309	1529.55824
2025-09-11T08:26:31Z	1784.00000	1559.52429	1542.79132	1529.55732
2025-09-11T08:26:31Z	1784.00000	1559.52301	1542.78918	1529.55637
2025-09-11T08:26:31Z	1784.00000	1559.60736	1542.97278	1529.64823
2025-09-11T08:26:31Z	1784.00000	1559.86282	1543.52340	1529.92314
2025-09-11T08:26:31Z	1784.00000	1560.07725	1544.00717	1530.15205
2025-09-11T08:26:31Z	1784.00000	1560.31480	1544.55255	1530.40489
2025-09-11T08:26:31Z	1785.00000	1560.57068	1545.15084	1530.68433
2025-09-11T08:26:32Z	1785.00000	1560.78352	1545.65221	1530.91434
2025-09-11T08:26:32Z	1785.00000	1561.03257	1546.21264	1531.17122
2025-09-11T08:26:32Z	1785.00000	1561.26103	1546.69433	1531.39995
2025-09-11T08:26:32Z	1785.00000	1561.45515	1547.10138	1531.59342
2025-09-11T08:26:32Z	1785.00000	1561.65584	1547.54346	1531.80108
2025-09-11T08:26:32Z	1785.00000	1561.80134	1547.88421	1531.96564
2025-09-11T08:26:32Z	1785.00000	1561.93381	1548.21433	1532.12605
2025-09-11T08:26:32Z	1786.00000	1562.09514	1548.61013	1532.31751
2025-09-11T08:26:33Z	1786.00000	1562.24354	1548.98579	1532.49679
2025-09-11T08:26:33Z	1786.00000	1562.38227	1549.31773	1532.65179
2025-09-11T08:26:33Z	1786.00000	1562.54334	1549.69812	1532.82752
2025-09-11T08:26:33Z	1786.00000	1562.65547	1549.96483	1532.95058
2025-09-11T08:26:33Z	1786.00000	1562.79529	1550.27147	1533.09701
2025-09-11T08:26:33Z	1786.00000	1562.92798	1550.56485	1533.23505
2025-09-11T08:26:33Z	1786.00000	1563.05068	1550.84049	1533.36168
2025-09-11T08:26:33Z	1786.00000	1563.12858	1551.01446	1533.44794
2025-09-11T08:26:34Z	1787.00000	1563.19057	1551.15627	1533.52083
2025-09-11T08:26:34Z	1787.00000	1563.25548	1551.29126	1533.58714
2025-09-11T08:26:34Z	1787.00000	1563.31686	1551.41956	1533.64686
2025-09-11T08:26:34Z	1787.00000	1563.37460	1551.52742	1533.70008
2025-09-11T08:26:34Z	1787.00000	1563.43736	1551.64273	1533.76014
2025-09-11T08:26:34Z	1787.00000	1563.47986	1551.72129	1533.80124
2025-09-11T08:26:34Z	1787.00000	1563.51980	1551.79255	1533.84216
2025-09-11T08:26:34Z	1788.00000	1563.55359	1551.85540	1533.87319
2025-09-11T08:26:35Z	1788.00000	1563.57750	1551.88767	1533.89315
2025-09-11T08:26:35Z	1788.00000	1563.58058	1551.87882	1533.89604
2025-09-11T08:26:35Z	1788.00000	1561.88462	1547.97469	1531.94794
2025-09-11T08:26:35Z	1788.00000	1561.58883	1547.36745	1531.66276
2025-09-11T08:26:35Z	1788.00000	1561.37503	1546.93407	1531.45737
2025-09-11T08:26:35Z	1788.00000	1561.16269	1546.48402	1531.24704
2025-09-11T08:26:35Z	1788.00000	1560.95757	1546.03687	1531.04303
2025-09-11T08:26:35Z	1788.00000	1560.79081	1545.65045	1530.86992
2025-09-11T08:26:36Z	1789.00000	1560.62755	1545.27291	1530.69796
2025-09-11T08:26:36Z	1789.00000	1560.41847	1544.79420	1530.47754
2025-09-11T08:26:36Z	1789.00000	1560.25826	1544.42756	1530.31169
2025-09-11T08:26:36Z	1789.00000	1560.08692	1544.04158	1530.13846
2025-09-11T08:26:36Z	1789.00000	1559.89114	1543.60861	1529.94010
2025-09-11T08:26:36Z	1789.00000	1559.74488	1543.29086	1529.78856
2025-09-11T08:26:36Z	1789.00000	1559.62548	1543.03015	1529.66449
2025-09-11T08:26:36Z	1789.00000	1559.61324	1542.99904	1529.65237
2025-09-11T08:26:36Z	1790.00000	1559.60526	1542.97959	1529.64435
2025-09-11T08:26:37Z	1790.00000	1559.59760	1542.96195	1529.63685
2025-09-11T08:26:37Z	1790.00000	1559.59123	1542.94760	1529.63063
2025-09-11T08:26:37Z	1790.00000	1559.58569	1542.93516	1529.62518
2025-09-11T08:26:37Z	1790.00000	1559.58131	1542.92573	1529.62092
2025-09-11T08:26:37Z	1790.00000	1559.57673	1542.91583	1529.61645
2025-09-11T08:26:37Z	1790.00000	1559.57274	1542.90715	1529.61256
2025-09-11T08:26:37Z	1790.00000	1559.56938	1542.90001	1529.60938
2025-09-11T08:26:37Z	1791.00000	1559.56628	1542.89349	1529.60650
2025-09-11T08:26:38Z	1791.00000	1559.56293	1542.88656	1529.60325
2025-09-11T08:26:38Z	1791.00000	1559.56016	1542.88094	1529.60078
2025-09-11T08:26:38Z	1791.00000	1559.55741	1542.87475	1529.59813
2025-09-11T08:26:38Z	1791.00000	1559.55472	1542.86925	1529.59557
2025-09-11T08:26:38Z	1791.00000	1559.55205	1542.86388	1529.59311
2025-09-11T08:26:38Z	1791.00000	1559.54943	1542.85835	1529.59065
2025-09-11T08:26:38Z	1791.00000	1559.54717	1542.85372	1529.58867
2025-09-11T08:26:38Z	1792.00000	1559.54522	1542.84981	1529.58683
2025-09-11T08:26:39Z	1792.00000	1559.54321	1542.84567	1529.58494
2025-09-11T08:26:39Z	1792.00000	1559.54097	1542.84127	1529.58289
2025-09-11T08:26:39Z	1792.00000	1559.53910	1542.83747	1529.58123
2025-09-11T08:26:39Z	1792.00000	1559.53728	1542.83400	1529.57960
2025-09-11T08:26:39Z	1792.00000	1559.53577	1542.83091	1529.57827
2025-09-11T08:26:39Z	1792.00000	1559.53420	1542.82770	1529.57682
2025-09-11T08:26:39Z	1792.00000	1559.53235	1542.82416	1529.57509
2025-09-11T08:26:39Z	1793.00000	1559.53108	1542.82151	1529.57389
2025-09-11T08:26:40Z	1793.00000	1559.52932	1542.81837	1529.57231
2025-09-11T08:26:40Z	1793.00000	1559.52791	1542.81567	1529.57110
2025-09-11T08:26:40Z	1793.00000	1559.52643	1542.81294	1529.56984
2025-09-11T08:26:40Z	1793.00000	1559.52533	1542.81046	1529.56867
2025-09-11T08:26:40Z	1793.00000	1559.52393	1542.80785	1529.56746
2025-09-11T08:26:40Z	1793.00000	1559.52281	1542.80561	1529.56637
2025-09-11T08:26:40Z	1793.00000	1559.52167	1542.80361	1529.56547
2025-09-11T08:26:40Z	1794.00000	1559.52055	1542.80127	1529.56432
2025-09-11T08:26:41Z	1794.00000	1559.51933	1542.79907	1529.56337
2025-09-11T08:26:41Z	1794.00000	1559.51822	1542.79734	1529.56245
2025-09-11T08:26:41Z	1794.00000	1559.51727	1542.79524	1529.56148
2025-09-11T08:26:41Z	1794.00000	1559.62210	1543.00951	1529.66857
2025-09-11T08:26:41Z	1794.00000	1559.88139	1543.55649	1529.94053
2025-09-11T08:26:41Z	1794.00000	1560.09748	1544.03458	1530.16381
2025-09-11T08:26:41Z	1794.00000	1560.30659	1544.50720	1530.38330
2025-09-11T08:26:41Z	1794.00000	1560.50833	1544.97263	1530.60200
2025-09-11T08:26:42Z	1795.00000	1560.69749	1545.41700	1530.81026
2025-09-11T08:26:42Z	1795.00000	1560.88949	1545.85788	1531.01136
2025-09-11T08:26:42Z	1795.00000	1561.08363	1546.28114	1531.20631
2025-09-11T08:26:42Z	1795.00000	1561.33810	1546.81970	1531.45893
2025-09-11T08:26:42Z	1795.00000	1561.57942	1547.32898	1531.70093
2025-09-11T08:26:42Z	1795.00000	1561.80869	1547.84201	1531.94643
2025-09-11T08:26:42Z	1795.00000	1561.91921	1548.10661	1532.07272
2025-09-11T08:26:42Z	1795.00000	1562.06999	1548.47955	1532.25335
2025-09-11T08:26:42Z	1796.00000	1562.17738	1548.75521	1532.38415
2025-09-11T08:26:43Z	1796.00000	1562.28338	1549.02087	1532.51310
2025-09-11T08:26:43Z	1796.00000	1562.39471	1549.28960	1532.63927
2025-09-11T08:26:43Z	1796.00000	1562.52356	1549.59728	1532.78006
2025-09-11T08:26:43Z	1796.00000	1562.62555	1549.83422	1532.89126
2025-09-11T08:26:43Z	1796.00000	1562.72604	1550.05751	1532.99673
2025-09-11T08:26:43Z	1796.00000	1562.83694	1550.30367	1533.11794
2025-09-11T08:26:43Z	1796.00000	1562.91903	1550.48441	1533.20749
2025-09-11T08:26:43Z	1796.00000	1563.00607	1550.67199	1533.29450
2025-09-11T08:26:44Z	1797.00000	1563.15862	1551.00716	1533.44513
2025-09-11T08:26:44Z	1797.00000	1563.22736	1551.14407	1533.50536
2025-09-11T08:26:44Z	1797.00000	1563.30139	1551.28948	1533.57173
2025-09-11T08:26:44Z	1797.00000	1563.36817	1551.42467	1533.63404
2025-09-11T08:26:44Z	1797.00000	1563.42277	1551.52865	1533.68643
2025-09-11T08:26:44Z	1797.00000	1563.47667	1551.62583	1533.73318
2025-09-11T08:26:44Z	1797.00000	1563.53824	1551.73474	1533.78684
2025-09-11T08:26:44Z	1797.00000	1563.61678	1551.83684	1533.84607
2025-09-11T08:26:44Z	1797.00000	1563.62034	1551.83166	1533.84869
2025-09-11T08:26:45Z	1798.00000	1563.62112	1551.83021	1533.84916
2025-09-11T08:26:45Z	1798.00000	1563.62210	1551.82913	1533.84885
2025-09-11T08:26:45Z	1798.00000	1562.84318	1550.00775	1533.02149
2025-09-11T08:26:45Z	1798.00000	1561.59840	1547.34275	1531.65131
2025-09-11T08:26:45Z	1798.00000	1561.39684	1546.93087	1531.45842
2025-09-11T08:26:45Z	1798.00000	1561.24253	1546.60335	1531.30717
2025-09-11T08:26:45Z	1798.00000	1560.93196	1545.91661	1530.99420
2025-09-11T08:26:45Z	1798.00000	1560.79481	1545.60307	1530.85456
2025-09-11T08:26:46Z	1799.00000	1560.58159	1545.11282	1530.63142
2025-09-11T08:26:46Z	1799.00000	1560.43724	1544.79683	1530.48294
2025-09-11T08:26:46Z	1799.00000	1560.28902	1544.46443	1530.33121
2025-09-11T08:26:46Z	1799.00000	1560.13382	1544.12534	1530.17602
2025-09-11T08:26:46Z	1799.00000	1560.02246	1543.88290	1530.06707
2025-09-11T08:26:46Z	1799.00000	1559.86997	1543.54921	1529.91144
2025-09-11T08:26:46Z	1799.00000	1559.74151	1543.27511	1529.78113
2025-09-11T08:26:46Z	1799.00000	1559.62625	1543.03202	1529.66615
2025-09-11T08:26:46Z	1799.00000	1559.61527	1543.00644	1529.65583
2025-09-11T08:26:46Z	1799.00000	1559.60664	1542.98590	1529.64752
2025-09-11T08:26:47Z	1800.00000	1559.59963	1542.96997	1529.64084
2025-09-11T08:26:47Z	1800.00000	1559.59448	1542.95852	1529.63588
2025-09-11T08:26:47Z	1800.00000	1559.58920	1542.94689	1529.63073
2025-09-11T08:26:47Z	1800.00000	1559.58357	1542.93502	1529.62557
2025-09-11T08:26:47Z	1800.00000	1559.57998	1542.92713	1529.62197
2025-09-11T08:26:47Z	1800.00000	1559.57650	1542.91989	1529.61865
2025-09-11T08:26:47Z	1800.00000	1559.57268	1542.91206	1529.61518
2025-09-11T08:26:47Z	1800.00000	1559.56941	1542.90495	1529.61202
2025-09-11T08:26:47Z	1800.00000	1559.56615	1542.89853	1529.60906
2025-09-11T08:26:48Z	1801.00000	1559.56325	1542.89229	1529.60621
2025-09-11T08:26:48Z	1801.00000	1559.56009	1542.88561	1529.60320
2025-09-11T08:26:48Z	1801.00000	1559.55776	1542.88098	1529.60115
2025-09-11T08:26:48Z	1801.00000	1559.55574	1542.87675	1529.59929
2025-09-11T08:26:48Z	1801.00000	1559.55355	1542.87215	1529.59710
2025-09-11T08:26:48Z	1801.00000	1559.55116	1542.86758	1529.59509
2025-09-11T08:26:48Z	1801.00000	1559.54943	1542.86390	1529.59336
2025-09-11T08:26:48Z	1801.00000	1559.54761	1542.86041	1529.59190
2025-09-11T08:26:48Z	1801.00000	1559.54583	1542.85643	1529.58996
2025-09-11T08:26:48Z	1801.00000	1559.54392	1542.85256	1529.58831
2025-09-11T08:26:49Z	1802.00000	1559.54214	1542.84905	1529.58668
2025-09-11T08:26:49Z	1802.00000	1559.54079	1542.84657	1529.58557
2025-09-11T08:26:49Z	1802.00000	1559.53944	1542.84364	1529.58415
2025-09-11T08:26:49Z	1802.00000	1559.53836	1542.84133	1529.58315
2025-09-11T08:26:49Z	1802.00000	1559.53666	1542.83832	1529.58187
2025-09-11T08:26:49Z	1802.00000	1559.53540	1542.83572	1529.58065
2025-09-11T08:26:49Z	1802.00000	1559.53401	1542.83291	1529.57932
2025-09-11T08:26:49Z	1802.00000	1559.53280	1542.83053	1529.57815
2025-09-11T08:26:49Z	1802.00000	1559.53136	1542.82775	1529.57693
2025-09-11T08:26:49Z	1802.00000	1559.53021	1542.82547	1529.57595
2025-09-11T08:26:50Z	1803.00000	1559.52892	1542.82294	1529.57468
2025-09-11T08:26:50Z	1803.00000	1559.52784	1542.82061	1529.57360
2025-09-11T08:26:50Z	1803.00000	1559.52680	1542.81889	1529.57273
2025-09-11T08:26:50Z	1803.00000	1559.52589	1542.81732	1529.57202
2025-09-11T08:26:50Z	1803.00000	1559.52499	1542.81509	1529.57106
2025-09-11T08:26:50Z	1803.00000	1559.52374	1542.81307	1529.57007
2025-09-11T08:26:50Z	1803.00000	1559.52287	1542.81124	1529.56930
2025-09-11T08:26:50Z	1803.00000	1559.52173	1542.80907	1529.56819
2025-09-11T08:26:50Z	1803.00000	1559.52095	1542.80748	1529.56753
2025-09-11T08:26:50Z	1803.00000	1559.51993	1542.80553	1529.56649
2025-09-11T08:26:51Z	1804.00000	1559.51879	1542.80355	1529.56560
2025-09-11T08:26:51Z	1804.00000	1559.51789	1542.80168	1529.56476
2025-09-11T08:26:51Z	1804.00000	1559.51688	1542.79987	1529.56386
2025-09-11T08:26:51Z	1804.00000	1559.58982	1542.94513	1529.63516
2025-09-11T08:26:51Z	1804.00000	1559.79027	1543.35431	1529.84084
2025-09-11T08:26:51Z	1804.00000	1560.04224	1543.90027	1530.09991
2025-09-11T08:26:51Z	1804.00000	1560.25511	1544.37038	1530.31793
2025-09-11T08:26:51Z	1804.00000	1560.45774	1544.82860	1530.52966
2025-09-11T08:26:51Z	1804.00000	1560.62762	1545.21416	1530.71294
2025-09-11T08:26:52Z	1805.00000	1560.79359	1545.59454	1530.89254
2025-09-11T08:26:52Z	1805.00000	1560.98686	1546.02845	1531.09283
2025-09-11T08:26:52Z	1805.00000	1561.15832	1546.39501	1531.26546
2025-09-11T08:26:52Z	1805.00000	1561.46626	1547.03243	1531.57094
2025-09-11T08:26:52Z	1805.00000	1561.59269	1547.30359	1531.69808
2025-09-11T08:26:52Z	1805.00000	1561.73780	1547.61445	1531.84495
2025-09-11T08:26:52Z	1805.00000	1561.85234	1547.87939	1531.97284
2025-09-11T08:26:52Z	1805.00000	1561.96168	1548.14327	1532.09999
2025-09-11T08:26:52Z	1805.00000	1562.07323	1548.41241	1532.23095
2025-09-11T08:26:52Z	1806.00000	1562.21688	1548.77619	1532.40295
2025-09-11T08:26:53Z	1806.00000	1562.32252	1549.03680	1532.52879
2025-09-11T08:26:53Z	1806.00000	1562.44055	1549.32876	1532.66644
2025-09-11T08:26:53Z	1806.00000	1562.53954	1549.56733	1532.77481
2025-09-11T08:26:53Z	1806.00000	1562.65514	1549.83322	1532.89672
2025-09-11T08:26:53Z	1806.00000	1562.76341	1550.06828	1533.00396
2025-09-11T08:26:53Z	1806.00000	1562.84268	1550.24716	1533.09117
2025-09-11T08:26:53Z	1806.00000	1562.91604	1550.41312	1533.17193
2025-09-11T08:26:53Z	1806.00000	1562.98632	1550.56748	1533.25131
2025-09-11T08:26:53Z	1806.00000	1563.04935	1550.70602	1533.31903
2025-09-11T08:26:53Z	1807.00000	1563.10205	1550.82118	1533.36914
2025-09-11T08:26:54Z	1807.00000	1563.16140	1550.93887	1533.42568
2025-09-11T08:26:54Z	1807.00000	1563.23187	1551.07891	1533.48717
2025-09-11T08:26:54Z	1807.00000	1563.31060	1551.23571	1533.55440
2025-09-11T08:26:54Z	1807.00000	1563.40301	1551.41082	1533.62918
2025-09-11T08:26:54Z	1807.00000	1563.48256	1551.54872	1533.69030
2025-09-11T08:26:54Z	1807.00000	1563.58718	1551.71498	1533.77379
2025-09-11T08:26:54Z	1807.00000	1563.64281	1551.78052	1533.81543
2025-09-11T08:26:54Z	1807.00000	1563.64567	1551.77556	1533.81755
2025-09-11T08:26:54Z	1807.00000	1563.64653	1551.77518	1533.81772
2025-09-11T08:26:54Z	1808.00000	1563.64714	1551.77331	1533.81818
2025-09-11T08:26:55Z	1808.00000	1563.64756	1551.77264	1533.81853
2025-09-11T08:26:55Z	1808.00000	1562.33221	1548.79923	1532.37056
2025-09-11T08:26:55Z	1808.00000	1561.76361	1547.58989	1531.78158
2025-09-11T08:26:55Z	1808.00000	1561.57145	1547.21101	1531.60129
2025-09-11T08:26:55Z	1808.00000	1561.38696	1546.82998	1531.42352
2025-09-11T08:26:55Z	1808.00000	1561.20814	1546.44452	1531.24216
2025-09-11T08:26:55Z	1808.00000	1561.04950	1546.10933	1531.08485
2025-09-11T08:26:55Z	1808.00000	1560.90123	1545.78374	1530.93818
2025-09-11T08:26:55Z	1808.00000	1560.75951	1545.46942	1530.79710
2025-09-11T08:26:56Z	1809.00000	1560.59550	1545.09994	1530.62622
2025-09-11T08:26:56Z	1809.00000	1560.42712	1544.73681	1530.45580
2025-09-11T08:26:56Z	1809.00000	1560.28618	1544.42885	1530.31492
2025-09-11T08:26:56Z	1809.00000	1560.10378	1544.03572	1530.13514
2025-09-11T08:26:56Z	1809.00000	1559.96945	1543.74953	1530.00338
2025-09-11T08:26:56Z	1809.00000	1559.84530	1543.48020	1529.87939
2025-09-11T08:26:56Z	1809.00000	1559.67428	1543.12545	1529.71165
2025-09-11T08:26:56Z	1809.00000	1559.62243	1543.01979	1529.66175
2025-09-11T08:26:56Z	1809.00000	1559.60980	1542.99094	1529.65002
2025-09-11T08:26:57Z	1810.00000	1559.60228	1542.97430	1529.64305
2025-09-11T08:26:57Z	1810.00000	1559.59677	1542.96254	1529.63797
2025-09-11T08:26:57Z	1810.00000	1559.59191	1542.95224	1529.63335
2025-09-11T08:26:57Z	1810.00000	1559.58627	1542.94006	1529.62806
2025-09-11T08:26:57Z	1810.00000	1559.58111	1542.92950	1529.62330
2025-09-11T08:26:57Z	1810.00000	1559.57719	1542.92122	1529.61946
2025-09-11T08:26:57Z	1810.00000	1559.57393	1542.91460	1529.61651
2025-09-11T08:26:57Z	1810.00000	1559.57079	1542.90848	1529.61380
2025-09-11T08:26:57Z	1810.00000	1559.56773	1542.90190	1529.61069
2025-09-11T08:26:57Z	1810.00000	1559.56415	1542.89490	1529.60746
2025-09-11T08:26:58Z	1811.00000	1559.56100	1542.88850	1529.60454
2025-09-11T08:26:58Z	1811.00000	1559.55875	1542.88390	1529.60254
2025-09-11T08:26:58Z	1811.00000	1559.55627	1542.87878	1529.60027
2025-09-11T08:26:58Z	1811.00000	1559.55392	1542.87428	1529.59825
2025-09-11T08:26:58Z	1811.00000	1559.55194	1542.87024	1529.59641
2025-09-11T08:26:58Z	1811.00000	1559.54979	1542.86596	1529.59442
2025-09-11T08:26:58Z	1811.00000	1559.54824	1542.86256	1529.59278
2025-09-11T08:26:58Z	1811.00000	1559.54599	1542.85813	1529.59083
2025-09-11T08:26:58Z	1811.00000	1559.54415	1542.85446	1529.58923
2025-09-11T08:26:59Z	1812.00000	1559.54249	1542.85125	1529.58783
2025-09-11T08:26:59Z	1812.00000	1559.54103	1542.84832	1529.58652
2025-09-11T08:26:59Z	1812.00000	1559.53942	1542.84506	1529.58503
2025-09-11T08:26:59Z	1812.00000	1559.53798	1542.84241	1529.58367
2025-09-11T08:26:59Z	1812.00000	1559.53640	1542.83939	1529.58235
2025-09-11T08:26:59Z	1812.00000	1559.53510	1542.83680	1529.58116
2025-09-11T08:26:59Z	1812.00000	1559.53398	1542.83432	1529.58006
2025-09-11T08:26:59Z	1812.00000	1559.53248	1542.83163	1529.57864
2025-09-11T08:26:59Z	1812.00000	1559.53134	1542.82935	1529.57773
2025-09-11T08:26:59Z	1812.00000	1559.52973	1542.82637	1529.57632
2025-09-11T08:27:00Z	1813.00000	1559.52838	1542.82351	1529.57497
2025-09-11T08:27:00Z	1813.00000	1559.52711	1542.82114	1529.57388
2025-09-11T08:27:00Z	1813.00000	1559.52591	1542.81886	1529.57287
2025-09-11T08:27:00Z	1813.00000	1559.52491	1542.81699	1529.57197
2025-09-11T08:27:00Z	1813.00000	1559.52288	1542.81303	1529.57001
2025-09-11T08:27:00Z	1813.00000	1559.52186	1542.81124	1529.56939
2025-09-11T08:27:00Z	1813.00000	1559.52093	1542.80953	1529.56850
2025-09-11T08:27:00Z	1813.00000	1559.51997	1542.80800	1529.56766
2025-09-11T08:27:01Z	1814.00000	1559.51927	1542.80633	1529.56698
2025-09-11T08:27:01Z	1814.00000	1559.51849	1542.80479	1529.56628
2025-09-11T08:27:01Z	1814.00000	1559.51744	1542.80301	1529.56538
2025-09-11T08:27:01Z	1814.00000	1559.51668	1542.80151	1529.56460
2025-09-11T08:27:01Z	1814.00000	1559.65760	1543.07941	1529.70186
2025-09-11T08:27:01Z	1814.00000	1559.86101	1543.49504	1529.90728
2025-09-11T08:27:01Z	1814.00000	1560.04844	1543.90047	1530.09915
2025-09-11T08:27:01Z	1814.00000	1560.29064	1544.42938	1530.34282
2025-09-11T08:27:01Z	1814.00000	1560.49408	1544.88302	1530.55337
2025-09-11T08:27:01Z	1814.00000	1560.65911	1545.25562	1530.72977
2025-09-11T08:27:02Z	1815.00000	1560.82286	1545.62093	1530.89815
2025-09-11T08:27:02Z	1815.00000	1560.98828	1545.98691	1531.06601
2025-09-11T08:27:02Z	1815.00000	1561.21365	1546.45964	1531.29210
2025-09-11T08:27:02Z	1815.00000	1561.46206	1546.97252	1531.54105
2025-09-11T08:27:02Z	1815.00000	1561.67199	1547.41226	1531.75187
2025-09-11T08:27:02Z	1815.00000	1561.82935	1547.75225	1531.91494
2025-09-11T08:27:02Z	1815.00000	1561.94500	1548.02760	1532.04722
2025-09-11T08:27:02Z	1815.00000	1562.07513	1548.32848	1532.19407
2025-09-11T08:27:02Z	1815.00000	1562.18295	1548.59536	1532.32380
2025-09-11T08:27:03Z	1816.00000	1562.28578	1548.85057	1532.44694
2025-09-11T08:27:03Z	1816.00000	1562.39100	1549.10857	1532.56766
2025-09-11T08:27:03Z	1816.00000	1562.52372	1549.42485	1532.71196
2025-09-11T08:27:03Z	1816.00000	1562.74384	1549.92694	1532.94265
2025-09-11T08:27:03Z	1816.00000	1562.85916	1550.18663	1533.06652
2025-09-11T08:27:03Z	1816.00000	1562.94269	1550.36637	1533.14971
2025-09-11T08:27:03Z	1816.00000	1563.03087	1550.54697	1533.23576
2025-09-11T08:27:03Z	1816.00000	1563.12217	1550.73232	1533.32144
2025-09-11T08:27:03Z	1816.00000	1563.21305	1550.90828	1533.40276
2025-09-11T08:27:04Z	1817.00000	1563.30969	1551.09119	1533.48833
2025-09-11T08:27:04Z	1817.00000	1563.41798	1551.29643	1533.58611
2025-09-11T08:27:04Z	1817.00000	1563.57649	1551.57559	1533.71440
2025-09-11T08:27:04Z	1817.00000	1563.64810	1551.69563	1533.77090
2025-09-11T08:27:04Z	1817.00000	1563.66582	1551.69788	1533.78542
2025-09-11T08:27:04Z	1817.00000	1563.66433	1551.68266	1533.78472
2025-09-11T08:27:04Z	1817.00000	1563.66549	1551.68107	1533.78485
2025-09-11T08:27:04Z	1817.00000	1563.66587	1551.67978	1533.78507
2025-09-11T08:27:04Z	1817.00000	1563.66643	1551.67820	1533.78523
2025-09-11T08:27:05Z	1818.00000	1563.66658	1551.67705	1533.78560
2025-09-11T08:27:05Z	1818.00000	1561.97023	1547.93487	1531.95031
2025-09-11T08:27:05Z	1818.00000	1561.69052	1547.39469	1531.69543
2025-09-11T08:27:05Z	1818.00000	1561.50033	1547.01682	1531.51718
2025-09-11T08:27:05Z	1818.00000	1561.25947	1546.52937	1531.28472
2025-09-11T08:27:05Z	1818.00000	1560.97034	1545.91867	1531.00208
2025-09-11T08:27:05Z	1818.00000	1560.80347	1545.55112	1530.83522
2025-09-11T08:27:05Z	1818.00000	1560.63519	1545.17545	1530.66216
2025-09-11T08:27:06Z	1819.00000	1560.46721	1544.81239	1530.49085
2025-09-11T08:27:06Z	1819.00000	1560.30480	1544.45685	1530.32791
2025-09-11T08:27:06Z	1819.00000	1560.17072	1544.17199	1530.19795
2025-09-11T08:27:06Z	1819.00000	1560.01727	1543.84202	1530.04806
2025-09-11T08:27:06Z	1819.00000	1559.86491	1543.51360	1529.89535
2025-09-11T08:27:06Z	1819.00000	1559.73633	1543.24680	1529.76784
2025-09-11T08:27:06Z	1819.00000	1559.63073	1543.03323	1529.66786
2025-09-11T08:27:06Z	1819.00000	1559.61840	1543.00577	1529.65695
2025-09-11T08:27:06Z	1819.00000	1559.60999	1542.98681	1529.64898
2025-09-11T08:27:06Z	1820.00000	1559.60443	1542.97526	1529.64426
2025-09-11T08:27:07Z	1820.00000	1559.59903	1542.96354	1529.63914
2025-09-11T08:27:07Z	1820.00000	1559.59340	1542.95181	1529.63383
2025-09-11T08:27:07Z	1820.00000	1559.58746	1542.93984	1529.62854
2025-09-11T08:27:07Z	1820.00000	1559.58318	1542.93081	1529.62451
2025-09-11T08:27:07Z	1820.00000	1559.57845	1542.92138	1529.62004
2025-09-11T08:27:07Z	1820.00000	1559.57478	1542.91390	1529.61676
2025-09-11T08:27:07Z	1820.00000	1559.57171	1542.90795	1529.61407
2025-09-11T08:27:07Z	1820.00000	1559.56891	1542.90237	1529.61145
2025-09-11T08:27:07Z	1820.00000	1559.56559	1542.89550	1529.60834
2025-09-11T08:27:08Z	1821.00000	1559.56266	1542.88991	1529.60575
2025-09-11T08:27:08Z	1821.00000	1559.55968	1542.88392	1529.60299
2025-09-11T08:27:08Z	1821.00000	1559.55745	1542.87965	1529.60105
2025-09-11T08:27:08Z	1821.00000	1559.55518	1542.87517	1529.59904
2025-09-11T08:27:08Z	1821.00000	1559.55316	1542.87118	1529.59720
2025-09-11T08:27:08Z	1821.00000	1559.55115	1542.86698	1529.59535
2025-09-11T08:27:08Z	1821.00000	1559.54930	1542.86354	1529.59372
2025-09-11T08:27:08Z	1821.00000	1559.54707	1542.85904	1529.59178
2025-09-11T08:27:08Z	1821.00000	1559.54537	1542.85595	1529.59028
2025-09-11T08:27:09Z	1822.00000	1559.54394	1542.85297	1529.58892
2025-09-11T08:27:09Z	1822.00000	1559.54233	1542.84988	1529.58761
2025-09-11T08:27:09Z	1822.00000	1559.54066	1542.84663	1529.58605
2025-09-11T08:27:09Z	1822.00000	1559.53929	1542.84394	1529.58486
2025-09-11T08:27:09Z	1822.00000	1559.53791	1542.84137	1529.58365
2025-09-11T08:27:09Z	1822.00000	1559.53667	1542.83881	1529.58247
2025-09-11T08:27:09Z	1822.00000	1559.53515	1542.83596	1529.58116
2025-09-11T08:27:09Z	1822.00000	1559.53386	1542.83323	1529.57977
2025-09-11T08:27:09Z	1822.00000	1559.53125	1542.82856	1529.57769
2025-09-11T08:27:10Z	1823.00000	1559.52983	1542.82600	1529.57653
2025-09-11T08:27:10Z	1823.00000	1559.52868	1542.82375	1529.57536
2025-09-11T08:27:10Z	1823.00000	1559.52755	1542.82161	1529.57443
2025-09-11T08:27:10Z	1823.00000	1559.52658	1542.81971	1529.57358
2025-09-11T08:27:10Z	1823.00000	1559.52544	1542.81735	1529.57249
2025-09-11T08:27:10Z	1823.00000	1559.52438	1542.81553	1529.57163
2025-09-11T08:27:10Z	1823.00000	1559.52261	1542.81231	1529.57003
2025-09-11T08:27:10Z	1823.00000	1559.52179	1542.81072	1529.56929
2025-09-11T08:27:11Z	1824.00000	1559.51983	1542.80711	1529.56760
2025-09-11T08:27:11Z	1824.00000	1559.51897	1542.80562	1529.56694
2025-09-11T08:27:11Z	1824.00000	1559.51831	1542.80434	1529.56641
2025-09-11T08:27:11Z	1824.00000	1559.51736	1542.80255	1529.56546
2025-09-11T08:27:11Z	1824.00000	1559.51671	1542.80111	1529.56475
2025-09-11T08:27:11Z	1824.00000	1559.72369	1543.20661	1529.76581
2025-09-11T08:27:11Z	1824.00000	1559.92966	1543.63703	1529.97466
2025-09-11T08:27:11Z	1824.00000	1560.17743	1544.17605	1530.22712
2025-09-11T08:27:11Z	1824.00000	1560.38822	1544.63961	1530.44122
2025-09-11T08:27:11Z	1825.00000	1560.59007	1545.08556	1530.65158
2025-09-11T08:27:12Z	1825.00000	1560.77853	1545.51535	1530.85045
2025-09-11T08:27:12Z	1825.00000	1560.97408	1545.94873	1531.04781
2025-09-11T08:27:12Z	1825.00000	1561.14344	1546.30500	1531.21568
2025-09-11T08:27:12Z	1825.00000	1561.33762	1546.71310	1531.41476
2025-09-11T08:27:12Z	1825.00000	1561.50163	1547.04577	1531.57577
2025-09-11T08:27:12Z	1825.00000	1561.62814	1547.31258	1531.70230
2025-09-11T08:27:12Z	1825.00000	1561.77336	1547.61533	1531.84756
2025-09-11T08:27:12Z	1825.00000	1561.90655	1547.92221	1531.99532
2025-09-11T08:27:12Z	1825.00000	1562.04907	1548.25281	1532.15595
2025-09-11T08:27:13Z	1826.00000	1562.16182	1548.52215	1532.28646
2025-09-11T08:27:13Z	1826.00000	1562.27010	1548.78432	1532.40913
2025-09-11T08:27:13Z	1826.00000	1562.40074	1549.08890	1532.55657
2025-09-11T08:27:13Z	1826.00000	1562.54580	1549.42685	1532.70933
2025-09-11T08:27:13Z	1826.00000	1562.67153	1549.71106	1532.84043
2025-09-11T08:27:13Z	1826.00000	1562.75077	1549.89208	1532.92410
2025-09-11T08:27:13Z	1826.00000	1562.84376	1550.10067	1533.02344
2025-09-11T08:27:13Z	1826.00000	1562.94451	1550.31893	1533.12864
2025-09-11T08:27:13Z	1826.00000	1563.05503	1550.54399	1533.23642
2025-09-11T08:27:13Z	1826.00000	1563.14010	1550.72138	1533.31670
2025-09-11T08:27:14Z	1827.00000	1563.26077	1550.94425	1533.41771
2025-09-11T08:27:14Z	1827.00000	1563.36423	1551.14730	1533.50760
2025-09-11T08:27:14Z	1827.00000	1563.44243	1551.29729	1533.57581
2025-09-11T08:27:14Z	1827.00000	1563.51977	1551.43912	1533.63617
2025-09-11T08:27:14Z	1827.00000	1563.58488	1551.54636	1533.68714
2025-09-11T08:27:14Z	1827.00000	1563.66872	1551.67545	1533.75522
2025-09-11T08:27:14Z	1827.00000	1563.67712	1551.66554	1533.76220
2025-09-11T08:27:14Z	1827.00000	1563.67852	1551.66358	1533.76290
2025-09-11T08:27:14Z	1827.00000	1563.67909	1551.66157	1533.76351
2025-09-11T08:27:14Z	1827.00000	1563.67824	1551.65798	1533.76293
2025-09-11T08:27:15Z	1828.00000	1563.67846	1551.65661	1533.76307
2025-09-11T08:27:15Z	1828.00000	1563.67890	1551.65531	1533.76314
2025-09-11T08:27:15Z	1828.00000	1563.67886	1551.65199	1533.76364
2025-09-11T08:27:15Z	1828.00000	1561.95125	1547.88520	1531.93037
2025-09-11T08:27:15Z	1828.00000	1561.67765	1547.34999	1531.67532
2025-09-11T08:27:15Z	1828.00000	1561.48545	1546.97044	1531.49665
2025-09-11T08:27:15Z	1828.00000	1561.28149	1546.56572	1531.30535
2025-09-11T08:27:15Z	1828.00000	1561.12397	1546.23289	1531.14733
2025-09-11T08:27:15Z	1828.00000	1560.97700	1545.92271	1531.00580
2025-09-11T08:27:15Z	1828.00000	1560.78655	1545.50036	1530.81346
2025-09-11T08:27:16Z	1829.00000	1560.62212	1545.13411	1530.64344
2025-09-11T08:27:16Z	1829.00000	1560.43080	1544.72414	1530.45046
2025-09-11T08:27:16Z	1829.00000	1560.29102	1544.41956	1530.31086
2025-09-11T08:27:16Z	1829.00000	1560.15880	1544.13823	1530.18142
2025-09-11T08:27:16Z	1829.00000	1560.00263	1543.80528	1530.02970
2025-09-11T08:27:16Z	1829.00000	1559.87668	1543.53183	1529.90362
2025-09-11T08:27:16Z	1829.00000	1559.72320	1543.21630	1529.75422
2025-09-11T08:27:16Z	1829.00000	1559.62804	1543.02542	1529.66475
2025-09-11T08:27:16Z	1829.00000	1559.61717	1543.00102	1529.65490
2025-09-11T08:27:17Z	1830.00000	1559.60995	1542.98533	1529.64834
2025-09-11T08:27:17Z	1830.00000	1559.60374	1542.97193	1529.64278
2025-09-11T08:27:17Z	1830.00000	1559.59833	1542.96072	1529.63785
2025-09-11T08:27:17Z	1830.00000	1559.59350	1542.95092	1529.63335
2025-09-11T08:27:17Z	1830.00000	1559.58920	1542.94222	1529.62946
2025-09-11T08:27:17Z	1830.00000	1559.58464	1542.93305	1529.62532
2025-09-11T08:27:17Z	1830.00000	1559.57991	1542.92357	1529.62108
2025-09-11T08:27:17Z	1830.00000	1559.57684	1542.91732	1529.61814
2025-09-11T08:27:17Z	1830.00000	1559.57318	1542.91013	1529.61499
2025-09-11T08:27:17Z	1830.00000	1559.57042	1542.90451	1529.61236
2025-09-11T08:27:18Z	1831.00000	1559.56724	1542.89856	1529.60962
2025-09-11T08:27:18Z	1831.00000	1559.56437	1542.89288	1529.60700
2025-09-11T08:27:18Z	1831.00000	1559.56207	1542.88822	1529.60487
2025-09-11T08:27:18Z	1831.00000	1559.55915	1542.88248	1529.60220
2025-09-11T08:27:18Z	1831.00000	1559.55631	1542.87715	1529.59977
2025-09-11T08:27:18Z	1831.00000	1559.55438	1542.87321	1529.59796
2025-09-11T08:27:18Z	1831.00000	1559.55195	1542.86822	1529.59572
2025-09-11T08:27:18Z	1831.00000	1559.55012	1542.86477	1529.59407
2025-09-11T08:27:18Z	1831.00000	1559.54828	1542.86135	1529.59259
2025-09-11T08:27:19Z	1832.00000	1559.54621	1542.85731	1529.59063
2025-09-11T08:27:19Z	1832.00000	1559.54475	1542.85418	1529.58922
2025-09-11T08:27:19Z	1832.00000	1559.54297	1542.85081	1529.58773
2025-09-11T08:27:19Z	1832.00000	1559.54151	1542.84792	1529.58650
2025-09-11T08:27:19Z	1832.00000	1559.53986	1542.84486	1529.58506
2025-09-11T08:27:19Z	1832.00000	1559.53847	1542.84228	1529.58387
2025-09-11T08:27:19Z	1832.00000	1559.53706	1542.83981	1529.58271
2025-09-11T08:27:19Z	1832.00000	1559.53582	1542.83708	1529.58138
2025-09-11T08:27:19Z	1832.00000	1559.53428	1542.83437	1529.58024
2025-09-11T08:27:20Z	1832.00000	1559.53283	1542.83145	1529.57883
2025-09-11T08:27:20Z	1833.00000	1559.53152	1542.82896	1529.57765
2025-09-11T08:27:20Z	1833.00000	1559.52998	1542.82625	1529.57647
2025-09-11T08:27:20Z	1833.00000	1559.52892	1542.82419	1529.57548
2025-09-11T08:27:20Z	1833.00000	1559.52779	1542.82205	1529.57443
2025-09-11T08:27:20Z	1833.00000	1559.52641	1542.81948	1529.57330
2025-09-11T08:27:20Z	1833.00000	1559.52522	1542.81716	1529.57207
2025-09-11T08:27:20Z	1833.00000	1559.52405	1542.81515	1529.57114
2025-09-11T08:27:20Z	1833.00000	1559.52303	1542.81308	1529.57027
2025-09-11T08:27:21Z	1834.00000	1559.52190	1542.81118	1529.56920
2025-09-11T08:27:21Z	1834.00000	1559.52089	1542.80929	1529.56836
2025-09-11T08:27:21Z	1834.00000	1559.52021	1542.80802	1529.56782
2025-09-11T08:27:21Z	1834.00000	1559.51935	1542.80645	1529.56718
2025-09-11T08:27:21Z	1834.00000	1559.51853	1542.80508	1529.56642
2025-09-11T08:27:21Z	1834.00000	1559.51760	1542.80310	1529.56548
2025-09-11T08:27:21Z	1834.00000	1559.51648	1542.80129	1529.56457
2025-09-11T08:27:21Z	1834.00000	1559.51574	1542.79987	1529.56399
2025-09-11T08:27:21Z	1834.00000	1559.51495	1542.79828	1529.56314
2025-09-11T08:27:21Z	1834.00000	1559.51400	1542.79678	1529.56246
2025-09-11T08:27:22Z	1835.00000	1559.51337	1542.79576	1529.56198
2025-09-11T08:27:22Z	1835.00000	1559.51285	1542.79465	1529.56139
2025-09-11T08:27:22Z	1835.00000	1559.51228	1542.79362	1529.56098
2025-09-11T08:27:22Z	1835.00000	1559.51167	1542.79245	1529.56033
2025-09-11T08:27:22Z	1835.00000	1559.51080	1542.79101	1529.55966
2025-09-11T08:27:22Z	1835.00000	1559.51002	1542.78968	1529.55899
2025-09-11T08:27:22Z	1835.00000	1559.50956	1542.78854	1529.55836
2025-09-11T08:27:22Z	1835.00000	1559.50871	1542.78726	1529.55779
2025-09-11T08:27:22Z	1835.00000	1559.50794	1542.78598	1529.55719
2025-09-11T08:27:22Z	1835.00000	1559.50735	1542.78486	1529.55654
2025-09-11T08:27:23Z	1836.00000	1559.50659	1542.78362	1529.55603
2025-09-11T08:27:23Z	1836.00000	1559.50605	1542.78249	1529.55549
2025-09-11T08:27:23Z	1836.00000	1559.50547	1542.78150	1529.55493
2025-09-11T08:27:23Z	1836.00000	1559.50503	1542.78052	1529.55454
2025-09-11T08:27:23Z	1836.00000	1559.50424	1542.77922	1529.55384
2025-09-11T08:27:23Z	1836.00000	1559.50361	1542.77832	1529.55340
2025-09-11T08:27:23Z	1836.00000	1559.50295	1542.77686	1529.55270
2025-09-11T08:27:23Z	1836.00000	1559.50238	1542.77615	1529.55233
2025-09-11T08:27:23Z	1836.00000	1559.50195	1542.77522	1529.55188
2025-09-11T08:27:23Z	1836.00000	1559.50128	1542.77397	1529.55128
2025-09-11T08:27:24Z	1837.00000	1559.50072	1542.77289	1529.55075
2025-09-11T08:27:24Z	1837.00000	1559.50009	1542.77189	1529.55019
2025-09-11T08:27:24Z	1837.00000	1559.49936	1542.77082	1529.54960
2025-09-11T08:27:24Z	1837.00000	1559.49903	1542.77002	1529.54932
2025-09-11T08:27:24Z	1837.00000	1559.49844	1542.76887	1529.54874
2025-09-11T08:27:24Z	1837.00000	1559.49784	1542.76792	1529.54830
2025-09-11T08:27:24Z	1837.00000	1559.49736	1542.76710	1529.54784
2025-09-11T08:27:24Z	1837.00000	1559.49678	1542.76610	1529.54732
2025-09-11T08:27:24Z	1837.00000	1559.49633	1542.76518	1529.54686
2025-09-11T08:27:25Z	1838.00000	1559.49565	1542.76440	1529.54640
2025-09-11T08:27:25Z	1838.00000	1559.49510	1542.76333	1529.54600
2025-09-11T08:27:25Z	1838.00000	1559.49449	1542.76232	1529.54544
2025-09-11T08:27:25Z	1838.00000	1559.49396	1542.76136	1529.54496
2025-09-11T08:27:25Z	1838.00000	1559.49368	1542.76067	1529.54456
2025-09-11T08:27:25Z	1838.00000	1559.49323	1542.75976	1529.54416
2025-09-11T08:27:25Z	1838.00000	1559.49286	1542.75904	1529.54382
2025-09-11T08:27:25Z	1838.00000	1559.49222	1542.75827	1529.54340
2025-09-11T08:27:25Z	1838.00000	1559.49175	1542.75742	1529.54297
2025-09-11T08:27:26Z	1839.00000	1559.49139	1542.75687	1529.54274
2025-09-11T08:27:26Z	1839.00000	1559.49106	1542.75638	1529.54237
2025-09-11T08:27:26Z	1839.00000	1559.49070	1542.75569	1529.54208
2025-09-11T08:27:26Z	1839.00000	1559.49045	1542.75499	1529.54174
2025-09-11T08:27:26Z	1839.00000	1559.49003	1542.75432	1529.54142
2025-09-11T08:27:26Z	1839.00000	1559.48937	1542.75328	1529.54090
2025-09-11T08:27:26Z	1839.00000	1559.48907	1542.75275	1529.54052
2025-09-11T08:27:26Z	1839.00000	1559.48860	1542.75186	1529.54013
2025-09-11T08:27:26Z	1839.00000	1559.48817	1542.75114	1529.53983
2025-09-11T08:27:26Z	1840.00000	1559.48780	1542.75053	1529.53944
2025-09-11T08:27:27Z	1840.00000	1559.48746	1542.74988	1529.53911
2025-09-11T08:27:27Z	1840.00000	1559.48701	1542.74922	1529.53884
2025-09-11T08:27:27Z	1840.00000	1559.48672	1542.74858	1529.53839
2025-09-11T08:27:27Z	1840.00000	1559.48629	1542.74789	1529.53813
2025-09-11T08:27:27Z	1840.00000	1559.48587	1542.74728	1529.53782
2025-09-11T08:27:27Z	1840.00000	1559.48562	1542.74663	1529.53753
2025-09-11T08:27:27Z	1840.00000	1559.48514	1542.74607	1529.53716
2025-09-11T08:27:27Z	1840.00000	1559.48479	1542.74541	1529.53679
2025-09-11T08:27:27Z	1840.00000	1559.48428	1542.74452	1529.53644
2025-09-11T08:27:28Z	1841.00000	1559.48404	1542.74393	1529.53613
2025-09-11T08:27:28Z	1841.00000	1559.48372	1542.74337	1529.53580
2025-09-11T08:27:28Z	1841.00000	1559.48330	1542.74266	1529.53546
2025-09-11T08:27:28Z	1841.00000	1559.48300	1542.74222	1529.53524
2025-09-11T08:27:28Z	1841.00000	1559.48270	1542.74157	1529.53488
2025-09-11T08:27:28Z	1841.00000	1559.48228	1542.74105	1529.53462
2025-09-11T08:27:28Z	1841.00000	1559.48203	1542.74057	1529.53442
2025-09-11T08:27:28Z	1841.00000	1559.48164	1542.73990	1529.53413
2025-09-11T08:27:28Z	1841.00000	1559.48137	1542.73930	1529.53371
2025-09-11T08:27:28Z	1841.00000	1559.48103	1542.73885	1529.53356
2025-09-11T08:27:29Z	1842.00000	1559.48070	1542.73815	1529.53324
2025-09-11T08:27:29Z	1842.00000	1559.48041	1542.73767	1529.53302
2025-09-11T08:27:29Z	1842.00000	1559.48002	1542.73710	1529.53266
2025-09-11T08:27:29Z	1842.00000	1559.47973	1542.73651	1529.53232
2025-09-11T08:27:29Z	1842.00000	1559.47930	1542.73591	1529.53203
2025-09-11T08:27:29Z	1842.00000	1559.47908	1542.73540	1529.53179
2025-09-11T08:27:29Z	1842.00000	1559.47874	1542.73488	1529.53143
2025-09-11T08:27:29Z	1842.00000	1559.47843	1542.73437	1529.53121
2025-09-11T08:27:29Z	1842.00000	1559.47822	1542.73378	1529.53090
2025-09-11T08:27:30Z	1843.00000	1559.47790	1542.73328	1529.53072
2025-09-11T08:27:30Z	1843.00000	1559.47759	1542.73276	1529.53039
2025-09-11T08:27:30Z	1843.00000	1559.47732	1542.73221	1529.53012
2025-09-11T08:27:30Z	1843.00000	1559.47695	1542.73161	1529.52986
2025-09-11T08:27:30Z	1843.00000	1559.47667	1542.73137	1529.52966
2025-09-11T08:27:30Z	1843.00000	1559.47629	1542.73079	1529.52930
2025-09-11T08:27:30Z	1843.00000	1559.47605	1542.73024	1529.52909
2025-09-11T08:27:30Z	1843.00000	1559.47581	1542.72981	1529.52886
2025-09-11T08:27:30Z	1843.00000	1559.47552	1542.72924	1529.52859
2025-09-11T08:27:30Z	1843.00000	1559.47531	1542.72878	1529.52838
2025-09-11T08:27:31Z	1844.00000	1559.47500	1542.72844	1529.52814
2025-09-11T08:27:31Z	1844.00000	1559.47473	1542.72782	1529.52781
2025-09-11T08:27:31Z	1844.00000	1559.47437	1542.72741	1529.52765
2025-09-11T08:27:31Z	1844.00000	1559.47422	1542.72685	1529.52740
2025-09-11T08:27:31Z	1844.00000	1559.47359	1542.72600	1529.52695
2025-09-11T08:27:31Z	1844.00000	1559.47323	1542.72515	1529.52650
2025-09-11T08:27:31Z	1844.00000	1559.47292	1542.72475	1529.52626
2025-09-11T08:27:31Z	1845.00000	1559.47269	1542.72436	1529.52610
2025-09-11T08:27:32Z	1845.00000	1559.47245	1542.72388	1529.52593
2025-09-11T08:27:32Z	1845.00000	1559.47226	1542.72341	1529.52570
2025-09-11T08:27:32Z	1845.00000	1559.47206	1542.72292	1529.52544
2025-09-11T08:27:32Z	1845.00000	1559.47142	1542.72217	1529.52493
2025-09-11T08:27:32Z	1845.00000	1559.47126	1542.72182	1529.52479
2025-09-11T08:27:32Z	1845.00000	1559.47095	1542.72124	1529.52449
2025-09-11T08:27:32Z	1845.00000	1559.47072	1542.72083	1529.52426
2025-09-11T08:27:32Z	1845.00000	1559.47059	1542.72050	1529.52416
2025-09-11T08:27:33Z	1846.00000	1559.47042	1542.72011	1529.52385
2025-09-11T08:27:33Z	1846.00000	1559.47002	1542.71958	1529.52361
2025-09-11T08:27:33Z	1846.00000	1559.46977	1542.71914	1529.52348
2025-09-11T08:27:33Z	1846.00000	1559.46964	1542.71896	1529.52327
2025-09-11T08:27:33Z	1846.00000	1559.46939	1542.71838	1529.52308
2025-09-11T08:27:33Z	1846.00000	1559.46924	1542.71813	1529.52290
2025-09-11T08:27:33Z	1846.00000	1559.46898	1542.71759	1529.52260
2025-09-11T08:27:33Z	1846.00000	1559.46867	1542.71710	1529.52233
2025-09-11T08:27:33Z	1847.00000	1559.46819	1542.71629	1529.52190
2025-09-11T08:27:34Z	1847.00000	1559.46807	1542.71580	1529.52172
2025-09-11T08:27:34Z	1847.00000	1559.46749	1542.71518	1529.52137
2025-09-11T08:27:34Z	1847.00000	1559.46732	1542.71481	1529.52121
2025-09-11T08:27:34Z	1847.00000	1559.46710	1542.71438	1529.52102
2025-09-11T08:27:34Z	1847.00000	1559.46689	1542.71401	1529.52080
2025-09-11T08:27:34Z	1847.00000	1559.46667	1542.71370	1529.52063
2025-09-11T08:27:34Z	1847.00000	1559.46654	1542.71321	1529.52037
2025-09-11T08:27:34Z	1847.00000	1559.46630	1542.71288	1529.52021
2025-09-11T08:27:35Z	1848.00000	1559.46604	1542.71247	1529.52001
2025-09-11T08:27:35Z	1848.00000	1559.46579	1542.71205	1529.51984
2025-09-11T08:27:35Z	1848.00000	1559.46554	1542.71168	1529.51963
2025-09-11T08:27:35Z	1848.00000	1559.46534	1542.71132	1529.51936
2025-09-11T08:27:35Z	1848.00000	1559.46521	1542.71087	1529.51913
2025-09-11T08:27:35Z	1848.00000	1559.46494	1542.71043	1529.51899
2025-09-11T08:27:35Z	1848.00000	1559.46468	1542.71010	1529.51876
2025-09-11T08:27:35Z	1848.00000	1559.46453	1542.70980	1529.51865
2025-09-11T08:27:35Z	1848.00000	1559.46440	1542.70943	1529.51853
2025-09-11T08:27:36Z	1849.00000	1559.46402	1542.70919	1529.51827
2025-09-11T08:27:36Z	1849.00000	1559.46403	1542.70868	1529.51814
2025-09-11T08:27:36Z	1849.00000	1559.46379	1542.70849	1529.51790
2025-09-11T08:27:36Z	1849.00000	1559.46348	1542.70808	1529.51775
2025-09-11T08:27:36Z	1849.00000	1559.46337	1542.70785	1529.51762
2025-09-11T08:27:36Z	1849.00000	1559.46333	1542.70757	1529.51743
2025-09-11T08:27:36Z	1849.00000	1559.46286	1542.70691	1529.51715
2025-09-11T08:27:36Z	1849.00000	1559.46267	1542.70652	1529.51688
2025-09-11T08:27:36Z	1850.00000	1559.46243	1542.70593	1529.51669
2025-09-11T08:27:37Z	1850.00000	1559.46215	1542.70557	1529.51642
2025-09-11T08:27:37Z	1850.00000	1559.46194	1542.70522	1529.51631
2025-09-11T08:27:37Z	1850.00000	1559.46171	1542.70491	1529.51618
2025-09-11T08:27:37Z	1850.00000	1559.46154	1542.70455	1529.51595
2025-09-11T08:27:37Z	1850.00000	1559.46142	1542.70425	1529.51572
2025-09-11T08:27:37Z	1850.00000	1559.46118	1542.70408	1529.51570
2025-09-11T08:27:37Z	1850.00000	1559.46098	1542.70373	1529.51550
2025-09-11T08:27:37Z	1850.00000	1559.46080	1542.70333	1529.51525
2025-09-11T08:27:37Z	1850.00000	1559.46074	1542.70292	1529.51505
2025-09-11T08:27:38Z	1851.00000	1559.46058	1542.70271	1529.51489
2025-09-11T08:27:38Z	1851.00000	1559.46029	1542.70228	1529.51481
2025-09-11T08:27:38Z	1851.00000	1559.46007	1542.70196	1529.51460
2025-09-11T08:27:38Z	1851.00000	1559.45999	1542.70180	1529.51446
2025-09-11T08:27:38Z	1851.00000	1559.45971	1542.70130	1529.51416
2025-09-11T08:27:38Z	1851.00000	1559.45952	1542.70100	1529.51413
2025-09-11T08:27:38Z	1851.00000	1559.45930	1542.70058	1529.51391
2025-09-11T08:27:38Z	1851.00000	1559.45924	1542.70028	1529.51369
2025-09-11T08:27:38Z	1851.00000	1559.45905	1542.70000	1529.51362
2025-09-11T08:27:39Z	1852.00000	1559.45886	1542.69979	1529.51345
2025-09-11T08:27:39Z	1852.00000	1559.45877	1542.69942	1529.51338
2025-09-11T08:27:39Z	1852.00000	1559.45858	1542.69915	1529.51320
2025-09-11T08:27:39Z	1852.00000	1559.45833	1542.69885	1529.51297
2025-09-11T08:27:39Z	1852.00000	1559.45821	1542.69849	1529.51280
2025-09-11T08:27:39Z	1852.00000	1559.45806	1542.69832	1529.51269
2025-09-11T08:27:39Z	1852.00000	1559.45799	1542.69793	1529.51249
2025-09-11T08:27:39Z	1852.00000	1559.45751	1542.69742	1529.51225
2025-09-11T08:27:39Z	1853.00000	1559.45754	1542.69720	1529.51211
2025-09-11T08:27:40Z	1853.00000	1559.45720	1542.69683	1529.51201
2025-09-11T08:27:40Z	1853.00000	1559.45701	1542.69652	1529.51177
2025-09-11T08:27:40Z	1853.00000	1559.45687	1542.69621	1529.51165
2025-09-11T08:27:40Z	1853.00000	1559.45679	1542.69601	1529.51150
2025-09-11T08:27:40Z	1853.00000	1559.45656	1542.69565	1529.51132
2025-09-11T08:27:40Z	1853.00000	1559.45634	1542.69527	1529.51111
2025-09-11T08:27:40Z	1853.00000	1559.45620	1542.69513	1529.51106
2025-09-11T08:27:40Z	1853.00000	1559.45614	1542.69487	1529.51093
2025-09-11T08:27:40Z	1853.00000	1559.45594	1542.69458	1529.51078
2025-09-11T08:27:41Z	1854.00000	1559.45573	1542.69432	1529.51062
2025-09-11T08:27:41Z	1854.00000	1559.45558	1542.69393	1529.51043
2025-09-11T08:27:41Z	1854.00000	1559.45551	1542.69361	1529.51029
2025-09-11T08:27:41Z	1854.00000	1559.45524	1542.69350	1529.51016
2025-09-11T08:27:41Z	1854.00000	1559.45518	1542.69318	1529.51000
2025-09-11T08:27:41Z	1854.00000	1559.45506	1542.69276	1529.50983
2025-09-11T08:27:41Z	1854.00000	1559.45488	1542.69259	1529.50977
2025-09-11T08:27:41Z	1854.00000	1559.45467	1542.69235	1529.50961
2025-09-11T08:27:41Z	1854.00000	1559.45451	1542.69206	1529.50950
2025-09-11T08:27:42Z	1855.00000	1559.45441	1542.69172	1529.50928
2025-09-11T08:27:42Z	1855.00000	1559.45427	1542.69148	1529.50911
2025-09-11T08:27:42Z	1855.00000	1559.45400	1542.69120	1529.50907
2025-09-11T08:27:42Z	1855.00000	1559.45402	1542.69097	1529.50887
2025-09-11T08:27:42Z	1855.00000	1559.45374	1542.69076	1529.50876
2025-09-11T08:27:42Z	1855.00000	1559.45359	1542.69063	1529.50866
2025-09-11T08:27:42Z	1855.00000	1559.45367	1542.69031	1529.50848
2025-09-11T08:27:42Z	1855.00000	1559.45345	1542.69008	1529.50830
2025-09-11T08:27:42Z	1855.00000	1559.45327	1542.68980	1529.50823
2025-09-11T08:27:42Z	1855.00000	1559.45313	1542.68946	1529.50805
2025-09-11T08:27:43Z	1856.00000	1559.45297	1542.68922	1529.50800
2025-09-11T08:27:43Z	1856.00000	1559.45277	1542.68907	1529.50779
2025-09-11T08:27:43Z	1856.00000	1559.45282	1542.68871	1529.50779
2025-09-11T08:27:43Z	1856.00000	1559.45257	1542.68858	1529.50766
2025-09-11T08:27:43Z	1856.00000	1559.45252	1542.68827	1529.50747
2025-09-11T08:27:43Z	1856.00000	1559.45247	1542.68813	1529.50742
2025-09-11T08:27:43Z	1856.00000	1559.45230	1542.68783	1529.50719
2025-09-11T08:27:43Z	1856.00000	1559.45210	1542.68765	1529.50706
2025-09-11T08:27:43Z	1856.00000	1559.45192	1542.68742	1529.50697
2025-09-11T08:27:43Z	1856.00000	1559.45199	1542.68699	1529.50688
2025-09-11T08:27:44Z	1857.00000	1559.45167	1542.68693	1529.50674
2025-09-11T08:27:44Z	1857.00000	1559.45147	1542.68664	1529.50653
2025-09-11T08:27:44Z	1857.00000	1559.45136	1542.68638	1529.50642
2025-09-11T08:27:44Z	1857.00000	1559.45132	1542.68615	1529.50629
2025-09-11T08:27:44Z	1857.00000	1559.45118	1542.68591	1529.50631
2025-09-11T08:27:44Z	1857.00000	1559.45101	1542.68568	1529.50615
2025-09-11T08:27:44Z	1857.00000	1559.45087	1542.68542	1529.50598
2025-09-11T08:27:44Z	1857.00000	1559.45078	1542.68532	1529.50594
2025-09-11T08:27:44Z	1857.00000	1559.45075	1542.68509	1529.50579
2025-09-11T08:27:44Z	1857.00000	1559.45045	1542.68482	1529.50558
2025-09-11T08:27:45Z	1858.00000	1559.45040	1542.68457	1529.50555
2025-09-11T08:27:45Z	1858.00000	1559.45028	1542.68428	1529.50533
2025-09-11T08:27:45Z	1858.00000	1559.45009	1542.68394	1529.50522
2025-09-11T08:27:45Z	1858.00000	1559.45008	1542.68385	1529.50521
2025-09-11T08:27:45Z	1858.00000	1559.44974	1542.68355	1529.50499
2025-09-11T08:27:45Z	1858.00000	1559.44966	1542.68326	1529.50485
2025-09-11T08:27:45Z	1858.00000	1559.44945	1542.68291	1529.50468
2025-09-11T08:27:45Z	1858.00000	1559.44934	1542.68279	1529.50460
2025-09-11T08:27:46Z	1859.00000	1559.44926	1542.68254	1529.50441
2025-09-11T08:27:46Z	1859.00000	1559.44915	1542.68221	1529.50428
2025-09-11T08:27:46Z	1859.00000	1559.44895	1542.68180	1529.50414
2025-09-11T08:27:46Z	1859.00000	1559.44872	1542.68152	1529.50394
2025-09-11T08:27:46Z	1859.00000	1559.44866	1542.68129	1529.50385
2025-09-11T08:27:46Z	1859.00000	1559.44850	1542.68118	1529.50377
2025-09-11T08:27:46Z	1859.00000	1559.44835	1542.68091	1529.50365
2025-09-11T08:27:46Z	1859.00000	1559.44829	1542.68072	1529.50352
2025-09-11T08:27:46Z	1859.00000	1559.44816	1542.68043	1529.50334
2025-09-11T08:27:47Z	1860.00000	1559.44797	1542.68021	1529.50320
2025-09-11T08:27:47Z	1860.00000	1559.44783	1542.68006	1529.50313
2025-09-11T08:27:47Z	1860.00000	1559.44768	1542.67982	1529.50301
2025-09-11T08:27:47Z	1860.00000	1559.44764	1542.67957	1529.50290
2025-09-11T08:27:47Z	1860.00000	1559.44768	1542.67930	1529.50292
2025-09-11T08:27:47Z	1860.00000	1559.44746	1542.67903	1529.50267
2025-09-11T08:27:47Z	1860.00000	1559.44717	1542.67883	1529.50255
2025-09-11T08:27:47Z	1860.00000	1559.44727	1542.67865	1529.50250
2025-09-11T08:27:47Z	1860.00000	1559.44709	1542.67848	1529.50236
2025-09-11T08:27:48Z	1861.00000	1559.44682	1542.67832	1529.50223
2025-09-11T08:27:48Z	1861.00000	1559.44671	1542.67804	1529.50211
2025-09-11T08:27:48Z	1861.00000	1559.44661	1542.67785	1529.50191
2025-09-11T08:27:48Z	1861.00000	1559.44656	1542.67762	1529.50200
2025-09-11T08:27:48Z	1861.00000	1559.44656	1542.67737	1529.50179
2025-09-11T08:27:48Z	1861.00000	1559.44635	1542.67721	1529.50173
2025-09-11T08:27:48Z	1861.00000	1559.44614	1542.67700	1529.50161
2025-09-11T08:27:48Z	1861.00000	1559.44617	1542.67685	1529.50148
2025-09-11T08:27:48Z	1861.00000	1559.44591	1542.67655	1529.50140
2025-09-11T08:27:48Z	1861.00000	1559.44584	1542.67636	1529.50130
2025-09-11T08:27:49Z	1862.00000	1559.44570	1542.67620	1529.50120
2025-09-11T08:27:49Z	1862.00000	1559.44560	1542.67583	1529.50103
2025-09-11T08:27:49Z	1862.00000	1559.44552	1542.67574	1529.50095
2025-09-11T08:27:49Z	1862.00000	1559.44549	1542.67554	1529.50084
2025-09-11T08:27:49Z	1862.00000	1559.44520	1542.67537	1529.50072
2025-09-11T08:27:49Z	1862.00000	1559.44521	1542.67504	1529.50060
2025-09-11T08:27:49Z	1862.00000	1559.44508	1542.67492	1529.50053
2025-09-11T08:27:49Z	1862.00000	1559.44500	1542.67479	1529.50046
2025-09-11T08:27:49Z	1862.00000	1559.44482	1542.67462	1529.50032
2025-09-11T08:27:49Z	1862.00000	1559.44465	1542.67429	1529.50026
2025-09-11T08:27:50Z	1863.00000	1559.44462	1542.67416	1529.50013
2025-09-11T08:27:50Z	1863.00000	1559.44444	1542.67400	1529.49999
2025-09-11T08:27:50Z	1863.00000	1559.44440	1542.67370	1529.49990
2025-09-11T08:27:50Z	1863.00000	1559.44432	1542.67348	1529.49985
2025-09-11T08:27:50Z	1863.00000	1559.44416	1542.67327	1529.49974
2025-09-11T08:27:50Z	1863.00000	1559.44408	1542.67316	1529.49955
2025-09-11T08:27:50Z	1863.00000	1559.44401	1542.67286	1529.49944
2025-09-11T08:27:50Z	1863.00000	1559.44387	1542.67273	1529.49935
2025-09-11T08:27:50Z	1863.00000	1559.44379	1542.67249	1529.49933
2025-09-11T08:27:50Z	1864.00000	1559.44364	1542.67242	1529.49922
2025-09-11T08:27:51Z	1864.00000	1559.44360	1542.67216	1529.49911
2025-09-11T08:27:51Z	1864.00000	1559.44347	1542.67190	1529.49902
2025-09-11T08:27:51Z	1864.00000	1559.44342	1542.67178	1529.49892
2025-09-11T08:27:51Z	1864.00000	1559.44325	1542.67152	1529.49873
2025-09-11T08:27:51Z	1864.00000	1559.44308	1542.67140	1529.49870
2025-09-11T08:27:51Z	1864.00000	1559.44319	1542.67116	1529.49852
2025-09-11T08:27:51Z	1864.00000	1559.44285	1542.67084	1529.49849
2025-09-11T08:27:51Z	1864.00000	1559.44280	1542.67076	1529.49842
2025-09-11T08:27:52Z	1865.00000	1559.44249	1542.67030	1529.49806
2025-09-11T08:27:52Z	1865.00000	1559.44244	1542.67011	1529.49801
2025-09-11T08:27:52Z	1865.00000	1559.44243	1542.66997	1529.49796
2025-09-11T08:27:52Z	1865.00000	1559.44218	1542.66978	1529.49794
2025-09-11T08:27:52Z	1865.00000	1559.44211	1542.66958	1529.49772
2025-09-11T08:27:52Z	1865.00000	1559.44198	1542.66940	1529.49769
2025-09-11T08:27:52Z	1865.00000	1559.44189	1542.66911	1529.49755
2025-09-11T08:27:52Z	1865.00000	1559.44182	1542.66894	1529.49750
2025-09-11T08:27:52Z	1866.00000	1559.44178	1542.66876	1529.49738
2025-09-11T08:27:53Z	1866.00000	1559.44169	1542.66861	1529.49729
2025-09-11T08:27:53Z	1866.00000	1559.44139	1542.66841	1529.49721
2025-09-11T08:27:53Z	1866.00000	1559.44134	1542.66820	1529.49706
2025-09-11T08:27:53Z	1866.00000	1559.44131	1542.66814	1529.49694
2025-09-11T08:27:53Z	1866.00000	1559.44122	1542.66790	1529.49698
2025-09-11T08:27:53Z	1866.00000	1559.44120	1542.66771	1529.49686
2025-09-11T08:27:53Z	1866.00000	1559.44097	1542.66751	1529.49670
2025-09-11T08:27:53Z	1866.00000	1559.44085	1542.66717	1529.49658
2025-09-11T08:27:54Z	1867.00000	1559.44065	1542.66701	1529.49636
2025-09-11T08:27:54Z	1867.00000	1559.44073	1542.66676	1529.49640
2025-09-11T08:27:54Z	1867.00000	1559.44059	1542.66667	1529.49622
2025-09-11T08:27:54Z	1867.00000	1559.44035	1542.66631	1529.49612
2025-09-11T08:27:54Z	1867.00000	1559.44019	1542.66604	1529.49596
2025-09-11T08:27:54Z	1867.00000	1559.44024	1542.66599	1529.49585
2025-09-11T08:27:54Z	1867.00000	1559.44014	1542.66584	1529.49577
2025-09-11T08:27:54Z	1867.00000	1559.43995	1542.66556	1529.49568
2025-09-11T08:27:54Z	1867.00000	1559.43989	1542.66547	1529.49565
2025-09-11T08:27:55Z	1868.00000	1559.43994	1542.66526	1529.49548
2025-09-11T08:27:55Z	1868.00000	1559.43965	1542.66519	1529.49549
2025-09-11T08:27:55Z	1868.00000	1559.43960	1542.66497	1529.49532
2025-09-11T08:27:55Z	1868.00000	1559.43943	1542.66466	1529.49525
2025-09-11T08:27:55Z	1868.00000	1559.43948	1542.66462	1529.49518
2025-09-11T08:27:55Z	1868.00000	1559.43941	1542.66450	1529.49509
2025-09-11T08:27:55Z	1868.00000	1559.43927	1542.66426	1529.49496
2025-09-11T08:27:55Z	1868.00000	1559.43919	1542.66408	1529.49499
2025-09-11T08:27:55Z	1868.00000	1559.43904	1542.66390	1529.49486
2025-09-11T08:27:55Z	1868.00000	1559.43910	1542.66382	1529.49478
2025-09-11T08:27:56Z	1869.00000	1559.43889	1542.66364	1529.49462
2025-09-11T08:27:56Z	1869.00000	1559.43875	1542.66350	1529.49464
2025-09-11T08:27:56Z	1869.00000	1559.43870	1542.66328	1529.49453
2025-09-11T08:27:56Z	1869.00000	1559.43857	1542.66318	1529.49435
2025-09-11T08:27:56Z	1869.00000	1559.43850	1542.66281	1529.49423
2025-09-11T08:27:56Z	1869.00000	1559.43841	1542.66280	1529.49422
2025-09-11T08:27:56Z	1869.00000	1559.43828	1542.66257	1529.49414
2025-09-11T08:27:56Z	1869.00000	1559.43820	1542.66236	1529.49397
2025-09-11T08:27:56Z	1869.00000	1559.43822	1542.66225	1529.49398
2025-09-11T08:27:57Z	1870.00000	1559.43806	1542.66219	1529.49395
2025-09-11T08:27:57Z	1870.00000	1559.43797	1542.66193	1529.49377
2025-09-11T08:27:57Z	1870.00000	1559.43785	1542.66174	1529.49377
2025-09-11T08:27:57Z	1870.00000	1559.43767	1542.66164	1529.49359
2025-09-11T08:27:57Z	1870.00000	1559.43771	1542.66155	1529.49357
2025-09-11T08:27:57Z	1870.00000	1559.43751	1542.66139	1529.49349
2025-09-11T08:27:57Z	1870.00000	1559.43763	1542.66121	1529.49340
2025-09-11T08:27:57Z	1870.00000	1559.43737	1542.66101	1529.49332
2025-09-11T08:27:57Z	1870.00000	1559.43735	1542.66090	1529.49316
2025-09-11T08:27:57Z	1870.00000	1559.43733	1542.66074	1529.49315
2025-09-11T08:27:58Z	1871.00000	1559.43722	1542.66047	1529.49302
2025-09-11T08:27:58Z	1871.00000	1559.43704	1542.66041	1529.49295
2025-09-11T08:27:58Z	1871.00000	1559.43691	1542.66018	1529.49287
2025-09-11T08:27:58Z	1871.00000	1559.43697	1542.65995	1529.49281
2025-09-11T08:27:58Z	1871.00000	1559.43679	1542.65985	1529.49268
2025-09-11T08:27:58Z	1871.00000	1559.43676	1542.65965	1529.49262
2025-09-11T08:27:58Z	1871.00000	1559.43663	1542.65950	1529.49240
2025-09-11T08:27:58Z	1871.00000	1559.43657	1542.65940	1529.49241
2025-09-11T08:27:58Z	1871.00000	1559.43650	1542.65917	1529.49243
2025-09-11T08:27:58Z	1872.00000	1559.43635	1542.65908	1529.49235
2025-09-11T08:27:59Z	1872.00000	1559.43631	1542.65889	1529.49227
2025-09-11T08:27:59Z	1872.00000	1559.43622	1542.65864	1529.49208
2025-09-11T08:27:59Z	1872.00000	1559.43615	1542.65859	1529.49206
2025-09-11T08:27:59Z	1872.00000	1559.43604	1542.65844	1529.49184
2025-09-11T08:27:59Z	1872.00000	1559.43584	1542.65832	1529.49181
2025-09-11T08:27:59Z	1872.00000	1559.43581	1542.65807	1529.49176
2025-09-11T08:27:59Z	1872.00000	1559.43575	1542.65798	1529.49175
2025-09-11T08:27:59Z	1872.00000	1559.43577	1542.65788	1529.49170
2025-09-11T08:27:59Z	1872.00000	1559.43556	1542.65777	1529.49153
2025-09-11T08:28:00Z	1873.00000	1559.43544	1542.65752	1529.49143
2025-09-11T08:28:00Z	1873.00000	1559.43534	1542.65743	1529.49148
2025-09-11T08:28:00Z	1873.00000	1559.43531	1542.65726	1529.49144
2025-09-11T08:28:00Z	1873.00000	1559.43516	1542.65710	1529.49120
2025-09-11T08:28:00Z	1873.00000	1559.43521	1542.65695	1529.49117
2025-09-11T08:28:00Z	1873.00000	1559.43506	1542.65675	1529.49108
2025-09-11T08:28:00Z	1873.00000	1559.43511	1542.65674	1529.49091
2025-09-11T08:28:00Z	1873.00000	1559.43485	1542.65626	1529.49086
2025-09-11T08:28:00Z	1873.00000	1559.43478	1542.65620	1529.49079
2025-09-11T08:28:01Z	1874.00000	1559.43461	1542.65602	1529.49076
2025-09-11T08:28:01Z	1874.00000	1559.43456	1542.65586	1529.49060
2025-09-11T08:28:01Z	1874.00000	1559.43453	1542.65575	1529.49055
2025-09-11T08:28:01Z	1874.00000	1559.43438	1542.65565	1529.49051
2025-09-11T08:28:01Z	1874.00000	1559.43428	1542.65541	1529.49045
2025-09-11T08:28:01Z	1874.00000	1559.43427	1542.65534	1529.49035
2025-09-11T08:28:01Z	1874.00000	1559.43427	1542.65507	1529.49028
2025-09-11T08:28:01Z	1874.00000	1559.43406	1542.65502	1529.49024
2025-09-11T08:28:01Z	1874.00000	1559.43390	1542.65486	1529.49017
2025-09-11T08:28:01Z	1874.00000	1559.43393	1542.65474	1529.49000
2025-09-11T08:28:02Z	1875.00000	1559.43385	1542.65450	1529.48996
2025-09-11T08:28:02Z	1875.00000	1559.43368	1542.65442	1529.48988
2025-09-11T08:28:02Z	1875.00000	1559.43372	1542.65423	1529.48967
2025-09-11T08:28:02Z	1875.00000	1559.43351	1542.65410	1529.48978
2025-09-11T08:28:02Z	1875.00000	1559.43348	1542.65402	1529.48965
2025-09-11T08:28:02Z	1875.00000	1559.43344	1542.65393	1529.48960
2025-09-11T08:28:02Z	1875.00000	1559.43345	1542.65374	1529.48955
2025-09-11T08:28:02Z	1875.00000	1559.43323	1542.65359	1529.48953
2025-09-11T08:28:02Z	1875.00000	1559.43322	1542.65342	1529.48936
2025-09-11T08:28:02Z	1876.00000	1559.43320	1542.65330	1529.48933
2025-09-11T08:28:03Z	1876.00000	1559.43311	1542.65326	1529.48927
2025-09-11T08:28:03Z	1876.00000	1559.43294	1542.65314	1529.48915
2025-09-11T08:28:03Z	1876.00000	1559.43296	1542.65293	1529.48910
2025-09-11T08:28:03Z	1876.00000	1559.52483	1542.82754	1529.57451
2025-09-11T08:28:03Z	1876.00000	1559.75318	1543.28030	1529.79772
2025-09-11T08:28:03Z	1876.00000	1559.96156	1543.72309	1530.01197
2025-09-11T08:28:03Z	1876.00000	1560.16391	1544.16554	1530.21687
2025-09-11T08:28:03Z	1876.00000	1560.35817	1544.59101	1530.41413
2025-09-11T08:28:03Z	1876.00000	1560.57121	1545.06360	1530.63670
2025-09-11T08:28:04Z	1877.00000	1560.74783	1545.46287	1530.82321
2025-09-11T08:28:04Z	1877.00000	1560.87578	1545.74284	1530.94921
2025-09-11T08:28:04Z	1877.00000	1561.05674	1546.13084	1531.12671
2025-09-11T08:28:04Z	1877.00000	1561.23936	1546.50022	1531.30301
2025-09-11T08:28:04Z	1877.00000	1561.36807	1546.76679	1531.43490
2025-09-11T08:28:04Z	1877.00000	1561.53756	1547.11207	1531.60312
2025-09-11T08:28:04Z	1877.00000	1561.71445	1547.48951	1531.78224
2025-09-11T08:28:04Z	1877.00000	1561.82707	1547.73618	1531.90129
2025-09-11T08:28:04Z	1877.00000	1561.91970	1547.96445	1532.01083
2025-09-11T08:28:05Z	1878.00000	1562.00972	1548.18460	1532.11943
2025-09-11T08:28:05Z	1878.00000	1562.09730	1548.39162	1532.21876
2025-09-11T08:28:05Z	1878.00000	1562.17650	1548.58813	1532.31419
2025-09-11T08:28:05Z	1878.00000	1562.24208	1548.74908	1532.39011
2025-09-11T08:28:05Z	1878.00000	1562.31031	1548.90967	1532.46905
2025-09-11T08:28:05Z	1878.00000	1562.38763	1549.09090	1532.55376
2025-09-11T08:28:05Z	1878.00000	1562.48089	1549.30609	1532.65118
2025-09-11T08:28:05Z	1878.00000	1562.57218	1549.51110	1532.74281
2025-09-11T08:28:05Z	1878.00000	1562.63695	1549.65978	1532.81159
2025-09-11T08:28:05Z	1878.00000	1562.67692	1549.75045	1532.85350
2025-09-11T08:28:06Z	1879.00000	1562.71779	1549.84013	1532.89481
2025-09-11T08:28:06Z	1879.00000	1562.75304	1549.91915	1532.92974
2025-09-11T08:28:06Z	1879.00000	1562.77624	1549.96974	1532.95303
2025-09-11T08:28:06Z	1879.00000	1562.82125	1550.06679	1532.99909
2025-09-11T08:28:06Z	1879.00000	1562.83670	1550.10182	1533.01559
2025-09-11T08:28:06Z	1879.00000	1562.85508	1550.14150	1533.03401
2025-09-11T08:28:06Z	1879.00000	1562.86796	1550.16814	1533.04704
2025-09-11T08:28:06Z	1879.00000	1562.87851	1550.19043	1533.05772
2025-09-11T08:28:06Z	1879.00000	1562.88949	1550.21378	1533.06874
2025-09-11T08:28:07Z	1880.00000	1562.89801	1550.23081	1533.07743
2025-09-11T08:28:07Z	1880.00000	1562.90577	1550.24651	1533.08487
2025-09-11T08:28:07Z	1880.00000	1561.53759	1547.06686	1531.53343
2025-09-11T08:28:07Z	1880.00000	1561.20915	1546.40961	1531.22349
2025-09-11T08:28:07Z	1880.00000	1560.91649	1545.79304	1530.93763
2025-09-11T08:28:07Z	1880.00000	1560.77444	1545.48577	1530.79872
2025-09-11T08:28:07Z	1880.00000	1560.59004	1545.07694	1530.60773
2025-09-11T08:28:07Z	1880.00000	1560.45358	1544.78679	1530.47107
2025-09-11T08:28:08Z	1880.00000	1560.27358	1544.39743	1530.29279
2025-09-11T08:28:08Z	1881.00000	1560.13942	1544.11175	1530.16056
2025-09-11T08:28:08Z	1881.00000	1559.97321	1543.75668	1529.99877
2025-09-11T08:28:08Z	1881.00000	1559.83404	1543.45667	1529.86097
2025-09-11T08:28:08Z	1881.00000	1559.71019	1543.20511	1529.74157
2025-09-11T08:28:08Z	1881.00000	1559.59123	1542.96780	1529.62792
2025-09-11T08:28:08Z	1881.00000	1559.55905	1542.90247	1529.59888
2025-09-11T08:28:08Z	1881.00000	1559.55148	1542.88617	1529.59265
2025-09-11T08:28:08Z	1881.00000	1559.54555	1542.87301	1529.58734
2025-09-11T08:28:08Z	1881.00000	1559.53895	1542.85872	1529.58197
2025-09-11T08:28:09Z	1882.00000	1559.53011	1542.84036	1529.57449
2025-09-11T08:28:09Z	1882.00000	1559.52680	1542.83339	1529.57171
2025-09-11T08:28:09Z	1882.00000	1559.52314	1542.82584	1529.56850
2025-09-11T08:28:09Z	1882.00000	1559.51922	1542.81877	1529.56626
2025-09-11T08:28:09Z	1882.00000	1559.51567	1542.81165	1529.56322
2025-09-11T08:28:09Z	1882.00000	1559.51370	1542.80724	1529.56123
2025-09-11T08:28:09Z	1882.00000	1559.51084	1542.80240	1529.55916
2025-09-11T08:28:09Z	1882.00000	1559.50836	1542.79709	1529.55681
2025-09-11T08:28:10Z	1883.00000	1559.50612	1542.79317	1529.55516
2025-09-11T08:28:10Z	1883.00000	1559.50449	1542.78974	1529.55350
2025-09-11T08:28:10Z	1883.00000	1559.50210	1542.78528	1529.55165
2025-09-11T08:28:10Z	1883.00000	1559.50047	1542.78222	1529.55019
2025-09-11T08:28:10Z	1883.00000	1559.49906	1542.77970	1529.54905
2025-09-11T08:28:10Z	1883.00000	1559.49736	1542.77648	1529.54765
2025-09-11T08:28:10Z	1883.00000	1559.49576	1542.77343	1529.54615
2025-09-11T08:28:10Z	1883.00000	1559.49448	1542.77090	1529.54511
2025-09-11T08:28:10Z	1883.00000	1559.49303	1542.76844	1529.54389
2025-09-11T08:28:10Z	1883.00000	1559.49195	1542.76620	1529.54279
2025-09-11T08:28:11Z	1884.00000	1559.49054	1542.76374	1529.54172
2025-09-11T08:28:11Z	1884.00000	1559.48929	1542.76130	1529.54053
2025-09-11T08:28:11Z	1884.00000	1559.48806	1542.75888	1529.53951
2025-09-11T08:28:11Z	1884.00000	1559.48682	1542.75667	1529.53842
2025-09-11T08:28:11Z	1884.00000	1559.48581	1542.75475	1529.53756
2025-09-11T08:28:11Z	1884.00000	1559.48470	1542.75273	1529.53650
2025-09-11T08:28:11Z	1884.00000	1559.48381	1542.75111	1529.53586
2025-09-11T08:28:11Z	1884.00000	1559.48277	1542.74920	1529.53485
2025-09-11T08:28:11Z	1884.00000	1559.48164	1542.74745	1529.53402
2025-09-11T08:28:11Z	1884.00000	1559.48092	1542.74563	1529.53320
2025-09-11T08:28:12Z	1885.00000	1559.47993	1542.74394	1529.53237
2025-09-11T08:28:12Z	1885.00000	1559.47875	1542.74200	1529.53143
2025-09-11T08:28:12Z	1885.00000	1559.47789	1542.74041	1529.53064
2025-09-11T08:28:12Z	1885.00000	1559.47714	1542.73870	1529.52993
2025-09-11T08:28:12Z	1885.00000	1559.47636	1542.73746	1529.52930
2025-09-11T08:28:12Z	1885.00000	1559.47564	1542.73616	1529.52868
2025-09-11T08:28:12Z	1885.00000	1559.47501	1542.73507	1529.52808
2025-09-11T08:28:12Z	1885.00000	1559.47430	1542.73354	1529.52730
2025-09-11T08:28:12Z	1885.00000	1559.47340	1542.73223	1529.52677
2025-09-11T08:28:13Z	1886.00000	1559.47278	1542.73086	1529.52611
2025-09-11T08:28:13Z	1886.00000	1559.47225	1542.72969	1529.52562
2025-09-11T08:28:13Z	1886.00000	1559.47161	1542.72879	1529.52509
2025-09-11T08:28:13Z	1886.00000	1559.47110	1542.72767	1529.52451
2025-09-11T08:28:13Z	1886.00000	1559.66266	1543.09800	1529.70614
2025-09-11T08:28:13Z	1886.00000	1559.86665	1543.50671	1529.90769
2025-09-11T08:28:13Z	1886.00000	1560.07743	1543.95673	1530.11934
2025-09-11T08:28:13Z	1886.00000	1560.27857	1544.39334	1530.32040
2025-09-11T08:28:13Z	1886.00000	1560.46655	1544.81114	1530.51257
2025-09-11T08:28:13Z	1886.00000	1560.62437	1545.15900	1530.67757
2025-09-11T08:28:14Z	1887.00000	1560.77548	1545.49933	1530.83594
2025-09-11T08:28:14Z	1887.00000	1560.92740	1545.83418	1530.98854
2025-09-11T08:28:14Z	1887.00000	1561.07887	1546.16064	1531.13690
2025-09-11T08:28:14Z	1887.00000	1561.23461	1546.47887	1531.28771
2025-09-11T08:28:14Z	1887.00000	1561.39461	1546.80860	1531.44577
2025-09-11T08:28:14Z	1887.00000	1561.56370	1547.15070	1531.61564
2025-09-11T08:28:14Z	1887.00000	1561.67580	1547.38662	1531.72815
2025-09-11T08:28:14Z	1887.00000	1561.80242	1547.65266	1531.85594
2025-09-11T08:28:14Z	1887.00000	1561.91884	1547.92853	1531.99034
2025-09-11T08:28:14Z	1887.00000	1561.99835	1548.11752	1532.08196
2025-09-11T08:28:15Z	1888.00000	1562.08720	1548.32183	1532.18105
2025-09-11T08:28:15Z	1888.00000	1562.18514	1548.56164	1532.29937
2025-09-11T08:28:15Z	1888.00000	1562.28116	1548.79205	1532.40727
2025-09-11T08:28:15Z	1888.00000	1562.36960	1548.99879	1532.50893
2025-09-11T08:28:15Z	1888.00000	1562.42691	1549.13435	1532.57330
2025-09-11T08:28:15Z	1888.00000	1562.50261	1549.31755	1532.65876
2025-09-11T08:28:15Z	1888.00000	1562.63182	1549.61367	1532.79230
2025-09-11T08:28:15Z	1888.00000	1562.68484	1549.73046	1532.84649
2025-09-11T08:28:16Z	1889.00000	1562.75589	1549.88843	1532.91812
2025-09-11T08:28:16Z	1889.00000	1562.78352	1549.95184	1532.94747
2025-09-11T08:28:16Z	1889.00000	1562.80294	1549.99336	1532.96701
2025-09-11T08:28:16Z	1889.00000	1562.82418	1550.04081	1532.98929
2025-09-11T08:28:16Z	1889.00000	1562.84447	1550.08426	1533.01024
2025-09-11T08:28:16Z	1889.00000	1562.85923	1550.11529	1533.02516
2025-09-11T08:28:16Z	1889.00000	1562.87216	1550.14403	1533.03852
2025-09-11T08:28:16Z	1889.00000	1562.88461	1550.16574	1533.05241
2025-09-11T08:28:16Z	1889.00000	1562.89458	1550.18509	1533.06185
2025-09-11T08:28:17Z	1890.00000	1562.90519	1550.21355	1533.07288
2025-09-11T08:28:17Z	1890.00000	1562.91563	1550.22826	1533.08233
2025-09-11T08:28:17Z	1890.00000	1562.28231	1548.53276	1532.26097
2025-09-11T08:28:17Z	1890.00000	1561.41352	1546.81638	1531.42360
2025-09-11T08:28:17Z	1890.00000	1561.15639	1546.27253	1531.16121
2025-09-11T08:28:17Z	1890.00000	1560.93695	1545.81168	1530.94802
2025-09-11T08:28:17Z	1890.00000	1560.81742	1545.55358	1530.83150
2025-09-11T08:28:17Z	1890.00000	1560.65812	1545.21095	1530.67097
2025-09-11T08:28:17Z	1890.00000	1560.52425	1544.91569	1530.53181
2025-09-11T08:28:17Z	1890.00000	1560.36661	1544.58001	1530.37631
2025-09-11T08:28:18Z	1891.00000	1560.23105	1544.29149	1530.24719
2025-09-11T08:28:18Z	1891.00000	1560.10511	1544.02395	1530.12357
2025-09-11T08:28:18Z	1891.00000	1559.97951	1543.76059	1530.00198
2025-09-11T08:28:18Z	1891.00000	1559.86074	1543.50590	1529.88502
2025-09-11T08:28:18Z	1891.00000	1559.68907	1543.15766	1529.72149
2025-09-11T08:28:18Z	1891.00000	1559.57884	1542.93945	1529.61731
2025-09-11T08:28:18Z	1891.00000	1559.57027	1542.92069	1529.61000
2025-09-11T08:28:18Z	1891.00000	1559.56145	1542.90202	1529.60235
2025-09-11T08:28:18Z	1891.00000	1559.55520	1542.88886	1529.59700
2025-09-11T08:28:19Z	1892.00000	1559.55054	1542.87923	1529.59300
2025-09-11T08:28:19Z	1892.00000	1559.54562	1542.86921	1529.58899
2025-09-11T08:28:19Z	1892.00000	1559.53916	1542.85573	1529.58352
2025-09-11T08:28:19Z	1892.00000	1559.53603	1542.84927	1529.58073
2025-09-11T08:28:19Z	1892.00000	1559.53311	1542.84336	1529.57827
2025-09-11T08:28:19Z	1892.00000	1559.52964	1542.83624	1529.57525
2025-09-11T08:28:19Z	1892.00000	1559.52715	1542.83121	1529.57311
2025-09-11T08:28:19Z	1892.00000	1559.52430	1542.82602	1529.57084
2025-09-11T08:28:19Z	1892.00000	1559.52234	1542.82177	1529.56898
2025-09-11T08:28:20Z	1893.00000	1559.51958	1542.81648	1529.56672
2025-09-11T08:28:20Z	1893.00000	1559.51773	1542.81289	1529.56527
2025-09-11T08:28:20Z	1893.00000	1559.51612	1542.80998	1529.56382
2025-09-11T08:28:20Z	1893.00000	1559.51285	1542.80344	1529.56105
2025-09-11T08:28:20Z	1893.00000	1559.50934	1542.79720	1529.55809
2025-09-11T08:28:20Z	1893.00000	1559.50753	1542.79351	1529.55640
2025-09-11T08:28:20Z	1893.00000	1559.50562	1542.79007	1529.55488
2025-09-11T08:28:20Z	1893.00000	1559.50420	1542.78722	1529.55357
2025-09-11T08:28:21Z	1894.00000	1559.50293	1542.78509	1529.55250
2025-09-11T08:28:21Z	1894.00000	1559.50174	1542.78284	1529.55144
2025-09-11T08:28:21Z	1894.00000	1559.50076	1542.78058	1529.55012
2025-09-11T08:28:21Z	1894.00000	1559.49955	1542.77849	1529.54916
2025-09-11T08:28:21Z	1894.00000	1559.49830	1542.77621	1529.54826
2025-09-11T08:28:21Z	1894.00000	1559.49677	1542.77400	1529.54738
2025-09-11T08:28:21Z	1894.00000	1559.49582	1542.77225	1529.54649
2025-09-11T08:28:21Z	1894.00000	1559.49499	1542.77045	1529.54565
2025-09-11T08:28:21Z	1894.00000	1559.49390	1542.76864	1529.54475
2025-09-11T08:28:21Z	1894.00000	1559.49263	1542.76662	1529.54392
2025-09-11T08:28:22Z	1895.00000	1559.49154	1542.76455	1529.54288
2025-09-11T08:28:22Z	1895.00000	1559.49063	1542.76259	1529.54206
2025-09-11T08:28:22Z	1895.00000	1559.48948	1542.76084	1529.54111
2025-09-11T08:28:22Z	1895.00000	1559.48887	1542.75961	1529.54053
2025-09-11T08:28:22Z	1895.00000	1559.48809	1542.75821	1529.53982
2025-09-11T08:28:22Z	1895.00000	1559.48727	1542.75669	1529.53908
2025-09-11T08:28:22Z	1895.00000	1559.48643	1542.75511	1529.53829
2025-09-11T08:28:22Z	1895.00000	1559.48573	1542.75384	1529.53766
2025-09-11T08:28:22Z	1895.00000	1559.48483	1542.75213	1529.53690
2025-09-11T08:28:23Z	1896.00000	1559.48403	1542.75077	1529.53627
2025-09-11T08:28:23Z	1896.00000	1559.48336	1542.74961	1529.53560
2025-09-11T08:28:23Z	1896.00000	1559.48208	1542.74720	1529.53447
2025-09-11T08:28:23Z	1896.00000	1559.68517	1543.13620	1529.72580
2025-09-11T08:28:23Z	1896.00000	1559.88059	1543.52789	1529.91782
2025-09-11T08:28:23Z	1896.00000	1560.09119	1543.97396	1530.12733
2025-09-11T08:28:23Z	1896.00000	1560.29273	1544.40839	1530.32712
2025-09-11T08:28:23Z	1896.00000	1560.48317	1544.82819	1530.52021
2025-09-11T08:28:23Z	1896.00000	1560.66551	1545.23323	1530.71090
2025-09-11T08:28:24Z	1897.00000	1560.87055	1545.68395	1530.91835
2025-09-11T08:28:24Z	1897.00000	1560.99646	1545.96105	1531.04512
2025-09-11T08:28:24Z	1897.00000	1561.15230	1546.28575	1531.19702
2025-09-11T08:28:24Z	1897.00000	1561.33050	1546.65771	1531.37355
2025-09-11T08:28:24Z	1897.00000	1561.48811	1546.96891	1531.52101
2025-09-11T08:28:24Z	1897.00000	1561.67652	1547.35820	1531.71198
2025-09-11T08:28:24Z	1897.00000	1561.80596	1547.62546	1531.84084
2025-09-11T08:28:24Z	1897.00000	1561.91584	1547.87996	1531.96585
2025-09-11T08:28:24Z	1897.00000	1562.02007	1548.12600	1532.08533
2025-09-11T08:28:25Z	1898.00000	1562.12874	1548.37333	1532.20465
2025-09-11T08:28:25Z	1898.00000	1562.22641	1548.61006	1532.32038
2025-09-11T08:28:25Z	1898.00000	1562.31912	1548.82644	1532.42275
2025-09-11T08:28:25Z	1898.00000	1562.41865	1549.06184	1532.53668
2025-09-11T08:28:25Z	1898.00000	1562.49147	1549.23895	1532.62069
2025-09-11T08:28:25Z	1898.00000	1562.55790	1549.39415	1532.69448
2025-09-11T08:28:25Z	1898.00000	1562.61591	1549.52806	1532.75583
2025-09-11T08:28:25Z	1898.00000	1562.65517	1549.62036	1532.79763
2025-09-11T08:28:25Z	1898.00000	1562.69394	1549.70740	1532.83844
2025-09-11T08:28:26Z	1899.00000	1562.72262	1549.77219	1532.86799
2025-09-11T08:28:26Z	1899.00000	1562.75785	1549.84685	1532.90255
2025-09-11T08:28:26Z	1899.00000	1562.78016	1549.89758	1532.92362
2025-09-11T08:28:26Z	1899.00000	1562.80458	1549.94944	1532.94808
2025-09-11T08:28:26Z	1899.00000	1562.82109	1549.98621	1532.96476
2025-09-11T08:28:26Z	1899.00000	1562.83848	1550.02404	1532.98285
2025-09-11T08:28:26Z	1899.00000	1562.85557	1550.05922	1533.00013
2025-09-11T08:28:26Z	1899.00000	1562.86908	1550.08782	1533.01378
2025-09-11T08:28:26Z	1899.00000	1562.88336	1550.11796	1533.02784
2025-09-11T08:28:26Z	1899.00000	1562.89501	1550.14017	1533.03895
2025-09-11T08:28:27Z	1900.00000	1562.90683	1550.16329	1533.04982
2025-09-11T08:28:27Z	1900.00000	1562.92402	1550.19509	1533.06489
2025-09-11T08:28:27Z	1900.00000	1562.48216	1548.92047	1532.46973
2025-09-11T08:28:27Z	1900.00000	1561.38371	1546.71617	1531.37044
2025-09-11T08:28:27Z	1900.00000	1561.19370	1546.30593	1531.17368
2025-09-11T08:28:27Z	1900.00000	1561.02105	1545.95882	1531.01263
2025-09-11T08:28:27Z	1900.00000	1560.85140	1545.58800	1530.84188
2025-09-11T08:28:27Z	1900.00000	1560.71751	1545.30180	1530.70905
2025-09-11T08:28:27Z	1900.00000	1560.55339	1544.94477	1530.54264
2025-09-11T08:28:28Z	1901.00000	1560.41502	1544.65773	1530.41029
2025-09-11T08:28:28Z	1901.00000	1560.28329	1544.37863	1530.28479
2025-09-11T08:28:28Z	1901.00000	1560.13203	1544.06112	1530.13918
2025-09-11T08:28:28Z	1901.00000	1560.00324	1543.79374	1530.01661
2025-09-11T08:28:28Z	1901.00000	1559.88017	1543.53484	1529.89811
2025-09-11T08:28:28Z	1901.00000	1559.75293	1543.28052	1529.77763
2025-09-11T08:28:28Z	1901.00000	1559.61151	1542.99975	1529.64625
2025-09-11T08:28:28Z	1901.00000	1559.58465	1542.94544	1529.62208
2025-09-11T08:28:28Z	1901.00000	1559.57536	1542.92597	1529.61420
2025-09-11T08:28:28Z	1901.00000	1559.56920	1542.91315	1529.60893
2025-09-11T08:28:29Z	1902.00000	1559.56385	1542.90227	1529.60431
2025-09-11T08:28:29Z	1902.00000	1559.55821	1542.89076	1529.59955
2025-09-11T08:28:29Z	1902.00000	1559.55406	1542.88232	1529.59595
2025-09-11T08:28:29Z	1902.00000	1559.54982	1542.87362	1529.59243
2025-09-11T08:28:29Z	1902.00000	1559.54581	1542.86563	1529.58902
2025-09-11T08:28:29Z	1902.00000	1559.54273	1542.85941	1529.58648
2025-09-11T08:28:29Z	1902.00000	1559.53981	1542.85373	1529.58404
2025-09-11T08:28:29Z	1902.00000	1559.53715	1542.84845	1529.58172
2025-09-11T08:28:29Z	1902.00000	1559.53456	1542.84343	1529.57961
2025-09-11T08:28:29Z	1902.00000	1559.53201	1542.83821	1529.57733
2025-09-11T08:28:30Z	1903.00000	1559.52935	1542.83321	1529.57516
2025-09-11T08:28:30Z	1903.00000	1559.52703	1542.82856	1529.57316
2025-09-11T08:28:30Z	1903.00000	1559.52553	1542.82547	1529.57175
2025-09-11T08:28:30Z	1903.00000	1559.52216	1542.81903	1529.56889
2025-09-11T08:28:30Z	1903.00000	1559.52038	1542.81578	1529.56750
2025-09-11T08:28:30Z	1903.00000	1559.51880	1542.81269	1529.56614
2025-09-11T08:28:30Z	1903.00000	1559.51638	1542.80830	1529.56411
2025-09-11T08:28:30Z	1903.00000	1559.51496	1542.80540	1529.56279
2025-09-11T08:28:30Z	1903.00000	1559.51319	1542.80238	1529.56140
2025-09-11T08:28:31Z	1904.00000	1559.51187	1542.79985	1529.56023
2025-09-11T08:28:31Z	1904.00000	1559.50993	1542.79627	1529.55853
2025-09-11T08:28:31Z	1904.00000	1559.50876	1542.79403	1529.55757
2025-09-11T08:28:31Z	1904.00000	1559.50739	1542.79136	1529.55641
2025-09-11T08:28:31Z	1904.00000	1559.50582	1542.78856	1529.55506
2025-09-11T08:28:31Z	1904.00000	1559.50458	1542.78626	1529.55391
2025-09-11T08:28:31Z	1904.00000	1559.50335	1542.78424	1529.55301
2025-09-11T08:28:31Z	1904.00000	1559.50238	1542.78239	1529.55209
2025-09-11T08:28:31Z	1904.00000	1559.50103	1542.77999	1529.55096
2025-09-11T08:28:32Z	1905.00000	1559.50006	1542.77813	1529.55010
2025-09-11T08:28:32Z	1905.00000	1559.49911	1542.77648	1529.54929
2025-09-11T08:28:32Z	1905.00000	1559.49792	1542.77422	1529.54814
2025-09-11T08:28:32Z	1905.00000	1559.49681	1542.77239	1529.54740
2025-09-11T08:28:32Z	1905.00000	1559.49591	1542.77081	1529.54655
2025-09-11T08:28:32Z	1905.00000	1559.49518	1542.76917	1529.54574
2025-09-11T08:28:32Z	1905.00000	1559.49428	1542.76765	1529.54494
2025-09-11T08:28:32Z	1905.00000	1559.49328	1542.76596	1529.54425
2025-09-11T08:28:32Z	1905.00000	1559.49236	1542.76435	1529.54347
2025-09-11T08:28:33Z	1906.00000	1559.49170	1542.76294	1529.54286
2025-09-11T08:28:33Z	1906.00000	1559.49086	1542.76163	1529.54214
2025-09-11T08:28:33Z	1906.00000	1559.49029	1542.76035	1529.54157
2025-09-11T08:28:33Z	1906.00000	1559.48917	1542.75873	1529.54075
2025-09-11T08:28:33Z	1906.00000	1559.48858	1542.75765	1529.54014
2025-09-11T08:28:33Z	1906.00000	1559.74116	1543.23882	1529.77474
2025-09-11T08:28:33Z	1906.00000	1559.97002	1543.69892	1529.99637
2025-09-11T08:28:33Z	1906.00000	1560.15291	1544.08608	1530.17471
2025-09-11T08:28:33Z	1906.00000	1560.32974	1544.46215	1530.34689
2025-09-11T08:28:33Z	1906.00000	1560.54933	1544.93707	1530.56560
2025-09-11T08:28:34Z	1907.00000	1560.70420	1545.28110	1530.72638
2025-09-11T08:28:34Z	1907.00000	1560.86080	1545.61901	1530.88189
2025-09-11T08:28:34Z	1907.00000	1561.07005	1546.06754	1531.08579
2025-09-11T08:28:34Z	1907.00000	1561.25307	1546.43860	1531.25933
2025-09-11T08:28:34Z	1907.00000	1561.48715	1546.90813	1531.48195
2025-09-11T08:28:34Z	1907.00000	1561.63156	1547.20167	1531.62324
2025-09-11T08:28:34Z	1907.00000	1561.79021	1547.52160	1531.77666
2025-09-11T08:28:34Z	1907.00000	1561.91220	1547.79075	1531.91073
2025-09-11T08:28:34Z	1907.00000	1561.99643	1547.98823	1532.00690
2025-09-11T08:28:35Z	1908.00000	1562.10479	1548.24005	1532.13412
2025-09-11T08:28:35Z	1908.00000	1562.18687	1548.44527	1532.23525
2025-09-11T08:28:35Z	1908.00000	1562.27685	1548.66216	1532.34033
2025-09-11T08:28:35Z	1908.00000	1562.36503	1548.86750	1532.43805
2025-09-11T08:28:35Z	1908.00000	1562.45510	1549.08596	1532.54366
2025-09-11T08:28:35Z	1908.00000	1562.52984	1549.26870	1532.62937
2025-09-11T08:28:35Z	1908.00000	1562.58488	1549.40084	1532.69217
2025-09-11T08:28:35Z	1908.00000	1562.62945	1549.50335	1532.73964
2025-09-11T08:28:35Z	1908.00000	1562.67248	1549.60200	1532.78559
2025-09-11T08:28:36Z	1909.00000	1562.70644	1549.67900	1532.82098
2025-09-11T08:28:36Z	1909.00000	1562.73358	1549.73633	1532.84874
2025-09-11T08:28:36Z	1909.00000	1562.75754	1549.79219	1532.87472
2025-09-11T08:28:36Z	1909.00000	1562.78062	1549.83991	1532.89665
2025-09-11T08:28:36Z	1909.00000	1562.80684	1549.89948	1532.92239
2025-09-11T08:28:36Z	1909.00000	1562.83181	1549.95255	1532.94588
2025-09-11T08:28:36Z	1909.00000	1562.85850	1550.00562	1532.97026
2025-09-11T08:28:36Z	1909.00000	1562.89309	1550.07410	1533.00377
2025-09-11T08:28:36Z	1909.00000	1562.91493	1550.11843	1533.02494
2025-09-11T08:28:37Z	1910.00000	1562.92993	1550.14803	1533.03885
2025-09-11T08:28:37Z	1910.00000	1562.95038	1550.18636	1533.05648
2025-09-11T08:28:37Z	1910.00000	1561.69042	1547.28163	1531.63286
2025-09-11T08:28:37Z	1910.00000	1561.29978	1546.50515	1531.25886
2025-09-11T08:28:37Z	1910.00000	1561.11826	1546.12804	1531.08095
2025-09-11T08:28:37Z	1910.00000	1560.94771	1545.76487	1530.91369
2025-09-11T08:28:37Z	1910.00000	1560.79611	1545.43993	1530.76683
2025-09-11T08:28:37Z	1910.00000	1560.65952	1545.14739	1530.63298
2025-09-11T08:28:37Z	1910.00000	1560.50191	1544.81652	1530.47840
2025-09-11T08:28:38Z	1911.00000	1560.25350	1544.29510	1530.24444
2025-09-11T08:28:38Z	1911.00000	1560.12945	1544.03851	1530.12639
2025-09-11T08:28:38Z	1911.00000	1559.97926	1543.72822	1529.98370
2025-09-11T08:28:38Z	1911.00000	1559.80733	1543.37708	1529.82368
2025-09-11T08:28:38Z	1911.00000	1559.63889	1543.04928	1529.67034
2025-09-11T08:28:38Z	1911.00000	1559.58964	1542.95187	1529.62517
2025-09-11T08:28:38Z	1911.00000	1559.58147	1542.93465	1529.61832
2025-09-11T08:28:38Z	1911.00000	1559.57474	1542.92084	1529.61267
2025-09-11T08:28:38Z	1911.00000	1559.56828	1542.90761	1529.60720
2025-09-11T08:28:39Z	1912.00000	1559.56329	1542.89787	1529.60315
2025-09-11T08:28:39Z	1912.00000	1559.55963	1542.89052	1529.60009
2025-09-11T08:28:39Z	1912.00000	1559.55547	1542.88229	1529.59653
2025-09-11T08:28:39Z	1912.00000	1559.55141	1542.87398	1529.59302
2025-09-11T08:28:39Z	1912.00000	1559.54607	1542.86342	1529.58855
2025-09-11T08:28:39Z	1912.00000	1559.54326	1542.85783	1529.58610
2025-09-11T08:28:39Z	1912.00000	1559.53996	1542.85168	1529.58357
2025-09-11T08:28:39Z	1912.00000	1559.53718	1542.84604	1529.58113
2025-09-11T08:28:39Z	1912.00000	1559.53445	1542.84083	1529.57885
2025-09-11T08:28:40Z	1913.00000	1559.53236	1542.83665	1529.57704
2025-09-11T08:28:40Z	1913.00000	1559.53013	1542.83259	1529.57533
2025-09-11T08:28:40Z	1913.00000	1559.52762	1542.82782	1529.57321
2025-09-11T08:28:40Z	1913.00000	1559.52536	1542.82318	1529.57114
2025-09-11T08:28:40Z	1913.00000	1559.52331	1542.81945	1529.56946
2025-09-11T08:28:40Z	1913.00000	1559.52165	1542.81646	1529.56816
2025-09-11T08:28:40Z	1913.00000	1559.51977	1542.81304	1529.56664
2025-09-11T08:28:40Z	1913.00000	1559.51809	1542.80972	1529.56513
2025-09-11T08:28:40Z	1913.00000	1559.51610	1542.80624	1529.56356
2025-09-11T08:28:41Z	1914.00000	1559.51457	1542.80328	1529.56228
2025-09-11T08:28:41Z	1914.00000	1559.51319	1542.80065	1529.56096
2025-09-11T08:28:41Z	1914.00000	1559.51146	1542.79763	1529.55968
2025-09-11T08:28:41Z	1914.00000	1559.50997	1542.79499	1529.55850
2025-09-11T08:28:41Z	1914.00000	1559.50892	1542.79304	1529.55735
2025-09-11T08:28:41Z	1914.00000	1559.50789	1542.79100	1529.55645
2025-09-11T08:28:41Z	1914.00000	1559.50692	1542.78943	1529.55567
2025-09-11T08:28:41Z	1914.00000	1559.50578	1542.78743	1529.55479
2025-09-11T08:28:41Z	1914.00000	1559.50487	1542.78559	1529.55390
2025-09-11T08:28:41Z	1914.00000	1559.50377	1542.78391	1529.55321
2025-09-11T08:28:42Z	1915.00000	1559.50288	1542.78216	1529.55239
2025-09-11T08:28:42Z	1915.00000	1559.50186	1542.78027	1529.55144
2025-09-11T08:28:42Z	1915.00000	1559.50078	1542.77832	1529.55046
2025-09-11T08:28:42Z	1915.00000	1559.49984	1542.77695	1529.54979
2025-09-11T08:28:42Z	1915.00000	1559.49902	1542.77532	1529.54899
2025-09-11T08:28:42Z	1915.00000	1559.49802	1542.77357	1529.54820
2025-09-11T08:28:42Z	1915.00000	1559.49674	1542.77134	1529.54701
2025-09-11T08:28:42Z	1915.00000	1559.49588	1542.76972	1529.54636
2025-09-11T08:28:42Z	1915.00000	1559.49516	1542.76837	1529.54570
2025-09-11T08:28:43Z	1916.00000	1559.49354	1542.76562	1529.54428
2025-09-11T08:28:43Z	1916.00000	1559.49272	1542.76420	1529.54368
2025-09-11T08:28:43Z	1916.00000	1559.49188	1542.76261	1529.54293
2025-09-11T08:28:43Z	1916.00000	1559.59117	1542.95058	1529.63183
2025-09-11T08:28:43Z	1916.00000	1559.82824	1543.39647	1529.85137
2025-09-11T08:28:43Z	1916.00000	1560.01453	1543.78033	1530.03008
2025-09-11T08:28:43Z	1916.00000	1560.22428	1544.21815	1530.23188
2025-09-11T08:28:43Z	1916.00000	1560.42456	1544.64544	1530.42465
2025-09-11T08:28:43Z	1916.00000	1560.59146	1545.00064	1530.58876
2025-09-11T08:28:44Z	1917.00000	1560.80292	1545.46134	1530.80275
2025-09-11T08:28:44Z	1917.00000	1560.95785	1545.79265	1530.95162
2025-09-11T08:28:44Z	1917.00000	1561.11367	1546.11983	1531.09972
2025-09-11T08:28:44Z	1917.00000	1561.32239	1546.54147	1531.29743
2025-09-11T08:28:44Z	1917.00000	1561.47873	1546.84884	1531.44215
2025-09-11T08:28:44Z	1917.00000	1561.62489	1547.13760	1531.58086
2025-09-11T08:28:44Z	1917.00000	1561.81333	1547.51052	1531.75754
2025-09-11T08:28:44Z	1917.00000	1561.92068	1547.74063	1531.86692
2025-09-11T08:28:44Z	1917.00000	1562.02190	1547.97279	1531.98177
2025-09-11T08:28:45Z	1918.00000	1562.11478	1548.18479	1532.09139
2025-09-11T08:28:45Z	1918.00000	1562.23462	1548.48877	1532.24561
2025-09-11T08:28:45Z	1918.00000	1562.31268	1548.69460	1532.34893
2025-09-11T08:28:45Z	1918.00000	1562.38264	1548.87252	1532.43567
2025-09-11T08:28:45Z	1918.00000	1562.50198	1549.17679	1532.58324
2025-09-11T08:28:45Z	1918.00000	1562.56348	1549.32846	1532.65464
2025-09-11T08:28:45Z	1918.00000	1562.62956	1549.48493	1532.72801
2025-09-11T08:28:45Z	1918.00000	1562.66654	1549.56933	1532.76623
2025-09-11T08:28:45Z	1918.00000	1562.70192	1549.64891	1532.80258
2025-09-11T08:28:46Z	1919.00000	1562.73609	1549.72556	1532.83953
2025-09-11T08:28:46Z	1919.00000	1562.76219	1549.78520	1532.86670
2025-09-11T08:28:46Z	1919.00000	1562.78880	1549.84330	1532.89409
2025-09-11T08:28:46Z	1919.00000	1562.80837	1549.88821	1532.91351
2025-09-11T08:28:46Z	1919.00000	1562.83450	1549.94389	1532.93795
2025-09-11T08:28:46Z	1919.00000	1562.85916	1549.99437	1532.96158
2025-09-11T08:28:46Z	1919.00000	1562.89739	1550.07149	1532.99791
2025-09-11T08:28:46Z	1919.00000	1562.91807	1550.11182	1533.01759
2025-09-11T08:28:47Z	1920.00000	1562.93590	1550.14638	1533.03379
2025-09-11T08:28:47Z	1920.00000	1562.95315	1550.17927	1533.04932
2025-09-11T08:28:47Z	1920.00000	1561.98454	1547.83549	1531.89990
2025-09-11T08:28:47Z	1920.00000	1561.38124	1546.65691	1531.33124
2025-09-11T08:28:47Z	1920.00000	1561.21190	1546.30671	1531.16628
2025-09-11T08:28:47Z	1920.00000	1561.02743	1545.93856	1530.99593
2025-09-11T08:28:47Z	1920.00000	1560.86220	1545.58542	1530.83522
2025-09-11T08:28:47Z	1920.00000	1560.69432	1545.23025	1530.67133
2025-09-11T08:28:47Z	1920.00000	1560.55848	1544.93691	1530.53480
2025-09-11T08:28:48Z	1921.00000	1560.39656	1544.59992	1530.38049
2025-09-11T08:28:48Z	1921.00000	1560.26122	1544.31550	1530.25441
2025-09-11T08:28:48Z	1921.00000	1560.11302	1544.00637	1530.11313
2025-09-11T08:28:48Z	1921.00000	1559.96275	1543.69367	1529.96947
2025-09-11T08:28:48Z	1921.00000	1559.81774	1543.39767	1529.83429
2025-09-11T08:28:48Z	1921.00000	1559.70970	1543.18550	1529.73518
2025-09-11T08:28:48Z	1921.00000	1559.59840	1542.96858	1529.63193
2025-09-11T08:28:48Z	1921.00000	1559.58748	1542.94496	1529.62313
2025-09-11T08:28:48Z	1921.00000	1559.57894	1542.92758	1529.61590
2025-09-11T08:28:48Z	1921.00000	1559.57126	1542.91220	1529.60958
2025-09-11T08:28:49Z	1922.00000	1559.56555	1542.90083	1529.60477
2025-09-11T08:28:49Z	1922.00000	1559.56066	1542.89099	1529.60065
2025-09-11T08:28:49Z	1922.00000	1559.55385	1542.87751	1529.59493
2025-09-11T08:28:49Z	1922.00000	1559.55007	1542.87004	1529.59174
2025-09-11T08:28:49Z	1922.00000	1559.54674	1542.86344	1529.58889
2025-09-11T08:28:49Z	1922.00000	1559.54355	1542.85725	1529.58626
2025-09-11T08:28:49Z	1922.00000	1559.54106	1542.85228	1529.58415
2025-09-11T08:28:49Z	1922.00000	1559.53864	1542.84775	1529.58217
2025-09-11T08:28:49Z	1922.00000	1559.53594	1542.84280	1529.58000
2025-09-11T08:28:50Z	1923.00000	1559.53397	1542.83881	1529.57819
2025-09-11T08:28:50Z	1923.00000	1559.53189	1542.83495	1529.57661
2025-09-11T08:28:50Z	1923.00000	1559.53001	1542.83125	1529.57497
2025-09-11T08:28:50Z	1923.00000	1559.52807	1542.82745	1529.57326
2025-09-11T08:28:50Z	1923.00000	1559.52618	1542.82409	1529.57178
2025-09-11T08:28:50Z	1923.00000	1559.52431	1542.82056	1529.57025
2025-09-11T08:28:50Z	1923.00000	1559.52259	1542.81714	1529.56863
2025-09-11T08:28:50Z	1923.00000	1559.52123	1542.81486	1529.56763
2025-09-11T08:28:50Z	1923.00000	1559.51983	1542.81213	1529.56651
2025-09-11T08:28:50Z	1923.00000	1559.51819	1542.80907	1529.56510
2025-09-11T08:28:51Z	1924.00000	1559.51698	1542.80676	1529.56398
2025-09-11T08:28:51Z	1924.00000	1559.51544	1542.80393	1529.56278
2025-09-11T08:28:51Z	1924.00000	1559.51379	1542.80140	1529.56150
2025-09-11T08:28:51Z	1924.00000	1559.51203	1542.79784	1529.55987
2025-09-11T08:28:51Z	1924.00000	1559.51060	1542.79545	1529.55880
2025-09-11T08:28:51Z	1924.00000	1559.50964	1542.79356	1529.55781
2025-09-11T08:28:51Z	1924.00000	1559.50830	1542.79132	1529.55691
2025-09-11T08:28:51Z	1924.00000	1559.50713	1542.78926	1529.55586
2025-09-11T08:28:52Z	1925.00000	1559.50536	1542.78574	1529.55423
2025-09-11T08:28:52Z	1925.00000	1559.50430	1542.78403	1529.55341
2025-09-11T08:28:52Z	1925.00000	1559.50236	1542.78058	1529.55171
2025-09-11T08:28:52Z	1925.00000	1559.50136	1542.77877	1529.55094
2025-09-11T08:28:52Z	1925.00000	1559.50050	1542.77730	1529.55026
2025-09-11T08:28:52Z	1925.00000	1559.49959	1542.77561	1529.54941
2025-09-11T08:28:52Z	1925.00000	1559.49867	1542.77397	1529.54867
2025-09-11T08:28:52Z	1925.00000	1559.49765	1542.77222	1529.54780
2025-09-11T08:28:53Z	1926.00000	1559.49680	1542.77071	1529.54700
2025-09-11T08:28:53Z	1926.00000	1559.49589	1542.76918	1529.54628
2025-09-11T08:28:53Z	1926.00000	1559.49526	1542.76795	1529.54577
2025-09-11T08:28:53Z	1926.00000	1559.49440	1542.76648	1529.54498
2025-09-11T08:28:53Z	1926.00000	1559.60036	1542.96783	1529.64080
2025-09-11T08:28:53Z	1926.00000	1559.80337	1543.34888	1529.82929
2025-09-11T08:28:53Z	1926.00000	1559.99457	1543.73924	1530.01362
2025-09-11T08:28:53Z	1926.00000	1560.17509	1544.12046	1530.18774
2025-09-11T08:28:53Z	1926.00000	1560.37680	1544.54643	1530.38229
2025-09-11T08:28:53Z	1926.00000	1560.54246	1544.90262	1530.54507
2025-09-11T08:28:54Z	1927.00000	1560.72040	1545.29383	1530.72697
2025-09-11T08:28:54Z	1927.00000	1560.87622	1545.62897	1530.88085
2025-09-11T08:28:54Z	1927.00000	1561.05501	1546.01175	1531.05463
2025-09-11T08:28:54Z	1927.00000	1561.18586	1546.27581	1531.17695
2025-09-11T08:28:54Z	1927.00000	1561.36335	1546.64305	1531.34856
2025-09-11T08:28:54Z	1927.00000	1561.52094	1546.94936	1531.49219
2025-09-11T08:28:54Z	1927.00000	1561.68665	1547.28338	1531.65062
2025-09-11T08:28:54Z	1927.00000	1561.82258	1547.55214	1531.78047
2025-09-11T08:28:54Z	1927.00000	1561.94093	1547.81282	1531.90738
2025-09-11T08:28:54Z	1927.00000	1562.03830	1548.03763	1532.01844
2025-09-11T08:28:55Z	1928.00000	1562.15077	1548.30272	1532.15440
2025-09-11T08:28:55Z	1928.00000	1562.23316	1548.51677	1532.26246
2025-09-11T08:28:55Z	1928.00000	1562.33487	1548.76449	1532.38126
2025-09-11T08:28:55Z	1928.00000	1562.42310	1548.97939	1532.48704
2025-09-11T08:28:55Z	1928.00000	1562.49145	1549.14934	1532.56927
2025-09-11T08:28:55Z	1928.00000	1562.55076	1549.29876	1532.64001
2025-09-11T08:28:55Z	1928.00000	1562.59343	1549.39929	1532.68816
2025-09-11T08:28:55Z	1928.00000	1562.63989	1549.50563	1532.73683
2025-09-11T08:28:55Z	1928.00000	1562.68943	1549.61744	1532.78746
2025-09-11T08:28:56Z	1929.00000	1562.72545	1549.70012	1532.82577
2025-09-11T08:28:56Z	1929.00000	1562.75044	1549.75620	1532.85209
2025-09-11T08:28:56Z	1929.00000	1562.77922	1549.81943	1532.88164
2025-09-11T08:28:56Z	1929.00000	1562.79785	1549.86251	1532.90002
2025-09-11T08:28:56Z	1929.00000	1562.81876	1549.90665	1532.92027
2025-09-11T08:28:56Z	1929.00000	1562.83866	1549.94953	1532.93889
2025-09-11T08:28:56Z	1929.00000	1562.86406	1550.00215	1532.96378
2025-09-11T08:28:56Z	1929.00000	1562.88928	1550.05270	1532.98761
2025-09-11T08:28:56Z	1929.00000	1562.90701	1550.09009	1533.00486
2025-09-11T08:28:56Z	1929.00000	1562.92151	1550.11861	1533.01890
2025-09-11T08:28:57Z	1930.00000	1562.93488	1550.14418	1533.03067
2025-09-11T08:28:57Z	1930.00000	1562.94901	1550.17070	1533.04284
2025-09-11T08:28:57Z	1930.00000	1562.19529	1548.24626	1532.10865
2025-09-11T08:28:57Z	1930.00000	1561.45686	1546.81963	1531.41238
2025-09-11T08:28:57Z	1930.00000	1561.24649	1546.38120	1531.20147
2025-09-11T08:28:57Z	1930.00000	1561.09364	1546.07285	1531.05729
2025-09-11T08:28:57Z	1930.00000	1560.92017	1545.70945	1530.89135
2025-09-11T08:28:57Z	1930.00000	1560.77023	1545.38956	1530.74611
2025-09-11T08:28:57Z	1930.00000	1560.60995	1545.04814	1530.58792
2025-09-11T08:28:57Z	1930.00000	1560.44442	1544.70284	1530.42836
2025-09-11T08:28:58Z	1931.00000	1560.28770	1544.37194	1530.27976
2025-09-11T08:28:58Z	1931.00000	1560.17902	1544.14750	1530.17589
2025-09-11T08:28:58Z	1931.00000	1560.03049	1543.83613	1530.03593
2025-09-11T08:28:58Z	1931.00000	1559.90217	1543.56910	1529.91323
2025-09-11T08:28:58Z	1931.00000	1559.75467	1543.27596	1529.77593
2025-09-11T08:28:58Z	1931.00000	1559.63200	1543.03387	1529.66367
2025-09-11T08:28:58Z	1931.00000	1559.59053	1542.95086	1529.62620
2025-09-11T08:28:58Z	1931.00000	1559.58309	1542.93559	1529.61990
2025-09-11T08:28:58Z	1931.00000	1559.57581	1542.92082	1529.61373
2025-09-11T08:28:59Z	1931.00000	1559.56877	1542.90677	1529.60792
2025-09-11T08:28:59Z	1932.00000	1559.56431	1542.89804	1529.60409
2025-09-11T08:28:59Z	1932.00000	1559.56038	1542.88996	1529.60067
2025-09-11T08:28:59Z	1932.00000	1559.55350	1542.87646	1529.59491
2025-09-11T08:28:59Z	1932.00000	1559.55047	1542.87045	1529.59223
2025-09-11T08:28:59Z	1932.00000	1559.54757	1542.86476	1529.58998
2025-09-11T08:28:59Z	1932.00000	1559.54449	1542.85872	1529.58732
2025-09-11T08:28:59Z	1932.00000	1559.54125	1542.85244	1529.58453
2025-09-11T08:28:59Z	1932.00000	1559.53845	1542.84718	1529.58229
2025-09-11T08:29:00Z	1933.00000	1559.53601	1542.84236	1529.58023
2025-09-11T08:29:00Z	1933.00000	1559.53394	1542.83856	1529.57852
2025-09-11T08:29:00Z	1933.00000	1559.53212	1542.83488	1529.57698
2025-09-11T08:29:00Z	1933.00000	1559.52976	1542.83034	1529.57495
2025-09-11T08:29:00Z	1933.00000	1559.52766	1542.82646	1529.57319
2025-09-11T08:29:00Z	1933.00000	1559.52591	1542.82353	1529.57180
2025-09-11T08:29:00Z	1933.00000	1559.52416	1542.82005	1529.57032
2025-09-11T08:29:00Z	1933.00000	1559.52270	1542.81739	1529.56911
2025-09-11T08:29:00Z	1933.00000	1559.52113	1542.81420	1529.56763
2025-09-11T08:29:00Z	1934.00000	1559.51942	1542.81135	1529.56640
2025-09-11T08:29:01Z	1934.00000	1559.51809	1542.80891	1529.56534
2025-09-11T08:29:01Z	1934.00000	1559.51666	1542.80606	1529.56402
2025-09-11T08:29:01Z	1934.00000	1559.51545	1542.80393	1529.56297
2025-09-11T08:29:01Z	1934.00000	1559.51286	1542.79923	1529.56083
2025-09-11T08:29:01Z	1934.00000	1559.51141	1542.79661	1529.55964
2025-09-11T08:29:01Z	1934.00000	1559.51031	1542.79464	1529.55868
2025-09-11T08:29:01Z	1934.00000	1559.50930	1542.79274	1529.55776
2025-09-11T08:29:01Z	1934.00000	1559.50806	1542.79072	1529.55688
2025-09-11T08:29:02Z	1935.00000	1559.50714	1542.78895	1529.55597
2025-09-11T08:29:02Z	1935.00000	1559.50596	1542.78701	1529.55509
2025-09-11T08:29:02Z	1935.00000	1559.50495	1542.78499	1529.55406
2025-09-11T08:29:02Z	1935.00000	1559.50391	1542.78333	1529.55326
2025-09-11T08:29:02Z	1935.00000	1559.50293	1542.78155	1529.55252
2025-09-11T08:29:02Z	1935.00000	1559.50226	1542.78032	1529.55184
2025-09-11T08:29:02Z	1935.00000	1559.50149	1542.77886	1529.55126
2025-09-11T08:29:02Z	1935.00000	1559.50036	1542.77695	1529.55023
2025-09-11T08:29:02Z	1935.00000	1559.49970	1542.77560	1529.54961
2025-09-11T08:29:02Z	1935.00000	1559.49893	1542.77427	1529.54902
2025-09-11T08:29:03Z	1936.00000	1559.49815	1542.77290	1529.54829
2025-09-11T08:29:03Z	1936.00000	1559.49737	1542.77177	1529.54773
2025-09-11T08:29:03Z	1936.00000	1559.49644	1542.77017	1529.54705
2025-09-11T08:29:03Z	1936.00000	1559.49586	1542.76898	1529.54640
2025-09-11T08:29:03Z	1936.00000	1559.67966	1543.11747	1529.71598
2025-09-11T08:29:03Z	1936.00000	1559.88649	1543.51526	1529.90948
2025-09-11T08:29:03Z	1936.00000	1560.10299	1543.96585	1530.11937
2025-09-11T08:29:03Z	1936.00000	1560.27911	1544.33939	1530.29043
2025-09-11T08:29:03Z	1936.00000	1560.47605	1544.76432	1530.48294
2025-09-11T08:29:03Z	1937.00000	1560.69091	1545.23408	1530.70020
2025-09-11T08:29:04Z	1937.00000	1560.84599	1545.57014	1530.85530
2025-09-11T08:29:04Z	1937.00000	1561.02484	1545.95573	1531.02988
2025-09-11T08:29:04Z	1937.00000	1561.23087	1546.37558	1531.22402
2025-09-11T08:29:04Z	1937.00000	1561.38104	1546.68572	1531.37035
2025-09-11T08:29:04Z	1937.00000	1561.55777	1547.03446	1531.53388
2025-09-11T08:29:04Z	1937.00000	1561.71890	1547.35719	1531.68693
2025-09-11T08:29:04Z	1937.00000	1561.86923	1547.66113	1531.83302
2025-09-11T08:29:04Z	1937.00000	1561.96298	1547.87299	1531.93873
2025-09-11T08:29:04Z	1937.00000	1562.04919	1548.06829	1532.03471
2025-09-11T08:29:05Z	1938.00000	1562.15444	1548.31179	1532.15824
2025-09-11T08:29:05Z	1938.00000	1562.25118	1548.56399	1532.28528
2025-09-11T08:29:05Z	1938.00000	1562.34947	1548.79971	1532.39832
2025-09-11T08:29:05Z	1938.00000	1562.41317	1548.95612	1532.47563
2025-09-11T08:29:05Z	1938.00000	1562.48414	1549.12804	1532.55817
2025-09-11T08:29:05Z	1938.00000	1562.54078	1549.26610	1532.62306
2025-09-11T08:29:05Z	1938.00000	1562.59261	1549.38802	1532.68086
2025-09-11T08:29:05Z	1938.00000	1562.64831	1549.51725	1532.73915
2025-09-11T08:29:05Z	1938.00000	1562.69302	1549.61730	1532.78601
2025-09-11T08:29:06Z	1939.00000	1562.72874	1549.70056	1532.82477
2025-09-11T08:29:06Z	1939.00000	1562.75022	1549.74777	1532.84528
2025-09-11T08:29:06Z	1939.00000	1562.78292	1549.82093	1532.88079
2025-09-11T08:29:06Z	1939.00000	1562.80095	1549.86128	1532.89701
2025-09-11T08:29:06Z	1939.00000	1562.83328	1549.92924	1532.92833
2025-09-11T08:29:06Z	1939.00000	1562.86027	1549.98588	1532.95312
2025-09-11T08:29:06Z	1939.00000	1562.88117	1550.02780	1532.97383
2025-09-11T08:29:06Z	1939.00000	1562.89819	1550.06243	1532.98951
2025-09-11T08:29:06Z	1939.00000	1562.91527	1550.09729	1533.00560
2025-09-11T08:29:06Z	1939.00000	1562.92992	1550.12458	1533.01913
2025-09-11T08:29:07Z	1940.00000	1562.94640	1550.15613	1533.03357
2025-09-11T08:29:07Z	1940.00000	1562.96185	1550.18518	1533.04736
2025-09-11T08:29:07Z	1940.00000	1561.80492	1547.47618	1531.72328
2025-09-11T08:29:07Z	1940.00000	1561.38150	1546.65250	1531.32982
2025-09-11T08:29:07Z	1940.00000	1561.17231	1546.22893	1531.12956
2025-09-11T08:29:07Z	1940.00000	1560.99180	1545.85712	1530.95833
2025-09-11T08:29:07Z	1940.00000	1560.84534	1545.54966	1530.82052
2025-09-11T08:29:07Z	1940.00000	1560.70376	1545.24861	1530.68052
2025-09-11T08:29:07Z	1940.00000	1560.54275	1544.90372	1530.51992
2025-09-11T08:29:07Z	1940.00000	1560.40433	1544.61536	1530.38804
2025-09-11T08:29:08Z	1941.00000	1560.24737	1544.28491	1530.24131
2025-09-11T08:29:08Z	1941.00000	1560.11855	1544.01675	1530.11810
2025-09-11T08:29:08Z	1941.00000	1559.98725	1543.74543	1529.99314
2025-09-11T08:29:08Z	1941.00000	1559.83917	1543.44028	1529.85463
2025-09-11T08:29:08Z	1941.00000	1559.70933	1543.18354	1529.73501
2025-09-11T08:29:08Z	1941.00000	1559.60204	1542.97405	1529.63606
2025-09-11T08:29:08Z	1941.00000	1559.58984	1542.94866	1529.62550
2025-09-11T08:29:08Z	1941.00000	1559.58293	1542.93437	1529.61981
2025-09-11T08:29:08Z	1941.00000	1559.57593	1542.92028	1529.61384
2025-09-11T08:29:08Z	1942.00000	1559.57001	1542.90844	1529.60887
2025-09-11T08:29:09Z	1942.00000	1559.56418	1542.89705	1529.60411
2025-09-11T08:29:09Z	1942.00000	1559.56026	1542.88945	1529.60075
2025-09-11T08:29:09Z	1942.00000	1559.55670	1542.88227	1529.59767
2025-09-11T08:29:09Z	1942.00000	1559.55273	1542.87459	1529.59439
2025-09-11T08:29:09Z	1942.00000	1559.54899	1542.86702	1529.59120
2025-09-11T08:29:09Z	1942.00000	1559.54614	1542.86187	1529.58888
2025-09-11T08:29:09Z	1942.00000	1559.54335	1542.85620	1529.58650
2025-09-11T08:29:09Z	1942.00000	1559.54102	1542.85156	1529.58444
2025-09-11T08:29:09Z	1942.00000	1559.53840	1542.84664	1529.58231
2025-09-11T08:29:10Z	1943.00000	1559.53584	1542.84203	1529.58025
2025-09-11T08:29:10Z	1943.00000	1559.53372	1542.83768	1529.57838
2025-09-11T08:29:10Z	1943.00000	1559.53160	1542.83378	1529.57667
2025-09-11T08:29:10Z	1943.00000	1559.52971	1542.83022	1529.57506
2025-09-11T08:29:10Z	1943.00000	1559.52730	1542.82603	1529.57314
2025-09-11T08:29:10Z	1943.00000	1559.52540	1542.82215	1529.57139
2025-09-11T08:29:10Z	1943.00000	1559.52372	1542.81898	1529.56998
2025-09-11T08:29:10Z	1943.00000	1559.52242	1542.81674	1529.56896
2025-09-11T08:29:10Z	1943.00000	1559.52094	1542.81370	1529.56763
2025-09-11T08:29:11Z	1944.00000	1559.51948	1542.81124	1529.56650
2025-09-11T08:29:11Z	1944.00000	1559.51845	1542.80926	1529.56556
2025-09-11T08:29:11Z	1944.00000	1559.51618	1542.80524	1529.56375
2025-09-11T08:29:11Z	1944.00000	1559.51458	1542.80245	1529.56246
2025-09-11T08:29:11Z	1944.00000	1559.51265	1542.79872	1529.56071
2025-09-11T08:29:11Z	1944.00000	1559.51132	1542.79649	1529.55971
2025-09-11T08:29:11Z	1944.00000	1559.51034	1542.79474	1529.55876
2025-09-11T08:29:11Z	1944.00000	1559.50907	1542.79231	1529.55768
2025-09-11T08:29:12Z	1945.00000	1559.50772	1542.79002	1529.55660
2025-09-11T08:29:12Z	1945.00000	1559.50671	1542.78840	1529.55583
2025-09-11T08:29:12Z	1945.00000	1559.50580	1542.78646	1529.55486
2025-09-11T08:29:12Z	1945.00000	1559.50477	1542.78491	1529.55414
2025-09-11T08:29:12Z	1945.00000	1559.50403	1542.78348	1529.55352
2025-09-11T08:29:12Z	1945.00000	1559.50313	1542.78194	1529.55278
2025-09-11T08:29:12Z	1945.00000	1559.50226	1542.78028	1529.55198
2025-09-11T08:29:12Z	1945.00000	1559.50137	1542.77861	1529.55112
2025-09-11T08:29:12Z	1945.00000	1559.50041	1542.77709	1529.55038
2025-09-11T08:29:12Z	1945.00000	1559.49956	1542.77547	1529.54960
2025-09-11T08:29:13Z	1946.00000	1559.49861	1542.77389	1529.54889
2025-09-11T08:29:13Z	1946.00000	1559.49795	1542.77272	1529.54828
2025-09-11T08:29:13Z	1946.00000	1559.49702	1542.77105	1529.54752
2025-09-11T08:29:13Z	1946.00000	1559.65854	1543.07841	1529.69634
2025-09-11T08:29:13Z	1946.00000	1559.89953	1543.54109	1529.92151
2025-09-11T08:29:13Z	1946.00000	1560.08452	1543.92564	1530.10130
2025-09-11T08:29:13Z	1946.00000	1560.43251	1544.66911	1530.43921
2025-09-11T08:29:13Z	1946.00000	1560.62346	1545.08006	1530.63003
2025-09-11T08:29:14Z	1947.00000	1560.78064	1545.42593	1530.79001
2025-09-11T08:29:14Z	1947.00000	1560.96073	1545.81582	1530.96580
2025-09-11T08:29:14Z	1947.00000	1561.14009	1546.19253	1531.13691
2025-09-11T08:29:14Z	1947.00000	1561.29167	1546.50245	1531.28175
2025-09-11T08:29:14Z	1947.00000	1561.47052	1546.85919	1531.45011
2025-09-11T08:29:14Z	1947.00000	1561.63728	1547.19397	1531.60931
2025-09-11T08:29:14Z	1947.00000	1561.77807	1547.47377	1531.74236
2025-09-11T08:29:14Z	1947.00000	1561.90984	1547.75287	1531.87736
2025-09-11T08:29:14Z	1947.00000	1562.01226	1547.99016	1531.99504
2025-09-11T08:29:14Z	1947.00000	1562.09650	1548.17512	1532.08691
2025-09-11T08:29:15Z	1948.00000	1562.19594	1548.42062	1532.21208
2025-09-11T08:29:15Z	1948.00000	1562.26981	1548.60620	1532.30534
2025-09-11T08:29:15Z	1948.00000	1562.34346	1548.78090	1532.38799
2025-09-11T08:29:15Z	1948.00000	1562.41788	1548.96109	1532.47652
2025-09-11T08:29:15Z	1948.00000	1562.47825	1549.10793	1532.54721
2025-09-11T08:29:15Z	1948.00000	1562.54093	1549.26148	1532.61933
2025-09-11T08:29:15Z	1948.00000	1562.59908	1549.39856	1532.68462
2025-09-11T08:29:15Z	1948.00000	1562.64027	1549.49323	1532.72779
2025-09-11T08:29:15Z	1948.00000	1562.67103	1549.56308	1532.75838
2025-09-11T08:29:15Z	1948.00000	1562.70747	1549.64399	1532.79504
2025-09-11T08:29:16Z	1949.00000	1562.74181	1549.72224	1532.83203
2025-09-11T08:29:16Z	1949.00000	1562.76895	1549.78359	1532.85876
2025-09-11T08:29:16Z	1949.00000	1562.80301	1549.85743	1532.89319
2025-09-11T08:29:16Z	1949.00000	1562.84121	1549.93767	1532.92877
2025-09-11T08:29:16Z	1949.00000	1562.86831	1549.99573	1532.95521
2025-09-11T08:29:16Z	1949.00000	1562.88654	1550.03311	1532.97350
2025-09-11T08:29:16Z	1949.00000	1562.90137	1550.06265	1532.98661
2025-09-11T08:29:16Z	1949.00000	1562.92773	1550.11501	1533.01170
2025-09-11T08:29:17Z	1950.00000	1562.95638	1550.16906	1533.03765
2025-09-11T08:29:17Z	1950.00000	1562.97339	1550.20199	1533.05254
2025-09-11T08:29:17Z	1950.00000	1561.65518	1547.18919	1531.58681
2025-09-11T08:29:17Z	1950.00000	1561.21013	1546.29900	1531.16283
2025-09-11T08:29:17Z	1950.00000	1561.04235	1545.96177	1531.00722
2025-09-11T08:29:17Z	1950.00000	1560.89787	1545.65146	1530.86557
2025-09-11T08:29:17Z	1950.00000	1560.75920	1545.36117	1530.73237
2025-09-11T08:29:17Z	1950.00000	1560.59914	1545.01740	1530.57284
2025-09-11T08:29:17Z	1950.00000	1560.45705	1544.72309	1530.43743
2025-09-11T08:29:18Z	1951.00000	1560.31924	1544.43271	1530.30628
2025-09-11T08:29:18Z	1951.00000	1560.18342	1544.15290	1530.17798
2025-09-11T08:29:18Z	1951.00000	1560.05417	1543.88136	1530.05713
2025-09-11T08:29:18Z	1951.00000	1559.86044	1543.48238	1529.87400
2025-09-11T08:29:18Z	1951.00000	1559.73182	1543.22897	1529.75479
2025-09-11T08:29:18Z	1951.00000	1559.60341	1542.97580	1529.63683
2025-09-11T08:29:18Z	1951.00000	1559.59246	1542.95351	1529.62788
2025-09-11T08:29:18Z	1951.00000	1559.57905	1542.92617	1529.61652
2025-09-11T08:29:18Z	1951.00000	1559.57297	1542.91381	1529.61138
2025-09-11T08:29:19Z	1952.00000	1559.56822	1542.90466	1529.60743
2025-09-11T08:29:19Z	1952.00000	1559.56341	1542.89489	1529.60334
2025-09-11T08:29:19Z	1952.00000	1559.55845	1542.88558	1529.59928
2025-09-11T08:29:19Z	1952.00000	1559.55467	1542.87806	1529.59607
2025-09-11T08:29:19Z	1952.00000	1559.55167	1542.87230	1529.59355
2025-09-11T08:29:19Z	1952.00000	1559.54885	1542.86688	1529.59121
2025-09-11T08:29:19Z	1952.00000	1559.54585	1542.86098	1529.58871
2025-09-11T08:29:19Z	1952.00000	1559.54345	1542.85639	1529.58659
2025-09-11T08:29:19Z	1952.00000	1559.54110	1542.85200	1529.58470
2025-09-11T08:29:19Z	1952.00000	1559.53869	1542.84706	1529.58259
2025-09-11T08:29:20Z	1953.00000	1559.53665	1542.84330	1529.58091
2025-09-11T08:29:20Z	1953.00000	1559.53474	1542.83965	1529.57937
2025-09-11T08:29:20Z	1953.00000	1559.53288	1542.83622	1529.57777
2025-09-11T08:29:20Z	1953.00000	1559.53123	1542.83288	1529.57645
2025-09-11T08:29:20Z	1953.00000	1559.52917	1542.82913	1529.57467
2025-09-11T08:29:20Z	1953.00000	1559.52726	1542.82560	1529.57319
2025-09-11T08:29:20Z	1953.00000	1559.52571	1542.82272	1529.57179
2025-09-11T08:29:20Z	1953.00000	1559.52399	1542.81977	1529.57059
2025-09-11T08:29:20Z	1953.00000	1559.52225	1542.81673	1529.56908
2025-09-11T08:29:20Z	1954.00000	1559.52139	1542.81455	1529.56807
2025-09-11T08:29:21Z	1954.00000	1559.51962	1542.81169	1529.56677
2025-09-11T08:29:21Z	1954.00000	1559.51830	1542.80895	1529.56546
2025-09-11T08:29:21Z	1954.00000	1559.51704	1542.80670	1529.56455
2025-09-11T08:29:21Z	1954.00000	1559.51594	1542.80470	1529.56351
2025-09-11T08:29:21Z	1954.00000	1559.51457	1542.80261	1529.56259
2025-09-11T08:29:21Z	1954.00000	1559.51358	1542.80024	1529.56154
2025-09-11T08:29:21Z	1954.00000	1559.51246	1542.79839	1529.56062
2025-09-11T08:29:21Z	1954.00000	1559.51145	1542.79658	1529.55974
2025-09-11T08:29:21Z	1954.00000	1559.51004	1542.79415	1529.55865
2025-09-11T08:29:22Z	1955.00000	1559.50871	1542.79190	1529.55769
2025-09-11T08:29:22Z	1955.00000	1559.50786	1542.79021	1529.55676
2025-09-11T08:29:22Z	1955.00000	1559.50691	1542.78859	1529.55597
2025-09-11T08:29:22Z	1955.00000	1559.50590	1542.78681	1529.55512
2025-09-11T08:29:22Z	1955.00000	1559.50490	1542.78508	1529.55431
2025-09-11T08:29:22Z	1955.00000	1559.50403	1542.78355	1529.55353
2025-09-11T08:29:22Z	1955.00000	1559.50311	1542.78186	1529.55275
2025-09-11T08:29:22Z	1955.00000	1559.50200	1542.78000	1529.55193
2025-09-11T08:29:22Z	1955.00000	1559.50131	1542.77868	1529.55126
2025-09-11T08:29:22Z	1956.00000	1559.50057	1542.77739	1529.55067
2025-09-11T08:29:23Z	1956.00000	1559.49958	1542.77559	1529.54976
2025-09-11T08:29:23Z	1956.00000	1559.49888	1542.77445	1529.54923
2025-09-11T08:29:23Z	1956.00000	1559.49813	1542.77315	1529.54860
2025-09-11T08:29:23Z	1956.00000	1559.49712	1542.77129	1529.54766
2025-09-11T08:29:23Z	1956.00000	1559.78804	1543.31931	1529.81491
2025-09-11T08:29:23Z	1956.00000	1560.01171	1543.77437	1530.03050
2025-09-11T08:29:23Z	1956.00000	1560.19272	1544.15689	1530.20484
2025-09-11T08:29:23Z	1956.00000	1560.39673	1544.58884	1530.40146
2025-09-11T08:29:24Z	1957.00000	1560.61876	1545.06835	1530.62384
2025-09-11T08:29:24Z	1957.00000	1560.77426	1545.41041	1530.78216
2025-09-11T08:29:24Z	1957.00000	1560.92909	1545.74623	1530.93285
2025-09-11T08:29:24Z	1957.00000	1561.05461	1546.01524	1531.05613
2025-09-11T08:29:24Z	1957.00000	1561.21065	1546.33299	1531.20365
2025-09-11T08:29:24Z	1957.00000	1561.38472	1546.69263	1531.37276
2025-09-11T08:29:24Z	1957.00000	1561.53921	1546.99573	1531.51438
2025-09-11T08:29:24Z	1957.00000	1561.67654	1547.27306	1531.64524
2025-09-11T08:29:24Z	1957.00000	1561.81318	1547.54216	1531.77472
2025-09-11T08:29:24Z	1957.00000	1561.95402	1547.84884	1531.92543
2025-09-11T08:29:25Z	1958.00000	1562.05843	1548.08199	1532.03902
2025-09-11T08:29:25Z	1958.00000	1562.14729	1548.28082	1532.13826
2025-09-11T08:29:25Z	1958.00000	1562.23218	1548.47904	1532.23683
2025-09-11T08:29:25Z	1958.00000	1562.32273	1548.71594	1532.35566
2025-09-11T08:29:25Z	1958.00000	1562.39242	1548.88796	1532.43955
2025-09-11T08:29:25Z	1958.00000	1562.46498	1549.06865	1532.52756
2025-09-11T08:29:25Z	1958.00000	1562.52419	1549.21341	1532.59600
2025-09-11T08:29:25Z	1958.00000	1562.58083	1549.34970	1532.66021
2025-09-11T08:29:25Z	1958.00000	1562.64110	1549.48775	1532.72310
2025-09-11T08:29:25Z	1958.00000	1562.68819	1549.59480	1532.77063
2025-09-11T08:29:26Z	1959.00000	1562.72189	1549.67180	1532.80482
2025-09-11T08:29:26Z	1959.00000	1562.75570	1549.74563	1532.84016
2025-09-11T08:29:26Z	1959.00000	1562.79389	1549.83144	1532.87998
2025-09-11T08:29:26Z	1959.00000	1562.81752	1549.88128	1532.90108
2025-09-11T08:29:26Z	1959.00000	1562.85555	1549.96249	1532.93857
2025-09-11T08:29:26Z	1959.00000	1562.87464	1550.00329	1532.95677
2025-09-11T08:29:26Z	1959.00000	1562.89706	1550.04732	1532.97792
2025-09-11T08:29:26Z	1959.00000	1562.92133	1550.09680	1533.00061
2025-09-11T08:29:26Z	1959.00000	1562.93651	1550.12763	1533.01542
2025-09-11T08:29:27Z	1960.00000	1562.95489	1550.16274	1533.03212
2025-09-11T08:29:27Z	1960.00000	1562.96774	1550.18754	1533.04392
2025-09-11T08:29:27Z	1960.00000	1562.98173	1550.21399	1533.05657
2025-09-11T08:29:27Z	1960.00000	1561.52277	1546.92792	1531.46378
2025-09-11T08:29:27Z	1960.00000	1561.25212	1546.38447	1531.20232
2025-09-11T08:29:27Z	1960.00000	1561.12833	1546.13614	1531.08438
2025-09-11T08:29:27Z	1960.00000	1560.97769	1545.82335	1530.94243
2025-09-11T08:29:27Z	1960.00000	1560.82774	1545.50749	1530.80075
2025-09-11T08:29:27Z	1960.00000	1560.68858	1545.21070	1530.66295
2025-09-11T08:29:27Z	1960.00000	1560.53108	1544.87618	1530.50653
2025-09-11T08:29:28Z	1961.00000	1560.39435	1544.58917	1530.37556
2025-09-11T08:29:28Z	1961.00000	1560.13020	1544.03835	1530.12745
2025-09-11T08:29:28Z	1961.00000	1559.99363	1543.75650	1529.99772
2025-09-11T08:29:28Z	1961.00000	1559.82554	1543.41089	1529.84060
2025-09-11T08:29:28Z	1961.00000	1559.67646	1543.11736	1529.70443
2025-09-11T08:29:28Z	1961.00000	1559.59859	1542.96511	1529.63255
2025-09-11T08:29:28Z	1961.00000	1559.58914	1542.94539	1529.62486
2025-09-11T08:29:28Z	1961.00000	1559.58144	1542.92979	1529.61841
2025-09-11T08:29:29Z	1962.00000	1559.57594	1542.91889	1529.61379
2025-09-11T08:29:29Z	1962.00000	1559.56968	1542.90657	1529.60843
2025-09-11T08:29:29Z	1962.00000	1559.56498	1542.89720	1529.60449
2025-09-11T08:29:29Z	1962.00000	1559.56066	1542.88893	1529.60084
2025-09-11T08:29:29Z	1962.00000	1559.55627	1542.88019	1529.59717
2025-09-11T08:29:29Z	1962.00000	1559.55278	1542.87349	1529.59424
2025-09-11T08:29:29Z	1962.00000	1559.55000	1542.86801	1529.59184
2025-09-11T08:29:29Z	1962.00000	1559.54683	1542.86224	1529.58928
2025-09-11T08:29:29Z	1962.00000	1559.54457	1542.85768	1529.58728
2025-09-11T08:29:30Z	1963.00000	1559.54193	1542.85249	1529.58512
2025-09-11T08:29:30Z	1963.00000	1559.53984	1542.84841	1529.58345
2025-09-11T08:29:30Z	1963.00000	1559.53778	1542.84453	1529.58167
2025-09-11T08:29:30Z	1963.00000	1559.53552	1542.84029	1529.57957
2025-09-11T08:29:30Z	1963.00000	1559.53329	1542.83644	1529.57801
2025-09-11T08:29:30Z	1963.00000	1559.53139	1542.83269	1529.57642
2025-09-11T08:29:30Z	1963.00000	1559.52938	1542.82914	1529.57477
2025-09-11T08:29:30Z	1963.00000	1559.52799	1542.82619	1529.57348
2025-09-11T08:29:30Z	1963.00000	1559.52622	1542.82306	1529.57197
2025-09-11T08:29:30Z	1963.00000	1559.52461	1542.82003	1529.57066
2025-09-11T08:29:31Z	1964.00000	1559.52166	1542.81456	1529.56815
2025-09-11T08:29:31Z	1964.00000	1559.52032	1542.81217	1529.56711
2025-09-11T08:29:31Z	1964.00000	1559.51936	1542.81020	1529.56615
2025-09-11T08:29:31Z	1964.00000	1559.51805	1542.80806	1529.56532
2025-09-11T08:29:31Z	1964.00000	1559.51716	1542.80642	1529.56435
2025-09-11T08:29:31Z	1964.00000	1559.51618	1542.80448	1529.56348
2025-09-11T08:29:31Z	1964.00000	1559.51452	1542.80173	1529.56222
2025-09-11T08:29:31Z	1964.00000	1559.51331	1542.79948	1529.56118
2025-09-11T08:29:31Z	1964.00000	1559.51232	1542.79765	1529.56036
2025-09-11T08:29:32Z	1965.00000	1559.51121	1542.79566	1529.55944
2025-09-11T08:29:32Z	1965.00000	1559.51007	1542.79355	1529.55851
2025-09-11T08:29:32Z	1965.00000	1559.50925	1542.79233	1529.55793
2025-09-11T08:29:32Z	1965.00000	1559.50842	1542.79072	1529.55699
2025-09-11T08:29:32Z	1965.00000	1559.50738	1542.78883	1529.55619
2025-09-11T08:29:32Z	1965.00000	1559.50655	1542.78743	1529.55554
2025-09-11T08:29:32Z	1965.00000	1559.50556	1542.78564	1529.55467
2025-09-11T08:29:32Z	1965.00000	1559.50483	1542.78444	1529.55409
2025-09-11T08:29:32Z	1965.00000	1559.50396	1542.78292	1529.55339
2025-09-11T08:29:32Z	1965.00000	1559.50301	1542.78110	1529.55256
2025-09-11T08:29:33Z	1966.00000	1559.50229	1542.77986	1529.55190
2025-09-11T08:29:33Z	1966.00000	1559.50169	1542.77873	1529.55136
2025-09-11T08:29:33Z	1966.00000	1559.50094	1542.77751	1529.55075
2025-09-11T08:29:33Z	1966.00000	1559.49995	1542.77576	1529.54992
2025-09-11T08:29:33Z	1966.00000	1559.52681	1542.82599	1529.57349
2025-09-11T08:29:33Z	1966.00000	1559.82380	1543.38515	1529.84832
2025-09-11T08:29:33Z	1966.00000	1560.01609	1543.78157	1530.03392
2025-09-11T08:29:33Z	1966.00000	1560.23055	1544.23117	1530.24122
2025-09-11T08:29:33Z	1966.00000	1560.40510	1544.60570	1530.40903
2025-09-11T08:29:33Z	1967.00000	1560.59969	1545.02475	1530.60261
2025-09-11T08:29:34Z	1967.00000	1560.75181	1545.35993	1530.75824
2025-09-11T08:29:34Z	1967.00000	1560.92814	1545.74321	1530.93136
2025-09-11T08:29:34Z	1967.00000	1561.07976	1546.06884	1531.07913
2025-09-11T08:29:34Z	1967.00000	1561.35482	1546.63492	1531.34411
2025-09-11T08:29:34Z	1967.00000	1561.53709	1546.99189	1531.51213
2025-09-11T08:29:34Z	1967.00000	1561.69807	1547.31650	1531.66503
2025-09-11T08:29:34Z	1967.00000	1561.83283	1547.58102	1531.79372
2025-09-11T08:29:34Z	1967.00000	1561.95028	1547.84210	1531.92132
2025-09-11T08:29:34Z	1968.00000	1562.05433	1548.07411	1532.03441
2025-09-11T08:29:35Z	1968.00000	1562.14702	1548.28054	1532.13659
2025-09-11T08:29:35Z	1968.00000	1562.25792	1548.53663	1532.26277
2025-09-11T08:29:35Z	1968.00000	1562.34674	1548.76342	1532.37723
2025-09-11T08:29:35Z	1968.00000	1562.41365	1548.93509	1532.46194
2025-09-11T08:29:35Z	1968.00000	1562.49227	1549.12813	1532.55355
2025-09-11T08:29:35Z	1968.00000	1562.55473	1549.28175	1532.62359
2025-09-11T08:29:35Z	1968.00000	1562.60865	1549.40683	1532.68285
2025-09-11T08:29:35Z	1968.00000	1562.65998	1549.52512	1532.73521
2025-09-11T08:29:35Z	1968.00000	1562.70891	1549.63457	1532.78544
2025-09-11T08:29:36Z	1969.00000	1562.74417	1549.71593	1532.82327
2025-09-11T08:29:36Z	1969.00000	1562.77411	1549.78085	1532.85120
2025-09-11T08:29:36Z	1969.00000	1562.81501	1549.86747	1532.89243
2025-09-11T08:29:36Z	1969.00000	1562.84355	1549.93068	1532.91917
2025-09-11T08:29:36Z	1969.00000	1562.86899	1549.98534	1532.94537
2025-09-11T08:29:36Z	1969.00000	1562.90946	1550.06675	1532.98341
2025-09-11T08:29:36Z	1969.00000	1562.93129	1550.11125	1533.00493
2025-09-11T08:29:36Z	1969.00000	1562.94716	1550.14300	1533.02012
2025-09-11T08:29:37Z	1970.00000	1562.96603	1550.17924	1533.03723
2025-09-11T08:29:37Z	1970.00000	1562.98342	1550.21194	1533.05297
2025-09-11T08:29:37Z	1970.00000	1563.00250	1550.21949	1533.07178
2025-09-11T08:29:37Z	1970.00000	1561.64129	1547.15284	1531.56917
2025-09-11T08:29:37Z	1970.00000	1561.34181	1546.57494	1531.28985
2025-09-11T08:29:37Z	1970.00000	1561.18379	1546.24245	1531.13453
2025-09-11T08:29:37Z	1970.00000	1561.02593	1545.92160	1530.98699
2025-09-11T08:29:37Z	1970.00000	1560.87888	1545.61061	1530.84713
2025-09-11T08:29:37Z	1970.00000	1560.73362	1545.30351	1530.70496
2025-09-11T08:29:37Z	1970.00000	1560.59879	1545.01331	1530.57022
2025-09-11T08:29:38Z	1971.00000	1560.43667	1544.67795	1530.41573
2025-09-11T08:29:38Z	1971.00000	1560.30218	1544.39346	1530.28830
2025-09-11T08:29:38Z	1971.00000	1560.16896	1544.11913	1530.16257
2025-09-11T08:29:38Z	1971.00000	1560.03719	1543.84489	1530.03913
2025-09-11T08:29:38Z	1971.00000	1559.90895	1543.57915	1529.91722
2025-09-11T08:29:38Z	1971.00000	1559.78277	1543.32635	1529.79997
2025-09-11T08:29:38Z	1971.00000	1559.63771	1543.04227	1529.66823
2025-09-11T08:29:38Z	1971.00000	1559.59585	1542.95837	1529.63034
2025-09-11T08:29:38Z	1971.00000	1559.58806	1542.94237	1529.62375
2025-09-11T08:29:38Z	1971.00000	1559.58291	1542.93196	1529.61943
2025-09-11T08:29:39Z	1972.00000	1559.57649	1542.91925	1529.61424
2025-09-11T08:29:39Z	1972.00000	1559.57177	1542.91013	1529.61025
2025-09-11T08:29:39Z	1972.00000	1559.56683	1542.90055	1529.60610
2025-09-11T08:29:39Z	1972.00000	1559.56321	1542.89322	1529.60298
2025-09-11T08:29:39Z	1972.00000	1559.55975	1542.88657	1529.60001
2025-09-11T08:29:39Z	1972.00000	1559.55603	1542.87952	1529.59691
2025-09-11T08:29:39Z	1972.00000	1559.55258	1542.87302	1529.59411
2025-09-11T08:29:39Z	1972.00000	1559.54954	1542.86700	1529.59152
2025-09-11T08:29:39Z	1972.00000	1559.54745	1542.86292	1529.58981
2025-09-11T08:29:39Z	1972.00000	1559.54478	1542.85776	1529.58761
2025-09-11T08:29:40Z	1973.00000	1559.54228	1542.85285	1529.58532
2025-09-11T08:29:40Z	1973.00000	1559.54009	1542.84873	1529.58356
2025-09-11T08:29:40Z	1973.00000	1559.53806	1542.84503	1529.58197
2025-09-11T08:29:40Z	1973.00000	1559.53646	1542.84206	1529.58058
2025-09-11T08:29:40Z	1973.00000	1559.53472	1542.83864	1529.57911
2025-09-11T08:29:40Z	1973.00000	1559.53261	1542.83482	1529.57737
2025-09-11T08:29:40Z	1973.00000	1559.53111	1542.83178	1529.57607
2025-09-11T08:29:40Z	1973.00000	1559.52878	1542.82780	1529.57427
2025-09-11T08:29:40Z	1973.00000	1559.52735	1542.82504	1529.57300
2025-09-11T08:29:40Z	1973.00000	1559.52526	1542.82114	1529.57117
2025-09-11T08:29:41Z	1974.00000	1559.52383	1542.81858	1529.57015
2025-09-11T08:29:41Z	1974.00000	1559.52219	1542.81532	1529.56860
2025-09-11T08:29:41Z	1974.00000	1559.52090	1542.81303	1529.56759
2025-09-11T08:29:41Z	1974.00000	1559.51828	1542.80840	1529.56539
2025-09-11T08:29:41Z	1974.00000	1559.51677	1542.80563	1529.56415
2025-09-11T08:29:41Z	1974.00000	1559.51547	1542.80338	1529.56304
2025-09-11T08:29:41Z	1974.00000	1559.51446	1542.80147	1529.56227
2025-09-11T08:29:41Z	1974.00000	1559.51333	1542.79941	1529.56130
2025-09-11T08:29:42Z	1975.00000	1559.51214	1542.79737	1529.56030
2025-09-11T08:29:42Z	1975.00000	1559.51119	1542.79559	1529.55952
2025-09-11T08:29:42Z	1975.00000	1559.50994	1542.79347	1529.55852
2025-09-11T08:29:42Z	1975.00000	1559.50882	1542.79150	1529.55752
2025-09-11T08:29:42Z	1975.00000	1559.50788	1542.78970	1529.55667
2025-09-11T08:29:42Z	1975.00000	1559.50604	1542.78652	1529.55515
2025-09-11T08:29:42Z	1975.00000	1559.50530	1542.78521	1529.55449
2025-09-11T08:29:42Z	1975.00000	1559.50453	1542.78384	1529.55378
2025-09-11T08:29:43Z	1975.00000	1559.50327	1542.78177	1529.55290
2025-09-11T08:29:43Z	1976.00000	1559.50255	1542.78045	1529.55235
2025-09-11T08:29:43Z	1976.00000	1559.50177	1542.77915	1529.55164
2025-09-11T08:29:43Z	1976.00000	1559.50100	1542.77753	1529.55085
2025-09-11T08:29:43Z	1976.00000	1559.50021	1542.77640	1529.55024
2025-09-11T08:29:43Z	1976.00000	1559.49948	1542.77504	1529.54969
2025-09-11T08:29:43Z	1976.00000	1559.49881	1542.77389	1529.54905
2025-09-11T08:29:43Z	1976.00000	1559.49809	1542.77269	1529.54852
2025-09-11T08:29:43Z	1976.00000	1559.49748	1542.77158	1529.54788
2025-09-11T08:29:43Z	1976.00000	1559.49679	1542.77050	1529.54740
2025-09-11T08:29:44Z	1977.00000	1559.49623	1542.76940	1529.54689
2025-09-11T08:29:44Z	1977.00000	1559.49550	1542.76815	1529.54623
2025-09-11T08:29:44Z	1977.00000	1559.49482	1542.76698	1529.54568
2025-09-11T08:29:44Z	1977.00000	1559.49418	1542.76592	1529.54516
2025-09-11T08:29:44Z	1977.00000	1559.49351	1542.76472	1529.54460
2025-09-11T08:29:44Z	1977.00000	1559.49305	1542.76379	1529.54406
2025-09-11T08:29:44Z	1977.00000	1559.49242	1542.76275	1529.54362
2025-09-11T08:29:44Z	1977.00000	1559.49170	1542.76156	1529.54304
2025-09-11T08:29:44Z	1977.00000	1559.49110	1542.76048	1529.54250
2025-09-11T08:29:44Z	1977.00000	1559.49053	1542.75964	1529.54208
2025-09-11T08:29:45Z	1978.00000	1559.48993	1542.75863	1529.54157
2025-09-11T08:29:45Z	1978.00000	1559.48947	1542.75765	1529.54103
2025-09-11T08:29:45Z	1978.00000	1559.48901	1542.75687	1529.54070
2025-09-11T08:29:45Z	1978.00000	1559.48832	1542.75583	1529.54026
2025-09-11T08:29:45Z	1978.00000	1559.48782	1542.75501	1529.53981
2025-09-11T08:29:45Z	1978.00000	1559.48733	1542.75403	1529.53924
2025-09-11T08:29:45Z	1978.00000	1559.48674	1542.75311	1529.53887
2025-09-11T08:29:45Z	1978.00000	1559.48643	1542.75230	1529.53846
2025-09-11T08:29:45Z	1978.00000	1559.48586	1542.75142	1529.53800
2025-09-11T08:29:45Z	1979.00000	1559.48536	1542.75058	1529.53753
2025-09-11T08:29:46Z	1979.00000	1559.48470	1542.74965	1529.53712
2025-09-11T08:29:46Z	1979.00000	1559.48432	1542.74890	1529.53676
2025-09-11T08:29:46Z	1979.00000	1559.48388	1542.74808	1529.53629
2025-09-11T08:29:46Z	1979.00000	1559.48338	1542.74709	1529.53592
2025-09-11T08:29:46Z	1979.00000	1559.48295	1542.74641	1529.53544
2025-09-11T08:29:46Z	1979.00000	1559.48258	1542.74579	1529.53514
2025-09-11T08:29:46Z	1979.00000	1559.48218	1542.74506	1529.53486
2025-09-11T08:29:46Z	1979.00000	1559.48176	1542.74442	1529.53451
2025-09-11T08:29:46Z	1979.00000	1559.48133	1542.74369	1529.53400
2025-09-11T08:29:47Z	1980.00000	1559.48085	1542.74263	1529.53365
2025-09-11T08:29:47Z	1980.00000	1559.48042	1542.74194	1529.53322
2025-09-11T08:29:47Z	1980.00000	1559.48002	1542.74128	1529.53292
2025-09-11T08:29:47Z	1980.00000	1559.47974	1542.74078	1529.53262
2025-09-11T08:29:47Z	1980.00000	1559.47925	1542.73997	1529.53229
2025-09-11T08:29:47Z	1980.00000	1559.47895	1542.73939	1529.53197
2025-09-11T08:29:47Z	1980.00000	1559.47848	1542.73872	1529.53155
2025-09-11T08:29:47Z	1980.00000	1559.47799	1542.73788	1529.53122
2025-09-11T08:29:47Z	1980.00000	1559.47766	1542.73737	1529.53097
2025-09-11T08:29:48Z	1981.00000	1559.47726	1542.73657	1529.53055
2025-09-11T08:29:48Z	1981.00000	1559.47691	1542.73603	1529.53032
2025-09-11T08:29:48Z	1981.00000	1559.47646	1542.73531	1529.52992
2025-09-11T08:29:48Z	1981.00000	1559.47601	1542.73452	1529.52958
2025-09-11T08:29:48Z	1981.00000	1559.47574	1542.73385	1529.52923
2025-09-11T08:29:48Z	1981.00000	1559.47537	1542.73325	1529.52895
2025-09-11T08:29:48Z	1981.00000	1559.47496	1542.73269	1529.52870
2025-09-11T08:29:48Z	1981.00000	1559.47461	1542.73206	1529.52836
2025-09-11T08:29:48Z	1981.00000	1559.47426	1542.73143	1529.52806
2025-09-11T08:29:48Z	1981.00000	1559.47387	1542.73091	1529.52769
2025-09-11T08:29:49Z	1982.00000	1559.47361	1542.73045	1529.52749
2025-09-11T08:29:49Z	1982.00000	1559.47331	1542.72987	1529.52723
2025-09-11T08:29:49Z	1982.00000	1559.47282	1542.72924	1529.52691
2025-09-11T08:29:49Z	1982.00000	1559.47264	1542.72865	1529.52672
2025-09-11T08:29:49Z	1982.00000	1559.47230	1542.72820	1529.52644
2025-09-11T08:29:49Z	1982.00000	1559.47200	1542.72769	1529.52610
2025-09-11T08:29:49Z	1982.00000	1559.47167	1542.72694	1529.52576
2025-09-11T08:29:49Z	1982.00000	1559.47132	1542.72634	1529.52545
2025-09-11T08:29:49Z	1982.00000	1559.47103	1542.72584	1529.52525
2025-09-11T08:29:49Z	1983.00000	1559.47082	1542.72537	1529.52500
2025-09-11T08:29:50Z	1983.00000	1559.47058	1542.72488	1529.52477
2025-09-11T08:29:50Z	1983.00000	1559.47023	1542.72446	1529.52451
2025-09-11T08:29:50Z	1983.00000	1559.46987	1542.72389	1529.52429
2025-09-11T08:29:50Z	1983.00000	1559.46951	1542.72342	1529.52402
2025-09-11T08:29:50Z	1983.00000	1559.46950	1542.72307	1529.52396
2025-09-11T08:29:50Z	1983.00000	1559.46910	1542.72263	1529.52365
2025-09-11T08:29:50Z	1983.00000	1559.46872	1542.72216	1529.52332
2025-09-11T08:29:50Z	1983.00000	1559.46849	1542.72159	1529.52308
2025-09-11T08:29:50Z	1983.00000	1559.46809	1542.72072	1529.52263
2025-09-11T08:29:51Z	1984.00000	1559.46791	1542.72044	1529.52243
2025-09-11T08:29:51Z	1984.00000	1559.46763	1542.71995	1529.52218
2025-09-11T08:29:51Z	1984.00000	1559.46740	1542.71961	1529.52209
2025-09-11T08:29:51Z	1984.00000	1559.46718	1542.71907	1529.52186
2025-09-11T08:29:51Z	1984.00000	1559.46687	1542.71854	1529.52162
2025-09-11T08:29:51Z	1984.00000	1559.46645	1542.71808	1529.52123
2025-09-11T08:29:51Z	1984.00000	1559.46603	1542.71713	1529.52089
2025-09-11T08:29:51Z	1984.00000	1559.46578	1542.71668	1529.52063
2025-09-11T08:29:51Z	1984.00000	1559.46546	1542.71625	1529.52051
2025-09-11T08:29:52Z	1985.00000	1559.46530	1542.71583	1529.52027
2025-09-11T08:29:52Z	1985.00000	1559.46504	1542.71541	1529.52000
2025-09-11T08:29:52Z	1985.00000	1559.46478	1542.71486	1529.51982
2025-09-11T08:29:52Z	1985.00000	1559.46448	1542.71449	1529.51952
2025-09-11T08:29:52Z	1985.00000	1559.46423	1542.71415	1529.51933
2025-09-11T08:29:52Z	1985.00000	1559.46404	1542.71365	1529.51918
2025-09-11T08:29:52Z	1985.00000	1559.46377	1542.71317	1529.51895
2025-09-11T08:29:52Z	1985.00000	1559.46357	1542.71280	1529.51878
2025-09-11T08:29:52Z	1985.00000	1559.46320	1542.71240	1529.51848
2025-09-11T08:29:52Z	1985.00000	1559.46300	1542.71180	1529.51826
2025-09-11T08:29:53Z	1986.00000	1559.46277	1542.71141	1529.51806
2025-09-11T08:29:53Z	1986.00000	1559.46249	1542.71108	1529.51792
2025-09-11T08:29:53Z	1986.00000	1559.46216	1542.71058	1529.51756
2025-09-11T08:29:53Z	1986.00000	1559.46202	1542.71021	1529.51739
2025-09-11T08:29:53Z	1986.00000	1559.46189	1542.70979	1529.51728
2025-09-11T08:29:53Z	1986.00000	1559.46170	1542.70946	1529.51705
2025-09-11T08:29:53Z	1986.00000	1559.46140	1542.70900	1529.51693
2025-09-11T08:29:53Z	1986.00000	1559.46112	1542.70858	1529.51665
2025-09-11T08:29:53Z	1986.00000	1559.46079	1542.70810	1529.51643
2025-09-11T08:29:54Z	1987.00000	1559.46078	1542.70784	1529.51619
2025-09-11T08:29:54Z	1987.00000	1559.46046	1542.70740	1529.51605
2025-09-11T08:29:54Z	1987.00000	1559.46027	1542.70701	1529.51589
2025-09-11T08:29:54Z	1987.00000	1559.46005	1542.70665	1529.51569
2025-09-11T08:29:54Z	1987.00000	1559.45986	1542.70637	1529.51542
2025-09-11T08:29:54Z	1987.00000	1559.45957	1542.70597	1529.51519
2025-09-11T08:29:54Z	1987.00000	1559.45948	1542.70549	1529.51507
2025-09-11T08:29:54Z	1987.00000	1559.45920	1542.70516	1529.51490
2025-09-11T08:29:54Z	1987.00000	1559.45898	1542.70478	1529.51457
2025-09-11T08:29:54Z	1987.00000	1559.45881	1542.70446	1529.51446
2025-09-11T08:29:55Z	1988.00000	1559.45865	1542.70419	1529.51431
2025-09-11T08:29:55Z	1988.00000	1559.45832	1542.70367	1529.51414
2025-09-11T08:29:55Z	1988.00000	1559.45810	1542.70331	1529.51391
2025-09-11T08:29:55Z	1988.00000	1559.45799	1542.70296	1529.51383
2025-09-11T08:29:55Z	1988.00000	1559.45769	1542.70258	1529.51354
2025-09-11T08:29:55Z	1988.00000	1559.45756	1542.70227	1529.51332
2025-09-11T08:29:55Z	1988.00000	1559.45725	1542.70187	1529.51317
2025-09-11T08:29:55Z	1988.00000	1559.45707	1542.70159	1529.51299
2025-09-11T08:29:55Z	1988.00000	1559.45695	1542.70121	1529.51286
2025-09-11T08:29:56Z	1989.00000	1559.45674	1542.70074	1529.51262
2025-09-11T08:29:56Z	1989.00000	1559.45656	1542.70058	1529.51250
2025-09-11T08:29:56Z	1989.00000	1559.45637	1542.70008	1529.51225
2025-09-11T08:29:56Z	1989.00000	1559.45609	1542.69971	1529.51213
2025-09-11T08:29:56Z	1989.00000	1559.45589	1542.69927	1529.51185
2025-09-11T08:29:56Z	1989.00000	1559.45569	1542.69904	1529.51168
2025-09-11T08:29:56Z	1989.00000	1559.45541	1542.69864	1529.51148
2025-09-11T08:29:56Z	1989.00000	1559.45538	1542.69855	1529.51150
2025-09-11T08:29:56Z	1989.00000	1559.45525	1542.69817	1529.51139
2025-09-11T08:29:56Z	1989.00000	1559.45506	1542.69783	1529.51117
2025-09-11T08:29:57Z	1990.00000	1559.45502	1542.69769	1529.51112
2025-09-11T08:29:57Z	1990.00000	1559.45519	1542.69776	1529.51098
2025-09-11T08:29:57Z	1990.00000	1559.45495	1542.69726	1529.51087
2025-09-11T08:29:57Z	1990.00000	1559.45482	1542.69699	1529.51072
2025-09-11T08:29:57Z	1990.00000	1559.45475	1542.69684	1529.51061
2025-09-11T08:29:57Z	1990.00000	1559.45456	1542.69637	1529.51045
2025-09-11T08:29:57Z	1990.00000	1559.45443	1542.69626	1529.51031
2025-09-11T08:29:57Z	1990.00000	1559.45400	1542.69551	1529.50996
2025-09-11T08:29:57Z	1990.00000	1559.45380	1542.69529	1529.50986
2025-09-11T08:29:58Z	1991.00000	1559.45377	1542.69503	1529.50972
2025-09-11T08:29:58Z	1991.00000	1559.45363	1542.69479	1529.50967
2025-09-11T08:29:58Z	1991.00000	1559.45350	1542.69458	1529.50949
2025-09-11T08:29:58Z	1991.00000	1559.45323	1542.69421	1529.50921
2025-09-11T08:29:58Z	1991.00000	1559.45313	1542.69390	1529.50916
2025-09-11T08:29:58Z	1991.00000	1559.45299	1542.69353	1529.50896
2025-09-11T08:29:58Z	1991.00000	1559.45279	1542.69323	1529.50879
2025-09-11T08:29:58Z	1991.00000	1559.45263	1542.69306	1529.50871
2025-09-11T08:29:58Z	1991.00000	1559.45246	1542.69261	1529.50848
2025-09-11T08:29:58Z	1991.00000	1559.45224	1542.69238	1529.50841
2025-09-11T08:29:59Z	1992.00000	1559.45226	1542.69220	1529.50825
2025-09-11T08:29:59Z	1992.00000	1559.45203	1542.69189	1529.50818
2025-09-11T08:29:59Z	1992.00000	1559.45191	1542.69171	1529.50801
2025-09-11T08:29:59Z	1992.00000	1559.45169	1542.69135	1529.50780
2025-09-11T08:29:59Z	1992.00000	1559.45154	1542.69103	1529.50764
2025-09-11T08:29:59Z	1992.00000	1559.45133	1542.69087	1529.50763
2025-09-11T08:29:59Z	1992.00000	1559.45119	1542.69058	1529.50743
2025-09-11T08:29:59Z	1992.00000	1559.45108	1542.69027	1529.50724
2025-09-11T08:29:59Z	1992.00000	1559.45094	1542.68983	1529.50712
2025-09-11T08:29:59Z	1992.00000	1559.45072	1542.68959	1529.50693
2025-09-11T08:30:00Z	1993.00000	1559.45062	1542.68923	1529.50680
2025-09-11T08:30:00Z	1993.00000	1559.45034	1542.68911	1529.50666
2025-09-11T08:30:00Z	1993.00000	1559.45015	1542.68882	1529.50653
2025-09-11T08:30:00Z	1993.00000	1559.45012	1542.68853	1529.50642
2025-09-11T08:30:00Z	1993.00000	1559.45003	1542.68819	1529.50633
2025-09-11T08:30:00Z	1993.00000	1559.44977	1542.68786	1529.50612
2025-09-11T08:30:00Z	1993.00000	1559.44958	1542.68756	1529.50590
2025-09-11T08:30:00Z	1993.00000	1559.44949	1542.68738	1529.50578
2025-09-11T08:30:00Z	1993.00000	1559.44938	1542.68716	1529.50571
2025-09-11T08:30:01Z	1994.00000	1559.44917	1542.68682	1529.50546
2025-09-11T08:30:01Z	1994.00000	1559.44901	1542.68646	1529.50535
2025-09-11T08:30:01Z	1994.00000	1559.44884	1542.68621	1529.50522
2025-09-11T08:30:01Z	1994.00000	1559.44866	1542.68600	1529.50512
2025-09-11T08:30:01Z	1994.00000	1559.44852	1542.68566	1529.50499
2025-09-11T08:30:01Z	1994.00000	1559.44834	1542.68546	1529.50488
2025-09-11T08:30:01Z	1994.00000	1559.44833	1542.68520	1529.50472
2025-09-11T08:30:01Z	1994.00000	1559.44820	1542.68493	1529.50468
2025-09-11T08:30:01Z	1994.00000	1559.44803	1542.68468	1529.50442
2025-09-11T08:30:02Z	1995.00000	1559.44761	1542.68416	1529.50412
2025-09-11T08:30:02Z	1995.00000	1559.44747	1542.68393	1529.50406
2025-09-11T08:30:02Z	1995.00000	1559.44717	1542.68361	1529.50401
2025-09-11T08:30:02Z	1995.00000	1559.57556	1542.92560	1529.61840
2025-09-11T08:30:02Z	1995.00000	1559.76966	1543.29014	1529.79759
2025-09-11T08:30:02Z	1995.00000	1559.94860	1543.64956	1529.96887
2025-09-11T08:30:02Z	1995.00000	1560.14478	1544.06130	1530.15820
2025-09-11T08:30:02Z	1995.00000	1560.30612	1544.40269	1530.31434
2025-09-11T08:30:02Z	1995.00000	1560.43233	1544.67600	1530.43856
2025-09-11T08:30:03Z	1996.00000	1560.72385	1545.30756	1530.73119
2025-09-11T08:30:03Z	1996.00000	1560.86250	1545.60636	1530.86856
2025-09-11T08:30:03Z	1996.00000	1561.15935	1546.22827	1531.15165
2025-09-11T08:30:03Z	1996.00000	1561.31747	1546.55205	1531.30232
2025-09-11T08:30:03Z	1996.00000	1561.49196	1546.89392	1531.46385
2025-09-11T08:30:03Z	1996.00000	1561.59215	1547.09495	1531.56019
2025-09-11T08:30:03Z	1996.00000	1561.70846	1547.32951	1531.66959
2025-09-11T08:30:03Z	1996.00000	1561.81553	1547.54167	1531.77217
2025-09-11T08:30:03Z	1996.00000	1561.90000	1547.72577	1531.85965
2025-09-11T08:30:04Z	1997.00000	1561.97459	1547.89772	1531.94603
2025-09-11T08:30:04Z	1997.00000	1562.02774	1548.02219	1532.00618
2025-09-11T08:30:04Z	1997.00000	1562.08055	1548.14270	1532.06639
2025-09-11T08:30:04Z	1997.00000	1562.14622	1548.28650	1532.13791
2025-09-11T08:30:04Z	1997.00000	1562.20108	1548.41287	1532.19816
2025-09-11T08:30:04Z	1997.00000	1562.23341	1548.48764	1532.23475
2025-09-11T08:30:04Z	1997.00000	1562.27219	1548.57509	1532.27774
2025-09-11T08:30:04Z	1997.00000	1562.29594	1548.62743	1532.30381
2025-09-11T08:30:04Z	1997.00000	1562.32248	1548.68567	1532.33185
2025-09-11T08:30:04Z	1997.00000	1562.34604	1548.73950	1532.35656
2025-09-11T08:30:05Z	1998.00000	1562.36129	1548.77265	1532.37194
2025-09-11T08:30:05Z	1998.00000	1562.37493	1548.80359	1532.38553
2025-09-11T08:30:05Z	1998.00000	1562.39039	1548.83742	1532.40194
2025-09-11T08:30:05Z	1998.00000	1562.40017	1548.85907	1532.41223
2025-09-11T08:30:05Z	1998.00000	1562.40933	1548.87990	1532.42196
2025-09-11T08:30:05Z	1998.00000	1562.41662	1548.89699	1532.43024
2025-09-11T08:30:05Z	1998.00000	1562.42521	1548.91689	1532.43972
2025-09-11T08:30:05Z	1998.00000	1562.43236	1548.93264	1532.44711
2025-09-11T08:30:05Z	1998.00000	1562.43798	1548.94490	1532.45300
2025-09-11T08:30:06Z	1999.00000	1562.44378	1548.95784	1532.45917
2025-09-11T08:30:06Z	1999.00000	1562.44857	1548.96860	1532.46405
2025-09-11T08:30:06Z	1999.00000	1561.70955	1547.28609	1531.64625
2025-09-11T08:30:06Z	1999.00000	1561.06252	1546.00783	1531.02901
2025-09-11T08:30:06Z	1999.00000	1560.90618	1545.66896	1530.87212
2025-09-11T08:30:06Z	1999.00000	1560.78318	1545.41020	1530.75288
2025-09-11T08:30:06Z	1999.00000	1560.63511	1545.09378	1530.60655
2025-09-11T08:30:06Z	1999.00000	1560.50573	1544.82363	1530.47913
2025-09-11T08:30:06Z	1999.00000	1560.35882	1544.51476	1530.33827
2025-09-11T08:30:06Z	1999.00000	1560.18922	1544.16652	1530.18003
2025-09-11T08:30:07Z	2000.00000	1560.05179	1543.87922	1530.05116
2025-09-11T08:30:07Z	2000.00000	1559.91225	1543.59106	1529.91837
2025-09-11T08:30:07Z	2000.00000	1559.79635	1543.35724	1529.81103
2025-09-11T08:30:07Z	2000.00000	1559.65919	1543.08940	1529.68673
2025-09-11T08:30:07Z	2000.00000	1559.56130	1542.89760	1529.59658
2025-09-11T08:30:07Z	2000.00000	1559.55333	1542.88081	1529.59046
2025-09-11T08:30:07Z	2000.00000	1559.54598	1542.86579	1529.58465
2025-09-11T08:30:07Z	2000.00000	1559.54011	1542.85395	1529.58005
2025-09-11T08:30:07Z	2000.00000	1559.53633	1542.84662	1529.57724
2025-09-11T08:30:07Z	2000.00000	1559.53248	1542.83878	1529.57401
2025-09-11T08:30:08Z	2001.00000	1559.52596	1542.82599	1529.56881
2025-09-11T08:30:08Z	2001.00000	1559.52250	1542.81949	1529.56619
2025-09-11T08:30:08Z	2001.00000	1559.51944	1542.81357	1529.56364
2025-09-11T08:30:08Z	2001.00000	1559.51590	1542.80691	1529.56081
2025-09-11T08:30:08Z	2001.00000	1559.51351	1542.80250	1529.55884
2025-09-11T08:30:08Z	2001.00000	1559.51144	1542.79859	1529.55722
2025-09-11T08:30:08Z	2001.00000	1559.50913	1542.79444	1529.55545
2025-09-11T08:30:08Z	2001.00000	1559.50706	1542.79073	1529.55376
2025-09-11T08:30:09Z	2002.00000	1559.50485	1542.78654	1529.55188
2025-09-11T08:30:09Z	2002.00000	1559.50276	1542.78250	1529.55000
2025-09-11T08:30:09Z	2002.00000	1559.50093	1542.77952	1529.54867
2025-09-11T08:30:09Z	2002.00000	1559.49960	1542.77700	1529.54748
2025-09-11T08:30:09Z	2002.00000	1559.49783	1542.77397	1529.54614
2025-09-11T08:30:09Z	2002.00000	1559.49698	1542.77220	1529.54533
2025-09-11T08:30:09Z	2002.00000	1559.49551	1542.76973	1529.54421
2025-09-11T08:30:09Z	2002.00000	1559.49417	1542.76746	1529.54321
2025-09-11T08:30:09Z	2002.00000	1559.49283	1542.76489	1529.54198
2025-09-11T08:30:10Z	2003.00000	1559.49150	1542.76278	1529.54092
2025-09-11T08:30:10Z	2003.00000	1559.49056	1542.76110	1529.54006
2025-09-11T08:30:10Z	2003.00000	1559.48962	1542.75940	1529.53933
2025-09-11T08:30:10Z	2003.00000	1559.48856	1542.75770	1529.53868
2025-09-11T08:30:10Z	2003.00000	1559.48765	1542.75591	1529.53764
2025-09-11T08:30:10Z	2003.00000	1559.48679	1542.75436	1529.53703
2025-09-11T08:30:10Z	2003.00000	1559.48518	1542.75155	1529.53563
2025-09-11T08:30:10Z	2003.00000	1559.48448	1542.75022	1529.53503
2025-09-11T08:30:10Z	2003.00000	1559.48344	1542.74874	1529.53431
2025-09-11T08:30:11Z	2004.00000	1559.48297	1542.74774	1529.53383
2025-09-11T08:30:11Z	2004.00000	1559.48196	1542.74615	1529.53312
2025-09-11T08:30:11Z	2004.00000	1559.48128	1542.74488	1529.53246
2025-09-11T08:30:11Z	2004.00000	1559.48060	1542.74353	1529.53186
2025-09-11T08:30:11Z	2004.00000	1559.47979	1542.74220	1529.53117
2025-09-11T08:30:11Z	2004.00000	1559.47912	1542.74088	1529.53061
2025-09-11T08:30:11Z	2004.00000	1559.47842	1542.73981	1529.52994
2025-09-11T08:30:11Z	2004.00000	1559.47776	1542.73866	1529.52945
2025-09-11T08:30:11Z	2004.00000	1559.47705	1542.73747	1529.52886
2025-09-11T08:30:11Z	2004.00000	1559.47663	1542.73660	1529.52848
2025-09-11T08:30:12Z	2005.00000	1559.47604	1542.73559	1529.52810
2025-09-11T08:30:12Z	2005.00000	1559.47508	1542.73408	1529.52737
2025-09-11T08:30:12Z	2005.00000	1559.47465	1542.73324	1529.52691
2025-09-11T08:30:12Z	2005.00000	1559.47400	1542.73206	1529.52632
2025-09-11T08:30:12Z	2005.00000	1559.60295	1542.97492	1529.64134
2025-09-11T08:30:12Z	2005.00000	1559.80696	1543.35582	1529.82987
2025-09-11T08:30:12Z	2005.00000	1560.01539	1543.78163	1530.02953
2025-09-11T08:30:12Z	2005.00000	1560.18445	1544.13740	1530.19119
2025-09-11T08:30:12Z	2005.00000	1560.37185	1544.53122	1530.37028
2025-09-11T08:30:12Z	2006.00000	1560.49759	1544.80328	1530.49427
2025-09-11T08:30:13Z	2006.00000	1560.66954	1545.17677	1530.66834
2025-09-11T08:30:13Z	2006.00000	1560.83359	1545.53303	1530.83237
2025-09-11T08:30:13Z	2006.00000	1560.97255	1545.83127	1530.96661
2025-09-11T08:30:13Z	2006.00000	1561.08773	1546.07506	1531.07661
2025-09-11T08:30:13Z	2006.00000	1561.22827	1546.35623	1531.20820
2025-09-11T08:30:13Z	2006.00000	1561.49495	1546.89079	1531.45864
2025-09-11T08:30:13Z	2006.00000	1561.73564	1547.37035	1531.68584
2025-09-11T08:30:13Z	2006.00000	1561.84159	1547.58160	1531.78780
2025-09-11T08:30:14Z	2007.00000	1561.91612	1547.74803	1531.86628
2025-09-11T08:30:14Z	2007.00000	1561.98955	1547.91768	1531.95128
2025-09-11T08:30:14Z	2007.00000	1562.05110	1548.05732	1532.02003
2025-09-11T08:30:14Z	2007.00000	1562.11092	1548.19001	1532.08550
2025-09-11T08:30:14Z	2007.00000	1562.16261	1548.30491	1532.14302
2025-09-11T08:30:14Z	2007.00000	1562.22245	1548.43871	1532.20823
2025-09-11T08:30:14Z	2007.00000	1562.26363	1548.53497	1532.25583
2025-09-11T08:30:14Z	2007.00000	1562.31269	1548.65525	1532.31959
2025-09-11T08:30:14Z	2007.00000	1562.34004	1548.72693	1532.35355
2025-09-11T08:30:14Z	2008.00000	1562.35999	1548.77372	1532.37481
2025-09-11T08:30:15Z	2008.00000	1562.38196	1548.82384	1532.39886
2025-09-11T08:30:15Z	2008.00000	1562.39793	1548.85999	1532.41620
2025-09-11T08:30:15Z	2008.00000	1562.41147	1548.89175	1532.43087
2025-09-11T08:30:15Z	2008.00000	1562.42523	1548.92377	1532.44644
2025-09-11T08:30:15Z	2008.00000	1562.43398	1548.94528	1532.45678
2025-09-11T08:30:15Z	2008.00000	1562.44200	1548.96524	1532.46617
2025-09-11T08:30:15Z	2008.00000	1562.44918	1548.98193	1532.47393
2025-09-11T08:30:15Z	2008.00000	1562.45565	1548.99636	1532.48099
2025-09-11T08:30:15Z	2008.00000	1562.46088	1549.00838	1532.48659
2025-09-11T08:30:16Z	2009.00000	1562.46732	1549.02244	1532.49304
2025-09-11T08:30:16Z	2009.00000	1562.47146	1549.03090	1532.49707
2025-09-11T08:30:16Z	2009.00000	1562.47575	1549.04067	1532.50154
2025-09-11T08:30:16Z	2009.00000	1561.37221	1546.64636	1531.33120
2025-09-11T08:30:16Z	2009.00000	1561.07346	1546.02324	1531.03765
2025-09-11T08:30:16Z	2009.00000	1560.88434	1545.62331	1530.85277
2025-09-11T08:30:16Z	2009.00000	1560.73414	1545.30504	1530.70445
2025-09-11T08:30:16Z	2009.00000	1560.58914	1544.99715	1530.56073
2025-09-11T08:30:16Z	2009.00000	1560.43616	1544.68068	1530.41461
2025-09-11T08:30:16Z	2009.00000	1560.31262	1544.41868	1530.29706
2025-09-11T08:30:17Z	2010.00000	1560.04622	1543.86683	1530.04650
2025-09-11T08:30:17Z	2010.00000	1559.92617	1543.61705	1529.93136
2025-09-11T08:30:17Z	2010.00000	1559.75144	1543.26958	1529.76983
2025-09-11T08:30:17Z	2010.00000	1559.63863	1543.04769	1529.66740
2025-09-11T08:30:17Z	2010.00000	1559.56907	1542.91049	1529.60362
2025-09-11T08:30:17Z	2010.00000	1559.55976	1542.89095	1529.59635
2025-09-11T08:30:17Z	2010.00000	1559.55298	1542.87727	1529.59098
2025-09-11T08:30:17Z	2010.00000	1559.54827	1542.86764	1529.58715
2025-09-11T08:30:18Z	2011.00000	1559.54336	1542.85812	1529.58321
2025-09-11T08:30:18Z	2011.00000	1559.53906	1542.84973	1529.57979
2025-09-11T08:30:18Z	2011.00000	1559.53528	1542.84222	1529.57679
2025-09-11T08:30:18Z	2011.00000	1559.53233	1542.83652	1529.57446
2025-09-11T08:30:18Z	2011.00000	1559.52916	1542.83043	1529.57189
2025-09-11T08:30:18Z	2011.00000	1559.52706	1542.82645	1529.57016
2025-09-11T08:30:18Z	2011.00000	1559.52447	1542.82134	1529.56797
2025-09-11T08:30:18Z	2011.00000	1559.52233	1542.81732	1529.56628
2025-09-11T08:30:18Z	2011.00000	1559.52059	1542.81405	1529.56477
2025-09-11T08:30:18Z	2011.00000	1559.51845	1542.80980	1529.56297
2025-09-11T08:30:19Z	2012.00000	1559.51612	1542.80589	1529.56127
2025-09-11T08:30:19Z	2012.00000	1559.51433	1542.80261	1529.55978
2025-09-11T08:30:19Z	2012.00000	1559.51273	1542.79950	1529.55851
2025-09-11T08:30:19Z	2012.00000	1559.51107	1542.79666	1529.55716
2025-09-11T08:30:19Z	2012.00000	1559.50935	1542.79352	1529.55573
2025-09-11T08:30:19Z	2012.00000	1559.50797	1542.79087	1529.55448
2025-09-11T08:30:19Z	2012.00000	1559.50652	1542.78844	1529.55343
2025-09-11T08:30:19Z	2012.00000	1559.50499	1542.78563	1529.55209
2025-09-11T08:30:19Z	2012.00000	1559.50326	1542.78270	1529.55079
2025-09-11T08:30:20Z	2013.00000	1559.50190	1542.77991	1529.54952
2025-09-11T08:30:20Z	2013.00000	1559.50031	1542.77708	1529.54833
2025-09-11T08:30:20Z	2013.00000	1559.49921	1542.77519	1529.54738
2025-09-11T08:30:20Z	2013.00000	1559.49798	1542.77307	1529.54639
2025-09-11T08:30:20Z	2013.00000	1559.49681	1542.77081	1529.54541
2025-09-11T08:30:20Z	2013.00000	1559.49578	1542.76904	1529.54459
2025-09-11T08:30:20Z	2013.00000	1559.49458	1542.76703	1529.54363
2025-09-11T08:30:20Z	2013.00000	1559.49350	1542.76513	1529.54270
2025-09-11T08:30:20Z	2013.00000	1559.49280	1542.76394	1529.54213
2025-09-11T08:30:20Z	2013.00000	1559.49191	1542.76246	1529.54137
2025-09-11T08:30:21Z	2014.00000	1559.49085	1542.76062	1529.54052
2025-09-11T08:30:21Z	2014.00000	1559.49028	1542.75948	1529.53990
2025-09-11T08:30:21Z	2014.00000	1559.48881	1542.75743	1529.53888
2025-09-11T08:30:21Z	2014.00000	1559.48870	1542.75683	1529.53857
2025-09-11T08:30:21Z	2014.00000	1559.48829	1542.75584	1529.53811
2025-09-11T08:30:21Z	2014.00000	1559.48691	1542.75377	1529.53714
2025-09-11T08:30:21Z	2014.00000	1559.48664	1542.75304	1529.53680
2025-09-11T08:30:21Z	2014.00000	1559.48584	1542.75157	1529.53604
2025-09-11T08:30:21Z	2014.00000	1559.48500	1542.75016	1529.53545
2025-09-11T08:30:21Z	2014.00000	1559.48418	1542.74891	1529.53483
2025-09-11T08:30:22Z	2015.00000	1559.48345	1542.74751	1529.53410
2025-09-11T08:30:22Z	2015.00000	1559.48284	1542.74635	1529.53369
2025-09-11T08:30:22Z	2015.00000	1559.48228	1542.74539	1529.53309
2025-09-11T08:30:22Z	2015.00000	1559.48154	1542.74422	1529.53248
2025-09-11T08:30:22Z	2015.00000	1559.69204	1543.14044	1529.72467
2025-09-11T08:30:22Z	2015.00000	1559.89008	1543.51948	1529.90891
2025-09-11T08:30:22Z	2015.00000	1560.09649	1543.94854	1530.10774
2025-09-11T08:30:22Z	2015.00000	1560.26300	1544.30008	1530.26872
2025-09-11T08:30:22Z	2015.00000	1560.42269	1544.64381	1530.42252
2025-09-11T08:30:23Z	2016.00000	1560.57675	1544.97172	1530.57367
2025-09-11T08:30:23Z	2016.00000	1560.78819	1545.43624	1530.78987
2025-09-11T08:30:23Z	2016.00000	1560.94864	1545.78362	1530.94576
2025-09-11T08:30:23Z	2016.00000	1561.06248	1546.02553	1531.05651
2025-09-11T08:30:23Z	2016.00000	1561.22218	1546.34625	1531.20590
2025-09-11T08:30:23Z	2016.00000	1561.33001	1546.57342	1531.31039
2025-09-11T08:30:23Z	2016.00000	1561.46709	1546.84337	1531.43824
2025-09-11T08:30:23Z	2016.00000	1561.61612	1547.13902	1531.57947
2025-09-11T08:30:23Z	2016.00000	1561.71251	1547.33118	1531.66887
2025-09-11T08:30:23Z	2016.00000	1561.83696	1547.57886	1531.78879
2025-09-11T08:30:24Z	2017.00000	1561.92369	1547.77436	1531.88258
2025-09-11T08:30:24Z	2017.00000	1562.00467	1547.96422	1531.97632
2025-09-11T08:30:24Z	2017.00000	1562.05174	1548.06784	1532.02764
2025-09-11T08:30:24Z	2017.00000	1562.13494	1548.24695	1532.11580
2025-09-11T08:30:24Z	2017.00000	1562.19073	1548.37493	1532.17731
2025-09-11T08:30:24Z	2017.00000	1562.22524	1548.45145	1532.21485
2025-09-11T08:30:24Z	2017.00000	1562.27257	1548.55831	1532.26714
2025-09-11T08:30:24Z	2017.00000	1562.31486	1548.64965	1532.31197
2025-09-11T08:30:24Z	2017.00000	1562.34325	1548.71392	1532.34196
2025-09-11T08:30:24Z	2017.00000	1562.36576	1548.76477	1532.36554
2025-09-11T08:30:25Z	2018.00000	1562.38673	1548.81298	1532.38810
2025-09-11T08:30:25Z	2018.00000	1562.39731	1548.83591	1532.39874
2025-09-11T08:30:25Z	2018.00000	1562.41030	1548.86728	1532.41462
2025-09-11T08:30:25Z	2018.00000	1562.42169	1548.89250	1532.42661
2025-09-11T08:30:25Z	2018.00000	1562.43293	1548.91770	1532.43833
2025-09-11T08:30:25Z	2018.00000	1562.44435	1548.94313	1532.45009
2025-09-11T08:30:25Z	2018.00000	1562.45207	1548.96194	1532.45951
2025-09-11T08:30:25Z	2018.00000	1562.46084	1548.98298	1532.46920
2025-09-11T08:30:25Z	2018.00000	1562.46900	1549.00056	1532.47772
2025-09-11T08:30:25Z	2019.00000	1562.47583	1549.01481	1532.48414
2025-09-11T08:30:26Z	2019.00000	1562.48140	1549.02712	1532.48987
2025-09-11T08:30:26Z	2019.00000	1562.48543	1549.03675	1532.49452
2025-09-11T08:30:26Z	2019.00000	1561.40687	1546.69845	1531.35790
2025-09-11T08:30:26Z	2019.00000	1561.04970	1545.96135	1531.00725
2025-09-11T08:30:26Z	2019.00000	1560.91255	1545.66534	1530.87103
2025-09-11T08:30:26Z	2019.00000	1560.75850	1545.34074	1530.72106
2025-09-11T08:30:26Z	2019.00000	1560.60725	1545.02307	1530.57292
2025-09-11T08:30:26Z	2019.00000	1560.47837	1544.75621	1530.44967
2025-09-11T08:30:26Z	2020.00000	1560.24416	1544.26774	1530.22939
2025-09-11T08:30:27Z	2020.00000	1560.12785	1544.02860	1530.11962
2025-09-11T08:30:27Z	2020.00000	1559.98420	1543.73358	1529.98397
2025-09-11T08:30:27Z	2020.00000	1559.82820	1543.41557	1529.83953
2025-09-11T08:30:27Z	2020.00000	1559.71204	1543.18719	1529.73387
2025-09-11T08:30:27Z	2020.00000	1559.60118	1542.97158	1529.63176
2025-09-11T08:30:27Z	2020.00000	1559.56864	1542.90762	1529.60351
2025-09-11T08:30:27Z	2020.00000	1559.56015	1542.89035	1529.59699
2025-09-11T08:30:27Z	2020.00000	1559.55489	1542.87982	1529.59268
2025-09-11T08:30:27Z	2020.00000	1559.55034	1542.87079	1529.58909
2025-09-11T08:30:28Z	2021.00000	1559.54630	1542.86282	1529.58584
2025-09-11T08:30:28Z	2021.00000	1559.54164	1542.85354	1529.58201
2025-09-11T08:30:28Z	2021.00000	1559.53785	1542.84639	1529.57911
2025-09-11T08:30:28Z	2021.00000	1559.53442	1542.83974	1529.57626
2025-09-11T08:30:28Z	2021.00000	1559.53087	1542.83284	1529.57339
2025-09-11T08:30:28Z	2021.00000	1559.52832	1542.82814	1529.57136
2025-09-11T08:30:28Z	2021.00000	1559.52564	1542.82314	1529.56923
2025-09-11T08:30:28Z	2021.00000	1559.52325	1542.81875	1529.56726
2025-09-11T08:30:28Z	2021.00000	1559.52136	1542.81510	1529.56567
2025-09-11T08:30:29Z	2022.00000	1559.51917	1542.81110	1529.56393
2025-09-11T08:30:29Z	2022.00000	1559.51730	1542.80782	1529.56251
2025-09-11T08:30:29Z	2022.00000	1559.51528	1542.80417	1529.56083
2025-09-11T08:30:29Z	2022.00000	1559.51345	1542.80080	1529.55932
2025-09-11T08:30:29Z	2022.00000	1559.51163	1542.79760	1529.55776
2025-09-11T08:30:29Z	2022.00000	1559.50970	1542.79410	1529.55612
2025-09-11T08:30:29Z	2022.00000	1559.50804	1542.79117	1529.55487
2025-09-11T08:30:29Z	2022.00000	1559.50635	1542.78848	1529.55365
2025-09-11T08:30:29Z	2022.00000	1559.50537	1542.78671	1529.55279
2025-09-11T08:30:30Z	2023.00000	1559.50400	1542.78435	1529.55165
2025-09-11T08:30:30Z	2023.00000	1559.50287	1542.78219	1529.55069
2025-09-11T08:30:30Z	2023.00000	1559.50052	1542.77834	1529.54881
2025-09-11T08:30:30Z	2023.00000	1559.49951	1542.77652	1529.54803
2025-09-11T08:30:30Z	2023.00000	1559.49861	1542.77484	1529.54725
2025-09-11T08:30:30Z	2023.00000	1559.49734	1542.77261	1529.54609
2025-09-11T08:30:30Z	2023.00000	1559.49567	1542.76964	1529.54480
2025-09-11T08:30:30Z	2023.00000	1559.49474	1542.76817	1529.54390
2025-09-11T08:30:30Z	2024.00000	1559.49404	1542.76670	1529.54338
2025-09-11T08:30:31Z	2024.00000	1559.49311	1542.76527	1529.54257
2025-09-11T08:30:31Z	2024.00000	1559.49190	1542.76340	1529.54165
2025-09-11T08:30:31Z	2024.00000	1559.49034	1542.76042	1529.54021
2025-09-11T08:30:31Z	2024.00000	1559.48937	1542.75875	1529.53944
2025-09-11T08:30:31Z	2024.00000	1559.48868	1542.75778	1529.53896
2025-09-11T08:30:31Z	2024.00000	1559.48737	1542.75530	1529.53774
2025-09-11T08:30:31Z	2024.00000	1559.48659	1542.75393	1529.53710
2025-09-11T08:30:32Z	2025.00000	1559.48526	1542.75169	1529.53605
2025-09-11T08:30:32Z	2025.00000	1559.48442	1542.75028	1529.53542
2025-09-11T08:30:32Z	2025.00000	1559.48379	1542.74904	1529.53479
2025-09-11T08:30:32Z	2025.00000	1559.58994	1542.95011	1529.62898
2025-09-11T08:30:32Z	2025.00000	1559.85251	1543.44194	1529.87226
2025-09-11T08:30:32Z	2025.00000	1560.05751	1543.86317	1530.06935
2025-09-11T08:30:32Z	2025.00000	1560.28044	1544.33133	1530.28186
2025-09-11T08:30:32Z	2025.00000	1560.46096	1544.71800	1530.45634
2025-09-11T08:30:33Z	2026.00000	1560.63513	1545.09187	1530.63043
2025-09-11T08:30:33Z	2026.00000	1560.79886	1545.44949	1530.79529
2025-09-11T08:30:33Z	2026.00000	1560.93548	1545.74421	1530.92688
2025-09-11T08:30:33Z	2026.00000	1561.09627	1546.08643	1531.08228
2025-09-11T08:30:33Z	2026.00000	1561.23364	1546.36164	1531.21156
2025-09-11T08:30:33Z	2026.00000	1561.37038	1546.64562	1531.34357
2025-09-11T08:30:33Z	2026.00000	1561.52788	1546.95209	1531.48796
2025-09-11T08:30:33Z	2026.00000	1561.65123	1547.19980	1531.60633
2025-09-11T08:30:33Z	2026.00000	1561.78685	1547.46901	1531.73296
2025-09-11T08:30:33Z	2026.00000	1561.86630	1547.63065	1531.81093
2025-09-11T08:30:34Z	2027.00000	1561.93817	1547.79152	1531.88946
2025-09-11T08:30:34Z	2027.00000	1562.00898	1547.95506	1531.96977
2025-09-11T08:30:34Z	2027.00000	1562.07053	1548.09333	1532.03803
2025-09-11T08:30:34Z	2027.00000	1562.12763	1548.21905	1532.09999
2025-09-11T08:30:34Z	2027.00000	1562.17339	1548.32158	1532.15080
2025-09-11T08:30:34Z	2027.00000	1562.23779	1548.46835	1532.22173
2025-09-11T08:30:34Z	2027.00000	1562.27989	1548.56198	1532.26840
2025-09-11T08:30:34Z	2027.00000	1562.34004	1548.70768	1532.34297
2025-09-11T08:30:34Z	2027.00000	1562.36593	1548.77684	1532.37552
2025-09-11T08:30:34Z	2028.00000	1562.38817	1548.82910	1532.40109
2025-09-11T08:30:35Z	2028.00000	1562.40669	1548.87205	1532.42160
2025-09-11T08:30:35Z	2028.00000	1562.41973	1548.90216	1532.43609
2025-09-11T08:30:35Z	2028.00000	1562.43299	1548.93383	1532.45141
2025-09-11T08:30:35Z	2028.00000	1562.44508	1548.96306	1532.46549
2025-09-11T08:30:35Z	2028.00000	1562.45279	1548.98160	1532.47448
2025-09-11T08:30:35Z	2028.00000	1562.46079	1548.99987	1532.48329
2025-09-11T08:30:35Z	2028.00000	1562.46671	1549.01385	1532.48973
2025-09-11T08:30:35Z	2028.00000	1562.47141	1549.02410	1532.49468
2025-09-11T08:30:35Z	2028.00000	1562.47601	1549.03481	1532.49988
2025-09-11T08:30:36Z	2029.00000	1562.48083	1549.04500	1532.50466
2025-09-11T08:30:36Z	2029.00000	1562.48520	1549.05543	1532.50936
2025-09-11T08:30:36Z	2029.00000	1561.24561	1546.37771	1531.20489
2025-09-11T08:30:36Z	2029.00000	1561.02459	1545.92160	1530.99004
2025-09-11T08:30:36Z	2029.00000	1560.89530	1545.64033	1530.86153
2025-09-11T08:30:36Z	2029.00000	1560.70894	1545.25033	1530.68006
2025-09-11T08:30:36Z	2029.00000	1560.57790	1544.96623	1530.54698
2025-09-11T08:30:36Z	2029.00000	1560.34562	1544.48315	1530.32621
2025-09-11T08:30:36Z	2030.00000	1560.21477	1544.21315	1530.20444
2025-09-11T08:30:37Z	2030.00000	1560.09450	1543.96331	1530.09116
2025-09-11T08:30:37Z	2030.00000	1559.95159	1543.66812	1529.95523
2025-09-11T08:30:37Z	2030.00000	1559.83685	1543.43435	1529.84888
2025-09-11T08:30:37Z	2030.00000	1559.70273	1543.16976	1529.72645
2025-09-11T08:30:37Z	2030.00000	1559.57846	1542.92774	1529.61200
2025-09-11T08:30:37Z	2030.00000	1559.56860	1542.90744	1529.60417
2025-09-11T08:30:37Z	2030.00000	1559.56119	1542.89266	1529.59819
2025-09-11T08:30:37Z	2030.00000	1559.55531	1542.88092	1529.59351
2025-09-11T08:30:37Z	2030.00000	1559.55097	1542.87219	1529.59001
2025-09-11T08:30:38Z	2031.00000	1559.54643	1542.86330	1529.58638
2025-09-11T08:30:38Z	2031.00000	1559.54298	1542.85647	1529.58357
2025-09-11T08:30:38Z	2031.00000	1559.53984	1542.85029	1529.58091
2025-09-11T08:30:38Z	2031.00000	1559.53697	1542.84478	1529.57876
2025-09-11T08:30:38Z	2031.00000	1559.53392	1542.83880	1529.57619
2025-09-11T08:30:38Z	2031.00000	1559.53141	1542.83413	1529.57421
2025-09-11T08:30:38Z	2031.00000	1559.52911	1542.82978	1529.57226
2025-09-11T08:30:38Z	2031.00000	1559.52686	1542.82553	1529.57040
2025-09-11T08:30:38Z	2031.00000	1559.52448	1542.82115	1529.56854
2025-09-11T08:30:38Z	2031.00000	1559.52265	1542.81750	1529.56703
2025-09-11T08:30:39Z	2032.00000	1559.52046	1542.81368	1529.56530
2025-09-11T08:30:39Z	2032.00000	1559.51891	1542.81052	1529.56396
2025-09-11T08:30:39Z	2032.00000	1559.51719	1542.80758	1529.56252
2025-09-11T08:30:39Z	2032.00000	1559.51577	1542.80483	1529.56142
2025-09-11T08:30:39Z	2032.00000	1559.51391	1542.80157	1529.55988
2025-09-11T08:30:39Z	2032.00000	1559.51257	1542.79901	1529.55869
2025-09-11T08:30:39Z	2032.00000	1559.51084	1542.79624	1529.55742
2025-09-11T08:30:39Z	2032.00000	1559.50937	1542.79343	1529.55619
2025-09-11T08:30:39Z	2032.00000	1559.50792	1542.79084	1529.55494
2025-09-11T08:30:39Z	2033.00000	1559.50672	1542.78831	1529.55386
2025-09-11T08:30:40Z	2033.00000	1559.50549	1542.78643	1529.55295
2025-09-11T08:30:40Z	2033.00000	1559.50432	1542.78441	1529.55197
2025-09-11T08:30:40Z	2033.00000	1559.50311	1542.78209	1529.55080
2025-09-11T08:30:40Z	2033.00000	1559.50208	1542.78034	1529.55006
2025-09-11T08:30:40Z	2033.00000	1559.50067	1542.77795	1529.54891
2025-09-11T08:30:40Z	2033.00000	1559.49939	1542.77574	1529.54787
2025-09-11T08:30:40Z	2033.00000	1559.49826	1542.77361	1529.54688
2025-09-11T08:30:40Z	2033.00000	1559.49705	1542.77173	1529.54594
2025-09-11T08:30:40Z	2034.00000	1559.49613	1542.76998	1529.54517
2025-09-11T08:30:41Z	2034.00000	1559.49523	1542.76842	1529.54440
2025-09-11T08:30:41Z	2034.00000	1559.49445	1542.76695	1529.54375
2025-09-11T08:30:41Z	2034.00000	1559.49353	1542.76561	1529.54312
2025-09-11T08:30:41Z	2034.00000	1559.49271	1542.76426	1529.54239
2025-09-11T08:30:41Z	2034.00000	1559.49206	1542.76288	1529.54181
2025-09-11T08:30:41Z	2034.00000	1559.49120	1542.76157	1529.54099
2025-09-11T08:30:41Z	2034.00000	1559.49062	1542.76041	1529.54059
2025-09-11T08:30:41Z	2034.00000	1559.48980	1542.75887	1529.53992
2025-09-11T08:30:41Z	2034.00000	1559.48920	1542.75785	1529.53934
2025-09-11T08:30:41Z	2035.00000	1559.48812	1542.75616	1529.53840
2025-09-11T08:30:42Z	2035.00000	1559.48735	1542.75483	1529.53785
2025-09-11T08:30:42Z	2035.00000	1559.48649	1542.75367	1529.53717
2025-09-11T08:30:42Z	2035.00000	1559.48600	1542.75248	1529.53666
2025-09-11T08:30:42Z	2035.00000	1559.61469	1542.99672	1529.65266
2025-09-11T08:30:42Z	2035.00000	1559.82016	1543.37924	1529.84324
2025-09-11T08:30:42Z	2035.00000	1560.17266	1544.11115	1530.18051
2025-09-11T08:30:42Z	2035.00000	1560.33832	1544.45803	1530.33904
2025-09-11T08:30:43Z	2036.00000	1560.68430	1545.21008	1530.68530
2025-09-11T08:30:43Z	2036.00000	1560.82643	1545.51851	1530.82840
2025-09-11T08:30:43Z	2036.00000	1561.12176	1546.14947	1531.11257
2025-09-11T08:30:43Z	2036.00000	1561.25665	1546.42133	1531.24042
2025-09-11T08:30:43Z	2036.00000	1561.54680	1547.00081	1531.51361
2025-09-11T08:30:43Z	2036.00000	1561.78673	1547.48267	1531.74249
2025-09-11T08:30:43Z	2036.00000	1561.88661	1547.69371	1531.84314
2025-09-11T08:30:44Z	2037.00000	1561.95302	1547.84345	1531.91908
2025-09-11T08:30:44Z	2037.00000	1562.02027	1548.00164	1531.99534
2025-09-11T08:30:44Z	2037.00000	1562.08433	1548.13591	1532.06128
2025-09-11T08:30:44Z	2037.00000	1562.14223	1548.26389	1532.12490
2025-09-11T08:30:44Z	2037.00000	1562.20099	1548.39842	1532.18903
2025-09-11T08:30:44Z	2037.00000	1562.24327	1548.49257	1532.23502
2025-09-11T08:30:44Z	2037.00000	1562.27359	1548.56184	1532.26910
2025-09-11T08:30:44Z	2037.00000	1562.30763	1548.63840	1532.30759
2025-09-11T08:30:44Z	2037.00000	1562.33717	1548.70331	1532.33770
2025-09-11T08:30:44Z	2037.00000	1562.36069	1548.75559	1532.36215
2025-09-11T08:30:44Z	2038.00000	1562.38280	1548.80629	1532.38550
2025-09-11T08:30:45Z	2038.00000	1562.40015	1548.84516	1532.40420
2025-09-11T08:30:45Z	2038.00000	1562.41400	1548.87769	1532.42056
2025-09-11T08:30:45Z	2038.00000	1562.42600	1548.90501	1532.43343
2025-09-11T08:30:45Z	2038.00000	1562.43841	1548.93372	1532.44738
2025-09-11T08:30:45Z	2038.00000	1562.44739	1548.95415	1532.45745
2025-09-11T08:30:45Z	2038.00000	1562.45465	1548.97080	1532.46506
2025-09-11T08:30:45Z	2038.00000	1562.46292	1548.98880	1532.47342
2025-09-11T08:30:45Z	2038.00000	1562.46910	1549.00243	1532.47989
2025-09-11T08:30:45Z	2038.00000	1562.47422	1549.01424	1532.48539
2025-09-11T08:30:46Z	2039.00000	1562.47897	1549.02403	1532.49007
2025-09-11T08:30:46Z	2039.00000	1562.48402	1549.03612	1532.49651
2025-09-11T08:30:46Z	2039.00000	1561.27107	1546.42209	1531.22434
2025-09-11T08:30:46Z	2039.00000	1561.04322	1545.95044	1531.00274
2025-09-11T08:30:46Z	2039.00000	1560.91092	1545.66470	1530.87173
2025-09-11T08:30:46Z	2039.00000	1560.76142	1545.34857	1530.72550
2025-09-11T08:30:46Z	2039.00000	1560.63202	1545.07639	1530.59964
2025-09-11T08:30:46Z	2039.00000	1560.45875	1544.71563	1530.43142
2025-09-11T08:30:46Z	2039.00000	1560.31622	1544.41692	1530.29658
2025-09-11T08:30:47Z	2040.00000	1560.16782	1544.11220	1530.15668
2025-09-11T08:30:47Z	2040.00000	1560.02447	1543.81520	1530.02205
2025-09-11T08:30:47Z	2040.00000	1559.90571	1543.57015	1529.91066
2025-09-11T08:30:47Z	2040.00000	1559.78952	1543.33907	1529.80381
2025-09-11T08:30:47Z	2040.00000	1559.65618	1543.07915	1529.68349
2025-09-11T08:30:47Z	2040.00000	1559.57771	1542.92495	1529.61135
2025-09-11T08:30:47Z	2040.00000	1559.57044	1542.91040	1529.60553
2025-09-11T08:30:47Z	2040.00000	1559.56386	1542.89729	1529.60024
2025-09-11T08:30:47Z	2040.00000	1559.55687	1542.88338	1529.59473
2025-09-11T08:30:47Z	2040.00000	1559.55205	1542.87381	1529.59065
2025-09-11T08:30:48Z	2041.00000	1559.54747	1542.86403	1529.58677
2025-09-11T08:30:48Z	2041.00000	1559.54341	1542.85694	1529.58338
2025-09-11T08:30:48Z	2041.00000	1559.54055	1542.85101	1529.58112
2025-09-11T08:30:48Z	2041.00000	1559.53732	1542.84497	1529.57850
2025-09-11T08:30:48Z	2041.00000	1559.53442	1542.83960	1529.57605
2025-09-11T08:30:48Z	2041.00000	1559.53135	1542.83417	1529.57358
2025-09-11T08:30:48Z	2041.00000	1559.52895	1542.82960	1529.57145
2025-09-11T08:30:48Z	2041.00000	1559.52689	1542.82555	1529.56986
2025-09-11T08:30:48Z	2041.00000	1559.52401	1542.82047	1529.56757
2025-09-11T08:30:48Z	2041.00000	1559.52210	1542.81682	1529.56590
2025-09-11T08:30:49Z	2042.00000	1559.52024	1542.81330	1529.56433
2025-09-11T08:30:49Z	2042.00000	1559.51804	1542.80937	1529.56259
2025-09-11T08:30:49Z	2042.00000	1559.51619	1542.80590	1529.56108
2025-09-11T08:30:49Z	2042.00000	1559.51458	1542.80311	1529.55978
2025-09-11T08:30:49Z	2042.00000	1559.51307	1542.80048	1529.55860
2025-09-11T08:30:49Z	2042.00000	1559.51123	1542.79711	1529.55706
2025-09-11T08:30:49Z	2042.00000	1559.50984	1542.79438	1529.55590
2025-09-11T08:30:49Z	2042.00000	1559.50807	1542.79135	1529.55436
2025-09-11T08:30:49Z	2042.00000	1559.50658	1542.78876	1529.55321
2025-09-11T08:30:50Z	2043.00000	1559.50487	1542.78575	1529.55174
2025-09-11T08:30:50Z	2043.00000	1559.50406	1542.78414	1529.55102
2025-09-11T08:30:50Z	2043.00000	1559.50195	1542.78040	1529.54919
2025-09-11T08:30:50Z	2043.00000	1559.50079	1542.77867	1529.54841
2025-09-11T08:30:50Z	2043.00000	1559.49860	1542.77487	1529.54650
2025-09-11T08:30:50Z	2043.00000	1559.49756	1542.77311	1529.54556
2025-09-11T08:30:50Z	2043.00000	1559.49641	1542.77107	1529.54441
2025-09-11T08:30:50Z	2044.00000	1559.49545	1542.76935	1529.54368
2025-09-11T08:30:51Z	2044.00000	1559.49441	1542.76763	1529.54303
2025-09-11T08:30:51Z	2044.00000	1559.49351	1542.76601	1529.54222
2025-09-11T08:30:51Z	2044.00000	1559.49283	1542.76490	1529.54175
2025-09-11T08:30:51Z	2044.00000	1559.49206	1542.76327	1529.54111
2025-09-11T08:30:51Z	2044.00000	1559.49137	1542.76200	1529.54054
2025-09-11T08:30:51Z	2044.00000	1559.49074	1542.76105	1529.53996
2025-09-11T08:30:51Z	2044.00000	1559.48989	1542.75975	1529.53936
2025-09-11T08:30:51Z	2044.00000	1559.48910	1542.75839	1529.53859
2025-09-11T08:30:51Z	2044.00000	1559.48865	1542.75769	1529.53833
2025-09-11T08:30:52Z	2045.00000	1559.48777	1542.75581	1529.53732
2025-09-11T08:30:52Z	2045.00000	1559.48700	1542.75499	1529.53719
2025-09-11T08:30:52Z	2045.00000	1559.48608	1542.75385	1529.53652
2025-09-11T08:30:52Z	2045.00000	1559.54962	1542.87347	1529.59192
2025-09-11T08:30:52Z	2045.00000	1559.78177	1543.30764	1529.80479
2025-09-11T08:30:52Z	2045.00000	1559.99745	1543.73726	1530.00912
2025-09-11T08:30:52Z	2045.00000	1560.13791	1544.02945	1530.14243
2025-09-11T08:30:52Z	2045.00000	1560.30359	1544.37745	1530.30161
2025-09-11T08:30:52Z	2045.00000	1560.51037	1544.81880	1530.50072
2025-09-11T08:30:53Z	2046.00000	1560.70143	1545.23551	1530.69455
2025-09-11T08:30:53Z	2046.00000	1560.86291	1545.58439	1530.85534
2025-09-11T08:30:53Z	2046.00000	1561.00683	1545.89778	1530.99708
2025-09-11T08:30:53Z	2046.00000	1561.21249	1546.31898	1531.19170
2025-09-11T08:30:53Z	2046.00000	1561.39067	1546.68592	1531.36371
2025-09-11T08:30:53Z	2046.00000	1561.54582	1546.99077	1531.50657
2025-09-11T08:30:53Z	2046.00000	1561.67048	1547.24086	1531.62579
2025-09-11T08:30:53Z	2046.00000	1561.78637	1547.47089	1531.73465
2025-09-11T08:30:53Z	2046.00000	1561.87785	1547.66000	1531.82505
2025-09-11T08:30:54Z	2047.00000	1561.96694	1547.86086	1531.92482
2025-09-11T08:30:54Z	2047.00000	1562.03433	1548.01579	1531.99971
2025-09-11T08:30:54Z	2047.00000	1562.09012	1548.13647	1532.05911
2025-09-11T08:30:54Z	2047.00000	1562.15426	1548.27837	1532.12931
2025-09-11T08:30:54Z	2047.00000	1562.21039	1548.40677	1532.19073
2025-09-11T08:30:54Z	2047.00000	1562.24859	1548.49317	1532.23281
2025-09-11T08:30:54Z	2047.00000	1562.28961	1548.58461	1532.27753
2025-09-11T08:30:54Z	2047.00000	1562.32160	1548.65415	1532.31221
2025-09-11T08:30:54Z	2047.00000	1562.35938	1548.73786	1532.35142
2025-09-11T08:30:54Z	2047.00000	1562.37842	1548.78207	1532.37115
2025-09-11T08:30:55Z	2048.00000	1562.39498	1548.81954	1532.38918
2025-09-11T08:30:55Z	2048.00000	1562.40779	1548.84924	1532.40311
2025-09-11T08:30:55Z	2048.00000	1562.42194	1548.88128	1532.41863
2025-09-11T08:30:55Z	2048.00000	1562.44239	1548.92732	1532.44039
2025-09-11T08:30:55Z	2048.00000	1562.45293	1548.95114	1532.45149
2025-09-11T08:30:55Z	2048.00000	1562.46034	1548.96794	1532.45958
2025-09-11T08:30:55Z	2048.00000	1562.46960	1548.98914	1532.46959
2025-09-11T08:30:55Z	2048.00000	1562.47839	1549.00792	1532.47854
2025-09-11T08:30:55Z	2049.00000	1562.48441	1549.02091	1532.48439
2025-09-11T08:30:56Z	2049.00000	1562.49091	1549.03433	1532.49065
2025-09-11T08:30:56Z	2049.00000	1562.21028	1548.21753	1532.12071
2025-09-11T08:30:56Z	2049.00000	1561.12080	1546.10453	1531.07100
2025-09-11T08:30:56Z	2049.00000	1560.94431	1545.72578	1530.89720
2025-09-11T08:30:56Z	2049.00000	1560.81511	1545.45386	1530.77373
2025-09-11T08:30:56Z	2049.00000	1560.68508	1545.18075	1530.64732
2025-09-11T08:30:56Z	2049.00000	1560.55653	1544.90837	1530.51869
2025-09-11T08:30:56Z	2049.00000	1560.40871	1544.60458	1530.37899
2025-09-11T08:30:56Z	2049.00000	1560.28265	1544.34396	1530.26306
2025-09-11T08:30:57Z	2050.00000	1560.14020	1544.05027	1530.12861
2025-09-11T08:30:57Z	2050.00000	1559.99500	1543.75327	1529.99213
2025-09-11T08:30:57Z	2050.00000	1559.85820	1543.47427	1529.86617
2025-09-11T08:30:57Z	2050.00000	1559.72186	1543.20634	1529.74198
2025-09-11T08:30:57Z	2050.00000	1559.59203	1542.95316	1529.62316
2025-09-11T08:30:57Z	2050.00000	1559.57367	1542.91682	1529.60756
2025-09-11T08:30:57Z	2050.00000	1559.56681	1542.90293	1529.60222
2025-09-11T08:30:57Z	2050.00000	1559.56007	1542.88953	1529.59683
2025-09-11T08:30:57Z	2050.00000	1559.55528	1542.88018	1529.59305
2025-09-11T08:30:57Z	2050.00000	1559.55044	1542.87058	1529.58909
2025-09-11T08:30:58Z	2051.00000	1559.54675	1542.86339	1529.58623
2025-09-11T08:30:58Z	2051.00000	1559.54336	1542.85681	1529.58334
2025-09-11T08:30:58Z	2051.00000	1559.54028	1542.85082	1529.58096
2025-09-11T08:30:58Z	2051.00000	1559.53741	1542.84549	1529.57876
2025-09-11T08:30:58Z	2051.00000	1559.53432	1542.83962	1529.57625
2025-09-11T08:30:58Z	2051.00000	1559.53162	1542.83435	1529.57392
2025-09-11T08:30:58Z	2051.00000	1559.52948	1542.83020	1529.57212
2025-09-11T08:30:58Z	2051.00000	1559.52718	1542.82617	1529.57052
2025-09-11T08:30:58Z	2051.00000	1559.52516	1542.82245	1529.56872
2025-09-11T08:30:58Z	2051.00000	1559.52303	1542.81838	1529.56701
2025-09-11T08:30:59Z	2052.00000	1559.52134	1542.81514	1529.56559
2025-09-11T08:30:59Z	2052.00000	1559.51879	1542.81066	1529.56360
2025-09-11T08:30:59Z	2052.00000	1559.51662	1542.80670	1529.56179
2025-09-11T08:30:59Z	2052.00000	1559.51485	1542.80356	1529.56039
2025-09-11T08:30:59Z	2052.00000	1559.51299	1542.80010	1529.55884
2025-09-11T08:30:59Z	2052.00000	1559.51142	1542.79741	1529.55751
2025-09-11T08:30:59Z	2052.00000	1559.50995	1542.79482	1529.55636
2025-09-11T08:30:59Z	2052.00000	1559.50837	1542.79198	1529.55505
2025-09-11T08:31:00Z	2053.00000	1559.50696	1542.78945	1529.55389
2025-09-11T08:31:00Z	2053.00000	1559.50592	1542.78745	1529.55293
2025-09-11T08:31:00Z	2053.00000	1559.50449	1542.78514	1529.55183
2025-09-11T08:31:00Z	2053.00000	1559.50346	1542.78309	1529.55093
2025-09-11T08:31:00Z	2053.00000	1559.50239	1542.78136	1529.55016
2025-09-11T08:31:00Z	2053.00000	1559.50152	1542.77969	1529.54933
2025-09-11T08:31:00Z	2053.00000	1559.50043	1542.77786	1529.54853
2025-09-11T08:31:00Z	2053.00000	1559.49947	1542.77627	1529.54774
2025-09-11T08:31:00Z	2053.00000	1559.49862	1542.77460	1529.54691
2025-09-11T08:31:00Z	2053.00000	1559.49766	1542.77313	1529.54609
2025-09-11T08:31:01Z	2054.00000	1559.49671	1542.77147	1529.54537
2025-09-11T08:31:01Z	2054.00000	1559.49563	1542.76952	1529.54445
2025-09-11T08:31:01Z	2054.00000	1559.49493	1542.76829	1529.54381
2025-09-11T08:31:01Z	2054.00000	1559.49390	1542.76646	1529.54300
2025-09-11T08:31:01Z	2054.00000	1559.49293	1542.76487	1529.54211
2025-09-11T08:31:01Z	2054.00000	1559.49222	1542.76365	1529.54174
2025-09-11T08:31:01Z	2054.00000	1559.49137	1542.76218	1529.54099
2025-09-11T08:31:01Z	2054.00000	1559.49056	1542.76082	1529.54038
2025-09-11T08:31:01Z	2054.00000	1559.48970	1542.75957	1529.53961
2025-09-11T08:31:02Z	2055.00000	1559.48915	1542.75835	1529.53912
2025-09-11T08:31:02Z	2055.00000	1559.48838	1542.75705	1529.53845
2025-09-11T08:31:02Z	2055.00000	1559.48780	1542.75589	1529.53795
2025-09-11T08:31:02Z	2055.00000	1559.51223	1542.80067	1529.55887
2025-09-11T08:31:02Z	2055.00000	1559.75540	1543.25965	1529.78028
2025-09-11T08:31:02Z	2055.00000	1560.00220	1543.74668	1530.01307
2025-09-11T08:31:02Z	2055.00000	1560.17004	1544.09766	1530.17262
2025-09-11T08:31:02Z	2055.00000	1560.36166	1544.49728	1530.35452
2025-09-11T08:31:02Z	2055.00000	1560.54169	1544.88245	1530.52974
2025-09-11T08:31:02Z	2056.00000	1560.70686	1545.24414	1530.69802
2025-09-11T08:31:03Z	2056.00000	1560.87096	1545.59673	1530.86048
2025-09-11T08:31:03Z	2056.00000	1561.03212	1545.94549	1531.01840
2025-09-11T08:31:03Z	2056.00000	1561.19198	1546.27066	1531.16815
2025-09-11T08:31:03Z	2056.00000	1561.34626	1546.59198	1531.31636
2025-09-11T08:31:03Z	2056.00000	1561.50391	1546.89916	1531.46175
2025-09-11T08:31:03Z	2056.00000	1561.65122	1547.19383	1531.60214
2025-09-11T08:31:03Z	2056.00000	1561.78876	1547.46562	1531.73023
2025-09-11T08:31:03Z	2056.00000	1561.89345	1547.68393	1531.83366
2025-09-11T08:31:04Z	2056.00000	1561.98429	1547.88769	1531.93510
2025-09-11T08:31:04Z	2057.00000	1562.05892	1548.05551	1532.01707
2025-09-11T08:31:04Z	2057.00000	1562.12158	1548.19422	1532.08484
2025-09-11T08:31:04Z	2057.00000	1562.18668	1548.34103	1532.15698
2025-09-11T08:31:04Z	2057.00000	1562.24429	1548.47017	1532.21959
2025-09-11T08:31:04Z	2057.00000	1562.29077	1548.57340	1532.27036
2025-09-11T08:31:04Z	2057.00000	1562.33532	1548.67132	1532.31890
2025-09-11T08:31:04Z	2057.00000	1562.36289	1548.73519	1532.34916
2025-09-11T08:31:04Z	2057.00000	1562.38149	1548.77818	1532.36885
2025-09-11T08:31:05Z	2058.00000	1562.40229	1548.82552	1532.39191
2025-09-11T08:31:05Z	2058.00000	1562.41486	1548.85572	1532.40594
2025-09-11T08:31:05Z	2058.00000	1562.42826	1548.88608	1532.42059
2025-09-11T08:31:05Z	2058.00000	1562.43935	1548.91162	1532.43282
2025-09-11T08:31:05Z	2058.00000	1562.44966	1548.93518	1532.44401
2025-09-11T08:31:05Z	2058.00000	1562.45811	1548.95445	1532.45340
2025-09-11T08:31:05Z	2058.00000	1562.46613	1548.97255	1532.46156
2025-09-11T08:31:05Z	2058.00000	1562.47420	1548.98979	1532.46950
2025-09-11T08:31:05Z	2058.00000	1562.48091	1549.00441	1532.47634
2025-09-11T08:31:06Z	2059.00000	1562.48708	1549.01802	1532.48258
2025-09-11T08:31:06Z	2059.00000	1562.49285	1549.03023	1532.48814
2025-09-11T08:31:06Z	2059.00000	1562.45969	1548.80427	1532.42666
2025-09-11T08:31:06Z	2059.00000	1561.17779	1546.21296	1531.12190
2025-09-11T08:31:06Z	2059.00000	1560.96709	1545.77071	1530.91696
2025-09-11T08:31:06Z	2059.00000	1560.82398	1545.46915	1530.78061
2025-09-11T08:31:06Z	2059.00000	1560.67370	1545.15147	1530.63399
2025-09-11T08:31:06Z	2059.00000	1560.52676	1544.84612	1530.48960
2025-09-11T08:31:06Z	2059.00000	1560.37851	1544.53760	1530.34896
2025-09-11T08:31:07Z	2060.00000	1560.22945	1544.23090	1530.21174
2025-09-11T08:31:07Z	2060.00000	1560.08542	1543.93508	1530.07711
2025-09-11T08:31:07Z	2060.00000	1559.94231	1543.64085	1529.94171
2025-09-11T08:31:07Z	2060.00000	1559.80585	1543.36775	1529.81704
2025-09-11T08:31:07Z	2060.00000	1559.67134	1543.10623	1529.69634
2025-09-11T08:31:07Z	2060.00000	1559.57940	1542.92708	1529.61232
2025-09-11T08:31:07Z	2060.00000	1559.57062	1542.90925	1529.60522
2025-09-11T08:31:07Z	2060.00000	1559.56368	1542.89537	1529.59976
2025-09-11T08:31:07Z	2060.00000	1559.55792	1542.88415	1529.59523
2025-09-11T08:31:08Z	2061.00000	1559.55279	1542.87449	1529.59114
2025-09-11T08:31:08Z	2061.00000	1559.54859	1542.86593	1529.58760
2025-09-11T08:31:08Z	2061.00000	1559.54469	1542.85844	1529.58455
2025-09-11T08:31:08Z	2061.00000	1559.54117	1542.85160	1529.58175
2025-09-11T08:31:08Z	2061.00000	1559.53785	1542.84533	1529.57894
2025-09-11T08:31:08Z	2061.00000	1559.53500	1542.83979	1529.57659
2025-09-11T08:31:08Z	2061.00000	1559.53234	1542.83474	1529.57445
2025-09-11T08:31:08Z	2061.00000	1559.52994	1542.83005	1529.57243
2025-09-11T08:31:08Z	2061.00000	1559.52755	1542.82556	1529.57043
2025-09-11T08:31:09Z	2062.00000	1559.52551	1542.82186	1529.56901
2025-09-11T08:31:09Z	2062.00000	1559.52301	1542.81746	1529.56700
2025-09-11T08:31:09Z	2062.00000	1559.52128	1542.81415	1529.56543
2025-09-11T08:31:09Z	2062.00000	1559.51920	1542.81055	1529.56375
2025-09-11T08:31:09Z	2062.00000	1559.51755	1542.80740	1529.56243
2025-09-11T08:31:09Z	2062.00000	1559.51592	1542.80451	1529.56123
2025-09-11T08:31:09Z	2062.00000	1559.51462	1542.80207	1529.56014
2025-09-11T08:31:09Z	2062.00000	1559.51314	1542.79944	1529.55901
2025-09-11T08:31:09Z	2062.00000	1559.51181	1542.79698	1529.55795
2025-09-11T08:31:10Z	2063.00000	1559.51054	1542.79444	1529.55676
2025-09-11T08:31:10Z	2063.00000	1559.50898	1542.79206	1529.55560
2025-09-11T08:31:10Z	2063.00000	1559.50783	1542.78982	1529.55459
2025-09-11T08:31:10Z	2063.00000	1559.50659	1542.78753	1529.55363
2025-09-11T08:31:10Z	2063.00000	1559.50544	1542.78555	1529.55265
2025-09-11T08:31:10Z	2063.00000	1559.50428	1542.78365	1529.55167
2025-09-11T08:31:10Z	2063.00000	1559.50300	1542.78155	1529.55074
2025-09-11T08:31:10Z	2063.00000	1559.50209	1542.77965	1529.54985
2025-09-11T08:31:10Z	2063.00000	1559.50105	1542.77788	1529.54899
2025-09-11T08:31:11Z	2064.00000	1559.49992	1542.77603	1529.54810
2025-09-11T08:31:11Z	2064.00000	1559.49895	1542.77435	1529.54729
2025-09-11T08:31:11Z	2064.00000	1559.49808	1542.77281	1529.54647
2025-09-11T08:31:11Z	2064.00000	1559.49714	1542.77116	1529.54561
2025-09-11T08:31:11Z	2064.00000	1559.49591	1542.76943	1529.54477
2025-09-11T08:31:11Z	2064.00000	1559.49467	1542.76759	1529.54374
2025-09-11T08:31:11Z	2064.00000	1559.49261	1542.76417	1529.54203
2025-09-11T08:31:12Z	2065.00000	1559.49064	1542.76062	1529.54026
2025-09-11T08:31:12Z	2065.00000	1559.49545	1542.76972	1529.54466
2025-09-11T08:31:12Z	2065.00000	1560.10255	1543.95242	1530.10776
2025-09-11T08:31:13Z	2065.00000	1560.63696	1545.08566	1530.62563
2025-09-11T08:31:13Z	2066.00000	1561.06054	1546.00016	1531.04272
2025-09-11T08:31:13Z	2066.00000	1561.47484	1546.83906	1531.43230
2025-09-11T08:31:13Z	2066.00000	1561.84921	1547.57910	1531.78443
2025-09-11T08:31:14Z	2067.00000	1562.01340	1547.94600	1531.96194
2025-09-11T08:31:14Z	2067.00000	1562.07706	1548.08697	1532.03121
2025-09-11T08:31:14Z	2067.00000	1562.13556	1548.21846	1532.09581
2025-09-11T08:31:14Z	2067.00000	1562.18930	1548.34077	1532.15530
2025-09-11T08:31:14Z	2067.00000	1562.24305	1548.46013	1532.21244
2025-09-11T08:31:14Z	2067.00000	1562.29057	1548.56542	1532.26429
2025-09-11T08:31:14Z	2067.00000	1562.32578	1548.64448	1532.30425
2025-09-11T08:31:14Z	2067.00000	1562.35673	1548.71501	1532.33802
2025-09-11T08:31:15Z	2068.00000	1562.37681	1548.76079	1532.35895
2025-09-11T08:31:15Z	2068.00000	1562.39892	1548.81236	1532.38308
2025-09-11T08:31:15Z	2068.00000	1562.41281	1548.84345	1532.39785
2025-09-11T08:31:15Z	2068.00000	1562.42572	1548.87277	1532.41246
2025-09-11T08:31:15Z	2068.00000	1562.43702	1548.89807	1532.42411
2025-09-11T08:31:15Z	2068.00000	1562.44730	1548.92148	1532.43512
2025-09-11T08:31:15Z	2068.00000	1562.45727	1548.94343	1532.44576
2025-09-11T08:31:15Z	2068.00000	1562.46549	1548.96243	1532.45481
2025-09-11T08:31:15Z	2068.00000	1562.47339	1548.98000	1532.46296
2025-09-11T08:31:16Z	2069.00000	1562.48069	1548.99564	1532.47036
2025-09-11T08:31:16Z	2069.00000	1562.48747	1549.00972	1532.47674
2025-09-11T08:31:16Z	2069.00000	1562.49216	1548.99543	1532.48135
2025-09-11T08:31:16Z	2069.00000	1561.20623	1546.26157	1531.14547
2025-09-11T08:31:16Z	2069.00000	1560.97451	1545.78469	1530.92250
2025-09-11T08:31:16Z	2069.00000	1560.82905	1545.47700	1530.78361
2025-09-11T08:31:16Z	2069.00000	1560.68061	1545.16351	1530.63868
2025-09-11T08:31:16Z	2069.00000	1560.53381	1544.85815	1530.49446
2025-09-11T08:31:16Z	2069.00000	1560.38273	1544.54359	1530.35097
2025-09-11T08:31:17Z	2070.00000	1560.23316	1544.23599	1530.21376
2025-09-11T08:31:17Z	2070.00000	1560.09010	1543.94268	1530.07990
2025-09-11T08:31:17Z	2070.00000	1559.94912	1543.65330	1529.94702
2025-09-11T08:31:17Z	2070.00000	1559.81226	1543.37827	1529.82202
2025-09-11T08:31:17Z	2070.00000	1559.67731	1543.11574	1529.70121
2025-09-11T08:31:17Z	2070.00000	1559.58123	1542.93006	1529.61334
2025-09-11T08:31:17Z	2070.00000	1559.57230	1542.91153	1529.60638
2025-09-11T08:31:17Z	2070.00000	1559.56508	1542.89729	1529.60064
2025-09-11T08:31:17Z	2070.00000	1559.55903	1542.88540	1529.59577
2025-09-11T08:31:18Z	2071.00000	1559.55387	1542.87548	1529.59167
2025-09-11T08:31:18Z	2071.00000	1559.54981	1542.86722	1529.58824
2025-09-11T08:31:18Z	2071.00000	1559.54561	1542.85958	1529.58500
2025-09-11T08:31:18Z	2071.00000	1559.54235	1542.85295	1529.58247
2025-09-11T08:31:18Z	2071.00000	1559.53896	1542.84631	1529.57960
2025-09-11T08:31:18Z	2071.00000	1559.53630	1542.84130	1529.57752
2025-09-11T08:31:18Z	2071.00000	1559.52903	1542.82754	1529.57158
2025-09-11T08:31:19Z	2072.00000	1559.52354	1542.81744	1529.56713
2025-09-11T08:31:19Z	2072.00000	1559.51887	1542.80877	1529.56331
2025-09-11T08:31:19Z	2072.00000	1559.51431	1542.80090	1529.55965
2025-09-11T08:31:20Z	2072.00000	1559.51061	1542.79412	1529.55656
2025-09-11T08:31:20Z	2073.00000	1559.50703	1542.78818	1529.55380
2025-09-11T08:31:20Z	2073.00000	1559.50349	1542.78161	1529.55054
2025-09-11T08:31:20Z	2073.00000	1559.50042	1542.77648	1529.54796
2025-09-11T08:31:21Z	2074.00000	1559.49884	1542.77372	1529.54672
2025-09-11T08:31:21Z	2074.00000	1559.49779	1542.77201	1529.54591
2025-09-11T08:31:21Z	2074.00000	1559.49683	1542.77055	1529.54517
2025-09-11T08:31:21Z	2074.00000	1559.49595	1542.76908	1529.54444
2025-09-11T08:31:21Z	2074.00000	1559.49517	1542.76745	1529.54369
2025-09-11T08:31:21Z	2074.00000	1559.49434	1542.76600	1529.54303
2025-09-11T08:31:21Z	2074.00000	1559.49335	1542.76438	1529.54214
2025-09-11T08:31:21Z	2074.00000	1559.49264	1542.76293	1529.54160
2025-09-11T08:31:22Z	2075.00000	1559.49197	1542.76210	1529.54116
2025-09-11T08:31:22Z	2075.00000	1559.49169	1542.76123	1529.54083
2025-09-11T08:31:22Z	2075.00000	1559.49077	1542.75993	1529.54017
2025-09-11T08:31:22Z	2075.00000	1559.49025	1542.75892	1529.53974
2025-09-11T08:31:22Z	2075.00000	1559.59377	1542.95415	1529.63119
2025-09-11T08:31:22Z	2075.00000	1559.82738	1543.38857	1529.84591
2025-09-11T08:31:22Z	2075.00000	1560.03592	1543.81242	1530.04387
2025-09-11T08:31:22Z	2075.00000	1560.23109	1544.21751	1530.22885
2025-09-11T08:31:22Z	2075.00000	1560.41773	1544.61175	1530.40535
2025-09-11T08:31:23Z	2076.00000	1560.59590	1544.98998	1530.57931
2025-09-11T08:31:23Z	2076.00000	1560.76007	1545.34821	1530.74498
2025-09-11T08:31:23Z	2076.00000	1560.92078	1545.69342	1530.90124
2025-09-11T08:31:23Z	2076.00000	1561.08023	1546.03379	1531.05634
2025-09-11T08:31:23Z	2076.00000	1561.23906	1546.35536	1531.20538
2025-09-11T08:31:23Z	2076.00000	1561.39402	1546.67502	1531.35420
2025-09-11T08:31:23Z	2076.00000	1561.55220	1546.98502	1531.49848
2025-09-11T08:31:23Z	2076.00000	1561.69515	1547.26971	1531.63377
2025-09-11T08:31:23Z	2076.00000	1561.82786	1547.53034	1531.75839
2025-09-11T08:31:23Z	2077.00000	1561.92063	1547.73114	1531.85294
2025-09-11T08:31:24Z	2077.00000	1561.99768	1547.90439	1531.93907
2025-09-11T08:31:24Z	2077.00000	1562.06227	1548.04811	1532.00897
2025-09-11T08:31:24Z	2077.00000	1562.11733	1548.17077	1532.06987
2025-09-11T08:31:24Z	2077.00000	1562.17737	1548.30312	1532.13563
2025-09-11T08:31:24Z	2077.00000	1562.23826	1548.43882	1532.20069
2025-09-11T08:31:24Z	2077.00000	1562.28256	1548.54218	1532.25109
2025-09-11T08:31:24Z	2077.00000	1562.31763	1548.62231	1532.29138
2025-09-11T08:31:24Z	2077.00000	1562.35049	1548.69582	1532.32756
2025-09-11T08:31:24Z	2077.00000	1562.37472	1548.75114	1532.35324
2025-09-11T08:31:25Z	2078.00000	1562.41194	1548.83755	1532.39347
2025-09-11T08:31:25Z	2078.00000	1562.44383	1548.90926	1532.42719
2025-09-11T08:31:25Z	2078.00000	1562.46988	1548.96665	1532.45446
2025-09-11T08:31:26Z	2078.00000	1562.49162	1549.01386	1532.47695
2025-09-11T08:31:26Z	2079.00000	1561.09092	1546.02475	1531.03404
2025-09-11T08:31:26Z	2079.00000	1560.65063	1545.09894	1530.60775
2025-09-11T08:31:26Z	2079.00000	1560.25714	1544.28448	1530.23520
2025-09-11T08:31:27Z	2080.00000	1559.85931	1543.47235	1529.86490
2025-09-11T08:31:27Z	2080.00000	1559.57719	1542.92126	1529.60997
2025-09-11T08:31:27Z	2080.00000	1559.55881	1542.88493	1529.59548
2025-09-11T08:31:28Z	2081.00000	1559.55127	1542.87029	1529.58937
2025-09-11T08:31:28Z	2081.00000	1559.54720	1542.86237	1529.58606
2025-09-11T08:31:28Z	2081.00000	1559.54354	1542.85524	1529.58310
2025-09-11T08:31:28Z	2081.00000	1559.54018	1542.84898	1529.58047
2025-09-11T08:31:28Z	2081.00000	1559.53698	1542.84310	1529.57797
2025-09-11T08:31:28Z	2081.00000	1559.53432	1542.83782	1529.57588
2025-09-11T08:31:28Z	2081.00000	1559.53161	1542.83290	1529.57357
2025-09-11T08:31:28Z	2081.00000	1559.52917	1542.82850	1529.57174
2025-09-11T08:31:28Z	2081.00000	1559.52754	1542.82556	1529.57027
2025-09-11T08:31:29Z	2082.00000	1559.52536	1542.82144	1529.56863
2025-09-11T08:31:29Z	2082.00000	1559.52330	1542.81755	1529.56683
2025-09-11T08:31:29Z	2082.00000	1559.52145	1542.81419	1529.56539
2025-09-11T08:31:29Z	2082.00000	1559.51951	1542.81072	1529.56377
2025-09-11T08:31:29Z	2082.00000	1559.51795	1542.80766	1529.56255
2025-09-11T08:31:29Z	2082.00000	1559.51608	1542.80467	1529.56108
2025-09-11T08:31:29Z	2082.00000	1559.51453	1542.80188	1529.55981
2025-09-11T08:31:29Z	2082.00000	1559.51297	1542.79918	1529.55856
2025-09-11T08:31:29Z	2082.00000	1559.51166	1542.79675	1529.55755
2025-09-11T08:31:30Z	2083.00000	1559.51025	1542.79428	1529.55638
2025-09-11T08:31:30Z	2083.00000	1559.50899	1542.79196	1529.55529
2025-09-11T08:31:30Z	2083.00000	1559.50775	1542.78964	1529.55418
2025-09-11T08:31:30Z	2083.00000	1559.50641	1542.78752	1529.55320
2025-09-11T08:31:30Z	2083.00000	1559.50523	1542.78541	1529.55225
2025-09-11T08:31:30Z	2083.00000	1559.50448	1542.78406	1529.55157
2025-09-11T08:31:30Z	2083.00000	1559.50335	1542.78212	1529.55064
2025-09-11T08:31:30Z	2083.00000	1559.50232	1542.78030	1529.54979
2025-09-11T08:31:30Z	2083.00000	1559.50122	1542.77858	1529.54901
2025-09-11T08:31:30Z	2083.00000	1559.50014	1542.77672	1529.54810
2025-09-11T08:31:31Z	2084.00000	1559.49917	1542.77492	1529.54729
2025-09-11T08:31:31Z	2084.00000	1559.49822	1542.77327	1529.54632
2025-09-11T08:31:31Z	2084.00000	1559.49732	1542.77171	1529.54564
2025-09-11T08:31:31Z	2084.00000	1559.49640	1542.77030	1529.54495
2025-09-11T08:31:31Z	2084.00000	1559.49560	1542.76874	1529.54411
2025-09-11T08:31:31Z	2084.00000	1559.49464	1542.76722	1529.54345
2025-09-11T08:31:31Z	2084.00000	1559.49378	1542.76572	1529.54277
2025-09-11T08:31:31Z	2084.00000	1559.49303	1542.76446	1529.54209
2025-09-11T08:31:31Z	2084.00000	1559.49246	1542.76306	1529.54139
2025-09-11T08:31:32Z	2085.00000	1559.49021	1542.75964	1529.53980
2025-09-11T08:31:32Z	2085.00000	1559.85776	1543.44882	1529.87388
2025-09-11T08:31:32Z	2085.00000	1560.38005	1544.52985	1530.36803
2025-09-11T08:31:33Z	2086.00000	1560.82914	1545.49761	1530.81372
2025-09-11T08:31:33Z	2086.00000	1561.25085	1546.37889	1531.21525
2025-09-11T08:31:33Z	2086.00000	1561.65936	1547.19677	1531.59918
2025-09-11T08:31:34Z	2086.00000	1561.95555	1547.80501	1531.88878
2025-09-11T08:31:34Z	2087.00000	1562.11454	1548.15996	1532.06246
2025-09-11T08:31:34Z	2087.00000	1562.26080	1548.48689	1532.22136
2025-09-11T08:31:34Z	2087.00000	1562.35874	1548.70630	1532.32889
2025-09-11T08:31:35Z	2088.00000	1562.38679	1548.77137	1532.35885
2025-09-11T08:31:35Z	2088.00000	1562.41030	1548.82284	1532.38461
2025-09-11T08:31:35Z	2088.00000	1562.42299	1548.85226	1532.39754
2025-09-11T08:31:35Z	2088.00000	1562.43868	1548.88620	1532.41347
2025-09-11T08:31:35Z	2088.00000	1562.45336	1548.91859	1532.42906
2025-09-11T08:31:35Z	2088.00000	1562.46484	1548.94408	1532.44118
2025-09-11T08:31:35Z	2088.00000	1562.47518	1548.96671	1532.45102
2025-09-11T08:31:35Z	2088.00000	1562.48551	1548.98836	1532.46129
2025-09-11T08:31:35Z	2088.00000	1562.49447	1549.00695	1532.46877
2025-09-11T08:31:36Z	2089.00000	1562.50215	1549.02356	1532.47674
2025-09-11T08:31:36Z	2089.00000	1562.50983	1549.04050	1532.48525
2025-09-11T08:31:36Z	2089.00000	1561.58100	1547.00657	1531.49971
2025-09-11T08:31:36Z	2089.00000	1561.09728	1546.03253	1531.03593
2025-09-11T08:31:36Z	2089.00000	1560.92335	1545.66672	1530.86811
2025-09-11T08:31:36Z	2089.00000	1560.76953	1545.34381	1530.71914
2025-09-11T08:31:36Z	2089.00000	1560.62206	1545.03705	1530.57656
2025-09-11T08:31:36Z	2089.00000	1560.46840	1544.71869	1530.42936
2025-09-11T08:31:36Z	2089.00000	1560.32274	1544.41648	1530.29335
2025-09-11T08:31:37Z	2090.00000	1560.17507	1544.11531	1530.15537
2025-09-11T08:31:37Z	2090.00000	1560.03043	1543.81682	1530.02060
2025-09-11T08:31:37Z	2090.00000	1559.87173	1543.49412	1529.87493
2025-09-11T08:31:37Z	2090.00000	1559.73566	1543.22713	1529.75105
2025-09-11T08:31:37Z	2090.00000	1559.60632	1542.97578	1529.63465
2025-09-11T08:31:37Z	2090.00000	1559.57733	1542.91984	1529.60977
2025-09-11T08:31:37Z	2090.00000	1559.56957	1542.90419	1529.60362
2025-09-11T08:31:37Z	2090.00000	1559.56477	1542.89506	1529.59983
2025-09-11T08:31:37Z	2090.00000	1559.55848	1542.88265	1529.59481
2025-09-11T08:31:38Z	2091.00000	1559.55362	1542.87337	1529.59100
2025-09-11T08:31:38Z	2091.00000	1559.54958	1542.86549	1529.58764
2025-09-11T08:31:38Z	2091.00000	1559.54527	1542.85738	1529.58426
2025-09-11T08:31:38Z	2091.00000	1559.54165	1542.85049	1529.58120
2025-09-11T08:31:38Z	2091.00000	1559.53819	1542.84418	1529.57839
2025-09-11T08:31:38Z	2091.00000	1559.53552	1542.83886	1529.57616
2025-09-11T08:31:38Z	2091.00000	1559.53266	1542.83377	1529.57381
2025-09-11T08:31:38Z	2091.00000	1559.53012	1542.82906	1529.57189
2025-09-11T08:31:38Z	2091.00000	1559.52783	1542.82496	1529.56998
2025-09-11T08:31:39Z	2092.00000	1559.52250	1542.81538	1529.56587
2025-09-11T08:31:39Z	2092.00000	1559.51784	1542.80685	1529.56208
2025-09-11T08:31:39Z	2092.00000	1559.51347	1542.79934	1529.55851
2025-09-11T08:31:40Z	2092.00000	1559.50990	1542.79286	1529.55557
2025-09-11T08:31:40Z	2093.00000	1559.50648	1542.78689	1529.55273
2025-09-11T08:31:40Z	2093.00000	1559.50340	1542.78152	1529.55024
2025-09-11T08:31:40Z	2093.00000	1559.50067	1542.77683	1529.54807
2025-09-11T08:31:41Z	2094.00000	1559.49811	1542.77253	1529.54582
2025-09-11T08:31:41Z	2094.00000	1559.49667	1542.76945	1529.54489
2025-09-11T08:31:41Z	2094.00000	1559.49472	1542.76610	1529.54318
2025-09-11T08:31:41Z	2094.00000	1559.49320	1542.76391	1529.54206
2025-09-11T08:31:42Z	2095.00000	1559.49279	1542.76276	1529.54158
2025-09-11T08:31:42Z	2095.00000	1559.49189	1542.76141	1529.54086
2025-09-11T08:31:42Z	2095.00000	1559.49120	1542.76034	1529.54035
2025-09-11T08:31:42Z	2095.00000	1559.49054	1542.75906	1529.53973
2025-09-11T08:31:42Z	2095.00000	1559.48976	1542.75791	1529.53914
2025-09-11T08:31:42Z	2095.00000	1559.48931	1542.75687	1529.53863
2025-09-11T08:31:42Z	2095.00000	1559.48873	1542.75597	1529.53823
2025-09-11T08:31:42Z	2095.00000	1559.48812	1542.75493	1529.53776
2025-09-11T08:31:42Z	2095.00000	1559.48747	1542.75384	1529.53719
2025-09-11T08:31:43Z	2096.00000	1559.48689	1542.75274	1529.53666
2025-09-11T08:31:43Z	2096.00000	1559.48614	1542.75178	1529.53622
2025-09-11T08:31:43Z	2096.00000	1559.48561	1542.75068	1529.53572
2025-09-11T08:31:43Z	2096.00000	1559.48509	1542.74973	1529.53519
2025-09-11T08:31:43Z	2096.00000	1559.48457	1542.74868	1529.53465
2025-09-11T08:31:43Z	2096.00000	1559.48383	1542.74770	1529.53413
2025-09-11T08:31:43Z	2096.00000	1559.48331	1542.74685	1529.53378
2025-09-11T08:31:43Z	2096.00000	1559.48281	1542.74599	1529.53335
2025-09-11T08:31:43Z	2096.00000	1559.48235	1542.74509	1529.53289
2025-09-11T08:31:44Z	2097.00000	1559.48176	1542.74412	1529.53240
2025-09-11T08:31:44Z	2097.00000	1559.48143	1542.74322	1529.53204
2025-09-11T08:31:44Z	2097.00000	1559.48081	1542.74234	1529.53159
2025-09-11T08:31:44Z	2097.00000	1559.48021	1542.74148	1529.53120
2025-09-11T08:31:44Z	2097.00000	1559.47976	1542.74072	1529.53068
2025-09-11T08:31:44Z	2097.00000	1559.47921	1542.73990	1529.53037
2025-09-11T08:31:44Z	2097.00000	1559.47878	1542.73904	1529.52991
2025-09-11T08:31:44Z	2097.00000	1559.47825	1542.73823	1529.52954
2025-09-11T08:31:44Z	2097.00000	1559.47794	1542.73742	1529.52916
2025-09-11T08:31:45Z	2098.00000	1559.47755	1542.73665	1529.52878
2025-09-11T08:31:45Z	2098.00000	1559.47695	1542.73593	1529.52840
2025-09-11T08:31:45Z	2098.00000	1559.47662	1542.73512	1529.52792
2025-09-11T08:31:45Z	2098.00000	1559.47619	1542.73455	1529.52771
2025-09-11T08:31:45Z	2098.00000	1559.47569	1542.73377	1529.52740
2025-09-11T08:31:45Z	2098.00000	1559.47524	1542.73298	1529.52688
2025-09-11T08:31:45Z	2098.00000	1559.47484	1542.73227	1529.52668
2025-09-11T08:31:45Z	2098.00000	1559.47448	1542.73152	1529.52629
2025-09-11T08:31:45Z	2098.00000	1559.47412	1542.73094	1529.52585
2025-09-11T08:31:46Z	2099.00000	1559.47361	1542.73019	1529.52550
2025-09-11T08:31:46Z	2099.00000	1559.47331	1542.72950	1529.52522
2025-09-11T08:31:46Z	2099.00000	1559.47284	1542.72893	1529.52481
2025-09-11T08:31:46Z	2099.00000	1559.47250	1542.72825	1529.52455
2025-09-11T08:31:46Z	2099.00000	1559.47217	1542.72754	1529.52430
2025-09-11T08:31:46Z	2099.00000	1559.47172	1542.72691	1529.52384
2025-09-11T08:31:46Z	2099.00000	1559.47143	1542.72627	1529.52369
2025-09-11T08:31:46Z	2099.00000	1559.47107	1542.72574	1529.52339
2025-09-11T08:31:47Z	2099.00000	1559.47046	1542.72457	1529.52283
2025-09-11T08:31:47Z	2100.00000	1559.46963	1542.72315	1529.52201
2025-09-11T08:31:47Z	2100.00000	1559.46856	1542.72154	1529.52118
2025-09-11T08:31:47Z	2100.00000	1559.46780	1542.72011	1529.52054
2025-09-11T08:31:48Z	2101.00000	1559.46687	1542.71866	1529.51988
2025-09-11T08:31:48Z	2101.00000	1559.46608	1542.71723	1529.51899
2025-09-11T08:31:48Z	2101.00000	1559.46521	1542.71575	1529.51848
2025-09-11T08:31:49Z	2101.00000	1559.46436	1542.71446	1529.51774
2025-09-11T08:31:49Z	2102.00000	1559.46362	1542.71321	1529.51708
2025-09-11T08:31:49Z	2102.00000	1559.46338	1542.71275	1529.51694
2025-09-11T08:31:49Z	2102.00000	1559.46313	1542.71226	1529.51666
2025-09-11T08:31:49Z	2102.00000	1559.46282	1542.71177	1529.51635
2025-09-11T08:31:49Z	2102.00000	1559.46252	1542.71131	1529.51614
2025-09-11T08:31:49Z	2102.00000	1559.46233	1542.71080	1529.51598
2025-09-11T08:31:50Z	2103.00000	1559.46197	1542.71040	1529.51573
2025-09-11T08:31:50Z	2103.00000	1559.46178	1542.70993	1529.51542
2025-09-11T08:31:50Z	2103.00000	1559.46141	1542.70942	1529.51523
2025-09-11T08:31:50Z	2103.00000	1559.46124	1542.70907	1529.51501
2025-09-11T08:31:50Z	2103.00000	1559.46090	1542.70861	1529.51484
2025-09-11T08:31:50Z	2103.00000	1559.46069	1542.70810	1529.51460
2025-09-11T08:31:50Z	2103.00000	1559.46051	1542.70766	1529.51434
2025-09-11T08:31:50Z	2103.00000	1559.46029	1542.70734	1529.51414
2025-09-11T08:31:50Z	2103.00000	1559.46006	1542.70698	1529.51397
2025-09-11T08:31:50Z	2103.00000	1559.45976	1542.70649	1529.51374
2025-09-11T08:31:51Z	2104.00000	1559.45957	1542.70619	1529.51361
2025-09-11T08:31:51Z	2104.00000	1559.45916	1542.70575	1529.51328
2025-09-11T08:31:51Z	2104.00000	1559.45908	1542.70526	1529.51316
2025-09-11T08:31:51Z	2104.00000	1559.45882	1542.70485	1529.51294
2025-09-11T08:31:51Z	2104.00000	1559.45860	1542.70446	1529.51280
2025-09-11T08:31:51Z	2104.00000	1559.45850	1542.70415	1529.51257
2025-09-11T08:31:51Z	2104.00000	1559.45812	1542.70366	1529.51240
2025-09-11T08:31:51Z	2104.00000	1559.45784	1542.70332	1529.51216
2025-09-11T08:31:51Z	2104.00000	1559.45769	1542.70297	1529.51190
2025-09-11T08:31:52Z	2105.00000	1559.45734	1542.70247	1529.51169
2025-09-11T08:31:52Z	2105.00000	1559.45710	1542.70197	1529.51150
2025-09-11T08:31:52Z	2105.00000	1559.45698	1542.70167	1529.51139
2025-09-11T08:31:52Z	2105.00000	1559.45667	1542.70126	1529.51113
2025-09-11T08:31:52Z	2105.00000	1559.45651	1542.70085	1529.51099
2025-09-11T08:31:52Z	2105.00000	1559.45637	1542.70047	1529.51075
2025-09-11T08:31:52Z	2105.00000	1559.45603	1542.70013	1529.51054
2025-09-11T08:31:52Z	2105.00000	1559.45581	1542.69975	1529.51035
2025-09-11T08:31:52Z	2105.00000	1559.45550	1542.69950	1529.51022
2025-09-11T08:31:53Z	2106.00000	1559.45537	1542.69915	1529.51002
2025-09-11T08:31:53Z	2106.00000	1559.45522	1542.69870	1529.50981
2025-09-11T08:31:53Z	2106.00000	1559.45502	1542.69829	1529.50965
2025-09-11T08:31:53Z	2106.00000	1559.45473	1542.69798	1529.50949
2025-09-11T08:31:53Z	2106.00000	1559.45455	1542.69751	1529.50921
2025-09-11T08:31:53Z	2106.00000	1559.45432	1542.69722	1529.50911
2025-09-11T08:31:53Z	2106.00000	1559.45408	1542.69690	1529.50895
2025-09-11T08:31:53Z	2106.00000	1559.45378	1542.69621	1529.50860
2025-09-11T08:31:54Z	2107.00000	1559.45339	1542.69535	1529.50804
2025-09-11T08:31:54Z	2107.00000	1559.45277	1542.69444	1529.50770
2025-09-11T08:31:54Z	2107.00000	1559.45227	1542.69367	1529.50734
2025-09-11T08:31:55Z	2108.00000	1559.45176	1542.69265	1529.50682
2025-09-11T08:31:55Z	2108.00000	1559.45129	1542.69180	1529.50637
2025-09-11T08:31:55Z	2108.00000	1559.45082	1542.69100	1529.50600
2025-09-11T08:31:56Z	2108.00000	1559.45039	1542.69004	1529.50557
2025-09-11T08:31:56Z	2109.00000	1559.44971	1542.68930	1529.50517
2025-09-11T08:31:56Z	2109.00000	1559.44961	1542.68914	1529.50494
2025-09-11T08:31:56Z	2109.00000	1559.44956	1542.68876	1529.50482
2025-09-11T08:31:56Z	2109.00000	1559.44931	1542.68846	1529.50461
2025-09-11T08:31:56Z	2109.00000	1559.44913	1542.68815	1529.50462
2025-09-11T08:31:56Z	2109.00000	1559.44897	1542.68777	1529.50436
2025-09-11T08:31:56Z	2110.00000	1559.44882	1542.68755	1529.50427
2025-09-11T08:31:57Z	2110.00000	1559.44862	1542.68724	1529.50408
2025-09-11T08:31:57Z	2110.00000	1559.44843	1542.68699	1529.50395
2025-09-11T08:31:57Z	2110.00000	1559.45068	1542.69141	1529.50619
2025-09-11T08:31:57Z	2110.00000	1559.69102	1543.13901	1529.72132
2025-09-11T08:31:57Z	2110.00000	1559.90335	1543.54595	1529.91726
2025-09-11T08:31:57Z	2110.00000	1560.09170	1543.93351	1530.09723
2025-09-11T08:31:57Z	2110.00000	1560.38609	1544.55163	1530.37575
2025-09-11T08:31:57Z	2110.00000	1560.54858	1544.89707	1530.53271
2025-09-11T08:31:58Z	2111.00000	1560.69446	1545.21565	1530.68069
2025-09-11T08:31:58Z	2111.00000	1560.83840	1545.52405	1530.82278
2025-09-11T08:31:58Z	2111.00000	1560.97674	1545.81744	1530.95386
2025-09-11T08:31:58Z	2111.00000	1561.11194	1546.10027	1531.08162
2025-09-11T08:31:58Z	2111.00000	1561.24563	1546.36439	1531.20564
2025-09-11T08:31:58Z	2111.00000	1561.37286	1546.62681	1531.32620
2025-09-11T08:31:58Z	2111.00000	1561.49887	1546.87056	1531.44063
2025-09-11T08:31:58Z	2111.00000	1561.61257	1547.09513	1531.54686
2025-09-11T08:31:58Z	2111.00000	1561.71882	1547.30550	1531.64594
2025-09-11T08:31:59Z	2112.00000	1561.81132	1547.48972	1531.73321
2025-09-11T08:31:59Z	2112.00000	1561.88421	1547.63882	1531.80426
2025-09-11T08:31:59Z	2112.00000	1561.93205	1547.74739	1531.85461
2025-09-11T08:31:59Z	2112.00000	1561.97108	1547.83466	1531.89796
2025-09-11T08:31:59Z	2112.00000	1562.00414	1547.90951	1531.93463
2025-09-11T08:31:59Z	2112.00000	1562.03124	1547.97080	1531.96374
2025-09-11T08:31:59Z	2112.00000	1562.05097	1548.01467	1531.98486
2025-09-11T08:31:59Z	2112.00000	1562.06780	1548.05102	1532.00281
2025-09-11T08:31:59Z	2112.00000	1562.08023	1548.07831	1532.01629
2025-09-11T08:32:00Z	2113.00000	1562.08798	1548.09575	1532.02456
2025-09-11T08:32:00Z	2113.00000	1562.09628	1548.11411	1532.03336
2025-09-11T08:32:00Z	2113.00000	1562.10295	1548.12920	1532.04059
2025-09-11T08:32:00Z	2113.00000	1562.11731	1548.16153	1532.05616
2025-09-11T08:32:00Z	2113.00000	1562.12725	1548.18339	1532.06658
2025-09-11T08:32:01Z	2114.00000	1562.13472	1548.19896	1532.07432
2025-09-11T08:32:01Z	2114.00000	1560.85492	1545.53911	1530.81072
2025-09-11T08:32:01Z	2114.00000	1560.44721	1544.68231	1530.41008
2025-09-11T08:32:02Z	2114.00000	1560.12778	1544.01997	1530.11038
2025-09-11T08:32:02Z	2115.00000	1559.79166	1543.33844	1529.79926
2025-09-11T08:32:02Z	2115.00000	1559.54786	1542.86672	1529.58242
2025-09-11T08:32:02Z	2115.00000	1559.53123	1542.83376	1529.56992
2025-09-11T08:32:03Z	2116.00000	1559.51993	1542.81207	1529.56123
2025-09-11T08:32:03Z	2116.00000	1559.51671	1542.80622	1529.55869
2025-09-11T08:32:03Z	2116.00000	1559.51396	1542.80099	1529.55653
2025-09-11T08:32:03Z	2116.00000	1559.51142	1542.79647	1529.55455
2025-09-11T08:32:03Z	2116.00000	1559.50899	1542.79211	1529.55260
2025-09-11T08:32:03Z	2116.00000	1559.50676	1542.78816	1529.55087
2025-09-11T08:32:03Z	2116.00000	1559.50465	1542.78457	1529.54936
2025-09-11T08:32:04Z	2117.00000	1559.50279	1542.78113	1529.54786
2025-09-11T08:32:04Z	2117.00000	1559.50095	1542.77797	1529.54636
2025-09-11T08:32:04Z	2117.00000	1559.49934	1542.77521	1529.54507
2025-09-11T08:32:04Z	2117.00000	1559.49770	1542.77226	1529.54378
2025-09-11T08:32:04Z	2117.00000	1559.49619	1542.76953	1529.54244
2025-09-11T08:32:04Z	2117.00000	1559.49480	1542.76711	1529.54139
2025-09-11T08:32:04Z	2117.00000	1559.49356	1542.76482	1529.54031
2025-09-11T08:32:04Z	2117.00000	1559.49211	1542.76245	1529.53915
2025-09-11T08:32:04Z	2117.00000	1559.49092	1542.76028	1529.53818
2025-09-11T08:32:05Z	2118.00000	1559.48960	1542.75831	1529.53732
2025-09-11T08:32:05Z	2118.00000	1559.48847	1542.75632	1529.53637
2025-09-11T08:32:05Z	2118.00000	1559.48741	1542.75431	1529.53548
2025-09-11T08:32:05Z	2118.00000	1559.48642	1542.75250	1529.53457
2025-09-11T08:32:05Z	2118.00000	1559.48542	1542.75081	1529.53384
2025-09-11T08:32:05Z	2118.00000	1559.48438	1542.74919	1529.53307
2025-09-11T08:32:05Z	2118.00000	1559.48346	1542.74748	1529.53217
2025-09-11T08:32:05Z	2118.00000	1559.48251	1542.74599	1529.53150
2025-09-11T08:32:05Z	2118.00000	1559.48174	1542.74451	1529.53086
2025-09-11T08:32:05Z	2119.00000	1559.48087	1542.74298	1529.53012
2025-09-11T08:32:06Z	2119.00000	1559.48003	1542.74166	1529.52940
2025-09-11T08:32:06Z	2119.00000	1559.47928	1542.74020	1529.52868
2025-09-11T08:32:06Z	2119.00000	1559.47845	1542.73902	1529.52820
2025-09-11T08:32:06Z	2119.00000	1559.47766	1542.73758	1529.52755
2025-09-11T08:32:06Z	2119.00000	1559.47702	1542.73644	1529.52699
2025-09-11T08:32:06Z	2119.00000	1559.47620	1542.73519	1529.52644
2025-09-11T08:32:06Z	2119.00000	1559.47563	1542.73407	1529.52579
2025-09-11T08:32:06Z	2119.00000	1559.47496	1542.73290	1529.52531
2025-09-11T08:32:06Z	2120.00000	1559.47436	1542.73183	1529.52485
2025-09-11T08:32:07Z	2120.00000	1559.47355	1542.73070	1529.52425
2025-09-11T08:32:07Z	2120.00000	1559.47289	1542.72944	1529.52352
2025-09-11T08:32:07Z	2120.00000	1559.63401	1543.03076	1529.66652
2025-09-11T08:32:07Z	2120.00000	1560.23088	1544.21939	1530.22579
2025-09-11T08:32:08Z	2121.00000	1560.70470	1545.23210	1530.68638
2025-09-11T08:32:08Z	2121.00000	1561.08188	1546.03452	1531.05149
2025-09-11T08:32:08Z	2121.00000	1561.43056	1546.73533	1531.37720
2025-09-11T08:32:09Z	2121.00000	1561.72980	1547.32571	1531.65355
2025-09-11T08:32:09Z	2122.00000	1561.91831	1547.71803	1531.83856
2025-09-11T08:32:09Z	2122.00000	1562.02578	1547.95796	1531.95625
2025-09-11T08:32:09Z	2122.00000	1562.07927	1548.07344	1532.01295
2025-09-11T08:32:10Z	2123.00000	1562.10044	1548.11977	1532.03568
2025-09-11T08:32:10Z	2123.00000	1562.10740	1548.13632	1532.04388
2025-09-11T08:32:10Z	2123.00000	1562.11447	1548.15184	1532.05135
2025-09-11T08:32:10Z	2123.00000	1562.12009	1548.16364	1532.05736
2025-09-11T08:32:10Z	2123.00000	1562.12480	1548.17385	1532.06228
2025-09-11T08:32:10Z	2123.00000	1562.12915	1548.18311	1532.06669
2025-09-11T08:32:10Z	2123.00000	1562.13307	1548.19163	1532.07084
2025-09-11T08:32:11Z	2124.00000	1562.13680	1548.19975	1532.07480
2025-09-11T08:32:11Z	2124.00000	1562.14036	1548.20718	1532.07847
2025-09-11T08:32:11Z	2124.00000	1562.14379	1548.21408	1532.08194
2025-09-11T08:32:11Z	2124.00000	1561.10860	1546.07445	1531.05492
2025-09-11T08:32:11Z	2124.00000	1560.84241	1545.51001	1530.79701
2025-09-11T08:32:11Z	2124.00000	1560.67539	1545.15542	1530.63203
2025-09-11T08:32:11Z	2124.00000	1560.53311	1544.85487	1530.48978
2025-09-11T08:32:11Z	2124.00000	1560.39869	1544.57486	1530.36119
2025-09-11T08:32:11Z	2124.00000	1560.26839	1544.30461	1530.24097
2025-09-11T08:32:11Z	2125.00000	1560.14272	1544.04631	1530.12254
2025-09-11T08:32:12Z	2125.00000	1560.01967	1543.79696	1530.00844
2025-09-11T08:32:12Z	2125.00000	1559.89931	1543.55016	1529.89732
2025-09-11T08:32:12Z	2125.00000	1559.77925	1543.31259	1529.78731
2025-09-11T08:32:12Z	2125.00000	1559.66306	1543.08707	1529.68465
2025-09-11T08:32:12Z	2125.00000	1559.55971	1542.88837	1529.59139
2025-09-11T08:32:12Z	2125.00000	1559.55095	1542.87062	1529.58518
2025-09-11T08:32:12Z	2125.00000	1559.54435	1542.85758	1529.58015
2025-09-11T08:32:12Z	2125.00000	1559.53895	1542.84708	1529.57606
2025-09-11T08:32:12Z	2125.00000	1559.53455	1542.83833	1529.57259
2025-09-11T08:32:13Z	2126.00000	1559.53064	1542.83065	1529.56960
2025-09-11T08:32:13Z	2126.00000	1559.52683	1542.82394	1529.56662
2025-09-11T08:32:13Z	2126.00000	1559.52390	1542.81805	1529.56436
2025-09-11T08:32:13Z	2126.00000	1559.52086	1542.81246	1529.56198
2025-09-11T08:32:13Z	2126.00000	1559.51816	1542.80761	1529.55989
2025-09-11T08:32:13Z	2126.00000	1559.51586	1542.80335	1529.55817
2025-09-11T08:32:13Z	2126.00000	1559.51352	1542.79920	1529.55625
2025-09-11T08:32:13Z	2126.00000	1559.51127	1542.79533	1529.55448
2025-09-11T08:32:13Z	2126.00000	1559.50920	1542.79178	1529.55297
2025-09-11T08:32:14Z	2127.00000	1559.50748	1542.78855	1529.55157
2025-09-11T08:32:14Z	2127.00000	1559.50576	1542.78544	1529.55012
2025-09-11T08:32:14Z	2127.00000	1559.50409	1542.78257	1529.54884
2025-09-11T08:32:14Z	2127.00000	1559.50251	1542.77970	1529.54745
2025-09-11T08:32:14Z	2127.00000	1559.50076	1542.77675	1529.54619
2025-09-11T08:32:14Z	2127.00000	1559.49941	1542.77431	1529.54503
2025-09-11T08:32:14Z	2127.00000	1559.49582	1542.76828	1529.54220
2025-09-11T08:32:15Z	2128.00000	1559.49281	1542.76297	1529.53968
2025-09-11T08:32:15Z	2128.00000	1559.48994	1542.75805	1529.53734
2025-09-11T08:32:15Z	2128.00000	1559.48743	1542.75384	1529.53538
2025-09-11T08:32:16Z	2128.00000	1559.48516	1542.74989	1529.53354
2025-09-11T08:32:16Z	2129.00000	1559.48309	1542.74624	1529.53164
2025-09-11T08:32:16Z	2129.00000	1559.48102	1542.74288	1529.53008
2025-09-11T08:32:16Z	2129.00000	1559.47942	1542.73986	1529.52862
2025-09-11T08:32:17Z	2130.00000	1559.47808	1542.73777	1529.52770
2025-09-11T08:32:17Z	2130.00000	1559.47752	1542.73670	1529.52716
2025-09-11T08:32:17Z	2130.00000	1559.47688	1542.73555	1529.52666
2025-09-11T08:32:17Z	2130.00000	1559.70091	1543.15322	1529.72772
2025-09-11T08:32:17Z	2130.00000	1559.91462	1543.56225	1529.92400
2025-09-11T08:32:17Z	2130.00000	1560.10577	1543.95507	1530.10518
2025-09-11T08:32:17Z	2130.00000	1560.28321	1544.32591	1530.27365
2025-09-11T08:32:17Z	2130.00000	1560.44999	1544.68145	1530.43278
2025-09-11T08:32:18Z	2131.00000	1560.60989	1545.02018	1530.58852
2025-09-11T08:32:18Z	2131.00000	1560.75895	1545.34402	1530.73763
2025-09-11T08:32:18Z	2131.00000	1560.90407	1545.65400	1530.87865
2025-09-11T08:32:18Z	2131.00000	1561.04380	1545.95493	1531.01463
2025-09-11T08:32:18Z	2131.00000	1561.18238	1546.23339	1531.14131
2025-09-11T08:32:18Z	2131.00000	1561.31333	1546.50272	1531.26567
2025-09-11T08:32:18Z	2131.00000	1561.44340	1546.75976	1531.38735
2025-09-11T08:32:18Z	2131.00000	1561.56373	1546.99503	1531.49508
2025-09-11T08:32:18Z	2131.00000	1561.67545	1547.21660	1531.60116
2025-09-11T08:32:19Z	2132.00000	1561.77895	1547.42146	1531.69786
2025-09-11T08:32:19Z	2132.00000	1561.85998	1547.58265	1531.77608
2025-09-11T08:32:19Z	2132.00000	1561.91349	1547.70151	1531.83014
2025-09-11T08:32:19Z	2132.00000	1561.96022	1547.80269	1531.87987
2025-09-11T08:32:19Z	2132.00000	1561.99671	1547.88833	1531.92144
2025-09-11T08:32:19Z	2132.00000	1562.02654	1547.95615	1531.95436
2025-09-11T08:32:19Z	2132.00000	1562.05056	1548.00888	1531.98024
2025-09-11T08:32:19Z	2132.00000	1562.06956	1548.04881	1531.99992
2025-09-11T08:32:19Z	2132.00000	1562.08326	1548.07878	1532.01457
2025-09-11T08:32:20Z	2133.00000	1562.09285	1548.09982	1532.02516
2025-09-11T08:32:20Z	2133.00000	1562.10129	1548.11920	1532.03467
2025-09-11T08:32:20Z	2133.00000	1562.10857	1548.13574	1532.04286
2025-09-11T08:32:20Z	2133.00000	1562.11516	1548.15094	1532.05041
2025-09-11T08:32:20Z	2133.00000	1562.12106	1548.16349	1532.05696
2025-09-11T08:32:20Z	2133.00000	1562.12599	1548.17426	1532.06230
2025-09-11T08:32:20Z	2133.00000	1562.13037	1548.18379	1532.06691
2025-09-11T08:32:20Z	2133.00000	1562.13449	1548.19322	1532.07147
2025-09-11T08:32:20Z	2133.00000	1562.13841	1548.20191	1532.07581
2025-09-11T08:32:21Z	2134.00000	1562.14245	1548.21000	1532.08011
2025-09-11T08:32:21Z	2134.00000	1562.14635	1548.21767	1532.08384
2025-09-11T08:32:21Z	2134.00000	1561.97261	1547.74269	1531.87776
2025-09-11T08:32:21Z	2134.00000	1560.94694	1545.73116	1530.89681
2025-09-11T08:32:21Z	2134.00000	1560.75197	1545.31603	1530.70554
2025-09-11T08:32:21Z	2134.00000	1560.60079	1544.99415	1530.55483
2025-09-11T08:32:21Z	2134.00000	1560.24493	1544.25341	1530.21769
2025-09-11T08:32:22Z	2135.00000	1559.92477	1543.60001	1529.91984
2025-09-11T08:32:22Z	2135.00000	1559.61770	1542.99800	1529.64272
2025-09-11T08:32:22Z	2135.00000	1559.54701	1542.86143	1529.58207
2025-09-11T08:32:23Z	2135.00000	1559.53457	1542.83718	1529.57255
2025-09-11T08:32:23Z	2136.00000	1559.52557	1542.82059	1529.56566
2025-09-11T08:32:23Z	2136.00000	1559.51878	1542.80788	1529.56021
2025-09-11T08:32:23Z	2136.00000	1559.51296	1542.79733	1529.55561
2025-09-11T08:32:24Z	2137.00000	1559.50919	1542.79068	1529.55258
2025-09-11T08:32:24Z	2137.00000	1559.50754	1542.78763	1529.55125
2025-09-11T08:32:24Z	2137.00000	1559.50571	1542.78482	1529.55002
2025-09-11T08:32:24Z	2137.00000	1559.50437	1542.78229	1529.54892
2025-09-11T08:32:24Z	2137.00000	1559.50277	1542.77960	1529.54751
2025-09-11T08:32:24Z	2137.00000	1559.50143	1542.77712	1529.54639
2025-09-11T08:32:24Z	2137.00000	1559.50003	1542.77479	1529.54531
2025-09-11T08:32:24Z	2137.00000	1559.49874	1542.77261	1529.54434
2025-09-11T08:32:25Z	2138.00000	1559.49751	1542.77056	1529.54336
2025-09-11T08:32:25Z	2138.00000	1559.49640	1542.76854	1529.54246
2025-09-11T08:32:25Z	2138.00000	1559.49528	1542.76662	1529.54145
2025-09-11T08:32:25Z	2138.00000	1559.49416	1542.76479	1529.54067
2025-09-11T08:32:25Z	2138.00000	1559.49301	1542.76298	1529.53985
2025-09-11T08:32:25Z	2138.00000	1559.49211	1542.76118	1529.53899
2025-09-11T08:32:25Z	2138.00000	1559.49113	1542.75953	1529.53827
2025-09-11T08:32:25Z	2138.00000	1559.49024	1542.75786	1529.53746
2025-09-11T08:32:25Z	2138.00000	1559.48924	1542.75631	1529.53677
2025-09-11T08:32:26Z	2139.00000	1559.48843	1542.75483	1529.53600
2025-09-11T08:32:26Z	2139.00000	1559.48743	1542.75327	1529.53521
2025-09-11T08:32:26Z	2139.00000	1559.48660	1542.75189	1529.53448
2025-09-11T08:32:26Z	2139.00000	1559.48578	1542.75045	1529.53393
2025-09-11T08:32:26Z	2139.00000	1559.48493	1542.74907	1529.53322
2025-09-11T08:32:26Z	2139.00000	1559.48433	1542.74782	1529.53253
2025-09-11T08:32:26Z	2139.00000	1559.48352	1542.74647	1529.53200
2025-09-11T08:32:26Z	2139.00000	1559.48279	1542.74530	1529.53132
2025-09-11T08:32:26Z	2139.00000	1559.48209	1542.74399	1529.53069
2025-09-11T08:32:27Z	2140.00000	1559.48133	1542.74287	1529.53018
2025-09-11T08:32:27Z	2140.00000	1559.48069	1542.74184	1529.52977
2025-09-11T08:32:27Z	2140.00000	1559.48011	1542.74063	1529.52918
2025-09-11T08:32:27Z	2140.00000	1559.47946	1542.73955	1529.52865
2025-09-11T08:32:27Z	2140.00000	1559.63089	1543.02369	1529.66279
2025-09-11T08:32:27Z	2140.00000	1559.85493	1543.44207	1529.86828
2025-09-11T08:32:27Z	2140.00000	1560.04968	1543.83807	1530.05302
2025-09-11T08:32:27Z	2140.00000	1560.22929	1544.21280	1530.22248
2025-09-11T08:32:27Z	2140.00000	1560.39996	1544.57249	1530.38320
2025-09-11T08:32:28Z	2141.00000	1560.56204	1544.91641	1530.53978
2025-09-11T08:32:28Z	2141.00000	1560.71035	1545.24148	1530.69029
2025-09-11T08:32:28Z	2141.00000	1560.85887	1545.55976	1530.83664
2025-09-11T08:32:28Z	2141.00000	1561.00115	1545.86428	1530.97287
2025-09-11T08:32:28Z	2141.00000	1561.13893	1546.15030	1531.10129
2025-09-11T08:32:28Z	2141.00000	1561.27399	1546.42212	1531.22888
2025-09-11T08:32:28Z	2141.00000	1561.60673	1547.08151	1531.53650
2025-09-11T08:32:29Z	2142.00000	1561.86670	1547.59591	1531.78225
2025-09-11T08:32:29Z	2142.00000	1561.99138	1547.87491	1531.91516
2025-09-11T08:32:29Z	2142.00000	1562.06432	1548.03698	1531.99381
2025-09-11T08:32:30Z	2142.00000	1562.09905	1548.11356	1532.03191
2025-09-11T08:32:30Z	2143.00000	1562.11938	1548.16028	1532.05495
2025-09-11T08:32:30Z	2143.00000	1562.13149	1548.18767	1532.06845
2025-09-11T08:32:30Z	2143.00000	1562.14156	1548.20890	1532.07897
2025-09-11T08:32:31Z	2144.00000	1562.15496	1548.23280	1532.09235
2025-09-11T08:32:31Z	2144.00000	1562.16034	1548.24509	1532.09757
2025-09-11T08:32:31Z	2144.00000	1561.05934	1545.97209	1531.00750
2025-09-11T08:32:31Z	2144.00000	1560.83214	1545.48668	1530.78615
2025-09-11T08:32:31Z	2144.00000	1560.66712	1545.13364	1530.62177
2025-09-11T08:32:31Z	2144.00000	1560.52183	1544.82958	1530.47823
2025-09-11T08:32:31Z	2144.00000	1560.38526	1544.54293	1530.34677
2025-09-11T08:32:31Z	2144.00000	1560.25712	1544.27737	1530.22880
2025-09-11T08:32:31Z	2144.00000	1560.13413	1544.02591	1530.11355
2025-09-11T08:32:32Z	2145.00000	1560.00962	1543.77416	1529.99812
2025-09-11T08:32:32Z	2145.00000	1559.88860	1543.52693	1529.88725
2025-09-11T08:32:32Z	2145.00000	1559.76861	1543.29061	1529.77710
2025-09-11T08:32:32Z	2145.00000	1559.65210	1543.06402	1529.67403
2025-09-11T08:32:32Z	2145.00000	1559.56327	1542.89281	1529.59418
2025-09-11T08:32:32Z	2145.00000	1559.55489	1542.87609	1529.58798
2025-09-11T08:32:32Z	2145.00000	1559.54842	1542.86353	1529.58324
2025-09-11T08:32:32Z	2145.00000	1559.54317	1542.85326	1529.57911
2025-09-11T08:32:32Z	2145.00000	1559.53875	1542.84467	1529.57576
2025-09-11T08:32:33Z	2146.00000	1559.53484	1542.83712	1529.57271
2025-09-11T08:32:33Z	2146.00000	1559.53132	1542.83050	1529.56991
2025-09-11T08:32:33Z	2146.00000	1559.52814	1542.82455	1529.56749
2025-09-11T08:32:33Z	2146.00000	1559.52527	1542.81930	1529.56523
2025-09-11T08:32:33Z	2146.00000	1559.52262	1542.81432	1529.56317
2025-09-11T08:32:33Z	2146.00000	1559.52009	1542.80997	1529.56126
2025-09-11T08:32:33Z	2146.00000	1559.51781	1542.80571	1529.55945
2025-09-11T08:32:33Z	2146.00000	1559.51572	1542.80197	1529.55778
2025-09-11T08:32:33Z	2146.00000	1559.51367	1542.79840	1529.55625
2025-09-11T08:32:34Z	2147.00000	1559.51184	1542.79503	1529.55472
2025-09-11T08:32:34Z	2147.00000	1559.50998	1542.79196	1529.55330
2025-09-11T08:32:34Z	2147.00000	1559.50837	1542.78897	1529.55194
2025-09-11T08:32:34Z	2147.00000	1559.50681	1542.78622	1529.55069
2025-09-11T08:32:34Z	2147.00000	1559.50526	1542.78352	1529.54950
2025-09-11T08:32:34Z	2147.00000	1559.50381	1542.78100	1529.54832
2025-09-11T08:32:34Z	2147.00000	1559.50244	1542.77867	1529.54731
2025-09-11T08:32:34Z	2147.00000	1559.50124	1542.77662	1529.54632
2025-09-11T08:32:34Z	2147.00000	1559.49940	1542.77365	1529.54463
2025-09-11T08:32:35Z	2148.00000	1559.49879	1542.77248	1529.54447
2025-09-11T08:32:35Z	2148.00000	1559.49801	1542.77069	1529.54368
2025-09-11T08:32:35Z	2148.00000	1559.49614	1542.76772	1529.54201
2025-09-11T08:32:35Z	2148.00000	1559.49512	1542.76606	1529.54130
2025-09-11T08:32:35Z	2148.00000	1559.49395	1542.76412	1529.54041
2025-09-11T08:32:35Z	2148.00000	1559.49155	1542.75997	1529.53847
2025-09-11T08:32:36Z	2148.00000	1559.48929	1542.75605	1529.53659
2025-09-11T08:32:36Z	2149.00000	1559.48705	1542.75232	1529.53476
2025-09-11T08:32:36Z	2149.00000	1559.48504	1542.74874	1529.53310
2025-09-11T08:32:36Z	2149.00000	1559.48313	1542.74570	1529.53153
2025-09-11T08:32:37Z	2150.00000	1559.48133	1542.74258	1529.53009
2025-09-11T08:32:37Z	2150.00000	1559.87273	1543.47673	1529.88474
2025-09-11T08:32:37Z	2150.00000	1560.32953	1544.42195	1530.31576
2025-09-11T08:32:38Z	2150.00000	1560.74796	1545.32101	1530.72700
2025-09-11T08:32:38Z	2151.00000	1561.12768	1546.12844	1531.09139
2025-09-11T08:32:38Z	2151.00000	1561.30029	1546.47753	1531.25401
2025-09-11T08:32:38Z	2151.00000	1561.43027	1546.73639	1531.37643
2025-09-11T08:32:38Z	2151.00000	1561.55461	1546.97902	1531.48731
2025-09-11T08:32:38Z	2151.00000	1561.66784	1547.20399	1531.59464
2025-09-11T08:32:38Z	2152.00000	1561.77391	1547.41046	1531.69225
2025-09-11T08:32:39Z	2152.00000	1561.86196	1547.58525	1531.77683
2025-09-11T08:32:39Z	2152.00000	1561.91945	1547.71425	1531.83588
2025-09-11T08:32:39Z	2152.00000	1561.96753	1547.81918	1531.88824
2025-09-11T08:32:39Z	2152.00000	1562.00721	1547.90863	1531.93173
2025-09-11T08:32:39Z	2152.00000	1562.03895	1547.97993	1531.96600
2025-09-11T08:32:39Z	2152.00000	1562.06191	1548.03061	1531.99068
2025-09-11T08:32:39Z	2152.00000	1562.08069	1548.07187	1532.01115
2025-09-11T08:32:39Z	2152.00000	1562.09535	1548.10525	1532.02782
2025-09-11T08:32:39Z	2153.00000	1562.10427	1548.12473	1532.03725
2025-09-11T08:32:40Z	2153.00000	1562.11333	1548.14683	1532.04778
2025-09-11T08:32:40Z	2153.00000	1562.12124	1548.16426	1532.05690
2025-09-11T08:32:40Z	2153.00000	1562.12675	1548.17739	1532.06319
2025-09-11T08:32:40Z	2153.00000	1562.13127	1548.18764	1532.06845
2025-09-11T08:32:40Z	2153.00000	1562.13562	1548.19734	1532.07331
2025-09-11T08:32:40Z	2153.00000	1562.13944	1548.20618	1532.07775
2025-09-11T08:32:40Z	2153.00000	1562.14267	1548.21332	1532.08166
2025-09-11T08:32:40Z	2153.00000	1562.14567	1548.21925	1532.08474
2025-09-11T08:32:40Z	2153.00000	1562.14854	1548.22523	1532.08748
2025-09-11T08:32:41Z	2154.00000	1562.15108	1548.23070	1532.09029
2025-09-11T08:32:41Z	2154.00000	1562.13040	1548.08424	1532.05407
2025-09-11T08:32:41Z	2154.00000	1560.99739	1545.83725	1530.94586
2025-09-11T08:32:41Z	2154.00000	1560.78000	1545.37469	1530.73291
2025-09-11T08:32:41Z	2154.00000	1560.62712	1545.05050	1530.58156
2025-09-11T08:32:41Z	2154.00000	1560.48628	1544.75527	1530.44473
2025-09-11T08:32:41Z	2154.00000	1560.35551	1544.48183	1530.31980
2025-09-11T08:32:41Z	2154.00000	1560.22570	1544.21478	1530.19934
2025-09-11T08:32:41Z	2154.00000	1560.10495	1543.96618	1530.08673
2025-09-11T08:32:42Z	2155.00000	1559.97976	1543.71115	1529.96990
2025-09-11T08:32:42Z	2155.00000	1559.86113	1543.47176	1529.86193
2025-09-11T08:32:42Z	2155.00000	1559.74206	1543.23880	1529.75426
2025-09-11T08:32:42Z	2155.00000	1559.62765	1543.01649	1529.65166
2025-09-11T08:32:42Z	2155.00000	1559.55193	1542.87022	1529.58590
2025-09-11T08:32:42Z	2155.00000	1559.53870	1542.84449	1529.57578
2025-09-11T08:32:43Z	2156.00000	1559.52891	1542.82590	1529.56821
2025-09-11T08:32:43Z	2156.00000	1559.52185	1542.81294	1529.56267
2025-09-11T08:32:43Z	2156.00000	1559.51593	1542.80231	1529.55805
2025-09-11T08:32:44Z	2157.00000	1559.51096	1542.79356	1529.55415
2025-09-11T08:32:44Z	2157.00000	1559.50662	1542.78614	1529.55069
2025-09-11T08:32:44Z	2157.00000	1559.50282	1542.77928	1529.54763
2025-09-11T08:32:45Z	2157.00000	1559.49947	1542.77373	1529.54498
2025-09-11T08:32:45Z	2158.00000	1559.49656	1542.76852	1529.54246
2025-09-11T08:32:45Z	2158.00000	1559.49514	1542.76606	1529.54133
2025-09-11T08:32:45Z	2158.00000	1559.49399	1542.76434	1529.54053
2025-09-11T08:32:45Z	2158.00000	1559.49301	1542.76257	1529.53974
2025-09-11T08:32:45Z	2158.00000	1559.49211	1542.76093	1529.53900
2025-09-11T08:32:45Z	2158.00000	1559.49123	1542.75938	1529.53812
2025-09-11T08:32:46Z	2159.00000	1559.49032	1542.75802	1529.53753
2025-09-11T08:32:46Z	2159.00000	1559.48945	1542.75650	1529.53680
2025-09-11T08:32:46Z	2159.00000	1559.48860	1542.75511	1529.53614
2025-09-11T08:32:46Z	2159.00000	1559.48782	1542.75373	1529.53552
2025-09-11T08:32:46Z	2159.00000	1559.48703	1542.75242	1529.53474
2025-09-11T08:32:46Z	2159.00000	1559.48623	1542.75105	1529.53426
2025-09-11T08:32:46Z	2159.00000	1559.48549	1542.74998	1529.53367
2025-09-11T08:32:46Z	2159.00000	1559.48465	1542.74861	1529.53312
2025-09-11T08:32:46Z	2159.00000	1559.48420	1542.74730	1529.53238
2025-09-11T08:32:47Z	2160.00000	1559.48343	1542.74626	1529.53177
2025-09-11T08:32:47Z	2160.00000	1559.48271	1542.74506	1529.53129
2025-09-11T08:32:47Z	2160.00000	1559.48207	1542.74399	1529.53077
2025-09-11T08:32:47Z	2160.00000	1559.56106	1542.89062	1529.59833
2025-09-11T08:32:47Z	2160.00000	1559.77770	1543.29628	1529.79566
2025-09-11T08:32:47Z	2160.00000	1559.98031	1543.69459	1529.98574
2025-09-11T08:32:47Z	2160.00000	1560.16743	1544.08444	1530.16226
2025-09-11T08:32:47Z	2160.00000	1560.34500	1544.45363	1530.32974
2025-09-11T08:32:47Z	2160.00000	1560.50825	1544.80313	1530.48809
2025-09-11T08:32:48Z	2161.00000	1560.66057	1545.13002	1530.64052
2025-09-11T08:32:48Z	2161.00000	1560.80753	1545.44829	1530.78575
2025-09-11T08:32:48Z	2161.00000	1560.95460	1545.76321	1530.92613
2025-09-11T08:32:48Z	2161.00000	1561.09027	1546.04978	1531.05700
2025-09-11T08:32:48Z	2161.00000	1561.22896	1546.32682	1531.18521
2025-09-11T08:32:48Z	2161.00000	1561.35774	1546.59512	1531.30737
2025-09-11T08:32:48Z	2161.00000	1561.48694	1546.84587	1531.42552
2025-09-11T08:32:48Z	2161.00000	1561.60529	1547.07837	1531.53417
2025-09-11T08:32:48Z	2161.00000	1561.71678	1547.29832	1531.63837
2025-09-11T08:32:49Z	2162.00000	1561.81544	1547.49325	1531.73105
2025-09-11T08:32:49Z	2162.00000	1561.88302	1547.63235	1531.79820
2025-09-11T08:32:49Z	2162.00000	1561.93363	1547.74651	1531.85106
2025-09-11T08:32:49Z	2162.00000	1561.97523	1547.83869	1531.89716
2025-09-11T08:32:49Z	2162.00000	1562.01159	1547.92147	1531.93740
2025-09-11T08:32:49Z	2162.00000	1562.04029	1547.98514	1531.96831
2025-09-11T08:32:49Z	2162.00000	1562.06046	1548.02971	1531.98966
2025-09-11T08:32:49Z	2162.00000	1562.07864	1548.06852	1532.00921
2025-09-11T08:32:49Z	2162.00000	1562.09059	1548.09524	1532.02251
2025-09-11T08:32:50Z	2163.00000	1562.11237	1548.14417	1532.04660
2025-09-11T08:32:50Z	2163.00000	1562.12675	1548.17728	1532.06316
2025-09-11T08:32:50Z	2163.00000	1562.13822	1548.20040	1532.07441
2025-09-11T08:32:51Z	2163.00000	1562.14727	1548.22031	1532.08461
2025-09-11T08:32:51Z	2164.00000	1560.87240	1545.56944	1530.82452
2025-09-11T08:32:51Z	2164.00000	1560.48789	1544.75787	1530.44571
2025-09-11T08:32:51Z	2164.00000	1560.14397	1544.04616	1530.12233
2025-09-11T08:32:52Z	2165.00000	1559.82085	1543.39026	1529.82421
2025-09-11T08:32:52Z	2165.00000	1559.58728	1542.93820	1529.61479
2025-09-11T08:32:52Z	2165.00000	1559.55933	1542.88472	1529.59154
2025-09-11T08:32:52Z	2165.00000	1559.55233	1542.87093	1529.58626
2025-09-11T08:32:52Z	2165.00000	1559.54667	1542.85987	1529.58190
2025-09-11T08:32:52Z	2165.00000	1559.54202	1542.85065	1529.57839
2025-09-11T08:32:52Z	2165.00000	1559.53779	1542.84270	1529.57510
2025-09-11T08:32:53Z	2166.00000	1559.53428	1542.83588	1529.57214
2025-09-11T08:32:53Z	2166.00000	1559.53087	1542.82964	1529.56967
2025-09-11T08:32:53Z	2166.00000	1559.52789	1542.82402	1529.56738
2025-09-11T08:32:53Z	2166.00000	1559.52509	1542.81897	1529.56517
2025-09-11T08:32:53Z	2166.00000	1559.52259	1542.81423	1529.56314
2025-09-11T08:32:53Z	2166.00000	1559.52031	1542.81006	1529.56136
2025-09-11T08:32:53Z	2166.00000	1559.51801	1542.80610	1529.55963
2025-09-11T08:32:53Z	2166.00000	1559.51608	1542.80244	1529.55797
2025-09-11T08:32:53Z	2166.00000	1559.51412	1542.79911	1529.55657
2025-09-11T08:32:54Z	2167.00000	1559.51231	1542.79584	1529.55504
2025-09-11T08:32:54Z	2167.00000	1559.51058	1542.79280	1529.55366
2025-09-11T08:32:54Z	2167.00000	1559.50903	1542.78998	1529.55238
2025-09-11T08:32:54Z	2167.00000	1559.50755	1542.78732	1529.55117
2025-09-11T08:32:54Z	2167.00000	1559.50593	1542.78461	1529.55005
2025-09-11T08:32:54Z	2167.00000	1559.50448	1542.78227	1529.54893
2025-09-11T08:32:54Z	2167.00000	1559.50322	1542.77998	1529.54782
2025-09-11T08:32:54Z	2167.00000	1559.50196	1542.77770	1529.54681
2025-09-11T08:32:54Z	2167.00000	1559.50072	1542.77568	1529.54570
2025-09-11T08:32:55Z	2168.00000	1559.49961	1542.77363	1529.54486
2025-09-11T08:32:55Z	2168.00000	1559.49834	1542.77171	1529.54404
2025-09-11T08:32:55Z	2168.00000	1559.49734	1542.76981	1529.54308
2025-09-11T08:32:55Z	2168.00000	1559.49624	1542.76792	1529.54215
2025-09-11T08:32:55Z	2168.00000	1559.49522	1542.76633	1529.54131
2025-09-11T08:32:55Z	2168.00000	1559.49417	1542.76452	1529.54060
2025-09-11T08:32:55Z	2168.00000	1559.49329	1542.76301	1529.53980
2025-09-11T08:32:55Z	2168.00000	1559.49236	1542.76130	1529.53910
2025-09-11T08:32:55Z	2168.00000	1559.49136	1542.75987	1529.53839
2025-09-11T08:32:56Z	2169.00000	1559.49052	1542.75829	1529.53760
2025-09-11T08:32:56Z	2169.00000	1559.48971	1542.75688	1529.53696
2025-09-11T08:32:56Z	2169.00000	1559.48878	1542.75548	1529.53628
2025-09-11T08:32:56Z	2169.00000	1559.48708	1542.75250	1529.53475
2025-09-11T08:32:56Z	2169.00000	1559.48518	1542.74923	1529.53317
2025-09-11T08:32:57Z	2169.00000	1559.48334	1542.74611	1529.53170
2025-09-11T08:32:57Z	2170.00000	1559.48168	1542.74331	1529.53039
2025-09-11T08:32:57Z	2170.00000	1560.00602	1543.74914	1530.01078
2025-09-11T08:32:58Z	2170.00000	1560.46545	1544.71401	1530.44793
2025-09-11T08:32:58Z	2171.00000	1560.86063	1545.56424	1530.83838
2025-09-11T08:32:58Z	2171.00000	1561.22839	1546.32786	1531.18559
2025-09-11T08:32:58Z	2171.00000	1561.54302	1546.95585	1531.47638
2025-09-11T08:32:58Z	2171.00000	1561.65690	1547.18268	1531.58442
2025-09-11T08:32:59Z	2172.00000	1561.76346	1547.39102	1531.68248
2025-09-11T08:32:59Z	2172.00000	1561.85387	1547.56927	1531.76889
2025-09-11T08:32:59Z	2172.00000	1561.91293	1547.70019	1531.82893
2025-09-11T08:32:59Z	2172.00000	1561.96174	1547.80797	1531.88211
2025-09-11T08:32:59Z	2172.00000	1562.00246	1547.89958	1531.92712
2025-09-11T08:32:59Z	2172.00000	1562.03468	1547.97224	1531.96206
2025-09-11T08:32:59Z	2172.00000	1562.05802	1548.02367	1531.98699
2025-09-11T08:32:59Z	2172.00000	1562.07761	1548.06637	1532.00823
2025-09-11T08:32:59Z	2172.00000	1562.09124	1548.09711	1532.02306
2025-09-11T08:33:00Z	2173.00000	1562.10097	1548.11914	1532.03401
2025-09-11T08:33:00Z	2173.00000	1562.10983	1548.14006	1532.04416
2025-09-11T08:33:00Z	2173.00000	1562.11843	1548.15937	1532.05402
2025-09-11T08:33:00Z	2173.00000	1562.12460	1548.17259	1532.06072
2025-09-11T08:33:00Z	2173.00000	1562.12944	1548.18398	1532.06636
2025-09-11T08:33:00Z	2173.00000	1562.13406	1548.19451	1532.07148
2025-09-11T08:33:00Z	2173.00000	1562.13842	1548.20388	1532.07628
2025-09-11T08:33:00Z	2173.00000	1562.14245	1548.21256	1532.08079
2025-09-11T08:33:00Z	2173.00000	1562.14627	1548.22017	1532.08477
2025-09-11T08:33:01Z	2174.00000	1562.14926	1548.22631	1532.08784
2025-09-11T08:33:01Z	2174.00000	1562.15199	1548.23202	1532.09061
2025-09-11T08:33:01Z	2174.00000	1562.15433	1548.23691	1532.09313
2025-09-11T08:33:01Z	2174.00000	1561.37590	1546.61277	1531.31134
2025-09-11T08:33:01Z	2174.00000	1560.90184	1545.62872	1530.85222
2025-09-11T08:33:01Z	2174.00000	1560.72541	1545.26125	1530.67997
2025-09-11T08:33:01Z	2174.00000	1560.59924	1544.99002	1530.55273
2025-09-11T08:33:01Z	2174.00000	1560.47881	1544.74027	1530.43724
2025-09-11T08:33:01Z	2174.00000	1560.34796	1544.46543	1530.31231
2025-09-11T08:33:01Z	2174.00000	1560.21861	1544.20073	1530.19214
2025-09-11T08:33:02Z	2175.00000	1560.09797	1543.95119	1530.07996
2025-09-11T08:33:02Z	2175.00000	1559.97330	1543.69856	1529.96400
2025-09-11T08:33:02Z	2175.00000	1559.87220	1543.49362	1529.87175
2025-09-11T08:33:02Z	2175.00000	1559.76912	1543.29132	1529.77747
2025-09-11T08:33:02Z	2175.00000	1559.67069	1543.09882	1529.69091
2025-09-11T08:33:02Z	2175.00000	1559.56650	1542.89912	1529.59703
2025-09-11T08:33:02Z	2175.00000	1559.55892	1542.88360	1529.59120
2025-09-11T08:33:02Z	2175.00000	1559.55203	1542.86968	1529.58583
2025-09-11T08:33:03Z	2175.00000	1559.54023	1542.84693	1529.57684
2025-09-11T08:33:03Z	2176.00000	1559.53175	1542.83085	1529.57025
2025-09-11T08:33:03Z	2176.00000	1559.52504	1542.81839	1529.56507
2025-09-11T08:33:03Z	2176.00000	1559.51891	1542.80707	1529.56009
2025-09-11T08:33:04Z	2177.00000	1559.51346	1542.79767	1529.55600
2025-09-11T08:33:04Z	2177.00000	1559.50911	1542.78988	1529.55244
2025-09-11T08:33:04Z	2177.00000	1559.50520	1542.78311	1529.54942
2025-09-11T08:33:05Z	2177.00000	1559.50180	1542.77718	1529.54659
2025-09-11T08:33:05Z	2178.00000	1559.49862	1542.77200	1529.54418
2025-09-11T08:33:05Z	2178.00000	1559.49761	1542.77014	1529.54326
2025-09-11T08:33:05Z	2178.00000	1559.49661	1542.76826	1529.54231
2025-09-11T08:33:05Z	2178.00000	1559.49570	1542.76676	1529.54163
2025-09-11T08:33:05Z	2178.00000	1559.49451	1542.76518	1529.54080
2025-09-11T08:33:05Z	2178.00000	1559.49389	1542.76371	1529.54017
2025-09-11T08:33:05Z	2178.00000	1559.49282	1542.76213	1529.53945
2025-09-11T08:33:06Z	2179.00000	1559.49213	1542.76072	1529.53879
2025-09-11T08:33:06Z	2179.00000	1559.49112	1542.75926	1529.53807
2025-09-11T08:33:06Z	2179.00000	1559.49041	1542.75808	1529.53742
2025-09-11T08:33:06Z	2179.00000	1559.48978	1542.75675	1529.53680
2025-09-11T08:33:06Z	2179.00000	1559.48892	1542.75549	1529.53621
2025-09-11T08:33:06Z	2179.00000	1559.48826	1542.75431	1529.53570
2025-09-11T08:33:06Z	2179.00000	1559.48752	1542.75323	1529.53517
2025-09-11T08:33:06Z	2179.00000	1559.48699	1542.75216	1529.53455
2025-09-11T08:33:06Z	2179.00000	1559.48633	1542.75112	1529.53411
2025-09-11T08:33:06Z	2179.00000	1559.48568	1542.75003	1529.53365
2025-09-11T08:33:07Z	2180.00000	1559.48512	1542.74892	1529.53305
2025-09-11T08:33:07Z	2180.00000	1559.48436	1542.74783	1529.53254
2025-09-11T08:33:07Z	2180.00000	1559.48382	1542.74694	1529.53207
2025-09-11T08:33:07Z	2180.00000	1559.48329	1542.74595	1529.53168
2025-09-11T08:33:07Z	2180.00000	1559.48276	1542.74492	1529.53111
2025-09-11T08:33:07Z	2180.00000	1559.66388	1543.08526	1529.69328
2025-09-11T08:33:07Z	2180.00000	1559.85330	1543.43853	1529.86655
2025-09-11T08:33:07Z	2180.00000	1560.04851	1543.83543	1530.05165
2025-09-11T08:33:07Z	2180.00000	1560.20402	1544.16253	1530.19781
2025-09-11T08:33:07Z	2180.00000	1560.35401	1544.47396	1530.33865
2025-09-11T08:33:08Z	2181.00000	1560.51731	1544.82401	1530.49724
2025-09-11T08:33:08Z	2181.00000	1560.66728	1545.14705	1530.64828
2025-09-11T08:33:08Z	2181.00000	1560.79390	1545.42107	1530.77339
2025-09-11T08:33:08Z	2181.00000	1560.91853	1545.68719	1530.89272
2025-09-11T08:33:08Z	2181.00000	1561.05538	1545.98062	1531.02609
2025-09-11T08:33:08Z	2181.00000	1561.19549	1546.26234	1531.15444
2025-09-11T08:33:08Z	2181.00000	1561.30891	1546.49670	1531.26235
2025-09-11T08:33:08Z	2181.00000	1561.44216	1546.76025	1531.38718
2025-09-11T08:33:08Z	2181.00000	1561.56783	1547.00623	1531.49972
2025-09-11T08:33:08Z	2181.00000	1561.66463	1547.19863	1531.59204
2025-09-11T08:33:09Z	2182.00000	1561.77096	1547.40613	1531.68956
2025-09-11T08:33:09Z	2182.00000	1561.84967	1547.56130	1531.76519
2025-09-11T08:33:09Z	2182.00000	1561.91019	1547.69471	1531.82637
2025-09-11T08:33:09Z	2182.00000	1561.96016	1547.80477	1531.88075
2025-09-11T08:33:09Z	2182.00000	1561.99556	1547.88537	1531.92017
2025-09-11T08:33:09Z	2182.00000	1562.02408	1547.94994	1531.95117
2025-09-11T08:33:09Z	2182.00000	1562.05151	1548.00982	1531.98054
2025-09-11T08:33:09Z	2182.00000	1562.07288	1548.05707	1532.00366
2025-09-11T08:33:09Z	2182.00000	1562.08646	1548.08764	1532.01854
2025-09-11T08:33:09Z	2182.00000	1562.09600	1548.10896	1532.02887
2025-09-11T08:33:10Z	2183.00000	1562.10424	1548.12847	1532.03851
2025-09-11T08:33:10Z	2183.00000	1562.11222	1548.14690	1532.04757
2025-09-11T08:33:10Z	2183.00000	1562.11842	1548.16076	1532.05458
2025-09-11T08:33:10Z	2183.00000	1562.12179	1548.16835	1532.05851
2025-09-11T08:33:10Z	2183.00000	1562.12678	1548.17959	1532.06382
2025-09-11T08:33:10Z	2183.00000	1562.13227	1548.19171	1532.06982
2025-09-11T08:33:10Z	2183.00000	1562.13645	1548.20085	1532.07453
2025-09-11T08:33:10Z	2183.00000	1562.14048	1548.20958	1532.07889
2025-09-11T08:33:10Z	2183.00000	1562.14790	1548.22496	1532.08676
2025-09-11T08:33:11Z	2184.00000	1562.15147	1548.23273	1532.09074
2025-09-11T08:33:11Z	2184.00000	1562.15467	1548.23951	1532.09413
2025-09-11T08:33:11Z	2184.00000	1562.15688	1548.24401	1532.09671
2025-09-11T08:33:11Z	2184.00000	1561.17237	1546.20059	1531.11253
2025-09-11T08:33:11Z	2184.00000	1560.90955	1545.64533	1530.85956
2025-09-11T08:33:11Z	2184.00000	1560.75583	1545.32472	1530.70951
2025-09-11T08:33:11Z	2184.00000	1560.60436	1545.00152	1530.55792
2025-09-11T08:33:11Z	2184.00000	1560.46254	1544.70813	1530.42192
2025-09-11T08:33:11Z	2184.00000	1560.35159	1544.47321	1530.31555
2025-09-11T08:33:11Z	2184.00000	1560.23977	1544.24227	1530.21208
2025-09-11T08:33:12Z	2185.00000	1560.13269	1544.02300	1530.11195
2025-09-11T08:33:12Z	2185.00000	1560.00794	1543.77046	1529.99608
2025-09-11T08:33:12Z	2185.00000	1559.88822	1543.52582	1529.88635
2025-09-11T08:33:12Z	2185.00000	1559.76856	1543.29036	1529.77692
2025-09-11T08:33:12Z	2185.00000	1559.65274	1543.06474	1529.67447
2025-09-11T08:33:12Z	2185.00000	1559.56581	1542.89705	1529.59635
2025-09-11T08:33:12Z	2185.00000	1559.55789	1542.88156	1529.59045
2025-09-11T08:33:12Z	2185.00000	1559.55047	1542.86673	1529.58478
2025-09-11T08:33:13Z	2185.00000	1559.53999	1542.84634	1529.57669
2025-09-11T08:33:13Z	2186.00000	1559.53168	1542.83066	1529.57012
2025-09-11T08:33:13Z	2186.00000	1559.52352	1542.81568	1529.56384
2025-09-11T08:33:13Z	2186.00000	1559.51885	1542.80690	1529.55978
2025-09-11T08:33:14Z	2187.00000	1559.51459	1542.79911	1529.55632
2025-09-11T08:33:14Z	2187.00000	1559.51045	1542.79198	1529.55319
2025-09-11T08:33:14Z	2187.00000	1559.50716	1542.78618	1529.55061
2025-09-11T08:33:14Z	2187.00000	1559.50386	1542.78045	1529.54787
2025-09-11T08:33:15Z	2188.00000	1559.50098	1542.77555	1529.54565
2025-09-11T08:33:15Z	2188.00000	1559.49951	1542.77303	1529.54439
2025-09-11T08:33:15Z	2188.00000	1559.49832	1542.77114	1529.54347
2025-09-11T08:33:15Z	2188.00000	1559.49739	1542.76956	1529.54267
2025-09-11T08:33:15Z	2188.00000	1559.49643	1542.76776	1529.54192
2025-09-11T08:33:15Z	2188.00000	1559.49564	1542.76631	1529.54112
2025-09-11T08:33:15Z	2188.00000	1559.49480	1542.76499	1529.54047
2025-09-11T08:33:15Z	2188.00000	1559.49388	1542.76345	1529.53974
2025-09-11T08:33:15Z	2189.00000	1559.49316	1542.76206	1529.53911
2025-09-11T08:33:16Z	2189.00000	1559.49219	1542.76050	1529.53834
2025-09-11T08:33:16Z	2189.00000	1559.49144	1542.75938	1529.53776
2025-09-11T08:33:16Z	2189.00000	1559.49085	1542.75803	1529.53724
2025-09-11T08:33:16Z	2189.00000	1559.49004	1542.75693	1529.53663
2025-09-11T08:33:16Z	2189.00000	1559.48916	1542.75554	1529.53592
2025-09-11T08:33:16Z	2189.00000	1559.48868	1542.75448	1529.53546
2025-09-11T08:33:16Z	2189.00000	1559.48786	1542.75343	1529.53488
2025-09-11T08:33:16Z	2189.00000	1559.48725	1542.75207	1529.53448
2025-09-11T08:33:16Z	2189.00000	1559.48657	1542.75104	1529.53382
2025-09-11T08:33:16Z	2190.00000	1559.48594	1542.74990	1529.53332
2025-09-11T08:33:17Z	2190.00000	1559.48516	1542.74862	1529.53277
2025-09-11T08:33:17Z	2190.00000	1559.48436	1542.74748	1529.53217
2025-09-11T08:33:17Z	2190.00000	1559.48371	1542.74640	1529.53157
2025-09-11T08:33:17Z	2190.00000	1559.57307	1542.91327	1529.60875
2025-09-11T08:33:17Z	2190.00000	1559.79057	1543.31931	1529.80733
2025-09-11T08:33:17Z	2190.00000	1559.98944	1543.71327	1529.99422
2025-09-11T08:33:17Z	2190.00000	1560.17390	1544.09830	1530.16818
2025-09-11T08:33:17Z	2190.00000	1560.34838	1544.46156	1530.33297
2025-09-11T08:33:17Z	2190.00000	1560.48930	1544.76390	1530.47057
2025-09-11T08:33:18Z	2191.00000	1560.64538	1545.09820	1530.62560
2025-09-11T08:33:18Z	2191.00000	1560.77022	1545.36965	1530.74923
2025-09-11T08:33:18Z	2191.00000	1560.91635	1545.68185	1530.89026
2025-09-11T08:33:18Z	2191.00000	1561.03580	1545.94046	1531.00729
2025-09-11T08:33:18Z	2191.00000	1561.15341	1546.18056	1531.11488
2025-09-11T08:33:18Z	2191.00000	1561.28719	1546.45197	1531.24144
2025-09-11T08:33:18Z	2191.00000	1561.41895	1546.71546	1531.36584
2025-09-11T08:33:18Z	2191.00000	1561.52725	1546.92552	1531.46238
2025-09-11T08:33:18Z	2191.00000	1561.62582	1547.12167	1531.55510
2025-09-11T08:33:18Z	2191.00000	1561.73602	1547.33808	1531.65713
2025-09-11T08:33:19Z	2192.00000	1561.82013	1547.50379	1531.73631
2025-09-11T08:33:19Z	2192.00000	1561.88669	1547.63943	1531.80151
2025-09-11T08:33:19Z	2192.00000	1561.93321	1547.74488	1531.85063
2025-09-11T08:33:19Z	2192.00000	1561.97131	1547.82886	1531.89288
2025-09-11T08:33:19Z	2192.00000	1562.00543	1547.90625	1531.93052
2025-09-11T08:33:19Z	2192.00000	1562.03805	1547.97957	1531.96611
2025-09-11T08:33:19Z	2192.00000	1562.05902	1548.02624	1531.98831
2025-09-11T08:33:19Z	2192.00000	1562.07917	1548.07111	1532.00970
2025-09-11T08:33:19Z	2192.00000	1562.09117	1548.09860	1532.02355
2025-09-11T08:33:19Z	2192.00000	1562.09898	1548.11708	1532.03240
2025-09-11T08:33:20Z	2193.00000	1562.10726	1548.13544	1532.04116
2025-09-11T08:33:20Z	2193.00000	1562.11559	1548.15475	1532.05091
2025-09-11T08:33:20Z	2193.00000	1562.12138	1548.16844	1532.05788
2025-09-11T08:33:20Z	2193.00000	1562.12658	1548.18045	1532.06342
2025-09-11T08:33:20Z	2193.00000	1562.13175	1548.19123	1532.06871
2025-09-11T08:33:20Z	2193.00000	1562.14152	1548.21241	1532.07957
2025-09-11T08:33:20Z	2193.00000	1562.14500	1548.21946	1532.08315
2025-09-11T08:33:20Z	2193.00000	1562.14880	1548.22789	1532.08744
2025-09-11T08:33:20Z	2193.00000	1562.15228	1548.23547	1532.09115
2025-09-11T08:33:21Z	2194.00000	1562.15493	1548.24155	1532.09416
2025-09-11T08:33:21Z	2194.00000	1562.15745	1548.24646	1532.09697
2025-09-11T08:33:21Z	2194.00000	1562.15962	1548.25154	1532.09954
2025-09-11T08:33:21Z	2194.00000	1561.11423	1546.08493	1531.05836
2025-09-11T08:33:21Z	2194.00000	1560.89369	1545.61284	1530.84448
2025-09-11T08:33:21Z	2194.00000	1560.72093	1545.25215	1530.67512
2025-09-11T08:33:21Z	2194.00000	1560.59591	1544.98268	1530.54898
2025-09-11T08:33:21Z	2194.00000	1560.45775	1544.69772	1530.41651
2025-09-11T08:33:21Z	2194.00000	1560.34460	1544.45777	1530.30843
2025-09-11T08:33:21Z	2194.00000	1560.21600	1544.19506	1530.18894
2025-09-11T08:33:22Z	2195.00000	1560.09237	1543.93915	1530.07405
2025-09-11T08:33:22Z	2195.00000	1559.88430	1543.51721	1529.88235
2025-09-11T08:33:22Z	2195.00000	1559.66558	1543.08871	1529.68564
2025-09-11T08:33:22Z	2195.00000	1559.56989	1542.90460	1529.59885
2025-09-11T08:33:22Z	2195.00000	1559.56088	1542.88635	1529.59203
2025-09-11T08:33:22Z	2195.00000	1559.55023	1542.86526	1529.58402
2025-09-11T08:33:23Z	2195.00000	1559.54053	1542.84681	1529.57654
2025-09-11T08:33:23Z	2196.00000	1559.53332	1542.83307	1529.57092
2025-09-11T08:33:23Z	2196.00000	1559.52775	1542.82270	1529.56667
2025-09-11T08:33:23Z	2196.00000	1559.52312	1542.81405	1529.56289
2025-09-11T08:33:23Z	2196.00000	1559.51882	1542.80662	1529.55959
2025-09-11T08:33:24Z	2197.00000	1559.51493	1542.79947	1529.55648
2025-09-11T08:33:24Z	2197.00000	1559.51138	1542.79321	1529.55370
2025-09-11T08:33:24Z	2197.00000	1559.50837	1542.78810	1529.55130
2025-09-11T08:33:24Z	2197.00000	1559.50529	1542.78272	1529.54890
2025-09-11T08:33:25Z	2197.00000	1559.50249	1542.77790	1529.54667
2025-09-11T08:33:25Z	2198.00000	1559.50009	1542.77386	1529.54468
2025-09-11T08:33:25Z	2198.00000	1559.49809	1542.77027	1529.54293
2025-09-11T08:33:25Z	2198.00000	1559.49617	1542.76708	1529.54140
2025-09-11T08:33:25Z	2198.00000	1559.49529	1542.76570	1529.54084
2025-09-11T08:33:25Z	2198.00000	1559.49461	1542.76433	1529.54012
2025-09-11T08:33:25Z	2198.00000	1559.49381	1542.76302	1529.53947
2025-09-11T08:33:26Z	2199.00000	1559.49297	1542.76170	1529.53888
2025-09-11T08:33:26Z	2199.00000	1559.49152	1542.75909	1529.53755
2025-09-11T08:33:26Z	2199.00000	1559.49078	1542.75788	1529.53702
2025-09-11T08:33:26Z	2199.00000	1559.49008	1542.75685	1529.53643
2025-09-11T08:33:26Z	2199.00000	1559.48953	1542.75559	1529.53593
2025-09-11T08:33:26Z	2199.00000	1559.48889	1542.75455	1529.53528
2025-09-11T08:33:26Z	2199.00000	1559.48820	1542.75342	1529.53492
2025-09-11T08:33:26Z	2199.00000	1559.48756	1542.75230	1529.53441
2025-09-11T08:33:26Z	2199.00000	1559.48699	1542.75139	1529.53382
2025-09-11T08:33:27Z	2200.00000	1559.48628	1542.75018	1529.53330
2025-09-11T08:33:27Z	2200.00000	1559.48563	1542.74917	1529.53289
2025-09-11T08:33:27Z	2200.00000	1559.48509	1542.74822	1529.53233
2025-09-11T08:33:27Z	2200.00000	1559.48455	1542.74718	1529.53182
2025-09-11T08:33:27Z	2200.00000	1559.53598	1542.84187	1529.57589
2025-09-11T08:33:27Z	2200.00000	1559.72275	1543.19281	1529.74575
2025-09-11T08:33:27Z	2200.00000	1559.90381	1543.53886	1529.91312
2025-09-11T08:33:27Z	2200.00000	1560.09449	1543.92921	1530.09347
2025-09-11T08:33:27Z	2200.00000	1560.24953	1544.25245	1530.24095
2025-09-11T08:33:27Z	2200.00000	1560.41912	1544.61435	1530.40173
2025-09-11T08:33:27Z	2201.00000	1560.55779	1544.90831	1530.53554
2025-09-11T08:33:28Z	2201.00000	1560.70890	1545.23973	1530.68879
2025-09-11T08:33:28Z	2201.00000	1560.83224	1545.50433	1530.81096
2025-09-11T08:33:28Z	2201.00000	1560.95744	1545.77200	1530.92938
2025-09-11T08:33:28Z	2201.00000	1561.07206	1546.01478	1531.04093
2025-09-11T08:33:28Z	2201.00000	1561.21074	1546.29304	1531.16836
2025-09-11T08:33:28Z	2201.00000	1561.32340	1546.52653	1531.27531
2025-09-11T08:33:28Z	2201.00000	1561.45380	1546.78366	1531.39699
2025-09-11T08:33:28Z	2201.00000	1561.55986	1546.99062	1531.49181
2025-09-11T08:33:28Z	2201.00000	1561.65656	1547.18326	1531.58419
2025-09-11T08:33:28Z	2202.00000	1561.74897	1547.36426	1531.66898
2025-09-11T08:33:29Z	2202.00000	1561.84428	1547.55119	1531.75946
2025-09-11T08:33:29Z	2202.00000	1561.90149	1547.67481	1531.81642
2025-09-11T08:33:29Z	2202.00000	1561.95274	1547.78834	1531.87157
2025-09-11T08:33:29Z	2202.00000	1561.98800	1547.86833	1531.91116
2025-09-11T08:33:29Z	2202.00000	1562.02377	1547.94914	1531.95009
2025-09-11T08:33:29Z	2202.00000	1562.04880	1548.00402	1531.97685
2025-09-11T08:33:29Z	2202.00000	1562.06847	1548.04752	1531.99815
2025-09-11T08:33:29Z	2202.00000	1562.08517	1548.08486	1532.01649
2025-09-11T08:33:29Z	2202.00000	1562.09572	1548.10897	1532.02820
2025-09-11T08:33:29Z	2203.00000	1562.10482	1548.12983	1532.03823
2025-09-11T08:33:30Z	2203.00000	1562.11507	1548.15309	1532.04983
2025-09-11T08:33:30Z	2203.00000	1562.12203	1548.16849	1532.05758
2025-09-11T08:33:30Z	2203.00000	1562.12971	1548.18545	1532.06562
2025-09-11T08:33:30Z	2203.00000	1562.13654	1548.19997	1532.07278
2025-09-11T08:33:30Z	2203.00000	1562.14198	1548.21182	1532.07879
2025-09-11T08:33:30Z	2203.00000	1562.14609	1548.22075	1532.08352
2025-09-11T08:33:30Z	2203.00000	1562.14981	1548.22884	1532.08749
2025-09-11T08:33:30Z	2203.00000	1562.15273	1548.23511	1532.09078
2025-09-11T08:33:30Z	2203.00000	1562.15521	1548.24086	1532.09373
2025-09-11T08:33:30Z	2204.00000	1562.15776	1548.24671	1532.09664
2025-09-11T08:33:31Z	2204.00000	1562.16007	1548.25134	1532.09892
2025-09-11T08:33:31Z	2204.00000	1562.16223	1548.25655	1532.10147
2025-09-11T08:33:31Z	2204.00000	1561.11062	1546.07649	1531.05469
2025-09-11T08:33:31Z	2204.00000	1560.86060	1545.54640	1530.81328
2025-09-11T08:33:31Z	2204.00000	1560.71987	1545.24940	1530.67368
2025-09-11T08:33:31Z	2204.00000	1560.57254	1544.93179	1530.52482
2025-09-11T08:33:31Z	2204.00000	1560.45478	1544.69085	1530.41289
2025-09-11T08:33:31Z	2204.00000	1560.32086	1544.40886	1530.28646
2025-09-11T08:33:31Z	2204.00000	1560.21203	1544.18671	1530.18467
2025-09-11T08:33:31Z	2205.00000	1560.10866	1543.97208	1530.08867
2025-09-11T08:33:32Z	2205.00000	1559.98375	1543.71891	1529.97263
2025-09-11T08:33:32Z	2205.00000	1559.88212	1543.51230	1529.87995
2025-09-11T08:33:32Z	2205.00000	1559.77875	1543.30829	1529.78508
2025-09-11T08:33:32Z	2205.00000	1559.66202	1543.08134	1529.68211
2025-09-11T08:33:32Z	2205.00000	1559.56930	1542.90313	1529.59823
2025-09-11T08:33:32Z	2205.00000	1559.56074	1542.88589	1529.59174
2025-09-11T08:33:32Z	2205.00000	1559.55502	1542.87417	1529.58740
2025-09-11T08:33:32Z	2205.00000	1559.54921	1542.86296	1529.58295
2025-09-11T08:33:32Z	2205.00000	1559.54506	1542.85499	1529.57976
2025-09-11T08:33:32Z	2206.00000	1559.54084	1542.84680	1529.57663
2025-09-11T08:33:33Z	2206.00000	1559.53756	1542.84062	1529.57399
2025-09-11T08:33:33Z	2206.00000	1559.53411	1542.83421	1529.57139
2025-09-11T08:33:33Z	2206.00000	1559.53147	1542.82934	1529.56927
2025-09-11T08:33:33Z	2206.00000	1559.52862	1542.82405	1529.56709
2025-09-11T08:33:33Z	2206.00000	1559.52638	1542.81988	1529.56533
2025-09-11T08:33:33Z	2206.00000	1559.52431	1542.81595	1529.56363
2025-09-11T08:33:33Z	2206.00000	1559.52228	1542.81232	1529.56203
2025-09-11T08:33:33Z	2206.00000	1559.52008	1542.80842	1529.56035
2025-09-11T08:33:33Z	2206.00000	1559.51837	1542.80519	1529.55892
2025-09-11T08:33:33Z	2207.00000	1559.51668	1542.80230	1529.55751
2025-09-11T08:33:34Z	2207.00000	1559.51511	1542.79947	1529.55631
2025-09-11T08:33:34Z	2207.00000	1559.51347	1542.79685	1529.55517
2025-09-11T08:33:34Z	2207.00000	1559.51209	1542.79434	1529.55404
2025-09-11T08:33:34Z	2207.00000	1559.51052	1542.79148	1529.55281
2025-09-11T08:33:34Z	2207.00000	1559.50932	1542.78934	1529.55178
2025-09-11T08:33:34Z	2207.00000	1559.50794	1542.78703	1529.55067
2025-09-11T08:33:34Z	2207.00000	1559.50670	1542.78492	1529.54970
2025-09-11T08:33:34Z	2207.00000	1559.50537	1542.78265	1529.54865
2025-09-11T08:33:34Z	2207.00000	1559.50417	1542.78037	1529.54763
2025-09-11T08:33:34Z	2208.00000	1559.50275	1542.77833	1529.54658
2025-09-11T08:33:35Z	2208.00000	1559.50183	1542.77659	1529.54573
2025-09-11T08:33:35Z	2208.00000	1559.50075	1542.77462	1529.54489
2025-09-11T08:33:35Z	2208.00000	1559.49978	1542.77294	1529.54405
2025-09-11T08:33:35Z	2208.00000	1559.49874	1542.77135	1529.54333
2025-09-11T08:33:35Z	2208.00000	1559.49780	1542.76969	1529.54242
2025-09-11T08:33:35Z	2208.00000	1559.49704	1542.76812	1529.54174
2025-09-11T08:33:35Z	2208.00000	1559.49598	1542.76647	1529.54095
2025-09-11T08:33:35Z	2208.00000	1559.49516	1542.76507	1529.54027
2025-09-11T08:33:35Z	2208.00000	1559.49433	1542.76378	1529.53968
2025-09-11T08:33:35Z	2209.00000	1559.49359	1542.76247	1529.53907
2025-09-11T08:33:36Z	2209.00000	1559.49280	1542.76121	1529.53843
2025-09-11T08:33:36Z	2209.00000	1559.49211	1542.75993	1529.53780
2025-09-11T08:33:36Z	2209.00000	1559.49144	1542.75877	1529.53728
2025-09-11T08:33:36Z	2209.00000	1559.49058	1542.75736	1529.53652
2025-09-11T08:33:36Z	2209.00000	1559.48992	1542.75613	1529.53597
2025-09-11T08:33:36Z	2209.00000	1559.48909	1542.75471	1529.53529
2025-09-11T08:33:36Z	2209.00000	1559.48837	1542.75371	1529.53485
2025-09-11T08:33:36Z	2209.00000	1559.48771	1542.75259	1529.53426
2025-09-11T08:33:36Z	2209.00000	1559.48714	1542.75152	1529.53377
2025-09-11T08:33:36Z	2210.00000	1559.48661	1542.75069	1529.53328
2025-09-11T08:33:37Z	2210.00000	1559.48595	1542.74972	1529.53285
2025-09-11T08:33:37Z	2210.00000	1559.48544	1542.74865	1529.53237
2025-09-11T08:33:37Z	2210.00000	1559.48475	1542.74744	1529.53176
2025-09-11T08:33:37Z	2210.00000	1559.48421	1542.74655	1529.53136
2025-09-11T08:33:37Z	2210.00000	1559.48347	1542.74545	1529.53078
2025-09-11T08:33:37Z	2210.00000	1559.48307	1542.74462	1529.53042
2025-09-11T08:33:37Z	2210.00000	1559.48235	1542.74351	1529.52991
2025-09-11T08:33:37Z	2210.00000	1559.48183	1542.74264	1529.52951
2025-09-11T08:33:37Z	2210.00000	1559.48153	1542.74172	1529.52908
2025-09-11T08:33:38Z	2211.00000	1559.48090	1542.74074	1529.52845
2025-09-11T08:33:38Z	2211.00000	1559.48029	1542.73998	1529.52817
2025-09-11T08:33:38Z	2211.00000	1559.47989	1542.73921	1529.52780
2025-09-11T08:33:38Z	2211.00000	1559.47943	1542.73842	1529.52745
2025-09-11T08:33:38Z	2211.00000	1559.47889	1542.73768	1529.52698
2025-09-11T08:33:38Z	2211.00000	1559.47849	1542.73693	1529.52672
2025-09-11T08:33:38Z	2211.00000	1559.47812	1542.73621	1529.52622
2025-09-11T08:33:38Z	2211.00000	1559.47713	1542.73466	1529.52556
2025-09-11T08:33:38Z	2211.00000	1559.47675	1542.73391	1529.52526
2025-09-11T08:33:38Z	2212.00000	1559.47625	1542.73307	1529.52473
2025-09-11T08:33:39Z	2212.00000	1559.47581	1542.73230	1529.52434
2025-09-11T08:33:39Z	2212.00000	1559.47537	1542.73150	1529.52401
2025-09-11T08:33:39Z	2212.00000	1559.47482	1542.73093	1529.52367
2025-09-11T08:33:39Z	2212.00000	1559.47457	1542.73019	1529.52336
2025-09-11T08:33:39Z	2212.00000	1559.47414	1542.72956	1529.52316
2025-09-11T08:33:39Z	2212.00000	1559.47369	1542.72872	1529.52276
2025-09-11T08:33:39Z	2212.00000	1559.47321	1542.72807	1529.52230
2025-09-11T08:33:39Z	2212.00000	1559.47285	1542.72742	1529.52210
2025-09-11T08:33:39Z	2212.00000	1559.47253	1542.72692	1529.52173
2025-09-11T08:33:39Z	2213.00000	1559.47209	1542.72614	1529.52139
2025-09-11T08:33:40Z	2213.00000	1559.47187	1542.72558	1529.52104
2025-09-11T08:33:40Z	2213.00000	1559.47146	1542.72499	1529.52086
2025-09-11T08:33:40Z	2213.00000	1559.47108	1542.72437	1529.52048
2025-09-11T08:33:40Z	2213.00000	1559.47071	1542.72378	1529.52022
2025-09-11T08:33:40Z	2213.00000	1559.47037	1542.72317	1529.51994
2025-09-11T08:33:40Z	2213.00000	1559.46989	1542.72244	1529.51960
2025-09-11T08:33:40Z	2213.00000	1559.46973	1542.72204	1529.51943
2025-09-11T08:33:40Z	2213.00000	1559.46924	1542.72148	1529.51910
2025-09-11T08:33:40Z	2213.00000	1559.46898	1542.72079	1529.51872
2025-09-11T08:33:40Z	2214.00000	1559.46873	1542.72025	1529.51851
2025-09-11T08:33:41Z	2214.00000	1559.46830	1542.71972	1529.51813
2025-09-11T08:33:41Z	2214.00000	1559.46804	1542.71917	1529.51801
2025-09-11T08:33:41Z	2214.00000	1559.46773	1542.71864	1529.51775
2025-09-11T08:33:41Z	2214.00000	1559.46736	1542.71806	1529.51737
2025-09-11T08:33:41Z	2214.00000	1559.46714	1542.71754	1529.51721
2025-09-11T08:33:41Z	2214.00000	1559.46691	1542.71700	1529.51695
2025-09-11T08:33:41Z	2214.00000	1559.46650	1542.71653	1529.51660
2025-09-11T08:33:41Z	2214.00000	1559.46629	1542.71589	1529.51641
2025-09-11T08:33:41Z	2215.00000	1559.46572	1542.71514	1529.51605
2025-09-11T08:33:42Z	2215.00000	1559.46540	1542.71464	1529.51584
2025-09-11T08:33:42Z	2215.00000	1559.46528	1542.71420	1529.51550
2025-09-11T08:33:42Z	2215.00000	1559.46483	1542.71362	1529.51532
2025-09-11T08:33:42Z	2215.00000	1559.46460	1542.71311	1529.51513
2025-09-11T08:33:42Z	2215.00000	1559.46439	1542.71282	1529.51489
2025-09-11T08:33:42Z	2215.00000	1559.46414	1542.71233	1529.51467
2025-09-11T08:33:42Z	2215.00000	1559.46356	1542.71130	1529.51413
2025-09-11T08:33:42Z	2215.00000	1559.46318	1542.71083	1529.51392
2025-09-11T08:33:43Z	2216.00000	1559.46267	1542.70989	1529.51342
2025-09-11T08:33:43Z	2216.00000	1559.46235	1542.70958	1529.51327
2025-09-11T08:33:43Z	2216.00000	1559.46218	1542.70922	1529.51307
2025-09-11T08:33:43Z	2216.00000	1559.46197	1542.70863	1529.51271
2025-09-11T08:33:43Z	2216.00000	1559.46167	1542.70824	1529.51264
2025-09-11T08:33:43Z	2216.00000	1559.46139	1542.70775	1529.51239
2025-09-11T08:33:43Z	2216.00000	1559.46120	1542.70734	1529.51207
2025-09-11T08:33:43Z	2216.00000	1559.46095	1542.70692	1529.51199
2025-09-11T08:33:43Z	2216.00000	1559.46069	1542.70655	1529.51182
2025-09-11T08:33:43Z	2217.00000	1559.46045	1542.70589	1529.51154
2025-09-11T08:33:44Z	2217.00000	1559.46027	1542.70567	1529.51127
2025-09-11T08:33:44Z	2217.00000	1559.45992	1542.70517	1529.51112
2025-09-11T08:33:44Z	2217.00000	1559.45973	1542.70489	1529.51092
2025-09-11T08:33:44Z	2217.00000	1559.45948	1542.70446	1529.51064
2025-09-11T08:33:44Z	2217.00000	1559.45925	1542.70408	1529.51043
2025-09-11T08:33:44Z	2217.00000	1559.45900	1542.70364	1529.51028
2025-09-11T08:33:44Z	2217.00000	1559.45875	1542.70338	1529.51017
2025-09-11T08:33:44Z	2217.00000	1559.45868	1542.70292	1529.50989
2025-09-11T08:33:44Z	2218.00000	1559.45827	1542.70224	1529.50954
2025-09-11T08:33:45Z	2218.00000	1559.45799	1542.70184	1529.50944
2025-09-11T08:33:45Z	2218.00000	1559.45788	1542.70152	1529.50921
2025-09-11T08:33:45Z	2218.00000	1559.45754	1542.70105	1529.50918
2025-09-11T08:33:45Z	2218.00000	1559.45738	1542.70079	1529.50890
2025-09-11T08:33:45Z	2218.00000	1559.45710	1542.70039	1529.50863
2025-09-11T08:33:45Z	2218.00000	1559.45691	1542.69992	1529.50850
2025-09-11T08:33:45Z	2218.00000	1559.45668	1542.69959	1529.50828
2025-09-11T08:33:45Z	2218.00000	1559.45651	1542.69922	1529.50818
2025-09-11T08:33:45Z	2218.00000	1559.45636	1542.69883	1529.50794
2025-09-11T08:33:45Z	2219.00000	1559.45602	1542.69849	1529.50773
2025-09-11T08:33:46Z	2219.00000	1559.45586	1542.69808	1529.50758
2025-09-11T08:33:46Z	2219.00000	1559.45566	1542.69782	1529.50740
2025-09-11T08:33:46Z	2219.00000	1559.45553	1542.69746	1529.50722
2025-09-11T08:33:46Z	2219.00000	1559.45532	1542.69706	1529.50710
2025-09-11T08:33:46Z	2219.00000	1559.45504	1542.69673	1529.50693
2025-09-11T08:33:46Z	2219.00000	1559.45485	1542.69649	1529.50677
2025-09-11T08:33:46Z	2219.00000	1559.45466	1542.69610	1529.50665
2025-09-11T08:33:46Z	2219.00000	1559.45456	1542.69580	1529.50655
2025-09-11T08:33:46Z	2219.00000	1559.45430	1542.69541	1529.50635
2025-09-11T08:33:47Z	2220.00000	1559.45410	1542.69516	1529.50606
2025-09-11T08:33:47Z	2220.00000	1559.45388	1542.69483	1529.50596
2025-09-11T08:33:47Z	2220.00000	1559.45368	1542.69452	1529.50573
2025-09-11T08:33:47Z	2220.00000	1559.45349	1542.69417	1529.50560
2025-09-11T08:33:47Z	2220.00000	1559.45336	1542.69382	1529.50545
2025-09-11T08:33:47Z	2220.00000	1559.45317	1542.69362	1529.50539
2025-09-11T08:33:47Z	2220.00000	1559.45303	1542.69331	1529.50522
2025-09-11T08:33:47Z	2220.00000	1559.45293	1542.69287	1529.50499
2025-09-11T08:33:47Z	2220.00000	1559.45271	1542.69266	1529.50491
2025-09-11T08:33:47Z	2220.00000	1559.45257	1542.69236	1529.50471
2025-09-11T08:33:47Z	2221.00000	1559.45229	1542.69205	1529.50447
2025-09-11T08:33:48Z	2221.00000	1559.45210	1542.69170	1529.50430
2025-09-11T08:33:48Z	2221.00000	1559.45206	1542.69146	1529.50428
2025-09-11T08:33:48Z	2221.00000	1559.45152	1542.69097	1529.50401
2025-09-11T08:33:48Z	2221.00000	1559.45151	1542.69051	1529.50383
2025-09-11T08:33:48Z	2221.00000	1559.45127	1542.69023	1529.50367
2025-09-11T08:33:48Z	2221.00000	1559.45116	1542.68994	1529.50359
2025-09-11T08:33:48Z	2221.00000	1559.45084	1542.68979	1529.50336
2025-09-11T08:33:48Z	2222.00000	1559.45078	1542.68914	1529.50301
2025-09-11T08:33:49Z	2222.00000	1559.45035	1542.68861	1529.50282
2025-09-11T08:33:49Z	2222.00000	1559.45022	1542.68835	1529.50268
2025-09-11T08:33:49Z	2222.00000	1559.44998	1542.68803	1529.50258
2025-09-11T08:33:49Z	2222.00000	1559.44985	1542.68775	1529.50239
2025-09-11T08:33:49Z	2222.00000	1559.44966	1542.68741	1529.50226
2025-09-11T08:33:49Z	2222.00000	1559.44952	1542.68711	1529.50210
2025-09-11T08:33:49Z	2222.00000	1559.44931	1542.68687	1529.50188
2025-09-11T08:33:49Z	2223.00000	1559.44905	1542.68640	1529.50170
2025-09-11T08:33:50Z	2223.00000	1559.44893	1542.68614	1529.50158
2025-09-11T08:33:50Z	2223.00000	1559.44851	1542.68551	1529.50129
2025-09-11T08:33:50Z	2223.00000	1559.44850	1542.68526	1529.50128
2025-09-11T08:33:50Z	2223.00000	1559.44823	1542.68479	1529.50090
2025-09-11T08:33:50Z	2223.00000	1559.44805	1542.68464	1529.50093
2025-09-11T08:33:50Z	2223.00000	1559.44783	1542.68419	1529.50068
2025-09-11T08:33:50Z	2224.00000	1559.44770	1542.68382	1529.50045
2025-09-11T08:33:51Z	2224.00000	1559.44744	1542.68342	1529.50037
2025-09-11T08:33:51Z	2224.00000	1559.44730	1542.68339	1529.50017
2025-09-11T08:33:51Z	2224.00000	1559.44708	1542.68293	1529.50009
2025-09-11T08:33:51Z	2224.00000	1559.44691	1542.68271	1529.49987
2025-09-11T08:33:51Z	2224.00000	1559.44671	1542.68226	1529.49963
2025-09-11T08:33:51Z	2224.00000	1559.44652	1542.68195	1529.49947
2025-09-11T08:33:51Z	2224.00000	1559.44617	1542.68161	1529.49933
2025-09-11T08:33:51Z	2225.00000	1559.44619	1542.68125	1529.49925
2025-09-11T08:33:52Z	2225.00000	1559.44588	1542.68105	1529.49901
2025-09-11T08:33:52Z	2225.00000	1559.44586	1542.68076	1529.49892
2025-09-11T08:33:52Z	2225.00000	1559.44570	1542.68050	1529.49883
2025-09-11T08:33:52Z	2225.00000	1559.44557	1542.68030	1529.49874
2025-09-11T08:33:52Z	2225.00000	1559.44525	1542.67992	1529.49849
2025-09-11T08:33:52Z	2225.00000	1559.44520	1542.67967	1529.49838
2025-09-11T08:33:52Z	2225.00000	1559.44509	1542.67938	1529.49825
2025-09-11T08:33:52Z	2225.00000	1559.44499	1542.67912	1529.49812
2025-09-11T08:33:52Z	2226.00000	1559.44482	1542.67892	1529.49813
2025-09-11T08:33:53Z	2226.00000	1559.44459	1542.67880	1529.49792
2025-09-11T08:33:53Z	2226.00000	1559.44451	1542.67849	1529.49781
2025-09-11T08:33:53Z	2226.00000	1559.44432	1542.67810	1529.49760
2025-09-11T08:33:53Z	2226.00000	1559.44421	1542.67788	1529.49755
2025-09-11T08:33:53Z	2226.00000	1559.44394	1542.67762	1529.49736
2025-09-11T08:33:53Z	2226.00000	1559.44396	1542.67741	1529.49728
2025-09-11T08:33:53Z	2226.00000	1559.44390	1542.67721	1529.49717
2025-09-11T08:33:53Z	2227.00000	1559.44355	1542.67669	1529.49696
2025-09-11T08:33:54Z	2227.00000	1559.44345	1542.67650	1529.49684
2025-09-11T08:33:54Z	2227.00000	1559.44327	1542.67621	1529.49676
2025-09-11T08:33:54Z	2227.00000	1559.44325	1542.67605	1529.49660
2025-09-11T08:33:54Z	2227.00000	1559.44292	1542.67560	1529.49629
2025-09-11T08:33:54Z	2227.00000	1559.44292	1542.67540	1529.49625
2025-09-11T08:33:54Z	2227.00000	1559.44269	1542.67506	1529.49606
2025-09-11T08:33:54Z	2227.00000	1559.44253	1542.67485	1529.49597
2025-09-11T08:33:54Z	2228.00000	1559.44237	1542.67457	1529.49575
2025-09-11T08:33:55Z	2228.00000	1559.44225	1542.67443	1529.49583
2025-09-11T08:33:55Z	2228.00000	1559.44215	1542.67412	1529.49563
2025-09-11T08:33:55Z	2228.00000	1559.44216	1542.67404	1529.49557
2025-09-11T08:33:55Z	2228.00000	1559.44203	1542.67389	1529.49537
2025-09-11T08:33:55Z	2228.00000	1559.44185	1542.67363	1529.49536
2025-09-11T08:33:55Z	2228.00000	1559.44166	1542.67346	1529.49528
2025-09-11T08:33:55Z	2228.00000	1559.44156	1542.67326	1529.49508
2025-09-11T08:33:55Z	2228.00000	1559.44150	1542.67295	1529.49496
2025-09-11T08:33:55Z	2228.00000	1559.44146	1542.67272	1529.49496
2025-09-11T08:33:55Z	2229.00000	1559.44115	1542.67260	1529.49482
2025-09-11T08:33:56Z	2229.00000	1559.44111	1542.67236	1529.49474
2025-09-11T08:33:56Z	2229.00000	1559.44109	1542.67220	1529.49463
2025-09-11T08:33:56Z	2229.00000	1559.44094	1542.67204	1529.49456
2025-09-11T08:33:56Z	2229.00000	1559.44075	1542.67177	1529.49452
2025-09-11T08:33:56Z	2229.00000	1559.44068	1542.67165	1529.49430
2025-09-11T08:33:56Z	2229.00000	1559.44060	1542.67144	1529.49433
2025-09-11T08:33:56Z	2229.00000	1559.44053	1542.67126	1529.49419
2025-09-11T08:33:56Z	2229.00000	1559.44032	1542.67102	1529.49398
2025-09-11T08:33:56Z	2229.00000	1559.44020	1542.67083	1529.49387
2025-09-11T08:33:56Z	2230.00000	1559.44017	1542.67056	1529.49388
2025-09-11T08:33:57Z	2230.00000	1559.44011	1542.67040	1529.49367
2025-09-11T08:33:57Z	2230.00000	1559.43991	1542.67030	1529.49369
2025-09-11T08:33:57Z	2230.00000	1559.43993	1542.66998	1529.49351
2025-09-11T08:33:57Z	2230.00000	1559.43968	1542.66984	1529.49344
2025-09-11T08:33:57Z	2230.00000	1559.43963	1542.66975	1529.49335
2025-09-11T08:33:57Z	2230.00000	1559.43953	1542.66960	1529.49329
2025-09-11T08:33:57Z	2230.00000	1559.43943	1542.66933	1529.49327
2025-09-11T08:33:57Z	2230.00000	1559.43927	1542.66914	1529.49307
2025-09-11T08:33:57Z	2230.00000	1559.43921	1542.66899	1529.49298
2025-09-11T08:33:57Z	2231.00000	1559.43905	1542.66882	1529.49286
2025-09-11T08:33:58Z	2231.00000	1559.43906	1542.66866	1529.49277
2025-09-11T08:33:58Z	2231.00000	1559.43892	1542.66839	1529.49265
2025-09-11T08:33:58Z	2231.00000	1559.43877	1542.66817	1529.49270
2025-09-11T08:33:58Z	2231.00000	1559.43863	1542.66800	1529.49253
2025-09-11T08:33:58Z	2231.00000	1559.43855	1542.66790	1529.49249
2025-09-11T08:33:58Z	2231.00000	1559.43857	1542.66769	1529.49231
2025-09-11T08:33:58Z	2231.00000	1559.43840	1542.66753	1529.49239
2025-09-11T08:33:58Z	2231.00000	1559.43836	1542.66726	1529.49217
2025-09-11T08:33:58Z	2231.00000	1559.43822	1542.66715	1529.49206
2025-09-11T08:33:58Z	2232.00000	1559.43815	1542.66701	1529.49196
2025-09-11T08:33:59Z	2232.00000	1559.43801	1542.66672	1529.49191
2025-09-11T08:33:59Z	2232.00000	1559.43787	1542.66669	1529.49185
2025-09-11T08:33:59Z	2232.00000	1559.43783	1542.66639	1529.49170
2025-09-11T08:33:59Z	2232.00000	1559.43774	1542.66633	1529.49170
2025-09-11T08:33:59Z	2232.00000	1559.43764	1542.66616	1529.49161
2025-09-11T08:33:59Z	2232.00000	1559.43753	1542.66602	1529.49150
2025-09-11T08:33:59Z	2232.00000	1559.43741	1542.66572	1529.49141
2025-09-11T08:33:59Z	2232.00000	1559.43728	1542.66560	1529.49129
2025-09-11T08:33:59Z	2232.00000	1559.43709	1542.66515	1529.49117
2025-09-11T08:33:59Z	2233.00000	1559.43660	1542.66456	1529.49091
2025-09-11T08:34:00Z	2233.00000	1559.43663	1542.66468	1529.49084
2025-09-11T08:34:00Z	2233.00000	1559.43634	1542.66428	1529.49076
2025-09-11T08:34:00Z	2233.00000	1559.43643	1542.66438	1529.49075
2025-09-11T08:34:00Z	2233.00000	1559.43637	1542.66429	1529.49065
2025-09-11T08:34:00Z	2233.00000	1559.43642	1542.66403	1529.49069
2025-09-11T08:34:00Z	2233.00000	1559.43616	1542.66393	1529.49049
2025-09-11T08:34:00Z	2233.00000	1559.43617	1542.66373	1529.49047
2025-09-11T08:34:00Z	2233.00000	1559.43606	1542.66367	1529.49047
2025-09-11T08:34:00Z	2233.00000	1559.43599	1542.66349	1529.49029
2025-09-11T08:34:00Z	2234.00000	1559.43591	1542.66329	1529.49016
2025-09-11T08:34:01Z	2234.00000	1559.43578	1542.66317	1529.49006
2025-09-11T08:34:01Z	2234.00000	1559.43570	1542.66293	1529.49008
2025-09-11T08:34:01Z	2234.00000	1559.43554	1542.66275	1529.48990
2025-09-11T08:34:01Z	2234.00000	1559.43556	1542.66264	1529.48989
2025-09-11T08:34:01Z	2234.00000	1559.43522	1542.66224	1529.48960
2025-09-11T08:34:01Z	2234.00000	1559.43509	1542.66207	1529.48962
2025-09-11T08:34:01Z	2234.00000	1559.43519	1542.66206	1529.48962
2025-09-11T08:34:01Z	2234.00000	1559.43480	1542.66162	1529.48940
2025-09-11T08:34:01Z	2234.00000	1559.43500	1542.66182	1529.48948
2025-09-11T08:34:01Z	2235.00000	1559.43491	1542.66162	1529.48931
2025-09-11T08:34:02Z	2235.00000	1559.43487	1542.66148	1529.48932
2025-09-11T08:34:02Z	2235.00000	1559.43472	1542.66124	1529.48922
2025-09-11T08:34:02Z	2235.00000	1559.43460	1542.66108	1529.48906
2025-09-11T08:34:02Z	2235.00000	1559.43447	1542.66094	1529.48903
2025-09-11T08:34:02Z	2235.00000	1559.43456	1542.66087	1529.48892
2025-09-11T08:34:02Z	2235.00000	1559.43443	1542.66059	1529.48882
2025-09-11T08:34:02Z	2235.00000	1559.43436	1542.66046	1529.48875
2025-09-11T08:34:02Z	2235.00000	1559.43423	1542.66036	1529.48863
2025-09-11T08:34:02Z	2235.00000	1559.43420	1542.66024	1529.48857
2025-09-11T08:34:02Z	2236.00000	1559.43399	1542.66002	1529.48851
2025-09-11T08:34:03Z	2236.00000	1559.43407	1542.65986	1529.48846
2025-09-11T08:34:03Z	2236.00000	1559.43394	1542.65971	1529.48836
2025-09-11T08:34:03Z	2236.00000	1559.43380	1542.65945	1529.48838
2025-09-11T08:34:03Z	2236.00000	1559.43367	1542.65932	1529.48809
2025-09-11T08:34:03Z	2236.00000	1559.43350	1542.65908	1529.48804
2025-09-11T08:34:03Z	2236.00000	1559.43335	1542.65884	1529.48788
2025-09-11T08:34:03Z	2236.00000	1559.43333	1542.65860	1529.48792
2025-09-11T08:34:03Z	2236.00000	1559.43322	1542.65846	1529.48780
2025-09-11T08:34:04Z	2237.00000	1559.43320	1542.65830	1529.48770
2025-09-11T08:34:04Z	2237.00000	1559.43316	1542.65818	1529.48758
2025-09-11T08:34:04Z	2237.00000	1559.43293	1542.65801	1529.48755
2025-09-11T08:34:04Z	2237.00000	1559.43299	1542.65771	1529.48745
2025-09-11T08:34:04Z	2237.00000	1559.43281	1542.65759	1529.48736
2025-09-11T08:34:04Z	2237.00000	1559.43254	1542.65727	1529.48715
2025-09-11T08:34:04Z	2237.00000	1559.43251	1542.65719	1529.48712
2025-09-11T08:34:04Z	2237.00000	1559.43250	1542.65704	1529.48707
2025-09-11T08:34:05Z	2238.00000	1559.43233	1542.65686	1529.48691
2025-09-11T08:34:05Z	2238.00000	1559.43232	1542.65673	1529.48684
2025-09-11T08:34:05Z	2238.00000	1559.43223	1542.65655	1529.48679
2025-09-11T08:34:05Z	2238.00000	1559.43208	1542.65637	1529.48671
2025-09-11T08:34:05Z	2238.00000	1559.43201	1542.65628	1529.48665
2025-09-11T08:34:05Z	2238.00000	1559.43195	1542.65612	1529.48645
2025-09-11T08:34:05Z	2238.00000	1559.43193	1542.65597	1529.48652
2025-09-11T08:34:05Z	2238.00000	1559.43176	1542.65586	1529.48635
2025-09-11T08:34:05Z	2238.00000	1559.43172	1542.65576	1529.48635
2025-09-11T08:34:05Z	2239.00000	1559.43166	1542.65555	1529.48628
2025-09-11T08:34:06Z	2239.00000	1559.43150	1542.65539	1529.48620
2025-09-11T08:34:06Z	2239.00000	1559.43143	1542.65522	1529.48617
2025-09-11T08:34:06Z	2239.00000	1559.43145	1542.65516	1529.48597
2025-09-11T08:34:06Z	2239.00000	1559.43126	1542.65502	1529.48604
2025-09-11T08:34:06Z	2239.00000	1559.43123	1542.65495	1529.48601
2025-09-11T08:34:06Z	2239.00000	1559.43119	1542.65469	1529.48586
2025-09-11T08:34:06Z	2239.00000	1559.43115	1542.65464	1529.48582
