Timestamp	Time [s]	WL 1[nm]	WL 2[nm]	WL 3[nm]	WL 4[nm]	WL 5[nm]	WL 6[nm]	WL 7[nm]	WL 8[nm]	
2025-09-04T12:17:48Z	15153.00000	1554.81301	1537.82751	1524.79813
2025-09-04T12:17:48Z	15153.00000	1554.81310	1537.82759	1524.79810
2025-09-04T12:17:48Z	15153.00000	1554.81335	1537.82761	1524.79800
2025-09-04T12:17:48Z	15153.00000	1554.81298	1537.82744	1524.79789
2025-09-04T12:17:48Z	15153.00000	1554.81323	1537.82748	1524.79805
2025-09-04T12:17:49Z	15154.00000	1554.81310	1537.82747	1524.79808
2025-09-04T12:17:49Z	15154.00000	1554.81303	1537.82774	1524.79800
2025-09-04T12:17:49Z	15154.00000	1554.81320	1537.82745	1524.79782
2025-09-04T12:17:49Z	15154.00000	1554.81285	1537.82753	1524.79801
2025-09-04T12:17:49Z	15154.00000	1554.81298	1537.82741	1524.79794
2025-09-04T12:17:49Z	15154.00000	1554.81298	1537.82742	1524.79808
2025-09-04T12:17:49Z	15154.00000	1554.81332	1537.82759	1524.79808
2025-09-04T12:17:49Z	15154.00000	1554.81322	1537.82741	1524.79768
2025-09-04T12:17:49Z	15154.00000	1554.81270	1537.82743	1524.79787
2025-09-04T12:17:49Z	15154.00000	1554.81346	1537.82741	1524.79784
2025-09-04T12:17:50Z	15155.00000	1554.81279	1537.82744	1524.79796
2025-09-04T12:17:50Z	15155.00000	1554.81317	1537.82748	1524.79789
2025-09-04T12:17:50Z	15155.00000	1554.81335	1537.82756	1524.79790
2025-09-04T12:17:50Z	15155.00000	1554.81271	1537.82735	1524.79780
2025-09-04T12:17:50Z	15155.00000	1554.81301	1537.82731	1524.79796
2025-09-04T12:17:50Z	15155.00000	1554.81306	1537.82736	1524.79786
2025-09-04T12:17:50Z	15155.00000	1554.81311	1537.82728	1524.79788
2025-09-04T12:17:50Z	15155.00000	1554.81273	1537.82753	1524.79799
2025-09-04T12:17:50Z	15155.00000	1554.81251	1537.82739	1524.79784
2025-09-04T12:17:50Z	15155.00000	1554.81341	1537.82762	1524.79791
2025-09-04T12:17:51Z	15156.00000	1554.81301	1537.82746	1524.79775
2025-09-04T12:17:51Z	15156.00000	1554.81328	1537.82732	1524.79799
2025-09-04T12:17:51Z	15156.00000	1554.81285	1537.82740	1524.79793
2025-09-04T12:17:51Z	15156.00000	1554.81275	1537.82749	1524.79780
2025-09-04T12:17:51Z	15156.00000	1554.81306	1537.82725	1524.79793
2025-09-04T12:17:51Z	15156.00000	1554.81297	1537.82744	1524.79778
2025-09-04T12:17:51Z	15156.00000	1554.81314	1537.82734	1524.79763
2025-09-04T12:17:51Z	15156.00000	1554.81312	1537.82729	1524.79761
2025-09-04T12:17:51Z	15156.00000	1554.81270	1537.82737	1524.79775
2025-09-04T12:17:51Z	15156.00000	1554.81317	1537.82735	1524.79779
2025-09-04T12:17:52Z	15157.00000	1554.81274	1537.82746	1524.79762
2025-09-04T12:17:52Z	15157.00000	1554.81293	1537.82760	1524.79774
2025-09-04T12:17:52Z	15157.00000	1554.81340	1537.82737	1524.79773
2025-09-04T12:17:52Z	15157.00000	1554.81307	1537.82749	1524.79769
2025-09-04T12:17:52Z	15157.00000	1554.81290	1537.82743	1524.79772
2025-09-04T12:17:52Z	15157.00000	1554.81325	1537.82731	1524.79768
2025-09-04T12:17:52Z	15157.00000	1554.81281	1537.82734	1524.79778
2025-09-04T12:17:52Z	15157.00000	1554.81275	1537.82742	1524.79773
2025-09-04T12:17:52Z	15157.00000	1554.81296	1537.82747	1524.79794
2025-09-04T12:17:53Z	15158.00000	1554.81359	1537.82739	1524.79789
2025-09-04T12:17:53Z	15158.00000	1554.81281	1537.82727	1524.79783
2025-09-04T12:17:53Z	15158.00000	1554.81313	1537.82745	1524.79781
2025-09-04T12:17:53Z	15158.00000	1554.81314	1537.82720	1524.79780
2025-09-04T12:17:53Z	15158.00000	1554.81272	1537.82751	1524.79760
2025-09-04T12:17:53Z	15158.00000	1554.81279	1537.82732	1524.79783
2025-09-04T12:17:53Z	15158.00000	1554.81273	1537.82730	1524.79790
2025-09-04T12:17:54Z	15159.00000	1554.81294	1537.82721	1524.79765
2025-09-04T12:17:54Z	15159.00000	1554.81279	1537.82745	1524.79774
2025-09-04T12:17:54Z	15159.00000	1554.81307	1537.82730	1524.79782
2025-09-04T12:17:54Z	15159.00000	1554.81314	1537.82727	1524.79777
2025-09-04T12:17:54Z	15159.00000	1554.81287	1537.82726	1524.79758
2025-09-04T12:17:54Z	15159.00000	1554.81304	1537.82743	1524.79782
2025-09-04T12:17:54Z	15159.00000	1554.81278	1537.82744	1524.79785
2025-09-04T12:17:54Z	15159.00000	1554.81343	1537.82732	1524.79779
2025-09-04T12:17:54Z	15159.00000	1554.81317	1537.82732	1524.79762
2025-09-04T12:17:55Z	15160.00000	1554.81262	1537.82729	1524.79772
2025-09-04T12:17:55Z	15160.00000	1554.81298	1537.82732	1524.79761
2025-09-04T12:17:55Z	15160.00000	1554.81308	1537.82726	1524.79777
2025-09-04T12:17:55Z	15160.00000	1554.81318	1537.82741	1524.79766
2025-09-04T12:17:55Z	15160.00000	1554.81320	1537.82717	1524.79797
2025-09-04T12:17:55Z	15160.00000	1554.81276	1537.82730	1524.79742
2025-09-04T12:17:55Z	15160.00000	1554.81290	1537.82704	1524.79761
2025-09-04T12:17:56Z	15161.00000	1554.81255	1537.82731	1524.79763
2025-09-04T12:17:56Z	15161.00000	1554.81309	1537.82719	1524.79784
2025-09-04T12:17:56Z	15161.00000	1554.81315	1537.82717	1524.79782
2025-09-04T12:17:56Z	15161.00000	1554.81289	1537.82708	1524.79764
2025-09-04T12:17:56Z	15161.00000	1554.81317	1537.82701	1524.79766
2025-09-04T12:17:56Z	15161.00000	1554.81299	1537.82713	1524.79762
2025-09-04T12:17:56Z	15161.00000	1554.81311	1537.82719	1524.79752
2025-09-04T12:17:56Z	15161.00000	1554.81276	1537.82697	1524.79753
2025-09-04T12:17:57Z	15162.00000	1554.81272	1537.82726	1524.79767
2025-09-04T12:17:57Z	15162.00000	1554.81241	1537.82744	1524.79762
2025-09-04T12:17:57Z	15162.00000	1554.81307	1537.82702	1524.79755
2025-09-04T12:17:57Z	15162.00000	1554.81274	1537.82725	1524.79751
2025-09-04T12:17:57Z	15162.00000	1554.81287	1537.82710	1524.79770
2025-09-04T12:17:57Z	15162.00000	1554.81271	1537.82720	1524.79738
2025-09-04T12:17:57Z	15162.00000	1554.81261	1537.82713	1524.79748
2025-09-04T12:17:57Z	15162.00000	1554.81279	1537.82711	1524.79745
2025-09-04T12:17:58Z	15163.00000	1554.81269	1537.82707	1524.79775
2025-09-04T12:17:58Z	15163.00000	1554.81281	1537.82706	1524.79766
2025-09-04T12:17:58Z	15163.00000	1554.81287	1537.82725	1524.79761
2025-09-04T12:17:58Z	15163.00000	1554.81264	1537.82714	1524.79752
2025-09-04T12:17:58Z	15163.00000	1554.81253	1537.82726	1524.79769
2025-09-04T12:17:58Z	15163.00000	1554.81293	1537.82716	1524.79756
2025-09-04T12:17:58Z	15163.00000	1554.81273	1537.82708	1524.79758
2025-09-04T12:17:58Z	15163.00000	1554.81256	1537.82720	1524.79758
2025-09-04T12:17:58Z	15163.00000	1554.81265	1537.82702	1524.79777
2025-09-04T12:17:58Z	15163.00000	1554.81289	1537.82709	1524.79739
2025-09-04T12:17:59Z	15164.00000	1554.81267	1537.82718	1524.79753
2025-09-04T12:17:59Z	15164.00000	1554.81276	1537.82705	1524.79741
2025-09-04T12:17:59Z	15164.00000	1554.81276	1537.82728	1524.79748
2025-09-04T12:17:59Z	15164.00000	1554.81298	1537.82704	1524.79767
2025-09-04T12:17:59Z	15164.00000	1554.81300	1537.82727	1524.79735
2025-09-04T12:17:59Z	15164.00000	1554.81251	1537.82714	1524.79754
2025-09-04T12:17:59Z	15164.00000	1554.81255	1537.82706	1524.79769
2025-09-04T12:17:59Z	15164.00000	1554.81276	1537.82698	1524.79743
2025-09-04T12:17:59Z	15164.00000	1554.81252	1537.82709	1524.79732
2025-09-04T12:18:00Z	15165.00000	1554.81279	1537.82711	1524.79751
2025-09-04T12:18:00Z	15165.00000	1554.81252	1537.82698	1524.79746
2025-09-04T12:18:00Z	15165.00000	1554.81263	1537.82704	1524.79751
2025-09-04T12:18:00Z	15165.00000	1554.81284	1537.82708	1524.79764
2025-09-04T12:18:00Z	15165.00000	1554.81287	1537.82706	1524.79743
2025-09-04T12:18:00Z	15165.00000	1554.81251	1537.82699	1524.79721
2025-09-04T12:18:00Z	15165.00000	1554.81285	1537.82701	1524.79754
2025-09-04T12:18:00Z	15165.00000	1554.81291	1537.82707	1524.79741
2025-09-04T12:18:01Z	15166.00000	1554.81301	1537.82708	1524.79746
2025-09-04T12:18:01Z	15166.00000	1554.81230	1537.82700	1524.79739
2025-09-04T12:18:01Z	15166.00000	1554.82181	1537.83758	1524.80134
2025-09-04T12:18:01Z	15166.00000	1555.01582	1538.13907	1525.00007
2025-09-04T12:18:01Z	15166.00000	1555.19894	1538.41996	1525.17470
2025-09-04T12:18:01Z	15166.00000	1555.36714	1538.65952	1525.32337
2025-09-04T12:18:01Z	15166.00000	1555.53582	1538.90894	1525.47883
2025-09-04T12:18:01Z	15166.00000	1555.68771	1539.11059	1525.60399
2025-09-04T12:18:01Z	15166.00000	1555.85010	1539.33138	1525.74804
2025-09-04T12:18:01Z	15166.00000	1555.96451	1539.50847	1525.85791
2025-09-04T12:18:02Z	15167.00000	1556.11253	1539.73330	1526.00027
2025-09-04T12:18:02Z	15167.00000	1556.21950	1539.90800	1526.11212
2025-09-04T12:18:02Z	15167.00000	1556.39109	1540.16530	1526.27028
2025-09-04T12:18:02Z	15167.00000	1556.51440	1540.30544	1526.35814
2025-09-04T12:18:02Z	15167.00000	1556.67611	1540.54414	1526.50590
2025-09-04T12:18:02Z	15167.00000	1556.72921	1540.65719	1526.57377
2025-09-04T12:18:02Z	15167.00000	1556.86164	1540.82826	1526.68127
2025-09-04T12:18:03Z	15168.00000	1556.90638	1540.91721	1526.73393
2025-09-04T12:18:03Z	15168.00000	1556.96351	1540.98119	1526.77264
2025-09-04T12:18:03Z	15168.00000	1557.03592	1541.09249	1526.84126
2025-09-04T12:18:03Z	15168.00000	1557.04881	1541.13085	1526.86480
2025-09-04T12:18:03Z	15168.00000	1557.07628	1541.17050	1526.88933
2025-09-04T12:18:03Z	15168.00000	1557.10767	1541.20465	1526.90978
2025-09-04T12:18:03Z	15168.00000	1557.13824	1541.23959	1526.93010
2025-09-04T12:18:03Z	15168.00000	1557.16404	1541.26911	1526.94733
2025-09-04T12:18:04Z	15169.00000	1557.18990	1541.31251	1526.97326
2025-09-04T12:18:04Z	15169.00000	1557.19942	1541.32734	1526.98223
2025-09-04T12:18:04Z	15169.00000	1557.20352	1541.34018	1526.99020
2025-09-04T12:18:04Z	15169.00000	1557.20699	1541.35073	1526.99677
2025-09-04T12:18:04Z	15169.00000	1557.21017	1541.36201	1527.00394
2025-09-04T12:18:04Z	15169.00000	1557.21236	1541.36783	1527.00791
2025-09-04T12:18:04Z	15169.00000	1557.21515	1541.37577	1527.01300
2025-09-04T12:18:04Z	15169.00000	1557.21838	1541.38274	1527.01727
2025-09-04T12:18:04Z	15169.00000	1557.22016	1541.38685	1527.01998
2025-09-04T12:18:04Z	15169.00000	1557.22301	1541.39159	1527.02269
2025-09-04T12:18:05Z	15170.00000	1557.22600	1541.39645	1527.02587
2025-09-04T12:18:05Z	15170.00000	1556.77653	1540.72085	1526.59854
2025-09-04T12:18:05Z	15170.00000	1555.72068	1539.18886	1525.64867
2025-09-04T12:18:05Z	15170.00000	1555.52579	1538.89169	1525.46258
2025-09-04T12:18:05Z	15170.00000	1555.37311	1538.68034	1525.33318
2025-09-04T12:18:05Z	15170.00000	1555.18010	1538.37400	1525.14072
2025-09-04T12:18:05Z	15170.00000	1555.05932	1538.21716	1525.04070
2025-09-04T12:18:05Z	15170.00000	1554.98136	1538.07474	1524.95273
2025-09-04T12:18:05Z	15170.00000	1554.86326	1537.93287	1524.86136
2025-09-04T12:18:06Z	15171.00000	1554.83215	1537.85763	1524.81314
2025-09-04T12:18:06Z	15171.00000	1554.82897	1537.85470	1524.81145
2025-09-04T12:18:06Z	15171.00000	1554.82674	1537.85307	1524.81102
2025-09-04T12:18:06Z	15171.00000	1554.82729	1537.85149	1524.81055
2025-09-04T12:18:06Z	15171.00000	1554.82748	1537.85047	1524.80984
2025-09-04T12:18:06Z	15171.00000	1554.82699	1537.84962	1524.80903
2025-09-04T12:18:06Z	15171.00000	1554.82650	1537.84877	1524.80870
2025-09-04T12:18:06Z	15171.00000	1554.82623	1537.84818	1524.80842
2025-09-04T12:18:06Z	15171.00000	1554.82529	1537.84742	1524.80847
2025-09-04T12:18:06Z	15171.00000	1554.82513	1537.84680	1524.80820
2025-09-04T12:18:07Z	15172.00000	1554.82377	1537.84624	1524.80764
2025-09-04T12:18:07Z	15172.00000	1554.82359	1537.84576	1524.80711
2025-09-04T12:18:07Z	15172.00000	1554.82367	1537.84523	1524.80702
2025-09-04T12:18:07Z	15172.00000	1554.82324	1537.84483	1524.80679
2025-09-04T12:18:07Z	15172.00000	1554.82292	1537.84434	1524.80673
2025-09-04T12:18:07Z	15172.00000	1554.82277	1537.84396	1524.80658
2025-09-04T12:18:07Z	15172.00000	1554.82259	1537.84364	1524.80624
2025-09-04T12:18:07Z	15172.00000	1554.82238	1537.84312	1524.80607
2025-09-04T12:18:07Z	15172.00000	1554.82292	1537.84291	1524.80584
2025-09-04T12:18:07Z	15172.00000	1554.82278	1537.84262	1524.80582
2025-09-04T12:18:08Z	15173.00000	1554.82291	1537.84216	1524.80537
2025-09-04T12:18:08Z	15173.00000	1554.82262	1537.84197	1524.80537
2025-09-04T12:18:08Z	15173.00000	1554.82227	1537.84161	1524.80504
2025-09-04T12:18:08Z	15173.00000	1554.82253	1537.84138	1524.80490
2025-09-04T12:18:08Z	15173.00000	1554.82180	1537.84118	1524.80501
2025-09-04T12:18:08Z	15173.00000	1554.82150	1537.84090	1524.80484
2025-09-04T12:18:08Z	15173.00000	1554.82210	1537.84071	1524.80455
2025-09-04T12:18:08Z	15173.00000	1554.82163	1537.84043	1524.80440
2025-09-04T12:18:08Z	15173.00000	1554.82165	1537.84014	1524.80436
2025-09-04T12:18:08Z	15173.00000	1554.82133	1537.84010	1524.80418
2025-09-04T12:18:09Z	15174.00000	1554.82120	1537.83964	1524.80419
2025-09-04T12:18:09Z	15174.00000	1554.82115	1537.83963	1524.80400
2025-09-04T12:18:09Z	15174.00000	1554.82010	1537.83912	1524.80381
2025-09-04T12:18:09Z	15174.00000	1554.82092	1537.83933	1524.80358
2025-09-04T12:18:09Z	15174.00000	1554.82038	1537.83885	1524.80395
2025-09-04T12:18:09Z	15174.00000	1554.82070	1537.83890	1524.80383
2025-09-04T12:18:09Z	15174.00000	1554.82035	1537.83860	1524.80346
2025-09-04T12:18:09Z	15174.00000	1554.82018	1537.83855	1524.80341
2025-09-04T12:18:09Z	15174.00000	1554.81991	1537.83807	1524.80349
2025-09-04T12:18:10Z	15175.00000	1554.81999	1537.83783	1524.80333
2025-09-04T12:18:10Z	15175.00000	1554.89427	1537.96595	1524.88589
2025-09-04T12:18:10Z	15175.00000	1555.02796	1538.17135	1525.01986
2025-09-04T12:18:10Z	15175.00000	1555.21968	1538.45222	1525.19577
2025-09-04T12:18:10Z	15175.00000	1555.38387	1538.68833	1525.34101
2025-09-04T12:18:10Z	15175.00000	1555.60062	1538.98523	1525.52463
2025-09-04T12:18:10Z	15175.00000	1555.73130	1539.18641	1525.64967
2025-09-04T12:18:10Z	15175.00000	1555.85604	1539.34409	1525.75333
2025-09-04T12:18:10Z	15175.00000	1555.97751	1539.51975	1525.86091
2025-09-04T12:18:10Z	15175.00000	1556.10441	1539.71849	1525.98574
2025-09-04T12:18:11Z	15176.00000	1556.20654	1539.87872	1526.08838
2025-09-04T12:18:11Z	15176.00000	1556.33318	1540.03310	1526.18125
2025-09-04T12:18:11Z	15176.00000	1556.40495	1540.17393	1526.26928
2025-09-04T12:18:11Z	15176.00000	1556.51537	1540.29804	1526.34775
2025-09-04T12:18:11Z	15176.00000	1556.59073	1540.43876	1526.43209
2025-09-04T12:18:11Z	15176.00000	1556.68834	1540.55255	1526.50474
2025-09-04T12:18:11Z	15176.00000	1556.73742	1540.65680	1526.56754
2025-09-04T12:18:11Z	15176.00000	1556.83208	1540.76633	1526.63480
2025-09-04T12:18:11Z	15176.00000	1556.88098	1540.86828	1526.69910
2025-09-04T12:18:11Z	15176.00000	1556.94008	1540.94268	1526.74278
2025-09-04T12:18:12Z	15177.00000	1556.99986	1541.00962	1526.78364
2025-09-04T12:18:12Z	15177.00000	1557.03963	1541.09137	1526.83360
2025-09-04T12:18:12Z	15177.00000	1557.06198	1541.14005	1526.86390
2025-09-04T12:18:12Z	15177.00000	1557.09399	1541.17697	1526.88686
2025-09-04T12:18:12Z	15177.00000	1557.12330	1541.20933	1526.90634
2025-09-04T12:18:12Z	15177.00000	1557.16067	1541.25122	1526.93038
2025-09-04T12:18:12Z	15177.00000	1557.18723	1541.28533	1526.94986
2025-09-04T12:18:12Z	15177.00000	1557.19664	1541.30559	1526.96182
2025-09-04T12:18:12Z	15177.00000	1557.20333	1541.32626	1526.97467
2025-09-04T12:18:12Z	15177.00000	1557.20973	1541.34639	1526.98739
2025-09-04T12:18:13Z	15178.00000	1557.21457	1541.35984	1526.99604
2025-09-04T12:18:13Z	15178.00000	1557.21967	1541.37177	1527.00371
2025-09-04T12:18:13Z	15178.00000	1557.22638	1541.38341	1527.01094
2025-09-04T12:18:13Z	15178.00000	1557.23304	1541.39166	1527.01632
2025-09-04T12:18:13Z	15178.00000	1557.24055	1541.39920	1527.02112
2025-09-04T12:18:13Z	15178.00000	1557.24387	1541.40606	1527.02557
2025-09-04T12:18:13Z	15178.00000	1557.25113	1541.41325	1527.02961
2025-09-04T12:18:13Z	15178.00000	1557.25583	1541.41810	1527.03262
2025-09-04T12:18:13Z	15178.00000	1557.25987	1541.42262	1527.03552
2025-09-04T12:18:13Z	15178.00000	1557.26347	1541.42728	1527.03825
2025-09-04T12:18:14Z	15179.00000	1557.26640	1541.43037	1527.04024
2025-09-04T12:18:14Z	15179.00000	1556.00854	1539.57229	1525.87979
2025-09-04T12:18:14Z	15179.00000	1555.74129	1539.20781	1525.65923
2025-09-04T12:18:14Z	15179.00000	1555.52983	1538.89860	1525.46438
2025-09-04T12:18:14Z	15179.00000	1555.36244	1538.65528	1525.31464
2025-09-04T12:18:14Z	15179.00000	1555.25764	1538.49475	1525.21436
2025-09-04T12:18:14Z	15179.00000	1555.14900	1538.31979	1525.10470
2025-09-04T12:18:14Z	15179.00000	1555.00836	1538.11713	1524.97982
2025-09-04T12:18:14Z	15179.00000	1554.90979	1537.98900	1524.89767
2025-09-04T12:18:14Z	15179.00000	1554.83547	1537.86992	1524.82225
2025-09-04T12:18:15Z	15180.00000	1554.83219	1537.86160	1524.81628
2025-09-04T12:18:15Z	15180.00000	1554.83219	1537.85822	1524.81420
2025-09-04T12:18:15Z	15180.00000	1554.83065	1537.85678	1524.81387
2025-09-04T12:18:15Z	15180.00000	1554.83004	1537.85509	1524.81291
2025-09-04T12:18:15Z	15180.00000	1554.82969	1537.85399	1524.81211
2025-09-04T12:18:15Z	15180.00000	1554.82953	1537.85372	1524.81213
2025-09-04T12:18:15Z	15180.00000	1554.82942	1537.85273	1524.81138
2025-09-04T12:18:15Z	15180.00000	1554.82879	1537.85206	1524.81109
2025-09-04T12:18:15Z	15180.00000	1554.82586	1537.85098	1524.81100
2025-09-04T12:18:15Z	15180.00000	1554.82750	1537.85034	1524.81047
2025-09-04T12:18:16Z	15181.00000	1554.82738	1537.84960	1524.80997
2025-09-04T12:18:16Z	15181.00000	1554.82744	1537.84936	1524.80978
2025-09-04T12:18:16Z	15181.00000	1554.82680	1537.84873	1524.80926
2025-09-04T12:18:16Z	15181.00000	1554.82630	1537.84828	1524.80917
2025-09-04T12:18:16Z	15181.00000	1554.82637	1537.84777	1524.80914
2025-09-04T12:18:16Z	15181.00000	1554.82612	1537.84736	1524.80886
2025-09-04T12:18:16Z	15181.00000	1554.82554	1537.84699	1524.80855
2025-09-04T12:18:16Z	15181.00000	1554.82422	1537.84702	1524.80876
2025-09-04T12:18:16Z	15181.00000	1554.82488	1537.84626	1524.80826
2025-09-04T12:18:16Z	15181.00000	1554.82390	1537.84595	1524.80748
2025-09-04T12:18:17Z	15182.00000	1554.82472	1537.84560	1524.80764
2025-09-04T12:18:17Z	15182.00000	1554.82465	1537.84523	1524.80753
2025-09-04T12:18:17Z	15182.00000	1554.82449	1537.84482	1524.80744
2025-09-04T12:18:17Z	15182.00000	1554.82311	1537.84441	1524.80727
2025-09-04T12:18:17Z	15182.00000	1554.82301	1537.84428	1524.80719
2025-09-04T12:18:17Z	15182.00000	1554.82293	1537.84390	1524.80687
2025-09-04T12:18:17Z	15182.00000	1554.82274	1537.84384	1524.80669
2025-09-04T12:18:17Z	15182.00000	1554.82285	1537.84354	1524.80664
2025-09-04T12:18:17Z	15182.00000	1554.82244	1537.84333	1524.80651
2025-09-04T12:18:17Z	15182.00000	1554.82239	1537.84292	1524.80634
2025-09-04T12:18:18Z	15183.00000	1554.82224	1537.84262	1524.80628
2025-09-04T12:18:18Z	15183.00000	1554.82224	1537.84234	1524.80603
2025-09-04T12:18:18Z	15183.00000	1554.82195	1537.84218	1524.80603
2025-09-04T12:18:18Z	15183.00000	1554.82186	1537.84213	1524.80595
2025-09-04T12:18:18Z	15183.00000	1554.82207	1537.84194	1524.80586
2025-09-04T12:18:18Z	15183.00000	1554.82289	1537.84187	1524.80557
2025-09-04T12:18:18Z	15183.00000	1554.82269	1537.84152	1524.80552
2025-09-04T12:18:18Z	15183.00000	1554.82270	1537.84140	1524.80549
2025-09-04T12:18:18Z	15183.00000	1554.82269	1537.84115	1524.80551
2025-09-04T12:18:18Z	15183.00000	1554.82205	1537.84085	1524.80524
2025-09-04T12:18:19Z	15184.00000	1554.82262	1537.84083	1524.80523
2025-09-04T12:18:19Z	15184.00000	1554.89695	1537.97084	1524.89331
2025-09-04T12:18:19Z	15184.00000	1555.14544	1538.30799	1525.09984
2025-09-04T12:18:19Z	15184.00000	1555.32811	1538.57328	1525.26639
2025-09-04T12:18:19Z	15184.00000	1555.48616	1538.80034	1525.40571
2025-09-04T12:18:19Z	15184.00000	1555.62976	1539.01239	1525.54019
2025-09-04T12:18:19Z	15184.00000	1555.79125	1539.24457	1525.68569
2025-09-04T12:18:19Z	15184.00000	1555.91342	1539.43395	1525.80608
2025-09-04T12:18:19Z	15184.00000	1556.03157	1539.60936	1525.91260
2025-09-04T12:18:19Z	15184.00000	1556.18331	1539.80169	1526.03534
2025-09-04T12:18:20Z	15185.00000	1556.27422	1539.95495	1526.13126
2025-09-04T12:18:20Z	15185.00000	1556.36880	1540.10034	1526.21784
2025-09-04T12:18:20Z	15185.00000	1556.47302	1540.23800	1526.30524
2025-09-04T12:18:20Z	15185.00000	1556.56832	1540.40111	1526.40373
2025-09-04T12:18:20Z	15185.00000	1556.68659	1540.53630	1526.48948
2025-09-04T12:18:20Z	15185.00000	1556.73848	1540.64363	1526.55423
2025-09-04T12:18:20Z	15185.00000	1556.80919	1540.72526	1526.60308
2025-09-04T12:18:20Z	15185.00000	1556.87159	1540.82770	1526.66850
2025-09-04T12:18:20Z	15185.00000	1556.91129	1540.89512	1526.70948
2025-09-04T12:18:20Z	15185.00000	1556.98756	1540.98110	1526.76053
2025-09-04T12:18:21Z	15186.00000	1557.03050	1541.04554	1526.79990
2025-09-04T12:18:21Z	15186.00000	1557.04987	1541.10473	1526.83620
2025-09-04T12:18:21Z	15186.00000	1557.09500	1541.16220	1526.87185
2025-09-04T12:18:21Z	15186.00000	1557.13367	1541.20521	1526.89813
2025-09-04T12:18:21Z	15186.00000	1557.17221	1541.24851	1526.92366
2025-09-04T12:18:21Z	15186.00000	1557.19286	1541.27994	1526.94134
2025-09-04T12:18:21Z	15186.00000	1557.20249	1541.30718	1526.95735
2025-09-04T12:18:21Z	15186.00000	1557.20956	1541.32852	1526.97019
2025-09-04T12:18:21Z	15186.00000	1557.21588	1541.34676	1526.98170
2025-09-04T12:18:21Z	15186.00000	1557.22519	1541.36455	1526.99307
2025-09-04T12:18:22Z	15187.00000	1557.23800	1541.37745	1527.00135
2025-09-04T12:18:22Z	15187.00000	1557.24396	1541.38832	1527.00844
2025-09-04T12:18:22Z	15187.00000	1557.25457	1541.39958	1527.01528
2025-09-04T12:18:22Z	15187.00000	1557.26365	1541.40928	1527.02155
2025-09-04T12:18:22Z	15187.00000	1557.26804	1541.41485	1527.02492
2025-09-04T12:18:22Z	15187.00000	1557.27415	1541.42122	1527.02900
2025-09-04T12:18:22Z	15187.00000	1557.27939	1541.42752	1527.03296
2025-09-04T12:18:22Z	15187.00000	1557.28371	1541.43239	1527.03576
2025-09-04T12:18:22Z	15187.00000	1557.28760	1541.43653	1527.03859
2025-09-04T12:18:22Z	15187.00000	1557.29078	1541.44040	1527.04060
2025-09-04T12:18:23Z	15188.00000	1557.23517	1541.37011	1527.00160
2025-09-04T12:18:23Z	15188.00000	1555.91123	1539.43693	1525.79258
2025-09-04T12:18:23Z	15188.00000	1555.65018	1539.04114	1525.55082
2025-09-04T12:18:23Z	15188.00000	1555.51124	1538.84274	1525.42778
2025-09-04T12:18:23Z	15188.00000	1555.34544	1538.60526	1525.28118
2025-09-04T12:18:23Z	15188.00000	1555.20030	1538.42260	1525.16821
2025-09-04T12:18:23Z	15188.00000	1555.07264	1538.22915	1525.04661
2025-09-04T12:18:23Z	15188.00000	1554.98652	1538.07910	1524.95463
2025-09-04T12:18:23Z	15188.00000	1554.87263	1537.94442	1524.86899
2025-09-04T12:18:23Z	15188.00000	1554.83315	1537.86108	1524.81422
2025-09-04T12:18:24Z	15189.00000	1554.82910	1537.85962	1524.81488
2025-09-04T12:18:24Z	15189.00000	1554.83326	1537.86007	1524.81557
2025-09-04T12:18:24Z	15189.00000	1554.83258	1537.85847	1524.81553
2025-09-04T12:18:24Z	15189.00000	1554.83129	1537.85720	1524.81524
2025-09-04T12:18:24Z	15189.00000	1554.83143	1537.85592	1524.81349
2025-09-04T12:18:24Z	15189.00000	1554.82826	1537.85479	1524.81318
2025-09-04T12:18:24Z	15189.00000	1554.82899	1537.85417	1524.81280
2025-09-04T12:18:24Z	15189.00000	1554.82977	1537.85344	1524.81278
2025-09-04T12:18:24Z	15189.00000	1554.82930	1537.85263	1524.81254
2025-09-04T12:18:24Z	15189.00000	1554.82787	1537.85190	1524.81167
2025-09-04T12:18:25Z	15190.00000	1554.82863	1537.85144	1524.81123
2025-09-04T12:18:25Z	15190.00000	1554.82776	1537.85097	1524.81125
2025-09-04T12:18:25Z	15190.00000	1554.82769	1537.85037	1524.81094
2025-09-04T12:18:25Z	15190.00000	1554.82688	1537.84971	1524.81049
2025-09-04T12:18:25Z	15190.00000	1554.82753	1537.84948	1524.81028
2025-09-04T12:18:25Z	15190.00000	1554.82670	1537.84891	1524.81004
2025-09-04T12:18:25Z	15190.00000	1554.82535	1537.84864	1524.81030
2025-09-04T12:18:25Z	15190.00000	1554.82690	1537.84824	1524.81030
2025-09-04T12:18:25Z	15190.00000	1554.82612	1537.84765	1524.80938
2025-09-04T12:18:25Z	15190.00000	1554.82635	1537.84746	1524.80947
2025-09-04T12:18:26Z	15191.00000	1554.82609	1537.84713	1524.80939
2025-09-04T12:18:26Z	15191.00000	1554.82567	1537.84700	1524.80896
2025-09-04T12:18:26Z	15191.00000	1554.82578	1537.84648	1524.80883
2025-09-04T12:18:26Z	15191.00000	1554.82556	1537.84641	1524.80885
2025-09-04T12:18:26Z	15191.00000	1554.82520	1537.84586	1524.80869
2025-09-04T12:18:26Z	15191.00000	1554.82505	1537.84578	1524.80832
2025-09-04T12:18:26Z	15191.00000	1554.82394	1537.84551	1524.80825
2025-09-04T12:18:26Z	15191.00000	1554.82496	1537.84494	1524.80790
2025-09-04T12:18:26Z	15191.00000	1554.82378	1537.84482	1524.80808
2025-09-04T12:18:26Z	15191.00000	1554.82446	1537.84458	1524.80785
2025-09-04T12:18:27Z	15192.00000	1554.82448	1537.84426	1524.80789
2025-09-04T12:18:27Z	15192.00000	1554.82330	1537.84432	1524.80766
2025-09-04T12:18:27Z	15192.00000	1554.82320	1537.84384	1524.80737
2025-09-04T12:18:27Z	15192.00000	1554.82325	1537.84340	1524.80743
2025-09-04T12:18:27Z	15192.00000	1554.82276	1537.84351	1524.80726
2025-09-04T12:18:27Z	15192.00000	1554.82309	1537.84333	1524.80709
2025-09-04T12:18:27Z	15192.00000	1554.82276	1537.84292	1524.80707
2025-09-04T12:18:27Z	15192.00000	1554.82252	1537.84294	1524.80702
2025-09-04T12:18:27Z	15192.00000	1554.82234	1537.84262	1524.80672
2025-09-04T12:18:28Z	15192.00000	1554.82349	1537.84250	1524.80666
2025-09-04T12:18:28Z	15193.00000	1554.82230	1537.84232	1524.80671
2025-09-04T12:18:28Z	15193.00000	1554.89470	1537.96228	1524.87845
2025-09-04T12:18:28Z	15193.00000	1555.01033	1538.11775	1524.98643
2025-09-04T12:18:28Z	15193.00000	1555.16523	1538.33415	1525.11802
2025-09-04T12:18:28Z	15193.00000	1555.34582	1538.60022	1525.28275
2025-09-04T12:18:28Z	15193.00000	1555.54353	1538.90638	1525.46979
2025-09-04T12:18:28Z	15193.00000	1555.69335	1539.11085	1525.59746
2025-09-04T12:18:28Z	15193.00000	1555.82121	1539.27063	1525.70013
2025-09-04T12:18:28Z	15193.00000	1555.93931	1539.45666	1525.81677
2025-09-04T12:18:28Z	15193.00000	1556.06575	1539.65910	1525.93984
2025-09-04T12:18:29Z	15194.00000	1556.19357	1539.81975	1526.04262
2025-09-04T12:18:29Z	15194.00000	1556.33919	1540.02324	1526.16728
2025-09-04T12:18:29Z	15194.00000	1556.44228	1540.19184	1526.27099
2025-09-04T12:18:29Z	15194.00000	1556.52146	1540.29857	1526.33917
2025-09-04T12:18:29Z	15194.00000	1556.61810	1540.44396	1526.42545
2025-09-04T12:18:29Z	15194.00000	1556.69346	1540.53843	1526.48560
2025-09-04T12:18:29Z	15194.00000	1556.75701	1540.65028	1526.55294
2025-09-04T12:18:29Z	15194.00000	1556.85235	1540.76443	1526.62279
2025-09-04T12:18:29Z	15194.00000	1556.89747	1540.86262	1526.68527
2025-09-04T12:18:29Z	15194.00000	1556.95405	1540.92778	1526.72389
2025-09-04T12:18:30Z	15195.00000	1557.01274	1540.99916	1526.76652
2025-09-04T12:18:30Z	15195.00000	1557.04465	1541.07421	1526.81216
2025-09-04T12:18:30Z	15195.00000	1557.08229	1541.13117	1526.84748
2025-09-04T12:18:30Z	15195.00000	1557.12689	1541.17981	1526.87784
2025-09-04T12:18:30Z	15195.00000	1557.16497	1541.22176	1526.90286
2025-09-04T12:18:30Z	15195.00000	1557.19426	1541.26409	1526.92740
2025-09-04T12:18:30Z	15195.00000	1557.20602	1541.29925	1526.94744
2025-09-04T12:18:30Z	15195.00000	1557.21266	1541.31970	1526.95961
2025-09-04T12:18:30Z	15195.00000	1557.22615	1541.34051	1526.97255
2025-09-04T12:18:30Z	15195.00000	1557.23631	1541.36083	1526.98548
2025-09-04T12:18:31Z	15196.00000	1557.25144	1541.37807	1526.99591
2025-09-04T12:18:31Z	15196.00000	1557.26130	1541.38790	1527.00313
2025-09-04T12:18:31Z	15196.00000	1557.27283	1541.40078	1527.01080
2025-09-04T12:18:31Z	15196.00000	1557.28033	1541.40988	1527.01644
2025-09-04T12:18:31Z	15196.00000	1557.28756	1541.41759	1527.02121
2025-09-04T12:18:31Z	15196.00000	1557.29488	1541.42601	1527.02648
2025-09-04T12:18:31Z	15196.00000	1557.30032	1541.43210	1527.03015
2025-09-04T12:18:31Z	15196.00000	1557.30496	1541.43776	1527.03377
2025-09-04T12:18:31Z	15196.00000	1557.30970	1541.44243	1527.03653
2025-09-04T12:18:31Z	15196.00000	1557.31432	1541.44736	1527.03971
2025-09-04T12:18:32Z	15197.00000	1557.31803	1541.45123	1527.04205
2025-09-04T12:18:32Z	15197.00000	1556.99235	1540.97290	1526.74594
2025-09-04T12:18:32Z	15197.00000	1555.87129	1539.37804	1525.75449
2025-09-04T12:18:32Z	15197.00000	1555.62998	1539.01467	1525.53262
2025-09-04T12:18:32Z	15197.00000	1555.48775	1538.80421	1525.40312
2025-09-04T12:18:32Z	15197.00000	1555.34533	1538.60069	1525.27752
2025-09-04T12:18:32Z	15197.00000	1555.18671	1538.38742	1525.14618
2025-09-04T12:18:32Z	15197.00000	1555.07005	1538.22529	1525.04441
2025-09-04T12:18:32Z	15197.00000	1554.98390	1538.07414	1524.95165
2025-09-04T12:18:32Z	15197.00000	1554.85865	1537.92377	1524.85612
2025-09-04T12:18:33Z	15198.00000	1554.83246	1537.86053	1524.81495
2025-09-04T12:18:33Z	15198.00000	1554.83401	1537.86063	1524.81455
2025-09-04T12:18:33Z	15198.00000	1554.83432	1537.86103	1524.81675
2025-09-04T12:18:33Z	15198.00000	1554.83220	1537.85896	1524.81708
2025-09-04T12:18:33Z	15198.00000	1554.83219	1537.85751	1524.81512
2025-09-04T12:18:33Z	15198.00000	1554.83129	1537.85620	1524.81427
2025-09-04T12:18:33Z	15198.00000	1554.83055	1537.85548	1524.81392
2025-09-04T12:18:33Z	15198.00000	1554.83059	1537.85449	1524.81345
2025-09-04T12:18:33Z	15198.00000	1554.82990	1537.85389	1524.81369
2025-09-04T12:18:33Z	15198.00000	1554.82991	1537.85324	1524.81290
2025-09-04T12:18:34Z	15199.00000	1554.82969	1537.85279	1524.81251
2025-09-04T12:18:34Z	15199.00000	1554.82828	1537.85227	1524.81227
2025-09-04T12:18:34Z	15199.00000	1554.82899	1537.85153	1524.81214
2025-09-04T12:18:34Z	15199.00000	1554.82645	1537.85118	1524.81192
2025-09-04T12:18:34Z	15199.00000	1554.82583	1537.85062	1524.81156
2025-09-04T12:18:34Z	15199.00000	1554.82601	1537.84999	1524.81106
2025-09-04T12:18:34Z	15199.00000	1554.82805	1537.84972	1524.81091
2025-09-04T12:18:34Z	15199.00000	1554.82574	1537.84917	1524.81064
2025-09-04T12:18:34Z	15199.00000	1554.82758	1537.84912	1524.81055
2025-09-04T12:18:34Z	15199.00000	1554.82724	1537.84840	1524.81049
2025-09-04T12:18:35Z	15200.00000	1554.82690	1537.84808	1524.81025
2025-09-04T12:18:35Z	15200.00000	1554.82498	1537.84778	1524.80987
2025-09-04T12:18:35Z	15200.00000	1554.82685	1537.84746	1524.80982
2025-09-04T12:18:35Z	15200.00000	1554.82619	1537.84692	1524.80957
2025-09-04T12:18:35Z	15200.00000	1554.82600	1537.84680	1524.80953
2025-09-04T12:18:35Z	15200.00000	1554.82605	1537.84668	1524.80963
2025-09-04T12:18:35Z	15200.00000	1554.82598	1537.84645	1524.80939
2025-09-04T12:18:35Z	15200.00000	1554.82553	1537.84603	1524.80911
2025-09-04T12:18:35Z	15200.00000	1554.82499	1537.84573	1524.80881
2025-09-04T12:18:36Z	15200.00000	1554.82503	1537.84509	1524.80852
2025-09-04T12:18:36Z	15201.00000	1554.82470	1537.84497	1524.80844
2025-09-04T12:18:36Z	15201.00000	1554.82377	1537.84481	1524.80839
2025-09-04T12:18:36Z	15201.00000	1554.82374	1537.84476	1524.80829
2025-09-04T12:18:36Z	15201.00000	1554.82356	1537.84424	1524.80807
2025-09-04T12:18:36Z	15201.00000	1554.82312	1537.84404	1524.80804
2025-09-04T12:18:36Z	15201.00000	1554.82427	1537.84396	1524.80779
2025-09-04T12:18:36Z	15201.00000	1554.82300	1537.84340	1524.80771
2025-09-04T12:18:36Z	15201.00000	1554.82407	1537.84334	1524.80775
2025-09-04T12:18:37Z	15202.00000	1554.82279	1537.84325	1524.80745
2025-09-04T12:18:37Z	15202.00000	1554.88917	1537.96145	1524.88362
2025-09-04T12:18:37Z	15202.00000	1555.06718	1538.21763	1525.04327
2025-09-04T12:18:37Z	15202.00000	1555.26455	1538.49081	1525.21468
2025-09-04T12:18:37Z	15202.00000	1555.43285	1538.73108	1525.36173
2025-09-04T12:18:37Z	15202.00000	1555.61508	1538.98707	1525.52108
2025-09-04T12:18:37Z	15202.00000	1555.77873	1539.21915	1525.66490
2025-09-04T12:18:37Z	15202.00000	1555.87750	1539.37677	1525.76510
2025-09-04T12:18:37Z	15202.00000	1556.01846	1539.55665	1525.87315
2025-09-04T12:18:37Z	15202.00000	1556.15682	1539.75201	1525.99588
2025-09-04T12:18:38Z	15203.00000	1556.26958	1539.93309	1526.11000
2025-09-04T12:18:38Z	15203.00000	1556.45947	1540.20448	1526.27430
2025-09-04T12:18:38Z	15203.00000	1556.54799	1540.35131	1526.36533
2025-09-04T12:18:38Z	15203.00000	1556.67089	1540.49179	1526.45154
2025-09-04T12:18:38Z	15203.00000	1556.74085	1540.62260	1526.53247
2025-09-04T12:18:38Z	15203.00000	1556.83119	1540.72549	1526.59328
2025-09-04T12:18:38Z	15203.00000	1556.88742	1540.83269	1526.66112
2025-09-04T12:18:38Z	15203.00000	1556.96472	1540.92797	1526.71852
2025-09-04T12:18:38Z	15203.00000	1557.01372	1540.98934	1526.75585
2025-09-04T12:18:39Z	15204.00000	1557.03957	1541.04590	1526.78901
2025-09-04T12:18:39Z	15204.00000	1557.08237	1541.11926	1526.83349
2025-09-04T12:18:39Z	15204.00000	1557.13092	1541.16967	1526.86654
2025-09-04T12:18:39Z	15204.00000	1557.19618	1541.25534	1526.91594
2025-09-04T12:18:39Z	15204.00000	1557.21040	1541.29906	1526.94141
2025-09-04T12:18:39Z	15204.00000	1557.22041	1541.32286	1526.95645
2025-09-04T12:18:39Z	15204.00000	1557.25046	1541.36112	1526.97963
2025-09-04T12:18:39Z	15204.00000	1557.26780	1541.37979	1526.99167
2025-09-04T12:18:40Z	15205.00000	1557.27996	1541.39369	1527.00033
2025-09-04T12:18:40Z	15205.00000	1557.29250	1541.40650	1527.00873
2025-09-04T12:18:40Z	15205.00000	1557.30092	1541.41675	1527.01477
2025-09-04T12:18:40Z	15205.00000	1557.31591	1541.43364	1527.02537
2025-09-04T12:18:40Z	15205.00000	1557.32230	1541.44023	1527.02928
2025-09-04T12:18:40Z	15205.00000	1557.32937	1541.44718	1527.03356
2025-09-04T12:18:40Z	15205.00000	1557.33375	1541.45277	1527.03726
2025-09-04T12:18:40Z	15205.00000	1557.33779	1541.45752	1527.04007
2025-09-04T12:18:41Z	15206.00000	1557.34231	1541.46460	1527.04450
2025-09-04T12:18:41Z	15206.00000	1556.02810	1539.59186	1525.88379
2025-09-04T12:18:41Z	15206.00000	1555.55829	1538.92943	1525.47922
2025-09-04T12:18:41Z	15206.00000	1555.41637	1538.71706	1525.34971
2025-09-04T12:18:41Z	15206.00000	1555.26373	1538.49220	1525.21049
2025-09-04T12:18:41Z	15206.00000	1555.13075	1538.29250	1525.08602
2025-09-04T12:18:41Z	15206.00000	1555.01696	1538.13781	1524.99230
2025-09-04T12:18:41Z	15206.00000	1554.90645	1537.98194	1524.89370
2025-09-04T12:18:41Z	15206.00000	1554.83643	1537.86735	1524.82178
2025-09-04T12:18:42Z	15207.00000	1554.83444	1537.86155	1524.81644
2025-09-04T12:18:42Z	15207.00000	1554.83354	1537.86065	1524.81662
2025-09-04T12:18:42Z	15207.00000	1554.82984	1537.85993	1524.81709
2025-09-04T12:18:42Z	15207.00000	1554.83269	1537.85848	1524.81613
2025-09-04T12:18:42Z	15207.00000	1554.83249	1537.85737	1524.81548
2025-09-04T12:18:42Z	15207.00000	1554.83207	1537.85646	1524.81485
2025-09-04T12:18:42Z	15207.00000	1554.82844	1537.85514	1524.81432
2025-09-04T12:18:42Z	15207.00000	1554.83047	1537.85446	1524.81410
2025-09-04T12:18:42Z	15207.00000	1554.82970	1537.85355	1524.81365
2025-09-04T12:18:43Z	15208.00000	1554.83007	1537.85305	1524.81313
2025-09-04T12:18:43Z	15208.00000	1554.82982	1537.85244	1524.81277
2025-09-04T12:18:43Z	15208.00000	1554.82804	1537.85160	1524.81246
2025-09-04T12:18:43Z	15208.00000	1554.82794	1537.85123	1524.81240
2025-09-04T12:18:43Z	15208.00000	1554.82917	1537.85075	1524.81184
2025-09-04T12:18:43Z	15208.00000	1554.82853	1537.85009	1524.81171
2025-09-04T12:18:43Z	15208.00000	1554.82796	1537.84963	1524.81167
2025-09-04T12:18:43Z	15208.00000	1554.82777	1537.84938	1524.81131
2025-09-04T12:18:43Z	15208.00000	1554.82783	1537.84908	1524.81099
2025-09-04T12:18:44Z	15209.00000	1554.82726	1537.84839	1524.81077
2025-09-04T12:18:44Z	15209.00000	1554.82524	1537.84812	1524.81050
2025-09-04T12:18:44Z	15209.00000	1554.82666	1537.84775	1524.81042
2025-09-04T12:18:44Z	15209.00000	1554.82615	1537.84719	1524.81010
2025-09-04T12:18:44Z	15209.00000	1554.82481	1537.84710	1524.80994
2025-09-04T12:18:44Z	15209.00000	1554.82485	1537.84671	1524.80977
2025-09-04T12:18:44Z	15209.00000	1554.82596	1537.84640	1524.80966
2025-09-04T12:18:45Z	15210.00000	1554.82598	1537.84579	1524.80930
2025-09-04T12:18:45Z	15210.00000	1554.82570	1537.84554	1524.80915
2025-09-04T12:18:45Z	15210.00000	1554.82402	1537.84538	1524.80913
2025-09-04T12:18:45Z	15210.00000	1554.82502	1537.84507	1524.80878
2025-09-04T12:18:45Z	15210.00000	1554.82466	1537.84492	1524.80883
2025-09-04T12:18:45Z	15210.00000	1554.82497	1537.84461	1524.80859
2025-09-04T12:18:45Z	15210.00000	1554.82522	1537.84437	1524.80868
2025-09-04T12:18:45Z	15210.00000	1554.82437	1537.84409	1524.80853
2025-09-04T12:18:45Z	15210.00000	1554.82438	1537.84388	1524.80834
2025-09-04T12:18:46Z	15211.00000	1554.82435	1537.84368	1524.80820
2025-09-04T12:18:46Z	15211.00000	1555.16279	1538.32450	1525.11022
2025-09-04T12:18:46Z	15211.00000	1555.38516	1538.67423	1525.32768
2025-09-04T12:18:46Z	15211.00000	1555.54122	1538.89628	1525.46232
2025-09-04T12:18:46Z	15211.00000	1555.70942	1539.13805	1525.61150
2025-09-04T12:18:46Z	15211.00000	1555.86061	1539.33195	1525.73478
2025-09-04T12:18:46Z	15211.00000	1556.07401	1539.65715	1525.93268
2025-09-04T12:18:46Z	15211.00000	1556.19744	1539.81972	1526.03617
2025-09-04T12:18:47Z	15212.00000	1556.33408	1539.99941	1526.14695
2025-09-04T12:18:47Z	15212.00000	1556.52755	1540.28443	1526.32278
2025-09-04T12:18:47Z	15212.00000	1556.69677	1540.52861	1526.47099
2025-09-04T12:18:47Z	15212.00000	1556.78242	1540.65839	1526.54965
2025-09-04T12:18:47Z	15212.00000	1556.90195	1540.84662	1526.66574
2025-09-04T12:18:47Z	15212.00000	1556.97859	1540.93209	1526.71634
2025-09-04T12:18:47Z	15212.00000	1557.03144	1541.00555	1526.76130
2025-09-04T12:18:48Z	15213.00000	1557.07185	1541.09136	1526.81287
2025-09-04T12:18:48Z	15213.00000	1557.12925	1541.15621	1526.85300
2025-09-04T12:18:48Z	15213.00000	1557.17832	1541.21025	1526.88583
2025-09-04T12:18:48Z	15213.00000	1557.20648	1541.27248	1526.92198
2025-09-04T12:18:48Z	15213.00000	1557.21711	1541.30305	1526.93953
2025-09-04T12:18:48Z	15213.00000	1557.23742	1541.33276	1526.95705
2025-09-04T12:18:48Z	15213.00000	1557.25828	1541.35569	1526.97126
2025-09-04T12:18:48Z	15213.00000	1557.27480	1541.37326	1526.98228
2025-09-04T12:18:48Z	15213.00000	1557.28786	1541.38762	1526.99094
2025-09-04T12:18:49Z	15214.00000	1557.29859	1541.40000	1526.99902
2025-09-04T12:18:49Z	15214.00000	1557.30875	1541.41102	1527.00604
2025-09-04T12:18:49Z	15214.00000	1557.31860	1541.42215	1527.01273
2025-09-04T12:18:49Z	15214.00000	1557.32692	1541.42981	1527.01749
2025-09-04T12:18:49Z	15214.00000	1557.33417	1541.43783	1527.02241
2025-09-04T12:18:49Z	15214.00000	1557.33827	1541.44358	1527.02590
2025-09-04T12:18:49Z	15214.00000	1557.34366	1541.44961	1527.02995
2025-09-04T12:18:49Z	15214.00000	1557.34798	1541.45457	1527.03305
2025-09-04T12:18:49Z	15214.00000	1557.34817	1541.46181	1527.03697
2025-09-04T12:18:50Z	15215.00000	1556.58540	1540.39586	1526.37551
2025-09-04T12:18:50Z	15215.00000	1555.91007	1539.41697	1525.77597
2025-09-04T12:18:50Z	15215.00000	1555.65754	1539.03769	1525.54440
2025-09-04T12:18:50Z	15215.00000	1555.50697	1538.82360	1525.41212
2025-09-04T12:18:50Z	15215.00000	1555.35461	1538.62065	1525.28787
2025-09-04T12:18:50Z	15215.00000	1555.19732	1538.40935	1525.15898
2025-09-04T12:18:50Z	15215.00000	1555.06891	1538.22012	1525.04095
2025-09-04T12:18:50Z	15215.00000	1554.95157	1538.03444	1524.92646
2025-09-04T12:18:50Z	15215.00000	1554.84729	1537.89740	1524.84079
2025-09-04T12:18:51Z	15215.00000	1554.83608	1537.86497	1524.81990
2025-09-04T12:18:51Z	15216.00000	1554.83519	1537.86247	1524.81779
2025-09-04T12:18:51Z	15216.00000	1554.83467	1537.86178	1524.81827
2025-09-04T12:18:51Z	15216.00000	1554.83275	1537.85845	1524.81662
2025-09-04T12:18:51Z	15216.00000	1554.83216	1537.85745	1524.81570
2025-09-04T12:18:51Z	15216.00000	1554.83225	1537.85652	1524.81515
2025-09-04T12:18:51Z	15216.00000	1554.83209	1537.85582	1524.81451
2025-09-04T12:18:51Z	15216.00000	1554.83129	1537.85504	1524.81447
2025-09-04T12:18:51Z	15216.00000	1554.83009	1537.85447	1524.81435
2025-09-04T12:18:51Z	15216.00000	1554.82987	1537.85391	1524.81380
2025-09-04T12:18:52Z	15217.00000	1554.83046	1537.85335	1524.81342
2025-09-04T12:18:52Z	15217.00000	1554.82980	1537.85273	1524.81309
2025-09-04T12:18:52Z	15217.00000	1554.82970	1537.85205	1524.81314
2025-09-04T12:18:52Z	15217.00000	1554.82947	1537.85172	1524.81282
2025-09-04T12:18:52Z	15217.00000	1554.82949	1537.85129	1524.81235
2025-09-04T12:18:52Z	15217.00000	1554.82924	1537.85086	1524.81199
2025-09-04T12:18:52Z	15217.00000	1554.82879	1537.85017	1524.81166
2025-09-04T12:18:52Z	15217.00000	1554.82752	1537.84983	1524.81192
2025-09-04T12:18:52Z	15217.00000	1554.82750	1537.84941	1524.81175
2025-09-04T12:18:52Z	15217.00000	1554.82784	1537.84913	1524.81143
2025-09-04T12:18:53Z	15218.00000	1554.82828	1537.84901	1524.81111
2025-09-04T12:18:53Z	15218.00000	1554.82754	1537.84852	1524.81096
2025-09-04T12:18:53Z	15218.00000	1554.82719	1537.84821	1524.81070
2025-09-04T12:18:53Z	15218.00000	1554.82707	1537.84777	1524.81059
2025-09-04T12:18:53Z	15218.00000	1554.82516	1537.84729	1524.81037
2025-09-04T12:18:53Z	15218.00000	1554.82503	1537.84693	1524.81027
2025-09-04T12:18:53Z	15218.00000	1554.82672	1537.84676	1524.81009
2025-09-04T12:18:53Z	15218.00000	1554.82658	1537.84640	1524.80985
2025-09-04T12:18:53Z	15218.00000	1554.82632	1537.84617	1524.80958
2025-09-04T12:18:54Z	15219.00000	1554.82465	1537.84597	1524.80956
2025-09-04T12:18:54Z	15219.00000	1554.82584	1537.84567	1524.80905
2025-09-04T12:18:54Z	15219.00000	1554.82440	1537.84554	1524.80943
2025-09-04T12:18:54Z	15219.00000	1554.82536	1537.84541	1524.80937
2025-09-04T12:18:54Z	15219.00000	1554.82554	1537.84502	1524.80925
2025-09-04T12:18:54Z	15219.00000	1554.82576	1537.84501	1524.80897
2025-09-04T12:18:54Z	15219.00000	1554.82569	1537.84468	1524.80877
2025-09-04T12:18:54Z	15219.00000	1554.82514	1537.84437	1524.80870
2025-09-04T12:18:54Z	15219.00000	1554.82500	1537.84405	1524.80884
2025-09-04T12:18:55Z	15219.00000	1554.82510	1537.84408	1524.80854
2025-09-04T12:18:55Z	15220.00000	1554.82500	1537.84370	1524.80859
2025-09-04T12:18:55Z	15220.00000	1555.01864	1538.13460	1524.99102
2025-09-04T12:18:55Z	15220.00000	1555.18174	1538.36302	1525.13447
2025-09-04T12:18:55Z	15220.00000	1555.35546	1538.61822	1525.29145
2025-09-04T12:18:55Z	15220.00000	1555.52056	1538.84484	1525.42912
2025-09-04T12:18:55Z	15220.00000	1555.69088	1539.09102	1525.58227
2025-09-04T12:18:55Z	15220.00000	1555.84182	1539.28234	1525.70273
2025-09-04T12:18:55Z	15220.00000	1555.98556	1539.49565	1525.83360
2025-09-04T12:18:55Z	15220.00000	1556.09035	1539.66845	1525.93834
2025-09-04T12:18:56Z	15221.00000	1556.21476	1539.85587	1526.05696
2025-09-04T12:18:56Z	15221.00000	1556.32646	1539.98264	1526.13524
2025-09-04T12:18:56Z	15221.00000	1556.43242	1540.15711	1526.23883
2025-09-04T12:18:56Z	15221.00000	1556.53256	1540.29233	1526.32513
2025-09-04T12:18:56Z	15221.00000	1556.61982	1540.42043	1526.39986
2025-09-04T12:18:56Z	15221.00000	1556.70843	1540.55527	1526.48424
2025-09-04T12:18:56Z	15221.00000	1556.80843	1540.67927	1526.55819
2025-09-04T12:18:56Z	15221.00000	1556.86383	1540.76013	1526.60646
2025-09-04T12:18:56Z	15221.00000	1556.92366	1540.86125	1526.67081
2025-09-04T12:18:56Z	15221.00000	1557.01570	1540.96838	1526.73432
2025-09-04T12:18:57Z	15222.00000	1557.04010	1541.02507	1526.76820
2025-09-04T12:18:57Z	15222.00000	1557.06593	1541.07745	1526.79924
2025-09-04T12:18:57Z	15222.00000	1557.12595	1541.14443	1526.84063
2025-09-04T12:18:57Z	15222.00000	1557.17019	1541.19107	1526.86972
2025-09-04T12:18:57Z	15222.00000	1557.19654	1541.23236	1526.89403
2025-09-04T12:18:57Z	15222.00000	1557.21054	1541.27523	1526.91871
2025-09-04T12:18:57Z	15222.00000	1557.23346	1541.31201	1526.93959
2025-09-04T12:18:57Z	15222.00000	1557.26471	1541.35435	1526.96514
2025-09-04T12:18:57Z	15222.00000	1557.28028	1541.37054	1526.97516
2025-09-04T12:18:58Z	15223.00000	1557.29144	1541.38240	1526.98244
2025-09-04T12:18:58Z	15223.00000	1557.30401	1541.39655	1526.99109
2025-09-04T12:18:58Z	15223.00000	1557.31575	1541.40879	1526.99881
2025-09-04T12:18:58Z	15223.00000	1557.32472	1541.41893	1527.00477
2025-09-04T12:18:58Z	15223.00000	1557.33032	1541.42507	1527.00858
2025-09-04T12:18:58Z	15223.00000	1557.33691	1541.43257	1527.01337
2025-09-04T12:18:58Z	15223.00000	1557.34013	1541.43716	1527.01606
2025-09-04T12:18:58Z	15223.00000	1557.34305	1541.44205	1527.01909
2025-09-04T12:18:58Z	15223.00000	1557.34835	1541.44632	1527.02178
2025-09-04T12:18:58Z	15223.00000	1557.35176	1541.45083	1527.02452
2025-09-04T12:18:59Z	15224.00000	1557.35457	1541.45551	1527.02722
2025-09-04T12:18:59Z	15224.00000	1556.05637	1539.64154	1525.91146
2025-09-04T12:18:59Z	15224.00000	1555.77661	1539.21911	1525.65512
2025-09-04T12:18:59Z	15224.00000	1555.55579	1538.92163	1525.47007
2025-09-04T12:18:59Z	15224.00000	1555.44464	1538.74554	1525.36350
2025-09-04T12:18:59Z	15224.00000	1555.29263	1538.51986	1525.22585
2025-09-04T12:18:59Z	15224.00000	1555.15021	1538.30886	1525.09640
2025-09-04T12:18:59Z	15224.00000	1555.01502	1538.12770	1524.98591
2025-09-04T12:18:59Z	15224.00000	1554.84384	1537.88473	1524.83094
2025-09-04T12:19:00Z	15225.00000	1554.83570	1537.86397	1524.81915
2025-09-04T12:19:00Z	15225.00000	1554.83555	1537.86264	1524.81845
2025-09-04T12:19:00Z	15225.00000	1554.83425	1537.86092	1524.81745
2025-09-04T12:19:00Z	15225.00000	1554.83385	1537.85979	1524.81710
2025-09-04T12:19:00Z	15225.00000	1554.83308	1537.85824	1524.81631
2025-09-04T12:19:00Z	15225.00000	1554.82943	1537.85689	1524.81535
2025-09-04T12:19:00Z	15225.00000	1554.83192	1537.85532	1524.81467
2025-09-04T12:19:00Z	15225.00000	1554.83119	1537.85459	1524.81463
2025-09-04T12:19:01Z	15225.00000	1554.82819	1537.85367	1524.81397
2025-09-04T12:19:01Z	15226.00000	1554.83063	1537.85316	1524.81344
2025-09-04T12:19:01Z	15226.00000	1554.83046	1537.85265	1524.81312
2025-09-04T12:19:01Z	15226.00000	1554.82964	1537.85189	1524.81290
2025-09-04T12:19:01Z	15226.00000	1554.82951	1537.85147	1524.81264
2025-09-04T12:19:01Z	15226.00000	1554.82922	1537.85073	1524.81215
2025-09-04T12:19:01Z	15226.00000	1554.82827	1537.85024	1524.81194
2025-09-04T12:19:01Z	15226.00000	1554.82766	1537.84972	1524.81178
2025-09-04T12:19:01Z	15226.00000	1554.82826	1537.84930	1524.81144
2025-09-04T12:19:02Z	15227.00000	1554.82812	1537.84915	1524.81131
2025-09-04T12:19:02Z	15227.00000	1554.82748	1537.84863	1524.81109
2025-09-04T12:19:02Z	15227.00000	1554.82711	1537.84831	1524.81104
2025-09-04T12:19:02Z	15227.00000	1554.82779	1537.84801	1524.81086
2025-09-04T12:19:02Z	15227.00000	1554.82731	1537.84769	1524.81068
2025-09-04T12:19:02Z	15227.00000	1554.82512	1537.84756	1524.81061
2025-09-04T12:19:02Z	15227.00000	1554.82530	1537.84729	1524.81037
2025-09-04T12:19:02Z	15227.00000	1554.82666	1537.84689	1524.81010
2025-09-04T12:19:02Z	15227.00000	1554.82677	1537.84666	1524.81017
2025-09-04T12:19:03Z	15227.00000	1554.82474	1537.84622	1524.81012
2025-09-04T12:19:03Z	15228.00000	1554.82603	1537.84575	1524.80950
2025-09-04T12:19:03Z	15228.00000	1554.82640	1537.84559	1524.80956
2025-09-04T12:19:03Z	15228.00000	1554.82441	1537.84540	1524.80935
2025-09-04T12:19:03Z	15228.00000	1554.82430	1537.84518	1524.80946
2025-09-04T12:19:03Z	15228.00000	1554.82411	1537.84503	1524.80907
2025-09-04T12:19:03Z	15228.00000	1554.82573	1537.84483	1524.80896
2025-09-04T12:19:03Z	15228.00000	1554.82523	1537.84455	1524.80882
2025-09-04T12:19:03Z	15228.00000	1554.82521	1537.84442	1524.80881
2025-09-04T12:19:03Z	15228.00000	1554.82359	1537.84411	1524.80894
2025-09-04T12:19:04Z	15229.00000	1554.82515	1537.84394	1524.80875
2025-09-04T12:19:04Z	15229.00000	1554.88417	1537.95713	1524.87822
2025-09-04T12:19:04Z	15229.00000	1555.04875	1538.19329	1525.03021
2025-09-04T12:19:04Z	15229.00000	1555.29732	1538.51967	1525.22821
2025-09-04T12:19:04Z	15229.00000	1555.49233	1538.78877	1525.39026
2025-09-04T12:19:04Z	15229.00000	1555.66615	1539.03391	1525.54426
2025-09-04T12:19:04Z	15229.00000	1555.77283	1539.19687	1525.64353
2025-09-04T12:19:04Z	15229.00000	1555.90802	1539.39530	1525.77071
2025-09-04T12:19:04Z	15229.00000	1556.04507	1539.60419	1525.89471
2025-09-04T12:19:04Z	15229.00000	1556.19585	1539.79483	1526.01335
2025-09-04T12:19:05Z	15230.00000	1556.30775	1539.94755	1526.10734
2025-09-04T12:19:05Z	15230.00000	1556.38965	1540.09486	1526.19152
2025-09-04T12:19:05Z	15230.00000	1556.49497	1540.21041	1526.26060
2025-09-04T12:19:05Z	15230.00000	1556.58171	1540.35977	1526.35139
2025-09-04T12:19:05Z	15230.00000	1556.69532	1540.49717	1526.43136
2025-09-04T12:19:05Z	15230.00000	1556.76103	1540.60662	1526.49683
2025-09-04T12:19:05Z	15230.00000	1556.83468	1540.68872	1526.54422
2025-09-04T12:19:05Z	15230.00000	1556.89366	1540.79839	1526.60810
2025-09-04T12:19:05Z	15230.00000	1556.95978	1540.87769	1526.65685
2025-09-04T12:19:05Z	15230.00000	1557.01819	1540.95188	1526.69980
2025-09-04T12:19:06Z	15231.00000	1557.05602	1541.03846	1526.74980
2025-09-04T12:19:06Z	15231.00000	1557.11215	1541.10381	1526.78686
2025-09-04T12:19:06Z	15231.00000	1557.16444	1541.15908	1526.82028
2025-09-04T12:19:06Z	15231.00000	1557.19353	1541.19929	1526.84542
2025-09-04T12:19:06Z	15231.00000	1557.20567	1541.23299	1526.86516
2025-09-04T12:19:06Z	15231.00000	1557.21393	1541.25821	1526.87962
2025-09-04T12:19:06Z	15231.00000	1557.22918	1541.28744	1526.89611
2025-09-04T12:19:06Z	15231.00000	1557.24973	1541.31093	1526.90931
2025-09-04T12:19:06Z	15231.00000	1557.26259	1541.32505	1526.91756
2025-09-04T12:19:06Z	15231.00000	1557.27404	1541.33755	1526.92435
2025-09-04T12:19:07Z	15232.00000	1557.28833	1541.35241	1526.93305
2025-09-04T12:19:07Z	15232.00000	1557.29818	1541.36299	1526.93928
2025-09-04T12:19:07Z	15232.00000	1557.30659	1541.37188	1526.94413
2025-09-04T12:19:07Z	15232.00000	1557.31543	1541.38183	1526.95003
2025-09-04T12:19:07Z	15232.00000	1557.32266	1541.38890	1526.95418
2025-09-04T12:19:07Z	15232.00000	1557.32639	1541.39314	1526.95661
2025-09-04T12:19:07Z	15232.00000	1557.33162	1541.39800	1526.95912
2025-09-04T12:19:07Z	15232.00000	1557.33546	1541.40275	1526.96185
2025-09-04T12:19:07Z	15232.00000	1557.33753	1541.40557	1526.96373
2025-09-04T12:19:07Z	15232.00000	1557.33990	1541.40868	1526.96553
2025-09-04T12:19:08Z	15233.00000	1557.34256	1541.41141	1526.96693
2025-09-04T12:19:08Z	15233.00000	1556.01781	1539.54681	1525.84407
2025-09-04T12:19:08Z	15233.00000	1555.70426	1539.12849	1525.59393
2025-09-04T12:19:08Z	15233.00000	1555.53407	1538.88328	1525.44500
2025-09-04T12:19:08Z	15233.00000	1555.39147	1538.67730	1525.32085
2025-09-04T12:19:08Z	15233.00000	1555.24562	1538.46260	1525.19083
2025-09-04T12:19:08Z	15233.00000	1555.13699	1538.29192	1525.08446
2025-09-04T12:19:08Z	15233.00000	1555.01864	1538.13691	1524.99076
2025-09-04T12:19:08Z	15233.00000	1554.88682	1537.95786	1524.87851
2025-09-04T12:19:08Z	15233.00000	1554.83465	1537.86846	1524.82210
2025-09-04T12:19:09Z	15234.00000	1554.83514	1537.86224	1524.81756
2025-09-04T12:19:09Z	15234.00000	1554.83478	1537.86126	1524.81736
2025-09-04T12:19:09Z	15234.00000	1554.83340	1537.85955	1524.81702
2025-09-04T12:19:09Z	15234.00000	1554.83010	1537.85870	1524.81666
2025-09-04T12:19:09Z	15234.00000	1554.83306	1537.85756	1524.81586
2025-09-04T12:19:09Z	15234.00000	1554.83282	1537.85680	1524.81541
2025-09-04T12:19:09Z	15234.00000	1554.83238	1537.85598	1524.81468
2025-09-04T12:19:09Z	15234.00000	1554.83160	1537.85498	1524.81449
2025-09-04T12:19:09Z	15234.00000	1554.83093	1537.85427	1524.81442
2025-09-04T12:19:09Z	15234.00000	1554.83048	1537.85369	1524.81382
2025-09-04T12:19:10Z	15235.00000	1554.82816	1537.85317	1524.81343
2025-09-04T12:19:10Z	15235.00000	1554.82970	1537.85261	1524.81323
2025-09-04T12:19:10Z	15235.00000	1554.82996	1537.85201	1524.81306
2025-09-04T12:19:10Z	15235.00000	1554.82850	1537.85138	1524.81273
2025-09-04T12:19:10Z	15235.00000	1554.82936	1537.85094	1524.81246
2025-09-04T12:19:10Z	15235.00000	1554.82843	1537.85075	1524.81226
2025-09-04T12:19:10Z	15235.00000	1554.82669	1537.85024	1524.81200
2025-09-04T12:19:10Z	15235.00000	1554.82648	1537.84977	1524.81176
2025-09-04T12:19:10Z	15235.00000	1554.82823	1537.84916	1524.81143
2025-09-04T12:19:10Z	15235.00000	1554.82831	1537.84886	1524.81131
2025-09-04T12:19:11Z	15236.00000	1554.82817	1537.84861	1524.81119
2025-09-04T12:19:11Z	15236.00000	1554.82606	1537.84824	1524.81090
2025-09-04T12:19:11Z	15236.00000	1554.82750	1537.84798	1524.81089
2025-09-04T12:19:11Z	15236.00000	1554.82560	1537.84780	1524.81075
2025-09-04T12:19:11Z	15236.00000	1554.82737	1537.84753	1524.81061
2025-09-04T12:19:11Z	15236.00000	1554.82734	1537.84716	1524.81037
2025-09-04T12:19:11Z	15236.00000	1554.82676	1537.84694	1524.81013
2025-09-04T12:19:11Z	15236.00000	1554.82698	1537.84665	1524.81011
2025-09-04T12:19:11Z	15236.00000	1554.82674	1537.84614	1524.80987
2025-09-04T12:19:11Z	15236.00000	1554.82619	1537.84618	1524.80982
2025-09-04T12:19:12Z	15237.00000	1554.82637	1537.84596	1524.80965
2025-09-04T12:19:12Z	15237.00000	1554.82615	1537.84566	1524.80928
2025-09-04T12:19:12Z	15237.00000	1554.82605	1537.84566	1524.80958
2025-09-04T12:19:12Z	15237.00000	1554.82588	1537.84523	1524.80943
2025-09-04T12:19:12Z	15237.00000	1554.82562	1537.84498	1524.80907
2025-09-04T12:19:12Z	15237.00000	1554.82597	1537.84469	1524.80905
2025-09-04T12:19:12Z	15237.00000	1554.82547	1537.84452	1524.80873
2025-09-04T12:19:12Z	15237.00000	1554.82539	1537.84448	1524.80898
2025-09-04T12:19:12Z	15237.00000	1554.82521	1537.84424	1524.80896
2025-09-04T12:19:12Z	15237.00000	1554.82513	1537.84397	1524.80860
2025-09-04T12:19:13Z	15238.00000	1554.84429	1537.88311	1524.83385
2025-09-04T12:19:13Z	15238.00000	1555.00614	1538.10060	1524.96888
2025-09-04T12:19:13Z	15238.00000	1555.18735	1538.37631	1525.13977
2025-09-04T12:19:13Z	15238.00000	1555.34647	1538.58727	1525.26963
2025-09-04T12:19:13Z	15238.00000	1555.52501	1538.85143	1525.42865
2025-09-04T12:19:13Z	15238.00000	1555.71660	1539.13207	1525.60132
2025-09-04T12:19:13Z	15238.00000	1555.86340	1539.32201	1525.72055
2025-09-04T12:19:13Z	15238.00000	1556.00196	1539.49952	1525.82769
2025-09-04T12:19:13Z	15238.00000	1556.08039	1539.63929	1525.91024
2025-09-04T12:19:13Z	15238.00000	1556.20937	1539.82554	1526.02496
2025-09-04T12:19:14Z	15239.00000	1556.33645	1539.97417	1526.11556
2025-09-04T12:19:14Z	15239.00000	1556.42031	1540.11973	1526.19846
2025-09-04T12:19:14Z	15239.00000	1556.52827	1540.25569	1526.28138
2025-09-04T12:19:14Z	15239.00000	1556.62468	1540.39966	1526.36618
2025-09-04T12:19:14Z	15239.00000	1556.70385	1540.51382	1526.43459
2025-09-04T12:19:14Z	15239.00000	1556.79839	1540.63997	1526.51035
2025-09-04T12:19:14Z	15239.00000	1556.87127	1540.75222	1526.57513
2025-09-04T12:19:14Z	15239.00000	1556.94285	1540.85175	1526.63563
2025-09-04T12:19:14Z	15239.00000	1557.01599	1540.94262	1526.69014
2025-09-04T12:19:14Z	15239.00000	1557.04512	1541.00779	1526.72835
2025-09-04T12:19:15Z	15240.00000	1557.07802	1541.05852	1526.75705
2025-09-04T12:19:15Z	15240.00000	1557.11919	1541.10405	1526.78265
2025-09-04T12:19:15Z	15240.00000	1557.16970	1541.15796	1526.81512
2025-09-04T12:19:15Z	15240.00000	1557.19588	1541.19658	1526.83930
2025-09-04T12:19:15Z	15240.00000	1557.20745	1541.23131	1526.85981
2025-09-04T12:19:15Z	15240.00000	1557.22174	1541.26125	1526.87697
2025-09-04T12:19:15Z	15240.00000	1557.24054	1541.29101	1526.89361
2025-09-04T12:19:15Z	15240.00000	1557.26026	1541.31386	1526.90674
2025-09-04T12:19:15Z	15240.00000	1557.27704	1541.33264	1526.91758
2025-09-04T12:19:15Z	15240.00000	1557.28703	1541.34332	1526.92345
2025-09-04T12:19:16Z	15241.00000	1557.29824	1541.35497	1526.92995
2025-09-04T12:19:16Z	15241.00000	1557.30825	1541.36620	1526.93647
2025-09-04T12:19:16Z	15241.00000	1557.31602	1541.37440	1526.94119
2025-09-04T12:19:16Z	15241.00000	1557.32292	1541.38111	1526.94489
2025-09-04T12:19:16Z	15241.00000	1557.32853	1541.38715	1526.94865
2025-09-04T12:19:16Z	15241.00000	1557.33322	1541.39233	1526.95148
2025-09-04T12:19:16Z	15241.00000	1557.33776	1541.39771	1526.95458
2025-09-04T12:19:16Z	15241.00000	1557.34137	1541.40105	1526.95674
2025-09-04T12:19:16Z	15241.00000	1557.34187	1541.40476	1526.95888
2025-09-04T12:19:16Z	15241.00000	1557.34684	1541.40816	1526.96077
2025-09-04T12:19:17Z	15242.00000	1557.34542	1541.41186	1526.96268
2025-09-04T12:19:17Z	15242.00000	1556.04907	1539.62563	1525.89185
2025-09-04T12:19:17Z	15242.00000	1555.76846	1539.20322	1525.63932
2025-09-04T12:19:17Z	15242.00000	1555.55360	1538.91096	1525.46024
2025-09-04T12:19:17Z	15242.00000	1555.26578	1538.48383	1525.20319
2025-09-04T12:19:17Z	15242.00000	1555.17170	1538.33606	1525.11183
2025-09-04T12:19:17Z	15242.00000	1555.04074	1538.17863	1525.01559
2025-09-04T12:19:17Z	15242.00000	1554.97067	1538.05332	1524.93812
2025-09-04T12:19:17Z	15242.00000	1554.86980	1537.93700	1524.86553
2025-09-04T12:19:18Z	15243.00000	1554.83591	1537.86515	1524.81959
2025-09-04T12:19:18Z	15243.00000	1554.83511	1537.86223	1524.81757
2025-09-04T12:19:18Z	15243.00000	1554.83448	1537.86136	1524.81821
2025-09-04T12:19:18Z	15243.00000	1554.83395	1537.85974	1524.81746
2025-09-04T12:19:18Z	15243.00000	1554.83345	1537.85843	1524.81661
2025-09-04T12:19:18Z	15243.00000	1554.83147	1537.85752	1524.81593
2025-09-04T12:19:18Z	15243.00000	1554.83243	1537.85681	1524.81536
2025-09-04T12:19:18Z	15243.00000	1554.83234	1537.85599	1524.81482
2025-09-04T12:19:18Z	15243.00000	1554.83161	1537.85534	1524.81488
2025-09-04T12:19:18Z	15243.00000	1554.83126	1537.85474	1524.81476
2025-09-04T12:19:19Z	15244.00000	1554.83108	1537.85409	1524.81409
2025-09-04T12:19:19Z	15244.00000	1554.83029	1537.85340	1524.81370
2025-09-04T12:19:19Z	15244.00000	1554.83035	1537.85270	1524.81341
2025-09-04T12:19:19Z	15244.00000	1554.82761	1537.85228	1524.81338
2025-09-04T12:19:19Z	15244.00000	1554.82990	1537.85184	1524.81303
2025-09-04T12:19:19Z	15244.00000	1554.82847	1537.85131	1524.81255
2025-09-04T12:19:19Z	15244.00000	1554.82941	1537.85109	1524.81242
2025-09-04T12:19:19Z	15244.00000	1554.82683	1537.85066	1524.81230
2025-09-04T12:19:19Z	15244.00000	1554.82787	1537.85035	1524.81228
2025-09-04T12:19:19Z	15244.00000	1554.82908	1537.84982	1524.81188
2025-09-04T12:19:20Z	15245.00000	1554.82816	1537.84957	1524.81179
2025-09-04T12:19:20Z	15245.00000	1554.82622	1537.84903	1524.81146
2025-09-04T12:19:20Z	15245.00000	1554.82774	1537.84850	1524.81125
2025-09-04T12:19:20Z	15245.00000	1554.82779	1537.84836	1524.81117
2025-09-04T12:19:20Z	15245.00000	1554.82763	1537.84820	1524.81092
2025-09-04T12:19:20Z	15245.00000	1554.82736	1537.84775	1524.81098
2025-09-04T12:19:20Z	15245.00000	1554.82734	1537.84750	1524.81072
2025-09-04T12:19:20Z	15245.00000	1554.82682	1537.84742	1524.81050
2025-09-04T12:19:20Z	15245.00000	1554.82530	1537.84704	1524.81045
2025-09-04T12:19:20Z	15245.00000	1554.82506	1537.84665	1524.81037
2025-09-04T12:19:21Z	15246.00000	1554.82653	1537.84655	1524.81017
2025-09-04T12:19:21Z	15246.00000	1554.82602	1537.84619	1524.80996
2025-09-04T12:19:21Z	15246.00000	1554.82600	1537.84599	1524.80997
2025-09-04T12:19:21Z	15246.00000	1554.82606	1537.84599	1524.80999
2025-09-04T12:19:21Z	15246.00000	1554.82556	1537.84561	1524.80971
2025-09-04T12:19:21Z	15246.00000	1554.82597	1537.84532	1524.80940
2025-09-04T12:19:21Z	15246.00000	1554.82581	1537.84509	1524.80956
2025-09-04T12:19:21Z	15246.00000	1554.82539	1537.84495	1524.80911
2025-09-04T12:19:21Z	15246.00000	1554.82532	1537.84481	1524.80925
2025-09-04T12:19:21Z	15246.00000	1554.82386	1537.84438	1524.80918
2025-09-04T12:19:22Z	15247.00000	1554.82387	1537.84422	1524.80895
2025-09-04T12:19:22Z	15247.00000	1554.82508	1537.84483	1524.80944
2025-09-04T12:19:22Z	15247.00000	1555.02386	1538.14736	1524.99896
2025-09-04T12:19:22Z	15247.00000	1555.19103	1538.38577	1525.14494
2025-09-04T12:19:22Z	15247.00000	1555.36483	1538.63498	1525.29768
2025-09-04T12:19:22Z	15247.00000	1555.55323	1538.90104	1525.45915
2025-09-04T12:19:22Z	15247.00000	1555.69996	1539.10475	1525.58355
2025-09-04T12:19:22Z	15247.00000	1555.85655	1539.30021	1525.70484
2025-09-04T12:19:22Z	15247.00000	1556.01254	1539.51377	1525.83366
2025-09-04T12:19:22Z	15247.00000	1556.14304	1539.70479	1525.94788
2025-09-04T12:19:23Z	15248.00000	1556.21557	1539.83403	1526.02772
2025-09-04T12:19:23Z	15248.00000	1556.34604	1539.98345	1526.11905
2025-09-04T12:19:23Z	15248.00000	1556.45567	1540.15669	1526.21823
2025-09-04T12:19:23Z	15248.00000	1556.54017	1540.28896	1526.30125
2025-09-04T12:19:23Z	15248.00000	1556.64051	1540.41477	1526.37386
2025-09-04T12:19:23Z	15248.00000	1556.72144	1540.55075	1526.45547
2025-09-04T12:19:23Z	15248.00000	1556.81614	1540.65705	1526.51957
2025-09-04T12:19:23Z	15248.00000	1556.87784	1540.76841	1526.58303
2025-09-04T12:19:23Z	15248.00000	1556.97315	1540.88289	1526.65321
2025-09-04T12:19:24Z	15248.00000	1557.03619	1540.97833	1526.70974
2025-09-04T12:19:24Z	15249.00000	1557.06017	1541.03117	1526.73985
2025-09-04T12:19:24Z	15249.00000	1557.11757	1541.09889	1526.77799
2025-09-04T12:19:24Z	15249.00000	1557.16228	1541.14783	1526.80725
2025-09-04T12:19:24Z	15249.00000	1557.19018	1541.18211	1526.82809
2025-09-04T12:19:24Z	15249.00000	1557.20246	1541.21300	1526.84706
2025-09-04T12:19:24Z	15249.00000	1557.21314	1541.24480	1526.86543
2025-09-04T12:19:24Z	15249.00000	1557.23299	1541.27752	1526.88389
2025-09-04T12:19:24Z	15249.00000	1557.24499	1541.29592	1526.89456
2025-09-04T12:19:24Z	15249.00000	1557.26381	1541.31527	1526.90539
2025-09-04T12:19:24Z	15249.00000	1557.27842	1541.33035	1526.91485
2025-09-04T12:19:25Z	15250.00000	1557.29097	1541.34468	1526.92279
2025-09-04T12:19:25Z	15250.00000	1557.30162	1541.35582	1526.92874
2025-09-04T12:19:25Z	15250.00000	1557.31243	1541.36727	1526.93506
2025-09-04T12:19:25Z	15250.00000	1557.31958	1541.37509	1526.93969
2025-09-04T12:19:25Z	15250.00000	1557.32564	1541.38158	1526.94373
2025-09-04T12:19:25Z	15250.00000	1557.33353	1541.38939	1526.94831
2025-09-04T12:19:25Z	15250.00000	1557.33729	1541.39440	1526.95085
2025-09-04T12:19:25Z	15250.00000	1557.34009	1541.39805	1526.95309
2025-09-04T12:19:25Z	15250.00000	1557.34246	1541.40233	1526.95553
2025-09-04T12:19:25Z	15250.00000	1557.34760	1541.40641	1526.95745
2025-09-04T12:19:26Z	15251.00000	1557.35000	1541.40984	1526.95951
2025-09-04T12:19:26Z	15251.00000	1556.03809	1539.60389	1525.87485
2025-09-04T12:19:26Z	15251.00000	1555.79142	1539.22560	1525.65289
2025-09-04T12:19:26Z	15251.00000	1555.59855	1538.96024	1525.49046
2025-09-04T12:19:26Z	15251.00000	1555.32999	1538.55808	1525.24769
2025-09-04T12:19:26Z	15251.00000	1555.17445	1538.34239	1525.11610
2025-09-04T12:19:26Z	15251.00000	1555.04486	1538.18535	1525.01973
2025-09-04T12:19:26Z	15251.00000	1554.95367	1538.03432	1524.92654
2025-09-04T12:19:26Z	15251.00000	1554.85304	1537.90864	1524.84671
2025-09-04T12:19:27Z	15252.00000	1554.83562	1537.86456	1524.82002
2025-09-04T12:19:27Z	15252.00000	1554.83502	1537.86181	1524.81770
2025-09-04T12:19:27Z	15252.00000	1554.83392	1537.86070	1524.81809
2025-09-04T12:19:27Z	15252.00000	1554.83307	1537.85924	1524.81763
2025-09-04T12:19:27Z	15252.00000	1554.83268	1537.85802	1524.81664
2025-09-04T12:19:27Z	15252.00000	1554.83275	1537.85696	1524.81570
2025-09-04T12:19:27Z	15252.00000	1554.83222	1537.85615	1524.81521
2025-09-04T12:19:27Z	15252.00000	1554.83158	1537.85530	1524.81497
2025-09-04T12:19:27Z	15252.00000	1554.82842	1537.85466	1524.81504
2025-09-04T12:19:27Z	15252.00000	1554.82996	1537.85422	1524.81450
2025-09-04T12:19:28Z	15253.00000	1554.82986	1537.85354	1524.81412
2025-09-04T12:19:28Z	15253.00000	1554.83031	1537.85303	1524.81388
2025-09-04T12:19:28Z	15253.00000	1554.82867	1537.85194	1524.81355
2025-09-04T12:19:28Z	15253.00000	1554.82842	1537.85096	1524.81264
2025-09-04T12:19:28Z	15253.00000	1554.82874	1537.85071	1524.81249
2025-09-04T12:19:28Z	15253.00000	1554.82835	1537.85017	1524.81232
2025-09-04T12:19:28Z	15253.00000	1554.82832	1537.84950	1524.81215
2025-09-04T12:19:29Z	15254.00000	1554.82615	1537.84897	1524.81180
2025-09-04T12:19:29Z	15254.00000	1554.82796	1537.84879	1524.81154
2025-09-04T12:19:29Z	15254.00000	1554.82760	1537.84851	1524.81138
2025-09-04T12:19:29Z	15254.00000	1554.82735	1537.84795	1524.81140
2025-09-04T12:19:29Z	15254.00000	1554.82726	1537.84787	1524.81113
2025-09-04T12:19:29Z	15254.00000	1554.82686	1537.84749	1524.81094
2025-09-04T12:19:29Z	15254.00000	1554.82518	1537.84701	1524.81066
2025-09-04T12:19:29Z	15254.00000	1554.82479	1537.84663	1524.81061
2025-09-04T12:19:30Z	15255.00000	1554.82634	1537.84617	1524.81035
2025-09-04T12:19:30Z	15255.00000	1554.82610	1537.84599	1524.81026
2025-09-04T12:19:30Z	15255.00000	1554.82431	1537.84557	1524.80991
2025-09-04T12:19:30Z	15255.00000	1554.82415	1537.84515	1524.81013
2025-09-04T12:19:30Z	15255.00000	1554.82419	1537.84500	1524.80974
2025-09-04T12:19:30Z	15255.00000	1554.82530	1537.84487	1524.80956
2025-09-04T12:19:30Z	15255.00000	1554.82521	1537.84462	1524.80944
2025-09-04T12:19:30Z	15255.00000	1554.82504	1537.84435	1524.80944
2025-09-04T12:19:31Z	15256.00000	1554.82383	1537.84413	1524.80892
2025-09-04T12:19:31Z	15256.00000	1554.82374	1537.84384	1524.80891
2025-09-04T12:19:31Z	15256.00000	1554.82359	1537.84364	1524.80880
2025-09-04T12:19:31Z	15256.00000	1554.82324	1537.84331	1524.80872
2025-09-04T12:19:31Z	15256.00000	1554.82341	1537.84340	1524.80871
2025-09-04T12:19:31Z	15256.00000	1554.82408	1537.84315	1524.80861
2025-09-04T12:19:31Z	15256.00000	1554.82305	1537.84274	1524.80844
2025-09-04T12:19:31Z	15256.00000	1554.82284	1537.84273	1524.80837
2025-09-04T12:19:32Z	15257.00000	1554.82381	1537.84245	1524.80826
2025-09-04T12:19:32Z	15257.00000	1554.82268	1537.84227	1524.80827
2025-09-04T12:19:32Z	15257.00000	1554.82381	1537.84204	1524.80803
2025-09-04T12:19:32Z	15257.00000	1554.82233	1537.84199	1524.80796
2025-09-04T12:19:32Z	15257.00000	1554.82329	1537.84156	1524.80792
2025-09-04T12:19:32Z	15257.00000	1554.82337	1537.84150	1524.80766
2025-09-04T12:19:32Z	15257.00000	1554.82323	1537.84124	1524.80763
2025-09-04T12:19:32Z	15257.00000	1554.82215	1537.84125	1524.80754
2025-09-04T12:19:33Z	15258.00000	1554.82204	1537.84090	1524.80736
2025-09-04T12:19:33Z	15258.00000	1554.82328	1537.84086	1524.80740
2025-09-04T12:19:33Z	15258.00000	1554.82251	1537.84080	1524.80732
2025-09-04T12:19:33Z	15258.00000	1554.82282	1537.84061	1524.80732
2025-09-04T12:19:33Z	15258.00000	1554.82195	1537.84055	1524.80739
2025-09-04T12:19:33Z	15258.00000	1554.82228	1537.84033	1524.80703
2025-09-04T12:19:33Z	15258.00000	1554.82238	1537.84026	1524.80698
2025-09-04T12:19:33Z	15258.00000	1554.82222	1537.84008	1524.80677
2025-09-04T12:19:34Z	15259.00000	1554.82235	1537.83976	1524.80666
2025-09-04T12:19:34Z	15259.00000	1554.82200	1537.83966	1524.80678
2025-09-04T12:19:34Z	15259.00000	1554.82188	1537.83957	1524.80658
2025-09-04T12:19:34Z	15259.00000	1554.82174	1537.83953	1524.80636
2025-09-04T12:19:34Z	15259.00000	1554.82167	1537.83940	1524.80661
2025-09-04T12:19:34Z	15259.00000	1554.82192	1537.83916	1524.80652
2025-09-04T12:19:34Z	15259.00000	1554.82147	1537.83929	1524.80624
2025-09-04T12:19:34Z	15259.00000	1554.82180	1537.83893	1524.80642
2025-09-04T12:19:35Z	15260.00000	1554.82132	1537.83900	1524.80623
2025-09-04T12:19:35Z	15260.00000	1554.82165	1537.83885	1524.80616
2025-09-04T12:19:35Z	15260.00000	1554.82126	1537.83855	1524.80617
2025-09-04T12:19:35Z	15260.00000	1554.82117	1537.83869	1524.80626
2025-09-04T12:19:35Z	15260.00000	1554.82159	1537.83848	1524.80588
2025-09-04T12:19:35Z	15260.00000	1554.82123	1537.83847	1524.80603
2025-09-04T12:19:35Z	15260.00000	1554.82112	1537.83853	1524.80613
2025-09-04T12:19:35Z	15260.00000	1554.82049	1537.83820	1524.80554
2025-09-04T12:19:35Z	15260.00000	1554.82033	1537.83797	1524.80561
2025-09-04T12:19:36Z	15261.00000	1554.82080	1537.83806	1524.80574
2025-09-04T12:19:36Z	15261.00000	1554.82045	1537.83791	1524.80558
2025-09-04T12:19:36Z	15261.00000	1554.82029	1537.83786	1524.80567
2025-09-04T12:19:36Z	15261.00000	1554.82065	1537.83778	1524.80564
2025-09-04T12:19:36Z	15261.00000	1554.82076	1537.83749	1524.80555
2025-09-04T12:19:36Z	15261.00000	1554.82032	1537.83762	1524.80557
2025-09-04T12:19:36Z	15261.00000	1554.82040	1537.83761	1524.80545
2025-09-04T12:19:36Z	15261.00000	1554.82013	1537.83745	1524.80545
2025-09-04T12:19:36Z	15261.00000	1554.82030	1537.83725	1524.80553
2025-09-04T12:19:37Z	15262.00000	1554.82004	1537.83733	1524.80559
2025-09-04T12:19:37Z	15262.00000	1554.82031	1537.83705	1524.80532
2025-09-04T12:19:37Z	15262.00000	1554.82007	1537.83710	1524.80532
2025-09-04T12:19:37Z	15262.00000	1554.82023	1537.83677	1524.80508
2025-09-04T12:19:37Z	15262.00000	1554.81991	1537.83691	1524.80517
2025-09-04T12:19:37Z	15262.00000	1554.82038	1537.83685	1524.80511
2025-09-04T12:19:37Z	15262.00000	1554.82004	1537.83681	1524.80480
2025-09-04T12:19:37Z	15262.00000	1554.81959	1537.83667	1524.80502
2025-09-04T12:19:37Z	15262.00000	1554.82019	1537.83666	1524.80497
2025-09-04T12:19:37Z	15262.00000	1554.81998	1537.83655	1524.80480
2025-09-04T12:19:38Z	15263.00000	1554.81970	1537.83650	1524.80476
2025-09-04T12:19:38Z	15263.00000	1554.81987	1537.83644	1524.80461
2025-09-04T12:19:38Z	15263.00000	1554.81983	1537.83634	1524.80472
2025-09-04T12:19:38Z	15263.00000	1554.81942	1537.83634	1524.80468
2025-09-04T12:19:38Z	15263.00000	1554.81965	1537.83618	1524.80456
2025-09-04T12:19:38Z	15263.00000	1554.81942	1537.83623	1524.80454
2025-09-04T12:19:38Z	15263.00000	1554.81904	1537.83602	1524.80440
2025-09-04T12:19:38Z	15263.00000	1554.81901	1537.83611	1524.80467
2025-09-04T12:19:38Z	15263.00000	1554.81934	1537.83595	1524.80455
2025-09-04T12:19:39Z	15264.00000	1554.81943	1537.83582	1524.80449
2025-09-04T12:19:39Z	15264.00000	1554.81913	1537.83570	1524.80446
2025-09-04T12:19:39Z	15264.00000	1554.81922	1537.83564	1524.80437
2025-09-04T12:19:39Z	15264.00000	1554.81939	1537.83564	1524.80431
2025-09-04T12:19:39Z	15264.00000	1554.81932	1537.83558	1524.80436
2025-09-04T12:19:39Z	15264.00000	1554.81906	1537.83540	1524.80424
2025-09-04T12:19:39Z	15264.00000	1554.81898	1537.83548	1524.80405
2025-09-04T12:19:40Z	15265.00000	1554.81864	1537.83526	1524.80404
2025-09-04T12:19:40Z	15265.00000	1554.81876	1537.83513	1524.80397
2025-09-04T12:19:40Z	15265.00000	1554.81867	1537.83515	1524.80397
2025-09-04T12:19:40Z	15265.00000	1554.81864	1537.83513	1524.80397
2025-09-04T12:19:40Z	15265.00000	1554.81847	1537.83518	1524.80388
2025-09-04T12:19:40Z	15265.00000	1554.81854	1537.83498	1524.80393
2025-09-04T12:19:40Z	15265.00000	1554.81843	1537.83504	1524.80387
2025-09-04T12:19:40Z	15265.00000	1554.81868	1537.83481	1524.80386
2025-09-04T12:19:40Z	15265.00000	1554.81805	1537.83485	1524.80381
2025-09-04T12:19:41Z	15266.00000	1554.81818	1537.83464	1524.80372
2025-09-04T12:19:41Z	15266.00000	1554.81842	1537.83466	1524.80388
2025-09-04T12:19:41Z	15266.00000	1554.81839	1537.83449	1524.80376
2025-09-04T12:19:41Z	15266.00000	1554.81791	1537.83458	1524.80363
2025-09-04T12:19:41Z	15266.00000	1554.81787	1537.83450	1524.80351
2025-09-04T12:19:41Z	15266.00000	1554.81803	1537.83447	1524.80339
2025-09-04T12:19:41Z	15266.00000	1554.81809	1537.83439	1524.80353
2025-09-04T12:19:41Z	15266.00000	1554.81814	1537.83456	1524.80359
2025-09-04T12:19:41Z	15266.00000	1554.81774	1537.83424	1524.80363
2025-09-04T12:19:42Z	15267.00000	1554.81783	1537.83424	1524.80353
2025-09-04T12:19:42Z	15267.00000	1554.81788	1537.83419	1524.80338
2025-09-04T12:19:42Z	15267.00000	1554.81782	1537.83425	1524.80351
2025-09-04T12:19:42Z	15267.00000	1554.81741	1537.83407	1524.80356
2025-09-04T12:19:42Z	15267.00000	1554.81750	1537.83404	1524.80345
2025-09-04T12:19:42Z	15267.00000	1554.81701	1537.83410	1524.80347
2025-09-04T12:19:42Z	15267.00000	1554.81732	1537.83385	1524.80322
2025-09-04T12:19:42Z	15267.00000	1554.81759	1537.83414	1524.80328
2025-09-04T12:19:42Z	15267.00000	1554.81754	1537.83388	1524.80346
2025-09-04T12:19:42Z	15267.00000	1554.81745	1537.83379	1524.80320
2025-09-04T12:19:43Z	15268.00000	1554.81723	1537.83374	1524.80340
2025-09-04T12:19:43Z	15268.00000	1554.81749	1537.83353	1524.80318
2025-09-04T12:19:43Z	15268.00000	1554.81753	1537.83386	1524.80320
2025-09-04T12:19:43Z	15268.00000	1554.81741	1537.83357	1524.80356
2025-09-04T12:19:43Z	15268.00000	1554.81679	1537.83358	1524.80317
2025-09-04T12:19:43Z	15268.00000	1554.81742	1537.83355	1524.80321
2025-09-04T12:19:43Z	15268.00000	1554.81750	1537.83357	1524.80311
2025-09-04T12:19:43Z	15268.00000	1554.81717	1537.83350	1524.80289
2025-09-04T12:19:43Z	15268.00000	1554.81654	1537.83335	1524.80297
2025-09-04T12:19:43Z	15268.00000	1554.81709	1537.83342	1524.80311
2025-09-04T12:19:44Z	15269.00000	1554.81643	1537.83336	1524.80312
2025-09-04T12:19:44Z	15269.00000	1554.81727	1537.83334	1524.80299
2025-09-04T12:19:44Z	15269.00000	1554.81641	1537.83303	1524.80288
2025-09-04T12:19:44Z	15269.00000	1554.81655	1537.83336	1524.80294
2025-09-04T12:19:44Z	15269.00000	1554.81647	1537.83298	1524.80259
2025-09-04T12:19:44Z	15269.00000	1554.81610	1537.83299	1524.80275
2025-09-04T12:19:44Z	15269.00000	1554.81687	1537.83291	1524.80263
2025-09-04T12:19:44Z	15269.00000	1554.81648	1537.83312	1524.80294
2025-09-04T12:19:44Z	15269.00000	1554.81632	1537.83298	1524.80292
2025-09-04T12:19:44Z	15269.00000	1554.81642	1537.83288	1524.80301
2025-09-04T12:19:45Z	15270.00000	1554.81636	1537.83277	1524.80283
2025-09-04T12:19:45Z	15270.00000	1554.81597	1537.83280	1524.80260
2025-09-04T12:19:45Z	15270.00000	1554.81642	1537.83299	1524.80264
2025-09-04T12:19:45Z	15270.00000	1554.81608	1537.83275	1524.80278
2025-09-04T12:19:45Z	15270.00000	1554.81621	1537.83283	1524.80262
2025-09-04T12:19:45Z	15270.00000	1554.81634	1537.83251	1524.80254
2025-09-04T12:19:45Z	15270.00000	1554.81617	1537.83262	1524.80262
2025-09-04T12:19:45Z	15270.00000	1554.81625	1537.83254	1524.80247
2025-09-04T12:19:45Z	15270.00000	1554.81611	1537.83254	1524.80243
2025-09-04T12:19:45Z	15270.00000	1554.81606	1537.83250	1524.80259
2025-09-04T12:19:46Z	15271.00000	1554.81582	1537.83250	1524.80251
2025-09-04T12:19:46Z	15271.00000	1554.94747	1538.02320	1524.92356
2025-09-04T12:19:46Z	15271.00000	1555.21208	1538.42258	1525.17209
2025-09-04T12:19:46Z	15271.00000	1555.56934	1538.91830	1525.47040
2025-09-04T12:19:46Z	15271.00000	1555.69992	1539.10500	1525.58374
2025-09-04T12:19:46Z	15271.00000	1555.86248	1539.31718	1525.71502
2025-09-04T12:19:46Z	15271.00000	1556.02621	1539.54682	1525.85248
2025-09-04T12:19:46Z	15271.00000	1556.14037	1539.70122	1525.94506
2025-09-04T12:19:46Z	15271.00000	1556.28520	1539.91380	1526.07660
2025-09-04T12:19:47Z	15272.00000	1556.40064	1540.09452	1526.18110
2025-09-04T12:19:47Z	15272.00000	1556.53134	1540.26330	1526.28482
2025-09-04T12:19:47Z	15272.00000	1556.67619	1540.45354	1526.39649
2025-09-04T12:19:47Z	15272.00000	1556.89070	1540.79170	1526.59632
2025-09-04T12:19:47Z	15272.00000	1557.07772	1541.05521	1526.75235
2025-09-04T12:19:47Z	15272.00000	1557.15798	1541.14239	1526.80237
2025-09-04T12:19:47Z	15272.00000	1557.21511	1541.25107	1526.86823
2025-09-04T12:19:47Z	15272.00000	1557.26675	1541.31917	1526.90707
2025-09-04T12:19:48Z	15273.00000	1557.33471	1541.39120	1526.94814
2025-09-04T12:19:48Z	15273.00000	1557.37120	1541.45803	1526.98773
2025-09-04T12:19:48Z	15273.00000	1557.41753	1541.53627	1527.03673
2025-09-04T12:19:48Z	15273.00000	1557.46875	1541.58881	1527.06832
2025-09-04T12:19:48Z	15273.00000	1557.51741	1541.64331	1527.09895
2025-09-04T12:19:48Z	15273.00000	1557.53632	1541.68377	1527.12090
2025-09-04T12:19:48Z	15273.00000	1557.54749	1541.71753	1527.14022
2025-09-04T12:19:48Z	15273.00000	1557.56709	1541.75199	1527.16095
2025-09-04T12:19:48Z	15273.00000	1557.59005	1541.77653	1527.17590
2025-09-04T12:19:48Z	15273.00000	1557.61094	1541.79796	1527.18922
2025-09-04T12:19:49Z	15274.00000	1557.62833	1541.81599	1527.20008
2025-09-04T12:19:49Z	15274.00000	1557.64197	1541.83103	1527.20978
2025-09-04T12:19:49Z	15274.00000	1557.65618	1541.84549	1527.21899
2025-09-04T12:19:49Z	15274.00000	1557.66776	1541.85731	1527.22642
2025-09-04T12:19:49Z	15274.00000	1557.67714	1541.86732	1527.23255
2025-09-04T12:19:49Z	15274.00000	1557.68246	1541.87475	1527.23724
2025-09-04T12:19:49Z	15274.00000	1557.68891	1541.88323	1527.24244
2025-09-04T12:19:49Z	15274.00000	1557.69392	1541.89289	1527.24862
2025-09-04T12:19:49Z	15274.00000	1557.69530	1541.89627	1527.25035
2025-09-04T12:19:50Z	15275.00000	1556.81996	1540.67877	1526.51625
2025-09-04T12:19:50Z	15275.00000	1555.89895	1539.39932	1525.76021
2025-09-04T12:19:50Z	15275.00000	1555.65097	1539.02238	1525.52880
2025-09-04T12:19:50Z	15275.00000	1555.48795	1538.78868	1525.38415
2025-09-04T12:19:50Z	15275.00000	1555.34043	1538.57493	1525.25631
2025-09-04T12:19:50Z	15275.00000	1555.20161	1538.41113	1525.15770
2025-09-04T12:19:50Z	15275.00000	1555.08029	1538.23012	1525.04551
2025-09-04T12:19:50Z	15275.00000	1554.94739	1538.02875	1524.92214
2025-09-04T12:19:50Z	15275.00000	1554.84899	1537.90114	1524.84101
2025-09-04T12:19:50Z	15275.00000	1554.83369	1537.86149	1524.81746
2025-09-04T12:19:51Z	15276.00000	1554.83310	1537.85921	1524.81607
2025-09-04T12:19:51Z	15276.00000	1554.83178	1537.85752	1524.81583
2025-09-04T12:19:51Z	15276.00000	1554.83069	1537.85611	1524.81532
2025-09-04T12:19:51Z	15276.00000	1554.83045	1537.85497	1524.81414
2025-09-04T12:19:51Z	15276.00000	1554.82911	1537.85367	1524.81374
2025-09-04T12:19:51Z	15276.00000	1554.82946	1537.85291	1524.81275
2025-09-04T12:19:51Z	15276.00000	1554.82905	1537.85174	1524.81275
2025-09-04T12:19:51Z	15276.00000	1554.82839	1537.85119	1524.81270
2025-09-04T12:19:51Z	15276.00000	1554.82590	1537.85063	1524.81219
2025-09-04T12:19:51Z	15276.00000	1554.82779	1537.84993	1524.81157
2025-09-04T12:19:52Z	15277.00000	1554.82749	1537.84929	1524.81119
2025-09-04T12:19:52Z	15277.00000	1554.82709	1537.84886	1524.81108
2025-09-04T12:19:52Z	15277.00000	1554.82627	1537.84824	1524.81084
2025-09-04T12:19:52Z	15277.00000	1554.82608	1537.84774	1524.81037
2025-09-04T12:19:52Z	15277.00000	1554.82600	1537.84717	1524.81025
2025-09-04T12:19:52Z	15277.00000	1554.82598	1537.84681	1524.80996
2025-09-04T12:19:52Z	15277.00000	1554.82562	1537.84621	1524.80980
2025-09-04T12:19:52Z	15277.00000	1554.82519	1537.84595	1524.80977
2025-09-04T12:19:52Z	15277.00000	1554.82402	1537.84556	1524.80941
2025-09-04T12:19:52Z	15277.00000	1554.82379	1537.84520	1524.80918
2025-09-04T12:19:53Z	15278.00000	1554.82378	1537.84484	1524.80888
2025-09-04T12:19:53Z	15278.00000	1554.82359	1537.84463	1524.80903
2025-09-04T12:19:53Z	15278.00000	1554.82417	1537.84446	1524.80881
2025-09-04T12:19:53Z	15278.00000	1554.82323	1537.84420	1524.80875
2025-09-04T12:19:53Z	15278.00000	1554.82385	1537.84374	1524.80858
2025-09-04T12:19:53Z	15278.00000	1554.82270	1537.84339	1524.80827
2025-09-04T12:19:53Z	15278.00000	1554.82272	1537.84313	1524.80807
2025-09-04T12:19:53Z	15278.00000	1554.82304	1537.84283	1524.80812
2025-09-04T12:19:53Z	15278.00000	1554.82335	1537.84263	1524.80784
2025-09-04T12:19:53Z	15278.00000	1554.82317	1537.84243	1524.80775
2025-09-04T12:19:54Z	15279.00000	1554.82320	1537.84237	1524.80758
2025-09-04T12:19:54Z	15279.00000	1554.82316	1537.84213	1524.80772
2025-09-04T12:19:54Z	15279.00000	1554.82196	1537.84192	1524.80783
2025-09-04T12:19:54Z	15279.00000	1554.82238	1537.84162	1524.80737
2025-09-04T12:19:54Z	15279.00000	1554.82234	1537.84147	1524.80700
2025-09-04T12:19:54Z	15279.00000	1554.82233	1537.84134	1524.80699
2025-09-04T12:19:54Z	15279.00000	1554.82235	1537.84116	1524.80693
2025-09-04T12:19:54Z	15279.00000	1554.82125	1537.84093	1524.80694
2025-09-04T12:19:54Z	15279.00000	1554.82197	1537.84064	1524.80688
2025-09-04T12:19:54Z	15279.00000	1554.82198	1537.84033	1524.80663
2025-09-04T12:19:55Z	15280.00000	1554.82180	1537.84013	1524.80656
2025-09-04T12:19:55Z	15280.00000	1554.89715	1537.96350	1524.88446
2025-09-04T12:19:55Z	15280.00000	1555.04925	1538.18546	1525.01969
2025-09-04T12:19:55Z	15280.00000	1555.22570	1538.43830	1525.17905
2025-09-04T12:19:55Z	15280.00000	1555.37843	1538.65517	1525.31180
2025-09-04T12:19:55Z	15280.00000	1555.58982	1538.94228	1525.48387
2025-09-04T12:19:55Z	15280.00000	1555.74828	1539.16663	1525.61982
2025-09-04T12:19:55Z	15280.00000	1555.90120	1539.38243	1525.75544
2025-09-04T12:19:55Z	15280.00000	1556.03980	1539.58684	1525.87514
2025-09-04T12:19:55Z	15280.00000	1556.20125	1539.80462	1526.00881
2025-09-04T12:19:56Z	15281.00000	1556.34562	1539.98518	1526.11888
2025-09-04T12:19:56Z	15281.00000	1556.46227	1540.16648	1526.22266
2025-09-04T12:19:56Z	15281.00000	1556.59158	1540.36114	1526.34258
2025-09-04T12:19:56Z	15281.00000	1556.71513	1540.54213	1526.44953
2025-09-04T12:19:56Z	15281.00000	1556.85628	1540.71145	1526.54937
2025-09-04T12:19:56Z	15281.00000	1556.91627	1540.82310	1526.61512
2025-09-04T12:19:56Z	15281.00000	1557.02301	1540.94652	1526.68951
2025-09-04T12:19:56Z	15281.00000	1557.08087	1541.06029	1526.75505
2025-09-04T12:19:56Z	15281.00000	1557.18789	1541.17935	1526.82524
2025-09-04T12:19:56Z	15281.00000	1557.22588	1541.27366	1526.88076
2025-09-04T12:19:57Z	15282.00000	1557.30872	1541.36540	1526.93404
2025-09-04T12:19:57Z	15282.00000	1557.36798	1541.44857	1526.98151
2025-09-04T12:19:57Z	15282.00000	1557.40696	1541.52568	1527.02921
2025-09-04T12:19:57Z	15282.00000	1557.45385	1541.57462	1527.05933
2025-09-04T12:19:57Z	15282.00000	1557.50275	1541.62615	1527.08851
2025-09-04T12:19:57Z	15282.00000	1557.53137	1541.67107	1527.11295
2025-09-04T12:19:57Z	15282.00000	1557.54403	1541.70831	1527.13406
2025-09-04T12:19:57Z	15282.00000	1557.55883	1541.74170	1527.15390
2025-09-04T12:19:57Z	15282.00000	1557.58678	1541.77465	1527.17394
2025-09-04T12:19:57Z	15282.00000	1557.60987	1541.79791	1527.18856
2025-09-04T12:19:58Z	15283.00000	1557.63156	1541.82084	1527.20281
2025-09-04T12:19:58Z	15283.00000	1557.64723	1541.83704	1527.21263
2025-09-04T12:19:58Z	15283.00000	1557.65984	1541.85073	1527.22157
2025-09-04T12:19:58Z	15283.00000	1557.67222	1541.86359	1527.22999
2025-09-04T12:19:58Z	15283.00000	1557.67912	1541.87190	1527.23498
2025-09-04T12:19:58Z	15283.00000	1557.68654	1541.88132	1527.24074
2025-09-04T12:19:58Z	15283.00000	1557.69107	1541.88788	1527.24500
2025-09-04T12:19:58Z	15283.00000	1557.69384	1541.89387	1527.24875
2025-09-04T12:19:58Z	15283.00000	1557.69680	1541.90007	1527.25212
2025-09-04T12:19:58Z	15283.00000	1557.69849	1541.90443	1527.25530
2025-09-04T12:19:59Z	15284.00000	1557.69995	1541.90872	1527.25780
2025-09-04T12:19:59Z	15284.00000	1556.19718	1539.82015	1526.01139
2025-09-04T12:19:59Z	15284.00000	1555.87594	1539.37151	1525.74551
2025-09-04T12:19:59Z	15284.00000	1555.68756	1539.08408	1525.56618
2025-09-04T12:19:59Z	15284.00000	1555.50261	1538.81192	1525.39846
2025-09-04T12:19:59Z	15284.00000	1555.33489	1538.56624	1525.25176
2025-09-04T12:19:59Z	15284.00000	1555.19676	1538.40291	1525.15209
2025-09-04T12:19:59Z	15284.00000	1555.04374	1538.18500	1525.01874
2025-09-04T12:19:59Z	15284.00000	1554.93571	1538.01493	1524.91371
2025-09-04T12:19:59Z	15284.00000	1554.84391	1537.88454	1524.83197
2025-09-04T12:20:00Z	15285.00000	1554.83466	1537.86386	1524.81874
2025-09-04T12:20:00Z	15285.00000	1554.83405	1537.86137	1524.81705
2025-09-04T12:20:00Z	15285.00000	1554.83269	1537.85994	1524.81716
2025-09-04T12:20:00Z	15285.00000	1554.82932	1537.85872	1524.81676
2025-09-04T12:20:00Z	15285.00000	1554.83199	1537.85745	1524.81597
2025-09-04T12:20:00Z	15285.00000	1554.83141	1537.85671	1524.81532
2025-09-04T12:20:00Z	15285.00000	1554.83123	1537.85555	1524.81471
2025-09-04T12:20:00Z	15285.00000	1554.82906	1537.85421	1524.81444
2025-09-04T12:20:00Z	15285.00000	1554.82849	1537.85344	1524.81426
2025-09-04T12:20:01Z	15285.00000	1554.82860	1537.85273	1524.81328
2025-09-04T12:20:01Z	15286.00000	1554.82721	1537.85210	1524.81299
2025-09-04T12:20:01Z	15286.00000	1554.82901	1537.85186	1524.81271
2025-09-04T12:20:01Z	15286.00000	1554.82832	1537.85123	1524.81258
2025-09-04T12:20:01Z	15286.00000	1554.82812	1537.85090	1524.81250
2025-09-04T12:20:01Z	15286.00000	1554.82747	1537.85020	1524.81208
2025-09-04T12:20:01Z	15286.00000	1554.82741	1537.84989	1524.81183
2025-09-04T12:20:01Z	15286.00000	1554.82696	1537.84925	1524.81168
2025-09-04T12:20:01Z	15286.00000	1554.82687	1537.84894	1524.81153
2025-09-04T12:20:01Z	15286.00000	1554.82693	1537.84850	1524.81124
2025-09-04T12:20:01Z	15286.00000	1554.82654	1537.84797	1524.81113
2025-09-04T12:20:02Z	15287.00000	1554.82629	1537.84757	1524.81064
2025-09-04T12:20:02Z	15287.00000	1554.82593	1537.84740	1524.81073
2025-09-04T12:20:02Z	15287.00000	1554.82432	1537.84684	1524.81048
2025-09-04T12:20:02Z	15287.00000	1554.82538	1537.84664	1524.81019
2025-09-04T12:20:02Z	15287.00000	1554.82521	1537.84629	1524.81007
2025-09-04T12:20:02Z	15287.00000	1554.82527	1537.84596	1524.80986
2025-09-04T12:20:02Z	15287.00000	1554.82396	1537.84565	1524.80980
2025-09-04T12:20:02Z	15287.00000	1554.82381	1537.84543	1524.80945
2025-09-04T12:20:02Z	15287.00000	1554.82424	1537.84509	1524.80940
2025-09-04T12:20:02Z	15287.00000	1554.82346	1537.84489	1524.80941
2025-09-04T12:20:03Z	15288.00000	1554.82346	1537.84452	1524.80885
2025-09-04T12:20:03Z	15288.00000	1554.82332	1537.84444	1524.80883
2025-09-04T12:20:03Z	15288.00000	1554.82326	1537.84425	1524.80885
2025-09-04T12:20:03Z	15288.00000	1554.82311	1537.84393	1524.80903
2025-09-04T12:20:03Z	15288.00000	1554.82385	1537.84360	1524.80880
2025-09-04T12:20:03Z	15288.00000	1554.82373	1537.84323	1524.80833
2025-09-04T12:20:03Z	15288.00000	1554.82386	1537.84304	1524.80815
2025-09-04T12:20:03Z	15288.00000	1554.82339	1537.84298	1524.80821
2025-09-04T12:20:03Z	15288.00000	1554.82338	1537.84286	1524.80830
2025-09-04T12:20:03Z	15288.00000	1554.82330	1537.84260	1524.80801
2025-09-04T12:20:04Z	15289.00000	1554.82336	1537.84258	1524.80809
2025-09-04T12:20:04Z	15289.00000	1554.88107	1537.94557	1524.87370
2025-09-04T12:20:04Z	15289.00000	1555.09696	1538.24785	1525.05903
2025-09-04T12:20:04Z	15289.00000	1555.34171	1538.57816	1525.26423
2025-09-04T12:20:04Z	15289.00000	1555.55851	1538.90758	1525.46324
2025-09-04T12:20:04Z	15289.00000	1555.69590	1539.09668	1525.57869
2025-09-04T12:20:04Z	15289.00000	1555.84326	1539.27276	1525.68735
2025-09-04T12:20:04Z	15289.00000	1555.98769	1539.48255	1525.81532
2025-09-04T12:20:04Z	15289.00000	1556.17053	1539.73964	1525.96895
2025-09-04T12:20:04Z	15289.00000	1556.29157	1539.92353	1526.08271
2025-09-04T12:20:05Z	15290.00000	1556.38122	1540.07448	1526.16948
2025-09-04T12:20:05Z	15290.00000	1556.53519	1540.27668	1526.29248
2025-09-04T12:20:05Z	15290.00000	1556.68345	1540.46513	1526.40280
2025-09-04T12:20:05Z	15290.00000	1556.77482	1540.61439	1526.49303
2025-09-04T12:20:05Z	15290.00000	1556.87191	1540.75465	1526.57443
2025-09-04T12:20:05Z	15290.00000	1556.98825	1540.90302	1526.66388
2025-09-04T12:20:05Z	15290.00000	1557.04301	1541.00244	1526.72260
2025-09-04T12:20:05Z	15290.00000	1557.16013	1541.14762	1526.80597
2025-09-04T12:20:05Z	15290.00000	1557.21670	1541.25720	1526.87162
2025-09-04T12:20:05Z	15290.00000	1557.28409	1541.33926	1526.91818
2025-09-04T12:20:06Z	15291.00000	1557.33961	1541.39935	1526.95299
2025-09-04T12:20:06Z	15291.00000	1557.37811	1541.47939	1527.00053
2025-09-04T12:20:06Z	15291.00000	1557.41242	1541.53244	1527.03366
2025-09-04T12:20:06Z	15291.00000	1557.47721	1541.60023	1527.07361
2025-09-04T12:20:06Z	15291.00000	1557.52433	1541.65606	1527.10469
2025-09-04T12:20:06Z	15291.00000	1557.53759	1541.68969	1527.12335
2025-09-04T12:20:06Z	15291.00000	1557.55450	1541.73629	1527.15055
2025-09-04T12:20:06Z	15291.00000	1557.57297	1541.76040	1527.16515
2025-09-04T12:20:06Z	15291.00000	1557.59767	1541.78616	1527.18112
2025-09-04T12:20:06Z	15291.00000	1557.61847	1541.80799	1527.19467
2025-09-04T12:20:07Z	15292.00000	1557.63839	1541.82908	1527.20796
2025-09-04T12:20:07Z	15292.00000	1557.65431	1541.84594	1527.21829
2025-09-04T12:20:07Z	15292.00000	1557.66399	1541.85561	1527.22458
2025-09-04T12:20:07Z	15292.00000	1557.67449	1541.86758	1527.23222
2025-09-04T12:20:07Z	15292.00000	1557.68290	1541.87724	1527.23835
2025-09-04T12:20:07Z	15292.00000	1557.68881	1541.88555	1527.24334
2025-09-04T12:20:07Z	15292.00000	1557.69188	1541.89021	1527.24651
2025-09-04T12:20:07Z	15292.00000	1557.69446	1541.89594	1527.24991
2025-09-04T12:20:07Z	15292.00000	1557.69671	1541.90046	1527.25274
2025-09-04T12:20:07Z	15292.00000	1557.69842	1541.90518	1527.25527
2025-09-04T12:20:08Z	15293.00000	1557.59443	1541.77549	1527.18269
2025-09-04T12:20:08Z	15293.00000	1556.05908	1539.62618	1525.88608
2025-09-04T12:20:08Z	15293.00000	1555.76018	1539.19267	1525.62708
2025-09-04T12:20:08Z	15293.00000	1555.56499	1538.92762	1525.47074
2025-09-04T12:20:08Z	15293.00000	1555.38844	1538.67211	1525.31512
2025-09-04T12:20:08Z	15293.00000	1555.27791	1538.50184	1525.21356
2025-09-04T12:20:08Z	15293.00000	1555.12369	1538.27914	1525.07602
2025-09-04T12:20:08Z	15293.00000	1554.98427	1538.07146	1524.94944
2025-09-04T12:20:08Z	15293.00000	1554.85320	1537.91184	1524.84902
2025-09-04T12:20:09Z	15293.00000	1554.83491	1537.86576	1524.82019
2025-09-04T12:20:09Z	15294.00000	1554.83520	1537.86321	1524.81879
2025-09-04T12:20:09Z	15294.00000	1554.83389	1537.86197	1524.81851
2025-09-04T12:20:09Z	15294.00000	1554.83319	1537.86073	1524.81828
2025-09-04T12:20:09Z	15294.00000	1554.83250	1537.85946	1524.81736
2025-09-04T12:20:09Z	15294.00000	1554.83235	1537.85827	1524.81654
2025-09-04T12:20:09Z	15294.00000	1554.83208	1537.85734	1524.81588
2025-09-04T12:20:09Z	15294.00000	1554.83153	1537.85632	1524.81536
2025-09-04T12:20:09Z	15294.00000	1554.82827	1537.85541	1524.81531
2025-09-04T12:20:09Z	15294.00000	1554.83014	1537.85457	1524.81482
2025-09-04T12:20:09Z	15294.00000	1554.82780	1537.85391	1524.81409
2025-09-04T12:20:10Z	15295.00000	1554.82753	1537.85322	1524.81383
2025-09-04T12:20:10Z	15295.00000	1554.82887	1537.85246	1524.81356
2025-09-04T12:20:10Z	15295.00000	1554.82867	1537.85199	1524.81353
2025-09-04T12:20:10Z	15295.00000	1554.82839	1537.85106	1524.81293
2025-09-04T12:20:10Z	15295.00000	1554.82627	1537.85059	1524.81243
2025-09-04T12:20:10Z	15295.00000	1554.82743	1537.85038	1524.81253
2025-09-04T12:20:10Z	15295.00000	1554.82775	1537.84999	1524.81251
2025-09-04T12:20:10Z	15295.00000	1554.82770	1537.84975	1524.81229
2025-09-04T12:20:10Z	15295.00000	1554.82548	1537.84930	1524.81219
2025-09-04T12:20:10Z	15295.00000	1554.82673	1537.84887	1524.81140
2025-09-04T12:20:11Z	15296.00000	1554.82638	1537.84846	1524.81123
2025-09-04T12:20:11Z	15296.00000	1554.82609	1537.84810	1524.81113
2025-09-04T12:20:11Z	15296.00000	1554.82477	1537.84775	1524.81094
2025-09-04T12:20:11Z	15296.00000	1554.82476	1537.84743	1524.81089
2025-09-04T12:20:11Z	15296.00000	1554.82461	1537.84710	1524.81078
2025-09-04T12:20:11Z	15296.00000	1554.82564	1537.84672	1524.81069
2025-09-04T12:20:11Z	15296.00000	1554.82514	1537.84655	1524.81038
2025-09-04T12:20:11Z	15296.00000	1554.82412	1537.84633	1524.81022
2025-09-04T12:20:11Z	15296.00000	1554.82510	1537.84599	1524.81009
2025-09-04T12:20:11Z	15296.00000	1554.82496	1537.84573	1524.80985
2025-09-04T12:20:12Z	15297.00000	1554.82482	1537.84532	1524.80957
2025-09-04T12:20:12Z	15297.00000	1554.82365	1537.84537	1524.80987
2025-09-04T12:20:12Z	15297.00000	1554.82432	1537.84507	1524.80966
2025-09-04T12:20:12Z	15297.00000	1554.82449	1537.84457	1524.80938
2025-09-04T12:20:12Z	15297.00000	1554.82335	1537.84449	1524.80919
2025-09-04T12:20:12Z	15297.00000	1554.82339	1537.84411	1524.80909
2025-09-04T12:20:12Z	15297.00000	1554.82411	1537.84407	1524.80903
2025-09-04T12:20:12Z	15297.00000	1554.82279	1537.84367	1524.80876
2025-09-04T12:20:12Z	15297.00000	1554.82284	1537.84369	1524.80865
2025-09-04T12:20:12Z	15297.00000	1554.82275	1537.84328	1524.80865
2025-09-04T12:20:13Z	15298.00000	1554.82354	1537.84326	1524.80853
2025-09-04T12:20:13Z	15298.00000	1555.01168	1538.11223	1524.97421
2025-09-04T12:20:13Z	15298.00000	1555.19791	1538.40145	1525.15481
2025-09-04T12:20:13Z	15298.00000	1555.42219	1538.70488	1525.34001
2025-09-04T12:20:13Z	15298.00000	1555.55882	1538.90751	1525.46295
2025-09-04T12:20:13Z	15298.00000	1555.79296	1539.21433	1525.65062
2025-09-04T12:20:13Z	15298.00000	1555.93780	1539.42330	1525.78177
2025-09-04T12:20:13Z	15298.00000	1556.09854	1539.65871	1525.91867
2025-09-04T12:20:13Z	15298.00000	1556.27741	1539.90697	1526.07174
2025-09-04T12:20:14Z	15298.00000	1556.44684	1540.14822	1526.21180
2025-09-04T12:20:14Z	15299.00000	1556.55631	1540.32114	1526.31950
2025-09-04T12:20:14Z	15299.00000	1556.67815	1540.45654	1526.39705
2025-09-04T12:20:14Z	15299.00000	1556.74846	1540.58398	1526.47457
2025-09-04T12:20:14Z	15299.00000	1556.88145	1540.77803	1526.58738
2025-09-04T12:20:14Z	15299.00000	1557.06603	1541.04120	1526.74409
2025-09-04T12:20:14Z	15299.00000	1557.14395	1541.12892	1526.79426
2025-09-04T12:20:14Z	15299.00000	1557.21074	1541.23900	1526.86040
2025-09-04T12:20:14Z	15299.00000	1557.26030	1541.31220	1526.90206
2025-09-04T12:20:14Z	15299.00000	1557.31914	1541.37493	1526.93805
2025-09-04T12:20:15Z	15300.00000	1557.37566	1541.47039	1526.99402
2025-09-04T12:20:15Z	15300.00000	1557.40347	1541.52163	1527.02625
2025-09-04T12:20:15Z	15300.00000	1557.45777	1541.57823	1527.06044
2025-09-04T12:20:15Z	15300.00000	1557.52025	1541.64758	1527.09959
2025-09-04T12:20:15Z	15300.00000	1557.54192	1541.70148	1527.12937
2025-09-04T12:20:15Z	15300.00000	1557.55265	1541.72983	1527.14588
2025-09-04T12:20:15Z	15300.00000	1557.56884	1541.75465	1527.16087
2025-09-04T12:20:15Z	15300.00000	1557.58840	1541.77594	1527.17389
2025-09-04T12:20:15Z	15300.00000	1557.62537	1541.81354	1527.19734
2025-09-04T12:20:16Z	15301.00000	1557.64121	1541.82990	1527.20718
2025-09-04T12:20:16Z	15301.00000	1557.65728	1541.84736	1527.21832
2025-09-04T12:20:16Z	15301.00000	1557.66895	1541.85922	1527.22590
2025-09-04T12:20:16Z	15301.00000	1557.68038	1541.87287	1527.23476
2025-09-04T12:20:16Z	15301.00000	1557.68677	1541.88097	1527.23924
2025-09-04T12:20:16Z	15301.00000	1557.69105	1541.88714	1527.24338
2025-09-04T12:20:16Z	15301.00000	1557.69337	1541.89220	1527.24652
2025-09-04T12:20:16Z	15301.00000	1557.69555	1541.89637	1527.24908
2025-09-04T12:20:17Z	15302.00000	1557.69826	1541.90351	1527.25318
2025-09-04T12:20:17Z	15302.00000	1556.86989	1540.75646	1526.56111
2025-09-04T12:20:17Z	15302.00000	1555.74950	1539.18133	1525.62178
2025-09-04T12:20:17Z	15302.00000	1555.56638	1538.92948	1525.47120
2025-09-04T12:20:17Z	15302.00000	1555.38851	1538.67136	1525.31445
2025-09-04T12:20:17Z	15302.00000	1555.21975	1538.43393	1525.17151
2025-09-04T12:20:17Z	15302.00000	1555.06580	1538.21202	1525.03452
2025-09-04T12:20:17Z	15302.00000	1554.93103	1538.00982	1524.91035
2025-09-04T12:20:17Z	15302.00000	1554.85671	1537.91684	1524.85107
2025-09-04T12:20:18Z	15303.00000	1554.83591	1537.86586	1524.81954
2025-09-04T12:20:18Z	15303.00000	1554.83596	1537.86412	1524.81843
2025-09-04T12:20:18Z	15303.00000	1554.83361	1537.86146	1524.81835
2025-09-04T12:20:18Z	15303.00000	1554.83364	1537.86008	1524.81746
2025-09-04T12:20:18Z	15303.00000	1554.83006	1537.85772	1524.81598
2025-09-04T12:20:18Z	15303.00000	1554.83163	1537.85683	1524.81561
2025-09-04T12:20:18Z	15303.00000	1554.83080	1537.85602	1524.81549
2025-09-04T12:20:19Z	15304.00000	1554.83076	1537.85462	1524.81447
2025-09-04T12:20:19Z	15304.00000	1554.83058	1537.85398	1524.81408
2025-09-04T12:20:19Z	15304.00000	1554.82938	1537.85274	1524.81381
2025-09-04T12:20:19Z	15304.00000	1554.82931	1537.85230	1524.81337
2025-09-04T12:20:19Z	15304.00000	1554.82912	1537.85185	1524.81300
2025-09-04T12:20:19Z	15304.00000	1554.82889	1537.85120	1524.81281
2025-09-04T12:20:19Z	15304.00000	1554.82824	1537.85076	1524.81221
2025-09-04T12:20:19Z	15304.00000	1554.82609	1537.85013	1524.81235
2025-09-04T12:20:20Z	15304.00000	1554.82600	1537.84986	1524.81193
2025-09-04T12:20:20Z	15305.00000	1554.82773	1537.84940	1524.81161
2025-09-04T12:20:20Z	15305.00000	1554.82732	1537.84876	1524.81127
2025-09-04T12:20:20Z	15305.00000	1554.82707	1537.84865	1524.81138
2025-09-04T12:20:20Z	15305.00000	1554.82683	1537.84834	1524.81109
2025-09-04T12:20:20Z	15305.00000	1554.82667	1537.84796	1524.81100
2025-09-04T12:20:20Z	15305.00000	1554.82607	1537.84759	1524.81079
2025-09-04T12:20:20Z	15305.00000	1554.82602	1537.84737	1524.81059
2025-09-04T12:20:20Z	15305.00000	1554.82612	1537.84731	1524.81047
2025-09-04T12:20:20Z	15305.00000	1554.82466	1537.84667	1524.81020
2025-09-04T12:20:21Z	15306.00000	1554.82512	1537.84617	1524.81000
2025-09-04T12:20:21Z	15306.00000	1554.82437	1537.84628	1524.81004
2025-09-04T12:20:21Z	15306.00000	1554.82528	1537.84556	1524.80982
2025-09-04T12:20:21Z	15306.00000	1554.82374	1537.84509	1524.80938
2025-09-04T12:20:21Z	15306.00000	1554.82389	1537.84488	1524.80916
2025-09-04T12:20:21Z	15306.00000	1554.82360	1537.84446	1524.80919
2025-09-04T12:20:21Z	15306.00000	1554.82456	1537.84437	1524.80913
2025-09-04T12:20:22Z	15307.00000	1554.82418	1537.84387	1524.80871
2025-09-04T12:20:22Z	15307.00000	1554.82414	1537.84414	1524.80888
2025-09-04T12:20:22Z	15307.00000	1555.00683	1538.10494	1524.97370
2025-09-04T12:20:22Z	15307.00000	1555.23722	1538.45098	1525.18486
2025-09-04T12:20:22Z	15307.00000	1555.42346	1538.70716	1525.34135
2025-09-04T12:20:22Z	15307.00000	1555.59517	1538.94811	1525.48762
2025-09-04T12:20:22Z	15307.00000	1555.79193	1539.21315	1525.64912
2025-09-04T12:20:22Z	15307.00000	1556.00282	1539.50106	1525.82468
2025-09-04T12:20:22Z	15307.00000	1556.13484	1539.69746	1525.94146
2025-09-04T12:20:22Z	15307.00000	1556.25003	1539.87654	1526.05196
2025-09-04T12:20:23Z	15308.00000	1556.39099	1540.08658	1526.17531
2025-09-04T12:20:23Z	15308.00000	1556.51949	1540.23448	1526.26372
2025-09-04T12:20:23Z	15308.00000	1556.72047	1540.55141	1526.45419
2025-09-04T12:20:23Z	15308.00000	1556.84591	1540.69463	1526.53917
2025-09-04T12:20:23Z	15308.00000	1556.94090	1540.84899	1526.63010
2025-09-04T12:20:23Z	15308.00000	1557.03889	1540.98833	1526.71292
2025-09-04T12:20:23Z	15308.00000	1557.13190	1541.11562	1526.78596
2025-09-04T12:20:23Z	15308.00000	1557.23793	1541.28738	1526.88748
2025-09-04T12:20:24Z	15309.00000	1557.30914	1541.36542	1526.93162
2025-09-04T12:20:24Z	15309.00000	1557.36823	1541.44899	1526.98047
2025-09-04T12:20:24Z	15309.00000	1557.39561	1541.51304	1527.01979
2025-09-04T12:20:24Z	15309.00000	1557.45025	1541.57066	1527.05543
2025-09-04T12:20:24Z	15309.00000	1557.50713	1541.63192	1527.09010
2025-09-04T12:20:24Z	15309.00000	1557.53327	1541.67653	1527.11439
2025-09-04T12:20:24Z	15309.00000	1557.54561	1541.71255	1527.13482
2025-09-04T12:20:24Z	15309.00000	1557.56000	1541.74340	1527.15360
2025-09-04T12:20:24Z	15309.00000	1557.58666	1541.77479	1527.17268
2025-09-04T12:20:24Z	15309.00000	1557.60862	1541.79730	1527.18603
2025-09-04T12:20:25Z	15310.00000	1557.62512	1541.81504	1527.19756
2025-09-04T12:20:25Z	15310.00000	1557.64224	1541.83283	1527.20827
2025-09-04T12:20:25Z	15310.00000	1557.65593	1541.84641	1527.21665
2025-09-04T12:20:25Z	15310.00000	1557.66743	1541.85773	1527.22375
2025-09-04T12:20:25Z	15310.00000	1557.67797	1541.87358	1527.23389
2025-09-04T12:20:25Z	15310.00000	1557.68068	1541.87842	1527.23677
2025-09-04T12:20:25Z	15310.00000	1557.68860	1541.88454	1527.24096
2025-09-04T12:20:25Z	15310.00000	1557.69155	1541.88944	1527.24352
2025-09-04T12:20:25Z	15310.00000	1557.69383	1541.89377	1527.24586
2025-09-04T12:20:26Z	15311.00000	1557.69538	1541.89789	1527.24887
2025-09-04T12:20:26Z	15311.00000	1556.07505	1539.64953	1525.89962
2025-09-04T12:20:26Z	15311.00000	1555.80494	1539.24114	1525.65817
2025-09-04T12:20:26Z	15311.00000	1555.58019	1538.94405	1525.48015
2025-09-04T12:20:26Z	15311.00000	1555.40124	1538.68587	1525.32318
2025-09-04T12:20:26Z	15311.00000	1555.17914	1538.35530	1525.12355
2025-09-04T12:20:26Z	15311.00000	1555.03570	1538.17199	1525.01126
2025-09-04T12:20:26Z	15311.00000	1554.89863	1537.97271	1524.88736
2025-09-04T12:20:26Z	15311.00000	1554.83929	1537.87215	1524.82334
2025-09-04T12:20:27Z	15312.00000	1554.83546	1537.86473	1524.81906
2025-09-04T12:20:27Z	15312.00000	1554.83510	1537.86361	1524.81885
2025-09-04T12:20:27Z	15312.00000	1554.83430	1537.86238	1524.81926
2025-09-04T12:20:27Z	15312.00000	1554.83335	1537.85990	1524.81777
2025-09-04T12:20:27Z	15312.00000	1554.83291	1537.85820	1524.81637
2025-09-04T12:20:27Z	15312.00000	1554.83251	1537.85736	1524.81596
2025-09-04T12:20:27Z	15312.00000	1554.83116	1537.85642	1524.81571
2025-09-04T12:20:27Z	15312.00000	1554.83109	1537.85575	1524.81587
2025-09-04T12:20:27Z	15312.00000	1554.83049	1537.85525	1524.81516
2025-09-04T12:20:28Z	15313.00000	1554.82824	1537.85439	1524.81455
2025-09-04T12:20:28Z	15313.00000	1554.82905	1537.85351	1524.81418
2025-09-04T12:20:28Z	15313.00000	1554.82904	1537.85284	1524.81384
2025-09-04T12:20:28Z	15313.00000	1554.82926	1537.85202	1524.81338
2025-09-04T12:20:28Z	15313.00000	1554.82886	1537.85159	1524.81315
2025-09-04T12:20:28Z	15313.00000	1554.82858	1537.85091	1524.81276
2025-09-04T12:20:28Z	15313.00000	1554.82805	1537.85076	1524.81272
2025-09-04T12:20:28Z	15313.00000	1554.82810	1537.85043	1524.81260
2025-09-04T12:20:28Z	15313.00000	1554.82598	1537.85008	1524.81216
2025-09-04T12:20:29Z	15314.00000	1554.82745	1537.84946	1524.81200
2025-09-04T12:20:29Z	15314.00000	1554.82723	1537.84895	1524.81170
2025-09-04T12:20:29Z	15314.00000	1554.82710	1537.84843	1524.81155
2025-09-04T12:20:29Z	15314.00000	1554.82632	1537.84834	1524.81138
2025-09-04T12:20:29Z	15314.00000	1554.82628	1537.84769	1524.81104
2025-09-04T12:20:29Z	15314.00000	1554.82584	1537.84700	1524.81071
2025-09-04T12:20:29Z	15314.00000	1554.82474	1537.84686	1524.81070
2025-09-04T12:20:29Z	15314.00000	1554.82464	1537.84668	1524.81063
2025-09-04T12:20:30Z	15315.00000	1554.82444	1537.84634	1524.81024
2025-09-04T12:20:30Z	15315.00000	1554.82454	1537.84620	1524.81036
2025-09-04T12:20:30Z	15315.00000	1554.82505	1537.84578	1524.80996
2025-09-04T12:20:30Z	15315.00000	1554.82391	1537.84564	1524.81009
2025-09-04T12:20:30Z	15315.00000	1554.82474	1537.84537	1524.80996
2025-09-04T12:20:30Z	15315.00000	1554.82389	1537.84513	1524.80958
2025-09-04T12:20:30Z	15315.00000	1554.82357	1537.84490	1524.80944
2025-09-04T12:20:30Z	15315.00000	1554.82342	1537.84447	1524.80942
2025-09-04T12:20:30Z	15315.00000	1554.82428	1537.84427	1524.80917
2025-09-04T12:20:31Z	15316.00000	1554.82340	1537.84394	1524.80905
2025-09-04T12:20:31Z	15316.00000	1554.91240	1537.97828	1524.89647
2025-09-04T12:20:31Z	15316.00000	1555.12730	1538.28041	1525.07890
2025-09-04T12:20:31Z	15316.00000	1555.35407	1538.60904	1525.28246
2025-09-04T12:20:31Z	15316.00000	1555.52623	1538.85430	1525.42959
2025-09-04T12:20:31Z	15316.00000	1555.70868	1539.12208	1525.59324
2025-09-04T12:20:31Z	15316.00000	1555.88999	1539.36686	1525.74598
2025-09-04T12:20:31Z	15316.00000	1556.03419	1539.57290	1525.86680
2025-09-04T12:20:31Z	15316.00000	1556.20920	1539.82294	1526.01982
2025-09-04T12:20:32Z	15316.00000	1556.36566	1540.03265	1526.14547
2025-09-04T12:20:32Z	15317.00000	1556.55692	1540.32045	1526.31892
2025-09-04T12:20:32Z	15317.00000	1556.67670	1540.45745	1526.39740
2025-09-04T12:20:32Z	15317.00000	1556.77019	1540.60714	1526.48801
2025-09-04T12:20:32Z	15317.00000	1556.87035	1540.74782	1526.56916
2025-09-04T12:20:32Z	15317.00000	1556.98838	1540.89991	1526.66133
2025-09-04T12:20:32Z	15317.00000	1557.05977	1541.03410	1526.73985
2025-09-04T12:20:32Z	15317.00000	1557.17025	1541.15647	1526.81033
2025-09-04T12:20:32Z	15317.00000	1557.21584	1541.25327	1526.86841
2025-09-04T12:20:32Z	15317.00000	1557.28351	1541.33706	1526.91607
2025-09-04T12:20:33Z	15318.00000	1557.33931	1541.39784	1526.95097
2025-09-04T12:20:33Z	15318.00000	1557.37391	1541.46665	1526.99102
2025-09-04T12:20:33Z	15318.00000	1557.41868	1541.53840	1527.03583
2025-09-04T12:20:33Z	15318.00000	1557.47165	1541.59331	1527.06878
2025-09-04T12:20:33Z	15318.00000	1557.52827	1541.66348	1527.10773
2025-09-04T12:20:33Z	15318.00000	1557.53951	1541.69538	1527.12539
2025-09-04T12:20:33Z	15318.00000	1557.55173	1541.72863	1527.14464
2025-09-04T12:20:33Z	15318.00000	1557.56943	1541.75220	1527.15867
2025-09-04T12:20:33Z	15318.00000	1557.59251	1541.78020	1527.17582
2025-09-04T12:20:33Z	15318.00000	1557.61182	1541.79998	1527.18816
2025-09-04T12:20:34Z	15319.00000	1557.62787	1541.81660	1527.19841
2025-09-04T12:20:34Z	15319.00000	1557.64295	1541.83267	1527.20848
2025-09-04T12:20:34Z	15319.00000	1557.65340	1541.84377	1527.21526
2025-09-04T12:20:34Z	15319.00000	1557.66169	1541.85260	1527.22111
2025-09-04T12:20:34Z	15319.00000	1557.67048	1541.86226	1527.22700
2025-09-04T12:20:34Z	15319.00000	1557.67915	1541.87227	1527.23335
2025-09-04T12:20:34Z	15319.00000	1557.68361	1541.87836	1527.23705
2025-09-04T12:20:34Z	15319.00000	1557.68915	1541.88555	1527.24162
2025-09-04T12:20:34Z	15319.00000	1557.69137	1541.88926	1527.24367
2025-09-04T12:20:35Z	15320.00000	1556.33565	1540.00080	1526.11480
2025-09-04T12:20:35Z	15320.00000	1555.96637	1539.47814	1525.80061
2025-09-04T12:20:35Z	15320.00000	1555.73515	1539.16755	1525.61321
2025-09-04T12:20:35Z	15320.00000	1555.55576	1538.91665	1525.46396
2025-09-04T12:20:35Z	15320.00000	1555.40980	1538.69663	1525.32963
2025-09-04T12:20:35Z	15320.00000	1555.24295	1538.45990	1525.18843
2025-09-04T12:20:35Z	15320.00000	1555.09195	1538.24294	1525.05334
2025-09-04T12:20:35Z	15320.00000	1555.00359	1538.09888	1524.96702
2025-09-04T12:20:35Z	15320.00000	1554.85973	1537.91751	1524.85279
2025-09-04T12:20:35Z	15320.00000	1554.83646	1537.86752	1524.82170
2025-09-04T12:20:36Z	15321.00000	1554.83645	1537.86529	1524.82008
2025-09-04T12:20:36Z	15321.00000	1554.83398	1537.86238	1524.81895
2025-09-04T12:20:36Z	15321.00000	1554.83347	1537.86113	1524.81847
2025-09-04T12:20:36Z	15321.00000	1554.83341	1537.85997	1524.81780
2025-09-04T12:20:36Z	15321.00000	1554.83284	1537.85904	1524.81730
2025-09-04T12:20:36Z	15321.00000	1554.83256	1537.85824	1524.81689
2025-09-04T12:20:36Z	15321.00000	1554.83187	1537.85710	1524.81629
2025-09-04T12:20:36Z	15321.00000	1554.83146	1537.85649	1524.81624
2025-09-04T12:20:36Z	15321.00000	1554.83064	1537.85579	1524.81583
2025-09-04T12:20:36Z	15321.00000	1554.83076	1537.85471	1524.81508
2025-09-04T12:20:37Z	15322.00000	1554.83024	1537.85446	1524.81442
2025-09-04T12:20:37Z	15322.00000	1554.82986	1537.85376	1524.81454
2025-09-04T12:20:37Z	15322.00000	1554.82967	1537.85325	1524.81435
2025-09-04T12:20:37Z	15322.00000	1554.82935	1537.85243	1524.81394
2025-09-04T12:20:37Z	15322.00000	1554.82875	1537.85191	1524.81350
2025-09-04T12:20:37Z	15322.00000	1554.82853	1537.85120	1524.81302
2025-09-04T12:20:37Z	15322.00000	1554.82659	1537.85099	1524.81301
2025-09-04T12:20:37Z	15322.00000	1554.82761	1537.85041	1524.81262
2025-09-04T12:20:37Z	15322.00000	1554.82804	1537.85029	1524.81270
2025-09-04T12:20:37Z	15322.00000	1554.82802	1537.84987	1524.81231
2025-09-04T12:20:38Z	15323.00000	1554.82745	1537.84940	1524.81220
2025-09-04T12:20:38Z	15323.00000	1554.82745	1537.84916	1524.81218
2025-09-04T12:20:38Z	15323.00000	1554.82690	1537.84871	1524.81186
2025-09-04T12:20:38Z	15323.00000	1554.82665	1537.84836	1524.81160
2025-09-04T12:20:38Z	15323.00000	1554.82671	1537.84794	1524.81140
2025-09-04T12:20:38Z	15323.00000	1554.82657	1537.84757	1524.81137
2025-09-04T12:20:38Z	15323.00000	1554.82477	1537.84738	1524.81125
2025-09-04T12:20:38Z	15323.00000	1554.82470	1537.84704	1524.81088
2025-09-04T12:20:38Z	15323.00000	1554.82597	1537.84665	1524.81097
2025-09-04T12:20:38Z	15323.00000	1554.82540	1537.84657	1524.81043
2025-09-04T12:20:39Z	15324.00000	1554.82417	1537.84639	1524.81037
2025-09-04T12:20:39Z	15324.00000	1554.82430	1537.84602	1524.81035
2025-09-04T12:20:39Z	15324.00000	1554.82388	1537.84585	1524.81028
2025-09-04T12:20:39Z	15324.00000	1554.82390	1537.84550	1524.81021
2025-09-04T12:20:39Z	15324.00000	1554.82384	1537.84536	1524.81001
2025-09-04T12:20:39Z	15324.00000	1554.82373	1537.84515	1524.80994
2025-09-04T12:20:39Z	15324.00000	1554.82352	1537.84489	1524.80977
2025-09-04T12:20:39Z	15324.00000	1554.82352	1537.84446	1524.80975
2025-09-04T12:20:39Z	15324.00000	1554.82456	1537.84446	1524.80947
2025-09-04T12:20:39Z	15324.00000	1554.82443	1537.84406	1524.80947
2025-09-04T12:20:40Z	15325.00000	1554.82406	1537.84403	1524.80920
2025-09-04T12:20:40Z	15325.00000	1554.82388	1537.84367	1524.80917
2025-09-04T12:20:40Z	15325.00000	1554.94268	1538.01945	1524.91568
2025-09-04T12:20:40Z	15325.00000	1555.18196	1538.36051	1525.12863
2025-09-04T12:20:40Z	15325.00000	1555.39321	1538.67350	1525.32107
2025-09-04T12:20:40Z	15325.00000	1555.60159	1538.95557	1525.49252
2025-09-04T12:20:40Z	15325.00000	1555.79327	1539.21431	1525.65032
2025-09-04T12:20:40Z	15325.00000	1555.90704	1539.38694	1525.75902
2025-09-04T12:20:40Z	15325.00000	1556.06800	1539.62425	1525.89823
2025-09-04T12:20:40Z	15325.00000	1556.19182	1539.77343	1525.99029
2025-09-04T12:20:41Z	15326.00000	1556.29277	1539.92267	1526.08233
2025-09-04T12:20:41Z	15326.00000	1556.43324	1540.13213	1526.20311
2025-09-04T12:20:41Z	15326.00000	1556.56715	1540.33354	1526.32741
2025-09-04T12:20:41Z	15326.00000	1556.69685	1540.49181	1526.41931
2025-09-04T12:20:41Z	15326.00000	1556.81984	1540.66302	1526.52192
2025-09-04T12:20:41Z	15326.00000	1556.89957	1540.80304	1526.60302
2025-09-04T12:20:41Z	15326.00000	1557.02430	1540.94788	1526.69054
2025-09-04T12:20:41Z	15326.00000	1557.09750	1541.07843	1526.76534
2025-09-04T12:20:41Z	15326.00000	1557.19552	1541.19435	1526.83482
2025-09-04T12:20:42Z	15326.00000	1557.24812	1541.30002	1526.89569
2025-09-04T12:20:42Z	15327.00000	1557.30693	1541.36356	1526.93185
2025-09-04T12:20:42Z	15327.00000	1557.35753	1541.42268	1526.96594
2025-09-04T12:20:42Z	15327.00000	1557.38142	1541.48913	1527.00601
2025-09-04T12:20:42Z	15327.00000	1557.42783	1541.54832	1527.04313
2025-09-04T12:20:42Z	15327.00000	1557.48779	1541.61216	1527.08031
2025-09-04T12:20:42Z	15327.00000	1557.53113	1541.67109	1527.11244
2025-09-04T12:20:42Z	15327.00000	1557.54136	1541.70198	1527.12963
2025-09-04T12:20:42Z	15327.00000	1557.55102	1541.72807	1527.14504
2025-09-04T12:20:42Z	15327.00000	1557.57044	1541.75581	1527.16167
2025-09-04T12:20:42Z	15327.00000	1557.58911	1541.77814	1527.17529
2025-09-04T12:20:43Z	15328.00000	1557.60763	1541.79692	1527.18696
2025-09-04T12:20:43Z	15328.00000	1557.62506	1541.81528	1527.19844
2025-09-04T12:20:43Z	15328.00000	1557.63713	1541.82848	1527.20661
2025-09-04T12:20:43Z	15328.00000	1557.64754	1541.83902	1527.21312
2025-09-04T12:20:43Z	15328.00000	1557.65732	1541.84925	1527.21974
2025-09-04T12:20:43Z	15328.00000	1557.66387	1541.85620	1527.22430
2025-09-04T12:20:43Z	15328.00000	1557.67159	1541.86443	1527.22926
2025-09-04T12:20:43Z	15328.00000	1557.67808	1541.87213	1527.23407
2025-09-04T12:20:43Z	15328.00000	1557.68085	1541.87725	1527.23725
2025-09-04T12:20:44Z	15329.00000	1557.68240	1541.88340	1527.24162
2025-09-04T12:20:44Z	15329.00000	1556.13382	1539.71019	1525.93683
2025-09-04T12:20:44Z	15329.00000	1555.85893	1539.32937	1525.71616
2025-09-04T12:20:44Z	15329.00000	1555.69248	1539.09739	1525.57190
2025-09-04T12:20:44Z	15329.00000	1555.54246	1538.89896	1525.45204
2025-09-04T12:20:44Z	15329.00000	1555.36594	1538.63925	1525.29486
2025-09-04T12:20:44Z	15329.00000	1555.18146	1538.36171	1525.12847
2025-09-04T12:20:44Z	15329.00000	1555.02575	1538.15597	1525.00227
2025-09-04T12:20:44Z	15329.00000	1554.93550	1538.01472	1524.91388
2025-09-04T12:20:44Z	15329.00000	1554.83098	1537.86642	1524.82106
2025-09-04T12:20:45Z	15330.00000	1554.83582	1537.86507	1524.81898
2025-09-04T12:20:45Z	15330.00000	1554.83562	1537.86407	1524.82001
2025-09-04T12:20:45Z	15330.00000	1554.83389	1537.86197	1524.81955
2025-09-04T12:20:45Z	15330.00000	1554.83327	1537.86017	1524.81827
2025-09-04T12:20:45Z	15330.00000	1554.83276	1537.85920	1524.81755
2025-09-04T12:20:45Z	15330.00000	1554.83158	1537.85844	1524.81713
2025-09-04T12:20:45Z	15330.00000	1554.83166	1537.85774	1524.81652
2025-09-04T12:20:45Z	15330.00000	1554.83187	1537.85666	1524.81628
2025-09-04T12:20:45Z	15330.00000	1554.83087	1537.85626	1524.81633
2025-09-04T12:20:45Z	15330.00000	1554.83038	1537.85531	1524.81570
2025-09-04T12:20:46Z	15331.00000	1554.83055	1537.85447	1524.81496
2025-09-04T12:20:46Z	15331.00000	1554.82797	1537.85388	1524.81474
2025-09-04T12:20:46Z	15331.00000	1554.82961	1537.85330	1524.81456
2025-09-04T12:20:46Z	15331.00000	1554.82943	1537.85283	1524.81434
2025-09-04T12:20:46Z	15331.00000	1554.82903	1537.85229	1524.81403
2025-09-04T12:20:46Z	15331.00000	1554.82890	1537.85162	1524.81355
2025-09-04T12:20:46Z	15331.00000	1554.82851	1537.85127	1524.81333
2025-09-04T12:20:46Z	15331.00000	1554.82791	1537.85081	1524.81345
2025-09-04T12:20:46Z	15331.00000	1554.82831	1537.85062	1524.81293
2025-09-04T12:20:46Z	15331.00000	1554.82578	1537.85006	1524.81267
2025-09-04T12:20:47Z	15332.00000	1554.82606	1537.84950	1524.81252
2025-09-04T12:20:47Z	15332.00000	1554.82742	1537.84936	1524.81210
2025-09-04T12:20:47Z	15332.00000	1554.82680	1537.84868	1524.81199
2025-09-04T12:20:47Z	15332.00000	1554.82675	1537.84831	1524.81188
2025-09-04T12:20:47Z	15332.00000	1554.82512	1537.84822	1524.81180
2025-09-04T12:20:47Z	15332.00000	1554.82588	1537.84805	1524.81163
2025-09-04T12:20:47Z	15332.00000	1554.82618	1537.84753	1524.81154
2025-09-04T12:20:47Z	15332.00000	1554.82599	1537.84726	1524.81123
2025-09-04T12:20:47Z	15332.00000	1554.82436	1537.84696	1524.81114
2025-09-04T12:20:47Z	15332.00000	1554.82441	1537.84673	1524.81089
2025-09-04T12:20:48Z	15333.00000	1554.82520	1537.84624	1524.81085
2025-09-04T12:20:48Z	15333.00000	1554.82430	1537.84614	1524.81047
2025-09-04T12:20:48Z	15333.00000	1554.82401	1537.84609	1524.81038
2025-09-04T12:20:48Z	15333.00000	1554.82404	1537.84563	1524.81044
2025-09-04T12:20:48Z	15333.00000	1554.82381	1537.84526	1524.81016
2025-09-04T12:20:48Z	15333.00000	1554.82355	1537.84499	1524.80991
2025-09-04T12:20:48Z	15333.00000	1554.82339	1537.84501	1524.80976
2025-09-04T12:20:48Z	15333.00000	1554.82344	1537.84463	1524.80976
2025-09-04T12:20:48Z	15333.00000	1554.82421	1537.84451	1524.80982
2025-09-04T12:20:49Z	15333.00000	1554.82301	1537.84415	1524.80959
2025-09-04T12:20:49Z	15334.00000	1554.82304	1537.84385	1524.80942
2025-09-04T12:20:49Z	15334.00000	1554.92369	1537.99985	1524.91181
2025-09-04T12:20:49Z	15334.00000	1555.14408	1538.30093	1525.09598
2025-09-04T12:20:49Z	15334.00000	1555.31148	1538.53730	1525.23897
2025-09-04T12:20:49Z	15334.00000	1555.51814	1538.83172	1525.41641
2025-09-04T12:20:49Z	15334.00000	1555.66556	1539.02958	1525.53842
2025-09-04T12:20:49Z	15334.00000	1555.82209	1539.24363	1525.66787
2025-09-04T12:20:49Z	15334.00000	1555.97067	1539.46000	1525.80153
2025-09-04T12:20:49Z	15334.00000	1556.10328	1539.66115	1525.92015
2025-09-04T12:20:49Z	15334.00000	1556.21871	1539.83853	1526.02988
2025-09-04T12:20:50Z	15335.00000	1556.37140	1540.04879	1526.15533
2025-09-04T12:20:50Z	15335.00000	1556.52834	1540.25317	1526.27754
2025-09-04T12:20:50Z	15335.00000	1556.64647	1540.42066	1526.37632
2025-09-04T12:20:50Z	15335.00000	1556.76384	1540.59943	1526.48401
2025-09-04T12:20:50Z	15335.00000	1556.86878	1540.74252	1526.56687
2025-09-04T12:20:50Z	15335.00000	1556.96392	1540.87265	1526.64565
2025-09-04T12:20:50Z	15335.00000	1557.04616	1541.00827	1526.72567
2025-09-04T12:20:50Z	15335.00000	1557.13326	1541.11702	1526.78707
2025-09-04T12:20:50Z	15335.00000	1557.19678	1541.19680	1526.83593
2025-09-04T12:20:50Z	15335.00000	1557.23917	1541.28716	1526.88807
2025-09-04T12:20:51Z	15336.00000	1557.30955	1541.36607	1526.93331
2025-09-04T12:20:51Z	15336.00000	1557.36379	1541.43656	1526.97395
2025-09-04T12:20:51Z	15336.00000	1557.39414	1541.51224	1527.02046
2025-09-04T12:20:51Z	15336.00000	1557.44574	1541.56704	1527.05410
2025-09-04T12:20:51Z	15336.00000	1557.49553	1541.61926	1527.08421
2025-09-04T12:20:51Z	15336.00000	1557.53060	1541.66966	1527.11195
2025-09-04T12:20:51Z	15336.00000	1557.54256	1541.70471	1527.13146
2025-09-04T12:20:51Z	15336.00000	1557.55718	1541.73947	1527.15188
2025-09-04T12:20:51Z	15336.00000	1557.57575	1541.76336	1527.16629
2025-09-04T12:20:51Z	15336.00000	1557.59544	1541.78425	1527.17905
2025-09-04T12:20:52Z	15337.00000	1557.61642	1541.80572	1527.19262
2025-09-04T12:20:52Z	15337.00000	1557.63074	1541.82082	1527.20186
2025-09-04T12:20:52Z	15337.00000	1557.63982	1541.82992	1527.20783
2025-09-04T12:20:52Z	15337.00000	1557.64820	1541.83919	1527.21384
2025-09-04T12:20:52Z	15337.00000	1557.65696	1541.84842	1527.21938
2025-09-04T12:20:52Z	15337.00000	1557.66233	1541.85417	1527.22298
2025-09-04T12:20:52Z	15337.00000	1557.66987	1541.86174	1527.22743
2025-09-04T12:20:52Z	15337.00000	1557.67382	1541.86723	1527.23148
2025-09-04T12:20:52Z	15337.00000	1557.67740	1541.87088	1527.23321
2025-09-04T12:20:52Z	15337.00000	1557.67819	1541.87466	1527.23570
2025-09-04T12:20:53Z	15338.00000	1557.64683	1541.82623	1527.21422
2025-09-04T12:20:53Z	15338.00000	1555.93647	1539.44441	1525.78111
2025-09-04T12:20:53Z	15338.00000	1555.69212	1539.09750	1525.57142
2025-09-04T12:20:53Z	15338.00000	1555.54015	1538.89486	1525.44921
2025-09-04T12:20:53Z	15338.00000	1555.39180	1538.67489	1525.31643
2025-09-04T12:20:53Z	15338.00000	1555.28266	1538.50487	1525.21581
2025-09-04T12:20:53Z	15338.00000	1555.12686	1538.28240	1525.07815
2025-09-04T12:20:53Z	15338.00000	1555.00754	1538.10724	1524.97241
2025-09-04T12:20:53Z	15338.00000	1554.88914	1537.96221	1524.88108
2025-09-04T12:20:53Z	15338.00000	1554.83658	1537.86953	1524.82392
2025-09-04T12:20:54Z	15339.00000	1554.83659	1537.86694	1524.82169
2025-09-04T12:20:54Z	15339.00000	1554.83541	1537.86429	1524.82013
2025-09-04T12:20:54Z	15339.00000	1554.83219	1537.86172	1524.81882
2025-09-04T12:20:54Z	15339.00000	1554.83324	1537.86046	1524.81834
2025-09-04T12:20:54Z	15339.00000	1554.83297	1537.85927	1524.81749
2025-09-04T12:20:54Z	15339.00000	1554.83147	1537.85811	1524.81702
2025-09-04T12:20:54Z	15339.00000	1554.82927	1537.85702	1524.81615
2025-09-04T12:20:54Z	15339.00000	1554.83091	1537.85623	1524.81613
2025-09-04T12:20:54Z	15339.00000	1554.83046	1537.85541	1524.81583
2025-09-04T12:20:54Z	15339.00000	1554.83055	1537.85482	1524.81524
2025-09-04T12:20:55Z	15340.00000	1554.82988	1537.85368	1524.81474
2025-09-04T12:20:55Z	15340.00000	1554.82914	1537.85320	1524.81457
2025-09-04T12:20:55Z	15340.00000	1554.82686	1537.85270	1524.81420
2025-09-04T12:20:55Z	15340.00000	1554.82879	1537.85183	1524.81359
2025-09-04T12:20:55Z	15340.00000	1554.82845	1537.85132	1524.81332
2025-09-04T12:20:55Z	15340.00000	1554.82800	1537.85048	1524.81281
2025-09-04T12:20:55Z	15340.00000	1554.82735	1537.85031	1524.81291
2025-09-04T12:20:56Z	15341.00000	1554.82718	1537.84946	1524.81236
2025-09-04T12:20:56Z	15341.00000	1554.82679	1537.84905	1524.81207
2025-09-04T12:20:56Z	15341.00000	1554.82513	1537.84875	1524.81205
2025-09-04T12:20:56Z	15341.00000	1554.82638	1537.84824	1524.81194
2025-09-04T12:20:56Z	15341.00000	1554.82600	1537.84794	1524.81155
2025-09-04T12:20:56Z	15341.00000	1554.82450	1537.84743	1524.81154
2025-09-04T12:20:56Z	15341.00000	1554.82458	1537.84729	1524.81123
2025-09-04T12:20:56Z	15341.00000	1554.82453	1537.84696	1524.81119
2025-09-04T12:20:56Z	15341.00000	1554.82519	1537.84672	1524.81093
2025-09-04T12:20:56Z	15341.00000	1554.82530	1537.84635	1524.81082
2025-09-04T12:20:57Z	15342.00000	1554.82392	1537.84591	1524.81040
2025-09-04T12:20:57Z	15342.00000	1554.82382	1537.84568	1524.81039
2025-09-04T12:20:57Z	15342.00000	1554.82479	1537.84556	1524.81043
2025-09-04T12:20:57Z	15342.00000	1554.82350	1537.84527	1524.81021
2025-09-04T12:20:57Z	15342.00000	1554.82355	1537.84517	1524.81020
2025-09-04T12:20:57Z	15342.00000	1554.82342	1537.84474	1524.80983
2025-09-04T12:20:57Z	15342.00000	1554.82317	1537.84466	1524.80978
2025-09-04T12:20:57Z	15342.00000	1554.82301	1537.84432	1524.80949
2025-09-04T12:20:58Z	15343.00000	1554.82289	1537.84396	1524.80933
2025-09-04T12:20:58Z	15343.00000	1555.15259	1538.30886	1525.09909
2025-09-04T12:20:58Z	15343.00000	1555.34611	1538.58780	1525.27040
2025-09-04T12:20:58Z	15343.00000	1555.53924	1538.88208	1525.44552
2025-09-04T12:20:58Z	15343.00000	1555.70314	1539.11149	1525.58551
2025-09-04T12:20:58Z	15343.00000	1555.91325	1539.39476	1525.76289
2025-09-04T12:20:58Z	15343.00000	1556.04903	1539.59983	1525.88362
2025-09-04T12:20:58Z	15343.00000	1556.19495	1539.78250	1525.99689
2025-09-04T12:20:58Z	15343.00000	1556.34834	1539.98686	1526.12137
2025-09-04T12:20:59Z	15344.00000	1556.49000	1540.19423	1526.24080
2025-09-04T12:20:59Z	15344.00000	1556.58936	1540.35742	1526.34142
2025-09-04T12:20:59Z	15344.00000	1556.77586	1540.61362	1526.49321
2025-09-04T12:20:59Z	15344.00000	1556.87215	1540.75366	1526.57383
2025-09-04T12:20:59Z	15344.00000	1556.99344	1540.90563	1526.66598
2025-09-04T12:20:59Z	15344.00000	1557.05080	1541.01964	1526.73264
2025-09-04T12:20:59Z	15344.00000	1557.14219	1541.12739	1526.79411
2025-09-04T12:20:59Z	15344.00000	1557.20928	1541.23543	1526.85928
2025-09-04T12:21:00Z	15345.00000	1557.33798	1541.39655	1526.95113
2025-09-04T12:21:00Z	15345.00000	1557.37718	1541.47718	1526.99907
2025-09-04T12:21:00Z	15345.00000	1557.46600	1541.58896	1527.06746
2025-09-04T12:21:00Z	15345.00000	1557.51619	1541.64395	1527.09835
2025-09-04T12:21:00Z	15345.00000	1557.54598	1541.71603	1527.13853
2025-09-04T12:21:00Z	15345.00000	1557.56156	1541.74790	1527.15761
2025-09-04T12:21:00Z	15345.00000	1557.59827	1541.78855	1527.18240
2025-09-04T12:21:01Z	15346.00000	1557.61582	1541.80613	1527.19304
2025-09-04T12:21:01Z	15346.00000	1557.63173	1541.82298	1527.20372
2025-09-04T12:21:01Z	15346.00000	1557.64327	1541.83537	1527.21160
2025-09-04T12:21:01Z	15346.00000	1557.64978	1541.84206	1527.21576
2025-09-04T12:21:01Z	15346.00000	1557.65597	1541.84791	1527.21950
2025-09-04T12:21:01Z	15346.00000	1557.66334	1541.85592	1527.22454
2025-09-04T12:21:01Z	15346.00000	1557.66770	1541.86037	1527.22753
2025-09-04T12:21:01Z	15346.00000	1557.67112	1541.86485	1527.23043
2025-09-04T12:21:01Z	15346.00000	1557.67658	1541.87005	1527.23345
2025-09-04T12:21:01Z	15346.00000	1557.67821	1541.87306	1527.23535
2025-09-04T12:21:02Z	15347.00000	1556.20151	1539.83370	1526.01549
2025-09-04T12:21:02Z	15347.00000	1555.73424	1539.16693	1525.61218
2025-09-04T12:21:02Z	15347.00000	1555.55412	1538.91558	1525.46335
2025-09-04T12:21:02Z	15347.00000	1555.37834	1538.65898	1525.30776
2025-09-04T12:21:02Z	15347.00000	1555.23802	1538.45496	1525.18593
2025-09-04T12:21:02Z	15347.00000	1555.11263	1538.26690	1525.06820
2025-09-04T12:21:02Z	15347.00000	1554.97908	1538.06560	1524.94615
2025-09-04T12:21:02Z	15347.00000	1554.85545	1537.91733	1524.85317
2025-09-04T12:21:02Z	15347.00000	1554.83714	1537.86830	1524.82296
2025-09-04T12:21:03Z	15348.00000	1554.83529	1537.86434	1524.81970
2025-09-04T12:21:03Z	15348.00000	1554.83377	1537.86219	1524.81935
2025-09-04T12:21:03Z	15348.00000	1554.83353	1537.86095	1524.81893
2025-09-04T12:21:03Z	15348.00000	1554.83244	1537.85884	1524.81754
2025-09-04T12:21:03Z	15348.00000	1554.83230	1537.85761	1524.81674
2025-09-04T12:21:03Z	15348.00000	1554.83102	1537.85684	1524.81648
2025-09-04T12:21:03Z	15348.00000	1554.83064	1537.85597	1524.81631
2025-09-04T12:21:03Z	15348.00000	1554.83038	1537.85499	1524.81567
2025-09-04T12:21:04Z	15348.00000	1554.83035	1537.85435	1524.81522
2025-09-04T12:21:04Z	15349.00000	1554.82983	1537.85393	1524.81479
2025-09-04T12:21:04Z	15349.00000	1554.82831	1537.85281	1524.81441
2025-09-04T12:21:04Z	15349.00000	1554.82871	1537.85225	1524.81424
2025-09-04T12:21:04Z	15349.00000	1554.82662	1537.85169	1524.81363
2025-09-04T12:21:04Z	15349.00000	1554.82851	1537.85127	1524.81330
2025-09-04T12:21:04Z	15349.00000	1554.82579	1537.85046	1524.81282
2025-09-04T12:21:04Z	15349.00000	1554.82772	1537.85036	1524.81316
2025-09-04T12:21:04Z	15349.00000	1554.82748	1537.85005	1524.81279
2025-09-04T12:21:04Z	15349.00000	1554.82579	1537.84952	1524.81266
2025-09-04T12:21:05Z	15350.00000	1554.82543	1537.84930	1524.81230
2025-09-04T12:21:05Z	15350.00000	1554.82659	1537.84876	1524.81224
2025-09-04T12:21:05Z	15350.00000	1554.82490	1537.84849	1524.81214
2025-09-04T12:21:05Z	15350.00000	1554.82619	1537.84798	1524.81182
2025-09-04T12:21:05Z	15350.00000	1554.82609	1537.84781	1524.81191
2025-09-04T12:21:05Z	15350.00000	1554.82556	1537.84740	1524.81152
2025-09-04T12:21:05Z	15350.00000	1554.82562	1537.84711	1524.81127
2025-09-04T12:21:05Z	15350.00000	1554.82546	1537.84688	1524.81121
2025-09-04T12:21:05Z	15350.00000	1554.82538	1537.84660	1524.81106
2025-09-04T12:21:05Z	15350.00000	1554.82388	1537.84638	1524.81097
2025-09-04T12:21:06Z	15351.00000	1554.82407	1537.84616	1524.81083
2025-09-04T12:21:06Z	15351.00000	1554.82485	1537.84587	1524.81080
2025-09-04T12:21:06Z	15351.00000	1554.82476	1537.84543	1524.81033
2025-09-04T12:21:06Z	15351.00000	1554.82340	1537.84497	1524.81014
2025-09-04T12:21:06Z	15351.00000	1554.82310	1537.84454	1524.80991
2025-09-04T12:21:06Z	15351.00000	1554.82297	1537.84435	1524.80989
2025-09-04T12:21:06Z	15351.00000	1554.82309	1537.84414	1524.80971
2025-09-04T12:21:06Z	15351.00000	1554.82276	1537.84392	1524.80965
2025-09-04T12:21:07Z	15352.00000	1554.82280	1537.84366	1524.80942
2025-09-04T12:21:07Z	15352.00000	1554.82260	1537.84366	1524.80931
2025-09-04T12:21:07Z	15352.00000	1555.00170	1538.09829	1524.97324
2025-09-04T12:21:07Z	15352.00000	1555.19308	1538.39445	1525.15424
2025-09-04T12:21:07Z	15352.00000	1555.37988	1538.65957	1525.31446
2025-09-04T12:21:07Z	15352.00000	1555.55455	1538.90363	1525.45998
2025-09-04T12:21:07Z	15352.00000	1555.71780	1539.13131	1525.59805
2025-09-04T12:21:07Z	15352.00000	1555.89385	1539.37408	1525.74942
2025-09-04T12:21:07Z	15352.00000	1556.03754	1539.57965	1525.87120
2025-09-04T12:21:07Z	15352.00000	1556.18768	1539.76196	1525.98415
2025-09-04T12:21:08Z	15353.00000	1556.33441	1539.96643	1526.11010
2025-09-04T12:21:08Z	15353.00000	1556.44518	1540.14459	1526.21184
2025-09-04T12:21:08Z	15353.00000	1556.54901	1540.30839	1526.31399
2025-09-04T12:21:08Z	15353.00000	1556.69816	1540.49488	1526.42247
2025-09-04T12:21:08Z	15353.00000	1556.80403	1540.64475	1526.51226
2025-09-04T12:21:08Z	15353.00000	1556.91711	1540.82293	1526.61625
2025-09-04T12:21:08Z	15353.00000	1557.07517	1541.05416	1526.75268
2025-09-04T12:21:08Z	15353.00000	1557.15380	1541.13984	1526.80228
2025-09-04T12:21:08Z	15353.00000	1557.21309	1541.24704	1526.86653
2025-09-04T12:21:09Z	15354.00000	1557.27611	1541.33105	1526.91385
2025-09-04T12:21:09Z	15354.00000	1557.34446	1541.40513	1526.95672
2025-09-04T12:21:09Z	15354.00000	1557.37920	1541.48339	1527.00364
2025-09-04T12:21:09Z	15354.00000	1557.42880	1541.55038	1527.04533
2025-09-04T12:21:09Z	15354.00000	1557.47700	1541.60073	1527.07511
2025-09-04T12:21:09Z	15354.00000	1557.51158	1541.63867	1527.09593
2025-09-04T12:21:09Z	15354.00000	1557.53698	1541.68953	1527.12394
2025-09-04T12:21:09Z	15354.00000	1557.54905	1541.72458	1527.14417
2025-09-04T12:21:09Z	15354.00000	1557.55895	1541.74509	1527.15648
2025-09-04T12:21:09Z	15354.00000	1557.57830	1541.76681	1527.16942
2025-09-04T12:21:10Z	15355.00000	1557.59418	1541.78436	1527.18035
2025-09-04T12:21:10Z	15355.00000	1557.60805	1541.79932	1527.18979
2025-09-04T12:21:10Z	15355.00000	1557.62379	1541.81587	1527.20010
2025-09-04T12:21:10Z	15355.00000	1557.63373	1541.82560	1527.20611
2025-09-04T12:21:10Z	15355.00000	1557.64298	1541.83564	1527.21249
2025-09-04T12:21:10Z	15355.00000	1557.65041	1541.84368	1527.21772
2025-09-04T12:21:10Z	15355.00000	1557.65572	1541.84886	1527.22064
2025-09-04T12:21:10Z	15355.00000	1557.65949	1541.85321	1527.22345
2025-09-04T12:21:10Z	15355.00000	1557.66570	1541.85899	1527.22732
2025-09-04T12:21:10Z	15355.00000	1557.66970	1541.86292	1527.22957
2025-09-04T12:21:11Z	15356.00000	1557.67233	1541.86675	1527.23205
2025-09-04T12:21:11Z	15356.00000	1556.36283	1540.05207	1526.14228
2025-09-04T12:21:11Z	15356.00000	1555.87579	1539.37367	1525.74406
2025-09-04T12:21:11Z	15356.00000	1555.68750	1539.08511	1525.56535
2025-09-04T12:21:11Z	15356.00000	1555.51743	1538.84012	1525.41667
2025-09-04T12:21:11Z	15356.00000	1555.36022	1538.62807	1525.28913
2025-09-04T12:21:11Z	15356.00000	1555.18149	1538.36203	1525.12871
2025-09-04T12:21:11Z	15356.00000	1555.04115	1538.18287	1525.01814
2025-09-04T12:21:11Z	15356.00000	1554.95899	1538.04222	1524.93182
2025-09-04T12:21:11Z	15356.00000	1554.85597	1537.91766	1524.85222
2025-09-04T12:21:12Z	15357.00000	1554.83494	1537.86537	1524.82028
2025-09-04T12:21:12Z	15357.00000	1554.83524	1537.86416	1524.82021
2025-09-04T12:21:12Z	15357.00000	1554.83422	1537.86264	1524.81998
2025-09-04T12:21:12Z	15357.00000	1554.83197	1537.86102	1524.81918
2025-09-04T12:21:12Z	15357.00000	1554.82974	1537.85968	1524.81817
2025-09-04T12:21:12Z	15357.00000	1554.83244	1537.85834	1524.81764
2025-09-04T12:21:12Z	15357.00000	1554.83204	1537.85755	1524.81657
2025-09-04T12:21:12Z	15357.00000	1554.83141	1537.85651	1524.81629
2025-09-04T12:21:12Z	15357.00000	1554.83058	1537.85568	1524.81638
2025-09-04T12:21:13Z	15357.00000	1554.83022	1537.85467	1524.81547
2025-09-04T12:21:13Z	15358.00000	1554.82995	1537.85430	1524.81521
2025-09-04T12:21:13Z	15358.00000	1554.82974	1537.85360	1524.81468
2025-09-04T12:21:13Z	15358.00000	1554.82935	1537.85293	1524.81458
2025-09-04T12:21:13Z	15358.00000	1554.82779	1537.85250	1524.81451
2025-09-04T12:21:13Z	15358.00000	1554.82830	1537.85126	1524.81372
2025-09-04T12:21:13Z	15358.00000	1554.82766	1537.85054	1524.81310
2025-09-04T12:21:13Z	15358.00000	1554.82578	1537.85030	1524.81323
2025-09-04T12:21:13Z	15358.00000	1554.82783	1537.85000	1524.81315
2025-09-04T12:21:14Z	15358.00000	1554.82697	1537.84933	1524.81272
2025-09-04T12:21:14Z	15359.00000	1554.82506	1537.84882	1524.81230
2025-09-04T12:21:14Z	15359.00000	1554.82695	1537.84853	1524.81224
2025-09-04T12:21:14Z	15359.00000	1554.82486	1537.84834	1524.81225
2025-09-04T12:21:14Z	15359.00000	1554.82599	1537.84792	1524.81216
2025-09-04T12:21:14Z	15359.00000	1554.82586	1537.84760	1524.81188
2025-09-04T12:21:14Z	15359.00000	1554.82449	1537.84734	1524.81175
2025-09-04T12:21:14Z	15359.00000	1554.82531	1537.84696	1524.81132
2025-09-04T12:21:14Z	15359.00000	1554.82512	1537.84661	1524.81136
2025-09-04T12:21:14Z	15359.00000	1554.82503	1537.84625	1524.81132
2025-09-04T12:21:15Z	15360.00000	1554.82521	1537.84618	1524.81103
2025-09-04T12:21:15Z	15360.00000	1554.82365	1537.84585	1524.81072
2025-09-04T12:21:15Z	15360.00000	1554.82361	1537.84550	1524.81082
2025-09-04T12:21:15Z	15360.00000	1554.82322	1537.84487	1524.81029
2025-09-04T12:21:15Z	15360.00000	1554.82315	1537.84476	1524.81011
2025-09-04T12:21:15Z	15360.00000	1554.82296	1537.84430	1524.80998
2025-09-04T12:21:15Z	15360.00000	1554.82296	1537.84403	1524.80998
2025-09-04T12:21:15Z	15360.00000	1554.82270	1537.84410	1524.80970
2025-09-04T12:21:16Z	15361.00000	1554.82285	1537.84360	1524.80957
2025-09-04T12:21:16Z	15361.00000	1554.82268	1537.84348	1524.80953
2025-09-04T12:21:16Z	15361.00000	1554.82214	1537.84331	1524.80939
2025-09-04T12:21:16Z	15361.00000	1554.82252	1537.84321	1524.80923
2025-09-04T12:21:16Z	15361.00000	1554.82220	1537.84302	1524.80931
2025-09-04T12:21:16Z	15361.00000	1554.82188	1537.84273	1524.80907
2025-09-04T12:21:16Z	15361.00000	1554.82302	1537.84266	1524.80931
2025-09-04T12:21:16Z	15361.00000	1554.82270	1537.84250	1524.80876
2025-09-04T12:21:16Z	15361.00000	1554.82165	1537.84232	1524.80881
2025-09-04T12:21:16Z	15361.00000	1554.82282	1537.84215	1524.80879
2025-09-04T12:21:17Z	15362.00000	1554.82247	1537.84195	1524.80860
2025-09-04T12:21:17Z	15362.00000	1554.82205	1537.84163	1524.80842
2025-09-04T12:21:17Z	15362.00000	1554.82163	1537.84154	1524.80831
2025-09-04T12:21:17Z	15362.00000	1554.82210	1537.84168	1524.80839
2025-09-04T12:21:17Z	15362.00000	1554.82153	1537.84143	1524.80842
2025-09-04T12:21:17Z	15362.00000	1554.82165	1537.84097	1524.80787
2025-09-04T12:21:17Z	15362.00000	1554.82130	1537.84080	1524.80784
2025-09-04T12:21:17Z	15362.00000	1554.82135	1537.84049	1524.80766
2025-09-04T12:21:17Z	15362.00000	1554.82141	1537.84010	1524.80752
2025-09-04T12:21:17Z	15362.00000	1554.82152	1537.84042	1524.80753
2025-09-04T12:21:18Z	15363.00000	1554.82127	1537.84045	1524.80761
2025-09-04T12:21:18Z	15363.00000	1554.82172	1537.84060	1524.80783
2025-09-04T12:21:18Z	15363.00000	1554.82113	1537.84030	1524.80775
2025-09-04T12:21:18Z	15363.00000	1554.82129	1537.83971	1524.80718
2025-09-04T12:21:18Z	15363.00000	1554.82080	1537.83959	1524.80730
2025-09-04T12:21:18Z	15363.00000	1554.82117	1537.83973	1524.80747
2025-09-04T12:21:18Z	15363.00000	1554.82083	1537.83965	1524.80726
2025-09-04T12:21:18Z	15363.00000	1554.82082	1537.83943	1524.80724
2025-09-04T12:21:18Z	15363.00000	1554.82058	1537.83924	1524.80713
2025-09-04T12:21:18Z	15363.00000	1554.82058	1537.83912	1524.80712
2025-09-04T12:21:19Z	15364.00000	1554.82045	1537.83916	1524.80713
2025-09-04T12:21:19Z	15364.00000	1554.82053	1537.83900	1524.80696
2025-09-04T12:21:19Z	15364.00000	1554.82013	1537.83890	1524.80672
2025-09-04T12:21:19Z	15364.00000	1554.82042	1537.83873	1524.80685
2025-09-04T12:21:19Z	15364.00000	1554.82021	1537.83860	1524.80673
2025-09-04T12:21:19Z	15364.00000	1554.82019	1537.83838	1524.80661
2025-09-04T12:21:19Z	15364.00000	1554.81988	1537.83849	1524.80660
2025-09-04T12:21:19Z	15364.00000	1554.81936	1537.83858	1524.80659
2025-09-04T12:21:19Z	15364.00000	1554.81984	1537.83823	1524.80631
2025-09-04T12:21:19Z	15364.00000	1554.81928	1537.83815	1524.80644
2025-09-04T12:21:20Z	15365.00000	1554.81972	1537.83801	1524.80616
2025-09-04T12:21:20Z	15365.00000	1554.81947	1537.83792	1524.80628
2025-09-04T12:21:20Z	15365.00000	1554.81909	1537.83780	1524.80625
2025-09-04T12:21:20Z	15365.00000	1554.81891	1537.83771	1524.80628
2025-09-04T12:21:20Z	15365.00000	1554.81910	1537.83752	1524.80614
2025-09-04T12:21:20Z	15365.00000	1554.81888	1537.83739	1524.80597
2025-09-04T12:21:20Z	15365.00000	1554.81947	1537.83734	1524.80606
2025-09-04T12:21:20Z	15365.00000	1554.81879	1537.83730	1524.80590
2025-09-04T12:21:20Z	15365.00000	1554.81925	1537.83716	1524.80604
2025-09-04T12:21:21Z	15365.00000	1554.81906	1537.83710	1524.80582
2025-09-04T12:21:21Z	15366.00000	1554.81860	1537.83710	1524.80576
2025-09-04T12:21:21Z	15366.00000	1554.81859	1537.83686	1524.80558
2025-09-04T12:21:21Z	15366.00000	1554.81849	1537.83701	1524.80577
2025-09-04T12:21:21Z	15366.00000	1554.81856	1537.83676	1524.80559
2025-09-04T12:21:21Z	15366.00000	1554.81838	1537.83657	1524.80569
2025-09-04T12:21:21Z	15366.00000	1554.81853	1537.83666	1524.80564
2025-09-04T12:21:21Z	15366.00000	1554.81823	1537.83665	1524.80555
2025-09-04T12:21:21Z	15366.00000	1554.81816	1537.83629	1524.80560
2025-09-04T12:21:22Z	15366.00000	1554.81789	1537.83599	1524.80544
2025-09-04T12:21:22Z	15367.00000	1554.81789	1537.83618	1524.80554
2025-09-04T12:21:22Z	15367.00000	1554.81793	1537.83618	1524.80522
2025-09-04T12:21:22Z	15367.00000	1554.81807	1537.83596	1524.80518
2025-09-04T12:21:22Z	15367.00000	1554.81799	1537.83579	1524.80519
2025-09-04T12:21:22Z	15367.00000	1554.81785	1537.83573	1524.80496
2025-09-04T12:21:22Z	15367.00000	1554.81756	1537.83551	1524.80504
2025-09-04T12:21:22Z	15367.00000	1554.81764	1537.83561	1524.80499
2025-09-04T12:21:22Z	15367.00000	1554.81770	1537.83540	1524.80485
2025-09-04T12:21:22Z	15367.00000	1554.81810	1537.83555	1524.80484
2025-09-04T12:21:22Z	15367.00000	1554.81752	1537.83541	1524.80472
2025-09-04T12:21:23Z	15368.00000	1554.81729	1537.83526	1524.80496
2025-09-04T12:21:23Z	15368.00000	1554.81721	1537.83513	1524.80470
2025-09-04T12:21:23Z	15368.00000	1554.81719	1537.83503	1524.80468
2025-09-04T12:21:23Z	15368.00000	1554.81748	1537.83485	1524.80463
2025-09-04T12:21:23Z	15368.00000	1554.81674	1537.83499	1524.80460
2025-09-04T12:21:23Z	15368.00000	1554.81657	1537.83491	1524.80456
2025-09-04T12:21:23Z	15368.00000	1554.81635	1537.83491	1524.80442
2025-09-04T12:21:23Z	15368.00000	1554.81738	1537.83483	1524.80464
2025-09-04T12:21:23Z	15368.00000	1554.81665	1537.83452	1524.80448
2025-09-04T12:21:23Z	15368.00000	1554.81641	1537.83469	1524.80447
2025-09-04T12:21:24Z	15369.00000	1554.81634	1537.83449	1524.80444
2025-09-04T12:21:24Z	15369.00000	1554.81636	1537.83444	1524.80440
2025-09-04T12:21:24Z	15369.00000	1554.81603	1537.83447	1524.80433
2025-09-04T12:21:24Z	15369.00000	1554.81609	1537.83447	1524.80429
2025-09-04T12:21:24Z	15369.00000	1554.81598	1537.83403	1524.80410
2025-09-04T12:21:24Z	15369.00000	1554.81566	1537.83427	1524.80406
2025-09-04T12:21:24Z	15369.00000	1554.81610	1537.83399	1524.80422
2025-09-04T12:21:24Z	15369.00000	1554.81563	1537.83418	1524.80420
2025-09-04T12:21:24Z	15369.00000	1554.81582	1537.83397	1524.80404
2025-09-04T12:21:24Z	15369.00000	1554.81568	1537.83385	1524.80384
2025-09-04T12:21:25Z	15370.00000	1554.81560	1537.83397	1524.80406
2025-09-04T12:21:25Z	15370.00000	1554.81573	1537.83368	1524.80371
2025-09-04T12:21:25Z	15370.00000	1554.81586	1537.83364	1524.80409
2025-09-04T12:21:25Z	15370.00000	1554.81570	1537.83349	1524.80397
2025-09-04T12:21:25Z	15370.00000	1554.81554	1537.83348	1524.80385
2025-09-04T12:21:25Z	15370.00000	1554.81600	1537.83373	1524.80397
2025-09-04T12:21:25Z	15370.00000	1554.81567	1537.83342	1524.80387
2025-09-04T12:21:25Z	15370.00000	1554.81482	1537.83352	1524.80386
2025-09-04T12:21:25Z	15370.00000	1554.81564	1537.83340	1524.80389
2025-09-04T12:21:25Z	15370.00000	1554.81576	1537.83320	1524.80361
2025-09-04T12:21:26Z	15371.00000	1554.81524	1537.83319	1524.80354
2025-09-04T12:21:26Z	15371.00000	1554.81498	1537.83310	1524.80349
2025-09-04T12:21:26Z	15371.00000	1554.81507	1537.83311	1524.80362
2025-09-04T12:21:26Z	15371.00000	1554.81485	1537.83320	1524.80366
2025-09-04T12:21:26Z	15371.00000	1554.81486	1537.83297	1524.80344
2025-09-04T12:21:26Z	15371.00000	1554.81498	1537.83298	1524.80365
2025-09-04T12:21:26Z	15371.00000	1554.81477	1537.83291	1524.80347
2025-09-04T12:21:26Z	15371.00000	1554.81495	1537.83301	1524.80336
2025-09-04T12:21:26Z	15371.00000	1554.81459	1537.83277	1524.80338
2025-09-04T12:21:26Z	15371.00000	1554.81480	1537.83275	1524.80320
2025-09-04T12:21:27Z	15372.00000	1554.81504	1537.83275	1524.80341
2025-09-04T12:21:27Z	15372.00000	1554.81486	1537.83268	1524.80329
2025-09-04T12:21:27Z	15372.00000	1554.81449	1537.83255	1524.80316
2025-09-04T12:21:27Z	15372.00000	1554.81446	1537.83265	1524.80325
2025-09-04T12:21:27Z	15372.00000	1554.81454	1537.83228	1524.80316
2025-09-04T12:21:27Z	15372.00000	1554.81439	1537.83249	1524.80316
2025-09-04T12:21:27Z	15372.00000	1554.81457	1537.83236	1524.80335
2025-09-04T12:21:27Z	15372.00000	1554.81462	1537.83226	1524.80312
2025-09-04T12:21:27Z	15372.00000	1554.81428	1537.83231	1524.80302
2025-09-04T12:21:27Z	15372.00000	1554.81415	1537.83224	1524.80307
2025-09-04T12:21:28Z	15373.00000	1554.81438	1537.83199	1524.80291
2025-09-04T12:21:28Z	15373.00000	1554.81388	1537.83197	1524.80292
2025-09-04T12:21:28Z	15373.00000	1554.81397	1537.83214	1524.80303
2025-09-04T12:21:28Z	15373.00000	1554.81391	1537.83188	1524.80276
2025-09-04T12:21:28Z	15373.00000	1554.81345	1537.83205	1524.80286
2025-09-04T12:21:28Z	15373.00000	1554.81398	1537.83186	1524.80287
2025-09-04T12:21:28Z	15373.00000	1554.81393	1537.83203	1524.80278
2025-09-04T12:21:28Z	15373.00000	1554.81385	1537.83167	1524.80294
2025-09-04T12:21:28Z	15373.00000	1554.81353	1537.83180	1524.80290
2025-09-04T12:21:28Z	15373.00000	1554.81361	1537.83168	1524.80255
2025-09-04T12:21:29Z	15374.00000	1554.81361	1537.83173	1524.80286
2025-09-04T12:21:29Z	15374.00000	1554.81345	1537.83158	1524.80277
2025-09-04T12:21:29Z	15374.00000	1554.81328	1537.83162	1524.80271
2025-09-04T12:21:29Z	15374.00000	1554.81317	1537.83147	1524.80250
2025-09-04T12:21:29Z	15374.00000	1554.81309	1537.83160	1524.80257
2025-09-04T12:21:29Z	15374.00000	1554.81291	1537.83134	1524.80254
2025-09-04T12:21:29Z	15374.00000	1554.81333	1537.83134	1524.80257
2025-09-04T12:21:29Z	15374.00000	1554.81304	1537.83151	1524.80273
2025-09-04T12:21:29Z	15374.00000	1554.81285	1537.83137	1524.80248
2025-09-04T12:21:29Z	15374.00000	1554.81292	1537.83119	1524.80256
2025-09-04T12:21:30Z	15375.00000	1554.81315	1537.83110	1524.80242
2025-09-04T12:21:30Z	15375.00000	1554.81315	1537.83109	1524.80249
2025-09-04T12:21:30Z	15375.00000	1554.81294	1537.83104	1524.80239
2025-09-04T12:21:30Z	15375.00000	1554.81293	1537.83105	1524.80248
2025-09-04T12:21:30Z	15375.00000	1554.81264	1537.83110	1524.80235
2025-09-04T12:21:30Z	15375.00000	1554.81300	1537.83091	1524.80242
2025-09-04T12:21:30Z	15375.00000	1554.81291	1537.83098	1524.80224
2025-09-04T12:21:30Z	15375.00000	1554.81289	1537.83076	1524.80217
2025-09-04T12:21:30Z	15375.00000	1554.81267	1537.83096	1524.80237
2025-09-04T12:21:30Z	15375.00000	1554.81274	1537.83084	1524.80238
2025-09-04T12:21:31Z	15376.00000	1554.81297	1537.83093	1524.80218
2025-09-04T12:21:31Z	15376.00000	1554.81277	1537.83071	1524.80212
2025-09-04T12:21:31Z	15376.00000	1554.81236	1537.83059	1524.80217
2025-09-04T12:21:31Z	15376.00000	1554.81276	1537.83066	1524.80223
2025-09-04T12:21:31Z	15376.00000	1554.81296	1537.83063	1524.80217
2025-09-04T12:21:31Z	15376.00000	1554.81276	1537.83048	1524.80215
2025-09-04T12:21:31Z	15376.00000	1554.81211	1537.83048	1524.80201
2025-09-04T12:21:31Z	15376.00000	1554.81271	1537.83051	1524.80201
2025-09-04T12:21:31Z	15376.00000	1554.81266	1537.83035	1524.80200
2025-09-04T12:21:31Z	15376.00000	1554.81241	1537.83021	1524.80196
2025-09-04T12:21:32Z	15377.00000	1554.81244	1537.83038	1524.80190
2025-09-04T12:21:32Z	15377.00000	1554.81253	1537.83010	1524.80212
2025-09-04T12:21:32Z	15377.00000	1554.81229	1537.83026	1524.80206
2025-09-04T12:21:32Z	15377.00000	1554.81234	1537.83033	1524.80184
2025-09-04T12:21:32Z	15377.00000	1554.81216	1537.83017	1524.80188
2025-09-04T12:21:32Z	15377.00000	1554.81226	1537.83005	1524.80198
2025-09-04T12:21:32Z	15377.00000	1554.81208	1537.83008	1524.80172
2025-09-04T12:21:32Z	15377.00000	1554.81237	1537.83006	1524.80180
2025-09-04T12:21:32Z	15377.00000	1554.81213	1537.83012	1524.80174
2025-09-04T12:21:32Z	15377.00000	1554.81164	1537.82980	1524.80194
2025-09-04T12:21:33Z	15378.00000	1554.81130	1537.82979	1524.80161
2025-09-04T12:21:33Z	15378.00000	1554.81227	1537.82989	1524.80177
2025-09-04T12:21:33Z	15378.00000	1554.81145	1537.82969	1524.80174
2025-09-04T12:21:33Z	15378.00000	1554.81122	1537.82973	1524.80172
2025-09-04T12:21:33Z	15378.00000	1554.81186	1537.82958	1524.80170
2025-09-04T12:21:33Z	15378.00000	1554.81119	1537.82987	1524.80175
2025-09-04T12:21:33Z	15378.00000	1554.81159	1537.82976	1524.80160
2025-09-04T12:21:33Z	15378.00000	1554.81201	1537.82954	1524.80158
2025-09-04T12:21:33Z	15378.00000	1554.81181	1537.82963	1524.80168
2025-09-04T12:21:34Z	15379.00000	1554.81201	1537.82959	1524.80151
2025-09-04T12:21:34Z	15379.00000	1554.81129	1537.82934	1524.80150
2025-09-04T12:21:34Z	15379.00000	1554.81124	1537.82946	1524.80151
2025-09-04T12:21:34Z	15379.00000	1554.81168	1537.82937	1524.80140
2025-09-04T12:21:34Z	15379.00000	1554.81169	1537.82927	1524.80140
2025-09-04T12:21:34Z	15379.00000	1554.81179	1537.82914	1524.80143
2025-09-04T12:21:34Z	15379.00000	1554.81186	1537.82948	1524.80153
2025-09-04T12:21:34Z	15379.00000	1554.81108	1537.82945	1524.80145
2025-09-04T12:21:34Z	15379.00000	1554.81151	1537.82935	1524.80126
2025-09-04T12:21:34Z	15379.00000	1554.81158	1537.82920	1524.80156
2025-09-04T12:21:35Z	15380.00000	1554.81120	1537.82925	1524.80130
2025-09-04T12:21:35Z	15380.00000	1554.81139	1537.82917	1524.80136
2025-09-04T12:21:35Z	15380.00000	1554.89577	1537.96584	1524.88494
2025-09-04T12:21:35Z	15380.00000	1555.16574	1538.32631	1525.10885
2025-09-04T12:21:35Z	15380.00000	1555.38723	1538.66921	1525.32046
2025-09-04T12:21:35Z	15380.00000	1555.53844	1538.88249	1525.44634
2025-09-04T12:21:35Z	15380.00000	1555.69406	1539.09028	1525.57399
2025-09-04T12:21:35Z	15380.00000	1555.88458	1539.36291	1525.74215
2025-09-04T12:21:35Z	15380.00000	1556.04237	1539.59003	1525.87796
2025-09-04T12:21:35Z	15380.00000	1556.21185	1539.82871	1526.02594
2025-09-04T12:21:36Z	15381.00000	1556.36437	1540.02888	1526.14659
2025-09-04T12:21:36Z	15381.00000	1556.53120	1540.26279	1526.28566
2025-09-04T12:21:36Z	15381.00000	1556.67723	1540.45579	1526.39901
2025-09-04T12:21:36Z	15381.00000	1556.79966	1540.64099	1526.51074
2025-09-04T12:21:36Z	15381.00000	1556.93388	1540.84269	1526.62924
2025-09-04T12:21:36Z	15381.00000	1557.04482	1541.00790	1526.72720
2025-09-04T12:21:36Z	15381.00000	1557.18709	1541.17999	1526.82710
2025-09-04T12:21:36Z	15381.00000	1557.35379	1541.41923	1526.96557
2025-09-04T12:21:37Z	15382.00000	1557.52871	1541.66922	1527.11311
2025-09-04T12:21:37Z	15382.00000	1557.57279	1541.76482	1527.16889
2025-09-04T12:21:37Z	15382.00000	1557.70586	1541.93350	1527.27378
2025-09-04T12:21:37Z	15382.00000	1557.82426	1542.08893	1527.36539
2025-09-04T12:21:37Z	15382.00000	1557.86372	1542.14054	1527.39613
2025-09-04T12:21:37Z	15382.00000	1557.88191	1542.19469	1527.42824
2025-09-04T12:21:37Z	15382.00000	1557.90674	1542.23938	1527.45514
2025-09-04T12:21:37Z	15382.00000	1557.93752	1542.26997	1527.47355
2025-09-04T12:21:38Z	15383.00000	1557.96705	1542.30196	1527.49242
2025-09-04T12:21:38Z	15383.00000	1557.99728	1542.33298	1527.50926
2025-09-04T12:21:38Z	15383.00000	1558.01090	1542.34929	1527.51888
2025-09-04T12:21:38Z	15383.00000	1558.02698	1542.37062	1527.53160
2025-09-04T12:21:38Z	15383.00000	1558.03294	1542.38540	1527.54071
2025-09-04T12:21:38Z	15383.00000	1558.03580	1542.39448	1527.54617
2025-09-04T12:21:38Z	15383.00000	1558.03860	1542.40229	1527.55092
2025-09-04T12:21:38Z	15383.00000	1558.04322	1542.41576	1527.55948
2025-09-04T12:21:39Z	15384.00000	1558.04725	1542.42803	1527.56708
2025-09-04T12:21:39Z	15384.00000	1556.85510	1540.75095	1526.55819
2025-09-04T12:21:39Z	15384.00000	1556.08822	1539.67438	1525.91543
2025-09-04T12:21:39Z	15384.00000	1555.83386	1539.28123	1525.68024
2025-09-04T12:21:39Z	15384.00000	1555.64216	1539.01722	1525.52562
2025-09-04T12:21:39Z	15384.00000	1555.42768	1538.71937	1525.34056
2025-09-04T12:21:39Z	15384.00000	1555.23404	1538.45309	1525.18375
2025-09-04T12:21:39Z	15384.00000	1555.09248	1538.24627	1525.05485
2025-09-04T12:21:39Z	15384.00000	1554.93340	1538.01517	1524.91397
2025-09-04T12:21:39Z	15384.00000	1554.83340	1537.86600	1524.81982
2025-09-04T12:21:40Z	15385.00000	1554.83258	1537.86171	1524.81767
2025-09-04T12:21:40Z	15385.00000	1554.83178	1537.85957	1524.81688
2025-09-04T12:21:40Z	15385.00000	1554.82996	1537.85728	1524.81642
2025-09-04T12:21:40Z	15385.00000	1554.82895	1537.85545	1524.81514
2025-09-04T12:21:40Z	15385.00000	1554.82824	1537.85364	1524.81405
2025-09-04T12:21:40Z	15385.00000	1554.82769	1537.85258	1524.81330
2025-09-04T12:21:40Z	15385.00000	1554.82726	1537.85139	1524.81295
2025-09-04T12:21:40Z	15385.00000	1554.82649	1537.85042	1524.81247
2025-09-04T12:21:41Z	15386.00000	1554.82427	1537.84919	1524.81165
2025-09-04T12:21:41Z	15386.00000	1554.82421	1537.84854	1524.81134
2025-09-04T12:21:41Z	15386.00000	1554.82376	1537.84771	1524.81092
2025-09-04T12:21:41Z	15386.00000	1554.82326	1537.84714	1524.81076
2025-09-04T12:21:41Z	15386.00000	1554.82419	1537.84628	1524.81011
2025-09-04T12:21:41Z	15386.00000	1554.82317	1537.84612	1524.81022
2025-09-04T12:21:41Z	15386.00000	1554.82348	1537.84553	1524.80976
2025-09-04T12:21:41Z	15386.00000	1554.82341	1537.84522	1524.80988
2025-09-04T12:21:41Z	15386.00000	1554.82274	1537.84483	1524.80970
2025-09-04T12:21:42Z	15387.00000	1554.82272	1537.84406	1524.80915
2025-09-04T12:21:42Z	15387.00000	1554.82210	1537.84349	1524.80856
2025-09-04T12:21:42Z	15387.00000	1554.82195	1537.84320	1524.80868
2025-09-04T12:21:42Z	15387.00000	1554.82100	1537.84269	1524.80825
2025-09-04T12:21:42Z	15387.00000	1554.82136	1537.84237	1524.80807
2025-09-04T12:21:42Z	15387.00000	1554.82091	1537.84212	1524.80800
2025-09-04T12:21:42Z	15387.00000	1554.82093	1537.84172	1524.80764
2025-09-04T12:21:42Z	15387.00000	1554.82068	1537.84126	1524.80740
2025-09-04T12:21:43Z	15388.00000	1554.82021	1537.84066	1524.80719
2025-09-04T12:21:43Z	15388.00000	1554.82017	1537.84037	1524.80698
2025-09-04T12:21:43Z	15388.00000	1554.81943	1537.84023	1524.80700
2025-09-04T12:21:43Z	15388.00000	1554.81989	1537.84017	1524.80688
2025-09-04T12:21:43Z	15388.00000	1554.81950	1537.83962	1524.80646
2025-09-04T12:21:43Z	15388.00000	1554.81981	1537.83933	1524.80642
2025-09-04T12:21:43Z	15388.00000	1554.81910	1537.83942	1524.80658
2025-09-04T12:21:43Z	15388.00000	1554.81897	1537.83887	1524.80645
2025-09-04T12:21:44Z	15388.00000	1554.81875	1537.83863	1524.80624
2025-09-04T12:21:44Z	15389.00000	1554.81903	1537.83846	1524.80604
2025-09-04T12:21:44Z	15389.00000	1554.95985	1538.04488	1524.94124
2025-09-04T12:21:44Z	15389.00000	1555.19939	1538.40934	1525.16359
2025-09-04T12:21:44Z	15389.00000	1555.40567	1538.69149	1525.33349
2025-09-04T12:21:44Z	15389.00000	1555.59584	1538.95096	1525.48904
2025-09-04T12:21:44Z	15389.00000	1555.76674	1539.18802	1525.63209
2025-09-04T12:21:44Z	15389.00000	1555.89881	1539.38036	1525.75208
2025-09-04T12:21:44Z	15389.00000	1556.18142	1539.75174	1525.97693
2025-09-04T12:21:44Z	15389.00000	1556.32173	1539.95512	1526.10305
2025-09-04T12:21:45Z	15390.00000	1556.48570	1540.19200	1526.23956
2025-09-04T12:21:45Z	15390.00000	1556.64245	1540.41850	1526.37596
2025-09-04T12:21:45Z	15390.00000	1556.79753	1540.63978	1526.50923
2025-09-04T12:21:45Z	15390.00000	1557.03495	1540.97852	1526.70929
2025-09-04T12:21:45Z	15390.00000	1557.14397	1541.13205	1526.79700
2025-09-04T12:21:45Z	15390.00000	1557.35554	1541.42316	1526.96697
2025-09-04T12:21:45Z	15390.00000	1557.43585	1541.56003	1527.05083
2025-09-04T12:21:46Z	15391.00000	1557.56251	1541.75252	1527.16061
2025-09-04T12:21:46Z	15391.00000	1557.64232	1541.83778	1527.21340
2025-09-04T12:21:46Z	15391.00000	1557.70053	1541.91578	1527.26260
2025-09-04T12:21:46Z	15391.00000	1557.74712	1542.00962	1527.31720
2025-09-04T12:21:46Z	15391.00000	1557.81276	1542.07651	1527.35676
2025-09-04T12:21:46Z	15391.00000	1557.86429	1542.14143	1527.39548
2025-09-04T12:21:46Z	15391.00000	1557.88259	1542.19664	1527.42790
2025-09-04T12:21:46Z	15391.00000	1557.94360	1542.27548	1527.47516
2025-09-04T12:21:47Z	15392.00000	1557.99450	1542.32924	1527.50587
2025-09-04T12:21:47Z	15392.00000	1558.01451	1542.35095	1527.51797
2025-09-04T12:21:47Z	15392.00000	1558.02784	1542.37175	1527.53070
2025-09-04T12:21:47Z	15392.00000	1558.03784	1542.39821	1527.54639
2025-09-04T12:21:47Z	15392.00000	1558.04138	1542.40927	1527.55348
2025-09-04T12:21:47Z	15392.00000	1558.04421	1542.41656	1527.55821
2025-09-04T12:21:47Z	15392.00000	1558.04624	1542.42337	1527.56231
2025-09-04T12:21:47Z	15392.00000	1558.04897	1542.43095	1527.56705
2025-09-04T12:21:47Z	15392.00000	1558.05143	1542.43765	1527.57138
2025-09-04T12:21:48Z	15393.00000	1556.19450	1539.80227	1525.98538
2025-09-04T12:21:48Z	15393.00000	1555.90388	1539.40346	1525.75229
2025-09-04T12:21:48Z	15393.00000	1555.68378	1539.07833	1525.56120
2025-09-04T12:21:48Z	15393.00000	1555.51259	1538.82662	1525.40400
2025-09-04T12:21:48Z	15393.00000	1555.32469	1538.55596	1525.24543
2025-09-04T12:21:48Z	15393.00000	1555.01832	1538.13946	1524.99182
2025-09-04T12:21:48Z	15393.00000	1554.83451	1537.86773	1524.82259
2025-09-04T12:21:49Z	15394.00000	1554.83454	1537.86489	1524.81971
2025-09-04T12:21:49Z	15394.00000	1554.83346	1537.86221	1524.81842
2025-09-04T12:21:49Z	15394.00000	1554.83167	1537.86016	1524.81827
2025-09-04T12:21:49Z	15394.00000	1554.83073	1537.85890	1524.81747
2025-09-04T12:21:49Z	15394.00000	1554.83086	1537.85770	1524.81659
2025-09-04T12:21:49Z	15394.00000	1554.82944	1537.85616	1524.81592
2025-09-04T12:21:49Z	15394.00000	1554.82748	1537.85524	1524.81500
2025-09-04T12:21:49Z	15394.00000	1554.82915	1537.85420	1524.81500
2025-09-04T12:21:49Z	15394.00000	1554.82815	1537.85330	1524.81456
2025-09-04T12:21:49Z	15394.00000	1554.82652	1537.85273	1524.81389
2025-09-04T12:21:50Z	15395.00000	1554.82716	1537.85175	1524.81359
2025-09-04T12:21:50Z	15395.00000	1554.82665	1537.85040	1524.81306
2025-09-04T12:21:50Z	15395.00000	1554.82635	1537.85002	1524.81286
2025-09-04T12:21:50Z	15395.00000	1554.82622	1537.84957	1524.81238
2025-09-04T12:21:50Z	15395.00000	1554.82528	1537.84880	1524.81177
2025-09-04T12:21:50Z	15395.00000	1554.82422	1537.84842	1524.81158
2025-09-04T12:21:50Z	15395.00000	1554.82526	1537.84804	1524.81162
2025-09-04T12:21:50Z	15395.00000	1554.82390	1537.84769	1524.81146
2025-09-04T12:21:50Z	15395.00000	1554.82357	1537.84711	1524.81114
2025-09-04T12:21:51Z	15396.00000	1554.82414	1537.84661	1524.81066
2025-09-04T12:21:51Z	15396.00000	1554.82336	1537.84615	1524.81057
2025-09-04T12:21:51Z	15396.00000	1554.82427	1537.84587	1524.81045
2025-09-04T12:21:51Z	15396.00000	1554.82374	1537.84558	1524.81026
2025-09-04T12:21:51Z	15396.00000	1554.82386	1537.84528	1524.81008
2025-09-04T12:21:51Z	15396.00000	1554.82369	1537.84486	1524.80992
2025-09-04T12:21:51Z	15396.00000	1554.82312	1537.84451	1524.80974
2025-09-04T12:21:51Z	15396.00000	1554.82208	1537.84423	1524.80964
2025-09-04T12:21:51Z	15396.00000	1554.82263	1537.84391	1524.80923
2025-09-04T12:21:51Z	15396.00000	1554.82268	1537.84355	1524.80910
2025-09-04T12:21:52Z	15397.00000	1554.82226	1537.84346	1524.80915
2025-09-04T12:21:52Z	15397.00000	1554.82206	1537.84292	1524.80880
2025-09-04T12:21:52Z	15397.00000	1554.82185	1537.84267	1524.80860
2025-09-04T12:21:52Z	15397.00000	1554.82132	1537.84271	1524.80859
2025-09-04T12:21:52Z	15397.00000	1554.82184	1537.84243	1524.80844
2025-09-04T12:21:52Z	15397.00000	1554.82080	1537.84202	1524.80827
2025-09-04T12:21:52Z	15397.00000	1554.82155	1537.84187	1524.80829
2025-09-04T12:21:52Z	15397.00000	1554.82111	1537.84154	1524.80812
2025-09-04T12:21:52Z	15397.00000	1554.82109	1537.84110	1524.80795
2025-09-04T12:21:52Z	15397.00000	1554.82116	1537.84104	1524.80784
2025-09-04T12:21:53Z	15398.00000	1554.82087	1537.84141	1524.80810
2025-09-04T12:21:53Z	15398.00000	1555.18838	1538.38189	1525.14257
2025-09-04T12:21:53Z	15398.00000	1555.42463	1538.71005	1525.34214
2025-09-04T12:21:53Z	15398.00000	1555.57176	1538.92317	1525.47006
2025-09-04T12:21:53Z	15398.00000	1555.71537	1539.13056	1525.59594
2025-09-04T12:21:53Z	15398.00000	1555.91767	1539.40040	1525.76383
2025-09-04T12:21:53Z	15398.00000	1556.07758	1539.63391	1525.90185
2025-09-04T12:21:53Z	15398.00000	1556.25542	1539.88120	1526.05612
2025-09-04T12:21:53Z	15398.00000	1556.41738	1540.11529	1526.19375
2025-09-04T12:21:54Z	15399.00000	1556.61129	1540.38246	1526.35533
2025-09-04T12:21:54Z	15399.00000	1556.86254	1540.72661	1526.55867
2025-09-04T12:21:54Z	15399.00000	1556.95839	1540.86881	1526.64390
2025-09-04T12:21:54Z	15399.00000	1557.05677	1541.03087	1526.73900
2025-09-04T12:21:54Z	15399.00000	1557.18820	1541.18140	1526.82667
2025-09-04T12:21:54Z	15399.00000	1557.28523	1541.34170	1526.91919
2025-09-04T12:21:54Z	15399.00000	1557.37233	1541.46395	1526.99058
2025-09-04T12:21:54Z	15399.00000	1557.47242	1541.59717	1527.07166
2025-09-04T12:21:54Z	15399.00000	1557.54176	1541.70455	1527.13150
2025-09-04T12:21:55Z	15400.00000	1557.63180	1541.82465	1527.20446
2025-09-04T12:21:55Z	15400.00000	1557.69690	1541.90435	1527.25456
2025-09-04T12:21:55Z	15400.00000	1557.71916	1541.96945	1527.29306
2025-09-04T12:21:55Z	15400.00000	1557.78327	1542.04360	1527.33600
2025-09-04T12:21:55Z	15400.00000	1557.85714	1542.12407	1527.38369
2025-09-04T12:21:55Z	15400.00000	1557.87789	1542.17535	1527.41385
2025-09-04T12:21:55Z	15400.00000	1557.89364	1542.21825	1527.43983
2025-09-04T12:21:55Z	15400.00000	1557.92479	1542.25452	1527.46168
2025-09-04T12:21:55Z	15400.00000	1557.95577	1542.28575	1527.47988
2025-09-04T12:21:55Z	15400.00000	1557.98270	1542.31400	1527.49586
2025-09-04T12:21:56Z	15401.00000	1558.00872	1542.34133	1527.51143
2025-09-04T12:21:56Z	15401.00000	1558.02394	1542.36177	1527.52285
2025-09-04T12:21:56Z	15401.00000	1558.03131	1542.37755	1527.53249
2025-09-04T12:21:56Z	15401.00000	1558.03664	1542.39265	1527.54178
2025-09-04T12:21:56Z	15401.00000	1558.04004	1542.40309	1527.54825
2025-09-04T12:21:56Z	15401.00000	1558.04387	1542.41355	1527.55469
2025-09-04T12:21:56Z	15401.00000	1558.04678	1542.42128	1527.55954
2025-09-04T12:21:56Z	15401.00000	1558.04858	1542.42757	1527.56338
2025-09-04T12:21:56Z	15401.00000	1558.05094	1542.43399	1527.56764
2025-09-04T12:21:56Z	15401.00000	1558.05290	1542.43887	1527.57095
2025-09-04T12:21:57Z	15402.00000	1557.34993	1541.43059	1526.95947
2025-09-04T12:21:57Z	15402.00000	1556.07169	1539.65841	1525.90188
2025-09-04T12:21:57Z	15402.00000	1555.85551	1539.31824	1525.70112
2025-09-04T12:21:57Z	15402.00000	1555.67104	1539.05115	1525.54405
2025-09-04T12:21:57Z	15402.00000	1555.46058	1538.75795	1525.36355
2025-09-04T12:21:57Z	15402.00000	1555.29124	1538.51794	1525.22331
2025-09-04T12:21:57Z	15402.00000	1555.14394	1538.30350	1525.09112
2025-09-04T12:21:57Z	15402.00000	1554.98687	1538.07649	1524.95275
2025-09-04T12:21:57Z	15402.00000	1554.84333	1537.88637	1524.83344
2025-09-04T12:21:58Z	15402.00000	1554.83462	1537.86616	1524.82110
2025-09-04T12:21:58Z	15403.00000	1554.83091	1537.86388	1524.81995
2025-09-04T12:21:58Z	15403.00000	1554.83237	1537.86102	1524.81896
2025-09-04T12:21:58Z	15403.00000	1554.83195	1537.85998	1524.81797
2025-09-04T12:21:58Z	15403.00000	1554.82876	1537.85872	1524.81747
2025-09-04T12:21:58Z	15403.00000	1554.83098	1537.85759	1524.81670
2025-09-04T12:21:58Z	15403.00000	1554.83018	1537.85594	1524.81612
2025-09-04T12:21:58Z	15403.00000	1554.82830	1537.85494	1524.81577
2025-09-04T12:21:58Z	15403.00000	1554.82926	1537.85442	1524.81524
2025-09-04T12:21:58Z	15403.00000	1554.82868	1537.85378	1524.81469
2025-09-04T12:21:59Z	15404.00000	1554.82635	1537.85290	1524.81436
2025-09-04T12:21:59Z	15404.00000	1554.82773	1537.85234	1524.81390
2025-09-04T12:21:59Z	15404.00000	1554.82546	1537.85168	1524.81392
2025-09-04T12:21:59Z	15404.00000	1554.82705	1537.85114	1524.81351
2025-09-04T12:21:59Z	15404.00000	1554.82567	1537.85085	1524.81361
2025-09-04T12:21:59Z	15404.00000	1554.82653	1537.85042	1524.81301
2025-09-04T12:21:59Z	15404.00000	1554.82561	1537.84940	1524.81250
2025-09-04T12:21:59Z	15404.00000	1554.82543	1537.84915	1524.81230
2025-09-04T12:21:59Z	15404.00000	1554.82429	1537.84865	1524.81232
2025-09-04T12:21:59Z	15404.00000	1554.82386	1537.84813	1524.81174
2025-09-04T12:22:00Z	15405.00000	1554.82497	1537.84777	1524.81165
2025-09-04T12:22:00Z	15405.00000	1554.82367	1537.84746	1524.81125
2025-09-04T12:22:00Z	15405.00000	1554.82351	1537.84707	1524.81137
2025-09-04T12:22:00Z	15405.00000	1554.82426	1537.84677	1524.81113
2025-09-04T12:22:00Z	15405.00000	1554.82312	1537.84634	1524.81102
2025-09-04T12:22:00Z	15405.00000	1554.82355	1537.84584	1524.81075
2025-09-04T12:22:00Z	15405.00000	1554.82260	1537.84554	1524.81054
2025-09-04T12:22:00Z	15405.00000	1554.82233	1537.84536	1524.81031
2025-09-04T12:22:00Z	15405.00000	1554.82348	1537.84494	1524.81004
2025-09-04T12:22:00Z	15405.00000	1554.82317	1537.84468	1524.81002
2025-09-04T12:22:01Z	15406.00000	1554.82302	1537.84449	1524.80985
2025-09-04T12:22:01Z	15406.00000	1554.82200	1537.84412	1524.80955
2025-09-04T12:22:01Z	15406.00000	1554.82279	1537.84406	1524.80992
2025-09-04T12:22:01Z	15406.00000	1554.82218	1537.84327	1524.80933
2025-09-04T12:22:01Z	15406.00000	1554.82201	1537.84315	1524.80913
2025-09-04T12:22:01Z	15406.00000	1554.82235	1537.84295	1524.80900
2025-09-04T12:22:01Z	15406.00000	1554.82193	1537.84279	1524.80901
2025-09-04T12:22:01Z	15406.00000	1554.82186	1537.84270	1524.80909
2025-09-04T12:22:01Z	15406.00000	1554.82136	1537.84228	1524.80862
2025-09-04T12:22:02Z	15406.00000	1554.82140	1537.84187	1524.80845
2025-09-04T12:22:02Z	15407.00000	1554.82142	1537.84166	1524.80847
2025-09-04T12:22:02Z	15407.00000	1554.89106	1537.96758	1524.88889
2025-09-04T12:22:02Z	15407.00000	1555.16189	1538.32446	1525.11072
2025-09-04T12:22:02Z	15407.00000	1555.38401	1538.66741	1525.31798
2025-09-04T12:22:02Z	15407.00000	1555.54274	1538.88779	1525.44893
2025-09-04T12:22:02Z	15407.00000	1555.75518	1539.17456	1525.62162
2025-09-04T12:22:02Z	15407.00000	1555.95644	1539.44397	1525.78937
2025-09-04T12:22:02Z	15407.00000	1556.11214	1539.67206	1525.92552
2025-09-04T12:22:03Z	15407.00000	1556.35900	1540.01281	1526.13590
2025-09-04T12:22:03Z	15408.00000	1556.47781	1540.18236	1526.23359
2025-09-04T12:22:03Z	15408.00000	1556.57411	1540.34212	1526.33368
2025-09-04T12:22:03Z	15408.00000	1556.69997	1540.50266	1526.42732
2025-09-04T12:22:03Z	15408.00000	1556.86038	1540.72121	1526.55624
2025-09-04T12:22:03Z	15408.00000	1556.98071	1540.89461	1526.66043
2025-09-04T12:22:03Z	15408.00000	1557.07515	1541.05681	1526.75483
2025-09-04T12:22:03Z	15408.00000	1557.20636	1541.22848	1526.85618
2025-09-04T12:22:03Z	15408.00000	1557.32423	1541.38394	1526.94514
2025-09-04T12:22:03Z	15408.00000	1557.38785	1541.50595	1527.01772
2025-09-04T12:22:03Z	15408.00000	1557.47713	1541.60234	1527.07558
2025-09-04T12:22:04Z	15409.00000	1557.54958	1541.72763	1527.14580
2025-09-04T12:22:04Z	15409.00000	1557.63857	1541.83184	1527.21003
2025-09-04T12:22:04Z	15409.00000	1557.71386	1541.95560	1527.28550
2025-09-04T12:22:04Z	15409.00000	1557.84111	1542.10500	1527.37330
2025-09-04T12:22:04Z	15409.00000	1557.86852	1542.15008	1527.39980
2025-09-04T12:22:04Z	15409.00000	1557.88744	1542.20658	1527.43301
2025-09-04T12:22:04Z	15409.00000	1557.91030	1542.23912	1527.45224
2025-09-04T12:22:04Z	15409.00000	1557.93807	1542.26742	1527.46918
2025-09-04T12:22:04Z	15409.00000	1557.96247	1542.29270	1527.48407
2025-09-04T12:22:05Z	15410.00000	1557.99384	1542.32444	1527.50199
2025-09-04T12:22:05Z	15410.00000	1558.01357	1542.34654	1527.51460
2025-09-04T12:22:05Z	15410.00000	1558.02759	1542.36862	1527.52755
2025-09-04T12:22:05Z	15410.00000	1558.03348	1542.38322	1527.53644
2025-09-04T12:22:05Z	15410.00000	1558.03795	1542.39735	1527.54503
2025-09-04T12:22:05Z	15410.00000	1558.04187	1542.40829	1527.55198
2025-09-04T12:22:05Z	15410.00000	1558.04530	1542.41843	1527.55810
2025-09-04T12:22:05Z	15410.00000	1558.04819	1542.42586	1527.56166
2025-09-04T12:22:05Z	15410.00000	1558.05112	1542.43213	1527.56734
2025-09-04T12:22:06Z	15410.00000	1558.05321	1542.43845	1527.57068
2025-09-04T12:22:06Z	15411.00000	1558.03931	1542.38400	1527.54907
2025-09-04T12:22:06Z	15411.00000	1556.33170	1539.98571	1526.09836
2025-09-04T12:22:06Z	15411.00000	1555.89529	1539.39831	1525.75126
2025-09-04T12:22:06Z	15411.00000	1555.68064	1539.06991	1525.55579
2025-09-04T12:22:06Z	15411.00000	1555.52254	1538.85331	1525.42096
2025-09-04T12:22:06Z	15411.00000	1555.37725	1538.66077	1525.30668
2025-09-04T12:22:06Z	15411.00000	1555.18093	1538.36234	1525.12902
2025-09-04T12:22:06Z	15411.00000	1555.05224	1538.19840	1525.02702
2025-09-04T12:22:06Z	15411.00000	1554.95602	1538.04109	1524.93021
2025-09-04T12:22:06Z	15411.00000	1554.83622	1537.87223	1524.82581
2025-09-04T12:22:07Z	15412.00000	1554.83594	1537.86804	1524.82241
2025-09-04T12:22:07Z	15412.00000	1554.83461	1537.86465	1524.81989
2025-09-04T12:22:07Z	15412.00000	1554.83161	1537.86344	1524.81995
2025-09-04T12:22:07Z	15412.00000	1554.83278	1537.86161	1524.81936
2025-09-04T12:22:07Z	15412.00000	1554.83235	1537.86012	1524.81824
2025-09-04T12:22:07Z	15412.00000	1554.82893	1537.85917	1524.81767
2025-09-04T12:22:07Z	15412.00000	1554.83117	1537.85789	1524.81691
2025-09-04T12:22:07Z	15412.00000	1554.83029	1537.85668	1524.81671
2025-09-04T12:22:07Z	15412.00000	1554.82953	1537.85567	1524.81639
2025-09-04T12:22:07Z	15412.00000	1554.82914	1537.85511	1524.81569
2025-09-04T12:22:08Z	15413.00000	1554.82695	1537.85414	1524.81509
2025-09-04T12:22:08Z	15413.00000	1554.82872	1537.85353	1524.81501
2025-09-04T12:22:08Z	15413.00000	1554.82834	1537.85257	1524.81463
2025-09-04T12:22:08Z	15413.00000	1554.82765	1537.85209	1524.81434
2025-09-04T12:22:08Z	15413.00000	1554.82746	1537.85130	1524.81358
2025-09-04T12:22:08Z	15413.00000	1554.82507	1537.85044	1524.81299
2025-09-04T12:22:08Z	15413.00000	1554.82518	1537.85042	1524.81324
2025-09-04T12:22:08Z	15413.00000	1554.82619	1537.85006	1524.81315
2025-09-04T12:22:08Z	15413.00000	1554.82603	1537.84959	1524.81295
2025-09-04T12:22:08Z	15413.00000	1554.82579	1537.84919	1524.81263
2025-09-04T12:22:09Z	15414.00000	1554.82537	1537.84860	1524.81209
2025-09-04T12:22:09Z	15414.00000	1554.82510	1537.84830	1524.81192
2025-09-04T12:22:09Z	15414.00000	1554.82383	1537.84794	1524.81203
2025-09-04T12:22:09Z	15414.00000	1554.82374	1537.84761	1524.81194
2025-09-04T12:22:09Z	15414.00000	1554.82341	1537.84746	1524.81173
2025-09-04T12:22:09Z	15414.00000	1554.82302	1537.84702	1524.81156
2025-09-04T12:22:09Z	15414.00000	1554.82324	1537.84668	1524.81136
2025-09-04T12:22:09Z	15414.00000	1554.82280	1537.84609	1524.81104
2025-09-04T12:22:09Z	15414.00000	1554.82283	1537.84589	1524.81085
2025-09-04T12:22:09Z	15414.00000	1554.82383	1537.84541	1524.81064
2025-09-04T12:22:10Z	15415.00000	1554.82266	1537.84508	1524.81038
2025-09-04T12:22:10Z	15415.00000	1554.82331	1537.84506	1524.81058
2025-09-04T12:22:10Z	15415.00000	1554.82204	1537.84468	1524.81010
2025-09-04T12:22:10Z	15415.00000	1554.82200	1537.84455	1524.81022
2025-09-04T12:22:10Z	15415.00000	1554.82295	1537.84422	1524.80992
2025-09-04T12:22:10Z	15415.00000	1554.82279	1537.84371	1524.80960
2025-09-04T12:22:10Z	15415.00000	1554.82245	1537.84355	1524.80963
2025-09-04T12:22:10Z	15415.00000	1554.82240	1537.84316	1524.80946
2025-09-04T12:22:10Z	15415.00000	1554.82244	1537.84316	1524.80953
2025-09-04T12:22:10Z	15415.00000	1554.82200	1537.84321	1524.80935
2025-09-04T12:22:11Z	15416.00000	1554.82079	1537.84283	1524.80928
2025-09-04T12:22:11Z	15416.00000	1554.84987	1537.90239	1524.84871
2025-09-04T12:22:11Z	15416.00000	1555.12907	1538.28475	1525.08271
2025-09-04T12:22:11Z	15416.00000	1555.31188	1538.53987	1525.24083
2025-09-04T12:22:11Z	15416.00000	1555.52428	1538.85065	1525.42526
2025-09-04T12:22:11Z	15416.00000	1555.69902	1539.10458	1525.57948
2025-09-04T12:22:11Z	15416.00000	1555.87312	1539.34547	1525.72762
2025-09-04T12:22:11Z	15416.00000	1556.03414	1539.57172	1525.86410
2025-09-04T12:22:11Z	15416.00000	1556.19665	1539.78815	1525.99845
2025-09-04T12:22:11Z	15416.00000	1556.36261	1540.02244	1526.14100
2025-09-04T12:22:12Z	15417.00000	1556.52800	1540.25179	1526.27733
2025-09-04T12:22:12Z	15417.00000	1556.63812	1540.41192	1526.37244
2025-09-04T12:22:12Z	15417.00000	1556.79426	1540.63430	1526.50643
2025-09-04T12:22:12Z	15417.00000	1556.93651	1540.84365	1526.62953
2025-09-04T12:22:12Z	15417.00000	1557.03685	1540.98217	1526.71159
2025-09-04T12:22:12Z	15417.00000	1557.15114	1541.13760	1526.80043
2025-09-04T12:22:12Z	15417.00000	1557.22980	1541.27875	1526.88454
2025-09-04T12:22:12Z	15417.00000	1557.36046	1541.42846	1526.97070
2025-09-04T12:22:12Z	15417.00000	1557.44742	1541.56812	1527.05537
2025-09-04T12:22:13Z	15417.00000	1557.54583	1541.71440	1527.13723
2025-09-04T12:22:13Z	15418.00000	1557.62947	1541.81934	1527.20094
2025-09-04T12:22:13Z	15418.00000	1557.69026	1541.88880	1527.24477
2025-09-04T12:22:13Z	15418.00000	1557.71444	1541.95387	1527.28406
2025-09-04T12:22:13Z	15418.00000	1557.78371	1542.04243	1527.33485
2025-09-04T12:22:13Z	15418.00000	1557.85214	1542.11454	1527.37823
2025-09-04T12:22:13Z	15418.00000	1557.88546	1542.19911	1527.42778
2025-09-04T12:22:13Z	15418.00000	1557.92022	1542.24705	1527.45669
2025-09-04T12:22:13Z	15418.00000	1557.95706	1542.28518	1527.47901
2025-09-04T12:22:13Z	15418.00000	1557.97985	1542.30865	1527.49249
2025-09-04T12:22:14Z	15419.00000	1558.00716	1542.33707	1527.50867
2025-09-04T12:22:14Z	15419.00000	1558.02482	1542.36029	1527.52157
2025-09-04T12:22:14Z	15419.00000	1558.03556	1542.38698	1527.53791
2025-09-04T12:22:14Z	15419.00000	1558.03988	1542.39996	1527.54598
2025-09-04T12:22:14Z	15419.00000	1558.04288	1542.40891	1527.55138
2025-09-04T12:22:14Z	15419.00000	1558.04639	1542.41787	1527.55700
2025-09-04T12:22:14Z	15419.00000	1558.04875	1542.42593	1527.56170
2025-09-04T12:22:14Z	15419.00000	1558.05267	1542.43519	1527.56802
2025-09-04T12:22:15Z	15420.00000	1558.04795	1542.41132	1527.56047
2025-09-04T12:22:15Z	15420.00000	1556.24355	1539.89184	1526.04021
2025-09-04T12:22:15Z	15420.00000	1555.89618	1539.40008	1525.75219
2025-09-04T12:22:15Z	15420.00000	1555.68031	1539.06748	1525.55283
2025-09-04T12:22:15Z	15420.00000	1555.44144	1538.73570	1525.34953
2025-09-04T12:22:15Z	15420.00000	1555.31835	1538.54796	1525.24126
2025-09-04T12:22:15Z	15420.00000	1555.13525	1538.29374	1525.08547
2025-09-04T12:22:15Z	15420.00000	1555.01562	1538.13198	1524.98701
2025-09-04T12:22:15Z	15420.00000	1554.86769	1537.93851	1524.86670
2025-09-04T12:22:15Z	15420.00000	1554.83255	1537.87063	1524.82423
2025-09-04T12:22:16Z	15421.00000	1554.83309	1537.86868	1524.82303
2025-09-04T12:22:16Z	15421.00000	1554.83462	1537.86564	1524.82149
2025-09-04T12:22:16Z	15421.00000	1554.83304	1537.86332	1524.82052
2025-09-04T12:22:16Z	15421.00000	1554.83237	1537.86146	1524.81935
2025-09-04T12:22:16Z	15421.00000	1554.83135	1537.85939	1524.81801
2025-09-04T12:22:16Z	15421.00000	1554.83092	1537.85794	1524.81723
2025-09-04T12:22:16Z	15421.00000	1554.83001	1537.85685	1524.81705
2025-09-04T12:22:16Z	15421.00000	1554.82949	1537.85593	1524.81653
2025-09-04T12:22:16Z	15421.00000	1554.82894	1537.85524	1524.81606
2025-09-04T12:22:17Z	15422.00000	1554.82883	1537.85452	1524.81569
2025-09-04T12:22:17Z	15422.00000	1554.82829	1537.85375	1524.81544
2025-09-04T12:22:17Z	15422.00000	1554.82743	1537.85294	1524.81492
2025-09-04T12:22:17Z	15422.00000	1554.82760	1537.85239	1524.81458
2025-09-04T12:22:17Z	15422.00000	1554.82656	1537.85152	1524.81366
2025-09-04T12:22:17Z	15422.00000	1554.82728	1537.85142	1524.81416
2025-09-04T12:22:17Z	15422.00000	1554.82655	1537.85104	1524.81394
2025-09-04T12:22:17Z	15422.00000	1554.82617	1537.85048	1524.81363
2025-09-04T12:22:17Z	15422.00000	1554.82606	1537.85002	1524.81341
2025-09-04T12:22:18Z	15423.00000	1554.82545	1537.84924	1524.81280
2025-09-04T12:22:18Z	15423.00000	1554.82546	1537.84861	1524.81242
2025-09-04T12:22:18Z	15423.00000	1554.82377	1537.84825	1524.81234
2025-09-04T12:22:18Z	15423.00000	1554.82344	1537.84795	1524.81219
2025-09-04T12:22:18Z	15423.00000	1554.82334	1537.84731	1524.81183
2025-09-04T12:22:18Z	15423.00000	1554.82389	1537.84690	1524.81150
2025-09-04T12:22:18Z	15423.00000	1554.82284	1537.84675	1524.81144
2025-09-04T12:22:18Z	15423.00000	1554.82240	1537.84606	1524.81118
2025-09-04T12:22:19Z	15423.00000	1554.82260	1537.84587	1524.81110
2025-09-04T12:22:19Z	15424.00000	1554.82234	1537.84537	1524.81067
2025-09-04T12:22:19Z	15424.00000	1554.82210	1537.84488	1524.81075
2025-09-04T12:22:19Z	15424.00000	1554.82185	1537.84477	1524.81067
2025-09-04T12:22:19Z	15424.00000	1554.82215	1537.84453	1524.81035
2025-09-04T12:22:19Z	15424.00000	1554.82256	1537.84430	1524.81032
2025-09-04T12:22:19Z	15424.00000	1554.82271	1537.84413	1524.80994
2025-09-04T12:22:19Z	15424.00000	1554.82223	1537.84372	1524.80991
2025-09-04T12:22:19Z	15424.00000	1554.82228	1537.84341	1524.80982
2025-09-04T12:22:19Z	15424.00000	1554.82218	1537.84334	1524.80945
2025-09-04T12:22:20Z	15425.00000	1554.82164	1537.84327	1524.80961
2025-09-04T12:22:20Z	15425.00000	1554.99722	1538.09325	1524.96867
2025-09-04T12:22:20Z	15425.00000	1555.23704	1538.45675	1525.19112
2025-09-04T12:22:20Z	15425.00000	1555.55201	1538.90198	1525.45523
2025-09-04T12:22:20Z	15425.00000	1555.73140	1539.15020	1525.60594
2025-09-04T12:22:20Z	15425.00000	1555.93746	1539.42291	1525.77664
2025-09-04T12:22:20Z	15425.00000	1556.09592	1539.65445	1525.91404
2025-09-04T12:22:20Z	15425.00000	1556.24301	1539.86874	1526.04822
2025-09-04T12:22:20Z	15425.00000	1556.44170	1540.14164	1526.20966
2025-09-04T12:22:21Z	15426.00000	1556.62471	1540.39769	1526.36507
2025-09-04T12:22:21Z	15426.00000	1556.74814	1540.58506	1526.47734
2025-09-04T12:22:21Z	15426.00000	1556.86696	1540.73979	1526.56736
2025-09-04T12:22:21Z	15426.00000	1556.99740	1540.91319	1526.67177
2025-09-04T12:22:21Z	15426.00000	1557.11284	1541.09705	1526.77747
2025-09-04T12:22:21Z	15426.00000	1557.20961	1541.23871	1526.86261
2025-09-04T12:22:21Z	15426.00000	1557.33427	1541.39431	1526.95106
2025-09-04T12:22:21Z	15426.00000	1557.48674	1541.61249	1527.08133
2025-09-04T12:22:21Z	15426.00000	1557.54614	1541.71730	1527.13983
2025-09-04T12:22:22Z	15427.00000	1557.63065	1541.82320	1527.20454
2025-09-04T12:22:22Z	15427.00000	1557.70664	1541.93294	1527.27242
2025-09-04T12:22:22Z	15427.00000	1557.76017	1542.02100	1527.32347
2025-09-04T12:22:22Z	15427.00000	1557.81548	1542.07660	1527.35630
2025-09-04T12:22:22Z	15427.00000	1557.87747	1542.17790	1527.41606
2025-09-04T12:22:22Z	15427.00000	1557.90025	1542.22794	1527.44551
2025-09-04T12:22:22Z	15427.00000	1557.93401	1542.26313	1527.46662
2025-09-04T12:22:22Z	15427.00000	1557.96399	1542.29321	1527.48457
2025-09-04T12:22:22Z	15427.00000	1557.99343	1542.32419	1527.50168
2025-09-04T12:22:23Z	15428.00000	1558.01657	1542.34980	1527.51627
2025-09-04T12:22:23Z	15428.00000	1558.03310	1542.38170	1527.53501
2025-09-04T12:22:23Z	15428.00000	1558.03705	1542.39303	1527.54223
2025-09-04T12:22:23Z	15428.00000	1558.04044	1542.40302	1527.54830
2025-09-04T12:22:23Z	15428.00000	1558.04352	1542.41165	1527.55363
2025-09-04T12:22:23Z	15428.00000	1558.04680	1542.42019	1527.55879
2025-09-04T12:22:23Z	15428.00000	1558.04853	1542.42596	1527.56257
2025-09-04T12:22:23Z	15428.00000	1558.05066	1542.43120	1527.56575
2025-09-04T12:22:23Z	15428.00000	1558.05221	1542.43672	1527.56928
2025-09-04T12:22:24Z	15429.00000	1556.62391	1540.42185	1526.35524
2025-09-04T12:22:24Z	15429.00000	1556.06999	1539.65686	1525.90197
2025-09-04T12:22:24Z	15429.00000	1555.82940	1539.27471	1525.67549
2025-09-04T12:22:24Z	15429.00000	1555.63662	1539.00915	1525.51748
2025-09-04T12:22:24Z	15429.00000	1555.47297	1538.77219	1525.37077
2025-09-04T12:22:24Z	15429.00000	1555.28107	1538.50568	1525.21639
2025-09-04T12:22:24Z	15429.00000	1555.10367	1538.25881	1525.06363
2025-09-04T12:22:24Z	15429.00000	1554.97617	1538.06406	1524.94543
2025-09-04T12:22:24Z	15429.00000	1554.84849	1537.90652	1524.84569
2025-09-04T12:22:24Z	15429.00000	1554.83659	1537.87027	1524.82413
2025-09-04T12:22:25Z	15430.00000	1554.83515	1537.86634	1524.82149
2025-09-04T12:22:25Z	15430.00000	1554.83381	1537.86449	1524.82118
2025-09-04T12:22:25Z	15430.00000	1554.83299	1537.86261	1524.82041
2025-09-04T12:22:25Z	15430.00000	1554.83248	1537.86126	1524.81929
2025-09-04T12:22:25Z	15430.00000	1554.83204	1537.86022	1524.81887
2025-09-04T12:22:25Z	15430.00000	1554.83117	1537.85889	1524.81788
2025-09-04T12:22:25Z	15430.00000	1554.83103	1537.85788	1524.81758
2025-09-04T12:22:25Z	15430.00000	1554.83001	1537.85713	1524.81754
2025-09-04T12:22:25Z	15430.00000	1554.82729	1537.85595	1524.81675
2025-09-04T12:22:25Z	15430.00000	1554.82682	1537.85519	1524.81621
2025-09-04T12:22:26Z	15431.00000	1554.82831	1537.85434	1524.81576
2025-09-04T12:22:26Z	15431.00000	1554.82797	1537.85368	1524.81552
2025-09-04T12:22:26Z	15431.00000	1554.82718	1537.85319	1524.81526
2025-09-04T12:22:26Z	15431.00000	1554.82727	1537.85262	1524.81495
2025-09-04T12:22:26Z	15431.00000	1554.82647	1537.85121	1524.81394
2025-09-04T12:22:26Z	15431.00000	1554.82630	1537.85102	1524.81417
2025-09-04T12:22:26Z	15431.00000	1554.82569	1537.85037	1524.81363
2025-09-04T12:22:26Z	15431.00000	1554.82548	1537.84964	1524.81333
2025-09-04T12:22:27Z	15432.00000	1554.82561	1537.84938	1524.81282
2025-09-04T12:22:27Z	15432.00000	1554.82404	1537.84892	1524.81288
2025-09-04T12:22:27Z	15432.00000	1554.82463	1537.84857	1524.81273
2025-09-04T12:22:27Z	15432.00000	1554.82455	1537.84810	1524.81253
2025-09-04T12:22:27Z	15432.00000	1554.82342	1537.84785	1524.81239
2025-09-04T12:22:27Z	15432.00000	1554.82313	1537.84736	1524.81205
2025-09-04T12:22:27Z	15432.00000	1554.82302	1537.84710	1524.81172
2025-09-04T12:22:27Z	15432.00000	1554.82280	1537.84645	1524.81172
2025-09-04T12:22:27Z	15432.00000	1554.82365	1537.84613	1524.81156
2025-09-04T12:22:28Z	15433.00000	1554.82244	1537.84588	1524.81122
2025-09-04T12:22:28Z	15433.00000	1554.82299	1537.84554	1524.81138
2025-09-04T12:22:28Z	15433.00000	1554.82284	1537.84538	1524.81116
2025-09-04T12:22:28Z	15433.00000	1554.82268	1537.84502	1524.81074
2025-09-04T12:22:28Z	15433.00000	1554.82176	1537.84469	1524.81055
2025-09-04T12:22:28Z	15433.00000	1554.82148	1537.84444	1524.81033
2025-09-04T12:22:28Z	15433.00000	1554.82261	1537.84431	1524.81043
2025-09-04T12:22:28Z	15433.00000	1554.82220	1537.84388	1524.81014
2025-09-04T12:22:28Z	15433.00000	1554.82160	1537.84362	1524.81000
2025-09-04T12:22:29Z	15434.00000	1554.82168	1537.84313	1524.80975
2025-09-04T12:22:29Z	15434.00000	1554.82355	1537.84801	1524.81206
2025-09-04T12:22:29Z	15434.00000	1555.24072	1538.46103	1525.19469
2025-09-04T12:22:29Z	15434.00000	1555.63208	1538.99178	1525.51273
2025-09-04T12:22:29Z	15434.00000	1555.80494	1539.22759	1525.65454
2025-09-04T12:22:29Z	15434.00000	1556.00333	1539.50447	1525.82454
2025-09-04T12:22:29Z	15434.00000	1556.16673	1539.73089	1525.96271
2025-09-04T12:22:29Z	15434.00000	1556.27721	1539.90583	1526.07191
2025-09-04T12:22:30Z	15435.00000	1556.43713	1540.13751	1526.20743
2025-09-04T12:22:30Z	15435.00000	1556.58990	1540.35956	1526.34418
2025-09-04T12:22:30Z	15435.00000	1556.74762	1540.58484	1526.47767
2025-09-04T12:22:30Z	15435.00000	1556.87916	1540.77562	1526.58869
2025-09-04T12:22:30Z	15435.00000	1557.11825	1541.10386	1526.78175
2025-09-04T12:22:30Z	15435.00000	1557.22332	1541.27194	1526.88182
2025-09-04T12:22:30Z	15435.00000	1557.32365	1541.38381	1526.94593
2025-09-04T12:22:30Z	15435.00000	1557.40881	1541.52920	1527.03291
2025-09-04T12:22:30Z	15435.00000	1557.51026	1541.64314	1527.09907
2025-09-04T12:22:31Z	15436.00000	1557.54974	1541.72758	1527.14665
2025-09-04T12:22:31Z	15436.00000	1557.64010	1541.83356	1527.21194
2025-09-04T12:22:31Z	15436.00000	1557.70099	1541.91571	1527.26306
2025-09-04T12:22:31Z	15436.00000	1557.74493	1542.00614	1527.31517
2025-09-04T12:22:31Z	15436.00000	1557.81075	1542.07224	1527.35405
2025-09-04T12:22:31Z	15436.00000	1557.86464	1542.13925	1527.39391
2025-09-04T12:22:31Z	15436.00000	1557.88330	1542.19670	1527.42771
2025-09-04T12:22:31Z	15436.00000	1557.90293	1542.23092	1527.44811
2025-09-04T12:22:31Z	15436.00000	1557.93607	1542.26550	1527.46849
2025-09-04T12:22:31Z	15436.00000	1557.96934	1542.29978	1527.48863
2025-09-04T12:22:32Z	15437.00000	1557.99705	1542.32848	1527.50508
2025-09-04T12:22:32Z	15437.00000	1558.01429	1542.34973	1527.51694
2025-09-04T12:22:32Z	15437.00000	1558.02777	1542.36860	1527.52799
2025-09-04T12:22:32Z	15437.00000	1558.03317	1542.38181	1527.53643
2025-09-04T12:22:32Z	15437.00000	1558.03610	1542.39108	1527.54186
2025-09-04T12:22:32Z	15437.00000	1558.03993	1542.40275	1527.54874
2025-09-04T12:22:32Z	15437.00000	1558.04357	1542.41332	1527.55526
2025-09-04T12:22:32Z	15437.00000	1558.04648	1542.41992	1527.55929
2025-09-04T12:22:32Z	15437.00000	1558.04833	1542.42551	1527.56286
2025-09-04T12:22:32Z	15437.00000	1558.04968	1542.43082	1527.56625
2025-09-04T12:22:33Z	15438.00000	1558.05195	1542.43604	1527.56944
2025-09-04T12:22:33Z	15438.00000	1556.36963	1540.07225	1526.15241
2025-09-04T12:22:33Z	15438.00000	1556.01448	1539.54731	1525.84173
2025-09-04T12:22:33Z	15438.00000	1555.69227	1539.10348	1525.57481
2025-09-04T12:22:33Z	15438.00000	1555.52110	1538.84966	1525.41838
2025-09-04T12:22:33Z	15438.00000	1555.19464	1538.40034	1525.15385
2025-09-04T12:22:33Z	15438.00000	1554.89776	1537.97559	1524.89021
2025-09-04T12:22:33Z	15438.00000	1554.83592	1537.87210	1524.82585
2025-09-04T12:22:34Z	15439.00000	1554.83657	1537.86943	1524.82334
2025-09-04T12:22:34Z	15439.00000	1554.83473	1537.86604	1524.82138
2025-09-04T12:22:34Z	15439.00000	1554.83361	1537.86453	1524.82129
2025-09-04T12:22:34Z	15439.00000	1554.83271	1537.86260	1524.82017
2025-09-04T12:22:34Z	15439.00000	1554.83225	1537.86086	1524.81925
2025-09-04T12:22:34Z	15439.00000	1554.83158	1537.85990	1524.81858
2025-09-04T12:22:34Z	15439.00000	1554.83031	1537.85873	1524.81787
2025-09-04T12:22:34Z	15439.00000	1554.83040	1537.85749	1524.81771
2025-09-04T12:22:34Z	15439.00000	1554.82946	1537.85660	1524.81749
2025-09-04T12:22:34Z	15439.00000	1554.82923	1537.85601	1524.81682
2025-09-04T12:22:35Z	15440.00000	1554.82822	1537.85532	1524.81646
2025-09-04T12:22:35Z	15440.00000	1554.82767	1537.85458	1524.81601
2025-09-04T12:22:35Z	15440.00000	1554.82810	1537.85377	1524.81576
2025-09-04T12:22:35Z	15440.00000	1554.82591	1537.85320	1524.81541
2025-09-04T12:22:35Z	15440.00000	1554.82692	1537.85249	1524.81471
2025-09-04T12:22:35Z	15440.00000	1554.82684	1537.85152	1524.81438
2025-09-04T12:22:35Z	15440.00000	1554.82664	1537.85119	1524.81435
2025-09-04T12:22:35Z	15440.00000	1554.82610	1537.85053	1524.81379
2025-09-04T12:22:35Z	15440.00000	1554.82592	1537.84998	1524.81351
2025-09-04T12:22:36Z	15441.00000	1554.82418	1537.84966	1524.81307
2025-09-04T12:22:36Z	15441.00000	1554.82495	1537.84917	1524.81312
2025-09-04T12:22:36Z	15441.00000	1554.82556	1537.84877	1524.81295
2025-09-04T12:22:36Z	15441.00000	1554.82441	1537.84860	1524.81286
2025-09-04T12:22:36Z	15441.00000	1554.82418	1537.84800	1524.81275
2025-09-04T12:22:36Z	15441.00000	1554.82302	1537.84768	1524.81224
2025-09-04T12:22:36Z	15441.00000	1554.82319	1537.84742	1524.81217
2025-09-04T12:22:36Z	15441.00000	1554.82384	1537.84697	1524.81190
2025-09-04T12:22:36Z	15441.00000	1554.82365	1537.84672	1524.81188
2025-09-04T12:22:37Z	15441.00000	1554.82248	1537.84636	1524.81145
2025-09-04T12:22:37Z	15442.00000	1554.82213	1537.84610	1524.81146
2025-09-04T12:22:37Z	15442.00000	1554.82233	1537.84597	1524.81120
2025-09-04T12:22:37Z	15442.00000	1554.82177	1537.84526	1524.81097
2025-09-04T12:22:37Z	15442.00000	1554.82185	1537.84509	1524.81107
2025-09-04T12:22:37Z	15442.00000	1554.82176	1537.84471	1524.81058
2025-09-04T12:22:37Z	15442.00000	1554.82169	1537.84465	1524.81073
2025-09-04T12:22:37Z	15442.00000	1554.82136	1537.84419	1524.81046
2025-09-04T12:22:37Z	15442.00000	1554.82192	1537.84420	1524.81037
2025-09-04T12:22:37Z	15442.00000	1554.82184	1537.84399	1524.81032
2025-09-04T12:22:37Z	15442.00000	1554.82194	1537.84378	1524.81010
2025-09-04T12:22:38Z	15443.00000	1554.82100	1537.84340	1524.80995
2025-09-04T12:22:38Z	15443.00000	1554.88936	1537.96439	1524.88621
2025-09-04T12:22:38Z	15443.00000	1555.09675	1538.24814	1525.05879
2025-09-04T12:22:38Z	15443.00000	1555.28693	1538.51107	1525.22470
2025-09-04T12:22:38Z	15443.00000	1555.51845	1538.83467	1525.41434
2025-09-04T12:22:38Z	15443.00000	1555.74609	1539.16657	1525.61693
2025-09-04T12:22:38Z	15443.00000	1555.94943	1539.43746	1525.78614
2025-09-04T12:22:38Z	15443.00000	1556.08091	1539.63910	1525.90533
2025-09-04T12:22:38Z	15443.00000	1556.22947	1539.85265	1526.03867
2025-09-04T12:22:38Z	15443.00000	1556.37048	1540.04878	1526.15646
2025-09-04T12:22:39Z	15444.00000	1556.50299	1540.21182	1526.25286
2025-09-04T12:22:39Z	15444.00000	1556.62864	1540.40301	1526.36851
2025-09-04T12:22:39Z	15444.00000	1556.78293	1540.62384	1526.50114
2025-09-04T12:22:39Z	15444.00000	1556.90233	1540.80714	1526.60831
2025-09-04T12:22:39Z	15444.00000	1557.04356	1541.00413	1526.72580
2025-09-04T12:22:39Z	15444.00000	1557.17332	1541.16392	1526.81838
2025-09-04T12:22:39Z	15444.00000	1557.26980	1541.32562	1526.91277
2025-09-04T12:22:39Z	15444.00000	1557.38327	1541.49555	1527.01265
2025-09-04T12:22:39Z	15444.00000	1557.48473	1541.61055	1527.08108
2025-09-04T12:22:39Z	15444.00000	1557.54076	1541.70209	1527.13194
2025-09-04T12:22:40Z	15445.00000	1557.61756	1541.80961	1527.19698
2025-09-04T12:22:40Z	15445.00000	1557.67922	1541.88004	1527.24098
2025-09-04T12:22:40Z	15445.00000	1557.72857	1541.98657	1527.30419
2025-09-04T12:22:40Z	15445.00000	1557.79502	1542.05603	1527.34497
2025-09-04T12:22:40Z	15445.00000	1557.85786	1542.12502	1527.38603
2025-09-04T12:22:40Z	15445.00000	1557.87453	1542.16887	1527.41151
2025-09-04T12:22:40Z	15445.00000	1557.88817	1542.20782	1527.43469
2025-09-04T12:22:40Z	15445.00000	1557.91752	1542.24648	1527.45767
2025-09-04T12:22:40Z	15445.00000	1557.94923	1542.27865	1527.47642
2025-09-04T12:22:40Z	15445.00000	1557.98440	1542.31518	1527.49730
2025-09-04T12:22:41Z	15446.00000	1558.00622	1542.33772	1527.50995
2025-09-04T12:22:41Z	15446.00000	1558.02421	1542.36160	1527.52381
2025-09-04T12:22:41Z	15446.00000	1558.03029	1542.37418	1527.53135
2025-09-04T12:22:41Z	15446.00000	1558.03471	1542.38632	1527.53851
2025-09-04T12:22:41Z	15446.00000	1558.03844	1542.39776	1527.54591
2025-09-04T12:22:41Z	15446.00000	1558.04107	1542.40518	1527.55035
2025-09-04T12:22:41Z	15446.00000	1558.04376	1542.41267	1527.55488
2025-09-04T12:22:41Z	15446.00000	1558.04587	1542.41880	1527.55900
2025-09-04T12:22:41Z	15446.00000	1558.04854	1542.42546	1527.56313
2025-09-04T12:22:41Z	15446.00000	1558.05021	1542.43048	1527.56610
2025-09-04T12:22:42Z	15447.00000	1558.00984	1542.32159	1527.51674
2025-09-04T12:22:42Z	15447.00000	1556.22143	1539.86581	1526.02948
2025-09-04T12:22:42Z	15447.00000	1555.93109	1539.43954	1525.77716
2025-09-04T12:22:42Z	15447.00000	1555.69308	1539.10576	1525.57612
2025-09-04T12:22:42Z	15447.00000	1555.47675	1538.77634	1525.37372
2025-09-04T12:22:42Z	15447.00000	1555.34004	1538.58007	1525.25920
2025-09-04T12:22:42Z	15447.00000	1555.18094	1538.36376	1525.12992
2025-09-04T12:22:42Z	15447.00000	1555.03298	1538.16668	1525.00836
2025-09-04T12:22:42Z	15447.00000	1554.86943	1537.94289	1524.86961
2025-09-04T12:22:42Z	15447.00000	1554.83750	1537.87195	1524.82476
2025-09-04T12:22:43Z	15448.00000	1554.83599	1537.86872	1524.82328
2025-09-04T12:22:43Z	15448.00000	1554.83373	1537.86501	1524.82121
2025-09-04T12:22:43Z	15448.00000	1554.83284	1537.86345	1524.82075
2025-09-04T12:22:43Z	15448.00000	1554.83277	1537.86197	1524.81997
2025-09-04T12:22:43Z	15448.00000	1554.83189	1537.86056	1524.81923
2025-09-04T12:22:43Z	15448.00000	1554.83122	1537.85899	1524.81798
2025-09-04T12:22:43Z	15448.00000	1554.83026	1537.85774	1524.81781
2025-09-04T12:22:43Z	15448.00000	1554.82977	1537.85723	1524.81770
2025-09-04T12:22:43Z	15448.00000	1554.82944	1537.85638	1524.81740
2025-09-04T12:22:43Z	15448.00000	1554.82912	1537.85533	1524.81665
2025-09-04T12:22:44Z	15449.00000	1554.82846	1537.85477	1524.81618
2025-09-04T12:22:44Z	15449.00000	1554.82735	1537.85403	1524.81566
2025-09-04T12:22:44Z	15449.00000	1554.82757	1537.85353	1524.81551
2025-09-04T12:22:44Z	15449.00000	1554.82747	1537.85283	1524.81531
2025-09-04T12:22:44Z	15449.00000	1554.82717	1537.85266	1524.81527
2025-09-04T12:22:44Z	15449.00000	1554.82650	1537.85155	1524.81444
2025-09-04T12:22:44Z	15449.00000	1554.82636	1537.85127	1524.81440
2025-09-04T12:22:44Z	15449.00000	1554.82598	1537.85090	1524.81409
2025-09-04T12:22:44Z	15449.00000	1554.82537	1537.85024	1524.81381
2025-09-04T12:22:44Z	15449.00000	1554.82432	1537.84986	1524.81363
2025-09-04T12:22:45Z	15450.00000	1554.82399	1537.84951	1524.81340
2025-09-04T12:22:45Z	15450.00000	1554.82497	1537.84925	1524.81320
2025-09-04T12:22:45Z	15450.00000	1554.82428	1537.84843	1524.81297
2025-09-04T12:22:45Z	15450.00000	1554.82435	1537.84824	1524.81293
2025-09-04T12:22:45Z	15450.00000	1554.82328	1537.84795	1524.81259
2025-09-04T12:22:45Z	15450.00000	1554.82311	1537.84762	1524.81236
2025-09-04T12:22:45Z	15450.00000	1554.82284	1537.84726	1524.81215
2025-09-04T12:22:45Z	15450.00000	1554.82281	1537.84698	1524.81194
2025-09-04T12:22:45Z	15450.00000	1554.82234	1537.84676	1524.81190
2025-09-04T12:22:45Z	15450.00000	1554.82235	1537.84633	1524.81190
2025-09-04T12:22:46Z	15451.00000	1554.82321	1537.84610	1524.81156
2025-09-04T12:22:46Z	15451.00000	1554.82298	1537.84552	1524.81132
2025-09-04T12:22:46Z	15451.00000	1554.82177	1537.84527	1524.81110
2025-09-04T12:22:46Z	15451.00000	1554.82269	1537.84513	1524.81104
2025-09-04T12:22:46Z	15451.00000	1554.82160	1537.84483	1524.81074
2025-09-04T12:22:46Z	15451.00000	1554.82249	1537.84461	1524.81062
2025-09-04T12:22:46Z	15451.00000	1554.82216	1537.84440	1524.81068
2025-09-04T12:22:46Z	15451.00000	1554.82221	1537.84398	1524.81048
2025-09-04T12:22:46Z	15451.00000	1554.82163	1537.84404	1524.81046
2025-09-04T12:22:46Z	15451.00000	1554.82145	1537.84382	1524.81036
2025-09-04T12:22:47Z	15452.00000	1554.82204	1537.84342	1524.81030
2025-09-04T12:22:47Z	15452.00000	1554.99525	1538.08977	1524.96442
2025-09-04T12:22:47Z	15452.00000	1555.19516	1538.40102	1525.15503
2025-09-04T12:22:47Z	15452.00000	1555.39517	1538.67938	1525.32367
2025-09-04T12:22:47Z	15452.00000	1555.58455	1538.93866	1525.47766
2025-09-04T12:22:47Z	15452.00000	1555.80074	1539.22330	1525.65158
2025-09-04T12:22:47Z	15452.00000	1555.96483	1539.45447	1525.79547
2025-09-04T12:22:47Z	15452.00000	1556.15775	1539.72093	1525.95633
2025-09-04T12:22:47Z	15452.00000	1556.36582	1540.03523	1526.14874
2025-09-04T12:22:48Z	15452.00000	1556.54141	1540.29316	1526.30530
2025-09-04T12:22:48Z	15453.00000	1556.70411	1540.51522	1526.43592
2025-09-04T12:22:48Z	15453.00000	1556.86400	1540.73124	1526.56328
2025-09-04T12:22:48Z	15453.00000	1556.98936	1540.90413	1526.66764
2025-09-04T12:22:48Z	15453.00000	1557.08285	1541.06468	1526.76065
2025-09-04T12:22:48Z	15453.00000	1557.25111	1541.30617	1526.90189
2025-09-04T12:22:48Z	15453.00000	1557.36165	1541.43385	1526.97533
2025-09-04T12:22:48Z	15453.00000	1557.41253	1541.53413	1527.03658
2025-09-04T12:22:48Z	15453.00000	1557.51708	1541.64664	1527.10136
2025-09-04T12:22:48Z	15453.00000	1557.56029	1541.74735	1527.15888
2025-09-04T12:22:49Z	15454.00000	1557.64434	1541.83734	1527.21447
2025-09-04T12:22:49Z	15454.00000	1557.70626	1541.93270	1527.27342
2025-09-04T12:22:49Z	15454.00000	1557.75031	1542.01058	1527.31800
2025-09-04T12:22:49Z	15454.00000	1557.82624	1542.08707	1527.36337
2025-09-04T12:22:49Z	15454.00000	1557.86872	1542.15117	1527.40143
2025-09-04T12:22:49Z	15454.00000	1557.88196	1542.19185	1527.42508
2025-09-04T12:22:49Z	15454.00000	1557.90500	1542.23323	1527.44996
2025-09-04T12:22:49Z	15454.00000	1557.94380	1542.27316	1527.47382
2025-09-04T12:22:49Z	15454.00000	1557.97967	1542.31031	1527.49487
2025-09-04T12:22:50Z	15454.00000	1557.99764	1542.32854	1527.50515
2025-09-04T12:22:50Z	15455.00000	1558.01590	1542.34859	1527.51630
2025-09-04T12:22:50Z	15455.00000	1558.02478	1542.36245	1527.52424
2025-09-04T12:22:50Z	15455.00000	1558.03181	1542.37820	1527.53375
2025-09-04T12:22:50Z	15455.00000	1558.03624	1542.39035	1527.54190
2025-09-04T12:22:50Z	15455.00000	1558.04016	1542.40229	1527.54891
2025-09-04T12:22:50Z	15455.00000	1558.04234	1542.40877	1527.55285
2025-09-04T12:22:50Z	15455.00000	1558.04531	1542.41535	1527.55696
2025-09-04T12:22:50Z	15455.00000	1558.04679	1542.42025	1527.55989
2025-09-04T12:22:50Z	15455.00000	1558.04861	1542.42639	1527.56394
2025-09-04T12:22:50Z	15455.00000	1558.05065	1542.43157	1527.56718
2025-09-04T12:22:51Z	15456.00000	1558.05165	1542.43514	1527.56892
2025-09-04T12:22:51Z	15456.00000	1557.59753	1541.78118	1527.18647
2025-09-04T12:22:51Z	15456.00000	1556.10944	1539.69865	1525.92995
2025-09-04T12:22:51Z	15456.00000	1555.85103	1539.30705	1525.69598
2025-09-04T12:22:51Z	15456.00000	1555.68653	1539.08683	1525.56654
2025-09-04T12:22:51Z	15456.00000	1555.49472	1538.79893	1525.38825
2025-09-04T12:22:51Z	15456.00000	1555.32770	1538.56199	1525.25024
2025-09-04T12:22:51Z	15456.00000	1555.15156	1538.31209	1525.09821
2025-09-04T12:22:51Z	15456.00000	1555.00991	1538.11637	1524.97824
2025-09-04T12:22:51Z	15456.00000	1554.85383	1537.91829	1524.85411
2025-09-04T12:22:52Z	15457.00000	1554.83679	1537.87197	1524.82628
2025-09-04T12:22:52Z	15457.00000	1554.83446	1537.86677	1524.82227
2025-09-04T12:22:52Z	15457.00000	1554.83420	1537.86569	1524.82242
2025-09-04T12:22:52Z	15457.00000	1554.83269	1537.86317	1524.82050
2025-09-04T12:22:52Z	15457.00000	1554.83230	1537.86150	1524.81982
2025-09-04T12:22:52Z	15457.00000	1554.83173	1537.86063	1524.81961
2025-09-04T12:22:52Z	15457.00000	1554.83156	1537.85974	1524.81880
2025-09-04T12:22:52Z	15457.00000	1554.83078	1537.85871	1524.81831
2025-09-04T12:22:52Z	15457.00000	1554.82921	1537.85782	1524.81828
2025-09-04T12:22:52Z	15457.00000	1554.82887	1537.85701	1524.81792
2025-09-04T12:22:53Z	15458.00000	1554.82896	1537.85595	1524.81702
2025-09-04T12:22:53Z	15458.00000	1554.82873	1537.85503	1524.81646
2025-09-04T12:22:53Z	15458.00000	1554.82735	1537.85440	1524.81628
2025-09-04T12:22:53Z	15458.00000	1554.82779	1537.85390	1524.81602
2025-09-04T12:22:53Z	15458.00000	1554.82741	1537.85317	1524.81575
2025-09-04T12:22:53Z	15458.00000	1554.82715	1537.85275	1524.81531
2025-09-04T12:22:53Z	15458.00000	1554.82654	1537.85195	1524.81485
2025-09-04T12:22:53Z	15458.00000	1554.82613	1537.85134	1524.81461
2025-09-04T12:22:53Z	15458.00000	1554.82611	1537.85119	1524.81452
2025-09-04T12:22:53Z	15458.00000	1554.82561	1537.85076	1524.81443
2025-09-04T12:22:54Z	15459.00000	1554.82553	1537.85022	1524.81391
2025-09-04T12:22:54Z	15459.00000	1554.82507	1537.84970	1524.81346
2025-09-04T12:22:54Z	15459.00000	1554.82528	1537.84927	1524.81350
2025-09-04T12:22:54Z	15459.00000	1554.82456	1537.84899	1524.81344
2025-09-04T12:22:54Z	15459.00000	1554.82427	1537.84850	1524.81299
2025-09-04T12:22:54Z	15459.00000	1554.82291	1537.84827	1524.81305
2025-09-04T12:22:54Z	15459.00000	1554.82303	1537.84796	1524.81265
2025-09-04T12:22:54Z	15459.00000	1554.82270	1537.84763	1524.81244
2025-09-04T12:22:54Z	15459.00000	1554.82271	1537.84703	1524.81229
2025-09-04T12:22:54Z	15459.00000	1554.82243	1537.84669	1524.81224
2025-09-04T12:22:55Z	15460.00000	1554.82249	1537.84655	1524.81200
2025-09-04T12:22:55Z	15460.00000	1554.82208	1537.84612	1524.81151
2025-09-04T12:22:55Z	15460.00000	1554.82275	1537.84592	1524.81154
2025-09-04T12:22:55Z	15460.00000	1554.82162	1537.84549	1524.81137
2025-09-04T12:22:55Z	15460.00000	1554.82139	1537.84540	1524.81157
2025-09-04T12:22:55Z	15460.00000	1554.82206	1537.84508	1524.81128
2025-09-04T12:22:55Z	15460.00000	1554.82131	1537.84464	1524.81106
2025-09-04T12:22:55Z	15460.00000	1554.82165	1537.84453	1524.81105
2025-09-04T12:22:55Z	15460.00000	1554.82202	1537.84426	1524.81095
2025-09-04T12:22:55Z	15460.00000	1554.82104	1537.84407	1524.81072
2025-09-04T12:22:56Z	15461.00000	1554.82131	1537.84394	1524.81051
2025-09-04T12:22:56Z	15461.00000	1554.82510	1537.85380	1524.81567
2025-09-04T12:22:56Z	15461.00000	1555.02026	1538.14557	1525.00227
2025-09-04T12:22:56Z	15461.00000	1555.19994	1538.41337	1525.16510
2025-09-04T12:22:56Z	15461.00000	1555.40585	1538.69341	1525.33324
2025-09-04T12:22:56Z	15461.00000	1555.63371	1538.99431	1525.51441
2025-09-04T12:22:56Z	15461.00000	1555.80902	1539.23226	1525.65839
2025-09-04T12:22:56Z	15461.00000	1555.97301	1539.46543	1525.80273
2025-09-04T12:22:56Z	15461.00000	1556.16736	1539.73358	1525.96498
2025-09-04T12:22:56Z	15461.00000	1556.33690	1539.97389	1526.11422
2025-09-04T12:22:57Z	15462.00000	1556.55888	1540.32588	1526.32575
2025-09-04T12:22:57Z	15462.00000	1556.71788	1540.54918	1526.45732
2025-09-04T12:22:57Z	15462.00000	1556.86532	1540.73597	1526.56665
2025-09-04T12:22:57Z	15462.00000	1557.01512	1540.93534	1526.68644
2025-09-04T12:22:57Z	15462.00000	1557.11485	1541.10028	1526.78116
2025-09-04T12:22:57Z	15462.00000	1557.22120	1541.26858	1526.88131
2025-09-04T12:22:57Z	15462.00000	1557.33899	1541.40061	1526.95647
2025-09-04T12:22:57Z	15462.00000	1557.40014	1541.52189	1527.02946
2025-09-04T12:22:58Z	15463.00000	1557.55426	1541.73698	1527.15256
2025-09-04T12:22:58Z	15463.00000	1557.64835	1541.84106	1527.21674
2025-09-04T12:22:58Z	15463.00000	1557.70376	1541.92393	1527.26827
2025-09-04T12:22:58Z	15463.00000	1557.75228	1542.01270	1527.31946
2025-09-04T12:22:58Z	15463.00000	1557.81666	1542.07806	1527.35828
2025-09-04T12:22:58Z	15463.00000	1557.85546	1542.13473	1527.39224
2025-09-04T12:22:58Z	15463.00000	1557.90053	1542.22754	1527.44661
2025-09-04T12:22:58Z	15463.00000	1557.93309	1542.26199	1527.46730
2025-09-04T12:22:58Z	15463.00000	1557.96634	1542.29631	1527.48702
2025-09-04T12:22:59Z	15464.00000	1557.99369	1542.32484	1527.50290
2025-09-04T12:22:59Z	15464.00000	1558.01118	1542.34788	1527.51579
2025-09-04T12:22:59Z	15464.00000	1558.02638	1542.36609	1527.52686
2025-09-04T12:22:59Z	15464.00000	1558.03127	1542.37697	1527.53293
2025-09-04T12:22:59Z	15464.00000	1558.03638	1542.39155	1527.54192
2025-09-04T12:22:59Z	15464.00000	1558.04042	1542.40287	1527.54891
2025-09-04T12:22:59Z	15464.00000	1558.04341	1542.41139	1527.55435
2025-09-04T12:22:59Z	15464.00000	1558.04586	1542.41787	1527.55813
2025-09-04T12:22:59Z	15464.00000	1558.04811	1542.42492	1527.56262
2025-09-04T12:23:00Z	15464.00000	1558.04978	1542.43022	1527.56590
2025-09-04T12:23:00Z	15465.00000	1556.02080	1539.56270	1525.84883
2025-09-04T12:23:00Z	15465.00000	1555.84403	1539.29223	1525.68564
2025-09-04T12:23:00Z	15465.00000	1555.67916	1539.06838	1525.55455
2025-09-04T12:23:00Z	15465.00000	1555.51906	1538.84483	1525.41542
2025-09-04T12:23:00Z	15465.00000	1555.30932	1538.53969	1525.23781
2025-09-04T12:23:00Z	15465.00000	1555.16223	1538.32643	1525.10742
2025-09-04T12:23:00Z	15465.00000	1555.01616	1538.13440	1524.98993
2025-09-04T12:23:00Z	15465.00000	1554.89534	1537.97372	1524.88954
2025-09-04T12:23:00Z	15465.00000	1554.83403	1537.87092	1524.82574
2025-09-04T12:23:01Z	15466.00000	1554.83588	1537.87010	1524.82532
2025-09-04T12:23:01Z	15466.00000	1554.83340	1537.86543	1524.82198
2025-09-04T12:23:01Z	15466.00000	1554.82936	1537.86384	1524.82148
2025-09-04T12:23:01Z	15466.00000	1554.83258	1537.86235	1524.82055
2025-09-04T12:23:01Z	15466.00000	1554.83179	1537.86109	1524.81988
2025-09-04T12:23:01Z	15466.00000	1554.83140	1537.85996	1524.81925
2025-09-04T12:23:01Z	15466.00000	1554.82991	1537.85866	1524.81876
2025-09-04T12:23:01Z	15466.00000	1554.82933	1537.85710	1524.81836
2025-09-04T12:23:01Z	15466.00000	1554.82888	1537.85654	1524.81766
2025-09-04T12:23:02Z	15467.00000	1554.82861	1537.85559	1524.81725
2025-09-04T12:23:02Z	15467.00000	1554.82597	1537.85467	1524.81663
2025-09-04T12:23:02Z	15467.00000	1554.82559	1537.85414	1524.81647
2025-09-04T12:23:02Z	15467.00000	1554.82742	1537.85360	1524.81630
2025-09-04T12:23:02Z	15467.00000	1554.82652	1537.85292	1524.81579
2025-09-04T12:23:02Z	15467.00000	1554.82609	1537.85224	1524.81544
2025-09-04T12:23:02Z	15467.00000	1554.82439	1537.85183	1524.81515
2025-09-04T12:23:02Z	15467.00000	1554.82574	1537.85142	1524.81493
2025-09-04T12:23:02Z	15467.00000	1554.82550	1537.85074	1524.81456
2025-09-04T12:23:03Z	15467.00000	1554.82504	1537.85016	1524.81428
2025-09-04T12:23:03Z	15468.00000	1554.82450	1537.84967	1524.81411
2025-09-04T12:23:03Z	15468.00000	1554.82466	1537.84948	1524.81392
2025-09-04T12:23:03Z	15468.00000	1554.82437	1537.84892	1524.81390
2025-09-04T12:23:03Z	15468.00000	1554.82292	1537.84882	1524.81366
2025-09-04T12:23:03Z	15468.00000	1554.82405	1537.84847	1524.81333
2025-09-04T12:23:03Z	15468.00000	1554.82267	1537.84785	1524.81294
2025-09-04T12:23:03Z	15468.00000	1554.82249	1537.84758	1524.81288
2025-09-04T12:23:03Z	15468.00000	1554.82239	1537.84729	1524.81278
2025-09-04T12:23:03Z	15468.00000	1554.82216	1537.84695	1524.81266
2025-09-04T12:23:03Z	15468.00000	1554.82208	1537.84690	1524.81252
2025-09-04T12:23:04Z	15469.00000	1554.82179	1537.84612	1524.81214
2025-09-04T12:23:04Z	15469.00000	1554.82259	1537.84582	1524.81215
2025-09-04T12:23:04Z	15469.00000	1554.82256	1537.84559	1524.81184
2025-09-04T12:23:04Z	15469.00000	1554.82181	1537.84526	1524.81128
2025-09-04T12:23:04Z	15469.00000	1554.82151	1537.84489	1524.81135
2025-09-04T12:23:04Z	15469.00000	1554.82095	1537.84465	1524.81131
2025-09-04T12:23:04Z	15469.00000	1554.82094	1537.84426	1524.81093
2025-09-04T12:23:04Z	15469.00000	1554.82089	1537.84411	1524.81126
2025-09-04T12:23:05Z	15470.00000	1554.82108	1537.84399	1524.81076
2025-09-04T12:23:05Z	15470.00000	1554.82074	1537.84382	1524.81072
2025-09-04T12:23:05Z	15470.00000	1554.82066	1537.84328	1524.81058
2025-09-04T12:23:05Z	15470.00000	1554.82073	1537.84318	1524.81046
2025-09-04T12:23:05Z	15470.00000	1554.82026	1537.84283	1524.81025
2025-09-04T12:23:05Z	15470.00000	1554.82049	1537.84258	1524.81024
2025-09-04T12:23:05Z	15470.00000	1554.81987	1537.84239	1524.81015
2025-09-04T12:23:05Z	15470.00000	1554.82029	1537.84229	1524.80979
2025-09-04T12:23:05Z	15470.00000	1554.81996	1537.84179	1524.80986
2025-09-04T12:23:06Z	15471.00000	1554.81958	1537.84173	1524.80978
2025-09-04T12:23:06Z	15471.00000	1554.81944	1537.84154	1524.80952
2025-09-04T12:23:06Z	15471.00000	1554.81912	1537.84139	1524.80944
2025-09-04T12:23:06Z	15471.00000	1554.81928	1537.84123	1524.80934
2025-09-04T12:23:06Z	15471.00000	1554.81929	1537.84093	1524.80924
2025-09-04T12:23:06Z	15471.00000	1554.81878	1537.84081	1524.80904
2025-09-04T12:23:06Z	15471.00000	1554.81873	1537.84039	1524.80907
2025-09-04T12:23:06Z	15471.00000	1554.81850	1537.84033	1524.80885
2025-09-04T12:23:07Z	15472.00000	1554.81850	1537.84013	1524.80883
2025-09-04T12:23:07Z	15472.00000	1554.81854	1537.83991	1524.80891
2025-09-04T12:23:07Z	15472.00000	1554.81841	1537.84004	1524.80875
2025-09-04T12:23:07Z	15472.00000	1554.81829	1537.83963	1524.80846
2025-09-04T12:23:07Z	15472.00000	1554.81783	1537.83952	1524.80836
2025-09-04T12:23:07Z	15472.00000	1554.81791	1537.83953	1524.80845
2025-09-04T12:23:07Z	15472.00000	1554.81745	1537.83929	1524.80832
2025-09-04T12:23:07Z	15472.00000	1554.81766	1537.83907	1524.80813
2025-09-04T12:23:07Z	15472.00000	1554.81794	1537.83883	1524.80827
2025-09-04T12:23:08Z	15473.00000	1554.81743	1537.83880	1524.80802
2025-09-04T12:23:08Z	15473.00000	1554.81644	1537.83846	1524.80780
2025-09-04T12:23:08Z	15473.00000	1554.81639	1537.83861	1524.80782
2025-09-04T12:23:08Z	15473.00000	1554.81701	1537.83827	1524.80786
2025-09-04T12:23:08Z	15473.00000	1554.81677	1537.83799	1524.80772
2025-09-04T12:23:08Z	15473.00000	1554.81640	1537.83792	1524.80781
2025-09-04T12:23:08Z	15473.00000	1554.81689	1537.83790	1524.80776
2025-09-04T12:23:08Z	15473.00000	1554.81622	1537.83787	1524.80752
2025-09-04T12:23:08Z	15473.00000	1554.81604	1537.83771	1524.80757
2025-09-04T12:23:09Z	15474.00000	1554.81575	1537.83746	1524.80734
2025-09-04T12:23:09Z	15474.00000	1554.81572	1537.83747	1524.80717
2025-09-04T12:23:09Z	15474.00000	1554.81548	1537.83728	1524.80730
2025-09-04T12:23:09Z	15474.00000	1554.81556	1537.83716	1524.80723
2025-09-04T12:23:09Z	15474.00000	1554.81498	1537.83683	1524.80715
2025-09-04T12:23:09Z	15474.00000	1554.81555	1537.83705	1524.80711
2025-09-04T12:23:09Z	15474.00000	1554.81539	1537.83674	1524.80681
2025-09-04T12:23:09Z	15474.00000	1554.81527	1537.83663	1524.80665
2025-09-04T12:23:10Z	15474.00000	1554.81493	1537.83637	1524.80677
2025-09-04T12:23:10Z	15475.00000	1554.81488	1537.83627	1524.80686
2025-09-04T12:23:10Z	15475.00000	1554.81477	1537.83612	1524.80664
2025-09-04T12:23:10Z	15475.00000	1554.81458	1537.83603	1524.80656
2025-09-04T12:23:10Z	15475.00000	1554.81457	1537.83591	1524.80649
2025-09-04T12:23:10Z	15475.00000	1554.81465	1537.83587	1524.80652
2025-09-04T12:23:10Z	15475.00000	1554.81446	1537.83581	1524.80631
2025-09-04T12:23:10Z	15475.00000	1554.81439	1537.83554	1524.80640
2025-09-04T12:23:10Z	15475.00000	1554.81395	1537.83557	1524.80616
2025-09-04T12:23:11Z	15476.00000	1554.81395	1537.83542	1524.80630
2025-09-04T12:23:11Z	15476.00000	1554.81384	1537.83520	1524.80622
2025-09-04T12:23:11Z	15476.00000	1554.81391	1537.83531	1524.80629
2025-09-04T12:23:11Z	15476.00000	1554.81404	1537.83519	1524.80581
2025-09-04T12:23:11Z	15476.00000	1554.81409	1537.83501	1524.80599
2025-09-04T12:23:11Z	15476.00000	1554.81350	1537.83483	1524.80602
2025-09-04T12:23:11Z	15476.00000	1554.81391	1537.83483	1524.80595
2025-09-04T12:23:11Z	15476.00000	1554.81360	1537.83462	1524.80587
2025-09-04T12:23:12Z	15477.00000	1554.81386	1537.83451	1524.80583
2025-09-04T12:23:12Z	15477.00000	1554.81337	1537.83433	1524.80555
2025-09-04T12:23:12Z	15477.00000	1554.81337	1537.83409	1524.80553
2025-09-04T12:23:12Z	15477.00000	1554.81334	1537.83415	1524.80564
2025-09-04T12:23:12Z	15477.00000	1554.81304	1537.83429	1524.80559
2025-09-04T12:23:12Z	15477.00000	1554.81305	1537.83405	1524.80550
2025-09-04T12:23:12Z	15477.00000	1554.81282	1537.83372	1524.80547
2025-09-04T12:23:12Z	15477.00000	1554.81263	1537.83375	1524.80539
2025-09-04T12:23:13Z	15478.00000	1554.81281	1537.83392	1524.80533
2025-09-04T12:23:13Z	15478.00000	1554.81280	1537.83372	1524.80536
2025-09-04T12:23:13Z	15478.00000	1554.81287	1537.83374	1524.80558
2025-09-04T12:23:13Z	15478.00000	1554.81200	1537.83297	1524.80462
2025-09-04T12:23:13Z	15478.00000	1554.81269	1537.83313	1524.80478
2025-09-04T12:23:13Z	15478.00000	1554.81224	1537.83321	1524.80492
2025-09-04T12:23:13Z	15478.00000	1554.81220	1537.83311	1524.80483
2025-09-04T12:23:13Z	15478.00000	1554.81233	1537.83319	1524.80512
2025-09-04T12:23:13Z	15478.00000	1554.81215	1537.83288	1524.80475
2025-09-04T12:23:14Z	15479.00000	1554.81231	1537.83288	1524.80487
2025-09-04T12:23:14Z	15479.00000	1554.81215	1537.83261	1524.80484
2025-09-04T12:23:14Z	15479.00000	1554.81206	1537.83278	1524.80469
2025-09-04T12:23:14Z	15479.00000	1554.81209	1537.83269	1524.80467
2025-09-04T12:23:14Z	15479.00000	1554.81219	1537.83254	1524.80438
2025-09-04T12:23:14Z	15479.00000	1554.81193	1537.83244	1524.80447
2025-09-04T12:23:14Z	15479.00000	1554.81209	1537.83240	1524.80454
2025-09-04T12:23:14Z	15479.00000	1554.81204	1537.83239	1524.80447
2025-09-04T12:23:15Z	15480.00000	1554.81179	1537.83228	1524.80436
2025-09-04T12:23:15Z	15480.00000	1554.81175	1537.83220	1524.80437
2025-09-04T12:23:15Z	15480.00000	1554.81136	1537.83195	1524.80420
2025-09-04T12:23:15Z	15480.00000	1554.81146	1537.83206	1524.80423
2025-09-04T12:23:15Z	15480.00000	1554.81131	1537.83200	1524.80429
2025-09-04T12:23:15Z	15480.00000	1554.81102	1537.83158	1524.80402
2025-09-04T12:23:15Z	15480.00000	1554.81132	1537.83158	1524.80411
2025-09-04T12:23:16Z	15480.00000	1554.81141	1537.83152	1524.80394
2025-09-04T12:23:16Z	15481.00000	1554.81130	1537.83147	1524.80398
2025-09-04T12:23:16Z	15481.00000	1554.81089	1537.83145	1524.80411
2025-09-04T12:23:16Z	15481.00000	1554.81125	1537.83133	1524.80390
2025-09-04T12:23:16Z	15481.00000	1554.81123	1537.83134	1524.80396
2025-09-04T12:23:16Z	15481.00000	1554.81051	1537.83104	1524.80371
2025-09-04T12:23:16Z	15481.00000	1554.81057	1537.83127	1524.80371
2025-09-04T12:23:16Z	15481.00000	1554.81006	1537.83108	1524.80366
2025-09-04T12:23:17Z	15482.00000	1554.81030	1537.83094	1524.80365
2025-09-04T12:23:17Z	15482.00000	1554.81019	1537.83085	1524.80366
2025-09-04T12:23:17Z	15482.00000	1554.81049	1537.83069	1524.80384
2025-09-04T12:23:17Z	15482.00000	1554.81007	1537.83077	1524.80354
2025-09-04T12:23:17Z	15482.00000	1554.81001	1537.83069	1524.80354
2025-09-04T12:23:17Z	15482.00000	1554.81049	1537.83058	1524.80342
2025-09-04T12:23:17Z	15482.00000	1554.80999	1537.83068	1524.80341
2025-09-04T12:23:17Z	15482.00000	1554.81014	1537.83055	1524.80352
2025-09-04T12:23:17Z	15482.00000	1554.81002	1537.83056	1524.80331
2025-09-04T12:23:17Z	15482.00000	1554.80968	1537.83054	1524.80338
2025-09-04T12:23:18Z	15483.00000	1554.80986	1537.83051	1524.80331
2025-09-04T12:23:18Z	15483.00000	1554.80962	1537.83035	1524.80327
2025-09-04T12:23:18Z	15483.00000	1554.80979	1537.83029	1524.80303
2025-09-04T12:23:18Z	15483.00000	1554.80961	1537.83031	1524.80334
2025-09-04T12:23:18Z	15483.00000	1554.80945	1537.83014	1524.80334
2025-09-04T12:23:18Z	15483.00000	1554.80968	1537.83007	1524.80316
2025-09-04T12:23:18Z	15483.00000	1554.80933	1537.82993	1524.80326
2025-09-04T12:23:18Z	15483.00000	1554.80960	1537.83001	1524.80304
2025-09-04T12:23:18Z	15483.00000	1554.80961	1537.83012	1524.80321
2025-09-04T12:23:19Z	15483.00000	1554.80945	1537.83007	1524.80310
2025-09-04T12:23:19Z	15484.00000	1554.80971	1537.82988	1524.80292
2025-09-04T12:23:19Z	15484.00000	1555.00756	1538.11067	1524.97858
2025-09-04T12:23:19Z	15484.00000	1555.40095	1538.68823	1525.33145
2025-09-04T12:23:19Z	15484.00000	1555.60468	1538.96280	1525.49550
2025-09-04T12:23:19Z	15484.00000	1555.83620	1539.26396	1525.67889
2025-09-04T12:23:19Z	15484.00000	1556.00846	1539.51089	1525.83038
2025-09-04T12:23:19Z	15484.00000	1556.19642	1539.79096	1526.00301
2025-09-04T12:23:19Z	15484.00000	1556.35787	1540.01257	1526.13785
2025-09-04T12:23:20Z	15485.00000	1556.53007	1540.26269	1526.28761
2025-09-04T12:23:20Z	15485.00000	1556.66103	1540.43943	1526.39129
2025-09-04T12:23:20Z	15485.00000	1556.77453	1540.61612	1526.49859
2025-09-04T12:23:20Z	15485.00000	1556.94808	1540.86061	1526.64364
2025-09-04T12:23:20Z	15485.00000	1557.18148	1541.18141	1526.83141
2025-09-04T12:23:20Z	15485.00000	1557.29476	1541.35422	1526.93079
2025-09-04T12:23:20Z	15485.00000	1557.39424	1541.51759	1527.02784
2025-09-04T12:23:20Z	15485.00000	1557.59719	1541.79030	1527.18641
2025-09-04T12:23:20Z	15485.00000	1557.71021	1541.94675	1527.28255
2025-09-04T12:23:21Z	15486.00000	1557.79043	1542.05427	1527.34446
2025-09-04T12:23:21Z	15486.00000	1557.87470	1542.17223	1527.41447
2025-09-04T12:23:21Z	15486.00000	1557.94591	1542.27792	1527.47691
2025-09-04T12:23:21Z	15486.00000	1558.03722	1542.39709	1527.54695
2025-09-04T12:23:21Z	15486.00000	1558.06348	1542.46135	1527.58756
2025-09-04T12:23:21Z	15486.00000	1558.14765	1542.55197	1527.64112
2025-09-04T12:23:21Z	15486.00000	1558.20288	1542.63331	1527.68750
2025-09-04T12:23:21Z	15486.00000	1558.22392	1542.69142	1527.72181
2025-09-04T12:23:21Z	15486.00000	1558.26145	1542.73474	1527.74860
2025-09-04T12:23:21Z	15486.00000	1558.31328	1542.78710	1527.78114
2025-09-04T12:23:22Z	15487.00000	1558.35211	1542.82803	1527.80724
2025-09-04T12:23:22Z	15487.00000	1558.36819	1542.86155	1527.82772
2025-09-04T12:23:22Z	15487.00000	1558.37751	1542.88902	1527.84405
2025-09-04T12:23:22Z	15487.00000	1558.38516	1542.91188	1527.85729
2025-09-04T12:23:22Z	15487.00000	1558.39101	1542.92517	1527.86509
2025-09-04T12:23:22Z	15487.00000	1558.39996	1542.93888	1527.87330
2025-09-04T12:23:22Z	15487.00000	1558.41057	1542.95079	1527.88008
2025-09-04T12:23:22Z	15487.00000	1558.42164	1542.96174	1527.88705
2025-09-04T12:23:22Z	15487.00000	1558.43008	1542.97011	1527.89152
2025-09-04T12:23:22Z	15487.00000	1558.43832	1542.97842	1527.89632
2025-09-04T12:23:23Z	15488.00000	1558.44358	1542.98335	1527.89893
2025-09-04T12:23:23Z	15488.00000	1556.51085	1540.24666	1526.25146
2025-09-04T12:23:23Z	15488.00000	1556.03548	1539.60909	1525.87660
2025-09-04T12:23:23Z	15488.00000	1555.62859	1539.00537	1525.51678
2025-09-04T12:23:23Z	15488.00000	1555.40960	1538.70501	1525.33427
2025-09-04T12:23:23Z	15488.00000	1555.24203	1538.46517	1525.19324
2025-09-04T12:23:23Z	15488.00000	1554.93776	1538.02427	1524.92099
2025-09-04T12:23:23Z	15488.00000	1554.83914	1537.87967	1524.83145
2025-09-04T12:23:24Z	15489.00000	1554.82924	1537.86644	1524.82264
2025-09-04T12:23:24Z	15489.00000	1554.83224	1537.86404	1524.82125
2025-09-04T12:23:24Z	15489.00000	1554.83045	1537.86147	1524.82004
2025-09-04T12:23:24Z	15489.00000	1554.82927	1537.85914	1524.81882
2025-09-04T12:23:24Z	15489.00000	1554.82827	1537.85730	1524.81824
2025-09-04T12:23:24Z	15489.00000	1554.82544	1537.85623	1524.81766
2025-09-04T12:23:24Z	15489.00000	1554.82682	1537.85532	1524.81681
2025-09-04T12:23:24Z	15489.00000	1554.82625	1537.85420	1524.81627
2025-09-04T12:23:24Z	15489.00000	1554.82569	1537.85337	1524.81601
2025-09-04T12:23:24Z	15489.00000	1554.82537	1537.85235	1524.81561
2025-09-04T12:23:25Z	15490.00000	1554.82463	1537.85146	1524.81487
2025-09-04T12:23:25Z	15490.00000	1554.82384	1537.85083	1524.81475
2025-09-04T12:23:25Z	15490.00000	1554.82267	1537.84997	1524.81422
2025-09-04T12:23:25Z	15490.00000	1554.82266	1537.84851	1524.81344
2025-09-04T12:23:25Z	15490.00000	1554.82254	1537.84798	1524.81319
2025-09-04T12:23:25Z	15490.00000	1554.82131	1537.84696	1524.81252
2025-09-04T12:23:25Z	15490.00000	1554.82093	1537.84659	1524.81220
2025-09-04T12:23:26Z	15490.00000	1554.82124	1537.84594	1524.81198
2025-09-04T12:23:26Z	15491.00000	1554.82109	1537.84557	1524.81189
2025-09-04T12:23:26Z	15491.00000	1554.82077	1537.84543	1524.81170
2025-09-04T12:23:26Z	15491.00000	1554.82082	1537.84509	1524.81145
2025-09-04T12:23:26Z	15491.00000	1554.82085	1537.84428	1524.81105
2025-09-04T12:23:26Z	15491.00000	1554.82010	1537.84413	1524.81123
2025-09-04T12:23:26Z	15491.00000	1554.81977	1537.84362	1524.81092
2025-09-04T12:23:26Z	15491.00000	1554.81973	1537.84358	1524.81071
2025-09-04T12:23:26Z	15491.00000	1554.81920	1537.84305	1524.81042
2025-09-04T12:23:26Z	15491.00000	1554.81916	1537.84252	1524.81010
2025-09-04T12:23:27Z	15491.00000	1554.81883	1537.84229	1524.81011
2025-09-04T12:23:27Z	15492.00000	1554.81867	1537.84238	1524.81014
2025-09-04T12:23:27Z	15492.00000	1554.81871	1537.84234	1524.81044
2025-09-04T12:23:27Z	15492.00000	1554.81703	1537.84084	1524.80910
2025-09-04T12:23:27Z	15492.00000	1554.81803	1537.84152	1524.80952
2025-09-04T12:23:27Z	15492.00000	1554.81753	1537.84091	1524.80937
2025-09-04T12:23:27Z	15492.00000	1554.81762	1537.84083	1524.80928
2025-09-04T12:23:27Z	15492.00000	1554.81741	1537.84068	1524.80896
2025-09-04T12:23:27Z	15492.00000	1554.81742	1537.84034	1524.80882
2025-09-04T12:23:27Z	15492.00000	1554.81658	1537.84014	1524.80897
2025-09-04T12:23:27Z	15492.00000	1554.81726	1537.83997	1524.80873
2025-09-04T12:23:28Z	15493.00000	1554.81645	1537.83981	1524.80871
2025-09-04T12:23:28Z	15493.00000	1554.81729	1537.84017	1524.80902
2025-09-04T12:23:28Z	15493.00000	1555.01450	1538.13161	1524.99077
2025-09-04T12:23:28Z	15493.00000	1555.24024	1538.46312	1525.19446
2025-09-04T12:23:28Z	15493.00000	1555.49687	1538.79782	1525.39468
2025-09-04T12:23:28Z	15493.00000	1555.68427	1539.06632	1525.55868
2025-09-04T12:23:28Z	15493.00000	1555.86208	1539.32268	1525.71572
2025-09-04T12:23:28Z	15493.00000	1556.05910	1539.61721	1525.89366
2025-09-04T12:23:28Z	15493.00000	1556.22352	1539.85035	1526.03911
2025-09-04T12:23:28Z	15493.00000	1556.38791	1540.07792	1526.17473
2025-09-04T12:23:29Z	15494.00000	1556.56058	1540.33022	1526.32902
2025-09-04T12:23:29Z	15494.00000	1556.71596	1540.54811	1526.45751
2025-09-04T12:23:29Z	15494.00000	1556.89108	1540.80018	1526.60569
2025-09-04T12:23:29Z	15494.00000	1557.05614	1541.03658	1526.74707
2025-09-04T12:23:29Z	15494.00000	1557.22672	1541.28192	1526.89146
2025-09-04T12:23:29Z	15494.00000	1557.35450	1541.42456	1526.97313
2025-09-04T12:23:29Z	15494.00000	1557.47980	1541.60938	1527.08389
2025-09-04T12:23:29Z	15494.00000	1557.55072	1541.73437	1527.15376
2025-09-04T12:23:29Z	15494.00000	1557.68322	1541.89304	1527.25329
2025-09-04T12:23:30Z	15494.00000	1557.78244	1542.04739	1527.34360
2025-09-04T12:23:30Z	15495.00000	1557.86509	1542.14596	1527.40193
2025-09-04T12:23:30Z	15495.00000	1557.91928	1542.25394	1527.46632
2025-09-04T12:23:30Z	15495.00000	1558.02340	1542.36352	1527.52986
2025-09-04T12:23:30Z	15495.00000	1558.05433	1542.44682	1527.58212
2025-09-04T12:23:30Z	15495.00000	1558.12454	1542.52827	1527.63090
2025-09-04T12:23:30Z	15495.00000	1558.19668	1542.61573	1527.68070
2025-09-04T12:23:30Z	15495.00000	1558.21720	1542.67693	1527.71626
2025-09-04T12:23:30Z	15495.00000	1558.25293	1542.72876	1527.74771
2025-09-04T12:23:30Z	15495.00000	1558.30740	1542.78095	1527.78100
2025-09-04T12:23:31Z	15495.00000	1558.34813	1542.82415	1527.80850
2025-09-04T12:23:31Z	15496.00000	1558.36528	1542.85434	1527.82708
2025-09-04T12:23:31Z	15496.00000	1558.37388	1542.88090	1527.84249
2025-09-04T12:23:31Z	15496.00000	1558.38177	1542.90278	1527.85585
2025-09-04T12:23:31Z	15496.00000	1558.38846	1542.92101	1527.86618
2025-09-04T12:23:31Z	15496.00000	1558.39561	1542.93376	1527.87343
2025-09-04T12:23:31Z	15496.00000	1558.40836	1542.94740	1527.88129
2025-09-04T12:23:31Z	15496.00000	1558.41842	1542.96032	1527.88876
2025-09-04T12:23:31Z	15496.00000	1558.42963	1542.97003	1527.89494
2025-09-04T12:23:31Z	15496.00000	1558.43523	1542.97646	1527.89857
2025-09-04T12:23:31Z	15496.00000	1558.44311	1542.98400	1527.90319
2025-09-04T12:23:32Z	15497.00000	1558.44227	1542.97667	1527.90311
2025-09-04T12:23:32Z	15497.00000	1556.42094	1540.14571	1526.19058
2025-09-04T12:23:32Z	15497.00000	1556.03866	1539.61748	1525.88234
2025-09-04T12:23:32Z	15497.00000	1555.84206	1539.29905	1525.69681
2025-09-04T12:23:32Z	15497.00000	1555.64140	1539.02082	1525.52778
2025-09-04T12:23:32Z	15497.00000	1555.41935	1538.71782	1525.34237
2025-09-04T12:23:32Z	15497.00000	1555.21247	1538.43293	1525.17447
2025-09-04T12:23:32Z	15497.00000	1555.08993	1538.24902	1525.05945
2025-09-04T12:23:32Z	15497.00000	1554.94568	1538.03450	1524.92849
2025-09-04T12:23:32Z	15497.00000	1554.83464	1537.87065	1524.82375
2025-09-04T12:23:33Z	15498.00000	1554.83439	1537.86958	1524.82505
2025-09-04T12:23:33Z	15498.00000	1554.83256	1537.86607	1524.82286
2025-09-04T12:23:33Z	15498.00000	1554.83121	1537.86330	1524.82165
2025-09-04T12:23:33Z	15498.00000	1554.83048	1537.86186	1524.82121
2025-09-04T12:23:33Z	15498.00000	1554.82975	1537.86035	1524.82064
2025-09-04T12:23:33Z	15498.00000	1554.82858	1537.85917	1524.81979
2025-09-04T12:23:33Z	15498.00000	1554.82880	1537.85809	1524.81923
2025-09-04T12:23:33Z	15498.00000	1554.82688	1537.85702	1524.81861
2025-09-04T12:23:33Z	15498.00000	1554.82693	1537.85606	1524.81835
2025-09-04T12:23:33Z	15498.00000	1554.82630	1537.85532	1524.81795
2025-09-04T12:23:34Z	15499.00000	1554.82586	1537.85428	1524.81731
2025-09-04T12:23:34Z	15499.00000	1554.82398	1537.85341	1524.81674
2025-09-04T12:23:34Z	15499.00000	1554.82528	1537.85269	1524.81636
2025-09-04T12:23:34Z	15499.00000	1554.82473	1537.85221	1524.81642
2025-09-04T12:23:34Z	15499.00000	1554.82487	1537.85186	1524.81606
2025-09-04T12:23:34Z	15499.00000	1554.82408	1537.85135	1524.81577
2025-09-04T12:23:34Z	15499.00000	1554.82332	1537.85052	1524.81518
2025-09-04T12:23:34Z	15499.00000	1554.82344	1537.84981	1524.81481
2025-09-04T12:23:34Z	15499.00000	1554.82158	1537.84949	1524.81458
2025-09-04T12:23:34Z	15499.00000	1554.82148	1537.84892	1524.81432
2025-09-04T12:23:35Z	15500.00000	1554.82129	1537.84833	1524.81405
2025-09-04T12:23:35Z	15500.00000	1554.82128	1537.84791	1524.81368
2025-09-04T12:23:35Z	15500.00000	1554.82102	1537.84760	1524.81381
2025-09-04T12:23:35Z	15500.00000	1554.82062	1537.84719	1524.81362
2025-09-04T12:23:35Z	15500.00000	1554.82118	1537.84676	1524.81340
2025-09-04T12:23:35Z	15500.00000	1554.82051	1537.84638	1524.81304
2025-09-04T12:23:35Z	15500.00000	1554.82132	1537.84590	1524.81290
2025-09-04T12:23:35Z	15500.00000	1554.82113	1537.84581	1524.81274
2025-09-04T12:23:35Z	15500.00000	1554.82039	1537.84555	1524.81265
2025-09-04T12:23:35Z	15500.00000	1554.82049	1537.84512	1524.81242
2025-09-04T12:23:36Z	15501.00000	1554.81988	1537.84476	1524.81225
2025-09-04T12:23:36Z	15501.00000	1554.81948	1537.84434	1524.81193
2025-09-04T12:23:36Z	15501.00000	1554.81994	1537.84396	1524.81188
2025-09-04T12:23:36Z	15501.00000	1554.81937	1537.84373	1524.81164
2025-09-04T12:23:36Z	15501.00000	1554.81934	1537.84345	1524.81149
2025-09-04T12:23:36Z	15501.00000	1554.81896	1537.84330	1524.81141
2025-09-04T12:23:36Z	15501.00000	1554.81913	1537.84303	1524.81129
2025-09-04T12:23:36Z	15501.00000	1554.81830	1537.84291	1524.81099
2025-09-04T12:23:36Z	15501.00000	1554.81874	1537.84245	1524.81111
2025-09-04T12:23:37Z	15501.00000	1554.81774	1537.84228	1524.81086
2025-09-04T12:23:37Z	15502.00000	1554.82206	1537.85409	1524.81675
2025-09-04T12:23:37Z	15502.00000	1555.00597	1538.11248	1524.98347
2025-09-04T12:23:37Z	15502.00000	1555.18720	1538.38631	1525.15000
2025-09-04T12:23:37Z	15502.00000	1555.39650	1538.68548	1525.33092
2025-09-04T12:23:37Z	15502.00000	1555.59992	1538.96079	1525.49575
2025-09-04T12:23:37Z	15502.00000	1555.79438	1539.22104	1525.65425
2025-09-04T12:23:37Z	15502.00000	1555.97232	1539.46995	1525.80865
2025-09-04T12:23:37Z	15502.00000	1556.14731	1539.71509	1525.95679
2025-09-04T12:23:37Z	15502.00000	1556.34251	1539.98518	1526.12501
2025-09-04T12:23:37Z	15502.00000	1556.52453	1540.25227	1526.28436
2025-09-04T12:23:38Z	15503.00000	1556.74461	1540.58827	1526.48549
2025-09-04T12:23:38Z	15503.00000	1556.91923	1540.83428	1526.63180
2025-09-04T12:23:38Z	15503.00000	1557.20202	1541.22257	1526.86247
2025-09-04T12:23:38Z	15503.00000	1557.30445	1541.36881	1526.94576
2025-09-04T12:23:38Z	15503.00000	1557.42798	1541.55684	1527.05930
2025-09-04T12:23:38Z	15503.00000	1557.53370	1541.68628	1527.13149
2025-09-04T12:23:38Z	15503.00000	1557.60719	1541.80404	1527.20283
2025-09-04T12:23:38Z	15503.00000	1557.71353	1541.95933	1527.29766
2025-09-04T12:23:39Z	15503.00000	1557.85261	1542.12117	1527.39342
2025-09-04T12:23:39Z	15504.00000	1557.91358	1542.24691	1527.46740
2025-09-04T12:23:39Z	15504.00000	1558.00539	1542.34167	1527.52231
2025-09-04T12:23:39Z	15504.00000	1558.04169	1542.41131	1527.56545
2025-09-04T12:23:39Z	15504.00000	1558.08998	1542.49174	1527.61523
2025-09-04T12:23:39Z	15504.00000	1558.16580	1542.57189	1527.66147
2025-09-04T12:23:39Z	15504.00000	1558.20817	1542.64985	1527.70649
2025-09-04T12:23:39Z	15504.00000	1558.24075	1542.71447	1527.74492
2025-09-04T12:23:39Z	15504.00000	1558.29423	1542.76842	1527.77863
2025-09-04T12:23:39Z	15504.00000	1558.32715	1542.80044	1527.79942
2025-09-04T12:23:39Z	15504.00000	1558.35247	1542.82891	1527.81719
2025-09-04T12:23:40Z	15505.00000	1558.36894	1542.86378	1527.83793
2025-09-04T12:23:40Z	15505.00000	1558.37947	1542.89537	1527.85660
2025-09-04T12:23:40Z	15505.00000	1558.38637	1542.91477	1527.86792
2025-09-04T12:23:40Z	15505.00000	1558.39779	1542.93581	1527.88026
2025-09-04T12:23:40Z	15505.00000	1558.40985	1542.95017	1527.88860
2025-09-04T12:23:40Z	15505.00000	1558.41899	1542.95863	1527.89383
2025-09-04T12:23:40Z	15505.00000	1558.42593	1542.96603	1527.89815
2025-09-04T12:23:40Z	15505.00000	1558.43308	1542.97253	1527.90226
2025-09-04T12:23:40Z	15505.00000	1558.44094	1542.98038	1527.90636
2025-09-04T12:23:40Z	15505.00000	1558.44623	1542.98509	1527.90950
2025-09-04T12:23:41Z	15506.00000	1556.75135	1540.62457	1526.48567
2025-09-04T12:23:41Z	15506.00000	1556.21263	1539.86668	1526.03835
2025-09-04T12:23:41Z	15506.00000	1555.94203	1539.46062	1525.79400
2025-09-04T12:23:41Z	15506.00000	1555.72189	1539.16372	1525.61620
2025-09-04T12:23:41Z	15506.00000	1555.52053	1538.85339	1525.42151
2025-09-04T12:23:41Z	15506.00000	1555.29012	1538.52444	1525.23099
2025-09-04T12:23:41Z	15506.00000	1555.15933	1538.32850	1525.11223
2025-09-04T12:23:41Z	15506.00000	1554.98257	1538.07841	1524.95733
2025-09-04T12:23:41Z	15506.00000	1554.84794	1537.91229	1524.85080
2025-09-04T12:23:41Z	15506.00000	1554.83435	1537.87209	1524.82756
2025-09-04T12:23:42Z	15507.00000	1554.83328	1537.86824	1524.82508
2025-09-04T12:23:42Z	15507.00000	1554.83214	1537.86660	1524.82402
2025-09-04T12:23:42Z	15507.00000	1554.83100	1537.86479	1524.82453
2025-09-04T12:23:42Z	15507.00000	1554.82979	1537.86320	1524.82362
2025-09-04T12:23:42Z	15507.00000	1554.82978	1537.86169	1524.82230
2025-09-04T12:23:42Z	15507.00000	1554.82880	1537.86055	1524.82184
2025-09-04T12:23:42Z	15507.00000	1554.82829	1537.85923	1524.82074
2025-09-04T12:23:42Z	15507.00000	1554.82738	1537.85792	1524.82043
2025-09-04T12:23:42Z	15507.00000	1554.82439	1537.85718	1524.82058
2025-09-04T12:23:42Z	15507.00000	1554.82614	1537.85629	1524.81985
2025-09-04T12:23:43Z	15508.00000	1554.82595	1537.85534	1524.81912
2025-09-04T12:23:43Z	15508.00000	1554.82543	1537.85481	1524.81879
2025-09-04T12:23:43Z	15508.00000	1554.82444	1537.85411	1524.81822
2025-09-04T12:23:43Z	15508.00000	1554.82420	1537.85329	1524.81797
2025-09-04T12:23:43Z	15508.00000	1554.82366	1537.85274	1524.81815
2025-09-04T12:23:43Z	15508.00000	1554.82360	1537.85236	1524.81778
2025-09-04T12:23:43Z	15508.00000	1554.82364	1537.85170	1524.81721
2025-09-04T12:23:43Z	15508.00000	1554.82286	1537.85104	1524.81677
2025-09-04T12:23:43Z	15508.00000	1554.82241	1537.85061	1524.81670
2025-09-04T12:23:44Z	15508.00000	1554.82112	1537.85000	1524.81641
2025-09-04T12:23:44Z	15509.00000	1554.82084	1537.84974	1524.81626
2025-09-04T12:23:44Z	15509.00000	1554.82081	1537.84925	1524.81585
2025-09-04T12:23:44Z	15509.00000	1554.82078	1537.84905	1524.81561
2025-09-04T12:23:44Z	15509.00000	1554.82120	1537.84828	1524.81534
2025-09-04T12:23:44Z	15509.00000	1554.82095	1537.84774	1524.81511
2025-09-04T12:23:44Z	15509.00000	1554.82048	1537.84733	1524.81504
2025-09-04T12:23:44Z	15509.00000	1554.82020	1537.84694	1524.81470
2025-09-04T12:23:44Z	15509.00000	1554.82016	1537.84676	1524.81434
2025-09-04T12:23:44Z	15509.00000	1554.81985	1537.84616	1524.81440
2025-09-04T12:23:45Z	15510.00000	1554.81965	1537.84591	1524.81418
2025-09-04T12:23:45Z	15510.00000	1554.81936	1537.84566	1524.81405
2025-09-04T12:23:45Z	15510.00000	1554.81932	1537.84529	1524.81376
2025-09-04T12:23:45Z	15510.00000	1554.81918	1537.84499	1524.81359
2025-09-04T12:23:45Z	15510.00000	1554.81869	1537.84482	1524.81333
2025-09-04T12:23:45Z	15510.00000	1554.81831	1537.84453	1524.81325
2025-09-04T12:23:45Z	15510.00000	1554.81817	1537.84438	1524.81312
2025-09-04T12:23:45Z	15510.00000	1554.81792	1537.84391	1524.81317
2025-09-04T12:23:45Z	15510.00000	1554.81760	1537.84373	1524.81287
2025-09-04T12:23:46Z	15510.00000	1554.81685	1537.84350	1524.81276
2025-09-04T12:23:46Z	15511.00000	1554.81727	1537.84328	1524.81249
2025-09-04T12:23:46Z	15511.00000	1554.87957	1537.96399	1524.89062
2025-09-04T12:23:46Z	15511.00000	1555.14774	1538.31320	1525.10447
2025-09-04T12:23:46Z	15511.00000	1555.33402	1538.58148	1525.27045
2025-09-04T12:23:46Z	15511.00000	1555.50979	1538.82284	1525.41421
2025-09-04T12:23:46Z	15511.00000	1555.67286	1539.04662	1525.55186
2025-09-04T12:23:46Z	15511.00000	1555.85337	1539.30085	1525.70745
2025-09-04T12:23:46Z	15511.00000	1556.03808	1539.59100	1525.88402
2025-09-04T12:23:46Z	15511.00000	1556.20760	1539.82854	1526.03166
2025-09-04T12:23:46Z	15511.00000	1556.37354	1540.06617	1526.17448
2025-09-04T12:23:47Z	15512.00000	1556.53510	1540.28360	1526.30758
2025-09-04T12:23:47Z	15512.00000	1556.70807	1540.53455	1526.45667
2025-09-04T12:23:47Z	15512.00000	1556.87922	1540.78268	1526.60361
2025-09-04T12:23:47Z	15512.00000	1557.02039	1540.95047	1526.70579
2025-09-04T12:23:47Z	15512.00000	1557.18100	1541.17805	1526.83991
2025-09-04T12:23:47Z	15512.00000	1557.32269	1541.38773	1526.96123
2025-09-04T12:23:47Z	15512.00000	1557.40335	1541.52458	1527.04410
2025-09-04T12:23:47Z	15512.00000	1557.54068	1541.70697	1527.14775
2025-09-04T12:23:47Z	15512.00000	1557.67180	1541.87114	1527.24943
2025-09-04T12:23:48Z	15512.00000	1557.76058	1542.02461	1527.33923
2025-09-04T12:23:48Z	15513.00000	1557.86455	1542.14235	1527.41020
2025-09-04T12:23:48Z	15513.00000	1557.93405	1542.26530	1527.48269
2025-09-04T12:23:48Z	15513.00000	1558.00851	1542.34459	1527.52869
2025-09-04T12:23:48Z	15513.00000	1558.04891	1542.42934	1527.58158
2025-09-04T12:23:48Z	15513.00000	1558.10975	1542.50951	1527.63052
2025-09-04T12:23:48Z	15513.00000	1558.21043	1542.65284	1527.71258
2025-09-04T12:23:48Z	15513.00000	1558.24834	1542.71837	1527.75202
2025-09-04T12:23:48Z	15513.00000	1558.30042	1542.77120	1527.78572
2025-09-04T12:23:48Z	15513.00000	1558.33876	1542.80891	1527.80990
2025-09-04T12:23:49Z	15514.00000	1558.36190	1542.84239	1527.83007
2025-09-04T12:23:49Z	15514.00000	1558.37483	1542.87833	1527.85141
2025-09-04T12:23:49Z	15514.00000	1558.38358	1542.90429	1527.86625
2025-09-04T12:23:49Z	15514.00000	1558.39063	1542.92146	1527.87638
2025-09-04T12:23:49Z	15514.00000	1558.40108	1542.93567	1527.88467
2025-09-04T12:23:49Z	15514.00000	1558.41422	1542.94957	1527.89294
2025-09-04T12:23:49Z	15514.00000	1558.42261	1542.95958	1527.89891
2025-09-04T12:23:49Z	15514.00000	1558.43015	1542.96675	1527.90296
2025-09-04T12:23:49Z	15514.00000	1558.43765	1542.97388	1527.90740
2025-09-04T12:23:50Z	15514.00000	1558.44531	1542.98080	1527.91193
2025-09-04T12:23:50Z	15515.00000	1558.21272	1542.64391	1527.72157
2025-09-04T12:23:50Z	15515.00000	1556.43426	1540.16437	1526.21009
2025-09-04T12:23:50Z	15515.00000	1556.02527	1539.58055	1525.86119
2025-09-04T12:23:50Z	15515.00000	1555.82076	1539.27140	1525.68282
2025-09-04T12:23:50Z	15515.00000	1555.65819	1539.03974	1525.54123
2025-09-04T12:23:50Z	15515.00000	1555.47076	1538.77969	1525.37977
2025-09-04T12:23:50Z	15515.00000	1555.25803	1538.49122	1525.21459
2025-09-04T12:23:50Z	15515.00000	1555.09783	1538.26137	1525.07124
2025-09-04T12:23:50Z	15515.00000	1554.83327	1537.87680	1524.83208
2025-09-04T12:23:51Z	15516.00000	1554.83291	1537.87181	1524.82897
2025-09-04T12:23:51Z	15516.00000	1554.83152	1537.86752	1524.82750
2025-09-04T12:23:51Z	15516.00000	1554.82936	1537.86394	1524.82578
2025-09-04T12:23:51Z	15516.00000	1554.82784	1537.86256	1524.82495
2025-09-04T12:23:51Z	15516.00000	1554.82813	1537.86148	1524.82410
2025-09-04T12:23:51Z	15516.00000	1554.82722	1537.86002	1524.82339
2025-09-04T12:23:51Z	15516.00000	1554.82550	1537.85902	1524.82331
2025-09-04T12:23:51Z	15516.00000	1554.82553	1537.85821	1524.82301
2025-09-04T12:23:52Z	15517.00000	1554.82357	1537.85725	1524.82207
2025-09-04T12:23:52Z	15517.00000	1554.82411	1537.85565	1524.82114
2025-09-04T12:23:52Z	15517.00000	1554.82426	1537.85515	1524.82116
2025-09-04T12:23:52Z	15517.00000	1554.82336	1537.85458	1524.82106
2025-09-04T12:23:52Z	15517.00000	1554.82251	1537.85390	1524.82065
2025-09-04T12:23:52Z	15517.00000	1554.82268	1537.85324	1524.82001
2025-09-04T12:23:52Z	15517.00000	1554.82202	1537.85238	1524.81948
2025-09-04T12:23:52Z	15517.00000	1554.82179	1537.85205	1524.81942
2025-09-04T12:23:53Z	15518.00000	1554.82045	1537.85107	1524.81895
2025-09-04T12:23:53Z	15518.00000	1554.82059	1537.85017	1524.81826
2025-09-04T12:23:53Z	15518.00000	1554.82073	1537.84978	1524.81817
2025-09-04T12:23:53Z	15518.00000	1554.82009	1537.84905	1524.81792
2025-09-04T12:23:53Z	15518.00000	1554.82007	1537.84879	1524.81763
2025-09-04T12:23:53Z	15518.00000	1554.81951	1537.84841	1524.81725
2025-09-04T12:23:53Z	15518.00000	1554.81955	1537.84788	1524.81702
2025-09-04T12:23:53Z	15518.00000	1554.81870	1537.84766	1524.81701
2025-09-04T12:23:54Z	15519.00000	1554.81824	1537.84722	1524.81671
2025-09-04T12:23:54Z	15519.00000	1554.81845	1537.84683	1524.81652
2025-09-04T12:23:54Z	15519.00000	1554.81807	1537.84629	1524.81618
2025-09-04T12:23:54Z	15519.00000	1554.81775	1537.84599	1524.81622
2025-09-04T12:23:54Z	15519.00000	1554.81763	1537.84594	1524.81607
2025-09-04T12:23:54Z	15519.00000	1554.81729	1537.84531	1524.81562
2025-09-04T12:23:54Z	15519.00000	1554.81722	1537.84494	1524.81552
2025-09-04T12:23:54Z	15519.00000	1554.81669	1537.84480	1524.81549
2025-09-04T12:23:55Z	15520.00000	1554.81705	1537.84459	1524.81530
2025-09-04T12:23:55Z	15520.00000	1554.84405	1537.89425	1524.84955
2025-09-04T12:23:55Z	15520.00000	1555.14022	1538.30714	1525.10363
2025-09-04T12:23:55Z	15520.00000	1555.38183	1538.67260	1525.32752
2025-09-04T12:23:55Z	15520.00000	1555.73916	1539.16772	1525.62644
2025-09-04T12:23:55Z	15520.00000	1555.96224	1539.46040	1525.80936
2025-09-04T12:23:55Z	15520.00000	1556.29251	1539.93129	1526.09999
2025-09-04T12:23:55Z	15520.00000	1556.47758	1540.19139	1526.25279
2025-09-04T12:23:56Z	15521.00000	1556.58066	1540.35907	1526.35558
2025-09-04T12:23:56Z	15521.00000	1556.72844	1540.57134	1526.48285
2025-09-04T12:23:56Z	15521.00000	1556.90542	1540.82013	1526.63160
2025-09-04T12:23:56Z	15521.00000	1557.07041	1541.05682	1526.77157
2025-09-04T12:23:56Z	15521.00000	1557.20949	1541.24461	1526.88385
2025-09-04T12:23:56Z	15521.00000	1557.35060	1541.41939	1526.98429
2025-09-04T12:23:56Z	15521.00000	1557.42919	1541.55677	1527.06821
2025-09-04T12:23:56Z	15521.00000	1557.55246	1541.73786	1527.17139
2025-09-04T12:23:56Z	15521.00000	1557.67814	1541.87896	1527.25885
2025-09-04T12:23:56Z	15521.00000	1557.77097	1542.03319	1527.34946
2025-09-04T12:23:57Z	15522.00000	1557.86819	1542.14972	1527.41951
2025-09-04T12:23:57Z	15522.00000	1557.94679	1542.27625	1527.49390
2025-09-04T12:23:57Z	15522.00000	1558.03466	1542.38564	1527.55882
2025-09-04T12:23:57Z	15522.00000	1558.07250	1542.46748	1527.61036
2025-09-04T12:23:57Z	15522.00000	1558.15996	1542.56027	1527.66425
2025-09-04T12:23:57Z	15522.00000	1558.20740	1542.64128	1527.71052
2025-09-04T12:23:57Z	15522.00000	1558.23902	1542.69865	1527.74496
2025-09-04T12:23:57Z	15522.00000	1558.28735	1542.75558	1527.78064
2025-09-04T12:23:57Z	15522.00000	1558.32079	1542.78897	1527.80198
2025-09-04T12:23:58Z	15522.00000	1558.35668	1542.82912	1527.82665
2025-09-04T12:23:58Z	15523.00000	1558.37002	1542.86283	1527.84666
2025-09-04T12:23:58Z	15523.00000	1558.37860	1542.88614	1527.86049
2025-09-04T12:23:58Z	15523.00000	1558.38603	1542.90866	1527.87293
2025-09-04T12:23:58Z	15523.00000	1558.39533	1542.92669	1527.88392
2025-09-04T12:23:58Z	15523.00000	1558.40562	1542.93905	1527.89115
2025-09-04T12:23:58Z	15523.00000	1558.41478	1542.94807	1527.89666
2025-09-04T12:23:58Z	15523.00000	1558.42476	1542.95887	1527.90262
2025-09-04T12:23:58Z	15523.00000	1558.43409	1542.96781	1527.90817
2025-09-04T12:23:58Z	15523.00000	1558.44054	1542.97408	1527.91230
2025-09-04T12:23:59Z	15524.00000	1557.24858	1541.32454	1526.91347
2025-09-04T12:23:59Z	15524.00000	1555.98237	1539.50884	1525.82481
2025-09-04T12:23:59Z	15524.00000	1555.57114	1538.94567	1525.48410
2025-09-04T12:23:59Z	15524.00000	1555.38775	1538.68787	1525.33118
2025-09-04T12:23:59Z	15524.00000	1555.19308	1538.40858	1525.16626
2025-09-04T12:23:59Z	15524.00000	1555.01915	1538.15392	1525.00832
2025-09-04T12:23:59Z	15524.00000	1554.85479	1537.92489	1524.86404
2025-09-04T12:24:00Z	15525.00000	1554.83394	1537.87308	1524.83062
2025-09-04T12:24:00Z	15525.00000	1554.83111	1537.87005	1524.82972
2025-09-04T12:24:00Z	15525.00000	1554.82753	1537.86775	1524.82944
2025-09-04T12:24:00Z	15525.00000	1554.82958	1537.86531	1524.82781
2025-09-04T12:24:00Z	15525.00000	1554.82910	1537.86414	1524.82706
2025-09-04T12:24:00Z	15525.00000	1554.82731	1537.86283	1524.82627
2025-09-04T12:24:00Z	15525.00000	1554.82736	1537.86171	1524.82560
2025-09-04T12:24:00Z	15525.00000	1554.82575	1537.86057	1524.82548
2025-09-04T12:24:00Z	15525.00000	1554.82579	1537.85974	1524.82518
2025-09-04T12:24:00Z	15525.00000	1554.82522	1537.85878	1524.82423
2025-09-04T12:24:01Z	15526.00000	1554.82433	1537.85693	1524.82324
2025-09-04T12:24:01Z	15526.00000	1554.82371	1537.85607	1524.82329
2025-09-04T12:24:01Z	15526.00000	1554.82335	1537.85562	1524.82298
2025-09-04T12:24:01Z	15526.00000	1554.82299	1537.85507	1524.82264
2025-09-04T12:24:01Z	15526.00000	1554.82231	1537.85428	1524.82180
2025-09-04T12:24:01Z	15526.00000	1554.82104	1537.85364	1524.82161
2025-09-04T12:24:01Z	15526.00000	1554.82047	1537.85271	1524.82138
2025-09-04T12:24:02Z	15527.00000	1554.81967	1537.85172	1524.82048
2025-09-04T12:24:02Z	15527.00000	1554.82055	1537.85148	1524.82017
2025-09-04T12:24:02Z	15527.00000	1554.81943	1537.85066	1524.82031
2025-09-04T12:24:02Z	15527.00000	1554.81975	1537.85023	1524.82005
2025-09-04T12:24:02Z	15527.00000	1554.81894	1537.84952	1524.81952
2025-09-04T12:24:02Z	15527.00000	1554.81961	1537.84927	1524.81920
2025-09-04T12:24:02Z	15527.00000	1554.81885	1537.84854	1524.81898
2025-09-04T12:24:02Z	15527.00000	1554.81868	1537.84807	1524.81893
2025-09-04T12:24:03Z	15528.00000	1554.81832	1537.84784	1524.81838
2025-09-04T12:24:03Z	15528.00000	1554.81803	1537.84754	1524.81824
2025-09-04T12:24:03Z	15528.00000	1554.81730	1537.84693	1524.81800
2025-09-04T12:24:03Z	15528.00000	1554.81755	1537.84668	1524.81787
2025-09-04T12:24:03Z	15528.00000	1554.81639	1537.84638	1524.81771
2025-09-04T12:24:03Z	15528.00000	1554.81619	1537.84570	1524.81746
2025-09-04T12:24:03Z	15528.00000	1554.81599	1537.84552	1524.81741
2025-09-04T12:24:03Z	15528.00000	1554.81562	1537.84540	1524.81719
2025-09-04T12:24:04Z	15529.00000	1554.81529	1537.84526	1524.81701
2025-09-04T12:24:04Z	15529.00000	1554.94298	1538.03027	1524.93684
2025-09-04T12:24:04Z	15529.00000	1555.20081	1538.42199	1525.17630
2025-09-04T12:24:04Z	15529.00000	1555.46253	1538.76663	1525.38441
2025-09-04T12:24:04Z	15529.00000	1555.70215	1539.12254	1525.60132
2025-09-04T12:24:04Z	15529.00000	1556.05293	1539.61677	1525.90466
2025-09-04T12:24:04Z	15529.00000	1556.20095	1539.81008	1526.02630
2025-09-04T12:24:04Z	15529.00000	1556.37808	1540.07691	1526.18618
2025-09-04T12:24:05Z	15530.00000	1556.70842	1540.53532	1526.46382
2025-09-04T12:24:05Z	15530.00000	1556.84736	1540.71100	1526.56791
2025-09-04T12:24:05Z	15530.00000	1556.96630	1540.88519	1526.67426
2025-09-04T12:24:05Z	15530.00000	1557.09749	1541.08676	1526.79174
2025-09-04T12:24:05Z	15530.00000	1557.24599	1541.30544	1526.92097
2025-09-04T12:24:05Z	15530.00000	1557.38404	1541.50175	1527.03784
2025-09-04T12:24:05Z	15530.00000	1557.53467	1541.68662	1527.14353
2025-09-04T12:24:05Z	15530.00000	1557.63295	1541.82790	1527.23088
2025-09-04T12:24:05Z	15530.00000	1557.71616	1541.96278	1527.31138
2025-09-04T12:24:05Z	15530.00000	1557.82597	1542.08691	1527.38536
2025-09-04T12:24:06Z	15531.00000	1557.88558	1542.20069	1527.45245
2025-09-04T12:24:06Z	15531.00000	1557.97231	1542.30112	1527.51122
2025-09-04T12:24:06Z	15531.00000	1558.04243	1542.40689	1527.57534
2025-09-04T12:24:06Z	15531.00000	1558.09528	1542.48865	1527.62597
2025-09-04T12:24:06Z	15531.00000	1558.16905	1542.56698	1527.67111
2025-09-04T12:24:06Z	15531.00000	1558.20967	1542.64534	1527.71581
2025-09-04T12:24:06Z	15531.00000	1558.23889	1542.70371	1527.75089
2025-09-04T12:24:06Z	15531.00000	1558.29339	1542.75969	1527.78597
2025-09-04T12:24:06Z	15531.00000	1558.33180	1542.79815	1527.81068
2025-09-04T12:24:06Z	15531.00000	1558.36112	1542.83591	1527.83361
2025-09-04T12:24:07Z	15532.00000	1558.37143	1542.86384	1527.85008
2025-09-04T12:24:07Z	15532.00000	1558.38082	1542.89093	1527.86564
2025-09-04T12:24:07Z	15532.00000	1558.38861	1542.91172	1527.87763
2025-09-04T12:24:07Z	15532.00000	1558.39852	1542.92824	1527.88773
2025-09-04T12:24:07Z	15532.00000	1558.40897	1542.93832	1527.89323
2025-09-04T12:24:07Z	15532.00000	1558.41532	1542.94686	1527.89830
2025-09-04T12:24:07Z	15532.00000	1558.42485	1542.95592	1527.90354
2025-09-04T12:24:07Z	15532.00000	1558.43238	1542.96363	1527.90814
2025-09-04T12:24:07Z	15532.00000	1558.43872	1542.96996	1527.91222
2025-09-04T12:24:07Z	15532.00000	1558.44448	1542.97590	1527.91563
2025-09-04T12:24:08Z	15533.00000	1556.54937	1540.35152	1526.34087
2025-09-04T12:24:08Z	15533.00000	1556.18728	1539.79109	1526.00146
2025-09-04T12:24:08Z	15533.00000	1555.88772	1539.39555	1525.76285
2025-09-04T12:24:08Z	15533.00000	1555.59462	1538.97137	1525.50111
2025-09-04T12:24:08Z	15533.00000	1555.35343	1538.62439	1525.29572
2025-09-04T12:24:08Z	15533.00000	1555.18507	1538.38648	1525.15439
2025-09-04T12:24:08Z	15533.00000	1555.01374	1538.13796	1525.00073
2025-09-04T12:24:08Z	15533.00000	1554.87741	1537.96243	1524.88979
2025-09-04T12:24:08Z	15533.00000	1554.83381	1537.87528	1524.83244
2025-09-04T12:24:09Z	15533.00000	1554.83295	1537.87289	1524.83192
2025-09-04T12:24:09Z	15534.00000	1554.83174	1537.87028	1524.83143
2025-09-04T12:24:09Z	15534.00000	1554.83047	1537.86767	1524.83042
2025-09-04T12:24:09Z	15534.00000	1554.82890	1537.86503	1524.82878
2025-09-04T12:24:09Z	15534.00000	1554.82829	1537.86388	1524.82811
2025-09-04T12:24:09Z	15534.00000	1554.82740	1537.86282	1524.82742
2025-09-04T12:24:09Z	15534.00000	1554.82689	1537.86145	1524.82732
2025-09-04T12:24:09Z	15534.00000	1554.82538	1537.86047	1524.82696
2025-09-04T12:24:09Z	15534.00000	1554.82498	1537.85948	1524.82578
2025-09-04T12:24:09Z	15534.00000	1554.82498	1537.85859	1524.82538
2025-09-04T12:24:10Z	15535.00000	1554.82256	1537.85802	1524.82488
2025-09-04T12:24:10Z	15535.00000	1554.82251	1537.85727	1524.82500
2025-09-04T12:24:10Z	15535.00000	1554.82343	1537.85630	1524.82462
2025-09-04T12:24:10Z	15535.00000	1554.82214	1537.85537	1524.82365
2025-09-04T12:24:10Z	15535.00000	1554.82222	1537.85481	1524.82334
2025-09-04T12:24:10Z	15535.00000	1554.82195	1537.85448	1524.82337
2025-09-04T12:24:10Z	15535.00000	1554.82072	1537.85412	1524.82332
2025-09-04T12:24:10Z	15535.00000	1554.82064	1537.85326	1524.82289
2025-09-04T12:24:10Z	15535.00000	1554.82015	1537.85271	1524.82277
2025-09-04T12:24:11Z	15535.00000	1554.81983	1537.85246	1524.82218
2025-09-04T12:24:11Z	15536.00000	1554.82062	1537.85192	1524.82192
2025-09-04T12:24:11Z	15536.00000	1554.82062	1537.85155	1524.82178
2025-09-04T12:24:11Z	15536.00000	1554.82017	1537.85108	1524.82167
2025-09-04T12:24:11Z	15536.00000	1554.81995	1537.85065	1524.82139
2025-09-04T12:24:11Z	15536.00000	1554.81974	1537.85022	1524.82092
2025-09-04T12:24:11Z	15536.00000	1554.81932	1537.85012	1524.82088
2025-09-04T12:24:11Z	15536.00000	1554.81910	1537.84960	1524.82089
2025-09-04T12:24:11Z	15536.00000	1554.81853	1537.84927	1524.82058
2025-09-04T12:24:11Z	15536.00000	1554.81814	1537.84882	1524.82051
2025-09-04T12:24:11Z	15536.00000	1554.81835	1537.84878	1524.82033
2025-09-04T12:24:12Z	15537.00000	1554.81733	1537.84810	1524.81993
2025-09-04T12:24:12Z	15537.00000	1554.81767	1537.84777	1524.81955
2025-09-04T12:24:12Z	15537.00000	1554.81710	1537.84755	1524.81980
2025-09-04T12:24:12Z	15537.00000	1554.81717	1537.84737	1524.81966
2025-09-04T12:24:12Z	15537.00000	1554.81638	1537.84714	1524.81922
2025-09-04T12:24:12Z	15537.00000	1554.81604	1537.84684	1524.81914
2025-09-04T12:24:12Z	15537.00000	1554.81685	1537.84650	1524.81904
2025-09-04T12:24:12Z	15537.00000	1554.81563	1537.84627	1524.81896
2025-09-04T12:24:12Z	15537.00000	1554.81561	1537.84600	1524.81877
2025-09-04T12:24:12Z	15537.00000	1554.81516	1537.84579	1524.81845
2025-09-04T12:24:13Z	15538.00000	1554.81566	1537.84560	1524.81843
2025-09-04T12:24:13Z	15538.00000	1554.81497	1537.84532	1524.81843
2025-09-04T12:24:13Z	15538.00000	1555.00290	1538.10958	1524.98908
2025-09-04T12:24:13Z	15538.00000	1555.31310	1538.55060	1525.25618
2025-09-04T12:24:13Z	15538.00000	1555.51467	1538.83401	1525.42604
2025-09-04T12:24:13Z	15538.00000	1555.67568	1539.05314	1525.56209
2025-09-04T12:24:13Z	15538.00000	1555.86989	1539.34910	1525.74457
2025-09-04T12:24:13Z	15538.00000	1556.06711	1539.63311	1525.91652
2025-09-04T12:24:13Z	15538.00000	1556.20564	1539.82335	1526.03637
2025-09-04T12:24:13Z	15538.00000	1556.38828	1540.09197	1526.19690
2025-09-04T12:24:14Z	15539.00000	1556.59252	1540.37066	1526.36606
2025-09-04T12:24:14Z	15539.00000	1556.74194	1540.58575	1526.49633
2025-09-04T12:24:14Z	15539.00000	1556.91754	1540.83142	1526.64391
2025-09-04T12:24:14Z	15539.00000	1557.07783	1541.06444	1526.78123
2025-09-04T12:24:14Z	15539.00000	1557.20285	1541.22180	1526.87601
2025-09-04T12:24:14Z	15539.00000	1557.35521	1541.42511	1526.99339
2025-09-04T12:24:14Z	15539.00000	1557.43446	1541.56001	1527.07550
2025-09-04T12:24:14Z	15539.00000	1557.54437	1541.71430	1527.16241
2025-09-04T12:24:14Z	15539.00000	1557.66100	1541.85531	1527.25032
2025-09-04T12:24:14Z	15539.00000	1557.73076	1541.98773	1527.32842
2025-09-04T12:24:15Z	15540.00000	1557.85974	1542.12737	1527.41206
2025-09-04T12:24:15Z	15540.00000	1557.92572	1542.25189	1527.48481
2025-09-04T12:24:15Z	15540.00000	1558.01905	1542.35007	1527.54253
2025-09-04T12:24:15Z	15540.00000	1558.05413	1542.43591	1527.59600
2025-09-04T12:24:15Z	15540.00000	1558.12556	1542.51919	1527.64589
2025-09-04T12:24:15Z	15540.00000	1558.19661	1542.60538	1527.69465
2025-09-04T12:24:15Z	15540.00000	1558.21792	1542.66754	1527.73095
2025-09-04T12:24:15Z	15540.00000	1558.25818	1542.72193	1527.76415
2025-09-04T12:24:15Z	15540.00000	1558.30986	1542.77388	1527.79704
2025-09-04T12:24:15Z	15540.00000	1558.34342	1542.81063	1527.82014
2025-09-04T12:24:16Z	15541.00000	1558.36278	1542.83732	1527.83619
2025-09-04T12:24:16Z	15541.00000	1558.37237	1542.86485	1527.85220
2025-09-04T12:24:16Z	15541.00000	1558.37989	1542.88742	1527.86536
2025-09-04T12:24:16Z	15541.00000	1558.38814	1542.90888	1527.87802
2025-09-04T12:24:16Z	15541.00000	1558.40064	1542.92901	1527.88948
2025-09-04T12:24:16Z	15541.00000	1558.41302	1542.94238	1527.89742
2025-09-04T12:24:16Z	15541.00000	1558.42112	1542.95057	1527.90205
2025-09-04T12:24:16Z	15541.00000	1558.43140	1542.96020	1527.90773
2025-09-04T12:24:16Z	15541.00000	1558.43699	1542.96594	1527.91166
2025-09-04T12:24:16Z	15541.00000	1558.44409	1542.97335	1527.91586
2025-09-04T12:24:17Z	15542.00000	1558.26612	1542.71251	1527.77549
2025-09-04T12:24:17Z	15542.00000	1556.27988	1539.94698	1526.08700
2025-09-04T12:24:17Z	15542.00000	1556.05322	1539.63734	1525.90278
2025-09-04T12:24:17Z	15542.00000	1555.82554	1539.27301	1525.68636
2025-09-04T12:24:17Z	15542.00000	1555.66259	1539.04297	1525.54649
2025-09-04T12:24:17Z	15542.00000	1555.47339	1538.78467	1525.38898
2025-09-04T12:24:17Z	15542.00000	1555.29575	1538.53327	1525.24250
2025-09-04T12:24:17Z	15542.00000	1555.09795	1538.26308	1525.07575
2025-09-04T12:24:17Z	15542.00000	1554.95664	1538.05192	1524.94806
2025-09-04T12:24:17Z	15542.00000	1554.83569	1537.88144	1524.83738
2025-09-04T12:24:18Z	15543.00000	1554.83353	1537.87464	1524.83395
2025-09-04T12:24:18Z	15543.00000	1554.83118	1537.87209	1524.83335
2025-09-04T12:24:18Z	15543.00000	1554.83126	1537.86951	1524.83250
2025-09-04T12:24:18Z	15543.00000	1554.83006	1537.86759	1524.83146
2025-09-04T12:24:18Z	15543.00000	1554.82867	1537.86542	1524.83011
2025-09-04T12:24:18Z	15543.00000	1554.82787	1537.86421	1524.82927
2025-09-04T12:24:18Z	15543.00000	1554.82728	1537.86266	1524.82874
2025-09-04T12:24:18Z	15543.00000	1554.82549	1537.86125	1524.82839
2025-09-04T12:24:18Z	15543.00000	1554.82554	1537.86035	1524.82713
2025-09-04T12:24:18Z	15543.00000	1554.82341	1537.85959	1524.82682
2025-09-04T12:24:19Z	15544.00000	1554.82432	1537.85863	1524.82629
2025-09-04T12:24:19Z	15544.00000	1554.82215	1537.85735	1524.82609
2025-09-04T12:24:19Z	15544.00000	1554.82192	1537.85665	1524.82578
2025-09-04T12:24:19Z	15544.00000	1554.82191	1537.85626	1524.82539
2025-09-04T12:24:19Z	15544.00000	1554.82223	1537.85516	1524.82449
2025-09-04T12:24:19Z	15544.00000	1554.82200	1537.85470	1524.82443
2025-09-04T12:24:19Z	15544.00000	1554.82148	1537.85411	1524.82427
2025-09-04T12:24:19Z	15544.00000	1554.82101	1537.85342	1524.82387
2025-09-04T12:24:20Z	15544.00000	1554.81996	1537.85326	1524.82357
2025-09-04T12:24:20Z	15545.00000	1554.81968	1537.85283	1524.82339
2025-09-04T12:24:20Z	15545.00000	1554.82028	1537.85239	1524.82333
2025-09-04T12:24:20Z	15545.00000	1554.82021	1537.85194	1524.82299
2025-09-04T12:24:20Z	15545.00000	1554.81998	1537.85150	1524.82282
2025-09-04T12:24:20Z	15545.00000	1554.81872	1537.85107	1524.82261
2025-09-04T12:24:20Z	15545.00000	1554.81933	1537.85071	1524.82221
2025-09-04T12:24:20Z	15545.00000	1554.81934	1537.85023	1524.82202
2025-09-04T12:24:20Z	15545.00000	1554.81863	1537.84986	1524.82211
2025-09-04T12:24:20Z	15545.00000	1554.81866	1537.84950	1524.82183
2025-09-04T12:24:20Z	15545.00000	1554.81844	1537.84918	1524.82143
2025-09-04T12:24:21Z	15546.00000	1554.81801	1537.84892	1524.82128
2025-09-04T12:24:21Z	15546.00000	1554.81708	1537.84865	1524.82096
2025-09-04T12:24:21Z	15546.00000	1554.81683	1537.84830	1524.82107
2025-09-04T12:24:21Z	15546.00000	1554.81720	1537.84785	1524.82086
2025-09-04T12:24:21Z	15546.00000	1554.81679	1537.84791	1524.82079
2025-09-04T12:24:21Z	15546.00000	1554.81591	1537.84725	1524.82061
2025-09-04T12:24:21Z	15546.00000	1554.81599	1537.84700	1524.82041
2025-09-04T12:24:21Z	15546.00000	1554.81593	1537.84667	1524.82031
2025-09-04T12:24:21Z	15546.00000	1554.81557	1537.84653	1524.82013
2025-09-04T12:24:21Z	15546.00000	1554.81546	1537.84623	1524.82015
2025-09-04T12:24:22Z	15547.00000	1554.81522	1537.84596	1524.81957
2025-09-04T12:24:22Z	15547.00000	1554.95069	1538.04046	1524.94401
2025-09-04T12:24:22Z	15547.00000	1555.17797	1538.36265	1525.14404
2025-09-04T12:24:22Z	15547.00000	1555.41714	1538.71503	1525.35702
2025-09-04T12:24:22Z	15547.00000	1555.57492	1538.93902	1525.49311
2025-09-04T12:24:22Z	15547.00000	1555.73065	1539.15973	1525.62578
2025-09-04T12:24:22Z	15547.00000	1555.99146	1539.49426	1525.83320
2025-09-04T12:24:22Z	15547.00000	1556.18695	1539.76866	1526.00306
2025-09-04T12:24:22Z	15547.00000	1556.35007	1539.99813	1526.14392
2025-09-04T12:24:22Z	15547.00000	1556.47321	1540.18415	1526.25382
2025-09-04T12:24:23Z	15548.00000	1556.64066	1540.42219	1526.39709
2025-09-04T12:24:23Z	15548.00000	1556.78901	1540.63528	1526.52705
2025-09-04T12:24:23Z	15548.00000	1556.96286	1540.87856	1526.67441
2025-09-04T12:24:23Z	15548.00000	1557.09308	1541.07943	1526.79148
2025-09-04T12:24:23Z	15548.00000	1557.21933	1541.26749	1526.90343
2025-09-04T12:24:23Z	15548.00000	1557.36397	1541.44287	1527.00575
2025-09-04T12:24:23Z	15548.00000	1557.50125	1541.62947	1527.11624
2025-09-04T12:24:23Z	15548.00000	1557.58799	1541.77902	1527.20484
2025-09-04T12:24:23Z	15548.00000	1557.70831	1541.93610	1527.30069
2025-09-04T12:24:24Z	15548.00000	1557.82292	1542.08169	1527.38630
2025-09-04T12:24:24Z	15549.00000	1557.87869	1542.17797	1527.44338
2025-09-04T12:24:24Z	15549.00000	1557.97128	1542.29677	1527.51247
2025-09-04T12:24:24Z	15549.00000	1558.03689	1542.38718	1527.56735
2025-09-04T12:24:24Z	15549.00000	1558.07932	1542.46939	1527.61855
2025-09-04T12:24:24Z	15549.00000	1558.16471	1542.56064	1527.67082
2025-09-04T12:24:24Z	15549.00000	1558.21251	1542.64983	1527.72166
2025-09-04T12:24:24Z	15549.00000	1558.25247	1542.71439	1527.76141
2025-09-04T12:24:24Z	15549.00000	1558.34049	1542.80367	1527.81719
2025-09-04T12:24:25Z	15549.00000	1558.35962	1542.82996	1527.83315
2025-09-04T12:24:25Z	15550.00000	1558.36917	1542.85336	1527.84691
2025-09-04T12:24:25Z	15550.00000	1558.37723	1542.87646	1527.86079
2025-09-04T12:24:25Z	15550.00000	1558.38365	1542.89652	1527.87201
2025-09-04T12:24:25Z	15550.00000	1558.39319	1542.91712	1527.88422
2025-09-04T12:24:25Z	15550.00000	1558.40060	1542.92800	1527.89029
2025-09-04T12:24:25Z	15550.00000	1558.41371	1542.93923	1527.89681
2025-09-04T12:24:25Z	15550.00000	1558.42180	1542.94972	1527.90353
2025-09-04T12:24:25Z	15550.00000	1558.43084	1542.95852	1527.90834
2025-09-04T12:24:25Z	15550.00000	1558.43750	1542.96519	1527.91259
2025-09-04T12:24:25Z	15550.00000	1558.44282	1542.97001	1527.91557
2025-09-04T12:24:26Z	15551.00000	1556.60876	1540.40797	1526.36666
2025-09-04T12:24:26Z	15551.00000	1556.24384	1539.89685	1526.06381
2025-09-04T12:24:26Z	15551.00000	1556.01083	1539.54241	1525.84567
2025-09-04T12:24:26Z	15551.00000	1555.79458	1539.23985	1525.66567
2025-09-04T12:24:26Z	15551.00000	1555.40368	1538.70672	1525.34477
2025-09-04T12:24:26Z	15551.00000	1555.05279	1538.21063	1525.04454
2025-09-04T12:24:26Z	15551.00000	1554.90754	1537.99624	1524.91293
2025-09-04T12:24:26Z	15551.00000	1554.83519	1537.87856	1524.83759
2025-09-04T12:24:27Z	15552.00000	1554.83246	1537.87273	1524.83323
2025-09-04T12:24:27Z	15552.00000	1554.83170	1537.87083	1524.83343
2025-09-04T12:24:27Z	15552.00000	1554.83069	1537.86875	1524.83246
2025-09-04T12:24:27Z	15552.00000	1554.82802	1537.86647	1524.83124
2025-09-04T12:24:27Z	15552.00000	1554.82846	1537.86507	1524.83014
2025-09-04T12:24:27Z	15552.00000	1554.82706	1537.86382	1524.82978
2025-09-04T12:24:27Z	15552.00000	1554.82690	1537.86254	1524.82957
2025-09-04T12:24:27Z	15552.00000	1554.82612	1537.86156	1524.82886
2025-09-04T12:24:27Z	15552.00000	1554.82543	1537.86061	1524.82839
2025-09-04T12:24:27Z	15552.00000	1554.82504	1537.85990	1524.82735
2025-09-04T12:24:28Z	15553.00000	1554.82456	1537.85868	1524.82713
2025-09-04T12:24:28Z	15553.00000	1554.82263	1537.85812	1524.82707
2025-09-04T12:24:28Z	15553.00000	1554.82340	1537.85752	1524.82659
2025-09-04T12:24:28Z	15553.00000	1554.82268	1537.85670	1524.82605
2025-09-04T12:24:28Z	15553.00000	1554.82147	1537.85650	1524.82588
2025-09-04T12:24:28Z	15553.00000	1554.82108	1537.85531	1524.82550
2025-09-04T12:24:28Z	15553.00000	1554.82084	1537.85482	1524.82506
2025-09-04T12:24:28Z	15553.00000	1554.82066	1537.85442	1524.82508
2025-09-04T12:24:28Z	15553.00000	1554.82056	1537.85408	1524.82483
2025-09-04T12:24:28Z	15553.00000	1554.82016	1537.85342	1524.82435
2025-09-04T12:24:29Z	15554.00000	1554.82081	1537.85297	1524.82419
2025-09-04T12:24:29Z	15554.00000	1554.82034	1537.85242	1524.82398
2025-09-04T12:24:29Z	15554.00000	1554.82005	1537.85190	1524.82380
2025-09-04T12:24:29Z	15554.00000	1554.81994	1537.85164	1524.82309
2025-09-04T12:24:29Z	15554.00000	1554.81962	1537.85121	1524.82289
2025-09-04T12:24:29Z	15554.00000	1554.81943	1537.85085	1524.82299
2025-09-04T12:24:29Z	15554.00000	1554.81941	1537.85064	1524.82291
2025-09-04T12:24:29Z	15554.00000	1554.81876	1537.85004	1524.82246
2025-09-04T12:24:29Z	15554.00000	1554.81804	1537.84968	1524.82240
2025-09-04T12:24:30Z	15554.00000	1554.81802	1537.84911	1524.82196
2025-09-04T12:24:30Z	15555.00000	1554.81770	1537.84911	1524.82217
2025-09-04T12:24:30Z	15555.00000	1554.81845	1537.84896	1524.82204
2025-09-04T12:24:30Z	15555.00000	1554.81737	1537.84838	1524.82168
2025-09-04T12:24:30Z	15555.00000	1554.81722	1537.84815	1524.82169
2025-09-04T12:24:30Z	15555.00000	1554.81646	1537.84782	1524.82124
2025-09-04T12:24:30Z	15555.00000	1554.81656	1537.84758	1524.82127
2025-09-04T12:24:30Z	15555.00000	1554.81576	1537.84745	1524.82098
2025-09-04T12:24:30Z	15555.00000	1554.81589	1537.84703	1524.82095
2025-09-04T12:24:30Z	15555.00000	1554.81540	1537.84691	1524.82078
2025-09-04T12:24:30Z	15555.00000	1554.81567	1537.84647	1524.82071
2025-09-04T12:24:31Z	15556.00000	1554.81526	1537.84644	1524.82059
2025-09-04T12:24:31Z	15556.00000	1555.01372	1538.13622	1525.00190
2025-09-04T12:24:31Z	15556.00000	1555.41460	1538.71295	1525.35680
2025-09-04T12:24:31Z	15556.00000	1555.62054	1538.98812	1525.52320
2025-09-04T12:24:31Z	15556.00000	1555.81424	1539.24575	1525.68080
2025-09-04T12:24:31Z	15556.00000	1556.01805	1539.53467	1525.85781
2025-09-04T12:24:31Z	15556.00000	1556.20006	1539.80607	1526.02746
2025-09-04T12:24:31Z	15556.00000	1556.40776	1540.11228	1526.21101
2025-09-04T12:24:31Z	15556.00000	1556.53531	1540.28226	1526.31659
2025-09-04T12:24:32Z	15557.00000	1556.72312	1540.56139	1526.48398
2025-09-04T12:24:32Z	15557.00000	1556.92601	1540.83809	1526.65092
2025-09-04T12:24:32Z	15557.00000	1557.05941	1541.03968	1526.76943
2025-09-04T12:24:32Z	15557.00000	1557.20553	1541.22936	1526.88276
2025-09-04T12:24:32Z	15557.00000	1557.37067	1541.46225	1527.01852
2025-09-04T12:24:32Z	15557.00000	1557.51749	1541.64831	1527.12730
2025-09-04T12:24:32Z	15557.00000	1557.71390	1541.95285	1527.31141
2025-09-04T12:24:33Z	15557.00000	1557.88319	1542.19138	1527.45175
2025-09-04T12:24:33Z	15558.00000	1557.96618	1542.29177	1527.51060
2025-09-04T12:24:33Z	15558.00000	1558.03556	1542.38306	1527.56543
2025-09-04T12:24:33Z	15558.00000	1558.07046	1542.45058	1527.60799
2025-09-04T12:24:33Z	15558.00000	1558.12539	1542.51793	1527.64746
2025-09-04T12:24:33Z	15558.00000	1558.18903	1542.58921	1527.68765
2025-09-04T12:24:33Z	15558.00000	1558.21325	1542.65215	1527.72401
2025-09-04T12:24:33Z	15558.00000	1558.25352	1542.71546	1527.76276
2025-09-04T12:24:33Z	15558.00000	1558.30349	1542.76613	1527.79520
2025-09-04T12:24:33Z	15558.00000	1558.33349	1542.79690	1527.81404
2025-09-04T12:24:33Z	15558.00000	1558.35846	1542.82800	1527.83346
2025-09-04T12:24:34Z	15559.00000	1558.37014	1542.85491	1527.84914
2025-09-04T12:24:34Z	15559.00000	1558.37867	1542.88060	1527.86421
2025-09-04T12:24:34Z	15559.00000	1558.38575	1542.90139	1527.87576
2025-09-04T12:24:34Z	15559.00000	1558.39932	1542.92562	1527.88976
2025-09-04T12:24:34Z	15559.00000	1558.41203	1542.93894	1527.89792
2025-09-04T12:24:34Z	15559.00000	1558.41907	1542.94585	1527.90206
2025-09-04T12:24:34Z	15559.00000	1558.42686	1542.95444	1527.90711
2025-09-04T12:24:34Z	15559.00000	1558.43343	1542.96053	1527.91067
2025-09-04T12:24:35Z	15560.00000	1558.44320	1542.97070	1527.91704
2025-09-04T12:24:35Z	15560.00000	1556.56190	1540.36672	1526.35181
2025-09-04T12:24:35Z	15560.00000	1556.19692	1539.81153	1526.01754
2025-09-04T12:24:35Z	15560.00000	1555.91124	1539.42133	1525.77869
2025-09-04T12:24:35Z	15560.00000	1555.68623	1539.09094	1525.57503
2025-09-04T12:24:35Z	15560.00000	1555.43454	1538.74236	1525.36548
2025-09-04T12:24:35Z	15560.00000	1555.22721	1538.45813	1525.19916
2025-09-04T12:24:35Z	15560.00000	1555.10375	1538.26925	1525.08005
2025-09-04T12:24:35Z	15560.00000	1554.99081	1538.09345	1524.97452
2025-09-04T12:24:35Z	15560.00000	1554.84801	1537.91638	1524.86060
2025-09-04T12:24:36Z	15561.00000	1554.83349	1537.87556	1524.83478
2025-09-04T12:24:36Z	15561.00000	1554.83273	1537.87311	1524.83412
2025-09-04T12:24:36Z	15561.00000	1554.83207	1537.87108	1524.83439
2025-09-04T12:24:36Z	15561.00000	1554.83070	1537.86905	1524.83303
2025-09-04T12:24:36Z	15561.00000	1554.82910	1537.86606	1524.83070
2025-09-04T12:24:36Z	15561.00000	1554.82735	1537.86433	1524.83033
2025-09-04T12:24:36Z	15561.00000	1554.82678	1537.86228	1524.82955
2025-09-04T12:24:36Z	15561.00000	1554.82421	1537.86143	1524.82887
2025-09-04T12:24:37Z	15562.00000	1554.82379	1537.86069	1524.82805
2025-09-04T12:24:37Z	15562.00000	1554.82493	1537.85955	1524.82767
2025-09-04T12:24:37Z	15562.00000	1554.82276	1537.85860	1524.82750
2025-09-04T12:24:37Z	15562.00000	1554.82400	1537.85798	1524.82717
2025-09-04T12:24:37Z	15562.00000	1554.82346	1537.85736	1524.82648
2025-09-04T12:24:37Z	15562.00000	1554.82280	1537.85692	1524.82642
2025-09-04T12:24:37Z	15562.00000	1554.82197	1537.85560	1524.82586
2025-09-04T12:24:37Z	15562.00000	1554.82183	1537.85526	1524.82556
2025-09-04T12:24:37Z	15562.00000	1554.82175	1537.85453	1524.82515
2025-09-04T12:24:38Z	15563.00000	1554.82054	1537.85416	1524.82470
2025-09-04T12:24:38Z	15563.00000	1554.82005	1537.85392	1524.82460
2025-09-04T12:24:38Z	15563.00000	1554.81990	1537.85309	1524.82450
2025-09-04T12:24:38Z	15563.00000	1554.82038	1537.85260	1524.82420
2025-09-04T12:24:38Z	15563.00000	1554.81964	1537.85174	1524.82347
2025-09-04T12:24:38Z	15563.00000	1554.81994	1537.85137	1524.82345
2025-09-04T12:24:38Z	15563.00000	1554.81900	1537.85077	1524.82313
2025-09-04T12:24:38Z	15563.00000	1554.81931	1537.85027	1524.82276
2025-09-04T12:24:39Z	15564.00000	1554.81863	1537.85001	1524.82242
2025-09-04T12:24:39Z	15564.00000	1554.81783	1537.84948	1524.82227
2025-09-04T12:24:39Z	15564.00000	1554.81751	1537.84936	1524.82249
2025-09-04T12:24:39Z	15564.00000	1554.81735	1537.84866	1524.82201
2025-09-04T12:24:39Z	15564.00000	1554.81757	1537.84843	1524.82178
2025-09-04T12:24:39Z	15564.00000	1554.81660	1537.84792	1524.82156
2025-09-04T12:24:39Z	15564.00000	1554.81613	1537.84761	1524.82147
2025-09-04T12:24:39Z	15564.00000	1554.81588	1537.84732	1524.82109
2025-09-04T12:24:40Z	15565.00000	1554.81565	1537.84704	1524.82090
2025-09-04T12:24:40Z	15565.00000	1554.83432	1537.88089	1524.83835
2025-09-04T12:24:40Z	15565.00000	1555.08338	1538.24402	1525.06861
2025-09-04T12:24:40Z	15565.00000	1555.35233	1538.61700	1525.29900
2025-09-04T12:24:40Z	15565.00000	1555.52189	1538.85416	1525.43964
2025-09-04T12:24:40Z	15565.00000	1555.73547	1539.16429	1525.62920
2025-09-04T12:24:40Z	15565.00000	1555.95695	1539.45413	1525.81125
2025-09-04T12:24:40Z	15565.00000	1556.16498	1539.73446	1525.98159
2025-09-04T12:24:40Z	15565.00000	1556.40980	1540.11471	1526.21247
2025-09-04T12:24:41Z	15566.00000	1556.55078	1540.32042	1526.33969
2025-09-04T12:24:41Z	15566.00000	1556.87534	1540.77035	1526.60793
2025-09-04T12:24:41Z	15566.00000	1557.09501	1541.08247	1526.79405
2025-09-04T12:24:41Z	15566.00000	1557.24149	1541.29800	1526.92146
2025-09-04T12:24:41Z	15566.00000	1557.36340	1541.44192	1527.00681
2025-09-04T12:24:41Z	15566.00000	1557.54132	1541.70469	1527.16026
2025-09-04T12:24:41Z	15566.00000	1557.65258	1541.84654	1527.24868
2025-09-04T12:24:41Z	15566.00000	1557.72645	1541.98198	1527.32830
2025-09-04T12:24:42Z	15567.00000	1557.85731	1542.12257	1527.41196
2025-09-04T12:24:42Z	15567.00000	1557.90598	1542.23066	1527.47479
2025-09-04T12:24:42Z	15567.00000	1558.00065	1542.32836	1527.53253
2025-09-04T12:24:42Z	15567.00000	1558.04655	1542.41659	1527.58578
2025-09-04T12:24:42Z	15567.00000	1558.10459	1542.49794	1527.63522
2025-09-04T12:24:42Z	15567.00000	1558.18481	1542.58575	1527.68532
2025-09-04T12:24:42Z	15567.00000	1558.21446	1542.65836	1527.72728
2025-09-04T12:24:42Z	15567.00000	1558.24731	1542.71170	1527.75994
2025-09-04T12:24:42Z	15567.00000	1558.29132	1542.75658	1527.78807
2025-09-04T12:24:42Z	15567.00000	1558.32830	1542.79425	1527.81143
2025-09-04T12:24:43Z	15568.00000	1558.35541	1542.82556	1527.83095
2025-09-04T12:24:43Z	15568.00000	1558.36845	1542.85291	1527.84682
2025-09-04T12:24:43Z	15568.00000	1558.37681	1542.87809	1527.86181
2025-09-04T12:24:43Z	15568.00000	1558.38354	1542.89846	1527.87353
2025-09-04T12:24:43Z	15568.00000	1558.38939	1542.91315	1527.88163
2025-09-04T12:24:43Z	15568.00000	1558.39794	1542.92651	1527.88992
2025-09-04T12:24:43Z	15568.00000	1558.40871	1542.93617	1527.89570
2025-09-04T12:24:43Z	15568.00000	1558.41452	1542.94478	1527.90029
2025-09-04T12:24:43Z	15568.00000	1558.42157	1542.95194	1527.90473
2025-09-04T12:24:43Z	15568.00000	1558.42908	1542.95921	1527.90876
2025-09-04T12:24:44Z	15569.00000	1558.43307	1542.96347	1527.91157
2025-09-04T12:24:44Z	15569.00000	1556.53300	1540.30729	1526.31450
2025-09-04T12:24:44Z	15569.00000	1556.10349	1539.69462	1525.94000
2025-09-04T12:24:44Z	15569.00000	1555.85542	1539.32043	1525.71652
2025-09-04T12:24:44Z	15569.00000	1555.61750	1538.99563	1525.51871
2025-09-04T12:24:44Z	15569.00000	1555.43202	1538.73857	1525.36380
2025-09-04T12:24:44Z	15569.00000	1555.26347	1538.49682	1525.22252
2025-09-04T12:24:44Z	15569.00000	1555.10483	1538.26953	1525.08114
2025-09-04T12:24:44Z	15569.00000	1554.92999	1538.02280	1524.93018
2025-09-04T12:24:44Z	15569.00000	1554.83401	1537.87787	1524.83595
2025-09-04T12:24:45Z	15570.00000	1554.83399	1537.87616	1524.83645
2025-09-04T12:24:45Z	15570.00000	1554.83118	1537.87280	1524.83498
2025-09-04T12:24:45Z	15570.00000	1554.82772	1537.86961	1524.83382
2025-09-04T12:24:45Z	15570.00000	1554.82927	1537.86668	1524.83136
2025-09-04T12:24:45Z	15570.00000	1554.82775	1537.86365	1524.83043
2025-09-04T12:24:45Z	15570.00000	1554.82716	1537.86268	1524.83009
2025-09-04T12:24:45Z	15570.00000	1554.82429	1537.86172	1524.82942
2025-09-04T12:24:45Z	15570.00000	1554.82567	1537.86083	1524.82870
2025-09-04T12:24:46Z	15571.00000	1554.82315	1537.85910	1524.82822
2025-09-04T12:24:46Z	15571.00000	1554.82423	1537.85842	1524.82780
2025-09-04T12:24:46Z	15571.00000	1554.82352	1537.85762	1524.82721
2025-09-04T12:24:46Z	15571.00000	1554.82203	1537.85741	1524.82704
2025-09-04T12:24:46Z	15571.00000	1554.82289	1537.85625	1524.82622
2025-09-04T12:24:46Z	15571.00000	1554.82144	1537.85576	1524.82642
2025-09-04T12:24:46Z	15571.00000	1554.82201	1537.85532	1524.82601
2025-09-04T12:24:46Z	15571.00000	1554.82056	1537.85481	1524.82575
2025-09-04T12:24:46Z	15571.00000	1554.82042	1537.85438	1524.82528
2025-09-04T12:24:47Z	15572.00000	1554.82027	1537.85410	1524.82486
2025-09-04T12:24:47Z	15572.00000	1554.81997	1537.85325	1524.82489
2025-09-04T12:24:47Z	15572.00000	1554.82021	1537.85289	1524.82483
2025-09-04T12:24:47Z	15572.00000	1554.82026	1537.85250	1524.82417
2025-09-04T12:24:47Z	15572.00000	1554.82016	1537.85218	1524.82398
2025-09-04T12:24:47Z	15572.00000	1554.81971	1537.85170	1524.82392
2025-09-04T12:24:47Z	15572.00000	1554.81927	1537.85146	1524.82378
2025-09-04T12:24:47Z	15572.00000	1554.81869	1537.85094	1524.82348
2025-09-04T12:24:47Z	15572.00000	1554.81900	1537.85043	1524.82306
2025-09-04T12:24:48Z	15572.00000	1554.81853	1537.85013	1524.82285
2025-09-04T12:24:48Z	15573.00000	1554.81832	1537.84959	1524.82282
2025-09-04T12:24:48Z	15573.00000	1554.81781	1537.84932	1524.82275
2025-09-04T12:24:48Z	15573.00000	1554.81777	1537.84896	1524.82235
2025-09-04T12:24:48Z	15573.00000	1554.81723	1537.84853	1524.82204
2025-09-04T12:24:48Z	15573.00000	1554.81707	1537.84828	1524.82215
2025-09-04T12:24:48Z	15573.00000	1554.81682	1537.84806	1524.82189
2025-09-04T12:24:48Z	15573.00000	1554.81600	1537.84761	1524.82173
2025-09-04T12:24:48Z	15573.00000	1554.81577	1537.84721	1524.82146
2025-09-04T12:24:49Z	15574.00000	1554.81531	1537.84698	1524.82133
2025-09-04T12:24:49Z	15574.00000	1554.81530	1537.84687	1524.82126
2025-09-04T12:24:49Z	15574.00000	1554.81512	1537.84639	1524.82100
2025-09-04T12:24:49Z	15574.00000	1554.81534	1537.84615	1524.82084
2025-09-04T12:24:49Z	15574.00000	1554.81431	1537.84570	1524.82043
2025-09-04T12:24:49Z	15574.00000	1554.81415	1537.84512	1524.82050
2025-09-04T12:24:49Z	15574.00000	1554.81404	1537.84500	1524.82031
2025-09-04T12:24:49Z	15574.00000	1554.81365	1537.84494	1524.82005
2025-09-04T12:24:50Z	15575.00000	1554.81391	1537.84452	1524.82003
2025-09-04T12:24:50Z	15575.00000	1554.81324	1537.84443	1524.81970
2025-09-04T12:24:50Z	15575.00000	1554.81345	1537.84404	1524.81961
2025-09-04T12:24:50Z	15575.00000	1554.81350	1537.84402	1524.81946
2025-09-04T12:24:50Z	15575.00000	1554.81326	1537.84361	1524.81935
2025-09-04T12:24:50Z	15575.00000	1554.81254	1537.84355	1524.81946
2025-09-04T12:24:50Z	15575.00000	1554.81265	1537.84353	1524.81927
2025-09-04T12:24:50Z	15575.00000	1554.81261	1537.84337	1524.81924
2025-09-04T12:24:50Z	15575.00000	1554.81252	1537.84287	1524.81892
2025-09-04T12:24:51Z	15576.00000	1554.81269	1537.84299	1524.81900
2025-09-04T12:24:51Z	15576.00000	1554.81215	1537.84268	1524.81894
2025-09-04T12:24:51Z	15576.00000	1554.81188	1537.84229	1524.81871
2025-09-04T12:24:51Z	15576.00000	1554.81165	1537.84243	1524.81883
2025-09-04T12:24:51Z	15576.00000	1554.81204	1537.84217	1524.81858
2025-09-04T12:24:51Z	15576.00000	1554.81152	1537.84210	1524.81847
2025-09-04T12:24:51Z	15576.00000	1554.81124	1537.84204	1524.81844
2025-09-04T12:24:51Z	15576.00000	1554.81123	1537.84175	1524.81828
2025-09-04T12:24:51Z	15576.00000	1554.81140	1537.84162	1524.81823
2025-09-04T12:24:52Z	15577.00000	1554.81115	1537.84135	1524.81808
2025-09-04T12:24:52Z	15577.00000	1554.81015	1537.84114	1524.81795
2025-09-04T12:24:52Z	15577.00000	1554.80973	1537.84099	1524.81788
2025-09-04T12:24:52Z	15577.00000	1554.81044	1537.84087	1524.81771
2025-09-04T12:24:52Z	15577.00000	1554.81019	1537.84084	1524.81778
2025-09-04T12:24:52Z	15577.00000	1554.80997	1537.84068	1524.81776
2025-09-04T12:24:52Z	15577.00000	1554.80994	1537.84042	1524.81751
2025-09-04T12:24:52Z	15577.00000	1554.81002	1537.84033	1524.81773
2025-09-04T12:24:52Z	15577.00000	1554.80988	1537.84027	1524.81741
2025-09-04T12:24:52Z	15577.00000	1554.80950	1537.84006	1524.81750
2025-09-04T12:24:53Z	15578.00000	1554.80952	1537.83992	1524.81737
2025-09-04T12:24:53Z	15578.00000	1554.80974	1537.83990	1524.81729
2025-09-04T12:24:53Z	15578.00000	1554.80959	1537.83973	1524.81714
2025-09-04T12:24:53Z	15578.00000	1554.80893	1537.83958	1524.81711
2025-09-04T12:24:53Z	15578.00000	1554.80873	1537.83940	1524.81707
2025-09-04T12:24:53Z	15578.00000	1554.80895	1537.83937	1524.81698
2025-09-04T12:24:53Z	15578.00000	1554.80881	1537.83920	1524.81700
2025-09-04T12:24:53Z	15578.00000	1554.80848	1537.83926	1524.81698
2025-09-04T12:24:53Z	15578.00000	1554.80830	1537.83905	1524.81693
2025-09-04T12:24:54Z	15578.00000	1554.80841	1537.83890	1524.81686
2025-09-04T12:24:54Z	15579.00000	1554.80826	1537.83876	1524.81660
2025-09-04T12:24:54Z	15579.00000	1554.80790	1537.83877	1524.81664
2025-09-04T12:24:54Z	15579.00000	1554.80820	1537.83881	1524.81652
2025-09-04T12:24:54Z	15579.00000	1554.80819	1537.83847	1524.81658
2025-09-04T12:24:54Z	15579.00000	1554.80768	1537.83848	1524.81655
2025-09-04T12:24:54Z	15579.00000	1554.80790	1537.83827	1524.81629
2025-09-04T12:24:54Z	15579.00000	1554.80818	1537.83808	1524.81634
2025-09-04T12:24:54Z	15579.00000	1554.80751	1537.83796	1524.81642
2025-09-04T12:24:54Z	15579.00000	1554.80750	1537.83784	1524.81610
2025-09-04T12:24:54Z	15579.00000	1554.80739	1537.83785	1524.81620
2025-09-04T12:24:55Z	15580.00000	1554.80729	1537.83777	1524.81611
2025-09-04T12:24:55Z	15580.00000	1554.80700	1537.83763	1524.81596
2025-09-04T12:24:55Z	15580.00000	1554.80749	1537.83744	1524.81593
2025-09-04T12:24:55Z	15580.00000	1554.80738	1537.83754	1524.81582
2025-09-04T12:24:55Z	15580.00000	1554.80740	1537.83738	1524.81593
2025-09-04T12:24:55Z	15580.00000	1554.80685	1537.83732	1524.81570
2025-09-04T12:24:55Z	15580.00000	1554.80668	1537.83716	1524.81573
2025-09-04T12:24:55Z	15580.00000	1554.80694	1537.83708	1524.81565
2025-09-04T12:24:55Z	15580.00000	1554.80680	1537.83679	1524.81569
2025-09-04T12:24:55Z	15580.00000	1554.80659	1537.83684	1524.81570
2025-09-04T12:24:56Z	15581.00000	1554.80621	1537.83678	1524.81566
2025-09-04T12:24:56Z	15581.00000	1554.80627	1537.83672	1524.81552
2025-09-04T12:24:56Z	15581.00000	1554.80645	1537.83653	1524.81553
2025-09-04T12:24:56Z	15581.00000	1554.80636	1537.83671	1524.81536
2025-09-04T12:24:56Z	15581.00000	1554.80626	1537.83638	1524.81534
2025-09-04T12:24:56Z	15581.00000	1554.80599	1537.83620	1524.81536
2025-09-04T12:24:56Z	15581.00000	1554.80647	1537.83617	1524.81533
2025-09-04T12:24:56Z	15581.00000	1554.80622	1537.83606	1524.81529
2025-09-04T12:24:56Z	15581.00000	1554.80578	1537.83619	1524.81528
2025-09-04T12:24:56Z	15581.00000	1554.80570	1537.83598	1524.81496
2025-09-04T12:24:57Z	15582.00000	1554.80572	1537.83602	1524.81505
2025-09-04T12:24:57Z	15582.00000	1554.80547	1537.83585	1524.81514
2025-09-04T12:24:57Z	15582.00000	1554.80583	1537.83567	1524.81479
2025-09-04T12:24:57Z	15582.00000	1554.80546	1537.83551	1524.81497
2025-09-04T12:24:57Z	15582.00000	1554.80545	1537.83567	1524.81475
2025-09-04T12:24:57Z	15582.00000	1554.80575	1537.83547	1524.81476
2025-09-04T12:24:57Z	15582.00000	1554.80546	1537.83557	1524.81480
2025-09-04T12:24:57Z	15582.00000	1554.80543	1537.83558	1524.81484
2025-09-04T12:24:57Z	15582.00000	1554.80583	1537.83522	1524.81482
2025-09-04T12:24:57Z	15582.00000	1554.80511	1537.83506	1524.81443
2025-09-04T12:24:58Z	15583.00000	1554.80484	1537.83513	1524.81443
2025-09-04T12:24:58Z	15583.00000	1554.80497	1537.83499	1524.81440
2025-09-04T12:24:58Z	15583.00000	1554.80486	1537.83516	1524.81487
2025-09-04T12:24:58Z	15583.00000	1554.80484	1537.83481	1524.81457
2025-09-04T12:24:58Z	15583.00000	1554.80478	1537.83470	1524.81427
2025-09-04T12:24:58Z	15583.00000	1554.80482	1537.83491	1524.81434
2025-09-04T12:24:58Z	15583.00000	1554.80486	1537.83482	1524.81440
2025-09-04T12:24:58Z	15583.00000	1554.80476	1537.83456	1524.81443
2025-09-04T12:24:58Z	15583.00000	1554.80477	1537.83457	1524.81434
2025-09-04T12:24:58Z	15583.00000	1554.80453	1537.83437	1524.81433
2025-09-04T12:24:59Z	15584.00000	1554.80470	1537.83454	1524.81425
2025-09-04T12:24:59Z	15584.00000	1554.80474	1537.83425	1524.81417
2025-09-04T12:24:59Z	15584.00000	1554.80416	1537.83388	1524.81394
2025-09-04T12:24:59Z	15584.00000	1554.80414	1537.83404	1524.81391
2025-09-04T12:24:59Z	15584.00000	1554.80431	1537.83404	1524.81427
2025-09-04T12:24:59Z	15584.00000	1554.80387	1537.83419	1524.81428
2025-09-04T12:24:59Z	15584.00000	1554.80415	1537.83389	1524.81418
2025-09-04T12:24:59Z	15584.00000	1554.80390	1537.83398	1524.81406
2025-09-04T12:24:59Z	15584.00000	1554.80404	1537.83386	1524.81420
2025-09-04T12:24:59Z	15584.00000	1554.80430	1537.83409	1524.81417
2025-09-04T12:25:00Z	15585.00000	1554.80400	1537.83399	1524.81406
2025-09-04T12:25:00Z	15585.00000	1554.89560	1537.97483	1524.91018
2025-09-04T12:25:00Z	15585.00000	1555.15515	1538.32455	1525.12099
2025-09-04T12:25:00Z	15585.00000	1555.40864	1538.70612	1525.35298
2025-09-04T12:25:00Z	15585.00000	1555.66761	1539.04327	1525.55843
2025-09-04T12:25:00Z	15585.00000	1555.83928	1539.27536	1525.70113
2025-09-04T12:25:00Z	15585.00000	1556.01791	1539.53485	1525.85890
2025-09-04T12:25:00Z	15585.00000	1556.19303	1539.78545	1526.01546
2025-09-04T12:25:00Z	15585.00000	1556.36323	1540.03372	1526.16604
2025-09-04T12:25:00Z	15585.00000	1556.53008	1540.26814	1526.30916
2025-09-04T12:25:01Z	15586.00000	1556.70626	1540.52882	1526.46566
2025-09-04T12:25:01Z	15586.00000	1556.89273	1540.80485	1526.63094
2025-09-04T12:25:01Z	15586.00000	1557.05572	1541.03717	1526.76933
2025-09-04T12:25:01Z	15586.00000	1557.21285	1541.25358	1526.89815
2025-09-04T12:25:01Z	15586.00000	1557.38082	1541.49474	1527.03979
2025-09-04T12:25:01Z	15586.00000	1557.54462	1541.71764	1527.16814
2025-09-04T12:25:01Z	15586.00000	1557.70205	1541.92014	1527.29347
2025-09-04T12:25:01Z	15586.00000	1557.82283	1542.08554	1527.38989
2025-09-04T12:25:01Z	15586.00000	1557.93552	1542.26407	1527.49484
2025-09-04T12:25:02Z	15586.00000	1558.04092	1542.40283	1527.57789
2025-09-04T12:25:02Z	15587.00000	1558.11796	1542.51482	1527.64566
2025-09-04T12:25:02Z	15587.00000	1558.20816	1542.64304	1527.71878
2025-09-04T12:25:02Z	15587.00000	1558.30903	1542.77688	1527.80116
2025-09-04T12:25:02Z	15587.00000	1558.37637	1542.87990	1527.86316
2025-09-04T12:25:02Z	15587.00000	1558.42997	1542.96384	1527.91208
2025-09-04T12:25:02Z	15587.00000	1558.51294	1543.04957	1527.96381
2025-09-04T12:25:02Z	15587.00000	1558.55224	1543.13793	1528.01902
2025-09-04T12:25:02Z	15587.00000	1558.60006	1543.19772	1528.05535
2025-09-04T12:25:02Z	15587.00000	1558.65985	1543.26029	1528.09293
2025-09-04T12:25:02Z	15587.00000	1558.69526	1543.30363	1528.11997
2025-09-04T12:25:03Z	15588.00000	1558.71090	1543.34536	1528.14636
2025-09-04T12:25:03Z	15588.00000	1558.72515	1543.37972	1528.16807
2025-09-04T12:25:03Z	15588.00000	1558.74448	1543.40454	1528.18269
2025-09-04T12:25:03Z	15588.00000	1558.76687	1543.42834	1528.19660
2025-09-04T12:25:03Z	15588.00000	1558.78001	1543.44253	1528.20463
2025-09-04T12:25:03Z	15588.00000	1558.79527	1543.45899	1528.21395
2025-09-04T12:25:03Z	15588.00000	1558.80817	1543.47292	1528.22179
2025-09-04T12:25:03Z	15588.00000	1558.81721	1543.48299	1528.22734
2025-09-04T12:25:03Z	15588.00000	1558.82383	1543.49056	1528.23096
2025-09-04T12:25:03Z	15588.00000	1558.82981	1543.49678	1528.23487
2025-09-04T12:25:04Z	15589.00000	1556.76991	1540.63853	1526.51354
2025-09-04T12:25:04Z	15589.00000	1556.31900	1539.97793	1526.11746
2025-09-04T12:25:04Z	15589.00000	1556.04726	1539.63504	1525.90488
2025-09-04T12:25:04Z	15589.00000	1555.81912	1539.27331	1525.68670
2025-09-04T12:25:04Z	15589.00000	1555.64274	1539.02588	1525.53833
2025-09-04T12:25:04Z	15589.00000	1555.36665	1538.65989	1525.31882
2025-09-04T12:25:04Z	15589.00000	1555.21901	1538.45066	1525.19406
2025-09-04T12:25:04Z	15589.00000	1555.01060	1538.13006	1524.99723
2025-09-04T12:25:04Z	15589.00000	1554.84251	1537.89843	1524.84937
2025-09-04T12:25:04Z	15589.00000	1554.83420	1537.87696	1524.83635
2025-09-04T12:25:05Z	15590.00000	1554.83184	1537.87303	1524.83485
2025-09-04T12:25:05Z	15590.00000	1554.82896	1537.86774	1524.83226
2025-09-04T12:25:05Z	15590.00000	1554.82708	1537.86567	1524.83129
2025-09-04T12:25:05Z	15590.00000	1554.82708	1537.86441	1524.83033
2025-09-04T12:25:05Z	15590.00000	1554.82614	1537.86294	1524.82923
2025-09-04T12:25:05Z	15590.00000	1554.82477	1537.86147	1524.82877
2025-09-04T12:25:05Z	15590.00000	1554.82393	1537.85990	1524.82831
2025-09-04T12:25:05Z	15590.00000	1554.82297	1537.85850	1524.82762
2025-09-04T12:25:05Z	15590.00000	1554.82245	1537.85784	1524.82690
2025-09-04T12:25:06Z	15591.00000	1554.82058	1537.85587	1524.82605
2025-09-04T12:25:06Z	15591.00000	1554.82014	1537.85516	1524.82592
2025-09-04T12:25:06Z	15591.00000	1554.81988	1537.85488	1524.82553
2025-09-04T12:25:06Z	15591.00000	1554.81916	1537.85362	1524.82449
2025-09-04T12:25:06Z	15591.00000	1554.81884	1537.85323	1524.82444
2025-09-04T12:25:06Z	15591.00000	1554.81897	1537.85281	1524.82445
2025-09-04T12:25:06Z	15591.00000	1554.81970	1537.85221	1524.82425
2025-09-04T12:25:06Z	15591.00000	1554.81874	1537.85171	1524.82413
2025-09-04T12:25:06Z	15591.00000	1554.81835	1537.85122	1524.82367
2025-09-04T12:25:06Z	15591.00000	1554.81799	1537.85079	1524.82324
2025-09-04T12:25:07Z	15592.00000	1554.81784	1537.85031	1524.82296
2025-09-04T12:25:07Z	15592.00000	1554.81724	1537.84980	1524.82281
2025-09-04T12:25:07Z	15592.00000	1554.81703	1537.84922	1524.82260
2025-09-04T12:25:07Z	15592.00000	1554.81676	1537.84884	1524.82229
2025-09-04T12:25:07Z	15592.00000	1554.81569	1537.84876	1524.82201
2025-09-04T12:25:07Z	15592.00000	1554.81570	1537.84849	1524.82189
2025-09-04T12:25:07Z	15592.00000	1554.81526	1537.84797	1524.82184
2025-09-04T12:25:07Z	15592.00000	1554.81509	1537.84738	1524.82174
2025-09-04T12:25:07Z	15592.00000	1554.81466	1537.84737	1524.82131
2025-09-04T12:25:07Z	15592.00000	1554.81443	1537.84689	1524.82097
2025-09-04T12:25:08Z	15593.00000	1554.81447	1537.84640	1524.82096
2025-09-04T12:25:08Z	15593.00000	1554.81361	1537.84618	1524.82073
2025-09-04T12:25:08Z	15593.00000	1554.81328	1537.84576	1524.82068
2025-09-04T12:25:08Z	15593.00000	1554.81349	1537.84543	1524.82029
2025-09-04T12:25:08Z	15593.00000	1554.81343	1537.84535	1524.82027
2025-09-04T12:25:08Z	15593.00000	1554.81268	1537.84498	1524.82009
2025-09-04T12:25:08Z	15593.00000	1554.81287	1537.84478	1524.82002
2025-09-04T12:25:08Z	15593.00000	1554.81239	1537.84443	1524.81997
2025-09-04T12:25:08Z	15593.00000	1554.81223	1537.84432	1524.81968
2025-09-04T12:25:08Z	15593.00000	1554.81225	1537.84418	1524.81941
2025-09-04T12:25:09Z	15594.00000	1554.81213	1537.84381	1524.81941
2025-09-04T12:25:09Z	15594.00000	1554.81189	1537.84348	1524.81943
2025-09-04T12:25:09Z	15594.00000	1554.91094	1537.99101	1524.91801
2025-09-04T12:25:09Z	15594.00000	1555.19242	1538.40640	1525.17165
2025-09-04T12:25:09Z	15594.00000	1555.42242	1538.72232	1525.36281
2025-09-04T12:25:09Z	15594.00000	1555.64134	1539.01216	1525.53915
2025-09-04T12:25:09Z	15594.00000	1555.86127	1539.32714	1525.73362
2025-09-04T12:25:09Z	15594.00000	1556.03649	1539.58966	1525.89271
2025-09-04T12:25:09Z	15594.00000	1556.36717	1540.04763	1526.17359
2025-09-04T12:25:10Z	15595.00000	1556.55028	1540.32199	1526.34123
2025-09-04T12:25:10Z	15595.00000	1556.79152	1540.64085	1526.53186
2025-09-04T12:25:10Z	15595.00000	1556.95540	1540.87301	1526.67224
2025-09-04T12:25:10Z	15595.00000	1557.11391	1541.10603	1526.80823
2025-09-04T12:25:10Z	15595.00000	1557.29434	1541.35838	1526.95590
2025-09-04T12:25:10Z	15595.00000	1557.39841	1541.52542	1527.05724
2025-09-04T12:25:10Z	15595.00000	1557.54483	1541.71804	1527.16738
2025-09-04T12:25:10Z	15595.00000	1557.80494	1542.06684	1527.37848
2025-09-04T12:25:10Z	15595.00000	1557.92493	1542.25289	1527.48825
2025-09-04T12:25:11Z	15596.00000	1558.03905	1542.39752	1527.57468
2025-09-04T12:25:11Z	15596.00000	1558.17618	1542.57813	1527.68137
2025-09-04T12:25:11Z	15596.00000	1558.23609	1542.70147	1527.75446
2025-09-04T12:25:11Z	15596.00000	1558.36488	1542.84568	1527.84375
2025-09-04T12:25:11Z	15596.00000	1558.42113	1542.95266	1527.90622
2025-09-04T12:25:11Z	15596.00000	1558.48779	1543.02048	1527.94748
2025-09-04T12:25:11Z	15596.00000	1558.53562	1543.08674	1527.98834
2025-09-04T12:25:11Z	15596.00000	1558.57454	1543.16836	1528.03879
2025-09-04T12:25:11Z	15596.00000	1558.63349	1543.22914	1528.07486
2025-09-04T12:25:12Z	15596.00000	1558.69298	1543.29593	1528.11518
2025-09-04T12:25:12Z	15597.00000	1558.70682	1543.32984	1528.13672
2025-09-04T12:25:12Z	15597.00000	1558.72428	1543.36437	1528.15865
2025-09-04T12:25:12Z	15597.00000	1558.73960	1543.39431	1528.17676
2025-09-04T12:25:12Z	15597.00000	1558.76306	1543.41999	1528.19183
2025-09-04T12:25:12Z	15597.00000	1558.78366	1543.44106	1528.20374
2025-09-04T12:25:12Z	15597.00000	1558.79926	1543.45927	1528.21364
2025-09-04T12:25:12Z	15597.00000	1558.81758	1543.47855	1528.22469
2025-09-04T12:25:12Z	15597.00000	1558.83011	1543.49232	1528.23204
2025-09-04T12:25:12Z	15597.00000	1558.83708	1543.50090	1528.23668
2025-09-04T12:25:12Z	15597.00000	1558.84531	1543.50963	1528.24162
2025-09-04T12:25:13Z	15598.00000	1558.85301	1543.51941	1528.24704
2025-09-04T12:25:13Z	15598.00000	1556.71377	1540.57956	1526.47567
2025-09-04T12:25:13Z	15598.00000	1556.26801	1539.92716	1526.08510
2025-09-04T12:25:13Z	15598.00000	1556.03285	1539.60175	1525.88469
2025-09-04T12:25:13Z	15598.00000	1555.78805	1539.23814	1525.66640
2025-09-04T12:25:13Z	15598.00000	1555.53982	1538.90752	1525.46695
2025-09-04T12:25:13Z	15598.00000	1555.38254	1538.68431	1525.33356
2025-09-04T12:25:13Z	15598.00000	1555.20210	1538.42858	1525.18029
2025-09-04T12:25:13Z	15598.00000	1555.01768	1538.15054	1525.01014
2025-09-04T12:25:13Z	15598.00000	1554.85560	1537.93315	1524.87275
2025-09-04T12:25:14Z	15599.00000	1554.83220	1537.87453	1524.83551
2025-09-04T12:25:14Z	15599.00000	1554.82939	1537.87190	1524.83455
2025-09-04T12:25:14Z	15599.00000	1554.83004	1537.86984	1524.83349
2025-09-04T12:25:14Z	15599.00000	1554.82814	1537.86618	1524.83189
2025-09-04T12:25:14Z	15599.00000	1554.82712	1537.86480	1524.83154
2025-09-04T12:25:14Z	15599.00000	1554.82387	1537.86213	1524.83016
2025-09-04T12:25:14Z	15599.00000	1554.82516	1537.86134	1524.82903
2025-09-04T12:25:15Z	15600.00000	1554.82448	1537.86047	1524.82881
2025-09-04T12:25:15Z	15600.00000	1554.82355	1537.85925	1524.82852
2025-09-04T12:25:15Z	15600.00000	1554.82349	1537.85841	1524.82823
2025-09-04T12:25:15Z	15600.00000	1554.82260	1537.85764	1524.82742
2025-09-04T12:25:15Z	15600.00000	1554.82089	1537.85656	1524.82673
2025-09-04T12:25:15Z	15600.00000	1554.82079	1537.85601	1524.82668
2025-09-04T12:25:15Z	15600.00000	1554.82048	1537.85546	1524.82627
2025-09-04T12:25:15Z	15600.00000	1554.82019	1537.85506	1524.82634
2025-09-04T12:25:15Z	15600.00000	1554.81996	1537.85448	1524.82599
2025-09-04T12:25:15Z	15600.00000	1554.81986	1537.85409	1524.82564
2025-09-04T12:25:16Z	15601.00000	1554.81986	1537.85341	1524.82531
2025-09-04T12:25:16Z	15601.00000	1554.81898	1537.85292	1524.82502
2025-09-04T12:25:16Z	15601.00000	1554.81929	1537.85219	1524.82451
2025-09-04T12:25:16Z	15601.00000	1554.81932	1537.85161	1524.82420
2025-09-04T12:25:16Z	15601.00000	1554.81836	1537.85127	1524.82412
2025-09-04T12:25:16Z	15601.00000	1554.81842	1537.85085	1524.82390
2025-09-04T12:25:16Z	15601.00000	1554.81764	1537.85041	1524.82372
2025-09-04T12:25:16Z	15601.00000	1554.81761	1537.85006	1524.82332
2025-09-04T12:25:17Z	15601.00000	1554.81709	1537.84963	1524.82310
2025-09-04T12:25:17Z	15602.00000	1554.81641	1537.84910	1524.82314
2025-09-04T12:25:17Z	15602.00000	1554.81612	1537.84882	1524.82278
2025-09-04T12:25:17Z	15602.00000	1554.81579	1537.84825	1524.82246
2025-09-04T12:25:17Z	15602.00000	1554.81535	1537.84770	1524.82230
2025-09-04T12:25:17Z	15602.00000	1554.81523	1537.84738	1524.82187
2025-09-04T12:25:17Z	15602.00000	1554.81491	1537.84722	1524.82184
2025-09-04T12:25:17Z	15602.00000	1554.81458	1537.84690	1524.82160
2025-09-04T12:25:18Z	15603.00000	1554.81434	1537.84641	1524.82149
2025-09-04T12:25:18Z	15603.00000	1554.81373	1537.84630	1524.82148
2025-09-04T12:25:18Z	15603.00000	1555.08743	1538.25074	1525.07225
2025-09-04T12:25:18Z	15603.00000	1555.39505	1538.69206	1525.34734
2025-09-04T12:25:18Z	15603.00000	1555.57301	1538.93794	1525.49448
2025-09-04T12:25:18Z	15603.00000	1555.93878	1539.43472	1525.80160
2025-09-04T12:25:18Z	15603.00000	1556.16595	1539.73739	1525.98560
2025-09-04T12:25:18Z	15603.00000	1556.51123	1540.22973	1526.28466
2025-09-04T12:25:19Z	15604.00000	1556.67106	1540.45786	1526.42117
2025-09-04T12:25:19Z	15604.00000	1556.83482	1540.68856	1526.56020
2025-09-04T12:25:19Z	15604.00000	1557.02458	1540.95654	1526.72204
2025-09-04T12:25:19Z	15604.00000	1557.35864	1541.43292	1527.00193
2025-09-04T12:25:19Z	15604.00000	1557.50227	1541.63265	1527.11989
2025-09-04T12:25:19Z	15604.00000	1557.62426	1541.81756	1527.23155
2025-09-04T12:25:19Z	15604.00000	1557.73721	1541.99545	1527.33717
2025-09-04T12:25:19Z	15604.00000	1557.88242	1542.18996	1527.45301
2025-09-04T12:25:20Z	15604.00000	1558.04017	1542.39768	1527.57644
2025-09-04T12:25:20Z	15605.00000	1558.19725	1542.60588	1527.69830
2025-09-04T12:25:20Z	15605.00000	1558.32240	1542.78493	1527.80793
2025-09-04T12:25:20Z	15605.00000	1558.38688	1542.90331	1527.87845
2025-09-04T12:25:20Z	15605.00000	1558.45106	1542.97814	1527.92302
2025-09-04T12:25:20Z	15605.00000	1558.55696	1543.13913	1528.02199
2025-09-04T12:25:20Z	15605.00000	1558.62483	1543.21538	1528.06769
2025-09-04T12:25:20Z	15605.00000	1558.67792	1543.27273	1528.10186
2025-09-04T12:25:21Z	15606.00000	1558.72033	1543.36036	1528.15711
2025-09-04T12:25:21Z	15606.00000	1558.74548	1543.39434	1528.17739
2025-09-04T12:25:21Z	15606.00000	1558.78043	1543.43139	1528.19916
2025-09-04T12:25:21Z	15606.00000	1558.81888	1543.47386	1528.22277
2025-09-04T12:25:21Z	15606.00000	1558.83594	1543.49237	1528.23285
2025-09-04T12:25:21Z	15606.00000	1558.84513	1543.50532	1528.24002
2025-09-04T12:25:21Z	15606.00000	1558.86113	1543.52624	1528.25141
2025-09-04T12:25:21Z	15606.00000	1558.86515	1543.53519	1528.25644
2025-09-04T12:25:22Z	15607.00000	1558.33918	1542.79554	1527.82944
2025-09-04T12:25:22Z	15607.00000	1556.41830	1540.15284	1526.21693
2025-09-04T12:25:22Z	15607.00000	1556.17147	1539.77368	1525.99120
2025-09-04T12:25:22Z	15607.00000	1555.89787	1539.40614	1525.77232
2025-09-04T12:25:22Z	15607.00000	1555.67216	1539.06122	1525.55937
2025-09-04T12:25:22Z	15607.00000	1555.47627	1538.79010	1525.39543
2025-09-04T12:25:22Z	15607.00000	1555.21332	1538.44605	1525.19073
2025-09-04T12:25:22Z	15607.00000	1554.95769	1538.05517	1524.95135
2025-09-04T12:25:22Z	15607.00000	1554.83279	1537.88032	1524.83842
2025-09-04T12:25:23Z	15608.00000	1554.83381	1537.87570	1524.83706
2025-09-04T12:25:23Z	15608.00000	1554.83217	1537.87305	1524.83592
2025-09-04T12:25:23Z	15608.00000	1554.83138	1537.87088	1524.83479
2025-09-04T12:25:23Z	15608.00000	1554.82951	1537.86865	1524.83368
2025-09-04T12:25:23Z	15608.00000	1554.82894	1537.86693	1524.83312
2025-09-04T12:25:23Z	15608.00000	1554.82697	1537.86548	1524.83236
2025-09-04T12:25:23Z	15608.00000	1554.82630	1537.86348	1524.83097
2025-09-04T12:25:24Z	15609.00000	1554.82512	1537.86127	1524.82987
2025-09-04T12:25:24Z	15609.00000	1554.82447	1537.86047	1524.82966
2025-09-04T12:25:24Z	15609.00000	1554.82423	1537.85972	1524.82947
2025-09-04T12:25:24Z	15609.00000	1554.82388	1537.85915	1524.82889
2025-09-04T12:25:24Z	15609.00000	1554.82266	1537.85797	1524.82825
2025-09-04T12:25:24Z	15609.00000	1554.82258	1537.85711	1524.82771
2025-09-04T12:25:24Z	15609.00000	1554.82233	1537.85656	1524.82729
2025-09-04T12:25:24Z	15609.00000	1554.82078	1537.85597	1524.82724
2025-09-04T12:25:25Z	15610.00000	1554.81984	1537.85469	1524.82636
2025-09-04T12:25:25Z	15610.00000	1554.81985	1537.85436	1524.82621
2025-09-04T12:25:25Z	15610.00000	1554.82034	1537.85397	1524.82607
2025-09-04T12:25:25Z	15610.00000	1554.81985	1537.85348	1524.82561
2025-09-04T12:25:25Z	15610.00000	1554.81940	1537.85291	1524.82533
2025-09-04T12:25:25Z	15610.00000	1554.81927	1537.85253	1524.82519
2025-09-04T12:25:25Z	15610.00000	1554.81908	1537.85214	1524.82496
2025-09-04T12:25:25Z	15610.00000	1554.81885	1537.85177	1524.82474
2025-09-04T12:25:25Z	15610.00000	1554.81874	1537.85131	1524.82456
2025-09-04T12:25:26Z	15610.00000	1554.81856	1537.85095	1524.82428
2025-09-04T12:25:26Z	15611.00000	1554.81812	1537.85042	1524.82405
2025-09-04T12:25:26Z	15611.00000	1554.81775	1537.85002	1524.82393
2025-09-04T12:25:26Z	15611.00000	1554.81659	1537.84982	1524.82391
2025-09-04T12:25:26Z	15611.00000	1554.81723	1537.84951	1524.82343
2025-09-04T12:25:26Z	15611.00000	1554.81613	1537.84880	1524.82319
2025-09-04T12:25:26Z	15611.00000	1554.81674	1537.84864	1524.82318
2025-09-04T12:25:26Z	15611.00000	1554.81553	1537.84820	1524.82290
2025-09-04T12:25:26Z	15611.00000	1554.81571	1537.84801	1524.82276
2025-09-04T12:25:27Z	15612.00000	1554.81494	1537.84761	1524.82251
2025-09-04T12:25:27Z	15612.00000	1555.00228	1538.10472	1524.98566
2025-09-04T12:25:27Z	15612.00000	1555.41674	1538.71576	1525.36097
2025-09-04T12:25:27Z	15612.00000	1555.67943	1539.06127	1525.57101
2025-09-04T12:25:27Z	15612.00000	1555.88903	1539.37975	1525.77050
2025-09-04T12:25:27Z	15612.00000	1556.22042	1539.85119	1526.05828
2025-09-04T12:25:27Z	15612.00000	1556.38953	1540.09410	1526.20210
2025-09-04T12:25:28Z	15613.00000	1556.74533	1540.58953	1526.50290
2025-09-04T12:25:28Z	15613.00000	1556.93999	1540.85532	1526.66303
2025-09-04T12:25:28Z	15613.00000	1557.10102	1541.08953	1526.80003
2025-09-04T12:25:28Z	15613.00000	1557.28719	1541.34769	1526.95187
2025-09-04T12:25:28Z	15613.00000	1557.42847	1541.55308	1527.07680
2025-09-04T12:25:28Z	15613.00000	1557.56070	1541.74847	1527.18911
2025-09-04T12:25:28Z	15613.00000	1557.71561	1541.95834	1527.31714
2025-09-04T12:25:28Z	15613.00000	1557.86101	1542.12679	1527.41704
2025-09-04T12:25:28Z	15613.00000	1557.96207	1542.28583	1527.51011
2025-09-04T12:25:28Z	15613.00000	1558.05348	1542.43130	1527.59864
2025-09-04T12:25:29Z	15614.00000	1558.19164	1542.59202	1527.69173
2025-09-04T12:25:29Z	15614.00000	1558.25964	1542.71856	1527.76727
2025-09-04T12:25:29Z	15614.00000	1558.36860	1542.84663	1527.84680
2025-09-04T12:25:29Z	15614.00000	1558.40838	1542.93066	1527.89560
2025-09-04T12:25:29Z	15614.00000	1558.50829	1543.03344	1527.95734
2025-09-04T12:25:29Z	15614.00000	1558.54779	1543.11440	1528.00723
2025-09-04T12:25:29Z	15614.00000	1558.59902	1543.18459	1528.05020
2025-09-04T12:25:29Z	15614.00000	1558.66784	1543.25690	1528.09315
2025-09-04T12:25:29Z	15614.00000	1558.70238	1543.30844	1528.12484
2025-09-04T12:25:30Z	15614.00000	1558.72414	1543.36439	1528.16018
2025-09-04T12:25:30Z	15615.00000	1558.76256	1543.40907	1528.18720
2025-09-04T12:25:30Z	15615.00000	1558.78844	1543.43640	1528.20279
2025-09-04T12:25:30Z	15615.00000	1558.82063	1543.47252	1528.22249
2025-09-04T12:25:30Z	15615.00000	1558.83851	1543.49238	1528.23308
2025-09-04T12:25:30Z	15615.00000	1558.85755	1543.51686	1528.24667
2025-09-04T12:25:30Z	15615.00000	1558.86374	1543.52880	1528.25321
2025-09-04T12:25:31Z	15615.00000	1558.87015	1543.54603	1528.26289
2025-09-04T12:25:31Z	15616.00000	1556.73352	1540.59409	1526.49075
2025-09-04T12:25:31Z	15616.00000	1556.29444	1539.95582	1526.10213
2025-09-04T12:25:31Z	15616.00000	1556.04069	1539.62254	1525.89842
2025-09-04T12:25:31Z	15616.00000	1555.86429	1539.34868	1525.73714
2025-09-04T12:25:31Z	15616.00000	1555.63070	1539.01423	1525.53201
2025-09-04T12:25:31Z	15616.00000	1555.34330	1538.59773	1525.28202
2025-09-04T12:25:31Z	15616.00000	1555.13528	1538.30609	1525.10418
2025-09-04T12:25:31Z	15616.00000	1554.97466	1538.07504	1524.96356
2025-09-04T12:25:31Z	15616.00000	1554.84029	1537.89134	1524.84361
2025-09-04T12:25:32Z	15617.00000	1554.83463	1537.87817	1524.83865
2025-09-04T12:25:32Z	15617.00000	1554.83354	1537.87551	1524.83757
2025-09-04T12:25:32Z	15617.00000	1554.83222	1537.87267	1524.83590
2025-09-04T12:25:32Z	15617.00000	1554.82991	1537.86881	1524.83432
2025-09-04T12:25:32Z	15617.00000	1554.82950	1537.86723	1524.83346
2025-09-04T12:25:32Z	15617.00000	1554.82867	1537.86606	1524.83285
2025-09-04T12:25:32Z	15617.00000	1554.82718	1537.86499	1524.83255
2025-09-04T12:25:32Z	15617.00000	1554.82714	1537.86437	1524.83160
2025-09-04T12:25:32Z	15617.00000	1554.82437	1537.86322	1524.83099
2025-09-04T12:25:33Z	15618.00000	1554.82388	1537.86201	1524.83068
2025-09-04T12:25:33Z	15618.00000	1554.82312	1537.86131	1524.83031
2025-09-04T12:25:33Z	15618.00000	1554.82444	1537.86033	1524.82985
2025-09-04T12:25:33Z	15618.00000	1554.82361	1537.85902	1524.82880
2025-09-04T12:25:33Z	15618.00000	1554.82320	1537.85900	1524.82873
2025-09-04T12:25:33Z	15618.00000	1554.82181	1537.85843	1524.82859
2025-09-04T12:25:33Z	15618.00000	1554.82260	1537.85776	1524.82834
2025-09-04T12:25:33Z	15618.00000	1554.82241	1537.85707	1524.82805
2025-09-04T12:25:33Z	15618.00000	1554.82067	1537.85607	1524.82741
2025-09-04T12:25:34Z	15619.00000	1554.82054	1537.85555	1524.82692
2025-09-04T12:25:34Z	15619.00000	1554.82022	1537.85494	1524.82681
2025-09-04T12:25:34Z	15619.00000	1554.81993	1537.85475	1524.82670
2025-09-04T12:25:34Z	15619.00000	1554.82072	1537.85416	1524.82652
2025-09-04T12:25:34Z	15619.00000	1554.81966	1537.85379	1524.82606
2025-09-04T12:25:34Z	15619.00000	1554.82026	1537.85336	1524.82596
2025-09-04T12:25:34Z	15619.00000	1554.81954	1537.85299	1524.82565
2025-09-04T12:25:34Z	15619.00000	1554.81940	1537.85247	1524.82528
2025-09-04T12:25:34Z	15619.00000	1554.81915	1537.85231	1524.82530
2025-09-04T12:25:35Z	15619.00000	1554.81897	1537.85175	1524.82499
2025-09-04T12:25:35Z	15620.00000	1554.81821	1537.85161	1524.82494
2025-09-04T12:25:35Z	15620.00000	1554.81845	1537.85125	1524.82496
2025-09-04T12:25:35Z	15620.00000	1554.81816	1537.85076	1524.82450
2025-09-04T12:25:35Z	15620.00000	1554.81774	1537.85038	1524.82438
2025-09-04T12:25:35Z	15620.00000	1554.81716	1537.85002	1524.82434
2025-09-04T12:25:35Z	15620.00000	1554.81732	1537.84980	1524.82398
2025-09-04T12:25:35Z	15620.00000	1554.81713	1537.84961	1524.82387
2025-09-04T12:25:35Z	15620.00000	1554.81682	1537.84931	1524.82364
2025-09-04T12:25:35Z	15620.00000	1554.81620	1537.84884	1524.82356
2025-09-04T12:25:35Z	15620.00000	1554.81571	1537.84868	1524.82350
2025-09-04T12:25:36Z	15621.00000	1554.81588	1537.84846	1524.82328
2025-09-04T12:25:36Z	15621.00000	1554.81560	1537.84823	1524.82308
2025-09-04T12:25:36Z	15621.00000	1554.96656	1538.05648	1524.95555
2025-09-04T12:25:36Z	15621.00000	1555.19295	1538.40567	1525.17141
2025-09-04T12:25:36Z	15621.00000	1555.52701	1538.87095	1525.45684
2025-09-04T12:25:36Z	15621.00000	1555.69494	1539.10574	1525.59816
2025-09-04T12:25:36Z	15621.00000	1555.88813	1539.37556	1525.76817
2025-09-04T12:25:36Z	15621.00000	1556.11321	1539.68238	1525.95318
2025-09-04T12:25:36Z	15621.00000	1556.32536	1539.96619	1526.12926
2025-09-04T12:25:36Z	15621.00000	1556.49653	1540.21138	1526.27401
2025-09-04T12:25:37Z	15622.00000	1556.62099	1540.40219	1526.38878
2025-09-04T12:25:37Z	15622.00000	1556.77837	1540.62501	1526.52442
2025-09-04T12:25:37Z	15622.00000	1556.97156	1540.89019	1526.68390
2025-09-04T12:25:37Z	15622.00000	1557.12328	1541.11380	1526.81455
2025-09-04T12:25:37Z	15622.00000	1557.30986	1541.37241	1526.96647
2025-09-04T12:25:37Z	15622.00000	1557.45043	1541.57544	1527.08982
2025-09-04T12:25:37Z	15622.00000	1557.58051	1541.77050	1527.20327
2025-09-04T12:25:37Z	15622.00000	1557.72763	1541.98150	1527.33027
2025-09-04T12:25:37Z	15622.00000	1557.86964	1542.14992	1527.43087
2025-09-04T12:25:37Z	15622.00000	1557.98351	1542.30801	1527.52321
2025-09-04T12:25:38Z	15623.00000	1558.08900	1542.47625	1527.62661
2025-09-04T12:25:38Z	15623.00000	1558.20113	1542.61270	1527.70388
2025-09-04T12:25:38Z	15623.00000	1558.27905	1542.73719	1527.77940
2025-09-04T12:25:38Z	15623.00000	1558.37413	1542.86337	1527.85638
2025-09-04T12:25:38Z	15623.00000	1558.45310	1542.97653	1527.92302
2025-09-04T12:25:38Z	15623.00000	1558.53472	1543.07565	1527.98360
2025-09-04T12:25:38Z	15623.00000	1558.55847	1543.13821	1528.02247
2025-09-04T12:25:38Z	15623.00000	1558.62183	1543.20679	1528.06370
2025-09-04T12:25:38Z	15623.00000	1558.67688	1543.26751	1528.09978
2025-09-04T12:25:38Z	15623.00000	1558.70857	1543.32510	1528.13559
2025-09-04T12:25:39Z	15624.00000	1558.72553	1543.36617	1528.16153
2025-09-04T12:25:39Z	15624.00000	1558.75548	1543.40143	1528.18256
2025-09-04T12:25:39Z	15624.00000	1558.78370	1543.43095	1528.19945
2025-09-04T12:25:39Z	15624.00000	1558.81138	1543.46242	1528.21709
2025-09-04T12:25:39Z	15624.00000	1558.83156	1543.48432	1528.22915
2025-09-04T12:25:39Z	15624.00000	1558.84662	1543.50174	1528.23845
2025-09-04T12:25:39Z	15624.00000	1558.85329	1543.51402	1528.24530
2025-09-04T12:25:39Z	15624.00000	1558.86125	1543.52307	1528.25027
2025-09-04T12:25:39Z	15624.00000	1558.86627	1543.53439	1528.25629
2025-09-04T12:25:39Z	15624.00000	1558.86879	1543.54073	1528.26010
2025-09-04T12:25:40Z	15625.00000	1558.87140	1543.54831	1528.26410
2025-09-04T12:25:40Z	15625.00000	1556.61932	1540.42663	1526.38355
2025-09-04T12:25:40Z	15625.00000	1556.24930	1539.90539	1526.07478
2025-09-04T12:25:40Z	15625.00000	1555.99894	1539.52013	1525.83933
2025-09-04T12:25:40Z	15625.00000	1555.77495	1539.22112	1525.65722
2025-09-04T12:25:40Z	15625.00000	1555.56714	1538.94076	1525.48837
2025-09-04T12:25:40Z	15625.00000	1555.35500	1538.62964	1525.30251
2025-09-04T12:25:40Z	15625.00000	1555.17920	1538.37091	1525.14637
2025-09-04T12:25:40Z	15625.00000	1555.01318	1538.13837	1525.00314
2025-09-04T12:25:40Z	15625.00000	1554.85154	1537.92374	1524.86805
2025-09-04T12:25:41Z	15626.00000	1554.83456	1537.87948	1524.83773
2025-09-04T12:25:41Z	15626.00000	1554.83383	1537.87765	1524.83820
2025-09-04T12:25:41Z	15626.00000	1554.83336	1537.87554	1524.83817
2025-09-04T12:25:41Z	15626.00000	1554.83083	1537.87308	1524.83637
2025-09-04T12:25:41Z	15626.00000	1554.83124	1537.87121	1524.83539
2025-09-04T12:25:41Z	15626.00000	1554.82990	1537.86933	1524.83495
2025-09-04T12:25:41Z	15626.00000	1554.82942	1537.86764	1524.83415
2025-09-04T12:25:41Z	15626.00000	1554.82780	1537.86667	1524.83356
2025-09-04T12:25:41Z	15626.00000	1554.82756	1537.86545	1524.83282
2025-09-04T12:25:41Z	15626.00000	1554.82740	1537.86464	1524.83205
2025-09-04T12:25:42Z	15627.00000	1554.82640	1537.86348	1524.83135
2025-09-04T12:25:42Z	15627.00000	1554.82547	1537.86240	1524.83106
2025-09-04T12:25:42Z	15627.00000	1554.82565	1537.86167	1524.83100
2025-09-04T12:25:42Z	15627.00000	1554.82325	1537.86102	1524.83038
2025-09-04T12:25:42Z	15627.00000	1554.82384	1537.86002	1524.82975
2025-09-04T12:25:42Z	15627.00000	1554.82380	1537.85932	1524.82927
2025-09-04T12:25:42Z	15627.00000	1554.82373	1537.85905	1524.82937
2025-09-04T12:25:42Z	15627.00000	1554.82319	1537.85855	1524.82905
2025-09-04T12:25:42Z	15627.00000	1554.82276	1537.85792	1524.82880
2025-09-04T12:25:42Z	15627.00000	1554.82250	1537.85716	1524.82835
2025-09-04T12:25:43Z	15628.00000	1554.82109	1537.85677	1524.82798
2025-09-04T12:25:43Z	15628.00000	1554.82076	1537.85609	1524.82782
2025-09-04T12:25:43Z	15628.00000	1554.82058	1537.85577	1524.82749
2025-09-04T12:25:43Z	15628.00000	1554.82117	1537.85527	1524.82722
2025-09-04T12:25:43Z	15628.00000	1554.82094	1537.85495	1524.82706
2025-09-04T12:25:43Z	15628.00000	1554.82066	1537.85418	1524.82684
2025-09-04T12:25:43Z	15628.00000	1554.81953	1537.85392	1524.82651
2025-09-04T12:25:43Z	15628.00000	1554.82005	1537.85348	1524.82635
2025-09-04T12:25:43Z	15628.00000	1554.81955	1537.85327	1524.82604
2025-09-04T12:25:43Z	15628.00000	1554.81945	1537.85262	1524.82577
2025-09-04T12:25:44Z	15629.00000	1554.81891	1537.85236	1524.82563
2025-09-04T12:25:44Z	15629.00000	1554.81890	1537.85213	1524.82561
2025-09-04T12:25:44Z	15629.00000	1554.81883	1537.85191	1524.82529
2025-09-04T12:25:44Z	15629.00000	1554.81854	1537.85142	1524.82510
2025-09-04T12:25:44Z	15629.00000	1554.81792	1537.85113	1524.82492
2025-09-04T12:25:44Z	15629.00000	1554.81788	1537.85079	1524.82480
2025-09-04T12:25:44Z	15629.00000	1554.81778	1537.85021	1524.82465
2025-09-04T12:25:44Z	15629.00000	1554.81719	1537.85019	1524.82446
2025-09-04T12:25:44Z	15629.00000	1554.81710	1537.84984	1524.82422
2025-09-04T12:25:44Z	15629.00000	1554.81615	1537.84938	1524.82400
2025-09-04T12:25:45Z	15630.00000	1554.81641	1537.84914	1524.82395
2025-09-04T12:25:45Z	15630.00000	1554.81774	1537.85172	1524.82544
2025-09-04T12:25:45Z	15630.00000	1555.12759	1538.29538	1525.10190
2025-09-04T12:25:45Z	15630.00000	1555.33110	1538.57477	1525.27775
2025-09-04T12:25:45Z	15630.00000	1555.53170	1538.88244	1525.46346
2025-09-04T12:25:45Z	15630.00000	1555.82170	1539.25445	1525.69253
2025-09-04T12:25:45Z	15630.00000	1555.97360	1539.47486	1525.82798
2025-09-04T12:25:45Z	15630.00000	1556.16432	1539.73555	1525.98674
2025-09-04T12:25:45Z	15630.00000	1556.37177	1540.06054	1526.18347
2025-09-04T12:25:46Z	15630.00000	1556.56254	1540.33721	1526.35198
2025-09-04T12:25:46Z	15631.00000	1556.75272	1540.59682	1526.50812
2025-09-04T12:25:46Z	15631.00000	1556.91468	1540.82831	1526.64663
2025-09-04T12:25:46Z	15631.00000	1557.04433	1541.01084	1526.75493
2025-09-04T12:25:46Z	15631.00000	1557.22472	1541.27623	1526.91165
2025-09-04T12:25:46Z	15631.00000	1557.36821	1541.45422	1527.01699
2025-09-04T12:25:46Z	15631.00000	1557.54876	1541.72527	1527.17493
2025-09-04T12:25:46Z	15631.00000	1557.71869	1541.96510	1527.32162
2025-09-04T12:25:46Z	15631.00000	1557.87420	1542.16310	1527.43908
2025-09-04T12:25:46Z	15631.00000	1558.01623	1542.34341	1527.54481
2025-09-04T12:25:47Z	15632.00000	1558.20404	1542.62067	1527.70918
2025-09-04T12:25:47Z	15632.00000	1558.30620	1542.76457	1527.79692
2025-09-04T12:25:47Z	15632.00000	1558.44595	1542.96828	1527.91840
2025-09-04T12:25:47Z	15632.00000	1558.53265	1543.06966	1527.98009
2025-09-04T12:25:47Z	15632.00000	1558.57442	1543.15823	1528.03501
2025-09-04T12:25:47Z	15632.00000	1558.65851	1543.24566	1528.08665
2025-09-04T12:25:47Z	15632.00000	1558.70020	1543.30105	1528.12052
2025-09-04T12:25:47Z	15632.00000	1558.71657	1543.34683	1528.14980
2025-09-04T12:25:48Z	15633.00000	1558.74060	1543.38414	1528.17272
2025-09-04T12:25:48Z	15633.00000	1558.78688	1543.43425	1528.20172
2025-09-04T12:25:48Z	15633.00000	1558.80559	1543.45437	1528.21281
2025-09-04T12:25:48Z	15633.00000	1558.82102	1543.47209	1528.22250
2025-09-04T12:25:48Z	15633.00000	1558.83738	1543.48986	1528.23160
2025-09-04T12:25:48Z	15633.00000	1558.85103	1543.50665	1528.24133
2025-09-04T12:25:48Z	15633.00000	1558.85898	1543.51825	1528.24773
2025-09-04T12:25:48Z	15633.00000	1558.86469	1543.52967	1528.25391
2025-09-04T12:25:48Z	15633.00000	1558.86860	1543.53989	1528.25944
2025-09-04T12:25:49Z	15633.00000	1558.87127	1543.54849	1528.26453
2025-09-04T12:25:49Z	15634.00000	1556.74558	1540.61250	1526.50227
2025-09-04T12:25:49Z	15634.00000	1556.38548	1540.10336	1526.19184
2025-09-04T12:25:49Z	15634.00000	1556.14476	1539.73646	1525.96867
2025-09-04T12:25:49Z	15634.00000	1555.87011	1539.36399	1525.74929
2025-09-04T12:25:49Z	15634.00000	1555.69698	1539.12755	1525.59871
2025-09-04T12:25:49Z	15634.00000	1555.44881	1538.76080	1525.37918
2025-09-04T12:25:49Z	15634.00000	1555.19255	1538.40783	1525.16987
2025-09-04T12:25:49Z	15634.00000	1555.02862	1538.17754	1525.02743
2025-09-04T12:25:49Z	15634.00000	1554.86935	1537.95280	1524.88730
2025-09-04T12:25:50Z	15634.00000	1554.83657	1537.88365	1524.84301
2025-09-04T12:25:50Z	15635.00000	1554.83541	1537.88026	1524.84099
2025-09-04T12:25:50Z	15635.00000	1554.83439	1537.87794	1524.83984
2025-09-04T12:25:50Z	15635.00000	1554.83320	1537.87489	1524.83811
2025-09-04T12:25:50Z	15635.00000	1554.83182	1537.87246	1524.83687
2025-09-04T12:25:50Z	15635.00000	1554.82917	1537.87052	1524.83594
2025-09-04T12:25:50Z	15635.00000	1554.83036	1537.86946	1524.83547
2025-09-04T12:25:50Z	15635.00000	1554.82960	1537.86805	1524.83485
2025-09-04T12:25:50Z	15635.00000	1554.82909	1537.86662	1524.83417
2025-09-04T12:25:50Z	15635.00000	1554.82804	1537.86567	1524.83349
2025-09-04T12:25:50Z	15635.00000	1554.82767	1537.86482	1524.83295
2025-09-04T12:25:51Z	15636.00000	1554.82482	1537.86393	1524.83233
2025-09-04T12:25:51Z	15636.00000	1554.82593	1537.86324	1524.83199
2025-09-04T12:25:51Z	15636.00000	1554.82404	1537.86226	1524.83168
2025-09-04T12:25:51Z	15636.00000	1554.82557	1537.86145	1524.83143
2025-09-04T12:25:51Z	15636.00000	1554.82463	1537.86062	1524.83091
2025-09-04T12:25:51Z	15636.00000	1554.82447	1537.86006	1524.83039
2025-09-04T12:25:51Z	15636.00000	1554.82405	1537.85927	1524.83013
2025-09-04T12:25:51Z	15636.00000	1554.82362	1537.85878	1524.82987
2025-09-04T12:25:51Z	15636.00000	1554.82296	1537.85821	1524.82962
2025-09-04T12:25:52Z	15636.00000	1554.82179	1537.85736	1524.82932
2025-09-04T12:25:52Z	15637.00000	1554.82136	1537.85712	1524.82903
2025-09-04T12:25:52Z	15637.00000	1554.82132	1537.85649	1524.82857
2025-09-04T12:25:52Z	15637.00000	1554.82071	1537.85575	1524.82834
2025-09-04T12:25:52Z	15637.00000	1554.82060	1537.85565	1524.82813
2025-09-04T12:25:52Z	15637.00000	1554.82032	1537.85523	1524.82779
2025-09-04T12:25:52Z	15637.00000	1554.82023	1537.85475	1524.82759
2025-09-04T12:25:52Z	15637.00000	1554.82086	1537.85440	1524.82757
2025-09-04T12:25:52Z	15637.00000	1554.81946	1537.85395	1524.82723
2025-09-04T12:25:52Z	15637.00000	1554.82026	1537.85362	1524.82706
2025-09-04T12:25:52Z	15637.00000	1554.82018	1537.85331	1524.82686
2025-09-04T12:25:53Z	15638.00000	1554.81985	1537.85299	1524.82664
2025-09-04T12:25:53Z	15638.00000	1554.81944	1537.85220	1524.82648
2025-09-04T12:25:53Z	15638.00000	1554.81887	1537.85201	1524.82611
2025-09-04T12:25:53Z	15638.00000	1554.81870	1537.85189	1524.82609
2025-09-04T12:25:53Z	15638.00000	1554.81843	1537.85132	1524.82601
2025-09-04T12:25:53Z	15638.00000	1554.81847	1537.85097	1524.82563
2025-09-04T12:25:53Z	15638.00000	1554.81782	1537.85096	1524.82550
2025-09-04T12:25:53Z	15638.00000	1554.81790	1537.85060	1524.82550
2025-09-04T12:25:53Z	15638.00000	1554.81778	1537.85035	1524.82516
2025-09-04T12:25:54Z	15638.00000	1554.81706	1537.84999	1524.82492
2025-09-04T12:25:54Z	15639.00000	1554.81749	1537.84986	1524.82465
2025-09-04T12:25:54Z	15639.00000	1555.01097	1538.13398	1525.00759
2025-09-04T12:25:54Z	15639.00000	1555.19903	1538.41972	1525.18329
2025-09-04T12:25:54Z	15639.00000	1555.43375	1538.73400	1525.37379
2025-09-04T12:25:54Z	15639.00000	1555.65302	1539.02326	1525.55135
2025-09-04T12:25:54Z	15639.00000	1555.90527	1539.39703	1525.78309
2025-09-04T12:25:54Z	15639.00000	1556.14873	1539.71972	1525.97726
2025-09-04T12:25:54Z	15639.00000	1556.35491	1540.01036	1526.15573
2025-09-04T12:25:54Z	15639.00000	1556.52608	1540.25538	1526.30396
2025-09-04T12:25:55Z	15639.00000	1556.68909	1540.47924	1526.43697
2025-09-04T12:25:55Z	15640.00000	1556.81735	1540.66720	1526.54983
2025-09-04T12:25:55Z	15640.00000	1557.00781	1540.93053	1526.70879
2025-09-04T12:25:55Z	15640.00000	1557.18751	1541.19426	1526.86585
2025-09-04T12:25:55Z	15640.00000	1557.31633	1541.37697	1526.97063
2025-09-04T12:25:55Z	15640.00000	1557.42393	1541.54674	1527.07460
2025-09-04T12:25:55Z	15640.00000	1557.61643	1541.80619	1527.22711
2025-09-04T12:25:55Z	15640.00000	1557.73109	1541.98474	1527.33383
2025-09-04T12:25:55Z	15640.00000	1557.89814	1542.20398	1527.46379
2025-09-04T12:25:55Z	15640.00000	1558.03546	1542.37977	1527.56748
2025-09-04T12:25:56Z	15640.00000	1558.15622	1542.54839	1527.66774
2025-09-04T12:25:56Z	15641.00000	1558.21532	1542.65390	1527.72919
2025-09-04T12:25:56Z	15641.00000	1558.29567	1542.75401	1527.79065
2025-09-04T12:25:56Z	15641.00000	1558.36773	1542.84319	1527.84557
2025-09-04T12:25:56Z	15641.00000	1558.41870	1542.94027	1527.90206
2025-09-04T12:25:56Z	15641.00000	1558.52685	1543.05677	1527.97261
2025-09-04T12:25:56Z	15641.00000	1558.56174	1543.14371	1528.02659
2025-09-04T12:25:56Z	15641.00000	1558.62286	1543.21000	1528.06566
2025-09-04T12:25:56Z	15641.00000	1558.67002	1543.25772	1528.09420
2025-09-04T12:25:56Z	15641.00000	1558.70270	1543.30882	1528.12601
2025-09-04T12:25:56Z	15641.00000	1558.71943	1543.35539	1528.15497
2025-09-04T12:25:57Z	15642.00000	1558.74653	1543.39326	1528.17791
2025-09-04T12:25:57Z	15642.00000	1558.76856	1543.41588	1528.19123
2025-09-04T12:25:57Z	15642.00000	1558.79712	1543.44683	1528.20882
2025-09-04T12:25:57Z	15642.00000	1558.81644	1543.46792	1528.22067
2025-09-04T12:25:57Z	15642.00000	1558.82801	1543.48066	1528.22735
2025-09-04T12:25:57Z	15642.00000	1558.84141	1543.49640	1528.23532
2025-09-04T12:25:57Z	15642.00000	1558.84830	1543.50836	1528.24220
2025-09-04T12:25:57Z	15642.00000	1558.85706	1543.51657	1528.24706
2025-09-04T12:25:57Z	15642.00000	1558.86085	1543.52356	1528.25070
2025-09-04T12:25:57Z	15642.00000	1558.86432	1543.52978	1528.25417
2025-09-04T12:25:58Z	15643.00000	1556.59997	1540.40361	1526.36973
2025-09-04T12:25:58Z	15643.00000	1556.03938	1539.61584	1525.89560
2025-09-04T12:25:58Z	15643.00000	1555.80445	1539.25350	1525.67782
2025-09-04T12:25:58Z	15643.00000	1555.39353	1538.69589	1525.34246
2025-09-04T12:25:58Z	15643.00000	1555.18955	1538.39911	1525.16473
2025-09-04T12:25:58Z	15643.00000	1554.99065	1538.09145	1524.97588
2025-09-04T12:25:58Z	15643.00000	1554.83965	1537.88765	1524.84342
2025-09-04T12:25:59Z	15643.00000	1554.83670	1537.88315	1524.84318
2025-09-04T12:25:59Z	15644.00000	1554.83346	1537.87745	1524.83962
2025-09-04T12:25:59Z	15644.00000	1554.83375	1537.87582	1524.83867
2025-09-04T12:25:59Z	15644.00000	1554.83265	1537.87386	1524.83803
2025-09-04T12:25:59Z	15644.00000	1554.83195	1537.87200	1524.83723
2025-09-04T12:25:59Z	15644.00000	1554.83114	1537.87028	1524.83658
2025-09-04T12:25:59Z	15644.00000	1554.82968	1537.86846	1524.83564
2025-09-04T12:25:59Z	15644.00000	1554.82932	1537.86699	1524.83489
2025-09-04T12:25:59Z	15644.00000	1554.82592	1537.86606	1524.83435
2025-09-04T12:25:59Z	15644.00000	1554.82812	1537.86567	1524.83400
2025-09-04T12:25:59Z	15644.00000	1554.82746	1537.86457	1524.83334
2025-09-04T12:26:00Z	15645.00000	1554.82470	1537.86389	1524.83283
2025-09-04T12:26:00Z	15645.00000	1554.82670	1537.86293	1524.83269
2025-09-04T12:26:00Z	15645.00000	1554.82517	1537.86128	1524.83166
2025-09-04T12:26:00Z	15645.00000	1554.82509	1537.86060	1524.83134
2025-09-04T12:26:00Z	15645.00000	1554.82317	1537.86002	1524.83110
2025-09-04T12:26:00Z	15645.00000	1554.82415	1537.85961	1524.83077
2025-09-04T12:26:00Z	15645.00000	1554.82348	1537.85882	1524.83050
2025-09-04T12:26:00Z	15645.00000	1554.82345	1537.85818	1524.83005
2025-09-04T12:26:00Z	15645.00000	1554.82313	1537.85750	1524.82983
2025-09-04T12:26:01Z	15646.00000	1554.82150	1537.85687	1524.82950
2025-09-04T12:26:01Z	15646.00000	1554.82130	1537.85661	1524.82924
2025-09-04T12:26:01Z	15646.00000	1554.82108	1537.85588	1524.82884
2025-09-04T12:26:01Z	15646.00000	1554.82100	1537.85565	1524.82872
2025-09-04T12:26:01Z	15646.00000	1554.82055	1537.85541	1524.82850
2025-09-04T12:26:01Z	15646.00000	1554.82023	1537.85459	1524.82789
2025-09-04T12:26:01Z	15646.00000	1554.82109	1537.85406	1524.82809
2025-09-04T12:26:01Z	15646.00000	1554.81983	1537.85369	1524.82769
2025-09-04T12:26:01Z	15646.00000	1554.82052	1537.85337	1524.82752
2025-09-04T12:26:02Z	15647.00000	1554.82023	1537.85296	1524.82717
2025-09-04T12:26:02Z	15647.00000	1554.82002	1537.85247	1524.82705
2025-09-04T12:26:02Z	15647.00000	1554.81949	1537.85207	1524.82689
2025-09-04T12:26:02Z	15647.00000	1554.81932	1537.85177	1524.82669
2025-09-04T12:26:02Z	15647.00000	1554.81885	1537.85133	1524.82642
2025-09-04T12:26:02Z	15647.00000	1554.81878	1537.85107	1524.82628
2025-09-04T12:26:02Z	15647.00000	1554.81833	1537.85054	1524.82591
2025-09-04T12:26:02Z	15647.00000	1554.81831	1537.85050	1524.82580
2025-09-04T12:26:03Z	15647.00000	1554.81791	1537.85005	1524.82573
2025-09-04T12:26:03Z	15648.00000	1554.81722	1537.84984	1524.82548
2025-09-04T12:26:03Z	15648.00000	1554.81800	1537.85064	1524.82601
2025-09-04T12:26:03Z	15648.00000	1555.23472	1538.46482	1525.21027
2025-09-04T12:26:03Z	15648.00000	1555.47475	1538.77929	1525.40093
2025-09-04T12:26:03Z	15648.00000	1555.68191	1539.06617	1525.57711
2025-09-04T12:26:03Z	15648.00000	1555.86709	1539.34201	1525.74898
2025-09-04T12:26:03Z	15648.00000	1556.09925	1539.66543	1525.94340
2025-09-04T12:26:03Z	15648.00000	1556.48478	1540.19535	1526.26656
2025-09-04T12:26:04Z	15649.00000	1556.64204	1540.42179	1526.40209
2025-09-04T12:26:04Z	15649.00000	1556.83438	1540.68477	1526.56122
2025-09-04T12:26:04Z	15649.00000	1557.14331	1541.13160	1526.82771
2025-09-04T12:26:04Z	15649.00000	1557.29564	1541.35316	1526.95753
2025-09-04T12:26:04Z	15649.00000	1557.46480	1541.58753	1527.09885
2025-09-04T12:26:04Z	15649.00000	1557.59245	1541.78056	1527.21253
2025-09-04T12:26:04Z	15649.00000	1557.74071	1541.99339	1527.33953
2025-09-04T12:26:04Z	15649.00000	1557.89498	1542.21121	1527.46878
2025-09-04T12:26:05Z	15650.00000	1558.09085	1542.47581	1527.62798
2025-09-04T12:26:05Z	15650.00000	1558.20180	1542.61185	1527.70479
2025-09-04T12:26:05Z	15650.00000	1558.29431	1542.75124	1527.78964
2025-09-04T12:26:05Z	15650.00000	1558.37312	1542.85853	1527.85503
2025-09-04T12:26:05Z	15650.00000	1558.43643	1542.95717	1527.91243
2025-09-04T12:26:05Z	15650.00000	1558.52653	1543.05542	1527.97213
2025-09-04T12:26:05Z	15650.00000	1558.61159	1543.19514	1528.05800
2025-09-04T12:26:05Z	15650.00000	1558.70465	1543.31212	1528.12801
2025-09-04T12:26:06Z	15651.00000	1558.72493	1543.36352	1528.16069
2025-09-04T12:26:06Z	15651.00000	1558.77171	1543.41714	1528.19224
2025-09-04T12:26:06Z	15651.00000	1558.79573	1543.44321	1528.20685
2025-09-04T12:26:06Z	15651.00000	1558.81217	1543.46145	1528.21689
2025-09-04T12:26:06Z	15651.00000	1558.83877	1543.48999	1528.23229
2025-09-04T12:26:06Z	15651.00000	1558.84692	1543.50034	1528.23841
2025-09-04T12:26:06Z	15651.00000	1558.85480	1543.51143	1528.24413
2025-09-04T12:26:06Z	15651.00000	1558.86077	1543.52021	1528.24864
2025-09-04T12:26:07Z	15652.00000	1556.56200	1540.36300	1526.34886
2025-09-04T12:26:07Z	15652.00000	1556.19883	1539.82223	1526.02665
2025-09-04T12:26:07Z	15652.00000	1556.01623	1539.54702	1525.85559
2025-09-04T12:26:07Z	15652.00000	1555.74750	1539.19072	1525.64102
2025-09-04T12:26:07Z	15652.00000	1555.46491	1538.77482	1525.38882
2025-09-04T12:26:07Z	15652.00000	1555.27758	1538.51169	1525.23419
2025-09-04T12:26:07Z	15652.00000	1555.03833	1538.19222	1525.03616
2025-09-04T12:26:07Z	15652.00000	1554.91332	1538.00295	1524.91980
2025-09-04T12:26:08Z	15653.00000	1554.83752	1537.88382	1524.84412
2025-09-04T12:26:08Z	15653.00000	1554.83430	1537.87808	1524.84048
2025-09-04T12:26:08Z	15653.00000	1554.83284	1537.87379	1524.83906
2025-09-04T12:26:08Z	15653.00000	1554.83230	1537.87232	1524.83821
2025-09-04T12:26:08Z	15653.00000	1554.83135	1537.87078	1524.83748
2025-09-04T12:26:08Z	15653.00000	1554.83069	1537.86907	1524.83632
2025-09-04T12:26:08Z	15653.00000	1554.82901	1537.86636	1524.83538
2025-09-04T12:26:08Z	15653.00000	1554.82796	1537.86550	1524.83448
2025-09-04T12:26:09Z	15654.00000	1554.82787	1537.86472	1524.83390
2025-09-04T12:26:09Z	15654.00000	1554.82449	1537.86285	1524.83330
2025-09-04T12:26:09Z	15654.00000	1554.82632	1537.86185	1524.83304
2025-09-04T12:26:09Z	15654.00000	1554.82403	1537.86184	1524.83276
2025-09-04T12:26:09Z	15654.00000	1554.82581	1537.86110	1524.83215
2025-09-04T12:26:09Z	15654.00000	1554.82337	1537.86007	1524.83164
2025-09-04T12:26:09Z	15654.00000	1554.82433	1537.85938	1524.83132
2025-09-04T12:26:09Z	15654.00000	1554.82417	1537.85891	1524.83117
2025-09-04T12:26:09Z	15654.00000	1554.82361	1537.85823	1524.83092
2025-09-04T12:26:10Z	15655.00000	1554.82323	1537.85788	1524.83057
2025-09-04T12:26:10Z	15655.00000	1554.82299	1537.85739	1524.83019
2025-09-04T12:26:10Z	15655.00000	1554.82273	1537.85662	1524.82987
2025-09-04T12:26:10Z	15655.00000	1554.82139	1537.85603	1524.82968
2025-09-04T12:26:10Z	15655.00000	1554.82107	1537.85541	1524.82936
2025-09-04T12:26:10Z	15655.00000	1554.82084	1537.85539	1524.82892
2025-09-04T12:26:10Z	15655.00000	1554.82037	1537.85453	1524.82880
2025-09-04T12:26:10Z	15655.00000	1554.82010	1537.85413	1524.82844
2025-09-04T12:26:10Z	15655.00000	1554.81999	1537.85376	1524.82840
2025-09-04T12:26:11Z	15656.00000	1554.82064	1537.85334	1524.82796
2025-09-04T12:26:11Z	15656.00000	1554.82022	1537.85309	1524.82801
2025-09-04T12:26:11Z	15656.00000	1554.81999	1537.85286	1524.82773
2025-09-04T12:26:11Z	15656.00000	1554.81998	1537.85242	1524.82771
2025-09-04T12:26:11Z	15656.00000	1554.81967	1537.85208	1524.82749
2025-09-04T12:26:11Z	15656.00000	1554.81879	1537.85178	1524.82722
2025-09-04T12:26:11Z	15656.00000	1554.81903	1537.85147	1524.82696
2025-09-04T12:26:11Z	15656.00000	1554.81866	1537.85116	1524.82671
2025-09-04T12:26:11Z	15656.00000	1554.81841	1537.85088	1524.82681
2025-09-04T12:26:11Z	15656.00000	1554.81828	1537.85056	1524.82652
2025-09-04T12:26:12Z	15657.00000	1554.81794	1537.85012	1524.82643
2025-09-04T12:26:12Z	15657.00000	1555.19133	1538.40072	1525.17063
2025-09-04T12:26:12Z	15657.00000	1555.37929	1538.66727	1525.33570
2025-09-04T12:26:12Z	15657.00000	1555.60022	1538.96457	1525.51680
2025-09-04T12:26:12Z	15657.00000	1555.86713	1539.33446	1525.74393
2025-09-04T12:26:12Z	15657.00000	1556.04175	1539.59705	1525.90245
2025-09-04T12:26:12Z	15657.00000	1556.20389	1539.80540	1526.03280
2025-09-04T12:26:12Z	15657.00000	1556.37030	1540.05190	1526.18031
2025-09-04T12:26:12Z	15657.00000	1556.54054	1540.29409	1526.32902
2025-09-04T12:26:13Z	15658.00000	1556.70448	1540.51795	1526.46222
2025-09-04T12:26:13Z	15658.00000	1556.86751	1540.74290	1526.59504
2025-09-04T12:26:13Z	15658.00000	1557.04387	1541.00518	1526.75323
2025-09-04T12:26:13Z	15658.00000	1557.20636	1541.22737	1526.88611
2025-09-04T12:26:13Z	15658.00000	1557.39457	1541.51130	1527.05424
2025-09-04T12:26:13Z	15658.00000	1557.53425	1541.67752	1527.14950
2025-09-04T12:26:13Z	15658.00000	1557.67279	1541.86259	1527.26391
2025-09-04T12:26:13Z	15658.00000	1557.78327	1542.03575	1527.36535
2025-09-04T12:26:13Z	15658.00000	1557.90642	1542.22264	1527.47570
2025-09-04T12:26:13Z	15658.00000	1558.03497	1542.37479	1527.56553
2025-09-04T12:26:14Z	15659.00000	1558.17550	1542.56535	1527.67889
2025-09-04T12:26:14Z	15659.00000	1558.27855	1542.73324	1527.77849
2025-09-04T12:26:14Z	15659.00000	1558.40344	1542.92192	1527.89188
2025-09-04T12:26:14Z	15659.00000	1558.47517	1542.99600	1527.93623
2025-09-04T12:26:14Z	15659.00000	1558.53642	1543.07758	1527.98601
2025-09-04T12:26:14Z	15659.00000	1558.58689	1543.16881	1528.04237
2025-09-04T12:26:14Z	15659.00000	1558.63441	1543.21932	1528.07197
2025-09-04T12:26:14Z	15659.00000	1558.68491	1543.27353	1528.10399
2025-09-04T12:26:15Z	15659.00000	1558.71104	1543.32972	1528.13921
2025-09-04T12:26:15Z	15660.00000	1558.72217	1543.35857	1528.15733
2025-09-04T12:26:15Z	15660.00000	1558.74452	1543.38820	1528.17521
2025-09-04T12:26:15Z	15660.00000	1558.77201	1543.41689	1528.19216
2025-09-04T12:26:15Z	15660.00000	1558.79049	1543.43747	1528.20352
2025-09-04T12:26:15Z	15660.00000	1558.80599	1543.45381	1528.21247
2025-09-04T12:26:15Z	15660.00000	1558.81963	1543.46951	1528.22131
2025-09-04T12:26:15Z	15660.00000	1558.83188	1543.48277	1528.22872
2025-09-04T12:26:15Z	15660.00000	1558.83881	1543.49059	1528.23273
2025-09-04T12:26:15Z	15660.00000	1558.84583	1543.49894	1528.23728
2025-09-04T12:26:15Z	15660.00000	1558.85062	1543.50610	1528.24107
2025-09-04T12:26:16Z	15661.00000	1556.77630	1540.63340	1526.51393
2025-09-04T12:26:16Z	15661.00000	1556.39987	1540.12285	1526.20079
2025-09-04T12:26:16Z	15661.00000	1556.15005	1539.73830	1525.96984
2025-09-04T12:26:16Z	15661.00000	1555.85086	1539.31140	1525.71648
2025-09-04T12:26:16Z	15661.00000	1555.60583	1538.98429	1525.51770
2025-09-04T12:26:16Z	15661.00000	1555.40850	1538.71222	1525.35321
2025-09-04T12:26:16Z	15661.00000	1555.19547	1538.41223	1525.17386
2025-09-04T12:26:16Z	15661.00000	1555.05912	1538.21985	1525.05211
2025-09-04T12:26:16Z	15661.00000	1554.89841	1537.98594	1524.90967
2025-09-04T12:26:16Z	15661.00000	1554.83799	1537.88539	1524.84542
2025-09-04T12:26:17Z	15662.00000	1554.83531	1537.87930	1524.84193
2025-09-04T12:26:17Z	15662.00000	1554.83441	1537.87682	1524.84074
2025-09-04T12:26:17Z	15662.00000	1554.83381	1537.87495	1524.83971
2025-09-04T12:26:17Z	15662.00000	1554.83266	1537.87314	1524.83901
2025-09-04T12:26:17Z	15662.00000	1554.83196	1537.87080	1524.83781
2025-09-04T12:26:17Z	15662.00000	1554.83049	1537.86839	1524.83641
2025-09-04T12:26:17Z	15662.00000	1554.82996	1537.86697	1524.83603
2025-09-04T12:26:17Z	15662.00000	1554.82931	1537.86621	1524.83554
2025-09-04T12:26:17Z	15662.00000	1554.82778	1537.86537	1524.83484
2025-09-04T12:26:18Z	15663.00000	1554.82827	1537.86445	1524.83437
2025-09-04T12:26:18Z	15663.00000	1554.82765	1537.86371	1524.83390
2025-09-04T12:26:18Z	15663.00000	1554.82622	1537.86268	1524.83367
2025-09-04T12:26:18Z	15663.00000	1554.82667	1537.86198	1524.83334
2025-09-04T12:26:18Z	15663.00000	1554.82406	1537.86137	1524.83261
2025-09-04T12:26:18Z	15663.00000	1554.82551	1537.86057	1524.83235
2025-09-04T12:26:18Z	15663.00000	1554.82518	1537.85987	1524.83197
2025-09-04T12:26:18Z	15663.00000	1554.82311	1537.85931	1524.83165
2025-09-04T12:26:18Z	15663.00000	1554.82425	1537.85874	1524.83145
2025-09-04T12:26:18Z	15663.00000	1554.82408	1537.85833	1524.83121
2025-09-04T12:26:19Z	15664.00000	1554.82351	1537.85765	1524.83101
2025-09-04T12:26:19Z	15664.00000	1554.82221	1537.85702	1524.83064
2025-09-04T12:26:19Z	15664.00000	1554.82195	1537.85667	1524.83047
2025-09-04T12:26:19Z	15664.00000	1554.82164	1537.85606	1524.83025
2025-09-04T12:26:19Z	15664.00000	1554.82132	1537.85577	1524.82993
2025-09-04T12:26:19Z	15664.00000	1554.82104	1537.85534	1524.82963
2025-09-04T12:26:19Z	15664.00000	1554.82189	1537.85500	1524.82956
2025-09-04T12:26:19Z	15664.00000	1554.82065	1537.85450	1524.82915
2025-09-04T12:26:19Z	15664.00000	1554.82132	1537.85406	1524.82897
2025-09-04T12:26:19Z	15664.00000	1554.82037	1537.85391	1524.82894
2025-09-04T12:26:20Z	15665.00000	1554.82024	1537.85334	1524.82859
2025-09-04T12:26:20Z	15665.00000	1554.82073	1537.85334	1524.82851
2025-09-04T12:26:20Z	15665.00000	1554.82079	1537.85289	1524.82824
2025-09-04T12:26:20Z	15665.00000	1554.82021	1537.85263	1524.82814
2025-09-04T12:26:20Z	15665.00000	1554.82034	1537.85217	1524.82784
2025-09-04T12:26:20Z	15665.00000	1554.81961	1537.85174	1524.82782
2025-09-04T12:26:20Z	15665.00000	1554.81951	1537.85145	1524.82751
2025-09-04T12:26:20Z	15665.00000	1554.81940	1537.85118	1524.82750
2025-09-04T12:26:20Z	15665.00000	1554.81859	1537.85083	1524.82719
2025-09-04T12:26:21Z	15665.00000	1554.81813	1537.85058	1524.82690
2025-09-04T12:26:21Z	15666.00000	1554.81845	1537.85043	1524.82683
2025-09-04T12:26:21Z	15666.00000	1554.97865	1538.07949	1524.97541
2025-09-04T12:26:21Z	15666.00000	1555.31073	1538.54450	1525.25956
2025-09-04T12:26:21Z	15666.00000	1555.58342	1538.94461	1525.50467
2025-09-04T12:26:21Z	15666.00000	1555.75005	1539.17603	1525.64360
2025-09-04T12:26:21Z	15666.00000	1555.91626	1539.40456	1525.78888
2025-09-04T12:26:21Z	15666.00000	1556.10685	1539.67126	1525.94795
2025-09-04T12:26:21Z	15666.00000	1556.32196	1539.95712	1526.12639
2025-09-04T12:26:21Z	15666.00000	1556.53566	1540.27872	1526.31996
2025-09-04T12:26:22Z	15666.00000	1556.68464	1540.46677	1526.43030
2025-09-04T12:26:22Z	15667.00000	1556.87880	1540.77338	1526.61403
2025-09-04T12:26:22Z	15667.00000	1557.04028	1540.99325	1526.74645
2025-09-04T12:26:22Z	15667.00000	1557.21808	1541.25735	1526.90342
2025-09-04T12:26:22Z	15667.00000	1557.41667	1541.53377	1527.06838
2025-09-04T12:26:22Z	15667.00000	1557.54191	1541.69854	1527.16231
2025-09-04T12:26:22Z	15667.00000	1557.68735	1541.87931	1527.27503
2025-09-04T12:26:22Z	15667.00000	1557.85079	1542.10814	1527.40956
2025-09-04T12:26:22Z	15667.00000	1557.97135	1542.28904	1527.51482
2025-09-04T12:26:22Z	15667.00000	1558.07893	1542.45959	1527.61881
2025-09-04T12:26:23Z	15668.00000	1558.19545	1542.59342	1527.69500
2025-09-04T12:26:23Z	15668.00000	1558.28071	1542.73387	1527.77904
2025-09-04T12:26:23Z	15668.00000	1558.35965	1542.82056	1527.83301
2025-09-04T12:26:23Z	15668.00000	1558.40394	1542.91899	1527.89030
2025-09-04T12:26:23Z	15668.00000	1558.53384	1543.07023	1527.98179
2025-09-04T12:26:23Z	15668.00000	1558.61724	1543.19918	1528.06054
2025-09-04T12:26:23Z	15668.00000	1558.65964	1543.24546	1528.08780
2025-09-04T12:26:23Z	15668.00000	1558.69631	1543.29153	1528.11559
2025-09-04T12:26:23Z	15668.00000	1558.70842	1543.32314	1528.13542
2025-09-04T12:26:24Z	15669.00000	1558.72319	1543.36072	1528.15905
2025-09-04T12:26:24Z	15669.00000	1558.74374	1543.38800	1528.17527
2025-09-04T12:26:24Z	15669.00000	1558.76836	1543.41313	1528.19029
2025-09-04T12:26:24Z	15669.00000	1558.78528	1543.43160	1528.20094
2025-09-04T12:26:24Z	15669.00000	1558.80250	1543.45127	1528.21170
2025-09-04T12:26:24Z	15669.00000	1558.81176	1543.46167	1528.21744
2025-09-04T12:26:24Z	15669.00000	1558.82264	1543.47406	1528.22382
2025-09-04T12:26:24Z	15669.00000	1558.82913	1543.48094	1528.22794
2025-09-04T12:26:24Z	15669.00000	1558.83780	1543.48995	1528.23296
2025-09-04T12:26:24Z	15669.00000	1558.84239	1543.49659	1528.23638
2025-09-04T12:26:25Z	15670.00000	1558.84773	1543.50302	1528.24001
2025-09-04T12:26:25Z	15670.00000	1556.79104	1540.64807	1526.52353
2025-09-04T12:26:25Z	15670.00000	1556.36684	1540.05292	1526.16484
2025-09-04T12:26:25Z	15670.00000	1556.00272	1539.52030	1525.84092
2025-09-04T12:26:25Z	15670.00000	1555.82377	1539.27373	1525.69245
2025-09-04T12:26:25Z	15670.00000	1555.60793	1538.98526	1525.51853
2025-09-04T12:26:25Z	15670.00000	1555.37660	1538.67238	1525.33093
2025-09-04T12:26:25Z	15670.00000	1555.23319	1538.46262	1525.20467
2025-09-04T12:26:25Z	15670.00000	1554.99909	1538.10336	1524.98460
2025-09-04T12:26:25Z	15670.00000	1554.85495	1537.92863	1524.87388
2025-09-04T12:26:26Z	15671.00000	1554.83845	1537.88582	1524.84561
2025-09-04T12:26:26Z	15671.00000	1554.83603	1537.88040	1524.84285
2025-09-04T12:26:26Z	15671.00000	1554.83501	1537.87802	1524.84156
2025-09-04T12:26:26Z	15671.00000	1554.83287	1537.87576	1524.84076
2025-09-04T12:26:26Z	15671.00000	1554.83306	1537.87308	1524.83963
2025-09-04T12:26:26Z	15671.00000	1554.83240	1537.87194	1524.83894
2025-09-04T12:26:26Z	15671.00000	1554.83166	1537.87006	1524.83787
2025-09-04T12:26:26Z	15671.00000	1554.83070	1537.86866	1524.83735
2025-09-04T12:26:26Z	15671.00000	1554.83051	1537.86764	1524.83699
2025-09-04T12:26:26Z	15671.00000	1554.82892	1537.86652	1524.83640
2025-09-04T12:26:27Z	15672.00000	1554.82905	1537.86590	1524.83552
2025-09-04T12:26:27Z	15672.00000	1554.82833	1537.86507	1524.83497
2025-09-04T12:26:27Z	15672.00000	1554.82692	1537.86390	1524.83476
2025-09-04T12:26:27Z	15672.00000	1554.82791	1537.86316	1524.83453
2025-09-04T12:26:27Z	15672.00000	1554.82716	1537.86242	1524.83403
2025-09-04T12:26:27Z	15672.00000	1554.82455	1537.86139	1524.83324
2025-09-04T12:26:27Z	15672.00000	1554.82594	1537.86056	1524.83305
2025-09-04T12:26:27Z	15672.00000	1554.82386	1537.86047	1524.83280
2025-09-04T12:26:27Z	15672.00000	1554.82378	1537.85965	1524.83253
2025-09-04T12:26:27Z	15672.00000	1554.82488	1537.85932	1524.83239
2025-09-04T12:26:28Z	15673.00000	1554.82439	1537.85870	1524.83188
2025-09-04T12:26:28Z	15673.00000	1554.82450	1537.85835	1524.83163
2025-09-04T12:26:28Z	15673.00000	1554.82386	1537.85759	1524.83122
2025-09-04T12:26:28Z	15673.00000	1554.82354	1537.85712	1524.83120
2025-09-04T12:26:28Z	15673.00000	1554.82298	1537.85648	1524.83068
2025-09-04T12:26:28Z	15673.00000	1554.82197	1537.85634	1524.83031
2025-09-04T12:26:28Z	15673.00000	1554.82230	1537.85573	1524.83031
2025-09-04T12:26:28Z	15673.00000	1554.82145	1537.85539	1524.82995
2025-09-04T12:26:28Z	15673.00000	1554.82151	1537.85507	1524.83010
2025-09-04T12:26:28Z	15673.00000	1554.82129	1537.85469	1524.82968
2025-09-04T12:26:29Z	15674.00000	1554.82181	1537.85433	1524.82949
2025-09-04T12:26:29Z	15674.00000	1554.82151	1537.85386	1524.82931
2025-09-04T12:26:29Z	15674.00000	1554.82066	1537.85372	1524.82921
2025-09-04T12:26:29Z	15674.00000	1554.82111	1537.85319	1524.82894
2025-09-04T12:26:29Z	15674.00000	1554.82079	1537.85288	1524.82884
2025-09-04T12:26:29Z	15674.00000	1554.82022	1537.85266	1524.82851
2025-09-04T12:26:29Z	15674.00000	1554.82037	1537.85226	1524.82846
2025-09-04T12:26:29Z	15674.00000	1554.81982	1537.85202	1524.82820
2025-09-04T12:26:29Z	15674.00000	1554.81982	1537.85164	1524.82790
2025-09-04T12:26:29Z	15674.00000	1554.81993	1537.85145	1524.82785
2025-09-04T12:26:30Z	15675.00000	1554.81933	1537.85102	1524.82763
2025-09-04T12:26:30Z	15675.00000	1554.81942	1537.85067	1524.82773
2025-09-04T12:26:30Z	15675.00000	1554.81884	1537.85040	1524.82747
2025-09-04T12:26:30Z	15675.00000	1554.81882	1537.85035	1524.82744
2025-09-04T12:26:30Z	15675.00000	1554.81884	1537.85000	1524.82727
2025-09-04T12:26:30Z	15675.00000	1554.81848	1537.84973	1524.82695
2025-09-04T12:26:30Z	15675.00000	1554.81829	1537.84950	1524.82685
2025-09-04T12:26:30Z	15675.00000	1554.81828	1537.84936	1524.82661
2025-09-04T12:26:30Z	15675.00000	1554.81756	1537.84906	1524.82649
2025-09-04T12:26:30Z	15675.00000	1554.81788	1537.84873	1524.82648
2025-09-04T12:26:31Z	15676.00000	1554.81738	1537.84846	1524.82634
2025-09-04T12:26:31Z	15676.00000	1554.81719	1537.84842	1524.82627
2025-09-04T12:26:31Z	15676.00000	1554.81719	1537.84817	1524.82625
2025-09-04T12:26:31Z	15676.00000	1554.81700	1537.84798	1524.82601
2025-09-04T12:26:31Z	15676.00000	1554.81723	1537.84774	1524.82582
2025-09-04T12:26:31Z	15676.00000	1554.81695	1537.84747	1524.82579
2025-09-04T12:26:31Z	15676.00000	1554.81604	1537.84740	1524.82559
2025-09-04T12:26:31Z	15676.00000	1554.81568	1537.84699	1524.82554
2025-09-04T12:26:31Z	15676.00000	1554.81562	1537.84674	1524.82548
2025-09-04T12:26:31Z	15676.00000	1554.81562	1537.84676	1524.82541
2025-09-04T12:26:32Z	15677.00000	1554.81561	1537.84648	1524.82516
2025-09-04T12:26:32Z	15677.00000	1554.81550	1537.84614	1524.82494
2025-09-04T12:26:32Z	15677.00000	1554.81501	1537.84611	1524.82498
2025-09-04T12:26:32Z	15677.00000	1554.81508	1537.84620	1524.82499
2025-09-04T12:26:32Z	15677.00000	1554.81484	1537.84581	1524.82493
2025-09-04T12:26:32Z	15677.00000	1554.81470	1537.84536	1524.82465
2025-09-04T12:26:32Z	15677.00000	1554.81428	1537.84546	1524.82445
2025-09-04T12:26:32Z	15677.00000	1554.81460	1537.84509	1524.82458
2025-09-04T12:26:32Z	15677.00000	1554.81440	1537.84515	1524.82444
2025-09-04T12:26:32Z	15677.00000	1554.81408	1537.84501	1524.82439
2025-09-04T12:26:33Z	15678.00000	1554.81396	1537.84477	1524.82427
2025-09-04T12:26:33Z	15678.00000	1554.81372	1537.84470	1524.82406
2025-09-04T12:26:33Z	15678.00000	1554.81428	1537.84453	1524.82394
2025-09-04T12:26:33Z	15678.00000	1554.81376	1537.84420	1524.82415
2025-09-04T12:26:33Z	15678.00000	1554.81353	1537.84402	1524.82394
2025-09-04T12:26:33Z	15678.00000	1554.81371	1537.84394	1524.82377
2025-09-04T12:26:33Z	15678.00000	1554.81308	1537.84368	1524.82387
2025-09-04T12:26:33Z	15678.00000	1554.81321	1537.84377	1524.82361
2025-09-04T12:26:33Z	15678.00000	1554.81294	1537.84354	1524.82367
2025-09-04T12:26:33Z	15678.00000	1554.81308	1537.84337	1524.82350
2025-09-04T12:26:34Z	15679.00000	1554.81322	1537.84307	1524.82335
2025-09-04T12:26:34Z	15679.00000	1554.81296	1537.84297	1524.82325
2025-09-04T12:26:34Z	15679.00000	1554.81293	1537.84291	1524.82326
2025-09-04T12:26:34Z	15679.00000	1554.81227	1537.84287	1524.82317
2025-09-04T12:26:34Z	15679.00000	1554.81237	1537.84267	1524.82311
2025-09-04T12:26:34Z	15679.00000	1554.81245	1537.84267	1524.82302
2025-09-04T12:26:34Z	15679.00000	1554.81216	1537.84236	1524.82287
2025-09-04T12:26:34Z	15679.00000	1554.81273	1537.84223	1524.82290
2025-09-04T12:26:34Z	15679.00000	1554.81175	1537.84218	1524.82267
2025-09-04T12:26:34Z	15679.00000	1554.81213	1537.84211	1524.82286
2025-09-04T12:26:35Z	15680.00000	1554.81188	1537.84189	1524.82264
2025-09-04T12:26:35Z	15680.00000	1554.81177	1537.84200	1524.82264
2025-09-04T12:26:35Z	15680.00000	1554.81077	1537.84175	1524.82249
2025-09-04T12:26:35Z	15680.00000	1554.81206	1537.84164	1524.82252
2025-09-04T12:26:35Z	15680.00000	1554.81149	1537.84161	1524.82258
2025-09-04T12:26:35Z	15680.00000	1554.81136	1537.84112	1524.82242
2025-09-04T12:26:35Z	15680.00000	1554.81128	1537.84122	1524.82237
2025-09-04T12:26:35Z	15680.00000	1554.81137	1537.84118	1524.82220
2025-09-04T12:26:35Z	15680.00000	1554.81124	1537.84095	1524.82226
2025-09-04T12:26:36Z	15680.00000	1554.81063	1537.84089	1524.82208
2025-09-04T12:26:36Z	15681.00000	1554.81061	1537.84081	1524.82209
2025-09-04T12:26:36Z	15681.00000	1554.81056	1537.84063	1524.82206
2025-09-04T12:26:36Z	15681.00000	1554.81072	1537.84041	1524.82180
2025-09-04T12:26:36Z	15681.00000	1554.81021	1537.84042	1524.82206
2025-09-04T12:26:36Z	15681.00000	1554.80999	1537.84043	1524.82179
2025-09-04T12:26:36Z	15681.00000	1554.81003	1537.84022	1524.82172
2025-09-04T12:26:36Z	15681.00000	1554.81023	1537.84022	1524.82178
2025-09-04T12:26:36Z	15681.00000	1554.80988	1537.84008	1524.82174
2025-09-04T12:26:36Z	15681.00000	1554.81004	1537.84003	1524.82161
2025-09-04T12:26:36Z	15681.00000	1554.80975	1537.83994	1524.82147
2025-09-04T12:26:37Z	15682.00000	1554.80963	1537.83971	1524.82154
2025-09-04T12:26:37Z	15682.00000	1554.80944	1537.83986	1524.82147
2025-09-04T12:26:37Z	15682.00000	1554.80944	1537.83948	1524.82144
2025-09-04T12:26:37Z	15682.00000	1554.80950	1537.83948	1524.82145
2025-09-04T12:26:37Z	15682.00000	1554.80941	1537.83928	1524.82117
2025-09-04T12:26:37Z	15682.00000	1554.80957	1537.83922	1524.82114
2025-09-04T12:26:37Z	15682.00000	1554.80920	1537.83916	1524.82115
2025-09-04T12:26:37Z	15682.00000	1554.80887	1537.83902	1524.82121
2025-09-04T12:26:37Z	15682.00000	1554.80871	1537.83892	1524.82115
2025-09-04T12:26:38Z	15682.00000	1554.80879	1537.83887	1524.82102
2025-09-04T12:26:38Z	15683.00000	1554.80862	1537.83892	1524.82091
2025-09-04T12:26:38Z	15683.00000	1554.80861	1537.83864	1524.82091
2025-09-04T12:26:38Z	15683.00000	1554.80867	1537.83860	1524.82086
2025-09-04T12:26:38Z	15683.00000	1554.80851	1537.83860	1524.82100
2025-09-04T12:26:38Z	15683.00000	1554.80846	1537.83842	1524.82079
2025-09-04T12:26:38Z	15683.00000	1554.80855	1537.83845	1524.82078
2025-09-04T12:26:38Z	15683.00000	1554.80821	1537.83816	1524.82073
2025-09-04T12:26:38Z	15683.00000	1554.80798	1537.83810	1524.82076
2025-09-04T12:26:38Z	15683.00000	1554.80818	1537.83820	1524.82049
2025-09-04T12:26:39Z	15683.00000	1554.80805	1537.83793	1524.82059
2025-09-04T12:26:39Z	15684.00000	1554.80832	1537.83797	1524.82052
2025-09-04T12:26:39Z	15684.00000	1554.80846	1537.83795	1524.82046
2025-09-04T12:26:39Z	15684.00000	1554.80774	1537.83772	1524.82055
2025-09-04T12:26:39Z	15684.00000	1554.80789	1537.83766	1524.82043
2025-09-04T12:26:39Z	15684.00000	1554.80806	1537.83762	1524.82024
2025-09-04T12:26:39Z	15684.00000	1554.80794	1537.83782	1524.82048
2025-09-04T12:26:39Z	15684.00000	1554.80792	1537.83762	1524.82032
2025-09-04T12:26:39Z	15684.00000	1554.80773	1537.83767	1524.82022
2025-09-04T12:26:39Z	15684.00000	1554.80792	1537.83737	1524.82027
2025-09-04T12:26:39Z	15684.00000	1554.80757	1537.83726	1524.82028
2025-09-04T12:26:40Z	15685.00000	1554.80747	1537.83732	1524.82029
2025-09-04T12:26:40Z	15685.00000	1554.80763	1537.83700	1524.82001
2025-09-04T12:26:40Z	15685.00000	1554.80698	1537.83701	1524.82005
2025-09-04T12:26:40Z	15685.00000	1554.80717	1537.83688	1524.82014
2025-09-04T12:26:40Z	15685.00000	1554.80687	1537.83691	1524.81987
2025-09-04T12:26:40Z	15685.00000	1554.80728	1537.83694	1524.81977
2025-09-04T12:26:40Z	15685.00000	1554.80692	1537.83664	1524.81984
2025-09-04T12:26:40Z	15685.00000	1554.80651	1537.83670	1524.81990
2025-09-04T12:26:40Z	15685.00000	1554.80714	1537.83640	1524.81988
2025-09-04T12:26:41Z	15686.00000	1554.80703	1537.83659	1524.81950
2025-09-04T12:26:41Z	15686.00000	1554.80679	1537.83650	1524.81969
2025-09-04T12:26:41Z	15686.00000	1554.80658	1537.83620	1524.81984
2025-09-04T12:26:41Z	15686.00000	1554.80628	1537.83628	1524.81961
2025-09-04T12:26:41Z	15686.00000	1554.80625	1537.83604	1524.81959
2025-09-04T12:26:41Z	15686.00000	1554.80663	1537.83603	1524.81926
2025-09-04T12:26:41Z	15686.00000	1554.80622	1537.83605	1524.81953
2025-09-04T12:26:41Z	15686.00000	1554.80609	1537.83574	1524.81942
2025-09-04T12:26:42Z	15687.00000	1554.80599	1537.83573	1524.81938
2025-09-04T12:26:42Z	15687.00000	1554.80636	1537.83590	1524.81944
2025-09-04T12:26:42Z	15687.00000	1554.80574	1537.83575	1524.81935
2025-09-04T12:26:42Z	15687.00000	1554.80608	1537.83562	1524.81923
2025-09-04T12:26:42Z	15687.00000	1554.80579	1537.83552	1524.81913
2025-09-04T12:26:42Z	15687.00000	1554.80578	1537.83543	1524.81915
2025-09-04T12:26:42Z	15687.00000	1554.80592	1537.83540	1524.81912
2025-09-04T12:26:42Z	15687.00000	1554.80545	1537.83547	1524.81906
2025-09-04T12:26:42Z	15687.00000	1554.80538	1537.83536	1524.81897
2025-09-04T12:26:42Z	15687.00000	1554.80594	1537.83531	1524.81902
2025-09-04T12:26:43Z	15688.00000	1554.80569	1537.83535	1524.81895
2025-09-04T12:26:43Z	15688.00000	1554.80550	1537.83497	1524.81891
2025-09-04T12:26:43Z	15688.00000	1554.80507	1537.83494	1524.81904
2025-09-04T12:26:43Z	15688.00000	1554.80538	1537.83501	1524.81891
2025-09-04T12:26:43Z	15688.00000	1554.80521	1537.83483	1524.81871
2025-09-04T12:26:43Z	15688.00000	1554.80540	1537.83476	1524.81880
2025-09-04T12:26:43Z	15688.00000	1554.80478	1537.83473	1524.81876
2025-09-04T12:26:43Z	15688.00000	1554.80520	1537.83477	1524.81866
2025-09-04T12:26:43Z	15688.00000	1554.80483	1537.83449	1524.81848
2025-09-04T12:26:44Z	15689.00000	1554.80488	1537.83442	1524.81850
2025-09-04T12:26:44Z	15689.00000	1554.80489	1537.83450	1524.81855
2025-09-04T12:26:44Z	15689.00000	1554.80434	1537.83459	1524.81856
2025-09-04T12:26:44Z	15689.00000	1554.80469	1537.83448	1524.81859
2025-09-04T12:26:44Z	15689.00000	1554.80519	1537.83436	1524.81845
2025-09-04T12:26:44Z	15689.00000	1554.80480	1537.83423	1524.81858
2025-09-04T12:26:44Z	15689.00000	1554.80462	1537.83422	1524.81860
2025-09-04T12:26:44Z	15689.00000	1554.80467	1537.83405	1524.81856
2025-09-04T12:26:44Z	15689.00000	1554.80435	1537.83414	1524.81836
2025-09-04T12:26:44Z	15689.00000	1554.80462	1537.83418	1524.81842
2025-09-04T12:26:45Z	15690.00000	1554.80429	1537.83422	1524.81853
2025-09-04T12:26:45Z	15690.00000	1554.80459	1537.83381	1524.81829
2025-09-04T12:26:45Z	15690.00000	1554.80443	1537.83396	1524.81828
2025-09-04T12:26:45Z	15690.00000	1554.80442	1537.83378	1524.81846
2025-09-04T12:26:45Z	15690.00000	1554.80435	1537.83380	1524.81820
2025-09-04T12:26:45Z	15690.00000	1554.80434	1537.83367	1524.81816
2025-09-04T12:26:45Z	15690.00000	1554.80424	1537.83360	1524.81827
2025-09-04T12:26:46Z	15690.00000	1554.80438	1537.83356	1524.81814
2025-09-04T12:26:46Z	15691.00000	1554.80429	1537.83342	1524.81807
2025-09-04T12:26:46Z	15691.00000	1554.80375	1537.83345	1524.81814
2025-09-04T12:26:46Z	15691.00000	1554.80424	1537.83325	1524.81785
2025-09-04T12:26:46Z	15691.00000	1554.80465	1537.83345	1524.81799
2025-09-04T12:26:46Z	15691.00000	1554.80408	1537.83312	1524.81786
2025-09-04T12:26:46Z	15691.00000	1554.80354	1537.83331	1524.81802
2025-09-04T12:26:46Z	15691.00000	1554.80396	1537.83309	1524.81771
2025-09-04T12:26:47Z	15691.00000	1554.80367	1537.83308	1524.81782
2025-09-04T12:26:47Z	15692.00000	1554.80372	1537.83303	1524.81799
2025-09-04T12:26:47Z	15692.00000	1554.80376	1537.83299	1524.81790
2025-09-04T12:26:47Z	15692.00000	1554.80357	1537.83306	1524.81770
2025-09-04T12:26:47Z	15692.00000	1554.80358	1537.83290	1524.81767
2025-09-04T12:26:47Z	15692.00000	1554.80337	1537.83289	1524.81777
2025-09-04T12:26:47Z	15692.00000	1554.80345	1537.83258	1524.81764
2025-09-04T12:26:47Z	15692.00000	1554.80346	1537.83266	1524.81759
2025-09-04T12:26:48Z	15692.00000	1554.80341	1537.83274	1524.81775
2025-09-04T12:26:48Z	15693.00000	1554.80298	1537.83254	1524.81766
2025-09-04T12:26:48Z	15693.00000	1554.80314	1537.83239	1524.81748
2025-09-04T12:26:48Z	15693.00000	1554.80327	1537.83251	1524.81746
2025-09-04T12:26:48Z	15693.00000	1554.80327	1537.83224	1524.81747
2025-09-04T12:26:48Z	15693.00000	1554.80287	1537.83234	1524.81744
2025-09-04T12:26:48Z	15693.00000	1554.80256	1537.83230	1524.81744
2025-09-04T12:26:48Z	15693.00000	1554.80263	1537.83221	1524.81722
2025-09-04T12:26:48Z	15693.00000	1554.80262	1537.83214	1524.81736
2025-09-04T12:26:49Z	15694.00000	1554.80268	1537.83216	1524.81741
2025-09-04T12:26:49Z	15694.00000	1554.80304	1537.83196	1524.81729
2025-09-04T12:26:49Z	15694.00000	1554.80251	1537.83196	1524.81743
2025-09-04T12:26:49Z	15694.00000	1554.80250	1537.83196	1524.81710
2025-09-04T12:26:49Z	15694.00000	1554.80235	1537.83170	1524.81705
2025-09-04T12:26:49Z	15694.00000	1554.80176	1537.83171	1524.81702
2025-09-04T12:26:49Z	15694.00000	1554.80257	1537.83174	1524.81714
2025-09-04T12:26:49Z	15694.00000	1554.80258	1537.83191	1524.81716
2025-09-04T12:26:49Z	15694.00000	1554.80232	1537.83180	1524.81712
2025-09-04T12:26:50Z	15695.00000	1554.80187	1537.83151	1524.81706
2025-09-04T12:26:50Z	15695.00000	1554.80234	1537.83153	1524.81700
2025-09-04T12:26:50Z	15695.00000	1554.80197	1537.83186	1524.81683
2025-09-04T12:26:50Z	15695.00000	1554.80159	1537.83166	1524.81700
2025-09-04T12:26:50Z	15695.00000	1554.80209	1537.83149	1524.81696
2025-09-04T12:26:50Z	15695.00000	1554.80191	1537.83132	1524.81685
2025-09-04T12:26:50Z	15695.00000	1554.80181	1537.83131	1524.81694
2025-09-04T12:26:50Z	15695.00000	1554.80143	1537.83144	1524.81698
2025-09-04T12:26:50Z	15695.00000	1554.80207	1537.83131	1524.81686
2025-09-04T12:26:51Z	15696.00000	1554.80229	1537.83116	1524.81686
2025-09-04T12:26:51Z	15696.00000	1554.80196	1537.83122	1524.81685
2025-09-04T12:26:51Z	15696.00000	1554.80203	1537.83124	1524.81678
2025-09-04T12:26:51Z	15696.00000	1554.80187	1537.83107	1524.81676
2025-09-04T12:26:51Z	15696.00000	1554.80150	1537.83118	1524.81681
2025-09-04T12:26:51Z	15696.00000	1554.80192	1537.83101	1524.81671
2025-09-04T12:26:51Z	15696.00000	1554.80177	1537.83110	1524.81682
2025-09-04T12:26:51Z	15696.00000	1554.80149	1537.83090	1524.81683
2025-09-04T12:26:52Z	15697.00000	1554.80160	1537.83098	1524.81662
2025-09-04T12:26:52Z	15697.00000	1554.80143	1537.83093	1524.81672
2025-09-04T12:26:52Z	15697.00000	1554.80172	1537.83080	1524.81649
2025-09-04T12:26:52Z	15697.00000	1554.80146	1537.83102	1524.81662
2025-09-04T12:26:52Z	15697.00000	1554.80147	1537.83080	1524.81667
2025-09-04T12:26:52Z	15697.00000	1554.80135	1537.83078	1524.81657
2025-09-04T12:26:52Z	15697.00000	1554.80151	1537.83069	1524.81666
2025-09-04T12:26:52Z	15697.00000	1554.80109	1537.83074	1524.81653
2025-09-04T12:26:52Z	15697.00000	1554.80108	1537.83058	1524.81653
2025-09-04T12:26:53Z	15698.00000	1554.80115	1537.83059	1524.81649
2025-09-04T12:26:53Z	15698.00000	1554.80121	1537.83041	1524.81657
2025-09-04T12:26:53Z	15698.00000	1554.80097	1537.83042	1524.81641
2025-09-04T12:26:53Z	15698.00000	1554.80132	1537.83035	1524.81635
2025-09-04T12:26:53Z	15698.00000	1554.80089	1537.83044	1524.81632
2025-09-04T12:26:53Z	15698.00000	1554.80132	1537.83022	1524.81633
2025-09-04T12:26:53Z	15698.00000	1554.80142	1537.83035	1524.81636
2025-09-04T12:26:53Z	15698.00000	1554.80102	1537.83018	1524.81632
2025-09-04T12:26:54Z	15698.00000	1554.80123	1537.83023	1524.81629
2025-09-04T12:26:54Z	15699.00000	1554.95930	1538.05668	1524.96322
2025-09-04T12:26:54Z	15699.00000	1555.17739	1538.35999	1525.15018
2025-09-04T12:26:54Z	15699.00000	1555.49816	1538.80860	1525.42224
2025-09-04T12:26:54Z	15699.00000	1555.67855	1539.05641	1525.57553
2025-09-04T12:26:54Z	15699.00000	1555.87048	1539.34692	1525.75532
2025-09-04T12:26:54Z	15699.00000	1556.15005	1539.71616	1525.97785
2025-09-04T12:26:54Z	15699.00000	1556.52169	1540.23979	1526.29687
2025-09-04T12:26:54Z	15699.00000	1556.69175	1540.48003	1526.44031
2025-09-04T12:26:55Z	15700.00000	1556.86301	1540.72740	1526.58727
2025-09-04T12:26:55Z	15700.00000	1557.07488	1541.05345	1526.78285
2025-09-04T12:26:55Z	15700.00000	1557.28636	1541.33997	1526.95153
2025-09-04T12:26:55Z	15700.00000	1557.48905	1541.60986	1527.11337
2025-09-04T12:26:55Z	15700.00000	1557.67691	1541.86660	1527.26826
2025-09-04T12:26:55Z	15700.00000	1557.85200	1542.10661	1527.40947
2025-09-04T12:26:55Z	15700.00000	1557.94867	1542.26571	1527.50165
2025-09-04T12:26:55Z	15700.00000	1558.09712	1542.47849	1527.63047
2025-09-04T12:26:55Z	15700.00000	1558.30089	1542.75623	1527.79371
2025-09-04T12:26:56Z	15701.00000	1558.41199	1542.92947	1527.89664
2025-09-04T12:26:56Z	15701.00000	1558.53128	1543.06520	1527.97877
2025-09-04T12:26:56Z	15701.00000	1558.58282	1543.16715	1528.04193
2025-09-04T12:26:56Z	15701.00000	1558.69290	1543.28789	1528.11355
2025-09-04T12:26:56Z	15701.00000	1558.74463	1543.39251	1528.17847
2025-09-04T12:26:56Z	15701.00000	1558.85226	1543.51274	1528.24581
2025-09-04T12:26:56Z	15701.00000	1558.89698	1543.61254	1528.30369
2025-09-04T12:26:56Z	15701.00000	1558.96001	1543.67829	1528.34564
2025-09-04T12:26:56Z	15701.00000	1559.01656	1543.74448	1528.38727
2025-09-04T12:26:56Z	15701.00000	1559.04595	1543.80765	1528.42478
2025-09-04T12:26:57Z	15702.00000	1559.07114	1543.85247	1528.45028
2025-09-04T12:26:57Z	15702.00000	1559.10994	1543.89538	1528.47479
2025-09-04T12:26:57Z	15702.00000	1559.13808	1543.92713	1528.49236
2025-09-04T12:26:57Z	15702.00000	1559.16175	1543.95156	1528.50666
2025-09-04T12:26:57Z	15702.00000	1559.18256	1543.97625	1528.52153
2025-09-04T12:26:57Z	15702.00000	1559.19630	1543.99607	1528.53309
2025-09-04T12:26:57Z	15702.00000	1559.20127	1544.00851	1528.54042
2025-09-04T12:26:57Z	15702.00000	1559.20607	1544.02279	1528.54881
2025-09-04T12:26:57Z	15702.00000	1559.20906	1544.03187	1528.55432
2025-09-04T12:26:57Z	15702.00000	1559.21210	1544.04140	1528.56012
2025-09-04T12:26:58Z	15703.00000	1559.21530	1544.05038	1528.56532
2025-09-04T12:26:58Z	15703.00000	1556.70060	1540.52828	1526.45049
2025-09-04T12:26:58Z	15703.00000	1556.28401	1539.93947	1526.09893
2025-09-04T12:26:58Z	15703.00000	1556.01294	1539.54214	1525.85361
2025-09-04T12:26:58Z	15703.00000	1555.78018	1539.22735	1525.66419
2025-09-04T12:26:58Z	15703.00000	1555.60381	1538.98073	1525.51569
2025-09-04T12:26:58Z	15703.00000	1555.36192	1538.64454	1525.31461
2025-09-04T12:26:58Z	15703.00000	1555.04964	1538.20639	1525.04594
2025-09-04T12:26:58Z	15703.00000	1554.91485	1538.00447	1524.92215
2025-09-04T12:26:59Z	15704.00000	1554.83543	1537.88118	1524.84371
2025-09-04T12:26:59Z	15704.00000	1554.83240	1537.87459	1524.83927
2025-09-04T12:26:59Z	15704.00000	1554.83126	1537.87228	1524.83808
2025-09-04T12:26:59Z	15704.00000	1554.83071	1537.87047	1524.83753
2025-09-04T12:26:59Z	15704.00000	1554.82966	1537.86814	1524.83640
2025-09-04T12:26:59Z	15704.00000	1554.82821	1537.86570	1524.83553
2025-09-04T12:26:59Z	15704.00000	1554.82513	1537.86426	1524.83459
2025-09-04T12:26:59Z	15704.00000	1554.82472	1537.86297	1524.83403
2025-09-04T12:26:59Z	15704.00000	1554.82621	1537.86177	1524.83347
2025-09-04T12:26:59Z	15704.00000	1554.82365	1537.86059	1524.83286
2025-09-04T12:27:00Z	15705.00000	1554.82405	1537.85987	1524.83189
2025-09-04T12:27:00Z	15705.00000	1554.82230	1537.85907	1524.83161
2025-09-04T12:27:00Z	15705.00000	1554.82215	1537.85774	1524.83123
2025-09-04T12:27:00Z	15705.00000	1554.82197	1537.85679	1524.83093
2025-09-04T12:27:00Z	15705.00000	1554.82151	1537.85634	1524.83067
2025-09-04T12:27:00Z	15705.00000	1554.82119	1537.85519	1524.82981
2025-09-04T12:27:00Z	15705.00000	1554.82146	1537.85477	1524.82964
2025-09-04T12:27:00Z	15705.00000	1554.82088	1537.85419	1524.82941
2025-09-04T12:27:00Z	15705.00000	1554.82054	1537.85368	1524.82899
2025-09-04T12:27:01Z	15705.00000	1554.81974	1537.85265	1524.82848
2025-09-04T12:27:01Z	15706.00000	1554.81927	1537.85208	1524.82820
2025-09-04T12:27:01Z	15706.00000	1554.81910	1537.85131	1524.82776
2025-09-04T12:27:01Z	15706.00000	1554.81859	1537.85090	1524.82762
2025-09-04T12:27:01Z	15706.00000	1554.81789	1537.85055	1524.82736
2025-09-04T12:27:01Z	15706.00000	1554.81751	1537.85007	1524.82713
2025-09-04T12:27:01Z	15706.00000	1554.81717	1537.84961	1524.82669
2025-09-04T12:27:01Z	15706.00000	1554.81741	1537.84922	1524.82667
2025-09-04T12:27:01Z	15706.00000	1554.81618	1537.84887	1524.82634
2025-09-04T12:27:01Z	15706.00000	1554.81618	1537.84835	1524.82645
2025-09-04T12:27:02Z	15707.00000	1554.81584	1537.84808	1524.82601
2025-09-04T12:27:02Z	15707.00000	1554.81569	1537.84762	1524.82583
2025-09-04T12:27:02Z	15707.00000	1554.81553	1537.84746	1524.82575
2025-09-04T12:27:02Z	15707.00000	1554.81476	1537.84717	1524.82553
2025-09-04T12:27:02Z	15707.00000	1554.81464	1537.84670	1524.82522
2025-09-04T12:27:02Z	15707.00000	1554.81465	1537.84626	1524.82515
2025-09-04T12:27:02Z	15707.00000	1554.81461	1537.84612	1524.82494
2025-09-04T12:27:02Z	15707.00000	1554.81454	1537.84571	1524.82490
2025-09-04T12:27:02Z	15707.00000	1554.81372	1537.84555	1524.82480
2025-09-04T12:27:03Z	15707.00000	1554.81350	1537.84528	1524.82456
2025-09-04T12:27:03Z	15708.00000	1554.81325	1537.84517	1524.82432
2025-09-04T12:27:03Z	15708.00000	1554.81299	1537.84470	1524.82438
2025-09-04T12:27:03Z	15708.00000	1554.99779	1538.09823	1524.98623
2025-09-04T12:27:03Z	15708.00000	1555.23129	1538.45830	1525.20891
2025-09-04T12:27:03Z	15708.00000	1555.51401	1538.83117	1525.43443
2025-09-04T12:27:03Z	15708.00000	1555.70944	1539.13299	1525.61842
2025-09-04T12:27:03Z	15708.00000	1555.92953	1539.42087	1525.79893
2025-09-04T12:27:03Z	15708.00000	1556.17579	1539.74635	1525.99552
2025-09-04T12:27:03Z	15708.00000	1556.40214	1540.10374	1526.21058
2025-09-04T12:27:03Z	15708.00000	1556.55240	1540.31788	1526.34308
2025-09-04T12:27:04Z	15709.00000	1556.73303	1540.56837	1526.49277
2025-09-04T12:27:04Z	15709.00000	1556.94270	1540.85101	1526.66301
2025-09-04T12:27:04Z	15709.00000	1557.15781	1541.14408	1526.83627
2025-09-04T12:27:04Z	15709.00000	1557.29604	1541.35040	1526.95668
2025-09-04T12:27:04Z	15709.00000	1557.46651	1541.58533	1527.09927
2025-09-04T12:27:04Z	15709.00000	1557.62921	1541.81407	1527.23545
2025-09-04T12:27:04Z	15709.00000	1557.84389	1542.09821	1527.40487
2025-09-04T12:27:04Z	15709.00000	1557.97248	1542.29078	1527.51639
2025-09-04T12:27:04Z	15709.00000	1558.06563	1542.44488	1527.61051
2025-09-04T12:27:04Z	15709.00000	1558.20639	1542.62176	1527.71141
2025-09-04T12:27:05Z	15710.00000	1558.32806	1542.78278	1527.81016
2025-09-04T12:27:05Z	15710.00000	1558.41366	1542.93267	1527.89871
2025-09-04T12:27:05Z	15710.00000	1558.54804	1543.11295	1528.00862
2025-09-04T12:27:05Z	15710.00000	1558.64909	1543.23628	1528.08220
2025-09-04T12:27:05Z	15710.00000	1558.75181	1543.39873	1528.18183
2025-09-04T12:27:05Z	15710.00000	1558.82307	1543.47793	1528.22591
2025-09-04T12:27:05Z	15710.00000	1558.87140	1543.55129	1528.26596
2025-09-04T12:27:05Z	15710.00000	1558.92957	1543.64487	1528.32256
2025-09-04T12:27:05Z	15710.00000	1558.99601	1543.71383	1528.36680
2025-09-04T12:27:05Z	15710.00000	1559.03619	1543.77428	1528.40342
2025-09-04T12:27:06Z	15711.00000	1559.05431	1543.82526	1528.43310
2025-09-04T12:27:06Z	15711.00000	1559.08889	1543.87029	1528.45841
2025-09-04T12:27:06Z	15711.00000	1559.12819	1543.91283	1528.48239
2025-09-04T12:27:06Z	15711.00000	1559.15579	1543.94252	1528.49967
2025-09-04T12:27:06Z	15711.00000	1559.17740	1543.96740	1528.51401
2025-09-04T12:27:06Z	15711.00000	1559.19338	1543.98783	1528.52614
2025-09-04T12:27:06Z	15711.00000	1559.20117	1544.00544	1528.53653
2025-09-04T12:27:06Z	15711.00000	1559.20734	1544.02429	1528.54787
2025-09-04T12:27:06Z	15711.00000	1559.21206	1544.03828	1528.55613
2025-09-04T12:27:06Z	15711.00000	1559.21503	1544.04656	1528.56109
2025-09-04T12:27:07Z	15712.00000	1559.21436	1544.03066	1528.56200
2025-09-04T12:27:07Z	15712.00000	1556.60203	1540.39841	1526.37034
2025-09-04T12:27:07Z	15712.00000	1556.36681	1540.05667	1526.16904
2025-09-04T12:27:07Z	15712.00000	1556.11423	1539.69723	1525.95003
2025-09-04T12:27:07Z	15712.00000	1555.82377	1539.27838	1525.69555
2025-09-04T12:27:07Z	15712.00000	1555.64337	1539.02400	1525.54269
2025-09-04T12:27:07Z	15712.00000	1555.43030	1538.73528	1525.36694
2025-09-04T12:27:07Z	15712.00000	1555.22756	1538.45675	1525.20252
2025-09-04T12:27:07Z	15712.00000	1555.04563	1538.19972	1525.04310
2025-09-04T12:27:07Z	15712.00000	1554.85295	1537.92603	1524.87058
2025-09-04T12:27:08Z	15713.00000	1554.83711	1537.88299	1524.84428
2025-09-04T12:27:08Z	15713.00000	1554.83464	1537.87782	1524.84169
2025-09-04T12:27:08Z	15713.00000	1554.83405	1537.87575	1524.84129
2025-09-04T12:27:08Z	15713.00000	1554.83257	1537.87314	1524.83968
2025-09-04T12:27:08Z	15713.00000	1554.83153	1537.87035	1524.83840
2025-09-04T12:27:08Z	15713.00000	1554.83044	1537.86860	1524.83779
2025-09-04T12:27:08Z	15713.00000	1554.82899	1537.86741	1524.83709
2025-09-04T12:27:08Z	15713.00000	1554.82915	1537.86603	1524.83646
2025-09-04T12:27:08Z	15713.00000	1554.82917	1537.86493	1524.83593
2025-09-04T12:27:09Z	15713.00000	1554.82710	1537.86396	1524.83482
2025-09-04T12:27:09Z	15714.00000	1554.82652	1537.86292	1524.83436
2025-09-04T12:27:09Z	15714.00000	1554.82623	1537.86191	1524.83393
2025-09-04T12:27:09Z	15714.00000	1554.82614	1537.86109	1524.83381
2025-09-04T12:27:09Z	15714.00000	1554.82569	1537.86026	1524.83329
2025-09-04T12:27:09Z	15714.00000	1554.82422	1537.85921	1524.83273
2025-09-04T12:27:09Z	15714.00000	1554.82407	1537.85896	1524.83228
2025-09-04T12:27:09Z	15714.00000	1554.82291	1537.85812	1524.83208
2025-09-04T12:27:09Z	15714.00000	1554.82238	1537.85733	1524.83162
2025-09-04T12:27:09Z	15714.00000	1554.82226	1537.85680	1524.83122
2025-09-04T12:27:09Z	15714.00000	1554.82172	1537.85624	1524.83077
2025-09-04T12:27:10Z	15715.00000	1554.82143	1537.85566	1524.83059
2025-09-04T12:27:10Z	15715.00000	1554.82102	1537.85483	1524.83038
2025-09-04T12:27:10Z	15715.00000	1554.82154	1537.85454	1524.83025
2025-09-04T12:27:10Z	15715.00000	1554.82088	1537.85411	1524.82987
2025-09-04T12:27:10Z	15715.00000	1554.82110	1537.85376	1524.82963
2025-09-04T12:27:10Z	15715.00000	1554.82063	1537.85340	1524.82937
2025-09-04T12:27:10Z	15715.00000	1554.82046	1537.85291	1524.82919
2025-09-04T12:27:10Z	15715.00000	1554.82055	1537.85225	1524.82884
2025-09-04T12:27:10Z	15715.00000	1554.82000	1537.85167	1524.82865
2025-09-04T12:27:11Z	15715.00000	1554.81936	1537.85140	1524.82820
2025-09-04T12:27:11Z	15716.00000	1554.81911	1537.85118	1524.82798
2025-09-04T12:27:11Z	15716.00000	1554.81879	1537.85086	1524.82813
2025-09-04T12:27:11Z	15716.00000	1554.81875	1537.85044	1524.82779
2025-09-04T12:27:11Z	15716.00000	1554.81851	1537.85021	1524.82775
2025-09-04T12:27:11Z	15716.00000	1554.81780	1537.84989	1524.82747
2025-09-04T12:27:11Z	15716.00000	1554.81817	1537.84957	1524.82727
2025-09-04T12:27:11Z	15716.00000	1554.81775	1537.84914	1524.82738
2025-09-04T12:27:11Z	15716.00000	1554.81756	1537.84865	1524.82708
2025-09-04T12:27:11Z	15716.00000	1554.81752	1537.84857	1524.82680
2025-09-04T12:27:11Z	15716.00000	1554.81738	1537.84842	1524.82657
2025-09-04T12:27:12Z	15717.00000	1554.81662	1537.84809	1524.82650
2025-09-04T12:27:12Z	15717.00000	1554.86375	1537.94667	1524.88622
2025-09-04T12:27:12Z	15717.00000	1555.10260	1538.26440	1525.08576
2025-09-04T12:27:12Z	15717.00000	1555.43137	1538.72836	1525.37387
2025-09-04T12:27:12Z	15717.00000	1555.68900	1539.08388	1525.59110
2025-09-04T12:27:12Z	15717.00000	1555.86122	1539.32277	1525.73976
2025-09-04T12:27:12Z	15717.00000	1556.05294	1539.61466	1525.91522
2025-09-04T12:27:12Z	15717.00000	1556.25421	1539.88598	1526.08346
2025-09-04T12:27:12Z	15717.00000	1556.44649	1540.15122	1526.24044
2025-09-04T12:27:12Z	15717.00000	1556.69430	1540.48734	1526.44324
2025-09-04T12:27:13Z	15718.00000	1556.88037	1540.77664	1526.61611
2025-09-04T12:27:13Z	15718.00000	1557.03495	1540.97675	1526.73749
2025-09-04T12:27:13Z	15718.00000	1557.26262	1541.31442	1526.93618
2025-09-04T12:27:13Z	15718.00000	1557.50926	1541.63115	1527.12534
2025-09-04T12:27:13Z	15718.00000	1557.63398	1541.81928	1527.23936
2025-09-04T12:27:13Z	15718.00000	1557.74806	1541.99699	1527.34415
2025-09-04T12:27:13Z	15718.00000	1557.87662	1542.16416	1527.44404
2025-09-04T12:27:13Z	15718.00000	1558.02736	1542.35542	1527.55545
2025-09-04T12:27:13Z	15718.00000	1558.17647	1542.56750	1527.68100
2025-09-04T12:27:13Z	15718.00000	1558.30509	1542.76015	1527.79610
2025-09-04T12:27:14Z	15719.00000	1558.39595	1542.91249	1527.88688
2025-09-04T12:27:14Z	15719.00000	1558.54152	1543.09386	1527.99685
2025-09-04T12:27:14Z	15719.00000	1558.63220	1543.21861	1528.07229
2025-09-04T12:27:14Z	15719.00000	1558.70474	1543.31454	1528.13003
2025-09-04T12:27:14Z	15719.00000	1558.76931	1543.41744	1528.19231
2025-09-04T12:27:14Z	15719.00000	1558.85434	1543.51492	1528.24565
2025-09-04T12:27:14Z	15719.00000	1558.91020	1543.62615	1528.31009
2025-09-04T12:27:14Z	15719.00000	1558.98856	1543.70695	1528.36124
2025-09-04T12:27:14Z	15719.00000	1559.02949	1543.75728	1528.39223
2025-09-04T12:27:14Z	15719.00000	1559.04558	1543.80306	1528.41935
2025-09-04T12:27:15Z	15720.00000	1559.07877	1543.85799	1528.45072
2025-09-04T12:27:15Z	15720.00000	1559.11460	1543.89747	1528.47284
2025-09-04T12:27:15Z	15720.00000	1559.14849	1543.93564	1528.49436
2025-09-04T12:27:15Z	15720.00000	1559.17707	1543.96602	1528.51191
2025-09-04T12:27:15Z	15720.00000	1559.19361	1543.98828	1528.52508
2025-09-04T12:27:15Z	15720.00000	1559.20142	1544.00601	1528.53562
2025-09-04T12:27:15Z	15720.00000	1559.20666	1544.02115	1528.54468
2025-09-04T12:27:15Z	15720.00000	1559.21087	1544.03464	1528.55278
2025-09-04T12:27:15Z	15720.00000	1559.21515	1544.04681	1528.56020
2025-09-04T12:27:15Z	15720.00000	1559.21885	1544.05616	1528.56582
2025-09-04T12:27:16Z	15721.00000	1556.93381	1540.86028	1526.65523
2025-09-04T12:27:16Z	15721.00000	1556.43993	1540.16646	1526.22921
2025-09-04T12:27:16Z	15721.00000	1556.21172	1539.85041	1526.04435
2025-09-04T12:27:16Z	15721.00000	1555.99563	1539.51719	1525.83951
2025-09-04T12:27:16Z	15721.00000	1555.69373	1539.11186	1525.59435
2025-09-04T12:27:16Z	15721.00000	1555.50336	1538.81984	1525.41727
2025-09-04T12:27:16Z	15721.00000	1555.34109	1538.58918	1525.28060
2025-09-04T12:27:16Z	15721.00000	1555.15057	1538.31789	1525.11652
2025-09-04T12:27:16Z	15721.00000	1554.90443	1537.99007	1524.91383
2025-09-04T12:27:17Z	15721.00000	1554.83903	1537.88626	1524.84766
2025-09-04T12:27:17Z	15722.00000	1554.83573	1537.87936	1524.84294
2025-09-04T12:27:17Z	15722.00000	1554.83513	1537.87751	1524.84251
2025-09-04T12:27:17Z	15722.00000	1554.83414	1537.87450	1524.84100
2025-09-04T12:27:17Z	15722.00000	1554.83312	1537.87238	1524.83989
2025-09-04T12:27:17Z	15722.00000	1554.83266	1537.87097	1524.83933
2025-09-04T12:27:17Z	15722.00000	1554.83172	1537.86989	1524.83879
2025-09-04T12:27:17Z	15722.00000	1554.83158	1537.86861	1524.83828
2025-09-04T12:27:17Z	15722.00000	1554.83089	1537.86749	1524.83772
2025-09-04T12:27:17Z	15722.00000	1554.82910	1537.86617	1524.83694
2025-09-04T12:27:18Z	15722.00000	1554.82897	1537.86525	1524.83619
2025-09-04T12:27:18Z	15723.00000	1554.82823	1537.86403	1524.83558
2025-09-04T12:27:18Z	15723.00000	1554.82812	1537.86328	1524.83509
2025-09-04T12:27:18Z	15723.00000	1554.82755	1537.86220	1524.83474
2025-09-04T12:27:18Z	15723.00000	1554.82658	1537.86144	1524.83414
2025-09-04T12:27:18Z	15723.00000	1554.82651	1537.86110	1524.83383
2025-09-04T12:27:18Z	15723.00000	1554.82629	1537.86044	1524.83368
2025-09-04T12:27:18Z	15723.00000	1554.82565	1537.85968	1524.83327
2025-09-04T12:27:18Z	15723.00000	1554.82498	1537.85898	1524.83294
2025-09-04T12:27:18Z	15723.00000	1554.82433	1537.85835	1524.83271
2025-09-04T12:27:18Z	15723.00000	1554.82462	1537.85759	1524.83235
2025-09-04T12:27:19Z	15724.00000	1554.82429	1537.85702	1524.83205
2025-09-04T12:27:19Z	15724.00000	1554.82347	1537.85654	1524.83170
2025-09-04T12:27:19Z	15724.00000	1554.82204	1537.85602	1524.83135
2025-09-04T12:27:19Z	15724.00000	1554.82187	1537.85554	1524.83104
2025-09-04T12:27:19Z	15724.00000	1554.82188	1537.85496	1524.83084
2025-09-04T12:27:19Z	15724.00000	1554.82154	1537.85451	1524.83056
2025-09-04T12:27:19Z	15724.00000	1554.82195	1537.85409	1524.83041
2025-09-04T12:27:19Z	15724.00000	1554.82145	1537.85371	1524.83014
2025-09-04T12:27:19Z	15724.00000	1554.82169	1537.85335	1524.82985
2025-09-04T12:27:20Z	15724.00000	1554.82150	1537.85311	1524.82978
2025-09-04T12:27:20Z	15725.00000	1554.82093	1537.85262	1524.82952
2025-09-04T12:27:20Z	15725.00000	1554.82087	1537.85234	1524.82967
2025-09-04T12:27:20Z	15725.00000	1554.82085	1537.85186	1524.82912
2025-09-04T12:27:20Z	15725.00000	1554.82020	1537.85134	1524.82887
2025-09-04T12:27:20Z	15725.00000	1554.81969	1537.85108	1524.82882
2025-09-04T12:27:20Z	15725.00000	1554.81958	1537.85072	1524.82852
2025-09-04T12:27:20Z	15725.00000	1554.81954	1537.85024	1524.82831
2025-09-04T12:27:20Z	15725.00000	1554.81890	1537.84997	1524.82825
2025-09-04T12:27:21Z	15726.00000	1554.81880	1537.84949	1524.82781
2025-09-04T12:27:21Z	15726.00000	1554.81825	1537.84927	1524.82773
2025-09-04T12:27:21Z	15726.00000	1554.97971	1538.07530	1524.97101
2025-09-04T12:27:21Z	15726.00000	1555.30996	1538.54551	1525.26238
2025-09-04T12:27:21Z	15726.00000	1555.50214	1538.80871	1525.42096
2025-09-04T12:27:21Z	15726.00000	1555.73620	1539.16172	1525.63787
2025-09-04T12:27:21Z	15726.00000	1555.95955	1539.45364	1525.82009
2025-09-04T12:27:21Z	15726.00000	1556.19321	1539.78204	1526.01919
2025-09-04T12:27:21Z	15726.00000	1556.36956	1540.04846	1526.17888
2025-09-04T12:27:21Z	15726.00000	1556.53125	1540.26417	1526.31111
2025-09-04T12:27:22Z	15727.00000	1556.76633	1540.60272	1526.51371
2025-09-04T12:27:22Z	15727.00000	1556.93355	1540.83921	1526.65591
2025-09-04T12:27:22Z	15727.00000	1557.21342	1541.24478	1526.89723
2025-09-04T12:27:22Z	15727.00000	1557.40858	1541.52166	1527.06250
2025-09-04T12:27:22Z	15727.00000	1557.68414	1541.87177	1527.27221
2025-09-04T12:27:22Z	15727.00000	1557.83221	1542.08248	1527.39640
2025-09-04T12:27:22Z	15727.00000	1557.99040	1542.30878	1527.52809
2025-09-04T12:27:22Z	15727.00000	1558.07887	1542.45859	1527.61986
2025-09-04T12:27:22Z	15727.00000	1558.20144	1542.60620	1527.70305
2025-09-04T12:27:23Z	15728.00000	1558.31513	1542.76946	1527.80216
2025-09-04T12:27:23Z	15728.00000	1558.42471	1542.94439	1527.90537
2025-09-04T12:27:23Z	15728.00000	1558.53699	1543.07867	1527.98716
2025-09-04T12:27:23Z	15728.00000	1558.61788	1543.20236	1528.06213
2025-09-04T12:27:23Z	15728.00000	1558.71812	1543.35144	1528.15247
2025-09-04T12:27:23Z	15728.00000	1558.78592	1543.43563	1528.20187
2025-09-04T12:27:23Z	15728.00000	1558.87285	1543.55782	1528.26816
2025-09-04T12:27:23Z	15728.00000	1558.91041	1543.62393	1528.30766
2025-09-04T12:27:23Z	15728.00000	1558.97796	1543.69481	1528.35256
2025-09-04T12:27:23Z	15728.00000	1559.02923	1543.75620	1528.39043
2025-09-04T12:27:24Z	15729.00000	1559.05038	1543.81711	1528.42607
2025-09-04T12:27:24Z	15729.00000	1559.08679	1543.86794	1528.45498
2025-09-04T12:27:24Z	15729.00000	1559.11527	1543.89817	1528.47196
2025-09-04T12:27:24Z	15729.00000	1559.16101	1543.94873	1528.50035
2025-09-04T12:27:24Z	15729.00000	1559.18856	1543.98110	1528.51937
2025-09-04T12:27:24Z	15729.00000	1559.20270	1544.01019	1528.53674
2025-09-04T12:27:24Z	15729.00000	1559.20740	1544.02427	1528.54543
2025-09-04T12:27:24Z	15729.00000	1559.21017	1544.03285	1528.55041
2025-09-04T12:27:25Z	15729.00000	1559.21368	1544.04372	1528.55692
2025-09-04T12:27:25Z	15730.00000	1556.94537	1540.87068	1526.66691
2025-09-04T12:27:25Z	15730.00000	1556.55421	1540.32101	1526.33227
2025-09-04T12:27:25Z	15730.00000	1556.32774	1539.98624	1526.12571
2025-09-04T12:27:25Z	15730.00000	1556.11499	1539.69548	1525.94827
2025-09-04T12:27:25Z	15730.00000	1555.92586	1539.43910	1525.79516
2025-09-04T12:27:25Z	15730.00000	1555.68091	1539.07209	1525.57248
2025-09-04T12:27:25Z	15730.00000	1555.43301	1538.73715	1525.36905
2025-09-04T12:27:25Z	15730.00000	1555.18193	1538.37260	1525.15158
2025-09-04T12:27:25Z	15730.00000	1554.98678	1538.08294	1524.97289
2025-09-04T12:27:26Z	15730.00000	1554.83872	1537.88848	1524.84667
2025-09-04T12:27:26Z	15731.00000	1554.83752	1537.88323	1524.84487
2025-09-04T12:27:26Z	15731.00000	1554.83752	1537.88150	1524.84472
2025-09-04T12:27:26Z	15731.00000	1554.83520	1537.87714	1524.84273
2025-09-04T12:27:26Z	15731.00000	1554.83468	1537.87440	1524.84161
2025-09-04T12:27:26Z	15731.00000	1554.83340	1537.87203	1524.84038
2025-09-04T12:27:26Z	15731.00000	1554.83255	1537.87079	1524.83976
2025-09-04T12:27:26Z	15731.00000	1554.83227	1537.86821	1524.83867
2025-09-04T12:27:26Z	15731.00000	1554.83118	1537.86737	1524.83814
2025-09-04T12:27:27Z	15732.00000	1554.82709	1537.86638	1524.83711
2025-09-04T12:27:27Z	15732.00000	1554.82912	1537.86529	1524.83667
2025-09-04T12:27:27Z	15732.00000	1554.82867	1537.86438	1524.83639
2025-09-04T12:27:27Z	15732.00000	1554.82867	1537.86293	1524.83569
2025-09-04T12:27:27Z	15732.00000	1554.82762	1537.86240	1524.83530
2025-09-04T12:27:27Z	15732.00000	1554.82725	1537.86110	1524.83453
2025-09-04T12:27:27Z	15732.00000	1554.82676	1537.86044	1524.83439
2025-09-04T12:27:27Z	15732.00000	1554.82624	1537.86007	1524.83393
2025-09-04T12:27:27Z	15732.00000	1554.82557	1537.85938	1524.83352
2025-09-04T12:27:28Z	15733.00000	1554.82532	1537.85865	1524.83309
2025-09-04T12:27:28Z	15733.00000	1554.82470	1537.85831	1524.83304
2025-09-04T12:27:28Z	15733.00000	1554.82471	1537.85757	1524.83275
2025-09-04T12:27:28Z	15733.00000	1554.82315	1537.85703	1524.83246
2025-09-04T12:27:28Z	15733.00000	1554.82378	1537.85656	1524.83210
2025-09-04T12:27:28Z	15733.00000	1554.82330	1537.85594	1524.83190
2025-09-04T12:27:28Z	15733.00000	1554.82198	1537.85525	1524.83136
2025-09-04T12:27:28Z	15733.00000	1554.82213	1537.85485	1524.83121
2025-09-04T12:27:28Z	15733.00000	1554.82189	1537.85434	1524.83086
2025-09-04T12:27:29Z	15734.00000	1554.82192	1537.85373	1524.83045
2025-09-04T12:27:29Z	15734.00000	1554.82236	1537.85333	1524.83039
2025-09-04T12:27:29Z	15734.00000	1554.82163	1537.85293	1524.83011
2025-09-04T12:27:29Z	15734.00000	1554.82138	1537.85241	1524.82978
2025-09-04T12:27:29Z	15734.00000	1554.82100	1537.85209	1524.82965
2025-09-04T12:27:29Z	15734.00000	1554.82073	1537.85178	1524.82947
2025-09-04T12:27:29Z	15734.00000	1554.82074	1537.85148	1524.82951
2025-09-04T12:27:29Z	15734.00000	1554.82036	1537.85124	1524.82923
2025-09-04T12:27:30Z	15734.00000	1554.82029	1537.85102	1524.82871
2025-09-04T12:27:30Z	15735.00000	1554.82000	1537.85054	1524.82886
2025-09-04T12:27:30Z	15735.00000	1554.92339	1538.00269	1524.92990
2025-09-04T12:27:30Z	15735.00000	1555.21383	1538.43418	1525.19495
2025-09-04T12:27:30Z	15735.00000	1555.41685	1538.70982	1525.36286
2025-09-04T12:27:30Z	15735.00000	1555.65487	1539.02097	1525.55461
2025-09-04T12:27:30Z	15735.00000	1556.00327	1539.50481	1525.84953
2025-09-04T12:27:30Z	15735.00000	1556.19368	1539.78201	1526.01877
2025-09-04T12:27:30Z	15735.00000	1556.37170	1540.05280	1526.18110
2025-09-04T12:27:30Z	15735.00000	1556.58360	1540.35191	1526.36263
2025-09-04T12:27:31Z	15736.00000	1556.81059	1540.65077	1526.54176
2025-09-04T12:27:31Z	15736.00000	1557.18321	1541.16969	1526.85260
2025-09-04T12:27:31Z	15736.00000	1557.52214	1541.64533	1527.13341
2025-09-04T12:27:31Z	15736.00000	1557.68415	1541.87245	1527.27259
2025-09-04T12:27:31Z	15736.00000	1557.83744	1542.08624	1527.39834
2025-09-04T12:27:31Z	15736.00000	1557.99677	1542.31348	1527.53107
2025-09-04T12:27:31Z	15736.00000	1558.14733	1542.53006	1527.66024
2025-09-04T12:27:32Z	15736.00000	1558.30381	1542.75494	1527.79264
2025-09-04T12:27:32Z	15737.00000	1558.48356	1543.00250	1527.93995
2025-09-04T12:27:32Z	15737.00000	1558.57461	1543.15377	1528.03256
2025-09-04T12:27:32Z	15737.00000	1558.71970	1543.35262	1528.15227
2025-09-04T12:27:32Z	15737.00000	1558.81885	1543.46988	1528.21950
2025-09-04T12:27:32Z	15737.00000	1558.87054	1543.54545	1528.26064
2025-09-04T12:27:32Z	15737.00000	1558.95946	1543.67297	1528.33717
2025-09-04T12:27:32Z	15737.00000	1559.00980	1543.72811	1528.37194
2025-09-04T12:27:32Z	15737.00000	1559.04124	1543.78742	1528.40733
2025-09-04T12:27:33Z	15738.00000	1559.06973	1543.84622	1528.44080
2025-09-04T12:27:33Z	15738.00000	1559.11263	1543.89325	1528.46742
2025-09-04T12:27:33Z	15738.00000	1559.15133	1543.93642	1528.49115
2025-09-04T12:27:33Z	15738.00000	1559.18739	1543.97673	1528.51487
2025-09-04T12:27:33Z	15738.00000	1559.19797	1543.99514	1528.52568
2025-09-04T12:27:33Z	15738.00000	1559.20410	1544.01141	1528.53503
2025-09-04T12:27:33Z	15738.00000	1559.20841	1544.02442	1528.54273
2025-09-04T12:27:33Z	15738.00000	1559.21299	1544.03875	1528.55147
2025-09-04T12:27:34Z	15739.00000	1558.46647	1542.97988	1527.94872
2025-09-04T12:27:34Z	15739.00000	1556.58718	1540.37647	1526.35718
2025-09-04T12:27:34Z	15739.00000	1556.30915	1539.96282	1526.10887
2025-09-04T12:27:34Z	15739.00000	1555.94358	1539.45937	1525.80586
2025-09-04T12:27:34Z	15739.00000	1555.69206	1539.10445	1525.59066
2025-09-04T12:27:34Z	15739.00000	1555.35592	1538.62600	1525.30334
2025-09-04T12:27:34Z	15739.00000	1555.19256	1538.40163	1525.16866
2025-09-04T12:27:34Z	15739.00000	1554.84712	1537.90819	1524.86081
2025-09-04T12:27:35Z	15740.00000	1554.83869	1537.88402	1524.84673
2025-09-04T12:27:35Z	15740.00000	1554.83697	1537.87982	1524.84467
2025-09-04T12:27:35Z	15740.00000	1554.83565	1537.87605	1524.84270
2025-09-04T12:27:35Z	15740.00000	1554.83488	1537.87377	1524.84171
2025-09-04T12:27:35Z	15740.00000	1554.83333	1537.87148	1524.84036
2025-09-04T12:27:35Z	15740.00000	1554.83315	1537.87003	1524.83970
2025-09-04T12:27:35Z	15740.00000	1554.83055	1537.86846	1524.83895
2025-09-04T12:27:35Z	15740.00000	1554.83123	1537.86772	1524.83846
2025-09-04T12:27:36Z	15741.00000	1554.82750	1537.86663	1524.83782
2025-09-04T12:27:36Z	15741.00000	1554.83021	1537.86586	1524.83736
2025-09-04T12:27:36Z	15741.00000	1554.82751	1537.86449	1524.83690
2025-09-04T12:27:36Z	15741.00000	1554.82898	1537.86405	1524.83675
2025-09-04T12:27:36Z	15741.00000	1554.82874	1537.86246	1524.83589
2025-09-04T12:27:36Z	15741.00000	1554.82728	1537.86192	1524.83536
2025-09-04T12:27:36Z	15741.00000	1554.82755	1537.86120	1524.83493
2025-09-04T12:27:36Z	15741.00000	1554.82691	1537.86055	1524.83469
2025-09-04T12:27:36Z	15741.00000	1554.82501	1537.86002	1524.83435
2025-09-04T12:27:37Z	15742.00000	1554.82637	1537.85901	1524.83377
2025-09-04T12:27:37Z	15742.00000	1554.82451	1537.85856	1524.83357
2025-09-04T12:27:37Z	15742.00000	1554.82601	1537.85819	1524.83327
2025-09-04T12:27:37Z	15742.00000	1554.82402	1537.85758	1524.83328
2025-09-04T12:27:37Z	15742.00000	1554.82515	1537.85732	1524.83273
2025-09-04T12:27:37Z	15742.00000	1554.82414	1537.85657	1524.83250
2025-09-04T12:27:37Z	15742.00000	1554.82404	1537.85575	1524.83214
2025-09-04T12:27:37Z	15742.00000	1554.82281	1537.85518	1524.83189
2025-09-04T12:27:37Z	15742.00000	1554.82259	1537.85508	1524.83151
2025-09-04T12:27:38Z	15743.00000	1554.82225	1537.85462	1524.83135
2025-09-04T12:27:38Z	15743.00000	1554.82203	1537.85416	1524.83096
2025-09-04T12:27:38Z	15743.00000	1554.82169	1537.85367	1524.83092
2025-09-04T12:27:38Z	15743.00000	1554.82239	1537.85321	1524.83035
2025-09-04T12:27:38Z	15743.00000	1554.82208	1537.85233	1524.83001
2025-09-04T12:27:38Z	15743.00000	1554.82182	1537.85171	1524.82990
2025-09-04T12:27:38Z	15743.00000	1554.82134	1537.85165	1524.82972
2025-09-04T12:27:39Z	15744.00000	1554.82101	1537.85134	1524.82948
2025-09-04T12:27:39Z	15744.00000	1554.88783	1537.96525	1524.90630
2025-09-04T12:27:39Z	15744.00000	1555.12563	1538.28692	1525.10394
2025-09-04T12:27:39Z	15744.00000	1555.36373	1538.64262	1525.32322
2025-09-04T12:27:39Z	15744.00000	1555.64330	1539.00839	1525.54722
2025-09-04T12:27:39Z	15744.00000	1555.87538	1539.35323	1525.75805
2025-09-04T12:27:39Z	15744.00000	1556.08494	1539.64378	1525.93248
2025-09-04T12:27:39Z	15744.00000	1556.35499	1540.00098	1526.15187
2025-09-04T12:27:39Z	15744.00000	1556.54665	1540.30231	1526.33447
2025-09-04T12:27:39Z	15744.00000	1556.70560	1540.51386	1526.46041
2025-09-04T12:27:40Z	15745.00000	1556.89400	1540.79269	1526.62632
2025-09-04T12:27:40Z	15745.00000	1557.04206	1540.99209	1526.74676
2025-09-04T12:27:40Z	15745.00000	1557.23586	1541.27467	1526.91381
2025-09-04T12:27:40Z	15745.00000	1557.40602	1541.51446	1527.05792
2025-09-04T12:27:40Z	15745.00000	1557.60838	1541.78649	1527.21951
2025-09-04T12:27:40Z	15745.00000	1557.73045	1541.97109	1527.33035
2025-09-04T12:27:40Z	15745.00000	1557.90612	1542.21450	1527.47331
2025-09-04T12:27:40Z	15745.00000	1558.09745	1542.47310	1527.62818
2025-09-04T12:27:40Z	15745.00000	1558.24277	1542.68493	1527.74949
2025-09-04T12:27:41Z	15745.00000	1558.37224	1542.84542	1527.84778
2025-09-04T12:27:41Z	15746.00000	1558.50045	1543.01509	1527.94683
2025-09-04T12:27:41Z	15746.00000	1558.66789	1543.24851	1528.08674
2025-09-04T12:27:41Z	15746.00000	1558.71746	1543.34200	1528.14437
2025-09-04T12:27:41Z	15746.00000	1558.80279	1543.44627	1528.20554
2025-09-04T12:27:41Z	15746.00000	1558.87187	1543.54549	1528.25890
2025-09-04T12:27:41Z	15746.00000	1558.94588	1543.65467	1528.32398
2025-09-04T12:27:41Z	15746.00000	1559.00083	1543.71141	1528.36016
2025-09-04T12:27:41Z	15746.00000	1559.04559	1543.79605	1528.41057
2025-09-04T12:27:42Z	15746.00000	1559.08153	1543.85498	1528.44403
2025-09-04T12:27:42Z	15747.00000	1559.11389	1543.88964	1528.46355
2025-09-04T12:27:42Z	15747.00000	1559.15090	1543.93106	1528.48630
2025-09-04T12:27:42Z	15747.00000	1559.17205	1543.95442	1528.50000
2025-09-04T12:27:42Z	15747.00000	1559.19232	1543.97930	1528.51399
2025-09-04T12:27:42Z	15747.00000	1559.20341	1544.00408	1528.52899
2025-09-04T12:27:42Z	15747.00000	1559.20914	1544.02259	1528.53995
2025-09-04T12:27:42Z	15747.00000	1559.21836	1544.04820	1528.55612
2025-09-04T12:27:42Z	15747.00000	1559.22161	1544.05813	1528.56110
2025-09-04T12:27:42Z	15747.00000	1559.22649	1544.06396	1528.56433
2025-09-04T12:27:43Z	15748.00000	1556.84587	1540.72699	1526.57006
2025-09-04T12:27:43Z	15748.00000	1556.38569	1540.09551	1526.18935
2025-09-04T12:27:43Z	15748.00000	1556.19659	1539.81025	1526.01539
2025-09-04T12:27:43Z	15748.00000	1555.96432	1539.48225	1525.81865
2025-09-04T12:27:43Z	15748.00000	1555.68236	1539.07186	1525.57229
2025-09-04T12:27:43Z	15748.00000	1555.51209	1538.83197	1525.42435
2025-09-04T12:27:43Z	15748.00000	1555.27454	1538.50333	1525.23122
2025-09-04T12:27:43Z	15748.00000	1554.87681	1537.95689	1524.89248
2025-09-04T12:27:43Z	15748.00000	1554.84153	1537.89133	1524.85227
2025-09-04T12:27:44Z	15749.00000	1554.83849	1537.88259	1524.84578
2025-09-04T12:27:44Z	15749.00000	1554.83732	1537.88083	1524.84520
2025-09-04T12:27:44Z	15749.00000	1554.83656	1537.87836	1524.84389
2025-09-04T12:27:44Z	15749.00000	1554.83605	1537.87632	1524.84319
2025-09-04T12:27:44Z	15749.00000	1554.83554	1537.87453	1524.84229
2025-09-04T12:27:44Z	15749.00000	1554.83419	1537.87266	1524.84142
2025-09-04T12:27:44Z	15749.00000	1554.83378	1537.87142	1524.84068
2025-09-04T12:27:44Z	15749.00000	1554.83344	1537.86991	1524.84000
2025-09-04T12:27:44Z	15749.00000	1554.83290	1537.86888	1524.83938
2025-09-04T12:27:44Z	15749.00000	1554.83170	1537.86825	1524.83874
2025-09-04T12:27:45Z	15750.00000	1554.83129	1537.86709	1524.83831
2025-09-04T12:27:45Z	15750.00000	1554.83107	1537.86583	1524.83772
2025-09-04T12:27:45Z	15750.00000	1554.83034	1537.86486	1524.83729
2025-09-04T12:27:45Z	15750.00000	1554.82989	1537.86452	1524.83695
2025-09-04T12:27:45Z	15750.00000	1554.82863	1537.86346	1524.83617
2025-09-04T12:27:45Z	15750.00000	1554.82897	1537.86279	1524.83608
2025-09-04T12:27:45Z	15750.00000	1554.82752	1537.86198	1524.83554
2025-09-04T12:27:45Z	15750.00000	1554.82591	1537.86156	1524.83520
2025-09-04T12:27:45Z	15750.00000	1554.82791	1537.86087	1524.83493
2025-09-04T12:27:45Z	15750.00000	1554.82731	1537.86016	1524.83460
2025-09-04T12:27:46Z	15751.00000	1554.82721	1537.85939	1524.83438
2025-09-04T12:27:46Z	15751.00000	1554.82690	1537.85908	1524.83419
2025-09-04T12:27:46Z	15751.00000	1554.82591	1537.85860	1524.83368
2025-09-04T12:27:46Z	15751.00000	1554.82574	1537.85790	1524.83349
2025-09-04T12:27:46Z	15751.00000	1554.82546	1537.85773	1524.83325
2025-09-04T12:27:46Z	15751.00000	1554.82507	1537.85710	1524.83308
2025-09-04T12:27:46Z	15751.00000	1554.82492	1537.85657	1524.83265
2025-09-04T12:27:46Z	15751.00000	1554.82352	1537.85631	1524.83250
2025-09-04T12:27:46Z	15751.00000	1554.82421	1537.85588	1524.83210
2025-09-04T12:27:46Z	15751.00000	1554.82413	1537.85540	1524.83218
2025-09-04T12:27:47Z	15752.00000	1554.82368	1537.85516	1524.83191
2025-09-04T12:27:47Z	15752.00000	1554.82288	1537.85467	1524.83145
2025-09-04T12:27:47Z	15752.00000	1554.82276	1537.85421	1524.83121
2025-09-04T12:27:47Z	15752.00000	1554.82239	1537.85392	1524.83109
2025-09-04T12:27:47Z	15752.00000	1554.82207	1537.85390	1524.83113
2025-09-04T12:27:47Z	15752.00000	1554.82201	1537.85337	1524.83082
2025-09-04T12:27:47Z	15752.00000	1554.82178	1537.85280	1524.83072
2025-09-04T12:27:47Z	15752.00000	1554.82173	1537.85271	1524.83073
2025-09-04T12:27:47Z	15752.00000	1554.82138	1537.85235	1524.83043
2025-09-04T12:27:47Z	15752.00000	1554.82199	1537.85200	1524.83027
2025-09-04T12:27:48Z	15753.00000	1554.82107	1537.85158	1524.82999
2025-09-04T12:27:48Z	15753.00000	1554.82213	1537.85144	1524.82987
2025-09-04T12:27:48Z	15753.00000	1555.01151	1538.12163	1525.00204
2025-09-04T12:27:48Z	15753.00000	1555.20362	1538.41824	1525.18473
2025-09-04T12:27:48Z	15753.00000	1555.46347	1538.75977	1525.39191
2025-09-04T12:27:48Z	15753.00000	1555.70140	1539.11228	1525.60733
2025-09-04T12:27:48Z	15753.00000	1555.92222	1539.40760	1525.79193
2025-09-04T12:27:48Z	15753.00000	1556.17055	1539.73510	1525.98899
2025-09-04T12:27:48Z	15753.00000	1556.37145	1540.04807	1526.17823
2025-09-04T12:27:48Z	15753.00000	1556.53258	1540.26313	1526.31011
2025-09-04T12:27:49Z	15754.00000	1556.70805	1540.51903	1526.46312
2025-09-04T12:27:49Z	15754.00000	1556.93507	1540.83545	1526.65308
2025-09-04T12:27:49Z	15754.00000	1557.14901	1541.12734	1526.82605
2025-09-04T12:27:49Z	15754.00000	1557.37179	1541.45074	1527.01806
2025-09-04T12:27:49Z	15754.00000	1557.55641	1541.72523	1527.18043
2025-09-04T12:27:49Z	15754.00000	1557.74649	1541.98717	1527.33887
2025-09-04T12:27:49Z	15754.00000	1558.01297	1542.32657	1527.53839
2025-09-04T12:27:49Z	15754.00000	1558.11140	1542.48472	1527.63479
2025-09-04T12:27:50Z	15754.00000	1558.25234	1542.69528	1527.75516
2025-09-04T12:27:50Z	15755.00000	1558.36762	1542.82995	1527.83821
2025-09-04T12:27:50Z	15755.00000	1558.47271	1542.98339	1527.92776
2025-09-04T12:27:50Z	15755.00000	1558.55617	1543.12237	1528.01195
2025-09-04T12:27:50Z	15755.00000	1558.70036	1543.29069	1528.11126
2025-09-04T12:27:50Z	15755.00000	1558.78316	1543.42021	1528.18964
2025-09-04T12:27:50Z	15755.00000	1558.85665	1543.50565	1528.23652
2025-09-04T12:27:50Z	15755.00000	1558.88587	1543.58021	1528.27802
2025-09-04T12:27:50Z	15755.00000	1558.95714	1543.66266	1528.32748
2025-09-04T12:27:50Z	15755.00000	1559.03358	1543.75578	1528.38541
2025-09-04T12:27:50Z	15755.00000	1559.05369	1543.81441	1528.41941
2025-09-04T12:27:51Z	15756.00000	1559.08569	1543.85574	1528.44326
2025-09-04T12:27:51Z	15756.00000	1559.12547	1543.89880	1528.46716
2025-09-04T12:27:51Z	15756.00000	1559.15753	1543.93440	1528.48686
2025-09-04T12:27:51Z	15756.00000	1559.18696	1543.96801	1528.50622
2025-09-04T12:27:51Z	15756.00000	1559.19996	1543.99194	1528.52028
2025-09-04T12:27:51Z	15756.00000	1559.20831	1544.01662	1528.53478
2025-09-04T12:27:51Z	15756.00000	1559.21427	1544.03477	1528.54521
2025-09-04T12:27:51Z	15756.00000	1559.22515	1544.05946	1528.56028
2025-09-04T12:27:52Z	15757.00000	1557.96732	1542.28768	1527.50628
2025-09-04T12:27:52Z	15757.00000	1556.64121	1540.43573	1526.38118
2025-09-04T12:27:52Z	15757.00000	1556.37724	1540.07376	1526.17429
2025-09-04T12:27:52Z	15757.00000	1556.18913	1539.78817	1525.99994
2025-09-04T12:27:52Z	15757.00000	1555.94536	1539.46071	1525.80578
2025-09-04T12:27:52Z	15757.00000	1555.66893	1539.04833	1525.55851
2025-09-04T12:27:52Z	15757.00000	1555.45661	1538.75949	1525.38243
2025-09-04T12:27:52Z	15757.00000	1555.29365	1538.52605	1525.24374
2025-09-04T12:27:52Z	15757.00000	1555.03627	1538.18356	1525.03256
2025-09-04T12:27:53Z	15757.00000	1554.85951	1537.93377	1524.87761
2025-09-04T12:27:53Z	15758.00000	1554.84103	1537.88810	1524.84953
2025-09-04T12:27:53Z	15758.00000	1554.83845	1537.88216	1524.84602
2025-09-04T12:27:53Z	15758.00000	1554.83356	1537.87974	1524.84518
2025-09-04T12:27:53Z	15758.00000	1554.83640	1537.87699	1524.84377
2025-09-04T12:27:53Z	15758.00000	1554.83522	1537.87422	1524.84247
2025-09-04T12:27:53Z	15758.00000	1554.83483	1537.87258	1524.84137
2025-09-04T12:27:53Z	15758.00000	1554.83437	1537.87142	1524.84102
2025-09-04T12:27:53Z	15758.00000	1554.83386	1537.86970	1524.84029
2025-09-04T12:27:54Z	15758.00000	1554.83287	1537.86910	1524.83956
2025-09-04T12:27:54Z	15759.00000	1554.83197	1537.86843	1524.83927
2025-09-04T12:27:54Z	15759.00000	1554.83202	1537.86732	1524.83879
2025-09-04T12:27:54Z	15759.00000	1554.83160	1537.86591	1524.83798
2025-09-04T12:27:54Z	15759.00000	1554.83092	1537.86522	1524.83770
2025-09-04T12:27:54Z	15759.00000	1554.83049	1537.86421	1524.83693
2025-09-04T12:27:54Z	15759.00000	1554.82972	1537.86384	1524.83691
2025-09-04T12:27:54Z	15759.00000	1554.82706	1537.86328	1524.83660
2025-09-04T12:27:54Z	15759.00000	1554.82950	1537.86264	1524.83622
2025-09-04T12:27:54Z	15759.00000	1554.82910	1537.86204	1524.83594
2025-09-04T12:27:54Z	15759.00000	1554.82703	1537.86121	1524.83548
2025-09-04T12:27:55Z	15760.00000	1554.82723	1537.86039	1524.83499
2025-09-04T12:27:55Z	15760.00000	1554.82560	1537.86012	1524.83468
2025-09-04T12:27:55Z	15760.00000	1554.82720	1537.85957	1524.83470
2025-09-04T12:27:55Z	15760.00000	1554.82706	1537.85905	1524.83409
2025-09-04T12:27:55Z	15760.00000	1554.82632	1537.85833	1524.83398
2025-09-04T12:27:55Z	15760.00000	1554.82449	1537.85798	1524.83383
2025-09-04T12:27:55Z	15760.00000	1554.82449	1537.85761	1524.83360
2025-09-04T12:27:55Z	15760.00000	1554.82565	1537.85701	1524.83326
2025-09-04T12:27:55Z	15760.00000	1554.82539	1537.85642	1524.83306
2025-09-04T12:27:56Z	15760.00000	1554.82452	1537.85611	1524.83271
2025-09-04T12:27:56Z	15761.00000	1554.82448	1537.85595	1524.83259
2025-09-04T12:27:56Z	15761.00000	1554.82435	1537.85541	1524.83217
2025-09-04T12:27:56Z	15761.00000	1554.82467	1537.85493	1524.83218
2025-09-04T12:27:56Z	15761.00000	1554.82386	1537.85486	1524.83211
2025-09-04T12:27:56Z	15761.00000	1554.82408	1537.85436	1524.83179
2025-09-04T12:27:56Z	15761.00000	1554.82246	1537.85414	1524.83161
2025-09-04T12:27:56Z	15761.00000	1554.82244	1537.85358	1524.83134
2025-09-04T12:27:56Z	15761.00000	1554.82237	1537.85339	1524.83129
2025-09-04T12:27:56Z	15761.00000	1554.82209	1537.85318	1524.83125
2025-09-04T12:27:56Z	15761.00000	1554.82184	1537.85282	1524.83098
2025-09-04T12:27:57Z	15762.00000	1554.82195	1537.85263	1524.83068
2025-09-04T12:27:57Z	15762.00000	1554.82253	1537.85233	1524.83050
2025-09-04T12:27:57Z	15762.00000	1555.09894	1538.25294	1525.08251
2025-09-04T12:27:57Z	15762.00000	1555.35144	1538.60595	1525.30057
2025-09-04T12:27:57Z	15762.00000	1555.56515	1538.91892	1525.49215
2025-09-04T12:27:57Z	15762.00000	1555.85991	1539.31227	1525.73382
2025-09-04T12:27:57Z	15762.00000	1556.02670	1539.55005	1525.87682
2025-09-04T12:27:57Z	15762.00000	1556.21062	1539.82485	1526.04572
2025-09-04T12:27:57Z	15762.00000	1556.47549	1540.17545	1526.25511
2025-09-04T12:27:57Z	15762.00000	1556.65914	1540.42963	1526.40729
2025-09-04T12:27:58Z	15763.00000	1556.79575	1540.62967	1526.52882
2025-09-04T12:27:58Z	15763.00000	1556.99605	1540.90191	1526.69329
2025-09-04T12:27:58Z	15763.00000	1557.16997	1541.14833	1526.83869
2025-09-04T12:27:58Z	15763.00000	1557.34462	1541.39446	1526.98354
2025-09-04T12:27:58Z	15763.00000	1557.51575	1541.63696	1527.12867
2025-09-04T12:27:58Z	15763.00000	1557.71489	1541.93892	1527.31145
2025-09-04T12:27:58Z	15763.00000	1557.86220	1542.11315	1527.41439
2025-09-04T12:27:58Z	15763.00000	1558.00819	1542.31808	1527.53334
2025-09-04T12:27:58Z	15763.00000	1558.16825	1542.54535	1527.66875
2025-09-04T12:27:58Z	15763.00000	1558.28264	1542.72474	1527.77362
2025-09-04T12:27:59Z	15764.00000	1558.40996	1542.91303	1527.88608
2025-09-04T12:27:59Z	15764.00000	1558.53464	1543.05887	1527.97337
2025-09-04T12:27:59Z	15764.00000	1558.64557	1543.21718	1528.06832
2025-09-04T12:27:59Z	15764.00000	1558.72002	1543.34055	1528.14234
2025-09-04T12:27:59Z	15764.00000	1558.81638	1543.45228	1528.20761
2025-09-04T12:27:59Z	15764.00000	1558.87807	1543.55417	1528.26257
2025-09-04T12:27:59Z	15764.00000	1558.94162	1543.64159	1528.31425
2025-09-04T12:27:59Z	15764.00000	1559.03075	1543.74249	1528.37719
2025-09-04T12:27:59Z	15764.00000	1559.05285	1543.80592	1528.41454
2025-09-04T12:27:59Z	15764.00000	1559.09588	1543.86044	1528.44554
2025-09-04T12:28:00Z	15765.00000	1559.13753	1543.90652	1528.47122
2025-09-04T12:28:00Z	15765.00000	1559.17155	1543.94389	1528.49212
2025-09-04T12:28:00Z	15765.00000	1559.19762	1543.98057	1528.51310
2025-09-04T12:28:00Z	15765.00000	1559.20771	1544.00808	1528.52944
2025-09-04T12:28:00Z	15765.00000	1559.21264	1544.02410	1528.53871
2025-09-04T12:28:00Z	15765.00000	1559.21919	1544.04085	1528.54868
2025-09-04T12:28:00Z	15765.00000	1559.22658	1544.05529	1528.55723
2025-09-04T12:28:00Z	15765.00000	1559.23912	1544.07239	1528.56702
2025-09-04T12:28:00Z	15765.00000	1559.24857	1544.08329	1528.57318
2025-09-04T12:28:01Z	15765.00000	1559.25901	1544.09611	1528.58082
2025-09-04T12:28:01Z	15766.00000	1556.92936	1540.85446	1526.64668
2025-09-04T12:28:01Z	15766.00000	1556.53836	1540.28930	1526.30701
2025-09-04T12:28:01Z	15766.00000	1556.27586	1539.91698	1526.08128
2025-09-04T12:28:01Z	15766.00000	1556.00211	1539.52312	1525.84270
2025-09-04T12:28:01Z	15766.00000	1555.82329	1539.26904	1525.69109
2025-09-04T12:28:01Z	15766.00000	1555.59596	1538.96320	1525.50702
2025-09-04T12:28:01Z	15766.00000	1555.38327	1538.67367	1525.33286
2025-09-04T12:28:01Z	15766.00000	1555.19421	1538.40362	1525.16980
2025-09-04T12:28:01Z	15766.00000	1554.97769	1538.07099	1524.96453
2025-09-04T12:28:01Z	15766.00000	1554.84884	1537.91062	1524.86259
2025-09-04T12:28:02Z	15767.00000	1554.84088	1537.88756	1524.85001
2025-09-04T12:28:02Z	15767.00000	1554.83908	1537.88367	1524.84795
2025-09-04T12:28:02Z	15767.00000	1554.83844	1537.88116	1524.84614
2025-09-04T12:28:02Z	15767.00000	1554.83695	1537.87799	1524.84454
2025-09-04T12:28:02Z	15767.00000	1554.83644	1537.87542	1524.84346
2025-09-04T12:28:02Z	15767.00000	1554.83584	1537.87427	1524.84263
2025-09-04T12:28:02Z	15767.00000	1554.83513	1537.87299	1524.84203
2025-09-04T12:28:02Z	15767.00000	1554.83372	1537.87128	1524.84125
2025-09-04T12:28:02Z	15767.00000	1554.83087	1537.87045	1524.84064
2025-09-04T12:28:02Z	15767.00000	1554.83330	1537.86999	1524.84011
2025-09-04T12:28:03Z	15768.00000	1554.83213	1537.86827	1524.83953
2025-09-04T12:28:03Z	15768.00000	1554.83213	1537.86689	1524.83887
2025-09-04T12:28:03Z	15768.00000	1554.83087	1537.86617	1524.83862
2025-09-04T12:28:03Z	15768.00000	1554.82855	1537.86545	1524.83820
2025-09-04T12:28:03Z	15768.00000	1554.83094	1537.86496	1524.83791
2025-09-04T12:28:03Z	15768.00000	1554.83066	1537.86352	1524.83711
2025-09-04T12:28:03Z	15768.00000	1554.82987	1537.86309	1524.83679
2025-09-04T12:28:03Z	15768.00000	1554.82956	1537.86263	1524.83658
2025-09-04T12:28:03Z	15768.00000	1554.82900	1537.86206	1524.83627
2025-09-04T12:28:04Z	15768.00000	1554.82787	1537.86125	1524.83563
2025-09-04T12:28:04Z	15769.00000	1554.82875	1537.86068	1524.83538
2025-09-04T12:28:04Z	15769.00000	1554.82856	1537.86034	1524.83519
2025-09-04T12:28:04Z	15769.00000	1554.82613	1537.85961	1524.83485
2025-09-04T12:28:04Z	15769.00000	1554.82749	1537.85924	1524.83472
2025-09-04T12:28:04Z	15769.00000	1554.82524	1537.85869	1524.83433
2025-09-04T12:28:04Z	15769.00000	1554.82712	1537.85840	1524.83410
2025-09-04T12:28:04Z	15769.00000	1554.82653	1537.85781	1524.83387
2025-09-04T12:28:04Z	15769.00000	1554.82642	1537.85730	1524.83340
2025-09-04T12:28:04Z	15769.00000	1554.82623	1537.85665	1524.83326
2025-09-04T12:28:05Z	15769.00000	1554.82593	1537.85644	1524.83329
2025-09-04T12:28:05Z	15770.00000	1554.82530	1537.85628	1524.83304
2025-09-04T12:28:05Z	15770.00000	1554.82507	1537.85586	1524.83272
2025-09-04T12:28:05Z	15770.00000	1554.82522	1537.85539	1524.83256
2025-09-04T12:28:05Z	15770.00000	1554.82532	1537.85497	1524.83228
2025-09-04T12:28:05Z	15770.00000	1554.82414	1537.85479	1524.83220
2025-09-04T12:28:05Z	15770.00000	1554.82438	1537.85447	1524.83202
2025-09-04T12:28:05Z	15770.00000	1554.82305	1537.85412	1524.83191
2025-09-04T12:28:05Z	15770.00000	1554.82405	1537.85345	1524.83158
2025-09-04T12:28:05Z	15770.00000	1554.82263	1537.85335	1524.83143
2025-09-04T12:28:06Z	15770.00000	1554.82212	1537.85320	1524.83117
2025-09-04T12:28:06Z	15771.00000	1554.82236	1537.85276	1524.83108
2025-09-04T12:28:06Z	15771.00000	1554.95231	1538.04498	1524.95355
2025-09-04T12:28:06Z	15771.00000	1555.29919	1538.52550	1525.25103
2025-09-04T12:28:06Z	15771.00000	1555.60735	1538.96473	1525.52082
2025-09-04T12:28:06Z	15771.00000	1555.85990	1539.31077	1525.73352
2025-09-04T12:28:06Z	15771.00000	1556.04424	1539.59288	1525.90305
2025-09-04T12:28:06Z	15771.00000	1556.20924	1539.82075	1526.04377
2025-09-04T12:28:06Z	15771.00000	1556.43134	1540.12578	1526.22500
2025-09-04T12:28:06Z	15771.00000	1556.57572	1540.33776	1526.35488
2025-09-04T12:28:07Z	15771.00000	1556.83177	1540.66805	1526.55107
2025-09-04T12:28:07Z	15772.00000	1557.02636	1540.94345	1526.71696
2025-09-04T12:28:07Z	15772.00000	1557.16988	1541.14659	1526.83728
2025-09-04T12:28:07Z	15772.00000	1557.37932	1541.46891	1527.02907
2025-09-04T12:28:07Z	15772.00000	1557.54851	1541.70614	1527.16807
2025-09-04T12:28:07Z	15772.00000	1557.69860	1541.88920	1527.28207
2025-09-04T12:28:07Z	15772.00000	1557.82608	1542.06662	1527.38591
2025-09-04T12:28:07Z	15772.00000	1557.96467	1542.27125	1527.50542
2025-09-04T12:28:07Z	15772.00000	1558.06867	1542.43453	1527.60459
2025-09-04T12:28:07Z	15772.00000	1558.21070	1542.62238	1527.71176
2025-09-04T12:28:07Z	15772.00000	1558.34889	1542.79381	1527.81634
2025-09-04T12:28:08Z	15773.00000	1558.49412	1543.00140	1527.93836
2025-09-04T12:28:08Z	15773.00000	1558.55811	1543.12032	1528.01074
2025-09-04T12:28:08Z	15773.00000	1558.74455	1543.37024	1528.16014
2025-09-04T12:28:08Z	15773.00000	1558.84286	1543.47999	1528.22171
2025-09-04T12:28:08Z	15773.00000	1558.88774	1543.57800	1528.27496
2025-09-04T12:28:08Z	15773.00000	1558.98913	1543.68841	1528.34278
2025-09-04T12:28:08Z	15773.00000	1559.03758	1543.75911	1528.38627
2025-09-04T12:28:08Z	15773.00000	1559.06323	1543.82216	1528.42282
2025-09-04T12:28:08Z	15773.00000	1559.11761	1543.88213	1528.45669
2025-09-04T12:28:09Z	15774.00000	1559.16814	1543.93733	1528.48761
2025-09-04T12:28:09Z	15774.00000	1559.19623	1543.97462	1528.50898
2025-09-04T12:28:09Z	15774.00000	1559.20754	1544.00440	1528.52636
2025-09-04T12:28:09Z	15774.00000	1559.21308	1544.02194	1528.53684
2025-09-04T12:28:09Z	15774.00000	1559.21990	1544.04003	1528.54759
2025-09-04T12:28:09Z	15774.00000	1559.22659	1544.05249	1528.55515
2025-09-04T12:28:09Z	15774.00000	1559.24181	1544.07093	1528.56547
2025-09-04T12:28:09Z	15774.00000	1559.25039	1544.08242	1528.57236
2025-09-04T12:28:09Z	15774.00000	1559.26611	1544.10022	1528.58271
2025-09-04T12:28:10Z	15775.00000	1556.89407	1540.81020	1526.61528
2025-09-04T12:28:10Z	15775.00000	1556.37903	1540.07540	1526.17308
2025-09-04T12:28:10Z	15775.00000	1556.19095	1539.79022	1525.99999
2025-09-04T12:28:10Z	15775.00000	1555.95183	1539.46479	1525.80768
2025-09-04T12:28:10Z	15775.00000	1555.71847	1539.15036	1525.61684
2025-09-04T12:28:10Z	15775.00000	1555.46516	1538.76636	1525.38703
2025-09-04T12:28:10Z	15775.00000	1555.30474	1538.53533	1525.24952
2025-09-04T12:28:10Z	15775.00000	1554.93928	1538.02652	1524.93768
2025-09-04T12:28:10Z	15775.00000	1554.84326	1537.89095	1524.84832
2025-09-04T12:28:11Z	15776.00000	1554.84087	1537.88522	1524.84692
2025-09-04T12:28:11Z	15776.00000	1554.83970	1537.88388	1524.84809
2025-09-04T12:28:11Z	15776.00000	1554.83803	1537.87927	1524.84530
2025-09-04T12:28:11Z	15776.00000	1554.83763	1537.87709	1524.84436
2025-09-04T12:28:11Z	15776.00000	1554.83287	1537.87554	1524.84368
2025-09-04T12:28:11Z	15776.00000	1554.83611	1537.87389	1524.84263
2025-09-04T12:28:11Z	15776.00000	1554.83577	1537.87272	1524.84210
2025-09-04T12:28:11Z	15776.00000	1554.83530	1537.87124	1524.84131
2025-09-04T12:28:11Z	15776.00000	1554.83458	1537.87036	1524.84078
2025-09-04T12:28:12Z	15776.00000	1554.83331	1537.86926	1524.84029
2025-09-04T12:28:12Z	15777.00000	1554.83326	1537.86809	1524.83966
2025-09-04T12:28:12Z	15777.00000	1554.83101	1537.86639	1524.83877
2025-09-04T12:28:12Z	15777.00000	1554.83195	1537.86596	1524.83857
2025-09-04T12:28:12Z	15777.00000	1554.83171	1537.86541	1524.83818
2025-09-04T12:28:12Z	15777.00000	1554.83106	1537.86373	1524.83719
2025-09-04T12:28:12Z	15777.00000	1554.83043	1537.86301	1524.83706
2025-09-04T12:28:12Z	15777.00000	1554.82904	1537.86242	1524.83644
2025-09-04T12:28:13Z	15778.00000	1554.82921	1537.86119	1524.83586
2025-09-04T12:28:13Z	15778.00000	1554.82875	1537.86044	1524.83575
2025-09-04T12:28:13Z	15778.00000	1554.82815	1537.86009	1524.83526
2025-09-04T12:28:13Z	15778.00000	1554.82826	1537.85963	1524.83497
2025-09-04T12:28:13Z	15778.00000	1554.82823	1537.85922	1524.83486
2025-09-04T12:28:13Z	15778.00000	1554.82520	1537.85864	1524.83450
2025-09-04T12:28:13Z	15778.00000	1554.82729	1537.85804	1524.83423
2025-09-04T12:28:13Z	15778.00000	1554.82687	1537.85764	1524.83409
2025-09-04T12:28:13Z	15778.00000	1554.82672	1537.85724	1524.83375
2025-09-04T12:28:13Z	15778.00000	1554.82464	1537.85692	1524.83362
2025-09-04T12:28:14Z	15778.00000	1554.82634	1537.85662	1524.83347
2025-09-04T12:28:14Z	15779.00000	1554.82544	1537.85602	1524.83299
2025-09-04T12:28:14Z	15779.00000	1554.82592	1537.85567	1524.83291
2025-09-04T12:28:14Z	15779.00000	1554.82518	1537.85518	1524.83276
2025-09-04T12:28:14Z	15779.00000	1554.82490	1537.85478	1524.83248
2025-09-04T12:28:14Z	15779.00000	1554.82492	1537.85436	1524.83221
2025-09-04T12:28:14Z	15779.00000	1554.82451	1537.85393	1524.83209
2025-09-04T12:28:14Z	15779.00000	1554.82326	1537.85360	1524.83194
2025-09-04T12:28:14Z	15779.00000	1554.82395	1537.85340	1524.83162
2025-09-04T12:28:15Z	15780.00000	1554.82272	1537.85295	1524.83133
2025-09-04T12:28:15Z	15780.00000	1554.87987	1537.95453	1524.89431
2025-09-04T12:28:15Z	15780.00000	1555.07269	1538.22015	1525.06146
2025-09-04T12:28:15Z	15780.00000	1555.34013	1538.57584	1525.28285
2025-09-04T12:28:15Z	15780.00000	1555.72380	1539.14038	1525.62643
2025-09-04T12:28:15Z	15780.00000	1555.94441	1539.42964	1525.80682
2025-09-04T12:28:15Z	15780.00000	1556.15296	1539.71240	1525.97550
2025-09-04T12:28:15Z	15780.00000	1556.34405	1539.97657	1526.13801
2025-09-04T12:28:15Z	15780.00000	1556.56410	1540.32024	1526.34419
2025-09-04T12:28:16Z	15781.00000	1556.82100	1540.65410	1526.54222
2025-09-04T12:28:16Z	15781.00000	1557.02062	1540.93002	1526.70865
2025-09-04T12:28:16Z	15781.00000	1557.15829	1541.13120	1526.82726
2025-09-04T12:28:16Z	15781.00000	1557.36090	1541.41498	1526.99503
2025-09-04T12:28:16Z	15781.00000	1557.54459	1541.69229	1527.15892
2025-09-04T12:28:16Z	15781.00000	1557.72271	1541.95174	1527.31720
2025-09-04T12:28:16Z	15781.00000	1557.88187	1542.16535	1527.44306
2025-09-04T12:28:16Z	15781.00000	1558.02306	1542.33355	1527.54112
2025-09-04T12:28:16Z	15781.00000	1558.24004	1542.67539	1527.74194
2025-09-04T12:28:17Z	15782.00000	1558.37491	1542.84449	1527.84506
2025-09-04T12:28:17Z	15782.00000	1558.49280	1542.99728	1527.93410
2025-09-04T12:28:17Z	15782.00000	1558.59199	1543.15829	1528.03158
2025-09-04T12:28:17Z	15782.00000	1558.70112	1543.28481	1528.10534
2025-09-04T12:28:17Z	15782.00000	1558.86809	1543.52105	1528.24161
2025-09-04T12:28:17Z	15782.00000	1558.99166	1543.69054	1528.34189
2025-09-04T12:28:17Z	15782.00000	1559.04161	1543.77135	1528.39114
2025-09-04T12:28:17Z	15782.00000	1559.07013	1543.83027	1528.42543
2025-09-04T12:28:18Z	15783.00000	1559.11501	1543.87883	1528.45299
2025-09-04T12:28:18Z	15783.00000	1559.15311	1543.92054	1528.47600
2025-09-04T12:28:18Z	15783.00000	1559.20126	1543.98615	1528.51370
2025-09-04T12:28:18Z	15783.00000	1559.20968	1544.01130	1528.52855
2025-09-04T12:28:18Z	15783.00000	1559.21756	1544.03474	1528.54257
2025-09-04T12:28:18Z	15783.00000	1559.23265	1544.05305	1528.55307
2025-09-04T12:28:18Z	15783.00000	1559.23260	1544.06247	1528.55840
2025-09-04T12:28:18Z	15783.00000	1559.24675	1544.07857	1528.56776
2025-09-04T12:28:19Z	15784.00000	1559.25304	1544.08721	1528.57251
2025-09-04T12:28:19Z	15784.00000	1556.75808	1540.61101	1526.50197
2025-09-04T12:28:19Z	15784.00000	1556.37321	1540.06265	1526.16721
2025-09-04T12:28:19Z	15784.00000	1555.89660	1539.39628	1525.77030
2025-09-04T12:28:19Z	15784.00000	1555.69196	1539.09630	1525.58668
2025-09-04T12:28:19Z	15784.00000	1555.45966	1538.75961	1525.38303
2025-09-04T12:28:19Z	15784.00000	1555.17467	1538.34899	1525.13626
2025-09-04T12:28:19Z	15784.00000	1555.01970	1538.14681	1525.01204
2025-09-04T12:28:20Z	15785.00000	1554.84130	1537.88968	1524.85138
2025-09-04T12:28:20Z	15785.00000	1554.83979	1537.88432	1524.84857
2025-09-04T12:28:20Z	15785.00000	1554.83869	1537.88121	1524.84632
2025-09-04T12:28:20Z	15785.00000	1554.83793	1537.87899	1524.84581
2025-09-04T12:28:20Z	15785.00000	1554.83677	1537.87544	1524.84384
2025-09-04T12:28:20Z	15785.00000	1554.83589	1537.87394	1524.84288
2025-09-04T12:28:20Z	15785.00000	1554.83530	1537.87193	1524.84181
2025-09-04T12:28:20Z	15785.00000	1554.83509	1537.87046	1524.84106
2025-09-04T12:28:21Z	15785.00000	1554.83391	1537.86995	1524.84089
2025-09-04T12:28:21Z	15786.00000	1554.83303	1537.86796	1524.83965
2025-09-04T12:28:21Z	15786.00000	1554.83333	1537.86703	1524.83924
2025-09-04T12:28:21Z	15786.00000	1554.83264	1537.86606	1524.83889
2025-09-04T12:28:21Z	15786.00000	1554.82893	1537.86566	1524.83859
2025-09-04T12:28:21Z	15786.00000	1554.83146	1537.86491	1524.83808
2025-09-04T12:28:21Z	15786.00000	1554.83129	1537.86428	1524.83776
2025-09-04T12:28:21Z	15786.00000	1554.83090	1537.86311	1524.83706
2025-09-04T12:28:21Z	15786.00000	1554.82744	1537.86264	1524.83679
2025-09-04T12:28:21Z	15786.00000	1554.83001	1537.86217	1524.83672
2025-09-04T12:28:22Z	15787.00000	1554.82979	1537.86122	1524.83600
2025-09-04T12:28:22Z	15787.00000	1554.82936	1537.86073	1524.83582
2025-09-04T12:28:22Z	15787.00000	1554.82910	1537.86000	1524.83551
2025-09-04T12:28:22Z	15787.00000	1554.82872	1537.85962	1524.83508
2025-09-04T12:28:22Z	15787.00000	1554.82593	1537.85913	1524.83501
2025-09-04T12:28:22Z	15787.00000	1554.82565	1537.85867	1524.83456
2025-09-04T12:28:22Z	15787.00000	1554.82537	1537.85830	1524.83433
2025-09-04T12:28:22Z	15787.00000	1554.82700	1537.85740	1524.83416
2025-09-04T12:28:22Z	15787.00000	1554.82705	1537.85715	1524.83387
2025-09-04T12:28:23Z	15788.00000	1554.82637	1537.85700	1524.83358
2025-09-04T12:28:23Z	15788.00000	1554.82455	1537.85637	1524.83364
2025-09-04T12:28:23Z	15788.00000	1554.82441	1537.85601	1524.83316
2025-09-04T12:28:23Z	15788.00000	1554.82568	1537.85551	1524.83298
2025-09-04T12:28:23Z	15788.00000	1554.82414	1537.85530	1524.83285
2025-09-04T12:28:23Z	15788.00000	1554.82367	1537.85488	1524.83253
2025-09-04T12:28:23Z	15788.00000	1554.82530	1537.85436	1524.83248
2025-09-04T12:28:23Z	15788.00000	1554.82465	1537.85394	1524.83223
2025-09-04T12:28:23Z	15788.00000	1554.82438	1537.85369	1524.83213
2025-09-04T12:28:24Z	15788.00000	1554.82427	1537.85352	1524.83177
2025-09-04T12:28:24Z	15789.00000	1554.82431	1537.85300	1524.83162
2025-09-04T12:28:24Z	15789.00000	1554.82393	1537.85274	1524.83148
2025-09-04T12:28:24Z	15789.00000	1554.82346	1537.85266	1524.83134
2025-09-04T12:28:24Z	15789.00000	1554.82366	1537.85216	1524.83115
2025-09-04T12:28:24Z	15789.00000	1554.82221	1537.85177	1524.83100
2025-09-04T12:28:24Z	15789.00000	1554.82228	1537.85163	1524.83084
2025-09-04T12:28:24Z	15789.00000	1554.82205	1537.85130	1524.83062
2025-09-04T12:28:24Z	15789.00000	1554.82203	1537.85106	1524.83055
2025-09-04T12:28:24Z	15789.00000	1554.82173	1537.85089	1524.83041
2025-09-04T12:28:25Z	15790.00000	1554.82163	1537.85042	1524.83028
2025-09-04T12:28:25Z	15790.00000	1554.82152	1537.85015	1524.83018
2025-09-04T12:28:25Z	15790.00000	1554.82140	1537.85007	1524.82991
2025-09-04T12:28:25Z	15790.00000	1554.82119	1537.84976	1524.82969
2025-09-04T12:28:25Z	15790.00000	1554.82102	1537.84957	1524.82982
2025-09-04T12:28:25Z	15790.00000	1554.82172	1537.84932	1524.82950
2025-09-04T12:28:25Z	15790.00000	1554.82161	1537.84883	1524.82935
2025-09-04T12:28:25Z	15790.00000	1554.82164	1537.84877	1524.82909
2025-09-04T12:28:25Z	15790.00000	1554.82070	1537.84847	1524.82910
2025-09-04T12:28:26Z	15791.00000	1554.82060	1537.84836	1524.82893
2025-09-04T12:28:26Z	15791.00000	1554.82114	1537.84828	1524.82872
2025-09-04T12:28:26Z	15791.00000	1554.82112	1537.84795	1524.82867
2025-09-04T12:28:26Z	15791.00000	1554.82117	1537.84821	1524.82890
2025-09-04T12:28:26Z	15791.00000	1554.82040	1537.84724	1524.82808
2025-09-04T12:28:26Z	15791.00000	1554.82039	1537.84712	1524.82834
2025-09-04T12:28:26Z	15791.00000	1554.82010	1537.84684	1524.82817
2025-09-04T12:28:27Z	15791.00000	1554.81994	1537.84679	1524.82790
2025-09-04T12:28:27Z	15792.00000	1554.81950	1537.84648	1524.82802
2025-09-04T12:28:27Z	15792.00000	1554.81944	1537.84620	1524.82767
2025-09-04T12:28:27Z	15792.00000	1554.81946	1537.84605	1524.82778
2025-09-04T12:28:27Z	15792.00000	1554.81952	1537.84576	1524.82744
2025-09-04T12:28:27Z	15792.00000	1554.81926	1537.84578	1524.82755
2025-09-04T12:28:27Z	15792.00000	1554.81933	1537.84572	1524.82755
2025-09-04T12:28:27Z	15792.00000	1554.81913	1537.84559	1524.82725
2025-09-04T12:28:27Z	15792.00000	1554.81877	1537.84535	1524.82733
2025-09-04T12:28:27Z	15792.00000	1554.81883	1537.84529	1524.82712
2025-09-04T12:28:27Z	15792.00000	1554.81892	1537.84503	1524.82717
2025-09-04T12:28:28Z	15793.00000	1554.81834	1537.84489	1524.82704
2025-09-04T12:28:28Z	15793.00000	1554.81816	1537.84445	1524.82700
2025-09-04T12:28:28Z	15793.00000	1554.81850	1537.84460	1524.82680
2025-09-04T12:28:28Z	15793.00000	1554.81845	1537.84451	1524.82681
2025-09-04T12:28:28Z	15793.00000	1554.81829	1537.84429	1524.82657
2025-09-04T12:28:28Z	15793.00000	1554.81797	1537.84437	1524.82643
2025-09-04T12:28:28Z	15793.00000	1554.81814	1537.84429	1524.82669
2025-09-04T12:28:28Z	15793.00000	1554.81809	1537.84375	1524.82648
2025-09-04T12:28:28Z	15793.00000	1554.81769	1537.84388	1524.82659
2025-09-04T12:28:28Z	15793.00000	1554.81803	1537.84361	1524.82639
2025-09-04T12:28:29Z	15794.00000	1554.81788	1537.84337	1524.82622
2025-09-04T12:28:29Z	15794.00000	1554.81773	1537.84335	1524.82621
2025-09-04T12:28:29Z	15794.00000	1554.81723	1537.84329	1524.82601
2025-09-04T12:28:29Z	15794.00000	1554.81685	1537.84303	1524.82605
2025-09-04T12:28:29Z	15794.00000	1554.81725	1537.84294	1524.82597
2025-09-04T12:28:29Z	15794.00000	1554.81643	1537.84283	1524.82590
2025-09-04T12:28:29Z	15794.00000	1554.81638	1537.84254	1524.82577
2025-09-04T12:28:29Z	15794.00000	1554.81638	1537.84260	1524.82577
2025-09-04T12:28:29Z	15794.00000	1554.81623	1537.84242	1524.82552
2025-09-04T12:28:30Z	15794.00000	1554.81591	1537.84222	1524.82558
2025-09-04T12:28:30Z	15795.00000	1554.81612	1537.84218	1524.82540
2025-09-04T12:28:30Z	15795.00000	1554.81569	1537.84183	1524.82517
2025-09-04T12:28:30Z	15795.00000	1554.81596	1537.84188	1524.82548
2025-09-04T12:28:30Z	15795.00000	1554.81585	1537.84200	1524.82532
2025-09-04T12:28:30Z	15795.00000	1554.81555	1537.84166	1524.82521
2025-09-04T12:28:30Z	15795.00000	1554.81516	1537.84165	1524.82515
2025-09-04T12:28:30Z	15795.00000	1554.81536	1537.84143	1524.82511
2025-09-04T12:28:30Z	15795.00000	1554.81508	1537.84107	1524.82513
2025-09-04T12:28:31Z	15796.00000	1554.81530	1537.84119	1524.82495
2025-09-04T12:28:31Z	15796.00000	1554.81513	1537.84090	1524.82477
2025-09-04T12:28:31Z	15796.00000	1554.81484	1537.84091	1524.82492
2025-09-04T12:28:31Z	15796.00000	1554.81499	1537.84073	1524.82445
2025-09-04T12:28:31Z	15796.00000	1554.81489	1537.84073	1524.82459
2025-09-04T12:28:31Z	15796.00000	1554.81487	1537.84046	1524.82469
2025-09-04T12:28:31Z	15796.00000	1554.81457	1537.84035	1524.82449
2025-09-04T12:28:31Z	15796.00000	1554.81454	1537.84020	1524.82440
2025-09-04T12:28:31Z	15796.00000	1554.81438	1537.84028	1524.82427
2025-09-04T12:28:32Z	15797.00000	1554.81423	1537.84001	1524.82432
2025-09-04T12:28:32Z	15797.00000	1554.81449	1537.83995	1524.82414
2025-09-04T12:28:32Z	15797.00000	1554.81444	1537.83971	1524.82430
2025-09-04T12:28:32Z	15797.00000	1554.81429	1537.83973	1524.82396
2025-09-04T12:28:32Z	15797.00000	1554.81406	1537.83970	1524.82419
2025-09-04T12:28:32Z	15797.00000	1554.81411	1537.83978	1524.82413
2025-09-04T12:28:32Z	15797.00000	1554.81403	1537.83952	1524.82403
2025-09-04T12:28:32Z	15797.00000	1554.81390	1537.83941	1524.82395
2025-09-04T12:28:32Z	15797.00000	1554.81353	1537.83927	1524.82381
2025-09-04T12:28:33Z	15797.00000	1554.81360	1537.83921	1524.82380
2025-09-04T12:28:33Z	15798.00000	1554.81364	1537.83914	1524.82387
2025-09-04T12:28:33Z	15798.00000	1554.81382	1537.83905	1524.82367
2025-09-04T12:28:33Z	15798.00000	1554.81339	1537.83897	1524.82356
2025-09-04T12:28:33Z	15798.00000	1554.81335	1537.83885	1524.82385
2025-09-04T12:28:33Z	15798.00000	1554.81331	1537.83897	1524.82365
2025-09-04T12:28:33Z	15798.00000	1554.81330	1537.83882	1524.82347
2025-09-04T12:28:33Z	15798.00000	1554.81294	1537.83862	1524.82356
2025-09-04T12:28:33Z	15798.00000	1554.81336	1537.83859	1524.82338
2025-09-04T12:28:33Z	15798.00000	1554.81288	1537.83846	1524.82325
2025-09-04T12:28:33Z	15798.00000	1554.81311	1537.83842	1524.82330
2025-09-04T12:28:34Z	15799.00000	1554.81306	1537.83817	1524.82318
2025-09-04T12:28:34Z	15799.00000	1554.81284	1537.83806	1524.82322
2025-09-04T12:28:34Z	15799.00000	1554.81261	1537.83827	1524.82325
2025-09-04T12:28:34Z	15799.00000	1554.81254	1537.83813	1524.82330
2025-09-04T12:28:34Z	15799.00000	1554.81239	1537.83796	1524.82300
2025-09-04T12:28:34Z	15799.00000	1554.81261	1537.83788	1524.82317
2025-09-04T12:28:34Z	15799.00000	1554.81259	1537.83780	1524.82305
2025-09-04T12:28:34Z	15799.00000	1554.81240	1537.83776	1524.82284
2025-09-04T12:28:35Z	15799.00000	1554.81214	1537.83754	1524.82285
2025-09-04T12:28:35Z	15800.00000	1554.81181	1537.83756	1524.82271
2025-09-04T12:28:35Z	15800.00000	1554.81258	1537.83755	1524.82277
2025-09-04T12:28:35Z	15800.00000	1554.81225	1537.83744	1524.82287
2025-09-04T12:28:35Z	15800.00000	1554.81208	1537.83744	1524.82266
2025-09-04T12:28:35Z	15800.00000	1554.81205	1537.83711	1524.82278
2025-09-04T12:28:35Z	15800.00000	1554.81206	1537.83722	1524.82254
2025-09-04T12:28:35Z	15800.00000	1554.81175	1537.83709	1524.82266
2025-09-04T12:28:35Z	15800.00000	1554.81217	1537.83686	1524.82261
2025-09-04T12:28:35Z	15800.00000	1554.81185	1537.83687	1524.82245
2025-09-04T12:28:35Z	15800.00000	1554.81103	1537.83676	1524.82251
2025-09-04T12:28:36Z	15801.00000	1554.81152	1537.83689	1524.82249
2025-09-04T12:28:36Z	15801.00000	1554.81131	1537.83670	1524.82243
2025-09-04T12:28:36Z	15801.00000	1554.81185	1537.83653	1524.82226
2025-09-04T12:28:36Z	15801.00000	1554.81101	1537.83663	1524.82229
2025-09-04T12:28:36Z	15801.00000	1554.81190	1537.83637	1524.82228
2025-09-04T12:28:36Z	15801.00000	1554.81140	1537.83637	1524.82220
2025-09-04T12:28:36Z	15801.00000	1554.81156	1537.83608	1524.82212
2025-09-04T12:28:36Z	15801.00000	1554.81121	1537.83608	1524.82209
2025-09-04T12:28:36Z	15801.00000	1554.81083	1537.83610	1524.82211
2025-09-04T12:28:37Z	15801.00000	1554.81092	1537.83635	1524.82206
2025-09-04T12:28:37Z	15802.00000	1554.81067	1537.83596	1524.82205
2025-09-04T12:28:37Z	15802.00000	1554.81048	1537.83595	1524.82193
2025-09-04T12:28:37Z	15802.00000	1554.81107	1537.83596	1524.82195
2025-09-04T12:28:37Z	15802.00000	1554.81071	1537.83586	1524.82185
2025-09-04T12:28:37Z	15802.00000	1554.81031	1537.83546	1524.82162
2025-09-04T12:28:37Z	15802.00000	1554.81037	1537.83585	1524.82205
2025-09-04T12:28:37Z	15802.00000	1554.81079	1537.83555	1524.82178
2025-09-04T12:28:37Z	15802.00000	1554.81078	1537.83570	1524.82185
2025-09-04T12:28:37Z	15802.00000	1554.81047	1537.83554	1524.82171
2025-09-04T12:28:37Z	15802.00000	1554.81047	1537.83524	1524.82178
2025-09-04T12:28:38Z	15803.00000	1554.80993	1537.83532	1524.82178
2025-09-04T12:28:38Z	15803.00000	1555.06283	1538.20931	1525.05370
2025-09-04T12:28:38Z	15803.00000	1555.28595	1538.50848	1525.24195
2025-09-04T12:28:38Z	15803.00000	1555.48271	1538.77813	1525.40612
2025-09-04T12:28:38Z	15803.00000	1555.69299	1539.08610	1525.59511
2025-09-04T12:28:38Z	15803.00000	1555.98270	1539.47236	1525.83238
2025-09-04T12:28:38Z	15803.00000	1556.18402	1539.75059	1526.00094
2025-09-04T12:28:38Z	15803.00000	1556.33875	1539.96946	1526.13465
2025-09-04T12:28:38Z	15803.00000	1556.53631	1540.27033	1526.31537
2025-09-04T12:28:38Z	15803.00000	1556.73266	1540.55614	1526.48575
2025-09-04T12:28:39Z	15804.00000	1556.93230	1540.82819	1526.64892
2025-09-04T12:28:39Z	15804.00000	1557.06646	1541.02648	1526.76632
2025-09-04T12:28:39Z	15804.00000	1557.23631	1541.27178	1526.91187
2025-09-04T12:28:39Z	15804.00000	1557.48508	1541.59272	1527.10378
2025-09-04T12:28:39Z	15804.00000	1557.64758	1541.82181	1527.24096
2025-09-04T12:28:39Z	15804.00000	1557.76811	1542.00680	1527.34946
2025-09-04T12:28:39Z	15804.00000	1558.00343	1542.31196	1527.52891
2025-09-04T12:28:39Z	15804.00000	1558.09805	1542.46798	1527.62431
2025-09-04T12:28:39Z	15804.00000	1558.22069	1542.65026	1527.72755
2025-09-04T12:28:39Z	15804.00000	1558.34669	1542.79175	1527.81410
2025-09-04T12:28:40Z	15805.00000	1558.44204	1542.94906	1527.90562
2025-09-04T12:28:40Z	15805.00000	1558.54620	1543.09253	1527.99200
2025-09-04T12:28:40Z	15805.00000	1558.65013	1543.22263	1528.06915
2025-09-04T12:28:40Z	15805.00000	1558.72051	1543.34156	1528.14028
2025-09-04T12:28:40Z	15805.00000	1558.84366	1543.48582	1528.22204
2025-09-04T12:28:40Z	15805.00000	1558.88830	1543.58111	1528.27487
2025-09-04T12:28:40Z	15805.00000	1558.97216	1543.67373	1528.33092
2025-09-04T12:28:40Z	15805.00000	1559.03513	1543.75551	1528.38078
2025-09-04T12:28:40Z	15805.00000	1559.05212	1543.80519	1528.41012
2025-09-04T12:28:40Z	15805.00000	1559.09103	1543.85610	1528.43940
2025-09-04T12:28:41Z	15806.00000	1559.13627	1543.90611	1528.46682
2025-09-04T12:28:41Z	15806.00000	1559.17667	1543.94995	1528.49162
2025-09-04T12:28:41Z	15806.00000	1559.19360	1543.97203	1528.50413
2025-09-04T12:28:41Z	15806.00000	1559.20397	1543.99739	1528.51888
2025-09-04T12:28:41Z	15806.00000	1559.20884	1544.01203	1528.52770
2025-09-04T12:28:41Z	15806.00000	1559.21390	1544.02711	1528.53600
2025-09-04T12:28:41Z	15806.00000	1559.21916	1544.04212	1528.54507
2025-09-04T12:28:41Z	15806.00000	1559.22482	1544.05286	1528.55175
2025-09-04T12:28:41Z	15806.00000	1559.23303	1544.06519	1528.55890
2025-09-04T12:28:41Z	15806.00000	1559.23835	1544.07160	1528.56279
2025-09-04T12:28:42Z	15807.00000	1559.24521	1544.07914	1528.56702
2025-09-04T12:28:42Z	15807.00000	1556.95764	1540.87082	1526.64846
2025-09-04T12:28:42Z	15807.00000	1556.39181	1540.09716	1526.18618
2025-09-04T12:28:42Z	15807.00000	1556.10994	1539.68735	1525.94167
2025-09-04T12:28:42Z	15807.00000	1555.82595	1539.26978	1525.69125
2025-09-04T12:28:42Z	15807.00000	1555.64725	1539.02075	1525.54099
2025-09-04T12:28:42Z	15807.00000	1555.48224	1538.78613	1525.39811
2025-09-04T12:28:42Z	15807.00000	1555.32601	1538.55986	1525.26393
2025-09-04T12:28:42Z	15807.00000	1555.06053	1538.21237	1525.04990
2025-09-04T12:28:43Z	15807.00000	1554.86401	1537.93972	1524.88191
2025-09-04T12:28:43Z	15808.00000	1554.83892	1537.88182	1524.84367
2025-09-04T12:28:43Z	15808.00000	1554.83883	1537.87997	1524.84583
2025-09-04T12:28:43Z	15808.00000	1554.83705	1537.87732	1524.84415
2025-09-04T12:28:43Z	15808.00000	1554.83449	1537.87253	1524.84100
2025-09-04T12:28:43Z	15808.00000	1554.83415	1537.87115	1524.84038
2025-09-04T12:28:43Z	15808.00000	1554.83357	1537.86922	1524.83964
2025-09-04T12:28:43Z	15808.00000	1554.83096	1537.86813	1524.83908
2025-09-04T12:28:43Z	15808.00000	1554.83250	1537.86640	1524.83835
2025-09-04T12:28:43Z	15808.00000	1554.83026	1537.86520	1524.83757
2025-09-04T12:28:43Z	15808.00000	1554.83107	1537.86413	1524.83714
2025-09-04T12:28:44Z	15809.00000	1554.82950	1537.86303	1524.83637
2025-09-04T12:28:44Z	15809.00000	1554.82908	1537.86192	1524.83601
2025-09-04T12:28:44Z	15809.00000	1554.82906	1537.86128	1524.83557
2025-09-04T12:28:44Z	15809.00000	1554.82828	1537.86033	1524.83508
2025-09-04T12:28:44Z	15809.00000	1554.82795	1537.85952	1524.83464
2025-09-04T12:28:44Z	15809.00000	1554.82740	1537.85892	1524.83431
2025-09-04T12:28:44Z	15809.00000	1554.82743	1537.85808	1524.83376
2025-09-04T12:28:44Z	15809.00000	1554.82684	1537.85736	1524.83357
2025-09-04T12:28:44Z	15809.00000	1554.82603	1537.85697	1524.83320
2025-09-04T12:28:44Z	15809.00000	1554.82548	1537.85634	1524.83309
2025-09-04T12:28:45Z	15810.00000	1554.82566	1537.85586	1524.83270
2025-09-04T12:28:45Z	15810.00000	1554.82552	1537.85508	1524.83242
2025-09-04T12:28:45Z	15810.00000	1554.82359	1537.85475	1524.83212
2025-09-04T12:28:45Z	15810.00000	1554.82475	1537.85415	1524.83180
2025-09-04T12:28:45Z	15810.00000	1554.82409	1537.85363	1524.83159
2025-09-04T12:28:45Z	15810.00000	1554.82395	1537.85332	1524.83148
2025-09-04T12:28:45Z	15810.00000	1554.82340	1537.85276	1524.83112
2025-09-04T12:28:45Z	15810.00000	1554.82244	1537.85224	1524.83081
2025-09-04T12:28:45Z	15810.00000	1554.82311	1537.85192	1524.83089
2025-09-04T12:28:45Z	15810.00000	1554.82317	1537.85145	1524.83054
2025-09-04T12:28:46Z	15811.00000	1554.82181	1537.85128	1524.83016
2025-09-04T12:28:46Z	15811.00000	1554.82130	1537.85073	1524.83011
2025-09-04T12:28:46Z	15811.00000	1554.82131	1537.85058	1524.82978
2025-09-04T12:28:46Z	15811.00000	1554.82115	1537.85019	1524.82968
2025-09-04T12:28:46Z	15811.00000	1554.82199	1537.84992	1524.82967
2025-09-04T12:28:46Z	15811.00000	1554.82167	1537.84943	1524.82942
2025-09-04T12:28:46Z	15811.00000	1554.82172	1537.84913	1524.82913
2025-09-04T12:28:46Z	15811.00000	1554.82140	1537.84898	1524.82899
2025-09-04T12:28:46Z	15811.00000	1554.82150	1537.84850	1524.82891
2025-09-04T12:28:46Z	15811.00000	1554.82114	1537.84847	1524.82882
2025-09-04T12:28:47Z	15812.00000	1554.82087	1537.84806	1524.82860
2025-09-04T12:28:47Z	15812.00000	1554.82102	1537.84760	1524.82841
2025-09-04T12:28:47Z	15812.00000	1555.01246	1538.12329	1525.00264
2025-09-04T12:28:47Z	15812.00000	1555.26779	1538.48989	1525.22924
2025-09-04T12:28:47Z	15812.00000	1555.53162	1538.86839	1525.46014
2025-09-04T12:28:47Z	15812.00000	1555.80261	1539.22251	1525.67867
2025-09-04T12:28:47Z	15812.00000	1556.00968	1539.51423	1525.85519
2025-09-04T12:28:47Z	15812.00000	1556.26231	1539.88310	1526.08135
2025-09-04T12:28:47Z	15812.00000	1556.45298	1540.14615	1526.23645
2025-09-04T12:28:47Z	15812.00000	1556.59226	1540.35199	1526.36185
2025-09-04T12:28:48Z	15813.00000	1556.81200	1540.64275	1526.53533
2025-09-04T12:28:48Z	15813.00000	1556.93942	1540.83376	1526.65080
2025-09-04T12:28:48Z	15813.00000	1557.11163	1541.07969	1526.79598
2025-09-04T12:28:48Z	15813.00000	1557.28414	1541.32361	1526.93978
2025-09-04T12:28:48Z	15813.00000	1557.49202	1541.59778	1527.10516
2025-09-04T12:28:48Z	15813.00000	1557.68669	1541.86348	1527.26535
2025-09-04T12:28:48Z	15813.00000	1557.86582	1542.11663	1527.41463
2025-09-04T12:28:48Z	15813.00000	1558.01018	1542.31844	1527.53157
2025-09-04T12:28:48Z	15813.00000	1558.19389	1542.57462	1527.68293
2025-09-04T12:28:48Z	15813.00000	1558.28268	1542.72089	1527.76838
2025-09-04T12:28:49Z	15814.00000	1558.40459	1542.90535	1527.87913
2025-09-04T12:28:49Z	15814.00000	1558.51684	1543.02811	1527.95200
2025-09-04T12:28:49Z	15814.00000	1558.61794	1543.18587	1528.04740
2025-09-04T12:28:49Z	15814.00000	1558.72770	1543.35190	1528.14587
2025-09-04T12:28:49Z	15814.00000	1558.82778	1543.46249	1528.20918
2025-09-04T12:28:49Z	15814.00000	1558.87595	1543.54587	1528.25375
2025-09-04T12:28:49Z	15814.00000	1558.92143	1543.61882	1528.29553
2025-09-04T12:28:49Z	15814.00000	1558.99807	1543.69708	1528.34388
2025-09-04T12:28:49Z	15814.00000	1559.04605	1543.78623	1528.39833
2025-09-04T12:28:50Z	15814.00000	1559.08683	1543.85005	1528.43494
2025-09-04T12:28:50Z	15815.00000	1559.12267	1543.88820	1528.45640
2025-09-04T12:28:50Z	15815.00000	1559.15873	1543.92810	1528.47816
2025-09-04T12:28:50Z	15815.00000	1559.19029	1543.96426	1528.49831
2025-09-04T12:28:50Z	15815.00000	1559.20045	1543.98481	1528.51028
2025-09-04T12:28:50Z	15815.00000	1559.21343	1544.02297	1528.53249
2025-09-04T12:28:50Z	15815.00000	1559.21820	1544.03751	1528.54130
2025-09-04T12:28:50Z	15815.00000	1559.22495	1544.05169	1528.54957
2025-09-04T12:28:50Z	15815.00000	1559.23264	1544.06215	1528.55632
2025-09-04T12:28:50Z	15815.00000	1559.24070	1544.07264	1528.56206
2025-09-04T12:28:51Z	15816.00000	1558.30538	1542.75833	1527.79671
2025-09-04T12:28:51Z	15816.00000	1556.60202	1540.38085	1526.35268
2025-09-04T12:28:51Z	15816.00000	1556.36767	1540.04544	1526.15532
2025-09-04T12:28:51Z	15816.00000	1556.00647	1539.52603	1525.84297
2025-09-04T12:28:51Z	15816.00000	1555.73337	1539.16835	1525.62798
2025-09-04T12:28:51Z	15816.00000	1555.53160	1538.87874	1525.45315
2025-09-04T12:28:51Z	15816.00000	1555.34874	1538.59896	1525.28700
2025-09-04T12:28:51Z	15816.00000	1555.18416	1538.37241	1525.15043
2025-09-04T12:28:51Z	15816.00000	1555.03004	1538.16873	1525.02455
2025-09-04T12:28:52Z	15816.00000	1554.84092	1537.88906	1524.84881
2025-09-04T12:28:52Z	15817.00000	1554.84224	1537.88589	1524.84910
2025-09-04T12:28:52Z	15817.00000	1554.83719	1537.87670	1524.84436
2025-09-04T12:28:52Z	15817.00000	1554.83281	1537.87462	1524.84319
2025-09-04T12:28:52Z	15817.00000	1554.83596	1537.87220	1524.84174
2025-09-04T12:28:52Z	15817.00000	1554.83509	1537.87114	1524.84133
2025-09-04T12:28:52Z	15817.00000	1554.83470	1537.86981	1524.84057
2025-09-04T12:28:52Z	15817.00000	1554.83469	1537.86868	1524.83995
2025-09-04T12:28:52Z	15817.00000	1554.83285	1537.86758	1524.83932
2025-09-04T12:28:52Z	15817.00000	1554.83273	1537.86676	1524.83895
2025-09-04T12:28:53Z	15818.00000	1554.83215	1537.86550	1524.83837
2025-09-04T12:28:53Z	15818.00000	1554.83191	1537.86443	1524.83770
2025-09-04T12:28:53Z	15818.00000	1554.83171	1537.86343	1524.83712
2025-09-04T12:28:53Z	15818.00000	1554.83114	1537.86278	1524.83682
2025-09-04T12:28:53Z	15818.00000	1554.82986	1537.86164	1524.83632
2025-09-04T12:28:53Z	15818.00000	1554.83022	1537.86091	1524.83569
2025-09-04T12:28:53Z	15818.00000	1554.82878	1537.86008	1524.83534
2025-09-04T12:28:53Z	15818.00000	1554.82869	1537.85942	1524.83494
2025-09-04T12:28:53Z	15818.00000	1554.82838	1537.85910	1524.83473
2025-09-04T12:28:54Z	15818.00000	1554.82836	1537.85852	1524.83442
2025-09-04T12:28:54Z	15819.00000	1554.82737	1537.85810	1524.83435
2025-09-04T12:28:54Z	15819.00000	1554.82810	1537.85748	1524.83380
2025-09-04T12:28:54Z	15819.00000	1554.82549	1537.85701	1524.83360
2025-09-04T12:28:54Z	15819.00000	1554.82684	1537.85649	1524.83317
2025-09-04T12:28:54Z	15819.00000	1554.82653	1537.85605	1524.83317
2025-09-04T12:28:54Z	15819.00000	1554.82465	1537.85559	1524.83278
2025-09-04T12:28:54Z	15819.00000	1554.82438	1537.85493	1524.83240
2025-09-04T12:28:54Z	15819.00000	1554.82407	1537.85445	1524.83231
2025-09-04T12:28:54Z	15819.00000	1554.82397	1537.85390	1524.83207
2025-09-04T12:28:55Z	15819.00000	1554.82464	1537.85359	1524.83150
2025-09-04T12:28:55Z	15820.00000	1554.82463	1537.85290	1524.83153
2025-09-04T12:28:55Z	15820.00000	1554.82466	1537.85283	1524.83127
2025-09-04T12:28:55Z	15820.00000	1554.82391	1537.85250	1524.83102
2025-09-04T12:28:55Z	15820.00000	1554.82377	1537.85221	1524.83096
2025-09-04T12:28:55Z	15820.00000	1554.82379	1537.85172	1524.83077
2025-09-04T12:28:55Z	15820.00000	1554.82266	1537.85139	1524.83046
2025-09-04T12:28:55Z	15820.00000	1554.82233	1537.85110	1524.83017
2025-09-04T12:28:55Z	15820.00000	1554.82226	1537.85071	1524.83022
2025-09-04T12:28:55Z	15820.00000	1554.82203	1537.85066	1524.82999
2025-09-04T12:28:56Z	15821.00000	1554.82184	1537.85028	1524.82980
2025-09-04T12:28:56Z	15821.00000	1554.99334	1538.08746	1524.98468
2025-09-04T12:28:56Z	15821.00000	1555.18996	1538.38501	1525.16678
2025-09-04T12:28:56Z	15821.00000	1555.51782	1538.83038	1525.43584
2025-09-04T12:28:56Z	15821.00000	1555.82011	1539.23737	1525.68677
2025-09-04T12:28:56Z	15821.00000	1556.02100	1539.52748	1525.86203
2025-09-04T12:28:56Z	15821.00000	1556.24112	1539.85778	1526.06502
2025-09-04T12:28:56Z	15821.00000	1556.43093	1540.11868	1526.21932
2025-09-04T12:28:56Z	15821.00000	1556.57779	1540.33262	1526.35018
2025-09-04T12:28:57Z	15821.00000	1556.79457	1540.62043	1526.52177
2025-09-04T12:28:57Z	15822.00000	1556.95947	1540.85265	1526.66187
2025-09-04T12:28:57Z	15822.00000	1557.08803	1541.05057	1526.77802
2025-09-04T12:28:57Z	15822.00000	1557.22419	1541.25068	1526.89795
2025-09-04T12:28:57Z	15822.00000	1557.39571	1541.49305	1527.04187
2025-09-04T12:28:57Z	15822.00000	1557.56679	1541.72946	1527.18029
2025-09-04T12:28:57Z	15822.00000	1557.79265	1542.02679	1527.35986
2025-09-04T12:28:57Z	15822.00000	1557.89967	1542.19586	1527.45916
2025-09-04T12:28:57Z	15822.00000	1558.20007	1542.58578	1527.68825
2025-09-04T12:28:58Z	15822.00000	1558.36429	1542.81250	1527.82442
2025-09-04T12:28:58Z	15823.00000	1558.48699	1542.99063	1527.92775
2025-09-04T12:28:58Z	15823.00000	1558.55301	1543.10624	1527.99734
2025-09-04T12:28:58Z	15823.00000	1558.66748	1543.23557	1528.07291
2025-09-04T12:28:58Z	15823.00000	1558.82851	1543.46135	1528.20650
2025-09-04T12:28:58Z	15823.00000	1558.88146	1543.56007	1528.25968
2025-09-04T12:28:58Z	15823.00000	1559.02600	1543.72983	1528.36174
2025-09-04T12:28:58Z	15823.00000	1559.05358	1543.80435	1528.40581
2025-09-04T12:28:59Z	15824.00000	1559.13412	1543.89949	1528.45974
2025-09-04T12:28:59Z	15824.00000	1559.17578	1543.94500	1528.48512
2025-09-04T12:28:59Z	15824.00000	1559.20223	1543.98910	1528.51009
2025-09-04T12:28:59Z	15824.00000	1559.21564	1544.02926	1528.53364
2025-09-04T12:28:59Z	15824.00000	1559.22278	1544.04606	1528.54372
2025-09-04T12:28:59Z	15824.00000	1559.23117	1544.05867	1528.55075
2025-09-04T12:28:59Z	15824.00000	1559.24209	1544.07290	1528.55938
2025-09-04T12:29:00Z	15825.00000	1557.02620	1540.95402	1526.70108
2025-09-04T12:29:00Z	15825.00000	1556.55975	1540.32444	1526.32435
2025-09-04T12:29:00Z	15825.00000	1556.23701	1539.86854	1526.04791
2025-09-04T12:29:00Z	15825.00000	1556.00900	1539.53194	1525.84637
2025-09-04T12:29:00Z	15825.00000	1555.70329	1539.12431	1525.60194
2025-09-04T12:29:00Z	15825.00000	1555.48817	1538.78904	1525.39935
2025-09-04T12:29:00Z	15825.00000	1555.18415	1538.37168	1525.14985
2025-09-04T12:29:00Z	15825.00000	1554.98476	1538.07561	1524.96756
2025-09-04T12:29:00Z	15825.00000	1554.84186	1537.88848	1524.84919
2025-09-04T12:29:01Z	15826.00000	1554.84168	1537.88464	1524.84704
2025-09-04T12:29:01Z	15826.00000	1554.84044	1537.88248	1524.84770
2025-09-04T12:29:01Z	15826.00000	1554.83872	1537.87930	1524.84558
2025-09-04T12:29:01Z	15826.00000	1554.83793	1537.87718	1524.84439
2025-09-04T12:29:01Z	15826.00000	1554.83774	1537.87510	1524.84344
2025-09-04T12:29:01Z	15826.00000	1554.83727	1537.87381	1524.84265
2025-09-04T12:29:01Z	15826.00000	1554.83629	1537.87223	1524.84159
2025-09-04T12:29:01Z	15826.00000	1554.83589	1537.87051	1524.84070
2025-09-04T12:29:01Z	15826.00000	1554.83528	1537.86883	1524.83976
2025-09-04T12:29:01Z	15826.00000	1554.83346	1537.86727	1524.83925
2025-09-04T12:29:02Z	15827.00000	1554.83331	1537.86567	1524.83843
2025-09-04T12:29:02Z	15827.00000	1554.83319	1537.86458	1524.83768
2025-09-04T12:29:02Z	15827.00000	1554.82949	1537.86393	1524.83743
2025-09-04T12:29:02Z	15827.00000	1554.83180	1537.86324	1524.83698
2025-09-04T12:29:02Z	15827.00000	1554.83136	1537.86218	1524.83644
2025-09-04T12:29:02Z	15827.00000	1554.83037	1537.86122	1524.83596
2025-09-04T12:29:02Z	15827.00000	1554.82765	1537.86073	1524.83558
2025-09-04T12:29:02Z	15827.00000	1554.83016	1537.85988	1524.83525
2025-09-04T12:29:03Z	15827.00000	1554.82955	1537.85920	1524.83483
2025-09-04T12:29:03Z	15828.00000	1554.82945	1537.85839	1524.83427
2025-09-04T12:29:03Z	15828.00000	1554.82849	1537.85790	1524.83400
2025-09-04T12:29:03Z	15828.00000	1554.82737	1537.85685	1524.83353
2025-09-04T12:29:03Z	15828.00000	1554.82796	1537.85622	1524.83324
2025-09-04T12:29:03Z	15828.00000	1554.82760	1537.85595	1524.83307
2025-09-04T12:29:03Z	15828.00000	1554.82693	1537.85480	1524.83243
2025-09-04T12:29:03Z	15828.00000	1554.82633	1537.85463	1524.83239
2025-09-04T12:29:04Z	15829.00000	1554.82660	1537.85449	1524.83210
2025-09-04T12:29:04Z	15829.00000	1554.82611	1537.85354	1524.83149
2025-09-04T12:29:04Z	15829.00000	1554.82540	1537.85342	1524.83155
2025-09-04T12:29:04Z	15829.00000	1554.82401	1537.85295	1524.83132
2025-09-04T12:29:04Z	15829.00000	1554.82540	1537.85257	1524.83138
2025-09-04T12:29:04Z	15829.00000	1554.82484	1537.85196	1524.83078
2025-09-04T12:29:04Z	15829.00000	1554.82370	1537.85189	1524.83062
2025-09-04T12:29:04Z	15829.00000	1554.82450	1537.85153	1524.83058
2025-09-04T12:29:04Z	15829.00000	1554.82451	1537.85127	1524.83059
2025-09-04T12:29:05Z	15830.00000	1554.82315	1537.85078	1524.83023
2025-09-04T12:29:05Z	15830.00000	1554.82424	1537.85073	1524.83010
2025-09-04T12:29:05Z	15830.00000	1555.06126	1538.20325	1525.05315
2025-09-04T12:29:05Z	15830.00000	1555.35952	1538.62118	1525.30976
2025-09-04T12:29:05Z	15830.00000	1555.62992	1538.98262	1525.53073
2025-09-04T12:29:05Z	15830.00000	1555.81331	1539.22909	1525.68184
2025-09-04T12:29:05Z	15830.00000	1556.15195	1539.70587	1525.96952
2025-09-04T12:29:05Z	15830.00000	1556.36278	1540.01134	1526.15582
2025-09-04T12:29:05Z	15830.00000	1556.53695	1540.26655	1526.31028
2025-09-04T12:29:06Z	15831.00000	1556.73743	1540.55393	1526.48133
2025-09-04T12:29:06Z	15831.00000	1556.97257	1540.86566	1526.66888
2025-09-04T12:29:06Z	15831.00000	1557.17830	1541.14921	1526.83631
2025-09-04T12:29:06Z	15831.00000	1557.34957	1541.39120	1526.97796
2025-09-04T12:29:06Z	15831.00000	1557.53886	1541.66866	1527.14265
2025-09-04T12:29:06Z	15831.00000	1557.68300	1541.85987	1527.26068
2025-09-04T12:29:06Z	15831.00000	1557.95238	1542.25074	1527.49004
2025-09-04T12:29:06Z	15831.00000	1558.08606	1542.44875	1527.60912
2025-09-04T12:29:07Z	15831.00000	1558.23551	1542.66696	1527.73346
2025-09-04T12:29:07Z	15832.00000	1558.48780	1542.98923	1527.92575
2025-09-04T12:29:07Z	15832.00000	1558.56852	1543.13015	1528.01072
2025-09-04T12:29:07Z	15832.00000	1558.69204	1543.26378	1528.08865
2025-09-04T12:29:07Z	15832.00000	1558.86327	1543.50645	1528.22906
2025-09-04T12:29:07Z	15832.00000	1558.92105	1543.61478	1528.28913
2025-09-04T12:29:07Z	15832.00000	1558.98614	1543.68134	1528.33004
2025-09-04T12:29:07Z	15832.00000	1559.03727	1543.75500	1528.37494
2025-09-04T12:29:07Z	15832.00000	1559.06225	1543.81649	1528.41135
2025-09-04T12:29:08Z	15833.00000	1559.12902	1543.89182	1528.45369
2025-09-04T12:29:08Z	15833.00000	1559.19115	1543.96259	1528.49246
2025-09-04T12:29:08Z	15833.00000	1559.20327	1543.98910	1528.50731
2025-09-04T12:29:08Z	15833.00000	1559.21038	1544.01074	1528.52022
2025-09-04T12:29:08Z	15833.00000	1559.21712	1544.03046	1528.53247
2025-09-04T12:29:08Z	15833.00000	1559.22239	1544.04418	1528.53891
2025-09-04T12:29:08Z	15833.00000	1559.24084	1544.06813	1528.55389
2025-09-04T12:29:09Z	15833.00000	1559.25163	1544.08071	1528.56157
2025-09-04T12:29:09Z	15834.00000	1556.79802	1540.64643	1526.51662
2025-09-04T12:29:09Z	15834.00000	1556.19183	1539.78630	1525.99694
2025-09-04T12:29:09Z	15834.00000	1555.94584	1539.45130	1525.79963
2025-09-04T12:29:09Z	15834.00000	1555.68890	1539.08193	1525.57766
2025-09-04T12:29:09Z	15834.00000	1555.25321	1538.47304	1525.21214
2025-09-04T12:29:09Z	15834.00000	1555.03793	1538.18041	1525.03057
2025-09-04T12:29:10Z	15834.00000	1554.84784	1537.90239	1524.85570
2025-09-04T12:29:10Z	15835.00000	1554.84261	1537.88600	1524.84912
2025-09-04T12:29:10Z	15835.00000	1554.83952	1537.88055	1524.84580
2025-09-04T12:29:10Z	15835.00000	1554.83876	1537.87895	1524.84500
2025-09-04T12:29:10Z	15835.00000	1554.83824	1537.87689	1524.84434
2025-09-04T12:29:10Z	15835.00000	1554.83734	1537.87368	1524.84247
2025-09-04T12:29:10Z	15835.00000	1554.83687	1537.87260	1524.84204
2025-09-04T12:29:10Z	15835.00000	1554.83643	1537.87120	1524.84148
2025-09-04T12:29:10Z	15835.00000	1554.83611	1537.86877	1524.83971
2025-09-04T12:29:11Z	15835.00000	1554.83440	1537.86838	1524.83977
2025-09-04T12:29:11Z	15836.00000	1554.83426	1537.86746	1524.83925
2025-09-04T12:29:11Z	15836.00000	1554.83396	1537.86588	1524.83845
2025-09-04T12:29:11Z	15836.00000	1554.83342	1537.86494	1524.83803
2025-09-04T12:29:11Z	15836.00000	1554.83125	1537.86410	1524.83733
2025-09-04T12:29:11Z	15836.00000	1554.83252	1537.86355	1524.83724
2025-09-04T12:29:11Z	15836.00000	1554.83232	1537.86284	1524.83674
2025-09-04T12:29:11Z	15836.00000	1554.83183	1537.86177	1524.83617
2025-09-04T12:29:11Z	15836.00000	1554.83096	1537.86117	1524.83570
2025-09-04T12:29:12Z	15836.00000	1554.83078	1537.86027	1524.83548
2025-09-04T12:29:12Z	15837.00000	1554.82987	1537.85965	1524.83515
2025-09-04T12:29:12Z	15837.00000	1554.82980	1537.85858	1524.83452
2025-09-04T12:29:12Z	15837.00000	1554.82984	1537.85836	1524.83442
2025-09-04T12:29:12Z	15837.00000	1554.82937	1537.85810	1524.83435
2025-09-04T12:29:12Z	15837.00000	1554.82872	1537.85724	1524.83397
2025-09-04T12:29:12Z	15837.00000	1554.82827	1537.85710	1524.83374
2025-09-04T12:29:12Z	15837.00000	1554.82733	1537.85637	1524.83336
2025-09-04T12:29:12Z	15837.00000	1554.82832	1537.85620	1524.83339
2025-09-04T12:29:12Z	15837.00000	1554.82576	1537.85568	1524.83297
2025-09-04T12:29:13Z	15838.00000	1554.82753	1537.85519	1524.83281
2025-09-04T12:29:13Z	15838.00000	1554.82691	1537.85456	1524.83256
2025-09-04T12:29:13Z	15838.00000	1554.82684	1537.85461	1524.83219
2025-09-04T12:29:13Z	15838.00000	1554.82513	1537.85421	1524.83187
2025-09-04T12:29:13Z	15838.00000	1554.82470	1537.85352	1524.83173
2025-09-04T12:29:13Z	15838.00000	1554.82631	1537.85353	1524.83189
2025-09-04T12:29:13Z	15838.00000	1554.82621	1537.85298	1524.83154
2025-09-04T12:29:13Z	15838.00000	1554.82613	1537.85262	1524.83110
2025-09-04T12:29:13Z	15838.00000	1554.82568	1537.85229	1524.83109
2025-09-04T12:29:13Z	15838.00000	1554.82505	1537.85217	1524.83078
2025-09-04T12:29:14Z	15839.00000	1554.82514	1537.85176	1524.83071
2025-09-04T12:29:14Z	15839.00000	1554.88715	1537.95739	1524.89801
2025-09-04T12:29:14Z	15839.00000	1555.07359	1538.21662	1525.05882
2025-09-04T12:29:14Z	15839.00000	1555.39990	1538.67889	1525.34482
2025-09-04T12:29:14Z	15839.00000	1555.85627	1539.29170	1525.72009
2025-09-04T12:29:14Z	15839.00000	1556.02326	1539.53084	1525.86256
2025-09-04T12:29:14Z	15839.00000	1556.27376	1539.89082	1526.08390
2025-09-04T12:29:14Z	15839.00000	1556.50415	1540.19804	1526.26624
2025-09-04T12:29:15Z	15839.00000	1556.75126	1540.56824	1526.48933
2025-09-04T12:29:15Z	15840.00000	1556.98507	1540.87848	1526.67647
2025-09-04T12:29:15Z	15840.00000	1557.11637	1541.07889	1526.79390
2025-09-04T12:29:15Z	15840.00000	1557.28501	1541.32022	1526.93592
2025-09-04T12:29:15Z	15840.00000	1557.41663	1541.51436	1527.05382
2025-09-04T12:29:15Z	15840.00000	1557.62413	1541.78926	1527.21597
2025-09-04T12:29:15Z	15840.00000	1557.89341	1542.18590	1527.45166
2025-09-04T12:29:15Z	15840.00000	1558.03395	1542.35154	1527.54821
2025-09-04T12:29:15Z	15840.00000	1558.17290	1542.54290	1527.66214
2025-09-04T12:29:16Z	15840.00000	1558.31213	1542.74932	1527.78257
2025-09-04T12:29:16Z	15841.00000	1558.43315	1542.93362	1527.89161
2025-09-04T12:29:16Z	15841.00000	1558.53523	1543.05503	1527.96417
2025-09-04T12:29:16Z	15841.00000	1558.62134	1543.18669	1528.04356
2025-09-04T12:29:16Z	15841.00000	1558.71042	1543.31139	1528.11640
2025-09-04T12:29:16Z	15841.00000	1558.86650	1543.51601	1528.23324
2025-09-04T12:29:16Z	15841.00000	1558.93724	1543.63372	1528.29998
2025-09-04T12:29:16Z	15841.00000	1558.99709	1543.69588	1528.33821
2025-09-04T12:29:16Z	15841.00000	1559.05265	1543.80279	1528.40246
2025-09-04T12:29:16Z	15841.00000	1559.08399	1543.84666	1528.42760
2025-09-04T12:29:17Z	15842.00000	1559.11974	1543.88456	1528.44837
2025-09-04T12:29:17Z	15842.00000	1559.15432	1543.92286	1528.46970
2025-09-04T12:29:17Z	15842.00000	1559.18919	1543.96324	1528.49338
2025-09-04T12:29:17Z	15842.00000	1559.20539	1543.99859	1528.51267
2025-09-04T12:29:17Z	15842.00000	1559.21141	1544.01660	1528.52338
2025-09-04T12:29:17Z	15842.00000	1559.22097	1544.04273	1528.53856
2025-09-04T12:29:17Z	15842.00000	1559.22781	1544.05497	1528.54635
2025-09-04T12:29:17Z	15842.00000	1559.23388	1544.06358	1528.55082
2025-09-04T12:29:17Z	15842.00000	1559.24153	1544.07279	1528.55599
2025-09-04T12:29:18Z	15843.00000	1556.98446	1540.89910	1526.67329
2025-09-04T12:29:18Z	15843.00000	1556.53100	1540.26418	1526.28982
2025-09-04T12:29:18Z	15843.00000	1556.31099	1539.95186	1526.09673
2025-09-04T12:29:18Z	15843.00000	1556.04668	1539.61488	1525.89529
2025-09-04T12:29:18Z	15843.00000	1555.80958	1539.24325	1525.67513
2025-09-04T12:29:18Z	15843.00000	1555.58474	1538.94313	1525.49393
2025-09-04T12:29:18Z	15843.00000	1555.37948	1538.66074	1525.32443
2025-09-04T12:29:18Z	15843.00000	1555.17747	1538.35000	1525.13627
2025-09-04T12:29:18Z	15843.00000	1554.97636	1538.06398	1524.96027
2025-09-04T12:29:19Z	15843.00000	1554.84566	1537.89387	1524.85260
2025-09-04T12:29:19Z	15844.00000	1554.84203	1537.88421	1524.84727
2025-09-04T12:29:19Z	15844.00000	1554.84036	1537.88208	1524.84706
2025-09-04T12:29:19Z	15844.00000	1554.83956	1537.87994	1524.84588
2025-09-04T12:29:19Z	15844.00000	1554.83888	1537.87814	1524.84485
2025-09-04T12:29:19Z	15844.00000	1554.83854	1537.87555	1524.84375
2025-09-04T12:29:19Z	15844.00000	1554.83809	1537.87417	1524.84301
2025-09-04T12:29:19Z	15844.00000	1554.83725	1537.87239	1524.84219
2025-09-04T12:29:19Z	15844.00000	1554.83336	1537.87115	1524.84134
2025-09-04T12:29:19Z	15844.00000	1554.83665	1537.86992	1524.84063
2025-09-04T12:29:19Z	15844.00000	1554.83548	1537.86885	1524.84023
2025-09-04T12:29:20Z	15845.00000	1554.83482	1537.86823	1524.84006
2025-09-04T12:29:20Z	15845.00000	1554.83115	1537.86698	1524.83924
2025-09-04T12:29:20Z	15845.00000	1554.83465	1537.86573	1524.83859
2025-09-04T12:29:20Z	15845.00000	1554.83388	1537.86515	1524.83860
2025-09-04T12:29:20Z	15845.00000	1554.83316	1537.86437	1524.83784
2025-09-04T12:29:20Z	15845.00000	1554.83315	1537.86329	1524.83731
2025-09-04T12:29:20Z	15845.00000	1554.83271	1537.86256	1524.83671
2025-09-04T12:29:20Z	15845.00000	1554.83227	1537.86210	1524.83642
2025-09-04T12:29:20Z	15845.00000	1554.83159	1537.86142	1524.83624
2025-09-04T12:29:21Z	15845.00000	1554.83114	1537.86106	1524.83569
2025-09-04T12:29:21Z	15846.00000	1554.83120	1537.86013	1524.83555
2025-09-04T12:29:21Z	15846.00000	1554.83086	1537.85962	1524.83504
2025-09-04T12:29:21Z	15846.00000	1554.83064	1537.85927	1524.83499
2025-09-04T12:29:21Z	15846.00000	1554.83027	1537.85872	1524.83472
2025-09-04T12:29:21Z	15846.00000	1554.83018	1537.85819	1524.83456
2025-09-04T12:29:21Z	15846.00000	1554.82951	1537.85787	1524.83412
2025-09-04T12:29:21Z	15846.00000	1554.82869	1537.85712	1524.83393
2025-09-04T12:29:21Z	15846.00000	1554.82870	1537.85678	1524.83380
2025-09-04T12:29:21Z	15846.00000	1554.82900	1537.85655	1524.83339
2025-09-04T12:29:21Z	15846.00000	1554.82861	1537.85608	1524.83326
2025-09-04T12:29:22Z	15847.00000	1554.82821	1537.85548	1524.83281
2025-09-04T12:29:22Z	15847.00000	1554.82717	1537.85481	1524.83256
2025-09-04T12:29:22Z	15847.00000	1554.82711	1537.85437	1524.83226
2025-09-04T12:29:22Z	15847.00000	1554.82530	1537.85426	1524.83225
2025-09-04T12:29:22Z	15847.00000	1554.82705	1537.85370	1524.83201
2025-09-04T12:29:22Z	15847.00000	1554.82679	1537.85347	1524.83162
2025-09-04T12:29:22Z	15847.00000	1554.82687	1537.85322	1524.83144
2025-09-04T12:29:22Z	15847.00000	1554.82640	1537.85299	1524.83140
2025-09-04T12:29:23Z	15847.00000	1554.82597	1537.85235	1524.83138
2025-09-04T12:29:23Z	15848.00000	1554.82613	1537.85214	1524.83108
2025-09-04T12:29:23Z	15848.00000	1554.94592	1538.02104	1524.94088
2025-09-04T12:29:23Z	15848.00000	1555.19337	1538.38926	1525.16886
2025-09-04T12:29:23Z	15848.00000	1555.52162	1538.83622	1525.43883
2025-09-04T12:29:23Z	15848.00000	1555.77390	1539.18546	1525.65343
2025-09-04T12:29:23Z	15848.00000	1555.94495	1539.42258	1525.80011
2025-09-04T12:29:23Z	15848.00000	1556.15132	1539.70204	1525.96607
2025-09-04T12:29:23Z	15848.00000	1556.34349	1539.96743	1526.12928
2025-09-04T12:29:23Z	15848.00000	1556.52573	1540.23121	1526.28647
2025-09-04T12:29:23Z	15848.00000	1556.69871	1540.47806	1526.43393
2025-09-04T12:29:24Z	15849.00000	1556.94543	1540.83211	1526.64699
2025-09-04T12:29:24Z	15849.00000	1557.07442	1541.02895	1526.76394
2025-09-04T12:29:24Z	15849.00000	1557.21620	1541.22951	1526.88379
2025-09-04T12:29:24Z	15849.00000	1557.38685	1541.47444	1527.02778
2025-09-04T12:29:24Z	15849.00000	1557.55652	1541.71065	1527.16620
2025-09-04T12:29:24Z	15849.00000	1557.74576	1541.97136	1527.32438
2025-09-04T12:29:24Z	15849.00000	1557.99160	1542.28942	1527.51093
2025-09-04T12:29:24Z	15849.00000	1558.08868	1542.44872	1527.60706
2025-09-04T12:29:24Z	15849.00000	1558.21869	1542.63554	1527.71281
2025-09-04T12:29:24Z	15849.00000	1558.35613	1542.80468	1527.81545
2025-09-04T12:29:25Z	15850.00000	1558.48349	1542.98174	1527.91907
2025-09-04T12:29:25Z	15850.00000	1558.55203	1543.10043	1527.99007
2025-09-04T12:29:25Z	15850.00000	1558.70579	1543.29335	1528.10317
2025-09-04T12:29:25Z	15850.00000	1558.76458	1543.38810	1528.16017
2025-09-04T12:29:25Z	15850.00000	1558.86639	1543.51205	1528.22921
2025-09-04T12:29:25Z	15850.00000	1558.92465	1543.61674	1528.28712
2025-09-04T12:29:25Z	15850.00000	1559.01164	1543.70671	1528.34257
2025-09-04T12:29:25Z	15850.00000	1559.08253	1543.84083	1528.42166
2025-09-04T12:29:26Z	15851.00000	1559.16687	1543.93095	1528.47219
2025-09-04T12:29:26Z	15851.00000	1559.18824	1543.95688	1528.48638
2025-09-04T12:29:26Z	15851.00000	1559.19979	1543.97796	1528.49842
2025-09-04T12:29:26Z	15851.00000	1559.20841	1544.00346	1528.51273
2025-09-04T12:29:26Z	15851.00000	1559.21491	1544.02309	1528.52485
2025-09-04T12:29:26Z	15851.00000	1559.21958	1544.03559	1528.53129
2025-09-04T12:29:26Z	15851.00000	1559.22602	1544.04824	1528.53882
2025-09-04T12:29:26Z	15851.00000	1559.23734	1544.05857	1528.54536
2025-09-04T12:29:26Z	15851.00000	1559.24458	1544.07132	1528.55243
2025-09-04T12:29:26Z	15851.00000	1559.25006	1544.07848	1528.55645
2025-09-04T12:29:27Z	15852.00000	1556.80828	1540.65505	1526.52278
2025-09-04T12:29:27Z	15852.00000	1556.38865	1540.07918	1526.16814
2025-09-04T12:29:27Z	15852.00000	1556.19369	1539.78905	1525.99816
2025-09-04T12:29:27Z	15852.00000	1555.95448	1539.45870	1525.80378
2025-09-04T12:29:27Z	15852.00000	1555.69446	1539.09822	1525.58629
2025-09-04T12:29:27Z	15852.00000	1555.49922	1538.79955	1525.40491
2025-09-04T12:29:27Z	15852.00000	1555.21476	1538.42906	1525.18436
2025-09-04T12:29:27Z	15852.00000	1555.01623	1538.13221	1525.00236
2025-09-04T12:29:27Z	15852.00000	1554.84421	1537.89519	1524.85222
2025-09-04T12:29:28Z	15852.00000	1554.84348	1537.88783	1524.84913
2025-09-04T12:29:28Z	15853.00000	1554.84133	1537.88323	1524.84777
2025-09-04T12:29:28Z	15853.00000	1554.84036	1537.88124	1524.84677
2025-09-04T12:29:28Z	15853.00000	1554.83944	1537.87929	1524.84585
2025-09-04T12:29:28Z	15853.00000	1554.83928	1537.87759	1524.84457
2025-09-04T12:29:28Z	15853.00000	1554.83831	1537.87480	1524.84329
2025-09-04T12:29:28Z	15853.00000	1554.83749	1537.87275	1524.84213
2025-09-04T12:29:28Z	15853.00000	1554.83338	1537.87061	1524.84094
2025-09-04T12:29:28Z	15853.00000	1554.83638	1537.86965	1524.84042
2025-09-04T12:29:29Z	15853.00000	1554.83528	1537.86827	1524.83975
2025-09-04T12:29:29Z	15854.00000	1554.83498	1537.86721	1524.83926
2025-09-04T12:29:29Z	15854.00000	1554.83504	1537.86636	1524.83898
2025-09-04T12:29:29Z	15854.00000	1554.83459	1537.86543	1524.83822
2025-09-04T12:29:29Z	15854.00000	1554.83343	1537.86447	1524.83786
2025-09-04T12:29:29Z	15854.00000	1554.83343	1537.86407	1524.83772
2025-09-04T12:29:29Z	15854.00000	1554.83336	1537.86337	1524.83716
2025-09-04T12:29:29Z	15854.00000	1554.83308	1537.86262	1524.83668
2025-09-04T12:29:29Z	15854.00000	1554.83259	1537.86228	1524.83654
2025-09-04T12:29:29Z	15854.00000	1554.83167	1537.86126	1524.83612
2025-09-04T12:29:29Z	15854.00000	1554.83201	1537.86081	1524.83587
2025-09-04T12:29:30Z	15855.00000	1554.83180	1537.86014	1524.83532
2025-09-04T12:29:30Z	15855.00000	1554.83128	1537.85950	1524.83508
2025-09-04T12:29:30Z	15855.00000	1554.82803	1537.85918	1524.83483
2025-09-04T12:29:30Z	15855.00000	1554.83049	1537.85871	1524.83480
2025-09-04T12:29:30Z	15855.00000	1554.83056	1537.85825	1524.83433
2025-09-04T12:29:30Z	15855.00000	1554.83010	1537.85753	1524.83412
2025-09-04T12:29:30Z	15855.00000	1554.82964	1537.85709	1524.83372
2025-09-04T12:29:30Z	15855.00000	1554.82960	1537.85691	1524.83345
2025-09-04T12:29:30Z	15855.00000	1554.82923	1537.85636	1524.83319
2025-09-04T12:29:31Z	15855.00000	1554.82907	1537.85588	1524.83291
2025-09-04T12:29:31Z	15856.00000	1554.82864	1537.85541	1524.83298
2025-09-04T12:29:31Z	15856.00000	1554.82833	1537.85503	1524.83274
2025-09-04T12:29:31Z	15856.00000	1554.82711	1537.85491	1524.83251
2025-09-04T12:29:31Z	15856.00000	1554.82578	1537.85440	1524.83223
2025-09-04T12:29:31Z	15856.00000	1554.82779	1537.85416	1524.83217
2025-09-04T12:29:31Z	15856.00000	1554.82569	1537.85362	1524.83179
2025-09-04T12:29:31Z	15856.00000	1554.82708	1537.85323	1524.83184
2025-09-04T12:29:31Z	15856.00000	1554.82517	1537.85305	1524.83171
2025-09-04T12:29:31Z	15856.00000	1554.82673	1537.85267	1524.83152
2025-09-04T12:29:31Z	15856.00000	1554.82668	1537.85237	1524.83126
2025-09-04T12:29:32Z	15857.00000	1554.82669	1537.85206	1524.83090
2025-09-04T12:29:32Z	15857.00000	1554.82668	1537.85187	1524.83098
2025-09-04T12:29:32Z	15857.00000	1555.01397	1538.11886	1524.99984
2025-09-04T12:29:32Z	15857.00000	1555.26332	1538.47738	1525.22122
2025-09-04T12:29:32Z	15857.00000	1555.50652	1538.80082	1525.41679
2025-09-04T12:29:32Z	15857.00000	1555.79349	1539.20448	1525.66446
2025-09-04T12:29:32Z	15857.00000	1555.96734	1539.44631	1525.81291
2025-09-04T12:29:32Z	15857.00000	1556.17288	1539.72698	1525.98066
2025-09-04T12:29:32Z	15857.00000	1556.35731	1539.99124	1526.14231
2025-09-04T12:29:32Z	15857.00000	1556.54849	1540.28882	1526.32246
2025-09-04T12:29:33Z	15858.00000	1556.79738	1540.61692	1526.51717
2025-09-04T12:29:33Z	15858.00000	1556.92588	1540.80964	1526.63210
2025-09-04T12:29:33Z	15858.00000	1557.12997	1541.09048	1526.79902
2025-09-04T12:29:33Z	15858.00000	1557.26041	1541.28759	1526.91615
2025-09-04T12:29:33Z	15858.00000	1557.43165	1541.52560	1527.05904
2025-09-04T12:29:33Z	15858.00000	1557.60199	1541.76219	1527.19747
2025-09-04T12:29:33Z	15858.00000	1557.79284	1542.02155	1527.35225
2025-09-04T12:29:33Z	15858.00000	1557.96523	1542.26122	1527.49305
2025-09-04T12:29:33Z	15858.00000	1558.09733	1542.45654	1527.61069
2025-09-04T12:29:34Z	15858.00000	1558.29853	1542.73059	1527.76846
2025-09-04T12:29:34Z	15859.00000	1558.38407	1542.86415	1527.85012
2025-09-04T12:29:34Z	15859.00000	1558.49415	1542.99193	1527.92404
2025-09-04T12:29:34Z	15859.00000	1558.57503	1543.13352	1528.00941
2025-09-04T12:29:34Z	15859.00000	1558.69475	1543.26520	1528.08549
2025-09-04T12:29:34Z	15859.00000	1558.75803	1543.38025	1528.15517
2025-09-04T12:29:34Z	15859.00000	1558.86480	1543.50677	1528.22575
2025-09-04T12:29:34Z	15859.00000	1558.91077	1543.60008	1528.27689
2025-09-04T12:29:34Z	15859.00000	1558.99931	1543.69258	1528.33287
2025-09-04T12:29:34Z	15859.00000	1559.04042	1543.76291	1528.37526
2025-09-04T12:29:34Z	15859.00000	1559.06782	1543.82233	1528.41079
2025-09-04T12:29:35Z	15860.00000	1559.12537	1543.88592	1528.44641
2025-09-04T12:29:35Z	15860.00000	1559.15534	1543.91939	1528.46479
2025-09-04T12:29:35Z	15860.00000	1559.18790	1543.95614	1528.48499
2025-09-04T12:29:35Z	15860.00000	1559.20168	1543.98201	1528.49987
2025-09-04T12:29:35Z	15860.00000	1559.20835	1544.00392	1528.51213
2025-09-04T12:29:35Z	15860.00000	1559.21446	1544.02147	1528.52260
2025-09-04T12:29:35Z	15860.00000	1559.22027	1544.03711	1528.53112
2025-09-04T12:29:35Z	15860.00000	1559.22958	1544.05386	1528.54104
2025-09-04T12:29:35Z	15860.00000	1559.24075	1544.06791	1528.54934
2025-09-04T12:29:36Z	15860.00000	1559.24970	1544.07856	1528.55515
2025-09-04T12:29:36Z	15861.00000	1557.20861	1541.22959	1526.85444
2025-09-04T12:29:36Z	15861.00000	1556.67837	1540.46476	1526.39609
2025-09-04T12:29:36Z	15861.00000	1556.39995	1540.09584	1526.18136
2025-09-04T12:29:36Z	15861.00000	1556.17207	1539.74559	1525.97466
2025-09-04T12:29:36Z	15861.00000	1555.85778	1539.31803	1525.71885
2025-09-04T12:29:36Z	15861.00000	1555.60991	1538.96976	1525.50915
2025-09-04T12:29:36Z	15861.00000	1555.44300	1538.73298	1525.36593
2025-09-04T12:29:36Z	15861.00000	1555.28240	1538.50294	1525.22933
2025-09-04T12:29:36Z	15861.00000	1554.92036	1538.00001	1524.91980
2025-09-04T12:29:37Z	15862.00000	1554.84424	1537.89073	1524.85104
2025-09-04T12:29:37Z	15862.00000	1554.84321	1537.88652	1524.84936
2025-09-04T12:29:37Z	15862.00000	1554.84140	1537.88299	1524.84721
2025-09-04T12:29:37Z	15862.00000	1554.83998	1537.87972	1524.84574
2025-09-04T12:29:37Z	15862.00000	1554.83938	1537.87757	1524.84458
2025-09-04T12:29:37Z	15862.00000	1554.83906	1537.87560	1524.84348
2025-09-04T12:29:37Z	15862.00000	1554.83823	1537.87366	1524.84256
2025-09-04T12:29:37Z	15862.00000	1554.83756	1537.87170	1524.84151
2025-09-04T12:29:37Z	15862.00000	1554.83518	1537.87008	1524.84062
2025-09-04T12:29:38Z	15862.00000	1554.83582	1537.86900	1524.84023
2025-09-04T12:29:38Z	15863.00000	1554.83541	1537.86658	1524.83895
2025-09-04T12:29:38Z	15863.00000	1554.83486	1537.86550	1524.83806
2025-09-04T12:29:38Z	15863.00000	1554.83424	1537.86517	1524.83833
2025-09-04T12:29:38Z	15863.00000	1554.83265	1537.86428	1524.83753
2025-09-04T12:29:38Z	15863.00000	1554.83377	1537.86346	1524.83711
2025-09-04T12:29:38Z	15863.00000	1554.83098	1537.86202	1524.83656
2025-09-04T12:29:38Z	15863.00000	1554.82890	1537.86163	1524.83613
2025-09-04T12:29:39Z	15864.00000	1554.83181	1537.86086	1524.83568
2025-09-04T12:29:39Z	15864.00000	1554.82869	1537.86030	1524.83512
2025-09-04T12:29:39Z	15864.00000	1554.83110	1537.85934	1524.83489
2025-09-04T12:29:39Z	15864.00000	1554.82765	1537.85872	1524.83467
2025-09-04T12:29:39Z	15864.00000	1554.83063	1537.85828	1524.83434
2025-09-04T12:29:39Z	15864.00000	1554.83038	1537.85759	1524.83386
2025-09-04T12:29:39Z	15864.00000	1554.82983	1537.85692	1524.83363
2025-09-04T12:29:39Z	15864.00000	1554.82962	1537.85638	1524.83322
2025-09-04T12:29:40Z	15864.00000	1554.82886	1537.85592	1524.83285
2025-09-04T12:29:40Z	15865.00000	1554.82895	1537.85564	1524.83271
2025-09-04T12:29:40Z	15865.00000	1554.82850	1537.85503	1524.83236
2025-09-04T12:29:40Z	15865.00000	1554.82817	1537.85470	1524.83232
2025-09-04T12:29:40Z	15865.00000	1554.82811	1537.85432	1524.83211
2025-09-04T12:29:40Z	15865.00000	1554.82798	1537.85404	1524.83180
2025-09-04T12:29:40Z	15865.00000	1554.82705	1537.85363	1524.83163
2025-09-04T12:29:40Z	15865.00000	1554.82794	1537.85341	1524.83157
2025-09-04T12:29:40Z	15865.00000	1554.82740	1537.85313	1524.83125
2025-09-04T12:29:40Z	15865.00000	1554.82519	1537.85298	1524.83102
2025-09-04T12:29:41Z	15866.00000	1554.82511	1537.85253	1524.83081
2025-09-04T12:29:41Z	15866.00000	1554.91068	1537.99403	1524.92133
2025-09-04T12:29:41Z	15866.00000	1555.14482	1538.29606	1525.10979
2025-09-04T12:29:41Z	15866.00000	1555.42323	1538.70281	1525.35926
2025-09-04T12:29:41Z	15866.00000	1555.68664	1539.05928	1525.57690
2025-09-04T12:29:41Z	15866.00000	1555.92594	1539.39927	1525.78562
2025-09-04T12:29:41Z	15866.00000	1556.08874	1539.63393	1525.92364
2025-09-04T12:29:41Z	15866.00000	1556.43557	1540.11865	1526.21628
2025-09-04T12:29:41Z	15866.00000	1556.62244	1540.37619	1526.37255
2025-09-04T12:29:42Z	15867.00000	1556.79926	1540.62015	1526.51930
2025-09-04T12:29:42Z	15867.00000	1557.06713	1541.01767	1526.75718
2025-09-04T12:29:42Z	15867.00000	1557.23723	1541.26045	1526.90084
2025-09-04T12:29:42Z	15867.00000	1557.38003	1541.45997	1527.01839
2025-09-04T12:29:42Z	15867.00000	1557.53510	1541.65412	1527.13245
2025-09-04T12:29:42Z	15867.00000	1557.77031	1541.99908	1527.33906
2025-09-04T12:29:42Z	15867.00000	1557.94604	1542.24205	1527.48216
2025-09-04T12:29:42Z	15867.00000	1558.08014	1542.43885	1527.59953
2025-09-04T12:29:42Z	15867.00000	1558.20597	1542.59862	1527.69088
2025-09-04T12:29:43Z	15868.00000	1558.41134	1542.90718	1527.87483
2025-09-04T12:29:43Z	15868.00000	1558.53758	1543.05748	1527.96300
2025-09-04T12:29:43Z	15868.00000	1558.67022	1543.23490	1528.06799
2025-09-04T12:29:43Z	15868.00000	1558.75151	1543.37395	1528.15125
2025-09-04T12:29:43Z	15868.00000	1558.85508	1543.50067	1528.22224
2025-09-04T12:29:43Z	15868.00000	1558.89243	1543.58019	1528.26520
2025-09-04T12:29:43Z	15868.00000	1558.98147	1543.67693	1528.32278
2025-09-04T12:29:43Z	15868.00000	1559.03905	1543.75998	1528.37384
2025-09-04T12:29:43Z	15868.00000	1559.05755	1543.81044	1528.40338
2025-09-04T12:29:44Z	15868.00000	1559.10837	1543.86969	1528.43690
2025-09-04T12:29:44Z	15869.00000	1559.15284	1543.91829	1528.46366
2025-09-04T12:29:44Z	15869.00000	1559.17572	1543.94562	1528.47878
2025-09-04T12:29:44Z	15869.00000	1559.20455	1543.99405	1528.50548
2025-09-04T12:29:44Z	15869.00000	1559.21172	1544.01645	1528.51902
2025-09-04T12:29:44Z	15869.00000	1559.21747	1544.03232	1528.52814
2025-09-04T12:29:44Z	15869.00000	1559.22590	1544.05002	1528.53846
2025-09-04T12:29:44Z	15869.00000	1559.23202	1544.05931	1528.54396
2025-09-04T12:29:44Z	15869.00000	1559.24504	1544.07426	1528.55237
2025-09-04T12:29:45Z	15869.00000	1559.25064	1544.08129	1528.55639
2025-09-04T12:29:45Z	15870.00000	1557.03603	1540.98398	1526.71879
2025-09-04T12:29:45Z	15870.00000	1556.56479	1540.32995	1526.32572
2025-09-04T12:29:45Z	15870.00000	1556.03815	1539.59642	1525.88306
2025-09-04T12:29:45Z	15870.00000	1555.78833	1539.21764	1525.65872
2025-09-04T12:29:45Z	15870.00000	1555.56418	1538.91779	1525.47728
2025-09-04T12:29:45Z	15870.00000	1555.31871	1538.54499	1525.25390
2025-09-04T12:29:45Z	15870.00000	1555.16513	1538.32644	1525.12094
2025-09-04T12:29:45Z	15870.00000	1554.88192	1537.95631	1524.89171
2025-09-04T12:29:46Z	15870.00000	1554.84351	1537.88753	1524.84791
2025-09-04T12:29:46Z	15871.00000	1554.84188	1537.88341	1524.84699
2025-09-04T12:29:46Z	15871.00000	1554.84078	1537.88153	1524.84606
2025-09-04T12:29:46Z	15871.00000	1554.83982	1537.87923	1524.84531
2025-09-04T12:29:46Z	15871.00000	1554.83911	1537.87667	1524.84392
2025-09-04T12:29:46Z	15871.00000	1554.83886	1537.87529	1524.84320
2025-09-04T12:29:46Z	15871.00000	1554.83799	1537.87388	1524.84240
2025-09-04T12:29:46Z	15871.00000	1554.83777	1537.87241	1524.84159
2025-09-04T12:29:46Z	15871.00000	1554.83716	1537.87047	1524.84041
2025-09-04T12:29:46Z	15871.00000	1554.83640	1537.86953	1524.84029
2025-09-04T12:29:47Z	15872.00000	1554.83585	1537.86871	1524.83978
2025-09-04T12:29:47Z	15872.00000	1554.83539	1537.86743	1524.83916
2025-09-04T12:29:47Z	15872.00000	1554.83521	1537.86591	1524.83826
2025-09-04T12:29:47Z	15872.00000	1554.83464	1537.86571	1524.83839
2025-09-04T12:29:47Z	15872.00000	1554.83367	1537.86411	1524.83718
2025-09-04T12:29:47Z	15872.00000	1554.83407	1537.86341	1524.83670
2025-09-04T12:29:47Z	15872.00000	1554.83355	1537.86283	1524.83634
2025-09-04T12:29:47Z	15872.00000	1554.83124	1537.86255	1524.83633
2025-09-04T12:29:47Z	15872.00000	1554.83098	1537.86185	1524.83596
2025-09-04T12:29:48Z	15872.00000	1554.82903	1537.86111	1524.83567
2025-09-04T12:29:48Z	15873.00000	1554.83236	1537.86038	1524.83526
2025-09-04T12:29:48Z	15873.00000	1554.83148	1537.85971	1524.83488
2025-09-04T12:29:48Z	15873.00000	1554.83139	1537.85928	1524.83466
2025-09-04T12:29:48Z	15873.00000	1554.83097	1537.85871	1524.83465
2025-09-04T12:29:48Z	15873.00000	1554.83077	1537.85785	1524.83379
2025-09-04T12:29:48Z	15873.00000	1554.82972	1537.85734	1524.83353
2025-09-04T12:29:48Z	15873.00000	1554.82958	1537.85667	1524.83304
2025-09-04T12:29:49Z	15873.00000	1554.82970	1537.85642	1524.83301
2025-09-04T12:29:49Z	15874.00000	1554.82945	1537.85604	1524.83276
2025-09-04T12:29:49Z	15874.00000	1554.82901	1537.85544	1524.83257
2025-09-04T12:29:49Z	15874.00000	1554.82643	1537.85494	1524.83227
2025-09-04T12:29:49Z	15874.00000	1554.82825	1537.85476	1524.83192
2025-09-04T12:29:49Z	15874.00000	1554.82841	1537.85425	1524.83183
2025-09-04T12:29:49Z	15874.00000	1554.82776	1537.85364	1524.83157
2025-09-04T12:29:49Z	15874.00000	1554.82572	1537.85323	1524.83139
2025-09-04T12:29:49Z	15874.00000	1554.82738	1537.85291	1524.83123
2025-09-04T12:29:50Z	15875.00000	1554.82533	1537.85262	1524.83111
2025-09-04T12:29:50Z	15875.00000	1555.02804	1538.15648	1525.02392
2025-09-04T12:29:50Z	15875.00000	1555.34469	1538.57867	1525.28251
2025-09-04T12:29:50Z	15875.00000	1555.52599	1538.84822	1525.44593
2025-09-04T12:29:50Z	15875.00000	1555.85941	1539.30016	1525.72386
2025-09-04T12:29:50Z	15875.00000	1556.12779	1539.67672	1525.95016
2025-09-04T12:29:50Z	15875.00000	1556.27731	1539.89246	1526.08352
2025-09-04T12:29:50Z	15875.00000	1556.42717	1540.11026	1526.21118
2025-09-04T12:29:50Z	15875.00000	1556.61145	1540.36512	1526.36631
2025-09-04T12:29:51Z	15876.00000	1556.88734	1540.76722	1526.60586
2025-09-04T12:29:51Z	15876.00000	1557.05311	1541.00225	1526.74851
2025-09-04T12:29:51Z	15876.00000	1557.25669	1541.28613	1526.91554
2025-09-04T12:29:51Z	15876.00000	1557.42922	1541.52527	1527.05933
2025-09-04T12:29:51Z	15876.00000	1557.60060	1541.76347	1527.19823
2025-09-04T12:29:51Z	15876.00000	1557.75926	1541.98877	1527.33388
2025-09-04T12:29:51Z	15876.00000	1557.90488	1542.19863	1527.45784
2025-09-04T12:29:51Z	15876.00000	1558.14050	1542.50539	1527.63993
2025-09-04T12:29:51Z	15876.00000	1558.28419	1542.71788	1527.76150
2025-09-04T12:29:52Z	15877.00000	1558.50280	1543.00497	1527.93203
2025-09-04T12:29:52Z	15877.00000	1558.69663	1543.27333	1528.08998
2025-09-04T12:29:52Z	15877.00000	1558.75848	1543.38541	1528.15776
2025-09-04T12:29:52Z	15877.00000	1558.85319	1543.49093	1528.21684
2025-09-04T12:29:52Z	15877.00000	1558.93282	1543.62910	1528.29337
2025-09-04T12:29:52Z	15877.00000	1559.03881	1543.76230	1528.37478
2025-09-04T12:29:52Z	15877.00000	1559.06225	1543.82109	1528.40934
2025-09-04T12:29:52Z	15877.00000	1559.11245	1543.87703	1528.44128
2025-09-04T12:29:53Z	15878.00000	1559.15433	1543.92317	1528.46658
2025-09-04T12:29:53Z	15878.00000	1559.19859	1543.98151	1528.49834
2025-09-04T12:29:53Z	15878.00000	1559.20727	1544.00568	1528.51242
2025-09-04T12:29:53Z	15878.00000	1559.21179	1544.01954	1528.52084
2025-09-04T12:29:53Z	15878.00000	1559.21732	1544.03580	1528.52969
2025-09-04T12:29:53Z	15878.00000	1559.22621	1544.05430	1528.54134
2025-09-04T12:29:53Z	15878.00000	1559.23674	1544.06812	1528.54909
2025-09-04T12:29:54Z	15878.00000	1559.22705	1544.02517	1528.54502
2025-09-04T12:29:54Z	15879.00000	1556.88211	1540.78302	1526.59464
2025-09-04T12:29:54Z	15879.00000	1556.47336	1540.18604	1526.22974
2025-09-04T12:29:54Z	15879.00000	1556.12455	1539.69564	1525.94588
2025-09-04T12:29:54Z	15879.00000	1555.93316	1539.43306	1525.78907
2025-09-04T12:29:54Z	15879.00000	1555.64472	1539.01133	1525.53507
2025-09-04T12:29:54Z	15879.00000	1555.44185	1538.73290	1525.36642
2025-09-04T12:29:54Z	15879.00000	1555.27908	1538.50060	1525.22795
2025-09-04T12:29:54Z	15879.00000	1555.06068	1538.20558	1525.04529
2025-09-04T12:29:54Z	15879.00000	1554.84340	1537.89108	1524.85186
2025-09-04T12:29:55Z	15879.00000	1554.84392	1537.88751	1524.84897
2025-09-04T12:29:55Z	15880.00000	1554.84119	1537.88225	1524.84713
2025-09-04T12:29:55Z	15880.00000	1554.84021	1537.87963	1524.84561
2025-09-04T12:29:55Z	15880.00000	1554.83973	1537.87778	1524.84479
2025-09-04T12:29:55Z	15880.00000	1554.83873	1537.87403	1524.84278
2025-09-04T12:29:55Z	15880.00000	1554.83803	1537.87255	1524.84177
2025-09-04T12:29:55Z	15880.00000	1554.83769	1537.87069	1524.84090
2025-09-04T12:29:55Z	15880.00000	1554.83658	1537.86992	1524.84058
2025-09-04T12:29:56Z	15880.00000	1554.83591	1537.86882	1524.84003
2025-09-04T12:29:56Z	15881.00000	1554.83577	1537.86701	1524.83899
2025-09-04T12:29:56Z	15881.00000	1554.83545	1537.86632	1524.83850
2025-09-04T12:29:56Z	15881.00000	1554.83505	1537.86601	1524.83854
2025-09-04T12:29:56Z	15881.00000	1554.83472	1537.86518	1524.83791
2025-09-04T12:29:56Z	15881.00000	1554.83443	1537.86432	1524.83744
2025-09-04T12:29:56Z	15881.00000	1554.83267	1537.86321	1524.83689
2025-09-04T12:29:56Z	15881.00000	1554.83295	1537.86245	1524.83655
2025-09-04T12:29:56Z	15881.00000	1554.83226	1537.86181	1524.83629
2025-09-04T12:29:57Z	15882.00000	1554.83280	1537.86055	1524.83542
2025-09-04T12:29:57Z	15882.00000	1554.82922	1537.86023	1524.83539
2025-09-04T12:29:57Z	15882.00000	1554.83152	1537.85994	1524.83518
2025-09-04T12:29:57Z	15882.00000	1554.82850	1537.85921	1524.83488
2025-09-04T12:29:57Z	15882.00000	1554.83148	1537.85883	1524.83441
2025-09-04T12:29:57Z	15882.00000	1554.83091	1537.85825	1524.83402
2025-09-04T12:29:57Z	15882.00000	1554.83056	1537.85781	1524.83381
2025-09-04T12:29:57Z	15882.00000	1554.82754	1537.85739	1524.83374
2025-09-04T12:29:58Z	15882.00000	1554.83025	1537.85663	1524.83313
2025-09-04T12:29:58Z	15883.00000	1554.82965	1537.85613	1524.83287
2025-09-04T12:29:58Z	15883.00000	1554.82971	1537.85581	1524.83281
2025-09-04T12:29:58Z	15883.00000	1554.82906	1537.85549	1524.83255
2025-09-04T12:29:58Z	15883.00000	1554.82867	1537.85516	1524.83254
2025-09-04T12:29:58Z	15883.00000	1554.82846	1537.85479	1524.83205
2025-09-04T12:29:58Z	15883.00000	1554.82816	1537.85377	1524.83159
2025-09-04T12:29:58Z	15883.00000	1554.82795	1537.85385	1524.83170
2025-09-04T12:29:58Z	15883.00000	1554.82572	1537.85349	1524.83156
2025-09-04T12:29:58Z	15883.00000	1554.82755	1537.85315	1524.83107
2025-09-04T12:29:59Z	15884.00000	1554.82756	1537.85288	1524.83096
2025-09-04T12:29:59Z	15884.00000	1554.82756	1537.85249	1524.83116
2025-09-04T12:29:59Z	15884.00000	1555.08817	1538.23638	1525.07255
2025-09-04T12:29:59Z	15884.00000	1555.32141	1538.54343	1525.26143
2025-09-04T12:29:59Z	15884.00000	1555.53058	1538.85831	1525.45174
2025-09-04T12:29:59Z	15884.00000	1555.79641	1539.20964	1525.66825
2025-09-04T12:29:59Z	15884.00000	1556.00509	1539.49743	1525.84279
2025-09-04T12:29:59Z	15884.00000	1556.19555	1539.77287	1526.01008
2025-09-04T12:29:59Z	15884.00000	1556.43692	1540.12153	1526.21814
2025-09-04T12:29:59Z	15884.00000	1556.58144	1540.33149	1526.34726
2025-09-04T12:30:00Z	15885.00000	1556.76266	1540.57978	1526.49550
2025-09-04T12:30:00Z	15885.00000	1556.95996	1540.84864	1526.65713
2025-09-04T12:30:00Z	15885.00000	1557.13113	1541.09456	1526.80141
2025-09-04T12:30:00Z	15885.00000	1557.36843	1541.42697	1526.99800
2025-09-04T12:30:00Z	15885.00000	1557.53860	1541.66631	1527.13956
2025-09-04T12:30:00Z	15885.00000	1557.71499	1541.92653	1527.29794
2025-09-04T12:30:00Z	15885.00000	1558.02961	1542.34023	1527.53850
2025-09-04T12:30:00Z	15885.00000	1558.13837	1542.50385	1527.63807
2025-09-04T12:30:01Z	15885.00000	1558.28435	1542.71734	1527.76073
2025-09-04T12:30:01Z	15886.00000	1558.41140	1542.90948	1527.87537
2025-09-04T12:30:01Z	15886.00000	1558.52794	1543.03676	1527.94985
2025-09-04T12:30:01Z	15886.00000	1558.60908	1543.17274	1528.03217
2025-09-04T12:30:01Z	15886.00000	1558.70777	1543.30243	1528.10687
2025-09-04T12:30:01Z	15886.00000	1558.81721	1543.44967	1528.19337
2025-09-04T12:30:01Z	15886.00000	1558.87319	1543.53444	1528.23991
2025-09-04T12:30:01Z	15886.00000	1559.03034	1543.73906	1528.36024
2025-09-04T12:30:01Z	15886.00000	1559.04868	1543.79422	1528.39278
2025-09-04T12:30:01Z	15886.00000	1559.07783	1543.83993	1528.41950
2025-09-04T12:30:02Z	15887.00000	1559.13457	1543.90205	1528.45427
2025-09-04T12:30:02Z	15887.00000	1559.17852	1543.94941	1528.48014
2025-09-04T12:30:02Z	15887.00000	1559.20084	1543.98644	1528.50067
2025-09-04T12:30:02Z	15887.00000	1559.20704	1544.00598	1528.51091
2025-09-04T12:30:02Z	15887.00000	1559.21848	1544.03831	1528.53103
2025-09-04T12:30:02Z	15887.00000	1559.22583	1544.05481	1528.53994
2025-09-04T12:30:02Z	15887.00000	1559.23618	1544.06954	1528.54830
2025-09-04T12:30:02Z	15887.00000	1559.24512	1544.07846	1528.55397
2025-09-04T12:30:03Z	15888.00000	1559.25246	1544.08813	1528.55956
2025-09-04T12:30:03Z	15888.00000	1556.57058	1540.33872	1526.33326
2025-09-04T12:30:03Z	15888.00000	1556.35156	1540.00208	1526.12202
2025-09-04T12:30:03Z	15888.00000	1556.13746	1539.70795	1525.95066
2025-09-04T12:30:03Z	15888.00000	1555.89019	1539.38194	1525.75930
2025-09-04T12:30:03Z	15888.00000	1555.66401	1539.03097	1525.54747
2025-09-04T12:30:03Z	15888.00000	1555.44687	1538.73840	1525.36953
2025-09-04T12:30:03Z	15888.00000	1555.20764	1538.41794	1525.17784
2025-09-04T12:30:03Z	15888.00000	1555.03142	1538.16522	1525.02179
2025-09-04T12:30:03Z	15888.00000	1554.86530	1537.93485	1524.87864
2025-09-04T12:30:04Z	15889.00000	1554.84511	1537.89082	1524.85102
2025-09-04T12:30:04Z	15889.00000	1554.84179	1537.88322	1524.84714
2025-09-04T12:30:04Z	15889.00000	1554.84031	1537.87908	1524.84534
2025-09-04T12:30:04Z	15889.00000	1554.84008	1537.87737	1524.84419
2025-09-04T12:30:04Z	15889.00000	1554.83579	1537.87569	1524.84347
2025-09-04T12:30:04Z	15889.00000	1554.83861	1537.87416	1524.84247
2025-09-04T12:30:04Z	15889.00000	1554.83827	1537.87262	1524.84172
2025-09-04T12:30:04Z	15889.00000	1554.83810	1537.87118	1524.84103
2025-09-04T12:30:04Z	15889.00000	1554.83727	1537.87003	1524.84045
2025-09-04T12:30:05Z	15890.00000	1554.83626	1537.86914	1524.83991
2025-09-04T12:30:05Z	15890.00000	1554.83594	1537.86835	1524.83947
2025-09-04T12:30:05Z	15890.00000	1554.83625	1537.86702	1524.83893
2025-09-04T12:30:05Z	15890.00000	1554.83537	1537.86599	1524.83820
2025-09-04T12:30:05Z	15890.00000	1554.83138	1537.86540	1524.83818
2025-09-04T12:30:05Z	15890.00000	1554.83485	1537.86472	1524.83764
2025-09-04T12:30:05Z	15890.00000	1554.83103	1537.86388	1524.83711
2025-09-04T12:30:05Z	15890.00000	1554.83408	1537.86333	1524.83660
2025-09-04T12:30:06Z	15890.00000	1554.83307	1537.86193	1524.83617
2025-09-04T12:30:06Z	15891.00000	1554.83318	1537.86143	1524.83579
2025-09-04T12:30:06Z	15891.00000	1554.83300	1537.86080	1524.83535
2025-09-04T12:30:06Z	15891.00000	1554.83243	1537.86016	1524.83491
2025-09-04T12:30:06Z	15891.00000	1554.83040	1537.85939	1524.83475
2025-09-04T12:30:06Z	15891.00000	1554.83189	1537.85895	1524.83438
2025-09-04T12:30:06Z	15891.00000	1554.83136	1537.85825	1524.83425
2025-09-04T12:30:06Z	15891.00000	1554.83131	1537.85812	1524.83415
2025-09-04T12:30:06Z	15891.00000	1554.83074	1537.85759	1524.83358
2025-09-04T12:30:06Z	15891.00000	1554.83098	1537.85702	1524.83340
2025-09-04T12:30:07Z	15892.00000	1554.83039	1537.85655	1524.83316
2025-09-04T12:30:07Z	15892.00000	1554.83046	1537.85613	1524.83295
2025-09-04T12:30:07Z	15892.00000	1554.83023	1537.85568	1524.83269
2025-09-04T12:30:07Z	15892.00000	1554.82927	1537.85519	1524.83235
2025-09-04T12:30:07Z	15892.00000	1554.82894	1537.85479	1524.83212
2025-09-04T12:30:07Z	15892.00000	1554.82935	1537.85455	1524.83200
2025-09-04T12:30:07Z	15892.00000	1554.82866	1537.85424	1524.83165
2025-09-04T12:30:07Z	15892.00000	1554.82839	1537.85364	1524.83155
2025-09-04T12:30:08Z	15892.00000	1554.82591	1537.85359	1524.83155
2025-09-04T12:30:08Z	15893.00000	1554.82816	1537.85307	1524.83126
2025-09-04T12:30:08Z	15893.00000	1554.82816	1537.85285	1524.83118
2025-09-04T12:30:08Z	15893.00000	1554.82567	1537.85260	1524.83079
2025-09-04T12:30:08Z	15893.00000	1554.82557	1537.85215	1524.83059
2025-09-04T12:30:08Z	15893.00000	1554.82743	1537.85213	1524.83055
2025-09-04T12:30:08Z	15893.00000	1554.82662	1537.85169	1524.83030
2025-09-04T12:30:08Z	15893.00000	1554.82735	1537.85155	1524.83037
2025-09-04T12:30:08Z	15893.00000	1554.82514	1537.85133	1524.83021
2025-09-04T12:30:08Z	15893.00000	1554.82647	1537.85110	1524.83016
2025-09-04T12:30:09Z	15893.00000	1554.82670	1537.85074	1524.82980
2025-09-04T12:30:09Z	15894.00000	1554.82465	1537.85065	1524.82989
2025-09-04T12:30:09Z	15894.00000	1554.82624	1537.85003	1524.82945
2025-09-04T12:30:09Z	15894.00000	1554.82614	1537.85004	1524.82952
2025-09-04T12:30:09Z	15894.00000	1554.82568	1537.84988	1524.82959
2025-09-04T12:30:09Z	15894.00000	1554.82603	1537.84963	1524.82915
2025-09-04T12:30:09Z	15894.00000	1554.82578	1537.84936	1524.82914
2025-09-04T12:30:09Z	15894.00000	1554.82543	1537.84923	1524.82898
2025-09-04T12:30:09Z	15894.00000	1554.82553	1537.84890	1524.82871
2025-09-04T12:30:09Z	15894.00000	1554.82500	1537.84881	1524.82887
2025-09-04T12:30:09Z	15894.00000	1554.82548	1537.84835	1524.82851
2025-09-04T12:30:10Z	15895.00000	1554.82378	1537.84821	1524.82848
2025-09-04T12:30:10Z	15895.00000	1554.82371	1537.84795	1524.82820
2025-09-04T12:30:10Z	15895.00000	1554.82496	1537.84803	1524.82844
2025-09-04T12:30:10Z	15895.00000	1554.82485	1537.84783	1524.82832
2025-09-04T12:30:10Z	15895.00000	1554.82439	1537.84754	1524.82800
2025-09-04T12:30:10Z	15895.00000	1554.82319	1537.84739	1524.82799
2025-09-04T12:30:10Z	15895.00000	1554.82426	1537.84728	1524.82789
2025-09-04T12:30:10Z	15895.00000	1554.82287	1537.84687	1524.82778
2025-09-04T12:30:10Z	15895.00000	1554.82375	1537.84649	1524.82736
2025-09-04T12:30:10Z	15895.00000	1554.82389	1537.84651	1524.82757
2025-09-04T12:30:11Z	15896.00000	1554.82266	1537.84666	1524.82745
2025-09-04T12:30:11Z	15896.00000	1554.82242	1537.84623	1524.82767
2025-09-04T12:30:11Z	15896.00000	1554.82333	1537.84610	1524.82752
2025-09-04T12:30:11Z	15896.00000	1554.82238	1537.84585	1524.82714
2025-09-04T12:30:11Z	15896.00000	1554.82341	1537.84550	1524.82685
2025-09-04T12:30:11Z	15896.00000	1554.82307	1537.84548	1524.82696
2025-09-04T12:30:11Z	15896.00000	1554.82209	1537.84542	1524.82702
2025-09-04T12:30:11Z	15896.00000	1554.82193	1537.84516	1524.82686
2025-09-04T12:30:11Z	15896.00000	1554.82180	1537.84517	1524.82672
2025-09-04T12:30:11Z	15896.00000	1554.82188	1537.84488	1524.82659
2025-09-04T12:30:12Z	15897.00000	1554.82144	1537.84478	1524.82655
2025-09-04T12:30:12Z	15897.00000	1554.82179	1537.84461	1524.82641
2025-09-04T12:30:12Z	15897.00000	1554.82160	1537.84436	1524.82634
2025-09-04T12:30:12Z	15897.00000	1554.82141	1537.84432	1524.82637
2025-09-04T12:30:12Z	15897.00000	1554.82129	1537.84411	1524.82635
2025-09-04T12:30:12Z	15897.00000	1554.82123	1537.84399	1524.82623
2025-09-04T12:30:12Z	15897.00000	1554.82127	1537.84387	1524.82583
2025-09-04T12:30:12Z	15897.00000	1554.82224	1537.84389	1524.82601
2025-09-04T12:30:12Z	15897.00000	1554.82140	1537.84365	1524.82599
2025-09-04T12:30:12Z	15897.00000	1554.82205	1537.84378	1524.82574
2025-09-04T12:30:13Z	15898.00000	1554.82096	1537.84332	1524.82562
2025-09-04T12:30:13Z	15898.00000	1554.82151	1537.84299	1524.82560
2025-09-04T12:30:13Z	15898.00000	1554.82202	1537.84306	1524.82552
2025-09-04T12:30:13Z	15898.00000	1554.82081	1537.84304	1524.82547
2025-09-04T12:30:13Z	15898.00000	1554.82156	1537.84273	1524.82571
2025-09-04T12:30:13Z	15898.00000	1554.82165	1537.84289	1524.82553
2025-09-04T12:30:13Z	15898.00000	1554.82038	1537.84231	1524.82516
2025-09-04T12:30:13Z	15898.00000	1554.82107	1537.84237	1524.82517
2025-09-04T12:30:13Z	15898.00000	1554.82099	1537.84248	1524.82510
2025-09-04T12:30:13Z	15898.00000	1554.82051	1537.84234	1524.82500
2025-09-04T12:30:14Z	15899.00000	1554.82099	1537.84228	1524.82518
2025-09-04T12:30:14Z	15899.00000	1554.82096	1537.84188	1524.82474
2025-09-04T12:30:14Z	15899.00000	1554.82077	1537.84163	1524.82475
2025-09-04T12:30:14Z	15899.00000	1554.82086	1537.84167	1524.82513
2025-09-04T12:30:14Z	15899.00000	1554.82093	1537.84154	1524.82485
2025-09-04T12:30:14Z	15899.00000	1554.82076	1537.84162	1524.82467
2025-09-04T12:30:14Z	15899.00000	1554.82048	1537.84135	1524.82453
2025-09-04T12:30:14Z	15899.00000	1554.82002	1537.84139	1524.82463
2025-09-04T12:30:14Z	15899.00000	1554.82111	1537.84118	1524.82453
2025-09-04T12:30:14Z	15899.00000	1554.82013	1537.84083	1524.82421
2025-09-04T12:30:15Z	15900.00000	1554.82049	1537.84094	1524.82432
2025-09-04T12:30:15Z	15900.00000	1554.82005	1537.84070	1524.82425
2025-09-04T12:30:15Z	15900.00000	1554.82016	1537.84091	1524.82422
2025-09-04T12:30:15Z	15900.00000	1554.81977	1537.84035	1524.82405
2025-09-04T12:30:15Z	15900.00000	1554.81928	1537.84058	1524.82405
2025-09-04T12:30:15Z	15900.00000	1554.81983	1537.84045	1524.82416
2025-09-04T12:30:15Z	15900.00000	1554.82012	1537.84018	1524.82399
2025-09-04T12:30:15Z	15900.00000	1554.81982	1537.84016	1524.82377
2025-09-04T12:30:15Z	15900.00000	1554.81955	1537.84001	1524.82391
2025-09-04T12:30:16Z	15900.00000	1554.81914	1537.83979	1524.82361
2025-09-04T12:30:16Z	15901.00000	1554.81910	1537.83980	1524.82391
2025-09-04T12:30:16Z	15901.00000	1554.81929	1537.83980	1524.82373
2025-09-04T12:30:16Z	15901.00000	1554.81913	1537.83962	1524.82364
2025-09-04T12:30:16Z	15901.00000	1554.81895	1537.83944	1524.82361
2025-09-04T12:30:16Z	15901.00000	1554.81898	1537.83945	1524.82363
2025-09-04T12:30:16Z	15901.00000	1554.81865	1537.83916	1524.82347
2025-09-04T12:30:16Z	15901.00000	1554.81902	1537.83931	1524.82352
2025-09-04T12:30:16Z	15901.00000	1554.81835	1537.83906	1524.82336
2025-09-04T12:30:16Z	15901.00000	1554.81801	1537.83901	1524.82323
2025-09-04T12:30:17Z	15901.00000	1554.81919	1537.83887	1524.82315
2025-09-04T12:30:17Z	15902.00000	1554.81838	1537.83866	1524.82310
2025-09-04T12:30:17Z	15902.00000	1554.81845	1537.83894	1524.82314
2025-09-04T12:30:17Z	15902.00000	1554.81824	1537.83869	1524.82292
2025-09-04T12:30:17Z	15902.00000	1554.81827	1537.83865	1524.82297
2025-09-04T12:30:17Z	15902.00000	1554.81836	1537.83841	1524.82274
2025-09-04T12:30:17Z	15902.00000	1554.81783	1537.83836	1524.82271
2025-09-04T12:30:17Z	15902.00000	1554.81798	1537.83834	1524.82272
2025-09-04T12:30:17Z	15902.00000	1554.81779	1537.83815	1524.82265
2025-09-04T12:30:17Z	15902.00000	1554.81789	1537.83795	1524.82261
2025-09-04T12:30:18Z	15902.00000	1554.81747	1537.83801	1524.82249
2025-09-04T12:30:18Z	15903.00000	1554.81788	1537.83795	1524.82231
2025-09-04T12:30:18Z	15903.00000	1554.81739	1537.83761	1524.82262
2025-09-04T12:30:18Z	15903.00000	1554.81690	1537.83784	1524.82249
2025-09-04T12:30:18Z	15903.00000	1554.81765	1537.83750	1524.82247
2025-09-04T12:30:18Z	15903.00000	1554.81664	1537.83753	1524.82218
2025-09-04T12:30:18Z	15903.00000	1554.81675	1537.83748	1524.82223
2025-09-04T12:30:18Z	15903.00000	1554.81770	1537.83748	1524.82224
2025-09-04T12:30:18Z	15903.00000	1554.81738	1537.83729	1524.82212
2025-09-04T12:30:18Z	15903.00000	1554.81650	1537.83724	1524.82209
2025-09-04T12:30:18Z	15903.00000	1554.81662	1537.83726	1524.82213
2025-09-04T12:30:19Z	15904.00000	1554.81675	1537.83713	1524.82193
2025-09-04T12:30:19Z	15904.00000	1554.81648	1537.83696	1524.82196
2025-09-04T12:30:19Z	15904.00000	1554.81649	1537.83663	1524.82166
2025-09-04T12:30:19Z	15904.00000	1554.81605	1537.83660	1524.82174
2025-09-04T12:30:19Z	15904.00000	1554.81653	1537.83677	1524.82192
2025-09-04T12:30:19Z	15904.00000	1554.81596	1537.83659	1524.82162
2025-09-04T12:30:19Z	15904.00000	1554.81601	1537.83642	1524.82164
2025-09-04T12:30:19Z	15904.00000	1554.81613	1537.83650	1524.82180
2025-09-04T12:30:19Z	15904.00000	1554.81577	1537.83647	1524.82151
2025-09-04T12:30:20Z	15904.00000	1554.81567	1537.83652	1524.82156
2025-09-04T12:30:20Z	15905.00000	1554.81573	1537.83616	1524.82149
2025-09-04T12:30:20Z	15905.00000	1554.81605	1537.83628	1524.82165
2025-09-04T12:30:20Z	15905.00000	1554.81572	1537.83609	1524.82150
2025-09-04T12:30:20Z	15905.00000	1554.81604	1537.83596	1524.82147
2025-09-04T12:30:20Z	15905.00000	1554.81603	1537.83598	1524.82138
2025-09-04T12:30:20Z	15905.00000	1554.81551	1537.83593	1524.82136
2025-09-04T12:30:20Z	15905.00000	1554.81541	1537.83582	1524.82120
2025-09-04T12:30:20Z	15905.00000	1554.81569	1537.83565	1524.82131
2025-09-04T12:30:21Z	15905.00000	1554.81558	1537.83539	1524.82115
2025-09-04T12:30:21Z	15906.00000	1554.81540	1537.83533	1524.82098
2025-09-04T12:30:21Z	15906.00000	1554.81546	1537.83536	1524.82127
2025-09-04T12:30:21Z	15906.00000	1554.81521	1537.83555	1524.82106
2025-09-04T12:30:21Z	15906.00000	1554.81505	1537.83530	1524.82100
2025-09-04T12:30:21Z	15906.00000	1554.81512	1537.83522	1524.82099
2025-09-04T12:30:21Z	15906.00000	1554.81512	1537.83520	1524.82069
2025-09-04T12:30:21Z	15906.00000	1554.81501	1537.83510	1524.82094
2025-09-04T12:30:21Z	15906.00000	1554.81489	1537.83507	1524.82082
2025-09-04T12:30:22Z	15906.00000	1554.81470	1537.83485	1524.82098
2025-09-04T12:30:22Z	15907.00000	1554.81496	1537.83496	1524.82082
2025-09-04T12:30:22Z	15907.00000	1554.81466	1537.83491	1524.82087
2025-09-04T12:30:22Z	15907.00000	1554.81450	1537.83482	1524.82063
2025-09-04T12:30:22Z	15907.00000	1554.81475	1537.83489	1524.82072
2025-09-04T12:30:22Z	15907.00000	1554.81478	1537.83479	1524.82058
2025-09-04T12:30:22Z	15907.00000	1554.81450	1537.83444	1524.82050
2025-09-04T12:30:22Z	15907.00000	1554.81437	1537.83472	1524.82043
2025-09-04T12:30:22Z	15907.00000	1554.81435	1537.83449	1524.82045
2025-09-04T12:30:23Z	15907.00000	1554.81413	1537.83426	1524.82039
2025-09-04T12:30:23Z	15908.00000	1554.81377	1537.83428	1524.82042
2025-09-04T12:30:23Z	15908.00000	1554.81436	1537.83413	1524.82032
2025-09-04T12:30:23Z	15908.00000	1554.81396	1537.83420	1524.82032
2025-09-04T12:30:23Z	15908.00000	1554.81432	1537.83403	1524.82024
2025-09-04T12:30:23Z	15908.00000	1554.81449	1537.83406	1524.82020
2025-09-04T12:30:23Z	15908.00000	1554.81409	1537.83386	1524.82036
2025-09-04T12:30:23Z	15908.00000	1554.81383	1537.83389	1524.82025
2025-09-04T12:30:23Z	15908.00000	1554.81404	1537.83388	1524.82005
2025-09-04T12:30:24Z	15909.00000	1554.81360	1537.83368	1524.82015
2025-09-04T12:30:24Z	15909.00000	1554.81329	1537.83368	1524.81996
2025-09-04T12:30:24Z	15909.00000	1554.81358	1537.83364	1524.81995
2025-09-04T12:30:24Z	15909.00000	1554.81353	1537.83359	1524.82010
2025-09-04T12:30:24Z	15909.00000	1554.81333	1537.83349	1524.81992
2025-09-04T12:30:24Z	15909.00000	1554.81315	1537.83361	1524.81994
2025-09-04T12:30:24Z	15909.00000	1554.81348	1537.83352	1524.81985
2025-09-04T12:30:24Z	15909.00000	1554.81335	1537.83330	1524.81992
2025-09-04T12:30:24Z	15909.00000	1554.81325	1537.83330	1524.81988
2025-09-04T12:30:24Z	15909.00000	1554.81355	1537.83330	1524.81985
2025-09-04T12:30:25Z	15910.00000	1554.81258	1537.83347	1524.81999
2025-09-04T12:30:25Z	15910.00000	1554.81343	1537.83312	1524.81986
2025-09-04T12:30:25Z	15910.00000	1554.81318	1537.83315	1524.81979
2025-09-04T12:30:25Z	15910.00000	1554.81314	1537.83308	1524.81979
2025-09-04T12:30:25Z	15910.00000	1554.81287	1537.83267	1524.81954
2025-09-04T12:30:25Z	15910.00000	1554.81277	1537.83290	1524.81962
2025-09-04T12:30:25Z	15910.00000	1554.81294	1537.83283	1524.81961
2025-09-04T12:30:25Z	15910.00000	1554.81267	1537.83274	1524.81964
2025-09-04T12:30:26Z	15911.00000	1554.81289	1537.83263	1524.81951
2025-09-04T12:30:26Z	15911.00000	1554.81232	1537.83248	1524.81945
2025-09-04T12:30:26Z	15911.00000	1554.81232	1537.83253	1524.81941
2025-09-04T12:30:26Z	15911.00000	1554.81267	1537.83249	1524.81956
2025-09-04T12:30:26Z	15911.00000	1554.81225	1537.83256	1524.81941
2025-09-04T12:30:26Z	15911.00000	1554.81239	1537.83222	1524.81922
2025-09-04T12:30:26Z	15911.00000	1554.81210	1537.83233	1524.81915
2025-09-04T12:30:27Z	15911.00000	1554.81261	1537.83247	1524.81942
2025-09-04T12:30:27Z	15912.00000	1554.81230	1537.83221	1524.81920
2025-09-04T12:30:27Z	15912.00000	1554.81258	1537.83204	1524.81910
2025-09-04T12:30:27Z	15912.00000	1554.81241	1537.83199	1524.81928
2025-09-04T12:30:27Z	15912.00000	1554.81248	1537.83184	1524.81913
2025-09-04T12:30:27Z	15912.00000	1554.81209	1537.83184	1524.81915
2025-09-04T12:30:27Z	15912.00000	1554.81211	1537.83183	1524.81900
2025-09-04T12:30:27Z	15912.00000	1554.81202	1537.83184	1524.81910
2025-09-04T12:30:27Z	15912.00000	1554.81238	1537.83173	1524.81900
2025-09-04T12:30:28Z	15913.00000	1554.81188	1537.83177	1524.81895
2025-09-04T12:30:28Z	15913.00000	1554.81109	1537.83164	1524.81904
2025-09-04T12:30:28Z	15913.00000	1554.81179	1537.83164	1524.81890
2025-09-04T12:30:28Z	15913.00000	1554.81224	1537.83156	1524.81898
2025-09-04T12:30:28Z	15913.00000	1554.81174	1537.83147	1524.81877
2025-09-04T12:30:28Z	15913.00000	1554.81185	1537.83119	1524.81864
2025-09-04T12:30:28Z	15913.00000	1554.81172	1537.83138	1524.81873
2025-09-04T12:30:29Z	15913.00000	1554.81170	1537.83131	1524.81870
2025-09-04T12:30:29Z	15914.00000	1554.81158	1537.83125	1524.81876
2025-09-04T12:30:29Z	15914.00000	1554.81088	1537.83122	1524.81890
2025-09-04T12:30:29Z	15914.00000	1554.81180	1537.83127	1524.81862
2025-09-04T12:30:29Z	15914.00000	1554.81174	1537.83105	1524.81853
2025-09-04T12:30:29Z	15914.00000	1554.81151	1537.83103	1524.81851
2025-09-04T12:30:29Z	15914.00000	1554.81078	1537.83115	1524.81863
2025-09-04T12:30:29Z	15914.00000	1554.81091	1537.83097	1524.81852
2025-09-04T12:30:30Z	15914.00000	1554.81069	1537.83079	1524.81845
2025-09-04T12:30:30Z	15915.00000	1554.81045	1537.83089	1524.81846
2025-09-04T12:30:30Z	15915.00000	1554.81138	1537.83095	1524.81858
2025-09-04T12:30:30Z	15915.00000	1554.81092	1537.83075	1524.81819
2025-09-04T12:30:30Z	15915.00000	1554.81038	1537.83065	1524.81834
2025-09-04T12:30:30Z	15915.00000	1554.81068	1537.83084	1524.81837
2025-09-04T12:30:30Z	15915.00000	1554.81049	1537.83072	1524.81830
2025-09-04T12:30:30Z	15915.00000	1554.81062	1537.83045	1524.81842
2025-09-04T12:30:31Z	15916.00000	1554.81080	1537.83042	1524.81800
2025-09-04T12:30:31Z	15916.00000	1554.81041	1537.83026	1524.81800
2025-09-04T12:30:31Z	15916.00000	1554.81044	1537.83034	1524.81817
2025-09-04T12:30:31Z	15916.00000	1554.80993	1537.83019	1524.81809
2025-09-04T12:30:31Z	15916.00000	1554.81044	1537.83002	1524.81795
2025-09-04T12:30:31Z	15916.00000	1554.81013	1537.83005	1524.81800
2025-09-04T12:30:31Z	15916.00000	1554.81011	1537.83016	1524.81810
2025-09-04T12:30:32Z	15917.00000	1554.81015	1537.83024	1524.81800
2025-09-04T12:30:32Z	15917.00000	1554.80995	1537.83013	1524.81821
2025-09-04T12:30:32Z	15917.00000	1555.01637	1538.12623	1525.00442
2025-09-04T12:30:32Z	15917.00000	1555.26974	1538.48352	1525.22545
2025-09-04T12:30:32Z	15917.00000	1555.54928	1538.89098	1525.47504
2025-09-04T12:30:32Z	15917.00000	1555.96363	1539.44504	1525.81382
2025-09-04T12:30:32Z	15917.00000	1556.15749	1539.71025	1525.97120
2025-09-04T12:30:32Z	15917.00000	1556.35855	1539.99871	1526.14783
2025-09-04T12:30:32Z	15917.00000	1556.52894	1540.24174	1526.29326
2025-09-04T12:30:33Z	15918.00000	1556.69461	1540.46846	1526.42811
2025-09-04T12:30:33Z	15918.00000	1556.84898	1540.68720	1526.55835
2025-09-04T12:30:33Z	15918.00000	1557.05618	1541.00926	1526.75226
2025-09-04T12:30:33Z	15918.00000	1557.27044	1541.30344	1526.92457
2025-09-04T12:30:33Z	15918.00000	1557.38791	1541.48052	1527.03152
2025-09-04T12:30:33Z	15918.00000	1557.64705	1541.81623	1527.23094
2025-09-04T12:30:33Z	15918.00000	1557.77014	1542.00288	1527.34188
2025-09-04T12:30:33Z	15918.00000	1557.96063	1542.26089	1527.49300
2025-09-04T12:30:34Z	15918.00000	1558.10388	1542.46783	1527.61774
2025-09-04T12:30:34Z	15919.00000	1558.20033	1542.58763	1527.68422
2025-09-04T12:30:34Z	15919.00000	1558.35621	1542.79824	1527.81111
2025-09-04T12:30:34Z	15919.00000	1558.40891	1542.91008	1527.87438
2025-09-04T12:30:34Z	15919.00000	1558.55219	1543.10546	1527.99129
2025-09-04T12:30:34Z	15919.00000	1558.61129	1543.17921	1528.03422
2025-09-04T12:30:34Z	15919.00000	1558.67391	1543.24660	1528.07198
2025-09-04T12:30:34Z	15919.00000	1558.70614	1543.30020	1528.10427
2025-09-04T12:30:34Z	15919.00000	1558.72524	1543.34804	1528.13395
2025-09-04T12:30:35Z	15920.00000	1558.77045	1543.40041	1528.16470
2025-09-04T12:30:35Z	15920.00000	1558.80058	1543.43486	1528.18334
2025-09-04T12:30:35Z	15920.00000	1558.82462	1543.46155	1528.19887
2025-09-04T12:30:35Z	15920.00000	1558.84577	1543.48809	1528.21394
2025-09-04T12:30:35Z	15920.00000	1558.86922	1543.52732	1528.23358
2025-09-04T12:30:35Z	15920.00000	1558.87410	1543.54242	1528.24173
2025-09-04T12:30:35Z	15920.00000	1558.87729	1543.54973	1528.24703
2025-09-04T12:30:35Z	15920.00000	1558.88009	1543.56112	1528.25152
2025-09-04T12:30:35Z	15920.00000	1558.88346	1543.56956	1528.25611
2025-09-04T12:30:36Z	15921.00000	1558.88587	1543.57462	1528.26079
2025-09-04T12:30:36Z	15921.00000	1556.70985	1540.53640	1526.45211
2025-09-04T12:30:36Z	15921.00000	1556.23892	1539.87570	1526.04879
2025-09-04T12:30:36Z	15921.00000	1555.93113	1539.42846	1525.78487
2025-09-04T12:30:36Z	15921.00000	1555.66704	1539.04128	1525.55309
2025-09-04T12:30:36Z	15921.00000	1555.42960	1538.72030	1525.35948
2025-09-04T12:30:36Z	15921.00000	1555.13983	1538.29654	1525.10040
2025-09-04T12:30:36Z	15921.00000	1554.84019	1537.88196	1524.84619
2025-09-04T12:30:37Z	15922.00000	1554.83685	1537.87236	1524.83797
2025-09-04T12:30:37Z	15922.00000	1554.83615	1537.86953	1524.83728
2025-09-04T12:30:37Z	15922.00000	1554.83529	1537.86880	1524.83789
2025-09-04T12:30:37Z	15922.00000	1554.83446	1537.86713	1524.83758
2025-09-04T12:30:37Z	15922.00000	1554.83341	1537.86485	1524.83608
2025-09-04T12:30:37Z	15922.00000	1554.83235	1537.86248	1524.83496
2025-09-04T12:30:37Z	15922.00000	1554.82892	1537.86076	1524.83372
2025-09-04T12:30:37Z	15922.00000	1554.83155	1537.85917	1524.83301
2025-09-04T12:30:37Z	15922.00000	1554.83077	1537.85875	1524.83284
2025-09-04T12:30:38Z	15923.00000	1554.82906	1537.85767	1524.83243
2025-09-04T12:30:38Z	15923.00000	1554.82853	1537.85658	1524.83173
2025-09-04T12:30:38Z	15923.00000	1554.82950	1537.85537	1524.83124
2025-09-04T12:30:38Z	15923.00000	1554.82859	1537.85491	1524.83097
2025-09-04T12:30:38Z	15923.00000	1554.82815	1537.85442	1524.83035
2025-09-04T12:30:38Z	15923.00000	1554.82543	1537.85375	1524.83045
2025-09-04T12:30:38Z	15923.00000	1554.82700	1537.85279	1524.82982
2025-09-04T12:30:38Z	15923.00000	1554.82695	1537.85226	1524.82922
2025-09-04T12:30:38Z	15923.00000	1554.82540	1537.85136	1524.82902
2025-09-04T12:30:39Z	15924.00000	1554.82397	1537.85085	1524.82881
2025-09-04T12:30:39Z	15924.00000	1554.82403	1537.85040	1524.82841
2025-09-04T12:30:39Z	15924.00000	1554.82498	1537.84965	1524.82813
2025-09-04T12:30:39Z	15924.00000	1554.82485	1537.84943	1524.82799
2025-09-04T12:30:39Z	15924.00000	1554.82428	1537.84882	1524.82769
2025-09-04T12:30:39Z	15924.00000	1554.82391	1537.84842	1524.82738
2025-09-04T12:30:39Z	15924.00000	1554.82278	1537.84808	1524.82719
2025-09-04T12:30:39Z	15924.00000	1554.82258	1537.84752	1524.82687
2025-09-04T12:30:40Z	15925.00000	1554.82303	1537.84674	1524.82648
2025-09-04T12:30:40Z	15925.00000	1554.82299	1537.84634	1524.82605
2025-09-04T12:30:40Z	15925.00000	1554.82160	1537.84608	1524.82642
2025-09-04T12:30:40Z	15925.00000	1554.82181	1537.84574	1524.82627
2025-09-04T12:30:40Z	15925.00000	1554.82176	1537.84559	1524.82588
2025-09-04T12:30:40Z	15925.00000	1554.82100	1537.84502	1524.82548
2025-09-04T12:30:40Z	15925.00000	1554.82123	1537.84484	1524.82542
2025-09-04T12:30:40Z	15925.00000	1554.82121	1537.84436	1524.82518
2025-09-04T12:30:40Z	15925.00000	1554.82168	1537.84421	1524.82516
2025-09-04T12:30:40Z	15925.00000	1554.82183	1537.84413	1524.82504
2025-09-04T12:30:41Z	15926.00000	1554.82067	1537.84390	1524.82485
2025-09-04T12:30:41Z	15926.00000	1554.82233	1537.85059	1524.82822
2025-09-04T12:30:41Z	15926.00000	1555.04173	1538.17899	1525.03845
2025-09-04T12:30:41Z	15926.00000	1555.40951	1538.68613	1525.34623
2025-09-04T12:30:41Z	15926.00000	1555.67066	1539.03072	1525.55822
2025-09-04T12:30:41Z	15926.00000	1555.84526	1539.26422	1525.70070
2025-09-04T12:30:41Z	15926.00000	1556.02497	1539.53287	1525.86135
2025-09-04T12:30:41Z	15926.00000	1556.20224	1539.79145	1526.01931
2025-09-04T12:30:41Z	15926.00000	1556.43815	1540.12029	1526.21511
2025-09-04T12:30:41Z	15926.00000	1556.57318	1540.31969	1526.33798
2025-09-04T12:30:42Z	15927.00000	1556.73326	1540.54423	1526.47114
2025-09-04T12:30:42Z	15927.00000	1556.89044	1540.76857	1526.60335
2025-09-04T12:30:42Z	15927.00000	1557.07077	1541.02183	1526.75645
2025-09-04T12:30:42Z	15927.00000	1557.28998	1541.31843	1526.93019
2025-09-04T12:30:42Z	15927.00000	1557.40497	1541.49486	1527.03699
2025-09-04T12:30:42Z	15927.00000	1557.55334	1541.70196	1527.15714
2025-09-04T12:30:42Z	15927.00000	1557.70602	1541.89574	1527.27705
2025-09-04T12:30:42Z	15927.00000	1557.87721	1542.13867	1527.41925
2025-09-04T12:30:42Z	15927.00000	1558.01076	1542.30614	1527.51578
2025-09-04T12:30:43Z	15927.00000	1558.15478	1542.51559	1527.64107
2025-09-04T12:30:43Z	15928.00000	1558.35181	1542.78378	1527.79714
2025-09-04T12:30:43Z	15928.00000	1558.42303	1542.91660	1527.87467
2025-09-04T12:30:43Z	15928.00000	1558.50618	1543.00238	1527.92429
2025-09-04T12:30:43Z	15928.00000	1558.56008	1543.10828	1527.98776
2025-09-04T12:30:43Z	15928.00000	1558.63997	1543.20002	1528.04214
2025-09-04T12:30:43Z	15928.00000	1558.70263	1543.28127	1528.08864
2025-09-04T12:30:43Z	15928.00000	1558.73976	1543.35475	1528.13299
2025-09-04T12:30:43Z	15928.00000	1558.77883	1543.40103	1528.16018
2025-09-04T12:30:44Z	15929.00000	1558.83476	1543.46266	1528.19504
2025-09-04T12:30:44Z	15929.00000	1558.85487	1543.48741	1528.20882
2025-09-04T12:30:44Z	15929.00000	1558.86927	1543.51750	1528.22498
2025-09-04T12:30:44Z	15929.00000	1558.87608	1543.53803	1528.23589
2025-09-04T12:30:44Z	15929.00000	1558.88386	1543.56056	1528.24787
2025-09-04T12:30:44Z	15929.00000	1558.89873	1543.58663	1528.26254
2025-09-04T12:30:44Z	15929.00000	1558.90549	1543.59474	1528.26709
2025-09-04T12:30:45Z	15929.00000	1558.92199	1543.61271	1528.27708
2025-09-04T12:30:45Z	15930.00000	1556.72464	1540.55378	1526.45859
2025-09-04T12:30:45Z	15930.00000	1556.36574	1540.03778	1526.14774
2025-09-04T12:30:45Z	15930.00000	1556.11207	1539.67633	1525.92847
2025-09-04T12:30:45Z	15930.00000	1555.87134	1539.35289	1525.74137
2025-09-04T12:30:45Z	15930.00000	1555.68147	1539.05898	1525.56426
2025-09-04T12:30:45Z	15930.00000	1555.49024	1538.78757	1525.39738
2025-09-04T12:30:45Z	15930.00000	1555.17608	1538.34577	1525.13293
2025-09-04T12:30:45Z	15930.00000	1554.92031	1537.99945	1524.91844
2025-09-04T12:30:45Z	15930.00000	1554.83881	1537.87822	1524.84097
2025-09-04T12:30:46Z	15931.00000	1554.83883	1537.87549	1524.84000
2025-09-04T12:30:46Z	15931.00000	1554.83848	1537.87491	1524.84179
2025-09-04T12:30:46Z	15931.00000	1554.83697	1537.87150	1524.83987
2025-09-04T12:30:46Z	15931.00000	1554.83598	1537.86907	1524.83866
2025-09-04T12:30:46Z	15931.00000	1554.83440	1537.86603	1524.83715
2025-09-04T12:30:46Z	15931.00000	1554.83449	1537.86481	1524.83633
2025-09-04T12:30:46Z	15931.00000	1554.83433	1537.86353	1524.83574
2025-09-04T12:30:46Z	15931.00000	1554.83371	1537.86275	1524.83504
2025-09-04T12:30:47Z	15931.00000	1554.83216	1537.86145	1524.83480
2025-09-04T12:30:47Z	15932.00000	1554.82838	1537.86019	1524.83407
2025-09-04T12:30:47Z	15932.00000	1554.82854	1537.85923	1524.83337
2025-09-04T12:30:47Z	15932.00000	1554.83105	1537.85853	1524.83307
2025-09-04T12:30:47Z	15932.00000	1554.83059	1537.85778	1524.83284
2025-09-04T12:30:47Z	15932.00000	1554.83046	1537.85722	1524.83245
2025-09-04T12:30:47Z	15932.00000	1554.82689	1537.85612	1524.83159
2025-09-04T12:30:47Z	15932.00000	1554.82681	1537.85548	1524.83146
2025-09-04T12:30:47Z	15932.00000	1554.82798	1537.85486	1524.83139
2025-09-04T12:30:48Z	15932.00000	1554.82817	1537.85421	1524.83079
2025-09-04T12:30:48Z	15933.00000	1554.82814	1537.85321	1524.83027
2025-09-04T12:30:48Z	15933.00000	1554.82742	1537.85265	1524.82999
2025-09-04T12:30:48Z	15933.00000	1554.82651	1537.85235	1524.82983
2025-09-04T12:30:48Z	15933.00000	1554.82655	1537.85158	1524.82938
2025-09-04T12:30:48Z	15933.00000	1554.82654	1537.85148	1524.82938
2025-09-04T12:30:48Z	15933.00000	1554.82632	1537.85101	1524.82905
2025-09-04T12:30:48Z	15933.00000	1554.82437	1537.85028	1524.82872
2025-09-04T12:30:49Z	15933.00000	1554.82365	1537.84960	1524.82824
2025-09-04T12:30:49Z	15934.00000	1554.82529	1537.84946	1524.82791
2025-09-04T12:30:49Z	15934.00000	1554.82509	1537.84892	1524.82802
2025-09-04T12:30:49Z	15934.00000	1554.82487	1537.84870	1524.82769
2025-09-04T12:30:49Z	15934.00000	1554.82437	1537.84841	1524.82760
2025-09-04T12:30:49Z	15934.00000	1554.82296	1537.84806	1524.82741
2025-09-04T12:30:49Z	15934.00000	1554.82423	1537.84752	1524.82718
2025-09-04T12:30:49Z	15934.00000	1554.82398	1537.84728	1524.82694
2025-09-04T12:30:49Z	15934.00000	1554.82388	1537.84707	1524.82699
2025-09-04T12:30:50Z	15934.00000	1554.82337	1537.84668	1524.82662
2025-09-04T12:30:50Z	15935.00000	1555.10433	1538.24830	1525.07441
2025-09-04T12:30:50Z	15935.00000	1555.32043	1538.54048	1525.26031
2025-09-04T12:30:50Z	15935.00000	1555.50462	1538.79951	1525.41613
2025-09-04T12:30:50Z	15935.00000	1555.72790	1539.13761	1525.62194
2025-09-04T12:30:50Z	15935.00000	1556.01159	1539.50291	1525.84431
2025-09-04T12:30:50Z	15935.00000	1556.16787	1539.71969	1525.97505
2025-09-04T12:30:50Z	15935.00000	1556.33957	1539.96190	1526.12433
2025-09-04T12:30:50Z	15935.00000	1556.53357	1540.25299	1526.29748
2025-09-04T12:30:51Z	15935.00000	1556.73908	1540.55330	1526.47628
2025-09-04T12:30:51Z	15936.00000	1556.87433	1540.73861	1526.58588
2025-09-04T12:30:51Z	15936.00000	1557.08028	1541.03569	1526.76504
2025-09-04T12:30:51Z	15936.00000	1557.21387	1541.22411	1526.87746
2025-09-04T12:30:51Z	15936.00000	1557.38933	1541.47939	1527.02791
2025-09-04T12:30:51Z	15936.00000	1557.53504	1541.65279	1527.12976
2025-09-04T12:30:51Z	15936.00000	1557.65200	1541.81679	1527.22943
2025-09-04T12:30:51Z	15936.00000	1557.80425	1542.03432	1527.35753
2025-09-04T12:30:51Z	15936.00000	1557.91845	1542.21235	1527.46234
2025-09-04T12:30:51Z	15936.00000	1558.07014	1542.42734	1527.58950
2025-09-04T12:30:52Z	15936.00000	1558.19778	1542.57557	1527.67552
2025-09-04T12:30:52Z	15937.00000	1558.25903	1542.68943	1527.74044
2025-09-04T12:30:52Z	15937.00000	1558.36581	1542.81222	1527.81539
2025-09-04T12:30:52Z	15937.00000	1558.42907	1542.92565	1527.88121
2025-09-04T12:30:52Z	15937.00000	1558.53773	1543.05889	1527.95941
2025-09-04T12:30:52Z	15937.00000	1558.60824	1543.17086	1528.02670
2025-09-04T12:30:52Z	15937.00000	1558.66657	1543.23244	1528.06166
2025-09-04T12:30:52Z	15937.00000	1558.71082	1543.30961	1528.10659
2025-09-04T12:30:52Z	15937.00000	1558.74767	1543.37077	1528.14408
2025-09-04T12:30:52Z	15937.00000	1558.79521	1543.42210	1528.17454
2025-09-04T12:30:53Z	15937.00000	1558.82257	1543.45376	1528.19157
2025-09-04T12:30:53Z	15938.00000	1558.84612	1543.48074	1528.20652
2025-09-04T12:30:53Z	15938.00000	1558.86374	1543.50805	1528.22127
2025-09-04T12:30:53Z	15938.00000	1558.87212	1543.53087	1528.23318
2025-09-04T12:30:53Z	15938.00000	1558.88013	1543.55489	1528.24630
2025-09-04T12:30:53Z	15938.00000	1558.88660	1543.57232	1528.25552
2025-09-04T12:30:53Z	15938.00000	1558.89807	1543.58509	1528.26328
2025-09-04T12:30:53Z	15938.00000	1558.90204	1543.59542	1528.26876
2025-09-04T12:30:53Z	15938.00000	1558.90842	1543.60286	1528.27275
2025-09-04T12:30:53Z	15938.00000	1558.91627	1543.61116	1528.27796
2025-09-04T12:30:53Z	15938.00000	1558.92086	1543.61669	1528.28105
2025-09-04T12:30:54Z	15939.00000	1558.92877	1543.62396	1528.28488
2025-09-04T12:30:54Z	15939.00000	1556.81194	1540.65489	1526.51851
2025-09-04T12:30:54Z	15939.00000	1556.28479	1539.91476	1526.06980
2025-09-04T12:30:54Z	15939.00000	1556.01082	1539.51978	1525.83562
2025-09-04T12:30:54Z	15939.00000	1555.74037	1539.16702	1525.62525
2025-09-04T12:30:54Z	15939.00000	1555.54219	1538.89209	1525.46105
2025-09-04T12:30:54Z	15939.00000	1555.38702	1538.66930	1525.32900
2025-09-04T12:30:54Z	15939.00000	1555.24104	1538.45913	1525.20127
2025-09-04T12:30:54Z	15939.00000	1555.01800	1538.13654	1525.00383
2025-09-04T12:30:55Z	15939.00000	1554.85997	1537.92791	1524.87338
2025-09-04T12:30:55Z	15940.00000	1554.84316	1537.88538	1524.84684
2025-09-04T12:30:55Z	15940.00000	1554.84108	1537.87924	1524.84315
2025-09-04T12:30:55Z	15940.00000	1554.83928	1537.87575	1524.84175
2025-09-04T12:30:55Z	15940.00000	1554.83824	1537.87386	1524.84141
2025-09-04T12:30:55Z	15940.00000	1554.83729	1537.87163	1524.84012
2025-09-04T12:30:55Z	15940.00000	1554.83714	1537.86969	1524.83897
2025-09-04T12:30:55Z	15940.00000	1554.83585	1537.86770	1524.83805
2025-09-04T12:30:55Z	15940.00000	1554.83575	1537.86660	1524.83752
2025-09-04T12:30:55Z	15940.00000	1554.83542	1537.86540	1524.83661
2025-09-04T12:30:55Z	15940.00000	1554.83490	1537.86437	1524.83618
2025-09-04T12:30:56Z	15941.00000	1554.83244	1537.86342	1524.83580
2025-09-04T12:30:56Z	15941.00000	1554.83336	1537.86234	1524.83551
2025-09-04T12:30:56Z	15941.00000	1554.83333	1537.86145	1524.83503
2025-09-04T12:30:56Z	15941.00000	1554.83286	1537.86038	1524.83454
2025-09-04T12:30:56Z	15941.00000	1554.83244	1537.85994	1524.83390
2025-09-04T12:30:56Z	15941.00000	1554.83185	1537.85922	1524.83349
2025-09-04T12:30:56Z	15941.00000	1554.83178	1537.85842	1524.83322
2025-09-04T12:30:56Z	15941.00000	1554.82806	1537.85771	1524.83298
2025-09-04T12:30:56Z	15941.00000	1554.83113	1537.85740	1524.83253
2025-09-04T12:30:57Z	15941.00000	1554.82999	1537.85670	1524.83239
2025-09-04T12:30:57Z	15942.00000	1554.83059	1537.85599	1524.83184
2025-09-04T12:30:57Z	15942.00000	1554.83035	1537.85547	1524.83151
2025-09-04T12:30:57Z	15942.00000	1554.82994	1537.85483	1524.83123
2025-09-04T12:30:57Z	15942.00000	1554.82621	1537.85460	1524.83094
2025-09-04T12:30:57Z	15942.00000	1554.82897	1537.85425	1524.83093
2025-09-04T12:30:57Z	15942.00000	1554.82917	1537.85381	1524.83051
2025-09-04T12:30:57Z	15942.00000	1554.82587	1537.85331	1524.83039
2025-09-04T12:30:57Z	15942.00000	1554.82876	1537.85306	1524.83008
2025-09-04T12:30:57Z	15942.00000	1554.82804	1537.85256	1524.82997
2025-09-04T12:30:57Z	15942.00000	1554.82792	1537.85217	1524.82974
2025-09-04T12:30:58Z	15943.00000	1554.82748	1537.85181	1524.82949
2025-09-04T12:30:58Z	15943.00000	1554.82770	1537.85130	1524.82920
2025-09-04T12:30:58Z	15943.00000	1554.82587	1537.85094	1524.82892
2025-09-04T12:30:58Z	15943.00000	1554.82724	1537.85079	1524.82896
2025-09-04T12:30:58Z	15943.00000	1554.82696	1537.85025	1524.82874
2025-09-04T12:30:58Z	15943.00000	1554.82444	1537.85003	1524.82849
2025-09-04T12:30:58Z	15943.00000	1554.82647	1537.84952	1524.82822
2025-09-04T12:30:58Z	15943.00000	1554.82410	1537.84926	1524.82802
2025-09-04T12:30:58Z	15943.00000	1554.82534	1537.84908	1524.82797
2025-09-04T12:30:59Z	15943.00000	1554.82541	1537.84860	1524.82784
2025-09-04T12:30:59Z	15944.00000	1554.82530	1537.84843	1524.82767
2025-09-04T12:30:59Z	15944.00000	1554.83226	1537.86492	1524.83485
2025-09-04T12:30:59Z	15944.00000	1555.15923	1538.31618	1525.12295
2025-09-04T12:30:59Z	15944.00000	1555.35317	1538.59944	1525.29411
2025-09-04T12:30:59Z	15944.00000	1555.52967	1538.85527	1525.44854
2025-09-04T12:30:59Z	15944.00000	1555.73893	1539.14646	1525.62647
2025-09-04T12:30:59Z	15944.00000	1555.94713	1539.42212	1525.79815
2025-09-04T12:30:59Z	15944.00000	1556.19585	1539.77174	1526.00760
2025-09-04T12:30:59Z	15944.00000	1556.38508	1540.06103	1526.18016
2025-09-04T12:30:59Z	15944.00000	1556.53727	1540.26188	1526.30240
2025-09-04T12:31:00Z	15945.00000	1556.70198	1540.48453	1526.43363
2025-09-04T12:31:00Z	15945.00000	1556.86460	1540.70668	1526.56610
2025-09-04T12:31:00Z	15945.00000	1557.02862	1540.93239	1526.70347
2025-09-04T12:31:00Z	15945.00000	1557.19092	1541.15909	1526.83691
2025-09-04T12:31:00Z	15945.00000	1557.38055	1541.45688	1527.01234
2025-09-04T12:31:00Z	15945.00000	1557.53993	1541.66480	1527.13497
2025-09-04T12:31:00Z	15945.00000	1557.71373	1541.91845	1527.28939
2025-09-04T12:31:00Z	15945.00000	1557.86349	1542.09917	1527.39504
2025-09-04T12:31:00Z	15945.00000	1557.95180	1542.24329	1527.47834
2025-09-04T12:31:00Z	15945.00000	1558.05531	1542.40286	1527.57276
2025-09-04T12:31:01Z	15946.00000	1558.19965	1542.57716	1527.67402
2025-09-04T12:31:01Z	15946.00000	1558.28404	1542.71237	1527.75247
2025-09-04T12:31:01Z	15946.00000	1558.38754	1542.87132	1527.84792
2025-09-04T12:31:01Z	15946.00000	1558.49613	1542.99272	1527.91748
2025-09-04T12:31:01Z	15946.00000	1558.55988	1543.11492	1527.99026
2025-09-04T12:31:01Z	15946.00000	1558.61904	1543.17948	1528.02917
2025-09-04T12:31:01Z	15946.00000	1558.69869	1543.27320	1528.08259
2025-09-04T12:31:01Z	15946.00000	1558.71625	1543.32197	1528.11154
2025-09-04T12:31:01Z	15946.00000	1558.74345	1543.36443	1528.13742
2025-09-04T12:31:02Z	15946.00000	1558.78632	1543.41027	1528.16484
2025-09-04T12:31:02Z	15947.00000	1558.81592	1543.44300	1528.18330
2025-09-04T12:31:02Z	15947.00000	1558.84532	1543.47603	1528.20148
2025-09-04T12:31:02Z	15947.00000	1558.86332	1543.50368	1528.21671
2025-09-04T12:31:02Z	15947.00000	1558.87323	1543.52988	1528.23074
2025-09-04T12:31:02Z	15947.00000	1558.87913	1543.54843	1528.24067
2025-09-04T12:31:02Z	15947.00000	1558.88461	1543.56356	1528.24873
2025-09-04T12:31:02Z	15947.00000	1558.89022	1543.57579	1528.25540
2025-09-04T12:31:02Z	15947.00000	1558.90531	1543.59074	1528.26378
2025-09-04T12:31:02Z	15947.00000	1558.91094	1543.60012	1528.26915
2025-09-04T12:31:03Z	15947.00000	1558.91660	1543.60842	1528.27354
2025-09-04T12:31:03Z	15948.00000	1557.06440	1541.02840	1526.73067
2025-09-04T12:31:03Z	15948.00000	1556.45409	1540.15678	1526.20941
2025-09-04T12:31:03Z	15948.00000	1556.21121	1539.82892	1526.01663
2025-09-04T12:31:03Z	15948.00000	1555.98301	1539.48460	1525.81730
2025-09-04T12:31:03Z	15948.00000	1555.75460	1539.18027	1525.63479
2025-09-04T12:31:03Z	15948.00000	1555.47367	1538.76777	1525.38565
2025-09-04T12:31:03Z	15948.00000	1555.28338	1538.50401	1525.22962
2025-09-04T12:31:03Z	15948.00000	1555.14390	1538.29839	1525.10184
2025-09-04T12:31:03Z	15948.00000	1554.98377	1538.06996	1524.96266
2025-09-04T12:31:03Z	15948.00000	1554.84080	1537.88450	1524.84682
2025-09-04T12:31:04Z	15949.00000	1554.84251	1537.88184	1524.84474
2025-09-04T12:31:04Z	15949.00000	1554.84069	1537.87803	1524.84326
2025-09-04T12:31:04Z	15949.00000	1554.83886	1537.87527	1524.84210
2025-09-04T12:31:04Z	15949.00000	1554.83795	1537.87305	1524.84105
2025-09-04T12:31:04Z	15949.00000	1554.83793	1537.87126	1524.83992
2025-09-04T12:31:04Z	15949.00000	1554.83664	1537.86854	1524.83839
2025-09-04T12:31:04Z	15949.00000	1554.83647	1537.86715	1524.83762
2025-09-04T12:31:04Z	15949.00000	1554.83408	1537.86569	1524.83698
2025-09-04T12:31:04Z	15949.00000	1554.83521	1537.86463	1524.83670
2025-09-04T12:31:05Z	15950.00000	1554.83449	1537.86392	1524.83594
2025-09-04T12:31:05Z	15950.00000	1554.83389	1537.86169	1524.83495
2025-09-04T12:31:05Z	15950.00000	1554.83359	1537.86085	1524.83449
2025-09-04T12:31:05Z	15950.00000	1554.83277	1537.86040	1524.83432
2025-09-04T12:31:05Z	15950.00000	1554.83227	1537.85948	1524.83396
2025-09-04T12:31:05Z	15950.00000	1554.83251	1537.85907	1524.83370
2025-09-04T12:31:05Z	15950.00000	1554.83163	1537.85758	1524.83277
2025-09-04T12:31:05Z	15950.00000	1554.83082	1537.85754	1524.83275
2025-09-04T12:31:06Z	15950.00000	1554.83087	1537.85691	1524.83258
2025-09-04T12:31:06Z	15951.00000	1554.83064	1537.85611	1524.83200
2025-09-04T12:31:06Z	15951.00000	1554.83037	1537.85569	1524.83162
2025-09-04T12:31:06Z	15951.00000	1554.83003	1537.85540	1524.83139
2025-09-04T12:31:06Z	15951.00000	1554.82956	1537.85517	1524.83131
2025-09-04T12:31:06Z	15951.00000	1554.82947	1537.85448	1524.83126
2025-09-04T12:31:06Z	15951.00000	1554.82927	1537.85416	1524.83099
2025-09-04T12:31:06Z	15951.00000	1554.82918	1537.85357	1524.83061
2025-09-04T12:31:06Z	15951.00000	1554.82875	1537.85287	1524.83024
2025-09-04T12:31:06Z	15951.00000	1554.82576	1537.85280	1524.83016
2025-09-04T12:31:06Z	15951.00000	1554.82875	1537.85256	1524.82990
2025-09-04T12:31:07Z	15952.00000	1554.82742	1537.85196	1524.82970
2025-09-04T12:31:07Z	15952.00000	1554.82784	1537.85192	1524.82967
2025-09-04T12:31:07Z	15952.00000	1554.82750	1537.85113	1524.82894
2025-09-04T12:31:07Z	15952.00000	1554.82738	1537.85069	1524.82893
2025-09-04T12:31:07Z	15952.00000	1554.82681	1537.85077	1524.82905
2025-09-04T12:31:07Z	15952.00000	1554.82651	1537.85026	1524.82882
2025-09-04T12:31:07Z	15952.00000	1554.82419	1537.84977	1524.82801
2025-09-04T12:31:07Z	15952.00000	1554.82559	1537.84953	1524.82835
2025-09-04T12:31:07Z	15952.00000	1554.82571	1537.84943	1524.82812
2025-09-04T12:31:07Z	15952.00000	1554.82632	1537.84927	1524.82793
2025-09-04T12:31:08Z	15953.00000	1554.82499	1537.84906	1524.82818
2025-09-04T12:31:08Z	15953.00000	1555.03287	1538.16915	1525.03049
2025-09-04T12:31:08Z	15953.00000	1555.34460	1538.57733	1525.28304
2025-09-04T12:31:08Z	15953.00000	1555.58293	1538.92664	1525.49525
2025-09-04T12:31:08Z	15953.00000	1555.75493	1539.16482	1525.63831
2025-09-04T12:31:08Z	15953.00000	1555.92115	1539.39362	1525.78122
2025-09-04T12:31:08Z	15953.00000	1556.07555	1539.61839	1525.91292
2025-09-04T12:31:08Z	15953.00000	1556.26047	1539.87197	1526.06845
2025-09-04T12:31:08Z	15953.00000	1556.42962	1540.11061	1526.20858
2025-09-04T12:31:08Z	15953.00000	1556.59708	1540.34600	1526.35251
2025-09-04T12:31:09Z	15954.00000	1556.75540	1540.56831	1526.48432
2025-09-04T12:31:09Z	15954.00000	1556.91518	1540.79638	1526.61988
2025-09-04T12:31:09Z	15954.00000	1557.10475	1541.05881	1526.77684
2025-09-04T12:31:09Z	15954.00000	1557.32796	1541.35979	1526.95370
2025-09-04T12:31:09Z	15954.00000	1557.47692	1541.56967	1527.08183
2025-09-04T12:31:09Z	15954.00000	1557.67801	1541.84303	1527.24342
2025-09-04T12:31:09Z	15954.00000	1557.83552	1542.06285	1527.37218
2025-09-04T12:31:09Z	15954.00000	1557.94234	1542.23362	1527.47223
2025-09-04T12:31:09Z	15954.00000	1558.04318	1542.37008	1527.55210
2025-09-04T12:31:10Z	15954.00000	1558.18060	1542.54874	1527.65826
2025-09-04T12:31:10Z	15955.00000	1558.24029	1542.66604	1527.72330
2025-09-04T12:31:10Z	15955.00000	1558.34151	1542.77189	1527.78794
2025-09-04T12:31:10Z	15955.00000	1558.41217	1542.90521	1527.86639
2025-09-04T12:31:10Z	15955.00000	1558.50880	1543.00806	1527.92525
2025-09-04T12:31:10Z	15955.00000	1558.56767	1543.12523	1527.99607
2025-09-04T12:31:10Z	15955.00000	1558.65326	1543.21444	1528.04826
2025-09-04T12:31:10Z	15955.00000	1558.70635	1543.29367	1528.09400
2025-09-04T12:31:10Z	15955.00000	1558.72963	1543.34731	1528.12659
2025-09-04T12:31:10Z	15955.00000	1558.76641	1543.38830	1528.15098
2025-09-04T12:31:11Z	15955.00000	1558.81121	1543.43651	1528.17898
2025-09-04T12:31:11Z	15956.00000	1558.85055	1543.48181	1528.20420
2025-09-04T12:31:11Z	15956.00000	1558.87596	1543.53788	1528.23431
2025-09-04T12:31:11Z	15956.00000	1558.88064	1543.55228	1528.24200
2025-09-04T12:31:11Z	15956.00000	1558.88551	1543.56405	1528.24850
2025-09-04T12:31:11Z	15956.00000	1558.89353	1543.57983	1528.25682
2025-09-04T12:31:11Z	15956.00000	1558.89957	1543.58823	1528.26164
2025-09-04T12:31:11Z	15956.00000	1558.90636	1543.59542	1528.26574
2025-09-04T12:31:11Z	15956.00000	1558.91472	1543.60455	1528.27053
2025-09-04T12:31:11Z	15956.00000	1558.91977	1543.61059	1528.27407
2025-09-04T12:31:12Z	15957.00000	1556.81413	1540.65118	1526.51416
2025-09-04T12:31:12Z	15957.00000	1556.36768	1540.04393	1526.15059
2025-09-04T12:31:12Z	15957.00000	1556.03075	1539.56969	1525.86139
2025-09-04T12:31:12Z	15957.00000	1555.85517	1539.30564	1525.71080
2025-09-04T12:31:12Z	15957.00000	1555.65066	1539.01469	1525.53679
2025-09-04T12:31:12Z	15957.00000	1555.41157	1538.69785	1525.34476
2025-09-04T12:31:12Z	15957.00000	1555.22757	1538.44269	1525.19126
2025-09-04T12:31:12Z	15957.00000	1555.06012	1538.20511	1525.04385
2025-09-04T12:31:12Z	15957.00000	1554.86470	1537.93409	1524.87722
2025-09-04T12:31:13Z	15957.00000	1554.84208	1537.88330	1524.84635
2025-09-04T12:31:13Z	15958.00000	1554.83978	1537.87990	1524.84479
2025-09-04T12:31:13Z	15958.00000	1554.84007	1537.87778	1524.84407
2025-09-04T12:31:13Z	15958.00000	1554.83825	1537.87390	1524.84101
2025-09-04T12:31:13Z	15958.00000	1554.83769	1537.87225	1524.84085
2025-09-04T12:31:13Z	15958.00000	1554.83769	1537.87078	1524.83973
2025-09-04T12:31:13Z	15958.00000	1554.83703	1537.86962	1524.83899
2025-09-04T12:31:13Z	15958.00000	1554.83431	1537.86778	1524.83838
2025-09-04T12:31:13Z	15958.00000	1554.83628	1537.86659	1524.83732
2025-09-04T12:31:13Z	15958.00000	1554.83568	1537.86522	1524.83674
2025-09-04T12:31:14Z	15958.00000	1554.83067	1537.86422	1524.83648
2025-09-04T12:31:14Z	15959.00000	1554.83038	1537.86358	1524.83641
2025-09-04T12:31:14Z	15959.00000	1554.83375	1537.86278	1524.83558
2025-09-04T12:31:14Z	15959.00000	1554.83367	1537.86178	1524.83477
2025-09-04T12:31:14Z	15959.00000	1554.83296	1537.86084	1524.83447
2025-09-04T12:31:14Z	15959.00000	1554.83253	1537.86014	1524.83398
2025-09-04T12:31:14Z	15959.00000	1554.83228	1537.85953	1524.83407
2025-09-04T12:31:14Z	15959.00000	1554.83226	1537.85857	1524.83307
2025-09-04T12:31:14Z	15959.00000	1554.83179	1537.85820	1524.83314
2025-09-04T12:31:14Z	15959.00000	1554.83119	1537.85785	1524.83304
2025-09-04T12:31:14Z	15959.00000	1554.83135	1537.85736	1524.83269
2025-09-04T12:31:15Z	15960.00000	1554.83087	1537.85677	1524.83232
2025-09-04T12:31:15Z	15960.00000	1554.83067	1537.85579	1524.83197
2025-09-04T12:31:15Z	15960.00000	1554.82987	1537.85547	1524.83159
2025-09-04T12:31:15Z	15960.00000	1554.82997	1537.85490	1524.83112
2025-09-04T12:31:15Z	15960.00000	1554.82937	1537.85420	1524.83100
2025-09-04T12:31:15Z	15960.00000	1554.82910	1537.85377	1524.83068
2025-09-04T12:31:15Z	15960.00000	1554.82887	1537.85327	1524.83051
2025-09-04T12:31:15Z	15960.00000	1554.82806	1537.85302	1524.83016
2025-09-04T12:31:15Z	15960.00000	1554.82803	1537.85276	1524.83009
2025-09-04T12:31:16Z	15961.00000	1554.82858	1537.85224	1524.82990
2025-09-04T12:31:16Z	15961.00000	1554.82830	1537.85193	1524.82973
2025-09-04T12:31:16Z	15961.00000	1554.82787	1537.85171	1524.82942
2025-09-04T12:31:16Z	15961.00000	1554.82774	1537.85134	1524.82928
2025-09-04T12:31:16Z	15961.00000	1554.82483	1537.85104	1524.82916
2025-09-04T12:31:16Z	15961.00000	1554.82731	1537.85061	1524.82881
2025-09-04T12:31:16Z	15961.00000	1554.82724	1537.85013	1524.82857
2025-09-04T12:31:16Z	15961.00000	1554.82662	1537.85001	1524.82844
2025-09-04T12:31:16Z	15961.00000	1554.82648	1537.84976	1524.82827
2025-09-04T12:31:17Z	15962.00000	1554.82537	1537.84899	1524.82794
2025-09-04T12:31:17Z	15962.00000	1554.84114	1537.87993	1524.84402
2025-09-04T12:31:17Z	15962.00000	1555.11684	1538.26385	1525.08433
2025-09-04T12:31:17Z	15962.00000	1555.38341	1538.65772	1525.32991
2025-09-04T12:31:17Z	15962.00000	1555.65473	1539.00547	1525.54359
2025-09-04T12:31:17Z	15962.00000	1555.82743	1539.23980	1525.68574
2025-09-04T12:31:17Z	15962.00000	1556.03448	1539.56088	1525.87794
2025-09-04T12:31:17Z	15962.00000	1556.19802	1539.77728	1526.01029
2025-09-04T12:31:17Z	15962.00000	1556.38936	1540.06602	1526.18298
2025-09-04T12:31:18Z	15962.00000	1556.59394	1540.34237	1526.35042
2025-09-04T12:31:18Z	15963.00000	1556.71911	1540.52494	1526.45817
2025-09-04T12:31:18Z	15963.00000	1556.90521	1540.78535	1526.61385
2025-09-04T12:31:18Z	15963.00000	1557.04198	1540.97334	1526.72693
2025-09-04T12:31:18Z	15963.00000	1557.19009	1541.15780	1526.83710
2025-09-04T12:31:18Z	15963.00000	1557.36768	1541.42003	1526.99018
2025-09-04T12:31:18Z	15963.00000	1557.52338	1541.62459	1527.11248
2025-09-04T12:31:18Z	15963.00000	1557.63265	1541.79325	1527.21284
2025-09-04T12:31:18Z	15963.00000	1557.81196	1542.03984	1527.35894
2025-09-04T12:31:18Z	15963.00000	1557.89723	1542.18463	1527.44446
2025-09-04T12:31:19Z	15964.00000	1558.14126	1542.50179	1527.63143
2025-09-04T12:31:19Z	15964.00000	1558.26151	1542.68919	1527.73786
2025-09-04T12:31:19Z	15964.00000	1558.35760	1542.79357	1527.80160
2025-09-04T12:31:19Z	15964.00000	1558.43063	1542.92630	1527.87829
2025-09-04T12:31:19Z	15964.00000	1558.52541	1543.02850	1527.93764
2025-09-04T12:31:19Z	15964.00000	1558.60979	1543.17030	1528.02288
2025-09-04T12:31:19Z	15964.00000	1558.67108	1543.23321	1528.05935
2025-09-04T12:31:19Z	15964.00000	1558.70500	1543.28950	1528.09110
2025-09-04T12:31:19Z	15964.00000	1558.73375	1543.35290	1528.12988
2025-09-04T12:31:19Z	15964.00000	1558.77082	1543.39233	1528.15382
2025-09-04T12:31:20Z	15965.00000	1558.80959	1543.43542	1528.17837
2025-09-04T12:31:20Z	15965.00000	1558.84956	1543.48187	1528.20399
2025-09-04T12:31:20Z	15965.00000	1558.86618	1543.50916	1528.21853
2025-09-04T12:31:20Z	15965.00000	1558.87878	1543.54620	1528.23868
2025-09-04T12:31:20Z	15965.00000	1558.88384	1543.56186	1528.24695
2025-09-04T12:31:20Z	15965.00000	1558.89010	1543.57445	1528.25406
2025-09-04T12:31:20Z	15965.00000	1558.90592	1543.59610	1528.26614
2025-09-04T12:31:21Z	15965.00000	1558.91525	1543.60683	1528.27189
2025-09-04T12:31:21Z	15966.00000	1557.81400	1542.05232	1527.35514
2025-09-04T12:31:21Z	15966.00000	1556.57700	1540.34590	1526.33543
2025-09-04T12:31:21Z	15966.00000	1556.20997	1539.82498	1526.01122
2025-09-04T12:31:21Z	15966.00000	1555.94052	1539.43787	1525.78824
2025-09-04T12:31:21Z	15966.00000	1555.75484	1539.18048	1525.63496
2025-09-04T12:31:21Z	15966.00000	1555.39437	1538.67852	1525.33344
2025-09-04T12:31:21Z	15966.00000	1555.02068	1538.14257	1525.00726
2025-09-04T12:31:21Z	15966.00000	1554.87022	1537.94150	1524.88145
2025-09-04T12:31:22Z	15967.00000	1554.84059	1537.88045	1524.84202
2025-09-04T12:31:22Z	15967.00000	1554.83999	1537.87779	1524.84445
2025-09-04T12:31:22Z	15967.00000	1554.83882	1537.87463	1524.84118
2025-09-04T12:31:22Z	15967.00000	1554.83761	1537.87234	1524.84042
2025-09-04T12:31:22Z	15967.00000	1554.83768	1537.87104	1524.83968
2025-09-04T12:31:22Z	15967.00000	1554.83731	1537.86976	1524.83918
2025-09-04T12:31:22Z	15967.00000	1554.83629	1537.86787	1524.83809
2025-09-04T12:31:22Z	15967.00000	1554.83621	1537.86638	1524.83719
2025-09-04T12:31:22Z	15967.00000	1554.83561	1537.86537	1524.83667
2025-09-04T12:31:23Z	15968.00000	1554.83087	1537.86480	1524.83656
2025-09-04T12:31:23Z	15968.00000	1554.83430	1537.86396	1524.83611
2025-09-04T12:31:23Z	15968.00000	1554.83430	1537.86294	1524.83569
2025-09-04T12:31:23Z	15968.00000	1554.83400	1537.86181	1524.83487
2025-09-04T12:31:23Z	15968.00000	1554.83310	1537.86111	1524.83443
2025-09-04T12:31:23Z	15968.00000	1554.83261	1537.86028	1524.83431
2025-09-04T12:31:23Z	15968.00000	1554.83292	1537.85959	1524.83353
2025-09-04T12:31:23Z	15968.00000	1554.83263	1537.85897	1524.83335
2025-09-04T12:31:23Z	15968.00000	1554.83193	1537.85855	1524.83327
2025-09-04T12:31:24Z	15968.00000	1554.83114	1537.85795	1524.83279
2025-09-04T12:31:24Z	15969.00000	1554.83101	1537.85736	1524.83248
2025-09-04T12:31:24Z	15969.00000	1554.83069	1537.85628	1524.83197
2025-09-04T12:31:24Z	15969.00000	1554.83060	1537.85579	1524.83159
2025-09-04T12:31:24Z	15969.00000	1554.83005	1537.85550	1524.83146
2025-09-04T12:31:24Z	15969.00000	1554.83001	1537.85506	1524.83126
2025-09-04T12:31:24Z	15969.00000	1554.82983	1537.85458	1524.83101
2025-09-04T12:31:24Z	15969.00000	1554.82634	1537.85415	1524.83072
2025-09-04T12:31:24Z	15969.00000	1554.82903	1537.85354	1524.83049
2025-09-04T12:31:24Z	15969.00000	1554.82914	1537.85338	1524.83022
2025-09-04T12:31:25Z	15970.00000	1554.82864	1537.85281	1524.83011
2025-09-04T12:31:25Z	15970.00000	1554.82777	1537.85229	1524.82973
2025-09-04T12:31:25Z	15970.00000	1554.82747	1537.85215	1524.82973
2025-09-04T12:31:25Z	15970.00000	1554.82795	1537.85189	1524.82947
2025-09-04T12:31:25Z	15970.00000	1554.82781	1537.85156	1524.82933
2025-09-04T12:31:25Z	15970.00000	1554.82730	1537.85109	1524.82888
2025-09-04T12:31:25Z	15970.00000	1554.82722	1537.85081	1524.82894
2025-09-04T12:31:25Z	15970.00000	1554.82734	1537.85048	1524.82875
2025-09-04T12:31:25Z	15970.00000	1554.82727	1537.85019	1524.82829
2025-09-04T12:31:25Z	15970.00000	1554.82683	1537.85006	1524.82858
2025-09-04T12:31:26Z	15971.00000	1554.82564	1537.84979	1524.82847
2025-09-04T12:31:26Z	15971.00000	1555.13148	1538.28059	1525.10106
2025-09-04T12:31:26Z	15971.00000	1555.34150	1538.57044	1525.27640
2025-09-04T12:31:26Z	15971.00000	1555.54255	1538.87042	1525.45847
2025-09-04T12:31:26Z	15971.00000	1555.74759	1539.15517	1525.63080
2025-09-04T12:31:26Z	15971.00000	1555.99475	1539.47533	1525.82649
2025-09-04T12:31:26Z	15971.00000	1556.18094	1539.73402	1525.98185
2025-09-04T12:31:26Z	15971.00000	1556.38633	1540.06056	1526.17832
2025-09-04T12:31:26Z	15971.00000	1556.55857	1540.30084	1526.32533
2025-09-04T12:31:27Z	15972.00000	1556.71909	1540.52298	1526.45642
2025-09-04T12:31:27Z	15972.00000	1556.87888	1540.74669	1526.58857
2025-09-04T12:31:27Z	15972.00000	1557.09429	1541.04701	1526.76955
2025-09-04T12:31:27Z	15972.00000	1557.22116	1541.23500	1526.88203
2025-09-04T12:31:27Z	15972.00000	1557.38129	1541.45666	1527.01114
2025-09-04T12:31:27Z	15972.00000	1557.54109	1541.66616	1527.13450
2025-09-04T12:31:27Z	15972.00000	1557.77182	1541.99436	1527.33123
2025-09-04T12:31:27Z	15972.00000	1557.93834	1542.22726	1527.46782
2025-09-04T12:31:27Z	15972.00000	1558.06259	1542.41247	1527.57694
2025-09-04T12:31:28Z	15973.00000	1558.17681	1542.53649	1527.64980
2025-09-04T12:31:28Z	15973.00000	1558.23148	1542.65337	1527.71485
2025-09-04T12:31:28Z	15973.00000	1558.33087	1542.75960	1527.77885
2025-09-04T12:31:28Z	15973.00000	1558.40659	1542.89495	1527.85908
2025-09-04T12:31:28Z	15973.00000	1558.51777	1543.01469	1527.92762
2025-09-04T12:31:28Z	15973.00000	1558.59929	1543.15560	1528.01296
2025-09-04T12:31:28Z	15973.00000	1558.67888	1543.24319	1528.06311
2025-09-04T12:31:28Z	15973.00000	1558.70840	1543.29637	1528.09357
2025-09-04T12:31:28Z	15973.00000	1558.74982	1543.36713	1528.13710
2025-09-04T12:31:29Z	15973.00000	1558.79783	1543.41938	1528.16788
2025-09-04T12:31:29Z	15974.00000	1558.83517	1543.46124	1528.19150
2025-09-04T12:31:29Z	15974.00000	1558.86140	1543.49521	1528.21006
2025-09-04T12:31:29Z	15974.00000	1558.87053	1543.51914	1528.22290
2025-09-04T12:31:29Z	15974.00000	1558.88045	1543.54900	1528.23930
2025-09-04T12:31:29Z	15974.00000	1558.88726	1543.56551	1528.24779
2025-09-04T12:31:29Z	15974.00000	1558.89220	1543.57523	1528.25325
2025-09-04T12:31:29Z	15974.00000	1558.90501	1543.58607	1528.25947
2025-09-04T12:31:29Z	15974.00000	1558.90757	1543.59469	1528.26405
2025-09-04T12:31:29Z	15974.00000	1558.91472	1543.60214	1528.26815
2025-09-04T12:31:30Z	15975.00000	1558.23151	1542.64712	1527.72383
2025-09-04T12:31:30Z	15975.00000	1556.53763	1540.28056	1526.28963
2025-09-04T12:31:30Z	15975.00000	1556.23295	1539.85643	1526.03184
2025-09-04T12:31:30Z	15975.00000	1556.00660	1539.51392	1525.83254
2025-09-04T12:31:30Z	15975.00000	1555.70205	1539.11692	1525.59582
2025-09-04T12:31:30Z	15975.00000	1555.30145	1538.52273	1525.24041
2025-09-04T12:31:30Z	15975.00000	1555.11593	1538.26661	1525.08139
2025-09-04T12:31:30Z	15975.00000	1554.88220	1537.95488	1524.89028
2025-09-04T12:31:31Z	15976.00000	1554.84152	1537.87988	1524.84352
2025-09-04T12:31:31Z	15976.00000	1554.83978	1537.87666	1524.84209
2025-09-04T12:31:31Z	15976.00000	1554.83913	1537.87552	1524.84243
2025-09-04T12:31:31Z	15976.00000	1554.83860	1537.87371	1524.84136
2025-09-04T12:31:31Z	15976.00000	1554.83741	1537.87076	1524.83954
2025-09-04T12:31:31Z	15976.00000	1554.83712	1537.86938	1524.83893
2025-09-04T12:31:31Z	15976.00000	1554.83673	1537.86810	1524.83817
2025-09-04T12:31:31Z	15976.00000	1554.83437	1537.86662	1524.83714
2025-09-04T12:31:31Z	15976.00000	1554.83528	1537.86552	1524.83663
2025-09-04T12:31:32Z	15977.00000	1554.83433	1537.86451	1524.83658
2025-09-04T12:31:32Z	15977.00000	1554.83409	1537.86303	1524.83538
2025-09-04T12:31:32Z	15977.00000	1554.83411	1537.86210	1524.83497
2025-09-04T12:31:32Z	15977.00000	1554.83327	1537.86105	1524.83472
2025-09-04T12:31:32Z	15977.00000	1554.83193	1537.86057	1524.83418
2025-09-04T12:31:32Z	15977.00000	1554.83301	1537.85985	1524.83388
2025-09-04T12:31:32Z	15977.00000	1554.83240	1537.85920	1524.83327
2025-09-04T12:31:32Z	15977.00000	1554.83182	1537.85882	1524.83324
2025-09-04T12:31:33Z	15977.00000	1554.83134	1537.85800	1524.83273
2025-09-04T12:31:33Z	15978.00000	1554.83131	1537.85761	1524.83256
2025-09-04T12:31:33Z	15978.00000	1554.83131	1537.85719	1524.83220
2025-09-04T12:31:33Z	15978.00000	1554.83034	1537.85610	1524.83176
2025-09-04T12:31:33Z	15978.00000	1554.83010	1537.85579	1524.83138
2025-09-04T12:31:33Z	15978.00000	1554.82973	1537.85468	1524.83103
2025-09-04T12:31:33Z	15978.00000	1554.82852	1537.85422	1524.83071
2025-09-04T12:31:33Z	15978.00000	1554.82841	1537.85396	1524.83068
2025-09-04T12:31:33Z	15978.00000	1554.82820	1537.85355	1524.83031
2025-09-04T12:31:34Z	15979.00000	1554.82804	1537.85313	1524.83013
2025-09-04T12:31:34Z	15979.00000	1554.82856	1537.85263	1524.83010
2025-09-04T12:31:34Z	15979.00000	1554.82816	1537.85226	1524.82959
2025-09-04T12:31:34Z	15979.00000	1554.82813	1537.85203	1524.82949
2025-09-04T12:31:34Z	15979.00000	1554.82793	1537.85144	1524.82904
2025-09-04T12:31:34Z	15979.00000	1554.82792	1537.85102	1524.82889
2025-09-04T12:31:34Z	15979.00000	1554.82593	1537.85049	1524.82861
2025-09-04T12:31:35Z	15979.00000	1554.82483	1537.85008	1524.82854
2025-09-04T12:31:35Z	15980.00000	1554.82640	1537.85014	1524.82839
2025-09-04T12:31:35Z	15980.00000	1554.90954	1537.97909	1524.90737
2025-09-04T12:31:35Z	15980.00000	1555.23189	1538.44092	1525.19868
2025-09-04T12:31:35Z	15980.00000	1555.42703	1538.70354	1525.35760
2025-09-04T12:31:35Z	15980.00000	1555.64863	1538.99780	1525.53732
2025-09-04T12:31:35Z	15980.00000	1555.85262	1539.27710	1525.70741
2025-09-04T12:31:35Z	15980.00000	1556.03105	1539.54820	1525.86916
2025-09-04T12:31:35Z	15980.00000	1556.23617	1539.84312	1526.04974
2025-09-04T12:31:35Z	15980.00000	1556.44741	1540.12779	1526.21799
2025-09-04T12:31:35Z	15980.00000	1556.65060	1540.40285	1526.38364
2025-09-04T12:31:36Z	15981.00000	1556.80650	1540.62394	1526.51727
2025-09-04T12:31:36Z	15981.00000	1556.96519	1540.84907	1526.65264
2025-09-04T12:31:36Z	15981.00000	1557.20416	1541.18995	1526.85514
2025-09-04T12:31:36Z	15981.00000	1557.34434	1541.37503	1526.96176
2025-09-04T12:31:36Z	15981.00000	1557.46286	1541.55317	1527.07064
2025-09-04T12:31:36Z	15981.00000	1557.59882	1541.75400	1527.18677
2025-09-04T12:31:36Z	15981.00000	1557.78341	1542.00594	1527.33757
2025-09-04T12:31:36Z	15981.00000	1557.89800	1542.18291	1527.44170
2025-09-04T12:31:36Z	15981.00000	1558.02296	1542.31874	1527.52000
2025-09-04T12:31:36Z	15981.00000	1558.11655	1542.47060	1527.61217
2025-09-04T12:31:37Z	15982.00000	1558.22341	1542.64081	1527.70782
2025-09-04T12:31:37Z	15982.00000	1558.33969	1542.76911	1527.78483
2025-09-04T12:31:37Z	15982.00000	1558.39686	1542.88475	1527.85327
2025-09-04T12:31:37Z	15982.00000	1558.49207	1542.98697	1527.91165
2025-09-04T12:31:37Z	15982.00000	1558.54698	1543.08166	1527.96756
2025-09-04T12:31:37Z	15982.00000	1558.61700	1543.17409	1528.02360
2025-09-04T12:31:37Z	15982.00000	1558.68132	1543.24747	1528.06507
2025-09-04T12:31:37Z	15982.00000	1558.71628	1543.31958	1528.10759
2025-09-04T12:31:37Z	15982.00000	1558.75246	1543.37080	1528.13909
2025-09-04T12:31:37Z	15982.00000	1558.79400	1543.41484	1528.16514
2025-09-04T12:31:38Z	15983.00000	1558.82671	1543.45166	1528.18574
2025-09-04T12:31:38Z	15983.00000	1558.85631	1543.48740	1528.20541
2025-09-04T12:31:38Z	15983.00000	1558.86843	1543.51233	1528.21871
2025-09-04T12:31:38Z	15983.00000	1558.87619	1543.53619	1528.23158
2025-09-04T12:31:38Z	15983.00000	1558.88302	1543.55692	1528.24285
2025-09-04T12:31:38Z	15983.00000	1558.88769	1543.56761	1528.24861
2025-09-04T12:31:38Z	15983.00000	1558.89668	1543.58198	1528.25699
2025-09-04T12:31:38Z	15983.00000	1558.90702	1543.59373	1528.26324
2025-09-04T12:31:39Z	15983.00000	1558.70277	1543.25834	1528.09817
2025-09-04T12:31:39Z	15984.00000	1556.56433	1540.33057	1526.31827
2025-09-04T12:31:39Z	15984.00000	1556.30522	1539.94105	1526.08698
2025-09-04T12:31:39Z	15984.00000	1556.01944	1539.53506	1525.84282
2025-09-04T12:31:39Z	15984.00000	1555.84322	1539.28114	1525.69504
2025-09-04T12:31:39Z	15984.00000	1555.58728	1538.94351	1525.49262
2025-09-04T12:31:39Z	15984.00000	1555.42574	1538.71378	1525.35294
2025-09-04T12:31:39Z	15984.00000	1555.23896	1538.45362	1525.19765
2025-09-04T12:31:39Z	15984.00000	1555.06466	1538.20899	1525.04599
2025-09-04T12:31:39Z	15984.00000	1554.87981	1537.95166	1524.88845
2025-09-04T12:31:40Z	15984.00000	1554.84370	1537.88567	1524.84824
2025-09-04T12:31:40Z	15985.00000	1554.83907	1537.87584	1524.84170
2025-09-04T12:31:40Z	15985.00000	1554.83496	1537.87451	1524.84118
2025-09-04T12:31:40Z	15985.00000	1554.83836	1537.87310	1524.84074
2025-09-04T12:31:40Z	15985.00000	1554.83800	1537.87164	1524.84009
2025-09-04T12:31:40Z	15985.00000	1554.83759	1537.87021	1524.83940
2025-09-04T12:31:40Z	15985.00000	1554.83681	1537.86879	1524.83842
2025-09-04T12:31:40Z	15985.00000	1554.83648	1537.86687	1524.83702
2025-09-04T12:31:40Z	15985.00000	1554.83603	1537.86604	1524.83695
2025-09-04T12:31:40Z	15985.00000	1554.83488	1537.86542	1524.83693
2025-09-04T12:31:41Z	15986.00000	1554.83454	1537.86455	1524.83656
2025-09-04T12:31:41Z	15986.00000	1554.83445	1537.86312	1524.83531
2025-09-04T12:31:41Z	15986.00000	1554.83448	1537.86262	1524.83503
2025-09-04T12:31:41Z	15986.00000	1554.83447	1537.86243	1524.83513
2025-09-04T12:31:41Z	15986.00000	1554.83301	1537.86093	1524.83423
2025-09-04T12:31:41Z	15986.00000	1554.83313	1537.86029	1524.83396
2025-09-04T12:31:41Z	15986.00000	1554.83206	1537.85919	1524.83343
2025-09-04T12:31:41Z	15986.00000	1554.83203	1537.85862	1524.83334
2025-09-04T12:31:41Z	15986.00000	1554.83187	1537.85810	1524.83301
2025-09-04T12:31:42Z	15987.00000	1554.83004	1537.85751	1524.83244
2025-09-04T12:31:42Z	15987.00000	1554.83132	1537.85697	1524.83205
2025-09-04T12:31:42Z	15987.00000	1554.83092	1537.85664	1524.83186
2025-09-04T12:31:42Z	15987.00000	1554.83081	1537.85627	1524.83170
2025-09-04T12:31:42Z	15987.00000	1554.83048	1537.85587	1524.83158
2025-09-04T12:31:42Z	15987.00000	1554.83023	1537.85534	1524.83133
2025-09-04T12:31:42Z	15987.00000	1554.82884	1537.85500	1524.83096
2025-09-04T12:31:42Z	15987.00000	1554.82963	1537.85427	1524.83082
2025-09-04T12:31:42Z	15987.00000	1554.82951	1537.85411	1524.83049
2025-09-04T12:31:43Z	15987.00000	1554.82942	1537.85362	1524.83013
2025-09-04T12:31:43Z	15988.00000	1554.82911	1537.85327	1524.83013
2025-09-04T12:31:43Z	15988.00000	1554.82586	1537.85273	1524.82984
2025-09-04T12:31:43Z	15988.00000	1554.82776	1537.85227	1524.82929
2025-09-04T12:31:43Z	15988.00000	1554.82804	1537.85197	1524.82933
2025-09-04T12:31:43Z	15988.00000	1554.82782	1537.85144	1524.82900
2025-09-04T12:31:43Z	15988.00000	1554.82725	1537.85088	1524.82863
2025-09-04T12:31:43Z	15988.00000	1554.82745	1537.85079	1524.82835
2025-09-04T12:31:44Z	15988.00000	1554.82741	1537.85043	1524.82842
2025-09-04T12:31:44Z	15989.00000	1554.82693	1537.85008	1524.82831
2025-09-04T12:31:44Z	15989.00000	1554.82677	1537.84985	1524.82811
2025-09-04T12:31:44Z	15989.00000	1554.94986	1538.03734	1524.94537
2025-09-04T12:31:44Z	15989.00000	1555.19441	1538.38995	1525.16710
2025-09-04T12:31:44Z	15989.00000	1555.43569	1538.71300	1525.36331
2025-09-04T12:31:44Z	15989.00000	1555.71029	1539.10868	1525.60225
2025-09-04T12:31:44Z	15989.00000	1555.91925	1539.38889	1525.77615
2025-09-04T12:31:44Z	15989.00000	1556.15127	1539.69757	1525.95929
2025-09-04T12:31:44Z	15989.00000	1556.28968	1539.90182	1526.08579
2025-09-04T12:31:45Z	15989.00000	1556.52515	1540.22439	1526.27766
2025-09-04T12:31:45Z	15990.00000	1556.70348	1540.48696	1526.43417
2025-09-04T12:31:45Z	15990.00000	1556.86604	1540.70863	1526.56631
2025-09-04T12:31:45Z	15990.00000	1557.00824	1540.89697	1526.68169
2025-09-04T12:31:45Z	15990.00000	1557.20711	1541.19912	1526.86060
2025-09-04T12:31:45Z	15990.00000	1557.36896	1541.42056	1526.98917
2025-09-04T12:31:45Z	15990.00000	1557.50121	1541.59319	1527.09413
2025-09-04T12:31:45Z	15990.00000	1557.63413	1541.79139	1527.21037
2025-09-04T12:31:45Z	15990.00000	1557.78839	1542.01238	1527.34124
2025-09-04T12:31:45Z	15990.00000	1557.90153	1542.18749	1527.44462
2025-09-04T12:31:46Z	15990.00000	1558.07547	1542.42807	1527.58593
2025-09-04T12:31:46Z	15991.00000	1558.20001	1542.57536	1527.67117
2025-09-04T12:31:46Z	15991.00000	1558.30360	1542.73178	1527.76146
2025-09-04T12:31:46Z	15991.00000	1558.38733	1542.86834	1527.84363
2025-09-04T12:31:46Z	15991.00000	1558.51004	1543.00571	1527.92190
2025-09-04T12:31:46Z	15991.00000	1558.55858	1543.11056	1527.98474
2025-09-04T12:31:46Z	15991.00000	1558.61767	1543.17518	1528.02361
2025-09-04T12:31:46Z	15991.00000	1558.69291	1543.25863	1528.07079
2025-09-04T12:31:46Z	15991.00000	1558.73484	1543.35214	1528.12709
2025-09-04T12:31:47Z	15991.00000	1558.78431	1543.40484	1528.15856
2025-09-04T12:31:47Z	15992.00000	1558.81290	1543.43697	1528.17701
2025-09-04T12:31:47Z	15992.00000	1558.84170	1543.47044	1528.19546
2025-09-04T12:31:47Z	15992.00000	1558.86186	1543.49752	1528.21025
2025-09-04T12:31:47Z	15992.00000	1558.86939	1543.51633	1528.22060
2025-09-04T12:31:47Z	15992.00000	1558.87585	1543.53579	1528.23092
2025-09-04T12:31:47Z	15992.00000	1558.88306	1543.55601	1528.24196
2025-09-04T12:31:47Z	15992.00000	1558.88703	1543.56652	1528.24770
2025-09-04T12:31:47Z	15992.00000	1558.89301	1543.57745	1528.25346
2025-09-04T12:31:47Z	15992.00000	1558.89948	1543.58637	1528.25855
2025-09-04T12:31:47Z	15992.00000	1558.90719	1543.59424	1528.26299
2025-09-04T12:31:48Z	15993.00000	1558.90702	1543.58413	1528.26427
2025-09-04T12:31:48Z	15993.00000	1556.66143	1540.43830	1526.38489
2025-09-04T12:31:48Z	15993.00000	1556.24954	1539.87123	1526.03735
2025-09-04T12:31:48Z	15993.00000	1556.01572	1539.52617	1525.83633
2025-09-04T12:31:48Z	15993.00000	1555.79226	1539.21793	1525.65426
2025-09-04T12:31:48Z	15993.00000	1555.52051	1538.84108	1525.42722
2025-09-04T12:31:48Z	15993.00000	1555.31077	1538.53298	1525.24581
2025-09-04T12:31:48Z	15993.00000	1555.09864	1538.24661	1525.06895
2025-09-04T12:31:48Z	15993.00000	1554.97568	1538.05913	1524.95584
2025-09-04T12:31:48Z	15993.00000	1554.85038	1537.90959	1524.86035
2025-09-04T12:31:49Z	15994.00000	1554.84203	1537.88327	1524.84546
2025-09-04T12:31:49Z	15994.00000	1554.84173	1537.88016	1524.84441
2025-09-04T12:31:49Z	15994.00000	1554.84016	1537.87747	1524.84338
2025-09-04T12:31:49Z	15994.00000	1554.83937	1537.87536	1524.84250
2025-09-04T12:31:49Z	15994.00000	1554.83811	1537.87185	1524.83982
2025-09-04T12:31:49Z	15994.00000	1554.83755	1537.87076	1524.83938
2025-09-04T12:31:49Z	15994.00000	1554.83721	1537.86987	1524.83897
2025-09-04T12:31:49Z	15994.00000	1554.83705	1537.86808	1524.83817
2025-09-04T12:31:49Z	15994.00000	1554.83469	1537.86687	1524.83700
2025-09-04T12:31:50Z	15994.00000	1554.83581	1537.86592	1524.83716
2025-09-04T12:31:50Z	15995.00000	1554.83486	1537.86550	1524.83697
2025-09-04T12:31:50Z	15995.00000	1554.83477	1537.86448	1524.83633
2025-09-04T12:31:50Z	15995.00000	1554.83479	1537.86339	1524.83541
2025-09-04T12:31:50Z	15995.00000	1554.83428	1537.86251	1524.83517
2025-09-04T12:31:50Z	15995.00000	1554.83256	1537.86180	1524.83479
2025-09-04T12:31:50Z	15995.00000	1554.83359	1537.86167	1524.83470
2025-09-04T12:31:50Z	15995.00000	1554.83340	1537.86081	1524.83411
2025-09-04T12:31:50Z	15995.00000	1554.83323	1537.86001	1524.83377
2025-09-04T12:31:50Z	15995.00000	1554.83231	1537.85945	1524.83357
2025-09-04T12:31:51Z	15995.00000	1554.83199	1537.85877	1524.83342
2025-09-04T12:31:51Z	15996.00000	1554.82850	1537.85829	1524.83291
2025-09-04T12:31:51Z	15996.00000	1554.83194	1537.85740	1524.83220
2025-09-04T12:31:51Z	15996.00000	1554.83161	1537.85689	1524.83211
2025-09-04T12:31:51Z	15996.00000	1554.83071	1537.85650	1524.83203
2025-09-04T12:31:51Z	15996.00000	1554.82902	1537.85623	1524.83166
2025-09-04T12:31:51Z	15996.00000	1554.83067	1537.85583	1524.83150
2025-09-04T12:31:51Z	15996.00000	1554.83041	1537.85533	1524.83128
2025-09-04T12:31:51Z	15996.00000	1554.83000	1537.85485	1524.83130
2025-09-04T12:31:51Z	15996.00000	1554.82691	1537.85459	1524.83099
2025-09-04T12:31:51Z	15996.00000	1554.82670	1537.85412	1524.83047
2025-09-04T12:31:52Z	15997.00000	1554.82984	1537.85382	1524.83064
2025-09-04T12:31:52Z	15997.00000	1554.82924	1537.85335	1524.83018
2025-09-04T12:31:52Z	15997.00000	1554.82884	1537.85303	1524.83010
2025-09-04T12:31:52Z	15997.00000	1554.82885	1537.85293	1524.82981
2025-09-04T12:31:52Z	15997.00000	1554.82867	1537.85248	1524.82972
2025-09-04T12:31:52Z	15997.00000	1554.82821	1537.85226	1524.82943
2025-09-04T12:31:52Z	15997.00000	1554.82803	1537.85157	1524.82921
2025-09-04T12:31:52Z	15997.00000	1554.82796	1537.85129	1524.82909
2025-09-04T12:31:52Z	15997.00000	1554.82646	1537.85119	1524.82906
2025-09-04T12:31:53Z	15997.00000	1554.82777	1537.85074	1524.82869
2025-09-04T12:31:53Z	15998.00000	1554.82724	1537.85030	1524.82848
2025-09-04T12:31:53Z	15998.00000	1554.96609	1538.04571	1524.95553
2025-09-04T12:31:53Z	15998.00000	1555.17499	1538.33559	1525.13200
2025-09-04T12:31:53Z	15998.00000	1555.36090	1538.61912	1525.30438
2025-09-04T12:31:53Z	15998.00000	1555.58235	1538.92470	1525.49112
2025-09-04T12:31:53Z	15998.00000	1555.84212	1539.25598	1525.69302
2025-09-04T12:31:53Z	15998.00000	1556.09068	1539.63140	1525.91837
2025-09-04T12:31:53Z	15998.00000	1556.36643	1540.01484	1526.15234
2025-09-04T12:31:53Z	15998.00000	1556.55541	1540.29137	1526.31985
2025-09-04T12:31:54Z	15999.00000	1556.71599	1540.51668	1526.45240
2025-09-04T12:31:54Z	15999.00000	1556.87819	1540.74327	1526.58661
2025-09-04T12:31:54Z	15999.00000	1557.09363	1541.04381	1526.76761
2025-09-04T12:31:54Z	15999.00000	1557.25359	1541.27440	1526.90357
2025-09-04T12:31:54Z	15999.00000	1557.43870	1541.52701	1527.05443
2025-09-04T12:31:54Z	15999.00000	1557.55300	1541.69752	1527.15200
2025-09-04T12:31:54Z	15999.00000	1557.70467	1541.88777	1527.26910
2025-09-04T12:31:54Z	15999.00000	1557.86297	1542.10135	1527.39359
2025-09-04T12:31:54Z	15999.00000	1557.98176	1542.27152	1527.49244
2025-09-04T12:31:54Z	15999.00000	1558.07748	1542.42899	1527.58608
2025-09-04T12:31:55Z	16000.00000	1558.21720	1542.62532	1527.69853
2025-09-04T12:31:55Z	16000.00000	1558.32892	1542.75599	1527.77564
2025-09-04T12:31:55Z	16000.00000	1558.39113	1542.87425	1527.84632
2025-09-04T12:31:55Z	16000.00000	1558.50193	1542.99534	1527.91572
2025-09-04T12:31:55Z	16000.00000	1558.54466	1543.07260	1527.96148
2025-09-04T12:31:55Z	16000.00000	1558.61403	1543.16979	1528.02002
2025-09-04T12:31:55Z	16000.00000	1558.68316	1543.24404	1528.06218
2025-09-04T12:31:55Z	16000.00000	1558.71259	1543.30735	1528.09934
2025-09-04T12:31:55Z	16000.00000	1558.74334	1543.36011	1528.13133
2025-09-04T12:31:56Z	16000.00000	1558.79843	1543.41734	1528.16626
2025-09-04T12:31:56Z	16001.00000	1558.82585	1543.45004	1528.18314
2025-09-04T12:31:56Z	16001.00000	1558.84890	1543.48077	1528.20074
2025-09-04T12:31:56Z	16001.00000	1558.86689	1543.50671	1528.21524
2025-09-04T12:31:56Z	16001.00000	1558.87366	1543.52795	1528.22548
2025-09-04T12:31:56Z	16001.00000	1558.88105	1543.55024	1528.23756
2025-09-04T12:31:56Z	16001.00000	1558.88695	1543.56529	1528.24597
2025-09-04T12:31:56Z	16001.00000	1558.89256	1543.57409	1528.25143
2025-09-04T12:31:56Z	16001.00000	1558.89842	1543.58439	1528.25635
2025-09-04T12:31:56Z	16001.00000	1558.90762	1543.59376	1528.26184
2025-09-04T12:31:56Z	16001.00000	1558.91370	1543.59967	1528.26634
2025-09-04T12:31:57Z	16002.00000	1556.88681	1540.78941	1526.59214
2025-09-04T12:31:57Z	16002.00000	1556.49151	1540.20050	1526.23636
2025-09-04T12:31:57Z	16002.00000	1556.19826	1539.79838	1525.99403
2025-09-04T12:31:57Z	16002.00000	1555.96159	1539.46246	1525.80266
2025-09-04T12:31:57Z	16002.00000	1555.68320	1539.06047	1525.56213
2025-09-04T12:31:57Z	16002.00000	1555.49386	1538.78953	1525.39724
2025-09-04T12:31:57Z	16002.00000	1555.30435	1538.52519	1525.24157
2025-09-04T12:31:57Z	16002.00000	1555.12369	1538.27427	1525.08615
2025-09-04T12:31:57Z	16002.00000	1554.89047	1537.96344	1524.89577
2025-09-04T12:31:57Z	16002.00000	1554.84382	1537.88745	1524.84801
2025-09-04T12:31:58Z	16003.00000	1554.84131	1537.87975	1524.84289
2025-09-04T12:31:58Z	16003.00000	1554.84103	1537.87932	1524.84438
2025-09-04T12:31:58Z	16003.00000	1554.84026	1537.87756	1524.84331
2025-09-04T12:31:58Z	16003.00000	1554.83858	1537.87335	1524.84071
2025-09-04T12:31:58Z	16003.00000	1554.83714	1537.87162	1524.83971
2025-09-04T12:31:58Z	16003.00000	1554.83772	1537.87031	1524.83934
2025-09-04T12:31:58Z	16003.00000	1554.83739	1537.86929	1524.83856
2025-09-04T12:31:58Z	16003.00000	1554.83743	1537.86800	1524.83809
2025-09-04T12:31:58Z	16003.00000	1554.83673	1537.86690	1524.83738
2025-09-04T12:31:59Z	16003.00000	1554.83548	1537.86591	1524.83696
2025-09-04T12:31:59Z	16004.00000	1554.83510	1537.86474	1524.83657
2025-09-04T12:31:59Z	16004.00000	1554.83506	1537.86342	1524.83580
2025-09-04T12:31:59Z	16004.00000	1554.83482	1537.86286	1524.83531
2025-09-04T12:31:59Z	16004.00000	1554.83403	1537.86189	1524.83483
2025-09-04T12:31:59Z	16004.00000	1554.83351	1537.86143	1524.83455
2025-09-04T12:31:59Z	16004.00000	1554.83220	1537.86066	1524.83425
2025-09-04T12:31:59Z	16004.00000	1554.82928	1537.85986	1524.83398
2025-09-04T12:31:59Z	16004.00000	1554.83269	1537.85949	1524.83382
2025-09-04T12:32:00Z	16004.00000	1554.83227	1537.85869	1524.83321
2025-09-04T12:32:00Z	16005.00000	1554.83222	1537.85815	1524.83276
2025-09-04T12:32:00Z	16005.00000	1554.83202	1537.85735	1524.83244
2025-09-04T12:32:00Z	16005.00000	1554.83158	1537.85702	1524.83227
2025-09-04T12:32:00Z	16005.00000	1554.83123	1537.85674	1524.83204
2025-09-04T12:32:00Z	16005.00000	1554.83095	1537.85609	1524.83182
2025-09-04T12:32:00Z	16005.00000	1554.83099	1537.85575	1524.83147
2025-09-04T12:32:00Z	16005.00000	1554.83072	1537.85551	1524.83138
2025-09-04T12:32:00Z	16005.00000	1554.83045	1537.85476	1524.83086
2025-09-04T12:32:00Z	16005.00000	1554.83017	1537.85481	1524.83100
2025-09-04T12:32:00Z	16005.00000	1554.83008	1537.85444	1524.83079
2025-09-04T12:32:01Z	16006.00000	1554.82984	1537.85386	1524.83042
2025-09-04T12:32:01Z	16006.00000	1554.82954	1537.85343	1524.83023
2025-09-04T12:32:01Z	16006.00000	1554.82639	1537.85330	1524.83031
2025-09-04T12:32:01Z	16006.00000	1554.82597	1537.85301	1524.83001
2025-09-04T12:32:01Z	16006.00000	1554.82597	1537.85250	1524.82959
2025-09-04T12:32:01Z	16006.00000	1554.82884	1537.85231	1524.82964
2025-09-04T12:32:01Z	16006.00000	1554.82867	1537.85181	1524.82955
2025-09-04T12:32:01Z	16006.00000	1554.82793	1537.85176	1524.82920
2025-09-04T12:32:01Z	16006.00000	1554.82810	1537.85137	1524.82909
2025-09-04T12:32:01Z	16006.00000	1554.82543	1537.85112	1524.82895
2025-09-04T12:32:02Z	16007.00000	1554.82711	1537.85076	1524.82886
2025-09-04T12:32:02Z	16007.00000	1554.82717	1537.85042	1524.82848
2025-09-04T12:32:02Z	16007.00000	1554.82673	1537.85005	1524.82842
2025-09-04T12:32:02Z	16007.00000	1554.82678	1537.84981	1524.82819
2025-09-04T12:32:02Z	16007.00000	1554.82698	1537.84975	1524.82806
2025-09-04T12:32:02Z	16007.00000	1554.82702	1537.84955	1524.82803
2025-09-04T12:32:02Z	16007.00000	1554.82658	1537.84931	1524.82778
2025-09-04T12:32:02Z	16007.00000	1554.82676	1537.84905	1524.82777
2025-09-04T12:32:02Z	16007.00000	1554.82631	1537.84875	1524.82769
2025-09-04T12:32:03Z	16007.00000	1554.82561	1537.84838	1524.82734
2025-09-04T12:32:03Z	16008.00000	1554.82627	1537.84823	1524.82736
2025-09-04T12:32:03Z	16008.00000	1554.82553	1537.84800	1524.82717
2025-09-04T12:32:03Z	16008.00000	1554.82540	1537.84761	1524.82705
2025-09-04T12:32:03Z	16008.00000	1554.82534	1537.84755	1524.82689
2025-09-04T12:32:03Z	16008.00000	1554.82344	1537.84736	1524.82678
2025-09-04T12:32:03Z	16008.00000	1554.82532	1537.84723	1524.82676
2025-09-04T12:32:03Z	16008.00000	1554.82506	1537.84690	1524.82666
2025-09-04T12:32:03Z	16008.00000	1554.82484	1537.84674	1524.82656
2025-09-04T12:32:03Z	16008.00000	1554.82336	1537.84657	1524.82648
2025-09-04T12:32:04Z	16008.00000	1554.82471	1537.84620	1524.82627
2025-09-04T12:32:04Z	16009.00000	1554.82317	1537.84631	1524.82608
2025-09-04T12:32:04Z	16009.00000	1554.82475	1537.84593	1524.82630
2025-09-04T12:32:04Z	16009.00000	1554.82264	1537.84597	1524.82612
2025-09-04T12:32:04Z	16009.00000	1554.82429	1537.84552	1524.82580
2025-09-04T12:32:04Z	16009.00000	1554.82435	1537.84531	1524.82572
2025-09-04T12:32:04Z	16009.00000	1554.82364	1537.84516	1524.82564
2025-09-04T12:32:04Z	16009.00000	1554.82372	1537.84509	1524.82545
2025-09-04T12:32:04Z	16009.00000	1554.82222	1537.84494	1524.82549
2025-09-04T12:32:04Z	16009.00000	1554.82373	1537.84476	1524.82550
2025-09-04T12:32:05Z	16010.00000	1554.82314	1537.84446	1524.82513
2025-09-04T12:32:05Z	16010.00000	1554.82338	1537.84428	1524.82521
2025-09-04T12:32:05Z	16010.00000	1554.82324	1537.84407	1524.82493
2025-09-04T12:32:05Z	16010.00000	1554.82311	1537.84400	1524.82504
2025-09-04T12:32:05Z	16010.00000	1554.82281	1537.84390	1524.82473
2025-09-04T12:32:05Z	16010.00000	1554.82265	1537.84326	1524.82458
2025-09-04T12:32:05Z	16010.00000	1554.82286	1537.84321	1524.82462
2025-09-04T12:32:05Z	16010.00000	1554.82257	1537.84318	1524.82440
2025-09-04T12:32:06Z	16011.00000	1554.82249	1537.84280	1524.82425
2025-09-04T12:32:06Z	16011.00000	1554.82229	1537.84274	1524.82426
2025-09-04T12:32:06Z	16011.00000	1554.82245	1537.84279	1524.82430
2025-09-04T12:32:06Z	16011.00000	1554.82115	1537.84255	1524.82405
2025-09-04T12:32:06Z	16011.00000	1554.82092	1537.84247	1524.82412
2025-09-04T12:32:06Z	16011.00000	1554.82163	1537.84211	1524.82398
2025-09-04T12:32:06Z	16011.00000	1554.82067	1537.84206	1524.82384
2025-09-04T12:32:06Z	16011.00000	1554.82074	1537.84188	1524.82379
2025-09-04T12:32:06Z	16011.00000	1554.82203	1537.84159	1524.82377
2025-09-04T12:32:06Z	16011.00000	1554.82080	1537.84182	1524.82382
2025-09-04T12:32:07Z	16012.00000	1554.82056	1537.84180	1524.82372
2025-09-04T12:32:07Z	16012.00000	1554.82041	1537.84141	1524.82369
2025-09-04T12:32:07Z	16012.00000	1554.82043	1537.84130	1524.82346
2025-09-04T12:32:07Z	16012.00000	1554.82042	1537.84122	1524.82347
2025-09-04T12:32:07Z	16012.00000	1554.82053	1537.84122	1524.82349
2025-09-04T12:32:07Z	16012.00000	1554.82036	1537.84101	1524.82322
2025-09-04T12:32:07Z	16012.00000	1554.82014	1537.84077	1524.82279
2025-09-04T12:32:07Z	16012.00000	1554.82002	1537.84050	1524.82293
2025-09-04T12:32:07Z	16012.00000	1554.82012	1537.84056	1524.82311
2025-09-04T12:32:08Z	16013.00000	1554.81987	1537.84025	1524.82267
2025-09-04T12:32:08Z	16013.00000	1554.81969	1537.84033	1524.82294
2025-09-04T12:32:08Z	16013.00000	1554.81982	1537.84005	1524.82282
2025-09-04T12:32:08Z	16013.00000	1554.81985	1537.84016	1524.82291
2025-09-04T12:32:08Z	16013.00000	1554.81966	1537.83983	1524.82273
2025-09-04T12:32:08Z	16013.00000	1554.81959	1537.83986	1524.82266
2025-09-04T12:32:08Z	16013.00000	1554.82007	1537.83963	1524.82281
2025-09-04T12:32:08Z	16013.00000	1554.81909	1537.83948	1524.82246
2025-09-04T12:32:09Z	16014.00000	1554.81940	1537.83929	1524.82246
2025-09-04T12:32:09Z	16014.00000	1554.82001	1537.83931	1524.82248
2025-09-04T12:32:09Z	16014.00000	1554.81940	1537.83927	1524.82210
2025-09-04T12:32:09Z	16014.00000	1554.82005	1537.83906	1524.82221
2025-09-04T12:32:09Z	16014.00000	1554.81887	1537.83893	1524.82215
2025-09-04T12:32:09Z	16014.00000	1554.81971	1537.83883	1524.82222
2025-09-04T12:32:09Z	16014.00000	1554.82030	1537.83891	1524.82222
2025-09-04T12:32:09Z	16014.00000	1554.81939	1537.83879	1524.82214
2025-09-04T12:32:09Z	16014.00000	1554.81875	1537.83846	1524.82176
2025-09-04T12:32:10Z	16015.00000	1554.81928	1537.83828	1524.82191
2025-09-04T12:32:10Z	16015.00000	1554.81964	1537.83840	1524.82174
2025-09-04T12:32:10Z	16015.00000	1554.81928	1537.83825	1524.82160
2025-09-04T12:32:10Z	16015.00000	1554.81890	1537.83823	1524.82155
2025-09-04T12:32:10Z	16015.00000	1554.81851	1537.83796	1524.82170
2025-09-04T12:32:10Z	16015.00000	1554.81857	1537.83769	1524.82134
2025-09-04T12:32:10Z	16015.00000	1554.81922	1537.83799	1524.82125
2025-09-04T12:32:10Z	16015.00000	1554.81895	1537.83782	1524.82140
2025-09-04T12:32:11Z	16016.00000	1554.81865	1537.83776	1524.82159
2025-09-04T12:32:11Z	16016.00000	1554.81789	1537.83749	1524.82123
2025-09-04T12:32:11Z	16016.00000	1554.81888	1537.83746	1524.82124
2025-09-04T12:32:11Z	16016.00000	1554.81741	1537.83714	1524.82096
2025-09-04T12:32:11Z	16016.00000	1554.81802	1537.83725	1524.82121
2025-09-04T12:32:11Z	16016.00000	1554.81870	1537.83717	1524.82111
2025-09-04T12:32:11Z	16016.00000	1554.81851	1537.83718	1524.82089
2025-09-04T12:32:11Z	16016.00000	1554.81844	1537.83693	1524.82108
2025-09-04T12:32:11Z	16016.00000	1554.81737	1537.83684	1524.82101
2025-09-04T12:32:12Z	16017.00000	1554.81782	1537.83673	1524.82068
2025-09-04T12:32:12Z	16017.00000	1554.81849	1537.83666	1524.82079
2025-09-04T12:32:12Z	16017.00000	1554.81723	1537.83667	1524.82099
2025-09-04T12:32:12Z	16017.00000	1554.81733	1537.83650	1524.82081
2025-09-04T12:32:12Z	16017.00000	1554.81692	1537.83639	1524.82082
2025-09-04T12:32:12Z	16017.00000	1554.81821	1537.83626	1524.82070
2025-09-04T12:32:12Z	16017.00000	1554.81756	1537.83623	1524.82065
2025-09-04T12:32:12Z	16017.00000	1554.81771	1537.83614	1524.82078
2025-09-04T12:32:12Z	16017.00000	1554.81803	1537.83599	1524.82017
2025-09-04T12:32:12Z	16017.00000	1554.81703	1537.83618	1524.82060
2025-09-04T12:32:13Z	16018.00000	1554.81678	1537.83609	1524.82047
2025-09-04T12:32:13Z	16018.00000	1554.81758	1537.83590	1524.82040
2025-09-04T12:32:13Z	16018.00000	1554.81674	1537.83575	1524.82031
2025-09-04T12:32:13Z	16018.00000	1554.81665	1537.83586	1524.82048
2025-09-04T12:32:13Z	16018.00000	1554.81637	1537.83552	1524.82023
2025-09-04T12:32:13Z	16018.00000	1554.81665	1537.83555	1524.82010
2025-09-04T12:32:13Z	16018.00000	1554.81645	1537.83546	1524.82055
2025-09-04T12:32:13Z	16018.00000	1554.81627	1537.83535	1524.82000
2025-09-04T12:32:13Z	16018.00000	1554.81653	1537.83520	1524.82010
2025-09-04T12:32:14Z	16019.00000	1554.81638	1537.83540	1524.82012
2025-09-04T12:32:14Z	16019.00000	1554.81637	1537.83507	1524.81990
2025-09-04T12:32:14Z	16019.00000	1554.81584	1537.83502	1524.81989
2025-09-04T12:32:14Z	16019.00000	1554.81590	1537.83506	1524.81985
2025-09-04T12:32:14Z	16019.00000	1554.81711	1537.83492	1524.81985
2025-09-04T12:32:14Z	16019.00000	1554.81563	1537.83470	1524.81992
2025-09-04T12:32:14Z	16019.00000	1554.81599	1537.83461	1524.81982
2025-09-04T12:32:15Z	16020.00000	1554.81568	1537.83470	1524.81990
2025-09-04T12:32:15Z	16020.00000	1554.81550	1537.83457	1524.81968
2025-09-04T12:32:15Z	16020.00000	1554.81572	1537.83445	1524.81959
2025-09-04T12:32:15Z	16020.00000	1554.81589	1537.83442	1524.81965
2025-09-04T12:32:15Z	16020.00000	1554.81576	1537.83441	1524.81960
2025-09-04T12:32:15Z	16020.00000	1554.81550	1537.83428	1524.81954
2025-09-04T12:32:15Z	16020.00000	1554.81562	1537.83458	1524.81987
2025-09-04T12:32:15Z	16020.00000	1554.81539	1537.83385	1524.81962
2025-09-04T12:32:15Z	16020.00000	1554.81494	1537.83404	1524.81932
2025-09-04T12:32:16Z	16021.00000	1554.81520	1537.83403	1524.81937
2025-09-04T12:32:16Z	16021.00000	1554.81537	1537.83385	1524.81933
2025-09-04T12:32:16Z	16021.00000	1554.81554	1537.83384	1524.81923
2025-09-04T12:32:16Z	16021.00000	1554.81565	1537.83380	1524.81920
2025-09-04T12:32:16Z	16021.00000	1554.81519	1537.83386	1524.81936
2025-09-04T12:32:16Z	16021.00000	1554.81467	1537.83364	1524.81933
2025-09-04T12:32:16Z	16021.00000	1554.81492	1537.83361	1524.81933
2025-09-04T12:32:17Z	16021.00000	1554.81526	1537.83337	1524.81927
2025-09-04T12:32:17Z	16022.00000	1554.81493	1537.83338	1524.81916
2025-09-04T12:32:17Z	16022.00000	1554.81501	1537.83342	1524.81917
2025-09-04T12:32:17Z	16022.00000	1554.81490	1537.83327	1524.81902
2025-09-04T12:32:17Z	16022.00000	1554.81489	1537.83332	1524.81894
2025-09-04T12:32:17Z	16022.00000	1554.81453	1537.83316	1524.81915
2025-09-04T12:32:17Z	16022.00000	1554.81494	1537.83322	1524.81897
2025-09-04T12:32:17Z	16022.00000	1554.81459	1537.83313	1524.81877
2025-09-04T12:32:17Z	16022.00000	1554.81437	1537.83330	1524.81888
2025-09-04T12:32:17Z	16022.00000	1554.81492	1537.83312	1524.81895
2025-09-04T12:32:18Z	16022.00000	1554.81479	1537.83304	1524.81892
2025-09-04T12:32:18Z	16023.00000	1554.81449	1537.83314	1524.81879
2025-09-04T12:32:18Z	16023.00000	1554.81416	1537.83284	1524.81863
2025-09-04T12:32:18Z	16023.00000	1554.81454	1537.83264	1524.81862
2025-09-04T12:32:18Z	16023.00000	1554.81393	1537.83287	1524.81895
2025-09-04T12:32:18Z	16023.00000	1554.81407	1537.83258	1524.81860
2025-09-04T12:32:18Z	16023.00000	1554.81433	1537.83280	1524.81864
2025-09-04T12:32:18Z	16023.00000	1554.81443	1537.83246	1524.81864
2025-09-04T12:32:19Z	16023.00000	1554.81378	1537.83258	1524.81858
2025-09-04T12:32:19Z	16024.00000	1554.81403	1537.83254	1524.81862
2025-09-04T12:32:19Z	16024.00000	1554.81465	1537.83243	1524.81856
2025-09-04T12:32:19Z	16024.00000	1554.81378	1537.83237	1524.81868
2025-09-04T12:32:19Z	16024.00000	1554.81388	1537.83233	1524.81856
2025-09-04T12:32:19Z	16024.00000	1554.81374	1537.83213	1524.81830
2025-09-04T12:32:19Z	16024.00000	1554.81349	1537.83223	1524.81834
2025-09-04T12:32:19Z	16024.00000	1554.81326	1537.83214	1524.81838
2025-09-04T12:32:19Z	16024.00000	1554.81350	1537.83225	1524.81838
2025-09-04T12:32:20Z	16024.00000	1554.81396	1537.83211	1524.81839
2025-09-04T12:32:20Z	16025.00000	1554.81334	1537.83193	1524.81837
2025-09-04T12:32:20Z	16025.00000	1554.81354	1537.83217	1524.81837
2025-09-04T12:32:20Z	16025.00000	1554.81311	1537.83209	1524.81834
2025-09-04T12:32:20Z	16025.00000	1554.81361	1537.83174	1524.81841
2025-09-04T12:32:20Z	16025.00000	1554.81348	1537.83187	1524.81827
2025-09-04T12:32:20Z	16025.00000	1554.81388	1537.83196	1524.81835
2025-09-04T12:32:20Z	16025.00000	1554.81293	1537.83163	1524.81816
2025-09-04T12:32:20Z	16025.00000	1554.81319	1537.83164	1524.81838
2025-09-04T12:32:21Z	16025.00000	1554.81336	1537.83173	1524.81816
2025-09-04T12:32:21Z	16026.00000	1554.81336	1537.83166	1524.81841
2025-09-04T12:32:21Z	16026.00000	1554.81346	1537.83145	1524.81816
2025-09-04T12:32:21Z	16026.00000	1554.81301	1537.83165	1524.81805
2025-09-04T12:32:21Z	16026.00000	1554.81323	1537.83148	1524.81807
2025-09-04T12:32:21Z	16026.00000	1554.81322	1537.83134	1524.81804
2025-09-04T12:32:21Z	16026.00000	1554.81287	1537.83139	1524.81811
2025-09-04T12:32:21Z	16026.00000	1554.81290	1537.83141	1524.81822
2025-09-04T12:32:21Z	16026.00000	1554.81285	1537.83136	1524.81799
2025-09-04T12:32:21Z	16026.00000	1554.81284	1537.83103	1524.81793
2025-09-04T12:32:22Z	16027.00000	1554.81266	1537.83102	1524.81786
2025-09-04T12:32:22Z	16027.00000	1554.81293	1537.83123	1524.81794
2025-09-04T12:32:22Z	16027.00000	1554.81275	1537.83123	1524.81783
2025-09-04T12:32:22Z	16027.00000	1554.81251	1537.83118	1524.81786
2025-09-04T12:32:22Z	16027.00000	1554.81254	1537.83128	1524.81781
2025-09-04T12:32:22Z	16027.00000	1554.81292	1537.83095	1524.81773
2025-09-04T12:32:22Z	16027.00000	1554.81282	1537.83051	1524.81746
2025-09-04T12:32:22Z	16027.00000	1554.81274	1537.83073	1524.81750
2025-09-04T12:32:23Z	16027.00000	1554.81290	1537.83095	1524.81781
2025-09-04T12:32:23Z	16028.00000	1554.81278	1537.83080	1524.81769
2025-09-04T12:32:23Z	16028.00000	1554.81262	1537.83066	1524.81765
2025-09-04T12:32:23Z	16028.00000	1554.81242	1537.83066	1524.81778
2025-09-04T12:32:23Z	16028.00000	1554.81258	1537.83078	1524.81765
2025-09-04T12:32:23Z	16028.00000	1554.81208	1537.83055	1524.81753
2025-09-04T12:32:23Z	16028.00000	1554.81230	1537.83041	1524.81721
2025-09-04T12:32:23Z	16028.00000	1554.81211	1537.83055	1524.81758
2025-09-04T12:32:23Z	16028.00000	1554.81230	1537.83040	1524.81751
2025-09-04T12:32:24Z	16028.00000	1554.81229	1537.83038	1524.81744
2025-09-04T12:32:24Z	16029.00000	1554.81149	1537.83040	1524.81747
2025-09-04T12:32:24Z	16029.00000	1554.81214	1537.83010	1524.81738
2025-09-04T12:32:24Z	16029.00000	1554.81214	1537.83023	1524.81743
2025-09-04T12:32:24Z	16029.00000	1554.81168	1537.83031	1524.81738
2025-09-04T12:32:24Z	16029.00000	1554.81174	1537.83025	1524.81722
2025-09-04T12:32:24Z	16029.00000	1554.81217	1537.83001	1524.81735
2025-09-04T12:32:24Z	16029.00000	1554.81194	1537.82988	1524.81746
2025-09-04T12:32:24Z	16029.00000	1554.81194	1537.83006	1524.81729
2025-09-04T12:32:25Z	16030.00000	1554.81119	1537.83007	1524.81721
2025-09-04T12:32:25Z	16030.00000	1554.81142	1537.82991	1524.81714
2025-09-04T12:32:25Z	16030.00000	1554.81189	1537.83016	1524.81707
2025-09-04T12:32:25Z	16030.00000	1554.81167	1537.82995	1524.81718
2025-09-04T12:32:25Z	16030.00000	1554.81145	1537.82982	1524.81721
2025-09-04T12:32:25Z	16030.00000	1554.81158	1537.82971	1524.81715
2025-09-04T12:32:25Z	16030.00000	1554.81143	1537.82970	1524.81715
2025-09-04T12:32:25Z	16030.00000	1554.81157	1537.82980	1524.81724
2025-09-04T12:32:26Z	16030.00000	1554.81179	1537.82957	1524.81722
2025-09-04T12:32:26Z	16031.00000	1554.81198	1537.82967	1524.81705
2025-09-04T12:32:26Z	16031.00000	1554.81194	1537.82959	1524.81701
2025-09-04T12:32:26Z	16031.00000	1554.81172	1537.82968	1524.81686
2025-09-04T12:32:26Z	16031.00000	1554.81168	1537.82946	1524.81698
2025-09-04T12:32:26Z	16031.00000	1554.81097	1537.82954	1524.81686
2025-09-04T12:32:26Z	16031.00000	1554.81112	1537.82938	1524.81698
2025-09-04T12:32:26Z	16031.00000	1554.81064	1537.82940	1524.81693
2025-09-04T12:32:26Z	16031.00000	1554.81145	1537.82936	1524.81689
2025-09-04T12:32:26Z	16031.00000	1554.81126	1537.82948	1524.81687
2025-09-04T12:32:27Z	16032.00000	1554.81084	1537.82926	1524.81682
2025-09-04T12:32:27Z	16032.00000	1554.87498	1537.94945	1524.89556
2025-09-04T12:32:27Z	16032.00000	1555.03533	1538.16867	1525.02857
2025-09-04T12:32:27Z	16032.00000	1555.33661	1538.56145	1525.27124
2025-09-04T12:32:27Z	16032.00000	1555.52495	1538.84133	1525.43954
2025-09-04T12:32:27Z	16032.00000	1555.71571	1539.11455	1525.60551
2025-09-04T12:32:27Z	16032.00000	1555.97412	1539.44997	1525.81192
2025-09-04T12:32:27Z	16032.00000	1556.11171	1539.65388	1525.93257
2025-09-04T12:32:27Z	16032.00000	1556.33970	1539.95536	1526.11924
2025-09-04T12:32:28Z	16033.00000	1556.66288	1540.41477	1526.39127
2025-09-04T12:32:28Z	16033.00000	1556.82212	1540.64026	1526.52772
2025-09-04T12:32:28Z	16033.00000	1556.93041	1540.80970	1526.62871
2025-09-04T12:32:28Z	16033.00000	1557.04316	1540.97228	1526.72622
2025-09-04T12:32:28Z	16033.00000	1557.19654	1541.16810	1526.84181
2025-09-04T12:32:28Z	16033.00000	1557.37620	1541.44187	1527.00230
2025-09-04T12:32:28Z	16033.00000	1557.52992	1541.63358	1527.11704
2025-09-04T12:32:28Z	16033.00000	1557.65530	1541.81397	1527.22376
2025-09-04T12:32:28Z	16033.00000	1557.73999	1541.95642	1527.30809
2025-09-04T12:32:29Z	16033.00000	1557.87540	1542.13036	1527.41015
2025-09-04T12:32:29Z	16034.00000	1557.95883	1542.24763	1527.47919
2025-09-04T12:32:29Z	16034.00000	1558.03251	1542.33710	1527.52992
2025-09-04T12:32:29Z	16034.00000	1558.08800	1542.44074	1527.59252
2025-09-04T12:32:29Z	16034.00000	1558.18564	1542.55692	1527.65925
2025-09-04T12:32:29Z	16034.00000	1558.25130	1542.67501	1527.72581
2025-09-04T12:32:29Z	16034.00000	1558.30910	1542.73629	1527.76278
2025-09-04T12:32:29Z	16034.00000	1558.36594	1542.80595	1527.80563
2025-09-04T12:32:29Z	16034.00000	1558.37756	1542.83866	1527.82489
2025-09-04T12:32:30Z	16034.00000	1558.39315	1542.87824	1527.84733
2025-09-04T12:32:30Z	16035.00000	1558.41790	1542.90855	1527.86473
2025-09-04T12:32:30Z	16035.00000	1558.43698	1542.92745	1527.87620
2025-09-04T12:32:30Z	16035.00000	1558.45684	1542.94881	1527.88801
2025-09-04T12:32:30Z	16035.00000	1558.48031	1542.97275	1527.90178
2025-09-04T12:32:30Z	16035.00000	1558.49486	1542.98789	1527.91041
2025-09-04T12:32:30Z	16035.00000	1558.50762	1543.00245	1527.91935
2025-09-04T12:32:30Z	16035.00000	1558.51531	1543.01024	1527.92344
2025-09-04T12:32:31Z	16035.00000	1558.52125	1543.01836	1527.92717
2025-09-04T12:32:31Z	16036.00000	1557.94567	1542.23080	1527.47513
2025-09-04T12:32:31Z	16036.00000	1556.25460	1539.88577	1526.05081
2025-09-04T12:32:31Z	16036.00000	1555.96183	1539.45445	1525.79219
2025-09-04T12:32:31Z	16036.00000	1555.73613	1539.15992	1525.61824
2025-09-04T12:32:31Z	16036.00000	1555.52265	1538.84573	1525.43108
2025-09-04T12:32:31Z	16036.00000	1555.36032	1538.62721	1525.30231
2025-09-04T12:32:31Z	16036.00000	1555.15698	1538.31343	1525.11220
2025-09-04T12:32:31Z	16036.00000	1554.98066	1538.06576	1524.96050
2025-09-04T12:32:31Z	16036.00000	1554.85070	1537.90753	1524.85873
2025-09-04T12:32:32Z	16037.00000	1554.83581	1537.86735	1524.83605
2025-09-04T12:32:32Z	16037.00000	1554.83477	1537.86533	1524.83500
2025-09-04T12:32:32Z	16037.00000	1554.83311	1537.86377	1524.83448
2025-09-04T12:32:32Z	16037.00000	1554.83276	1537.86197	1524.83378
2025-09-04T12:32:32Z	16037.00000	1554.83174	1537.85983	1524.83255
2025-09-04T12:32:32Z	16037.00000	1554.83097	1537.85898	1524.83233
2025-09-04T12:32:32Z	16037.00000	1554.83074	1537.85790	1524.83169
2025-09-04T12:32:32Z	16037.00000	1554.83073	1537.85647	1524.83090
2025-09-04T12:32:32Z	16037.00000	1554.83013	1537.85562	1524.83043
2025-09-04T12:32:32Z	16037.00000	1554.82871	1537.85483	1524.83022
2025-09-04T12:32:33Z	16038.00000	1554.82841	1537.85448	1524.82991
2025-09-04T12:32:33Z	16038.00000	1554.82801	1537.85320	1524.82929
2025-09-04T12:32:33Z	16038.00000	1554.82693	1537.85246	1524.82874
2025-09-04T12:32:33Z	16038.00000	1554.82635	1537.85186	1524.82853
2025-09-04T12:32:33Z	16038.00000	1554.82689	1537.85109	1524.82833
2025-09-04T12:32:33Z	16038.00000	1554.82628	1537.85028	1524.82791
2025-09-04T12:32:33Z	16038.00000	1554.82439	1537.85003	1524.82772
2025-09-04T12:32:33Z	16038.00000	1554.82545	1537.84920	1524.82730
2025-09-04T12:32:34Z	16038.00000	1554.82497	1537.84909	1524.82720
2025-09-04T12:32:34Z	16039.00000	1554.82534	1537.84835	1524.82683
2025-09-04T12:32:34Z	16039.00000	1554.82517	1537.84792	1524.82654
2025-09-04T12:32:34Z	16039.00000	1554.82476	1537.84763	1524.82638
2025-09-04T12:32:34Z	16039.00000	1554.82283	1537.84738	1524.82629
2025-09-04T12:32:34Z	16039.00000	1554.82250	1537.84690	1524.82611
2025-09-04T12:32:34Z	16039.00000	1554.82385	1537.84648	1524.82595
2025-09-04T12:32:34Z	16039.00000	1554.82362	1537.84616	1524.82558
2025-09-04T12:32:34Z	16039.00000	1554.82301	1537.84556	1524.82534
2025-09-04T12:32:34Z	16039.00000	1554.82202	1537.84541	1524.82531
2025-09-04T12:32:35Z	16039.00000	1554.82279	1537.84489	1524.82511
2025-09-04T12:32:35Z	16040.00000	1554.82220	1537.84476	1524.82477
2025-09-04T12:32:35Z	16040.00000	1554.82140	1537.84447	1524.82478
2025-09-04T12:32:35Z	16040.00000	1554.82243	1537.84434	1524.82468
2025-09-04T12:32:35Z	16040.00000	1554.82127	1537.84412	1524.82454
2025-09-04T12:32:35Z	16040.00000	1554.82076	1537.84371	1524.82429
2025-09-04T12:32:35Z	16040.00000	1554.82079	1537.84354	1524.82419
2025-09-04T12:32:35Z	16040.00000	1554.82088	1537.84312	1524.82405
2025-09-04T12:32:35Z	16040.00000	1554.82071	1537.84288	1524.82393
2025-09-04T12:32:35Z	16040.00000	1554.82062	1537.84259	1524.82390
2025-09-04T12:32:35Z	16040.00000	1554.82027	1537.84243	1524.82380
2025-09-04T12:32:36Z	16041.00000	1554.82101	1537.84213	1524.82367
2025-09-04T12:32:36Z	16041.00000	1555.00315	1538.08989	1524.98082
2025-09-04T12:32:36Z	16041.00000	1555.26882	1538.48216	1525.22077
2025-09-04T12:32:36Z	16041.00000	1555.51815	1538.82239	1525.42532
2025-09-04T12:32:36Z	16041.00000	1555.68445	1539.05077	1525.56655
2025-09-04T12:32:36Z	16041.00000	1555.85051	1539.27146	1525.70027
2025-09-04T12:32:36Z	16041.00000	1556.02232	1539.52050	1525.84976
2025-09-04T12:32:36Z	16041.00000	1556.19183	1539.75496	1525.99336
2025-09-04T12:32:36Z	16041.00000	1556.35463	1539.97979	1526.13131
2025-09-04T12:32:37Z	16041.00000	1556.54310	1540.27246	1526.30729
2025-09-04T12:32:37Z	16042.00000	1556.73517	1540.54159	1526.46714
2025-09-04T12:32:37Z	16042.00000	1557.04514	1540.97600	1526.72711
2025-09-04T12:32:37Z	16042.00000	1557.35711	1541.39042	1526.96974
2025-09-04T12:32:37Z	16042.00000	1557.49794	1541.58780	1527.08961
2025-09-04T12:32:37Z	16042.00000	1557.69984	1541.87335	1527.25828
2025-09-04T12:32:37Z	16042.00000	1557.77305	1541.99272	1527.32697
2025-09-04T12:32:37Z	16042.00000	1557.86552	1542.10020	1527.39068
2025-09-04T12:32:38Z	16043.00000	1557.93561	1542.22248	1527.46159
2025-09-04T12:32:38Z	16043.00000	1558.03737	1542.34958	1527.53484
2025-09-04T12:32:38Z	16043.00000	1558.11050	1542.46265	1527.60356
2025-09-04T12:32:38Z	16043.00000	1558.19718	1542.56618	1527.66214
2025-09-04T12:32:38Z	16043.00000	1558.22050	1542.63198	1527.69882
2025-09-04T12:32:38Z	16043.00000	1558.30759	1542.73375	1527.75838
2025-09-04T12:32:38Z	16043.00000	1558.37887	1542.84193	1527.82422
2025-09-04T12:32:38Z	16043.00000	1558.39193	1542.87458	1527.84330
2025-09-04T12:32:39Z	16043.00000	1558.41956	1542.90871	1527.86273
2025-09-04T12:32:39Z	16044.00000	1558.45020	1542.94038	1527.88095
2025-09-04T12:32:39Z	16044.00000	1558.46751	1542.95876	1527.89148
2025-09-04T12:32:39Z	16044.00000	1558.48356	1542.97514	1527.90085
2025-09-04T12:32:39Z	16044.00000	1558.49917	1542.99155	1527.91022
2025-09-04T12:32:39Z	16044.00000	1558.51124	1543.00539	1527.91833
2025-09-04T12:32:39Z	16044.00000	1558.52401	1543.02077	1527.92759
2025-09-04T12:32:39Z	16044.00000	1558.53030	1543.03227	1527.93413
2025-09-04T12:32:39Z	16044.00000	1558.53445	1543.04161	1527.93984
2025-09-04T12:32:39Z	16044.00000	1558.53673	1543.04743	1527.94325
2025-09-04T12:32:39Z	16044.00000	1558.53878	1543.05377	1527.94694
2025-09-04T12:32:40Z	16045.00000	1556.59202	1540.35705	1526.33049
2025-09-04T12:32:40Z	16045.00000	1556.15162	1539.71809	1525.94452
2025-09-04T12:32:40Z	16045.00000	1555.84662	1539.28110	1525.69192
2025-09-04T12:32:40Z	16045.00000	1555.56688	1538.91947	1525.47606
2025-09-04T12:32:40Z	16045.00000	1555.38238	1538.66358	1525.32416
2025-09-04T12:32:40Z	16045.00000	1555.19004	1538.38229	1525.15607
2025-09-04T12:32:40Z	16045.00000	1554.91319	1537.99003	1524.91274
2025-09-04T12:32:40Z	16045.00000	1554.84119	1537.87915	1524.84085
2025-09-04T12:32:41Z	16045.00000	1554.83869	1537.87553	1524.84237
2025-09-04T12:32:41Z	16046.00000	1554.83745	1537.87084	1524.83792
2025-09-04T12:32:41Z	16046.00000	1554.83581	1537.86861	1524.83749
2025-09-04T12:32:41Z	16046.00000	1554.83563	1537.86745	1524.83738
2025-09-04T12:32:41Z	16046.00000	1554.83467	1537.86492	1524.83571
2025-09-04T12:32:41Z	16046.00000	1554.83400	1537.86338	1524.83505
2025-09-04T12:32:41Z	16046.00000	1554.83338	1537.86260	1524.83442
2025-09-04T12:32:41Z	16046.00000	1554.83297	1537.86132	1524.83385
2025-09-04T12:32:41Z	16046.00000	1554.83204	1537.86013	1524.83324
2025-09-04T12:32:41Z	16046.00000	1554.83195	1537.85896	1524.83282
2025-09-04T12:32:42Z	16046.00000	1554.83107	1537.85835	1524.83246
2025-09-04T12:32:42Z	16047.00000	1554.83047	1537.85742	1524.83234
2025-09-04T12:32:42Z	16047.00000	1554.83052	1537.85643	1524.83139
2025-09-04T12:32:42Z	16047.00000	1554.83009	1537.85569	1524.83093
2025-09-04T12:32:42Z	16047.00000	1554.82701	1537.85558	1524.83105
2025-09-04T12:32:42Z	16047.00000	1554.82898	1537.85458	1524.83040
2025-09-04T12:32:42Z	16047.00000	1554.82826	1537.85390	1524.83020
2025-09-04T12:32:42Z	16047.00000	1554.82847	1537.85328	1524.82978
2025-09-04T12:32:42Z	16047.00000	1554.82814	1537.85286	1524.82958
2025-09-04T12:32:42Z	16047.00000	1554.82796	1537.85259	1524.82942
2025-09-04T12:32:43Z	16047.00000	1554.82738	1537.85182	1524.82909
2025-09-04T12:32:43Z	16048.00000	1554.82517	1537.85097	1524.82864
2025-09-04T12:32:43Z	16048.00000	1554.82732	1537.85076	1524.82844
2025-09-04T12:32:43Z	16048.00000	1554.82467	1537.85008	1524.82813
2025-09-04T12:32:43Z	16048.00000	1554.82597	1537.84984	1524.82800
2025-09-04T12:32:43Z	16048.00000	1554.82589	1537.84953	1524.82777
2025-09-04T12:32:43Z	16048.00000	1554.82543	1537.84875	1524.82756
2025-09-04T12:32:43Z	16048.00000	1554.82545	1537.84855	1524.82731
2025-09-04T12:32:43Z	16048.00000	1554.82547	1537.84819	1524.82685
2025-09-04T12:32:44Z	16048.00000	1554.82538	1537.84771	1524.82700
2025-09-04T12:32:44Z	16049.00000	1554.82326	1537.84738	1524.82660
2025-09-04T12:32:44Z	16049.00000	1554.82308	1537.84738	1524.82673
2025-09-04T12:32:44Z	16049.00000	1554.82450	1537.84666	1524.82639
2025-09-04T12:32:44Z	16049.00000	1554.82271	1537.84649	1524.82610
2025-09-04T12:32:44Z	16049.00000	1554.82398	1537.84612	1524.82620
2025-09-04T12:32:44Z	16049.00000	1554.82253	1537.84588	1524.82602
2025-09-04T12:32:44Z	16049.00000	1554.82363	1537.84569	1524.82562
2025-09-04T12:32:44Z	16049.00000	1554.82372	1537.84539	1524.82550
2025-09-04T12:32:44Z	16049.00000	1554.82323	1537.84516	1524.82550
2025-09-04T12:32:44Z	16049.00000	1554.82182	1537.84489	1524.82542
2025-09-04T12:32:45Z	16050.00000	1554.82257	1537.84453	1524.82514
2025-09-04T12:32:45Z	16050.00000	1554.83716	1537.86985	1524.83910
2025-09-04T12:32:45Z	16050.00000	1555.09743	1538.24130	1525.06895
2025-09-04T12:32:45Z	16050.00000	1555.39121	1538.66391	1525.33257
2025-09-04T12:32:45Z	16050.00000	1555.64434	1538.99298	1525.53272
2025-09-04T12:32:45Z	16050.00000	1556.01710	1539.50666	1525.84183
2025-09-04T12:32:45Z	16050.00000	1556.18804	1539.74474	1525.98680
2025-09-04T12:32:46Z	16051.00000	1556.52962	1540.23363	1526.28242
2025-09-04T12:32:46Z	16051.00000	1556.65417	1540.40275	1526.38251
2025-09-04T12:32:46Z	16051.00000	1556.79805	1540.61026	1526.50861
2025-09-04T12:32:46Z	16051.00000	1556.99814	1540.88094	1526.67122
2025-09-04T12:32:46Z	16051.00000	1557.12537	1541.07578	1526.78480
2025-09-04T12:32:46Z	16051.00000	1557.25399	1541.27133	1526.90089
2025-09-04T12:32:46Z	16051.00000	1557.42466	1541.50907	1527.04231
2025-09-04T12:32:46Z	16051.00000	1557.55711	1541.70192	1527.15334
2025-09-04T12:32:46Z	16051.00000	1557.70208	1541.87641	1527.26081
2025-09-04T12:32:47Z	16051.00000	1557.79875	1542.01744	1527.34157
2025-09-04T12:32:47Z	16052.00000	1557.91045	1542.19154	1527.44420
2025-09-04T12:32:47Z	16052.00000	1558.00028	1542.28694	1527.49970
2025-09-04T12:32:47Z	16052.00000	1558.04851	1542.37905	1527.55324
2025-09-04T12:32:47Z	16052.00000	1558.15459	1542.50718	1527.63018
2025-09-04T12:32:47Z	16052.00000	1558.21771	1542.62109	1527.69363
2025-09-04T12:32:47Z	16052.00000	1558.27592	1542.69536	1527.73606
2025-09-04T12:32:47Z	16052.00000	1558.33707	1542.75906	1527.77476
2025-09-04T12:32:47Z	16052.00000	1558.37348	1542.82090	1527.81259
2025-09-04T12:32:47Z	16052.00000	1558.39351	1542.87336	1527.84302
2025-09-04T12:32:48Z	16052.00000	1558.42507	1542.91024	1527.86449
2025-09-04T12:32:48Z	16053.00000	1558.44935	1542.93530	1527.87857
2025-09-04T12:32:48Z	16053.00000	1558.47377	1542.96091	1527.89300
2025-09-04T12:32:48Z	16053.00000	1558.49740	1542.98502	1527.90669
2025-09-04T12:32:48Z	16053.00000	1558.51311	1543.00256	1527.91747
2025-09-04T12:32:48Z	16053.00000	1558.52606	1543.01908	1527.92701
2025-09-04T12:32:48Z	16053.00000	1558.53201	1543.03116	1527.93409
2025-09-04T12:32:48Z	16053.00000	1558.53581	1543.04129	1527.94005
2025-09-04T12:32:48Z	16053.00000	1558.53921	1543.05170	1527.94590
2025-09-04T12:32:48Z	16053.00000	1558.54180	1543.05891	1527.95063
2025-09-04T12:32:49Z	16053.00000	1558.54401	1543.06572	1527.95426
2025-09-04T12:32:49Z	16054.00000	1558.54541	1543.07045	1527.95734
2025-09-04T12:32:49Z	16054.00000	1556.58827	1540.35976	1526.33503
2025-09-04T12:32:49Z	16054.00000	1555.96003	1539.45105	1525.79050
2025-09-04T12:32:49Z	16054.00000	1555.72782	1539.14917	1525.61237
2025-09-04T12:32:49Z	16054.00000	1555.51956	1538.83782	1525.42680
2025-09-04T12:32:49Z	16054.00000	1555.32398	1538.54720	1525.25545
2025-09-04T12:32:49Z	16054.00000	1555.09363	1538.24139	1525.06591
2025-09-04T12:32:49Z	16054.00000	1554.91400	1537.99068	1524.91316
2025-09-04T12:32:50Z	16054.00000	1554.84017	1537.87967	1524.84464
2025-09-04T12:32:50Z	16055.00000	1554.83923	1537.87611	1524.84318
2025-09-04T12:32:50Z	16055.00000	1554.83470	1537.87325	1524.84111
2025-09-04T12:32:50Z	16055.00000	1554.83642	1537.86984	1524.83915
2025-09-04T12:32:50Z	16055.00000	1554.83626	1537.86841	1524.83814
2025-09-04T12:32:50Z	16055.00000	1554.83595	1537.86665	1524.83706
2025-09-04T12:32:50Z	16055.00000	1554.83540	1537.86505	1524.83615
2025-09-04T12:32:50Z	16055.00000	1554.83452	1537.86395	1524.83544
2025-09-04T12:32:50Z	16055.00000	1554.83359	1537.86140	1524.83411
2025-09-04T12:32:51Z	16055.00000	1554.83086	1537.86036	1524.83358
2025-09-04T12:32:51Z	16056.00000	1554.83213	1537.85970	1524.83362
2025-09-04T12:32:51Z	16056.00000	1554.83165	1537.85880	1524.83303
2025-09-04T12:32:51Z	16056.00000	1554.83188	1537.85786	1524.83242
2025-09-04T12:32:51Z	16056.00000	1554.82942	1537.85660	1524.83162
2025-09-04T12:32:51Z	16056.00000	1554.83029	1537.85576	1524.83159
2025-09-04T12:32:51Z	16056.00000	1554.82694	1537.85456	1524.83077
2025-09-04T12:32:51Z	16056.00000	1554.82936	1537.85394	1524.83039
2025-09-04T12:32:51Z	16056.00000	1554.82886	1537.85379	1524.83035
2025-09-04T12:32:52Z	16057.00000	1554.82805	1537.85323	1524.82991
2025-09-04T12:32:52Z	16057.00000	1554.82802	1537.85272	1524.82958
2025-09-04T12:32:52Z	16057.00000	1554.82839	1537.85218	1524.82950
2025-09-04T12:32:52Z	16057.00000	1554.82791	1537.85163	1524.82932
2025-09-04T12:32:52Z	16057.00000	1554.82755	1537.85123	1524.82909
2025-09-04T12:32:52Z	16057.00000	1554.82633	1537.85101	1524.82881
2025-09-04T12:32:52Z	16057.00000	1554.82614	1537.85053	1524.82854
2025-09-04T12:32:52Z	16057.00000	1554.82704	1537.85009	1524.82833
2025-09-04T12:32:52Z	16057.00000	1554.82478	1537.84970	1524.82805
2025-09-04T12:32:53Z	16057.00000	1554.82653	1537.84914	1524.82782
2025-09-04T12:32:53Z	16058.00000	1554.82414	1537.84881	1524.82764
2025-09-04T12:32:53Z	16058.00000	1554.82524	1537.84885	1524.82770
2025-09-04T12:32:53Z	16058.00000	1554.82571	1537.84884	1524.82767
2025-09-04T12:32:53Z	16058.00000	1554.82547	1537.84833	1524.82725
2025-09-04T12:32:53Z	16058.00000	1554.82546	1537.84773	1524.82700
2025-09-04T12:32:53Z	16058.00000	1554.82479	1537.84734	1524.82680
2025-09-04T12:32:53Z	16058.00000	1554.82492	1537.84703	1524.82661
2025-09-04T12:32:53Z	16058.00000	1554.82453	1537.84650	1524.82640
2025-09-04T12:32:54Z	16058.00000	1554.82418	1537.84627	1524.82625
2025-09-04T12:32:54Z	16059.00000	1554.82367	1537.84623	1524.82630
2025-09-04T12:32:54Z	16059.00000	1554.90636	1537.97497	1524.90361
2025-09-04T12:32:54Z	16059.00000	1555.09318	1538.23424	1525.06734
2025-09-04T12:32:54Z	16059.00000	1555.52868	1538.85075	1525.44361
2025-09-04T12:32:54Z	16059.00000	1555.71779	1539.11944	1525.60612
2025-09-04T12:32:54Z	16059.00000	1555.91028	1539.37630	1525.76495
2025-09-04T12:32:54Z	16059.00000	1556.15416	1539.69725	1525.95633
2025-09-04T12:32:54Z	16059.00000	1556.37551	1540.03622	1526.16331
2025-09-04T12:32:55Z	16059.00000	1556.53837	1540.25780	1526.29787
2025-09-04T12:32:55Z	16060.00000	1556.69610	1540.46150	1526.41776
2025-09-04T12:32:55Z	16060.00000	1556.87653	1540.73510	1526.58106
2025-09-04T12:32:55Z	16060.00000	1557.03230	1540.93595	1526.70343
2025-09-04T12:32:55Z	16060.00000	1557.14715	1541.09975	1526.79870
2025-09-04T12:32:55Z	16060.00000	1557.28029	1541.29965	1526.91688
2025-09-04T12:32:55Z	16060.00000	1557.44615	1541.53075	1527.05581
2025-09-04T12:32:55Z	16060.00000	1557.59950	1541.74957	1527.18188
2025-09-04T12:32:55Z	16060.00000	1557.73349	1541.94609	1527.30083
2025-09-04T12:32:56Z	16060.00000	1557.87476	1542.12241	1527.40407
2025-09-04T12:32:56Z	16061.00000	1557.94040	1542.22409	1527.46292
2025-09-04T12:32:56Z	16061.00000	1558.03989	1542.35280	1527.53775
2025-09-04T12:32:56Z	16061.00000	1558.11864	1542.46713	1527.60734
2025-09-04T12:32:56Z	16061.00000	1558.19611	1542.55960	1527.65888
2025-09-04T12:32:56Z	16061.00000	1558.26714	1542.68652	1527.73075
2025-09-04T12:32:56Z	16061.00000	1558.34397	1542.76835	1527.78039
2025-09-04T12:32:56Z	16061.00000	1558.37527	1542.82722	1527.81607
2025-09-04T12:32:56Z	16061.00000	1558.39186	1542.87040	1527.84118
2025-09-04T12:32:57Z	16061.00000	1558.43170	1542.91731	1527.86816
2025-09-04T12:32:57Z	16062.00000	1558.46259	1542.94876	1527.88614
2025-09-04T12:32:57Z	16062.00000	1558.48962	1542.97737	1527.90213
2025-09-04T12:32:57Z	16062.00000	1558.50793	1542.99708	1527.91374
2025-09-04T12:32:57Z	16062.00000	1558.52230	1543.01352	1527.92318
2025-09-04T12:32:57Z	16062.00000	1558.52951	1543.02581	1527.93045
2025-09-04T12:32:57Z	16062.00000	1558.53684	1543.04343	1527.94110
2025-09-04T12:32:57Z	16062.00000	1558.53909	1543.05091	1527.94527
2025-09-04T12:32:57Z	16062.00000	1558.54092	1543.05697	1527.94873
2025-09-04T12:32:58Z	16063.00000	1558.46580	1542.92453	1527.89662
2025-09-04T12:32:58Z	16063.00000	1556.43059	1540.13184	1526.20314
2025-09-04T12:32:58Z	16063.00000	1556.12161	1539.68173	1525.92442
2025-09-04T12:32:58Z	16063.00000	1555.83326	1539.26304	1525.68145
2025-09-04T12:32:58Z	16063.00000	1555.62046	1538.97973	1525.51416
2025-09-04T12:32:58Z	16063.00000	1555.43295	1538.72017	1525.35732
2025-09-04T12:32:58Z	16063.00000	1555.22494	1538.43572	1525.18790
2025-09-04T12:32:58Z	16063.00000	1555.01983	1538.13845	1525.00537
2025-09-04T12:32:58Z	16063.00000	1554.84938	1537.90330	1524.85790
2025-09-04T12:32:59Z	16063.00000	1554.83857	1537.87536	1524.84168
2025-09-04T12:32:59Z	16064.00000	1554.83850	1537.87304	1524.84011
2025-09-04T12:32:59Z	16064.00000	1554.83688	1537.87013	1524.83908
2025-09-04T12:32:59Z	16064.00000	1554.83668	1537.86850	1524.83811
2025-09-04T12:32:59Z	16064.00000	1554.83574	1537.86554	1524.83655
2025-09-04T12:32:59Z	16064.00000	1554.83465	1537.86385	1524.83556
2025-09-04T12:32:59Z	16064.00000	1554.83464	1537.86256	1524.83488
2025-09-04T12:32:59Z	16064.00000	1554.83349	1537.86107	1524.83440
2025-09-04T12:33:00Z	16065.00000	1554.83283	1537.86037	1524.83396
2025-09-04T12:33:00Z	16065.00000	1554.83228	1537.85946	1524.83336
2025-09-04T12:33:00Z	16065.00000	1554.83212	1537.85791	1524.83243
2025-09-04T12:33:00Z	16065.00000	1554.83165	1537.85738	1524.83251
2025-09-04T12:33:00Z	16065.00000	1554.83124	1537.85688	1524.83202
2025-09-04T12:33:00Z	16065.00000	1554.83101	1537.85603	1524.83168
2025-09-04T12:33:00Z	16065.00000	1554.83046	1537.85529	1524.83127
2025-09-04T12:33:00Z	16065.00000	1554.82697	1537.85491	1524.83114
2025-09-04T12:33:01Z	16066.00000	1554.82979	1537.85390	1524.83040
2025-09-04T12:33:01Z	16066.00000	1554.82927	1537.85308	1524.82998
2025-09-04T12:33:01Z	16066.00000	1554.82633	1537.85271	1524.82987
2025-09-04T12:33:01Z	16066.00000	1554.82864	1537.85243	1524.82962
2025-09-04T12:33:01Z	16066.00000	1554.82748	1537.85159	1524.82921
2025-09-04T12:33:01Z	16066.00000	1554.82841	1537.85139	1524.82900
2025-09-04T12:33:01Z	16066.00000	1554.82765	1537.85098	1524.82881
2025-09-04T12:33:01Z	16066.00000	1554.82746	1537.85080	1524.82862
2025-09-04T12:33:01Z	16066.00000	1554.82613	1537.85028	1524.82838
2025-09-04T12:33:02Z	16067.00000	1554.82715	1537.84991	1524.82819
2025-09-04T12:33:02Z	16067.00000	1554.82666	1537.84897	1524.82791
2025-09-04T12:33:02Z	16067.00000	1554.82422	1537.84903	1524.82764
2025-09-04T12:33:02Z	16067.00000	1554.82582	1537.84832	1524.82769
2025-09-04T12:33:02Z	16067.00000	1554.82577	1537.84835	1524.82720
2025-09-04T12:33:02Z	16067.00000	1554.82503	1537.84782	1524.82717
2025-09-04T12:33:02Z	16067.00000	1554.82345	1537.84743	1524.82702
2025-09-04T12:33:03Z	16067.00000	1554.82476	1537.84697	1524.82677
2025-09-04T12:33:03Z	16068.00000	1554.94451	1538.02716	1524.94402
2025-09-04T12:33:03Z	16068.00000	1555.15728	1538.30968	1525.11736
2025-09-04T12:33:03Z	16068.00000	1555.36494	1538.62806	1525.31004
2025-09-04T12:33:03Z	16068.00000	1555.65225	1539.00021	1525.53658
2025-09-04T12:33:03Z	16068.00000	1555.86547	1539.31081	1525.72356
2025-09-04T12:33:03Z	16068.00000	1556.03734	1539.56120	1525.87357
2025-09-04T12:33:03Z	16068.00000	1556.26280	1539.86700	1526.06252
2025-09-04T12:33:03Z	16068.00000	1556.48552	1540.16430	1526.23956
2025-09-04T12:33:04Z	16068.00000	1556.65788	1540.40487	1526.38428
2025-09-04T12:33:04Z	16069.00000	1556.85797	1540.68314	1526.55092
2025-09-04T12:33:04Z	16069.00000	1557.03869	1540.95458	1526.71475
2025-09-04T12:33:04Z	16069.00000	1557.16345	1541.11756	1526.80961
2025-09-04T12:33:04Z	16069.00000	1557.28408	1541.30401	1526.91923
2025-09-04T12:33:04Z	16069.00000	1557.39720	1541.47875	1527.02339
2025-09-04T12:33:04Z	16069.00000	1557.55437	1541.69608	1527.14990
2025-09-04T12:33:04Z	16069.00000	1557.79589	1542.01399	1527.33941
2025-09-04T12:33:04Z	16069.00000	1557.87446	1542.12209	1527.40392
2025-09-04T12:33:05Z	16070.00000	1557.97576	1542.26118	1527.48463
2025-09-04T12:33:05Z	16070.00000	1558.04546	1542.36973	1527.54787
2025-09-04T12:33:05Z	16070.00000	1558.11686	1542.46596	1527.60608
2025-09-04T12:33:05Z	16070.00000	1558.20495	1542.58348	1527.67209
2025-09-04T12:33:05Z	16070.00000	1558.25370	1542.67191	1527.72216
2025-09-04T12:33:05Z	16070.00000	1558.32407	1542.74642	1527.76706
2025-09-04T12:33:05Z	16070.00000	1558.36255	1542.79292	1527.79565
2025-09-04T12:33:05Z	16070.00000	1558.40522	1542.88225	1527.84837
2025-09-04T12:33:05Z	16070.00000	1558.42614	1542.91113	1527.86487
2025-09-04T12:33:06Z	16071.00000	1558.46684	1542.95311	1527.88896
2025-09-04T12:33:06Z	16071.00000	1558.49441	1542.98132	1527.90486
2025-09-04T12:33:06Z	16071.00000	1558.50817	1542.99517	1527.91319
2025-09-04T12:33:06Z	16071.00000	1558.52100	1543.01227	1527.92293
2025-09-04T12:33:06Z	16071.00000	1558.52905	1543.02423	1527.93002
2025-09-04T12:33:06Z	16071.00000	1558.53189	1543.04059	1527.93992
2025-09-04T12:33:06Z	16071.00000	1558.53835	1543.04822	1527.94408
2025-09-04T12:33:06Z	16071.00000	1558.54067	1543.05496	1527.94833
2025-09-04T12:33:06Z	16071.00000	1558.54196	1543.06000	1527.95113
2025-09-04T12:33:07Z	16072.00000	1556.68909	1540.46263	1526.38930
2025-09-04T12:33:07Z	16072.00000	1556.20273	1539.80856	1526.00052
2025-09-04T12:33:07Z	16072.00000	1555.96711	1539.45784	1525.79425
2025-09-04T12:33:07Z	16072.00000	1555.70386	1539.11665	1525.59325
2025-09-04T12:33:07Z	16072.00000	1555.47288	1538.76482	1525.38354
2025-09-04T12:33:07Z	16072.00000	1555.26474	1538.47967	1525.21519
2025-09-04T12:33:07Z	16072.00000	1555.03762	1538.17254	1525.02589
2025-09-04T12:33:07Z	16072.00000	1554.86029	1537.92582	1524.87252
2025-09-04T12:33:07Z	16072.00000	1554.84253	1537.88041	1524.84310
2025-09-04T12:33:08Z	16072.00000	1554.83978	1537.87432	1524.84008
2025-09-04T12:33:08Z	16073.00000	1554.83844	1537.87216	1524.83951
2025-09-04T12:33:08Z	16073.00000	1554.83715	1537.87030	1524.83925
2025-09-04T12:33:08Z	16073.00000	1554.83686	1537.86857	1524.83864
2025-09-04T12:33:08Z	16073.00000	1554.83613	1537.86691	1524.83743
2025-09-04T12:33:08Z	16073.00000	1554.83535	1537.86582	1524.83709
2025-09-04T12:33:08Z	16073.00000	1554.83524	1537.86432	1524.83609
2025-09-04T12:33:08Z	16073.00000	1554.83476	1537.86305	1524.83519
2025-09-04T12:33:08Z	16073.00000	1554.83466	1537.86193	1524.83477
2025-09-04T12:33:08Z	16073.00000	1554.83350	1537.86140	1524.83475
2025-09-04T12:33:09Z	16073.00000	1554.83300	1537.86090	1524.83441
2025-09-04T12:33:09Z	16074.00000	1554.83282	1537.85912	1524.83346
2025-09-04T12:33:09Z	16074.00000	1554.83225	1537.85832	1524.83283
2025-09-04T12:33:09Z	16074.00000	1554.83177	1537.85733	1524.83235
2025-09-04T12:33:09Z	16074.00000	1554.83178	1537.85733	1524.83248
2025-09-04T12:33:09Z	16074.00000	1554.83180	1537.85628	1524.83203
2025-09-04T12:33:09Z	16074.00000	1554.82938	1537.85563	1524.83152
2025-09-04T12:33:09Z	16074.00000	1554.83069	1537.85550	1524.83140
2025-09-04T12:33:09Z	16074.00000	1554.83008	1537.85482	1524.83114
2025-09-04T12:33:10Z	16074.00000	1554.82990	1537.85406	1524.83071
2025-09-04T12:33:10Z	16075.00000	1554.82983	1537.85360	1524.83021
2025-09-04T12:33:10Z	16075.00000	1554.82680	1537.85314	1524.83009
2025-09-04T12:33:10Z	16075.00000	1554.82922	1537.85292	1524.83026
2025-09-04T12:33:10Z	16075.00000	1554.82843	1537.85235	1524.82977
2025-09-04T12:33:10Z	16075.00000	1554.82831	1537.85186	1524.82947
2025-09-04T12:33:10Z	16075.00000	1554.82831	1537.85140	1524.82913
2025-09-04T12:33:10Z	16075.00000	1554.82817	1537.85110	1524.82889
2025-09-04T12:33:10Z	16075.00000	1554.82767	1537.85052	1524.82880
2025-09-04T12:33:11Z	16075.00000	1554.82727	1537.85028	1524.82852
2025-09-04T12:33:11Z	16076.00000	1554.82712	1537.85010	1524.82852
2025-09-04T12:33:11Z	16076.00000	1554.82717	1537.84966	1524.82821
2025-09-04T12:33:11Z	16076.00000	1554.82696	1537.84929	1524.82791
2025-09-04T12:33:11Z	16076.00000	1554.82588	1537.84900	1524.82803
2025-09-04T12:33:11Z	16076.00000	1554.82681	1537.84861	1524.82784
2025-09-04T12:33:11Z	16076.00000	1554.82573	1537.84852	1524.82743
2025-09-04T12:33:11Z	16076.00000	1554.82421	1537.84810	1524.82749
2025-09-04T12:33:11Z	16076.00000	1554.82421	1537.84789	1524.82733
2025-09-04T12:33:11Z	16076.00000	1554.82555	1537.84774	1524.82739
2025-09-04T12:33:12Z	16077.00000	1554.82571	1537.84747	1524.82720
2025-09-04T12:33:12Z	16077.00000	1554.82519	1537.84703	1524.82685
2025-09-04T12:33:12Z	16077.00000	1554.94519	1538.02491	1524.94472
2025-09-04T12:33:12Z	16077.00000	1555.18668	1538.37071	1525.15728
2025-09-04T12:33:12Z	16077.00000	1555.36598	1538.62918	1525.30999
2025-09-04T12:33:12Z	16077.00000	1555.53991	1538.87178	1525.45584
2025-09-04T12:33:12Z	16077.00000	1555.92903	1539.39510	1525.77540
2025-09-04T12:33:12Z	16077.00000	1556.13865	1539.67972	1525.94505
2025-09-04T12:33:12Z	16077.00000	1556.26365	1539.86704	1526.06273
2025-09-04T12:33:12Z	16077.00000	1556.38672	1540.05449	1526.17417
2025-09-04T12:33:13Z	16078.00000	1556.54328	1540.26899	1526.30529
2025-09-04T12:33:13Z	16078.00000	1556.70043	1540.47194	1526.42437
2025-09-04T12:33:13Z	16078.00000	1556.86854	1540.70983	1526.56632
2025-09-04T12:33:13Z	16078.00000	1557.03705	1540.94847	1526.71111
2025-09-04T12:33:13Z	16078.00000	1557.21306	1541.20946	1526.86539
2025-09-04T12:33:13Z	16078.00000	1557.36202	1541.39602	1526.97262
2025-09-04T12:33:13Z	16078.00000	1557.45486	1541.53779	1527.06004
2025-09-04T12:33:13Z	16078.00000	1557.56272	1541.70728	1527.15617
2025-09-04T12:33:13Z	16078.00000	1557.71278	1541.90667	1527.27799
2025-09-04T12:33:14Z	16078.00000	1557.82643	1542.04528	1527.35703
2025-09-04T12:33:14Z	16079.00000	1557.90945	1542.18883	1527.44149
2025-09-04T12:33:14Z	16079.00000	1558.02270	1542.31741	1527.51564
2025-09-04T12:33:14Z	16079.00000	1558.10294	1542.45111	1527.59624
2025-09-04T12:33:14Z	16079.00000	1558.18642	1542.54379	1527.64928
2025-09-04T12:33:14Z	16079.00000	1558.25255	1542.67142	1527.72057
2025-09-04T12:33:14Z	16079.00000	1558.32403	1542.74608	1527.76562
2025-09-04T12:33:14Z	16079.00000	1558.36267	1542.79272	1527.79429
2025-09-04T12:33:14Z	16079.00000	1558.37750	1542.83316	1527.81906
2025-09-04T12:33:14Z	16079.00000	1558.39583	1542.87591	1527.84402
2025-09-04T12:33:15Z	16080.00000	1558.42696	1542.91130	1527.86421
2025-09-04T12:33:15Z	16080.00000	1558.45487	1542.94042	1527.88053
2025-09-04T12:33:15Z	16080.00000	1558.48145	1542.96784	1527.89645
2025-09-04T12:33:15Z	16080.00000	1558.50597	1542.99295	1527.91101
2025-09-04T12:33:15Z	16080.00000	1558.51998	1543.01222	1527.92214
2025-09-04T12:33:15Z	16080.00000	1558.52914	1543.02435	1527.92901
2025-09-04T12:33:15Z	16080.00000	1558.53537	1543.03859	1527.93735
2025-09-04T12:33:15Z	16080.00000	1558.53784	1543.04518	1527.94141
2025-09-04T12:33:15Z	16080.00000	1558.54046	1543.05346	1527.94627
2025-09-04T12:33:16Z	16081.00000	1558.54286	1543.06048	1527.95016
2025-09-04T12:33:16Z	16081.00000	1556.56451	1540.32398	1526.31915
2025-09-04T12:33:16Z	16081.00000	1556.22414	1539.84494	1526.03013
2025-09-04T12:33:16Z	16081.00000	1555.98982	1539.48440	1525.81194
2025-09-04T12:33:16Z	16081.00000	1555.71867	1539.13515	1525.60553
2025-09-04T12:33:16Z	16081.00000	1555.51629	1538.82626	1525.41990
2025-09-04T12:33:16Z	16081.00000	1555.35956	1538.62064	1525.29884
2025-09-04T12:33:16Z	16081.00000	1555.05955	1538.20027	1525.04205
2025-09-04T12:33:16Z	16081.00000	1554.91494	1537.98953	1524.91311
2025-09-04T12:33:16Z	16081.00000	1554.84300	1537.88384	1524.84716
2025-09-04T12:33:17Z	16082.00000	1554.83755	1537.87756	1524.84257
2025-09-04T12:33:17Z	16082.00000	1554.83932	1537.87331	1524.84030
2025-09-04T12:33:17Z	16082.00000	1554.83794	1537.87140	1524.84018
2025-09-04T12:33:17Z	16082.00000	1554.83493	1537.86914	1524.83880
2025-09-04T12:33:17Z	16082.00000	1554.83686	1537.86785	1524.83806
2025-09-04T12:33:17Z	16082.00000	1554.83649	1537.86698	1524.83761
2025-09-04T12:33:17Z	16082.00000	1554.83529	1537.86572	1524.83692
2025-09-04T12:33:17Z	16082.00000	1554.83536	1537.86387	1524.83582
2025-09-04T12:33:17Z	16082.00000	1554.83495	1537.86243	1524.83496
2025-09-04T12:33:18Z	16083.00000	1554.83309	1537.86097	1524.83469
2025-09-04T12:33:18Z	16083.00000	1554.83304	1537.86010	1524.83396
2025-09-04T12:33:18Z	16083.00000	1554.83302	1537.85902	1524.83343
2025-09-04T12:33:18Z	16083.00000	1554.83250	1537.85857	1524.83301
2025-09-04T12:33:18Z	16083.00000	1554.82880	1537.85798	1524.83323
2025-09-04T12:33:18Z	16083.00000	1554.83185	1537.85740	1524.83249
2025-09-04T12:33:18Z	16083.00000	1554.82832	1537.85657	1524.83204
2025-09-04T12:33:18Z	16083.00000	1554.83118	1537.85611	1524.83189
2025-09-04T12:33:19Z	16083.00000	1554.83043	1537.85529	1524.83162
2025-09-04T12:33:19Z	16084.00000	1554.83007	1537.85458	1524.83085
2025-09-04T12:33:19Z	16084.00000	1554.83020	1537.85421	1524.83060
2025-09-04T12:33:19Z	16084.00000	1554.82976	1537.85365	1524.83057
2025-09-04T12:33:19Z	16084.00000	1554.82889	1537.85299	1524.83033
2025-09-04T12:33:19Z	16084.00000	1554.82821	1537.85253	1524.82982
2025-09-04T12:33:19Z	16084.00000	1554.82823	1537.85208	1524.82980
2025-09-04T12:33:19Z	16084.00000	1554.82841	1537.85163	1524.82923
2025-09-04T12:33:20Z	16084.00000	1554.82587	1537.85118	1524.82910
2025-09-04T12:33:20Z	16085.00000	1554.82776	1537.85060	1524.82894
2025-09-04T12:33:20Z	16085.00000	1554.82765	1537.85055	1524.82893
2025-09-04T12:33:20Z	16085.00000	1554.82766	1537.85007	1524.82885
2025-09-04T12:33:20Z	16085.00000	1554.82754	1537.84980	1524.82851
2025-09-04T12:33:20Z	16085.00000	1554.82618	1537.84946	1524.82836
2025-09-04T12:33:20Z	16085.00000	1554.82463	1537.84915	1524.82812
2025-09-04T12:33:20Z	16085.00000	1554.82451	1537.84873	1524.82780
2025-09-04T12:33:20Z	16085.00000	1554.82461	1537.84861	1524.82785
2025-09-04T12:33:20Z	16085.00000	1554.82449	1537.84827	1524.82761
2025-09-04T12:33:21Z	16086.00000	1554.82600	1537.84803	1524.82761
2025-09-04T12:33:21Z	16086.00000	1554.84007	1537.87481	1524.84166
2025-09-04T12:33:21Z	16086.00000	1555.01889	1538.13612	1525.01385
2025-09-04T12:33:21Z	16086.00000	1555.26334	1538.47592	1525.22077
2025-09-04T12:33:21Z	16086.00000	1555.49689	1538.78306	1525.40152
2025-09-04T12:33:21Z	16086.00000	1555.73896	1539.14181	1525.61779
2025-09-04T12:33:21Z	16086.00000	1555.92967	1539.39574	1525.77584
2025-09-04T12:33:21Z	16086.00000	1556.17277	1539.71699	1525.96844
2025-09-04T12:33:21Z	16086.00000	1556.37138	1540.02401	1526.15649
2025-09-04T12:33:22Z	16086.00000	1556.53341	1540.24216	1526.28790
2025-09-04T12:33:22Z	16087.00000	1556.68778	1540.44139	1526.40517
2025-09-04T12:33:22Z	16087.00000	1556.80440	1540.61409	1526.51064
2025-09-04T12:33:22Z	16087.00000	1556.97612	1540.85367	1526.65428
2025-09-04T12:33:22Z	16087.00000	1557.11405	1541.06030	1526.77526
2025-09-04T12:33:22Z	16087.00000	1557.24227	1541.25450	1526.89098
2025-09-04T12:33:22Z	16087.00000	1557.41339	1541.49482	1527.03230
2025-09-04T12:33:22Z	16087.00000	1557.54167	1541.66079	1527.12829
2025-09-04T12:33:22Z	16087.00000	1557.68467	1541.84077	1527.23642
2025-09-04T12:33:22Z	16087.00000	1557.76679	1541.98202	1527.31897
2025-09-04T12:33:23Z	16087.00000	1557.86235	1542.08925	1527.38165
2025-09-04T12:33:23Z	16088.00000	1557.92946	1542.21155	1527.45277
2025-09-04T12:33:23Z	16088.00000	1558.02653	1542.31990	1527.51553
2025-09-04T12:33:23Z	16088.00000	1558.07412	1542.42059	1527.57526
2025-09-04T12:33:23Z	16088.00000	1558.19431	1542.55676	1527.65483
2025-09-04T12:33:23Z	16088.00000	1558.22378	1542.63510	1527.69831
2025-09-04T12:33:23Z	16088.00000	1558.27442	1542.69331	1527.73224
2025-09-04T12:33:23Z	16088.00000	1558.33493	1542.75667	1527.77058
2025-09-04T12:33:23Z	16088.00000	1558.37548	1542.82670	1527.81373
2025-09-04T12:33:23Z	16088.00000	1558.38880	1542.86365	1527.83521
2025-09-04T12:33:24Z	16088.00000	1558.41850	1542.90138	1527.85703
2025-09-04T12:33:24Z	16089.00000	1558.44783	1542.93257	1527.87479
2025-09-04T12:33:24Z	16089.00000	1558.47587	1542.96148	1527.89160
2025-09-04T12:33:24Z	16089.00000	1558.49522	1542.98158	1527.90300
2025-09-04T12:33:24Z	16089.00000	1558.50910	1542.99814	1527.91264
2025-09-04T12:33:24Z	16089.00000	1558.52183	1543.01152	1527.92035
2025-09-04T12:33:24Z	16089.00000	1558.52899	1543.02282	1527.92723
2025-09-04T12:33:24Z	16089.00000	1558.53335	1543.03321	1527.93292
2025-09-04T12:33:24Z	16089.00000	1558.53688	1543.04266	1527.93916
2025-09-04T12:33:24Z	16089.00000	1558.53926	1543.04973	1527.94324
2025-09-04T12:33:24Z	16089.00000	1558.54168	1543.05689	1527.94714
2025-09-04T12:33:25Z	16090.00000	1557.22776	1541.26123	1526.87742
2025-09-04T12:33:25Z	16090.00000	1556.21186	1539.82969	1526.01589
2025-09-04T12:33:25Z	16090.00000	1556.02246	1539.53756	1525.83797
2025-09-04T12:33:25Z	16090.00000	1555.69364	1539.08859	1525.57704
2025-09-04T12:33:25Z	16090.00000	1555.51380	1538.81976	1525.41568
2025-09-04T12:33:25Z	16090.00000	1555.33672	1538.56450	1525.26546
2025-09-04T12:33:25Z	16090.00000	1555.14031	1538.29009	1525.09814
2025-09-04T12:33:25Z	16090.00000	1554.99299	1538.07806	1524.96874
2025-09-04T12:33:25Z	16090.00000	1554.85170	1537.91067	1524.86192
2025-09-04T12:33:26Z	16090.00000	1554.84095	1537.87771	1524.84242
2025-09-04T12:33:26Z	16091.00000	1554.84017	1537.87515	1524.84198
2025-09-04T12:33:26Z	16091.00000	1554.83895	1537.87271	1524.84093
2025-09-04T12:33:26Z	16091.00000	1554.83748	1537.87049	1524.83958
2025-09-04T12:33:26Z	16091.00000	1554.83709	1537.86812	1524.83823
2025-09-04T12:33:26Z	16091.00000	1554.83663	1537.86662	1524.83763
2025-09-04T12:33:26Z	16091.00000	1554.83612	1537.86528	1524.83675
2025-09-04T12:33:26Z	16091.00000	1554.83574	1537.86390	1524.83606
2025-09-04T12:33:26Z	16091.00000	1554.83522	1537.86305	1524.83541
2025-09-04T12:33:26Z	16091.00000	1554.83437	1537.86246	1524.83531
2025-09-04T12:33:27Z	16092.00000	1554.83389	1537.86133	1524.83493
2025-09-04T12:33:27Z	16092.00000	1554.83231	1537.86020	1524.83414
2025-09-04T12:33:27Z	16092.00000	1554.83356	1537.85921	1524.83348
2025-09-04T12:33:27Z	16092.00000	1554.83301	1537.85910	1524.83376
2025-09-04T12:33:27Z	16092.00000	1554.83241	1537.85842	1524.83328
2025-09-04T12:33:27Z	16092.00000	1554.83045	1537.85754	1524.83292
2025-09-04T12:33:27Z	16092.00000	1554.82829	1537.85651	1524.83217
2025-09-04T12:33:27Z	16092.00000	1554.82829	1537.85605	1524.83218
2025-09-04T12:33:28Z	16092.00000	1554.83050	1537.85534	1524.83158
2025-09-04T12:33:28Z	16093.00000	1554.83109	1537.85473	1524.83120
2025-09-04T12:33:28Z	16093.00000	1554.83046	1537.85433	1524.83096
2025-09-04T12:33:28Z	16093.00000	1554.82971	1537.85353	1524.83071
2025-09-04T12:33:28Z	16093.00000	1554.82938	1537.85314	1524.83043
2025-09-04T12:33:28Z	16093.00000	1554.82955	1537.85284	1524.83018
2025-09-04T12:33:28Z	16093.00000	1554.82933	1537.85225	1524.82996
2025-09-04T12:33:28Z	16093.00000	1554.82863	1537.85188	1524.82963
2025-09-04T12:33:28Z	16093.00000	1554.82869	1537.85164	1524.82945
2025-09-04T12:33:29Z	16093.00000	1554.82865	1537.85115	1524.82932
2025-09-04T12:33:29Z	16094.00000	1554.82841	1537.85100	1524.82909
2025-09-04T12:33:29Z	16094.00000	1554.82793	1537.85053	1524.82894
2025-09-04T12:33:29Z	16094.00000	1554.82745	1537.84999	1524.82873
2025-09-04T12:33:29Z	16094.00000	1554.82759	1537.84995	1524.82863
2025-09-04T12:33:29Z	16094.00000	1554.82612	1537.84964	1524.82849
2025-09-04T12:33:29Z	16094.00000	1554.82493	1537.84928	1524.82794
2025-09-04T12:33:29Z	16094.00000	1554.82729	1537.84896	1524.82810
2025-09-04T12:33:29Z	16094.00000	1554.82461	1537.84855	1524.82792
2025-09-04T12:33:30Z	16094.00000	1554.82580	1537.84845	1524.82781
2025-09-04T12:33:30Z	16095.00000	1554.82701	1537.85026	1524.82854
2025-09-04T12:33:30Z	16095.00000	1555.03623	1538.16687	1525.02558
2025-09-04T12:33:30Z	16095.00000	1555.32932	1538.54944	1525.26128
2025-09-04T12:33:30Z	16095.00000	1555.55324	1538.88946	1525.46864
2025-09-04T12:33:30Z	16095.00000	1555.71626	1539.11585	1525.60356
2025-09-04T12:33:30Z	16095.00000	1555.94450	1539.41273	1525.78706
2025-09-04T12:33:30Z	16095.00000	1556.08381	1539.61858	1525.90810
2025-09-04T12:33:30Z	16095.00000	1556.21702	1539.81096	1526.02747
2025-09-04T12:33:30Z	16095.00000	1556.37841	1540.03988	1526.16510
2025-09-04T12:33:31Z	16095.00000	1556.58619	1540.32349	1526.33781
2025-09-04T12:33:31Z	16096.00000	1556.74107	1540.54275	1526.46742
2025-09-04T12:33:31Z	16096.00000	1556.91161	1540.78266	1526.60941
2025-09-04T12:33:31Z	16096.00000	1557.05393	1540.98851	1526.73381
2025-09-04T12:33:31Z	16096.00000	1557.23816	1541.24985	1526.88791
2025-09-04T12:33:31Z	16096.00000	1557.37431	1541.42910	1526.99141
2025-09-04T12:33:31Z	16096.00000	1557.52800	1541.62266	1527.10690
2025-09-04T12:33:31Z	16096.00000	1557.63038	1541.78087	1527.19883
2025-09-04T12:33:31Z	16096.00000	1557.72074	1541.92609	1527.28669
2025-09-04T12:33:32Z	16096.00000	1557.88333	1542.14790	1527.41528
2025-09-04T12:33:32Z	16097.00000	1558.01058	1542.29684	1527.50149
2025-09-04T12:33:32Z	16097.00000	1558.05840	1542.40046	1527.56236
2025-09-04T12:33:32Z	16097.00000	1558.12834	1542.47834	1527.60928
2025-09-04T12:33:32Z	16097.00000	1558.19902	1542.56605	1527.65888
2025-09-04T12:33:32Z	16097.00000	1558.23102	1542.64509	1527.70329
2025-09-04T12:33:32Z	16097.00000	1558.30264	1542.72391	1527.74952
2025-09-04T12:33:32Z	16097.00000	1558.35599	1542.78114	1527.78485
2025-09-04T12:33:32Z	16097.00000	1558.37922	1542.83784	1527.81915
2025-09-04T12:33:32Z	16097.00000	1558.40502	1542.88636	1527.84734
2025-09-04T12:33:33Z	16097.00000	1558.44526	1542.92960	1527.87246
2025-09-04T12:33:33Z	16098.00000	1558.47015	1542.95567	1527.88748
2025-09-04T12:33:33Z	16098.00000	1558.49367	1542.97978	1527.90126
2025-09-04T12:33:33Z	16098.00000	1558.50997	1542.99904	1527.91216
2025-09-04T12:33:33Z	16098.00000	1558.52047	1543.00993	1527.91862
2025-09-04T12:33:33Z	16098.00000	1558.52693	1543.01992	1527.92477
2025-09-04T12:33:33Z	16098.00000	1558.53338	1543.03294	1527.93191
2025-09-04T12:33:33Z	16098.00000	1558.53744	1543.04363	1527.93869
2025-09-04T12:33:33Z	16098.00000	1558.54135	1543.05593	1527.94577
2025-09-04T12:33:34Z	16098.00000	1556.71350	1540.53758	1526.43901
2025-09-04T12:33:34Z	16099.00000	1556.21298	1539.83153	1526.01617
2025-09-04T12:33:34Z	16099.00000	1555.94675	1539.43399	1525.78076
2025-09-04T12:33:34Z	16099.00000	1555.69546	1539.09395	1525.58028
2025-09-04T12:33:34Z	16099.00000	1555.37829	1538.65384	1525.31911
2025-09-04T12:33:34Z	16099.00000	1555.24536	1538.45749	1525.20194
2025-09-04T12:33:34Z	16099.00000	1555.05623	1538.19534	1525.03944
2025-09-04T12:33:34Z	16099.00000	1554.94177	1538.01969	1524.93215
2025-09-04T12:33:34Z	16099.00000	1554.84396	1537.88383	1524.84651
2025-09-04T12:33:35Z	16099.00000	1554.84067	1537.87573	1524.84108
2025-09-04T12:33:35Z	16100.00000	1554.83924	1537.87312	1524.84041
2025-09-04T12:33:35Z	16100.00000	1554.83840	1537.87154	1524.84006
2025-09-04T12:33:35Z	16100.00000	1554.83793	1537.87002	1524.83919
2025-09-04T12:33:35Z	16100.00000	1554.83768	1537.86819	1524.83828
2025-09-04T12:33:35Z	16100.00000	1554.83664	1537.86690	1524.83773
2025-09-04T12:33:35Z	16100.00000	1554.83642	1537.86569	1524.83694
2025-09-04T12:33:35Z	16100.00000	1554.83636	1537.86416	1524.83597
2025-09-04T12:33:35Z	16100.00000	1554.83555	1537.86324	1524.83554
2025-09-04T12:33:35Z	16100.00000	1554.83483	1537.86257	1524.83531
2025-09-04T12:33:36Z	16100.00000	1554.83410	1537.86199	1524.83512
2025-09-04T12:33:36Z	16101.00000	1554.83402	1537.86065	1524.83443
2025-09-04T12:33:36Z	16101.00000	1554.83397	1537.85995	1524.83383
2025-09-04T12:33:36Z	16101.00000	1554.83368	1537.85910	1524.83354
2025-09-04T12:33:36Z	16101.00000	1554.83315	1537.85874	1524.83340
2025-09-04T12:33:36Z	16101.00000	1554.83276	1537.85796	1524.83275
2025-09-04T12:33:36Z	16101.00000	1554.83259	1537.85719	1524.83242
2025-09-04T12:33:36Z	16101.00000	1554.83223	1537.85683	1524.83217
2025-09-04T12:33:36Z	16101.00000	1554.82996	1537.85653	1524.83216
2025-09-04T12:33:36Z	16101.00000	1554.83136	1537.85607	1524.83206
2025-09-04T12:33:37Z	16101.00000	1554.82986	1537.85566	1524.83180
2025-09-04T12:33:37Z	16102.00000	1554.83088	1537.85495	1524.83100
2025-09-04T12:33:37Z	16102.00000	1554.83098	1537.85449	1524.83090
2025-09-04T12:33:37Z	16102.00000	1554.83054	1537.85411	1524.83093
2025-09-04T12:33:37Z	16102.00000	1554.83021	1537.85383	1524.83065
2025-09-04T12:33:37Z	16102.00000	1554.83020	1537.85341	1524.83063
2025-09-04T12:33:37Z	16102.00000	1554.82995	1537.85298	1524.83021
2025-09-04T12:33:37Z	16102.00000	1554.82991	1537.85274	1524.83029
2025-09-04T12:33:37Z	16102.00000	1554.82966	1537.85222	1524.82969
2025-09-04T12:33:37Z	16102.00000	1554.82930	1537.85189	1524.82954
2025-09-04T12:33:38Z	16102.00000	1554.82924	1537.85151	1524.82953
2025-09-04T12:33:38Z	16103.00000	1554.82900	1537.85128	1524.82929
2025-09-04T12:33:38Z	16103.00000	1554.82596	1537.85098	1524.82894
2025-09-04T12:33:38Z	16103.00000	1554.82843	1537.85064	1524.82895
2025-09-04T12:33:38Z	16103.00000	1554.82812	1537.85013	1524.82873
2025-09-04T12:33:38Z	16103.00000	1554.82572	1537.84984	1524.82851
2025-09-04T12:33:38Z	16103.00000	1554.82848	1537.84973	1524.82824
2025-09-04T12:33:38Z	16103.00000	1554.82814	1537.84939	1524.82819
2025-09-04T12:33:38Z	16103.00000	1554.82683	1537.84925	1524.82807
2025-09-04T12:33:38Z	16103.00000	1554.82754	1537.84894	1524.82802
2025-09-04T12:33:39Z	16103.00000	1554.82728	1537.84855	1524.82772
2025-09-04T12:33:39Z	16104.00000	1554.82736	1537.84801	1524.82770
2025-09-04T12:33:39Z	16104.00000	1555.16057	1538.31425	1525.11820
2025-09-04T12:33:39Z	16104.00000	1555.36753	1538.63173	1525.31172
2025-09-04T12:33:39Z	16104.00000	1555.57522	1538.91290	1525.48136
2025-09-04T12:33:39Z	16104.00000	1555.81858	1539.22368	1525.66921
2025-09-04T12:33:39Z	16104.00000	1555.96521	1539.43510	1525.79945
2025-09-04T12:33:39Z	16104.00000	1556.09935	1539.63536	1525.91791
2025-09-04T12:33:39Z	16104.00000	1556.26463	1539.86680	1526.06204
2025-09-04T12:33:40Z	16105.00000	1556.56634	1540.30064	1526.32433
2025-09-04T12:33:40Z	16105.00000	1556.76972	1540.57415	1526.48640
2025-09-04T12:33:40Z	16105.00000	1556.94381	1540.81666	1526.63091
2025-09-04T12:33:40Z	16105.00000	1557.07919	1541.01988	1526.75196
2025-09-04T12:33:40Z	16105.00000	1557.23437	1541.24415	1526.88406
2025-09-04T12:33:40Z	16105.00000	1557.37334	1541.42631	1526.98890
2025-09-04T12:33:40Z	16105.00000	1557.50535	1541.59060	1527.08858
2025-09-04T12:33:40Z	16105.00000	1557.57960	1541.72609	1527.16477
2025-09-04T12:33:40Z	16105.00000	1557.70999	1541.89832	1527.27023
2025-09-04T12:33:41Z	16106.00000	1557.88094	1542.14164	1527.41135
2025-09-04T12:33:41Z	16106.00000	1557.97204	1542.25654	1527.47807
2025-09-04T12:33:41Z	16106.00000	1558.05501	1542.39405	1527.55810
2025-09-04T12:33:41Z	16106.00000	1558.14011	1542.49037	1527.61600
2025-09-04T12:33:41Z	16106.00000	1558.21671	1542.61745	1527.68730
2025-09-04T12:33:41Z	16106.00000	1558.26032	1542.67772	1527.72137
2025-09-04T12:33:41Z	16106.00000	1558.32060	1542.74163	1527.76008
2025-09-04T12:33:41Z	16106.00000	1558.36530	1542.79791	1527.79450
2025-09-04T12:33:41Z	16106.00000	1558.39111	1542.86825	1527.83660
2025-09-04T12:33:42Z	16107.00000	1558.43688	1542.92056	1527.86680
2025-09-04T12:33:42Z	16107.00000	1558.47642	1542.96209	1527.89061
2025-09-04T12:33:42Z	16107.00000	1558.49526	1542.98049	1527.90123
2025-09-04T12:33:42Z	16107.00000	1558.50835	1542.99676	1527.91038
2025-09-04T12:33:42Z	16107.00000	1558.52091	1543.00961	1527.91768
2025-09-04T12:33:42Z	16107.00000	1558.53030	1543.02568	1527.92730
2025-09-04T12:33:42Z	16107.00000	1558.53473	1543.03694	1527.93365
2025-09-04T12:33:42Z	16107.00000	1558.53674	1543.04248	1527.93716
2025-09-04T12:33:43Z	16107.00000	1558.53913	1543.04851	1527.94094
2025-09-04T12:33:43Z	16108.00000	1558.44795	1542.90390	1527.88189
2025-09-04T12:33:43Z	16108.00000	1556.43687	1540.13363	1526.20317
2025-09-04T12:33:43Z	16108.00000	1556.12174	1539.67977	1525.92180
2025-09-04T12:33:43Z	16108.00000	1555.87266	1539.34405	1525.72903
2025-09-04T12:33:43Z	16108.00000	1555.57995	1538.92953	1525.48234
2025-09-04T12:33:43Z	16108.00000	1555.36378	1538.62996	1525.30486
2025-09-04T12:33:43Z	16108.00000	1555.18117	1538.35363	1525.13832
2025-09-04T12:33:43Z	16108.00000	1554.97963	1538.06077	1524.95799
2025-09-04T12:33:44Z	16108.00000	1554.84177	1537.88080	1524.84366
2025-09-04T12:33:44Z	16109.00000	1554.84191	1537.87801	1524.84379
2025-09-04T12:33:44Z	16109.00000	1554.84044	1537.87471	1524.84169
2025-09-04T12:33:44Z	16109.00000	1554.83882	1537.87219	1524.84063
2025-09-04T12:33:44Z	16109.00000	1554.83394	1537.86963	1524.83907
2025-09-04T12:33:44Z	16109.00000	1554.83756	1537.86825	1524.83831
2025-09-04T12:33:44Z	16109.00000	1554.83694	1537.86691	1524.83797
2025-09-04T12:33:44Z	16109.00000	1554.83659	1537.86567	1524.83689
2025-09-04T12:33:44Z	16109.00000	1554.83628	1537.86411	1524.83617
2025-09-04T12:33:44Z	16109.00000	1554.83593	1537.86348	1524.83562
2025-09-04T12:33:45Z	16109.00000	1554.83511	1537.86268	1524.83557
2025-09-04T12:33:45Z	16110.00000	1554.83445	1537.86215	1524.83548
2025-09-04T12:33:45Z	16110.00000	1554.83425	1537.86121	1524.83486
2025-09-04T12:33:45Z	16110.00000	1554.83395	1537.86019	1524.83396
2025-09-04T12:33:45Z	16110.00000	1554.83393	1537.85954	1524.83384
2025-09-04T12:33:45Z	16110.00000	1554.83318	1537.85852	1524.83327
2025-09-04T12:33:45Z	16110.00000	1554.83322	1537.85829	1524.83311
2025-09-04T12:33:45Z	16110.00000	1554.83140	1537.85754	1524.83261
2025-09-04T12:33:45Z	16110.00000	1554.83260	1537.85689	1524.83243
2025-09-04T12:33:45Z	16110.00000	1554.83202	1537.85645	1524.83231
2025-09-04T12:33:46Z	16110.00000	1554.83174	1537.85563	1524.83193
2025-09-04T12:33:46Z	16111.00000	1554.83171	1537.85486	1524.83135
2025-09-04T12:33:46Z	16111.00000	1554.82956	1537.85467	1524.83104
2025-09-04T12:33:46Z	16111.00000	1554.82901	1537.85426	1524.83109
2025-09-04T12:33:46Z	16111.00000	1554.83073	1537.85369	1524.83081
2025-09-04T12:33:46Z	16111.00000	1554.83049	1537.85353	1524.83078
2025-09-04T12:33:46Z	16111.00000	1554.82871	1537.85286	1524.83029
2025-09-04T12:33:46Z	16111.00000	1554.82996	1537.85250	1524.82994
2025-09-04T12:33:46Z	16111.00000	1554.83005	1537.85219	1524.82984
2025-09-04T12:33:47Z	16112.00000	1554.82970	1537.85180	1524.82963
2025-09-04T12:33:47Z	16112.00000	1554.82915	1537.85147	1524.82930
2025-09-04T12:33:47Z	16112.00000	1554.82915	1537.85134	1524.82941
2025-09-04T12:33:47Z	16112.00000	1554.82894	1537.85086	1524.82935
2025-09-04T12:33:47Z	16112.00000	1554.82571	1537.85032	1524.82883
2025-09-04T12:33:47Z	16112.00000	1554.82857	1537.85025	1524.82886
2025-09-04T12:33:47Z	16112.00000	1554.82554	1537.84990	1524.82872
2025-09-04T12:33:47Z	16112.00000	1554.82794	1537.84953	1524.82832
2025-09-04T12:33:47Z	16112.00000	1554.82776	1537.84913	1524.82807
2025-09-04T12:33:48Z	16112.00000	1554.82522	1537.84891	1524.82821
2025-09-04T12:33:48Z	16113.00000	1554.82723	1537.84865	1524.82801
2025-09-04T12:33:48Z	16113.00000	1554.92990	1538.00367	1524.92619
2025-09-04T12:33:48Z	16113.00000	1555.20825	1538.40962	1525.17820
2025-09-04T12:33:48Z	16113.00000	1555.44169	1538.71823	1525.36426
2025-09-04T12:33:48Z	16113.00000	1555.68039	1539.03551	1525.55652
2025-09-04T12:33:48Z	16113.00000	1555.86151	1539.29666	1525.71418
2025-09-04T12:33:48Z	16113.00000	1556.03323	1539.54743	1525.86447
2025-09-04T12:33:48Z	16113.00000	1556.20437	1539.77933	1526.00783
2025-09-04T12:33:48Z	16113.00000	1556.36575	1540.00504	1526.14539
2025-09-04T12:33:49Z	16114.00000	1556.67584	1540.42253	1526.39450
2025-09-04T12:33:49Z	16114.00000	1556.81719	1540.62634	1526.51783
2025-09-04T12:33:49Z	16114.00000	1557.12232	1541.06800	1526.77926
2025-09-04T12:33:49Z	16114.00000	1557.30474	1541.32328	1526.92896
2025-09-04T12:33:49Z	16114.00000	1557.41622	1541.49617	1527.03283
2025-09-04T12:33:49Z	16114.00000	1557.55215	1541.68736	1527.14293
2025-09-04T12:33:49Z	16114.00000	1557.70649	1541.88576	1527.26375
2025-09-04T12:33:49Z	16114.00000	1557.84782	1542.06723	1527.36835
2025-09-04T12:33:50Z	16115.00000	1557.92825	1542.20867	1527.45115
2025-09-04T12:33:50Z	16115.00000	1558.02750	1542.31943	1527.51466
2025-09-04T12:33:50Z	16115.00000	1558.11943	1542.46678	1527.60316
2025-09-04T12:33:50Z	16115.00000	1558.18782	1542.54361	1527.64702
2025-09-04T12:33:50Z	16115.00000	1558.22004	1542.62484	1527.69203
2025-09-04T12:33:50Z	16115.00000	1558.29758	1542.71623	1527.74529
2025-09-04T12:33:50Z	16115.00000	1558.35827	1542.78333	1527.78655
2025-09-04T12:33:50Z	16115.00000	1558.37746	1542.83183	1527.81556
2025-09-04T12:33:50Z	16115.00000	1558.39947	1542.87350	1527.84027
2025-09-04T12:33:51Z	16116.00000	1558.44935	1542.93264	1527.87406
2025-09-04T12:33:51Z	16116.00000	1558.46855	1542.95264	1527.88558
2025-09-04T12:33:51Z	16116.00000	1558.48769	1542.97280	1527.89692
2025-09-04T12:33:51Z	16116.00000	1558.50743	1542.99410	1527.90926
2025-09-04T12:33:51Z	16116.00000	1558.52270	1543.01146	1527.91934
2025-09-04T12:33:51Z	16116.00000	1558.52877	1543.02166	1527.92516
2025-09-04T12:33:51Z	16116.00000	1558.53336	1543.03161	1527.93139
2025-09-04T12:33:51Z	16116.00000	1558.53692	1543.04162	1527.93699
2025-09-04T12:33:51Z	16116.00000	1558.54008	1543.05070	1527.94267
2025-09-04T12:33:52Z	16117.00000	1556.64720	1540.41792	1526.37001
2025-09-04T12:33:52Z	16117.00000	1555.99502	1539.48793	1525.81174
2025-09-04T12:33:52Z	16117.00000	1555.75665	1539.17574	1525.62842
2025-09-04T12:33:52Z	16117.00000	1555.55485	1538.90213	1525.46596
2025-09-04T12:33:52Z	16117.00000	1555.37675	1538.65170	1525.31774
2025-09-04T12:33:52Z	16117.00000	1555.18834	1538.37392	1525.15136
2025-09-04T12:33:52Z	16117.00000	1555.02323	1538.14458	1525.00996
2025-09-04T12:33:52Z	16117.00000	1554.85239	1537.91190	1524.86268
2025-09-04T12:33:53Z	16117.00000	1554.84103	1537.87760	1524.84146
2025-09-04T12:33:53Z	16118.00000	1554.84125	1537.87605	1524.84232
2025-09-04T12:33:53Z	16118.00000	1554.83924	1537.87325	1524.84158
2025-09-04T12:33:53Z	16118.00000	1554.83830	1537.87041	1524.83935
2025-09-04T12:33:53Z	16118.00000	1554.83782	1537.86847	1524.83851
2025-09-04T12:33:53Z	16118.00000	1554.83742	1537.86754	1524.83787
2025-09-04T12:33:53Z	16118.00000	1554.83703	1537.86625	1524.83750
2025-09-04T12:33:53Z	16118.00000	1554.83662	1537.86507	1524.83651
2025-09-04T12:33:53Z	16118.00000	1554.83643	1537.86368	1524.83589
2025-09-04T12:33:53Z	16118.00000	1554.83537	1537.86296	1524.83563
2025-09-04T12:33:54Z	16119.00000	1554.83450	1537.86212	1524.83539
2025-09-04T12:33:54Z	16119.00000	1554.83442	1537.86078	1524.83448
2025-09-04T12:33:54Z	16119.00000	1554.83448	1537.86007	1524.83394
2025-09-04T12:33:54Z	16119.00000	1554.83360	1537.85906	1524.83333
2025-09-04T12:33:54Z	16119.00000	1554.83309	1537.85856	1524.83349
2025-09-04T12:33:54Z	16119.00000	1554.83317	1537.85780	1524.83295
2025-09-04T12:33:54Z	16119.00000	1554.83274	1537.85706	1524.83255
2025-09-04T12:33:54Z	16119.00000	1554.83246	1537.85672	1524.83235
2025-09-04T12:33:54Z	16119.00000	1554.83194	1537.85623	1524.83229
2025-09-04T12:33:55Z	16120.00000	1554.83196	1537.85575	1524.83179
2025-09-04T12:33:55Z	16120.00000	1554.83173	1537.85498	1524.83111
2025-09-04T12:33:55Z	16120.00000	1554.83144	1537.85453	1524.83104
2025-09-04T12:33:55Z	16120.00000	1554.82921	1537.85429	1524.83114
2025-09-04T12:33:55Z	16120.00000	1554.83064	1537.85341	1524.83070
2025-09-04T12:33:55Z	16120.00000	1554.83078	1537.85309	1524.83028
2025-09-04T12:33:55Z	16120.00000	1554.82882	1537.85285	1524.83019
2025-09-04T12:33:55Z	16120.00000	1554.82988	1537.85256	1524.82988
2025-09-04T12:33:55Z	16120.00000	1554.83006	1537.85201	1524.82973
2025-09-04T12:33:56Z	16121.00000	1554.82981	1537.85193	1524.82969
2025-09-04T12:33:56Z	16121.00000	1554.82948	1537.85158	1524.82949
2025-09-04T12:33:56Z	16121.00000	1554.82953	1537.85120	1524.82918
2025-09-04T12:33:56Z	16121.00000	1554.82871	1537.85071	1524.82896
2025-09-04T12:33:56Z	16121.00000	1554.82868	1537.85045	1524.82899
2025-09-04T12:33:56Z	16121.00000	1554.82781	1537.84994	1524.82868
2025-09-04T12:33:56Z	16121.00000	1554.82855	1537.84967	1524.82845
2025-09-04T12:33:56Z	16121.00000	1554.82805	1537.84955	1524.82831
2025-09-04T12:33:56Z	16121.00000	1554.82538	1537.84923	1524.82809
2025-09-04T12:33:57Z	16122.00000	1554.82804	1537.84885	1524.82809
2025-09-04T12:33:57Z	16122.00000	1554.82529	1537.84876	1524.82804
2025-09-04T12:33:57Z	16122.00000	1554.82508	1537.84831	1524.82768
2025-09-04T12:33:57Z	16122.00000	1554.82756	1537.84836	1524.82746
2025-09-04T12:33:57Z	16122.00000	1554.82713	1537.84802	1524.82767
2025-09-04T12:33:57Z	16122.00000	1554.82651	1537.84764	1524.82729
2025-09-04T12:33:57Z	16122.00000	1554.82649	1537.84740	1524.82730
2025-09-04T12:33:57Z	16122.00000	1554.82700	1537.84718	1524.82704
2025-09-04T12:33:57Z	16122.00000	1554.82686	1537.84716	1524.82700
2025-09-04T12:33:58Z	16122.00000	1554.82671	1537.84670	1524.82664
2025-09-04T12:33:58Z	16123.00000	1554.82630	1537.84660	1524.82673
2025-09-04T12:33:58Z	16123.00000	1554.82530	1537.84625	1524.82664
2025-09-04T12:33:58Z	16123.00000	1554.82396	1537.84602	1524.82626
2025-09-04T12:33:58Z	16123.00000	1554.82607	1537.84567	1524.82648
2025-09-04T12:33:58Z	16123.00000	1554.82499	1537.84562	1524.82614
2025-09-04T12:33:58Z	16123.00000	1554.82595	1537.84544	1524.82616
2025-09-04T12:33:58Z	16123.00000	1554.82382	1537.84523	1524.82595
2025-09-04T12:33:58Z	16123.00000	1554.82516	1537.84498	1524.82584
2025-09-04T12:33:59Z	16123.00000	1554.82319	1537.84489	1524.82582
2025-09-04T12:33:59Z	16124.00000	1554.82554	1537.84466	1524.82573
2025-09-04T12:33:59Z	16124.00000	1554.82485	1537.84462	1524.82558
2025-09-04T12:33:59Z	16124.00000	1554.82313	1537.84420	1524.82545
2025-09-04T12:33:59Z	16124.00000	1554.82431	1537.84409	1524.82558
2025-09-04T12:33:59Z	16124.00000	1554.83492	1537.85198	1524.82983
2025-09-04T12:33:59Z	16124.00000	1554.83551	1537.85272	1524.82997
2025-09-04T12:33:59Z	16124.00000	1554.82382	1537.84374	1524.82579
2025-09-04T12:33:59Z	16124.00000	1554.82189	1537.84152	1524.82351
2025-09-04T12:34:00Z	16124.00000	1554.82063	1537.84188	1524.82392
2025-09-04T12:34:00Z	16125.00000	1554.82432	1537.84162	1524.82346
2025-09-04T12:34:00Z	16125.00000	1554.82313	1537.84295	1524.82517
2025-09-04T12:34:00Z	16125.00000	1554.82009	1537.84364	1524.82618
2025-09-04T12:34:00Z	16125.00000	1554.82048	1537.84331	1524.82558
2025-09-04T12:34:00Z	16125.00000	1554.82422	1537.84228	1524.82413
2025-09-04T12:34:00Z	16125.00000	1554.82257	1537.84121	1524.82287
2025-09-04T12:34:00Z	16125.00000	1554.82084	1537.84279	1524.82547
2025-09-04T12:34:01Z	16125.00000	1554.82011	1537.84224	1524.82503
2025-09-04T12:34:01Z	16126.00000	1554.82026	1537.83978	1524.82246
2025-09-04T12:34:01Z	16126.00000	1554.81894	1537.83987	1524.82325
2025-09-04T12:34:01Z	16126.00000	1554.81862	1537.84025	1524.82369
2025-09-04T12:34:01Z	16126.00000	1554.81974	1537.83894	1524.82217
2025-09-04T12:34:01Z	16126.00000	1554.82129	1537.84086	1524.82386
2025-09-04T12:34:01Z	16126.00000	1554.82016	1537.84168	1524.82494
2025-09-04T12:34:01Z	16126.00000	1554.82042	1537.84107	1524.82418
2025-09-04T12:34:01Z	16126.00000	1554.82312	1537.84068	1524.82356
2025-09-04T12:34:02Z	16126.00000	1554.82172	1537.84084	1524.82391
2025-09-04T12:34:02Z	16127.00000	1554.82142	1537.84081	1524.82389
2025-09-04T12:34:02Z	16127.00000	1554.82034	1537.84010	1524.82353
2025-09-04T12:34:02Z	16127.00000	1554.82016	1537.83989	1524.82368
2025-09-04T12:34:02Z	16127.00000	1554.82005	1537.84037	1524.82377
2025-09-04T12:34:02Z	16127.00000	1554.81984	1537.84001	1524.82359
2025-09-04T12:34:02Z	16127.00000	1554.82071	1537.83974	1524.82312
2025-09-04T12:34:02Z	16127.00000	1554.82047	1537.83959	1524.82305
2025-09-04T12:34:02Z	16127.00000	1554.81998	1537.83997	1524.82323
2025-09-04T12:34:03Z	16127.00000	1554.82087	1537.83960	1524.82302
2025-09-04T12:34:03Z	16128.00000	1554.82001	1537.83921	1524.82274
2025-09-04T12:34:03Z	16128.00000	1554.81992	1537.83955	1524.82328
2025-09-04T12:34:03Z	16128.00000	1554.81978	1537.83968	1524.82338
2025-09-04T12:34:03Z	16128.00000	1554.81957	1537.83915	1524.82287
2025-09-04T12:34:03Z	16128.00000	1554.82010	1537.83899	1524.82266
2025-09-04T12:34:03Z	16128.00000	1554.81955	1537.83906	1524.82269
2025-09-04T12:34:03Z	16128.00000	1554.82024	1537.83899	1524.82301
2025-09-04T12:34:03Z	16128.00000	1554.81955	1537.83887	1524.82297
2025-09-04T12:34:04Z	16128.00000	1554.81967	1537.83852	1524.82264
2025-09-04T12:34:04Z	16129.00000	1554.82054	1537.83853	1524.82266
2025-09-04T12:34:04Z	16129.00000	1554.82004	1537.83857	1524.82258
2025-09-04T12:34:04Z	16129.00000	1554.81931	1537.83849	1524.82254
2025-09-04T12:34:04Z	16129.00000	1554.81952	1537.83827	1524.82232
2025-09-04T12:34:04Z	16129.00000	1554.81957	1537.83820	1524.82239
2025-09-04T12:34:04Z	16129.00000	1554.81935	1537.83831	1524.82256
2025-09-04T12:34:04Z	16129.00000	1554.81941	1537.83796	1524.82229
2025-09-04T12:34:04Z	16129.00000	1554.82018	1537.83809	1524.82238
2025-09-04T12:34:04Z	16129.00000	1554.81914	1537.83797	1524.82222
2025-09-04T12:34:05Z	16129.00000	1554.81887	1537.83806	1524.82217
2025-09-04T12:34:05Z	16130.00000	1554.81999	1537.83769	1524.82225
2025-09-04T12:34:05Z	16130.00000	1554.81951	1537.83754	1524.82200
2025-09-04T12:34:05Z	16130.00000	1554.81959	1537.83774	1524.82211
2025-09-04T12:34:05Z	16130.00000	1554.81852	1537.83735	1524.82231
2025-09-04T12:34:05Z	16130.00000	1554.81863	1537.83735	1524.82207
2025-09-04T12:34:05Z	16130.00000	1554.81881	1537.83713	1524.82190
2025-09-04T12:34:05Z	16130.00000	1554.81932	1537.83721	1524.82185
2025-09-04T12:34:05Z	16130.00000	1554.81852	1537.83704	1524.82191
2025-09-04T12:34:05Z	16130.00000	1554.81947	1537.83718	1524.82182
2025-09-04T12:34:06Z	16131.00000	1554.81841	1537.83703	1524.82172
2025-09-04T12:34:06Z	16131.00000	1554.81932	1537.83667	1524.82163
2025-09-04T12:34:06Z	16131.00000	1554.81893	1537.83669	1524.82165
2025-09-04T12:34:06Z	16131.00000	1554.81918	1537.83703	1524.82197
2025-09-04T12:34:06Z	16131.00000	1554.81822	1537.83670	1524.82169
2025-09-04T12:34:06Z	16131.00000	1554.81855	1537.83632	1524.82135
2025-09-04T12:34:06Z	16131.00000	1554.81884	1537.83644	1524.82150
2025-09-04T12:34:06Z	16131.00000	1554.81840	1537.83648	1524.82146
2025-09-04T12:34:06Z	16131.00000	1554.81781	1537.83627	1524.82129
2025-09-04T12:34:07Z	16131.00000	1554.81859	1537.83652	1524.82148
2025-09-04T12:34:07Z	16132.00000	1554.81786	1537.83611	1524.82136
2025-09-04T12:34:07Z	16132.00000	1554.81770	1537.83615	1524.82159
2025-09-04T12:34:07Z	16132.00000	1554.81844	1537.83609	1524.82150
2025-09-04T12:34:07Z	16132.00000	1554.81832	1537.83584	1524.82119
2025-09-04T12:34:07Z	16132.00000	1554.81769	1537.83588	1524.82129
2025-09-04T12:34:07Z	16132.00000	1554.81781	1537.83553	1524.82081
2025-09-04T12:34:07Z	16132.00000	1554.81858	1537.83570	1524.82115
2025-09-04T12:34:07Z	16132.00000	1554.81801	1537.83539	1524.82074
2025-09-04T12:34:08Z	16132.00000	1554.81784	1537.83556	1524.82097
2025-09-04T12:34:08Z	16133.00000	1554.81794	1537.83545	1524.82100
2025-09-04T12:34:08Z	16133.00000	1554.81836	1537.83553	1524.82116
2025-09-04T12:34:08Z	16133.00000	1554.81775	1537.83530	1524.82069
2025-09-04T12:34:08Z	16133.00000	1554.81774	1537.83514	1524.82090
2025-09-04T12:34:08Z	16133.00000	1554.81732	1537.83507	1524.82089
2025-09-04T12:34:08Z	16133.00000	1554.81709	1537.83533	1524.82067
2025-09-04T12:34:08Z	16133.00000	1554.81696	1537.83478	1524.82074
2025-09-04T12:34:08Z	16133.00000	1554.81735	1537.83500	1524.82082
2025-09-04T12:34:08Z	16133.00000	1554.81784	1537.83506	1524.82070
2025-09-04T12:34:09Z	16133.00000	1554.81667	1537.83484	1524.82094
2025-09-04T12:34:09Z	16134.00000	1554.81750	1537.83494	1524.82059
2025-09-04T12:34:09Z	16134.00000	1554.81659	1537.83489	1524.82084
2025-09-04T12:34:09Z	16134.00000	1554.81687	1537.83470	1524.82066
2025-09-04T12:34:09Z	16134.00000	1554.81700	1537.83460	1524.82046
2025-09-04T12:34:09Z	16134.00000	1554.81647	1537.83457	1524.82025
2025-09-04T12:34:09Z	16134.00000	1554.81625	1537.83419	1524.82015
2025-09-04T12:34:09Z	16134.00000	1554.81660	1537.83451	1524.82012
2025-09-04T12:34:10Z	16134.00000	1554.81728	1537.83413	1524.82015
2025-09-04T12:34:10Z	16135.00000	1554.81650	1537.83427	1524.82021
2025-09-04T12:34:10Z	16135.00000	1554.81668	1537.83411	1524.82006
2025-09-04T12:34:10Z	16135.00000	1554.81632	1537.83409	1524.82002
2025-09-04T12:34:10Z	16135.00000	1554.81598	1537.83420	1524.82016
2025-09-04T12:34:10Z	16135.00000	1554.81619	1537.83418	1524.81997
2025-09-04T12:34:10Z	16135.00000	1554.81630	1537.83393	1524.81989
2025-09-04T12:34:10Z	16135.00000	1554.81620	1537.83393	1524.82012
2025-09-04T12:34:10Z	16135.00000	1554.81633	1537.83400	1524.82008
2025-09-04T12:34:10Z	16135.00000	1554.81621	1537.83388	1524.82003
2025-09-04T12:34:11Z	16135.00000	1554.81625	1537.83385	1524.82001
2025-09-04T12:34:11Z	16136.00000	1554.81593	1537.83373	1524.81990
2025-09-04T12:34:11Z	16136.00000	1554.81579	1537.83378	1524.81991
2025-09-04T12:34:11Z	16136.00000	1554.81587	1537.83367	1524.81974
2025-09-04T12:34:11Z	16136.00000	1554.81572	1537.83343	1524.81992
2025-09-04T12:34:11Z	16136.00000	1554.81592	1537.83342	1524.81987
2025-09-04T12:34:11Z	16136.00000	1554.81571	1537.83328	1524.81978
2025-09-04T12:34:11Z	16136.00000	1554.81588	1537.83320	1524.81987
2025-09-04T12:34:12Z	16136.00000	1554.81539	1537.83322	1524.81953
2025-09-04T12:34:12Z	16137.00000	1554.81549	1537.83333	1524.81980
2025-09-04T12:34:12Z	16137.00000	1554.81587	1537.83308	1524.81961
2025-09-04T12:34:12Z	16137.00000	1554.81557	1537.83316	1524.81964
2025-09-04T12:34:12Z	16137.00000	1554.81562	1537.83315	1524.81963
2025-09-04T12:34:12Z	16137.00000	1554.81518	1537.83291	1524.81944
2025-09-04T12:34:12Z	16137.00000	1554.81566	1537.83293	1524.81953
2025-09-04T12:34:12Z	16137.00000	1554.81543	1537.83289	1524.81951
2025-09-04T12:34:12Z	16137.00000	1554.81565	1537.83263	1524.81938
2025-09-04T12:34:12Z	16137.00000	1554.81537	1537.83269	1524.81931
2025-09-04T12:34:13Z	16137.00000	1554.81553	1537.83272	1524.81939
2025-09-04T12:34:13Z	16138.00000	1554.81515	1537.83259	1524.81926
2025-09-04T12:34:13Z	16138.00000	1554.81516	1537.83247	1524.81930
2025-09-04T12:34:13Z	16138.00000	1554.81532	1537.83269	1524.81916
2025-09-04T12:34:13Z	16138.00000	1554.81553	1537.83256	1524.81922
2025-09-04T12:34:13Z	16138.00000	1554.81531	1537.83261	1524.81929
2025-09-04T12:34:13Z	16138.00000	1554.81540	1537.83243	1524.81922
2025-09-04T12:34:13Z	16138.00000	1554.81502	1537.83245	1524.81922
2025-09-04T12:34:13Z	16138.00000	1554.81486	1537.83227	1524.81926
2025-09-04T12:34:13Z	16138.00000	1554.81493	1537.83249	1524.81915
2025-09-04T12:34:14Z	16138.00000	1554.81474	1537.83217	1524.81914
2025-09-04T12:34:14Z	16139.00000	1554.81513	1537.83214	1524.81921
2025-09-04T12:34:14Z	16139.00000	1554.81500	1537.83226	1524.81927
2025-09-04T12:34:14Z	16139.00000	1554.81476	1537.83216	1524.81908
2025-09-04T12:34:14Z	16139.00000	1554.81460	1537.83227	1524.81908
2025-09-04T12:34:14Z	16139.00000	1554.81470	1537.83232	1524.81923
2025-09-04T12:34:14Z	16139.00000	1554.81477	1537.83220	1524.81913
2025-09-04T12:34:14Z	16139.00000	1554.81450	1537.83180	1524.81894
2025-09-04T12:34:14Z	16139.00000	1554.81453	1537.83191	1524.81880
2025-09-04T12:34:15Z	16139.00000	1554.81447	1537.83192	1524.81887
2025-09-04T12:34:15Z	16140.00000	1554.81463	1537.83170	1524.81888
2025-09-04T12:34:15Z	16140.00000	1554.81447	1537.83164	1524.81871
2025-09-04T12:34:15Z	16140.00000	1554.81464	1537.83170	1524.81892
2025-09-04T12:34:15Z	16140.00000	1554.81434	1537.83166	1524.81880
2025-09-04T12:34:15Z	16140.00000	1554.81418	1537.83159	1524.81869
2025-09-04T12:34:15Z	16140.00000	1554.81473	1537.83143	1524.81888
2025-09-04T12:34:15Z	16140.00000	1554.81406	1537.83159	1524.81878
2025-09-04T12:34:16Z	16141.00000	1554.81414	1537.83157	1524.81875
2025-09-04T12:34:16Z	16141.00000	1554.81426	1537.83145	1524.81859
2025-09-04T12:34:16Z	16141.00000	1554.81400	1537.83149	1524.81856
2025-09-04T12:34:16Z	16141.00000	1554.81417	1537.83128	1524.81858
2025-09-04T12:34:16Z	16141.00000	1554.81429	1537.83129	1524.81859
2025-09-04T12:34:16Z	16141.00000	1554.81412	1537.83139	1524.81856
2025-09-04T12:34:16Z	16141.00000	1554.81399	1537.83128	1524.81869
2025-09-04T12:34:16Z	16141.00000	1554.81442	1537.83114	1524.81844
2025-09-04T12:34:16Z	16141.00000	1554.81376	1537.83110	1524.81849
2025-09-04T12:34:16Z	16141.00000	1554.81424	1537.83101	1524.81850
2025-09-04T12:34:17Z	16142.00000	1554.81425	1537.83097	1524.81862
2025-09-04T12:34:17Z	16142.00000	1554.81366	1537.83094	1524.81847
2025-09-04T12:34:17Z	16142.00000	1554.81377	1537.83115	1524.81856
2025-09-04T12:34:17Z	16142.00000	1554.81442	1537.83093	1524.81846
2025-09-04T12:34:17Z	16142.00000	1554.81377	1537.83102	1524.81836
2025-09-04T12:34:17Z	16142.00000	1554.81388	1537.83109	1524.81854
2025-09-04T12:34:17Z	16142.00000	1554.81388	1537.83083	1524.81847
2025-09-04T12:34:17Z	16142.00000	1554.81367	1537.83074	1524.81852
2025-09-04T12:34:17Z	16142.00000	1554.81370	1537.83079	1524.81850
2025-09-04T12:34:18Z	16142.00000	1554.81379	1537.83062	1524.81824
2025-09-04T12:34:18Z	16143.00000	1554.81370	1537.83062	1524.81829
2025-09-04T12:34:18Z	16143.00000	1554.81376	1537.83076	1524.81850
2025-09-04T12:34:18Z	16143.00000	1554.81350	1537.83054	1524.81825
2025-09-04T12:34:18Z	16143.00000	1554.81386	1537.83065	1524.81830
2025-09-04T12:34:18Z	16143.00000	1554.81381	1537.83057	1524.81835
2025-09-04T12:34:18Z	16143.00000	1554.81397	1537.83041	1524.81825
2025-09-04T12:34:18Z	16143.00000	1554.81370	1537.83054	1524.81835
2025-09-04T12:34:18Z	16143.00000	1554.81362	1537.83051	1524.81826
2025-09-04T12:34:18Z	16143.00000	1554.81335	1537.83049	1524.81808
2025-09-04T12:34:19Z	16144.00000	1554.81378	1537.83029	1524.81830
2025-09-04T12:34:19Z	16144.00000	1554.81361	1537.83050	1524.81812
2025-09-04T12:34:19Z	16144.00000	1554.81321	1537.83037	1524.81806
2025-09-04T12:34:19Z	16144.00000	1554.81334	1537.83023	1524.81801
2025-09-04T12:34:19Z	16144.00000	1554.81359	1537.82999	1524.81806
2025-09-04T12:34:19Z	16144.00000	1554.81326	1537.83039	1524.81827
2025-09-04T12:34:19Z	16144.00000	1554.81325	1537.83012	1524.81809
2025-09-04T12:34:19Z	16144.00000	1554.81345	1537.83008	1524.81809
2025-09-04T12:34:20Z	16144.00000	1554.81308	1537.82999	1524.81799
2025-09-04T12:34:20Z	16145.00000	1554.81314	1537.82994	1524.81798
2025-09-04T12:34:20Z	16145.00000	1554.81290	1537.83001	1524.81789
2025-09-04T12:34:20Z	16145.00000	1554.81321	1537.82981	1524.81778
2025-09-04T12:34:20Z	16145.00000	1554.81319	1537.82991	1524.81803
2025-09-04T12:34:20Z	16145.00000	1554.81303	1537.82994	1524.81798
2025-09-04T12:34:20Z	16145.00000	1554.81319	1537.82995	1524.81784
2025-09-04T12:34:20Z	16145.00000	1554.81311	1537.82974	1524.81785
2025-09-04T12:34:20Z	16145.00000	1554.81287	1537.82976	1524.81768
2025-09-04T12:34:21Z	16145.00000	1554.81278	1537.82972	1524.81779
2025-09-04T12:34:21Z	16146.00000	1554.81255	1537.82971	1524.81782
2025-09-04T12:34:21Z	16146.00000	1554.81251	1537.82968	1524.81780
2025-09-04T12:34:21Z	16146.00000	1554.81288	1537.82951	1524.81771
2025-09-04T12:34:21Z	16146.00000	1554.81282	1537.82959	1524.81767
2025-09-04T12:34:21Z	16146.00000	1554.81264	1537.82956	1524.81770
2025-09-04T12:34:21Z	16146.00000	1554.81293	1537.82949	1524.81787
2025-09-04T12:34:21Z	16146.00000	1554.81191	1537.82952	1524.81760
2025-09-04T12:34:21Z	16146.00000	1554.81241	1537.82953	1524.81781
2025-09-04T12:34:22Z	16146.00000	1554.81276	1537.82934	1524.81753
2025-09-04T12:34:22Z	16147.00000	1554.81237	1537.82947	1524.81771
2025-09-04T12:34:22Z	16147.00000	1554.81228	1537.82928	1524.81752
2025-09-04T12:34:22Z	16147.00000	1554.81216	1537.82918	1524.81738
2025-09-04T12:34:22Z	16147.00000	1554.81224	1537.82914	1524.81763
2025-09-04T12:34:22Z	16147.00000	1554.81268	1537.82919	1524.81742
2025-09-04T12:34:22Z	16147.00000	1554.81249	1537.82913	1524.81749
2025-09-04T12:34:22Z	16147.00000	1554.81236	1537.82900	1524.81745
2025-09-04T12:34:22Z	16147.00000	1554.81242	1537.82901	1524.81763
2025-09-04T12:34:22Z	16147.00000	1554.81274	1537.82919	1524.81761
2025-09-04T12:34:23Z	16147.00000	1554.81217	1537.82902	1524.81746
2025-09-04T12:34:23Z	16148.00000	1554.81221	1537.82917	1524.81761
2025-09-04T12:34:23Z	16148.00000	1554.87460	1537.94168	1524.89114
2025-09-04T12:34:23Z	16148.00000	1555.09901	1538.24594	1525.07974
2025-09-04T12:34:23Z	16148.00000	1555.35366	1538.60307	1525.30178
2025-09-04T12:34:23Z	16148.00000	1555.53658	1538.87003	1525.46448
2025-09-04T12:34:23Z	16148.00000	1555.71174	1539.12259	1525.61740
2025-09-04T12:34:23Z	16148.00000	1555.88334	1539.36150	1525.76608
2025-09-04T12:34:23Z	16148.00000	1556.04153	1539.59134	1525.90303
2025-09-04T12:34:23Z	16148.00000	1556.27685	1539.90783	1526.10001
2025-09-04T12:34:24Z	16148.00000	1556.41021	1540.10945	1526.21810
2025-09-04T12:34:24Z	16149.00000	1556.56455	1540.32842	1526.35178
2025-09-04T12:34:24Z	16149.00000	1556.70263	1540.50724	1526.45671
2025-09-04T12:34:24Z	16149.00000	1556.81492	1540.65591	1526.54443
2025-09-04T12:34:24Z	16149.00000	1556.90071	1540.80287	1526.63113
2025-09-04T12:34:24Z	16149.00000	1557.03761	1540.98039	1526.73703
2025-09-04T12:34:24Z	16149.00000	1557.18225	1541.17008	1526.84971
2025-09-04T12:34:24Z	16149.00000	1557.28894	1541.34284	1526.95045
2025-09-04T12:34:24Z	16149.00000	1557.38860	1541.50064	1527.04695
2025-09-04T12:34:24Z	16149.00000	1557.50334	1541.62711	1527.12108
2025-09-04T12:34:25Z	16149.00000	1557.56142	1541.74368	1527.18994
2025-09-04T12:34:25Z	16150.00000	1557.65454	1541.84615	1527.25422
2025-09-04T12:34:25Z	16150.00000	1557.71639	1541.95795	1527.32030
2025-09-04T12:34:25Z	16150.00000	1557.79748	1542.05665	1527.37812
2025-09-04T12:34:25Z	16150.00000	1557.87080	1542.15357	1527.43613
2025-09-04T12:34:25Z	16150.00000	1557.90094	1542.22425	1527.47768
2025-09-04T12:34:25Z	16150.00000	1557.96289	1542.29151	1527.51782
2025-09-04T12:34:25Z	16150.00000	1558.01015	1542.34248	1527.54850
2025-09-04T12:34:25Z	16150.00000	1558.03650	1542.38891	1527.57714
2025-09-04T12:34:26Z	16150.00000	1558.04620	1542.41796	1527.59519
2025-09-04T12:34:26Z	16151.00000	1558.05963	1542.44848	1527.61425
2025-09-04T12:34:26Z	16151.00000	1558.07261	1542.46531	1527.62446
2025-09-04T12:34:26Z	16151.00000	1558.08815	1542.48293	1527.63534
2025-09-04T12:34:26Z	16151.00000	1558.10653	1542.50303	1527.64672
2025-09-04T12:34:26Z	16151.00000	1558.11915	1542.51680	1527.65439
2025-09-04T12:34:26Z	16151.00000	1558.13005	1542.52972	1527.66179
2025-09-04T12:34:26Z	16151.00000	1558.13868	1542.53884	1527.66689
2025-09-04T12:34:26Z	16151.00000	1558.14347	1542.54432	1527.66996
2025-09-04T12:34:27Z	16151.00000	1558.15004	1542.55196	1527.67436
2025-09-04T12:34:27Z	16152.00000	1556.71125	1540.55321	1526.46364
2025-09-04T12:34:27Z	16152.00000	1556.16218	1539.73945	1525.96757
2025-09-04T12:34:27Z	16152.00000	1555.93473	1539.42594	1525.78001
2025-09-04T12:34:27Z	16152.00000	1555.70705	1539.12407	1525.60212
2025-09-04T12:34:27Z	16152.00000	1555.36186	1538.63271	1525.31054
2025-09-04T12:34:27Z	16152.00000	1555.19793	1538.40401	1525.17113
2025-09-04T12:34:27Z	16152.00000	1555.02049	1538.14115	1525.00829
2025-09-04T12:34:27Z	16152.00000	1554.87929	1537.95053	1524.88911
2025-09-04T12:34:28Z	16152.00000	1554.83655	1537.86797	1524.83654
2025-09-04T12:34:28Z	16153.00000	1554.83495	1537.86416	1524.83500
2025-09-04T12:34:28Z	16153.00000	1554.83330	1537.86169	1524.83427
2025-09-04T12:34:28Z	16153.00000	1554.83226	1537.86004	1524.83370
2025-09-04T12:34:28Z	16153.00000	1554.83175	1537.85820	1524.83288
2025-09-04T12:34:28Z	16153.00000	1554.83146	1537.85705	1524.83195
2025-09-04T12:34:28Z	16153.00000	1554.83059	1537.85617	1524.83150
2025-09-04T12:34:28Z	16153.00000	1554.82992	1537.85503	1524.83116
2025-09-04T12:34:28Z	16153.00000	1554.82961	1537.85365	1524.83030
2025-09-04T12:34:28Z	16153.00000	1554.82661	1537.85320	1524.82950
2025-09-04T12:34:29Z	16153.00000	1554.82869	1537.85258	1524.82976
2025-09-04T12:34:29Z	16154.00000	1554.82743	1537.85177	1524.82940
2025-09-04T12:34:29Z	16154.00000	1554.82758	1537.85110	1524.82896
2025-09-04T12:34:29Z	16154.00000	1554.82732	1537.85004	1524.82831
2025-09-04T12:34:29Z	16154.00000	1554.82656	1537.84928	1524.82785
2025-09-04T12:34:29Z	16154.00000	1554.82551	1537.84878	1524.82777
2025-09-04T12:34:29Z	16154.00000	1554.82581	1537.84825	1524.82743
2025-09-04T12:34:29Z	16154.00000	1554.82414	1537.84764	1524.82713
2025-09-04T12:34:29Z	16154.00000	1554.82511	1537.84726	1524.82686
2025-09-04T12:34:30Z	16154.00000	1554.82498	1537.84678	1524.82670
2025-09-04T12:34:30Z	16155.00000	1554.82479	1537.84626	1524.82634
2025-09-04T12:34:30Z	16155.00000	1554.82497	1537.84570	1524.82605
2025-09-04T12:34:30Z	16155.00000	1554.82428	1537.84574	1524.82632
2025-09-04T12:34:30Z	16155.00000	1554.82248	1537.84517	1524.82602
2025-09-04T12:34:30Z	16155.00000	1554.82351	1537.84424	1524.82543
2025-09-04T12:34:30Z	16155.00000	1554.82320	1537.84402	1524.82522
2025-09-04T12:34:30Z	16155.00000	1554.82306	1537.84384	1524.82550
2025-09-04T12:34:30Z	16155.00000	1554.82337	1537.84362	1524.82474
2025-09-04T12:34:31Z	16155.00000	1554.82272	1537.84332	1524.82467
2025-09-04T12:34:31Z	16156.00000	1554.82258	1537.84297	1524.82487
2025-09-04T12:34:31Z	16156.00000	1554.82243	1537.84294	1524.82497
2025-09-04T12:34:31Z	16156.00000	1554.82190	1537.84245	1524.82467
2025-09-04T12:34:31Z	16156.00000	1554.82184	1537.84200	1524.82410
2025-09-04T12:34:31Z	16156.00000	1554.82192	1537.84182	1524.82410
2025-09-04T12:34:31Z	16156.00000	1554.82177	1537.84176	1524.82397
2025-09-04T12:34:31Z	16156.00000	1554.82040	1537.84131	1524.82389
2025-09-04T12:34:31Z	16156.00000	1554.82051	1537.84120	1524.82368
2025-09-04T12:34:31Z	16156.00000	1554.82061	1537.84101	1524.82355
2025-09-04T12:34:32Z	16156.00000	1554.82029	1537.84078	1524.82358
2025-09-04T12:34:32Z	16157.00000	1554.84138	1537.87752	1524.84291
2025-09-04T12:34:32Z	16157.00000	1555.03587	1538.17067	1525.03030
2025-09-04T12:34:32Z	16157.00000	1555.23705	1538.44346	1525.19999
2025-09-04T12:34:32Z	16157.00000	1555.44930	1538.72760	1525.37106
2025-09-04T12:34:32Z	16157.00000	1555.67009	1539.02850	1525.55350
2025-09-04T12:34:32Z	16157.00000	1555.84772	1539.26896	1525.69686
2025-09-04T12:34:32Z	16157.00000	1556.06921	1539.61722	1525.90372
2025-09-04T12:34:32Z	16157.00000	1556.29007	1539.91019	1526.08560
2025-09-04T12:34:33Z	16157.00000	1556.45375	1540.14349	1526.22343
2025-09-04T12:34:33Z	16158.00000	1556.60612	1540.36314	1526.35953
2025-09-04T12:34:33Z	16158.00000	1556.75378	1540.57411	1526.48630
2025-09-04T12:34:33Z	16158.00000	1556.89644	1540.78251	1526.60939
2025-09-04T12:34:33Z	16158.00000	1557.04530	1540.98960	1526.73539
2025-09-04T12:34:33Z	16158.00000	1557.19605	1541.17897	1526.84818
2025-09-04T12:34:33Z	16158.00000	1557.31345	1541.35452	1526.95009
2025-09-04T12:34:33Z	16158.00000	1557.38021	1541.46781	1527.01924
2025-09-04T12:34:33Z	16158.00000	1557.53343	1541.65943	1527.13228
2025-09-04T12:34:34Z	16158.00000	1557.61934	1541.79177	1527.21315
2025-09-04T12:34:34Z	16159.00000	1557.70023	1541.89438	1527.27619
2025-09-04T12:34:34Z	16159.00000	1557.79311	1542.03547	1527.35901
2025-09-04T12:34:34Z	16159.00000	1557.86701	1542.12539	1527.41344
2025-09-04T12:34:34Z	16159.00000	1557.90109	1542.20662	1527.46065
2025-09-04T12:34:34Z	16159.00000	1557.96392	1542.27496	1527.50161
2025-09-04T12:34:34Z	16159.00000	1558.02420	1542.34295	1527.54226
2025-09-04T12:34:34Z	16159.00000	1558.04141	1542.38494	1527.56747
2025-09-04T12:34:34Z	16159.00000	1558.05737	1542.42672	1527.59365
2025-09-04T12:34:35Z	16159.00000	1558.08050	1542.45537	1527.61115
2025-09-04T12:34:35Z	16160.00000	1558.10726	1542.48404	1527.62889
2025-09-04T12:34:35Z	16160.00000	1558.12585	1542.50496	1527.64056
2025-09-04T12:34:35Z	16160.00000	1558.14082	1542.52184	1527.65051
2025-09-04T12:34:35Z	16160.00000	1558.15400	1542.53651	1527.65880
2025-09-04T12:34:35Z	16160.00000	1558.16652	1542.55039	1527.66634
2025-09-04T12:34:35Z	16160.00000	1558.17557	1542.56100	1527.67221
2025-09-04T12:34:35Z	16160.00000	1558.18268	1542.57062	1527.67746
2025-09-04T12:34:35Z	16160.00000	1558.19038	1542.57940	1527.68278
2025-09-04T12:34:35Z	16160.00000	1558.19403	1542.58685	1527.68677
2025-09-04T12:34:35Z	16160.00000	1558.19694	1542.59204	1527.68985
2025-09-04T12:34:36Z	16161.00000	1556.53574	1540.27863	1526.29109
2025-09-04T12:34:36Z	16161.00000	1556.10882	1539.67143	1525.92309
2025-09-04T12:34:36Z	16161.00000	1555.86307	1539.31945	1525.71400
2025-09-04T12:34:36Z	16161.00000	1555.56949	1538.92230	1525.48160
2025-09-04T12:34:36Z	16161.00000	1555.35255	1538.60254	1525.29026
2025-09-04T12:34:36Z	16161.00000	1555.19080	1538.38426	1525.15836
2025-09-04T12:34:36Z	16161.00000	1555.04267	1538.18062	1525.03149
2025-09-04T12:34:36Z	16161.00000	1554.91400	1537.98831	1524.91331
2025-09-04T12:34:36Z	16161.00000	1554.83866	1537.87305	1524.84111
2025-09-04T12:34:37Z	16162.00000	1554.83654	1537.86745	1524.83759
2025-09-04T12:34:37Z	16162.00000	1554.83522	1537.86507	1524.83637
2025-09-04T12:34:37Z	16162.00000	1554.83393	1537.86168	1524.83467
2025-09-04T12:34:37Z	16162.00000	1554.83323	1537.86042	1524.83403
2025-09-04T12:34:37Z	16162.00000	1554.83251	1537.85936	1524.83338
2025-09-04T12:34:37Z	16162.00000	1554.83245	1537.85830	1524.83304
2025-09-04T12:34:37Z	16162.00000	1554.83161	1537.85733	1524.83230
2025-09-04T12:34:37Z	16162.00000	1554.83156	1537.85652	1524.83209
2025-09-04T12:34:37Z	16162.00000	1554.83093	1537.85605	1524.83186
2025-09-04T12:34:38Z	16163.00000	1554.82866	1537.85550	1524.83160
2025-09-04T12:34:38Z	16163.00000	1554.83011	1537.85439	1524.83132
2025-09-04T12:34:38Z	16163.00000	1554.82988	1537.85387	1524.83063
2025-09-04T12:34:38Z	16163.00000	1554.82945	1537.85315	1524.83029
2025-09-04T12:34:38Z	16163.00000	1554.82632	1537.85253	1524.83009
2025-09-04T12:34:38Z	16163.00000	1554.82834	1537.85182	1524.82987
2025-09-04T12:34:38Z	16163.00000	1554.82839	1537.85123	1524.82929
2025-09-04T12:34:38Z	16163.00000	1554.82766	1537.85072	1524.82890
2025-09-04T12:34:38Z	16163.00000	1554.82648	1537.85029	1524.82892
2025-09-04T12:34:39Z	16163.00000	1554.82678	1537.84998	1524.82869
2025-09-04T12:34:39Z	16164.00000	1554.82707	1537.84946	1524.82832
2025-09-04T12:34:39Z	16164.00000	1554.82722	1537.84906	1524.82802
2025-09-04T12:34:39Z	16164.00000	1554.82660	1537.84851	1524.82774
2025-09-04T12:34:39Z	16164.00000	1554.82548	1537.84835	1524.82772
2025-09-04T12:34:39Z	16164.00000	1554.82417	1537.84780	1524.82753
2025-09-04T12:34:39Z	16164.00000	1554.82538	1537.84741	1524.82726
2025-09-04T12:34:39Z	16164.00000	1554.82359	1537.84717	1524.82714
2025-09-04T12:34:39Z	16164.00000	1554.82347	1537.84683	1524.82695
2025-09-04T12:34:39Z	16164.00000	1554.82491	1537.84617	1524.82667
2025-09-04T12:34:40Z	16165.00000	1554.82314	1537.84588	1524.82629
2025-09-04T12:34:40Z	16165.00000	1554.82458	1537.84556	1524.82608
2025-09-04T12:34:40Z	16165.00000	1554.82409	1537.84524	1524.82618
2025-09-04T12:34:40Z	16165.00000	1554.82279	1537.84500	1524.82580
2025-09-04T12:34:40Z	16165.00000	1554.82260	1537.84476	1524.82595
2025-09-04T12:34:40Z	16165.00000	1554.82215	1537.84431	1524.82553
2025-09-04T12:34:40Z	16165.00000	1554.82247	1537.84416	1524.82559
2025-09-04T12:34:40Z	16165.00000	1554.82327	1537.84399	1524.82537
2025-09-04T12:34:40Z	16165.00000	1554.82277	1537.84373	1524.82533
2025-09-04T12:34:41Z	16166.00000	1554.82188	1537.84334	1524.82515
2025-09-04T12:34:41Z	16166.00000	1555.01366	1538.11551	1524.99864
2025-09-04T12:34:41Z	16166.00000	1555.27874	1538.48966	1525.22795
2025-09-04T12:34:41Z	16166.00000	1555.47766	1538.76093	1525.38736
2025-09-04T12:34:41Z	16166.00000	1555.66628	1539.02060	1525.54448
2025-09-04T12:34:41Z	16166.00000	1555.83903	1539.25983	1525.68840
2025-09-04T12:34:41Z	16166.00000	1556.00374	1539.49267	1525.82806
2025-09-04T12:34:41Z	16166.00000	1556.16813	1539.72174	1525.96643
2025-09-04T12:34:41Z	16166.00000	1556.36069	1540.00477	1526.14072
2025-09-04T12:34:41Z	16166.00000	1556.51000	1540.20552	1526.26044
2025-09-04T12:34:42Z	16167.00000	1556.68589	1540.45147	1526.40844
2025-09-04T12:34:42Z	16167.00000	1556.80722	1540.63190	1526.51866
2025-09-04T12:34:42Z	16167.00000	1556.92716	1540.81504	1526.62809
2025-09-04T12:34:42Z	16167.00000	1557.04757	1540.99213	1526.73496
2025-09-04T12:34:42Z	16167.00000	1557.32375	1541.36229	1526.95241
2025-09-04T12:34:42Z	16167.00000	1557.40433	1541.50164	1527.03760
2025-09-04T12:34:42Z	16167.00000	1557.60244	1541.76809	1527.19377
2025-09-04T12:34:43Z	16167.00000	1557.69068	1541.87189	1527.25848
2025-09-04T12:34:43Z	16168.00000	1557.75309	1541.98644	1527.32490
2025-09-04T12:34:43Z	16168.00000	1557.84364	1542.08272	1527.38180
2025-09-04T12:34:43Z	16168.00000	1557.88045	1542.15838	1527.42660
2025-09-04T12:34:43Z	16168.00000	1557.94416	1542.24583	1527.47722
2025-09-04T12:34:43Z	16168.00000	1557.99765	1542.30212	1527.51036
2025-09-04T12:34:43Z	16168.00000	1558.03524	1542.35825	1527.54313
2025-09-04T12:34:43Z	16168.00000	1558.05123	1542.40479	1527.57129
2025-09-04T12:34:43Z	16168.00000	1558.07335	1542.43799	1527.59205
2025-09-04T12:34:43Z	16168.00000	1558.09886	1542.46554	1527.60913
2025-09-04T12:34:44Z	16169.00000	1558.12999	1542.50041	1527.62972
2025-09-04T12:34:44Z	16169.00000	1558.15178	1542.52418	1527.64326
2025-09-04T12:34:44Z	16169.00000	1558.17623	1542.55111	1527.65834
2025-09-04T12:34:44Z	16169.00000	1558.18256	1542.55949	1527.66294
2025-09-04T12:34:44Z	16169.00000	1558.18970	1542.56863	1527.66813
2025-09-04T12:34:44Z	16169.00000	1558.19426	1542.57662	1527.67279
2025-09-04T12:34:44Z	16169.00000	1558.19721	1542.58306	1527.67610
2025-09-04T12:34:44Z	16169.00000	1558.19996	1542.58891	1527.67907
2025-09-04T12:34:44Z	16169.00000	1558.20165	1542.59372	1527.68205
2025-09-04T12:34:45Z	16170.00000	1556.42765	1540.13667	1526.20674
2025-09-04T12:34:45Z	16170.00000	1556.04196	1539.59525	1525.87883
2025-09-04T12:34:45Z	16170.00000	1555.84643	1539.27595	1525.68899
2025-09-04T12:34:45Z	16170.00000	1555.64589	1539.00426	1525.53224
2025-09-04T12:34:45Z	16170.00000	1555.47539	1538.76668	1525.38817
2025-09-04T12:34:45Z	16170.00000	1555.24223	1538.45813	1525.20200
2025-09-04T12:34:45Z	16170.00000	1555.01314	1538.11856	1524.99397
2025-09-04T12:34:45Z	16170.00000	1554.86476	1537.92619	1524.87359
2025-09-04T12:34:45Z	16170.00000	1554.83841	1537.87067	1524.83829
2025-09-04T12:34:46Z	16171.00000	1554.83743	1537.86842	1524.83807
2025-09-04T12:34:46Z	16171.00000	1554.83592	1537.86598	1524.83744
2025-09-04T12:34:46Z	16171.00000	1554.83501	1537.86465	1524.83660
2025-09-04T12:34:46Z	16171.00000	1554.83433	1537.86286	1524.83558
2025-09-04T12:34:46Z	16171.00000	1554.83366	1537.86136	1524.83485
2025-09-04T12:34:46Z	16171.00000	1554.83312	1537.85887	1524.83338
2025-09-04T12:34:46Z	16171.00000	1554.83275	1537.85787	1524.83291
2025-09-04T12:34:46Z	16171.00000	1554.83003	1537.85743	1524.83272
2025-09-04T12:34:47Z	16171.00000	1554.83139	1537.85620	1524.83248
2025-09-04T12:34:47Z	16172.00000	1554.83123	1537.85513	1524.83166
2025-09-04T12:34:47Z	16172.00000	1554.83083	1537.85448	1524.83109
2025-09-04T12:34:47Z	16172.00000	1554.82736	1537.85449	1524.83137
2025-09-04T12:34:47Z	16172.00000	1554.82975	1537.85241	1524.83004
2025-09-04T12:34:47Z	16172.00000	1554.82948	1537.85214	1524.82976
2025-09-04T12:34:47Z	16172.00000	1554.82810	1537.85192	1524.82995
2025-09-04T12:34:47Z	16172.00000	1554.82865	1537.85108	1524.82948
2025-09-04T12:34:48Z	16173.00000	1554.82573	1537.85065	1524.82896
2025-09-04T12:34:48Z	16173.00000	1554.82852	1537.85026	1524.82879
2025-09-04T12:34:48Z	16173.00000	1554.82761	1537.84971	1524.82877
2025-09-04T12:34:48Z	16173.00000	1554.82731	1537.84955	1524.82868
2025-09-04T12:34:48Z	16173.00000	1554.82760	1537.84904	1524.82836
2025-09-04T12:34:48Z	16173.00000	1554.82722	1537.84862	1524.82820
2025-09-04T12:34:48Z	16173.00000	1554.82695	1537.84845	1524.82806
2025-09-04T12:34:48Z	16173.00000	1554.82686	1537.84802	1524.82783
2025-09-04T12:34:48Z	16173.00000	1554.82571	1537.84767	1524.82773
2025-09-04T12:34:49Z	16173.00000	1554.82548	1537.84737	1524.82743
2025-09-04T12:34:49Z	16174.00000	1554.82387	1537.84720	1524.82710
2025-09-04T12:34:49Z	16174.00000	1554.82390	1537.84699	1524.82718
2025-09-04T12:34:49Z	16174.00000	1554.82564	1537.84657	1524.82684
2025-09-04T12:34:49Z	16174.00000	1554.82515	1537.84630	1524.82694
2025-09-04T12:34:49Z	16174.00000	1554.82506	1537.84611	1524.82678
2025-09-04T12:34:49Z	16174.00000	1554.82494	1537.84588	1524.82647
2025-09-04T12:34:49Z	16174.00000	1554.82482	1537.84547	1524.82639
2025-09-04T12:34:49Z	16174.00000	1554.82478	1537.84537	1524.82637
2025-09-04T12:34:49Z	16174.00000	1554.82304	1537.84510	1524.82632
2025-09-04T12:34:50Z	16174.00000	1554.82448	1537.84473	1524.82600
2025-09-04T12:34:50Z	16175.00000	1554.82248	1537.84465	1524.82595
2025-09-04T12:34:50Z	16175.00000	1554.82394	1537.84755	1524.82725
2025-09-04T12:34:50Z	16175.00000	1555.11801	1538.26465	1525.08664
2025-09-04T12:34:50Z	16175.00000	1555.35969	1538.61710	1525.30179
2025-09-04T12:34:50Z	16175.00000	1555.54714	1538.88314	1525.46050
2025-09-04T12:34:50Z	16175.00000	1555.72559	1539.13122	1525.60883
2025-09-04T12:34:50Z	16175.00000	1555.93547	1539.40961	1525.78143
2025-09-04T12:34:50Z	16175.00000	1556.13005	1539.68001	1525.94119
2025-09-04T12:34:50Z	16175.00000	1556.28471	1539.90158	1526.07912
2025-09-04T12:34:51Z	16175.00000	1556.51293	1540.20726	1526.26128
2025-09-04T12:34:51Z	16176.00000	1556.69027	1540.45775	1526.41172
2025-09-04T12:34:51Z	16176.00000	1556.81829	1540.64178	1526.52350
2025-09-04T12:34:51Z	16176.00000	1556.93539	1540.82195	1526.63154
2025-09-04T12:34:51Z	16176.00000	1557.04893	1540.99299	1526.73386
2025-09-04T12:34:51Z	16176.00000	1557.20854	1541.20925	1526.86219
2025-09-04T12:34:51Z	16176.00000	1557.30320	1541.33651	1526.93508
2025-09-04T12:34:51Z	16176.00000	1557.44432	1541.54006	1527.05861
2025-09-04T12:34:51Z	16176.00000	1557.53970	1541.66894	1527.13159
2025-09-04T12:34:52Z	16176.00000	1557.61869	1541.78234	1527.19955
2025-09-04T12:34:52Z	16177.00000	1557.70088	1541.88508	1527.26342
2025-09-04T12:34:52Z	16177.00000	1557.77842	1542.01001	1527.33658
2025-09-04T12:34:52Z	16177.00000	1557.85333	1542.09024	1527.38485
2025-09-04T12:34:52Z	16177.00000	1557.87949	1542.15437	1527.42225
2025-09-04T12:34:52Z	16177.00000	1557.94235	1542.24195	1527.47360
2025-09-04T12:34:52Z	16177.00000	1557.98635	1542.28748	1527.50085
2025-09-04T12:34:52Z	16177.00000	1558.03708	1542.36082	1527.54394
2025-09-04T12:34:52Z	16177.00000	1558.05038	1542.40077	1527.56827
2025-09-04T12:34:52Z	16177.00000	1558.08125	1542.44446	1527.59543
2025-09-04T12:34:53Z	16178.00000	1558.11281	1542.47945	1527.61637
2025-09-04T12:34:53Z	16178.00000	1558.13547	1542.50463	1527.63120
2025-09-04T12:34:53Z	16178.00000	1558.15158	1542.52205	1527.64229
2025-09-04T12:34:53Z	16178.00000	1558.16677	1542.53860	1527.65109
2025-09-04T12:34:53Z	16178.00000	1558.17747	1542.55020	1527.65705
2025-09-04T12:34:53Z	16178.00000	1558.18461	1542.55997	1527.66250
2025-09-04T12:34:53Z	16178.00000	1558.18884	1542.56965	1527.66793
2025-09-04T12:34:53Z	16178.00000	1558.19458	1542.57492	1527.67109
2025-09-04T12:34:53Z	16178.00000	1558.19795	1542.58251	1527.67526
2025-09-04T12:34:54Z	16178.00000	1558.20020	1542.58901	1527.67852
2025-09-04T12:34:54Z	16179.00000	1557.01101	1540.94085	1526.68866
2025-09-04T12:34:54Z	16179.00000	1556.18072	1539.75710	1525.97646
2025-09-04T12:34:54Z	16179.00000	1555.87840	1539.35446	1525.73472
2025-09-04T12:34:54Z	16179.00000	1555.68778	1539.07217	1525.57059
2025-09-04T12:34:54Z	16179.00000	1555.48878	1538.78172	1525.39631
2025-09-04T12:34:54Z	16179.00000	1555.31877	1538.54252	1525.25387
2025-09-04T12:34:54Z	16179.00000	1555.13842	1538.28980	1525.09802
2025-09-04T12:34:54Z	16179.00000	1554.95327	1538.03238	1524.94076
2025-09-04T12:34:54Z	16179.00000	1554.83944	1537.87628	1524.84376
2025-09-04T12:34:55Z	16180.00000	1554.83839	1537.87048	1524.83906
2025-09-04T12:34:55Z	16180.00000	1554.83713	1537.86814	1524.83846
2025-09-04T12:34:55Z	16180.00000	1554.83609	1537.86667	1524.83768
2025-09-04T12:34:55Z	16180.00000	1554.83361	1537.86504	1524.83679
2025-09-04T12:34:55Z	16180.00000	1554.83524	1537.86340	1524.83597
2025-09-04T12:34:55Z	16180.00000	1554.83484	1537.86202	1524.83533
2025-09-04T12:34:55Z	16180.00000	1554.83385	1537.86103	1524.83495
2025-09-04T12:34:55Z	16180.00000	1554.83368	1537.85998	1524.83447
2025-09-04T12:34:55Z	16180.00000	1554.83316	1537.85888	1524.83367
2025-09-04T12:34:56Z	16180.00000	1554.83244	1537.85819	1524.83340
2025-09-04T12:34:56Z	16181.00000	1554.83202	1537.85744	1524.83303
2025-09-04T12:34:56Z	16181.00000	1554.83194	1537.85655	1524.83258
2025-09-04T12:34:56Z	16181.00000	1554.83158	1537.85563	1524.83183
2025-09-04T12:34:56Z	16181.00000	1554.82907	1537.85485	1524.83151
2025-09-04T12:34:56Z	16181.00000	1554.83041	1537.85422	1524.83113
2025-09-04T12:34:56Z	16181.00000	1554.83024	1537.85367	1524.83094
2025-09-04T12:34:56Z	16181.00000	1554.82693	1537.85334	1524.83069
2025-09-04T12:34:56Z	16181.00000	1554.82988	1537.85269	1524.83040
2025-09-04T12:34:57Z	16181.00000	1554.82895	1537.85219	1524.83032
2025-09-04T12:34:57Z	16182.00000	1554.82903	1537.85179	1524.83007
2025-09-04T12:34:57Z	16182.00000	1554.82882	1537.85103	1524.82966
2025-09-04T12:34:57Z	16182.00000	1554.82897	1537.85066	1524.82937
2025-09-04T12:34:57Z	16182.00000	1554.82802	1537.85044	1524.82930
2025-09-04T12:34:57Z	16182.00000	1554.82830	1537.84980	1524.82916
2025-09-04T12:34:57Z	16182.00000	1554.82727	1537.84944	1524.82871
2025-09-04T12:34:57Z	16182.00000	1554.82758	1537.84906	1524.82873
2025-09-04T12:34:57Z	16182.00000	1554.82756	1537.84864	1524.82833
2025-09-04T12:34:58Z	16182.00000	1554.82662	1537.84854	1524.82820
2025-09-04T12:34:58Z	16183.00000	1554.82703	1537.84802	1524.82805
2025-09-04T12:34:58Z	16183.00000	1554.82649	1537.84779	1524.82784
2025-09-04T12:34:58Z	16183.00000	1554.82651	1537.84771	1524.82772
2025-09-04T12:34:58Z	16183.00000	1554.82544	1537.84732	1524.82761
2025-09-04T12:34:58Z	16183.00000	1554.82395	1537.84675	1524.82724
2025-09-04T12:34:58Z	16183.00000	1554.82614	1537.84661	1524.82722
2025-09-04T12:34:58Z	16183.00000	1554.82377	1537.84630	1524.82684
2025-09-04T12:34:58Z	16183.00000	1554.82357	1537.84611	1524.82687
2025-09-04T12:34:59Z	16183.00000	1554.82489	1537.84583	1524.82659
2025-09-04T12:34:59Z	16184.00000	1554.84949	1537.89571	1524.85717
2025-09-04T12:34:59Z	16184.00000	1555.06062	1538.19872	1525.04976
2025-09-04T12:34:59Z	16184.00000	1555.34007	1538.56341	1525.27051
2025-09-04T12:34:59Z	16184.00000	1555.52605	1538.84394	1525.43583
2025-09-04T12:34:59Z	16184.00000	1555.80543	1539.21519	1525.66090
2025-09-04T12:34:59Z	16184.00000	1555.97316	1539.45315	1525.80688
2025-09-04T12:34:59Z	16184.00000	1556.13324	1539.68388	1525.94364
2025-09-04T12:34:59Z	16184.00000	1556.28325	1539.89987	1526.07862
2025-09-04T12:35:00Z	16184.00000	1556.48177	1540.17094	1526.23921
2025-09-04T12:35:00Z	16185.00000	1556.64059	1540.39777	1526.37682
2025-09-04T12:35:00Z	16185.00000	1556.79167	1540.61221	1526.50610
2025-09-04T12:35:00Z	16185.00000	1556.93632	1540.82261	1526.63160
2025-09-04T12:35:00Z	16185.00000	1557.06999	1541.02443	1526.75257
2025-09-04T12:35:00Z	16185.00000	1557.20074	1541.18575	1526.84799
2025-09-04T12:35:00Z	16185.00000	1557.30547	1541.33900	1526.93629
2025-09-04T12:35:00Z	16185.00000	1557.38883	1541.47875	1527.02007
2025-09-04T12:35:00Z	16185.00000	1557.53341	1541.64991	1527.12026
2025-09-04T12:35:00Z	16185.00000	1557.58539	1541.74594	1527.17655
2025-09-04T12:35:01Z	16185.00000	1557.68547	1541.85570	1527.24475
2025-09-04T12:35:01Z	16186.00000	1557.75774	1541.98666	1527.32139
2025-09-04T12:35:01Z	16186.00000	1557.87847	1542.14808	1527.41669
2025-09-04T12:35:01Z	16186.00000	1557.91031	1542.20459	1527.44973
2025-09-04T12:35:01Z	16186.00000	1557.96608	1542.26466	1527.48515
2025-09-04T12:35:01Z	16186.00000	1558.01538	1542.31845	1527.51660
2025-09-04T12:35:01Z	16186.00000	1558.04157	1542.37274	1527.54920
2025-09-04T12:35:01Z	16186.00000	1558.05630	1542.41150	1527.57293
2025-09-04T12:35:01Z	16186.00000	1558.08238	1542.44451	1527.59385
2025-09-04T12:35:02Z	16186.00000	1558.10855	1542.47211	1527.61084
2025-09-04T12:35:02Z	16187.00000	1558.12988	1542.49616	1527.62476
2025-09-04T12:35:02Z	16187.00000	1558.15327	1542.52167	1527.63936
2025-09-04T12:35:02Z	16187.00000	1558.16676	1542.53643	1527.64781
2025-09-04T12:35:02Z	16187.00000	1558.17760	1542.54839	1527.65508
2025-09-04T12:35:02Z	16187.00000	1558.18622	1542.55987	1527.66121
2025-09-04T12:35:02Z	16187.00000	1558.19319	1542.57036	1527.66669
2025-09-04T12:35:02Z	16187.00000	1558.19661	1542.57728	1527.67123
2025-09-04T12:35:02Z	16187.00000	1558.19921	1542.58248	1527.67383
2025-09-04T12:35:02Z	16187.00000	1558.20152	1542.58928	1527.67766
2025-09-04T12:35:03Z	16187.00000	1558.20324	1542.59428	1527.68040
2025-09-04T12:35:03Z	16188.00000	1556.36961	1540.05310	1526.15886
2025-09-04T12:35:03Z	16188.00000	1556.02586	1539.55205	1525.84932
2025-09-04T12:35:03Z	16188.00000	1555.81804	1539.24131	1525.66744
2025-09-04T12:35:03Z	16188.00000	1555.61396	1538.97092	1525.51046
2025-09-04T12:35:03Z	16188.00000	1555.37456	1538.65144	1525.32046
2025-09-04T12:35:03Z	16188.00000	1555.21410	1538.42418	1525.18287
2025-09-04T12:35:03Z	16188.00000	1555.07197	1538.21514	1525.05155
2025-09-04T12:35:03Z	16188.00000	1554.91477	1537.98845	1524.91356
2025-09-04T12:35:03Z	16188.00000	1554.84013	1537.87607	1524.84253
2025-09-04T12:35:04Z	16188.00000	1554.83947	1537.87259	1524.84083
2025-09-04T12:35:04Z	16189.00000	1554.83735	1537.86815	1524.83842
2025-09-04T12:35:04Z	16189.00000	1554.83637	1537.86697	1524.83810
2025-09-04T12:35:04Z	16189.00000	1554.83574	1537.86503	1524.83711
2025-09-04T12:35:04Z	16189.00000	1554.83562	1537.86397	1524.83653
2025-09-04T12:35:04Z	16189.00000	1554.83529	1537.86280	1524.83615
2025-09-04T12:35:04Z	16189.00000	1554.83444	1537.86144	1524.83550
2025-09-04T12:35:04Z	16189.00000	1554.83382	1537.86035	1524.83467
2025-09-04T12:35:04Z	16189.00000	1554.83368	1537.85930	1524.83412
2025-09-04T12:35:04Z	16189.00000	1554.83313	1537.85910	1524.83383
2025-09-04T12:35:05Z	16189.00000	1554.83249	1537.85849	1524.83416
2025-09-04T12:35:05Z	16190.00000	1554.83250	1537.85760	1524.83328
2025-09-04T12:35:05Z	16190.00000	1554.83232	1537.85657	1524.83281
2025-09-04T12:35:05Z	16190.00000	1554.83198	1537.85604	1524.83243
2025-09-04T12:35:05Z	16190.00000	1554.83099	1537.85555	1524.83225
2025-09-04T12:35:05Z	16190.00000	1554.83072	1537.85468	1524.83160
2025-09-04T12:35:05Z	16190.00000	1554.83099	1537.85440	1524.83155
2025-09-04T12:35:05Z	16190.00000	1554.83061	1537.85382	1524.83125
2025-09-04T12:35:05Z	16190.00000	1554.83024	1537.85340	1524.83103
2025-09-04T12:35:05Z	16190.00000	1554.82692	1537.85301	1524.83100
2025-09-04T12:35:06Z	16190.00000	1554.82957	1537.85258	1524.83045
2025-09-04T12:35:06Z	16191.00000	1554.82961	1537.85175	1524.83030
2025-09-04T12:35:06Z	16191.00000	1554.82929	1537.85162	1524.83012
2025-09-04T12:35:06Z	16191.00000	1554.82843	1537.85133	1524.82997
2025-09-04T12:35:06Z	16191.00000	1554.82862	1537.85085	1524.82960
2025-09-04T12:35:06Z	16191.00000	1554.82759	1537.85064	1524.82939
2025-09-04T12:35:06Z	16191.00000	1554.82832	1537.85007	1524.82916
2025-09-04T12:35:06Z	16191.00000	1554.82786	1537.84946	1524.82894
2025-09-04T12:35:06Z	16191.00000	1554.82761	1537.84939	1524.82890
2025-09-04T12:35:07Z	16191.00000	1554.82735	1537.84920	1524.82878
2025-09-04T12:35:07Z	16192.00000	1554.82718	1537.84876	1524.82861
2025-09-04T12:35:07Z	16192.00000	1554.82689	1537.84805	1524.82818
2025-09-04T12:35:07Z	16192.00000	1554.82676	1537.84783	1524.82827
2025-09-04T12:35:07Z	16192.00000	1554.82585	1537.84778	1524.82808
2025-09-04T12:35:07Z	16192.00000	1554.82611	1537.84742	1524.82773
2025-09-04T12:35:07Z	16192.00000	1554.82593	1537.84716	1524.82749
2025-09-04T12:35:07Z	16192.00000	1554.82507	1537.84639	1524.82734
2025-09-04T12:35:07Z	16192.00000	1554.82385	1537.84639	1524.82749
2025-09-04T12:35:08Z	16193.00000	1554.89422	1537.96778	1524.90729
2025-09-04T12:35:08Z	16193.00000	1555.05993	1538.19531	1525.04574
2025-09-04T12:35:08Z	16193.00000	1555.49638	1538.78229	1525.39806
2025-09-04T12:35:08Z	16193.00000	1555.67908	1539.03577	1525.55401
2025-09-04T12:35:08Z	16193.00000	1555.85387	1539.27977	1525.70131
2025-09-04T12:35:08Z	16193.00000	1556.01768	1539.51230	1525.84058
2025-09-04T12:35:08Z	16193.00000	1556.18364	1539.74171	1525.97984
2025-09-04T12:35:08Z	16193.00000	1556.33534	1539.95605	1526.11293
2025-09-04T12:35:08Z	16193.00000	1556.52067	1540.21983	1526.27000
2025-09-04T12:35:09Z	16194.00000	1556.65355	1540.41091	1526.38468
2025-09-04T12:35:09Z	16194.00000	1556.77750	1540.59579	1526.49679
2025-09-04T12:35:09Z	16194.00000	1556.97847	1540.86804	1526.66092
2025-09-04T12:35:09Z	16194.00000	1557.08510	1541.03889	1526.76200
2025-09-04T12:35:09Z	16194.00000	1557.20632	1541.20105	1526.85855
2025-09-04T12:35:09Z	16194.00000	1557.33778	1541.37209	1526.95715
2025-09-04T12:35:09Z	16194.00000	1557.41570	1541.50864	1527.04055
2025-09-04T12:35:09Z	16194.00000	1557.52955	1541.63852	1527.11614
2025-09-04T12:35:09Z	16194.00000	1557.61224	1541.77265	1527.19454
2025-09-04T12:35:10Z	16194.00000	1557.69917	1541.87835	1527.25984
2025-09-04T12:35:10Z	16195.00000	1557.74930	1541.97577	1527.31695
2025-09-04T12:35:10Z	16195.00000	1557.83012	1542.06016	1527.36647
2025-09-04T12:35:10Z	16195.00000	1557.87642	1542.13949	1527.41338
2025-09-04T12:35:10Z	16195.00000	1557.91378	1542.20660	1527.45208
2025-09-04T12:35:10Z	16195.00000	1558.01941	1542.32016	1527.51900
2025-09-04T12:35:10Z	16195.00000	1558.04582	1542.38153	1527.55494
2025-09-04T12:35:10Z	16195.00000	1558.06428	1542.41904	1527.57885
2025-09-04T12:35:10Z	16195.00000	1558.10179	1542.46063	1527.60408
2025-09-04T12:35:11Z	16195.00000	1558.12354	1542.48490	1527.61820
2025-09-04T12:35:11Z	16196.00000	1558.14344	1542.50653	1527.63109
2025-09-04T12:35:11Z	16196.00000	1558.15874	1542.52321	1527.64054
2025-09-04T12:35:11Z	16196.00000	1558.17425	1542.53917	1527.64907
2025-09-04T12:35:11Z	16196.00000	1558.18305	1542.55096	1527.65594
2025-09-04T12:35:11Z	16196.00000	1558.19094	1542.56124	1527.66250
2025-09-04T12:35:11Z	16196.00000	1558.19557	1542.56958	1527.66684
2025-09-04T12:35:11Z	16196.00000	1558.19859	1542.57649	1527.67064
2025-09-04T12:35:11Z	16196.00000	1558.20114	1542.58318	1527.67378
2025-09-04T12:35:11Z	16196.00000	1558.20298	1542.58854	1527.67702
2025-09-04T12:35:12Z	16196.00000	1558.20447	1542.59341	1527.67962
2025-09-04T12:35:12Z	16197.00000	1558.20589	1542.59736	1527.68232
2025-09-04T12:35:12Z	16197.00000	1556.36795	1540.04634	1526.15402
2025-09-04T12:35:12Z	16197.00000	1556.00649	1539.50259	1525.81803
2025-09-04T12:35:12Z	16197.00000	1555.72589	1539.14287	1525.60872
2025-09-04T12:35:12Z	16197.00000	1555.50610	1538.80412	1525.40771
2025-09-04T12:35:12Z	16197.00000	1555.33749	1538.56609	1525.26804
2025-09-04T12:35:12Z	16197.00000	1555.17763	1538.34526	1525.13341
2025-09-04T12:35:12Z	16197.00000	1555.02489	1538.14998	1525.01326
2025-09-04T12:35:12Z	16197.00000	1554.86616	1537.92836	1524.87497
2025-09-04T12:35:13Z	16197.00000	1554.84046	1537.87673	1524.84394
2025-09-04T12:35:13Z	16198.00000	1554.83968	1537.87296	1524.84117
2025-09-04T12:35:13Z	16198.00000	1554.83863	1537.87081	1524.84029
2025-09-04T12:35:13Z	16198.00000	1554.83757	1537.86915	1524.83957
2025-09-04T12:35:13Z	16198.00000	1554.83669	1537.86728	1524.83880
2025-09-04T12:35:13Z	16198.00000	1554.83604	1537.86467	1524.83708
2025-09-04T12:35:13Z	16198.00000	1554.83520	1537.86334	1524.83642
2025-09-04T12:35:13Z	16198.00000	1554.83483	1537.86151	1524.83539
2025-09-04T12:35:13Z	16198.00000	1554.83436	1537.86054	1524.83480
2025-09-04T12:35:14Z	16198.00000	1554.83408	1537.85981	1524.83452
2025-09-04T12:35:14Z	16199.00000	1554.83299	1537.85919	1524.83437
2025-09-04T12:35:14Z	16199.00000	1554.83298	1537.85818	1524.83380
2025-09-04T12:35:14Z	16199.00000	1554.83266	1537.85731	1524.83291
2025-09-04T12:35:14Z	16199.00000	1554.83256	1537.85682	1524.83292
2025-09-04T12:35:14Z	16199.00000	1554.83196	1537.85639	1524.83280
2025-09-04T12:35:14Z	16199.00000	1554.83178	1537.85600	1524.83260
2025-09-04T12:35:14Z	16199.00000	1554.82808	1537.85520	1524.83216
2025-09-04T12:35:14Z	16199.00000	1554.83081	1537.85440	1524.83159
2025-09-04T12:35:14Z	16199.00000	1554.83061	1537.85389	1524.83162
2025-09-04T12:35:15Z	16199.00000	1554.82699	1537.85373	1524.83147
2025-09-04T12:35:15Z	16200.00000	1554.82990	1537.85325	1524.83092
2025-09-04T12:35:15Z	16200.00000	1554.83010	1537.85268	1524.83059
2025-09-04T12:35:15Z	16200.00000	1554.82979	1537.85216	1524.83028
2025-09-04T12:35:15Z	16200.00000	1554.82923	1537.85184	1524.83022
2025-09-04T12:35:15Z	16200.00000	1554.82919	1537.85129	1524.83009
2025-09-04T12:35:15Z	16200.00000	1554.82909	1537.85085	1524.82981
2025-09-04T12:35:15Z	16200.00000	1554.82797	1537.85062	1524.82960
2025-09-04T12:35:15Z	16200.00000	1554.82784	1537.85031	1524.82951
2025-09-04T12:35:15Z	16200.00000	1554.82784	1537.84994	1524.82924
2025-09-04T12:35:16Z	16201.00000	1554.82808	1537.84959	1524.82908
2025-09-04T12:35:16Z	16201.00000	1554.82801	1537.84928	1524.82917
2025-09-04T12:35:16Z	16201.00000	1554.82749	1537.84899	1524.82878
2025-09-04T12:35:16Z	16201.00000	1554.82746	1537.84878	1524.82856
2025-09-04T12:35:16Z	16201.00000	1554.82714	1537.84847	1524.82857
2025-09-04T12:35:16Z	16201.00000	1554.82602	1537.84806	1524.82833
2025-09-04T12:35:16Z	16201.00000	1554.82692	1537.84774	1524.82782
2025-09-04T12:35:16Z	16201.00000	1554.82708	1537.84735	1524.82771
2025-09-04T12:35:16Z	16201.00000	1554.82595	1537.84710	1524.82764
2025-09-04T12:35:17Z	16201.00000	1554.82406	1537.84702	1524.82779
2025-09-04T12:35:17Z	16202.00000	1554.89325	1537.96749	1524.90787
2025-09-04T12:35:17Z	16202.00000	1555.15714	1538.30895	1525.11726
2025-09-04T12:35:17Z	16202.00000	1555.42375	1538.69820	1525.34980
2025-09-04T12:35:17Z	16202.00000	1555.65350	1539.00129	1525.53285
2025-09-04T12:35:17Z	16202.00000	1555.83829	1539.25236	1525.68443
2025-09-04T12:35:17Z	16202.00000	1556.02392	1539.53014	1525.85062
2025-09-04T12:35:17Z	16202.00000	1556.18961	1539.75564	1525.98884
2025-09-04T12:35:17Z	16202.00000	1556.34294	1539.96913	1526.12138
2025-09-04T12:35:18Z	16202.00000	1556.52256	1540.23584	1526.28082
2025-09-04T12:35:18Z	16203.00000	1556.66626	1540.42512	1526.39338
2025-09-04T12:35:18Z	16203.00000	1556.81713	1540.64089	1526.52477
2025-09-04T12:35:18Z	16203.00000	1557.02942	1540.93816	1526.70400
2025-09-04T12:35:18Z	16203.00000	1557.16668	1541.13191	1526.81757
2025-09-04T12:35:18Z	16203.00000	1557.25836	1541.28668	1526.90959
2025-09-04T12:35:18Z	16203.00000	1557.38583	1541.47337	1527.02067
2025-09-04T12:35:18Z	16203.00000	1557.50339	1541.60303	1527.09871
2025-09-04T12:35:18Z	16203.00000	1557.58317	1541.74477	1527.17960
2025-09-04T12:35:19Z	16204.00000	1557.68058	1541.84931	1527.24542
2025-09-04T12:35:19Z	16204.00000	1557.73540	1541.96265	1527.31237
2025-09-04T12:35:19Z	16204.00000	1557.84317	1542.07633	1527.37931
2025-09-04T12:35:19Z	16204.00000	1557.87926	1542.15185	1527.42355
2025-09-04T12:35:19Z	16204.00000	1557.92172	1542.21849	1527.46242
2025-09-04T12:35:19Z	16204.00000	1557.98534	1542.28492	1527.50158
2025-09-04T12:35:19Z	16204.00000	1558.03132	1542.34294	1527.53566
2025-09-04T12:35:19Z	16204.00000	1558.04813	1542.39184	1527.56511
2025-09-04T12:35:19Z	16204.00000	1558.07257	1542.43312	1527.59082
2025-09-04T12:35:20Z	16204.00000	1558.09879	1542.46085	1527.60815
2025-09-04T12:35:20Z	16205.00000	1558.12106	1542.48465	1527.62255
2025-09-04T12:35:20Z	16205.00000	1558.13944	1542.50522	1527.63418
2025-09-04T12:35:20Z	16205.00000	1558.15439	1542.52181	1527.64339
2025-09-04T12:35:20Z	16205.00000	1558.16870	1542.53737	1527.65218
2025-09-04T12:35:20Z	16205.00000	1558.17827	1542.54797	1527.65838
2025-09-04T12:35:20Z	16205.00000	1558.18610	1542.55884	1527.66427
2025-09-04T12:35:20Z	16205.00000	1558.19175	1542.56704	1527.66879
2025-09-04T12:35:20Z	16205.00000	1558.19556	1542.57357	1527.67246
2025-09-04T12:35:20Z	16205.00000	1558.19856	1542.58026	1527.67640
2025-09-04T12:35:21Z	16205.00000	1558.20074	1542.58573	1527.67917
2025-09-04T12:35:21Z	16206.00000	1556.39396	1540.09255	1526.17796
2025-09-04T12:35:21Z	16206.00000	1555.97687	1539.46635	1525.79890
2025-09-04T12:35:21Z	16206.00000	1555.74298	1539.16004	1525.61950
2025-09-04T12:35:21Z	16206.00000	1555.51388	1538.81924	1525.41732
2025-09-04T12:35:21Z	16206.00000	1555.32247	1538.54540	1525.25547
2025-09-04T12:35:21Z	16206.00000	1555.14122	1538.29149	1525.10023
2025-09-04T12:35:21Z	16206.00000	1554.98406	1538.06557	1524.96223
2025-09-04T12:35:21Z	16206.00000	1554.84146	1537.87749	1524.84052
2025-09-04T12:35:22Z	16206.00000	1554.84020	1537.87395	1524.84119
2025-09-04T12:35:22Z	16207.00000	1554.83935	1537.87165	1524.84053
2025-09-04T12:35:22Z	16207.00000	1554.83746	1537.86842	1524.83910
2025-09-04T12:35:22Z	16207.00000	1554.83635	1537.86662	1524.83829
2025-09-04T12:35:22Z	16207.00000	1554.83621	1537.86513	1524.83751
2025-09-04T12:35:22Z	16207.00000	1554.83582	1537.86398	1524.83682
2025-09-04T12:35:22Z	16207.00000	1554.83493	1537.86280	1524.83638
2025-09-04T12:35:22Z	16207.00000	1554.83473	1537.86124	1524.83538
2025-09-04T12:35:22Z	16207.00000	1554.83462	1537.86026	1524.83480
2025-09-04T12:35:23Z	16207.00000	1554.83310	1537.85938	1524.83460
2025-09-04T12:35:23Z	16208.00000	1554.83158	1537.85808	1524.83381
2025-09-04T12:35:23Z	16208.00000	1554.83257	1537.85709	1524.83304
2025-09-04T12:35:23Z	16208.00000	1554.83222	1537.85665	1524.83285
2025-09-04T12:35:23Z	16208.00000	1554.83196	1537.85603	1524.83286
2025-09-04T12:35:23Z	16208.00000	1554.83122	1537.85528	1524.83234
2025-09-04T12:35:23Z	16208.00000	1554.82802	1537.85473	1524.83193
2025-09-04T12:35:23Z	16208.00000	1554.83113	1537.85426	1524.83170
2025-09-04T12:35:23Z	16208.00000	1554.83048	1537.85405	1524.83165
2025-09-04T12:35:24Z	16208.00000	1554.83017	1537.85335	1524.83130
2025-09-04T12:35:24Z	16209.00000	1554.83021	1537.85267	1524.83085
2025-09-04T12:35:24Z	16209.00000	1554.83034	1537.85240	1524.83055
2025-09-04T12:35:24Z	16209.00000	1554.82958	1537.85211	1524.83061
2025-09-04T12:35:24Z	16209.00000	1554.82927	1537.85164	1524.83040
2025-09-04T12:35:24Z	16209.00000	1554.82801	1537.85084	1524.82963
2025-09-04T12:35:24Z	16209.00000	1554.82796	1537.85036	1524.82962
2025-09-04T12:35:24Z	16209.00000	1554.82864	1537.85019	1524.82942
2025-09-04T12:35:24Z	16209.00000	1554.82793	1537.84993	1524.82929
2025-09-04T12:35:25Z	16210.00000	1554.82799	1537.84964	1524.82931
2025-09-04T12:35:25Z	16210.00000	1554.82778	1537.84922	1524.82889
2025-09-04T12:35:25Z	16210.00000	1554.82773	1537.84886	1524.82865
2025-09-04T12:35:25Z	16210.00000	1554.82735	1537.84866	1524.82868
2025-09-04T12:35:25Z	16210.00000	1554.82734	1537.84840	1524.82845
2025-09-04T12:35:25Z	16210.00000	1554.82720	1537.84809	1524.82826
2025-09-04T12:35:25Z	16210.00000	1554.82747	1537.84781	1524.82806
2025-09-04T12:35:25Z	16210.00000	1554.82706	1537.84739	1524.82786
2025-09-04T12:35:25Z	16210.00000	1554.82693	1537.84725	1524.82786
2025-09-04T12:35:26Z	16211.00000	1554.82436	1537.84704	1524.82778
2025-09-04T12:35:26Z	16211.00000	1554.96873	1538.04286	1524.95416
2025-09-04T12:35:26Z	16211.00000	1555.20971	1538.41169	1525.17946
2025-09-04T12:35:26Z	16211.00000	1555.46048	1538.73940	1525.37377
2025-09-04T12:35:26Z	16211.00000	1555.69507	1539.08046	1525.58089
2025-09-04T12:35:26Z	16211.00000	1555.87244	1539.33305	1525.73481
2025-09-04T12:35:26Z	16211.00000	1556.13192	1539.68282	1525.94344
2025-09-04T12:35:26Z	16211.00000	1556.31926	1539.93908	1526.10385
2025-09-04T12:35:27Z	16211.00000	1556.47972	1540.16970	1526.23943
2025-09-04T12:35:27Z	16212.00000	1556.60650	1540.35981	1526.35700
2025-09-04T12:35:27Z	16212.00000	1556.76257	1540.58008	1526.48915
2025-09-04T12:35:27Z	16212.00000	1556.88699	1540.76707	1526.59936
2025-09-04T12:35:27Z	16212.00000	1557.01382	1540.91546	1526.69130
2025-09-04T12:35:27Z	16212.00000	1557.19452	1541.17105	1526.84297
2025-09-04T12:35:27Z	16212.00000	1557.33126	1541.36872	1526.95818
2025-09-04T12:35:27Z	16212.00000	1557.39126	1541.48397	1527.02850
2025-09-04T12:35:27Z	16212.00000	1557.57424	1541.73518	1527.17556
2025-09-04T12:35:28Z	16212.00000	1557.67285	1541.84273	1527.24281
2025-09-04T12:35:28Z	16213.00000	1557.74293	1541.97247	1527.31946
2025-09-04T12:35:28Z	16213.00000	1557.84556	1542.08441	1527.38552
2025-09-04T12:35:28Z	16213.00000	1557.88047	1542.15727	1527.42867
2025-09-04T12:35:28Z	16213.00000	1557.93357	1542.23286	1527.47287
2025-09-04T12:35:28Z	16213.00000	1557.97629	1542.27891	1527.50009
2025-09-04T12:35:28Z	16213.00000	1558.01856	1542.32862	1527.52913
2025-09-04T12:35:28Z	16213.00000	1558.04290	1542.37921	1527.55965
2025-09-04T12:35:28Z	16213.00000	1558.05764	1542.41653	1527.58265
2025-09-04T12:35:28Z	16213.00000	1558.08237	1542.44643	1527.60158
2025-09-04T12:35:29Z	16213.00000	1558.10884	1542.47480	1527.61895
2025-09-04T12:35:29Z	16214.00000	1558.12754	1542.49511	1527.63079
2025-09-04T12:35:29Z	16214.00000	1558.14503	1542.51478	1527.64211
2025-09-04T12:35:29Z	16214.00000	1558.16435	1542.53628	1527.65427
2025-09-04T12:35:29Z	16214.00000	1558.17346	1542.54654	1527.66003
2025-09-04T12:35:29Z	16214.00000	1558.17790	1542.55438	1527.66401
2025-09-04T12:35:29Z	16214.00000	1558.18600	1542.56207	1527.66853
2025-09-04T12:35:29Z	16214.00000	1558.19098	1542.56873	1527.67231
2025-09-04T12:35:29Z	16214.00000	1558.19384	1542.57463	1527.67551
2025-09-04T12:35:30Z	16214.00000	1558.19725	1542.58120	1527.67918
2025-09-04T12:35:30Z	16215.00000	1556.42677	1540.13360	1526.20584
2025-09-04T12:35:30Z	16215.00000	1556.04290	1539.59571	1525.87746
2025-09-04T12:35:30Z	16215.00000	1555.76032	1539.17787	1525.63078
2025-09-04T12:35:30Z	16215.00000	1555.56958	1538.91858	1525.47870
2025-09-04T12:35:30Z	16215.00000	1555.34973	1538.59393	1525.28512
2025-09-04T12:35:30Z	16215.00000	1555.18631	1538.37070	1525.15034
2025-09-04T12:35:30Z	16215.00000	1555.01976	1538.13688	1525.00518
2025-09-04T12:35:30Z	16215.00000	1554.87418	1537.94298	1524.88500
2025-09-04T12:35:30Z	16215.00000	1554.83956	1537.87468	1524.84076
2025-09-04T12:35:31Z	16215.00000	1554.83927	1537.87258	1524.84073
2025-09-04T12:35:31Z	16216.00000	1554.83748	1537.86901	1524.83931
2025-09-04T12:35:31Z	16216.00000	1554.83691	1537.86777	1524.83867
2025-09-04T12:35:31Z	16216.00000	1554.83660	1537.86564	1524.83776
2025-09-04T12:35:31Z	16216.00000	1554.83571	1537.86416	1524.83706
2025-09-04T12:35:31Z	16216.00000	1554.83514	1537.86285	1524.83646
2025-09-04T12:35:31Z	16216.00000	1554.83508	1537.86194	1524.83601
2025-09-04T12:35:31Z	16216.00000	1554.83452	1537.86071	1524.83512
2025-09-04T12:35:31Z	16216.00000	1554.83397	1537.86011	1524.83496
2025-09-04T12:35:32Z	16216.00000	1554.83192	1537.85942	1524.83485
2025-09-04T12:35:32Z	16217.00000	1554.83304	1537.85842	1524.83416
2025-09-04T12:35:32Z	16217.00000	1554.83293	1537.85771	1524.83361
2025-09-04T12:35:32Z	16217.00000	1554.83247	1537.85705	1524.83337
2025-09-04T12:35:32Z	16217.00000	1554.82979	1537.85612	1524.83269
2025-09-04T12:35:32Z	16217.00000	1554.83146	1537.85561	1524.83249
2025-09-04T12:35:32Z	16217.00000	1554.83157	1537.85518	1524.83210
2025-09-04T12:35:32Z	16217.00000	1554.83112	1537.85470	1524.83205
2025-09-04T12:35:32Z	16217.00000	1554.83072	1537.85428	1524.83183
2025-09-04T12:35:33Z	16217.00000	1554.83046	1537.85393	1524.83158
2025-09-04T12:35:33Z	16218.00000	1554.83058	1537.85323	1524.83110
2025-09-04T12:35:33Z	16218.00000	1554.82996	1537.85244	1524.83076
2025-09-04T12:35:33Z	16218.00000	1554.82964	1537.85205	1524.83058
2025-09-04T12:35:33Z	16218.00000	1554.82856	1537.85188	1524.83034
2025-09-04T12:35:33Z	16218.00000	1554.82841	1537.85144	1524.83022
2025-09-04T12:35:33Z	16218.00000	1554.82917	1537.85094	1524.82994
2025-09-04T12:35:33Z	16218.00000	1554.82618	1537.85057	1524.82982
2025-09-04T12:35:33Z	16218.00000	1554.82596	1537.85026	1524.82955
2025-09-04T12:35:34Z	16218.00000	1554.82830	1537.84992	1524.82960
2025-09-04T12:35:34Z	16219.00000	1554.82793	1537.84946	1524.82902
2025-09-04T12:35:34Z	16219.00000	1554.82729	1537.84910	1524.82892
2025-09-04T12:35:34Z	16219.00000	1554.82517	1537.84888	1524.82909
2025-09-04T12:35:34Z	16219.00000	1554.82747	1537.84858	1524.82876
2025-09-04T12:35:34Z	16219.00000	1554.82741	1537.84832	1524.82838
2025-09-04T12:35:34Z	16219.00000	1554.82622	1537.84812	1524.82829
2025-09-04T12:35:34Z	16219.00000	1554.82731	1537.84770	1524.82810
2025-09-04T12:35:34Z	16219.00000	1554.82467	1537.84753	1524.82814
2025-09-04T12:35:35Z	16219.00000	1554.82664	1537.84737	1524.82793
2025-09-04T12:35:35Z	16220.00000	1554.82659	1537.84724	1524.82779
2025-09-04T12:35:35Z	16220.00000	1554.89007	1537.95858	1524.89927
2025-09-04T12:35:35Z	16220.00000	1555.11030	1538.25527	1525.08250
2025-09-04T12:35:35Z	16220.00000	1555.35930	1538.61474	1525.30213
2025-09-04T12:35:35Z	16220.00000	1555.58431	1538.92351	1525.48655
2025-09-04T12:35:35Z	16220.00000	1555.77639	1539.18401	1525.64178
2025-09-04T12:35:35Z	16220.00000	1556.02602	1539.53666	1525.85523
2025-09-04T12:35:35Z	16220.00000	1556.20372	1539.79661	1526.01525
2025-09-04T12:35:36Z	16220.00000	1556.37253	1540.03948	1526.16212
2025-09-04T12:35:36Z	16221.00000	1556.53708	1540.26405	1526.29947
2025-09-04T12:35:36Z	16221.00000	1556.69106	1540.45900	1526.41449
2025-09-04T12:35:36Z	16221.00000	1556.96384	1540.85154	1526.65206
2025-09-04T12:35:36Z	16221.00000	1557.06921	1541.02040	1526.75260
2025-09-04T12:35:36Z	16221.00000	1557.22042	1541.23781	1526.88193
2025-09-04T12:35:36Z	16221.00000	1557.40566	1541.49821	1527.03565
2025-09-04T12:35:36Z	16221.00000	1557.52089	1541.62452	1527.11004
2025-09-04T12:35:37Z	16221.00000	1557.60055	1541.76201	1527.19024
2025-09-04T12:35:37Z	16222.00000	1557.70626	1541.90067	1527.27637
2025-09-04T12:35:37Z	16222.00000	1557.76597	1541.99587	1527.33082
2025-09-04T12:35:37Z	16222.00000	1557.85540	1542.09148	1527.38768
2025-09-04T12:35:37Z	16222.00000	1557.88524	1542.16745	1527.43251
2025-09-04T12:35:37Z	16222.00000	1557.94324	1542.24027	1527.47505
2025-09-04T12:35:37Z	16222.00000	1558.00330	1542.30351	1527.51221
2025-09-04T12:35:37Z	16222.00000	1558.03943	1542.36598	1527.54913
2025-09-04T12:35:37Z	16222.00000	1558.05824	1542.41507	1527.57958
2025-09-04T12:35:38Z	16222.00000	1558.09031	1542.45309	1527.60328
2025-09-04T12:35:38Z	16223.00000	1558.11574	1542.47944	1527.61948
2025-09-04T12:35:38Z	16223.00000	1558.13315	1542.49948	1527.63054
2025-09-04T12:35:38Z	16223.00000	1558.14952	1542.51758	1527.64159
2025-09-04T12:35:38Z	16223.00000	1558.16179	1542.53037	1527.64859
2025-09-04T12:35:38Z	16223.00000	1558.17147	1542.54115	1527.65459
2025-09-04T12:35:38Z	16223.00000	1558.17847	1542.55015	1527.65983
2025-09-04T12:35:38Z	16223.00000	1558.18497	1542.55765	1527.66371
2025-09-04T12:35:38Z	16223.00000	1558.19026	1542.56530	1527.66812
2025-09-04T12:35:38Z	16223.00000	1558.19391	1542.57192	1527.67200
2025-09-04T12:35:39Z	16224.00000	1558.19650	1542.57733	1527.67528
2025-09-04T12:35:39Z	16224.00000	1556.21433	1539.83774	1526.02758
2025-09-04T12:35:39Z	16224.00000	1556.00856	1539.50736	1525.82401
2025-09-04T12:35:39Z	16224.00000	1555.82130	1539.24439	1525.66952
2025-09-04T12:35:39Z	16224.00000	1555.62035	1538.97665	1525.51403
2025-09-04T12:35:39Z	16224.00000	1555.38165	1538.65775	1525.32475
2025-09-04T12:35:39Z	16224.00000	1555.22226	1538.43335	1525.18873
2025-09-04T12:35:39Z	16224.00000	1555.08266	1538.22642	1525.05861
2025-09-04T12:35:39Z	16224.00000	1554.94544	1538.02230	1524.93522
2025-09-04T12:35:40Z	16224.00000	1554.84029	1537.87701	1524.84449
2025-09-04T12:35:40Z	16225.00000	1554.83970	1537.87331	1524.84169
2025-09-04T12:35:40Z	16225.00000	1554.83841	1537.86998	1524.84006
2025-09-04T12:35:40Z	16225.00000	1554.83733	1537.86812	1524.83912
2025-09-04T12:35:40Z	16225.00000	1554.83664	1537.86666	1524.83859
2025-09-04T12:35:40Z	16225.00000	1554.83591	1537.86440	1524.83732
2025-09-04T12:35:40Z	16225.00000	1554.83575	1537.86340	1524.83681
2025-09-04T12:35:40Z	16225.00000	1554.83520	1537.86196	1524.83574
2025-09-04T12:35:40Z	16225.00000	1554.83490	1537.86073	1524.83509
2025-09-04T12:35:41Z	16225.00000	1554.83014	1537.85992	1524.83514
2025-09-04T12:35:41Z	16226.00000	1554.83340	1537.85948	1524.83477
2025-09-04T12:35:41Z	16226.00000	1554.83321	1537.85814	1524.83413
2025-09-04T12:35:41Z	16226.00000	1554.83271	1537.85723	1524.83338
2025-09-04T12:35:41Z	16226.00000	1554.83187	1537.85596	1524.83247
2025-09-04T12:35:41Z	16226.00000	1554.83223	1537.85632	1524.83324
2025-09-04T12:35:41Z	16226.00000	1554.82801	1537.85477	1524.83212
2025-09-04T12:35:41Z	16226.00000	1554.83102	1537.85441	1524.83196
2025-09-04T12:35:42Z	16227.00000	1554.83067	1537.85409	1524.83190
2025-09-04T12:35:42Z	16227.00000	1554.82752	1537.85364	1524.83161
2025-09-04T12:35:42Z	16227.00000	1554.83069	1537.85279	1524.83117
2025-09-04T12:35:42Z	16227.00000	1554.82985	1537.85259	1524.83104
2025-09-04T12:35:42Z	16227.00000	1554.82955	1537.85225	1524.83075
2025-09-04T12:35:42Z	16227.00000	1554.82957	1537.85152	1524.83045
2025-09-04T12:35:42Z	16227.00000	1554.82950	1537.85136	1524.83031
2025-09-04T12:35:42Z	16227.00000	1554.82927	1537.85081	1524.83006
2025-09-04T12:35:42Z	16227.00000	1554.82900	1537.85044	1524.82994
2025-09-04T12:35:43Z	16227.00000	1554.82834	1537.84993	1524.82968
2025-09-04T12:35:43Z	16228.00000	1554.82860	1537.84969	1524.82936
2025-09-04T12:35:43Z	16228.00000	1554.82821	1537.84943	1524.82917
2025-09-04T12:35:43Z	16228.00000	1554.82800	1537.84927	1524.82912
2025-09-04T12:35:43Z	16228.00000	1554.82768	1537.84881	1524.82902
2025-09-04T12:35:43Z	16228.00000	1554.82705	1537.84835	1524.82845
2025-09-04T12:35:43Z	16228.00000	1554.82747	1537.84802	1524.82843
2025-09-04T12:35:43Z	16228.00000	1554.82716	1537.84770	1524.82836
2025-09-04T12:35:44Z	16228.00000	1554.82701	1537.84772	1524.82826
2025-09-04T12:35:44Z	16229.00000	1554.84318	1537.88080	1524.84596
2025-09-04T12:35:44Z	16229.00000	1555.04585	1538.18069	1525.03700
2025-09-04T12:35:44Z	16229.00000	1555.28171	1538.49457	1525.23066
2025-09-04T12:35:44Z	16229.00000	1555.53237	1538.85731	1525.44477
2025-09-04T12:35:44Z	16229.00000	1555.70849	1539.10834	1525.59626
2025-09-04T12:35:44Z	16229.00000	1555.91292	1539.38420	1525.76630
2025-09-04T12:35:44Z	16229.00000	1556.07048	1539.61463	1525.90228
2025-09-04T12:35:44Z	16229.00000	1556.20627	1539.80258	1526.01888
2025-09-04T12:35:45Z	16229.00000	1556.51788	1540.21375	1526.26723
2025-09-04T12:35:45Z	16230.00000	1556.65405	1540.41087	1526.38530
2025-09-04T12:35:45Z	16230.00000	1556.78067	1540.59865	1526.49957
2025-09-04T12:35:45Z	16230.00000	1556.90834	1540.79148	1526.61357
2025-09-04T12:35:45Z	16230.00000	1557.09352	1541.04865	1526.76795
2025-09-04T12:35:45Z	16230.00000	1557.21695	1541.23056	1526.87687
2025-09-04T12:35:45Z	16230.00000	1557.37596	1541.44602	1527.00259
2025-09-04T12:35:45Z	16230.00000	1557.51484	1541.61527	1527.10437
2025-09-04T12:35:45Z	16230.00000	1557.59193	1541.75185	1527.18290
2025-09-04T12:35:46Z	16231.00000	1557.68577	1541.85501	1527.24733
2025-09-04T12:35:46Z	16231.00000	1557.74215	1541.96694	1527.31317
2025-09-04T12:35:46Z	16231.00000	1557.82096	1542.05188	1527.36253
2025-09-04T12:35:46Z	16231.00000	1557.87314	1542.12978	1527.40936
2025-09-04T12:35:46Z	16231.00000	1557.92221	1542.21699	1527.46016
2025-09-04T12:35:46Z	16231.00000	1557.98364	1542.28273	1527.49901
2025-09-04T12:35:46Z	16231.00000	1558.03299	1542.34643	1527.53639
2025-09-04T12:35:46Z	16231.00000	1558.04864	1542.39241	1527.56423
2025-09-04T12:35:46Z	16231.00000	1558.06210	1542.41947	1527.58112
2025-09-04T12:35:47Z	16231.00000	1558.08333	1542.44371	1527.59634
2025-09-04T12:35:47Z	16232.00000	1558.11143	1542.47356	1527.61470
2025-09-04T12:35:47Z	16232.00000	1558.12822	1542.49270	1527.62597
2025-09-04T12:35:47Z	16232.00000	1558.14477	1542.51043	1527.63621
2025-09-04T12:35:47Z	16232.00000	1558.15640	1542.52310	1527.64361
2025-09-04T12:35:47Z	16232.00000	1558.16765	1542.53602	1527.65086
2025-09-04T12:35:47Z	16232.00000	1558.17670	1542.54642	1527.65679
2025-09-04T12:35:47Z	16232.00000	1558.18397	1542.55714	1527.66304
2025-09-04T12:35:47Z	16232.00000	1558.18656	1542.56340	1527.66592
2025-09-04T12:35:48Z	16232.00000	1558.19358	1542.57009	1527.66996
2025-09-04T12:35:48Z	16233.00000	1556.52640	1540.24563	1526.26381
2025-09-04T12:35:48Z	16233.00000	1556.11913	1539.68109	1525.92747
2025-09-04T12:35:48Z	16233.00000	1555.82365	1539.24647	1525.67000
2025-09-04T12:35:48Z	16233.00000	1555.54670	1538.88787	1525.46023
2025-09-04T12:35:48Z	16233.00000	1555.37414	1538.64755	1525.31828
2025-09-04T12:35:48Z	16233.00000	1555.15920	1538.31211	1525.11385
2025-09-04T12:35:48Z	16233.00000	1555.01109	1538.11129	1524.99081
2025-09-04T12:35:48Z	16233.00000	1554.86275	1537.92753	1524.87526
2025-09-04T12:35:49Z	16233.00000	1554.84032	1537.87619	1524.84416
2025-09-04T12:35:49Z	16234.00000	1554.83857	1537.87079	1524.84023
2025-09-04T12:35:49Z	16234.00000	1554.83814	1537.86963	1524.84060
2025-09-04T12:35:49Z	16234.00000	1554.83717	1537.86816	1524.83979
2025-09-04T12:35:49Z	16234.00000	1554.83641	1537.86539	1524.83787
2025-09-04T12:35:49Z	16234.00000	1554.83599	1537.86445	1524.83750
2025-09-04T12:35:49Z	16234.00000	1554.83506	1537.86326	1524.83687
2025-09-04T12:35:49Z	16234.00000	1554.83506	1537.86134	1524.83578
2025-09-04T12:35:49Z	16234.00000	1554.83458	1537.86053	1524.83520
2025-09-04T12:35:50Z	16234.00000	1554.83358	1537.85982	1524.83515
2025-09-04T12:35:50Z	16235.00000	1554.83318	1537.85921	1524.83476
2025-09-04T12:35:50Z	16235.00000	1554.83284	1537.85737	1524.83360
2025-09-04T12:35:50Z	16235.00000	1554.83253	1537.85737	1524.83378
2025-09-04T12:35:50Z	16235.00000	1554.83190	1537.85621	1524.83316
2025-09-04T12:35:50Z	16235.00000	1554.83174	1537.85539	1524.83248
2025-09-04T12:35:50Z	16235.00000	1554.83173	1537.85498	1524.83224
2025-09-04T12:35:50Z	16235.00000	1554.83114	1537.85464	1524.83243
2025-09-04T12:35:51Z	16235.00000	1554.83059	1537.85394	1524.83204
2025-09-04T12:35:51Z	16236.00000	1554.83090	1537.85348	1524.83153
2025-09-04T12:35:51Z	16236.00000	1554.83076	1537.85302	1524.83114
2025-09-04T12:35:51Z	16236.00000	1554.83021	1537.85275	1524.83118
2025-09-04T12:35:51Z	16236.00000	1554.82992	1537.85245	1524.83101
2025-09-04T12:35:51Z	16236.00000	1554.82982	1537.85209	1524.83092
2025-09-04T12:35:51Z	16236.00000	1554.82870	1537.85148	1524.83056
2025-09-04T12:35:51Z	16236.00000	1554.82634	1537.85143	1524.83031
2025-09-04T12:35:51Z	16236.00000	1554.82921	1537.85087	1524.83016
2025-09-04T12:35:51Z	16236.00000	1554.82819	1537.85040	1524.83006
2025-09-04T12:35:52Z	16236.00000	1554.82903	1537.85026	1524.82968
2025-09-04T12:35:52Z	16237.00000	1554.82842	1537.84973	1524.82950
2025-09-04T12:35:52Z	16237.00000	1554.82854	1537.84960	1524.82949
2025-09-04T12:35:52Z	16237.00000	1554.82755	1537.84923	1524.82942
2025-09-04T12:35:52Z	16237.00000	1554.82789	1537.84902	1524.82922
2025-09-04T12:35:52Z	16237.00000	1554.82754	1537.84847	1524.82902
2025-09-04T12:35:52Z	16237.00000	1554.82780	1537.84853	1524.82878
2025-09-04T12:35:52Z	16237.00000	1554.82720	1537.84815	1524.82875
2025-09-04T12:35:52Z	16237.00000	1554.82683	1537.84802	1524.82845
2025-09-04T12:35:53Z	16237.00000	1554.82716	1537.84783	1524.82831
2025-09-04T12:35:53Z	16238.00000	1554.82696	1537.84759	1524.82828
2025-09-04T12:35:53Z	16238.00000	1554.82665	1537.84720	1524.82819
2025-09-04T12:35:53Z	16238.00000	1554.82681	1537.84695	1524.82794
2025-09-04T12:35:53Z	16238.00000	1554.82430	1537.84680	1524.82792
2025-09-04T12:35:53Z	16238.00000	1554.82646	1537.84674	1524.82796
2025-09-04T12:35:53Z	16238.00000	1554.82545	1537.84626	1524.82770
2025-09-04T12:35:53Z	16238.00000	1554.82394	1537.84608	1524.82753
2025-09-04T12:35:53Z	16238.00000	1554.82584	1537.84579	1524.82762
2025-09-04T12:35:53Z	16238.00000	1554.82563	1537.84549	1524.82733
2025-09-04T12:35:54Z	16238.00000	1554.82516	1537.84554	1524.82732
2025-09-04T12:35:54Z	16239.00000	1554.82549	1537.84532	1524.82701
2025-09-04T12:35:54Z	16239.00000	1554.82385	1537.84506	1524.82707
2025-09-04T12:35:54Z	16239.00000	1554.82361	1537.84482	1524.82701
2025-09-04T12:35:54Z	16239.00000	1554.82537	1537.84460	1524.82686
2025-09-04T12:35:54Z	16239.00000	1554.82481	1537.84456	1524.82673
2025-09-04T12:35:54Z	16239.00000	1554.82503	1537.84445	1524.82667
2025-09-04T12:35:54Z	16239.00000	1554.82540	1537.84427	1524.82653
2025-09-04T12:35:54Z	16239.00000	1554.82463	1537.84408	1524.82631
2025-09-04T12:35:54Z	16239.00000	1554.82467	1537.84373	1524.82635
2025-09-04T12:35:55Z	16240.00000	1554.82278	1537.84344	1524.82606
2025-09-04T12:35:55Z	16240.00000	1554.82450	1537.84341	1524.82599
2025-09-04T12:35:55Z	16240.00000	1554.82421	1537.84338	1524.82609
2025-09-04T12:35:55Z	16240.00000	1554.82254	1537.84315	1524.82585
2025-09-04T12:35:55Z	16240.00000	1554.82256	1537.84291	1524.82563
2025-09-04T12:35:55Z	16240.00000	1554.82421	1537.84280	1524.82577
2025-09-04T12:35:55Z	16240.00000	1554.82362	1537.84278	1524.82561
2025-09-04T12:35:55Z	16240.00000	1554.82394	1537.84242	1524.82546
2025-09-04T12:35:55Z	16240.00000	1554.82366	1537.84229	1524.82539
2025-09-04T12:35:56Z	16241.00000	1554.82378	1537.84223	1524.82530
2025-09-04T12:35:56Z	16241.00000	1554.82356	1537.84200	1524.82526
2025-09-04T12:35:56Z	16241.00000	1554.82353	1537.84182	1524.82518
2025-09-04T12:35:56Z	16241.00000	1554.82319	1537.84153	1524.82514
2025-09-04T12:35:56Z	16241.00000	1554.82310	1537.84164	1524.82497
2025-09-04T12:35:56Z	16241.00000	1554.82273	1537.84136	1524.82497
2025-09-04T12:35:56Z	16241.00000	1554.82312	1537.84116	1524.82490
2025-09-04T12:35:56Z	16241.00000	1554.82252	1537.84114	1524.82469
2025-09-04T12:35:57Z	16241.00000	1554.82244	1537.84101	1524.82448
2025-09-04T12:35:57Z	16242.00000	1554.82136	1537.84086	1524.82475
2025-09-04T12:35:57Z	16242.00000	1554.82246	1537.84062	1524.82454
2025-09-04T12:35:57Z	16242.00000	1554.82250	1537.84045	1524.82419
2025-09-04T12:35:57Z	16242.00000	1554.82224	1537.84060	1524.82434
2025-09-04T12:35:57Z	16242.00000	1554.82264	1537.84021	1524.82421
2025-09-04T12:35:57Z	16242.00000	1554.82197	1537.83994	1524.82407
2025-09-04T12:35:57Z	16242.00000	1554.82183	1537.83991	1524.82430
2025-09-04T12:35:57Z	16242.00000	1554.82083	1537.83997	1524.82404
2025-09-04T12:35:57Z	16242.00000	1554.82207	1537.83985	1524.82423
2025-09-04T12:35:58Z	16243.00000	1554.82092	1537.83952	1524.82398
2025-09-04T12:35:58Z	16243.00000	1554.82066	1537.83959	1524.82384
2025-09-04T12:35:58Z	16243.00000	1554.82172	1537.83947	1524.82405
2025-09-04T12:35:58Z	16243.00000	1554.82081	1537.83947	1524.82399
2025-09-04T12:35:58Z	16243.00000	1554.82156	1537.83928	1524.82344
2025-09-04T12:35:58Z	16243.00000	1554.82045	1537.83924	1524.82360
2025-09-04T12:35:58Z	16243.00000	1554.82050	1537.83928	1524.82380
2025-09-04T12:35:58Z	16243.00000	1554.82037	1537.83900	1524.82362
2025-09-04T12:35:59Z	16243.00000	1554.82035	1537.83889	1524.82362
2025-09-04T12:35:59Z	16244.00000	1554.82034	1537.83868	1524.82330
2025-09-04T12:35:59Z	16244.00000	1554.82021	1537.83873	1524.82358
2025-09-04T12:35:59Z	16244.00000	1554.82031	1537.83864	1524.82339
2025-09-04T12:35:59Z	16244.00000	1554.81999	1537.83857	1524.82333
2025-09-04T12:35:59Z	16244.00000	1554.81983	1537.83841	1524.82319
2025-09-04T12:35:59Z	16244.00000	1554.81978	1537.83835	1524.82335
2025-09-04T12:35:59Z	16244.00000	1554.81991	1537.83830	1524.82321
2025-09-04T12:35:59Z	16244.00000	1554.81980	1537.83817	1524.82321
2025-09-04T12:35:59Z	16244.00000	1554.81964	1537.83816	1524.82300
2025-09-04T12:36:00Z	16244.00000	1554.81913	1537.83781	1524.82267
2025-09-04T12:36:00Z	16245.00000	1554.82079	1537.83765	1524.82290
2025-09-04T12:36:00Z	16245.00000	1554.82053	1537.83780	1524.82319
2025-09-04T12:36:00Z	16245.00000	1554.82032	1537.83768	1524.82292
2025-09-04T12:36:00Z	16245.00000	1554.82042	1537.83777	1524.82281
2025-09-04T12:36:00Z	16245.00000	1554.81920	1537.83698	1524.82245
2025-09-04T12:36:00Z	16245.00000	1554.82051	1537.83742	1524.82285
2025-09-04T12:36:00Z	16245.00000	1554.81970	1537.83707	1524.82255
2025-09-04T12:36:00Z	16245.00000	1554.82011	1537.83704	1524.82252
2025-09-04T12:36:01Z	16246.00000	1554.81976	1537.83695	1524.82220
2025-09-04T12:36:01Z	16246.00000	1554.81947	1537.83712	1524.82261
2025-09-04T12:36:01Z	16246.00000	1554.81939	1537.83725	1524.82257
2025-09-04T12:36:01Z	16246.00000	1554.81958	1537.83669	1524.82210
2025-09-04T12:36:01Z	16246.00000	1554.81864	1537.83671	1524.82221
2025-09-04T12:36:01Z	16246.00000	1554.81888	1537.83686	1524.82245
2025-09-04T12:36:01Z	16246.00000	1554.81859	1537.83652	1524.82217
2025-09-04T12:36:01Z	16246.00000	1554.81952	1537.83665	1524.82240
2025-09-04T12:36:01Z	16246.00000	1554.81952	1537.83641	1524.82217
2025-09-04T12:36:02Z	16246.00000	1554.81984	1537.83646	1524.82232
2025-09-04T12:36:02Z	16247.00000	1554.81889	1537.83626	1524.82198
2025-09-04T12:36:02Z	16247.00000	1554.81937	1537.83629	1524.82179
2025-09-04T12:36:02Z	16247.00000	1554.81941	1537.83623	1524.82200
2025-09-04T12:36:02Z	16247.00000	1554.81907	1537.83614	1524.82184
2025-09-04T12:36:02Z	16247.00000	1554.81937	1537.83599	1524.82194
2025-09-04T12:36:02Z	16247.00000	1554.81903	1537.83602	1524.82179
2025-09-04T12:36:02Z	16247.00000	1554.81859	1537.83561	1524.82150
2025-09-04T12:36:02Z	16247.00000	1554.81908	1537.83574	1524.82174
2025-09-04T12:36:03Z	16247.00000	1554.81878	1537.83589	1524.82187
2025-09-04T12:36:03Z	16248.00000	1554.81853	1537.83555	1524.82170
2025-09-04T12:36:03Z	16248.00000	1554.81844	1537.83548	1524.82164
2025-09-04T12:36:03Z	16248.00000	1554.81879	1537.83586	1524.82215
2025-09-04T12:36:03Z	16248.00000	1554.81839	1537.83468	1524.82089
2025-09-04T12:36:03Z	16248.00000	1554.81734	1537.83504	1524.82100
2025-09-04T12:36:03Z	16248.00000	1554.81856	1537.83525	1524.82144
2025-09-04T12:36:03Z	16248.00000	1554.81846	1537.83506	1524.82134
2025-09-04T12:36:03Z	16248.00000	1554.81883	1537.83521	1524.82149
2025-09-04T12:36:04Z	16248.00000	1554.81826	1537.83537	1524.82172
2025-09-04T12:36:04Z	16249.00000	1554.81812	1537.83488	1524.82117
2025-09-04T12:36:04Z	16249.00000	1554.81775	1537.83461	1524.82113
2025-09-04T12:36:04Z	16249.00000	1554.81821	1537.83475	1524.82108
2025-09-04T12:36:04Z	16249.00000	1554.81844	1537.83482	1524.82108
2025-09-04T12:36:04Z	16249.00000	1554.81830	1537.83487	1524.82109
2025-09-04T12:36:04Z	16249.00000	1554.81815	1537.83486	1524.82115
2025-09-04T12:36:04Z	16249.00000	1554.81808	1537.83463	1524.82098
2025-09-04T12:36:04Z	16249.00000	1554.81778	1537.83458	1524.82105
2025-09-04T12:36:04Z	16249.00000	1554.81807	1537.83448	1524.82107
2025-09-04T12:36:05Z	16249.00000	1554.81828	1537.83439	1524.82113
2025-09-04T12:36:05Z	16250.00000	1554.81817	1537.83431	1524.82086
2025-09-04T12:36:05Z	16250.00000	1554.81790	1537.83449	1524.82108
2025-09-04T12:36:05Z	16250.00000	1554.81712	1537.83437	1524.82094
2025-09-04T12:36:05Z	16250.00000	1554.81772	1537.83417	1524.82093
2025-09-04T12:36:05Z	16250.00000	1554.81774	1537.83437	1524.82088
2025-09-04T12:36:05Z	16250.00000	1554.81653	1537.83415	1524.82086
2025-09-04T12:36:05Z	16250.00000	1554.81773	1537.83411	1524.82086
2025-09-04T12:36:05Z	16250.00000	1554.81727	1537.83393	1524.82077
2025-09-04T12:36:06Z	16251.00000	1554.81688	1537.83382	1524.82066
2025-09-04T12:36:06Z	16251.00000	1554.81743	1537.83380	1524.82069
2025-09-04T12:36:06Z	16251.00000	1554.81686	1537.83404	1524.82063
2025-09-04T12:36:06Z	16251.00000	1554.81672	1537.83372	1524.82068
2025-09-04T12:36:06Z	16251.00000	1554.81660	1537.83381	1524.82073
2025-09-04T12:36:06Z	16251.00000	1554.81651	1537.83371	1524.82054
2025-09-04T12:36:06Z	16251.00000	1554.81682	1537.83357	1524.82035
2025-09-04T12:36:06Z	16251.00000	1554.81669	1537.83357	1524.82050
2025-09-04T12:36:07Z	16251.00000	1554.81655	1537.83356	1524.82034
2025-09-04T12:36:07Z	16252.00000	1554.81636	1537.83340	1524.82045
2025-09-04T12:36:07Z	16252.00000	1554.81630	1537.83334	1524.82036
2025-09-04T12:36:07Z	16252.00000	1554.81622	1537.83330	1524.82043
2025-09-04T12:36:07Z	16252.00000	1554.81688	1537.83337	1524.82034
2025-09-04T12:36:07Z	16252.00000	1554.81607	1537.83314	1524.82043
2025-09-04T12:36:07Z	16252.00000	1554.81634	1537.83330	1524.82042
2025-09-04T12:36:07Z	16252.00000	1554.81584	1537.83320	1524.82026
2025-09-04T12:36:07Z	16252.00000	1554.81622	1537.83312	1524.82031
2025-09-04T12:36:07Z	16252.00000	1554.81602	1537.83303	1524.82010
2025-09-04T12:36:08Z	16252.00000	1554.81626	1537.83308	1524.82010
2025-09-04T12:36:08Z	16253.00000	1554.81638	1537.83298	1524.82016
2025-09-04T12:36:08Z	16253.00000	1554.81606	1537.83306	1524.82017
2025-09-04T12:36:08Z	16253.00000	1554.81604	1537.83295	1524.82012
2025-09-04T12:36:08Z	16253.00000	1554.81636	1537.83291	1524.82009
2025-09-04T12:36:08Z	16253.00000	1554.81577	1537.83292	1524.82025
2025-09-04T12:36:08Z	16253.00000	1554.81596	1537.83284	1524.82024
2025-09-04T12:36:08Z	16253.00000	1554.81620	1537.83274	1524.82016
2025-09-04T12:36:08Z	16253.00000	1554.81578	1537.83267	1524.82015
2025-09-04T12:36:08Z	16253.00000	1554.81578	1537.83262	1524.82007
2025-09-04T12:36:09Z	16253.00000	1554.81536	1537.83261	1524.82017
2025-09-04T12:36:09Z	16254.00000	1554.81579	1537.83265	1524.82000
2025-09-04T12:36:09Z	16254.00000	1554.81570	1537.83240	1524.81999
2025-09-04T12:36:09Z	16254.00000	1554.81581	1537.83237	1524.82002
2025-09-04T12:36:09Z	16254.00000	1554.81563	1537.83240	1524.81983
2025-09-04T12:36:09Z	16254.00000	1554.81550	1537.83230	1524.81983
2025-09-04T12:36:09Z	16254.00000	1554.81565	1537.83222	1524.81985
2025-09-04T12:36:09Z	16254.00000	1554.81552	1537.83229	1524.81981
2025-09-04T12:36:09Z	16254.00000	1554.81555	1537.83235	1524.81976
2025-09-04T12:36:09Z	16254.00000	1554.81582	1537.83207	1524.81965
2025-09-04T12:36:10Z	16255.00000	1554.81540	1537.83218	1524.81970
2025-09-04T12:36:10Z	16255.00000	1554.81511	1537.83232	1524.81970
2025-09-04T12:36:10Z	16255.00000	1554.81551	1537.83194	1524.81972
2025-09-04T12:36:10Z	16255.00000	1554.81512	1537.83212	1524.81992
2025-09-04T12:36:10Z	16255.00000	1554.81534	1537.83195	1524.81973
2025-09-04T12:36:10Z	16255.00000	1554.81534	1537.83182	1524.81961
2025-09-04T12:36:10Z	16255.00000	1554.81540	1537.83181	1524.81962
2025-09-04T12:36:10Z	16255.00000	1554.81526	1537.83192	1524.81951
2025-09-04T12:36:10Z	16255.00000	1554.81483	1537.83197	1524.81951
2025-09-04T12:36:11Z	16255.00000	1554.81463	1537.83172	1524.81947
2025-09-04T12:36:11Z	16256.00000	1554.81496	1537.83157	1524.81948
2025-09-04T12:36:11Z	16256.00000	1554.81502	1537.83159	1524.81934
2025-09-04T12:36:11Z	16256.00000	1554.81511	1537.83157	1524.81950
2025-09-04T12:36:11Z	16256.00000	1554.81418	1537.83145	1524.81950
2025-09-04T12:36:11Z	16256.00000	1554.81476	1537.83134	1524.81946
2025-09-04T12:36:11Z	16256.00000	1554.81451	1537.83139	1524.81928
2025-09-04T12:36:11Z	16256.00000	1554.81481	1537.83124	1524.81911
2025-09-04T12:36:11Z	16256.00000	1554.81439	1537.83154	1524.81925
2025-09-04T12:36:11Z	16256.00000	1554.81478	1537.83105	1524.81938
2025-09-04T12:36:12Z	16256.00000	1554.81482	1537.83131	1524.81924
2025-09-04T12:36:12Z	16257.00000	1554.81492	1537.83108	1524.81918
2025-09-04T12:36:12Z	16257.00000	1554.81473	1537.83112	1524.81907
2025-09-04T12:36:12Z	16257.00000	1554.81477	1537.83112	1524.81916
2025-09-04T12:36:12Z	16257.00000	1554.81419	1537.83117	1524.81927
2025-09-04T12:36:12Z	16257.00000	1554.81461	1537.83102	1524.81894
2025-09-04T12:36:12Z	16257.00000	1554.81440	1537.83112	1524.81899
2025-09-04T12:36:12Z	16257.00000	1554.81409	1537.83098	1524.81916
2025-09-04T12:36:12Z	16257.00000	1554.81436	1537.83107	1524.81913
2025-09-04T12:36:13Z	16258.00000	1554.81436	1537.83099	1524.81891
2025-09-04T12:36:13Z	16258.00000	1554.81419	1537.83081	1524.81893
2025-09-04T12:36:13Z	16258.00000	1554.81424	1537.83075	1524.81905
2025-09-04T12:36:13Z	16258.00000	1554.81392	1537.83074	1524.81889
2025-09-04T12:36:13Z	16258.00000	1554.81408	1537.83077	1524.81881
2025-09-04T12:36:13Z	16258.00000	1554.81419	1537.83057	1524.81887
2025-09-04T12:36:13Z	16258.00000	1554.81419	1537.83065	1524.81881
2025-09-04T12:36:13Z	16258.00000	1554.81398	1537.83052	1524.81869
2025-09-04T12:36:14Z	16259.00000	1554.81401	1537.83053	1524.81866
2025-09-04T12:36:14Z	16259.00000	1554.81426	1537.83062	1524.81867
2025-09-04T12:36:14Z	16259.00000	1554.81373	1537.83045	1524.81887
2025-09-04T12:36:14Z	16259.00000	1554.81382	1537.83049	1524.81869
2025-09-04T12:36:14Z	16259.00000	1554.81433	1537.83021	1524.81859
2025-09-04T12:36:14Z	16259.00000	1554.81394	1537.83047	1524.81873
2025-09-04T12:36:14Z	16259.00000	1554.81385	1537.83033	1524.81863
2025-09-04T12:36:15Z	16259.00000	1554.81424	1537.83034	1524.81863
2025-09-04T12:36:15Z	16260.00000	1554.81380	1537.83017	1524.81860
2025-09-04T12:36:15Z	16260.00000	1554.81391	1537.83000	1524.81849
2025-09-04T12:36:15Z	16260.00000	1554.81312	1537.82998	1524.81838
2025-09-04T12:36:15Z	16260.00000	1554.81343	1537.82995	1524.81840
2025-09-04T12:36:15Z	16260.00000	1554.81350	1537.82996	1524.81823
2025-09-04T12:36:15Z	16260.00000	1554.81334	1537.83006	1524.81856
2025-09-04T12:36:15Z	16260.00000	1554.81368	1537.82999	1524.81829
2025-09-04T12:36:15Z	16260.00000	1554.81387	1537.83000	1524.81838
2025-09-04T12:36:16Z	16261.00000	1554.81350	1537.82988	1524.81838
2025-09-04T12:36:16Z	16261.00000	1555.21918	1538.42408	1525.18972
2025-09-04T12:36:16Z	16261.00000	1555.40695	1538.68016	1525.34276
2025-09-04T12:36:16Z	16261.00000	1555.57977	1538.92024	1525.48584
2025-09-04T12:36:16Z	16261.00000	1555.80666	1539.21715	1525.66407
2025-09-04T12:36:16Z	16261.00000	1555.97890	1539.46074	1525.81282
2025-09-04T12:36:16Z	16261.00000	1556.17467	1539.73009	1525.97486
2025-09-04T12:36:16Z	16261.00000	1556.32343	1539.94335	1526.10773
2025-09-04T12:36:17Z	16262.00000	1556.40029	1540.08226	1526.18830
2025-09-04T12:36:17Z	16262.00000	1556.53180	1540.24869	1526.29052
2025-09-04T12:36:17Z	16262.00000	1556.67107	1540.42954	1526.39730
2025-09-04T12:36:17Z	16262.00000	1556.80418	1540.62630	1526.51697
2025-09-04T12:36:17Z	16262.00000	1556.87667	1540.74560	1526.58631
2025-09-04T12:36:17Z	16262.00000	1556.98854	1540.87976	1526.66962
2025-09-04T12:36:17Z	16262.00000	1557.05451	1541.00322	1526.74270
2025-09-04T12:36:17Z	16262.00000	1557.15378	1541.11807	1526.80901
2025-09-04T12:36:17Z	16262.00000	1557.21840	1541.23473	1526.87971
2025-09-04T12:36:17Z	16262.00000	1557.30794	1541.34190	1526.94015
2025-09-04T12:36:18Z	16263.00000	1557.36794	1541.42355	1526.98859
2025-09-04T12:36:18Z	16263.00000	1557.42215	1541.51738	1527.04663
2025-09-04T12:36:18Z	16263.00000	1557.48997	1541.58921	1527.09030
2025-09-04T12:36:18Z	16263.00000	1557.53098	1541.64362	1527.11976
2025-09-04T12:36:18Z	16263.00000	1557.54720	1541.69202	1527.14651
2025-09-04T12:36:18Z	16263.00000	1557.57774	1541.73913	1527.17530
2025-09-04T12:36:18Z	16263.00000	1557.62315	1541.78663	1527.20450
2025-09-04T12:36:18Z	16263.00000	1557.65581	1541.82152	1527.22622
2025-09-04T12:36:19Z	16263.00000	1557.67698	1541.84658	1527.24178
2025-09-04T12:36:19Z	16264.00000	1557.69124	1541.86454	1527.25287
2025-09-04T12:36:19Z	16264.00000	1557.69757	1541.87746	1527.26057
2025-09-04T12:36:19Z	16264.00000	1557.70260	1541.89045	1527.26850
2025-09-04T12:36:19Z	16264.00000	1557.70764	1541.90535	1527.27716
2025-09-04T12:36:19Z	16264.00000	1557.71115	1541.91688	1527.28390
2025-09-04T12:36:19Z	16264.00000	1557.71386	1541.92442	1527.28804
2025-09-04T12:36:19Z	16264.00000	1557.71647	1541.93180	1527.29227
2025-09-04T12:36:19Z	16264.00000	1557.71924	1541.93819	1527.29598
2025-09-04T12:36:19Z	16264.00000	1557.72186	1541.94329	1527.29884
2025-09-04T12:36:20Z	16264.00000	1557.72389	1541.94771	1527.30142
2025-09-04T12:36:20Z	16265.00000	1556.14874	1539.72070	1525.95670
2025-09-04T12:36:20Z	16265.00000	1555.67254	1539.03388	1525.54507
2025-09-04T12:36:20Z	16265.00000	1555.47471	1538.76557	1525.38618
2025-09-04T12:36:20Z	16265.00000	1555.31897	1538.54260	1525.25531
2025-09-04T12:36:20Z	16265.00000	1555.01752	1538.13102	1525.00337
2025-09-04T12:36:20Z	16265.00000	1554.89171	1537.96290	1524.89835
2025-09-04T12:36:21Z	16265.00000	1554.83414	1537.86153	1524.83484
2025-09-04T12:36:21Z	16266.00000	1554.83197	1537.85938	1524.83355
2025-09-04T12:36:21Z	16266.00000	1554.83185	1537.85773	1524.83294
2025-09-04T12:36:21Z	16266.00000	1554.83004	1537.85547	1524.83163
2025-09-04T12:36:21Z	16266.00000	1554.82992	1537.85442	1524.83099
2025-09-04T12:36:21Z	16266.00000	1554.82981	1537.85355	1524.83057
2025-09-04T12:36:21Z	16266.00000	1554.82913	1537.85291	1524.83031
2025-09-04T12:36:21Z	16266.00000	1554.82898	1537.85208	1524.82982
2025-09-04T12:36:21Z	16266.00000	1554.82816	1537.85120	1524.82951
2025-09-04T12:36:21Z	16266.00000	1554.82824	1537.85048	1524.82880
2025-09-04T12:36:21Z	16266.00000	1554.82698	1537.84980	1524.82871
2025-09-04T12:36:22Z	16267.00000	1554.82638	1537.84918	1524.82842
2025-09-04T12:36:22Z	16267.00000	1554.82590	1537.84874	1524.82838
2025-09-04T12:36:22Z	16267.00000	1554.82677	1537.84804	1524.82795
2025-09-04T12:36:22Z	16267.00000	1554.82593	1537.84719	1524.82738
2025-09-04T12:36:22Z	16267.00000	1554.82486	1537.84661	1524.82676
2025-09-04T12:36:22Z	16267.00000	1554.82362	1537.84637	1524.82689
2025-09-04T12:36:22Z	16267.00000	1554.82297	1537.84521	1524.82620
2025-09-04T12:36:22Z	16267.00000	1554.82277	1537.84512	1524.82628
2025-09-04T12:36:23Z	16267.00000	1554.82371	1537.84467	1524.82604
2025-09-04T12:36:23Z	16268.00000	1554.82260	1537.84440	1524.82580
2025-09-04T12:36:23Z	16268.00000	1554.82410	1537.84400	1524.82571
2025-09-04T12:36:23Z	16268.00000	1554.82315	1537.84359	1524.82586
2025-09-04T12:36:23Z	16268.00000	1554.82294	1537.84349	1524.82568
2025-09-04T12:36:23Z	16268.00000	1554.82288	1537.84294	1524.82528
2025-09-04T12:36:23Z	16268.00000	1554.82301	1537.84287	1524.82511
2025-09-04T12:36:23Z	16268.00000	1554.82255	1537.84246	1524.82481
2025-09-04T12:36:23Z	16268.00000	1554.82272	1537.84210	1524.82489
2025-09-04T12:36:23Z	16268.00000	1554.82272	1537.84176	1524.82467
2025-09-04T12:36:24Z	16269.00000	1554.82245	1537.84177	1524.82464
2025-09-04T12:36:24Z	16269.00000	1554.82085	1537.84152	1524.82427
2025-09-04T12:36:24Z	16269.00000	1554.82103	1537.84106	1524.82422
2025-09-04T12:36:24Z	16269.00000	1554.82174	1537.84091	1524.82414
2025-09-04T12:36:24Z	16269.00000	1554.82059	1537.84092	1524.82404
2025-09-04T12:36:24Z	16269.00000	1554.82059	1537.84055	1524.82405
2025-09-04T12:36:24Z	16269.00000	1554.82067	1537.84036	1524.82367
2025-09-04T12:36:24Z	16269.00000	1554.82150	1537.83999	1524.82348
2025-09-04T12:36:24Z	16269.00000	1554.82011	1537.83994	1524.82365
2025-09-04T12:36:24Z	16269.00000	1554.82019	1537.83994	1524.82359
2025-09-04T12:36:25Z	16270.00000	1554.81993	1537.83970	1524.82341
2025-09-04T12:36:25Z	16270.00000	1555.00988	1538.10792	1524.99301
2025-09-04T12:36:25Z	16270.00000	1555.21173	1538.41509	1525.18127
2025-09-04T12:36:25Z	16270.00000	1555.39738	1538.67035	1525.33535
2025-09-04T12:36:25Z	16270.00000	1555.64936	1538.99720	1525.53063
2025-09-04T12:36:25Z	16270.00000	1555.81330	1539.22381	1525.66707
2025-09-04T12:36:25Z	16270.00000	1555.95848	1539.43585	1525.79738
2025-09-04T12:36:25Z	16270.00000	1556.15511	1539.70712	1525.95908
2025-09-04T12:36:25Z	16270.00000	1556.27630	1539.89178	1526.07476
2025-09-04T12:36:26Z	16270.00000	1556.43959	1540.12416	1526.21186
2025-09-04T12:36:26Z	16271.00000	1556.56488	1540.31326	1526.33009
2025-09-04T12:36:26Z	16271.00000	1556.69730	1540.47411	1526.42373
2025-09-04T12:36:26Z	16271.00000	1556.91299	1540.79682	1526.61706
2025-09-04T12:36:26Z	16271.00000	1557.00980	1540.90352	1526.68310
2025-09-04T12:36:26Z	16271.00000	1557.07365	1541.02698	1526.75588
2025-09-04T12:36:26Z	16271.00000	1557.17560	1541.14201	1526.82304
2025-09-04T12:36:26Z	16271.00000	1557.22479	1541.24477	1526.88480
2025-09-04T12:36:26Z	16271.00000	1557.30872	1541.34097	1526.93923
2025-09-04T12:36:26Z	16271.00000	1557.36898	1541.42569	1526.98946
2025-09-04T12:36:27Z	16272.00000	1557.40839	1541.50262	1527.03727
2025-09-04T12:36:27Z	16272.00000	1557.47490	1541.57049	1527.07891
2025-09-04T12:36:27Z	16272.00000	1557.53866	1541.66400	1527.13052
2025-09-04T12:36:27Z	16272.00000	1557.56055	1541.71628	1527.16070
2025-09-04T12:36:27Z	16272.00000	1557.60008	1541.76076	1527.18807
2025-09-04T12:36:27Z	16272.00000	1557.64571	1541.80975	1527.21858
2025-09-04T12:36:27Z	16272.00000	1557.67921	1541.84912	1527.24290
2025-09-04T12:36:27Z	16272.00000	1557.69837	1541.87758	1527.26045
2025-09-04T12:36:27Z	16272.00000	1557.70649	1541.90030	1527.27410
2025-09-04T12:36:28Z	16273.00000	1557.71170	1541.91634	1527.28331
2025-09-04T12:36:28Z	16273.00000	1557.71740	1541.93197	1527.29218
2025-09-04T12:36:28Z	16273.00000	1557.72286	1541.94361	1527.29869
2025-09-04T12:36:28Z	16273.00000	1557.73102	1541.95587	1527.30582
2025-09-04T12:36:28Z	16273.00000	1557.73928	1541.96519	1527.31112
2025-09-04T12:36:28Z	16273.00000	1557.74817	1541.97572	1527.31718
2025-09-04T12:36:28Z	16273.00000	1557.75436	1541.98234	1527.32100
2025-09-04T12:36:28Z	16273.00000	1557.76044	1541.98871	1527.32424
2025-09-04T12:36:28Z	16273.00000	1557.76435	1541.99381	1527.32725
2025-09-04T12:36:29Z	16273.00000	1557.76823	1541.99767	1527.32971
2025-09-04T12:36:29Z	16274.00000	1557.77215	1542.00166	1527.33185
2025-09-04T12:36:29Z	16274.00000	1556.31965	1539.95262	1526.08999
2025-09-04T12:36:29Z	16274.00000	1555.86077	1539.31447	1525.70894
2025-09-04T12:36:29Z	16274.00000	1555.67602	1539.03875	1525.54858
2025-09-04T12:36:29Z	16274.00000	1555.52012	1538.83457	1525.42688
2025-09-04T12:36:29Z	16274.00000	1555.35951	1538.62045	1525.30180
2025-09-04T12:36:29Z	16274.00000	1555.17877	1538.34862	1525.13741
2025-09-04T12:36:29Z	16274.00000	1555.03503	1538.16589	1525.02421
2025-09-04T12:36:29Z	16274.00000	1554.92202	1537.99620	1524.91944
2025-09-04T12:36:30Z	16274.00000	1554.83723	1537.86760	1524.83701
2025-09-04T12:36:30Z	16275.00000	1554.83477	1537.86307	1524.83533
2025-09-04T12:36:30Z	16275.00000	1554.83391	1537.86131	1524.83515
2025-09-04T12:36:30Z	16275.00000	1554.83260	1537.85877	1524.83402
2025-09-04T12:36:30Z	16275.00000	1554.83256	1537.85796	1524.83315
2025-09-04T12:36:30Z	16275.00000	1554.83198	1537.85655	1524.83269
2025-09-04T12:36:30Z	16275.00000	1554.82920	1537.85604	1524.83248
2025-09-04T12:36:30Z	16275.00000	1554.83043	1537.85468	1524.83178
2025-09-04T12:36:30Z	16275.00000	1554.83066	1537.85387	1524.83117
2025-09-04T12:36:31Z	16275.00000	1554.82846	1537.85326	1524.83089
2025-09-04T12:36:31Z	16276.00000	1554.82910	1537.85267	1524.83096
2025-09-04T12:36:31Z	16276.00000	1554.82871	1537.85217	1524.83053
2025-09-04T12:36:31Z	16276.00000	1554.82593	1537.85144	1524.83006
2025-09-04T12:36:31Z	16276.00000	1554.82878	1537.85044	1524.82921
2025-09-04T12:36:31Z	16276.00000	1554.82800	1537.85009	1524.82921
2025-09-04T12:36:31Z	16276.00000	1554.82800	1537.84944	1524.82906
2025-09-04T12:36:31Z	16276.00000	1554.82659	1537.84861	1524.82830
2025-09-04T12:36:31Z	16276.00000	1554.82647	1537.84820	1524.82830
2025-09-04T12:36:32Z	16276.00000	1554.82628	1537.84799	1524.82813
2025-09-04T12:36:32Z	16277.00000	1554.82409	1537.84718	1524.82784
2025-09-04T12:36:32Z	16277.00000	1554.82384	1537.84666	1524.82745
2025-09-04T12:36:32Z	16277.00000	1554.82523	1537.84639	1524.82727
2025-09-04T12:36:32Z	16277.00000	1554.82519	1537.84606	1524.82718
2025-09-04T12:36:32Z	16277.00000	1554.82459	1537.84561	1524.82706
2025-09-04T12:36:32Z	16277.00000	1554.82508	1537.84548	1524.82664
2025-09-04T12:36:32Z	16277.00000	1554.82298	1537.84502	1524.82651
2025-09-04T12:36:33Z	16277.00000	1554.82442	1537.84467	1524.82652
2025-09-04T12:36:33Z	16278.00000	1554.82414	1537.84432	1524.82592
2025-09-04T12:36:33Z	16278.00000	1554.82413	1537.84410	1524.82595
2025-09-04T12:36:33Z	16278.00000	1554.82247	1537.84381	1524.82599
2025-09-04T12:36:33Z	16278.00000	1554.82387	1537.84358	1524.82565
2025-09-04T12:36:33Z	16278.00000	1554.82214	1537.84341	1524.82556
2025-09-04T12:36:33Z	16278.00000	1554.82332	1537.84313	1524.82542
2025-09-04T12:36:33Z	16278.00000	1554.82319	1537.84277	1524.82524
2025-09-04T12:36:33Z	16278.00000	1554.82191	1537.84247	1524.82524
2025-09-04T12:36:33Z	16278.00000	1554.82315	1537.84258	1524.82507
2025-09-04T12:36:34Z	16278.00000	1554.82274	1537.84239	1524.82491
2025-09-04T12:36:34Z	16279.00000	1554.82296	1537.84217	1524.82494
2025-09-04T12:36:34Z	16279.00000	1554.93410	1538.01062	1524.93331
2025-09-04T12:36:34Z	16279.00000	1555.15832	1538.30801	1525.11532
2025-09-04T12:36:34Z	16279.00000	1555.32379	1538.53996	1525.25589
2025-09-04T12:36:34Z	16279.00000	1555.50529	1538.79357	1525.40544
2025-09-04T12:36:34Z	16279.00000	1555.67653	1539.03221	1525.55197
2025-09-04T12:36:34Z	16279.00000	1555.84291	1539.25783	1525.68842
2025-09-04T12:36:34Z	16279.00000	1556.04811	1539.58798	1525.88616
2025-09-04T12:36:34Z	16279.00000	1556.28497	1539.90011	1526.08000
2025-09-04T12:36:35Z	16280.00000	1556.41614	1540.09855	1526.19616
2025-09-04T12:36:35Z	16280.00000	1556.53756	1540.26419	1526.29920
2025-09-04T12:36:35Z	16280.00000	1556.66545	1540.42238	1526.39194
2025-09-04T12:36:35Z	16280.00000	1556.76074	1540.57563	1526.48545
2025-09-04T12:36:35Z	16280.00000	1556.86969	1540.72361	1526.57191
2025-09-04T12:36:35Z	16280.00000	1557.00923	1540.90368	1526.68265
2025-09-04T12:36:35Z	16280.00000	1557.07283	1541.02561	1526.75444
2025-09-04T12:36:35Z	16280.00000	1557.19098	1541.16015	1526.83390
2025-09-04T12:36:35Z	16280.00000	1557.24042	1541.26378	1526.89544
2025-09-04T12:36:36Z	16280.00000	1557.32621	1541.35859	1526.94876
2025-09-04T12:36:36Z	16281.00000	1557.37533	1541.44307	1526.99960
2025-09-04T12:36:36Z	16281.00000	1557.42668	1541.51884	1527.04698
2025-09-04T12:36:36Z	16281.00000	1557.51156	1541.60878	1527.09988
2025-09-04T12:36:36Z	16281.00000	1557.54076	1541.66903	1527.13246
2025-09-04T12:36:36Z	16281.00000	1557.58740	1541.74563	1527.17771
2025-09-04T12:36:36Z	16281.00000	1557.62567	1541.78659	1527.20363
2025-09-04T12:36:36Z	16281.00000	1557.65891	1541.82198	1527.22563
2025-09-04T12:36:36Z	16281.00000	1557.68869	1541.85729	1527.24717
2025-09-04T12:36:36Z	16281.00000	1557.70072	1541.88197	1527.26221
2025-09-04T12:36:37Z	16281.00000	1557.70741	1541.90231	1527.27452
2025-09-04T12:36:37Z	16282.00000	1557.71515	1541.92537	1527.28807
2025-09-04T12:36:37Z	16282.00000	1557.72277	1541.94168	1527.29724
2025-09-04T12:36:37Z	16282.00000	1557.73617	1541.95590	1527.30543
2025-09-04T12:36:37Z	16282.00000	1557.74102	1541.96586	1527.31134
2025-09-04T12:36:37Z	16282.00000	1557.74868	1541.97428	1527.31618
2025-09-04T12:36:37Z	16282.00000	1557.75538	1541.98215	1527.32041
2025-09-04T12:36:37Z	16282.00000	1557.76637	1541.99395	1527.32713
2025-09-04T12:36:37Z	16282.00000	1557.77112	1541.99861	1527.32983
2025-09-04T12:36:38Z	16282.00000	1557.77491	1542.00333	1527.33213
2025-09-04T12:36:38Z	16283.00000	1556.25304	1539.88205	1526.04860
2025-09-04T12:36:38Z	16283.00000	1555.86341	1539.32349	1525.71472
2025-09-04T12:36:38Z	16283.00000	1555.49028	1538.78031	1525.39458
2025-09-04T12:36:38Z	16283.00000	1555.33662	1538.56373	1525.26757
2025-09-04T12:36:38Z	16283.00000	1555.17924	1538.34936	1525.13792
2025-09-04T12:36:38Z	16283.00000	1555.01050	1538.10933	1524.98998
2025-09-04T12:36:38Z	16283.00000	1554.85541	1537.91552	1524.86818
2025-09-04T12:36:39Z	16283.00000	1554.83692	1537.86626	1524.83611
2025-09-04T12:36:39Z	16284.00000	1554.83521	1537.86361	1524.83598
2025-09-04T12:36:39Z	16284.00000	1554.83449	1537.86172	1524.83520
2025-09-04T12:36:39Z	16284.00000	1554.83378	1537.86065	1524.83491
2025-09-04T12:36:39Z	16284.00000	1554.83277	1537.85851	1524.83362
2025-09-04T12:36:39Z	16284.00000	1554.83268	1537.85734	1524.83292
2025-09-04T12:36:39Z	16284.00000	1554.83198	1537.85643	1524.83271
2025-09-04T12:36:39Z	16284.00000	1554.83176	1537.85533	1524.83199
2025-09-04T12:36:39Z	16284.00000	1554.83121	1537.85453	1524.83143
2025-09-04T12:36:40Z	16284.00000	1554.83089	1537.85381	1524.83139
2025-09-04T12:36:40Z	16285.00000	1554.82667	1537.85334	1524.83123
2025-09-04T12:36:40Z	16285.00000	1554.82973	1537.85266	1524.83084
2025-09-04T12:36:40Z	16285.00000	1554.82969	1537.85191	1524.83020
2025-09-04T12:36:40Z	16285.00000	1554.82950	1537.85143	1524.82984
2025-09-04T12:36:40Z	16285.00000	1554.82917	1537.85104	1524.82983
2025-09-04T12:36:40Z	16285.00000	1554.82813	1537.85031	1524.82936
2025-09-04T12:36:40Z	16285.00000	1554.82533	1537.85011	1524.82922
2025-09-04T12:36:40Z	16285.00000	1554.82821	1537.84926	1524.82882
2025-09-04T12:36:40Z	16285.00000	1554.82759	1537.84899	1524.82884
2025-09-04T12:36:41Z	16285.00000	1554.82742	1537.84854	1524.82852
2025-09-04T12:36:41Z	16286.00000	1554.82653	1537.84816	1524.82838
2025-09-04T12:36:41Z	16286.00000	1554.82458	1537.84756	1524.82803
2025-09-04T12:36:41Z	16286.00000	1554.82676	1537.84749	1524.82776
2025-09-04T12:36:41Z	16286.00000	1554.82656	1537.84725	1524.82765
2025-09-04T12:36:41Z	16286.00000	1554.82623	1537.84690	1524.82762
2025-09-04T12:36:41Z	16286.00000	1554.82511	1537.84634	1524.82732
2025-09-04T12:36:41Z	16286.00000	1554.82364	1537.84602	1524.82704
2025-09-04T12:36:41Z	16286.00000	1554.82487	1537.84578	1524.82699
2025-09-04T12:36:42Z	16286.00000	1554.82460	1537.84541	1524.82670
2025-09-04T12:36:42Z	16287.00000	1554.82435	1537.84485	1524.82644
2025-09-04T12:36:42Z	16287.00000	1554.82325	1537.84489	1524.82670
2025-09-04T12:36:42Z	16287.00000	1554.82463	1537.84453	1524.82636
2025-09-04T12:36:42Z	16287.00000	1554.82460	1537.84437	1524.82622
2025-09-04T12:36:42Z	16287.00000	1554.82461	1537.84402	1524.82598
2025-09-04T12:36:42Z	16287.00000	1554.82411	1537.84394	1524.82607
2025-09-04T12:36:42Z	16287.00000	1554.82261	1537.84365	1524.82573
2025-09-04T12:36:42Z	16287.00000	1554.82393	1537.84334	1524.82556
2025-09-04T12:36:42Z	16287.00000	1554.82248	1537.84301	1524.82557
2025-09-04T12:36:43Z	16287.00000	1554.82357	1537.84313	1524.82552
2025-09-04T12:36:43Z	16288.00000	1554.87399	1537.93865	1524.88375
2025-09-04T12:36:43Z	16288.00000	1555.10961	1538.25147	1525.07910
2025-09-04T12:36:43Z	16288.00000	1555.32230	1538.53816	1525.25462
2025-09-04T12:36:43Z	16288.00000	1555.50564	1538.79262	1525.40467
2025-09-04T12:36:43Z	16288.00000	1555.70752	1539.10725	1525.59509
2025-09-04T12:36:43Z	16288.00000	1555.85804	1539.29150	1525.70866
2025-09-04T12:36:43Z	16288.00000	1556.02759	1539.53892	1525.85685
2025-09-04T12:36:43Z	16288.00000	1556.15723	1539.70680	1525.95868
2025-09-04T12:36:43Z	16288.00000	1556.30080	1539.91656	1526.08997
2025-09-04T12:36:44Z	16288.00000	1556.41304	1540.09370	1526.19309
2025-09-04T12:36:44Z	16289.00000	1556.56513	1540.30914	1526.32700
2025-09-04T12:36:44Z	16289.00000	1556.69586	1540.46753	1526.41883
2025-09-04T12:36:44Z	16289.00000	1556.82599	1540.64633	1526.52714
2025-09-04T12:36:44Z	16289.00000	1556.95206	1540.83487	1526.64035
2025-09-04T12:36:44Z	16289.00000	1557.04009	1540.96522	1526.71835
2025-09-04T12:36:44Z	16289.00000	1557.12957	1541.08645	1526.78864
2025-09-04T12:36:44Z	16289.00000	1557.27158	1541.29662	1526.91264
2025-09-04T12:36:44Z	16289.00000	1557.34796	1541.38581	1526.96427
2025-09-04T12:36:45Z	16290.00000	1557.40363	1541.49253	1527.02952
2025-09-04T12:36:45Z	16290.00000	1557.47126	1541.56279	1527.07259
2025-09-04T12:36:45Z	16290.00000	1557.53100	1541.63821	1527.11459
2025-09-04T12:36:45Z	16290.00000	1557.55080	1541.69537	1527.14682
2025-09-04T12:36:45Z	16290.00000	1557.58690	1541.74363	1527.17569
2025-09-04T12:36:45Z	16290.00000	1557.62621	1541.78530	1527.20157
2025-09-04T12:36:45Z	16290.00000	1557.66045	1541.82173	1527.22457
2025-09-04T12:36:45Z	16290.00000	1557.68505	1541.85713	1527.24625
2025-09-04T12:36:45Z	16290.00000	1557.70148	1541.88254	1527.26149
2025-09-04T12:36:46Z	16290.00000	1557.71045	1541.90964	1527.27809
2025-09-04T12:36:46Z	16291.00000	1557.71752	1541.92881	1527.28928
2025-09-04T12:36:46Z	16291.00000	1557.72666	1541.94699	1527.29984
2025-09-04T12:36:46Z	16291.00000	1557.74077	1541.96349	1527.30911
2025-09-04T12:36:46Z	16291.00000	1557.74809	1541.97201	1527.31400
2025-09-04T12:36:46Z	16291.00000	1557.75709	1541.98133	1527.31956
2025-09-04T12:36:46Z	16291.00000	1557.76395	1541.98931	1527.32337
2025-09-04T12:36:46Z	16291.00000	1557.76795	1541.99382	1527.32605
2025-09-04T12:36:46Z	16291.00000	1557.77190	1541.99787	1527.32838
2025-09-04T12:36:46Z	16291.00000	1557.77572	1542.00310	1527.33121
2025-09-04T12:36:47Z	16292.00000	1556.20734	1539.82064	1526.01396
2025-09-04T12:36:47Z	16292.00000	1555.92231	1539.40675	1525.76552
2025-09-04T12:36:47Z	16292.00000	1555.70101	1539.10225	1525.58365
2025-09-04T12:36:47Z	16292.00000	1555.49090	1538.78106	1525.39488
2025-09-04T12:36:47Z	16292.00000	1555.27936	1538.49678	1525.22738
2025-09-04T12:36:47Z	16292.00000	1555.14865	1538.29958	1525.10554
2025-09-04T12:36:47Z	16292.00000	1554.98303	1538.06336	1524.96171
2025-09-04T12:36:47Z	16292.00000	1554.85565	1537.91623	1524.86811
2025-09-04T12:36:47Z	16292.00000	1554.83720	1537.86671	1524.83616
2025-09-04T12:36:48Z	16292.00000	1554.83660	1537.86494	1524.83691
2025-09-04T12:36:48Z	16293.00000	1554.83530	1537.86314	1524.83626
2025-09-04T12:36:48Z	16293.00000	1554.83420	1537.86136	1524.83558
2025-09-04T12:36:48Z	16293.00000	1554.83347	1537.85988	1524.83461
2025-09-04T12:36:48Z	16293.00000	1554.83315	1537.85831	1524.83353
2025-09-04T12:36:48Z	16293.00000	1554.83277	1537.85738	1524.83325
2025-09-04T12:36:48Z	16293.00000	1554.83097	1537.85640	1524.83272
2025-09-04T12:36:48Z	16293.00000	1554.82852	1537.85549	1524.83218
2025-09-04T12:36:48Z	16293.00000	1554.83152	1537.85475	1524.83167
2025-09-04T12:36:49Z	16293.00000	1554.83061	1537.85435	1524.83165
2025-09-04T12:36:49Z	16294.00000	1554.82714	1537.85369	1524.83164
2025-09-04T12:36:49Z	16294.00000	1554.82884	1537.85307	1524.83102
2025-09-04T12:36:49Z	16294.00000	1554.82863	1537.85247	1524.83055
2025-09-04T12:36:49Z	16294.00000	1554.83002	1537.85166	1524.83017
2025-09-04T12:36:49Z	16294.00000	1554.82946	1537.85138	1524.83025
2025-09-04T12:36:49Z	16294.00000	1554.82638	1537.85091	1524.82974
2025-09-04T12:36:49Z	16294.00000	1554.82885	1537.85042	1524.82941
2025-09-04T12:36:49Z	16294.00000	1554.82547	1537.84987	1524.82922
2025-09-04T12:36:49Z	16294.00000	1554.82817	1537.84940	1524.82903
2025-09-04T12:36:50Z	16294.00000	1554.82516	1537.84906	1524.82877
2025-09-04T12:36:50Z	16295.00000	1554.82799	1537.84859	1524.82844
2025-09-04T12:36:50Z	16295.00000	1554.82527	1537.84808	1524.82822
2025-09-04T12:36:50Z	16295.00000	1554.82705	1537.84781	1524.82800
2025-09-04T12:36:50Z	16295.00000	1554.82692	1537.84721	1524.82795
2025-09-04T12:36:50Z	16295.00000	1554.82694	1537.84697	1524.82760
2025-09-04T12:36:50Z	16295.00000	1554.82660	1537.84663	1524.82756
2025-09-04T12:36:50Z	16295.00000	1554.82544	1537.84630	1524.82735
2025-09-04T12:36:50Z	16295.00000	1554.82595	1537.84610	1524.82718
2025-09-04T12:36:51Z	16295.00000	1554.82515	1537.84560	1524.82704
2025-09-04T12:36:51Z	16296.00000	1554.82492	1537.84530	1524.82679
2025-09-04T12:36:51Z	16296.00000	1554.82569	1537.84508	1524.82658
2025-09-04T12:36:51Z	16296.00000	1554.82349	1537.84486	1524.82621
2025-09-04T12:36:51Z	16296.00000	1554.82322	1537.84462	1524.82634
2025-09-04T12:36:51Z	16296.00000	1554.82441	1537.84413	1524.82617
2025-09-04T12:36:51Z	16296.00000	1554.82543	1537.84420	1524.82613
2025-09-04T12:36:51Z	16296.00000	1554.82458	1537.84376	1524.82591
2025-09-04T12:36:51Z	16296.00000	1554.82443	1537.84344	1524.82585
2025-09-04T12:36:52Z	16296.00000	1554.82429	1537.84335	1524.82575
2025-09-04T12:36:52Z	16297.00000	1554.82446	1537.84329	1524.82565
2025-09-04T12:36:52Z	16297.00000	1555.04378	1538.17564	1525.03340
2025-09-04T12:36:52Z	16297.00000	1555.26859	1538.47761	1525.21862
2025-09-04T12:36:52Z	16297.00000	1555.48868	1538.77118	1525.39235
2025-09-04T12:36:52Z	16297.00000	1555.66085	1539.00760	1525.53611
2025-09-04T12:36:52Z	16297.00000	1555.86398	1539.30827	1525.71860
2025-09-04T12:36:52Z	16297.00000	1556.02027	1539.51651	1525.84324
2025-09-04T12:36:52Z	16297.00000	1556.16757	1539.71779	1525.96524
2025-09-04T12:36:53Z	16297.00000	1556.30971	1539.92536	1526.09444
2025-09-04T12:36:53Z	16298.00000	1556.42242	1540.10243	1526.19776
2025-09-04T12:36:53Z	16298.00000	1556.54105	1540.27081	1526.30268
2025-09-04T12:36:53Z	16298.00000	1556.67606	1540.43196	1526.39627
2025-09-04T12:36:53Z	16298.00000	1556.81564	1540.63360	1526.51867
2025-09-04T12:36:53Z	16298.00000	1556.89991	1540.77567	1526.60165
2025-09-04T12:36:53Z	16298.00000	1557.01627	1540.90731	1526.68366
2025-09-04T12:36:53Z	16298.00000	1557.08144	1541.03056	1526.75578
2025-09-04T12:36:53Z	16298.00000	1557.18563	1541.14827	1526.82456
2025-09-04T12:36:53Z	16298.00000	1557.23631	1541.25160	1526.88668
2025-09-04T12:36:54Z	16298.00000	1557.34735	1541.37700	1526.95837
2025-09-04T12:36:54Z	16299.00000	1557.38325	1541.46025	1527.00789
2025-09-04T12:36:54Z	16299.00000	1557.44427	1541.53238	1527.05327
2025-09-04T12:36:54Z	16299.00000	1557.51578	1541.61051	1527.09855
2025-09-04T12:36:54Z	16299.00000	1557.53982	1541.66096	1527.12599
2025-09-04T12:36:54Z	16299.00000	1557.56938	1541.72104	1527.16057
2025-09-04T12:36:54Z	16299.00000	1557.61025	1541.76476	1527.18757
2025-09-04T12:36:54Z	16299.00000	1557.65126	1541.80941	1527.21550
2025-09-04T12:36:54Z	16299.00000	1557.67842	1541.84177	1527.23560
2025-09-04T12:36:54Z	16299.00000	1557.69905	1541.87356	1527.25501
2025-09-04T12:36:55Z	16299.00000	1557.70674	1541.89568	1527.26838
2025-09-04T12:36:55Z	16300.00000	1557.71371	1541.91713	1527.28120
2025-09-04T12:36:55Z	16300.00000	1557.72101	1541.93451	1527.29141
2025-09-04T12:36:55Z	16300.00000	1557.72905	1541.94735	1527.29868
2025-09-04T12:36:55Z	16300.00000	1557.74074	1541.96147	1527.30658
2025-09-04T12:36:55Z	16300.00000	1557.74937	1541.97110	1527.31220
2025-09-04T12:36:55Z	16300.00000	1557.75767	1541.98055	1527.31748
2025-09-04T12:36:55Z	16300.00000	1557.76505	1541.98865	1527.32189
2025-09-04T12:36:55Z	16300.00000	1557.77004	1541.99356	1527.32496
2025-09-04T12:36:56Z	16300.00000	1557.77335	1541.99718	1527.32707
2025-09-04T12:36:56Z	16301.00000	1557.77443	1541.99640	1527.32802
2025-09-04T12:36:56Z	16301.00000	1555.86028	1539.30820	1525.70263
2025-09-04T12:36:56Z	16301.00000	1555.67095	1539.03684	1525.54692
2025-09-04T12:36:56Z	16301.00000	1555.50589	1538.80099	1525.40619
2025-09-04T12:36:56Z	16301.00000	1555.34682	1538.58406	1525.27947
2025-09-04T12:36:56Z	16301.00000	1555.13317	1538.28275	1525.09458
2025-09-04T12:36:56Z	16301.00000	1554.99352	1538.07745	1524.97021
2025-09-04T12:36:56Z	16301.00000	1554.86620	1537.93237	1524.87877
2025-09-04T12:36:57Z	16302.00000	1554.83618	1537.86525	1524.83665
2025-09-04T12:36:57Z	16302.00000	1554.83533	1537.86312	1524.83627
2025-09-04T12:36:57Z	16302.00000	1554.83417	1537.86163	1524.83574
2025-09-04T12:36:57Z	16302.00000	1554.83405	1537.86000	1524.83451
2025-09-04T12:36:57Z	16302.00000	1554.83361	1537.85884	1524.83410
2025-09-04T12:36:57Z	16302.00000	1554.83319	1537.85812	1524.83360
2025-09-04T12:36:57Z	16302.00000	1554.82874	1537.85737	1524.83341
2025-09-04T12:36:57Z	16302.00000	1554.83235	1537.85613	1524.83293
2025-09-04T12:36:57Z	16302.00000	1554.83198	1537.85509	1524.83207
2025-09-04T12:36:58Z	16302.00000	1554.82929	1537.85467	1524.83186
2025-09-04T12:36:58Z	16303.00000	1554.83040	1537.85391	1524.83173
2025-09-04T12:36:58Z	16303.00000	1554.82994	1537.85322	1524.83132
2025-09-04T12:36:58Z	16303.00000	1554.83079	1537.85241	1524.83064
2025-09-04T12:36:58Z	16303.00000	1554.82999	1537.85193	1524.83021
2025-09-04T12:36:58Z	16303.00000	1554.82972	1537.85110	1524.82988
2025-09-04T12:36:58Z	16303.00000	1554.82886	1537.85096	1524.82993
2025-09-04T12:36:58Z	16303.00000	1554.82884	1537.85036	1524.82954
2025-09-04T12:36:58Z	16303.00000	1554.82873	1537.84999	1524.82945
2025-09-04T12:36:58Z	16303.00000	1554.82824	1537.84979	1524.82921
2025-09-04T12:36:59Z	16304.00000	1554.82717	1537.84944	1524.82913
2025-09-04T12:36:59Z	16304.00000	1554.82768	1537.84865	1524.82848
2025-09-04T12:36:59Z	16304.00000	1554.82503	1537.84814	1524.82841
2025-09-04T12:36:59Z	16304.00000	1554.82734	1537.84773	1524.82823
2025-09-04T12:36:59Z	16304.00000	1554.82688	1537.84747	1524.82799
2025-09-04T12:36:59Z	16304.00000	1554.82704	1537.84716	1524.82776
2025-09-04T12:36:59Z	16304.00000	1554.82657	1537.84632	1524.82746
2025-09-04T12:37:00Z	16304.00000	1554.82652	1537.84612	1524.82736
2025-09-04T12:37:00Z	16305.00000	1554.82383	1537.84567	1524.82707
2025-09-04T12:37:00Z	16305.00000	1554.82612	1537.84552	1524.82710
2025-09-04T12:37:00Z	16305.00000	1554.82594	1537.84542	1524.82673
2025-09-04T12:37:00Z	16305.00000	1554.82572	1537.84506	1524.82667
2025-09-04T12:37:00Z	16305.00000	1554.82540	1537.84487	1524.82640
2025-09-04T12:37:00Z	16305.00000	1554.82308	1537.84439	1524.82631
2025-09-04T12:37:00Z	16305.00000	1554.82309	1537.84425	1524.82632
2025-09-04T12:37:00Z	16305.00000	1554.82472	1537.84382	1524.82603
2025-09-04T12:37:01Z	16305.00000	1554.82449	1537.84371	1524.82598
2025-09-04T12:37:01Z	16306.00000	1554.82429	1537.84349	1524.82598
2025-09-04T12:37:01Z	16306.00000	1554.88987	1537.96466	1524.90541
2025-09-04T12:37:01Z	16306.00000	1555.16532	1538.31717	1525.12237
2025-09-04T12:37:01Z	16306.00000	1555.36929	1538.63544	1525.31459
2025-09-04T12:37:01Z	16306.00000	1555.52591	1538.84213	1525.43488
2025-09-04T12:37:01Z	16306.00000	1555.69390	1539.07534	1525.57677
2025-09-04T12:37:01Z	16306.00000	1555.86199	1539.30283	1525.71573
2025-09-04T12:37:01Z	16306.00000	1556.04634	1539.58334	1525.88359
2025-09-04T12:37:01Z	16306.00000	1556.19768	1539.77615	1526.00280
2025-09-04T12:37:02Z	16306.00000	1556.36615	1540.01647	1526.14879
2025-09-04T12:37:02Z	16307.00000	1556.50216	1540.19144	1526.25239
2025-09-04T12:37:02Z	16307.00000	1556.62883	1540.38086	1526.36765
2025-09-04T12:37:02Z	16307.00000	1556.73016	1540.53662	1526.46160
2025-09-04T12:37:02Z	16307.00000	1556.85737	1540.68782	1526.55093
2025-09-04T12:37:02Z	16307.00000	1556.94379	1540.82621	1526.63454
2025-09-04T12:37:02Z	16307.00000	1557.05256	1540.99552	1526.73640
2025-09-04T12:37:02Z	16307.00000	1557.15394	1541.11265	1526.80398
2025-09-04T12:37:02Z	16307.00000	1557.21551	1541.22243	1526.87069
2025-09-04T12:37:02Z	16307.00000	1557.30859	1541.33653	1526.93521
2025-09-04T12:37:03Z	16307.00000	1557.37349	1541.43463	1526.99350
2025-09-04T12:37:03Z	16308.00000	1557.43290	1541.52288	1527.04815
2025-09-04T12:37:03Z	16308.00000	1557.50766	1541.60134	1527.09442
2025-09-04T12:37:03Z	16308.00000	1557.53925	1541.66128	1527.12713
2025-09-04T12:37:03Z	16308.00000	1557.55685	1541.70619	1527.15278
2025-09-04T12:37:03Z	16308.00000	1557.59699	1541.75265	1527.18125
2025-09-04T12:37:03Z	16308.00000	1557.64518	1541.80519	1527.21420
2025-09-04T12:37:03Z	16308.00000	1557.67531	1541.83862	1527.23478
2025-09-04T12:37:03Z	16308.00000	1557.69648	1541.86974	1527.25397
2025-09-04T12:37:04Z	16308.00000	1557.70608	1541.89618	1527.27016
2025-09-04T12:37:04Z	16309.00000	1557.71310	1541.91699	1527.28273
2025-09-04T12:37:04Z	16309.00000	1557.71895	1541.93198	1527.29124
2025-09-04T12:37:04Z	16309.00000	1557.72395	1541.94247	1527.29726
2025-09-04T12:37:04Z	16309.00000	1557.73258	1541.95410	1527.30384
2025-09-04T12:37:04Z	16309.00000	1557.74552	1541.96860	1527.31206
2025-09-04T12:37:04Z	16309.00000	1557.75345	1541.97849	1527.31772
2025-09-04T12:37:04Z	16309.00000	1557.76053	1541.98539	1527.32171
2025-09-04T12:37:04Z	16309.00000	1557.76549	1541.99140	1527.32495
2025-09-04T12:37:05Z	16309.00000	1557.77043	1541.99610	1527.32793
2025-09-04T12:37:05Z	16310.00000	1556.68623	1540.47848	1526.40848
2025-09-04T12:37:05Z	16310.00000	1556.03919	1539.59239	1525.87312
2025-09-04T12:37:05Z	16310.00000	1555.82561	1539.24355	1525.66569
2025-09-04T12:37:05Z	16310.00000	1555.55716	1538.90326	1525.46829
2025-09-04T12:37:05Z	16310.00000	1555.35451	1538.60543	1525.29279
2025-09-04T12:37:05Z	16310.00000	1555.19390	1538.39034	1525.16311
2025-09-04T12:37:05Z	16310.00000	1555.01373	1538.11773	1524.99567
2025-09-04T12:37:05Z	16310.00000	1554.85685	1537.91825	1524.86976
2025-09-04T12:37:06Z	16310.00000	1554.83664	1537.86681	1524.83812
2025-09-04T12:37:06Z	16311.00000	1554.83616	1537.86422	1524.83645
2025-09-04T12:37:06Z	16311.00000	1554.83514	1537.86258	1524.83580
2025-09-04T12:37:06Z	16311.00000	1554.83414	1537.86115	1524.83540
2025-09-04T12:37:06Z	16311.00000	1554.83361	1537.85986	1524.83456
2025-09-04T12:37:06Z	16311.00000	1554.83352	1537.85844	1524.83398
2025-09-04T12:37:06Z	16311.00000	1554.82896	1537.85764	1524.83366
2025-09-04T12:37:06Z	16311.00000	1554.83246	1537.85674	1524.83290
2025-09-04T12:37:06Z	16311.00000	1554.83225	1537.85508	1524.83191
2025-09-04T12:37:07Z	16311.00000	1554.82936	1537.85471	1524.83186
2025-09-04T12:37:07Z	16312.00000	1554.83087	1537.85411	1524.83193
2025-09-04T12:37:07Z	16312.00000	1554.83059	1537.85342	1524.83115
2025-09-04T12:37:07Z	16312.00000	1554.83023	1537.85234	1524.83056
2025-09-04T12:37:07Z	16312.00000	1554.82983	1537.85174	1524.83042
2025-09-04T12:37:07Z	16312.00000	1554.82833	1537.85108	1524.82993
2025-09-04T12:37:07Z	16312.00000	1554.82912	1537.85064	1524.82971
2025-09-04T12:37:07Z	16312.00000	1554.82792	1537.85014	1524.82964
2025-09-04T12:37:07Z	16312.00000	1554.82813	1537.85001	1524.82940
2025-09-04T12:37:08Z	16312.00000	1554.82797	1537.84948	1524.82919
2025-09-04T12:37:08Z	16313.00000	1554.82558	1537.84904	1524.82890
2025-09-04T12:37:08Z	16313.00000	1554.82787	1537.84856	1524.82851
2025-09-04T12:37:08Z	16313.00000	1554.82726	1537.84829	1524.82832
2025-09-04T12:37:08Z	16313.00000	1554.82714	1537.84815	1524.82835
2025-09-04T12:37:08Z	16313.00000	1554.82738	1537.84758	1524.82810
2025-09-04T12:37:08Z	16313.00000	1554.82661	1537.84704	1524.82776
2025-09-04T12:37:08Z	16313.00000	1554.82672	1537.84671	1524.82765
2025-09-04T12:37:09Z	16313.00000	1554.82633	1537.84620	1524.82715
2025-09-04T12:37:09Z	16314.00000	1554.82617	1537.84596	1524.82725
2025-09-04T12:37:09Z	16314.00000	1554.82398	1537.84588	1524.82721
2025-09-04T12:37:09Z	16314.00000	1554.82579	1537.84520	1524.82679
2025-09-04T12:37:09Z	16314.00000	1554.82572	1537.84503	1524.82676
2025-09-04T12:37:09Z	16314.00000	1554.82464	1537.84480	1524.82655
2025-09-04T12:37:09Z	16314.00000	1554.82341	1537.84451	1524.82641
2025-09-04T12:37:09Z	16314.00000	1554.82326	1537.84439	1524.82638
2025-09-04T12:37:09Z	16314.00000	1554.82487	1537.84444	1524.82618
2025-09-04T12:37:09Z	16314.00000	1554.82486	1537.84390	1524.82627
2025-09-04T12:37:10Z	16314.00000	1554.82402	1537.84371	1524.82600
2025-09-04T12:37:10Z	16315.00000	1555.01642	1538.12436	1525.00213
2025-09-04T12:37:10Z	16315.00000	1555.26301	1538.47078	1525.21381
2025-09-04T12:37:10Z	16315.00000	1555.40473	1538.67694	1525.33896
2025-09-04T12:37:10Z	16315.00000	1555.58654	1538.92555	1525.48662
2025-09-04T12:37:10Z	16315.00000	1555.75410	1539.16015	1525.62615
2025-09-04T12:37:10Z	16315.00000	1555.93878	1539.41010	1525.78150
2025-09-04T12:37:10Z	16315.00000	1556.08268	1539.62457	1525.90839
2025-09-04T12:37:10Z	16315.00000	1556.23487	1539.84332	1526.04334
2025-09-04T12:37:11Z	16315.00000	1556.39932	1540.07804	1526.18368
2025-09-04T12:37:11Z	16316.00000	1556.53348	1540.24965	1526.28912
2025-09-04T12:37:11Z	16316.00000	1556.63512	1540.38649	1526.37064
2025-09-04T12:37:11Z	16316.00000	1556.75682	1540.56849	1526.47972
2025-09-04T12:37:11Z	16316.00000	1556.87752	1540.74216	1526.58186
2025-09-04T12:37:11Z	16316.00000	1557.00845	1540.89755	1526.67799
2025-09-04T12:37:11Z	16316.00000	1557.07741	1541.02675	1526.75375
2025-09-04T12:37:11Z	16316.00000	1557.20004	1541.17655	1526.84247
2025-09-04T12:37:11Z	16316.00000	1557.27077	1541.29329	1526.90996
2025-09-04T12:37:11Z	16316.00000	1557.35454	1541.38678	1526.96440
2025-09-04T12:37:12Z	16316.00000	1557.39120	1541.46761	1527.01334
2025-09-04T12:37:12Z	16317.00000	1557.45148	1541.53966	1527.05764
2025-09-04T12:37:12Z	16317.00000	1557.51854	1541.61775	1527.10239
2025-09-04T12:37:12Z	16317.00000	1557.54426	1541.67402	1527.13364
2025-09-04T12:37:12Z	16317.00000	1557.57296	1541.72534	1527.16396
2025-09-04T12:37:12Z	16317.00000	1557.61316	1541.76940	1527.19054
2025-09-04T12:37:12Z	16317.00000	1557.65409	1541.81342	1527.21830
2025-09-04T12:37:12Z	16317.00000	1557.67995	1541.84463	1527.23795
2025-09-04T12:37:12Z	16317.00000	1557.70231	1541.88265	1527.26088
2025-09-04T12:37:12Z	16317.00000	1557.70890	1541.90171	1527.27346
2025-09-04T12:37:13Z	16318.00000	1557.71445	1541.91809	1527.28305
2025-09-04T12:37:13Z	16318.00000	1557.72230	1541.93704	1527.29390
2025-09-04T12:37:13Z	16318.00000	1557.72986	1541.94937	1527.30040
2025-09-04T12:37:13Z	16318.00000	1557.73889	1541.96028	1527.30653
2025-09-04T12:37:13Z	16318.00000	1557.74656	1541.96764	1527.31116
2025-09-04T12:37:13Z	16318.00000	1557.75516	1541.97811	1527.31707
2025-09-04T12:37:13Z	16318.00000	1557.76061	1541.98356	1527.32031
2025-09-04T12:37:13Z	16318.00000	1557.76662	1541.98990	1527.32345
2025-09-04T12:37:13Z	16318.00000	1557.77115	1541.99501	1527.32640
2025-09-04T12:37:14Z	16319.00000	1557.03671	1540.96805	1526.70689
2025-09-04T12:37:14Z	16319.00000	1556.01936	1539.53772	1525.83994
2025-09-04T12:37:14Z	16319.00000	1555.74383	1539.15758	1525.61379
2025-09-04T12:37:14Z	16319.00000	1555.56363	1538.91022	1525.47209
2025-09-04T12:37:14Z	16319.00000	1555.40867	1538.68719	1525.34168
2025-09-04T12:37:14Z	16319.00000	1555.23435	1538.44545	1525.19642
2025-09-04T12:37:14Z	16319.00000	1555.10734	1538.25384	1525.07633
2025-09-04T12:37:14Z	16319.00000	1554.94314	1538.01857	1524.93368
2025-09-04T12:37:14Z	16319.00000	1554.83926	1537.87605	1524.84376
2025-09-04T12:37:14Z	16319.00000	1554.83698	1537.86716	1524.83768
2025-09-04T12:37:15Z	16320.00000	1554.83627	1537.86468	1524.83640
2025-09-04T12:37:15Z	16320.00000	1554.83510	1537.86260	1524.83592
2025-09-04T12:37:15Z	16320.00000	1554.83393	1537.86047	1524.83491
2025-09-04T12:37:15Z	16320.00000	1554.83407	1537.85931	1524.83416
2025-09-04T12:37:15Z	16320.00000	1554.83191	1537.85834	1524.83402
2025-09-04T12:37:15Z	16320.00000	1554.83257	1537.85716	1524.83321
2025-09-04T12:37:15Z	16320.00000	1554.82864	1537.85630	1524.83253
2025-09-04T12:37:15Z	16320.00000	1554.83200	1537.85545	1524.83216
2025-09-04T12:37:16Z	16320.00000	1554.83118	1537.85451	1524.83194
2025-09-04T12:37:16Z	16321.00000	1554.83050	1537.85388	1524.83155
2025-09-04T12:37:16Z	16321.00000	1554.83052	1537.85323	1524.83112
2025-09-04T12:37:16Z	16321.00000	1554.83042	1537.85255	1524.83074
2025-09-04T12:37:16Z	16321.00000	1554.83007	1537.85186	1524.83049
2025-09-04T12:37:16Z	16321.00000	1554.82988	1537.85205	1524.83088
2025-09-04T12:37:16Z	16321.00000	1554.82647	1537.85137	1524.83039
2025-09-04T12:37:16Z	16321.00000	1554.82933	1537.85084	1524.82987
2025-09-04T12:37:16Z	16321.00000	1554.82910	1537.85031	1524.82954
2025-09-04T12:37:16Z	16321.00000	1554.82873	1537.85023	1524.82961
2025-09-04T12:37:16Z	16321.00000	1554.82815	1537.84969	1524.82940
2025-09-04T12:37:17Z	16322.00000	1554.82551	1537.84916	1524.82897
2025-09-04T12:37:17Z	16322.00000	1554.82843	1537.84861	1524.82869
2025-09-04T12:37:17Z	16322.00000	1554.82692	1537.84839	1524.82859
2025-09-04T12:37:17Z	16322.00000	1554.82730	1537.84788	1524.82830
2025-09-04T12:37:17Z	16322.00000	1554.82692	1537.84753	1524.82812
2025-09-04T12:37:17Z	16322.00000	1554.82663	1537.84726	1524.82785
2025-09-04T12:37:17Z	16322.00000	1554.82701	1537.84684	1524.82783
2025-09-04T12:37:17Z	16322.00000	1554.82557	1537.84650	1524.82769
2025-09-04T12:37:18Z	16322.00000	1554.82611	1537.84630	1524.82739
2025-09-04T12:37:18Z	16323.00000	1554.82512	1537.84580	1524.82716
2025-09-04T12:37:18Z	16323.00000	1554.82499	1537.84561	1524.82704
2025-09-04T12:37:18Z	16323.00000	1554.82389	1537.84532	1524.82704
2025-09-04T12:37:18Z	16323.00000	1554.82371	1537.84519	1524.82680
2025-09-04T12:37:18Z	16323.00000	1554.82507	1537.84481	1524.82666
2025-09-04T12:37:18Z	16323.00000	1554.82335	1537.84479	1524.82637
2025-09-04T12:37:18Z	16323.00000	1554.82487	1537.84444	1524.82635
2025-09-04T12:37:18Z	16323.00000	1554.82550	1537.84418	1524.82624
2025-09-04T12:37:18Z	16323.00000	1554.82496	1537.84395	1524.82621
2025-09-04T12:37:19Z	16323.00000	1554.82429	1537.84379	1524.82623
2025-09-04T12:37:19Z	16324.00000	1554.82440	1537.84353	1524.82594
2025-09-04T12:37:19Z	16324.00000	1555.01325	1538.11672	1524.99871
2025-09-04T12:37:19Z	16324.00000	1555.25884	1538.46733	1525.21215
2025-09-04T12:37:19Z	16324.00000	1555.45282	1538.73054	1525.36850
2025-09-04T12:37:19Z	16324.00000	1555.66119	1539.00911	1525.53708
2025-09-04T12:37:19Z	16324.00000	1555.85092	1539.27192	1525.69641
2025-09-04T12:37:19Z	16324.00000	1556.00179	1539.48473	1525.82542
2025-09-04T12:37:19Z	16324.00000	1556.19177	1539.75907	1525.99226
2025-09-04T12:37:20Z	16324.00000	1556.36988	1540.02928	1526.15611
2025-09-04T12:37:20Z	16325.00000	1556.51188	1540.20246	1526.25949
2025-09-04T12:37:20Z	16325.00000	1556.66800	1540.42385	1526.39240
2025-09-04T12:37:20Z	16325.00000	1556.79000	1540.60650	1526.50341
2025-09-04T12:37:20Z	16325.00000	1556.88105	1540.75136	1526.58821
2025-09-04T12:37:20Z	16325.00000	1556.99931	1540.88691	1526.67248
2025-09-04T12:37:20Z	16325.00000	1557.08025	1541.03042	1526.75670
2025-09-04T12:37:20Z	16325.00000	1557.20097	1541.18079	1526.84613
2025-09-04T12:37:20Z	16325.00000	1557.27485	1541.29965	1526.91443
2025-09-04T12:37:21Z	16325.00000	1557.35477	1541.38933	1526.96659
2025-09-04T12:37:21Z	16326.00000	1557.38769	1541.47082	1527.01610
2025-09-04T12:37:21Z	16326.00000	1557.44167	1541.53153	1527.05365
2025-09-04T12:37:21Z	16326.00000	1557.51212	1541.60961	1527.09914
2025-09-04T12:37:21Z	16326.00000	1557.54770	1541.68653	1527.14183
2025-09-04T12:37:21Z	16326.00000	1557.59571	1541.75200	1527.18114
2025-09-04T12:37:21Z	16326.00000	1557.63886	1541.79820	1527.21031
2025-09-04T12:37:21Z	16326.00000	1557.67374	1541.83701	1527.23413
2025-09-04T12:37:21Z	16326.00000	1557.69394	1541.86427	1527.25123
2025-09-04T12:37:22Z	16326.00000	1557.70391	1541.88998	1527.26671
2025-09-04T12:37:22Z	16327.00000	1557.70973	1541.90813	1527.27776
2025-09-04T12:37:22Z	16327.00000	1557.71520	1541.92379	1527.28666
2025-09-04T12:37:22Z	16327.00000	1557.72093	1541.93693	1527.29478
2025-09-04T12:37:22Z	16327.00000	1557.73032	1541.95213	1527.30311
2025-09-04T12:37:22Z	16327.00000	1557.73993	1541.96131	1527.30817
2025-09-04T12:37:22Z	16327.00000	1557.74484	1541.96914	1527.31275
2025-09-04T12:37:22Z	16327.00000	1557.75217	1541.97817	1527.31810
2025-09-04T12:37:22Z	16327.00000	1557.75801	1541.98376	1527.32126
2025-09-04T12:37:22Z	16327.00000	1557.76321	1541.98969	1527.32457
2025-09-04T12:37:23Z	16327.00000	1557.76801	1541.99489	1527.32754
2025-09-04T12:37:23Z	16328.00000	1556.34633	1539.98404	1526.10946
2025-09-04T12:37:23Z	16328.00000	1555.86894	1539.33612	1525.72065
2025-09-04T12:37:23Z	16328.00000	1555.61785	1538.96979	1525.50941
2025-09-04T12:37:23Z	16328.00000	1555.45773	1538.74277	1525.37391
2025-09-04T12:37:23Z	16328.00000	1555.31438	1538.53312	1525.24977
2025-09-04T12:37:23Z	16328.00000	1555.17230	1538.33141	1525.12730
2025-09-04T12:37:23Z	16328.00000	1555.02762	1538.15098	1525.01550
2025-09-04T12:37:23Z	16328.00000	1554.90545	1537.97561	1524.90661
2025-09-04T12:37:24Z	16328.00000	1554.83344	1537.86789	1524.83806
2025-09-04T12:37:24Z	16329.00000	1554.83666	1537.86546	1524.83738
2025-09-04T12:37:24Z	16329.00000	1554.83556	1537.86339	1524.83644
2025-09-04T12:37:24Z	16329.00000	1554.83475	1537.86185	1524.83579
2025-09-04T12:37:24Z	16329.00000	1554.83430	1537.86000	1524.83473
2025-09-04T12:37:24Z	16329.00000	1554.83418	1537.85903	1524.83417
2025-09-04T12:37:24Z	16329.00000	1554.83344	1537.85808	1524.83395
2025-09-04T12:37:24Z	16329.00000	1554.83130	1537.85704	1524.83322
2025-09-04T12:37:24Z	16329.00000	1554.83243	1537.85604	1524.83273
2025-09-04T12:37:25Z	16330.00000	1554.83141	1537.85472	1524.83205
2025-09-04T12:37:25Z	16330.00000	1554.83096	1537.85427	1524.83189
2025-09-04T12:37:25Z	16330.00000	1554.83077	1537.85342	1524.83142
2025-09-04T12:37:25Z	16330.00000	1554.82729	1537.85273	1524.83071
2025-09-04T12:37:25Z	16330.00000	1554.82877	1537.85240	1524.83051
2025-09-04T12:37:25Z	16330.00000	1554.82959	1537.85118	1524.82980
2025-09-04T12:37:25Z	16330.00000	1554.82957	1537.85124	1524.82985
2025-09-04T12:37:25Z	16330.00000	1554.82969	1537.85095	1524.83011
2025-09-04T12:37:25Z	16330.00000	1554.82908	1537.85022	1524.82963
2025-09-04T12:37:26Z	16331.00000	1554.82863	1537.84966	1524.82926
2025-09-04T12:37:26Z	16331.00000	1554.82876	1537.84914	1524.82885
2025-09-04T12:37:26Z	16331.00000	1554.82785	1537.84886	1524.82869
2025-09-04T12:37:26Z	16331.00000	1554.82796	1537.84844	1524.82859
2025-09-04T12:37:26Z	16331.00000	1554.82767	1537.84789	1524.82834
2025-09-04T12:37:26Z	16331.00000	1554.82706	1537.84738	1524.82792
2025-09-04T12:37:26Z	16331.00000	1554.82718	1537.84723	1524.82785
2025-09-04T12:37:26Z	16331.00000	1554.82679	1537.84688	1524.82777
2025-09-04T12:37:27Z	16332.00000	1554.82643	1537.84639	1524.82734
2025-09-04T12:37:27Z	16332.00000	1554.82629	1537.84624	1524.82734
2025-09-04T12:37:27Z	16332.00000	1554.82600	1537.84551	1524.82686
2025-09-04T12:37:27Z	16332.00000	1554.82575	1537.84504	1524.82672
2025-09-04T12:37:27Z	16332.00000	1554.82579	1537.84503	1524.82692
2025-09-04T12:37:27Z	16332.00000	1554.82570	1537.84481	1524.82646
2025-09-04T12:37:27Z	16332.00000	1554.82602	1537.84449	1524.82647
2025-09-04T12:37:27Z	16332.00000	1554.82333	1537.84435	1524.82621
2025-09-04T12:37:28Z	16332.00000	1554.82481	1537.84410	1524.82613
2025-09-04T12:37:28Z	16333.00000	1554.82510	1537.84405	1524.82603
2025-09-04T12:37:28Z	16333.00000	1555.06733	1538.20623	1525.05151
2025-09-04T12:37:28Z	16333.00000	1555.28737	1538.50047	1525.23319
2025-09-04T12:37:28Z	16333.00000	1555.46907	1538.74863	1525.38065
2025-09-04T12:37:28Z	16333.00000	1555.67165	1539.02380	1525.54717
2025-09-04T12:37:28Z	16333.00000	1556.01169	1539.49970	1525.83383
2025-09-04T12:37:28Z	16333.00000	1556.15478	1539.70379	1525.95704
2025-09-04T12:37:28Z	16333.00000	1556.32542	1539.94265	1526.10627
2025-09-04T12:37:29Z	16334.00000	1556.46439	1540.14926	1526.22678
2025-09-04T12:37:29Z	16334.00000	1556.59311	1540.34242	1526.34626
2025-09-04T12:37:29Z	16334.00000	1556.71052	1540.50842	1526.44455
2025-09-04T12:37:29Z	16334.00000	1556.83872	1540.66085	1526.53590
2025-09-04T12:37:29Z	16334.00000	1556.92047	1540.80256	1526.62006
2025-09-04T12:37:29Z	16334.00000	1557.02971	1540.93548	1526.70159
2025-09-04T12:37:29Z	16334.00000	1557.19552	1541.16738	1526.83819
2025-09-04T12:37:29Z	16334.00000	1557.27722	1541.30268	1526.91654
2025-09-04T12:37:30Z	16334.00000	1557.36293	1541.40540	1526.97643
2025-09-04T12:37:30Z	16335.00000	1557.40339	1541.48855	1527.02714
2025-09-04T12:37:30Z	16335.00000	1557.47828	1541.57031	1527.07737
2025-09-04T12:37:30Z	16335.00000	1557.53346	1541.64450	1527.11853
2025-09-04T12:37:30Z	16335.00000	1557.55263	1541.69937	1527.14940
2025-09-04T12:37:30Z	16335.00000	1557.60399	1541.76152	1527.18730
2025-09-04T12:37:30Z	16335.00000	1557.64569	1541.80646	1527.21565
2025-09-04T12:37:30Z	16335.00000	1557.67478	1541.83869	1527.23544
2025-09-04T12:37:30Z	16335.00000	1557.69415	1541.86524	1527.25185
2025-09-04T12:37:30Z	16335.00000	1557.70502	1541.89344	1527.26912
2025-09-04T12:37:31Z	16336.00000	1557.71250	1541.91655	1527.28296
2025-09-04T12:37:31Z	16336.00000	1557.71779	1541.93096	1527.29136
2025-09-04T12:37:31Z	16336.00000	1557.72640	1541.94715	1527.30030
2025-09-04T12:37:31Z	16336.00000	1557.73443	1541.95782	1527.30658
2025-09-04T12:37:31Z	16336.00000	1557.74405	1541.96858	1527.31287
2025-09-04T12:37:31Z	16336.00000	1557.75004	1541.97586	1527.31688
2025-09-04T12:37:31Z	16336.00000	1557.75670	1541.98362	1527.32120
2025-09-04T12:37:31Z	16336.00000	1557.76180	1541.98861	1527.32425
2025-09-04T12:37:32Z	16336.00000	1557.76788	1541.99536	1527.32783
2025-09-04T12:37:32Z	16337.00000	1556.19216	1539.78104	1525.99413
2025-09-04T12:37:32Z	16337.00000	1555.84841	1539.27719	1525.68769
2025-09-04T12:37:32Z	16337.00000	1555.64882	1539.00446	1525.53057
2025-09-04T12:37:32Z	16337.00000	1555.45106	1538.73621	1525.36999
2025-09-04T12:37:32Z	16337.00000	1555.30167	1538.51919	1525.24074
2025-09-04T12:37:32Z	16337.00000	1555.11344	1538.26052	1525.08082
2025-09-04T12:37:32Z	16337.00000	1554.97650	1538.05558	1524.95688
2025-09-04T12:37:32Z	16337.00000	1554.85574	1537.91570	1524.86827
2025-09-04T12:37:33Z	16337.00000	1554.83700	1537.86646	1524.83734
2025-09-04T12:37:33Z	16338.00000	1554.83394	1537.86431	1524.83659
2025-09-04T12:37:33Z	16338.00000	1554.83470	1537.86238	1524.83622
2025-09-04T12:37:33Z	16338.00000	1554.83407	1537.86095	1524.83548
2025-09-04T12:37:33Z	16338.00000	1554.83418	1537.85947	1524.83414
2025-09-04T12:37:33Z	16338.00000	1554.83354	1537.85854	1524.83392
2025-09-04T12:37:33Z	16338.00000	1554.83253	1537.85756	1524.83370
2025-09-04T12:37:33Z	16338.00000	1554.82884	1537.85655	1524.83290
2025-09-04T12:37:33Z	16338.00000	1554.83226	1537.85566	1524.83230
2025-09-04T12:37:33Z	16338.00000	1554.83185	1537.85500	1524.83218
2025-09-04T12:37:34Z	16339.00000	1554.83097	1537.85383	1524.83163
2025-09-04T12:37:34Z	16339.00000	1554.82883	1537.85299	1524.83102
2025-09-04T12:37:34Z	16339.00000	1554.83059	1537.85266	1524.83068
2025-09-04T12:37:34Z	16339.00000	1554.83004	1537.85210	1524.83052
2025-09-04T12:37:34Z	16339.00000	1554.82915	1537.85119	1524.83007
2025-09-04T12:37:34Z	16339.00000	1554.82923	1537.85064	1524.82975
2025-09-04T12:37:34Z	16339.00000	1554.82941	1537.85057	1524.82965
2025-09-04T12:37:34Z	16339.00000	1554.82871	1537.85008	1524.82969
2025-09-04T12:37:35Z	16339.00000	1554.82560	1537.84957	1524.82927
2025-09-04T12:37:35Z	16340.00000	1554.82868	1537.84919	1524.82884
2025-09-04T12:37:35Z	16340.00000	1554.82857	1537.84880	1524.82882
2025-09-04T12:37:35Z	16340.00000	1554.82799	1537.84840	1524.82871
2025-09-04T12:37:35Z	16340.00000	1554.82754	1537.84813	1524.82850
2025-09-04T12:37:35Z	16340.00000	1554.82692	1537.84785	1524.82819
2025-09-04T12:37:35Z	16340.00000	1554.82640	1537.84730	1524.82783
2025-09-04T12:37:35Z	16340.00000	1554.82701	1537.84711	1524.82775
2025-09-04T12:37:35Z	16340.00000	1554.82687	1537.84663	1524.82763
2025-09-04T12:37:35Z	16340.00000	1554.82659	1537.84653	1524.82739
2025-09-04T12:37:36Z	16341.00000	1554.82688	1537.84631	1524.82745
2025-09-04T12:37:36Z	16341.00000	1554.82511	1537.84596	1524.82721
2025-09-04T12:37:36Z	16341.00000	1554.82632	1537.84548	1524.82700
2025-09-04T12:37:36Z	16341.00000	1554.82599	1537.84523	1524.82685
2025-09-04T12:37:36Z	16341.00000	1554.82582	1537.84506	1524.82673
2025-09-04T12:37:36Z	16341.00000	1554.82563	1537.84475	1524.82643
2025-09-04T12:37:36Z	16341.00000	1554.82463	1537.84440	1524.82649
2025-09-04T12:37:36Z	16341.00000	1554.82441	1537.84428	1524.82623
2025-09-04T12:37:36Z	16341.00000	1554.82480	1537.84413	1524.82614
2025-09-04T12:37:37Z	16341.00000	1554.82440	1537.84379	1524.82587
2025-09-04T12:37:37Z	16342.00000	1555.06141	1538.20067	1525.04873
2025-09-04T12:37:37Z	16342.00000	1555.28081	1538.49284	1525.22921
2025-09-04T12:37:37Z	16342.00000	1555.46962	1538.74899	1525.38039
2025-09-04T12:37:37Z	16342.00000	1555.63937	1538.98518	1525.52348
2025-09-04T12:37:37Z	16342.00000	1555.80572	1539.21414	1525.65992
2025-09-04T12:37:37Z	16342.00000	1556.02711	1539.53808	1525.85615
2025-09-04T12:37:37Z	16342.00000	1556.19404	1539.76621	1525.99682
2025-09-04T12:37:37Z	16342.00000	1556.32675	1539.94441	1526.10713
2025-09-04T12:37:38Z	16342.00000	1556.46644	1540.15188	1526.22823
2025-09-04T12:37:38Z	16343.00000	1556.57690	1540.32400	1526.33591
2025-09-04T12:37:38Z	16343.00000	1556.73121	1540.53939	1526.46345
2025-09-04T12:37:38Z	16343.00000	1556.84135	1540.66570	1526.53851
2025-09-04T12:37:38Z	16343.00000	1556.90544	1540.78650	1526.60996
2025-09-04T12:37:38Z	16343.00000	1557.00755	1540.89729	1526.67879
2025-09-04T12:37:38Z	16343.00000	1557.08806	1541.04029	1526.76267
2025-09-04T12:37:38Z	16343.00000	1557.19734	1541.17188	1526.84065
2025-09-04T12:37:38Z	16343.00000	1557.23766	1541.25702	1526.89096
2025-09-04T12:37:38Z	16343.00000	1557.32350	1541.35311	1526.94532
2025-09-04T12:37:39Z	16343.00000	1557.38447	1541.46508	1527.01280
2025-09-04T12:37:39Z	16344.00000	1557.45014	1541.54147	1527.05982
2025-09-04T12:37:39Z	16344.00000	1557.53075	1541.63796	1527.11468
2025-09-04T12:37:39Z	16344.00000	1557.55364	1541.70217	1527.15105
2025-09-04T12:37:39Z	16344.00000	1557.59102	1541.74835	1527.17905
2025-09-04T12:37:39Z	16344.00000	1557.63493	1541.79483	1527.20844
2025-09-04T12:37:39Z	16344.00000	1557.66589	1541.82861	1527.22925
2025-09-04T12:37:39Z	16344.00000	1557.68857	1541.85652	1527.24641
2025-09-04T12:37:39Z	16344.00000	1557.70034	1541.87998	1527.26083
2025-09-04T12:37:39Z	16344.00000	1557.70659	1541.89909	1527.27272
2025-09-04T12:37:40Z	16345.00000	1557.71206	1541.91544	1527.28254
2025-09-04T12:37:40Z	16345.00000	1557.71727	1541.92989	1527.29037
2025-09-04T12:37:40Z	16345.00000	1557.72504	1541.94567	1527.29968
2025-09-04T12:37:40Z	16345.00000	1557.73433	1541.95574	1527.30547
2025-09-04T12:37:40Z	16345.00000	1557.74088	1541.96551	1527.31138
2025-09-04T12:37:40Z	16345.00000	1557.74761	1541.97276	1527.31508
2025-09-04T12:37:40Z	16345.00000	1557.75283	1541.97926	1527.31867
2025-09-04T12:37:40Z	16345.00000	1557.76017	1541.98710	1527.32310
2025-09-04T12:37:40Z	16345.00000	1557.76430	1541.99162	1527.32583
2025-09-04T12:37:41Z	16345.00000	1557.49561	1541.58933	1527.09115
2025-09-04T12:37:41Z	16346.00000	1556.06479	1539.62813	1525.89201
2025-09-04T12:37:41Z	16346.00000	1555.83921	1539.25845	1525.67307
2025-09-04T12:37:41Z	16346.00000	1555.60405	1538.95539	1525.49970
2025-09-04T12:37:41Z	16346.00000	1555.44352	1538.72668	1525.36406
2025-09-04T12:37:41Z	16346.00000	1555.26694	1538.48260	1525.21878
2025-09-04T12:37:41Z	16346.00000	1555.12912	1538.27886	1525.09191
2025-09-04T12:37:41Z	16346.00000	1554.98732	1538.06866	1524.96447
2025-09-04T12:37:41Z	16346.00000	1554.85655	1537.91636	1524.86834
2025-09-04T12:37:41Z	16346.00000	1554.83731	1537.86822	1524.83823
2025-09-04T12:37:42Z	16346.00000	1554.83672	1537.86538	1524.83664
2025-09-04T12:37:42Z	16347.00000	1554.83550	1537.86333	1524.83578
2025-09-04T12:37:42Z	16347.00000	1554.83461	1537.86175	1524.83530
2025-09-04T12:37:42Z	16347.00000	1554.83411	1537.86050	1524.83462
2025-09-04T12:37:42Z	16347.00000	1554.83394	1537.85908	1524.83389
2025-09-04T12:37:42Z	16347.00000	1554.83313	1537.85816	1524.83342
2025-09-04T12:37:42Z	16347.00000	1554.83251	1537.85707	1524.83293
2025-09-04T12:37:42Z	16347.00000	1554.83257	1537.85633	1524.83248
2025-09-04T12:37:42Z	16347.00000	1554.83238	1537.85559	1524.83165
2025-09-04T12:37:42Z	16347.00000	1554.82957	1537.85468	1524.83155
2025-09-04T12:37:43Z	16347.00000	1554.83094	1537.85403	1524.83147
2025-09-04T12:37:43Z	16348.00000	1554.83085	1537.85342	1524.83086
2025-09-04T12:37:43Z	16348.00000	1554.82732	1537.85282	1524.83040
2025-09-04T12:37:43Z	16348.00000	1554.83066	1537.85228	1524.83010
2025-09-04T12:37:43Z	16348.00000	1554.82993	1537.85181	1524.83005
2025-09-04T12:37:43Z	16348.00000	1554.82984	1537.85190	1524.83032
2025-09-04T12:37:43Z	16348.00000	1554.82965	1537.85136	1524.83001
2025-09-04T12:37:43Z	16348.00000	1554.82909	1537.85026	1524.82881
2025-09-04T12:37:43Z	16348.00000	1554.82882	1537.85009	1524.82906
2025-09-04T12:37:43Z	16348.00000	1554.82853	1537.84969	1524.82886
2025-09-04T12:37:44Z	16348.00000	1554.82840	1537.84905	1524.82856
2025-09-04T12:37:44Z	16349.00000	1554.82558	1537.84879	1524.82800
2025-09-04T12:37:44Z	16349.00000	1554.82774	1537.84846	1524.82815
2025-09-04T12:37:44Z	16349.00000	1554.82744	1537.84818	1524.82799
2025-09-04T12:37:44Z	16349.00000	1554.82731	1537.84792	1524.82805
2025-09-04T12:37:44Z	16349.00000	1554.82667	1537.84733	1524.82771
2025-09-04T12:37:44Z	16349.00000	1554.82459	1537.84725	1524.82760
2025-09-04T12:37:44Z	16349.00000	1554.82697	1537.84667	1524.82748
2025-09-04T12:37:44Z	16349.00000	1554.82693	1537.84638	1524.82716
2025-09-04T12:37:45Z	16349.00000	1554.82603	1537.84614	1524.82685
2025-09-04T12:37:45Z	16350.00000	1554.82404	1537.84599	1524.82676
2025-09-04T12:37:45Z	16350.00000	1554.82622	1537.84568	1524.82674
2025-09-04T12:37:45Z	16350.00000	1554.82576	1537.84521	1524.82636
2025-09-04T12:37:45Z	16350.00000	1554.82493	1537.84489	1524.82636
2025-09-04T12:37:45Z	16350.00000	1554.82343	1537.84478	1524.82607
2025-09-04T12:37:45Z	16350.00000	1554.82360	1537.84455	1524.82603
2025-09-04T12:37:45Z	16350.00000	1554.82318	1537.84435	1524.82584
2025-09-04T12:37:45Z	16350.00000	1554.82313	1537.84389	1524.82577
2025-09-04T12:37:46Z	16350.00000	1554.82484	1537.84381	1524.82558
2025-09-04T12:37:46Z	16351.00000	1554.82306	1537.84336	1524.82537
2025-09-04T12:37:46Z	16351.00000	1554.82294	1537.84326	1524.82524
2025-09-04T12:37:46Z	16351.00000	1554.82434	1537.84281	1524.82519
2025-09-04T12:37:46Z	16351.00000	1554.82407	1537.84266	1524.82490
2025-09-04T12:37:46Z	16351.00000	1554.82224	1537.84228	1524.82481
2025-09-04T12:37:46Z	16351.00000	1554.82379	1537.84233	1524.82473
2025-09-04T12:37:46Z	16351.00000	1554.82222	1537.84202	1524.82478
2025-09-04T12:37:46Z	16351.00000	1554.82372	1537.84187	1524.82469
2025-09-04T12:37:47Z	16352.00000	1554.82384	1537.84183	1524.82444
2025-09-04T12:37:47Z	16352.00000	1554.82186	1537.84162	1524.82435
2025-09-04T12:37:47Z	16352.00000	1554.82190	1537.84167	1524.82448
2025-09-04T12:37:47Z	16352.00000	1554.82321	1537.84131	1524.82424
2025-09-04T12:37:47Z	16352.00000	1554.82202	1537.84113	1524.82413
2025-09-04T12:37:47Z	16352.00000	1554.82305	1537.84095	1524.82405
2025-09-04T12:37:47Z	16352.00000	1554.82303	1537.84071	1524.82399
2025-09-04T12:37:47Z	16352.00000	1554.82273	1537.84061	1524.82403
2025-09-04T12:37:47Z	16352.00000	1554.82299	1537.84053	1524.82379
2025-09-04T12:37:48Z	16352.00000	1554.82232	1537.84012	1524.82387
2025-09-04T12:37:48Z	16353.00000	1554.82254	1537.84030	1524.82361
2025-09-04T12:37:48Z	16353.00000	1554.82225	1537.84011	1524.82358
2025-09-04T12:37:48Z	16353.00000	1554.82255	1537.84004	1524.82345
2025-09-04T12:37:48Z	16353.00000	1554.82110	1537.83972	1524.82353
2025-09-04T12:37:48Z	16353.00000	1554.82203	1537.83963	1524.82354
2025-09-04T12:37:48Z	16353.00000	1554.82211	1537.83939	1524.82302
2025-09-04T12:37:48Z	16353.00000	1554.82235	1537.83947	1524.82305
2025-09-04T12:37:48Z	16353.00000	1554.82177	1537.83935	1524.82324
2025-09-04T12:37:49Z	16353.00000	1554.82186	1537.83905	1524.82297
2025-09-04T12:37:49Z	16354.00000	1554.82049	1537.83907	1524.82283
2025-09-04T12:37:49Z	16354.00000	1554.82063	1537.83873	1524.82286
2025-09-04T12:37:49Z	16354.00000	1554.82039	1537.83867	1524.82267
2025-09-04T12:37:49Z	16354.00000	1554.82032	1537.83843	1524.82278
2025-09-04T12:37:49Z	16354.00000	1554.82031	1537.83844	1524.82260
2025-09-04T12:37:49Z	16354.00000	1554.82096	1537.83829	1524.82265
2025-09-04T12:37:49Z	16354.00000	1554.82018	1537.83807	1524.82242
2025-09-04T12:37:49Z	16354.00000	1554.81996	1537.83808	1524.82245
2025-09-04T12:37:50Z	16354.00000	1554.82076	1537.83799	1524.82234
2025-09-04T12:37:50Z	16355.00000	1554.81976	1537.83777	1524.82215
2025-09-04T12:37:50Z	16355.00000	1554.82001	1537.83785	1524.82253
2025-09-04T12:37:50Z	16355.00000	1554.81986	1537.83778	1524.82226
2025-09-04T12:37:50Z	16355.00000	1554.81976	1537.83754	1524.82237
2025-09-04T12:37:50Z	16355.00000	1554.81961	1537.83760	1524.82224
2025-09-04T12:37:50Z	16355.00000	1554.81932	1537.83719	1524.82203
2025-09-04T12:37:50Z	16355.00000	1554.81946	1537.83706	1524.82189
2025-09-04T12:37:50Z	16355.00000	1554.81979	1537.83740	1524.82239
2025-09-04T12:37:51Z	16355.00000	1554.81947	1537.83698	1524.82207
2025-09-04T12:37:51Z	16356.00000	1554.81938	1537.83661	1524.82174
2025-09-04T12:37:51Z	16356.00000	1554.81901	1537.83661	1524.82168
2025-09-04T12:37:51Z	16356.00000	1554.81916	1537.83656	1524.82193
2025-09-04T12:37:51Z	16356.00000	1554.81912	1537.83651	1524.82168
2025-09-04T12:37:51Z	16356.00000	1554.81898	1537.83648	1524.82180
2025-09-04T12:37:51Z	16356.00000	1554.81899	1537.83627	1524.82159
2025-09-04T12:37:51Z	16356.00000	1554.81989	1537.83625	1524.82167
2025-09-04T12:37:51Z	16356.00000	1554.81859	1537.83584	1524.82153
2025-09-04T12:37:52Z	16357.00000	1554.81946	1537.83589	1524.82138
2025-09-04T12:37:52Z	16357.00000	1554.81985	1537.83581	1524.82138
2025-09-04T12:37:52Z	16357.00000	1554.81864	1537.83568	1524.82135
2025-09-04T12:37:52Z	16357.00000	1554.81950	1537.83571	1524.82115
2025-09-04T12:37:52Z	16357.00000	1554.81896	1537.83564	1524.82108
2025-09-04T12:37:52Z	16357.00000	1554.81840	1537.83559	1524.82120
2025-09-04T12:37:52Z	16357.00000	1554.81862	1537.83530	1524.82104
2025-09-04T12:37:52Z	16357.00000	1554.81869	1537.83545	1524.82122
2025-09-04T12:37:52Z	16357.00000	1554.81814	1537.83533	1524.82112
2025-09-04T12:37:53Z	16357.00000	1554.81825	1537.83510	1524.82085
2025-09-04T12:37:53Z	16358.00000	1554.81881	1537.83510	1524.82085
2025-09-04T12:37:53Z	16358.00000	1554.81847	1537.83502	1524.82097
2025-09-04T12:37:53Z	16358.00000	1554.81871	1537.83512	1524.82094
2025-09-04T12:37:53Z	16358.00000	1554.81820	1537.83498	1524.82096
2025-09-04T12:37:53Z	16358.00000	1554.81791	1537.83499	1524.82074
2025-09-04T12:37:53Z	16358.00000	1554.81875	1537.83493	1524.82085
2025-09-04T12:37:53Z	16358.00000	1554.81876	1537.83473	1524.82082
2025-09-04T12:37:53Z	16358.00000	1554.81773	1537.83443	1524.82060
2025-09-04T12:37:53Z	16358.00000	1554.81817	1537.83442	1524.82029
2025-09-04T12:37:54Z	16358.00000	1554.81783	1537.83446	1524.82068
2025-09-04T12:37:54Z	16359.00000	1554.81773	1537.83423	1524.82015
2025-09-04T12:37:54Z	16359.00000	1554.81749	1537.83424	1524.82042
2025-09-04T12:37:54Z	16359.00000	1554.81832	1537.83435	1524.82032
2025-09-04T12:37:54Z	16359.00000	1554.81718	1537.83425	1524.82024
2025-09-04T12:37:54Z	16359.00000	1554.81744	1537.83379	1524.82028
2025-09-04T12:37:54Z	16359.00000	1554.81756	1537.83411	1524.82023
2025-09-04T12:37:54Z	16359.00000	1554.81826	1537.83393	1524.82010
2025-09-04T12:37:54Z	16359.00000	1554.81797	1537.83406	1524.82028
2025-09-04T12:37:55Z	16359.00000	1554.81777	1537.83367	1524.82016
2025-09-04T12:37:55Z	16360.00000	1554.81702	1537.83372	1524.81993
2025-09-04T12:37:55Z	16360.00000	1554.81816	1537.83378	1524.82018
2025-09-04T12:37:55Z	16360.00000	1554.81762	1537.83372	1524.82008
2025-09-04T12:37:55Z	16360.00000	1554.81708	1537.83365	1524.82002
2025-09-04T12:37:55Z	16360.00000	1554.81730	1537.83348	1524.81994
2025-09-04T12:37:55Z	16360.00000	1554.81685	1537.83348	1524.81990
2025-09-04T12:37:55Z	16360.00000	1554.81718	1537.83331	1524.81976
2025-09-04T12:37:55Z	16360.00000	1554.81727	1537.83322	1524.81993
2025-09-04T12:37:56Z	16360.00000	1554.81716	1537.83339	1524.81973
2025-09-04T12:37:56Z	16361.00000	1554.81675	1537.83298	1524.81947
2025-09-04T12:37:56Z	16361.00000	1554.81738	1537.83360	1524.82044
2025-09-04T12:37:56Z	16361.00000	1554.81654	1537.83263	1524.81946
2025-09-04T12:37:56Z	16361.00000	1554.81618	1537.83261	1524.81936
2025-09-04T12:37:56Z	16361.00000	1554.81790	1537.83328	1524.81991
2025-09-04T12:37:56Z	16361.00000	1554.81644	1537.83266	1524.81940
2025-09-04T12:37:56Z	16361.00000	1554.81642	1537.83253	1524.81949
2025-09-04T12:37:57Z	16361.00000	1554.81644	1537.83279	1524.81959
2025-09-04T12:37:57Z	16362.00000	1554.81709	1537.83259	1524.81948
2025-09-04T12:37:57Z	16362.00000	1554.81654	1537.83237	1524.81954
2025-09-04T12:37:57Z	16362.00000	1554.81675	1537.83274	1524.81951
2025-09-04T12:37:57Z	16362.00000	1554.81609	1537.83241	1524.81926
2025-09-04T12:37:57Z	16362.00000	1554.81644	1537.83218	1524.81933
2025-09-04T12:37:57Z	16362.00000	1554.81596	1537.83214	1524.81905
2025-09-04T12:37:57Z	16362.00000	1554.81649	1537.83255	1524.81959
2025-09-04T12:37:57Z	16362.00000	1554.81626	1537.83237	1524.81913
2025-09-04T12:37:58Z	16362.00000	1554.81603	1537.83219	1524.81917
2025-09-04T12:37:58Z	16363.00000	1554.81600	1537.83211	1524.81918
2025-09-04T12:37:58Z	16363.00000	1554.81591	1537.83198	1524.81915
2025-09-04T12:37:58Z	16363.00000	1554.81576	1537.83206	1524.81875
2025-09-04T12:37:58Z	16363.00000	1554.81604	1537.83202	1524.81909
2025-09-04T12:37:58Z	16363.00000	1554.81559	1537.83171	1524.81898
2025-09-04T12:37:58Z	16363.00000	1554.81591	1537.83184	1524.81911
2025-09-04T12:37:58Z	16363.00000	1554.81552	1537.83153	1524.81872
2025-09-04T12:37:58Z	16363.00000	1554.81616	1537.83162	1524.81906
2025-09-04T12:37:59Z	16364.00000	1554.81544	1537.83178	1524.81900
2025-09-04T12:37:59Z	16364.00000	1554.81604	1537.83160	1524.81893
2025-09-04T12:37:59Z	16364.00000	1554.81563	1537.83141	1524.81892
2025-09-04T12:37:59Z	16364.00000	1554.81602	1537.83149	1524.81875
2025-09-04T12:37:59Z	16364.00000	1554.81564	1537.83153	1524.81883
2025-09-04T12:37:59Z	16364.00000	1554.81571	1537.83146	1524.81900
2025-09-04T12:37:59Z	16364.00000	1554.81567	1537.83153	1524.81906
2025-09-04T12:37:59Z	16364.00000	1554.81572	1537.83137	1524.81896
2025-09-04T12:37:59Z	16364.00000	1554.81518	1537.83108	1524.81874
2025-09-04T12:38:00Z	16364.00000	1554.81545	1537.83114	1524.81858
2025-09-04T12:38:00Z	16365.00000	1554.81522	1537.83113	1524.81856
2025-09-04T12:38:00Z	16365.00000	1554.81534	1537.83103	1524.81864
2025-09-04T12:38:00Z	16365.00000	1554.81517	1537.83088	1524.81856
2025-09-04T12:38:00Z	16365.00000	1554.81504	1537.83076	1524.81846
2025-09-04T12:38:00Z	16365.00000	1554.81511	1537.83098	1524.81861
2025-09-04T12:38:00Z	16365.00000	1554.81540	1537.83087	1524.81835
2025-09-04T12:38:00Z	16365.00000	1554.81538	1537.83087	1524.81841
2025-09-04T12:38:01Z	16365.00000	1554.81519	1537.83070	1524.81847
2025-09-04T12:38:01Z	16366.00000	1554.81497	1537.83075	1524.81841
2025-09-04T12:38:01Z	16366.00000	1554.81528	1537.83078	1524.81844
2025-09-04T12:38:01Z	16366.00000	1554.81499	1537.83062	1524.81829
2025-09-04T12:38:01Z	16366.00000	1554.81536	1537.83044	1524.81830
2025-09-04T12:38:01Z	16366.00000	1554.81465	1537.83055	1524.81822
2025-09-04T12:38:01Z	16366.00000	1554.81471	1537.83048	1524.81818
2025-09-04T12:38:01Z	16366.00000	1554.81489	1537.83037	1524.81824
2025-09-04T12:38:01Z	16366.00000	1554.81473	1537.83036	1524.81816
2025-09-04T12:38:01Z	16366.00000	1554.81500	1537.83038	1524.81816
2025-09-04T12:38:02Z	16367.00000	1554.81463	1537.83040	1524.81812
2025-09-04T12:38:02Z	16367.00000	1554.81481	1537.83014	1524.81809
2025-09-04T12:38:02Z	16367.00000	1554.81473	1537.83030	1524.81814
2025-09-04T12:38:02Z	16367.00000	1554.81504	1537.83020	1524.81794
2025-09-04T12:38:02Z	16367.00000	1554.81473	1537.83017	1524.81791
2025-09-04T12:38:02Z	16367.00000	1554.81455	1537.82992	1524.81801
2025-09-04T12:38:02Z	16367.00000	1554.81473	1537.83007	1524.81796
2025-09-04T12:38:02Z	16367.00000	1554.81454	1537.83002	1524.81792
2025-09-04T12:38:03Z	16367.00000	1554.81488	1537.82988	1524.81778
2025-09-04T12:38:03Z	16368.00000	1554.81410	1537.83012	1524.81772
2025-09-04T12:38:03Z	16368.00000	1554.81466	1537.82982	1524.81800
2025-09-04T12:38:03Z	16368.00000	1554.81466	1537.82975	1524.81782
2025-09-04T12:38:03Z	16368.00000	1554.81421	1537.82979	1524.81782
2025-09-04T12:38:03Z	16368.00000	1554.81413	1537.82960	1524.81787
2025-09-04T12:38:03Z	16368.00000	1554.81436	1537.82951	1524.81775
2025-09-04T12:38:03Z	16368.00000	1554.81451	1537.82974	1524.81799
2025-09-04T12:38:03Z	16368.00000	1554.81405	1537.82981	1524.81777
2025-09-04T12:38:04Z	16368.00000	1554.81454	1537.82967	1524.81757
2025-09-04T12:38:04Z	16369.00000	1554.81416	1537.82947	1524.81768
2025-09-04T12:38:04Z	16369.00000	1554.81395	1537.82946	1524.81781
2025-09-04T12:38:04Z	16369.00000	1554.81417	1537.82951	1524.81755
2025-09-04T12:38:04Z	16369.00000	1554.81410	1537.82935	1524.81762
2025-09-04T12:38:04Z	16369.00000	1554.81409	1537.82924	1524.81767
2025-09-04T12:38:04Z	16369.00000	1554.81386	1537.82934	1524.81762
2025-09-04T12:38:04Z	16369.00000	1554.81427	1537.82924	1524.81763
2025-09-04T12:38:04Z	16369.00000	1554.81398	1537.82932	1524.81771
2025-09-04T12:38:05Z	16370.00000	1554.81368	1537.82932	1524.81743
2025-09-04T12:38:05Z	16370.00000	1554.81362	1537.82921	1524.81750
2025-09-04T12:38:05Z	16370.00000	1554.81391	1537.82898	1524.81725
2025-09-04T12:38:05Z	16370.00000	1554.81395	1537.82908	1524.81756
2025-09-04T12:38:05Z	16370.00000	1554.81395	1537.82901	1524.81760
2025-09-04T12:38:05Z	16370.00000	1554.81357	1537.82921	1524.81745
2025-09-04T12:38:05Z	16370.00000	1554.81389	1537.82881	1524.81747
2025-09-04T12:38:05Z	16370.00000	1554.81389	1537.82896	1524.81743
2025-09-04T12:38:05Z	16370.00000	1554.81340	1537.82888	1524.81733
2025-09-04T12:38:06Z	16370.00000	1554.81371	1537.82906	1524.81716
2025-09-04T12:38:06Z	16371.00000	1554.81302	1537.82870	1524.81728
2025-09-04T12:38:06Z	16371.00000	1554.81341	1537.82894	1524.81735
2025-09-04T12:38:06Z	16371.00000	1554.81329	1537.82893	1524.81722
2025-09-04T12:38:06Z	16371.00000	1554.81350	1537.82887	1524.81731
2025-09-04T12:38:06Z	16371.00000	1554.81342	1537.82864	1524.81707
2025-09-04T12:38:06Z	16371.00000	1554.81336	1537.82870	1524.81735
2025-09-04T12:38:06Z	16371.00000	1554.81381	1537.82858	1524.81703
2025-09-04T12:38:06Z	16371.00000	1554.81353	1537.82858	1524.81722
2025-09-04T12:38:06Z	16371.00000	1554.81340	1537.82852	1524.81705
2025-09-04T12:38:07Z	16372.00000	1554.81342	1537.82858	1524.81726
2025-09-04T12:38:07Z	16372.00000	1554.81363	1537.82846	1524.81709
2025-09-04T12:38:07Z	16372.00000	1554.81338	1537.82846	1524.81710
2025-09-04T12:38:07Z	16372.00000	1554.81326	1537.82846	1524.81703
2025-09-04T12:38:07Z	16372.00000	1554.81343	1537.82832	1524.81709
2025-09-04T12:38:07Z	16372.00000	1554.81332	1537.82830	1524.81707
2025-09-04T12:38:07Z	16372.00000	1554.81298	1537.82830	1524.81715
2025-09-04T12:38:07Z	16372.00000	1554.81342	1537.82818	1524.81703
2025-09-04T12:38:07Z	16372.00000	1554.81284	1537.82834	1524.81683
2025-09-04T12:38:08Z	16372.00000	1554.81290	1537.82832	1524.81704
2025-09-04T12:38:08Z	16373.00000	1554.81316	1537.82837	1524.81693
2025-09-04T12:38:08Z	16373.00000	1554.81282	1537.82811	1524.81701
2025-09-04T12:38:08Z	16373.00000	1554.81286	1537.82816	1524.81688
2025-09-04T12:38:08Z	16373.00000	1554.81262	1537.82817	1524.81687
2025-09-04T12:38:08Z	16373.00000	1554.81278	1537.82813	1524.81701
2025-09-04T12:38:08Z	16373.00000	1554.81277	1537.82823	1524.81693
2025-09-04T12:38:08Z	16373.00000	1554.81313	1537.82799	1524.81670
2025-09-04T12:38:08Z	16373.00000	1554.81286	1537.82810	1524.81666
2025-09-04T12:38:09Z	16374.00000	1554.81354	1537.82801	1524.81695
2025-09-04T12:38:09Z	16374.00000	1554.81272	1537.82776	1524.81673
2025-09-04T12:38:09Z	16374.00000	1554.81246	1537.82790	1524.81691
2025-09-04T12:38:09Z	16374.00000	1554.81287	1537.82799	1524.81670
2025-09-04T12:38:09Z	16374.00000	1554.81223	1537.82781	1524.81667
2025-09-04T12:38:09Z	16374.00000	1554.81319	1537.82772	1524.81669
2025-09-04T12:38:09Z	16374.00000	1554.81254	1537.82779	1524.81667
2025-09-04T12:38:09Z	16374.00000	1554.81280	1537.82777	1524.81669
2025-09-04T12:38:09Z	16374.00000	1554.81250	1537.82774	1524.81667
2025-09-04T12:38:10Z	16375.00000	1554.81248	1537.82759	1524.81639
2025-09-04T12:38:10Z	16375.00000	1554.81287	1537.82770	1524.81666
2025-09-04T12:38:10Z	16375.00000	1554.81279	1537.82769	1524.81658
2025-09-04T12:38:10Z	16375.00000	1554.81184	1537.82760	1524.81642
2025-09-04T12:38:10Z	16375.00000	1554.81273	1537.82763	1524.81651
2025-09-04T12:38:10Z	16375.00000	1554.81301	1537.82744	1524.81666
2025-09-04T12:38:10Z	16375.00000	1554.81227	1537.82751	1524.81653
2025-09-04T12:38:10Z	16375.00000	1554.81264	1537.82736	1524.81648
2025-09-04T12:38:10Z	16375.00000	1554.81258	1537.82739	1524.81647
2025-09-04T12:38:11Z	16376.00000	1554.87210	1537.94223	1524.89163
2025-09-04T12:38:11Z	16376.00000	1555.01606	1538.12396	1525.00560
2025-09-04T12:38:11Z	16376.00000	1555.24129	1538.44880	1525.20376
2025-09-04T12:38:11Z	16376.00000	1555.41483	1538.68814	1525.34531
2025-09-04T12:38:11Z	16376.00000	1555.69574	1539.08151	1525.58141
2025-09-04T12:38:11Z	16376.00000	1555.87824	1539.34187	1525.74054
2025-09-04T12:38:11Z	16376.00000	1556.18442	1539.74218	1525.98217
2025-09-04T12:38:12Z	16377.00000	1556.24885	1539.86152	1526.05630
2025-09-04T12:38:12Z	16377.00000	1556.36083	1540.00222	1526.14160
2025-09-04T12:38:12Z	16377.00000	1556.47079	1540.15772	1526.23259
2025-09-04T12:38:12Z	16377.00000	1556.54413	1540.28123	1526.31071
2025-09-04T12:38:12Z	16377.00000	1556.64314	1540.39897	1526.37868
2025-09-04T12:38:12Z	16377.00000	1556.70853	1540.50567	1526.44343
2025-09-04T12:38:12Z	16377.00000	1556.80098	1540.62179	1526.51363
2025-09-04T12:38:12Z	16377.00000	1556.86541	1540.71111	1526.56574
2025-09-04T12:38:12Z	16377.00000	1556.90868	1540.79231	1526.61442
2025-09-04T12:38:12Z	16377.00000	1556.97610	1540.86413	1526.65967
2025-09-04T12:38:13Z	16377.00000	1557.02680	1540.92969	1526.69846
2025-09-04T12:38:13Z	16378.00000	1557.05573	1541.00416	1526.74233
2025-09-04T12:38:13Z	16378.00000	1557.09005	1541.04472	1526.76562
2025-09-04T12:38:13Z	16378.00000	1557.12968	1541.08942	1526.79134
2025-09-04T12:38:13Z	16378.00000	1557.16987	1541.13338	1526.81737
2025-09-04T12:38:13Z	16378.00000	1557.19725	1541.17541	1526.84343
2025-09-04T12:38:13Z	16378.00000	1557.20795	1541.20550	1526.86142
2025-09-04T12:38:13Z	16378.00000	1557.21718	1541.23065	1526.87606
2025-09-04T12:38:13Z	16378.00000	1557.22973	1541.25144	1526.88784
2025-09-04T12:38:14Z	16378.00000	1557.24406	1541.26959	1526.89833
2025-09-04T12:38:14Z	16379.00000	1557.25727	1541.28442	1526.90651
2025-09-04T12:38:14Z	16379.00000	1557.26837	1541.29635	1526.91308
2025-09-04T12:38:14Z	16379.00000	1557.27723	1541.30629	1526.91903
2025-09-04T12:38:14Z	16379.00000	1557.28383	1541.31372	1526.92276
2025-09-04T12:38:14Z	16379.00000	1557.28927	1541.32005	1526.92633
2025-09-04T12:38:14Z	16379.00000	1557.29483	1541.32622	1526.92995
2025-09-04T12:38:14Z	16379.00000	1557.29906	1541.32996	1526.93192
2025-09-04T12:38:14Z	16379.00000	1557.30268	1541.33437	1526.93426
2025-09-04T12:38:14Z	16379.00000	1557.30528	1541.33785	1526.93621
2025-09-04T12:38:15Z	16379.00000	1557.30782	1541.34129	1526.93830
2025-09-04T12:38:15Z	16380.00000	1555.86357	1539.32635	1525.71356
2025-09-04T12:38:15Z	16380.00000	1555.65800	1539.01005	1525.52721
2025-09-04T12:38:15Z	16380.00000	1555.48918	1538.77862	1525.39162
2025-09-04T12:38:15Z	16380.00000	1555.27465	1538.49042	1525.22464
2025-09-04T12:38:15Z	16380.00000	1555.13788	1538.28895	1525.09997
2025-09-04T12:38:15Z	16380.00000	1555.03053	1538.16081	1525.02144
2025-09-04T12:38:15Z	16380.00000	1554.91935	1537.99196	1524.91743
2025-09-04T12:38:15Z	16380.00000	1554.83975	1537.87343	1524.84167
2025-09-04T12:38:15Z	16380.00000	1554.82705	1537.85434	1524.83036
2025-09-04T12:38:16Z	16381.00000	1554.82818	1537.85083	1524.82822
2025-09-04T12:38:16Z	16381.00000	1554.82708	1537.85046	1524.82861
2025-09-04T12:38:16Z	16381.00000	1554.82634	1537.84849	1524.82756
2025-09-04T12:38:16Z	16381.00000	1554.82651	1537.84721	1524.82643
2025-09-04T12:38:16Z	16381.00000	1554.82488	1537.84650	1524.82613
2025-09-04T12:38:16Z	16381.00000	1554.82488	1537.84512	1524.82572
2025-09-04T12:38:16Z	16381.00000	1554.82290	1537.84448	1524.82540
2025-09-04T12:38:17Z	16381.00000	1554.82208	1537.84361	1524.82486
2025-09-04T12:38:17Z	16382.00000	1554.82304	1537.84327	1524.82464
2025-09-04T12:38:17Z	16382.00000	1554.82302	1537.84235	1524.82416
2025-09-04T12:38:17Z	16382.00000	1554.82281	1537.84187	1524.82376
2025-09-04T12:38:17Z	16382.00000	1554.82260	1537.84149	1524.82356
2025-09-04T12:38:17Z	16382.00000	1554.82181	1537.84134	1524.82353
2025-09-04T12:38:17Z	16382.00000	1554.82192	1537.84081	1524.82361
2025-09-04T12:38:17Z	16382.00000	1554.82173	1537.84069	1524.82319
2025-09-04T12:38:17Z	16382.00000	1554.82157	1537.84025	1524.82289
2025-09-04T12:38:17Z	16382.00000	1554.82136	1537.84007	1524.82282
2025-09-04T12:38:18Z	16382.00000	1554.82018	1537.83970	1524.82261
2025-09-04T12:38:18Z	16383.00000	1554.82004	1537.83921	1524.82257
2025-09-04T12:38:18Z	16383.00000	1554.81972	1537.83902	1524.82223
2025-09-04T12:38:18Z	16383.00000	1554.81958	1537.83879	1524.82231
2025-09-04T12:38:18Z	16383.00000	1554.81956	1537.83866	1524.82211
2025-09-04T12:38:18Z	16383.00000	1554.81919	1537.83818	1524.82197
2025-09-04T12:38:18Z	16383.00000	1554.81926	1537.83797	1524.82197
2025-09-04T12:38:18Z	16383.00000	1554.81929	1537.83769	1524.82178
2025-09-04T12:38:18Z	16383.00000	1554.81891	1537.83745	1524.82147
2025-09-04T12:38:18Z	16383.00000	1554.81895	1537.83727	1524.82147
2025-09-04T12:38:19Z	16383.00000	1554.81841	1537.83689	1524.82122
2025-09-04T12:38:19Z	16384.00000	1554.81938	1537.83685	1524.82126
2025-09-04T12:38:19Z	16384.00000	1554.81827	1537.83647	1524.82122
2025-09-04T12:38:19Z	16384.00000	1554.81870	1537.83658	1524.82112
2025-09-04T12:38:19Z	16384.00000	1554.81831	1537.83643	1524.82115
2025-09-04T12:38:19Z	16384.00000	1554.81826	1537.83616	1524.82097
2025-09-04T12:38:19Z	16384.00000	1554.81873	1537.83584	1524.82071
2025-09-04T12:38:19Z	16384.00000	1554.81820	1537.83569	1524.82062
2025-09-04T12:38:19Z	16384.00000	1554.81842	1537.83550	1524.82065
2025-09-04T12:38:20Z	16384.00000	1554.81830	1537.83540	1524.82036
2025-09-04T12:38:20Z	16385.00000	1554.89325	1537.96053	1524.89854
2025-09-04T12:38:20Z	16385.00000	1555.15092	1538.29716	1525.10509
2025-09-04T12:38:20Z	16385.00000	1555.29679	1538.51007	1525.23616
2025-09-04T12:38:20Z	16385.00000	1555.49795	1538.78327	1525.39794
2025-09-04T12:38:20Z	16385.00000	1555.72379	1539.12857	1525.60673
2025-09-04T12:38:20Z	16385.00000	1556.02244	1539.52326	1525.84713
2025-09-04T12:38:20Z	16385.00000	1556.14122	1539.68923	1525.94778
2025-09-04T12:38:21Z	16385.00000	1556.27363	1539.88627	1526.07103
2025-09-04T12:38:21Z	16386.00000	1556.39360	1540.07217	1526.18046
2025-09-04T12:38:21Z	16386.00000	1556.50970	1540.20615	1526.26174
2025-09-04T12:38:21Z	16386.00000	1556.58301	1540.33073	1526.33955
2025-09-04T12:38:21Z	16386.00000	1556.69595	1540.46744	1526.41880
2025-09-04T12:38:21Z	16386.00000	1556.74518	1540.55788	1526.47424
2025-09-04T12:38:21Z	16386.00000	1556.84576	1540.67131	1526.54161
2025-09-04T12:38:21Z	16386.00000	1556.89093	1540.76015	1526.59387
2025-09-04T12:38:21Z	16386.00000	1556.97888	1540.86441	1526.65904
2025-09-04T12:38:21Z	16386.00000	1557.03675	1540.95377	1526.71254
2025-09-04T12:38:22Z	16387.00000	1557.07245	1541.02239	1526.75261
2025-09-04T12:38:22Z	16387.00000	1557.13456	1541.09130	1526.79214
2025-09-04T12:38:22Z	16387.00000	1557.19723	1541.17182	1526.84034
2025-09-04T12:38:22Z	16387.00000	1557.20842	1541.20309	1526.85992
2025-09-04T12:38:22Z	16387.00000	1557.21858	1541.23086	1526.87602
2025-09-04T12:38:22Z	16387.00000	1557.23687	1541.25490	1526.88965
2025-09-04T12:38:22Z	16387.00000	1557.25252	1541.27547	1526.90123
2025-09-04T12:38:22Z	16387.00000	1557.26749	1541.29224	1526.91067
2025-09-04T12:38:22Z	16387.00000	1557.28039	1541.30678	1526.91842
2025-09-04T12:38:23Z	16388.00000	1557.29296	1541.32059	1526.92652
2025-09-04T12:38:23Z	16388.00000	1557.30498	1541.33369	1526.93401
2025-09-04T12:38:23Z	16388.00000	1557.31252	1541.34161	1526.93852
2025-09-04T12:38:23Z	16388.00000	1557.31928	1541.34924	1526.94293
2025-09-04T12:38:23Z	16388.00000	1557.32554	1541.35588	1526.94695
2025-09-04T12:38:23Z	16388.00000	1557.33122	1541.36237	1526.95071
2025-09-04T12:38:23Z	16388.00000	1557.33597	1541.36735	1526.95357
2025-09-04T12:38:23Z	16388.00000	1557.34078	1541.37368	1526.95720
2025-09-04T12:38:23Z	16388.00000	1557.34361	1541.37804	1526.96005
2025-09-04T12:38:24Z	16388.00000	1557.34575	1541.38150	1526.96215
2025-09-04T12:38:24Z	16389.00000	1556.44853	1540.15598	1526.21702
2025-09-04T12:38:24Z	16389.00000	1555.81631	1539.23682	1525.66598
2025-09-04T12:38:24Z	16389.00000	1555.60959	1538.95880	1525.49945
2025-09-04T12:38:24Z	16389.00000	1555.43043	1538.71197	1525.35566
2025-09-04T12:38:24Z	16389.00000	1555.31035	1538.52880	1525.24694
2025-09-04T12:38:24Z	16389.00000	1555.17993	1538.35042	1525.13975
2025-09-04T12:38:24Z	16389.00000	1555.02062	1538.13875	1525.00820
2025-09-04T12:38:24Z	16389.00000	1554.91838	1537.99086	1524.91632
2025-09-04T12:38:24Z	16389.00000	1554.84997	1537.90178	1524.85941
2025-09-04T12:38:25Z	16390.00000	1554.83203	1537.85699	1524.83069
2025-09-04T12:38:25Z	16390.00000	1554.83135	1537.85496	1524.83072
2025-09-04T12:38:25Z	16390.00000	1554.82919	1537.85288	1524.82997
2025-09-04T12:38:25Z	16390.00000	1554.82894	1537.85150	1524.82912
2025-09-04T12:38:25Z	16390.00000	1554.82890	1537.85004	1524.82797
2025-09-04T12:38:25Z	16390.00000	1554.82810	1537.84940	1524.82778
2025-09-04T12:38:25Z	16390.00000	1554.82667	1537.84871	1524.82776
2025-09-04T12:38:25Z	16390.00000	1554.82681	1537.84809	1524.82727
2025-09-04T12:38:25Z	16390.00000	1554.82699	1537.84698	1524.82678
2025-09-04T12:38:26Z	16391.00000	1554.82606	1537.84656	1524.82660
2025-09-04T12:38:26Z	16391.00000	1554.82467	1537.84609	1524.82636
2025-09-04T12:38:26Z	16391.00000	1554.82496	1537.84557	1524.82608
2025-09-04T12:38:26Z	16391.00000	1554.82335	1537.84511	1524.82553
2025-09-04T12:38:26Z	16391.00000	1554.82471	1537.84458	1524.82515
2025-09-04T12:38:26Z	16391.00000	1554.82280	1537.84403	1524.82533
2025-09-04T12:38:26Z	16391.00000	1554.82394	1537.84362	1524.82500
2025-09-04T12:38:26Z	16391.00000	1554.82359	1537.84305	1524.82459
2025-09-04T12:38:26Z	16391.00000	1554.82368	1537.84287	1524.82453
2025-09-04T12:38:27Z	16392.00000	1554.82287	1537.84214	1524.82413
2025-09-04T12:38:27Z	16392.00000	1554.82285	1537.84192	1524.82389
2025-09-04T12:38:27Z	16392.00000	1554.82149	1537.84138	1524.82357
2025-09-04T12:38:27Z	16392.00000	1554.82117	1537.84127	1524.82374
2025-09-04T12:38:27Z	16392.00000	1554.82083	1537.84109	1524.82348
2025-09-04T12:38:27Z	16392.00000	1554.82207	1537.84075	1524.82337
2025-09-04T12:38:27Z	16392.00000	1554.82188	1537.84031	1524.82316
2025-09-04T12:38:27Z	16392.00000	1554.82209	1537.84019	1524.82298
2025-09-04T12:38:28Z	16392.00000	1554.82132	1537.83948	1524.82282
2025-09-04T12:38:28Z	16393.00000	1554.82135	1537.83934	1524.82262
2025-09-04T12:38:28Z	16393.00000	1554.82089	1537.83913	1524.82254
2025-09-04T12:38:28Z	16393.00000	1554.81978	1537.83891	1524.82239
2025-09-04T12:38:28Z	16393.00000	1554.81984	1537.83870	1524.82218
2025-09-04T12:38:28Z	16393.00000	1554.82079	1537.83843	1524.82195
2025-09-04T12:38:28Z	16393.00000	1554.81986	1537.83816	1524.82184
2025-09-04T12:38:28Z	16393.00000	1554.81957	1537.83796	1524.82192
2025-09-04T12:38:28Z	16393.00000	1554.81944	1537.83774	1524.82159
2025-09-04T12:38:29Z	16393.00000	1554.81915	1537.83762	1524.82158
2025-09-04T12:38:29Z	16394.00000	1554.81949	1537.83741	1524.82153
2025-09-04T12:38:29Z	16394.00000	1554.96342	1538.04320	1524.95448
2025-09-04T12:38:29Z	16394.00000	1555.18617	1538.36578	1525.15082
2025-09-04T12:38:29Z	16394.00000	1555.35691	1538.60858	1525.29537
2025-09-04T12:38:29Z	16394.00000	1555.52391	1538.83638	1525.43018
2025-09-04T12:38:29Z	16394.00000	1555.70766	1539.10750	1525.59409
2025-09-04T12:38:29Z	16394.00000	1555.86026	1539.29834	1525.71195
2025-09-04T12:38:29Z	16394.00000	1555.99452	1539.47474	1525.81895
2025-09-04T12:38:29Z	16394.00000	1556.12351	1539.66944	1525.93512
2025-09-04T12:38:30Z	16394.00000	1556.27911	1539.89196	1526.07437
2025-09-04T12:38:30Z	16395.00000	1556.37202	1540.03385	1526.15851
2025-09-04T12:38:30Z	16395.00000	1556.50317	1540.19297	1526.25309
2025-09-04T12:38:30Z	16395.00000	1556.57003	1540.31620	1526.33100
2025-09-04T12:38:30Z	16395.00000	1556.69024	1540.45453	1526.41080
2025-09-04T12:38:30Z	16395.00000	1556.76450	1540.57858	1526.48680
2025-09-04T12:38:30Z	16395.00000	1556.85894	1540.69165	1526.55351
2025-09-04T12:38:30Z	16395.00000	1556.92620	1540.80740	1526.62341
2025-09-04T12:38:30Z	16395.00000	1557.01546	1540.90745	1526.68479
2025-09-04T12:38:31Z	16396.00000	1557.04280	1540.97293	1526.72335
2025-09-04T12:38:31Z	16396.00000	1557.07983	1541.03062	1526.75717
2025-09-04T12:38:31Z	16396.00000	1557.13548	1541.09259	1526.79281
2025-09-04T12:38:31Z	16396.00000	1557.17682	1541.13812	1526.81992
2025-09-04T12:38:31Z	16396.00000	1557.20116	1541.18107	1526.84670
2025-09-04T12:38:31Z	16396.00000	1557.21333	1541.21802	1526.86903
2025-09-04T12:38:31Z	16396.00000	1557.22681	1541.24509	1526.88462
2025-09-04T12:38:31Z	16396.00000	1557.25524	1541.27864	1526.90344
2025-09-04T12:38:31Z	16396.00000	1557.27192	1541.29692	1526.91374
2025-09-04T12:38:32Z	16396.00000	1557.28699	1541.31452	1526.92388
2025-09-04T12:38:32Z	16397.00000	1557.29876	1541.32751	1526.93099
2025-09-04T12:38:32Z	16397.00000	1557.30943	1541.33974	1526.93837
2025-09-04T12:38:32Z	16397.00000	1557.31813	1541.34858	1526.94317
2025-09-04T12:38:32Z	16397.00000	1557.32540	1541.35728	1526.94809
2025-09-04T12:38:32Z	16397.00000	1557.33220	1541.36317	1526.95197
2025-09-04T12:38:32Z	16397.00000	1557.33740	1541.36975	1526.95569
2025-09-04T12:38:32Z	16397.00000	1557.34127	1541.37465	1526.95861
2025-09-04T12:38:32Z	16397.00000	1557.34726	1541.38141	1526.96262
2025-09-04T12:38:33Z	16397.00000	1557.34991	1541.38483	1526.96479
2025-09-04T12:38:33Z	16398.00000	1556.34520	1539.98997	1526.11486
2025-09-04T12:38:33Z	16398.00000	1555.84945	1539.28267	1525.69176
2025-09-04T12:38:33Z	16398.00000	1555.67615	1539.03761	1525.54724
2025-09-04T12:38:33Z	16398.00000	1555.50789	1538.80333	1525.40765
2025-09-04T12:38:33Z	16398.00000	1555.29237	1538.50874	1525.23589
2025-09-04T12:38:33Z	16398.00000	1555.04472	1538.18045	1525.03270
2025-09-04T12:38:33Z	16398.00000	1554.97542	1538.05465	1524.95567
2025-09-04T12:38:33Z	16398.00000	1554.85687	1537.91732	1524.86880
2025-09-04T12:38:34Z	16398.00000	1554.83271	1537.85853	1524.83220
2025-09-04T12:38:34Z	16399.00000	1554.83157	1537.85575	1524.83097
2025-09-04T12:38:34Z	16399.00000	1554.82974	1537.85362	1524.83001
2025-09-04T12:38:34Z	16399.00000	1554.82994	1537.85267	1524.82994
2025-09-04T12:38:34Z	16399.00000	1554.82915	1537.85109	1524.82867
2025-09-04T12:38:34Z	16399.00000	1554.82544	1537.84989	1524.82832
2025-09-04T12:38:34Z	16399.00000	1554.82678	1537.84919	1524.82797
2025-09-04T12:38:34Z	16399.00000	1554.82768	1537.84831	1524.82735
2025-09-04T12:38:34Z	16399.00000	1554.82762	1537.84763	1524.82696
2025-09-04T12:38:35Z	16399.00000	1554.82666	1537.84738	1524.82699
2025-09-04T12:38:35Z	16400.00000	1554.82606	1537.84651	1524.82637
2025-09-04T12:38:35Z	16400.00000	1554.82510	1537.84565	1524.82583
2025-09-04T12:38:35Z	16400.00000	1554.82342	1537.84523	1524.82565
2025-09-04T12:38:35Z	16400.00000	1554.82314	1537.84461	1524.82545
2025-09-04T12:38:35Z	16400.00000	1554.82301	1537.84428	1524.82516
2025-09-04T12:38:35Z	16400.00000	1554.82451	1537.84378	1524.82489
2025-09-04T12:38:35Z	16400.00000	1554.82441	1537.84354	1524.82484
2025-09-04T12:38:36Z	16400.00000	1554.82229	1537.84290	1524.82460
2025-09-04T12:38:36Z	16401.00000	1554.82216	1537.84276	1524.82450
2025-09-04T12:38:36Z	16401.00000	1554.82321	1537.84191	1524.82392
2025-09-04T12:38:36Z	16401.00000	1554.82295	1537.84175	1524.82393
2025-09-04T12:38:36Z	16401.00000	1554.82286	1537.84147	1524.82364
2025-09-04T12:38:36Z	16401.00000	1554.82211	1537.84128	1524.82344
2025-09-04T12:38:36Z	16401.00000	1554.82201	1537.84082	1524.82352
2025-09-04T12:38:36Z	16401.00000	1554.82244	1537.84041	1524.82304
2025-09-04T12:38:37Z	16401.00000	1554.82226	1537.84006	1524.82293
2025-09-04T12:38:37Z	16402.00000	1554.82200	1537.83995	1524.82306
2025-09-04T12:38:37Z	16402.00000	1554.82172	1537.83948	1524.82251
2025-09-04T12:38:37Z	16402.00000	1554.82170	1537.83932	1524.82253
2025-09-04T12:38:37Z	16402.00000	1554.82157	1537.83915	1524.82231
2025-09-04T12:38:37Z	16402.00000	1554.82014	1537.83884	1524.82209
2025-09-04T12:38:37Z	16402.00000	1554.82125	1537.83881	1524.82217
2025-09-04T12:38:37Z	16402.00000	1554.82118	1537.83841	1524.82196
2025-09-04T12:38:37Z	16402.00000	1554.82079	1537.83813	1524.82193
2025-09-04T12:38:38Z	16402.00000	1554.81978	1537.83810	1524.82179
2025-09-04T12:38:38Z	16403.00000	1554.86946	1537.93271	1524.87901
2025-09-04T12:38:38Z	16403.00000	1555.08015	1538.21861	1525.05529
2025-09-04T12:38:38Z	16403.00000	1555.31485	1538.52828	1525.24614
2025-09-04T12:38:38Z	16403.00000	1555.48552	1538.76709	1525.38883
2025-09-04T12:38:38Z	16403.00000	1555.69598	1539.08133	1525.57919
2025-09-04T12:38:38Z	16403.00000	1555.87899	1539.34136	1525.73847
2025-09-04T12:38:38Z	16403.00000	1556.05806	1539.59800	1525.89144
2025-09-04T12:38:39Z	16403.00000	1556.26417	1539.87568	1526.06380
2025-09-04T12:38:39Z	16404.00000	1556.49365	1540.18012	1526.24520
2025-09-04T12:38:39Z	16404.00000	1556.59550	1540.34404	1526.34713
2025-09-04T12:38:39Z	16404.00000	1556.70617	1540.49663	1526.43724
2025-09-04T12:38:39Z	16404.00000	1556.78916	1540.60664	1526.50420
2025-09-04T12:38:39Z	16404.00000	1556.87850	1540.74706	1526.58633
2025-09-04T12:38:39Z	16404.00000	1556.94738	1540.83080	1526.63861
2025-09-04T12:38:39Z	16404.00000	1557.03126	1540.93955	1526.70449
2025-09-04T12:38:40Z	16405.00000	1557.05490	1541.00105	1526.74064
2025-09-04T12:38:40Z	16405.00000	1557.10232	1541.05656	1526.77275
2025-09-04T12:38:40Z	16405.00000	1557.14679	1541.10639	1526.80192
2025-09-04T12:38:40Z	16405.00000	1557.19061	1541.15876	1526.83356
2025-09-04T12:38:40Z	16405.00000	1557.20651	1541.20005	1526.85937
2025-09-04T12:38:40Z	16405.00000	1557.21770	1541.23084	1526.87759
2025-09-04T12:38:40Z	16405.00000	1557.23737	1541.26095	1526.89479
2025-09-04T12:38:40Z	16405.00000	1557.25656	1541.28289	1526.90700
2025-09-04T12:38:40Z	16405.00000	1557.27787	1541.30648	1526.92051
2025-09-04T12:38:41Z	16405.00000	1557.29066	1541.32136	1526.92866
2025-09-04T12:38:41Z	16406.00000	1557.30495	1541.33666	1526.93747
2025-09-04T12:38:41Z	16406.00000	1557.31381	1541.34611	1526.94325
2025-09-04T12:38:41Z	16406.00000	1557.32376	1541.35669	1526.94954
2025-09-04T12:38:41Z	16406.00000	1557.33060	1541.36474	1526.95391
2025-09-04T12:38:41Z	16406.00000	1557.33641	1541.37058	1526.95739
2025-09-04T12:38:41Z	16406.00000	1557.34104	1541.37704	1526.96121
2025-09-04T12:38:41Z	16406.00000	1557.34383	1541.38200	1526.96433
2025-09-04T12:38:41Z	16406.00000	1557.34759	1541.38555	1526.96656
2025-09-04T12:38:42Z	16406.00000	1557.35048	1541.38873	1526.96880
2025-09-04T12:38:42Z	16407.00000	1556.02012	1539.53743	1525.84813
2025-09-04T12:38:42Z	16407.00000	1555.67720	1539.03701	1525.54675
2025-09-04T12:38:42Z	16407.00000	1555.49011	1538.77769	1525.39305
2025-09-04T12:38:42Z	16407.00000	1555.35644	1538.60838	1525.29504
2025-09-04T12:38:42Z	16407.00000	1555.19778	1538.39912	1525.16761
2025-09-04T12:38:42Z	16407.00000	1555.09097	1538.23459	1525.06439
2025-09-04T12:38:42Z	16407.00000	1554.99849	1538.08345	1524.97393
2025-09-04T12:38:42Z	16407.00000	1554.85843	1537.92000	1524.87056
2025-09-04T12:38:42Z	16407.00000	1554.83224	1537.85841	1524.83228
2025-09-04T12:38:43Z	16407.00000	1554.82848	1537.85673	1524.83151
2025-09-04T12:38:43Z	16408.00000	1554.82881	1537.85419	1524.83063
2025-09-04T12:38:43Z	16408.00000	1554.82933	1537.85253	1524.82976
2025-09-04T12:38:43Z	16408.00000	1554.82939	1537.85120	1524.82877
2025-09-04T12:38:43Z	16408.00000	1554.82925	1537.85054	1524.82838
2025-09-04T12:38:43Z	16408.00000	1554.82805	1537.84978	1524.82830
2025-09-04T12:38:43Z	16408.00000	1554.82716	1537.84879	1524.82758
2025-09-04T12:38:43Z	16408.00000	1554.82659	1537.84800	1524.82695
2025-09-04T12:38:44Z	16408.00000	1554.82419	1537.84756	1524.82704
2025-09-04T12:38:44Z	16409.00000	1554.82616	1537.84694	1524.82693
2025-09-04T12:38:44Z	16409.00000	1554.82605	1537.84616	1524.82624
2025-09-04T12:38:44Z	16409.00000	1554.82598	1537.84561	1524.82590
2025-09-04T12:38:44Z	16409.00000	1554.82564	1537.84522	1524.82580
2025-09-04T12:38:44Z	16409.00000	1554.82434	1537.84498	1524.82564
2025-09-04T12:38:44Z	16409.00000	1554.82451	1537.84419	1524.82508
2025-09-04T12:38:44Z	16409.00000	1554.82296	1537.84394	1524.82504
2025-09-04T12:38:44Z	16409.00000	1554.82401	1537.84344	1524.82484
2025-09-04T12:38:45Z	16409.00000	1554.82390	1537.84321	1524.82465
2025-09-04T12:38:45Z	16410.00000	1554.82364	1537.84281	1524.82431
2025-09-04T12:38:45Z	16410.00000	1554.82204	1537.84232	1524.82410
2025-09-04T12:38:45Z	16410.00000	1554.82357	1537.84215	1524.82431
2025-09-04T12:38:45Z	16410.00000	1554.82177	1537.84197	1524.82409
2025-09-04T12:38:45Z	16410.00000	1554.82281	1537.84174	1524.82389
2025-09-04T12:38:45Z	16410.00000	1554.82264	1537.84134	1524.82367
2025-09-04T12:38:45Z	16410.00000	1554.82263	1537.84116	1524.82365
2025-09-04T12:38:45Z	16410.00000	1554.82284	1537.84091	1524.82333
2025-09-04T12:38:45Z	16410.00000	1554.82236	1537.84060	1524.82338
2025-09-04T12:38:46Z	16410.00000	1554.82104	1537.84035	1524.82329
2025-09-04T12:38:46Z	16411.00000	1554.82177	1537.84028	1524.82305
2025-09-04T12:38:46Z	16411.00000	1554.82164	1537.83980	1524.82282
2025-09-04T12:38:46Z	16411.00000	1554.82198	1537.83952	1524.82260
2025-09-04T12:38:46Z	16411.00000	1554.82199	1537.83957	1524.82250
2025-09-04T12:38:46Z	16411.00000	1554.82163	1537.83941	1524.82249
2025-09-04T12:38:46Z	16411.00000	1554.82149	1537.83943	1524.82245
2025-09-04T12:38:46Z	16411.00000	1554.82122	1537.83865	1524.82205
2025-09-04T12:38:46Z	16411.00000	1554.82104	1537.83875	1524.82221
2025-09-04T12:38:46Z	16411.00000	1554.82069	1537.83860	1524.82223
2025-09-04T12:38:47Z	16411.00000	1554.81968	1537.83840	1524.82190
2025-09-04T12:38:47Z	16412.00000	1554.81988	1537.83815	1524.82186
2025-09-04T12:38:47Z	16412.00000	1554.88954	1537.95814	1524.89748
2025-09-04T12:38:47Z	16412.00000	1555.13263	1538.27833	1525.09898
2025-09-04T12:38:47Z	16412.00000	1555.36009	1538.61587	1525.30112
2025-09-04T12:38:47Z	16412.00000	1555.57151	1538.90986	1525.47496
2025-09-04T12:38:47Z	16412.00000	1555.76732	1539.17390	1525.63341
2025-09-04T12:38:47Z	16412.00000	1555.92135	1539.39149	1525.76990
2025-09-04T12:38:47Z	16412.00000	1556.05324	1539.59308	1525.88895
2025-09-04T12:38:48Z	16412.00000	1556.18481	1539.74920	1525.98494
2025-09-04T12:38:48Z	16413.00000	1556.28703	1539.90102	1526.07978
2025-09-04T12:38:48Z	16413.00000	1556.52290	1540.22189	1526.27188
2025-09-04T12:38:48Z	16413.00000	1556.59267	1540.34190	1526.34634
2025-09-04T12:38:48Z	16413.00000	1556.68728	1540.46011	1526.41494
2025-09-04T12:38:48Z	16413.00000	1556.77041	1540.58568	1526.49188
2025-09-04T12:38:48Z	16413.00000	1556.86090	1540.69721	1526.55729
2025-09-04T12:38:48Z	16413.00000	1556.97346	1540.86062	1526.65776
2025-09-04T12:38:49Z	16413.00000	1557.02819	1540.93221	1526.70065
2025-09-04T12:38:49Z	16414.00000	1557.05724	1540.99443	1526.73743
2025-09-04T12:38:49Z	16414.00000	1557.09634	1541.05119	1526.77021
2025-09-04T12:38:49Z	16414.00000	1557.14871	1541.10967	1526.80448
2025-09-04T12:38:49Z	16414.00000	1557.18661	1541.15328	1526.83101
2025-09-04T12:38:49Z	16414.00000	1557.20088	1541.18360	1526.84978
2025-09-04T12:38:49Z	16414.00000	1557.21648	1541.21582	1526.86951
2025-09-04T12:38:49Z	16414.00000	1557.22738	1541.24804	1526.88792
2025-09-04T12:38:49Z	16414.00000	1557.25115	1541.27798	1526.90499
2025-09-04T12:38:49Z	16414.00000	1557.27103	1541.29962	1526.91683
2025-09-04T12:38:50Z	16415.00000	1557.29582	1541.32778	1526.93301
2025-09-04T12:38:50Z	16415.00000	1557.30638	1541.33874	1526.93913
2025-09-04T12:38:50Z	16415.00000	1557.31574	1541.34919	1526.94546
2025-09-04T12:38:50Z	16415.00000	1557.32372	1541.35783	1526.95064
2025-09-04T12:38:50Z	16415.00000	1557.32904	1541.36388	1526.95433
2025-09-04T12:38:50Z	16415.00000	1557.33853	1541.37484	1526.96065
2025-09-04T12:38:50Z	16415.00000	1557.34349	1541.37956	1526.96335
2025-09-04T12:38:50Z	16415.00000	1557.34682	1541.38378	1526.96581
2025-09-04T12:38:51Z	16416.00000	1557.35028	1541.38838	1526.96877
2025-09-04T12:38:51Z	16416.00000	1555.85958	1539.31341	1525.71399
2025-09-04T12:38:51Z	16416.00000	1555.65572	1539.00865	1525.53150
2025-09-04T12:38:51Z	16416.00000	1555.46525	1538.74924	1525.37716
2025-09-04T12:38:51Z	16416.00000	1555.33282	1538.55507	1525.26278
2025-09-04T12:38:51Z	16416.00000	1555.18816	1538.37399	1525.15317
2025-09-04T12:38:51Z	16416.00000	1554.97940	1538.05893	1524.95868
2025-09-04T12:38:51Z	16416.00000	1554.86616	1537.93146	1524.87822
2025-09-04T12:38:52Z	16416.00000	1554.83116	1537.85862	1524.83293
2025-09-04T12:38:52Z	16417.00000	1554.83201	1537.85676	1524.83134
2025-09-04T12:38:52Z	16417.00000	1554.83144	1537.85570	1524.83107
2025-09-04T12:38:52Z	16417.00000	1554.83045	1537.85441	1524.83072
2025-09-04T12:38:52Z	16417.00000	1554.83012	1537.85253	1524.82967
2025-09-04T12:38:52Z	16417.00000	1554.82956	1537.85146	1524.82864
2025-09-04T12:38:52Z	16417.00000	1554.82917	1537.85068	1524.82843
2025-09-04T12:38:52Z	16417.00000	1554.82858	1537.85002	1524.82836
2025-09-04T12:38:52Z	16417.00000	1554.82818	1537.84928	1524.82777
2025-09-04T12:38:52Z	16417.00000	1554.82814	1537.84843	1524.82747
2025-09-04T12:38:53Z	16417.00000	1554.82750	1537.84814	1524.82695
2025-09-04T12:38:53Z	16418.00000	1554.82617	1537.84759	1524.82702
2025-09-04T12:38:53Z	16418.00000	1554.82648	1537.84727	1524.82691
2025-09-04T12:38:53Z	16418.00000	1554.82624	1537.84669	1524.82657
2025-09-04T12:38:53Z	16418.00000	1554.82652	1537.84613	1524.82588
2025-09-04T12:38:53Z	16418.00000	1554.82592	1537.84566	1524.82567
2025-09-04T12:38:53Z	16418.00000	1554.82541	1537.84525	1524.82564
2025-09-04T12:38:53Z	16418.00000	1554.82308	1537.84488	1524.82558
2025-09-04T12:38:53Z	16418.00000	1554.82468	1537.84483	1524.82578
2025-09-04T12:38:53Z	16418.00000	1554.82450	1537.84387	1524.82520
2025-09-04T12:38:54Z	16419.00000	1554.82426	1537.84328	1524.82479
2025-09-04T12:38:54Z	16419.00000	1554.82427	1537.84309	1524.82461
2025-09-04T12:38:54Z	16419.00000	1554.82231	1537.84262	1524.82412
2025-09-04T12:38:54Z	16419.00000	1554.82366	1537.84244	1524.82430
2025-09-04T12:38:54Z	16419.00000	1554.82169	1537.84204	1524.82414
2025-09-04T12:38:54Z	16419.00000	1554.82316	1537.84188	1524.82381
2025-09-04T12:38:54Z	16419.00000	1554.82159	1537.84149	1524.82379
2025-09-04T12:38:54Z	16419.00000	1554.82156	1537.84128	1524.82350
2025-09-04T12:38:54Z	16419.00000	1554.82138	1537.84102	1524.82353
2025-09-04T12:38:54Z	16419.00000	1554.82246	1537.84065	1524.82327
2025-09-04T12:38:55Z	16420.00000	1554.82101	1537.84039	1524.82319
2025-09-04T12:38:55Z	16420.00000	1554.82095	1537.84028	1524.82311
2025-09-04T12:38:55Z	16420.00000	1554.82198	1537.84012	1524.82294
2025-09-04T12:38:55Z	16420.00000	1554.82236	1537.83972	1524.82308
2025-09-04T12:38:55Z	16420.00000	1554.82051	1537.83966	1524.82250
2025-09-04T12:38:55Z	16420.00000	1554.82155	1537.83924	1524.82241
2025-09-04T12:38:55Z	16420.00000	1554.82122	1537.83903	1524.82251
2025-09-04T12:38:55Z	16420.00000	1554.82143	1537.83885	1524.82220
2025-09-04T12:38:55Z	16420.00000	1554.82120	1537.83884	1524.82205
2025-09-04T12:38:56Z	16420.00000	1554.82129	1537.83871	1524.82215
2025-09-04T12:38:56Z	16421.00000	1554.86686	1537.92765	1524.87702
2025-09-04T12:38:56Z	16421.00000	1555.01809	1538.12732	1525.00588
2025-09-04T12:38:56Z	16421.00000	1555.18612	1538.36507	1525.15337
2025-09-04T12:38:56Z	16421.00000	1555.38122	1538.65056	1525.32221
2025-09-04T12:38:56Z	16421.00000	1555.56655	1538.90384	1525.47252
2025-09-04T12:38:56Z	16421.00000	1555.69372	1539.07516	1525.57612
2025-09-04T12:38:56Z	16421.00000	1555.86087	1539.29986	1525.71293
2025-09-04T12:38:56Z	16421.00000	1556.01681	1539.50821	1525.83740
2025-09-04T12:38:56Z	16421.00000	1556.10196	1539.64603	1525.92052
2025-09-04T12:38:57Z	16421.00000	1556.21875	1539.82324	1526.03111
2025-09-04T12:38:57Z	16422.00000	1556.36537	1540.01441	1526.14736
2025-09-04T12:38:57Z	16422.00000	1556.46848	1540.15259	1526.22849
2025-09-04T12:38:57Z	16422.00000	1556.54417	1540.27906	1526.30849
2025-09-04T12:38:57Z	16422.00000	1556.69861	1540.47571	1526.42441
2025-09-04T12:38:57Z	16422.00000	1556.76729	1540.58215	1526.49004
2025-09-04T12:38:57Z	16422.00000	1556.85135	1540.67867	1526.54682
2025-09-04T12:38:57Z	16422.00000	1556.89034	1540.76804	1526.59928
2025-09-04T12:38:57Z	16422.00000	1556.99326	1540.88196	1526.67081
2025-09-04T12:38:58Z	16422.00000	1557.03833	1540.96030	1526.71737
2025-09-04T12:38:58Z	16423.00000	1557.06987	1541.01969	1526.75197
2025-09-04T12:38:58Z	16423.00000	1557.11655	1541.07365	1526.78295
2025-09-04T12:38:58Z	16423.00000	1557.16606	1541.12798	1526.81547
2025-09-04T12:38:58Z	16423.00000	1557.19419	1541.16719	1526.83952
2025-09-04T12:38:58Z	16423.00000	1557.20646	1541.20071	1526.86042
2025-09-04T12:38:58Z	16423.00000	1557.21962	1541.23566	1526.88093
2025-09-04T12:38:58Z	16423.00000	1557.23431	1541.25677	1526.89266
2025-09-04T12:38:58Z	16423.00000	1557.25223	1541.27851	1526.90508
2025-09-04T12:38:58Z	16423.00000	1557.27122	1541.29974	1526.91696
2025-09-04T12:38:59Z	16423.00000	1557.28433	1541.31446	1526.92573
2025-09-04T12:38:59Z	16424.00000	1557.29534	1541.32753	1526.93295
2025-09-04T12:38:59Z	16424.00000	1557.30494	1541.33798	1526.93880
2025-09-04T12:38:59Z	16424.00000	1557.31443	1541.34788	1526.94448
2025-09-04T12:38:59Z	16424.00000	1557.32115	1541.35505	1526.94871
2025-09-04T12:38:59Z	16424.00000	1557.32733	1541.36160	1526.95262
2025-09-04T12:38:59Z	16424.00000	1557.33271	1541.36810	1526.95671
2025-09-04T12:38:59Z	16424.00000	1557.33711	1541.37290	1526.95934
2025-09-04T12:38:59Z	16424.00000	1557.34008	1541.37696	1526.96158
2025-09-04T12:38:59Z	16424.00000	1557.34482	1541.38096	1526.96423
2025-09-04T12:39:00Z	16424.00000	1557.34691	1541.38466	1526.96615
2025-09-04T12:39:00Z	16425.00000	1556.30427	1539.93805	1526.08794
2025-09-04T12:39:00Z	16425.00000	1555.84495	1539.27409	1525.68847
2025-09-04T12:39:00Z	16425.00000	1555.67447	1539.03413	1525.54479
2025-09-04T12:39:00Z	16425.00000	1555.50888	1538.80396	1525.40924
2025-09-04T12:39:00Z	16425.00000	1555.35266	1538.59764	1525.28929
2025-09-04T12:39:00Z	16425.00000	1555.18480	1538.36373	1525.14780
2025-09-04T12:39:00Z	16425.00000	1555.06393	1538.20281	1525.04630
2025-09-04T12:39:00Z	16425.00000	1554.97182	1538.04991	1524.95298
2025-09-04T12:39:00Z	16425.00000	1554.85655	1537.91665	1524.86823
2025-09-04T12:39:01Z	16425.00000	1554.83305	1537.85832	1524.83147
2025-09-04T12:39:01Z	16426.00000	1554.83205	1537.85633	1524.83120
2025-09-04T12:39:01Z	16426.00000	1554.83113	1537.85483	1524.83085
2025-09-04T12:39:01Z	16426.00000	1554.82674	1537.85308	1524.82993
2025-09-04T12:39:01Z	16426.00000	1554.83006	1537.85204	1524.82917
2025-09-04T12:39:01Z	16426.00000	1554.82644	1537.85108	1524.82842
2025-09-04T12:39:01Z	16426.00000	1554.82888	1537.85019	1524.82824
2025-09-04T12:39:01Z	16426.00000	1554.82871	1537.84938	1524.82803
2025-09-04T12:39:01Z	16426.00000	1554.82832	1537.84865	1524.82737
2025-09-04T12:39:02Z	16426.00000	1554.82765	1537.84791	1524.82708
2025-09-04T12:39:02Z	16427.00000	1554.82711	1537.84752	1524.82690
2025-09-04T12:39:02Z	16427.00000	1554.82637	1537.84669	1524.82655
2025-09-04T12:39:02Z	16427.00000	1554.82654	1537.84616	1524.82610
2025-09-04T12:39:02Z	16427.00000	1554.82631	1537.84572	1524.82584
2025-09-04T12:39:02Z	16427.00000	1554.82601	1537.84544	1524.82577
2025-09-04T12:39:02Z	16427.00000	1554.82468	1537.84500	1524.82559
2025-09-04T12:39:02Z	16427.00000	1554.82528	1537.84433	1524.82503
2025-09-04T12:39:02Z	16427.00000	1554.82436	1537.84403	1524.82497
2025-09-04T12:39:02Z	16427.00000	1554.82281	1537.84360	1524.82468
2025-09-04T12:39:03Z	16427.00000	1554.82424	1537.84339	1524.82452
2025-09-04T12:39:03Z	16428.00000	1554.82263	1537.84293	1524.82428
2025-09-04T12:39:03Z	16428.00000	1554.82242	1537.84254	1524.82414
2025-09-04T12:39:03Z	16428.00000	1554.82383	1537.84226	1524.82412
2025-09-04T12:39:03Z	16428.00000	1554.82337	1537.84192	1524.82390
2025-09-04T12:39:03Z	16428.00000	1554.82198	1537.84160	1524.82366
2025-09-04T12:39:03Z	16428.00000	1554.82326	1537.84140	1524.82353
2025-09-04T12:39:03Z	16428.00000	1554.82324	1537.84115	1524.82352
2025-09-04T12:39:03Z	16428.00000	1554.82273	1537.84102	1524.82313
2025-09-04T12:39:04Z	16428.00000	1554.82309	1537.84065	1524.82319
2025-09-04T12:39:04Z	16429.00000	1554.82252	1537.83993	1524.82297
2025-09-04T12:39:04Z	16429.00000	1554.82243	1537.83993	1524.82271
2025-09-04T12:39:04Z	16429.00000	1554.82121	1537.83994	1524.82273
2025-09-04T12:39:04Z	16429.00000	1554.82215	1537.83964	1524.82260
2025-09-04T12:39:04Z	16429.00000	1554.82203	1537.83948	1524.82251
2025-09-04T12:39:04Z	16429.00000	1554.82178	1537.83919	1524.82247
2025-09-04T12:39:04Z	16429.00000	1554.82150	1537.83909	1524.82224
2025-09-04T12:39:04Z	16429.00000	1554.82129	1537.83890	1524.82212
2025-09-04T12:39:05Z	16429.00000	1554.82108	1537.83853	1524.82202
2025-09-04T12:39:05Z	16430.00000	1554.88844	1537.95609	1524.89617
2025-09-04T12:39:05Z	16430.00000	1555.07476	1538.21321	1525.05458
2025-09-04T12:39:05Z	16430.00000	1555.34278	1538.56659	1525.27103
2025-09-04T12:39:05Z	16430.00000	1555.52148	1538.82902	1525.42657
2025-09-04T12:39:05Z	16430.00000	1555.68094	1539.03846	1525.55482
2025-09-04T12:39:05Z	16430.00000	1555.84609	1539.26057	1525.68751
2025-09-04T12:39:05Z	16430.00000	1555.99235	1539.47163	1525.81647
2025-09-04T12:39:05Z	16430.00000	1556.09518	1539.63800	1525.91529
2025-09-04T12:39:05Z	16430.00000	1556.21283	1539.81323	1526.02480
2025-09-04T12:39:06Z	16431.00000	1556.35443	1539.98220	1526.12907
2025-09-04T12:39:06Z	16431.00000	1556.50154	1540.18893	1526.25108
2025-09-04T12:39:06Z	16431.00000	1556.56706	1540.31216	1526.32917
2025-09-04T12:39:06Z	16431.00000	1556.69627	1540.46708	1526.41927
2025-09-04T12:39:06Z	16431.00000	1556.75846	1540.57094	1526.48312
2025-09-04T12:39:06Z	16431.00000	1556.84392	1540.66776	1526.54081
2025-09-04T12:39:06Z	16431.00000	1556.90554	1540.78540	1526.61017
2025-09-04T12:39:06Z	16431.00000	1556.99733	1540.88477	1526.67247
2025-09-04T12:39:06Z	16431.00000	1557.03530	1540.95083	1526.71153
2025-09-04T12:39:07Z	16432.00000	1557.07036	1541.02076	1526.75279
2025-09-04T12:39:07Z	16432.00000	1557.11841	1541.07425	1526.78337
2025-09-04T12:39:07Z	16432.00000	1557.16700	1541.12834	1526.81544
2025-09-04T12:39:07Z	16432.00000	1557.19460	1541.16665	1526.83903
2025-09-04T12:39:07Z	16432.00000	1557.20986	1541.21008	1526.86561
2025-09-04T12:39:07Z	16432.00000	1557.22932	1541.24194	1526.88415
2025-09-04T12:39:07Z	16432.00000	1557.24094	1541.26506	1526.89726
2025-09-04T12:39:07Z	16432.00000	1557.27116	1541.29853	1526.91594
2025-09-04T12:39:08Z	16432.00000	1557.28364	1541.31315	1526.92451
2025-09-04T12:39:08Z	16433.00000	1557.29603	1541.32649	1526.93205
2025-09-04T12:39:08Z	16433.00000	1557.31263	1541.34480	1526.94222
2025-09-04T12:39:08Z	16433.00000	1557.31854	1541.35174	1526.94649
2025-09-04T12:39:08Z	16433.00000	1557.32549	1541.35851	1526.95056
2025-09-04T12:39:08Z	16433.00000	1557.33046	1541.36372	1526.95368
2025-09-04T12:39:08Z	16433.00000	1557.33379	1541.36844	1526.95632
2025-09-04T12:39:08Z	16433.00000	1557.33854	1541.37385	1526.95963
2025-09-04T12:39:08Z	16433.00000	1557.34298	1541.37817	1526.96194
2025-09-04T12:39:09Z	16434.00000	1556.46392	1540.17425	1526.23029
2025-09-04T12:39:09Z	16434.00000	1555.85812	1539.30683	1525.70887
2025-09-04T12:39:09Z	16434.00000	1555.66143	1539.01531	1525.53528
2025-09-04T12:39:09Z	16434.00000	1555.50444	1538.79660	1525.40528
2025-09-04T12:39:09Z	16434.00000	1555.35170	1538.59434	1525.28712
2025-09-04T12:39:09Z	16434.00000	1555.20940	1538.41391	1525.17849
2025-09-04T12:39:09Z	16434.00000	1555.10664	1538.25178	1525.07569
2025-09-04T12:39:09Z	16434.00000	1555.00723	1538.09878	1524.98393
2025-09-04T12:39:09Z	16434.00000	1554.87845	1537.94531	1524.88698
2025-09-04T12:39:09Z	16434.00000	1554.83355	1537.85897	1524.83242
2025-09-04T12:39:10Z	16434.00000	1554.83225	1537.85645	1524.83101
2025-09-04T12:39:10Z	16435.00000	1554.83151	1537.85501	1524.83053
2025-09-04T12:39:10Z	16435.00000	1554.83063	1537.85380	1524.83022
2025-09-04T12:39:10Z	16435.00000	1554.83042	1537.85262	1524.82957
2025-09-04T12:39:10Z	16435.00000	1554.82823	1537.85102	1524.82857
2025-09-04T12:39:10Z	16435.00000	1554.82892	1537.85016	1524.82831
2025-09-04T12:39:10Z	16435.00000	1554.82888	1537.84939	1524.82799
2025-09-04T12:39:10Z	16435.00000	1554.82840	1537.84864	1524.82739
2025-09-04T12:39:10Z	16435.00000	1554.82516	1537.84809	1524.82701
2025-09-04T12:39:11Z	16435.00000	1554.82746	1537.84761	1524.82694
2025-09-04T12:39:11Z	16436.00000	1554.82617	1537.84698	1524.82666
2025-09-04T12:39:11Z	16436.00000	1554.82609	1537.84624	1524.82605
2025-09-04T12:39:11Z	16436.00000	1554.82684	1537.84590	1524.82596
2025-09-04T12:39:11Z	16436.00000	1554.82617	1537.84559	1524.82582
2025-09-04T12:39:11Z	16436.00000	1554.82558	1537.84540	1524.82598
2025-09-04T12:39:11Z	16436.00000	1554.82314	1537.84498	1524.82562
2025-09-04T12:39:11Z	16436.00000	1554.82546	1537.84441	1524.82511
2025-09-04T12:39:11Z	16436.00000	1554.82521	1537.84404	1524.82502
2025-09-04T12:39:11Z	16436.00000	1554.82492	1537.84361	1524.82489
2025-09-04T12:39:12Z	16436.00000	1554.82392	1537.84336	1524.82465
2025-09-04T12:39:12Z	16437.00000	1554.82477	1537.84306	1524.82412
2025-09-04T12:39:12Z	16437.00000	1554.82409	1537.84272	1524.82428
2025-09-04T12:39:12Z	16437.00000	1554.82236	1537.84221	1524.82410
2025-09-04T12:39:12Z	16437.00000	1554.82210	1537.84213	1524.82394
2025-09-04T12:39:12Z	16437.00000	1554.82335	1537.84184	1524.82370
2025-09-04T12:39:12Z	16437.00000	1554.82350	1537.84153	1524.82366
2025-09-04T12:39:12Z	16437.00000	1554.82322	1537.84126	1524.82353
2025-09-04T12:39:12Z	16437.00000	1554.82362	1537.84092	1524.82329
2025-09-04T12:39:12Z	16437.00000	1554.82314	1537.84093	1524.82318
2025-09-04T12:39:13Z	16437.00000	1554.82313	1537.84070	1524.82307
2025-09-04T12:39:13Z	16438.00000	1554.82137	1537.84015	1524.82288
2025-09-04T12:39:13Z	16438.00000	1554.82253	1537.84000	1524.82276
2025-09-04T12:39:13Z	16438.00000	1554.82227	1537.83968	1524.82260
2025-09-04T12:39:13Z	16438.00000	1554.82189	1537.83941	1524.82232
2025-09-04T12:39:13Z	16438.00000	1554.82234	1537.83916	1524.82229
2025-09-04T12:39:13Z	16438.00000	1554.82166	1537.83897	1524.82234
2025-09-04T12:39:13Z	16438.00000	1554.82194	1537.83892	1524.82208
2025-09-04T12:39:14Z	16438.00000	1554.82156	1537.83858	1524.82211
2025-09-04T12:39:14Z	16439.00000	1554.82171	1537.83847	1524.82186
2025-09-04T12:39:14Z	16439.00000	1555.05906	1538.19492	1525.04633
2025-09-04T12:39:14Z	16439.00000	1555.30097	1538.51295	1525.24064
2025-09-04T12:39:14Z	16439.00000	1555.46574	1538.74441	1525.37716
2025-09-04T12:39:14Z	16439.00000	1555.61590	1538.95785	1525.50568
2025-09-04T12:39:14Z	16439.00000	1555.75295	1539.15773	1525.62353
2025-09-04T12:39:14Z	16439.00000	1555.91644	1539.38357	1525.76440
2025-09-04T12:39:14Z	16439.00000	1556.03614	1539.56137	1525.86851
2025-09-04T12:39:15Z	16439.00000	1556.18523	1539.74135	1525.97952
2025-09-04T12:39:15Z	16440.00000	1556.27858	1539.88920	1526.07205
2025-09-04T12:39:15Z	16440.00000	1556.37130	1540.03020	1526.15649
2025-09-04T12:39:15Z	16440.00000	1556.48291	1540.16681	1526.23729
2025-09-04T12:39:15Z	16440.00000	1556.58501	1540.33001	1526.33962
2025-09-04T12:39:15Z	16440.00000	1556.69581	1540.46505	1526.41812
2025-09-04T12:39:15Z	16440.00000	1556.84372	1540.66624	1526.53992
2025-09-04T12:39:15Z	16440.00000	1556.88351	1540.75660	1526.59231
2025-09-04T12:39:15Z	16440.00000	1556.95579	1540.83843	1526.64407
2025-09-04T12:39:16Z	16440.00000	1557.03338	1540.94425	1526.70764
2025-09-04T12:39:16Z	16441.00000	1557.06464	1541.01242	1526.74795
2025-09-04T12:39:16Z	16441.00000	1557.11791	1541.07405	1526.78334
2025-09-04T12:39:16Z	16441.00000	1557.15969	1541.12022	1526.81048
2025-09-04T12:39:16Z	16441.00000	1557.18307	1541.15364	1526.83102
2025-09-04T12:39:16Z	16441.00000	1557.20268	1541.18848	1526.85275
2025-09-04T12:39:16Z	16441.00000	1557.21288	1541.21831	1526.87065
2025-09-04T12:39:16Z	16441.00000	1557.22662	1541.24376	1526.88508
2025-09-04T12:39:16Z	16441.00000	1557.24133	1541.26560	1526.89748
2025-09-04T12:39:16Z	16441.00000	1557.25767	1541.28390	1526.90782
2025-09-04T12:39:17Z	16441.00000	1557.27379	1541.30210	1526.91787
2025-09-04T12:39:17Z	16442.00000	1557.28732	1541.31687	1526.92629
2025-09-04T12:39:17Z	16442.00000	1557.29669	1541.32716	1526.93197
2025-09-04T12:39:17Z	16442.00000	1557.30369	1541.33593	1526.93728
2025-09-04T12:39:17Z	16442.00000	1557.31087	1541.34333	1526.94162
2025-09-04T12:39:17Z	16442.00000	1557.32191	1541.35491	1526.94841
2025-09-04T12:39:17Z	16442.00000	1557.32589	1541.35914	1526.95094
2025-09-04T12:39:17Z	16442.00000	1557.32973	1541.36369	1526.95352
2025-09-04T12:39:17Z	16442.00000	1557.33391	1541.36808	1526.95611
2025-09-04T12:39:18Z	16442.00000	1557.33627	1541.37063	1526.95770
2025-09-04T12:39:18Z	16443.00000	1557.15771	1541.12360	1526.80901
2025-09-04T12:39:18Z	16443.00000	1555.83890	1539.26408	1525.68271
2025-09-04T12:39:18Z	16443.00000	1555.59721	1538.94275	1525.49209
2025-09-04T12:39:18Z	16443.00000	1555.44542	1538.72533	1525.36429
2025-09-04T12:39:18Z	16443.00000	1555.28977	1538.50487	1525.23295
2025-09-04T12:39:18Z	16443.00000	1555.13322	1538.28026	1525.09360
2025-09-04T12:39:18Z	16443.00000	1555.00810	1538.10080	1524.98495
2025-09-04T12:39:18Z	16443.00000	1554.86552	1537.92785	1524.87576
2025-09-04T12:39:19Z	16443.00000	1554.83444	1537.86090	1524.83454
2025-09-04T12:39:19Z	16444.00000	1554.83306	1537.85723	1524.83144
2025-09-04T12:39:19Z	16444.00000	1554.83207	1537.85515	1524.83041
2025-09-04T12:39:19Z	16444.00000	1554.83141	1537.85460	1524.83061
2025-09-04T12:39:19Z	16444.00000	1554.83052	1537.85320	1524.82974
2025-09-04T12:39:19Z	16444.00000	1554.83036	1537.85150	1524.82883
2025-09-04T12:39:19Z	16444.00000	1554.82950	1537.85061	1524.82826
2025-09-04T12:39:19Z	16444.00000	1554.82874	1537.84999	1524.82806
2025-09-04T12:39:19Z	16444.00000	1554.82873	1537.84929	1524.82774
2025-09-04T12:39:19Z	16444.00000	1554.82882	1537.84832	1524.82737
2025-09-04T12:39:20Z	16444.00000	1554.82795	1537.84819	1524.82705
2025-09-04T12:39:20Z	16445.00000	1554.82747	1537.84762	1524.82695
2025-09-04T12:39:20Z	16445.00000	1554.82709	1537.84697	1524.82680
2025-09-04T12:39:20Z	16445.00000	1554.82412	1537.84631	1524.82625
2025-09-04T12:39:20Z	16445.00000	1554.82585	1537.84612	1524.82577
2025-09-04T12:39:20Z	16445.00000	1554.82645	1537.84568	1524.82593
2025-09-04T12:39:20Z	16445.00000	1554.82608	1537.84522	1524.82566
2025-09-04T12:39:20Z	16445.00000	1554.82463	1537.84494	1524.82534
2025-09-04T12:39:20Z	16445.00000	1554.82465	1537.84442	1524.82496
2025-09-04T12:39:20Z	16445.00000	1554.82532	1537.84413	1524.82510
2025-09-04T12:39:21Z	16445.00000	1554.82488	1537.84347	1524.82470
2025-09-04T12:39:21Z	16446.00000	1554.82273	1537.84333	1524.82466
2025-09-04T12:39:21Z	16446.00000	1554.82506	1537.84323	1524.82439
2025-09-04T12:39:21Z	16446.00000	1554.82257	1537.84265	1524.82421
2025-09-04T12:39:21Z	16446.00000	1554.82229	1537.84242	1524.82423
2025-09-04T12:39:21Z	16446.00000	1554.82358	1537.84210	1524.82384
2025-09-04T12:39:21Z	16446.00000	1554.82210	1537.84170	1524.82376
2025-09-04T12:39:21Z	16446.00000	1554.82327	1537.84180	1524.82377
2025-09-04T12:39:21Z	16446.00000	1554.82166	1537.84144	1524.82371
2025-09-04T12:39:21Z	16446.00000	1554.82316	1537.84103	1524.82335
2025-09-04T12:39:22Z	16446.00000	1554.82192	1537.84072	1524.82311
2025-09-04T12:39:22Z	16447.00000	1554.82259	1537.84051	1524.82312
2025-09-04T12:39:22Z	16447.00000	1554.82129	1537.84041	1524.82301
2025-09-04T12:39:22Z	16447.00000	1554.82103	1537.83983	1524.82258
2025-09-04T12:39:22Z	16447.00000	1554.82088	1537.83978	1524.82256
2025-09-04T12:39:22Z	16447.00000	1554.82227	1537.83945	1524.82245
2025-09-04T12:39:22Z	16447.00000	1554.82053	1537.83915	1524.82197
2025-09-04T12:39:22Z	16447.00000	1554.82079	1537.83887	1524.82228
2025-09-04T12:39:23Z	16447.00000	1554.82172	1537.83886	1524.82205
2025-09-04T12:39:23Z	16448.00000	1555.01964	1538.13045	1525.00696
2025-09-04T12:39:23Z	16448.00000	1555.22049	1538.42396	1525.18685
2025-09-04T12:39:23Z	16448.00000	1555.46199	1538.74154	1525.37606
2025-09-04T12:39:23Z	16448.00000	1555.61526	1538.95793	1525.50641
2025-09-04T12:39:23Z	16448.00000	1555.80966	1539.21621	1525.65993
2025-09-04T12:39:23Z	16448.00000	1555.98845	1539.46654	1525.81326
2025-09-04T12:39:23Z	16448.00000	1556.06690	1539.60778	1525.89697
2025-09-04T12:39:23Z	16448.00000	1556.19313	1539.76146	1525.99274
2025-09-04T12:39:24Z	16449.00000	1556.29665	1539.91036	1526.08585
2025-09-04T12:39:24Z	16449.00000	1556.39873	1540.07555	1526.18264
2025-09-04T12:39:24Z	16449.00000	1556.51871	1540.21306	1526.26669
2025-09-04T12:39:24Z	16449.00000	1556.58727	1540.33380	1526.34218
2025-09-04T12:39:24Z	16449.00000	1556.68686	1540.45110	1526.40996
2025-09-04T12:39:24Z	16449.00000	1556.74474	1540.55629	1526.47486
2025-09-04T12:39:24Z	16449.00000	1556.83224	1540.65381	1526.53308
2025-09-04T12:39:24Z	16449.00000	1556.89322	1540.77277	1526.60329
2025-09-04T12:39:24Z	16449.00000	1556.97548	1540.86248	1526.65942
2025-09-04T12:39:25Z	16449.00000	1557.03214	1540.94302	1526.70752
2025-09-04T12:39:25Z	16450.00000	1557.06324	1541.01315	1526.74876
2025-09-04T12:39:25Z	16450.00000	1557.10270	1541.05903	1526.77515
2025-09-04T12:39:25Z	16450.00000	1557.13863	1541.09944	1526.79898
2025-09-04T12:39:25Z	16450.00000	1557.18688	1541.15520	1526.83258
2025-09-04T12:39:25Z	16450.00000	1557.20488	1541.19631	1526.85794
2025-09-04T12:39:25Z	16450.00000	1557.21832	1541.23414	1526.88055
2025-09-04T12:39:25Z	16450.00000	1557.23726	1541.26121	1526.89553
2025-09-04T12:39:25Z	16450.00000	1557.25554	1541.28359	1526.90815
2025-09-04T12:39:25Z	16450.00000	1557.27216	1541.30228	1526.91871
2025-09-04T12:39:26Z	16451.00000	1557.28391	1541.31551	1526.92616
2025-09-04T12:39:26Z	16451.00000	1557.29701	1541.33031	1526.93466
2025-09-04T12:39:26Z	16451.00000	1557.30785	1541.34200	1526.94130
2025-09-04T12:39:26Z	16451.00000	1557.31545	1541.35011	1526.94585
2025-09-04T12:39:26Z	16451.00000	1557.32229	1541.35680	1526.95014
2025-09-04T12:39:26Z	16451.00000	1557.32642	1541.36217	1526.95314
2025-09-04T12:39:26Z	16451.00000	1557.33218	1541.36788	1526.95660
2025-09-04T12:39:26Z	16451.00000	1557.33659	1541.37304	1526.95951
2025-09-04T12:39:26Z	16451.00000	1557.33926	1541.37632	1526.96162
2025-09-04T12:39:27Z	16452.00000	1557.11930	1541.08516	1526.78568
2025-09-04T12:39:27Z	16452.00000	1555.84533	1539.27464	1525.68811
2025-09-04T12:39:27Z	16452.00000	1555.63665	1538.98634	1525.51841
2025-09-04T12:39:27Z	16452.00000	1555.48413	1538.77046	1525.39039
2025-09-04T12:39:27Z	16452.00000	1555.33700	1538.56597	1525.26931
2025-09-04T12:39:27Z	16452.00000	1555.02196	1538.14063	1525.00928
2025-09-04T12:39:27Z	16452.00000	1554.93974	1538.01267	1524.92970
2025-09-04T12:39:27Z	16452.00000	1554.84125	1537.87586	1524.84278
2025-09-04T12:39:28Z	16452.00000	1554.83300	1537.85677	1524.83128
2025-09-04T12:39:28Z	16453.00000	1554.83078	1537.85564	1524.83059
2025-09-04T12:39:28Z	16453.00000	1554.82871	1537.85312	1524.82994
2025-09-04T12:39:28Z	16453.00000	1554.83033	1537.85177	1524.82903
2025-09-04T12:39:28Z	16453.00000	1554.82927	1537.85033	1524.82824
2025-09-04T12:39:28Z	16453.00000	1554.82889	1537.84966	1524.82790
2025-09-04T12:39:28Z	16453.00000	1554.82924	1537.84878	1524.82737
2025-09-04T12:39:29Z	16453.00000	1554.82671	1537.84793	1524.82716
2025-09-04T12:39:29Z	16454.00000	1554.82677	1537.84753	1524.82696
2025-09-04T12:39:29Z	16454.00000	1554.82657	1537.84611	1524.82580
2025-09-04T12:39:29Z	16454.00000	1554.82592	1537.84573	1524.82578
2025-09-04T12:39:29Z	16454.00000	1554.82601	1537.84549	1524.82571
2025-09-04T12:39:29Z	16454.00000	1554.82470	1537.84510	1524.82565
2025-09-04T12:39:29Z	16454.00000	1554.82622	1537.84513	1524.82586
2025-09-04T12:39:29Z	16454.00000	1554.82539	1537.84401	1524.82516
2025-09-04T12:39:30Z	16454.00000	1554.82275	1537.84332	1524.82447
2025-09-04T12:39:30Z	16455.00000	1554.82293	1537.84324	1524.82442
2025-09-04T12:39:30Z	16455.00000	1554.82273	1537.84263	1524.82397
2025-09-04T12:39:30Z	16455.00000	1554.82352	1537.84227	1524.82397
2025-09-04T12:39:30Z	16455.00000	1554.82212	1537.84233	1524.82404
2025-09-04T12:39:30Z	16455.00000	1554.82376	1537.84211	1524.82379
2025-09-04T12:39:30Z	16455.00000	1554.82219	1537.84168	1524.82352
2025-09-04T12:39:30Z	16455.00000	1554.82367	1537.84146	1524.82335
2025-09-04T12:39:30Z	16455.00000	1554.82355	1537.84112	1524.82336
2025-09-04T12:39:30Z	16455.00000	1554.82329	1537.84083	1524.82337
2025-09-04T12:39:31Z	16456.00000	1554.82290	1537.84071	1524.82318
2025-09-04T12:39:31Z	16456.00000	1554.82295	1537.84058	1524.82311
2025-09-04T12:39:31Z	16456.00000	1554.82287	1537.84032	1524.82288
2025-09-04T12:39:31Z	16456.00000	1554.82279	1537.84003	1524.82267
2025-09-04T12:39:31Z	16456.00000	1554.82084	1537.83982	1524.82247
2025-09-04T12:39:31Z	16456.00000	1554.82253	1537.83951	1524.82255
2025-09-04T12:39:31Z	16456.00000	1554.82091	1537.83939	1524.82233
2025-09-04T12:39:31Z	16456.00000	1554.82229	1537.83920	1524.82222
2025-09-04T12:39:31Z	16456.00000	1554.82196	1537.83894	1524.82211
2025-09-04T12:39:32Z	16456.00000	1554.82191	1537.83895	1524.82209
2025-09-04T12:39:32Z	16457.00000	1554.84720	1537.88796	1524.85257
2025-09-04T12:39:32Z	16457.00000	1555.06090	1538.19710	1525.04785
2025-09-04T12:39:32Z	16457.00000	1555.26372	1538.47168	1525.21647
2025-09-04T12:39:32Z	16457.00000	1555.43512	1538.71051	1525.35803
2025-09-04T12:39:32Z	16457.00000	1555.67134	1539.02707	1525.54680
2025-09-04T12:39:32Z	16457.00000	1555.78256	1539.18782	1525.64155
2025-09-04T12:39:32Z	16457.00000	1555.88399	1539.34746	1525.74041
2025-09-04T12:39:32Z	16457.00000	1556.02478	1539.52746	1525.84755
2025-09-04T12:39:32Z	16457.00000	1556.14290	1539.68881	1525.94588
2025-09-04T12:39:32Z	16457.00000	1556.21516	1539.81608	1526.02591
2025-09-04T12:39:33Z	16458.00000	1556.37295	1540.03444	1526.15826
2025-09-04T12:39:33Z	16458.00000	1556.50570	1540.19251	1526.25298
2025-09-04T12:39:33Z	16458.00000	1556.60684	1540.35464	1526.35337
2025-09-04T12:39:33Z	16458.00000	1556.69712	1540.46806	1526.41972
2025-09-04T12:39:33Z	16458.00000	1556.76066	1540.57210	1526.48395
2025-09-04T12:39:33Z	16458.00000	1556.84485	1540.66752	1526.54084
2025-09-04T12:39:33Z	16458.00000	1556.90927	1540.78861	1526.61266
2025-09-04T12:39:33Z	16458.00000	1557.02891	1540.93202	1526.70085
2025-09-04T12:39:34Z	16459.00000	1557.10248	1541.05689	1526.77359
2025-09-04T12:39:34Z	16459.00000	1557.14533	1541.10508	1526.80139
2025-09-04T12:39:34Z	16459.00000	1557.18666	1541.15273	1526.83044
2025-09-04T12:39:34Z	16459.00000	1557.20354	1541.19160	1526.85454
2025-09-04T12:39:34Z	16459.00000	1557.21376	1541.22120	1526.87222
2025-09-04T12:39:34Z	16459.00000	1557.23451	1541.25595	1526.89245
2025-09-04T12:39:34Z	16459.00000	1557.24743	1541.27220	1526.90112
2025-09-04T12:39:34Z	16459.00000	1557.26203	1541.28899	1526.91088
2025-09-04T12:39:34Z	16459.00000	1557.27469	1541.30306	1526.91865
2025-09-04T12:39:35Z	16460.00000	1557.28526	1541.31487	1526.92517
2025-09-04T12:39:35Z	16460.00000	1557.29390	1541.32501	1526.93104
2025-09-04T12:39:35Z	16460.00000	1557.30791	1541.34020	1526.93968
2025-09-04T12:39:35Z	16460.00000	1557.31510	1541.34801	1526.94442
2025-09-04T12:39:35Z	16460.00000	1557.31986	1541.35325	1526.94746
2025-09-04T12:39:35Z	16460.00000	1557.32385	1541.35792	1526.94985
2025-09-04T12:39:35Z	16460.00000	1557.32789	1541.36136	1526.95201
2025-09-04T12:39:35Z	16460.00000	1557.33052	1541.36468	1526.95394
2025-09-04T12:39:36Z	16460.00000	1557.33434	1541.36900	1526.95636
2025-09-04T12:39:36Z	16461.00000	1556.07385	1539.63708	1525.90067
2025-09-04T12:39:36Z	16461.00000	1555.76826	1539.18398	1525.63257
2025-09-04T12:39:36Z	16461.00000	1555.57912	1538.92213	1525.47992
2025-09-04T12:39:36Z	16461.00000	1555.42983	1538.70770	1525.35461
2025-09-04T12:39:36Z	16461.00000	1555.25197	1538.46268	1525.20723
2025-09-04T12:39:36Z	16461.00000	1555.14186	1538.28996	1525.10006
2025-09-04T12:39:36Z	16461.00000	1555.01194	1538.11079	1524.99135
2025-09-04T12:39:36Z	16461.00000	1554.91580	1537.98608	1524.91291
2025-09-04T12:39:36Z	16461.00000	1554.83834	1537.87008	1524.83865
2025-09-04T12:39:37Z	16461.00000	1554.83262	1537.85642	1524.83067
2025-09-04T12:39:37Z	16462.00000	1554.83197	1537.85542	1524.83052
2025-09-04T12:39:37Z	16462.00000	1554.83160	1537.85446	1524.83054
2025-09-04T12:39:37Z	16462.00000	1554.82711	1537.85311	1524.82963
2025-09-04T12:39:37Z	16462.00000	1554.83016	1537.85210	1524.82877
2025-09-04T12:39:37Z	16462.00000	1554.82994	1537.85076	1524.82859
2025-09-04T12:39:37Z	16462.00000	1554.82928	1537.85042	1524.82809
2025-09-04T12:39:37Z	16462.00000	1554.82887	1537.84971	1524.82801
2025-09-04T12:39:37Z	16462.00000	1554.82848	1537.84882	1524.82747
2025-09-04T12:39:37Z	16462.00000	1554.82521	1537.84821	1524.82706
2025-09-04T12:39:38Z	16462.00000	1554.82482	1537.84774	1524.82684
2025-09-04T12:39:38Z	16463.00000	1554.82672	1537.84716	1524.82664
2025-09-04T12:39:38Z	16463.00000	1554.82702	1537.84638	1524.82619
2025-09-04T12:39:38Z	16463.00000	1554.82703	1537.84594	1524.82583
2025-09-04T12:39:38Z	16463.00000	1554.82664	1537.84559	1524.82566
2025-09-04T12:39:38Z	16463.00000	1554.82635	1537.84536	1524.82558
2025-09-04T12:39:38Z	16463.00000	1554.82385	1537.84485	1524.82540
2025-09-04T12:39:38Z	16463.00000	1554.82598	1537.84481	1524.82509
2025-09-04T12:39:38Z	16463.00000	1554.82334	1537.84404	1524.82470
2025-09-04T12:39:38Z	16463.00000	1554.82436	1537.84386	1524.82469
2025-09-04T12:39:39Z	16463.00000	1554.82424	1537.84344	1524.82456
2025-09-04T12:39:39Z	16464.00000	1554.82422	1537.84292	1524.82420
2025-09-04T12:39:39Z	16464.00000	1554.82436	1537.84270	1524.82409
2025-09-04T12:39:39Z	16464.00000	1554.82255	1537.84215	1524.82399
2025-09-04T12:39:39Z	16464.00000	1554.82361	1537.84224	1524.82383
2025-09-04T12:39:39Z	16464.00000	1554.82416	1537.84197	1524.82365
2025-09-04T12:39:39Z	16464.00000	1554.82369	1537.84168	1524.82347
2025-09-04T12:39:39Z	16464.00000	1554.82349	1537.84140	1524.82331
2025-09-04T12:39:39Z	16464.00000	1554.82338	1537.84130	1524.82332
2025-09-04T12:39:39Z	16464.00000	1554.82330	1537.84080	1524.82307
2025-09-04T12:39:40Z	16464.00000	1554.82172	1537.84062	1524.82287
2025-09-04T12:39:40Z	16465.00000	1554.82161	1537.84041	1524.82288
2025-09-04T12:39:40Z	16465.00000	1554.82152	1537.84005	1524.82269
2025-09-04T12:39:40Z	16465.00000	1554.82216	1537.83980	1524.82249
2025-09-04T12:39:40Z	16465.00000	1554.82260	1537.83987	1524.82232
2025-09-04T12:39:40Z	16465.00000	1554.82132	1537.83952	1524.82220
2025-09-04T12:39:40Z	16465.00000	1554.82243	1537.83937	1524.82217
2025-09-04T12:39:40Z	16465.00000	1554.82080	1537.83916	1524.82206
2025-09-04T12:39:40Z	16465.00000	1554.82188	1537.83889	1524.82198
2025-09-04T12:39:41Z	16465.00000	1554.82051	1537.83888	1524.82186
2025-09-04T12:39:41Z	16466.00000	1554.82183	1537.83866	1524.82184
2025-09-04T12:39:41Z	16466.00000	1554.82168	1537.83846	1524.82169
2025-09-04T12:39:41Z	16466.00000	1554.82137	1537.83836	1524.82144
2025-09-04T12:39:41Z	16466.00000	1554.82149	1537.83802	1524.82155
2025-09-04T12:39:41Z	16466.00000	1554.82119	1537.83783	1524.82136
2025-09-04T12:39:41Z	16466.00000	1554.82106	1537.83760	1524.82137
2025-09-04T12:39:41Z	16466.00000	1554.82082	1537.83745	1524.82134
2025-09-04T12:39:41Z	16466.00000	1554.82088	1537.83751	1524.82103
2025-09-04T12:39:41Z	16466.00000	1554.81999	1537.83729	1524.82089
2025-09-04T12:39:42Z	16467.00000	1554.82073	1537.83702	1524.82090
2025-09-04T12:39:42Z	16467.00000	1554.81962	1537.83696	1524.82091
2025-09-04T12:39:42Z	16467.00000	1554.81953	1537.83681	1524.82076
2025-09-04T12:39:42Z	16467.00000	1554.81942	1537.83672	1524.82056
2025-09-04T12:39:42Z	16467.00000	1554.82073	1537.83659	1524.82054
2025-09-04T12:39:42Z	16467.00000	1554.81955	1537.83653	1524.82059
2025-09-04T12:39:42Z	16467.00000	1554.81940	1537.83644	1524.82052
2025-09-04T12:39:42Z	16467.00000	1554.81931	1537.83623	1524.82057
2025-09-04T12:39:42Z	16467.00000	1554.82033	1537.83600	1524.82041
2025-09-04T12:39:43Z	16467.00000	1554.81990	1537.83597	1524.82046
2025-09-04T12:39:43Z	16468.00000	1554.81889	1537.83582	1524.82044
2025-09-04T12:39:43Z	16468.00000	1554.82037	1537.83549	1524.82016
2025-09-04T12:39:43Z	16468.00000	1554.81890	1537.83540	1524.81988
2025-09-04T12:39:43Z	16468.00000	1554.81896	1537.83568	1524.82016
2025-09-04T12:39:43Z	16468.00000	1554.81840	1537.83506	1524.81984
2025-09-04T12:39:43Z	16468.00000	1554.81845	1537.83510	1524.81984
2025-09-04T12:39:43Z	16468.00000	1554.81840	1537.83499	1524.81981
2025-09-04T12:39:43Z	16468.00000	1554.81849	1537.83503	1524.81979
2025-09-04T12:39:43Z	16468.00000	1554.81867	1537.83495	1524.81971
2025-09-04T12:39:44Z	16469.00000	1554.81842	1537.83448	1524.81953
2025-09-04T12:39:44Z	16469.00000	1554.81934	1537.83480	1524.81959
2025-09-04T12:39:44Z	16469.00000	1554.81814	1537.83468	1524.81966
2025-09-04T12:39:44Z	16469.00000	1554.81850	1537.83455	1524.81955
2025-09-04T12:39:44Z	16469.00000	1554.81820	1537.83437	1524.81945
2025-09-04T12:39:44Z	16469.00000	1554.81822	1537.83421	1524.81940
2025-09-04T12:39:44Z	16469.00000	1554.81813	1537.83424	1524.81932
