Timestamp	Time [s]	WL 1[nm]	WL 2[nm]	WL 3[nm]	WL 4[nm]	WL 5[nm]	WL 6[nm]	WL 7[nm]	WL 8[nm]	
2025-09-08T08:05:12Z	889.00000	1554.76327
2025-09-08T08:05:12Z	889.00000	1554.76325
2025-09-08T08:05:12Z	889.00000	1554.76331
2025-09-08T08:05:12Z	889.00000	1554.76325
2025-09-08T08:05:12Z	890.00000	1554.76328
2025-09-08T08:05:12Z	890.00000	1554.76319
2025-09-08T08:05:12Z	890.00000	1554.76326
2025-09-08T08:05:13Z	890.00000	1554.76320
2025-09-08T08:05:13Z	890.00000	1554.76321
2025-09-08T08:05:13Z	890.00000	1554.76326
2025-09-08T08:05:13Z	890.00000	1554.76329
2025-09-08T08:05:13Z	890.00000	1554.76322
2025-09-08T08:05:13Z	890.00000	1554.76321
2025-09-08T08:05:13Z	890.00000	1554.76325
2025-09-08T08:05:13Z	891.00000	1554.76321
2025-09-08T08:05:13Z	891.00000	1554.76323
2025-09-08T08:05:13Z	891.00000	1554.76316
2025-09-08T08:05:14Z	891.00000	1554.76320
2025-09-08T08:05:14Z	891.00000	1554.76327
2025-09-08T08:05:14Z	891.00000	1554.76325
2025-09-08T08:05:14Z	891.00000	1554.76317
2025-09-08T08:05:14Z	891.00000	1554.76320
2025-09-08T08:05:14Z	891.00000	1554.76307
2025-09-08T08:05:14Z	891.00000	1554.76307
2025-09-08T08:05:14Z	892.00000	1554.76319
2025-09-08T08:05:14Z	892.00000	1554.76317
2025-09-08T08:05:14Z	892.00000	1554.76315
2025-09-08T08:05:15Z	892.00000	1554.76312
2025-09-08T08:05:15Z	892.00000	1554.76316
2025-09-08T08:05:15Z	892.00000	1554.76318
2025-09-08T08:05:15Z	892.00000	1554.76316
2025-09-08T08:05:15Z	892.00000	1554.76324
2025-09-08T08:05:15Z	892.00000	1554.76331
2025-09-08T08:05:15Z	892.00000	1554.76319
2025-09-08T08:05:15Z	893.00000	1554.76330
2025-09-08T08:05:15Z	893.00000	1554.76316
2025-09-08T08:05:15Z	893.00000	1554.76323
2025-09-08T08:05:16Z	893.00000	1554.76329
2025-09-08T08:05:16Z	893.00000	1554.76315
2025-09-08T08:05:16Z	893.00000	1554.76317
2025-09-08T08:05:16Z	893.00000	1554.76325
2025-09-08T08:05:16Z	893.00000	1554.76323
2025-09-08T08:05:16Z	893.00000	1554.76318
2025-09-08T08:05:16Z	893.00000	1554.76321
2025-09-08T08:05:16Z	894.00000	1554.76330
2025-09-08T08:05:16Z	894.00000	1554.76318
2025-09-08T08:05:16Z	894.00000	1554.76319
2025-09-08T08:05:17Z	894.00000	1554.76319
2025-09-08T08:05:17Z	894.00000	1554.76324
2025-09-08T08:05:17Z	894.00000	1554.76312
2025-09-08T08:05:17Z	894.00000	1554.76326
2025-09-08T08:05:17Z	894.00000	1554.76318
2025-09-08T08:05:17Z	894.00000	1554.76339
2025-09-08T08:05:17Z	894.00000	1554.76326
2025-09-08T08:05:17Z	895.00000	1554.76324
2025-09-08T08:05:17Z	895.00000	1554.76328
2025-09-08T08:05:17Z	895.00000	1554.76322
2025-09-08T08:05:18Z	895.00000	1554.76322
2025-09-08T08:05:18Z	895.00000	1554.76323
2025-09-08T08:05:18Z	895.00000	1554.76320
2025-09-08T08:05:18Z	895.00000	1554.81794
2025-09-08T08:05:18Z	895.00000	1555.23034
2025-09-08T08:05:18Z	895.00000	1555.46627
2025-09-08T08:05:18Z	895.00000	1555.80608
2025-09-08T08:05:18Z	896.00000	1556.08675
2025-09-08T08:05:18Z	896.00000	1556.34898
2025-09-08T08:05:18Z	896.00000	1556.60888
2025-09-08T08:05:19Z	896.00000	1556.92225
2025-09-08T08:05:19Z	896.00000	1557.14513
2025-09-08T08:05:19Z	896.00000	1557.46057
2025-09-08T08:05:19Z	896.00000	1557.72039
2025-09-08T08:05:19Z	896.00000	1557.96290
2025-09-08T08:05:19Z	896.00000	1558.21461
2025-09-08T08:05:19Z	896.00000	1558.45032
2025-09-08T08:05:19Z	897.00000	1558.67635
2025-09-08T08:05:19Z	897.00000	1558.91938
2025-09-08T08:05:19Z	897.00000	1559.18632
2025-09-08T08:05:20Z	897.00000	1559.38244
2025-09-08T08:05:20Z	897.00000	1559.62594
2025-09-08T08:05:20Z	897.00000	1559.83017
2025-09-08T08:05:20Z	897.00000	1560.02502
2025-09-08T08:05:20Z	897.00000	1560.22513
2025-09-08T08:05:20Z	897.00000	1560.40299
2025-09-08T08:05:20Z	897.00000	1560.56188
2025-09-08T08:05:20Z	898.00000	1560.72227
2025-09-08T08:05:20Z	898.00000	1560.83500
2025-09-08T08:05:20Z	898.00000	1560.95229
2025-09-08T08:05:21Z	898.00000	1561.05337
2025-09-08T08:05:21Z	898.00000	1560.71965
2025-09-08T08:05:21Z	898.00000	1560.83028
2025-09-08T08:05:21Z	898.00000	1560.87208
2025-09-08T08:05:21Z	898.00000	1586.84258	1560.93780
2025-09-08T08:05:21Z	898.00000	1560.96288
2025-09-08T08:05:21Z	898.00000	1560.97826
2025-09-08T08:05:21Z	899.00000	1560.99175
2025-09-08T08:05:21Z	899.00000	1561.00251
2025-09-08T08:05:21Z	899.00000	1561.01025
2025-09-08T08:05:22Z	899.00000	1586.84288	1561.01654
2025-09-08T08:05:22Z	899.00000	1586.84249	1560.79355
2025-09-08T08:05:22Z	899.00000	1557.23252
2025-09-08T08:05:22Z	899.00000	1556.96001
2025-09-08T08:05:22Z	899.00000	1556.63224
2025-09-08T08:05:22Z	899.00000	1556.34386
2025-09-08T08:05:22Z	899.00000	1556.10028
2025-09-08T08:05:22Z	900.00000	1555.83053
2025-09-08T08:05:22Z	900.00000	1555.55069
2025-09-08T08:05:22Z	900.00000	1555.34397
2025-09-08T08:05:23Z	900.00000	1555.17937
2025-09-08T08:05:23Z	900.00000	1555.00024
2025-09-08T08:05:23Z	900.00000	1554.82162
2025-09-08T08:05:23Z	900.00000	1554.75437
2025-09-08T08:05:23Z	900.00000	1554.75494
2025-09-08T08:05:23Z	900.00000	1554.75478
2025-09-08T08:05:23Z	900.00000	1554.75438
2025-09-08T08:05:23Z	901.00000	1554.75409
2025-09-08T08:05:23Z	901.00000	1554.75357
2025-09-08T08:05:23Z	901.00000	1554.75289
2025-09-08T08:05:24Z	901.00000	1554.75277
2025-09-08T08:05:24Z	901.00000	1554.75231
2025-09-08T08:05:24Z	901.00000	1554.75207
2025-09-08T08:05:24Z	901.00000	1554.75198
2025-09-08T08:05:24Z	901.00000	1554.75171
2025-09-08T08:05:24Z	901.00000	1554.75148
2025-09-08T08:05:24Z	901.00000	1554.75138
2025-09-08T08:05:24Z	902.00000	1554.75072
2025-09-08T08:05:24Z	902.00000	1554.75062
2025-09-08T08:05:24Z	902.00000	1554.75032
2025-09-08T08:05:25Z	902.00000	1554.75024
2025-09-08T08:05:25Z	902.00000	1554.75013
2025-09-08T08:05:25Z	902.00000	1554.74986
2025-09-08T08:05:25Z	902.00000	1554.74966
2025-09-08T08:05:25Z	902.00000	1554.74966
2025-09-08T08:05:25Z	902.00000	1554.74946
2025-09-08T08:05:25Z	902.00000	1554.74928
2025-09-08T08:05:25Z	903.00000	1554.74912
2025-09-08T08:05:25Z	903.00000	1554.74891
2025-09-08T08:05:25Z	903.00000	1554.74887
2025-09-08T08:05:26Z	903.00000	1554.74876
2025-09-08T08:05:26Z	903.00000	1554.74851
2025-09-08T08:05:26Z	903.00000	1554.74828
2025-09-08T08:05:26Z	903.00000	1554.74852
2025-09-08T08:05:26Z	903.00000	1554.74821
2025-09-08T08:05:26Z	903.00000	1554.74809
2025-09-08T08:05:26Z	903.00000	1554.74824
2025-09-08T08:05:26Z	904.00000	1554.74808
2025-09-08T08:05:26Z	904.00000	1554.74797
2025-09-08T08:05:26Z	904.00000	1554.74777
2025-09-08T08:05:27Z	904.00000	1554.74772
2025-09-08T08:05:27Z	904.00000	1554.74775
2025-09-08T08:05:27Z	904.00000	1554.74768
2025-09-08T08:05:27Z	904.00000	1554.92490
2025-09-08T08:05:27Z	904.00000	1555.27047
2025-09-08T08:05:27Z	904.00000	1555.53290
2025-09-08T08:05:27Z	904.00000	1555.74241
2025-09-08T08:05:27Z	905.00000	1555.92974
2025-09-08T08:05:27Z	905.00000	1556.19039
2025-09-08T08:05:27Z	905.00000	1556.46208
2025-09-08T08:05:28Z	905.00000	1556.72263
2025-09-08T08:05:28Z	905.00000	1557.01752
2025-09-08T08:05:28Z	905.00000	1557.31166
2025-09-08T08:05:28Z	905.00000	1557.55674
2025-09-08T08:05:28Z	905.00000	1557.82151
2025-09-08T08:05:28Z	905.00000	1558.04873
2025-09-08T08:05:28Z	905.00000	1558.29487
2025-09-08T08:05:28Z	906.00000	1558.53977
2025-09-08T08:05:28Z	906.00000	1558.78764
2025-09-08T08:05:28Z	906.00000	1559.00302
2025-09-08T08:05:29Z	906.00000	1559.21594
2025-09-08T08:05:29Z	906.00000	1559.45659
2025-09-08T08:05:29Z	906.00000	1559.68965
2025-09-08T08:05:29Z	906.00000	1559.85510
2025-09-08T08:05:29Z	906.00000	1560.06596
2025-09-08T08:05:29Z	906.00000	1560.27372
2025-09-08T08:05:29Z	906.00000	1586.84611	1560.43217
2025-09-08T08:05:29Z	907.00000	1586.84516	1560.53931
2025-09-08T08:05:29Z	907.00000	1586.84430	1560.66583
2025-09-08T08:05:29Z	907.00000	1586.84394	1582.30709	1560.78350
2025-09-08T08:05:30Z	907.00000	1587.17269	1584.98922	1583.79184	1583.79184	1582.37290	1582.30733	1580.61676	1580.55972	1578.91771	1577.96959	1560.90524
2025-09-08T08:05:30Z	907.00000	1587.17212	1584.98943	1582.30694	1580.61681	1580.56065	1578.91772	1577.96982	1560.95161
2025-09-08T08:05:30Z	907.00000	1587.17203	1584.98959	1583.79038	1582.30664	1581.43693	1580.61624	1580.56014	1578.91779	1577.96984	1577.26839	1560.99316
2025-09-08T08:05:30Z	907.00000	1587.17272	1584.98932	1583.79032	1583.79032	1582.30550	1580.61689	1580.56102	1578.91810	1577.96998	1577.26812	1561.06588
2025-09-08T08:05:30Z	907.00000	1587.17228	1584.98937	1583.78940	1583.78940	1583.50592	1582.30499	1580.61655	1580.56026	1578.91849	1577.96982	1561.08637
2025-09-08T08:05:30Z	907.00000	1587.17201	1584.98995	1583.79020	1583.79020	1583.50609	1582.30443	1580.61684	1580.56046	1578.91876	1577.96936	1561.10107
2025-09-08T08:05:30Z	907.00000	1587.17193	1584.98959	1583.78962	1583.78962	1582.30392	1580.61672	1580.56025	1578.91889	1577.96963	1577.26987	1561.11411
2025-09-08T08:05:30Z	908.00000	1587.17254	1584.98906	1583.78957	1582.30330	1580.56014	1578.91848	1577.96917	1561.12214
2025-09-08T08:05:30Z	908.00000	1587.17244	1584.98945	1583.78950	1582.30388	1578.91845	1577.96933	1574.34225	1561.12770
2025-09-08T08:05:30Z	908.00000	1587.17171	1584.98983	1583.78987	1582.30312	1578.91902	1577.96959	1577.96959	1574.34310	1561.13189
2025-09-08T08:05:31Z	908.00000	1587.17183	1584.98955	1583.78972	1582.30352	1578.91985	1577.96898	1577.96898	1574.34298	1561.18461
2025-09-08T08:05:31Z	908.00000	1557.65770
2025-09-08T08:05:31Z	908.00000	1557.20138
2025-09-08T08:05:31Z	908.00000	1556.87886
2025-09-08T08:05:31Z	908.00000	1556.58280
2025-09-08T08:05:31Z	908.00000	1556.28647
2025-09-08T08:05:31Z	908.00000	1556.00433
2025-09-08T08:05:31Z	909.00000	1555.76222
2025-09-08T08:05:31Z	909.00000	1555.51268
2025-09-08T08:05:31Z	909.00000	1555.30481
2025-09-08T08:05:32Z	909.00000	1555.13524
2025-09-08T08:05:32Z	909.00000	1554.89926
2025-09-08T08:05:32Z	909.00000	1554.74477
2025-09-08T08:05:32Z	909.00000	1554.74730
2025-09-08T08:05:32Z	909.00000	1554.74630
2025-09-08T08:05:32Z	909.00000	1554.74697
2025-09-08T08:05:32Z	909.00000	1554.74749
2025-09-08T08:05:32Z	910.00000	1554.74765
2025-09-08T08:05:32Z	910.00000	1554.74753
2025-09-08T08:05:32Z	910.00000	1554.74655
2025-09-08T08:05:33Z	910.00000	1554.74635
2025-09-08T08:05:33Z	910.00000	1554.74615
2025-09-08T08:05:33Z	910.00000	1554.74586
2025-09-08T08:05:33Z	910.00000	1554.74592
2025-09-08T08:05:33Z	910.00000	1554.74581
2025-09-08T08:05:33Z	910.00000	1554.74566
2025-09-08T08:05:33Z	910.00000	1554.74561
2025-09-08T08:05:33Z	911.00000	1554.74549
2025-09-08T08:05:33Z	911.00000	1554.74554
2025-09-08T08:05:33Z	911.00000	1554.74552
2025-09-08T08:05:34Z	911.00000	1554.74621
2025-09-08T08:05:34Z	911.00000	1554.74605
2025-09-08T08:05:34Z	911.00000	1554.74604
2025-09-08T08:05:34Z	911.00000	1554.74588
2025-09-08T08:05:34Z	911.00000	1554.74493
2025-09-08T08:05:34Z	911.00000	1554.74493
2025-09-08T08:05:34Z	911.00000	1554.74475
2025-09-08T08:05:34Z	912.00000	1554.74473
2025-09-08T08:05:34Z	912.00000	1554.74461
2025-09-08T08:05:34Z	912.00000	1554.74442
2025-09-08T08:05:35Z	912.00000	1554.74441
2025-09-08T08:05:35Z	912.00000	1554.74430
2025-09-08T08:05:35Z	912.00000	1554.74425
2025-09-08T08:05:35Z	912.00000	1554.74411
2025-09-08T08:05:35Z	912.00000	1554.74478
2025-09-08T08:05:35Z	912.00000	1554.74389
2025-09-08T08:05:35Z	912.00000	1554.74467
2025-09-08T08:05:35Z	913.00000	1554.74460
2025-09-08T08:05:35Z	913.00000	1554.74455
2025-09-08T08:05:35Z	913.00000	1554.74445
2025-09-08T08:05:36Z	913.00000	1554.74440
2025-09-08T08:05:36Z	913.00000	1554.74427
2025-09-08T08:05:36Z	913.00000	1554.74418
2025-09-08T08:05:36Z	913.00000	1554.74423
2025-09-08T08:05:36Z	913.00000	1555.03888
2025-09-08T08:05:36Z	913.00000	1555.32676
2025-09-08T08:05:36Z	913.00000	1555.53095
2025-09-08T08:05:36Z	914.00000	1555.75470
2025-09-08T08:05:36Z	914.00000	1555.97970
2025-09-08T08:05:36Z	914.00000	1556.24227
2025-09-08T08:05:37Z	914.00000	1556.48658
2025-09-08T08:05:37Z	914.00000	1556.81076
2025-09-08T08:05:37Z	914.00000	1557.05992
2025-09-08T08:05:37Z	914.00000	1557.34005
2025-09-08T08:05:37Z	914.00000	1557.66003
2025-09-08T08:05:37Z	914.00000	1557.88601
2025-09-08T08:05:37Z	914.00000	1558.13262
2025-09-08T08:05:37Z	915.00000	1558.34418
2025-09-08T08:05:37Z	915.00000	1558.62290
2025-09-08T08:05:37Z	915.00000	1558.83307
2025-09-08T08:05:38Z	915.00000	1559.04626
2025-09-08T08:05:38Z	915.00000	1559.29421
2025-09-08T08:05:38Z	915.00000	1559.49593
2025-09-08T08:05:38Z	915.00000	1559.72242
2025-09-08T08:05:38Z	915.00000	1559.94621
2025-09-08T08:05:38Z	915.00000	1560.12304
2025-09-08T08:05:38Z	915.00000	1560.30877
2025-09-08T08:05:38Z	916.00000	1586.84625	1560.45574
2025-09-08T08:05:38Z	916.00000	1586.84485	1560.59395
2025-09-08T08:05:38Z	916.00000	1587.17253	1584.98932	1583.79311	1583.79311	1582.37258	1582.30642	1580.61658	1580.55877	1578.91728	1577.96863	1560.74214
2025-09-08T08:05:39Z	916.00000	1587.17247	1584.98866	1583.79249	1583.23035	1582.30641	1580.61684	1580.55949	1578.91733	1577.96880	1577.26681	1560.87182
2025-09-08T08:05:39Z	916.00000	1587.17208	1584.98926	1583.79089	1582.30679	1578.91711	1577.96892	1576.02234	1574.34067	1560.92796
2025-09-08T08:05:39Z	916.00000	1587.17258	1584.98993	1583.79000	1582.30561	1578.91747	1577.96922	1577.96922	1574.34125	1561.01935
2025-09-08T08:05:39Z	916.00000	1587.17211	1584.98941	1583.79013	1582.30489	1580.56081	1578.91807	1577.96922	1577.96922	1574.34006	1561.04667
2025-09-08T08:05:39Z	916.00000	1587.17184	1584.98956	1583.78912	1582.30428	1578.91864	1577.96992	1577.96992	1574.33997	1561.06931
2025-09-08T08:05:39Z	916.00000	1587.32511	1584.98914	1583.78958	1582.30358	1579.05494	1576.02152	1574.34217	1561.08655
2025-09-08T08:05:39Z	916.00000	1587.17177	1584.98945	1583.78924	1582.30341	1578.91926	1577.96906	1577.96906	1574.34002	1561.15713
2025-09-08T08:05:39Z	917.00000	1587.17124	1584.98977	1583.78936	1582.30290	1578.91834	1577.96845	1577.96845	1574.34276	1561.16726
2025-09-08T08:05:39Z	917.00000	1587.17202	1584.98901	1583.78995	1582.30199	1578.91898	1577.96925	1577.96925	1574.34112	1561.17469
2025-09-08T08:05:39Z	917.00000	1587.17140	1584.98938	1583.78977	1582.30240	1578.91941	1577.96938	1577.96938	1574.34000	1561.17853
2025-09-08T08:05:40Z	917.00000	1587.17173	1584.98889	1583.78971	1582.30220	1578.91855	1577.96836	1574.34214	1561.18066
2025-09-08T08:05:40Z	917.00000	1587.17232	1584.98928	1583.78946	1582.30219	1578.91836	1577.96831	1576.01991	1574.34295	1561.18204
2025-09-08T08:05:40Z	917.00000	1557.64993
2025-09-08T08:05:40Z	917.00000	1557.22388
2025-09-08T08:05:40Z	917.00000	1556.86040
2025-09-08T08:05:40Z	917.00000	1556.54831
2025-09-08T08:05:40Z	917.00000	1556.28910
2025-09-08T08:05:40Z	918.00000	1555.98349
2025-09-08T08:05:40Z	918.00000	1555.74124
2025-09-08T08:05:40Z	918.00000	1555.45895
2025-09-08T08:05:41Z	918.00000	1555.28434
2025-09-08T08:05:41Z	918.00000	1555.07907
2025-09-08T08:05:41Z	918.00000	1554.88302
2025-09-08T08:05:41Z	918.00000	1554.74327
2025-09-08T08:05:41Z	918.00000	1554.74571
2025-09-08T08:05:41Z	918.00000	1554.74512
2025-09-08T08:05:41Z	918.00000	1554.74530
2025-09-08T08:05:41Z	919.00000	1554.74522
2025-09-08T08:05:41Z	919.00000	1554.74561
2025-09-08T08:05:41Z	919.00000	1554.74438
2025-09-08T08:05:42Z	919.00000	1554.74440
2025-09-08T08:05:42Z	919.00000	1554.74533
2025-09-08T08:05:42Z	919.00000	1554.74359
2025-09-08T08:05:42Z	919.00000	1554.74355
2025-09-08T08:05:42Z	919.00000	1554.74356
2025-09-08T08:05:42Z	919.00000	1554.74348
2025-09-08T08:05:42Z	919.00000	1554.74326
2025-09-08T08:05:42Z	920.00000	1554.74322
2025-09-08T08:05:42Z	920.00000	1554.74468
2025-09-08T08:05:42Z	920.00000	1554.74477
2025-09-08T08:05:43Z	920.00000	1554.74306
2025-09-08T08:05:43Z	920.00000	1554.74300
2025-09-08T08:05:43Z	920.00000	1554.74284
2025-09-08T08:05:43Z	920.00000	1554.74280
2025-09-08T08:05:43Z	920.00000	1554.74277
2025-09-08T08:05:43Z	920.00000	1554.74260
2025-09-08T08:05:43Z	920.00000	1554.74263
2025-09-08T08:05:43Z	921.00000	1554.74248
2025-09-08T08:05:43Z	921.00000	1554.74232
2025-09-08T08:05:43Z	921.00000	1554.74233
2025-09-08T08:05:44Z	921.00000	1554.74221
2025-09-08T08:05:44Z	921.00000	1554.74205
2025-09-08T08:05:44Z	921.00000	1554.74211
2025-09-08T08:05:44Z	921.00000	1554.74205
2025-09-08T08:05:44Z	921.00000	1554.74345
2025-09-08T08:05:44Z	921.00000	1554.74351
2025-09-08T08:05:44Z	921.00000	1554.74337
2025-09-08T08:05:44Z	922.00000	1554.74334
2025-09-08T08:05:44Z	922.00000	1554.74310
2025-09-08T08:05:44Z	922.00000	1554.74307
2025-09-08T08:05:45Z	922.00000	1554.74295
2025-09-08T08:05:45Z	922.00000	1554.74299
2025-09-08T08:05:45Z	922.00000	1554.74284
2025-09-08T08:05:45Z	922.00000	1554.88380
2025-09-08T08:05:45Z	922.00000	1555.21998
2025-09-08T08:05:45Z	922.00000	1555.46294
2025-09-08T08:05:45Z	922.00000	1555.60980
2025-09-08T08:05:45Z	923.00000	1555.82544
2025-09-08T08:05:45Z	923.00000	1556.11111
2025-09-08T08:05:45Z	923.00000	1556.34711
2025-09-08T08:05:46Z	923.00000	1556.62993
2025-09-08T08:05:46Z	923.00000	1556.96812
2025-09-08T08:05:46Z	923.00000	1557.32650
2025-09-08T08:05:46Z	923.00000	1557.52907
2025-09-08T08:05:46Z	923.00000	1557.73188
2025-09-08T08:05:46Z	923.00000	1558.02082
2025-09-08T08:05:46Z	923.00000	1558.23374
2025-09-08T08:05:46Z	924.00000	1558.47546
2025-09-08T08:05:46Z	924.00000	1558.71456
2025-09-08T08:05:46Z	924.00000	1558.99591
2025-09-08T08:05:47Z	924.00000	1559.20416
2025-09-08T08:05:47Z	924.00000	1559.41663
2025-09-08T08:05:47Z	924.00000	1559.65490
2025-09-08T08:05:47Z	924.00000	1559.84643
2025-09-08T08:05:47Z	924.00000	1586.84722	1560.09470
2025-09-08T08:05:47Z	924.00000	1586.84734	1560.28430
2025-09-08T08:05:47Z	924.00000	1586.84588	1560.42188
2025-09-08T08:05:47Z	925.00000	1586.84558	1582.30602	1580.55929	1560.56691
2025-09-08T08:05:47Z	925.00000	1587.17258	1584.98901	1583.79337	1583.79337	1582.37297	1582.30683	1580.61661	1580.55892	1578.91791	1577.96877	1560.72431
2025-09-08T08:05:47Z	925.00000	1587.17219	1584.98946	1583.79184	1583.23095	1582.30634	1580.61694	1580.55998	1578.91764	1577.96888	1577.26680	1574.33959	1560.86753
2025-09-08T08:05:48Z	925.00000	1587.32540	1585.10344	1584.98958	1583.79113	1582.30587	1579.05423	1576.02316	1574.34083	1560.92309
2025-09-08T08:05:48Z	925.00000	1587.17230	1584.98938	1583.79024	1582.30456	1578.91793	1577.96867	1577.96867	1574.34086	1561.02498
2025-09-08T08:05:48Z	925.00000	1587.17195	1584.99003	1583.78985	1582.30415	1578.91899	1577.96931	1576.02202	1574.34089	1561.06153
2025-09-08T08:05:48Z	925.00000	1587.32586	1584.99012	1583.79016	1582.30345	1578.91905	1577.96837	1576.02091	1574.34112	1561.14223
2025-09-08T08:05:48Z	925.00000	1587.17104	1584.98963	1583.79021	1582.30271	1578.91873	1577.96879	1577.96879	1574.34100	1561.16419
2025-09-08T08:05:48Z	925.00000	1587.17160	1584.99033	1583.79029	1582.30252	1578.91932	1577.96869	1577.96869	1574.34234	1561.17886
2025-09-08T08:05:48Z	925.00000	1587.17251	1584.98918	1583.78979	1582.30212	1578.91914	1577.96876	1574.34218	1561.18904
2025-09-08T08:05:48Z	926.00000	1587.32549	1584.98985	1583.79030	1582.30221	1578.91918	1577.96796	1576.02056	1574.34281	1561.19592
2025-09-08T08:05:48Z	926.00000	1587.32627	1585.10346	1584.98995	1583.78999	1582.30213	1579.03878	1576.02135	1574.34272	1561.20224
2025-09-08T08:05:48Z	926.00000	1587.61505	1584.98952	1583.79030	1582.30105	1579.03933	1576.02120	1574.34313	1561.20662
2025-09-08T08:05:49Z	926.00000	1587.61483	1583.79077	1582.30111	1579.03916	1576.02024	1574.34278	1561.20879
2025-09-08T08:05:49Z	926.00000	1587.61454	1583.78996	1582.30283	1579.05596	1576.02105	1574.34274	1561.16594
2025-09-08T08:05:49Z	926.00000	1557.51526
2025-09-08T08:05:49Z	926.00000	1557.04618
2025-09-08T08:05:49Z	926.00000	1556.77737
2025-09-08T08:05:49Z	926.00000	1556.48219
2025-09-08T08:05:49Z	926.00000	1556.16524
2025-09-08T08:05:49Z	927.00000	1555.91538
2025-09-08T08:05:49Z	927.00000	1555.63067
2025-09-08T08:05:49Z	927.00000	1555.44755
2025-09-08T08:05:50Z	927.00000	1555.19856
2025-09-08T08:05:50Z	927.00000	1554.96023
2025-09-08T08:05:50Z	927.00000	1554.79620
2025-09-08T08:05:50Z	927.00000	1554.74375
2025-09-08T08:05:50Z	927.00000	1554.74439
2025-09-08T08:05:50Z	927.00000	1554.74333
2025-09-08T08:05:50Z	927.00000	1554.74323
2025-09-08T08:05:50Z	928.00000	1554.74324
2025-09-08T08:05:50Z	928.00000	1554.74323
2025-09-08T08:05:50Z	928.00000	1554.74326
2025-09-08T08:05:51Z	928.00000	1554.74334
2025-09-08T08:05:51Z	928.00000	1554.74295
2025-09-08T08:05:51Z	928.00000	1554.74273
2025-09-08T08:05:51Z	928.00000	1554.74423
2025-09-08T08:05:51Z	928.00000	1554.74245
2025-09-08T08:05:51Z	928.00000	1554.74231
2025-09-08T08:05:51Z	928.00000	1554.74224
2025-09-08T08:05:51Z	929.00000	1554.74219
2025-09-08T08:05:51Z	929.00000	1554.74233
2025-09-08T08:05:51Z	929.00000	1554.74227
2025-09-08T08:05:52Z	929.00000	1554.74218
2025-09-08T08:05:52Z	929.00000	1554.74214
2025-09-08T08:05:52Z	929.00000	1554.74389
2025-09-08T08:05:52Z	929.00000	1554.74391
2025-09-08T08:05:52Z	929.00000	1554.74399
2025-09-08T08:05:52Z	929.00000	1554.74193
2025-09-08T08:05:52Z	929.00000	1554.74192
2025-09-08T08:05:52Z	930.00000	1554.74187
2025-09-08T08:05:52Z	930.00000	1554.74183
2025-09-08T08:05:52Z	930.00000	1554.74166
2025-09-08T08:05:53Z	930.00000	1554.74168
2025-09-08T08:05:53Z	930.00000	1554.74158
2025-09-08T08:05:53Z	930.00000	1554.74141
2025-09-08T08:05:53Z	930.00000	1554.74141
2025-09-08T08:05:53Z	930.00000	1554.74127
2025-09-08T08:05:53Z	930.00000	1554.74093
2025-09-08T08:05:53Z	930.00000	1554.74105
2025-09-08T08:05:53Z	931.00000	1554.74102
2025-09-08T08:05:53Z	931.00000	1554.74102
2025-09-08T08:05:53Z	931.00000	1554.74090
2025-09-08T08:05:54Z	931.00000	1554.74085
2025-09-08T08:05:54Z	931.00000	1554.74066
2025-09-08T08:05:54Z	931.00000	1554.74080
2025-09-08T08:05:54Z	931.00000	1555.01218
2025-09-08T08:05:54Z	931.00000	1555.29404
2025-09-08T08:05:54Z	931.00000	1555.53673
2025-09-08T08:05:54Z	931.00000	1555.83012
2025-09-08T08:05:54Z	932.00000	1556.08358
2025-09-08T08:05:54Z	932.00000	1556.28370
2025-09-08T08:05:55Z	932.00000	1556.59473
2025-09-08T08:05:55Z	932.00000	1556.88428
2025-09-08T08:05:55Z	932.00000	1557.13529
2025-09-08T08:05:55Z	932.00000	1557.34709
2025-09-08T08:05:55Z	932.00000	1557.68789
2025-09-08T08:05:55Z	932.00000	1557.88198
2025-09-08T08:05:55Z	932.00000	1558.13760
2025-09-08T08:05:55Z	932.00000	1558.35742
2025-09-08T08:05:55Z	933.00000	1558.65952
2025-09-08T08:05:55Z	933.00000	1558.87315
2025-09-08T08:05:55Z	933.00000	1559.05879
2025-09-08T08:05:56Z	933.00000	1559.34214
2025-09-08T08:05:56Z	933.00000	1559.64333
2025-09-08T08:05:56Z	933.00000	1559.86975
2025-09-08T08:05:56Z	933.00000	1586.84706	1560.09016
2025-09-08T08:05:56Z	933.00000	1586.84738	1560.20433
2025-09-08T08:05:56Z	933.00000	1586.84637	1582.30597	1560.40231
2025-09-08T08:05:56Z	933.00000	1586.95703	1586.84494	1582.30621	1580.55939	1577.96952	1560.56561
2025-09-08T08:05:56Z	934.00000	1587.17305	1584.98932	1583.79398	1583.23150	1582.37249	1582.30635	1580.61652	1580.55929	1578.91764	1577.96876	1560.67904
2025-09-08T08:05:56Z	934.00000	1587.17199	1584.98883	1583.79221	1582.30608	1580.56014	1578.91820	1577.96806	1577.96806	1574.33917	1560.82888
2025-09-08T08:05:56Z	934.00000	1587.17235	1584.98954	1583.79157	1582.30563	1578.91823	1577.96879	1576.02238	1574.33987	1560.89664
2025-09-08T08:05:57Z	934.00000	1587.17209	1584.99029	1583.79127	1582.30543	1578.91840	1577.96915	1577.96915	1574.34120	1561.00774
2025-09-08T08:05:57Z	934.00000	1587.32536	1584.99009	1583.79070	1582.30399	1578.91917	1577.96868	1576.02300	1574.34118	1561.05149
2025-09-08T08:05:57Z	934.00000	1587.17186	1584.98997	1583.79051	1582.30262	1578.91952	1577.96837	1574.34175	1561.15286
2025-09-08T08:05:57Z	934.00000	1587.17134	1584.98961	1583.78986	1582.30209	1578.92007	1577.96743	1574.34251	1561.17559
2025-09-08T08:05:57Z	934.00000	1587.32588	1585.10282	1584.98994	1583.79071	1582.30170	1579.05620	1576.02055	1574.34269	1561.19352
2025-09-08T08:05:57Z	934.00000	1587.61475	1583.79036	1582.30093	1579.05577	1576.02071	1574.34172	1561.20836
2025-09-08T08:05:57Z	934.00000	1587.61491	1583.79022	1576.02059	1574.34257	1573.75356	1561.21574
2025-09-08T08:05:57Z	935.00000	1587.61490	1583.79054	1576.02186	1574.47074	1574.34392	1573.75367	1561.22110
2025-09-08T08:05:57Z	935.00000	1587.61454	1583.79082	1573.75239	1572.63207	1561.22820
2025-09-08T08:05:57Z	935.00000	1587.61533	1572.63280	1561.23132
2025-09-08T08:05:58Z	935.00000	1587.61513	1572.63344	1561.28601
2025-09-08T08:05:58Z	935.00000	1587.61512	1573.75335	1572.63286	1561.28932
2025-09-08T08:05:58Z	935.00000	1558.20508
2025-09-08T08:05:58Z	935.00000	1557.21650
2025-09-08T08:05:58Z	935.00000	1556.93925
2025-09-08T08:05:58Z	935.00000	1556.67303
2025-09-08T08:05:58Z	935.00000	1556.40895
2025-09-08T08:05:58Z	936.00000	1556.17779
2025-09-08T08:05:58Z	936.00000	1555.67324
2025-09-08T08:05:59Z	936.00000	1586.84625	1555.42184
2025-09-08T08:05:59Z	936.00000	1587.61691	1585.10384	1584.99076	1583.79341	1582.30534	1579.19756	1577.96855	1555.17277
2025-09-08T08:05:59Z	936.00000	1589.40136	1587.61607	1576.02241	1574.47108	1555.01989
2025-09-08T08:05:59Z	936.00000	1586.84716	1554.80125
2025-09-08T08:05:59Z	936.00000	1586.84896	1554.74093
2025-09-08T08:05:59Z	936.00000	1586.84928	1554.74169
2025-09-08T08:05:59Z	936.00000	1554.74435
2025-09-08T08:05:59Z	937.00000	1554.74196
2025-09-08T08:05:59Z	937.00000	1554.74204
2025-09-08T08:05:59Z	937.00000	1554.74225
2025-09-08T08:06:00Z	937.00000	1554.74216
2025-09-08T08:06:00Z	937.00000	1554.74238
2025-09-08T08:06:00Z	937.00000	1554.74217
2025-09-08T08:06:00Z	937.00000	1554.74509
2025-09-08T08:06:00Z	937.00000	1554.74206
2025-09-08T08:06:00Z	937.00000	1554.74175
2025-09-08T08:06:00Z	937.00000	1554.74151
2025-09-08T08:06:00Z	938.00000	1554.74132
2025-09-08T08:06:00Z	938.00000	1554.74130
2025-09-08T08:06:00Z	938.00000	1554.74125
2025-09-08T08:06:01Z	938.00000	1554.74136
2025-09-08T08:06:01Z	938.00000	1554.74115
2025-09-08T08:06:01Z	938.00000	1554.74119
2025-09-08T08:06:01Z	938.00000	1554.74122
2025-09-08T08:06:01Z	938.00000	1554.74325
2025-09-08T08:06:01Z	938.00000	1554.74331
2025-09-08T08:06:01Z	939.00000	1554.74116
2025-09-08T08:06:01Z	939.00000	1554.74100
2025-09-08T08:06:01Z	939.00000	1554.74099
2025-09-08T08:06:02Z	939.00000	1554.74093
2025-09-08T08:06:02Z	939.00000	1554.74084
2025-09-08T08:06:02Z	939.00000	1554.74085
2025-09-08T08:06:02Z	939.00000	1554.74069
2025-09-08T08:06:02Z	939.00000	1554.74070
2025-09-08T08:06:02Z	939.00000	1554.74280
2025-09-08T08:06:02Z	940.00000	1554.74280
2025-09-08T08:06:02Z	940.00000	1554.74279
2025-09-08T08:06:03Z	940.00000	1554.74277
2025-09-08T08:06:03Z	940.00000	1554.74275
2025-09-08T08:06:03Z	940.00000	1554.74019
2025-09-08T08:06:03Z	940.00000	1586.85383	1582.16213	1577.70393	1574.47434	1555.03921
2025-09-08T08:06:03Z	940.00000	1587.82787	1585.29312	1584.06501	1582.18105	1580.68370	1578.93042	1577.55970	1576.96377	1575.74329	1575.74329	1574.34086	1574.34086	1573.72368	1572.49238	1572.49238	1571.86311	1571.25309	1568.76590	1568.76590	1555.31754
2025-09-08T08:06:03Z	940.00000	1587.80785	1585.23335	1583.79201	1582.30577	1578.92259	1577.96705	1576.98517	1574.34149	1555.72235
2025-09-08T08:06:03Z	941.00000	1587.17550	1584.99178	1584.18535	1582.30688	1580.56081	1555.87286
2025-09-08T08:06:03Z	941.00000	1586.84712	1556.08876
2025-09-08T08:06:04Z	941.00000	1587.17358	1584.99072	1583.79368	1582.30538	1580.55818	1578.92107	1577.96578	1556.53187
2025-09-08T08:06:04Z	941.00000	1587.61635	1572.63328	1571.53383	1556.89251
2025-09-08T08:06:04Z	941.00000	1587.61570	1583.79249	1572.63606	1557.39019
2025-09-08T08:06:04Z	941.00000	1587.61397	1583.79233	1557.69724
2025-09-08T08:06:04Z	941.00000	1589.40160	1587.61502	1571.23874	1557.92674
2025-09-08T08:06:04Z	941.00000	1587.61492	1583.79225	1576.02119	1574.34027	1573.75469	1558.17215
2025-09-08T08:06:04Z	942.00000	1589.40439	1587.88266	1572.63598	1558.63364
2025-09-08T08:06:05Z	942.00000	1590.66800	1589.40322	1571.23696	1559.13041
2025-09-08T08:06:05Z	942.00000	1589.40273	1587.54799	1576.02191	1574.47343	1574.34685	1559.33820
2025-09-08T08:06:05Z	942.00000	1590.67005	1589.40242	1587.75439	1572.63861	1559.54986
2025-09-08T08:06:05Z	942.00000	1590.67282	1589.40323	1559.83583
2025-09-08T08:06:05Z	942.00000	1593.70925	1592.12008	1567.43827	1567.43827	1560.08679
2025-09-08T08:06:05Z	942.00000	1593.70921	1592.05986	1560.25323
2025-09-08T08:06:05Z	942.00000	1593.70893	1560.42301	1557.62604
2025-09-08T08:06:05Z	943.00000	1594.81388	1593.70937	1563.59298	1560.67747	1557.93624
2025-09-08T08:06:05Z	943.00000	1594.81378	1560.79759	1560.80704	1558.08570
2025-09-08T08:06:06Z	943.00000	1594.81436	1560.95673	1560.89193	1558.24862
2025-09-08T08:06:06Z	943.00000	1594.81362	1593.71007	1561.03149	1558.36936
2025-09-08T08:06:06Z	943.00000	1594.81460	1561.11308	1561.06135	1558.46410
2025-09-08T08:06:06Z	943.00000	1594.81467	1593.71030	1563.75146	1561.15098	1558.51275
2025-09-08T08:06:06Z	943.00000	1594.81480	1593.71037	1561.16698	1558.58931
2025-09-08T08:06:06Z	943.00000	1594.81475	1563.75415	1561.17811	1558.61419
2025-09-08T08:06:06Z	944.00000	1594.81527	1561.18681	1558.63380
2025-09-08T08:06:06Z	944.00000	1594.81505	1561.19697	1558.71597
2025-09-08T08:06:07Z	944.00000	1594.81551	1561.20106	1558.72584
2025-09-08T08:06:07Z	944.00000	1590.67026	1589.40296	1587.75243	1557.68441
2025-09-08T08:06:07Z	944.00000	1587.32512	1584.98961	1583.79215	1582.30235	1579.19645	1576.02068	1576.02068	1574.33984	1557.20087
2025-09-08T08:06:07Z	944.00000	1587.17200	1584.99026	1583.79186	1582.30331	1579.19639	1577.96518	1577.96518	1576.01824	1574.34177	1556.87690
2025-09-08T08:06:07Z	944.00000	1556.49588
2025-09-08T08:06:07Z	944.00000	1556.17102
2025-09-08T08:06:07Z	945.00000	1555.76374
2025-09-08T08:06:07Z	945.00000	1555.48011
2025-09-08T08:06:08Z	945.00000	1589.40188	1587.75552	1573.75702	1555.08331
2025-09-08T08:06:08Z	945.00000	1587.61814	1584.98913	1584.18796	1582.17792	1578.91948	1577.97004	1554.88145
2025-09-08T08:06:08Z	945.00000	1586.85003	1554.74313
2025-09-08T08:06:08Z	945.00000	1554.74088
2025-09-08T08:06:08Z	945.00000	1554.74066
2025-09-08T08:06:08Z	946.00000	1554.74103
2025-09-08T08:06:08Z	946.00000	1554.74110
2025-09-08T08:06:08Z	946.00000	1554.74128
2025-09-08T08:06:09Z	946.00000	1554.74127
2025-09-08T08:06:09Z	946.00000	1554.74135
2025-09-08T08:06:09Z	946.00000	1554.74120
2025-09-08T08:06:09Z	946.00000	1554.74097
2025-09-08T08:06:09Z	946.00000	1554.74068
2025-09-08T08:06:09Z	947.00000	1554.74028
2025-09-08T08:06:09Z	947.00000	1554.74043
2025-09-08T08:06:09Z	947.00000	1554.74057
2025-09-08T08:06:10Z	947.00000	1554.74041
2025-09-08T08:06:10Z	947.00000	1554.74037
2025-09-08T08:06:10Z	947.00000	1554.74043
2025-09-08T08:06:10Z	947.00000	1554.74041
2025-09-08T08:06:10Z	947.00000	1554.74022
2025-09-08T08:06:10Z	947.00000	1554.74019
2025-09-08T08:06:10Z	948.00000	1554.74430
2025-09-08T08:06:10Z	948.00000	1554.74025
2025-09-08T08:06:10Z	948.00000	1554.74023
2025-09-08T08:06:11Z	948.00000	1554.73998
2025-09-08T08:06:11Z	948.00000	1554.74499
2025-09-08T08:06:11Z	948.00000	1554.74005
2025-09-08T08:06:11Z	948.00000	1554.74001
2025-09-08T08:06:11Z	948.00000	1554.73975
2025-09-08T08:06:11Z	949.00000	1554.73964
2025-09-08T08:06:11Z	949.00000	1554.73987
2025-09-08T08:06:11Z	949.00000	1554.73952
2025-09-08T08:06:12Z	949.00000	1554.74200
2025-09-08T08:06:12Z	949.00000	1554.74198
2025-09-08T08:06:12Z	949.00000	1554.90358
2025-09-08T08:06:12Z	949.00000	1555.20025
2025-09-08T08:06:12Z	949.00000	1555.43515
2025-09-08T08:06:12Z	949.00000	1555.63269
2025-09-08T08:06:12Z	950.00000	1555.85749
2025-09-08T08:06:12Z	950.00000	1556.19510
2025-09-08T08:06:12Z	950.00000	1556.46865
2025-09-08T08:06:13Z	950.00000	1556.79511
2025-09-08T08:06:13Z	950.00000	1557.30395
2025-09-08T08:06:13Z	950.00000	1557.80228
2025-09-08T08:06:13Z	950.00000	1558.06147
2025-09-08T08:06:13Z	951.00000	1558.54554
2025-09-08T08:06:13Z	951.00000	1586.84506	1558.73212
2025-09-08T08:06:13Z	951.00000	1586.84592	1559.01818
2025-09-08T08:06:14Z	951.00000	1559.33331
2025-09-08T08:06:14Z	951.00000	1587.17409	1584.99181	1583.79414	1582.30481	1580.56094	1559.57416
2025-09-08T08:06:14Z	951.00000	1587.17265	1584.99085	1583.79425	1582.30346	1580.61760	1580.56088	1579.19994	1577.96998	1559.93969
2025-09-08T08:06:14Z	951.00000	1587.61632	1583.79416	1579.05598	1576.02264	1574.34225	1560.30090
2025-09-08T08:06:14Z	952.00000	1589.40448	1587.61475	1572.62865	1571.53677	1560.58152
2025-09-08T08:06:14Z	952.00000	1589.40408	1587.75352	1569.17219	1560.72069
2025-09-08T08:06:14Z	952.00000	1589.40321	1587.61627	1569.16972	1560.85933
2025-09-08T08:06:15Z	952.00000	1589.40253	1587.75562	1569.16531	1568.75222	1560.97713
2025-09-08T08:06:15Z	952.00000	1589.40310	1587.75483	1569.16644	1561.02774
2025-09-08T08:06:15Z	952.00000	1589.40267	1587.75471	1569.16489	1561.12935
2025-09-08T08:06:15Z	952.00000	1589.40259	1587.75455	1561.15258
2025-09-08T08:06:15Z	952.00000	1589.40296	1587.75338	1569.02895	1561.16385
2025-09-08T08:06:15Z	952.00000	1589.40277	1587.75411	1569.16673	1561.17176
2025-09-08T08:06:15Z	953.00000	1590.66949	1589.40258	1587.75386	1569.16558	1561.17655
2025-09-08T08:06:15Z	953.00000	1590.66952	1590.66952	1589.40255	1587.75367	1569.16714	1561.18548
2025-09-08T08:06:16Z	953.00000	1590.66921	1589.40229	1569.02816	1561.18946
2025-09-08T08:06:16Z	953.00000	1557.99478
2025-09-08T08:06:16Z	953.00000	1557.01452
2025-09-08T08:06:16Z	953.00000	1556.67591
2025-09-08T08:06:16Z	953.00000	1556.14002
2025-09-08T08:06:16Z	954.00000	1555.90149
2025-09-08T08:06:16Z	954.00000	1555.67545
2025-09-08T08:06:16Z	954.00000	1555.42619
2025-09-08T08:06:17Z	954.00000	1555.20343
2025-09-08T08:06:17Z	954.00000	1554.97771
2025-09-08T08:06:17Z	954.00000	1554.79923
2025-09-08T08:06:17Z	954.00000	1554.74122
2025-09-08T08:06:17Z	954.00000	1554.74300
2025-09-08T08:06:17Z	954.00000	1554.73937
2025-09-08T08:06:17Z	954.00000	1554.73997
2025-09-08T08:06:17Z	955.00000	1554.74028
2025-09-08T08:06:17Z	955.00000	1554.74074
2025-09-08T08:06:18Z	955.00000	1554.74074
2025-09-08T08:06:18Z	955.00000	1554.74075
2025-09-08T08:06:18Z	955.00000	1554.74057
2025-09-08T08:06:18Z	955.00000	1554.74039
2025-09-08T08:06:18Z	955.00000	1554.74038
2025-09-08T08:06:18Z	955.00000	1554.74016
2025-09-08T08:06:18Z	955.00000	1554.73968
2025-09-08T08:06:18Z	956.00000	1554.73968
2025-09-08T08:06:18Z	956.00000	1554.73989
2025-09-08T08:06:19Z	956.00000	1554.73954
2025-09-08T08:06:19Z	956.00000	1554.73981
2025-09-08T08:06:19Z	956.00000	1554.73972
2025-09-08T08:06:19Z	956.00000	1554.73972
2025-09-08T08:06:19Z	956.00000	1554.73974
2025-09-08T08:06:19Z	956.00000	1554.73968
2025-09-08T08:06:19Z	957.00000	1554.73964
2025-09-08T08:06:19Z	957.00000	1554.73969
2025-09-08T08:06:20Z	957.00000	1554.73969
2025-09-08T08:06:20Z	957.00000	1554.73963
2025-09-08T08:06:20Z	957.00000	1554.73934
2025-09-08T08:06:20Z	957.00000	1554.73960
2025-09-08T08:06:20Z	957.00000	1554.73936
2025-09-08T08:06:20Z	957.00000	1554.73938
2025-09-08T08:06:20Z	958.00000	1554.74437
2025-09-08T08:06:20Z	958.00000	1554.73921
2025-09-08T08:06:21Z	958.00000	1554.73912
2025-09-08T08:06:21Z	958.00000	1554.73887
2025-09-08T08:06:21Z	958.00000	1554.73905
2025-09-08T08:06:21Z	958.00000	1554.84809
2025-09-08T08:06:21Z	958.00000	1555.18823
2025-09-08T08:06:21Z	958.00000	1586.83517	1555.48962
2025-09-08T08:06:21Z	959.00000	1555.80177
2025-09-08T08:06:21Z	959.00000	1556.12680
2025-09-08T08:06:22Z	959.00000	1556.46311
2025-09-08T08:06:22Z	959.00000	1556.82416
2025-09-08T08:06:22Z	959.00000	1557.17935
2025-09-08T08:06:22Z	959.00000	1557.52511
2025-09-08T08:06:22Z	959.00000	1557.82057
2025-09-08T08:06:22Z	959.00000	1558.13569
2025-09-08T08:06:22Z	960.00000	1558.38279
2025-09-08T08:06:22Z	960.00000	1558.68856
2025-09-08T08:06:23Z	960.00000	1586.84572	1559.01001
2025-09-08T08:06:23Z	960.00000	1586.84774	1559.31613
2025-09-08T08:06:23Z	960.00000	1587.32537	1584.99183	1583.79381	1582.30470	1580.61853	1580.56159	1577.97020	1559.61320
2025-09-08T08:06:23Z	960.00000	1587.32656	1584.99209	1583.79424	1582.30407	1580.61714	1580.56019	1579.20004	1577.97000	1559.88755
2025-09-08T08:06:23Z	960.00000	1587.61625	1584.99131	1583.79361	1582.30446	1580.56027	1578.92108	1577.96971	1560.16229
2025-09-08T08:06:23Z	961.00000	1589.40451	1587.61556	1576.02252	1574.47142	1574.34289	1573.75377	1560.37317
2025-09-08T08:06:23Z	961.00000	1589.40446	1587.61556	1572.62895	1560.54464
2025-09-08T08:06:23Z	961.00000	1589.40410	1587.61561	1560.69139
2025-09-08T08:06:24Z	961.00000	1589.40345	1587.75443	1569.17023	1560.84322
2025-09-08T08:06:24Z	961.00000	1590.67095	1589.40313	1587.75510	1569.16633	1560.96691
2025-09-08T08:06:24Z	961.00000	1590.67065	1589.40300	1587.54799	1569.16613	1561.02410
2025-09-08T08:06:24Z	961.00000	1590.67016	1589.40288	1587.75510	1569.16590	1561.11757
2025-09-08T08:06:24Z	961.00000	1589.40298	1587.75412	1569.16648	1561.14567
2025-09-08T08:06:24Z	961.00000	1589.40310	1587.75476	1569.16634	1561.16072
2025-09-08T08:06:24Z	962.00000	1590.66968	1589.40329	1587.75399	1569.16585	1561.17173
2025-09-08T08:06:24Z	962.00000	1590.66964	1589.51170	1589.40295	1587.54799	1569.16645	1561.18059
2025-09-08T08:06:25Z	962.00000	1590.66997	1589.40345	1569.16648	1561.18669
2025-09-08T08:06:25Z	962.00000	1590.67002	1589.40305	1561.19042
2025-09-08T08:06:25Z	962.00000	1590.66957	1589.40517	1571.23750	1558.87950
2025-09-08T08:06:25Z	962.00000	1557.34835
2025-09-08T08:06:25Z	962.00000	1556.97750
2025-09-08T08:06:25Z	962.00000	1556.47328
2025-09-08T08:06:25Z	963.00000	1556.14380
2025-09-08T08:06:25Z	963.00000	1555.81207
2025-09-08T08:06:26Z	963.00000	1555.52219
2025-09-08T08:06:26Z	963.00000	1555.28556
2025-09-08T08:06:26Z	963.00000	1554.98757
2025-09-08T08:06:26Z	963.00000	1554.73605
2025-09-08T08:06:26Z	963.00000	1554.73940
2025-09-08T08:06:26Z	963.00000	1554.73841
2025-09-08T08:06:26Z	964.00000	1554.73878
2025-09-08T08:06:26Z	964.00000	1554.73914
2025-09-08T08:06:26Z	964.00000	1554.73901
2025-09-08T08:06:27Z	964.00000	1554.73928
2025-09-08T08:06:27Z	964.00000	1554.73939
2025-09-08T08:06:27Z	964.00000	1554.73924
2025-09-08T08:06:27Z	964.00000	1554.73930
2025-09-08T08:06:27Z	964.00000	1554.73916
2025-09-08T08:06:27Z	964.00000	1554.73895
2025-09-08T08:06:27Z	964.00000	1554.73869
2025-09-08T08:06:27Z	965.00000	1554.73886
2025-09-08T08:06:27Z	965.00000	1554.73843
2025-09-08T08:06:27Z	965.00000	1554.73860
2025-09-08T08:06:28Z	965.00000	1554.73853
2025-09-08T08:06:28Z	965.00000	1554.73857
2025-09-08T08:06:28Z	965.00000	1554.73833
2025-09-08T08:06:28Z	965.00000	1554.73849
2025-09-08T08:06:28Z	965.00000	1554.74189
2025-09-08T08:06:28Z	965.00000	1554.73848
2025-09-08T08:06:28Z	965.00000	1554.73834
2025-09-08T08:06:28Z	966.00000	1554.73821
2025-09-08T08:06:28Z	966.00000	1554.73842
2025-09-08T08:06:28Z	966.00000	1554.73830
2025-09-08T08:06:29Z	966.00000	1554.73811
2025-09-08T08:06:29Z	966.00000	1554.73806
2025-09-08T08:06:29Z	966.00000	1554.73806
2025-09-08T08:06:29Z	966.00000	1554.73794
2025-09-08T08:06:29Z	966.00000	1554.73810
2025-09-08T08:06:29Z	966.00000	1554.73802
2025-09-08T08:06:29Z	966.00000	1554.73796
2025-09-08T08:06:29Z	967.00000	1554.73796
2025-09-08T08:06:29Z	967.00000	1554.73794
2025-09-08T08:06:29Z	967.00000	1554.73805
2025-09-08T08:06:30Z	967.00000	1554.73778
2025-09-08T08:06:30Z	967.00000	1554.73777
2025-09-08T08:06:30Z	967.00000	1554.73769
2025-09-08T08:06:30Z	967.00000	1554.73768
2025-09-08T08:06:30Z	967.00000	1555.07964
2025-09-08T08:06:30Z	967.00000	1555.34357
2025-09-08T08:06:30Z	967.00000	1555.52976
2025-09-08T08:06:30Z	968.00000	1555.80347
2025-09-08T08:06:30Z	968.00000	1556.03706
2025-09-08T08:06:30Z	968.00000	1556.29268
2025-09-08T08:06:31Z	968.00000	1556.53545
2025-09-08T08:06:31Z	968.00000	1556.85973
2025-09-08T08:06:31Z	968.00000	1557.14658
2025-09-08T08:06:31Z	968.00000	1557.39011
2025-09-08T08:06:31Z	968.00000	1557.69967
2025-09-08T08:06:31Z	968.00000	1557.92756
2025-09-08T08:06:31Z	968.00000	1558.17285
2025-09-08T08:06:31Z	969.00000	1558.39392
2025-09-08T08:06:31Z	969.00000	1558.64200
2025-09-08T08:06:31Z	969.00000	1586.84638	1558.89979
2025-09-08T08:06:32Z	969.00000	1586.84856	1559.15655
2025-09-08T08:06:32Z	969.00000	1586.84786	1559.36678
2025-09-08T08:06:32Z	969.00000	1587.32625	1584.99258	1583.79409	1582.30514	1580.61917	1580.56259	1577.97050	1559.57840
2025-09-08T08:06:32Z	969.00000	1587.17298	1582.30416	1559.83463
2025-09-08T08:06:32Z	969.00000	1587.32604	1584.99197	1583.79437	1582.30453	1580.61733	1580.55988	1579.19878	1577.96974	1560.02532
2025-09-08T08:06:32Z	969.00000	1587.61679	1583.79416	1582.30556	1578.91983	1577.96869	1574.34189	1560.23605
2025-09-08T08:06:32Z	969.00000	1587.61565	1583.79536	1576.02128	1574.34108	1573.75299	1560.38810
2025-09-08T08:06:32Z	970.00000	1587.61531	1576.02057	1574.34039	1572.62912	1560.53338
2025-09-08T08:06:32Z	970.00000	1589.40392	1587.61544	1572.63120	1571.53826	1560.68422
2025-09-08T08:06:32Z	970.00000	1589.40419	1587.61612	1569.17013	1560.82140
2025-09-08T08:06:33Z	970.00000	1590.67142	1589.40336	1587.75507	1569.16696	1569.16696	1560.87630
2025-09-08T08:06:33Z	970.00000	1589.40276	1587.75492	1569.16464	1568.74968	1560.99722
2025-09-08T08:06:33Z	970.00000	1590.67119	1590.67119	1589.40337	1587.75477	1569.16339	1561.03491
2025-09-08T08:06:33Z	970.00000	1589.40348	1587.75498	1569.16400	1561.13151
2025-09-08T08:06:33Z	970.00000	1589.40360	1587.75447	1569.16482	1561.15285
2025-09-08T08:06:33Z	970.00000	1589.40339	1587.75466	1569.16709	1561.16713
2025-09-08T08:06:33Z	970.00000	1590.66997	1589.40357	1587.75404	1569.16489	1561.17763
2025-09-08T08:06:33Z	971.00000	1590.67095	1589.40356	1561.18674
2025-09-08T08:06:33Z	971.00000	1590.67046	1589.40345	1561.19257
2025-09-08T08:06:33Z	971.00000	1590.67051	1589.40354	1561.19729
2025-09-08T08:06:34Z	971.00000	1590.67018	1589.40314	1561.20287
2025-09-08T08:06:34Z	971.00000	1592.05982	1590.66974	1589.40321	1561.25986
2025-09-08T08:06:34Z	971.00000	1557.70532
2025-09-08T08:06:34Z	971.00000	1557.28189
2025-09-08T08:06:34Z	971.00000	1556.93320
2025-09-08T08:06:34Z	971.00000	1556.61028
2025-09-08T08:06:34Z	971.00000	1556.27359
2025-09-08T08:06:34Z	972.00000	1556.01100
2025-09-08T08:06:34Z	972.00000	1555.72860
2025-09-08T08:06:34Z	972.00000	1555.49390
2025-09-08T08:06:35Z	972.00000	1555.31626
2025-09-08T08:06:35Z	972.00000	1555.10229
2025-09-08T08:06:35Z	972.00000	1554.88649
2025-09-08T08:06:35Z	972.00000	1554.73792
2025-09-08T08:06:35Z	972.00000	1554.73886
2025-09-08T08:06:35Z	972.00000	1554.73845
2025-09-08T08:06:35Z	972.00000	1554.73815
2025-09-08T08:06:35Z	973.00000	1554.73871
2025-09-08T08:06:35Z	973.00000	1554.73880
2025-09-08T08:06:35Z	973.00000	1554.73878
2025-09-08T08:06:36Z	973.00000	1554.73885
2025-09-08T08:06:36Z	973.00000	1554.73893
2025-09-08T08:06:36Z	973.00000	1554.73894
2025-09-08T08:06:36Z	973.00000	1554.73873
2025-09-08T08:06:36Z	973.00000	1554.73884
2025-09-08T08:06:36Z	973.00000	1554.73857
2025-09-08T08:06:36Z	973.00000	1554.73819
2025-09-08T08:06:36Z	974.00000	1554.73809
2025-09-08T08:06:36Z	974.00000	1554.73810
2025-09-08T08:06:36Z	974.00000	1554.74272
2025-09-08T08:06:37Z	974.00000	1554.73818
2025-09-08T08:06:37Z	974.00000	1554.73805
2025-09-08T08:06:37Z	974.00000	1554.73799
2025-09-08T08:06:37Z	974.00000	1554.73820
2025-09-08T08:06:37Z	974.00000	1554.73798
2025-09-08T08:06:37Z	974.00000	1554.73801
2025-09-08T08:06:37Z	974.00000	1554.73801
2025-09-08T08:06:37Z	975.00000	1554.73802
2025-09-08T08:06:37Z	975.00000	1554.73792
2025-09-08T08:06:37Z	975.00000	1554.73794
2025-09-08T08:06:38Z	975.00000	1554.73787
2025-09-08T08:06:38Z	975.00000	1554.73766
2025-09-08T08:06:38Z	975.00000	1554.73791
2025-09-08T08:06:38Z	975.00000	1554.73762
2025-09-08T08:06:38Z	975.00000	1554.73766
2025-09-08T08:06:38Z	975.00000	1554.73788
2025-09-08T08:06:38Z	975.00000	1554.73769
2025-09-08T08:06:38Z	976.00000	1554.73766
2025-09-08T08:06:38Z	976.00000	1554.73762
2025-09-08T08:06:38Z	976.00000	1554.73766
2025-09-08T08:06:39Z	976.00000	1554.73762
2025-09-08T08:06:39Z	976.00000	1554.73732
2025-09-08T08:06:39Z	976.00000	1554.73745
2025-09-08T08:06:39Z	976.00000	1554.98020
2025-09-08T08:06:39Z	976.00000	1555.19509
2025-09-08T08:06:39Z	976.00000	1586.83579	1582.30774	1555.43273
2025-09-08T08:06:39Z	976.00000	1555.63455
2025-09-08T08:06:39Z	977.00000	1555.92868
2025-09-08T08:06:39Z	977.00000	1556.18779
2025-09-08T08:06:39Z	977.00000	1556.45477
2025-09-08T08:06:40Z	977.00000	1556.70584
2025-09-08T08:06:40Z	977.00000	1556.99017
2025-09-08T08:06:40Z	977.00000	1557.24190
2025-09-08T08:06:40Z	977.00000	1557.52031
2025-09-08T08:06:40Z	977.00000	1557.81291
2025-09-08T08:06:40Z	977.00000	1558.03514
2025-09-08T08:06:40Z	977.00000	1586.84645	1558.25174
2025-09-08T08:06:40Z	978.00000	1558.54172
2025-09-08T08:06:40Z	978.00000	1586.84545	1558.79552
2025-09-08T08:06:40Z	978.00000	1586.84688	1559.01356
2025-09-08T08:06:41Z	978.00000	1586.95921	1559.22869
2025-09-08T08:06:41Z	978.00000	1586.84777	1559.51143
2025-09-08T08:06:41Z	978.00000	1587.32537	1584.99202	1583.79475	1582.30398	1580.61833	1580.56220	1579.20172	1577.96970	1559.77743
2025-09-08T08:06:41Z	978.00000	1587.17205	1584.99237	1583.79451	1583.51321	1582.30437	1580.61784	1580.56060	1577.96911	1559.96816
2025-09-08T08:06:41Z	978.00000	1587.61678	1583.79471	1582.30551	1578.92112	1577.96882	1577.96882	1574.34152	1560.16816
2025-09-08T08:06:41Z	978.00000	1589.40470	1587.61612	1574.47159	1574.34320	1573.75351	1560.36799
2025-09-08T08:06:41Z	978.00000	1587.61515	1583.79436	1576.02093	1574.34089	1573.75284	1560.49700
2025-09-08T08:06:41Z	979.00000	1589.40464	1587.75426	1560.63831
2025-09-08T08:06:41Z	979.00000	1589.40396	1587.75408	1569.17173	1560.70838	1558.08575
2025-09-08T08:06:41Z	979.00000	1589.40450	1587.75450	1569.16953	1568.75626	1560.85434
2025-09-08T08:06:42Z	979.00000	1589.40389	1587.75536	1569.16631	1560.97253
2025-09-08T08:06:42Z	979.00000	1590.67086	1590.67086	1589.40350	1587.75526	1569.16469	1561.01653
2025-09-08T08:06:42Z	979.00000	1590.67126	1590.67126	1589.40296	1587.75491	1569.16468	1561.11853
2025-09-08T08:06:42Z	979.00000	1589.40349	1587.75453	1569.16436	1561.14551
2025-09-08T08:06:42Z	979.00000	1590.67015	1590.67015	1589.40314	1587.75393	1569.16637	1561.16576
2025-09-08T08:06:42Z	979.00000	1590.66990	1589.40400	1561.17821
2025-09-08T08:06:42Z	979.00000	1590.67096	1589.40333	1561.18918
2025-09-08T08:06:42Z	980.00000	1590.67077	1589.40274	1561.19955
2025-09-08T08:06:42Z	980.00000	1592.06034	1590.67022	1561.20429
2025-09-08T08:06:42Z	980.00000	1592.06061	1590.67000	1567.94361	1561.26017
2025-09-08T08:06:43Z	980.00000	1592.06049	1590.67118	1589.40387	1561.26341
2025-09-08T08:06:43Z	980.00000	1558.13148
2025-09-08T08:06:43Z	980.00000	1557.49982
2025-09-08T08:06:43Z	980.00000	1557.13943
2025-09-08T08:06:43Z	980.00000	1556.71469
2025-09-08T08:06:43Z	980.00000	1556.45039
2025-09-08T08:06:43Z	980.00000	1556.16612
2025-09-08T08:06:43Z	981.00000	1555.85968
2025-09-08T08:06:43Z	981.00000	1555.66404
2025-09-08T08:06:43Z	981.00000	1555.42251
2025-09-08T08:06:44Z	981.00000	1555.20485
2025-09-08T08:06:44Z	981.00000	1555.02017
2025-09-08T08:06:44Z	981.00000	1554.79523
2025-09-08T08:06:44Z	981.00000	1554.73778
2025-09-08T08:06:44Z	981.00000	1554.73663
2025-09-08T08:06:44Z	981.00000	1554.73770
2025-09-08T08:06:44Z	981.00000	1554.73779
2025-09-08T08:06:44Z	982.00000	1554.73818
2025-09-08T08:06:44Z	982.00000	1554.73816
2025-09-08T08:06:44Z	982.00000	1554.73823
2025-09-08T08:06:45Z	982.00000	1554.73831
2025-09-08T08:06:45Z	982.00000	1554.73821
2025-09-08T08:06:45Z	982.00000	1554.73823
2025-09-08T08:06:45Z	982.00000	1554.73835
2025-09-08T08:06:45Z	982.00000	1554.73829
2025-09-08T08:06:45Z	982.00000	1554.73801
2025-09-08T08:06:45Z	982.00000	1554.73779
2025-09-08T08:06:45Z	983.00000	1554.73775
2025-09-08T08:06:45Z	983.00000	1554.73771
2025-09-08T08:06:46Z	983.00000	1554.73776
2025-09-08T08:06:46Z	983.00000	1554.73775
2025-09-08T08:06:46Z	983.00000	1554.73781
2025-09-08T08:06:46Z	983.00000	1554.73773
2025-09-08T08:06:46Z	983.00000	1554.73754
2025-09-08T08:06:46Z	983.00000	1554.73761
2025-09-08T08:06:46Z	984.00000	1554.73765
2025-09-08T08:06:46Z	984.00000	1554.73764
2025-09-08T08:06:46Z	984.00000	1554.73752
2025-09-08T08:06:47Z	984.00000	1554.73767
2025-09-08T08:06:47Z	984.00000	1554.73747
2025-09-08T08:06:47Z	984.00000	1554.73741
2025-09-08T08:06:47Z	984.00000	1554.73737
2025-09-08T08:06:47Z	984.00000	1554.73743
2025-09-08T08:06:47Z	985.00000	1554.73731
2025-09-08T08:06:47Z	985.00000	1554.73717
2025-09-08T08:06:47Z	985.00000	1554.73719
2025-09-08T08:06:48Z	985.00000	1554.73714
2025-09-08T08:06:48Z	985.00000	1554.73705
2025-09-08T08:06:48Z	985.00000	1554.73709
2025-09-08T08:06:48Z	985.00000	1554.73693
2025-09-08T08:06:48Z	985.00000	1554.73694
2025-09-08T08:06:48Z	986.00000	1554.73674
2025-09-08T08:06:48Z	986.00000	1554.73678
2025-09-08T08:06:49Z	986.00000	1554.73655
2025-09-08T08:06:49Z	986.00000	1554.73659
2025-09-08T08:06:49Z	986.00000	1554.73655
2025-09-08T08:06:49Z	986.00000	1554.73630
2025-09-08T08:06:49Z	986.00000	1554.73630
2025-09-08T08:06:49Z	987.00000	1554.73622
2025-09-08T08:06:49Z	987.00000	1554.73622
2025-09-08T08:06:49Z	987.00000	1554.73619
2025-09-08T08:06:50Z	987.00000	1554.73617
2025-09-08T08:06:50Z	987.00000	1554.73606
2025-09-08T08:06:50Z	987.00000	1554.73615
2025-09-08T08:06:50Z	987.00000	1554.73611
2025-09-08T08:06:50Z	987.00000	1554.73601
2025-09-08T08:06:50Z	987.00000	1554.73615
2025-09-08T08:06:50Z	988.00000	1554.73610
2025-09-08T08:06:50Z	988.00000	1554.73590
2025-09-08T08:06:50Z	988.00000	1554.73589
2025-09-08T08:06:51Z	988.00000	1554.73595
2025-09-08T08:06:51Z	988.00000	1554.73579
2025-09-08T08:06:51Z	988.00000	1554.74124
2025-09-08T08:06:51Z	988.00000	1554.73602
2025-09-08T08:06:51Z	988.00000	1554.73586
2025-09-08T08:06:51Z	988.00000	1554.73585
2025-09-08T08:06:51Z	989.00000	1554.73581
2025-09-08T08:06:52Z	989.00000	1554.73574
2025-09-08T08:06:52Z	989.00000	1554.73555
2025-09-08T08:06:52Z	989.00000	1554.73563
2025-09-08T08:06:52Z	989.00000	1554.73564
2025-09-08T08:06:52Z	989.00000	1554.73558
2025-09-08T08:06:52Z	989.00000	1554.73545
2025-09-08T08:06:52Z	989.00000	1554.73549
2025-09-08T08:06:52Z	990.00000	1554.73558
2025-09-08T08:06:52Z	990.00000	1554.73550
2025-09-08T08:06:53Z	990.00000	1554.73540
2025-09-08T08:06:53Z	990.00000	1554.73536
2025-09-08T08:06:53Z	990.00000	1554.73528
2025-09-08T08:06:53Z	990.00000	1554.73532
2025-09-08T08:06:53Z	990.00000	1554.73550
2025-09-08T08:06:53Z	990.00000	1554.73528
2025-09-08T08:06:53Z	991.00000	1554.73536
2025-09-08T08:06:53Z	991.00000	1554.73533
2025-09-08T08:06:54Z	991.00000	1554.73523
2025-09-08T08:06:54Z	991.00000	1554.73521
2025-09-08T08:06:54Z	991.00000	1554.73524
2025-09-08T08:06:54Z	991.00000	1554.73502
2025-09-08T08:06:54Z	991.00000	1554.73515
2025-09-08T08:06:54Z	991.00000	1554.73520
2025-09-08T08:06:54Z	991.00000	1554.73509
2025-09-08T08:06:54Z	992.00000	1554.73510
2025-09-08T08:06:54Z	992.00000	1554.73507
2025-09-08T08:06:55Z	992.00000	1554.73506
2025-09-08T08:06:55Z	992.00000	1554.73505
2025-09-08T08:06:55Z	992.00000	1554.73516
2025-09-08T08:06:55Z	992.00000	1554.74100
2025-09-08T08:06:55Z	992.00000	1554.73504
2025-09-08T08:06:55Z	992.00000	1554.73497
2025-09-08T08:06:55Z	992.00000	1554.73500
2025-09-08T08:06:55Z	993.00000	1554.73508
2025-09-08T08:06:55Z	993.00000	1554.73498
2025-09-08T08:06:55Z	993.00000	1554.73488
2025-09-08T08:06:56Z	993.00000	1554.73494
2025-09-08T08:06:56Z	993.00000	1554.73502
2025-09-08T08:06:56Z	993.00000	1554.73476
2025-09-08T08:06:56Z	993.00000	1554.73480
2025-09-08T08:06:56Z	993.00000	1554.73480
2025-09-08T08:06:56Z	993.00000	1554.73497
2025-09-08T08:06:56Z	994.00000	1554.73493
2025-09-08T08:06:56Z	994.00000	1554.73486
2025-09-08T08:06:56Z	994.00000	1554.73491
2025-09-08T08:06:57Z	994.00000	1554.73482
2025-09-08T08:06:57Z	994.00000	1554.73482
2025-09-08T08:06:57Z	994.00000	1554.73475
2025-09-08T08:06:57Z	994.00000	1554.73461
2025-09-08T08:06:57Z	994.00000	1554.73474
2025-09-08T08:06:57Z	994.00000	1554.73485
2025-09-08T08:06:57Z	995.00000	1554.73467
2025-09-08T08:06:57Z	995.00000	1554.73466
2025-09-08T08:06:57Z	995.00000	1554.73456
2025-09-08T08:06:58Z	995.00000	1554.73468
2025-09-08T08:06:58Z	995.00000	1554.73470
2025-09-08T08:06:58Z	995.00000	1554.73445
2025-09-08T08:06:58Z	995.00000	1554.73433
2025-09-08T08:06:58Z	995.00000	1554.73477
2025-09-08T08:06:58Z	995.00000	1554.73433
2025-09-08T08:06:58Z	995.00000	1554.73440
2025-09-08T08:06:58Z	996.00000	1554.73450
2025-09-08T08:06:58Z	996.00000	1554.73452
2025-09-08T08:06:58Z	996.00000	1554.73455
2025-09-08T08:06:59Z	996.00000	1554.73441
2025-09-08T08:06:59Z	996.00000	1554.73440
2025-09-08T08:06:59Z	996.00000	1554.73448
2025-09-08T08:06:59Z	996.00000	1554.73454
2025-09-08T08:06:59Z	996.00000	1554.92888
2025-09-08T08:06:59Z	996.00000	1555.22909
2025-09-08T08:06:59Z	996.00000	1586.83295	1555.48905
2025-09-08T08:06:59Z	997.00000	1555.71004
2025-09-08T08:06:59Z	997.00000	1555.95758
2025-09-08T08:06:59Z	997.00000	1556.19918
2025-09-08T08:07:00Z	997.00000	1556.47754
2025-09-08T08:07:00Z	997.00000	1556.81849
2025-09-08T08:07:00Z	997.00000	1557.07267
2025-09-08T08:07:00Z	997.00000	1557.35783
2025-09-08T08:07:00Z	997.00000	1557.66903
2025-09-08T08:07:00Z	997.00000	1557.90196
2025-09-08T08:07:00Z	997.00000	1558.15668
2025-09-08T08:07:00Z	998.00000	1558.38066
2025-09-08T08:07:00Z	998.00000	1558.67334
2025-09-08T08:07:00Z	998.00000	1586.84655	1558.90301
2025-09-08T08:07:01Z	998.00000	1586.84865	1559.16096
2025-09-08T08:07:01Z	998.00000	1587.17198	1584.99368	1583.79483	1582.30736	1580.62074	1580.56332	1559.45335
2025-09-08T08:07:01Z	998.00000	1586.95466	1586.84868	1559.67021
2025-09-08T08:07:01Z	998.00000	1587.61591	1584.99276	1583.79505	1582.30540	1580.56176	1579.20096	1577.96912	1559.87972
2025-09-08T08:07:01Z	998.00000	1587.61660	1585.10611	1584.99286	1583.79433	1582.30520	1579.20078	1577.96927	1577.26938	1560.13635
2025-09-08T08:07:01Z	998.00000	1587.61675	1583.79574	1579.19892	1576.02354	1574.34283	1573.75152	1560.36934
2025-09-08T08:07:01Z	998.00000	1587.61505	1583.79490	1576.02081	1574.34140	1573.75368	1560.51278
2025-09-08T08:07:01Z	999.00000	1589.40499	1587.61578	1572.63120	1571.53627	1560.67259
2025-09-08T08:07:01Z	999.00000	1589.40500	1587.61577	1560.82703
2025-09-08T08:07:01Z	999.00000	1589.40426	1587.75497	1569.16556	1560.98304
2025-09-08T08:07:02Z	999.00000	1589.40361	1587.75509	1569.16429	1561.12131
2025-09-08T08:07:02Z	999.00000	1590.67068	1590.67068	1589.40382	1587.75435	1569.16566	1561.17034
2025-09-08T08:07:02Z	999.00000	1590.67101	1589.40398	1569.16630	1561.27899
2025-09-08T08:07:02Z	999.00000	1590.67063	1589.40451	1569.16456	1561.32924
2025-09-08T08:07:02Z	999.00000	1590.67040	1589.40406	1561.34826
2025-09-08T08:07:02Z	999.00000	1590.67107	1589.40438	1561.36355
2025-09-08T08:07:02Z	1000.00000	1592.05988	1590.67088	1561.37539
2025-09-08T08:07:02Z	1000.00000	1592.06014	1590.67097	1561.38608
2025-09-08T08:07:02Z	1000.00000	1592.05956	1590.67097	1561.39137
2025-09-08T08:07:03Z	1000.00000	1592.06032	1590.67065	1561.39568
2025-09-08T08:07:03Z	1000.00000	1592.06036	1590.67072	1561.40075
2025-09-08T08:07:03Z	1000.00000	1586.84708	1557.88375
2025-09-08T08:07:03Z	1000.00000	1557.40895
2025-09-08T08:07:03Z	1000.00000	1556.82456
2025-09-08T08:07:03Z	1000.00000	1556.50075
2025-09-08T08:07:03Z	1001.00000	1556.23617
2025-09-08T08:07:03Z	1001.00000	1555.96055
2025-09-08T08:07:03Z	1001.00000	1555.65443
2025-09-08T08:07:04Z	1001.00000	1555.44456
2025-09-08T08:07:04Z	1001.00000	1555.22395
2025-09-08T08:07:04Z	1001.00000	1554.98838
2025-09-08T08:07:04Z	1001.00000	1554.79292
2025-09-08T08:07:04Z	1001.00000	1554.73548
2025-09-08T08:07:04Z	1001.00000	1554.73391
2025-09-08T08:07:04Z	1001.00000	1554.73533
2025-09-08T08:07:04Z	1002.00000	1554.73590
2025-09-08T08:07:04Z	1002.00000	1554.73626
2025-09-08T08:07:04Z	1002.00000	1554.73639
2025-09-08T08:07:05Z	1002.00000	1554.73612
2025-09-08T08:07:05Z	1002.00000	1554.73647
2025-09-08T08:07:05Z	1002.00000	1554.73636
2025-09-08T08:07:05Z	1002.00000	1554.73617
2025-09-08T08:07:05Z	1002.00000	1554.73617
2025-09-08T08:07:05Z	1002.00000	1554.73594
2025-09-08T08:07:05Z	1003.00000	1554.73556
2025-09-08T08:07:05Z	1003.00000	1554.73560
2025-09-08T08:07:05Z	1003.00000	1554.73581
2025-09-08T08:07:06Z	1003.00000	1554.73584
2025-09-08T08:07:06Z	1003.00000	1554.73568
2025-09-08T08:07:06Z	1003.00000	1554.73588
2025-09-08T08:07:06Z	1003.00000	1554.73585
2025-09-08T08:07:06Z	1003.00000	1554.73585
2025-09-08T08:07:06Z	1003.00000	1554.73562
2025-09-08T08:07:06Z	1003.00000	1554.73582
2025-09-08T08:07:06Z	1004.00000	1554.73569
2025-09-08T08:07:06Z	1004.00000	1554.73557
2025-09-08T08:07:06Z	1004.00000	1554.74135
2025-09-08T08:07:07Z	1004.00000	1554.73579
2025-09-08T08:07:07Z	1004.00000	1554.73548
2025-09-08T08:07:07Z	1004.00000	1554.73544
2025-09-08T08:07:07Z	1004.00000	1554.74182
2025-09-08T08:07:07Z	1004.00000	1554.73551
2025-09-08T08:07:07Z	1004.00000	1554.73548
2025-09-08T08:07:07Z	1004.00000	1554.73997
2025-09-08T08:07:07Z	1005.00000	1554.73543
2025-09-08T08:07:07Z	1005.00000	1554.73552
2025-09-08T08:07:07Z	1005.00000	1554.73542
2025-09-08T08:07:08Z	1005.00000	1554.73529
2025-09-08T08:07:08Z	1005.00000	1554.73527
2025-09-08T08:07:08Z	1005.00000	1554.73517
2025-09-08T08:07:08Z	1005.00000	1554.83972
2025-09-08T08:07:08Z	1005.00000	1555.15681
2025-09-08T08:07:08Z	1005.00000	1586.83538	1555.39550
2025-09-08T08:07:08Z	1005.00000	1555.65826
2025-09-08T08:07:08Z	1006.00000	1555.85762
2025-09-08T08:07:08Z	1006.00000	1556.09046
2025-09-08T08:07:08Z	1006.00000	1556.41140
2025-09-08T08:07:09Z	1006.00000	1556.68598
2025-09-08T08:07:09Z	1006.00000	1556.97758
2025-09-08T08:07:09Z	1006.00000	1557.23013
2025-09-08T08:07:09Z	1006.00000	1557.50531
2025-09-08T08:07:09Z	1006.00000	1557.80443
2025-09-08T08:07:09Z	1006.00000	1558.03215
2025-09-08T08:07:09Z	1006.00000	1558.31969
2025-09-08T08:07:09Z	1007.00000	1558.54740
2025-09-08T08:07:09Z	1007.00000	1586.84728	1558.81162
2025-09-08T08:07:09Z	1007.00000	1586.84860	1559.03873
2025-09-08T08:07:10Z	1007.00000	1586.84896	1559.32825
2025-09-08T08:07:10Z	1007.00000	1586.95952	1559.54685
2025-09-08T08:07:10Z	1007.00000	1587.17203	1584.99276	1583.79532	1583.79532	1582.30565	1580.56278	1559.82441
2025-09-08T08:07:10Z	1007.00000	1587.61595	1583.79484	1582.30539	1579.20051	1577.96893	1577.96893	1560.02302
2025-09-08T08:07:10Z	1007.00000	1587.61624	1583.79485	1582.30634	1579.20017	1577.96901	1574.34250	1560.23826
2025-09-08T08:07:10Z	1007.00000	1589.40552	1587.61574	1574.34333	1572.63159	1560.39677
2025-09-08T08:07:10Z	1007.00000	1589.40516	1587.61444	1572.63132	1571.53498	1560.63336	1557.94003
2025-09-08T08:07:10Z	1008.00000	1589.40509	1587.75430	1569.17040	1560.80105
2025-09-08T08:07:10Z	1008.00000	1589.40415	1587.75521	1569.16526	1560.95113
2025-09-08T08:07:10Z	1008.00000	1589.40486	1587.75556	1569.16579	1561.00348
2025-09-08T08:07:11Z	1008.00000	1589.40398	1587.54799	1569.16472	1561.12850
2025-09-08T08:07:11Z	1008.00000	1590.67065	1589.40410	1569.16646	1561.16747
2025-09-08T08:07:11Z	1008.00000	1590.67115	1589.40445	1561.26065
2025-09-08T08:07:11Z	1008.00000	1590.67113	1589.40441	1569.16491	1561.29578
2025-09-08T08:07:11Z	1008.00000	1590.67086	1589.40438	1561.31560
2025-09-08T08:07:11Z	1008.00000	1590.67067	1589.40413	1561.32944
2025-09-08T08:07:11Z	1008.00000	1592.06016	1590.67055	1561.34133
2025-09-08T08:07:11Z	1009.00000	1592.06006	1590.67052	1567.94683	1561.35111
2025-09-08T08:07:11Z	1009.00000	1592.06029	1590.67096	1561.35797
2025-09-08T08:07:11Z	1009.00000	1592.06023	1590.67088	1567.94533	1561.36302
2025-09-08T08:07:12Z	1009.00000	1592.06083	1590.67133	1567.94577	1561.36579
2025-09-08T08:07:12Z	1009.00000	1592.06038	1590.67059	1567.94526	1561.36822
2025-09-08T08:07:12Z	1009.00000	1557.66511
2025-09-08T08:07:12Z	1009.00000	1557.34690
2025-09-08T08:07:12Z	1009.00000	1556.99842
2025-09-08T08:07:12Z	1009.00000	1556.67328
2025-09-08T08:07:12Z	1009.00000	1556.36635
2025-09-08T08:07:12Z	1010.00000	1556.06982
2025-09-08T08:07:12Z	1010.00000	1555.80127
2025-09-08T08:07:12Z	1010.00000	1555.57311
2025-09-08T08:07:13Z	1010.00000	1555.33432
2025-09-08T08:07:13Z	1010.00000	1555.13463
2025-09-08T08:07:13Z	1010.00000	1554.88158
2025-09-08T08:07:13Z	1010.00000	1554.73453
2025-09-08T08:07:13Z	1010.00000	1554.73734
2025-09-08T08:07:13Z	1010.00000	1554.73743
2025-09-08T08:07:13Z	1010.00000	1554.73682
2025-09-08T08:07:13Z	1011.00000	1554.73700
2025-09-08T08:07:13Z	1011.00000	1554.73706
2025-09-08T08:07:13Z	1011.00000	1554.73721
2025-09-08T08:07:14Z	1011.00000	1554.73709
2025-09-08T08:07:14Z	1011.00000	1554.73716
2025-09-08T08:07:14Z	1011.00000	1554.73702
2025-09-08T08:07:14Z	1011.00000	1554.73709
2025-09-08T08:07:14Z	1011.00000	1554.73722
2025-09-08T08:07:14Z	1011.00000	1554.73699
2025-09-08T08:07:14Z	1011.00000	1554.73663
2025-09-08T08:07:14Z	1012.00000	1554.73654
2025-09-08T08:07:14Z	1012.00000	1554.73670
2025-09-08T08:07:14Z	1012.00000	1554.73641
2025-09-08T08:07:15Z	1012.00000	1554.73651
2025-09-08T08:07:15Z	1012.00000	1554.73648
2025-09-08T08:07:15Z	1012.00000	1554.73644
2025-09-08T08:07:15Z	1012.00000	1554.73658
2025-09-08T08:07:15Z	1012.00000	1554.73643
2025-09-08T08:07:15Z	1012.00000	1554.73647
2025-09-08T08:07:15Z	1012.00000	1554.73664
2025-09-08T08:07:15Z	1013.00000	1554.73641
2025-09-08T08:07:15Z	1013.00000	1554.73631
2025-09-08T08:07:15Z	1013.00000	1554.73649
2025-09-08T08:07:16Z	1013.00000	1554.73641
2025-09-08T08:07:16Z	1013.00000	1554.73634
2025-09-08T08:07:16Z	1013.00000	1554.73619
2025-09-08T08:07:16Z	1013.00000	1554.73627
2025-09-08T08:07:16Z	1013.00000	1554.74498
2025-09-08T08:07:16Z	1013.00000	1554.73629
2025-09-08T08:07:16Z	1013.00000	1554.73640
2025-09-08T08:07:16Z	1014.00000	1554.73602
2025-09-08T08:07:16Z	1014.00000	1554.73608
2025-09-08T08:07:16Z	1014.00000	1554.73601
2025-09-08T08:07:17Z	1014.00000	1554.73608
2025-09-08T08:07:17Z	1014.00000	1554.73593
2025-09-08T08:07:17Z	1014.00000	1554.73598
2025-09-08T08:07:17Z	1014.00000	1554.98799
2025-09-08T08:07:17Z	1014.00000	1555.29865
2025-09-08T08:07:17Z	1014.00000	1555.52061
2025-09-08T08:07:17Z	1014.00000	1555.78354
2025-09-08T08:07:17Z	1015.00000	1556.02339
2025-09-08T08:07:17Z	1015.00000	1556.26860
2025-09-08T08:07:17Z	1015.00000	1556.52435
2025-09-08T08:07:18Z	1015.00000	1556.82173
2025-09-08T08:07:18Z	1015.00000	1557.07319
2025-09-08T08:07:18Z	1015.00000	1557.40323
2025-09-08T08:07:18Z	1015.00000	1557.67328
2025-09-08T08:07:18Z	1015.00000	1557.90373
2025-09-08T08:07:18Z	1015.00000	1558.19169
2025-09-08T08:07:18Z	1015.00000	1558.47800
2025-09-08T08:07:18Z	1016.00000	1558.67007
2025-09-08T08:07:18Z	1016.00000	1586.84728	1582.30954	1558.90193
2025-09-08T08:07:18Z	1016.00000	1586.84998	1559.19515
2025-09-08T08:07:19Z	1016.00000	1587.32516	1584.99415	1583.79551	1582.30790	1580.62187	1580.56446	1577.97042	1559.45076
2025-09-08T08:07:19Z	1016.00000	1587.17325	1582.30595	1559.66442
2025-09-08T08:07:19Z	1016.00000	1587.61592	1583.79537	1582.30564	1579.20126	1577.96925	1577.96925	1559.87898
2025-09-08T08:07:19Z	1016.00000	1587.61593	1583.79443	1582.30627	1579.20151	1577.96809	1577.96809	1574.34105	1560.11174
2025-09-08T08:07:19Z	1016.00000	1589.40540	1587.61598	1576.02514	1574.34307	1573.75213	1560.27190
2025-09-08T08:07:19Z	1016.00000	1587.61519	1583.79576	1579.19806	1576.02168	1574.34100	1573.75122	1560.48916
2025-09-08T08:07:19Z	1016.00000	1589.40538	1587.61527	1572.63201	1571.53463	1560.64447	1557.97546
2025-09-08T08:07:19Z	1017.00000	1589.40550	1587.75449	1569.17114	1560.78926	1558.15018
2025-09-08T08:07:19Z	1017.00000	1590.67183	1589.51390	1589.40425	1560.93556
2025-09-08T08:07:19Z	1017.00000	1590.67131	1589.40469	1587.75534	1569.16475	1560.99603
2025-09-08T08:07:20Z	1017.00000	1590.67118	1590.67118	1589.40464	1587.75461	1569.16589	1561.11697
2025-09-08T08:07:20Z	1017.00000	1590.67126	1589.40482	1561.15982
2025-09-08T08:07:20Z	1017.00000	1592.06133	1590.67165	1567.94400	1561.19525
2025-09-08T08:07:20Z	1017.00000	1590.67149	1589.40519	1561.27432
2025-09-08T08:07:20Z	1017.00000	1590.67039	1589.40458	1561.29202
2025-09-08T08:07:20Z	1017.00000	1590.67044	1589.40444	1561.39920
2025-09-08T08:07:20Z	1017.00000	1592.06088	1590.67052	1561.31619
2025-09-08T08:07:20Z	1018.00000	1592.06012	1590.67164	1561.32163
2025-09-08T08:07:20Z	1018.00000	1592.06027	1590.67067	1561.32577
2025-09-08T08:07:20Z	1018.00000	1592.05982	1590.67076	1561.33077
2025-09-08T08:07:21Z	1018.00000	1592.06029	1590.67117	1561.33345
2025-09-08T08:07:21Z	1018.00000	1587.17092	1584.99349	1583.79422	1583.79422	1582.30810	1580.56327	1577.97141	1558.37697
2025-09-08T08:07:21Z	1018.00000	1557.52504
2025-09-08T08:07:21Z	1018.00000	1557.18339
2025-09-08T08:07:21Z	1018.00000	1556.84714
2025-09-08T08:07:21Z	1018.00000	1556.53424
2025-09-08T08:07:21Z	1018.00000	1556.19483
2025-09-08T08:07:21Z	1019.00000	1555.95040
2025-09-08T08:07:21Z	1019.00000	1555.67950
2025-09-08T08:07:21Z	1019.00000	1555.43142
2025-09-08T08:07:22Z	1019.00000	1555.20937
2025-09-08T08:07:22Z	1019.00000	1554.98348
2025-09-08T08:07:22Z	1019.00000	1554.73687
2025-09-08T08:07:22Z	1019.00000	1554.73701
2025-09-08T08:07:22Z	1019.00000	1554.73631
2025-09-08T08:07:22Z	1019.00000	1554.73648
2025-09-08T08:07:22Z	1019.00000	1554.73632
2025-09-08T08:07:22Z	1020.00000	1554.73649
2025-09-08T08:07:22Z	1020.00000	1554.73644
2025-09-08T08:07:22Z	1020.00000	1554.73661
2025-09-08T08:07:23Z	1020.00000	1554.73689
2025-09-08T08:07:23Z	1020.00000	1554.73698
2025-09-08T08:07:23Z	1020.00000	1554.73684
2025-09-08T08:07:23Z	1020.00000	1554.73692
2025-09-08T08:07:23Z	1020.00000	1554.73703
2025-09-08T08:07:23Z	1020.00000	1554.73690
2025-09-08T08:07:23Z	1020.00000	1554.73679
2025-09-08T08:07:23Z	1021.00000	1554.73669
2025-09-08T08:07:23Z	1021.00000	1554.73639
2025-09-08T08:07:23Z	1021.00000	1554.73611
2025-09-08T08:07:24Z	1021.00000	1554.73609
2025-09-08T08:07:24Z	1021.00000	1554.73627
2025-09-08T08:07:24Z	1021.00000	1554.73632
2025-09-08T08:07:24Z	1021.00000	1554.73627
2025-09-08T08:07:24Z	1021.00000	1554.73629
2025-09-08T08:07:24Z	1021.00000	1554.73633
2025-09-08T08:07:24Z	1021.00000	1554.74304
2025-09-08T08:07:24Z	1022.00000	1554.73631
2025-09-08T08:07:24Z	1022.00000	1554.73630
2025-09-08T08:07:24Z	1022.00000	1554.73640
2025-09-08T08:07:25Z	1022.00000	1554.73628
2025-09-08T08:07:25Z	1022.00000	1554.73620
2025-09-08T08:07:25Z	1022.00000	1554.73626
2025-09-08T08:07:25Z	1022.00000	1554.73603
2025-09-08T08:07:25Z	1022.00000	1554.73614
2025-09-08T08:07:25Z	1022.00000	1554.73600
2025-09-08T08:07:25Z	1022.00000	1554.73617
2025-09-08T08:07:25Z	1023.00000	1554.73602
2025-09-08T08:07:25Z	1023.00000	1554.73605
2025-09-08T08:07:25Z	1023.00000	1554.73586
2025-09-08T08:07:26Z	1023.00000	1554.73603
2025-09-08T08:07:26Z	1023.00000	1554.73610
2025-09-08T08:07:26Z	1023.00000	1554.73594
2025-09-08T08:07:26Z	1023.00000	1554.73589
2025-09-08T08:07:26Z	1023.00000	1554.97668
2025-09-08T08:07:26Z	1023.00000	1555.29360
2025-09-08T08:07:26Z	1023.00000	1555.51764
2025-09-08T08:07:26Z	1024.00000	1555.71347
2025-09-08T08:07:26Z	1024.00000	1555.98175
2025-09-08T08:07:26Z	1024.00000	1556.29828
2025-09-08T08:07:27Z	1024.00000	1556.59218
2025-09-08T08:07:27Z	1024.00000	1556.94104
2025-09-08T08:07:27Z	1024.00000	1557.22775
2025-09-08T08:07:27Z	1024.00000	1557.46958
2025-09-08T08:07:27Z	1024.00000	1557.71022
2025-09-08T08:07:27Z	1024.00000	1557.97195
2025-09-08T08:07:27Z	1024.00000	1558.22824
2025-09-08T08:07:27Z	1025.00000	1558.51714
2025-09-08T08:07:27Z	1025.00000	1587.17160	1584.99204	1583.79376	1583.79376	1582.30772	1580.56490	1577.97272	1558.78177
2025-09-08T08:07:27Z	1025.00000	1586.84865	1559.04320
2025-09-08T08:07:28Z	1025.00000	1587.17194	1582.30861	1559.29735
2025-09-08T08:07:28Z	1025.00000	1586.95545	1559.48348
2025-09-08T08:07:28Z	1025.00000	1587.17229	1584.99314	1583.79560	1582.30582	1580.61980	1580.56369	1577.96978	1559.70185
2025-09-08T08:07:28Z	1025.00000	1587.61551	1583.79589	1582.30629	1579.20228	1577.96944	1577.96944	1559.92683
2025-09-08T08:07:28Z	1025.00000	1587.61549	1583.79530	1582.30651	1579.20207	1577.96922	1574.34153	1560.09770
2025-09-08T08:07:28Z	1025.00000	1589.40560	1587.61610	1574.47086	1574.34218	1573.75243	1560.32826
2025-09-08T08:07:28Z	1025.00000	1587.61481	1574.34190	1573.75267	1572.63250	1560.49679
2025-09-08T08:07:28Z	1026.00000	1589.40573	1587.61501	1571.53434	1560.64711	1557.99261
2025-09-08T08:07:28Z	1026.00000	1589.40557	1587.75496	1569.17033	1560.78791	1558.16241
2025-09-08T08:07:28Z	1026.00000	1590.67232	1589.40539	1560.85094	1558.31855
2025-09-08T08:07:29Z	1026.00000	1590.67110	1589.40521	1587.75537	1569.16496	1569.16496	1560.98459
2025-09-08T08:07:29Z	1026.00000	1590.67164	1589.40499	1561.10208
2025-09-08T08:07:29Z	1026.00000	1590.67094	1589.40464	1569.16571	1561.13723
2025-09-08T08:07:29Z	1026.00000	1590.67047	1589.40489	1561.16577
2025-09-08T08:07:29Z	1026.00000	1592.06133	1590.67091	1567.94622	1561.19350
2025-09-08T08:07:29Z	1026.00000	1592.06146	1590.67109	1561.26586
2025-09-08T08:07:29Z	1026.00000	1592.06062	1590.67039	1561.27932
2025-09-08T08:07:29Z	1027.00000	1592.06096	1590.67024	1561.28771
2025-09-08T08:07:29Z	1027.00000	1592.06009	1590.67114	1561.29384
2025-09-08T08:07:29Z	1027.00000	1592.06094	1590.67120	1567.94759	1561.29628
2025-09-08T08:07:30Z	1027.00000	1592.06058	1590.67031	1561.29984
2025-09-08T08:07:30Z	1027.00000	1592.06061	1590.67052	1561.30326
2025-09-08T08:07:30Z	1027.00000	1586.95830	1582.30562	1580.62060	1580.56272	1577.96953	1557.84742
2025-09-08T08:07:30Z	1027.00000	1586.84774	1557.46327
2025-09-08T08:07:30Z	1027.00000	1557.14606
2025-09-08T08:07:30Z	1027.00000	1556.76009
2025-09-08T08:07:30Z	1027.00000	1556.43799
2025-09-08T08:07:30Z	1028.00000	1556.14366
2025-09-08T08:07:30Z	1028.00000	1555.89440
2025-09-08T08:07:30Z	1028.00000	1555.59346
2025-09-08T08:07:31Z	1028.00000	1555.34701
2025-09-08T08:07:31Z	1028.00000	1555.14381
2025-09-08T08:07:31Z	1028.00000	1554.93990
2025-09-08T08:07:31Z	1028.00000	1554.73209
2025-09-08T08:07:31Z	1028.00000	1554.73397
2025-09-08T08:07:31Z	1028.00000	1554.73672
2025-09-08T08:07:31Z	1028.00000	1554.73640
2025-09-08T08:07:31Z	1029.00000	1554.73631
2025-09-08T08:07:31Z	1029.00000	1554.73635
2025-09-08T08:07:31Z	1029.00000	1554.73655
2025-09-08T08:07:32Z	1029.00000	1554.73667
2025-09-08T08:07:32Z	1029.00000	1554.73663
2025-09-08T08:07:32Z	1029.00000	1554.73677
2025-09-08T08:07:32Z	1029.00000	1554.73668
2025-09-08T08:07:32Z	1029.00000	1554.73670
2025-09-08T08:07:32Z	1029.00000	1554.73665
2025-09-08T08:07:32Z	1029.00000	1554.73658
2025-09-08T08:07:32Z	1030.00000	1554.73634
2025-09-08T08:07:32Z	1030.00000	1554.73616
2025-09-08T08:07:32Z	1030.00000	1554.73602
2025-09-08T08:07:33Z	1030.00000	1554.73612
2025-09-08T08:07:33Z	1030.00000	1554.73596
2025-09-08T08:07:33Z	1030.00000	1554.73604
2025-09-08T08:07:33Z	1030.00000	1554.73607
2025-09-08T08:07:33Z	1030.00000	1554.73607
2025-09-08T08:07:33Z	1030.00000	1554.73611
2025-09-08T08:07:33Z	1030.00000	1554.73599
2025-09-08T08:07:33Z	1031.00000	1554.73609
2025-09-08T08:07:33Z	1031.00000	1554.73606
2025-09-08T08:07:33Z	1031.00000	1554.73610
2025-09-08T08:07:34Z	1031.00000	1554.73605
2025-09-08T08:07:34Z	1031.00000	1554.73606
2025-09-08T08:07:34Z	1031.00000	1554.73598
2025-09-08T08:07:34Z	1031.00000	1554.73607
2025-09-08T08:07:34Z	1031.00000	1554.73595
2025-09-08T08:07:34Z	1031.00000	1554.73598
2025-09-08T08:07:34Z	1031.00000	1554.73625
2025-09-08T08:07:34Z	1032.00000	1554.73599
2025-09-08T08:07:34Z	1032.00000	1554.73592
2025-09-08T08:07:34Z	1032.00000	1554.73601
2025-09-08T08:07:35Z	1032.00000	1554.73580
2025-09-08T08:07:35Z	1032.00000	1554.73579
2025-09-08T08:07:35Z	1032.00000	1554.73574
2025-09-08T08:07:35Z	1032.00000	1554.87681
2025-09-08T08:07:35Z	1032.00000	1555.15139
2025-09-08T08:07:35Z	1032.00000	1555.35426
2025-09-08T08:07:35Z	1032.00000	1555.58741
2025-09-08T08:07:35Z	1033.00000	1555.87088
2025-09-08T08:07:35Z	1033.00000	1556.14346
2025-09-08T08:07:35Z	1033.00000	1556.43400
2025-09-08T08:07:36Z	1033.00000	1556.77107
2025-09-08T08:07:36Z	1033.00000	1556.98584
2025-09-08T08:07:36Z	1033.00000	1557.30637
2025-09-08T08:07:36Z	1033.00000	1557.58282
2025-09-08T08:07:36Z	1033.00000	1557.87305
2025-09-08T08:07:36Z	1033.00000	1558.06371
2025-09-08T08:07:36Z	1033.00000	1558.31861
2025-09-08T08:07:36Z	1034.00000	1586.84777	1558.81451
2025-09-08T08:07:36Z	1034.00000	1587.32389	1584.99217	1583.79427	1582.31034	1580.62410	1580.56819	1579.20349	1577.97214	1559.12038
2025-09-08T08:07:37Z	1034.00000	1586.85017	1559.33767
2025-09-08T08:07:37Z	1034.00000	1587.32457	1584.99335	1583.79421	1582.30684	1580.62070	1580.56395	1577.97023	1559.55507
2025-09-08T08:07:37Z	1034.00000	1587.32488	1584.99315	1583.79568	1582.30647	1580.61948	1580.56315	1579.20276	1577.96906	1559.81372
2025-09-08T08:07:37Z	1034.00000	1587.61611	1585.10614	1584.99346	1583.79603	1582.30685	1579.20205	1577.96919	1577.27000	1559.98972
2025-09-08T08:07:37Z	1034.00000	1587.61575	1583.79524	1579.20260	1576.02744	1574.34246	1560.19902
2025-09-08T08:07:37Z	1034.00000	1589.40574	1587.61603	1572.63410	1560.36602
2025-09-08T08:07:37Z	1035.00000	1589.40587	1587.75458	1560.65667
2025-09-08T08:07:37Z	1035.00000	1590.67271	1589.40547	1587.75458	1569.17057	1560.80565
2025-09-08T08:07:37Z	1035.00000	1590.67251	1589.40552	1569.16704	1569.16704	1560.93984
2025-09-08T08:07:38Z	1035.00000	1590.67146	1589.40473	1569.16552	1569.16552	1560.98528
2025-09-08T08:07:38Z	1035.00000	1590.67098	1589.40509	1569.16545	1561.10677
2025-09-08T08:07:38Z	1035.00000	1590.67119	1589.40504	1569.16658	1561.14035
2025-09-08T08:07:38Z	1035.00000	1592.06165	1590.67101	1561.16876
2025-09-08T08:07:38Z	1035.00000	1592.06217	1590.67127	1561.19330
2025-09-08T08:07:38Z	1035.00000	1592.06118	1590.67118	1561.26406
2025-09-08T08:07:38Z	1035.00000	1592.06153	1590.67155	1561.27593
2025-09-08T08:07:38Z	1036.00000	1592.06089	1590.67108	1561.28227
2025-09-08T08:07:38Z	1036.00000	1592.06131	1590.67104	1561.28528
2025-09-08T08:07:38Z	1036.00000	1592.06138	1590.67143	1561.29101
2025-09-08T08:07:39Z	1036.00000	1592.06030	1590.67078	1561.29419
2025-09-08T08:07:39Z	1036.00000	1592.06091	1590.67099	1561.28301
2025-09-08T08:07:39Z	1036.00000	1557.61799
2025-09-08T08:07:39Z	1036.00000	1556.97245
2025-09-08T08:07:39Z	1036.00000	1556.64651
2025-09-08T08:07:39Z	1037.00000	1556.02053
2025-09-08T08:07:39Z	1037.00000	1555.73342
2025-09-08T08:07:40Z	1037.00000	1555.27568
2025-09-08T08:07:40Z	1037.00000	1555.04966
2025-09-08T08:07:40Z	1037.00000	1554.82694
2025-09-08T08:07:40Z	1037.00000	1554.73387
2025-09-08T08:07:40Z	1037.00000	1554.73669
2025-09-08T08:07:40Z	1037.00000	1554.73629
2025-09-08T08:07:40Z	1038.00000	1554.73667
2025-09-08T08:07:41Z	1038.00000	1554.73667
2025-09-08T08:07:41Z	1038.00000	1554.73684
2025-09-08T08:07:41Z	1038.00000	1554.73690
2025-09-08T08:07:41Z	1038.00000	1554.73674
2025-09-08T08:07:41Z	1038.00000	1554.73672
2025-09-08T08:07:41Z	1038.00000	1554.73677
2025-09-08T08:07:41Z	1039.00000	1554.73664
2025-09-08T08:07:41Z	1039.00000	1554.73638
2025-09-08T08:07:42Z	1039.00000	1554.73632
2025-09-08T08:07:42Z	1039.00000	1554.73615
2025-09-08T08:07:42Z	1039.00000	1554.73638
2025-09-08T08:07:42Z	1039.00000	1554.73624
2025-09-08T08:07:42Z	1039.00000	1554.73624
2025-09-08T08:07:42Z	1039.00000	1554.73630
2025-09-08T08:07:42Z	1040.00000	1554.73624
2025-09-08T08:07:42Z	1040.00000	1554.73614
2025-09-08T08:07:42Z	1040.00000	1554.73622
2025-09-08T08:07:43Z	1040.00000	1554.73633
2025-09-08T08:07:43Z	1040.00000	1554.73606
2025-09-08T08:07:43Z	1040.00000	1554.73610
2025-09-08T08:07:43Z	1040.00000	1554.73623
2025-09-08T08:07:43Z	1040.00000	1554.74438
2025-09-08T08:07:43Z	1040.00000	1554.73613
2025-09-08T08:07:43Z	1041.00000	1554.73612
2025-09-08T08:07:43Z	1041.00000	1554.73587
2025-09-08T08:07:44Z	1041.00000	1554.73592
2025-09-08T08:07:44Z	1041.00000	1554.73587
2025-09-08T08:07:44Z	1041.00000	1554.92010
2025-09-08T08:07:44Z	1041.00000	1555.21272
2025-09-08T08:07:44Z	1041.00000	1555.46783
2025-09-08T08:07:44Z	1041.00000	1555.70230
2025-09-08T08:07:44Z	1042.00000	1555.96869
2025-09-08T08:07:44Z	1042.00000	1556.24869
2025-09-08T08:07:44Z	1042.00000	1556.53861
2025-09-08T08:07:45Z	1042.00000	1556.82829
2025-09-08T08:07:45Z	1042.00000	1557.15279
2025-09-08T08:07:45Z	1042.00000	1557.41059
2025-09-08T08:07:45Z	1042.00000	1557.71684
2025-09-08T08:07:45Z	1042.00000	1558.00672
2025-09-08T08:07:45Z	1042.00000	1558.23182
2025-09-08T08:07:45Z	1042.00000	1558.50006
2025-09-08T08:07:45Z	1043.00000	1586.84790	1558.79698
2025-09-08T08:07:45Z	1043.00000	1586.84871	1558.99226
2025-09-08T08:07:45Z	1043.00000	1587.17192	1584.99331	1583.79605	1582.30958	1580.62365	1580.56695	1577.97014	1559.29384
2025-09-08T08:07:46Z	1043.00000	1586.95967	1582.30765	1559.50688
2025-09-08T08:07:46Z	1043.00000	1587.32444	1585.11232	1583.79621	1582.30697	1580.62114	1580.56513	1577.96961	1559.68704
2025-09-08T08:07:46Z	1043.00000	1587.61560	1583.79525	1582.30696	1579.20266	1577.96885	1574.34214	1560.08078
2025-09-08T08:07:46Z	1043.00000	1587.61582	1583.79623	1579.20157	1576.02696	1576.02696	1574.34284	1560.23734
2025-09-08T08:07:46Z	1043.00000	1589.40625	1587.61512	1572.63290	1571.23795	1560.45747
2025-09-08T08:07:46Z	1043.00000	1590.67334	1589.40618	1587.75480	1560.53268	1557.94770
2025-09-08T08:07:46Z	1044.00000	1590.67323	1589.40654	1587.75448	1569.17220	1560.67378	1558.11451
2025-09-08T08:07:46Z	1044.00000	1590.67280	1589.40620	1587.75539	1569.16908	1560.82006
2025-09-08T08:07:46Z	1044.00000	1590.67209	1589.40601	1569.16619	1569.16619	1560.94187
2025-09-08T08:07:47Z	1044.00000	1590.67167	1589.40584	1560.99093
2025-09-08T08:07:47Z	1044.00000	1590.67150	1589.40532	1561.09962
2025-09-08T08:07:47Z	1044.00000	1590.67082	1589.40553	1561.13327
2025-09-08T08:07:47Z	1044.00000	1592.06224	1590.67068	1561.15522
2025-09-08T08:07:47Z	1044.00000	1592.06133	1590.67065	1567.94458	1561.17557
2025-09-08T08:07:47Z	1044.00000	1592.06099	1590.67121	1567.94636	1561.19286
2025-09-08T08:07:47Z	1044.00000	1592.06121	1590.67078	1567.94561	1561.24977
2025-09-08T08:07:47Z	1045.00000	1592.06165	1590.67130	1561.25628
2025-09-08T08:07:47Z	1045.00000	1592.06144	1590.67087	1561.26481
2025-09-08T08:07:47Z	1045.00000	1592.06135	1590.67140	1561.26877
2025-09-08T08:07:48Z	1045.00000	1592.06132	1590.67047	1561.27147
2025-09-08T08:07:48Z	1045.00000	1586.84844	1557.86085
2025-09-08T08:07:48Z	1045.00000	1557.48276
2025-09-08T08:07:48Z	1045.00000	1557.14616
2025-09-08T08:07:48Z	1045.00000	1556.80963
2025-09-08T08:07:48Z	1045.00000	1556.44131
2025-09-08T08:07:48Z	1045.00000	1556.14626
2025-09-08T08:07:48Z	1046.00000	1555.59209
2025-09-08T08:07:48Z	1046.00000	1555.31985
2025-09-08T08:07:49Z	1046.00000	1555.10767
2025-09-08T08:07:49Z	1046.00000	1554.73161
2025-09-08T08:07:49Z	1046.00000	1554.73325
2025-09-08T08:07:49Z	1046.00000	1554.73622
2025-09-08T08:07:49Z	1046.00000	1554.73613
2025-09-08T08:07:49Z	1046.00000	1554.73620
2025-09-08T08:07:49Z	1047.00000	1554.73629
2025-09-08T08:07:49Z	1047.00000	1554.73639
2025-09-08T08:07:50Z	1047.00000	1554.73648
2025-09-08T08:07:50Z	1047.00000	1554.73646
2025-09-08T08:07:50Z	1047.00000	1554.73640
2025-09-08T08:07:50Z	1047.00000	1554.73660
2025-09-08T08:07:50Z	1047.00000	1554.73651
2025-09-08T08:07:50Z	1047.00000	1554.73635
2025-09-08T08:07:50Z	1047.00000	1554.73622
2025-09-08T08:07:50Z	1048.00000	1554.73589
2025-09-08T08:07:50Z	1048.00000	1554.73599
2025-09-08T08:07:50Z	1048.00000	1554.73604
2025-09-08T08:07:51Z	1048.00000	1554.73588
2025-09-08T08:07:51Z	1048.00000	1554.73582
2025-09-08T08:07:51Z	1048.00000	1554.73599
2025-09-08T08:07:51Z	1048.00000	1554.73602
2025-09-08T08:07:51Z	1048.00000	1554.73598
2025-09-08T08:07:51Z	1048.00000	1554.73619
2025-09-08T08:07:51Z	1048.00000	1554.73605
2025-09-08T08:07:51Z	1049.00000	1554.73610
2025-09-08T08:07:51Z	1049.00000	1554.73585
2025-09-08T08:07:51Z	1049.00000	1554.73592
2025-09-08T08:07:52Z	1049.00000	1554.73593
2025-09-08T08:07:52Z	1049.00000	1554.73592
2025-09-08T08:07:52Z	1049.00000	1554.73600
2025-09-08T08:07:52Z	1049.00000	1554.73604
2025-09-08T08:07:52Z	1049.00000	1554.73578
2025-09-08T08:07:52Z	1049.00000	1554.73591
2025-09-08T08:07:52Z	1049.00000	1554.73583
2025-09-08T08:07:52Z	1050.00000	1554.73574
2025-09-08T08:07:52Z	1050.00000	1554.73559
2025-09-08T08:07:52Z	1050.00000	1554.73558
2025-09-08T08:07:53Z	1050.00000	1554.73563
2025-09-08T08:07:53Z	1050.00000	1554.73566
2025-09-08T08:07:53Z	1050.00000	1554.73557
2025-09-08T08:07:53Z	1050.00000	1554.73562
2025-09-08T08:07:53Z	1050.00000	1555.01029
2025-09-08T08:07:53Z	1050.00000	1555.27109
2025-09-08T08:07:53Z	1050.00000	1555.49992
2025-09-08T08:07:53Z	1051.00000	1555.75812
2025-09-08T08:07:53Z	1051.00000	1556.03537
2025-09-08T08:07:53Z	1051.00000	1556.32029
2025-09-08T08:07:54Z	1051.00000	1556.60679
2025-09-08T08:07:54Z	1051.00000	1556.87420
2025-09-08T08:07:54Z	1051.00000	1557.19526
2025-09-08T08:07:54Z	1051.00000	1557.47379
2025-09-08T08:07:54Z	1051.00000	1557.70641
2025-09-08T08:07:54Z	1051.00000	1558.00639
2025-09-08T08:07:54Z	1051.00000	1558.29432
2025-09-08T08:07:54Z	1052.00000	1558.48702
2025-09-08T08:07:54Z	1052.00000	1586.84733	1558.71555
2025-09-08T08:07:54Z	1052.00000	1587.17077	1582.31125	1558.98126
2025-09-08T08:07:55Z	1052.00000	1587.61497	1584.99318	1584.99318	1583.79616	1582.31000	1579.20315	1577.97104	1559.23614
2025-09-08T08:07:55Z	1052.00000	1587.17176	1584.99443	1583.79629	1582.30859	1580.62262	1580.56529	1559.48242
2025-09-08T08:07:55Z	1052.00000	1587.32390	1584.99297	1583.79541	1582.30723	1580.62035	1580.56399	1579.20491	1577.96942	1559.67676
2025-09-08T08:07:55Z	1052.00000	1587.61518	1583.79638	1579.20336	1577.96930	1574.34259	1559.91639
2025-09-08T08:07:55Z	1052.00000	1587.61527	1583.79603	1579.20279	1577.96910	1574.34237	1560.08053
2025-09-08T08:07:55Z	1052.00000	1589.40620	1587.61534	1574.34330	1573.75186	1560.25462
2025-09-08T08:07:55Z	1052.00000	1589.40742	1587.61467	1572.63344	1571.23852	1560.46014
2025-09-08T08:07:55Z	1053.00000	1590.67334	1590.67334	1589.40687	1587.75486	1569.03522	1560.53389	1557.96625
2025-09-08T08:07:55Z	1053.00000	1590.67325	1589.40679	1569.17167	1560.68149	1558.14940
2025-09-08T08:07:55Z	1053.00000	1590.67289	1589.40669	1569.16951	1560.81384
2025-09-08T08:07:56Z	1053.00000	1590.67206	1589.40628	1569.16734	1569.16734	1560.94365
2025-09-08T08:07:56Z	1053.00000	1590.67107	1589.40565	1560.97888
2025-09-08T08:07:56Z	1053.00000	1592.06258	1590.67119	1561.08518
2025-09-08T08:07:56Z	1053.00000	1590.67134	1589.40575	1569.16573	1561.11666
2025-09-08T08:07:56Z	1053.00000	1592.06265	1590.67100	1561.13343
2025-09-08T08:07:56Z	1053.00000	1592.06195	1590.67036	1561.14936
2025-09-08T08:07:56Z	1053.00000	1592.06207	1590.67103	1567.94410	1561.16174
2025-09-08T08:07:56Z	1054.00000	1592.06216	1590.67036	1567.94621	1561.17087
2025-09-08T08:07:56Z	1054.00000	1592.06218	1590.67088	1561.18045
2025-09-08T08:07:56Z	1054.00000	1592.06163	1590.67140	1561.18671
2025-09-08T08:07:57Z	1054.00000	1592.06180	1590.67169	1567.94663	1561.19322
2025-09-08T08:07:57Z	1054.00000	1592.06167	1590.67107	1567.94531	1561.24409
2025-09-08T08:07:57Z	1054.00000	1557.82396
2025-09-08T08:07:57Z	1054.00000	1557.37161
2025-09-08T08:07:57Z	1054.00000	1557.05328
2025-09-08T08:07:57Z	1054.00000	1556.72490
2025-09-08T08:07:57Z	1054.00000	1556.35133
2025-09-08T08:07:57Z	1055.00000	1556.08903
2025-09-08T08:07:57Z	1055.00000	1555.81369
2025-09-08T08:07:57Z	1055.00000	1555.52617
2025-09-08T08:07:58Z	1055.00000	1555.30970
2025-09-08T08:07:58Z	1055.00000	1555.10211
2025-09-08T08:07:58Z	1055.00000	1554.86331
2025-09-08T08:07:58Z	1055.00000	1554.73552
2025-09-08T08:07:58Z	1055.00000	1554.73581
2025-09-08T08:07:58Z	1055.00000	1554.73611
2025-09-08T08:07:58Z	1055.00000	1554.73647
2025-09-08T08:07:58Z	1056.00000	1554.73670
2025-09-08T08:07:58Z	1056.00000	1554.73670
2025-09-08T08:07:58Z	1056.00000	1554.73704
2025-09-08T08:07:59Z	1056.00000	1554.73696
2025-09-08T08:07:59Z	1056.00000	1554.73719
2025-09-08T08:07:59Z	1056.00000	1554.73696
2025-09-08T08:07:59Z	1056.00000	1554.73705
2025-09-08T08:07:59Z	1056.00000	1554.73697
2025-09-08T08:07:59Z	1056.00000	1554.73701
2025-09-08T08:07:59Z	1056.00000	1554.73661
2025-09-08T08:07:59Z	1057.00000	1554.73663
2025-09-08T08:07:59Z	1057.00000	1554.73671
2025-09-08T08:07:59Z	1057.00000	1554.73658
2025-09-08T08:08:00Z	1057.00000	1554.73650
2025-09-08T08:08:00Z	1057.00000	1554.73658
2025-09-08T08:08:00Z	1057.00000	1554.73675
2025-09-08T08:08:00Z	1057.00000	1554.73655
2025-09-08T08:08:00Z	1057.00000	1554.73656
2025-09-08T08:08:00Z	1057.00000	1554.73649
2025-09-08T08:08:00Z	1057.00000	1554.73673
2025-09-08T08:08:00Z	1058.00000	1554.73673
2025-09-08T08:08:00Z	1058.00000	1554.73656
2025-09-08T08:08:00Z	1058.00000	1554.73659
2025-09-08T08:08:01Z	1058.00000	1554.73662
2025-09-08T08:08:01Z	1058.00000	1554.73658
2025-09-08T08:08:01Z	1058.00000	1554.73656
2025-09-08T08:08:01Z	1058.00000	1554.73649
2025-09-08T08:08:01Z	1058.00000	1554.73647
2025-09-08T08:08:01Z	1058.00000	1554.73658
2025-09-08T08:08:01Z	1058.00000	1554.73643
2025-09-08T08:08:01Z	1059.00000	1554.73641
2025-09-08T08:08:01Z	1059.00000	1554.73652
2025-09-08T08:08:01Z	1059.00000	1554.73652
2025-09-08T08:08:02Z	1059.00000	1554.73645
2025-09-08T08:08:02Z	1059.00000	1554.73637
2025-09-08T08:08:02Z	1059.00000	1554.73617
2025-09-08T08:08:02Z	1059.00000	1554.84800
2025-09-08T08:08:02Z	1059.00000	1555.14663
2025-09-08T08:08:02Z	1059.00000	1555.39573
2025-09-08T08:08:02Z	1059.00000	1555.63105
2025-09-08T08:08:02Z	1060.00000	1555.90297
2025-09-08T08:08:02Z	1060.00000	1556.19119
2025-09-08T08:08:02Z	1060.00000	1556.51518
2025-09-08T08:08:03Z	1060.00000	1556.84448
2025-09-08T08:08:03Z	1060.00000	1557.13335
2025-09-08T08:08:03Z	1060.00000	1557.37919
2025-09-08T08:08:03Z	1060.00000	1557.58209
2025-09-08T08:08:03Z	1060.00000	1557.84317
2025-09-08T08:08:03Z	1060.00000	1558.06859
2025-09-08T08:08:03Z	1060.00000	1558.35205
2025-09-08T08:08:03Z	1061.00000	1586.95465	1582.30908	1580.56541	1558.57640
2025-09-08T08:08:03Z	1061.00000	1586.84874	1558.83729
2025-09-08T08:08:03Z	1061.00000	1587.17036	1584.99260	1583.79637	1583.79637	1582.31201	1580.56911	1559.13483
2025-09-08T08:08:04Z	1061.00000	1586.85118	1559.35592
2025-09-08T08:08:04Z	1061.00000	1587.61601	1583.79624	1582.30740	1579.20552	1577.97050	1559.56689
2025-09-08T08:08:04Z	1061.00000	1587.61513	1584.99308	1583.79665	1582.30725	1579.20427	1577.96935	1559.82584
2025-09-08T08:08:04Z	1061.00000	1587.61544	1583.79710	1582.30699	1579.20302	1577.96886	1577.96886	1559.97373
2025-09-08T08:08:04Z	1061.00000	1587.61561	1583.79681	1579.20282	1576.02840	1574.34218	1560.18283
2025-09-08T08:08:04Z	1061.00000	1589.40671	1587.61521	1574.47118	1574.34300	1573.75168	1560.33280
2025-09-08T08:08:04Z	1061.00000	1589.40803	1587.61417	1572.63303	1571.23982	1571.23982	1560.49619
2025-09-08T08:08:04Z	1062.00000	1589.40683	1587.75464	1560.64000	1558.03188
2025-09-08T08:08:04Z	1062.00000	1590.92579	1590.67385	1589.40653	1587.75487	1569.17100	1560.77538	1558.22146
2025-09-08T08:08:04Z	1062.00000	1590.67244	1589.40608	1560.82581	1558.32923
2025-09-08T08:08:05Z	1062.00000	1590.67138	1589.40597	1560.95407
2025-09-08T08:08:05Z	1062.00000	1592.06346	1590.67171	1567.45844	1560.99655
2025-09-08T08:08:05Z	1062.00000	1590.67108	1589.40543	1561.09967
2025-09-08T08:08:05Z	1062.00000	1591.12833	1590.67068	1561.12531
2025-09-08T08:08:05Z	1062.00000	1592.06242	1590.67057	1567.94489	1561.14724
2025-09-08T08:08:05Z	1062.00000	1592.06225	1590.67121	1567.12595	1561.15821
2025-09-08T08:08:05Z	1062.00000	1592.06195	1590.67077	1567.12404	1561.17297
2025-09-08T08:08:05Z	1063.00000	1592.06199	1590.67131	1567.12374	1561.18322
2025-09-08T08:08:05Z	1063.00000	1592.06219	1590.67070	1567.12356	1561.18809
2025-09-08T08:08:05Z	1063.00000	1592.06202	1590.67101	1561.19503
2025-09-08T08:08:06Z	1063.00000	1592.06155	1590.67101	1567.12249	1561.19998
2025-09-08T08:08:06Z	1063.00000	1592.06239	1590.67110	1561.13340
2025-09-08T08:08:06Z	1063.00000	1557.56500
2025-09-08T08:08:06Z	1063.00000	1557.28339
2025-09-08T08:08:06Z	1063.00000	1556.85812
2025-09-08T08:08:06Z	1063.00000	1556.48519
2025-09-08T08:08:06Z	1063.00000	1556.18576
2025-09-08T08:08:06Z	1064.00000	1555.93741
2025-09-08T08:08:06Z	1064.00000	1555.73154
2025-09-08T08:08:06Z	1064.00000	1555.45193
2025-09-08T08:08:07Z	1064.00000	1555.22560
2025-09-08T08:08:07Z	1064.00000	1554.97293
2025-09-08T08:08:07Z	1064.00000	1554.79808
2025-09-08T08:08:07Z	1064.00000	1554.73507
2025-09-08T08:08:07Z	1064.00000	1554.73632
2025-09-08T08:08:07Z	1064.00000	1554.73697
2025-09-08T08:08:07Z	1064.00000	1554.73651
2025-09-08T08:08:07Z	1065.00000	1554.73686
2025-09-08T08:08:07Z	1065.00000	1554.73679
2025-09-08T08:08:07Z	1065.00000	1554.73695
2025-09-08T08:08:08Z	1065.00000	1554.73717
2025-09-08T08:08:08Z	1065.00000	1554.73705
2025-09-08T08:08:08Z	1065.00000	1554.73735
2025-09-08T08:08:08Z	1065.00000	1554.73712
2025-09-08T08:08:08Z	1065.00000	1554.73713
2025-09-08T08:08:08Z	1065.00000	1554.73701
2025-09-08T08:08:08Z	1065.00000	1554.73668
2025-09-08T08:08:08Z	1066.00000	1554.73672
2025-09-08T08:08:08Z	1066.00000	1554.73650
2025-09-08T08:08:08Z	1066.00000	1554.73656
2025-09-08T08:08:09Z	1066.00000	1554.73657
2025-09-08T08:08:09Z	1066.00000	1554.73665
2025-09-08T08:08:09Z	1066.00000	1554.73665
2025-09-08T08:08:09Z	1066.00000	1554.73662
2025-09-08T08:08:09Z	1066.00000	1554.73673
2025-09-08T08:08:09Z	1066.00000	1554.73644
2025-09-08T08:08:09Z	1066.00000	1554.73667
2025-09-08T08:08:09Z	1067.00000	1554.73668
2025-09-08T08:08:09Z	1067.00000	1554.73660
2025-09-08T08:08:09Z	1067.00000	1554.73665
2025-09-08T08:08:10Z	1067.00000	1554.73665
2025-09-08T08:08:10Z	1067.00000	1554.73657
2025-09-08T08:08:10Z	1067.00000	1554.73645
2025-09-08T08:08:10Z	1067.00000	1554.73663
2025-09-08T08:08:10Z	1067.00000	1554.73651
2025-09-08T08:08:10Z	1067.00000	1554.73659
2025-09-08T08:08:10Z	1067.00000	1554.73656
2025-09-08T08:08:10Z	1068.00000	1554.73657
2025-09-08T08:08:10Z	1068.00000	1554.73652
2025-09-08T08:08:10Z	1068.00000	1554.73650
2025-09-08T08:08:11Z	1068.00000	1554.73634
2025-09-08T08:08:11Z	1068.00000	1554.73641
2025-09-08T08:08:11Z	1068.00000	1554.73642
2025-09-08T08:08:11Z	1068.00000	1555.02989
2025-09-08T08:08:11Z	1068.00000	1555.25768
2025-09-08T08:08:11Z	1068.00000	1555.50024
2025-09-08T08:08:11Z	1068.00000	1555.80039
2025-09-08T08:08:11Z	1069.00000	1556.07536
2025-09-08T08:08:11Z	1069.00000	1556.29047
2025-09-08T08:08:11Z	1069.00000	1556.54779
2025-09-08T08:08:12Z	1069.00000	1556.88834
2025-09-08T08:08:12Z	1069.00000	1557.20712
2025-09-08T08:08:12Z	1069.00000	1557.51876
2025-09-08T08:08:12Z	1069.00000	1557.71480
2025-09-08T08:08:12Z	1069.00000	1558.00218
2025-09-08T08:08:12Z	1069.00000	1558.28828
2025-09-08T08:08:12Z	1069.00000	1558.51425
2025-09-08T08:08:12Z	1070.00000	1586.84845	1558.70971
2025-09-08T08:08:12Z	1070.00000	1586.85011	1558.97705
2025-09-08T08:08:12Z	1070.00000	1586.85092	1559.20297
2025-09-08T08:08:13Z	1070.00000	1587.17201	1584.99371	1583.79697	1582.30923	1580.62247	1580.56524	1559.47418
2025-09-08T08:08:13Z	1070.00000	1587.61590	1584.99387	1583.79689	1582.30805	1580.62116	1580.56506	1577.96912	1559.65663
2025-09-08T08:08:13Z	1070.00000	1587.61471	1583.79707	1582.30789	1579.20439	1577.96954	1559.83197
2025-09-08T08:08:13Z	1070.00000	1587.61612	1583.79671	1582.30784	1579.20379	1577.96926	1574.34138	1560.05671
2025-09-08T08:08:13Z	1070.00000	1587.61564	1583.79712	1579.20258	1576.02849	1574.34364	1560.21165
2025-09-08T08:08:13Z	1070.00000	1589.40666	1587.61578	1572.63494	1560.35666
2025-09-08T08:08:13Z	1070.00000	1589.40700	1587.75566	1572.63374	1571.53086	1560.50896	1557.93295
2025-09-08T08:08:13Z	1071.00000	1590.92605	1590.67414	1589.40744	1587.75501	1569.17186	1560.64624	1558.08919
2025-09-08T08:08:13Z	1071.00000	1590.67266	1589.40694	1569.17126	1560.77442	1558.23654
2025-09-08T08:08:13Z	1071.00000	1590.67271	1589.40642	1560.82362	1558.33500
2025-09-08T08:08:14Z	1071.00000	1590.67139	1589.40662	1560.94520
2025-09-08T08:08:14Z	1071.00000	1592.06364	1590.67202	1560.97663
2025-09-08T08:08:14Z	1071.00000	1592.06281	1590.67152	1561.07400
2025-09-08T08:08:14Z	1071.00000	1592.06321	1590.67087	1561.09978
2025-09-08T08:08:14Z	1071.00000	1592.06246	1590.67114	1561.10832
2025-09-08T08:08:14Z	1071.00000	1592.06229	1590.67100	1561.11836
2025-09-08T08:08:14Z	1071.00000	1592.06245	1590.67063	1561.12792
2025-09-08T08:08:14Z	1072.00000	1592.06258	1590.67118	1561.13237
2025-09-08T08:08:14Z	1072.00000	1592.06201	1590.67072	1561.13737
2025-09-08T08:08:14Z	1072.00000	1592.06269	1590.67088	1561.14153
2025-09-08T08:08:15Z	1072.00000	1592.06226	1567.94406	1561.14521
2025-09-08T08:08:15Z	1072.00000	1592.06237	1567.94471	1561.14858
2025-09-08T08:08:15Z	1072.00000	1586.84935	1558.32231
2025-09-08T08:08:15Z	1072.00000	1557.52752
2025-09-08T08:08:15Z	1072.00000	1557.12858
2025-09-08T08:08:15Z	1072.00000	1556.78571
2025-09-08T08:08:15Z	1072.00000	1556.46862
2025-09-08T08:08:15Z	1073.00000	1556.17300
2025-09-08T08:08:15Z	1073.00000	1555.85999
2025-09-08T08:08:15Z	1073.00000	1555.61872
2025-09-08T08:08:16Z	1073.00000	1555.39969
2025-09-08T08:08:16Z	1073.00000	1555.16437
2025-09-08T08:08:16Z	1073.00000	1554.93458
2025-09-08T08:08:16Z	1073.00000	1554.73398
2025-09-08T08:08:16Z	1073.00000	1554.73420
2025-09-08T08:08:16Z	1073.00000	1554.73574
2025-09-08T08:08:16Z	1073.00000	1554.73560
2025-09-08T08:08:16Z	1074.00000	1554.73602
2025-09-08T08:08:16Z	1074.00000	1554.73682
2025-09-08T08:08:16Z	1074.00000	1554.73700
2025-09-08T08:08:17Z	1074.00000	1554.73691
2025-09-08T08:08:17Z	1074.00000	1554.73682
2025-09-08T08:08:17Z	1074.00000	1554.73700
2025-09-08T08:08:17Z	1074.00000	1554.73704
2025-09-08T08:08:17Z	1074.00000	1554.73696
2025-09-08T08:08:17Z	1074.00000	1554.73692
2025-09-08T08:08:17Z	1074.00000	1554.73670
2025-09-08T08:08:17Z	1075.00000	1554.73664
2025-09-08T08:08:17Z	1075.00000	1554.73660
2025-09-08T08:08:17Z	1075.00000	1554.73653
2025-09-08T08:08:18Z	1075.00000	1554.73655
2025-09-08T08:08:18Z	1075.00000	1554.73655
2025-09-08T08:08:18Z	1075.00000	1554.73663
2025-09-08T08:08:18Z	1075.00000	1554.73649
2025-09-08T08:08:18Z	1075.00000	1554.73660
2025-09-08T08:08:18Z	1075.00000	1554.73666
2025-09-08T08:08:18Z	1075.00000	1554.73652
2025-09-08T08:08:18Z	1076.00000	1554.73654
2025-09-08T08:08:18Z	1076.00000	1554.73650
2025-09-08T08:08:18Z	1076.00000	1554.73651
2025-09-08T08:08:19Z	1076.00000	1554.73648
2025-09-08T08:08:19Z	1076.00000	1554.73639
2025-09-08T08:08:19Z	1076.00000	1554.73636
2025-09-08T08:08:19Z	1076.00000	1554.73634
2025-09-08T08:08:19Z	1076.00000	1554.73657
2025-09-08T08:08:19Z	1076.00000	1554.73644
2025-09-08T08:08:19Z	1076.00000	1554.73644
2025-09-08T08:08:19Z	1077.00000	1554.73642
2025-09-08T08:08:19Z	1077.00000	1554.73621
2025-09-08T08:08:19Z	1077.00000	1554.73630
2025-09-08T08:08:20Z	1077.00000	1554.73633
2025-09-08T08:08:20Z	1077.00000	1554.73618
2025-09-08T08:08:20Z	1077.00000	1554.73604
2025-09-08T08:08:20Z	1077.00000	1554.83591
2025-09-08T08:08:20Z	1077.00000	1555.06043
2025-09-08T08:08:20Z	1077.00000	1555.31888
2025-09-08T08:08:20Z	1077.00000	1555.50965
2025-09-08T08:08:20Z	1078.00000	1555.77516
2025-09-08T08:08:20Z	1078.00000	1556.09026
2025-09-08T08:08:20Z	1078.00000	1556.37675
2025-09-08T08:08:21Z	1078.00000	1556.66620
2025-09-08T08:08:21Z	1078.00000	1556.95578
2025-09-08T08:08:21Z	1078.00000	1557.20371
2025-09-08T08:08:21Z	1078.00000	1557.47860
2025-09-08T08:08:21Z	1078.00000	1557.74285
2025-09-08T08:08:21Z	1078.00000	1558.00150
2025-09-08T08:08:21Z	1078.00000	1558.22306
2025-09-08T08:08:21Z	1079.00000	1558.51277
2025-09-08T08:08:21Z	1079.00000	1586.84935	1558.78965
2025-09-08T08:08:21Z	1079.00000	1586.95916	1586.85093	1559.04726
2025-09-08T08:08:22Z	1079.00000	1586.85263	1559.33384
2025-09-08T08:08:22Z	1079.00000	1587.32366	1584.99497	1583.79738	1582.37347	1582.30843	1580.62229	1580.56516	1577.97043	1559.53090
2025-09-08T08:08:22Z	1079.00000	1587.61554	1583.79726	1579.20500	1577.96908	1574.34395	1559.76667
2025-09-08T08:08:22Z	1079.00000	1587.61494	1583.79738	1582.30820	1579.20350	1577.96851	1574.34257	1559.92087
2025-09-08T08:08:22Z	1079.00000	1587.61577	1583.79703	1579.20312	1577.96908	1576.02890	1574.34211	1560.07992
2025-09-08T08:08:22Z	1079.00000	1589.40719	1587.61556	1576.02839	1574.34318	1573.75217	1560.22970
2025-09-08T08:08:22Z	1079.00000	1589.40728	1587.75582	1572.63571	1571.23833	1560.37128
2025-09-08T08:08:22Z	1080.00000	1590.67372	1590.67372	1589.40719	1587.75549	1560.51546	1557.96059
2025-09-08T08:08:22Z	1080.00000	1590.67299	1590.67299	1589.40765	1587.75465	1569.17225	1560.64515	1558.09944
2025-09-08T08:08:22Z	1080.00000	1590.92590	1589.40661	1569.17063	1560.78136	1558.26102
2025-09-08T08:08:23Z	1080.00000	1592.06426	1590.67236	1560.83201
2025-09-08T08:08:23Z	1080.00000	1592.06377	1590.67190	1560.94744
2025-09-08T08:08:23Z	1080.00000	1592.06328	1590.67135	1560.96871
2025-09-08T08:08:23Z	1080.00000	1592.06344	1590.67101	1561.06974
2025-09-08T08:08:23Z	1080.00000	1592.06358	1590.67143	1561.09184
2025-09-08T08:08:23Z	1080.00000	1592.06332	1590.67120	1561.09855
2025-09-08T08:08:23Z	1080.00000	1592.06332	1590.67119	1561.10945
2025-09-08T08:08:23Z	1081.00000	1592.06288	1590.67105	1561.11727
2025-09-08T08:08:23Z	1081.00000	1592.06260	1590.67111	1561.12082
2025-09-08T08:08:23Z	1081.00000	1592.06294	1590.67158	1561.12443
2025-09-08T08:08:24Z	1081.00000	1592.06263	1590.67103	1561.12919
2025-09-08T08:08:24Z	1081.00000	1592.12284	1592.06223	1567.94374	1561.13198
2025-09-08T08:08:24Z	1081.00000	1557.56691
2025-09-08T08:08:24Z	1081.00000	1557.27616
2025-09-08T08:08:24Z	1081.00000	1556.97389
2025-09-08T08:08:24Z	1081.00000	1556.64076
2025-09-08T08:08:24Z	1081.00000	1556.33187
2025-09-08T08:08:24Z	1082.00000	1556.00505
2025-09-08T08:08:24Z	1082.00000	1555.75293
2025-09-08T08:08:24Z	1082.00000	1555.49491
2025-09-08T08:08:25Z	1082.00000	1555.24586
2025-09-08T08:08:25Z	1082.00000	1555.02906
2025-09-08T08:08:25Z	1082.00000	1554.84100
2025-09-08T08:08:25Z	1082.00000	1554.73707
2025-09-08T08:08:25Z	1082.00000	1554.73607
2025-09-08T08:08:25Z	1082.00000	1554.73547
2025-09-08T08:08:25Z	1082.00000	1554.73504
2025-09-08T08:08:25Z	1083.00000	1554.73552
2025-09-08T08:08:25Z	1083.00000	1554.73602
2025-09-08T08:08:25Z	1083.00000	1554.73608
2025-09-08T08:08:26Z	1083.00000	1554.73610
2025-09-08T08:08:26Z	1083.00000	1554.73608
2025-09-08T08:08:26Z	1083.00000	1554.73609
2025-09-08T08:08:26Z	1083.00000	1554.73614
2025-09-08T08:08:26Z	1083.00000	1554.73604
2025-09-08T08:08:26Z	1084.00000	1554.73570
2025-09-08T08:08:26Z	1084.00000	1554.73579
2025-09-08T08:08:27Z	1084.00000	1554.73567
2025-09-08T08:08:27Z	1084.00000	1554.73558
2025-09-08T08:08:27Z	1084.00000	1554.73555
2025-09-08T08:08:27Z	1084.00000	1554.73574
2025-09-08T08:08:27Z	1084.00000	1554.73579
2025-09-08T08:08:27Z	1084.00000	1554.73571
2025-09-08T08:08:27Z	1085.00000	1554.73592
2025-09-08T08:08:27Z	1085.00000	1554.73585
2025-09-08T08:08:27Z	1085.00000	1554.73591
2025-09-08T08:08:28Z	1085.00000	1554.73592
2025-09-08T08:08:28Z	1085.00000	1554.73579
2025-09-08T08:08:28Z	1085.00000	1554.73566
2025-09-08T08:08:28Z	1085.00000	1554.73566
2025-09-08T08:08:28Z	1085.00000	1554.73562
2025-09-08T08:08:28Z	1085.00000	1554.73564
2025-09-08T08:08:28Z	1086.00000	1554.73559
2025-09-08T08:08:28Z	1086.00000	1554.73555
2025-09-08T08:08:29Z	1086.00000	1554.73542
2025-09-08T08:08:29Z	1086.00000	1554.73560
2025-09-08T08:08:29Z	1086.00000	1554.73551
2025-09-08T08:08:29Z	1086.00000	1554.73556
2025-09-08T08:08:29Z	1086.00000	1554.73519
2025-09-08T08:08:29Z	1086.00000	1554.73546
2025-09-08T08:08:29Z	1087.00000	1554.73532
2025-09-08T08:08:29Z	1087.00000	1554.73513
2025-09-08T08:08:29Z	1087.00000	1554.73513
2025-09-08T08:08:30Z	1087.00000	1554.73510
2025-09-08T08:08:30Z	1087.00000	1554.73511
2025-09-08T08:08:30Z	1087.00000	1554.73494
2025-09-08T08:08:30Z	1087.00000	1554.73483
2025-09-08T08:08:30Z	1087.00000	1554.73496
2025-09-08T08:08:30Z	1088.00000	1554.73481
2025-09-08T08:08:30Z	1088.00000	1554.73487
2025-09-08T08:08:31Z	1088.00000	1554.73470
2025-09-08T08:08:31Z	1088.00000	1554.73454
2025-09-08T08:08:31Z	1088.00000	1554.73475
2025-09-08T08:08:31Z	1088.00000	1554.73457
2025-09-08T08:08:31Z	1088.00000	1554.73450
2025-09-08T08:08:31Z	1088.00000	1554.73447
2025-09-08T08:08:31Z	1089.00000	1554.73438
2025-09-08T08:08:31Z	1089.00000	1554.73445
2025-09-08T08:08:32Z	1089.00000	1554.73434
2025-09-08T08:08:32Z	1089.00000	1554.73426
2025-09-08T08:08:32Z	1089.00000	1554.73410
2025-09-08T08:08:32Z	1089.00000	1554.73421
2025-09-08T08:08:32Z	1089.00000	1554.73406
2025-09-08T08:08:32Z	1089.00000	1554.73420
2025-09-08T08:08:32Z	1090.00000	1554.73408
2025-09-08T08:08:32Z	1090.00000	1554.73412
2025-09-08T08:08:33Z	1090.00000	1554.73412
2025-09-08T08:08:33Z	1090.00000	1554.73423
2025-09-08T08:08:33Z	1090.00000	1554.73406
2025-09-08T08:08:33Z	1090.00000	1554.73396
2025-09-08T08:08:33Z	1090.00000	1554.74162
2025-09-08T08:08:33Z	1091.00000	1554.73392
2025-09-08T08:08:33Z	1091.00000	1554.73394
2025-09-08T08:08:33Z	1091.00000	1554.73391
2025-09-08T08:08:34Z	1091.00000	1554.73406
2025-09-08T08:08:34Z	1091.00000	1554.73381
2025-09-08T08:08:34Z	1091.00000	1554.73384
2025-09-08T08:08:34Z	1091.00000	1554.73375
2025-09-08T08:08:34Z	1091.00000	1554.73385
2025-09-08T08:08:34Z	1091.00000	1554.73389
2025-09-08T08:08:34Z	1092.00000	1554.73378
2025-09-08T08:08:34Z	1092.00000	1554.73370
2025-09-08T08:08:34Z	1092.00000	1554.73374
2025-09-08T08:08:35Z	1092.00000	1554.73378
2025-09-08T08:08:35Z	1092.00000	1554.73376
2025-09-08T08:08:35Z	1092.00000	1554.73378
2025-09-08T08:08:35Z	1092.00000	1554.73365
2025-09-08T08:08:35Z	1092.00000	1554.73375
2025-09-08T08:08:35Z	1092.00000	1554.73369
2025-09-08T08:08:35Z	1092.00000	1554.73371
2025-09-08T08:08:35Z	1093.00000	1554.73362
2025-09-08T08:08:35Z	1093.00000	1554.73374
2025-09-08T08:08:35Z	1093.00000	1554.73363
2025-09-08T08:08:36Z	1093.00000	1554.73368
2025-09-08T08:08:36Z	1093.00000	1554.73359
2025-09-08T08:08:36Z	1093.00000	1554.73350
2025-09-08T08:08:36Z	1093.00000	1554.73363
2025-09-08T08:08:36Z	1093.00000	1554.73365
2025-09-08T08:08:36Z	1093.00000	1554.73362
2025-09-08T08:08:36Z	1093.00000	1554.73348
2025-09-08T08:08:36Z	1094.00000	1554.73365
2025-09-08T08:08:36Z	1094.00000	1554.73354
2025-09-08T08:08:36Z	1094.00000	1554.73348
2025-09-08T08:08:37Z	1094.00000	1554.73368
2025-09-08T08:08:37Z	1094.00000	1554.73352
2025-09-08T08:08:37Z	1094.00000	1554.73348
2025-09-08T08:08:37Z	1094.00000	1554.73344
2025-09-08T08:08:37Z	1094.00000	1554.73348
2025-09-08T08:08:37Z	1094.00000	1554.73331
2025-09-08T08:08:37Z	1094.00000	1554.73355
2025-09-08T08:08:37Z	1095.00000	1554.73348
2025-09-08T08:08:37Z	1095.00000	1554.73340
2025-09-08T08:08:37Z	1095.00000	1554.73345
2025-09-08T08:08:38Z	1095.00000	1554.73344
2025-09-08T08:08:38Z	1095.00000	1554.73335
2025-09-08T08:08:38Z	1095.00000	1554.73340
2025-09-08T08:08:38Z	1095.00000	1554.73321
2025-09-08T08:08:38Z	1095.00000	1554.73340
2025-09-08T08:08:38Z	1095.00000	1554.73346
2025-09-08T08:08:38Z	1096.00000	1554.73329
2025-09-08T08:08:38Z	1096.00000	1554.73337
2025-09-08T08:08:38Z	1096.00000	1554.73333
2025-09-08T08:08:39Z	1096.00000	1554.73330
2025-09-08T08:08:39Z	1096.00000	1554.73325
2025-09-08T08:08:39Z	1096.00000	1554.73324
2025-09-08T08:08:39Z	1096.00000	1554.73337
2025-09-08T08:08:39Z	1096.00000	1554.73320
2025-09-08T08:08:39Z	1096.00000	1554.73327
2025-09-08T08:08:39Z	1097.00000	1554.73321
2025-09-08T08:08:39Z	1097.00000	1554.73317
2025-09-08T08:08:39Z	1097.00000	1554.73307
2025-09-08T08:08:40Z	1097.00000	1554.73331
2025-09-08T08:08:40Z	1097.00000	1554.73317
2025-09-08T08:08:40Z	1097.00000	1554.73322
2025-09-08T08:08:40Z	1097.00000	1554.73329
2025-09-08T08:08:40Z	1097.00000	1554.73316
2025-09-08T08:08:40Z	1097.00000	1554.73331
2025-09-08T08:08:40Z	1097.00000	1554.73316
2025-09-08T08:08:40Z	1098.00000	1554.73316
2025-09-08T08:08:40Z	1098.00000	1554.73314
2025-09-08T08:08:40Z	1098.00000	1554.73322
2025-09-08T08:08:41Z	1098.00000	1554.73320
2025-09-08T08:08:41Z	1098.00000	1554.73311
2025-09-08T08:08:41Z	1098.00000	1554.73308
2025-09-08T08:08:41Z	1098.00000	1554.73298
2025-09-08T08:08:41Z	1098.00000	1554.73304
2025-09-08T08:08:41Z	1098.00000	1554.73299
2025-09-08T08:08:41Z	1098.00000	1554.73298
2025-09-08T08:08:41Z	1099.00000	1554.73304
2025-09-08T08:08:41Z	1099.00000	1554.73291
2025-09-08T08:08:41Z	1099.00000	1554.73297
2025-09-08T08:08:42Z	1099.00000	1554.73294
2025-09-08T08:08:42Z	1099.00000	1554.73287
2025-09-08T08:08:42Z	1099.00000	1554.73291
2025-09-08T08:08:42Z	1099.00000	1554.73294
2025-09-08T08:08:42Z	1099.00000	1554.73279
2025-09-08T08:08:42Z	1099.00000	1554.73282
2025-09-08T08:08:42Z	1099.00000	1554.73285
2025-09-08T08:08:42Z	1100.00000	1554.73287
2025-09-08T08:08:42Z	1100.00000	1554.73284
2025-09-08T08:08:42Z	1100.00000	1554.73282
2025-09-08T08:08:43Z	1100.00000	1554.73281
2025-09-08T08:08:43Z	1100.00000	1554.73277
2025-09-08T08:08:43Z	1100.00000	1554.73286
2025-09-08T08:08:43Z	1100.00000	1555.02351
2025-09-08T08:08:43Z	1100.00000	1555.23157
2025-09-08T08:08:43Z	1100.00000	1555.45487
2025-09-08T08:08:43Z	1101.00000	1555.72181
2025-09-08T08:08:43Z	1101.00000	1556.03172
2025-09-08T08:08:43Z	1101.00000	1556.35616
2025-09-08T08:08:44Z	1101.00000	1556.69150
2025-09-08T08:08:44Z	1101.00000	1557.20608
2025-09-08T08:08:44Z	1101.00000	1557.49194
2025-09-08T08:08:44Z	1101.00000	1557.73528
2025-09-08T08:08:44Z	1101.00000	1557.99963
2025-09-08T08:08:44Z	1101.00000	1558.23212
2025-09-08T08:08:44Z	1102.00000	1558.53683
2025-09-08T08:08:44Z	1102.00000	1586.85054	1558.81497
2025-09-08T08:08:44Z	1102.00000	1587.61609	1584.99325	1583.79744	1582.31116	1580.62540	1580.56963	1577.97164	1559.12577
2025-09-08T08:08:45Z	1102.00000	1587.32307	1584.99521	1583.79863	1582.31077	1580.62410	1580.56695	1559.38913
2025-09-08T08:08:45Z	1102.00000	1587.61560	1583.79749	1582.30881	1579.20720	1577.97041	1577.27077	1559.62245
2025-09-08T08:08:45Z	1102.00000	1587.61554	1583.79803	1582.30803	1579.20468	1577.96898	1574.34250	1560.03372
2025-09-08T08:08:45Z	1102.00000	1587.61591	1583.79837	1582.30824	1579.20441	1577.96867	1574.34249	1560.20778
2025-09-08T08:08:45Z	1102.00000	1589.40780	1587.75691	1572.63458	1571.23679	1560.37822
2025-09-08T08:08:45Z	1103.00000	1590.92677	1589.40805	1569.17230	1560.67356	1558.14247
2025-09-08T08:08:45Z	1103.00000	1590.92715	1589.40758	1569.16862	1569.16862	1560.82051
2025-09-08T08:08:45Z	1103.00000	1591.12875	1590.67247	1560.96768
2025-09-08T08:08:46Z	1103.00000	1592.06380	1590.67206	1561.08502
2025-09-08T08:08:46Z	1103.00000	1592.06339	1590.67135	1561.13573
2025-09-08T08:08:46Z	1103.00000	1592.06291	1590.67193	1561.19559
2025-09-08T08:08:46Z	1103.00000	1592.06250	1590.67140	1561.25242
2025-09-08T08:08:46Z	1103.00000	1592.06256	1590.67194	1561.29152
2025-09-08T08:08:46Z	1103.00000	1592.06214	1590.67145	1561.32806
2025-09-08T08:08:46Z	1103.00000	1592.06292	1590.67145	1561.36462
2025-09-08T08:08:46Z	1104.00000	1592.06320	1590.67202	1569.16967	1561.38028
2025-09-08T08:08:46Z	1104.00000	1590.67169	1589.40727	1569.16930	1568.75815	1561.40057
2025-09-08T08:08:46Z	1104.00000	1590.67139	1589.40676	1569.16984	1561.41558
2025-09-08T08:08:47Z	1104.00000	1590.67173	1589.40664	1569.17075	1561.42273
2025-09-08T08:08:47Z	1104.00000	1590.67165	1589.40647	1561.43018
2025-09-08T08:08:47Z	1104.00000	1590.67294	1590.67294	1589.40523	1587.75559	1571.23682	1558.00197
2025-09-08T08:08:47Z	1104.00000	1587.32223	1584.99217	1583.79614	1582.30507	1579.20321	1577.96588	1576.02605	1574.34087	1557.55686
2025-09-08T08:08:47Z	1104.00000	1587.01638	1583.79872	1583.79872	1582.30690	1580.62306	1580.56753	1579.20211	1577.96656	1557.31704
2025-09-08T08:08:47Z	1104.00000	1556.97608
2025-09-08T08:08:47Z	1104.00000	1556.62512
2025-09-08T08:08:47Z	1105.00000	1556.24526
2025-09-08T08:08:47Z	1105.00000	1555.94311
2025-09-08T08:08:47Z	1105.00000	1555.65089
2025-09-08T08:08:48Z	1105.00000	1555.40936
2025-09-08T08:08:48Z	1105.00000	1555.11226
2025-09-08T08:08:48Z	1105.00000	1554.85859
2025-09-08T08:08:48Z	1105.00000	1554.66562
2025-09-08T08:08:48Z	1105.00000	1554.66869
2025-09-08T08:08:48Z	1105.00000	1554.67040
2025-09-08T08:08:48Z	1105.00000	1554.67107
2025-09-08T08:08:48Z	1106.00000	1554.67300
2025-09-08T08:08:48Z	1106.00000	1554.67426
2025-09-08T08:08:49Z	1106.00000	1554.67550
2025-09-08T08:08:49Z	1106.00000	1554.67626
2025-09-08T08:08:49Z	1106.00000	1554.67639
2025-09-08T08:08:49Z	1106.00000	1554.67712
2025-09-08T08:08:49Z	1106.00000	1554.67732
2025-09-08T08:08:49Z	1107.00000	1554.67734
2025-09-08T08:08:49Z	1107.00000	1554.67778
2025-09-08T08:08:49Z	1107.00000	1554.67837
2025-09-08T08:08:50Z	1107.00000	1554.67863
2025-09-08T08:08:50Z	1107.00000	1554.67871
2025-09-08T08:08:50Z	1107.00000	1554.67902
2025-09-08T08:08:50Z	1107.00000	1554.67930
2025-09-08T08:08:50Z	1107.00000	1554.67945
2025-09-08T08:08:50Z	1107.00000	1554.67990
2025-09-08T08:08:50Z	1107.00000	1554.68017
2025-09-08T08:08:50Z	1108.00000	1554.68028
2025-09-08T08:08:50Z	1108.00000	1554.68042
2025-09-08T08:08:50Z	1108.00000	1554.68065
2025-09-08T08:08:51Z	1108.00000	1554.68063
2025-09-08T08:08:51Z	1108.00000	1554.68102
2025-09-08T08:08:51Z	1108.00000	1554.68096
2025-09-08T08:08:51Z	1108.00000	1554.68113
2025-09-08T08:08:51Z	1108.00000	1554.68141
2025-09-08T08:08:51Z	1108.00000	1554.68148
2025-09-08T08:08:51Z	1109.00000	1554.68138
2025-09-08T08:08:51Z	1109.00000	1554.68155
2025-09-08T08:08:51Z	1109.00000	1554.68164
2025-09-08T08:08:52Z	1109.00000	1554.68180
2025-09-08T08:08:52Z	1109.00000	1554.68180
2025-09-08T08:08:52Z	1109.00000	1554.68186
2025-09-08T08:08:52Z	1109.00000	1580.57345	1577.96812	1554.71549
2025-09-08T08:08:52Z	1109.00000	1587.54318	1584.98645	1584.19294	1583.81424	1582.29238	1579.19019	1579.19019	1577.99028	1577.99028	1577.26477	1576.01613	1574.62082	1574.62082	1574.05618	1572.76383	1555.00949
2025-09-08T08:08:52Z	1109.00000	1555.25801
2025-09-08T08:08:52Z	1109.00000	1555.57206
2025-09-08T08:08:52Z	1110.00000	1555.83266
2025-09-08T08:08:52Z	1110.00000	1556.12757
2025-09-08T08:08:52Z	1110.00000	1556.42788
2025-09-08T08:08:53Z	1110.00000	1556.77957
2025-09-08T08:08:53Z	1110.00000	1557.11634
2025-09-08T08:08:53Z	1110.00000	1557.33558
2025-09-08T08:08:53Z	1110.00000	1557.65353
2025-09-08T08:08:53Z	1110.00000	1557.89326
2025-09-08T08:08:53Z	1110.00000	1558.15712
2025-09-08T08:08:53Z	1110.00000	1586.85027	1558.40019
2025-09-08T08:08:53Z	1111.00000	1587.01669	1584.00917	1583.79805	1583.79805	1582.30961	1580.56731	1577.97099	1558.69867
2025-09-08T08:08:53Z	1111.00000	1587.61524	1576.03088	1574.34455	1558.97347
2025-09-08T08:08:53Z	1111.00000	1589.40721	1587.61458	1576.03018	1574.34716	1559.20638
2025-09-08T08:08:54Z	1111.00000	1589.40825	1587.61445	1576.02868	1574.47426	1559.48044
2025-09-08T08:08:54Z	1111.00000	1589.40785	1587.75639	1573.75589	1559.67418
2025-09-08T08:08:54Z	1111.00000	1589.40744	1587.75667	1574.47094	1574.34527	1573.75374	1559.89522
2025-09-08T08:08:54Z	1111.00000	1589.40746	1587.75550	1574.47158	1573.75066	1560.06482
2025-09-08T08:08:54Z	1111.00000	1589.40732	1587.75559	1572.63837	1571.23394	1571.23394	1560.29529
2025-09-08T08:08:54Z	1111.00000	1590.67418	1589.40847	1587.75666	1572.63843	1571.23564	1560.45526
2025-09-08T08:08:54Z	1111.00000	1590.92699	1589.40802	1569.17234	1560.61744
2025-09-08T08:08:54Z	1112.00000	1592.06450	1590.92813	1569.17166	1560.76272
2025-09-08T08:08:54Z	1112.00000	1592.06472	1567.92886	1560.90667
2025-09-08T08:08:54Z	1112.00000	1592.06324	1560.96975
2025-09-08T08:08:55Z	1112.00000	1592.06310	1561.09084
2025-09-08T08:08:55Z	1112.00000	1592.12351	1592.06259	1561.14540
2025-09-08T08:08:55Z	1112.00000	1592.06210	1590.92526	1561.20941
2025-09-08T08:08:55Z	1112.00000	1592.06203	1590.67133	1569.16926	1561.26121
2025-09-08T08:08:55Z	1112.00000	1592.06233	1590.67134	1569.17026	1561.29763
2025-09-08T08:08:55Z	1112.00000	1592.06301	1590.67156	1569.16973	1561.32510
2025-09-08T08:08:55Z	1112.00000	1592.06342	1590.67212	1569.17046	1561.34850
2025-09-08T08:08:55Z	1113.00000	1592.06311	1590.67153	1569.16979	1561.38147
2025-09-08T08:08:55Z	1113.00000	1592.06340	1590.67225	1569.17014	1561.38637
2025-09-08T08:08:55Z	1113.00000	1590.67186	1589.40732	1569.17040	1561.39351
2025-09-08T08:08:56Z	1113.00000	1590.67231	1589.40779	1569.16994	1561.40450
2025-09-08T08:08:56Z	1113.00000	1590.67221	1589.40692	1561.41312
2025-09-08T08:08:56Z	1113.00000	1586.85151	1557.73124
2025-09-08T08:08:56Z	1113.00000	1586.85126	1557.41156
2025-09-08T08:08:56Z	1113.00000	1557.10964
2025-09-08T08:08:56Z	1113.00000	1556.77191
2025-09-08T08:08:56Z	1113.00000	1556.43462
2025-09-08T08:08:56Z	1114.00000	1556.09072
2025-09-08T08:08:56Z	1114.00000	1555.79628
2025-09-08T08:08:56Z	1114.00000	1555.55147
2025-09-08T08:08:57Z	1114.00000	1555.28107
2025-09-08T08:08:57Z	1114.00000	1554.99117
2025-09-08T08:08:57Z	1114.00000	1554.69530
2025-09-08T08:08:57Z	1114.00000	1554.64692
2025-09-08T08:08:57Z	1114.00000	1586.85318	1554.67628
2025-09-08T08:08:57Z	1114.00000	1554.67669
2025-09-08T08:08:57Z	1114.00000	1554.67684
2025-09-08T08:08:57Z	1115.00000	1554.67791
2025-09-08T08:08:57Z	1115.00000	1554.67893
2025-09-08T08:08:57Z	1115.00000	1554.67907
2025-09-08T08:08:58Z	1115.00000	1554.67973
2025-09-08T08:08:58Z	1115.00000	1554.67972
2025-09-08T08:08:58Z	1115.00000	1554.68009
2025-09-08T08:08:58Z	1115.00000	1554.68053
2025-09-08T08:08:58Z	1115.00000	1554.68089
2025-09-08T08:08:58Z	1115.00000	1554.68117
2025-09-08T08:08:58Z	1115.00000	1554.68125
2025-09-08T08:08:58Z	1116.00000	1554.68115
2025-09-08T08:08:58Z	1116.00000	1554.68125
2025-09-08T08:08:58Z	1116.00000	1554.68155
2025-09-08T08:08:59Z	1116.00000	1554.68170
2025-09-08T08:08:59Z	1116.00000	1554.68221
2025-09-08T08:08:59Z	1116.00000	1554.68274
2025-09-08T08:08:59Z	1116.00000	1554.68279
2025-09-08T08:08:59Z	1116.00000	1554.68298
2025-09-08T08:08:59Z	1116.00000	1554.68327
2025-09-08T08:08:59Z	1116.00000	1554.68339
2025-09-08T08:08:59Z	1117.00000	1554.68346
2025-09-08T08:08:59Z	1117.00000	1554.68363
2025-09-08T08:08:59Z	1117.00000	1554.68376
2025-09-08T08:09:00Z	1117.00000	1554.68402
2025-09-08T08:09:00Z	1117.00000	1554.68415
2025-09-08T08:09:00Z	1117.00000	1554.68434
2025-09-08T08:09:00Z	1117.00000	1554.68438
2025-09-08T08:09:00Z	1117.00000	1554.68433
2025-09-08T08:09:00Z	1117.00000	1554.68474
2025-09-08T08:09:00Z	1117.00000	1554.68457
2025-09-08T08:09:00Z	1118.00000	1554.68480
2025-09-08T08:09:00Z	1118.00000	1554.68474
2025-09-08T08:09:00Z	1118.00000	1554.68493
2025-09-08T08:09:01Z	1118.00000	1554.68490
2025-09-08T08:09:01Z	1118.00000	1554.68499
2025-09-08T08:09:01Z	1118.00000	1554.68496
2025-09-08T08:09:01Z	1118.00000	1587.03009	1586.85559	1585.22148	1584.06008	1583.52703	1582.16819	1578.90728	1577.83806	1575.72390	1574.48314	1554.87709
2025-09-08T08:09:01Z	1118.00000	1555.17658
2025-09-08T08:09:01Z	1118.00000	1555.47668
2025-09-08T08:09:01Z	1118.00000	1555.69340
2025-09-08T08:09:01Z	1119.00000	1555.99609
2025-09-08T08:09:01Z	1119.00000	1556.29466
2025-09-08T08:09:01Z	1119.00000	1556.60018
2025-09-08T08:09:02Z	1119.00000	1556.87558
2025-09-08T08:09:02Z	1119.00000	1557.21840
2025-09-08T08:09:02Z	1119.00000	1557.54358
2025-09-08T08:09:02Z	1119.00000	1557.81428
2025-09-08T08:09:02Z	1119.00000	1558.04832
2025-09-08T08:09:02Z	1119.00000	1558.35198
2025-09-08T08:09:02Z	1119.00000	1586.85065	1582.30845	1558.55331
2025-09-08T08:09:02Z	1120.00000	1587.01601	1583.79841	1583.79841	1582.30916	1580.56817	1558.82037
2025-09-08T08:09:02Z	1120.00000	1587.61550	1583.79850	1579.20490	1577.97179	1577.97179	1559.06009
2025-09-08T08:09:02Z	1120.00000	1587.61399	1583.79897	1582.31028	1579.20599	1577.97027	1559.34408
2025-09-08T08:09:03Z	1120.00000	1589.40920	1587.61628	1576.03019	1574.34612	1559.54254
2025-09-08T08:09:03Z	1120.00000	1589.40843	1587.61579	1576.03067	1574.34533	1559.76606
2025-09-08T08:09:03Z	1120.00000	1587.61449	1583.79914	1582.30897	1579.20463	1577.96855	1574.34355	1560.01748
2025-09-08T08:09:03Z	1120.00000	1587.61479	1583.79912	1579.20534	1577.96913	1576.02995	1574.34372	1560.18259
2025-09-08T08:09:03Z	1120.00000	1589.40838	1587.75636	1572.63740	1571.23411	1560.34381	1557.74488
2025-09-08T08:09:03Z	1120.00000	1590.92753	1589.40858	1587.75673	1571.23586	1560.48812	1557.96045
2025-09-08T08:09:03Z	1120.00000	1590.92871	1589.40859	1569.17213	1560.63423	1558.14909
2025-09-08T08:09:03Z	1121.00000	1592.06512	1590.92858	1569.16986	1560.77868
2025-09-08T08:09:03Z	1121.00000	1592.06459	1590.92811	1560.91263
2025-09-08T08:09:03Z	1121.00000	1592.06294	1560.99970
2025-09-08T08:09:04Z	1121.00000	1592.06297	1590.67202	1561.07731
2025-09-08T08:09:04Z	1121.00000	1592.06270	1590.67162	1561.15128
2025-09-08T08:09:04Z	1121.00000	1590.67168	1589.40806	1569.16960	1561.22953
2025-09-08T08:09:04Z	1121.00000	1590.67131	1589.40784	1569.16934	1561.26284
2025-09-08T08:09:04Z	1121.00000	1590.67185	1589.40779	1561.29515
2025-09-08T08:09:04Z	1121.00000	1590.67186	1589.40764	1561.31648
2025-09-08T08:09:04Z	1121.00000	1590.67211	1589.40765	1569.17135	1561.33804
2025-09-08T08:09:04Z	1122.00000	1590.67182	1589.40746	1569.17009	1561.35602
2025-09-08T08:09:04Z	1122.00000	1590.67145	1589.40730	1569.17069	1561.37478
2025-09-08T08:09:04Z	1122.00000	1590.67150	1589.40831	1569.17134	1561.38140
2025-09-08T08:09:05Z	1122.00000	1590.67238	1589.40711	1561.38907
2025-09-08T08:09:05Z	1122.00000	1586.85126	1557.96058
2025-09-08T08:09:05Z	1122.00000	1557.47866
2025-09-08T08:09:05Z	1122.00000	1557.18482
2025-09-08T08:09:05Z	1122.00000	1556.86577
2025-09-08T08:09:05Z	1122.00000	1556.59871
2025-09-08T08:09:05Z	1122.00000	1556.20556
2025-09-08T08:09:05Z	1123.00000	1555.93870
2025-09-08T08:09:05Z	1123.00000	1555.65467
2025-09-08T08:09:05Z	1123.00000	1555.41532
2025-09-08T08:09:06Z	1123.00000	1555.11382
2025-09-08T08:09:06Z	1123.00000	1554.84964
2025-09-08T08:09:06Z	1123.00000	1554.65004
2025-09-08T08:09:06Z	1123.00000	1554.67773
2025-09-08T08:09:06Z	1123.00000	1554.67896
2025-09-08T08:09:06Z	1123.00000	1554.67974
2025-09-08T08:09:06Z	1123.00000	1554.68043
2025-09-08T08:09:06Z	1124.00000	1554.68116
2025-09-08T08:09:06Z	1124.00000	1554.68176
2025-09-08T08:09:06Z	1124.00000	1554.68265
2025-09-08T08:09:07Z	1124.00000	1554.68287
2025-09-08T08:09:07Z	1124.00000	1554.68283
2025-09-08T08:09:07Z	1124.00000	1554.68314
2025-09-08T08:09:07Z	1124.00000	1554.68356
2025-09-08T08:09:07Z	1124.00000	1554.68379
2025-09-08T08:09:07Z	1124.00000	1554.68414
2025-09-08T08:09:07Z	1124.00000	1554.68418
2025-09-08T08:09:07Z	1125.00000	1554.68453
2025-09-08T08:09:07Z	1125.00000	1554.68420
2025-09-08T08:09:07Z	1125.00000	1554.68446
2025-09-08T08:09:08Z	1125.00000	1554.68446
2025-09-08T08:09:08Z	1125.00000	1554.68459
2025-09-08T08:09:08Z	1125.00000	1554.68467
2025-09-08T08:09:08Z	1125.00000	1554.68495
2025-09-08T08:09:08Z	1125.00000	1554.68516
2025-09-08T08:09:08Z	1125.00000	1554.68522
2025-09-08T08:09:08Z	1125.00000	1554.68543
2025-09-08T08:09:08Z	1126.00000	1554.68537
2025-09-08T08:09:08Z	1126.00000	1554.68573
2025-09-08T08:09:08Z	1126.00000	1554.68593
2025-09-08T08:09:09Z	1126.00000	1554.68604
2025-09-08T08:09:09Z	1126.00000	1554.68604
2025-09-08T08:09:09Z	1126.00000	1554.68624
2025-09-08T08:09:09Z	1126.00000	1554.68621
2025-09-08T08:09:09Z	1126.00000	1554.68650
2025-09-08T08:09:09Z	1126.00000	1554.68625
2025-09-08T08:09:09Z	1126.00000	1554.68654
2025-09-08T08:09:09Z	1127.00000	1554.68650
2025-09-08T08:09:09Z	1127.00000	1554.68665
2025-09-08T08:09:09Z	1127.00000	1554.68674
2025-09-08T08:09:10Z	1127.00000	1554.68703
2025-09-08T08:09:10Z	1127.00000	1554.68687
2025-09-08T08:09:10Z	1127.00000	1554.68681
2025-09-08T08:09:10Z	1127.00000	1554.68682
2025-09-08T08:09:10Z	1127.00000	1586.85707	1584.05938	1582.16760	1581.42822	1580.83935	1578.90541	1578.90541	1577.70995	1577.13277	1574.48178	1554.91706
2025-09-08T08:09:10Z	1127.00000	1555.20908
2025-09-08T08:09:10Z	1127.00000	1555.50475
2025-09-08T08:09:10Z	1128.00000	1555.75106
2025-09-08T08:09:10Z	1128.00000	1556.01959
2025-09-08T08:09:10Z	1128.00000	1556.35999
2025-09-08T08:09:11Z	1128.00000	1556.70261
2025-09-08T08:09:11Z	1128.00000	1556.96262
2025-09-08T08:09:11Z	1128.00000	1557.22710
2025-09-08T08:09:11Z	1128.00000	1557.55039
2025-09-08T08:09:11Z	1128.00000	1557.81918
2025-09-08T08:09:11Z	1128.00000	1586.85119	1582.30608	1558.09158
2025-09-08T08:09:11Z	1128.00000	1558.35161
2025-09-08T08:09:11Z	1129.00000	1587.32249	1584.99479	1584.18352	1582.30940	1580.62277	1580.56736	1579.20405	1577.97194	1558.61575
2025-09-08T08:09:11Z	1129.00000	1587.16919	1582.30994	1580.69281	1558.85046
2025-09-08T08:09:11Z	1129.00000	1587.61491	1583.79894	1582.31115	1579.20531	1577.97062	1559.15727
2025-09-08T08:09:12Z	1129.00000	1587.61430	1583.79924	1582.31037	1579.20674	1577.96964	1577.27227	1559.37068
2025-09-08T08:09:12Z	1129.00000	1589.40933	1587.61601	1579.20889	1576.03099	1574.34601	1559.62502
2025-09-08T08:09:12Z	1129.00000	1589.40853	1587.75731	1576.03131	1574.34515	1559.80895
2025-09-08T08:09:12Z	1129.00000	1589.40751	1587.61455	1583.79962	1579.20513	1576.03139	1574.34484	1560.03325
2025-09-08T08:09:12Z	1129.00000	1589.40795	1587.61525	1576.03046	1574.34436	1560.19736
2025-09-08T08:09:12Z	1129.00000	1590.67472	1590.67472	1589.40900	1587.75624	1572.63812	1571.23410	1560.34827	1557.77010
2025-09-08T08:09:12Z	1129.00000	1590.92819	1589.40901	1569.17130	1560.58202	1558.01854
2025-09-08T08:09:12Z	1130.00000	1592.06494	1590.92879	1569.17048	1560.73659	1558.26133
2025-09-08T08:09:12Z	1130.00000	1592.06469	1590.92837	1567.93423	1560.79860
2025-09-08T08:09:12Z	1130.00000	1592.06438	1590.67283	1560.93025
2025-09-08T08:09:13Z	1130.00000	1592.06366	1561.02008
2025-09-08T08:09:13Z	1130.00000	1592.06398	1590.67247	1561.09679
2025-09-08T08:09:13Z	1130.00000	1592.06210	1590.67186	1561.16791
2025-09-08T08:09:13Z	1130.00000	1590.67191	1589.40810	1569.17068	1561.23810
2025-09-08T08:09:13Z	1130.00000	1590.67179	1589.40821	1587.75559	1561.27009
2025-09-08T08:09:13Z	1130.00000	1590.67183	1590.67183	1589.40760	1587.75586	1561.29922
2025-09-08T08:09:13Z	1130.00000	1590.67206	1589.40821	1587.75546	1561.31922
2025-09-08T08:09:13Z	1131.00000	1590.67237	1589.40759	1587.95751	1561.33276
2025-09-08T08:09:13Z	1131.00000	1590.67215	1589.40798	1561.34904
2025-09-08T08:09:13Z	1131.00000	1590.92562	1589.40782	1561.37524
2025-09-08T08:09:14Z	1131.00000	1590.67222	1589.40738	1561.38245
2025-09-08T08:09:14Z	1131.00000	1590.67189	1589.40763	1587.95720	1561.38859
2025-09-08T08:09:14Z	1131.00000	1587.61430	1585.10618	1584.99218	1583.79751	1582.30865	1579.20619	1577.96965	1557.96444
2025-09-08T08:09:14Z	1131.00000	1557.51901
2025-09-08T08:09:14Z	1131.00000	1557.16734
2025-09-08T08:09:14Z	1131.00000	1556.85442
2025-09-08T08:09:14Z	1131.00000	1556.52524
2025-09-08T08:09:14Z	1132.00000	1556.24032
2025-09-08T08:09:14Z	1132.00000	1555.90792
2025-09-08T08:09:14Z	1132.00000	1555.59418
2025-09-08T08:09:15Z	1132.00000	1555.32810
2025-09-08T08:09:15Z	1132.00000	1555.09961
2025-09-08T08:09:15Z	1132.00000	1554.83607
2025-09-08T08:09:15Z	1132.00000	1554.65052
2025-09-08T08:09:15Z	1132.00000	1554.65395
2025-09-08T08:09:15Z	1132.00000	1586.85390	1554.68111
2025-09-08T08:09:15Z	1132.00000	1554.68127
2025-09-08T08:09:15Z	1133.00000	1554.68171
2025-09-08T08:09:15Z	1133.00000	1554.68246
2025-09-08T08:09:15Z	1133.00000	1554.68310
2025-09-08T08:09:16Z	1133.00000	1554.68339
2025-09-08T08:09:16Z	1133.00000	1554.68369
2025-09-08T08:09:16Z	1133.00000	1554.68363
2025-09-08T08:09:16Z	1133.00000	1554.68391
2025-09-08T08:09:16Z	1133.00000	1554.68440
2025-09-08T08:09:16Z	1133.00000	1554.68454
2025-09-08T08:09:16Z	1133.00000	1554.68463
2025-09-08T08:09:16Z	1134.00000	1554.68471
2025-09-08T08:09:16Z	1134.00000	1554.68500
2025-09-08T08:09:16Z	1134.00000	1554.68508
2025-09-08T08:09:17Z	1134.00000	1554.68497
2025-09-08T08:09:17Z	1134.00000	1554.68506
2025-09-08T08:09:17Z	1134.00000	1554.68535
2025-09-08T08:09:17Z	1134.00000	1554.68551
2025-09-08T08:09:17Z	1134.00000	1554.68571
2025-09-08T08:09:17Z	1134.00000	1554.68591
2025-09-08T08:09:17Z	1134.00000	1554.68596
2025-09-08T08:09:17Z	1135.00000	1554.68612
2025-09-08T08:09:17Z	1135.00000	1554.68617
2025-09-08T08:09:17Z	1135.00000	1554.68623
2025-09-08T08:09:18Z	1135.00000	1554.68624
2025-09-08T08:09:18Z	1135.00000	1554.68642
2025-09-08T08:09:18Z	1135.00000	1554.68661
2025-09-08T08:09:18Z	1135.00000	1554.68641
2025-09-08T08:09:18Z	1135.00000	1554.68652
2025-09-08T08:09:18Z	1135.00000	1554.68681
2025-09-08T08:09:18Z	1135.00000	1554.68671
2025-09-08T08:09:18Z	1136.00000	1554.68694
2025-09-08T08:09:18Z	1136.00000	1554.68688
2025-09-08T08:09:18Z	1136.00000	1554.68711
2025-09-08T08:09:19Z	1136.00000	1554.68691
2025-09-08T08:09:19Z	1136.00000	1554.68698
2025-09-08T08:09:19Z	1136.00000	1554.68712
2025-09-08T08:09:19Z	1136.00000	1580.57259	1577.96809	1554.76027
2025-09-08T08:09:19Z	1136.00000	1587.54408	1584.98847	1584.98847	1583.80650	1583.80650	1582.36936	1582.29279	1580.57353	1579.18994	1579.18994	1577.98664	1577.25628	1576.01296	1575.42897	1574.21733	1574.21733	1572.75845	1555.03534
2025-09-08T08:09:19Z	1136.00000	1555.32176
2025-09-08T08:09:19Z	1136.00000	1555.59822
2025-09-08T08:09:19Z	1137.00000	1555.88813
2025-09-08T08:09:19Z	1137.00000	1556.19963
2025-09-08T08:09:19Z	1137.00000	1556.49699
2025-09-08T08:09:20Z	1137.00000	1556.80148
2025-09-08T08:09:20Z	1137.00000	1557.07068
2025-09-08T08:09:20Z	1137.00000	1557.40070
2025-09-08T08:09:20Z	1137.00000	1557.68790
2025-09-08T08:09:20Z	1137.00000	1586.85261	1557.95455
2025-09-08T08:09:20Z	1137.00000	1558.18838
2025-09-08T08:09:20Z	1137.00000	1586.85111	1558.48474
2025-09-08T08:09:20Z	1138.00000	1587.16972	1584.99477	1583.79945	1583.79945	1582.30989	1580.56906	1558.71567
2025-09-08T08:09:20Z	1138.00000	1587.61627	1583.79901	1582.31151	1579.20549	1577.97135	1577.27283	1559.04122
2025-09-08T08:09:20Z	1138.00000	1587.61440	1583.79918	1582.31038	1579.20653	1577.97024	1559.33878
2025-09-08T08:09:21Z	1138.00000	1589.40943	1587.61588	1579.20802	1576.03020	1574.34584	1559.51318
2025-09-08T08:09:21Z	1138.00000	1589.40894	1587.75704	1576.03120	1574.34601	1559.74835
2025-09-08T08:09:21Z	1138.00000	1589.40776	1587.61458	1579.20518	1576.03181	1574.34384	1560.01046
2025-09-08T08:09:21Z	1138.00000	1589.40785	1587.61563	1574.34537	1560.19458
2025-09-08T08:09:21Z	1138.00000	1589.40800	1587.75587	1572.63947	1571.23323	1560.33043	1557.73975
2025-09-08T08:09:21Z	1138.00000	1590.92820	1589.40877	1587.75628	1571.23500	1560.47815	1557.96474
2025-09-08T08:09:21Z	1138.00000	1592.06537	1590.92931	1569.17102	1560.64126	1558.22238
2025-09-08T08:09:21Z	1139.00000	1592.06505	1590.92827	1560.79128
2025-09-08T08:09:21Z	1139.00000	1592.12500	1560.93270
2025-09-08T08:09:21Z	1139.00000	1592.06350	1561.04412
2025-09-08T08:09:22Z	1139.00000	1592.06295	1590.67192	1569.16990	1561.15356
2025-09-08T08:09:22Z	1139.00000	1590.67256	1589.40822	1561.25758
2025-09-08T08:09:22Z	1139.00000	1590.92581	1589.40880	1561.29481
2025-09-08T08:09:22Z	1139.00000	1590.67246	1589.40847	1561.37367
2025-09-08T08:09:22Z	1139.00000	1590.67259	1589.40778	1587.75669	1571.23265	1561.42647
2025-09-08T08:09:22Z	1139.00000	1590.67327	1589.40761	1587.75629	1571.22930	1561.49655
2025-09-08T08:09:22Z	1139.00000	1590.67328	1589.40685	1571.22972	1561.54829
2025-09-08T08:09:22Z	1140.00000	1589.40771	1587.61490	1574.47137	1573.75418	1561.57725
2025-09-08T08:09:22Z	1140.00000	1561.60345
2025-09-08T08:09:22Z	1140.00000	1561.61378
2025-09-08T08:09:23Z	1140.00000	1561.62247
2025-09-08T08:09:23Z	1140.00000	1589.40960	1587.75488	1571.52994	1560.93893
2025-09-08T08:09:23Z	1140.00000	1586.85170	1557.54995
2025-09-08T08:09:23Z	1140.00000	1557.16813
2025-09-08T08:09:23Z	1140.00000	1556.84516
2025-09-08T08:09:23Z	1140.00000	1556.47334
2025-09-08T08:09:23Z	1141.00000	1556.12484
2025-09-08T08:09:23Z	1141.00000	1555.90047
2025-09-08T08:09:23Z	1141.00000	1555.62780
2025-09-08T08:09:24Z	1141.00000	1555.32016
2025-09-08T08:09:24Z	1141.00000	1555.07835
2025-09-08T08:09:24Z	1141.00000	1554.72473
2025-09-08T08:09:24Z	1141.00000	1554.65203
2025-09-08T08:09:24Z	1141.00000	1554.65036
2025-09-08T08:09:24Z	1141.00000	1586.85348	1554.65129
2025-09-08T08:09:24Z	1141.00000	1586.85287	1554.67655
2025-09-08T08:09:24Z	1142.00000	1586.85362	1554.67724
2025-09-08T08:09:24Z	1142.00000	1586.85364	1554.67796
2025-09-08T08:09:24Z	1142.00000	1586.85319	1554.67878
2025-09-08T08:09:25Z	1142.00000	1586.85378	1554.67925
2025-09-08T08:09:25Z	1142.00000	1586.85378	1554.67939
2025-09-08T08:09:25Z	1142.00000	1586.85346	1554.67955
2025-09-08T08:09:25Z	1142.00000	1586.85398	1554.67992
2025-09-08T08:09:25Z	1142.00000	1554.68033
2025-09-08T08:09:25Z	1142.00000	1554.68049
2025-09-08T08:09:25Z	1143.00000	1554.68048
2025-09-08T08:09:25Z	1143.00000	1554.68079
2025-09-08T08:09:26Z	1143.00000	1554.68071
2025-09-08T08:09:26Z	1143.00000	1554.68113
2025-09-08T08:09:26Z	1143.00000	1554.68132
2025-09-08T08:09:26Z	1143.00000	1554.68112
2025-09-08T08:09:26Z	1143.00000	1554.68145
2025-09-08T08:09:26Z	1143.00000	1554.68147
2025-09-08T08:09:26Z	1144.00000	1554.68182
2025-09-08T08:09:26Z	1144.00000	1554.68211
2025-09-08T08:09:27Z	1144.00000	1554.68225
2025-09-08T08:09:27Z	1144.00000	1554.68249
2025-09-08T08:09:27Z	1144.00000	1554.68259
2025-09-08T08:09:27Z	1144.00000	1554.68264
2025-09-08T08:09:27Z	1144.00000	1554.68270
2025-09-08T08:09:27Z	1145.00000	1554.68267
2025-09-08T08:09:27Z	1145.00000	1554.68269
2025-09-08T08:09:28Z	1145.00000	1554.68267
2025-09-08T08:09:28Z	1145.00000	1554.68283
2025-09-08T08:09:28Z	1145.00000	1587.81185	1584.98254	1584.05844	1582.37715	1582.16994	1578.91086	1577.97360	1575.87663	1574.35254	1554.87289
2025-09-08T08:09:28Z	1145.00000	1555.13170
2025-09-08T08:09:28Z	1145.00000	1555.45340
2025-09-08T08:09:28Z	1145.00000	1555.74032
2025-09-08T08:09:28Z	1146.00000	1556.00929
2025-09-08T08:09:28Z	1146.00000	1556.42494
2025-09-08T08:09:28Z	1146.00000	1556.69544
2025-09-08T08:09:29Z	1146.00000	1557.03584
2025-09-08T08:09:29Z	1146.00000	1557.29525
2025-09-08T08:09:29Z	1146.00000	1586.85207	1557.59805
2025-09-08T08:09:29Z	1146.00000	1587.32147	1584.99173	1583.79757	1582.30625	1579.20621	1577.96762	1577.96762	1558.10989
2025-09-08T08:09:29Z	1146.00000	1587.61407	1576.03100	1574.47414	1558.37752
2025-09-08T08:09:29Z	1146.00000	1589.40859	1587.75592	1572.64717	1558.63373
2025-09-08T08:09:29Z	1147.00000	1592.06235	1590.67185	1558.95038
2025-09-08T08:09:29Z	1147.00000	1590.92600	1589.41015	1572.64274	1559.26313
2025-09-08T08:09:30Z	1147.00000	1589.40905	1587.88625	1576.03025	1574.34622	1559.70659
2025-09-08T08:09:30Z	1147.00000	1587.61472	1584.18157	1579.20671	1577.96917	1576.02881	1574.34684	1560.15615
2025-09-08T08:09:30Z	1147.00000	1590.92602	1589.40798	1587.75561	1572.64363	1571.22456	1560.30756	1557.70575
2025-09-08T08:09:30Z	1147.00000	1589.40936	1587.75604	1572.63804	1571.23682	1560.65320
2025-09-08T08:09:30Z	1147.00000	1587.61297	1583.80195	1576.02806	1574.34067	1573.59593	1560.81919
2025-09-08T08:09:30Z	1148.00000	1587.32347	1584.99428	1583.80108	1582.30792	1580.62259	1579.20444	1577.96704	1560.97138
2025-09-08T08:09:30Z	1148.00000	1586.85176	1561.13439
2025-09-08T08:09:30Z	1148.00000	1561.27776
2025-09-08T08:09:31Z	1148.00000	1586.85134	1561.35867
2025-09-08T08:09:31Z	1148.00000	1561.47988
2025-09-08T08:09:31Z	1148.00000	1561.50612
2025-09-08T08:09:31Z	1148.00000	1561.57358
2025-09-08T08:09:31Z	1148.00000	1561.59537
2025-09-08T08:09:31Z	1148.00000	1561.60741
2025-09-08T08:09:31Z	1149.00000	1561.61781
2025-09-08T08:09:31Z	1149.00000	1561.62673
2025-09-08T08:09:31Z	1149.00000	1561.63224
2025-09-08T08:09:32Z	1149.00000	1561.63198
2025-09-08T08:09:32Z	1149.00000	1561.63990
2025-09-08T08:09:32Z	1149.00000	1593.71727	1592.18348	1558.71009
2025-09-08T08:09:32Z	1149.00000	1587.16951	1584.99284	1583.79802	1582.30868	1580.62377	1579.21004	1577.96849	1557.83501
2025-09-08T08:09:32Z	1149.00000	1586.85193	1557.49346
2025-09-08T08:09:32Z	1149.00000	1557.12403
2025-09-08T08:09:32Z	1149.00000	1556.80802
2025-09-08T08:09:32Z	1150.00000	1556.47677
2025-09-08T08:09:32Z	1150.00000	1556.13742
2025-09-08T08:09:32Z	1150.00000	1555.85152
2025-09-08T08:09:33Z	1150.00000	1555.60099
2025-09-08T08:09:33Z	1150.00000	1555.29889
2025-09-08T08:09:33Z	1150.00000	1555.08158
2025-09-08T08:09:33Z	1150.00000	1554.78741
2025-09-08T08:09:33Z	1150.00000	1554.64936
2025-09-08T08:09:33Z	1150.00000	1554.65005
2025-09-08T08:09:33Z	1150.00000	1554.65104
2025-09-08T08:09:33Z	1151.00000	1554.65049
2025-09-08T08:09:33Z	1151.00000	1586.85378	1554.65065
2025-09-08T08:09:33Z	1151.00000	1586.85415	1554.67727
2025-09-08T08:09:34Z	1151.00000	1586.85395	1554.67792
2025-09-08T08:09:34Z	1151.00000	1586.85459	1554.67814
2025-09-08T08:09:34Z	1151.00000	1554.67848
2025-09-08T08:09:34Z	1151.00000	1586.85403	1554.67876
2025-09-08T08:09:34Z	1151.00000	1586.85422	1554.67881
2025-09-08T08:09:34Z	1151.00000	1586.85405	1554.67922
2025-09-08T08:09:34Z	1151.00000	1554.67937
2025-09-08T08:09:34Z	1152.00000	1554.67942
2025-09-08T08:09:34Z	1152.00000	1554.67956
2025-09-08T08:09:34Z	1152.00000	1554.67987
2025-09-08T08:09:35Z	1152.00000	1554.68012
2025-09-08T08:09:35Z	1152.00000	1554.67985
2025-09-08T08:09:35Z	1152.00000	1554.67989
2025-09-08T08:09:35Z	1152.00000	1554.67993
2025-09-08T08:09:35Z	1152.00000	1554.68031
2025-09-08T08:09:35Z	1152.00000	1554.68043
2025-09-08T08:09:35Z	1153.00000	1554.68052
2025-09-08T08:09:35Z	1153.00000	1554.68076
2025-09-08T08:09:35Z	1153.00000	1554.68113
2025-09-08T08:09:36Z	1153.00000	1554.68102
2025-09-08T08:09:36Z	1153.00000	1554.68114
2025-09-08T08:09:36Z	1153.00000	1554.68136
2025-09-08T08:09:36Z	1153.00000	1554.68125
2025-09-08T08:09:36Z	1153.00000	1554.68147
2025-09-08T08:09:36Z	1153.00000	1554.68137
2025-09-08T08:09:36Z	1153.00000	1554.68170
2025-09-08T08:09:36Z	1154.00000	1554.68165
2025-09-08T08:09:36Z	1154.00000	1554.68188
2025-09-08T08:09:37Z	1154.00000	1554.68211
2025-09-08T08:09:37Z	1154.00000	1554.68204
2025-09-08T08:09:37Z	1154.00000	1554.68206
2025-09-08T08:09:37Z	1154.00000	1554.68223
2025-09-08T08:09:37Z	1154.00000	1587.18522	1586.85298	1584.19503	1584.19503	1582.16927	1579.05090	1577.70723	1574.48081	1554.96673
2025-09-08T08:09:37Z	1154.00000	1555.25927
2025-09-08T08:09:37Z	1154.00000	1555.49645
2025-09-08T08:09:37Z	1155.00000	1555.78684
2025-09-08T08:09:37Z	1155.00000	1556.08386
2025-09-08T08:09:37Z	1155.00000	1556.43566
2025-09-08T08:09:38Z	1155.00000	1556.79107
2025-09-08T08:09:38Z	1155.00000	1557.02642
2025-09-08T08:09:38Z	1155.00000	1557.32972
2025-09-08T08:09:38Z	1155.00000	1586.85209	1557.65400
2025-09-08T08:09:38Z	1155.00000	1586.85219	1582.30644	1557.90633
2025-09-08T08:09:38Z	1155.00000	1587.61491	1585.10755	1584.99376	1584.99376	1583.79933	1582.30656	1579.20463	1577.96565	1574.34467	1558.20669
2025-09-08T08:09:38Z	1155.00000	1589.40881	1587.75558	1574.54195	1574.47423	1573.60060	1558.46931
2025-09-08T08:09:38Z	1156.00000	1590.92882	1589.40814	1572.64693	1558.73702
2025-09-08T08:09:38Z	1156.00000	1592.06277	1590.67216	1571.23717	1559.01699
2025-09-08T08:09:38Z	1156.00000	1590.92650	1589.40914	1572.64374	1559.25568
2025-09-08T08:09:39Z	1156.00000	1589.41064	1587.75570	1574.34568	1559.53008
2025-09-08T08:09:39Z	1156.00000	1589.40919	1587.88702	1576.03098	1574.34711	1559.80964
2025-09-08T08:09:39Z	1156.00000	1587.61338	1583.79986	1582.31269	1579.20502	1577.96984	1577.27277	1560.00309
2025-09-08T08:09:39Z	1156.00000	1589.40756	1587.61455	1576.02792	1574.34657	1560.16351
2025-09-08T08:09:39Z	1156.00000	1590.92683	1589.40817	1571.22518	1560.32137
2025-09-08T08:09:39Z	1156.00000	1589.40927	1587.75716	1572.64122	1571.22953	1560.50425
2025-09-08T08:09:39Z	1156.00000	1587.61324	1584.18109	1582.30660	1579.20692	1576.02845	1574.34007	1560.67705
2025-09-08T08:09:39Z	1157.00000	1587.61311	1584.99423	1583.80066	1582.30721	1579.20544	1577.96818	1560.83853
2025-09-08T08:09:39Z	1157.00000	1586.95937	1582.30964	1561.01241
2025-09-08T08:09:39Z	1157.00000	1586.85205	1561.14806
2025-09-08T08:09:40Z	1157.00000	1561.27281
2025-09-08T08:09:40Z	1157.00000	1561.34192
2025-09-08T08:09:40Z	1157.00000	1561.44028
2025-09-08T08:09:40Z	1157.00000	1561.48524
2025-09-08T08:09:40Z	1157.00000	1561.50279
2025-09-08T08:09:40Z	1157.00000	1561.57565
2025-09-08T08:09:40Z	1157.00000	1561.58781
2025-09-08T08:09:40Z	1158.00000	1561.60170
2025-09-08T08:09:40Z	1158.00000	1561.60927
2025-09-08T08:09:40Z	1158.00000	1561.61590
2025-09-08T08:09:41Z	1158.00000	1561.62253
2025-09-08T08:09:41Z	1158.00000	1561.62391
2025-09-08T08:09:41Z	1158.00000	1590.92788	1589.40715	1572.64549	1571.23783	1558.11931
2025-09-08T08:09:41Z	1158.00000	1586.95846	1582.30684	1580.69345	1580.69345	1577.96613	1557.65550
2025-09-08T08:09:41Z	1158.00000	1586.85090	1557.30265
2025-09-08T08:09:41Z	1158.00000	1556.96984
2025-09-08T08:09:41Z	1158.00000	1556.63420
2025-09-08T08:09:41Z	1159.00000	1556.28838
2025-09-08T08:09:41Z	1159.00000	1556.06748
2025-09-08T08:09:41Z	1159.00000	1555.74294
2025-09-08T08:09:42Z	1159.00000	1555.47696
2025-09-08T08:09:42Z	1159.00000	1555.16080
2025-09-08T08:09:42Z	1159.00000	1554.94243
2025-09-08T08:09:42Z	1159.00000	1554.67223
2025-09-08T08:09:42Z	1159.00000	1554.64971
2025-09-08T08:09:42Z	1159.00000	1554.65009
2025-09-08T08:09:42Z	1159.00000	1554.65074
2025-09-08T08:09:42Z	1160.00000	1554.65031
2025-09-08T08:09:42Z	1160.00000	1586.85411	1554.65083
2025-09-08T08:09:42Z	1160.00000	1586.85370	1554.67745
2025-09-08T08:09:43Z	1160.00000	1554.67783
2025-09-08T08:09:43Z	1160.00000	1554.67820
2025-09-08T08:09:43Z	1160.00000	1554.67866
2025-09-08T08:09:43Z	1160.00000	1554.67874
2025-09-08T08:09:43Z	1160.00000	1554.67915
2025-09-08T08:09:43Z	1160.00000	1554.67923
2025-09-08T08:09:43Z	1160.00000	1554.67948
2025-09-08T08:09:43Z	1161.00000	1554.67938
2025-09-08T08:09:43Z	1161.00000	1554.67995
2025-09-08T08:09:43Z	1161.00000	1554.68014
2025-09-08T08:09:44Z	1161.00000	1554.68014
2025-09-08T08:09:44Z	1161.00000	1554.68002
2025-09-08T08:09:44Z	1161.00000	1554.68007
2025-09-08T08:09:44Z	1161.00000	1554.68015
2025-09-08T08:09:44Z	1161.00000	1554.68020
2025-09-08T08:09:44Z	1161.00000	1554.68028
2025-09-08T08:09:44Z	1161.00000	1554.68034
2025-09-08T08:09:44Z	1162.00000	1554.68043
2025-09-08T08:09:44Z	1162.00000	1554.68072
2025-09-08T08:09:44Z	1162.00000	1554.68085
2025-09-08T08:09:45Z	1162.00000	1554.68087
2025-09-08T08:09:45Z	1162.00000	1554.68103
2025-09-08T08:09:45Z	1162.00000	1554.68105
2025-09-08T08:09:45Z	1162.00000	1554.68124
2025-09-08T08:09:45Z	1162.00000	1554.68114
2025-09-08T08:09:45Z	1162.00000	1554.68132
2025-09-08T08:09:45Z	1162.00000	1554.68140
2025-09-08T08:09:45Z	1163.00000	1554.68165
2025-09-08T08:09:45Z	1163.00000	1554.68173
2025-09-08T08:09:45Z	1163.00000	1554.68161
2025-09-08T08:09:46Z	1163.00000	1554.68186
2025-09-08T08:09:46Z	1163.00000	1554.68194
2025-09-08T08:09:46Z	1163.00000	1554.68203
2025-09-08T08:09:46Z	1163.00000	1586.85758	1580.70081	1580.70081	1577.96926	1577.71303	1574.34997	1554.82741
2025-09-08T08:09:46Z	1163.00000	1586.84661	1582.29344	1579.19385	1555.02389
2025-09-08T08:09:46Z	1163.00000	1555.34230
2025-09-08T08:09:46Z	1163.00000	1555.66575
2025-09-08T08:09:46Z	1164.00000	1556.00877
2025-09-08T08:09:46Z	1164.00000	1556.27282
2025-09-08T08:09:46Z	1164.00000	1556.50322
2025-09-08T08:09:47Z	1164.00000	1556.85218
2025-09-08T08:09:47Z	1164.00000	1557.15667
2025-09-08T08:09:47Z	1164.00000	1557.49997
2025-09-08T08:09:47Z	1164.00000	1586.85237	1557.79213
2025-09-08T08:09:47Z	1164.00000	1586.95593	1583.79733	1583.79733	1582.30726	1580.62249	1580.56510	1577.96669	1558.03540
2025-09-08T08:09:47Z	1164.00000	1589.40734	1587.61351	1576.03042	1574.47233	1558.33320
2025-09-08T08:09:47Z	1164.00000	1590.92923	1589.40880	1571.53553	1558.62618
2025-09-08T08:09:47Z	1165.00000	1592.06266	1590.67316	1571.53454	1558.90491
2025-09-08T08:09:47Z	1165.00000	1592.06391	1590.67207	1559.14591
2025-09-08T08:09:47Z	1165.00000	1590.67507	1589.41075	1587.95516	1572.64294	1559.38371
2025-09-08T08:09:48Z	1165.00000	1589.40944	1587.88653	1574.34574	1559.66027
2025-09-08T08:09:48Z	1165.00000	1589.40875	1587.75717	1574.34902	1559.87389
2025-09-08T08:09:48Z	1165.00000	1589.40765	1587.75518	1574.34839	1573.59346	1560.02896
2025-09-08T08:09:48Z	1165.00000	1590.67434	1589.40756	1587.75549	1572.78829	1560.23270
2025-09-08T08:09:48Z	1165.00000	1590.92845	1589.40880	1587.75671	1572.64486	1571.22641	1560.39317
2025-09-08T08:09:48Z	1165.00000	1589.40959	1587.61405	1584.18159	1576.03017	1574.34165	1560.57438
2025-09-08T08:09:48Z	1165.00000	1587.61270	1583.80106	1582.30735	1579.20637	1577.96918	1576.02835	1574.34047	1560.74586
2025-09-08T08:09:48Z	1166.00000	1587.17023	1582.30845	1580.56520	1577.96738	1560.92996
2025-09-08T08:09:48Z	1166.00000	1586.95993	1586.85232	1582.30976	1561.07598
2025-09-08T08:09:48Z	1166.00000	1561.16750
2025-09-08T08:09:49Z	1166.00000	1561.28941
2025-09-08T08:09:49Z	1166.00000	1561.35405
2025-09-08T08:09:49Z	1166.00000	1561.44369
2025-09-08T08:09:49Z	1166.00000	1561.48379
2025-09-08T08:09:49Z	1166.00000	1561.50292
2025-09-08T08:09:49Z	1166.00000	1561.56795
2025-09-08T08:09:49Z	1166.00000	1561.58154
2025-09-08T08:09:49Z	1167.00000	1561.59247
2025-09-08T08:09:49Z	1167.00000	1561.60037
2025-09-08T08:09:49Z	1167.00000	1561.60676
2025-09-08T08:09:50Z	1167.00000	1561.61138
2025-09-08T08:09:50Z	1167.00000	1593.71746	1592.12597	1569.17477	1558.53607
2025-09-08T08:09:50Z	1167.00000	1587.61406	1583.79841	1579.20933	1576.02930	1574.34103	1557.80359
2025-09-08T08:09:50Z	1167.00000	1586.85157	1557.37647
2025-09-08T08:09:50Z	1167.00000	1557.04314
2025-09-08T08:09:50Z	1167.00000	1556.79580
2025-09-08T08:09:50Z	1167.00000	1556.47335
2025-09-08T08:09:50Z	1168.00000	1556.17434
2025-09-08T08:09:50Z	1168.00000	1555.85152
2025-09-08T08:09:50Z	1168.00000	1555.61079
2025-09-08T08:09:51Z	1168.00000	1555.34117
2025-09-08T08:09:51Z	1168.00000	1555.08961
2025-09-08T08:09:51Z	1168.00000	1554.79133
2025-09-08T08:09:51Z	1168.00000	1554.65058
2025-09-08T08:09:51Z	1168.00000	1554.64984
2025-09-08T08:09:51Z	1168.00000	1554.65097
2025-09-08T08:09:51Z	1168.00000	1554.65072
2025-09-08T08:09:51Z	1169.00000	1554.65085
2025-09-08T08:09:51Z	1169.00000	1586.85472	1554.65128
2025-09-08T08:09:51Z	1169.00000	1586.85396	1554.67808
2025-09-08T08:09:52Z	1169.00000	1554.67833
2025-09-08T08:09:52Z	1169.00000	1554.67878
2025-09-08T08:09:52Z	1169.00000	1554.67880
2025-09-08T08:09:52Z	1169.00000	1554.67902
2025-09-08T08:09:52Z	1169.00000	1554.67937
2025-09-08T08:09:52Z	1169.00000	1554.67937
2025-09-08T08:09:52Z	1169.00000	1554.68003
2025-09-08T08:09:52Z	1170.00000	1554.71476
2025-09-08T08:09:52Z	1170.00000	1554.67986
2025-09-08T08:09:52Z	1170.00000	1554.68017
2025-09-08T08:09:53Z	1170.00000	1554.68008
2025-09-08T08:09:53Z	1170.00000	1554.68009
2025-09-08T08:09:53Z	1170.00000	1554.68015
2025-09-08T08:09:53Z	1170.00000	1554.68025
2025-09-08T08:09:53Z	1170.00000	1554.68009
2025-09-08T08:09:53Z	1170.00000	1554.68039
2025-09-08T08:09:53Z	1170.00000	1554.68045
2025-09-08T08:09:53Z	1171.00000	1554.68060
2025-09-08T08:09:53Z	1171.00000	1554.68066
2025-09-08T08:09:53Z	1171.00000	1554.68079
2025-09-08T08:09:54Z	1171.00000	1554.68078
2025-09-08T08:09:54Z	1171.00000	1554.68095
2025-09-08T08:09:54Z	1171.00000	1554.68099
2025-09-08T08:09:54Z	1171.00000	1554.68163
2025-09-08T08:09:54Z	1171.00000	1554.68146
2025-09-08T08:09:54Z	1171.00000	1554.68132
2025-09-08T08:09:54Z	1171.00000	1554.68149
2025-09-08T08:09:54Z	1172.00000	1554.68173
2025-09-08T08:09:54Z	1172.00000	1554.68170
2025-09-08T08:09:54Z	1172.00000	1554.68192
2025-09-08T08:09:55Z	1172.00000	1554.68193
2025-09-08T08:09:55Z	1172.00000	1554.68208
2025-09-08T08:09:55Z	1172.00000	1554.68199
2025-09-08T08:09:55Z	1172.00000	1554.68202
2025-09-08T08:09:55Z	1172.00000	1586.97166	1586.85653	1584.05912	1582.17054	1578.91166	1577.97324	1574.48201	1554.86540
2025-09-08T08:09:55Z	1172.00000	1555.12914
2025-09-08T08:09:55Z	1172.00000	1555.37276
2025-09-08T08:09:55Z	1173.00000	1555.68954
2025-09-08T08:09:55Z	1173.00000	1555.95152
2025-09-08T08:09:55Z	1173.00000	1556.29412
2025-09-08T08:09:56Z	1173.00000	1556.60309
2025-09-08T08:09:56Z	1173.00000	1556.87825
2025-09-08T08:09:56Z	1173.00000	1557.23087
2025-09-08T08:09:56Z	1173.00000	1557.52633
2025-09-08T08:09:56Z	1173.00000	1586.85275	1557.80952
2025-09-08T08:09:56Z	1173.00000	1587.61316	1585.10747	1584.99390	1584.99390	1583.79802	1582.30775	1579.20753	1577.96693	1577.96693	1574.34267	1558.05305
2025-09-08T08:09:56Z	1173.00000	1589.40723	1587.61381	1574.54095	1573.74950	1558.34137
2025-09-08T08:09:56Z	1174.00000	1590.92936	1589.51859	1589.40884	1571.53363	1558.60234
2025-09-08T08:09:56Z	1174.00000	1592.06322	1590.67321	1558.87714
2025-09-08T08:09:56Z	1174.00000	1590.92763	1589.40888	1572.64442	1571.23680	1559.18963
2025-09-08T08:09:57Z	1174.00000	1592.06605	1590.92829	1571.23544	1559.41827
2025-09-08T08:09:57Z	1174.00000	1589.41025	1587.88655	1574.34603	1559.66345
2025-09-08T08:09:57Z	1174.00000	1589.40843	1587.75714	1574.34896	1559.86508
2025-09-08T08:09:57Z	1174.00000	1589.40787	1587.75504	1573.59307	1560.03313
2025-09-08T08:09:57Z	1174.00000	1590.92631	1589.40844	1587.75556	1572.78835	1571.22534	1560.23350
2025-09-08T08:09:57Z	1174.00000	1590.92863	1589.40923	1587.75682	1572.64384	1571.22481	1560.39776
2025-09-08T08:09:57Z	1174.00000	1587.61390	1583.80005	1582.30697	1579.20792	1577.96880	1576.03039	1574.34231	1560.58415
2025-09-08T08:09:57Z	1175.00000	1587.17075	1583.80132	1583.80132	1582.30730	1580.62393	1580.56714	1577.96855	1560.78471
2025-09-08T08:09:57Z	1175.00000	1586.96040	1582.30855	1560.93053
2025-09-08T08:09:57Z	1175.00000	1586.85288	1561.09670
2025-09-08T08:09:58Z	1175.00000	1561.24206
2025-09-08T08:09:58Z	1175.00000	1561.29917
2025-09-08T08:09:58Z	1175.00000	1561.42006
2025-09-08T08:09:58Z	1175.00000	1561.46640
2025-09-08T08:09:58Z	1175.00000	1561.49717
2025-09-08T08:09:58Z	1175.00000	1561.51906
2025-09-08T08:09:58Z	1175.00000	1561.57780
2025-09-08T08:09:58Z	1176.00000	1561.59029
2025-09-08T08:09:58Z	1176.00000	1561.60089
2025-09-08T08:09:58Z	1176.00000	1561.60572
2025-09-08T08:09:59Z	1176.00000	1561.61161
2025-09-08T08:09:59Z	1176.00000	1561.61704
2025-09-08T08:09:59Z	1176.00000	1593.71810	1592.18489	1558.58828
2025-09-08T08:09:59Z	1176.00000	1587.61353	1583.79881	1579.20966	1576.02978	1574.34103	1557.80800
2025-09-08T08:09:59Z	1176.00000	1587.61312	1585.11616	1584.18156	1582.30735	1579.20704	1577.96723	1557.46003
2025-09-08T08:09:59Z	1176.00000	1557.11525
2025-09-08T08:09:59Z	1176.00000	1556.79330
2025-09-08T08:09:59Z	1177.00000	1556.43063
2025-09-08T08:09:59Z	1177.00000	1556.14781
2025-09-08T08:09:59Z	1177.00000	1555.81873
2025-09-08T08:10:00Z	1177.00000	1555.57457
2025-09-08T08:10:00Z	1177.00000	1555.29943
2025-09-08T08:10:00Z	1177.00000	1554.98579
2025-09-08T08:10:00Z	1177.00000	1554.73859
2025-09-08T08:10:00Z	1177.00000	1554.65246
2025-09-08T08:10:00Z	1177.00000	1554.65073
2025-09-08T08:10:00Z	1177.00000	1554.65137
2025-09-08T08:10:00Z	1178.00000	1554.65093
2025-09-08T08:10:00Z	1178.00000	1554.65125
2025-09-08T08:10:00Z	1178.00000	1586.85487	1554.65147
2025-09-08T08:10:01Z	1178.00000	1586.85446	1554.67803
2025-09-08T08:10:01Z	1178.00000	1554.67842
2025-09-08T08:10:01Z	1178.00000	1554.67870
2025-09-08T08:10:01Z	1178.00000	1554.67878
2025-09-08T08:10:01Z	1178.00000	1554.67902
2025-09-08T08:10:01Z	1178.00000	1554.67898
2025-09-08T08:10:01Z	1178.00000	1554.67932
2025-09-08T08:10:01Z	1179.00000	1554.67929
2025-09-08T08:10:01Z	1179.00000	1554.67953
2025-09-08T08:10:01Z	1179.00000	1554.67984
2025-09-08T08:10:02Z	1179.00000	1554.67991
2025-09-08T08:10:02Z	1179.00000	1554.67998
2025-09-08T08:10:02Z	1179.00000	1554.67991
2025-09-08T08:10:02Z	1179.00000	1554.67991
2025-09-08T08:10:02Z	1179.00000	1554.68011
2025-09-08T08:10:02Z	1179.00000	1554.68017
2025-09-08T08:10:02Z	1179.00000	1554.68018
2025-09-08T08:10:02Z	1180.00000	1554.68042
2025-09-08T08:10:02Z	1180.00000	1554.68053
2025-09-08T08:10:02Z	1180.00000	1554.68066
2025-09-08T08:10:03Z	1180.00000	1554.68082
2025-09-08T08:10:03Z	1180.00000	1554.68085
2025-09-08T08:10:03Z	1180.00000	1554.68093
2025-09-08T08:10:03Z	1180.00000	1554.68113
2025-09-08T08:10:03Z	1180.00000	1554.68123
2025-09-08T08:10:03Z	1180.00000	1554.68114
2025-09-08T08:10:03Z	1180.00000	1554.68126
2025-09-08T08:10:03Z	1181.00000	1554.68129
2025-09-08T08:10:03Z	1181.00000	1554.68133
2025-09-08T08:10:03Z	1181.00000	1554.68152
2025-09-08T08:10:04Z	1181.00000	1554.68156
2025-09-08T08:10:04Z	1181.00000	1554.68153
2025-09-08T08:10:04Z	1181.00000	1554.68196
2025-09-08T08:10:04Z	1181.00000	1554.68157
2025-09-08T08:10:04Z	1181.00000	1586.84962	1584.99359	1582.16704	1580.57617	1580.57617	1579.05208	1554.97489
2025-09-08T08:10:04Z	1181.00000	1555.26171
2025-09-08T08:10:04Z	1181.00000	1555.49967
2025-09-08T08:10:04Z	1182.00000	1555.79426
2025-09-08T08:10:04Z	1182.00000	1556.09628
2025-09-08T08:10:04Z	1182.00000	1556.44513
2025-09-08T08:10:05Z	1182.00000	1556.72051
2025-09-08T08:10:05Z	1182.00000	1557.02905
2025-09-08T08:10:05Z	1182.00000	1557.37378
2025-09-08T08:10:05Z	1182.00000	1586.85187	1557.66262
2025-09-08T08:10:05Z	1182.00000	1587.16860	1584.99175	1583.79712	1582.30691	1579.20955	1577.96617	1557.94195
2025-09-08T08:10:05Z	1182.00000	1587.61326	1583.79952	1576.03004	1574.34450	1558.24375
2025-09-08T08:10:05Z	1182.00000	1590.92970	1590.67627	1589.40828	1587.75545	1571.24233	1558.46424
2025-09-08T08:10:05Z	1183.00000	1592.06370	1590.92961	1558.75935
2025-09-08T08:10:05Z	1183.00000	1592.06273	1590.67275	1559.03934
2025-09-08T08:10:05Z	1183.00000	1592.06589	1590.92650	1559.26945
2025-09-08T08:10:06Z	1183.00000	1590.93061	1589.52069	1589.41098	1572.64363	1559.52610
2025-09-08T08:10:06Z	1183.00000	1590.93046	1589.40916	1572.64371	1559.78332
2025-09-08T08:10:06Z	1183.00000	1589.40769	1587.61302	1579.20574	1576.03200	1574.34977	1559.99350
2025-09-08T08:10:06Z	1183.00000	1590.67463	1589.40789	1587.75544	1572.78945	1560.17632
2025-09-08T08:10:06Z	1183.00000	1589.40900	1587.75615	1574.34306	1573.74650	1560.36015
2025-09-08T08:10:06Z	1183.00000	1587.61481	1583.80022	1582.30697	1579.20847	1577.96804	1576.03191	1574.34250	1560.49636
2025-09-08T08:10:06Z	1183.00000	1587.17011	1584.99552	1583.80127	1582.30759	1580.62493	1580.56865	1577.96860	1560.66860
2025-09-08T08:10:06Z	1184.00000	1586.85460	1560.83476
2025-09-08T08:10:06Z	1184.00000	1561.00388
2025-09-08T08:10:06Z	1184.00000	1561.13757
2025-09-08T08:10:07Z	1184.00000	1561.26155
2025-09-08T08:10:07Z	1184.00000	1561.32140
2025-09-08T08:10:07Z	1184.00000	1561.42159
2025-09-08T08:10:07Z	1184.00000	1561.46453
2025-09-08T08:10:07Z	1184.00000	1561.48871
2025-09-08T08:10:07Z	1184.00000	1561.51057
2025-09-08T08:10:07Z	1184.00000	1561.57072
2025-09-08T08:10:07Z	1185.00000	1561.58310
2025-09-08T08:10:07Z	1185.00000	1561.59294
2025-09-08T08:10:07Z	1185.00000	1561.59917
2025-09-08T08:10:08Z	1185.00000	1561.60475
2025-09-08T08:10:08Z	1185.00000	1561.60896
2025-09-08T08:10:08Z	1185.00000	1589.40670	1587.75523	1571.23505	1558.00258
2025-09-08T08:10:08Z	1185.00000	1587.61342	1584.99430	1583.79880	1582.30681	1579.20711	1577.96546	1577.96546	1576.02935	1574.34201	1557.54445
2025-09-08T08:10:08Z	1185.00000	1586.85138	1557.21454
2025-09-08T08:10:08Z	1185.00000	1556.84390
2025-09-08T08:10:08Z	1185.00000	1556.46171
2025-09-08T08:10:08Z	1186.00000	1556.16890
2025-09-08T08:10:08Z	1186.00000	1555.83726
2025-09-08T08:10:08Z	1186.00000	1555.62801
2025-09-08T08:10:09Z	1186.00000	1555.38893
2025-09-08T08:10:09Z	1186.00000	1555.10818
2025-09-08T08:10:09Z	1186.00000	1554.84515
2025-09-08T08:10:09Z	1186.00000	1554.65064
2025-09-08T08:10:09Z	1186.00000	1554.65253
2025-09-08T08:10:09Z	1186.00000	1554.65159
2025-09-08T08:10:09Z	1186.00000	1554.65195
2025-09-08T08:10:09Z	1187.00000	1554.65053
2025-09-08T08:10:09Z	1187.00000	1554.65115
2025-09-08T08:10:09Z	1187.00000	1554.65141
2025-09-08T08:10:10Z	1187.00000	1554.67794
2025-09-08T08:10:10Z	1187.00000	1554.67829
2025-09-08T08:10:10Z	1187.00000	1554.67842
2025-09-08T08:10:10Z	1187.00000	1554.67871
2025-09-08T08:10:10Z	1187.00000	1586.85491	1554.67901
2025-09-08T08:10:10Z	1187.00000	1554.67913
2025-09-08T08:10:10Z	1187.00000	1554.67920
2025-09-08T08:10:10Z	1188.00000	1554.67959
2025-09-08T08:10:10Z	1188.00000	1554.67977
2025-09-08T08:10:11Z	1188.00000	1554.67981
2025-09-08T08:10:11Z	1188.00000	1554.67982
2025-09-08T08:10:11Z	1188.00000	1554.67978
2025-09-08T08:10:11Z	1188.00000	1554.67976
2025-09-08T08:10:11Z	1188.00000	1554.67978
2025-09-08T08:10:11Z	1188.00000	1554.67990
2025-09-08T08:10:11Z	1188.00000	1554.68013
2025-09-08T08:10:11Z	1189.00000	1554.68034
2025-09-08T08:10:11Z	1189.00000	1554.68022
2025-09-08T08:10:11Z	1189.00000	1554.68047
2025-09-08T08:10:12Z	1189.00000	1554.68054
2025-09-08T08:10:12Z	1189.00000	1554.68062
2025-09-08T08:10:12Z	1189.00000	1554.68077
2025-09-08T08:10:12Z	1189.00000	1554.68090
2025-09-08T08:10:12Z	1189.00000	1554.68103
2025-09-08T08:10:12Z	1189.00000	1554.68106
2025-09-08T08:10:12Z	1190.00000	1554.68139
2025-09-08T08:10:12Z	1190.00000	1554.68125
2025-09-08T08:10:13Z	1190.00000	1554.68137
2025-09-08T08:10:13Z	1190.00000	1554.68141
2025-09-08T08:10:13Z	1190.00000	1554.68141
2025-09-08T08:10:13Z	1190.00000	1554.68146
2025-09-08T08:10:13Z	1190.00000	1554.68148
2025-09-08T08:10:13Z	1190.00000	1554.68163
2025-09-08T08:10:13Z	1190.00000	1554.68171
2025-09-08T08:10:13Z	1191.00000	1554.68175
2025-09-08T08:10:13Z	1191.00000	1554.68181
2025-09-08T08:10:13Z	1191.00000	1554.68192
2025-09-08T08:10:14Z	1191.00000	1554.68177
2025-09-08T08:10:14Z	1191.00000	1554.68182
2025-09-08T08:10:14Z	1191.00000	1554.68203
2025-09-08T08:10:14Z	1191.00000	1554.68195
2025-09-08T08:10:14Z	1191.00000	1554.68200
2025-09-08T08:10:14Z	1191.00000	1554.68196
2025-09-08T08:10:14Z	1192.00000	1554.68215
2025-09-08T08:10:14Z	1192.00000	1554.68198
2025-09-08T08:10:14Z	1192.00000	1554.68193
2025-09-08T08:10:15Z	1192.00000	1554.68218
2025-09-08T08:10:15Z	1192.00000	1554.68209
2025-09-08T08:10:15Z	1192.00000	1554.68225
2025-09-08T08:10:15Z	1192.00000	1554.68208
2025-09-08T08:10:15Z	1192.00000	1554.68225
2025-09-08T08:10:15Z	1193.00000	1554.68229
2025-09-08T08:10:15Z	1193.00000	1554.68234
2025-09-08T08:10:16Z	1193.00000	1554.68226
2025-09-08T08:10:16Z	1193.00000	1554.68226
2025-09-08T08:10:16Z	1193.00000	1554.68225
2025-09-08T08:10:16Z	1193.00000	1554.68247
2025-09-08T08:10:16Z	1193.00000	1554.68244
2025-09-08T08:10:16Z	1193.00000	1554.68244
2025-09-08T08:10:16Z	1193.00000	1554.68220
2025-09-08T08:10:16Z	1194.00000	1554.68243
2025-09-08T08:10:16Z	1194.00000	1554.68232
2025-09-08T08:10:16Z	1194.00000	1554.68229
2025-09-08T08:10:17Z	1194.00000	1554.68250
2025-09-08T08:10:17Z	1194.00000	1554.68214
2025-09-08T08:10:17Z	1194.00000	1554.68228
2025-09-08T08:10:17Z	1194.00000	1554.68228
2025-09-08T08:10:17Z	1195.00000	1554.68233
2025-09-08T08:10:17Z	1195.00000	1554.68216
2025-09-08T08:10:17Z	1195.00000	1554.68233
2025-09-08T08:10:18Z	1195.00000	1554.68237
2025-09-08T08:10:18Z	1195.00000	1554.68247
2025-09-08T08:10:18Z	1195.00000	1554.68248
2025-09-08T08:10:18Z	1195.00000	1554.68226
2025-09-08T08:10:18Z	1195.00000	1554.68234
2025-09-08T08:10:18Z	1195.00000	1554.68244
2025-09-08T08:10:18Z	1195.00000	1554.68243
2025-09-08T08:10:18Z	1196.00000	1554.68241
2025-09-08T08:10:18Z	1196.00000	1554.68225
2025-09-08T08:10:18Z	1196.00000	1554.68238
2025-09-08T08:10:19Z	1196.00000	1554.68239
2025-09-08T08:10:19Z	1196.00000	1554.68242
2025-09-08T08:10:19Z	1196.00000	1554.68238
2025-09-08T08:10:19Z	1196.00000	1554.68233
2025-09-08T08:10:19Z	1196.00000	1554.68246
2025-09-08T08:10:19Z	1196.00000	1554.68232
2025-09-08T08:10:19Z	1197.00000	1554.68253
2025-09-08T08:10:19Z	1197.00000	1554.68238
2025-09-08T08:10:20Z	1197.00000	1554.68236
2025-09-08T08:10:20Z	1197.00000	1554.68243
2025-09-08T08:10:20Z	1197.00000	1554.68263
2025-09-08T08:10:20Z	1197.00000	1554.68244
2025-09-08T08:10:20Z	1197.00000	1554.68264
2025-09-08T08:10:20Z	1197.00000	1554.68280
2025-09-08T08:10:20Z	1198.00000	1554.68243
2025-09-08T08:10:20Z	1198.00000	1554.68264
