Timestamp	Time [s]	WL 1[nm]	WL 2[nm]	WL 3[nm]	WL 4[nm]	WL 5[nm]	WL 6[nm]	WL 7[nm]	WL 8[nm]	
2025-08-08T13:07:58Z	4638.00000	1555.05514	1537.98156	1524.95384
2025-08-08T13:07:58Z	4646.00000	1555.05533	1537.98150	1524.95389
2025-08-08T13:07:58Z	4646.00000	1555.05509	1537.98154	1524.95375
2025-08-08T13:07:58Z	4646.00000	1555.05504	1537.98121	1524.95384
2025-08-08T13:07:59Z	4646.00000	1555.05485	1537.98105	1524.95383
2025-08-08T13:07:59Z	4646.00000	1555.05505	1537.98167	1524.95386
2025-08-08T13:07:59Z	4646.00000	1555.05484	1537.98164	1524.95385
2025-08-08T13:07:59Z	4646.00000	1555.05503	1537.98146	1524.95382
2025-08-08T13:07:59Z	4646.00000	1555.05479	1537.98107	1524.95380
2025-08-08T13:07:59Z	4646.00000	1555.05513	1537.98134	1524.95387
2025-08-08T13:07:59Z	4647.00000	1555.05481	1537.98144	1524.95377
2025-08-08T13:07:59Z	4647.00000	1555.05479	1537.98107	1524.95377
2025-08-08T13:07:59Z	4647.00000	1555.05489	1537.98111	1524.95372
2025-08-08T13:07:59Z	4647.00000	1555.05482	1537.98146	1524.95375
2025-08-08T13:07:59Z	4647.00000	1555.05492	1537.98151	1524.95367
2025-08-08T13:08:00Z	4647.00000	1555.05504	1537.98115	1524.95371
2025-08-08T13:08:00Z	4647.00000	1555.05482	1537.98099	1524.95376
2025-08-08T13:08:00Z	4647.00000	1555.05487	1537.98096	1524.95375
2025-08-08T13:08:00Z	4647.00000	1555.05478	1537.98101	1524.95370
2025-08-08T13:08:00Z	4647.00000	1555.05461	1537.98107	1524.95365
2025-08-08T13:08:00Z	4648.00000	1555.05451	1537.98067	1524.95371
2025-08-08T13:08:00Z	4648.00000	1555.05472	1537.98127	1524.95367
2025-08-08T13:08:00Z	4648.00000	1555.05487	1537.98071	1524.95370
2025-08-08T13:08:00Z	4648.00000	1555.05466	1537.98082	1524.95365
2025-08-08T13:08:01Z	4648.00000	1555.05457	1537.98093	1524.95366
2025-08-08T13:08:01Z	4648.00000	1555.05464	1537.98134	1524.95368
2025-08-08T13:08:01Z	4648.00000	1555.05479	1537.98094	1524.95376
2025-08-08T13:08:01Z	4648.00000	1555.05478	1537.98076	1524.95369
2025-08-08T13:08:01Z	4648.00000	1555.05449	1537.98116	1524.95361
2025-08-08T13:08:01Z	4648.00000	1555.05446	1537.98070	1524.95366
2025-08-08T13:08:01Z	4649.00000	1555.05469	1537.98122	1524.95361
2025-08-08T13:08:01Z	4649.00000	1555.05459	1537.98092	1524.95360
2025-08-08T13:08:01Z	4649.00000	1555.05480	1537.98093	1524.95354
2025-08-08T13:08:01Z	4649.00000	1555.05465	1537.98032	1524.95357
2025-08-08T13:08:01Z	4649.00000	1555.05448	1537.98082	1524.95362
2025-08-08T13:08:02Z	4649.00000	1555.05450	1537.98086	1524.95357
2025-08-08T13:08:02Z	4649.00000	1555.05471	1537.98079	1524.95358
2025-08-08T13:08:02Z	4649.00000	1555.05436	1537.98053	1524.95353
2025-08-08T13:08:02Z	4649.00000	1555.05450	1537.98067	1524.95350
2025-08-08T13:08:02Z	4649.00000	1555.05477	1537.98070	1524.95352
2025-08-08T13:08:02Z	4650.00000	1555.05450	1537.98043	1524.95352
2025-08-08T13:08:02Z	4650.00000	1555.05452	1537.98056	1524.95346
2025-08-08T13:08:02Z	4650.00000	1555.05454	1537.98037	1524.95353
2025-08-08T13:08:02Z	4650.00000	1555.05448	1537.98052	1524.95345
2025-08-08T13:08:03Z	4650.00000	1555.05437	1537.98047	1524.95345
2025-08-08T13:08:03Z	4650.00000	1555.05424	1537.98043	1524.95348
2025-08-08T13:08:03Z	4650.00000	1555.05433	1537.98054	1524.95349
2025-08-08T13:08:03Z	4650.00000	1555.05452	1537.98033	1524.95348
2025-08-08T13:08:03Z	4650.00000	1555.05459	1537.98044	1524.95344
2025-08-08T13:08:03Z	4650.00000	1555.05455	1537.98042	1524.95359
2025-08-08T13:08:03Z	4651.00000	1555.05434	1537.98035	1524.95350
2025-08-08T13:08:03Z	4651.00000	1555.05411	1537.98026	1524.95340
2025-08-08T13:08:03Z	4651.00000	1555.05437	1537.98056	1524.95342
2025-08-08T13:08:03Z	4651.00000	1555.05418	1537.98026	1524.95343
2025-08-08T13:08:03Z	4651.00000	1555.05406	1537.98012	1524.95335
2025-08-08T13:08:04Z	4651.00000	1555.05428	1537.98009	1524.95336
2025-08-08T13:08:04Z	4651.00000	1555.05433	1537.98040	1524.95339
2025-08-08T13:08:04Z	4651.00000	1555.05409	1537.98041	1524.95332
2025-08-08T13:08:04Z	4651.00000	1555.05433	1537.98042	1524.95332
2025-08-08T13:08:04Z	4651.00000	1555.05461	1537.98034	1524.95338
2025-08-08T13:08:04Z	4652.00000	1555.05415	1537.98006	1524.95344
2025-08-08T13:08:04Z	4652.00000	1555.05431	1537.98011	1524.95328
2025-08-08T13:08:04Z	4652.00000	1555.05400	1537.98009	1524.95317
2025-08-08T13:08:04Z	4652.00000	1555.05418	1537.98009	1524.95324
2025-08-08T13:08:05Z	4652.00000	1555.05406	1537.98017	1524.95336
2025-08-08T13:08:05Z	4652.00000	1555.05419	1537.98006	1524.95325
2025-08-08T13:08:05Z	4652.00000	1555.05409	1537.97999	1524.95324
2025-08-08T13:08:05Z	4652.00000	1555.05413	1537.98021	1524.95320
2025-08-08T13:08:05Z	4652.00000	1555.05416	1537.98016	1524.95325
2025-08-08T13:08:05Z	4652.00000	1555.05413	1537.97990	1524.95326
2025-08-08T13:08:05Z	4653.00000	1555.05410	1537.97989	1524.95330
2025-08-08T13:08:05Z	4653.00000	1555.05425	1537.97987	1524.95318
2025-08-08T13:08:05Z	4653.00000	1555.05404	1537.97985	1524.95316
2025-08-08T13:08:05Z	4653.00000	1555.05405	1537.97988	1524.95309
2025-08-08T13:08:05Z	4653.00000	1555.05390	1537.98010	1524.95322
2025-08-08T13:08:06Z	4653.00000	1555.05406	1537.97957	1524.95330
2025-08-08T13:08:06Z	4653.00000	1555.05388	1537.97974	1524.95313
2025-08-08T13:08:06Z	4653.00000	1555.05419	1537.97995	1524.95323
2025-08-08T13:08:06Z	4653.00000	1555.05398	1537.97994	1524.95308
2025-08-08T13:08:06Z	4653.00000	1555.05410	1537.97970	1524.95327
2025-08-08T13:08:06Z	4654.00000	1555.05404	1537.97977	1524.95315
2025-08-08T13:08:06Z	4654.00000	1555.05398	1537.97986	1524.95310
2025-08-08T13:08:06Z	4654.00000	1555.05404	1537.97990	1524.95313
2025-08-08T13:08:06Z	4654.00000	1555.32708	1538.23668	1525.10398
2025-08-08T13:08:06Z	4654.00000	1555.61939	1538.50559	1525.26440
2025-08-08T13:08:07Z	4654.00000	1555.88266	1538.75574	1525.40768
2025-08-08T13:08:07Z	4654.00000	1556.11098	1538.96985	1525.53026
2025-08-08T13:08:07Z	4654.00000	1556.30275	1539.14629	1525.63253
2025-08-08T13:08:07Z	4654.00000	1556.52200	1539.34935	1525.74537
2025-08-08T13:08:07Z	4654.00000	1556.76457	1539.57697	1525.88037
2025-08-08T13:08:07Z	4655.00000	1556.96510	1539.76545	1525.98965
2025-08-08T13:08:07Z	4655.00000	1557.15497	1539.94412	1526.09153
2025-08-08T13:08:07Z	4655.00000	1557.34463	1540.12095	1526.19400
2025-08-08T13:08:07Z	4655.00000	1557.58219	1540.34679	1526.32191
2025-08-08T13:08:07Z	4655.00000	1557.72586	1540.48033	1526.40207
2025-08-08T13:08:08Z	4655.00000	1557.88874	1540.63268	1526.48813
2025-08-08T13:08:08Z	4655.00000	1558.07627	1540.80970	1526.59159
2025-08-08T13:08:08Z	4655.00000	1558.25660	1540.98090	1526.68917
2025-08-08T13:08:08Z	4655.00000	1558.40529	1541.12184	1526.77191
2025-08-08T13:08:08Z	4655.00000	1558.51766	1541.22491	1526.83232
2025-08-08T13:08:08Z	4656.00000	1558.66639	1541.36585	1526.91222
2025-08-08T13:08:08Z	4656.00000	1558.78445	1541.47967	1526.97977
2025-08-08T13:08:08Z	4656.00000	1558.89318	1541.58017	1527.03843
2025-08-08T13:08:08Z	4656.00000	1558.99439	1541.67994	1527.09374
2025-08-08T13:08:08Z	4656.00000	1559.08531	1541.76715	1527.14629
2025-08-08T13:08:09Z	4656.00000	1559.18758	1541.86610	1527.20402
2025-08-08T13:08:09Z	4656.00000	1559.26271	1541.93682	1527.24539
2025-08-08T13:08:09Z	4656.00000	1559.33017	1542.00231	1527.28215
2025-08-08T13:08:09Z	4656.00000	1559.39922	1542.06876	1527.32254
2025-08-08T13:08:09Z	4656.00000	1559.45249	1542.11858	1527.35362
2025-08-08T13:08:09Z	4657.00000	1559.50531	1542.16970	1527.38251
2025-08-08T13:08:09Z	4657.00000	1559.54297	1542.20572	1527.40329
2025-08-08T13:08:09Z	4657.00000	1559.57475	1542.23620	1527.42076
2025-08-08T13:08:09Z	4657.00000	1559.59859	1542.25859	1527.43401
2025-08-08T13:08:09Z	4657.00000	1559.62884	1542.28480	1527.45093
2025-08-08T13:08:10Z	4657.00000	1559.65649	1542.30840	1527.46463
2025-08-08T13:08:10Z	4657.00000	1559.67243	1542.32254	1527.47399
2025-08-08T13:08:10Z	4657.00000	1559.68898	1542.34293	1527.48368
2025-08-08T13:08:10Z	4657.00000	1559.70786	1542.36074	1527.49436
2025-08-08T13:08:10Z	4657.00000	1559.72371	1542.37597	1527.50328
2025-08-08T13:08:10Z	4658.00000	1559.73797	1542.38796	1527.51168
2025-08-08T13:08:10Z	4658.00000	1559.74769	1542.39683	1527.51728
2025-08-08T13:08:10Z	4658.00000	1559.75812	1542.40618	1527.52325
2025-08-08T13:08:10Z	4658.00000	1559.76725	1542.41557	1527.52918
2025-08-08T13:08:10Z	4658.00000	1559.77666	1542.42263	1527.53386
2025-08-08T13:08:11Z	4658.00000	1559.78481	1542.43136	1527.53864
2025-08-08T13:08:11Z	4658.00000	1559.79266	1542.43660	1527.54297
2025-08-08T13:08:11Z	4658.00000	1559.79957	1542.44308	1527.54669
2025-08-08T13:08:11Z	4658.00000	1559.80771	1542.45133	1527.55174
2025-08-08T13:08:11Z	4658.00000	1559.81406	1542.45635	1527.55537
2025-08-08T13:08:11Z	4659.00000	1559.82298	1542.46212	1527.55832
2025-08-08T13:08:11Z	4659.00000	1559.26902	1541.84959	1527.24776
2025-08-08T13:08:11Z	4659.00000	1558.09999	1540.79336	1526.59679
2025-08-08T13:08:11Z	4659.00000	1557.77191	1540.49611	1526.41965
2025-08-08T13:08:11Z	4659.00000	1557.54129	1540.28577	1526.29233
2025-08-08T13:08:12Z	4659.00000	1557.30179	1540.06813	1526.16274
2025-08-08T13:08:12Z	4659.00000	1557.08258	1539.86707	1526.04596
2025-08-08T13:08:12Z	4659.00000	1556.90287	1539.69910	1525.94556
2025-08-08T13:08:12Z	4659.00000	1556.76033	1539.56810	1525.86981
2025-08-08T13:08:12Z	4659.00000	1556.56025	1539.38264	1525.75860
2025-08-08T13:08:12Z	4660.00000	1556.39958	1539.23598	1525.67699
2025-08-08T13:08:12Z	4660.00000	1556.24322	1539.09299	1525.59375
2025-08-08T13:08:12Z	4660.00000	1556.09221	1538.95386	1525.51483
2025-08-08T13:08:12Z	4660.00000	1555.94639	1538.81687	1525.43845
2025-08-08T13:08:12Z	4660.00000	1555.78200	1538.66298	1525.34882
2025-08-08T13:08:13Z	4660.00000	1555.64325	1538.53280	1525.27602
2025-08-08T13:08:13Z	4660.00000	1555.48794	1538.38885	1525.18977
2025-08-08T13:08:13Z	4660.00000	1555.33048	1538.24519	1525.10803
2025-08-08T13:08:13Z	4660.00000	1555.23092	1538.15330	1525.05411
2025-08-08T13:08:13Z	4660.00000	1555.13981	1538.06510	1525.00120
2025-08-08T13:08:13Z	4661.00000	1555.13356	1538.06056	1524.99806
2025-08-08T13:08:13Z	4661.00000	1555.12868	1538.05482	1524.99543
2025-08-08T13:08:13Z	4661.00000	1555.12649	1538.05250	1524.99403
2025-08-08T13:08:13Z	4661.00000	1555.12433	1538.05026	1524.99261
2025-08-08T13:08:13Z	4661.00000	1555.12250	1538.04860	1524.99144
2025-08-08T13:08:14Z	4661.00000	1555.11945	1538.04614	1524.98993
2025-08-08T13:08:14Z	4661.00000	1555.11790	1538.04528	1524.98911
2025-08-08T13:08:14Z	4661.00000	1555.11629	1538.04359	1524.98829
2025-08-08T13:08:14Z	4661.00000	1555.11460	1538.04130	1524.98738
2025-08-08T13:08:14Z	4661.00000	1555.11341	1538.03949	1524.98657
2025-08-08T13:08:14Z	4662.00000	1555.11208	1538.03783	1524.98566
2025-08-08T13:08:14Z	4662.00000	1555.11077	1538.03669	1524.98475
2025-08-08T13:08:14Z	4662.00000	1555.11031	1538.03581	1524.98428
2025-08-08T13:08:14Z	4662.00000	1555.10808	1538.03399	1524.98315
2025-08-08T13:08:15Z	4662.00000	1555.10675	1538.03279	1524.98255
2025-08-08T13:08:15Z	4662.00000	1555.10579	1538.03184	1524.98205
2025-08-08T13:08:15Z	4662.00000	1555.10454	1538.03073	1524.98154
2025-08-08T13:08:15Z	4662.00000	1555.10211	1538.02969	1524.98073
2025-08-08T13:08:15Z	4662.00000	1555.10203	1538.02982	1524.98083
2025-08-08T13:08:15Z	4663.00000	1555.10106	1538.02836	1524.97998
2025-08-08T13:08:15Z	4663.00000	1555.10031	1538.02794	1524.97954
2025-08-08T13:08:15Z	4663.00000	1555.09954	1538.02661	1524.97900
2025-08-08T13:08:15Z	4663.00000	1555.09900	1538.02612	1524.97837
2025-08-08T13:08:16Z	4663.00000	1555.09838	1538.02517	1524.97800
2025-08-08T13:08:16Z	4663.00000	1555.09778	1538.02428	1524.97770
2025-08-08T13:08:16Z	4663.00000	1555.09729	1538.02345	1524.97717
2025-08-08T13:08:16Z	4663.00000	1555.09697	1538.02332	1524.97702
2025-08-08T13:08:16Z	4663.00000	1555.09643	1538.02318	1524.97665
2025-08-08T13:08:16Z	4663.00000	1555.09595	1538.02215	1524.97639
2025-08-08T13:08:16Z	4664.00000	1555.09519	1538.02110	1524.97576
2025-08-08T13:08:16Z	4664.00000	1555.09470	1538.02077	1524.97566
2025-08-08T13:08:16Z	4664.00000	1555.09352	1538.01972	1524.97501
2025-08-08T13:08:17Z	4664.00000	1555.09294	1538.01916	1524.97469
2025-08-08T13:08:17Z	4664.00000	1555.09245	1538.01858	1524.97440
2025-08-08T13:08:17Z	4664.00000	1555.09164	1538.01822	1524.97421
2025-08-08T13:08:17Z	4664.00000	1555.09113	1538.01764	1524.97388
2025-08-08T13:08:17Z	4664.00000	1555.09057	1538.01741	1524.97379
2025-08-08T13:08:17Z	4665.00000	1555.09048	1538.01699	1524.97350
2025-08-08T13:08:17Z	4665.00000	1555.08982	1538.01649	1524.97329
2025-08-08T13:08:17Z	4665.00000	1555.28990	1538.20589	1525.08707
2025-08-08T13:08:17Z	4665.00000	1555.59147	1538.48150	1525.24902
2025-08-08T13:08:18Z	4665.00000	1555.86438	1538.73852	1525.39457
2025-08-08T13:08:18Z	4665.00000	1556.09355	1538.95421	1525.51966
2025-08-08T13:08:18Z	4665.00000	1556.50566	1539.33556	1525.73602
2025-08-08T13:08:18Z	4665.00000	1556.71538	1539.53145	1525.85213
2025-08-08T13:08:18Z	4665.00000	1556.95013	1539.75057	1525.97965
2025-08-08T13:08:18Z	4666.00000	1557.14912	1539.93728	1526.08680
2025-08-08T13:08:18Z	4666.00000	1557.37422	1540.14718	1526.20918
2025-08-08T13:08:18Z	4666.00000	1557.58447	1540.34782	1526.32198
2025-08-08T13:08:18Z	4666.00000	1557.89865	1540.64025	1526.49221
2025-08-08T13:08:19Z	4666.00000	1558.06080	1540.79402	1526.58120
2025-08-08T13:08:19Z	4666.00000	1558.21829	1540.94247	1526.66655
2025-08-08T13:08:19Z	4666.00000	1558.40095	1541.11677	1526.76740
2025-08-08T13:08:19Z	4666.00000	1558.66920	1541.36736	1526.91314
2025-08-08T13:08:19Z	4667.00000	1558.78976	1541.48426	1526.98233
2025-08-08T13:08:19Z	4667.00000	1558.93043	1541.61935	1527.05919
2025-08-08T13:08:19Z	4667.00000	1559.06941	1541.74960	1527.13667
2025-08-08T13:08:19Z	4667.00000	1559.17837	1541.85455	1527.19772
2025-08-08T13:08:20Z	4667.00000	1559.30919	1541.98118	1527.27053
2025-08-08T13:08:20Z	4667.00000	1559.38209	1542.04947	1527.31119
2025-08-08T13:08:20Z	4667.00000	1559.45271	1542.11519	1527.35261
2025-08-08T13:08:20Z	4667.00000	1559.51491	1542.17640	1527.38661
2025-08-08T13:08:20Z	4667.00000	1559.55830	1542.21811	1527.41038
2025-08-08T13:08:20Z	4668.00000	1559.62540	1542.27968	1527.44763
2025-08-08T13:08:20Z	4668.00000	1559.66377	1542.31363	1527.46748
2025-08-08T13:08:20Z	4668.00000	1559.69412	1542.34544	1527.48489
2025-08-08T13:08:21Z	4668.00000	1559.71971	1542.36925	1527.49937
2025-08-08T13:08:21Z	4668.00000	1559.74089	1542.38801	1527.51138
2025-08-08T13:08:21Z	4668.00000	1559.75649	1542.40238	1527.52043
2025-08-08T13:08:21Z	4668.00000	1559.77260	1542.41790	1527.53000
2025-08-08T13:08:21Z	4668.00000	1559.78507	1542.42851	1527.53690
2025-08-08T13:08:21Z	4669.00000	1559.79474	1542.43645	1527.54258
2025-08-08T13:08:21Z	4669.00000	1559.81096	1542.45134	1527.55148
2025-08-08T13:08:21Z	4669.00000	1559.82597	1542.46153	1527.55809
2025-08-08T13:08:21Z	4669.00000	1559.83751	1542.47227	1527.56514
2025-08-08T13:08:22Z	4669.00000	1559.84855	1542.48148	1527.57075
2025-08-08T13:08:22Z	4669.00000	1559.85760	1542.49010	1527.57578
2025-08-08T13:08:22Z	4669.00000	1559.86448	1542.49520	1527.57946
2025-08-08T13:08:22Z	4669.00000	1559.87001	1542.50103	1527.58228
2025-08-08T13:08:22Z	4669.00000	1559.87516	1542.50558	1527.58565
2025-08-08T13:08:22Z	4670.00000	1559.87897	1542.50880	1527.58767
2025-08-08T13:08:22Z	4670.00000	1559.88457	1542.51857	1527.59028
2025-08-08T13:08:22Z	4670.00000	1558.20998	1540.89223	1526.65521
2025-08-08T13:08:22Z	4670.00000	1557.56967	1540.31028	1526.30702
2025-08-08T13:08:23Z	4670.00000	1557.36370	1540.12211	1526.19668
2025-08-08T13:08:23Z	4670.00000	1557.13967	1539.91788	1526.07629
2025-08-08T13:08:23Z	4670.00000	1556.93304	1539.72760	1525.96372
2025-08-08T13:08:23Z	4670.00000	1556.73380	1539.54384	1525.85639
2025-08-08T13:08:23Z	4671.00000	1556.45953	1539.29387	1525.70763
2025-08-08T13:08:23Z	4671.00000	1556.27505	1539.12338	1525.61192
2025-08-08T13:08:23Z	4671.00000	1556.11763	1538.97746	1525.52891
2025-08-08T13:08:23Z	4671.00000	1555.97219	1538.84023	1525.45285
2025-08-08T13:08:23Z	4671.00000	1555.82883	1538.70854	1525.37445
2025-08-08T13:08:24Z	4671.00000	1555.66604	1538.55483	1525.28900
2025-08-08T13:08:24Z	4671.00000	1555.52957	1538.42907	1525.21409
2025-08-08T13:08:24Z	4671.00000	1555.39340	1538.30369	1525.14194
2025-08-08T13:08:24Z	4671.00000	1555.22547	1538.15045	1525.05251
2025-08-08T13:08:24Z	4671.00000	1555.15697	1538.08250	1525.01254
2025-08-08T13:08:24Z	4672.00000	1555.14986	1538.07680	1525.00866
2025-08-08T13:08:24Z	4672.00000	1555.14608	1538.07346	1525.00680
2025-08-08T13:08:24Z	4672.00000	1555.14164	1538.06772	1525.00376
2025-08-08T13:08:24Z	4672.00000	1555.13983	1538.06618	1525.00242
2025-08-08T13:08:25Z	4672.00000	1555.13735	1538.06391	1525.00080
2025-08-08T13:08:25Z	4672.00000	1555.13549	1538.06210	1524.99978
2025-08-08T13:08:25Z	4672.00000	1555.13283	1538.06088	1524.99877
2025-08-08T13:08:25Z	4672.00000	1555.13089	1538.05888	1524.99781
2025-08-08T13:08:25Z	4672.00000	1555.12946	1538.05632	1524.99701
2025-08-08T13:08:25Z	4673.00000	1555.12826	1538.05433	1524.99597
2025-08-08T13:08:25Z	4673.00000	1555.12606	1538.05187	1524.99448
2025-08-08T13:08:25Z	4673.00000	1555.12497	1538.05118	1524.99386
2025-08-08T13:08:25Z	4673.00000	1555.12393	1538.05007	1524.99311
2025-08-08T13:08:26Z	4673.00000	1555.12263	1538.04907	1524.99244
2025-08-08T13:08:26Z	4673.00000	1555.12126	1538.04784	1524.99163
2025-08-08T13:08:26Z	4673.00000	1555.11997	1538.04696	1524.99080
2025-08-08T13:08:26Z	4673.00000	1555.11814	1538.04524	1524.98974
2025-08-08T13:08:26Z	4673.00000	1555.11784	1538.04499	1524.98951
2025-08-08T13:08:26Z	4674.00000	1555.11609	1538.04355	1524.98892
2025-08-08T13:08:26Z	4674.00000	1555.11560	1538.04234	1524.98851
2025-08-08T13:08:26Z	4674.00000	1555.11405	1538.04050	1524.98745
2025-08-08T13:08:27Z	4674.00000	1555.11341	1538.03964	1524.98707
2025-08-08T13:08:27Z	4674.00000	1555.11269	1538.03916	1524.98659
2025-08-08T13:08:27Z	4674.00000	1555.11230	1538.03858	1524.98635
2025-08-08T13:08:27Z	4674.00000	1555.11166	1538.03782	1524.98585
2025-08-08T13:08:27Z	4674.00000	1555.11100	1538.03706	1524.98544
2025-08-08T13:08:27Z	4675.00000	1555.11056	1538.03653	1524.98505
2025-08-08T13:08:27Z	4675.00000	1555.10984	1538.03574	1524.98480
2025-08-08T13:08:27Z	4675.00000	1555.10940	1538.03510	1524.98457
2025-08-08T13:08:27Z	4675.00000	1555.10849	1538.03439	1524.98374
2025-08-08T13:08:27Z	4675.00000	1555.10794	1538.03395	1524.98363
2025-08-08T13:08:28Z	4675.00000	1555.10737	1538.03351	1524.98344
2025-08-08T13:08:28Z	4675.00000	1555.10675	1538.03299	1524.98293
2025-08-08T13:08:28Z	4675.00000	1555.10609	1538.03249	1524.98285
2025-08-08T13:08:28Z	4675.00000	1555.10568	1538.03196	1524.98240
2025-08-08T13:08:28Z	4675.00000	1555.10511	1538.03132	1524.98216
2025-08-08T13:08:28Z	4676.00000	1555.10396	1538.03046	1524.98149
2025-08-08T13:08:28Z	4676.00000	1555.31914	1538.23220	1525.10077
2025-08-08T13:08:28Z	4676.00000	1555.53755	1538.43392	1525.21990
2025-08-08T13:08:28Z	4676.00000	1555.82426	1538.70267	1525.37469
2025-08-08T13:08:29Z	4676.00000	1556.08980	1538.95173	1525.51865
2025-08-08T13:08:29Z	4676.00000	1556.28211	1539.13056	1525.62171
2025-08-08T13:08:29Z	4676.00000	1556.53969	1539.36745	1525.75493
2025-08-08T13:08:29Z	4676.00000	1556.99096	1539.78853	1526.00288
2025-08-08T13:08:29Z	4677.00000	1557.18883	1539.97739	1526.10862
2025-08-08T13:08:29Z	4677.00000	1557.34860	1540.12413	1526.19572
2025-08-08T13:08:29Z	4677.00000	1557.52888	1540.29395	1526.29257
2025-08-08T13:08:29Z	4677.00000	1557.73581	1540.48870	1526.40723
2025-08-08T13:08:30Z	4677.00000	1557.93752	1540.67743	1526.51389
2025-08-08T13:08:30Z	4677.00000	1558.09573	1540.82727	1526.60176
2025-08-08T13:08:30Z	4677.00000	1558.25397	1540.97727	1526.68696
2025-08-08T13:08:30Z	4677.00000	1558.40514	1541.12053	1526.77095
2025-08-08T13:08:30Z	4677.00000	1558.56730	1541.27388	1526.85837
2025-08-08T13:08:30Z	4677.00000	1558.71802	1541.41281	1526.94245
2025-08-08T13:08:30Z	4678.00000	1558.82106	1541.51139	1526.99994
2025-08-08T13:08:30Z	4678.00000	1558.93468	1541.62310	1527.06267
2025-08-08T13:08:30Z	4678.00000	1559.04243	1541.72530	1527.12195
2025-08-08T13:08:30Z	4678.00000	1559.13730	1541.81938	1527.17683
2025-08-08T13:08:30Z	4678.00000	1559.22698	1541.90081	1527.22574
2025-08-08T13:08:31Z	4678.00000	1559.31807	1541.98882	1527.27513
2025-08-08T13:08:31Z	4678.00000	1559.39995	1542.06714	1527.32267
2025-08-08T13:08:31Z	4678.00000	1559.45878	1542.12271	1527.35676
2025-08-08T13:08:31Z	4678.00000	1559.52111	1542.18288	1527.39046
2025-08-08T13:08:31Z	4678.00000	1559.56513	1542.22451	1527.41507
2025-08-08T13:08:31Z	4679.00000	1559.59680	1542.25437	1527.43236
2025-08-08T13:08:31Z	4679.00000	1559.63111	1542.28612	1527.45181
2025-08-08T13:08:31Z	4679.00000	1559.66871	1542.31805	1527.47108
2025-08-08T13:08:31Z	4679.00000	1559.69481	1542.34687	1527.48591
2025-08-08T13:08:31Z	4679.00000	1559.71778	1542.36772	1527.49874
2025-08-08T13:08:32Z	4679.00000	1559.73693	1542.38523	1527.51009
2025-08-08T13:08:32Z	4679.00000	1559.75886	1542.40505	1527.52272
2025-08-08T13:08:32Z	4679.00000	1559.77707	1542.42135	1527.53289
2025-08-08T13:08:32Z	4679.00000	1559.79032	1542.43476	1527.54068
2025-08-08T13:08:32Z	4679.00000	1559.80047	1542.44246	1527.54612
2025-08-08T13:08:32Z	4680.00000	1559.81150	1542.45273	1527.55265
2025-08-08T13:08:32Z	4680.00000	1559.82662	1542.46340	1527.55922
2025-08-08T13:08:32Z	4680.00000	1559.83641	1542.47233	1527.56522
2025-08-08T13:08:32Z	4680.00000	1559.84553	1542.47936	1527.56978
2025-08-08T13:08:32Z	4680.00000	1559.85519	1542.48935	1527.57529
2025-08-08T13:08:33Z	4680.00000	1559.86358	1542.49605	1527.57984
2025-08-08T13:08:33Z	4680.00000	1559.87046	1542.50259	1527.58344
2025-08-08T13:08:33Z	4680.00000	1559.87582	1542.50775	1527.58698
2025-08-08T13:08:33Z	4680.00000	1559.88206	1542.51750	1527.58984
2025-08-08T13:08:33Z	4680.00000	1559.88875	1542.52355	1527.59351
2025-08-08T13:08:33Z	4681.00000	1559.89472	1542.52968	1527.59682
2025-08-08T13:08:33Z	4681.00000	1559.45946	1542.02120	1527.36225
2025-08-08T13:08:33Z	4681.00000	1558.13665	1540.82498	1526.61564
2025-08-08T13:08:33Z	4681.00000	1557.86621	1540.58006	1526.46768
2025-08-08T13:08:33Z	4681.00000	1557.58321	1540.32414	1526.31448
2025-08-08T13:08:34Z	4681.00000	1557.36886	1540.12758	1526.19990
2025-08-08T13:08:34Z	4681.00000	1557.11028	1539.89312	1526.06169
2025-08-08T13:08:34Z	4681.00000	1556.76484	1539.57405	1525.87359
2025-08-08T13:08:34Z	4681.00000	1556.59818	1539.41965	1525.78108
2025-08-08T13:08:34Z	4682.00000	1556.43430	1539.27114	1525.69570
2025-08-08T13:08:34Z	4682.00000	1556.21979	1539.07342	1525.58251
2025-08-08T13:08:34Z	4682.00000	1555.91976	1538.79389	1525.42550
2025-08-08T13:08:35Z	4682.00000	1555.80150	1538.68192	1525.36029
2025-08-08T13:08:35Z	4682.00000	1555.68547	1538.57405	1525.29999
2025-08-08T13:08:35Z	4682.00000	1555.54992	1538.44816	1525.22652
2025-08-08T13:08:35Z	4682.00000	1555.41181	1538.32194	1525.15187
2025-08-08T13:08:35Z	4682.00000	1555.26241	1538.18589	1525.07373
2025-08-08T13:08:35Z	4682.00000	1555.16594	1538.09306	1525.01893
2025-08-08T13:08:35Z	4683.00000	1555.16042	1538.08787	1525.01550
2025-08-08T13:08:35Z	4683.00000	1555.15439	1538.08053	1525.01130
2025-08-08T13:08:35Z	4683.00000	1555.15126	1538.07821	1525.00975
2025-08-08T13:08:35Z	4683.00000	1555.14804	1538.07582	1525.00837
2025-08-08T13:08:36Z	4683.00000	1555.14545	1538.07255	1525.00685
2025-08-08T13:08:36Z	4683.00000	1555.14343	1538.07020	1525.00554
2025-08-08T13:08:36Z	4683.00000	1555.14173	1538.06781	1525.00412
2025-08-08T13:08:36Z	4683.00000	1555.13946	1538.06596	1525.00265
2025-08-08T13:08:36Z	4684.00000	1555.13750	1538.06405	1525.00137
2025-08-08T13:08:36Z	4684.00000	1555.13511	1538.06226	1525.00012
2025-08-08T13:08:36Z	4684.00000	1555.13308	1538.06077	1524.99914
2025-08-08T13:08:37Z	4684.00000	1555.13145	1538.05921	1524.99854
2025-08-08T13:08:37Z	4684.00000	1555.13028	1538.05788	1524.99791
2025-08-08T13:08:37Z	4684.00000	1555.12944	1538.05606	1524.99738
2025-08-08T13:08:37Z	4684.00000	1555.12852	1538.05492	1524.99636
2025-08-08T13:08:37Z	4685.00000	1555.12754	1538.05402	1524.99581
2025-08-08T13:08:37Z	4685.00000	1555.12646	1538.05277	1524.99505
2025-08-08T13:08:37Z	4685.00000	1555.12549	1538.05191	1524.99445
2025-08-08T13:08:37Z	4685.00000	1555.12438	1538.05036	1524.99370
2025-08-08T13:08:37Z	4685.00000	1555.12341	1538.04955	1524.99303
2025-08-08T13:08:38Z	4685.00000	1555.12225	1538.04867	1524.99245
2025-08-08T13:08:38Z	4685.00000	1555.12123	1538.04793	1524.99196
2025-08-08T13:08:38Z	4685.00000	1555.12021	1538.04723	1524.99146
2025-08-08T13:08:38Z	4685.00000	1555.11954	1538.04651	1524.99094
2025-08-08T13:08:38Z	4686.00000	1555.11852	1538.04568	1524.99021
2025-08-08T13:08:38Z	4686.00000	1555.11736	1538.04495	1524.98968
2025-08-08T13:08:38Z	4686.00000	1555.11647	1538.04385	1524.98917
2025-08-08T13:08:38Z	4686.00000	1555.11582	1538.04320	1524.98889
2025-08-08T13:08:39Z	4686.00000	1555.11518	1538.04221	1524.98855
2025-08-08T13:08:39Z	4686.00000	1555.11473	1538.04161	1524.98809
2025-08-08T13:08:39Z	4686.00000	1555.11431	1538.04104	1524.98796
2025-08-08T13:08:39Z	4686.00000	1555.11392	1538.03967	1524.98755
2025-08-08T13:08:39Z	4686.00000	1555.11332	1538.03951	1524.98720
2025-08-08T13:08:39Z	4687.00000	1555.11296	1538.03896	1524.98691
2025-08-08T13:08:39Z	4687.00000	1555.11252	1538.03880	1524.98668
2025-08-08T13:08:39Z	4687.00000	1555.11213	1538.03809	1524.98651
2025-08-08T13:08:39Z	4687.00000	1555.11170	1538.03773	1524.98615
2025-08-08T13:08:39Z	4687.00000	1555.11131	1538.03729	1524.98583
2025-08-08T13:08:40Z	4687.00000	1555.11101	1538.03671	1524.98556
2025-08-08T13:08:40Z	4687.00000	1555.11037	1538.03614	1524.98543
2025-08-08T13:08:40Z	4687.00000	1555.11016	1538.03583	1524.98495
2025-08-08T13:08:40Z	4687.00000	1555.10944	1538.03541	1524.98454
2025-08-08T13:08:40Z	4687.00000	1555.10914	1538.03487	1524.98423
2025-08-08T13:08:40Z	4688.00000	1555.10875	1538.03459	1524.98428
2025-08-08T13:08:40Z	4688.00000	1555.10823	1538.03410	1524.98410
2025-08-08T13:08:40Z	4688.00000	1555.22013	1538.14128	1525.04988
2025-08-08T13:08:40Z	4688.00000	1555.49367	1538.39371	1525.19575
2025-08-08T13:08:40Z	4688.00000	1555.73749	1538.62026	1525.32919
2025-08-08T13:08:41Z	4688.00000	1555.97196	1538.83934	1525.45657
2025-08-08T13:08:41Z	4688.00000	1556.20049	1539.05321	1525.57656
2025-08-08T13:08:41Z	4688.00000	1556.47023	1539.30429	1525.71878
2025-08-08T13:08:41Z	4688.00000	1556.72148	1539.53800	1525.85678
2025-08-08T13:08:41Z	4688.00000	1556.95776	1539.75962	1525.98509
2025-08-08T13:08:41Z	4689.00000	1557.18830	1539.97708	1526.10864
2025-08-08T13:08:41Z	4689.00000	1557.31500	1540.09337	1526.17713
2025-08-08T13:08:41Z	4689.00000	1557.50247	1540.26893	1526.27858
2025-08-08T13:08:41Z	4689.00000	1557.68251	1540.43898	1526.37705
2025-08-08T13:08:41Z	4689.00000	1557.85543	1540.60172	1526.47053
2025-08-08T13:08:42Z	4689.00000	1558.05237	1540.78695	1526.57733
2025-08-08T13:08:42Z	4689.00000	1558.24043	1540.96446	1526.67991
2025-08-08T13:08:42Z	4689.00000	1558.42203	1541.13673	1526.78096
2025-08-08T13:08:42Z	4689.00000	1558.56227	1541.26870	1526.85586
2025-08-08T13:08:42Z	4689.00000	1558.71442	1541.40909	1526.94049
2025-08-08T13:08:42Z	4690.00000	1558.81988	1541.51048	1526.99964
2025-08-08T13:08:42Z	4690.00000	1558.95562	1541.64393	1527.07423
2025-08-08T13:08:42Z	4690.00000	1559.06177	1541.74402	1527.13361
2025-08-08T13:08:42Z	4690.00000	1559.14170	1541.82317	1527.17985
2025-08-08T13:08:42Z	4690.00000	1559.23271	1541.90615	1527.22925
2025-08-08T13:08:43Z	4690.00000	1559.29920	1541.97024	1527.26607
2025-08-08T13:08:43Z	4690.00000	1559.38689	1542.05443	1527.31503
2025-08-08T13:08:43Z	4690.00000	1559.44956	1542.11286	1527.35189
2025-08-08T13:08:43Z	4690.00000	1559.50671	1542.16974	1527.38307
2025-08-08T13:08:43Z	4690.00000	1559.56388	1542.22335	1527.41450
2025-08-08T13:08:43Z	4691.00000	1559.60396	1542.26138	1527.43666
2025-08-08T13:08:43Z	4691.00000	1559.64165	1542.29621	1527.45750
2025-08-08T13:08:43Z	4691.00000	1559.68182	1542.33115	1527.47831
2025-08-08T13:08:43Z	4691.00000	1559.71256	1542.36347	1527.49602
2025-08-08T13:08:44Z	4691.00000	1559.73537	1542.38379	1527.50942
2025-08-08T13:08:44Z	4691.00000	1559.75281	1542.40062	1527.51919
2025-08-08T13:08:44Z	4691.00000	1559.77083	1542.41797	1527.52968
2025-08-08T13:08:44Z	4691.00000	1559.78918	1542.43448	1527.54015
2025-08-08T13:08:44Z	4691.00000	1559.80073	1542.44329	1527.54647
2025-08-08T13:08:44Z	4691.00000	1559.81537	1542.45690	1527.55526
2025-08-08T13:08:44Z	4692.00000	1559.82892	1542.46642	1527.56113
2025-08-08T13:08:44Z	4692.00000	1559.83898	1542.47507	1527.56683
2025-08-08T13:08:44Z	4692.00000	1559.84851	1542.48352	1527.57175
2025-08-08T13:08:44Z	4692.00000	1559.85907	1542.49235	1527.57754
2025-08-08T13:08:44Z	4692.00000	1559.86682	1542.50008	1527.58188
2025-08-08T13:08:45Z	4692.00000	1559.87478	1542.50712	1527.58629
2025-08-08T13:08:45Z	4692.00000	1559.88310	1542.51886	1527.59047
2025-08-08T13:08:45Z	4692.00000	1559.88945	1542.52440	1527.59396
2025-08-08T13:08:45Z	4692.00000	1559.89590	1542.53074	1527.59752
2025-08-08T13:08:45Z	4692.00000	1559.90229	1542.53606	1527.60109
2025-08-08T13:08:45Z	4693.00000	1559.90711	1542.53978	1527.60334
2025-08-08T13:08:45Z	4693.00000	1559.90271	1542.52704	1527.60575
2025-08-08T13:08:45Z	4693.00000	1558.38248	1541.04704	1526.75121
2025-08-08T13:08:45Z	4693.00000	1557.90167	1540.61253	1526.48734
2025-08-08T13:08:45Z	4693.00000	1557.65232	1540.38714	1526.35191
2025-08-08T13:08:46Z	4693.00000	1557.43185	1540.18685	1526.23513
2025-08-08T13:08:46Z	4693.00000	1557.23957	1540.01217	1526.12927
2025-08-08T13:08:46Z	4693.00000	1557.02095	1539.80995	1526.01295
2025-08-08T13:08:46Z	4693.00000	1556.84395	1539.64709	1525.91538
2025-08-08T13:08:46Z	4693.00000	1556.66926	1539.48588	1525.82096
2025-08-08T13:08:46Z	4694.00000	1556.50648	1539.33604	1525.73218
2025-08-08T13:08:46Z	4694.00000	1556.34390	1539.18658	1525.64974
2025-08-08T13:08:46Z	4694.00000	1556.18878	1539.04335	1525.56605
2025-08-08T13:08:46Z	4694.00000	1556.00515	1538.87225	1525.47137
2025-08-08T13:08:46Z	4694.00000	1555.88017	1538.75751	1525.40308
2025-08-08T13:08:47Z	4694.00000	1555.73548	1538.62138	1525.32636
2025-08-08T13:08:47Z	4694.00000	1555.56974	1538.46716	1525.23825
2025-08-08T13:08:47Z	4694.00000	1555.42285	1538.33384	1525.15826
2025-08-08T13:08:47Z	4694.00000	1555.29435	1538.21477	1525.09141
2025-08-08T13:08:47Z	4694.00000	1555.18943	1538.11594	1525.03321
2025-08-08T13:08:47Z	4695.00000	1555.16671	1538.09374	1525.01888
2025-08-08T13:08:47Z	4695.00000	1555.16254	1538.09012	1525.01724
2025-08-08T13:08:47Z	4695.00000	1555.15956	1538.08693	1525.01504
2025-08-08T13:08:47Z	4695.00000	1555.15714	1538.08348	1525.01328
2025-08-08T13:08:47Z	4695.00000	1555.15497	1538.08110	1525.01183
2025-08-08T13:08:48Z	4695.00000	1555.15231	1538.07852	1525.01043
2025-08-08T13:08:48Z	4695.00000	1555.15022	1538.07702	1525.00951
2025-08-08T13:08:48Z	4695.00000	1555.14754	1538.07522	1525.00857
2025-08-08T13:08:48Z	4695.00000	1555.14632	1538.07339	1525.00748
2025-08-08T13:08:48Z	4695.00000	1555.14362	1538.07049	1525.00603
2025-08-08T13:08:48Z	4696.00000	1555.14277	1538.06910	1525.00516
2025-08-08T13:08:48Z	4696.00000	1555.14163	1538.06772	1525.00431
2025-08-08T13:08:48Z	4696.00000	1555.14046	1538.06663	1525.00353
2025-08-08T13:08:48Z	4696.00000	1555.13930	1538.06549	1525.00269
2025-08-08T13:08:49Z	4696.00000	1555.13833	1538.06461	1525.00200
2025-08-08T13:08:49Z	4696.00000	1555.13724	1538.06373	1525.00130
2025-08-08T13:08:49Z	4696.00000	1555.13634	1538.06275	1525.00070
2025-08-08T13:08:49Z	4696.00000	1555.13447	1538.06150	1525.00000
2025-08-08T13:08:49Z	4696.00000	1555.13296	1538.06052	1524.99932
2025-08-08T13:08:49Z	4696.00000	1555.13185	1538.05952	1524.99889
2025-08-08T13:08:49Z	4697.00000	1555.13113	1538.05845	1524.99845
2025-08-08T13:08:49Z	4697.00000	1555.13066	1538.05783	1524.99819
2025-08-08T13:08:49Z	4697.00000	1555.12992	1538.05717	1524.99761
2025-08-08T13:08:49Z	4697.00000	1555.12920	1538.05560	1524.99700
2025-08-08T13:08:50Z	4697.00000	1555.12840	1538.05450	1524.99638
2025-08-08T13:08:50Z	4697.00000	1555.12729	1538.05374	1524.99580
2025-08-08T13:08:50Z	4697.00000	1555.12681	1538.05243	1524.99530
2025-08-08T13:08:50Z	4697.00000	1555.12615	1538.05211	1524.99484
2025-08-08T13:08:50Z	4697.00000	1555.12549	1538.05174	1524.99446
2025-08-08T13:08:50Z	4697.00000	1555.12502	1538.05093	1524.99427
2025-08-08T13:08:50Z	4698.00000	1555.12439	1538.05047	1524.99389
2025-08-08T13:08:50Z	4698.00000	1555.12376	1538.04979	1524.99350
2025-08-08T13:08:50Z	4698.00000	1555.12278	1538.04943	1524.99303
2025-08-08T13:08:50Z	4698.00000	1555.12241	1538.04863	1524.99259
2025-08-08T13:08:51Z	4698.00000	1555.12131	1538.04802	1524.99215
2025-08-08T13:08:51Z	4698.00000	1555.12064	1538.04731	1524.99167
2025-08-08T13:08:51Z	4698.00000	1555.11996	1538.04674	1524.99136
2025-08-08T13:08:51Z	4698.00000	1555.11957	1538.04634	1524.99112
2025-08-08T13:08:51Z	4698.00000	1555.11894	1538.04614	1524.99084
2025-08-08T13:08:51Z	4698.00000	1555.11833	1538.04515	1524.99031
2025-08-08T13:08:51Z	4699.00000	1555.11799	1538.04499	1524.98999
2025-08-08T13:08:51Z	4699.00000	1555.11724	1538.04440	1524.98970
2025-08-08T13:08:51Z	4699.00000	1555.11668	1538.04351	1524.98933
2025-08-08T13:08:51Z	4699.00000	1555.11616	1538.04361	1524.98911
2025-08-08T13:08:51Z	4699.00000	1555.11561	1538.04254	1524.98884
2025-08-08T13:08:52Z	4699.00000	1555.11525	1538.04209	1524.98858
2025-08-08T13:08:52Z	4699.00000	1555.11486	1538.04196	1524.98844
2025-08-08T13:08:52Z	4699.00000	1555.11449	1538.04079	1524.98811
2025-08-08T13:08:52Z	4699.00000	1555.11419	1538.04023	1524.98792
2025-08-08T13:08:52Z	4699.00000	1555.11384	1538.03974	1524.98761
2025-08-08T13:08:52Z	4700.00000	1555.11337	1538.03894	1524.98725
2025-08-08T13:08:52Z	4700.00000	1555.11304	1538.03876	1524.98709
2025-08-08T13:08:52Z	4700.00000	1555.19579	1538.11623	1525.03077
2025-08-08T13:08:52Z	4700.00000	1555.46178	1538.36405	1525.17760
2025-08-08T13:08:53Z	4700.00000	1555.79426	1538.67315	1525.35933
2025-08-08T13:08:53Z	4700.00000	1556.07036	1538.93455	1525.50950
2025-08-08T13:08:53Z	4700.00000	1556.33865	1539.18189	1525.65228
2025-08-08T13:08:53Z	4700.00000	1556.52605	1539.35530	1525.74801
2025-08-08T13:08:53Z	4700.00000	1556.70445	1539.52209	1525.84774
2025-08-08T13:08:53Z	4700.00000	1556.88081	1539.68696	1525.94212
2025-08-08T13:08:53Z	4701.00000	1557.08629	1539.88143	1526.05621
2025-08-08T13:08:53Z	4701.00000	1557.25607	1540.04075	1526.14571
2025-08-08T13:08:53Z	4701.00000	1557.45198	1540.22324	1526.25313
2025-08-08T13:08:53Z	4701.00000	1557.66830	1540.42612	1526.36936
2025-08-08T13:08:53Z	4701.00000	1557.81328	1540.56266	1526.44921
2025-08-08T13:08:54Z	4701.00000	1558.01481	1540.75151	1526.55671
2025-08-08T13:08:54Z	4701.00000	1558.20194	1540.92771	1526.65904
2025-08-08T13:08:54Z	4701.00000	1558.37820	1541.09498	1526.75638
2025-08-08T13:08:54Z	4701.00000	1558.52339	1541.22985	1526.83569
2025-08-08T13:08:54Z	4701.00000	1558.67904	1541.37669	1526.92056
2025-08-08T13:08:54Z	4702.00000	1558.80698	1541.50136	1526.99392
2025-08-08T13:08:54Z	4702.00000	1558.92448	1541.61420	1527.05737
2025-08-08T13:08:54Z	4702.00000	1559.01516	1541.69856	1527.10677
2025-08-08T13:08:54Z	4702.00000	1559.11609	1541.79832	1527.16482
2025-08-08T13:08:54Z	4702.00000	1559.21037	1541.88552	1527.21700
2025-08-08T13:08:55Z	4702.00000	1559.29218	1541.96199	1527.26219
2025-08-08T13:08:55Z	4702.00000	1559.38273	1542.05103	1527.31254
2025-08-08T13:08:55Z	4702.00000	1559.45650	1542.12006	1527.35553
2025-08-08T13:08:55Z	4702.00000	1559.51405	1542.17626	1527.38695
2025-08-08T13:08:55Z	4702.00000	1559.56268	1542.22287	1527.41363
2025-08-08T13:08:55Z	4703.00000	1559.60446	1542.26157	1527.43672
2025-08-08T13:08:55Z	4703.00000	1559.64168	1542.29620	1527.45738
2025-08-08T13:08:55Z	4703.00000	1559.67704	1542.32641	1527.47544
2025-08-08T13:08:55Z	4703.00000	1559.71165	1542.36253	1527.49530
2025-08-08T13:08:56Z	4703.00000	1559.74420	1542.39322	1527.51408
2025-08-08T13:08:56Z	4703.00000	1559.76184	1542.40844	1527.52385
2025-08-08T13:08:56Z	4703.00000	1559.78038	1542.42490	1527.53460
2025-08-08T13:08:56Z	4703.00000	1559.79699	1542.43961	1527.54405
2025-08-08T13:08:56Z	4703.00000	1559.80894	1542.45114	1527.55065
2025-08-08T13:08:56Z	4703.00000	1559.82596	1542.46374	1527.55864
2025-08-08T13:08:56Z	4704.00000	1559.83754	1542.47391	1527.56549
2025-08-08T13:08:56Z	4704.00000	1559.84925	1542.48392	1527.57159
2025-08-08T13:08:56Z	4704.00000	1559.85689	1542.49095	1527.57594
2025-08-08T13:08:56Z	4704.00000	1559.86587	1542.49918	1527.58111
2025-08-08T13:08:56Z	4704.00000	1559.87443	1542.50628	1527.58546
2025-08-08T13:08:57Z	4704.00000	1559.88143	1542.51206	1527.58922
2025-08-08T13:08:57Z	4704.00000	1559.88807	1542.52316	1527.59279
2025-08-08T13:08:57Z	4704.00000	1559.89580	1542.53041	1527.59697
2025-08-08T13:08:57Z	4704.00000	1559.90167	1542.53556	1527.60034
2025-08-08T13:08:57Z	4704.00000	1559.90726	1542.54024	1527.60313
2025-08-08T13:08:57Z	4705.00000	1559.76206	1542.31555	1527.53552
2025-08-08T13:08:57Z	4705.00000	1558.29129	1540.96604	1526.70010
2025-08-08T13:08:57Z	4705.00000	1557.91882	1540.62764	1526.49595
2025-08-08T13:08:57Z	4705.00000	1557.62915	1540.36788	1526.33938
2025-08-08T13:08:57Z	4705.00000	1557.41028	1540.16627	1526.22281
2025-08-08T13:08:58Z	4705.00000	1557.18265	1539.95784	1526.09863
2025-08-08T13:08:58Z	4705.00000	1557.00200	1539.79080	1526.00215
2025-08-08T13:08:58Z	4705.00000	1556.80031	1539.60498	1525.89180
2025-08-08T13:08:58Z	4705.00000	1556.62938	1539.44996	1525.79920
2025-08-08T13:08:58Z	4705.00000	1556.46744	1539.30055	1525.71234
2025-08-08T13:08:58Z	4706.00000	1556.33544	1539.17853	1525.64540
2025-08-08T13:08:58Z	4706.00000	1556.17342	1539.02928	1525.55830
2025-08-08T13:08:58Z	4706.00000	1555.97458	1538.84344	1525.45536
2025-08-08T13:08:58Z	4706.00000	1555.85665	1538.73520	1525.39026
2025-08-08T13:08:59Z	4706.00000	1555.68965	1538.57873	1525.30280
2025-08-08T13:08:59Z	4706.00000	1555.55441	1538.45341	1525.23004
2025-08-08T13:08:59Z	4706.00000	1555.41877	1538.33041	1525.15661
2025-08-08T13:08:59Z	4706.00000	1555.29389	1538.21454	1525.09124
2025-08-08T13:08:59Z	4706.00000	1555.17634	1538.10437	1525.02593
2025-08-08T13:08:59Z	4706.00000	1555.16980	1538.09635	1525.02117
2025-08-08T13:08:59Z	4707.00000	1555.16615	1538.09369	1525.01944
2025-08-08T13:08:59Z	4707.00000	1555.16230	1538.09004	1525.01726
2025-08-08T13:08:59Z	4707.00000	1555.16008	1538.08768	1525.01580
2025-08-08T13:08:59Z	4707.00000	1555.15798	1538.08498	1525.01416
2025-08-08T13:08:59Z	4707.00000	1555.15621	1538.08280	1525.01262
2025-08-08T13:09:00Z	4707.00000	1555.15445	1538.08069	1525.01172
2025-08-08T13:09:00Z	4707.00000	1555.15212	1538.07883	1525.01074
2025-08-08T13:09:00Z	4707.00000	1555.15009	1538.07727	1525.00980
2025-08-08T13:09:00Z	4707.00000	1555.14827	1538.07578	1525.00893
2025-08-08T13:09:00Z	4707.00000	1555.14636	1538.07367	1525.00803
2025-08-08T13:09:00Z	4708.00000	1555.14488	1538.07238	1525.00701
2025-08-08T13:09:00Z	4708.00000	1555.14382	1538.07039	1525.00620
2025-08-08T13:09:00Z	4708.00000	1555.14296	1538.06937	1525.00559
2025-08-08T13:09:00Z	4708.00000	1555.14202	1538.06819	1525.00476
2025-08-08T13:09:00Z	4708.00000	1555.14088	1538.06692	1525.00403
2025-08-08T13:09:01Z	4708.00000	1555.13976	1538.06589	1525.00322
2025-08-08T13:09:01Z	4708.00000	1555.13890	1538.06516	1525.00251
2025-08-08T13:09:01Z	4708.00000	1555.13749	1538.06406	1525.00169
2025-08-08T13:09:01Z	4708.00000	1555.13602	1538.06301	1525.00070
2025-08-08T13:09:01Z	4708.00000	1555.13557	1538.06290	1525.00076
2025-08-08T13:09:01Z	4709.00000	1555.13343	1538.06060	1524.99964
2025-08-08T13:09:01Z	4709.00000	1555.13212	1538.06024	1524.99942
2025-08-08T13:09:01Z	4709.00000	1555.13135	1538.05896	1524.99879
2025-08-08T13:09:02Z	4709.00000	1555.13035	1538.05772	1524.99791
2025-08-08T13:09:02Z	4709.00000	1555.12957	1538.05600	1524.99758
2025-08-08T13:09:02Z	4709.00000	1555.12854	1538.05507	1524.99677
2025-08-08T13:09:02Z	4709.00000	1555.12794	1538.05372	1524.99628
2025-08-08T13:09:02Z	4710.00000	1555.12739	1538.05352	1524.99605
2025-08-08T13:09:02Z	4710.00000	1555.12588	1538.05188	1524.99494
2025-08-08T13:09:02Z	4710.00000	1555.12580	1538.05195	1524.99496
2025-08-08T13:09:02Z	4710.00000	1555.12514	1538.05097	1524.99428
2025-08-08T13:09:03Z	4710.00000	1555.12401	1538.05001	1524.99374
2025-08-08T13:09:03Z	4710.00000	1555.12316	1538.04951	1524.99334
2025-08-08T13:09:03Z	4710.00000	1555.12201	1538.04863	1524.99270
2025-08-08T13:09:03Z	4711.00000	1555.12115	1538.04773	1524.99227
2025-08-08T13:09:03Z	4711.00000	1555.13691	1538.06240	1524.99783
2025-08-08T13:09:03Z	4711.00000	1555.41903	1538.32606	1525.15616
2025-08-08T13:09:03Z	4711.00000	1555.71887	1538.60391	1525.32082
2025-08-08T13:09:04Z	4711.00000	1555.99100	1538.85808	1525.46809
2025-08-08T13:09:04Z	4711.00000	1556.40508	1539.24572	1525.68738
2025-08-08T13:09:04Z	4711.00000	1556.66958	1539.49002	1525.82853
2025-08-08T13:09:04Z	4711.00000	1556.90484	1539.70990	1525.95610
2025-08-08T13:09:04Z	4712.00000	1557.26684	1540.05063	1526.15145
2025-08-08T13:09:04Z	4712.00000	1557.48933	1540.25759	1526.27228
2025-08-08T13:09:04Z	4712.00000	1557.84042	1540.58786	1526.46331
2025-08-08T13:09:05Z	4712.00000	1558.03418	1540.77024	1526.56777
2025-08-08T13:09:05Z	4712.00000	1558.19035	1540.91687	1526.65341
2025-08-08T13:09:05Z	4712.00000	1558.34351	1541.06027	1526.73695
2025-08-08T13:09:05Z	4712.00000	1558.48834	1541.19708	1526.81737
2025-08-08T13:09:05Z	4712.00000	1558.64528	1541.34871	1526.90332
2025-08-08T13:09:05Z	4713.00000	1558.77586	1541.47044	1526.97694
2025-08-08T13:09:05Z	4713.00000	1558.89871	1541.58591	1527.04375
2025-08-08T13:09:05Z	4713.00000	1559.02679	1541.71066	1527.11403
2025-08-08T13:09:05Z	4713.00000	1559.12518	1541.80694	1527.17085
2025-08-08T13:09:05Z	4713.00000	1559.21861	1541.89432	1527.22170
2025-08-08T13:09:06Z	4713.00000	1559.30048	1541.97517	1527.26725
2025-08-08T13:09:06Z	4713.00000	1559.38903	1542.05625	1527.31675
2025-08-08T13:09:06Z	4713.00000	1559.47361	1542.13558	1527.36572
2025-08-08T13:09:06Z	4713.00000	1559.53056	1542.19131	1527.39668
2025-08-08T13:09:06Z	4714.00000	1559.61052	1542.26672	1527.44065
2025-08-08T13:09:06Z	4714.00000	1559.64708	1542.30113	1527.46148
2025-08-08T13:09:06Z	4714.00000	1559.68246	1542.33202	1527.47910
2025-08-08T13:09:06Z	4714.00000	1559.71106	1542.36285	1527.49567
2025-08-08T13:09:07Z	4714.00000	1559.74340	1542.39270	1527.51387
2025-08-08T13:09:07Z	4714.00000	1559.77080	1542.41786	1527.52984
2025-08-08T13:09:07Z	4714.00000	1559.79891	1542.44166	1527.54540
2025-08-08T13:09:07Z	4714.00000	1559.81361	1542.45530	1527.55400
2025-08-08T13:09:07Z	4714.00000	1559.82914	1542.46694	1527.56079
2025-08-08T13:09:07Z	4715.00000	1559.84444	1542.47870	1527.56909
2025-08-08T13:09:07Z	4715.00000	1559.85399	1542.48940	1527.57468
2025-08-08T13:09:07Z	4715.00000	1559.86466	1542.49731	1527.58020
2025-08-08T13:09:07Z	4715.00000	1559.87462	1542.50683	1527.58575
2025-08-08T13:09:08Z	4715.00000	1559.88728	1542.52201	1527.59219
2025-08-08T13:09:08Z	4715.00000	1559.89431	1542.52907	1527.59610
2025-08-08T13:09:08Z	4715.00000	1559.90037	1542.53528	1527.59996
2025-08-08T13:09:08Z	4715.00000	1559.90664	1542.53982	1527.60288
2025-08-08T13:09:08Z	4715.00000	1559.91231	1542.54480	1527.60595
2025-08-08T13:09:08Z	4716.00000	1558.23281	1540.91298	1526.66850
2025-08-08T13:09:08Z	4716.00000	1557.93423	1540.64172	1526.50426
2025-08-08T13:09:08Z	4716.00000	1557.67390	1540.40662	1526.36448
2025-08-08T13:09:09Z	4716.00000	1557.31601	1540.07953	1526.17029
2025-08-08T13:09:09Z	4716.00000	1557.03810	1539.82592	1526.02267
2025-08-08T13:09:09Z	4716.00000	1556.86701	1539.66790	1525.92759
2025-08-08T13:09:09Z	4716.00000	1556.69588	1539.50988	1525.83556
2025-08-08T13:09:09Z	4716.00000	1556.50556	1539.33417	1525.73141
2025-08-08T13:09:09Z	4717.00000	1556.31994	1539.16407	1525.63751
2025-08-08T13:09:09Z	4717.00000	1556.18958	1539.04433	1525.56709
2025-08-08T13:09:09Z	4717.00000	1556.06131	1538.92701	1525.50133
2025-08-08T13:09:09Z	4717.00000	1555.94047	1538.81331	1525.43732
2025-08-08T13:09:09Z	4717.00000	1555.82208	1538.70306	1525.37175
2025-08-08T13:09:10Z	4717.00000	1555.70440	1538.59244	1525.31060
2025-08-08T13:09:10Z	4717.00000	1555.51986	1538.42164	1525.21065
2025-08-08T13:09:10Z	4717.00000	1555.38469	1538.29758	1525.13882
2025-08-08T13:09:10Z	4717.00000	1555.25658	1538.18170	1525.07178
2025-08-08T13:09:10Z	4717.00000	1555.17644	1538.10479	1525.02527
2025-08-08T13:09:10Z	4718.00000	1555.17296	1538.10063	1525.02336
2025-08-08T13:09:10Z	4718.00000	1555.16829	1538.09509	1525.02086
2025-08-08T13:09:10Z	4718.00000	1555.16513	1538.09281	1525.01906
2025-08-08T13:09:10Z	4718.00000	1555.16239	1538.09039	1525.01781
2025-08-08T13:09:10Z	4718.00000	1555.16024	1538.08807	1525.01641
2025-08-08T13:09:11Z	4718.00000	1555.15869	1538.08585	1525.01499
2025-08-08T13:09:11Z	4718.00000	1555.15700	1538.08312	1525.01361
2025-08-08T13:09:11Z	4718.00000	1555.15538	1538.08165	1525.01235
2025-08-08T13:09:11Z	4718.00000	1555.15381	1538.08002	1525.01171
2025-08-08T13:09:11Z	4718.00000	1555.15231	1538.07862	1525.01104
2025-08-08T13:09:11Z	4719.00000	1555.15002	1538.07772	1525.01009
2025-08-08T13:09:11Z	4719.00000	1555.14823	1538.07594	1525.00923
2025-08-08T13:09:11Z	4719.00000	1555.14702	1538.07453	1525.00855
2025-08-08T13:09:11Z	4719.00000	1555.14589	1538.07302	1525.00794
2025-08-08T13:09:11Z	4719.00000	1555.14455	1538.07181	1525.00713
2025-08-08T13:09:12Z	4719.00000	1555.14340	1538.07044	1525.00636
2025-08-08T13:09:12Z	4719.00000	1555.14271	1538.06947	1525.00587
2025-08-08T13:09:12Z	4719.00000	1555.14222	1538.06860	1525.00514
2025-08-08T13:09:12Z	4719.00000	1555.14086	1538.06717	1525.00397
2025-08-08T13:09:12Z	4719.00000	1555.14021	1538.06666	1525.00366
2025-08-08T13:09:12Z	4720.00000	1555.13959	1538.06588	1525.00312
2025-08-08T13:09:12Z	4720.00000	1555.13873	1538.06512	1525.00280
2025-08-08T13:09:12Z	4720.00000	1555.13761	1538.06457	1525.00213
2025-08-08T13:09:12Z	4720.00000	1555.13669	1538.06357	1525.00154
2025-08-08T13:09:13Z	4720.00000	1555.13460	1538.06223	1525.00041
2025-08-08T13:09:13Z	4720.00000	1555.13300	1538.06082	1524.99976
2025-08-08T13:09:13Z	4720.00000	1555.13202	1538.05975	1524.99925
2025-08-08T13:09:13Z	4720.00000	1555.13124	1538.05888	1524.99888
2025-08-08T13:09:13Z	4721.00000	1555.13089	1538.05870	1524.99854
2025-08-08T13:09:13Z	4721.00000	1555.13040	1538.05725	1524.99839
2025-08-08T13:09:13Z	4721.00000	1555.12997	1538.05646	1524.99784
2025-08-08T13:09:13Z	4721.00000	1555.12960	1538.05604	1524.99774
2025-08-08T13:09:13Z	4721.00000	1555.12911	1538.05558	1524.99736
2025-08-08T13:09:14Z	4721.00000	1555.12842	1538.05472	1524.99693
2025-08-08T13:09:14Z	4721.00000	1555.12807	1538.05415	1524.99664
2025-08-08T13:09:14Z	4721.00000	1555.12768	1538.05375	1524.99627
2025-08-08T13:09:14Z	4721.00000	1555.12717	1538.05343	1524.99592
2025-08-08T13:09:14Z	4721.00000	1555.12666	1538.05282	1524.99550
2025-08-08T13:09:14Z	4722.00000	1555.12611	1538.05196	1524.99507
2025-08-08T13:09:14Z	4722.00000	1555.28625	1538.20554	1525.08785
2025-08-08T13:09:14Z	4722.00000	1555.58481	1538.47821	1525.24724
2025-08-08T13:09:14Z	4722.00000	1555.86015	1538.73733	1525.39514
2025-08-08T13:09:15Z	4722.00000	1556.05732	1538.92241	1525.50321
2025-08-08T13:09:15Z	4722.00000	1556.28425	1539.13385	1525.62436
2025-08-08T13:09:15Z	4722.00000	1556.54740	1539.37565	1525.76050
2025-08-08T13:09:15Z	4722.00000	1556.76272	1539.57661	1525.87994
2025-08-08T13:09:15Z	4722.00000	1557.00588	1539.80516	1526.01208
2025-08-08T13:09:15Z	4722.00000	1557.20711	1539.99449	1526.11909
2025-08-08T13:09:15Z	4723.00000	1557.45565	1540.22693	1526.25572
2025-08-08T13:09:15Z	4723.00000	1557.61507	1540.37785	1526.34063
2025-08-08T13:09:15Z	4723.00000	1557.82776	1540.57546	1526.45682
2025-08-08T13:09:15Z	4723.00000	1557.99534	1540.73359	1526.54607
2025-08-08T13:09:16Z	4723.00000	1558.13411	1540.86292	1526.62380
2025-08-08T13:09:16Z	4723.00000	1558.31584	1541.03366	1526.72128
2025-08-08T13:09:16Z	4723.00000	1558.48808	1541.19642	1526.81720
2025-08-08T13:09:16Z	4723.00000	1558.71174	1541.40773	1526.94017
2025-08-08T13:09:16Z	4723.00000	1558.81685	1541.50806	1526.99930
2025-08-08T13:09:16Z	4724.00000	1558.93055	1541.61999	1527.06135
2025-08-08T13:09:16Z	4724.00000	1559.05938	1541.74043	1527.13278
2025-08-08T13:09:16Z	4724.00000	1559.18871	1541.86495	1527.20555
2025-08-08T13:09:16Z	4724.00000	1559.26043	1541.93297	1527.24485
2025-08-08T13:09:16Z	4724.00000	1559.32783	1541.99762	1527.28161
2025-08-08T13:09:17Z	4724.00000	1559.40929	1542.07506	1527.32900
2025-08-08T13:09:17Z	4724.00000	1559.47116	1542.13217	1527.36440
2025-08-08T13:09:17Z	4724.00000	1559.52719	1542.18776	1527.39499
2025-08-08T13:09:17Z	4724.00000	1559.57362	1542.23188	1527.42033
2025-08-08T13:09:17Z	4724.00000	1559.62211	1542.27840	1527.44673
2025-08-08T13:09:17Z	4725.00000	1559.66547	1542.31632	1527.46951
2025-08-08T13:09:17Z	4725.00000	1559.69747	1542.34897	1527.48736
2025-08-08T13:09:17Z	4725.00000	1559.72384	1542.37463	1527.50220
2025-08-08T13:09:17Z	4725.00000	1559.74794	1542.39591	1527.51632
2025-08-08T13:09:18Z	4725.00000	1559.77151	1542.41813	1527.52990
2025-08-08T13:09:18Z	4725.00000	1559.78949	1542.43380	1527.53994
2025-08-08T13:09:18Z	4725.00000	1559.82349	1542.46141	1527.55752
2025-08-08T13:09:18Z	4725.00000	1559.83723	1542.47373	1527.56585
2025-08-08T13:09:18Z	4725.00000	1559.84730	1542.48180	1527.57061
2025-08-08T13:09:18Z	4726.00000	1559.85924	1542.49247	1527.57745
2025-08-08T13:09:18Z	4726.00000	1559.87586	1542.50797	1527.58658
2025-08-08T13:09:18Z	4726.00000	1559.88272	1542.51803	1527.58991
2025-08-08T13:09:18Z	4726.00000	1559.88992	1542.52531	1527.59416
2025-08-08T13:09:19Z	4726.00000	1559.89741	1542.53229	1527.59830
2025-08-08T13:09:19Z	4726.00000	1559.90422	1542.53789	1527.60168
2025-08-08T13:09:19Z	4726.00000	1559.91109	1542.54444	1527.60553
2025-08-08T13:09:19Z	4726.00000	1559.91762	1542.55027	1527.60895
2025-08-08T13:09:19Z	4726.00000	1559.92354	1542.55480	1527.61208
2025-08-08T13:09:19Z	4727.00000	1559.80594	1542.36844	1527.56439
2025-08-08T13:09:19Z	4727.00000	1558.33496	1541.00392	1526.72403
2025-08-08T13:09:19Z	4727.00000	1557.84872	1540.56473	1526.45975
2025-08-08T13:09:19Z	4727.00000	1557.57424	1540.31424	1526.30964
2025-08-08T13:09:20Z	4727.00000	1557.39935	1540.15556	1526.21705
2025-08-08T13:09:20Z	4727.00000	1557.20773	1539.98287	1526.11242
2025-08-08T13:09:20Z	4727.00000	1557.05982	1539.84637	1526.03466
2025-08-08T13:09:20Z	4727.00000	1556.88653	1539.68542	1525.93803
2025-08-08T13:09:20Z	4727.00000	1556.68623	1539.50171	1525.83045
2025-08-08T13:09:20Z	4727.00000	1556.49463	1539.32560	1525.72614
2025-08-08T13:09:20Z	4728.00000	1556.30289	1539.14932	1525.62816
2025-08-08T13:09:20Z	4728.00000	1556.15061	1539.00859	1525.54693
2025-08-08T13:09:20Z	4728.00000	1556.02593	1538.89439	1525.48378
2025-08-08T13:09:20Z	4728.00000	1555.88325	1538.76120	1525.40595
2025-08-08T13:09:20Z	4728.00000	1555.74466	1538.63010	1525.33200
2025-08-08T13:09:21Z	4728.00000	1555.57845	1538.47601	1525.24399
2025-08-08T13:09:21Z	4728.00000	1555.41856	1538.33071	1525.15734
2025-08-08T13:09:21Z	4728.00000	1555.29560	1538.21758	1525.09338
2025-08-08T13:09:21Z	4728.00000	1555.18376	1538.11113	1525.03008
2025-08-08T13:09:21Z	4728.00000	1555.17837	1538.10673	1525.02692
2025-08-08T13:09:21Z	4729.00000	1555.17493	1538.10305	1525.02490
2025-08-08T13:09:21Z	4729.00000	1555.17306	1538.10045	1525.02377
2025-08-08T13:09:21Z	4729.00000	1555.17053	1538.09709	1525.02228
2025-08-08T13:09:21Z	4729.00000	1555.16788	1538.09508	1525.02092
2025-08-08T13:09:21Z	4729.00000	1555.16496	1538.09298	1525.01957
2025-08-08T13:09:22Z	4729.00000	1555.16288	1538.09098	1525.01849
2025-08-08T13:09:22Z	4729.00000	1555.16064	1538.08866	1525.01701
2025-08-08T13:09:22Z	4729.00000	1555.15921	1538.08653	1525.01569
2025-08-08T13:09:22Z	4729.00000	1555.15795	1538.08473	1525.01471
2025-08-08T13:09:22Z	4729.00000	1555.15670	1538.08300	1525.01382
2025-08-08T13:09:22Z	4730.00000	1555.15542	1538.08123	1525.01265
2025-08-08T13:09:22Z	4730.00000	1555.15397	1538.08021	1525.01208
2025-08-08T13:09:22Z	4730.00000	1555.15297	1538.07916	1525.01153
2025-08-08T13:09:22Z	4730.00000	1555.15072	1538.07774	1525.01068
2025-08-08T13:09:22Z	4730.00000	1555.14908	1538.07698	1525.01007
2025-08-08T13:09:23Z	4730.00000	1555.14819	1538.07591	1525.00955
2025-08-08T13:09:23Z	4730.00000	1555.14706	1538.07405	1525.00881
2025-08-08T13:09:23Z	4730.00000	1555.14636	1538.07365	1525.00831
2025-08-08T13:09:23Z	4730.00000	1555.14473	1538.07160	1525.00718
2025-08-08T13:09:23Z	4730.00000	1555.14380	1538.07094	1525.00689
2025-08-08T13:09:23Z	4731.00000	1555.14332	1538.07027	1525.00641
2025-08-08T13:09:23Z	4731.00000	1555.14280	1538.06915	1525.00582
2025-08-08T13:09:23Z	4731.00000	1555.14217	1538.06823	1525.00529
2025-08-08T13:09:23Z	4731.00000	1555.14137	1538.06727	1525.00480
2025-08-08T13:09:23Z	4731.00000	1555.14049	1538.06663	1525.00434
2025-08-08T13:09:24Z	4731.00000	1555.13977	1538.06598	1525.00367
2025-08-08T13:09:24Z	4731.00000	1555.13895	1538.06536	1525.00313
2025-08-08T13:09:24Z	4731.00000	1555.13797	1538.06452	1525.00252
2025-08-08T13:09:24Z	4731.00000	1555.13703	1538.06380	1525.00183
2025-08-08T13:09:24Z	4731.00000	1555.13635	1538.06306	1525.00152
2025-08-08T13:09:24Z	4732.00000	1555.13599	1538.06281	1525.00145
2025-08-08T13:09:24Z	4732.00000	1555.13480	1538.06201	1525.00108
2025-08-08T13:09:24Z	4732.00000	1555.13441	1538.06168	1525.00056
2025-08-08T13:09:24Z	4732.00000	1555.13350	1538.06115	1525.00012
2025-08-08T13:09:24Z	4732.00000	1555.13270	1538.06045	1524.99974
2025-08-08T13:09:25Z	4732.00000	1555.13190	1538.05973	1524.99942
2025-08-08T13:09:25Z	4732.00000	1555.13157	1538.05924	1524.99928
2025-08-08T13:09:25Z	4732.00000	1555.13082	1538.05864	1524.99891
2025-08-08T13:09:25Z	4732.00000	1555.13035	1538.05772	1524.99851
2025-08-08T13:09:25Z	4732.00000	1555.13026	1538.05697	1524.99817
2025-08-08T13:09:25Z	4733.00000	1555.12961	1538.05636	1524.99790
2025-08-08T13:09:25Z	4733.00000	1555.27151	1538.18970	1525.07584
2025-08-08T13:09:25Z	4733.00000	1555.57397	1538.46856	1525.24174
2025-08-08T13:09:25Z	4733.00000	1555.77289	1538.65514	1525.34964
2025-08-08T13:09:25Z	4733.00000	1556.00566	1538.87281	1525.47690
2025-08-08T13:09:26Z	4733.00000	1556.27328	1539.12345	1525.61799
2025-08-08T13:09:26Z	4733.00000	1556.49744	1539.33027	1525.73415
2025-08-08T13:09:26Z	4733.00000	1556.71066	1539.52869	1525.85208
2025-08-08T13:09:26Z	4733.00000	1556.91727	1539.72191	1525.96330
2025-08-08T13:09:26Z	4733.00000	1557.15697	1539.94733	1526.09352
2025-08-08T13:09:26Z	4734.00000	1557.38194	1540.15618	1526.21590
2025-08-08T13:09:26Z	4734.00000	1557.53455	1540.29950	1526.29658
2025-08-08T13:09:26Z	4734.00000	1557.71418	1540.46906	1526.39605
2025-08-08T13:09:26Z	4734.00000	1557.91134	1540.65299	1526.50082
2025-08-08T13:09:26Z	4734.00000	1558.10161	1540.83273	1526.60632
2025-08-08T13:09:27Z	4734.00000	1558.23220	1540.95610	1526.67606
2025-08-08T13:09:27Z	4734.00000	1558.41142	1541.12592	1526.77557
2025-08-08T13:09:27Z	4734.00000	1558.57360	1541.27945	1526.86365
2025-08-08T13:09:27Z	4734.00000	1558.68575	1541.38372	1526.92499
2025-08-08T13:09:27Z	4734.00000	1558.81346	1541.50644	1526.99870
2025-08-08T13:09:27Z	4735.00000	1558.95203	1541.63993	1527.07328
2025-08-08T13:09:27Z	4735.00000	1559.07485	1541.75609	1527.14213
2025-08-08T13:09:27Z	4735.00000	1559.15670	1541.83531	1527.18770
2025-08-08T13:09:27Z	4735.00000	1559.26226	1541.93457	1527.24603
2025-08-08T13:09:28Z	4735.00000	1559.35512	1542.02402	1527.29725
2025-08-08T13:09:28Z	4735.00000	1559.42188	1542.08773	1527.33616
2025-08-08T13:09:28Z	4735.00000	1559.47208	1542.13390	1527.36520
2025-08-08T13:09:28Z	4735.00000	1559.53870	1542.19971	1527.40126
2025-08-08T13:09:28Z	4735.00000	1559.59154	1542.24855	1527.43013
2025-08-08T13:09:28Z	4735.00000	1559.63103	1542.28576	1527.45201
2025-08-08T13:09:28Z	4736.00000	1559.66212	1542.31259	1527.46758
2025-08-08T13:09:28Z	4736.00000	1559.69484	1542.34710	1527.48632
2025-08-08T13:09:28Z	4736.00000	1559.72229	1542.37262	1527.50160
2025-08-08T13:09:28Z	4736.00000	1559.75027	1542.39822	1527.51790
2025-08-08T13:09:28Z	4736.00000	1559.77105	1542.41770	1527.52984
2025-08-08T13:09:29Z	4736.00000	1559.79022	1542.43466	1527.54026
2025-08-08T13:09:29Z	4736.00000	1559.80686	1542.44913	1527.54934
2025-08-08T13:09:29Z	4736.00000	1559.82634	1542.46366	1527.55898
2025-08-08T13:09:29Z	4736.00000	1559.83904	1542.47511	1527.56638
2025-08-08T13:09:29Z	4736.00000	1559.85046	1542.48541	1527.57240
2025-08-08T13:09:29Z	4737.00000	1559.86281	1542.49537	1527.57925
2025-08-08T13:09:29Z	4737.00000	1559.87389	1542.50621	1527.58523
2025-08-08T13:09:29Z	4737.00000	1559.88280	1542.51800	1527.58987
2025-08-08T13:09:29Z	4737.00000	1559.89121	1542.52566	1527.59433
2025-08-08T13:09:29Z	4737.00000	1559.89768	1542.53253	1527.59810
2025-08-08T13:09:30Z	4737.00000	1559.90606	1542.53893	1527.60225
2025-08-08T13:09:30Z	4737.00000	1559.91285	1542.54530	1527.60594
2025-08-08T13:09:30Z	4737.00000	1559.91956	1542.55136	1527.60977
2025-08-08T13:09:30Z	4737.00000	1559.92644	1542.55726	1527.61348
2025-08-08T13:09:30Z	4737.00000	1559.93147	1542.56186	1527.61586
2025-08-08T13:09:30Z	4738.00000	1559.83679	1542.40264	1527.58311
2025-08-08T13:09:30Z	4738.00000	1558.34748	1541.01597	1526.73167
2025-08-08T13:09:30Z	4738.00000	1557.95224	1540.65963	1526.51526
2025-08-08T13:09:30Z	4738.00000	1557.69777	1540.42880	1526.37915
2025-08-08T13:09:30Z	4738.00000	1557.44754	1540.20103	1526.24392
2025-08-08T13:09:31Z	4738.00000	1557.25096	1540.02234	1526.13578
2025-08-08T13:09:31Z	4738.00000	1557.07054	1539.85724	1526.04082
2025-08-08T13:09:31Z	4738.00000	1556.89820	1539.69584	1525.94488
2025-08-08T13:09:31Z	4738.00000	1556.69479	1539.50940	1525.83535
2025-08-08T13:09:31Z	4738.00000	1556.52946	1539.35637	1525.74426
2025-08-08T13:09:31Z	4739.00000	1556.36519	1539.20690	1525.66135
2025-08-08T13:09:31Z	4739.00000	1556.20860	1539.06423	1525.57790
2025-08-08T13:09:31Z	4739.00000	1556.05850	1538.92528	1525.50057
2025-08-08T13:09:31Z	4739.00000	1555.88356	1538.76166	1525.40678
2025-08-08T13:09:31Z	4739.00000	1555.74069	1538.62701	1525.33062
2025-08-08T13:09:32Z	4739.00000	1555.57456	1538.47236	1525.24258
2025-08-08T13:09:32Z	4739.00000	1555.43560	1538.34720	1525.16668
2025-08-08T13:09:32Z	4739.00000	1555.29163	1538.21323	1525.09094
2025-08-08T13:09:32Z	4739.00000	1555.18886	1538.11647	1525.03375
2025-08-08T13:09:32Z	4739.00000	1555.18457	1538.11183	1525.03103
2025-08-08T13:09:32Z	4740.00000	1555.18022	1538.10827	1525.02859
2025-08-08T13:09:32Z	4740.00000	1555.17641	1538.10483	1525.02626
2025-08-08T13:09:32Z	4740.00000	1555.17352	1538.10143	1525.02435
2025-08-08T13:09:32Z	4740.00000	1555.17142	1538.09837	1525.02305
2025-08-08T13:09:32Z	4740.00000	1555.16921	1538.09606	1525.02182
2025-08-08T13:09:33Z	4740.00000	1555.16694	1538.09482	1525.02058
2025-08-08T13:09:33Z	4740.00000	1555.16444	1538.09274	1525.01942
2025-08-08T13:09:33Z	4740.00000	1555.16237	1538.09032	1525.01838
2025-08-08T13:09:33Z	4740.00000	1555.16073	1538.08860	1525.01735
2025-08-08T13:09:33Z	4740.00000	1555.15931	1538.08685	1525.01599
2025-08-08T13:09:33Z	4741.00000	1555.15842	1538.08548	1525.01517
2025-08-08T13:09:33Z	4741.00000	1555.15717	1538.08328	1525.01422
2025-08-08T13:09:33Z	4741.00000	1555.15593	1538.08198	1525.01337
2025-08-08T13:09:33Z	4741.00000	1555.15460	1538.08060	1525.01235
2025-08-08T13:09:34Z	4741.00000	1555.15347	1538.07992	1525.01181
2025-08-08T13:09:34Z	4741.00000	1555.15202	1538.07891	1525.01126
2025-08-08T13:09:34Z	4741.00000	1555.15062	1538.07800	1525.01069
2025-08-08T13:09:34Z	4741.00000	1555.15004	1538.07769	1525.01073
2025-08-08T13:09:34Z	4741.00000	1555.14814	1538.07578	1525.00959
2025-08-08T13:09:34Z	4742.00000	1555.14697	1538.07420	1525.00894
2025-08-08T13:09:34Z	4742.00000	1555.14611	1538.07352	1525.00850
2025-08-08T13:09:34Z	4742.00000	1555.14544	1538.07209	1525.00803
2025-08-08T13:09:34Z	4742.00000	1555.14471	1538.07161	1525.00726
2025-08-08T13:09:34Z	4742.00000	1555.14433	1538.07114	1525.00702
2025-08-08T13:09:34Z	4742.00000	1555.14346	1538.07003	1525.00641
2025-08-08T13:09:35Z	4742.00000	1555.14306	1538.06944	1525.00615
2025-08-08T13:09:35Z	4742.00000	1555.14233	1538.06836	1525.00538
2025-08-08T13:09:35Z	4742.00000	1555.14181	1538.06789	1525.00497
2025-08-08T13:09:35Z	4742.00000	1555.14095	1538.06698	1525.00457
2025-08-08T13:09:35Z	4742.00000	1555.14032	1538.06686	1525.00403
2025-08-08T13:09:35Z	4743.00000	1555.13960	1538.06590	1525.00357
2025-08-08T13:09:35Z	4743.00000	1555.13870	1538.06516	1525.00313
2025-08-08T13:09:35Z	4743.00000	1555.13826	1538.06469	1525.00287
2025-08-08T13:09:35Z	4743.00000	1555.13689	1538.06373	1525.00202
2025-08-08T13:09:36Z	4743.00000	1555.13632	1538.06289	1525.00165
2025-08-08T13:09:36Z	4743.00000	1555.13533	1538.06231	1525.00126
2025-08-08T13:09:36Z	4743.00000	1555.13412	1538.06183	1525.00060
2025-08-08T13:09:36Z	4743.00000	1555.13347	1538.06119	1525.00019
2025-08-08T13:09:36Z	4744.00000	1555.13280	1538.06017	1524.99995
2025-08-08T13:09:36Z	4744.00000	1555.23918	1538.16154	1525.06265
2025-08-08T13:09:36Z	4744.00000	1555.54639	1538.44285	1525.22536
2025-08-08T13:09:36Z	4744.00000	1555.82595	1538.70586	1525.37679
2025-08-08T13:09:37Z	4744.00000	1556.09763	1538.96055	1525.52490
2025-08-08T13:09:37Z	4744.00000	1556.65805	1539.48052	1525.82299
2025-08-08T13:09:37Z	4744.00000	1556.86469	1539.67279	1525.93448
2025-08-08T13:09:37Z	4744.00000	1557.06342	1539.86110	1526.04461
2025-08-08T13:09:37Z	4745.00000	1557.22715	1540.01409	1526.13059
2025-08-08T13:09:37Z	4745.00000	1557.38794	1540.16377	1526.21931
2025-08-08T13:09:37Z	4745.00000	1557.54060	1540.30506	1526.30016
2025-08-08T13:09:37Z	4745.00000	1557.71753	1540.47221	1526.39839
2025-08-08T13:09:37Z	4745.00000	1557.91677	1540.65873	1526.50400
2025-08-08T13:09:37Z	4745.00000	1558.08175	1540.81411	1526.59495
2025-08-08T13:09:38Z	4745.00000	1558.24140	1540.96523	1526.68133
2025-08-08T13:09:38Z	4745.00000	1558.51293	1541.21973	1526.83092
2025-08-08T13:09:38Z	4745.00000	1558.67065	1541.36985	1526.91691
2025-08-08T13:09:38Z	4746.00000	1558.88174	1541.56974	1527.03484
2025-08-08T13:09:38Z	4746.00000	1559.05043	1541.73292	1527.12809
2025-08-08T13:09:38Z	4746.00000	1559.20135	1541.87766	1527.21265
2025-08-08T13:09:38Z	4746.00000	1559.31121	1541.98343	1527.27352
2025-08-08T13:09:39Z	4746.00000	1559.46887	1542.13046	1527.36362
2025-08-08T13:09:39Z	4746.00000	1559.53431	1542.19488	1527.39921
2025-08-08T13:09:39Z	4746.00000	1559.58986	1542.24728	1527.42932
2025-08-08T13:09:39Z	4747.00000	1559.66259	1542.31324	1527.46802
2025-08-08T13:09:39Z	4747.00000	1559.69045	1542.34338	1527.48430
2025-08-08T13:09:39Z	4747.00000	1559.71593	1542.36601	1527.49845
2025-08-08T13:09:39Z	4747.00000	1559.73741	1542.38600	1527.51081
2025-08-08T13:09:39Z	4747.00000	1559.75722	1542.40339	1527.52151
2025-08-08T13:09:40Z	4747.00000	1559.78095	1542.42497	1527.53517
2025-08-08T13:09:40Z	4747.00000	1559.79635	1542.43894	1527.54399
2025-08-08T13:09:40Z	4747.00000	1559.81534	1542.45667	1527.55507
2025-08-08T13:09:40Z	4747.00000	1559.83201	1542.46942	1527.56242
2025-08-08T13:09:40Z	4747.00000	1559.84521	1542.47998	1527.56963
2025-08-08T13:09:40Z	4747.00000	1559.85683	1542.49131	1527.57625
2025-08-08T13:09:40Z	4748.00000	1559.86824	1542.50087	1527.58211
2025-08-08T13:09:40Z	4748.00000	1559.87751	1542.50927	1527.58742
2025-08-08T13:09:40Z	4748.00000	1559.88616	1542.52149	1527.59181
2025-08-08T13:09:40Z	4748.00000	1559.90193	1542.53661	1527.60074
2025-08-08T13:09:41Z	4748.00000	1559.91052	1542.54339	1527.60487
2025-08-08T13:09:41Z	4748.00000	1559.91741	1542.54965	1527.60868
2025-08-08T13:09:41Z	4748.00000	1559.92376	1542.55448	1527.61207
2025-08-08T13:09:41Z	4748.00000	1559.93184	1542.56204	1527.61604
2025-08-08T13:09:41Z	4748.00000	1559.93862	1542.56912	1527.62006
2025-08-08T13:09:41Z	4749.00000	1559.59997	1542.14962	1527.44372
2025-08-08T13:09:41Z	4749.00000	1558.21919	1540.90160	1526.66137
2025-08-08T13:09:41Z	4749.00000	1557.93085	1540.64053	1526.50436
2025-08-08T13:09:41Z	4749.00000	1557.68066	1540.41359	1526.36958
2025-08-08T13:09:41Z	4749.00000	1557.43511	1540.19084	1526.23797
2025-08-08T13:09:42Z	4749.00000	1557.24061	1540.01355	1526.13056
2025-08-08T13:09:42Z	4749.00000	1557.05840	1539.84542	1526.03466
2025-08-08T13:09:42Z	4749.00000	1556.88645	1539.68662	1525.93861
2025-08-08T13:09:42Z	4749.00000	1556.68974	1539.50502	1525.83319
2025-08-08T13:09:42Z	4749.00000	1556.52445	1539.35262	1525.74191
2025-08-08T13:09:42Z	4750.00000	1556.20989	1539.06550	1525.57894
2025-08-08T13:09:42Z	4750.00000	1556.05832	1538.92534	1525.50053
2025-08-08T13:09:42Z	4750.00000	1555.90933	1538.78628	1525.42133
2025-08-08T13:09:42Z	4750.00000	1555.74373	1538.62950	1525.33213
2025-08-08T13:09:43Z	4750.00000	1555.60865	1538.50421	1525.26129
2025-08-08T13:09:43Z	4750.00000	1555.44833	1538.35800	1525.17312
2025-08-08T13:09:43Z	4750.00000	1555.31997	1538.23973	1525.10629
2025-08-08T13:09:43Z	4750.00000	1555.18809	1538.11594	1525.03365
2025-08-08T13:09:43Z	4751.00000	1555.18399	1538.11103	1525.03122
2025-08-08T13:09:43Z	4751.00000	1555.17946	1538.10769	1525.02852
2025-08-08T13:09:43Z	4751.00000	1555.17408	1538.10232	1525.02506
2025-08-08T13:09:43Z	4751.00000	1555.17209	1538.09930	1525.02361
2025-08-08T13:09:44Z	4751.00000	1555.16983	1538.09670	1525.02232
2025-08-08T13:09:44Z	4751.00000	1555.16723	1538.09495	1525.02119
2025-08-08T13:09:44Z	4751.00000	1555.16561	1538.09385	1525.02039
2025-08-08T13:09:44Z	4751.00000	1555.16322	1538.09138	1525.01912
2025-08-08T13:09:44Z	4751.00000	1555.16204	1538.09010	1525.01846
2025-08-08T13:09:44Z	4752.00000	1555.16041	1538.08815	1525.01714
2025-08-08T13:09:44Z	4752.00000	1555.15905	1538.08634	1525.01606
2025-08-08T13:09:44Z	4752.00000	1555.15825	1538.08508	1525.01529
2025-08-08T13:09:44Z	4752.00000	1555.15734	1538.08380	1525.01453
2025-08-08T13:09:45Z	4752.00000	1555.15647	1538.08221	1525.01388
2025-08-08T13:09:45Z	4752.00000	1555.15477	1538.08107	1525.01289
2025-08-08T13:09:45Z	4752.00000	1555.15410	1538.08066	1525.01229
2025-08-08T13:09:45Z	4752.00000	1555.15378	1538.08019	1525.01211
2025-08-08T13:09:45Z	4752.00000	1555.15175	1538.07920	1525.01151
2025-08-08T13:09:45Z	4753.00000	1555.14968	1538.07724	1525.01060
2025-08-08T13:09:45Z	4753.00000	1555.14899	1538.07690	1525.01010
2025-08-08T13:09:45Z	4753.00000	1555.14780	1538.07561	1525.00967
2025-08-08T13:09:45Z	4753.00000	1555.14730	1538.07465	1525.00924
2025-08-08T13:09:45Z	4753.00000	1555.14624	1538.07355	1525.00885
2025-08-08T13:09:46Z	4753.00000	1555.14481	1538.07179	1525.00780
2025-08-08T13:09:46Z	4753.00000	1555.14393	1538.07056	1525.00709
2025-08-08T13:09:46Z	4753.00000	1555.14292	1538.06948	1525.00617
2025-08-08T13:09:46Z	4754.00000	1555.14219	1538.06834	1525.00567
2025-08-08T13:09:46Z	4754.00000	1555.14165	1538.06803	1525.00511
2025-08-08T13:09:46Z	4754.00000	1555.14092	1538.06707	1525.00460
2025-08-08T13:09:46Z	4754.00000	1555.14018	1538.06666	1525.00444
2025-08-08T13:09:47Z	4754.00000	1555.13976	1538.06623	1525.00405
2025-08-08T13:09:47Z	4754.00000	1555.13919	1538.06585	1525.00362
2025-08-08T13:09:47Z	4754.00000	1555.13815	1538.06470	1525.00291
2025-08-08T13:09:47Z	4754.00000	1555.13757	1538.06434	1525.00255
2025-08-08T13:09:47Z	4754.00000	1555.13676	1538.06373	1525.00202
2025-08-08T13:09:47Z	4755.00000	1555.13625	1538.06323	1525.00186
2025-08-08T13:09:47Z	4755.00000	1555.25643	1538.17963	1525.07245
2025-08-08T13:09:47Z	4755.00000	1555.56942	1538.46574	1525.24128
2025-08-08T13:09:47Z	4755.00000	1555.88555	1538.76218	1525.41156
2025-08-08T13:09:48Z	4755.00000	1556.16306	1539.02025	1525.55855
2025-08-08T13:09:48Z	4755.00000	1556.35555	1539.19912	1525.66284
2025-08-08T13:09:48Z	4755.00000	1556.61606	1539.44199	1525.80005
2025-08-08T13:09:48Z	4755.00000	1556.83667	1539.64743	1525.91988
2025-08-08T13:09:48Z	4755.00000	1557.03645	1539.83549	1526.03035
2025-08-08T13:09:48Z	4755.00000	1557.20152	1539.99069	1526.11682
2025-08-08T13:09:48Z	4756.00000	1557.57709	1540.34160	1526.31993
2025-08-08T13:09:48Z	4756.00000	1557.78220	1540.53549	1526.43426
2025-08-08T13:09:48Z	4756.00000	1558.11210	1540.84244	1526.61190
2025-08-08T13:09:49Z	4756.00000	1558.44762	1541.16048	1526.79628
2025-08-08T13:09:49Z	4756.00000	1558.72679	1541.42299	1526.94943
2025-08-08T13:09:49Z	4756.00000	1558.83381	1541.52424	1527.00891
2025-08-08T13:09:49Z	4757.00000	1558.94787	1541.63682	1527.07126
2025-08-08T13:09:49Z	4757.00000	1559.05480	1541.73615	1527.13039
2025-08-08T13:09:49Z	4757.00000	1559.17381	1541.85045	1527.19754
2025-08-08T13:09:49Z	4757.00000	1559.26157	1541.93382	1527.24561
2025-08-08T13:09:49Z	4757.00000	1559.34238	1542.01191	1527.28911
2025-08-08T13:09:50Z	4757.00000	1559.42381	1542.08887	1527.33723
2025-08-08T13:09:50Z	4757.00000	1559.48760	1542.14665	1527.37250
2025-08-08T13:09:50Z	4757.00000	1559.54069	1542.20101	1527.40176
2025-08-08T13:09:50Z	4757.00000	1559.58669	1542.24413	1527.42724
2025-08-08T13:09:50Z	4757.00000	1559.63442	1542.28853	1527.45357
2025-08-08T13:09:50Z	4758.00000	1559.67899	1542.32758	1527.47676
2025-08-08T13:09:50Z	4758.00000	1559.71620	1542.36576	1527.49774
2025-08-08T13:09:50Z	4758.00000	1559.75144	1542.39875	1527.51812
2025-08-08T13:09:50Z	4758.00000	1559.77435	1542.41974	1527.53130
2025-08-08T13:09:51Z	4758.00000	1559.80575	1542.44793	1527.54833
2025-08-08T13:09:51Z	4758.00000	1559.82757	1542.46442	1527.55906
2025-08-08T13:09:51Z	4758.00000	1559.84332	1542.47811	1527.56862
2025-08-08T13:09:51Z	4758.00000	1559.85788	1542.49186	1527.57645
2025-08-08T13:09:51Z	4759.00000	1559.86646	1542.49919	1527.58124
2025-08-08T13:09:51Z	4759.00000	1559.88294	1542.51827	1527.59009
2025-08-08T13:09:51Z	4759.00000	1559.89249	1542.52724	1527.59498
2025-08-08T13:09:51Z	4759.00000	1559.90779	1542.54067	1527.60296
2025-08-08T13:09:52Z	4759.00000	1559.91350	1542.54651	1527.60624
2025-08-08T13:09:52Z	4759.00000	1559.92026	1542.55253	1527.61015
2025-08-08T13:09:52Z	4759.00000	1559.92717	1542.55814	1527.61383
2025-08-08T13:09:52Z	4759.00000	1559.93317	1542.56343	1527.61681
2025-08-08T13:09:52Z	4759.00000	1559.93889	1542.56916	1527.62046
2025-08-08T13:09:52Z	4760.00000	1559.94312	1542.57109	1527.62290
2025-08-08T13:09:52Z	4760.00000	1558.33799	1541.00809	1526.72689
2025-08-08T13:09:52Z	4760.00000	1557.90469	1540.61606	1526.49045
2025-08-08T13:09:52Z	4760.00000	1557.62095	1540.36136	1526.33709
2025-08-08T13:09:52Z	4760.00000	1557.44953	1540.20343	1526.24591
2025-08-08T13:09:53Z	4760.00000	1557.22483	1539.99866	1526.12210
2025-08-08T13:09:53Z	4760.00000	1557.04507	1539.83383	1526.02712
2025-08-08T13:09:53Z	4760.00000	1556.84459	1539.64861	1525.91648
2025-08-08T13:09:53Z	4760.00000	1556.67419	1539.49099	1525.82494
2025-08-08T13:09:53Z	4760.00000	1556.53760	1539.36480	1525.74937
2025-08-08T13:09:53Z	4761.00000	1556.37514	1539.21630	1525.66717
2025-08-08T13:09:53Z	4761.00000	1556.21746	1539.07294	1525.58284
2025-08-08T13:09:53Z	4761.00000	1556.04071	1538.90882	1525.49154
2025-08-08T13:09:53Z	4761.00000	1555.89448	1538.77263	1525.41278
2025-08-08T13:09:53Z	4761.00000	1555.75269	1538.63864	1525.33723
2025-08-08T13:09:54Z	4761.00000	1555.61813	1538.51425	1525.26677
2025-08-08T13:09:54Z	4761.00000	1555.45513	1538.36448	1525.17680
2025-08-08T13:09:54Z	4761.00000	1555.31140	1538.23252	1525.10235
2025-08-08T13:09:54Z	4761.00000	1555.19351	1538.12207	1525.03704
2025-08-08T13:09:54Z	4762.00000	1555.18510	1538.11282	1525.03207
2025-08-08T13:09:54Z	4762.00000	1555.17888	1538.10719	1525.02836
2025-08-08T13:09:54Z	4762.00000	1555.17620	1538.10471	1525.02670
2025-08-08T13:09:54Z	4762.00000	1555.17461	1538.10283	1525.02544
2025-08-08T13:09:55Z	4762.00000	1555.17278	1538.10043	1525.02440
2025-08-08T13:09:55Z	4762.00000	1555.17103	1538.09796	1525.02322
2025-08-08T13:09:55Z	4762.00000	1555.16924	1538.09616	1525.02226
2025-08-08T13:09:55Z	4762.00000	1555.16738	1538.09498	1525.02142
2025-08-08T13:09:55Z	4762.00000	1555.16532	1538.09356	1525.02036
2025-08-08T13:09:55Z	4763.00000	1555.16346	1538.09158	1525.01931
2025-08-08T13:09:55Z	4763.00000	1555.16241	1538.09046	1525.01873
2025-08-08T13:09:55Z	4763.00000	1555.16093	1538.08888	1525.01781
2025-08-08T13:09:55Z	4763.00000	1555.16003	1538.08749	1525.01685
2025-08-08T13:09:55Z	4763.00000	1555.15892	1538.08635	1525.01607
2025-08-08T13:09:56Z	4763.00000	1555.15807	1538.08434	1525.01522
2025-08-08T13:09:56Z	4763.00000	1555.15710	1538.08360	1525.01455
2025-08-08T13:09:56Z	4763.00000	1555.15594	1538.08192	1525.01376
2025-08-08T13:09:56Z	4763.00000	1555.15573	1538.08174	1525.01375
2025-08-08T13:09:56Z	4763.00000	1555.15427	1538.08071	1525.01254
2025-08-08T13:09:56Z	4764.00000	1555.15290	1538.07945	1525.01192
2025-08-08T13:09:56Z	4764.00000	1555.15202	1538.07896	1525.01184
2025-08-08T13:09:56Z	4764.00000	1555.15081	1538.07784	1525.01120
2025-08-08T13:09:56Z	4764.00000	1555.14987	1538.07758	1525.01085
2025-08-08T13:09:56Z	4764.00000	1555.14889	1538.07684	1525.01022
2025-08-08T13:09:57Z	4764.00000	1555.14818	1538.07586	1525.00993
2025-08-08T13:09:57Z	4764.00000	1555.14724	1538.07443	1525.00945
2025-08-08T13:09:57Z	4764.00000	1555.14651	1538.07371	1525.00903
2025-08-08T13:09:57Z	4764.00000	1555.14586	1538.07294	1525.00855
2025-08-08T13:09:57Z	4764.00000	1555.14527	1538.07239	1525.00818
2025-08-08T13:09:57Z	4765.00000	1555.14445	1538.07154	1525.00768
2025-08-08T13:09:57Z	4765.00000	1555.14392	1538.07071	1525.00717
2025-08-08T13:09:57Z	4765.00000	1555.14333	1538.06989	1525.00671
2025-08-08T13:09:57Z	4765.00000	1555.14287	1538.06917	1525.00617
2025-08-08T13:09:57Z	4765.00000	1555.14245	1538.06856	1525.00591
2025-08-08T13:09:58Z	4765.00000	1555.14204	1538.06795	1525.00549
2025-08-08T13:09:58Z	4765.00000	1555.14141	1538.06769	1525.00509
2025-08-08T13:09:58Z	4765.00000	1555.14084	1538.06672	1525.00476
2025-08-08T13:09:58Z	4765.00000	1555.14034	1538.06637	1525.00434
2025-08-08T13:09:58Z	4765.00000	1555.13955	1538.06558	1525.00404
2025-08-08T13:09:58Z	4766.00000	1555.13921	1538.06566	1525.00367
2025-08-08T13:09:58Z	4766.00000	1555.13840	1538.06522	1525.00332
2025-08-08T13:09:58Z	4766.00000	1555.13778	1538.06439	1525.00278
2025-08-08T13:09:58Z	4766.00000	1555.13743	1538.06430	1525.00251
2025-08-08T13:09:59Z	4766.00000	1555.13666	1538.06363	1525.00217
2025-08-08T13:09:59Z	4766.00000	1555.13569	1538.06243	1525.00159
2025-08-08T13:09:59Z	4766.00000	1555.13499	1538.06247	1525.00128
2025-08-08T13:09:59Z	4766.00000	1555.13415	1538.06174	1525.00105
2025-08-08T13:09:59Z	4766.00000	1555.13372	1538.06100	1525.00054
2025-08-08T13:09:59Z	4767.00000	1555.13315	1538.06064	1525.00053
2025-08-08T13:09:59Z	4767.00000	1555.13294	1538.06074	1525.00021
2025-08-08T13:09:59Z	4767.00000	1555.13248	1538.06010	1524.99999
2025-08-08T13:09:59Z	4767.00000	1555.13212	1538.05928	1524.99973
2025-08-08T13:09:59Z	4767.00000	1555.13141	1538.05934	1524.99959
2025-08-08T13:10:00Z	4767.00000	1555.13112	1538.05862	1524.99954
2025-08-08T13:10:00Z	4767.00000	1555.13070	1538.05804	1524.99915
2025-08-08T13:10:00Z	4767.00000	1555.13061	1538.05767	1524.99885
2025-08-08T13:10:00Z	4767.00000	1555.13023	1538.05687	1524.99867
2025-08-08T13:10:00Z	4767.00000	1555.13018	1538.05655	1524.99848
2025-08-08T13:10:00Z	4768.00000	1555.12971	1538.05622	1524.99833
2025-08-08T13:10:00Z	4768.00000	1555.12952	1538.05569	1524.99818
2025-08-08T13:10:00Z	4768.00000	1555.12906	1538.05499	1524.99780
2025-08-08T13:10:00Z	4768.00000	1555.12891	1538.05501	1524.99767
2025-08-08T13:10:00Z	4768.00000	1555.12855	1538.05450	1524.99750
2025-08-08T13:10:01Z	4768.00000	1555.12822	1538.05426	1524.99743
2025-08-08T13:10:01Z	4768.00000	1555.12786	1538.05394	1524.99705
2025-08-08T13:10:01Z	4768.00000	1555.12752	1538.05347	1524.99679
2025-08-08T13:10:01Z	4768.00000	1555.12720	1538.05320	1524.99673
2025-08-08T13:10:01Z	4768.00000	1555.12724	1538.05285	1524.99633
2025-08-08T13:10:01Z	4769.00000	1555.12687	1538.05274	1524.99608
2025-08-08T13:10:01Z	4769.00000	1555.12658	1538.05229	1524.99596
2025-08-08T13:10:01Z	4769.00000	1555.12590	1538.05162	1524.99565
2025-08-08T13:10:01Z	4769.00000	1555.12586	1538.05153	1524.99551
2025-08-08T13:10:01Z	4769.00000	1555.12566	1538.05151	1524.99528
2025-08-08T13:10:02Z	4769.00000	1555.12496	1538.05098	1524.99506
2025-08-08T13:10:02Z	4769.00000	1555.12471	1538.05073	1524.99468
2025-08-08T13:10:02Z	4769.00000	1555.12435	1538.05038	1524.99470
2025-08-08T13:10:02Z	4769.00000	1555.12428	1538.05040	1524.99453
2025-08-08T13:10:02Z	4769.00000	1555.12381	1538.04984	1524.99413
2025-08-08T13:10:02Z	4770.00000	1555.12324	1538.04973	1524.99411
2025-08-08T13:10:02Z	4770.00000	1555.12291	1538.04923	1524.99395
2025-08-08T13:10:02Z	4770.00000	1555.12266	1538.04900	1524.99375
2025-08-08T13:10:02Z	4770.00000	1555.12241	1538.04879	1524.99357
2025-08-08T13:10:03Z	4770.00000	1555.12191	1538.04858	1524.99337
2025-08-08T13:10:03Z	4770.00000	1555.12163	1538.04819	1524.99323
2025-08-08T13:10:03Z	4770.00000	1555.12142	1538.04803	1524.99305
2025-08-08T13:10:03Z	4770.00000	1555.12099	1538.04781	1524.99290
2025-08-08T13:10:03Z	4770.00000	1555.12071	1538.04748	1524.99274
2025-08-08T13:10:03Z	4770.00000	1555.12056	1538.04736	1524.99253
2025-08-08T13:10:03Z	4771.00000	1555.12013	1538.04743	1524.99239
2025-08-08T13:10:03Z	4771.00000	1555.12004	1538.04707	1524.99215
2025-08-08T13:10:03Z	4771.00000	1555.11963	1538.04635	1524.99198
2025-08-08T13:10:03Z	4771.00000	1555.11942	1538.04614	1524.99184
2025-08-08T13:10:03Z	4771.00000	1555.11924	1538.04572	1524.99168
2025-08-08T13:10:04Z	4771.00000	1555.11884	1538.04594	1524.99152
2025-08-08T13:10:04Z	4771.00000	1555.11864	1538.04569	1524.99131
2025-08-08T13:10:04Z	4771.00000	1555.11821	1538.04501	1524.99118
2025-08-08T13:10:04Z	4771.00000	1555.11816	1538.04483	1524.99096
2025-08-08T13:10:04Z	4771.00000	1555.11779	1538.04499	1524.99073
2025-08-08T13:10:04Z	4772.00000	1555.11768	1538.04502	1524.99071
2025-08-08T13:10:04Z	4772.00000	1555.11736	1538.04450	1524.99054
2025-08-08T13:10:04Z	4772.00000	1555.11724	1538.04413	1524.99050
2025-08-08T13:10:04Z	4772.00000	1555.11692	1538.04380	1524.99028
2025-08-08T13:10:05Z	4772.00000	1555.11664	1538.04366	1524.98998
2025-08-08T13:10:05Z	4772.00000	1555.11648	1538.04314	1524.99001
2025-08-08T13:10:05Z	4772.00000	1555.11624	1538.04331	1524.99012
2025-08-08T13:10:05Z	4772.00000	1555.11617	1538.04280	1524.98978
2025-08-08T13:10:05Z	4772.00000	1555.11587	1538.04231	1524.98968
2025-08-08T13:10:05Z	4772.00000	1555.11572	1538.04235	1524.98946
2025-08-08T13:10:05Z	4773.00000	1555.11544	1538.04210	1524.98952
2025-08-08T13:10:05Z	4773.00000	1555.11531	1538.04207	1524.98936
2025-08-08T13:10:05Z	4773.00000	1555.11506	1538.04116	1524.98908
2025-08-08T13:10:05Z	4773.00000	1555.11481	1538.04069	1524.98900
2025-08-08T13:10:06Z	4773.00000	1555.11479	1538.04056	1524.98890
2025-08-08T13:10:06Z	4773.00000	1555.11453	1538.04039	1524.98880
2025-08-08T13:10:06Z	4773.00000	1555.11434	1538.04027	1524.98876
2025-08-08T13:10:06Z	4773.00000	1555.11433	1538.04010	1524.98844
2025-08-08T13:10:06Z	4773.00000	1555.11415	1538.03982	1524.98840
2025-08-08T13:10:06Z	4773.00000	1555.11387	1538.03986	1524.98845
2025-08-08T13:10:06Z	4774.00000	1555.11378	1538.03946	1524.98838
2025-08-08T13:10:06Z	4774.00000	1555.11358	1538.03907	1524.98820
2025-08-08T13:10:06Z	4774.00000	1555.11343	1538.03927	1524.98820
2025-08-08T13:10:06Z	4774.00000	1555.11333	1538.03909	1524.98794
2025-08-08T13:10:06Z	4774.00000	1555.11314	1538.03873	1524.98802
2025-08-08T13:10:07Z	4774.00000	1555.11302	1538.03883	1524.98770
2025-08-08T13:10:07Z	4774.00000	1555.11275	1538.03854	1524.98763
2025-08-08T13:10:07Z	4774.00000	1555.11258	1538.03834	1524.98763
2025-08-08T13:10:07Z	4774.00000	1555.11249	1538.03785	1524.98737
2025-08-08T13:10:07Z	4774.00000	1555.11246	1538.03760	1524.98731
2025-08-08T13:10:07Z	4775.00000	1555.11201	1538.03783	1524.98723
2025-08-08T13:10:07Z	4775.00000	1555.11202	1538.03739	1524.98708
2025-08-08T13:10:07Z	4775.00000	1555.11187	1538.03738	1524.98697
2025-08-08T13:10:07Z	4775.00000	1555.11180	1538.03694	1524.98691
2025-08-08T13:10:07Z	4775.00000	1555.11163	1538.03713	1524.98681
2025-08-08T13:10:08Z	4775.00000	1555.11131	1538.03684	1524.98673
2025-08-08T13:10:08Z	4775.00000	1555.11137	1538.03630	1524.98665
2025-08-08T13:10:08Z	4775.00000	1555.11114	1538.03676	1524.98656
2025-08-08T13:10:08Z	4775.00000	1555.11086	1538.03610	1524.98644
2025-08-08T13:10:08Z	4775.00000	1555.11063	1538.03601	1524.98631
2025-08-08T13:10:08Z	4776.00000	1555.11050	1538.03600	1524.98617
2025-08-08T13:10:08Z	4776.00000	1555.11043	1538.03584	1524.98599
2025-08-08T13:10:08Z	4776.00000	1555.11028	1538.03564	1524.98594
2025-08-08T13:10:08Z	4776.00000	1555.10993	1538.03519	1524.98586
2025-08-08T13:10:09Z	4776.00000	1555.10991	1538.03525	1524.98586
2025-08-08T13:10:09Z	4776.00000	1555.10970	1538.03512	1524.98569
2025-08-08T13:10:09Z	4776.00000	1555.10936	1538.03497	1524.98553
2025-08-08T13:10:09Z	4776.00000	1555.10922	1538.03511	1524.98558
2025-08-08T13:10:09Z	4776.00000	1555.10926	1538.03472	1524.98541
2025-08-08T13:10:09Z	4776.00000	1555.10881	1538.03454	1524.98525
2025-08-08T13:10:09Z	4777.00000	1555.10856	1538.03443	1524.98510
2025-08-08T13:10:09Z	4777.00000	1555.10843	1538.03417	1524.98507
2025-08-08T13:10:09Z	4777.00000	1555.10829	1538.03433	1524.98495
2025-08-08T13:10:09Z	4777.00000	1555.10836	1538.03401	1524.98471
2025-08-08T13:10:10Z	4777.00000	1555.10796	1538.03373	1524.98470
2025-08-08T13:10:10Z	4777.00000	1555.10791	1538.03368	1524.98473
2025-08-08T13:10:10Z	4777.00000	1555.10740	1538.03357	1524.98447
2025-08-08T13:10:10Z	4777.00000	1555.10747	1538.03334	1524.98442
2025-08-08T13:10:10Z	4777.00000	1555.10722	1538.03341	1524.98437
2025-08-08T13:10:10Z	4777.00000	1555.10714	1538.03306	1524.98413
2025-08-08T13:10:10Z	4778.00000	1555.10703	1538.03308	1524.98398
2025-08-08T13:10:10Z	4778.00000	1555.10670	1538.03284	1524.98395
2025-08-08T13:10:10Z	4778.00000	1555.10656	1538.03271	1524.98391
2025-08-08T13:10:10Z	4778.00000	1555.10648	1538.03244	1524.98387
2025-08-08T13:10:11Z	4778.00000	1555.10652	1538.03243	1524.98370
2025-08-08T13:10:11Z	4778.00000	1555.10648	1538.03227	1524.98353
2025-08-08T13:10:11Z	4778.00000	1555.10605	1538.03228	1524.98350
2025-08-08T13:10:11Z	4778.00000	1555.10621	1538.03205	1524.98344
2025-08-08T13:10:11Z	4778.00000	1555.10588	1538.03197	1524.98331
2025-08-08T13:10:11Z	4778.00000	1555.10570	1538.03173	1524.98320
2025-08-08T13:10:11Z	4779.00000	1555.10551	1538.03161	1524.98314
2025-08-08T13:10:11Z	4779.00000	1555.10545	1538.03139	1524.98303
2025-08-08T13:10:11Z	4779.00000	1555.10520	1538.03118	1524.98302
2025-08-08T13:10:11Z	4779.00000	1555.10524	1538.03130	1524.98294
2025-08-08T13:10:11Z	4779.00000	1555.10497	1538.03110	1524.98288
2025-08-08T13:10:12Z	4779.00000	1555.10473	1538.03096	1524.98273
2025-08-08T13:10:12Z	4779.00000	1555.10457	1538.03078	1524.98269
2025-08-08T13:10:12Z	4779.00000	1555.10442	1538.03058	1524.98264
2025-08-08T13:10:12Z	4779.00000	1555.10447	1538.03082	1524.98244
2025-08-08T13:10:12Z	4779.00000	1555.10414	1538.03071	1524.98247
2025-08-08T13:10:12Z	4780.00000	1555.10394	1538.03025	1524.98226
2025-08-08T13:10:12Z	4780.00000	1555.10391	1538.03029	1524.98221
2025-08-08T13:10:12Z	4780.00000	1555.10389	1538.03007	1524.98232
2025-08-08T13:10:12Z	4780.00000	1555.10366	1538.02986	1524.98209
2025-08-08T13:10:12Z	4780.00000	1555.10351	1538.02994	1524.98197
2025-08-08T13:10:13Z	4780.00000	1555.10329	1538.02986	1524.98193
2025-08-08T13:10:13Z	4780.00000	1555.10333	1538.02968	1524.98188
2025-08-08T13:10:13Z	4780.00000	1555.10320	1538.02957	1524.98182
2025-08-08T13:10:13Z	4780.00000	1555.10300	1538.02913	1524.98177
2025-08-08T13:10:13Z	4780.00000	1555.10295	1538.02910	1524.98165
2025-08-08T13:10:13Z	4781.00000	1555.10204	1538.02878	1524.98155
2025-08-08T13:10:13Z	4781.00000	1555.10190	1538.02901	1524.98141
2025-08-08T13:10:13Z	4781.00000	1555.10191	1538.02864	1524.98144
2025-08-08T13:10:13Z	4781.00000	1555.10175	1538.02885	1524.98136
2025-08-08T13:10:13Z	4781.00000	1555.10162	1538.02834	1524.98146
2025-08-08T13:10:14Z	4781.00000	1555.10139	1538.02847	1524.98110
2025-08-08T13:10:14Z	4781.00000	1555.10128	1538.02854	1524.98105
2025-08-08T13:10:14Z	4781.00000	1555.10137	1538.02824	1524.98095
2025-08-08T13:10:14Z	4781.00000	1555.10116	1538.02803	1524.98106
2025-08-08T13:10:14Z	4781.00000	1555.10083	1538.02801	1524.98100
2025-08-08T13:10:14Z	4782.00000	1555.10062	1538.02789	1524.98101
2025-08-08T13:10:14Z	4782.00000	1555.10083	1538.02764	1524.98083
2025-08-08T13:10:14Z	4782.00000	1555.10073	1538.02768	1524.98073
2025-08-08T13:10:14Z	4782.00000	1555.10035	1538.02706	1524.98052
2025-08-08T13:10:14Z	4782.00000	1555.10046	1538.02739	1524.98069
2025-08-08T13:10:15Z	4782.00000	1555.10021	1538.02734	1524.98046
2025-08-08T13:10:15Z	4782.00000	1555.10006	1538.02733	1524.98039
2025-08-08T13:10:15Z	4782.00000	1555.10031	1538.02682	1524.98049
2025-08-08T13:10:15Z	4782.00000	1555.09998	1538.02695	1524.98020
2025-08-08T13:10:15Z	4782.00000	1555.09987	1538.02640	1524.98033
2025-08-08T13:10:15Z	4783.00000	1555.09979	1538.02663	1524.98016
2025-08-08T13:10:15Z	4783.00000	1555.09960	1538.02580	1524.98019
2025-08-08T13:10:15Z	4783.00000	1555.09960	1538.02604	1524.97988
2025-08-08T13:10:15Z	4783.00000	1555.09944	1538.02637	1524.97988
2025-08-08T13:10:16Z	4783.00000	1555.09947	1538.02585	1524.97974
2025-08-08T13:10:16Z	4783.00000	1555.09935	1538.02538	1524.97996
2025-08-08T13:10:16Z	4783.00000	1555.09936	1538.02570	1524.97975
2025-08-08T13:10:16Z	4783.00000	1555.09905	1538.02530	1524.97973
2025-08-08T13:10:16Z	4783.00000	1555.09924	1538.02552	1524.97952
2025-08-08T13:10:16Z	4783.00000	1555.09904	1538.02510	1524.97932
2025-08-08T13:10:16Z	4784.00000	1555.09892	1538.02510	1524.97940
2025-08-08T13:10:16Z	4784.00000	1555.09864	1538.02466	1524.97932
2025-08-08T13:10:16Z	4784.00000	1555.09858	1538.02500	1524.97928
2025-08-08T13:10:16Z	4784.00000	1555.09871	1538.02445	1524.97926
2025-08-08T13:10:17Z	4784.00000	1555.09866	1538.02469	1524.97910
2025-08-08T13:10:17Z	4784.00000	1555.09864	1538.02452	1524.97894
2025-08-08T13:10:17Z	4784.00000	1555.09858	1538.02402	1524.97907
2025-08-08T13:10:17Z	4784.00000	1555.09837	1538.02452	1524.97893
2025-08-08T13:10:17Z	4784.00000	1555.09851	1538.02403	1524.97888
2025-08-08T13:10:17Z	4784.00000	1555.09825	1538.02391	1524.97873
2025-08-08T13:10:17Z	4785.00000	1555.09819	1538.02411	1524.97871
2025-08-08T13:10:17Z	4785.00000	1555.09818	1538.02398	1524.97865
2025-08-08T13:10:17Z	4785.00000	1555.09784	1538.02337	1524.97849
2025-08-08T13:10:17Z	4785.00000	1555.09784	1538.02333	1524.97842
2025-08-08T13:10:17Z	4785.00000	1555.09779	1538.02335	1524.97845
2025-08-08T13:10:18Z	4785.00000	1555.09789	1538.02324	1524.97837
2025-08-08T13:10:18Z	4785.00000	1555.09772	1538.02311	1524.97834
2025-08-08T13:10:18Z	4785.00000	1555.09753	1538.02308	1524.97821
2025-08-08T13:10:18Z	4785.00000	1555.09748	1538.02293	1524.97819
2025-08-08T13:10:18Z	4785.00000	1555.09746	1538.02281	1524.97810
2025-08-08T13:10:18Z	4786.00000	1555.09724	1538.02270	1524.97805
2025-08-08T13:10:18Z	4786.00000	1555.09728	1538.02292	1524.97798
2025-08-08T13:10:18Z	4786.00000	1555.09704	1538.02291	1524.97792
2025-08-08T13:10:18Z	4786.00000	1555.09730	1538.02242	1524.97809
2025-08-08T13:10:18Z	4786.00000	1555.09711	1538.02283	1524.97786
2025-08-08T13:10:19Z	4786.00000	1555.09698	1538.02262	1524.97778
2025-08-08T13:10:19Z	4786.00000	1555.09683	1538.02210	1524.97773
2025-08-08T13:10:19Z	4786.00000	1555.09694	1538.02244	1524.97769
2025-08-08T13:10:19Z	4786.00000	1555.09670	1538.02231	1524.97772
2025-08-08T13:10:19Z	4786.00000	1555.09668	1538.02210	1524.97747
2025-08-08T13:10:19Z	4787.00000	1555.09669	1538.02203	1524.97754
2025-08-08T13:10:19Z	4787.00000	1555.09657	1538.02157	1524.97741
2025-08-08T13:10:19Z	4787.00000	1555.09663	1538.02177	1524.97742
2025-08-08T13:10:19Z	4787.00000	1555.09654	1538.02150	1524.97727
2025-08-08T13:10:20Z	4787.00000	1555.09628	1538.02174	1524.97726
2025-08-08T13:10:20Z	4787.00000	1555.09637	1538.02129	1524.97728
2025-08-08T13:10:20Z	4787.00000	1555.09602	1538.02164	1524.97736
2025-08-08T13:10:20Z	4787.00000	1555.09611	1538.02144	1524.97728
2025-08-08T13:10:20Z	4787.00000	1555.09600	1538.02129	1524.97710
2025-08-08T13:10:20Z	4787.00000	1555.09601	1538.02127	1524.97720
2025-08-08T13:10:20Z	4788.00000	1555.09589	1538.02123	1524.97720
2025-08-08T13:10:20Z	4788.00000	1555.09582	1538.02106	1524.97705
2025-08-08T13:10:20Z	4788.00000	1555.09562	1538.02098	1524.97704
2025-08-08T13:10:20Z	4788.00000	1555.09564	1538.02092	1524.97698
2025-08-08T13:10:20Z	4788.00000	1555.09528	1538.02059	1524.97694
2025-08-08T13:10:21Z	4788.00000	1555.09551	1538.02074	1524.97685
2025-08-08T13:10:21Z	4788.00000	1555.09546	1538.02062	1524.97683
2025-08-08T13:10:21Z	4788.00000	1555.09523	1538.02045	1524.97679
2025-08-08T13:10:21Z	4788.00000	1555.09540	1538.02042	1524.97669
2025-08-08T13:10:21Z	4788.00000	1555.09516	1538.02030	1524.97665
2025-08-08T13:10:21Z	4789.00000	1555.09499	1538.02030	1524.97660
2025-08-08T13:10:21Z	4789.00000	1555.09501	1538.02018	1524.97660
2025-08-08T13:10:21Z	4789.00000	1555.09488	1538.02005	1524.97651
2025-08-08T13:10:21Z	4789.00000	1555.09461	1538.01999	1524.97643
2025-08-08T13:10:22Z	4789.00000	1555.09432	1538.01974	1524.97639
2025-08-08T13:10:22Z	4789.00000	1555.09431	1538.01977	1524.97633
2025-08-08T13:10:22Z	4789.00000	1555.09428	1538.01959	1524.97629
2025-08-08T13:10:22Z	4789.00000	1555.09425	1538.01953	1524.97626
2025-08-08T13:10:22Z	4789.00000	1555.09435	1538.01962	1524.97619
2025-08-08T13:10:22Z	4790.00000	1555.09404	1538.01946	1524.97615
2025-08-08T13:10:22Z	4790.00000	1555.09371	1538.01919	1524.97600
2025-08-08T13:10:22Z	4790.00000	1555.09372	1538.01921	1524.97604
2025-08-08T13:10:23Z	4790.00000	1555.09383	1538.01934	1524.97592
2025-08-08T13:10:23Z	4790.00000	1555.09369	1538.01910	1524.97586
2025-08-08T13:10:23Z	4790.00000	1555.09341	1538.01898	1524.97583
2025-08-08T13:10:23Z	4790.00000	1555.09346	1538.01894	1524.97588
2025-08-08T13:10:23Z	4790.00000	1555.09330	1538.01888	1524.97577
2025-08-08T13:10:23Z	4790.00000	1555.09310	1538.01865	1524.97574
2025-08-08T13:10:23Z	4791.00000	1555.09307	1538.01862	1524.97566
2025-08-08T13:10:23Z	4791.00000	1555.09288	1538.01856	1524.97565
2025-08-08T13:10:23Z	4791.00000	1555.09298	1538.01845	1524.97555
2025-08-08T13:10:23Z	4791.00000	1555.09285	1538.01848	1524.97550
2025-08-08T13:10:24Z	4791.00000	1555.09282	1538.01825	1524.97547
2025-08-08T13:10:24Z	4791.00000	1555.09241	1538.01810	1524.97535
2025-08-08T13:10:24Z	4791.00000	1555.09241	1538.01796	1524.97538
2025-08-08T13:10:24Z	4791.00000	1555.09231	1538.01820	1524.97542
2025-08-08T13:10:24Z	4792.00000	1555.09223	1538.01793	1524.97517
2025-08-08T13:10:24Z	4792.00000	1555.09200	1538.01784	1524.97519
2025-08-08T13:10:24Z	4792.00000	1555.09206	1538.01763	1524.97510
2025-08-08T13:10:25Z	4792.00000	1555.09194	1538.01762	1524.97507
2025-08-08T13:10:25Z	4792.00000	1555.09174	1538.01744	1524.97507
2025-08-08T13:10:25Z	4792.00000	1555.09134	1538.01727	1524.97498
2025-08-08T13:10:25Z	4792.00000	1555.09135	1538.01716	1524.97489
2025-08-08T13:10:25Z	4793.00000	1555.09143	1538.01732	1524.97488
2025-08-08T13:10:25Z	4793.00000	1555.09104	1538.01691	1524.97473
2025-08-08T13:10:25Z	4793.00000	1555.09096	1538.01752	1524.97489
2025-08-08T13:10:26Z	4793.00000	1555.09084	1538.01695	1524.97477
2025-08-08T13:10:26Z	4793.00000	1555.09066	1538.01689	1524.97461
2025-08-08T13:10:26Z	4793.00000	1555.09072	1538.01679	1524.97462
2025-08-08T13:10:26Z	4793.00000	1555.09056	1538.01679	1524.97448
2025-08-08T13:10:26Z	4794.00000	1555.09034	1538.01657	1524.97446
2025-08-08T13:10:26Z	4794.00000	1555.13034	1538.05276	1524.99685
2025-08-08T13:10:26Z	4794.00000	1555.69115	1538.57464	1525.30377
2025-08-08T13:10:27Z	4794.00000	1556.17396	1539.02700	1525.56321
2025-08-08T13:10:27Z	4794.00000	1556.45328	1539.28796	1525.71072
2025-08-08T13:10:27Z	4794.00000	1556.90555	1539.70848	1525.95535
2025-08-08T13:10:27Z	4794.00000	1557.15999	1539.94792	1526.09350
2025-08-08T13:10:27Z	4795.00000	1557.41105	1540.18338	1526.23022
2025-08-08T13:10:27Z	4795.00000	1557.77227	1540.52391	1526.42667
2025-08-08T13:10:27Z	4795.00000	1558.17782	1540.90374	1526.64515
2025-08-08T13:10:28Z	4795.00000	1558.35604	1541.07224	1526.74224
2025-08-08T13:10:28Z	4795.00000	1558.52651	1541.23086	1526.83588
2025-08-08T13:10:28Z	4795.00000	1558.73080	1541.42326	1526.94756
2025-08-08T13:10:28Z	4795.00000	1558.91776	1541.60275	1527.05103
2025-08-08T13:10:28Z	4795.00000	1559.08833	1541.76750	1527.14598
2025-08-08T13:10:28Z	4796.00000	1559.23233	1541.90558	1527.22639
2025-08-08T13:10:28Z	4796.00000	1559.35936	1542.02913	1527.29604
2025-08-08T13:10:28Z	4796.00000	1559.47361	1542.13682	1527.36298
2025-08-08T13:10:28Z	4796.00000	1559.61386	1542.27292	1527.43951
2025-08-08T13:10:29Z	4796.00000	1559.73935	1542.39379	1527.50831
2025-08-08T13:10:29Z	4796.00000	1559.80743	1542.45910	1527.54842
2025-08-08T13:10:29Z	4796.00000	1559.89840	1542.54601	1527.59714
2025-08-08T13:10:29Z	4796.00000	1559.96783	1542.61173	1527.63509
2025-08-08T13:10:29Z	4796.00000	1560.04477	1542.67836	1527.67605
2025-08-08T13:10:29Z	4797.00000	1560.08910	1542.72487	1527.70260
2025-08-08T13:10:29Z	4797.00000	1560.12979	1542.76257	1527.72602
2025-08-08T13:10:29Z	4797.00000	1560.20124	1542.82391	1527.76552
2025-08-08T13:10:29Z	4797.00000	1560.23469	1542.85485	1527.78490
2025-08-08T13:10:29Z	4797.00000	1560.26988	1542.89273	1527.80484
2025-08-08T13:10:30Z	4797.00000	1560.32269	1542.93854	1527.83337
2025-08-08T13:10:30Z	4797.00000	1560.34262	1542.95653	1527.84476
2025-08-08T13:10:30Z	4797.00000	1560.36363	1542.97543	1527.85680
2025-08-08T13:10:30Z	4798.00000	1560.39416	1543.00171	1527.87438
2025-08-08T13:10:30Z	4798.00000	1560.40681	1543.01342	1527.88204
2025-08-08T13:10:30Z	4798.00000	1560.42045	1543.02595	1527.89066
2025-08-08T13:10:30Z	4798.00000	1560.43113	1543.03553	1527.89675
2025-08-08T13:10:31Z	4798.00000	1560.45120	1543.05962	1527.90869
2025-08-08T13:10:31Z	4798.00000	1560.46002	1543.06769	1527.91440
2025-08-08T13:10:31Z	4798.00000	1560.46999	1543.07641	1527.91951
2025-08-08T13:10:31Z	4798.00000	1560.47737	1543.08334	1527.92423
2025-08-08T13:10:31Z	4798.00000	1560.48750	1543.09067	1527.92836
2025-08-08T13:10:31Z	4799.00000	1560.45353	1543.01597	1527.93106
2025-08-08T13:10:31Z	4799.00000	1558.61881	1541.27035	1526.87760
2025-08-08T13:10:31Z	4799.00000	1558.22225	1540.91047	1526.66313
2025-08-08T13:10:31Z	4799.00000	1557.95203	1540.66215	1526.51542
2025-08-08T13:10:31Z	4799.00000	1557.72243	1540.45231	1526.39243
2025-08-08T13:10:32Z	4799.00000	1557.48089	1540.23060	1526.25985
2025-08-08T13:10:32Z	4799.00000	1557.08829	1539.87194	1526.04918
2025-08-08T13:10:32Z	4799.00000	1556.87203	1539.67227	1525.92981
2025-08-08T13:10:32Z	4799.00000	1556.69057	1539.50474	1525.83187
2025-08-08T13:10:32Z	4800.00000	1556.51278	1539.34043	1525.73413
2025-08-08T13:10:32Z	4800.00000	1556.31251	1539.15702	1525.63199
2025-08-08T13:10:32Z	4800.00000	1556.13778	1538.99599	1525.53877
2025-08-08T13:10:32Z	4800.00000	1555.94422	1538.81579	1525.43823
2025-08-08T13:10:33Z	4800.00000	1555.79218	1538.67259	1525.35462
2025-08-08T13:10:33Z	4800.00000	1555.61714	1538.50936	1525.26321
2025-08-08T13:10:33Z	4800.00000	1555.46754	1538.37387	1525.18105
2025-08-08T13:10:33Z	4800.00000	1555.32368	1538.24113	1525.10605
2025-08-08T13:10:33Z	4800.00000	1555.18133	1538.10793	1525.02732
2025-08-08T13:10:33Z	4800.00000	1555.17474	1538.10160	1525.02369
2025-08-08T13:10:33Z	4801.00000	1555.16781	1538.09393	1525.01960
2025-08-08T13:10:33Z	4801.00000	1555.16424	1538.09110	1525.01790
2025-08-08T13:10:33Z	4801.00000	1555.16152	1538.08846	1525.01612
2025-08-08T13:10:33Z	4801.00000	1555.15949	1538.08542	1525.01461
2025-08-08T13:10:34Z	4801.00000	1555.15787	1538.08334	1525.01315
2025-08-08T13:10:34Z	4801.00000	1555.15579	1538.08102	1525.01199
2025-08-08T13:10:34Z	4801.00000	1555.15384	1538.07927	1525.01109
2025-08-08T13:10:34Z	4801.00000	1555.15187	1538.07811	1525.01030
2025-08-08T13:10:34Z	4801.00000	1555.14983	1538.07635	1525.00942
2025-08-08T13:10:34Z	4802.00000	1555.14810	1538.07455	1525.00834
2025-08-08T13:10:34Z	4802.00000	1555.14693	1538.07327	1525.00761
2025-08-08T13:10:34Z	4802.00000	1555.14550	1538.07152	1525.00668
2025-08-08T13:10:34Z	4802.00000	1555.14407	1538.07023	1525.00579
2025-08-08T13:10:35Z	4802.00000	1555.14234	1538.06818	1525.00457
2025-08-08T13:10:35Z	4802.00000	1555.14152	1538.06713	1525.00405
2025-08-08T13:10:35Z	4802.00000	1555.14046	1538.06615	1525.00301
2025-08-08T13:10:35Z	4802.00000	1555.13962	1538.06506	1525.00249
2025-08-08T13:10:35Z	4802.00000	1555.13857	1538.06425	1525.00185
2025-08-08T13:10:35Z	4803.00000	1555.13723	1538.06325	1525.00132
2025-08-08T13:10:35Z	4803.00000	1555.13584	1538.06228	1525.00048
2025-08-08T13:10:35Z	4803.00000	1555.13518	1538.06129	1525.00005
2025-08-08T13:10:35Z	4803.00000	1555.13329	1538.06055	1524.99939
2025-08-08T13:10:36Z	4803.00000	1555.13296	1538.05938	1524.99900
2025-08-08T13:10:36Z	4803.00000	1555.13172	1538.05880	1524.99855
2025-08-08T13:10:36Z	4803.00000	1555.13109	1538.05777	1524.99829
2025-08-08T13:10:36Z	4803.00000	1555.13076	1538.05747	1524.99805
2025-08-08T13:10:36Z	4803.00000	1555.13005	1538.05590	1524.99753
2025-08-08T13:10:36Z	4804.00000	1555.12979	1538.05525	1524.99714
2025-08-08T13:10:36Z	4804.00000	1555.12861	1538.05386	1524.99608
2025-08-08T13:10:36Z	4804.00000	1555.12825	1538.05338	1524.99609
2025-08-08T13:10:36Z	4804.00000	1555.12779	1538.05310	1524.99573
2025-08-08T13:10:37Z	4804.00000	1555.12728	1538.05252	1524.99540
2025-08-08T13:10:37Z	4804.00000	1555.12680	1538.05176	1524.99503
2025-08-08T13:10:37Z	4804.00000	1555.12602	1538.05140	1524.99465
2025-08-08T13:10:37Z	4804.00000	1555.12560	1538.05082	1524.99429
2025-08-08T13:10:37Z	4804.00000	1555.12514	1538.05031	1524.99395
2025-08-08T13:10:37Z	4805.00000	1555.12447	1538.04980	1524.99364
2025-08-08T13:10:37Z	4805.00000	1555.22134	1538.14076	1525.04815
2025-08-08T13:10:37Z	4805.00000	1555.49675	1538.39608	1525.19493
2025-08-08T13:10:37Z	4805.00000	1555.74849	1538.63081	1525.33564
2025-08-08T13:10:37Z	4805.00000	1556.04335	1538.90837	1525.49592
2025-08-08T13:10:38Z	4805.00000	1556.28699	1539.13519	1525.62484
2025-08-08T13:10:38Z	4805.00000	1556.52094	1539.34992	1525.74533
2025-08-08T13:10:38Z	4805.00000	1556.78583	1539.59724	1525.89156
2025-08-08T13:10:38Z	4805.00000	1557.04504	1539.84218	1526.03329
2025-08-08T13:10:38Z	4805.00000	1557.25824	1540.04229	1526.14645
2025-08-08T13:10:38Z	4806.00000	1557.46569	1540.23550	1526.25990
2025-08-08T13:10:38Z	4806.00000	1557.67136	1540.42841	1526.37067
2025-08-08T13:10:38Z	4806.00000	1557.90036	1540.64141	1526.49406
2025-08-08T13:10:38Z	4806.00000	1558.05878	1540.79146	1526.58085
2025-08-08T13:10:38Z	4806.00000	1558.27406	1540.99500	1526.69839
2025-08-08T13:10:39Z	4806.00000	1558.45627	1541.16699	1526.79993
2025-08-08T13:10:39Z	4806.00000	1558.62314	1541.32577	1526.88947
2025-08-08T13:10:39Z	4806.00000	1558.78737	1541.48118	1526.98177
2025-08-08T13:10:39Z	4806.00000	1558.97239	1541.65835	1527.08232
2025-08-08T13:10:39Z	4806.00000	1559.12190	1541.80235	1527.16671
2025-08-08T13:10:39Z	4807.00000	1559.26687	1541.93730	1527.24606
2025-08-08T13:10:39Z	4807.00000	1559.39743	1542.06347	1527.31896
2025-08-08T13:10:39Z	4807.00000	1559.54134	1542.20313	1527.40016
2025-08-08T13:10:39Z	4807.00000	1559.68226	1542.33877	1527.47682
2025-08-08T13:10:40Z	4807.00000	1559.78995	1542.43948	1527.53891
2025-08-08T13:10:40Z	4807.00000	1559.94068	1542.58249	1527.62017
2025-08-08T13:10:40Z	4807.00000	1560.01531	1542.64891	1527.66013
2025-08-08T13:10:40Z	4807.00000	1560.09871	1542.73051	1527.70801
2025-08-08T13:10:40Z	4808.00000	1560.16232	1542.78656	1527.74355
2025-08-08T13:10:40Z	4808.00000	1560.23041	1542.84832	1527.78228
2025-08-08T13:10:40Z	4808.00000	1560.27660	1542.89612	1527.80875
2025-08-08T13:10:41Z	4808.00000	1560.33036	1542.94436	1527.83763
2025-08-08T13:10:41Z	4808.00000	1560.34975	1542.96123	1527.84842
2025-08-08T13:10:41Z	4808.00000	1560.37046	1542.97933	1527.86059
2025-08-08T13:10:41Z	4808.00000	1560.39339	1543.00045	1527.87411
2025-08-08T13:10:41Z	4808.00000	1560.41053	1543.01613	1527.88392
2025-08-08T13:10:41Z	4808.00000	1560.42849	1543.03272	1527.89466
2025-08-08T13:10:41Z	4809.00000	1560.43951	1543.04258	1527.90189
2025-08-08T13:10:41Z	4809.00000	1560.45402	1543.06189	1527.91022
2025-08-08T13:10:41Z	4809.00000	1560.46743	1543.07369	1527.91761
2025-08-08T13:10:41Z	4809.00000	1560.47587	1543.08128	1527.92289
2025-08-08T13:10:41Z	4809.00000	1560.48849	1543.09047	1527.92824
2025-08-08T13:10:42Z	4809.00000	1560.49871	1543.09828	1527.93393
2025-08-08T13:10:42Z	4809.00000	1560.50648	1543.10670	1527.93908
2025-08-08T13:10:42Z	4809.00000	1560.51469	1543.11356	1527.94319
2025-08-08T13:10:42Z	4809.00000	1560.52328	1543.12171	1527.94867
2025-08-08T13:10:42Z	4809.00000	1560.53055	1543.12816	1527.95253
2025-08-08T13:10:42Z	4810.00000	1558.56888	1541.22278	1526.85169
2025-08-08T13:10:42Z	4810.00000	1558.15596	1540.84918	1526.62983
2025-08-08T13:10:43Z	4810.00000	1557.68492	1540.41954	1526.37278
2025-08-08T13:10:43Z	4810.00000	1557.51339	1540.26162	1526.27896
2025-08-08T13:10:43Z	4810.00000	1557.31222	1540.07767	1526.16916
2025-08-08T13:10:43Z	4810.00000	1557.11669	1539.90011	1526.06559
2025-08-08T13:10:43Z	4810.00000	1556.89929	1539.69733	1525.94551
2025-08-08T13:10:43Z	4810.00000	1556.71987	1539.53333	1525.84935
2025-08-08T13:10:43Z	4811.00000	1556.54221	1539.36930	1525.75110
2025-08-08T13:10:43Z	4811.00000	1556.36942	1539.21056	1525.66333
2025-08-08T13:10:43Z	4811.00000	1556.16674	1539.02404	1525.55498
2025-08-08T13:10:43Z	4811.00000	1555.97375	1538.84406	1525.45543
2025-08-08T13:10:44Z	4811.00000	1555.82190	1538.70358	1525.37188
2025-08-08T13:10:44Z	4811.00000	1555.69495	1538.58409	1525.30590
2025-08-08T13:10:44Z	4811.00000	1555.54517	1538.44507	1525.22473
2025-08-08T13:10:44Z	4811.00000	1555.37512	1538.28945	1525.13437
2025-08-08T13:10:44Z	4811.00000	1555.23551	1538.16311	1525.06042
2025-08-08T13:10:44Z	4811.00000	1555.18889	1538.11636	1525.03284
2025-08-08T13:10:44Z	4812.00000	1555.18515	1538.11180	1525.03109
2025-08-08T13:10:44Z	4812.00000	1555.18067	1538.10792	1525.02817
2025-08-08T13:10:44Z	4812.00000	1555.17770	1538.10565	1525.02655
2025-08-08T13:10:44Z	4812.00000	1555.17531	1538.10266	1525.02482
2025-08-08T13:10:45Z	4812.00000	1555.17299	1538.09955	1525.02342
2025-08-08T13:10:45Z	4812.00000	1555.17036	1538.09666	1525.02193
2025-08-08T13:10:45Z	4812.00000	1555.16797	1538.09442	1525.02075
2025-08-08T13:10:45Z	4812.00000	1555.16467	1538.09242	1525.01925
2025-08-08T13:10:45Z	4812.00000	1555.16262	1538.08997	1525.01796
2025-08-08T13:10:45Z	4813.00000	1555.16132	1538.08853	1525.01671
2025-08-08T13:10:45Z	4813.00000	1555.15972	1538.08658	1525.01569
2025-08-08T13:10:45Z	4813.00000	1555.15870	1538.08480	1525.01482
2025-08-08T13:10:45Z	4813.00000	1555.15753	1538.08297	1525.01380
2025-08-08T13:10:46Z	4813.00000	1555.15667	1538.08218	1525.01320
2025-08-08T13:10:46Z	4813.00000	1555.15522	1538.08061	1525.01214
2025-08-08T13:10:46Z	4813.00000	1555.15344	1538.07926	1525.01149
2025-08-08T13:10:46Z	4813.00000	1555.15234	1538.07881	1525.01098
2025-08-08T13:10:46Z	4813.00000	1555.15115	1538.07779	1525.01057
2025-08-08T13:10:46Z	4814.00000	1555.15002	1538.07702	1525.00995
2025-08-08T13:10:46Z	4814.00000	1555.14897	1538.07582	1525.00949
2025-08-08T13:10:46Z	4814.00000	1555.14734	1538.07415	1525.00850
2025-08-08T13:10:46Z	4814.00000	1555.14628	1538.07265	1525.00786
2025-08-08T13:10:47Z	4814.00000	1555.14481	1538.07103	1525.00693
2025-08-08T13:10:47Z	4814.00000	1555.14441	1538.07040	1525.00664
2025-08-08T13:10:47Z	4814.00000	1555.14380	1538.06933	1525.00599
2025-08-08T13:10:47Z	4814.00000	1555.14319	1538.06892	1525.00552
2025-08-08T13:10:47Z	4814.00000	1555.14265	1538.06842	1525.00495
2025-08-08T13:10:47Z	4815.00000	1555.14184	1538.06737	1525.00458
2025-08-08T13:10:47Z	4815.00000	1555.14099	1538.06670	1525.00397
2025-08-08T13:10:47Z	4815.00000	1555.14027	1538.06616	1525.00351
2025-08-08T13:10:47Z	4815.00000	1555.13988	1538.06585	1525.00331
2025-08-08T13:10:47Z	4815.00000	1555.13916	1538.06499	1525.00264
2025-08-08T13:10:48Z	4815.00000	1555.13855	1538.06439	1525.00228
2025-08-08T13:10:48Z	4815.00000	1555.13783	1538.06386	1525.00202
2025-08-08T13:10:48Z	4815.00000	1555.13703	1538.06320	1525.00156
2025-08-08T13:10:48Z	4815.00000	1555.13663	1538.06274	1525.00109
2025-08-08T13:10:48Z	4815.00000	1555.13567	1538.06215	1525.00066
2025-08-08T13:10:48Z	4816.00000	1555.13527	1538.06194	1525.00032
2025-08-08T13:10:48Z	4816.00000	1555.24661	1538.16941	1525.06700
2025-08-08T13:10:48Z	4816.00000	1555.51631	1538.41565	1525.20820
2025-08-08T13:10:48Z	4816.00000	1555.81164	1538.69044	1525.36864
2025-08-08T13:10:48Z	4816.00000	1556.06824	1538.93333	1525.50899
2025-08-08T13:10:49Z	4816.00000	1556.31891	1539.16408	1525.64249
2025-08-08T13:10:49Z	4816.00000	1556.55536	1539.38320	1525.76458
2025-08-08T13:10:49Z	4816.00000	1556.86019	1539.66846	1525.93124
2025-08-08T13:10:49Z	4816.00000	1557.08759	1539.88284	1526.05738
2025-08-08T13:10:49Z	4816.00000	1557.37619	1540.15094	1526.21227
2025-08-08T13:10:49Z	4817.00000	1557.58127	1540.34588	1526.32182
2025-08-08T13:10:49Z	4817.00000	1557.97484	1540.71630	1526.53555
2025-08-08T13:10:49Z	4817.00000	1558.13366	1540.86329	1526.62390
2025-08-08T13:10:50Z	4817.00000	1558.52425	1541.23143	1526.83678
2025-08-08T13:10:50Z	4817.00000	1558.72327	1541.41874	1526.94610
2025-08-08T13:10:50Z	4817.00000	1559.04176	1541.72458	1527.12153
2025-08-08T13:10:50Z	4818.00000	1559.35055	1542.01968	1527.29281
2025-08-08T13:10:50Z	4818.00000	1559.45629	1542.12044	1527.35380
2025-08-08T13:10:50Z	4818.00000	1559.59348	1542.25290	1527.42929
2025-08-08T13:10:50Z	4818.00000	1559.68297	1542.34033	1527.47770
2025-08-08T13:10:50Z	4818.00000	1559.76469	1542.41747	1527.52506
2025-08-08T13:10:51Z	4818.00000	1559.85476	1542.49783	1527.57414
2025-08-08T13:10:51Z	4818.00000	1559.94958	1542.59127	1527.62538
2025-08-08T13:10:51Z	4818.00000	1560.02499	1542.65771	1527.66572
2025-08-08T13:10:51Z	4818.00000	1560.09891	1542.73180	1527.70884
2025-08-08T13:10:51Z	4818.00000	1560.14471	1542.77333	1527.73488
2025-08-08T13:10:51Z	4819.00000	1560.20229	1542.82395	1527.76700
2025-08-08T13:10:51Z	4819.00000	1560.24780	1542.86494	1527.79267
2025-08-08T13:10:51Z	4819.00000	1560.27614	1542.89833	1527.80981
2025-08-08T13:10:51Z	4819.00000	1560.30773	1542.92617	1527.82699
2025-08-08T13:10:52Z	4819.00000	1560.34638	1542.95969	1527.84753
2025-08-08T13:10:52Z	4819.00000	1560.36933	1542.98052	1527.86078
2025-08-08T13:10:52Z	4819.00000	1560.39331	1543.00145	1527.87474
2025-08-08T13:10:52Z	4819.00000	1560.41501	1543.02081	1527.88779
2025-08-08T13:10:52Z	4819.00000	1560.42862	1543.03408	1527.89574
2025-08-08T13:10:52Z	4819.00000	1560.44548	1543.04906	1527.90549
2025-08-08T13:10:52Z	4820.00000	1560.46014	1543.06818	1527.91458
2025-08-08T13:10:52Z	4820.00000	1560.47059	1543.07809	1527.91993
2025-08-08T13:10:52Z	4820.00000	1560.48131	1543.08717	1527.92661
2025-08-08T13:10:52Z	4820.00000	1560.49224	1543.09450	1527.93114
2025-08-08T13:10:53Z	4820.00000	1560.50474	1543.10596	1527.93850
2025-08-08T13:10:53Z	4820.00000	1560.51326	1543.11336	1527.94273
2025-08-08T13:10:53Z	4820.00000	1560.52223	1543.12157	1527.94847
2025-08-08T13:10:53Z	4820.00000	1560.52874	1543.12745	1527.95158
2025-08-08T13:10:53Z	4820.00000	1560.53704	1543.13493	1527.95654
2025-08-08T13:10:53Z	4820.00000	1560.54335	1543.14066	1527.96074
2025-08-08T13:10:53Z	4821.00000	1560.41251	1542.91986	1527.91326
2025-08-08T13:10:53Z	4821.00000	1558.62260	1541.27616	1526.88569
2025-08-08T13:10:53Z	4821.00000	1558.20096	1540.89242	1526.65301
2025-08-08T13:10:53Z	4821.00000	1557.90143	1540.61705	1526.49003
2025-08-08T13:10:53Z	4821.00000	1557.71578	1540.44834	1526.39161
2025-08-08T13:10:54Z	4821.00000	1557.54314	1540.28989	1526.29481
2025-08-08T13:10:54Z	4821.00000	1557.30087	1540.06901	1526.16378
2025-08-08T13:10:54Z	4821.00000	1557.04915	1539.83862	1526.02914
2025-08-08T13:10:54Z	4821.00000	1556.89850	1539.69813	1525.94575
2025-08-08T13:10:54Z	4821.00000	1556.74788	1539.55944	1525.86558
2025-08-08T13:10:54Z	4822.00000	1556.53873	1539.36657	1525.74966
2025-08-08T13:10:54Z	4822.00000	1556.33527	1539.18001	1525.64583
2025-08-08T13:10:54Z	4822.00000	1556.13947	1538.99957	1525.54092
2025-08-08T13:10:54Z	4822.00000	1556.00717	1538.87651	1525.47373
2025-08-08T13:10:54Z	4822.00000	1555.85461	1538.73529	1525.39070
2025-08-08T13:10:55Z	4822.00000	1555.67569	1538.56738	1525.29639
2025-08-08T13:10:55Z	4822.00000	1555.52705	1538.42999	1525.21508
2025-08-08T13:10:55Z	4822.00000	1555.40275	1538.31629	1525.14873
2025-08-08T13:10:55Z	4822.00000	1555.23579	1538.16424	1525.06087
2025-08-08T13:10:55Z	4822.00000	1555.19935	1538.12687	1525.03939
2025-08-08T13:10:55Z	4823.00000	1555.19332	1538.12151	1525.03621
2025-08-08T13:10:55Z	4823.00000	1555.18910	1538.11720	1525.03361
2025-08-08T13:10:55Z	4823.00000	1555.18665	1538.11397	1525.03213
2025-08-08T13:10:55Z	4823.00000	1555.18427	1538.11116	1525.03085
2025-08-08T13:10:55Z	4823.00000	1555.18147	1538.10926	1525.02943
2025-08-08T13:10:56Z	4823.00000	1555.17806	1538.10628	1525.02725
2025-08-08T13:10:56Z	4823.00000	1555.17576	1538.10365	1525.02557
2025-08-08T13:10:56Z	4823.00000	1555.17447	1538.10180	1525.02485
2025-08-08T13:10:56Z	4823.00000	1555.17276	1538.09958	1525.02362
2025-08-08T13:10:56Z	4823.00000	1555.17092	1538.09740	1525.02257
2025-08-08T13:10:56Z	4824.00000	1555.16976	1538.09646	1525.02180
2025-08-08T13:10:56Z	4824.00000	1555.16786	1538.09484	1525.02100
2025-08-08T13:10:56Z	4824.00000	1555.16635	1538.09419	1525.02034
2025-08-08T13:10:56Z	4824.00000	1555.16500	1538.09268	1525.01946
2025-08-08T13:10:56Z	4824.00000	1555.16323	1538.09095	1525.01860
2025-08-08T13:10:57Z	4824.00000	1555.16228	1538.08963	1525.01790
2025-08-08T13:10:57Z	4824.00000	1555.16139	1538.08862	1525.01737
2025-08-08T13:10:57Z	4824.00000	1555.15961	1538.08659	1525.01563
2025-08-08T13:10:57Z	4824.00000	1555.15922	1538.08573	1525.01519
2025-08-08T13:10:57Z	4824.00000	1555.15837	1538.08451	1525.01471
2025-08-08T13:10:57Z	4825.00000	1555.15744	1538.08316	1525.01394
2025-08-08T13:10:57Z	4825.00000	1555.15654	1538.08222	1525.01333
2025-08-08T13:10:57Z	4825.00000	1555.15532	1538.08126	1525.01261
2025-08-08T13:10:57Z	4825.00000	1555.15435	1538.08040	1525.01204
2025-08-08T13:10:57Z	4825.00000	1555.15399	1538.07987	1525.01176
2025-08-08T13:10:58Z	4825.00000	1555.15276	1538.07893	1525.01137
2025-08-08T13:10:58Z	4825.00000	1555.15150	1538.07789	1525.01098
2025-08-08T13:10:58Z	4825.00000	1555.15039	1538.07705	1525.01030
2025-08-08T13:10:58Z	4825.00000	1555.14977	1538.07658	1525.00991
2025-08-08T13:10:58Z	4825.00000	1555.14883	1538.07597	1525.00948
2025-08-08T13:10:58Z	4826.00000	1555.14819	1538.07572	1525.00912
2025-08-08T13:10:58Z	4826.00000	1555.14748	1538.07426	1525.00858
2025-08-08T13:10:58Z	4826.00000	1555.14660	1538.07334	1525.00812
2025-08-08T13:10:58Z	4826.00000	1555.14592	1538.07245	1525.00770
2025-08-08T13:10:59Z	4826.00000	1555.14527	1538.07182	1525.00735
2025-08-08T13:10:59Z	4826.00000	1555.14490	1538.07096	1525.00679
2025-08-08T13:10:59Z	4826.00000	1555.14414	1538.07024	1525.00656
2025-08-08T13:10:59Z	4826.00000	1555.14367	1538.06928	1525.00603
2025-08-08T13:10:59Z	4826.00000	1555.14327	1538.06886	1525.00567
2025-08-08T13:10:59Z	4826.00000	1555.14300	1538.06846	1525.00534
2025-08-08T13:10:59Z	4827.00000	1555.14231	1538.06765	1525.00490
2025-08-08T13:10:59Z	4827.00000	1555.31499	1538.23177	1525.10246
2025-08-08T13:10:59Z	4827.00000	1555.57393	1538.46960	1525.24335
2025-08-08T13:10:59Z	4827.00000	1555.82713	1538.70700	1525.37784
2025-08-08T13:10:59Z	4827.00000	1556.03629	1538.90373	1525.49280
2025-08-08T13:11:00Z	4827.00000	1556.32819	1539.17319	1525.64809
2025-08-08T13:11:00Z	4827.00000	1556.56241	1539.38994	1525.76902
2025-08-08T13:11:00Z	4827.00000	1556.79371	1539.60681	1525.89666
2025-08-08T13:11:00Z	4827.00000	1557.05326	1539.85177	1526.03904
2025-08-08T13:11:00Z	4827.00000	1557.27010	1540.05411	1526.15366
2025-08-08T13:11:00Z	4828.00000	1557.51251	1540.27892	1526.28492
2025-08-08T13:11:00Z	4828.00000	1557.74795	1540.50148	1526.41552
2025-08-08T13:11:00Z	4828.00000	1557.97153	1540.71348	1526.53408
2025-08-08T13:11:00Z	4828.00000	1558.16227	1540.89067	1526.63891
2025-08-08T13:11:00Z	4828.00000	1558.31530	1541.03394	1526.72181
2025-08-08T13:11:01Z	4828.00000	1558.54980	1541.25835	1526.85094
2025-08-08T13:11:01Z	4828.00000	1558.69111	1541.38887	1526.92813
2025-08-08T13:11:01Z	4828.00000	1558.82756	1541.51888	1527.00441
2025-08-08T13:11:01Z	4828.00000	1558.98228	1541.67004	1527.08937
2025-08-08T13:11:01Z	4828.00000	1559.13495	1541.81686	1527.17554
2025-08-08T13:11:01Z	4829.00000	1559.30333	1541.97723	1527.26729
2025-08-08T13:11:01Z	4829.00000	1559.45629	1542.12004	1527.35412
2025-08-08T13:11:01Z	4829.00000	1559.59421	1542.25308	1527.42967
2025-08-08T13:11:01Z	4829.00000	1559.71880	1542.37269	1527.49762
2025-08-08T13:11:02Z	4829.00000	1559.79877	1542.44716	1527.54365
2025-08-08T13:11:02Z	4829.00000	1559.88928	1542.53448	1527.59267
2025-08-08T13:11:02Z	4829.00000	1559.95717	1542.59790	1527.62973
2025-08-08T13:11:02Z	4829.00000	1560.04361	1542.67404	1527.67577
2025-08-08T13:11:02Z	4829.00000	1560.11590	1542.74625	1527.71853
2025-08-08T13:11:02Z	4829.00000	1560.17994	1542.80341	1527.75451
2025-08-08T13:11:02Z	4830.00000	1560.21725	1542.83736	1527.77567
2025-08-08T13:11:02Z	4830.00000	1560.24933	1542.86618	1527.79356
2025-08-08T13:11:02Z	4830.00000	1560.28966	1542.90987	1527.81701
2025-08-08T13:11:02Z	4830.00000	1560.32366	1542.93868	1527.83472
2025-08-08T13:11:02Z	4830.00000	1560.35137	1542.96326	1527.85000
2025-08-08T13:11:03Z	4830.00000	1560.37908	1542.98886	1527.86652
2025-08-08T13:11:03Z	4830.00000	1560.40244	1543.00923	1527.87994
2025-08-08T13:11:03Z	4830.00000	1560.42118	1543.02687	1527.89122
2025-08-08T13:11:03Z	4830.00000	1560.43668	1543.04042	1527.90042
2025-08-08T13:11:03Z	4830.00000	1560.45288	1543.06186	1527.90957
2025-08-08T13:11:03Z	4831.00000	1560.46560	1543.07287	1527.91686
2025-08-08T13:11:03Z	4831.00000	1560.47445	1543.08112	1527.92175
2025-08-08T13:11:03Z	4831.00000	1560.48778	1543.09082	1527.92804
2025-08-08T13:11:03Z	4831.00000	1560.49737	1543.09888	1527.93351
2025-08-08T13:11:03Z	4831.00000	1560.50599	1543.10728	1527.93879
2025-08-08T13:11:04Z	4831.00000	1560.51606	1543.11616	1527.94424
2025-08-08T13:11:04Z	4831.00000	1560.52552	1543.12379	1527.94971
2025-08-08T13:11:04Z	4831.00000	1560.53262	1543.13125	1527.95336
2025-08-08T13:11:04Z	4831.00000	1560.54091	1543.13852	1527.95854
2025-08-08T13:11:04Z	4831.00000	1560.54674	1543.14261	1527.96163
2025-08-08T13:11:04Z	4832.00000	1560.32076	1542.80346	1527.84846
2025-08-08T13:11:04Z	4832.00000	1558.60940	1541.26298	1526.87701
2025-08-08T13:11:04Z	4832.00000	1558.28554	1540.97055	1526.70026
2025-08-08T13:11:04Z	4832.00000	1558.01544	1540.72246	1526.55123
2025-08-08T13:11:04Z	4832.00000	1557.74633	1540.47605	1526.40751
2025-08-08T13:11:05Z	4832.00000	1557.53759	1540.28446	1526.29193
2025-08-08T13:11:05Z	4832.00000	1557.30372	1540.07136	1526.16569
2025-08-08T13:11:05Z	4832.00000	1557.14591	1539.92627	1526.08103
2025-08-08T13:11:05Z	4832.00000	1556.92979	1539.72708	1525.96285
2025-08-08T13:11:05Z	4832.00000	1556.72026	1539.53474	1525.85007
2025-08-08T13:11:05Z	4833.00000	1556.57461	1539.39968	1525.76930
2025-08-08T13:11:05Z	4833.00000	1556.36915	1539.21150	1525.66379
2025-08-08T13:11:05Z	4833.00000	1556.20131	1539.05647	1525.57385
2025-08-08T13:11:05Z	4833.00000	1556.03614	1538.90539	1525.48948
2025-08-08T13:11:05Z	4833.00000	1555.85451	1538.73500	1525.39048
2025-08-08T13:11:06Z	4833.00000	1555.67549	1538.56693	1525.29624
2025-08-08T13:11:06Z	4833.00000	1555.49861	1538.40411	1525.19998
2025-08-08T13:11:06Z	4833.00000	1555.35293	1538.27029	1525.12339
2025-08-08T13:11:06Z	4833.00000	1555.21288	1538.14060	1525.04805
2025-08-08T13:11:06Z	4833.00000	1555.20380	1538.13196	1525.04240
2025-08-08T13:11:06Z	4834.00000	1555.19983	1538.12786	1525.03984
2025-08-08T13:11:06Z	4834.00000	1555.19482	1538.12375	1525.03757
2025-08-08T13:11:06Z	4834.00000	1555.19102	1538.11938	1525.03519
2025-08-08T13:11:06Z	4834.00000	1555.18877	1538.11659	1525.03383
2025-08-08T13:11:06Z	4834.00000	1555.18709	1538.11438	1525.03283
2025-08-08T13:11:07Z	4834.00000	1555.18482	1538.11238	1525.03141
2025-08-08T13:11:07Z	4834.00000	1555.18217	1538.10958	1525.03009
2025-08-08T13:11:07Z	4834.00000	1555.17980	1538.10789	1525.02858
2025-08-08T13:11:07Z	4834.00000	1555.17764	1538.10577	1525.02714
2025-08-08T13:11:07Z	4834.00000	1555.17634	1538.10434	1525.02627
2025-08-08T13:11:07Z	4835.00000	1555.17506	1538.10231	1525.02511
2025-08-08T13:11:07Z	4835.00000	1555.17357	1538.10058	1525.02425
2025-08-08T13:11:07Z	4835.00000	1555.17201	1538.09858	1525.02335
2025-08-08T13:11:07Z	4835.00000	1555.17070	1538.09721	1525.02271
2025-08-08T13:11:07Z	4835.00000	1555.16923	1538.09631	1525.02187
2025-08-08T13:11:08Z	4835.00000	1555.16795	1538.09488	1525.02119
2025-08-08T13:11:08Z	4835.00000	1555.16632	1538.09404	1525.02043
2025-08-08T13:11:08Z	4835.00000	1555.16513	1538.09305	1525.01995
2025-08-08T13:11:08Z	4835.00000	1555.16392	1538.09168	1525.01903
2025-08-08T13:11:08Z	4835.00000	1555.16276	1538.09029	1525.01830
2025-08-08T13:11:08Z	4836.00000	1555.16175	1538.08922	1525.01780
2025-08-08T13:11:08Z	4836.00000	1555.16095	1538.08834	1525.01703
2025-08-08T13:11:08Z	4836.00000	1555.16004	1538.08690	1525.01640
2025-08-08T13:11:08Z	4836.00000	1555.15930	1538.08587	1525.01565
2025-08-08T13:11:09Z	4836.00000	1555.15862	1538.08450	1525.01493
2025-08-08T13:11:09Z	4836.00000	1555.15782	1538.08403	1525.01440
2025-08-08T13:11:09Z	4836.00000	1555.15704	1538.08276	1525.01388
2025-08-08T13:11:09Z	4836.00000	1555.15612	1538.08195	1525.01339
2025-08-08T13:11:09Z	4836.00000	1555.15541	1538.08122	1525.01256
2025-08-08T13:11:09Z	4836.00000	1555.15470	1538.08045	1525.01230
2025-08-08T13:11:09Z	4837.00000	1555.15376	1538.07992	1525.01192
2025-08-08T13:11:09Z	4837.00000	1555.15333	1538.07938	1525.01168
2025-08-08T13:11:09Z	4837.00000	1555.15234	1538.07843	1525.01124
2025-08-08T13:11:09Z	4837.00000	1555.15147	1538.07793	1525.01096
2025-08-08T13:11:09Z	4837.00000	1555.15037	1538.07712	1525.01052
2025-08-08T13:11:10Z	4837.00000	1555.14959	1538.07617	1525.01022
2025-08-08T13:11:10Z	4837.00000	1555.14889	1538.07532	1525.00957
2025-08-08T13:11:10Z	4837.00000	1555.14817	1538.07523	1525.00927
2025-08-08T13:11:10Z	4837.00000	1555.14761	1538.07430	1525.00906
2025-08-08T13:11:10Z	4838.00000	1555.14688	1538.07357	1525.00819
2025-08-08T13:11:10Z	4838.00000	1555.25847	1538.18073	1525.07451
2025-08-08T13:11:10Z	4838.00000	1555.77702	1538.65953	1525.35121
2025-08-08T13:11:10Z	4838.00000	1556.07259	1538.93837	1525.51233
2025-08-08T13:11:11Z	4838.00000	1556.32738	1539.17280	1525.64828
2025-08-08T13:11:11Z	4838.00000	1556.56471	1539.39249	1525.77088
2025-08-08T13:11:11Z	4838.00000	1556.79555	1539.61042	1525.89823
2025-08-08T13:11:11Z	4838.00000	1557.05691	1539.85461	1526.04109
2025-08-08T13:11:11Z	4838.00000	1557.27541	1540.05982	1526.15732
2025-08-08T13:11:11Z	4839.00000	1557.52368	1540.28945	1526.29110
2025-08-08T13:11:11Z	4839.00000	1557.75864	1540.51149	1526.42134
2025-08-08T13:11:11Z	4839.00000	1557.98733	1540.72654	1526.54212
2025-08-08T13:11:11Z	4839.00000	1558.14377	1540.87380	1526.63017
2025-08-08T13:11:11Z	4839.00000	1558.29475	1541.01736	1526.71138
2025-08-08T13:11:12Z	4839.00000	1558.50187	1541.21133	1526.82517
2025-08-08T13:11:12Z	4839.00000	1558.70014	1541.39803	1526.93368
2025-08-08T13:11:12Z	4839.00000	1558.83802	1541.52914	1527.01076
2025-08-08T13:11:12Z	4839.00000	1559.02008	1541.70457	1527.10976
2025-08-08T13:11:12Z	4839.00000	1559.20035	1541.87668	1527.21055
2025-08-08T13:11:12Z	4840.00000	1559.36024	1542.03074	1527.29836
2025-08-08T13:11:12Z	4840.00000	1559.49009	1542.15078	1527.37246
2025-08-08T13:11:12Z	4840.00000	1559.58762	1542.24759	1527.42616
2025-08-08T13:11:12Z	4840.00000	1559.71466	1542.37009	1527.49624
2025-08-08T13:11:12Z	4840.00000	1559.79569	1542.44544	1527.54310
2025-08-08T13:11:13Z	4840.00000	1559.88820	1542.53337	1527.59197
2025-08-08T13:11:13Z	4840.00000	1560.04181	1542.67376	1527.67560
2025-08-08T13:11:13Z	4840.00000	1560.11518	1542.74577	1527.71833
2025-08-08T13:11:13Z	4840.00000	1560.17922	1542.80344	1527.75404
2025-08-08T13:11:13Z	4841.00000	1560.22975	1542.84905	1527.78230
2025-08-08T13:11:13Z	4841.00000	1560.26832	1542.89036	1527.80455
2025-08-08T13:11:13Z	4841.00000	1560.29712	1542.91689	1527.82139
2025-08-08T13:11:13Z	4841.00000	1560.35754	1542.96952	1527.85433
2025-08-08T13:11:14Z	4841.00000	1560.38065	1542.99117	1527.86788
2025-08-08T13:11:14Z	4841.00000	1560.42274	1543.02877	1527.89238
2025-08-08T13:11:14Z	4841.00000	1560.43857	1543.04311	1527.90197
2025-08-08T13:11:14Z	4841.00000	1560.45337	1543.06197	1527.90986
2025-08-08T13:11:14Z	4842.00000	1560.46615	1543.07330	1527.91692
2025-08-08T13:11:14Z	4842.00000	1560.47918	1543.08550	1527.92512
2025-08-08T13:11:14Z	4842.00000	1560.49391	1543.09625	1527.93177
2025-08-08T13:11:14Z	4842.00000	1560.50608	1543.10807	1527.93916
2025-08-08T13:11:15Z	4842.00000	1560.51548	1543.11546	1527.94386
2025-08-08T13:11:15Z	4842.00000	1560.52198	1543.12233	1527.94801
2025-08-08T13:11:15Z	4842.00000	1560.53155	1543.13012	1527.95270
2025-08-08T13:11:15Z	4842.00000	1560.54427	1543.14115	1527.96055
2025-08-08T13:11:15Z	4842.00000	1560.55113	1543.14794	1527.96401
2025-08-08T13:11:15Z	4843.00000	1560.49588	1543.03359	1527.96265
2025-08-08T13:11:15Z	4843.00000	1558.65309	1541.30404	1526.90064
2025-08-08T13:11:15Z	4843.00000	1558.21349	1540.90401	1526.65991
2025-08-08T13:11:15Z	4843.00000	1557.87920	1540.59778	1526.47872
2025-08-08T13:11:16Z	4843.00000	1557.52490	1540.27292	1526.28536
2025-08-08T13:11:16Z	4843.00000	1557.13366	1539.91678	1526.07503
2025-08-08T13:11:16Z	4843.00000	1556.94811	1539.74461	1525.97342
2025-08-08T13:11:16Z	4843.00000	1556.73610	1539.54944	1525.85910
2025-08-08T13:11:16Z	4844.00000	1556.56011	1539.38621	1525.76138
2025-08-08T13:11:16Z	4844.00000	1556.38595	1539.22750	1525.67249
2025-08-08T13:11:16Z	4844.00000	1556.19204	1539.04867	1525.56909
2025-08-08T13:11:16Z	4844.00000	1556.02960	1538.89954	1525.48585
2025-08-08T13:11:16Z	4844.00000	1555.87850	1538.75880	1525.40456
2025-08-08T13:11:17Z	4844.00000	1555.55023	1538.45141	1525.22862
2025-08-08T13:11:17Z	4844.00000	1555.39901	1538.31325	1525.14715
2025-08-08T13:11:17Z	4844.00000	1555.25537	1538.18326	1525.07241
2025-08-08T13:11:17Z	4844.00000	1555.20730	1538.13667	1525.04515
2025-08-08T13:11:17Z	4845.00000	1555.20400	1538.13202	1525.04308
2025-08-08T13:11:17Z	4845.00000	1555.19909	1538.12723	1525.03962
2025-08-08T13:11:17Z	4845.00000	1555.19525	1538.12367	1525.03794
2025-08-08T13:11:17Z	4845.00000	1555.19255	1538.12087	1525.03635
2025-08-08T13:11:18Z	4845.00000	1555.18856	1538.11617	1525.03392
2025-08-08T13:11:18Z	4845.00000	1555.18637	1538.11394	1525.03263
2025-08-08T13:11:18Z	4845.00000	1555.18416	1538.11151	1525.03129
2025-08-08T13:11:18Z	4845.00000	1555.18195	1538.10937	1525.03018
2025-08-08T13:11:18Z	4845.00000	1555.18022	1538.10803	1525.02914
2025-08-08T13:11:18Z	4846.00000	1555.17825	1538.10649	1525.02782
2025-08-08T13:11:18Z	4846.00000	1555.17563	1538.10329	1525.02602
2025-08-08T13:11:18Z	4846.00000	1555.17356	1538.10057	1525.02448
2025-08-08T13:11:19Z	4846.00000	1555.17233	1538.09912	1525.02387
2025-08-08T13:11:19Z	4846.00000	1555.17097	1538.09727	1525.02282
2025-08-08T13:11:19Z	4846.00000	1555.17055	1538.09677	1525.02278
2025-08-08T13:11:19Z	4846.00000	1555.16877	1538.09537	1525.02192
2025-08-08T13:11:19Z	4846.00000	1555.16701	1538.09445	1525.02107
2025-08-08T13:11:19Z	4847.00000	1555.16596	1538.09336	1525.02043
2025-08-08T13:11:19Z	4847.00000	1555.16479	1538.09289	1525.01979
2025-08-08T13:11:19Z	4847.00000	1555.16424	1538.09135	1525.01933
2025-08-08T13:11:19Z	4847.00000	1555.16285	1538.09039	1525.01861
2025-08-08T13:11:20Z	4847.00000	1555.16130	1538.08840	1525.01770
2025-08-08T13:11:20Z	4847.00000	1555.16050	1538.08743	1525.01675
2025-08-08T13:11:20Z	4847.00000	1555.15984	1538.08633	1525.01599
2025-08-08T13:11:20Z	4847.00000	1555.15915	1538.08553	1525.01569
2025-08-08T13:11:20Z	4848.00000	1555.15791	1538.08372	1525.01479
2025-08-08T13:11:20Z	4848.00000	1555.15721	1538.08258	1525.01398
2025-08-08T13:11:20Z	4848.00000	1555.15609	1538.08236	1525.01340
2025-08-08T13:11:20Z	4848.00000	1555.15558	1538.08127	1525.01296
2025-08-08T13:11:21Z	4848.00000	1555.15475	1538.08047	1525.01252
2025-08-08T13:11:21Z	4848.00000	1555.15431	1538.08011	1525.01247
2025-08-08T13:11:21Z	4848.00000	1555.15370	1538.07938	1525.01200
2025-08-08T13:11:21Z	4848.00000	1555.15269	1538.07888	1525.01175
2025-08-08T13:11:21Z	4848.00000	1555.15201	1538.07817	1525.01145
2025-08-08T13:11:21Z	4848.00000	1555.15098	1538.07769	1525.01087
2025-08-08T13:11:21Z	4849.00000	1555.29685	1538.21418	1525.08988
2025-08-08T13:11:21Z	4849.00000	1555.55861	1538.45589	1525.23366
2025-08-08T13:11:21Z	4849.00000	1555.81005	1538.69092	1525.37028
2025-08-08T13:11:21Z	4849.00000	1556.06134	1538.92769	1525.50713
2025-08-08T13:11:22Z	4849.00000	1556.31469	1539.16139	1525.64107
2025-08-08T13:11:22Z	4849.00000	1556.59057	1539.41721	1525.78533
2025-08-08T13:11:22Z	4849.00000	1556.81637	1539.62870	1525.90894
2025-08-08T13:11:22Z	4849.00000	1557.07565	1539.87332	1526.05218
2025-08-08T13:11:22Z	4849.00000	1557.36291	1540.13905	1526.20592
2025-08-08T13:11:22Z	4850.00000	1557.53432	1540.29966	1526.29701
2025-08-08T13:11:22Z	4850.00000	1557.76837	1540.52284	1526.42691
2025-08-08T13:11:22Z	4850.00000	1557.99736	1540.73625	1526.54810
2025-08-08T13:11:22Z	4850.00000	1558.15500	1540.88221	1526.63554
2025-08-08T13:11:23Z	4850.00000	1558.51267	1541.22122	1526.83163
2025-08-08T13:11:23Z	4850.00000	1558.71530	1541.41137	1526.94281
2025-08-08T13:11:23Z	4850.00000	1559.01022	1541.69603	1527.10485
2025-08-08T13:11:23Z	4851.00000	1559.32308	1541.99546	1527.27775
2025-08-08T13:11:23Z	4851.00000	1559.45318	1542.11785	1527.35307
2025-08-08T13:11:23Z	4851.00000	1559.59318	1542.25271	1527.42976
2025-08-08T13:11:23Z	4851.00000	1559.80085	1542.45025	1527.54577
2025-08-08T13:11:24Z	4851.00000	1559.89178	1542.53753	1527.59519
2025-08-08T13:11:24Z	4851.00000	1559.97166	1542.61201	1527.63862
2025-08-08T13:11:24Z	4851.00000	1560.04457	1542.67619	1527.67746
2025-08-08T13:11:24Z	4851.00000	1560.11567	1542.74707	1527.71930
2025-08-08T13:11:24Z	4851.00000	1560.17137	1542.79561	1527.74962
2025-08-08T13:11:24Z	4852.00000	1560.21831	1542.83818	1527.77642
2025-08-08T13:11:24Z	4852.00000	1560.25721	1542.88024	1527.79880
2025-08-08T13:11:24Z	4852.00000	1560.29794	1542.91779	1527.82229
2025-08-08T13:11:24Z	4852.00000	1560.33146	1542.94506	1527.83940
2025-08-08T13:11:24Z	4852.00000	1560.36259	1542.97382	1527.85728
2025-08-08T13:11:25Z	4852.00000	1560.38582	1542.99585	1527.87059
2025-08-08T13:11:25Z	4852.00000	1560.40592	1543.01348	1527.88226
2025-08-08T13:11:25Z	4852.00000	1560.42713	1543.03353	1527.89489
2025-08-08T13:11:25Z	4852.00000	1560.44519	1543.04925	1527.90555
2025-08-08T13:11:25Z	4852.00000	1560.46192	1543.07027	1527.91523
2025-08-08T13:11:25Z	4853.00000	1560.47370	1543.08114	1527.92186
2025-08-08T13:11:25Z	4853.00000	1560.48623	1543.08962	1527.92738
2025-08-08T13:11:25Z	4853.00000	1560.50527	1543.10722	1527.93872
2025-08-08T13:11:25Z	4853.00000	1560.51424	1543.11495	1527.94335
2025-08-08T13:11:26Z	4853.00000	1560.52384	1543.12284	1527.94895
2025-08-08T13:11:26Z	4853.00000	1560.53012	1543.12916	1527.95225
2025-08-08T13:11:26Z	4853.00000	1560.53720	1543.13580	1527.95650
2025-08-08T13:11:26Z	4853.00000	1560.54554	1543.14231	1527.96125
2025-08-08T13:11:26Z	4853.00000	1560.55203	1543.14834	1527.96466
2025-08-08T13:11:26Z	4854.00000	1560.50757	1543.05973	1527.96670
2025-08-08T13:11:26Z	4854.00000	1558.66877	1541.31813	1526.90913
2025-08-08T13:11:26Z	4854.00000	1558.27870	1540.96524	1526.69681
2025-08-08T13:11:26Z	4854.00000	1558.01412	1540.72290	1526.55178
2025-08-08T13:11:26Z	4854.00000	1557.78314	1540.51023	1526.42884
2025-08-08T13:11:27Z	4854.00000	1557.50503	1540.25530	1526.27508
2025-08-08T13:11:27Z	4854.00000	1557.27498	1540.04612	1526.14945
2025-08-08T13:11:27Z	4854.00000	1557.04354	1539.83356	1526.02649
2025-08-08T13:11:27Z	4854.00000	1556.83102	1539.63719	1525.90903
2025-08-08T13:11:27Z	4855.00000	1556.53209	1539.36085	1525.74634
2025-08-08T13:11:27Z	4855.00000	1556.38523	1539.22693	1525.67262
2025-08-08T13:11:27Z	4855.00000	1556.22129	1539.07838	1525.58536
2025-08-08T13:11:27Z	4855.00000	1556.02842	1538.89895	1525.48564
2025-08-08T13:11:28Z	4855.00000	1555.69971	1538.59095	1525.30974
2025-08-08T13:11:28Z	4855.00000	1555.57390	1538.47403	1525.24306
2025-08-08T13:11:28Z	4855.00000	1555.39434	1538.30952	1525.14590
2025-08-08T13:11:28Z	4855.00000	1555.25261	1538.18065	1525.07138
2025-08-08T13:11:28Z	4855.00000	1555.20949	1538.13848	1525.04684
2025-08-08T13:11:28Z	4856.00000	1555.20501	1538.13420	1525.04445
2025-08-08T13:11:28Z	4856.00000	1555.20001	1538.12809	1525.04065
2025-08-08T13:11:28Z	4856.00000	1555.19709	1538.12547	1525.03926
2025-08-08T13:11:28Z	4856.00000	1555.19418	1538.12306	1525.03777
2025-08-08T13:11:29Z	4856.00000	1555.19099	1538.11948	1525.03609
2025-08-08T13:11:29Z	4856.00000	1555.18950	1538.11710	1525.03500
2025-08-08T13:11:29Z	4856.00000	1555.18609	1538.11355	1525.03260
2025-08-08T13:11:29Z	4856.00000	1555.18427	1538.11179	1525.03169
2025-08-08T13:11:29Z	4857.00000	1555.18222	1538.11009	1525.03053
2025-08-08T13:11:29Z	4857.00000	1555.18068	1538.10839	1525.02988
2025-08-08T13:11:29Z	4857.00000	1555.17904	1538.10723	1525.02867
2025-08-08T13:11:29Z	4857.00000	1555.17730	1538.10560	1525.02755
2025-08-08T13:11:29Z	4857.00000	1555.17618	1538.10448	1525.02674
2025-08-08T13:11:30Z	4857.00000	1555.17532	1538.10253	1525.02595
2025-08-08T13:11:30Z	4857.00000	1555.17423	1538.10146	1525.02547
2025-08-08T13:11:30Z	4857.00000	1555.17284	1538.09951	1525.02414
2025-08-08T13:11:30Z	4857.00000	1555.17099	1538.09761	1525.02330
2025-08-08T13:11:30Z	4858.00000	1555.17017	1538.09714	1525.02266
2025-08-08T13:11:30Z	4858.00000	1555.16893	1538.09590	1525.02213
2025-08-08T13:11:30Z	4858.00000	1555.16784	1538.09469	1525.02162
2025-08-08T13:11:30Z	4858.00000	1555.16662	1538.09437	1525.02104
2025-08-08T13:11:30Z	4858.00000	1555.16532	1538.09309	1525.02031
2025-08-08T13:11:31Z	4858.00000	1555.16431	1538.09214	1525.01953
2025-08-08T13:11:31Z	4858.00000	1555.16369	1538.09101	1525.01925
2025-08-08T13:11:31Z	4858.00000	1555.16195	1538.08910	1525.01817
2025-08-08T13:11:31Z	4858.00000	1555.16132	1538.08850	1525.01765
2025-08-08T13:11:31Z	4859.00000	1555.16082	1538.08765	1525.01720
2025-08-08T13:11:31Z	4859.00000	1555.15995	1538.08681	1525.01661
2025-08-08T13:11:31Z	4859.00000	1555.15958	1538.08619	1525.01613
2025-08-08T13:11:31Z	4859.00000	1555.15887	1538.08524	1525.01553
2025-08-08T13:11:32Z	4859.00000	1555.15827	1538.08410	1525.01509
2025-08-08T13:11:32Z	4859.00000	1555.15789	1538.08339	1525.01472
2025-08-08T13:11:32Z	4859.00000	1555.15710	1538.08268	1525.01437
2025-08-08T13:11:32Z	4859.00000	1555.15654	1538.08216	1525.01395
2025-08-08T13:11:32Z	4859.00000	1555.15581	1538.08140	1525.01340
2025-08-08T13:11:32Z	4859.00000	1555.15530	1538.08096	1525.01304
2025-08-08T13:11:32Z	4860.00000	1555.15460	1538.08019	1525.01258
2025-08-08T13:11:32Z	4860.00000	1555.31244	1538.22892	1525.10102
2025-08-08T13:11:32Z	4860.00000	1555.52788	1538.42763	1525.21507
2025-08-08T13:11:32Z	4860.00000	1555.77079	1538.65446	1525.35013
2025-08-08T13:11:32Z	4860.00000	1556.06565	1538.93290	1525.50966
2025-08-08T13:11:33Z	4860.00000	1556.32167	1539.16823	1525.64502
2025-08-08T13:11:33Z	4860.00000	1556.56049	1539.38870	1525.76863
2025-08-08T13:11:33Z	4860.00000	1556.78509	1539.59925	1525.89327
2025-08-08T13:11:33Z	4860.00000	1557.04343	1539.84259	1526.03424
2025-08-08T13:11:33Z	4860.00000	1557.29722	1540.07949	1526.16984
2025-08-08T13:11:33Z	4861.00000	1557.46929	1540.24052	1526.26353
2025-08-08T13:11:33Z	4861.00000	1557.70611	1540.46210	1526.39244
2025-08-08T13:11:33Z	4861.00000	1557.90099	1540.64453	1526.49601
2025-08-08T13:11:33Z	4861.00000	1558.12566	1540.85618	1526.61999
2025-08-08T13:11:33Z	4861.00000	1558.30893	1541.03005	1526.71975
2025-08-08T13:11:34Z	4861.00000	1558.51926	1541.22775	1526.83491
2025-08-08T13:11:34Z	4861.00000	1558.71438	1541.41098	1526.94234
2025-08-08T13:11:34Z	4861.00000	1558.87903	1541.56764	1527.03340
2025-08-08T13:11:34Z	4861.00000	1559.03655	1541.72042	1527.11955
2025-08-08T13:11:34Z	4861.00000	1559.18472	1541.86322	1527.20276
2025-08-08T13:11:34Z	4862.00000	1559.30007	1541.97538	1527.26610
2025-08-08T13:11:34Z	4862.00000	1559.45800	1542.12291	1527.35551
2025-08-08T13:11:34Z	4862.00000	1559.60058	1542.26070	1527.43372
2025-08-08T13:11:34Z	4862.00000	1559.72831	1542.38292	1527.50415
2025-08-08T13:11:34Z	4862.00000	1559.80873	1542.45774	1527.55017
2025-08-08T13:11:35Z	4862.00000	1559.90149	1542.54626	1527.60029
2025-08-08T13:11:35Z	4862.00000	1559.98317	1542.62130	1527.64455
2025-08-08T13:11:35Z	4862.00000	1560.05548	1542.68672	1527.68395
2025-08-08T13:11:35Z	4862.00000	1560.11630	1542.74747	1527.71940
2025-08-08T13:11:35Z	4862.00000	1560.17214	1542.79657	1527.74995
2025-08-08T13:11:35Z	4863.00000	1560.22584	1542.84548	1527.78049
2025-08-08T13:11:35Z	4863.00000	1560.26434	1542.88729	1527.80286
2025-08-08T13:11:35Z	4863.00000	1560.30552	1542.92395	1527.82569
2025-08-08T13:11:35Z	4863.00000	1560.34265	1542.95652	1527.84576
2025-08-08T13:11:36Z	4863.00000	1560.36891	1542.97993	1527.86047
2025-08-08T13:11:36Z	4863.00000	1560.38762	1542.99701	1527.87122
2025-08-08T13:11:36Z	4863.00000	1560.40827	1543.01521	1527.88314
2025-08-08T13:11:36Z	4863.00000	1560.42656	1543.03249	1527.89407
2025-08-08T13:11:36Z	4863.00000	1560.44502	1543.04906	1527.90481
2025-08-08T13:11:36Z	4863.00000	1560.45935	1543.06696	1527.91294
2025-08-08T13:11:36Z	4864.00000	1560.47162	1543.07848	1527.91967
2025-08-08T13:11:36Z	4864.00000	1560.48769	1543.09014	1527.92764
2025-08-08T13:11:36Z	4864.00000	1560.49950	1543.09997	1527.93428
2025-08-08T13:11:36Z	4864.00000	1560.50844	1543.10922	1527.93985
2025-08-08T13:11:37Z	4864.00000	1560.51985	1543.11983	1527.94635
2025-08-08T13:11:37Z	4864.00000	1560.52634	1543.12555	1527.95003
2025-08-08T13:11:37Z	4864.00000	1560.53266	1543.13163	1527.95324
2025-08-08T13:11:37Z	4864.00000	1560.53981	1543.13795	1527.95768
2025-08-08T13:11:37Z	4864.00000	1560.54654	1543.14364	1527.96170
2025-08-08T13:11:37Z	4864.00000	1560.55445	1543.15086	1527.96555
2025-08-08T13:11:37Z	4865.00000	1560.37882	1542.86463	1527.88489
2025-08-08T13:11:37Z	4865.00000	1558.72276	1541.36757	1526.94426
2025-08-08T13:11:37Z	4865.00000	1558.30695	1540.99096	1526.71343
2025-08-08T13:11:37Z	4865.00000	1557.99650	1540.70651	1526.54138
2025-08-08T13:11:37Z	4865.00000	1557.77036	1540.49823	1526.42124
2025-08-08T13:11:38Z	4865.00000	1557.52965	1540.27675	1526.28793
2025-08-08T13:11:38Z	4865.00000	1557.30029	1540.06876	1526.16307
2025-08-08T13:11:38Z	4865.00000	1557.07573	1539.86334	1526.04408
2025-08-08T13:11:38Z	4865.00000	1556.92463	1539.72276	1525.96019
2025-08-08T13:11:38Z	4865.00000	1556.77252	1539.58275	1525.87898
2025-08-08T13:11:38Z	4866.00000	1556.56238	1539.38977	1525.76258
2025-08-08T13:11:38Z	4866.00000	1556.39109	1539.23227	1525.67509
2025-08-08T13:11:38Z	4866.00000	1556.19552	1539.05243	1525.57102
2025-08-08T13:11:38Z	4866.00000	1556.05955	1538.92854	1525.50164
2025-08-08T13:11:38Z	4866.00000	1555.88318	1538.76348	1525.40745
2025-08-08T13:11:39Z	4866.00000	1555.72927	1538.61834	1525.32540
2025-08-08T13:11:39Z	4866.00000	1555.58179	1538.48078	1525.24707
2025-08-08T13:11:39Z	4866.00000	1555.40707	1538.32153	1525.15234
2025-08-08T13:11:39Z	4866.00000	1555.24202	1538.17057	1525.06587
2025-08-08T13:11:39Z	4866.00000	1555.21483	1538.14323	1525.04946
2025-08-08T13:11:39Z	4867.00000	1555.20960	1538.13902	1525.04730
2025-08-08T13:11:39Z	4867.00000	1555.20533	1538.13449	1525.04470
2025-08-08T13:11:39Z	4867.00000	1555.20310	1538.13139	1525.04315
2025-08-08T13:11:39Z	4867.00000	1555.19935	1538.12783	1525.04054
2025-08-08T13:11:40Z	4867.00000	1555.19611	1538.12463	1525.03894
2025-08-08T13:11:40Z	4867.00000	1555.19343	1538.12244	1525.03742
2025-08-08T13:11:40Z	4867.00000	1555.19129	1538.11993	1525.03616
2025-08-08T13:11:40Z	4867.00000	1555.18987	1538.11785	1525.03513
2025-08-08T13:11:40Z	4868.00000	1555.18671	1538.11331	1525.03315
2025-08-08T13:11:40Z	4868.00000	1555.18507	1538.11280	1525.03240
2025-08-08T13:11:40Z	4868.00000	1555.18390	1538.11154	1525.03166
2025-08-08T13:11:40Z	4868.00000	1555.18257	1538.10975	1525.03073
2025-08-08T13:11:40Z	4868.00000	1555.18036	1538.10819	1525.02959
2025-08-08T13:11:40Z	4868.00000	1555.17935	1538.10766	1525.02887
2025-08-08T13:11:41Z	4868.00000	1555.17778	1538.10592	1525.02786
2025-08-08T13:11:41Z	4868.00000	1555.17692	1538.10492	1525.02748
2025-08-08T13:11:41Z	4868.00000	1555.17547	1538.10295	1525.02604
2025-08-08T13:11:41Z	4868.00000	1555.17478	1538.10189	1525.02545
2025-08-08T13:11:41Z	4868.00000	1555.17394	1538.10106	1525.02504
2025-08-08T13:11:41Z	4869.00000	1555.17292	1538.09993	1525.02447
2025-08-08T13:11:41Z	4869.00000	1555.17238	1538.09895	1525.02398
2025-08-08T13:11:41Z	4869.00000	1555.17107	1538.09742	1525.02338
2025-08-08T13:11:41Z	4869.00000	1555.17035	1538.09736	1525.02287
2025-08-08T13:11:41Z	4869.00000	1555.16900	1538.09565	1525.02245
2025-08-08T13:11:42Z	4869.00000	1555.16799	1538.09507	1525.02177
2025-08-08T13:11:42Z	4869.00000	1555.16665	1538.09462	1525.02115
2025-08-08T13:11:42Z	4869.00000	1555.16576	1538.09376	1525.02079
2025-08-08T13:11:42Z	4869.00000	1555.16493	1538.09254	1525.02010
2025-08-08T13:11:42Z	4869.00000	1555.16373	1538.09158	1525.01974
2025-08-08T13:11:42Z	4870.00000	1555.16336	1538.09117	1525.01943
2025-08-08T13:11:42Z	4870.00000	1555.16258	1538.08998	1525.01863
2025-08-08T13:11:42Z	4870.00000	1555.16205	1538.08959	1525.01843
2025-08-08T13:11:42Z	4870.00000	1555.16127	1538.08872	1525.01799
2025-08-08T13:11:43Z	4870.00000	1555.16065	1538.08782	1525.01730
2025-08-08T13:11:43Z	4870.00000	1555.16003	1538.08674	1525.01663
2025-08-08T13:11:43Z	4870.00000	1555.15957	1538.08580	1525.01615
2025-08-08T13:11:43Z	4870.00000	1555.15895	1538.08483	1525.01590
2025-08-08T13:11:43Z	4870.00000	1555.15847	1538.08483	1525.01544
2025-08-08T13:11:43Z	4870.00000	1555.15813	1538.08405	1525.01515
2025-08-08T13:11:43Z	4871.00000	1555.15766	1538.08319	1525.01470
2025-08-08T13:11:43Z	4871.00000	1555.23333	1538.15901	1525.05774
2025-08-08T13:11:43Z	4871.00000	1555.58993	1538.48539	1525.25419
2025-08-08T13:11:43Z	4871.00000	1555.83942	1538.72027	1525.38588
2025-08-08T13:11:43Z	4871.00000	1556.04684	1538.91470	1525.49930
2025-08-08T13:11:44Z	4871.00000	1556.34521	1539.19027	1525.65795
2025-08-08T13:11:44Z	4871.00000	1556.59035	1539.41735	1525.78567
2025-08-08T13:11:44Z	4871.00000	1556.82042	1539.63289	1525.91149
2025-08-08T13:11:44Z	4871.00000	1557.07711	1539.87462	1526.05307
2025-08-08T13:11:44Z	4871.00000	1557.25685	1540.04289	1526.14755
2025-08-08T13:11:44Z	4872.00000	1557.46497	1540.23681	1526.26151
2025-08-08T13:11:44Z	4872.00000	1557.71300	1540.46851	1526.39642
2025-08-08T13:11:44Z	4872.00000	1557.97213	1540.71345	1526.53469
2025-08-08T13:11:44Z	4872.00000	1558.12726	1540.85743	1526.62096
2025-08-08T13:11:44Z	4872.00000	1558.28162	1541.00407	1526.70429
2025-08-08T13:11:45Z	4872.00000	1558.52046	1541.22871	1526.83554
2025-08-08T13:11:45Z	4872.00000	1558.74785	1541.44568	1526.96106
2025-08-08T13:11:45Z	4872.00000	1558.93614	1541.62570	1527.06406
2025-08-08T13:11:45Z	4872.00000	1559.09287	1541.77285	1527.15154
2025-08-08T13:11:45Z	4873.00000	1559.26048	1541.93335	1527.24370
2025-08-08T13:11:45Z	4873.00000	1559.39895	1542.06637	1527.32081
2025-08-08T13:11:45Z	4873.00000	1559.50629	1542.17041	1527.38118
2025-08-08T13:11:45Z	4873.00000	1559.60285	1542.26176	1527.43428
2025-08-08T13:11:45Z	4873.00000	1559.74796	1542.40004	1527.51480
2025-08-08T13:11:46Z	4873.00000	1559.83083	1542.47466	1527.56000
2025-08-08T13:11:46Z	4873.00000	1559.91993	1542.56212	1527.60922
2025-08-08T13:11:46Z	4873.00000	1559.98805	1542.62251	1527.64490
2025-08-08T13:11:46Z	4873.00000	1560.06786	1542.70137	1527.68974
2025-08-08T13:11:46Z	4873.00000	1560.13733	1542.76585	1527.73050
2025-08-08T13:11:46Z	4873.00000	1560.19035	1542.81268	1527.75928
2025-08-08T13:11:46Z	4874.00000	1560.22713	1542.84596	1527.78078
2025-08-08T13:11:46Z	4874.00000	1560.26674	1542.88788	1527.80291
2025-08-08T13:11:46Z	4874.00000	1560.30122	1542.91966	1527.82290
2025-08-08T13:11:46Z	4874.00000	1560.33936	1542.95283	1527.84349
2025-08-08T13:11:46Z	4874.00000	1560.36622	1542.97776	1527.85857
2025-08-08T13:11:47Z	4874.00000	1560.38957	1542.99749	1527.87166
2025-08-08T13:11:47Z	4874.00000	1560.40986	1543.01637	1527.88336
2025-08-08T13:11:47Z	4874.00000	1560.43087	1543.03571	1527.89628
2025-08-08T13:11:47Z	4874.00000	1560.44924	1543.05241	1527.90675
2025-08-08T13:11:47Z	4874.00000	1560.46332	1543.07110	1527.91533
2025-08-08T13:11:47Z	4875.00000	1560.47764	1543.08374	1527.92337
2025-08-08T13:11:47Z	4875.00000	1560.49292	1543.09533	1527.93018
2025-08-08T13:11:47Z	4875.00000	1560.50145	1543.10219	1527.93529
2025-08-08T13:11:47Z	4875.00000	1560.51232	1543.11224	1527.94126
2025-08-08T13:11:48Z	4875.00000	1560.52204	1543.12105	1527.94724
2025-08-08T13:11:48Z	4875.00000	1560.53280	1543.13077	1527.95286
2025-08-08T13:11:48Z	4875.00000	1560.53974	1543.13712	1527.95738
2025-08-08T13:11:48Z	4875.00000	1560.54589	1543.14180	1527.96067
2025-08-08T13:11:48Z	4875.00000	1560.55360	1543.14942	1527.96487
2025-08-08T13:11:48Z	4876.00000	1558.95442	1541.57650	1527.07276
2025-08-08T13:11:48Z	4876.00000	1558.47218	1541.14323	1526.80725
2025-08-08T13:11:48Z	4876.00000	1558.16121	1540.85508	1526.63343
2025-08-08T13:11:48Z	4876.00000	1557.91511	1540.63024	1526.49750
2025-08-08T13:11:49Z	4876.00000	1557.66106	1540.39907	1526.35992
2025-08-08T13:11:49Z	4876.00000	1557.49095	1540.24185	1526.26755
2025-08-08T13:11:49Z	4876.00000	1557.25918	1540.03139	1526.14094
2025-08-08T13:11:49Z	4876.00000	1557.04020	1539.83007	1526.02441
2025-08-08T13:11:49Z	4876.00000	1556.78764	1539.59684	1525.88672
2025-08-08T13:11:49Z	4877.00000	1556.55147	1539.37904	1525.75672
2025-08-08T13:11:49Z	4877.00000	1556.40545	1539.24798	1525.68310
2025-08-08T13:11:49Z	4877.00000	1556.18070	1539.03874	1525.56352
2025-08-08T13:11:49Z	4877.00000	1556.04638	1538.91610	1525.49527
2025-08-08T13:11:49Z	4877.00000	1555.86965	1538.75079	1525.40005
2025-08-08T13:11:50Z	4877.00000	1555.61698	1538.51501	1525.26700
2025-08-08T13:11:50Z	4877.00000	1555.48940	1538.39706	1525.19601
2025-08-08T13:11:50Z	4877.00000	1555.31761	1538.24022	1525.10627
2025-08-08T13:11:50Z	4877.00000	1555.22339	1538.15430	1525.05633
2025-08-08T13:11:50Z	4877.00000	1555.21729	1538.14760	1525.05139
2025-08-08T13:11:50Z	4878.00000	1555.21243	1538.14150	1525.04864
2025-08-08T13:11:50Z	4878.00000	1555.20872	1538.13819	1525.04706
2025-08-08T13:11:50Z	4878.00000	1555.20530	1538.13453	1525.04513
2025-08-08T13:11:50Z	4878.00000	1555.20267	1538.13064	1525.04311
2025-08-08T13:11:51Z	4878.00000	1555.19903	1538.12762	1525.04097
2025-08-08T13:11:51Z	4878.00000	1555.19564	1538.12430	1525.03903
2025-08-08T13:11:51Z	4878.00000	1555.19362	1538.12245	1525.03780
2025-08-08T13:11:51Z	4878.00000	1555.19204	1538.12087	1525.03703
2025-08-08T13:11:51Z	4878.00000	1555.19037	1538.11871	1525.03610
2025-08-08T13:11:51Z	4879.00000	1555.18900	1538.11724	1525.03519
2025-08-08T13:11:51Z	4879.00000	1555.18700	1538.11488	1525.03375
2025-08-08T13:11:51Z	4879.00000	1555.18441	1538.11211	1525.03216
2025-08-08T13:11:51Z	4879.00000	1555.18322	1538.11083	1525.03167
2025-08-08T13:11:52Z	4879.00000	1555.18197	1538.10990	1525.03092
2025-08-08T13:11:52Z	4879.00000	1555.18027	1538.10842	1525.03006
2025-08-08T13:11:52Z	4879.00000	1555.17820	1538.10671	1525.02832
2025-08-08T13:11:52Z	4879.00000	1555.17802	1538.10625	1525.02846
2025-08-08T13:11:52Z	4879.00000	1555.17662	1538.10472	1525.02749
2025-08-08T13:11:52Z	4880.00000	1555.17573	1538.10362	1525.02659
2025-08-08T13:11:52Z	4880.00000	1555.17494	1538.10249	1525.02611
2025-08-08T13:11:52Z	4880.00000	1555.17420	1538.10138	1525.02540
2025-08-08T13:11:52Z	4880.00000	1555.17315	1538.10007	1525.02474
2025-08-08T13:11:52Z	4880.00000	1555.17272	1538.09899	1525.02455
2025-08-08T13:11:53Z	4880.00000	1555.17146	1538.09818	1525.02381
2025-08-08T13:11:53Z	4880.00000	1555.17065	1538.09724	1525.02343
2025-08-08T13:11:53Z	4880.00000	1555.16962	1538.09601	1525.02310
2025-08-08T13:11:53Z	4880.00000	1555.16904	1538.09598	1525.02240
2025-08-08T13:11:53Z	4880.00000	1555.16792	1538.09553	1525.02219
2025-08-08T13:11:53Z	4880.00000	1555.16664	1538.09468	1525.02147
2025-08-08T13:11:53Z	4881.00000	1555.16550	1538.09379	1525.02066
2025-08-08T13:11:53Z	4881.00000	1555.16504	1538.09309	1525.02040
2025-08-08T13:11:53Z	4881.00000	1555.16462	1538.09213	1525.02019
2025-08-08T13:11:53Z	4881.00000	1555.16375	1538.09142	1525.01977
2025-08-08T13:11:53Z	4881.00000	1555.16317	1538.09083	1525.01938
2025-08-08T13:11:54Z	4881.00000	1555.16236	1538.08993	1525.01901
2025-08-08T13:11:54Z	4881.00000	1555.16173	1538.08903	1525.01841
2025-08-08T13:11:54Z	4881.00000	1555.16126	1538.08850	1525.01820
2025-08-08T13:11:54Z	4881.00000	1555.16049	1538.08742	1525.01741
2025-08-08T13:11:54Z	4882.00000	1555.16012	1538.08688	1525.01693
2025-08-08T13:11:54Z	4882.00000	1555.16789	1538.09479	1525.01890
2025-08-08T13:11:54Z	4882.00000	1555.42826	1538.33751	1525.16340
2025-08-08T13:11:54Z	4882.00000	1555.68112	1538.57181	1525.30352
2025-08-08T13:11:54Z	4882.00000	1555.92687	1538.80167	1525.43570
2025-08-08T13:11:55Z	4882.00000	1556.13976	1539.00035	1525.54732
2025-08-08T13:11:55Z	4882.00000	1556.39048	1539.23293	1525.68178
2025-08-08T13:11:55Z	4882.00000	1556.58669	1539.41429	1525.78414
2025-08-08T13:11:55Z	4882.00000	1557.03747	1539.83693	1526.03131
2025-08-08T13:11:55Z	4882.00000	1557.25739	1540.04342	1526.14809
2025-08-08T13:11:55Z	4883.00000	1557.50122	1540.26861	1526.28004
2025-08-08T13:11:55Z	4883.00000	1557.74133	1540.49475	1526.41226
2025-08-08T13:11:55Z	4883.00000	1557.90565	1540.64897	1526.49891
2025-08-08T13:11:55Z	4883.00000	1558.12784	1540.85858	1526.62170
2025-08-08T13:11:55Z	4883.00000	1558.31218	1541.03296	1526.72157
2025-08-08T13:11:56Z	4883.00000	1558.51950	1541.22814	1526.83553
2025-08-08T13:11:56Z	4883.00000	1558.83274	1541.52404	1527.00833
2025-08-08T13:11:56Z	4883.00000	1559.01777	1541.70147	1527.10876
2025-08-08T13:11:56Z	4884.00000	1559.30885	1541.98192	1527.27071
2025-08-08T13:11:56Z	4884.00000	1559.46516	1542.12943	1527.35948
2025-08-08T13:11:56Z	4884.00000	1559.58951	1542.24803	1527.42681
2025-08-08T13:11:56Z	4884.00000	1559.71936	1542.37282	1527.49759
2025-08-08T13:11:57Z	4884.00000	1559.82584	1542.46872	1527.55689
2025-08-08T13:11:57Z	4884.00000	1559.92706	1542.56777	1527.61250
2025-08-08T13:11:57Z	4884.00000	1560.00601	1542.63907	1527.65478
2025-08-08T13:11:57Z	4884.00000	1560.08464	1542.71654	1527.69902
2025-08-08T13:11:57Z	4884.00000	1560.15334	1542.77711	1527.73727
2025-08-08T13:11:57Z	4884.00000	1560.20125	1542.82175	1527.76549
2025-08-08T13:11:57Z	4885.00000	1560.25024	1542.86677	1527.79336
2025-08-08T13:11:57Z	4885.00000	1560.28192	1542.90141	1527.81113
2025-08-08T13:11:57Z	4885.00000	1560.30991	1542.92732	1527.82710
2025-08-08T13:11:57Z	4885.00000	1560.34315	1542.95568	1527.84506
2025-08-08T13:11:58Z	4885.00000	1560.37331	1542.98243	1527.86183
2025-08-08T13:11:58Z	4885.00000	1560.39217	1542.99962	1527.87262
2025-08-08T13:11:58Z	4885.00000	1560.42941	1543.03418	1527.89508
2025-08-08T13:11:58Z	4885.00000	1560.44444	1543.04878	1527.90457
2025-08-08T13:11:58Z	4885.00000	1560.46339	1543.07106	1527.91559
2025-08-08T13:11:58Z	4886.00000	1560.47783	1543.08393	1527.92345
2025-08-08T13:11:58Z	4886.00000	1560.49156	1543.09354	1527.92941
2025-08-08T13:11:58Z	4886.00000	1560.50177	1543.10216	1527.93549
2025-08-08T13:11:58Z	4886.00000	1560.51304	1543.11276	1527.94122
2025-08-08T13:11:59Z	4886.00000	1560.52103	1543.12025	1527.94634
2025-08-08T13:11:59Z	4886.00000	1560.52769	1543.12608	1527.95002
2025-08-08T13:11:59Z	4886.00000	1560.53690	1543.13452	1527.95487
2025-08-08T13:11:59Z	4886.00000	1560.54929	1543.14522	1527.96221
2025-08-08T13:11:59Z	4887.00000	1560.51356	1543.06526	1527.96795
2025-08-08T13:11:59Z	4887.00000	1558.27948	1540.96686	1526.69851
2025-08-08T13:11:59Z	4887.00000	1558.01316	1540.72289	1526.55230
2025-08-08T13:11:59Z	4887.00000	1557.78637	1540.51346	1526.43125
2025-08-08T13:12:00Z	4887.00000	1557.54251	1540.28941	1526.29536
2025-08-08T13:12:00Z	4887.00000	1557.34377	1540.10706	1526.18793
2025-08-08T13:12:00Z	4887.00000	1556.96274	1539.75810	1525.98182
2025-08-08T13:12:00Z	4887.00000	1556.74806	1539.56079	1525.86619
2025-08-08T13:12:00Z	4888.00000	1556.54552	1539.37421	1525.75411
2025-08-08T13:12:00Z	4888.00000	1556.37382	1539.21713	1525.66724
2025-08-08T13:12:00Z	4888.00000	1556.17789	1539.03695	1525.56253
2025-08-08T13:12:00Z	4888.00000	1556.01942	1538.89071	1525.48106
2025-08-08T13:12:00Z	4888.00000	1555.86801	1538.74991	1525.39916
2025-08-08T13:12:01Z	4888.00000	1555.56665	1538.46760	1525.23945
2025-08-08T13:12:01Z	4888.00000	1555.41713	1538.33259	1525.15817
2025-08-08T13:12:01Z	4888.00000	1555.27109	1538.19871	1525.08234
2025-08-08T13:12:01Z	4889.00000	1555.21590	1538.14571	1525.05058
2025-08-08T13:12:01Z	4889.00000	1555.21153	1538.14098	1525.04859
2025-08-08T13:12:01Z	4889.00000	1555.20742	1538.13744	1525.04674
2025-08-08T13:12:01Z	4889.00000	1555.20484	1538.13445	1525.04510
2025-08-08T13:12:01Z	4889.00000	1555.20281	1538.13125	1525.04365
2025-08-08T13:12:02Z	4889.00000	1555.19982	1538.12828	1525.04163
2025-08-08T13:12:02Z	4889.00000	1555.19730	1538.12599	1525.04025
2025-08-08T13:12:02Z	4889.00000	1555.19352	1538.12242	1525.03818
2025-08-08T13:12:02Z	4890.00000	1555.19029	1538.11857	1525.03626
2025-08-08T13:12:02Z	4890.00000	1555.18892	1538.11720	1525.03501
2025-08-08T13:12:02Z	4890.00000	1555.18749	1538.11527	1525.03425
2025-08-08T13:12:02Z	4890.00000	1555.18483	1538.11296	1525.03288
2025-08-08T13:12:03Z	4890.00000	1555.18361	1538.11115	1525.03203
2025-08-08T13:12:03Z	4890.00000	1555.18237	1538.11009	1525.03135
2025-08-08T13:12:03Z	4890.00000	1555.18054	1538.10859	1525.03005
2025-08-08T13:12:03Z	4890.00000	1555.17951	1538.10786	1525.02968
2025-08-08T13:12:03Z	4890.00000	1555.17852	1538.10680	1525.02918
2025-08-08T13:12:03Z	4891.00000	1555.17729	1538.10585	1525.02822
2025-08-08T13:12:03Z	4891.00000	1555.17636	1538.10459	1525.02747
2025-08-08T13:12:03Z	4891.00000	1555.17582	1538.10361	1525.02683
2025-08-08T13:12:03Z	4891.00000	1555.17485	1538.10239	1525.02625
2025-08-08T13:12:03Z	4891.00000	1555.17413	1538.10133	1525.02580
2025-08-08T13:12:04Z	4891.00000	1555.17364	1538.10050	1525.02527
2025-08-08T13:12:04Z	4891.00000	1555.17264	1538.09943	1525.02484
2025-08-08T13:12:04Z	4891.00000	1555.17171	1538.09839	1525.02418
2025-08-08T13:12:04Z	4891.00000	1555.17112	1538.09756	1525.02375
2025-08-08T13:12:04Z	4891.00000	1555.17009	1538.09702	1525.02330
2025-08-08T13:12:04Z	4892.00000	1555.16892	1538.09582	1525.02275
2025-08-08T13:12:04Z	4892.00000	1555.16845	1538.09560	1525.02255
2025-08-08T13:12:04Z	4892.00000	1555.16702	1538.09503	1525.02200
2025-08-08T13:12:04Z	4892.00000	1555.16626	1538.09422	1525.02150
2025-08-08T13:12:05Z	4892.00000	1555.16517	1538.09306	1525.02093
2025-08-08T13:12:05Z	4892.00000	1555.16478	1538.09266	1525.02065
2025-08-08T13:12:05Z	4892.00000	1555.16351	1538.09123	1525.01963
2025-08-08T13:12:05Z	4892.00000	1555.16286	1538.09053	1525.01942
2025-08-08T13:12:05Z	4892.00000	1555.16242	1538.09004	1525.01911
2025-08-08T13:12:05Z	4893.00000	1555.16181	1538.08931	1525.01856
2025-08-08T13:12:05Z	4893.00000	1555.31383	1538.23071	1525.10011
2025-08-08T13:12:05Z	4893.00000	1555.85592	1538.73681	1525.39682
2025-08-08T13:12:05Z	4893.00000	1556.06964	1538.93767	1525.51231
2025-08-08T13:12:06Z	4893.00000	1556.32369	1539.17051	1525.64692
2025-08-08T13:12:06Z	4893.00000	1556.56134	1539.39010	1525.77012
2025-08-08T13:12:06Z	4893.00000	1556.79226	1539.60663	1525.89728
2025-08-08T13:12:06Z	4893.00000	1557.05454	1539.85330	1526.04080
2025-08-08T13:12:06Z	4893.00000	1557.27053	1540.05464	1526.15542
2025-08-08T13:12:06Z	4894.00000	1557.51906	1540.28512	1526.28924
2025-08-08T13:12:06Z	4894.00000	1557.95352	1540.69408	1526.52476
2025-08-08T13:12:06Z	4894.00000	1558.14770	1540.87505	1526.63155
2025-08-08T13:12:07Z	4894.00000	1558.36017	1541.07947	1526.74794
2025-08-08T13:12:07Z	4894.00000	1558.56206	1541.27023	1526.85802
2025-08-08T13:12:07Z	4894.00000	1558.75948	1541.45642	1526.96815
2025-08-08T13:12:07Z	4894.00000	1559.05157	1541.73357	1527.12755
2025-08-08T13:12:07Z	4894.00000	1559.17622	1541.85300	1527.19772
2025-08-08T13:12:07Z	4895.00000	1559.31516	1541.98777	1527.27422
2025-08-08T13:12:07Z	4895.00000	1559.45325	1542.11639	1527.35239
2025-08-08T13:12:07Z	4895.00000	1559.57697	1542.23665	1527.41996
2025-08-08T13:12:07Z	4895.00000	1559.70636	1542.36077	1527.49038
2025-08-08T13:12:07Z	4895.00000	1559.80853	1542.45535	1527.54841
2025-08-08T13:12:08Z	4895.00000	1559.91508	1542.55717	1527.60623
2025-08-08T13:12:08Z	4895.00000	1559.99392	1542.62835	1527.64784
2025-08-08T13:12:08Z	4895.00000	1560.07416	1542.70593	1527.69266
2025-08-08T13:12:08Z	4895.00000	1560.18640	1542.80847	1527.75636
2025-08-08T13:12:08Z	4896.00000	1560.23640	1542.85361	1527.78494
2025-08-08T13:12:08Z	4896.00000	1560.27501	1542.89480	1527.80714
2025-08-08T13:12:08Z	4896.00000	1560.30363	1542.92169	1527.82354
2025-08-08T13:12:08Z	4896.00000	1560.34127	1542.95347	1527.84352
2025-08-08T13:12:08Z	4896.00000	1560.37084	1542.98088	1527.86030
2025-08-08T13:12:09Z	4896.00000	1560.38989	1542.99773	1527.87136
2025-08-08T13:12:09Z	4896.00000	1560.41337	1543.01912	1527.88520
2025-08-08T13:12:09Z	4896.00000	1560.43429	1543.03748	1527.89762
2025-08-08T13:12:09Z	4896.00000	1560.45188	1543.06000	1527.90789
2025-08-08T13:12:09Z	4897.00000	1560.47783	1543.08324	1527.92306
2025-08-08T13:12:09Z	4897.00000	1560.50186	1543.10184	1527.93471
2025-08-08T13:12:09Z	4897.00000	1560.51244	1543.11184	1527.94052
2025-08-08T13:12:10Z	4897.00000	1560.52868	1543.12655	1527.95011
2025-08-08T13:12:10Z	4897.00000	1560.53770	1543.13470	1527.95479
2025-08-08T13:12:10Z	4897.00000	1560.55107	1543.14653	1527.96274
2025-08-08T13:12:10Z	4897.00000	1560.55649	1543.15158	1527.96538
2025-08-08T13:12:10Z	4898.00000	1560.53239	1543.09686	1527.97020
2025-08-08T13:12:10Z	4898.00000	1558.67693	1541.32726	1526.91586
2025-08-08T13:12:10Z	4898.00000	1558.28387	1540.97099	1526.70092
2025-08-08T13:12:10Z	4898.00000	1557.97720	1540.68804	1526.53274
2025-08-08T13:12:10Z	4898.00000	1557.75147	1540.48126	1526.41162
2025-08-08T13:12:11Z	4898.00000	1557.57956	1540.32387	1526.31547
2025-08-08T13:12:11Z	4898.00000	1557.34704	1540.11050	1526.18988
2025-08-08T13:12:11Z	4898.00000	1557.15450	1539.93479	1526.08541
2025-08-08T13:12:11Z	4898.00000	1556.93736	1539.73447	1525.96770
2025-08-08T13:12:11Z	4898.00000	1556.75418	1539.56587	1525.86922
2025-08-08T13:12:11Z	4899.00000	1556.54802	1539.37619	1525.75549
2025-08-08T13:12:11Z	4899.00000	1556.34546	1539.19152	1525.65270
2025-08-08T13:12:11Z	4899.00000	1556.02008	1538.89151	1525.48198
2025-08-08T13:12:11Z	4899.00000	1555.86644	1538.74873	1525.39880
2025-08-08T13:12:12Z	4899.00000	1555.73817	1538.62772	1525.33106
2025-08-08T13:12:12Z	4899.00000	1555.56361	1538.46514	1525.23826
2025-08-08T13:12:12Z	4899.00000	1555.41323	1538.32732	1525.15646
2025-08-08T13:12:12Z	4899.00000	1555.24604	1538.17544	1525.06869
2025-08-08T13:12:12Z	4899.00000	1555.22117	1538.15252	1525.05511
2025-08-08T13:12:12Z	4900.00000	1555.21310	1538.14208	1525.04976
2025-08-08T13:12:12Z	4900.00000	1555.20966	1538.13978	1525.04814
2025-08-08T13:12:12Z	4900.00000	1555.20734	1538.13751	1525.04694
2025-08-08T13:12:12Z	4900.00000	1555.20475	1538.13391	1525.04519
2025-08-08T13:12:13Z	4900.00000	1555.20274	1538.13142	1525.04377
2025-08-08T13:12:13Z	4900.00000	1555.20075	1538.12904	1525.04234
2025-08-08T13:12:13Z	4900.00000	1555.19814	1538.12716	1525.04107
2025-08-08T13:12:13Z	4900.00000	1555.19566	1538.12456	1525.03961
2025-08-08T13:12:13Z	4900.00000	1555.19358	1538.12243	1525.03852
2025-08-08T13:12:13Z	4901.00000	1555.19058	1538.11920	1525.03652
2025-08-08T13:12:13Z	4901.00000	1555.18842	1538.11641	1525.03512
2025-08-08T13:12:14Z	4901.00000	1555.18683	1538.11481	1525.03411
2025-08-08T13:12:14Z	4901.00000	1555.18500	1538.11257	1525.03318
2025-08-08T13:12:14Z	4901.00000	1555.18308	1538.11062	1525.03162
2025-08-08T13:12:14Z	4901.00000	1555.18234	1538.11008	1525.03150
2025-08-08T13:12:14Z	4901.00000	1555.18087	1538.10937	1525.03083
2025-08-08T13:12:14Z	4902.00000	1555.17969	1538.10811	1525.03014
2025-08-08T13:12:14Z	4902.00000	1555.17864	1538.10681	1525.02928
2025-08-08T13:12:14Z	4902.00000	1555.17742	1538.10578	1525.02840
2025-08-08T13:12:14Z	4902.00000	1555.17653	1538.10463	1525.02781
2025-08-08T13:12:15Z	4902.00000	1555.17594	1538.10374	1525.02709
2025-08-08T13:12:15Z	4902.00000	1555.17479	1538.10253	1525.02641
2025-08-08T13:12:15Z	4902.00000	1555.17397	1538.10142	1525.02570
2025-08-08T13:12:15Z	4902.00000	1555.17351	1538.10051	1525.02542
2025-08-08T13:12:15Z	4902.00000	1555.17222	1538.09878	1525.02458
2025-08-08T13:12:15Z	4903.00000	1555.17126	1538.09791	1525.02394
2025-08-08T13:12:15Z	4903.00000	1555.17083	1538.09734	1525.02379
2025-08-08T13:12:15Z	4903.00000	1555.16885	1538.09563	1525.02272
2025-08-08T13:12:16Z	4903.00000	1555.16783	1538.09524	1525.02260
2025-08-08T13:12:16Z	4903.00000	1555.16722	1538.09515	1525.02223
2025-08-08T13:12:16Z	4903.00000	1555.16653	1538.09475	1525.02179
2025-08-08T13:12:16Z	4903.00000	1555.16560	1538.09396	1525.02140
2025-08-08T13:12:16Z	4903.00000	1555.16506	1538.09310	1525.02089
2025-08-08T13:12:16Z	4903.00000	1555.16452	1538.09269	1525.02059
2025-08-08T13:12:16Z	4904.00000	1555.16381	1538.09175	1525.02017
2025-08-08T13:12:16Z	4904.00000	1555.16316	1538.09102	1525.01973
2025-08-08T13:12:16Z	4904.00000	1555.16261	1538.09039	1525.01923
2025-08-08T13:12:16Z	4904.00000	1555.16209	1538.08953	1525.01884
2025-08-08T13:12:17Z	4904.00000	1555.16164	1538.08903	1525.01844
2025-08-08T13:12:17Z	4904.00000	1555.16116	1538.08838	1525.01829
2025-08-08T13:12:17Z	4904.00000	1555.16079	1538.08751	1525.01797
2025-08-08T13:12:17Z	4904.00000	1555.16031	1538.08735	1525.01760
2025-08-08T13:12:17Z	4904.00000	1555.15995	1538.08671	1525.01724
2025-08-08T13:12:17Z	4904.00000	1555.15955	1538.08623	1525.01671
2025-08-08T13:12:17Z	4905.00000	1555.15914	1538.08565	1525.01649
2025-08-08T13:12:17Z	4905.00000	1555.15871	1538.08520	1525.01610
2025-08-08T13:12:17Z	4905.00000	1555.15809	1538.08408	1525.01554
2025-08-08T13:12:17Z	4905.00000	1555.15761	1538.08363	1525.01537
2025-08-08T13:12:18Z	4905.00000	1555.15700	1538.08292	1525.01505
2025-08-08T13:12:18Z	4905.00000	1555.15605	1538.08234	1525.01454
2025-08-08T13:12:18Z	4905.00000	1555.15580	1538.08168	1525.01417
2025-08-08T13:12:18Z	4905.00000	1555.15543	1538.08117	1525.01390
2025-08-08T13:12:18Z	4906.00000	1555.15497	1538.08108	1525.01351
2025-08-08T13:12:18Z	4906.00000	1555.15426	1538.08045	1525.01340
2025-08-08T13:12:18Z	4906.00000	1555.15377	1538.07982	1525.01288
2025-08-08T13:12:18Z	4906.00000	1555.15319	1538.07954	1525.01264
2025-08-08T13:12:18Z	4906.00000	1555.15252	1538.07926	1525.01240
2025-08-08T13:12:19Z	4906.00000	1555.15211	1538.07866	1525.01219
2025-08-08T13:12:19Z	4906.00000	1555.15162	1538.07872	1525.01201
2025-08-08T13:12:19Z	4906.00000	1555.15119	1538.07787	1525.01180
2025-08-08T13:12:19Z	4906.00000	1555.15065	1538.07765	1525.01163
2025-08-08T13:12:19Z	4906.00000	1555.15017	1538.07700	1525.01136
2025-08-08T13:12:19Z	4907.00000	1555.14983	1538.07708	1525.01136
2025-08-08T13:12:19Z	4907.00000	1555.14946	1538.07649	1525.01121
2025-08-08T13:12:19Z	4907.00000	1555.14902	1538.07621	1525.01076
2025-08-08T13:12:19Z	4907.00000	1555.14881	1538.07578	1525.01065
2025-08-08T13:12:20Z	4907.00000	1555.14840	1538.07587	1525.01048
2025-08-08T13:12:20Z	4907.00000	1555.14808	1538.07524	1525.01032
2025-08-08T13:12:20Z	4907.00000	1555.14771	1538.07497	1525.00998
2025-08-08T13:12:20Z	4907.00000	1555.14768	1538.07425	1525.00978
2025-08-08T13:12:20Z	4907.00000	1555.14722	1538.07385	1525.00964
2025-08-08T13:12:20Z	4907.00000	1555.14684	1538.07367	1525.00939
2025-08-08T13:12:20Z	4908.00000	1555.14647	1538.07288	1525.00928
2025-08-08T13:12:20Z	4908.00000	1555.14629	1538.07310	1525.00904
2025-08-08T13:12:20Z	4908.00000	1555.14606	1538.07234	1525.00879
2025-08-08T13:12:20Z	4908.00000	1555.14582	1538.07204	1525.00869
2025-08-08T13:12:20Z	4908.00000	1555.14531	1538.07187	1525.00842
2025-08-08T13:12:21Z	4908.00000	1555.14507	1538.07125	1525.00836
2025-08-08T13:12:21Z	4908.00000	1555.14477	1538.07099	1525.00798
2025-08-08T13:12:21Z	4908.00000	1555.14474	1538.07066	1525.00786
2025-08-08T13:12:21Z	4908.00000	1555.14443	1538.07058	1525.00753
2025-08-08T13:12:21Z	4908.00000	1555.14415	1538.06995	1525.00748
2025-08-08T13:12:21Z	4909.00000	1555.14384	1538.06956	1525.00716
2025-08-08T13:12:21Z	4909.00000	1555.14377	1538.06933	1525.00689
2025-08-08T13:12:21Z	4909.00000	1555.14335	1538.06901	1525.00672
2025-08-08T13:12:21Z	4909.00000	1555.14325	1538.06869	1525.00649
2025-08-08T13:12:22Z	4909.00000	1555.14296	1538.06873	1525.00651
2025-08-08T13:12:22Z	4909.00000	1555.14284	1538.06845	1525.00626
2025-08-08T13:12:22Z	4909.00000	1555.14246	1538.06778	1525.00606
2025-08-08T13:12:22Z	4909.00000	1555.14214	1538.06762	1525.00580
2025-08-08T13:12:22Z	4909.00000	1555.14191	1538.06764	1525.00559
2025-08-08T13:12:22Z	4909.00000	1555.14165	1538.06736	1525.00546
2025-08-08T13:12:22Z	4910.00000	1555.14153	1538.06714	1525.00528
2025-08-08T13:12:22Z	4910.00000	1555.14111	1538.06668	1525.00524
2025-08-08T13:12:22Z	4910.00000	1555.14073	1538.06641	1525.00493
2025-08-08T13:12:22Z	4910.00000	1555.14062	1538.06648	1525.00476
2025-08-08T13:12:23Z	4910.00000	1555.14025	1538.06595	1525.00484
2025-08-08T13:12:23Z	4910.00000	1555.14000	1538.06578	1525.00457
2025-08-08T13:12:23Z	4910.00000	1555.13963	1538.06569	1525.00434
2025-08-08T13:12:23Z	4910.00000	1555.13937	1538.06520	1525.00404
2025-08-08T13:12:23Z	4910.00000	1555.13914	1538.06514	1525.00392
2025-08-08T13:12:23Z	4910.00000	1555.13884	1538.06491	1525.00382
2025-08-08T13:12:23Z	4911.00000	1555.13853	1538.06457	1525.00347
2025-08-08T13:12:23Z	4911.00000	1555.13834	1538.06447	1525.00333
2025-08-08T13:12:23Z	4911.00000	1555.13795	1538.06431	1525.00319
2025-08-08T13:12:23Z	4911.00000	1555.13771	1538.06396	1525.00316
2025-08-08T13:12:24Z	4911.00000	1555.13739	1538.06382	1525.00306
2025-08-08T13:12:24Z	4911.00000	1555.13711	1538.06361	1525.00277
2025-08-08T13:12:24Z	4911.00000	1555.13686	1538.06313	1525.00269
2025-08-08T13:12:24Z	4911.00000	1555.13665	1538.06295	1525.00242
2025-08-08T13:12:24Z	4911.00000	1555.13656	1538.06300	1525.00221
2025-08-08T13:12:24Z	4912.00000	1555.13601	1538.06250	1525.00215
2025-08-08T13:12:24Z	4912.00000	1555.13594	1538.06219	1525.00211
2025-08-08T13:12:24Z	4912.00000	1555.13579	1538.06232	1525.00188
2025-08-08T13:12:24Z	4912.00000	1555.13526	1538.06226	1525.00168
2025-08-08T13:12:24Z	4912.00000	1555.13505	1538.06179	1525.00164
2025-08-08T13:12:25Z	4912.00000	1555.13475	1538.06167	1525.00139
2025-08-08T13:12:25Z	4912.00000	1555.13470	1538.06148	1525.00126
2025-08-08T13:12:25Z	4912.00000	1555.13426	1538.06102	1525.00113
2025-08-08T13:12:25Z	4912.00000	1555.13442	1538.06080	1525.00115
2025-08-08T13:12:25Z	4912.00000	1555.13395	1538.06055	1525.00078
2025-08-08T13:12:25Z	4912.00000	1555.13365	1538.06062	1525.00090
2025-08-08T13:12:25Z	4913.00000	1555.13308	1538.06025	1525.00083
2025-08-08T13:12:25Z	4913.00000	1555.13312	1538.06013	1525.00066
2025-08-08T13:12:25Z	4913.00000	1555.13320	1538.05977	1525.00046
2025-08-08T13:12:25Z	4913.00000	1555.13262	1538.05986	1525.00029
2025-08-08T13:12:25Z	4913.00000	1555.13256	1538.05941	1525.00022
2025-08-08T13:12:26Z	4913.00000	1555.13222	1538.05952	1525.00013
2025-08-08T13:12:26Z	4913.00000	1555.13225	1538.05919	1525.00002
2025-08-08T13:12:26Z	4913.00000	1555.13198	1538.05873	1524.99992
2025-08-08T13:12:26Z	4913.00000	1555.13186	1538.05868	1524.99973
2025-08-08T13:12:26Z	4913.00000	1555.13173	1538.05864	1524.99971
2025-08-08T13:12:26Z	4914.00000	1555.13150	1538.05815	1524.99958
2025-08-08T13:12:26Z	4914.00000	1555.13141	1538.05824	1524.99947
2025-08-08T13:12:26Z	4914.00000	1555.13112	1538.05758	1524.99962
2025-08-08T13:12:26Z	4914.00000	1555.13132	1538.05745	1524.99926
2025-08-08T13:12:27Z	4914.00000	1555.13103	1538.05722	1524.99916
2025-08-08T13:12:27Z	4914.00000	1555.13091	1538.05712	1524.99901
2025-08-08T13:12:27Z	4914.00000	1555.13066	1538.05621	1524.99896
2025-08-08T13:12:27Z	4914.00000	1555.13063	1538.05611	1524.99884
2025-08-08T13:12:27Z	4914.00000	1555.13043	1538.05590	1524.99871
2025-08-08T13:12:27Z	4914.00000	1555.13037	1538.05558	1524.99870
2025-08-08T13:12:27Z	4915.00000	1555.13020	1538.05543	1524.99870
2025-08-08T13:12:27Z	4915.00000	1555.13007	1538.05545	1524.99843
2025-08-08T13:12:27Z	4915.00000	1555.13007	1538.05509	1524.99836
2025-08-08T13:12:27Z	4915.00000	1555.12997	1538.05462	1524.99827
2025-08-08T13:12:28Z	4915.00000	1555.12983	1538.05519	1524.99814
2025-08-08T13:12:28Z	4915.00000	1555.12959	1538.05478	1524.99797
2025-08-08T13:12:28Z	4915.00000	1555.12940	1538.05454	1524.99811
2025-08-08T13:12:28Z	4915.00000	1555.12926	1538.05472	1524.99767
2025-08-08T13:12:28Z	4915.00000	1555.12905	1538.05401	1524.99777
2025-08-08T13:12:28Z	4915.00000	1555.12908	1538.05373	1524.99770
2025-08-08T13:12:28Z	4916.00000	1555.12894	1538.05358	1524.99762
2025-08-08T13:12:28Z	4916.00000	1555.12865	1538.05394	1524.99741
2025-08-08T13:12:28Z	4916.00000	1555.12861	1538.05383	1524.99743
2025-08-08T13:12:28Z	4916.00000	1555.12856	1538.05372	1524.99728
2025-08-08T13:12:28Z	4916.00000	1555.12839	1538.05331	1524.99706
2025-08-08T13:12:29Z	4916.00000	1555.12810	1538.05271	1524.99696
2025-08-08T13:12:29Z	4916.00000	1555.12799	1538.05269	1524.99695
2025-08-08T13:12:29Z	4916.00000	1555.12799	1538.05284	1524.99704
2025-08-08T13:12:29Z	4916.00000	1555.12784	1538.05285	1524.99680
2025-08-08T13:12:29Z	4916.00000	1555.12768	1538.05266	1524.99649
2025-08-08T13:12:29Z	4917.00000	1555.12735	1538.05234	1524.99655
2025-08-08T13:12:29Z	4917.00000	1555.12731	1538.05178	1524.99646
2025-08-08T13:12:29Z	4917.00000	1555.12700	1538.05192	1524.99646
2025-08-08T13:12:29Z	4917.00000	1555.12711	1538.05156	1524.99613
2025-08-08T13:12:29Z	4917.00000	1555.12686	1538.05195	1524.99601
2025-08-08T13:12:30Z	4917.00000	1555.12661	1538.05162	1524.99598
2025-08-08T13:12:30Z	4917.00000	1555.12650	1538.05144	1524.99599
2025-08-08T13:12:30Z	4917.00000	1555.12638	1538.05136	1524.99597
2025-08-08T13:12:30Z	4917.00000	1555.12629	1538.05108	1524.99563
2025-08-08T13:12:30Z	4917.00000	1555.12609	1538.05105	1524.99559
2025-08-08T13:12:30Z	4918.00000	1555.12576	1538.05088	1524.99563
2025-08-08T13:12:30Z	4918.00000	1555.12554	1538.05059	1524.99528
2025-08-08T13:12:30Z	4918.00000	1555.12547	1538.05058	1524.99526
2025-08-08T13:12:30Z	4918.00000	1555.12543	1538.05045	1524.99523
2025-08-08T13:12:31Z	4918.00000	1555.12524	1538.05054	1524.99510
2025-08-08T13:12:31Z	4918.00000	1555.12481	1538.05006	1524.99491
2025-08-08T13:12:31Z	4918.00000	1555.12503	1538.05002	1524.99488
2025-08-08T13:12:31Z	4918.00000	1555.12464	1538.04984	1524.99473
2025-08-08T13:12:31Z	4918.00000	1555.12427	1538.04980	1524.99478
2025-08-08T13:12:31Z	4918.00000	1555.12431	1538.04962	1524.99464
2025-08-08T13:12:31Z	4919.00000	1555.12426	1538.04946	1524.99445
2025-08-08T13:12:31Z	4919.00000	1555.12404	1538.04941	1524.99428
2025-08-08T13:12:31Z	4919.00000	1555.12372	1538.04917	1524.99405
2025-08-08T13:12:31Z	4919.00000	1555.12384	1538.04916	1524.99435
2025-08-08T13:12:31Z	4919.00000	1555.12344	1538.04896	1524.99422
2025-08-08T13:12:32Z	4919.00000	1555.12341	1538.04886	1524.99413
2025-08-08T13:12:32Z	4919.00000	1555.12332	1538.04878	1524.99402
2025-08-08T13:12:32Z	4919.00000	1555.12301	1538.04870	1524.99387
2025-08-08T13:12:32Z	4919.00000	1555.12280	1538.04838	1524.99388
2025-08-08T13:12:32Z	4919.00000	1555.12261	1538.04837	1524.99373
2025-08-08T13:12:32Z	4920.00000	1555.12236	1538.04824	1524.99369
2025-08-08T13:12:32Z	4920.00000	1555.12218	1538.04798	1524.99361
2025-08-08T13:12:32Z	4920.00000	1555.12210	1538.04794	1524.99346
2025-08-08T13:12:32Z	4920.00000	1555.12210	1538.04784	1524.99340
2025-08-08T13:12:32Z	4920.00000	1555.12193	1538.04779	1524.99340
2025-08-08T13:12:33Z	4920.00000	1555.12163	1538.04762	1524.99323
2025-08-08T13:12:33Z	4920.00000	1555.12154	1538.04745	1524.99318
2025-08-08T13:12:33Z	4920.00000	1555.12148	1538.04751	1524.99307
2025-08-08T13:12:33Z	4920.00000	1555.12119	1538.04718	1524.99300
2025-08-08T13:12:33Z	4920.00000	1555.12105	1538.04709	1524.99287
2025-08-08T13:12:33Z	4921.00000	1555.12110	1538.04690	1524.99283
2025-08-08T13:12:33Z	4921.00000	1555.12084	1538.04679	1524.99277
2025-08-08T13:12:33Z	4921.00000	1555.12061	1538.04708	1524.99269
2025-08-08T13:12:33Z	4921.00000	1555.12071	1538.04638	1524.99255
2025-08-08T13:12:33Z	4921.00000	1555.12029	1538.04642	1524.99249
2025-08-08T13:12:34Z	4921.00000	1555.12045	1538.04669	1524.99246
2025-08-08T13:12:34Z	4921.00000	1555.12010	1538.04654	1524.99237
2025-08-08T13:12:34Z	4921.00000	1555.12004	1538.04615	1524.99234
2025-08-08T13:12:34Z	4921.00000	1555.11999	1538.04595	1524.99218
2025-08-08T13:12:34Z	4921.00000	1555.11977	1538.04570	1524.99213
2025-08-08T13:12:34Z	4922.00000	1555.12002	1538.04593	1524.99205
2025-08-08T13:12:34Z	4922.00000	1555.11994	1538.04592	1524.99197
2025-08-08T13:12:34Z	4922.00000	1555.11953	1538.04588	1524.99193
2025-08-08T13:12:34Z	4922.00000	1555.11957	1538.04566	1524.99182
2025-08-08T13:12:35Z	4922.00000	1555.11947	1538.04516	1524.99174
2025-08-08T13:12:35Z	4922.00000	1555.11914	1538.04533	1524.99165
2025-08-08T13:12:35Z	4922.00000	1555.11908	1538.04518	1524.99159
2025-08-08T13:12:35Z	4922.00000	1555.11895	1538.04508	1524.99144
2025-08-08T13:12:35Z	4922.00000	1555.11880	1538.04496	1524.99151
2025-08-08T13:12:35Z	4922.00000	1555.11885	1538.04458	1524.99141
2025-08-08T13:12:35Z	4923.00000	1555.11866	1538.04475	1524.99123
2025-08-08T13:12:35Z	4923.00000	1555.11848	1538.04450	1524.99117
2025-08-08T13:12:35Z	4923.00000	1555.11852	1538.04453	1524.99123
2025-08-08T13:12:35Z	4923.00000	1555.11843	1538.04436	1524.99107
2025-08-08T13:12:35Z	4923.00000	1555.11828	1538.04399	1524.99107
2025-08-08T13:12:36Z	4923.00000	1555.11801	1538.04418	1524.99096
2025-08-08T13:12:36Z	4923.00000	1555.11768	1538.04395	1524.99080
2025-08-08T13:12:36Z	4923.00000	1555.11777	1538.04369	1524.99065
2025-08-08T13:12:36Z	4923.00000	1555.11772	1538.04378	1524.99073
2025-08-08T13:12:36Z	4923.00000	1555.11786	1538.04380	1524.99084
2025-08-08T13:12:36Z	4924.00000	1555.11761	1538.04340	1524.99068
2025-08-08T13:12:36Z	4924.00000	1555.11754	1538.04351	1524.99060
2025-08-08T13:12:36Z	4924.00000	1555.11747	1538.04330	1524.99051
2025-08-08T13:12:36Z	4924.00000	1555.11740	1538.04283	1524.99036
2025-08-08T13:12:37Z	4924.00000	1555.11711	1538.04310	1524.99036
2025-08-08T13:12:37Z	4924.00000	1555.11733	1538.04306	1524.99030
2025-08-08T13:12:37Z	4924.00000	1555.11683	1538.04248	1524.99036
2025-08-08T13:12:37Z	4924.00000	1555.11692	1538.04277	1524.99023
2025-08-08T13:12:37Z	4924.00000	1555.11691	1538.04231	1524.99012
2025-08-08T13:12:37Z	4924.00000	1555.11674	1538.04221	1524.99001
2025-08-08T13:12:37Z	4925.00000	1555.11676	1538.04204	1524.99003
2025-08-08T13:12:37Z	4925.00000	1555.11658	1538.04156	1524.98984
2025-08-08T13:12:37Z	4925.00000	1555.11644	1538.04177	1524.98977
2025-08-08T13:12:37Z	4925.00000	1555.11641	1538.04140	1524.98976
2025-08-08T13:12:37Z	4925.00000	1555.11618	1538.04153	1524.98996
2025-08-08T13:12:38Z	4925.00000	1555.11623	1538.04147	1524.98986
2025-08-08T13:12:38Z	4925.00000	1555.11622	1538.04126	1524.98979
2025-08-08T13:12:38Z	4925.00000	1555.11600	1538.04139	1524.98960
2025-08-08T13:12:38Z	4925.00000	1555.11593	1538.04084	1524.98955
2025-08-08T13:12:38Z	4925.00000	1555.11590	1538.04130	1524.98961
2025-08-08T13:12:38Z	4926.00000	1555.11569	1538.04090	1524.98952
2025-08-08T13:12:38Z	4926.00000	1555.20935	1538.12808	1525.04021
2025-08-08T13:12:38Z	4926.00000	1555.45301	1538.35559	1525.17208
2025-08-08T13:12:38Z	4926.00000	1555.71058	1538.59473	1525.31702
2025-08-08T13:12:38Z	4926.00000	1556.01208	1538.87677	1525.48046
2025-08-08T13:12:39Z	4926.00000	1556.28178	1539.13027	1525.62322
2025-08-08T13:12:39Z	4926.00000	1556.54460	1539.37161	1525.75859
2025-08-08T13:12:39Z	4926.00000	1556.82975	1539.63918	1525.91506
2025-08-08T13:12:39Z	4926.00000	1557.10597	1539.89868	1526.06690
2025-08-08T13:12:39Z	4926.00000	1557.29925	1540.07946	1526.16970
2025-08-08T13:12:39Z	4927.00000	1557.52910	1540.29314	1526.29329
2025-08-08T13:12:39Z	4927.00000	1557.75077	1540.50244	1526.41599
2025-08-08T13:12:39Z	4927.00000	1557.96386	1540.70176	1526.52859
2025-08-08T13:12:39Z	4927.00000	1558.21154	1540.93598	1526.66403
2025-08-08T13:12:40Z	4927.00000	1558.44525	1541.15818	1526.79361
2025-08-08T13:12:40Z	4927.00000	1558.67597	1541.37261	1526.91708
2025-08-08T13:12:40Z	4927.00000	1558.86761	1541.55579	1527.02390
2025-08-08T13:12:40Z	4927.00000	1559.05539	1541.73699	1527.12700
2025-08-08T13:12:40Z	4927.00000	1559.20594	1541.88229	1527.21160
2025-08-08T13:12:40Z	4927.00000	1559.38172	1542.05119	1527.30878
2025-08-08T13:12:40Z	4928.00000	1559.57726	1542.23976	1527.41859
2025-08-08T13:12:40Z	4928.00000	1559.73669	1542.39255	1527.50675
2025-08-08T13:12:40Z	4928.00000	1559.88537	1542.53354	1527.58891
2025-08-08T13:12:40Z	4928.00000	1560.01997	1542.65768	1527.66208
2025-08-08T13:12:40Z	4928.00000	1560.16445	1542.79637	1527.74412
2025-08-08T13:12:41Z	4928.00000	1560.27338	1542.90527	1527.80703
2025-08-08T13:12:41Z	4928.00000	1560.37894	1543.00245	1527.86498
2025-08-08T13:12:41Z	4928.00000	1560.47113	1543.09593	1527.91907
2025-08-08T13:12:41Z	4928.00000	1560.56386	1543.18230	1527.97037
2025-08-08T13:12:41Z	4928.00000	1560.64617	1543.26431	1528.01594
2025-08-08T13:12:41Z	4929.00000	1560.65370	1543.25528	1528.02122
2025-08-08T13:12:41Z	4929.00000	1560.65546	1543.25237	1528.02278
2025-08-08T13:12:41Z	4929.00000	1560.65732	1543.25008	1528.02371
2025-08-08T13:12:41Z	4929.00000	1560.65851	1543.24884	1528.02459
2025-08-08T13:12:42Z	4929.00000	1560.65952	1543.24801	1528.02514
2025-08-08T13:12:42Z	4929.00000	1560.66008	1543.24770	1528.02549
2025-08-08T13:12:42Z	4929.00000	1560.66116	1543.24689	1528.02588
2025-08-08T13:12:42Z	4929.00000	1560.66181	1543.24681	1528.02651
2025-08-08T13:12:42Z	4929.00000	1560.66245	1543.24675	1528.02702
2025-08-08T13:12:42Z	4929.00000	1560.66271	1543.24637	1528.02709
2025-08-08T13:12:42Z	4930.00000	1560.66340	1543.24613	1528.02734
2025-08-08T13:12:42Z	4930.00000	1560.66400	1543.24609	1528.02781
2025-08-08T13:12:42Z	4930.00000	1560.66421	1543.24609	1528.02830
2025-08-08T13:12:42Z	4930.00000	1560.66468	1543.24645	1528.02884
2025-08-08T13:12:43Z	4930.00000	1560.66491	1543.24615	1528.02874
2025-08-08T13:12:43Z	4930.00000	1560.66540	1543.24625	1528.02945
2025-08-08T13:12:43Z	4930.00000	1560.66561	1543.24623	1528.02967
2025-08-08T13:12:43Z	4930.00000	1560.66600	1543.24647	1528.03002
2025-08-08T13:12:43Z	4930.00000	1560.66649	1543.24630	1528.03018
2025-08-08T13:12:43Z	4930.00000	1560.66663	1543.24657	1528.03050
2025-08-08T13:12:43Z	4931.00000	1559.93064	1542.45137	1527.62539
2025-08-08T13:12:43Z	4931.00000	1558.77369	1541.41961	1526.97465
2025-08-08T13:12:43Z	4931.00000	1558.32754	1541.01286	1526.72653
2025-08-08T13:12:43Z	4931.00000	1557.98410	1540.69478	1526.53538
2025-08-08T13:12:44Z	4931.00000	1557.71605	1540.44933	1526.39157
2025-08-08T13:12:44Z	4931.00000	1557.50091	1540.25152	1526.27266
2025-08-08T13:12:44Z	4931.00000	1557.32709	1540.09188	1526.17799
2025-08-08T13:12:44Z	4931.00000	1557.08992	1539.87664	1526.05150
2025-08-08T13:12:44Z	4931.00000	1556.89413	1539.69431	1525.94252
2025-08-08T13:12:44Z	4931.00000	1556.69876	1539.51469	1525.83775
2025-08-08T13:12:44Z	4932.00000	1556.47952	1539.31313	1525.71859
2025-08-08T13:12:44Z	4932.00000	1556.32504	1539.17064	1525.63961
2025-08-08T13:12:44Z	4932.00000	1556.14746	1539.00756	1525.54517
2025-08-08T13:12:44Z	4932.00000	1555.91549	1538.79237	1525.42413
2025-08-08T13:12:44Z	4932.00000	1555.77971	1538.66457	1525.35029
2025-08-08T13:12:45Z	4932.00000	1555.64315	1538.53667	1525.27846
2025-08-08T13:12:45Z	4932.00000	1555.47917	1538.38616	1525.18874
2025-08-08T13:12:45Z	4932.00000	1555.28998	1538.21278	1525.09023
2025-08-08T13:12:45Z	4932.00000	1555.20729	1538.13591	1525.04511
2025-08-08T13:12:45Z	4932.00000	1555.20231	1538.12961	1525.04128
2025-08-08T13:12:45Z	4933.00000	1555.19652	1538.12416	1525.03806
2025-08-08T13:12:45Z	4933.00000	1555.19300	1538.12093	1525.03615
2025-08-08T13:12:45Z	4933.00000	1555.19082	1538.11815	1525.03496
2025-08-08T13:12:45Z	4933.00000	1555.18779	1538.11433	1525.03310
2025-08-08T13:12:46Z	4933.00000	1555.18555	1538.11206	1525.03186
2025-08-08T13:12:46Z	4933.00000	1555.18330	1538.10978	1525.03052
2025-08-08T13:12:46Z	4933.00000	1555.18142	1538.10816	1525.02936
2025-08-08T13:12:46Z	4933.00000	1555.17877	1538.10640	1525.02769
2025-08-08T13:12:46Z	4933.00000	1555.17739	1538.10483	1525.02685
2025-08-08T13:12:46Z	4933.00000	1555.17608	1538.10257	1525.02552
2025-08-08T13:12:46Z	4934.00000	1555.17438	1538.10062	1525.02451
2025-08-08T13:12:46Z	4934.00000	1555.17331	1538.09856	1525.02384
2025-08-08T13:12:46Z	4934.00000	1555.17065	1538.09629	1525.02247
2025-08-08T13:12:46Z	4934.00000	1555.16898	1538.09524	1525.02170
2025-08-08T13:12:47Z	4934.00000	1555.16626	1538.09344	1525.02021
2025-08-08T13:12:47Z	4934.00000	1555.16545	1538.09252	1525.01979
2025-08-08T13:12:47Z	4934.00000	1555.16412	1538.09135	1525.01932
2025-08-08T13:12:47Z	4934.00000	1555.16318	1538.08995	1525.01855
2025-08-08T13:12:47Z	4935.00000	1555.16237	1538.08902	1525.01791
2025-08-08T13:12:47Z	4935.00000	1555.16170	1538.08812	1525.01740
2025-08-08T13:12:47Z	4935.00000	1555.16100	1538.08713	1525.01674
2025-08-08T13:12:47Z	4935.00000	1555.16029	1538.08627	1525.01630
2025-08-08T13:12:47Z	4935.00000	1555.15936	1538.08522	1525.01550
2025-08-08T13:12:48Z	4935.00000	1555.15873	1538.08358	1525.01491
2025-08-08T13:12:48Z	4935.00000	1555.15803	1538.08330	1525.01462
2025-08-08T13:12:48Z	4935.00000	1555.15756	1538.08266	1525.01411
2025-08-08T13:12:48Z	4935.00000	1555.15701	1538.08182	1525.01371
2025-08-08T13:12:48Z	4935.00000	1555.15583	1538.08104	1525.01303
2025-08-08T13:12:48Z	4935.00000	1555.15502	1538.08038	1525.01263
2025-08-08T13:12:48Z	4936.00000	1555.15427	1538.07962	1525.01214
2025-08-08T13:12:48Z	4936.00000	1555.15381	1538.07923	1525.01195
2025-08-08T13:12:48Z	4936.00000	1555.15290	1538.07839	1525.01161
2025-08-08T13:12:48Z	4936.00000	1555.15208	1538.07777	1525.01128
2025-08-08T13:12:49Z	4936.00000	1555.15125	1538.07748	1525.01091
2025-08-08T13:12:49Z	4936.00000	1555.15046	1538.07661	1525.01073
2025-08-08T13:12:49Z	4936.00000	1555.14980	1538.07634	1525.01028
2025-08-08T13:12:49Z	4936.00000	1555.14910	1538.07557	1525.00985
2025-08-08T13:12:49Z	4936.00000	1555.14872	1538.07455	1525.00948
2025-08-08T13:12:49Z	4936.00000	1555.14825	1538.07481	1525.00930
2025-08-08T13:12:49Z	4937.00000	1555.14764	1538.07400	1525.00901
2025-08-08T13:12:49Z	4937.00000	1555.42395	1538.33277	1525.16024
2025-08-08T13:12:49Z	4937.00000	1555.64644	1538.53771	1525.28370
2025-08-08T13:12:49Z	4937.00000	1555.90891	1538.78406	1525.42439
2025-08-08T13:12:50Z	4937.00000	1556.13381	1538.99272	1525.54238
2025-08-08T13:12:50Z	4937.00000	1556.35204	1539.19508	1525.66029
2025-08-08T13:12:50Z	4937.00000	1556.60201	1539.42833	1525.79147
2025-08-08T13:12:50Z	4937.00000	1556.92517	1539.72886	1525.96731
2025-08-08T13:12:50Z	4937.00000	1557.16586	1539.95461	1526.09709
2025-08-08T13:12:50Z	4937.00000	1557.43822	1540.21030	1526.24611
2025-08-08T13:12:50Z	4938.00000	1557.70023	1540.45522	1526.38778
2025-08-08T13:12:50Z	4938.00000	1557.94950	1540.68902	1526.52110
2025-08-08T13:12:50Z	4938.00000	1558.16089	1540.88938	1526.63745
2025-08-08T13:12:50Z	4938.00000	1558.36879	1541.08676	1526.75139
2025-08-08T13:12:51Z	4938.00000	1558.63940	1541.34186	1526.89898
2025-08-08T13:12:51Z	4938.00000	1558.84008	1541.53038	1527.01069
2025-08-08T13:12:51Z	4938.00000	1558.99953	1541.68375	1527.09630
2025-08-08T13:12:51Z	4938.00000	1559.21444	1541.88824	1527.21664
2025-08-08T13:12:51Z	4938.00000	1559.41937	1542.08503	1527.33089
2025-08-08T13:12:51Z	4939.00000	1559.56400	1542.22508	1527.41126
2025-08-08T13:12:51Z	4939.00000	1559.75323	1542.40551	1527.51586
2025-08-08T13:12:51Z	4939.00000	1559.87891	1542.52495	1527.58498
2025-08-08T13:12:51Z	4939.00000	1560.01887	1542.65412	1527.66038
2025-08-08T13:12:51Z	4939.00000	1560.12560	1542.75899	1527.72184
2025-08-08T13:12:51Z	4939.00000	1560.24686	1542.86987	1527.78985
2025-08-08T13:12:52Z	4939.00000	1560.39440	1543.01297	1527.87315
2025-08-08T13:12:52Z	4939.00000	1560.49327	1543.11105	1527.92899
2025-08-08T13:12:52Z	4939.00000	1560.56527	1543.17954	1527.96957
2025-08-08T13:12:52Z	4939.00000	1560.63952	1543.25494	1528.01099
2025-08-08T13:12:52Z	4940.00000	1560.66276	1543.25453	1528.02486
2025-08-08T13:12:52Z	4940.00000	1560.66395	1543.25265	1528.02555
2025-08-08T13:12:52Z	4940.00000	1560.66518	1543.25171	1528.02638
2025-08-08T13:12:52Z	4940.00000	1560.66609	1543.25034	1528.02684
2025-08-08T13:12:53Z	4940.00000	1560.66682	1543.24962	1528.02744
2025-08-08T13:12:53Z	4940.00000	1560.66747	1543.24904	1528.02797
2025-08-08T13:12:53Z	4940.00000	1560.66819	1543.24876	1528.02818
2025-08-08T13:12:53Z	4940.00000	1560.66856	1543.24901	1528.02890
2025-08-08T13:12:53Z	4940.00000	1560.66904	1543.24854	1528.02925
2025-08-08T13:12:53Z	4941.00000	1560.66942	1543.24865	1528.02952
2025-08-08T13:12:53Z	4941.00000	1560.66992	1543.24825	1528.02973
2025-08-08T13:12:53Z	4941.00000	1560.67022	1543.24848	1528.03030
2025-08-08T13:12:53Z	4941.00000	1560.67047	1543.24824	1528.03047
2025-08-08T13:12:53Z	4941.00000	1560.67074	1543.24825	1528.03081
2025-08-08T13:12:54Z	4941.00000	1560.67140	1543.24813	1528.03094
2025-08-08T13:12:54Z	4941.00000	1560.67122	1543.24827	1528.03112
2025-08-08T13:12:54Z	4941.00000	1560.67193	1543.24813	1528.03160
2025-08-08T13:12:54Z	4941.00000	1560.67245	1543.24825	1528.03183
2025-08-08T13:12:54Z	4942.00000	1560.09456	1542.59775	1527.73214
2025-08-08T13:12:54Z	4942.00000	1558.81380	1541.45754	1526.99933
2025-08-08T13:12:54Z	4942.00000	1558.40578	1541.08538	1526.76962
2025-08-08T13:12:54Z	4942.00000	1558.17590	1540.87108	1526.64275
2025-08-08T13:12:54Z	4942.00000	1557.96913	1540.68188	1526.52856
2025-08-08T13:12:55Z	4942.00000	1557.59447	1540.33955	1526.32318
2025-08-08T13:12:55Z	4942.00000	1557.38534	1540.14472	1526.21044
2025-08-08T13:12:55Z	4942.00000	1557.14598	1539.92642	1526.08063
2025-08-08T13:12:55Z	4942.00000	1556.94490	1539.74151	1525.97151
2025-08-08T13:12:55Z	4942.00000	1556.71928	1539.53424	1525.84989
2025-08-08T13:12:55Z	4943.00000	1556.49768	1539.33021	1525.72821
2025-08-08T13:12:55Z	4943.00000	1556.28018	1539.13176	1525.61684
2025-08-08T13:12:55Z	4943.00000	1556.13655	1538.99867	1525.54016
2025-08-08T13:12:55Z	4943.00000	1555.79475	1538.67953	1525.35928
2025-08-08T13:12:56Z	4943.00000	1555.57453	1538.47468	1525.24310
2025-08-08T13:12:56Z	4943.00000	1555.38595	1538.30143	1525.14105
2025-08-08T13:12:56Z	4943.00000	1555.25479	1538.18234	1525.07274
2025-08-08T13:12:56Z	4943.00000	1555.21553	1538.14338	1525.05007
2025-08-08T13:12:56Z	4944.00000	1555.20585	1538.13478	1525.04505
2025-08-08T13:12:56Z	4944.00000	1555.20389	1538.13199	1525.04373
2025-08-08T13:12:56Z	4944.00000	1555.20097	1538.12867	1525.04184
2025-08-08T13:12:56Z	4944.00000	1555.19767	1538.12556	1525.03990
2025-08-08T13:12:57Z	4944.00000	1555.19515	1538.12389	1525.03872
2025-08-08T13:12:57Z	4944.00000	1555.19320	1538.12146	1525.03746
2025-08-08T13:12:57Z	4944.00000	1555.19109	1538.11903	1525.03619
2025-08-08T13:12:57Z	4944.00000	1555.18959	1538.11723	1525.03521
2025-08-08T13:12:57Z	4944.00000	1555.18833	1538.11549	1525.03443
2025-08-08T13:12:57Z	4945.00000	1555.18680	1538.11386	1525.03333
2025-08-08T13:12:57Z	4945.00000	1555.18450	1538.11156	1525.03226
2025-08-08T13:12:57Z	4945.00000	1555.18277	1538.10990	1525.03127
2025-08-08T13:12:57Z	4945.00000	1555.18145	1538.10877	1525.03032
2025-08-08T13:12:58Z	4945.00000	1555.17885	1538.10656	1525.02874
2025-08-08T13:12:58Z	4945.00000	1555.17765	1538.10539	1525.02783
2025-08-08T13:12:58Z	4945.00000	1555.17652	1538.10407	1525.02712
2025-08-08T13:12:58Z	4945.00000	1555.17560	1538.10258	1525.02624
2025-08-08T13:12:58Z	4945.00000	1555.17422	1538.10106	1525.02552
2025-08-08T13:12:58Z	4946.00000	1555.17360	1538.09998	1525.02491
2025-08-08T13:12:58Z	4946.00000	1555.17203	1538.09780	1525.02394
2025-08-08T13:12:58Z	4946.00000	1555.17086	1538.09716	1525.02326
2025-08-08T13:12:59Z	4946.00000	1555.16872	1538.09566	1525.02252
2025-08-08T13:12:59Z	4946.00000	1555.16774	1538.09490	1525.02182
2025-08-08T13:12:59Z	4946.00000	1555.16688	1538.09387	1525.02136
2025-08-08T13:12:59Z	4946.00000	1555.16486	1538.09205	1525.02013
2025-08-08T13:12:59Z	4947.00000	1555.16443	1538.09204	1525.01998
2025-08-08T13:12:59Z	4947.00000	1555.16386	1538.09133	1525.01976
2025-08-08T13:12:59Z	4947.00000	1555.16283	1538.09009	1525.01911
2025-08-08T13:12:59Z	4947.00000	1555.16204	1538.08909	1525.01844
2025-08-08T13:13:00Z	4947.00000	1555.16150	1538.08820	1525.01817
2025-08-08T13:13:00Z	4947.00000	1555.16050	1538.08666	1525.01712
2025-08-08T13:13:00Z	4947.00000	1555.16003	1538.08628	1525.01672
2025-08-08T13:13:00Z	4947.00000	1555.15937	1538.08556	1525.01630
2025-08-08T13:13:00Z	4948.00000	1555.15836	1538.08373	1525.01541
2025-08-08T13:13:00Z	4948.00000	1555.29487	1538.21531	1525.09288
2025-08-08T13:13:00Z	4948.00000	1555.60215	1538.49669	1525.26064
2025-08-08T13:13:00Z	4948.00000	1555.82225	1538.70314	1525.37589
2025-08-08T13:13:00Z	4948.00000	1556.04611	1538.91370	1525.49875
2025-08-08T13:13:01Z	4948.00000	1556.36076	1539.20387	1525.66544
2025-08-08T13:13:01Z	4948.00000	1556.65760	1539.48080	1525.82307
2025-08-08T13:13:01Z	4948.00000	1556.90847	1539.71411	1525.95880
2025-08-08T13:13:01Z	4948.00000	1557.19860	1539.98770	1526.11549
2025-08-08T13:13:01Z	4949.00000	1557.66282	1540.42141	1526.36737
2025-08-08T13:13:01Z	4949.00000	1557.84884	1540.59544	1526.46850
2025-08-08T13:13:01Z	4949.00000	1558.06537	1540.79886	1526.58558
2025-08-08T13:13:01Z	4949.00000	1558.31121	1541.03156	1526.72008
2025-08-08T13:13:02Z	4949.00000	1558.55172	1541.26039	1526.85175
2025-08-08T13:13:02Z	4949.00000	1558.75350	1541.44982	1526.96423
2025-08-08T13:13:02Z	4949.00000	1558.97758	1541.66555	1527.08612
2025-08-08T13:13:02Z	4949.00000	1559.13128	1541.81222	1527.17245
2025-08-08T13:13:02Z	4949.00000	1559.34364	1542.01380	1527.28789
2025-08-08T13:13:02Z	4949.00000	1559.54905	1542.21057	1527.40403
2025-08-08T13:13:02Z	4950.00000	1559.68845	1542.34459	1527.47892
2025-08-08T13:13:02Z	4950.00000	1559.84617	1542.48932	1527.56702
2025-08-08T13:13:02Z	4950.00000	1559.96627	1542.60632	1527.63282
2025-08-08T13:13:02Z	4950.00000	1560.12367	1542.75749	1527.72091
2025-08-08T13:13:02Z	4950.00000	1560.24852	1542.87180	1527.79104
2025-08-08T13:13:03Z	4950.00000	1560.38157	1543.00072	1527.86557
2025-08-08T13:13:03Z	4950.00000	1560.50125	1543.11862	1527.93389
2025-08-08T13:13:03Z	4950.00000	1560.66044	1543.26410	1528.02321
2025-08-08T13:13:03Z	4950.00000	1560.66434	1543.25717	1528.02613
2025-08-08T13:13:03Z	4951.00000	1560.66636	1543.25483	1528.02696
2025-08-08T13:13:03Z	4951.00000	1560.66711	1543.25371	1528.02737
2025-08-08T13:13:03Z	4951.00000	1560.66803	1543.25247	1528.02817
2025-08-08T13:13:03Z	4951.00000	1560.66880	1543.25177	1528.02846
2025-08-08T13:13:04Z	4951.00000	1560.66949	1543.25129	1528.02903
2025-08-08T13:13:04Z	4951.00000	1560.66994	1543.25108	1528.02933
2025-08-08T13:13:04Z	4951.00000	1560.67062	1543.25076	1528.02975
2025-08-08T13:13:04Z	4951.00000	1560.67119	1543.25057	1528.03007
2025-08-08T13:13:04Z	4951.00000	1560.67149	1543.25010	1528.03033
2025-08-08T13:13:04Z	4951.00000	1560.67159	1543.25043	1528.03081
2025-08-08T13:13:04Z	4952.00000	1560.67229	1543.25051	1528.03105
2025-08-08T13:13:04Z	4952.00000	1560.67262	1543.25034	1528.03120
2025-08-08T13:13:04Z	4952.00000	1560.67311	1543.25003	1528.03154
2025-08-08T13:13:04Z	4952.00000	1560.67337	1543.25004	1528.03186
2025-08-08T13:13:05Z	4952.00000	1560.67392	1543.25008	1528.03212
2025-08-08T13:13:05Z	4952.00000	1560.67395	1543.25000	1528.03237
2025-08-08T13:13:05Z	4952.00000	1560.67453	1543.24993	1528.03281
2025-08-08T13:13:05Z	4952.00000	1560.67497	1543.25014	1528.03293
2025-08-08T13:13:05Z	4952.00000	1560.67514	1543.25022	1528.03322
2025-08-08T13:13:05Z	4953.00000	1559.74760	1542.28740	1527.52589
2025-08-08T13:13:05Z	4953.00000	1558.74584	1541.39140	1526.95613
2025-08-08T13:13:05Z	4953.00000	1558.31855	1541.00362	1526.72001
2025-08-08T13:13:05Z	4953.00000	1558.06096	1540.76752	1526.57999
2025-08-08T13:13:05Z	4953.00000	1557.81991	1540.54518	1526.44906
2025-08-08T13:13:06Z	4953.00000	1557.56821	1540.31353	1526.30940
2025-08-08T13:13:06Z	4953.00000	1557.32439	1540.09015	1526.17722
2025-08-08T13:13:06Z	4953.00000	1557.11976	1539.90492	1526.06878
2025-08-08T13:13:06Z	4953.00000	1556.92393	1539.72297	1525.96073
2025-08-08T13:13:06Z	4953.00000	1556.69990	1539.51725	1525.83963
2025-08-08T13:13:06Z	4954.00000	1556.47917	1539.31417	1525.71960
2025-08-08T13:13:06Z	4954.00000	1556.11359	1538.97924	1525.53035
2025-08-08T13:13:06Z	4954.00000	1555.90528	1538.78524	1525.42072
2025-08-08T13:13:07Z	4954.00000	1555.57888	1538.47909	1525.24633
2025-08-08T13:13:07Z	4954.00000	1555.41594	1538.33139	1525.15716
2025-08-08T13:13:07Z	4954.00000	1555.28254	1538.20875	1525.08813
2025-08-08T13:13:07Z	4954.00000	1555.22348	1538.15472	1525.05566
2025-08-08T13:13:07Z	4955.00000	1555.21617	1538.14610	1525.05117
2025-08-08T13:13:07Z	4955.00000	1555.21297	1538.14161	1525.04949
2025-08-08T13:13:07Z	4955.00000	1555.20878	1538.13842	1525.04767
2025-08-08T13:13:08Z	4955.00000	1555.20342	1538.13202	1525.04427
2025-08-08T13:13:08Z	4955.00000	1555.19934	1538.12743	1525.04150
2025-08-08T13:13:08Z	4955.00000	1555.19737	1538.12617	1525.04047
2025-08-08T13:13:08Z	4955.00000	1555.19512	1538.12377	1525.03913
2025-08-08T13:13:08Z	4955.00000	1555.19278	1538.12182	1525.03796
2025-08-08T13:13:08Z	4956.00000	1555.19161	1538.12011	1525.03729
2025-08-08T13:13:08Z	4956.00000	1555.19075	1538.11892	1525.03657
2025-08-08T13:13:08Z	4956.00000	1555.18951	1538.11759	1525.03587
2025-08-08T13:13:08Z	4956.00000	1555.18834	1538.11595	1525.03510
2025-08-08T13:13:08Z	4956.00000	1555.18693	1538.11461	1525.03417
2025-08-08T13:13:09Z	4956.00000	1555.18602	1538.11329	1525.03377
2025-08-08T13:13:09Z	4956.00000	1555.18430	1538.11176	1525.03269
2025-08-08T13:13:09Z	4956.00000	1555.18313	1538.11050	1525.03191
2025-08-08T13:13:09Z	4956.00000	1555.18176	1538.10895	1525.03101
2025-08-08T13:13:09Z	4956.00000	1555.18022	1538.10816	1525.03043
2025-08-08T13:13:09Z	4957.00000	1555.17895	1538.10729	1525.02960
2025-08-08T13:13:09Z	4957.00000	1555.17816	1538.10637	1525.02900
2025-08-08T13:13:09Z	4957.00000	1555.17721	1538.10521	1525.02818
2025-08-08T13:13:09Z	4957.00000	1555.17612	1538.10377	1525.02739
2025-08-08T13:13:10Z	4957.00000	1555.17529	1538.10263	1525.02677
2025-08-08T13:13:10Z	4957.00000	1555.17478	1538.10176	1525.02616
2025-08-08T13:13:10Z	4957.00000	1555.17433	1538.10082	1525.02557
2025-08-08T13:13:10Z	4957.00000	1555.17347	1538.10000	1525.02526
2025-08-08T13:13:10Z	4957.00000	1555.17266	1538.09886	1525.02470
2025-08-08T13:13:10Z	4957.00000	1555.17162	1538.09820	1525.02438
2025-08-08T13:13:10Z	4958.00000	1555.17141	1538.09757	1525.02405
2025-08-08T13:13:10Z	4958.00000	1555.17012	1538.09682	1525.02348
2025-08-08T13:13:10Z	4958.00000	1555.16889	1538.09605	1525.02304
2025-08-08T13:13:10Z	4958.00000	1555.16795	1538.09484	1525.02250
2025-08-08T13:13:11Z	4958.00000	1555.16685	1538.09444	1525.02198
2025-08-08T13:13:11Z	4958.00000	1555.16627	1538.09372	1525.02162
2025-08-08T13:13:11Z	4958.00000	1555.16488	1538.09277	1525.02069
2025-08-08T13:13:11Z	4958.00000	1555.16433	1538.09192	1525.02046
2025-08-08T13:13:11Z	4958.00000	1555.16350	1538.09125	1525.02002
2025-08-08T13:13:11Z	4959.00000	1555.16302	1538.09048	1525.01958
2025-08-08T13:13:11Z	4959.00000	1555.26644	1538.18787	1525.07611
2025-08-08T13:13:11Z	4959.00000	1555.49753	1538.40043	1525.19870
2025-08-08T13:13:11Z	4959.00000	1555.81058	1538.69232	1525.37119
2025-08-08T13:13:11Z	4959.00000	1556.12399	1538.98624	1525.53988
2025-08-08T13:13:12Z	4959.00000	1556.34579	1539.19132	1525.65871
2025-08-08T13:13:12Z	4959.00000	1556.59972	1539.42628	1525.79127
2025-08-08T13:13:12Z	4959.00000	1556.88685	1539.69424	1525.94737
2025-08-08T13:13:12Z	4959.00000	1557.16689	1539.95702	1526.09940
2025-08-08T13:13:12Z	4959.00000	1557.40081	1540.17632	1526.22696
2025-08-08T13:13:12Z	4960.00000	1557.66726	1540.42589	1526.37044
2025-08-08T13:13:12Z	4960.00000	1557.92195	1540.66401	1526.50710
2025-08-08T13:13:12Z	4960.00000	1558.10102	1540.83290	1526.60627
2025-08-08T13:13:12Z	4960.00000	1558.34476	1541.06273	1526.73859
2025-08-08T13:13:13Z	4960.00000	1558.58155	1541.28911	1526.86858
2025-08-08T13:13:13Z	4960.00000	1558.75079	1541.44820	1526.96344
2025-08-08T13:13:13Z	4960.00000	1558.91572	1541.60380	1527.05310
2025-08-08T13:13:13Z	4960.00000	1559.10570	1541.78627	1527.15874
2025-08-08T13:13:13Z	4960.00000	1559.32041	1541.99228	1527.27576
2025-08-08T13:13:13Z	4960.00000	1559.49936	1542.16373	1527.37718
2025-08-08T13:13:13Z	4961.00000	1559.72526	1542.38046	1527.50094
2025-08-08T13:13:13Z	4961.00000	1559.88220	1542.52859	1527.58820
2025-08-08T13:13:13Z	4961.00000	1560.02540	1542.65932	1527.66473
2025-08-08T13:13:13Z	4961.00000	1560.18196	1542.81032	1527.75351
2025-08-08T13:13:13Z	4961.00000	1560.28129	1542.90959	1527.81043
2025-08-08T13:13:14Z	4961.00000	1560.41544	1543.03403	1527.88651
2025-08-08T13:13:14Z	4961.00000	1560.50144	1543.11866	1527.93436
2025-08-08T13:13:14Z	4961.00000	1560.60151	1543.21327	1527.99064
2025-08-08T13:13:14Z	4961.00000	1560.66223	1543.26497	1528.02423
2025-08-08T13:13:14Z	4961.00000	1560.66537	1543.25890	1528.02637
2025-08-08T13:13:14Z	4962.00000	1560.66746	1543.25646	1528.02734
2025-08-08T13:13:14Z	4962.00000	1560.66875	1543.25462	1528.02833
2025-08-08T13:13:14Z	4962.00000	1560.66971	1543.25315	1528.02892
2025-08-08T13:13:14Z	4962.00000	1560.67047	1543.25271	1528.02930
2025-08-08T13:13:14Z	4962.00000	1560.67116	1543.25190	1528.02975
2025-08-08T13:13:15Z	4962.00000	1560.67121	1543.25226	1528.03023
2025-08-08T13:13:15Z	4962.00000	1560.67219	1543.25151	1528.03047
2025-08-08T13:13:15Z	4962.00000	1560.67265	1543.25182	1528.03086
2025-08-08T13:13:15Z	4962.00000	1560.67296	1543.25128	1528.03116
2025-08-08T13:13:15Z	4962.00000	1560.67338	1543.25132	1528.03153
2025-08-08T13:13:15Z	4963.00000	1560.67397	1543.25154	1528.03185
2025-08-08T13:13:15Z	4963.00000	1560.67445	1543.25063	1528.03207
2025-08-08T13:13:15Z	4963.00000	1560.67481	1543.25115	1528.03222
2025-08-08T13:13:15Z	4963.00000	1560.67493	1543.25097	1528.03249
2025-08-08T13:13:15Z	4963.00000	1560.67536	1543.25095	1528.03276
2025-08-08T13:13:16Z	4963.00000	1560.67590	1543.25129	1528.03305
2025-08-08T13:13:16Z	4963.00000	1560.67608	1543.25128	1528.03331
2025-08-08T13:13:16Z	4963.00000	1560.67616	1543.25112	1528.03342
2025-08-08T13:13:16Z	4963.00000	1560.67660	1543.25108	1528.03366
2025-08-08T13:13:16Z	4963.00000	1560.67674	1543.25089	1528.03374
2025-08-08T13:13:16Z	4964.00000	1559.47332	1542.04488	1527.36548
2025-08-08T13:13:16Z	4964.00000	1558.69278	1541.34445	1526.92697
2025-08-08T13:13:16Z	4964.00000	1558.33392	1541.01885	1526.73023
2025-08-08T13:13:16Z	4964.00000	1558.07485	1540.78138	1526.58842
2025-08-08T13:13:16Z	4964.00000	1557.83946	1540.56370	1526.45917
2025-08-08T13:13:17Z	4964.00000	1557.62053	1540.36487	1526.33890
2025-08-08T13:13:17Z	4964.00000	1557.37706	1540.13852	1526.20707
2025-08-08T13:13:17Z	4964.00000	1557.17343	1539.95310	1526.09588
2025-08-08T13:13:17Z	4964.00000	1556.94144	1539.73978	1525.97118
2025-08-08T13:13:17Z	4964.00000	1556.74683	1539.56068	1525.86672
2025-08-08T13:13:17Z	4965.00000	1556.52396	1539.35505	1525.74326
2025-08-08T13:13:17Z	4965.00000	1556.33626	1539.18345	1525.64806
2025-08-08T13:13:17Z	4965.00000	1556.18695	1539.04581	1525.56783
2025-08-08T13:13:17Z	4965.00000	1556.01264	1538.88591	1525.47861
2025-08-08T13:13:17Z	4965.00000	1555.81251	1538.69884	1525.36962
2025-08-08T13:13:18Z	4965.00000	1555.64846	1538.54543	1525.28425
2025-08-08T13:13:18Z	4965.00000	1555.46199	1538.37317	1525.18186
2025-08-08T13:13:18Z	4965.00000	1555.29731	1538.22309	1525.09665
2025-08-08T13:13:18Z	4965.00000	1555.23198	1538.16238	1525.06069
2025-08-08T13:13:18Z	4965.00000	1555.22484	1538.15611	1525.05780
2025-08-08T13:13:18Z	4966.00000	1555.22140	1538.15274	1525.05541
2025-08-08T13:13:18Z	4966.00000	1555.21763	1538.14801	1525.05278
2025-08-08T13:13:18Z	4966.00000	1555.21296	1538.14242	1525.05022
2025-08-08T13:13:18Z	4966.00000	1555.20958	1538.13948	1525.04849
2025-08-08T13:13:19Z	4966.00000	1555.20746	1538.13712	1525.04747
2025-08-08T13:13:19Z	4966.00000	1555.20576	1538.13515	1525.04655
2025-08-08T13:13:19Z	4966.00000	1555.20412	1538.13297	1525.04517
2025-08-08T13:13:19Z	4966.00000	1555.20236	1538.13080	1525.04404
2025-08-08T13:13:19Z	4966.00000	1555.20040	1538.12872	1525.04256
2025-08-08T13:13:19Z	4966.00000	1555.19798	1538.12673	1525.04127
2025-08-08T13:13:19Z	4967.00000	1555.19610	1538.12528	1525.04021
2025-08-08T13:13:19Z	4967.00000	1555.19427	1538.12337	1525.03923
2025-08-08T13:13:19Z	4967.00000	1555.19311	1538.12198	1525.03843
2025-08-08T13:13:19Z	4967.00000	1555.19157	1538.12052	1525.03771
2025-08-08T13:13:20Z	4967.00000	1555.19061	1538.11879	1525.03683
2025-08-08T13:13:20Z	4967.00000	1555.19019	1538.11851	1525.03675
2025-08-08T13:13:20Z	4967.00000	1555.18879	1538.11675	1525.03557
2025-08-08T13:13:20Z	4967.00000	1555.18741	1538.11478	1525.03477
2025-08-08T13:13:20Z	4967.00000	1555.18636	1538.11408	1525.03405
2025-08-08T13:13:20Z	4967.00000	1555.18484	1538.11296	1525.03331
2025-08-08T13:13:20Z	4968.00000	1555.18361	1538.11154	1525.03262
2025-08-08T13:13:20Z	4968.00000	1555.18301	1538.11044	1525.03205
2025-08-08T13:13:20Z	4968.00000	1555.18198	1538.10997	1525.03148
2025-08-08T13:13:20Z	4968.00000	1555.18056	1538.10879	1525.03079
2025-08-08T13:13:20Z	4968.00000	1555.17947	1538.10796	1525.03024
2025-08-08T13:13:21Z	4968.00000	1555.17857	1538.10691	1525.02953
2025-08-08T13:13:21Z	4968.00000	1555.17774	1538.10612	1525.02893
2025-08-08T13:13:21Z	4968.00000	1555.17687	1538.10509	1525.02844
2025-08-08T13:13:21Z	4968.00000	1555.17636	1538.10420	1525.02775
2025-08-08T13:13:21Z	4968.00000	1555.17561	1538.10305	1525.02718
2025-08-08T13:13:21Z	4969.00000	1555.17454	1538.10225	1525.02665
2025-08-08T13:13:21Z	4969.00000	1555.17452	1538.10123	1525.02624
2025-08-08T13:13:21Z	4969.00000	1555.17378	1538.10007	1525.02569
2025-08-08T13:13:21Z	4969.00000	1555.17264	1538.09940	1525.02536
2025-08-08T13:13:22Z	4969.00000	1555.17211	1538.09880	1525.02496
2025-08-08T13:13:22Z	4969.00000	1555.17162	1538.09833	1525.02445
2025-08-08T13:13:22Z	4969.00000	1555.17083	1538.09763	1525.02406
2025-08-08T13:13:22Z	4969.00000	1555.17001	1538.09717	1525.02375
2025-08-08T13:13:22Z	4969.00000	1555.16926	1538.09614	1525.02334
2025-08-08T13:13:22Z	4969.00000	1555.16852	1538.09571	1525.02286
2025-08-08T13:13:22Z	4970.00000	1555.16787	1538.09523	1525.02289
2025-08-08T13:13:22Z	4970.00000	1555.23690	1538.16332	1525.06355
2025-08-08T13:13:22Z	4970.00000	1555.51830	1538.42079	1525.21395
2025-08-08T13:13:22Z	4970.00000	1555.82997	1538.71153	1525.38097
2025-08-08T13:13:22Z	4970.00000	1556.09877	1538.96443	1525.52755
2025-08-08T13:13:23Z	4970.00000	1556.41540	1539.25829	1525.69498
2025-08-08T13:13:23Z	4970.00000	1556.71111	1539.53088	1525.85387
2025-08-08T13:13:23Z	4970.00000	1556.91094	1539.71700	1525.96113
2025-08-08T13:13:23Z	4970.00000	1557.10994	1539.90522	1526.07078
2025-08-08T13:13:23Z	4970.00000	1557.38739	1540.16404	1526.21985
2025-08-08T13:13:23Z	4971.00000	1557.61399	1540.37782	1526.34119
2025-08-08T13:13:23Z	4971.00000	1557.87302	1540.61879	1526.48172
2025-08-08T13:13:23Z	4971.00000	1558.05265	1540.78822	1526.57957
2025-08-08T13:13:23Z	4971.00000	1558.30114	1541.02331	1526.71553
2025-08-08T13:13:24Z	4971.00000	1558.54079	1541.25054	1526.84707
2025-08-08T13:13:24Z	4971.00000	1558.77635	1541.47373	1526.97827
2025-08-08T13:13:24Z	4971.00000	1558.93610	1541.62663	1527.06491
2025-08-08T13:13:24Z	4971.00000	1559.15607	1541.83639	1527.18675
2025-08-08T13:13:24Z	4971.00000	1559.36676	1542.03667	1527.30293
2025-08-08T13:13:24Z	4971.00000	1559.54222	1542.20622	1527.40162
2025-08-08T13:13:24Z	4972.00000	1559.68141	1542.33942	1527.47662
2025-08-08T13:13:24Z	4972.00000	1559.86605	1542.50938	1527.57981
2025-08-08T13:13:24Z	4972.00000	1560.03301	1542.66805	1527.66977
2025-08-08T13:13:24Z	4972.00000	1560.14341	1542.77711	1527.73370
2025-08-08T13:13:25Z	4972.00000	1560.29233	1542.92001	1527.81781
2025-08-08T13:13:25Z	4972.00000	1560.42447	1543.04321	1527.89223
2025-08-08T13:13:25Z	4972.00000	1560.53991	1543.15550	1527.95699
2025-08-08T13:13:25Z	4972.00000	1560.62057	1543.23101	1528.00152
2025-08-08T13:13:25Z	4972.00000	1560.66379	1543.26566	1528.02563
2025-08-08T13:13:25Z	4972.00000	1560.66751	1543.25896	1528.02768
2025-08-08T13:13:25Z	4973.00000	1560.66926	1543.25718	1528.02887
2025-08-08T13:13:25Z	4973.00000	1560.67009	1543.25616	1528.02929
2025-08-08T13:13:25Z	4973.00000	1560.67081	1543.25518	1528.02970
2025-08-08T13:13:25Z	4973.00000	1560.67209	1543.25388	1528.03058
2025-08-08T13:13:26Z	4973.00000	1560.67255	1543.25330	1528.03100
2025-08-08T13:13:26Z	4973.00000	1560.67323	1543.25308	1528.03145
2025-08-08T13:13:26Z	4973.00000	1560.67352	1543.25314	1528.03176
2025-08-08T13:13:26Z	4973.00000	1560.67431	1543.25279	1528.03210
2025-08-08T13:13:26Z	4973.00000	1560.67464	1543.25258	1528.03239
2025-08-08T13:13:26Z	4974.00000	1560.67477	1543.25302	1528.03270
2025-08-08T13:13:26Z	4974.00000	1560.67521	1543.25305	1528.03305
2025-08-08T13:13:26Z	4974.00000	1560.67538	1543.25286	1528.03315
2025-08-08T13:13:26Z	4974.00000	1560.67574	1543.25298	1528.03351
2025-08-08T13:13:26Z	4974.00000	1560.67637	1543.25269	1528.03358
2025-08-08T13:13:27Z	4974.00000	1560.67631	1543.25300	1528.03381
2025-08-08T13:13:27Z	4974.00000	1560.67674	1543.25312	1528.03394
2025-08-08T13:13:27Z	4974.00000	1560.67698	1543.25314	1528.03449
2025-08-08T13:13:27Z	4974.00000	1560.67744	1543.25318	1528.03468
2025-08-08T13:13:27Z	4975.00000	1559.34140	1541.92630	1527.28904
2025-08-08T13:13:27Z	4975.00000	1558.66651	1541.32299	1526.91205
2025-08-08T13:13:27Z	4975.00000	1558.27268	1540.96432	1526.69651
2025-08-08T13:13:27Z	4975.00000	1557.98270	1540.69363	1526.53659
2025-08-08T13:13:28Z	4975.00000	1557.74970	1540.48253	1526.41243
2025-08-08T13:13:28Z	4975.00000	1557.53447	1540.28368	1526.29199
2025-08-08T13:13:28Z	4975.00000	1557.36037	1540.12406	1526.19832
2025-08-08T13:13:28Z	4975.00000	1557.15445	1539.93710	1526.08726
2025-08-08T13:13:28Z	4975.00000	1556.76119	1539.57446	1525.87456
2025-08-08T13:13:28Z	4976.00000	1556.57178	1539.39964	1525.76955
2025-08-08T13:13:28Z	4976.00000	1556.38746	1539.23102	1525.67506
2025-08-08T13:13:28Z	4976.00000	1556.17119	1539.03228	1525.55978
2025-08-08T13:13:28Z	4976.00000	1555.96689	1538.84159	1525.45490
2025-08-08T13:13:29Z	4976.00000	1555.76986	1538.65860	1525.34857
2025-08-08T13:13:29Z	4976.00000	1555.58375	1538.48497	1525.24986
2025-08-08T13:13:29Z	4976.00000	1555.44966	1538.36279	1525.17575
2025-08-08T13:13:29Z	4976.00000	1555.26334	1538.19228	1525.07875
2025-08-08T13:13:29Z	4976.00000	1555.23332	1538.16427	1525.06170
2025-08-08T13:13:29Z	4977.00000	1555.22498	1538.15644	1525.05824
2025-08-08T13:13:29Z	4977.00000	1555.22137	1538.15246	1525.05596
2025-08-08T13:13:29Z	4977.00000	1555.21816	1538.14885	1525.05348
2025-08-08T13:13:29Z	4977.00000	1555.21553	1538.14577	1525.05181
2025-08-08T13:13:30Z	4977.00000	1555.21230	1538.14148	1525.05004
2025-08-08T13:13:30Z	4977.00000	1555.20856	1538.13901	1525.04835
2025-08-08T13:13:30Z	4977.00000	1555.20688	1538.13664	1525.04747
2025-08-08T13:13:30Z	4977.00000	1555.20514	1538.13436	1525.04623
2025-08-08T13:13:30Z	4977.00000	1555.20330	1538.13213	1525.04506
2025-08-08T13:13:30Z	4977.00000	1555.20226	1538.13089	1525.04409
2025-08-08T13:13:30Z	4978.00000	1555.20041	1538.12921	1525.04312
2025-08-08T13:13:30Z	4978.00000	1555.19847	1538.12758	1525.04182
2025-08-08T13:13:30Z	4978.00000	1555.19691	1538.12560	1525.04095
2025-08-08T13:13:30Z	4978.00000	1555.19506	1538.12457	1525.03991
2025-08-08T13:13:31Z	4978.00000	1555.19371	1538.12290	1525.03900
2025-08-08T13:13:31Z	4978.00000	1555.19158	1538.12048	1525.03780
2025-08-08T13:13:31Z	4978.00000	1555.19132	1538.12011	1525.03780
2025-08-08T13:13:31Z	4978.00000	1555.19025	1538.11839	1525.03683
2025-08-08T13:13:31Z	4978.00000	1555.18855	1538.11609	1525.03569
2025-08-08T13:13:31Z	4979.00000	1555.18771	1538.11522	1525.03489
2025-08-08T13:13:31Z	4979.00000	1555.18663	1538.11430	1525.03449
2025-08-08T13:13:31Z	4979.00000	1555.18544	1538.11317	1525.03395
2025-08-08T13:13:31Z	4979.00000	1555.18439	1538.11217	1525.03326
2025-08-08T13:13:31Z	4979.00000	1555.18334	1538.11130	1525.03268
2025-08-08T13:13:32Z	4979.00000	1555.18241	1538.11018	1525.03211
2025-08-08T13:13:32Z	4979.00000	1555.18113	1538.10951	1525.03133
2025-08-08T13:13:32Z	4979.00000	1555.18016	1538.10836	1525.03084
2025-08-08T13:13:32Z	4979.00000	1555.17896	1538.10759	1525.03015
2025-08-08T13:13:32Z	4979.00000	1555.17821	1538.10667	1525.02969
2025-08-08T13:13:32Z	4980.00000	1555.17760	1538.10599	1525.02941
2025-08-08T13:13:32Z	4980.00000	1555.17695	1538.10512	1525.02867
2025-08-08T13:13:32Z	4980.00000	1555.17569	1538.10354	1525.02773
2025-08-08T13:13:32Z	4980.00000	1555.17503	1538.10281	1525.02714
2025-08-08T13:13:33Z	4980.00000	1555.17494	1538.10194	1525.02671
2025-08-08T13:13:33Z	4980.00000	1555.17344	1538.10008	1525.02589
2025-08-08T13:13:33Z	4980.00000	1555.17296	1538.09961	1525.02550
2025-08-08T13:13:33Z	4980.00000	1555.17242	1538.09913	1525.02518
2025-08-08T13:13:33Z	4981.00000	1555.17169	1538.09856	1525.02480
2025-08-08T13:13:33Z	4981.00000	1555.25799	1538.18257	1525.07157
2025-08-08T13:13:33Z	4981.00000	1555.53682	1538.43803	1525.22507
2025-08-08T13:13:33Z	4981.00000	1555.80367	1538.68676	1525.36889
2025-08-08T13:13:33Z	4981.00000	1556.07263	1538.94025	1525.51381
2025-08-08T13:13:34Z	4981.00000	1556.33744	1539.18426	1525.65470
2025-08-08T13:13:34Z	4981.00000	1556.63242	1539.45857	1525.81052
2025-08-08T13:13:34Z	4981.00000	1556.95748	1539.76136	1525.98797
2025-08-08T13:13:34Z	4981.00000	1557.19753	1539.98823	1526.11606
2025-08-08T13:13:34Z	4981.00000	1557.46867	1540.24069	1526.26406
2025-08-08T13:13:34Z	4982.00000	1557.73370	1540.48814	1526.40831
2025-08-08T13:13:34Z	4982.00000	1557.91504	1540.65803	1526.50432
2025-08-08T13:13:34Z	4982.00000	1558.33903	1541.05735	1526.73573
2025-08-08T13:13:34Z	4982.00000	1558.51269	1541.22132	1526.83186
2025-08-08T13:13:35Z	4982.00000	1558.71285	1541.41062	1526.94219
2025-08-08T13:13:35Z	4982.00000	1558.90630	1541.59581	1527.04885
2025-08-08T13:13:35Z	4982.00000	1559.13421	1541.81745	1527.17594
2025-08-08T13:13:35Z	4982.00000	1559.35067	1542.02148	1527.29400
2025-08-08T13:13:35Z	4983.00000	1559.72148	1542.37806	1527.49997
2025-08-08T13:13:35Z	4983.00000	1559.87736	1542.52589	1527.58696
2025-08-08T13:13:35Z	4983.00000	1560.02524	1542.66057	1527.66605
2025-08-08T13:13:35Z	4983.00000	1560.16402	1542.79412	1527.74446
2025-08-08T13:13:35Z	4983.00000	1560.29085	1542.91895	1527.81772
2025-08-08T13:13:36Z	4983.00000	1560.40787	1543.02704	1527.88270
2025-08-08T13:13:36Z	4983.00000	1560.51125	1543.12877	1527.94138
2025-08-08T13:13:36Z	4983.00000	1560.60937	1543.22055	1527.99503
2025-08-08T13:13:36Z	4983.00000	1560.66464	1543.26696	1528.02594
2025-08-08T13:13:36Z	4983.00000	1560.66832	1543.26059	1528.02813
2025-08-08T13:13:36Z	4984.00000	1560.67017	1543.25769	1528.02932
2025-08-08T13:13:36Z	4984.00000	1560.67113	1543.25673	1528.02998
2025-08-08T13:13:36Z	4984.00000	1560.67161	1543.25558	1528.03054
2025-08-08T13:13:37Z	4984.00000	1560.67331	1543.25449	1528.03134
2025-08-08T13:13:37Z	4984.00000	1560.67388	1543.25423	1528.03165
2025-08-08T13:13:37Z	4984.00000	1560.67434	1543.25395	1528.03196
2025-08-08T13:13:37Z	4984.00000	1560.67492	1543.25403	1528.03230
2025-08-08T13:13:37Z	4984.00000	1560.67556	1543.25349	1528.03260
2025-08-08T13:13:37Z	4984.00000	1560.67553	1543.25336	1528.03292
2025-08-08T13:13:37Z	4985.00000	1560.67624	1543.25345	1528.03335
2025-08-08T13:13:37Z	4985.00000	1560.67661	1543.25351	1528.03348
2025-08-08T13:13:37Z	4985.00000	1560.67679	1543.25361	1528.03388
2025-08-08T13:13:37Z	4985.00000	1560.67736	1543.25322	1528.03408
2025-08-08T13:13:38Z	4985.00000	1560.67741	1543.25343	1528.03436
2025-08-08T13:13:38Z	4985.00000	1560.67789	1543.25331	1528.03473
2025-08-08T13:13:38Z	4985.00000	1560.67800	1543.25334	1528.03483
2025-08-08T13:13:38Z	4985.00000	1560.67830	1543.25344	1528.03505
2025-08-08T13:13:38Z	4985.00000	1560.67823	1543.25335	1528.03527
2025-08-08T13:13:38Z	4986.00000	1559.48723	1542.05846	1527.37582
2025-08-08T13:13:38Z	4986.00000	1558.63081	1541.29432	1526.89721
2025-08-08T13:13:38Z	4986.00000	1558.25585	1540.94873	1526.68766
2025-08-08T13:13:38Z	4986.00000	1558.05004	1540.75926	1526.57456
2025-08-08T13:13:38Z	4986.00000	1557.85382	1540.57830	1526.46814
2025-08-08T13:13:39Z	4986.00000	1557.59456	1540.34245	1526.32603
2025-08-08T13:13:39Z	4986.00000	1557.34894	1540.11395	1526.19252
2025-08-08T13:13:39Z	4986.00000	1557.11196	1539.89941	1526.06566
2025-08-08T13:13:39Z	4986.00000	1556.91395	1539.71529	1525.95678
2025-08-08T13:13:39Z	4986.00000	1556.71884	1539.53583	1525.85148
2025-08-08T13:13:39Z	4987.00000	1556.49632	1539.33162	1525.73001
2025-08-08T13:13:39Z	4987.00000	1556.34342	1539.19070	1525.65293
2025-08-08T13:13:39Z	4987.00000	1556.16300	1539.02522	1525.55628
2025-08-08T13:13:39Z	4987.00000	1555.95992	1538.83587	1525.45134
2025-08-08T13:13:40Z	4987.00000	1555.78916	1538.67670	1525.35811
2025-08-08T13:13:40Z	4987.00000	1555.62589	1538.52474	1525.27291
2025-08-08T13:13:40Z	4987.00000	1555.46361	1538.37578	1525.18334
2025-08-08T13:13:40Z	4987.00000	1555.30198	1538.22793	1525.10002
2025-08-08T13:13:40Z	4987.00000	1555.23806	1538.17006	1525.06556
2025-08-08T13:13:40Z	4987.00000	1555.23205	1538.16291	1525.06159
2025-08-08T13:13:40Z	4988.00000	1555.22771	1538.15907	1525.05971
2025-08-08T13:13:40Z	4988.00000	1555.22361	1538.15555	1525.05782
2025-08-08T13:13:40Z	4988.00000	1555.22088	1538.15251	1525.05557
2025-08-08T13:13:40Z	4988.00000	1555.21811	1538.14899	1525.05377
2025-08-08T13:13:40Z	4988.00000	1555.21561	1538.14639	1525.05227
2025-08-08T13:13:41Z	4988.00000	1555.21253	1538.14221	1525.05060
2025-08-08T13:13:41Z	4988.00000	1555.20970	1538.13947	1525.04929
2025-08-08T13:13:41Z	4988.00000	1555.20755	1538.13791	1525.04822
2025-08-08T13:13:41Z	4988.00000	1555.20611	1538.13640	1525.04718
2025-08-08T13:13:41Z	4988.00000	1555.20476	1538.13454	1525.04629
2025-08-08T13:13:41Z	4989.00000	1555.20373	1538.13240	1525.04527
2025-08-08T13:13:41Z	4989.00000	1555.20195	1538.13046	1525.04430
2025-08-08T13:13:41Z	4989.00000	1555.20037	1538.12926	1525.04341
2025-08-08T13:13:41Z	4989.00000	1555.19862	1538.12793	1525.04250
2025-08-08T13:13:41Z	4989.00000	1555.19703	1538.12646	1525.04146
2025-08-08T13:13:42Z	4989.00000	1555.19615	1538.12542	1525.04119
2025-08-08T13:13:42Z	4989.00000	1555.19384	1538.12273	1525.03972
2025-08-08T13:13:42Z	4989.00000	1555.19262	1538.12202	1525.03881
2025-08-08T13:13:42Z	4989.00000	1555.19195	1538.12097	1525.03841
2025-08-08T13:13:42Z	4989.00000	1555.19086	1538.11944	1525.03765
2025-08-08T13:13:42Z	4990.00000	1555.18993	1538.11799	1525.03682
2025-08-08T13:13:42Z	4990.00000	1555.18906	1538.11727	1525.03639
2025-08-08T13:13:42Z	4990.00000	1555.18808	1538.11625	1525.03583
2025-08-08T13:13:42Z	4990.00000	1555.18704	1538.11456	1525.03502
2025-08-08T13:13:43Z	4990.00000	1555.18580	1538.11430	1525.03452
2025-08-08T13:13:43Z	4990.00000	1555.18391	1538.11182	1525.03317
2025-08-08T13:13:43Z	4990.00000	1555.18312	1538.11108	1525.03286
2025-08-08T13:13:43Z	4990.00000	1555.18249	1538.11053	1525.03236
2025-08-08T13:13:43Z	4990.00000	1555.18166	1538.10973	1525.03204
2025-08-08T13:13:43Z	4991.00000	1555.18070	1538.10892	1525.03148
2025-08-08T13:13:43Z	4991.00000	1555.17971	1538.10868	1525.03113
2025-08-08T13:13:43Z	4991.00000	1555.17887	1538.10766	1525.03031
2025-08-08T13:13:43Z	4991.00000	1555.17796	1538.10687	1525.03001
2025-08-08T13:13:44Z	4991.00000	1555.17731	1538.10588	1525.02957
2025-08-08T13:13:44Z	4991.00000	1555.17675	1538.10509	1525.02900
2025-08-08T13:13:44Z	4991.00000	1555.17619	1538.10443	1525.02835
2025-08-08T13:13:44Z	4991.00000	1555.17563	1538.10337	1525.02781
2025-08-08T13:13:44Z	4992.00000	1555.17436	1538.10195	1525.02702
2025-08-08T13:13:44Z	4992.00000	1555.17371	1538.10135	1525.02669
2025-08-08T13:13:44Z	4992.00000	1555.28464	1538.20601	1525.08880
2025-08-08T13:13:44Z	4992.00000	1555.55991	1538.45934	1525.23577
2025-08-08T13:13:44Z	4992.00000	1555.88732	1538.76725	1525.41463
2025-08-08T13:13:45Z	4992.00000	1556.19314	1539.05113	1525.57721
2025-08-08T13:13:45Z	4992.00000	1556.41084	1539.25485	1525.69354
2025-08-08T13:13:45Z	4992.00000	1556.66564	1539.48958	1525.82965
2025-08-08T13:13:45Z	4992.00000	1556.90730	1539.71452	1525.95996
2025-08-08T13:13:45Z	4992.00000	1557.10816	1539.90459	1526.07077
2025-08-08T13:13:45Z	4992.00000	1557.41952	1540.19532	1526.23859
2025-08-08T13:13:45Z	4993.00000	1557.72114	1540.47633	1526.40203
2025-08-08T13:13:45Z	4993.00000	1557.90432	1540.64806	1526.49899
2025-08-08T13:13:45Z	4993.00000	1558.15504	1540.88235	1526.63603
2025-08-08T13:13:45Z	4993.00000	1558.39664	1541.11392	1526.76884
2025-08-08T13:13:46Z	4993.00000	1558.56843	1541.27713	1526.86266
2025-08-08T13:13:46Z	4993.00000	1558.76904	1541.46764	1526.97501
2025-08-08T13:13:46Z	4993.00000	1558.93212	1541.62299	1527.06333
2025-08-08T13:13:46Z	4993.00000	1559.12131	1541.80543	1527.16904
2025-08-08T13:13:46Z	4993.00000	1559.30677	1541.98191	1527.27057
2025-08-08T13:13:46Z	4993.00000	1559.51652	1542.18177	1527.38818
2025-08-08T13:13:46Z	4994.00000	1559.71191	1542.36841	1527.49495
2025-08-08T13:13:46Z	4994.00000	1559.89266	1542.54064	1527.59560
2025-08-08T13:13:46Z	4994.00000	1560.03965	1542.67540	1527.67438
2025-08-08T13:13:46Z	4994.00000	1560.18007	1542.80938	1527.75397
2025-08-08T13:13:47Z	4994.00000	1560.32752	1542.95151	1527.83689
2025-08-08T13:13:47Z	4994.00000	1560.49550	1543.11387	1527.93280
2025-08-08T13:13:47Z	4994.00000	1560.61205	1543.22311	1527.99726
2025-08-08T13:13:47Z	4994.00000	1560.66520	1543.26777	1528.02664
2025-08-08T13:13:47Z	4994.00000	1560.66895	1543.26081	1528.02881
2025-08-08T13:13:47Z	4995.00000	1560.67087	1543.25908	1528.02979
2025-08-08T13:13:47Z	4995.00000	1560.67157	1543.25713	1528.03057
2025-08-08T13:13:47Z	4995.00000	1560.67252	1543.25625	1528.03096
2025-08-08T13:13:47Z	4995.00000	1560.67351	1543.25577	1528.03141
2025-08-08T13:13:47Z	4995.00000	1560.67378	1543.25534	1528.03172
2025-08-08T13:13:48Z	4995.00000	1560.67402	1543.25499	1528.03199
2025-08-08T13:13:48Z	4995.00000	1560.67535	1543.25455	1528.03274
2025-08-08T13:13:48Z	4995.00000	1560.67600	1543.25449	1528.03301
2025-08-08T13:13:48Z	4995.00000	1560.67627	1543.25401	1528.03340
2025-08-08T13:13:48Z	4996.00000	1560.67654	1543.25415	1528.03355
2025-08-08T13:13:48Z	4996.00000	1560.67695	1543.25394	1528.03388
2025-08-08T13:13:48Z	4996.00000	1560.67696	1543.25394	1528.03403
2025-08-08T13:13:48Z	4996.00000	1560.67749	1543.25415	1528.03421
2025-08-08T13:13:48Z	4996.00000	1560.67790	1543.25438	1528.03447
2025-08-08T13:13:48Z	4996.00000	1560.67794	1543.25419	1528.03476
2025-08-08T13:13:49Z	4996.00000	1560.67809	1543.25415	1528.03497
2025-08-08T13:13:49Z	4996.00000	1560.67846	1543.25396	1528.03530
2025-08-08T13:13:49Z	4996.00000	1560.67852	1543.25402	1528.03534
2025-08-08T13:13:49Z	4996.00000	1560.67872	1543.25429	1528.03576
2025-08-08T13:13:49Z	4996.00000	1560.67919	1543.25436	1528.03586
2025-08-08T13:13:49Z	4997.00000	1559.39018	1541.97381	1527.31532
2025-08-08T13:13:49Z	4997.00000	1558.68115	1541.33645	1526.92141
2025-08-08T13:13:49Z	4997.00000	1558.33118	1541.01814	1526.73072
2025-08-08T13:13:49Z	4997.00000	1558.07202	1540.78047	1526.58889
2025-08-08T13:13:50Z	4997.00000	1557.76536	1540.49817	1526.42221
2025-08-08T13:13:50Z	4997.00000	1557.51531	1540.26759	1526.28313
2025-08-08T13:13:50Z	4997.00000	1557.34168	1540.10752	1526.18907
2025-08-08T13:13:50Z	4997.00000	1557.17415	1539.95555	1526.09817
2025-08-08T13:13:50Z	4997.00000	1556.97451	1539.77028	1525.99024
2025-08-08T13:13:50Z	4997.00000	1556.78144	1539.59408	1525.88577
2025-08-08T13:13:50Z	4998.00000	1556.52817	1539.36029	1525.74681
2025-08-08T13:13:50Z	4998.00000	1556.34437	1539.19262	1525.65395
2025-08-08T13:13:50Z	4998.00000	1556.14028	1539.00472	1525.54465
2025-08-08T13:13:50Z	4998.00000	1555.93525	1538.81410	1525.43896
2025-08-08T13:13:50Z	4998.00000	1555.79596	1538.68372	1525.36236
2025-08-08T13:13:51Z	4998.00000	1555.63101	1538.53029	1525.27599
2025-08-08T13:13:51Z	4998.00000	1555.44674	1538.36061	1525.17496
2025-08-08T13:13:51Z	4998.00000	1555.28711	1538.21463	1525.09264
2025-08-08T13:13:51Z	4998.00000	1555.24112	1538.17249	1525.06815
2025-08-08T13:13:51Z	4998.00000	1555.23523	1538.16699	1525.06410
2025-08-08T13:13:51Z	4999.00000	1555.23023	1538.16131	1525.06127
2025-08-08T13:13:51Z	4999.00000	1555.22591	1538.15782	1525.05954
2025-08-08T13:13:51Z	4999.00000	1555.22117	1538.15323	1525.05683
2025-08-08T13:13:52Z	4999.00000	1555.21654	1538.14730	1525.05326
2025-08-08T13:13:52Z	4999.00000	1555.21443	1538.14547	1525.05219
2025-08-08T13:13:52Z	4999.00000	1555.21180	1538.14205	1525.05099
2025-08-08T13:13:52Z	4999.00000	1555.20993	1538.14059	1525.04988
2025-08-08T13:13:52Z	4999.00000	1555.20821	1538.13892	1525.04891
2025-08-08T13:13:52Z	4999.00000	1555.20643	1538.13672	1525.04794
2025-08-08T13:13:52Z	5000.00000	1555.20496	1538.13482	1525.04692
2025-08-08T13:13:52Z	5000.00000	1555.20373	1538.13334	1525.04615
2025-08-08T13:13:52Z	5000.00000	1555.20246	1538.13142	1525.04510
2025-08-08T13:13:52Z	5000.00000	1555.20137	1538.13000	1525.04423
2025-08-08T13:13:53Z	5000.00000	1555.19894	1538.12827	1525.04276
2025-08-08T13:13:53Z	5000.00000	1555.19731	1538.12690	1525.04212
2025-08-08T13:13:53Z	5000.00000	1555.19625	1538.12575	1525.04140
2025-08-08T13:13:53Z	5000.00000	1555.19504	1538.12449	1525.04070
2025-08-08T13:13:53Z	5000.00000	1555.19372	1538.12360	1525.04013
2025-08-08T13:13:53Z	5000.00000	1555.19282	1538.12259	1525.03936
2025-08-08T13:13:53Z	5001.00000	1555.19156	1538.12101	1525.03867
2025-08-08T13:13:53Z	5001.00000	1555.19090	1538.11960	1525.03805
2025-08-08T13:13:53Z	5001.00000	1555.18983	1538.11844	1525.03733
2025-08-08T13:13:53Z	5001.00000	1555.18928	1538.11742	1525.03679
2025-08-08T13:13:54Z	5001.00000	1555.18834	1538.11658	1525.03624
2025-08-08T13:13:54Z	5001.00000	1555.18762	1538.11588	1525.03599
2025-08-08T13:13:54Z	5001.00000	1555.18648	1538.11462	1525.03531
2025-08-08T13:13:54Z	5001.00000	1555.18553	1538.11418	1525.03461
2025-08-08T13:13:54Z	5001.00000	1555.18472	1538.11341	1525.03429
2025-08-08T13:13:54Z	5001.00000	1555.18384	1538.11200	1525.03351
2025-08-08T13:13:54Z	5002.00000	1555.18278	1538.11125	1525.03303
2025-08-08T13:13:54Z	5002.00000	1555.18248	1538.11103	1525.03310
2025-08-08T13:13:54Z	5002.00000	1555.18163	1538.10982	1525.03234
2025-08-08T13:13:54Z	5002.00000	1555.18056	1538.10926	1525.03193
2025-08-08T13:13:54Z	5002.00000	1555.17984	1538.10875	1525.03137
2025-08-08T13:13:55Z	5002.00000	1555.17897	1538.10794	1525.03089
2025-08-08T13:13:55Z	5002.00000	1555.17815	1538.10727	1525.03050
2025-08-08T13:13:55Z	5002.00000	1555.17766	1538.10642	1525.02996
2025-08-08T13:13:55Z	5002.00000	1555.17689	1538.10560	1525.02947
2025-08-08T13:13:55Z	5002.00000	1555.17647	1538.10507	1525.02903
2025-08-08T13:13:55Z	5003.00000	1555.17621	1538.10447	1525.02864
2025-08-08T13:13:55Z	5003.00000	1555.20025	1538.12713	1525.03900
2025-08-08T13:13:55Z	5003.00000	1555.55387	1538.45368	1525.23310
2025-08-08T13:13:55Z	5003.00000	1555.82680	1538.71057	1525.38241
2025-08-08T13:13:55Z	5003.00000	1556.09474	1538.96180	1525.52689
2025-08-08T13:13:56Z	5003.00000	1556.40313	1539.24773	1525.69007
2025-08-08T13:13:56Z	5003.00000	1556.65755	1539.48265	1525.82501
2025-08-08T13:13:56Z	5003.00000	1556.98583	1539.78779	1526.00401
2025-08-08T13:13:56Z	5003.00000	1557.25990	1540.04702	1526.15079
2025-08-08T13:13:56Z	5003.00000	1557.45495	1540.22762	1526.25778
2025-08-08T13:13:56Z	5004.00000	1557.68625	1540.44469	1526.38267
2025-08-08T13:13:56Z	5004.00000	1557.90830	1540.65218	1526.50131
2025-08-08T13:13:56Z	5004.00000	1558.15944	1540.88920	1526.63887
2025-08-08T13:13:56Z	5004.00000	1558.33496	1541.05319	1526.73395
2025-08-08T13:13:56Z	5004.00000	1558.50744	1541.21698	1526.82957
2025-08-08T13:13:57Z	5004.00000	1558.74391	1541.44347	1526.96039
2025-08-08T13:13:57Z	5004.00000	1558.94231	1541.63325	1527.06889
2025-08-08T13:13:57Z	5004.00000	1559.13707	1541.82101	1527.17783
2025-08-08T13:13:57Z	5004.00000	1559.35170	1542.02229	1527.29492
2025-08-08T13:13:57Z	5004.00000	1559.62165	1542.28140	1527.44559
2025-08-08T13:13:57Z	5005.00000	1559.96327	1542.60553	1527.63302
2025-08-08T13:13:57Z	5005.00000	1560.08168	1542.71935	1527.69839
2025-08-08T13:13:57Z	5005.00000	1560.19569	1542.82384	1527.76349
2025-08-08T13:13:58Z	5005.00000	1560.36143	1542.98374	1527.85648
2025-08-08T13:13:58Z	5005.00000	1560.45172	1543.07528	1527.90901
2025-08-08T13:13:58Z	5005.00000	1560.53449	1543.15082	1527.95485
2025-08-08T13:13:58Z	5005.00000	1560.61823	1543.22837	1528.00064
2025-08-08T13:13:58Z	5005.00000	1560.66665	1543.26725	1528.02738
2025-08-08T13:13:58Z	5005.00000	1560.66976	1543.26204	1528.02923
2025-08-08T13:13:58Z	5006.00000	1560.67166	1543.25955	1528.03029
2025-08-08T13:13:58Z	5006.00000	1560.67258	1543.25793	1528.03099
2025-08-08T13:13:58Z	5006.00000	1560.67412	1543.25673	1528.03168
2025-08-08T13:13:58Z	5006.00000	1560.67455	1543.25641	1528.03180
2025-08-08T13:13:59Z	5006.00000	1560.67507	1543.25632	1528.03231
2025-08-08T13:13:59Z	5006.00000	1560.67554	1543.25580	1528.03278
2025-08-08T13:13:59Z	5006.00000	1560.67603	1543.25567	1528.03300
2025-08-08T13:13:59Z	5006.00000	1560.67656	1543.25517	1528.03327
2025-08-08T13:13:59Z	5006.00000	1560.67686	1543.25531	1528.03354
2025-08-08T13:13:59Z	5006.00000	1560.67739	1543.25512	1528.03384
2025-08-08T13:13:59Z	5007.00000	1560.67780	1543.25510	1528.03410
2025-08-08T13:13:59Z	5007.00000	1560.67795	1543.25487	1528.03434
2025-08-08T13:13:59Z	5007.00000	1560.67846	1543.25466	1528.03434
2025-08-08T13:13:59Z	5007.00000	1560.67845	1543.25516	1528.03487
2025-08-08T13:14:00Z	5007.00000	1560.67874	1543.25517	1528.03524
2025-08-08T13:14:00Z	5007.00000	1560.67907	1543.25514	1528.03552
2025-08-08T13:14:00Z	5007.00000	1560.67925	1543.25502	1528.03568
2025-08-08T13:14:00Z	5007.00000	1560.67959	1543.25516	1528.03583
2025-08-08T13:14:00Z	5007.00000	1560.67957	1543.25501	1528.03600
2025-08-08T13:14:00Z	5007.00000	1560.67994	1543.25528	1528.03636
2025-08-08T13:14:00Z	5008.00000	1559.20011	1541.81060	1527.22024
2025-08-08T13:14:00Z	5008.00000	1558.51005	1541.18365	1526.83222
2025-08-08T13:14:00Z	5008.00000	1558.17422	1540.87191	1526.64461
2025-08-08T13:14:00Z	5008.00000	1557.89117	1540.61336	1526.48885
2025-08-08T13:14:01Z	5008.00000	1557.42815	1540.18919	1526.23743
2025-08-08T13:14:01Z	5008.00000	1557.25912	1540.03501	1526.14384
2025-08-08T13:14:01Z	5008.00000	1557.08972	1539.87951	1526.05494
2025-08-08T13:14:01Z	5008.00000	1556.92580	1539.72725	1525.96426
2025-08-08T13:14:01Z	5008.00000	1556.70185	1539.52170	1525.84332
2025-08-08T13:14:01Z	5009.00000	1556.54514	1539.37628	1525.75612
2025-08-08T13:14:01Z	5009.00000	1556.33036	1539.17961	1525.64663
2025-08-08T13:14:01Z	5009.00000	1556.14967	1539.01392	1525.55019
2025-08-08T13:14:01Z	5009.00000	1555.94616	1538.82445	1525.44569
2025-08-08T13:14:02Z	5009.00000	1555.75112	1538.64182	1525.33951
2025-08-08T13:14:02Z	5009.00000	1555.58733	1538.48987	1525.25301
2025-08-08T13:14:02Z	5009.00000	1555.42993	1538.34629	1525.16682
2025-08-08T13:14:02Z	5009.00000	1555.29941	1538.22663	1525.09952
2025-08-08T13:14:02Z	5009.00000	1555.24445	1538.17579	1525.07034
2025-08-08T13:14:02Z	5009.00000	1555.23566	1538.16861	1525.06497
2025-08-08T13:14:02Z	5010.00000	1555.23154	1538.16304	1525.06231
2025-08-08T13:14:02Z	5010.00000	1555.22837	1538.15994	1525.06075
2025-08-08T13:14:02Z	5010.00000	1555.22446	1538.15684	1525.05910
2025-08-08T13:14:02Z	5010.00000	1555.22196	1538.15468	1525.05782
2025-08-08T13:14:03Z	5010.00000	1555.21812	1538.14960	1525.05458
2025-08-08T13:14:03Z	5010.00000	1555.21530	1538.14641	1525.05298
2025-08-08T13:14:03Z	5010.00000	1555.21301	1538.14313	1525.05175
2025-08-08T13:14:03Z	5010.00000	1555.21047	1538.14123	1525.05039
2025-08-08T13:14:03Z	5010.00000	1555.20851	1538.13921	1525.04946
2025-08-08T13:14:03Z	5011.00000	1555.20704	1538.13731	1525.04853
2025-08-08T13:14:03Z	5011.00000	1555.20572	1538.13593	1525.04757
2025-08-08T13:14:03Z	5011.00000	1555.20435	1538.13398	1525.04675
2025-08-08T13:14:03Z	5011.00000	1555.20241	1538.13153	1525.04523
2025-08-08T13:14:04Z	5011.00000	1555.20097	1538.13015	1525.04466
2025-08-08T13:14:04Z	5011.00000	1555.19971	1538.12902	1525.04358
2025-08-08T13:14:04Z	5011.00000	1555.19671	1538.12611	1525.04186
2025-08-08T13:14:04Z	5011.00000	1555.19511	1538.12481	1525.04091
2025-08-08T13:14:04Z	5012.00000	1555.19367	1538.12368	1525.04010
2025-08-08T13:14:04Z	5012.00000	1555.19311	1538.12264	1525.03950
2025-08-08T13:14:04Z	5012.00000	1555.19144	1538.12072	1525.03870
2025-08-08T13:14:04Z	5012.00000	1555.19092	1538.12005	1525.03830
2025-08-08T13:14:04Z	5012.00000	1555.19034	1538.11913	1525.03783
2025-08-08T13:14:05Z	5012.00000	1555.18910	1538.11773	1525.03677
2025-08-08T13:14:05Z	5012.00000	1555.18839	1538.11634	1525.03630
2025-08-08T13:14:05Z	5012.00000	1555.18741	1538.11576	1525.03603
2025-08-08T13:14:05Z	5012.00000	1555.18661	1538.11514	1525.03524
2025-08-08T13:14:05Z	5013.00000	1555.18552	1538.11397	1525.03469
2025-08-08T13:14:05Z	5013.00000	1555.18451	1538.11307	1525.03423
2025-08-08T13:14:05Z	5013.00000	1555.18361	1538.11196	1525.03353
2025-08-08T13:14:05Z	5013.00000	1555.18301	1538.11129	1525.03334
2025-08-08T13:14:06Z	5013.00000	1555.18236	1538.11050	1525.03275
2025-08-08T13:14:06Z	5013.00000	1555.18116	1538.10980	1525.03228
2025-08-08T13:14:06Z	5013.00000	1555.18066	1538.10885	1525.03200
2025-08-08T13:14:06Z	5013.00000	1555.17971	1538.10866	1525.03131
2025-08-08T13:14:06Z	5013.00000	1555.17904	1538.10803	1525.03083
2025-08-08T13:14:06Z	5014.00000	1555.17802	1538.10689	1525.03027
2025-08-08T13:14:06Z	5014.00000	1555.18560	1538.11445	1525.03210
2025-08-08T13:14:06Z	5014.00000	1555.54203	1538.44360	1525.22962
2025-08-08T13:14:06Z	5014.00000	1555.94655	1538.82164	1525.44865
2025-08-08T13:14:07Z	5014.00000	1556.16194	1539.02254	1525.56057
2025-08-08T13:14:07Z	5014.00000	1556.42988	1539.27304	1525.70317
2025-08-08T13:14:07Z	5014.00000	1556.72667	1539.54688	1525.86345
2025-08-08T13:14:07Z	5014.00000	1556.92984	1539.73605	1525.97310
2025-08-08T13:14:07Z	5014.00000	1557.21235	1540.00266	1526.12492
2025-08-08T13:14:07Z	5014.00000	1557.40258	1540.17940	1526.22949
2025-08-08T13:14:07Z	5015.00000	1557.63396	1540.39663	1526.35355
2025-08-08T13:14:07Z	5015.00000	1557.88880	1540.63386	1526.49086
2025-08-08T13:14:07Z	5015.00000	1558.14189	1540.87127	1526.62980
2025-08-08T13:14:07Z	5015.00000	1558.35080	1541.07004	1526.74291
2025-08-08T13:14:08Z	5015.00000	1558.58710	1541.29404	1526.87219
2025-08-08T13:14:08Z	5015.00000	1558.75358	1541.45137	1526.96553
2025-08-08T13:14:08Z	5015.00000	1558.95235	1541.64184	1527.07394
2025-08-08T13:14:08Z	5015.00000	1559.17520	1541.85378	1527.19774
2025-08-08T13:14:08Z	5015.00000	1559.38792	1542.05710	1527.31527
2025-08-08T13:14:08Z	5015.00000	1559.53697	1542.20010	1527.39900
2025-08-08T13:14:08Z	5016.00000	1559.73026	1542.38452	1527.50460
2025-08-08T13:14:08Z	5016.00000	1559.91243	1542.55785	1527.60510
2025-08-08T13:14:08Z	5016.00000	1560.05650	1542.68904	1527.68327
2025-08-08T13:14:08Z	5016.00000	1560.21581	1542.84137	1527.77439
2025-08-08T13:14:09Z	5016.00000	1560.32057	1542.94417	1527.83269
2025-08-08T13:14:09Z	5016.00000	1560.45007	1543.07245	1527.90726
2025-08-08T13:14:09Z	5016.00000	1560.54909	1543.16404	1527.96213
2025-08-08T13:14:09Z	5016.00000	1560.63107	1543.24611	1528.00695
2025-08-08T13:14:09Z	5016.00000	1560.66811	1543.26611	1528.02760
2025-08-08T13:14:09Z	5016.00000	1560.67111	1543.26144	1528.02926
2025-08-08T13:14:09Z	5017.00000	1560.67273	1543.25970	1528.03037
2025-08-08T13:14:09Z	5017.00000	1560.67387	1543.25801	1528.03069
2025-08-08T13:14:09Z	5017.00000	1560.67511	1543.25763	1528.03113
2025-08-08T13:14:09Z	5017.00000	1560.67566	1543.25676	1528.03173
2025-08-08T13:14:10Z	5017.00000	1560.67613	1543.25639	1528.03219
2025-08-08T13:14:10Z	5017.00000	1560.67686	1543.25554	1528.03275
2025-08-08T13:14:10Z	5017.00000	1560.67753	1543.25550	1528.03294
2025-08-08T13:14:10Z	5017.00000	1560.67769	1543.25534	1528.03339
2025-08-08T13:14:10Z	5017.00000	1560.67833	1543.25528	1528.03382
2025-08-08T13:14:10Z	5018.00000	1560.67867	1543.25508	1528.03391
2025-08-08T13:14:10Z	5018.00000	1560.67883	1543.25528	1528.03425
2025-08-08T13:14:10Z	5018.00000	1560.67930	1543.25511	1528.03442
2025-08-08T13:14:10Z	5018.00000	1560.67936	1543.25498	1528.03463
2025-08-08T13:14:11Z	5018.00000	1560.67972	1543.25518	1528.03500
2025-08-08T13:14:11Z	5018.00000	1560.68000	1543.25480	1528.03514
2025-08-08T13:14:11Z	5018.00000	1560.68035	1543.25504	1528.03555
2025-08-08T13:14:11Z	5018.00000	1560.68068	1543.25502	1528.03567
2025-08-08T13:14:11Z	5018.00000	1560.68062	1543.25512	1528.03586
2025-08-08T13:14:11Z	5019.00000	1560.68098	1543.25538	1528.03617
2025-08-08T13:14:11Z	5019.00000	1559.27877	1541.87846	1527.26258
2025-08-08T13:14:11Z	5019.00000	1558.36771	1541.05031	1526.75093
2025-08-08T13:14:11Z	5019.00000	1558.10235	1540.80847	1526.60544
2025-08-08T13:14:11Z	5019.00000	1557.82902	1540.55654	1526.45590
2025-08-08T13:14:12Z	5019.00000	1557.60280	1540.35075	1526.33095
2025-08-08T13:14:12Z	5019.00000	1557.15421	1539.93809	1526.08793
2025-08-08T13:14:12Z	5019.00000	1556.95567	1539.75484	1525.98074
2025-08-08T13:14:12Z	5019.00000	1556.72981	1539.54766	1525.85899
2025-08-08T13:14:12Z	5020.00000	1556.51218	1539.34605	1525.73894
2025-08-08T13:14:12Z	5020.00000	1556.29855	1539.15179	1525.62955
2025-08-08T13:14:12Z	5020.00000	1556.14583	1539.01004	1525.54807
2025-08-08T13:14:12Z	5020.00000	1555.97298	1538.84860	1525.45916
2025-08-08T13:14:13Z	5020.00000	1555.77137	1538.66103	1525.35039
2025-08-08T13:14:13Z	5020.00000	1555.58215	1538.48459	1525.25046
2025-08-08T13:14:13Z	5020.00000	1555.42382	1538.34175	1525.16372
2025-08-08T13:14:13Z	5020.00000	1555.24666	1538.17764	1525.07132
2025-08-08T13:14:13Z	5020.00000	1555.23946	1538.17191	1525.06742
2025-08-08T13:14:13Z	5021.00000	1555.23504	1538.16742	1525.06446
2025-08-08T13:14:13Z	5021.00000	1555.23180	1538.16285	1525.06220
2025-08-08T13:14:13Z	5021.00000	1555.22731	1538.15890	1525.06029
2025-08-08T13:14:13Z	5021.00000	1555.22139	1538.15383	1525.05722
2025-08-08T13:14:14Z	5021.00000	1555.21957	1538.15169	1525.05565
2025-08-08T13:14:14Z	5021.00000	1555.21779	1538.14903	1525.05431
2025-08-08T13:14:14Z	5021.00000	1555.21557	1538.14686	1525.05293
2025-08-08T13:14:14Z	5021.00000	1555.21292	1538.14331	1525.05153
2025-08-08T13:14:14Z	5021.00000	1555.21102	1538.14133	1525.05054
2025-08-08T13:14:14Z	5022.00000	1555.20878	1538.13950	1525.04928
2025-08-08T13:14:14Z	5022.00000	1555.20702	1538.13756	1525.04823
2025-08-08T13:14:14Z	5022.00000	1555.20578	1538.13613	1525.04762
2025-08-08T13:14:14Z	5022.00000	1555.20465	1538.13469	1525.04691
2025-08-08T13:14:15Z	5022.00000	1555.20374	1538.13307	1525.04605
2025-08-08T13:14:15Z	5022.00000	1555.20275	1538.13203	1525.04533
2025-08-08T13:14:15Z	5022.00000	1555.20149	1538.13088	1525.04447
2025-08-08T13:14:15Z	5022.00000	1555.20009	1538.12937	1525.04367
2025-08-08T13:14:15Z	5022.00000	1555.19858	1538.12806	1525.04280
2025-08-08T13:14:15Z	5023.00000	1555.19613	1538.12583	1525.04139
2025-08-08T13:14:15Z	5023.00000	1555.19510	1538.12470	1525.04066
2025-08-08T13:14:15Z	5023.00000	1555.19381	1538.12380	1525.03995
2025-08-08T13:14:15Z	5023.00000	1555.19257	1538.12246	1525.03928
2025-08-08T13:14:16Z	5023.00000	1555.19173	1538.12138	1525.03853
2025-08-08T13:14:16Z	5023.00000	1555.19082	1538.11972	1525.03797
2025-08-08T13:14:16Z	5023.00000	1555.19012	1538.11895	1525.03749
2025-08-08T13:14:16Z	5023.00000	1555.18949	1538.11807	1525.03700
2025-08-08T13:14:16Z	5023.00000	1555.18892	1538.11711	1525.03650
2025-08-08T13:14:16Z	5024.00000	1555.18757	1538.11579	1525.03585
2025-08-08T13:14:16Z	5024.00000	1555.18686	1538.11493	1525.03519
2025-08-08T13:14:16Z	5024.00000	1555.18531	1538.11331	1525.03454
2025-08-08T13:14:17Z	5024.00000	1555.18444	1538.11300	1525.03390
2025-08-08T13:14:17Z	5024.00000	1555.18371	1538.11219	1525.03344
2025-08-08T13:14:17Z	5024.00000	1555.18287	1538.11148	1525.03300
2025-08-08T13:14:17Z	5024.00000	1555.18138	1538.10969	1525.03228
2025-08-08T13:14:17Z	5024.00000	1555.18046	1538.10967	1525.03183
2025-08-08T13:14:17Z	5025.00000	1555.17981	1538.10874	1525.03118
2025-08-08T13:14:17Z	5025.00000	1555.35865	1538.27669	1525.13109
2025-08-08T13:14:17Z	5025.00000	1555.85031	1538.73273	1525.39407
2025-08-08T13:14:17Z	5025.00000	1556.11390	1538.98004	1525.53629
2025-08-08T13:14:18Z	5025.00000	1556.37852	1539.22374	1525.67745
2025-08-08T13:14:18Z	5025.00000	1556.62861	1539.45690	1525.80964
2025-08-08T13:14:18Z	5025.00000	1556.87348	1539.68399	1525.94186
2025-08-08T13:14:18Z	5025.00000	1557.11367	1539.91067	1526.07401
2025-08-08T13:14:18Z	5025.00000	1557.38774	1540.16564	1526.22131
2025-08-08T13:14:18Z	5026.00000	1557.61136	1540.37615	1526.34115
2025-08-08T13:14:18Z	5026.00000	1557.83655	1540.58579	1526.46392
2025-08-08T13:14:18Z	5026.00000	1558.08955	1540.82305	1526.60153
2025-08-08T13:14:18Z	5026.00000	1558.30051	1541.02266	1526.71568
2025-08-08T13:14:18Z	5026.00000	1558.54029	1541.25018	1526.84698
2025-08-08T13:14:19Z	5026.00000	1558.77440	1541.47104	1526.97733
2025-08-08T13:14:19Z	5026.00000	1558.96726	1541.65680	1527.08214
2025-08-08T13:14:19Z	5026.00000	1559.36847	1542.03777	1527.30359
2025-08-08T13:14:19Z	5026.00000	1559.55081	1542.21283	1527.40659
2025-08-08T13:14:19Z	5027.00000	1559.90189	1542.54726	1527.59917
2025-08-08T13:14:19Z	5027.00000	1560.19253	1542.82026	1527.76044
2025-08-08T13:14:20Z	5027.00000	1560.44794	1543.07150	1527.90626
2025-08-08T13:14:20Z	5027.00000	1560.63064	1543.24639	1528.00708
2025-08-08T13:14:20Z	5027.00000	1560.66897	1543.26614	1528.02847
2025-08-08T13:14:20Z	5027.00000	1560.67126	1543.26217	1528.02991
2025-08-08T13:14:20Z	5028.00000	1560.67319	1543.26082	1528.03073
2025-08-08T13:14:20Z	5028.00000	1560.67434	1543.25959	1528.03130
2025-08-08T13:14:20Z	5028.00000	1560.67521	1543.25859	1528.03175
2025-08-08T13:14:20Z	5028.00000	1560.67583	1543.25726	1528.03225
2025-08-08T13:14:21Z	5028.00000	1560.67683	1543.25702	1528.03300
2025-08-08T13:14:21Z	5028.00000	1560.67742	1543.25655	1528.03317
2025-08-08T13:14:21Z	5028.00000	1560.67825	1543.25648	1528.03383
2025-08-08T13:14:21Z	5028.00000	1560.67843	1543.25666	1528.03431
2025-08-08T13:14:21Z	5029.00000	1560.67866	1543.25637	1528.03449
2025-08-08T13:14:21Z	5029.00000	1560.67898	1543.25637	1528.03484
2025-08-08T13:14:21Z	5029.00000	1560.67936	1543.25634	1528.03481
2025-08-08T13:14:21Z	5029.00000	1560.67972	1543.25628	1528.03519
2025-08-08T13:14:22Z	5029.00000	1560.68029	1543.25646	1528.03582
2025-08-08T13:14:22Z	5029.00000	1560.68051	1543.25636	1528.03598
2025-08-08T13:14:22Z	5029.00000	1560.68080	1543.25630	1528.03654
2025-08-08T13:14:22Z	5029.00000	1560.68111	1543.25635	1528.03672
2025-08-08T13:14:22Z	5030.00000	1558.65579	1541.31642	1526.91190
2025-08-08T13:14:22Z	5030.00000	1558.36482	1541.04906	1526.75015
2025-08-08T13:14:22Z	5030.00000	1558.05769	1540.76741	1526.58027
2025-08-08T13:14:23Z	5030.00000	1557.78386	1540.51574	1526.43303
2025-08-08T13:14:23Z	5030.00000	1557.56494	1540.31334	1526.31012
2025-08-08T13:14:23Z	5030.00000	1557.35640	1540.12205	1526.19780
2025-08-08T13:14:23Z	5030.00000	1557.15136	1539.93543	1526.08681
2025-08-08T13:14:23Z	5030.00000	1556.94868	1539.74894	1525.97688
2025-08-08T13:14:23Z	5030.00000	1556.72122	1539.53919	1525.85370
2025-08-08T13:14:23Z	5031.00000	1556.53322	1539.36564	1525.74984
2025-08-08T13:14:23Z	5031.00000	1556.34562	1539.19443	1525.65474
2025-08-08T13:14:23Z	5031.00000	1556.19450	1539.05566	1525.57401
2025-08-08T13:14:23Z	5031.00000	1556.01854	1538.89341	1525.48361
2025-08-08T13:14:23Z	5031.00000	1555.81906	1538.70723	1525.37558
2025-08-08T13:14:24Z	5031.00000	1555.65108	1538.54980	1525.28747
2025-08-08T13:14:24Z	5031.00000	1555.46411	1538.37770	1525.18446
2025-08-08T13:14:24Z	5031.00000	1555.25147	1538.18410	1525.07412
2025-08-08T13:14:24Z	5031.00000	1555.23963	1538.17211	1525.06795
2025-08-08T13:14:24Z	5032.00000	1555.23567	1538.16856	1525.06514
2025-08-08T13:14:24Z	5032.00000	1555.23165	1538.16314	1525.06258
2025-08-08T13:14:24Z	5032.00000	1555.22616	1538.15822	1525.06004
2025-08-08T13:14:25Z	5032.00000	1555.22329	1538.15585	1525.05868
2025-08-08T13:14:25Z	5032.00000	1555.22121	1538.15307	1525.05726
2025-08-08T13:14:25Z	5032.00000	1555.21896	1538.15055	1525.05556
2025-08-08T13:14:25Z	5032.00000	1555.21719	1538.14807	1525.05407
2025-08-08T13:14:25Z	5032.00000	1555.21518	1538.14656	1525.05294
2025-08-08T13:14:25Z	5033.00000	1555.21134	1538.14161	1525.05076
2025-08-08T13:14:25Z	5033.00000	1555.20918	1538.14047	1525.04996
2025-08-08T13:14:25Z	5033.00000	1555.20807	1538.13887	1525.04925
2025-08-08T13:14:25Z	5033.00000	1555.20677	1538.13707	1525.04841
2025-08-08T13:14:26Z	5033.00000	1555.20540	1538.13573	1525.04755
2025-08-08T13:14:26Z	5033.00000	1555.20426	1538.13392	1525.04664
2025-08-08T13:14:26Z	5033.00000	1555.20208	1538.13130	1525.04507
2025-08-08T13:14:26Z	5033.00000	1555.20088	1538.13013	1525.04435
2025-08-08T13:14:26Z	5033.00000	1555.19976	1538.12899	1525.04373
2025-08-08T13:14:26Z	5034.00000	1555.19824	1538.12782	1525.04295
2025-08-08T13:14:26Z	5034.00000	1555.19689	1538.12670	1525.04199
2025-08-08T13:14:26Z	5034.00000	1555.19617	1538.12565	1525.04167
2025-08-08T13:14:26Z	5034.00000	1555.19487	1538.12468	1525.04094
2025-08-08T13:14:27Z	5034.00000	1555.19405	1538.12363	1525.04004
2025-08-08T13:14:27Z	5034.00000	1555.19274	1538.12242	1525.03942
2025-08-08T13:14:27Z	5034.00000	1555.19190	1538.12142	1525.03904
2025-08-08T13:14:27Z	5034.00000	1555.19124	1538.12058	1525.03864
2025-08-08T13:14:27Z	5034.00000	1555.19083	1538.11977	1525.03820
2025-08-08T13:14:27Z	5034.00000	1555.19013	1538.11868	1525.03769
2025-08-08T13:14:27Z	5035.00000	1555.18959	1538.11768	1525.03728
2025-08-08T13:14:27Z	5035.00000	1555.18883	1538.11712	1525.03663
2025-08-08T13:14:27Z	5035.00000	1555.18804	1538.11630	1525.03624
2025-08-08T13:14:27Z	5035.00000	1555.18762	1538.11534	1525.03589
2025-08-08T13:14:27Z	5035.00000	1555.18680	1538.11481	1525.03552
2025-08-08T13:14:28Z	5035.00000	1555.18560	1538.11414	1525.03503
2025-08-08T13:14:28Z	5035.00000	1555.18488	1538.11362	1525.03448
2025-08-08T13:14:28Z	5035.00000	1555.18402	1538.11292	1525.03406
2025-08-08T13:14:28Z	5035.00000	1555.18348	1538.11172	1525.03366
2025-08-08T13:14:28Z	5035.00000	1555.18283	1538.11143	1525.03320
2025-08-08T13:14:28Z	5036.00000	1555.18225	1538.11050	1525.03283
2025-08-08T13:14:28Z	5036.00000	1555.18141	1538.10988	1525.03239
2025-08-08T13:14:28Z	5036.00000	1555.18060	1538.10929	1525.03200
2025-08-08T13:14:28Z	5036.00000	1555.17991	1538.10880	1525.03165
2025-08-08T13:14:29Z	5036.00000	1555.17927	1538.10809	1525.03123
2025-08-08T13:14:29Z	5036.00000	1555.17851	1538.10759	1525.03075
2025-08-08T13:14:29Z	5036.00000	1555.17816	1538.10698	1525.03046
2025-08-08T13:14:29Z	5036.00000	1555.17785	1538.10641	1525.03012
2025-08-08T13:14:29Z	5036.00000	1555.17727	1538.10589	1525.02975
2025-08-08T13:14:29Z	5036.00000	1555.17671	1538.10525	1525.02918
2025-08-08T13:14:29Z	5037.00000	1555.17586	1538.10393	1525.02855
2025-08-08T13:14:29Z	5037.00000	1555.17568	1538.10336	1525.02815
2025-08-08T13:14:29Z	5037.00000	1555.17512	1538.10293	1525.02781
2025-08-08T13:14:30Z	5037.00000	1555.17465	1538.10224	1525.02755
2025-08-08T13:14:30Z	5037.00000	1555.17433	1538.10172	1525.02721
2025-08-08T13:14:30Z	5037.00000	1555.17390	1538.10110	1525.02687
2025-08-08T13:14:30Z	5037.00000	1555.17311	1538.10008	1525.02612
2025-08-08T13:14:30Z	5037.00000	1555.17271	1538.09984	1525.02611
2025-08-08T13:14:30Z	5038.00000	1555.17245	1538.09955	1525.02600
2025-08-08T13:14:30Z	5038.00000	1555.17166	1538.09912	1525.02554
2025-08-08T13:14:30Z	5038.00000	1555.17128	1538.09856	1525.02518
2025-08-08T13:14:30Z	5038.00000	1555.17058	1538.09762	1525.02507
2025-08-08T13:14:30Z	5038.00000	1555.17016	1538.09751	1525.02498
2025-08-08T13:14:31Z	5038.00000	1555.16968	1538.09695	1525.02467
2025-08-08T13:14:31Z	5038.00000	1555.16910	1538.09667	1525.02427
2025-08-08T13:14:31Z	5038.00000	1555.16869	1538.09626	1525.02424
2025-08-08T13:14:31Z	5038.00000	1555.16807	1538.09607	1525.02396
2025-08-08T13:14:31Z	5038.00000	1555.16757	1538.09533	1525.02395
2025-08-08T13:14:31Z	5039.00000	1555.16727	1538.09500	1525.02340
2025-08-08T13:14:31Z	5039.00000	1555.16682	1538.09494	1525.02328
2025-08-08T13:14:31Z	5039.00000	1555.16641	1538.09494	1525.02289
2025-08-08T13:14:31Z	5039.00000	1555.16573	1538.09456	1525.02288
2025-08-08T13:14:32Z	5039.00000	1555.16557	1538.09361	1525.02242
2025-08-08T13:14:32Z	5039.00000	1555.16507	1538.09366	1525.02215
2025-08-08T13:14:32Z	5039.00000	1555.16459	1538.09319	1525.02201
2025-08-08T13:14:32Z	5039.00000	1555.16458	1538.09265	1525.02181
2025-08-08T13:14:32Z	5039.00000	1555.16395	1538.09259	1525.02154
2025-08-08T13:14:32Z	5039.00000	1555.16339	1538.09203	1525.02122
2025-08-08T13:14:32Z	5040.00000	1555.16333	1538.09153	1525.02088
2025-08-08T13:14:32Z	5040.00000	1555.16243	1538.09067	1525.02050
2025-08-08T13:14:32Z	5040.00000	1555.16235	1538.09046	1525.02025
2025-08-08T13:14:32Z	5040.00000	1555.16210	1538.08995	1525.02016
2025-08-08T13:14:33Z	5040.00000	1555.16189	1538.08955	1525.01981
2025-08-08T13:14:33Z	5040.00000	1555.16141	1538.08908	1525.01975
2025-08-08T13:14:33Z	5040.00000	1555.16131	1538.08889	1525.01948
2025-08-08T13:14:33Z	5040.00000	1555.16115	1538.08854	1525.01932
2025-08-08T13:14:33Z	5040.00000	1555.16090	1538.08828	1525.01898
2025-08-08T13:14:33Z	5041.00000	1555.16056	1538.08779	1525.01897
2025-08-08T13:14:33Z	5041.00000	1555.16048	1538.08762	1525.01887
2025-08-08T13:14:33Z	5041.00000	1555.16026	1538.08729	1525.01854
2025-08-08T13:14:33Z	5041.00000	1555.15992	1538.08693	1525.01840
2025-08-08T13:14:33Z	5041.00000	1555.15975	1538.08668	1525.01831
2025-08-08T13:14:34Z	5041.00000	1555.15940	1538.08632	1525.01791
2025-08-08T13:14:34Z	5041.00000	1555.15900	1538.08593	1525.01769
2025-08-08T13:14:34Z	5041.00000	1555.15899	1538.08573	1525.01762
2025-08-08T13:14:34Z	5041.00000	1555.15855	1538.08506	1525.01716
2025-08-08T13:14:34Z	5041.00000	1555.15834	1538.08524	1525.01735
2025-08-08T13:14:34Z	5042.00000	1555.15801	1538.08489	1525.01705
2025-08-08T13:14:34Z	5042.00000	1555.15775	1538.08389	1525.01654
2025-08-08T13:14:34Z	5042.00000	1555.15764	1538.08395	1525.01659
2025-08-08T13:14:34Z	5042.00000	1555.15744	1538.08352	1525.01628
2025-08-08T13:14:34Z	5042.00000	1555.15678	1538.08299	1525.01610
2025-08-08T13:14:35Z	5042.00000	1555.15655	1538.08343	1525.01598
2025-08-08T13:14:35Z	5042.00000	1555.15647	1538.08275	1525.01577
2025-08-08T13:14:35Z	5042.00000	1555.15627	1538.08237	1525.01562
2025-08-08T13:14:35Z	5042.00000	1555.15558	1538.08230	1525.01542
2025-08-08T13:14:35Z	5042.00000	1555.15563	1538.08229	1525.01529
2025-08-08T13:14:35Z	5043.00000	1555.15507	1538.08199	1525.01511
2025-08-08T13:14:35Z	5043.00000	1555.15511	1538.08111	1525.01501
2025-08-08T13:14:35Z	5043.00000	1555.15445	1538.08131	1525.01471
2025-08-08T13:14:36Z	5043.00000	1555.15426	1538.08054	1525.01448
2025-08-08T13:14:36Z	5043.00000	1555.15423	1538.08087	1525.01440
2025-08-08T13:14:36Z	5043.00000	1555.15396	1538.08047	1525.01419
2025-08-08T13:14:36Z	5043.00000	1555.15340	1538.08014	1525.01397
2025-08-08T13:14:36Z	5043.00000	1555.15301	1538.07979	1525.01403
2025-08-08T13:14:36Z	5043.00000	1555.15272	1538.07958	1525.01369
2025-08-08T13:14:36Z	5044.00000	1555.15231	1538.07967	1525.01374
2025-08-08T13:14:36Z	5044.00000	1555.15225	1538.07918	1525.01344
2025-08-08T13:14:36Z	5044.00000	1555.15187	1538.07952	1525.01338
2025-08-08T13:14:36Z	5044.00000	1555.15168	1538.07910	1525.01330
2025-08-08T13:14:37Z	5044.00000	1555.15143	1538.07868	1525.01320
2025-08-08T13:14:37Z	5044.00000	1555.15113	1538.07817	1525.01278
2025-08-08T13:14:37Z	5044.00000	1555.15088	1538.07823	1525.01263
2025-08-08T13:14:37Z	5044.00000	1555.15055	1538.07809	1525.01266
2025-08-08T13:14:37Z	5044.00000	1555.15040	1538.07759	1525.01263
2025-08-08T13:14:37Z	5044.00000	1555.15018	1538.07815	1525.01231
2025-08-08T13:14:37Z	5045.00000	1555.14982	1538.07743	1525.01232
2025-08-08T13:14:37Z	5045.00000	1555.14986	1538.07723	1525.01218
2025-08-08T13:14:37Z	5045.00000	1555.14940	1538.07723	1525.01213
2025-08-08T13:14:37Z	5045.00000	1555.14919	1538.07708	1525.01195
2025-08-08T13:14:38Z	5045.00000	1555.14900	1538.07677	1525.01179
2025-08-08T13:14:38Z	5045.00000	1555.14876	1538.07627	1525.01176
2025-08-08T13:14:38Z	5045.00000	1555.14868	1538.07559	1525.01159
2025-08-08T13:14:38Z	5045.00000	1555.14829	1538.07580	1525.01156
2025-08-08T13:14:38Z	5045.00000	1555.14843	1538.07566	1525.01147
2025-08-08T13:14:38Z	5045.00000	1555.14806	1538.07515	1525.01122
2025-08-08T13:14:38Z	5046.00000	1555.14795	1538.07500	1525.01108
2025-08-08T13:14:38Z	5046.00000	1555.14778	1538.07515	1525.01094
2025-08-08T13:14:38Z	5046.00000	1555.14765	1538.07499	1525.01087
2025-08-08T13:14:38Z	5046.00000	1555.14745	1538.07435	1525.01059
2025-08-08T13:14:39Z	5046.00000	1555.14714	1538.07389	1525.01072
2025-08-08T13:14:39Z	5046.00000	1555.14707	1538.07421	1525.01050
2025-08-08T13:14:39Z	5046.00000	1555.14694	1538.07371	1525.01036
2025-08-08T13:14:39Z	5046.00000	1555.14697	1538.07378	1525.01038
2025-08-08T13:14:39Z	5046.00000	1555.14659	1538.07320	1525.01023
2025-08-08T13:14:39Z	5046.00000	1555.14629	1538.07302	1525.00995
2025-08-08T13:14:39Z	5047.00000	1555.14613	1538.07263	1525.00997
2025-08-08T13:14:39Z	5047.00000	1555.14598	1538.07224	1525.00969
2025-08-08T13:14:39Z	5047.00000	1555.14626	1538.07277	1525.01013
2025-08-08T13:14:39Z	5047.00000	1555.14496	1538.07171	1525.00876
2025-08-08T13:14:39Z	5047.00000	1555.14543	1538.07172	1525.00949
2025-08-08T13:14:40Z	5047.00000	1555.14555	1538.07165	1525.00931
2025-08-08T13:14:40Z	5047.00000	1555.14520	1538.07147	1525.00918
2025-08-08T13:14:40Z	5047.00000	1555.14500	1538.07101	1525.00912
2025-08-08T13:14:40Z	5047.00000	1555.14479	1538.07095	1525.00888
2025-08-08T13:14:40Z	5047.00000	1555.14469	1538.07070	1525.00889
2025-08-08T13:14:40Z	5048.00000	1555.14440	1538.07050	1525.00860
2025-08-08T13:14:40Z	5048.00000	1555.14439	1538.07084	1525.00851
2025-08-08T13:14:40Z	5048.00000	1555.14418	1538.06995	1525.00858
2025-08-08T13:14:40Z	5048.00000	1555.14396	1538.06999	1525.00817
2025-08-08T13:14:41Z	5048.00000	1555.14391	1538.06971	1525.00801
2025-08-08T13:14:41Z	5048.00000	1555.14375	1538.06941	1525.00809
2025-08-08T13:14:41Z	5048.00000	1555.14363	1538.06959	1525.00785
2025-08-08T13:14:41Z	5048.00000	1555.14344	1538.06937	1525.00782
2025-08-08T13:14:41Z	5048.00000	1555.14345	1538.06945	1525.00758
2025-08-08T13:14:41Z	5048.00000	1555.14334	1538.06909	1525.00757
2025-08-08T13:14:41Z	5049.00000	1555.14314	1538.06885	1525.00753
2025-08-08T13:14:41Z	5049.00000	1555.14280	1538.06892	1525.00718
2025-08-08T13:14:41Z	5049.00000	1555.14284	1538.06856	1525.00716
2025-08-08T13:14:41Z	5049.00000	1555.14257	1538.06792	1525.00702
2025-08-08T13:14:42Z	5049.00000	1555.14248	1538.06806	1525.00676
2025-08-08T13:14:42Z	5049.00000	1555.14226	1538.06776	1525.00681
2025-08-08T13:14:42Z	5049.00000	1555.14217	1538.06794	1525.00653
2025-08-08T13:14:42Z	5049.00000	1555.14186	1538.06792	1525.00651
2025-08-08T13:14:42Z	5049.00000	1555.14178	1538.06783	1525.00633
2025-08-08T13:14:42Z	5049.00000	1555.14151	1538.06742	1525.00645
2025-08-08T13:14:42Z	5050.00000	1555.14157	1538.06723	1525.00613
2025-08-08T13:14:42Z	5050.00000	1555.14136	1538.06708	1525.00615
2025-08-08T13:14:42Z	5050.00000	1555.32992	1538.24631	1525.11378
2025-08-08T13:14:42Z	5050.00000	1555.56052	1538.45757	1525.23772
2025-08-08T13:14:42Z	5050.00000	1555.83905	1538.71918	1525.38603
2025-08-08T13:14:43Z	5050.00000	1556.11027	1538.97332	1525.53296
2025-08-08T13:14:43Z	5050.00000	1556.42570	1539.26618	1525.69958
2025-08-08T13:14:43Z	5050.00000	1556.73474	1539.55166	1525.86613
2025-08-08T13:14:43Z	5050.00000	1556.99259	1539.79081	1526.00584
2025-08-08T13:14:43Z	5050.00000	1557.28532	1540.06794	1526.16314
2025-08-08T13:14:43Z	5051.00000	1557.56715	1540.33038	1526.31519
2025-08-08T13:14:43Z	5051.00000	1557.76549	1540.51645	1526.42500
2025-08-08T13:14:43Z	5051.00000	1557.99995	1540.73706	1526.54868
2025-08-08T13:14:43Z	5051.00000	1558.26886	1540.99058	1526.69601
2025-08-08T13:14:44Z	5051.00000	1558.53472	1541.23995	1526.84138
2025-08-08T13:14:44Z	5051.00000	1558.79493	1541.48847	1526.98528
2025-08-08T13:14:44Z	5051.00000	1559.04552	1541.72855	1527.12192
2025-08-08T13:14:44Z	5051.00000	1559.25941	1541.93254	1527.24072
2025-08-08T13:14:44Z	5051.00000	1559.43189	1542.09822	1527.33799
2025-08-08T13:14:44Z	5051.00000	1559.63570	1542.29327	1527.45025
2025-08-08T13:14:44Z	5052.00000	1559.83305	1542.48002	1527.55942
2025-08-08T13:14:44Z	5052.00000	1560.02127	1542.65902	1527.66142
2025-08-08T13:14:44Z	5052.00000	1560.23304	1542.86164	1527.78250
2025-08-08T13:14:44Z	5052.00000	1560.40513	1543.02901	1527.87932
2025-08-08T13:14:45Z	5052.00000	1560.56062	1543.18042	1527.96682
2025-08-08T13:14:45Z	5052.00000	1560.66038	1543.26603	1528.02206
2025-08-08T13:14:45Z	5052.00000	1560.66526	1543.25943	1528.02497
2025-08-08T13:14:45Z	5052.00000	1560.66776	1543.25696	1528.02643
2025-08-08T13:14:45Z	5052.00000	1560.66929	1543.25542	1528.02733
2025-08-08T13:14:45Z	5052.00000	1560.67022	1543.25494	1528.02764
2025-08-08T13:14:45Z	5053.00000	1560.67099	1543.25407	1528.02829
2025-08-08T13:14:45Z	5053.00000	1560.67156	1543.25373	1528.02920
2025-08-08T13:14:45Z	5053.00000	1560.67229	1543.25334	1528.02961
2025-08-08T13:14:45Z	5053.00000	1560.67307	1543.25315	1528.02997
2025-08-08T13:14:46Z	5053.00000	1560.67344	1543.25340	1528.03036
2025-08-08T13:14:46Z	5053.00000	1560.67439	1543.25327	1528.03084
2025-08-08T13:14:46Z	5053.00000	1560.67479	1543.25308	1528.03103
2025-08-08T13:14:46Z	5053.00000	1560.67535	1543.25309	1528.03147
2025-08-08T13:14:46Z	5053.00000	1560.67562	1543.25302	1528.03179
2025-08-08T13:14:46Z	5053.00000	1560.67613	1543.25296	1528.03214
2025-08-08T13:14:46Z	5054.00000	1560.67652	1543.25326	1528.03248
2025-08-08T13:14:46Z	5054.00000	1560.67695	1543.25353	1528.03279
2025-08-08T13:14:46Z	5054.00000	1560.67745	1543.25379	1528.03317
2025-08-08T13:14:46Z	5054.00000	1560.67765	1543.25360	1528.03338
2025-08-08T13:14:47Z	5054.00000	1560.67780	1543.25360	1528.03353
2025-08-08T13:14:47Z	5054.00000	1560.67799	1543.25364	1528.03391
2025-08-08T13:14:47Z	5054.00000	1560.67847	1543.25394	1528.03406
2025-08-08T13:14:47Z	5054.00000	1560.67875	1543.25390	1528.03420
2025-08-08T13:14:47Z	5054.00000	1560.67880	1543.25413	1528.03447
2025-08-08T13:14:47Z	5054.00000	1560.67924	1543.25433	1528.03494
2025-08-08T13:14:47Z	5055.00000	1560.67929	1543.25433	1528.03504
2025-08-08T13:14:47Z	5055.00000	1559.09534	1541.71824	1527.15497
2025-08-08T13:14:47Z	5055.00000	1558.46648	1541.14792	1526.80860
2025-08-08T13:14:47Z	5055.00000	1558.17344	1540.87397	1526.64529
2025-08-08T13:14:48Z	5055.00000	1557.88589	1540.61048	1526.48663
2025-08-08T13:14:48Z	5055.00000	1557.69453	1540.43365	1526.38251
2025-08-08T13:14:48Z	5055.00000	1557.47549	1540.23232	1526.26233
2025-08-08T13:14:48Z	5055.00000	1557.25599	1540.03241	1526.14168
2025-08-08T13:14:48Z	5055.00000	1557.04568	1539.83876	1526.02978
2025-08-08T13:14:48Z	5055.00000	1556.73821	1539.55362	1525.86246
2025-08-08T13:14:48Z	5056.00000	1556.50521	1539.33942	1525.73420
2025-08-08T13:14:48Z	5056.00000	1556.31343	1539.16273	1525.63642
2025-08-08T13:14:48Z	5056.00000	1556.15789	1539.01916	1525.55284
2025-08-08T13:14:48Z	5056.00000	1555.96784	1538.84261	1525.45507
2025-08-08T13:14:49Z	5056.00000	1555.78553	1538.67230	1525.35582
2025-08-08T13:14:49Z	5056.00000	1555.60668	1538.50633	1525.26256
2025-08-08T13:14:49Z	5056.00000	1555.43327	1538.34838	1525.16720
2025-08-08T13:14:49Z	5056.00000	1555.23324	1538.16328	1525.06061
2025-08-08T13:14:49Z	5056.00000	1555.22719	1538.15765	1525.05824
2025-08-08T13:14:49Z	5056.00000	1555.22355	1538.15507	1525.05686
2025-08-08T13:14:49Z	5057.00000	1555.21960	1538.15052	1525.05425
2025-08-08T13:14:49Z	5057.00000	1555.21689	1538.14697	1525.05198
2025-08-08T13:14:49Z	5057.00000	1555.21275	1538.14186	1525.05004
2025-08-08T13:14:49Z	5057.00000	1555.20917	1538.13895	1525.04811
2025-08-08T13:14:50Z	5057.00000	1555.20722	1538.13682	1525.04711
2025-08-08T13:14:50Z	5057.00000	1555.20499	1538.13389	1525.04557
2025-08-08T13:14:50Z	5057.00000	1555.20361	1538.13198	1525.04464
2025-08-08T13:14:50Z	5057.00000	1555.20164	1538.12988	1525.04327
2025-08-08T13:14:50Z	5057.00000	1555.20010	1538.12846	1525.04221
2025-08-08T13:14:50Z	5057.00000	1555.19801	1538.12712	1525.04120
2025-08-08T13:14:50Z	5058.00000	1555.19614	1538.12514	1525.04009
2025-08-08T13:14:50Z	5058.00000	1555.19440	1538.12319	1525.03904
2025-08-08T13:14:50Z	5058.00000	1555.19319	1538.12186	1525.03828
2025-08-08T13:14:50Z	5058.00000	1555.19132	1538.11976	1525.03726
2025-08-08T13:14:51Z	5058.00000	1555.19046	1538.11821	1525.03673
2025-08-08T13:14:51Z	5058.00000	1555.18802	1538.11532	1525.03505
2025-08-08T13:14:51Z	5058.00000	1555.18683	1538.11466	1525.03440
2025-08-08T13:14:51Z	5058.00000	1555.18565	1538.11362	1525.03373
2025-08-08T13:14:51Z	5059.00000	1555.18478	1538.11284	1525.03310
2025-08-08T13:14:51Z	5059.00000	1555.18392	1538.11175	1525.03273
2025-08-08T13:14:51Z	5059.00000	1555.18341	1538.11096	1525.03222
2025-08-08T13:14:51Z	5059.00000	1555.18214	1538.11013	1525.03164
2025-08-08T13:14:51Z	5059.00000	1555.18093	1538.10893	1525.03094
2025-08-08T13:14:52Z	5059.00000	1555.17991	1538.10817	1525.03039
2025-08-08T13:14:52Z	5059.00000	1555.17889	1538.10733	1525.02965
2025-08-08T13:14:52Z	5059.00000	1555.17842	1538.10651	1525.02941
2025-08-08T13:14:52Z	5059.00000	1555.17728	1538.10548	1525.02832
2025-08-08T13:14:52Z	5059.00000	1555.17669	1538.10438	1525.02802
2025-08-08T13:14:52Z	5059.00000	1555.17599	1538.10362	1525.02735
2025-08-08T13:14:52Z	5060.00000	1555.17574	1538.10292	1525.02706
2025-08-08T13:14:52Z	5060.00000	1555.17473	1538.10212	1525.02684
2025-08-08T13:14:52Z	5060.00000	1555.17453	1538.10121	1525.02618
2025-08-08T13:14:52Z	5060.00000	1555.17406	1538.10054	1525.02582
2025-08-08T13:14:53Z	5060.00000	1555.17314	1538.09984	1525.02552
2025-08-08T13:14:53Z	5060.00000	1555.17299	1538.09926	1525.02516
2025-08-08T13:14:53Z	5060.00000	1555.17232	1538.09895	1525.02487
2025-08-08T13:14:53Z	5060.00000	1555.17137	1538.09772	1525.02444
2025-08-08T13:14:53Z	5060.00000	1555.17055	1538.09712	1525.02405
2025-08-08T13:14:53Z	5060.00000	1555.16988	1538.09665	1525.02383
2025-08-08T13:14:53Z	5061.00000	1555.16911	1538.09609	1525.02354
2025-08-08T13:14:53Z	5061.00000	1555.16846	1538.09588	1525.02310
2025-08-08T13:14:53Z	5061.00000	1555.34759	1538.26476	1525.12404
2025-08-08T13:14:53Z	5061.00000	1555.77782	1538.66263	1525.35478
2025-08-08T13:14:54Z	5061.00000	1556.04793	1538.91665	1525.50083
2025-08-08T13:14:54Z	5061.00000	1556.31613	1539.16444	1525.64389
2025-08-08T13:14:54Z	5061.00000	1556.54105	1539.37184	1525.75946
2025-08-08T13:14:54Z	5061.00000	1556.89134	1539.69897	1525.95045
2025-08-08T13:14:54Z	5061.00000	1557.19091	1539.98137	1526.11263
2025-08-08T13:14:54Z	5062.00000	1557.39657	1540.17296	1526.22526
2025-08-08T13:14:54Z	5062.00000	1557.59648	1540.36107	1526.33181
2025-08-08T13:14:54Z	5062.00000	1557.87426	1540.61966	1526.48251
2025-08-08T13:14:54Z	5062.00000	1558.06851	1540.80273	1526.58864
2025-08-08T13:14:54Z	5062.00000	1558.38600	1541.10334	1526.76238
2025-08-08T13:14:55Z	5062.00000	1558.60964	1541.31507	1526.88383
2025-08-08T13:14:55Z	5062.00000	1558.79364	1541.48915	1526.98666
2025-08-08T13:14:55Z	5062.00000	1559.01035	1541.69499	1527.10350
2025-08-08T13:14:55Z	5062.00000	1559.25847	1541.93210	1527.24123
2025-08-08T13:14:55Z	5062.00000	1559.46832	1542.13240	1527.35987
2025-08-08T13:14:55Z	5062.00000	1559.67431	1542.32785	1527.47143
2025-08-08T13:14:55Z	5063.00000	1559.93386	1542.57868	1527.61516
2025-08-08T13:14:55Z	5063.00000	1560.15409	1542.78610	1527.73646
2025-08-08T13:14:55Z	5063.00000	1560.33205	1542.95796	1527.83735
2025-08-08T13:14:55Z	5063.00000	1560.49692	1543.11948	1527.93128
2025-08-08T13:14:56Z	5063.00000	1560.66393	1543.27902	1528.02262
2025-08-08T13:14:56Z	5063.00000	1560.66922	1543.26596	1528.02697
2025-08-08T13:14:56Z	5063.00000	1560.67133	1543.26299	1528.02822
2025-08-08T13:14:56Z	5063.00000	1560.67379	1543.25985	1528.02945
2025-08-08T13:14:56Z	5063.00000	1560.67515	1543.25928	1528.03007
2025-08-08T13:14:56Z	5063.00000	1560.67608	1543.25832	1528.03067
2025-08-08T13:14:56Z	5064.00000	1560.67659	1543.25771	1528.03139
2025-08-08T13:14:56Z	5064.00000	1560.67701	1543.25723	1528.03153
2025-08-08T13:14:56Z	5064.00000	1560.67783	1543.25704	1528.03205
2025-08-08T13:14:56Z	5064.00000	1560.67830	1543.25642	1528.03241
2025-08-08T13:14:57Z	5064.00000	1560.67885	1543.25647	1528.03279
2025-08-08T13:14:57Z	5064.00000	1560.67919	1543.25634	1528.03318
2025-08-08T13:14:57Z	5064.00000	1560.67964	1543.25659	1528.03355
2025-08-08T13:14:57Z	5064.00000	1560.68005	1543.25656	1528.03369
2025-08-08T13:14:57Z	5064.00000	1560.68012	1543.25630	1528.03405
2025-08-08T13:14:57Z	5064.00000	1560.68097	1543.25601	1528.03443
2025-08-08T13:14:57Z	5065.00000	1560.68095	1543.25641	1528.03469
2025-08-08T13:14:57Z	5065.00000	1560.68147	1543.25608	1528.03505
2025-08-08T13:14:57Z	5065.00000	1560.68151	1543.25626	1528.03503
2025-08-08T13:14:57Z	5065.00000	1560.68170	1543.25638	1528.03533
2025-08-08T13:14:58Z	5065.00000	1560.68188	1543.25640	1528.03561
2025-08-08T13:14:58Z	5065.00000	1560.68230	1543.25667	1528.03597
2025-08-08T13:14:58Z	5065.00000	1560.68236	1543.25655	1528.03615
2025-08-08T13:14:58Z	5065.00000	1560.68254	1543.25648	1528.03652
2025-08-08T13:14:58Z	5065.00000	1560.68293	1543.25635	1528.03675
2025-08-08T13:14:58Z	5065.00000	1560.68326	1543.25638	1528.03704
2025-08-08T13:14:58Z	5066.00000	1560.58119	1543.08664	1528.01717
2025-08-08T13:14:58Z	5066.00000	1558.65571	1541.31775	1526.91158
2025-08-08T13:14:58Z	5066.00000	1558.27041	1540.96641	1526.69860
2025-08-08T13:14:58Z	5066.00000	1557.97466	1540.69153	1526.53568
2025-08-08T13:14:59Z	5066.00000	1557.77290	1540.50617	1526.42800
2025-08-08T13:14:59Z	5066.00000	1557.51155	1540.26583	1526.28214
2025-08-08T13:14:59Z	5066.00000	1557.33230	1540.10005	1526.18422
2025-08-08T13:14:59Z	5066.00000	1557.11841	1539.90684	1526.07052
2025-08-08T13:14:59Z	5066.00000	1556.87428	1539.67989	1525.93546
2025-08-08T13:14:59Z	5067.00000	1556.70431	1539.52345	1525.84470
2025-08-08T13:14:59Z	5067.00000	1556.54012	1539.37177	1525.75374
2025-08-08T13:14:59Z	5067.00000	1556.30888	1539.15991	1525.63518
2025-08-08T13:14:59Z	5067.00000	1556.12241	1538.98819	1525.53585
2025-08-08T13:14:59Z	5067.00000	1555.90509	1538.78709	1525.42234
2025-08-08T13:15:00Z	5067.00000	1555.72074	1538.61316	1525.32351
2025-08-08T13:15:00Z	5067.00000	1555.57299	1538.47648	1525.24499
2025-08-08T13:15:00Z	5067.00000	1555.42936	1538.34556	1525.16611
2025-08-08T13:15:00Z	5067.00000	1555.24655	1538.17676	1525.07075
2025-08-08T13:15:00Z	5067.00000	1555.23611	1538.16805	1525.06434
2025-08-08T13:15:00Z	5068.00000	1555.23157	1538.16255	1525.06167
2025-08-08T13:15:00Z	5068.00000	1555.22724	1538.15864	1525.05973
2025-08-08T13:15:00Z	5068.00000	1555.22430	1538.15588	1525.05837
2025-08-08T13:15:00Z	5068.00000	1555.22095	1538.15247	1525.05627
2025-08-08T13:15:00Z	5068.00000	1555.21906	1538.14981	1525.05478
2025-08-08T13:15:01Z	5068.00000	1555.21742	1538.14796	1525.05340
2025-08-08T13:15:01Z	5068.00000	1555.21552	1538.14639	1525.05231
2025-08-08T13:15:01Z	5068.00000	1555.21325	1538.14276	1525.05104
2025-08-08T13:15:01Z	5068.00000	1555.20990	1538.13998	1525.04943
2025-08-08T13:15:01Z	5068.00000	1555.20812	1538.13839	1525.04848
2025-08-08T13:15:01Z	5069.00000	1555.20654	1538.13647	1525.04755
2025-08-08T13:15:01Z	5069.00000	1555.20542	1538.13486	1525.04701
2025-08-08T13:15:01Z	5069.00000	1555.20421	1538.13307	1525.04589
2025-08-08T13:15:01Z	5069.00000	1555.20266	1538.13148	1525.04506
2025-08-08T13:15:01Z	5069.00000	1555.19937	1538.12851	1525.04241
2025-08-08T13:15:02Z	5069.00000	1555.19703	1538.12613	1525.04154
2025-08-08T13:15:02Z	5069.00000	1555.19552	1538.12486	1525.04069
2025-08-08T13:15:02Z	5069.00000	1555.19401	1538.12315	1525.03962
2025-08-08T13:15:02Z	5070.00000	1555.19264	1538.12220	1525.03882
2025-08-08T13:15:02Z	5070.00000	1555.19167	1538.12077	1525.03837
2025-08-08T13:15:02Z	5070.00000	1555.19119	1538.11988	1525.03792
2025-08-08T13:15:02Z	5070.00000	1555.19007	1538.11833	1525.03718
2025-08-08T13:15:02Z	5070.00000	1555.18935	1538.11758	1525.03663
2025-08-08T13:15:03Z	5070.00000	1555.18798	1538.11607	1525.03585
2025-08-08T13:15:03Z	5070.00000	1555.18724	1538.11547	1525.03520
2025-08-08T13:15:03Z	5070.00000	1555.18596	1538.11417	1525.03448
2025-08-08T13:15:03Z	5070.00000	1555.18452	1538.11298	1525.03361
2025-08-08T13:15:03Z	5071.00000	1555.18337	1538.11138	1525.03320
2025-08-08T13:15:03Z	5071.00000	1555.18179	1538.11004	1525.03240
2025-08-08T13:15:03Z	5071.00000	1555.18071	1538.10894	1525.03156
2025-08-08T13:15:04Z	5071.00000	1555.17971	1538.10850	1525.03085
2025-08-08T13:15:04Z	5071.00000	1555.17903	1538.10775	1525.03050
2025-08-08T13:15:04Z	5071.00000	1555.17855	1538.10712	1525.03035
2025-08-08T13:15:04Z	5071.00000	1555.17811	1538.10675	1525.02994
2025-08-08T13:15:04Z	5071.00000	1555.17745	1538.10607	1525.02948
2025-08-08T13:15:04Z	5071.00000	1555.17691	1538.10528	1525.02898
2025-08-08T13:15:04Z	5072.00000	1555.17646	1538.10474	1525.02854
2025-08-08T13:15:04Z	5072.00000	1555.17613	1538.10386	1525.02813
2025-08-08T13:15:04Z	5072.00000	1555.42741	1538.33762	1525.16195
2025-08-08T13:15:04Z	5072.00000	1555.93916	1538.81533	1525.44554
2025-08-08T13:15:05Z	5072.00000	1556.53196	1539.36434	1525.75490
2025-08-08T13:15:05Z	5072.00000	1556.79525	1539.61180	1525.90021
2025-08-08T13:15:05Z	5072.00000	1557.05250	1539.85253	1526.04116
2025-08-08T13:15:05Z	5072.00000	1557.26021	1540.04738	1526.15112
2025-08-08T13:15:05Z	5073.00000	1557.50634	1540.27503	1526.28425
2025-08-08T13:15:05Z	5073.00000	1557.78750	1540.54168	1526.43896
2025-08-08T13:15:05Z	5073.00000	1558.06365	1540.79916	1526.58697
2025-08-08T13:15:06Z	5073.00000	1558.56394	1541.27263	1526.86008
2025-08-08T13:15:06Z	5073.00000	1559.00308	1541.68950	1527.10030
2025-08-08T13:15:06Z	5073.00000	1559.25394	1541.92802	1527.23980
2025-08-08T13:15:06Z	5073.00000	1559.43329	1542.09989	1527.34049
2025-08-08T13:15:06Z	5073.00000	1559.64625	1542.30389	1527.45747
2025-08-08T13:15:06Z	5074.00000	1559.88014	1542.52852	1527.58647
2025-08-08T13:15:06Z	5074.00000	1560.07198	1542.71145	1527.69055
2025-08-08T13:15:06Z	5074.00000	1560.22475	1542.85340	1527.77773
2025-08-08T13:15:06Z	5074.00000	1560.43281	1543.06051	1527.89635
2025-08-08T13:15:07Z	5074.00000	1560.61121	1543.22786	1527.99522
2025-08-08T13:15:07Z	5074.00000	1560.67326	1543.26482	1528.02953
2025-08-08T13:15:07Z	5074.00000	1560.67627	1543.26148	1528.03140
2025-08-08T13:15:07Z	5074.00000	1560.67732	1543.26029	1528.03176
2025-08-08T13:15:07Z	5075.00000	1560.67799	1543.25955	1528.03230
2025-08-08T13:15:07Z	5075.00000	1560.67870	1543.25969	1528.03284
2025-08-08T13:15:07Z	5075.00000	1560.67921	1543.25912	1528.03299
2025-08-08T13:15:07Z	5075.00000	1560.67970	1543.25892	1528.03349
2025-08-08T13:15:07Z	5075.00000	1560.67987	1543.25916	1528.03392
2025-08-08T13:15:08Z	5075.00000	1560.68032	1543.25863	1528.03436
2025-08-08T13:15:08Z	5075.00000	1560.68117	1543.25867	1528.03515
2025-08-08T13:15:08Z	5075.00000	1560.68162	1543.25857	1528.03566
2025-08-08T13:15:08Z	5076.00000	1560.68224	1543.25833	1528.03577
2025-08-08T13:15:08Z	5076.00000	1560.68228	1543.25837	1528.03627
2025-08-08T13:15:08Z	5076.00000	1560.68257	1543.25854	1528.03675
2025-08-08T13:15:08Z	5076.00000	1560.68269	1543.25878	1528.03677
2025-08-08T13:15:09Z	5076.00000	1560.68340	1543.25851	1528.03739
2025-08-08T13:15:09Z	5076.00000	1560.68324	1543.25823	1528.03757
2025-08-08T13:15:09Z	5076.00000	1560.68378	1543.25867	1528.03793
2025-08-08T13:15:09Z	5076.00000	1560.68373	1543.25839	1528.03808
2025-08-08T13:15:09Z	5076.00000	1560.68401	1543.25838	1528.03841
2025-08-08T13:15:09Z	5077.00000	1559.09912	1541.72179	1527.15901
2025-08-08T13:15:09Z	5077.00000	1558.48388	1541.16314	1526.81969
2025-08-08T13:15:09Z	5077.00000	1558.15047	1540.85493	1526.63521
2025-08-08T13:15:10Z	5077.00000	1557.86623	1540.59395	1526.47804
2025-08-08T13:15:10Z	5077.00000	1557.59880	1540.34903	1526.33056
2025-08-08T13:15:10Z	5077.00000	1557.41781	1540.18211	1526.23396
2025-08-08T13:15:10Z	5077.00000	1556.98856	1539.78518	1526.00021
2025-08-08T13:15:10Z	5077.00000	1556.78328	1539.59731	1525.88875
2025-08-08T13:15:10Z	5078.00000	1556.58096	1539.41077	1525.77645
2025-08-08T13:15:10Z	5078.00000	1556.38355	1539.22925	1525.67475
2025-08-08T13:15:10Z	5078.00000	1556.19175	1539.05248	1525.57272
2025-08-08T13:15:10Z	5078.00000	1556.00538	1538.88122	1525.47723
2025-08-08T13:15:10Z	5078.00000	1555.81979	1538.70847	1525.37597
2025-08-08T13:15:11Z	5078.00000	1555.61311	1538.51422	1525.26701
2025-08-08T13:15:11Z	5078.00000	1555.43633	1538.35326	1525.17035
2025-08-08T13:15:11Z	5078.00000	1555.26533	1538.19637	1525.08134
2025-08-08T13:15:11Z	5078.00000	1555.24736	1538.17829	1525.07152
2025-08-08T13:15:11Z	5079.00000	1555.23531	1538.16751	1525.06441
2025-08-08T13:15:11Z	5079.00000	1555.23155	1538.16306	1525.06212
2025-08-08T13:15:11Z	5079.00000	1555.22480	1538.15685	1525.05910
2025-08-08T13:15:12Z	5079.00000	1555.22219	1538.15432	1525.05774
2025-08-08T13:15:12Z	5079.00000	1555.22019	1538.15193	1525.05603
2025-08-08T13:15:12Z	5079.00000	1555.21837	1538.14975	1525.05469
2025-08-08T13:15:12Z	5079.00000	1555.21623	1538.14697	1525.05326
2025-08-08T13:15:12Z	5079.00000	1555.21382	1538.14536	1525.05210
2025-08-08T13:15:12Z	5079.00000	1555.21125	1538.14168	1525.05076
2025-08-08T13:15:12Z	5080.00000	1555.20928	1538.13951	1525.04963
2025-08-08T13:15:12Z	5080.00000	1555.20653	1538.13716	1525.04805
2025-08-08T13:15:12Z	5080.00000	1555.20535	1538.13566	1525.04716
2025-08-08T13:15:13Z	5080.00000	1555.20336	1538.13278	1525.04555
2025-08-08T13:15:13Z	5080.00000	1555.20327	1538.13256	1525.04569
2025-08-08T13:15:13Z	5080.00000	1555.20205	1538.13093	1525.04464
2025-08-08T13:15:13Z	5080.00000	1555.20074	1538.12999	1525.04407
2025-08-08T13:15:13Z	5080.00000	1555.19930	1538.12861	1525.04318
2025-08-08T13:15:13Z	5080.00000	1555.19800	1538.12766	1525.04239
2025-08-08T13:15:13Z	5081.00000	1555.19664	1538.12654	1525.04155
2025-08-08T13:15:13Z	5081.00000	1555.19434	1538.12402	1525.04013
2025-08-08T13:15:13Z	5081.00000	1555.19331	1538.12258	1525.03939
2025-08-08T13:15:14Z	5081.00000	1555.19205	1538.12149	1525.03890
2025-08-08T13:15:14Z	5081.00000	1555.19143	1538.12112	1525.03849
2025-08-08T13:15:14Z	5081.00000	1555.19077	1538.11932	1525.03792
2025-08-08T13:15:14Z	5081.00000	1555.18993	1538.11826	1525.03720
2025-08-08T13:15:14Z	5081.00000	1555.18925	1538.11745	1525.03682
2025-08-08T13:15:14Z	5082.00000	1555.18816	1538.11610	1525.03596
2025-08-08T13:15:14Z	5082.00000	1555.18730	1538.11477	1525.03570
2025-08-08T13:15:14Z	5082.00000	1555.18571	1538.11426	1525.03490
2025-08-08T13:15:15Z	5082.00000	1555.18455	1538.11359	1525.03429
2025-08-08T13:15:15Z	5082.00000	1555.18356	1538.11183	1525.03309
2025-08-08T13:15:15Z	5082.00000	1555.18285	1538.11093	1525.03309
2025-08-08T13:15:15Z	5082.00000	1555.18199	1538.11066	1525.03255
2025-08-08T13:15:15Z	5082.00000	1555.18135	1538.11023	1525.03213
2025-08-08T13:15:15Z	5083.00000	1555.18060	1538.10921	1525.03184
2025-08-08T13:15:15Z	5083.00000	1555.17996	1538.10862	1525.03138
2025-08-08T13:15:15Z	5083.00000	1555.35972	1538.27729	1525.13168
2025-08-08T13:15:15Z	5083.00000	1555.64235	1538.53669	1525.28298
2025-08-08T13:15:16Z	5083.00000	1555.96088	1538.83467	1525.45612
2025-08-08T13:15:16Z	5083.00000	1556.23128	1539.08915	1525.59940
2025-08-08T13:15:16Z	5083.00000	1556.55535	1539.38700	1525.76872
2025-08-08T13:15:16Z	5083.00000	1556.85768	1539.67002	1525.93364
2025-08-08T13:15:16Z	5083.00000	1557.06743	1539.86694	1526.04984
2025-08-08T13:15:16Z	5083.00000	1557.36340	1540.14126	1526.20809
2025-08-08T13:15:16Z	5084.00000	1557.64474	1540.40689	1526.35954
2025-08-08T13:15:16Z	5084.00000	1557.84381	1540.59255	1526.46824
2025-08-08T13:15:16Z	5084.00000	1558.07694	1540.81166	1526.59546
2025-08-08T13:15:16Z	5084.00000	1558.34944	1541.07047	1526.74339
2025-08-08T13:15:17Z	5084.00000	1558.57704	1541.28636	1526.86767
2025-08-08T13:15:17Z	5084.00000	1558.76473	1541.46410	1526.97223
2025-08-08T13:15:17Z	5084.00000	1558.98875	1541.67658	1527.09298
2025-08-08T13:15:17Z	5084.00000	1559.24125	1541.91757	1527.23347
2025-08-08T13:15:17Z	5084.00000	1559.45183	1542.11808	1527.35181
2025-08-08T13:15:17Z	5084.00000	1559.66112	1542.31631	1527.46461
2025-08-08T13:15:17Z	5085.00000	1559.89283	1542.54173	1527.59369
2025-08-08T13:15:17Z	5085.00000	1560.11793	1542.75529	1527.71816
2025-08-08T13:15:17Z	5085.00000	1560.32891	1542.95584	1527.83631
2025-08-08T13:15:17Z	5085.00000	1560.46749	1543.09473	1527.91689
2025-08-08T13:15:18Z	5085.00000	1560.61982	1543.24349	1528.00047
2025-08-08T13:15:18Z	5085.00000	1560.66954	1543.27146	1528.02807
2025-08-08T13:15:18Z	5085.00000	1560.67323	1543.26743	1528.03027
2025-08-08T13:15:18Z	5085.00000	1560.67583	1543.26519	1528.03153
2025-08-08T13:15:18Z	5085.00000	1560.67726	1543.26340	1528.03225
2025-08-08T13:15:18Z	5085.00000	1560.67788	1543.26223	1528.03273
2025-08-08T13:15:18Z	5086.00000	1560.67859	1543.26117	1528.03338
2025-08-08T13:15:18Z	5086.00000	1560.67920	1543.26108	1528.03392
2025-08-08T13:15:18Z	5086.00000	1560.67989	1543.26122	1528.03418
2025-08-08T13:15:18Z	5086.00000	1560.68008	1543.26046	1528.03443
2025-08-08T13:15:19Z	5086.00000	1560.68070	1543.26012	1528.03489
2025-08-08T13:15:19Z	5086.00000	1560.68105	1543.26038	1528.03538
2025-08-08T13:15:19Z	5086.00000	1560.68151	1543.26034	1528.03588
2025-08-08T13:15:19Z	5086.00000	1560.68165	1543.26031	1528.03604
2025-08-08T13:15:19Z	5087.00000	1560.68235	1543.26018	1528.03673
2025-08-08T13:15:19Z	5087.00000	1560.68262	1543.25961	1528.03693
2025-08-08T13:15:19Z	5087.00000	1560.68301	1543.25965	1528.03729
2025-08-08T13:15:19Z	5087.00000	1560.68314	1543.26013	1528.03757
2025-08-08T13:15:19Z	5087.00000	1560.68347	1543.26014	1528.03802
2025-08-08T13:15:20Z	5087.00000	1560.68357	1543.25951	1528.03837
2025-08-08T13:15:20Z	5087.00000	1560.68368	1543.25987	1528.03857
2025-08-08T13:15:20Z	5087.00000	1560.68410	1543.26014	1528.03871
2025-08-08T13:15:20Z	5087.00000	1560.68409	1543.26011	1528.03900
2025-08-08T13:15:20Z	5087.00000	1560.68416	1543.26011	1528.03916
2025-08-08T13:15:20Z	5087.00000	1560.68481	1543.26027	1528.03939
2025-08-08T13:15:20Z	5088.00000	1560.68484	1543.26012	1528.03956
2025-08-08T13:15:20Z	5088.00000	1559.06180	1541.69309	1527.14434
2025-08-08T13:15:20Z	5088.00000	1558.47307	1541.15750	1526.81608
2025-08-08T13:15:20Z	5088.00000	1558.18612	1540.89123	1526.65536
2025-08-08T13:15:21Z	5088.00000	1557.93410	1540.65769	1526.51609
2025-08-08T13:15:21Z	5088.00000	1557.66680	1540.41077	1526.37020
2025-08-08T13:15:21Z	5088.00000	1557.44471	1540.20823	1526.24960
2025-08-08T13:15:21Z	5088.00000	1557.19593	1539.97996	1526.11226
2025-08-08T13:15:21Z	5088.00000	1556.94858	1539.75057	1525.97905
2025-08-08T13:15:21Z	5089.00000	1556.54615	1539.37920	1525.75862
2025-08-08T13:15:21Z	5089.00000	1556.28567	1539.14166	1525.62461
2025-08-08T13:15:21Z	5089.00000	1556.09573	1538.96617	1525.52394
2025-08-08T13:15:21Z	5089.00000	1555.90792	1538.79112	1525.42553
2025-08-08T13:15:22Z	5089.00000	1555.55117	1538.45665	1525.23354
2025-08-08T13:15:22Z	5089.00000	1555.37847	1538.29877	1525.14051
2025-08-08T13:15:22Z	5089.00000	1555.25314	1538.18579	1525.07375
2025-08-08T13:15:22Z	5089.00000	1555.24787	1538.18007	1525.07189
2025-08-08T13:15:22Z	5089.00000	1555.24185	1538.17410	1525.06901
2025-08-08T13:15:22Z	5090.00000	1555.23679	1538.17024	1525.06613
2025-08-08T13:15:22Z	5090.00000	1555.23427	1538.16661	1525.06411
2025-08-08T13:15:22Z	5090.00000	1555.23056	1538.16256	1525.06235
2025-08-08T13:15:22Z	5090.00000	1555.22754	1538.15981	1525.06079
2025-08-08T13:15:23Z	5090.00000	1555.22197	1538.15424	1525.05798
2025-08-08T13:15:23Z	5090.00000	1555.22053	1538.15277	1525.05665
2025-08-08T13:15:23Z	5090.00000	1555.21904	1538.15040	1525.05548
2025-08-08T13:15:23Z	5090.00000	1555.21684	1538.14823	1525.05397
2025-08-08T13:15:23Z	5091.00000	1555.21528	1538.14673	1525.05295
2025-08-08T13:15:23Z	5091.00000	1555.21345	1538.14533	1525.05230
2025-08-08T13:15:23Z	5091.00000	1555.21154	1538.14177	1525.05106
2025-08-08T13:15:23Z	5091.00000	1555.20990	1538.14064	1525.05028
2025-08-08T13:15:23Z	5091.00000	1555.20832	1538.13882	1525.04931
2025-08-08T13:15:24Z	5091.00000	1555.20567	1538.13590	1525.04766
2025-08-08T13:15:24Z	5091.00000	1555.20502	1538.13458	1525.04719
2025-08-08T13:15:24Z	5091.00000	1555.20378	1538.13325	1525.04628
2025-08-08T13:15:24Z	5091.00000	1555.20266	1538.13198	1525.04557
2025-08-08T13:15:24Z	5091.00000	1555.20189	1538.13107	1525.04490
2025-08-08T13:15:24Z	5092.00000	1555.20056	1538.12998	1525.04407
2025-08-08T13:15:24Z	5092.00000	1555.19929	1538.12903	1525.04348
2025-08-08T13:15:24Z	5092.00000	1555.19777	1538.12782	1525.04255
2025-08-08T13:15:24Z	5092.00000	1555.19664	1538.12625	1525.04203
2025-08-08T13:15:25Z	5092.00000	1555.19555	1538.12564	1525.04116
2025-08-08T13:15:25Z	5092.00000	1555.19478	1538.12453	1525.04080
2025-08-08T13:15:25Z	5092.00000	1555.19395	1538.12379	1525.04017
2025-08-08T13:15:25Z	5092.00000	1555.19311	1538.12280	1525.03971
2025-08-08T13:15:25Z	5092.00000	1555.19223	1538.12180	1525.03913
2025-08-08T13:15:25Z	5092.00000	1555.19132	1538.12067	1525.03870
2025-08-08T13:15:25Z	5093.00000	1555.19075	1538.11976	1525.03819
2025-08-08T13:15:25Z	5093.00000	1555.19011	1538.11885	1525.03764
2025-08-08T13:15:25Z	5093.00000	1555.18968	1538.11825	1525.03739
2025-08-08T13:15:25Z	5093.00000	1555.18900	1538.11723	1525.03670
2025-08-08T13:15:26Z	5093.00000	1555.18827	1538.11652	1525.03630
2025-08-08T13:15:26Z	5093.00000	1555.18761	1538.11584	1525.03620
2025-08-08T13:15:26Z	5093.00000	1555.18682	1538.11519	1525.03568
2025-08-08T13:15:26Z	5093.00000	1555.18593	1538.11480	1525.03534
2025-08-08T13:15:26Z	5093.00000	1555.18533	1538.11437	1525.03471
2025-08-08T13:15:26Z	5093.00000	1555.18485	1538.11364	1525.03437
2025-08-08T13:15:26Z	5094.00000	1555.18397	1538.11255	1525.03392
2025-08-08T13:15:26Z	5094.00000	1555.18367	1538.11227	1525.03353
2025-08-08T13:15:26Z	5094.00000	1555.39032	1538.30363	1525.14319
2025-08-08T13:15:26Z	5094.00000	1555.71647	1538.60766	1525.32480
2025-08-08T13:15:27Z	5094.00000	1556.07885	1538.94794	1525.51866
2025-08-08T13:15:27Z	5094.00000	1556.45126	1539.29328	1525.71464
2025-08-08T13:15:27Z	5094.00000	1556.75558	1539.57467	1525.88031
2025-08-08T13:15:27Z	5094.00000	1557.01082	1539.81466	1526.01908
2025-08-08T13:15:27Z	5094.00000	1557.30344	1540.08816	1526.17615
2025-08-08T13:15:27Z	5095.00000	1557.50841	1540.27849	1526.28615
2025-08-08T13:15:27Z	5095.00000	1557.71045	1540.46824	1526.39817
2025-08-08T13:15:27Z	5095.00000	1558.03565	1540.77409	1526.57293
2025-08-08T13:15:27Z	5095.00000	1558.30511	1541.02913	1526.72065
2025-08-08T13:15:27Z	5095.00000	1558.49796	1541.21000	1526.82656
2025-08-08T13:15:28Z	5095.00000	1558.75742	1541.45794	1526.96930
2025-08-08T13:15:28Z	5095.00000	1558.97737	1541.66810	1527.08864
2025-08-08T13:15:28Z	5095.00000	1559.33539	1542.00794	1527.28478
2025-08-08T13:15:28Z	5096.00000	1559.78280	1542.43628	1527.53455
2025-08-08T13:15:28Z	5096.00000	1559.94662	1542.59189	1527.62304
2025-08-08T13:15:28Z	5096.00000	1560.10672	1542.74481	1527.71200
2025-08-08T13:15:28Z	5096.00000	1560.31928	1542.94795	1527.83156
2025-08-08T13:15:28Z	5096.00000	1560.45789	1543.08608	1527.91197
2025-08-08T13:15:29Z	5096.00000	1560.65963	1543.27862	1528.02083
2025-08-08T13:15:29Z	5096.00000	1560.67123	1543.27124	1528.02990
2025-08-08T13:15:29Z	5096.00000	1560.67428	1543.26802	1528.03144
2025-08-08T13:15:29Z	5096.00000	1560.67658	1543.26538	1528.03252
2025-08-08T13:15:29Z	5096.00000	1560.67754	1543.26461	1528.03311
2025-08-08T13:15:29Z	5096.00000	1560.67855	1543.26393	1528.03400
2025-08-08T13:15:29Z	5097.00000	1560.67898	1543.26309	1528.03424
2025-08-08T13:15:29Z	5097.00000	1560.67952	1543.26281	1528.03481
2025-08-08T13:15:29Z	5097.00000	1560.68002	1543.26241	1528.03505
2025-08-08T13:15:29Z	5097.00000	1560.68090	1543.26188	1528.03576
2025-08-08T13:15:29Z	5097.00000	1560.68132	1543.26150	1528.03600
2025-08-08T13:15:30Z	5097.00000	1560.68127	1543.26150	1528.03628
2025-08-08T13:15:30Z	5097.00000	1560.68170	1543.26154	1528.03691
2025-08-08T13:15:30Z	5097.00000	1560.68208	1543.26143	1528.03698
2025-08-08T13:15:30Z	5097.00000	1560.68247	1543.26075	1528.03756
2025-08-08T13:15:30Z	5097.00000	1560.68249	1543.26100	1528.03799
2025-08-08T13:15:30Z	5098.00000	1560.68292	1543.26096	1528.03833
2025-08-08T13:15:30Z	5098.00000	1560.68351	1543.26078	1528.03841
2025-08-08T13:15:30Z	5098.00000	1560.68371	1543.26077	1528.03875
2025-08-08T13:15:30Z	5098.00000	1560.68358	1543.26101	1528.03915
2025-08-08T13:15:31Z	5098.00000	1560.68370	1543.26103	1528.03944
2025-08-08T13:15:31Z	5098.00000	1560.68408	1543.26094	1528.03936
2025-08-08T13:15:31Z	5098.00000	1560.68428	1543.26067	1528.03971
2025-08-08T13:15:31Z	5098.00000	1560.68457	1543.26120	1528.04002
2025-08-08T13:15:31Z	5098.00000	1560.68446	1543.26112	1528.04016
2025-08-08T13:15:31Z	5098.00000	1560.68471	1543.26120	1528.04028
2025-08-08T13:15:31Z	5099.00000	1560.68486	1543.26135	1528.04070
2025-08-08T13:15:31Z	5099.00000	1559.07997	1541.70815	1527.15159
2025-08-08T13:15:31Z	5099.00000	1558.43313	1541.11923	1526.79319
2025-08-08T13:15:31Z	5099.00000	1558.19806	1540.90210	1526.66256
2025-08-08T13:15:32Z	5099.00000	1557.90914	1540.63472	1526.50298
2025-08-08T13:15:32Z	5099.00000	1557.67722	1540.42124	1526.37664
2025-08-08T13:15:32Z	5099.00000	1557.41774	1540.18365	1526.23514
2025-08-08T13:15:32Z	5099.00000	1557.16470	1539.95033	1526.09607
2025-08-08T13:15:32Z	5099.00000	1556.92283	1539.72718	1525.96476
2025-08-08T13:15:32Z	5100.00000	1556.68612	1539.50860	1525.83684
2025-08-08T13:15:32Z	5100.00000	1556.48438	1539.32366	1525.72645
2025-08-08T13:15:32Z	5100.00000	1556.28698	1539.14336	1525.62608
2025-08-08T13:15:32Z	5100.00000	1556.09958	1538.97107	1525.52651
2025-08-08T13:15:32Z	5100.00000	1555.94580	1538.82592	1525.44655
2025-08-08T13:15:33Z	5100.00000	1555.79374	1538.68287	1525.36274
2025-08-08T13:15:33Z	5100.00000	1555.57608	1538.48026	1525.24825
2025-08-08T13:15:33Z	5100.00000	1555.37596	1538.29742	1525.14009
2025-08-08T13:15:33Z	5100.00000	1555.25748	1538.18962	1525.07746
2025-08-08T13:15:33Z	5100.00000	1555.25048	1538.18294	1525.07380
2025-08-08T13:15:33Z	5100.00000	1555.24600	1538.17784	1525.07142
2025-08-08T13:15:33Z	5101.00000	1555.24001	1538.17313	1525.06865
2025-08-08T13:15:33Z	5101.00000	1555.23715	1538.17017	1525.06675
2025-08-08T13:15:33Z	5101.00000	1555.23458	1538.16680	1525.06471
2025-08-08T13:15:33Z	5101.00000	1555.23151	1538.16346	1525.06312
2025-08-08T13:15:34Z	5101.00000	1555.22803	1538.16050	1525.06144
2025-08-08T13:15:34Z	5101.00000	1555.22567	1538.15847	1525.06048
2025-08-08T13:15:34Z	5101.00000	1555.22325	1538.15615	1525.05910
2025-08-08T13:15:34Z	5101.00000	1555.22134	1538.15387	1525.05792
2025-08-08T13:15:34Z	5101.00000	1555.21954	1538.15118	1525.05647
2025-08-08T13:15:34Z	5101.00000	1555.21802	1538.14977	1525.05529
2025-08-08T13:15:34Z	5102.00000	1555.21598	1538.14710	1525.05372
2025-08-08T13:15:34Z	5102.00000	1555.21435	1538.14650	1525.05300
2025-08-08T13:15:34Z	5102.00000	1555.21295	1538.14351	1525.05226
2025-08-08T13:15:34Z	5102.00000	1555.21120	1538.14242	1525.05137
2025-08-08T13:15:34Z	5102.00000	1555.20962	1538.14122	1525.05054
2025-08-08T13:15:35Z	5102.00000	1555.20840	1538.13925	1525.04988
2025-08-08T13:15:35Z	5102.00000	1555.20716	1538.13830	1525.04908
2025-08-08T13:15:35Z	5102.00000	1555.20599	1538.13639	1525.04830
2025-08-08T13:15:35Z	5102.00000	1555.20497	1538.13484	1525.04760
2025-08-08T13:15:35Z	5103.00000	1555.20389	1538.13356	1525.04695
2025-08-08T13:15:35Z	5103.00000	1555.20259	1538.13273	1525.04618
2025-08-08T13:15:35Z	5103.00000	1555.20219	1538.13161	1525.04570
2025-08-08T13:15:35Z	5103.00000	1555.20114	1538.13050	1525.04480
2025-08-08T13:15:35Z	5103.00000	1555.19989	1538.12971	1525.04425
2025-08-08T13:15:36Z	5103.00000	1555.19867	1538.12879	1525.04357
2025-08-08T13:15:36Z	5103.00000	1555.19762	1538.12760	1525.04316
2025-08-08T13:15:36Z	5103.00000	1555.19634	1538.12617	1525.04209
2025-08-08T13:15:36Z	5103.00000	1555.19540	1538.12564	1525.04169
2025-08-08T13:15:36Z	5103.00000	1555.19454	1538.12469	1525.04114
2025-08-08T13:15:36Z	5103.00000	1555.19358	1538.12377	1525.04059
2025-08-08T13:15:36Z	5104.00000	1555.19304	1538.12317	1525.03998
2025-08-08T13:15:36Z	5104.00000	1555.19187	1538.12141	1525.03942
2025-08-08T13:15:36Z	5104.00000	1555.19130	1538.12103	1525.03898
2025-08-08T13:15:36Z	5104.00000	1555.19085	1538.12005	1525.03860
2025-08-08T13:15:37Z	5104.00000	1555.19041	1538.11939	1525.03833
2025-08-08T13:15:37Z	5104.00000	1555.18980	1538.11853	1525.03784
2025-08-08T13:15:37Z	5104.00000	1555.18908	1538.11788	1525.03743
2025-08-08T13:15:37Z	5104.00000	1555.18858	1538.11718	1525.03698
2025-08-08T13:15:37Z	5104.00000	1555.18813	1538.11642	1525.03673
2025-08-08T13:15:37Z	5104.00000	1555.18734	1538.11581	1525.03611
2025-08-08T13:15:37Z	5105.00000	1555.18657	1538.11510	1525.03580
2025-08-08T13:15:37Z	5105.00000	1555.18574	1538.11449	1525.03557
2025-08-08T13:15:37Z	5105.00000	1555.36600	1538.28366	1525.13546
2025-08-08T13:15:37Z	5105.00000	1555.64814	1538.54325	1525.28673
2025-08-08T13:15:38Z	5105.00000	1555.96886	1538.84321	1525.46162
2025-08-08T13:15:38Z	5105.00000	1556.29282	1539.14592	1525.63382
2025-08-08T13:15:38Z	5105.00000	1556.60757	1539.43856	1525.79891
2025-08-08T13:15:38Z	5105.00000	1556.82444	1539.63942	1525.91646
2025-08-08T13:15:38Z	5105.00000	1557.12266	1539.92005	1526.07999
2025-08-08T13:15:38Z	5105.00000	1557.33201	1540.11361	1526.19224
2025-08-08T13:15:38Z	5106.00000	1557.61539	1540.38178	1526.34547
2025-08-08T13:15:38Z	5106.00000	1557.86076	1540.60974	1526.47856
2025-08-08T13:15:38Z	5106.00000	1558.09727	1540.83263	1526.60869
2025-08-08T13:15:38Z	5106.00000	1558.32842	1541.04993	1526.73337
2025-08-08T13:15:39Z	5106.00000	1558.55852	1541.26986	1526.85957
2025-08-08T13:15:39Z	5106.00000	1558.82233	1541.51792	1527.00578
2025-08-08T13:15:39Z	5106.00000	1559.07227	1541.75714	1527.14262
2025-08-08T13:15:39Z	5106.00000	1559.28358	1541.95793	1527.25911
2025-08-08T13:15:39Z	5106.00000	1559.45874	1542.12701	1527.35751
2025-08-08T13:15:39Z	5106.00000	1559.69763	1542.35747	1527.48752
2025-08-08T13:15:39Z	5107.00000	1559.90027	1542.54900	1527.59964
2025-08-08T13:15:39Z	5107.00000	1560.09444	1542.73438	1527.70639
2025-08-08T13:15:39Z	5107.00000	1560.31145	1542.94392	1527.83009
2025-08-08T13:15:39Z	5107.00000	1560.50906	1543.13302	1527.93973
2025-08-08T13:15:40Z	5107.00000	1560.62973	1543.25444	1528.00718
2025-08-08T13:15:40Z	5107.00000	1560.67144	1543.27166	1528.03087
2025-08-08T13:15:40Z	5107.00000	1560.67557	1543.26775	1528.03270
2025-08-08T13:15:40Z	5107.00000	1560.67664	1543.26614	1528.03350
2025-08-08T13:15:40Z	5107.00000	1560.67831	1543.26463	1528.03404
2025-08-08T13:15:40Z	5107.00000	1560.67872	1543.26417	1528.03472
2025-08-08T13:15:40Z	5108.00000	1560.67950	1543.26283	1528.03541
2025-08-08T13:15:40Z	5108.00000	1560.68001	1543.26313	1528.03579
2025-08-08T13:15:40Z	5108.00000	1560.68081	1543.26262	1528.03626
2025-08-08T13:15:40Z	5108.00000	1560.68115	1543.26180	1528.03673
2025-08-08T13:15:41Z	5108.00000	1560.68150	1543.26225	1528.03720
2025-08-08T13:15:41Z	5108.00000	1560.68173	1543.26145	1528.03762
2025-08-08T13:15:41Z	5108.00000	1560.68216	1543.26153	1528.03789
2025-08-08T13:15:41Z	5108.00000	1560.68261	1543.26146	1528.03833
2025-08-08T13:15:41Z	5108.00000	1560.68327	1543.26112	1528.03888
2025-08-08T13:15:41Z	5109.00000	1560.68316	1543.26125	1528.03909
2025-08-08T13:15:41Z	5109.00000	1560.68367	1543.26116	1528.03923
2025-08-08T13:15:41Z	5109.00000	1560.68407	1543.26080	1528.03990
2025-08-08T13:15:41Z	5109.00000	1560.68440	1543.26126	1528.04015
2025-08-08T13:15:42Z	5109.00000	1560.68438	1543.26132	1528.04057
2025-08-08T13:15:42Z	5109.00000	1560.68505	1543.26167	1528.04074
2025-08-08T13:15:42Z	5109.00000	1560.68510	1543.26178	1528.04094
2025-08-08T13:15:42Z	5109.00000	1560.68508	1543.26153	1528.04123
2025-08-08T13:15:42Z	5109.00000	1560.68543	1543.26138	1528.04118
2025-08-08T13:15:42Z	5110.00000	1560.68554	1543.26191	1528.04173
2025-08-08T13:15:42Z	5110.00000	1559.09693	1541.72408	1527.16114
2025-08-08T13:15:42Z	5110.00000	1558.24564	1540.94776	1526.68981
2025-08-08T13:15:42Z	5110.00000	1557.98658	1540.70713	1526.54516
2025-08-08T13:15:43Z	5110.00000	1557.71239	1540.45424	1526.39710
2025-08-08T13:15:43Z	5110.00000	1557.48617	1540.24487	1526.27144
2025-08-08T13:15:43Z	5110.00000	1557.23425	1540.01660	1526.13408
2025-08-08T13:15:43Z	5110.00000	1557.01968	1539.81756	1526.01947
2025-08-08T13:15:43Z	5110.00000	1556.81611	1539.62993	1525.90696
2025-08-08T13:15:43Z	5111.00000	1556.61099	1539.44118	1525.79526
2025-08-08T13:15:43Z	5111.00000	1556.34663	1539.19707	1525.65730
2025-08-08T13:15:43Z	5111.00000	1556.12763	1538.99546	1525.54065
2025-08-08T13:15:43Z	5111.00000	1555.93729	1538.81898	1525.44240
2025-08-08T13:15:44Z	5111.00000	1555.75530	1538.64844	1525.34402
2025-08-08T13:15:44Z	5111.00000	1555.60810	1538.51079	1525.26644
2025-08-08T13:15:44Z	5111.00000	1555.43226	1538.35035	1525.16947
2025-08-08T13:15:44Z	5111.00000	1555.25732	1538.18982	1525.07682
2025-08-08T13:15:44Z	5111.00000	1555.25303	1538.18606	1525.07593
2025-08-08T13:15:44Z	5111.00000	1555.24815	1538.18051	1525.07327
2025-08-08T13:15:44Z	5112.00000	1555.24277	1538.17545	1525.07046
2025-08-08T13:15:44Z	5112.00000	1555.23896	1538.17265	1525.06872
2025-08-08T13:15:44Z	5112.00000	1555.23611	1538.16872	1525.06640
2025-08-08T13:15:44Z	5112.00000	1555.23398	1538.16633	1525.06460
2025-08-08T13:15:45Z	5112.00000	1555.23072	1538.16312	1525.06311
2025-08-08T13:15:45Z	5112.00000	1555.22767	1538.16028	1525.06176
2025-08-08T13:15:45Z	5112.00000	1555.22528	1538.15813	1525.06068
2025-08-08T13:15:45Z	5112.00000	1555.22364	1538.15648	1525.05958
2025-08-08T13:15:45Z	5112.00000	1555.22147	1538.15430	1525.05827
2025-08-08T13:15:45Z	5112.00000	1555.21997	1538.15207	1525.05731
2025-08-08T13:15:45Z	5113.00000	1555.21856	1538.15032	1525.05588
2025-08-08T13:15:45Z	5113.00000	1555.21749	1538.14887	1525.05505
2025-08-08T13:15:45Z	5113.00000	1555.21549	1538.14686	1525.05388
2025-08-08T13:15:45Z	5113.00000	1555.21360	1538.14561	1525.05296
2025-08-08T13:15:46Z	5113.00000	1555.21118	1538.14220	1525.05148
2025-08-08T13:15:46Z	5113.00000	1555.21107	1538.14168	1525.05188
2025-08-08T13:15:46Z	5113.00000	1555.20912	1538.13994	1525.05052
2025-08-08T13:15:46Z	5113.00000	1555.20767	1538.13896	1525.04976
2025-08-08T13:15:46Z	5113.00000	1555.20701	1538.13774	1525.04931
2025-08-08T13:15:46Z	5113.00000	1555.20595	1538.13665	1525.04853
2025-08-08T13:15:46Z	5114.00000	1555.20491	1538.13526	1525.04777
2025-08-08T13:15:46Z	5114.00000	1555.20435	1538.13409	1525.04731
2025-08-08T13:15:46Z	5114.00000	1555.20337	1538.13286	1525.04690
2025-08-08T13:15:46Z	5114.00000	1555.20234	1538.13209	1525.04602
2025-08-08T13:15:47Z	5114.00000	1555.20114	1538.13101	1525.04531
2025-08-08T13:15:47Z	5114.00000	1555.20035	1538.12996	1525.04460
2025-08-08T13:15:47Z	5114.00000	1555.19912	1538.12924	1525.04417
2025-08-08T13:15:47Z	5114.00000	1555.19827	1538.12840	1525.04361
2025-08-08T13:15:47Z	5114.00000	1555.19707	1538.12757	1525.04287
2025-08-08T13:15:47Z	5115.00000	1555.19542	1538.12539	1525.04180
2025-08-08T13:15:47Z	5115.00000	1555.19460	1538.12465	1525.04147
2025-08-08T13:15:47Z	5115.00000	1555.19378	1538.12363	1525.04063
2025-08-08T13:15:47Z	5115.00000	1555.19286	1538.12277	1525.04025
2025-08-08T13:15:48Z	5115.00000	1555.19194	1538.12176	1525.03962
2025-08-08T13:15:48Z	5115.00000	1555.19147	1538.12089	1525.03919
2025-08-08T13:15:48Z	5115.00000	1555.19077	1538.12011	1525.03899
2025-08-08T13:15:48Z	5115.00000	1555.19031	1538.11922	1525.03847
2025-08-08T13:15:48Z	5115.00000	1555.18992	1538.11850	1525.03815
2025-08-08T13:15:48Z	5116.00000	1555.18898	1538.11745	1525.03746
2025-08-08T13:15:48Z	5116.00000	1555.18851	1538.11709	1525.03729
2025-08-08T13:15:48Z	5116.00000	1555.34482	1538.26307	1525.12039
2025-08-08T13:15:48Z	5116.00000	1555.94398	1538.82154	1525.44911
2025-08-08T13:15:49Z	5116.00000	1556.21625	1539.07659	1525.59201
2025-08-08T13:15:49Z	5116.00000	1556.58455	1539.41550	1525.78636
2025-08-08T13:15:49Z	5116.00000	1556.92960	1539.73745	1525.97476
2025-08-08T13:15:49Z	5116.00000	1557.14146	1539.93691	1526.08969
2025-08-08T13:15:49Z	5116.00000	1557.35132	1540.13174	1526.20322
2025-08-08T13:15:49Z	5117.00000	1557.59713	1540.36490	1526.33565
2025-08-08T13:15:49Z	5117.00000	1557.88241	1540.62932	1526.49037
2025-08-08T13:15:49Z	5117.00000	1558.15895	1540.89127	1526.64184
2025-08-08T13:15:49Z	5117.00000	1558.35120	1541.07441	1526.74705
2025-08-08T13:15:50Z	5117.00000	1558.79969	1541.49886	1526.99453
2025-08-08T13:15:50Z	5117.00000	1559.01892	1541.70719	1527.11225
2025-08-08T13:15:50Z	5117.00000	1559.26732	1541.94331	1527.25054
2025-08-08T13:15:50Z	5117.00000	1559.68803	1542.34893	1527.48302
2025-08-08T13:15:50Z	5118.00000	1559.92148	1542.57027	1527.61132
2025-08-08T13:15:50Z	5118.00000	1560.18027	1542.81364	1527.75468
2025-08-08T13:15:50Z	5118.00000	1560.46480	1543.09416	1527.91689
2025-08-08T13:15:51Z	5118.00000	1560.66746	1543.28466	1528.02865
2025-08-08T13:15:51Z	5118.00000	1560.67352	1543.27042	1528.03256
2025-08-08T13:15:51Z	5118.00000	1560.67657	1543.26785	1528.03362
2025-08-08T13:15:51Z	5118.00000	1560.67767	1543.26689	1528.03450
2025-08-08T13:15:51Z	5118.00000	1560.67873	1543.26556	1528.03496
2025-08-08T13:15:51Z	5119.00000	1560.67942	1543.26542	1528.03572
2025-08-08T13:15:51Z	5119.00000	1560.68039	1543.26349	1528.03637
2025-08-08T13:15:51Z	5119.00000	1560.68135	1543.26335	1528.03699
2025-08-08T13:15:51Z	5119.00000	1560.68146	1543.26296	1528.03742
2025-08-08T13:15:52Z	5119.00000	1560.68209	1543.26318	1528.03791
2025-08-08T13:15:52Z	5119.00000	1560.68237	1543.26243	1528.03831
2025-08-08T13:15:52Z	5119.00000	1560.68272	1543.26290	1528.03878
2025-08-08T13:15:52Z	5119.00000	1560.68284	1543.26258	1528.03888
2025-08-08T13:15:52Z	5119.00000	1560.68351	1543.26247	1528.03936
2025-08-08T13:15:52Z	5120.00000	1560.68388	1543.26249	1528.03992
2025-08-08T13:15:52Z	5120.00000	1560.68408	1543.26213	1528.03999
2025-08-08T13:15:52Z	5120.00000	1560.68423	1543.26234	1528.04043
2025-08-08T13:15:52Z	5120.00000	1560.68456	1543.26247	1528.04075
2025-08-08T13:15:53Z	5120.00000	1560.68470	1543.26264	1528.04118
2025-08-08T13:15:53Z	5120.00000	1560.68508	1543.26202	1528.04134
2025-08-08T13:15:53Z	5120.00000	1560.68531	1543.26238	1528.04192
2025-08-08T13:15:53Z	5120.00000	1560.68570	1543.26290	1528.04200
2025-08-08T13:15:53Z	5121.00000	1559.09793	1541.72726	1527.16342
2025-08-08T13:15:53Z	5121.00000	1558.55137	1541.23092	1526.86050
2025-08-08T13:15:53Z	5121.00000	1558.20115	1540.90823	1526.66641
2025-08-08T13:15:54Z	5121.00000	1557.94502	1540.66968	1526.52444
2025-08-08T13:15:54Z	5121.00000	1557.45529	1540.21902	1526.25653
2025-08-08T13:15:54Z	5121.00000	1557.23869	1540.02121	1526.13688
2025-08-08T13:15:54Z	5121.00000	1556.78720	1539.60300	1525.89290
2025-08-08T13:15:54Z	5122.00000	1556.58530	1539.41614	1525.78138
2025-08-08T13:15:54Z	5122.00000	1556.38538	1539.23303	1525.67796
2025-08-08T13:15:54Z	5122.00000	1556.01073	1538.88804	1525.48175
2025-08-08T13:15:54Z	5122.00000	1555.82621	1538.71589	1525.38150
2025-08-08T13:15:55Z	5122.00000	1555.61568	1538.51829	1525.27075
2025-08-08T13:15:55Z	5122.00000	1555.41264	1538.33271	1525.15950
2025-08-08T13:15:55Z	5122.00000	1555.26201	1538.19397	1525.08070
2025-08-08T13:15:55Z	5122.00000	1555.25493	1538.18822	1525.07722
2025-08-08T13:15:55Z	5122.00000	1555.24989	1538.18282	1525.07440
2025-08-08T13:15:55Z	5123.00000	1555.24101	1538.17428	1525.06990
2025-08-08T13:15:55Z	5123.00000	1555.23758	1538.17100	1525.06827
2025-08-08T13:15:55Z	5123.00000	1555.23563	1538.16874	1525.06613
2025-08-08T13:15:55Z	5123.00000	1555.23345	1538.16581	1525.06453
2025-08-08T13:15:56Z	5123.00000	1555.23072	1538.16325	1525.06354
2025-08-08T13:15:56Z	5123.00000	1555.22854	1538.16113	1525.06241
2025-08-08T13:15:56Z	5123.00000	1555.22589	1538.15878	1525.06125
2025-08-08T13:15:56Z	5123.00000	1555.22395	1538.15695	1525.06023
2025-08-08T13:15:56Z	5123.00000	1555.22209	1538.15496	1525.05907
2025-08-08T13:15:56Z	5124.00000	1555.22059	1538.15314	1525.05805
2025-08-08T13:15:56Z	5124.00000	1555.21879	1538.15052	1525.05636
2025-08-08T13:15:56Z	5124.00000	1555.21618	1538.14756	1525.05460
2025-08-08T13:15:56Z	5124.00000	1555.21357	1538.14579	1525.05307
2025-08-08T13:15:57Z	5124.00000	1555.21320	1538.14522	1525.05313
2025-08-08T13:15:57Z	5124.00000	1555.21099	1538.14242	1525.05191
2025-08-08T13:15:57Z	5124.00000	1555.20851	1538.13962	1525.05052
2025-08-08T13:15:57Z	5124.00000	1555.20763	1538.13884	1525.04994
2025-08-08T13:15:57Z	5125.00000	1555.20647	1538.13715	1525.04919
2025-08-08T13:15:57Z	5125.00000	1555.20497	1538.13527	1525.04804
2025-08-08T13:15:57Z	5125.00000	1555.20411	1538.13388	1525.04738
2025-08-08T13:15:58Z	5125.00000	1555.20305	1538.13287	1525.04699
2025-08-08T13:15:58Z	5125.00000	1555.20149	1538.13115	1525.04565
2025-08-08T13:15:58Z	5125.00000	1555.20028	1538.13017	1525.04500
2025-08-08T13:15:58Z	5125.00000	1555.19975	1538.12946	1525.04451
2025-08-08T13:15:58Z	5125.00000	1555.19854	1538.12869	1525.04402
2025-08-08T13:15:58Z	5126.00000	1555.19775	1538.12806	1525.04347
2025-08-08T13:15:58Z	5126.00000	1555.19650	1538.12639	1525.04295
2025-08-08T13:15:58Z	5126.00000	1555.19560	1538.12562	1525.04239
2025-08-08T13:15:59Z	5126.00000	1555.19417	1538.12403	1525.04097
2025-08-08T13:15:59Z	5126.00000	1555.19277	1538.12279	1525.04021
2025-08-08T13:15:59Z	5126.00000	1555.19197	1538.12171	1525.03980
2025-08-08T13:15:59Z	5126.00000	1555.19153	1538.12124	1525.03946
2025-08-08T13:15:59Z	5126.00000	1555.19082	1538.12013	1525.03907
2025-08-08T13:15:59Z	5127.00000	1555.18994	1538.11872	1525.03829
2025-08-08T13:15:59Z	5127.00000	1555.69290	1538.58563	1525.31128
2025-08-08T13:16:00Z	5127.00000	1555.96579	1538.84087	1525.46105
2025-08-08T13:16:00Z	5127.00000	1556.23218	1539.09163	1525.60134
2025-08-08T13:16:00Z	5127.00000	1556.50816	1539.34492	1525.74436
2025-08-08T13:16:00Z	5127.00000	1556.81823	1539.63460	1525.91418
2025-08-08T13:16:00Z	5127.00000	1557.07620	1539.87791	1526.05648
2025-08-08T13:16:00Z	5127.00000	1557.33019	1540.11283	1526.19203
2025-08-08T13:16:00Z	5128.00000	1557.58274	1540.35137	1526.32796
2025-08-08T13:16:00Z	5128.00000	1558.13939	1540.87286	1526.63266
2025-08-08T13:16:00Z	5128.00000	1558.33218	1541.05449	1526.73699
2025-08-08T13:16:01Z	5128.00000	1558.56466	1541.27558	1526.86369
2025-08-08T13:16:01Z	5128.00000	1558.79122	1541.49054	1526.98993
2025-08-08T13:16:01Z	5128.00000	1559.01260	1541.70106	1527.10902
2025-08-08T13:16:01Z	5128.00000	1559.26853	1541.94488	1527.25169
2025-08-08T13:16:01Z	5128.00000	1559.51640	1542.18483	1527.39012
2025-08-08T13:16:01Z	5128.00000	1559.79602	1542.45130	1527.54537
2025-08-08T13:16:01Z	5129.00000	1560.15399	1542.78952	1527.74100
2025-08-08T13:16:01Z	5129.00000	1560.33469	1542.96542	1527.84294
2025-08-08T13:16:01Z	5129.00000	1560.50230	1543.12857	1527.93774
2025-08-08T13:16:02Z	5129.00000	1560.62741	1543.25341	1528.00698
2025-08-08T13:16:02Z	5129.00000	1560.67226	1543.27275	1528.03277
2025-08-08T13:16:02Z	5129.00000	1560.67578	1543.27015	1528.03404
2025-08-08T13:16:02Z	5129.00000	1560.67790	1543.26815	1528.03510
2025-08-08T13:16:02Z	5129.00000	1560.67908	1543.26647	1528.03582
2025-08-08T13:16:02Z	5130.00000	1560.67956	1543.26597	1528.03657
2025-08-08T13:16:02Z	5130.00000	1560.68056	1543.26509	1528.03757
2025-08-08T13:16:02Z	5130.00000	1560.68133	1543.26462	1528.03786
2025-08-08T13:16:02Z	5130.00000	1560.68173	1543.26421	1528.03831
2025-08-08T13:16:03Z	5130.00000	1560.68260	1543.26343	1528.03908
2025-08-08T13:16:03Z	5130.00000	1560.68279	1543.26362	1528.03951
2025-08-08T13:16:03Z	5130.00000	1560.68308	1543.26358	1528.03964
2025-08-08T13:16:03Z	5130.00000	1560.68330	1543.26397	1528.04007
2025-08-08T13:16:03Z	5130.00000	1560.68372	1543.26358	1528.04026
2025-08-08T13:16:03Z	5131.00000	1560.68388	1543.26333	1528.04065
2025-08-08T13:16:03Z	5131.00000	1560.68437	1543.26365	1528.04085
2025-08-08T13:16:03Z	5131.00000	1560.68432	1543.26394	1528.04120
2025-08-08T13:16:03Z	5131.00000	1560.68456	1543.26342	1528.04125
2025-08-08T13:16:03Z	5131.00000	1560.68472	1543.26283	1528.04165
2025-08-08T13:16:04Z	5131.00000	1560.68529	1543.26302	1528.04197
2025-08-08T13:16:04Z	5131.00000	1560.68504	1543.26398	1528.04211
2025-08-08T13:16:04Z	5131.00000	1560.68543	1543.26367	1528.04232
2025-08-08T13:16:04Z	5131.00000	1560.68579	1543.26370	1528.04243
2025-08-08T13:16:04Z	5131.00000	1560.68601	1543.26342	1528.04274
2025-08-08T13:16:04Z	5132.00000	1560.68607	1543.26397	1528.04300
2025-08-08T13:16:04Z	5132.00000	1558.97516	1541.61960	1527.09617
2025-08-08T13:16:04Z	5132.00000	1558.44675	1541.13606	1526.80442
2025-08-08T13:16:04Z	5132.00000	1558.20849	1540.91608	1526.67105
2025-08-08T13:16:05Z	5132.00000	1557.95221	1540.67683	1526.52883
2025-08-08T13:16:05Z	5132.00000	1557.68265	1540.42799	1526.38138
2025-08-08T13:16:05Z	5132.00000	1557.42679	1540.19439	1526.24160
2025-08-08T13:16:05Z	5132.00000	1557.24890	1540.03102	1526.14245
2025-08-08T13:16:05Z	5132.00000	1557.00312	1539.80349	1526.01083
2025-08-08T13:16:05Z	5132.00000	1556.79535	1539.61296	1525.89722
2025-08-08T13:16:05Z	5133.00000	1556.56219	1539.39563	1525.76880
2025-08-08T13:16:05Z	5133.00000	1556.36126	1539.21211	1525.66569
2025-08-08T13:16:05Z	5133.00000	1556.20355	1539.06774	1525.58125
2025-08-08T13:16:05Z	5133.00000	1555.95733	1538.83670	1525.45328
2025-08-08T13:16:06Z	5133.00000	1555.80339	1538.69519	1525.36936
2025-08-08T13:16:06Z	5133.00000	1555.62524	1538.52798	1525.27575
2025-08-08T13:16:06Z	5133.00000	1555.41935	1538.33973	1525.16311
2025-08-08T13:16:06Z	5133.00000	1555.25581	1538.18909	1525.07790
2025-08-08T13:16:06Z	5133.00000	1555.25123	1538.18438	1525.07539
2025-08-08T13:16:06Z	5134.00000	1555.24610	1538.17868	1525.07248
2025-08-08T13:16:06Z	5134.00000	1555.23912	1538.17249	1525.06895
2025-08-08T13:16:06Z	5134.00000	1555.23543	1538.16896	1525.06643
2025-08-08T13:16:07Z	5134.00000	1555.23349	1538.16591	1525.06485
2025-08-08T13:16:07Z	5134.00000	1555.23060	1538.16312	1525.06365
2025-08-08T13:16:07Z	5134.00000	1555.22755	1538.16054	1525.06209
2025-08-08T13:16:07Z	5134.00000	1555.22487	1538.15800	1525.06081
2025-08-08T13:16:07Z	5134.00000	1555.22363	1538.15658	1525.06013
2025-08-08T13:16:07Z	5135.00000	1555.22190	1538.15463	1525.05883
2025-08-08T13:16:07Z	5135.00000	1555.22060	1538.15290	1525.05773
2025-08-08T13:16:07Z	5135.00000	1555.21917	1538.15133	1525.05697
2025-08-08T13:16:07Z	5135.00000	1555.21786	1538.14960	1525.05589
2025-08-08T13:16:08Z	5135.00000	1555.21608	1538.14763	1525.05426
2025-08-08T13:16:08Z	5135.00000	1555.21476	1538.14693	1525.05379
2025-08-08T13:16:08Z	5135.00000	1555.21378	1538.14569	1525.05328
2025-08-08T13:16:08Z	5135.00000	1555.21224	1538.14312	1525.05246
2025-08-08T13:16:08Z	5135.00000	1555.21031	1538.14131	1525.05156
2025-08-08T13:16:08Z	5135.00000	1555.20954	1538.14073	1525.05110
2025-08-08T13:16:08Z	5136.00000	1555.20843	1538.13945	1525.05041
2025-08-08T13:16:08Z	5136.00000	1555.20753	1538.13895	1525.04985
2025-08-08T13:16:08Z	5136.00000	1555.20645	1538.13693	1525.04914
2025-08-08T13:16:08Z	5136.00000	1555.20564	1538.13634	1525.04857
2025-08-08T13:16:09Z	5136.00000	1555.20480	1538.13513	1525.04793
2025-08-08T13:16:09Z	5136.00000	1555.20417	1538.13410	1525.04752
2025-08-08T13:16:09Z	5136.00000	1555.20319	1538.13307	1525.04695
2025-08-08T13:16:09Z	5136.00000	1555.20262	1538.13208	1525.04614
2025-08-08T13:16:09Z	5136.00000	1555.20153	1538.13128	1525.04567
2025-08-08T13:16:09Z	5136.00000	1555.20074	1538.13054	1525.04529
2025-08-08T13:16:09Z	5137.00000	1555.19995	1538.12990	1525.04468
2025-08-08T13:16:09Z	5137.00000	1555.19870	1538.12873	1525.04401
2025-08-08T13:16:09Z	5137.00000	1555.19782	1538.12859	1525.04377
2025-08-08T13:16:09Z	5137.00000	1555.19695	1538.12755	1525.04303
2025-08-08T13:16:10Z	5137.00000	1555.19615	1538.12630	1525.04255
2025-08-08T13:16:10Z	5137.00000	1555.19522	1538.12536	1525.04214
2025-08-08T13:16:10Z	5137.00000	1555.19459	1538.12474	1525.04163
2025-08-08T13:16:10Z	5137.00000	1555.19403	1538.12414	1525.04098
2025-08-08T13:16:10Z	5137.00000	1555.19318	1538.12305	1525.04067
2025-08-08T13:16:10Z	5137.00000	1555.19265	1538.12257	1525.04015
2025-08-08T13:16:10Z	5138.00000	1555.19212	1538.12207	1525.03981
2025-08-08T13:16:10Z	5138.00000	1555.19174	1538.12099	1525.03944
2025-08-08T13:16:10Z	5138.00000	1555.38826	1538.30604	1525.14783
2025-08-08T13:16:10Z	5138.00000	1555.75860	1538.64779	1525.34770
2025-08-08T13:16:11Z	5138.00000	1556.07745	1538.94784	1525.51866
2025-08-08T13:16:11Z	5138.00000	1556.34810	1539.19783	1525.66390
2025-08-08T13:16:11Z	5138.00000	1556.57328	1539.40562	1525.78044
2025-08-08T13:16:11Z	5138.00000	1556.78947	1539.60797	1525.89966
2025-08-08T13:16:11Z	5138.00000	1557.13097	1539.92875	1526.08528
2025-08-08T13:16:11Z	5138.00000	1557.38149	1540.16215	1526.22060
2025-08-08T13:16:11Z	5139.00000	1557.58687	1540.35605	1526.33056
2025-08-08T13:16:11Z	5139.00000	1557.83143	1540.58381	1526.46432
2025-08-08T13:16:11Z	5139.00000	1558.10384	1540.83925	1526.61321
2025-08-08T13:16:11Z	5139.00000	1558.37279	1541.09515	1526.75993
2025-08-08T13:16:12Z	5139.00000	1558.63754	1541.34553	1526.90380
2025-08-08T13:16:12Z	5139.00000	1558.86150	1541.55615	1527.02748
2025-08-08T13:16:12Z	5139.00000	1559.03849	1541.72633	1527.12392
2025-08-08T13:16:12Z	5139.00000	1559.25472	1541.93257	1527.24381
2025-08-08T13:16:12Z	5139.00000	1559.50350	1542.17292	1527.38323
2025-08-08T13:16:12Z	5139.00000	1559.71416	1542.37473	1527.49841
2025-08-08T13:16:12Z	5140.00000	1559.95118	1542.59980	1527.62891
2025-08-08T13:16:12Z	5140.00000	1560.14484	1542.78397	1527.73718
2025-08-08T13:16:12Z	5140.00000	1560.29632	1542.93142	1527.82292
2025-08-08T13:16:12Z	5140.00000	1560.49549	1543.12305	1527.93451
2025-08-08T13:16:13Z	5140.00000	1560.66757	1543.28572	1528.03064
2025-08-08T13:16:13Z	5140.00000	1560.67336	1543.27275	1528.03358
2025-08-08T13:16:13Z	5140.00000	1560.67645	1543.26993	1528.03476
2025-08-08T13:16:13Z	5140.00000	1560.67800	1543.26894	1528.03582
2025-08-08T13:16:13Z	5140.00000	1560.67893	1543.26784	1528.03620
2025-08-08T13:16:13Z	5140.00000	1560.67987	1543.26697	1528.03690
2025-08-08T13:16:13Z	5141.00000	1560.68074	1543.26623	1528.03757
2025-08-08T13:16:13Z	5141.00000	1560.68109	1543.26562	1528.03811
2025-08-08T13:16:13Z	5141.00000	1560.68134	1543.26503	1528.03845
2025-08-08T13:16:13Z	5141.00000	1560.68221	1543.26471	1528.03903
2025-08-08T13:16:14Z	5141.00000	1560.68247	1543.26501	1528.03911
2025-08-08T13:16:14Z	5141.00000	1560.68280	1543.26480	1528.03956
2025-08-08T13:16:14Z	5141.00000	1560.68326	1543.26450	1528.03995
2025-08-08T13:16:14Z	5141.00000	1560.68347	1543.26465	1528.04020
2025-08-08T13:16:14Z	5141.00000	1560.68358	1543.26430	1528.04071
2025-08-08T13:16:14Z	5141.00000	1560.68408	1543.26387	1528.04096
2025-08-08T13:16:14Z	5142.00000	1560.68407	1543.26411	1528.04104
2025-08-08T13:16:14Z	5142.00000	1560.68445	1543.26424	1528.04135
2025-08-08T13:16:14Z	5142.00000	1560.68438	1543.26419	1528.04160
2025-08-08T13:16:14Z	5142.00000	1560.68480	1543.26467	1528.04193
2025-08-08T13:16:15Z	5142.00000	1560.68508	1543.26441	1528.04181
2025-08-08T13:16:15Z	5142.00000	1560.68535	1543.26433	1528.04243
2025-08-08T13:16:15Z	5142.00000	1560.68557	1543.26417	1528.04277
2025-08-08T13:16:15Z	5142.00000	1560.68593	1543.26473	1528.04291
2025-08-08T13:16:15Z	5142.00000	1560.68595	1543.26435	1528.04316
2025-08-08T13:16:15Z	5142.00000	1560.68636	1543.26446	1528.04320
2025-08-08T13:16:15Z	5143.00000	1560.68635	1543.26469	1528.04370
2025-08-08T13:16:15Z	5143.00000	1558.80481	1541.46673	1527.00889
2025-08-08T13:16:15Z	5143.00000	1558.46914	1541.15754	1526.81833
2025-08-08T13:16:15Z	5143.00000	1558.22767	1540.93348	1526.68143
2025-08-08T13:16:15Z	5143.00000	1557.97104	1540.69428	1526.53884
2025-08-08T13:16:16Z	5143.00000	1557.70150	1540.44567	1526.39243
2025-08-08T13:16:16Z	5143.00000	1557.44103	1540.20741	1526.24953
2025-08-08T13:16:16Z	5143.00000	1557.18976	1539.97660	1526.11063
2025-08-08T13:16:16Z	5143.00000	1556.98012	1539.78010	1525.99747
2025-08-08T13:16:16Z	5143.00000	1556.77214	1539.59026	1525.88479
2025-08-08T13:16:16Z	5144.00000	1556.50513	1539.34342	1525.73818
2025-08-08T13:16:16Z	5144.00000	1556.34370	1539.19578	1525.65704
2025-08-08T13:16:16Z	5144.00000	1556.18538	1539.04973	1525.57174
2025-08-08T13:16:16Z	5144.00000	1555.96962	1538.84869	1525.46030
2025-08-08T13:16:16Z	5144.00000	1555.81599	1538.70702	1525.37620
2025-08-08T13:16:17Z	5144.00000	1555.63567	1538.53775	1525.28192
2025-08-08T13:16:17Z	5144.00000	1555.43123	1538.34998	1525.16970
2025-08-08T13:16:17Z	5144.00000	1555.26740	1538.20054	1525.08537
2025-08-08T13:16:17Z	5144.00000	1555.25950	1538.19189	1525.08041
2025-08-08T13:16:17Z	5144.00000	1555.25312	1538.18665	1525.07671
2025-08-08T13:16:17Z	5145.00000	1555.24925	1538.18185	1525.07444
2025-08-08T13:16:17Z	5145.00000	1555.24515	1538.17741	1525.07192
2025-08-08T13:16:17Z	5145.00000	1555.24124	1538.17447	1525.07049
2025-08-08T13:16:17Z	5145.00000	1555.23791	1538.17145	1525.06838
2025-08-08T13:16:18Z	5145.00000	1555.23513	1538.16812	1525.06614
2025-08-08T13:16:18Z	5145.00000	1555.23255	1538.16504	1525.06447
2025-08-08T13:16:18Z	5145.00000	1555.22843	1538.16126	1525.06250
2025-08-08T13:16:18Z	5146.00000	1555.22414	1538.15724	1525.06049
2025-08-08T13:16:18Z	5146.00000	1555.22292	1538.15596	1525.05968
2025-08-08T13:16:18Z	5146.00000	1555.22158	1538.15463	1525.05898
2025-08-08T13:16:18Z	5146.00000	1555.22067	1538.15353	1525.05838
2025-08-08T13:16:18Z	5146.00000	1555.21923	1538.15116	1525.05700
2025-08-08T13:16:19Z	5146.00000	1555.21844	1538.15030	1525.05646
2025-08-08T13:16:19Z	5146.00000	1555.21658	1538.14869	1525.05496
2025-08-08T13:16:19Z	5146.00000	1555.21548	1538.14704	1525.05414
2025-08-08T13:16:19Z	5146.00000	1555.21397	1538.14627	1525.05349
2025-08-08T13:16:19Z	5146.00000	1555.21244	1538.14361	1525.05292
2025-08-08T13:16:19Z	5146.00000	1555.21122	1538.14228	1525.05223
2025-08-08T13:16:19Z	5147.00000	1555.20970	1538.14073	1525.05128
2025-08-08T13:16:19Z	5147.00000	1555.20861	1538.13961	1525.05063
2025-08-08T13:16:19Z	5147.00000	1555.20765	1538.13902	1525.05008
2025-08-08T13:16:19Z	5147.00000	1555.20690	1538.13779	1525.04965
2025-08-08T13:16:20Z	5147.00000	1555.20621	1538.13688	1525.04919
2025-08-08T13:16:20Z	5147.00000	1555.20552	1538.13624	1525.04856
2025-08-08T13:16:20Z	5147.00000	1555.20470	1538.13471	1525.04808
2025-08-08T13:16:20Z	5147.00000	1555.20423	1538.13371	1525.04762
2025-08-08T13:16:20Z	5147.00000	1555.20302	1538.13282	1525.04691
2025-08-08T13:16:20Z	5147.00000	1555.20215	1538.13215	1525.04631
2025-08-08T13:16:20Z	5148.00000	1555.20167	1538.13125	1525.04596
2025-08-08T13:16:20Z	5148.00000	1555.20058	1538.13016	1525.04527
2025-08-08T13:16:20Z	5148.00000	1555.19991	1538.13019	1525.04485
2025-08-08T13:16:20Z	5148.00000	1555.19887	1538.12883	1525.04433
2025-08-08T13:16:21Z	5148.00000	1555.19782	1538.12838	1525.04384
2025-08-08T13:16:21Z	5148.00000	1555.19705	1538.12730	1525.04325
2025-08-08T13:16:21Z	5148.00000	1555.19622	1538.12657	1525.04287
2025-08-08T13:16:21Z	5148.00000	1555.19546	1538.12577	1525.04222
2025-08-08T13:16:21Z	5148.00000	1555.19469	1538.12494	1525.04173
2025-08-08T13:16:21Z	5148.00000	1555.19414	1538.12437	1525.04138
2025-08-08T13:16:21Z	5149.00000	1555.19384	1538.12345	1525.04099
2025-08-08T13:16:21Z	5149.00000	1555.19299	1538.12246	1525.04049
2025-08-08T13:16:21Z	5149.00000	1555.43486	1538.35063	1525.17281
2025-08-08T13:16:21Z	5149.00000	1555.72478	1538.61743	1525.33114
2025-08-08T13:16:22Z	5149.00000	1556.04553	1538.91809	1525.50312
2025-08-08T13:16:22Z	5149.00000	1556.36135	1539.20954	1525.67047
2025-08-08T13:16:22Z	5149.00000	1556.58460	1539.41639	1525.78700
2025-08-08T13:16:22Z	5149.00000	1556.84464	1539.65946	1525.92814
2025-08-08T13:16:22Z	5149.00000	1557.05659	1539.85950	1526.04575
2025-08-08T13:16:22Z	5149.00000	1557.30631	1540.09148	1526.17893
2025-08-08T13:16:22Z	5150.00000	1557.55879	1540.32766	1526.31550
2025-08-08T13:16:22Z	5150.00000	1557.84043	1540.59211	1526.46927
2025-08-08T13:16:22Z	5150.00000	1558.11450	1540.85001	1526.61951
2025-08-08T13:16:22Z	5150.00000	1558.41924	1541.14024	1526.78637
2025-08-08T13:16:23Z	5150.00000	1558.60635	1541.31631	1526.88708
2025-08-08T13:16:23Z	5150.00000	1558.79100	1541.49090	1526.99016
2025-08-08T13:16:23Z	5150.00000	1559.01056	1541.70045	1527.10855
2025-08-08T13:16:23Z	5150.00000	1559.25908	1541.93731	1527.24663
2025-08-08T13:16:23Z	5150.00000	1559.47130	1542.14015	1527.36647
2025-08-08T13:16:23Z	5150.00000	1559.72194	1542.38254	1527.50318
2025-08-08T13:16:23Z	5151.00000	1559.93164	1542.58146	1527.61857
2025-08-08T13:16:23Z	5151.00000	1560.15764	1542.79366	1527.74360
2025-08-08T13:16:23Z	5151.00000	1560.33962	1542.96950	1527.84599
2025-08-08T13:16:23Z	5151.00000	1560.47815	1543.10965	1527.92649
2025-08-08T13:16:24Z	5151.00000	1560.63399	1543.26066	1528.01127
2025-08-08T13:16:24Z	5151.00000	1560.67402	1543.27412	1528.03362
2025-08-08T13:16:24Z	5151.00000	1560.67646	1543.27117	1528.03511
2025-08-08T13:16:24Z	5151.00000	1560.67817	1543.26995	1528.03607
2025-08-08T13:16:24Z	5151.00000	1560.67941	1543.26870	1528.03698
2025-08-08T13:16:24Z	5151.00000	1560.68023	1543.26754	1528.03770
2025-08-08T13:16:24Z	5152.00000	1560.68085	1543.26672	1528.03831
2025-08-08T13:16:24Z	5152.00000	1560.68142	1543.26690	1528.03873
2025-08-08T13:16:24Z	5152.00000	1560.68174	1543.26619	1528.03920
2025-08-08T13:16:24Z	5152.00000	1560.68225	1543.26588	1528.03949
2025-08-08T13:16:25Z	5152.00000	1560.68272	1543.26551	1528.03980
2025-08-08T13:16:25Z	5152.00000	1560.68299	1543.26546	1528.04036
2025-08-08T13:16:25Z	5152.00000	1560.68334	1543.26554	1528.04064
2025-08-08T13:16:25Z	5152.00000	1560.68378	1543.26534	1528.04104
2025-08-08T13:16:25Z	5152.00000	1560.68415	1543.26501	1528.04133
2025-08-08T13:16:25Z	5152.00000	1560.68431	1543.26526	1528.04165
2025-08-08T13:16:25Z	5153.00000	1560.68472	1543.26539	1528.04192
2025-08-08T13:16:25Z	5153.00000	1560.68488	1543.26540	1528.04207
2025-08-08T13:16:25Z	5153.00000	1560.68531	1543.26540	1528.04237
2025-08-08T13:16:25Z	5153.00000	1560.68534	1543.26511	1528.04275
2025-08-08T13:16:26Z	5153.00000	1560.68521	1543.26529	1528.04282
2025-08-08T13:16:26Z	5153.00000	1560.68603	1543.26517	1528.04305
2025-08-08T13:16:26Z	5153.00000	1560.68599	1543.26561	1528.04311
2025-08-08T13:16:26Z	5153.00000	1560.68620	1543.26537	1528.04370
2025-08-08T13:16:26Z	5153.00000	1560.68650	1543.26555	1528.04377
2025-08-08T13:16:26Z	5153.00000	1560.68666	1543.26564	1528.04406
2025-08-08T13:16:26Z	5154.00000	1560.68690	1543.26559	1528.04411
2025-08-08T13:16:26Z	5154.00000	1559.10132	1541.73266	1527.16779
2025-08-08T13:16:26Z	5154.00000	1558.50217	1541.18900	1526.83649
2025-08-08T13:16:26Z	5154.00000	1558.20934	1540.91781	1526.67245
2025-08-08T13:16:27Z	5154.00000	1557.95532	1540.68139	1526.53126
2025-08-08T13:16:27Z	5154.00000	1557.72106	1540.46464	1526.40481
2025-08-08T13:16:27Z	5154.00000	1557.28072	1540.06071	1526.16156
2025-08-08T13:16:27Z	5154.00000	1556.99803	1539.79860	1526.00884
2025-08-08T13:16:27Z	5154.00000	1556.79235	1539.61110	1525.89684
2025-08-08T13:16:27Z	5155.00000	1556.58986	1539.42247	1525.78537
2025-08-08T13:16:27Z	5155.00000	1556.35514	1539.20696	1525.66366
2025-08-08T13:16:27Z	5155.00000	1556.16542	1539.03207	1525.56227
2025-08-08T13:16:27Z	5155.00000	1556.01070	1538.88893	1525.48256
2025-08-08T13:16:27Z	5155.00000	1555.82527	1538.71590	1525.38150
2025-08-08T13:16:28Z	5155.00000	1555.46611	1538.38165	1525.18854
2025-08-08T13:16:28Z	5155.00000	1555.29491	1538.22443	1525.09893
2025-08-08T13:16:28Z	5155.00000	1555.26179	1538.19471	1525.08129
2025-08-08T13:16:28Z	5155.00000	1555.25592	1538.18900	1525.07842
2025-08-08T13:16:28Z	5156.00000	1555.25103	1538.18450	1525.07568
2025-08-08T13:16:28Z	5156.00000	1555.24798	1538.18072	1525.07363
2025-08-08T13:16:28Z	5156.00000	1555.24479	1538.17729	1525.07222
2025-08-08T13:16:28Z	5156.00000	1555.24120	1538.17446	1525.07064
2025-08-08T13:16:28Z	5156.00000	1555.23798	1538.17110	1525.06910
2025-08-08T13:16:29Z	5156.00000	1555.23576	1538.16934	1525.06733
2025-08-08T13:16:29Z	5156.00000	1555.23377	1538.16656	1525.06519
2025-08-08T13:16:29Z	5156.00000	1555.23103	1538.16344	1525.06403
2025-08-08T13:16:29Z	5156.00000	1555.22847	1538.16128	1525.06296
2025-08-08T13:16:29Z	5156.00000	1555.22698	1538.15985	1525.06212
2025-08-08T13:16:29Z	5157.00000	1555.22498	1538.15805	1525.06119
2025-08-08T13:16:29Z	5157.00000	1555.22354	1538.15648	1525.06038
2025-08-08T13:16:29Z	5157.00000	1555.22214	1538.15513	1525.05944
2025-08-08T13:16:29Z	5157.00000	1555.22079	1538.15331	1525.05867
2025-08-08T13:16:29Z	5157.00000	1555.21922	1538.15107	1525.05680
2025-08-08T13:16:30Z	5157.00000	1555.21864	1538.15006	1525.05649
2025-08-08T13:16:30Z	5157.00000	1555.21748	1538.14894	1525.05581
2025-08-08T13:16:30Z	5157.00000	1555.21582	1538.14746	1525.05471
2025-08-08T13:16:30Z	5157.00000	1555.21431	1538.14620	1525.05384
2025-08-08T13:16:30Z	5157.00000	1555.21362	1538.14555	1525.05337
2025-08-08T13:16:30Z	5158.00000	1555.21207	1538.14317	1525.05285
2025-08-08T13:16:30Z	5158.00000	1555.21099	1538.14170	1525.05227
2025-08-08T13:16:30Z	5158.00000	1555.20944	1538.14077	1525.05151
2025-08-08T13:16:30Z	5158.00000	1555.20841	1538.13973	1525.05078
2025-08-08T13:16:30Z	5158.00000	1555.20766	1538.13859	1525.05028
2025-08-08T13:16:31Z	5158.00000	1555.20660	1538.13729	1525.04949
2025-08-08T13:16:31Z	5158.00000	1555.20560	1538.13579	1525.04875
2025-08-08T13:16:31Z	5158.00000	1555.20480	1538.13491	1525.04817
2025-08-08T13:16:31Z	5158.00000	1555.20391	1538.13375	1525.04765
2025-08-08T13:16:31Z	5159.00000	1555.20222	1538.13202	1525.04668
2025-08-08T13:16:31Z	5159.00000	1555.20195	1538.13131	1525.04625
2025-08-08T13:16:31Z	5159.00000	1555.20137	1538.13126	1525.04578
2025-08-08T13:16:31Z	5159.00000	1555.20067	1538.13062	1525.04549
2025-08-08T13:16:32Z	5159.00000	1555.19927	1538.12926	1525.04473
2025-08-08T13:16:32Z	5159.00000	1555.19836	1538.12879	1525.04424
2025-08-08T13:16:32Z	5159.00000	1555.19766	1538.12812	1525.04388
2025-08-08T13:16:32Z	5159.00000	1555.19683	1538.12697	1525.04323
2025-08-08T13:16:32Z	5159.00000	1555.19613	1538.12627	1525.04280
2025-08-08T13:16:32Z	5160.00000	1555.19555	1538.12564	1525.04243
2025-08-08T13:16:32Z	5160.00000	1555.19478	1538.12538	1525.04193
2025-08-08T13:16:32Z	5160.00000	1555.19433	1538.12414	1525.04157
2025-08-08T13:16:32Z	5160.00000	1555.19355	1538.12326	1525.04100
2025-08-08T13:16:32Z	5160.00000	1555.19293	1538.12262	1525.04064
2025-08-08T13:16:33Z	5160.00000	1555.19205	1538.12203	1525.04013
2025-08-08T13:16:33Z	5160.00000	1555.19155	1538.12100	1525.03968
2025-08-08T13:16:33Z	5160.00000	1555.19074	1538.12003	1525.03927
2025-08-08T13:16:33Z	5160.00000	1555.19034	1538.11955	1525.03884
2025-08-08T13:16:33Z	5161.00000	1555.19002	1538.11875	1525.03865
2025-08-08T13:16:33Z	5161.00000	1555.18967	1538.11819	1525.03844
2025-08-08T13:16:33Z	5161.00000	1555.18905	1538.11741	1525.03800
2025-08-08T13:16:33Z	5161.00000	1555.18814	1538.11638	1525.03738
2025-08-08T13:16:34Z	5161.00000	1555.18760	1538.11624	1525.03699
2025-08-08T13:16:34Z	5161.00000	1555.18723	1538.11573	1525.03670
2025-08-08T13:16:34Z	5161.00000	1555.18638	1538.11502	1525.03613
2025-08-08T13:16:34Z	5161.00000	1555.18590	1538.11475	1525.03628
2025-08-08T13:16:34Z	5161.00000	1555.18546	1538.11452	1525.03589
2025-08-08T13:16:34Z	5162.00000	1555.18472	1538.11408	1525.03558
2025-08-08T13:16:34Z	5162.00000	1555.18432	1538.11336	1525.03535
2025-08-08T13:16:34Z	5162.00000	1555.18391	1538.11328	1525.03498
2025-08-08T13:16:34Z	5162.00000	1555.18325	1538.11245	1525.03461
2025-08-08T13:16:35Z	5162.00000	1555.18279	1538.11208	1525.03435
2025-08-08T13:16:35Z	5162.00000	1555.18272	1538.11150	1525.03402
2025-08-08T13:16:35Z	5162.00000	1555.18215	1538.11085	1525.03378
2025-08-08T13:16:35Z	5162.00000	1555.18145	1538.11052	1525.03332
2025-08-08T13:16:35Z	5162.00000	1555.18117	1538.11016	1525.03305
2025-08-08T13:16:35Z	5162.00000	1555.18070	1538.10972	1525.03292
2025-08-08T13:16:35Z	5163.00000	1555.17991	1538.10909	1525.03247
2025-08-08T13:16:35Z	5163.00000	1555.17946	1538.10882	1525.03221
2025-08-08T13:16:35Z	5163.00000	1555.17900	1538.10832	1525.03183
2025-08-08T13:16:36Z	5163.00000	1555.17855	1538.10776	1525.03161
2025-08-08T13:16:36Z	5163.00000	1555.17826	1538.10755	1525.03137
2025-08-08T13:16:36Z	5163.00000	1555.17776	1538.10706	1525.03110
2025-08-08T13:16:36Z	5163.00000	1555.17764	1538.10657	1525.03086
2025-08-08T13:16:36Z	5163.00000	1555.17724	1538.10630	1525.03059
2025-08-08T13:16:36Z	5163.00000	1555.17706	1538.10585	1525.03029
2025-08-08T13:16:36Z	5164.00000	1555.17666	1538.10541	1525.03015
2025-08-08T13:16:36Z	5164.00000	1555.17675	1538.10519	1525.02991
2025-08-08T13:16:36Z	5164.00000	1555.17626	1538.10456	1525.02965
2025-08-08T13:16:37Z	5164.00000	1555.17591	1538.10409	1525.02924
2025-08-08T13:16:37Z	5164.00000	1555.17555	1538.10367	1525.02886
2025-08-08T13:16:37Z	5164.00000	1555.17536	1538.10307	1525.02873
2025-08-08T13:16:37Z	5164.00000	1555.17434	1538.10243	1525.02836
2025-08-08T13:16:37Z	5164.00000	1555.17445	1538.10190	1525.02803
2025-08-08T13:16:37Z	5165.00000	1555.17366	1538.10143	1525.02778
2025-08-08T13:16:37Z	5165.00000	1555.17364	1538.10105	1525.02759
2025-08-08T13:16:37Z	5165.00000	1555.17326	1538.10086	1525.02732
2025-08-08T13:16:38Z	5165.00000	1555.17305	1538.10048	1525.02723
2025-08-08T13:16:38Z	5165.00000	1555.17233	1538.10004	1525.02685
2025-08-08T13:16:38Z	5165.00000	1555.17216	1538.09982	1525.02677
2025-08-08T13:16:38Z	5165.00000	1555.17177	1538.09949	1525.02660
2025-08-08T13:16:38Z	5165.00000	1555.17116	1538.09891	1525.02628
2025-08-08T13:16:38Z	5166.00000	1555.17086	1538.09871	1525.02615
2025-08-08T13:16:38Z	5166.00000	1555.17049	1538.09835	1525.02585
2025-08-08T13:16:38Z	5166.00000	1555.17024	1538.09861	1525.02579
2025-08-08T13:16:38Z	5166.00000	1555.16999	1538.09797	1525.02566
2025-08-08T13:16:39Z	5166.00000	1555.16950	1538.09700	1525.02551
2025-08-08T13:16:39Z	5166.00000	1555.16921	1538.09724	1525.02523
2025-08-08T13:16:39Z	5166.00000	1555.16865	1538.09673	1525.02518
2025-08-08T13:16:39Z	5166.00000	1555.16849	1538.09613	1525.02487
2025-08-08T13:16:39Z	5166.00000	1555.16819	1538.09655	1525.02480
2025-08-08T13:16:39Z	5167.00000	1555.16761	1538.09601	1525.02429
2025-08-08T13:16:39Z	5167.00000	1555.16692	1538.09540	1525.02404
2025-08-08T13:16:39Z	5167.00000	1555.16686	1538.09528	1525.02403
2025-08-08T13:16:40Z	5167.00000	1555.16639	1538.09523	1525.02392
2025-08-08T13:16:40Z	5167.00000	1555.16602	1538.09404	1525.02351
2025-08-08T13:16:40Z	5167.00000	1555.16551	1538.09426	1525.02322
2025-08-08T13:16:40Z	5167.00000	1555.16506	1538.09394	1525.02320
2025-08-08T13:16:40Z	5168.00000	1555.16460	1538.09329	1525.02302
2025-08-08T13:16:40Z	5168.00000	1555.16457	1538.09343	1525.02270
2025-08-08T13:16:40Z	5168.00000	1555.16403	1538.09269	1525.02259
2025-08-08T13:16:41Z	5168.00000	1555.16383	1538.09228	1525.02222
2025-08-08T13:16:41Z	5168.00000	1555.16368	1538.09226	1525.02206
2025-08-08T13:16:41Z	5168.00000	1555.16350	1538.09172	1525.02185
2025-08-08T13:16:41Z	5168.00000	1555.16310	1538.09146	1525.02169
2025-08-08T13:16:41Z	5168.00000	1555.16298	1538.09107	1525.02146
2025-08-08T13:16:41Z	5169.00000	1555.16249	1538.09073	1525.02142
2025-08-08T13:16:41Z	5169.00000	1555.16235	1538.09052	1525.02116
2025-08-08T13:16:41Z	5169.00000	1555.16228	1538.09006	1525.02089
2025-08-08T13:16:41Z	5169.00000	1555.16225	1538.08999	1525.02083
2025-08-08T13:16:42Z	5169.00000	1555.16176	1538.08981	1525.02067
2025-08-08T13:16:42Z	5169.00000	1555.16181	1538.08933	1525.02040
2025-08-08T13:16:42Z	5169.00000	1555.16179	1538.08928	1525.02025
2025-08-08T13:16:42Z	5169.00000	1555.16152	1538.08897	1525.02014
2025-08-08T13:16:42Z	5169.00000	1555.16132	1538.08889	1525.02003
2025-08-08T13:16:42Z	5170.00000	1555.16100	1538.08838	1525.01969
2025-08-08T13:16:42Z	5170.00000	1555.16081	1538.08804	1525.01962
2025-08-08T13:16:42Z	5170.00000	1555.50350	1538.40864	1525.20816
2025-08-08T13:16:43Z	5170.00000	1556.03241	1538.90279	1525.49420
2025-08-08T13:16:43Z	5170.00000	1556.26614	1539.12105	1525.61829
2025-08-08T13:16:43Z	5170.00000	1556.59415	1539.42264	1525.79087
2025-08-08T13:16:43Z	5170.00000	1557.17941	1539.97190	1526.10902
2025-08-08T13:16:43Z	5170.00000	1557.39758	1540.17671	1526.22865
2025-08-08T13:16:43Z	5171.00000	1557.69821	1540.45772	1526.39198
2025-08-08T13:16:43Z	5171.00000	1557.98705	1540.72937	1526.54645
2025-08-08T13:16:43Z	5171.00000	1558.23707	1540.96608	1526.68396
2025-08-08T13:16:43Z	5171.00000	1558.47885	1541.19511	1526.81815
2025-08-08T13:16:44Z	5171.00000	1558.71979	1541.41960	1526.94783
2025-08-08T13:16:44Z	5171.00000	1558.95640	1541.64972	1527.07696
2025-08-08T13:16:44Z	5171.00000	1559.19283	1541.87412	1527.20846
2025-08-08T13:16:44Z	5171.00000	1559.43116	1542.10328	1527.34232
2025-08-08T13:16:44Z	5171.00000	1559.70927	1542.37296	1527.49509
2025-08-08T13:16:44Z	5171.00000	1559.97475	1542.62532	1527.64190
2025-08-08T13:16:44Z	5172.00000	1560.16016	1542.80048	1527.74551
2025-08-08T13:16:44Z	5172.00000	1560.37663	1543.00954	1527.86766
2025-08-08T13:16:44Z	5172.00000	1560.60527	1543.23914	1527.99581
2025-08-08T13:16:44Z	5172.00000	1560.66611	1543.27224	1528.03057
2025-08-08T13:16:45Z	5172.00000	1560.67037	1543.26871	1528.03241
2025-08-08T13:16:45Z	5172.00000	1560.67204	1543.26796	1528.03338
2025-08-08T13:16:45Z	5172.00000	1560.67328	1543.26587	1528.03405
2025-08-08T13:16:45Z	5172.00000	1560.67484	1543.26523	1528.03459
2025-08-08T13:16:45Z	5172.00000	1560.67596	1543.26467	1528.03537
2025-08-08T13:16:45Z	5173.00000	1560.67706	1543.26388	1528.03690
2025-08-08T13:16:45Z	5173.00000	1560.67746	1543.26382	1528.03725
2025-08-08T13:16:45Z	5173.00000	1560.67850	1543.26332	1528.03815
2025-08-08T13:16:46Z	5173.00000	1560.67968	1543.26325	1528.03911
2025-08-08T13:16:46Z	5173.00000	1560.67999	1543.26331	1528.03917
2025-08-08T13:16:46Z	5173.00000	1560.68016	1543.26340	1528.03971
2025-08-08T13:16:46Z	5173.00000	1560.68068	1543.26390	1528.04005
2025-08-08T13:16:46Z	5173.00000	1560.68124	1543.26341	1528.04040
2025-08-08T13:16:46Z	5174.00000	1560.68123	1543.26377	1528.04073
2025-08-08T13:16:46Z	5174.00000	1560.68177	1543.26333	1528.04117
2025-08-08T13:16:46Z	5174.00000	1560.68198	1543.26389	1528.04140
2025-08-08T13:16:47Z	5174.00000	1560.68247	1543.26407	1528.04187
2025-08-08T13:16:47Z	5174.00000	1560.68280	1543.26377	1528.04213
2025-08-08T13:16:47Z	5174.00000	1560.68287	1543.26449	1528.04214
2025-08-08T13:16:47Z	5174.00000	1560.68312	1543.26466	1528.04267
2025-08-08T13:16:47Z	5174.00000	1560.68335	1543.26444	1528.04289
2025-08-08T13:16:47Z	5174.00000	1560.68359	1543.26404	1528.04305
2025-08-08T13:16:47Z	5175.00000	1560.68391	1543.26508	1528.04318
2025-08-08T13:16:47Z	5175.00000	1558.88081	1541.53894	1527.04786
2025-08-08T13:16:47Z	5175.00000	1558.45218	1541.14511	1526.81041
2025-08-08T13:16:47Z	5175.00000	1558.07251	1540.79271	1526.59869
2025-08-08T13:16:48Z	5175.00000	1557.82154	1540.55874	1526.45897
2025-08-08T13:16:48Z	5175.00000	1557.62505	1540.37792	1526.35004
2025-08-08T13:16:48Z	5175.00000	1557.35693	1540.12902	1526.20408
2025-08-08T13:16:48Z	5175.00000	1557.08651	1539.88242	1526.05779
2025-08-08T13:16:48Z	5175.00000	1556.83750	1539.65086	1525.91935
2025-08-08T13:16:48Z	5176.00000	1556.61966	1539.45052	1525.80110
2025-08-08T13:16:48Z	5176.00000	1556.20995	1539.07326	1525.58499
2025-08-08T13:16:48Z	5176.00000	1556.04442	1538.91990	1525.49951
2025-08-08T13:16:48Z	5176.00000	1555.84802	1538.73606	1525.39319
2025-08-08T13:16:48Z	5176.00000	1555.65653	1538.55555	1525.29154
2025-08-08T13:16:49Z	5176.00000	1555.40515	1538.32401	1525.15511
2025-08-08T13:16:49Z	5176.00000	1555.25193	1538.18429	1525.07388
2025-08-08T13:16:49Z	5176.00000	1555.24896	1538.18081	1525.07318
2025-08-08T13:16:49Z	5176.00000	1555.24119	1538.17406	1525.06916
2025-08-08T13:16:49Z	5176.00000	1555.23800	1538.17072	1525.06730
2025-08-08T13:16:49Z	5177.00000	1555.23484	1538.16735	1525.06486
2025-08-08T13:16:49Z	5177.00000	1555.23164	1538.16341	1525.06306
2025-08-08T13:16:49Z	5177.00000	1555.22768	1538.15987	1525.06132
2025-08-08T13:16:50Z	5177.00000	1555.22224	1538.15500	1525.05842
2025-08-08T13:16:50Z	5177.00000	1555.22081	1538.15276	1525.05721
2025-08-08T13:16:50Z	5177.00000	1555.21909	1538.15062	1525.05593
2025-08-08T13:16:50Z	5177.00000	1555.21770	1538.14889	1525.05484
2025-08-08T13:16:50Z	5177.00000	1555.21546	1538.14717	1525.05357
2025-08-08T13:16:50Z	5177.00000	1555.21279	1538.14322	1525.05247
2025-08-08T13:16:50Z	5178.00000	1555.21127	1538.14212	1525.05154
2025-08-08T13:16:50Z	5178.00000	1555.20964	1538.14033	1525.05061
2025-08-08T13:16:50Z	5178.00000	1555.20876	1538.13930	1525.05029
2025-08-08T13:16:50Z	5178.00000	1555.20784	1538.13826	1525.04964
2025-08-08T13:16:51Z	5178.00000	1555.20626	1538.13687	1525.04851
2025-08-08T13:16:51Z	5178.00000	1555.20520	1538.13467	1525.04765
2025-08-08T13:16:51Z	5178.00000	1555.20425	1538.13345	1525.04700
2025-08-08T13:16:51Z	5178.00000	1555.20282	1538.13165	1525.04608
2025-08-08T13:16:51Z	5179.00000	1555.20064	1538.12992	1525.04461
2025-08-08T13:16:51Z	5179.00000	1555.19973	1538.12937	1525.04401
2025-08-08T13:16:51Z	5179.00000	1555.19864	1538.12862	1525.04349
2025-08-08T13:16:51Z	5179.00000	1555.19738	1538.12753	1525.04287
2025-08-08T13:16:51Z	5179.00000	1555.19636	1538.12623	1525.04203
2025-08-08T13:16:52Z	5179.00000	1555.19545	1538.12556	1525.04155
2025-08-08T13:16:52Z	5179.00000	1555.19467	1538.12444	1525.04111
2025-08-08T13:16:52Z	5179.00000	1555.19409	1538.12374	1525.04053
2025-08-08T13:16:52Z	5179.00000	1555.19309	1538.12258	1525.03995
2025-08-08T13:16:52Z	5179.00000	1555.19241	1538.12177	1525.03938
2025-08-08T13:16:52Z	5179.00000	1555.19188	1538.12068	1525.03912
2025-08-08T13:16:52Z	5180.00000	1555.19108	1538.11995	1525.03881
2025-08-08T13:16:52Z	5180.00000	1555.19058	1538.11890	1525.03841
2025-08-08T13:16:52Z	5180.00000	1555.19004	1538.11840	1525.03783
2025-08-08T13:16:52Z	5180.00000	1555.18945	1538.11765	1525.03736
2025-08-08T13:16:52Z	5180.00000	1555.18895	1538.11720	1525.03711
2025-08-08T13:16:53Z	5180.00000	1555.18832	1538.11647	1525.03670
2025-08-08T13:16:53Z	5180.00000	1555.18771	1538.11619	1525.03637
2025-08-08T13:16:53Z	5180.00000	1555.18696	1538.11518	1525.03591
2025-08-08T13:16:53Z	5180.00000	1555.18608	1538.11446	1525.03581
2025-08-08T13:16:53Z	5180.00000	1555.18522	1538.11382	1525.03512
2025-08-08T13:16:53Z	5181.00000	1555.18469	1538.11285	1525.03467
2025-08-08T13:16:53Z	5181.00000	1555.18427	1538.11295	1525.03462
2025-08-08T13:16:53Z	5181.00000	1555.51571	1538.42076	1525.21380
2025-08-08T13:16:53Z	5181.00000	1555.80239	1538.68741	1525.36874
2025-08-08T13:16:54Z	5181.00000	1556.13682	1539.00084	1525.54870
2025-08-08T13:16:54Z	5181.00000	1556.69890	1539.52235	1525.85026
2025-08-08T13:16:54Z	5181.00000	1556.92557	1539.73430	1525.97284
2025-08-08T13:16:54Z	5181.00000	1557.19211	1539.98637	1526.11651
2025-08-08T13:16:54Z	5181.00000	1557.49591	1540.26833	1526.28131
2025-08-08T13:16:54Z	5182.00000	1557.70697	1540.46694	1526.39806
2025-08-08T13:16:54Z	5182.00000	1557.96128	1540.70791	1526.53418
2025-08-08T13:16:54Z	5182.00000	1558.21276	1540.94393	1526.67226
2025-08-08T13:16:54Z	5182.00000	1558.53788	1541.25274	1526.85037
2025-08-08T13:16:55Z	5182.00000	1558.73770	1541.44189	1526.96019
2025-08-08T13:16:55Z	5182.00000	1558.97429	1541.66922	1527.08893
2025-08-08T13:16:55Z	5182.00000	1559.28911	1541.96675	1527.26328
2025-08-08T13:16:55Z	5182.00000	1559.52626	1542.19709	1527.39675
2025-08-08T13:16:55Z	5182.00000	1559.72319	1542.38628	1527.50477
2025-08-08T13:16:55Z	5182.00000	1559.95893	1542.61007	1527.63409
2025-08-08T13:16:55Z	5183.00000	1560.18567	1542.82401	1527.76083
2025-08-08T13:16:55Z	5183.00000	1560.43527	1543.07212	1527.90274
2025-08-08T13:16:55Z	5183.00000	1560.66402	1543.29135	1528.02715
2025-08-08T13:16:55Z	5183.00000	1560.67188	1543.27553	1528.03325
2025-08-08T13:16:55Z	5183.00000	1560.67537	1543.27199	1528.03519
2025-08-08T13:16:56Z	5183.00000	1560.67716	1543.27025	1528.03620
2025-08-08T13:16:56Z	5183.00000	1560.67862	1543.26855	1528.03716
2025-08-08T13:16:56Z	5183.00000	1560.67957	1543.26793	1528.03826
2025-08-08T13:16:56Z	5183.00000	1560.68033	1543.26746	1528.03842
2025-08-08T13:16:56Z	5183.00000	1560.68080	1543.26691	1528.03881
2025-08-08T13:16:56Z	5184.00000	1560.68152	1543.26744	1528.03937
2025-08-08T13:16:56Z	5184.00000	1560.68232	1543.26615	1528.04027
2025-08-08T13:16:56Z	5184.00000	1560.68249	1543.26617	1528.04027
2025-08-08T13:16:56Z	5184.00000	1560.68278	1543.26593	1528.04060
2025-08-08T13:16:57Z	5184.00000	1560.68324	1543.26603	1528.04112
2025-08-08T13:16:57Z	5184.00000	1560.68358	1543.26584	1528.04143
2025-08-08T13:16:57Z	5184.00000	1560.68375	1543.26561	1528.04172
2025-08-08T13:16:57Z	5184.00000	1560.68407	1543.26593	1528.04198
2025-08-08T13:16:57Z	5184.00000	1560.68438	1543.26570	1528.04228
2025-08-08T13:16:57Z	5184.00000	1560.68463	1543.26599	1528.04249
2025-08-08T13:16:57Z	5185.00000	1560.68497	1543.26588	1528.04282
2025-08-08T13:16:57Z	5185.00000	1560.68536	1543.26569	1528.04331
2025-08-08T13:16:57Z	5185.00000	1560.68520	1543.26614	1528.04348
2025-08-08T13:16:57Z	5185.00000	1560.68548	1543.26620	1528.04365
2025-08-08T13:16:58Z	5185.00000	1560.68604	1543.26618	1528.04392
2025-08-08T13:16:58Z	5185.00000	1560.68602	1543.26617	1528.04418
2025-08-08T13:16:58Z	5185.00000	1560.68589	1543.26645	1528.04442
2025-08-08T13:16:58Z	5185.00000	1560.68648	1543.26644	1528.04457
2025-08-08T13:16:58Z	5185.00000	1560.68641	1543.26692	1528.04482
2025-08-08T13:16:58Z	5185.00000	1560.68687	1543.26655	1528.04523
2025-08-08T13:16:58Z	5186.00000	1559.29519	1541.90879	1527.27911
2025-08-08T13:16:58Z	5186.00000	1558.68391	1541.35408	1526.93458
2025-08-08T13:16:58Z	5186.00000	1558.38834	1541.08575	1526.77387
2025-08-08T13:16:58Z	5186.00000	1558.10945	1540.82709	1526.62028
2025-08-08T13:16:59Z	5186.00000	1557.85271	1540.58832	1526.47642
2025-08-08T13:16:59Z	5186.00000	1557.61613	1540.36977	1526.34571
2025-08-08T13:16:59Z	5186.00000	1557.38494	1540.15753	1526.22015
2025-08-08T13:16:59Z	5186.00000	1557.16026	1539.94933	1526.09619
2025-08-08T13:16:59Z	5186.00000	1556.93733	1539.74277	1525.97525
2025-08-08T13:16:59Z	5186.00000	1556.72058	1539.54296	1525.85746
2025-08-08T13:16:59Z	5187.00000	1556.44095	1539.28757	1525.70661
2025-08-08T13:16:59Z	5187.00000	1556.26996	1539.13021	1525.61876
2025-08-08T13:16:59Z	5187.00000	1556.04001	1538.91633	1525.49763
2025-08-08T13:16:59Z	5187.00000	1555.83816	1538.72784	1525.38826
2025-08-08T13:17:00Z	5187.00000	1555.61599	1538.51876	1525.27091
2025-08-08T13:17:00Z	5187.00000	1555.43037	1538.34909	1525.16900
2025-08-08T13:17:00Z	5187.00000	1555.26357	1538.19539	1525.08129
2025-08-08T13:17:00Z	5187.00000	1555.25545	1538.18846	1525.07721
2025-08-08T13:17:00Z	5187.00000	1555.25034	1538.18310	1525.07477
2025-08-08T13:17:00Z	5188.00000	1555.24550	1538.17740	1525.07186
2025-08-08T13:17:00Z	5188.00000	1555.24227	1538.17469	1525.07051
2025-08-08T13:17:00Z	5188.00000	1555.23819	1538.17150	1525.06839
2025-08-08T13:17:00Z	5188.00000	1555.23611	1538.16882	1525.06676
2025-08-08T13:17:00Z	5188.00000	1555.23318	1538.16546	1525.06468
2025-08-08T13:17:01Z	5188.00000	1555.22976	1538.16221	1525.06297
2025-08-08T13:17:01Z	5188.00000	1555.22724	1538.15989	1525.06172
2025-08-08T13:17:01Z	5188.00000	1555.22357	1538.15612	1525.05993
2025-08-08T13:17:01Z	5188.00000	1555.22192	1538.15486	1525.05901
2025-08-08T13:17:01Z	5189.00000	1555.22105	1538.15328	1525.05820
2025-08-08T13:17:01Z	5189.00000	1555.21986	1538.15207	1525.05742
2025-08-08T13:17:01Z	5189.00000	1555.21824	1538.15002	1525.05577
2025-08-08T13:17:01Z	5189.00000	1555.21660	1538.14790	1525.05482
2025-08-08T13:17:01Z	5189.00000	1555.21609	1538.14738	1525.05466
2025-08-08T13:17:02Z	5189.00000	1555.21366	1538.14375	1525.05312
2025-08-08T13:17:02Z	5189.00000	1555.21188	1538.14297	1525.05252
2025-08-08T13:17:02Z	5189.00000	1555.21009	1538.14185	1525.05149
2025-08-08T13:17:02Z	5189.00000	1555.20897	1538.14014	1525.05080
2025-08-08T13:17:02Z	5189.00000	1555.20804	1538.13867	1525.05004
2025-08-08T13:17:02Z	5190.00000	1555.20720	1538.13798	1525.04952
2025-08-08T13:17:02Z	5190.00000	1555.20629	1538.13668	1525.04894
2025-08-08T13:17:02Z	5190.00000	1555.20566	1538.13617	1525.04853
2025-08-08T13:17:02Z	5190.00000	1555.20505	1538.13479	1525.04803
2025-08-08T13:17:02Z	5190.00000	1555.20351	1538.13332	1525.04713
2025-08-08T13:17:03Z	5190.00000	1555.20274	1538.13240	1525.04649
2025-08-08T13:17:03Z	5190.00000	1555.20195	1538.13124	1525.04603
2025-08-08T13:17:03Z	5190.00000	1555.20088	1538.13047	1525.04515
2025-08-08T13:17:03Z	5190.00000	1555.20036	1538.12993	1525.04487
2025-08-08T13:17:03Z	5190.00000	1555.19936	1538.12919	1525.04424
2025-08-08T13:17:03Z	5190.00000	1555.19835	1538.12869	1525.04393
2025-08-08T13:17:03Z	5191.00000	1555.19765	1538.12749	1525.04353
2025-08-08T13:17:03Z	5191.00000	1555.19658	1538.12697	1525.04293
2025-08-08T13:17:03Z	5191.00000	1555.19575	1538.12577	1525.04244
2025-08-08T13:17:03Z	5191.00000	1555.19493	1538.12484	1525.04187
2025-08-08T13:17:04Z	5191.00000	1555.19424	1538.12420	1525.04149
2025-08-08T13:17:04Z	5191.00000	1555.19404	1538.12382	1525.04083
2025-08-08T13:17:04Z	5191.00000	1555.19308	1538.12287	1525.04040
2025-08-08T13:17:04Z	5191.00000	1555.19261	1538.12200	1525.03997
2025-08-08T13:17:04Z	5191.00000	1555.19185	1538.12122	1525.03955
2025-08-08T13:17:04Z	5192.00000	1555.19109	1538.12023	1525.03916
2025-08-08T13:17:04Z	5192.00000	1555.19049	1538.11960	1525.03875
2025-08-08T13:17:04Z	5192.00000	1555.19157	1538.12107	1525.03833
2025-08-08T13:17:04Z	5192.00000	1555.48112	1538.39110	1525.19743
2025-08-08T13:17:04Z	5192.00000	1555.82179	1538.70813	1525.38071
2025-08-08T13:17:05Z	5192.00000	1556.05681	1538.92857	1525.50811
2025-08-08T13:17:05Z	5192.00000	1556.28777	1539.14335	1525.63252
2025-08-08T13:17:05Z	5192.00000	1556.57574	1539.40842	1525.78268
2025-08-08T13:17:05Z	5192.00000	1556.89109	1539.70285	1525.95416
2025-08-08T13:17:05Z	5192.00000	1557.20262	1539.99756	1526.12278
2025-08-08T13:17:05Z	5192.00000	1557.46073	1540.23787	1526.26446
2025-08-08T13:17:05Z	5193.00000	1557.71851	1540.47840	1526.40497
2025-08-08T13:17:05Z	5193.00000	1557.97907	1540.72493	1526.54400
2025-08-08T13:17:05Z	5193.00000	1558.26710	1540.99688	1526.70275
2025-08-08T13:17:05Z	5193.00000	1558.51346	1541.22873	1526.83811
2025-08-08T13:17:06Z	5193.00000	1558.76147	1541.46617	1526.97474
2025-08-08T13:17:06Z	5193.00000	1558.99917	1541.69221	1527.10315
2025-08-08T13:17:06Z	5193.00000	1559.31840	1541.99946	1527.28010
2025-08-08T13:17:06Z	5193.00000	1559.59502	1542.26466	1527.43558
2025-08-08T13:17:06Z	5193.00000	1559.83420	1542.48869	1527.56728
2025-08-08T13:17:06Z	5194.00000	1560.02285	1542.66921	1527.66950
2025-08-08T13:17:06Z	5194.00000	1560.27398	1542.91517	1527.81236
2025-08-08T13:17:06Z	5194.00000	1560.44858	1543.08635	1527.91237
2025-08-08T13:17:06Z	5194.00000	1560.64296	1543.27502	1528.01814
2025-08-08T13:17:06Z	5194.00000	1560.67373	1543.27576	1528.03620
2025-08-08T13:17:06Z	5194.00000	1560.67634	1543.27371	1528.03716
2025-08-08T13:17:07Z	5194.00000	1560.67881	1543.27175	1528.03787
2025-08-08T13:17:07Z	5194.00000	1560.67985	1543.27074	1528.03867
2025-08-08T13:17:07Z	5194.00000	1560.68088	1543.26994	1528.03944
2025-08-08T13:17:07Z	5194.00000	1560.68141	1543.26897	1528.04008
2025-08-08T13:17:07Z	5195.00000	1560.68195	1543.26920	1528.04047
2025-08-08T13:17:07Z	5195.00000	1560.68254	1543.26867	1528.04077
2025-08-08T13:17:07Z	5195.00000	1560.68300	1543.26805	1528.04113
2025-08-08T13:17:07Z	5195.00000	1560.68323	1543.26834	1528.04158
2025-08-08T13:17:07Z	5195.00000	1560.68406	1543.26824	1528.04187
2025-08-08T13:17:08Z	5195.00000	1560.68437	1543.26811	1528.04246
2025-08-08T13:17:08Z	5195.00000	1560.68428	1543.26839	1528.04292
2025-08-08T13:17:08Z	5195.00000	1560.68463	1543.26826	1528.04320
2025-08-08T13:17:08Z	5195.00000	1560.68493	1543.26797	1528.04343
2025-08-08T13:17:08Z	5195.00000	1560.68515	1543.26778	1528.04388
2025-08-08T13:17:08Z	5195.00000	1560.68553	1543.26797	1528.04407
2025-08-08T13:17:08Z	5196.00000	1560.68611	1543.26832	1528.04433
2025-08-08T13:17:08Z	5196.00000	1560.68573	1543.26778	1528.04454
2025-08-08T13:17:08Z	5196.00000	1560.68626	1543.26837	1528.04490
2025-08-08T13:17:08Z	5196.00000	1560.68659	1543.26876	1528.04503
2025-08-08T13:17:09Z	5196.00000	1560.68681	1543.26861	1528.04532
2025-08-08T13:17:09Z	5196.00000	1560.68733	1543.26899	1528.04549
2025-08-08T13:17:09Z	5196.00000	1560.68723	1543.26876	1528.04580
2025-08-08T13:17:09Z	5196.00000	1560.68771	1543.26835	1528.04610
2025-08-08T13:17:09Z	5196.00000	1560.68786	1543.26906	1528.04617
2025-08-08T13:17:09Z	5196.00000	1560.68804	1543.26882	1528.04634
2025-08-08T13:17:09Z	5197.00000	1559.83331	1542.39029	1527.58208
2025-08-08T13:17:09Z	5197.00000	1558.78587	1541.45200	1526.99584
2025-08-08T13:17:09Z	5197.00000	1558.44910	1541.14286	1526.80912
2025-08-08T13:17:09Z	5197.00000	1558.06908	1540.79052	1526.59787
2025-08-08T13:17:10Z	5197.00000	1557.78287	1540.52507	1526.44026
2025-08-08T13:17:10Z	5197.00000	1557.51114	1540.27212	1526.28777
2025-08-08T13:17:10Z	5197.00000	1557.21133	1539.99824	1526.12405
2025-08-08T13:17:10Z	5197.00000	1557.02518	1539.82573	1526.02443
2025-08-08T13:17:10Z	5197.00000	1556.84513	1539.65880	1525.92461
2025-08-08T13:17:10Z	5198.00000	1556.66741	1539.49451	1525.82853
2025-08-08T13:17:10Z	5198.00000	1556.45855	1539.30394	1525.71617
2025-08-08T13:17:10Z	5198.00000	1556.25240	1539.11466	1525.60988
2025-08-08T13:17:10Z	5198.00000	1556.02556	1538.90411	1525.49094
2025-08-08T13:17:10Z	5198.00000	1555.86169	1538.74973	1525.40188
2025-08-08T13:17:10Z	5198.00000	1555.67069	1538.57007	1525.30027
2025-08-08T13:17:11Z	5198.00000	1555.45192	1538.36871	1525.18057
2025-08-08T13:17:11Z	5198.00000	1555.26993	1538.20338	1525.08682
2025-08-08T13:17:11Z	5198.00000	1555.26208	1538.19497	1525.08192
2025-08-08T13:17:11Z	5198.00000	1555.25396	1538.18732	1525.07724
2025-08-08T13:17:11Z	5198.00000	1555.25109	1538.18422	1525.07570
2025-08-08T13:17:11Z	5199.00000	1555.24757	1538.18062	1525.07369
2025-08-08T13:17:11Z	5199.00000	1555.24353	1538.17642	1525.07177
2025-08-08T13:17:11Z	5199.00000	1555.24020	1538.17374	1525.07011
2025-08-08T13:17:11Z	5199.00000	1555.23734	1538.17069	1525.06821
2025-08-08T13:17:12Z	5199.00000	1555.23552	1538.16854	1525.06660
2025-08-08T13:17:12Z	5199.00000	1555.23334	1538.16576	1525.06501
2025-08-08T13:17:12Z	5199.00000	1555.23086	1538.16333	1525.06407
2025-08-08T13:17:12Z	5199.00000	1555.22928	1538.16187	1525.06323
2025-08-08T13:17:12Z	5199.00000	1555.22663	1538.15947	1525.06189
2025-08-08T13:17:12Z	5199.00000	1555.22439	1538.15750	1525.06097
2025-08-08T13:17:12Z	5200.00000	1555.22323	1538.15638	1525.06022
2025-08-08T13:17:12Z	5200.00000	1555.22143	1538.15450	1525.05910
2025-08-08T13:17:12Z	5200.00000	1555.22024	1538.15216	1525.05807
2025-08-08T13:17:12Z	5200.00000	1555.21899	1538.15062	1525.05671
2025-08-08T13:17:12Z	5200.00000	1555.21814	1538.15008	1525.05644
2025-08-08T13:17:13Z	5200.00000	1555.21675	1538.14846	1525.05524
2025-08-08T13:17:13Z	5200.00000	1555.21512	1538.14729	1525.05448
2025-08-08T13:17:13Z	5200.00000	1555.21351	1538.14560	1525.05352
2025-08-08T13:17:13Z	5200.00000	1555.21241	1538.14353	1525.05292
2025-08-08T13:17:13Z	5201.00000	1555.21012	1538.14138	1525.05179
2025-08-08T13:17:13Z	5201.00000	1555.20896	1538.14044	1525.05129
2025-08-08T13:17:13Z	5201.00000	1555.20818	1538.13925	1525.05062
2025-08-08T13:17:13Z	5201.00000	1555.20645	1538.13723	1525.04949
2025-08-08T13:17:14Z	5201.00000	1555.20576	1538.13597	1525.04899
2025-08-08T13:17:14Z	5201.00000	1555.20508	1538.13483	1525.04845
2025-08-08T13:17:14Z	5201.00000	1555.20323	1538.13322	1525.04769
2025-08-08T13:17:14Z	5201.00000	1555.20252	1538.13230	1525.04687
2025-08-08T13:17:14Z	5202.00000	1555.20185	1538.13164	1525.04637
2025-08-08T13:17:14Z	5202.00000	1555.19990	1538.12991	1525.04507
2025-08-08T13:17:14Z	5202.00000	1555.19909	1538.12914	1525.04466
2025-08-08T13:17:15Z	5202.00000	1555.19836	1538.12854	1525.04430
2025-08-08T13:17:15Z	5202.00000	1555.19714	1538.12759	1525.04365
2025-08-08T13:17:15Z	5202.00000	1555.19662	1538.12691	1525.04318
2025-08-08T13:17:15Z	5202.00000	1555.19570	1538.12561	1525.04268
2025-08-08T13:17:15Z	5202.00000	1555.19518	1538.12533	1525.04219
2025-08-08T13:17:15Z	5202.00000	1555.19437	1538.12445	1525.04181
2025-08-08T13:17:15Z	5203.00000	1555.19397	1538.12354	1525.04128
2025-08-08T13:17:15Z	5203.00000	1555.41605	1538.32954	1525.15792
2025-08-08T13:17:15Z	5203.00000	1555.74705	1538.63793	1525.34264
2025-08-08T13:17:16Z	5203.00000	1556.03766	1538.91140	1525.50026
2025-08-08T13:17:16Z	5203.00000	1556.32458	1539.17637	1525.65222
2025-08-08T13:17:16Z	5203.00000	1556.88589	1539.69970	1525.95214
2025-08-08T13:17:16Z	5203.00000	1557.15397	1539.95118	1526.09802
2025-08-08T13:17:16Z	5203.00000	1557.50310	1540.27659	1526.28651
2025-08-08T13:17:16Z	5204.00000	1557.96608	1540.71442	1526.53849
2025-08-08T13:17:16Z	5204.00000	1558.25518	1540.98660	1526.69685
2025-08-08T13:17:16Z	5204.00000	1558.74013	1541.44648	1526.96367
2025-08-08T13:17:17Z	5204.00000	1558.97617	1541.67316	1527.09229
2025-08-08T13:17:17Z	5204.00000	1559.21267	1541.89766	1527.22312
2025-08-08T13:17:17Z	5204.00000	1559.44435	1542.11886	1527.35358
2025-08-08T13:17:17Z	5204.00000	1559.68671	1542.35400	1527.48607
2025-08-08T13:17:17Z	5205.00000	1560.22168	1542.85924	1527.78328
2025-08-08T13:17:17Z	5205.00000	1560.43552	1543.07342	1527.90464
2025-08-08T13:17:17Z	5205.00000	1560.66600	1543.29338	1528.02977
2025-08-08T13:17:18Z	5205.00000	1560.67781	1543.27449	1528.03790
2025-08-08T13:17:18Z	5205.00000	1560.67944	1543.27235	1528.03889
2025-08-08T13:17:18Z	5205.00000	1560.68057	1543.27115	1528.03971
2025-08-08T13:17:18Z	5205.00000	1560.68106	1543.27100	1528.04077
2025-08-08T13:17:18Z	5205.00000	1560.68213	1543.27000	1528.04128
2025-08-08T13:17:18Z	5205.00000	1560.68296	1543.26930	1528.04127
2025-08-08T13:17:18Z	5206.00000	1560.68375	1543.26940	1528.04242
2025-08-08T13:17:18Z	5206.00000	1560.68414	1543.26887	1528.04251
2025-08-08T13:17:18Z	5206.00000	1560.68494	1543.26899	1528.04305
2025-08-08T13:17:19Z	5206.00000	1560.68491	1543.26949	1528.04368
2025-08-08T13:17:19Z	5206.00000	1560.68511	1543.26899	1528.04394
2025-08-08T13:17:19Z	5206.00000	1560.68574	1543.26907	1528.04448
2025-08-08T13:17:19Z	5206.00000	1560.68593	1543.26954	1528.04481
2025-08-08T13:17:19Z	5207.00000	1560.68709	1543.26893	1528.04512
2025-08-08T13:17:19Z	5207.00000	1560.68688	1543.26898	1528.04554
2025-08-08T13:17:19Z	5207.00000	1560.68689	1543.26877	1528.04577
2025-08-08T13:17:19Z	5207.00000	1560.68763	1543.26922	1528.04614
2025-08-08T13:17:20Z	5207.00000	1560.68819	1543.26903	1528.04624
2025-08-08T13:17:20Z	5207.00000	1560.68815	1543.26962	1528.04654
2025-08-08T13:17:20Z	5207.00000	1560.68837	1543.26960	1528.04695
2025-08-08T13:17:20Z	5207.00000	1560.68876	1543.26893	1528.04667
2025-08-08T13:17:20Z	5207.00000	1560.68891	1543.26941	1528.04698
2025-08-08T13:17:20Z	5208.00000	1560.68893	1543.26949	1528.04732
2025-08-08T13:17:20Z	5208.00000	1558.88902	1541.54544	1527.05291
2025-08-08T13:17:20Z	5208.00000	1558.45471	1541.14846	1526.81289
2025-08-08T13:17:21Z	5208.00000	1557.87262	1540.60756	1526.48882
2025-08-08T13:17:21Z	5208.00000	1557.62792	1540.38254	1526.35377
2025-08-08T13:17:21Z	5208.00000	1557.35965	1540.13300	1526.20710
2025-08-08T13:17:21Z	5208.00000	1556.91830	1539.72626	1525.96588
2025-08-08T13:17:21Z	5208.00000	1556.70724	1539.53189	1525.85163
2025-08-08T13:17:21Z	5209.00000	1556.49296	1539.33458	1525.73361
2025-08-08T13:17:21Z	5209.00000	1556.25238	1539.11509	1525.61052
2025-08-08T13:17:21Z	5209.00000	1555.85967	1538.74862	1525.40190
2025-08-08T13:17:21Z	5209.00000	1555.66866	1538.56872	1525.30006
2025-08-08T13:17:22Z	5209.00000	1555.48075	1538.39504	1525.19634
2025-08-08T13:17:22Z	5209.00000	1555.27152	1538.20493	1525.08697
2025-08-08T13:17:22Z	5209.00000	1555.26451	1538.19671	1525.08335
2025-08-08T13:17:22Z	5209.00000	1555.25337	1538.18715	1525.07764
2025-08-08T13:17:22Z	5210.00000	1555.25033	1538.18322	1525.07556
2025-08-08T13:17:22Z	5210.00000	1555.24734	1538.17970	1525.07394
2025-08-08T13:17:22Z	5210.00000	1555.24421	1538.17687	1525.07235
2025-08-08T13:17:22Z	5210.00000	1555.24073	1538.17423	1525.07085
2025-08-08T13:17:22Z	5210.00000	1555.23795	1538.17116	1525.06906
2025-08-08T13:17:23Z	5210.00000	1555.23591	1538.16930	1525.06771
2025-08-08T13:17:23Z	5210.00000	1555.23411	1538.16655	1525.06580
2025-08-08T13:17:23Z	5210.00000	1555.23253	1538.16478	1525.06480
2025-08-08T13:17:23Z	5210.00000	1555.23003	1538.16210	1525.06371
2025-08-08T13:17:23Z	5210.00000	1555.22792	1538.16079	1525.06289
2025-08-08T13:17:23Z	5211.00000	1555.22468	1538.15734	1525.06124
2025-08-08T13:17:23Z	5211.00000	1555.22310	1538.15593	1525.06051
2025-08-08T13:17:23Z	5211.00000	1555.22142	1538.15405	1525.05913
2025-08-08T13:17:24Z	5211.00000	1555.21934	1538.15136	1525.05734
2025-08-08T13:17:24Z	5211.00000	1555.21807	1538.14956	1525.05652
2025-08-08T13:17:24Z	5211.00000	1555.21598	1538.14752	1525.05491
2025-08-08T13:17:24Z	5211.00000	1555.21416	1538.14599	1525.05408
2025-08-08T13:17:24Z	5212.00000	1555.21300	1538.14364	1525.05338
2025-08-08T13:17:24Z	5212.00000	1555.21151	1538.14245	1525.05269
2025-08-08T13:17:24Z	5212.00000	1555.20996	1538.14110	1525.05221
2025-08-08T13:17:24Z	5212.00000	1555.20901	1538.14021	1525.05142
2025-08-08T13:17:25Z	5212.00000	1555.20876	1538.13906	1525.05086
2025-08-08T13:17:25Z	5212.00000	1555.20752	1538.13825	1525.05032
2025-08-08T13:17:25Z	5212.00000	1555.20678	1538.13719	1525.04977
2025-08-08T13:17:25Z	5212.00000	1555.20624	1538.13676	1525.04937
2025-08-08T13:17:25Z	5212.00000	1555.20550	1538.13516	1525.04880
2025-08-08T13:17:25Z	5213.00000	1555.20438	1538.13384	1525.04801
2025-08-08T13:17:25Z	5213.00000	1555.20351	1538.13297	1525.04746
2025-08-08T13:17:25Z	5213.00000	1555.20299	1538.13241	1525.04682
2025-08-08T13:17:25Z	5213.00000	1555.20213	1538.13132	1525.04658
2025-08-08T13:17:26Z	5213.00000	1555.20156	1538.13082	1525.04610
2025-08-08T13:17:26Z	5213.00000	1555.19967	1538.12959	1525.04501
2025-08-08T13:17:26Z	5213.00000	1555.19889	1538.12895	1525.04460
2025-08-08T13:17:26Z	5213.00000	1555.19722	1538.12718	1525.04358
2025-08-08T13:17:26Z	5214.00000	1555.19628	1538.12618	1525.04301
2025-08-08T13:17:26Z	5214.00000	1555.22190	1538.15247	1525.05361
2025-08-08T13:17:26Z	5214.00000	1555.79700	1538.68414	1525.36914
2025-08-08T13:17:27Z	5214.00000	1556.03123	1538.90509	1525.49666
2025-08-08T13:17:27Z	5214.00000	1556.31545	1539.16818	1525.64708
2025-08-08T13:17:27Z	5214.00000	1556.64856	1539.47785	1525.82345
2025-08-08T13:17:27Z	5214.00000	1556.91587	1539.72749	1525.96921
2025-08-08T13:17:27Z	5214.00000	1557.19003	1539.98623	1526.11699
2025-08-08T13:17:27Z	5214.00000	1557.55167	1540.32169	1526.31247
2025-08-08T13:17:27Z	5215.00000	1557.85111	1540.60476	1526.47618
2025-08-08T13:17:27Z	5215.00000	1558.18534	1540.91944	1526.65860
2025-08-08T13:17:27Z	5215.00000	1558.47072	1541.19039	1526.81668
2025-08-08T13:17:27Z	5215.00000	1558.67034	1541.37730	1526.92349
2025-08-08T13:17:28Z	5215.00000	1558.94448	1541.64200	1527.07437
2025-08-08T13:17:28Z	5215.00000	1559.13522	1541.82571	1527.18119
2025-08-08T13:17:28Z	5215.00000	1559.52677	1542.19999	1527.39901
2025-08-08T13:17:28Z	5215.00000	1559.76610	1542.42896	1527.53222
2025-08-08T13:17:28Z	5215.00000	1559.99867	1542.64746	1527.65723
2025-08-08T13:17:28Z	5216.00000	1560.25700	1542.89909	1527.80382
2025-08-08T13:17:28Z	5216.00000	1560.43525	1543.07295	1527.90472
2025-08-08T13:17:28Z	5216.00000	1560.63085	1543.26353	1528.01189
2025-08-08T13:17:28Z	5216.00000	1560.67489	1543.27921	1528.03603
2025-08-08T13:17:28Z	5216.00000	1560.67794	1543.27596	1528.03807
2025-08-08T13:17:29Z	5216.00000	1560.67989	1543.27363	1528.03945
2025-08-08T13:17:29Z	5216.00000	1560.68075	1543.27267	1528.03999
2025-08-08T13:17:29Z	5216.00000	1560.68163	1543.27189	1528.04068
2025-08-08T13:17:29Z	5216.00000	1560.68256	1543.27095	1528.04140
2025-08-08T13:17:29Z	5216.00000	1560.68321	1543.27096	1528.04178
2025-08-08T13:17:29Z	5217.00000	1560.68378	1543.27056	1528.04238
2025-08-08T13:17:29Z	5217.00000	1560.68422	1543.27014	1528.04263
2025-08-08T13:17:29Z	5217.00000	1560.68469	1543.26978	1528.04325
2025-08-08T13:17:29Z	5217.00000	1560.68482	1543.27035	1528.04355
2025-08-08T13:17:29Z	5217.00000	1560.68523	1543.26975	1528.04393
2025-08-08T13:17:30Z	5217.00000	1560.68540	1543.26953	1528.04429
2025-08-08T13:17:30Z	5217.00000	1560.68623	1543.26970	1528.04451
2025-08-08T13:17:30Z	5217.00000	1560.68622	1543.26956	1528.04482
2025-08-08T13:17:30Z	5217.00000	1560.68641	1543.27017	1528.04523
2025-08-08T13:17:30Z	5217.00000	1560.68706	1543.27045	1528.04535
2025-08-08T13:17:30Z	5218.00000	1560.68728	1543.26981	1528.04566
2025-08-08T13:17:30Z	5218.00000	1560.68778	1543.26964	1528.04593
2025-08-08T13:17:30Z	5218.00000	1560.68806	1543.27014	1528.04621
2025-08-08T13:17:30Z	5218.00000	1560.68863	1543.26993	1528.04644
2025-08-08T13:17:31Z	5218.00000	1560.68830	1543.27000	1528.04670
2025-08-08T13:17:31Z	5218.00000	1560.68845	1543.26962	1528.04682
2025-08-08T13:17:31Z	5218.00000	1560.68892	1543.27037	1528.04699
2025-08-08T13:17:31Z	5218.00000	1560.68918	1543.27043	1528.04727
2025-08-08T13:17:31Z	5218.00000	1560.68914	1543.27049	1528.04751
2025-08-08T13:17:31Z	5218.00000	1560.68952	1543.27057	1528.04786
2025-08-08T13:17:31Z	5219.00000	1559.92320	1542.46779	1527.63678
2025-08-08T13:17:31Z	5219.00000	1558.64791	1541.32656	1526.92092
2025-08-08T13:17:31Z	5219.00000	1558.09441	1540.81439	1526.61334
2025-08-08T13:17:32Z	5219.00000	1557.88826	1540.62220	1526.49716
2025-08-08T13:17:32Z	5219.00000	1557.64870	1540.40012	1526.36521
2025-08-08T13:17:32Z	5219.00000	1557.41580	1540.18672	1526.23867
2025-08-08T13:17:32Z	5219.00000	1557.18960	1539.97906	1526.11307
2025-08-08T13:17:32Z	5219.00000	1556.89411	1539.70399	1525.95255
2025-08-08T13:17:32Z	5219.00000	1556.71663	1539.54031	1525.85697
2025-08-08T13:17:32Z	5220.00000	1556.50387	1539.34333	1525.73930
2025-08-08T13:17:32Z	5220.00000	1556.25944	1539.12147	1525.61383
2025-08-08T13:17:32Z	5220.00000	1555.99785	1538.87808	1525.47692
2025-08-08T13:17:33Z	5220.00000	1555.58135	1538.48693	1525.25328
2025-08-08T13:17:33Z	5220.00000	1555.27012	1538.20308	1525.08554
2025-08-08T13:17:33Z	5220.00000	1555.26638	1538.19924	1525.08471
2025-08-08T13:17:33Z	5220.00000	1555.25980	1538.19193	1525.08097
2025-08-08T13:17:33Z	5221.00000	1555.25146	1538.18441	1525.07605
2025-08-08T13:17:33Z	5221.00000	1555.24865	1538.18108	1525.07459
2025-08-08T13:17:33Z	5221.00000	1555.24662	1538.17831	1525.07316
2025-08-08T13:17:33Z	5221.00000	1555.24275	1538.17554	1525.07168
2025-08-08T13:17:34Z	5221.00000	1555.24005	1538.17294	1525.07042
2025-08-08T13:17:34Z	5221.00000	1555.23783	1538.17066	1525.06881
2025-08-08T13:17:34Z	5221.00000	1555.23589	1538.16912	1525.06731
2025-08-08T13:17:34Z	5221.00000	1555.23439	1538.16667	1525.06577
2025-08-08T13:17:34Z	5221.00000	1555.23262	1538.16479	1525.06463
2025-08-08T13:17:34Z	5221.00000	1555.23047	1538.16273	1525.06395
2025-08-08T13:17:34Z	5222.00000	1555.22802	1538.16063	1525.06278
2025-08-08T13:17:34Z	5222.00000	1555.22546	1538.15800	1525.06171
2025-08-08T13:17:34Z	5222.00000	1555.22288	1538.15571	1525.06007
2025-08-08T13:17:35Z	5222.00000	1555.22258	1538.15512	1525.05989
2025-08-08T13:17:35Z	5222.00000	1555.22126	1538.15355	1525.05896
2025-08-08T13:17:35Z	5222.00000	1555.22017	1538.15204	1525.05812
2025-08-08T13:17:35Z	5222.00000	1555.21907	1538.15059	1525.05686
2025-08-08T13:17:35Z	5222.00000	1555.21797	1538.14967	1525.05595
2025-08-08T13:17:35Z	5222.00000	1555.21669	1538.14819	1525.05524
2025-08-08T13:17:35Z	5223.00000	1555.21551	1538.14675	1525.05462
2025-08-08T13:17:35Z	5223.00000	1555.21411	1538.14583	1525.05379
2025-08-08T13:17:35Z	5223.00000	1555.21167	1538.14266	1525.05273
2025-08-08T13:17:36Z	5223.00000	1555.21075	1538.14128	1525.05232
2025-08-08T13:17:36Z	5223.00000	1555.20994	1538.14074	1525.05175
2025-08-08T13:17:36Z	5223.00000	1555.20923	1538.13955	1525.05120
2025-08-08T13:17:36Z	5223.00000	1555.20851	1538.13949	1525.05075
2025-08-08T13:17:36Z	5223.00000	1555.20759	1538.13808	1525.05026
2025-08-08T13:17:36Z	5223.00000	1555.20677	1538.13719	1525.04959
2025-08-08T13:17:36Z	5224.00000	1555.20592	1538.13610	1525.04898
2025-08-08T13:17:36Z	5224.00000	1555.20537	1538.13541	1525.04880
2025-08-08T13:17:36Z	5224.00000	1555.20455	1538.13396	1525.04788
2025-08-08T13:17:36Z	5224.00000	1555.20413	1538.13351	1525.04772
2025-08-08T13:17:37Z	5224.00000	1555.20306	1538.13259	1525.04746
2025-08-08T13:17:37Z	5224.00000	1555.20245	1538.13173	1525.04669
2025-08-08T13:17:37Z	5224.00000	1555.20219	1538.13137	1525.04641
2025-08-08T13:17:37Z	5224.00000	1555.20136	1538.13069	1525.04576
2025-08-08T13:17:37Z	5224.00000	1555.20030	1538.13020	1525.04533
2025-08-08T13:17:37Z	5224.00000	1555.19964	1538.12921	1525.04492
2025-08-08T13:17:37Z	5225.00000	1555.19805	1538.12834	1525.04399
2025-08-08T13:17:37Z	5225.00000	1555.47498	1538.38441	1525.19072
2025-08-08T13:17:37Z	5225.00000	1555.76102	1538.65055	1525.34911
2025-08-08T13:17:37Z	5225.00000	1555.99845	1538.87315	1525.47957
2025-08-08T13:17:38Z	5225.00000	1556.33105	1539.18317	1525.65585
2025-08-08T13:17:38Z	5225.00000	1556.61615	1539.44826	1525.80581
2025-08-08T13:17:38Z	5225.00000	1556.89242	1539.70536	1525.95595
2025-08-08T13:17:38Z	5225.00000	1557.24692	1540.03923	1526.14814
2025-08-08T13:17:38Z	5226.00000	1557.54992	1540.32115	1526.31182
2025-08-08T13:17:38Z	5226.00000	1557.76230	1540.52331	1526.43050
2025-08-08T13:17:38Z	5226.00000	1558.05659	1540.79829	1526.58902
2025-08-08T13:17:38Z	5226.00000	1558.30040	1541.02926	1526.72216
2025-08-08T13:17:38Z	5226.00000	1558.54432	1541.26041	1526.85504
2025-08-08T13:17:39Z	5226.00000	1558.74505	1541.45126	1526.96642
2025-08-08T13:17:39Z	5226.00000	1558.98954	1541.68408	1527.09857
2025-08-08T13:17:39Z	5226.00000	1559.25833	1541.94067	1527.24825
2025-08-08T13:17:39Z	5226.00000	1559.57392	1542.24588	1527.42510
2025-08-08T13:17:39Z	5226.00000	1559.76996	1542.43363	1527.53462
2025-08-08T13:17:39Z	5226.00000	1560.00541	1542.65493	1527.66143
2025-08-08T13:17:39Z	5227.00000	1560.26339	1542.90605	1527.80795
2025-08-08T13:17:39Z	5227.00000	1560.47576	1543.11326	1527.92859
2025-08-08T13:17:39Z	5227.00000	1560.63823	1543.27203	1528.01666
2025-08-08T13:17:39Z	5227.00000	1560.67606	1543.27915	1528.03791
2025-08-08T13:17:40Z	5227.00000	1560.67845	1543.27539	1528.03936
2025-08-08T13:17:40Z	5227.00000	1560.68043	1543.27394	1528.04029
2025-08-08T13:17:40Z	5227.00000	1560.68146	1543.27341	1528.04093
2025-08-08T13:17:40Z	5227.00000	1560.68255	1543.27251	1528.04147
2025-08-08T13:17:40Z	5227.00000	1560.68306	1543.27198	1528.04215
2025-08-08T13:17:40Z	5227.00000	1560.68369	1543.27172	1528.04271
2025-08-08T13:17:40Z	5228.00000	1560.68442	1543.27189	1528.04332
2025-08-08T13:17:40Z	5228.00000	1560.68472	1543.27144	1528.04356
2025-08-08T13:17:40Z	5228.00000	1560.68515	1543.27135	1528.04403
2025-08-08T13:17:40Z	5228.00000	1560.68513	1543.27132	1528.04438
2025-08-08T13:17:41Z	5228.00000	1560.68583	1543.27052	1528.04466
2025-08-08T13:17:41Z	5228.00000	1560.68651	1543.27101	1528.04487
2025-08-08T13:17:41Z	5228.00000	1560.68677	1543.27120	1528.04523
2025-08-08T13:17:41Z	5228.00000	1560.68686	1543.27067	1528.04563
2025-08-08T13:17:41Z	5228.00000	1560.68715	1543.27084	1528.04588
2025-08-08T13:17:41Z	5228.00000	1560.68750	1543.27075	1528.04611
2025-08-08T13:17:41Z	5229.00000	1560.68792	1543.27047	1528.04630
2025-08-08T13:17:41Z	5229.00000	1560.68822	1543.27111	1528.04658
2025-08-08T13:17:41Z	5229.00000	1560.68800	1543.27099	1528.04695
2025-08-08T13:17:41Z	5229.00000	1560.68879	1543.27082	1528.04724
2025-08-08T13:17:42Z	5229.00000	1560.68893	1543.27104	1528.04753
2025-08-08T13:17:42Z	5229.00000	1560.68870	1543.27102	1528.04766
2025-08-08T13:17:42Z	5229.00000	1560.68930	1543.27116	1528.04784
2025-08-08T13:17:42Z	5229.00000	1560.68941	1543.27142	1528.04812
2025-08-08T13:17:42Z	5229.00000	1560.68990	1543.27199	1528.04828
2025-08-08T13:17:42Z	5229.00000	1560.68985	1543.27133	1528.04836
2025-08-08T13:17:42Z	5230.00000	1560.68960	1543.27121	1528.04855
2025-08-08T13:17:42Z	5230.00000	1558.85611	1541.51533	1527.03553
2025-08-08T13:17:42Z	5230.00000	1558.45010	1541.14328	1526.80923
2025-08-08T13:17:42Z	5230.00000	1558.16606	1540.87781	1526.65137
2025-08-08T13:17:43Z	5230.00000	1557.82872	1540.56669	1526.46529
2025-08-08T13:17:43Z	5230.00000	1557.63254	1540.38632	1526.35674
2025-08-08T13:17:43Z	5230.00000	1557.40241	1540.17534	1526.23175
2025-08-08T13:17:43Z	5230.00000	1557.14224	1539.93465	1526.08822
2025-08-08T13:17:43Z	5230.00000	1556.91784	1539.72615	1525.96540
2025-08-08T13:17:43Z	5230.00000	1556.70288	1539.52806	1525.84922
2025-08-08T13:17:43Z	5231.00000	1556.42160	1539.27055	1525.69825
2025-08-08T13:17:43Z	5231.00000	1556.25068	1539.11355	1525.60977
2025-08-08T13:17:43Z	5231.00000	1556.05413	1538.93081	1525.50634
2025-08-08T13:17:43Z	5231.00000	1555.85738	1538.74680	1525.40048
2025-08-08T13:17:43Z	5231.00000	1555.66658	1538.56705	1525.29894
2025-08-08T13:17:44Z	5231.00000	1555.47795	1538.39263	1525.19494
2025-08-08T13:17:44Z	5231.00000	1555.29611	1538.22622	1525.10029
2025-08-08T13:17:44Z	5231.00000	1555.27045	1538.20390	1525.08730
2025-08-08T13:17:44Z	5231.00000	1555.26285	1538.19531	1525.08296
2025-08-08T13:17:44Z	5231.00000	1555.25715	1538.19020	1525.07988
2025-08-08T13:17:44Z	5232.00000	1555.25395	1538.18742	1525.07795
2025-08-08T13:17:44Z	5232.00000	1555.25116	1538.18408	1525.07618
2025-08-08T13:17:44Z	5232.00000	1555.24794	1538.18038	1525.07435
2025-08-08T13:17:44Z	5232.00000	1555.24543	1538.17774	1525.07321
2025-08-08T13:17:45Z	5232.00000	1555.24211	1538.17526	1525.07168
2025-08-08T13:17:45Z	5232.00000	1555.23951	1538.17240	1525.07009
2025-08-08T13:17:45Z	5232.00000	1555.23741	1538.17032	1525.06889
2025-08-08T13:17:45Z	5232.00000	1555.23562	1538.16847	1525.06725
2025-08-08T13:17:45Z	5232.00000	1555.23432	1538.16689	1525.06597
2025-08-08T13:17:45Z	5232.00000	1555.23299	1538.16500	1525.06509
2025-08-08T13:17:45Z	5233.00000	1555.23044	1538.16300	1525.06416
2025-08-08T13:17:45Z	5233.00000	1555.22877	1538.16136	1525.06361
2025-08-08T13:17:45Z	5233.00000	1555.22656	1538.15938	1525.06237
2025-08-08T13:17:45Z	5233.00000	1555.22576	1538.15862	1525.06199
2025-08-08T13:17:46Z	5233.00000	1555.22433	1538.15702	1525.06114
2025-08-08T13:17:46Z	5233.00000	1555.22267	1538.15544	1525.06021
2025-08-08T13:17:46Z	5233.00000	1555.22173	1538.15426	1525.05939
2025-08-08T13:17:46Z	5233.00000	1555.22068	1538.15302	1525.05863
2025-08-08T13:17:46Z	5233.00000	1555.21986	1538.15183	1525.05804
2025-08-08T13:17:46Z	5233.00000	1555.21881	1538.15033	1525.05705
2025-08-08T13:17:46Z	5234.00000	1555.21771	1538.14920	1525.05625
2025-08-08T13:17:46Z	5234.00000	1555.21656	1538.14780	1525.05549
2025-08-08T13:17:46Z	5234.00000	1555.21532	1538.14717	1525.05480
2025-08-08T13:17:46Z	5234.00000	1555.21414	1538.14579	1525.05408
2025-08-08T13:17:47Z	5234.00000	1555.21310	1538.14526	1525.05363
2025-08-08T13:17:47Z	5234.00000	1555.21221	1538.14300	1525.05307
2025-08-08T13:17:47Z	5234.00000	1555.21085	1538.14238	1525.05263
2025-08-08T13:17:47Z	5234.00000	1555.21004	1538.14111	1525.05189
2025-08-08T13:17:47Z	5234.00000	1555.20920	1538.14023	1525.05152
2025-08-08T13:17:47Z	5234.00000	1555.20830	1538.13934	1525.05102
2025-08-08T13:17:47Z	5235.00000	1555.20781	1538.13882	1525.05064
2025-08-08T13:17:47Z	5235.00000	1555.20696	1538.13764	1525.05004
2025-08-08T13:17:47Z	5235.00000	1555.20636	1538.13681	1525.04972
2025-08-08T13:17:47Z	5235.00000	1555.20575	1538.13590	1525.04916
2025-08-08T13:17:48Z	5235.00000	1555.20521	1538.13487	1525.04873
2025-08-08T13:17:48Z	5235.00000	1555.20449	1538.13404	1525.04831
2025-08-08T13:17:48Z	5235.00000	1555.20392	1538.13326	1525.04788
2025-08-08T13:17:48Z	5235.00000	1555.20308	1538.13261	1525.04750
2025-08-08T13:17:48Z	5235.00000	1555.20242	1538.13164	1525.04669
2025-08-08T13:17:48Z	5236.00000	1555.20177	1538.13144	1525.04643
2025-08-08T13:17:48Z	5236.00000	1555.20104	1538.13051	1525.04595
2025-08-08T13:17:48Z	5236.00000	1555.20022	1538.13002	1525.04529
2025-08-08T13:17:48Z	5236.00000	1555.46453	1538.37447	1525.18511
2025-08-08T13:17:48Z	5236.00000	1555.74981	1538.64130	1525.34534
2025-08-08T13:17:49Z	5236.00000	1556.07960	1538.95108	1525.52150
2025-08-08T13:17:49Z	5236.00000	1556.31575	1539.16886	1525.64723
2025-08-08T13:17:49Z	5236.00000	1556.64333	1539.47265	1525.82124
2025-08-08T13:17:49Z	5236.00000	1556.91006	1539.72191	1525.96622
2025-08-08T13:17:49Z	5236.00000	1557.22325	1540.01756	1526.13512
2025-08-08T13:17:49Z	5236.00000	1557.48463	1540.26009	1526.27713
2025-08-08T13:17:49Z	5237.00000	1557.78635	1540.54592	1526.44343
2025-08-08T13:17:49Z	5237.00000	1558.03497	1540.77816	1526.57704
2025-08-08T13:17:49Z	5237.00000	1558.28130	1541.01087	1526.71156
2025-08-08T13:17:49Z	5237.00000	1558.48648	1541.20446	1526.82472
2025-08-08T13:17:50Z	5237.00000	1558.77023	1541.47479	1526.98095
2025-08-08T13:17:50Z	5237.00000	1559.04465	1541.73690	1527.13021
2025-08-08T13:17:50Z	5237.00000	1559.23670	1541.91981	1527.23616
2025-08-08T13:17:50Z	5237.00000	1559.47525	1542.14924	1527.37155
2025-08-08T13:17:50Z	5237.00000	1559.75857	1542.42301	1527.52810
2025-08-08T13:17:50Z	5237.00000	1559.99117	1542.64185	1527.65393
2025-08-08T13:17:50Z	5238.00000	1560.28257	1542.92489	1527.81941
2025-08-08T13:17:50Z	5238.00000	1560.49309	1543.12631	1527.93624
2025-08-08T13:17:50Z	5238.00000	1560.65253	1543.28236	1528.02265
2025-08-08T13:17:50Z	5238.00000	1560.67590	1543.27997	1528.03823
2025-08-08T13:17:50Z	5238.00000	1560.67897	1543.27699	1528.03935
2025-08-08T13:17:51Z	5238.00000	1560.68093	1543.27549	1528.04025
2025-08-08T13:17:51Z	5238.00000	1560.68207	1543.27442	1528.04135
2025-08-08T13:17:51Z	5238.00000	1560.68288	1543.27340	1528.04179
2025-08-08T13:17:51Z	5238.00000	1560.68362	1543.27290	1528.04258
2025-08-08T13:17:51Z	5238.00000	1560.68423	1543.27283	1528.04298
2025-08-08T13:17:51Z	5239.00000	1560.68456	1543.27187	1528.04354
2025-08-08T13:17:51Z	5239.00000	1560.68516	1543.27180	1528.04382
2025-08-08T13:17:51Z	5239.00000	1560.68560	1543.27186	1528.04434
2025-08-08T13:17:51Z	5239.00000	1560.68596	1543.27187	1528.04466
2025-08-08T13:17:52Z	5239.00000	1560.68619	1543.27156	1528.04497
2025-08-08T13:17:52Z	5239.00000	1560.68686	1543.27134	1528.04531
2025-08-08T13:17:52Z	5239.00000	1560.68730	1543.27147	1528.04563
2025-08-08T13:17:52Z	5239.00000	1560.68762	1543.27219	1528.04603
2025-08-08T13:17:52Z	5239.00000	1560.68798	1543.27181	1528.04599
2025-08-08T13:17:52Z	5239.00000	1560.68795	1543.27154	1528.04648
2025-08-08T13:17:52Z	5240.00000	1560.68847	1543.27151	1528.04687
2025-08-08T13:17:52Z	5240.00000	1560.68879	1543.27159	1528.04712
2025-08-08T13:17:52Z	5240.00000	1560.68907	1543.27197	1528.04718
2025-08-08T13:17:52Z	5240.00000	1560.68913	1543.27229	1528.04770
2025-08-08T13:17:53Z	5240.00000	1560.68958	1543.27202	1528.04779
2025-08-08T13:17:53Z	5240.00000	1560.68930	1543.27224	1528.04814
2025-08-08T13:17:53Z	5240.00000	1560.68988	1543.27202	1528.04815
2025-08-08T13:17:53Z	5240.00000	1560.68982	1543.27224	1528.04834
2025-08-08T13:17:53Z	5240.00000	1560.68992	1543.27230	1528.04834
2025-08-08T13:17:53Z	5240.00000	1560.69026	1543.27233	1528.04879
2025-08-08T13:17:53Z	5241.00000	1560.68974	1543.27066	1528.04890
2025-08-08T13:17:53Z	5241.00000	1558.83640	1541.49798	1527.02755
2025-08-08T13:17:53Z	5241.00000	1558.39032	1541.08833	1526.77623
2025-08-08T13:17:53Z	5241.00000	1558.16232	1540.87393	1526.64881
2025-08-08T13:17:54Z	5241.00000	1557.90542	1540.63787	1526.50636
2025-08-08T13:17:54Z	5241.00000	1557.62791	1540.38336	1526.35416
2025-08-08T13:17:54Z	5241.00000	1557.39029	1540.16291	1526.22417
2025-08-08T13:17:54Z	5241.00000	1557.12390	1539.91835	1526.07872
2025-08-08T13:17:54Z	5241.00000	1556.90528	1539.71440	1525.95853
2025-08-08T13:17:54Z	5241.00000	1556.72859	1539.55196	1525.86375
2025-08-08T13:17:54Z	5242.00000	1556.51743	1539.35633	1525.74693
2025-08-08T13:17:54Z	5242.00000	1556.27647	1539.13752	1525.62361
2025-08-08T13:17:54Z	5242.00000	1556.07651	1538.95271	1525.51786
2025-08-08T13:17:54Z	5242.00000	1555.87840	1538.76668	1525.41244
2025-08-08T13:17:54Z	5242.00000	1555.68406	1538.58347	1525.30874
2025-08-08T13:17:55Z	5242.00000	1555.46629	1538.38306	1525.18984
2025-08-08T13:17:55Z	5242.00000	1555.28379	1538.21501	1525.09411
2025-08-08T13:17:55Z	5242.00000	1555.26977	1538.20343	1525.08703
2025-08-08T13:17:55Z	5242.00000	1555.26405	1538.19667	1525.08379
2025-08-08T13:17:55Z	5242.00000	1555.26013	1538.19356	1525.08172
2025-08-08T13:17:55Z	5243.00000	1555.25591	1538.18937	1525.07960
2025-08-08T13:17:55Z	5243.00000	1555.25225	1538.18574	1525.07726
2025-08-08T13:17:55Z	5243.00000	1555.24996	1538.18257	1525.07579
2025-08-08T13:17:55Z	5243.00000	1555.24681	1538.17940	1525.07423
2025-08-08T13:17:56Z	5243.00000	1555.24410	1538.17657	1525.07285
2025-08-08T13:17:56Z	5243.00000	1555.24095	1538.17466	1525.07129
2025-08-08T13:17:56Z	5243.00000	1555.23906	1538.17232	1525.07004
2025-08-08T13:17:56Z	5243.00000	1555.23740	1538.17080	1525.06899
2025-08-08T13:17:56Z	5243.00000	1555.23471	1538.16703	1525.06667
2025-08-08T13:17:56Z	5244.00000	1555.23322	1538.16573	1525.06547
2025-08-08T13:17:56Z	5244.00000	1555.23139	1538.16385	1525.06461
2025-08-08T13:17:56Z	5244.00000	1555.22945	1538.16223	1525.06397
2025-08-08T13:17:56Z	5244.00000	1555.22851	1538.16115	1525.06371
2025-08-08T13:17:57Z	5244.00000	1555.22569	1538.15869	1525.06222
2025-08-08T13:17:57Z	5244.00000	1555.22418	1538.15721	1525.06137
2025-08-08T13:17:57Z	5244.00000	1555.22312	1538.15621	1525.06067
2025-08-08T13:17:57Z	5244.00000	1555.22193	1538.15491	1525.05997
2025-08-08T13:17:57Z	5244.00000	1555.22116	1538.15363	1525.05930
2025-08-08T13:17:57Z	5244.00000	1555.22020	1538.15241	1525.05852
2025-08-08T13:17:57Z	5245.00000	1555.21929	1538.15123	1525.05788
2025-08-08T13:17:57Z	5245.00000	1555.21836	1538.14972	1525.05695
2025-08-08T13:17:57Z	5245.00000	1555.21731	1538.14872	1525.05618
2025-08-08T13:17:57Z	5245.00000	1555.21610	1538.14796	1525.05532
2025-08-08T13:17:58Z	5245.00000	1555.21531	1538.14682	1525.05491
2025-08-08T13:17:58Z	5245.00000	1555.21425	1538.14636	1525.05429
2025-08-08T13:17:58Z	5245.00000	1555.21257	1538.14329	1525.05350
2025-08-08T13:17:58Z	5245.00000	1555.21159	1538.14257	1525.05290
2025-08-08T13:17:58Z	5245.00000	1555.21035	1538.14204	1525.05267
2025-08-08T13:17:58Z	5245.00000	1555.20997	1538.14084	1525.05230
2025-08-08T13:17:58Z	5246.00000	1555.20910	1538.14004	1525.05173
2025-08-08T13:17:58Z	5246.00000	1555.20821	1538.13891	1525.05113
2025-08-08T13:17:58Z	5246.00000	1555.20760	1538.13811	1525.05067
2025-08-08T13:17:58Z	5246.00000	1555.20702	1538.13744	1525.05026
2025-08-08T13:17:59Z	5246.00000	1555.20636	1538.13697	1525.04973
2025-08-08T13:17:59Z	5246.00000	1555.20545	1538.13573	1525.04911
2025-08-08T13:17:59Z	5246.00000	1555.20467	1538.13474	1525.04856
2025-08-08T13:17:59Z	5246.00000	1555.20418	1538.13360	1525.04810
2025-08-08T13:17:59Z	5246.00000	1555.20340	1538.13313	1525.04781
2025-08-08T13:17:59Z	5247.00000	1555.20278	1538.13249	1525.04740
2025-08-08T13:17:59Z	5247.00000	1555.20227	1538.13187	1525.04691
2025-08-08T13:17:59Z	5247.00000	1555.51477	1538.42044	1525.21356
2025-08-08T13:17:59Z	5247.00000	1555.84496	1538.73172	1525.39693
2025-08-08T13:18:00Z	5247.00000	1556.07876	1538.95090	1525.52137
2025-08-08T13:18:00Z	5247.00000	1556.59363	1539.42594	1525.79385
2025-08-08T13:18:00Z	5247.00000	1556.86434	1539.67961	1525.94100
2025-08-08T13:18:00Z	5247.00000	1557.13475	1539.93396	1526.08907
2025-08-08T13:18:00Z	5247.00000	1557.40364	1540.18581	1526.23474
2025-08-08T13:18:00Z	5248.00000	1557.75067	1540.51052	1526.42418
2025-08-08T13:18:00Z	5248.00000	1558.08714	1540.82715	1526.60640
2025-08-08T13:18:00Z	5248.00000	1558.33264	1541.05845	1526.73962
2025-08-08T13:18:00Z	5248.00000	1558.53436	1541.25121	1526.85035
2025-08-08T13:18:01Z	5248.00000	1558.77520	1541.47964	1526.98363
2025-08-08T13:18:01Z	5248.00000	1559.08888	1541.77842	1527.15526
2025-08-08T13:18:01Z	5248.00000	1559.28749	1541.96720	1527.26410
2025-08-08T13:18:01Z	5248.00000	1559.61229	1542.28172	1527.44579
2025-08-08T13:18:01Z	5248.00000	1559.85005	1542.50481	1527.57738
2025-08-08T13:18:01Z	5249.00000	1560.22183	1542.85994	1527.78368
2025-08-08T13:18:01Z	5249.00000	1560.43873	1543.07781	1527.90754
2025-08-08T13:18:01Z	5249.00000	1560.67345	1543.28509	1528.03590
2025-08-08T13:18:02Z	5249.00000	1560.68043	1543.27767	1528.03986
2025-08-08T13:18:02Z	5249.00000	1560.68177	1543.27602	1528.04092
2025-08-08T13:18:02Z	5249.00000	1560.68307	1543.27439	1528.04162
2025-08-08T13:18:02Z	5249.00000	1560.68406	1543.27368	1528.04247
2025-08-08T13:18:02Z	5249.00000	1560.68447	1543.27323	1528.04278
2025-08-08T13:18:02Z	5249.00000	1560.68513	1543.27264	1528.04350
2025-08-08T13:18:02Z	5250.00000	1560.68582	1543.27254	1528.04389
2025-08-08T13:18:02Z	5250.00000	1560.68626	1543.27250	1528.04431
2025-08-08T13:18:02Z	5250.00000	1560.68642	1543.27233	1528.04467
2025-08-08T13:18:03Z	5250.00000	1560.68752	1543.27252	1528.04524
2025-08-08T13:18:03Z	5250.00000	1560.68774	1543.27229	1528.04563
2025-08-08T13:18:03Z	5250.00000	1560.68837	1543.27217	1528.04592
2025-08-08T13:18:03Z	5250.00000	1560.68840	1543.27230	1528.04624
2025-08-08T13:18:03Z	5250.00000	1560.68884	1543.27228	1528.04661
2025-08-08T13:18:03Z	5251.00000	1560.68950	1543.27226	1528.04705
2025-08-08T13:18:03Z	5251.00000	1560.68937	1543.27242	1528.04739
2025-08-08T13:18:03Z	5251.00000	1560.69014	1543.27255	1528.04751
2025-08-08T13:18:03Z	5251.00000	1560.68994	1543.27277	1528.04809
2025-08-08T13:18:04Z	5251.00000	1560.69039	1543.27321	1528.04823
2025-08-08T13:18:04Z	5251.00000	1560.69065	1543.27292	1528.04849
2025-08-08T13:18:04Z	5251.00000	1560.69073	1543.27289	1528.04851
2025-08-08T13:18:04Z	5251.00000	1560.69102	1543.27292	1528.04881
2025-08-08T13:18:04Z	5251.00000	1560.69116	1543.27313	1528.04885
2025-08-08T13:18:04Z	5252.00000	1560.69119	1543.27327	1528.04924
2025-08-08T13:18:04Z	5252.00000	1559.31457	1541.92603	1527.28953
2025-08-08T13:18:04Z	5252.00000	1558.70295	1541.37265	1526.94790
2025-08-08T13:18:04Z	5252.00000	1558.40800	1541.10508	1526.78665
2025-08-08T13:18:05Z	5252.00000	1557.87534	1540.61086	1526.49077
2025-08-08T13:18:05Z	5252.00000	1557.63360	1540.38849	1526.35821
2025-08-08T13:18:05Z	5252.00000	1557.40296	1540.17644	1526.23262
2025-08-08T13:18:05Z	5252.00000	1557.10249	1539.89935	1526.06845
2025-08-08T13:18:05Z	5252.00000	1556.70410	1539.52906	1525.85026
2025-08-08T13:18:05Z	5253.00000	1556.49404	1539.33570	1525.73473
2025-08-08T13:18:05Z	5253.00000	1556.28236	1539.14323	1525.62755
2025-08-08T13:18:05Z	5253.00000	1556.05345	1538.93087	1525.50677
2025-08-08T13:18:06Z	5253.00000	1555.66576	1538.56683	1525.29912
2025-08-08T13:18:06Z	5253.00000	1555.47903	1538.39412	1525.19639
2025-08-08T13:18:06Z	5253.00000	1555.29388	1538.22404	1525.09962
2025-08-08T13:18:06Z	5253.00000	1555.27564	1538.20750	1525.09003
2025-08-08T13:18:06Z	5253.00000	1555.26454	1538.19758	1525.08452
2025-08-08T13:18:06Z	5254.00000	1555.25755	1538.19093	1525.08061
2025-08-08T13:18:06Z	5254.00000	1555.25298	1538.18673	1525.07803
2025-08-08T13:18:06Z	5254.00000	1555.24850	1538.18131	1525.07538
2025-08-08T13:18:07Z	5254.00000	1555.24612	1538.17880	1525.07411
2025-08-08T13:18:07Z	5254.00000	1555.24078	1538.17431	1525.07158
2025-08-08T13:18:07Z	5254.00000	1555.23850	1538.17194	1525.07003
2025-08-08T13:18:07Z	5254.00000	1555.23558	1538.16894	1525.06792
2025-08-08T13:18:07Z	5255.00000	1555.23293	1538.16488	1525.06571
2025-08-08T13:18:07Z	5255.00000	1555.23135	1538.16437	1525.06532
2025-08-08T13:18:07Z	5255.00000	1555.22894	1538.16180	1525.06398
2025-08-08T13:18:08Z	5255.00000	1555.22739	1538.16052	1525.06330
2025-08-08T13:18:08Z	5255.00000	1555.22482	1538.15817	1525.06184
2025-08-08T13:18:08Z	5255.00000	1555.22391	1538.15677	1525.06136
2025-08-08T13:18:08Z	5255.00000	1555.22281	1538.15577	1525.06056
2025-08-08T13:18:08Z	5255.00000	1555.22172	1538.15451	1525.05985
2025-08-08T13:18:08Z	5256.00000	1555.22085	1538.15297	1525.05926
2025-08-08T13:18:08Z	5256.00000	1555.21959	1538.15174	1525.05851
2025-08-08T13:18:08Z	5256.00000	1555.21804	1538.14977	1525.05687
2025-08-08T13:18:09Z	5256.00000	1555.21684	1538.14836	1525.05613
2025-08-08T13:18:09Z	5256.00000	1555.21606	1538.14790	1525.05569
2025-08-08T13:18:09Z	5256.00000	1555.21383	1538.14585	1525.05434
2025-08-08T13:18:09Z	5256.00000	1555.21299	1538.14521	1525.05399
2025-08-08T13:18:09Z	5256.00000	1555.21179	1538.14270	1525.05332
2025-08-08T13:18:09Z	5257.00000	1555.21060	1538.14164	1525.05269
2025-08-08T13:18:09Z	5257.00000	1555.21008	1538.14075	1525.05259
2025-08-08T13:18:09Z	5257.00000	1555.20902	1538.13999	1525.05205
2025-08-08T13:18:09Z	5257.00000	1555.20840	1538.13948	1525.05138
2025-08-08T13:18:10Z	5257.00000	1555.20781	1538.13868	1525.05094
2025-08-08T13:18:10Z	5257.00000	1555.20684	1538.13710	1525.05035
2025-08-08T13:18:10Z	5257.00000	1555.20611	1538.13625	1525.04979
2025-08-08T13:18:10Z	5257.00000	1555.20519	1538.13496	1525.04891
2025-08-08T13:18:10Z	5258.00000	1555.20459	1538.13449	1525.04873
2025-08-08T13:18:10Z	5258.00000	1555.45813	1538.37059	1525.18506
2025-08-08T13:18:10Z	5258.00000	1555.74605	1538.63797	1525.34428
2025-08-08T13:18:11Z	5258.00000	1556.02924	1538.90428	1525.49558
2025-08-08T13:18:11Z	5258.00000	1556.31208	1539.16632	1525.64618
2025-08-08T13:18:11Z	5258.00000	1556.59548	1539.42977	1525.79571
2025-08-08T13:18:11Z	5258.00000	1556.86980	1539.68468	1525.94449
2025-08-08T13:18:11Z	5258.00000	1557.22636	1540.02135	1526.13727
2025-08-08T13:18:11Z	5258.00000	1557.49103	1540.26635	1526.28109
2025-08-08T13:18:11Z	5259.00000	1557.74680	1540.50743	1526.42242
2025-08-08T13:18:11Z	5259.00000	1558.08052	1540.82119	1526.60329
2025-08-08T13:18:11Z	5259.00000	1558.52934	1541.24506	1526.84842
2025-08-08T13:18:12Z	5259.00000	1558.84934	1541.54865	1527.02400
2025-08-08T13:18:12Z	5259.00000	1559.16493	1541.85265	1527.19748
2025-08-08T13:18:12Z	5259.00000	1559.36273	1542.04102	1527.30624
2025-08-08T13:18:12Z	5259.00000	1559.56509	1542.23654	1527.42089
2025-08-08T13:18:12Z	5260.00000	1560.03348	1542.68017	1527.67711
2025-08-08T13:18:12Z	5260.00000	1560.21980	1542.85910	1527.78328
2025-08-08T13:18:12Z	5260.00000	1560.67153	1543.28909	1528.03503
2025-08-08T13:18:12Z	5260.00000	1560.67775	1543.28163	1528.03846
2025-08-08T13:18:13Z	5260.00000	1560.68156	1543.27708	1528.04072
2025-08-08T13:18:13Z	5260.00000	1560.68328	1543.27537	1528.04202
2025-08-08T13:18:13Z	5260.00000	1560.68428	1543.27460	1528.04272
2025-08-08T13:18:13Z	5260.00000	1560.68473	1543.27423	1528.04356
2025-08-08T13:18:13Z	5260.00000	1560.68521	1543.27355	1528.04386
2025-08-08T13:18:13Z	5261.00000	1560.68561	1543.27350	1528.04431
2025-08-08T13:18:13Z	5261.00000	1560.68620	1543.27312	1528.04478
2025-08-08T13:18:13Z	5261.00000	1560.68703	1543.27299	1528.04536
2025-08-08T13:18:13Z	5261.00000	1560.68759	1543.27293	1528.04564
2025-08-08T13:18:14Z	5261.00000	1560.68799	1543.27346	1528.04588
2025-08-08T13:18:14Z	5261.00000	1560.68852	1543.27306	1528.04633
2025-08-08T13:18:14Z	5261.00000	1560.68877	1543.27288	1528.04667
2025-08-08T13:18:14Z	5261.00000	1560.68888	1543.27310	1528.04705
2025-08-08T13:18:14Z	5261.00000	1560.68904	1543.27282	1528.04725
2025-08-08T13:18:14Z	5261.00000	1560.68959	1543.27298	1528.04716
2025-08-08T13:18:14Z	5262.00000	1560.68970	1543.27320	1528.04781
2025-08-08T13:18:14Z	5262.00000	1560.68986	1543.27295	1528.04828
2025-08-08T13:18:14Z	5262.00000	1560.68986	1543.27322	1528.04833
2025-08-08T13:18:14Z	5262.00000	1560.69042	1543.27295	1528.04840
2025-08-08T13:18:15Z	5262.00000	1560.69083	1543.27347	1528.04880
2025-08-08T13:18:15Z	5262.00000	1560.69102	1543.27350	1528.04888
2025-08-08T13:18:15Z	5262.00000	1560.69105	1543.27354	1528.04907
2025-08-08T13:18:15Z	5262.00000	1560.69122	1543.27347	1528.04936
2025-08-08T13:18:15Z	5262.00000	1560.69152	1543.27381	1528.04958
2025-08-08T13:18:15Z	5262.00000	1560.69167	1543.27374	1528.04977
2025-08-08T13:18:15Z	5263.00000	1560.69132	1543.27270	1528.04983
2025-08-08T13:18:15Z	5263.00000	1558.84601	1541.50724	1527.03337
2025-08-08T13:18:15Z	5263.00000	1558.44666	1541.14210	1526.81020
2025-08-08T13:18:15Z	5263.00000	1558.11887	1540.83806	1526.62792
2025-08-08T13:18:16Z	5263.00000	1557.91038	1540.64308	1526.51031
2025-08-08T13:18:16Z	5263.00000	1557.67234	1540.42348	1526.37994
2025-08-08T13:18:16Z	5263.00000	1557.43612	1540.20678	1526.25108
2025-08-08T13:18:16Z	5263.00000	1557.17462	1539.96362	1526.10599
2025-08-08T13:18:16Z	5263.00000	1556.88285	1539.69487	1525.94710
2025-08-08T13:18:16Z	5263.00000	1556.70310	1539.52823	1525.85021
2025-08-08T13:18:16Z	5264.00000	1556.41949	1539.26957	1525.69788
2025-08-08T13:18:16Z	5264.00000	1555.99162	1538.87144	1525.47479
2025-08-08T13:18:16Z	5264.00000	1555.83193	1538.72389	1525.38707
2025-08-08T13:18:17Z	5264.00000	1555.67219	1538.57273	1525.30271
2025-08-08T13:18:17Z	5264.00000	1555.48395	1538.39916	1525.19952
2025-08-08T13:18:17Z	5264.00000	1555.28025	1538.21264	1525.09187
2025-08-08T13:18:17Z	5264.00000	1555.27469	1538.20710	1525.09008
2025-08-08T13:18:17Z	5264.00000	1555.26753	1538.20121	1525.08657
2025-08-08T13:18:17Z	5264.00000	1555.26279	1538.19578	1525.08377
2025-08-08T13:18:17Z	5265.00000	1555.25927	1538.19229	1525.08192
2025-08-08T13:18:17Z	5265.00000	1555.25550	1538.18953	1525.08002
2025-08-08T13:18:17Z	5265.00000	1555.25234	1538.18606	1525.07780
2025-08-08T13:18:17Z	5265.00000	1555.25024	1538.18323	1525.07646
2025-08-08T13:18:18Z	5265.00000	1555.24785	1538.18050	1525.07518
2025-08-08T13:18:18Z	5265.00000	1555.24541	1538.17877	1525.07395
2025-08-08T13:18:18Z	5265.00000	1555.24234	1538.17547	1525.07236
2025-08-08T13:18:18Z	5265.00000	1555.24055	1538.17392	1525.07151
2025-08-08T13:18:18Z	5265.00000	1555.23848	1538.17182	1525.07017
2025-08-08T13:18:18Z	5265.00000	1555.23714	1538.17015	1525.06916
2025-08-08T13:18:18Z	5266.00000	1555.23559	1538.16888	1525.06806
2025-08-08T13:18:18Z	5266.00000	1555.23402	1538.16687	1525.06659
2025-08-08T13:18:18Z	5266.00000	1555.23165	1538.16439	1525.06521
2025-08-08T13:18:18Z	5266.00000	1555.23001	1538.16289	1525.06454
2025-08-08T13:18:19Z	5266.00000	1555.22908	1538.16172	1525.06422
2025-08-08T13:18:19Z	5266.00000	1555.22772	1538.16091	1525.06355
2025-08-08T13:18:19Z	5266.00000	1555.22645	1538.15976	1525.06311
2025-08-08T13:18:19Z	5266.00000	1555.22507	1538.15791	1525.06206
2025-08-08T13:18:19Z	5266.00000	1555.22374	1538.15676	1525.06134
2025-08-08T13:18:19Z	5267.00000	1555.22288	1538.15570	1525.06081
2025-08-08T13:18:19Z	5267.00000	1555.22201	1538.15485	1525.06032
2025-08-08T13:18:19Z	5267.00000	1555.22101	1538.15332	1525.05951
2025-08-08T13:18:19Z	5267.00000	1555.22014	1538.15186	1525.05876
2025-08-08T13:18:19Z	5267.00000	1555.21917	1538.15070	1525.05805
2025-08-08T13:18:20Z	5267.00000	1555.21822	1538.14979	1525.05730
2025-08-08T13:18:20Z	5267.00000	1555.21741	1538.14926	1525.05662
2025-08-08T13:18:20Z	5267.00000	1555.21670	1538.14825	1525.05610
2025-08-08T13:18:20Z	5267.00000	1555.21548	1538.14740	1525.05562
2025-08-08T13:18:20Z	5267.00000	1555.21463	1538.14647	1525.05495
2025-08-08T13:18:20Z	5267.00000	1555.21351	1538.14541	1525.05416
2025-08-08T13:18:20Z	5268.00000	1555.21263	1538.14366	1525.05380
2025-08-08T13:18:20Z	5268.00000	1555.21180	1538.14281	1525.05360
2025-08-08T13:18:20Z	5268.00000	1555.21115	1538.14181	1525.05298
2025-08-08T13:18:20Z	5268.00000	1555.21006	1538.14124	1525.05275
2025-08-08T13:18:21Z	5268.00000	1555.20922	1538.14016	1525.05212
2025-08-08T13:18:21Z	5268.00000	1555.20829	1538.13950	1525.05166
2025-08-08T13:18:21Z	5268.00000	1555.20801	1538.13879	1525.05137
2025-08-08T13:18:21Z	5268.00000	1555.20744	1538.13803	1525.05092
2025-08-08T13:18:21Z	5268.00000	1555.20678	1538.13723	1525.05053
2025-08-08T13:18:21Z	5268.00000	1555.20628	1538.13688	1525.05022
2025-08-08T13:18:21Z	5269.00000	1555.20582	1538.13617	1525.04971
2025-08-08T13:18:21Z	5269.00000	1555.20527	1538.13519	1525.04923
2025-08-08T13:18:21Z	5269.00000	1555.55342	1538.45778	1525.24018
2025-08-08T13:18:21Z	5269.00000	1555.89048	1538.77498	1525.42300
2025-08-08T13:18:22Z	5269.00000	1556.22503	1539.08676	1525.59968
2025-08-08T13:18:22Z	5269.00000	1556.73845	1539.56260	1525.87496
2025-08-08T13:18:22Z	5269.00000	1556.96206	1539.77164	1525.99677
2025-08-08T13:18:22Z	5269.00000	1557.28406	1540.07464	1526.16982
2025-08-08T13:18:22Z	5270.00000	1557.54950	1540.32165	1526.31286
2025-08-08T13:18:22Z	5270.00000	1557.80371	1540.56372	1526.45364
2025-08-08T13:18:22Z	5270.00000	1558.09890	1540.83869	1526.61380
2025-08-08T13:18:22Z	5270.00000	1558.34404	1541.07130	1526.74709
2025-08-08T13:18:22Z	5270.00000	1558.54456	1541.26170	1526.85655
2025-08-08T13:18:23Z	5270.00000	1558.78750	1541.49131	1526.99128
2025-08-08T13:18:23Z	5270.00000	1559.06329	1541.75508	1527.14181
2025-08-08T13:18:23Z	5270.00000	1559.25943	1541.94208	1527.24993
2025-08-08T13:18:23Z	5270.00000	1559.53930	1542.21340	1527.40762
2025-08-08T13:18:23Z	5270.00000	1559.73811	1542.40516	1527.51784
2025-08-08T13:18:23Z	5270.00000	1559.97050	1542.62484	1527.64449
2025-08-08T13:18:23Z	5271.00000	1560.26943	1542.91306	1527.81258
2025-08-08T13:18:23Z	5271.00000	1560.44740	1543.08687	1527.91359
2025-08-08T13:18:23Z	5271.00000	1560.63991	1543.27419	1528.01844
2025-08-08T13:18:23Z	5271.00000	1560.67747	1543.28243	1528.03981
2025-08-08T13:18:23Z	5271.00000	1560.68070	1543.27976	1528.04103
2025-08-08T13:18:24Z	5271.00000	1560.68260	1543.27734	1528.04236
2025-08-08T13:18:24Z	5271.00000	1560.68397	1543.27587	1528.04317
2025-08-08T13:18:24Z	5271.00000	1560.68459	1543.27551	1528.04363
2025-08-08T13:18:24Z	5271.00000	1560.68541	1543.27518	1528.04406
2025-08-08T13:18:24Z	5271.00000	1560.68574	1543.27490	1528.04477
2025-08-08T13:18:24Z	5272.00000	1560.68641	1543.27471	1528.04508
2025-08-08T13:18:24Z	5272.00000	1560.68670	1543.27436	1528.04549
2025-08-08T13:18:24Z	5272.00000	1560.68792	1543.27414	1528.04586
2025-08-08T13:18:24Z	5272.00000	1560.68819	1543.27418	1528.04622
2025-08-08T13:18:25Z	5272.00000	1560.68840	1543.27408	1528.04698
2025-08-08T13:18:25Z	5272.00000	1560.68887	1543.27400	1528.04707
2025-08-08T13:18:25Z	5272.00000	1560.68911	1543.27450	1528.04713
2025-08-08T13:18:25Z	5272.00000	1560.68948	1543.27419	1528.04760
2025-08-08T13:18:25Z	5272.00000	1560.68989	1543.27467	1528.04795
2025-08-08T13:18:25Z	5273.00000	1560.68998	1543.27452	1528.04828
2025-08-08T13:18:25Z	5273.00000	1560.69040	1543.27455	1528.04855
2025-08-08T13:18:25Z	5273.00000	1560.69036	1543.27430	1528.04871
2025-08-08T13:18:25Z	5273.00000	1560.69078	1543.27439	1528.04902
2025-08-08T13:18:25Z	5273.00000	1560.69085	1543.27459	1528.04905
2025-08-08T13:18:26Z	5273.00000	1560.69106	1543.27451	1528.04951
2025-08-08T13:18:26Z	5273.00000	1560.69117	1543.27467	1528.04964
2025-08-08T13:18:26Z	5273.00000	1560.69154	1543.27489	1528.04985
2025-08-08T13:18:26Z	5273.00000	1560.69160	1543.27448	1528.04997
2025-08-08T13:18:26Z	5273.00000	1560.69175	1543.27501	1528.05012
2025-08-08T13:18:26Z	5273.00000	1560.69201	1543.27494	1528.05026
2025-08-08T13:18:26Z	5274.00000	1560.53112	1543.01474	1527.98792
2025-08-08T13:18:26Z	5274.00000	1558.83471	1541.49823	1527.02817
2025-08-08T13:18:26Z	5274.00000	1558.34786	1541.04954	1526.75428
2025-08-08T13:18:26Z	5274.00000	1558.12211	1540.84154	1526.62951
2025-08-08T13:18:27Z	5274.00000	1557.83286	1540.57240	1526.46893
2025-08-08T13:18:27Z	5274.00000	1557.63309	1540.38869	1526.35827
2025-08-08T13:18:27Z	5274.00000	1557.36414	1540.13877	1526.21092
2025-08-08T13:18:27Z	5274.00000	1557.17583	1539.96590	1526.10681
2025-08-08T13:18:27Z	5274.00000	1556.95248	1539.75863	1525.98610
2025-08-08T13:18:27Z	5274.00000	1556.63423	1539.46569	1525.81200
2025-08-08T13:18:27Z	5275.00000	1556.45732	1539.30467	1525.71740
2025-08-08T13:18:27Z	5275.00000	1556.25016	1539.11416	1525.61049
2025-08-08T13:18:27Z	5275.00000	1556.04603	1538.92531	1525.50328
2025-08-08T13:18:27Z	5275.00000	1555.81736	1538.71020	1525.37963
2025-08-08T13:18:28Z	5275.00000	1555.62745	1538.53140	1525.27912
2025-08-08T13:18:28Z	5275.00000	1555.47214	1538.38810	1525.19348
2025-08-08T13:18:28Z	5275.00000	1555.28869	1538.22006	1525.09785
2025-08-08T13:18:28Z	5275.00000	1555.27634	1538.20871	1525.09063
2025-08-08T13:18:28Z	5275.00000	1555.26909	1538.20313	1525.08752
2025-08-08T13:18:28Z	5275.00000	1555.26418	1538.19746	1525.08481
2025-08-08T13:18:28Z	5276.00000	1555.26140	1538.19431	1525.08327
2025-08-08T13:18:28Z	5276.00000	1555.25634	1538.19012	1525.08054
2025-08-08T13:18:28Z	5276.00000	1555.25386	1538.18783	1525.07912
2025-08-08T13:18:28Z	5276.00000	1555.25078	1538.18404	1525.07689
2025-08-08T13:18:29Z	5276.00000	1555.24829	1538.18096	1525.07545
2025-08-08T13:18:29Z	5276.00000	1555.24646	1538.17921	1525.07459
2025-08-08T13:18:29Z	5276.00000	1555.24410	1538.17696	1525.07359
2025-08-08T13:18:29Z	5276.00000	1555.24209	1538.17541	1525.07263
2025-08-08T13:18:29Z	5276.00000	1555.24013	1538.17346	1525.07151
2025-08-08T13:18:29Z	5276.00000	1555.23822	1538.17223	1525.07028
2025-08-08T13:18:29Z	5277.00000	1555.23632	1538.16985	1525.06897
2025-08-08T13:18:29Z	5277.00000	1555.23564	1538.16837	1525.06820
2025-08-08T13:18:29Z	5277.00000	1555.23368	1538.16684	1525.06660
2025-08-08T13:18:29Z	5277.00000	1555.23258	1538.16521	1525.06574
2025-08-08T13:18:30Z	5277.00000	1555.23069	1538.16418	1525.06509
2025-08-08T13:18:30Z	5277.00000	1555.22919	1538.16220	1525.06437
2025-08-08T13:18:30Z	5277.00000	1555.22796	1538.16116	1525.06390
2025-08-08T13:18:30Z	5277.00000	1555.22618	1538.15932	1525.06308
2025-08-08T13:18:30Z	5277.00000	1555.22523	1538.15826	1525.06249
2025-08-08T13:18:30Z	5277.00000	1555.22439	1538.15715	1525.06187
2025-08-08T13:18:30Z	5278.00000	1555.22313	1538.15604	1525.06125
2025-08-08T13:18:30Z	5278.00000	1555.22209	1538.15514	1525.06048
2025-08-08T13:18:30Z	5278.00000	1555.22131	1538.15389	1525.05983
2025-08-08T13:18:30Z	5278.00000	1555.22076	1538.15257	1525.05931
2025-08-08T13:18:31Z	5278.00000	1555.21956	1538.15118	1525.05855
2025-08-08T13:18:31Z	5278.00000	1555.21902	1538.15062	1525.05783
2025-08-08T13:18:31Z	5278.00000	1555.21810	1538.14985	1525.05723
2025-08-08T13:18:31Z	5278.00000	1555.21625	1538.14822	1525.05627
2025-08-08T13:18:31Z	5278.00000	1555.21543	1538.14717	1525.05538
2025-08-08T13:18:31Z	5279.00000	1555.21438	1538.14634	1525.05510
2025-08-08T13:18:31Z	5279.00000	1555.21322	1538.14547	1525.05441
2025-08-08T13:18:31Z	5279.00000	1555.21252	1538.14301	1525.05387
2025-08-08T13:18:31Z	5279.00000	1555.21158	1538.14293	1525.05348
2025-08-08T13:18:31Z	5279.00000	1555.21065	1538.14202	1525.05302
2025-08-08T13:18:32Z	5279.00000	1555.20914	1538.14064	1525.05234
2025-08-08T13:18:32Z	5279.00000	1555.20847	1538.13935	1525.05193
2025-08-08T13:18:32Z	5279.00000	1555.20786	1538.13898	1525.05140
2025-08-08T13:18:32Z	5279.00000	1555.20749	1538.13791	1525.05100
2025-08-08T13:18:32Z	5280.00000	1555.20701	1538.13765	1525.05071
2025-08-08T13:18:32Z	5280.00000	1555.20629	1538.13692	1525.05014
2025-08-08T13:18:32Z	5280.00000	1555.20594	1538.13624	1525.04986
2025-08-08T13:18:32Z	5280.00000	1555.20535	1538.13498	1525.04944
2025-08-08T13:18:33Z	5280.00000	1555.20466	1538.13417	1525.04896
2025-08-08T13:18:33Z	5280.00000	1555.20420	1538.13390	1525.04874
2025-08-08T13:18:33Z	5280.00000	1555.20349	1538.13327	1525.04838
2025-08-08T13:18:33Z	5280.00000	1555.20326	1538.13292	1525.04813
2025-08-08T13:18:33Z	5280.00000	1555.20271	1538.13257	1525.04772
2025-08-08T13:18:33Z	5280.00000	1555.20211	1538.13193	1525.04730
2025-08-08T13:18:33Z	5281.00000	1555.20164	1538.13162	1525.04703
2025-08-08T13:18:33Z	5281.00000	1555.20096	1538.13095	1525.04675
2025-08-08T13:18:33Z	5281.00000	1555.20032	1538.13032	1525.04624
2025-08-08T13:18:33Z	5281.00000	1555.19954	1538.12989	1525.04607
2025-08-08T13:18:33Z	5281.00000	1555.19891	1538.12936	1525.04544
2025-08-08T13:18:34Z	5281.00000	1555.19845	1538.12863	1525.04528
2025-08-08T13:18:34Z	5281.00000	1555.19793	1538.12821	1525.04475
2025-08-08T13:18:34Z	5281.00000	1555.19753	1538.12796	1525.04456
2025-08-08T13:18:34Z	5281.00000	1555.19663	1538.12716	1525.04429
2025-08-08T13:18:34Z	5281.00000	1555.19623	1538.12677	1525.04398
2025-08-08T13:18:34Z	5282.00000	1555.19574	1538.12638	1525.04353
2025-08-08T13:18:34Z	5282.00000	1555.19537	1538.12578	1525.04330
2025-08-08T13:18:34Z	5282.00000	1555.19495	1538.12511	1525.04294
2025-08-08T13:18:34Z	5282.00000	1555.19452	1538.12431	1525.04259
2025-08-08T13:18:35Z	5282.00000	1555.19426	1538.12409	1525.04263
2025-08-08T13:18:35Z	5282.00000	1555.19390	1538.12336	1525.04198
2025-08-08T13:18:35Z	5282.00000	1555.19339	1538.12319	1525.04166
2025-08-08T13:18:35Z	5282.00000	1555.19283	1538.12228	1525.04123
2025-08-08T13:18:35Z	5282.00000	1555.19263	1538.12201	1525.04099
2025-08-08T13:18:35Z	5283.00000	1555.19160	1538.12069	1525.04070
2025-08-08T13:18:35Z	5283.00000	1555.19134	1538.12082	1525.04042
2025-08-08T13:18:35Z	5283.00000	1555.19115	1538.12035	1525.04010
2025-08-08T13:18:35Z	5283.00000	1555.19094	1538.11985	1525.03978
2025-08-08T13:18:36Z	5283.00000	1555.19060	1538.11908	1525.03974
2025-08-08T13:18:36Z	5283.00000	1555.19032	1538.11875	1525.03956
2025-08-08T13:18:36Z	5283.00000	1555.18990	1538.11845	1525.03924
2025-08-08T13:18:36Z	5283.00000	1555.18964	1538.11817	1525.03900
2025-08-08T13:18:36Z	5283.00000	1555.18935	1538.11751	1525.03893
2025-08-08T13:18:36Z	5284.00000	1555.18896	1538.11713	1525.03875
2025-08-08T13:18:36Z	5284.00000	1555.18856	1538.11717	1525.03854
2025-08-08T13:18:36Z	5284.00000	1555.18836	1538.11716	1525.03838
2025-08-08T13:18:36Z	5284.00000	1555.18801	1538.11613	1525.03822
2025-08-08T13:18:36Z	5284.00000	1555.18782	1538.11624	1525.03796
2025-08-08T13:18:37Z	5284.00000	1555.18741	1538.11585	1525.03790
2025-08-08T13:18:37Z	5284.00000	1555.18671	1538.11507	1525.03747
2025-08-08T13:18:37Z	5284.00000	1555.18630	1538.11474	1525.03726
2025-08-08T13:18:37Z	5284.00000	1555.18567	1538.11478	1525.03711
2025-08-08T13:18:37Z	5285.00000	1555.18532	1538.11396	1525.03661
2025-08-08T13:18:37Z	5285.00000	1555.18446	1538.11394	1525.03618
2025-08-08T13:18:37Z	5285.00000	1555.18423	1538.11370	1525.03619
2025-08-08T13:18:37Z	5285.00000	1555.18395	1538.11333	1525.03607
2025-08-08T13:18:38Z	5285.00000	1555.18349	1538.11273	1525.03570
2025-08-08T13:18:38Z	5285.00000	1555.18304	1538.11188	1525.03560
2025-08-08T13:18:38Z	5285.00000	1555.18267	1538.11157	1525.03484
2025-08-08T13:18:38Z	5285.00000	1555.18222	1538.11112	1525.03480
2025-08-08T13:18:38Z	5286.00000	1555.18211	1538.11099	1525.03474
2025-08-08T13:18:38Z	5286.00000	1555.18182	1538.11077	1525.03442
2025-08-08T13:18:38Z	5286.00000	1555.18137	1538.10994	1525.03420
2025-08-08T13:18:38Z	5286.00000	1555.18097	1538.11010	1525.03377
2025-08-08T13:18:39Z	5286.00000	1555.18055	1538.10947	1525.03357
2025-08-08T13:18:39Z	5286.00000	1555.18045	1538.10951	1525.03351
2025-08-08T13:18:39Z	5286.00000	1555.18011	1538.10902	1525.03340
2025-08-08T13:18:39Z	5286.00000	1555.17964	1538.10881	1525.03315
2025-08-08T13:18:39Z	5286.00000	1555.17936	1538.10814	1525.03277
2025-08-08T13:18:39Z	5287.00000	1555.17892	1538.10757	1525.03247
2025-08-08T13:18:39Z	5287.00000	1555.17862	1538.10744	1525.03235
2025-08-08T13:18:39Z	5287.00000	1555.17829	1538.10684	1525.03193
2025-08-08T13:18:40Z	5287.00000	1555.17803	1538.10674	1525.03183
2025-08-08T13:18:40Z	5287.00000	1555.17780	1538.10638	1525.03172
2025-08-08T13:18:40Z	5287.00000	1555.17771	1538.10619	1525.03139
2025-08-08T13:18:40Z	5287.00000	1555.17744	1538.10577	1525.03132
2025-08-08T13:18:40Z	5287.00000	1555.17719	1538.10546	1525.03113
2025-08-08T13:18:40Z	5288.00000	1555.17703	1538.10536	1525.03096
2025-08-08T13:18:40Z	5288.00000	1555.17684	1538.10507	1525.03093
2025-08-08T13:18:40Z	5288.00000	1555.17657	1538.10473	1525.03065
2025-08-08T13:18:40Z	5288.00000	1555.17644	1538.10436	1525.03063
2025-08-08T13:18:40Z	5288.00000	1555.17619	1538.10406	1525.03041
2025-08-08T13:18:41Z	5288.00000	1555.17587	1538.10377	1525.03026
2025-08-08T13:18:41Z	5288.00000	1555.17545	1538.10328	1525.02994
2025-08-08T13:18:41Z	5288.00000	1555.17511	1538.10289	1525.02972
2025-08-08T13:18:41Z	5289.00000	1555.17474	1538.10258	1525.02952
2025-08-08T13:18:41Z	5289.00000	1555.17482	1538.10245	1525.02947
2025-08-08T13:18:41Z	5289.00000	1555.45269	1538.36122	1525.17720
2025-08-08T13:18:41Z	5289.00000	1555.79165	1538.67764	1525.36586
2025-08-08T13:18:41Z	5289.00000	1556.08411	1538.95363	1525.52385
2025-08-08T13:18:42Z	5289.00000	1556.75752	1539.57774	1525.88395
2025-08-08T13:18:42Z	5289.00000	1557.04640	1539.85002	1526.04152
2025-08-08T13:18:42Z	5289.00000	1557.41318	1540.19317	1526.23938
2025-08-08T13:18:42Z	5290.00000	1557.72495	1540.48582	1526.40982
2025-08-08T13:18:42Z	5290.00000	1557.94165	1540.68881	1526.52515
2025-08-08T13:18:42Z	5290.00000	1558.24203	1540.97394	1526.68952
2025-08-08T13:18:42Z	5290.00000	1558.71018	1541.41447	1526.94584
2025-08-08T13:18:43Z	5290.00000	1559.20536	1541.89060	1527.21903
2025-08-08T13:18:43Z	5290.00000	1559.45945	1542.13485	1527.36276
2025-08-08T13:18:43Z	5290.00000	1559.76406	1542.43069	1527.53213
2025-08-08T13:18:43Z	5290.00000	1560.01738	1542.66835	1527.66960
2025-08-08T13:18:43Z	5290.00000	1560.26232	1542.90861	1527.80869
2025-08-08T13:18:43Z	5291.00000	1560.50327	1543.14088	1527.94347
2025-08-08T13:18:43Z	5291.00000	1560.67453	1543.27671	1528.03687
2025-08-08T13:18:43Z	5291.00000	1560.67687	1543.27463	1528.03878
2025-08-08T13:18:44Z	5291.00000	1560.67833	1543.27323	1528.03941
2025-08-08T13:18:44Z	5291.00000	1560.67945	1543.27277	1528.04040
2025-08-08T13:18:44Z	5291.00000	1560.68058	1543.27173	1528.04116
2025-08-08T13:18:44Z	5291.00000	1560.68128	1543.27138	1528.04173
2025-08-08T13:18:44Z	5291.00000	1560.68214	1543.27088	1528.04232
2025-08-08T13:18:44Z	5291.00000	1560.68250	1543.27136	1528.04289
2025-08-08T13:18:44Z	5292.00000	1560.68312	1543.27187	1528.04326
2025-08-08T13:18:44Z	5292.00000	1560.68352	1543.27029	1528.04368
2025-08-08T13:18:44Z	5292.00000	1560.68390	1543.27057	1528.04410
2025-08-08T13:18:44Z	5292.00000	1560.68447	1543.27118	1528.04452
2025-08-08T13:18:45Z	5292.00000	1560.68476	1543.27116	1528.04498
2025-08-08T13:18:45Z	5292.00000	1560.68559	1543.27068	1528.04514
2025-08-08T13:18:45Z	5292.00000	1560.68598	1543.27111	1528.04569
2025-08-08T13:18:45Z	5292.00000	1560.68625	1543.27166	1528.04635
2025-08-08T13:18:45Z	5292.00000	1560.68657	1543.27149	1528.04676
2025-08-08T13:18:45Z	5293.00000	1560.68701	1543.27145	1528.04695
2025-08-08T13:18:45Z	5293.00000	1560.68720	1543.27151	1528.04730
2025-08-08T13:18:45Z	5293.00000	1560.68749	1543.27167	1528.04751
2025-08-08T13:18:45Z	5293.00000	1560.68769	1543.27188	1528.04782
2025-08-08T13:18:46Z	5293.00000	1560.68848	1543.27254	1528.04817
2025-08-08T13:18:46Z	5293.00000	1560.68869	1543.27244	1528.04849
2025-08-08T13:18:46Z	5293.00000	1560.68918	1543.27256	1528.04863
2025-08-08T13:18:46Z	5294.00000	1560.68977	1543.27314	1528.04908
2025-08-08T13:18:46Z	5294.00000	1559.17617	1541.81231	1527.21807
2025-08-08T13:18:46Z	5294.00000	1558.66972	1541.34793	1526.93457
2025-08-08T13:18:46Z	5294.00000	1558.32916	1541.03366	1526.74442
2025-08-08T13:18:46Z	5294.00000	1558.05322	1540.77689	1526.59009
2025-08-08T13:18:46Z	5294.00000	1557.79521	1540.53861	1526.44848
2025-08-08T13:18:47Z	5294.00000	1557.51104	1540.27393	1526.28935
2025-08-08T13:18:47Z	5294.00000	1557.27273	1540.05489	1526.15905
2025-08-08T13:18:47Z	5294.00000	1556.97062	1539.77377	1525.99517
2025-08-08T13:18:47Z	5294.00000	1556.71121	1539.53624	1525.85512
2025-08-08T13:18:47Z	5294.00000	1556.52824	1539.36645	1525.75251
2025-08-08T13:18:47Z	5295.00000	1556.31089	1539.16687	1525.64151
2025-08-08T13:18:47Z	5295.00000	1556.10316	1538.97592	1525.53122
2025-08-08T13:18:47Z	5295.00000	1555.89421	1538.78068	1525.42112
2025-08-08T13:18:47Z	5295.00000	1555.58992	1538.49577	1525.25842
2025-08-08T13:18:48Z	5295.00000	1555.27413	1538.20606	1525.08926
2025-08-08T13:18:48Z	5295.00000	1555.26331	1538.19548	1525.08257
2025-08-08T13:18:48Z	5295.00000	1555.25683	1538.18996	1525.07970
2025-08-08T13:18:48Z	5295.00000	1555.25263	1538.18560	1525.07706
2025-08-08T13:18:48Z	5295.00000	1555.24926	1538.18171	1525.07509
2025-08-08T13:18:48Z	5296.00000	1555.24572	1538.17793	1525.07352
2025-08-08T13:18:48Z	5296.00000	1555.24131	1538.17428	1525.07125
2025-08-08T13:18:48Z	5296.00000	1555.23888	1538.17207	1525.06960
2025-08-08T13:18:48Z	5296.00000	1555.23708	1538.17016	1525.06862
2025-08-08T13:18:49Z	5296.00000	1555.23470	1538.16699	1525.06648
2025-08-08T13:18:49Z	5296.00000	1555.23025	1538.16246	1525.06411
2025-08-08T13:18:49Z	5296.00000	1555.22845	1538.16129	1525.06349
2025-08-08T13:18:49Z	5296.00000	1555.22642	1538.15906	1525.06235
2025-08-08T13:18:49Z	5296.00000	1555.22505	1538.15794	1525.06162
2025-08-08T13:18:49Z	5297.00000	1555.22373	1538.15610	1525.06074
2025-08-08T13:18:49Z	5297.00000	1555.22208	1538.15409	1525.05935
2025-08-08T13:18:49Z	5297.00000	1555.22091	1538.15231	1525.05881
2025-08-08T13:18:49Z	5297.00000	1555.21983	1538.15134	1525.05801
2025-08-08T13:18:50Z	5297.00000	1555.21755	1538.14843	1525.05606
2025-08-08T13:18:50Z	5297.00000	1555.21637	1538.14759	1525.05523
2025-08-08T13:18:50Z	5297.00000	1555.21528	1538.14676	1525.05486
2025-08-08T13:18:50Z	5297.00000	1555.21393	1538.14597	1525.05417
2025-08-08T13:18:50Z	5297.00000	1555.21251	1538.14339	1525.05344
2025-08-08T13:18:50Z	5298.00000	1555.21155	1538.14256	1525.05300
2025-08-08T13:18:50Z	5298.00000	1555.21040	1538.14108	1525.05249
2025-08-08T13:18:50Z	5298.00000	1555.20941	1538.14050	1525.05185
2025-08-08T13:18:50Z	5298.00000	1555.20835	1538.13911	1525.05121
2025-08-08T13:18:51Z	5298.00000	1555.20768	1538.13838	1525.05068
2025-08-08T13:18:51Z	5298.00000	1555.20719	1538.13751	1525.05020
2025-08-08T13:18:51Z	5298.00000	1555.20648	1538.13631	1525.04961
2025-08-08T13:18:51Z	5298.00000	1555.20581	1538.13581	1525.04932
2025-08-08T13:18:51Z	5298.00000	1555.20523	1538.13460	1525.04890
2025-08-08T13:18:51Z	5298.00000	1555.20435	1538.13358	1525.04820
2025-08-08T13:18:51Z	5299.00000	1555.20319	1538.13250	1525.04745
2025-08-08T13:18:51Z	5299.00000	1555.20237	1538.13163	1525.04703
2025-08-08T13:18:51Z	5299.00000	1555.20191	1538.13120	1525.04647
2025-08-08T13:18:52Z	5299.00000	1555.20052	1538.12984	1525.04573
2025-08-08T13:18:52Z	5299.00000	1555.19976	1538.12915	1525.04528
2025-08-08T13:18:52Z	5299.00000	1555.19886	1538.12871	1525.04496
2025-08-08T13:18:52Z	5299.00000	1555.19827	1538.12845	1525.04464
2025-08-08T13:18:52Z	5299.00000	1555.19759	1538.12765	1525.04440
2025-08-08T13:18:52Z	5299.00000	1555.19701	1538.12671	1525.04385
2025-08-08T13:18:52Z	5300.00000	1555.19612	1538.12612	1525.04330
2025-08-08T13:18:52Z	5300.00000	1555.30095	1538.22367	1525.09760
2025-08-08T13:18:52Z	5300.00000	1555.56124	1538.46329	1525.24162
2025-08-08T13:18:52Z	5300.00000	1555.96150	1538.83822	1525.46064
2025-08-08T13:18:53Z	5300.00000	1556.35748	1539.20728	1525.67038
2025-08-08T13:18:53Z	5300.00000	1556.74178	1539.56426	1525.87576
2025-08-08T13:18:53Z	5300.00000	1557.06847	1539.87236	1526.05452
2025-08-08T13:18:53Z	5300.00000	1557.38991	1540.17309	1526.22776
2025-08-08T13:18:53Z	5301.00000	1558.01039	1540.75566	1526.56364
2025-08-08T13:18:53Z	5301.00000	1558.22260	1540.95601	1526.67957
2025-08-08T13:18:53Z	5301.00000	1558.43499	1541.15852	1526.79846
2025-08-08T13:18:53Z	5301.00000	1558.73401	1541.44189	1526.96111
2025-08-08T13:18:54Z	5301.00000	1559.02748	1541.72130	1527.12111
2025-08-08T13:18:54Z	5301.00000	1559.32676	1542.00858	1527.28674
2025-08-08T13:18:54Z	5301.00000	1559.87989	1542.54185	1527.59612
2025-08-08T13:18:54Z	5302.00000	1560.36716	1543.00513	1527.86734
2025-08-08T13:18:54Z	5302.00000	1560.55937	1543.19302	1527.97524
2025-08-08T13:18:54Z	5302.00000	1560.67397	1543.28459	1528.03807
2025-08-08T13:18:54Z	5302.00000	1560.67938	1543.27974	1528.04074
2025-08-08T13:18:54Z	5302.00000	1560.68124	1543.27753	1528.04183
2025-08-08T13:18:55Z	5302.00000	1560.68296	1543.27594	1528.04296
2025-08-08T13:18:55Z	5302.00000	1560.68389	1543.27522	1528.04363
2025-08-08T13:18:55Z	5302.00000	1560.68446	1543.27483	1528.04375
2025-08-08T13:18:55Z	5302.00000	1560.68503	1543.27447	1528.04452
2025-08-08T13:18:55Z	5302.00000	1560.68559	1543.27407	1528.04507
2025-08-08T13:18:55Z	5302.00000	1560.68619	1543.27416	1528.04555
2025-08-08T13:18:55Z	5303.00000	1560.68683	1543.27408	1528.04596
2025-08-08T13:18:55Z	5303.00000	1560.68781	1543.27414	1528.04621
2025-08-08T13:18:55Z	5303.00000	1560.68827	1543.27390	1528.04686
2025-08-08T13:18:56Z	5303.00000	1560.68887	1543.27368	1528.04765
2025-08-08T13:18:56Z	5303.00000	1560.68918	1543.27429	1528.04767
2025-08-08T13:18:56Z	5303.00000	1560.68955	1543.27366	1528.04815
2025-08-08T13:18:56Z	5303.00000	1560.68966	1543.27395	1528.04881
2025-08-08T13:18:56Z	5304.00000	1560.69050	1543.27408	1528.04902
2025-08-08T13:18:56Z	5304.00000	1560.69050	1543.27439	1528.04949
2025-08-08T13:18:56Z	5304.00000	1560.69104	1543.27442	1528.04976
2025-08-08T13:18:56Z	5304.00000	1560.69124	1543.27452	1528.04988
2025-08-08T13:18:57Z	5304.00000	1560.69137	1543.27458	1528.05018
2025-08-08T13:18:57Z	5304.00000	1560.69158	1543.27472	1528.05032
2025-08-08T13:18:57Z	5304.00000	1560.69177	1543.27517	1528.05063
2025-08-08T13:18:57Z	5304.00000	1560.69202	1543.27471	1528.05062
2025-08-08T13:18:57Z	5304.00000	1560.69208	1543.27497	1528.05088
2025-08-08T13:18:57Z	5304.00000	1560.69232	1543.27554	1528.05119
2025-08-08T13:18:57Z	5305.00000	1559.38757	1541.99454	1527.33021
2025-08-08T13:18:57Z	5305.00000	1558.65174	1541.32988	1526.92154
2025-08-08T13:18:57Z	5305.00000	1558.23067	1540.94212	1526.68868
2025-08-08T13:18:57Z	5305.00000	1557.96637	1540.69429	1526.54108
2025-08-08T13:18:58Z	5305.00000	1557.75771	1540.50262	1526.42866
2025-08-08T13:18:58Z	5305.00000	1557.43437	1540.20502	1526.24918
2025-08-08T13:18:58Z	5305.00000	1556.90218	1539.71236	1525.95770
2025-08-08T13:18:58Z	5306.00000	1556.45959	1539.30559	1525.71782
2025-08-08T13:18:58Z	5306.00000	1556.21207	1539.07823	1525.58877
2025-08-08T13:18:58Z	5306.00000	1556.03914	1538.91728	1525.49899
2025-08-08T13:18:58Z	5306.00000	1555.86764	1538.75737	1525.40722
2025-08-08T13:18:58Z	5306.00000	1555.63382	1538.53722	1525.28277
2025-08-08T13:18:59Z	5306.00000	1555.46871	1538.38486	1525.19119
2025-08-08T13:18:59Z	5306.00000	1555.28222	1538.21378	1525.09509
2025-08-08T13:18:59Z	5306.00000	1555.26896	1538.20271	1525.08693
2025-08-08T13:18:59Z	5306.00000	1555.26578	1538.19848	1525.08553
2025-08-08T13:18:59Z	5306.00000	1555.26094	1538.19384	1525.08277
2025-08-08T13:18:59Z	5306.00000	1555.25648	1538.19021	1525.08032
2025-08-08T13:18:59Z	5307.00000	1555.25315	1538.18661	1525.07820
2025-08-08T13:18:59Z	5307.00000	1555.25021	1538.18274	1525.07623
2025-08-08T13:18:59Z	5307.00000	1555.24659	1538.17908	1525.07445
2025-08-08T13:18:59Z	5307.00000	1555.24328	1538.17647	1525.07311
2025-08-08T13:19:00Z	5307.00000	1555.24069	1538.17368	1525.07157
2025-08-08T13:19:00Z	5307.00000	1555.23894	1538.17221	1525.07046
2025-08-08T13:19:00Z	5307.00000	1555.23750	1538.17075	1525.06944
2025-08-08T13:19:00Z	5307.00000	1555.23617	1538.16856	1525.06816
2025-08-08T13:19:00Z	5307.00000	1555.23456	1538.16731	1525.06709
2025-08-08T13:19:00Z	5307.00000	1555.23269	1538.16516	1525.06555
2025-08-08T13:19:00Z	5308.00000	1555.23103	1538.16320	1525.06486
2025-08-08T13:19:00Z	5308.00000	1555.22836	1538.16121	1525.06368
2025-08-08T13:19:00Z	5308.00000	1555.22783	1538.16065	1525.06377
2025-08-08T13:19:00Z	5308.00000	1555.22587	1538.15882	1525.06280
2025-08-08T13:19:01Z	5308.00000	1555.22425	1538.15739	1525.06175
2025-08-08T13:19:01Z	5308.00000	1555.22299	1538.15558	1525.06086
2025-08-08T13:19:01Z	5308.00000	1555.22223	1538.15474	1525.06045
2025-08-08T13:19:01Z	5308.00000	1555.22141	1538.15360	1525.05972
2025-08-08T13:19:01Z	5308.00000	1555.22072	1538.15280	1525.05917
2025-08-08T13:19:01Z	5308.00000	1555.21971	1538.15160	1525.05845
2025-08-08T13:19:01Z	5309.00000	1555.21889	1538.15073	1525.05770
2025-08-08T13:19:01Z	5309.00000	1555.21773	1538.14931	1525.05697
2025-08-08T13:19:01Z	5309.00000	1555.21645	1538.14805	1525.05614
2025-08-08T13:19:01Z	5309.00000	1555.21547	1538.14716	1525.05540
2025-08-08T13:19:02Z	5309.00000	1555.21449	1538.14626	1525.05483
2025-08-08T13:19:02Z	5309.00000	1555.21346	1538.14546	1525.05435
2025-08-08T13:19:02Z	5309.00000	1555.21227	1538.14301	1525.05367
2025-08-08T13:19:02Z	5309.00000	1555.21078	1538.14210	1525.05311
2025-08-08T13:19:02Z	5309.00000	1555.21013	1538.14139	1525.05293
2025-08-08T13:19:02Z	5309.00000	1555.20923	1538.13994	1525.05224
2025-08-08T13:19:02Z	5310.00000	1555.20873	1538.13992	1525.05188
2025-08-08T13:19:02Z	5310.00000	1555.20825	1538.13908	1525.05145
2025-08-08T13:19:02Z	5310.00000	1555.20741	1538.13791	1525.05094
2025-08-08T13:19:02Z	5310.00000	1555.20697	1538.13740	1525.05063
2025-08-08T13:19:03Z	5310.00000	1555.20647	1538.13651	1525.05013
2025-08-08T13:19:03Z	5310.00000	1555.20570	1538.13584	1525.04968
2025-08-08T13:19:03Z	5310.00000	1555.20524	1538.13494	1525.04935
2025-08-08T13:19:03Z	5310.00000	1555.20470	1538.13436	1525.04903
2025-08-08T13:19:03Z	5310.00000	1555.20398	1538.13316	1525.04838
2025-08-08T13:19:03Z	5310.00000	1555.20323	1538.13282	1525.04809
2025-08-08T13:19:03Z	5311.00000	1555.20274	1538.13245	1525.04780
2025-08-08T13:19:03Z	5311.00000	1555.35153	1538.27258	1525.12941
2025-08-08T13:19:03Z	5311.00000	1555.99548	1538.87103	1525.47798
2025-08-08T13:19:04Z	5311.00000	1556.23813	1539.09877	1525.60624
2025-08-08T13:19:04Z	5311.00000	1556.58524	1539.41898	1525.78999
2025-08-08T13:19:04Z	5311.00000	1556.87261	1539.68710	1525.94626
2025-08-08T13:19:04Z	5311.00000	1557.10510	1539.90850	1526.07493
2025-08-08T13:19:04Z	5311.00000	1557.33554	1540.12095	1526.19813
2025-08-08T13:19:04Z	5311.00000	1557.61016	1540.38296	1526.34756
2025-08-08T13:19:04Z	5312.00000	1557.87892	1540.63227	1526.49287
2025-08-08T13:19:04Z	5312.00000	1558.22375	1540.95891	1526.68151
2025-08-08T13:19:04Z	5312.00000	1558.52127	1541.23763	1526.84429
2025-08-08T13:19:04Z	5312.00000	1558.73678	1541.44509	1526.96391
2025-08-08T13:19:05Z	5312.00000	1558.99989	1541.69807	1527.10757
2025-08-08T13:19:05Z	5312.00000	1559.33784	1542.02107	1527.29469
2025-08-08T13:19:05Z	5312.00000	1559.59168	1542.26427	1527.43665
2025-08-08T13:19:05Z	5312.00000	1559.93046	1542.59008	1527.62402
2025-08-08T13:19:05Z	5313.00000	1560.42032	1543.06435	1527.90031
2025-08-08T13:19:05Z	5313.00000	1560.61188	1543.25075	1528.00416
2025-08-08T13:19:05Z	5313.00000	1560.67682	1543.28528	1528.03966
2025-08-08T13:19:05Z	5313.00000	1560.68006	1543.28168	1528.04202
2025-08-08T13:19:05Z	5313.00000	1560.68306	1543.27876	1528.04357
2025-08-08T13:19:06Z	5313.00000	1560.68495	1543.27756	1528.04434
2025-08-08T13:19:06Z	5313.00000	1560.68460	1543.27745	1528.04591
2025-08-08T13:19:06Z	5313.00000	1560.68699	1543.27614	1528.04503
2025-08-08T13:19:06Z	5313.00000	1560.68771	1543.27548	1528.04575
2025-08-08T13:19:06Z	5313.00000	1560.68812	1543.27513	1528.04655
2025-08-08T13:19:06Z	5314.00000	1560.68848	1543.27604	1528.04762
2025-08-08T13:19:06Z	5314.00000	1560.68825	1543.27596	1528.04847
2025-08-08T13:19:06Z	5314.00000	1560.68926	1543.27515	1528.04845
2025-08-08T13:19:06Z	5314.00000	1560.68878	1543.27628	1528.04938
2025-08-08T13:19:07Z	5314.00000	1560.68989	1543.27522	1528.04885
2025-08-08T13:19:07Z	5314.00000	1560.68996	1543.27577	1528.04935
2025-08-08T13:19:07Z	5314.00000	1560.68996	1543.27564	1528.05020
2025-08-08T13:19:07Z	5314.00000	1560.69091	1543.27516	1528.04988
2025-08-08T13:19:07Z	5314.00000	1560.69114	1543.27583	1528.05034
2025-08-08T13:19:07Z	5315.00000	1560.69072	1543.27625	1528.05079
2025-08-08T13:19:07Z	5315.00000	1560.69114	1543.27630	1528.05115
2025-08-08T13:19:07Z	5315.00000	1560.69188	1543.27566	1528.05079
2025-08-08T13:19:07Z	5315.00000	1560.69148	1543.27637	1528.05154
2025-08-08T13:19:07Z	5315.00000	1560.69186	1543.27596	1528.05168
2025-08-08T13:19:08Z	5315.00000	1560.69229	1543.27595	1528.05172
2025-08-08T13:19:08Z	5315.00000	1560.69267	1543.27592	1528.05188
2025-08-08T13:19:08Z	5315.00000	1560.69272	1543.27630	1528.05222
2025-08-08T13:19:08Z	5315.00000	1560.69282	1543.27641	1528.05258
2025-08-08T13:19:08Z	5315.00000	1560.69309	1543.27642	1528.05266
2025-08-08T13:19:08Z	5315.00000	1560.69315	1543.27679	1528.05294
2025-08-08T13:19:08Z	5316.00000	1559.06261	1541.70905	1527.15784
2025-08-08T13:19:08Z	5316.00000	1558.45424	1541.15047	1526.81484
2025-08-08T13:19:08Z	5316.00000	1558.21442	1540.92653	1526.67896
2025-08-08T13:19:08Z	5316.00000	1557.99540	1540.72174	1526.55637
2025-08-08T13:19:09Z	5316.00000	1557.66297	1540.41503	1526.37464
2025-08-08T13:19:09Z	5316.00000	1557.34394	1540.12027	1526.19969
2025-08-08T13:19:09Z	5316.00000	1557.15062	1539.94324	1526.09412
2025-08-08T13:19:09Z	5316.00000	1556.88434	1539.69645	1525.94818
2025-08-08T13:19:09Z	5316.00000	1556.69876	1539.52504	1525.84814
2025-08-08T13:19:09Z	5317.00000	1556.48254	1539.32645	1525.72960
2025-08-08T13:19:09Z	5317.00000	1556.30066	1539.15823	1525.63717
2025-08-08T13:19:09Z	5317.00000	1556.09249	1538.96837	1525.52707
2025-08-08T13:19:09Z	5317.00000	1555.88116	1538.77065	1525.41545
2025-08-08T13:19:09Z	5317.00000	1555.64508	1538.54777	1525.28889
2025-08-08T13:19:10Z	5317.00000	1555.48212	1538.39740	1525.19875
2025-08-08T13:19:10Z	5317.00000	1555.28945	1538.22064	1525.09816
2025-08-08T13:19:10Z	5317.00000	1555.27363	1538.20608	1525.08879
2025-08-08T13:19:10Z	5317.00000	1555.26893	1538.20282	1525.08730
2025-08-08T13:19:10Z	5317.00000	1555.26275	1538.19589	1525.08426
2025-08-08T13:19:10Z	5318.00000	1555.25910	1538.19194	1525.08198
2025-08-08T13:19:10Z	5318.00000	1555.25478	1538.18837	1525.07981
2025-08-08T13:19:10Z	5318.00000	1555.25148	1538.18472	1525.07742
2025-08-08T13:19:10Z	5318.00000	1555.24704	1538.17952	1525.07498
2025-08-08T13:19:11Z	5318.00000	1555.24448	1538.17708	1525.07387
2025-08-08T13:19:11Z	5318.00000	1555.24240	1538.17591	1525.07295
2025-08-08T13:19:11Z	5318.00000	1555.24077	1538.17407	1525.07186
2025-08-08T13:19:11Z	5318.00000	1555.23884	1538.17236	1525.07085
2025-08-08T13:19:11Z	5318.00000	1555.23702	1538.17044	1525.06944
2025-08-08T13:19:11Z	5319.00000	1555.23614	1538.16874	1525.06847
2025-08-08T13:19:11Z	5319.00000	1555.23483	1538.16771	1525.06763
2025-08-08T13:19:11Z	5319.00000	1555.23419	1538.16663	1525.06752
2025-08-08T13:19:11Z	5319.00000	1555.23192	1538.16485	1525.06566
2025-08-08T13:19:11Z	5319.00000	1555.22980	1538.16269	1525.06483
2025-08-08T13:19:12Z	5319.00000	1555.22863	1538.16160	1525.06423
2025-08-08T13:19:12Z	5319.00000	1555.22650	1538.15977	1525.06342
2025-08-08T13:19:12Z	5319.00000	1555.22523	1538.15839	1525.06266
2025-08-08T13:19:12Z	5319.00000	1555.22440	1538.15753	1525.06221
2025-08-08T13:19:12Z	5319.00000	1555.22353	1538.15625	1525.06153
2025-08-08T13:19:12Z	5319.00000	1555.22229	1538.15484	1525.06066
2025-08-08T13:19:12Z	5320.00000	1555.22151	1538.15385	1525.06013
2025-08-08T13:19:12Z	5320.00000	1555.22048	1538.15271	1525.05933
2025-08-08T13:19:12Z	5320.00000	1555.21978	1538.15128	1525.05868
2025-08-08T13:19:12Z	5320.00000	1555.21888	1538.15028	1525.05809
2025-08-08T13:19:13Z	5320.00000	1555.21781	1538.14969	1525.05733
2025-08-08T13:19:13Z	5320.00000	1555.21704	1538.14857	1525.05656
2025-08-08T13:19:13Z	5320.00000	1555.21577	1538.14745	1525.05593
2025-08-08T13:19:13Z	5320.00000	1555.21499	1538.14689	1525.05543
2025-08-08T13:19:13Z	5320.00000	1555.21411	1538.14646	1525.05507
2025-08-08T13:19:13Z	5320.00000	1555.21303	1538.14543	1525.05443
2025-08-08T13:19:13Z	5321.00000	1555.21171	1538.14315	1525.05382
2025-08-08T13:19:13Z	5321.00000	1555.21124	1538.14220	1525.05339
2025-08-08T13:19:13Z	5321.00000	1555.21039	1538.14131	1525.05311
2025-08-08T13:19:13Z	5321.00000	1555.20951	1538.14112	1525.05283
2025-08-08T13:19:13Z	5321.00000	1555.20891	1538.14011	1525.05251
2025-08-08T13:19:14Z	5321.00000	1555.20860	1538.13921	1525.05210
2025-08-08T13:19:14Z	5321.00000	1555.20786	1538.13881	1525.05143
2025-08-08T13:19:14Z	5321.00000	1555.20737	1538.13756	1525.05109
2025-08-08T13:19:14Z	5321.00000	1555.20684	1538.13748	1525.05076
2025-08-08T13:19:14Z	5321.00000	1555.20632	1538.13625	1525.05044
2025-08-08T13:19:14Z	5322.00000	1555.20585	1538.13614	1525.04994
2025-08-08T13:19:14Z	5322.00000	1555.20526	1538.13504	1525.04964
2025-08-08T13:19:14Z	5322.00000	1555.55406	1538.45888	1525.24145
2025-08-08T13:19:14Z	5322.00000	1555.84924	1538.73562	1525.39896
2025-08-08T13:19:15Z	5322.00000	1556.14244	1539.00901	1525.55428
2025-08-08T13:19:15Z	5322.00000	1556.48789	1539.32974	1525.73721
2025-08-08T13:19:15Z	5322.00000	1556.78233	1539.60387	1525.89891
2025-08-08T13:19:15Z	5322.00000	1557.06055	1539.86626	1526.05166
2025-08-08T13:19:15Z	5322.00000	1557.42657	1540.20899	1526.24889
2025-08-08T13:19:15Z	5323.00000	1557.78439	1540.54598	1526.44434
2025-08-08T13:19:15Z	5323.00000	1558.08973	1540.83115	1526.60967
2025-08-08T13:19:15Z	5323.00000	1558.39076	1541.11747	1526.77474
2025-08-08T13:19:15Z	5323.00000	1558.64809	1541.36106	1526.91483
2025-08-08T13:19:15Z	5323.00000	1558.94917	1541.65040	1527.08014
2025-08-08T13:19:16Z	5323.00000	1559.16413	1541.85445	1527.19973
2025-08-08T13:19:16Z	5323.00000	1559.42114	1542.10088	1527.34401
2025-08-08T13:19:16Z	5323.00000	1559.64074	1542.31247	1527.46598
2025-08-08T13:19:16Z	5323.00000	1559.85579	1542.52053	1527.58518
2025-08-08T13:19:16Z	5323.00000	1560.18674	1542.83359	1527.76897
2025-08-08T13:19:16Z	5324.00000	1560.46269	1543.10569	1527.92510
2025-08-08T13:19:16Z	5324.00000	1560.65427	1543.29003	1528.02631
2025-08-08T13:19:16Z	5324.00000	1560.67826	1543.28572	1528.04203
2025-08-08T13:19:16Z	5324.00000	1560.68114	1543.28324	1528.04339
2025-08-08T13:19:16Z	5324.00000	1560.68334	1543.28112	1528.04432
2025-08-08T13:19:17Z	5324.00000	1560.68419	1543.28071	1528.04525
2025-08-08T13:19:17Z	5324.00000	1560.68547	1543.27950	1528.04606
2025-08-08T13:19:17Z	5324.00000	1560.68607	1543.27898	1528.04680
2025-08-08T13:19:17Z	5324.00000	1560.68673	1543.27839	1528.04715
2025-08-08T13:19:17Z	5324.00000	1560.68832	1543.27761	1528.04814
2025-08-08T13:19:17Z	5325.00000	1560.68849	1543.27758	1528.04846
2025-08-08T13:19:17Z	5325.00000	1560.68936	1543.27734	1528.04908
2025-08-08T13:19:17Z	5325.00000	1560.68935	1543.27740	1528.04960
2025-08-08T13:19:17Z	5325.00000	1560.68975	1543.27744	1528.04995
2025-08-08T13:19:18Z	5325.00000	1560.69055	1543.27745	1528.05040
2025-08-08T13:19:18Z	5325.00000	1560.69077	1543.27737	1528.05073
2025-08-08T13:19:18Z	5325.00000	1560.69104	1543.27746	1528.05098
2025-08-08T13:19:18Z	5325.00000	1560.69150	1543.27789	1528.05133
2025-08-08T13:19:18Z	5325.00000	1560.69155	1543.27751	1528.05141
2025-08-08T13:19:18Z	5326.00000	1560.69215	1543.27778	1528.05214
2025-08-08T13:19:18Z	5326.00000	1560.69244	1543.27776	1528.05243
2025-08-08T13:19:19Z	5326.00000	1560.69281	1543.27831	1528.05292
2025-08-08T13:19:19Z	5326.00000	1560.69279	1543.27802	1528.05317
2025-08-08T13:19:19Z	5326.00000	1560.69330	1543.27816	1528.05347
2025-08-08T13:19:19Z	5326.00000	1560.69365	1543.27825	1528.05381
2025-08-08T13:19:19Z	5326.00000	1560.69379	1543.27840	1528.05408
2025-08-08T13:19:19Z	5327.00000	1559.66306	1542.24315	1527.49958
2025-08-08T13:19:19Z	5327.00000	1558.69828	1541.37207	1526.94910
2025-08-08T13:19:19Z	5327.00000	1558.36328	1541.06650	1526.76270
2025-08-08T13:19:19Z	5327.00000	1558.00224	1540.72945	1526.56109
2025-08-08T13:19:20Z	5327.00000	1557.74577	1540.49247	1526.42272
2025-08-08T13:19:20Z	5327.00000	1557.26217	1540.04730	1526.15422
2025-08-08T13:19:20Z	5327.00000	1557.02601	1539.82887	1526.02752
2025-08-08T13:19:20Z	5327.00000	1556.54181	1539.38011	1525.76106
2025-08-08T13:19:20Z	5328.00000	1556.31725	1539.17409	1525.64614
2025-08-08T13:19:20Z	5328.00000	1556.07204	1538.94952	1525.51643
2025-08-08T13:19:20Z	5328.00000	1555.86507	1538.75555	1525.40636
2025-08-08T13:19:21Z	5328.00000	1555.46112	1538.37936	1525.18774
2025-08-08T13:19:21Z	5328.00000	1555.28376	1538.21652	1525.09483
2025-08-08T13:19:21Z	5328.00000	1555.27799	1538.21012	1525.09160
2025-08-08T13:19:21Z	5328.00000	1555.27120	1538.20518	1525.08870
2025-08-08T13:19:21Z	5328.00000	1555.26711	1538.20069	1525.08676
2025-08-08T13:19:21Z	5328.00000	1555.26382	1538.19668	1525.08504
2025-08-08T13:19:21Z	5329.00000	1555.25543	1538.18945	1525.08042
2025-08-08T13:19:21Z	5329.00000	1555.25290	1538.18672	1525.07887
2025-08-08T13:19:21Z	5329.00000	1555.25027	1538.18333	1525.07690
2025-08-08T13:19:22Z	5329.00000	1555.24799	1538.18075	1525.07561
2025-08-08T13:19:22Z	5329.00000	1555.24382	1538.17705	1525.07392
2025-08-08T13:19:22Z	5329.00000	1555.24176	1538.17521	1525.07274
2025-08-08T13:19:22Z	5329.00000	1555.24005	1538.17384	1525.07175
2025-08-08T13:19:22Z	5329.00000	1555.23786	1538.17090	1525.07037
2025-08-08T13:19:22Z	5330.00000	1555.23632	1538.16993	1525.06913
2025-08-08T13:19:22Z	5330.00000	1555.23413	1538.16711	1525.06736
2025-08-08T13:19:22Z	5330.00000	1555.23287	1538.16540	1525.06632
2025-08-08T13:19:23Z	5330.00000	1555.23140	1538.16429	1525.06571
2025-08-08T13:19:23Z	5330.00000	1555.22974	1538.16275	1525.06486
2025-08-08T13:19:23Z	5330.00000	1555.22857	1538.16162	1525.06435
2025-08-08T13:19:23Z	5330.00000	1555.22639	1538.15958	1525.06366
2025-08-08T13:19:23Z	5330.00000	1555.22481	1538.15783	1525.06270
2025-08-08T13:19:23Z	5331.00000	1555.22343	1538.15628	1525.06175
2025-08-08T13:19:23Z	5331.00000	1555.22268	1538.15493	1525.06096
2025-08-08T13:19:23Z	5331.00000	1555.22154	1538.15392	1525.06032
2025-08-08T13:19:24Z	5331.00000	1555.22016	1538.15237	1525.05946
2025-08-08T13:19:24Z	5331.00000	1555.21967	1538.15141	1525.05869
2025-08-08T13:19:24Z	5331.00000	1555.21871	1538.15041	1525.05814
2025-08-08T13:19:24Z	5331.00000	1555.21772	1538.14952	1525.05768
2025-08-08T13:19:24Z	5331.00000	1555.21666	1538.14858	1525.05702
2025-08-08T13:19:24Z	5332.00000	1555.21547	1538.14777	1525.05615
2025-08-08T13:19:24Z	5332.00000	1555.21412	1538.14632	1525.05527
2025-08-08T13:19:24Z	5332.00000	1555.21323	1538.14551	1525.05490
2025-08-08T13:19:24Z	5332.00000	1555.21220	1538.14325	1525.05434
2025-08-08T13:19:25Z	5332.00000	1555.21123	1538.14294	1525.05392
2025-08-08T13:19:25Z	5332.00000	1555.21066	1538.14193	1525.05345
2025-08-08T13:19:25Z	5332.00000	1555.20962	1538.14087	1525.05309
2025-08-08T13:19:25Z	5332.00000	1555.20858	1538.13945	1525.05235
2025-08-08T13:19:25Z	5333.00000	1555.20774	1538.13838	1525.05181
2025-08-08T13:19:25Z	5333.00000	1555.20717	1538.13790	1525.05121
2025-08-08T13:19:25Z	5333.00000	1555.54536	1538.45159	1525.23562
2025-08-08T13:19:26Z	5333.00000	1556.17804	1539.04217	1525.57477
2025-08-08T13:19:26Z	5333.00000	1556.47996	1539.32224	1525.73371
2025-08-08T13:19:26Z	5333.00000	1556.81098	1539.63143	1525.91406
2025-08-08T13:19:26Z	5333.00000	1557.04250	1539.84936	1526.04167
2025-08-08T13:19:26Z	5333.00000	1557.45264	1540.23324	1526.26312
2025-08-08T13:19:26Z	5334.00000	1557.81057	1540.56905	1526.45753
2025-08-08T13:19:26Z	5334.00000	1558.11368	1540.85372	1526.62322
2025-08-08T13:19:26Z	5334.00000	1558.41336	1541.14004	1526.78759
2025-08-08T13:19:26Z	5334.00000	1558.67179	1541.38261	1526.92779
2025-08-08T13:19:26Z	5334.00000	1558.88290	1541.58373	1527.04428
2025-08-08T13:19:27Z	5334.00000	1559.30292	1541.98950	1527.27725
2025-08-08T13:19:27Z	5334.00000	1559.51740	1542.19506	1527.39798
2025-08-08T13:19:27Z	5334.00000	1559.77584	1542.44309	1527.54232
2025-08-08T13:19:27Z	5334.00000	1560.06982	1542.72459	1527.70243
2025-08-08T13:19:27Z	5334.00000	1560.35398	1542.99556	1527.86269
2025-08-08T13:19:27Z	5335.00000	1560.67757	1543.28868	1528.04090
2025-08-08T13:19:27Z	5335.00000	1560.68163	1543.28540	1528.04361
2025-08-08T13:19:27Z	5335.00000	1560.68353	1543.28307	1528.04489
2025-08-08T13:19:28Z	5335.00000	1560.68462	1543.28164	1528.04592
2025-08-08T13:19:28Z	5335.00000	1560.68604	1543.28036	1528.04703
2025-08-08T13:19:28Z	5335.00000	1560.68670	1543.28038	1528.04768
2025-08-08T13:19:28Z	5335.00000	1560.68731	1543.27979	1528.04799
2025-08-08T13:19:28Z	5335.00000	1560.68843	1543.27936	1528.04877
2025-08-08T13:19:28Z	5336.00000	1560.68909	1543.27907	1528.04955
2025-08-08T13:19:28Z	5336.00000	1560.68967	1543.27887	1528.04982
2025-08-08T13:19:28Z	5336.00000	1560.68977	1543.27910	1528.05031
2025-08-08T13:19:28Z	5336.00000	1560.69020	1543.27862	1528.05058
2025-08-08T13:19:29Z	5336.00000	1560.69056	1543.27903	1528.05099
2025-08-08T13:19:29Z	5336.00000	1560.69103	1543.27888	1528.05133
2025-08-08T13:19:29Z	5336.00000	1560.69131	1543.27861	1528.05162
2025-08-08T13:19:29Z	5336.00000	1560.69175	1543.27861	1528.05204
2025-08-08T13:19:29Z	5336.00000	1560.69186	1543.27904	1528.05221
2025-08-08T13:19:29Z	5337.00000	1560.69232	1543.27866	1528.05290
2025-08-08T13:19:29Z	5337.00000	1560.69258	1543.27869	1528.05311
2025-08-08T13:19:29Z	5337.00000	1560.69279	1543.27915	1528.05344
2025-08-08T13:19:29Z	5337.00000	1560.69301	1543.27840	1528.05363
2025-08-08T13:19:30Z	5337.00000	1560.69320	1543.27928	1528.05383
2025-08-08T13:19:30Z	5337.00000	1560.69352	1543.27940	1528.05430
2025-08-08T13:19:30Z	5337.00000	1560.69350	1543.27912	1528.05444
2025-08-08T13:19:30Z	5337.00000	1560.69389	1543.27924	1528.05476
2025-08-08T13:19:30Z	5337.00000	1560.69395	1543.27924	1528.05488
2025-08-08T13:19:30Z	5337.00000	1560.69416	1543.27939	1528.05516
2025-08-08T13:19:30Z	5338.00000	1559.49730	1542.09560	1527.40697
2025-08-08T13:19:30Z	5338.00000	1558.67627	1541.35506	1526.94087
2025-08-08T13:19:30Z	5338.00000	1558.30049	1541.00825	1526.72908
2025-08-08T13:19:30Z	5338.00000	1557.99526	1540.72304	1526.55738
2025-08-08T13:19:31Z	5338.00000	1557.69823	1540.44741	1526.39547
2025-08-08T13:19:31Z	5338.00000	1557.41380	1540.18718	1526.23932
2025-08-08T13:19:31Z	5338.00000	1556.95634	1539.76241	1525.98908
2025-08-08T13:19:31Z	5339.00000	1556.51149	1539.35280	1525.74488
2025-08-08T13:19:31Z	5339.00000	1556.33030	1539.18641	1525.65314
2025-08-08T13:19:31Z	5339.00000	1556.11965	1538.99358	1525.54185
2025-08-08T13:19:31Z	5339.00000	1555.87705	1538.76699	1525.41373
2025-08-08T13:19:31Z	5339.00000	1555.57438	1538.48242	1525.25164
2025-08-08T13:19:32Z	5339.00000	1555.34809	1538.27431	1525.12913
2025-08-08T13:19:32Z	5339.00000	1555.28488	1538.21781	1525.09732
2025-08-08T13:19:32Z	5339.00000	1555.27580	1538.20804	1525.09105
2025-08-08T13:19:32Z	5339.00000	1555.26909	1538.20365	1525.08808
2025-08-08T13:19:32Z	5339.00000	1555.26639	1538.19964	1525.08656
2025-08-08T13:19:32Z	5340.00000	1555.26255	1538.19562	1525.08461
2025-08-08T13:19:32Z	5340.00000	1555.25703	1538.19085	1525.08152
2025-08-08T13:19:32Z	5340.00000	1555.25210	1538.18573	1525.07860
2025-08-08T13:19:33Z	5340.00000	1555.25052	1538.18365	1525.07729
2025-08-08T13:19:33Z	5340.00000	1555.24870	1538.18120	1525.07625
2025-08-08T13:19:33Z	5340.00000	1555.24663	1538.17952	1525.07523
2025-08-08T13:19:33Z	5340.00000	1555.24357	1538.17719	1525.07401
2025-08-08T13:19:33Z	5340.00000	1555.24140	1538.17481	1525.07270
2025-08-08T13:19:33Z	5341.00000	1555.24005	1538.17332	1525.07196
2025-08-08T13:19:33Z	5341.00000	1555.23851	1538.17203	1525.07094
2025-08-08T13:19:33Z	5341.00000	1555.23746	1538.17071	1525.07054
2025-08-08T13:19:33Z	5341.00000	1555.23580	1538.16861	1525.06890
2025-08-08T13:19:33Z	5341.00000	1555.23513	1538.16766	1525.06831
2025-08-08T13:19:33Z	5341.00000	1555.23382	1538.16646	1525.06725
2025-08-08T13:19:34Z	5341.00000	1555.23201	1538.16477	1525.06622
2025-08-08T13:19:34Z	5341.00000	1555.23016	1538.16313	1525.06525
2025-08-08T13:19:34Z	5341.00000	1555.22897	1538.16227	1525.06488
2025-08-08T13:19:34Z	5341.00000	1555.22757	1538.16067	1525.06426
2025-08-08T13:19:34Z	5341.00000	1555.22623	1538.15942	1525.06363
2025-08-08T13:19:34Z	5342.00000	1555.22501	1538.15805	1525.06280
2025-08-08T13:19:34Z	5342.00000	1555.22387	1538.15676	1525.06213
2025-08-08T13:19:34Z	5342.00000	1555.22306	1538.15579	1525.06158
2025-08-08T13:19:35Z	5342.00000	1555.22164	1538.15428	1525.06064
2025-08-08T13:19:35Z	5342.00000	1555.22114	1538.15350	1525.06016
2025-08-08T13:19:35Z	5342.00000	1555.22017	1538.15237	1525.05943
2025-08-08T13:19:35Z	5342.00000	1555.21931	1538.15167	1525.05881
2025-08-08T13:19:35Z	5342.00000	1555.21829	1538.15027	1525.05827
2025-08-08T13:19:35Z	5343.00000	1555.21685	1538.14884	1525.05701
2025-08-08T13:19:35Z	5343.00000	1555.21634	1538.14826	1525.05677
2025-08-08T13:19:35Z	5343.00000	1555.21540	1538.14757	1525.05616
2025-08-08T13:19:35Z	5343.00000	1555.21433	1538.14693	1525.05548
2025-08-08T13:19:36Z	5343.00000	1555.21370	1538.14558	1525.05504
2025-08-08T13:19:36Z	5343.00000	1555.21175	1538.14315	1525.05414
2025-08-08T13:19:36Z	5343.00000	1555.21103	1538.14218	1525.05385
2025-08-08T13:19:36Z	5343.00000	1555.21046	1538.14152	1525.05357
2025-08-08T13:19:36Z	5343.00000	1555.20979	1538.14127	1525.05318
2025-08-08T13:19:36Z	5344.00000	1555.20904	1538.14040	1525.05281
2025-08-08T13:19:36Z	5344.00000	1555.24010	1538.17054	1525.06653
2025-08-08T13:19:36Z	5344.00000	1555.52516	1538.43089	1525.22134
2025-08-08T13:19:36Z	5344.00000	1555.86857	1538.75524	1525.41182
2025-08-08T13:19:37Z	5344.00000	1556.16242	1539.02782	1525.56666
2025-08-08T13:19:37Z	5344.00000	1556.45684	1539.30346	1525.72203
2025-08-08T13:19:37Z	5344.00000	1556.73974	1539.56490	1525.87736
2025-08-08T13:19:37Z	5344.00000	1557.06600	1539.87219	1526.05520
2025-08-08T13:19:37Z	5344.00000	1557.38638	1540.17156	1526.22750
2025-08-08T13:19:37Z	5344.00000	1557.69942	1540.46454	1526.39846
2025-08-08T13:19:37Z	5345.00000	1557.92241	1540.67416	1526.51766
2025-08-08T13:19:37Z	5345.00000	1558.18551	1540.92310	1526.66149
2025-08-08T13:19:37Z	5345.00000	1558.44188	1541.16623	1526.80412
2025-08-08T13:19:37Z	5345.00000	1558.70477	1541.41283	1526.94670
2025-08-08T13:19:38Z	5345.00000	1559.04928	1541.74436	1527.13634
2025-08-08T13:19:38Z	5345.00000	1559.64651	1542.31909	1527.47042
2025-08-08T13:19:38Z	5345.00000	1559.86160	1542.52744	1527.58979
2025-08-08T13:19:38Z	5345.00000	1560.14873	1542.80075	1527.75006
2025-08-08T13:19:38Z	5346.00000	1560.43288	1543.07819	1527.91001
2025-08-08T13:19:38Z	5346.00000	1560.61966	1543.26082	1528.01133
2025-08-08T13:19:38Z	5346.00000	1560.67732	1543.28964	1528.04272
2025-08-08T13:19:38Z	5346.00000	1560.68149	1543.28620	1528.04506
2025-08-08T13:19:38Z	5346.00000	1560.68424	1543.28342	1528.04682
2025-08-08T13:19:39Z	5346.00000	1560.68561	1543.28197	1528.04815
2025-08-08T13:19:39Z	5346.00000	1560.68728	1543.28070	1528.04936
2025-08-08T13:19:39Z	5346.00000	1560.68801	1543.28033	1528.04975
2025-08-08T13:19:39Z	5346.00000	1560.68865	1543.28032	1528.05017
2025-08-08T13:19:39Z	5347.00000	1560.68896	1543.27982	1528.05062
2025-08-08T13:19:39Z	5347.00000	1560.68936	1543.27976	1528.05095
2025-08-08T13:19:39Z	5347.00000	1560.68963	1543.27995	1528.05126
2025-08-08T13:19:39Z	5347.00000	1560.69012	1543.28006	1528.05157
2025-08-08T13:19:39Z	5347.00000	1560.69045	1543.27965	1528.05191
2025-08-08T13:19:40Z	5347.00000	1560.69072	1543.27982	1528.05236
2025-08-08T13:19:40Z	5347.00000	1560.69107	1543.27943	1528.05250
2025-08-08T13:19:40Z	5347.00000	1560.69142	1543.27952	1528.05307
2025-08-08T13:19:40Z	5347.00000	1560.69181	1543.27957	1528.05342
2025-08-08T13:19:40Z	5347.00000	1560.69201	1543.28013	1528.05376
2025-08-08T13:19:40Z	5347.00000	1560.69212	1543.27991	1528.05378
2025-08-08T13:19:40Z	5348.00000	1560.69253	1543.28015	1528.05434
2025-08-08T13:19:40Z	5348.00000	1560.69282	1543.27999	1528.05470
2025-08-08T13:19:40Z	5348.00000	1560.69307	1543.28015	1528.05503
2025-08-08T13:19:40Z	5348.00000	1560.69321	1543.28011	1528.05528
2025-08-08T13:19:41Z	5348.00000	1560.69342	1543.28038	1528.05547
2025-08-08T13:19:41Z	5348.00000	1560.69359	1543.28042	1528.05574
2025-08-08T13:19:41Z	5348.00000	1560.69386	1543.28054	1528.05578
2025-08-08T13:19:41Z	5348.00000	1560.69397	1543.28038	1528.05615
2025-08-08T13:19:41Z	5348.00000	1560.69417	1543.28033	1528.05644
2025-08-08T13:19:41Z	5348.00000	1560.69440	1543.28023	1528.05663
2025-08-08T13:19:41Z	5349.00000	1559.19310	1541.82916	1527.23466
2025-08-08T13:19:41Z	5349.00000	1558.55962	1541.25192	1526.87480
2025-08-08T13:19:41Z	5349.00000	1558.31164	1541.01977	1526.73588
2025-08-08T13:19:41Z	5349.00000	1558.00070	1540.72924	1526.56129
2025-08-08T13:19:42Z	5349.00000	1557.79150	1540.53732	1526.44879
2025-08-08T13:19:42Z	5349.00000	1557.54660	1540.30822	1526.31092
2025-08-08T13:19:42Z	5349.00000	1557.23134	1540.02007	1526.13819
2025-08-08T13:19:42Z	5349.00000	1557.04044	1539.84353	1526.03626
2025-08-08T13:19:42Z	5349.00000	1556.77783	1539.59921	1525.89201
2025-08-08T13:19:42Z	5349.00000	1556.55686	1539.39503	1525.77005
2025-08-08T13:19:42Z	5350.00000	1556.26531	1539.12813	1525.61959
2025-08-08T13:19:42Z	5350.00000	1556.02231	1538.90253	1525.49183
2025-08-08T13:19:42Z	5350.00000	1555.81559	1538.70944	1525.37973
2025-08-08T13:19:42Z	5350.00000	1555.61519	1538.52084	1525.27363
2025-08-08T13:19:43Z	5350.00000	1555.35365	1538.27996	1525.13220
2025-08-08T13:19:43Z	5350.00000	1555.28268	1538.21538	1525.09504
2025-08-08T13:19:43Z	5350.00000	1555.27662	1538.20932	1525.09222
2025-08-08T13:19:43Z	5350.00000	1555.26950	1538.20401	1525.08864
2025-08-08T13:19:43Z	5350.00000	1555.26583	1538.19930	1525.08659
2025-08-08T13:19:43Z	5351.00000	1555.26357	1538.19669	1525.08527
2025-08-08T13:19:43Z	5351.00000	1555.26006	1538.19356	1525.08380
2025-08-08T13:19:43Z	5351.00000	1555.25688	1538.19079	1525.08187
2025-08-08T13:19:43Z	5351.00000	1555.25449	1538.18850	1525.08029
2025-08-08T13:19:43Z	5351.00000	1555.25247	1538.18607	1525.07898
2025-08-08T13:19:44Z	5351.00000	1555.25061	1538.18401	1525.07759
2025-08-08T13:19:44Z	5351.00000	1555.24806	1538.18091	1525.07620
2025-08-08T13:19:44Z	5351.00000	1555.24575	1538.17878	1525.07516
2025-08-08T13:19:44Z	5351.00000	1555.24370	1538.17704	1525.07421
2025-08-08T13:19:44Z	5351.00000	1555.24191	1538.17549	1525.07326
2025-08-08T13:19:44Z	5352.00000	1555.24002	1538.17391	1525.07240
2025-08-08T13:19:44Z	5352.00000	1555.23873	1538.17189	1525.07115
2025-08-08T13:19:44Z	5352.00000	1555.23716	1538.17088	1525.07010
2025-08-08T13:19:44Z	5352.00000	1555.23623	1538.16935	1525.06959
2025-08-08T13:19:45Z	5352.00000	1555.23543	1538.16824	1525.06865
2025-08-08T13:19:45Z	5352.00000	1555.23402	1538.16703	1525.06764
2025-08-08T13:19:45Z	5352.00000	1555.23249	1538.16546	1525.06664
2025-08-08T13:19:45Z	5352.00000	1555.23052	1538.16391	1525.06577
2025-08-08T13:19:45Z	5352.00000	1555.22900	1538.16228	1525.06510
2025-08-08T13:19:45Z	5353.00000	1555.22773	1538.16102	1525.06441
2025-08-08T13:19:45Z	5353.00000	1555.22688	1538.16027	1525.06406
2025-08-08T13:19:45Z	5353.00000	1555.22560	1538.15907	1525.06357
2025-08-08T13:19:45Z	5353.00000	1555.22521	1538.15808	1525.06328
2025-08-08T13:19:45Z	5353.00000	1555.22418	1538.15712	1525.06256
2025-08-08T13:19:46Z	5353.00000	1555.22341	1538.15652	1525.06225
2025-08-08T13:19:46Z	5353.00000	1555.22276	1538.15531	1525.06144
2025-08-08T13:19:46Z	5353.00000	1555.22157	1538.15412	1525.06088
2025-08-08T13:19:46Z	5353.00000	1555.22111	1538.15339	1525.06045
2025-08-08T13:19:46Z	5353.00000	1555.22021	1538.15224	1525.05980
2025-08-08T13:19:46Z	5353.00000	1555.21948	1538.15131	1525.05907
2025-08-08T13:19:46Z	5354.00000	1555.21870	1538.15105	1525.05868
2025-08-08T13:19:46Z	5354.00000	1555.21808	1538.15026	1525.05823
2025-08-08T13:19:46Z	5354.00000	1555.21739	1538.14979	1525.05775
2025-08-08T13:19:46Z	5354.00000	1555.21635	1538.14827	1525.05708
2025-08-08T13:19:47Z	5354.00000	1555.21579	1538.14777	1525.05642
2025-08-08T13:19:47Z	5354.00000	1555.21477	1538.14696	1525.05601
2025-08-08T13:19:47Z	5354.00000	1555.21408	1538.14660	1525.05576
2025-08-08T13:19:47Z	5354.00000	1555.21294	1538.14548	1525.05500
2025-08-08T13:19:47Z	5354.00000	1555.21247	1538.14331	1525.05465
2025-08-08T13:19:47Z	5355.00000	1555.21138	1538.14239	1525.05420
2025-08-08T13:19:47Z	5355.00000	1555.21066	1538.14219	1525.05380
2025-08-08T13:19:47Z	5355.00000	1555.27600	1538.20380	1525.09282
2025-08-08T13:19:47Z	5355.00000	1555.54910	1538.45513	1525.23828
2025-08-08T13:19:47Z	5355.00000	1555.89381	1538.77790	1525.42397
2025-08-08T13:19:48Z	5355.00000	1556.13930	1539.00687	1525.55387
2025-08-08T13:19:48Z	5355.00000	1556.52834	1539.36732	1525.75996
2025-08-08T13:19:48Z	5355.00000	1556.80940	1539.63081	1525.91353
2025-08-08T13:19:48Z	5355.00000	1557.04001	1539.84765	1526.04115
2025-08-08T13:19:48Z	5355.00000	1557.31644	1540.10518	1526.18953
2025-08-08T13:19:48Z	5355.00000	1557.58733	1540.36140	1526.33580
2025-08-08T13:19:48Z	5356.00000	1557.93959	1540.69090	1526.52716
2025-08-08T13:19:48Z	5356.00000	1558.24373	1540.97813	1526.69361
2025-08-08T13:19:48Z	5356.00000	1558.50208	1541.22213	1526.83618
2025-08-08T13:19:48Z	5356.00000	1558.75981	1541.46891	1526.97853
2025-08-08T13:19:49Z	5356.00000	1558.97316	1541.67416	1527.09454
2025-08-08T13:19:49Z	5356.00000	1559.22861	1541.91614	1527.23581
2025-08-08T13:19:49Z	5356.00000	1559.52339	1542.20129	1527.40203
2025-08-08T13:19:49Z	5356.00000	1559.77832	1542.44602	1527.54457
2025-08-08T13:19:49Z	5356.00000	1560.11332	1542.76724	1527.72951
2025-08-08T13:19:49Z	5357.00000	1560.43901	1543.08495	1527.91415
2025-08-08T13:19:49Z	5357.00000	1560.62310	1543.26442	1528.01342
2025-08-08T13:19:49Z	5357.00000	1560.67910	1543.29036	1528.04359
2025-08-08T13:19:49Z	5357.00000	1560.68195	1543.28702	1528.04552
2025-08-08T13:19:49Z	5357.00000	1560.68422	1543.28468	1528.04699
2025-08-08T13:19:50Z	5357.00000	1560.68524	1543.28363	1528.04805
2025-08-08T13:19:50Z	5357.00000	1560.68643	1543.28265	1528.04870
2025-08-08T13:19:50Z	5357.00000	1560.68742	1543.28168	1528.04933
2025-08-08T13:19:50Z	5357.00000	1560.68865	1543.28155	1528.05014
2025-08-08T13:19:50Z	5357.00000	1560.68886	1543.28097	1528.05043
2025-08-08T13:19:50Z	5357.00000	1560.68934	1543.28115	1528.05106
2025-08-08T13:19:50Z	5358.00000	1560.68997	1543.28036	1528.05142
2025-08-08T13:19:50Z	5358.00000	1560.69013	1543.28053	1528.05183
2025-08-08T13:19:50Z	5358.00000	1560.69060	1543.28076	1528.05217
2025-08-08T13:19:50Z	5358.00000	1560.69105	1543.28044	1528.05240
2025-08-08T13:19:51Z	5358.00000	1560.69131	1543.28034	1528.05290
2025-08-08T13:19:51Z	5358.00000	1560.69172	1543.28055	1528.05323
2025-08-08T13:19:51Z	5358.00000	1560.69199	1543.28074	1528.05363
2025-08-08T13:19:51Z	5358.00000	1560.69234	1543.28082	1528.05411
2025-08-08T13:19:51Z	5358.00000	1560.69263	1543.28045	1528.05451
2025-08-08T13:19:51Z	5359.00000	1560.69263	1543.28053	1528.05467
2025-08-08T13:19:51Z	5359.00000	1560.69311	1543.28037	1528.05504
2025-08-08T13:19:51Z	5359.00000	1560.69343	1543.28053	1528.05528
2025-08-08T13:19:51Z	5359.00000	1560.69343	1543.28065	1528.05553
2025-08-08T13:19:51Z	5359.00000	1560.69363	1543.28061	1528.05579
2025-08-08T13:19:52Z	5359.00000	1560.69394	1543.28079	1528.05616
2025-08-08T13:19:52Z	5359.00000	1560.69413	1543.28118	1528.05642
2025-08-08T13:19:52Z	5359.00000	1560.69432	1543.28128	1528.05659
2025-08-08T13:19:52Z	5359.00000	1560.69454	1543.28142	1528.05682
2025-08-08T13:19:52Z	5359.00000	1560.69485	1543.28113	1528.05720
2025-08-08T13:19:52Z	5360.00000	1559.86668	1542.42218	1527.60558
2025-08-08T13:19:52Z	5360.00000	1558.66542	1541.34558	1526.93395
2025-08-08T13:19:52Z	5360.00000	1558.25684	1540.96859	1526.70496
2025-08-08T13:19:52Z	5360.00000	1557.95533	1540.68701	1526.53675
2025-08-08T13:19:53Z	5360.00000	1557.61585	1540.37414	1526.34956
2025-08-08T13:19:53Z	5360.00000	1557.37857	1540.15376	1526.22073
2025-08-08T13:19:53Z	5360.00000	1557.18531	1539.97797	1526.11356
2025-08-08T13:19:53Z	5360.00000	1556.99599	1539.80157	1526.01164
2025-08-08T13:19:53Z	5360.00000	1556.72938	1539.55452	1525.86635
2025-08-08T13:19:53Z	5361.00000	1556.47094	1539.31683	1525.72470
2025-08-08T13:19:53Z	5361.00000	1556.25446	1539.11943	1525.61420
2025-08-08T13:19:53Z	5361.00000	1556.08343	1538.96124	1525.52387
2025-08-08T13:19:53Z	5361.00000	1555.87530	1538.76554	1525.41353
2025-08-08T13:19:53Z	5361.00000	1555.70658	1538.60603	1525.32234
2025-08-08T13:19:54Z	5361.00000	1555.47602	1538.39296	1525.19678
2025-08-08T13:19:54Z	5361.00000	1555.28995	1538.22281	1525.09881
2025-08-08T13:19:54Z	5361.00000	1555.28198	1538.21436	1525.09536
2025-08-08T13:19:54Z	5361.00000	1555.27825	1538.21096	1525.09358
2025-08-08T13:19:54Z	5361.00000	1555.27223	1538.20673	1525.09041
2025-08-08T13:19:54Z	5361.00000	1555.26844	1538.20263	1525.08834
2025-08-08T13:19:54Z	5362.00000	1555.26534	1538.19869	1525.08666
2025-08-08T13:19:54Z	5362.00000	1555.26190	1538.19539	1525.08487
2025-08-08T13:19:54Z	5362.00000	1555.25891	1538.19232	1525.08324
2025-08-08T13:19:54Z	5362.00000	1555.25584	1538.19007	1525.08146
2025-08-08T13:19:55Z	5362.00000	1555.25341	1538.18764	1525.07973
2025-08-08T13:19:55Z	5362.00000	1555.25157	1538.18533	1525.07871
2025-08-08T13:19:55Z	5362.00000	1555.25005	1538.18311	1525.07749
2025-08-08T13:19:55Z	5362.00000	1555.24766	1538.18076	1525.07622
2025-08-08T13:19:55Z	5362.00000	1555.24577	1538.17906	1525.07554
2025-08-08T13:19:55Z	5362.00000	1555.24368	1538.17719	1525.07434
2025-08-08T13:19:55Z	5363.00000	1555.24159	1538.17540	1525.07341
2025-08-08T13:19:55Z	5363.00000	1555.23950	1538.17335	1525.07235
2025-08-08T13:19:55Z	5363.00000	1555.23859	1538.17205	1525.07154
2025-08-08T13:19:55Z	5363.00000	1555.23705	1538.17034	1525.07044
2025-08-08T13:19:56Z	5363.00000	1555.23613	1538.16972	1525.06966
2025-08-08T13:19:56Z	5363.00000	1555.23535	1538.16832	1525.06897
2025-08-08T13:19:56Z	5363.00000	1555.23404	1538.16677	1525.06809
2025-08-08T13:19:56Z	5363.00000	1555.23317	1538.16595	1525.06735
2025-08-08T13:19:56Z	5363.00000	1555.23154	1538.16485	1525.06636
2025-08-08T13:19:56Z	5364.00000	1555.23008	1538.16357	1525.06572
2025-08-08T13:19:56Z	5364.00000	1555.22909	1538.16242	1525.06531
2025-08-08T13:19:56Z	5364.00000	1555.22813	1538.16151	1525.06477
2025-08-08T13:19:56Z	5364.00000	1555.22676	1538.16040	1525.06428
2025-08-08T13:19:56Z	5364.00000	1555.22587	1538.15891	1525.06380
2025-08-08T13:19:57Z	5364.00000	1555.22458	1538.15786	1525.06316
2025-08-08T13:19:57Z	5364.00000	1555.22411	1538.15719	1525.06270
2025-08-08T13:19:57Z	5364.00000	1555.22338	1538.15629	1525.06220
2025-08-08T13:19:57Z	5364.00000	1555.22238	1538.15533	1525.06166
2025-08-08T13:19:57Z	5364.00000	1555.22153	1538.15417	1525.06111
2025-08-08T13:19:57Z	5364.00000	1555.22096	1538.15335	1525.06063
2025-08-08T13:19:57Z	5365.00000	1555.22056	1538.15275	1525.06026
2025-08-08T13:19:57Z	5365.00000	1555.21938	1538.15149	1525.05931
2025-08-08T13:19:57Z	5365.00000	1555.21877	1538.15093	1525.05888
2025-08-08T13:19:57Z	5365.00000	1555.21817	1538.15042	1525.05853
2025-08-08T13:19:58Z	5365.00000	1555.21757	1538.15000	1525.05818
2025-08-08T13:19:58Z	5365.00000	1555.21670	1538.14881	1525.05748
2025-08-08T13:19:58Z	5365.00000	1555.21575	1538.14826	1525.05693
2025-08-08T13:19:58Z	5365.00000	1555.21482	1538.14716	1525.05611
2025-08-08T13:19:58Z	5365.00000	1555.21385	1538.14625	1525.05580
2025-08-08T13:19:58Z	5366.00000	1555.21333	1538.14563	1525.05532
2025-08-08T13:19:58Z	5366.00000	1555.21249	1538.14398	1525.05505
2025-08-08T13:19:58Z	5366.00000	1555.36433	1538.28569	1525.13738
2025-08-08T13:19:58Z	5366.00000	1555.60813	1538.51058	1525.27308
2025-08-08T13:19:58Z	5366.00000	1555.85406	1538.74138	1525.40302
2025-08-08T13:19:59Z	5366.00000	1556.14637	1539.01395	1525.55796
2025-08-08T13:19:59Z	5366.00000	1556.49306	1539.33565	1525.74165
2025-08-08T13:19:59Z	5366.00000	1556.87197	1539.68872	1525.94802
2025-08-08T13:19:59Z	5366.00000	1557.15059	1539.95083	1526.09954
2025-08-08T13:19:59Z	5366.00000	1557.47387	1540.25324	1526.27488
2025-08-08T13:19:59Z	5367.00000	1557.69711	1540.46297	1526.39773
2025-08-08T13:19:59Z	5367.00000	1558.00445	1540.75307	1526.56353
2025-08-08T13:19:59Z	5367.00000	1558.26533	1540.99964	1526.70666
2025-08-08T13:19:59Z	5367.00000	1558.56985	1541.28944	1526.87314
2025-08-08T13:19:59Z	5367.00000	1558.78587	1541.49392	1526.99400
2025-08-08T13:20:00Z	5367.00000	1559.04402	1541.74029	1527.13473
2025-08-08T13:20:00Z	5367.00000	1559.29805	1541.98617	1527.27580
2025-08-08T13:20:00Z	5367.00000	1559.51299	1542.19236	1527.39735
2025-08-08T13:20:00Z	5367.00000	1559.77023	1542.44091	1527.54127
2025-08-08T13:20:00Z	5367.00000	1560.06620	1542.72371	1527.70342
2025-08-08T13:20:00Z	5367.00000	1560.30877	1542.95722	1527.84119
2025-08-08T13:20:00Z	5368.00000	1560.57979	1543.21872	1527.99130
2025-08-08T13:20:00Z	5368.00000	1560.67812	1543.29249	1528.04460
2025-08-08T13:20:00Z	5368.00000	1560.68230	1543.28863	1528.04702
2025-08-08T13:20:00Z	5368.00000	1560.68446	1543.28607	1528.04835
2025-08-08T13:20:01Z	5368.00000	1560.68674	1543.28429	1528.05029
2025-08-08T13:20:01Z	5368.00000	1560.68801	1543.28350	1528.05109
2025-08-08T13:20:01Z	5368.00000	1560.68847	1543.28266	1528.05158
2025-08-08T13:20:01Z	5368.00000	1560.68887	1543.28256	1528.05191
2025-08-08T13:20:01Z	5368.00000	1560.68925	1543.28221	1528.05237
2025-08-08T13:20:01Z	5369.00000	1560.69000	1543.28203	1528.05287
2025-08-08T13:20:01Z	5369.00000	1560.69037	1543.28191	1528.05331
2025-08-08T13:20:01Z	5369.00000	1560.69083	1543.28217	1528.05369
2025-08-08T13:20:01Z	5369.00000	1560.69093	1543.28198	1528.05411
2025-08-08T13:20:02Z	5369.00000	1560.69149	1543.28166	1528.05447
2025-08-08T13:20:02Z	5369.00000	1560.69178	1543.28200	1528.05470
2025-08-08T13:20:02Z	5369.00000	1560.69193	1543.28168	1528.05521
2025-08-08T13:20:02Z	5369.00000	1560.69210	1543.28184	1528.05565
2025-08-08T13:20:02Z	5369.00000	1560.69271	1543.28248	1528.05618
2025-08-08T13:20:02Z	5370.00000	1560.69300	1543.28206	1528.05657
2025-08-08T13:20:02Z	5370.00000	1560.69306	1543.28209	1528.05678
2025-08-08T13:20:02Z	5370.00000	1560.69349	1543.28193	1528.05701
2025-08-08T13:20:02Z	5370.00000	1560.69367	1543.28246	1528.05712
2025-08-08T13:20:03Z	5370.00000	1560.69395	1543.28211	1528.05746
2025-08-08T13:20:03Z	5370.00000	1560.69407	1543.28170	1528.05763
2025-08-08T13:20:03Z	5370.00000	1560.69418	1543.28227	1528.05807
2025-08-08T13:20:03Z	5370.00000	1560.69429	1543.28235	1528.05808
2025-08-08T13:20:03Z	5370.00000	1560.69468	1543.28243	1528.05825
2025-08-08T13:20:03Z	5370.00000	1560.69477	1543.28253	1528.05830
2025-08-08T13:20:03Z	5371.00000	1558.67902	1541.35834	1526.94265
2025-08-08T13:20:03Z	5371.00000	1558.36166	1541.06735	1526.76456
2025-08-08T13:20:03Z	5371.00000	1558.00676	1540.73500	1526.56520
2025-08-08T13:20:04Z	5371.00000	1557.66754	1540.42046	1526.37907
2025-08-08T13:20:04Z	5371.00000	1557.37622	1540.15178	1526.21974
2025-08-08T13:20:04Z	5371.00000	1557.10365	1539.90253	1526.07127
2025-08-08T13:20:04Z	5371.00000	1556.91167	1539.72320	1525.96501
2025-08-08T13:20:04Z	5371.00000	1556.65297	1539.48444	1525.82404
2025-08-08T13:20:04Z	5372.00000	1556.43071	1539.28182	1525.70564
2025-08-08T13:20:04Z	5372.00000	1556.25138	1539.11684	1525.61287
2025-08-08T13:20:04Z	5372.00000	1555.90615	1538.79425	1525.43094
2025-08-08T13:20:04Z	5372.00000	1555.57000	1538.47904	1525.25022
2025-08-08T13:20:05Z	5372.00000	1555.37424	1538.29924	1525.14372
2025-08-08T13:20:05Z	5372.00000	1555.28728	1538.22037	1525.09768
2025-08-08T13:20:05Z	5372.00000	1555.28388	1538.21694	1525.09710
2025-08-08T13:20:05Z	5372.00000	1555.27862	1538.21131	1525.09394
2025-08-08T13:20:05Z	5372.00000	1555.27414	1538.20711	1525.09130
2025-08-08T13:20:05Z	5373.00000	1555.26654	1538.20026	1525.08746
2025-08-08T13:20:05Z	5373.00000	1555.26372	1538.19719	1525.08596
2025-08-08T13:20:05Z	5373.00000	1555.25980	1538.19359	1525.08406
2025-08-08T13:20:06Z	5373.00000	1555.25477	1538.18921	1525.08106
2025-08-08T13:20:06Z	5373.00000	1555.25190	1538.18547	1525.07920
2025-08-08T13:20:06Z	5373.00000	1555.24968	1538.18280	1525.07741
2025-08-08T13:20:06Z	5373.00000	1555.24770	1538.18079	1525.07646
2025-08-08T13:20:06Z	5373.00000	1555.24582	1538.17950	1525.07577
2025-08-08T13:20:06Z	5374.00000	1555.24399	1538.17757	1525.07479
2025-08-08T13:20:06Z	5374.00000	1555.24130	1538.17494	1525.07345
2025-08-08T13:20:06Z	5374.00000	1555.23896	1538.17244	1525.07194
2025-08-08T13:20:07Z	5374.00000	1555.23724	1538.17088	1525.07083
2025-08-08T13:20:07Z	5374.00000	1555.23638	1538.16961	1525.06980
2025-08-08T13:20:07Z	5374.00000	1555.23529	1538.16822	1525.06884
2025-08-08T13:20:07Z	5374.00000	1555.23392	1538.16692	1525.06805
2025-08-08T13:20:07Z	5374.00000	1555.23248	1538.16576	1525.06712
2025-08-08T13:20:07Z	5375.00000	1555.23120	1538.16444	1525.06658
2025-08-08T13:20:07Z	5375.00000	1555.23030	1538.16354	1525.06598
2025-08-08T13:20:07Z	5375.00000	1555.22932	1538.16317	1525.06545
2025-08-08T13:20:07Z	5375.00000	1555.22713	1538.16065	1525.06442
2025-08-08T13:20:08Z	5375.00000	1555.22605	1538.15940	1525.06404
2025-08-08T13:20:08Z	5375.00000	1555.22508	1538.15830	1525.06346
2025-08-08T13:20:08Z	5375.00000	1555.22401	1538.15725	1525.06300
2025-08-08T13:20:08Z	5375.00000	1555.22348	1538.15636	1525.06231
2025-08-08T13:20:08Z	5375.00000	1555.22259	1538.15560	1525.06193
2025-08-08T13:20:08Z	5376.00000	1555.22163	1538.15436	1525.06112
2025-08-08T13:20:08Z	5376.00000	1555.22122	1538.15309	1525.06065
2025-08-08T13:20:08Z	5376.00000	1555.22076	1538.15302	1525.06036
2025-08-08T13:20:08Z	5376.00000	1555.21944	1538.15177	1525.05959
2025-08-08T13:20:09Z	5376.00000	1555.21894	1538.15069	1525.05902
2025-08-08T13:20:09Z	5376.00000	1555.21815	1538.15040	1525.05855
2025-08-08T13:20:09Z	5376.00000	1555.21727	1538.14939	1525.05807
2025-08-08T13:20:09Z	5376.00000	1555.21625	1538.14817	1525.05737
2025-08-08T13:20:09Z	5376.00000	1555.21538	1538.14779	1525.05651
2025-08-08T13:20:09Z	5377.00000	1555.21433	1538.14695	1525.05627
2025-08-08T13:20:09Z	5377.00000	1555.21376	1538.14616	1525.05581
2025-08-08T13:20:09Z	5377.00000	1555.35299	1538.27490	1525.13401
2025-08-08T13:20:09Z	5377.00000	1555.60552	1538.50827	1525.27116
2025-08-08T13:20:10Z	5377.00000	1556.19599	1539.05987	1525.58518
2025-08-08T13:20:10Z	5377.00000	1556.58853	1539.42397	1525.79393
2025-08-08T13:20:10Z	5377.00000	1556.91640	1539.73091	1525.97297
2025-08-08T13:20:10Z	5377.00000	1557.19753	1539.99581	1526.12442
2025-08-08T13:20:10Z	5377.00000	1557.64539	1540.41458	1526.36810
2025-08-08T13:20:10Z	5378.00000	1557.90991	1540.66324	1526.51113
2025-08-08T13:20:10Z	5378.00000	1558.30068	1541.03309	1526.72592
2025-08-08T13:20:10Z	5378.00000	1558.56448	1541.28357	1526.87010
2025-08-08T13:20:11Z	5378.00000	1559.03888	1541.73582	1527.13189
2025-08-08T13:20:11Z	5378.00000	1559.33959	1542.02391	1527.29831
2025-08-08T13:20:11Z	5378.00000	1559.80618	1542.47370	1527.56091
2025-08-08T13:20:11Z	5378.00000	1560.05898	1542.71628	1527.69875
2025-08-08T13:20:11Z	5378.00000	1560.34664	1542.98995	1527.86065
2025-08-08T13:20:11Z	5379.00000	1560.57954	1543.21743	1527.99072
2025-08-08T13:20:11Z	5379.00000	1560.67845	1543.29226	1528.04485
2025-08-08T13:20:11Z	5379.00000	1560.68286	1543.28756	1528.04702
2025-08-08T13:20:11Z	5379.00000	1560.68508	1543.28606	1528.04811
2025-08-08T13:20:12Z	5379.00000	1560.68681	1543.28440	1528.04932
2025-08-08T13:20:12Z	5379.00000	1560.68868	1543.28267	1528.05064
2025-08-08T13:20:12Z	5379.00000	1560.68963	1543.28218	1528.05136
2025-08-08T13:20:12Z	5379.00000	1560.69013	1543.28169	1528.05174
2025-08-08T13:20:12Z	5380.00000	1560.69090	1543.28167	1528.05262
2025-08-08T13:20:12Z	5380.00000	1560.69145	1543.28167	1528.05291
2025-08-08T13:20:12Z	5380.00000	1560.69153	1543.28172	1528.05343
2025-08-08T13:20:12Z	5380.00000	1560.69192	1543.28127	1528.05387
2025-08-08T13:20:13Z	5380.00000	1560.69250	1543.28153	1528.05445
2025-08-08T13:20:13Z	5380.00000	1560.69280	1543.28158	1528.05460
2025-08-08T13:20:13Z	5380.00000	1560.69335	1543.28135	1528.05509
2025-08-08T13:20:13Z	5380.00000	1560.69347	1543.28126	1528.05571
2025-08-08T13:20:13Z	5380.00000	1560.69365	1543.28144	1528.05582
2025-08-08T13:20:13Z	5381.00000	1560.69410	1543.28167	1528.05639
2025-08-08T13:20:13Z	5381.00000	1560.69413	1543.28169	1528.05663
2025-08-08T13:20:13Z	5381.00000	1560.69464	1543.28156	1528.05674
2025-08-08T13:20:13Z	5381.00000	1560.69463	1543.28171	1528.05697
2025-08-08T13:20:14Z	5381.00000	1560.69503	1543.28158	1528.05759
2025-08-08T13:20:14Z	5381.00000	1560.69520	1543.28188	1528.05762
2025-08-08T13:20:14Z	5381.00000	1560.69532	1543.28149	1528.05787
2025-08-08T13:20:14Z	5381.00000	1560.69562	1543.28188	1528.05804
2025-08-08T13:20:14Z	5381.00000	1560.69571	1543.28250	1528.05827
2025-08-08T13:20:14Z	5382.00000	1559.18729	1541.82271	1527.23071
2025-08-08T13:20:14Z	5382.00000	1558.55794	1541.25004	1526.87388
2025-08-08T13:20:14Z	5382.00000	1558.31227	1541.02014	1526.73655
2025-08-08T13:20:15Z	5382.00000	1557.70630	1540.45649	1526.40092
2025-08-08T13:20:15Z	5382.00000	1557.50519	1540.27036	1526.28829
2025-08-08T13:20:15Z	5382.00000	1557.26771	1540.05324	1526.15899
2025-08-08T13:20:15Z	5382.00000	1557.04002	1539.84333	1526.03676
2025-08-08T13:20:15Z	5382.00000	1556.81180	1539.63147	1525.91027
2025-08-08T13:20:15Z	5382.00000	1556.55335	1539.39222	1525.76876
2025-08-08T13:20:15Z	5383.00000	1556.33442	1539.19115	1525.65675
2025-08-08T13:20:15Z	5383.00000	1556.05847	1538.93813	1525.51138
2025-08-08T13:20:15Z	5383.00000	1555.81814	1538.71235	1525.38199
2025-08-08T13:20:16Z	5383.00000	1555.45768	1538.37727	1525.18757
2025-08-08T13:20:16Z	5383.00000	1555.29765	1538.22977	1525.10429
2025-08-08T13:20:16Z	5383.00000	1555.28672	1538.22000	1525.09889
2025-08-08T13:20:16Z	5383.00000	1555.28110	1538.21378	1525.09570
2025-08-08T13:20:16Z	5383.00000	1555.27643	1538.20960	1525.09268
2025-08-08T13:20:16Z	5383.00000	1555.27103	1538.20526	1525.09007
2025-08-08T13:20:16Z	5384.00000	1555.26692	1538.20087	1525.08797
2025-08-08T13:20:16Z	5384.00000	1555.26086	1538.19471	1525.08484
2025-08-08T13:20:16Z	5384.00000	1555.25859	1538.19229	1525.08351
2025-08-08T13:20:17Z	5384.00000	1555.25601	1538.19030	1525.08199
2025-08-08T13:20:17Z	5384.00000	1555.25393	1538.18829	1525.08066
2025-08-08T13:20:17Z	5384.00000	1555.25239	1538.18607	1525.07940
2025-08-08T13:20:17Z	5384.00000	1555.25082	1538.18402	1525.07848
2025-08-08T13:20:17Z	5384.00000	1555.24889	1538.18227	1525.07742
2025-08-08T13:20:17Z	5384.00000	1555.24693	1538.18052	1525.07640
2025-08-08T13:20:17Z	5385.00000	1555.24461	1538.17792	1525.07526
2025-08-08T13:20:17Z	5385.00000	1555.24307	1538.17680	1525.07459
2025-08-08T13:20:17Z	5385.00000	1555.24005	1538.17370	1525.07305
2025-08-08T13:20:18Z	5385.00000	1555.23814	1538.17165	1525.07156
2025-08-08T13:20:18Z	5385.00000	1555.23682	1538.17035	1525.07063
2025-08-08T13:20:18Z	5385.00000	1555.23547	1538.16831	1525.06932
2025-08-08T13:20:18Z	5385.00000	1555.23473	1538.16800	1525.06886
2025-08-08T13:20:18Z	5385.00000	1555.23378	1538.16670	1525.06822
2025-08-08T13:20:18Z	5386.00000	1555.23272	1538.16584	1525.06751
2025-08-08T13:20:18Z	5386.00000	1555.23096	1538.16418	1525.06673
2025-08-08T13:20:18Z	5386.00000	1555.23005	1538.16356	1525.06596
2025-08-08T13:20:18Z	5386.00000	1555.22863	1538.16202	1525.06523
2025-08-08T13:20:19Z	5386.00000	1555.22769	1538.16112	1525.06486
2025-08-08T13:20:19Z	5386.00000	1555.22662	1538.16008	1525.06441
2025-08-08T13:20:19Z	5386.00000	1555.22571	1538.15907	1525.06402
2025-08-08T13:20:19Z	5386.00000	1555.22445	1538.15798	1525.06348
2025-08-08T13:20:19Z	5386.00000	1555.22393	1538.15679	1525.06269
2025-08-08T13:20:19Z	5387.00000	1555.22294	1538.15575	1525.06218
2025-08-08T13:20:19Z	5387.00000	1555.22228	1538.15507	1525.06173
2025-08-08T13:20:19Z	5387.00000	1555.22127	1538.15357	1525.06087
2025-08-08T13:20:19Z	5387.00000	1555.22084	1538.15313	1525.06072
2025-08-08T13:20:20Z	5387.00000	1555.21969	1538.15189	1525.05998
2025-08-08T13:20:20Z	5387.00000	1555.21856	1538.15043	1525.05893
2025-08-08T13:20:20Z	5387.00000	1555.21788	1538.14991	1525.05853
2025-08-08T13:20:20Z	5387.00000	1555.21745	1538.14939	1525.05832
2025-08-08T13:20:20Z	5387.00000	1555.21635	1538.14873	1525.05783
2025-08-08T13:20:20Z	5388.00000	1555.21585	1538.14769	1525.05732
2025-08-08T13:20:20Z	5388.00000	1555.21822	1538.15051	1525.05730
2025-08-08T13:20:20Z	5388.00000	1555.56014	1538.46634	1525.24678
2025-08-08T13:20:20Z	5388.00000	1555.90125	1538.78585	1525.42948
2025-08-08T13:20:21Z	5388.00000	1556.23921	1539.10197	1525.61001
2025-08-08T13:20:21Z	5388.00000	1556.48814	1539.33173	1525.73922
2025-08-08T13:20:21Z	5388.00000	1556.77314	1539.59667	1525.89589
2025-08-08T13:20:21Z	5388.00000	1557.14875	1539.94973	1526.09903
2025-08-08T13:20:21Z	5388.00000	1557.42374	1540.20762	1526.24923
2025-08-08T13:20:21Z	5388.00000	1557.64714	1540.41635	1526.36948
2025-08-08T13:20:21Z	5389.00000	1557.90900	1540.66235	1526.51070
2025-08-08T13:20:21Z	5389.00000	1558.25862	1540.99277	1526.70230
2025-08-08T13:20:21Z	5389.00000	1558.47347	1541.19742	1526.82202
2025-08-08T13:20:21Z	5389.00000	1558.73438	1541.44521	1526.96473
2025-08-08T13:20:22Z	5389.00000	1559.08106	1541.77556	1527.15577
2025-08-08T13:20:22Z	5389.00000	1559.41756	1542.09836	1527.34374
2025-08-08T13:20:22Z	5389.00000	1559.88491	1542.54974	1527.60302
2025-08-08T13:20:22Z	5389.00000	1560.17514	1542.82361	1527.76466
2025-08-08T13:20:22Z	5390.00000	1560.63679	1543.27829	1528.02182
2025-08-08T13:20:22Z	5390.00000	1560.67926	1543.29268	1528.04586
2025-08-08T13:20:22Z	5390.00000	1560.68281	1543.28921	1528.04798
2025-08-08T13:20:22Z	5390.00000	1560.68525	1543.28680	1528.04908
2025-08-08T13:20:23Z	5390.00000	1560.68713	1543.28507	1528.05017
2025-08-08T13:20:23Z	5390.00000	1560.68798	1543.28509	1528.05063
2025-08-08T13:20:23Z	5390.00000	1560.68912	1543.28417	1528.05102
2025-08-08T13:20:23Z	5390.00000	1560.68961	1543.28373	1528.05170
2025-08-08T13:20:23Z	5390.00000	1560.69040	1543.28290	1528.05210
2025-08-08T13:20:23Z	5390.00000	1560.69096	1543.28251	1528.05287
2025-08-08T13:20:23Z	5391.00000	1560.69129	1543.28228	1528.05344
2025-08-08T13:20:23Z	5391.00000	1560.69222	1543.28237	1528.05430
2025-08-08T13:20:23Z	5391.00000	1560.69239	1543.28223	1528.05465
2025-08-08T13:20:24Z	5391.00000	1560.69310	1543.28213	1528.05534
2025-08-08T13:20:24Z	5391.00000	1560.69330	1543.28188	1528.05553
2025-08-08T13:20:24Z	5391.00000	1560.69351	1543.28247	1528.05557
2025-08-08T13:20:24Z	5391.00000	1560.69390	1543.28186	1528.05631
2025-08-08T13:20:24Z	5391.00000	1560.69399	1543.28255	1528.05630
2025-08-08T13:20:24Z	5392.00000	1560.69431	1543.28271	1528.05698
2025-08-08T13:20:24Z	5392.00000	1560.69460	1543.28259	1528.05716
2025-08-08T13:20:24Z	5392.00000	1560.69476	1543.28266	1528.05712
2025-08-08T13:20:24Z	5392.00000	1560.69502	1543.28244	1528.05742
2025-08-08T13:20:25Z	5392.00000	1560.69529	1543.28286	1528.05790
2025-08-08T13:20:25Z	5392.00000	1560.69551	1543.28283	1528.05788
2025-08-08T13:20:25Z	5392.00000	1560.69567	1543.28344	1528.05849
2025-08-08T13:20:25Z	5392.00000	1560.69603	1543.28331	1528.05858
2025-08-08T13:20:25Z	5392.00000	1560.69612	1543.28351	1528.05865
2025-08-08T13:20:25Z	5393.00000	1559.41709	1542.02653	1527.35586
2025-08-08T13:20:25Z	5393.00000	1558.65902	1541.34093	1526.93079
2025-08-08T13:20:25Z	5393.00000	1558.25020	1540.96423	1526.70272
2025-08-08T13:20:25Z	5393.00000	1558.03588	1540.76283	1526.58289
2025-08-08T13:20:26Z	5393.00000	1557.78224	1540.53025	1526.44457
2025-08-08T13:20:26Z	5393.00000	1557.54282	1540.30612	1526.30989
2025-08-08T13:20:26Z	5393.00000	1557.30695	1540.08792	1526.18026
2025-08-08T13:20:26Z	5393.00000	1557.07228	1539.87372	1526.05476
2025-08-08T13:20:26Z	5393.00000	1556.84857	1539.66582	1525.93032
2025-08-08T13:20:26Z	5393.00000	1556.58925	1539.42741	1525.78952
2025-08-08T13:20:26Z	5394.00000	1556.37122	1539.22526	1525.67592
2025-08-08T13:20:26Z	5394.00000	1556.09283	1538.97007	1525.52921
2025-08-08T13:20:26Z	5394.00000	1555.80859	1538.70347	1525.37699
2025-08-08T13:20:26Z	5394.00000	1555.57360	1538.48298	1525.25261
2025-08-08T13:20:27Z	5394.00000	1555.29527	1538.22771	1525.10306
2025-08-08T13:20:27Z	5394.00000	1555.28424	1538.21770	1525.09701
2025-08-08T13:20:27Z	5394.00000	1555.28136	1538.21382	1525.09572
2025-08-08T13:20:27Z	5394.00000	1555.27488	1538.20843	1525.09209
2025-08-08T13:20:27Z	5395.00000	1555.26963	1538.20436	1525.08982
2025-08-08T13:20:27Z	5395.00000	1555.26645	1538.20049	1525.08784
2025-08-08T13:20:27Z	5395.00000	1555.26465	1538.19825	1525.08666
2025-08-08T13:20:27Z	5395.00000	1555.25940	1538.19323	1525.08429
2025-08-08T13:20:28Z	5395.00000	1555.25705	1538.19182	1525.08301
2025-08-08T13:20:28Z	5395.00000	1555.25436	1538.18888	1525.08121
2025-08-08T13:20:28Z	5395.00000	1555.25129	1538.18474	1525.07880
2025-08-08T13:20:28Z	5396.00000	1555.24767	1538.18121	1525.07685
2025-08-08T13:20:28Z	5396.00000	1555.24543	1538.17941	1525.07576
2025-08-08T13:20:28Z	5396.00000	1555.24327	1538.17752	1525.07470
2025-08-08T13:20:28Z	5396.00000	1555.24181	1538.17568	1525.07388
2025-08-08T13:20:28Z	5396.00000	1555.24066	1538.17437	1525.07336
2025-08-08T13:20:29Z	5396.00000	1555.23909	1538.17279	1525.07250
2025-08-08T13:20:29Z	5396.00000	1555.23789	1538.17122	1525.07137
2025-08-08T13:20:29Z	5396.00000	1555.23661	1538.17012	1525.07047
2025-08-08T13:20:29Z	5396.00000	1555.23568	1538.16910	1525.06958
2025-08-08T13:20:29Z	5396.00000	1555.23488	1538.16817	1525.06898
2025-08-08T13:20:29Z	5397.00000	1555.23374	1538.16711	1525.06837
2025-08-08T13:20:29Z	5397.00000	1555.23217	1538.16546	1525.06731
2025-08-08T13:20:29Z	5397.00000	1555.23134	1538.16479	1525.06695
2025-08-08T13:20:29Z	5397.00000	1555.23023	1538.16340	1525.06635
2025-08-08T13:20:30Z	5397.00000	1555.22915	1538.16276	1525.06571
2025-08-08T13:20:30Z	5397.00000	1555.22809	1538.16178	1525.06534
2025-08-08T13:20:30Z	5397.00000	1555.22679	1538.16032	1525.06467
2025-08-08T13:20:30Z	5397.00000	1555.22608	1538.15974	1525.06437
2025-08-08T13:20:30Z	5397.00000	1555.22521	1538.15854	1525.06388
2025-08-08T13:20:30Z	5397.00000	1555.22432	1538.15778	1525.06355
2025-08-08T13:20:30Z	5398.00000	1555.22360	1538.15668	1525.06273
2025-08-08T13:20:30Z	5398.00000	1555.22276	1538.15580	1525.06224
2025-08-08T13:20:30Z	5398.00000	1555.22243	1538.15507	1525.06187
2025-08-08T13:20:30Z	5398.00000	1555.22192	1538.15428	1525.06147
2025-08-08T13:20:31Z	5398.00000	1555.22156	1538.15387	1525.06107
2025-08-08T13:20:31Z	5398.00000	1555.22058	1538.15311	1525.06054
2025-08-08T13:20:31Z	5398.00000	1555.21983	1538.15180	1525.06000
2025-08-08T13:20:31Z	5398.00000	1555.21936	1538.15122	1525.05959
2025-08-08T13:20:31Z	5398.00000	1555.21870	1538.15039	1525.05910
2025-08-08T13:20:31Z	5398.00000	1555.21796	1538.15011	1525.05865
2025-08-08T13:20:31Z	5399.00000	1555.21723	1538.14980	1525.05824
2025-08-08T13:20:31Z	5399.00000	1555.21627	1538.14844	1525.05772
2025-08-08T13:20:31Z	5399.00000	1555.21580	1538.14835	1525.05717
2025-08-08T13:20:31Z	5399.00000	1555.21525	1538.14795	1525.05677
2025-08-08T13:20:32Z	5399.00000	1555.21458	1538.14694	1525.05628
2025-08-08T13:20:32Z	5399.00000	1555.21389	1538.14618	1525.05589
2025-08-08T13:20:32Z	5399.00000	1555.21297	1538.14595	1525.05557
2025-08-08T13:20:32Z	5399.00000	1555.21263	1538.14358	1525.05514
2025-08-08T13:20:32Z	5399.00000	1555.21194	1538.14340	1525.05493
2025-08-08T13:20:32Z	5399.00000	1555.21114	1538.14285	1525.05468
2025-08-08T13:20:32Z	5400.00000	1555.21065	1538.14230	1525.05419
2025-08-08T13:20:32Z	5400.00000	1555.20976	1538.14131	1525.05395
2025-08-08T13:20:32Z	5400.00000	1555.20940	1538.14045	1525.05358
2025-08-08T13:20:32Z	5400.00000	1555.20900	1538.14015	1525.05338
2025-08-08T13:20:33Z	5400.00000	1555.20853	1538.14012	1525.05312
2025-08-08T13:20:33Z	5400.00000	1555.20817	1538.13937	1525.05303
2025-08-08T13:20:33Z	5400.00000	1555.20790	1538.13885	1525.05262
2025-08-08T13:20:33Z	5400.00000	1555.20762	1538.13862	1525.05240
2025-08-08T13:20:33Z	5400.00000	1555.20719	1538.13815	1525.05222
2025-08-08T13:20:33Z	5400.00000	1555.20690	1538.13758	1525.05186
2025-08-08T13:20:33Z	5401.00000	1555.20644	1538.13678	1525.05143
2025-08-08T13:20:33Z	5401.00000	1555.20610	1538.13650	1525.05123
2025-08-08T13:20:33Z	5401.00000	1555.20567	1538.13614	1525.05093
2025-08-08T13:20:33Z	5401.00000	1555.20524	1538.13520	1525.05068
2025-08-08T13:20:34Z	5401.00000	1555.20483	1538.13489	1525.05040
2025-08-08T13:20:34Z	5401.00000	1555.20451	1538.13462	1525.05011
2025-08-08T13:20:34Z	5401.00000	1555.20375	1538.13391	1525.04989
2025-08-08T13:20:34Z	5401.00000	1555.20309	1538.13351	1525.04959
2025-08-08T13:20:34Z	5401.00000	1555.20294	1538.13294	1525.04917
2025-08-08T13:20:34Z	5402.00000	1555.20256	1538.13251	1525.04884
2025-08-08T13:20:34Z	5402.00000	1555.20175	1538.13201	1525.04862
2025-08-08T13:20:34Z	5402.00000	1555.20199	1538.13198	1525.04840
2025-08-08T13:20:34Z	5402.00000	1555.20152	1538.13171	1525.04825
2025-08-08T13:20:34Z	5402.00000	1555.20093	1538.13141	1525.04791
2025-08-08T13:20:35Z	5402.00000	1555.20034	1538.13105	1525.04760
2025-08-08T13:20:35Z	5402.00000	1555.19991	1538.13035	1525.04733
2025-08-08T13:20:35Z	5402.00000	1555.19933	1538.13012	1525.04726
2025-08-08T13:20:35Z	5402.00000	1555.19901	1538.12953	1525.04675
2025-08-08T13:20:35Z	5402.00000	1555.19863	1538.12922	1525.04663
2025-08-08T13:20:35Z	5402.00000	1555.19827	1538.12903	1525.04637
2025-08-08T13:20:35Z	5403.00000	1555.19777	1538.12879	1525.04608
2025-08-08T13:20:35Z	5403.00000	1555.19764	1538.12856	1525.04586
2025-08-08T13:20:35Z	5403.00000	1555.19711	1538.12827	1525.04564
2025-08-08T13:20:35Z	5403.00000	1555.19691	1538.12757	1525.04535
2025-08-08T13:20:35Z	5403.00000	1555.19641	1538.12731	1525.04508
2025-08-08T13:20:36Z	5403.00000	1555.19598	1538.12658	1525.04489
2025-08-08T13:20:36Z	5403.00000	1555.19569	1538.12626	1525.04478
2025-08-08T13:20:36Z	5403.00000	1555.19543	1538.12580	1525.04447
2025-08-08T13:20:36Z	5403.00000	1555.19502	1538.12574	1525.04435
2025-08-08T13:20:36Z	5403.00000	1555.19489	1538.12492	1525.04402
2025-08-08T13:20:36Z	5404.00000	1555.19463	1538.12466	1525.04388
2025-08-08T13:20:36Z	5404.00000	1555.19452	1538.12440	1525.04373
2025-08-08T13:20:36Z	5404.00000	1555.19421	1538.12373	1525.04351
2025-08-08T13:20:36Z	5404.00000	1555.19393	1538.12333	1525.04326
2025-08-08T13:20:37Z	5404.00000	1555.19372	1538.12318	1525.04312
2025-08-08T13:20:37Z	5404.00000	1555.19326	1538.12300	1525.04278
2025-08-08T13:20:37Z	5404.00000	1555.19296	1538.12259	1525.04266
2025-08-08T13:20:37Z	5404.00000	1555.19264	1538.12200	1525.04252
2025-08-08T13:20:37Z	5404.00000	1555.19233	1538.12197	1525.04228
2025-08-08T13:20:37Z	5404.00000	1555.19238	1538.12157	1525.04220
2025-08-08T13:20:37Z	5405.00000	1555.19237	1538.12113	1525.04194
2025-08-08T13:20:37Z	5405.00000	1555.19209	1538.12106	1525.04182
2025-08-08T13:20:37Z	5405.00000	1555.19156	1538.12095	1525.04181
2025-08-08T13:20:37Z	5405.00000	1555.19122	1538.12039	1525.04139
2025-08-08T13:20:38Z	5405.00000	1555.19101	1538.11984	1525.04105
2025-08-08T13:20:38Z	5405.00000	1555.19099	1538.11939	1525.04131
2025-08-08T13:20:38Z	5405.00000	1555.19060	1538.11919	1525.04104
2025-08-08T13:20:38Z	5405.00000	1555.19031	1538.11898	1525.04079
2025-08-08T13:20:38Z	5405.00000	1555.19001	1538.11846	1525.04048
2025-08-08T13:20:38Z	5406.00000	1555.18980	1538.11814	1525.04028
2025-08-08T13:20:38Z	5406.00000	1555.18954	1538.11801	1525.04033
2025-08-08T13:20:38Z	5406.00000	1555.18916	1538.11812	1525.04000
2025-08-08T13:20:38Z	5406.00000	1555.18887	1538.11730	1525.03984
2025-08-08T13:20:38Z	5406.00000	1555.18878	1538.11710	1525.03975
2025-08-08T13:20:39Z	5406.00000	1555.18840	1538.11763	1525.03962
2025-08-08T13:20:39Z	5406.00000	1555.18815	1538.11691	1525.03935
2025-08-08T13:20:39Z	5406.00000	1555.18798	1538.11666	1525.03952
2025-08-08T13:20:39Z	5406.00000	1555.18763	1538.11622	1525.03933
2025-08-08T13:20:39Z	5406.00000	1555.18741	1538.11637	1525.03916
2025-08-08T13:20:39Z	5407.00000	1555.18728	1538.11582	1525.03888
2025-08-08T13:20:39Z	5407.00000	1555.18705	1538.11584	1525.03896
2025-08-08T13:20:39Z	5407.00000	1555.18659	1538.11567	1525.03879
2025-08-08T13:20:39Z	5407.00000	1555.18635	1538.11578	1525.03855
2025-08-08T13:20:39Z	5407.00000	1555.18584	1538.11536	1525.03850
2025-08-08T13:20:40Z	5407.00000	1555.18563	1538.11486	1525.03831
2025-08-08T13:20:40Z	5407.00000	1555.18541	1538.11501	1525.03824
2025-08-08T13:20:40Z	5407.00000	1555.18511	1538.11444	1525.03791
2025-08-08T13:20:40Z	5407.00000	1555.18491	1538.11465	1525.03793
2025-08-08T13:20:40Z	5407.00000	1555.18448	1538.11391	1525.03775
2025-08-08T13:20:40Z	5407.00000	1555.18436	1538.11407	1525.03735
2025-08-08T13:20:40Z	5408.00000	1555.18406	1538.11390	1525.03729
2025-08-08T13:20:40Z	5408.00000	1555.18395	1538.11361	1525.03732
2025-08-08T13:20:40Z	5408.00000	1555.18384	1538.11322	1525.03717
2025-08-08T13:20:40Z	5408.00000	1555.18360	1538.11268	1525.03700
2025-08-08T13:20:41Z	5408.00000	1555.18337	1538.11322	1525.03675
2025-08-08T13:20:41Z	5408.00000	1555.18333	1538.11302	1525.03644
2025-08-08T13:20:41Z	5408.00000	1555.18217	1538.11129	1525.03580
2025-08-08T13:20:41Z	5408.00000	1555.18241	1538.11172	1525.03639
2025-08-08T13:20:41Z	5408.00000	1555.18201	1538.11140	1525.03612
2025-08-08T13:20:41Z	5408.00000	1555.18195	1538.11147	1525.03610
2025-08-08T13:20:41Z	5409.00000	1555.18206	1538.11141	1525.03581
2025-08-08T13:20:41Z	5409.00000	1555.18177	1538.11046	1525.03574
2025-08-08T13:20:41Z	5409.00000	1555.18129	1538.11060	1525.03574
2025-08-08T13:20:41Z	5409.00000	1555.18136	1538.11060	1525.03559
2025-08-08T13:20:42Z	5409.00000	1555.18113	1538.11013	1525.03537
2025-08-08T13:20:42Z	5409.00000	1555.18085	1538.10963	1525.03531
2025-08-08T13:20:42Z	5409.00000	1555.18083	1538.10971	1525.03522
2025-08-08T13:20:42Z	5409.00000	1555.18038	1538.10949	1525.03488
2025-08-08T13:20:42Z	5409.00000	1555.18048	1538.10949	1525.03477
2025-08-08T13:20:42Z	5409.00000	1555.18018	1538.10913	1525.03483
2025-08-08T13:20:42Z	5410.00000	1555.17994	1538.10895	1525.03449
2025-08-08T13:20:42Z	5410.00000	1555.17994	1538.10887	1525.03449
2025-08-08T13:20:42Z	5410.00000	1555.17974	1538.10867	1525.03424
2025-08-08T13:20:42Z	5410.00000	1555.17955	1538.10847	1525.03391
2025-08-08T13:20:43Z	5410.00000	1555.17926	1538.10824	1525.03402
2025-08-08T13:20:43Z	5410.00000	1555.17911	1538.10822	1525.03372
2025-08-08T13:20:43Z	5410.00000	1555.17894	1538.10789	1525.03360
2025-08-08T13:20:43Z	5410.00000	1555.17881	1538.10770	1525.03347
2025-08-08T13:20:43Z	5410.00000	1555.17876	1538.10732	1525.03332
2025-08-08T13:20:43Z	5410.00000	1555.17853	1538.10727	1525.03318
2025-08-08T13:20:43Z	5411.00000	1555.17836	1538.10700	1525.03304
2025-08-08T13:20:43Z	5411.00000	1555.17831	1538.10683	1525.03288
2025-08-08T13:20:43Z	5411.00000	1555.56588	1538.46763	1525.24539
2025-08-08T13:20:43Z	5411.00000	1555.90349	1538.78464	1525.42852
2025-08-08T13:20:44Z	5411.00000	1556.29286	1539.14743	1525.63720
2025-08-08T13:20:44Z	5411.00000	1556.87358	1539.68766	1525.94723
2025-08-08T13:20:44Z	5411.00000	1557.10414	1539.90574	1526.07439
2025-08-08T13:20:44Z	5411.00000	1557.33136	1540.11669	1526.19649
2025-08-08T13:20:44Z	5411.00000	1557.55877	1540.33143	1526.31884
2025-08-08T13:20:44Z	5412.00000	1557.78153	1540.54264	1526.44251
2025-08-08T13:20:44Z	5412.00000	1558.08624	1540.82776	1526.60736
2025-08-08T13:20:44Z	5412.00000	1558.34520	1541.07345	1526.74822
2025-08-08T13:20:44Z	5412.00000	1558.60090	1541.31631	1526.88726
2025-08-08T13:20:45Z	5412.00000	1558.90405	1541.60217	1527.05417
2025-08-08T13:20:45Z	5412.00000	1559.17218	1541.86246	1527.20327
2025-08-08T13:20:45Z	5412.00000	1559.42640	1542.10569	1527.34593
2025-08-08T13:20:45Z	5412.00000	1559.68963	1542.36272	1527.49215
2025-08-08T13:20:45Z	5412.00000	1560.02388	1542.67906	1527.67712
2025-08-08T13:20:45Z	5413.00000	1560.22820	1542.87919	1527.79314
2025-08-08T13:20:45Z	5413.00000	1560.46586	1543.11224	1527.92943
2025-08-08T13:20:45Z	5413.00000	1560.67029	1543.28839	1528.03912
2025-08-08T13:20:45Z	5413.00000	1560.67587	1543.28394	1528.04238
2025-08-08T13:20:45Z	5413.00000	1560.67778	1543.28179	1528.04356
2025-08-08T13:20:46Z	5413.00000	1560.67942	1543.28037	1528.04466
2025-08-08T13:20:46Z	5413.00000	1560.68076	1543.27888	1528.04598
2025-08-08T13:20:46Z	5413.00000	1560.68210	1543.27887	1528.04660
2025-08-08T13:20:46Z	5413.00000	1560.68248	1543.27842	1528.04716
2025-08-08T13:20:46Z	5413.00000	1560.68321	1543.27827	1528.04760
2025-08-08T13:20:46Z	5413.00000	1560.68384	1543.27804	1528.04810
2025-08-08T13:20:46Z	5414.00000	1560.68421	1543.27811	1528.04874
2025-08-08T13:20:46Z	5414.00000	1560.68468	1543.27796	1528.04916
2025-08-08T13:20:46Z	5414.00000	1560.68533	1543.27747	1528.04960
2025-08-08T13:20:46Z	5414.00000	1560.68555	1543.27776	1528.05016
2025-08-08T13:20:47Z	5414.00000	1560.68658	1543.27824	1528.05071
2025-08-08T13:20:47Z	5414.00000	1560.68717	1543.27786	1528.05117
2025-08-08T13:20:47Z	5414.00000	1560.68791	1543.27801	1528.05151
2025-08-08T13:20:47Z	5414.00000	1560.68791	1543.27825	1528.05188
2025-08-08T13:20:47Z	5414.00000	1560.68811	1543.27852	1528.05217
2025-08-08T13:20:47Z	5415.00000	1560.68878	1543.27867	1528.05237
2025-08-08T13:20:47Z	5415.00000	1560.68923	1543.27876	1528.05281
2025-08-08T13:20:47Z	5415.00000	1560.68949	1543.27870	1528.05309
2025-08-08T13:20:47Z	5415.00000	1560.68977	1543.27893	1528.05353
2025-08-08T13:20:48Z	5415.00000	1560.69010	1543.27911	1528.05373
2025-08-08T13:20:48Z	5415.00000	1560.69026	1543.27877	1528.05391
2025-08-08T13:20:48Z	5415.00000	1560.69086	1543.27914	1528.05464
2025-08-08T13:20:48Z	5415.00000	1560.69104	1543.27953	1528.05494
2025-08-08T13:20:48Z	5415.00000	1560.69121	1543.27946	1528.05518
2025-08-08T13:20:48Z	5416.00000	1560.60033	1543.12399	1528.04050
2025-08-08T13:20:48Z	5416.00000	1558.67571	1541.35676	1526.93841
2025-08-08T13:20:48Z	5416.00000	1558.35365	1541.05800	1526.75949
2025-08-08T13:20:48Z	5416.00000	1558.08341	1540.80893	1526.61027
2025-08-08T13:20:49Z	5416.00000	1557.73768	1540.48664	1526.41895
2025-08-08T13:20:49Z	5416.00000	1557.41814	1540.19220	1526.24187
2025-08-08T13:20:49Z	5416.00000	1557.22485	1540.01436	1526.13415
2025-08-08T13:20:49Z	5416.00000	1556.95728	1539.76405	1525.98976
2025-08-08T13:20:49Z	5416.00000	1556.69921	1539.52537	1525.84893
2025-08-08T13:20:49Z	5417.00000	1556.51739	1539.35744	1525.74801
2025-08-08T13:20:49Z	5417.00000	1556.29865	1539.15712	1525.63653
2025-08-08T13:20:49Z	5417.00000	1556.12922	1539.00061	1525.54562
2025-08-08T13:20:49Z	5417.00000	1555.88515	1538.77343	1525.41789
2025-08-08T13:20:49Z	5417.00000	1555.71396	1538.61157	1525.32570
2025-08-08T13:20:50Z	5417.00000	1555.32376	1538.25099	1525.11597
2025-08-08T13:20:50Z	5417.00000	1555.26898	1538.20217	1525.08715
2025-08-08T13:20:50Z	5417.00000	1555.26349	1538.19624	1525.08488
2025-08-08T13:20:50Z	5417.00000	1555.25889	1538.19235	1525.08233
2025-08-08T13:20:50Z	5418.00000	1555.25309	1538.18637	1525.07869
2025-08-08T13:20:50Z	5418.00000	1555.25057	1538.18308	1525.07704
2025-08-08T13:20:50Z	5418.00000	1555.24724	1538.17975	1525.07552
2025-08-08T13:20:50Z	5418.00000	1555.24474	1538.17750	1525.07409
2025-08-08T13:20:51Z	5418.00000	1555.24140	1538.17461	1525.07305
2025-08-08T13:20:51Z	5418.00000	1555.23963	1538.17267	1525.07141
2025-08-08T13:20:51Z	5418.00000	1555.23717	1538.17051	1525.06977
2025-08-08T13:20:51Z	5418.00000	1555.23586	1538.16865	1525.06874
2025-08-08T13:20:51Z	5418.00000	1555.23331	1538.16578	1525.06658
2025-08-08T13:20:51Z	5419.00000	1555.23140	1538.16381	1525.06585
2025-08-08T13:20:51Z	5419.00000	1555.22983	1538.16258	1525.06548
2025-08-08T13:20:51Z	5419.00000	1555.22705	1538.16029	1525.06397
2025-08-08T13:20:52Z	5419.00000	1555.22490	1538.15781	1525.06280
2025-08-08T13:20:52Z	5419.00000	1555.22386	1538.15660	1525.06229
2025-08-08T13:20:52Z	5419.00000	1555.22306	1538.15542	1525.06139
2025-08-08T13:20:52Z	5419.00000	1555.22200	1538.15432	1525.06088
2025-08-08T13:20:52Z	5419.00000	1555.22075	1538.15267	1525.05975
2025-08-08T13:20:52Z	5420.00000	1555.21943	1538.15095	1525.05894
2025-08-08T13:20:52Z	5420.00000	1555.21856	1538.14991	1525.05801
2025-08-08T13:20:52Z	5420.00000	1555.21756	1538.14947	1525.05763
2025-08-08T13:20:52Z	5420.00000	1555.21668	1538.14883	1525.05680
2025-08-08T13:20:52Z	5420.00000	1555.21597	1538.14770	1525.05632
2025-08-08T13:20:53Z	5420.00000	1555.21471	1538.14705	1525.05575
2025-08-08T13:20:53Z	5420.00000	1555.21365	1538.14559	1525.05502
2025-08-08T13:20:53Z	5420.00000	1555.21296	1538.14524	1525.05474
2025-08-08T13:20:53Z	5420.00000	1555.21183	1538.14314	1525.05429
2025-08-08T13:20:53Z	5420.00000	1555.21067	1538.14159	1525.05367
2025-08-08T13:20:53Z	5421.00000	1555.20969	1538.14072	1525.05301
2025-08-08T13:20:53Z	5421.00000	1555.20912	1538.14004	1525.05260
2025-08-08T13:20:53Z	5421.00000	1555.20819	1538.13913	1525.05204
2025-08-08T13:20:53Z	5421.00000	1555.20800	1538.13835	1525.05186
2025-08-08T13:20:54Z	5421.00000	1555.20730	1538.13767	1525.05139
2025-08-08T13:20:54Z	5421.00000	1555.20682	1538.13689	1525.05095
2025-08-08T13:20:54Z	5421.00000	1555.20621	1538.13629	1525.05055
2025-08-08T13:20:54Z	5421.00000	1555.20581	1538.13569	1525.05020
2025-08-08T13:20:54Z	5421.00000	1555.20519	1538.13490	1525.04991
2025-08-08T13:20:54Z	5422.00000	1555.20453	1538.13396	1525.04952
2025-08-08T13:20:54Z	5422.00000	1555.20415	1538.13365	1525.04917
2025-08-08T13:20:54Z	5422.00000	1555.23309	1538.16370	1525.06233
2025-08-08T13:20:54Z	5422.00000	1555.76813	1538.65904	1525.35578
2025-08-08T13:20:55Z	5422.00000	1556.05996	1538.93423	1525.51387
2025-08-08T13:20:55Z	5422.00000	1556.35076	1539.20230	1525.66798
2025-08-08T13:20:55Z	5422.00000	1556.97150	1539.78040	1526.00300
2025-08-08T13:20:55Z	5422.00000	1557.29520	1540.08633	1526.17791
2025-08-08T13:20:55Z	5422.00000	1557.56425	1540.33927	1526.32246
2025-08-08T13:20:55Z	5423.00000	1557.91894	1540.67131	1526.51567
2025-08-08T13:20:55Z	5423.00000	1558.26591	1540.99942	1526.70575
2025-08-08T13:20:55Z	5423.00000	1558.52396	1541.24245	1526.84715
2025-08-08T13:20:55Z	5423.00000	1558.74030	1541.45009	1526.96697
2025-08-08T13:20:56Z	5423.00000	1559.01217	1541.70934	1527.11476
2025-08-08T13:20:56Z	5423.00000	1559.30686	1541.99498	1527.27929
2025-08-08T13:20:56Z	5423.00000	1559.52340	1542.20167	1527.40167
2025-08-08T13:20:56Z	5423.00000	1559.82661	1542.48966	1527.57037
2025-08-08T13:20:56Z	5423.00000	1560.23739	1542.88826	1527.80001
2025-08-08T13:20:56Z	5424.00000	1560.51605	1543.15720	1527.95637
2025-08-08T13:20:56Z	5424.00000	1560.67473	1543.29600	1528.04147
2025-08-08T13:20:56Z	5424.00000	1560.68156	1543.28748	1528.04541
2025-08-08T13:20:56Z	5424.00000	1560.68411	1543.28444	1528.04742
2025-08-08T13:20:57Z	5424.00000	1560.68534	1543.28343	1528.04847
2025-08-08T13:20:57Z	5424.00000	1560.68640	1543.28236	1528.04930
2025-08-08T13:20:57Z	5424.00000	1560.68740	1543.28179	1528.04977
2025-08-08T13:20:57Z	5424.00000	1560.68819	1543.28128	1528.05033
2025-08-08T13:20:57Z	5424.00000	1560.68848	1543.28098	1528.05078
2025-08-08T13:20:57Z	5425.00000	1560.68920	1543.28129	1528.05106
2025-08-08T13:20:57Z	5425.00000	1560.68947	1543.28101	1528.05168
2025-08-08T13:20:57Z	5425.00000	1560.68974	1543.28042	1528.05216
2025-08-08T13:20:57Z	5425.00000	1560.69047	1543.28101	1528.05239
2025-08-08T13:20:57Z	5425.00000	1560.69071	1543.28049	1528.05270
2025-08-08T13:20:58Z	5425.00000	1560.69119	1543.28083	1528.05325
2025-08-08T13:20:58Z	5425.00000	1560.69157	1543.28047	1528.05373
2025-08-08T13:20:58Z	5425.00000	1560.69178	1543.28100	1528.05406
2025-08-08T13:20:58Z	5425.00000	1560.69208	1543.28069	1528.05447
2025-08-08T13:20:58Z	5425.00000	1560.69231	1543.28067	1528.05479
2025-08-08T13:20:58Z	5426.00000	1560.69261	1543.28111	1528.05511
2025-08-08T13:20:58Z	5426.00000	1560.69291	1543.28080	1528.05544
2025-08-08T13:20:58Z	5426.00000	1560.69299	1543.28107	1528.05563
2025-08-08T13:20:59Z	5426.00000	1560.69372	1543.28105	1528.05612
2025-08-08T13:20:59Z	5426.00000	1560.69402	1543.28106	1528.05644
2025-08-08T13:20:59Z	5426.00000	1560.69409	1543.28126	1528.05707
2025-08-08T13:20:59Z	5426.00000	1560.69443	1543.28125	1528.05731
2025-08-08T13:20:59Z	5426.00000	1560.69447	1543.28167	1528.05710
2025-08-08T13:20:59Z	5427.00000	1560.69473	1543.28156	1528.05745
2025-08-08T13:20:59Z	5427.00000	1558.71363	1541.38894	1526.95864
2025-08-08T13:20:59Z	5427.00000	1558.33418	1541.04144	1526.75018
2025-08-08T13:20:59Z	5427.00000	1558.11033	1540.83345	1526.62615
2025-08-08T13:21:00Z	5427.00000	1557.85876	1540.59846	1526.48387
2025-08-08T13:21:00Z	5427.00000	1557.57794	1540.34005	1526.32857
2025-08-08T13:21:00Z	5427.00000	1557.34385	1540.12150	1526.20027
2025-08-08T13:21:00Z	5427.00000	1557.11338	1539.91129	1526.07637
2025-08-08T13:21:00Z	5427.00000	1556.85265	1539.66893	1525.93193
2025-08-08T13:21:00Z	5427.00000	1556.62928	1539.46285	1525.81125
2025-08-08T13:21:00Z	5428.00000	1556.41036	1539.26227	1525.69448
2025-08-08T13:21:00Z	5428.00000	1556.16647	1539.03541	1525.56570
2025-08-08T13:21:00Z	5428.00000	1555.95783	1538.84095	1525.45810
2025-08-08T13:21:00Z	5428.00000	1555.72126	1538.61930	1525.33049
2025-08-08T13:21:01Z	5428.00000	1555.48871	1538.40405	1525.20380
2025-08-08T13:21:01Z	5428.00000	1555.28725	1538.21995	1525.09784
2025-08-08T13:21:01Z	5428.00000	1555.28042	1538.21217	1525.09413
2025-08-08T13:21:01Z	5428.00000	1555.26843	1538.20248	1525.08825
2025-08-08T13:21:01Z	5428.00000	1555.26601	1538.19905	1525.08674
2025-08-08T13:21:01Z	5429.00000	1555.26075	1538.19401	1525.08441
2025-08-08T13:21:01Z	5429.00000	1555.25467	1538.18894	1525.08077
2025-08-08T13:21:01Z	5429.00000	1555.25308	1538.18661	1525.07945
2025-08-08T13:21:02Z	5429.00000	1555.25103	1538.18387	1525.07821
2025-08-08T13:21:02Z	5429.00000	1555.24885	1538.18222	1525.07697
2025-08-08T13:21:02Z	5429.00000	1555.24712	1538.18012	1525.07593
2025-08-08T13:21:02Z	5429.00000	1555.24378	1538.17714	1525.07472
2025-08-08T13:21:02Z	5429.00000	1555.24225	1538.17575	1525.07393
2025-08-08T13:21:02Z	5429.00000	1555.24063	1538.17371	1525.07308
2025-08-08T13:21:02Z	5430.00000	1555.23852	1538.17189	1525.07149
2025-08-08T13:21:02Z	5430.00000	1555.23697	1538.17026	1525.07022
2025-08-08T13:21:02Z	5430.00000	1555.23592	1538.16889	1525.06929
2025-08-08T13:21:02Z	5430.00000	1555.23523	1538.16775	1525.06879
2025-08-08T13:21:03Z	5430.00000	1555.23387	1538.16670	1525.06780
2025-08-08T13:21:03Z	5430.00000	1555.23217	1538.16487	1525.06678
2025-08-08T13:21:03Z	5430.00000	1555.23062	1538.16395	1525.06609
2025-08-08T13:21:03Z	5430.00000	1555.22950	1538.16304	1525.06553
2025-08-08T13:21:03Z	5430.00000	1555.22825	1538.16159	1525.06495
2025-08-08T13:21:03Z	5430.00000	1555.22666	1538.16014	1525.06430
2025-08-08T13:21:03Z	5431.00000	1555.22560	1538.15877	1525.06377
2025-08-08T13:21:03Z	5431.00000	1555.22492	1538.15755	1525.06332
2025-08-08T13:21:03Z	5431.00000	1555.22404	1538.15672	1525.06276
2025-08-08T13:21:03Z	5431.00000	1555.22288	1538.15587	1525.06211
2025-08-08T13:21:04Z	5431.00000	1555.22212	1538.15474	1525.06148
2025-08-08T13:21:04Z	5431.00000	1555.22130	1538.15350	1525.06072
2025-08-08T13:21:04Z	5431.00000	1555.22025	1538.15247	1525.06015
2025-08-08T13:21:04Z	5431.00000	1555.21942	1538.15127	1525.05945
2025-08-08T13:21:04Z	5432.00000	1555.21827	1538.15002	1525.05854
2025-08-08T13:21:04Z	5432.00000	1555.21740	1538.14975	1525.05816
2025-08-08T13:21:04Z	5432.00000	1555.21685	1538.14901	1525.05782
2025-08-08T13:21:04Z	5432.00000	1555.21572	1538.14828	1525.05688
2025-08-08T13:21:04Z	5432.00000	1555.21495	1538.14773	1525.05649
2025-08-08T13:21:05Z	5432.00000	1555.21428	1538.14658	1525.05575
2025-08-08T13:21:05Z	5432.00000	1555.21366	1538.14569	1525.05545
2025-08-08T13:21:05Z	5432.00000	1555.21260	1538.14370	1525.05495
2025-08-08T13:21:05Z	5432.00000	1555.21186	1538.14293	1525.05472
2025-08-08T13:21:05Z	5432.00000	1555.21102	1538.14223	1525.05440
2025-08-08T13:21:05Z	5432.00000	1555.21034	1538.14134	1525.05399
2025-08-08T13:21:05Z	5433.00000	1555.20997	1538.14121	1525.05370
2025-08-08T13:21:05Z	5433.00000	1555.20908	1538.14001	1525.05332
2025-08-08T13:21:05Z	5433.00000	1555.53991	1538.44564	1525.23079
2025-08-08T13:21:05Z	5433.00000	1555.78204	1538.67229	1525.36278
2025-08-08T13:21:06Z	5433.00000	1556.07433	1538.94875	1525.52216
2025-08-08T13:21:06Z	5433.00000	1556.36941	1539.22085	1525.67909
2025-08-08T13:21:06Z	5433.00000	1556.75634	1539.58057	1525.88645
2025-08-08T13:21:06Z	5433.00000	1556.99162	1539.80183	1526.01505
2025-08-08T13:21:06Z	5433.00000	1557.26691	1540.06034	1526.16308
2025-08-08T13:21:06Z	5433.00000	1557.63645	1540.40889	1526.36432
2025-08-08T13:21:06Z	5434.00000	1557.99149	1540.74101	1526.55559
2025-08-08T13:21:06Z	5434.00000	1558.25229	1540.98742	1526.69885
2025-08-08T13:21:06Z	5434.00000	1558.55766	1541.27771	1526.86621
2025-08-08T13:21:06Z	5434.00000	1558.81834	1541.52342	1527.01109
2025-08-08T13:21:07Z	5434.00000	1559.28111	1541.96694	1527.26597
2025-08-08T13:21:07Z	5434.00000	1559.49892	1542.17913	1527.38919
2025-08-08T13:21:07Z	5434.00000	1559.71416	1542.38741	1527.50785
2025-08-08T13:21:07Z	5434.00000	1560.05154	1542.70962	1527.69401
2025-08-08T13:21:07Z	5434.00000	1560.25687	1542.90704	1527.81129
2025-08-08T13:21:07Z	5435.00000	1560.49476	1543.13734	1527.94531
2025-08-08T13:21:07Z	5435.00000	1560.67364	1543.29708	1528.04496
2025-08-08T13:21:07Z	5435.00000	1560.68204	1543.28983	1528.04850
2025-08-08T13:21:07Z	5435.00000	1560.68395	1543.28777	1528.04941
2025-08-08T13:21:08Z	5435.00000	1560.68540	1543.28657	1528.05017
2025-08-08T13:21:08Z	5435.00000	1560.68680	1543.28564	1528.05087
2025-08-08T13:21:08Z	5435.00000	1560.68789	1543.28466	1528.05166
2025-08-08T13:21:08Z	5435.00000	1560.68873	1543.28415	1528.05221
2025-08-08T13:21:08Z	5435.00000	1560.68933	1543.28419	1528.05258
2025-08-08T13:21:08Z	5435.00000	1560.68965	1543.28352	1528.05310
2025-08-08T13:21:08Z	5436.00000	1560.69006	1543.28367	1528.05357
2025-08-08T13:21:08Z	5436.00000	1560.69073	1543.28285	1528.05422
2025-08-08T13:21:08Z	5436.00000	1560.69117	1543.28304	1528.05454
2025-08-08T13:21:08Z	5436.00000	1560.69149	1543.28282	1528.05503
2025-08-08T13:21:09Z	5436.00000	1560.69174	1543.28282	1528.05532
2025-08-08T13:21:09Z	5436.00000	1560.69222	1543.28293	1528.05581
2025-08-08T13:21:09Z	5436.00000	1560.69272	1543.28330	1528.05643
2025-08-08T13:21:09Z	5436.00000	1560.69287	1543.28297	1528.05653
2025-08-08T13:21:09Z	5436.00000	1560.69314	1543.28330	1528.05711
2025-08-08T13:21:09Z	5437.00000	1560.69340	1543.28347	1528.05715
2025-08-08T13:21:09Z	5437.00000	1560.69373	1543.28289	1528.05765
2025-08-08T13:21:09Z	5437.00000	1560.69395	1543.28337	1528.05777
2025-08-08T13:21:09Z	5437.00000	1560.69402	1543.28337	1528.05805
2025-08-08T13:21:10Z	5437.00000	1560.69437	1543.28359	1528.05833
2025-08-08T13:21:10Z	5437.00000	1560.69476	1543.28384	1528.05878
2025-08-08T13:21:10Z	5437.00000	1560.69490	1543.28409	1528.05902
2025-08-08T13:21:10Z	5437.00000	1560.69499	1543.28423	1528.05923
2025-08-08T13:21:10Z	5438.00000	1560.69560	1543.28387	1528.05896
2025-08-08T13:21:10Z	5438.00000	1560.17520	1542.70355	1527.79871
2025-08-08T13:21:10Z	5438.00000	1558.69448	1541.37275	1526.94926
2025-08-08T13:21:10Z	5438.00000	1558.36772	1541.07439	1526.76851
2025-08-08T13:21:10Z	5438.00000	1558.01349	1540.74279	1526.57092
2025-08-08T13:21:11Z	5438.00000	1557.80578	1540.55207	1526.45748
2025-08-08T13:21:11Z	5438.00000	1557.48669	1540.25420	1526.27905
2025-08-08T13:21:11Z	5438.00000	1557.29046	1540.07430	1526.17215
2025-08-08T13:21:11Z	5438.00000	1557.05941	1539.86217	1526.04795
2025-08-08T13:21:11Z	5438.00000	1556.87439	1539.68889	1525.94461
2025-08-08T13:21:11Z	5438.00000	1556.65159	1539.48318	1525.82335
2025-08-08T13:21:11Z	5439.00000	1556.43129	1539.28195	1525.70532
2025-08-08T13:21:11Z	5439.00000	1556.06984	1538.94775	1525.51680
2025-08-08T13:21:11Z	5439.00000	1555.75845	1538.65534	1525.35059
2025-08-08T13:21:12Z	5439.00000	1555.55913	1538.46936	1525.24427
2025-08-08T13:21:12Z	5439.00000	1555.39605	1538.31975	1525.15530
2025-08-08T13:21:12Z	5439.00000	1555.28726	1538.22034	1525.09862
2025-08-08T13:21:12Z	5439.00000	1555.28285	1538.21551	1525.09652
2025-08-08T13:21:12Z	5439.00000	1555.27706	1538.21032	1525.09331
2025-08-08T13:21:12Z	5440.00000	1555.26781	1538.20179	1525.08833
2025-08-08T13:21:12Z	5440.00000	1555.26187	1538.19564	1525.08523
2025-08-08T13:21:12Z	5440.00000	1555.25861	1538.19279	1525.08371
2025-08-08T13:21:12Z	5440.00000	1555.25616	1538.19035	1525.08215
2025-08-08T13:21:13Z	5440.00000	1555.25379	1538.18770	1525.08060
2025-08-08T13:21:13Z	5440.00000	1555.25235	1538.18607	1525.07955
2025-08-08T13:21:13Z	5440.00000	1555.25058	1538.18377	1525.07819
2025-08-08T13:21:13Z	5440.00000	1555.24854	1538.18177	1525.07714
2025-08-08T13:21:13Z	5440.00000	1555.24604	1538.17916	1525.07598
2025-08-08T13:21:13Z	5441.00000	1555.24361	1538.17714	1525.07504
2025-08-08T13:21:13Z	5441.00000	1555.24174	1538.17546	1525.07387
2025-08-08T13:21:13Z	5441.00000	1555.23972	1538.17338	1525.07272
2025-08-08T13:21:13Z	5441.00000	1555.23770	1538.17103	1525.07103
2025-08-08T13:21:14Z	5441.00000	1555.23676	1538.17005	1525.07054
2025-08-08T13:21:14Z	5441.00000	1555.23569	1538.16859	1525.06950
2025-08-08T13:21:14Z	5441.00000	1555.23422	1538.16687	1525.06831
2025-08-08T13:21:14Z	5441.00000	1555.23298	1538.16558	1525.06761
2025-08-08T13:21:14Z	5441.00000	1555.23120	1538.16421	1525.06678
2025-08-08T13:21:14Z	5442.00000	1555.22970	1538.16307	1525.06604
2025-08-08T13:21:14Z	5442.00000	1555.22842	1538.16223	1525.06553
2025-08-08T13:21:14Z	5442.00000	1555.22756	1538.16129	1525.06501
2025-08-08T13:21:14Z	5442.00000	1555.22657	1538.16004	1525.06448
2025-08-08T13:21:15Z	5442.00000	1555.22546	1538.15874	1525.06399
2025-08-08T13:21:15Z	5442.00000	1555.22477	1538.15780	1525.06340
2025-08-08T13:21:15Z	5442.00000	1555.22401	1538.15687	1525.06312
2025-08-08T13:21:15Z	5442.00000	1555.22343	1538.15620	1525.06251
2025-08-08T13:21:15Z	5442.00000	1555.22261	1538.15534	1525.06210
2025-08-08T13:21:15Z	5442.00000	1555.22183	1538.15426	1525.06151
2025-08-08T13:21:15Z	5443.00000	1555.22095	1538.15327	1525.06096
2025-08-08T13:21:15Z	5443.00000	1555.22052	1538.15257	1525.06043
2025-08-08T13:21:15Z	5443.00000	1555.21964	1538.15181	1525.05989
2025-08-08T13:21:15Z	5443.00000	1555.21863	1538.15044	1525.05917
2025-08-08T13:21:16Z	5443.00000	1555.21829	1538.15006	1525.05896
2025-08-08T13:21:16Z	5443.00000	1555.21736	1538.14952	1525.05839
2025-08-08T13:21:16Z	5443.00000	1555.21648	1538.14889	1525.05789
2025-08-08T13:21:16Z	5443.00000	1555.21577	1538.14807	1525.05735
2025-08-08T13:21:16Z	5443.00000	1555.21521	1538.14746	1525.05664
2025-08-08T13:21:16Z	5443.00000	1555.21432	1538.14661	1525.05622
2025-08-08T13:21:16Z	5444.00000	1555.21355	1538.14637	1525.05595
2025-08-08T13:21:16Z	5444.00000	1555.21282	1538.14537	1525.05543
2025-08-08T13:21:16Z	5444.00000	1555.48048	1538.39086	1525.19663
2025-08-08T13:21:16Z	5444.00000	1555.87050	1538.75768	1525.41372
2025-08-08T13:21:17Z	5444.00000	1556.11632	1538.98706	1525.54423
2025-08-08T13:21:17Z	5444.00000	1556.41316	1539.26309	1525.70135
2025-08-08T13:21:17Z	5444.00000	1556.79076	1539.61489	1525.90554
2025-08-08T13:21:17Z	5444.00000	1557.17063	1539.97007	1526.11072
2025-08-08T13:21:17Z	5444.00000	1557.48916	1540.26704	1526.28311
2025-08-08T13:21:17Z	5445.00000	1557.84478	1540.60230	1526.47694
2025-08-08T13:21:17Z	5445.00000	1558.28237	1541.01551	1526.71595
2025-08-08T13:21:17Z	5445.00000	1558.49742	1541.21823	1526.83454
2025-08-08T13:21:17Z	5445.00000	1558.71133	1541.42076	1526.95238
2025-08-08T13:21:18Z	5445.00000	1559.01354	1541.71139	1527.11795
2025-08-08T13:21:18Z	5445.00000	1559.22407	1541.91389	1527.23496
2025-08-08T13:21:18Z	5445.00000	1559.48165	1542.16498	1527.38138
2025-08-08T13:21:18Z	5445.00000	1559.82558	1542.48968	1527.57114
2025-08-08T13:21:18Z	5445.00000	1560.03341	1542.68756	1527.68455
2025-08-08T13:21:18Z	5446.00000	1560.35740	1543.00154	1527.86784
2025-08-08T13:21:18Z	5446.00000	1560.61969	1543.26231	1528.01304
2025-08-08T13:21:18Z	5446.00000	1560.67978	1543.29469	1528.04659
2025-08-08T13:21:18Z	5446.00000	1560.68326	1543.29115	1528.04861
2025-08-08T13:21:18Z	5446.00000	1560.68546	1543.28899	1528.04988
2025-08-08T13:21:19Z	5446.00000	1560.68726	1543.28770	1528.05066
2025-08-08T13:21:19Z	5446.00000	1560.68848	1543.28673	1528.05163
2025-08-08T13:21:19Z	5446.00000	1560.68930	1543.28544	1528.05252
2025-08-08T13:21:19Z	5446.00000	1560.69043	1543.28470	1528.05318
2025-08-08T13:21:19Z	5446.00000	1560.69070	1543.28483	1528.05347
2025-08-08T13:21:19Z	5446.00000	1560.69086	1543.28461	1528.05395
2025-08-08T13:21:19Z	5447.00000	1560.69146	1543.28426	1528.05425
2025-08-08T13:21:19Z	5447.00000	1560.69194	1543.28436	1528.05494
2025-08-08T13:21:19Z	5447.00000	1560.69253	1543.28365	1528.05535
2025-08-08T13:21:19Z	5447.00000	1560.69294	1543.28413	1528.05587
2025-08-08T13:21:20Z	5447.00000	1560.69317	1543.28348	1528.05625
2025-08-08T13:21:20Z	5447.00000	1560.69343	1543.28394	1528.05658
2025-08-08T13:21:20Z	5447.00000	1560.69386	1543.28400	1528.05676
2025-08-08T13:21:20Z	5447.00000	1560.69394	1543.28372	1528.05716
2025-08-08T13:21:20Z	5447.00000	1560.69430	1543.28424	1528.05746
2025-08-08T13:21:20Z	5447.00000	1560.69476	1543.28420	1528.05779
2025-08-08T13:21:20Z	5448.00000	1560.69498	1543.28422	1528.05798
2025-08-08T13:21:20Z	5448.00000	1560.69533	1543.28477	1528.05831
2025-08-08T13:21:20Z	5448.00000	1560.69528	1543.28443	1528.05856
2025-08-08T13:21:20Z	5448.00000	1560.69570	1543.28497	1528.05878
2025-08-08T13:21:21Z	5448.00000	1560.69574	1543.28432	1528.05896
2025-08-08T13:21:21Z	5448.00000	1560.69597	1543.28468	1528.05905
2025-08-08T13:21:21Z	5448.00000	1560.69614	1543.28452	1528.05930
2025-08-08T13:21:21Z	5448.00000	1560.69633	1543.28454	1528.05939
2025-08-08T13:21:21Z	5448.00000	1560.69643	1543.28476	1528.05966
2025-08-08T13:21:21Z	5448.00000	1560.69625	1543.28499	1528.05989
2025-08-08T13:21:21Z	5449.00000	1559.32985	1541.94347	1527.29831
2025-08-08T13:21:21Z	5449.00000	1558.59534	1541.28525	1526.89498
2025-08-08T13:21:21Z	5449.00000	1558.33681	1541.04365	1526.75181
2025-08-08T13:21:21Z	5449.00000	1558.02855	1540.75606	1526.57858
2025-08-08T13:21:22Z	5449.00000	1557.69244	1540.44483	1526.39368
2025-08-08T13:21:22Z	5449.00000	1557.37464	1540.15047	1526.21861
2025-08-08T13:21:22Z	5449.00000	1556.95428	1539.76260	1525.98889
2025-08-08T13:21:22Z	5449.00000	1556.76717	1539.59056	1525.88724
2025-08-08T13:21:22Z	5450.00000	1556.47376	1539.32031	1525.72698
2025-08-08T13:21:22Z	5450.00000	1556.29226	1539.15311	1525.63443
2025-08-08T13:21:22Z	5450.00000	1556.08687	1538.96444	1525.52599
2025-08-08T13:21:22Z	5450.00000	1555.84451	1538.73731	1525.39642
2025-08-08T13:21:22Z	5450.00000	1555.67688	1538.57891	1525.30751
2025-08-08T13:21:23Z	5450.00000	1555.50987	1538.42428	1525.21626
2025-08-08T13:21:23Z	5450.00000	1555.34809	1538.27567	1525.13051
2025-08-08T13:21:23Z	5450.00000	1555.28568	1538.21927	1525.09798
2025-08-08T13:21:23Z	5450.00000	1555.28146	1538.21398	1525.09568
2025-08-08T13:21:23Z	5450.00000	1555.27667	1538.20989	1525.09317
2025-08-08T13:21:23Z	5450.00000	1555.27122	1538.20567	1525.09049
2025-08-08T13:21:23Z	5451.00000	1555.26757	1538.20153	1525.08833
2025-08-08T13:21:23Z	5451.00000	1555.26547	1538.19884	1525.08720
2025-08-08T13:21:23Z	5451.00000	1555.26255	1538.19610	1525.08574
2025-08-08T13:21:23Z	5451.00000	1555.25943	1538.19365	1525.08436
2025-08-08T13:21:24Z	5451.00000	1555.25684	1538.19106	1525.08282
2025-08-08T13:21:24Z	5451.00000	1555.25422	1538.18874	1525.08095
2025-08-08T13:21:24Z	5451.00000	1555.25231	1538.18588	1525.07941
2025-08-08T13:21:24Z	5451.00000	1555.25092	1538.18423	1525.07863
2025-08-08T13:21:24Z	5451.00000	1555.24943	1538.18288	1525.07780
2025-08-08T13:21:24Z	5451.00000	1555.24764	1538.18086	1525.07671
2025-08-08T13:21:24Z	5452.00000	1555.24625	1538.17942	1525.07619
2025-08-08T13:21:24Z	5452.00000	1555.24478	1538.17812	1525.07579
2025-08-08T13:21:24Z	5452.00000	1555.24165	1538.17569	1525.07381
2025-08-08T13:21:24Z	5452.00000	1555.24055	1538.17447	1525.07325
2025-08-08T13:21:25Z	5452.00000	1555.23952	1538.17318	1525.07238
2025-08-08T13:21:25Z	5452.00000	1555.23817	1538.17158	1525.07142
2025-08-08T13:21:25Z	5452.00000	1555.23712	1538.17073	1525.07099
2025-08-08T13:21:25Z	5452.00000	1555.23607	1538.16938	1525.06994
2025-08-08T13:21:25Z	5452.00000	1555.23548	1538.16827	1525.06945
2025-08-08T13:21:25Z	5452.00000	1555.23443	1538.16746	1525.06868
2025-08-08T13:21:25Z	5453.00000	1555.23338	1538.16646	1525.06799
2025-08-08T13:21:25Z	5453.00000	1555.23217	1538.16567	1525.06746
2025-08-08T13:21:25Z	5453.00000	1555.23069	1538.16417	1525.06669
2025-08-08T13:21:25Z	5453.00000	1555.22935	1538.16257	1525.06595
2025-08-08T13:21:26Z	5453.00000	1555.22803	1538.16153	1525.06535
2025-08-08T13:21:26Z	5453.00000	1555.22693	1538.16073	1525.06501
2025-08-08T13:21:26Z	5453.00000	1555.22595	1538.15949	1525.06437
2025-08-08T13:21:26Z	5453.00000	1555.22525	1538.15833	1525.06378
2025-08-08T13:21:26Z	5453.00000	1555.22449	1538.15741	1525.06350
2025-08-08T13:21:26Z	5454.00000	1555.22358	1538.15659	1525.06307
2025-08-08T13:21:26Z	5454.00000	1555.22280	1538.15535	1525.06226
2025-08-08T13:21:26Z	5454.00000	1555.22233	1538.15466	1525.06158
2025-08-08T13:21:26Z	5454.00000	1555.22172	1538.15408	1525.06141
2025-08-08T13:21:26Z	5454.00000	1555.22110	1538.15340	1525.06089
2025-08-08T13:21:27Z	5454.00000	1555.22043	1538.15271	1525.06058
2025-08-08T13:21:27Z	5454.00000	1555.21996	1538.15164	1525.06027
2025-08-08T13:21:27Z	5454.00000	1555.21920	1538.15170	1525.05965
2025-08-08T13:21:27Z	5454.00000	1555.21856	1538.15056	1525.05921
2025-08-08T13:21:27Z	5454.00000	1555.21748	1538.14970	1525.05848
2025-08-08T13:21:27Z	5455.00000	1555.21704	1538.14924	1525.05826
2025-08-08T13:21:27Z	5455.00000	1555.21659	1538.14876	1525.05774
2025-08-08T13:21:27Z	5455.00000	1555.21549	1538.14791	1525.05726
2025-08-08T13:21:27Z	5455.00000	1555.49437	1538.40472	1525.20485
2025-08-08T13:21:27Z	5455.00000	1555.83610	1538.72491	1525.39307
2025-08-08T13:21:28Z	5455.00000	1556.07865	1538.95307	1525.52485
2025-08-08T13:21:28Z	5455.00000	1556.37434	1539.22611	1525.68205
2025-08-08T13:21:28Z	5455.00000	1556.71606	1539.54413	1525.86542
2025-08-08T13:21:28Z	5455.00000	1557.04847	1539.85650	1526.04713
2025-08-08T13:21:28Z	5455.00000	1557.37133	1540.15846	1526.22126
2025-08-08T13:21:28Z	5455.00000	1557.59678	1540.37161	1526.34238
2025-08-08T13:21:28Z	5456.00000	1558.08408	1540.82823	1526.60888
2025-08-08T13:21:28Z	5456.00000	1558.38889	1541.11827	1526.77609
2025-08-08T13:21:28Z	5456.00000	1558.73488	1541.44594	1526.96634
2025-08-08T13:21:29Z	5456.00000	1558.94831	1541.65222	1527.08300
2025-08-08T13:21:29Z	5456.00000	1559.20570	1541.89757	1527.22591
2025-08-08T13:21:29Z	5456.00000	1559.55013	1542.22933	1527.41876
2025-08-08T13:21:29Z	5456.00000	1559.80409	1542.47314	1527.56086
2025-08-08T13:21:29Z	5456.00000	1560.01341	1542.66921	1527.67399
2025-08-08T13:21:29Z	5456.00000	1560.34202	1542.98679	1527.86000
2025-08-08T13:21:29Z	5457.00000	1560.53808	1543.17854	1527.96972
2025-08-08T13:21:29Z	5457.00000	1560.67788	1543.29715	1528.04779
2025-08-08T13:21:29Z	5457.00000	1560.68300	1543.29196	1528.04981
2025-08-08T13:21:29Z	5457.00000	1560.68588	1543.28896	1528.05120
2025-08-08T13:21:30Z	5457.00000	1560.68771	1543.28818	1528.05193
2025-08-08T13:21:30Z	5457.00000	1560.68846	1543.28725	1528.05252
2025-08-08T13:21:30Z	5457.00000	1560.68961	1543.28662	1528.05306
2025-08-08T13:21:30Z	5457.00000	1560.69064	1543.28589	1528.05396
2025-08-08T13:21:30Z	5457.00000	1560.69110	1543.28552	1528.05466
2025-08-08T13:21:30Z	5458.00000	1560.69145	1543.28522	1528.05503
2025-08-08T13:21:30Z	5458.00000	1560.69172	1543.28512	1528.05531
2025-08-08T13:21:30Z	5458.00000	1560.69244	1543.28460	1528.05595
2025-08-08T13:21:30Z	5458.00000	1560.69270	1543.28511	1528.05642
2025-08-08T13:21:31Z	5458.00000	1560.69353	1543.28454	1528.05706
2025-08-08T13:21:31Z	5458.00000	1560.69378	1543.28540	1528.05765
2025-08-08T13:21:31Z	5458.00000	1560.69443	1543.28506	1528.05813
2025-08-08T13:21:31Z	5458.00000	1560.69471	1543.28522	1528.05846
2025-08-08T13:21:31Z	5459.00000	1560.69500	1543.28524	1528.05909
2025-08-08T13:21:31Z	5459.00000	1560.69534	1543.28557	1528.05935
2025-08-08T13:21:31Z	5459.00000	1560.69567	1543.28571	1528.05937
2025-08-08T13:21:32Z	5459.00000	1560.69574	1543.28535	1528.05974
2025-08-08T13:21:32Z	5459.00000	1560.69605	1543.28559	1528.05993
2025-08-08T13:21:32Z	5459.00000	1560.69643	1543.28553	1528.06012
2025-08-08T13:21:32Z	5459.00000	1560.69650	1543.28566	1528.06021
2025-08-08T13:21:32Z	5459.00000	1560.69637	1543.28620	1528.06069
2025-08-08T13:21:32Z	5460.00000	1560.37428	1542.86832	1527.89941
2025-08-08T13:21:32Z	5460.00000	1558.39082	1541.09574	1526.78239
2025-08-08T13:21:32Z	5460.00000	1558.11853	1540.84187	1526.63088
2025-08-08T13:21:33Z	5460.00000	1557.86479	1540.60424	1526.48753
2025-08-08T13:21:33Z	5460.00000	1557.61848	1540.37858	1526.35173
2025-08-08T13:21:33Z	5460.00000	1557.10912	1539.90828	1526.07477
2025-08-08T13:21:33Z	5460.00000	1556.80772	1539.62830	1525.90861
2025-08-08T13:21:33Z	5460.00000	1556.51246	1539.35432	1525.74659
2025-08-08T13:21:33Z	5461.00000	1556.29571	1539.15627	1525.63645
2025-08-08T13:21:33Z	5461.00000	1556.08961	1538.96715	1525.52765
2025-08-08T13:21:33Z	5461.00000	1555.91836	1538.80622	1525.43838
2025-08-08T13:21:34Z	5461.00000	1555.55081	1538.46141	1525.23984
2025-08-08T13:21:34Z	5461.00000	1555.35637	1538.28335	1525.13483
2025-08-08T13:21:34Z	5461.00000	1555.28941	1538.22219	1525.09991
2025-08-08T13:21:34Z	5461.00000	1555.28322	1538.21621	1525.09736
2025-08-08T13:21:34Z	5461.00000	1555.27921	1538.21180	1525.09500
2025-08-08T13:21:34Z	5461.00000	1555.27407	1538.20728	1525.09197
2025-08-08T13:21:34Z	5462.00000	1555.26966	1538.20413	1525.08995
2025-08-08T13:21:34Z	5462.00000	1555.26688	1538.20069	1525.08816
2025-08-08T13:21:34Z	5462.00000	1555.26402	1538.19736	1525.08664
2025-08-08T13:21:34Z	5462.00000	1555.26074	1538.19466	1525.08543
2025-08-08T13:21:35Z	5462.00000	1555.25845	1538.19280	1525.08438
2025-08-08T13:21:35Z	5462.00000	1555.25594	1538.19048	1525.08249
2025-08-08T13:21:35Z	5462.00000	1555.25369	1538.18807	1525.08089
2025-08-08T13:21:35Z	5462.00000	1555.25128	1538.18475	1525.07932
2025-08-08T13:21:35Z	5462.00000	1555.24909	1538.18253	1525.07790
2025-08-08T13:21:35Z	5463.00000	1555.24745	1538.18089	1525.07702
2025-08-08T13:21:35Z	5463.00000	1555.24615	1538.17959	1525.07645
2025-08-08T13:21:35Z	5463.00000	1555.24338	1538.17718	1525.07527
2025-08-08T13:21:35Z	5463.00000	1555.24178	1538.17575	1525.07439
2025-08-08T13:21:36Z	5463.00000	1555.24092	1538.17478	1525.07379
2025-08-08T13:21:36Z	5463.00000	1555.23987	1538.17356	1525.07328
2025-08-08T13:21:36Z	5463.00000	1555.23870	1538.17214	1525.07222
2025-08-08T13:21:36Z	5463.00000	1555.23712	1538.17074	1525.07113
2025-08-08T13:21:36Z	5463.00000	1555.23626	1538.16928	1525.07020
2025-08-08T13:21:36Z	5464.00000	1555.23547	1538.16843	1525.06970
2025-08-08T13:21:36Z	5464.00000	1555.23441	1538.16755	1525.06888
2025-08-08T13:21:36Z	5464.00000	1555.23361	1538.16638	1525.06835
2025-08-08T13:21:36Z	5464.00000	1555.23214	1538.16520	1525.06775
2025-08-08T13:21:36Z	5464.00000	1555.23064	1538.16415	1525.06698
2025-08-08T13:21:37Z	5464.00000	1555.22957	1538.16292	1525.06627
2025-08-08T13:21:37Z	5464.00000	1555.22838	1538.16210	1525.06582
2025-08-08T13:21:37Z	5464.00000	1555.22758	1538.16146	1525.06520
2025-08-08T13:21:37Z	5464.00000	1555.22660	1538.16023	1525.06497
2025-08-08T13:21:37Z	5464.00000	1555.22601	1538.15926	1525.06446
2025-08-08T13:21:37Z	5465.00000	1555.22557	1538.15855	1525.06418
2025-08-08T13:21:37Z	5465.00000	1555.22425	1538.15715	1525.06361
2025-08-08T13:21:37Z	5465.00000	1555.22372	1538.15645	1525.06304
2025-08-08T13:21:37Z	5465.00000	1555.22287	1538.15582	1525.06261
2025-08-08T13:21:37Z	5465.00000	1555.22226	1538.15503	1525.06209
2025-08-08T13:21:38Z	5465.00000	1555.22172	1538.15424	1525.06187
2025-08-08T13:21:38Z	5465.00000	1555.22103	1538.15359	1525.06120
2025-08-08T13:21:38Z	5465.00000	1555.22039	1538.15294	1525.06071
2025-08-08T13:21:38Z	5465.00000	1555.21989	1538.15199	1525.06025
2025-08-08T13:21:38Z	5465.00000	1555.21924	1538.15164	1525.05982
2025-08-08T13:21:38Z	5466.00000	1555.21773	1538.14954	1525.05880
2025-08-08T13:21:38Z	5466.00000	1555.51532	1538.42535	1525.22163
2025-08-08T13:21:38Z	5466.00000	1555.76211	1538.65474	1525.35473
2025-08-08T13:21:39Z	5466.00000	1556.10315	1538.97518	1525.53692
2025-08-08T13:21:39Z	5466.00000	1556.49538	1539.33840	1525.74368
2025-08-08T13:21:39Z	5466.00000	1556.82564	1539.64668	1525.92377
2025-08-08T13:21:39Z	5466.00000	1557.19688	1539.99619	1526.12512
2025-08-08T13:21:39Z	5466.00000	1557.42624	1540.21084	1526.25182
2025-08-08T13:21:39Z	5467.00000	1557.87230	1540.62804	1526.49212
2025-08-08T13:21:39Z	5467.00000	1558.13576	1540.87670	1526.63717
2025-08-08T13:21:39Z	5467.00000	1558.52459	1541.24430	1526.84963
2025-08-08T13:21:40Z	5467.00000	1558.99898	1541.69867	1527.11065
2025-08-08T13:21:40Z	5467.00000	1559.51687	1542.19598	1527.40027
2025-08-08T13:21:40Z	5467.00000	1559.73183	1542.40464	1527.52025
2025-08-08T13:21:40Z	5467.00000	1559.98249	1542.64255	1527.65745
2025-08-08T13:21:40Z	5467.00000	1560.22911	1542.88095	1527.79696
2025-08-08T13:21:40Z	5468.00000	1560.47052	1543.11646	1527.93425
2025-08-08T13:21:40Z	5468.00000	1560.67458	1543.30542	1528.04695
2025-08-08T13:21:40Z	5468.00000	1560.68360	1543.29257	1528.05017
2025-08-08T13:21:40Z	5468.00000	1560.68607	1543.29023	1528.05143
2025-08-08T13:21:41Z	5468.00000	1560.68754	1543.28944	1528.05243
2025-08-08T13:21:41Z	5468.00000	1560.68882	1543.28789	1528.05327
2025-08-08T13:21:41Z	5468.00000	1560.69008	1543.28654	1528.05388
2025-08-08T13:21:41Z	5468.00000	1560.69037	1543.28621	1528.05458
2025-08-08T13:21:41Z	5468.00000	1560.69114	1543.28655	1528.05526
2025-08-08T13:21:41Z	5468.00000	1560.69159	1543.28623	1528.05555
2025-08-08T13:21:41Z	5469.00000	1560.69269	1543.28533	1528.05676
2025-08-08T13:21:41Z	5469.00000	1560.69277	1543.28518	1528.05713
2025-08-08T13:21:41Z	5469.00000	1560.69341	1543.28522	1528.05744
2025-08-08T13:21:42Z	5469.00000	1560.69345	1543.28527	1528.05761
2025-08-08T13:21:42Z	5469.00000	1560.69382	1543.28522	1528.05815
2025-08-08T13:21:42Z	5469.00000	1560.69404	1543.28545	1528.05850
2025-08-08T13:21:42Z	5469.00000	1560.69447	1543.28576	1528.05889
2025-08-08T13:21:42Z	5470.00000	1560.69489	1543.28616	1528.05942
2025-08-08T13:21:42Z	5470.00000	1560.69512	1543.28570	1528.05951
2025-08-08T13:21:42Z	5470.00000	1560.69547	1543.28547	1528.05959
2025-08-08T13:21:42Z	5470.00000	1560.69552	1543.28557	1528.05997
2025-08-08T13:21:42Z	5470.00000	1560.69587	1543.28593	1528.06022
2025-08-08T13:21:43Z	5470.00000	1560.69625	1543.28638	1528.06044
2025-08-08T13:21:43Z	5470.00000	1560.69612	1543.28649	1528.06064
2025-08-08T13:21:43Z	5470.00000	1560.69648	1543.28631	1528.06088
2025-08-08T13:21:43Z	5470.00000	1560.69670	1543.28676	1528.06115
2025-08-08T13:21:43Z	5471.00000	1560.69716	1543.28635	1528.06138
2025-08-08T13:21:43Z	5471.00000	1559.42882	1542.03731	1527.36552
2025-08-08T13:21:43Z	5471.00000	1558.61450	1541.30369	1526.90782
2025-08-08T13:21:43Z	5471.00000	1558.35608	1541.06167	1526.76315
2025-08-08T13:21:43Z	5471.00000	1558.08706	1540.81121	1526.61244
2025-08-08T13:21:44Z	5471.00000	1557.83264	1540.57546	1526.47054
2025-08-08T13:21:44Z	5471.00000	1557.58682	1540.34929	1526.33438
2025-08-08T13:21:44Z	5471.00000	1557.35208	1540.12909	1526.20629
2025-08-08T13:21:44Z	5471.00000	1557.11868	1539.91765	1526.07953
2025-08-08T13:21:44Z	5471.00000	1556.89503	1539.70813	1525.95641
2025-08-08T13:21:44Z	5471.00000	1556.67436	1539.50532	1525.83757
2025-08-08T13:21:44Z	5472.00000	1556.45550	1539.30517	1525.71875
2025-08-08T13:21:44Z	5472.00000	1556.17860	1539.04819	1525.57332
2025-08-08T13:21:44Z	5472.00000	1555.90160	1538.79071	1525.42904
2025-08-08T13:21:44Z	5472.00000	1555.73378	1538.63262	1525.33825
2025-08-08T13:21:45Z	5472.00000	1555.50034	1538.41545	1525.21164
2025-08-08T13:21:45Z	5472.00000	1555.33762	1538.26639	1525.12543
2025-08-08T13:21:45Z	5472.00000	1555.29202	1538.22462	1525.10087
2025-08-08T13:21:45Z	5472.00000	1555.28578	1538.21903	1525.09915
2025-08-08T13:21:45Z	5472.00000	1555.28146	1538.21405	1525.09639
2025-08-08T13:21:45Z	5472.00000	1555.27696	1538.21054	1525.09388
2025-08-08T13:21:45Z	5473.00000	1555.27172	1538.20634	1525.09133
2025-08-08T13:21:45Z	5473.00000	1555.26895	1538.20341	1525.08966
2025-08-08T13:21:45Z	5473.00000	1555.26651	1538.20036	1525.08834
2025-08-08T13:21:45Z	5473.00000	1555.26410	1538.19755	1525.08700
2025-08-08T13:21:46Z	5473.00000	1555.26026	1538.19462	1525.08531
2025-08-08T13:21:46Z	5473.00000	1555.25778	1538.19172	1525.08378
2025-08-08T13:21:46Z	5473.00000	1555.25517	1538.18949	1525.08226
2025-08-08T13:21:46Z	5473.00000	1555.25361	1538.18766	1525.08094
2025-08-08T13:21:46Z	5473.00000	1555.25199	1538.18563	1525.07990
2025-08-08T13:21:46Z	5474.00000	1555.24969	1538.18305	1525.07825
2025-08-08T13:21:46Z	5474.00000	1555.24813	1538.18173	1525.07806
2025-08-08T13:21:46Z	5474.00000	1555.24568	1538.17952	1525.07638
2025-08-08T13:21:46Z	5474.00000	1555.24472	1538.17843	1525.07603
2025-08-08T13:21:47Z	5474.00000	1555.24303	1538.17674	1525.07530
2025-08-08T13:21:47Z	5474.00000	1555.24182	1538.17579	1525.07448
2025-08-08T13:21:47Z	5474.00000	1555.24029	1538.17385	1525.07370
2025-08-08T13:21:47Z	5474.00000	1555.23896	1538.17308	1525.07274
2025-08-08T13:21:47Z	5474.00000	1555.23800	1538.17139	1525.07197
2025-08-08T13:21:47Z	5475.00000	1555.23676	1538.16998	1525.07106
2025-08-08T13:21:47Z	5475.00000	1555.23609	1538.16908	1525.07043
2025-08-08T13:21:47Z	5475.00000	1555.23537	1538.16806	1525.06965
2025-08-08T13:21:47Z	5475.00000	1555.23419	1538.16706	1525.06902
2025-08-08T13:21:47Z	5475.00000	1555.23342	1538.16641	1525.06836
2025-08-08T13:21:48Z	5475.00000	1555.23188	1538.16529	1525.06760
2025-08-08T13:21:48Z	5475.00000	1555.23047	1538.16370	1525.06702
2025-08-08T13:21:48Z	5475.00000	1555.22924	1538.16274	1525.06643
2025-08-08T13:21:48Z	5475.00000	1555.22842	1538.16205	1525.06578
2025-08-08T13:21:48Z	5475.00000	1555.22713	1538.16104	1525.06523
2025-08-08T13:21:48Z	5476.00000	1555.22648	1538.16038	1525.06485
2025-08-08T13:21:48Z	5476.00000	1555.22533	1538.15884	1525.06434
2025-08-08T13:21:48Z	5476.00000	1555.22476	1538.15779	1525.06396
2025-08-08T13:21:48Z	5476.00000	1555.22429	1538.15739	1525.06364
2025-08-08T13:21:49Z	5476.00000	1555.22397	1538.15673	1525.06362
2025-08-08T13:21:49Z	5476.00000	1555.22316	1538.15593	1525.06295
2025-08-08T13:21:49Z	5476.00000	1555.22239	1538.15532	1525.06247
2025-08-08T13:21:49Z	5476.00000	1555.22177	1538.15404	1525.06182
2025-08-08T13:21:49Z	5476.00000	1555.22129	1538.15342	1525.06149
2025-08-08T13:21:49Z	5476.00000	1555.22065	1538.15305	1525.06107
2025-08-08T13:21:49Z	5477.00000	1555.21983	1538.15185	1525.06054
2025-08-08T13:21:49Z	5477.00000	1555.28979	1538.21805	1525.10154
2025-08-08T13:21:49Z	5477.00000	1555.66220	1538.56102	1525.30211
2025-08-08T13:21:49Z	5477.00000	1556.00192	1538.88044	1525.48428
2025-08-08T13:21:50Z	5477.00000	1556.29304	1539.15160	1525.63968
2025-08-08T13:21:50Z	5477.00000	1556.59053	1539.42801	1525.79676
2025-08-08T13:21:50Z	5477.00000	1556.92043	1539.73530	1525.97699
2025-08-08T13:21:50Z	5477.00000	1557.15119	1539.95239	1526.10162
2025-08-08T13:21:50Z	5478.00000	1557.65663	1540.42673	1526.37616
2025-08-08T13:21:50Z	5478.00000	1557.88052	1540.63694	1526.49702
2025-08-08T13:21:50Z	5478.00000	1558.18461	1540.92448	1526.66318
2025-08-08T13:21:50Z	5478.00000	1558.40298	1541.13272	1526.78472
2025-08-08T13:21:50Z	5478.00000	1558.70198	1541.41315	1526.94829
2025-08-08T13:21:51Z	5478.00000	1558.91560	1541.62118	1527.06587
2025-08-08T13:21:51Z	5478.00000	1559.25730	1541.94650	1527.25521
2025-08-08T13:21:51Z	5478.00000	1559.56331	1542.24274	1527.42669
2025-08-08T13:21:51Z	5478.00000	1559.77910	1542.45006	1527.54825
2025-08-08T13:21:51Z	5478.00000	1560.04007	1542.70072	1527.69037
2025-08-08T13:21:51Z	5479.00000	1560.32971	1542.97528	1527.85371
2025-08-08T13:21:51Z	5479.00000	1560.60115	1543.24649	1528.00449
2025-08-08T13:21:51Z	5479.00000	1560.68158	1543.29573	1528.04940
2025-08-08T13:21:51Z	5479.00000	1560.68539	1543.29163	1528.05145
2025-08-08T13:21:51Z	5479.00000	1560.68747	1543.28999	1528.05258
2025-08-08T13:21:52Z	5479.00000	1560.68861	1543.28896	1528.05348
2025-08-08T13:21:52Z	5479.00000	1560.68977	1543.28799	1528.05429
2025-08-08T13:21:52Z	5479.00000	1560.69044	1543.28727	1528.05504
2025-08-08T13:21:52Z	5479.00000	1560.69085	1543.28725	1528.05543
2025-08-08T13:21:52Z	5479.00000	1560.69186	1543.28683	1528.05605
2025-08-08T13:21:52Z	5480.00000	1560.69223	1543.28671	1528.05637
2025-08-08T13:21:52Z	5480.00000	1560.69283	1543.28644	1528.05722
2025-08-08T13:21:52Z	5480.00000	1560.69359	1543.28556	1528.05828
2025-08-08T13:21:53Z	5480.00000	1560.69387	1543.28583	1528.05835
2025-08-08T13:21:53Z	5480.00000	1560.69430	1543.28569	1528.05875
2025-08-08T13:21:53Z	5480.00000	1560.69456	1543.28573	1528.05926
2025-08-08T13:21:53Z	5480.00000	1560.69489	1543.28593	1528.05931
2025-08-08T13:21:53Z	5480.00000	1560.69524	1543.28658	1528.05955
2025-08-08T13:21:53Z	5481.00000	1560.69578	1543.28627	1528.05962
2025-08-08T13:21:53Z	5481.00000	1560.69540	1543.28647	1528.06035
2025-08-08T13:21:53Z	5481.00000	1560.69601	1543.28640	1528.06032
2025-08-08T13:21:53Z	5481.00000	1560.69605	1543.28637	1528.06048
2025-08-08T13:21:53Z	5481.00000	1560.69605	1543.28668	1528.06094
2025-08-08T13:21:54Z	5481.00000	1560.69640	1543.28690	1528.06093
2025-08-08T13:21:54Z	5481.00000	1560.69681	1543.28653	1528.06126
2025-08-08T13:21:54Z	5481.00000	1560.69651	1543.28743	1528.06145
2025-08-08T13:21:54Z	5481.00000	1560.69675	1543.28731	1528.06166
2025-08-08T13:21:54Z	5481.00000	1560.69712	1543.28750	1528.06174
2025-08-08T13:21:54Z	5482.00000	1560.30371	1542.81287	1527.86524
2025-08-08T13:21:54Z	5482.00000	1558.78773	1541.46050	1527.00109
2025-08-08T13:21:54Z	5482.00000	1558.33248	1541.04032	1526.74802
2025-08-08T13:21:54Z	5482.00000	1558.02495	1540.75369	1526.57659
2025-08-08T13:21:55Z	5482.00000	1557.69087	1540.44370	1526.39294
2025-08-08T13:21:55Z	5482.00000	1557.41177	1540.18751	1526.24040
2025-08-08T13:21:55Z	5482.00000	1557.02513	1539.83022	1526.02916
2025-08-08T13:21:55Z	5482.00000	1556.79757	1539.62070	1525.90433
2025-08-08T13:21:55Z	5483.00000	1556.61258	1539.44944	1525.80326
2025-08-08T13:21:55Z	5483.00000	1556.36096	1539.21614	1525.67104
2025-08-08T13:21:55Z	5483.00000	1556.18758	1539.05693	1525.57895
2025-08-08T13:21:55Z	5483.00000	1555.98121	1538.86458	1525.47249
2025-08-08T13:21:55Z	5483.00000	1555.74200	1538.64035	1525.34269
2025-08-08T13:21:56Z	5483.00000	1555.54161	1538.45406	1525.23535
2025-08-08T13:21:56Z	5483.00000	1555.31555	1538.24647	1525.11421
2025-08-08T13:21:56Z	5483.00000	1555.29154	1538.22454	1525.10116
2025-08-08T13:21:56Z	5483.00000	1555.28538	1538.21876	1525.09873
2025-08-08T13:21:56Z	5483.00000	1555.28189	1538.21465	1525.09647
2025-08-08T13:21:56Z	5483.00000	1555.27868	1538.21210	1525.09522
2025-08-08T13:21:56Z	5484.00000	1555.27444	1538.20809	1525.09276
2025-08-08T13:21:56Z	5484.00000	1555.26998	1538.20470	1525.09060
2025-08-08T13:21:56Z	5484.00000	1555.26713	1538.20100	1525.08855
2025-08-08T13:21:56Z	5484.00000	1555.26481	1538.19804	1525.08749
2025-08-08T13:21:57Z	5484.00000	1555.26221	1538.19574	1525.08628
2025-08-08T13:21:57Z	5484.00000	1555.25928	1538.19358	1525.08501
2025-08-08T13:21:57Z	5484.00000	1555.25688	1538.19155	1525.08362
2025-08-08T13:21:57Z	5484.00000	1555.25483	1538.18894	1525.08200
2025-08-08T13:21:57Z	5484.00000	1555.25321	1538.18752	1525.08108
2025-08-08T13:21:57Z	5485.00000	1555.25203	1538.18565	1525.07997
2025-08-08T13:21:57Z	5485.00000	1555.25049	1538.18393	1525.07904
2025-08-08T13:21:57Z	5485.00000	1555.25014	1538.18326	1525.07906
2025-08-08T13:21:57Z	5485.00000	1555.24730	1538.18085	1525.07729
2025-08-08T13:21:57Z	5485.00000	1555.24660	1538.18048	1525.07705
2025-08-08T13:21:57Z	5485.00000	1555.24502	1538.17862	1525.07623
2025-08-08T13:21:58Z	5485.00000	1555.24319	1538.17722	1525.07546
2025-08-08T13:21:58Z	5485.00000	1555.24170	1538.17561	1525.07455
2025-08-08T13:21:58Z	5485.00000	1555.24060	1538.17455	1525.07426
2025-08-08T13:21:58Z	5485.00000	1555.23958	1538.17334	1525.07341
2025-08-08T13:21:58Z	5485.00000	1555.23848	1538.17229	1525.07226
2025-08-08T13:21:58Z	5486.00000	1555.23755	1538.17089	1525.07161
2025-08-08T13:21:58Z	5486.00000	1555.23545	1538.16863	1525.07012
2025-08-08T13:21:58Z	5486.00000	1555.23486	1538.16801	1525.06956
2025-08-08T13:21:59Z	5486.00000	1555.23418	1538.16737	1525.06899
2025-08-08T13:21:59Z	5486.00000	1555.23335	1538.16652	1525.06856
2025-08-08T13:21:59Z	5486.00000	1555.23215	1538.16505	1525.06792
2025-08-08T13:21:59Z	5486.00000	1555.23087	1538.16464	1525.06738
2025-08-08T13:21:59Z	5486.00000	1555.22984	1538.16358	1525.06673
2025-08-08T13:21:59Z	5486.00000	1555.22867	1538.16236	1525.06603
2025-08-08T13:21:59Z	5487.00000	1555.22806	1538.16180	1525.06577
2025-08-08T13:21:59Z	5487.00000	1555.22706	1538.16068	1525.06540
2025-08-08T13:21:59Z	5487.00000	1555.22596	1538.15976	1525.06509
2025-08-08T13:21:59Z	5487.00000	1555.22524	1538.15881	1525.06463
2025-08-08T13:22:00Z	5487.00000	1555.22470	1538.15823	1525.06425
2025-08-08T13:22:00Z	5487.00000	1555.22429	1538.15749	1525.06379
2025-08-08T13:22:00Z	5487.00000	1555.22379	1538.15670	1525.06364
2025-08-08T13:22:00Z	5487.00000	1555.22317	1538.15609	1525.06315
2025-08-08T13:22:00Z	5487.00000	1555.22240	1538.15503	1525.06266
2025-08-08T13:22:00Z	5488.00000	1555.22189	1538.15418	1525.06214
2025-08-08T13:22:00Z	5488.00000	1555.22091	1538.15350	1525.06147
2025-08-08T13:22:00Z	5488.00000	1555.22042	1538.15312	1525.06133
2025-08-08T13:22:00Z	5488.00000	1555.55682	1538.46394	1525.24478
2025-08-08T13:22:00Z	5488.00000	1555.94708	1538.82868	1525.45566
2025-08-08T13:22:01Z	5488.00000	1556.19185	1539.05671	1525.58455
2025-08-08T13:22:01Z	5488.00000	1556.48838	1539.33262	1525.74012
2025-08-08T13:22:01Z	5488.00000	1556.72470	1539.55250	1525.87095
2025-08-08T13:22:01Z	5488.00000	1557.05743	1539.86589	1526.05256
2025-08-08T13:22:01Z	5488.00000	1557.38123	1540.16872	1526.22713
2025-08-08T13:22:01Z	5489.00000	1557.64854	1540.41878	1526.37167
2025-08-08T13:22:01Z	5489.00000	1557.96604	1540.71938	1526.54352
2025-08-08T13:22:01Z	5489.00000	1558.27563	1541.00988	1526.71300
2025-08-08T13:22:01Z	5489.00000	1558.49415	1541.21674	1526.83352
2025-08-08T13:22:01Z	5489.00000	1558.70706	1541.41781	1526.95098
2025-08-08T13:22:02Z	5489.00000	1558.92372	1541.62798	1527.06989
2025-08-08T13:22:02Z	5489.00000	1559.18033	1541.87302	1527.21271
2025-08-08T13:22:02Z	5489.00000	1559.43564	1542.11724	1527.35622
2025-08-08T13:22:02Z	5489.00000	1559.78633	1542.45639	1527.55141
2025-08-08T13:22:02Z	5489.00000	1560.08134	1542.73856	1527.71401
2025-08-08T13:22:02Z	5490.00000	1560.36796	1543.01124	1527.87515
2025-08-08T13:22:02Z	5490.00000	1560.67051	1543.31027	1528.04141
2025-08-08T13:22:02Z	5490.00000	1560.68254	1543.29518	1528.04909
2025-08-08T13:22:02Z	5490.00000	1560.68516	1543.29205	1528.05138
2025-08-08T13:22:02Z	5490.00000	1560.68790	1543.29009	1528.05278
2025-08-08T13:22:03Z	5490.00000	1560.68951	1543.28874	1528.05381
2025-08-08T13:22:03Z	5490.00000	1560.69021	1543.28796	1528.05429
2025-08-08T13:22:03Z	5490.00000	1560.69112	1543.28746	1528.05513
2025-08-08T13:22:03Z	5490.00000	1560.69172	1543.28684	1528.05554
2025-08-08T13:22:03Z	5490.00000	1560.69226	1543.28645	1528.05592
2025-08-08T13:22:03Z	5490.00000	1560.69218	1543.28696	1528.05685
2025-08-08T13:22:03Z	5491.00000	1560.69253	1543.28693	1528.05711
2025-08-08T13:22:03Z	5491.00000	1560.69332	1543.28659	1528.05775
2025-08-08T13:22:03Z	5491.00000	1560.69396	1543.28547	1528.05784
2025-08-08T13:22:03Z	5491.00000	1560.69424	1543.28623	1528.05829
2025-08-08T13:22:04Z	5491.00000	1560.69466	1543.28633	1528.05866
2025-08-08T13:22:04Z	5491.00000	1560.69490	1543.28645	1528.05921
2025-08-08T13:22:04Z	5491.00000	1560.69512	1543.28593	1528.05913
2025-08-08T13:22:04Z	5491.00000	1560.69552	1543.28616	1528.05945
2025-08-08T13:22:04Z	5491.00000	1560.69573	1543.28610	1528.05964
2025-08-08T13:22:04Z	5492.00000	1560.69592	1543.28630	1528.06001
2025-08-08T13:22:04Z	5492.00000	1560.69619	1543.28691	1528.06027
2025-08-08T13:22:04Z	5492.00000	1560.69628	1543.28622	1528.06037
2025-08-08T13:22:04Z	5492.00000	1560.69663	1543.28651	1528.06065
2025-08-08T13:22:04Z	5492.00000	1560.69698	1543.28658	1528.06097
2025-08-08T13:22:05Z	5492.00000	1560.69692	1543.28668	1528.06114
2025-08-08T13:22:05Z	5492.00000	1560.69717	1543.28716	1528.06132
2025-08-08T13:22:05Z	5492.00000	1560.69734	1543.28681	1528.06147
2025-08-08T13:22:05Z	5492.00000	1560.69761	1543.28674	1528.06168
2025-08-08T13:22:05Z	5492.00000	1560.69748	1543.28739	1528.06183
2025-08-08T13:22:05Z	5492.00000	1560.69766	1543.28757	1528.06205
2025-08-08T13:22:05Z	5493.00000	1560.39519	1542.89522	1527.91305
2025-08-08T13:22:05Z	5493.00000	1558.72973	1541.40493	1526.97038
2025-08-08T13:22:05Z	5493.00000	1558.28872	1540.99998	1526.72394
2025-08-08T13:22:05Z	5493.00000	1557.98265	1540.71498	1526.55270
2025-08-08T13:22:06Z	5493.00000	1557.73352	1540.48287	1526.41720
2025-08-08T13:22:06Z	5493.00000	1557.49608	1540.26307	1526.28422
2025-08-08T13:22:06Z	5493.00000	1557.22433	1540.01501	1526.13547
2025-08-08T13:22:06Z	5493.00000	1556.72699	1539.55359	1525.86663
2025-08-08T13:22:06Z	5494.00000	1556.47015	1539.31761	1525.72601
2025-08-08T13:22:06Z	5494.00000	1556.25462	1539.12105	1525.61555
2025-08-08T13:22:06Z	5494.00000	1556.08342	1538.96144	1525.52475
2025-08-08T13:22:06Z	5494.00000	1555.91258	1538.80186	1525.43546
2025-08-08T13:22:06Z	5494.00000	1555.73919	1538.63841	1525.34160
2025-08-08T13:22:07Z	5494.00000	1555.50554	1538.42145	1525.21532
2025-08-08T13:22:07Z	5494.00000	1555.31518	1538.24613	1525.11453
2025-08-08T13:22:07Z	5494.00000	1555.29592	1538.22797	1525.10331
2025-08-08T13:22:07Z	5494.00000	1555.28894	1538.22252	1525.10047
2025-08-08T13:22:07Z	5494.00000	1555.28307	1538.21615	1525.09766
2025-08-08T13:22:07Z	5494.00000	1555.28027	1538.21292	1525.09593
2025-08-08T13:22:07Z	5495.00000	1555.27512	1538.20856	1525.09312
2025-08-08T13:22:07Z	5495.00000	1555.27134	1538.20623	1525.09155
2025-08-08T13:22:07Z	5495.00000	1555.26889	1538.20317	1525.08981
2025-08-08T13:22:07Z	5495.00000	1555.26603	1538.19977	1525.08825
2025-08-08T13:22:08Z	5495.00000	1555.26401	1538.19748	1525.08714
2025-08-08T13:22:08Z	5495.00000	1555.26159	1538.19575	1525.08612
2025-08-08T13:22:08Z	5495.00000	1555.25903	1538.19298	1525.08478
2025-08-08T13:22:08Z	5495.00000	1555.25645	1538.19113	1525.08355
2025-08-08T13:22:08Z	5495.00000	1555.25495	1538.18972	1525.08230
2025-08-08T13:22:08Z	5495.00000	1555.25379	1538.18821	1525.08131
2025-08-08T13:22:08Z	5496.00000	1555.25222	1538.18582	1525.08003
2025-08-08T13:22:08Z	5496.00000	1555.25033	1538.18361	1525.07878
2025-08-08T13:22:08Z	5496.00000	1555.24876	1538.18212	1525.07810
2025-08-08T13:22:08Z	5496.00000	1555.24760	1538.18127	1525.07755
2025-08-08T13:22:09Z	5496.00000	1555.24625	1538.17983	1525.07682
2025-08-08T13:22:09Z	5496.00000	1555.24456	1538.17837	1525.07612
2025-08-08T13:22:09Z	5496.00000	1555.24268	1538.17695	1525.07545
2025-08-08T13:22:09Z	5496.00000	1555.24180	1538.17595	1525.07471
2025-08-08T13:22:09Z	5496.00000	1555.24061	1538.17491	1525.07427
2025-08-08T13:22:09Z	5496.00000	1555.23977	1538.17355	1525.07330
2025-08-08T13:22:09Z	5497.00000	1555.23891	1538.17241	1525.07284
2025-08-08T13:22:09Z	5497.00000	1555.23806	1538.17128	1525.07199
2025-08-08T13:22:09Z	5497.00000	1555.23711	1538.17028	1525.07143
2025-08-08T13:22:09Z	5497.00000	1555.23587	1538.16925	1525.07052
2025-08-08T13:22:10Z	5497.00000	1555.23529	1538.16846	1525.06988
2025-08-08T13:22:10Z	5497.00000	1555.23457	1538.16781	1525.06946
2025-08-08T13:22:10Z	5497.00000	1555.23370	1538.16698	1525.06888
2025-08-08T13:22:10Z	5497.00000	1555.23271	1538.16549	1525.06835
2025-08-08T13:22:10Z	5497.00000	1555.23153	1538.16543	1525.06767
2025-08-08T13:22:10Z	5497.00000	1555.23043	1538.16420	1525.06722
2025-08-08T13:22:10Z	5498.00000	1555.22862	1538.16239	1525.06624
2025-08-08T13:22:10Z	5498.00000	1555.22774	1538.16130	1525.06564
2025-08-08T13:22:10Z	5498.00000	1555.22670	1538.16027	1525.06509
2025-08-08T13:22:11Z	5498.00000	1555.22573	1538.15930	1525.06467
2025-08-08T13:22:11Z	5498.00000	1555.22547	1538.15877	1525.06448
2025-08-08T13:22:11Z	5498.00000	1555.22481	1538.15795	1525.06422
2025-08-08T13:22:11Z	5498.00000	1555.22426	1538.15736	1525.06399
2025-08-08T13:22:11Z	5498.00000	1555.22348	1538.15635	1525.06339
2025-08-08T13:22:11Z	5499.00000	1555.22287	1538.15555	1525.06290
2025-08-08T13:22:11Z	5499.00000	1555.22236	1538.15484	1525.06237
2025-08-08T13:22:11Z	5499.00000	1555.38068	1538.30110	1525.14548
2025-08-08T13:22:11Z	5499.00000	1555.72392	1538.61944	1525.33536
2025-08-08T13:22:12Z	5499.00000	1556.06284	1538.93814	1525.51610
2025-08-08T13:22:12Z	5499.00000	1556.60585	1539.44279	1525.80522
2025-08-08T13:22:12Z	5499.00000	1556.84351	1539.66366	1525.93422
2025-08-08T13:22:12Z	5499.00000	1557.17354	1539.97465	1526.11326
2025-08-08T13:22:12Z	5499.00000	1557.53525	1540.31112	1526.30848
2025-08-08T13:22:12Z	5500.00000	1557.75661	1540.52175	1526.43196
2025-08-08T13:22:12Z	5500.00000	1558.02084	1540.76865	1526.57332
2025-08-08T13:22:12Z	5500.00000	1558.24232	1540.97890	1526.69486
2025-08-08T13:22:12Z	5500.00000	1558.45504	1541.18030	1526.81299
2025-08-08T13:22:12Z	5500.00000	1558.72567	1541.43769	1526.96144
2025-08-08T13:22:13Z	5500.00000	1559.11947	1541.81693	1527.17920
2025-08-08T13:22:13Z	5500.00000	1559.37655	1542.06111	1527.32214
2025-08-08T13:22:13Z	5500.00000	1559.63602	1542.31022	1527.46707
2025-08-08T13:22:13Z	5500.00000	1559.92799	1542.59204	1527.62830
2025-08-08T13:22:13Z	5500.00000	1560.17523	1542.82492	1527.76698
2025-08-08T13:22:13Z	5501.00000	1560.41475	1543.06263	1527.90308
2025-08-08T13:22:13Z	5501.00000	1560.67481	1543.31300	1528.04448
2025-08-08T13:22:13Z	5501.00000	1560.68264	1543.29570	1528.05028
2025-08-08T13:22:13Z	5501.00000	1560.68628	1543.29179	1528.05203
2025-08-08T13:22:13Z	5501.00000	1560.68836	1543.28996	1528.05315
2025-08-08T13:22:14Z	5501.00000	1560.68936	1543.28917	1528.05404
2025-08-08T13:22:14Z	5501.00000	1560.69043	1543.28827	1528.05462
2025-08-08T13:22:14Z	5501.00000	1560.69149	1543.28712	1528.05551
2025-08-08T13:22:14Z	5501.00000	1560.69211	1543.28678	1528.05626
2025-08-08T13:22:14Z	5501.00000	1560.69274	1543.28655	1528.05675
2025-08-08T13:22:14Z	5502.00000	1560.69345	1543.28576	1528.05712
2025-08-08T13:22:14Z	5502.00000	1560.69373	1543.28636	1528.05791
2025-08-08T13:22:14Z	5502.00000	1560.69424	1543.28605	1528.05824
2025-08-08T13:22:14Z	5502.00000	1560.69490	1543.28613	1528.05867
2025-08-08T13:22:15Z	5502.00000	1560.69505	1543.28614	1528.05877
2025-08-08T13:22:15Z	5502.00000	1560.69531	1543.28632	1528.05927
2025-08-08T13:22:15Z	5502.00000	1560.69561	1543.28665	1528.05959
2025-08-08T13:22:15Z	5502.00000	1560.69591	1543.28636	1528.05982
2025-08-08T13:22:15Z	5502.00000	1560.69622	1543.28652	1528.06009
2025-08-08T13:22:15Z	5503.00000	1560.69654	1543.28603	1528.06037
2025-08-08T13:22:15Z	5503.00000	1560.69642	1543.28653	1528.06057
2025-08-08T13:22:15Z	5503.00000	1560.69682	1543.28726	1528.06092
2025-08-08T13:22:16Z	5503.00000	1560.69750	1543.28691	1528.06126
2025-08-08T13:22:16Z	5503.00000	1560.69727	1543.28667	1528.06147
2025-08-08T13:22:16Z	5503.00000	1560.69742	1543.28753	1528.06157
2025-08-08T13:22:16Z	5503.00000	1560.69768	1543.28764	1528.06188
2025-08-08T13:22:16Z	5503.00000	1560.69798	1543.28724	1528.06208
2025-08-08T13:22:16Z	5504.00000	1560.69797	1543.28801	1528.06218
2025-08-08T13:22:16Z	5504.00000	1559.02600	1541.68122	1527.14074
2025-08-08T13:22:16Z	5504.00000	1558.51147	1541.20492	1526.84823
2025-08-08T13:22:16Z	5504.00000	1558.22746	1540.94339	1526.68899
2025-08-08T13:22:16Z	5504.00000	1557.88126	1540.61919	1526.49602
2025-08-08T13:22:17Z	5504.00000	1557.63631	1540.39486	1526.36218
2025-08-08T13:22:17Z	5504.00000	1557.43573	1540.20964	1526.25319
2025-08-08T13:22:17Z	5504.00000	1557.24488	1540.03436	1526.14679
2025-08-08T13:22:17Z	5504.00000	1557.01205	1539.81721	1526.02145
2025-08-08T13:22:17Z	5504.00000	1556.63930	1539.47274	1525.81714
2025-08-08T13:22:17Z	5505.00000	1556.34188	1539.19834	1525.66092
2025-08-08T13:22:17Z	5505.00000	1556.02070	1538.90273	1525.49244
2025-08-08T13:22:17Z	5505.00000	1555.70423	1538.60528	1525.32248
2025-08-08T13:22:18Z	5505.00000	1555.41015	1538.33509	1525.16386
2025-08-08T13:22:18Z	5505.00000	1555.29860	1538.23091	1525.10524
2025-08-08T13:22:18Z	5505.00000	1555.28977	1538.22303	1525.10105
2025-08-08T13:22:18Z	5505.00000	1555.28291	1538.21588	1525.09765
2025-08-08T13:22:18Z	5506.00000	1555.27969	1538.21262	1525.09575
2025-08-08T13:22:18Z	5506.00000	1555.27560	1538.20916	1525.09356
2025-08-08T13:22:18Z	5506.00000	1555.27190	1538.20631	1525.09184
2025-08-08T13:22:18Z	5506.00000	1555.26915	1538.20412	1525.09013
2025-08-08T13:22:18Z	5506.00000	1555.26727	1538.20132	1525.08877
2025-08-08T13:22:19Z	5506.00000	1555.26535	1538.19893	1525.08784
2025-08-08T13:22:19Z	5506.00000	1555.26243	1538.19627	1525.08654
2025-08-08T13:22:19Z	5506.00000	1555.26004	1538.19464	1525.08539
2025-08-08T13:22:19Z	5506.00000	1555.25779	1538.19199	1525.08416
2025-08-08T13:22:19Z	5506.00000	1555.25629	1538.19068	1525.08318
2025-08-08T13:22:19Z	5507.00000	1555.25304	1538.18720	1525.08099
2025-08-08T13:22:19Z	5507.00000	1555.25157	1538.18502	1525.07973
2025-08-08T13:22:19Z	5507.00000	1555.24921	1538.18245	1525.07846
2025-08-08T13:22:20Z	5507.00000	1555.24750	1538.18133	1525.07749
2025-08-08T13:22:20Z	5507.00000	1555.24587	1538.17984	1525.07672
2025-08-08T13:22:20Z	5507.00000	1555.24447	1538.17860	1525.07615
2025-08-08T13:22:20Z	5507.00000	1555.24309	1538.17713	1525.07546
2025-08-08T13:22:20Z	5507.00000	1555.24167	1538.17568	1525.07486
2025-08-08T13:22:20Z	5507.00000	1555.24073	1538.17453	1525.07407
2025-08-08T13:22:20Z	5508.00000	1555.23943	1538.17341	1525.07340
2025-08-08T13:22:20Z	5508.00000	1555.23863	1538.17219	1525.07292
2025-08-08T13:22:20Z	5508.00000	1555.23776	1538.17152	1525.07199
2025-08-08T13:22:20Z	5508.00000	1555.23676	1538.17021	1525.07126
2025-08-08T13:22:21Z	5508.00000	1555.23614	1538.16958	1525.07056
2025-08-08T13:22:21Z	5508.00000	1555.23536	1538.16834	1525.07001
2025-08-08T13:22:21Z	5508.00000	1555.23426	1538.16769	1525.06927
2025-08-08T13:22:21Z	5508.00000	1555.23333	1538.16707	1525.06878
2025-08-08T13:22:21Z	5508.00000	1555.23244	1538.16613	1525.06841
2025-08-08T13:22:21Z	5509.00000	1555.23136	1538.16516	1525.06790
2025-08-08T13:22:21Z	5509.00000	1555.23045	1538.16398	1525.06727
2025-08-08T13:22:21Z	5509.00000	1555.22967	1538.16405	1525.06675
2025-08-08T13:22:21Z	5509.00000	1555.22853	1538.16253	1525.06618
2025-08-08T13:22:21Z	5509.00000	1555.22762	1538.16165	1525.06578
2025-08-08T13:22:22Z	5509.00000	1555.22681	1538.16111	1525.06551
2025-08-08T13:22:22Z	5509.00000	1555.22614	1538.15945	1525.06494
2025-08-08T13:22:22Z	5509.00000	1555.22566	1538.15908	1525.06472
2025-08-08T13:22:22Z	5509.00000	1555.22518	1538.15853	1525.06434
2025-08-08T13:22:22Z	5509.00000	1555.22440	1538.15758	1525.06395
2025-08-08T13:22:22Z	5510.00000	1555.22380	1538.15676	1525.06372
2025-08-08T13:22:22Z	5510.00000	1555.22327	1538.15632	1525.06312
2025-08-08T13:22:22Z	5510.00000	1555.22909	1538.16249	1525.06440
2025-08-08T13:22:22Z	5510.00000	1555.62116	1538.52410	1525.28141
2025-08-08T13:22:22Z	5510.00000	1555.86709	1538.75559	1525.41235
2025-08-08T13:22:23Z	5510.00000	1556.16284	1539.02978	1525.56858
2025-08-08T13:22:23Z	5510.00000	1556.51438	1539.35579	1525.75383
2025-08-08T13:22:23Z	5510.00000	1556.85057	1539.67074	1525.93824
2025-08-08T13:22:23Z	5510.00000	1557.17797	1539.97915	1526.11598
2025-08-08T13:22:23Z	5510.00000	1557.45518	1540.23795	1526.26739
2025-08-08T13:22:23Z	5511.00000	1557.76541	1540.53099	1526.43723
2025-08-08T13:22:23Z	5511.00000	1558.07311	1540.81905	1526.60364
2025-08-08T13:22:23Z	5511.00000	1558.37792	1541.10945	1526.77081
2025-08-08T13:22:23Z	5511.00000	1558.72173	1541.43477	1526.95957
2025-08-08T13:22:24Z	5511.00000	1558.97741	1541.68078	1527.09995
2025-08-08T13:22:24Z	5511.00000	1559.24816	1541.93832	1527.25036
2025-08-08T13:22:24Z	5511.00000	1559.59326	1542.27139	1527.44426
2025-08-08T13:22:24Z	5511.00000	1559.93310	1542.59982	1527.63285
2025-08-08T13:22:24Z	5511.00000	1560.18282	1542.83283	1527.77248
2025-08-08T13:22:24Z	5512.00000	1560.46265	1543.11040	1527.93134
2025-08-08T13:22:24Z	5512.00000	1560.65220	1543.29361	1528.03165
2025-08-08T13:22:24Z	5512.00000	1560.68511	1543.29396	1528.05255
2025-08-08T13:22:24Z	5512.00000	1560.68740	1543.29193	1528.05371
2025-08-08T13:22:25Z	5512.00000	1560.68893	1543.29077	1528.05479
2025-08-08T13:22:25Z	5512.00000	1560.69016	1543.28972	1528.05532
2025-08-08T13:22:25Z	5512.00000	1560.69098	1543.28870	1528.05613
2025-08-08T13:22:25Z	5512.00000	1560.69172	1543.28824	1528.05705
2025-08-08T13:22:25Z	5512.00000	1560.69207	1543.28824	1528.05749
2025-08-08T13:22:25Z	5512.00000	1560.69255	1543.28792	1528.05792
2025-08-08T13:22:25Z	5513.00000	1560.69322	1543.28773	1528.05858
2025-08-08T13:22:25Z	5513.00000	1560.69359	1543.28775	1528.05887
2025-08-08T13:22:25Z	5513.00000	1560.69423	1543.28762	1528.05934
2025-08-08T13:22:26Z	5513.00000	1560.69462	1543.28753	1528.05971
2025-08-08T13:22:26Z	5513.00000	1560.69492	1543.28767	1528.05996
2025-08-08T13:22:26Z	5513.00000	1560.69520	1543.28708	1528.06039
2025-08-08T13:22:26Z	5513.00000	1560.69550	1543.28777	1528.06061
2025-08-08T13:22:26Z	5513.00000	1560.69574	1543.28782	1528.06093
2025-08-08T13:22:26Z	5514.00000	1560.69614	1543.28766	1528.06139
2025-08-08T13:22:26Z	5514.00000	1560.69649	1543.28774	1528.06164
2025-08-08T13:22:26Z	5514.00000	1560.69669	1543.28777	1528.06186
2025-08-08T13:22:26Z	5514.00000	1560.69673	1543.28823	1528.06199
2025-08-08T13:22:27Z	5514.00000	1560.69702	1543.28793	1528.06235
2025-08-08T13:22:27Z	5514.00000	1560.69715	1543.28805	1528.06255
2025-08-08T13:22:27Z	5514.00000	1560.69708	1543.28831	1528.06264
2025-08-08T13:22:27Z	5514.00000	1560.69773	1543.28831	1528.06282
2025-08-08T13:22:27Z	5514.00000	1560.69763	1543.28871	1528.06287
2025-08-08T13:22:27Z	5515.00000	1560.69795	1543.28854	1528.06325
2025-08-08T13:22:27Z	5515.00000	1558.67108	1541.35411	1526.93943
2025-08-08T13:22:27Z	5515.00000	1558.31222	1541.02276	1526.73850
2025-08-08T13:22:27Z	5515.00000	1558.04326	1540.77121	1526.58754
2025-08-08T13:22:28Z	5515.00000	1557.78821	1540.53708	1526.44839
2025-08-08T13:22:28Z	5515.00000	1557.58925	1540.35237	1526.33608
2025-08-08T13:22:28Z	5515.00000	1557.35327	1540.13059	1526.20722
2025-08-08T13:22:28Z	5515.00000	1557.04571	1539.85000	1526.04097
2025-08-08T13:22:28Z	5515.00000	1556.85770	1539.67469	1525.93621
2025-08-08T13:22:28Z	5515.00000	1556.63684	1539.47170	1525.81650
2025-08-08T13:22:28Z	5516.00000	1556.41772	1539.27116	1525.69994
2025-08-08T13:22:28Z	5516.00000	1556.17329	1539.04439	1525.57097
2025-08-08T13:22:28Z	5516.00000	1555.96188	1538.84673	1525.46209
2025-08-08T13:22:28Z	5516.00000	1555.75031	1538.64886	1525.34746
2025-08-08T13:22:29Z	5516.00000	1555.51670	1538.43145	1525.22203
2025-08-08T13:22:29Z	5516.00000	1555.30097	1538.23450	1525.10654
2025-08-08T13:22:29Z	5516.00000	1555.29888	1538.23140	1525.10641
2025-08-08T13:22:29Z	5516.00000	1555.29122	1538.22490	1525.10224
2025-08-08T13:22:29Z	5516.00000	1555.28595	1538.21987	1525.09972
2025-08-08T13:22:29Z	5516.00000	1555.28134	1538.21398	1525.09691
2025-08-08T13:22:29Z	5517.00000	1555.27425	1538.20767	1525.09288
2025-08-08T13:22:29Z	5517.00000	1555.27041	1538.20559	1525.09127
2025-08-08T13:22:29Z	5517.00000	1555.26865	1538.20304	1525.09009
2025-08-08T13:22:30Z	5517.00000	1555.26653	1538.20069	1525.08891
2025-08-08T13:22:30Z	5517.00000	1555.26478	1538.19849	1525.08786
2025-08-08T13:22:30Z	5517.00000	1555.26258	1538.19657	1525.08671
2025-08-08T13:22:30Z	5517.00000	1555.26001	1538.19459	1525.08564
2025-08-08T13:22:30Z	5517.00000	1555.25801	1538.19197	1525.08446
2025-08-08T13:22:30Z	5517.00000	1555.25630	1538.19089	1525.08323
2025-08-08T13:22:30Z	5518.00000	1555.25398	1538.18853	1525.08172
2025-08-08T13:22:30Z	5518.00000	1555.25224	1538.18603	1525.08035
2025-08-08T13:22:30Z	5518.00000	1555.25181	1538.18533	1525.08008
2025-08-08T13:22:30Z	5518.00000	1555.25008	1538.18348	1525.07908
2025-08-08T13:22:31Z	5518.00000	1555.24824	1538.18213	1525.07806
2025-08-08T13:22:31Z	5518.00000	1555.24682	1538.18053	1525.07728
2025-08-08T13:22:31Z	5518.00000	1555.24526	1538.17934	1525.07663
2025-08-08T13:22:31Z	5518.00000	1555.24343	1538.17757	1525.07600
2025-08-08T13:22:31Z	5518.00000	1555.24221	1538.17663	1525.07542
2025-08-08T13:22:31Z	5519.00000	1555.24123	1538.17541	1525.07461
2025-08-08T13:22:31Z	5519.00000	1555.23977	1538.17390	1525.07376
2025-08-08T13:22:31Z	5519.00000	1555.23895	1538.17247	1525.07292
2025-08-08T13:22:31Z	5519.00000	1555.23805	1538.17166	1525.07226
2025-08-08T13:22:32Z	5519.00000	1555.23718	1538.17058	1525.07182
2025-08-08T13:22:32Z	5519.00000	1555.23648	1538.16990	1525.07107
2025-08-08T13:22:32Z	5519.00000	1555.23554	1538.16884	1525.07033
2025-08-08T13:22:32Z	5519.00000	1555.23492	1538.16769	1525.06971
2025-08-08T13:22:32Z	5519.00000	1555.23347	1538.16702	1525.06912
2025-08-08T13:22:32Z	5520.00000	1555.23259	1538.16625	1525.06847
2025-08-08T13:22:32Z	5520.00000	1555.23183	1538.16520	1525.06812
2025-08-08T13:22:32Z	5520.00000	1555.23078	1538.16452	1525.06756
2025-08-08T13:22:32Z	5520.00000	1555.22910	1538.16367	1525.06688
2025-08-08T13:22:33Z	5520.00000	1555.22802	1538.16215	1525.06622
2025-08-08T13:22:33Z	5520.00000	1555.22761	1538.16149	1525.06570
2025-08-08T13:22:33Z	5520.00000	1555.22715	1538.16083	1525.06566
2025-08-08T13:22:33Z	5520.00000	1555.22611	1538.15969	1525.06501
2025-08-08T13:22:33Z	5520.00000	1555.22561	1538.15901	1525.06482
2025-08-08T13:22:33Z	5520.00000	1555.22505	1538.15824	1525.06444
2025-08-08T13:22:33Z	5521.00000	1555.22426	1538.15739	1525.06402
2025-08-08T13:22:33Z	5521.00000	1555.22380	1538.15656	1525.06374
2025-08-08T13:22:33Z	5521.00000	1555.22304	1538.15576	1525.06323
2025-08-08T13:22:34Z	5521.00000	1555.22251	1538.15512	1525.06293
2025-08-08T13:22:34Z	5521.00000	1555.22210	1538.15433	1525.06221
2025-08-08T13:22:34Z	5521.00000	1555.22163	1538.15335	1525.06191
2025-08-08T13:22:34Z	5521.00000	1555.22042	1538.15303	1525.06145
2025-08-08T13:22:34Z	5521.00000	1555.21978	1538.15214	1525.06095
2025-08-08T13:22:34Z	5522.00000	1555.21958	1538.15172	1525.06065
2025-08-08T13:22:34Z	5522.00000	1555.21890	1538.15098	1525.06012
2025-08-08T13:22:34Z	5522.00000	1555.21835	1538.15088	1525.05996
2025-08-08T13:22:34Z	5522.00000	1555.21745	1538.15000	1525.05930
2025-08-08T13:22:34Z	5522.00000	1555.21700	1538.14986	1525.05885
2025-08-08T13:22:35Z	5522.00000	1555.21654	1538.14932	1525.05865
2025-08-08T13:22:35Z	5522.00000	1555.21580	1538.14838	1525.05832
2025-08-08T13:22:35Z	5522.00000	1555.21506	1538.14786	1525.05770
2025-08-08T13:22:35Z	5522.00000	1555.21472	1538.14763	1525.05773
2025-08-08T13:22:35Z	5522.00000	1555.21413	1538.14710	1525.05708
2025-08-08T13:22:35Z	5523.00000	1555.21348	1538.14669	1525.05697
2025-08-08T13:22:35Z	5523.00000	1555.21318	1538.14654	1525.05672
2025-08-08T13:22:35Z	5523.00000	1555.21286	1538.14549	1525.05641
2025-08-08T13:22:35Z	5523.00000	1555.21240	1538.14520	1525.05590
2025-08-08T13:22:35Z	5523.00000	1555.21174	1538.14327	1525.05545
2025-08-08T13:22:36Z	5523.00000	1555.21131	1538.14301	1525.05551
2025-08-08T13:22:36Z	5523.00000	1555.21085	1538.14237	1525.05491
2025-08-08T13:22:36Z	5523.00000	1555.21042	1538.14222	1525.05487
2025-08-08T13:22:36Z	5523.00000	1555.20994	1538.14115	1525.05486
2025-08-08T13:22:36Z	5523.00000	1555.20952	1538.14079	1525.05452
2025-08-08T13:22:36Z	5524.00000	1555.20936	1538.14044	1525.05433
2025-08-08T13:22:36Z	5524.00000	1555.20887	1538.13983	1525.05404
2025-08-08T13:22:36Z	5524.00000	1555.20855	1538.13928	1525.05386
2025-08-08T13:22:36Z	5524.00000	1555.20829	1538.13934	1525.05389
2025-08-08T13:22:37Z	5524.00000	1555.20796	1538.13871	1525.05332
2025-08-08T13:22:37Z	5524.00000	1555.20767	1538.13831	1525.05305
2025-08-08T13:22:37Z	5524.00000	1555.20738	1538.13776	1525.05306
2025-08-08T13:22:37Z	5524.00000	1555.20698	1538.13761	1525.05270
2025-08-08T13:22:37Z	5524.00000	1555.20668	1538.13728	1525.05257
2025-08-08T13:22:37Z	5524.00000	1555.20640	1538.13690	1525.05242
2025-08-08T13:22:37Z	5525.00000	1555.20599	1538.13670	1525.05214
2025-08-08T13:22:37Z	5525.00000	1555.20559	1538.13600	1525.05191
2025-08-08T13:22:37Z	5525.00000	1555.20526	1538.13534	1525.05160
2025-08-08T13:22:37Z	5525.00000	1555.20490	1538.13469	1525.05144
2025-08-08T13:22:38Z	5525.00000	1555.20452	1538.13444	1525.05112
2025-08-08T13:22:38Z	5525.00000	1555.20390	1538.13413	1525.05080
2025-08-08T13:22:38Z	5525.00000	1555.20312	1538.13380	1525.05059
2025-08-08T13:22:38Z	5525.00000	1555.20327	1538.13354	1525.05049
2025-08-08T13:22:38Z	5525.00000	1555.20283	1538.13310	1525.05016
2025-08-08T13:22:38Z	5526.00000	1555.20235	1538.13292	1525.04992
2025-08-08T13:22:38Z	5526.00000	1555.20225	1538.13246	1525.04972
2025-08-08T13:22:38Z	5526.00000	1555.20212	1538.13248	1525.04947
2025-08-08T13:22:38Z	5526.00000	1555.20175	1538.13222	1525.04928
2025-08-08T13:22:38Z	5526.00000	1555.20136	1538.13192	1525.04915
2025-08-08T13:22:39Z	5526.00000	1555.20104	1538.13133	1525.04888
2025-08-08T13:22:39Z	5526.00000	1555.20055	1538.13131	1525.04857
2025-08-08T13:22:39Z	5526.00000	1555.20002	1538.13084	1525.04830
2025-08-08T13:22:39Z	5526.00000	1555.19960	1538.13076	1525.04811
2025-08-08T13:22:39Z	5526.00000	1555.19939	1538.13019	1525.04786
2025-08-08T13:22:39Z	5527.00000	1555.19890	1538.12996	1525.04780
2025-08-08T13:22:39Z	5527.00000	1555.19854	1538.12961	1525.04761
2025-08-08T13:22:39Z	5527.00000	1555.19834	1538.12938	1525.04735
2025-08-08T13:22:39Z	5527.00000	1555.19803	1538.12906	1525.04725
2025-08-08T13:22:40Z	5527.00000	1555.19771	1538.12893	1525.04687
2025-08-08T13:22:40Z	5527.00000	1555.19750	1538.12861	1525.04672
2025-08-08T13:22:40Z	5527.00000	1555.19701	1538.12799	1525.04630
2025-08-08T13:22:40Z	5527.00000	1555.19679	1538.12788	1525.04611
2025-08-08T13:22:40Z	5527.00000	1555.19659	1538.12756	1525.04594
2025-08-08T13:22:40Z	5528.00000	1555.19623	1538.12711	1525.04582
2025-08-08T13:22:40Z	5528.00000	1555.19612	1538.12676	1525.04558
2025-08-08T13:22:40Z	5528.00000	1555.19598	1538.12645	1525.04547
2025-08-08T13:22:40Z	5528.00000	1555.19561	1538.12557	1525.04523
2025-08-08T13:22:40Z	5528.00000	1555.19544	1538.12585	1525.04516
2025-08-08T13:22:41Z	5528.00000	1555.19525	1538.12533	1525.04498
2025-08-08T13:22:41Z	5528.00000	1555.19503	1538.12557	1525.04485
2025-08-08T13:22:41Z	5528.00000	1555.19505	1538.12471	1525.04470
2025-08-08T13:22:41Z	5528.00000	1555.19453	1538.12434	1525.04449
2025-08-08T13:22:41Z	5528.00000	1555.19464	1538.12394	1525.04435
2025-08-08T13:22:41Z	5529.00000	1555.19415	1538.12368	1525.04409
2025-08-08T13:22:41Z	5529.00000	1555.19393	1538.12367	1525.04376
2025-08-08T13:22:41Z	5529.00000	1555.19347	1538.12330	1525.04369
2025-08-08T13:22:41Z	5529.00000	1555.19358	1538.12263	1525.04356
2025-08-08T13:22:42Z	5529.00000	1555.19333	1538.12244	1525.04334
2025-08-08T13:22:42Z	5529.00000	1555.19293	1538.12220	1525.04321
2025-08-08T13:22:42Z	5529.00000	1555.19272	1538.12204	1525.04307
2025-08-08T13:22:42Z	5529.00000	1555.19233	1538.12159	1525.04285
2025-08-08T13:22:42Z	5529.00000	1555.19212	1538.12128	1525.04284
2025-08-08T13:22:42Z	5530.00000	1555.19206	1538.12128	1525.04259
2025-08-08T13:22:42Z	5530.00000	1555.19199	1538.12074	1525.04234
2025-08-08T13:22:42Z	5530.00000	1555.19176	1538.12072	1525.04234
2025-08-08T13:22:42Z	5530.00000	1555.19169	1538.12022	1525.04219
2025-08-08T13:22:43Z	5530.00000	1555.19120	1538.11983	1525.04215
2025-08-08T13:22:43Z	5530.00000	1555.19123	1538.11983	1525.04219
2025-08-08T13:22:43Z	5530.00000	1555.19083	1538.11942	1525.04167
2025-08-08T13:22:43Z	5530.00000	1555.19069	1538.11923	1525.04186
2025-08-08T13:22:43Z	5530.00000	1555.19056	1538.11908	1525.04174
2025-08-08T13:22:43Z	5530.00000	1555.19047	1538.11943	1525.04186
2025-08-08T13:22:43Z	5531.00000	1555.19007	1538.11855	1525.04146
2025-08-08T13:22:43Z	5531.00000	1555.18995	1538.11842	1525.04129
2025-08-08T13:22:43Z	5531.00000	1555.18969	1538.11790	1525.04105
2025-08-08T13:22:43Z	5531.00000	1555.18950	1538.11806	1525.04095
2025-08-08T13:22:44Z	5531.00000	1555.18916	1538.11771	1525.04078
2025-08-08T13:22:44Z	5531.00000	1555.18900	1538.11791	1525.04062
2025-08-08T13:22:44Z	5531.00000	1555.18876	1538.11765	1525.04065
2025-08-08T13:22:44Z	5531.00000	1555.18860	1538.11706	1525.04044
2025-08-08T13:22:44Z	5531.00000	1555.18826	1538.11722	1525.04027
2025-08-08T13:22:44Z	5532.00000	1555.18799	1538.11729	1525.04029
2025-08-08T13:22:44Z	5532.00000	1555.18773	1538.11738	1525.03998
2025-08-08T13:22:44Z	5532.00000	1555.18767	1538.11635	1525.03982
2025-08-08T13:22:44Z	5532.00000	1555.18740	1538.11650	1525.03976
2025-08-08T13:22:44Z	5532.00000	1555.18715	1538.11638	1525.03951
2025-08-08T13:22:45Z	5532.00000	1555.18678	1538.11555	1525.03953
2025-08-08T13:22:45Z	5532.00000	1555.18641	1538.11609	1525.03937
2025-08-08T13:22:45Z	5532.00000	1555.18585	1538.11543	1525.03924
2025-08-08T13:22:45Z	5532.00000	1555.18589	1538.11533	1525.03907
2025-08-08T13:22:45Z	5533.00000	1555.18571	1538.11500	1525.03892
2025-08-08T13:22:45Z	5533.00000	1555.18551	1538.11467	1525.03897
2025-08-08T13:22:45Z	5533.00000	1555.18543	1538.11460	1525.03873
2025-08-08T13:22:45Z	5533.00000	1555.18487	1538.11470	1525.03864
2025-08-08T13:22:46Z	5533.00000	1555.18465	1538.11447	1525.03849
2025-08-08T13:22:46Z	5533.00000	1555.18448	1538.11427	1525.03837
2025-08-08T13:22:46Z	5533.00000	1555.18457	1538.11377	1525.03828
2025-08-08T13:22:46Z	5533.00000	1555.18421	1538.11399	1525.03817
2025-08-08T13:22:46Z	5533.00000	1555.18380	1538.11382	1525.03794
2025-08-08T13:22:46Z	5534.00000	1555.18398	1538.11351	1525.03793
2025-08-08T13:22:46Z	5534.00000	1555.18389	1538.11354	1525.03775
2025-08-08T13:22:46Z	5534.00000	1555.18358	1538.11260	1525.03773
2025-08-08T13:22:46Z	5534.00000	1555.18343	1538.11308	1525.03754
2025-08-08T13:22:46Z	5534.00000	1555.18299	1538.11248	1525.03747
2025-08-08T13:22:47Z	5534.00000	1555.18306	1538.11248	1525.03709
2025-08-08T13:22:47Z	5534.00000	1555.18287	1538.11222	1525.03708
2025-08-08T13:22:47Z	5534.00000	1555.18270	1538.11233	1525.03704
2025-08-08T13:22:47Z	5534.00000	1555.18246	1538.11154	1525.03690
2025-08-08T13:22:47Z	5534.00000	1555.18224	1538.11172	1525.03672
2025-08-08T13:22:47Z	5534.00000	1555.18192	1538.11118	1525.03664
2025-08-08T13:22:47Z	5535.00000	1555.18168	1538.11075	1525.03642
2025-08-08T13:22:47Z	5535.00000	1555.18169	1538.11100	1525.03647
2025-08-08T13:22:47Z	5535.00000	1555.18164	1538.11057	1525.03621
2025-08-08T13:22:47Z	5535.00000	1555.18138	1538.11080	1525.03620
2025-08-08T13:22:48Z	5535.00000	1555.18116	1538.11060	1525.03605
2025-08-08T13:22:48Z	5535.00000	1555.18123	1538.11012	1525.03599
2025-08-08T13:22:48Z	5535.00000	1555.18106	1538.10988	1525.03590
2025-08-08T13:22:48Z	5535.00000	1555.18099	1538.11007	1525.03577
2025-08-08T13:22:48Z	5535.00000	1555.18069	1538.10992	1525.03563
2025-08-08T13:22:48Z	5535.00000	1555.18060	1538.10962	1525.03564
2025-08-08T13:22:48Z	5536.00000	1555.18046	1538.10927	1525.03542
2025-08-08T13:22:48Z	5536.00000	1555.18046	1538.10923	1525.03541
2025-08-08T13:22:48Z	5536.00000	1555.18016	1538.10889	1525.03494
2025-08-08T13:22:48Z	5536.00000	1555.18005	1538.10899	1525.03505
2025-08-08T13:22:49Z	5536.00000	1555.17996	1538.10879	1525.03511
2025-08-08T13:22:49Z	5536.00000	1555.17978	1538.10863	1525.03494
2025-08-08T13:22:49Z	5536.00000	1555.17960	1538.10839	1525.03479
2025-08-08T13:22:49Z	5536.00000	1555.17961	1538.10833	1525.03463
2025-08-08T13:22:49Z	5536.00000	1555.17937	1538.10808	1525.03440
2025-08-08T13:22:49Z	5537.00000	1555.17924	1538.10777	1525.03430
2025-08-08T13:22:49Z	5537.00000	1555.17918	1538.10768	1525.03418
2025-08-08T13:22:49Z	5537.00000	1555.39694	1538.31094	1525.15138
2025-08-08T13:22:49Z	5537.00000	1555.72568	1538.61795	1525.33395
2025-08-08T13:22:49Z	5537.00000	1555.96258	1538.83920	1525.46275
2025-08-08T13:22:50Z	5537.00000	1556.24136	1539.10142	1525.61014
2025-08-08T13:22:50Z	5537.00000	1556.58000	1539.41370	1525.78836
2025-08-08T13:22:50Z	5537.00000	1556.85349	1539.67034	1525.93764
2025-08-08T13:22:50Z	5537.00000	1557.07883	1539.88256	1526.06216
2025-08-08T13:22:50Z	5537.00000	1557.34777	1540.13343	1526.20670
2025-08-08T13:22:50Z	5537.00000	1557.56519	1540.33896	1526.32307
2025-08-08T13:22:50Z	5538.00000	1557.83410	1540.59092	1526.47021
2025-08-08T13:22:50Z	5538.00000	1558.12850	1540.86844	1526.63181
2025-08-08T13:22:50Z	5538.00000	1558.41791	1541.14416	1526.79077
2025-08-08T13:22:50Z	5538.00000	1558.74426	1541.45433	1526.96979
2025-08-08T13:22:51Z	5538.00000	1559.03048	1541.72853	1527.12657
2025-08-08T13:22:51Z	5538.00000	1559.27321	1541.96059	1527.26198
2025-08-08T13:22:51Z	5538.00000	1559.47324	1542.15835	1527.37583
2025-08-08T13:22:51Z	5538.00000	1559.71746	1542.39100	1527.51119
2025-08-08T13:22:51Z	5538.00000	1560.02862	1542.68447	1527.68227
2025-08-08T13:22:51Z	5539.00000	1560.29452	1542.94571	1527.83506
2025-08-08T13:22:51Z	5539.00000	1560.54008	1543.18149	1527.97175
2025-08-08T13:22:51Z	5539.00000	1560.66745	1543.29383	1528.04245
2025-08-08T13:22:51Z	5539.00000	1560.67412	1543.28663	1528.04594
2025-08-08T13:22:51Z	5539.00000	1560.67723	1543.28414	1528.04711
2025-08-08T13:22:52Z	5539.00000	1560.67874	1543.28258	1528.04843
2025-08-08T13:22:52Z	5539.00000	1560.68025	1543.28137	1528.04933
2025-08-08T13:22:52Z	5539.00000	1560.68093	1543.28129	1528.04994
2025-08-08T13:22:52Z	5539.00000	1560.68192	1543.28051	1528.05030
2025-08-08T13:22:52Z	5539.00000	1560.68256	1543.28053	1528.05107
2025-08-08T13:22:52Z	5540.00000	1560.68315	1543.28037	1528.05146
2025-08-08T13:22:52Z	5540.00000	1560.68440	1543.27972	1528.05247
2025-08-08T13:22:52Z	5540.00000	1560.68457	1543.27984	1528.05282
2025-08-08T13:22:53Z	5540.00000	1560.68529	1543.28038	1528.05400
2025-08-08T13:22:53Z	5540.00000	1560.68600	1543.28063	1528.05416
2025-08-08T13:22:53Z	5540.00000	1560.68617	1543.28006	1528.05455
2025-08-08T13:22:53Z	5540.00000	1560.68678	1543.28048	1528.05516
2025-08-08T13:22:53Z	5540.00000	1560.68713	1543.28072	1528.05528
2025-08-08T13:22:53Z	5541.00000	1560.68788	1543.28089	1528.05589
2025-08-08T13:22:53Z	5541.00000	1560.68778	1543.28045	1528.05602
2025-08-08T13:22:53Z	5541.00000	1560.68838	1543.28082	1528.05629
2025-08-08T13:22:53Z	5541.00000	1560.68855	1543.28060	1528.05670
2025-08-08T13:22:54Z	5541.00000	1560.68884	1543.28093	1528.05724
2025-08-08T13:22:54Z	5541.00000	1560.68932	1543.28155	1528.05741
2025-08-08T13:22:54Z	5541.00000	1560.68934	1543.28104	1528.05790
2025-08-08T13:22:54Z	5541.00000	1560.69000	1543.28130	1528.05803
2025-08-08T13:22:54Z	5541.00000	1560.69011	1543.28170	1528.05856
2025-08-08T13:22:54Z	5541.00000	1560.69044	1543.28155	1528.05877
2025-08-08T13:22:54Z	5542.00000	1559.34321	1541.95719	1527.31168
2025-08-08T13:22:54Z	5542.00000	1558.55009	1541.24697	1526.87256
2025-08-08T13:22:54Z	5542.00000	1558.21358	1540.93100	1526.68193
2025-08-08T13:22:54Z	5542.00000	1557.90804	1540.64533	1526.51148
2025-08-08T13:22:55Z	5542.00000	1557.63248	1540.39091	1526.35911
2025-08-08T13:22:55Z	5542.00000	1557.40607	1540.18157	1526.23559
2025-08-08T13:22:55Z	5542.00000	1557.18124	1539.97461	1526.11097
2025-08-08T13:22:55Z	5542.00000	1556.92433	1539.73418	1525.97160
2025-08-08T13:22:55Z	5542.00000	1556.70917	1539.53582	1525.85494
2025-08-08T13:22:55Z	5543.00000	1556.49889	1539.34108	1525.73828
2025-08-08T13:22:55Z	5543.00000	1556.25562	1539.11936	1525.61375
2025-08-08T13:22:55Z	5543.00000	1556.09142	1538.96758	1525.52667
2025-08-08T13:22:55Z	5543.00000	1555.85790	1538.74813	1525.40253
2025-08-08T13:22:56Z	5543.00000	1555.60320	1538.50851	1525.26751
2025-08-08T13:22:56Z	5543.00000	1555.38634	1538.30903	1525.14899
2025-08-08T13:22:56Z	5543.00000	1555.27484	1538.20667	1525.08981
2025-08-08T13:22:56Z	5543.00000	1555.26473	1538.19716	1525.08555
2025-08-08T13:22:56Z	5543.00000	1555.26024	1538.19294	1525.08352
2025-08-08T13:22:56Z	5544.00000	1555.25587	1538.18929	1525.08101
2025-08-08T13:22:56Z	5544.00000	1555.25093	1538.18305	1525.07773
2025-08-08T13:22:56Z	5544.00000	1555.24768	1538.18044	1525.07611
2025-08-08T13:22:57Z	5544.00000	1555.24513	1538.17780	1525.07504
2025-08-08T13:22:57Z	5544.00000	1555.24224	1538.17542	1525.07364
2025-08-08T13:22:57Z	5544.00000	1555.24058	1538.17356	1525.07249
2025-08-08T13:22:57Z	5544.00000	1555.23892	1538.17167	1525.07128
2025-08-08T13:22:57Z	5544.00000	1555.23714	1538.16994	1525.07007
2025-08-08T13:22:57Z	5545.00000	1555.23582	1538.16828	1525.06887
2025-08-08T13:22:57Z	5545.00000	1555.23417	1538.16654	1525.06791
2025-08-08T13:22:57Z	5545.00000	1555.23279	1538.16514	1525.06693
2025-08-08T13:22:57Z	5545.00000	1555.23017	1538.16282	1525.06576
2025-08-08T13:22:58Z	5545.00000	1555.22855	1538.16165	1525.06500
2025-08-08T13:22:58Z	5545.00000	1555.22728	1538.16048	1525.06435
2025-08-08T13:22:58Z	5545.00000	1555.22599	1538.15865	1525.06385
2025-08-08T13:22:58Z	5545.00000	1555.22506	1538.15794	1525.06328
2025-08-08T13:22:58Z	5545.00000	1555.22415	1538.15644	1525.06243
2025-08-08T13:22:58Z	5546.00000	1555.22325	1538.15529	1525.06192
2025-08-08T13:22:58Z	5546.00000	1555.22210	1538.15419	1525.06113
2025-08-08T13:22:58Z	5546.00000	1555.22151	1538.15342	1525.06080
2025-08-08T13:22:58Z	5546.00000	1555.22053	1538.15206	1525.06006
2025-08-08T13:22:58Z	5546.00000	1555.21963	1538.15175	1525.05946
2025-08-08T13:22:59Z	5546.00000	1555.21897	1538.15049	1525.05875
2025-08-08T13:22:59Z	5546.00000	1555.21816	1538.14947	1525.05836
2025-08-08T13:22:59Z	5546.00000	1555.21699	1538.14880	1525.05777
2025-08-08T13:22:59Z	5546.00000	1555.21614	1538.14792	1525.05700
2025-08-08T13:22:59Z	5546.00000	1555.21489	1538.14736	1525.05654
2025-08-08T13:22:59Z	5547.00000	1555.21399	1538.14624	1525.05586
2025-08-08T13:22:59Z	5547.00000	1555.21328	1538.14545	1525.05526
2025-08-08T13:22:59Z	5547.00000	1555.21284	1538.14319	1525.05487
2025-08-08T13:22:59Z	5547.00000	1555.21177	1538.14255	1525.05460
2025-08-08T13:22:59Z	5547.00000	1555.21123	1538.14228	1525.05427
2025-08-08T13:23:00Z	5547.00000	1555.21035	1538.14091	1525.05390
2025-08-08T13:23:00Z	5547.00000	1555.20987	1538.14043	1525.05360
2025-08-08T13:23:00Z	5547.00000	1555.20967	1538.14001	1525.05325
2025-08-08T13:23:00Z	5547.00000	1555.20895	1538.13930	1525.05329
2025-08-08T13:23:00Z	5547.00000	1555.20842	1538.13900	1525.05293
2025-08-08T13:23:00Z	5547.00000	1555.20817	1538.13805	1525.05249
2025-08-08T13:23:00Z	5548.00000	1555.20772	1538.13799	1525.05226
2025-08-08T13:23:00Z	5548.00000	1555.23188	1538.16299	1525.06205
2025-08-08T13:23:00Z	5548.00000	1555.60683	1538.50839	1525.27116
2025-08-08T13:23:00Z	5548.00000	1555.93680	1538.81801	1525.44920
2025-08-08T13:23:01Z	5548.00000	1556.31676	1539.17100	1525.65079
2025-08-08T13:23:01Z	5548.00000	1556.65018	1539.48152	1525.82794
2025-08-08T13:23:01Z	5548.00000	1556.97390	1539.78297	1526.00481
2025-08-08T13:23:01Z	5548.00000	1557.28321	1540.07546	1526.17162
2025-08-08T13:23:01Z	5548.00000	1557.58870	1540.36250	1526.33694
2025-08-08T13:23:01Z	5549.00000	1557.84974	1540.60666	1526.47923
2025-08-08T13:23:01Z	5549.00000	1558.10334	1540.84510	1526.61872
2025-08-08T13:23:01Z	5549.00000	1558.35644	1541.08699	1526.75676
2025-08-08T13:23:01Z	5549.00000	1558.68890	1541.39984	1526.93946
2025-08-08T13:23:02Z	5549.00000	1559.01239	1541.71095	1527.11692
2025-08-08T13:23:02Z	5549.00000	1559.21225	1541.90278	1527.22883
2025-08-08T13:23:02Z	5549.00000	1559.45474	1542.13453	1527.36607
2025-08-08T13:23:02Z	5549.00000	1559.73908	1542.41071	1527.52379
2025-08-08T13:23:02Z	5549.00000	1560.12711	1542.78067	1527.73964
2025-08-08T13:23:02Z	5550.00000	1560.38856	1543.02964	1527.88603
2025-08-08T13:23:02Z	5550.00000	1560.66304	1543.30162	1528.03590
2025-08-08T13:23:02Z	5550.00000	1560.68084	1543.29160	1528.04782
2025-08-08T13:23:02Z	5550.00000	1560.68350	1543.28867	1528.05012
2025-08-08T13:23:03Z	5550.00000	1560.68443	1543.28661	1528.05106
2025-08-08T13:23:03Z	5550.00000	1560.68576	1543.28630	1528.05194
2025-08-08T13:23:03Z	5550.00000	1560.68691	1543.28486	1528.05282
2025-08-08T13:23:03Z	5550.00000	1560.68789	1543.28414	1528.05350
2025-08-08T13:23:03Z	5550.00000	1560.68843	1543.28377	1528.05389
2025-08-08T13:23:03Z	5551.00000	1560.68879	1543.28383	1528.05427
2025-08-08T13:23:03Z	5551.00000	1560.68898	1543.28323	1528.05508
2025-08-08T13:23:03Z	5551.00000	1560.68983	1543.28371	1528.05539
2025-08-08T13:23:03Z	5551.00000	1560.69032	1543.28374	1528.05605
2025-08-08T13:23:04Z	5551.00000	1560.69060	1543.28333	1528.05639
2025-08-08T13:23:04Z	5551.00000	1560.69095	1543.28358	1528.05693
2025-08-08T13:23:04Z	5551.00000	1560.69145	1543.28320	1528.05729
2025-08-08T13:23:04Z	5551.00000	1560.69174	1543.28383	1528.05777
2025-08-08T13:23:04Z	5551.00000	1560.69202	1543.28345	1528.05795
2025-08-08T13:23:04Z	5552.00000	1560.69216	1543.28330	1528.05822
2025-08-08T13:23:04Z	5552.00000	1560.69252	1543.28357	1528.05861
2025-08-08T13:23:04Z	5552.00000	1560.69284	1543.28377	1528.05904
2025-08-08T13:23:04Z	5552.00000	1560.69292	1543.28383	1528.05899
2025-08-08T13:23:04Z	5552.00000	1560.69316	1543.28380	1528.05936
2025-08-08T13:23:05Z	5552.00000	1560.69348	1543.28454	1528.05945
2025-08-08T13:23:05Z	5552.00000	1560.69373	1543.28466	1528.05972
2025-08-08T13:23:05Z	5552.00000	1560.69394	1543.28419	1528.05985
2025-08-08T13:23:05Z	5552.00000	1560.69407	1543.28490	1528.06025
2025-08-08T13:23:05Z	5552.00000	1560.69433	1543.28438	1528.06036
2025-08-08T13:23:05Z	5553.00000	1560.69338	1543.28168	1528.06066
2025-08-08T13:23:05Z	5553.00000	1558.77958	1541.45646	1527.00431
2025-08-08T13:23:05Z	5553.00000	1558.37850	1541.08473	1526.77516
2025-08-08T13:23:05Z	5553.00000	1558.15387	1540.87281	1526.64916
2025-08-08T13:23:05Z	5553.00000	1557.90814	1540.64467	1526.51129
2025-08-08T13:23:06Z	5553.00000	1557.67150	1540.42604	1526.38171
2025-08-08T13:23:06Z	5553.00000	1557.43939	1540.21261	1526.25457
2025-08-08T13:23:06Z	5553.00000	1557.17774	1539.96988	1526.10979
2025-08-08T13:23:06Z	5553.00000	1556.99013	1539.79628	1526.00845
2025-08-08T13:23:06Z	5553.00000	1556.77261	1539.59544	1525.88974
2025-08-08T13:23:06Z	5554.00000	1556.56153	1539.39959	1525.77339
2025-08-08T13:23:06Z	5554.00000	1556.34975	1539.20499	1525.66396
2025-08-08T13:23:06Z	5554.00000	1556.11710	1538.99122	1525.54099
2025-08-08T13:23:06Z	5554.00000	1555.78741	1538.68188	1525.36459
2025-08-08T13:23:07Z	5554.00000	1555.59556	1538.50231	1525.26422
2025-08-08T13:23:07Z	5554.00000	1555.31751	1538.24732	1525.11430
2025-08-08T13:23:07Z	5554.00000	1555.28415	1538.21685	1525.09666
2025-08-08T13:23:07Z	5554.00000	1555.27899	1538.21166	1525.09381
2025-08-08T13:23:07Z	5554.00000	1555.27299	1538.20616	1525.09059
2025-08-08T13:23:07Z	5555.00000	1555.26829	1538.20172	1525.08835
2025-08-08T13:23:07Z	5555.00000	1555.26545	1538.19805	1525.08699
2025-08-08T13:23:07Z	5555.00000	1555.26098	1538.19468	1525.08481
2025-08-08T13:23:07Z	5555.00000	1555.25706	1538.19094	1525.08266
2025-08-08T13:23:08Z	5555.00000	1555.25458	1538.18852	1525.08088
2025-08-08T13:23:08Z	5555.00000	1555.25257	1538.18584	1525.07950
2025-08-08T13:23:08Z	5555.00000	1555.24900	1538.18172	1525.07726
2025-08-08T13:23:08Z	5555.00000	1555.24658	1538.18010	1525.07633
2025-08-08T13:23:08Z	5556.00000	1555.24311	1538.17675	1525.07468
2025-08-08T13:23:08Z	5556.00000	1555.24082	1538.17409	1525.07343
2025-08-08T13:23:08Z	5556.00000	1555.23856	1538.17169	1525.07153
2025-08-08T13:23:09Z	5556.00000	1555.23725	1538.17013	1525.07078
2025-08-08T13:23:09Z	5556.00000	1555.23636	1538.16927	1525.06996
2025-08-08T13:23:09Z	5556.00000	1555.23548	1538.16792	1525.06927
2025-08-08T13:23:09Z	5556.00000	1555.23420	1538.16678	1525.06839
2025-08-08T13:23:09Z	5556.00000	1555.23292	1538.16603	1525.06766
2025-08-08T13:23:09Z	5557.00000	1555.23161	1538.16457	1525.06680
2025-08-08T13:23:09Z	5557.00000	1555.23013	1538.16385	1525.06614
2025-08-08T13:23:09Z	5557.00000	1555.22883	1538.16232	1525.06567
2025-08-08T13:23:09Z	5557.00000	1555.22726	1538.16062	1525.06460
2025-08-08T13:23:10Z	5557.00000	1555.22602	1538.15913	1525.06425
2025-08-08T13:23:10Z	5557.00000	1555.22546	1538.15805	1525.06386
2025-08-08T13:23:10Z	5557.00000	1555.22444	1538.15733	1525.06350
2025-08-08T13:23:10Z	5557.00000	1555.22381	1538.15671	1525.06297
2025-08-08T13:23:10Z	5557.00000	1555.22301	1538.15518	1525.06238
2025-08-08T13:23:10Z	5558.00000	1555.22232	1538.15459	1525.06185
2025-08-08T13:23:10Z	5558.00000	1555.22158	1538.15406	1525.06140
2025-08-08T13:23:10Z	5558.00000	1555.22126	1538.15341	1525.06080
2025-08-08T13:23:10Z	5558.00000	1555.22050	1538.15207	1525.06032
2025-08-08T13:23:10Z	5558.00000	1555.21958	1538.15126	1525.05970
2025-08-08T13:23:11Z	5558.00000	1555.21899	1538.15062	1525.05935
2025-08-08T13:23:11Z	5558.00000	1555.21823	1538.15019	1525.05885
2025-08-08T13:23:11Z	5558.00000	1555.21748	1538.14947	1525.05833
2025-08-08T13:23:11Z	5558.00000	1555.21670	1538.14880	1525.05799
2025-08-08T13:23:11Z	5558.00000	1555.21593	1538.14811	1525.05734
2025-08-08T13:23:11Z	5559.00000	1555.21510	1538.14711	1525.05671
2025-08-08T13:23:11Z	5559.00000	1555.21459	1538.14715	1525.05656
2025-08-08T13:23:11Z	5559.00000	1555.42607	1538.34275	1525.16818
2025-08-08T13:23:11Z	5559.00000	1555.75872	1538.65151	1525.35303
2025-08-08T13:23:11Z	5559.00000	1555.99994	1538.87696	1525.48367
2025-08-08T13:23:12Z	5559.00000	1556.28510	1539.14378	1525.63505
2025-08-08T13:23:12Z	5559.00000	1556.62063	1539.45594	1525.81256
2025-08-08T13:23:12Z	5559.00000	1556.94356	1539.75648	1525.98930
2025-08-08T13:23:12Z	5559.00000	1557.29872	1540.09058	1526.18124
2025-08-08T13:23:12Z	5559.00000	1557.52054	1540.29687	1526.30000
2025-08-08T13:23:12Z	5560.00000	1557.82435	1540.58320	1526.46631
2025-08-08T13:23:12Z	5560.00000	1558.07740	1540.82183	1526.60496
2025-08-08T13:23:12Z	5560.00000	1558.37229	1541.10345	1526.76715
2025-08-08T13:23:12Z	5560.00000	1558.61938	1541.33722	1526.90176
2025-08-08T13:23:13Z	5560.00000	1558.90581	1541.60866	1527.05993
2025-08-08T13:23:13Z	5560.00000	1559.14997	1541.84714	1527.19671
2025-08-08T13:23:13Z	5560.00000	1559.39186	1542.07693	1527.33055
2025-08-08T13:23:13Z	5560.00000	1559.63431	1542.30974	1527.46637
2025-08-08T13:23:13Z	5561.00000	1560.22284	1542.87000	1527.79463
2025-08-08T13:23:13Z	5561.00000	1560.51303	1543.15438	1527.95781
2025-08-08T13:23:13Z	5561.00000	1560.67841	1543.29652	1528.04907
2025-08-08T13:23:13Z	5561.00000	1560.68333	1543.29136	1528.05214
2025-08-08T13:23:14Z	5561.00000	1560.68510	1543.28938	1528.05331
2025-08-08T13:23:14Z	5561.00000	1560.68656	1543.28828	1528.05419
2025-08-08T13:23:14Z	5561.00000	1560.68806	1543.28746	1528.05481
2025-08-08T13:23:14Z	5561.00000	1560.68877	1543.28688	1528.05556
2025-08-08T13:23:14Z	5561.00000	1560.68935	1543.28641	1528.05591
2025-08-08T13:23:14Z	5562.00000	1560.68984	1543.28610	1528.05669
2025-08-08T13:23:14Z	5562.00000	1560.69040	1543.28500	1528.05711
2025-08-08T13:23:14Z	5562.00000	1560.69080	1543.28568	1528.05788
2025-08-08T13:23:14Z	5562.00000	1560.69100	1543.28605	1528.05811
2025-08-08T13:23:14Z	5562.00000	1560.69138	1543.28540	1528.05863
2025-08-08T13:23:15Z	5562.00000	1560.69192	1543.28582	1528.05891
2025-08-08T13:23:15Z	5562.00000	1560.69206	1543.28564	1528.05918
2025-08-08T13:23:15Z	5562.00000	1560.69234	1543.28565	1528.05943
2025-08-08T13:23:15Z	5562.00000	1560.69272	1543.28569	1528.05972
2025-08-08T13:23:15Z	5562.00000	1560.69288	1543.28543	1528.05999
2025-08-08T13:23:15Z	5563.00000	1560.69317	1543.28610	1528.06028
2025-08-08T13:23:15Z	5563.00000	1560.69345	1543.28595	1528.06051
2025-08-08T13:23:15Z	5563.00000	1560.69374	1543.28607	1528.06079
2025-08-08T13:23:15Z	5563.00000	1560.69380	1543.28584	1528.06097
2025-08-08T13:23:16Z	5563.00000	1560.69417	1543.28631	1528.06122
2025-08-08T13:23:16Z	5563.00000	1560.69451	1543.28634	1528.06155
2025-08-08T13:23:16Z	5563.00000	1560.69457	1543.28641	1528.06182
2025-08-08T13:23:16Z	5563.00000	1560.69483	1543.28686	1528.06201
2025-08-08T13:23:16Z	5563.00000	1560.69493	1543.28680	1528.06219
2025-08-08T13:23:16Z	5564.00000	1559.26961	1541.89300	1527.26553
2025-08-08T13:23:16Z	5564.00000	1558.61727	1541.30716	1526.90838
2025-08-08T13:23:16Z	5564.00000	1558.22251	1540.93924	1526.68800
2025-08-08T13:23:16Z	5564.00000	1557.96933	1540.70371	1526.54584
2025-08-08T13:23:17Z	5564.00000	1557.73252	1540.48317	1526.41729
2025-08-08T13:23:17Z	5564.00000	1557.49558	1540.26248	1526.28406
2025-08-08T13:23:17Z	5564.00000	1557.26613	1540.05322	1526.15853
2025-08-08T13:23:17Z	5564.00000	1556.97871	1539.78442	1526.00204
2025-08-08T13:23:17Z	5564.00000	1556.76043	1539.58426	1525.88371
2025-08-08T13:23:17Z	5565.00000	1556.47761	1539.32332	1525.72863
2025-08-08T13:23:17Z	5565.00000	1556.26715	1539.13136	1525.62182
2025-08-08T13:23:17Z	5565.00000	1556.04034	1538.92083	1525.50187
2025-08-08T13:23:17Z	5565.00000	1555.83957	1538.73200	1525.39377
2025-08-08T13:23:17Z	5565.00000	1555.64633	1538.55025	1525.29135
2025-08-08T13:23:18Z	5565.00000	1555.42662	1538.34891	1525.17210
2025-08-08T13:23:18Z	5565.00000	1555.29256	1538.22527	1525.10051
2025-08-08T13:23:18Z	5565.00000	1555.28750	1538.22097	1525.09961
2025-08-08T13:23:18Z	5565.00000	1555.28249	1538.21504	1525.09648
2025-08-08T13:23:18Z	5565.00000	1555.27669	1538.20979	1525.09347
2025-08-08T13:23:18Z	5566.00000	1555.27187	1538.20652	1525.09111
2025-08-08T13:23:18Z	5566.00000	1555.26847	1538.20255	1525.08927
2025-08-08T13:23:18Z	5566.00000	1555.26566	1538.19895	1525.08749
2025-08-08T13:23:18Z	5566.00000	1555.26224	1538.19605	1525.08593
2025-08-08T13:23:19Z	5566.00000	1555.25892	1538.19281	1525.08426
2025-08-08T13:23:19Z	5566.00000	1555.25612	1538.19023	1525.08239
2025-08-08T13:23:19Z	5566.00000	1555.25407	1538.18834	1525.08116
2025-08-08T13:23:19Z	5566.00000	1555.25220	1538.18565	1525.07982
2025-08-08T13:23:19Z	5566.00000	1555.25074	1538.18370	1525.07884
2025-08-08T13:23:19Z	5567.00000	1555.24866	1538.18210	1525.07762
2025-08-08T13:23:19Z	5567.00000	1555.24714	1538.18029	1525.07685
2025-08-08T13:23:19Z	5567.00000	1555.24614	1538.17931	1525.07646
2025-08-08T13:23:19Z	5567.00000	1555.24317	1538.17706	1525.07512
2025-08-08T13:23:19Z	5567.00000	1555.24214	1538.17605	1525.07461
2025-08-08T13:23:20Z	5567.00000	1555.24098	1538.17442	1525.07380
2025-08-08T13:23:20Z	5567.00000	1555.23966	1538.17300	1525.07312
2025-08-08T13:23:20Z	5567.00000	1555.23888	1538.17231	1525.07210
2025-08-08T13:23:20Z	5567.00000	1555.23772	1538.17077	1525.07139
2025-08-08T13:23:20Z	5567.00000	1555.23673	1538.17003	1525.07071
2025-08-08T13:23:20Z	5568.00000	1555.23558	1538.16825	1525.06968
2025-08-08T13:23:20Z	5568.00000	1555.23439	1538.16736	1525.06905
2025-08-08T13:23:20Z	5568.00000	1555.23324	1538.16617	1525.06807
2025-08-08T13:23:20Z	5568.00000	1555.23211	1538.16523	1525.06757
2025-08-08T13:23:21Z	5568.00000	1555.23073	1538.16404	1525.06701
2025-08-08T13:23:21Z	5568.00000	1555.22964	1538.16297	1525.06657
2025-08-08T13:23:21Z	5568.00000	1555.22861	1538.16196	1525.06586
2025-08-08T13:23:21Z	5568.00000	1555.22785	1538.16162	1525.06548
2025-08-08T13:23:21Z	5568.00000	1555.22699	1538.16026	1525.06516
2025-08-08T13:23:21Z	5568.00000	1555.22631	1538.15967	1525.06462
2025-08-08T13:23:21Z	5569.00000	1555.22558	1538.15864	1525.06412
2025-08-08T13:23:21Z	5569.00000	1555.22478	1538.15780	1525.06373
2025-08-08T13:23:21Z	5569.00000	1555.22401	1538.15675	1525.06342
2025-08-08T13:23:21Z	5569.00000	1555.22327	1538.15596	1525.06288
2025-08-08T13:23:22Z	5569.00000	1555.22279	1538.15516	1525.06232
2025-08-08T13:23:22Z	5569.00000	1555.22206	1538.15443	1525.06181
2025-08-08T13:23:22Z	5569.00000	1555.22142	1538.15319	1525.06127
2025-08-08T13:23:22Z	5569.00000	1555.22058	1538.15248	1525.06079
2025-08-08T13:23:22Z	5569.00000	1555.21990	1538.15208	1525.06038
2025-08-08T13:23:22Z	5570.00000	1555.21905	1538.15150	1525.05950
2025-08-08T13:23:22Z	5570.00000	1555.43965	1538.35391	1525.17410
2025-08-08T13:23:22Z	5570.00000	1555.77188	1538.66418	1525.35868
2025-08-08T13:23:22Z	5570.00000	1556.06010	1538.93606	1525.51558
2025-08-08T13:23:23Z	5570.00000	1556.58673	1539.42284	1525.79390
2025-08-08T13:23:23Z	5570.00000	1556.86388	1539.68284	1525.94502
2025-08-08T13:23:23Z	5570.00000	1557.18020	1539.98112	1526.11672
2025-08-08T13:23:23Z	5570.00000	1557.44594	1540.22837	1526.26203
2025-08-08T13:23:23Z	5571.00000	1557.74835	1540.51228	1526.42754
2025-08-08T13:23:23Z	5571.00000	1558.04598	1540.79276	1526.58814
2025-08-08T13:23:23Z	5571.00000	1558.30688	1541.04067	1526.73133
2025-08-08T13:23:23Z	5571.00000	1558.63605	1541.35399	1526.91200
2025-08-08T13:23:24Z	5571.00000	1558.88699	1541.59049	1527.04985
2025-08-08T13:23:24Z	5571.00000	1559.20730	1541.90014	1527.22805
2025-08-08T13:23:24Z	5571.00000	1559.45649	1542.13805	1527.36895
2025-08-08T13:23:24Z	5571.00000	1559.77826	1542.44935	1527.54855
2025-08-08T13:23:24Z	5571.00000	1560.01157	1542.66894	1527.67529
2025-08-08T13:23:24Z	5572.00000	1560.27234	1542.92343	1527.82366
2025-08-08T13:23:24Z	5572.00000	1560.56712	1543.20633	1527.98710
2025-08-08T13:23:24Z	5572.00000	1560.68052	1543.29678	1528.04953
2025-08-08T13:23:24Z	5572.00000	1560.68484	1543.29198	1528.05230
2025-08-08T13:23:25Z	5572.00000	1560.68633	1543.29017	1528.05365
2025-08-08T13:23:25Z	5572.00000	1560.68788	1543.28932	1528.05476
2025-08-08T13:23:25Z	5572.00000	1560.68894	1543.28812	1528.05555
2025-08-08T13:23:25Z	5572.00000	1560.68928	1543.28777	1528.05604
2025-08-08T13:23:25Z	5572.00000	1560.69003	1543.28742	1528.05644
2025-08-08T13:23:25Z	5572.00000	1560.69070	1543.28690	1528.05773
2025-08-08T13:23:25Z	5573.00000	1560.69118	1543.28697	1528.05787
2025-08-08T13:23:25Z	5573.00000	1560.69167	1543.28674	1528.05853
2025-08-08T13:23:25Z	5573.00000	1560.69202	1543.28689	1528.05863
2025-08-08T13:23:25Z	5573.00000	1560.69238	1543.28677	1528.05916
2025-08-08T13:23:26Z	5573.00000	1560.69257	1543.28668	1528.05938
2025-08-08T13:23:26Z	5573.00000	1560.69290	1543.28685	1528.05990
2025-08-08T13:23:26Z	5573.00000	1560.69339	1543.28663	1528.06026
2025-08-08T13:23:26Z	5573.00000	1560.69362	1543.28687	1528.06052
2025-08-08T13:23:26Z	5573.00000	1560.69386	1543.28630	1528.06064
2025-08-08T13:23:26Z	5574.00000	1560.69418	1543.28678	1528.06078
2025-08-08T13:23:26Z	5574.00000	1560.69428	1543.28663	1528.06111
2025-08-08T13:23:26Z	5574.00000	1560.69456	1543.28681	1528.06128
2025-08-08T13:23:26Z	5574.00000	1560.69487	1543.28707	1528.06157
2025-08-08T13:23:27Z	5574.00000	1560.69518	1543.28753	1528.06196
2025-08-08T13:23:27Z	5574.00000	1560.69548	1543.28766	1528.06208
2025-08-08T13:23:27Z	5574.00000	1560.69583	1543.28743	1528.06263
2025-08-08T13:23:27Z	5574.00000	1560.69573	1543.28786	1528.06272
2025-08-08T13:23:27Z	5575.00000	1559.22059	1541.84946	1527.24104
2025-08-08T13:23:27Z	5575.00000	1558.49658	1541.19362	1526.84100
2025-08-08T13:23:27Z	5575.00000	1558.21657	1540.93296	1526.68397
2025-08-08T13:23:27Z	5575.00000	1557.88245	1540.62113	1526.49795
2025-08-08T13:23:28Z	5575.00000	1557.60778	1540.36930	1526.34633
2025-08-08T13:23:28Z	5575.00000	1557.34333	1540.12211	1526.20095
2025-08-08T13:23:28Z	5575.00000	1557.11868	1539.91729	1526.07941
2025-08-08T13:23:28Z	5575.00000	1556.89840	1539.71267	1525.95856
2025-08-08T13:23:28Z	5575.00000	1556.68465	1539.51487	1525.84273
2025-08-08T13:23:28Z	5576.00000	1556.36857	1539.22345	1525.67453
2025-08-08T13:23:28Z	5576.00000	1556.16520	1539.03645	1525.56615
2025-08-08T13:23:28Z	5576.00000	1555.90084	1538.79012	1525.42811
2025-08-08T13:23:28Z	5576.00000	1555.73692	1538.63571	1525.33973
2025-08-08T13:23:29Z	5576.00000	1555.51551	1538.42951	1525.22062
2025-08-08T13:23:29Z	5576.00000	1555.30029	1538.23277	1525.10707
2025-08-08T13:23:29Z	5576.00000	1555.28875	1538.22191	1525.09972
2025-08-08T13:23:29Z	5576.00000	1555.28351	1538.21643	1525.09762
2025-08-08T13:23:29Z	5576.00000	1555.27951	1538.21226	1525.09519
2025-08-08T13:23:29Z	5577.00000	1555.27423	1538.20740	1525.09223
2025-08-08T13:23:29Z	5577.00000	1555.27010	1538.20436	1525.09032
2025-08-08T13:23:29Z	5577.00000	1555.26742	1538.20109	1525.08869
2025-08-08T13:23:29Z	5577.00000	1555.26541	1538.19878	1525.08775
2025-08-08T13:23:30Z	5577.00000	1555.26305	1538.19658	1525.08644
2025-08-08T13:23:30Z	5577.00000	1555.26034	1538.19464	1525.08527
2025-08-08T13:23:30Z	5577.00000	1555.25735	1538.19154	1525.08366
2025-08-08T13:23:30Z	5577.00000	1555.25522	1538.18919	1525.08189
2025-08-08T13:23:30Z	5577.00000	1555.25342	1538.18758	1525.08078
2025-08-08T13:23:30Z	5578.00000	1555.25222	1538.18550	1525.07974
2025-08-08T13:23:30Z	5578.00000	1555.25056	1538.18364	1525.07888
2025-08-08T13:23:30Z	5578.00000	1555.24948	1538.18270	1525.07826
2025-08-08T13:23:30Z	5578.00000	1555.24729	1538.18091	1525.07719
2025-08-08T13:23:30Z	5578.00000	1555.24569	1538.17920	1525.07647
2025-08-08T13:23:31Z	5578.00000	1555.24352	1538.17740	1525.07549
2025-08-08T13:23:31Z	5578.00000	1555.24228	1538.17605	1525.07471
2025-08-08T13:23:31Z	5578.00000	1555.24089	1538.17464	1525.07411
2025-08-08T13:23:31Z	5578.00000	1555.23977	1538.17306	1525.07303
2025-08-08T13:23:31Z	5578.00000	1555.23879	1538.17232	1525.07239
2025-08-08T13:23:31Z	5579.00000	1555.23796	1538.17110	1525.07158
2025-08-08T13:23:31Z	5579.00000	1555.23675	1538.16999	1525.07079
2025-08-08T13:23:31Z	5579.00000	1555.23593	1538.16863	1525.07015
2025-08-08T13:23:31Z	5579.00000	1555.23500	1538.16799	1525.06941
2025-08-08T13:23:32Z	5579.00000	1555.23398	1538.16691	1525.06876
2025-08-08T13:23:32Z	5579.00000	1555.23318	1538.16596	1525.06841
2025-08-08T13:23:32Z	5579.00000	1555.23174	1538.16511	1525.06757
2025-08-08T13:23:32Z	5579.00000	1555.23025	1538.16368	1525.06696
2025-08-08T13:23:32Z	5579.00000	1555.22925	1538.16309	1525.06623
2025-08-08T13:23:32Z	5580.00000	1555.22836	1538.16263	1525.06587
2025-08-08T13:23:32Z	5580.00000	1555.22720	1538.16110	1525.06541
2025-08-08T13:23:32Z	5580.00000	1555.22628	1538.15967	1525.06489
2025-08-08T13:23:32Z	5580.00000	1555.22571	1538.15863	1525.06457
2025-08-08T13:23:33Z	5580.00000	1555.22500	1538.15843	1525.06410
2025-08-08T13:23:33Z	5580.00000	1555.22466	1538.15762	1525.06377
2025-08-08T13:23:33Z	5580.00000	1555.22392	1538.15676	1525.06343
2025-08-08T13:23:33Z	5580.00000	1555.22345	1538.15606	1525.06299
2025-08-08T13:23:33Z	5580.00000	1555.22314	1538.15537	1525.06266
2025-08-08T13:23:33Z	5580.00000	1555.22205	1538.15462	1525.06222
2025-08-08T13:23:33Z	5581.00000	1555.22152	1538.15391	1525.06167
2025-08-08T13:23:33Z	5581.00000	1555.22100	1538.15332	1525.06115
2025-08-08T13:23:33Z	5581.00000	1555.57452	1538.47853	1525.25331
2025-08-08T13:23:33Z	5581.00000	1555.85976	1538.74810	1525.40838
2025-08-08T13:23:34Z	5581.00000	1556.19018	1539.05555	1525.58292
2025-08-08T13:23:34Z	5581.00000	1556.47624	1539.32134	1525.73374
2025-08-08T13:23:34Z	5581.00000	1556.79617	1539.62070	1525.90927
2025-08-08T13:23:34Z	5581.00000	1557.06794	1539.87576	1526.05833
2025-08-08T13:23:34Z	5581.00000	1557.33814	1540.12705	1526.20365
2025-08-08T13:23:34Z	5581.00000	1557.59924	1540.37446	1526.34447
2025-08-08T13:23:34Z	5582.00000	1557.85744	1540.61524	1526.48476
2025-08-08T13:23:34Z	5582.00000	1558.11082	1540.85402	1526.62463
2025-08-08T13:23:34Z	5582.00000	1558.40189	1541.13150	1526.78471
2025-08-08T13:23:34Z	5582.00000	1558.64637	1541.36319	1526.91807
2025-08-08T13:23:35Z	5582.00000	1558.89065	1541.59452	1527.05219
2025-08-08T13:23:35Z	5582.00000	1559.13319	1541.83135	1527.18779
2025-08-08T13:23:35Z	5582.00000	1559.46520	1542.14765	1527.37408
2025-08-08T13:23:35Z	5582.00000	1559.71110	1542.38526	1527.50899
2025-08-08T13:23:35Z	5582.00000	1559.94535	1542.60896	1527.63841
2025-08-08T13:23:35Z	5582.00000	1560.17902	1542.82895	1527.77017
2025-08-08T13:23:35Z	5583.00000	1560.40338	1543.04465	1527.89690
2025-08-08T13:23:35Z	5583.00000	1560.60806	1543.25132	1528.00939
2025-08-08T13:23:35Z	5583.00000	1560.68427	1543.29357	1528.05253
2025-08-08T13:23:36Z	5583.00000	1560.68660	1543.29113	1528.05413
2025-08-08T13:23:36Z	5583.00000	1560.68803	1543.28986	1528.05512
2025-08-08T13:23:36Z	5583.00000	1560.68941	1543.28949	1528.05590
2025-08-08T13:23:36Z	5583.00000	1560.68965	1543.28823	1528.05655
2025-08-08T13:23:36Z	5583.00000	1560.69073	1543.28715	1528.05749
2025-08-08T13:23:36Z	5584.00000	1560.69122	1543.28771	1528.05811
2025-08-08T13:23:36Z	5584.00000	1560.69151	1543.28691	1528.05847
2025-08-08T13:23:36Z	5584.00000	1560.69198	1543.28733	1528.05900
2025-08-08T13:23:36Z	5584.00000	1560.69247	1543.28741	1528.05924
2025-08-08T13:23:37Z	5584.00000	1560.69276	1543.28710	1528.05960
2025-08-08T13:23:37Z	5584.00000	1560.69337	1543.28694	1528.06004
2025-08-08T13:23:37Z	5584.00000	1560.69360	1543.28703	1528.06043
2025-08-08T13:23:37Z	5584.00000	1560.69398	1543.28711	1528.06080
2025-08-08T13:23:37Z	5584.00000	1560.69416	1543.28709	1528.06100
2025-08-08T13:23:37Z	5585.00000	1560.69444	1543.28775	1528.06127
2025-08-08T13:23:37Z	5585.00000	1560.69462	1543.28789	1528.06155
2025-08-08T13:23:37Z	5585.00000	1560.69495	1543.28794	1528.06176
2025-08-08T13:23:37Z	5585.00000	1560.69503	1543.28735	1528.06203
2025-08-08T13:23:38Z	5585.00000	1560.69531	1543.28759	1528.06204
2025-08-08T13:23:38Z	5585.00000	1560.69568	1543.28817	1528.06249
2025-08-08T13:23:38Z	5585.00000	1560.69579	1543.28816	1528.06265
2025-08-08T13:23:38Z	5585.00000	1560.69587	1543.28848	1528.06283
2025-08-08T13:23:38Z	5585.00000	1560.69575	1543.28876	1528.06281
2025-08-08T13:23:38Z	5586.00000	1560.69632	1543.28864	1528.06318
2025-08-08T13:23:38Z	5586.00000	1558.87965	1541.54868	1527.06023
2025-08-08T13:23:38Z	5586.00000	1558.48866	1541.18730	1526.83900
2025-08-08T13:23:38Z	5586.00000	1558.20826	1540.92708	1526.68092
2025-08-08T13:23:38Z	5586.00000	1557.87333	1540.61384	1526.49352
2025-08-08T13:23:39Z	5586.00000	1557.63725	1540.39678	1526.36385
2025-08-08T13:23:39Z	5586.00000	1557.37083	1540.14790	1526.21738
2025-08-08T13:23:39Z	5586.00000	1557.07028	1539.87314	1526.05397
2025-08-08T13:23:39Z	5586.00000	1556.85390	1539.67135	1525.93344
2025-08-08T13:23:39Z	5587.00000	1556.56807	1539.40754	1525.77814
2025-08-08T13:23:39Z	5587.00000	1556.32172	1539.18085	1525.65062
2025-08-08T13:23:39Z	5587.00000	1556.15590	1539.02747	1525.56140
2025-08-08T13:23:39Z	5587.00000	1555.92152	1538.80914	1525.44015
2025-08-08T13:23:39Z	5587.00000	1555.69613	1538.59737	1525.31843
2025-08-08T13:23:40Z	5587.00000	1555.50379	1538.41924	1525.21375
2025-08-08T13:23:40Z	5587.00000	1555.29890	1538.23154	1525.10483
2025-08-08T13:23:40Z	5587.00000	1555.29235	1538.22527	1525.10165
2025-08-08T13:23:40Z	5587.00000	1555.28688	1538.22047	1525.09947
2025-08-08T13:23:40Z	5587.00000	1555.28269	1538.21549	1525.09718
2025-08-08T13:23:40Z	5588.00000	1555.27935	1538.21263	1525.09571
2025-08-08T13:23:40Z	5588.00000	1555.27564	1538.20925	1525.09334
2025-08-08T13:23:40Z	5588.00000	1555.27139	1538.20609	1525.09141
2025-08-08T13:23:40Z	5588.00000	1555.26911	1538.20345	1525.09006
2025-08-08T13:23:40Z	5588.00000	1555.26645	1538.19998	1525.08837
2025-08-08T13:23:41Z	5588.00000	1555.26434	1538.19803	1525.08734
2025-08-08T13:23:41Z	5588.00000	1555.26182	1538.19570	1525.08615
2025-08-08T13:23:41Z	5588.00000	1555.25910	1538.19370	1525.08506
2025-08-08T13:23:41Z	5588.00000	1555.25689	1538.19115	1525.08367
2025-08-08T13:23:41Z	5588.00000	1555.25467	1538.18947	1525.08206
2025-08-08T13:23:41Z	5589.00000	1555.25355	1538.18771	1525.08099
2025-08-08T13:23:41Z	5589.00000	1555.25038	1538.18366	1525.07895
2025-08-08T13:23:41Z	5589.00000	1555.24847	1538.18215	1525.07790
2025-08-08T13:23:42Z	5589.00000	1555.24751	1538.18067	1525.07740
2025-08-08T13:23:42Z	5589.00000	1555.24580	1538.17978	1525.07657
2025-08-08T13:23:42Z	5589.00000	1555.24396	1538.17803	1525.07594
2025-08-08T13:23:42Z	5589.00000	1555.24258	1538.17658	1525.07522
2025-08-08T13:23:42Z	5589.00000	1555.24125	1538.17532	1525.07467
2025-08-08T13:23:42Z	5589.00000	1555.24005	1538.17418	1525.07374
2025-08-08T13:23:42Z	5590.00000	1555.23927	1538.17288	1525.07313
2025-08-08T13:23:42Z	5590.00000	1555.23842	1538.17168	1525.07231
2025-08-08T13:23:42Z	5590.00000	1555.23721	1538.17081	1525.07163
2025-08-08T13:23:42Z	5590.00000	1555.23660	1538.16973	1525.07087
2025-08-08T13:23:43Z	5590.00000	1555.23540	1538.16848	1525.06996
2025-08-08T13:23:43Z	5590.00000	1555.23447	1538.16757	1525.06930
2025-08-08T13:23:43Z	5590.00000	1555.23357	1538.16691	1525.06885
2025-08-08T13:23:43Z	5590.00000	1555.23259	1538.16610	1525.06823
2025-08-08T13:23:43Z	5590.00000	1555.23152	1538.16523	1525.06772
2025-08-08T13:23:43Z	5591.00000	1555.22920	1538.16321	1525.06629
2025-08-08T13:23:43Z	5591.00000	1555.22852	1538.16239	1525.06610
2025-08-08T13:23:43Z	5591.00000	1555.22733	1538.16114	1525.06575
2025-08-08T13:23:44Z	5591.00000	1555.22653	1538.16049	1525.06515
2025-08-08T13:23:44Z	5591.00000	1555.22577	1538.15954	1525.06484
2025-08-08T13:23:44Z	5591.00000	1555.22526	1538.15851	1525.06431
2025-08-08T13:23:44Z	5591.00000	1555.22488	1538.15799	1525.06400
2025-08-08T13:23:44Z	5591.00000	1555.22408	1538.15733	1525.06369
2025-08-08T13:23:44Z	5592.00000	1555.22368	1538.15650	1525.06336
2025-08-08T13:23:44Z	5592.00000	1555.22318	1538.15605	1525.06303
2025-08-08T13:23:44Z	5592.00000	1555.40597	1538.32400	1525.16044
2025-08-08T13:23:44Z	5592.00000	1555.73541	1538.62961	1525.33880
2025-08-08T13:23:44Z	5592.00000	1556.06857	1538.94407	1525.52031
2025-08-08T13:23:45Z	5592.00000	1556.35677	1539.20999	1525.67409
2025-08-08T13:23:45Z	5592.00000	1556.68480	1539.51572	1525.84908
2025-08-08T13:23:45Z	5592.00000	1556.95951	1539.77321	1525.99970
2025-08-08T13:23:45Z	5592.00000	1557.23577	1540.03334	1526.14745
2025-08-08T13:23:45Z	5592.00000	1557.54635	1540.32201	1526.31531
2025-08-08T13:23:45Z	5593.00000	1557.80147	1540.56505	1526.45656
2025-08-08T13:23:45Z	5593.00000	1558.10399	1540.84819	1526.62103
2025-08-08T13:23:45Z	5593.00000	1558.35738	1541.08974	1526.75984
2025-08-08T13:23:46Z	5593.00000	1558.89238	1541.59645	1527.05352
2025-08-08T13:23:46Z	5593.00000	1559.21568	1541.90787	1527.23259
2025-08-08T13:23:46Z	5593.00000	1559.45753	1542.13958	1527.36926
2025-08-08T13:23:46Z	5593.00000	1559.70140	1542.37602	1527.50341
2025-08-08T13:23:46Z	5593.00000	1559.94046	1542.60533	1527.63584
2025-08-08T13:23:46Z	5594.00000	1560.39396	1543.03591	1527.89064
2025-08-08T13:23:46Z	5594.00000	1560.68090	1543.29660	1528.04992
2025-08-08T13:23:46Z	5594.00000	1560.68536	1543.29231	1528.05301
2025-08-08T13:23:47Z	5594.00000	1560.68735	1543.29039	1528.05427
2025-08-08T13:23:47Z	5594.00000	1560.68868	1543.28954	1528.05535
2025-08-08T13:23:47Z	5594.00000	1560.68958	1543.28867	1528.05599
2025-08-08T13:23:47Z	5594.00000	1560.69036	1543.28844	1528.05659
2025-08-08T13:23:47Z	5594.00000	1560.69082	1543.28770	1528.05743
2025-08-08T13:23:47Z	5595.00000	1560.69130	1543.28702	1528.05791
2025-08-08T13:23:47Z	5595.00000	1560.69183	1543.28691	1528.05824
2025-08-08T13:23:47Z	5595.00000	1560.69221	1543.28705	1528.05869
2025-08-08T13:23:47Z	5595.00000	1560.69238	1543.28732	1528.05889
2025-08-08T13:23:47Z	5595.00000	1560.69274	1543.28740	1528.05929
2025-08-08T13:23:48Z	5595.00000	1560.69320	1543.28744	1528.05961
2025-08-08T13:23:48Z	5595.00000	1560.69347	1543.28794	1528.05989
2025-08-08T13:23:48Z	5595.00000	1560.69375	1543.28752	1528.06021
2025-08-08T13:23:48Z	5595.00000	1560.69405	1543.28750	1528.06052
2025-08-08T13:23:48Z	5595.00000	1560.69430	1543.28733	1528.06080
2025-08-08T13:23:48Z	5596.00000	1560.69463	1543.28747	1528.06116
2025-08-08T13:23:48Z	5596.00000	1560.69492	1543.28744	1528.06125
2025-08-08T13:23:48Z	5596.00000	1560.69498	1543.28794	1528.06147
2025-08-08T13:23:48Z	5596.00000	1560.69527	1543.28826	1528.06170
2025-08-08T13:23:48Z	5596.00000	1560.69544	1543.28748	1528.06186
2025-08-08T13:23:49Z	5596.00000	1560.69561	1543.28818	1528.06209
2025-08-08T13:23:49Z	5596.00000	1560.69567	1543.28798	1528.06233
2025-08-08T13:23:49Z	5596.00000	1560.69605	1543.28803	1528.06261
2025-08-08T13:23:49Z	5596.00000	1560.69588	1543.28847	1528.06257
2025-08-08T13:23:49Z	5596.00000	1560.69642	1543.28836	1528.06275
2025-08-08T13:23:49Z	5597.00000	1560.69613	1543.28890	1528.06296
2025-08-08T13:23:49Z	5597.00000	1559.00135	1541.65885	1527.12502
2025-08-08T13:23:49Z	5597.00000	1558.54699	1541.24235	1526.87112
2025-08-08T13:23:49Z	5597.00000	1558.21751	1540.93525	1526.68537
2025-08-08T13:23:49Z	5597.00000	1557.92157	1540.65830	1526.52011
2025-08-08T13:23:50Z	5597.00000	1557.64501	1540.40174	1526.36745
2025-08-08T13:23:50Z	5597.00000	1557.37819	1540.15453	1526.22102
2025-08-08T13:23:50Z	5597.00000	1557.19549	1539.98890	1526.11939
2025-08-08T13:23:50Z	5597.00000	1556.93481	1539.74664	1525.97897
2025-08-08T13:23:50Z	5597.00000	1556.68884	1539.51864	1525.84525
2025-08-08T13:23:50Z	5598.00000	1556.48018	1539.32638	1525.73058
2025-08-08T13:23:50Z	5598.00000	1556.23738	1539.10521	1525.60563
2025-08-08T13:23:50Z	5598.00000	1556.00697	1538.89054	1525.48552
2025-08-08T13:23:50Z	5598.00000	1555.80868	1538.70405	1525.37782
2025-08-08T13:23:51Z	5598.00000	1555.55315	1538.46448	1525.24197
2025-08-08T13:23:51Z	5598.00000	1555.36340	1538.29114	1525.13950
2025-08-08T13:23:51Z	5598.00000	1555.29597	1538.22842	1525.10315
2025-08-08T13:23:51Z	5598.00000	1555.28991	1538.22327	1525.10098
2025-08-08T13:23:51Z	5598.00000	1555.28516	1538.21905	1525.09918
2025-08-08T13:23:51Z	5598.00000	1555.28153	1538.21430	1525.09673
2025-08-08T13:23:51Z	5599.00000	1555.27756	1538.21120	1525.09485
2025-08-08T13:23:51Z	5599.00000	1555.27385	1538.20791	1525.09253
2025-08-08T13:23:51Z	5599.00000	1555.27008	1538.20560	1525.09090
2025-08-08T13:23:51Z	5599.00000	1555.26772	1538.20191	1525.08937
2025-08-08T13:23:52Z	5599.00000	1555.26534	1538.19921	1525.08791
2025-08-08T13:23:52Z	5599.00000	1555.26265	1538.19685	1525.08681
2025-08-08T13:23:52Z	5599.00000	1555.25964	1538.19413	1525.08531
2025-08-08T13:23:52Z	5599.00000	1555.25712	1538.19161	1525.08399
2025-08-08T13:23:52Z	5600.00000	1555.25543	1538.19005	1525.08272
2025-08-08T13:23:52Z	5600.00000	1555.25386	1538.18826	1525.08128
2025-08-08T13:23:52Z	5600.00000	1555.25267	1538.18656	1525.08067
2025-08-08T13:23:52Z	5600.00000	1555.25156	1538.18525	1525.07988
2025-08-08T13:23:52Z	5600.00000	1555.24927	1538.18288	1525.07869
2025-08-08T13:23:53Z	5600.00000	1555.24788	1538.18163	1525.07774
2025-08-08T13:23:53Z	5600.00000	1555.24660	1538.18105	1525.07737
2025-08-08T13:23:53Z	5600.00000	1555.24509	1538.17943	1525.07660
2025-08-08T13:23:53Z	5600.00000	1555.24359	1538.17772	1525.07590
2025-08-08T13:23:53Z	5600.00000	1555.24208	1538.17658	1525.07521
2025-08-08T13:23:53Z	5601.00000	1555.24127	1538.17546	1525.07446
2025-08-08T13:23:53Z	5601.00000	1555.23987	1538.17412	1525.07378
2025-08-08T13:23:53Z	5601.00000	1555.23877	1538.17231	1525.07272
2025-08-08T13:23:53Z	5601.00000	1555.23793	1538.17144	1525.07223
2025-08-08T13:23:54Z	5601.00000	1555.23709	1538.17047	1525.07163
2025-08-08T13:23:54Z	5601.00000	1555.23624	1538.16970	1525.07091
2025-08-08T13:23:54Z	5601.00000	1555.23551	1538.16861	1525.07015
2025-08-08T13:23:54Z	5601.00000	1555.23482	1538.16795	1525.06967
2025-08-08T13:23:54Z	5601.00000	1555.23398	1538.16749	1525.06924
2025-08-08T13:23:54Z	5602.00000	1555.23286	1538.16673	1525.06872
2025-08-08T13:23:54Z	5602.00000	1555.23142	1538.16562	1525.06798
2025-08-08T13:23:54Z	5602.00000	1555.23047	1538.16476	1525.06753
2025-08-08T13:23:54Z	5602.00000	1555.22973	1538.16342	1525.06705
2025-08-08T13:23:55Z	5602.00000	1555.22845	1538.16257	1525.06644
2025-08-08T13:23:55Z	5602.00000	1555.22769	1538.16179	1525.06592
2025-08-08T13:23:55Z	5602.00000	1555.22596	1538.16003	1525.06499
2025-08-08T13:23:55Z	5602.00000	1555.22559	1538.15937	1525.06472
2025-08-08T13:23:55Z	5603.00000	1555.22517	1538.15835	1525.06433
2025-08-08T13:23:55Z	5603.00000	1555.22439	1538.15776	1525.06413
2025-08-08T13:23:55Z	5603.00000	1555.34146	1538.26353	1525.12455
2025-08-08T13:23:55Z	5603.00000	1555.68282	1538.58070	1525.31154
2025-08-08T13:23:55Z	5603.00000	1555.96637	1538.84568	1525.46730
2025-08-08T13:23:56Z	5603.00000	1556.30751	1539.16505	1525.64835
2025-08-08T13:23:56Z	5603.00000	1556.68601	1539.51691	1525.84994
2025-08-08T13:23:56Z	5603.00000	1556.96126	1539.77452	1526.00078
2025-08-08T13:23:56Z	5603.00000	1557.27505	1540.07063	1526.16972
2025-08-08T13:23:56Z	5603.00000	1557.54393	1540.32016	1526.31408
2025-08-08T13:23:56Z	5604.00000	1557.84270	1540.60272	1526.47765
2025-08-08T13:23:56Z	5604.00000	1558.13620	1540.87858	1526.63904
2025-08-08T13:23:56Z	5604.00000	1558.38719	1541.11837	1526.77695
2025-08-08T13:23:56Z	5604.00000	1558.64418	1541.36179	1526.91748
2025-08-08T13:23:57Z	5604.00000	1558.92648	1541.63278	1527.07275
2025-08-08T13:23:57Z	5604.00000	1559.18240	1541.87713	1527.21467
2025-08-08T13:23:57Z	5604.00000	1559.46536	1542.14810	1527.37444
2025-08-08T13:23:57Z	5604.00000	1559.78871	1542.46027	1527.55458
2025-08-08T13:23:57Z	5604.00000	1560.02478	1542.68078	1527.68213
2025-08-08T13:23:57Z	5605.00000	1560.29289	1542.94301	1527.83477
2025-08-08T13:23:57Z	5605.00000	1560.54550	1543.18527	1527.97543
2025-08-08T13:23:57Z	5605.00000	1560.67903	1543.30091	1528.05016
2025-08-08T13:23:57Z	5605.00000	1560.68350	1543.29505	1528.05280
2025-08-08T13:23:57Z	5605.00000	1560.68573	1543.29292	1528.05442
2025-08-08T13:23:58Z	5605.00000	1560.68830	1543.29092	1528.05571
2025-08-08T13:23:58Z	5605.00000	1560.68953	1543.29038	1528.05675
2025-08-08T13:23:58Z	5605.00000	1560.68988	1543.28955	1528.05704
2025-08-08T13:23:58Z	5605.00000	1560.69048	1543.28917	1528.05810
2025-08-08T13:23:58Z	5606.00000	1560.69114	1543.28872	1528.05829
2025-08-08T13:23:58Z	5606.00000	1560.69150	1543.28859	1528.05895
2025-08-08T13:23:58Z	5606.00000	1560.69210	1543.28838	1528.05916
2025-08-08T13:23:58Z	5606.00000	1560.69233	1543.28856	1528.05966
2025-08-08T13:23:58Z	5606.00000	1560.69270	1543.28840	1528.05984
2025-08-08T13:23:59Z	5606.00000	1560.69308	1543.28850	1528.06028
2025-08-08T13:23:59Z	5606.00000	1560.69331	1543.28864	1528.06052
2025-08-08T13:23:59Z	5606.00000	1560.69359	1543.28817	1528.06087
2025-08-08T13:23:59Z	5606.00000	1560.69408	1543.28857	1528.06123
2025-08-08T13:23:59Z	5606.00000	1560.69425	1543.28882	1528.06152
2025-08-08T13:23:59Z	5607.00000	1560.69458	1543.28886	1528.06184
2025-08-08T13:23:59Z	5607.00000	1560.69486	1543.28901	1528.06218
2025-08-08T13:23:59Z	5607.00000	1560.69499	1543.28902	1528.06245
2025-08-08T13:23:59Z	5607.00000	1560.69541	1543.28925	1528.06248
2025-08-08T13:24:00Z	5607.00000	1560.69534	1543.28941	1528.06281
2025-08-08T13:24:00Z	5607.00000	1560.69572	1543.28950	1528.06291
2025-08-08T13:24:00Z	5607.00000	1560.69579	1543.28944	1528.06325
2025-08-08T13:24:00Z	5607.00000	1560.69615	1543.28971	1528.06333
2025-08-08T13:24:00Z	5607.00000	1560.69632	1543.28967	1528.06363
2025-08-08T13:24:00Z	5608.00000	1560.65678	1543.20822	1528.06506
2025-08-08T13:24:00Z	5608.00000	1558.76214	1541.43993	1526.98915
2025-08-08T13:24:00Z	5608.00000	1558.41390	1541.11960	1526.79730
2025-08-08T13:24:00Z	5608.00000	1558.10359	1540.82984	1526.62473
2025-08-08T13:24:00Z	5608.00000	1557.85510	1540.59783	1526.48408
2025-08-08T13:24:01Z	5608.00000	1557.61849	1540.38027	1526.35323
2025-08-08T13:24:01Z	5608.00000	1557.35250	1540.13034	1526.20641
2025-08-08T13:24:01Z	5608.00000	1557.12831	1539.92682	1526.08491
2025-08-08T13:24:01Z	5608.00000	1556.91269	1539.72628	1525.96668
2025-08-08T13:24:01Z	5608.00000	1556.69452	1539.52439	1525.84904
2025-08-08T13:24:01Z	5609.00000	1556.44455	1539.29571	1525.71345
2025-08-08T13:24:01Z	5609.00000	1556.23945	1539.10671	1525.60686
2025-08-08T13:24:01Z	5609.00000	1556.04423	1538.92628	1525.50470
2025-08-08T13:24:01Z	5609.00000	1555.81379	1538.71000	1525.38076
2025-08-08T13:24:02Z	5609.00000	1555.59045	1538.50032	1525.26377
2025-08-08T13:24:02Z	5609.00000	1555.40361	1538.32975	1525.16077
2025-08-08T13:24:02Z	5609.00000	1555.29950	1538.23250	1525.10637
2025-08-08T13:24:02Z	5609.00000	1555.29331	1538.22687	1525.10309
2025-08-08T13:24:02Z	5609.00000	1555.28742	1538.22170	1525.10058
2025-08-08T13:24:02Z	5609.00000	1555.28200	1538.21541	1525.09750
2025-08-08T13:24:02Z	5610.00000	1555.27780	1538.21192	1525.09520
2025-08-08T13:24:02Z	5610.00000	1555.27442	1538.20921	1525.09335
2025-08-08T13:24:02Z	5610.00000	1555.27088	1538.20615	1525.09169
2025-08-08T13:24:02Z	5610.00000	1555.26834	1538.20359	1525.09028
2025-08-08T13:24:03Z	5610.00000	1555.26659	1538.20055	1525.08906
2025-08-08T13:24:03Z	5610.00000	1555.26447	1538.19827	1525.08778
2025-08-08T13:24:03Z	5610.00000	1555.26200	1538.19651	1525.08686
2025-08-08T13:24:03Z	5610.00000	1555.25965	1538.19425	1525.08547
2025-08-08T13:24:03Z	5610.00000	1555.25764	1538.19211	1525.08451
2025-08-08T13:24:03Z	5611.00000	1555.25586	1538.19102	1525.08343
2025-08-08T13:24:03Z	5611.00000	1555.25408	1538.18882	1525.08180
2025-08-08T13:24:03Z	5611.00000	1555.25199	1538.18597	1525.08005
2025-08-08T13:24:03Z	5611.00000	1555.25180	1538.18570	1525.08022
2025-08-08T13:24:04Z	5611.00000	1555.25031	1538.18403	1525.07926
2025-08-08T13:24:04Z	5611.00000	1555.24855	1538.18244	1525.07838
2025-08-08T13:24:04Z	5611.00000	1555.24757	1538.18157	1525.07782
2025-08-08T13:24:04Z	5611.00000	1555.24609	1538.18000	1525.07715
2025-08-08T13:24:04Z	5611.00000	1555.24466	1538.17905	1525.07656
2025-08-08T13:24:04Z	5611.00000	1555.24302	1538.17750	1525.07584
2025-08-08T13:24:04Z	5612.00000	1555.24169	1538.17644	1525.07515
2025-08-08T13:24:04Z	5612.00000	1555.24069	1538.17495	1525.07442
2025-08-08T13:24:04Z	5612.00000	1555.23983	1538.17398	1525.07387
2025-08-08T13:24:04Z	5612.00000	1555.23901	1538.17355	1525.07318
2025-08-08T13:24:05Z	5612.00000	1555.23822	1538.17199	1525.07284
2025-08-08T13:24:05Z	5612.00000	1555.23732	1538.17096	1525.07207
2025-08-08T13:24:05Z	5612.00000	1555.23641	1538.16994	1525.07135
2025-08-08T13:24:05Z	5612.00000	1555.23604	1538.16918	1525.07076
2025-08-08T13:24:05Z	5612.00000	1555.23520	1538.16880	1525.07023
2025-08-08T13:24:05Z	5613.00000	1555.23417	1538.16793	1525.06954
2025-08-08T13:24:05Z	5613.00000	1555.23395	1538.16722	1525.06920
2025-08-08T13:24:05Z	5613.00000	1555.23157	1538.16568	1525.06826
2025-08-08T13:24:05Z	5613.00000	1555.23038	1538.16480	1525.06772
2025-08-08T13:24:06Z	5613.00000	1555.22940	1538.16381	1525.06707
2025-08-08T13:24:06Z	5613.00000	1555.22889	1538.16346	1525.06656
2025-08-08T13:24:06Z	5613.00000	1555.22782	1538.16209	1525.06611
2025-08-08T13:24:06Z	5613.00000	1555.22689	1538.16124	1525.06573
2025-08-08T13:24:06Z	5613.00000	1555.22629	1538.16021	1525.06533
2025-08-08T13:24:06Z	5614.00000	1555.22565	1538.15957	1525.06491
2025-08-08T13:24:06Z	5614.00000	1555.22523	1538.15896	1525.06474
2025-08-08T13:24:06Z	5614.00000	1555.53588	1538.44273	1525.22989
2025-08-08T13:24:06Z	5614.00000	1555.82239	1538.71373	1525.38815
2025-08-08T13:24:07Z	5614.00000	1556.10909	1538.98253	1525.54207
2025-08-08T13:24:07Z	5614.00000	1556.44534	1539.29482	1525.71871
2025-08-08T13:24:07Z	5614.00000	1556.72708	1539.55524	1525.87282
2025-08-08T13:24:07Z	5614.00000	1557.04920	1539.85887	1526.04912
2025-08-08T13:24:07Z	5614.00000	1557.31614	1540.10687	1526.19202
2025-08-08T13:24:07Z	5614.00000	1557.58356	1540.36004	1526.33619
2025-08-08T13:24:07Z	5615.00000	1557.92605	1540.67963	1526.52221
2025-08-08T13:24:07Z	5615.00000	1558.22298	1540.96130	1526.68479
2025-08-08T13:24:07Z	5615.00000	1558.59792	1541.31796	1526.89116
2025-08-08T13:24:08Z	5615.00000	1558.88256	1541.58700	1527.04842
2025-08-08T13:24:08Z	5615.00000	1559.12416	1541.82360	1527.18328
2025-08-08T13:24:08Z	5615.00000	1559.36997	1542.05674	1527.31820
2025-08-08T13:24:08Z	5615.00000	1559.66297	1542.34023	1527.48119
2025-08-08T13:24:08Z	5615.00000	1559.90131	1542.56717	1527.61373
2025-08-08T13:24:08Z	5615.00000	1560.21744	1542.86483	1527.79127
2025-08-08T13:24:08Z	5616.00000	1560.51766	1543.15913	1527.96022
2025-08-08T13:24:08Z	5616.00000	1560.68196	1543.29823	1528.05221
2025-08-08T13:24:08Z	5616.00000	1560.68521	1543.29489	1528.05395
2025-08-08T13:24:09Z	5616.00000	1560.68769	1543.29233	1528.05500
2025-08-08T13:24:09Z	5616.00000	1560.68912	1543.29135	1528.05622
2025-08-08T13:24:09Z	5616.00000	1560.68982	1543.29070	1528.05676
2025-08-08T13:24:09Z	5616.00000	1560.69054	1543.29000	1528.05746
2025-08-08T13:24:09Z	5616.00000	1560.69128	1543.28978	1528.05794
2025-08-08T13:24:09Z	5616.00000	1560.69172	1543.28895	1528.05857
2025-08-08T13:24:09Z	5617.00000	1560.69216	1543.28899	1528.05897
2025-08-08T13:24:09Z	5617.00000	1560.69261	1543.28929	1528.05932
2025-08-08T13:24:09Z	5617.00000	1560.69303	1543.28893	1528.05973
2025-08-08T13:24:09Z	5617.00000	1560.69346	1543.28873	1528.06018
2025-08-08T13:24:10Z	5617.00000	1560.69394	1543.28878	1528.06052
2025-08-08T13:24:10Z	5617.00000	1560.69424	1543.28883	1528.06089
2025-08-08T13:24:10Z	5617.00000	1560.69472	1543.28910	1528.06140
2025-08-08T13:24:10Z	5617.00000	1560.69501	1543.28901	1528.06171
2025-08-08T13:24:10Z	5618.00000	1560.69540	1543.28919	1528.06228
2025-08-08T13:24:10Z	5618.00000	1560.69561	1543.28950	1528.06241
2025-08-08T13:24:10Z	5618.00000	1560.69590	1543.28935	1528.06271
2025-08-08T13:24:11Z	5618.00000	1560.69626	1543.28964	1528.06298
2025-08-08T13:24:11Z	5618.00000	1560.69626	1543.29017	1528.06312
2025-08-08T13:24:11Z	5618.00000	1560.69637	1543.28994	1528.06340
2025-08-08T13:24:11Z	5618.00000	1560.69632	1543.28946	1528.06354
2025-08-08T13:24:11Z	5618.00000	1560.69684	1543.28989	1528.06394
2025-08-08T13:24:11Z	5619.00000	1560.68391	1543.26144	1528.06561
2025-08-08T13:24:11Z	5619.00000	1558.77498	1541.45275	1526.99903
2025-08-08T13:24:11Z	5619.00000	1558.42360	1541.12911	1526.80460
2025-08-08T13:24:11Z	5619.00000	1558.11131	1540.83669	1526.62916
2025-08-08T13:24:12Z	5619.00000	1557.86226	1540.60330	1526.48768
2025-08-08T13:24:12Z	5619.00000	1557.58490	1540.34897	1526.33400
2025-08-08T13:24:12Z	5619.00000	1557.34874	1540.12721	1526.20463
2025-08-08T13:24:12Z	5619.00000	1557.09054	1539.89200	1526.06523
2025-08-08T13:24:12Z	5619.00000	1556.87747	1539.69362	1525.94707
2025-08-08T13:24:12Z	5619.00000	1556.62894	1539.46552	1525.81260
2025-08-08T13:24:12Z	5620.00000	1556.41620	1539.26963	1525.69921
2025-08-08T13:24:12Z	5620.00000	1556.21426	1539.08393	1525.59347
2025-08-08T13:24:12Z	5620.00000	1555.98034	1538.86458	1525.47215
2025-08-08T13:24:12Z	5620.00000	1555.77988	1538.67712	1525.36317
2025-08-08T13:24:13Z	5620.00000	1555.52059	1538.43510	1525.22447
2025-08-08T13:24:13Z	5620.00000	1555.30502	1538.23796	1525.10943
2025-08-08T13:24:13Z	5620.00000	1555.29734	1538.23017	1525.10502
2025-08-08T13:24:13Z	5620.00000	1555.29131	1538.22546	1525.10247
2025-08-08T13:24:13Z	5620.00000	1555.28573	1538.21993	1525.09984
2025-08-08T13:24:13Z	5621.00000	1555.28185	1538.21515	1525.09762
2025-08-08T13:24:13Z	5621.00000	1555.27791	1538.21208	1525.09573
2025-08-08T13:24:13Z	5621.00000	1555.27494	1538.20886	1525.09366
2025-08-08T13:24:13Z	5621.00000	1555.27084	1538.20620	1525.09169
2025-08-08T13:24:14Z	5621.00000	1555.26893	1538.20365	1525.09055
2025-08-08T13:24:14Z	5621.00000	1555.26694	1538.20159	1525.08929
2025-08-08T13:24:14Z	5621.00000	1555.26480	1538.19921	1525.08799
2025-08-08T13:24:14Z	5621.00000	1555.26270	1538.19687	1525.08713
2025-08-08T13:24:14Z	5621.00000	1555.26027	1538.19507	1525.08590
2025-08-08T13:24:14Z	5622.00000	1555.25830	1538.19265	1525.08478
2025-08-08T13:24:14Z	5622.00000	1555.25656	1538.19103	1525.08359
2025-08-08T13:24:14Z	5622.00000	1555.25482	1538.18921	1525.08231
2025-08-08T13:24:14Z	5622.00000	1555.25405	1538.18864	1525.08201
2025-08-08T13:24:14Z	5622.00000	1555.25232	1538.18645	1525.08069
2025-08-08T13:24:15Z	5622.00000	1555.25115	1538.18491	1525.07975
2025-08-08T13:24:15Z	5622.00000	1555.24976	1538.18343	1525.07908
2025-08-08T13:24:15Z	5622.00000	1555.24824	1538.18236	1525.07827
2025-08-08T13:24:15Z	5622.00000	1555.24714	1538.18139	1525.07762
2025-08-08T13:24:15Z	5622.00000	1555.24553	1538.18000	1525.07698
2025-08-08T13:24:15Z	5623.00000	1555.24443	1538.17852	1525.07639
2025-08-08T13:24:15Z	5623.00000	1555.24272	1538.17721	1525.07565
2025-08-08T13:24:15Z	5623.00000	1555.24179	1538.17616	1525.07514
2025-08-08T13:24:15Z	5623.00000	1555.24075	1538.17518	1525.07440
2025-08-08T13:24:15Z	5623.00000	1555.23966	1538.17416	1525.07390
2025-08-08T13:24:16Z	5623.00000	1555.23905	1538.17305	1525.07321
2025-08-08T13:24:16Z	5623.00000	1555.23828	1538.17198	1525.07251
2025-08-08T13:24:16Z	5623.00000	1555.23754	1538.17125	1525.07190
2025-08-08T13:24:16Z	5623.00000	1555.23677	1538.17031	1525.07136
2025-08-08T13:24:16Z	5623.00000	1555.23589	1538.16904	1525.07060
2025-08-08T13:24:16Z	5624.00000	1555.23506	1538.16809	1525.06990
2025-08-08T13:24:16Z	5624.00000	1555.23408	1538.16794	1525.06938
2025-08-08T13:24:16Z	5624.00000	1555.23338	1538.16688	1525.06911
2025-08-08T13:24:16Z	5624.00000	1555.23190	1538.16580	1525.06820
2025-08-08T13:24:17Z	5624.00000	1555.23052	1538.16483	1525.06745
2025-08-08T13:24:17Z	5624.00000	1555.22924	1538.16406	1525.06680
2025-08-08T13:24:17Z	5624.00000	1555.22862	1538.16273	1525.06635
2025-08-08T13:24:17Z	5624.00000	1555.22774	1538.16193	1525.06595
2025-08-08T13:24:17Z	5625.00000	1555.22697	1538.16095	1525.06550
2025-08-08T13:24:17Z	5625.00000	1555.22620	1538.16005	1525.06536
2025-08-08T13:24:17Z	5625.00000	1555.48467	1538.39607	1525.20100
2025-08-08T13:24:17Z	5625.00000	1555.82127	1538.71275	1525.38738
2025-08-08T13:24:18Z	5625.00000	1556.10951	1538.98277	1525.54184
2025-08-08T13:24:18Z	5625.00000	1556.40236	1539.25449	1525.69672
2025-08-08T13:24:18Z	5625.00000	1556.72721	1539.55599	1525.87310
2025-08-08T13:24:18Z	5625.00000	1557.00441	1539.81647	1526.02444
2025-08-08T13:24:18Z	5625.00000	1557.27387	1540.06863	1526.16880
2025-08-08T13:24:18Z	5625.00000	1557.58383	1540.36018	1526.33611
2025-08-08T13:24:18Z	5626.00000	1557.84294	1540.60206	1526.47747
2025-08-08T13:24:18Z	5626.00000	1558.18196	1540.92235	1526.66228
2025-08-08T13:24:18Z	5626.00000	1558.46933	1541.19586	1526.82230
2025-08-08T13:24:18Z	5626.00000	1558.71501	1541.42720	1526.95692
2025-08-08T13:24:19Z	5626.00000	1558.95928	1541.66437	1527.09054
2025-08-08T13:24:19Z	5626.00000	1559.20823	1541.90097	1527.22825
2025-08-08T13:24:19Z	5626.00000	1559.53894	1542.21904	1527.41327
2025-08-08T13:24:19Z	5626.00000	1559.77728	1542.44771	1527.54699
2025-08-08T13:24:19Z	5626.00000	1560.01777	1542.67399	1527.67684
2025-08-08T13:24:19Z	5627.00000	1560.32261	1542.96837	1527.84921
2025-08-08T13:24:19Z	5627.00000	1560.53975	1543.17974	1527.97175
2025-08-08T13:24:19Z	5627.00000	1560.68042	1543.30182	1528.04884
2025-08-08T13:24:19Z	5627.00000	1560.68523	1543.29460	1528.05231
2025-08-08T13:24:19Z	5627.00000	1560.68741	1543.29234	1528.05440
2025-08-08T13:24:20Z	5627.00000	1560.68942	1543.29073	1528.05553
2025-08-08T13:24:20Z	5627.00000	1560.69055	1543.28990	1528.05649
2025-08-08T13:24:20Z	5627.00000	1560.69119	1543.28943	1528.05718
2025-08-08T13:24:20Z	5627.00000	1560.69164	1543.28851	1528.05783
2025-08-08T13:24:20Z	5627.00000	1560.69223	1543.28849	1528.05835
2025-08-08T13:24:20Z	5628.00000	1560.69278	1543.28847	1528.05840
2025-08-08T13:24:20Z	5628.00000	1560.69298	1543.28815	1528.05905
2025-08-08T13:24:20Z	5628.00000	1560.69369	1543.28808	1528.05964
2025-08-08T13:24:20Z	5628.00000	1560.69392	1543.28824	1528.05984
2025-08-08T13:24:21Z	5628.00000	1560.69441	1543.28812	1528.06019
2025-08-08T13:24:21Z	5628.00000	1560.69462	1543.28811	1528.06052
2025-08-08T13:24:21Z	5628.00000	1560.69493	1543.28843	1528.06095
2025-08-08T13:24:21Z	5628.00000	1560.69521	1543.28854	1528.06113
2025-08-08T13:24:21Z	5628.00000	1560.69549	1543.28855	1528.06149
2025-08-08T13:24:21Z	5629.00000	1560.69573	1543.28862	1528.06169
2025-08-08T13:24:21Z	5629.00000	1560.69598	1543.28873	1528.06197
2025-08-08T13:24:21Z	5629.00000	1560.69612	1543.28876	1528.06223
2025-08-08T13:24:21Z	5629.00000	1560.69654	1543.28894	1528.06252
2025-08-08T13:24:22Z	5629.00000	1560.69677	1543.28917	1528.06277
2025-08-08T13:24:22Z	5629.00000	1560.69654	1543.28918	1528.06298
2025-08-08T13:24:22Z	5629.00000	1560.69679	1543.28901	1528.06286
2025-08-08T13:24:22Z	5629.00000	1560.69717	1543.28931	1528.06348
2025-08-08T13:24:22Z	5629.00000	1560.69712	1543.28957	1528.06349
2025-08-08T13:24:22Z	5630.00000	1559.35465	1541.96542	1527.31661
2025-08-08T13:24:22Z	5630.00000	1558.64001	1541.32848	1526.92352
2025-08-08T13:24:22Z	5630.00000	1558.32869	1541.03866	1526.75000
2025-08-08T13:24:22Z	5630.00000	1558.02616	1540.75570	1526.57874
2025-08-08T13:24:23Z	5630.00000	1557.78164	1540.53124	1526.44517
2025-08-08T13:24:23Z	5630.00000	1557.53586	1540.30069	1526.30610
2025-08-08T13:24:23Z	5630.00000	1557.26717	1540.05451	1526.15943
2025-08-08T13:24:23Z	5630.00000	1556.97336	1539.77999	1525.99992
2025-08-08T13:24:23Z	5630.00000	1556.75158	1539.57713	1525.87974
2025-08-08T13:24:23Z	5631.00000	1556.53515	1539.37657	1525.76026
2025-08-08T13:24:23Z	5631.00000	1556.25496	1539.12168	1525.61593
2025-08-08T13:24:23Z	5631.00000	1555.99049	1538.87334	1525.47689
2025-08-08T13:24:23Z	5631.00000	1555.79294	1538.68828	1525.36945
2025-08-08T13:24:24Z	5631.00000	1555.60044	1538.50909	1525.26854
2025-08-08T13:24:24Z	5631.00000	1555.34872	1538.27758	1525.13248
2025-08-08T13:24:24Z	5631.00000	1555.30074	1538.23438	1525.10810
2025-08-08T13:24:24Z	5631.00000	1555.29464	1538.22760	1525.10378
2025-08-08T13:24:24Z	5631.00000	1555.28883	1538.22278	1525.10123
2025-08-08T13:24:24Z	5632.00000	1555.28433	1538.21818	1525.09891
2025-08-08T13:24:24Z	5632.00000	1555.28085	1538.21400	1525.09656
2025-08-08T13:24:24Z	5632.00000	1555.27683	1538.21122	1525.09501
2025-08-08T13:24:24Z	5632.00000	1555.27341	1538.20721	1525.09261
2025-08-08T13:24:25Z	5632.00000	1555.26975	1538.20502	1525.09094
2025-08-08T13:24:25Z	5632.00000	1555.26762	1538.20217	1525.08975
2025-08-08T13:24:25Z	5632.00000	1555.26532	1538.19946	1525.08825
2025-08-08T13:24:25Z	5632.00000	1555.26310	1538.19763	1525.08731
2025-08-08T13:24:25Z	5632.00000	1555.26026	1538.19515	1525.08599
2025-08-08T13:24:25Z	5633.00000	1555.25846	1538.19363	1525.08503
2025-08-08T13:24:25Z	5633.00000	1555.25620	1538.19113	1525.08371
2025-08-08T13:24:25Z	5633.00000	1555.25526	1538.19027	1525.08281
2025-08-08T13:24:25Z	5633.00000	1555.25316	1538.18750	1525.08126
2025-08-08T13:24:26Z	5633.00000	1555.25180	1538.18585	1525.08033
2025-08-08T13:24:26Z	5633.00000	1555.25050	1538.18428	1525.07961
2025-08-08T13:24:26Z	5633.00000	1555.24920	1538.18324	1525.07889
2025-08-08T13:24:26Z	5633.00000	1555.24776	1538.18184	1525.07818
2025-08-08T13:24:26Z	5633.00000	1555.24648	1538.18070	1525.07758
2025-08-08T13:24:26Z	5634.00000	1555.24530	1538.17997	1525.07694
2025-08-08T13:24:26Z	5634.00000	1555.24408	1538.17877	1525.07650
2025-08-08T13:24:26Z	5634.00000	1555.24262	1538.17722	1525.07572
2025-08-08T13:24:26Z	5634.00000	1555.24208	1538.17642	1525.07526
2025-08-08T13:24:26Z	5634.00000	1555.24082	1538.17503	1525.07474
2025-08-08T13:24:27Z	5634.00000	1555.24009	1538.17414	1525.07406
2025-08-08T13:24:27Z	5634.00000	1555.23894	1538.17302	1525.07328
2025-08-08T13:24:27Z	5634.00000	1555.23730	1538.17119	1525.07215
2025-08-08T13:24:27Z	5634.00000	1555.23660	1538.17042	1525.07156
2025-08-08T13:24:27Z	5635.00000	1555.23590	1538.16975	1525.07082
2025-08-08T13:24:27Z	5635.00000	1555.23530	1538.16858	1525.07027
2025-08-08T13:24:27Z	5635.00000	1555.23449	1538.16802	1525.06965
2025-08-08T13:24:27Z	5635.00000	1555.23369	1538.16688	1525.06933
2025-08-08T13:24:28Z	5635.00000	1555.23285	1538.16680	1525.06889
2025-08-08T13:24:28Z	5635.00000	1555.23184	1538.16587	1525.06838
2025-08-08T13:24:28Z	5635.00000	1555.23075	1538.16526	1525.06793
2025-08-08T13:24:28Z	5635.00000	1555.22962	1538.16380	1525.06728
2025-08-08T13:24:28Z	5635.00000	1555.22861	1538.16302	1525.06689
2025-08-08T13:24:28Z	5636.00000	1555.22813	1538.16246	1525.06654
2025-08-08T13:24:28Z	5636.00000	1555.22734	1538.16198	1525.06623
2025-08-08T13:24:28Z	5636.00000	1555.47828	1538.39227	1525.20024
2025-08-08T13:24:28Z	5636.00000	1555.90687	1538.79280	1525.43464
2025-08-08T13:24:29Z	5636.00000	1556.19536	1539.06182	1525.58668
2025-08-08T13:24:29Z	5636.00000	1556.48908	1539.33413	1525.74137
2025-08-08T13:24:29Z	5636.00000	1556.86285	1539.68264	1525.94546
2025-08-08T13:24:29Z	5636.00000	1557.13605	1539.94016	1526.09496
2025-08-08T13:24:29Z	5636.00000	1557.40553	1540.19214	1526.24141
2025-08-08T13:24:29Z	5637.00000	1557.75291	1540.51747	1526.43082
2025-08-08T13:24:29Z	5637.00000	1558.08986	1540.83521	1526.61352
2025-08-08T13:24:29Z	5637.00000	1558.34514	1541.07864	1526.75300
2025-08-08T13:24:29Z	5637.00000	1558.67377	1541.38811	1526.93311
2025-08-08T13:24:30Z	5637.00000	1558.99907	1541.70068	1527.11195
2025-08-08T13:24:30Z	5637.00000	1559.33697	1542.02484	1527.29917
2025-08-08T13:24:30Z	5637.00000	1559.71362	1542.38898	1527.51072
2025-08-08T13:24:30Z	5637.00000	1559.95088	1542.61389	1527.64139
2025-08-08T13:24:30Z	5637.00000	1560.18511	1542.83409	1527.77241
2025-08-08T13:24:30Z	5638.00000	1560.40963	1543.05095	1527.90024
2025-08-08T13:24:30Z	5638.00000	1560.67777	1543.31211	1528.04856
2025-08-08T13:24:30Z	5638.00000	1560.68444	1543.29600	1528.05316
2025-08-08T13:24:30Z	5638.00000	1560.68682	1543.29304	1528.05459
2025-08-08T13:24:31Z	5638.00000	1560.68898	1543.29149	1528.05590
2025-08-08T13:24:31Z	5638.00000	1560.68982	1543.29051	1528.05672
2025-08-08T13:24:31Z	5638.00000	1560.69095	1543.28993	1528.05737
2025-08-08T13:24:31Z	5638.00000	1560.69157	1543.28961	1528.05805
2025-08-08T13:24:31Z	5638.00000	1560.69207	1543.28915	1528.05866
2025-08-08T13:24:31Z	5639.00000	1560.69245	1543.28900	1528.05902
2025-08-08T13:24:31Z	5639.00000	1560.69294	1543.28894	1528.05936
2025-08-08T13:24:31Z	5639.00000	1560.69336	1543.28873	1528.05977
2025-08-08T13:24:31Z	5639.00000	1560.69362	1543.28874	1528.06017
2025-08-08T13:24:32Z	5639.00000	1560.69417	1543.28874	1528.06057
2025-08-08T13:24:32Z	5639.00000	1560.69448	1543.28871	1528.06089
2025-08-08T13:24:32Z	5639.00000	1560.69468	1543.28880	1528.06120
2025-08-08T13:24:32Z	5639.00000	1560.69508	1543.28905	1528.06129
2025-08-08T13:24:32Z	5639.00000	1560.69544	1543.28913	1528.06176
2025-08-08T13:24:32Z	5639.00000	1560.69549	1543.28890	1528.06206
2025-08-08T13:24:32Z	5640.00000	1560.69593	1543.28925	1528.06237
2025-08-08T13:24:32Z	5640.00000	1560.69620	1543.28905	1528.06256
2025-08-08T13:24:32Z	5640.00000	1560.69657	1543.28946	1528.06283
2025-08-08T13:24:33Z	5640.00000	1560.69674	1543.28911	1528.06302
2025-08-08T13:24:33Z	5640.00000	1560.69646	1543.29006	1528.06332
2025-08-08T13:24:33Z	5640.00000	1560.69693	1543.28987	1528.06340
2025-08-08T13:24:33Z	5640.00000	1560.69709	1543.29004	1528.06379
2025-08-08T13:24:33Z	5640.00000	1560.69707	1543.29013	1528.06406
2025-08-08T13:24:33Z	5641.00000	1560.69601	1543.28680	1528.06424
2025-08-08T13:24:33Z	5641.00000	1558.88989	1541.55509	1527.06298
2025-08-08T13:24:33Z	5641.00000	1558.49212	1541.18957	1526.84005
2025-08-08T13:24:33Z	5641.00000	1558.20880	1540.92695	1526.68106
2025-08-08T13:24:33Z	5641.00000	1557.95554	1540.68985	1526.53894
2025-08-08T13:24:34Z	5641.00000	1557.71050	1540.46267	1526.40515
2025-08-08T13:24:34Z	5641.00000	1557.47694	1540.24708	1526.27476
2025-08-08T13:24:34Z	5641.00000	1557.21584	1540.00821	1526.13100
2025-08-08T13:24:34Z	5641.00000	1556.99366	1539.80104	1526.01186
2025-08-08T13:24:34Z	5641.00000	1556.74446	1539.57057	1525.87667
2025-08-08T13:24:34Z	5642.00000	1556.53104	1539.37361	1525.75822
2025-08-08T13:24:34Z	5642.00000	1556.32461	1539.18363	1525.65267
2025-08-08T13:24:34Z	5642.00000	1556.06040	1538.94158	1525.51367
2025-08-08T13:24:34Z	5642.00000	1555.86158	1538.75494	1525.40743
2025-08-08T13:24:34Z	5642.00000	1555.63863	1538.54548	1525.28915
2025-08-08T13:24:35Z	5642.00000	1555.38702	1538.31370	1525.15232
2025-08-08T13:24:35Z	5642.00000	1555.30299	1538.23629	1525.10931
2025-08-08T13:24:35Z	5642.00000	1555.29675	1538.22968	1525.10527
2025-08-08T13:24:35Z	5642.00000	1555.29037	1538.22430	1525.10205
2025-08-08T13:24:35Z	5643.00000	1555.28572	1538.22009	1525.10012
2025-08-08T13:24:35Z	5643.00000	1555.28277	1538.21624	1525.09824
2025-08-08T13:24:35Z	5643.00000	1555.27901	1538.21311	1525.09623
2025-08-08T13:24:35Z	5643.00000	1555.27597	1538.21057	1525.09456
2025-08-08T13:24:35Z	5643.00000	1555.27329	1538.20766	1525.09291
2025-08-08T13:24:36Z	5643.00000	1555.27027	1538.20517	1525.09147
2025-08-08T13:24:36Z	5643.00000	1555.26779	1538.20247	1525.08996
2025-08-08T13:24:36Z	5643.00000	1555.26582	1538.20004	1525.08878
2025-08-08T13:24:36Z	5643.00000	1555.26374	1538.19839	1525.08785
2025-08-08T13:24:36Z	5643.00000	1555.26178	1538.19634	1525.08693
2025-08-08T13:24:36Z	5644.00000	1555.25991	1538.19496	1525.08592
2025-08-08T13:24:36Z	5644.00000	1555.25795	1538.19269	1525.08498
2025-08-08T13:24:36Z	5644.00000	1555.25709	1538.19211	1525.08442
2025-08-08T13:24:36Z	5644.00000	1555.25475	1538.18945	1525.08276
2025-08-08T13:24:36Z	5644.00000	1555.25340	1538.18802	1525.08157
2025-08-08T13:24:37Z	5644.00000	1555.25265	1538.18664	1525.08091
2025-08-08T13:24:37Z	5644.00000	1555.25124	1538.18540	1525.08015
2025-08-08T13:24:37Z	5644.00000	1555.24958	1538.18345	1525.07927
2025-08-08T13:24:37Z	5644.00000	1555.24858	1538.18255	1525.07848
2025-08-08T13:24:37Z	5645.00000	1555.24701	1538.18115	1525.07786
2025-08-08T13:24:37Z	5645.00000	1555.24550	1538.18031	1525.07730
2025-08-08T13:24:37Z	5645.00000	1555.24371	1538.17829	1525.07652
2025-08-08T13:24:37Z	5645.00000	1555.24256	1538.17727	1525.07589
2025-08-08T13:24:38Z	5645.00000	1555.24170	1538.17599	1525.07525
2025-08-08T13:24:38Z	5645.00000	1555.24077	1538.17515	1525.07454
2025-08-08T13:24:38Z	5645.00000	1555.23982	1538.17404	1525.07404
2025-08-08T13:24:38Z	5645.00000	1555.23892	1538.17279	1525.07324
2025-08-08T13:24:38Z	5645.00000	1555.23805	1538.17203	1525.07254
2025-08-08T13:24:38Z	5646.00000	1555.23710	1538.17110	1525.07209
2025-08-08T13:24:38Z	5646.00000	1555.23648	1538.17010	1525.07155
2025-08-08T13:24:38Z	5646.00000	1555.23585	1538.16941	1525.07075
2025-08-08T13:24:38Z	5646.00000	1555.23509	1538.16867	1525.07033
2025-08-08T13:24:39Z	5646.00000	1555.23406	1538.16783	1525.06964
2025-08-08T13:24:39Z	5646.00000	1555.23339	1538.16726	1525.06937
2025-08-08T13:24:39Z	5646.00000	1555.23221	1538.16614	1525.06887
2025-08-08T13:24:39Z	5646.00000	1555.23155	1538.16565	1525.06836
2025-08-08T13:24:39Z	5646.00000	1555.23038	1538.16485	1525.06771
2025-08-08T13:24:39Z	5646.00000	1555.22950	1538.16388	1525.06745
2025-08-08T13:24:39Z	5647.00000	1555.22878	1538.16286	1525.06700
2025-08-08T13:24:39Z	5647.00000	1555.22801	1538.16277	1525.06658
2025-08-08T13:24:39Z	5647.00000	1555.22741	1538.16189	1525.06616
2025-08-08T13:24:39Z	5647.00000	1555.22704	1538.16115	1525.06596
2025-08-08T13:24:40Z	5647.00000	1555.22636	1538.16027	1525.06545
2025-08-08T13:24:40Z	5647.00000	1555.22581	1538.15963	1525.06518
2025-08-08T13:24:40Z	5647.00000	1555.22548	1538.15894	1525.06492
2025-08-08T13:24:40Z	5647.00000	1555.22473	1538.15833	1525.06467
2025-08-08T13:24:40Z	5647.00000	1555.22447	1538.15755	1525.06411
2025-08-08T13:24:40Z	5648.00000	1555.22385	1538.15707	1525.06401
2025-08-08T13:24:40Z	5648.00000	1555.22329	1538.15673	1525.06363
2025-08-08T13:24:40Z	5648.00000	1555.22294	1538.15605	1525.06347
2025-08-08T13:24:40Z	5648.00000	1555.22241	1538.15543	1525.06305
2025-08-08T13:24:40Z	5648.00000	1555.22200	1538.15478	1525.06269
2025-08-08T13:24:41Z	5648.00000	1555.22143	1538.15430	1525.06222
2025-08-08T13:24:41Z	5648.00000	1555.22079	1538.15372	1525.06191
2025-08-08T13:24:41Z	5648.00000	1555.22042	1538.15326	1525.06160
2025-08-08T13:24:41Z	5648.00000	1555.22000	1538.15236	1525.06126
2025-08-08T13:24:41Z	5648.00000	1555.21927	1538.15184	1525.06079
2025-08-08T13:24:41Z	5649.00000	1555.21884	1538.15164	1525.06050
2025-08-08T13:24:41Z	5649.00000	1555.21844	1538.15159	1525.06023
2025-08-08T13:24:41Z	5649.00000	1555.21796	1538.15061	1525.05990
2025-08-08T13:24:41Z	5649.00000	1555.21741	1538.15005	1525.05961
2025-08-08T13:24:42Z	5649.00000	1555.21688	1538.14982	1525.05920
2025-08-08T13:24:42Z	5649.00000	1555.21644	1538.14993	1525.05888
2025-08-08T13:24:42Z	5649.00000	1555.21579	1538.14904	1525.05859
2025-08-08T13:24:42Z	5649.00000	1555.21535	1538.14831	1525.05850
2025-08-08T13:24:42Z	5649.00000	1555.21467	1538.14813	1525.05821
2025-08-08T13:24:42Z	5650.00000	1555.21437	1538.14778	1525.05783
2025-08-08T13:24:42Z	5650.00000	1555.21385	1538.14698	1525.05727
2025-08-08T13:24:42Z	5650.00000	1555.21336	1538.14692	1525.05711
2025-08-08T13:24:42Z	5650.00000	1555.21306	1538.14642	1525.05683
2025-08-08T13:24:42Z	5650.00000	1555.21292	1538.14576	1525.05649
2025-08-08T13:24:43Z	5650.00000	1555.21209	1538.14585	1525.05621
2025-08-08T13:24:43Z	5650.00000	1555.21171	1538.14358	1525.05594
2025-08-08T13:24:43Z	5650.00000	1555.21111	1538.14330	1525.05576
2025-08-08T13:24:43Z	5650.00000	1555.21075	1538.14257	1525.05562
2025-08-08T13:24:43Z	5650.00000	1555.21055	1538.14249	1525.05519
2025-08-08T13:24:43Z	5651.00000	1555.20991	1538.14158	1525.05508
2025-08-08T13:24:43Z	5651.00000	1555.20974	1538.14125	1525.05490
2025-08-08T13:24:43Z	5651.00000	1555.20942	1538.14099	1525.05475
2025-08-08T13:24:43Z	5651.00000	1555.20894	1538.14034	1525.05445
2025-08-08T13:24:44Z	5651.00000	1555.20885	1538.14001	1525.05427
2025-08-08T13:24:44Z	5651.00000	1555.20879	1538.14021	1525.05415
2025-08-08T13:24:44Z	5651.00000	1555.20826	1538.13976	1525.05396
2025-08-08T13:24:44Z	5651.00000	1555.20810	1538.13906	1525.05372
2025-08-08T13:24:44Z	5651.00000	1555.20787	1538.13872	1525.05353
2025-08-08T13:24:44Z	5652.00000	1555.20762	1538.13886	1525.05336
2025-08-08T13:24:44Z	5652.00000	1555.20737	1538.13823	1525.05320
2025-08-08T13:24:44Z	5652.00000	1555.20677	1538.13782	1525.05284
2025-08-08T13:24:44Z	5652.00000	1555.20665	1538.13709	1525.05271
2025-08-08T13:24:45Z	5652.00000	1555.20622	1538.13671	1525.05257
2025-08-08T13:24:45Z	5652.00000	1555.20593	1538.13677	1525.05247
2025-08-08T13:24:45Z	5652.00000	1555.20559	1538.13640	1525.05213
2025-08-08T13:24:45Z	5652.00000	1555.20533	1538.13582	1525.05200
2025-08-08T13:24:45Z	5652.00000	1555.20500	1538.13545	1525.05171
2025-08-08T13:24:45Z	5653.00000	1555.20478	1538.13541	1525.05153
2025-08-08T13:24:45Z	5653.00000	1555.20441	1538.13488	1525.05132
2025-08-08T13:24:45Z	5653.00000	1555.20404	1538.13481	1525.05120
2025-08-08T13:24:45Z	5653.00000	1555.20404	1538.13440	1525.05119
2025-08-08T13:24:45Z	5653.00000	1555.20328	1538.13444	1525.05072
2025-08-08T13:24:46Z	5653.00000	1555.20304	1538.13365	1525.05067
2025-08-08T13:24:46Z	5653.00000	1555.20282	1538.13342	1525.05036
2025-08-08T13:24:46Z	5653.00000	1555.20237	1538.13326	1525.05017
2025-08-08T13:24:46Z	5653.00000	1555.20227	1538.13315	1525.05001
2025-08-08T13:24:46Z	5653.00000	1555.20199	1538.13290	1525.04968
2025-08-08T13:24:46Z	5654.00000	1555.20161	1538.13252	1525.04941
2025-08-08T13:24:46Z	5654.00000	1555.20121	1538.13208	1525.04926
2025-08-08T13:24:46Z	5654.00000	1555.20084	1538.13204	1525.04906
2025-08-08T13:24:46Z	5654.00000	1555.20074	1538.13137	1525.04886
2025-08-08T13:24:47Z	5654.00000	1555.20014	1538.13118	1525.04856
2025-08-08T13:24:47Z	5654.00000	1555.19974	1538.13109	1525.04852
2025-08-08T13:24:47Z	5654.00000	1555.19951	1538.13094	1525.04807
2025-08-08T13:24:47Z	5654.00000	1555.19924	1538.13049	1525.04804
2025-08-08T13:24:47Z	5654.00000	1555.19888	1538.13011	1525.04779
2025-08-08T13:24:47Z	5655.00000	1555.19850	1538.12976	1525.04770
2025-08-08T13:24:47Z	5655.00000	1555.19824	1538.12974	1525.04745
2025-08-08T13:24:47Z	5655.00000	1555.19802	1538.12937	1525.04736
2025-08-08T13:24:47Z	5655.00000	1555.19791	1538.12928	1525.04700
2025-08-08T13:24:48Z	5655.00000	1555.19731	1538.12876	1525.04689
2025-08-08T13:24:48Z	5655.00000	1555.19736	1538.12838	1525.04679
2025-08-08T13:24:48Z	5655.00000	1555.19702	1538.12859	1525.04653
2025-08-08T13:24:48Z	5655.00000	1555.19671	1538.12774	1525.04634
2025-08-08T13:24:48Z	5655.00000	1555.19654	1538.12796	1525.04614
2025-08-08T13:24:48Z	5656.00000	1555.19628	1538.12763	1525.04583
2025-08-08T13:24:48Z	5656.00000	1555.19595	1538.12702	1525.04596
2025-08-08T13:24:48Z	5656.00000	1555.19573	1538.12665	1525.04559
2025-08-08T13:24:48Z	5656.00000	1555.19557	1538.12652	1525.04552
2025-08-08T13:24:49Z	5656.00000	1555.19544	1538.12614	1525.04542
2025-08-08T13:24:49Z	5656.00000	1555.19488	1538.12524	1525.04499
2025-08-08T13:24:49Z	5656.00000	1555.19507	1538.12530	1525.04483
2025-08-08T13:24:49Z	5656.00000	1555.19487	1538.12526	1525.04468
2025-08-08T13:24:49Z	5657.00000	1555.19442	1538.12486	1525.04460
2025-08-08T13:24:49Z	5657.00000	1555.19453	1538.12454	1525.04449
2025-08-08T13:24:49Z	5657.00000	1555.19431	1538.12464	1525.04430
2025-08-08T13:24:49Z	5657.00000	1555.19413	1538.12357	1525.04426
2025-08-08T13:24:49Z	5657.00000	1555.19396	1538.12363	1525.04414
2025-08-08T13:24:50Z	5657.00000	1555.19352	1538.12337	1525.04385
2025-08-08T13:24:50Z	5657.00000	1555.19340	1538.12322	1525.04380
2025-08-08T13:24:50Z	5657.00000	1555.19304	1538.12266	1525.04362
2025-08-08T13:24:50Z	5657.00000	1555.19286	1538.12275	1525.04354
2025-08-08T13:24:50Z	5658.00000	1555.19249	1538.12244	1525.04323
2025-08-08T13:24:50Z	5658.00000	1555.19262	1538.12239	1525.04316
2025-08-08T13:24:50Z	5658.00000	1555.19266	1538.12179	1525.04306
2025-08-08T13:24:50Z	5658.00000	1555.19231	1538.12169	1525.04294
2025-08-08T13:24:50Z	5658.00000	1555.19215	1538.12128	1525.04284
2025-08-08T13:24:51Z	5658.00000	1555.19183	1538.12115	1525.04267
2025-08-08T13:24:51Z	5658.00000	1555.19193	1538.12115	1525.04255
2025-08-08T13:24:51Z	5658.00000	1555.19147	1538.12059	1525.04228
2025-08-08T13:24:51Z	5658.00000	1555.19161	1538.12065	1525.04228
2025-08-08T13:24:51Z	5658.00000	1555.19124	1538.12027	1525.04227
2025-08-08T13:24:51Z	5659.00000	1555.19099	1538.11998	1525.04219
2025-08-08T13:24:51Z	5659.00000	1555.19094	1538.12005	1525.04206
2025-08-08T13:24:51Z	5659.00000	1555.19074	1538.11960	1525.04203
2025-08-08T13:24:51Z	5659.00000	1555.19042	1538.11947	1525.04181
2025-08-08T13:24:52Z	5659.00000	1555.19026	1538.11914	1525.04188
2025-08-08T13:24:52Z	5659.00000	1555.18995	1538.11896	1525.04170
2025-08-08T13:24:52Z	5659.00000	1555.18976	1538.11889	1525.04150
2025-08-08T13:24:52Z	5659.00000	1555.18967	1538.11879	1525.04156
2025-08-08T13:24:52Z	5659.00000	1555.18950	1538.11830	1525.04123
2025-08-08T13:24:52Z	5660.00000	1555.18919	1538.11821	1525.04107
2025-08-08T13:24:52Z	5660.00000	1555.18909	1538.11838	1525.04099
2025-08-08T13:24:52Z	5660.00000	1555.18894	1538.11795	1525.04097
2025-08-08T13:24:52Z	5660.00000	1555.18864	1538.11759	1525.04072
2025-08-08T13:24:52Z	5660.00000	1555.18845	1538.11782	1525.04066
2025-08-08T13:24:53Z	5660.00000	1555.18808	1538.11733	1525.04067
2025-08-08T13:24:53Z	5660.00000	1555.18795	1538.11772	1525.04023
2025-08-08T13:24:53Z	5660.00000	1555.18785	1538.11703	1525.04040
2025-08-08T13:24:53Z	5660.00000	1555.18766	1538.11705	1525.04023
2025-08-08T13:24:53Z	5660.00000	1555.18741	1538.11659	1525.04005
2025-08-08T13:24:53Z	5661.00000	1555.18720	1538.11673	1525.03999
2025-08-08T13:24:53Z	5661.00000	1555.18697	1538.11656	1525.03979
2025-08-08T13:24:53Z	5661.00000	1555.18670	1538.11646	1525.03976
2025-08-08T13:24:53Z	5661.00000	1555.18655	1538.11607	1525.03967
2025-08-08T13:24:54Z	5661.00000	1555.18639	1538.11608	1525.03948
2025-08-08T13:24:54Z	5661.00000	1555.18613	1538.11613	1525.03943
2025-08-08T13:24:54Z	5661.00000	1555.18595	1538.11530	1525.03935
2025-08-08T13:24:54Z	5661.00000	1555.18577	1538.11591	1525.03927
2025-08-08T13:24:54Z	5661.00000	1555.18555	1538.11535	1525.03914
2025-08-08T13:24:54Z	5662.00000	1555.18524	1538.11504	1525.03904
2025-08-08T13:24:54Z	5662.00000	1555.18500	1538.11529	1525.03898
2025-08-08T13:24:54Z	5662.00000	1555.18487	1538.11476	1525.03885
2025-08-08T13:24:54Z	5662.00000	1555.18465	1538.11467	1525.03878
2025-08-08T13:24:55Z	5662.00000	1555.18420	1538.11458	1525.03868
2025-08-08T13:24:55Z	5662.00000	1555.18430	1538.11396	1525.03854
2025-08-08T13:24:55Z	5662.00000	1555.18418	1538.11446	1525.03840
2025-08-08T13:24:55Z	5662.00000	1555.18414	1538.11402	1525.03832
2025-08-08T13:24:55Z	5662.00000	1555.18400	1538.11341	1525.03823
2025-08-08T13:24:55Z	5663.00000	1555.18386	1538.11427	1525.03799
2025-08-08T13:24:55Z	5663.00000	1555.18336	1538.11366	1525.03796
2025-08-08T13:24:55Z	5663.00000	1555.18339	1538.11323	1525.03770
2025-08-08T13:24:55Z	5663.00000	1555.18319	1538.11320	1525.03760
2025-08-08T13:24:56Z	5663.00000	1555.18306	1538.11291	1525.03746
2025-08-08T13:24:56Z	5663.00000	1555.18264	1538.11268	1525.03733
2025-08-08T13:24:56Z	5663.00000	1555.18276	1538.11243	1525.03725
2025-08-08T13:24:56Z	5663.00000	1555.18257	1538.11234	1525.03726
2025-08-08T13:24:56Z	5663.00000	1555.18216	1538.11258	1525.03708
2025-08-08T13:24:56Z	5664.00000	1555.18195	1538.11200	1525.03694
2025-08-08T13:24:56Z	5664.00000	1555.18182	1538.11187	1525.03686
2025-08-08T13:24:56Z	5664.00000	1555.18187	1538.11179	1525.03676
2025-08-08T13:24:56Z	5664.00000	1555.18187	1538.11175	1525.03671
2025-08-08T13:24:56Z	5664.00000	1555.18162	1538.11100	1525.03657
2025-08-08T13:24:57Z	5664.00000	1555.18139	1538.11080	1525.03641
2025-08-08T13:24:57Z	5664.00000	1555.18135	1538.11083	1525.03640
2025-08-08T13:24:57Z	5664.00000	1555.18139	1538.11055	1525.03625
2025-08-08T13:24:57Z	5664.00000	1555.18130	1538.11047	1525.03605
2025-08-08T13:24:57Z	5664.00000	1555.18079	1538.11012	1525.03610
2025-08-08T13:24:57Z	5665.00000	1555.18100	1538.10996	1525.03595
2025-08-08T13:24:57Z	5665.00000	1555.18049	1538.10992	1525.03586
2025-08-08T13:24:57Z	5665.00000	1555.18074	1538.11024	1525.03579
2025-08-08T13:24:57Z	5665.00000	1555.18071	1538.10975	1525.03573
2025-08-08T13:24:58Z	5665.00000	1555.18050	1538.10950	1525.03560
2025-08-08T13:24:58Z	5665.00000	1555.18036	1538.10945	1525.03555
2025-08-08T13:24:58Z	5665.00000	1555.18028	1538.10957	1525.03534
2025-08-08T13:24:58Z	5665.00000	1555.18017	1538.10949	1525.03541
2025-08-08T13:24:58Z	5665.00000	1555.17988	1538.10930	1525.03519
2025-08-08T13:24:58Z	5666.00000	1555.17988	1538.10880	1525.03512
2025-08-08T13:24:58Z	5666.00000	1555.17973	1538.10856	1525.03492
2025-08-08T13:24:58Z	5666.00000	1555.17959	1538.10847	1525.03483
2025-08-08T13:24:58Z	5666.00000	1555.17960	1538.10852	1525.03492
2025-08-08T13:24:58Z	5666.00000	1555.17949	1538.10859	1525.03459
2025-08-08T13:24:59Z	5666.00000	1555.17946	1538.10838	1525.03474
2025-08-08T13:24:59Z	5666.00000	1555.17918	1538.10838	1525.03441
2025-08-08T13:24:59Z	5666.00000	1555.17916	1538.10798	1525.03450
2025-08-08T13:24:59Z	5666.00000	1555.17906	1538.10803	1525.03432
2025-08-08T13:24:59Z	5666.00000	1555.17877	1538.10771	1525.03411
2025-08-08T13:24:59Z	5667.00000	1555.17891	1538.10765	1525.03405
2025-08-08T13:24:59Z	5667.00000	1555.17869	1538.10732	1525.03392
2025-08-08T13:24:59Z	5667.00000	1555.17863	1538.10719	1525.03394
2025-08-08T13:24:59Z	5667.00000	1555.17832	1538.10709	1525.03375
2025-08-08T13:25:00Z	5667.00000	1555.17833	1538.10705	1525.03371
2025-08-08T13:25:00Z	5667.00000	1555.17827	1538.10693	1525.03362
2025-08-08T13:25:00Z	5667.00000	1555.17806	1538.10672	1525.03346
2025-08-08T13:25:00Z	5667.00000	1555.17780	1538.10648	1525.03331
2025-08-08T13:25:00Z	5667.00000	1555.17791	1538.10674	1525.03331
2025-08-08T13:25:00Z	5668.00000	1555.17779	1538.10647	1525.03320
2025-08-08T13:25:00Z	5668.00000	1555.17770	1538.10635	1525.03311
2025-08-08T13:25:00Z	5668.00000	1555.17754	1538.10621	1525.03318
2025-08-08T13:25:00Z	5668.00000	1555.17730	1538.10580	1525.03294
2025-08-08T13:25:01Z	5668.00000	1555.17728	1538.10575	1525.03279
2025-08-08T13:25:01Z	5668.00000	1555.17708	1538.10560	1525.03259
2025-08-08T13:25:01Z	5668.00000	1555.17712	1538.10555	1525.03255
2025-08-08T13:25:01Z	5668.00000	1555.17691	1538.10560	1525.03261
2025-08-08T13:25:01Z	5668.00000	1555.17682	1538.10531	1525.03245
2025-08-08T13:25:01Z	5668.00000	1555.17667	1538.10524	1525.03245
2025-08-08T13:25:01Z	5669.00000	1555.17683	1538.10502	1525.03221
2025-08-08T13:25:01Z	5669.00000	1555.17650	1538.10483	1525.03209
2025-08-08T13:25:01Z	5669.00000	1555.17632	1538.10474	1525.03219
2025-08-08T13:25:01Z	5669.00000	1555.17661	1538.10459	1525.03219
2025-08-08T13:25:02Z	5669.00000	1555.17620	1538.10469	1525.03187
2025-08-08T13:25:02Z	5669.00000	1555.17606	1538.10421	1525.03195
2025-08-08T13:25:02Z	5669.00000	1555.17576	1538.10428	1525.03184
2025-08-08T13:25:02Z	5669.00000	1555.17577	1538.10396	1525.03203
2025-08-08T13:25:02Z	5669.00000	1555.17536	1538.10396	1525.03175
2025-08-08T13:25:02Z	5670.00000	1555.17561	1538.10378	1525.03168
2025-08-08T13:25:02Z	5670.00000	1555.17523	1538.10379	1525.03149
2025-08-08T13:25:02Z	5670.00000	1555.17536	1538.10353	1525.03151
2025-08-08T13:25:02Z	5670.00000	1555.17499	1538.10347	1525.03148
2025-08-08T13:25:02Z	5670.00000	1555.17516	1538.10327	1525.03135
2025-08-08T13:25:03Z	5670.00000	1555.17481	1538.10315	1525.03127
2025-08-08T13:25:03Z	5670.00000	1555.17480	1538.10314	1525.03126
2025-08-08T13:25:03Z	5670.00000	1555.17454	1538.10284	1525.03125
2025-08-08T13:25:03Z	5670.00000	1555.17466	1538.10282	1525.03107
2025-08-08T13:25:03Z	5671.00000	1555.17442	1538.10270	1525.03104
2025-08-08T13:25:03Z	5671.00000	1555.17434	1538.10245	1525.03103
2025-08-08T13:25:03Z	5671.00000	1555.17395	1538.10234	1525.03090
2025-08-08T13:25:03Z	5671.00000	1555.17400	1538.10212	1525.03089
2025-08-08T13:25:04Z	5671.00000	1555.17397	1538.10207	1525.03073
2025-08-08T13:25:04Z	5671.00000	1555.17403	1538.10206	1525.03071
2025-08-08T13:25:04Z	5671.00000	1555.17370	1538.10204	1525.03064
2025-08-08T13:25:04Z	5671.00000	1555.17379	1538.10188	1525.03054
2025-08-08T13:25:04Z	5671.00000	1555.17348	1538.10170	1525.03057
2025-08-08T13:25:04Z	5671.00000	1555.17335	1538.10154	1525.03066
2025-08-08T13:25:04Z	5672.00000	1555.17365	1538.10144	1525.03058
2025-08-08T13:25:04Z	5672.00000	1555.17336	1538.10131	1525.03047
2025-08-08T13:25:04Z	5672.00000	1555.17324	1538.10138	1525.03045
2025-08-08T13:25:04Z	5672.00000	1555.17289	1538.10116	1525.03032
2025-08-08T13:25:05Z	5672.00000	1555.17302	1538.10108	1525.03027
2025-08-08T13:25:05Z	5672.00000	1555.17285	1538.10097	1525.03024
2025-08-08T13:25:05Z	5672.00000	1555.17267	1538.10083	1525.03022
2025-08-08T13:25:05Z	5672.00000	1555.17255	1538.10079	1525.03008
2025-08-08T13:25:05Z	5672.00000	1555.17245	1538.10059	1525.03019
2025-08-08T13:25:05Z	5673.00000	1555.17214	1538.10060	1525.02994
2025-08-08T13:25:05Z	5673.00000	1555.17232	1538.10048	1525.02981
2025-08-08T13:25:05Z	5673.00000	1555.17208	1538.10034	1525.02981
2025-08-08T13:25:05Z	5673.00000	1555.17176	1538.10009	1525.02969
2025-08-08T13:25:06Z	5673.00000	1555.17164	1538.10001	1525.02971
2025-08-08T13:25:06Z	5673.00000	1555.17144	1538.09997	1525.02980
2025-08-08T13:25:06Z	5673.00000	1555.17144	1538.09987	1525.02965
2025-08-08T13:25:06Z	5673.00000	1555.17139	1538.09954	1525.02942
2025-08-08T13:25:06Z	5673.00000	1555.17107	1538.09972	1525.02951
2025-08-08T13:25:06Z	5673.00000	1555.17097	1538.09958	1525.02950
2025-08-08T13:25:06Z	5674.00000	1555.17090	1538.09950	1525.02940
2025-08-08T13:25:06Z	5674.00000	1555.17078	1538.09942	1525.02939
2025-08-08T13:25:06Z	5674.00000	1555.17070	1538.09939	1525.02929
2025-08-08T13:25:06Z	5674.00000	1555.17077	1538.09934	1525.02929
2025-08-08T13:25:07Z	5674.00000	1555.17042	1538.09913	1525.02906
2025-08-08T13:25:07Z	5674.00000	1555.17028	1538.09869	1525.02901
2025-08-08T13:25:07Z	5674.00000	1555.17011	1538.09857	1525.02885
2025-08-08T13:25:07Z	5674.00000	1555.17009	1538.09880	1525.02891
2025-08-08T13:25:07Z	5674.00000	1555.16998	1538.09835	1525.02901
2025-08-08T13:25:07Z	5674.00000	1555.16986	1538.09829	1525.02893
2025-08-08T13:25:07Z	5675.00000	1555.16976	1538.09811	1525.02879
2025-08-08T13:25:07Z	5675.00000	1555.16959	1538.09809	1525.02879
2025-08-08T13:25:07Z	5675.00000	1555.16951	1538.09830	1525.02878
2025-08-08T13:25:07Z	5675.00000	1555.16941	1538.09825	1525.02863
2025-08-08T13:25:08Z	5675.00000	1555.16931	1538.09791	1525.02846
2025-08-08T13:25:08Z	5675.00000	1555.16930	1538.09744	1525.02847
2025-08-08T13:25:08Z	5675.00000	1555.16903	1538.09759	1525.02845
2025-08-08T13:25:08Z	5675.00000	1555.16911	1538.09741	1525.02838
2025-08-08T13:25:08Z	5675.00000	1555.16884	1538.09732	1525.02827
2025-08-08T13:25:08Z	5676.00000	1555.16884	1538.09690	1525.02829
2025-08-08T13:25:08Z	5676.00000	1555.16863	1538.09730	1525.02819
2025-08-08T13:25:08Z	5676.00000	1555.16857	1538.09729	1525.02811
2025-08-08T13:25:08Z	5676.00000	1555.16862	1538.09697	1525.02790
2025-08-08T13:25:09Z	5676.00000	1555.16829	1538.09681	1525.02776
2025-08-08T13:25:09Z	5676.00000	1555.16818	1538.09674	1525.02788
2025-08-08T13:25:09Z	5676.00000	1555.16818	1538.09671	1525.02775
2025-08-08T13:25:09Z	5676.00000	1555.16802	1538.09647	1525.02767
2025-08-08T13:25:09Z	5676.00000	1555.16789	1538.09618	1525.02777
2025-08-08T13:25:09Z	5676.00000	1555.16783	1538.09676	1525.02766
2025-08-08T13:25:09Z	5677.00000	1555.16776	1538.09623	1525.02763
2025-08-08T13:25:09Z	5677.00000	1555.16771	1538.09616	1525.02760
2025-08-08T13:25:09Z	5677.00000	1555.16763	1538.09638	1525.02742
2025-08-08T13:25:09Z	5677.00000	1555.16784	1538.09593	1525.02740
2025-08-08T13:25:10Z	5677.00000	1555.16760	1538.09621	1525.02744
2025-08-08T13:25:10Z	5677.00000	1555.16730	1538.09581	1525.02739
2025-08-08T13:25:10Z	5677.00000	1555.16742	1538.09606	1525.02736
2025-08-08T13:25:10Z	5677.00000	1555.16724	1538.09588	1525.02710
2025-08-08T13:25:10Z	5677.00000	1555.16725	1538.09592	1525.02709
2025-08-08T13:25:10Z	5678.00000	1555.16709	1538.09569	1525.02713
2025-08-08T13:25:10Z	5678.00000	1555.16692	1538.09548	1525.02683
2025-08-08T13:25:10Z	5678.00000	1555.16688	1538.09582	1525.02684
2025-08-08T13:25:10Z	5678.00000	1555.16672	1538.09568	1525.02686
2025-08-08T13:25:11Z	5678.00000	1555.16675	1538.09556	1525.02673
2025-08-08T13:25:11Z	5678.00000	1555.16658	1538.09518	1525.02662
2025-08-08T13:25:11Z	5678.00000	1555.16646	1538.09467	1525.02671
2025-08-08T13:25:11Z	5678.00000	1555.16642	1538.09483	1525.02645
2025-08-08T13:25:11Z	5679.00000	1555.16633	1538.09475	1525.02658
2025-08-08T13:25:11Z	5679.00000	1555.16618	1538.09488	1525.02634
2025-08-08T13:25:11Z	5679.00000	1555.16610	1538.09474	1525.02623
2025-08-08T13:25:12Z	5679.00000	1555.16608	1538.09430	1525.02627
2025-08-08T13:25:12Z	5679.00000	1555.16594	1538.09455	1525.02616
2025-08-08T13:25:12Z	5679.00000	1555.16565	1538.09419	1525.02619
2025-08-08T13:25:12Z	5679.00000	1555.16569	1538.09447	1525.02602
2025-08-08T13:25:12Z	5679.00000	1555.16571	1538.09436	1525.02593
2025-08-08T13:25:12Z	5680.00000	1555.16580	1538.09419	1525.02583
2025-08-08T13:25:12Z	5680.00000	1555.16554	1538.09396	1525.02595
2025-08-08T13:25:12Z	5680.00000	1555.16542	1538.09393	1525.02580
2025-08-08T13:25:12Z	5680.00000	1555.16519	1538.09406	1525.02575
2025-08-08T13:25:12Z	5680.00000	1555.16530	1538.09379	1525.02566
2025-08-08T13:25:13Z	5680.00000	1555.16510	1538.09373	1525.02558
2025-08-08T13:25:13Z	5680.00000	1555.16495	1538.09323	1525.02554
2025-08-08T13:25:13Z	5680.00000	1555.16496	1538.09346	1525.02553
2025-08-08T13:25:13Z	5680.00000	1555.16465	1538.09343	1525.02541
2025-08-08T13:25:13Z	5681.00000	1555.16489	1538.09321	1525.02536
2025-08-08T13:25:13Z	5681.00000	1555.16456	1538.09323	1525.02536
2025-08-08T13:25:13Z	5681.00000	1555.16492	1538.09315	1525.02544
2025-08-08T13:25:13Z	5681.00000	1555.16438	1538.09278	1525.02517
2025-08-08T13:25:13Z	5681.00000	1555.16424	1538.09302	1525.02525
2025-08-08T13:25:14Z	5681.00000	1555.16426	1538.09279	1525.02502
2025-08-08T13:25:14Z	5681.00000	1555.16421	1538.09261	1525.02507
2025-08-08T13:25:14Z	5681.00000	1555.16434	1538.09235	1525.02502
2025-08-08T13:25:14Z	5681.00000	1555.16430	1538.09217	1525.02492
2025-08-08T13:25:14Z	5682.00000	1555.16399	1538.09215	1525.02488
2025-08-08T13:25:14Z	5682.00000	1555.16411	1538.09229	1525.02485
2025-08-08T13:25:14Z	5682.00000	1555.16383	1538.09195	1525.02467
2025-08-08T13:25:14Z	5682.00000	1555.16377	1538.09184	1525.02474
2025-08-08T13:25:14Z	5682.00000	1555.16366	1538.09187	1525.02479
2025-08-08T13:25:15Z	5682.00000	1555.16387	1538.09203	1525.02477
2025-08-08T13:25:15Z	5682.00000	1555.16355	1538.09192	1525.02441
2025-08-08T13:25:15Z	5682.00000	1555.16358	1538.09206	1525.02437
2025-08-08T13:25:15Z	5682.00000	1555.16344	1538.09176	1525.02434
2025-08-08T13:25:15Z	5682.00000	1555.16354	1538.09170	1525.02433
2025-08-08T13:25:15Z	5683.00000	1555.16350	1538.09119	1525.02419
2025-08-08T13:25:15Z	5683.00000	1555.16323	1538.09122	1525.02424
2025-08-08T13:25:15Z	5683.00000	1555.16317	1538.09104	1525.02416
2025-08-08T13:25:15Z	5683.00000	1555.16314	1538.09139	1525.02415
2025-08-08T13:25:15Z	5683.00000	1555.16312	1538.09135	1525.02402
2025-08-08T13:25:16Z	5683.00000	1555.16321	1538.09086	1525.02409
2025-08-08T13:25:16Z	5683.00000	1555.16316	1538.09084	1525.02414
2025-08-08T13:25:16Z	5683.00000	1555.16312	1538.09076	1525.02396
2025-08-08T13:25:16Z	5683.00000	1555.16293	1538.09069	1525.02409
2025-08-08T13:25:16Z	5683.00000	1555.16296	1538.09050	1525.02379
2025-08-08T13:25:16Z	5683.00000	1555.16283	1538.09060	1525.02400
2025-08-08T13:25:16Z	5684.00000	1555.16281	1538.09043	1525.02381
2025-08-08T13:25:16Z	5684.00000	1555.16291	1538.09027	1525.02386
2025-08-08T13:25:16Z	5684.00000	1555.16270	1538.09039	1525.02378
2025-08-08T13:25:16Z	5684.00000	1555.16276	1538.09023	1525.02368
2025-08-08T13:25:17Z	5684.00000	1555.16256	1538.09004	1525.02371
2025-08-08T13:25:17Z	5684.00000	1555.16256	1538.09001	1525.02356
2025-08-08T13:25:17Z	5684.00000	1555.16252	1538.08988	1525.02366
2025-08-08T13:25:17Z	5684.00000	1555.16246	1538.08983	1525.02341
2025-08-08T13:25:17Z	5684.00000	1555.16241	1538.08987	1525.02342
2025-08-08T13:25:17Z	5685.00000	1555.16239	1538.08978	1525.02340
2025-08-08T13:25:17Z	5685.00000	1555.16227	1538.08952	1525.02337
2025-08-08T13:25:17Z	5685.00000	1555.16217	1538.08959	1525.02319
2025-08-08T13:25:17Z	5685.00000	1555.16203	1538.08951	1525.02325
2025-08-08T13:25:17Z	5685.00000	1555.16204	1538.08940	1525.02298
2025-08-08T13:25:18Z	5685.00000	1555.16189	1538.08929	1525.02290
2025-08-08T13:25:18Z	5685.00000	1555.16179	1538.08929	1525.02295
2025-08-08T13:25:18Z	5685.00000	1555.16175	1538.08946	1525.02298
2025-08-08T13:25:18Z	5685.00000	1555.16170	1538.08901	1525.02291
2025-08-08T13:25:18Z	5686.00000	1555.16174	1538.08903	1525.02292
2025-08-08T13:25:18Z	5686.00000	1555.16161	1538.08897	1525.02285
2025-08-08T13:25:18Z	5686.00000	1555.16157	1538.08872	1525.02273
2025-08-08T13:25:18Z	5686.00000	1555.16146	1538.08877	1525.02269
2025-08-08T13:25:18Z	5686.00000	1555.16135	1538.08878	1525.02253
2025-08-08T13:25:19Z	5686.00000	1555.16126	1538.08852	1525.02255
2025-08-08T13:25:19Z	5686.00000	1555.16124	1538.08856	1525.02231
2025-08-08T13:25:19Z	5686.00000	1555.16110	1538.08838	1525.02233
2025-08-08T13:25:19Z	5686.00000	1555.16106	1538.08849	1525.02238
2025-08-08T13:25:19Z	5686.00000	1555.16095	1538.08819	1525.02236
2025-08-08T13:25:19Z	5687.00000	1555.16119	1538.08815	1525.02227
2025-08-08T13:25:19Z	5687.00000	1555.16083	1538.08787	1525.02206
2025-08-08T13:25:19Z	5687.00000	1555.16080	1538.08798	1525.02207
2025-08-08T13:25:19Z	5687.00000	1555.16069	1538.08758	1525.02203
2025-08-08T13:25:20Z	5687.00000	1555.16070	1538.08776	1525.02178
2025-08-08T13:25:20Z	5687.00000	1555.16054	1538.08780	1525.02194
2025-08-08T13:25:20Z	5687.00000	1555.16047	1538.08773	1525.02182
2025-08-08T13:25:20Z	5687.00000	1555.16035	1538.08767	1525.02174
2025-08-08T13:25:20Z	5687.00000	1555.16025	1538.08726	1525.02174
2025-08-08T13:25:20Z	5688.00000	1555.16025	1538.08758	1525.02176
2025-08-08T13:25:20Z	5688.00000	1555.16038	1538.08745	1525.02166
2025-08-08T13:25:20Z	5688.00000	1555.16001	1538.08730	1525.02159
2025-08-08T13:25:20Z	5688.00000	1555.16001	1538.08699	1525.02143
2025-08-08T13:25:21Z	5688.00000	1555.15996	1538.08725	1525.02145
2025-08-08T13:25:21Z	5688.00000	1555.15983	1538.08715	1525.02137
2025-08-08T13:25:21Z	5688.00000	1555.15980	1538.08668	1525.02122
2025-08-08T13:25:21Z	5688.00000	1555.15967	1538.08674	1525.02123
2025-08-08T13:25:21Z	5688.00000	1555.15951	1538.08696	1525.02103
2025-08-08T13:25:21Z	5688.00000	1555.15964	1538.08678	1525.02113
2025-08-08T13:25:21Z	5689.00000	1555.15943	1538.08679	1525.02114
2025-08-08T13:25:21Z	5689.00000	1555.15939	1538.08670	1525.02103
2025-08-08T13:25:21Z	5689.00000	1555.15928	1538.08666	1525.02087
2025-08-08T13:25:21Z	5689.00000	1555.15924	1538.08646	1525.02090
2025-08-08T13:25:22Z	5689.00000	1555.15918	1538.08643	1525.02082
2025-08-08T13:25:22Z	5689.00000	1555.15901	1538.08621	1525.02084
2025-08-08T13:25:22Z	5689.00000	1555.15890	1538.08621	1525.02084
2025-08-08T13:25:22Z	5689.00000	1555.15902	1538.08614	1525.02071
2025-08-08T13:25:22Z	5690.00000	1555.15882	1538.08610	1525.02068
2025-08-08T13:25:22Z	5690.00000	1555.15864	1538.08575	1525.02058
2025-08-08T13:25:22Z	5690.00000	1555.15871	1538.08554	1525.02058
2025-08-08T13:25:22Z	5690.00000	1555.15862	1538.08595	1525.02049
2025-08-08T13:25:22Z	5690.00000	1555.15834	1538.08573	1525.02043
2025-08-08T13:25:23Z	5690.00000	1555.15838	1538.08578	1525.02031
2025-08-08T13:25:23Z	5690.00000	1555.15830	1538.08566	1525.02040
2025-08-08T13:25:23Z	5690.00000	1555.15828	1538.08558	1525.02036
2025-08-08T13:25:23Z	5690.00000	1555.15816	1538.08555	1525.02033
2025-08-08T13:25:23Z	5690.00000	1555.15811	1538.08546	1525.02030
2025-08-08T13:25:23Z	5691.00000	1555.15805	1538.08531	1525.02008
2025-08-08T13:25:23Z	5691.00000	1555.15792	1538.08523	1525.02014
2025-08-08T13:25:23Z	5691.00000	1555.15804	1538.08515	1525.02009
2025-08-08T13:25:23Z	5691.00000	1555.15789	1538.08511	1525.02001
2025-08-08T13:25:24Z	5691.00000	1555.15765	1538.08499	1525.02010
2025-08-08T13:25:24Z	5691.00000	1555.15760	1538.08459	1525.01993
2025-08-08T13:25:24Z	5691.00000	1555.15741	1538.08483	1525.01986
2025-08-08T13:25:24Z	5691.00000	1555.15757	1538.08465	1525.01972
2025-08-08T13:25:24Z	5692.00000	1555.15744	1538.08477	1525.01991
2025-08-08T13:25:24Z	5692.00000	1555.15745	1538.08470	1525.01982
2025-08-08T13:25:24Z	5692.00000	1555.15721	1538.08468	1525.01974
2025-08-08T13:25:25Z	5692.00000	1555.15699	1538.08394	1525.01960
2025-08-08T13:25:25Z	5692.00000	1555.15669	1538.08391	1525.01949
2025-08-08T13:25:25Z	5692.00000	1555.15683	1538.08379	1525.01951
2025-08-08T13:25:25Z	5692.00000	1555.15659	1538.08401	1525.01960
2025-08-08T13:25:25Z	5692.00000	1555.15675	1538.08390	1525.01944
2025-08-08T13:25:25Z	5692.00000	1555.15672	1538.08417	1525.01940
2025-08-08T13:25:25Z	5693.00000	1555.15658	1538.08368	1525.01944
2025-08-08T13:25:25Z	5693.00000	1555.15628	1538.08362	1525.01929
2025-08-08T13:25:25Z	5693.00000	1555.15631	1538.08353	1525.01913
2025-08-08T13:25:26Z	5693.00000	1555.15654	1538.08375	1525.01930
2025-08-08T13:25:26Z	5693.00000	1555.15610	1538.08282	1525.01928
2025-08-08T13:25:26Z	5693.00000	1555.15594	1538.08315	1525.01928
2025-08-08T13:25:26Z	5693.00000	1555.15597	1538.08291	1525.01923
2025-08-08T13:25:26Z	5693.00000	1555.15572	1538.08309	1525.01903
2025-08-08T13:25:26Z	5694.00000	1555.15584	1538.08298	1525.01894
2025-08-08T13:25:26Z	5694.00000	1555.15599	1538.08274	1525.01885
2025-08-08T13:25:26Z	5694.00000	1555.15599	1538.08293	1525.01896
2025-08-08T13:25:26Z	5694.00000	1555.15582	1538.08283	1525.01885
2025-08-08T13:25:26Z	5694.00000	1555.15557	1538.08281	1525.01896
2025-08-08T13:25:27Z	5694.00000	1555.15558	1538.08260	1525.01863
2025-08-08T13:25:27Z	5694.00000	1555.15564	1538.08256	1525.01861
2025-08-08T13:25:27Z	5694.00000	1555.15524	1538.08272	1525.01866
2025-08-08T13:25:27Z	5694.00000	1555.15532	1538.08253	1525.01864
2025-08-08T13:25:27Z	5694.00000	1555.15492	1538.08263	1525.01856
2025-08-08T13:25:27Z	5695.00000	1555.15516	1538.08256	1525.01866
2025-08-08T13:25:27Z	5695.00000	1555.15506	1538.08252	1525.01842
2025-08-08T13:25:27Z	5695.00000	1555.15510	1538.08259	1525.01856
2025-08-08T13:25:27Z	5695.00000	1555.15461	1538.08227	1525.01858
2025-08-08T13:25:28Z	5695.00000	1555.15453	1538.08229	1525.01854
2025-08-08T13:25:28Z	5695.00000	1555.15446	1538.08222	1525.01858
2025-08-08T13:25:28Z	5695.00000	1555.15434	1538.08212	1525.01841
2025-08-08T13:25:28Z	5695.00000	1555.15458	1538.08222	1525.01827
2025-08-08T13:25:28Z	5695.00000	1555.15417	1538.08142	1525.01829
2025-08-08T13:25:28Z	5696.00000	1555.15439	1538.08166	1525.01833
2025-08-08T13:25:28Z	5696.00000	1555.15414	1538.08157	1525.01837
2025-08-08T13:25:28Z	5696.00000	1555.15428	1538.08164	1525.01804
2025-08-08T13:25:28Z	5696.00000	1555.15418	1538.08177	1525.01817
2025-08-08T13:25:29Z	5696.00000	1555.15383	1538.08161	1525.01811
2025-08-08T13:25:29Z	5696.00000	1555.15369	1538.08160	1525.01824
2025-08-08T13:25:29Z	5696.00000	1555.15381	1538.08128	1525.01814
2025-08-08T13:25:29Z	5696.00000	1555.15383	1538.08144	1525.01798
2025-08-08T13:25:29Z	5696.00000	1555.15369	1538.08138	1525.01801
2025-08-08T13:25:29Z	5697.00000	1555.15356	1538.08165	1525.01827
2025-08-08T13:25:29Z	5697.00000	1555.15347	1538.08123	1525.01792
2025-08-08T13:25:29Z	5697.00000	1555.15337	1538.08124	1525.01794
2025-08-08T13:25:30Z	5697.00000	1555.15342	1538.08099	1525.01777
2025-08-08T13:25:30Z	5697.00000	1555.15313	1538.08082	1525.01782
2025-08-08T13:25:30Z	5697.00000	1555.15329	1538.08091	1525.01783
2025-08-08T13:25:30Z	5697.00000	1555.15308	1538.08079	1525.01775
2025-08-08T13:25:30Z	5697.00000	1555.15312	1538.08078	1525.01768
2025-08-08T13:25:30Z	5698.00000	1555.15279	1538.08053	1525.01775
2025-08-08T13:25:30Z	5698.00000	1555.15263	1538.08064	1525.01774
2025-08-08T13:25:30Z	5698.00000	1555.15271	1538.08073	1525.01773
2025-08-08T13:25:30Z	5698.00000	1555.15290	1538.08008	1525.01748
2025-08-08T13:25:31Z	5698.00000	1555.15261	1538.08068	1525.01752
2025-08-08T13:25:31Z	5698.00000	1555.15272	1538.08041	1525.01747
2025-08-08T13:25:31Z	5698.00000	1555.15265	1538.08025	1525.01742
2025-08-08T13:25:31Z	5698.00000	1555.15263	1538.08025	1525.01739
2025-08-08T13:25:31Z	5698.00000	1555.15258	1538.08021	1525.01717
2025-08-08T13:25:31Z	5699.00000	1555.15225	1538.08008	1525.01736
2025-08-08T13:25:31Z	5699.00000	1555.15256	1538.08004	1525.01748
2025-08-08T13:25:31Z	5699.00000	1555.15236	1538.08006	1525.01732
2025-08-08T13:25:31Z	5699.00000	1555.15229	1538.07988	1525.01727
2025-08-08T13:25:32Z	5699.00000	1555.15224	1538.07984	1525.01705
2025-08-08T13:25:32Z	5699.00000	1555.15218	1538.07983	1525.01717
2025-08-08T13:25:32Z	5699.00000	1555.15214	1538.07958	1525.01704
2025-08-08T13:25:32Z	5699.00000	1555.15210	1538.07965	1525.01721
2025-08-08T13:25:32Z	5699.00000	1555.15214	1538.07972	1525.01717
2025-08-08T13:25:32Z	5699.00000	1555.15179	1538.07985	1525.01690
2025-08-08T13:25:32Z	5700.00000	1555.15192	1538.07942	1525.01686
2025-08-08T13:25:32Z	5700.00000	1555.15181	1538.07943	1525.01692
2025-08-08T13:25:32Z	5700.00000	1555.15181	1538.07917	1525.01700
2025-08-08T13:25:32Z	5700.00000	1555.15182	1538.07930	1525.01691
2025-08-08T13:25:33Z	5700.00000	1555.15165	1538.07936	1525.01672
2025-08-08T13:25:33Z	5700.00000	1555.15167	1538.07924	1525.01658
2025-08-08T13:25:33Z	5700.00000	1555.15159	1538.07929	1525.01672
2025-08-08T13:25:33Z	5700.00000	1555.15158	1538.07898	1525.01684
2025-08-08T13:25:33Z	5700.00000	1555.15154	1538.07889	1525.01682
2025-08-08T13:25:33Z	5701.00000	1555.15139	1538.07887	1525.01657
2025-08-08T13:25:33Z	5701.00000	1555.15147	1538.07879	1525.01661
2025-08-08T13:25:33Z	5701.00000	1555.15129	1538.07888	1525.01635
2025-08-08T13:25:33Z	5701.00000	1555.15121	1538.07870	1525.01642
2025-08-08T13:25:34Z	5701.00000	1555.15130	1538.07866	1525.01668
2025-08-08T13:25:34Z	5701.00000	1555.15120	1538.07842	1525.01631
2025-08-08T13:25:34Z	5701.00000	1555.15111	1538.07840	1525.01628
2025-08-08T13:25:34Z	5701.00000	1555.15108	1538.07878	1525.01642
2025-08-08T13:25:34Z	5701.00000	1555.15098	1538.07837	1525.01632
2025-08-08T13:25:34Z	5702.00000	1555.15103	1538.07840	1525.01625
2025-08-08T13:25:34Z	5702.00000	1555.15088	1538.07812	1525.01616
2025-08-08T13:25:34Z	5702.00000	1555.15088	1538.07831	1525.01620
2025-08-08T13:25:34Z	5702.00000	1555.15086	1538.07824	1525.01630
2025-08-08T13:25:35Z	5702.00000	1555.15077	1538.07853	1525.01614
2025-08-08T13:25:35Z	5702.00000	1555.15067	1538.07806	1525.01620
2025-08-08T13:25:35Z	5702.00000	1555.15065	1538.07793	1525.01597
2025-08-08T13:25:35Z	5702.00000	1555.15066	1538.07793	1525.01608
2025-08-08T13:25:35Z	5702.00000	1555.15049	1538.07789	1525.01602
2025-08-08T13:25:35Z	5703.00000	1555.15053	1538.07781	1525.01583
2025-08-08T13:25:35Z	5703.00000	1555.15051	1538.07782	1525.01596
2025-08-08T13:25:35Z	5703.00000	1555.15044	1538.07783	1525.01583
2025-08-08T13:25:35Z	5703.00000	1555.15043	1538.07749	1525.01587
2025-08-08T13:25:35Z	5703.00000	1555.15029	1538.07799	1525.01587
2025-08-08T13:25:36Z	5703.00000	1555.15051	1538.07765	1525.01583
2025-08-08T13:25:36Z	5703.00000	1555.15016	1538.07754	1525.01581
2025-08-08T13:25:36Z	5703.00000	1555.15016	1538.07743	1525.01583
2025-08-08T13:25:36Z	5703.00000	1555.15018	1538.07757	1525.01573
2025-08-08T13:25:36Z	5703.00000	1555.15009	1538.07742	1525.01569
2025-08-08T13:25:36Z	5704.00000	1555.15016	1538.07755	1525.01562
2025-08-08T13:25:36Z	5704.00000	1555.15001	1538.07759	1525.01560
2025-08-08T13:25:36Z	5704.00000	1555.15016	1538.07726	1525.01555
2025-08-08T13:25:36Z	5704.00000	1555.15004	1538.07721	1525.01567
2025-08-08T13:25:37Z	5704.00000	1555.14988	1538.07727	1525.01560
2025-08-08T13:25:37Z	5704.00000	1555.14977	1538.07680	1525.01550
2025-08-08T13:25:37Z	5704.00000	1555.14978	1538.07695	1525.01548
2025-08-08T13:25:37Z	5704.00000	1555.14968	1538.07689	1525.01558
2025-08-08T13:25:37Z	5704.00000	1555.14973	1538.07672	1525.01546
2025-08-08T13:25:37Z	5705.00000	1555.14980	1538.07702	1525.01525
2025-08-08T13:25:37Z	5705.00000	1555.14968	1538.07722	1525.01550
2025-08-08T13:25:37Z	5705.00000	1555.14970	1538.07665	1525.01540
2025-08-08T13:25:37Z	5705.00000	1555.14948	1538.07695	1525.01534
2025-08-08T13:25:37Z	5705.00000	1555.14954	1538.07660	1525.01527
2025-08-08T13:25:38Z	5705.00000	1555.14948	1538.07709	1525.01519
2025-08-08T13:25:38Z	5705.00000	1555.14943	1538.07671	1525.01527
2025-08-08T13:25:38Z	5705.00000	1555.14939	1538.07648	1525.01505
2025-08-08T13:25:38Z	5705.00000	1555.14939	1538.07662	1525.01513
2025-08-08T13:25:38Z	5705.00000	1555.14924	1538.07644	1525.01508
2025-08-08T13:25:38Z	5706.00000	1555.14941	1538.07631	1525.01502
2025-08-08T13:25:38Z	5706.00000	1555.14936	1538.07637	1525.01508
2025-08-08T13:25:38Z	5706.00000	1555.14934	1538.07627	1525.01501
2025-08-08T13:25:38Z	5706.00000	1555.14929	1538.07633	1525.01500
2025-08-08T13:25:38Z	5706.00000	1555.14925	1538.07618	1525.01502
2025-08-08T13:25:39Z	5706.00000	1555.14905	1538.07634	1525.01489
2025-08-08T13:25:39Z	5706.00000	1555.14922	1538.07610	1525.01499
2025-08-08T13:25:39Z	5706.00000	1555.14909	1538.07603	1525.01484
2025-08-08T13:25:39Z	5706.00000	1555.14880	1538.07585	1525.01476
2025-08-08T13:25:39Z	5706.00000	1555.14906	1538.07558	1525.01481
2025-08-08T13:25:39Z	5707.00000	1555.14899	1538.07587	1525.01472
2025-08-08T13:25:39Z	5707.00000	1555.14891	1538.07580	1525.01485
2025-08-08T13:25:39Z	5707.00000	1555.14884	1538.07570	1525.01468
2025-08-08T13:25:39Z	5707.00000	1555.14882	1538.07566	1525.01464
2025-08-08T13:25:40Z	5707.00000	1555.14880	1538.07565	1525.01464
2025-08-08T13:25:40Z	5707.00000	1555.14886	1538.07554	1525.01460
2025-08-08T13:25:40Z	5707.00000	1555.14867	1538.07553	1525.01430
2025-08-08T13:25:40Z	5707.00000	1555.14859	1538.07526	1525.01441
2025-08-08T13:25:40Z	5707.00000	1555.14876	1538.07543	1525.01448
2025-08-08T13:25:40Z	5708.00000	1555.14843	1538.07536	1525.01443
2025-08-08T13:25:40Z	5708.00000	1555.14853	1538.07520	1525.01451
2025-08-08T13:25:40Z	5708.00000	1555.14838	1538.07531	1525.01440
2025-08-08T13:25:40Z	5708.00000	1555.14853	1538.07491	1525.01437
2025-08-08T13:25:40Z	5708.00000	1555.14822	1538.07524	1525.01430
2025-08-08T13:25:41Z	5708.00000	1555.14845	1538.07525	1525.01405
2025-08-08T13:25:41Z	5708.00000	1555.14850	1538.07506	1525.01414
2025-08-08T13:25:41Z	5708.00000	1555.14843	1538.07499	1525.01406
2025-08-08T13:25:41Z	5708.00000	1555.14834	1538.07493	1525.01396
2025-08-08T13:25:41Z	5708.00000	1555.14838	1538.07455	1525.01416
2025-08-08T13:25:41Z	5709.00000	1555.14823	1538.07484	1525.01398
2025-08-08T13:25:41Z	5709.00000	1555.14831	1538.07476	1525.01399
2025-08-08T13:25:41Z	5709.00000	1555.14815	1538.07460	1525.01400
2025-08-08T13:25:41Z	5709.00000	1555.14820	1538.07486	1525.01390
2025-08-08T13:25:42Z	5709.00000	1555.14805	1538.07421	1525.01396
2025-08-08T13:25:42Z	5709.00000	1555.14801	1538.07464	1525.01383
2025-08-08T13:25:42Z	5709.00000	1555.14784	1538.07455	1525.01388
2025-08-08T13:25:42Z	5709.00000	1555.14811	1538.07413	1525.01386
2025-08-08T13:25:42Z	5709.00000	1555.14798	1538.07418	1525.01375
2025-08-08T13:25:42Z	5710.00000	1555.14768	1538.07459	1525.01374
2025-08-08T13:25:42Z	5710.00000	1555.14788	1538.07429	1525.01356
2025-08-08T13:25:42Z	5710.00000	1555.14766	1538.07425	1525.01354
2025-08-08T13:25:42Z	5710.00000	1555.14776	1538.07429	1525.01367
2025-08-08T13:25:42Z	5710.00000	1555.14766	1538.07382	1525.01364
2025-08-08T13:25:43Z	5710.00000	1555.14784	1538.07439	1525.01365
2025-08-08T13:25:43Z	5710.00000	1555.14754	1538.07340	1525.01339
2025-08-08T13:25:43Z	5710.00000	1555.14743	1538.07405	1525.01331
2025-08-08T13:25:43Z	5710.00000	1555.14752	1538.07387	1525.01330
2025-08-08T13:25:43Z	5711.00000	1555.14746	1538.07345	1525.01315
2025-08-08T13:25:43Z	5711.00000	1555.14739	1538.07355	1525.01320
2025-08-08T13:25:43Z	5711.00000	1555.14717	1538.07407	1525.01318
2025-08-08T13:25:43Z	5711.00000	1555.14730	1538.07368	1525.01311
2025-08-08T13:25:44Z	5711.00000	1555.14743	1538.07328	1525.01319
2025-08-08T13:25:44Z	5711.00000	1555.14703	1538.07362	1525.01302
2025-08-08T13:25:44Z	5711.00000	1555.14696	1538.07378	1525.01309
2025-08-08T13:25:44Z	5711.00000	1555.14721	1538.07308	1525.01302
2025-08-08T13:25:44Z	5711.00000	1555.14715	1538.07306	1525.01296
2025-08-08T13:25:44Z	5711.00000	1555.14712	1538.07312	1525.01302
2025-08-08T13:25:44Z	5712.00000	1555.14711	1538.07331	1525.01316
2025-08-08T13:25:44Z	5712.00000	1555.14705	1538.07344	1525.01287
2025-08-08T13:25:44Z	5712.00000	1555.14677	1538.07311	1525.01284
2025-08-08T13:25:44Z	5712.00000	1555.14691	1538.07253	1525.01297
2025-08-08T13:25:45Z	5712.00000	1555.14693	1538.07289	1525.01287
2025-08-08T13:25:45Z	5712.00000	1555.14686	1538.07272	1525.01263
2025-08-08T13:25:45Z	5712.00000	1555.14660	1538.07237	1525.01269
2025-08-08T13:25:45Z	5712.00000	1555.14658	1538.07274	1525.01272
2025-08-08T13:25:45Z	5712.00000	1555.14673	1538.07259	1525.01276
2025-08-08T13:25:45Z	5713.00000	1555.14660	1538.07280	1525.01261
2025-08-08T13:25:45Z	5713.00000	1555.14660	1538.07249	1525.01244
2025-08-08T13:25:45Z	5713.00000	1555.14654	1538.07251	1525.01262
2025-08-08T13:25:45Z	5713.00000	1555.14625	1538.07233	1525.01247
2025-08-08T13:25:46Z	5713.00000	1555.14633	1538.07226	1525.01236
2025-08-08T13:25:46Z	5713.00000	1555.14633	1538.07243	1525.01230
2025-08-08T13:25:46Z	5713.00000	1555.14602	1538.07185	1525.01238
2025-08-08T13:25:46Z	5714.00000	1555.14626	1538.07200	1525.01247
2025-08-08T13:25:46Z	5714.00000	1555.14579	1538.07232	1525.01228
2025-08-08T13:25:46Z	5714.00000	1555.14588	1538.07201	1525.01231
2025-08-08T13:25:46Z	5714.00000	1555.14594	1538.07211	1525.01238
2025-08-08T13:25:46Z	5714.00000	1555.14580	1538.07145	1525.01198
2025-08-08T13:25:47Z	5714.00000	1555.14566	1538.07182	1525.01216
2025-08-08T13:25:47Z	5714.00000	1555.14565	1538.07189	1525.01207
2025-08-08T13:25:47Z	5714.00000	1555.14585	1538.07140	1525.01194
2025-08-08T13:25:47Z	5714.00000	1555.14588	1538.07170	1525.01192
2025-08-08T13:25:47Z	5714.00000	1555.14578	1538.07133	1525.01194
2025-08-08T13:25:47Z	5715.00000	1555.14557	1538.07181	1525.01203
2025-08-08T13:25:47Z	5715.00000	1555.14552	1538.07167	1525.01201
2025-08-08T13:25:47Z	5715.00000	1555.14544	1538.07153	1525.01185
2025-08-08T13:25:47Z	5715.00000	1555.14554	1538.07139	1525.01191
2025-08-08T13:25:48Z	5715.00000	1555.14541	1538.07165	1525.01181
2025-08-08T13:25:48Z	5715.00000	1555.14501	1538.07145	1525.01197
2025-08-08T13:25:48Z	5715.00000	1555.14532	1538.07161	1525.01183
2025-08-08T13:25:48Z	5715.00000	1555.14500	1538.07131	1525.01182
2025-08-08T13:25:48Z	5715.00000	1555.14523	1538.07072	1525.01178
2025-08-08T13:25:48Z	5716.00000	1555.14518	1538.07155	1525.01169
2025-08-08T13:25:48Z	5716.00000	1555.14494	1538.07134	1525.01194
2025-08-08T13:25:48Z	5716.00000	1555.14493	1538.07145	1525.01176
2025-08-08T13:25:48Z	5716.00000	1555.14464	1538.07107	1525.01179
2025-08-08T13:25:49Z	5716.00000	1555.14469	1538.07127	1525.01164
2025-08-08T13:25:49Z	5716.00000	1555.14493	1538.07116	1525.01169
2025-08-08T13:25:49Z	5716.00000	1555.14487	1538.07099	1525.01155
2025-08-08T13:25:49Z	5716.00000	1555.14492	1538.07113	1525.01152
2025-08-08T13:25:49Z	5716.00000	1555.14467	1538.07063	1525.01154
2025-08-08T13:25:49Z	5716.00000	1555.14450	1538.07079	1525.01153
2025-08-08T13:25:49Z	5717.00000	1555.14490	1538.07073	1525.01147
2025-08-08T13:25:49Z	5717.00000	1555.14472	1538.07060	1525.01153
2025-08-08T13:25:49Z	5717.00000	1555.14420	1538.07061	1525.01163
2025-08-08T13:25:49Z	5717.00000	1555.14446	1538.07080	1525.01143
2025-08-08T13:25:50Z	5717.00000	1555.14427	1538.07064	1525.01136
2025-08-08T13:25:50Z	5717.00000	1555.14425	1538.07077	1525.01141
2025-08-08T13:25:50Z	5717.00000	1555.14444	1538.07042	1525.01145
2025-08-08T13:25:50Z	5717.00000	1555.14391	1538.07040	1525.01146
2025-08-08T13:25:50Z	5717.00000	1555.14416	1538.07040	1525.01125
2025-08-08T13:25:50Z	5718.00000	1555.14417	1538.07022	1525.01127
2025-08-08T13:25:50Z	5718.00000	1555.14406	1538.06990	1525.01127
2025-08-08T13:25:50Z	5718.00000	1555.14433	1538.07009	1525.01119
2025-08-08T13:25:51Z	5718.00000	1555.14400	1538.06998	1525.01113
2025-08-08T13:25:51Z	5718.00000	1555.14391	1538.06965	1525.01114
2025-08-08T13:25:51Z	5718.00000	1555.14363	1538.06963	1525.01106
2025-08-08T13:25:51Z	5718.00000	1555.14350	1538.06999	1525.01092
2025-08-08T13:25:51Z	5719.00000	1555.14376	1538.06945	1525.01109
2025-08-08T13:25:51Z	5719.00000	1555.14367	1538.06984	1525.01096
2025-08-08T13:25:51Z	5719.00000	1555.14352	1538.06947	1525.01098
2025-08-08T13:25:51Z	5719.00000	1555.14348	1538.06963	1525.01090
2025-08-08T13:25:52Z	5719.00000	1555.14347	1538.06964	1525.01089
2025-08-08T13:25:52Z	5719.00000	1555.14332	1538.06971	1525.01087
2025-08-08T13:25:52Z	5719.00000	1555.14314	1538.06992	1525.01077
2025-08-08T13:25:52Z	5719.00000	1555.14325	1538.06920	1525.01061
2025-08-08T13:25:52Z	5719.00000	1555.14329	1538.06956	1525.01076
2025-08-08T13:25:52Z	5720.00000	1555.14311	1538.06921	1525.01052
2025-08-08T13:25:52Z	5720.00000	1555.14310	1538.06924	1525.01070
2025-08-08T13:25:52Z	5720.00000	1555.14312	1538.06929	1525.01044
2025-08-08T13:25:52Z	5720.00000	1555.14293	1538.06917	1525.01070
2025-08-08T13:25:53Z	5720.00000	1555.14306	1538.06915	1525.01048
2025-08-08T13:25:53Z	5720.00000	1555.14282	1538.06865	1525.01033
2025-08-08T13:25:53Z	5720.00000	1555.14289	1538.06911	1525.01047
2025-08-08T13:25:53Z	5720.00000	1555.14288	1538.06918	1525.01058
2025-08-08T13:25:53Z	5720.00000	1555.14289	1538.06908	1525.01046
2025-08-08T13:25:53Z	5720.00000	1555.14272	1538.06885	1525.01033
2025-08-08T13:25:53Z	5721.00000	1555.14303	1538.06888	1525.01031
2025-08-08T13:25:53Z	5721.00000	1555.14269	1538.06895	1525.01025
2025-08-08T13:25:53Z	5721.00000	1555.45992	1538.36703	1525.18282
2025-08-08T13:25:54Z	5721.00000	1555.77657	1538.66114	1525.35637
2025-08-08T13:25:54Z	5721.00000	1556.30619	1539.15593	1525.64229
2025-08-08T13:25:54Z	5721.00000	1556.61893	1539.44811	1525.80768
2025-08-08T13:25:54Z	5721.00000	1556.87310	1539.68542	1525.94549
2025-08-08T13:25:54Z	5721.00000	1557.16956	1539.96447	1526.10720
2025-08-08T13:25:54Z	5722.00000	1557.41551	1540.19554	1526.24175
2025-08-08T13:25:54Z	5722.00000	1557.70001	1540.46161	1526.39628
2025-08-08T13:25:54Z	5722.00000	1557.93324	1540.68126	1526.52059
2025-08-08T13:25:54Z	5722.00000	1558.19813	1540.93234	1526.66560
2025-08-08T13:25:55Z	5722.00000	1558.42099	1541.14473	1526.78942
2025-08-08T13:25:55Z	5722.00000	1558.67784	1541.38650	1526.92874
2025-08-08T13:25:55Z	5722.00000	1558.89730	1541.59626	1527.05009
2025-08-08T13:25:55Z	5722.00000	1559.14558	1541.83986	1527.18968
2025-08-08T13:25:55Z	5722.00000	1559.36411	1542.04700	1527.30926
2025-08-08T13:25:55Z	5723.00000	1559.60878	1542.28309	1527.44653
2025-08-08T13:25:55Z	5723.00000	1559.84492	1542.50621	1527.57843
2025-08-08T13:25:55Z	5723.00000	1560.06215	1542.71947	1527.69860
2025-08-08T13:25:55Z	5723.00000	1560.24040	1542.89143	1527.80119
2025-08-08T13:25:55Z	5723.00000	1560.40721	1543.04784	1527.89625
2025-08-08T13:25:56Z	5723.00000	1560.55708	1543.19483	1527.97990
2025-08-08T13:25:56Z	5723.00000	1560.65888	1543.28251	1528.03601
2025-08-08T13:25:56Z	5723.00000	1560.66548	1543.27507	1528.03954
2025-08-08T13:25:56Z	5723.00000	1560.66746	1543.27385	1528.04060
2025-08-08T13:25:56Z	5723.00000	1560.66893	1543.27239	1528.04166
2025-08-08T13:25:56Z	5724.00000	1560.67024	1543.27129	1528.04257
2025-08-08T13:25:56Z	5724.00000	1560.67067	1543.27090	1528.04298
2025-08-08T13:25:56Z	5724.00000	1560.67150	1543.27070	1528.04391
2025-08-08T13:25:56Z	5724.00000	1560.67213	1543.27069	1528.04438
2025-08-08T13:25:57Z	5724.00000	1560.67305	1543.27042	1528.04509
2025-08-08T13:25:57Z	5724.00000	1560.67392	1543.27026	1528.04544
2025-08-08T13:25:57Z	5724.00000	1560.67435	1543.27054	1528.04591
2025-08-08T13:25:57Z	5724.00000	1560.67505	1543.27052	1528.04637
2025-08-08T13:25:57Z	5724.00000	1560.67543	1543.27063	1528.04699
2025-08-08T13:25:57Z	5725.00000	1560.67622	1543.27065	1528.04717
2025-08-08T13:25:57Z	5725.00000	1560.67652	1543.27141	1528.04733
2025-08-08T13:25:57Z	5725.00000	1560.67698	1543.27165	1528.04774
2025-08-08T13:25:57Z	5725.00000	1560.67739	1543.27188	1528.04834
2025-08-08T13:25:58Z	5725.00000	1560.67769	1543.27194	1528.04837
2025-08-08T13:25:58Z	5725.00000	1560.67817	1543.27192	1528.04889
2025-08-08T13:25:58Z	5725.00000	1560.67865	1543.27203	1528.04913
2025-08-08T13:25:58Z	5725.00000	1560.67860	1543.27219	1528.04937
2025-08-08T13:25:58Z	5725.00000	1560.67904	1543.27266	1528.04973
2025-08-08T13:25:58Z	5726.00000	1560.67941	1543.27269	1528.05005
2025-08-08T13:25:58Z	5726.00000	1559.36396	1541.97368	1527.32438
2025-08-08T13:25:58Z	5726.00000	1558.44520	1541.14763	1526.81298
2025-08-08T13:25:58Z	5726.00000	1558.13118	1540.85266	1526.63561
2025-08-08T13:25:59Z	5726.00000	1557.85904	1540.59832	1526.48198
2025-08-08T13:25:59Z	5726.00000	1557.63347	1540.39038	1526.35766
2025-08-08T13:25:59Z	5726.00000	1557.41952	1540.19144	1526.24053
2025-08-08T13:25:59Z	5726.00000	1557.20874	1539.99750	1526.12279
2025-08-08T13:25:59Z	5726.00000	1556.93435	1539.74134	1525.97410
2025-08-08T13:25:59Z	5727.00000	1556.70021	1539.52426	1525.84683
2025-08-08T13:25:59Z	5727.00000	1556.50151	1539.34064	1525.73733
2025-08-08T13:25:59Z	5727.00000	1556.27161	1539.13068	1525.61973
2025-08-08T13:25:59Z	5727.00000	1556.05445	1538.93006	1525.50498
2025-08-08T13:26:00Z	5727.00000	1555.81295	1538.70226	1525.37387
2025-08-08T13:26:00Z	5727.00000	1555.63678	1538.53641	1525.28180
2025-08-08T13:26:00Z	5727.00000	1555.46178	1538.37544	1525.18504
2025-08-08T13:26:00Z	5727.00000	1555.26581	1538.19575	1525.08327
2025-08-08T13:26:00Z	5727.00000	1555.24331	1538.17490	1525.07150
2025-08-08T13:26:00Z	5727.00000	1555.23784	1538.16956	1525.06745
2025-08-08T13:26:00Z	5728.00000	1555.22928	1538.16091	1525.06320
2025-08-08T13:26:00Z	5728.00000	1555.22614	1538.15781	1525.06148
2025-08-08T13:26:00Z	5728.00000	1555.22364	1538.15512	1525.05979
2025-08-08T13:26:01Z	5728.00000	1555.22114	1538.15177	1525.05809
2025-08-08T13:26:01Z	5728.00000	1555.21818	1538.14876	1525.05605
2025-08-08T13:26:01Z	5728.00000	1555.21614	1538.14711	1525.05483
2025-08-08T13:26:01Z	5728.00000	1555.21361	1538.14345	1525.05353
2025-08-08T13:26:01Z	5728.00000	1555.21162	1538.14193	1525.05281
2025-08-08T13:26:01Z	5729.00000	1555.20994	1538.13977	1525.05220
2025-08-08T13:26:01Z	5729.00000	1555.20859	1538.13878	1525.05090
2025-08-08T13:26:01Z	5729.00000	1555.20764	1538.13728	1525.05014
2025-08-08T13:26:01Z	5729.00000	1555.20654	1538.13568	1525.04921
2025-08-08T13:26:01Z	5729.00000	1555.20483	1538.13390	1525.04828
2025-08-08T13:26:02Z	5729.00000	1555.20442	1538.13319	1525.04836
2025-08-08T13:26:02Z	5729.00000	1555.20248	1538.13167	1525.04679
2025-08-08T13:26:02Z	5729.00000	1555.20130	1538.13051	1525.04576
2025-08-08T13:26:02Z	5729.00000	1555.19975	1538.12906	1525.04518
2025-08-08T13:26:02Z	5729.00000	1555.19857	1538.12837	1525.04444
2025-08-08T13:26:02Z	5730.00000	1555.19738	1538.12700	1525.04389
2025-08-08T13:26:02Z	5730.00000	1555.19660	1538.12614	1525.04320
2025-08-08T13:26:02Z	5730.00000	1555.19557	1538.12444	1525.04263
2025-08-08T13:26:02Z	5730.00000	1555.19497	1538.12385	1525.04224
2025-08-08T13:26:02Z	5730.00000	1555.19444	1538.12285	1525.04175
2025-08-08T13:26:03Z	5730.00000	1555.19391	1538.12210	1525.04128
2025-08-08T13:26:03Z	5730.00000	1555.19300	1538.12127	1525.04066
2025-08-08T13:26:03Z	5730.00000	1555.19235	1538.12027	1525.04022
2025-08-08T13:26:03Z	5730.00000	1555.19157	1538.11947	1525.03985
2025-08-08T13:26:03Z	5730.00000	1555.19104	1538.11881	1525.03938
2025-08-08T13:26:03Z	5731.00000	1555.19029	1538.11775	1525.03912
2025-08-08T13:26:03Z	5731.00000	1555.18949	1538.11706	1525.03866
2025-08-08T13:26:03Z	5731.00000	1555.18906	1538.11693	1525.03847
2025-08-08T13:26:03Z	5731.00000	1555.18801	1538.11594	1525.03784
2025-08-08T13:26:03Z	5731.00000	1555.18752	1538.11546	1525.03751
2025-08-08T13:26:04Z	5731.00000	1555.18679	1538.11487	1525.03693
2025-08-08T13:26:04Z	5731.00000	1555.18600	1538.11462	1525.03654
2025-08-08T13:26:04Z	5731.00000	1555.18529	1538.11398	1525.03627
2025-08-08T13:26:04Z	5731.00000	1555.18445	1538.11281	1525.03593
2025-08-08T13:26:04Z	5731.00000	1555.18404	1538.11226	1525.03550
2025-08-08T13:26:04Z	5732.00000	1555.18319	1538.11186	1525.03508
2025-08-08T13:26:04Z	5732.00000	1555.18276	1538.11112	1525.03480
2025-08-08T13:26:04Z	5732.00000	1555.42752	1538.34010	1525.16659
2025-08-08T13:26:04Z	5732.00000	1555.79544	1538.68127	1525.36763
2025-08-08T13:26:05Z	5732.00000	1556.11128	1538.97964	1525.53726
2025-08-08T13:26:05Z	5732.00000	1556.38245	1539.22953	1525.68255
2025-08-08T13:26:05Z	5732.00000	1556.64517	1539.47419	1525.82252
2025-08-08T13:26:05Z	5732.00000	1556.90159	1539.71421	1525.96200
2025-08-08T13:26:05Z	5732.00000	1557.20139	1539.99786	1526.12409
2025-08-08T13:26:05Z	5733.00000	1557.48836	1540.26386	1526.28014
2025-08-08T13:26:05Z	5733.00000	1557.72922	1540.49093	1526.41356
2025-08-08T13:26:05Z	5733.00000	1557.96025	1540.71023	1526.53653
2025-08-08T13:26:05Z	5733.00000	1558.19350	1540.93021	1526.66461
2025-08-08T13:26:05Z	5733.00000	1558.42360	1541.14867	1526.79272
2025-08-08T13:26:06Z	5733.00000	1558.72288	1541.43251	1526.95686
2025-08-08T13:26:06Z	5733.00000	1558.94051	1541.64173	1527.07619
2025-08-08T13:26:06Z	5733.00000	1559.15604	1541.84841	1527.19606
2025-08-08T13:26:06Z	5733.00000	1559.37070	1542.05389	1527.31495
2025-08-08T13:26:06Z	5733.00000	1559.64914	1542.32091	1527.47109
2025-08-08T13:26:06Z	5734.00000	1559.85462	1542.51971	1527.58574
2025-08-08T13:26:06Z	5734.00000	1560.08147	1542.73600	1527.71187
2025-08-08T13:26:06Z	5734.00000	1560.26244	1542.90977	1527.81410
2025-08-08T13:26:06Z	5734.00000	1560.45954	1543.10120	1527.92658
2025-08-08T13:26:07Z	5734.00000	1560.62614	1543.26424	1528.01633
2025-08-08T13:26:07Z	5734.00000	1560.67156	1543.28370	1528.04273
2025-08-08T13:26:07Z	5734.00000	1560.67468	1543.28110	1528.04404
2025-08-08T13:26:07Z	5734.00000	1560.67626	1543.27943	1528.04516
2025-08-08T13:26:07Z	5734.00000	1560.67790	1543.27842	1528.04627
2025-08-08T13:26:07Z	5735.00000	1560.67866	1543.27734	1528.04690
2025-08-08T13:26:07Z	5735.00000	1560.67933	1543.27663	1528.04760
2025-08-08T13:26:07Z	5735.00000	1560.68053	1543.27693	1528.04771
2025-08-08T13:26:07Z	5735.00000	1560.68057	1543.27631	1528.04847
2025-08-08T13:26:08Z	5735.00000	1560.68075	1543.27629	1528.04919
2025-08-08T13:26:08Z	5735.00000	1560.68161	1543.27655	1528.04968
2025-08-08T13:26:08Z	5735.00000	1560.68207	1543.27603	1528.04964
2025-08-08T13:26:08Z	5735.00000	1560.68236	1543.27639	1528.05035
2025-08-08T13:26:08Z	5735.00000	1560.68268	1543.27631	1528.05066
2025-08-08T13:26:08Z	5735.00000	1560.68303	1543.27626	1528.05084
2025-08-08T13:26:08Z	5736.00000	1560.68355	1543.27610	1528.05133
2025-08-08T13:26:08Z	5736.00000	1560.68363	1543.27622	1528.05150
2025-08-08T13:26:08Z	5736.00000	1560.68404	1543.27633	1528.05197
2025-08-08T13:26:08Z	5736.00000	1560.68421	1543.27640	1528.05239
2025-08-08T13:26:09Z	5736.00000	1560.68434	1543.27681	1528.05251
2025-08-08T13:26:09Z	5736.00000	1560.68462	1543.27711	1528.05279
2025-08-08T13:26:09Z	5736.00000	1560.68483	1543.27655	1528.05307
2025-08-08T13:26:09Z	5736.00000	1560.68498	1543.27729	1528.05362
2025-08-08T13:26:09Z	5736.00000	1560.68536	1543.27759	1528.05367
2025-08-08T13:26:09Z	5737.00000	1560.68547	1543.27758	1528.05391
2025-08-08T13:26:09Z	5737.00000	1560.39178	1542.88699	1527.90730
2025-08-08T13:26:09Z	5737.00000	1558.64290	1541.32464	1526.91806
2025-08-08T13:26:09Z	5737.00000	1558.32623	1541.03088	1526.74272
2025-08-08T13:26:09Z	5737.00000	1558.07127	1540.79423	1526.60059
2025-08-08T13:26:10Z	5737.00000	1557.84072	1540.57969	1526.47120
2025-08-08T13:26:10Z	5737.00000	1557.61496	1540.37256	1526.34634
2025-08-08T13:26:10Z	5737.00000	1557.36243	1540.13655	1526.20859
2025-08-08T13:26:10Z	5737.00000	1557.15063	1539.94231	1526.09253
2025-08-08T13:26:10Z	5737.00000	1556.91151	1539.72047	1525.96177
2025-08-08T13:26:10Z	5738.00000	1556.71112	1539.53577	1525.85377
2025-08-08T13:26:10Z	5738.00000	1556.48279	1539.32483	1525.72817
2025-08-08T13:26:10Z	5738.00000	1556.28887	1539.14780	1525.62984
2025-08-08T13:26:10Z	5738.00000	1556.10586	1538.97815	1525.53240
2025-08-08T13:26:10Z	5738.00000	1555.86108	1538.74946	1525.40191
2025-08-08T13:26:11Z	5738.00000	1555.62505	1538.52771	1525.27666
2025-08-08T13:26:11Z	5738.00000	1555.45071	1538.36694	1525.18123
2025-08-08T13:26:11Z	5738.00000	1555.26615	1538.19781	1525.08429
2025-08-08T13:26:11Z	5738.00000	1555.25819	1538.19029	1525.08057
2025-08-08T13:26:11Z	5739.00000	1555.25304	1538.18543	1525.07744
2025-08-08T13:26:11Z	5739.00000	1555.24849	1538.18060	1525.07504
2025-08-08T13:26:11Z	5739.00000	1555.24481	1538.17721	1525.07356
2025-08-08T13:26:11Z	5739.00000	1555.24111	1538.17395	1525.07147
2025-08-08T13:26:11Z	5739.00000	1555.23880	1538.17120	1525.06986
2025-08-08T13:26:12Z	5739.00000	1555.23671	1538.16863	1525.06834
2025-08-08T13:26:12Z	5739.00000	1555.23413	1538.16630	1525.06620
2025-08-08T13:26:12Z	5739.00000	1555.23129	1538.16374	1525.06492
2025-08-08T13:26:12Z	5739.00000	1555.22873	1538.16125	1525.06399
2025-08-08T13:26:12Z	5739.00000	1555.22670	1538.15918	1525.06315
2025-08-08T13:26:12Z	5740.00000	1555.22544	1538.15761	1525.06232
2025-08-08T13:26:12Z	5740.00000	1555.22372	1538.15603	1525.06108
2025-08-08T13:26:12Z	5740.00000	1555.22247	1538.15442	1525.06031
2025-08-08T13:26:12Z	5740.00000	1555.22160	1538.15286	1525.05919
2025-08-08T13:26:13Z	5740.00000	1555.21907	1538.15026	1525.05730
2025-08-08T13:26:13Z	5740.00000	1555.21860	1538.15000	1525.05735
2025-08-08T13:26:13Z	5740.00000	1555.21715	1538.14867	1525.05646
2025-08-08T13:26:13Z	5740.00000	1555.21571	1538.14742	1525.05560
2025-08-08T13:26:13Z	5740.00000	1555.21428	1538.14632	1525.05486
2025-08-08T13:26:13Z	5740.00000	1555.21327	1538.14401	1525.05424
2025-08-08T13:26:13Z	5741.00000	1555.21172	1538.14191	1525.05348
2025-08-08T13:26:13Z	5741.00000	1555.20974	1538.14005	1525.05255
2025-08-08T13:26:13Z	5741.00000	1555.20902	1538.13914	1525.05200
2025-08-08T13:26:14Z	5741.00000	1555.20823	1538.13853	1525.05140
2025-08-08T13:26:14Z	5741.00000	1555.20741	1538.13708	1525.05076
2025-08-08T13:26:14Z	5741.00000	1555.20653	1538.13628	1525.05014
2025-08-08T13:26:14Z	5741.00000	1555.20583	1538.13550	1525.04966
2025-08-08T13:26:14Z	5741.00000	1555.20505	1538.13449	1525.04919
2025-08-08T13:26:14Z	5742.00000	1555.20411	1538.13335	1525.04841
2025-08-08T13:26:14Z	5742.00000	1555.20333	1538.13247	1525.04790
2025-08-08T13:26:14Z	5742.00000	1555.20227	1538.13194	1525.04735
2025-08-08T13:26:14Z	5742.00000	1555.20159	1538.13117	1525.04697
2025-08-08T13:26:15Z	5742.00000	1555.20092	1538.13059	1525.04657
2025-08-08T13:26:15Z	5742.00000	1555.19952	1538.12985	1525.04583
2025-08-08T13:26:15Z	5742.00000	1555.19822	1538.12859	1525.04497
2025-08-08T13:26:15Z	5742.00000	1555.19749	1538.12788	1525.04463
2025-08-08T13:26:15Z	5743.00000	1555.19697	1538.12733	1525.04426
2025-08-08T13:26:15Z	5743.00000	1555.19644	1538.12649	1525.04390
2025-08-08T13:26:15Z	5743.00000	1555.19583	1538.12572	1525.04349
2025-08-08T13:26:15Z	5743.00000	1555.55577	1538.45906	1525.23819
2025-08-08T13:26:15Z	5743.00000	1555.83351	1538.71928	1525.38805
2025-08-08T13:26:16Z	5743.00000	1556.10059	1538.97112	1525.53335
2025-08-08T13:26:16Z	5743.00000	1556.37571	1539.22517	1525.68029
2025-08-08T13:26:16Z	5743.00000	1556.64462	1539.47441	1525.82278
2025-08-08T13:26:16Z	5743.00000	1556.98714	1539.79614	1526.01085
2025-08-08T13:26:16Z	5743.00000	1557.24351	1540.03751	1526.14799
2025-08-08T13:26:16Z	5744.00000	1557.56983	1540.34380	1526.32479
2025-08-08T13:26:16Z	5744.00000	1557.88676	1540.63978	1526.49738
2025-08-08T13:26:16Z	5744.00000	1558.15994	1540.89867	1526.64772
2025-08-08T13:26:16Z	5744.00000	1558.38973	1541.11719	1526.77503
2025-08-08T13:26:17Z	5744.00000	1558.87752	1541.57925	1527.04275
2025-08-08T13:26:17Z	5744.00000	1559.10265	1541.79938	1527.16803
2025-08-08T13:26:17Z	5744.00000	1559.36005	1542.04336	1527.30913
2025-08-08T13:26:17Z	5744.00000	1559.60576	1542.27993	1527.44675
2025-08-08T13:26:17Z	5745.00000	1559.84144	1542.50287	1527.57863
2025-08-08T13:26:17Z	5745.00000	1560.03201	1542.68412	1527.68276
2025-08-08T13:26:17Z	5745.00000	1560.21819	1542.86141	1527.78941
2025-08-08T13:26:17Z	5745.00000	1560.39388	1543.03155	1527.88801
2025-08-08T13:26:18Z	5745.00000	1560.62181	1543.25901	1528.01396
2025-08-08T13:26:18Z	5745.00000	1560.67628	1543.28625	1528.04421
2025-08-08T13:26:18Z	5745.00000	1560.67916	1543.28233	1528.04646
2025-08-08T13:26:18Z	5745.00000	1560.68004	1543.28124	1528.04750
2025-08-08T13:26:18Z	5745.00000	1560.68110	1543.28099	1528.04822
2025-08-08T13:26:18Z	5746.00000	1560.68183	1543.28035	1528.04877
2025-08-08T13:26:18Z	5746.00000	1560.68236	1543.28003	1528.04937
2025-08-08T13:26:18Z	5746.00000	1560.68310	1543.27977	1528.04987
2025-08-08T13:26:18Z	5746.00000	1560.68360	1543.27923	1528.05034
2025-08-08T13:26:18Z	5746.00000	1560.68426	1543.27908	1528.05075
2025-08-08T13:26:19Z	5746.00000	1560.68436	1543.27884	1528.05104
2025-08-08T13:26:19Z	5746.00000	1560.68464	1543.27930	1528.05146
2025-08-08T13:26:19Z	5746.00000	1560.68487	1543.27870	1528.05203
2025-08-08T13:26:19Z	5746.00000	1560.68529	1543.27958	1528.05219
2025-08-08T13:26:19Z	5746.00000	1560.68557	1543.27958	1528.05295
2025-08-08T13:26:19Z	5747.00000	1560.68617	1543.27969	1528.05305
2025-08-08T13:26:19Z	5747.00000	1560.68634	1543.27950	1528.05332
2025-08-08T13:26:19Z	5747.00000	1560.68669	1543.27934	1528.05342
2025-08-08T13:26:19Z	5747.00000	1560.68696	1543.27938	1528.05398
2025-08-08T13:26:20Z	5747.00000	1560.68725	1543.27965	1528.05428
2025-08-08T13:26:20Z	5747.00000	1560.68745	1543.27939	1528.05474
2025-08-08T13:26:20Z	5747.00000	1560.68838	1543.27969	1528.05487
2025-08-08T13:26:20Z	5747.00000	1560.68854	1543.27960	1528.05528
2025-08-08T13:26:20Z	5747.00000	1560.68866	1543.28013	1528.05557
2025-08-08T13:26:20Z	5748.00000	1560.68862	1543.28039	1528.05600
2025-08-08T13:26:20Z	5748.00000	1560.68871	1543.27862	1528.05622
2025-08-08T13:26:20Z	5748.00000	1558.84546	1541.50695	1527.03134
2025-08-08T13:26:20Z	5748.00000	1558.40322	1541.10417	1526.78578
2025-08-08T13:26:20Z	5748.00000	1558.13611	1540.85474	1526.63695
2025-08-08T13:26:21Z	5748.00000	1557.89495	1540.62944	1526.50115
2025-08-08T13:26:21Z	5748.00000	1557.63358	1540.39026	1526.35800
2025-08-08T13:26:21Z	5748.00000	1557.41360	1540.18628	1526.23791
2025-08-08T13:26:21Z	5748.00000	1557.19997	1539.99034	1526.11903
2025-08-08T13:26:21Z	5748.00000	1556.99129	1539.79549	1526.00665
2025-08-08T13:26:21Z	5748.00000	1556.77859	1539.59833	1525.89071
2025-08-08T13:26:21Z	5749.00000	1556.54602	1539.38342	1525.76222
2025-08-08T13:26:21Z	5749.00000	1556.31534	1539.17169	1525.64378
2025-08-08T13:26:21Z	5749.00000	1556.09984	1538.97389	1525.53006
2025-08-08T13:26:21Z	5749.00000	1555.91435	1538.80002	1525.43270
2025-08-08T13:26:22Z	5749.00000	1555.73642	1538.63240	1525.33611
2025-08-08T13:26:22Z	5749.00000	1555.53329	1538.44319	1525.22765
2025-08-08T13:26:22Z	5749.00000	1555.30504	1538.23398	1525.10648
2025-08-08T13:26:22Z	5749.00000	1555.26903	1538.20187	1525.08756
2025-08-08T13:26:22Z	5750.00000	1555.26203	1538.19464	1525.08365
2025-08-08T13:26:22Z	5750.00000	1555.25662	1538.18978	1525.08056
2025-08-08T13:26:22Z	5750.00000	1555.25345	1538.18645	1525.07863
2025-08-08T13:26:22Z	5750.00000	1555.25088	1538.18309	1525.07694
2025-08-08T13:26:22Z	5750.00000	1555.24743	1538.18027	1525.07539
2025-08-08T13:26:23Z	5750.00000	1555.24473	1538.17764	1525.07419
2025-08-08T13:26:23Z	5750.00000	1555.24158	1538.17474	1525.07247
2025-08-08T13:26:23Z	5750.00000	1555.23944	1538.17219	1525.07080
2025-08-08T13:26:23Z	5750.00000	1555.23781	1538.17036	1525.06966
2025-08-08T13:26:23Z	5750.00000	1555.23630	1538.16849	1525.06866
2025-08-08T13:26:23Z	5751.00000	1555.23485	1538.16691	1525.06736
2025-08-08T13:26:23Z	5751.00000	1555.23318	1538.16561	1525.06632
2025-08-08T13:26:23Z	5751.00000	1555.23100	1538.16360	1525.06537
2025-08-08T13:26:23Z	5751.00000	1555.22856	1538.16165	1525.06444
2025-08-08T13:26:24Z	5751.00000	1555.22649	1538.15924	1525.06353
2025-08-08T13:26:24Z	5751.00000	1555.22493	1538.15765	1525.06259
2025-08-08T13:26:24Z	5751.00000	1555.22412	1538.15651	1525.06192
2025-08-08T13:26:24Z	5751.00000	1555.22292	1538.15494	1525.06081
2025-08-08T13:26:24Z	5751.00000	1555.22207	1538.15364	1525.06015
2025-08-08T13:26:24Z	5752.00000	1555.22040	1538.15228	1525.05932
2025-08-08T13:26:24Z	5752.00000	1555.21939	1538.15107	1525.05841
2025-08-08T13:26:24Z	5752.00000	1555.21827	1538.14961	1525.05781
2025-08-08T13:26:24Z	5752.00000	1555.21736	1538.14899	1525.05700
2025-08-08T13:26:25Z	5752.00000	1555.21597	1538.14811	1525.05605
2025-08-08T13:26:25Z	5752.00000	1555.21500	1538.14691	1525.05568
2025-08-08T13:26:25Z	5752.00000	1555.21409	1538.14633	1525.05506
2025-08-08T13:26:25Z	5752.00000	1555.21301	1538.14508	1525.05445
2025-08-08T13:26:25Z	5752.00000	1555.21244	1538.14287	1525.05414
2025-08-08T13:26:25Z	5753.00000	1555.21122	1538.14198	1525.05366
2025-08-08T13:26:25Z	5753.00000	1555.21041	1538.14085	1525.05320
2025-08-08T13:26:25Z	5753.00000	1555.20967	1538.14033	1525.05271
2025-08-08T13:26:25Z	5753.00000	1555.20855	1538.13880	1525.05223
2025-08-08T13:26:26Z	5753.00000	1555.20785	1538.13780	1525.05160
2025-08-08T13:26:26Z	5753.00000	1555.20735	1538.13718	1525.05107
2025-08-08T13:26:26Z	5753.00000	1555.20661	1538.13634	1525.05049
2025-08-08T13:26:26Z	5753.00000	1555.20594	1538.13574	1525.05011
2025-08-08T13:26:26Z	5754.00000	1555.20488	1538.13440	1525.04958
2025-08-08T13:26:26Z	5754.00000	1555.20417	1538.13371	1525.04900
2025-08-08T13:26:26Z	5754.00000	1555.43815	1538.35438	1525.17677
2025-08-08T13:26:26Z	5754.00000	1555.75829	1538.64880	1525.34891
2025-08-08T13:26:27Z	5754.00000	1556.03069	1538.90549	1525.49681
2025-08-08T13:26:27Z	5754.00000	1556.34384	1539.19609	1525.66454
2025-08-08T13:26:27Z	5754.00000	1556.65918	1539.48898	1525.83189
2025-08-08T13:26:27Z	5754.00000	1556.92022	1539.73310	1525.97393
2025-08-08T13:26:27Z	5754.00000	1557.25551	1540.04952	1526.15576
2025-08-08T13:26:27Z	5755.00000	1557.50606	1540.28233	1526.29105
2025-08-08T13:26:27Z	5755.00000	1557.78380	1540.54631	1526.44470
2025-08-08T13:26:27Z	5755.00000	1558.01824	1540.76550	1526.56993
2025-08-08T13:26:27Z	5755.00000	1558.24977	1540.98419	1526.69696
2025-08-08T13:26:27Z	5755.00000	1558.51654	1541.23647	1526.84451
2025-08-08T13:26:28Z	5755.00000	1558.74492	1541.45445	1526.97136
2025-08-08T13:26:28Z	5755.00000	1558.99953	1541.69743	1527.10966
2025-08-08T13:26:28Z	5755.00000	1559.21763	1541.90634	1527.23139
2025-08-08T13:26:28Z	5755.00000	1559.43049	1542.11219	1527.35178
2025-08-08T13:26:28Z	5755.00000	1559.67443	1542.34837	1527.48545
2025-08-08T13:26:28Z	5756.00000	1559.87488	1542.53985	1527.59767
2025-08-08T13:26:28Z	5756.00000	1560.09495	1542.74784	1527.72001
2025-08-08T13:26:28Z	5756.00000	1560.31171	1542.95641	1527.84307
2025-08-08T13:26:28Z	5756.00000	1560.47824	1543.11902	1527.93787
2025-08-08T13:26:29Z	5756.00000	1560.67108	1543.30274	1528.04034
2025-08-08T13:26:29Z	5756.00000	1560.67801	1543.28830	1528.04607
2025-08-08T13:26:29Z	5756.00000	1560.68065	1543.28551	1528.04779
2025-08-08T13:26:29Z	5756.00000	1560.68245	1543.28295	1528.04893
2025-08-08T13:26:29Z	5756.00000	1560.68319	1543.28243	1528.04980
2025-08-08T13:26:29Z	5757.00000	1560.68405	1543.28151	1528.05046
2025-08-08T13:26:29Z	5757.00000	1560.68464	1543.28097	1528.05090
2025-08-08T13:26:29Z	5757.00000	1560.68489	1543.28114	1528.05130
2025-08-08T13:26:29Z	5757.00000	1560.68557	1543.28092	1528.05166
2025-08-08T13:26:30Z	5757.00000	1560.68591	1543.28118	1528.05220
2025-08-08T13:26:30Z	5757.00000	1560.68619	1543.28084	1528.05257
2025-08-08T13:26:30Z	5757.00000	1560.68648	1543.28060	1528.05279
2025-08-08T13:26:30Z	5757.00000	1560.68723	1543.28029	1528.05350
2025-08-08T13:26:30Z	5757.00000	1560.68777	1543.28067	1528.05392
2025-08-08T13:26:30Z	5758.00000	1560.68811	1543.28060	1528.05427
2025-08-08T13:26:30Z	5758.00000	1560.68842	1543.28076	1528.05475
2025-08-08T13:26:30Z	5758.00000	1560.68884	1543.28072	1528.05500
2025-08-08T13:26:30Z	5758.00000	1560.68920	1543.28079	1528.05569
2025-08-08T13:26:31Z	5758.00000	1560.68966	1543.28093	1528.05564
2025-08-08T13:26:31Z	5758.00000	1560.68972	1543.28121	1528.05613
2025-08-08T13:26:31Z	5758.00000	1560.68992	1543.28130	1528.05620
2025-08-08T13:26:31Z	5758.00000	1560.68997	1543.28119	1528.05674
2025-08-08T13:26:31Z	5758.00000	1560.69009	1543.28111	1528.05702
2025-08-08T13:26:31Z	5759.00000	1560.69006	1543.28206	1528.05805
2025-08-08T13:26:31Z	5759.00000	1559.41727	1542.01825	1527.35803
2025-08-08T13:26:31Z	5759.00000	1558.61521	1541.29828	1526.90355
2025-08-08T13:26:31Z	5759.00000	1558.05431	1540.77883	1526.59010
2025-08-08T13:26:32Z	5759.00000	1557.78291	1540.52864	1526.44207
2025-08-08T13:26:32Z	5759.00000	1557.56014	1540.31986	1526.31628
2025-08-08T13:26:32Z	5759.00000	1557.34420	1540.12107	1526.19943
2025-08-08T13:26:32Z	5759.00000	1557.09955	1539.89789	1526.06712
2025-08-08T13:26:32Z	5759.00000	1556.88763	1539.69930	1525.94906
2025-08-08T13:26:32Z	5760.00000	1556.68817	1539.51528	1525.84208
2025-08-08T13:26:32Z	5760.00000	1556.29613	1539.15441	1525.63377
2025-08-08T13:26:32Z	5760.00000	1556.11040	1538.98390	1525.53584
2025-08-08T13:26:33Z	5760.00000	1555.86531	1538.75505	1525.40604
2025-08-08T13:26:33Z	5760.00000	1555.68577	1538.58571	1525.31042
2025-08-08T13:26:33Z	5760.00000	1555.50992	1538.42288	1525.21484
2025-08-08T13:26:33Z	5760.00000	1555.31218	1538.24122	1525.11005
2025-08-08T13:26:33Z	5760.00000	1555.27584	1538.20775	1525.09032
2025-08-08T13:26:33Z	5760.00000	1555.27010	1538.20328	1525.08786
2025-08-08T13:26:33Z	5761.00000	1555.26523	1538.19751	1525.08569
2025-08-08T13:26:33Z	5761.00000	1555.26089	1538.19374	1525.08346
2025-08-08T13:26:33Z	5761.00000	1555.25737	1538.19068	1525.08129
2025-08-08T13:26:33Z	5761.00000	1555.25455	1538.18794	1525.07966
2025-08-08T13:26:34Z	5761.00000	1555.25171	1538.18427	1525.07795
2025-08-08T13:26:34Z	5761.00000	1555.24904	1538.18145	1525.07653
2025-08-08T13:26:34Z	5761.00000	1555.24654	1538.17896	1525.07527
2025-08-08T13:26:34Z	5761.00000	1555.24423	1538.17711	1525.07416
2025-08-08T13:26:34Z	5761.00000	1555.24131	1538.17461	1525.07277
2025-08-08T13:26:34Z	5762.00000	1555.23999	1538.17281	1525.07157
2025-08-08T13:26:34Z	5762.00000	1555.23829	1538.17090	1525.07035
2025-08-08T13:26:34Z	5762.00000	1555.23662	1538.16952	1525.06931
2025-08-08T13:26:34Z	5762.00000	1555.23565	1538.16821	1525.06857
2025-08-08T13:26:34Z	5762.00000	1555.23478	1538.16710	1525.06804
2025-08-08T13:26:35Z	5762.00000	1555.23280	1538.16539	1525.06666
2025-08-08T13:26:35Z	5762.00000	1555.23072	1538.16340	1525.06561
2025-08-08T13:26:35Z	5762.00000	1555.22893	1538.16187	1525.06497
2025-08-08T13:26:35Z	5762.00000	1555.22805	1538.16113	1525.06433
2025-08-08T13:26:35Z	5762.00000	1555.22647	1538.15893	1525.06385
2025-08-08T13:26:35Z	5763.00000	1555.22554	1538.15797	1525.06319
2025-08-08T13:26:35Z	5763.00000	1555.22439	1538.15636	1525.06228
2025-08-08T13:26:35Z	5763.00000	1555.22360	1538.15566	1525.06170
2025-08-08T13:26:35Z	5763.00000	1555.22288	1538.15456	1525.06106
2025-08-08T13:26:36Z	5763.00000	1555.22164	1538.15325	1525.06021
2025-08-08T13:26:36Z	5763.00000	1555.22048	1538.15249	1525.05954
2025-08-08T13:26:36Z	5763.00000	1555.21974	1538.15113	1525.05896
2025-08-08T13:26:36Z	5763.00000	1555.21833	1538.15031	1525.05805
2025-08-08T13:26:36Z	5764.00000	1555.21732	1538.14938	1525.05736
2025-08-08T13:26:36Z	5764.00000	1555.21638	1538.14809	1525.05655
2025-08-08T13:26:36Z	5764.00000	1555.21531	1538.14719	1525.05618
2025-08-08T13:26:36Z	5764.00000	1555.21456	1538.14665	1525.05567
2025-08-08T13:26:37Z	5764.00000	1555.21347	1538.14565	1525.05506
2025-08-08T13:26:37Z	5764.00000	1555.21268	1538.14533	1525.05478
2025-08-08T13:26:37Z	5764.00000	1555.21217	1538.14273	1525.05432
2025-08-08T13:26:37Z	5764.00000	1555.21124	1538.14198	1525.05395
2025-08-08T13:26:37Z	5764.00000	1555.21023	1538.14067	1525.05339
2025-08-08T13:26:37Z	5765.00000	1555.20969	1538.14007	1525.05311
2025-08-08T13:26:37Z	5765.00000	1555.20912	1538.13950	1525.05275
2025-08-08T13:26:37Z	5765.00000	1555.35462	1538.27590	1525.13205
2025-08-08T13:26:37Z	5765.00000	1555.76901	1538.65995	1525.35619
2025-08-08T13:26:38Z	5765.00000	1556.04176	1538.91605	1525.50269
2025-08-08T13:26:38Z	5765.00000	1556.31028	1539.16534	1525.64712
2025-08-08T13:26:38Z	5765.00000	1556.58144	1539.41695	1525.78983
2025-08-08T13:26:38Z	5765.00000	1556.88815	1539.70341	1525.95676
2025-08-08T13:26:38Z	5765.00000	1557.14463	1539.94514	1526.09600
2025-08-08T13:26:38Z	5765.00000	1557.38934	1540.17490	1526.23016
2025-08-08T13:26:38Z	5766.00000	1557.67053	1540.43868	1526.38241
2025-08-08T13:26:38Z	5766.00000	1557.90790	1540.66090	1526.50993
2025-08-08T13:26:38Z	5766.00000	1558.17972	1540.91844	1526.65944
2025-08-08T13:26:38Z	5766.00000	1558.44406	1541.16907	1526.80624
2025-08-08T13:26:39Z	5766.00000	1558.67343	1541.38566	1526.93074
2025-08-08T13:26:39Z	5766.00000	1558.93088	1541.63409	1527.07279
2025-08-08T13:26:39Z	5766.00000	1559.22734	1541.91651	1527.23686
2025-08-08T13:26:39Z	5766.00000	1559.47715	1542.15930	1527.37888
2025-08-08T13:26:39Z	5766.00000	1559.69305	1542.36647	1527.49676
2025-08-08T13:26:39Z	5767.00000	1559.92949	1542.59107	1527.62723
2025-08-08T13:26:39Z	5767.00000	1560.18947	1542.83497	1527.77353
2025-08-08T13:26:39Z	5767.00000	1560.36715	1543.00572	1527.87312
2025-08-08T13:26:39Z	5767.00000	1560.52780	1543.16291	1527.96364
2025-08-08T13:26:40Z	5767.00000	1560.67078	1543.30367	1528.04032
2025-08-08T13:26:40Z	5767.00000	1560.67926	1543.28948	1528.04730
2025-08-08T13:26:40Z	5767.00000	1560.68186	1543.28680	1528.04884
2025-08-08T13:26:40Z	5767.00000	1560.68324	1543.28560	1528.05002
2025-08-08T13:26:40Z	5767.00000	1560.68405	1543.28440	1528.05091
2025-08-08T13:26:40Z	5768.00000	1560.68505	1543.28262	1528.05176
2025-08-08T13:26:40Z	5768.00000	1560.68555	1543.28294	1528.05216
2025-08-08T13:26:40Z	5768.00000	1560.68642	1543.28302	1528.05300
2025-08-08T13:26:41Z	5768.00000	1560.68741	1543.28245	1528.05360
2025-08-08T13:26:41Z	5768.00000	1560.68791	1543.28194	1528.05434
2025-08-08T13:26:41Z	5768.00000	1560.68849	1543.28224	1528.05459
2025-08-08T13:26:41Z	5768.00000	1560.68907	1543.28220	1528.05509
2025-08-08T13:26:41Z	5768.00000	1560.68907	1543.28306	1528.05556
2025-08-08T13:26:41Z	5769.00000	1560.68934	1543.28225	1528.05578
2025-08-08T13:26:41Z	5769.00000	1560.68973	1543.28206	1528.05636
2025-08-08T13:26:41Z	5769.00000	1560.69009	1543.28255	1528.05657
2025-08-08T13:26:41Z	5769.00000	1560.69035	1543.28247	1528.05688
2025-08-08T13:26:42Z	5769.00000	1560.69011	1543.28294	1528.05716
2025-08-08T13:26:42Z	5769.00000	1560.69063	1543.28343	1528.05725
2025-08-08T13:26:42Z	5769.00000	1560.69090	1543.28274	1528.05734
2025-08-08T13:26:42Z	5769.00000	1560.69108	1543.28318	1528.05766
2025-08-08T13:26:42Z	5769.00000	1560.69117	1543.28279	1528.05822
2025-08-08T13:26:42Z	5769.00000	1560.69140	1543.28295	1528.05828
2025-08-08T13:26:42Z	5770.00000	1560.69168	1543.28302	1528.05845
2025-08-08T13:26:42Z	5770.00000	1558.87947	1541.53737	1527.04638
2025-08-08T13:26:42Z	5770.00000	1558.42513	1541.12466	1526.79799
2025-08-08T13:26:42Z	5770.00000	1558.16032	1540.87586	1526.65015
2025-08-08T13:26:43Z	5770.00000	1557.87904	1540.61536	1526.49370
2025-08-08T13:26:43Z	5770.00000	1557.65347	1540.40785	1526.36964
2025-08-08T13:26:43Z	5770.00000	1557.43339	1540.20586	1526.24934
2025-08-08T13:26:43Z	5770.00000	1557.18629	1539.97828	1526.11253
2025-08-08T13:26:43Z	5770.00000	1556.97799	1539.78226	1526.00024
2025-08-08T13:26:43Z	5771.00000	1556.74148	1539.56498	1525.87202
2025-08-08T13:26:43Z	5771.00000	1556.54195	1539.38000	1525.76093
2025-08-08T13:26:43Z	5771.00000	1556.31572	1539.17308	1525.64477
2025-08-08T13:26:43Z	5771.00000	1556.13319	1539.00490	1525.54736
2025-08-08T13:26:43Z	5771.00000	1555.91447	1538.80097	1525.43363
2025-08-08T13:26:44Z	5771.00000	1555.73579	1538.63273	1525.33685
2025-08-08T13:26:44Z	5771.00000	1555.55894	1538.46829	1525.24299
2025-08-08T13:26:44Z	5771.00000	1555.38645	1538.30926	1525.14912
2025-08-08T13:26:44Z	5771.00000	1555.28229	1538.21392	1525.09429
2025-08-08T13:26:44Z	5771.00000	1555.27645	1538.20919	1525.09126
2025-08-08T13:26:44Z	5772.00000	1555.27071	1538.20456	1525.08930
2025-08-08T13:26:44Z	5772.00000	1555.26662	1538.19954	1525.08689
2025-08-08T13:26:44Z	5772.00000	1555.26342	1538.19616	1525.08508
2025-08-08T13:26:44Z	5772.00000	1555.25910	1538.19248	1525.08265
2025-08-08T13:26:45Z	5772.00000	1555.25629	1538.18948	1525.08090
2025-08-08T13:26:45Z	5772.00000	1555.25367	1538.18696	1525.07953
2025-08-08T13:26:45Z	5772.00000	1555.25186	1538.18450	1525.07822
2025-08-08T13:26:45Z	5772.00000	1555.24960	1538.18244	1525.07699
2025-08-08T13:26:45Z	5772.00000	1555.24707	1538.17984	1525.07577
2025-08-08T13:26:45Z	5773.00000	1555.24468	1538.17786	1525.07479
2025-08-08T13:26:45Z	5773.00000	1555.24274	1538.17615	1525.07392
2025-08-08T13:26:45Z	5773.00000	1555.24128	1538.17476	1525.07287
2025-08-08T13:26:45Z	5773.00000	1555.23980	1538.17301	1525.07204
2025-08-08T13:26:45Z	5773.00000	1555.23858	1538.17131	1525.07074
2025-08-08T13:26:46Z	5773.00000	1555.23699	1538.16960	1525.06952
2025-08-08T13:26:46Z	5773.00000	1555.23580	1538.16804	1525.06870
2025-08-08T13:26:46Z	5773.00000	1555.23428	1538.16700	1525.06762
2025-08-08T13:26:46Z	5773.00000	1555.23313	1538.16579	1525.06683
2025-08-08T13:26:46Z	5774.00000	1555.23006	1538.16311	1525.06557
2025-08-08T13:26:46Z	5774.00000	1555.22882	1538.16201	1525.06480
2025-08-08T13:26:46Z	5774.00000	1555.22785	1538.16065	1525.06460
2025-08-08T13:26:46Z	5774.00000	1555.22674	1538.15931	1525.06402
2025-08-08T13:26:47Z	5774.00000	1555.22558	1538.15839	1525.06355
2025-08-08T13:26:47Z	5774.00000	1555.22517	1538.15742	1525.06303
2025-08-08T13:26:47Z	5774.00000	1555.22415	1538.15660	1525.06245
2025-08-08T13:26:47Z	5774.00000	1555.22340	1538.15534	1525.06162
2025-08-08T13:26:47Z	5774.00000	1555.22266	1538.15447	1525.06115
2025-08-08T13:26:47Z	5775.00000	1555.22209	1538.15351	1525.06054
2025-08-08T13:26:47Z	5775.00000	1555.22104	1538.15307	1525.06001
2025-08-08T13:26:47Z	5775.00000	1555.22014	1538.15158	1525.05928
2025-08-08T13:26:47Z	5775.00000	1555.21926	1538.15151	1525.05885
2025-08-08T13:26:47Z	5775.00000	1555.21860	1538.15022	1525.05841
2025-08-08T13:26:48Z	5775.00000	1555.21780	1538.14931	1525.05790
2025-08-08T13:26:48Z	5775.00000	1555.21677	1538.14876	1525.05718
2025-08-08T13:26:48Z	5775.00000	1555.21609	1538.14825	1525.05663
2025-08-08T13:26:48Z	5775.00000	1555.21525	1538.14734	1525.05613
2025-08-08T13:26:48Z	5775.00000	1555.21450	1538.14649	1525.05555
2025-08-08T13:26:48Z	5776.00000	1555.21349	1538.14554	1525.05521
2025-08-08T13:26:48Z	5776.00000	1555.21284	1538.14369	1525.05495
2025-08-08T13:26:48Z	5776.00000	1555.41195	1538.32948	1525.16159
2025-08-08T13:26:48Z	5776.00000	1555.77160	1538.66229	1525.35776
2025-08-08T13:26:49Z	5776.00000	1556.04511	1538.92071	1525.50497
2025-08-08T13:26:49Z	5776.00000	1556.32957	1539.18312	1525.65706
2025-08-08T13:26:49Z	5776.00000	1556.68274	1539.51233	1525.84596
2025-08-08T13:26:49Z	5776.00000	1556.93979	1539.75256	1525.98613
2025-08-08T13:26:49Z	5776.00000	1557.19540	1539.99361	1526.12274
2025-08-08T13:26:49Z	5777.00000	1557.44297	1540.22518	1526.25891
2025-08-08T13:26:49Z	5777.00000	1557.72783	1540.49157	1526.41465
2025-08-08T13:26:49Z	5777.00000	1557.96539	1540.71745	1526.54141
2025-08-08T13:26:49Z	5777.00000	1558.27550	1541.00889	1526.71133
2025-08-08T13:26:50Z	5777.00000	1558.54647	1541.26688	1526.86033
2025-08-08T13:26:50Z	5777.00000	1558.76925	1541.47832	1526.98504
2025-08-08T13:26:50Z	5777.00000	1558.99154	1541.69081	1527.10505
2025-08-08T13:26:50Z	5777.00000	1559.20881	1541.89891	1527.22663
2025-08-08T13:26:50Z	5777.00000	1559.42426	1542.10551	1527.34838
2025-08-08T13:26:50Z	5777.00000	1559.63521	1542.30876	1527.46553
2025-08-08T13:26:50Z	5778.00000	1559.85023	1542.51240	1527.58466
2025-08-08T13:26:50Z	5778.00000	1560.07445	1542.73006	1527.70892
2025-08-08T13:26:50Z	5778.00000	1560.26147	1542.90942	1527.81422
2025-08-08T13:26:50Z	5778.00000	1560.43399	1543.07647	1527.91316
2025-08-08T13:26:50Z	5778.00000	1560.61035	1543.24833	1528.00857
2025-08-08T13:26:51Z	5778.00000	1560.67842	1543.29383	1528.04704
2025-08-08T13:26:51Z	5778.00000	1560.68236	1543.28878	1528.04900
2025-08-08T13:26:51Z	5778.00000	1560.68415	1543.28680	1528.05037
2025-08-08T13:26:51Z	5778.00000	1560.68538	1543.28560	1528.05105
2025-08-08T13:26:51Z	5779.00000	1560.68712	1543.28433	1528.05193
2025-08-08T13:26:51Z	5779.00000	1560.68788	1543.28349	1528.05250
2025-08-08T13:26:51Z	5779.00000	1560.68840	1543.28319	1528.05301
2025-08-08T13:26:51Z	5779.00000	1560.68824	1543.28362	1528.05408
2025-08-08T13:26:52Z	5779.00000	1560.68911	1543.28337	1528.05437
2025-08-08T13:26:52Z	5779.00000	1560.68976	1543.28285	1528.05473
2025-08-08T13:26:52Z	5779.00000	1560.68983	1543.28301	1528.05526
2025-08-08T13:26:52Z	5779.00000	1560.68958	1543.28309	1528.05593
2025-08-08T13:26:52Z	5779.00000	1560.69064	1543.28290	1528.05568
2025-08-08T13:26:52Z	5780.00000	1560.69110	1543.28288	1528.05590
2025-08-08T13:26:52Z	5780.00000	1560.69079	1543.28304	1528.05688
2025-08-08T13:26:52Z	5780.00000	1560.69093	1543.28296	1528.05716
2025-08-08T13:26:52Z	5780.00000	1560.69134	1543.28361	1528.05752
2025-08-08T13:26:53Z	5780.00000	1560.69168	1543.28345	1528.05784
2025-08-08T13:26:53Z	5780.00000	1560.69205	1543.28333	1528.05790
2025-08-08T13:26:53Z	5780.00000	1560.69231	1543.28355	1528.05831
2025-08-08T13:26:53Z	5780.00000	1560.69224	1543.28363	1528.05858
2025-08-08T13:26:53Z	5780.00000	1560.69255	1543.28389	1528.05883
2025-08-08T13:26:53Z	5781.00000	1560.69295	1543.28397	1528.05902
2025-08-08T13:26:53Z	5781.00000	1559.41746	1542.02027	1527.35791
2025-08-08T13:26:53Z	5781.00000	1558.56154	1541.25138	1526.87478
2025-08-08T13:26:53Z	5781.00000	1558.26762	1540.97726	1526.70959
2025-08-08T13:26:54Z	5781.00000	1558.01888	1540.74571	1526.57054
2025-08-08T13:26:54Z	5781.00000	1557.67552	1540.42748	1526.38139
2025-08-08T13:26:54Z	5781.00000	1557.38647	1540.16188	1526.22357
2025-08-08T13:26:54Z	5781.00000	1557.16960	1539.96100	1526.10374
2025-08-08T13:26:54Z	5781.00000	1556.92727	1539.73634	1525.97209
2025-08-08T13:26:54Z	5782.00000	1556.71755	1539.54286	1525.85836
2025-08-08T13:26:54Z	5782.00000	1556.48715	1539.33048	1525.73166
2025-08-08T13:26:54Z	5782.00000	1556.29187	1539.15121	1525.63186
2025-08-08T13:26:54Z	5782.00000	1556.10656	1538.98100	1525.53421
2025-08-08T13:26:54Z	5782.00000	1555.91647	1538.80262	1525.43475
2025-08-08T13:26:55Z	5782.00000	1555.67792	1538.57865	1525.30686
2025-08-08T13:26:55Z	5782.00000	1555.50154	1538.41515	1525.21039
2025-08-08T13:26:55Z	5782.00000	1555.33228	1538.25970	1525.12136
2025-08-08T13:26:55Z	5782.00000	1555.28566	1538.21778	1525.09715
2025-08-08T13:26:55Z	5782.00000	1555.27956	1538.21161	1525.09363
2025-08-08T13:26:55Z	5783.00000	1555.27420	1538.20713	1525.09078
2025-08-08T13:26:55Z	5783.00000	1555.26904	1538.20240	1525.08840
2025-08-08T13:26:55Z	5783.00000	1555.26609	1538.19864	1525.08661
2025-08-08T13:26:55Z	5783.00000	1555.26280	1538.19586	1525.08500
2025-08-08T13:26:56Z	5783.00000	1555.25997	1538.19322	1525.08366
2025-08-08T13:26:56Z	5783.00000	1555.25724	1538.19046	1525.08182
2025-08-08T13:26:56Z	5783.00000	1555.25422	1538.18732	1525.07984
2025-08-08T13:26:56Z	5783.00000	1555.25248	1538.18509	1525.07873
2025-08-08T13:26:56Z	5783.00000	1555.25078	1538.18315	1525.07782
2025-08-08T13:26:56Z	5784.00000	1555.24897	1538.18167	1525.07687
2025-08-08T13:26:56Z	5784.00000	1555.24706	1538.17967	1525.07580
2025-08-08T13:26:56Z	5784.00000	1555.24500	1538.17825	1525.07518
2025-08-08T13:26:56Z	5784.00000	1555.24199	1538.17511	1525.07363
2025-08-08T13:26:57Z	5784.00000	1555.24068	1538.17387	1525.07284
2025-08-08T13:26:57Z	5784.00000	1555.23922	1538.17201	1525.07141
2025-08-08T13:26:57Z	5784.00000	1555.23799	1538.17092	1525.07038
2025-08-08T13:26:57Z	5784.00000	1555.23674	1538.16913	1525.06964
2025-08-08T13:26:57Z	5784.00000	1555.23593	1538.16830	1525.06899
2025-08-08T13:26:57Z	5785.00000	1555.23485	1538.16759	1525.06803
2025-08-08T13:26:57Z	5785.00000	1555.23366	1538.16611	1525.06735
2025-08-08T13:26:57Z	5785.00000	1555.23215	1538.16464	1525.06672
2025-08-08T13:26:57Z	5785.00000	1555.23073	1538.16337	1525.06585
2025-08-08T13:26:57Z	5785.00000	1555.22961	1538.16249	1525.06550
2025-08-08T13:26:58Z	5785.00000	1555.22836	1538.16135	1525.06490
2025-08-08T13:26:58Z	5785.00000	1555.22762	1538.16029	1525.06444
2025-08-08T13:26:58Z	5785.00000	1555.22655	1538.15972	1525.06414
2025-08-08T13:26:58Z	5785.00000	1555.22618	1538.15845	1525.06375
2025-08-08T13:26:58Z	5785.00000	1555.22504	1538.15724	1525.06323
2025-08-08T13:26:58Z	5786.00000	1555.22410	1538.15617	1525.06250
2025-08-08T13:26:58Z	5786.00000	1555.22358	1538.15542	1525.06199
2025-08-08T13:26:58Z	5786.00000	1555.22278	1538.15438	1525.06112
2025-08-08T13:26:58Z	5786.00000	1555.22185	1538.15379	1525.06081
2025-08-08T13:26:59Z	5786.00000	1555.22112	1538.15288	1525.06021
2025-08-08T13:26:59Z	5786.00000	1555.22051	1538.15181	1525.05980
2025-08-08T13:26:59Z	5786.00000	1555.21983	1538.15133	1525.05908
2025-08-08T13:26:59Z	5786.00000	1555.21892	1538.15092	1525.05891
2025-08-08T13:26:59Z	5786.00000	1555.21833	1538.15008	1525.05836
2025-08-08T13:26:59Z	5787.00000	1555.21762	1538.14956	1525.05765
2025-08-08T13:26:59Z	5787.00000	1555.21677	1538.14857	1525.05712
2025-08-08T13:26:59Z	5787.00000	1555.26178	1538.19041	1525.08304
2025-08-08T13:26:59Z	5787.00000	1555.56937	1538.47303	1525.24663
2025-08-08T13:27:00Z	5787.00000	1555.98094	1538.85846	1525.47262
2025-08-08T13:27:00Z	5787.00000	1556.24619	1539.10759	1525.61344
2025-08-08T13:27:00Z	5787.00000	1556.52627	1539.36542	1525.75859
2025-08-08T13:27:00Z	5787.00000	1556.82943	1539.64912	1525.92459
2025-08-08T13:27:00Z	5787.00000	1557.12444	1539.92734	1526.08656
2025-08-08T13:27:00Z	5787.00000	1557.41588	1540.19963	1526.24453
2025-08-08T13:27:00Z	5788.00000	1557.66347	1540.43164	1526.37853
2025-08-08T13:27:00Z	5788.00000	1557.93732	1540.68848	1526.52625
2025-08-08T13:27:00Z	5788.00000	1558.17258	1540.91088	1526.65517
2025-08-08T13:27:00Z	5788.00000	1558.40441	1541.13185	1526.78399
2025-08-08T13:27:01Z	5788.00000	1558.70777	1541.41721	1526.95032
2025-08-08T13:27:01Z	5788.00000	1558.93203	1541.63471	1527.07324
2025-08-08T13:27:01Z	5788.00000	1559.26230	1541.94921	1527.25691
2025-08-08T13:27:01Z	5788.00000	1559.48833	1542.16925	1527.38424
2025-08-08T13:27:01Z	5788.00000	1559.76516	1542.43429	1527.53865
2025-08-08T13:27:01Z	5789.00000	1559.96436	1542.62321	1527.64712
2025-08-08T13:27:01Z	5789.00000	1560.21593	1542.85950	1527.78867
2025-08-08T13:27:01Z	5789.00000	1560.40463	1543.04221	1527.89566
2025-08-08T13:27:01Z	5789.00000	1560.61033	1543.24819	1528.00847
2025-08-08T13:27:02Z	5789.00000	1560.67916	1543.29529	1528.04761
2025-08-08T13:27:02Z	5789.00000	1560.68334	1543.28999	1528.04961
2025-08-08T13:27:02Z	5789.00000	1560.68465	1543.28801	1528.05068
2025-08-08T13:27:02Z	5789.00000	1560.68595	1543.28655	1528.05166
2025-08-08T13:27:02Z	5789.00000	1560.68719	1543.28579	1528.05235
2025-08-08T13:27:02Z	5790.00000	1560.68777	1543.28478	1528.05298
2025-08-08T13:27:02Z	5790.00000	1560.68889	1543.28531	1528.05376
2025-08-08T13:27:02Z	5790.00000	1560.68921	1543.28437	1528.05432
2025-08-08T13:27:02Z	5790.00000	1560.68950	1543.28391	1528.05462
2025-08-08T13:27:03Z	5790.00000	1560.68989	1543.28393	1528.05503
2025-08-08T13:27:03Z	5790.00000	1560.69008	1543.28353	1528.05563
2025-08-08T13:27:03Z	5790.00000	1560.69080	1543.28397	1528.05572
2025-08-08T13:27:03Z	5790.00000	1560.69096	1543.28446	1528.05639
2025-08-08T13:27:03Z	5790.00000	1560.69151	1543.28423	1528.05652
2025-08-08T13:27:03Z	5791.00000	1560.69154	1543.28410	1528.05694
2025-08-08T13:27:03Z	5791.00000	1560.69187	1543.28431	1528.05742
2025-08-08T13:27:03Z	5791.00000	1560.69211	1543.28429	1528.05768
2025-08-08T13:27:03Z	5791.00000	1560.69255	1543.28401	1528.05793
2025-08-08T13:27:04Z	5791.00000	1560.69281	1543.28431	1528.05808
2025-08-08T13:27:04Z	5791.00000	1560.69294	1543.28452	1528.05855
2025-08-08T13:27:04Z	5791.00000	1560.69315	1543.28471	1528.05891
2025-08-08T13:27:04Z	5791.00000	1560.69342	1543.28463	1528.05910
2025-08-08T13:27:04Z	5791.00000	1560.69360	1543.28472	1528.05934
2025-08-08T13:27:04Z	5792.00000	1560.69394	1543.28510	1528.05957
2025-08-08T13:27:04Z	5792.00000	1558.83118	1541.50046	1527.02891
2025-08-08T13:27:04Z	5792.00000	1558.40247	1541.10552	1526.78871
2025-08-08T13:27:04Z	5792.00000	1558.13679	1540.85706	1526.63966
2025-08-08T13:27:05Z	5792.00000	1557.67229	1540.42508	1526.38000
2025-08-08T13:27:05Z	5792.00000	1557.41643	1540.18943	1526.24001
2025-08-08T13:27:05Z	5792.00000	1557.16192	1539.95369	1526.09929
2025-08-08T13:27:05Z	5792.00000	1556.88332	1539.69612	1525.94740
2025-08-08T13:27:05Z	5793.00000	1556.68485	1539.51254	1525.84064
2025-08-08T13:27:05Z	5793.00000	1556.45396	1539.30190	1525.71565
2025-08-08T13:27:05Z	5793.00000	1556.26110	1539.12441	1525.61612
2025-08-08T13:27:05Z	5793.00000	1556.04912	1538.92798	1525.50515
2025-08-08T13:27:06Z	5793.00000	1555.86034	1538.75052	1525.40406
2025-08-08T13:27:06Z	5793.00000	1555.65363	1538.55650	1525.29463
2025-08-08T13:27:06Z	5793.00000	1555.45075	1538.36917	1525.18323
2025-08-08T13:27:06Z	5793.00000	1555.29118	1538.22301	1525.09930
2025-08-08T13:27:06Z	5793.00000	1555.28537	1538.21772	1525.09688
2025-08-08T13:27:06Z	5793.00000	1555.28094	1538.21287	1525.09461
2025-08-08T13:27:06Z	5794.00000	1555.27629	1538.20888	1525.09212
2025-08-08T13:27:06Z	5794.00000	1555.27175	1538.20549	1525.09005
2025-08-08T13:27:06Z	5794.00000	1555.26795	1538.20095	1525.08788
2025-08-08T13:27:06Z	5794.00000	1555.26529	1538.19798	1525.08675
2025-08-08T13:27:07Z	5794.00000	1555.26247	1538.19553	1525.08520
2025-08-08T13:27:07Z	5794.00000	1555.25959	1538.19306	1525.08387
2025-08-08T13:27:07Z	5794.00000	1555.25739	1538.19070	1525.08225
2025-08-08T13:27:07Z	5794.00000	1555.25466	1538.18838	1525.08049
2025-08-08T13:27:07Z	5795.00000	1555.25183	1538.18453	1525.07872
2025-08-08T13:27:07Z	5795.00000	1555.24942	1538.18219	1525.07740
2025-08-08T13:27:07Z	5795.00000	1555.24772	1538.18082	1525.07657
2025-08-08T13:27:07Z	5795.00000	1555.24600	1538.17892	1525.07575
2025-08-08T13:27:07Z	5795.00000	1555.24396	1538.17731	1525.07526
2025-08-08T13:27:08Z	5795.00000	1555.24282	1538.17629	1525.07443
2025-08-08T13:27:08Z	5795.00000	1555.24106	1538.17436	1525.07318
2025-08-08T13:27:08Z	5795.00000	1555.23974	1538.17314	1525.07213
2025-08-08T13:27:08Z	5795.00000	1555.23866	1538.17138	1525.07120
2025-08-08T13:27:08Z	5795.00000	1555.23742	1538.16997	1525.07035
2025-08-08T13:27:08Z	5796.00000	1555.23649	1538.16868	1525.06955
2025-08-08T13:27:08Z	5796.00000	1555.23560	1538.16773	1525.06887
2025-08-08T13:27:08Z	5796.00000	1555.23345	1538.16610	1525.06756
2025-08-08T13:27:09Z	5796.00000	1555.23148	1538.16443	1525.06666
2025-08-08T13:27:09Z	5796.00000	1555.23006	1538.16318	1525.06599
2025-08-08T13:27:09Z	5796.00000	1555.22910	1538.16240	1525.06545
2025-08-08T13:27:09Z	5796.00000	1555.22841	1538.16150	1525.06501
2025-08-08T13:27:09Z	5796.00000	1555.22702	1538.16007	1525.06457
2025-08-08T13:27:09Z	5797.00000	1555.22554	1538.15819	1525.06361
2025-08-08T13:27:09Z	5797.00000	1555.22500	1538.15742	1525.06334
2025-08-08T13:27:09Z	5797.00000	1555.22437	1538.15637	1525.06271
2025-08-08T13:27:10Z	5797.00000	1555.22369	1538.15578	1525.06232
2025-08-08T13:27:10Z	5797.00000	1555.22300	1538.15481	1525.06169
2025-08-08T13:27:10Z	5797.00000	1555.22201	1538.15395	1525.06110
2025-08-08T13:27:10Z	5797.00000	1555.22170	1538.15310	1525.06060
2025-08-08T13:27:10Z	5797.00000	1555.22050	1538.15205	1525.05997
2025-08-08T13:27:10Z	5798.00000	1555.21969	1538.15180	1525.05964
2025-08-08T13:27:10Z	5798.00000	1555.21923	1538.15125	1525.05904
2025-08-08T13:27:10Z	5798.00000	1555.49944	1538.40993	1525.21176
2025-08-08T13:27:10Z	5798.00000	1555.77810	1538.66948	1525.36208
2025-08-08T13:27:11Z	5798.00000	1556.37399	1539.22508	1525.68103
2025-08-08T13:27:11Z	5798.00000	1556.73752	1539.56341	1525.87666
2025-08-08T13:27:11Z	5798.00000	1557.03945	1539.84791	1526.04140
2025-08-08T13:27:11Z	5798.00000	1557.29386	1540.08604	1526.17805
2025-08-08T13:27:11Z	5799.00000	1557.53845	1540.31381	1526.30926
2025-08-08T13:27:11Z	5799.00000	1557.82024	1540.57919	1526.46400
2025-08-08T13:27:11Z	5799.00000	1558.05575	1540.80140	1526.59247
2025-08-08T13:27:11Z	5799.00000	1558.32833	1541.05834	1526.74132
2025-08-08T13:27:12Z	5799.00000	1558.59156	1541.31083	1526.88623
2025-08-08T13:27:12Z	5799.00000	1558.89064	1541.59221	1527.05163
2025-08-08T13:27:12Z	5799.00000	1559.11729	1541.81407	1527.17851
2025-08-08T13:27:12Z	5799.00000	1559.59237	1542.26830	1527.44261
2025-08-08T13:27:12Z	5800.00000	1559.83865	1542.50104	1527.57975
2025-08-08T13:27:12Z	5800.00000	1560.06785	1542.72331	1527.70596
2025-08-08T13:27:12Z	5800.00000	1560.26192	1542.90918	1527.81522
2025-08-08T13:27:12Z	5800.00000	1560.46154	1543.10241	1527.92896
2025-08-08T13:27:12Z	5800.00000	1560.61556	1543.25391	1528.01157
2025-08-08T13:27:13Z	5800.00000	1560.68038	1543.29477	1528.04795
2025-08-08T13:27:13Z	5800.00000	1560.68362	1543.28984	1528.05012
2025-08-08T13:27:13Z	5800.00000	1560.68579	1543.28849	1528.05128
2025-08-08T13:27:13Z	5800.00000	1560.68710	1543.28717	1528.05228
2025-08-08T13:27:13Z	5800.00000	1560.68788	1543.28587	1528.05280
2025-08-08T13:27:13Z	5801.00000	1560.68877	1543.28522	1528.05358
2025-08-08T13:27:13Z	5801.00000	1560.68928	1543.28468	1528.05449
2025-08-08T13:27:13Z	5801.00000	1560.68975	1543.28464	1528.05475
2025-08-08T13:27:13Z	5801.00000	1560.69030	1543.28466	1528.05549
2025-08-08T13:27:14Z	5801.00000	1560.69071	1543.28450	1528.05580
2025-08-08T13:27:14Z	5801.00000	1560.69113	1543.28423	1528.05645
2025-08-08T13:27:14Z	5801.00000	1560.69154	1543.28444	1528.05657
2025-08-08T13:27:14Z	5801.00000	1560.69166	1543.28436	1528.05685
2025-08-08T13:27:14Z	5801.00000	1560.69206	1543.28443	1528.05739
2025-08-08T13:27:14Z	5802.00000	1560.69230	1543.28450	1528.05766
2025-08-08T13:27:14Z	5802.00000	1560.69249	1543.28479	1528.05788
2025-08-08T13:27:14Z	5802.00000	1560.69279	1543.28471	1528.05820
2025-08-08T13:27:14Z	5802.00000	1560.69301	1543.28463	1528.05844
2025-08-08T13:27:14Z	5802.00000	1560.69323	1543.28494	1528.05854
2025-08-08T13:27:15Z	5802.00000	1560.69354	1543.28470	1528.05898
2025-08-08T13:27:15Z	5802.00000	1560.69357	1543.28492	1528.05928
2025-08-08T13:27:15Z	5802.00000	1560.69386	1543.28496	1528.05943
2025-08-08T13:27:15Z	5802.00000	1560.69389	1543.28507	1528.05969
2025-08-08T13:27:15Z	5802.00000	1560.63647	1543.17867	1528.05801
2025-08-08T13:27:15Z	5803.00000	1558.64484	1541.32715	1526.91901
2025-08-08T13:27:15Z	5803.00000	1558.28877	1540.99840	1526.72203
2025-08-08T13:27:15Z	5803.00000	1558.00326	1540.73199	1526.56244
2025-08-08T13:27:15Z	5803.00000	1557.76982	1540.51515	1526.43581
2025-08-08T13:27:16Z	5803.00000	1557.51367	1540.27796	1526.29187
2025-08-08T13:27:16Z	5803.00000	1557.29534	1540.07840	1526.17360
2025-08-08T13:27:16Z	5803.00000	1557.04912	1539.85166	1526.04076
2025-08-08T13:27:16Z	5803.00000	1556.84580	1539.66159	1525.92700
2025-08-08T13:27:16Z	5803.00000	1556.64183	1539.47353	1525.81606
2025-08-08T13:27:16Z	5804.00000	1556.41328	1539.26468	1525.69527
2025-08-08T13:27:16Z	5804.00000	1556.22161	1539.08802	1525.59503
2025-08-08T13:27:16Z	5804.00000	1556.03692	1538.91649	1525.49902
2025-08-08T13:27:16Z	5804.00000	1555.85116	1538.74268	1525.39915
2025-08-08T13:27:16Z	5804.00000	1555.67144	1538.57352	1525.30392
2025-08-08T13:27:17Z	5804.00000	1555.49694	1538.41145	1525.20864
2025-08-08T13:27:17Z	5804.00000	1555.32516	1538.25342	1525.11821
2025-08-08T13:27:17Z	5804.00000	1555.28780	1538.22094	1525.09872
2025-08-08T13:27:17Z	5804.00000	1555.28368	1538.21564	1525.09635
2025-08-08T13:27:17Z	5804.00000	1555.27820	1538.21079	1525.09353
2025-08-08T13:27:17Z	5805.00000	1555.27398	1538.20701	1525.09128
2025-08-08T13:27:17Z	5805.00000	1555.26955	1538.20286	1525.08921
2025-08-08T13:27:17Z	5805.00000	1555.26678	1538.19967	1525.08760
2025-08-08T13:27:17Z	5805.00000	1555.26372	1538.19688	1525.08618
2025-08-08T13:27:18Z	5805.00000	1555.26078	1538.19418	1525.08472
2025-08-08T13:27:18Z	5805.00000	1555.25766	1538.19138	1525.08302
2025-08-08T13:27:18Z	5805.00000	1555.25583	1538.18934	1525.08155
2025-08-08T13:27:18Z	5805.00000	1555.25436	1538.18783	1525.08046
2025-08-08T13:27:18Z	5805.00000	1555.25243	1538.18522	1525.07928
2025-08-08T13:27:18Z	5806.00000	1555.25073	1538.18348	1525.07840
2025-08-08T13:27:18Z	5806.00000	1555.24939	1538.18228	1525.07752
2025-08-08T13:27:18Z	5806.00000	1555.24787	1538.18057	1525.07677
2025-08-08T13:27:18Z	5806.00000	1555.24659	1538.17938	1525.07623
2025-08-08T13:27:18Z	5806.00000	1555.24407	1538.17730	1525.07525
2025-08-08T13:27:19Z	5806.00000	1555.24267	1538.17627	1525.07439
2025-08-08T13:27:19Z	5806.00000	1555.24033	1538.17342	1525.07258
2025-08-08T13:27:19Z	5806.00000	1555.23927	1538.17217	1525.07180
2025-08-08T13:27:19Z	5806.00000	1555.23840	1538.17053	1525.07103
2025-08-08T13:27:19Z	5807.00000	1555.23727	1538.16982	1525.07027
2025-08-08T13:27:19Z	5807.00000	1555.23632	1538.16897	1525.06959
2025-08-08T13:27:19Z	5807.00000	1555.23536	1538.16757	1525.06888
2025-08-08T13:27:19Z	5807.00000	1555.23429	1538.16663	1525.06813
2025-08-08T13:27:20Z	5807.00000	1555.23308	1538.16560	1525.06761
2025-08-08T13:27:20Z	5807.00000	1555.23137	1538.16420	1525.06676
2025-08-08T13:27:20Z	5807.00000	1555.23050	1538.16351	1525.06624
2025-08-08T13:27:20Z	5807.00000	1555.22944	1538.16291	1525.06576
2025-08-08T13:27:20Z	5807.00000	1555.22825	1538.16150	1525.06517
2025-08-08T13:27:20Z	5808.00000	1555.22735	1538.16044	1525.06476
2025-08-08T13:27:20Z	5808.00000	1555.22682	1538.15966	1525.06435
2025-08-08T13:27:20Z	5808.00000	1555.22602	1538.15843	1525.06398
2025-08-08T13:27:20Z	5808.00000	1555.22540	1538.15779	1525.06358
2025-08-08T13:27:21Z	5808.00000	1555.22421	1538.15683	1525.06303
2025-08-08T13:27:21Z	5808.00000	1555.22385	1538.15611	1525.06273
2025-08-08T13:27:21Z	5808.00000	1555.22345	1538.15522	1525.06214
2025-08-08T13:27:21Z	5808.00000	1555.22274	1538.15453	1525.06163
2025-08-08T13:27:21Z	5808.00000	1555.22216	1538.15385	1525.06096
2025-08-08T13:27:21Z	5809.00000	1555.22127	1538.15313	1525.06057
2025-08-08T13:27:21Z	5809.00000	1555.22073	1538.15245	1525.06013
2025-08-08T13:27:21Z	5809.00000	1555.21994	1538.15216	1525.05971
2025-08-08T13:27:21Z	5809.00000	1555.53139	1538.43827	1525.22637
2025-08-08T13:27:22Z	5809.00000	1555.94105	1538.82247	1525.45215
2025-08-08T13:27:22Z	5809.00000	1556.20885	1539.07392	1525.59346
2025-08-08T13:27:22Z	5809.00000	1556.61457	1539.44976	1525.80834
2025-08-08T13:27:22Z	5809.00000	1556.87270	1539.69034	1525.94885
2025-08-08T13:27:22Z	5809.00000	1557.21120	1540.00965	1526.13235
2025-08-08T13:27:22Z	5810.00000	1557.50220	1540.27925	1526.28979
2025-08-08T13:27:22Z	5810.00000	1557.82120	1540.58036	1526.46466
2025-08-08T13:27:22Z	5810.00000	1558.05704	1540.80299	1526.59337
2025-08-08T13:27:22Z	5810.00000	1558.28649	1541.02024	1526.71871
2025-08-08T13:27:22Z	5810.00000	1558.51594	1541.23710	1526.84505
2025-08-08T13:27:23Z	5810.00000	1558.77712	1541.48706	1526.99020
2025-08-08T13:27:23Z	5810.00000	1559.04007	1541.73778	1527.13408
2025-08-08T13:27:23Z	5810.00000	1559.26940	1541.95729	1527.26169
2025-08-08T13:27:23Z	5810.00000	1559.52052	1542.19961	1527.40297
2025-08-08T13:27:23Z	5810.00000	1559.76347	1542.43348	1527.53867
2025-08-08T13:27:23Z	5811.00000	1560.02989	1542.68325	1527.68376
2025-08-08T13:27:23Z	5811.00000	1560.21898	1542.86356	1527.79139
2025-08-08T13:27:23Z	5811.00000	1560.39755	1543.03561	1527.89191
2025-08-08T13:27:23Z	5811.00000	1560.58675	1543.21980	1527.99603
2025-08-08T13:27:24Z	5811.00000	1560.68049	1543.29452	1528.04916
2025-08-08T13:27:24Z	5811.00000	1560.68359	1543.29103	1528.05078
2025-08-08T13:27:24Z	5811.00000	1560.68525	1543.28892	1528.05207
2025-08-08T13:27:24Z	5811.00000	1560.68656	1543.28790	1528.05281
2025-08-08T13:27:24Z	5811.00000	1560.68766	1543.28706	1528.05355
2025-08-08T13:27:24Z	5812.00000	1560.68855	1543.28623	1528.05444
2025-08-08T13:27:24Z	5812.00000	1560.68924	1543.28598	1528.05514
2025-08-08T13:27:24Z	5812.00000	1560.68984	1543.28593	1528.05546
2025-08-08T13:27:24Z	5812.00000	1560.69009	1543.28564	1528.05581
2025-08-08T13:27:25Z	5812.00000	1560.69064	1543.28563	1528.05657
2025-08-08T13:27:25Z	5812.00000	1560.69079	1543.28533	1528.05669
2025-08-08T13:27:25Z	5812.00000	1560.69131	1543.28540	1528.05717
2025-08-08T13:27:25Z	5812.00000	1560.69176	1543.28573	1528.05791
2025-08-08T13:27:25Z	5813.00000	1560.69207	1543.28563	1528.05812
2025-08-08T13:27:25Z	5813.00000	1560.69244	1543.28517	1528.05855
2025-08-08T13:27:25Z	5813.00000	1560.69259	1543.28550	1528.05885
2025-08-08T13:27:25Z	5813.00000	1560.69295	1543.28579	1528.05917
2025-08-08T13:27:26Z	5813.00000	1560.69315	1543.28623	1528.05932
2025-08-08T13:27:26Z	5813.00000	1560.69329	1543.28672	1528.05949
2025-08-08T13:27:26Z	5813.00000	1560.69359	1543.28587	1528.05980
2025-08-08T13:27:26Z	5813.00000	1560.69381	1543.28670	1528.06008
2025-08-08T13:27:26Z	5813.00000	1560.69399	1543.28612	1528.06027
2025-08-08T13:27:26Z	5813.00000	1560.36779	1542.86548	1527.89849
2025-08-08T13:27:26Z	5814.00000	1558.72925	1541.40373	1526.96774
2025-08-08T13:27:26Z	5814.00000	1558.34402	1541.04984	1526.75461
2025-08-08T13:27:26Z	5814.00000	1558.08651	1540.80990	1526.61128
2025-08-08T13:27:26Z	5814.00000	1557.77720	1540.52433	1526.44016
2025-08-08T13:27:27Z	5814.00000	1557.55345	1540.31532	1526.31401
2025-08-08T13:27:27Z	5814.00000	1557.34036	1540.11847	1526.19793
2025-08-08T13:27:27Z	5814.00000	1557.09451	1539.89314	1526.06510
2025-08-08T13:27:27Z	5814.00000	1556.88616	1539.69894	1525.94898
2025-08-08T13:27:27Z	5814.00000	1556.61308	1539.44845	1525.80119
2025-08-08T13:27:27Z	5815.00000	1556.38453	1539.23734	1525.68128
2025-08-08T13:27:27Z	5815.00000	1556.17079	1539.03974	1525.56736
2025-08-08T13:27:27Z	5815.00000	1555.98169	1538.86354	1525.47028
2025-08-08T13:27:27Z	5815.00000	1555.80009	1538.69480	1525.37096
2025-08-08T13:27:28Z	5815.00000	1555.62181	1538.52795	1525.27826
2025-08-08T13:27:28Z	5815.00000	1555.44810	1538.36721	1525.18248
2025-08-08T13:27:28Z	5815.00000	1555.29593	1538.22704	1525.10237
2025-08-08T13:27:28Z	5815.00000	1555.28404	1538.21614	1525.09705
2025-08-08T13:27:28Z	5815.00000	1555.27972	1538.21223	1525.09460
2025-08-08T13:27:28Z	5816.00000	1555.27084	1538.20473	1525.09013
2025-08-08T13:27:28Z	5816.00000	1555.26867	1538.20171	1525.08840
2025-08-08T13:27:28Z	5816.00000	1555.26594	1538.19843	1525.08718
2025-08-08T13:27:29Z	5816.00000	1555.26327	1538.19643	1525.08588
2025-08-08T13:27:29Z	5816.00000	1555.25982	1538.19338	1525.08427
2025-08-08T13:27:29Z	5816.00000	1555.25770	1538.19157	1525.08277
2025-08-08T13:27:29Z	5816.00000	1555.25568	1538.18896	1525.08129
2025-08-08T13:27:29Z	5816.00000	1555.25403	1538.18749	1525.08030
2025-08-08T13:27:29Z	5817.00000	1555.25273	1538.18575	1525.07950
2025-08-08T13:27:29Z	5817.00000	1555.25092	1538.18362	1525.07835
2025-08-08T13:27:29Z	5817.00000	1555.24911	1538.18200	1525.07745
2025-08-08T13:27:29Z	5817.00000	1555.24634	1538.17917	1525.07584
2025-08-08T13:27:30Z	5817.00000	1555.24492	1538.17813	1525.07548
2025-08-08T13:27:30Z	5817.00000	1555.24308	1538.17668	1525.07449
2025-08-08T13:27:30Z	5817.00000	1555.24173	1538.17536	1525.07379
2025-08-08T13:27:30Z	5817.00000	1555.24094	1538.17387	1525.07318
2025-08-08T13:27:30Z	5817.00000	1555.23969	1538.17240	1525.07219
2025-08-08T13:27:30Z	5818.00000	1555.23877	1538.17172	1525.07142
2025-08-08T13:27:30Z	5818.00000	1555.23765	1538.17013	1525.07059
2025-08-08T13:27:30Z	5818.00000	1555.23666	1538.16938	1525.06994
2025-08-08T13:27:30Z	5818.00000	1555.23606	1538.16848	1525.06950
2025-08-08T13:27:30Z	5818.00000	1555.23524	1538.16776	1525.06875
2025-08-08T13:27:31Z	5818.00000	1555.23442	1538.16654	1525.06826
2025-08-08T13:27:31Z	5818.00000	1555.23328	1538.16557	1525.06771
2025-08-08T13:27:31Z	5818.00000	1555.23217	1538.16467	1525.06702
2025-08-08T13:27:31Z	5818.00000	1555.23087	1538.16379	1525.06653
2025-08-08T13:27:31Z	5818.00000	1555.22950	1538.16263	1525.06600
2025-08-08T13:27:31Z	5819.00000	1555.22886	1538.16202	1525.06556
2025-08-08T13:27:31Z	5819.00000	1555.22778	1538.16091	1525.06492
2025-08-08T13:27:31Z	5819.00000	1555.22663	1538.15992	1525.06464
2025-08-08T13:27:31Z	5819.00000	1555.22645	1538.15922	1525.06414
2025-08-08T13:27:32Z	5819.00000	1555.22565	1538.15807	1525.06383
2025-08-08T13:27:32Z	5819.00000	1555.22497	1538.15760	1525.06342
2025-08-08T13:27:32Z	5819.00000	1555.22465	1538.15681	1525.06296
2025-08-08T13:27:32Z	5819.00000	1555.22388	1538.15599	1525.06259
2025-08-08T13:27:32Z	5819.00000	1555.22341	1538.15525	1525.06196
2025-08-08T13:27:32Z	5820.00000	1555.22264	1538.15455	1525.06161
2025-08-08T13:27:32Z	5820.00000	1555.22222	1538.15342	1525.06098
2025-08-08T13:27:32Z	5820.00000	1555.47477	1538.38533	1525.19284
2025-08-08T13:27:32Z	5820.00000	1555.79739	1538.68752	1525.37224
2025-08-08T13:27:33Z	5820.00000	1556.16455	1539.03115	1525.56938
2025-08-08T13:27:33Z	5820.00000	1556.53250	1539.37189	1525.76246
2025-08-08T13:27:33Z	5820.00000	1556.88236	1539.69953	1525.95437
2025-08-08T13:27:33Z	5820.00000	1557.13779	1539.93944	1526.09338
2025-08-08T13:27:33Z	5820.00000	1557.38890	1540.17522	1526.23059
2025-08-08T13:27:33Z	5821.00000	1557.71710	1540.48214	1526.40931
2025-08-08T13:27:33Z	5821.00000	1558.03548	1540.78301	1526.58123
2025-08-08T13:27:33Z	5821.00000	1558.26341	1540.99847	1526.70584
2025-08-08T13:27:34Z	5821.00000	1558.57142	1541.29216	1526.87510
2025-08-08T13:27:34Z	5821.00000	1558.87111	1541.57408	1527.04085
2025-08-08T13:27:34Z	5821.00000	1559.09380	1541.78931	1527.16571
2025-08-08T13:27:34Z	5821.00000	1559.31543	1542.00385	1527.28807
2025-08-08T13:27:34Z	5821.00000	1559.53382	1542.21268	1527.41125
2025-08-08T13:27:34Z	5821.00000	1559.84241	1542.50531	1527.58236
2025-08-08T13:27:34Z	5822.00000	1560.03738	1542.69066	1527.68864
2025-08-08T13:27:34Z	5822.00000	1560.28434	1542.93075	1527.82808
2025-08-08T13:27:34Z	5822.00000	1560.45792	1543.09978	1527.92697
2025-08-08T13:27:35Z	5822.00000	1560.68146	1543.29337	1528.04953
2025-08-08T13:27:35Z	5822.00000	1560.68452	1543.29031	1528.05110
2025-08-08T13:27:35Z	5822.00000	1560.68620	1543.28861	1528.05235
2025-08-08T13:27:35Z	5822.00000	1560.68715	1543.28771	1528.05318
2025-08-08T13:27:35Z	5822.00000	1560.68798	1543.28761	1528.05391
2025-08-08T13:27:35Z	5823.00000	1560.68884	1543.28661	1528.05431
2025-08-08T13:27:35Z	5823.00000	1560.68931	1543.28580	1528.05493
2025-08-08T13:27:35Z	5823.00000	1560.68931	1543.28565	1528.05565
2025-08-08T13:27:35Z	5823.00000	1560.69016	1543.28565	1528.05583
2025-08-08T13:27:36Z	5823.00000	1560.69093	1543.28572	1528.05639
2025-08-08T13:27:36Z	5823.00000	1560.69111	1543.28565	1528.05705
2025-08-08T13:27:36Z	5823.00000	1560.69144	1543.28547	1528.05732
2025-08-08T13:27:36Z	5823.00000	1560.69168	1543.28552	1528.05751
2025-08-08T13:27:36Z	5823.00000	1560.69178	1543.28564	1528.05800
2025-08-08T13:27:36Z	5824.00000	1560.69216	1543.28566	1528.05846
2025-08-08T13:27:36Z	5824.00000	1560.69243	1543.28560	1528.05873
2025-08-08T13:27:36Z	5824.00000	1560.69267	1543.28611	1528.05902
2025-08-08T13:27:36Z	5824.00000	1560.69298	1543.28535	1528.05909
2025-08-08T13:27:37Z	5824.00000	1560.69341	1543.28611	1528.05931
2025-08-08T13:27:37Z	5824.00000	1560.69341	1543.28595	1528.05972
2025-08-08T13:27:37Z	5824.00000	1560.69369	1543.28674	1528.06005
2025-08-08T13:27:37Z	5824.00000	1560.69396	1543.28622	1528.06029
2025-08-08T13:27:37Z	5824.00000	1560.69419	1543.28594	1528.06059
2025-08-08T13:27:37Z	5825.00000	1558.93727	1541.59645	1527.08858
2025-08-08T13:27:37Z	5825.00000	1558.51000	1541.20364	1526.84789
2025-08-08T13:27:37Z	5825.00000	1557.91367	1540.64873	1526.51288
2025-08-08T13:27:38Z	5825.00000	1557.60978	1540.36966	1526.34577
2025-08-08T13:27:38Z	5825.00000	1557.39747	1540.17271	1526.22998
2025-08-08T13:27:38Z	5825.00000	1557.18757	1539.97988	1526.11335
2025-08-08T13:27:38Z	5825.00000	1556.91080	1539.72171	1525.96355
2025-08-08T13:27:38Z	5825.00000	1556.69667	1539.52431	1525.84748
2025-08-08T13:27:38Z	5826.00000	1556.40122	1539.25444	1525.68952
2025-08-08T13:27:38Z	5826.00000	1556.18238	1539.05019	1525.57393
2025-08-08T13:27:38Z	5826.00000	1555.99659	1538.87925	1525.47840
2025-08-08T13:27:38Z	5826.00000	1555.80752	1538.70155	1525.37513
2025-08-08T13:27:39Z	5826.00000	1555.54251	1538.45370	1525.23452
2025-08-08T13:27:39Z	5826.00000	1555.31602	1538.24582	1525.11373
2025-08-08T13:27:39Z	5826.00000	1555.28926	1538.22163	1525.09957
2025-08-08T13:27:39Z	5826.00000	1555.28481	1538.21703	1525.09753
2025-08-08T13:27:39Z	5826.00000	1555.28079	1538.21281	1525.09508
2025-08-08T13:27:39Z	5827.00000	1555.27658	1538.20982	1525.09269
2025-08-08T13:27:39Z	5827.00000	1555.27319	1538.20621	1525.09087
2025-08-08T13:27:39Z	5827.00000	1555.26975	1538.20358	1525.08937
2025-08-08T13:27:39Z	5827.00000	1555.26641	1538.19930	1525.08753
2025-08-08T13:27:40Z	5827.00000	1555.26374	1538.19675	1525.08611
2025-08-08T13:27:40Z	5827.00000	1555.26103	1538.19485	1525.08499
2025-08-08T13:27:40Z	5827.00000	1555.25908	1538.19244	1525.08372
2025-08-08T13:27:40Z	5827.00000	1555.25711	1538.19063	1525.08213
2025-08-08T13:27:40Z	5827.00000	1555.25530	1538.18908	1525.08103
2025-08-08T13:27:40Z	5828.00000	1555.25366	1538.18667	1525.07990
2025-08-08T13:27:40Z	5828.00000	1555.25153	1538.18400	1525.07868
2025-08-08T13:27:40Z	5828.00000	1555.24890	1538.18179	1525.07699
2025-08-08T13:27:40Z	5828.00000	1555.24756	1538.18050	1525.07640
2025-08-08T13:27:41Z	5828.00000	1555.24565	1538.17859	1525.07570
2025-08-08T13:27:41Z	5828.00000	1555.24370	1538.17695	1525.07493
2025-08-08T13:27:41Z	5828.00000	1555.24249	1538.17579	1525.07403
2025-08-08T13:27:41Z	5828.00000	1555.24152	1538.17443	1525.07348
2025-08-08T13:27:41Z	5828.00000	1555.24048	1538.17331	1525.07247
2025-08-08T13:27:41Z	5829.00000	1555.23941	1538.17236	1525.07167
2025-08-08T13:27:41Z	5829.00000	1555.23847	1538.17117	1525.07097
2025-08-08T13:27:41Z	5829.00000	1555.23769	1538.17020	1525.07045
2025-08-08T13:27:41Z	5829.00000	1555.23670	1538.16904	1525.06973
2025-08-08T13:27:42Z	5829.00000	1555.23608	1538.16829	1525.06923
2025-08-08T13:27:42Z	5829.00000	1555.23492	1538.16696	1525.06868
2025-08-08T13:27:42Z	5829.00000	1555.23421	1538.16692	1525.06811
2025-08-08T13:27:42Z	5829.00000	1555.23328	1538.16601	1525.06753
2025-08-08T13:27:42Z	5829.00000	1555.23209	1538.16477	1525.06706
2025-08-08T13:27:42Z	5830.00000	1555.23072	1538.16423	1525.06631
2025-08-08T13:27:42Z	5830.00000	1555.23008	1538.16303	1525.06596
2025-08-08T13:27:42Z	5830.00000	1555.22916	1538.16215	1525.06542
2025-08-08T13:27:42Z	5830.00000	1555.22833	1538.16144	1525.06513
2025-08-08T13:27:42Z	5830.00000	1555.22738	1538.16065	1525.06478
2025-08-08T13:27:43Z	5830.00000	1555.22651	1538.15914	1525.06441
2025-08-08T13:27:43Z	5830.00000	1555.22586	1538.15867	1525.06404
2025-08-08T13:27:43Z	5830.00000	1555.22540	1538.15795	1525.06360
2025-08-08T13:27:43Z	5830.00000	1555.22496	1538.15716	1525.06326
2025-08-08T13:27:43Z	5830.00000	1555.22425	1538.15638	1525.06280
2025-08-08T13:27:43Z	5831.00000	1555.22387	1538.15569	1525.06230
2025-08-08T13:27:43Z	5831.00000	1555.22328	1538.15510	1525.06195
2025-08-08T13:27:43Z	5831.00000	1555.22242	1538.15424	1525.06133
2025-08-08T13:27:43Z	5831.00000	1555.22219	1538.15347	1525.06084
2025-08-08T13:27:44Z	5831.00000	1555.22122	1538.15304	1525.06051
2025-08-08T13:27:44Z	5831.00000	1555.22046	1538.15249	1525.06008
2025-08-08T13:27:44Z	5831.00000	1555.21998	1538.15207	1525.05972
2025-08-08T13:27:44Z	5831.00000	1555.21894	1538.15093	1525.05879
2025-08-08T13:27:44Z	5832.00000	1555.21835	1538.15060	1525.05865
2025-08-08T13:27:44Z	5832.00000	1555.21768	1538.14959	1525.05819
2025-08-08T13:27:44Z	5832.00000	1555.21708	1538.14886	1525.05788
2025-08-08T13:27:44Z	5832.00000	1555.21633	1538.14869	1525.05746
2025-08-08T13:27:44Z	5832.00000	1555.21579	1538.14816	1525.05694
2025-08-08T13:27:45Z	5832.00000	1555.21516	1538.14711	1525.05639
2025-08-08T13:27:45Z	5832.00000	1555.21457	1538.14666	1525.05625
2025-08-08T13:27:45Z	5832.00000	1555.21403	1538.14606	1525.05596
2025-08-08T13:27:45Z	5832.00000	1555.21353	1538.14605	1525.05571
2025-08-08T13:27:45Z	5832.00000	1555.21325	1538.14542	1525.05551
2025-08-08T13:27:45Z	5833.00000	1555.21278	1538.14361	1525.05522
2025-08-08T13:27:45Z	5833.00000	1555.21211	1538.14265	1525.05487
2025-08-08T13:27:45Z	5833.00000	1555.21150	1538.14217	1525.05458
2025-08-08T13:27:45Z	5833.00000	1555.21129	1538.14178	1525.05435
2025-08-08T13:27:46Z	5833.00000	1555.21072	1538.14112	1525.05403
2025-08-08T13:27:46Z	5833.00000	1555.21039	1538.14069	1525.05382
2025-08-08T13:27:46Z	5833.00000	1555.20982	1538.14036	1525.05346
2025-08-08T13:27:46Z	5833.00000	1555.20951	1538.13949	1525.05337
2025-08-08T13:27:46Z	5833.00000	1555.20917	1538.13953	1525.05318
2025-08-08T13:27:46Z	5834.00000	1555.20876	1538.13910	1525.05293
2025-08-08T13:27:46Z	5834.00000	1555.20856	1538.13904	1525.05281
2025-08-08T13:27:46Z	5834.00000	1555.20830	1538.13846	1525.05255
2025-08-08T13:27:46Z	5834.00000	1555.20802	1538.13815	1525.05235
2025-08-08T13:27:46Z	5834.00000	1555.20784	1538.13767	1525.05217
2025-08-08T13:27:47Z	5834.00000	1555.20744	1538.13707	1525.05193
2025-08-08T13:27:47Z	5834.00000	1555.20695	1538.13679	1525.05145
2025-08-08T13:27:47Z	5834.00000	1555.20677	1538.13635	1525.05127
2025-08-08T13:27:47Z	5834.00000	1555.20626	1538.13639	1525.05102
2025-08-08T13:27:47Z	5834.00000	1555.20593	1538.13552	1525.05073
2025-08-08T13:27:47Z	5835.00000	1555.20555	1538.13525	1525.05069
2025-08-08T13:27:47Z	5835.00000	1555.20509	1538.13465	1525.05018
2025-08-08T13:27:47Z	5835.00000	1555.20457	1538.13420	1525.04995
2025-08-08T13:27:47Z	5835.00000	1555.20425	1538.13385	1525.04958
2025-08-08T13:27:48Z	5835.00000	1555.20386	1538.13365	1525.04933
2025-08-08T13:27:48Z	5835.00000	1555.20346	1538.13339	1525.04914
2025-08-08T13:27:48Z	5835.00000	1555.20289	1538.13268	1525.04878
2025-08-08T13:27:48Z	5835.00000	1555.20216	1538.13220	1525.04850
2025-08-08T13:27:48Z	5836.00000	1555.20195	1538.13205	1525.04832
2025-08-08T13:27:48Z	5836.00000	1555.20172	1538.13161	1525.04801
2025-08-08T13:27:48Z	5836.00000	1555.20131	1538.13128	1525.04780
2025-08-08T13:27:48Z	5836.00000	1555.20060	1538.13087	1525.04737
2025-08-08T13:27:49Z	5836.00000	1555.20034	1538.13078	1525.04716
2025-08-08T13:27:49Z	5836.00000	1555.20009	1538.13030	1525.04698
2025-08-08T13:27:49Z	5836.00000	1555.19961	1538.13006	1525.04679
2025-08-08T13:27:49Z	5836.00000	1555.19911	1538.12965	1525.04659
2025-08-08T13:27:49Z	5836.00000	1555.19890	1538.12966	1525.04632
2025-08-08T13:27:49Z	5837.00000	1555.19845	1538.12875	1525.04590
2025-08-08T13:27:49Z	5837.00000	1555.19828	1538.12873	1525.04599
2025-08-08T13:27:49Z	5837.00000	1555.19775	1538.12828	1525.04572
2025-08-08T13:27:49Z	5837.00000	1555.19760	1538.12773	1525.04527
2025-08-08T13:27:50Z	5837.00000	1555.19719	1538.12729	1525.04519
2025-08-08T13:27:50Z	5837.00000	1555.19707	1538.12714	1525.04509
2025-08-08T13:27:50Z	5837.00000	1555.19685	1538.12700	1525.04486
2025-08-08T13:27:50Z	5837.00000	1555.19650	1538.12651	1525.04480
2025-08-08T13:27:50Z	5837.00000	1555.19612	1538.12608	1525.04455
2025-08-08T13:27:50Z	5838.00000	1555.19604	1538.12522	1525.04444
2025-08-08T13:27:50Z	5838.00000	1555.19594	1538.12518	1525.04423
2025-08-08T13:27:50Z	5838.00000	1555.19561	1538.12517	1525.04403
2025-08-08T13:27:50Z	5838.00000	1555.19532	1538.12470	1525.04387
2025-08-08T13:27:51Z	5838.00000	1555.19538	1538.12403	1525.04378
2025-08-08T13:27:51Z	5838.00000	1555.19495	1538.12447	1525.04345
2025-08-08T13:27:51Z	5838.00000	1555.19502	1538.12381	1525.04335
2025-08-08T13:27:51Z	5838.00000	1555.19484	1538.12322	1525.04322
2025-08-08T13:27:51Z	5838.00000	1555.19460	1538.12323	1525.04296
2025-08-08T13:27:51Z	5839.00000	1555.19430	1538.12313	1525.04289
2025-08-08T13:27:51Z	5839.00000	1555.19395	1538.12270	1525.04290
2025-08-08T13:27:51Z	5839.00000	1555.19364	1538.12213	1525.04252
2025-08-08T13:27:51Z	5839.00000	1555.19367	1538.12190	1525.04256
2025-08-08T13:27:52Z	5839.00000	1555.19315	1538.12194	1525.04234
2025-08-08T13:27:52Z	5839.00000	1555.19273	1538.12157	1525.04230
2025-08-08T13:27:52Z	5839.00000	1555.19289	1538.12120	1525.04204
2025-08-08T13:27:52Z	5839.00000	1555.19234	1538.12071	1525.04187
2025-08-08T13:27:52Z	5839.00000	1555.19246	1538.12040	1525.04186
2025-08-08T13:27:52Z	5840.00000	1555.19211	1538.12057	1525.04166
2025-08-08T13:27:52Z	5840.00000	1555.19223	1538.12030	1525.04148
2025-08-08T13:27:52Z	5840.00000	1555.19204	1538.11989	1525.04131
2025-08-08T13:27:52Z	5840.00000	1555.19150	1538.11945	1525.04104
2025-08-08T13:27:52Z	5840.00000	1555.19161	1538.11931	1525.04090
2025-08-08T13:27:53Z	5840.00000	1555.19137	1538.11931	1525.04081
2025-08-08T13:27:53Z	5840.00000	1555.19100	1538.11888	1525.04080
2025-08-08T13:27:53Z	5840.00000	1555.19070	1538.11909	1525.04063
2025-08-08T13:27:53Z	5840.00000	1555.19032	1538.11873	1525.04028
2025-08-08T13:27:53Z	5841.00000	1555.19010	1538.11808	1525.04030
2025-08-08T13:27:53Z	5841.00000	1555.18991	1538.11804	1525.04006
2025-08-08T13:27:53Z	5841.00000	1555.18973	1538.11803	1525.04008
2025-08-08T13:27:53Z	5841.00000	1555.18945	1538.11751	1525.03975
2025-08-08T13:27:54Z	5841.00000	1555.18915	1538.11731	1525.03956
2025-08-08T13:27:54Z	5841.00000	1555.18893	1538.11737	1525.03952
2025-08-08T13:27:54Z	5841.00000	1555.18866	1538.11712	1525.03953
2025-08-08T13:27:54Z	5841.00000	1555.18836	1538.11689	1525.03937
2025-08-08T13:27:54Z	5841.00000	1555.18812	1538.11680	1525.03915
2025-08-08T13:27:54Z	5842.00000	1555.18791	1538.11650	1525.03904
2025-08-08T13:27:54Z	5842.00000	1555.18769	1538.11637	1525.03900
2025-08-08T13:27:54Z	5842.00000	1555.18760	1538.11623	1525.03881
2025-08-08T13:27:54Z	5842.00000	1555.18725	1538.11586	1525.03877
2025-08-08T13:27:55Z	5842.00000	1555.18698	1538.11591	1525.03855
2025-08-08T13:27:55Z	5842.00000	1555.18663	1538.11583	1525.03836
2025-08-08T13:27:55Z	5842.00000	1555.18643	1538.11554	1525.03820
2025-08-08T13:27:55Z	5842.00000	1555.18628	1538.11524	1525.03806
2025-08-08T13:27:55Z	5842.00000	1555.18607	1538.11501	1525.03783
2025-08-08T13:27:55Z	5843.00000	1555.18575	1538.11475	1525.03779
2025-08-08T13:27:55Z	5843.00000	1555.18567	1538.11460	1525.03776
2025-08-08T13:27:55Z	5843.00000	1555.18547	1538.11401	1525.03757
2025-08-08T13:27:55Z	5843.00000	1555.18515	1538.11436	1525.03751
2025-08-08T13:27:56Z	5843.00000	1555.18472	1538.11428	1525.03708
2025-08-08T13:27:56Z	5843.00000	1555.18503	1538.11365	1525.03715
2025-08-08T13:27:56Z	5843.00000	1555.18444	1538.11363	1525.03688
2025-08-08T13:27:56Z	5843.00000	1555.18432	1538.11364	1525.03683
2025-08-08T13:27:56Z	5843.00000	1555.18429	1538.11344	1525.03659
2025-08-08T13:27:56Z	5844.00000	1555.18395	1538.11293	1525.03651
2025-08-08T13:27:56Z	5844.00000	1555.18395	1538.11318	1525.03629
2025-08-08T13:27:56Z	5844.00000	1555.18363	1538.11284	1525.03623
2025-08-08T13:27:56Z	5844.00000	1555.18349	1538.11203	1525.03610
2025-08-08T13:27:56Z	5844.00000	1555.18332	1538.11220	1525.03620
2025-08-08T13:27:57Z	5844.00000	1555.18330	1538.11171	1525.03617
2025-08-08T13:27:57Z	5844.00000	1555.18310	1538.11176	1525.03579
2025-08-08T13:27:57Z	5844.00000	1555.18271	1538.11146	1525.03546
2025-08-08T13:27:57Z	5844.00000	1555.18254	1538.11173	1525.03592
2025-08-08T13:27:57Z	5844.00000	1555.18227	1538.11089	1525.03533
2025-08-08T13:27:57Z	5845.00000	1555.18213	1538.11054	1525.03528
2025-08-08T13:27:57Z	5845.00000	1555.18210	1538.11048	1525.03529
2025-08-08T13:27:57Z	5845.00000	1555.18219	1538.11078	1525.03504
2025-08-08T13:27:57Z	5845.00000	1555.18187	1538.11022	1525.03510
2025-08-08T13:27:57Z	5845.00000	1555.18180	1538.11018	1525.03496
2025-08-08T13:27:58Z	5845.00000	1555.18170	1538.10983	1525.03475
2025-08-08T13:27:58Z	5845.00000	1555.18165	1538.10979	1525.03476
2025-08-08T13:27:58Z	5845.00000	1555.18137	1538.10972	1525.03472
2025-08-08T13:27:58Z	5845.00000	1555.18130	1538.10953	1525.03435
2025-08-08T13:27:58Z	5845.00000	1555.18115	1538.10956	1525.03433
2025-08-08T13:27:58Z	5846.00000	1555.18089	1538.10899	1525.03413
2025-08-08T13:27:58Z	5846.00000	1555.18087	1538.10915	1525.03401
2025-08-08T13:27:58Z	5846.00000	1555.18075	1538.10886	1525.03380
2025-08-08T13:27:58Z	5846.00000	1555.18053	1538.10875	1525.03381
2025-08-08T13:27:59Z	5846.00000	1555.18058	1538.10858	1525.03366
2025-08-08T13:27:59Z	5846.00000	1555.18031	1538.10836	1525.03341
2025-08-08T13:27:59Z	5846.00000	1555.18018	1538.10800	1525.03332
2025-08-08T13:27:59Z	5846.00000	1555.18001	1538.10788	1525.03325
2025-08-08T13:27:59Z	5847.00000	1555.17994	1538.10791	1525.03309
2025-08-08T13:27:59Z	5847.00000	1555.17984	1538.10771	1525.03297
2025-08-08T13:27:59Z	5847.00000	1555.17974	1538.10764	1525.03302
2025-08-08T13:27:59Z	5847.00000	1555.17953	1538.10740	1525.03284
2025-08-08T13:27:59Z	5847.00000	1555.17938	1538.10698	1525.03283
2025-08-08T13:28:00Z	5847.00000	1555.17937	1538.10705	1525.03249
2025-08-08T13:28:00Z	5847.00000	1555.17920	1538.10679	1525.03235
2025-08-08T13:28:00Z	5847.00000	1555.17896	1538.10674	1525.03232
2025-08-08T13:28:00Z	5847.00000	1555.17894	1538.10647	1525.03221
2025-08-08T13:28:00Z	5847.00000	1555.17883	1538.10635	1525.03218
2025-08-08T13:28:00Z	5848.00000	1555.17870	1538.10632	1525.03211
2025-08-08T13:28:00Z	5848.00000	1555.17859	1538.10625	1525.03203
2025-08-08T13:28:00Z	5848.00000	1555.17843	1538.10601	1525.03205
2025-08-08T13:28:00Z	5848.00000	1555.17835	1538.10581	1525.03193
2025-08-08T13:28:01Z	5848.00000	1555.17838	1538.10558	1525.03186
2025-08-08T13:28:01Z	5848.00000	1555.17826	1538.10539	1525.03177
2025-08-08T13:28:01Z	5848.00000	1555.17796	1538.10520	1525.03171
2025-08-08T13:28:01Z	5848.00000	1555.17784	1538.10519	1525.03162
2025-08-08T13:28:01Z	5848.00000	1555.17782	1538.10523	1525.03148
2025-08-08T13:28:01Z	5848.00000	1555.17766	1538.10492	1525.03141
2025-08-08T13:28:01Z	5849.00000	1555.17724	1538.10480	1525.03144
2025-08-08T13:28:01Z	5849.00000	1555.17739	1538.10466	1525.03131
2025-08-08T13:28:01Z	5849.00000	1555.17706	1538.10449	1525.03124
2025-08-08T13:28:01Z	5849.00000	1555.17715	1538.10432	1525.03116
2025-08-08T13:28:02Z	5849.00000	1555.17689	1538.10426	1525.03111
2025-08-08T13:28:02Z	5849.00000	1555.17667	1538.10405	1525.03116
2025-08-08T13:28:02Z	5849.00000	1555.17671	1538.10386	1525.03091
2025-08-08T13:28:02Z	5849.00000	1555.17635	1538.10360	1525.03085
2025-08-08T13:28:02Z	5849.00000	1555.17630	1538.10362	1525.03086
2025-08-08T13:28:02Z	5850.00000	1555.17619	1538.10354	1525.03061
2025-08-08T13:28:02Z	5850.00000	1555.17603	1538.10331	1525.03077
2025-08-08T13:28:02Z	5850.00000	1555.17605	1538.10324	1525.03070
2025-08-08T13:28:02Z	5850.00000	1555.17575	1538.10313	1525.03062
2025-08-08T13:28:02Z	5850.00000	1555.17549	1538.10268	1525.03032
2025-08-08T13:28:03Z	5850.00000	1555.17566	1538.10297	1525.03034
2025-08-08T13:28:03Z	5850.00000	1555.17539	1538.10269	1525.03025
2025-08-08T13:28:03Z	5850.00000	1555.17528	1538.10246	1525.03011
2025-08-08T13:28:03Z	5850.00000	1555.17507	1538.10235	1525.03018
2025-08-08T13:28:03Z	5850.00000	1555.17501	1538.10213	1525.03007
2025-08-08T13:28:03Z	5851.00000	1555.17495	1538.10206	1525.03005
2025-08-08T13:28:03Z	5851.00000	1555.17474	1538.10205	1525.02986
2025-08-08T13:28:03Z	5851.00000	1555.17473	1538.10186	1525.02978
2025-08-08T13:28:03Z	5851.00000	1555.17445	1538.10170	1525.02983
2025-08-08T13:28:04Z	5851.00000	1555.17433	1538.10161	1525.02976
2025-08-08T13:28:04Z	5851.00000	1555.17425	1538.10138	1525.02969
2025-08-08T13:28:04Z	5851.00000	1555.17431	1538.10131	1525.02942
2025-08-08T13:28:04Z	5851.00000	1555.17408	1538.10123	1525.02946
2025-08-08T13:28:04Z	5852.00000	1555.17383	1538.10099	1525.02927
2025-08-08T13:28:04Z	5852.00000	1555.17381	1538.10082	1525.02918
2025-08-08T13:28:04Z	5852.00000	1555.17373	1538.10078	1525.02925
2025-08-08T13:28:04Z	5852.00000	1555.17345	1538.10076	1525.02913
2025-08-08T13:28:04Z	5852.00000	1555.17315	1538.10045	1525.02907
2025-08-08T13:28:05Z	5852.00000	1555.17335	1538.10062	1525.02911
2025-08-08T13:28:05Z	5852.00000	1555.17263	1538.10036	1525.02895
2025-08-08T13:28:05Z	5852.00000	1555.17303	1538.10011	1525.02879
2025-08-08T13:28:05Z	5852.00000	1555.17298	1538.10020	1525.02881
2025-08-08T13:28:05Z	5852.00000	1555.17244	1538.10012	1525.02869
2025-08-08T13:28:05Z	5853.00000	1555.17269	1538.09981	1525.02864
2025-08-08T13:28:05Z	5853.00000	1555.17239	1538.09981	1525.02865
2025-08-08T13:28:05Z	5853.00000	1555.17209	1538.09966	1525.02839
2025-08-08T13:28:06Z	5853.00000	1555.17208	1538.09992	1525.02827
2025-08-08T13:28:06Z	5853.00000	1555.17178	1538.09938	1525.02827
2025-08-08T13:28:06Z	5853.00000	1555.17166	1538.09938	1525.02823
2025-08-08T13:28:06Z	5853.00000	1555.17172	1538.09921	1525.02827
2025-08-08T13:28:06Z	5853.00000	1555.17138	1538.09910	1525.02820
2025-08-08T13:28:06Z	5853.00000	1555.17136	1538.09879	1525.02802
2025-08-08T13:28:06Z	5854.00000	1555.17101	1538.09904	1525.02777
2025-08-08T13:28:06Z	5854.00000	1555.17122	1538.09839	1525.02784
2025-08-08T13:28:06Z	5854.00000	1555.17092	1538.09900	1525.02781
2025-08-08T13:28:06Z	5854.00000	1555.17086	1538.09858	1525.02770
2025-08-08T13:28:07Z	5854.00000	1555.17061	1538.09835	1525.02764
2025-08-08T13:28:07Z	5854.00000	1555.17038	1538.09789	1525.02759
2025-08-08T13:28:07Z	5854.00000	1555.17048	1538.09814	1525.02754
2025-08-08T13:28:07Z	5854.00000	1555.17035	1538.09803	1525.02745
2025-08-08T13:28:07Z	5854.00000	1555.17022	1538.09794	1525.02735
2025-08-08T13:28:07Z	5855.00000	1555.16997	1538.09775	1525.02724
2025-08-08T13:28:07Z	5855.00000	1555.16987	1538.09734	1525.02722
2025-08-08T13:28:07Z	5855.00000	1555.16987	1538.09721	1525.02727
2025-08-08T13:28:07Z	5855.00000	1555.16965	1538.09754	1525.02715
2025-08-08T13:28:08Z	5855.00000	1555.16949	1538.09742	1525.02696
2025-08-08T13:28:08Z	5855.00000	1555.16937	1538.09654	1525.02691
2025-08-08T13:28:08Z	5855.00000	1555.29000	1538.21178	1525.09628
2025-08-08T13:28:08Z	5855.00000	1555.55681	1538.45667	1525.23761
2025-08-08T13:28:08Z	5855.00000	1555.78155	1538.66761	1525.35965
2025-08-08T13:28:08Z	5855.00000	1555.99897	1538.87220	1525.47977
2025-08-08T13:28:08Z	5856.00000	1556.20997	1539.07031	1525.59040
2025-08-08T13:28:08Z	5856.00000	1556.49867	1539.33696	1525.74148
2025-08-08T13:28:08Z	5856.00000	1556.70685	1539.53131	1525.85696
2025-08-08T13:28:08Z	5856.00000	1556.90482	1539.71653	1525.96422
2025-08-08T13:28:09Z	5856.00000	1557.13072	1539.93042	1526.08802
2025-08-08T13:28:09Z	5856.00000	1557.31462	1540.10098	1526.18643
2025-08-08T13:28:09Z	5856.00000	1557.49694	1540.27162	1526.28472
2025-08-08T13:28:09Z	5856.00000	1557.69455	1540.45739	1526.39368
2025-08-08T13:28:09Z	5856.00000	1557.86358	1540.61678	1526.48423
2025-08-08T13:28:09Z	5857.00000	1558.04174	1540.78590	1526.58194
2025-08-08T13:28:09Z	5857.00000	1558.21538	1540.94922	1526.67664
2025-08-08T13:28:09Z	5857.00000	1558.37400	1541.10179	1526.76552
2025-08-08T13:28:09Z	5857.00000	1558.64339	1541.35536	1526.91273
2025-08-08T13:28:10Z	5857.00000	1558.75553	1541.46371	1526.97657
2025-08-08T13:28:10Z	5857.00000	1558.89024	1541.58861	1527.04933
2025-08-08T13:28:10Z	5857.00000	1559.00649	1541.70166	1527.11335
2025-08-08T13:28:10Z	5857.00000	1559.08633	1541.77804	1527.16006
2025-08-08T13:28:10Z	5858.00000	1559.18266	1541.87076	1527.21384
2025-08-08T13:28:10Z	5858.00000	1559.25590	1541.93926	1527.25445
2025-08-08T13:28:10Z	5858.00000	1559.30998	1541.99512	1527.28510
2025-08-08T13:28:10Z	5858.00000	1559.36764	1542.04760	1527.31715
2025-08-08T13:28:11Z	5858.00000	1559.44643	1542.12096	1527.36392
2025-08-08T13:28:11Z	5858.00000	1559.48022	1542.15637	1527.38353
2025-08-08T13:28:11Z	5858.00000	1559.50759	1542.18058	1527.39771
2025-08-08T13:28:11Z	5858.00000	1559.53671	1542.20664	1527.41432
2025-08-08T13:28:11Z	5858.00000	1559.55543	1542.22438	1527.42466
2025-08-08T13:28:11Z	5859.00000	1559.57433	1542.24244	1527.43517
2025-08-08T13:28:11Z	5859.00000	1559.58861	1542.25668	1527.44289
2025-08-08T13:28:11Z	5859.00000	1559.60134	1542.26732	1527.45038
2025-08-08T13:28:11Z	5859.00000	1559.61494	1542.27948	1527.45814
2025-08-08T13:28:12Z	5859.00000	1559.62550	1542.28932	1527.46409
2025-08-08T13:28:12Z	5859.00000	1559.63474	1542.29768	1527.46957
2025-08-08T13:28:12Z	5859.00000	1559.64498	1542.30799	1527.47510
2025-08-08T13:28:12Z	5859.00000	1559.65752	1542.31670	1527.48165
2025-08-08T13:28:12Z	5859.00000	1559.66635	1542.32638	1527.48658
2025-08-08T13:28:12Z	5860.00000	1559.67383	1542.33713	1527.49098
2025-08-08T13:28:12Z	5860.00000	1558.19775	1540.90129	1526.66679
2025-08-08T13:28:12Z	5860.00000	1557.75182	1540.49444	1526.42527
2025-08-08T13:28:12Z	5860.00000	1557.45753	1540.22379	1526.26191
2025-08-08T13:28:13Z	5860.00000	1557.26738	1540.04930	1526.15581
2025-08-08T13:28:13Z	5860.00000	1557.08732	1539.88314	1526.05968
2025-08-08T13:28:13Z	5860.00000	1556.91867	1539.72539	1525.96594
2025-08-08T13:28:13Z	5860.00000	1556.72957	1539.55075	1525.86350
2025-08-08T13:28:13Z	5860.00000	1556.54792	1539.38157	1525.76198
2025-08-08T13:28:13Z	5861.00000	1556.37153	1539.21949	1525.67163
2025-08-08T13:28:13Z	5861.00000	1556.22258	1539.08394	1525.59253
2025-08-08T13:28:13Z	5861.00000	1556.08541	1538.95679	1525.52073
2025-08-08T13:28:13Z	5861.00000	1555.94633	1538.82537	1525.44851
2025-08-08T13:28:13Z	5861.00000	1555.80964	1538.69768	1525.37221
2025-08-08T13:28:14Z	5861.00000	1555.63437	1538.53330	1525.28027
2025-08-08T13:28:14Z	5861.00000	1555.48698	1538.39732	1525.19924
2025-08-08T13:28:14Z	5861.00000	1555.36617	1538.28551	1525.13577
2025-08-08T13:28:14Z	5861.00000	1555.24371	1538.17420	1525.07138
2025-08-08T13:28:14Z	5861.00000	1555.23731	1538.16744	1525.06701
2025-08-08T13:28:14Z	5862.00000	1555.23361	1538.16380	1525.06495
2025-08-08T13:28:14Z	5862.00000	1555.23013	1538.16114	1525.06375
2025-08-08T13:28:14Z	5862.00000	1555.22704	1538.15833	1525.06203
2025-08-08T13:28:14Z	5862.00000	1555.22544	1538.15590	1525.06073
2025-08-08T13:28:15Z	5862.00000	1555.22375	1538.15350	1525.05936
2025-08-08T13:28:15Z	5862.00000	1555.22174	1538.15148	1525.05810
2025-08-08T13:28:15Z	5862.00000	1555.21993	1538.15009	1525.05700
2025-08-08T13:28:15Z	5862.00000	1555.21772	1538.14782	1525.05575
2025-08-08T13:28:15Z	5862.00000	1555.21640	1538.14657	1525.05490
2025-08-08T13:28:15Z	5863.00000	1555.21415	1538.14377	1525.05392
2025-08-08T13:28:15Z	5863.00000	1555.21312	1538.14208	1525.05321
2025-08-08T13:28:15Z	5863.00000	1555.21182	1538.14063	1525.05270
2025-08-08T13:28:16Z	5863.00000	1555.20979	1538.13877	1525.05122
2025-08-08T13:28:16Z	5863.00000	1555.20899	1538.13732	1525.05069
2025-08-08T13:28:16Z	5863.00000	1555.20723	1538.13533	1525.04942
2025-08-08T13:28:16Z	5863.00000	1555.20682	1538.13495	1525.04921
2025-08-08T13:28:16Z	5863.00000	1555.20506	1538.13335	1525.04793
2025-08-08T13:28:16Z	5864.00000	1555.20407	1538.13257	1525.04774
2025-08-08T13:28:16Z	5864.00000	1555.20299	1538.13198	1525.04705
2025-08-08T13:28:16Z	5864.00000	1555.20224	1538.13143	1525.04669
2025-08-08T13:28:16Z	5864.00000	1555.20192	1538.13062	1525.04603
2025-08-08T13:28:17Z	5864.00000	1555.20065	1538.12985	1525.04571
2025-08-08T13:28:17Z	5864.00000	1555.20010	1538.12907	1525.04512
2025-08-08T13:28:17Z	5864.00000	1555.19919	1538.12826	1525.04471
2025-08-08T13:28:17Z	5864.00000	1555.19843	1538.12761	1525.04425
2025-08-08T13:28:17Z	5864.00000	1555.19776	1538.12670	1525.04388
2025-08-08T13:28:17Z	5865.00000	1555.19704	1538.12622	1525.04357
2025-08-08T13:28:17Z	5865.00000	1555.19679	1538.12524	1525.04302
2025-08-08T13:28:17Z	5865.00000	1555.19630	1538.12469	1525.04289
2025-08-08T13:28:17Z	5865.00000	1555.19593	1538.12390	1525.04251
2025-08-08T13:28:18Z	5865.00000	1555.19530	1538.12339	1525.04233
2025-08-08T13:28:18Z	5865.00000	1555.19499	1538.12231	1525.04190
2025-08-08T13:28:18Z	5865.00000	1555.19448	1538.12217	1525.04161
2025-08-08T13:28:18Z	5865.00000	1555.19417	1538.12136	1525.04124
2025-08-08T13:28:18Z	5865.00000	1555.19361	1538.12098	1525.04083
2025-08-08T13:28:18Z	5866.00000	1555.19307	1538.12041	1525.04055
2025-08-08T13:28:18Z	5866.00000	1555.19273	1538.11977	1525.04052
2025-08-08T13:28:18Z	5866.00000	1555.19271	1538.11934	1525.04028
2025-08-08T13:28:18Z	5866.00000	1555.19211	1538.11866	1525.03982
2025-08-08T13:28:19Z	5866.00000	1555.19147	1538.11834	1525.03959
2025-08-08T13:28:19Z	5866.00000	1555.19104	1538.11786	1525.03937
2025-08-08T13:28:19Z	5866.00000	1555.19048	1538.11749	1525.03921
2025-08-08T13:28:19Z	5866.00000	1555.19023	1538.11734	1525.03914
2025-08-08T13:28:19Z	5866.00000	1555.18968	1538.11710	1525.03875
2025-08-08T13:28:19Z	5866.00000	1555.18932	1538.11668	1525.03856
2025-08-08T13:28:19Z	5867.00000	1555.18883	1538.11639	1525.03833
2025-08-08T13:28:19Z	5867.00000	1555.32417	1538.24495	1525.11431
2025-08-08T13:28:19Z	5867.00000	1555.63617	1538.53214	1525.28347
2025-08-08T13:28:19Z	5867.00000	1555.86954	1538.75223	1525.40709
2025-08-08T13:28:20Z	5867.00000	1556.13135	1538.99652	1525.54701
2025-08-08T13:28:20Z	5867.00000	1556.39426	1539.24061	1525.68895
2025-08-08T13:28:20Z	5867.00000	1556.60897	1539.44097	1525.80260
2025-08-08T13:28:20Z	5867.00000	1556.81868	1539.63597	1525.91633
2025-08-08T13:28:20Z	5867.00000	1557.04729	1539.85176	1526.04286
2025-08-08T13:28:20Z	5868.00000	1557.23959	1540.03268	1526.14503
2025-08-08T13:28:20Z	5868.00000	1557.48549	1540.26035	1526.27823
2025-08-08T13:28:20Z	5868.00000	1557.68781	1540.45154	1526.38967
2025-08-08T13:28:20Z	5868.00000	1557.88113	1540.63289	1526.49323
2025-08-08T13:28:21Z	5868.00000	1558.08946	1540.82975	1526.60884
2025-08-08T13:28:21Z	5868.00000	1558.26173	1540.99320	1526.70232
2025-08-08T13:28:21Z	5868.00000	1558.40321	1541.12738	1526.78178
2025-08-08T13:28:21Z	5868.00000	1558.53651	1541.25573	1526.85451
2025-08-08T13:28:21Z	5868.00000	1558.70166	1541.40878	1526.94548
2025-08-08T13:28:21Z	5869.00000	1558.81700	1541.51854	1527.00996
2025-08-08T13:28:21Z	5869.00000	1558.93547	1541.63555	1527.07487
2025-08-08T13:28:21Z	5869.00000	1559.02864	1541.72166	1527.12582
2025-08-08T13:28:21Z	5869.00000	1559.10999	1541.80278	1527.17328
2025-08-08T13:28:22Z	5869.00000	1559.21146	1541.89719	1527.22913
2025-08-08T13:28:22Z	5869.00000	1559.27654	1541.95762	1527.26555
2025-08-08T13:28:22Z	5869.00000	1559.35520	1542.03407	1527.30955
2025-08-08T13:28:22Z	5869.00000	1559.40341	1542.07964	1527.33850
2025-08-08T13:28:22Z	5869.00000	1559.45327	1542.12669	1527.36737
2025-08-08T13:28:22Z	5869.00000	1559.49159	1542.16589	1527.38830
2025-08-08T13:28:22Z	5870.00000	1559.52928	1542.20051	1527.40896
2025-08-08T13:28:22Z	5870.00000	1559.56175	1542.22914	1527.42712
2025-08-08T13:28:22Z	5870.00000	1559.58883	1542.25638	1527.44227
2025-08-08T13:28:23Z	5870.00000	1559.61610	1542.28087	1527.45798
2025-08-08T13:28:23Z	5870.00000	1559.63301	1542.29703	1527.46782
2025-08-08T13:28:23Z	5870.00000	1559.64815	1542.31102	1527.47593
2025-08-08T13:28:23Z	5870.00000	1559.66598	1542.32512	1527.48525
2025-08-08T13:28:23Z	5870.00000	1559.68140	1542.34325	1527.49447
2025-08-08T13:28:23Z	5870.00000	1559.69238	1542.35467	1527.50076
2025-08-08T13:28:23Z	5871.00000	1559.70249	1542.36177	1527.50684
2025-08-08T13:28:23Z	5871.00000	1559.71246	1542.37257	1527.51227
2025-08-08T13:28:23Z	5871.00000	1559.72207	1542.38072	1527.51834
2025-08-08T13:28:23Z	5871.00000	1559.73079	1542.38935	1527.52368
2025-08-08T13:28:24Z	5871.00000	1559.73780	1542.39599	1527.52805
2025-08-08T13:28:24Z	5871.00000	1559.74591	1542.40281	1527.53226
2025-08-08T13:28:24Z	5871.00000	1559.75165	1542.40833	1527.53584
2025-08-08T13:28:24Z	5871.00000	1559.75704	1542.41400	1527.53913
2025-08-08T13:28:24Z	5871.00000	1559.76352	1542.41906	1527.54318
2025-08-08T13:28:24Z	5872.00000	1559.77012	1542.42462	1527.54622
2025-08-08T13:28:24Z	5872.00000	1558.55194	1541.21760	1526.86392
2025-08-08T13:28:24Z	5872.00000	1557.91395	1540.64072	1526.51094
2025-08-08T13:28:24Z	5872.00000	1557.59819	1540.35261	1526.33640
2025-08-08T13:28:25Z	5872.00000	1557.37443	1540.14444	1526.21507
2025-08-08T13:28:25Z	5872.00000	1557.19622	1539.98189	1526.11644
2025-08-08T13:28:25Z	5872.00000	1556.99869	1539.79893	1526.01053
2025-08-08T13:28:25Z	5872.00000	1556.83389	1539.64654	1525.91900
2025-08-08T13:28:25Z	5872.00000	1556.67350	1539.49839	1525.83264
2025-08-08T13:28:25Z	5873.00000	1556.49646	1539.33532	1525.73481
2025-08-08T13:28:25Z	5873.00000	1556.34505	1539.19585	1525.65892
2025-08-08T13:28:25Z	5873.00000	1556.17854	1539.04213	1525.56958
2025-08-08T13:28:25Z	5873.00000	1556.01722	1538.89325	1525.48689
2025-08-08T13:28:26Z	5873.00000	1555.68097	1538.57758	1525.30631
2025-08-08T13:28:26Z	5873.00000	1555.51343	1538.42204	1525.21526
2025-08-08T13:28:26Z	5873.00000	1555.39138	1538.30969	1525.15006
2025-08-08T13:28:26Z	5873.00000	1555.26634	1538.19575	1525.08484
2025-08-08T13:28:26Z	5874.00000	1555.24978	1538.18010	1525.07501
2025-08-08T13:28:26Z	5874.00000	1555.24540	1538.17669	1525.07327
2025-08-08T13:28:26Z	5874.00000	1555.24192	1538.17328	1525.07130
2025-08-08T13:28:26Z	5874.00000	1555.23933	1538.17031	1525.06927
2025-08-08T13:28:26Z	5874.00000	1555.23711	1538.16815	1525.06777
2025-08-08T13:28:27Z	5874.00000	1555.23513	1538.16598	1525.06640
2025-08-08T13:28:27Z	5874.00000	1555.23207	1538.16301	1525.06503
2025-08-08T13:28:27Z	5874.00000	1555.22994	1538.16130	1525.06431
2025-08-08T13:28:27Z	5874.00000	1555.22792	1538.15932	1525.06333
2025-08-08T13:28:27Z	5874.00000	1555.22615	1538.15761	1525.06233
2025-08-08T13:28:27Z	5875.00000	1555.22488	1538.15596	1525.06119
2025-08-08T13:28:27Z	5875.00000	1555.22357	1538.15394	1525.06012
2025-08-08T13:28:27Z	5875.00000	1555.22214	1538.15289	1525.05911
2025-08-08T13:28:27Z	5875.00000	1555.22083	1538.15076	1525.05827
2025-08-08T13:28:28Z	5875.00000	1555.21956	1538.14950	1525.05721
2025-08-08T13:28:28Z	5875.00000	1555.21824	1538.14867	1525.05643
2025-08-08T13:28:28Z	5875.00000	1555.21706	1538.14786	1525.05588
2025-08-08T13:28:28Z	5875.00000	1555.21578	1538.14632	1525.05501
2025-08-08T13:28:28Z	5875.00000	1555.21430	1538.14346	1525.05426
2025-08-08T13:28:28Z	5876.00000	1555.21356	1538.14292	1525.05408
2025-08-08T13:28:28Z	5876.00000	1555.21196	1538.14106	1525.05323
2025-08-08T13:28:28Z	5876.00000	1555.21128	1538.14008	1525.05275
2025-08-08T13:28:28Z	5876.00000	1555.21037	1538.13961	1525.05239
2025-08-08T13:28:29Z	5876.00000	1555.20982	1538.13859	1525.05209
2025-08-08T13:28:29Z	5876.00000	1555.20910	1538.13789	1525.05149
2025-08-08T13:28:29Z	5876.00000	1555.20876	1538.13713	1525.05102
2025-08-08T13:28:29Z	5876.00000	1555.20790	1538.13647	1525.05038
2025-08-08T13:28:29Z	5876.00000	1555.20720	1538.13559	1525.04992
2025-08-08T13:28:29Z	5877.00000	1555.20656	1538.13456	1525.04943
2025-08-08T13:28:29Z	5877.00000	1555.20587	1538.13412	1525.04900
2025-08-08T13:28:29Z	5877.00000	1555.20481	1538.13370	1525.04838
2025-08-08T13:28:29Z	5877.00000	1555.20417	1538.13279	1525.04803
2025-08-08T13:28:30Z	5877.00000	1555.20321	1538.13228	1525.04739
2025-08-08T13:28:30Z	5877.00000	1555.20288	1538.13167	1525.04690
2025-08-08T13:28:30Z	5877.00000	1555.20211	1538.13099	1525.04681
2025-08-08T13:28:30Z	5877.00000	1555.20138	1538.13027	1525.04638
2025-08-08T13:28:30Z	5877.00000	1555.20112	1538.12984	1525.04593
2025-08-08T13:28:30Z	5878.00000	1555.20025	1538.12908	1525.04547
2025-08-08T13:28:30Z	5878.00000	1555.19968	1538.12874	1525.04510
2025-08-08T13:28:30Z	5878.00000	1555.19927	1538.12851	1525.04509
2025-08-08T13:28:30Z	5878.00000	1555.19853	1538.12789	1525.04467
2025-08-08T13:28:30Z	5878.00000	1555.19816	1538.12758	1525.04440
2025-08-08T13:28:31Z	5878.00000	1555.19767	1538.12639	1525.04400
2025-08-08T13:28:31Z	5878.00000	1555.19705	1538.12567	1525.04375
2025-08-08T13:28:31Z	5878.00000	1555.19662	1538.12518	1525.04343
2025-08-08T13:28:31Z	5878.00000	1555.19604	1538.12461	1525.04313
2025-08-08T13:28:31Z	5879.00000	1555.19580	1538.12402	1525.04280
2025-08-08T13:28:31Z	5879.00000	1555.19549	1538.12357	1525.04258
2025-08-08T13:28:31Z	5879.00000	1555.37313	1538.28948	1525.13876
2025-08-08T13:28:31Z	5879.00000	1555.60754	1538.50691	1525.26961
2025-08-08T13:28:31Z	5879.00000	1555.84417	1538.72848	1525.39461
2025-08-08T13:28:32Z	5879.00000	1556.14514	1539.00933	1525.55501
2025-08-08T13:28:32Z	5879.00000	1556.37248	1539.22098	1525.67817
2025-08-08T13:28:32Z	5879.00000	1556.58757	1539.42062	1525.79121
2025-08-08T13:28:32Z	5879.00000	1556.79663	1539.61745	1525.90589
2025-08-08T13:28:32Z	5879.00000	1556.99682	1539.80422	1526.01562
2025-08-08T13:28:32Z	5880.00000	1557.21801	1540.01325	1526.13350
2025-08-08T13:28:32Z	5880.00000	1557.40480	1540.18727	1526.23673
2025-08-08T13:28:32Z	5880.00000	1557.58176	1540.35403	1526.33141
2025-08-08T13:28:32Z	5880.00000	1557.80736	1540.56679	1526.45641
2025-08-08T13:28:33Z	5880.00000	1557.96890	1540.71977	1526.54280
2025-08-08T13:28:33Z	5880.00000	1558.12388	1540.86362	1526.62879
2025-08-08T13:28:33Z	5880.00000	1558.27442	1541.00659	1526.71026
2025-08-08T13:28:33Z	5880.00000	1558.41456	1541.14035	1526.78901
2025-08-08T13:28:33Z	5880.00000	1558.58886	1541.30478	1526.88348
2025-08-08T13:28:33Z	5880.00000	1558.72971	1541.43804	1526.96263
2025-08-08T13:28:33Z	5881.00000	1558.87961	1541.57942	1527.04434
2025-08-08T13:28:33Z	5881.00000	1559.00899	1541.70415	1527.11570
2025-08-08T13:28:33Z	5881.00000	1559.10571	1541.79947	1527.17187
2025-08-08T13:28:34Z	5881.00000	1559.20693	1541.89396	1527.22759
2025-08-08T13:28:34Z	5881.00000	1559.27440	1541.95684	1527.26564
2025-08-08T13:28:34Z	5881.00000	1559.34424	1542.02466	1527.30473
2025-08-08T13:28:34Z	5881.00000	1559.41015	1542.08819	1527.34419
2025-08-08T13:28:34Z	5881.00000	1559.46643	1542.14120	1527.37668
2025-08-08T13:28:34Z	5882.00000	1559.50975	1542.18402	1527.40017
2025-08-08T13:28:34Z	5882.00000	1559.55004	1542.22179	1527.42224
2025-08-08T13:28:34Z	5882.00000	1559.58373	1542.25218	1527.44108
2025-08-08T13:28:34Z	5882.00000	1559.61193	1542.27948	1527.45758
2025-08-08T13:28:35Z	5882.00000	1559.63077	1542.29712	1527.46830
2025-08-08T13:28:35Z	5882.00000	1559.64973	1542.31390	1527.47880
2025-08-08T13:28:35Z	5882.00000	1559.66712	1542.32800	1527.48753
2025-08-08T13:28:35Z	5882.00000	1559.68558	1542.34825	1527.49821
2025-08-08T13:28:35Z	5882.00000	1559.69736	1542.36034	1527.50600
2025-08-08T13:28:35Z	5883.00000	1559.70784	1542.37081	1527.51211
2025-08-08T13:28:35Z	5883.00000	1559.71705	1542.37784	1527.51753
2025-08-08T13:28:35Z	5883.00000	1559.72667	1542.38687	1527.52287
2025-08-08T13:28:35Z	5883.00000	1559.73368	1542.39363	1527.52749
2025-08-08T13:28:36Z	5883.00000	1559.74277	1542.40179	1527.53273
2025-08-08T13:28:36Z	5883.00000	1559.75102	1542.40996	1527.53734
2025-08-08T13:28:36Z	5883.00000	1559.75875	1542.41664	1527.54235
2025-08-08T13:28:36Z	5883.00000	1559.76629	1542.42351	1527.54635
2025-08-08T13:28:36Z	5884.00000	1559.77235	1542.42996	1527.54999
2025-08-08T13:28:36Z	5884.00000	1559.67660	1542.26279	1527.50116
2025-08-08T13:28:36Z	5884.00000	1558.18441	1540.88890	1526.66119
2025-08-08T13:28:36Z	5884.00000	1557.85032	1540.58284	1526.47626
2025-08-08T13:28:36Z	5884.00000	1557.55850	1540.31410	1526.31461
2025-08-08T13:28:37Z	5884.00000	1557.36726	1540.13766	1526.21177
2025-08-08T13:28:37Z	5884.00000	1557.18980	1539.97729	1526.11343
2025-08-08T13:28:37Z	5884.00000	1557.02020	1539.82005	1526.02297
2025-08-08T13:28:37Z	5884.00000	1556.82994	1539.64385	1525.91747
2025-08-08T13:28:37Z	5884.00000	1556.66882	1539.49429	1525.83029
2025-08-08T13:28:37Z	5885.00000	1556.46125	1539.30395	1525.71749
2025-08-08T13:28:37Z	5885.00000	1556.26400	1539.12352	1525.61655
2025-08-08T13:28:37Z	5885.00000	1556.10014	1538.97187	1525.53005
2025-08-08T13:28:37Z	5885.00000	1555.95962	1538.83742	1525.45665
2025-08-08T13:28:38Z	5885.00000	1555.75757	1538.64921	1525.34687
2025-08-08T13:28:38Z	5885.00000	1555.60788	1538.50989	1525.26863
2025-08-08T13:28:38Z	5885.00000	1555.48440	1538.39606	1525.19916
2025-08-08T13:28:38Z	5885.00000	1555.31969	1538.24517	1525.11301
2025-08-08T13:28:38Z	5885.00000	1555.25653	1538.18760	1525.07924
2025-08-08T13:28:38Z	5886.00000	1555.25207	1538.18222	1525.07677
2025-08-08T13:28:38Z	5886.00000	1555.24784	1538.17866	1525.07480
2025-08-08T13:28:38Z	5886.00000	1555.24448	1538.17587	1525.07310
2025-08-08T13:28:38Z	5886.00000	1555.24178	1538.17298	1525.07138
2025-08-08T13:28:39Z	5886.00000	1555.23970	1538.17084	1525.06985
2025-08-08T13:28:39Z	5886.00000	1555.23735	1538.16811	1525.06816
2025-08-08T13:28:39Z	5886.00000	1555.23543	1538.16640	1525.06683
2025-08-08T13:28:39Z	5886.00000	1555.23230	1538.16359	1525.06550
2025-08-08T13:28:39Z	5886.00000	1555.22973	1538.16132	1525.06445
2025-08-08T13:28:39Z	5887.00000	1555.22834	1538.16009	1525.06390
2025-08-08T13:28:39Z	5887.00000	1555.22685	1538.15835	1525.06302
2025-08-08T13:28:39Z	5887.00000	1555.22551	1538.15660	1525.06190
2025-08-08T13:28:39Z	5887.00000	1555.22492	1538.15548	1525.06123
2025-08-08T13:28:40Z	5887.00000	1555.22345	1538.15398	1525.06036
2025-08-08T13:28:40Z	5887.00000	1555.22248	1538.15305	1525.05951
2025-08-08T13:28:40Z	5887.00000	1555.22141	1538.15173	1525.05874
2025-08-08T13:28:40Z	5887.00000	1555.21993	1538.15031	1525.05796
2025-08-08T13:28:40Z	5887.00000	1555.21907	1538.14945	1525.05712
2025-08-08T13:28:40Z	5888.00000	1555.21693	1538.14732	1525.05601
2025-08-08T13:28:40Z	5888.00000	1555.21563	1538.14641	1525.05530
2025-08-08T13:28:40Z	5888.00000	1555.21428	1538.14515	1525.05472
2025-08-08T13:28:41Z	5888.00000	1555.21368	1538.14327	1525.05402
2025-08-08T13:28:41Z	5888.00000	1555.21295	1538.14211	1525.05392
2025-08-08T13:28:41Z	5888.00000	1555.21191	1538.14096	1525.05316
2025-08-08T13:28:41Z	5888.00000	1555.21086	1538.14025	1525.05292
2025-08-08T13:28:41Z	5888.00000	1555.21040	1538.13961	1525.05247
2025-08-08T13:28:41Z	5889.00000	1555.20937	1538.13890	1525.05201
2025-08-08T13:28:41Z	5889.00000	1555.20874	1538.13812	1525.05151
2025-08-08T13:28:41Z	5889.00000	1555.20846	1538.13746	1525.05126
2025-08-08T13:28:41Z	5889.00000	1555.20793	1538.13639	1525.05069
2025-08-08T13:28:42Z	5889.00000	1555.20746	1538.13606	1525.05019
2025-08-08T13:28:42Z	5889.00000	1555.20656	1538.13474	1525.04965
2025-08-08T13:28:42Z	5889.00000	1555.20587	1538.13440	1525.04916
2025-08-08T13:28:42Z	5889.00000	1555.20518	1538.13369	1525.04882
2025-08-08T13:28:42Z	5889.00000	1555.20448	1538.13317	1525.04836
2025-08-08T13:28:42Z	5890.00000	1555.20353	1538.13278	1525.04778
2025-08-08T13:28:42Z	5890.00000	1555.20310	1538.13186	1525.04748
2025-08-08T13:28:42Z	5890.00000	1555.20261	1538.13158	1525.04729
2025-08-08T13:28:42Z	5890.00000	1555.20173	1538.13079	1525.04666
2025-08-08T13:28:43Z	5890.00000	1555.20102	1538.13047	1525.04628
2025-08-08T13:28:43Z	5890.00000	1555.20071	1538.12998	1525.04608
2025-08-08T13:28:43Z	5890.00000	1555.19991	1538.12946	1525.04575
2025-08-08T13:28:43Z	5890.00000	1555.19964	1538.12928	1525.04540
2025-08-08T13:28:43Z	5890.00000	1555.19912	1538.12865	1525.04512
2025-08-08T13:28:43Z	5890.00000	1555.19868	1538.12834	1525.04484
2025-08-08T13:28:43Z	5891.00000	1555.19819	1538.12741	1525.04459
2025-08-08T13:28:43Z	5891.00000	1555.19773	1538.12670	1525.04425
2025-08-08T13:28:43Z	5891.00000	1555.51389	1538.41958	1525.21565
2025-08-08T13:28:43Z	5891.00000	1555.75455	1538.64352	1525.34553
2025-08-08T13:28:44Z	5891.00000	1556.01988	1538.89355	1525.49084
2025-08-08T13:28:44Z	5891.00000	1556.25495	1539.11417	1525.61610
2025-08-08T13:28:44Z	5891.00000	1556.54942	1539.38473	1525.76967
2025-08-08T13:28:44Z	5891.00000	1556.79033	1539.61174	1525.90270
2025-08-08T13:28:44Z	5891.00000	1556.99513	1539.80324	1526.01521
2025-08-08T13:28:44Z	5892.00000	1557.21781	1540.01352	1526.13397
2025-08-08T13:28:44Z	5892.00000	1557.40858	1540.19104	1526.23944
2025-08-08T13:28:44Z	5892.00000	1557.61146	1540.38209	1526.34843
2025-08-08T13:28:44Z	5892.00000	1557.77942	1540.54117	1526.44224
2025-08-08T13:28:45Z	5892.00000	1557.93961	1540.68953	1526.52651
2025-08-08T13:28:45Z	5892.00000	1558.09488	1540.83646	1526.61341
2025-08-08T13:28:45Z	5892.00000	1558.27250	1541.00527	1526.70987
2025-08-08T13:28:45Z	5892.00000	1558.41345	1541.13937	1526.78882
2025-08-08T13:28:45Z	5892.00000	1558.56799	1541.28531	1526.87223
2025-08-08T13:28:45Z	5892.00000	1558.69067	1541.39947	1526.94040
2025-08-08T13:28:45Z	5893.00000	1558.82558	1541.52770	1527.01575
2025-08-08T13:28:45Z	5893.00000	1558.96200	1541.66171	1527.09068
2025-08-08T13:28:45Z	5893.00000	1559.05185	1541.74619	1527.14129
2025-08-08T13:28:45Z	5893.00000	1559.14379	1541.83627	1527.19379
2025-08-08T13:28:46Z	5893.00000	1559.24239	1541.92728	1527.24801
2025-08-08T13:28:46Z	5893.00000	1559.30602	1541.99233	1527.28422
2025-08-08T13:28:46Z	5893.00000	1559.36513	1542.04561	1527.31722
2025-08-08T13:28:46Z	5893.00000	1559.41582	1542.09260	1527.34777
2025-08-08T13:28:46Z	5893.00000	1559.46333	1542.13800	1527.37542
2025-08-08T13:28:46Z	5894.00000	1559.50125	1542.17549	1527.39582
2025-08-08T13:28:46Z	5894.00000	1559.53774	1542.20954	1527.41667
2025-08-08T13:28:46Z	5894.00000	1559.57441	1542.24422	1527.43683
2025-08-08T13:28:46Z	5894.00000	1559.60138	1542.27023	1527.45210
2025-08-08T13:28:47Z	5894.00000	1559.62246	1542.28922	1527.46416
2025-08-08T13:28:47Z	5894.00000	1559.63997	1542.30457	1527.47415
2025-08-08T13:28:47Z	5894.00000	1559.66041	1542.32161	1527.48474
2025-08-08T13:28:47Z	5894.00000	1559.67405	1542.34015	1527.49302
2025-08-08T13:28:47Z	5894.00000	1559.69035	1542.35577	1527.50214
2025-08-08T13:28:47Z	5895.00000	1559.70113	1542.36348	1527.50841
2025-08-08T13:28:47Z	5895.00000	1559.71261	1542.37588	1527.51559
2025-08-08T13:28:47Z	5895.00000	1559.72185	1542.38314	1527.52090
2025-08-08T13:28:47Z	5895.00000	1559.73036	1542.39150	1527.52591
2025-08-08T13:28:47Z	5895.00000	1559.73730	1542.39849	1527.53050
2025-08-08T13:28:48Z	5895.00000	1559.74503	1542.40405	1527.53453
2025-08-08T13:28:48Z	5895.00000	1559.75123	1542.41111	1527.53816
2025-08-08T13:28:48Z	5895.00000	1559.75725	1542.41626	1527.54212
2025-08-08T13:28:48Z	5895.00000	1559.76340	1542.42169	1527.54535
2025-08-08T13:28:48Z	5895.00000	1559.76921	1542.42779	1527.54854
2025-08-08T13:28:48Z	5896.00000	1559.77488	1542.43295	1527.55244
2025-08-08T13:28:48Z	5896.00000	1559.78010	1542.43659	1527.55529
2025-08-08T13:28:48Z	5896.00000	1558.36437	1541.04970	1526.76059
2025-08-08T13:28:48Z	5896.00000	1557.94911	1540.67225	1526.53047
2025-08-08T13:28:48Z	5896.00000	1557.70110	1540.44582	1526.39529
2025-08-08T13:28:49Z	5896.00000	1557.43556	1540.20253	1526.24940
2025-08-08T13:28:49Z	5896.00000	1557.25252	1540.03505	1526.14762
2025-08-08T13:28:49Z	5896.00000	1557.07955	1539.87545	1526.05599
2025-08-08T13:28:49Z	5896.00000	1556.88669	1539.69583	1525.94819
2025-08-08T13:28:49Z	5896.00000	1556.72491	1539.54605	1525.86152
2025-08-08T13:28:49Z	5897.00000	1556.56570	1539.39861	1525.77289
2025-08-08T13:28:49Z	5897.00000	1556.41589	1539.26334	1525.69515
2025-08-08T13:28:49Z	5897.00000	1556.24285	1539.10431	1525.60506
2025-08-08T13:28:49Z	5897.00000	1556.10395	1538.97495	1525.53189
2025-08-08T13:28:49Z	5897.00000	1555.97016	1538.84769	1525.46258
2025-08-08T13:28:50Z	5897.00000	1555.83423	1538.72227	1525.38741
2025-08-08T13:28:50Z	5897.00000	1555.67967	1538.57651	1525.30591
2025-08-08T13:28:50Z	5897.00000	1555.55385	1538.45915	1525.23877
2025-08-08T13:28:50Z	5897.00000	1555.43086	1538.34813	1525.17152
2025-08-08T13:28:50Z	5897.00000	1555.26578	1538.19593	1525.08515
2025-08-08T13:28:50Z	5898.00000	1555.25647	1538.18752	1525.07951
2025-08-08T13:28:50Z	5898.00000	1555.25210	1538.18240	1525.07675
2025-08-08T13:28:50Z	5898.00000	1555.24796	1538.17925	1525.07508
2025-08-08T13:28:50Z	5898.00000	1555.24489	1538.17617	1525.07341
2025-08-08T13:28:51Z	5898.00000	1555.24189	1538.17349	1525.07158
2025-08-08T13:28:51Z	5898.00000	1555.23984	1538.17080	1525.06990
2025-08-08T13:28:51Z	5898.00000	1555.23795	1538.16924	1525.06863
2025-08-08T13:28:51Z	5898.00000	1555.23640	1538.16708	1525.06762
2025-08-08T13:28:51Z	5898.00000	1555.23429	1538.16514	1525.06659
2025-08-08T13:28:51Z	5898.00000	1555.23268	1538.16357	1525.06557
2025-08-08T13:28:51Z	5899.00000	1555.23076	1538.16212	1525.06482
2025-08-08T13:28:51Z	5899.00000	1555.22920	1538.16076	1525.06407
2025-08-08T13:28:51Z	5899.00000	1555.22752	1538.15913	1525.06365
2025-08-08T13:28:51Z	5899.00000	1555.22629	1538.15761	1525.06263
2025-08-08T13:28:52Z	5899.00000	1555.22514	1538.15640	1525.06181
2025-08-08T13:28:52Z	5899.00000	1555.22415	1538.15498	1525.06085
2025-08-08T13:28:52Z	5899.00000	1555.22318	1538.15394	1525.06009
2025-08-08T13:28:52Z	5899.00000	1555.22250	1538.15269	1525.05947
2025-08-08T13:28:52Z	5899.00000	1555.22123	1538.15187	1525.05878
2025-08-08T13:28:52Z	5900.00000	1555.22003	1538.15048	1525.05774
2025-08-08T13:28:52Z	5900.00000	1555.21898	1538.14962	1525.05719
2025-08-08T13:28:52Z	5900.00000	1555.21825	1538.14870	1525.05665
2025-08-08T13:28:52Z	5900.00000	1555.21715	1538.14768	1525.05590
2025-08-08T13:28:52Z	5900.00000	1555.21611	1538.14674	1525.05541
2025-08-08T13:28:53Z	5900.00000	1555.21504	1538.14577	1525.05505
2025-08-08T13:28:53Z	5900.00000	1555.21419	1538.14510	1525.05470
2025-08-08T13:28:53Z	5900.00000	1555.21351	1538.14318	1525.05422
2025-08-08T13:28:53Z	5900.00000	1555.21275	1538.14183	1525.05375
2025-08-08T13:28:53Z	5900.00000	1555.21179	1538.14060	1525.05330
2025-08-08T13:28:53Z	5901.00000	1555.21102	1538.14023	1525.05286
2025-08-08T13:28:53Z	5901.00000	1555.21034	1538.13957	1525.05277
2025-08-08T13:28:53Z	5901.00000	1555.20978	1538.13921	1525.05226
2025-08-08T13:28:53Z	5901.00000	1555.20942	1538.13840	1525.05204
2025-08-08T13:28:54Z	5901.00000	1555.20873	1538.13739	1525.05150
2025-08-08T13:28:54Z	5901.00000	1555.20840	1538.13725	1525.05101
2025-08-08T13:28:54Z	5901.00000	1555.20784	1538.13652	1525.05053
2025-08-08T13:28:54Z	5901.00000	1555.20717	1538.13560	1525.05012
2025-08-08T13:28:54Z	5901.00000	1555.20670	1538.13494	1525.04976
2025-08-08T13:28:54Z	5902.00000	1555.20609	1538.13424	1525.04930
2025-08-08T13:28:54Z	5902.00000	1555.20515	1538.13373	1525.04894
2025-08-08T13:28:54Z	5902.00000	1555.20462	1538.13340	1525.04836
2025-08-08T13:28:54Z	5902.00000	1555.20351	1538.13273	1525.04805
2025-08-08T13:28:55Z	5902.00000	1555.20309	1538.13230	1525.04769
2025-08-08T13:28:55Z	5902.00000	1555.20248	1538.13171	1525.04724
2025-08-08T13:28:55Z	5902.00000	1555.20234	1538.13146	1525.04706
2025-08-08T13:28:55Z	5902.00000	1555.20156	1538.13075	1525.04630
2025-08-08T13:28:55Z	5902.00000	1555.20115	1538.13017	1525.04628
2025-08-08T13:28:55Z	5903.00000	1555.20049	1538.12990	1525.04605
2025-08-08T13:28:55Z	5903.00000	1555.23522	1538.16321	1525.06416
2025-08-08T13:28:55Z	5903.00000	1555.54448	1538.44712	1525.23115
2025-08-08T13:28:55Z	5903.00000	1555.82320	1538.70929	1525.38354
2025-08-08T13:28:55Z	5903.00000	1556.08535	1538.95623	1525.52542
2025-08-08T13:28:56Z	5903.00000	1556.31461	1539.16759	1525.64831
2025-08-08T13:28:56Z	5903.00000	1556.57837	1539.41206	1525.78620
2025-08-08T13:28:56Z	5903.00000	1556.82220	1539.64062	1525.91923
2025-08-08T13:28:56Z	5903.00000	1557.05178	1539.85776	1526.04692
2025-08-08T13:28:56Z	5903.00000	1557.27609	1540.06841	1526.16654
2025-08-08T13:28:56Z	5904.00000	1557.45985	1540.23983	1526.26745
2025-08-08T13:28:56Z	5904.00000	1557.63403	1540.40412	1526.36174
2025-08-08T13:28:56Z	5904.00000	1557.80514	1540.56588	1526.45602
2025-08-08T13:28:56Z	5904.00000	1557.96545	1540.71692	1526.54176
2025-08-08T13:28:57Z	5904.00000	1558.11939	1540.86003	1526.62785
2025-08-08T13:28:57Z	5904.00000	1558.27173	1541.00485	1526.71023
2025-08-08T13:28:57Z	5904.00000	1558.45500	1541.17925	1526.81274
2025-08-08T13:28:57Z	5904.00000	1558.58601	1541.30309	1526.88294
2025-08-08T13:28:57Z	5904.00000	1558.73038	1541.43993	1526.96425
2025-08-08T13:28:57Z	5904.00000	1558.84875	1541.55065	1527.02908
2025-08-08T13:28:57Z	5905.00000	1558.98578	1541.68351	1527.10411
2025-08-08T13:28:57Z	5905.00000	1559.08644	1541.77895	1527.16231
2025-08-08T13:28:57Z	5905.00000	1559.16719	1541.85760	1527.20724
2025-08-08T13:28:57Z	5905.00000	1559.24072	1541.92651	1527.24840
2025-08-08T13:28:58Z	5905.00000	1559.31521	1542.00010	1527.29091
2025-08-08T13:28:58Z	5905.00000	1559.37295	1542.05373	1527.32413
2025-08-08T13:28:58Z	5905.00000	1559.42112	1542.09852	1527.35192
2025-08-08T13:28:58Z	5905.00000	1559.46957	1542.14489	1527.37976
2025-08-08T13:28:58Z	5905.00000	1559.50725	1542.18263	1527.40016
2025-08-08T13:28:58Z	5906.00000	1559.53963	1542.21209	1527.41820
2025-08-08T13:28:58Z	5906.00000	1559.57667	1542.24672	1527.43944
2025-08-08T13:28:58Z	5906.00000	1559.62140	1542.28966	1527.46457
2025-08-08T13:28:59Z	5906.00000	1559.64289	1542.31002	1527.47658
2025-08-08T13:28:59Z	5906.00000	1559.66372	1542.32718	1527.48744
2025-08-08T13:28:59Z	5906.00000	1559.67746	1542.34375	1527.49587
2025-08-08T13:28:59Z	5906.00000	1559.68973	1542.35645	1527.50296
2025-08-08T13:28:59Z	5906.00000	1559.70268	1542.36717	1527.51069
2025-08-08T13:28:59Z	5906.00000	1559.71356	1542.37728	1527.51732
2025-08-08T13:28:59Z	5907.00000	1559.72436	1542.38713	1527.52366
2025-08-08T13:28:59Z	5907.00000	1559.73262	1542.39471	1527.52858
2025-08-08T13:28:59Z	5907.00000	1559.74119	1542.40256	1527.53335
2025-08-08T13:28:59Z	5907.00000	1559.74888	1542.41018	1527.53778
2025-08-08T13:29:00Z	5907.00000	1559.75536	1542.41554	1527.54188
2025-08-08T13:29:00Z	5907.00000	1559.76109	1542.42026	1527.54491
2025-08-08T13:29:00Z	5907.00000	1559.76681	1542.42631	1527.54804
2025-08-08T13:29:00Z	5907.00000	1559.77327	1542.43263	1527.55239
2025-08-08T13:29:00Z	5907.00000	1559.77844	1542.43576	1527.55535
2025-08-08T13:29:00Z	5908.00000	1559.78401	1542.44121	1527.55805
2025-08-08T13:29:00Z	5908.00000	1558.38251	1541.06913	1526.77159
2025-08-08T13:29:00Z	5908.00000	1557.91223	1540.63915	1526.51017
2025-08-08T13:29:00Z	5908.00000	1557.67738	1540.42438	1526.38186
2025-08-08T13:29:00Z	5908.00000	1557.44555	1540.21226	1526.25522
2025-08-08T13:29:01Z	5908.00000	1557.25927	1540.04126	1526.15182
2025-08-08T13:29:01Z	5908.00000	1557.08664	1539.88232	1526.05990
2025-08-08T13:29:01Z	5908.00000	1556.86328	1539.67502	1525.93570
2025-08-08T13:29:01Z	5908.00000	1556.70159	1539.52523	1525.84936
2025-08-08T13:29:01Z	5908.00000	1556.52171	1539.35818	1525.74910
2025-08-08T13:29:01Z	5909.00000	1556.37284	1539.22191	1525.67405
2025-08-08T13:29:01Z	5909.00000	1556.22629	1539.08866	1525.59650
2025-08-08T13:29:01Z	5909.00000	1556.06473	1538.93884	1525.51185
2025-08-08T13:29:01Z	5909.00000	1555.88061	1538.76588	1525.41397
2025-08-08T13:29:02Z	5909.00000	1555.74820	1538.64094	1525.34219
2025-08-08T13:29:02Z	5909.00000	1555.61909	1538.52022	1525.27455
2025-08-08T13:29:02Z	5909.00000	1555.45289	1538.36741	1525.18284
2025-08-08T13:29:02Z	5909.00000	1555.32778	1538.25176	1525.11782
2025-08-08T13:29:02Z	5909.00000	1555.26012	1538.19134	1525.08225
2025-08-08T13:29:02Z	5910.00000	1555.25398	1538.18489	1525.07823
2025-08-08T13:29:02Z	5910.00000	1555.25038	1538.18136	1525.07630
2025-08-08T13:29:02Z	5910.00000	1555.24712	1538.17840	1525.07493
2025-08-08T13:29:02Z	5910.00000	1555.24326	1538.17537	1525.07266
2025-08-08T13:29:02Z	5910.00000	1555.24122	1538.17345	1525.07143
2025-08-08T13:29:03Z	5910.00000	1555.23947	1538.17068	1525.06991
2025-08-08T13:29:03Z	5910.00000	1555.23744	1538.16829	1525.06897
2025-08-08T13:29:03Z	5910.00000	1555.23556	1538.16686	1525.06737
2025-08-08T13:29:03Z	5910.00000	1555.23387	1538.16502	1525.06620
2025-08-08T13:29:03Z	5911.00000	1555.23172	1538.16315	1525.06537
2025-08-08T13:29:03Z	5911.00000	1555.22992	1538.16157	1525.06461
2025-08-08T13:29:03Z	5911.00000	1555.22863	1538.16021	1525.06405
2025-08-08T13:29:03Z	5911.00000	1555.22699	1538.15852	1525.06342
2025-08-08T13:29:03Z	5911.00000	1555.22604	1538.15717	1525.06252
2025-08-08T13:29:04Z	5911.00000	1555.22519	1538.15614	1525.06173
2025-08-08T13:29:04Z	5911.00000	1555.22432	1538.15478	1525.06115
2025-08-08T13:29:04Z	5911.00000	1555.22313	1538.15397	1525.06034
2025-08-08T13:29:04Z	5911.00000	1555.22142	1538.15208	1525.05893
2025-08-08T13:29:04Z	5911.00000	1555.22099	1538.15124	1525.05864
2025-08-08T13:29:04Z	5912.00000	1555.21950	1538.15028	1525.05778
2025-08-08T13:29:04Z	5912.00000	1555.21853	1538.14909	1525.05699
2025-08-08T13:29:04Z	5912.00000	1555.21780	1538.14885	1525.05644
2025-08-08T13:29:04Z	5912.00000	1555.21673	1538.14759	1525.05586
2025-08-08T13:29:05Z	5912.00000	1555.21575	1538.14670	1525.05566
2025-08-08T13:29:05Z	5912.00000	1555.21475	1538.14563	1525.05511
2025-08-08T13:29:05Z	5912.00000	1555.21416	1538.14334	1525.05470
2025-08-08T13:29:05Z	5912.00000	1555.21343	1538.14311	1525.05423
2025-08-08T13:29:05Z	5912.00000	1555.21276	1538.14203	1525.05388
2025-08-08T13:29:05Z	5913.00000	1555.21196	1538.14119	1525.05352
2025-08-08T13:29:05Z	5913.00000	1555.21126	1538.14021	1525.05309
2025-08-08T13:29:05Z	5913.00000	1555.21064	1538.14004	1525.05290
2025-08-08T13:29:05Z	5913.00000	1555.20986	1538.13907	1525.05235
2025-08-08T13:29:06Z	5913.00000	1555.20938	1538.13858	1525.05182
2025-08-08T13:29:06Z	5913.00000	1555.20884	1538.13761	1525.05160
2025-08-08T13:29:06Z	5913.00000	1555.20854	1538.13730	1525.05114
2025-08-08T13:29:06Z	5913.00000	1555.20801	1538.13648	1525.05075
2025-08-08T13:29:06Z	5913.00000	1555.20733	1538.13577	1525.05031
2025-08-08T13:29:06Z	5914.00000	1555.20694	1538.13530	1525.04998
2025-08-08T13:29:06Z	5914.00000	1555.20637	1538.13470	1525.04968
2025-08-08T13:29:06Z	5914.00000	1555.20580	1538.13427	1525.04919
2025-08-08T13:29:06Z	5914.00000	1555.20512	1538.13375	1525.04871
2025-08-08T13:29:06Z	5914.00000	1555.20462	1538.13301	1525.04847
2025-08-08T13:29:07Z	5914.00000	1555.20388	1538.13267	1525.04802
2025-08-08T13:29:07Z	5914.00000	1555.20317	1538.13219	1525.04773
2025-08-08T13:29:07Z	5914.00000	1555.20264	1538.13195	1525.04735
2025-08-08T13:29:07Z	5914.00000	1555.20240	1538.13146	1525.04719
2025-08-08T13:29:07Z	5914.00000	1555.20206	1538.13101	1525.04688
2025-08-08T13:29:07Z	5915.00000	1555.37016	1538.28866	1525.14024
2025-08-08T13:29:07Z	5915.00000	1555.60386	1538.50300	1525.26727
2025-08-08T13:29:07Z	5915.00000	1555.91483	1538.79455	1525.43426
2025-08-08T13:29:08Z	5915.00000	1556.18150	1539.04399	1525.57571
2025-08-08T13:29:08Z	5915.00000	1556.44164	1539.28772	1525.71369
2025-08-08T13:29:08Z	5915.00000	1556.65593	1539.48528	1525.82984
2025-08-08T13:29:08Z	5915.00000	1556.89735	1539.71095	1525.96062
2025-08-08T13:29:08Z	5915.00000	1557.12754	1539.92854	1526.08744
2025-08-08T13:29:08Z	5916.00000	1557.31850	1540.10538	1526.18978
2025-08-08T13:29:08Z	5916.00000	1557.50123	1540.27735	1526.28833
2025-08-08T13:29:08Z	5916.00000	1557.67312	1540.43969	1526.38342
2025-08-08T13:29:08Z	5916.00000	1557.86568	1540.62108	1526.48731
2025-08-08T13:29:08Z	5916.00000	1558.02673	1540.77276	1526.57564
2025-08-08T13:29:09Z	5916.00000	1558.20278	1540.93947	1526.67192
2025-08-08T13:29:09Z	5916.00000	1558.34628	1541.07659	1526.75180
2025-08-08T13:29:09Z	5916.00000	1558.48235	1541.20313	1526.82677
2025-08-08T13:29:09Z	5916.00000	1558.61441	1541.33068	1526.89838
2025-08-08T13:29:09Z	5916.00000	1558.73691	1541.44669	1526.96759
2025-08-08T13:29:09Z	5917.00000	1558.86820	1541.56866	1527.03936
2025-08-08T13:29:09Z	5917.00000	1558.98664	1541.68407	1527.10401
2025-08-08T13:29:09Z	5917.00000	1559.08525	1541.77760	1527.16142
2025-08-08T13:29:09Z	5917.00000	1559.17806	1541.86684	1527.21312
2025-08-08T13:29:10Z	5917.00000	1559.25023	1541.93558	1527.25320
2025-08-08T13:29:10Z	5917.00000	1559.31326	1541.99899	1527.28931
2025-08-08T13:29:10Z	5917.00000	1559.36968	1542.05083	1527.32163
2025-08-08T13:29:10Z	5917.00000	1559.41677	1542.09454	1527.34957
2025-08-08T13:29:10Z	5917.00000	1559.45835	1542.13361	1527.37354
2025-08-08T13:29:10Z	5917.00000	1559.51427	1542.18917	1527.40416
2025-08-08T13:29:10Z	5918.00000	1559.54466	1542.21785	1527.42080
2025-08-08T13:29:10Z	5918.00000	1559.57900	1542.25018	1527.44070
2025-08-08T13:29:10Z	5918.00000	1559.60606	1542.27610	1527.45585
2025-08-08T13:29:10Z	5918.00000	1559.62917	1542.29746	1527.46882
2025-08-08T13:29:11Z	5918.00000	1559.64680	1542.31419	1527.47890
2025-08-08T13:29:11Z	5918.00000	1559.66700	1542.33078	1527.48939
2025-08-08T13:29:11Z	5918.00000	1559.68084	1542.34690	1527.49760
2025-08-08T13:29:11Z	5918.00000	1559.69242	1542.35901	1527.50478
2025-08-08T13:29:11Z	5918.00000	1559.70541	1542.37092	1527.51251
2025-08-08T13:29:11Z	5919.00000	1559.71723	1542.38056	1527.51967
2025-08-08T13:29:11Z	5919.00000	1559.72772	1542.39098	1527.52546
2025-08-08T13:29:11Z	5919.00000	1559.73537	1542.39738	1527.53048
2025-08-08T13:29:11Z	5919.00000	1559.74413	1542.40463	1527.53503
2025-08-08T13:29:12Z	5919.00000	1559.75181	1542.41309	1527.53977
2025-08-08T13:29:12Z	5919.00000	1559.76367	1542.42300	1527.54654
2025-08-08T13:29:12Z	5919.00000	1559.76950	1542.42999	1527.55044
2025-08-08T13:29:12Z	5919.00000	1559.77591	1542.43458	1527.55417
2025-08-08T13:29:12Z	5919.00000	1559.78264	1542.43997	1527.55736
2025-08-08T13:29:12Z	5920.00000	1558.28368	1540.97910	1526.71616
2025-08-08T13:29:12Z	5920.00000	1557.91483	1540.64158	1526.51205
2025-08-08T13:29:12Z	5920.00000	1557.64411	1540.39425	1526.36359
2025-08-08T13:29:12Z	5920.00000	1557.44517	1540.21177	1526.25583
2025-08-08T13:29:13Z	5920.00000	1557.25994	1540.04174	1526.15284
2025-08-08T13:29:13Z	5920.00000	1557.03104	1539.83045	1526.02959
2025-08-08T13:29:13Z	5920.00000	1556.86638	1539.67727	1525.93793
2025-08-08T13:29:13Z	5920.00000	1556.70840	1539.53158	1525.85323
2025-08-08T13:29:13Z	5920.00000	1556.52845	1539.36463	1525.75305
2025-08-08T13:29:13Z	5921.00000	1556.37787	1539.22673	1525.67642
2025-08-08T13:29:13Z	5921.00000	1556.18212	1539.04624	1525.57245
2025-08-08T13:29:13Z	5921.00000	1556.02115	1538.89779	1525.48990
2025-08-08T13:29:13Z	5921.00000	1555.88234	1538.76755	1525.41540
2025-08-08T13:29:14Z	5921.00000	1555.72524	1538.61910	1525.33064
2025-08-08T13:29:14Z	5921.00000	1555.59705	1538.50037	1525.26342
2025-08-08T13:29:14Z	5921.00000	1555.45351	1538.36840	1525.18342
2025-08-08T13:29:14Z	5921.00000	1555.32950	1538.25393	1525.11895
2025-08-08T13:29:14Z	5921.00000	1555.26012	1538.19132	1525.08219
2025-08-08T13:29:14Z	5922.00000	1555.25548	1538.18679	1525.07964
2025-08-08T13:29:14Z	5922.00000	1555.25128	1538.18237	1525.07689
2025-08-08T13:29:14Z	5922.00000	1555.24799	1538.17910	1525.07534
2025-08-08T13:29:14Z	5922.00000	1555.24463	1538.17622	1525.07358
2025-08-08T13:29:15Z	5922.00000	1555.24243	1538.17424	1525.07237
2025-08-08T13:29:15Z	5922.00000	1555.24064	1538.17206	1525.07115
2025-08-08T13:29:15Z	5922.00000	1555.23909	1538.17042	1525.06984
2025-08-08T13:29:15Z	5922.00000	1555.23694	1538.16822	1525.06873
2025-08-08T13:29:15Z	5922.00000	1555.23537	1538.16668	1525.06754
2025-08-08T13:29:15Z	5922.00000	1555.23408	1538.16472	1525.06676
2025-08-08T13:29:15Z	5923.00000	1555.23209	1538.16373	1525.06578
2025-08-08T13:29:15Z	5923.00000	1555.23009	1538.16181	1525.06482
2025-08-08T13:29:15Z	5923.00000	1555.22837	1538.16024	1525.06407
2025-08-08T13:29:15Z	5923.00000	1555.22715	1538.15896	1525.06356
2025-08-08T13:29:16Z	5923.00000	1555.22639	1538.15772	1525.06305
2025-08-08T13:29:16Z	5923.00000	1555.22536	1538.15608	1525.06190
2025-08-08T13:29:16Z	5923.00000	1555.22422	1538.15488	1525.06113
2025-08-08T13:29:16Z	5923.00000	1555.22341	1538.15356	1525.06039
2025-08-08T13:29:16Z	5923.00000	1555.22250	1538.15291	1525.05992
2025-08-08T13:29:16Z	5924.00000	1555.22096	1538.15125	1525.05879
2025-08-08T13:29:16Z	5924.00000	1555.22001	1538.15047	1525.05831
2025-08-08T13:29:16Z	5924.00000	1555.21910	1538.14976	1525.05789
2025-08-08T13:29:16Z	5924.00000	1555.21813	1538.14858	1525.05704
2025-08-08T13:29:17Z	5924.00000	1555.21716	1538.14811	1525.05645
2025-08-08T13:29:17Z	5924.00000	1555.21611	1538.14689	1525.05572
2025-08-08T13:29:17Z	5924.00000	1555.21548	1538.14606	1525.05558
2025-08-08T13:29:17Z	5924.00000	1555.21451	1538.14578	1525.05510
2025-08-08T13:29:17Z	5924.00000	1555.21402	1538.14364	1525.05479
2025-08-08T13:29:17Z	5925.00000	1555.21315	1538.14268	1525.05432
2025-08-08T13:29:17Z	5925.00000	1555.21268	1538.14199	1525.05398
2025-08-08T13:29:17Z	5925.00000	1555.21193	1538.14116	1525.05360
2025-08-08T13:29:17Z	5925.00000	1555.21121	1538.14041	1525.05318
2025-08-08T13:29:17Z	5925.00000	1555.21076	1538.13952	1525.05298
2025-08-08T13:29:18Z	5925.00000	1555.21001	1538.13930	1525.05274
2025-08-08T13:29:18Z	5925.00000	1555.20950	1538.13886	1525.05254
2025-08-08T13:29:18Z	5925.00000	1555.20878	1538.13823	1525.05192
2025-08-08T13:29:18Z	5925.00000	1555.20876	1538.13716	1525.05154
2025-08-08T13:29:18Z	5925.00000	1555.20814	1538.13697	1525.05117
2025-08-08T13:29:18Z	5926.00000	1555.20764	1538.13641	1525.05072
2025-08-08T13:29:18Z	5926.00000	1555.20707	1538.13537	1525.05023
2025-08-08T13:29:18Z	5926.00000	1555.20642	1538.13466	1525.04988
2025-08-08T13:29:18Z	5926.00000	1555.20573	1538.13427	1525.04947
2025-08-08T13:29:19Z	5926.00000	1555.20532	1538.13388	1525.04919
2025-08-08T13:29:19Z	5926.00000	1555.20495	1538.13339	1525.04876
2025-08-08T13:29:19Z	5926.00000	1555.20434	1538.13290	1525.04860
2025-08-08T13:29:19Z	5926.00000	1555.20353	1538.13232	1525.04805
2025-08-08T13:29:19Z	5926.00000	1555.20299	1538.13205	1525.04781
2025-08-08T13:29:19Z	5927.00000	1555.20279	1538.13181	1525.04760
2025-08-08T13:29:19Z	5927.00000	1555.20218	1538.13102	1525.04721
2025-08-08T13:29:19Z	5927.00000	1555.37279	1538.29140	1525.14161
2025-08-08T13:29:19Z	5927.00000	1555.65101	1538.54729	1525.29348
2025-08-08T13:29:19Z	5927.00000	1555.88527	1538.76775	1525.41840
2025-08-08T13:29:20Z	5927.00000	1556.33742	1539.18943	1525.66079
2025-08-08T13:29:20Z	5927.00000	1556.58819	1539.42212	1525.79262
2025-08-08T13:29:20Z	5927.00000	1556.83174	1539.64934	1525.92494
2025-08-08T13:29:20Z	5927.00000	1557.03090	1539.83798	1526.03570
2025-08-08T13:29:20Z	5928.00000	1557.25427	1540.04801	1526.15485
2025-08-08T13:29:20Z	5928.00000	1557.46616	1540.24558	1526.27089
2025-08-08T13:29:20Z	5928.00000	1557.66828	1540.43622	1526.38110
2025-08-08T13:29:20Z	5928.00000	1557.86199	1540.61779	1526.48581
2025-08-08T13:29:20Z	5928.00000	1558.02116	1540.76847	1526.57286
2025-08-08T13:29:21Z	5928.00000	1558.17410	1540.91252	1526.65690
2025-08-08T13:29:21Z	5928.00000	1558.34087	1541.07152	1526.74885
2025-08-08T13:29:21Z	5928.00000	1558.47324	1541.19740	1526.82339
2025-08-08T13:29:21Z	5928.00000	1558.62675	1541.34278	1526.90615
2025-08-08T13:29:21Z	5928.00000	1558.76547	1541.47384	1526.98439
2025-08-08T13:29:21Z	5929.00000	1558.91033	1541.61318	1527.06278
2025-08-08T13:29:21Z	5929.00000	1559.02119	1541.71809	1527.12446
2025-08-08T13:29:21Z	5929.00000	1559.10233	1541.79839	1527.17195
2025-08-08T13:29:21Z	5929.00000	1559.19365	1541.88360	1527.22235
2025-08-08T13:29:22Z	5929.00000	1559.26360	1541.94900	1527.26125
2025-08-08T13:29:22Z	5929.00000	1559.33613	1542.01890	1527.30182
2025-08-08T13:29:22Z	5929.00000	1559.38940	1542.07060	1527.33331
2025-08-08T13:29:22Z	5929.00000	1559.44180	1542.11924	1527.36435
2025-08-08T13:29:22Z	5929.00000	1559.48051	1542.16022	1527.38676
2025-08-08T13:29:22Z	5930.00000	1559.51740	1542.19238	1527.40649
2025-08-08T13:29:22Z	5930.00000	1559.55773	1542.23004	1527.42865
2025-08-08T13:29:22Z	5930.00000	1559.58326	1542.25578	1527.44307
2025-08-08T13:29:22Z	5930.00000	1559.60950	1542.28050	1527.45875
2025-08-08T13:29:23Z	5930.00000	1559.63262	1542.30060	1527.47206
2025-08-08T13:29:23Z	5930.00000	1559.65006	1542.31739	1527.48177
2025-08-08T13:29:23Z	5930.00000	1559.66828	1542.33730	1527.49054
2025-08-08T13:29:23Z	5930.00000	1559.68372	1542.35146	1527.50002
2025-08-08T13:29:23Z	5931.00000	1559.71007	1542.37603	1527.51592
2025-08-08T13:29:23Z	5931.00000	1559.72021	1542.38431	1527.52171
2025-08-08T13:29:23Z	5931.00000	1559.73068	1542.39438	1527.52749
2025-08-08T13:29:23Z	5931.00000	1559.73890	1542.40193	1527.53287
2025-08-08T13:29:23Z	5931.00000	1559.74717	1542.40984	1527.53739
2025-08-08T13:29:24Z	5931.00000	1559.75368	1542.41602	1527.54176
2025-08-08T13:29:24Z	5931.00000	1559.76189	1542.42251	1527.54604
2025-08-08T13:29:24Z	5931.00000	1559.76850	1542.42956	1527.54999
2025-08-08T13:29:24Z	5931.00000	1559.77388	1542.43399	1527.55340
2025-08-08T13:29:24Z	5931.00000	1559.77907	1542.43770	1527.55641
2025-08-08T13:29:24Z	5932.00000	1559.78390	1542.44227	1527.55866
2025-08-08T13:29:24Z	5932.00000	1558.31954	1541.00999	1526.73671
2025-08-08T13:29:24Z	5932.00000	1557.89088	1540.62012	1526.49944
2025-08-08T13:29:24Z	5932.00000	1557.65380	1540.40335	1526.37012
2025-08-08T13:29:25Z	5932.00000	1557.45464	1540.22108	1526.26121
2025-08-08T13:29:25Z	5932.00000	1557.27085	1540.05323	1526.15908
2025-08-08T13:29:25Z	5932.00000	1557.06909	1539.86749	1526.05195
2025-08-08T13:29:25Z	5932.00000	1556.90377	1539.71250	1525.95949
2025-08-08T13:29:25Z	5932.00000	1556.69007	1539.51405	1525.84328
2025-08-08T13:29:25Z	5933.00000	1556.53449	1539.37111	1525.75697
2025-08-08T13:29:25Z	5933.00000	1556.36132	1539.21173	1525.66845
2025-08-08T13:29:25Z	5933.00000	1556.21057	1539.07443	1525.58826
2025-08-08T13:29:25Z	5933.00000	1556.04832	1538.92436	1525.50463
2025-08-08T13:29:26Z	5933.00000	1555.77918	1538.66971	1525.35900
2025-08-08T13:29:26Z	5933.00000	1555.63138	1538.53173	1525.28147
2025-08-08T13:29:26Z	5933.00000	1555.48396	1538.39631	1525.19997
2025-08-08T13:29:26Z	5933.00000	1555.35794	1538.27942	1525.13363
2025-08-08T13:29:26Z	5933.00000	1555.26011	1538.19136	1525.08195
2025-08-08T13:29:26Z	5934.00000	1555.25619	1538.18784	1525.07989
2025-08-08T13:29:26Z	5934.00000	1555.25327	1538.18396	1525.07825
2025-08-08T13:29:26Z	5934.00000	1555.25007	1538.18137	1525.07662
2025-08-08T13:29:26Z	5934.00000	1555.24698	1538.17877	1525.07528
2025-08-08T13:29:26Z	5934.00000	1555.24431	1538.17614	1525.07399
2025-08-08T13:29:27Z	5934.00000	1555.24205	1538.17363	1525.07236
2025-08-08T13:29:27Z	5934.00000	1555.24025	1538.17170	1525.07096
2025-08-08T13:29:27Z	5934.00000	1555.23877	1538.16994	1525.06984
2025-08-08T13:29:27Z	5934.00000	1555.23681	1538.16839	1525.06871
2025-08-08T13:29:27Z	5934.00000	1555.23543	1538.16665	1525.06771
2025-08-08T13:29:27Z	5935.00000	1555.23376	1538.16458	1525.06684
2025-08-08T13:29:27Z	5935.00000	1555.23187	1538.16329	1525.06586
2025-08-08T13:29:27Z	5935.00000	1555.23047	1538.16210	1525.06519
2025-08-08T13:29:27Z	5935.00000	1555.22884	1538.16089	1525.06456
2025-08-08T13:29:27Z	5935.00000	1555.22770	1538.15937	1525.06389
2025-08-08T13:29:28Z	5935.00000	1555.22666	1538.15810	1525.06350
2025-08-08T13:29:28Z	5935.00000	1555.22572	1538.15702	1525.06276
2025-08-08T13:29:28Z	5935.00000	1555.22519	1538.15603	1525.06198
2025-08-08T13:29:28Z	5935.00000	1555.22432	1538.15508	1525.06134
2025-08-08T13:29:28Z	5935.00000	1555.22400	1538.15447	1525.06134
2025-08-08T13:29:28Z	5936.00000	1555.22259	1538.15308	1525.06022
2025-08-08T13:29:28Z	5936.00000	1555.22116	1538.15185	1525.05930
2025-08-08T13:29:28Z	5936.00000	1555.22033	1538.15061	1525.05850
2025-08-08T13:29:28Z	5936.00000	1555.21934	1538.15005	1525.05797
2025-08-08T13:29:29Z	5936.00000	1555.21834	1538.14916	1525.05733
2025-08-08T13:29:29Z	5936.00000	1555.21736	1538.14827	1525.05680
2025-08-08T13:29:29Z	5936.00000	1555.21649	1538.14761	1525.05652
2025-08-08T13:29:29Z	5936.00000	1555.21542	1538.14641	1525.05582
2025-08-08T13:29:29Z	5936.00000	1555.21447	1538.14573	1525.05537
2025-08-08T13:29:29Z	5937.00000	1555.21377	1538.14344	1525.05484
2025-08-08T13:29:29Z	5937.00000	1555.21290	1538.14281	1525.05432
2025-08-08T13:29:29Z	5937.00000	1555.21211	1538.14173	1525.05394
2025-08-08T13:29:29Z	5937.00000	1555.21178	1538.14121	1525.05374
2025-08-08T13:29:30Z	5937.00000	1555.21112	1538.14040	1525.05337
2025-08-08T13:29:30Z	5937.00000	1555.21058	1538.13999	1525.05306
2025-08-08T13:29:30Z	5937.00000	1555.20983	1538.13942	1525.05266
2025-08-08T13:29:30Z	5937.00000	1555.20916	1538.13864	1525.05230
2025-08-08T13:29:30Z	5937.00000	1555.20886	1538.13790	1525.05191
2025-08-08T13:29:30Z	5938.00000	1555.20837	1538.13735	1525.05142
2025-08-08T13:29:30Z	5938.00000	1555.20783	1538.13625	1525.05079
2025-08-08T13:29:30Z	5938.00000	1555.20726	1538.13584	1525.05053
2025-08-08T13:29:30Z	5938.00000	1555.20701	1538.13528	1525.05049
2025-08-08T13:29:31Z	5938.00000	1555.20636	1538.13510	1525.05000
2025-08-08T13:29:31Z	5938.00000	1555.20576	1538.13418	1525.04965
2025-08-08T13:29:31Z	5938.00000	1555.20514	1538.13365	1525.04927
2025-08-08T13:29:31Z	5938.00000	1555.20456	1538.13324	1525.04876
2025-08-08T13:29:31Z	5938.00000	1555.20383	1538.13277	1525.04839
2025-08-08T13:29:31Z	5939.00000	1555.20267	1538.13221	1525.04802
2025-08-08T13:29:31Z	5939.00000	1555.35028	1538.26752	1525.12495
2025-08-08T13:29:31Z	5939.00000	1555.85745	1538.74139	1525.40375
2025-08-08T13:29:32Z	5939.00000	1556.15854	1539.02235	1525.56326
2025-08-08T13:29:32Z	5939.00000	1556.42154	1539.26877	1525.70371
2025-08-08T13:29:32Z	5939.00000	1556.67185	1539.50050	1525.83938
2025-08-08T13:29:32Z	5939.00000	1556.87779	1539.69266	1525.95019
2025-08-08T13:29:32Z	5939.00000	1557.07465	1539.87887	1526.05937
2025-08-08T13:29:32Z	5940.00000	1557.32867	1540.11485	1526.19583
2025-08-08T13:29:32Z	5940.00000	1557.53715	1540.31094	1526.30787
2025-08-08T13:29:32Z	5940.00000	1557.71005	1540.47318	1526.40421
2025-08-08T13:29:32Z	5940.00000	1557.87413	1540.62909	1526.49223
2025-08-08T13:29:33Z	5940.00000	1558.03391	1540.78014	1526.58020
2025-08-08T13:29:33Z	5940.00000	1558.18895	1540.92521	1526.66428
2025-08-08T13:29:33Z	5940.00000	1558.33733	1541.06730	1526.74670
2025-08-08T13:29:33Z	5940.00000	1558.47073	1541.19494	1526.82210
2025-08-08T13:29:33Z	5940.00000	1558.59938	1541.31554	1526.89025
2025-08-08T13:29:33Z	5940.00000	1558.72350	1541.43247	1526.95989
2025-08-08T13:29:33Z	5941.00000	1558.83512	1541.53872	1527.02245
2025-08-08T13:29:33Z	5941.00000	1558.93848	1541.63895	1527.07782
2025-08-08T13:29:33Z	5941.00000	1559.03196	1541.72688	1527.13012
2025-08-08T13:29:33Z	5941.00000	1559.12651	1541.82034	1527.18488
2025-08-08T13:29:33Z	5941.00000	1559.20445	1541.89259	1527.22749
2025-08-08T13:29:34Z	5941.00000	1559.30332	1541.98951	1527.28330
2025-08-08T13:29:34Z	5941.00000	1559.36139	1542.04122	1527.31581
2025-08-08T13:29:34Z	5941.00000	1559.41781	1542.09466	1527.34979
2025-08-08T13:29:34Z	5941.00000	1559.45889	1542.13393	1527.37377
2025-08-08T13:29:34Z	5942.00000	1559.50389	1542.17908	1527.39809
2025-08-08T13:29:34Z	5942.00000	1559.53601	1542.20880	1527.41650
2025-08-08T13:29:34Z	5942.00000	1559.56908	1542.24172	1527.43455
2025-08-08T13:29:34Z	5942.00000	1559.60513	1542.27514	1527.45473
2025-08-08T13:29:35Z	5942.00000	1559.62581	1542.29463	1527.46681
2025-08-08T13:29:35Z	5942.00000	1559.64391	1542.31145	1527.47740
2025-08-08T13:29:35Z	5942.00000	1559.66799	1542.33139	1527.49033
2025-08-08T13:29:35Z	5942.00000	1559.68607	1542.35301	1527.50084
2025-08-08T13:29:35Z	5942.00000	1559.70166	1542.36649	1527.51014
2025-08-08T13:29:35Z	5943.00000	1559.71252	1542.37741	1527.51665
2025-08-08T13:29:35Z	5943.00000	1559.72409	1542.38783	1527.52342
2025-08-08T13:29:35Z	5943.00000	1559.73209	1542.39476	1527.52852
2025-08-08T13:29:35Z	5943.00000	1559.73980	1542.40165	1527.53278
2025-08-08T13:29:36Z	5943.00000	1559.74897	1542.41058	1527.53802
2025-08-08T13:29:36Z	5943.00000	1559.75540	1542.41637	1527.54218
2025-08-08T13:29:36Z	5943.00000	1559.76153	1542.42079	1527.54540
2025-08-08T13:29:36Z	5943.00000	1559.76899	1542.42954	1527.55002
2025-08-08T13:29:36Z	5943.00000	1559.77453	1542.43369	1527.55305
2025-08-08T13:29:36Z	5943.00000	1559.78044	1542.43795	1527.55640
2025-08-08T13:29:36Z	5944.00000	1559.78483	1542.44249	1527.55890
2025-08-08T13:29:36Z	5944.00000	1558.38152	1541.06811	1526.77043
2025-08-08T13:29:36Z	5944.00000	1557.96097	1540.68317	1526.53801
2025-08-08T13:29:36Z	5944.00000	1557.63764	1540.38924	1526.36068
2025-08-08T13:29:37Z	5944.00000	1557.43404	1540.20142	1526.24988
2025-08-08T13:29:37Z	5944.00000	1557.18967	1539.97785	1526.11486
2025-08-08T13:29:37Z	5944.00000	1556.99005	1539.79277	1526.00756
2025-08-08T13:29:37Z	5944.00000	1556.82701	1539.64110	1525.91701
2025-08-08T13:29:37Z	5944.00000	1556.66575	1539.49244	1525.82992
2025-08-08T13:29:37Z	5945.00000	1556.48855	1539.32887	1525.73275
2025-08-08T13:29:37Z	5945.00000	1556.33758	1539.19016	1525.65594
2025-08-08T13:29:37Z	5945.00000	1556.19370	1539.05731	1525.57910
2025-08-08T13:29:37Z	5945.00000	1556.05416	1538.92889	1525.50718
2025-08-08T13:29:37Z	5945.00000	1555.91509	1538.79749	1525.43372
2025-08-08T13:29:38Z	5945.00000	1555.73861	1538.63238	1525.33812
2025-08-08T13:29:38Z	5945.00000	1555.61018	1538.51386	1525.27094
2025-08-08T13:29:38Z	5945.00000	1555.48606	1538.39821	1525.20158
2025-08-08T13:29:38Z	5945.00000	1555.32183	1538.24743	1525.11536
2025-08-08T13:29:38Z	5945.00000	1555.26086	1538.19258	1525.08283
2025-08-08T13:29:38Z	5946.00000	1555.25496	1538.18651	1525.07956
2025-08-08T13:29:38Z	5946.00000	1555.25244	1538.18318	1525.07779
2025-08-08T13:29:38Z	5946.00000	1555.24925	1538.18055	1525.07648
2025-08-08T13:29:38Z	5946.00000	1555.24646	1538.17777	1525.07506
2025-08-08T13:29:39Z	5946.00000	1555.24154	1538.17300	1525.07203
2025-08-08T13:29:39Z	5946.00000	1555.24000	1538.17130	1525.07069
2025-08-08T13:29:39Z	5946.00000	1555.23852	1538.16968	1525.06962
2025-08-08T13:29:39Z	5946.00000	1555.23714	1538.16811	1525.06876
2025-08-08T13:29:39Z	5947.00000	1555.23507	1538.16606	1525.06765
2025-08-08T13:29:39Z	5947.00000	1555.23320	1538.16466	1525.06664
2025-08-08T13:29:39Z	5947.00000	1555.23161	1538.16311	1525.06581
2025-08-08T13:29:39Z	5947.00000	1555.22970	1538.16156	1525.06478
2025-08-08T13:29:40Z	5947.00000	1555.22831	1538.16010	1525.06447
2025-08-08T13:29:40Z	5947.00000	1555.22713	1538.15877	1525.06383
2025-08-08T13:29:40Z	5947.00000	1555.22634	1538.15777	1525.06329
2025-08-08T13:29:40Z	5947.00000	1555.22540	1538.15628	1525.06225
2025-08-08T13:29:40Z	5947.00000	1555.22445	1538.15485	1525.06158
2025-08-08T13:29:40Z	5948.00000	1555.22376	1538.15460	1525.06139
2025-08-08T13:29:40Z	5948.00000	1555.22257	1538.15284	1525.06018
2025-08-08T13:29:40Z	5948.00000	1555.22197	1538.15253	1525.05968
2025-08-08T13:29:40Z	5948.00000	1555.22093	1538.15152	1525.05921
2025-08-08T13:29:40Z	5948.00000	1555.21985	1538.15014	1525.05838
2025-08-08T13:29:41Z	5948.00000	1555.21886	1538.14966	1525.05787
2025-08-08T13:29:41Z	5948.00000	1555.21786	1538.14889	1525.05718
2025-08-08T13:29:41Z	5948.00000	1555.21696	1538.14761	1525.05650
2025-08-08T13:29:41Z	5948.00000	1555.21597	1538.14719	1525.05599
2025-08-08T13:29:41Z	5948.00000	1555.21522	1538.14609	1525.05538
2025-08-08T13:29:41Z	5949.00000	1555.21423	1538.14534	1525.05505
2025-08-08T13:29:41Z	5949.00000	1555.21362	1538.14297	1525.05457
2025-08-08T13:29:41Z	5949.00000	1555.21298	1538.14248	1525.05433
2025-08-08T13:29:42Z	5949.00000	1555.21208	1538.14116	1525.05394
2025-08-08T13:29:42Z	5949.00000	1555.21149	1538.14074	1525.05360
2025-08-08T13:29:42Z	5949.00000	1555.21069	1538.14008	1525.05331
2025-08-08T13:29:42Z	5949.00000	1555.21050	1538.13899	1525.05287
2025-08-08T13:29:42Z	5949.00000	1555.20974	1538.13880	1525.05262
2025-08-08T13:29:42Z	5950.00000	1555.20929	1538.13843	1525.05232
2025-08-08T13:29:42Z	5950.00000	1555.20856	1538.13719	1525.05191
2025-08-08T13:29:42Z	5950.00000	1555.20849	1538.13738	1525.05157
2025-08-08T13:29:42Z	5950.00000	1555.20786	1538.13659	1525.05108
2025-08-08T13:29:43Z	5950.00000	1555.20731	1538.13613	1525.05097
2025-08-08T13:29:43Z	5950.00000	1555.20682	1538.13517	1525.05030
2025-08-08T13:29:43Z	5950.00000	1555.20642	1538.13464	1525.04992
2025-08-08T13:29:43Z	5950.00000	1555.20566	1538.13411	1525.04952
2025-08-08T13:29:43Z	5950.00000	1555.20511	1538.13371	1525.04909
2025-08-08T13:29:43Z	5951.00000	1555.20475	1538.13343	1525.04897
2025-08-08T13:29:43Z	5951.00000	1555.20383	1538.13265	1525.04861
2025-08-08T13:29:43Z	5951.00000	1555.24074	1538.16841	1525.06894
2025-08-08T13:29:43Z	5951.00000	1555.50987	1538.41528	1525.21122
2025-08-08T13:29:43Z	5951.00000	1555.75073	1538.64069	1525.34486
2025-08-08T13:29:44Z	5951.00000	1555.98311	1538.85854	1525.47310
2025-08-08T13:29:44Z	5951.00000	1556.28760	1539.14417	1525.63478
2025-08-08T13:29:44Z	5951.00000	1556.54263	1539.37879	1525.76675
2025-08-08T13:29:44Z	5951.00000	1556.78759	1539.60828	1525.90217
2025-08-08T13:29:44Z	5951.00000	1557.05363	1539.85943	1526.04844
2025-08-08T13:29:44Z	5952.00000	1557.27690	1540.06913	1526.16767
2025-08-08T13:29:44Z	5952.00000	1557.46612	1540.24570	1526.27098
2025-08-08T13:29:44Z	5952.00000	1557.70314	1540.46820	1526.40107
2025-08-08T13:29:44Z	5952.00000	1557.89320	1540.64590	1526.50231
2025-08-08T13:29:45Z	5952.00000	1558.07528	1540.81875	1526.60354
2025-08-08T13:29:45Z	5952.00000	1558.23287	1540.96864	1526.68902
2025-08-08T13:29:45Z	5952.00000	1558.44518	1541.16959	1526.80744
2025-08-08T13:29:45Z	5952.00000	1558.62024	1541.33577	1526.90252
2025-08-08T13:29:45Z	5953.00000	1558.76312	1541.47144	1526.98313
2025-08-08T13:29:45Z	5953.00000	1558.89093	1541.59080	1527.05198
2025-08-08T13:29:45Z	5953.00000	1558.98945	1541.68749	1527.10606
2025-08-08T13:29:45Z	5953.00000	1559.18025	1541.86947	1527.21460
2025-08-08T13:29:46Z	5953.00000	1559.24966	1541.93576	1527.25316
2025-08-08T13:29:46Z	5953.00000	1559.31224	1541.99834	1527.28880
2025-08-08T13:29:46Z	5953.00000	1559.38595	1542.06666	1527.33096
2025-08-08T13:29:46Z	5953.00000	1559.43268	1542.11060	1527.35873
2025-08-08T13:29:46Z	5954.00000	1559.51197	1542.18775	1527.40299
2025-08-08T13:29:46Z	5954.00000	1559.54422	1542.21859	1527.42068
2025-08-08T13:29:46Z	5954.00000	1559.57669	1542.24748	1527.43928
2025-08-08T13:29:46Z	5954.00000	1559.60110	1542.27172	1527.45293
2025-08-08T13:29:47Z	5954.00000	1559.62655	1542.29600	1527.46735
2025-08-08T13:29:47Z	5954.00000	1559.64496	1542.31331	1527.47814
2025-08-08T13:29:47Z	5954.00000	1559.66881	1542.33813	1527.49106
2025-08-08T13:29:47Z	5954.00000	1559.68304	1542.34978	1527.49885
2025-08-08T13:29:47Z	5954.00000	1559.69747	1542.36263	1527.50797
2025-08-08T13:29:47Z	5954.00000	1559.70886	1542.37463	1527.51453
2025-08-08T13:29:47Z	5955.00000	1559.72029	1542.38417	1527.52168
2025-08-08T13:29:47Z	5955.00000	1559.72954	1542.39345	1527.52672
2025-08-08T13:29:47Z	5955.00000	1559.73894	1542.40137	1527.53255
2025-08-08T13:29:47Z	5955.00000	1559.74722	1542.40914	1527.53723
2025-08-08T13:29:48Z	5955.00000	1559.75634	1542.41757	1527.54275
2025-08-08T13:29:48Z	5955.00000	1559.76239	1542.42279	1527.54608
2025-08-08T13:29:48Z	5955.00000	1559.76956	1542.43045	1527.55020
2025-08-08T13:29:48Z	5955.00000	1559.77576	1542.43513	1527.55426
2025-08-08T13:29:48Z	5955.00000	1559.78124	1542.43985	1527.55666
2025-08-08T13:29:48Z	5956.00000	1559.78686	1542.44526	1527.55999
2025-08-08T13:29:48Z	5956.00000	1558.56420	1541.22792	1526.87000
2025-08-08T13:29:48Z	5956.00000	1557.92445	1540.65059	1526.51849
2025-08-08T13:29:48Z	5956.00000	1557.68595	1540.43311	1526.38933
2025-08-08T13:29:49Z	5956.00000	1557.48406	1540.24687	1526.27680
2025-08-08T13:29:49Z	5956.00000	1557.29580	1540.07580	1526.17475
2025-08-08T13:29:49Z	5956.00000	1557.09204	1539.88820	1526.06504
2025-08-08T13:29:49Z	5956.00000	1556.92400	1539.73101	1525.97118
2025-08-08T13:29:49Z	5956.00000	1556.73777	1539.55889	1525.87025
2025-08-08T13:29:49Z	5957.00000	1556.57611	1539.40961	1525.78028
2025-08-08T13:29:49Z	5957.00000	1556.39868	1539.24865	1525.68832
2025-08-08T13:29:49Z	5957.00000	1556.22720	1539.09004	1525.59815
2025-08-08T13:29:49Z	5957.00000	1556.06566	1538.94014	1525.51346
2025-08-08T13:29:50Z	5957.00000	1555.90681	1538.79111	1525.42975
2025-08-08T13:29:50Z	5957.00000	1555.75112	1538.64391	1525.34477
2025-08-08T13:29:50Z	5957.00000	1555.60094	1538.50373	1525.26628
2025-08-08T13:29:50Z	5957.00000	1555.47659	1538.38957	1525.19669
2025-08-08T13:29:50Z	5957.00000	1555.31200	1538.23807	1525.11031
2025-08-08T13:29:50Z	5958.00000	1555.26181	1538.19337	1525.08378
2025-08-08T13:29:50Z	5958.00000	1555.25734	1538.18894	1525.08093
2025-08-08T13:29:50Z	5958.00000	1555.25422	1538.18530	1525.07923
2025-08-08T13:29:50Z	5958.00000	1555.25156	1538.18256	1525.07753
2025-08-08T13:29:50Z	5958.00000	1555.24785	1538.17926	1525.07599
2025-08-08T13:29:51Z	5958.00000	1555.24431	1538.17622	1525.07410
2025-08-08T13:29:51Z	5958.00000	1555.24205	1538.17355	1525.07254
2025-08-08T13:29:51Z	5958.00000	1555.24006	1538.17187	1525.07108
2025-08-08T13:29:51Z	5958.00000	1555.23861	1538.16967	1525.06981
2025-08-08T13:29:51Z	5958.00000	1555.23732	1538.16840	1525.06905
2025-08-08T13:29:51Z	5959.00000	1555.23540	1538.16696	1525.06801
2025-08-08T13:29:51Z	5959.00000	1555.23426	1538.16488	1525.06722
2025-08-08T13:29:51Z	5959.00000	1555.23238	1538.16361	1525.06625
2025-08-08T13:29:51Z	5959.00000	1555.23080	1538.16257	1525.06560
2025-08-08T13:29:52Z	5959.00000	1555.22953	1538.16095	1525.06509
2025-08-08T13:29:52Z	5959.00000	1555.22809	1538.15984	1525.06426
2025-08-08T13:29:52Z	5959.00000	1555.22654	1538.15809	1525.06365
2025-08-08T13:29:52Z	5959.00000	1555.22590	1538.15669	1525.06318
2025-08-08T13:29:52Z	5959.00000	1555.22479	1538.15565	1525.06240
2025-08-08T13:29:52Z	5960.00000	1555.22400	1538.15460	1525.06147
2025-08-08T13:29:52Z	5960.00000	1555.22330	1538.15372	1525.06091
2025-08-08T13:29:52Z	5960.00000	1555.22187	1538.15238	1525.05991
2025-08-08T13:29:52Z	5960.00000	1555.22114	1538.15189	1525.05950
2025-08-08T13:29:53Z	5960.00000	1555.22004	1538.15091	1525.05895
2025-08-08T13:29:53Z	5960.00000	1555.21961	1538.15024	1525.05840
2025-08-08T13:29:53Z	5960.00000	1555.21855	1538.14947	1525.05788
2025-08-08T13:29:53Z	5960.00000	1555.21766	1538.14850	1525.05715
2025-08-08T13:29:53Z	5960.00000	1555.21683	1538.14776	1525.05671
2025-08-08T13:29:53Z	5961.00000	1555.21599	1538.14693	1525.05625
2025-08-08T13:29:53Z	5961.00000	1555.21520	1538.14642	1525.05567
2025-08-08T13:29:53Z	5961.00000	1555.21437	1538.14540	1525.05522
2025-08-08T13:29:53Z	5961.00000	1555.21374	1538.14315	1525.05498
2025-08-08T13:29:53Z	5961.00000	1555.21330	1538.14233	1525.05462
2025-08-08T13:29:54Z	5961.00000	1555.21267	1538.14186	1525.05426
2025-08-08T13:29:54Z	5961.00000	1555.21177	1538.14090	1525.05402
2025-08-08T13:29:54Z	5961.00000	1555.21122	1538.14029	1525.05372
2025-08-08T13:29:54Z	5961.00000	1555.21063	1538.13969	1525.05327
2025-08-08T13:29:54Z	5961.00000	1555.21024	1538.13924	1525.05308
2025-08-08T13:29:54Z	5962.00000	1555.20979	1538.13877	1525.05295
2025-08-08T13:29:54Z	5962.00000	1555.20909	1538.13828	1525.05243
2025-08-08T13:29:54Z	5962.00000	1555.20879	1538.13750	1525.05208
2025-08-08T13:29:54Z	5962.00000	1555.20839	1538.13733	1525.05164
2025-08-08T13:29:55Z	5962.00000	1555.20787	1538.13613	1525.05127
2025-08-08T13:29:55Z	5962.00000	1555.20736	1538.13580	1525.05090
2025-08-08T13:29:55Z	5962.00000	1555.20651	1538.13480	1525.05020
2025-08-08T13:29:55Z	5962.00000	1555.20596	1538.13446	1525.04984
2025-08-08T13:29:55Z	5962.00000	1555.20537	1538.13378	1525.04947
2025-08-08T13:29:55Z	5963.00000	1555.20495	1538.13337	1525.04918
2025-08-08T13:29:55Z	5963.00000	1555.20448	1538.13292	1525.04881
2025-08-08T13:29:55Z	5963.00000	1555.40022	1538.31525	1525.15414
2025-08-08T13:29:55Z	5963.00000	1555.68059	1538.57414	1525.30698
2025-08-08T13:29:56Z	5963.00000	1555.98572	1538.86129	1525.47422
2025-08-08T13:29:56Z	5963.00000	1556.22046	1539.08223	1525.59793
2025-08-08T13:29:56Z	5963.00000	1556.44473	1539.29120	1525.71609
2025-08-08T13:29:56Z	5963.00000	1556.66219	1539.49137	1525.83420
2025-08-08T13:29:56Z	5963.00000	1556.90483	1539.71881	1525.96626
2025-08-08T13:29:56Z	5964.00000	1557.13053	1539.93228	1526.08969
2025-08-08T13:29:56Z	5964.00000	1557.32195	1540.10946	1526.19280
2025-08-08T13:29:56Z	5964.00000	1557.50527	1540.28162	1526.29135
2025-08-08T13:29:56Z	5964.00000	1557.73156	1540.49558	1526.41743
2025-08-08T13:29:56Z	5964.00000	1557.89373	1540.64777	1526.50334
2025-08-08T13:29:57Z	5964.00000	1558.25456	1540.99036	1526.70188
2025-08-08T13:29:57Z	5964.00000	1558.39657	1541.12534	1526.78139
2025-08-08T13:29:57Z	5964.00000	1558.57423	1541.29459	1526.87763
2025-08-08T13:29:57Z	5965.00000	1558.70403	1541.41457	1526.95044
2025-08-08T13:29:57Z	5965.00000	1558.83681	1541.54167	1527.02354
2025-08-08T13:29:57Z	5965.00000	1558.95415	1541.65709	1527.08829
2025-08-08T13:29:57Z	5965.00000	1559.05891	1541.75532	1527.14721
2025-08-08T13:29:57Z	5965.00000	1559.14026	1541.83567	1527.19402
2025-08-08T13:29:58Z	5965.00000	1559.21758	1541.90680	1527.23650
2025-08-08T13:29:58Z	5965.00000	1559.29468	1541.98252	1527.27985
2025-08-08T13:29:58Z	5965.00000	1559.36151	1542.04518	1527.31760
2025-08-08T13:29:58Z	5965.00000	1559.42007	1542.10008	1527.35213
2025-08-08T13:29:58Z	5965.00000	1559.46188	1542.14010	1527.37650
2025-08-08T13:29:58Z	5966.00000	1559.51362	1542.19036	1527.40511
2025-08-08T13:29:58Z	5966.00000	1559.54543	1542.22189	1527.42264
2025-08-08T13:29:58Z	5966.00000	1559.58176	1542.25559	1527.44288
2025-08-08T13:29:58Z	5966.00000	1559.60560	1542.27798	1527.45676
2025-08-08T13:29:59Z	5966.00000	1559.63329	1542.30270	1527.47310
2025-08-08T13:29:59Z	5966.00000	1559.65384	1542.32007	1527.48376
2025-08-08T13:29:59Z	5966.00000	1559.67185	1542.34165	1527.49420
2025-08-08T13:29:59Z	5966.00000	1559.68553	1542.35528	1527.50213
2025-08-08T13:29:59Z	5966.00000	1559.69803	1542.36506	1527.50937
2025-08-08T13:29:59Z	5967.00000	1559.70925	1542.37657	1527.51621
2025-08-08T13:29:59Z	5967.00000	1559.71928	1542.38557	1527.52192
2025-08-08T13:29:59Z	5967.00000	1559.72983	1542.39509	1527.52822
2025-08-08T13:29:59Z	5967.00000	1559.73758	1542.40154	1527.53284
2025-08-08T13:29:59Z	5967.00000	1559.74517	1542.40953	1527.53716
2025-08-08T13:30:00Z	5967.00000	1559.75556	1542.41838	1527.54334
2025-08-08T13:30:00Z	5967.00000	1559.76163	1542.42362	1527.54651
2025-08-08T13:30:00Z	5967.00000	1559.76863	1542.43171	1527.55097
2025-08-08T13:30:00Z	5967.00000	1559.77424	1542.43528	1527.55440
2025-08-08T13:30:00Z	5967.00000	1559.77941	1542.43954	1527.55672
2025-08-08T13:30:00Z	5968.00000	1558.97405	1541.59968	1527.10242
2025-08-08T13:30:00Z	5968.00000	1558.09991	1540.81179	1526.61769
2025-08-08T13:30:00Z	5968.00000	1557.73146	1540.47536	1526.41527
2025-08-08T13:30:00Z	5968.00000	1557.49202	1540.25504	1526.28161
2025-08-08T13:30:01Z	5968.00000	1557.30569	1540.08419	1526.17977
2025-08-08T13:30:01Z	5968.00000	1557.09769	1539.89372	1526.06778
2025-08-08T13:30:01Z	5968.00000	1556.90212	1539.71132	1525.95912
2025-08-08T13:30:01Z	5968.00000	1556.74143	1539.56278	1525.87276
2025-08-08T13:30:01Z	5968.00000	1556.58618	1539.41847	1525.78593
2025-08-08T13:30:01Z	5969.00000	1556.40842	1539.25758	1525.69336
2025-08-08T13:30:01Z	5969.00000	1556.23500	1539.09749	1525.60213
2025-08-08T13:30:01Z	5969.00000	1556.09284	1538.96551	1525.52746
2025-08-08T13:30:01Z	5969.00000	1555.95886	1538.83824	1525.45806
2025-08-08T13:30:01Z	5969.00000	1555.80168	1538.69108	1525.37159
2025-08-08T13:30:02Z	5969.00000	1555.67234	1538.57030	1525.30350
2025-08-08T13:30:02Z	5969.00000	1555.54396	1538.45091	1525.23413
2025-08-08T13:30:02Z	5969.00000	1555.42118	1538.33991	1525.16700
2025-08-08T13:30:02Z	5969.00000	1555.29575	1538.22382	1525.10144
2025-08-08T13:30:02Z	5969.00000	1555.25842	1538.19038	1525.08159
2025-08-08T13:30:02Z	5970.00000	1555.25537	1538.18649	1525.07970
2025-08-08T13:30:02Z	5970.00000	1555.25264	1538.18344	1525.07812
2025-08-08T13:30:02Z	5970.00000	1555.24954	1538.18035	1525.07646
2025-08-08T13:30:02Z	5970.00000	1555.24660	1538.17787	1525.07527
2025-08-08T13:30:02Z	5970.00000	1555.24353	1538.17519	1525.07370
2025-08-08T13:30:03Z	5970.00000	1555.24195	1538.17347	1525.07251
2025-08-08T13:30:03Z	5970.00000	1555.24019	1538.17129	1525.07121
2025-08-08T13:30:03Z	5970.00000	1555.23901	1538.16989	1525.07015
2025-08-08T13:30:03Z	5970.00000	1555.23739	1538.16851	1525.06912
2025-08-08T13:30:03Z	5970.00000	1555.23545	1538.16675	1525.06809
2025-08-08T13:30:03Z	5971.00000	1555.23349	1538.16467	1525.06698
2025-08-08T13:30:03Z	5971.00000	1555.23173	1538.16290	1525.06626
2025-08-08T13:30:03Z	5971.00000	1555.23032	1538.16204	1525.06545
2025-08-08T13:30:03Z	5971.00000	1555.22912	1538.16088	1525.06480
2025-08-08T13:30:04Z	5971.00000	1555.22739	1538.15903	1525.06418
2025-08-08T13:30:04Z	5971.00000	1555.22640	1538.15764	1525.06359
2025-08-08T13:30:04Z	5971.00000	1555.22539	1538.15641	1525.06269
2025-08-08T13:30:04Z	5971.00000	1555.22464	1538.15538	1525.06182
2025-08-08T13:30:04Z	5971.00000	1555.22350	1538.15381	1525.06062
2025-08-08T13:30:04Z	5972.00000	1555.22277	1538.15330	1525.06047
2025-08-08T13:30:04Z	5972.00000	1555.22159	1538.15223	1525.05983
2025-08-08T13:30:04Z	5972.00000	1555.22029	1538.15117	1525.05907
2025-08-08T13:30:04Z	5972.00000	1555.21956	1538.15077	1525.05862
2025-08-08T13:30:05Z	5972.00000	1555.21872	1538.14943	1525.05787
2025-08-08T13:30:05Z	5972.00000	1555.21764	1538.14850	1525.05738
2025-08-08T13:30:05Z	5972.00000	1555.21657	1538.14780	1525.05668
2025-08-08T13:30:05Z	5972.00000	1555.21549	1538.14660	1525.05602
2025-08-08T13:30:05Z	5973.00000	1555.21451	1538.14592	1525.05528
2025-08-08T13:30:05Z	5973.00000	1555.21395	1538.14374	1525.05522
2025-08-08T13:30:05Z	5973.00000	1555.21355	1538.14323	1525.05484
2025-08-08T13:30:05Z	5973.00000	1555.21272	1538.14193	1525.05445
2025-08-08T13:30:06Z	5973.00000	1555.21188	1538.14115	1525.05404
2025-08-08T13:30:06Z	5973.00000	1555.21160	1538.14061	1525.05365
2025-08-08T13:30:06Z	5973.00000	1555.21076	1538.14000	1525.05333
2025-08-08T13:30:06Z	5973.00000	1555.21002	1538.13956	1525.05292
2025-08-08T13:30:06Z	5973.00000	1555.20961	1538.13883	1525.05255
2025-08-08T13:30:06Z	5974.00000	1555.20938	1538.13828	1525.05238
2025-08-08T13:30:06Z	5974.00000	1555.20897	1538.13788	1525.05201
2025-08-08T13:30:06Z	5974.00000	1555.20832	1538.13726	1525.05183
2025-08-08T13:30:06Z	5974.00000	1555.20793	1538.13668	1525.05126
2025-08-08T13:30:06Z	5974.00000	1555.20740	1538.13635	1525.05094
2025-08-08T13:30:07Z	5974.00000	1555.20703	1538.13529	1525.05067
2025-08-08T13:30:07Z	5974.00000	1555.20653	1538.13501	1525.05031
2025-08-08T13:30:07Z	5974.00000	1555.20596	1538.13411	1525.04997
2025-08-08T13:30:07Z	5974.00000	1555.20555	1538.13394	1525.04951
2025-08-08T13:30:07Z	5974.00000	1555.20493	1538.13325	1525.04923
2025-08-08T13:30:07Z	5975.00000	1555.20446	1538.13334	1525.04894
2025-08-08T13:30:07Z	5975.00000	1555.20338	1538.13246	1525.04859
2025-08-08T13:30:07Z	5975.00000	1555.20341	1538.13210	1525.04827
2025-08-08T13:30:07Z	5975.00000	1555.20277	1538.13164	1525.04793
2025-08-08T13:30:08Z	5975.00000	1555.20231	1538.13138	1525.04757
2025-08-08T13:30:08Z	5975.00000	1555.20194	1538.13120	1525.04747
2025-08-08T13:30:08Z	5975.00000	1555.20122	1538.13064	1525.04720
2025-08-08T13:30:08Z	5975.00000	1555.20054	1538.13013	1525.04671
2025-08-08T13:30:08Z	5975.00000	1555.20020	1538.12980	1525.04641
2025-08-08T13:30:08Z	5976.00000	1555.19962	1538.12933	1525.04605
2025-08-08T13:30:08Z	5976.00000	1555.19931	1538.12879	1525.04586
2025-08-08T13:30:08Z	5976.00000	1555.19894	1538.12838	1525.04550
2025-08-08T13:30:08Z	5976.00000	1555.19869	1538.12770	1525.04532
2025-08-08T13:30:09Z	5976.00000	1555.19827	1538.12763	1525.04519
2025-08-08T13:30:09Z	5976.00000	1555.19781	1538.12688	1525.04485
2025-08-08T13:30:09Z	5976.00000	1555.19746	1538.12635	1525.04470
2025-08-08T13:30:09Z	5976.00000	1555.19730	1538.12591	1525.04447
2025-08-08T13:30:09Z	5976.00000	1555.19690	1538.12566	1525.04419
2025-08-08T13:30:09Z	5977.00000	1555.19652	1538.12473	1525.04392
2025-08-08T13:30:09Z	5977.00000	1555.19608	1538.12404	1525.04365
2025-08-08T13:30:09Z	5977.00000	1555.19572	1538.12373	1525.04357
2025-08-08T13:30:10Z	5977.00000	1555.19548	1538.12352	1525.04322
2025-08-08T13:30:10Z	5977.00000	1555.19541	1538.12308	1525.04319
2025-08-08T13:30:10Z	5977.00000	1555.19498	1538.12274	1525.04296
2025-08-08T13:30:10Z	5977.00000	1555.19478	1538.12285	1525.04283
2025-08-08T13:30:10Z	5977.00000	1555.19445	1538.12185	1525.04256
2025-08-08T13:30:10Z	5978.00000	1555.19443	1538.12190	1525.04240
2025-08-08T13:30:10Z	5978.00000	1555.19414	1538.12150	1525.04217
2025-08-08T13:30:10Z	5978.00000	1555.19380	1538.12105	1525.04211
2025-08-08T13:30:10Z	5978.00000	1555.19355	1538.12092	1525.04206
2025-08-08T13:30:10Z	5978.00000	1555.19319	1538.12065	1525.04195
2025-08-08T13:30:11Z	5978.00000	1555.19294	1538.12040	1525.04159
2025-08-08T13:30:11Z	5978.00000	1555.19287	1538.11971	1525.04151
2025-08-08T13:30:11Z	5978.00000	1555.19262	1538.11942	1525.04130
2025-08-08T13:30:11Z	5978.00000	1555.19240	1538.11929	1525.04115
2025-08-08T13:30:11Z	5978.00000	1555.19220	1538.11908	1525.04092
2025-08-08T13:30:11Z	5979.00000	1555.19200	1538.11875	1525.04095
2025-08-08T13:30:11Z	5979.00000	1555.19184	1538.11860	1525.04061
2025-08-08T13:30:11Z	5979.00000	1555.19148	1538.11852	1525.04050
2025-08-08T13:30:11Z	5979.00000	1555.19124	1538.11800	1525.04021
2025-08-08T13:30:12Z	5979.00000	1555.19082	1538.11764	1525.04008
2025-08-08T13:30:12Z	5979.00000	1555.19044	1538.11776	1525.03987
2025-08-08T13:30:12Z	5979.00000	1555.19015	1538.11732	1525.03986
2025-08-08T13:30:12Z	5979.00000	1555.18993	1538.11705	1525.03989
2025-08-08T13:30:12Z	5979.00000	1555.18967	1538.11680	1525.03959
2025-08-08T13:30:12Z	5979.00000	1555.18938	1538.11694	1525.03948
2025-08-08T13:30:12Z	5980.00000	1555.18899	1538.11639	1525.03933
2025-08-08T13:30:12Z	5980.00000	1555.18870	1538.11623	1525.03903
2025-08-08T13:30:12Z	5980.00000	1555.18839	1538.11563	1525.03894
2025-08-08T13:30:13Z	5980.00000	1555.18807	1538.11582	1525.03873
2025-08-08T13:30:13Z	5980.00000	1555.18786	1538.11572	1525.03862
2025-08-08T13:30:13Z	5980.00000	1555.18759	1538.11560	1525.03840
2025-08-08T13:30:13Z	5980.00000	1555.18729	1538.11504	1525.03831
2025-08-08T13:30:13Z	5980.00000	1555.18705	1538.11486	1525.03810
2025-08-08T13:30:13Z	5980.00000	1555.18670	1538.11507	1525.03796
2025-08-08T13:30:13Z	5981.00000	1555.18646	1538.11482	1525.03776
2025-08-08T13:30:13Z	5981.00000	1555.18623	1538.11456	1525.03750
2025-08-08T13:30:13Z	5981.00000	1555.18599	1538.11424	1525.03740
2025-08-08T13:30:13Z	5981.00000	1555.18600	1538.11380	1525.03743
2025-08-08T13:30:14Z	5981.00000	1555.18550	1538.11353	1525.03707
2025-08-08T13:30:14Z	5981.00000	1555.18533	1538.11326	1525.03698
2025-08-08T13:30:14Z	5981.00000	1555.18504	1538.11348	1525.03670
2025-08-08T13:30:14Z	5981.00000	1555.18512	1538.11229	1525.03656
2025-08-08T13:30:14Z	5981.00000	1555.18470	1538.11293	1525.03648
2025-08-08T13:30:14Z	5982.00000	1555.18435	1538.11256	1525.03631
2025-08-08T13:30:14Z	5982.00000	1555.18417	1538.11214	1525.03615
2025-08-08T13:30:14Z	5982.00000	1555.18395	1538.11181	1525.03595
2025-08-08T13:30:14Z	5982.00000	1555.18370	1538.11120	1525.03598
2025-08-08T13:30:15Z	5982.00000	1555.18361	1538.11135	1525.03578
2025-08-08T13:30:15Z	5982.00000	1555.18314	1538.11080	1525.03538
2025-08-08T13:30:15Z	5982.00000	1555.18293	1538.11105	1525.03547
2025-08-08T13:30:15Z	5982.00000	1555.18282	1538.11018	1525.03534
2025-08-08T13:30:15Z	5982.00000	1555.18239	1538.11020	1525.03534
2025-08-08T13:30:15Z	5983.00000	1555.18245	1538.11011	1525.03511
2025-08-08T13:30:15Z	5983.00000	1555.18249	1538.10989	1525.03493
2025-08-08T13:30:15Z	5983.00000	1555.18226	1538.10996	1525.03475
2025-08-08T13:30:15Z	5983.00000	1555.18218	1538.10951	1525.03474
2025-08-08T13:30:16Z	5983.00000	1555.18169	1538.10927	1525.03442
2025-08-08T13:30:16Z	5983.00000	1555.18170	1538.10918	1525.03430
2025-08-08T13:30:16Z	5983.00000	1555.18154	1538.10877	1525.03437
2025-08-08T13:30:16Z	5983.00000	1555.18161	1538.10898	1525.03421
2025-08-08T13:30:16Z	5983.00000	1555.18126	1538.10858	1525.03389
2025-08-08T13:30:16Z	5984.00000	1555.18138	1538.10859	1525.03387
2025-08-08T13:30:16Z	5984.00000	1555.18109	1538.10818	1525.03394
2025-08-08T13:30:16Z	5984.00000	1555.18091	1538.10818	1525.03360
2025-08-08T13:30:16Z	5984.00000	1555.18087	1538.10821	1525.03363
2025-08-08T13:30:17Z	5984.00000	1555.18089	1538.10794	1525.03333
2025-08-08T13:30:17Z	5984.00000	1555.18059	1538.10763	1525.03318
2025-08-08T13:30:17Z	5984.00000	1555.18029	1538.10742	1525.03311
2025-08-08T13:30:17Z	5984.00000	1555.18024	1538.10739	1525.03289
2025-08-08T13:30:17Z	5984.00000	1555.18018	1538.10713	1525.03293
2025-08-08T13:30:17Z	5985.00000	1555.17985	1538.10660	1525.03273
2025-08-08T13:30:17Z	5985.00000	1555.17973	1538.10648	1525.03258
2025-08-08T13:30:17Z	5985.00000	1555.17972	1538.10652	1525.03255
2025-08-08T13:30:17Z	5985.00000	1555.17954	1538.10625	1525.03242
2025-08-08T13:30:18Z	5985.00000	1555.17934	1538.10605	1525.03233
2025-08-08T13:30:18Z	5985.00000	1555.17914	1538.10584	1525.03224
2025-08-08T13:30:18Z	5985.00000	1555.17897	1538.10569	1525.03216
2025-08-08T13:30:18Z	5985.00000	1555.17866	1538.10563	1525.03201
2025-08-08T13:30:18Z	5985.00000	1555.17872	1538.10535	1525.03194
2025-08-08T13:30:18Z	5986.00000	1555.17858	1538.10501	1525.03182
2025-08-08T13:30:18Z	5986.00000	1555.17833	1538.10487	1525.03164
2025-08-08T13:30:18Z	5986.00000	1555.17834	1538.10494	1525.03162
2025-08-08T13:30:18Z	5986.00000	1555.17809	1538.10469	1525.03156
2025-08-08T13:30:19Z	5986.00000	1555.17795	1538.10449	1525.03141
2025-08-08T13:30:19Z	5986.00000	1555.17783	1538.10442	1525.03131
2025-08-08T13:30:19Z	5986.00000	1555.17764	1538.10426	1525.03132
2025-08-08T13:30:19Z	5986.00000	1555.17754	1538.10406	1525.03126
2025-08-08T13:30:19Z	5986.00000	1555.17727	1538.10400	1525.03110
2025-08-08T13:30:19Z	5987.00000	1555.17697	1538.10379	1525.03100
2025-08-08T13:30:19Z	5987.00000	1555.17719	1538.10356	1525.03089
2025-08-08T13:30:19Z	5987.00000	1555.17687	1538.10340	1525.03090
2025-08-08T13:30:19Z	5987.00000	1555.17662	1538.10316	1525.03077
2025-08-08T13:30:20Z	5987.00000	1555.17646	1538.10313	1525.03062
2025-08-08T13:30:20Z	5987.00000	1555.17620	1538.10307	1525.03071
2025-08-08T13:30:20Z	5987.00000	1555.17602	1538.10272	1525.03066
2025-08-08T13:30:20Z	5987.00000	1555.17599	1538.10241	1525.03058
2025-08-08T13:30:20Z	5987.00000	1555.17562	1538.10261	1525.03034
2025-08-08T13:30:20Z	5987.00000	1555.17556	1538.10233	1525.03047
2025-08-08T13:30:20Z	5988.00000	1555.17531	1538.10227	1525.03023
2025-08-08T13:30:20Z	5988.00000	1555.17534	1538.10211	1525.03019
2025-08-08T13:30:20Z	5988.00000	1555.17511	1538.10192	1525.03016
2025-08-08T13:30:20Z	5988.00000	1555.17495	1538.10177	1525.03010
2025-08-08T13:30:21Z	5988.00000	1555.17487	1538.10176	1525.02983
2025-08-08T13:30:21Z	5988.00000	1555.17467	1538.10148	1525.02997
2025-08-08T13:30:21Z	5988.00000	1555.17451	1538.10161	1525.02969
2025-08-08T13:30:21Z	5988.00000	1555.17451	1538.10134	1525.02959
2025-08-08T13:30:21Z	5988.00000	1555.17453	1538.10100	1525.02975
2025-08-08T13:30:21Z	5989.00000	1555.17411	1538.10106	1525.02954
2025-08-08T13:30:21Z	5989.00000	1555.17399	1538.10067	1525.02959
2025-08-08T13:30:21Z	5989.00000	1555.17389	1538.10059	1525.02934
2025-08-08T13:30:21Z	5989.00000	1555.17388	1538.10050	1525.02919
2025-08-08T13:30:22Z	5989.00000	1555.17355	1538.10044	1525.02948
2025-08-08T13:30:22Z	5989.00000	1555.17362	1538.10006	1525.02935
2025-08-08T13:30:22Z	5989.00000	1555.17370	1538.10020	1525.02901
2025-08-08T13:30:22Z	5989.00000	1555.17337	1538.09983	1525.02895
2025-08-08T13:30:22Z	5989.00000	1555.17316	1538.10008	1525.02896
2025-08-08T13:30:22Z	5990.00000	1555.17301	1538.09996	1525.02880
2025-08-08T13:30:22Z	5990.00000	1555.17282	1538.09952	1525.02879
2025-08-08T13:30:22Z	5990.00000	1555.17258	1538.09936	1525.02869
2025-08-08T13:30:22Z	5990.00000	1555.17261	1538.09960	1525.02870
2025-08-08T13:30:22Z	5990.00000	1555.17249	1538.09951	1525.02872
2025-08-08T13:30:23Z	5990.00000	1555.17232	1538.09951	1525.02891
2025-08-08T13:30:23Z	5990.00000	1555.17203	1538.09927	1525.02837
2025-08-08T13:30:23Z	5990.00000	1555.17172	1538.09905	1525.02834
2025-08-08T13:30:23Z	5990.00000	1555.17163	1538.09892	1525.02829
2025-08-08T13:30:23Z	5990.00000	1555.17147	1538.09852	1525.02825
2025-08-08T13:30:23Z	5991.00000	1555.17133	1538.09824	1525.02818
2025-08-08T13:30:23Z	5991.00000	1555.17134	1538.09856	1525.02805
2025-08-08T13:30:23Z	5991.00000	1555.17116	1538.09832	1525.02797
2025-08-08T13:30:23Z	5991.00000	1555.17090	1538.09790	1525.02799
2025-08-08T13:30:24Z	5991.00000	1555.17082	1538.09866	1525.02779
2025-08-08T13:30:24Z	5991.00000	1555.17067	1538.09836	1525.02773
2025-08-08T13:30:24Z	5991.00000	1555.17067	1538.09821	1525.02768
2025-08-08T13:30:24Z	5991.00000	1555.17034	1538.09748	1525.02755
2025-08-08T13:30:24Z	5991.00000	1555.17033	1538.09702	1525.02747
2025-08-08T13:30:24Z	5992.00000	1555.17028	1538.09721	1525.02742
2025-08-08T13:30:24Z	5992.00000	1555.17013	1538.09714	1525.02730
2025-08-08T13:30:24Z	5992.00000	1555.16998	1538.09691	1525.02699
2025-08-08T13:30:24Z	5992.00000	1555.16983	1538.09677	1525.02707
2025-08-08T13:30:24Z	5992.00000	1555.16969	1538.09722	1525.02712
2025-08-08T13:30:25Z	5992.00000	1555.16964	1538.09703	1525.02685
2025-08-08T13:30:25Z	5992.00000	1555.16956	1538.09702	1525.02682
2025-08-08T13:30:25Z	5992.00000	1555.16928	1538.09643	1525.02670
2025-08-08T13:30:25Z	5992.00000	1555.16927	1538.09631	1525.02673
2025-08-08T13:30:25Z	5992.00000	1555.16907	1538.09650	1525.02661
2025-08-08T13:30:25Z	5993.00000	1555.16897	1538.09638	1525.02653
2025-08-08T13:30:25Z	5993.00000	1555.16891	1538.09621	1525.02643
2025-08-08T13:30:25Z	5993.00000	1555.16878	1538.09562	1525.02636
2025-08-08T13:30:25Z	5993.00000	1555.16874	1538.09606	1525.02649
2025-08-08T13:30:26Z	5993.00000	1555.16862	1538.09556	1525.02623
2025-08-08T13:30:26Z	5993.00000	1555.16850	1538.09571	1525.02625
2025-08-08T13:30:26Z	5993.00000	1555.16834	1538.09525	1525.02612
2025-08-08T13:30:26Z	5993.00000	1555.16825	1538.09543	1525.02590
2025-08-08T13:30:26Z	5993.00000	1555.16811	1538.09500	1525.02592
2025-08-08T13:30:26Z	5994.00000	1555.16812	1538.09527	1525.02590
2025-08-08T13:30:26Z	5994.00000	1555.16806	1538.09520	1525.02582
2025-08-08T13:30:26Z	5994.00000	1555.16776	1538.09531	1525.02574
2025-08-08T13:30:26Z	5994.00000	1555.16769	1538.09456	1525.02564
2025-08-08T13:30:26Z	5994.00000	1555.16760	1538.09492	1525.02554
2025-08-08T13:30:27Z	5994.00000	1555.16754	1538.09502	1525.02560
2025-08-08T13:30:27Z	5994.00000	1555.16745	1538.09488	1525.02547
2025-08-08T13:30:27Z	5994.00000	1555.16739	1538.09454	1525.02536
2025-08-08T13:30:27Z	5994.00000	1555.16755	1538.09434	1525.02516
2025-08-08T13:30:27Z	5995.00000	1555.16751	1538.09457	1525.02512
2025-08-08T13:30:27Z	5995.00000	1555.16725	1538.09438	1525.02514
2025-08-08T13:30:27Z	5995.00000	1555.16703	1538.09438	1525.02509
2025-08-08T13:30:27Z	5995.00000	1555.16704	1538.09404	1525.02500
2025-08-08T13:30:27Z	5995.00000	1555.16701	1538.09414	1525.02508
2025-08-08T13:30:28Z	5995.00000	1555.16699	1538.09386	1525.02472
2025-08-08T13:30:28Z	5995.00000	1555.16666	1538.09337	1525.02493
2025-08-08T13:30:28Z	5995.00000	1555.16680	1538.09364	1525.02464
2025-08-08T13:30:28Z	5995.00000	1555.16667	1538.09352	1525.02470
2025-08-08T13:30:28Z	5995.00000	1555.16662	1538.09337	1525.02466
2025-08-08T13:30:28Z	5996.00000	1555.16662	1538.09305	1525.02446
2025-08-08T13:30:28Z	5996.00000	1555.16629	1538.09299	1525.02435
2025-08-08T13:30:28Z	5996.00000	1555.16672	1538.09329	1525.02420
2025-08-08T13:30:28Z	5996.00000	1555.16623	1538.09281	1525.02431
2025-08-08T13:30:29Z	5996.00000	1555.16627	1538.09298	1525.02413
2025-08-08T13:30:29Z	5996.00000	1555.16618	1538.09248	1525.02416
2025-08-08T13:30:29Z	5996.00000	1555.16609	1538.09269	1525.02415
2025-08-08T13:30:29Z	5996.00000	1555.16614	1538.09254	1525.02415
2025-08-08T13:30:29Z	5996.00000	1555.16592	1538.09207	1525.02395
2025-08-08T13:30:29Z	5997.00000	1555.16600	1538.09203	1525.02400
2025-08-08T13:30:29Z	5997.00000	1555.16553	1538.09191	1525.02392
2025-08-08T13:30:29Z	5997.00000	1555.16573	1538.09227	1525.02386
2025-08-08T13:30:29Z	5997.00000	1555.16571	1538.09164	1525.02379
2025-08-08T13:30:29Z	5997.00000	1555.16558	1538.09171	1525.02352
2025-08-08T13:30:30Z	5997.00000	1555.16549	1538.09171	1525.02361
2025-08-08T13:30:30Z	5997.00000	1555.16518	1538.09149	1525.02352
2025-08-08T13:30:30Z	5997.00000	1555.16514	1538.09152	1525.02337
2025-08-08T13:30:30Z	5997.00000	1555.16535	1538.09164	1525.02344
2025-08-08T13:30:30Z	5997.00000	1555.16481	1538.09117	1525.02351
2025-08-08T13:30:30Z	5998.00000	1555.16485	1538.09100	1525.02328
2025-08-08T13:30:30Z	5998.00000	1555.16503	1538.09135	1525.02329
2025-08-08T13:30:30Z	5998.00000	1555.16480	1538.09094	1525.02316
2025-08-08T13:30:30Z	5998.00000	1555.16466	1538.09083	1525.02328
2025-08-08T13:30:31Z	5998.00000	1555.16471	1538.09056	1525.02310
2025-08-08T13:30:31Z	5998.00000	1555.16438	1538.09059	1525.02293
2025-08-08T13:30:31Z	5998.00000	1555.16436	1538.09048	1525.02272
2025-08-08T13:30:31Z	5998.00000	1555.16424	1538.09041	1525.02294
2025-08-08T13:30:31Z	5998.00000	1555.16443	1538.09026	1525.02266
2025-08-08T13:30:31Z	5999.00000	1555.16441	1538.09004	1525.02265
2025-08-08T13:30:31Z	5999.00000	1555.16427	1538.09009	1525.02274
2025-08-08T13:30:31Z	5999.00000	1555.16413	1538.09005	1525.02265
2025-08-08T13:30:31Z	5999.00000	1555.16387	1538.08987	1525.02249
2025-08-08T13:30:32Z	5999.00000	1555.16374	1538.08968	1525.02257
2025-08-08T13:30:32Z	5999.00000	1555.16405	1538.08973	1525.02230
2025-08-08T13:30:32Z	5999.00000	1555.16357	1538.08965	1525.02231
2025-08-08T13:30:32Z	5999.00000	1555.16382	1538.08946	1525.02219
2025-08-08T13:30:32Z	5999.00000	1555.16358	1538.08900	1525.02213
2025-08-08T13:30:32Z	6000.00000	1555.16370	1538.08916	1525.02219
2025-08-08T13:30:32Z	6000.00000	1555.16357	1538.08917	1525.02198
2025-08-08T13:30:32Z	6000.00000	1555.16368	1538.08912	1525.02184
2025-08-08T13:30:32Z	6000.00000	1555.16321	1538.08897	1525.02196
2025-08-08T13:30:33Z	6000.00000	1555.16326	1538.08902	1525.02187
2025-08-08T13:30:33Z	6000.00000	1555.16310	1538.08882	1525.02180
2025-08-08T13:30:33Z	6000.00000	1555.16322	1538.08865	1525.02173
2025-08-08T13:30:33Z	6000.00000	1555.16309	1538.08863	1525.02167
2025-08-08T13:30:33Z	6000.00000	1555.16292	1538.08856	1525.02161
2025-08-08T13:30:33Z	6000.00000	1555.16277	1538.08841	1525.02156
2025-08-08T13:30:33Z	6001.00000	1555.16282	1538.08837	1525.02149
2025-08-08T13:30:33Z	6001.00000	1555.16263	1538.08847	1525.02148
2025-08-08T13:30:33Z	6001.00000	1555.16266	1538.08833	1525.02138
2025-08-08T13:30:33Z	6001.00000	1555.16265	1538.08839	1525.02134
2025-08-08T13:30:34Z	6001.00000	1555.16241	1538.08805	1525.02133
2025-08-08T13:30:34Z	6001.00000	1555.16234	1538.08805	1525.02123
2025-08-08T13:30:34Z	6001.00000	1555.16231	1538.08767	1525.02113
2025-08-08T13:30:34Z	6001.00000	1555.16228	1538.08772	1525.02105
2025-08-08T13:30:34Z	6001.00000	1555.16222	1538.08807	1525.02112
2025-08-08T13:30:34Z	6002.00000	1555.16194	1538.08772	1525.02104
2025-08-08T13:30:34Z	6002.00000	1555.16218	1538.08764	1525.02100
2025-08-08T13:30:34Z	6002.00000	1555.16191	1538.08776	1525.02096
2025-08-08T13:30:34Z	6002.00000	1555.16175	1538.08734	1525.02075
2025-08-08T13:30:35Z	6002.00000	1555.16167	1538.08730	1525.02076
2025-08-08T13:30:35Z	6002.00000	1555.16172	1538.08721	1525.02057
2025-08-08T13:30:35Z	6002.00000	1555.16155	1538.08688	1525.02071
2025-08-08T13:30:35Z	6002.00000	1555.16140	1538.08713	1525.02045
2025-08-08T13:30:35Z	6002.00000	1555.16139	1538.08693	1525.02055
2025-08-08T13:30:35Z	6003.00000	1555.16128	1538.08689	1525.02033
2025-08-08T13:30:35Z	6003.00000	1555.16110	1538.08665	1525.02035
2025-08-08T13:30:35Z	6003.00000	1555.16103	1538.08651	1525.02040
2025-08-08T13:30:35Z	6003.00000	1555.16112	1538.08671	1525.02042
2025-08-08T13:30:36Z	6003.00000	1555.16098	1538.08661	1525.02033
2025-08-08T13:30:36Z	6003.00000	1555.16105	1538.08660	1525.02015
2025-08-08T13:30:36Z	6003.00000	1555.16064	1538.08648	1525.02005
2025-08-08T13:30:36Z	6003.00000	1555.16064	1538.08609	1525.02025
2025-08-08T13:30:36Z	6003.00000	1555.16059	1538.08632	1525.02021
2025-08-08T13:30:36Z	6003.00000	1555.16052	1538.08634	1525.02010
2025-08-08T13:30:36Z	6004.00000	1555.16038	1538.08618	1525.01986
2025-08-08T13:30:36Z	6004.00000	1555.16034	1538.08601	1525.01997
2025-08-08T13:30:36Z	6004.00000	1555.16023	1538.08599	1525.02002
2025-08-08T13:30:36Z	6004.00000	1555.16014	1538.08604	1525.01986
2025-08-08T13:30:37Z	6004.00000	1555.16012	1538.08587	1525.01981
2025-08-08T13:30:37Z	6004.00000	1555.15999	1538.08584	1525.01965
2025-08-08T13:30:37Z	6004.00000	1555.15975	1538.08581	1525.01973
2025-08-08T13:30:37Z	6004.00000	1555.15988	1538.08568	1525.01958
2025-08-08T13:30:37Z	6004.00000	1555.15992	1538.08569	1525.01977
2025-08-08T13:30:37Z	6005.00000	1555.15963	1538.08529	1525.01962
2025-08-08T13:30:37Z	6005.00000	1555.15960	1538.08508	1525.01949
2025-08-08T13:30:37Z	6005.00000	1555.15950	1538.08544	1525.01940
2025-08-08T13:30:38Z	6005.00000	1555.15927	1538.08522	1525.01931
2025-08-08T13:30:38Z	6005.00000	1555.15931	1538.08483	1525.01953
2025-08-08T13:30:38Z	6005.00000	1555.15931	1538.08488	1525.01933
2025-08-08T13:30:38Z	6005.00000	1555.15930	1538.08534	1525.01931
2025-08-08T13:30:38Z	6005.00000	1555.15895	1538.08498	1525.01930
2025-08-08T13:30:38Z	6005.00000	1555.15890	1538.08482	1525.01922
2025-08-08T13:30:38Z	6006.00000	1555.15891	1538.08464	1525.01909
2025-08-08T13:30:38Z	6006.00000	1555.15874	1538.08478	1525.01917
2025-08-08T13:30:38Z	6006.00000	1555.15871	1538.08413	1525.01928
2025-08-08T13:30:38Z	6006.00000	1555.15857	1538.08459	1525.01911
2025-08-08T13:30:39Z	6006.00000	1555.15835	1538.08391	1525.01896
2025-08-08T13:30:39Z	6006.00000	1555.15831	1538.08437	1525.01891
2025-08-08T13:30:39Z	6006.00000	1555.15852	1538.08404	1525.01891
2025-08-08T13:30:39Z	6006.00000	1555.15832	1538.08383	1525.01888
2025-08-08T13:30:39Z	6006.00000	1555.15820	1538.08398	1525.01884
2025-08-08T13:30:39Z	6007.00000	1555.15818	1538.08379	1525.01881
2025-08-08T13:30:39Z	6007.00000	1555.15796	1538.08406	1525.01873
2025-08-08T13:30:39Z	6007.00000	1555.15790	1538.08348	1525.01881
2025-08-08T13:30:39Z	6007.00000	1555.15778	1538.08307	1525.01872
2025-08-08T13:30:40Z	6007.00000	1555.15780	1538.08302	1525.01861
2025-08-08T13:30:40Z	6007.00000	1555.15765	1538.08349	1525.01858
2025-08-08T13:30:40Z	6007.00000	1555.15771	1538.08335	1525.01846
2025-08-08T13:30:40Z	6007.00000	1555.15753	1538.08334	1525.01845
2025-08-08T13:30:40Z	6007.00000	1555.15779	1538.08306	1525.01866
2025-08-08T13:30:40Z	6008.00000	1555.15736	1538.08307	1525.01835
2025-08-08T13:30:40Z	6008.00000	1555.15720	1538.08306	1525.01844
2025-08-08T13:30:40Z	6008.00000	1555.15719	1538.08285	1525.01829
2025-08-08T13:30:40Z	6008.00000	1555.15707	1538.08272	1525.01831
2025-08-08T13:30:41Z	6008.00000	1555.15711	1538.08280	1525.01844
2025-08-08T13:30:41Z	6008.00000	1555.15707	1538.08251	1525.01832
2025-08-08T13:30:41Z	6008.00000	1555.15693	1538.08253	1525.01831
2025-08-08T13:30:41Z	6008.00000	1555.15687	1538.08243	1525.01841
2025-08-08T13:30:41Z	6008.00000	1555.15687	1538.08233	1525.01813
2025-08-08T13:30:41Z	6009.00000	1555.15656	1538.08247	1525.01813
2025-08-08T13:30:41Z	6009.00000	1555.15684	1538.08211	1525.01813
2025-08-08T13:30:41Z	6009.00000	1555.15658	1538.08213	1525.01807
2025-08-08T13:30:41Z	6009.00000	1555.15653	1538.08218	1525.01813
2025-08-08T13:30:42Z	6009.00000	1555.15622	1538.08231	1525.01797
2025-08-08T13:30:42Z	6009.00000	1555.15652	1538.08203	1525.01807
2025-08-08T13:30:42Z	6009.00000	1555.15611	1538.08189	1525.01798
2025-08-08T13:30:42Z	6009.00000	1555.15625	1538.08202	1525.01791
2025-08-08T13:30:42Z	6009.00000	1555.15598	1538.08194	1525.01789
2025-08-08T13:30:42Z	6010.00000	1555.15599	1538.08154	1525.01783
2025-08-08T13:30:42Z	6010.00000	1555.15586	1538.08151	1525.01777
2025-08-08T13:30:42Z	6010.00000	1555.15590	1538.08157	1525.01774
2025-08-08T13:30:42Z	6010.00000	1555.15574	1538.08169	1525.01789
2025-08-08T13:30:43Z	6010.00000	1555.15594	1538.08163	1525.01791
2025-08-08T13:30:43Z	6010.00000	1555.15567	1538.08161	1525.01761
2025-08-08T13:30:43Z	6010.00000	1555.15558	1538.08094	1525.01767
2025-08-08T13:30:43Z	6010.00000	1555.15538	1538.08105	1525.01762
2025-08-08T13:30:43Z	6010.00000	1555.15525	1538.08141	1525.01757
2025-08-08T13:30:43Z	6011.00000	1555.15506	1538.08121	1525.01754
2025-08-08T13:30:43Z	6011.00000	1555.15544	1538.08134	1525.01754
2025-08-08T13:30:43Z	6011.00000	1555.15507	1538.08099	1525.01752
2025-08-08T13:30:43Z	6011.00000	1555.15522	1538.08113	1525.01745
2025-08-08T13:30:43Z	6011.00000	1555.15495	1538.08084	1525.01743
2025-08-08T13:30:44Z	6011.00000	1555.15476	1538.08113	1525.01742
2025-08-08T13:30:44Z	6011.00000	1555.15479	1538.08062	1525.01736
2025-08-08T13:30:44Z	6011.00000	1555.15475	1538.08087	1525.01731
2025-08-08T13:30:44Z	6011.00000	1555.15455	1538.08105	1525.01726
2025-08-08T13:30:44Z	6012.00000	1555.15452	1538.08065	1525.01712
2025-08-08T13:30:44Z	6012.00000	1555.15440	1538.08073	1525.01724
2025-08-08T13:30:44Z	6012.00000	1555.15449	1538.08042	1525.01721
2025-08-08T13:30:44Z	6012.00000	1555.40900	1538.32018	1525.15698
2025-08-08T13:30:44Z	6012.00000	1555.70294	1538.59153	1525.31682
2025-08-08T13:30:45Z	6012.00000	1555.94936	1538.82421	1525.45202
2025-08-08T13:30:45Z	6012.00000	1556.27220	1539.12641	1525.62409
2025-08-08T13:30:45Z	6012.00000	1556.58903	1539.42046	1525.79092
2025-08-08T13:30:45Z	6012.00000	1556.89713	1539.70866	1525.95929
2025-08-08T13:30:45Z	6013.00000	1557.15323	1539.95050	1526.09897
2025-08-08T13:30:45Z	6013.00000	1557.36586	1540.14856	1526.21488
2025-08-08T13:30:45Z	6013.00000	1557.57289	1540.34560	1526.32571
2025-08-08T13:30:45Z	6013.00000	1557.77153	1540.53292	1526.43669
2025-08-08T13:30:45Z	6013.00000	1557.96311	1540.71336	1526.53837
2025-08-08T13:30:46Z	6013.00000	1558.16141	1540.90047	1526.64789
2025-08-08T13:30:46Z	6013.00000	1558.37449	1541.10290	1526.76563
2025-08-08T13:30:46Z	6013.00000	1558.55786	1541.27765	1526.86547
2025-08-08T13:30:46Z	6013.00000	1558.81183	1541.51905	1527.00783
2025-08-08T13:30:46Z	6013.00000	1558.99453	1541.69569	1527.10677
2025-08-08T13:30:46Z	6014.00000	1559.16462	1541.85976	1527.20344
2025-08-08T13:30:46Z	6014.00000	1559.30186	1541.99401	1527.28025
2025-08-08T13:30:46Z	6014.00000	1559.46863	1542.15633	1527.37706
2025-08-08T13:30:46Z	6014.00000	1559.60667	1542.28716	1527.45319
2025-08-08T13:30:47Z	6014.00000	1559.73114	1542.40745	1527.52387
2025-08-08T13:30:47Z	6014.00000	1559.82706	1542.49565	1527.57663
2025-08-08T13:30:47Z	6014.00000	1559.91370	1542.58293	1527.62439
2025-08-08T13:30:47Z	6014.00000	1559.99152	1542.65359	1527.66686
2025-08-08T13:30:47Z	6014.00000	1560.05722	1542.71963	1527.70446
2025-08-08T13:30:47Z	6015.00000	1560.17199	1542.82280	1527.76996
2025-08-08T13:30:47Z	6015.00000	1560.23208	1542.88333	1527.80412
2025-08-08T13:30:47Z	6015.00000	1560.28882	1542.93534	1527.83640
2025-08-08T13:30:48Z	6015.00000	1560.32869	1542.96878	1527.85760
2025-08-08T13:30:48Z	6015.00000	1560.35698	1542.99537	1527.87414
2025-08-08T13:30:48Z	6015.00000	1560.38951	1543.02372	1527.89286
2025-08-08T13:30:48Z	6015.00000	1560.41353	1543.04430	1527.90706
2025-08-08T13:30:48Z	6015.00000	1560.43229	1543.06741	1527.91764
2025-08-08T13:30:48Z	6016.00000	1560.45240	1543.08587	1527.92872
2025-08-08T13:30:48Z	6016.00000	1560.46773	1543.09878	1527.93680
2025-08-08T13:30:48Z	6016.00000	1560.48624	1543.11344	1527.94598
2025-08-08T13:30:48Z	6016.00000	1560.50097	1543.12585	1527.95408
2025-08-08T13:30:48Z	6016.00000	1560.51288	1543.13635	1527.96029
2025-08-08T13:30:49Z	6016.00000	1560.52355	1543.14529	1527.96656
2025-08-08T13:30:49Z	6016.00000	1560.53334	1543.15483	1527.97182
2025-08-08T13:30:49Z	6016.00000	1560.54294	1543.16270	1527.97733
2025-08-08T13:30:49Z	6016.00000	1560.55189	1543.17090	1527.98176
2025-08-08T13:30:49Z	6016.00000	1560.56031	1543.17762	1527.98714
2025-08-08T13:30:49Z	6017.00000	1560.56948	1543.18613	1527.99181
2025-08-08T13:30:49Z	6017.00000	1560.57693	1543.19252	1527.99597
2025-08-08T13:30:49Z	6017.00000	1558.77173	1541.43737	1526.99258
2025-08-08T13:30:49Z	6017.00000	1558.34840	1541.04794	1526.75475
2025-08-08T13:30:49Z	6017.00000	1558.07538	1540.79494	1526.60312
2025-08-08T13:30:50Z	6017.00000	1557.84688	1540.58244	1526.47518
2025-08-08T13:30:50Z	6017.00000	1557.57232	1540.32905	1526.32253
2025-08-08T13:30:50Z	6017.00000	1557.37614	1540.14730	1526.21657
2025-08-08T13:30:50Z	6017.00000	1557.18524	1539.97401	1526.11043
2025-08-08T13:30:50Z	6017.00000	1556.99860	1539.79921	1526.01023
2025-08-08T13:30:50Z	6018.00000	1556.75376	1539.57312	1525.87638
2025-08-08T13:30:50Z	6018.00000	1556.57727	1539.41050	1525.77832
2025-08-08T13:30:50Z	6018.00000	1556.40555	1539.25326	1525.68887
2025-08-08T13:30:50Z	6018.00000	1556.23957	1539.10054	1525.60177
2025-08-08T13:30:50Z	6018.00000	1556.02067	1538.89600	1525.48777
2025-08-08T13:30:51Z	6018.00000	1555.86443	1538.75032	1525.40349
2025-08-08T13:30:51Z	6018.00000	1555.71297	1538.60703	1525.32195
2025-08-08T13:30:51Z	6018.00000	1555.56228	1538.46628	1525.24186
2025-08-08T13:30:51Z	6018.00000	1555.41373	1538.33145	1525.16096
2025-08-08T13:30:51Z	6018.00000	1555.27338	1538.20155	1525.08747
2025-08-08T13:30:51Z	6019.00000	1555.24187	1538.17317	1525.06987
2025-08-08T13:30:51Z	6019.00000	1555.23784	1538.16849	1525.06775
2025-08-08T13:30:51Z	6019.00000	1555.23370	1538.16427	1525.06524
2025-08-08T13:30:51Z	6019.00000	1555.22942	1538.16059	1525.06371
2025-08-08T13:30:52Z	6019.00000	1555.22675	1538.15747	1525.06200
2025-08-08T13:30:52Z	6019.00000	1555.22505	1538.15539	1525.06053
2025-08-08T13:30:52Z	6019.00000	1555.22285	1538.15280	1525.05889
2025-08-08T13:30:52Z	6019.00000	1555.22027	1538.15004	1525.05739
2025-08-08T13:30:52Z	6019.00000	1555.21828	1538.14834	1525.05589
2025-08-08T13:30:52Z	6020.00000	1555.21608	1538.14653	1525.05494
2025-08-08T13:30:52Z	6020.00000	1555.21456	1538.14376	1525.05412
2025-08-08T13:30:52Z	6020.00000	1555.21323	1538.14201	1525.05336
2025-08-08T13:30:52Z	6020.00000	1555.21181	1538.14057	1525.05281
2025-08-08T13:30:52Z	6020.00000	1555.21050	1538.13929	1525.05188
2025-08-08T13:30:53Z	6020.00000	1555.20936	1538.13793	1525.05121
2025-08-08T13:30:53Z	6020.00000	1555.20865	1538.13693	1525.05047
2025-08-08T13:30:53Z	6020.00000	1555.20738	1538.13524	1525.04939
2025-08-08T13:30:53Z	6020.00000	1555.20542	1538.13344	1525.04828
2025-08-08T13:30:53Z	6020.00000	1555.20465	1538.13272	1525.04764
2025-08-08T13:30:53Z	6021.00000	1555.20341	1538.13211	1525.04721
2025-08-08T13:30:53Z	6021.00000	1555.20251	1538.13103	1525.04651
2025-08-08T13:30:53Z	6021.00000	1555.20135	1538.13028	1525.04583
2025-08-08T13:30:53Z	6021.00000	1555.20032	1538.12930	1525.04532
2025-08-08T13:30:54Z	6021.00000	1555.19912	1538.12828	1525.04483
2025-08-08T13:30:54Z	6021.00000	1555.19849	1538.12742	1525.04414
2025-08-08T13:30:54Z	6021.00000	1555.19789	1538.12647	1525.04380
2025-08-08T13:30:54Z	6021.00000	1555.19695	1538.12506	1525.04323
2025-08-08T13:30:54Z	6021.00000	1555.19631	1538.12422	1525.04278
2025-08-08T13:30:54Z	6022.00000	1555.19580	1538.12352	1525.04231
2025-08-08T13:30:54Z	6022.00000	1555.19522	1538.12297	1525.04213
2025-08-08T13:30:54Z	6022.00000	1555.19491	1538.12231	1525.04155
2025-08-08T13:30:54Z	6022.00000	1555.19427	1538.12138	1525.04115
2025-08-08T13:30:54Z	6022.00000	1555.19364	1538.12087	1525.04108
2025-08-08T13:30:55Z	6022.00000	1555.19274	1538.12036	1525.04018
2025-08-08T13:30:55Z	6022.00000	1555.19242	1538.11908	1525.03999
2025-08-08T13:30:55Z	6022.00000	1555.19213	1538.11847	1525.03963
2025-08-08T13:30:55Z	6022.00000	1555.19149	1538.11831	1525.03932
2025-08-08T13:30:55Z	6022.00000	1555.19089	1538.11793	1525.03894
2025-08-08T13:30:55Z	6023.00000	1555.19028	1538.11720	1525.03878
2025-08-08T13:30:55Z	6023.00000	1555.18959	1538.11686	1525.03847
2025-08-08T13:30:55Z	6023.00000	1555.40252	1538.31760	1525.15571
2025-08-08T13:30:55Z	6023.00000	1555.66745	1538.56140	1525.30029
2025-08-08T13:30:56Z	6023.00000	1555.95956	1538.83412	1525.45715
2025-08-08T13:30:56Z	6023.00000	1556.20645	1539.06775	1525.58840
2025-08-08T13:30:56Z	6023.00000	1556.44921	1539.29460	1525.71729
2025-08-08T13:30:56Z	6023.00000	1556.68612	1539.51336	1525.84609
2025-08-08T13:30:56Z	6023.00000	1556.98747	1539.79631	1526.01085
2025-08-08T13:30:56Z	6023.00000	1557.21160	1540.00829	1526.13075
2025-08-08T13:30:56Z	6024.00000	1557.46254	1540.24378	1526.26823
2025-08-08T13:30:56Z	6024.00000	1557.67107	1540.43808	1526.38120
2025-08-08T13:30:56Z	6024.00000	1557.87005	1540.62506	1526.48867
2025-08-08T13:30:56Z	6024.00000	1558.06394	1540.80850	1526.59601
2025-08-08T13:30:57Z	6024.00000	1558.31187	1541.04409	1526.73166
2025-08-08T13:30:57Z	6024.00000	1558.52215	1541.24181	1526.84707
2025-08-08T13:30:57Z	6024.00000	1558.72682	1541.43816	1526.96060
2025-08-08T13:30:57Z	6024.00000	1558.89020	1541.59153	1527.04983
2025-08-08T13:30:57Z	6024.00000	1559.05144	1541.74884	1527.14003
2025-08-08T13:30:57Z	6025.00000	1559.21108	1541.90268	1527.22962
2025-08-08T13:30:57Z	6025.00000	1559.39751	1542.08157	1527.33581
2025-08-08T13:30:57Z	6025.00000	1559.54804	1542.22907	1527.42082
2025-08-08T13:30:57Z	6025.00000	1559.66820	1542.34659	1527.48690
2025-08-08T13:30:58Z	6025.00000	1559.78997	1542.46145	1527.55780
2025-08-08T13:30:58Z	6025.00000	1559.90183	1542.56862	1527.61771
2025-08-08T13:30:58Z	6025.00000	1559.98229	1542.64508	1527.66289
2025-08-08T13:30:58Z	6025.00000	1560.05649	1542.71757	1527.70495
2025-08-08T13:30:58Z	6025.00000	1560.13222	1542.78758	1527.74918
2025-08-08T13:30:58Z	6025.00000	1560.19413	1542.84246	1527.78323
2025-08-08T13:30:58Z	6026.00000	1560.25892	1542.90802	1527.81905
2025-08-08T13:30:58Z	6026.00000	1560.30605	1542.95010	1527.84569
2025-08-08T13:30:58Z	6026.00000	1560.34427	1542.98307	1527.86566
2025-08-08T13:30:58Z	6026.00000	1560.38031	1543.01572	1527.88755
2025-08-08T13:30:59Z	6026.00000	1560.40671	1543.03905	1527.90200
2025-08-08T13:30:59Z	6026.00000	1560.43000	1543.06573	1527.91559
2025-08-08T13:30:59Z	6026.00000	1560.45094	1543.08510	1527.92769
2025-08-08T13:30:59Z	6026.00000	1560.46947	1543.10157	1527.93804
2025-08-08T13:30:59Z	6026.00000	1560.48999	1543.11690	1527.94738
2025-08-08T13:30:59Z	6027.00000	1560.51045	1543.13499	1527.95884
2025-08-08T13:30:59Z	6027.00000	1560.52598	1543.14853	1527.96778
2025-08-08T13:30:59Z	6027.00000	1560.53806	1543.15942	1527.97426
2025-08-08T13:30:59Z	6027.00000	1560.54892	1543.16959	1527.97996
2025-08-08T13:31:00Z	6027.00000	1560.56251	1543.18028	1527.98786
2025-08-08T13:31:00Z	6027.00000	1560.57165	1543.18871	1527.99251
2025-08-08T13:31:00Z	6027.00000	1560.58042	1543.19627	1527.99810
2025-08-08T13:31:00Z	6027.00000	1560.58896	1543.20446	1528.00212
2025-08-08T13:31:00Z	6027.00000	1560.59699	1543.21140	1528.00680
2025-08-08T13:31:00Z	6027.00000	1560.60565	1543.21889	1528.01178
2025-08-08T13:31:00Z	6028.00000	1560.61258	1543.22565	1528.01527
2025-08-08T13:31:00Z	6028.00000	1559.04034	1541.67578	1527.13572
2025-08-08T13:31:00Z	6028.00000	1558.46682	1541.15901	1526.82245
2025-08-08T13:31:00Z	6028.00000	1558.18537	1540.89794	1526.66413
2025-08-08T13:31:01Z	6028.00000	1557.87246	1540.60653	1526.48925
2025-08-08T13:31:01Z	6028.00000	1557.66377	1540.41519	1526.37512
2025-08-08T13:31:01Z	6028.00000	1557.46256	1540.22961	1526.26483
2025-08-08T13:31:01Z	6028.00000	1557.23046	1540.01721	1526.13574
2025-08-08T13:31:01Z	6028.00000	1556.98178	1539.78397	1526.00150
2025-08-08T13:31:01Z	6029.00000	1556.79729	1539.61605	1525.90049
2025-08-08T13:31:01Z	6029.00000	1556.61597	1539.44845	1525.80145
2025-08-08T13:31:01Z	6029.00000	1556.38438	1539.23389	1525.67943
2025-08-08T13:31:01Z	6029.00000	1556.21566	1539.08005	1525.58978
2025-08-08T13:31:01Z	6029.00000	1556.05304	1538.92875	1525.50545
2025-08-08T13:31:02Z	6029.00000	1555.84817	1538.73626	1525.39570
2025-08-08T13:31:02Z	6029.00000	1555.64399	1538.54398	1525.28756
2025-08-08T13:31:02Z	6029.00000	1555.42296	1538.34162	1525.16688
2025-08-08T13:31:02Z	6029.00000	1555.26484	1538.19536	1525.08475
2025-08-08T13:31:02Z	6030.00000	1555.25518	1538.18668	1525.07840
2025-08-08T13:31:02Z	6030.00000	1555.25097	1538.18193	1525.07609
2025-08-08T13:31:02Z	6030.00000	1555.24722	1538.17830	1525.07440
2025-08-08T13:31:02Z	6030.00000	1555.24355	1538.17540	1525.07262
2025-08-08T13:31:03Z	6030.00000	1555.24002	1538.17149	1525.07002
2025-08-08T13:31:03Z	6030.00000	1555.23752	1538.16861	1525.06831
2025-08-08T13:31:03Z	6030.00000	1555.23573	1538.16682	1525.06694
2025-08-08T13:31:03Z	6030.00000	1555.23355	1538.16456	1525.06593
2025-08-08T13:31:03Z	6030.00000	1555.23123	1538.16239	1525.06505
2025-08-08T13:31:03Z	6031.00000	1555.22915	1538.16062	1525.06413
2025-08-08T13:31:03Z	6031.00000	1555.22713	1538.15877	1525.06320
2025-08-08T13:31:03Z	6031.00000	1555.22583	1538.15736	1525.06207
2025-08-08T13:31:03Z	6031.00000	1555.22504	1538.15545	1525.06119
2025-08-08T13:31:03Z	6031.00000	1555.22405	1538.15468	1525.06050
2025-08-08T13:31:04Z	6031.00000	1555.22274	1538.15303	1525.05941
2025-08-08T13:31:04Z	6031.00000	1555.22134	1538.15200	1525.05875
2025-08-08T13:31:04Z	6031.00000	1555.22022	1538.15050	1525.05782
2025-08-08T13:31:04Z	6031.00000	1555.21845	1538.14879	1525.05627
2025-08-08T13:31:04Z	6031.00000	1555.21777	1538.14845	1525.05622
2025-08-08T13:31:04Z	6032.00000	1555.21638	1538.14728	1525.05568
2025-08-08T13:31:04Z	6032.00000	1555.21509	1538.14605	1525.05498
2025-08-08T13:31:04Z	6032.00000	1555.21423	1538.14378	1525.05441
2025-08-08T13:31:04Z	6032.00000	1555.21367	1538.14294	1525.05399
2025-08-08T13:31:04Z	6032.00000	1555.21248	1538.14167	1525.05347
2025-08-08T13:31:05Z	6032.00000	1555.21164	1538.14071	1525.05305
2025-08-08T13:31:05Z	6032.00000	1555.21065	1538.13971	1525.05260
2025-08-08T13:31:05Z	6032.00000	1555.20995	1538.13894	1525.05222
2025-08-08T13:31:05Z	6032.00000	1555.20939	1538.13830	1525.05161
2025-08-08T13:31:05Z	6032.00000	1555.20866	1538.13743	1525.05118
2025-08-08T13:31:05Z	6033.00000	1555.20796	1538.13661	1525.05053
2025-08-08T13:31:05Z	6033.00000	1555.20713	1538.13538	1525.04980
2025-08-08T13:31:05Z	6033.00000	1555.20626	1538.13443	1525.04923
2025-08-08T13:31:05Z	6033.00000	1555.20556	1538.13365	1525.04883
2025-08-08T13:31:06Z	6033.00000	1555.20467	1538.13307	1525.04822
2025-08-08T13:31:06Z	6033.00000	1555.20379	1538.13262	1525.04778
2025-08-08T13:31:06Z	6033.00000	1555.20306	1538.13195	1525.04744
2025-08-08T13:31:06Z	6033.00000	1555.20241	1538.13134	1525.04688
2025-08-08T13:31:06Z	6033.00000	1555.20165	1538.13066	1525.04644
2025-08-08T13:31:06Z	6034.00000	1555.20089	1538.13000	1525.04614
2025-08-08T13:31:06Z	6034.00000	1555.20001	1538.12953	1525.04555
2025-08-08T13:31:06Z	6034.00000	1555.40428	1538.31958	1525.15660
2025-08-08T13:31:06Z	6034.00000	1555.66865	1538.56372	1525.30065
2025-08-08T13:31:07Z	6034.00000	1555.96048	1538.83756	1525.45939
2025-08-08T13:31:07Z	6034.00000	1556.22242	1539.08447	1525.59835
2025-08-08T13:31:07Z	6034.00000	1556.50479	1539.34549	1525.74652
2025-08-08T13:31:07Z	6034.00000	1556.74841	1539.57284	1525.88175
2025-08-08T13:31:07Z	6034.00000	1557.01009	1539.82026	1526.02489
2025-08-08T13:31:07Z	6035.00000	1557.26227	1540.05733	1526.16004
2025-08-08T13:31:07Z	6035.00000	1557.54423	1540.31968	1526.31220
2025-08-08T13:31:07Z	6035.00000	1557.74624	1540.51039	1526.42514
2025-08-08T13:31:07Z	6035.00000	1558.00817	1540.75730	1526.56584
2025-08-08T13:31:07Z	6035.00000	1558.20097	1540.94028	1526.67165
2025-08-08T13:31:08Z	6035.00000	1558.38537	1541.11548	1526.77423
2025-08-08T13:31:08Z	6035.00000	1558.56638	1541.28765	1526.87247
2025-08-08T13:31:08Z	6035.00000	1558.74126	1541.45340	1526.97035
2025-08-08T13:31:08Z	6035.00000	1558.96139	1541.66572	1527.09015
2025-08-08T13:31:08Z	6035.00000	1559.11548	1541.81439	1527.17785
2025-08-08T13:31:08Z	6036.00000	1559.29025	1541.98248	1527.27513
2025-08-08T13:31:08Z	6036.00000	1559.43280	1542.11652	1527.35725
2025-08-08T13:31:08Z	6036.00000	1559.58352	1542.26338	1527.44068
2025-08-08T13:31:08Z	6036.00000	1559.70164	1542.37873	1527.50658
2025-08-08T13:31:09Z	6036.00000	1559.82709	1542.49481	1527.57769
2025-08-08T13:31:09Z	6036.00000	1559.91925	1542.58619	1527.62794
2025-08-08T13:31:09Z	6036.00000	1560.00341	1542.66224	1527.67400
2025-08-08T13:31:09Z	6036.00000	1560.07646	1542.73627	1527.71695
2025-08-08T13:31:09Z	6036.00000	1560.14126	1542.79624	1527.75442
2025-08-08T13:31:09Z	6036.00000	1560.22005	1542.86659	1527.79829
2025-08-08T13:31:09Z	6037.00000	1560.27579	1542.92436	1527.83005
2025-08-08T13:31:09Z	6037.00000	1560.33302	1542.97352	1527.86094
2025-08-08T13:31:09Z	6037.00000	1560.36842	1543.00542	1527.88090
2025-08-08T13:31:09Z	6037.00000	1560.39854	1543.03387	1527.89934
2025-08-08T13:31:10Z	6037.00000	1560.42454	1543.06328	1527.91384
2025-08-08T13:31:10Z	6037.00000	1560.45160	1543.08728	1527.92945
2025-08-08T13:31:10Z	6037.00000	1560.47146	1543.10599	1527.94073
2025-08-08T13:31:10Z	6037.00000	1560.49446	1543.12372	1527.95188
2025-08-08T13:31:10Z	6037.00000	1560.51538	1543.14188	1527.96374
2025-08-08T13:31:10Z	6038.00000	1560.53134	1543.15723	1527.97220
2025-08-08T13:31:10Z	6038.00000	1560.54759	1543.17167	1527.98067
2025-08-08T13:31:10Z	6038.00000	1560.56054	1543.18148	1527.98802
2025-08-08T13:31:10Z	6038.00000	1560.56963	1543.19047	1527.99317
2025-08-08T13:31:11Z	6038.00000	1560.57891	1543.19900	1527.99892
2025-08-08T13:31:11Z	6038.00000	1560.58913	1543.20840	1528.00394
2025-08-08T13:31:11Z	6038.00000	1560.59974	1543.21697	1528.01039
2025-08-08T13:31:11Z	6038.00000	1560.60819	1543.22437	1528.01429
2025-08-08T13:31:11Z	6038.00000	1560.61775	1543.23886	1528.02024
2025-08-08T13:31:11Z	6039.00000	1560.62570	1543.24611	1528.02453
2025-08-08T13:31:11Z	6039.00000	1559.08160	1541.71314	1527.16111
2025-08-08T13:31:11Z	6039.00000	1558.42516	1541.12220	1526.79990
2025-08-08T13:31:11Z	6039.00000	1558.11688	1540.83528	1526.62785
2025-08-08T13:31:12Z	6039.00000	1557.88914	1540.62420	1526.49971
2025-08-08T13:31:12Z	6039.00000	1557.67654	1540.42834	1526.38333
2025-08-08T13:31:12Z	6039.00000	1557.47667	1540.24297	1526.27242
2025-08-08T13:31:12Z	6039.00000	1557.25055	1540.03734	1526.14829
2025-08-08T13:31:12Z	6039.00000	1557.03567	1539.83845	1526.03336
2025-08-08T13:31:12Z	6040.00000	1556.85084	1539.66549	1525.93032
2025-08-08T13:31:12Z	6040.00000	1556.67369	1539.50288	1525.83448
2025-08-08T13:31:12Z	6040.00000	1556.47328	1539.31684	1525.72446
2025-08-08T13:31:12Z	6040.00000	1556.30532	1539.16212	1525.63905
2025-08-08T13:31:12Z	6040.00000	1556.08613	1538.96093	1525.52406
2025-08-08T13:31:13Z	6040.00000	1555.93134	1538.81477	1525.44307
2025-08-08T13:31:13Z	6040.00000	1555.77634	1538.66916	1525.35802
2025-08-08T13:31:13Z	6040.00000	1555.62551	1538.52849	1525.27833
2025-08-08T13:31:13Z	6040.00000	1555.45338	1538.36918	1525.18354
2025-08-08T13:31:13Z	6040.00000	1555.26951	1538.20121	1525.08696
2025-08-08T13:31:13Z	6041.00000	1555.26477	1538.19624	1525.08464
2025-08-08T13:31:13Z	6041.00000	1555.25976	1538.19195	1525.08180
2025-08-08T13:31:13Z	6041.00000	1555.25642	1538.18827	1525.07982
2025-08-08T13:31:13Z	6041.00000	1555.25308	1538.18434	1525.07797
2025-08-08T13:31:14Z	6041.00000	1555.25006	1538.18151	1525.07657
2025-08-08T13:31:14Z	6041.00000	1555.24664	1538.17810	1525.07490
2025-08-08T13:31:14Z	6041.00000	1555.24314	1538.17565	1525.07333
2025-08-08T13:31:14Z	6041.00000	1555.24134	1538.17315	1525.07181
2025-08-08T13:31:14Z	6041.00000	1555.23990	1538.17140	1525.07052
2025-08-08T13:31:14Z	6041.00000	1555.23794	1538.16973	1525.06927
2025-08-08T13:31:14Z	6042.00000	1555.23659	1538.16779	1525.06840
2025-08-08T13:31:14Z	6042.00000	1555.23473	1538.16623	1525.06711
2025-08-08T13:31:14Z	6042.00000	1555.23264	1538.16415	1525.06630
2025-08-08T13:31:14Z	6042.00000	1555.23084	1538.16274	1525.06537
2025-08-08T13:31:15Z	6042.00000	1555.22935	1538.16163	1525.06468
2025-08-08T13:31:15Z	6042.00000	1555.22781	1538.15969	1525.06408
2025-08-08T13:31:15Z	6042.00000	1555.22689	1538.15853	1525.06347
2025-08-08T13:31:15Z	6042.00000	1555.22526	1538.15658	1525.06179
2025-08-08T13:31:15Z	6042.00000	1555.22475	1538.15562	1525.06178
2025-08-08T13:31:15Z	6043.00000	1555.22410	1538.15476	1525.06120
2025-08-08T13:31:15Z	6043.00000	1555.22318	1538.15361	1525.06041
2025-08-08T13:31:15Z	6043.00000	1555.22190	1538.15258	1525.05947
2025-08-08T13:31:15Z	6043.00000	1555.22047	1538.15171	1525.05885
2025-08-08T13:31:15Z	6043.00000	1555.21956	1538.15094	1525.05838
2025-08-08T13:31:16Z	6043.00000	1555.21867	1538.14958	1525.05770
2025-08-08T13:31:16Z	6043.00000	1555.21770	1538.14847	1525.05682
2025-08-08T13:31:16Z	6043.00000	1555.21667	1538.14775	1525.05622
2025-08-08T13:31:16Z	6043.00000	1555.21569	1538.14700	1525.05564
2025-08-08T13:31:16Z	6043.00000	1555.21484	1538.14592	1525.05530
2025-08-08T13:31:16Z	6044.00000	1555.21396	1538.14330	1525.05477
2025-08-08T13:31:16Z	6044.00000	1555.21293	1538.14273	1525.05426
2025-08-08T13:31:16Z	6044.00000	1555.21260	1538.14168	1525.05411
2025-08-08T13:31:16Z	6044.00000	1555.21178	1538.14126	1525.05360
2025-08-08T13:31:17Z	6044.00000	1555.21088	1538.14049	1525.05321
2025-08-08T13:31:17Z	6044.00000	1555.21024	1538.13940	1525.05289
2025-08-08T13:31:17Z	6044.00000	1555.20985	1538.13885	1525.05253
2025-08-08T13:31:17Z	6044.00000	1555.20936	1538.13866	1525.05225
2025-08-08T13:31:17Z	6044.00000	1555.20867	1538.13780	1525.05191
2025-08-08T13:31:17Z	6045.00000	1555.20832	1538.13726	1525.05143
2025-08-08T13:31:17Z	6045.00000	1555.20774	1538.13632	1525.05082
2025-08-08T13:31:17Z	6045.00000	1555.21081	1538.13960	1525.05133
2025-08-08T13:31:17Z	6045.00000	1555.50815	1538.41621	1525.21486
2025-08-08T13:31:17Z	6045.00000	1555.84867	1538.73503	1525.39825
2025-08-08T13:31:18Z	6045.00000	1556.09415	1538.96613	1525.53037
2025-08-08T13:31:18Z	6045.00000	1556.38880	1539.23895	1525.68827
2025-08-08T13:31:18Z	6045.00000	1556.74083	1539.56619	1525.87838
2025-08-08T13:31:18Z	6045.00000	1556.97928	1539.78963	1526.00851
2025-08-08T13:31:18Z	6045.00000	1557.20121	1540.00137	1526.12701
2025-08-08T13:31:18Z	6046.00000	1557.48536	1540.26488	1526.28123
2025-08-08T13:31:18Z	6046.00000	1557.69038	1540.45770	1526.39457
2025-08-08T13:31:18Z	6046.00000	1557.95220	1540.70692	1526.53565
2025-08-08T13:31:18Z	6046.00000	1558.17529	1540.91618	1526.65810
2025-08-08T13:31:19Z	6046.00000	1558.36410	1541.09639	1526.76282
2025-08-08T13:31:19Z	6046.00000	1558.60060	1541.32108	1526.89197
2025-08-08T13:31:19Z	6046.00000	1558.77228	1541.48420	1526.98863
2025-08-08T13:31:19Z	6046.00000	1558.93624	1541.64236	1527.07743
2025-08-08T13:31:19Z	6046.00000	1559.09488	1541.79609	1527.16703
2025-08-08T13:31:19Z	6047.00000	1559.26877	1541.95927	1527.26361
2025-08-08T13:31:19Z	6047.00000	1559.40992	1542.09607	1527.34489
2025-08-08T13:31:19Z	6047.00000	1559.56694	1542.24767	1527.43207
2025-08-08T13:31:19Z	6047.00000	1559.70652	1542.38414	1527.51054
2025-08-08T13:31:20Z	6047.00000	1559.85007	1542.52112	1527.59094
2025-08-08T13:31:20Z	6047.00000	1559.95295	1542.61888	1527.64789
2025-08-08T13:31:20Z	6047.00000	1560.04587	1542.70827	1527.69939
2025-08-08T13:31:20Z	6047.00000	1560.12558	1542.78250	1527.74620
2025-08-08T13:31:20Z	6047.00000	1560.18924	1542.83821	1527.78174
2025-08-08T13:31:20Z	6048.00000	1560.24240	1542.89398	1527.81137
2025-08-08T13:31:20Z	6048.00000	1560.30394	1542.95052	1527.84625
2025-08-08T13:31:20Z	6048.00000	1560.35034	1542.99072	1527.87161
2025-08-08T13:31:21Z	6048.00000	1560.41033	1543.04559	1527.90684
2025-08-08T13:31:21Z	6048.00000	1560.43910	1543.07790	1527.92259
2025-08-08T13:31:21Z	6048.00000	1560.46118	1543.09777	1527.93520
2025-08-08T13:31:21Z	6048.00000	1560.48536	1543.11779	1527.94727
2025-08-08T13:31:21Z	6048.00000	1560.50167	1543.13210	1527.95658
2025-08-08T13:31:21Z	6048.00000	1560.51656	1543.14462	1527.96498
2025-08-08T13:31:21Z	6049.00000	1560.53204	1543.15927	1527.97321
2025-08-08T13:31:21Z	6049.00000	1560.54513	1543.17012	1527.97977
2025-08-08T13:31:21Z	6049.00000	1560.55862	1543.18112	1527.98753
2025-08-08T13:31:21Z	6049.00000	1560.56901	1543.19103	1527.99334
2025-08-08T13:31:22Z	6049.00000	1560.58212	1543.20262	1528.00058
2025-08-08T13:31:22Z	6049.00000	1560.59127	1543.21106	1528.00536
2025-08-08T13:31:22Z	6049.00000	1560.60089	1543.21883	1528.01115
2025-08-08T13:31:22Z	6049.00000	1560.60887	1543.22634	1528.01506
2025-08-08T13:31:22Z	6049.00000	1560.61600	1543.23852	1528.01983
2025-08-08T13:31:22Z	6050.00000	1560.62486	1543.24608	1528.02419
2025-08-08T13:31:22Z	6050.00000	1560.58424	1543.15056	1528.02696
2025-08-08T13:31:22Z	6050.00000	1558.74947	1541.41763	1526.98108
2025-08-08T13:31:22Z	6050.00000	1558.31487	1541.01983	1526.73788
2025-08-08T13:31:22Z	6050.00000	1558.02406	1540.75125	1526.57651
2025-08-08T13:31:23Z	6050.00000	1557.80062	1540.54521	1526.45456
2025-08-08T13:31:23Z	6050.00000	1557.56367	1540.32487	1526.32127
2025-08-08T13:31:23Z	6050.00000	1557.33428	1540.11260	1526.19623
2025-08-08T13:31:23Z	6050.00000	1557.11072	1539.90860	1526.07510
2025-08-08T13:31:23Z	6050.00000	1556.86579	1539.68020	1525.93935
2025-08-08T13:31:23Z	6051.00000	1556.68986	1539.51753	1525.84437
2025-08-08T13:31:23Z	6051.00000	1556.51349	1539.35447	1525.74642
2025-08-08T13:31:23Z	6051.00000	1556.31497	1539.17172	1525.64502
2025-08-08T13:31:23Z	6051.00000	1556.14407	1539.01382	1525.55360
2025-08-08T13:31:24Z	6051.00000	1555.95835	1538.84003	1525.45805
2025-08-08T13:31:24Z	6051.00000	1555.77830	1538.67181	1525.36018
2025-08-08T13:31:24Z	6051.00000	1555.62726	1538.53109	1525.28051
2025-08-08T13:31:24Z	6051.00000	1555.47909	1538.39329	1525.19790
2025-08-08T13:31:24Z	6051.00000	1555.33495	1538.26088	1525.12235
2025-08-08T13:31:24Z	6052.00000	1555.27156	1538.20424	1525.08949
2025-08-08T13:31:24Z	6052.00000	1555.26666	1538.19871	1525.08640
2025-08-08T13:31:24Z	6052.00000	1555.26211	1538.19439	1525.08407
2025-08-08T13:31:24Z	6052.00000	1555.25840	1538.19071	1525.08170
2025-08-08T13:31:24Z	6052.00000	1555.25541	1538.18727	1525.07967
2025-08-08T13:31:25Z	6052.00000	1555.25300	1538.18457	1525.07839
2025-08-08T13:31:25Z	6052.00000	1555.25030	1538.18179	1525.07696
2025-08-08T13:31:25Z	6052.00000	1555.24714	1538.17923	1525.07574
2025-08-08T13:31:25Z	6052.00000	1555.24413	1538.17675	1525.07415
2025-08-08T13:31:25Z	6053.00000	1555.24221	1538.17469	1525.07284
2025-08-08T13:31:25Z	6053.00000	1555.24060	1538.17259	1525.07146
2025-08-08T13:31:25Z	6053.00000	1555.23927	1538.17090	1525.07043
2025-08-08T13:31:25Z	6053.00000	1555.23742	1538.16910	1525.06906
2025-08-08T13:31:25Z	6053.00000	1555.23604	1538.16730	1525.06814
2025-08-08T13:31:26Z	6053.00000	1555.23455	1538.16650	1525.06736
2025-08-08T13:31:26Z	6053.00000	1555.23313	1538.16543	1525.06673
2025-08-08T13:31:26Z	6053.00000	1555.23183	1538.16342	1525.06610
2025-08-08T13:31:26Z	6053.00000	1555.22949	1538.16178	1525.06489
2025-08-08T13:31:26Z	6053.00000	1555.22825	1538.16029	1525.06445
2025-08-08T13:31:26Z	6054.00000	1555.22737	1538.15929	1525.06393
2025-08-08T13:31:26Z	6054.00000	1555.22646	1538.15802	1525.06351
2025-08-08T13:31:26Z	6054.00000	1555.22543	1538.15686	1525.06249
2025-08-08T13:31:26Z	6054.00000	1555.22471	1538.15573	1525.06184
2025-08-08T13:31:27Z	6054.00000	1555.22363	1538.15464	1525.06098
2025-08-08T13:31:27Z	6054.00000	1555.22261	1538.15362	1525.06027
2025-08-08T13:31:27Z	6054.00000	1555.22168	1538.15275	1525.05961
2025-08-08T13:31:27Z	6054.00000	1555.22069	1538.15144	1525.05899
2025-08-08T13:31:27Z	6054.00000	1555.21960	1538.15127	1525.05857
2025-08-08T13:31:27Z	6055.00000	1555.21886	1538.14998	1525.05817
2025-08-08T13:31:27Z	6055.00000	1555.21754	1538.14898	1525.05726
2025-08-08T13:31:27Z	6055.00000	1555.21701	1538.14870	1525.05690
2025-08-08T13:31:27Z	6055.00000	1555.21621	1538.14804	1525.05637
2025-08-08T13:31:28Z	6055.00000	1555.21531	1538.14661	1525.05569
2025-08-08T13:31:28Z	6055.00000	1555.21455	1538.14594	1525.05527
2025-08-08T13:31:28Z	6055.00000	1555.21412	1538.14560	1525.05516
2025-08-08T13:31:28Z	6055.00000	1555.21337	1538.14346	1525.05461
2025-08-08T13:31:28Z	6055.00000	1555.21263	1538.14274	1525.05438
2025-08-08T13:31:28Z	6055.00000	1555.21203	1538.14200	1525.05405
2025-08-08T13:31:28Z	6056.00000	1555.21160	1538.14138	1525.05368
2025-08-08T13:31:28Z	6056.00000	1555.21107	1538.14049	1525.05340
2025-08-08T13:31:28Z	6056.00000	1555.71940	1538.61278	1525.32876
2025-08-08T13:31:29Z	6056.00000	1555.96862	1538.84633	1525.46480
2025-08-08T13:31:29Z	6056.00000	1556.30665	1539.16318	1525.64566
2025-08-08T13:31:29Z	6056.00000	1556.58379	1539.42052	1525.79146
2025-08-08T13:31:29Z	6056.00000	1556.81473	1539.63749	1525.91788
2025-08-08T13:31:29Z	6056.00000	1557.04105	1539.85122	1526.04322
2025-08-08T13:31:29Z	6057.00000	1557.26181	1540.05829	1526.16109
2025-08-08T13:31:29Z	6057.00000	1557.47380	1540.25554	1526.27630
2025-08-08T13:31:29Z	6057.00000	1557.78105	1540.54683	1526.44541
2025-08-08T13:31:29Z	6057.00000	1558.00959	1540.76087	1526.56819
2025-08-08T13:31:29Z	6057.00000	1558.20370	1540.94395	1526.67435
2025-08-08T13:31:30Z	6057.00000	1558.39073	1541.12357	1526.77908
2025-08-08T13:31:30Z	6057.00000	1558.57367	1541.29688	1526.87762
2025-08-08T13:31:30Z	6057.00000	1558.77413	1541.48725	1526.99067
2025-08-08T13:31:30Z	6057.00000	1558.99291	1541.69673	1527.10923
2025-08-08T13:31:30Z	6057.00000	1559.14826	1541.84796	1527.19810
2025-08-08T13:31:30Z	6058.00000	1559.29572	1541.98859	1527.27934
2025-08-08T13:31:30Z	6058.00000	1559.43694	1542.12201	1527.36072
2025-08-08T13:31:30Z	6058.00000	1559.57370	1542.25538	1527.43628
2025-08-08T13:31:30Z	6058.00000	1559.73387	1542.40918	1527.52662
2025-08-08T13:31:31Z	6058.00000	1559.85798	1542.52894	1527.59561
2025-08-08T13:31:31Z	6058.00000	1559.94755	1542.61421	1527.64484
2025-08-08T13:31:31Z	6058.00000	1560.05520	1542.71653	1527.70501
2025-08-08T13:31:31Z	6058.00000	1560.12337	1542.78085	1527.74478
2025-08-08T13:31:31Z	6058.00000	1560.18822	1542.83710	1527.78096
2025-08-08T13:31:31Z	6059.00000	1560.24228	1542.89430	1527.81132
2025-08-08T13:31:31Z	6059.00000	1560.28994	1542.93878	1527.83922
2025-08-08T13:31:31Z	6059.00000	1560.34695	1542.98811	1527.86975
2025-08-08T13:31:31Z	6059.00000	1560.38110	1543.01923	1527.88933
2025-08-08T13:31:31Z	6059.00000	1560.40998	1543.04589	1527.90727
2025-08-08T13:31:32Z	6059.00000	1560.43564	1543.07583	1527.92190
2025-08-08T13:31:32Z	6059.00000	1560.45933	1543.09659	1527.93489
2025-08-08T13:31:32Z	6059.00000	1560.48063	1543.11650	1527.94663
2025-08-08T13:31:32Z	6059.00000	1560.50399	1543.13491	1527.95799
2025-08-08T13:31:32Z	6059.00000	1560.52235	1543.15098	1527.96836
2025-08-08T13:31:32Z	6060.00000	1560.54075	1543.16731	1527.97869
2025-08-08T13:31:32Z	6060.00000	1560.55279	1543.17738	1527.98520
2025-08-08T13:31:32Z	6060.00000	1560.56565	1543.18954	1527.99208
2025-08-08T13:31:32Z	6060.00000	1560.57961	1543.20157	1527.99994
2025-08-08T13:31:33Z	6060.00000	1560.59071	1543.21175	1528.00579
2025-08-08T13:31:33Z	6060.00000	1560.59940	1543.21877	1528.01098
2025-08-08T13:31:33Z	6060.00000	1560.61039	1543.22901	1528.01677
2025-08-08T13:31:33Z	6060.00000	1560.61917	1543.24230	1528.02209
2025-08-08T13:31:33Z	6060.00000	1560.62690	1543.24995	1528.02590
2025-08-08T13:31:33Z	6061.00000	1560.63562	1543.25669	1528.03118
2025-08-08T13:31:33Z	6061.00000	1559.30451	1541.91453	1527.28796
2025-08-08T13:31:33Z	6061.00000	1558.41779	1541.12159	1526.80039
2025-08-08T13:31:33Z	6061.00000	1558.10781	1540.83167	1526.62735
2025-08-08T13:31:34Z	6061.00000	1557.88340	1540.62289	1526.50063
2025-08-08T13:31:34Z	6061.00000	1557.66465	1540.42033	1526.38075
2025-08-08T13:31:34Z	6061.00000	1557.43352	1540.20799	1526.25317
2025-08-08T13:31:34Z	6061.00000	1557.20690	1539.99948	1526.12695
2025-08-08T13:31:34Z	6061.00000	1556.99110	1539.79860	1526.01090
2025-08-08T13:31:34Z	6062.00000	1556.81109	1539.63168	1525.91129
2025-08-08T13:31:34Z	6062.00000	1556.60340	1539.44013	1525.79834
2025-08-08T13:31:34Z	6062.00000	1556.43014	1539.28144	1525.70627
2025-08-08T13:31:34Z	6062.00000	1556.20495	1539.07286	1525.58730
2025-08-08T13:31:35Z	6062.00000	1556.02148	1538.90140	1525.49195
2025-08-08T13:31:35Z	6062.00000	1555.86478	1538.75518	1525.40773
2025-08-08T13:31:35Z	6062.00000	1555.66204	1538.56325	1525.29915
2025-08-08T13:31:35Z	6062.00000	1555.51122	1538.42356	1525.21627
2025-08-08T13:31:35Z	6062.00000	1555.36462	1538.28846	1525.13863
2025-08-08T13:31:35Z	6063.00000	1555.27552	1538.20766	1525.09076
2025-08-08T13:31:35Z	6063.00000	1555.26988	1538.20228	1525.08835
2025-08-08T13:31:35Z	6063.00000	1555.26634	1538.19816	1525.08647
2025-08-08T13:31:35Z	6063.00000	1555.26206	1538.19449	1525.08450
2025-08-08T13:31:35Z	6063.00000	1555.25816	1538.19112	1525.08199
2025-08-08T13:31:36Z	6063.00000	1555.25560	1538.18781	1525.08017
2025-08-08T13:31:36Z	6063.00000	1555.25360	1538.18573	1525.07915
2025-08-08T13:31:36Z	6063.00000	1555.25160	1538.18345	1525.07796
2025-08-08T13:31:36Z	6063.00000	1555.24916	1538.18121	1525.07664
2025-08-08T13:31:36Z	6063.00000	1555.24694	1538.17971	1525.07578
2025-08-08T13:31:36Z	6064.00000	1555.24425	1538.17710	1525.07464
2025-08-08T13:31:36Z	6064.00000	1555.24267	1538.17575	1525.07352
2025-08-08T13:31:36Z	6064.00000	1555.24121	1538.17391	1525.07242
2025-08-08T13:31:36Z	6064.00000	1555.24004	1538.17237	1525.07148
2025-08-08T13:31:37Z	6064.00000	1555.23901	1538.17083	1525.07058
2025-08-08T13:31:37Z	6064.00000	1555.23761	1538.16933	1525.06953
2025-08-08T13:31:37Z	6064.00000	1555.23650	1538.16846	1525.06901
2025-08-08T13:31:37Z	6064.00000	1555.23375	1538.16593	1525.06733
2025-08-08T13:31:37Z	6064.00000	1555.23245	1538.16485	1525.06648
2025-08-08T13:31:37Z	6065.00000	1555.23057	1538.16295	1525.06564
2025-08-08T13:31:37Z	6065.00000	1555.22890	1538.16153	1525.06490
2025-08-08T13:31:37Z	6065.00000	1555.22767	1538.15992	1525.06438
2025-08-08T13:31:38Z	6065.00000	1555.22675	1538.15869	1525.06367
2025-08-08T13:31:38Z	6065.00000	1555.22506	1538.15664	1525.06268
2025-08-08T13:31:38Z	6065.00000	1555.22457	1538.15604	1525.06194
2025-08-08T13:31:38Z	6065.00000	1555.22376	1538.15493	1525.06130
2025-08-08T13:31:38Z	6066.00000	1555.22298	1538.15432	1525.06082
2025-08-08T13:31:38Z	6066.00000	1555.22203	1538.15339	1525.06012
2025-08-08T13:31:38Z	6066.00000	1555.22127	1538.15229	1525.05959
2025-08-08T13:31:38Z	6066.00000	1555.22009	1538.15156	1525.05898
2025-08-08T13:31:38Z	6066.00000	1555.21975	1538.15091	1525.05875
2025-08-08T13:31:39Z	6066.00000	1555.21894	1538.15054	1525.05831
2025-08-08T13:31:39Z	6066.00000	1555.21788	1538.14900	1525.05751
2025-08-08T13:31:39Z	6066.00000	1555.21703	1538.14844	1525.05687
2025-08-08T13:31:39Z	6066.00000	1555.21625	1538.14766	1525.05652
2025-08-08T13:31:39Z	6066.00000	1555.21555	1538.14696	1525.05602
2025-08-08T13:31:39Z	6067.00000	1555.21468	1538.14623	1525.05554
2025-08-08T13:31:39Z	6067.00000	1555.33898	1538.26141	1525.12554
2025-08-08T13:31:39Z	6067.00000	1555.59369	1538.49543	1525.26331
2025-08-08T13:31:39Z	6067.00000	1555.88787	1538.77252	1525.42075
2025-08-08T13:31:40Z	6067.00000	1556.14074	1539.00954	1525.55579
2025-08-08T13:31:40Z	6067.00000	1556.39021	1539.24134	1525.69024
2025-08-08T13:31:40Z	6067.00000	1556.63230	1539.46779	1525.81979
2025-08-08T13:31:40Z	6067.00000	1556.86912	1539.68816	1525.94803
2025-08-08T13:31:40Z	6067.00000	1557.17135	1539.97536	1526.11275
2025-08-08T13:31:40Z	6068.00000	1557.38665	1540.17628	1526.23164
2025-08-08T13:31:40Z	6068.00000	1557.63151	1540.40757	1526.36394
2025-08-08T13:31:40Z	6068.00000	1557.83625	1540.59860	1526.47473
2025-08-08T13:31:40Z	6068.00000	1558.03361	1540.78561	1526.58283
2025-08-08T13:31:41Z	6068.00000	1558.25521	1540.99461	1526.70397
2025-08-08T13:31:41Z	6068.00000	1558.50231	1541.22772	1526.84054
2025-08-08T13:31:41Z	6068.00000	1558.87505	1541.58314	1527.04577
2025-08-08T13:31:41Z	6068.00000	1559.03397	1541.73668	1527.13370
2025-08-08T13:31:41Z	6069.00000	1559.19212	1541.88837	1527.22198
2025-08-08T13:31:41Z	6069.00000	1559.33626	1542.02690	1527.30212
2025-08-08T13:31:41Z	6069.00000	1559.54344	1542.22759	1527.42008
2025-08-08T13:31:41Z	6069.00000	1559.70760	1542.38638	1527.51255
2025-08-08T13:31:42Z	6069.00000	1559.85280	1542.52534	1527.59376
2025-08-08T13:31:42Z	6069.00000	1559.94356	1542.61146	1527.64368
2025-08-08T13:31:42Z	6069.00000	1560.02869	1542.68786	1527.69034
2025-08-08T13:31:42Z	6069.00000	1560.10133	1542.75990	1527.73279
2025-08-08T13:31:42Z	6069.00000	1560.19905	1542.84970	1527.78803
2025-08-08T13:31:42Z	6070.00000	1560.25327	1542.90520	1527.81873
2025-08-08T13:31:42Z	6070.00000	1560.30113	1542.94897	1527.84530
2025-08-08T13:31:42Z	6070.00000	1560.35776	1542.99874	1527.87629
2025-08-08T13:31:42Z	6070.00000	1560.39193	1543.03066	1527.89678
2025-08-08T13:31:42Z	6070.00000	1560.42490	1543.06628	1527.91570
2025-08-08T13:31:43Z	6070.00000	1560.45026	1543.09038	1527.93069
2025-08-08T13:31:43Z	6070.00000	1560.47926	1543.11664	1527.94644
2025-08-08T13:31:43Z	6070.00000	1560.50566	1543.13736	1527.95934
2025-08-08T13:31:43Z	6070.00000	1560.52731	1543.15705	1527.97139
2025-08-08T13:31:43Z	6071.00000	1560.54180	1543.16962	1527.97944
2025-08-08T13:31:43Z	6071.00000	1560.55679	1543.18265	1527.98797
2025-08-08T13:31:43Z	6071.00000	1560.57046	1543.19418	1527.99505
2025-08-08T13:31:43Z	6071.00000	1560.58256	1543.20558	1528.00155
2025-08-08T13:31:43Z	6071.00000	1560.59272	1543.21437	1528.00748
2025-08-08T13:31:44Z	6071.00000	1560.60327	1543.22399	1528.01344
2025-08-08T13:31:44Z	6071.00000	1560.61304	1543.23844	1528.01884
2025-08-08T13:31:44Z	6071.00000	1560.62073	1543.24552	1528.02334
2025-08-08T13:31:44Z	6071.00000	1560.62829	1543.25273	1528.02724
2025-08-08T13:31:44Z	6071.00000	1560.63558	1543.25910	1528.03197
2025-08-08T13:31:44Z	6072.00000	1560.64540	1543.26821	1528.03690
2025-08-08T13:31:44Z	6072.00000	1558.75836	1541.43123	1526.98899
2025-08-08T13:31:44Z	6072.00000	1558.11021	1540.83485	1526.62924
2025-08-08T13:31:45Z	6072.00000	1557.64605	1540.40490	1526.37093
2025-08-08T13:31:45Z	6072.00000	1557.44612	1540.22072	1526.26116
2025-08-08T13:31:45Z	6072.00000	1557.19198	1539.98739	1526.12019
2025-08-08T13:31:45Z	6072.00000	1556.91351	1539.72687	1525.96869
2025-08-08T13:31:45Z	6073.00000	1556.67246	1539.50422	1525.83743
2025-08-08T13:31:45Z	6073.00000	1556.50124	1539.34568	1525.74227
2025-08-08T13:31:45Z	6073.00000	1556.27433	1539.13866	1525.62631
2025-08-08T13:31:45Z	6073.00000	1556.11424	1538.98902	1525.54055
2025-08-08T13:31:46Z	6073.00000	1555.96018	1538.84316	1525.46060
2025-08-08T13:31:46Z	6073.00000	1555.80768	1538.70162	1525.37622
2025-08-08T13:31:46Z	6073.00000	1555.50706	1538.42025	1525.21449
2025-08-08T13:31:46Z	6073.00000	1555.28327	1538.21474	1525.09552
2025-08-08T13:31:46Z	6074.00000	1555.27658	1538.20889	1525.09184
2025-08-08T13:31:46Z	6074.00000	1555.27116	1538.20435	1525.08947
2025-08-08T13:31:46Z	6074.00000	1555.26739	1538.19945	1525.08735
2025-08-08T13:31:46Z	6074.00000	1555.26400	1538.19658	1525.08559
2025-08-08T13:31:47Z	6074.00000	1555.25978	1538.19309	1525.08328
2025-08-08T13:31:47Z	6074.00000	1555.25684	1538.18919	1525.08110
2025-08-08T13:31:47Z	6074.00000	1555.25452	1538.18673	1525.07997
2025-08-08T13:31:47Z	6074.00000	1555.25280	1538.18461	1525.07867
2025-08-08T13:31:47Z	6074.00000	1555.25087	1538.18302	1525.07775
2025-08-08T13:31:47Z	6075.00000	1555.24880	1538.18119	1525.07671
2025-08-08T13:31:47Z	6075.00000	1555.24625	1538.17879	1525.07561
2025-08-08T13:31:47Z	6075.00000	1555.24428	1538.17698	1525.07454
2025-08-08T13:31:47Z	6075.00000	1555.24300	1538.17585	1525.07378
2025-08-08T13:31:47Z	6075.00000	1555.24134	1538.17411	1525.07263
2025-08-08T13:31:48Z	6075.00000	1555.24033	1538.17242	1525.07171
2025-08-08T13:31:48Z	6075.00000	1555.23931	1538.17102	1525.07085
2025-08-08T13:31:48Z	6075.00000	1555.23753	1538.16920	1525.06969
2025-08-08T13:31:48Z	6075.00000	1555.23747	1538.16941	1525.06952
2025-08-08T13:31:48Z	6075.00000	1555.23597	1538.16810	1525.06868
2025-08-08T13:31:48Z	6076.00000	1555.23451	1538.16686	1525.06784
2025-08-08T13:31:48Z	6076.00000	1555.23283	1538.16525	1525.06692
2025-08-08T13:31:48Z	6076.00000	1555.23136	1538.16388	1525.06609
2025-08-08T13:31:48Z	6076.00000	1555.23008	1538.16273	1525.06568
2025-08-08T13:31:49Z	6076.00000	1555.22899	1538.16170	1525.06514
2025-08-08T13:31:49Z	6076.00000	1555.22791	1538.16065	1525.06457
2025-08-08T13:31:49Z	6076.00000	1555.22710	1538.15926	1525.06415
2025-08-08T13:31:49Z	6076.00000	1555.22637	1538.15828	1525.06368
2025-08-08T13:31:49Z	6076.00000	1555.22563	1538.15781	1525.06333
2025-08-08T13:31:49Z	6077.00000	1555.22517	1538.15684	1525.06279
2025-08-08T13:31:49Z	6077.00000	1555.22457	1538.15598	1525.06208
2025-08-08T13:31:49Z	6077.00000	1555.22383	1538.15509	1525.06138
2025-08-08T13:31:49Z	6077.00000	1555.22290	1538.15427	1525.06083
2025-08-08T13:31:49Z	6077.00000	1555.22256	1538.15373	1525.06042
2025-08-08T13:31:50Z	6077.00000	1555.22147	1538.15266	1525.05958
2025-08-08T13:31:50Z	6077.00000	1555.22051	1538.15160	1525.05922
2025-08-08T13:31:50Z	6077.00000	1555.22009	1538.15095	1525.05876
2025-08-08T13:31:50Z	6077.00000	1555.21902	1538.15042	1525.05831
2025-08-08T13:31:50Z	6077.00000	1555.21827	1538.14975	1525.05803
2025-08-08T13:31:50Z	6078.00000	1555.21757	1538.14899	1525.05716
2025-08-08T13:31:50Z	6078.00000	1555.27206	1538.20000	1525.09115
2025-08-08T13:31:50Z	6078.00000	1555.54946	1538.45496	1525.23837
2025-08-08T13:31:50Z	6078.00000	1555.80499	1538.69385	1525.37447
2025-08-08T13:31:51Z	6078.00000	1556.05669	1538.93284	1525.51202
2025-08-08T13:31:51Z	6078.00000	1556.31158	1539.16860	1525.64972
2025-08-08T13:31:51Z	6078.00000	1556.55410	1539.39428	1525.77666
2025-08-08T13:31:51Z	6078.00000	1556.86032	1539.68207	1525.94430
2025-08-08T13:31:51Z	6078.00000	1557.08499	1539.89516	1526.06901
2025-08-08T13:31:51Z	6079.00000	1557.30618	1540.10076	1526.18775
2025-08-08T13:31:51Z	6079.00000	1557.58554	1540.36518	1526.33884
2025-08-08T13:31:51Z	6079.00000	1557.79691	1540.56526	1526.45599
2025-08-08T13:31:51Z	6079.00000	1558.06096	1540.81215	1526.59962
2025-08-08T13:31:52Z	6079.00000	1558.28262	1541.02317	1526.72044
2025-08-08T13:31:52Z	6079.00000	1558.46875	1541.19885	1526.82414
2025-08-08T13:31:52Z	6079.00000	1558.70260	1541.41818	1526.95175
2025-08-08T13:31:52Z	6079.00000	1558.87313	1541.58217	1527.04507
2025-08-08T13:31:52Z	6079.00000	1559.03424	1541.73767	1527.13462
2025-08-08T13:31:52Z	6080.00000	1559.19039	1541.88752	1527.22188
2025-08-08T13:31:52Z	6080.00000	1559.33704	1542.02965	1527.30353
2025-08-08T13:31:52Z	6080.00000	1559.50139	1542.18834	1527.39747
2025-08-08T13:31:52Z	6080.00000	1559.65082	1542.33098	1527.48109
2025-08-08T13:31:52Z	6080.00000	1559.76903	1542.44517	1527.54868
2025-08-08T13:31:53Z	6080.00000	1559.87381	1542.54615	1527.60571
2025-08-08T13:31:53Z	6080.00000	1559.96342	1542.63126	1527.65577
2025-08-08T13:31:53Z	6080.00000	1560.04743	1542.71260	1527.70304
2025-08-08T13:31:53Z	6080.00000	1560.14380	1542.80260	1527.75923
2025-08-08T13:31:53Z	6080.00000	1560.22594	1542.88189	1527.80490
2025-08-08T13:31:53Z	6081.00000	1560.28439	1542.93661	1527.83814
2025-08-08T13:31:53Z	6081.00000	1560.33085	1542.97753	1527.86333
2025-08-08T13:31:53Z	6081.00000	1560.37466	1543.01685	1527.88815
2025-08-08T13:31:53Z	6081.00000	1560.41100	1543.05104	1527.91026
2025-08-08T13:31:54Z	6081.00000	1560.44279	1543.08522	1527.92790
2025-08-08T13:31:54Z	6081.00000	1560.47290	1543.11299	1527.94507
2025-08-08T13:31:54Z	6081.00000	1560.49449	1543.12989	1527.95555
2025-08-08T13:31:54Z	6081.00000	1560.51668	1543.14969	1527.96795
2025-08-08T13:31:54Z	6082.00000	1560.54530	1543.17590	1527.98345
2025-08-08T13:31:54Z	6082.00000	1560.56049	1543.18839	1527.99149
2025-08-08T13:31:54Z	6082.00000	1560.57331	1543.20004	1527.99887
2025-08-08T13:31:54Z	6082.00000	1560.58387	1543.20999	1528.00429
2025-08-08T13:31:54Z	6082.00000	1560.59326	1543.21800	1528.01015
2025-08-08T13:31:55Z	6082.00000	1560.60233	1543.22613	1528.01454
2025-08-08T13:31:55Z	6082.00000	1560.61866	1543.24682	1528.02418
2025-08-08T13:31:55Z	6082.00000	1560.62893	1543.25602	1528.03000
2025-08-08T13:31:55Z	6082.00000	1560.63593	1543.26217	1528.03420
2025-08-08T13:31:55Z	6083.00000	1560.64414	1543.27005	1528.03876
2025-08-08T13:31:55Z	6083.00000	1559.07119	1541.70839	1527.15524
2025-08-08T13:31:55Z	6083.00000	1558.49559	1541.18864	1526.84008
2025-08-08T13:31:55Z	6083.00000	1558.12974	1540.85214	1526.63873
2025-08-08T13:31:56Z	6083.00000	1557.86838	1540.61029	1526.49259
2025-08-08T13:31:56Z	6083.00000	1557.62390	1540.38581	1526.35810
2025-08-08T13:31:56Z	6083.00000	1557.42759	1540.20376	1526.25077
2025-08-08T13:31:56Z	6083.00000	1557.23446	1540.02647	1526.14319
2025-08-08T13:31:56Z	6083.00000	1557.04624	1539.85248	1526.04300
2025-08-08T13:31:56Z	6084.00000	1556.86575	1539.68333	1525.94207
2025-08-08T13:31:56Z	6084.00000	1556.65847	1539.49196	1525.83004
2025-08-08T13:31:56Z	6084.00000	1556.48764	1539.33426	1525.73564
2025-08-08T13:31:56Z	6084.00000	1556.32116	1539.18040	1525.65108
2025-08-08T13:31:56Z	6084.00000	1556.15535	1539.02666	1525.56172
2025-08-08T13:31:57Z	6084.00000	1556.00429	1538.88647	1525.48437
2025-08-08T13:31:57Z	6084.00000	1555.79988	1538.69477	1525.37229
2025-08-08T13:31:57Z	6084.00000	1555.60054	1538.50654	1525.26728
2025-08-08T13:31:57Z	6084.00000	1555.45564	1538.37370	1525.18664
2025-08-08T13:31:57Z	6084.00000	1555.28829	1538.21990	1525.09910
2025-08-08T13:31:57Z	6085.00000	1555.28094	1538.21241	1525.09480
2025-08-08T13:31:57Z	6085.00000	1555.27433	1538.20682	1525.09098
2025-08-08T13:31:57Z	6085.00000	1555.26904	1538.20165	1525.08822
2025-08-08T13:31:57Z	6085.00000	1555.26611	1538.19827	1525.08683
2025-08-08T13:31:58Z	6085.00000	1555.26229	1538.19537	1525.08487
2025-08-08T13:31:58Z	6085.00000	1555.25929	1538.19226	1525.08303
2025-08-08T13:31:58Z	6085.00000	1555.25632	1538.18957	1525.08109
2025-08-08T13:31:58Z	6085.00000	1555.25442	1538.18698	1525.08008
2025-08-08T13:31:58Z	6085.00000	1555.25249	1538.18441	1525.07856
2025-08-08T13:31:58Z	6086.00000	1555.25035	1538.18260	1525.07762
2025-08-08T13:31:58Z	6086.00000	1555.24827	1538.18099	1525.07664
2025-08-08T13:31:58Z	6086.00000	1555.24631	1538.17907	1525.07556
2025-08-08T13:31:58Z	6086.00000	1555.24451	1538.17771	1525.07478
2025-08-08T13:31:59Z	6086.00000	1555.24284	1538.17595	1525.07395
2025-08-08T13:31:59Z	6086.00000	1555.24162	1538.17428	1525.07313
2025-08-08T13:31:59Z	6086.00000	1555.24079	1538.17313	1525.07222
2025-08-08T13:31:59Z	6086.00000	1555.23980	1538.17221	1525.07166
2025-08-08T13:31:59Z	6086.00000	1555.23840	1538.17061	1525.07040
2025-08-08T13:31:59Z	6086.00000	1555.23741	1538.16943	1525.06976
2025-08-08T13:31:59Z	6087.00000	1555.23623	1538.16843	1525.06902
2025-08-08T13:31:59Z	6087.00000	1555.23515	1538.16717	1525.06835
2025-08-08T13:31:59Z	6087.00000	1555.23384	1538.16632	1525.06747
2025-08-08T13:31:59Z	6087.00000	1555.23242	1538.16475	1525.06694
2025-08-08T13:32:00Z	6087.00000	1555.23149	1538.16390	1525.06642
2025-08-08T13:32:00Z	6087.00000	1555.23045	1538.16307	1525.06596
2025-08-08T13:32:00Z	6087.00000	1555.22948	1538.16213	1525.06530
2025-08-08T13:32:00Z	6087.00000	1555.22741	1538.16001	1525.06436
2025-08-08T13:32:00Z	6088.00000	1555.22673	1538.15925	1525.06392
2025-08-08T13:32:00Z	6088.00000	1555.22607	1538.15840	1525.06379
2025-08-08T13:32:00Z	6088.00000	1555.22529	1538.15751	1525.06311
2025-08-08T13:32:00Z	6088.00000	1555.22530	1538.15683	1525.06285
2025-08-08T13:32:00Z	6088.00000	1555.22446	1538.15596	1525.06219
2025-08-08T13:32:01Z	6088.00000	1555.22395	1538.15553	1525.06172
2025-08-08T13:32:01Z	6088.00000	1555.22301	1538.15462	1525.06112
2025-08-08T13:32:01Z	6088.00000	1555.22285	1538.15397	1525.06070
2025-08-08T13:32:01Z	6088.00000	1555.22198	1538.15323	1525.06015
2025-08-08T13:32:01Z	6088.00000	1555.22070	1538.15241	1525.05965
2025-08-08T13:32:01Z	6089.00000	1555.22013	1538.15179	1525.05934
2025-08-08T13:32:01Z	6089.00000	1555.21942	1538.15147	1525.05877
2025-08-08T13:32:01Z	6089.00000	1555.46306	1538.37704	1525.19039
2025-08-08T13:32:01Z	6089.00000	1555.72687	1538.62109	1525.33425
2025-08-08T13:32:02Z	6089.00000	1556.10627	1538.97937	1525.53820
2025-08-08T13:32:02Z	6089.00000	1556.67770	1539.51145	1525.84639
2025-08-08T13:32:02Z	6089.00000	1556.90468	1539.72414	1525.96982
2025-08-08T13:32:02Z	6089.00000	1557.12733	1539.93546	1526.09163
2025-08-08T13:32:02Z	6090.00000	1557.41590	1540.20621	1526.24848
2025-08-08T13:32:02Z	6090.00000	1557.66000	1540.43538	1526.38084
2025-08-08T13:32:02Z	6090.00000	1557.92543	1540.68479	1526.52410
2025-08-08T13:32:02Z	6090.00000	1558.15186	1540.89935	1526.64897
2025-08-08T13:32:03Z	6090.00000	1558.34070	1541.07962	1526.75310
2025-08-08T13:32:03Z	6090.00000	1558.58151	1541.30746	1526.88477
2025-08-08T13:32:03Z	6090.00000	1558.78621	1541.50229	1526.99956
2025-08-08T13:32:03Z	6090.00000	1559.00222	1541.70812	1527.11675
2025-08-08T13:32:03Z	6090.00000	1559.16163	1541.86246	1527.20689
2025-08-08T13:32:03Z	6091.00000	1559.30915	1542.00546	1527.28964
2025-08-08T13:32:03Z	6091.00000	1559.47985	1542.17193	1527.38805
2025-08-08T13:32:03Z	6091.00000	1559.63218	1542.31426	1527.47187
2025-08-08T13:32:03Z	6091.00000	1559.75207	1542.43120	1527.53987
2025-08-08T13:32:04Z	6091.00000	1559.85783	1542.53283	1527.59765
2025-08-08T13:32:04Z	6091.00000	1559.96334	1542.63253	1527.65647
2025-08-08T13:32:04Z	6091.00000	1560.04602	1542.71309	1527.70345
2025-08-08T13:32:04Z	6091.00000	1560.11936	1542.78138	1527.74604
2025-08-08T13:32:04Z	6091.00000	1560.18758	1542.84248	1527.78425
2025-08-08T13:32:04Z	6091.00000	1560.24349	1542.89947	1527.81608
2025-08-08T13:32:04Z	6092.00000	1560.29250	1542.94540	1527.84359
2025-08-08T13:32:04Z	6092.00000	1560.33805	1542.98466	1527.86817
2025-08-08T13:32:04Z	6092.00000	1560.37463	1543.01875	1527.88937
2025-08-08T13:32:04Z	6092.00000	1560.43419	1543.07984	1527.92438
2025-08-08T13:32:05Z	6092.00000	1560.45953	1543.10122	1527.93806
2025-08-08T13:32:05Z	6092.00000	1560.47956	1543.12102	1527.94952
2025-08-08T13:32:05Z	6092.00000	1560.50082	1543.13781	1527.95977
2025-08-08T13:32:05Z	6092.00000	1560.52016	1543.15498	1527.97068
2025-08-08T13:32:05Z	6092.00000	1560.53512	1543.16812	1527.97892
2025-08-08T13:32:05Z	6093.00000	1560.55039	1543.18101	1527.98749
2025-08-08T13:32:05Z	6093.00000	1560.56437	1543.19459	1527.99462
2025-08-08T13:32:05Z	6093.00000	1560.58088	1543.20883	1528.00361
2025-08-08T13:32:05Z	6093.00000	1560.59085	1543.21708	1528.00954
2025-08-08T13:32:06Z	6093.00000	1560.59964	1543.22561	1528.01457
2025-08-08T13:32:06Z	6093.00000	1560.61008	1543.24049	1528.02056
2025-08-08T13:32:06Z	6093.00000	1560.61814	1543.24794	1528.02472
2025-08-08T13:32:06Z	6093.00000	1560.62793	1543.25646	1528.03055
2025-08-08T13:32:06Z	6093.00000	1560.63516	1543.26282	1528.03439
2025-08-08T13:32:06Z	6094.00000	1560.64327	1543.27073	1528.03911
2025-08-08T13:32:06Z	6094.00000	1559.61391	1542.19447	1527.47381
2025-08-08T13:32:06Z	6094.00000	1558.53277	1541.22459	1526.86090
2025-08-08T13:32:07Z	6094.00000	1557.99544	1540.73010	1526.56424
2025-08-08T13:32:07Z	6094.00000	1557.70792	1540.46304	1526.40748
2025-08-08T13:32:07Z	6094.00000	1557.50635	1540.27648	1526.29367
2025-08-08T13:32:07Z	6094.00000	1557.31204	1540.09740	1526.18755
2025-08-08T13:32:07Z	6094.00000	1557.12354	1539.92412	1526.08476
2025-08-08T13:32:07Z	6094.00000	1556.93985	1539.75308	1525.98458
2025-08-08T13:32:07Z	6095.00000	1556.76122	1539.58794	1525.88712
2025-08-08T13:32:07Z	6095.00000	1556.55672	1539.39744	1525.77335
2025-08-08T13:32:07Z	6095.00000	1556.35847	1539.21512	1525.67068
2025-08-08T13:32:07Z	6095.00000	1556.18946	1539.05859	1525.58010
2025-08-08T13:32:08Z	6095.00000	1556.03321	1538.91411	1525.49942
2025-08-08T13:32:08Z	6095.00000	1555.87895	1538.76932	1525.41684
2025-08-08T13:32:08Z	6095.00000	1555.72248	1538.62163	1525.33205
2025-08-08T13:32:08Z	6095.00000	1555.54693	1538.45801	1525.23806
2025-08-08T13:32:08Z	6095.00000	1555.37593	1538.30031	1525.14510
2025-08-08T13:32:08Z	6095.00000	1555.28373	1538.21544	1525.09583
2025-08-08T13:32:08Z	6096.00000	1555.27874	1538.21107	1525.09342
2025-08-08T13:32:08Z	6096.00000	1555.27444	1538.20717	1525.09125
2025-08-08T13:32:08Z	6096.00000	1555.27032	1538.20351	1525.08944
2025-08-08T13:32:08Z	6096.00000	1555.26668	1538.19930	1525.08743
2025-08-08T13:32:09Z	6096.00000	1555.26402	1538.19696	1525.08599
2025-08-08T13:32:09Z	6096.00000	1555.26082	1538.19440	1525.08463
2025-08-08T13:32:09Z	6096.00000	1555.25848	1538.19174	1525.08270
2025-08-08T13:32:09Z	6096.00000	1555.25616	1538.18902	1525.08114
2025-08-08T13:32:09Z	6096.00000	1555.25402	1538.18661	1525.07984
2025-08-08T13:32:09Z	6097.00000	1555.25268	1538.18482	1525.07919
2025-08-08T13:32:09Z	6097.00000	1555.25092	1538.18330	1525.07820
2025-08-08T13:32:09Z	6097.00000	1555.24869	1538.18168	1525.07722
2025-08-08T13:32:09Z	6097.00000	1555.24671	1538.18027	1525.07636
2025-08-08T13:32:09Z	6097.00000	1555.24548	1538.17883	1525.07570
2025-08-08T13:32:10Z	6097.00000	1555.24367	1538.17697	1525.07465
2025-08-08T13:32:10Z	6097.00000	1555.24239	1538.17562	1525.07384
2025-08-08T13:32:10Z	6097.00000	1555.24122	1538.17415	1525.07321
2025-08-08T13:32:10Z	6097.00000	1555.24010	1538.17260	1525.07180
2025-08-08T13:32:10Z	6097.00000	1555.23952	1538.17179	1525.07153
2025-08-08T13:32:10Z	6098.00000	1555.23842	1538.17051	1525.07055
2025-08-08T13:32:10Z	6098.00000	1555.23758	1538.16981	1525.07000
2025-08-08T13:32:10Z	6098.00000	1555.23672	1538.16872	1525.06936
2025-08-08T13:32:10Z	6098.00000	1555.23552	1538.16837	1525.06893
2025-08-08T13:32:10Z	6098.00000	1555.23459	1538.16730	1525.06819
2025-08-08T13:32:11Z	6098.00000	1555.23369	1538.16645	1525.06770
2025-08-08T13:32:11Z	6098.00000	1555.23264	1538.16519	1525.06721
2025-08-08T13:32:11Z	6098.00000	1555.23144	1538.16487	1525.06656
2025-08-08T13:32:11Z	6098.00000	1555.23049	1538.16331	1525.06631
2025-08-08T13:32:11Z	6098.00000	1555.22943	1538.16243	1525.06558
2025-08-08T13:32:11Z	6099.00000	1555.22845	1538.16168	1525.06514
2025-08-08T13:32:11Z	6099.00000	1555.22776	1538.16037	1525.06496
2025-08-08T13:32:11Z	6099.00000	1555.22678	1538.15932	1525.06425
2025-08-08T13:32:11Z	6099.00000	1555.22599	1538.15865	1525.06377
2025-08-08T13:32:11Z	6099.00000	1555.22553	1538.15769	1525.06338
2025-08-08T13:32:12Z	6099.00000	1555.22501	1538.15684	1525.06311
2025-08-08T13:32:12Z	6099.00000	1555.22448	1538.15639	1525.06256
2025-08-08T13:32:12Z	6099.00000	1555.22378	1538.15550	1525.06185
2025-08-08T13:32:12Z	6099.00000	1555.22262	1538.15415	1525.06107
2025-08-08T13:32:12Z	6100.00000	1555.22198	1538.15364	1525.06058
2025-08-08T13:32:12Z	6100.00000	1555.22129	1538.15247	1525.06011
2025-08-08T13:32:12Z	6100.00000	1555.51397	1538.42418	1525.22056
2025-08-08T13:32:12Z	6100.00000	1555.77162	1538.66413	1525.35879
2025-08-08T13:32:13Z	6100.00000	1556.06187	1538.93946	1525.51531
2025-08-08T13:32:13Z	6100.00000	1556.36412	1539.21920	1525.67829
2025-08-08T13:32:13Z	6100.00000	1556.61491	1539.45463	1525.81195
2025-08-08T13:32:13Z	6100.00000	1556.91937	1539.73865	1525.97888
2025-08-08T13:32:13Z	6100.00000	1557.14489	1539.95168	1526.10111
2025-08-08T13:32:13Z	6101.00000	1557.39874	1540.19063	1526.24020
2025-08-08T13:32:13Z	6101.00000	1557.60583	1540.38564	1526.35137
2025-08-08T13:32:13Z	6101.00000	1557.87762	1540.63995	1526.49877
2025-08-08T13:32:13Z	6101.00000	1558.13449	1540.88271	1526.64128
2025-08-08T13:32:14Z	6101.00000	1558.35892	1541.09753	1526.76390
2025-08-08T13:32:14Z	6101.00000	1558.54353	1541.27156	1526.86399
2025-08-08T13:32:14Z	6101.00000	1558.77595	1541.49182	1526.99385
2025-08-08T13:32:14Z	6101.00000	1558.94110	1541.65193	1527.08337
2025-08-08T13:32:14Z	6101.00000	1559.12369	1541.82844	1527.18679
2025-08-08T13:32:14Z	6102.00000	1559.29917	1541.99769	1527.28419
2025-08-08T13:32:14Z	6102.00000	1559.44340	1542.13276	1527.36753
2025-08-08T13:32:14Z	6102.00000	1559.60085	1542.28636	1527.45470
2025-08-08T13:32:14Z	6102.00000	1559.72259	1542.40439	1527.52326
2025-08-08T13:32:15Z	6102.00000	1559.85121	1542.52733	1527.59506
2025-08-08T13:32:15Z	6102.00000	1559.97222	1542.64094	1527.66155
2025-08-08T13:32:15Z	6102.00000	1560.06597	1542.73216	1527.71531
2025-08-08T13:32:15Z	6102.00000	1560.14684	1542.80811	1527.76214
2025-08-08T13:32:15Z	6102.00000	1560.21119	1542.86557	1527.79779
2025-08-08T13:32:15Z	6103.00000	1560.27319	1542.92900	1527.83312
2025-08-08T13:32:15Z	6103.00000	1560.32880	1542.97846	1527.86387
2025-08-08T13:32:15Z	6103.00000	1560.36785	1543.01359	1527.88647
2025-08-08T13:32:15Z	6103.00000	1560.40174	1543.04488	1527.90633
2025-08-08T13:32:15Z	6103.00000	1560.43480	1543.08163	1527.92524
2025-08-08T13:32:16Z	6103.00000	1560.45978	1543.10331	1527.93895
2025-08-08T13:32:16Z	6103.00000	1560.48063	1543.12318	1527.95104
2025-08-08T13:32:16Z	6103.00000	1560.50525	1543.14220	1527.96327
2025-08-08T13:32:16Z	6103.00000	1560.52478	1543.15941	1527.97320
2025-08-08T13:32:16Z	6103.00000	1560.54140	1543.17515	1527.98230
2025-08-08T13:32:16Z	6104.00000	1560.55623	1543.18866	1527.99072
2025-08-08T13:32:16Z	6104.00000	1560.56748	1543.19730	1527.99740
2025-08-08T13:32:16Z	6104.00000	1560.58235	1543.21120	1528.00495
2025-08-08T13:32:16Z	6104.00000	1560.59513	1543.22206	1528.01244
2025-08-08T13:32:17Z	6104.00000	1560.60648	1543.23939	1528.01885
2025-08-08T13:32:17Z	6104.00000	1560.61430	1543.24562	1528.02382
2025-08-08T13:32:17Z	6104.00000	1560.62138	1543.25325	1528.02739
2025-08-08T13:32:17Z	6104.00000	1560.62905	1543.25839	1528.03183
2025-08-08T13:32:17Z	6104.00000	1560.63592	1543.26551	1528.03535
2025-08-08T13:32:17Z	6105.00000	1560.64295	1543.27152	1528.03958
2025-08-08T13:32:17Z	6105.00000	1559.39514	1541.99407	1527.33655
2025-08-08T13:32:17Z	6105.00000	1558.50835	1541.20194	1526.84894
2025-08-08T13:32:17Z	6105.00000	1558.21421	1540.93308	1526.68616
2025-08-08T13:32:18Z	6105.00000	1557.94220	1540.68057	1526.53529
2025-08-08T13:32:18Z	6105.00000	1557.72714	1540.48205	1526.41911
2025-08-08T13:32:18Z	6105.00000	1557.52528	1540.29429	1526.30425
2025-08-08T13:32:18Z	6105.00000	1557.33148	1540.11466	1526.19929
2025-08-08T13:32:18Z	6105.00000	1557.13998	1539.93934	1526.09340
2025-08-08T13:32:18Z	6105.00000	1556.95654	1539.76915	1525.99452
2025-08-08T13:32:18Z	6106.00000	1556.74952	1539.57734	1525.88098
2025-08-08T13:32:18Z	6106.00000	1556.54512	1539.38682	1525.76757
2025-08-08T13:32:18Z	6106.00000	1556.37248	1539.22856	1525.67845
2025-08-08T13:32:18Z	6106.00000	1556.20253	1539.07317	1525.58778
2025-08-08T13:32:19Z	6106.00000	1555.99782	1538.88172	1525.48141
2025-08-08T13:32:19Z	6106.00000	1555.81715	1538.71218	1525.38245
2025-08-08T13:32:19Z	6106.00000	1555.66359	1538.56673	1525.30129
2025-08-08T13:32:19Z	6106.00000	1555.51508	1538.42873	1525.22056
2025-08-08T13:32:19Z	6106.00000	1555.36939	1538.29466	1525.14185
2025-08-08T13:32:19Z	6107.00000	1555.28810	1538.22113	1525.10041
2025-08-08T13:32:19Z	6107.00000	1555.27949	1538.21239	1525.09422
2025-08-08T13:32:19Z	6107.00000	1555.27496	1538.20809	1525.09189
2025-08-08T13:32:19Z	6107.00000	1555.27038	1538.20415	1525.08959
2025-08-08T13:32:20Z	6107.00000	1555.26738	1538.20047	1525.08826
2025-08-08T13:32:20Z	6107.00000	1555.26465	1538.19803	1525.08657
2025-08-08T13:32:20Z	6107.00000	1555.25884	1538.19211	1525.08344
2025-08-08T13:32:20Z	6107.00000	1555.25683	1538.19009	1525.08182
2025-08-08T13:32:20Z	6108.00000	1555.25486	1538.18822	1525.08069
2025-08-08T13:32:20Z	6108.00000	1555.25347	1538.18613	1525.07960
2025-08-08T13:32:20Z	6108.00000	1555.25187	1538.18449	1525.07874
2025-08-08T13:32:20Z	6108.00000	1555.24964	1538.18276	1525.07765
2025-08-08T13:32:20Z	6108.00000	1555.24779	1538.18126	1525.07693
2025-08-08T13:32:21Z	6108.00000	1555.24616	1538.17927	1525.07601
2025-08-08T13:32:21Z	6108.00000	1555.24444	1538.17794	1525.07545
2025-08-08T13:32:21Z	6108.00000	1555.24275	1538.17653	1525.07447
2025-08-08T13:32:21Z	6108.00000	1555.24273	1538.17595	1525.07429
2025-08-08T13:32:21Z	6108.00000	1555.24092	1538.17367	1525.07292
2025-08-08T13:32:21Z	6109.00000	1555.24008	1538.17265	1525.07205
2025-08-08T13:32:21Z	6109.00000	1555.23910	1538.17169	1525.07152
2025-08-08T13:32:21Z	6109.00000	1555.23851	1538.17074	1525.07071
2025-08-08T13:32:21Z	6109.00000	1555.23745	1538.17001	1525.07014
2025-08-08T13:32:21Z	6109.00000	1555.23661	1538.16909	1525.06953
2025-08-08T13:32:22Z	6109.00000	1555.23546	1538.16805	1525.06897
2025-08-08T13:32:22Z	6109.00000	1555.23447	1538.16728	1525.06850
2025-08-08T13:32:22Z	6109.00000	1555.23339	1538.16605	1525.06777
2025-08-08T13:32:22Z	6109.00000	1555.23219	1538.16547	1525.06723
2025-08-08T13:32:22Z	6109.00000	1555.23131	1538.16484	1525.06691
2025-08-08T13:32:22Z	6110.00000	1555.23042	1538.16419	1525.06630
2025-08-08T13:32:22Z	6110.00000	1555.22925	1538.16249	1525.06565
2025-08-08T13:32:22Z	6110.00000	1555.22855	1538.16224	1525.06539
2025-08-08T13:32:22Z	6110.00000	1555.22807	1538.16105	1525.06504
2025-08-08T13:32:23Z	6110.00000	1555.22719	1538.16037	1525.06450
2025-08-08T13:32:23Z	6110.00000	1555.22649	1538.15892	1525.06411
2025-08-08T13:32:23Z	6110.00000	1555.22580	1538.15832	1525.06368
2025-08-08T13:32:23Z	6110.00000	1555.22532	1538.15761	1525.06344
2025-08-08T13:32:23Z	6110.00000	1555.22475	1538.15676	1525.06272
2025-08-08T13:32:23Z	6111.00000	1555.22402	1538.15580	1525.06215
2025-08-08T13:32:23Z	6111.00000	1555.22361	1538.15499	1525.06172
2025-08-08T13:32:23Z	6111.00000	1555.33720	1538.25906	1525.12362
2025-08-08T13:32:23Z	6111.00000	1555.59096	1538.49435	1525.26067
2025-08-08T13:32:23Z	6111.00000	1555.84369	1538.73319	1525.39779
2025-08-08T13:32:24Z	6111.00000	1556.17366	1539.04195	1525.57535
2025-08-08T13:32:24Z	6111.00000	1556.42833	1539.28120	1525.71111
2025-08-08T13:32:24Z	6111.00000	1556.66681	1539.50241	1525.84093
2025-08-08T13:32:24Z	6111.00000	1556.89763	1539.71836	1525.96663
2025-08-08T13:32:24Z	6111.00000	1557.12525	1539.93428	1526.09141
2025-08-08T13:32:24Z	6112.00000	1557.41527	1540.20678	1526.24900
2025-08-08T13:32:24Z	6112.00000	1557.65856	1540.43553	1526.38067
2025-08-08T13:32:24Z	6112.00000	1557.89089	1540.65272	1526.50578
2025-08-08T13:32:24Z	6112.00000	1558.18471	1540.93172	1526.66713
2025-08-08T13:32:25Z	6112.00000	1558.40290	1541.13982	1526.78884
2025-08-08T13:32:25Z	6112.00000	1558.61509	1541.33913	1526.90336
2025-08-08T13:32:25Z	6112.00000	1558.81705	1541.53035	1527.01542
2025-08-08T13:32:25Z	6112.00000	1559.02929	1541.73532	1527.13269
2025-08-08T13:32:25Z	6113.00000	1559.21214	1541.91063	1527.23450
2025-08-08T13:32:25Z	6113.00000	1559.35984	1542.05381	1527.31814
2025-08-08T13:32:25Z	6113.00000	1559.50906	1542.19732	1527.40342
2025-08-08T13:32:25Z	6113.00000	1559.66218	1542.34729	1527.48807
2025-08-08T13:32:25Z	6113.00000	1559.79665	1542.47404	1527.56541
2025-08-08T13:32:26Z	6113.00000	1559.92924	1542.60246	1527.63807
2025-08-08T13:32:26Z	6113.00000	1560.02799	1542.69142	1527.69275
2025-08-08T13:32:26Z	6113.00000	1560.10307	1542.76707	1527.73709
2025-08-08T13:32:26Z	6113.00000	1560.17201	1542.82879	1527.77537
2025-08-08T13:32:26Z	6113.00000	1560.24020	1542.89787	1527.81406
2025-08-08T13:32:26Z	6114.00000	1560.29942	1542.95261	1527.84811
2025-08-08T13:32:26Z	6114.00000	1560.35157	1542.99840	1527.87686
2025-08-08T13:32:26Z	6114.00000	1560.39370	1543.03750	1527.90127
2025-08-08T13:32:26Z	6114.00000	1560.42494	1543.07186	1527.91971
2025-08-08T13:32:27Z	6114.00000	1560.46386	1543.10791	1527.94112
2025-08-08T13:32:27Z	6114.00000	1560.48792	1543.12663	1527.95310
2025-08-08T13:32:27Z	6114.00000	1560.50656	1543.14349	1527.96391
2025-08-08T13:32:27Z	6114.00000	1560.52387	1543.15940	1527.97289
2025-08-08T13:32:27Z	6114.00000	1560.53939	1543.17264	1527.98050
2025-08-08T13:32:27Z	6115.00000	1560.55318	1543.18457	1527.98868
2025-08-08T13:32:27Z	6115.00000	1560.57711	1543.20705	1528.00163
2025-08-08T13:32:27Z	6115.00000	1560.58806	1543.21575	1528.00809
2025-08-08T13:32:28Z	6115.00000	1560.60740	1543.24022	1528.01938
2025-08-08T13:32:28Z	6115.00000	1560.61597	1543.24727	1528.02371
2025-08-08T13:32:28Z	6115.00000	1560.62489	1543.25561	1528.02860
2025-08-08T13:32:28Z	6115.00000	1560.63930	1543.26883	1528.03671
2025-08-08T13:32:28Z	6116.00000	1560.64605	1543.27434	1528.04089
2025-08-08T13:32:28Z	6116.00000	1560.65565	1543.28021	1528.04481
2025-08-08T13:32:28Z	6116.00000	1558.89369	1541.54870	1527.05732
2025-08-08T13:32:28Z	6116.00000	1558.39274	1541.09668	1526.78419
2025-08-08T13:32:28Z	6116.00000	1558.09286	1540.81888	1526.61922
2025-08-08T13:32:29Z	6116.00000	1557.79453	1540.54468	1526.45461
2025-08-08T13:32:29Z	6116.00000	1557.58754	1540.35408	1526.33842
2025-08-08T13:32:29Z	6116.00000	1557.36229	1540.14363	1526.21603
2025-08-08T13:32:29Z	6116.00000	1557.14049	1539.94028	1526.09443
2025-08-08T13:32:29Z	6116.00000	1556.92526	1539.73964	1525.97706
2025-08-08T13:32:29Z	6117.00000	1556.74602	1539.57479	1525.87971
2025-08-08T13:32:29Z	6117.00000	1556.51260	1539.35793	1525.74978
2025-08-08T13:32:29Z	6117.00000	1556.34651	1539.20510	1525.66537
2025-08-08T13:32:29Z	6117.00000	1556.15475	1539.02792	1525.56274
2025-08-08T13:32:30Z	6117.00000	1555.95205	1538.83693	1525.45755
2025-08-08T13:32:30Z	6117.00000	1555.79895	1538.69531	1525.37226
2025-08-08T13:32:30Z	6117.00000	1555.62254	1538.52951	1525.27991
2025-08-08T13:32:30Z	6117.00000	1555.42363	1538.34709	1525.17070
2025-08-08T13:32:30Z	6117.00000	1555.29075	1538.22348	1525.10122
2025-08-08T13:32:30Z	6118.00000	1555.28467	1538.21674	1525.09739
2025-08-08T13:32:30Z	6118.00000	1555.27784	1538.21130	1525.09373
2025-08-08T13:32:30Z	6118.00000	1555.27370	1538.20683	1525.09131
2025-08-08T13:32:30Z	6118.00000	1555.26984	1538.20331	1525.08952
2025-08-08T13:32:31Z	6118.00000	1555.26730	1538.20065	1525.08825
2025-08-08T13:32:31Z	6118.00000	1555.26427	1538.19747	1525.08648
2025-08-08T13:32:31Z	6118.00000	1555.26135	1538.19560	1525.08520
2025-08-08T13:32:31Z	6118.00000	1555.25937	1538.19327	1525.08389
2025-08-08T13:32:31Z	6118.00000	1555.25766	1538.19110	1525.08265
2025-08-08T13:32:31Z	6119.00000	1555.25532	1538.18851	1525.08099
2025-08-08T13:32:31Z	6119.00000	1555.25386	1538.18682	1525.08008
2025-08-08T13:32:31Z	6119.00000	1555.25248	1538.18525	1525.07941
2025-08-08T13:32:31Z	6119.00000	1555.25068	1538.18336	1525.07851
2025-08-08T13:32:32Z	6119.00000	1555.24918	1538.18192	1525.07767
2025-08-08T13:32:32Z	6119.00000	1555.24714	1538.18014	1525.07673
2025-08-08T13:32:32Z	6119.00000	1555.24531	1538.17859	1525.07587
2025-08-08T13:32:32Z	6119.00000	1555.24474	1538.17801	1525.07566
2025-08-08T13:32:32Z	6119.00000	1555.24271	1538.17608	1525.07421
2025-08-08T13:32:32Z	6120.00000	1555.24149	1538.17468	1525.07346
2025-08-08T13:32:32Z	6120.00000	1555.24059	1538.17394	1525.07296
2025-08-08T13:32:32Z	6120.00000	1555.23985	1538.17269	1525.07213
2025-08-08T13:32:32Z	6120.00000	1555.23868	1538.17102	1525.07125
2025-08-08T13:32:33Z	6120.00000	1555.23753	1538.16989	1525.07043
2025-08-08T13:32:33Z	6120.00000	1555.23670	1538.16925	1525.06995
2025-08-08T13:32:33Z	6120.00000	1555.23602	1538.16836	1525.06944
2025-08-08T13:32:33Z	6120.00000	1555.23505	1538.16781	1525.06890
2025-08-08T13:32:33Z	6120.00000	1555.23405	1538.16706	1525.06846
2025-08-08T13:32:33Z	6120.00000	1555.23307	1538.16631	1525.06788
2025-08-08T13:32:33Z	6121.00000	1555.23216	1538.16553	1525.06727
2025-08-08T13:32:33Z	6121.00000	1555.23059	1538.16431	1525.06659
2025-08-08T13:32:33Z	6121.00000	1555.22974	1538.16290	1525.06624
2025-08-08T13:32:33Z	6121.00000	1555.22894	1538.16208	1525.06566
2025-08-08T13:32:34Z	6121.00000	1555.22795	1538.16131	1525.06530
2025-08-08T13:32:34Z	6121.00000	1555.22723	1538.16058	1525.06469
2025-08-08T13:32:34Z	6121.00000	1555.22656	1538.15938	1525.06435
2025-08-08T13:32:34Z	6121.00000	1555.22615	1538.15850	1525.06386
2025-08-08T13:32:34Z	6121.00000	1555.22544	1538.15770	1525.06338
2025-08-08T13:32:34Z	6122.00000	1555.22496	1538.15728	1525.06340
2025-08-08T13:32:34Z	6122.00000	1555.22446	1538.15642	1525.06279
2025-08-08T13:32:34Z	6122.00000	1555.22375	1538.15559	1525.06227
2025-08-08T13:32:34Z	6122.00000	1555.22345	1538.15549	1525.06236
2025-08-08T13:32:35Z	6122.00000	1555.22273	1538.15444	1525.06113
2025-08-08T13:32:35Z	6122.00000	1555.22202	1538.15392	1525.06086
2025-08-08T13:32:35Z	6122.00000	1555.22165	1538.15336	1525.06034
2025-08-08T13:32:35Z	6122.00000	1555.22091	1538.15310	1525.06049
2025-08-08T13:32:35Z	6122.00000	1555.21977	1538.15223	1525.05957
2025-08-08T13:32:35Z	6123.00000	1555.21980	1538.15205	1525.05963
2025-08-08T13:32:35Z	6123.00000	1555.21903	1538.15133	1525.05882
2025-08-08T13:32:35Z	6123.00000	1555.21831	1538.15033	1525.05845
2025-08-08T13:32:35Z	6123.00000	1555.21756	1538.14978	1525.05837
2025-08-08T13:32:36Z	6123.00000	1555.21716	1538.14909	1525.05796
2025-08-08T13:32:36Z	6123.00000	1555.21656	1538.14892	1525.05764
2025-08-08T13:32:36Z	6123.00000	1555.21584	1538.14828	1525.05704
2025-08-08T13:32:36Z	6123.00000	1555.21538	1538.14783	1525.05651
2025-08-08T13:32:36Z	6123.00000	1555.21463	1538.14693	1525.05623
2025-08-08T13:32:36Z	6124.00000	1555.21413	1538.14661	1525.05618
2025-08-08T13:32:36Z	6124.00000	1555.21424	1538.14616	1525.05579
2025-08-08T13:32:36Z	6124.00000	1555.21351	1538.14576	1525.05563
2025-08-08T13:32:36Z	6124.00000	1555.21311	1538.14516	1525.05521
2025-08-08T13:32:37Z	6124.00000	1555.21256	1538.14343	1525.05495
2025-08-08T13:32:37Z	6124.00000	1555.21220	1538.14252	1525.05475
2025-08-08T13:32:37Z	6124.00000	1555.21158	1538.14203	1525.05456
2025-08-08T13:32:37Z	6124.00000	1555.21153	1538.14199	1525.05452
2025-08-08T13:32:37Z	6124.00000	1555.21106	1538.14132	1525.05406
2025-08-08T13:32:37Z	6125.00000	1555.21048	1538.14040	1525.05376
2025-08-08T13:32:37Z	6125.00000	1555.21037	1538.14083	1525.05393
2025-08-08T13:32:37Z	6125.00000	1555.21000	1538.13986	1525.05345
2025-08-08T13:32:37Z	6125.00000	1555.20931	1538.13966	1525.05319
2025-08-08T13:32:37Z	6125.00000	1555.20922	1538.13928	1525.05292
2025-08-08T13:32:38Z	6125.00000	1555.20873	1538.13872	1525.05259
2025-08-08T13:32:38Z	6125.00000	1555.20864	1538.13831	1525.05243
2025-08-08T13:32:38Z	6125.00000	1555.20812	1538.13806	1525.05240
2025-08-08T13:32:38Z	6125.00000	1555.20801	1538.13786	1525.05212
2025-08-08T13:32:38Z	6125.00000	1555.20760	1538.13743	1525.05175
2025-08-08T13:32:38Z	6126.00000	1555.20739	1538.13725	1525.05146
2025-08-08T13:32:38Z	6126.00000	1555.20690	1538.13614	1525.05117
2025-08-08T13:32:38Z	6126.00000	1555.20656	1538.13626	1525.05095
2025-08-08T13:32:38Z	6126.00000	1555.20612	1538.13585	1525.05056
2025-08-08T13:32:39Z	6126.00000	1555.20579	1538.13515	1525.05046
2025-08-08T13:32:39Z	6126.00000	1555.20546	1538.13539	1525.05012
2025-08-08T13:32:39Z	6126.00000	1555.20504	1538.13470	1525.04985
2025-08-08T13:32:39Z	6126.00000	1555.20480	1538.13460	1525.04992
2025-08-08T13:32:39Z	6126.00000	1555.20434	1538.13418	1525.04938
2025-08-08T13:32:39Z	6127.00000	1555.20347	1538.13372	1525.04928
2025-08-08T13:32:39Z	6127.00000	1555.20334	1538.13357	1525.04889
2025-08-08T13:32:39Z	6127.00000	1555.20279	1538.13297	1525.04873
2025-08-08T13:32:39Z	6127.00000	1555.20273	1538.13265	1525.04831
2025-08-08T13:32:39Z	6127.00000	1555.20247	1538.13267	1525.04834
2025-08-08T13:32:40Z	6127.00000	1555.20202	1538.13233	1525.04815
2025-08-08T13:32:40Z	6127.00000	1555.20183	1538.13187	1525.04790
2025-08-08T13:32:40Z	6127.00000	1555.20135	1538.13185	1525.04782
2025-08-08T13:32:40Z	6127.00000	1555.20132	1538.13158	1525.04758
2025-08-08T13:32:40Z	6127.00000	1555.20096	1538.13117	1525.04718
2025-08-08T13:32:40Z	6128.00000	1555.20022	1538.13109	1525.04715
2025-08-08T13:32:40Z	6128.00000	1555.20010	1538.13058	1525.04704
2025-08-08T13:32:40Z	6128.00000	1555.19955	1538.13046	1525.04663
2025-08-08T13:32:40Z	6128.00000	1555.19976	1538.12991	1525.04666
2025-08-08T13:32:41Z	6128.00000	1555.19905	1538.12951	1525.04620
2025-08-08T13:32:41Z	6128.00000	1555.19895	1538.12951	1525.04614
2025-08-08T13:32:41Z	6128.00000	1555.19827	1538.12862	1525.04578
2025-08-08T13:32:41Z	6128.00000	1555.19833	1538.12880	1525.04572
2025-08-08T13:32:41Z	6129.00000	1555.19787	1538.12789	1525.04555
2025-08-08T13:32:41Z	6129.00000	1555.19773	1538.12777	1525.04535
2025-08-08T13:32:41Z	6129.00000	1555.19715	1538.12715	1525.04478
2025-08-08T13:32:41Z	6129.00000	1555.19719	1538.12693	1525.04506
2025-08-08T13:32:42Z	6129.00000	1555.19724	1538.12690	1525.04505
2025-08-08T13:32:42Z	6129.00000	1555.19674	1538.12637	1525.04456
2025-08-08T13:32:42Z	6129.00000	1555.19649	1538.12607	1525.04445
2025-08-08T13:32:42Z	6129.00000	1555.19622	1538.12560	1525.04389
2025-08-08T13:32:42Z	6129.00000	1555.19591	1538.12533	1525.04395
2025-08-08T13:32:42Z	6129.00000	1555.19581	1538.12495	1525.04387
2025-08-08T13:32:42Z	6130.00000	1555.19547	1538.12490	1525.04373
2025-08-08T13:32:42Z	6130.00000	1555.19571	1538.12423	1525.04369
2025-08-08T13:32:42Z	6130.00000	1555.19548	1538.12408	1525.04348
2025-08-08T13:32:42Z	6130.00000	1555.19527	1538.12378	1525.04339
2025-08-08T13:32:43Z	6130.00000	1555.19480	1538.12351	1525.04317
2025-08-08T13:32:43Z	6130.00000	1555.19472	1538.12340	1525.04305
2025-08-08T13:32:43Z	6130.00000	1555.19451	1538.12299	1525.04283
2025-08-08T13:32:43Z	6130.00000	1555.19446	1538.12265	1525.04285
2025-08-08T13:32:43Z	6130.00000	1555.19425	1538.12253	1525.04271
2025-08-08T13:32:43Z	6131.00000	1555.19394	1538.12257	1525.04253
2025-08-08T13:32:43Z	6131.00000	1555.19381	1538.12227	1525.04241
2025-08-08T13:32:43Z	6131.00000	1555.19349	1538.12161	1525.04231
2025-08-08T13:32:43Z	6131.00000	1555.19343	1538.12170	1525.04216
2025-08-08T13:32:43Z	6131.00000	1555.19319	1538.12129	1525.04212
2025-08-08T13:32:44Z	6131.00000	1555.19291	1538.12129	1525.04198
2025-08-08T13:32:44Z	6131.00000	1555.19276	1538.12091	1525.04174
2025-08-08T13:32:44Z	6131.00000	1555.19214	1538.12036	1525.04166
2025-08-08T13:32:44Z	6131.00000	1555.19235	1538.12020	1525.04163
2025-08-08T13:32:44Z	6132.00000	1555.19220	1538.12025	1525.04139
2025-08-08T13:32:44Z	6132.00000	1555.19212	1538.11991	1525.04130
2025-08-08T13:32:44Z	6132.00000	1555.19188	1538.11964	1525.04105
2025-08-08T13:32:44Z	6132.00000	1555.19153	1538.11954	1525.04105
2025-08-08T13:32:45Z	6132.00000	1555.19117	1538.11938	1525.04083
2025-08-08T13:32:45Z	6132.00000	1555.19115	1538.11889	1525.04075
2025-08-08T13:32:45Z	6132.00000	1555.19081	1538.11855	1525.04040
2025-08-08T13:32:45Z	6132.00000	1555.19059	1538.11884	1525.04060
2025-08-08T13:32:45Z	6132.00000	1555.19028	1538.11851	1525.04020
2025-08-08T13:32:45Z	6132.00000	1555.19010	1538.11831	1525.04018
2025-08-08T13:32:45Z	6133.00000	1555.18973	1538.11772	1525.03998
2025-08-08T13:32:45Z	6133.00000	1555.18952	1538.11770	1525.03985
2025-08-08T13:32:45Z	6133.00000	1555.18929	1538.11759	1525.03980
2025-08-08T13:32:45Z	6133.00000	1555.18902	1538.11755	1525.03957
2025-08-08T13:32:46Z	6133.00000	1555.18891	1538.11725	1525.03953
2025-08-08T13:32:46Z	6133.00000	1555.18843	1538.11664	1525.03931
2025-08-08T13:32:46Z	6133.00000	1555.18818	1538.11689	1525.03920
2025-08-08T13:32:46Z	6133.00000	1555.18796	1538.11709	1525.03915
2025-08-08T13:32:46Z	6134.00000	1555.18787	1538.11652	1525.03912
2025-08-08T13:32:46Z	6134.00000	1555.18756	1538.11643	1525.03883
2025-08-08T13:32:46Z	6134.00000	1555.18726	1538.11597	1525.03869
2025-08-08T13:32:46Z	6134.00000	1555.18723	1538.11631	1525.03858
2025-08-08T13:32:47Z	6134.00000	1555.18688	1538.11572	1525.03861
2025-08-08T13:32:47Z	6134.00000	1555.18676	1538.11585	1525.03842
2025-08-08T13:32:47Z	6134.00000	1555.18654	1538.11527	1525.03824
2025-08-08T13:32:47Z	6134.00000	1555.18645	1538.11519	1525.03809
2025-08-08T13:32:47Z	6134.00000	1555.18611	1538.11544	1525.03806
2025-08-08T13:32:47Z	6134.00000	1555.18615	1538.11499	1525.03792
2025-08-08T13:32:47Z	6135.00000	1555.18595	1538.11465	1525.03790
2025-08-08T13:32:47Z	6135.00000	1555.18564	1538.11452	1525.03765
2025-08-08T13:32:47Z	6135.00000	1555.18547	1538.11482	1525.03760
2025-08-08T13:32:47Z	6135.00000	1555.18523	1538.11444	1525.03752
2025-08-08T13:32:48Z	6135.00000	1555.18527	1538.11402	1525.03741
2025-08-08T13:32:48Z	6135.00000	1555.18483	1538.11409	1525.03715
2025-08-08T13:32:48Z	6135.00000	1555.18497	1538.11396	1525.03699
2025-08-08T13:32:48Z	6135.00000	1555.18492	1538.11355	1525.03707
2025-08-08T13:32:48Z	6135.00000	1555.18455	1538.11331	1525.03687
2025-08-08T13:32:48Z	6135.00000	1555.18424	1538.11332	1525.03678
2025-08-08T13:32:48Z	6136.00000	1555.18415	1538.11298	1525.03661
2025-08-08T13:32:48Z	6136.00000	1555.18445	1538.11286	1525.03652
2025-08-08T13:32:48Z	6136.00000	1555.18393	1538.11291	1525.03645
2025-08-08T13:32:48Z	6136.00000	1555.18384	1538.11226	1525.03622
2025-08-08T13:32:49Z	6136.00000	1555.18348	1538.11232	1525.03617
2025-08-08T13:32:49Z	6136.00000	1555.18306	1538.11166	1525.03612
2025-08-08T13:32:49Z	6136.00000	1555.18303	1538.11155	1525.03596
2025-08-08T13:32:49Z	6136.00000	1555.18286	1538.11137	1525.03583
2025-08-08T13:32:49Z	6136.00000	1555.18272	1538.11119	1525.03577
2025-08-08T13:32:49Z	6137.00000	1555.18239	1538.11100	1525.03562
2025-08-08T13:32:49Z	6137.00000	1555.18264	1538.11089	1525.03542
2025-08-08T13:32:49Z	6137.00000	1555.18241	1538.11065	1525.03545
2025-08-08T13:32:49Z	6137.00000	1555.18218	1538.11060	1525.03530
2025-08-08T13:32:50Z	6137.00000	1555.18249	1538.11080	1525.03560
2025-08-08T13:32:50Z	6137.00000	1555.18201	1538.10969	1525.03486
2025-08-08T13:32:50Z	6137.00000	1555.18165	1538.11021	1525.03496
2025-08-08T13:32:50Z	6137.00000	1555.18163	1538.10982	1525.03485
2025-08-08T13:32:50Z	6138.00000	1555.18168	1538.10974	1525.03494
2025-08-08T13:32:50Z	6138.00000	1555.18140	1538.10940	1525.03456
2025-08-08T13:32:50Z	6138.00000	1555.18128	1538.10931	1525.03461
2025-08-08T13:32:50Z	6138.00000	1555.18130	1538.10916	1525.03435
2025-08-08T13:32:50Z	6138.00000	1555.18129	1538.10892	1525.03425
2025-08-08T13:32:51Z	6138.00000	1555.18112	1538.10896	1525.03429
2025-08-08T13:32:51Z	6138.00000	1555.18102	1538.10866	1525.03404
2025-08-08T13:32:51Z	6138.00000	1555.18092	1538.10876	1525.03399
2025-08-08T13:32:51Z	6138.00000	1555.18069	1538.10832	1525.03385
2025-08-08T13:32:51Z	6138.00000	1555.18065	1538.10841	1525.03381
2025-08-08T13:32:51Z	6139.00000	1555.18056	1538.10833	1525.03365
2025-08-08T13:32:51Z	6139.00000	1555.18046	1538.10829	1525.03360
2025-08-08T13:32:51Z	6139.00000	1555.18019	1538.10818	1525.03348
2025-08-08T13:32:51Z	6139.00000	1555.17998	1538.10783	1525.03330
2025-08-08T13:32:52Z	6139.00000	1555.17998	1538.10768	1525.03330
2025-08-08T13:32:52Z	6139.00000	1555.17976	1538.10760	1525.03316
2025-08-08T13:32:52Z	6139.00000	1555.17967	1538.10740	1525.03307
2025-08-08T13:32:52Z	6139.00000	1555.17956	1538.10704	1525.03296
2025-08-08T13:32:52Z	6139.00000	1555.17962	1538.10714	1525.03292
2025-08-08T13:32:52Z	6140.00000	1555.22559	1538.15270	1525.06168
2025-08-08T13:32:52Z	6140.00000	1555.53511	1538.43929	1525.22652
2025-08-08T13:32:52Z	6140.00000	1555.84981	1538.73564	1525.40008
2025-08-08T13:32:53Z	6140.00000	1556.16570	1539.03070	1525.56856
2025-08-08T13:32:53Z	6140.00000	1556.39378	1539.24631	1525.69143
2025-08-08T13:32:53Z	6140.00000	1556.61557	1539.45233	1525.81065
2025-08-08T13:32:53Z	6140.00000	1556.82956	1539.65235	1525.92708
2025-08-08T13:32:53Z	6140.00000	1557.03531	1539.84762	1526.04172
2025-08-08T13:32:53Z	6140.00000	1557.29481	1540.09185	1526.18158
2025-08-08T13:32:53Z	6141.00000	1557.48627	1540.26930	1526.28422
2025-08-08T13:32:53Z	6141.00000	1557.66945	1540.44274	1526.38563
2025-08-08T13:32:53Z	6141.00000	1557.84719	1540.61006	1526.48116
2025-08-08T13:32:53Z	6141.00000	1558.06909	1540.82033	1526.60371
2025-08-08T13:32:54Z	6141.00000	1558.28079	1541.02145	1526.71855
2025-08-08T13:32:54Z	6141.00000	1558.43274	1541.16534	1526.80375
2025-08-08T13:32:54Z	6141.00000	1558.59490	1541.31960	1526.89080
2025-08-08T13:32:54Z	6141.00000	1558.72780	1541.44622	1526.96544
2025-08-08T13:32:54Z	6141.00000	1558.85334	1541.56346	1527.03385
2025-08-08T13:32:54Z	6142.00000	1558.96751	1541.67656	1527.09645
2025-08-08T13:32:54Z	6142.00000	1559.09160	1541.79609	1527.16684
2025-08-08T13:32:54Z	6142.00000	1559.19208	1541.89050	1527.22301
2025-08-08T13:32:54Z	6142.00000	1559.29097	1541.98699	1527.27842
2025-08-08T13:32:54Z	6142.00000	1559.37175	1542.06239	1527.32445
2025-08-08T13:32:55Z	6142.00000	1559.44686	1542.13306	1527.36872
2025-08-08T13:32:55Z	6142.00000	1559.51438	1542.19994	1527.40560
2025-08-08T13:32:55Z	6142.00000	1559.59200	1542.27319	1527.44897
2025-08-08T13:32:55Z	6142.00000	1559.69804	1542.37644	1527.50814
2025-08-08T13:32:55Z	6143.00000	1559.74416	1542.41978	1527.53613
2025-08-08T13:32:55Z	6143.00000	1559.77777	1542.45034	1527.55471
2025-08-08T13:32:55Z	6143.00000	1559.81580	1542.48469	1527.57650
2025-08-08T13:32:55Z	6143.00000	1559.84289	1542.50782	1527.59006
2025-08-08T13:32:56Z	6143.00000	1559.86760	1542.53592	1527.60431
2025-08-08T13:32:56Z	6143.00000	1559.89164	1542.55699	1527.61761
2025-08-08T13:32:56Z	6143.00000	1559.90682	1542.57125	1527.62605
2025-08-08T13:32:56Z	6143.00000	1559.92009	1542.58246	1527.63332
2025-08-08T13:32:56Z	6143.00000	1559.93221	1542.59446	1527.64046
2025-08-08T13:32:56Z	6144.00000	1559.94379	1542.60481	1527.64693
2025-08-08T13:32:56Z	6144.00000	1559.95681	1542.61658	1527.65421
2025-08-08T13:32:56Z	6144.00000	1559.96536	1542.62401	1527.65938
2025-08-08T13:32:56Z	6144.00000	1559.97659	1542.63499	1527.66575
2025-08-08T13:32:57Z	6144.00000	1559.98760	1542.64265	1527.67109
2025-08-08T13:32:57Z	6144.00000	1559.99492	1542.64910	1527.67485
2025-08-08T13:32:57Z	6144.00000	1560.00125	1542.65406	1527.67821
2025-08-08T13:32:57Z	6144.00000	1560.00754	1542.66012	1527.68270
2025-08-08T13:32:57Z	6144.00000	1560.01734	1542.66898	1527.68769
2025-08-08T13:32:57Z	6145.00000	1559.37260	1541.96042	1527.32507
2025-08-08T13:32:57Z	6145.00000	1558.11954	1540.83793	1526.63235
2025-08-08T13:32:57Z	6145.00000	1557.83795	1540.58134	1526.47662
2025-08-08T13:32:57Z	6145.00000	1557.61805	1540.38095	1526.35528
2025-08-08T13:32:58Z	6145.00000	1557.42344	1540.20013	1526.24875
2025-08-08T13:32:58Z	6145.00000	1557.20882	1540.00223	1526.12919
2025-08-08T13:32:58Z	6145.00000	1557.03170	1539.83808	1526.03469
2025-08-08T13:32:58Z	6145.00000	1556.86238	1539.67906	1525.93922
2025-08-08T13:32:58Z	6145.00000	1556.66927	1539.50063	1525.83486
2025-08-08T13:32:58Z	6146.00000	1556.50587	1539.34854	1525.74426
2025-08-08T13:32:58Z	6146.00000	1556.29939	1539.15857	1525.63886
2025-08-08T13:32:58Z	6146.00000	1556.10008	1538.97475	1525.53256
2025-08-08T13:32:58Z	6146.00000	1555.93632	1538.82093	1525.44695
2025-08-08T13:32:59Z	6146.00000	1555.77524	1538.66844	1525.35790
2025-08-08T13:32:59Z	6146.00000	1555.64091	1538.54269	1525.28764
2025-08-08T13:32:59Z	6146.00000	1555.46167	1538.37700	1525.18825
2025-08-08T13:32:59Z	6146.00000	1555.33256	1538.25735	1525.12058
2025-08-08T13:32:59Z	6146.00000	1555.25553	1538.18739	1525.07917
2025-08-08T13:32:59Z	6147.00000	1555.25194	1538.18295	1525.07708
2025-08-08T13:32:59Z	6147.00000	1555.24784	1538.17985	1525.07532
2025-08-08T13:32:59Z	6147.00000	1555.24428	1538.17643	1525.07369
2025-08-08T13:32:59Z	6147.00000	1555.24154	1538.17317	1525.07186
2025-08-08T13:32:59Z	6147.00000	1555.23917	1538.17050	1525.06990
2025-08-08T13:33:00Z	6147.00000	1555.23668	1538.16790	1525.06856
2025-08-08T13:33:00Z	6147.00000	1555.23445	1538.16645	1525.06712
2025-08-08T13:33:00Z	6147.00000	1555.23164	1538.16402	1525.06572
2025-08-08T13:33:00Z	6147.00000	1555.22937	1538.16126	1525.06467
2025-08-08T13:33:00Z	6148.00000	1555.22756	1538.15972	1525.06390
2025-08-08T13:33:00Z	6148.00000	1555.22639	1538.15818	1525.06325
2025-08-08T13:33:00Z	6148.00000	1555.22530	1538.15675	1525.06227
2025-08-08T13:33:00Z	6148.00000	1555.22466	1538.15543	1525.06159
2025-08-08T13:33:00Z	6148.00000	1555.22348	1538.15427	1525.06066
2025-08-08T13:33:01Z	6148.00000	1555.22230	1538.15300	1525.05973
2025-08-08T13:33:01Z	6148.00000	1555.22071	1538.15188	1525.05870
2025-08-08T13:33:01Z	6148.00000	1555.21984	1538.15093	1525.05821
2025-08-08T13:33:01Z	6148.00000	1555.21969	1538.15023	1525.05826
2025-08-08T13:33:01Z	6148.00000	1555.21710	1538.14822	1525.05648
2025-08-08T13:33:01Z	6149.00000	1555.21617	1538.14708	1525.05599
2025-08-08T13:33:01Z	6149.00000	1555.21514	1538.14657	1525.05562
2025-08-08T13:33:01Z	6149.00000	1555.21421	1538.14579	1525.05516
2025-08-08T13:33:01Z	6149.00000	1555.21345	1538.14347	1525.05473
2025-08-08T13:33:02Z	6149.00000	1555.21265	1538.14228	1525.05413
2025-08-08T13:33:02Z	6149.00000	1555.21186	1538.14128	1525.05371
2025-08-08T13:33:02Z	6149.00000	1555.21126	1538.14091	1525.05334
2025-08-08T13:33:02Z	6149.00000	1555.21056	1538.14035	1525.05304
2025-08-08T13:33:02Z	6149.00000	1555.21000	1538.13901	1525.05287
2025-08-08T13:33:02Z	6150.00000	1555.20955	1538.13858	1525.05241
2025-08-08T13:33:02Z	6150.00000	1555.20910	1538.13800	1525.05200
2025-08-08T13:33:02Z	6150.00000	1555.20859	1538.13783	1525.05159
2025-08-08T13:33:02Z	6150.00000	1555.20802	1538.13725	1525.05127
2025-08-08T13:33:02Z	6150.00000	1555.20724	1538.13625	1525.05062
2025-08-08T13:33:03Z	6150.00000	1555.20664	1538.13521	1525.05018
2025-08-08T13:33:03Z	6150.00000	1555.20592	1538.13474	1525.04982
2025-08-08T13:33:03Z	6150.00000	1555.20509	1538.13413	1525.04922
2025-08-08T13:33:03Z	6150.00000	1555.20466	1538.13342	1525.04896
2025-08-08T13:33:03Z	6151.00000	1555.20386	1538.13309	1525.04832
2025-08-08T13:33:03Z	6151.00000	1555.26991	1538.19778	1525.08808
2025-08-08T13:33:03Z	6151.00000	1555.57534	1538.47769	1525.25266
2025-08-08T13:33:03Z	6151.00000	1555.81303	1538.70166	1525.37818
2025-08-08T13:33:03Z	6151.00000	1556.04967	1538.92446	1525.50758
2025-08-08T13:33:04Z	6151.00000	1556.32724	1539.18304	1525.65744
2025-08-08T13:33:04Z	6151.00000	1556.58658	1539.42387	1525.79448
2025-08-08T13:33:04Z	6151.00000	1556.80716	1539.63181	1525.91506
2025-08-08T13:33:04Z	6151.00000	1557.01659	1539.82926	1526.03125
2025-08-08T13:33:04Z	6151.00000	1557.22054	1540.02261	1526.13948
2025-08-08T13:33:04Z	6152.00000	1557.47820	1540.26275	1526.28008
2025-08-08T13:33:04Z	6152.00000	1557.66669	1540.44020	1526.38385
2025-08-08T13:33:04Z	6152.00000	1557.84656	1540.60952	1526.48071
2025-08-08T13:33:04Z	6152.00000	1558.04408	1540.79694	1526.58981
2025-08-08T13:33:05Z	6152.00000	1558.23225	1540.97571	1526.69249
2025-08-08T13:33:05Z	6152.00000	1558.38717	1541.12366	1526.77899
2025-08-08T13:33:05Z	6152.00000	1558.53462	1541.26357	1526.85895
2025-08-08T13:33:05Z	6152.00000	1558.67752	1541.39558	1526.93771
2025-08-08T13:33:05Z	6152.00000	1558.83159	1541.54385	1527.02312
2025-08-08T13:33:05Z	6152.00000	1558.97071	1541.68044	1527.09962
2025-08-08T13:33:05Z	6153.00000	1559.08846	1541.79427	1527.16637
2025-08-08T13:33:05Z	6153.00000	1559.20713	1541.90446	1527.23221
2025-08-08T13:33:05Z	6153.00000	1559.29990	1541.99661	1527.28418
2025-08-08T13:33:05Z	6153.00000	1559.39567	1542.08546	1527.33936
2025-08-08T13:33:06Z	6153.00000	1559.48201	1542.17249	1527.38943
2025-08-08T13:33:06Z	6153.00000	1559.55280	1542.23568	1527.42723
2025-08-08T13:33:06Z	6153.00000	1559.62907	1542.30759	1527.47064
2025-08-08T13:33:06Z	6153.00000	1559.68204	1542.36127	1527.49949
2025-08-08T13:33:06Z	6153.00000	1559.73328	1542.40781	1527.52934
2025-08-08T13:33:06Z	6154.00000	1559.77028	1542.44122	1527.55129
2025-08-08T13:33:06Z	6154.00000	1559.80339	1542.47378	1527.56991
2025-08-08T13:33:06Z	6154.00000	1559.83808	1542.50301	1527.58803
2025-08-08T13:33:06Z	6154.00000	1559.86231	1542.53007	1527.60128
2025-08-08T13:33:07Z	6154.00000	1559.89012	1542.55560	1527.61671
2025-08-08T13:33:07Z	6154.00000	1559.90759	1542.57197	1527.62661
2025-08-08T13:33:07Z	6154.00000	1559.92313	1542.58599	1527.63490
2025-08-08T13:33:07Z	6154.00000	1559.93871	1542.60008	1527.64370
2025-08-08T13:33:07Z	6154.00000	1559.95490	1542.61574	1527.65341
2025-08-08T13:33:07Z	6155.00000	1559.96609	1542.62451	1527.65957
2025-08-08T13:33:07Z	6155.00000	1559.98773	1542.64263	1527.67049
2025-08-08T13:33:07Z	6155.00000	1559.99898	1542.65223	1527.67661
2025-08-08T13:33:07Z	6155.00000	1560.00809	1542.66008	1527.68242
2025-08-08T13:33:08Z	6155.00000	1560.01517	1542.66713	1527.68647
2025-08-08T13:33:08Z	6155.00000	1560.02214	1542.67310	1527.69035
2025-08-08T13:33:08Z	6155.00000	1560.03031	1542.68056	1527.69539
2025-08-08T13:33:08Z	6155.00000	1560.03608	1542.68625	1527.69887
2025-08-08T13:33:08Z	6155.00000	1560.04288	1542.69209	1527.70278
2025-08-08T13:33:08Z	6156.00000	1559.04332	1541.66602	1527.13831
2025-08-08T13:33:08Z	6156.00000	1557.84717	1540.58824	1526.48054
2025-08-08T13:33:08Z	6156.00000	1557.59612	1540.35922	1526.34281
2025-08-08T13:33:09Z	6156.00000	1557.40042	1540.17842	1526.23628
2025-08-08T13:33:09Z	6156.00000	1557.18787	1539.98314	1526.11821
2025-08-08T13:33:09Z	6156.00000	1557.00802	1539.81539	1526.02154
2025-08-08T13:33:09Z	6156.00000	1556.81212	1539.63346	1525.91281
2025-08-08T13:33:09Z	6156.00000	1556.64678	1539.47971	1525.82323
2025-08-08T13:33:09Z	6157.00000	1556.48717	1539.33298	1525.73541
2025-08-08T13:33:09Z	6157.00000	1556.30563	1539.16507	1525.64288
2025-08-08T13:33:09Z	6157.00000	1556.13005	1539.00243	1525.54810
2025-08-08T13:33:09Z	6157.00000	1555.96525	1538.84701	1525.46315
2025-08-08T13:33:10Z	6157.00000	1555.80259	1538.69650	1525.37365
2025-08-08T13:33:10Z	6157.00000	1555.64210	1538.54460	1525.28928
2025-08-08T13:33:10Z	6157.00000	1555.50754	1538.41895	1525.21445
2025-08-08T13:33:10Z	6157.00000	1555.37998	1538.30189	1525.14602
2025-08-08T13:33:10Z	6157.00000	1555.26799	1538.19956	1525.08717
2025-08-08T13:33:10Z	6157.00000	1555.26206	1538.19443	1525.08429
2025-08-08T13:33:10Z	6158.00000	1555.25711	1538.18946	1525.08117
2025-08-08T13:33:10Z	6158.00000	1555.25306	1538.18458	1525.07869
2025-08-08T13:33:10Z	6158.00000	1555.24937	1538.18147	1525.07697
2025-08-08T13:33:10Z	6158.00000	1555.24680	1538.17906	1525.07566
2025-08-08T13:33:11Z	6158.00000	1555.24454	1538.17701	1525.07437
2025-08-08T13:33:11Z	6158.00000	1555.24243	1538.17499	1525.07316
2025-08-08T13:33:11Z	6158.00000	1555.24097	1538.17316	1525.07209
2025-08-08T13:33:11Z	6158.00000	1555.23966	1538.17105	1525.07095
2025-08-08T13:33:11Z	6159.00000	1555.23671	1538.16879	1525.06911
2025-08-08T13:33:11Z	6159.00000	1555.23524	1538.16714	1525.06830
2025-08-08T13:33:11Z	6159.00000	1555.23374	1538.16594	1525.06725
2025-08-08T13:33:11Z	6159.00000	1555.23154	1538.16390	1525.06631
2025-08-08T13:33:11Z	6159.00000	1555.23019	1538.16260	1525.06559
2025-08-08T13:33:12Z	6159.00000	1555.22900	1538.16151	1525.06500
2025-08-08T13:33:12Z	6159.00000	1555.22764	1538.16000	1525.06446
2025-08-08T13:33:12Z	6159.00000	1555.22683	1538.15875	1525.06399
2025-08-08T13:33:12Z	6159.00000	1555.22582	1538.15752	1525.06332
2025-08-08T13:33:12Z	6159.00000	1555.22506	1538.15650	1525.06271
2025-08-08T13:33:12Z	6160.00000	1555.22405	1538.15513	1525.06173
2025-08-08T13:33:12Z	6160.00000	1555.22354	1538.15465	1525.06121
2025-08-08T13:33:12Z	6160.00000	1555.22241	1538.15352	1525.06045
2025-08-08T13:33:12Z	6160.00000	1555.22154	1538.15267	1525.06003
2025-08-08T13:33:13Z	6160.00000	1555.22085	1538.15189	1525.05931
2025-08-08T13:33:13Z	6160.00000	1555.21967	1538.15090	1525.05880
2025-08-08T13:33:13Z	6160.00000	1555.21883	1538.15033	1525.05819
2025-08-08T13:33:13Z	6160.00000	1555.21804	1538.14946	1525.05787
2025-08-08T13:33:13Z	6160.00000	1555.21684	1538.14850	1525.05707
2025-08-08T13:33:13Z	6161.00000	1555.21609	1538.14784	1525.05658
2025-08-08T13:33:13Z	6161.00000	1555.21525	1538.14656	1525.05614
2025-08-08T13:33:13Z	6161.00000	1555.21476	1538.14620	1525.05571
2025-08-08T13:33:13Z	6161.00000	1555.21405	1538.14568	1525.05544
2025-08-08T13:33:14Z	6161.00000	1555.21333	1538.14345	1525.05492
2025-08-08T13:33:14Z	6161.00000	1555.21275	1538.14261	1525.05469
2025-08-08T13:33:14Z	6161.00000	1555.21197	1538.14185	1525.05438
2025-08-08T13:33:14Z	6161.00000	1555.21145	1538.14124	1525.05403
2025-08-08T13:33:14Z	6161.00000	1555.21067	1538.14030	1525.05365
2025-08-08T13:33:14Z	6161.00000	1555.21017	1538.14008	1525.05331
2025-08-08T13:33:14Z	6162.00000	1555.20966	1538.13918	1525.05308
2025-08-08T13:33:14Z	6162.00000	1555.20948	1538.13832	1525.05253
2025-08-08T13:33:14Z	6162.00000	1555.20898	1538.13785	1525.05234
2025-08-08T13:33:14Z	6162.00000	1555.20837	1538.13723	1525.05189
2025-08-08T13:33:15Z	6162.00000	1555.20748	1538.13679	1525.05121
2025-08-08T13:33:15Z	6162.00000	1555.20771	1538.13684	1525.05160
2025-08-08T13:33:15Z	6162.00000	1555.20647	1538.13555	1525.05077
2025-08-08T13:33:15Z	6162.00000	1555.20611	1538.13564	1525.05028
2025-08-08T13:33:15Z	6162.00000	1555.20596	1538.13486	1525.05050
2025-08-08T13:33:15Z	6163.00000	1555.20538	1538.13468	1525.04986
2025-08-08T13:33:15Z	6163.00000	1555.34655	1538.26557	1525.12347
2025-08-08T13:33:15Z	6163.00000	1555.63480	1538.53518	1525.28608
2025-08-08T13:33:15Z	6163.00000	1555.87681	1538.76234	1525.41575
2025-08-08T13:33:16Z	6163.00000	1556.15114	1539.01923	1525.56180
2025-08-08T13:33:16Z	6163.00000	1556.38419	1539.23704	1525.68709
2025-08-08T13:33:16Z	6163.00000	1556.64314	1539.47866	1525.82644
2025-08-08T13:33:16Z	6163.00000	1556.85313	1539.67534	1525.94027
2025-08-08T13:33:16Z	6163.00000	1557.09724	1539.90684	1526.07548
2025-08-08T13:33:16Z	6164.00000	1557.29798	1540.09416	1526.18353
2025-08-08T13:33:16Z	6164.00000	1557.49447	1540.27774	1526.28896
2025-08-08T13:33:16Z	6164.00000	1557.70619	1540.47762	1526.40665
2025-08-08T13:33:16Z	6164.00000	1557.90973	1540.66928	1526.51523
2025-08-08T13:33:17Z	6164.00000	1558.16369	1540.91104	1526.65538
2025-08-08T13:33:17Z	6164.00000	1558.36936	1541.10683	1526.76936
2025-08-08T13:33:17Z	6164.00000	1558.54271	1541.27117	1526.86353
2025-08-08T13:33:17Z	6164.00000	1558.68078	1541.39979	1526.93997
2025-08-08T13:33:17Z	6164.00000	1558.85557	1541.56617	1527.03631
2025-08-08T13:33:17Z	6165.00000	1559.01226	1541.71892	1527.12274
2025-08-08T13:33:17Z	6165.00000	1559.11825	1541.82389	1527.18398
2025-08-08T13:33:17Z	6165.00000	1559.22023	1541.91769	1527.23964
2025-08-08T13:33:17Z	6165.00000	1559.32444	1542.01883	1527.29805
2025-08-08T13:33:18Z	6165.00000	1559.40553	1542.09512	1527.34590
2025-08-08T13:33:18Z	6165.00000	1559.49338	1542.18032	1527.39487
2025-08-08T13:33:18Z	6165.00000	1559.55940	1542.24371	1527.43111
2025-08-08T13:33:18Z	6165.00000	1559.61832	1542.29848	1527.46479
2025-08-08T13:33:18Z	6165.00000	1559.68053	1542.36043	1527.49897
2025-08-08T13:33:18Z	6165.00000	1559.72661	1542.40329	1527.52644
2025-08-08T13:33:18Z	6166.00000	1559.77072	1542.44287	1527.55193
2025-08-08T13:33:18Z	6166.00000	1559.80937	1542.47778	1527.57379
2025-08-08T13:33:18Z	6166.00000	1559.84442	1542.51015	1527.59186
2025-08-08T13:33:18Z	6166.00000	1559.86900	1542.53755	1527.60559
2025-08-08T13:33:19Z	6166.00000	1559.90243	1542.56770	1527.62400
2025-08-08T13:33:19Z	6166.00000	1559.92191	1542.58534	1527.63492
2025-08-08T13:33:19Z	6166.00000	1559.94091	1542.60295	1527.64573
2025-08-08T13:33:19Z	6166.00000	1559.95348	1542.61496	1527.65304
2025-08-08T13:33:19Z	6167.00000	1559.96541	1542.62465	1527.65941
2025-08-08T13:33:19Z	6167.00000	1559.97912	1542.63665	1527.66704
2025-08-08T13:33:19Z	6167.00000	1559.99067	1542.64615	1527.67330
2025-08-08T13:33:19Z	6167.00000	1560.00104	1542.65468	1527.67855
2025-08-08T13:33:19Z	6167.00000	1560.00958	1542.66204	1527.68353
2025-08-08T13:33:20Z	6167.00000	1560.01926	1542.67168	1527.68899
2025-08-08T13:33:20Z	6167.00000	1560.02640	1542.67788	1527.69347
2025-08-08T13:33:20Z	6167.00000	1560.03327	1542.68453	1527.69782
2025-08-08T13:33:20Z	6167.00000	1560.03962	1542.68928	1527.70087
2025-08-08T13:33:20Z	6167.00000	1560.04578	1542.70009	1527.70518
2025-08-08T13:33:20Z	6168.00000	1560.05150	1542.70641	1527.70891
2025-08-08T13:33:20Z	6168.00000	1558.62502	1541.29705	1526.91031
2025-08-08T13:33:20Z	6168.00000	1558.08621	1540.80663	1526.61280
2025-08-08T13:33:20Z	6168.00000	1557.82154	1540.56488	1526.46746
2025-08-08T13:33:20Z	6168.00000	1557.60854	1540.37109	1526.35022
2025-08-08T13:33:21Z	6168.00000	1557.41201	1540.18853	1526.24286
2025-08-08T13:33:21Z	6168.00000	1557.17124	1539.96584	1526.10929
2025-08-08T13:33:21Z	6168.00000	1556.96207	1539.77234	1525.99657
2025-08-08T13:33:21Z	6168.00000	1556.79633	1539.62005	1525.90544
2025-08-08T13:33:21Z	6168.00000	1556.57627	1539.41432	1525.78410
2025-08-08T13:33:21Z	6169.00000	1556.39076	1539.24543	1525.68693
2025-08-08T13:33:21Z	6169.00000	1556.23805	1539.10409	1525.60642
2025-08-08T13:33:21Z	6169.00000	1556.08944	1538.96589	1525.52790
2025-08-08T13:33:21Z	6169.00000	1555.92370	1538.80934	1525.44177
2025-08-08T13:33:22Z	6169.00000	1555.78384	1538.67669	1525.36365
2025-08-08T13:33:22Z	6169.00000	1555.64375	1538.54632	1525.29031
2025-08-08T13:33:22Z	6169.00000	1555.50789	1538.41954	1525.21509
2025-08-08T13:33:22Z	6169.00000	1555.33746	1538.26286	1525.12411
2025-08-08T13:33:22Z	6169.00000	1555.26857	1538.20010	1525.08815
2025-08-08T13:33:22Z	6170.00000	1555.26173	1538.19466	1525.08472
2025-08-08T13:33:22Z	6170.00000	1555.25796	1538.19074	1525.08193
2025-08-08T13:33:22Z	6170.00000	1555.25540	1538.18746	1525.08017
2025-08-08T13:33:22Z	6170.00000	1555.25301	1538.18461	1525.07886
2025-08-08T13:33:22Z	6170.00000	1555.24947	1538.18163	1525.07707
2025-08-08T13:33:23Z	6170.00000	1555.24658	1538.17922	1525.07574
2025-08-08T13:33:23Z	6170.00000	1555.24397	1538.17645	1525.07446
2025-08-08T13:33:23Z	6170.00000	1555.24225	1538.17505	1525.07341
2025-08-08T13:33:23Z	6170.00000	1555.24072	1538.17321	1525.07195
2025-08-08T13:33:23Z	6171.00000	1555.23924	1538.17121	1525.07074
2025-08-08T13:33:23Z	6171.00000	1555.23788	1538.16938	1525.06986
2025-08-08T13:33:23Z	6171.00000	1555.23670	1538.16864	1525.06911
2025-08-08T13:33:23Z	6171.00000	1555.23494	1538.16686	1525.06829
2025-08-08T13:33:23Z	6171.00000	1555.23343	1538.16528	1525.06732
2025-08-08T13:33:24Z	6171.00000	1555.23160	1538.16380	1525.06660
2025-08-08T13:33:24Z	6171.00000	1555.23018	1538.16262	1525.06573
2025-08-08T13:33:24Z	6171.00000	1555.22885	1538.16126	1525.06508
2025-08-08T13:33:24Z	6171.00000	1555.22824	1538.16066	1525.06481
2025-08-08T13:33:24Z	6171.00000	1555.22682	1538.15911	1525.06397
2025-08-08T13:33:24Z	6172.00000	1555.22603	1538.15788	1525.06374
2025-08-08T13:33:24Z	6172.00000	1555.22523	1538.15687	1525.06280
2025-08-08T13:33:24Z	6172.00000	1555.22436	1538.15613	1525.06239
2025-08-08T13:33:24Z	6172.00000	1555.22376	1538.15515	1525.06164
2025-08-08T13:33:25Z	6172.00000	1555.22275	1538.15393	1525.06087
2025-08-08T13:33:25Z	6172.00000	1555.22189	1538.15320	1525.06032
2025-08-08T13:33:25Z	6172.00000	1555.22131	1538.15237	1525.05978
2025-08-08T13:33:25Z	6172.00000	1555.22045	1538.15142	1525.05939
2025-08-08T13:33:25Z	6172.00000	1555.21941	1538.15112	1525.05886
2025-08-08T13:33:25Z	6172.00000	1555.21850	1538.15030	1525.05833
2025-08-08T13:33:25Z	6173.00000	1555.21769	1538.14935	1525.05778
2025-08-08T13:33:25Z	6173.00000	1555.21679	1538.14863	1525.05749
2025-08-08T13:33:25Z	6173.00000	1555.21589	1538.14776	1525.05660
2025-08-08T13:33:25Z	6173.00000	1555.21515	1538.14683	1525.05639
2025-08-08T13:33:26Z	6173.00000	1555.21458	1538.14641	1525.05595
2025-08-08T13:33:26Z	6173.00000	1555.21390	1538.14373	1525.05537
2025-08-08T13:33:26Z	6173.00000	1555.21331	1538.14353	1525.05514
2025-08-08T13:33:26Z	6173.00000	1555.21281	1538.14247	1525.05492
2025-08-08T13:33:26Z	6173.00000	1555.21195	1538.14229	1525.05451
2025-08-08T13:33:26Z	6174.00000	1555.21161	1538.14189	1525.05431
2025-08-08T13:33:26Z	6174.00000	1555.21108	1538.14043	1525.05396
2025-08-08T13:33:26Z	6174.00000	1555.21059	1538.14045	1525.05377
2025-08-08T13:33:26Z	6174.00000	1555.20999	1538.14025	1525.05345
2025-08-08T13:33:27Z	6174.00000	1555.20904	1538.13875	1525.05315
2025-08-08T13:33:27Z	6174.00000	1555.20888	1538.13866	1525.05277
2025-08-08T13:33:27Z	6174.00000	1555.20873	1538.13787	1525.05244
2025-08-08T13:33:27Z	6174.00000	1555.20819	1538.13764	1525.05196
2025-08-08T13:33:27Z	6174.00000	1555.20759	1538.13719	1525.05177
2025-08-08T13:33:27Z	6175.00000	1555.20718	1538.13593	1525.05156
2025-08-08T13:33:27Z	6175.00000	1555.34224	1538.26385	1525.12347
2025-08-08T13:33:27Z	6175.00000	1555.60153	1538.50296	1525.26624
2025-08-08T13:33:27Z	6175.00000	1555.87694	1538.76302	1525.41672
2025-08-08T13:33:28Z	6175.00000	1556.11482	1538.98657	1525.54303
2025-08-08T13:33:28Z	6175.00000	1556.38664	1539.23944	1525.68890
2025-08-08T13:33:28Z	6175.00000	1556.61865	1539.45663	1525.81329
2025-08-08T13:33:28Z	6175.00000	1556.86819	1539.68874	1525.94883
2025-08-08T13:33:28Z	6175.00000	1557.07589	1539.88672	1526.06447
2025-08-08T13:33:28Z	6176.00000	1557.30601	1540.10115	1526.18793
2025-08-08T13:33:28Z	6176.00000	1557.52748	1540.30891	1526.30709
2025-08-08T13:33:28Z	6176.00000	1557.79835	1540.56711	1526.45733
2025-08-08T13:33:28Z	6176.00000	1557.97307	1540.73101	1526.55049
2025-08-08T13:33:29Z	6176.00000	1558.16677	1540.91379	1526.65737
2025-08-08T13:33:29Z	6176.00000	1558.32152	1541.05958	1526.74227
2025-08-08T13:33:29Z	6176.00000	1558.49611	1541.22458	1526.83860
2025-08-08T13:33:29Z	6176.00000	1558.63735	1541.36006	1526.91621
2025-08-08T13:33:29Z	6176.00000	1558.77431	1541.49127	1526.99330
2025-08-08T13:33:29Z	6177.00000	1558.92336	1541.63527	1527.07393
2025-08-08T13:33:29Z	6177.00000	1559.04101	1541.74628	1527.13969
2025-08-08T13:33:29Z	6177.00000	1559.16539	1541.86695	1527.21001
2025-08-08T13:33:29Z	6177.00000	1559.26164	1541.95708	1527.26352
2025-08-08T13:33:29Z	6177.00000	1559.35018	1542.04277	1527.31341
2025-08-08T13:33:30Z	6177.00000	1559.45401	1542.14181	1527.37382
2025-08-08T13:33:30Z	6177.00000	1559.53749	1542.22292	1527.41942
2025-08-08T13:33:30Z	6177.00000	1559.59916	1542.28135	1527.45384
2025-08-08T13:33:30Z	6177.00000	1559.66419	1542.34502	1527.48948
2025-08-08T13:33:30Z	6177.00000	1559.72606	1542.40259	1527.52623
2025-08-08T13:33:30Z	6178.00000	1559.77173	1542.44404	1527.55252
2025-08-08T13:33:30Z	6178.00000	1559.80568	1542.47643	1527.57203
2025-08-08T13:33:30Z	6178.00000	1559.83701	1542.50260	1527.58776
2025-08-08T13:33:30Z	6178.00000	1559.86663	1542.53551	1527.60366
2025-08-08T13:33:31Z	6178.00000	1559.88827	1542.55491	1527.61642
2025-08-08T13:33:31Z	6178.00000	1559.90851	1542.57409	1527.62784
2025-08-08T13:33:31Z	6178.00000	1559.92799	1542.59204	1527.63854
2025-08-08T13:33:31Z	6178.00000	1559.94352	1542.60533	1527.64721
2025-08-08T13:33:31Z	6178.00000	1559.96047	1542.62023	1527.65657
2025-08-08T13:33:31Z	6179.00000	1559.97143	1542.63166	1527.66310
2025-08-08T13:33:31Z	6179.00000	1559.98373	1542.64198	1527.67015
2025-08-08T13:33:31Z	6179.00000	1559.99683	1542.65185	1527.67617
2025-08-08T13:33:31Z	6179.00000	1560.00528	1542.65935	1527.68169
2025-08-08T13:33:32Z	6179.00000	1560.01503	1542.66936	1527.68665
2025-08-08T13:33:32Z	6179.00000	1560.02204	1542.67443	1527.69079
2025-08-08T13:33:32Z	6179.00000	1560.03027	1542.68275	1527.69629
2025-08-08T13:33:32Z	6179.00000	1560.03750	1542.68809	1527.69982
2025-08-08T13:33:32Z	6179.00000	1560.04475	1542.70021	1527.70477
2025-08-08T13:33:32Z	6180.00000	1560.05259	1542.70735	1527.70951
2025-08-08T13:33:32Z	6180.00000	1559.93373	1542.50244	1527.65231
2025-08-08T13:33:32Z	6180.00000	1558.32080	1541.02040	1526.74269
2025-08-08T13:33:32Z	6180.00000	1557.98437	1540.71449	1526.55631
2025-08-08T13:33:32Z	6180.00000	1557.74557	1540.49576	1526.42822
2025-08-08T13:33:33Z	6180.00000	1557.50478	1540.27317	1526.29264
2025-08-08T13:33:33Z	6180.00000	1557.31420	1540.09724	1526.18895
2025-08-08T13:33:33Z	6180.00000	1557.10240	1539.90384	1526.07434
2025-08-08T13:33:33Z	6180.00000	1556.92825	1539.74088	1525.97801
2025-08-08T13:33:33Z	6180.00000	1556.75986	1539.58497	1525.88584
2025-08-08T13:33:33Z	6181.00000	1556.57040	1539.40996	1525.78115
2025-08-08T13:33:33Z	6181.00000	1556.41088	1539.26463	1525.69778
2025-08-08T13:33:33Z	6181.00000	1556.23416	1539.10077	1525.60509
2025-08-08T13:33:33Z	6181.00000	1556.06315	1538.94178	1525.51491
2025-08-08T13:33:34Z	6181.00000	1555.89978	1538.78787	1525.42815
2025-08-08T13:33:34Z	6181.00000	1555.73889	1538.63560	1525.34092
2025-08-08T13:33:34Z	6181.00000	1555.59904	1538.50409	1525.26704
2025-08-08T13:33:34Z	6181.00000	1555.44945	1538.36682	1525.18347
2025-08-08T13:33:34Z	6181.00000	1555.30224	1538.23124	1525.10612
2025-08-08T13:33:34Z	6181.00000	1555.26804	1538.19990	1525.08792
2025-08-08T13:33:34Z	6182.00000	1555.26260	1538.19489	1525.08523
2025-08-08T13:33:34Z	6182.00000	1555.25726	1538.19010	1525.08190
2025-08-08T13:33:34Z	6182.00000	1555.25474	1538.18739	1525.08035
2025-08-08T13:33:34Z	6182.00000	1555.25278	1538.18482	1525.07903
2025-08-08T13:33:35Z	6182.00000	1555.25046	1538.18255	1525.07802
2025-08-08T13:33:35Z	6182.00000	1555.24731	1538.18044	1525.07657
2025-08-08T13:33:35Z	6182.00000	1555.24533	1538.17791	1525.07547
2025-08-08T13:33:35Z	6182.00000	1555.24291	1538.17586	1525.07421
2025-08-08T13:33:35Z	6182.00000	1555.24135	1538.17395	1525.07306
2025-08-08T13:33:35Z	6183.00000	1555.23986	1538.17219	1525.07186
2025-08-08T13:33:35Z	6183.00000	1555.23819	1538.17043	1525.07054
2025-08-08T13:33:35Z	6183.00000	1555.23681	1538.16923	1525.06964
2025-08-08T13:33:35Z	6183.00000	1555.23570	1538.16691	1525.06879
2025-08-08T13:33:36Z	6183.00000	1555.23415	1538.16655	1525.06813
2025-08-08T13:33:36Z	6183.00000	1555.23246	1538.16484	1525.06738
2025-08-08T13:33:36Z	6183.00000	1555.23126	1538.16375	1525.06664
2025-08-08T13:33:36Z	6183.00000	1555.22987	1538.16261	1525.06603
2025-08-08T13:33:36Z	6183.00000	1555.22838	1538.16115	1525.06515
2025-08-08T13:33:36Z	6184.00000	1555.22749	1538.16021	1525.06479
2025-08-08T13:33:36Z	6184.00000	1555.22687	1538.15917	1525.06445
2025-08-08T13:33:36Z	6184.00000	1555.22596	1538.15804	1525.06396
2025-08-08T13:33:36Z	6184.00000	1555.22525	1538.15718	1525.06341
2025-08-08T13:33:36Z	6184.00000	1555.22499	1538.15620	1525.06297
2025-08-08T13:33:37Z	6184.00000	1555.22412	1538.15558	1525.06243
2025-08-08T13:33:37Z	6184.00000	1555.22338	1538.15488	1525.06175
2025-08-08T13:33:37Z	6184.00000	1555.22279	1538.15391	1525.06124
2025-08-08T13:33:37Z	6184.00000	1555.22170	1538.15292	1525.06048
2025-08-08T13:33:37Z	6184.00000	1555.22062	1538.15227	1525.06004
2025-08-08T13:33:37Z	6185.00000	1555.22005	1538.15157	1525.05948
2025-08-08T13:33:37Z	6185.00000	1555.21899	1538.15140	1525.05896
2025-08-08T13:33:37Z	6185.00000	1555.21822	1538.15003	1525.05857
2025-08-08T13:33:37Z	6185.00000	1555.21736	1538.14943	1525.05799
2025-08-08T13:33:38Z	6185.00000	1555.21662	1538.14851	1525.05764
2025-08-08T13:33:38Z	6185.00000	1555.21561	1538.14751	1525.05683
2025-08-08T13:33:38Z	6185.00000	1555.21504	1538.14707	1525.05655
2025-08-08T13:33:38Z	6185.00000	1555.21469	1538.14655	1525.05628
2025-08-08T13:33:38Z	6185.00000	1555.21382	1538.14571	1525.05575
2025-08-08T13:33:38Z	6186.00000	1555.21327	1538.14382	1525.05570
2025-08-08T13:33:38Z	6186.00000	1555.21267	1538.14350	1525.05523
2025-08-08T13:33:38Z	6186.00000	1555.21212	1538.14226	1525.05500
2025-08-08T13:33:38Z	6186.00000	1555.21175	1538.14166	1525.05475
2025-08-08T13:33:38Z	6186.00000	1555.21127	1538.14137	1525.05435
2025-08-08T13:33:39Z	6186.00000	1555.21095	1538.14098	1525.05420
2025-08-08T13:33:39Z	6186.00000	1555.21015	1538.13979	1525.05381
2025-08-08T13:33:39Z	6186.00000	1555.20967	1538.13948	1525.05353
2025-08-08T13:33:39Z	6186.00000	1555.20932	1538.13888	1525.05326
2025-08-08T13:33:39Z	6186.00000	1555.20894	1538.13893	1525.05289
2025-08-08T13:33:39Z	6187.00000	1555.20861	1538.13837	1525.05282
2025-08-08T13:33:39Z	6187.00000	1555.25275	1538.18118	1525.07921
2025-08-08T13:33:39Z	6187.00000	1555.56741	1538.47115	1525.24675
2025-08-08T13:33:39Z	6187.00000	1555.88691	1538.77241	1525.42193
2025-08-08T13:33:40Z	6187.00000	1556.12431	1538.99544	1525.54797
2025-08-08T13:33:40Z	6187.00000	1556.39523	1539.24931	1525.69343
2025-08-08T13:33:40Z	6187.00000	1556.62824	1539.46599	1525.81904
2025-08-08T13:33:40Z	6187.00000	1556.91125	1539.73030	1525.97361
2025-08-08T13:33:40Z	6187.00000	1557.11453	1539.92324	1526.08516
2025-08-08T13:33:40Z	6188.00000	1557.31197	1540.10610	1526.19111
2025-08-08T13:33:40Z	6188.00000	1557.53610	1540.31726	1526.31205
2025-08-08T13:33:40Z	6188.00000	1557.74920	1540.51846	1526.43145
2025-08-08T13:33:40Z	6188.00000	1557.92422	1540.68360	1526.52369
2025-08-08T13:33:41Z	6188.00000	1558.09298	1540.84334	1526.61831
2025-08-08T13:33:41Z	6188.00000	1558.27841	1541.01997	1526.71878
2025-08-08T13:33:41Z	6188.00000	1558.43247	1541.16658	1526.80525
2025-08-08T13:33:41Z	6188.00000	1558.58315	1541.30966	1526.88586
2025-08-08T13:33:41Z	6188.00000	1558.72008	1541.43880	1526.96316
2025-08-08T13:33:41Z	6188.00000	1558.89534	1541.60466	1527.05850
2025-08-08T13:33:41Z	6189.00000	1559.01356	1541.72002	1527.12390
2025-08-08T13:33:41Z	6189.00000	1559.12347	1541.82870	1527.18748
2025-08-08T13:33:41Z	6189.00000	1559.25781	1541.95312	1527.26111
2025-08-08T13:33:41Z	6189.00000	1559.36031	1542.05270	1527.31888
2025-08-08T13:33:42Z	6189.00000	1559.43916	1542.12804	1527.36584
2025-08-08T13:33:42Z	6189.00000	1559.53477	1542.22043	1527.41830
2025-08-08T13:33:42Z	6189.00000	1559.59865	1542.28067	1527.45365
2025-08-08T13:33:42Z	6189.00000	1559.66599	1542.34625	1527.49109
2025-08-08T13:33:42Z	6189.00000	1559.72122	1542.39765	1527.52333
2025-08-08T13:33:42Z	6190.00000	1559.76158	1542.43623	1527.54676
2025-08-08T13:33:42Z	6190.00000	1559.79665	1542.46731	1527.56651
2025-08-08T13:33:42Z	6190.00000	1559.82983	1542.49561	1527.58438
2025-08-08T13:33:42Z	6190.00000	1559.86036	1542.52902	1527.60080
2025-08-08T13:33:43Z	6190.00000	1559.88387	1542.55121	1527.61416
2025-08-08T13:33:43Z	6190.00000	1559.90410	1542.56974	1527.62501
2025-08-08T13:33:43Z	6190.00000	1559.92456	1542.58883	1527.63695
2025-08-08T13:33:43Z	6190.00000	1559.93997	1542.60267	1527.64530
2025-08-08T13:33:43Z	6190.00000	1559.95381	1542.61572	1527.65341
2025-08-08T13:33:43Z	6190.00000	1559.96615	1542.62611	1527.66012
2025-08-08T13:33:43Z	6191.00000	1559.97700	1542.63579	1527.66618
2025-08-08T13:33:43Z	6191.00000	1559.99081	1542.64672	1527.67346
2025-08-08T13:33:43Z	6191.00000	1560.00041	1542.65424	1527.67848
2025-08-08T13:33:43Z	6191.00000	1560.01209	1542.66540	1527.68542
2025-08-08T13:33:44Z	6191.00000	1560.01964	1542.67222	1527.68932
2025-08-08T13:33:44Z	6191.00000	1560.02846	1542.68032	1527.69512
2025-08-08T13:33:44Z	6191.00000	1560.03527	1542.68684	1527.69925
2025-08-08T13:33:44Z	6191.00000	1560.04211	1542.69191	1527.70272
2025-08-08T13:33:44Z	6191.00000	1560.05012	1542.70542	1527.70833
2025-08-08T13:33:44Z	6192.00000	1560.05861	1542.71251	1527.71275
2025-08-08T13:33:44Z	6192.00000	1558.58043	1541.25574	1526.88375
2025-08-08T13:33:44Z	6192.00000	1558.12665	1540.84378	1526.63667
2025-08-08T13:33:44Z	6192.00000	1557.78078	1540.52965	1526.44739
2025-08-08T13:33:45Z	6192.00000	1557.50994	1540.27769	1526.29548
2025-08-08T13:33:45Z	6192.00000	1557.26026	1540.04968	1526.15953
2025-08-08T13:33:45Z	6192.00000	1557.02577	1539.83303	1526.03328
2025-08-08T13:33:45Z	6192.00000	1556.85421	1539.67324	1525.93717
2025-08-08T13:33:45Z	6192.00000	1556.68576	1539.51750	1525.84632
2025-08-08T13:33:45Z	6193.00000	1556.49868	1539.34330	1525.74217
2025-08-08T13:33:45Z	6193.00000	1556.34334	1539.19978	1525.66342
2025-08-08T13:33:45Z	6193.00000	1556.18502	1539.05333	1525.57869
2025-08-08T13:33:45Z	6193.00000	1555.99210	1538.87257	1525.47875
2025-08-08T13:33:46Z	6193.00000	1555.85307	1538.74458	1525.40262
2025-08-08T13:33:46Z	6193.00000	1555.71487	1538.61293	1525.32852
2025-08-08T13:33:46Z	6193.00000	1555.53546	1538.44552	1525.23229
2025-08-08T13:33:46Z	6193.00000	1555.38746	1538.30941	1525.15168
2025-08-08T13:33:46Z	6193.00000	1555.26899	1538.20137	1525.08898
2025-08-08T13:33:46Z	6194.00000	1555.26209	1538.19529	1525.08545
2025-08-08T13:33:46Z	6194.00000	1555.25754	1538.19053	1525.08273
2025-08-08T13:33:46Z	6194.00000	1555.25461	1538.18712	1525.08059
2025-08-08T13:33:47Z	6194.00000	1555.25229	1538.18434	1525.07939
2025-08-08T13:33:47Z	6194.00000	1555.25013	1538.18260	1525.07820
2025-08-08T13:33:47Z	6194.00000	1555.24758	1538.18030	1525.07706
2025-08-08T13:33:47Z	6194.00000	1555.24488	1538.17796	1525.07577
2025-08-08T13:33:47Z	6194.00000	1555.24314	1538.17601	1525.07477
2025-08-08T13:33:47Z	6195.00000	1555.24041	1538.17324	1525.07260
2025-08-08T13:33:47Z	6195.00000	1555.23908	1538.17127	1525.07154
2025-08-08T13:33:47Z	6195.00000	1555.23758	1538.16960	1525.07069
2025-08-08T13:33:47Z	6195.00000	1555.23651	1538.16888	1525.06985
2025-08-08T13:33:48Z	6195.00000	1555.23491	1538.16738	1525.06890
2025-08-08T13:33:48Z	6195.00000	1555.23315	1538.16600	1525.06814
2025-08-08T13:33:48Z	6195.00000	1555.23185	1538.16505	1525.06752
2025-08-08T13:33:48Z	6195.00000	1555.23084	1538.16363	1525.06701
2025-08-08T13:33:48Z	6195.00000	1555.22919	1538.16204	1525.06624
2025-08-08T13:33:48Z	6196.00000	1555.22768	1538.16057	1525.06553
2025-08-08T13:33:48Z	6196.00000	1555.22710	1538.15963	1525.06484
2025-08-08T13:33:48Z	6196.00000	1555.22592	1538.15846	1525.06430
2025-08-08T13:33:49Z	6196.00000	1555.22514	1538.15742	1525.06381
2025-08-08T13:33:49Z	6196.00000	1555.22457	1538.15637	1525.06322
2025-08-08T13:33:49Z	6196.00000	1555.22389	1538.15556	1525.06276
2025-08-08T13:33:49Z	6196.00000	1555.22307	1538.15458	1525.06231
2025-08-08T13:33:49Z	6196.00000	1555.22233	1538.15400	1525.06142
2025-08-08T13:33:49Z	6197.00000	1555.22150	1538.15313	1525.06091
2025-08-08T13:33:49Z	6197.00000	1555.22053	1538.15248	1525.06041
2025-08-08T13:33:49Z	6197.00000	1555.22012	1538.15138	1525.05988
2025-08-08T13:33:49Z	6197.00000	1555.21900	1538.15125	1525.05937
2025-08-08T13:33:50Z	6197.00000	1555.21803	1538.15004	1525.05874
2025-08-08T13:33:50Z	6197.00000	1555.21744	1538.14925	1525.05834
2025-08-08T13:33:50Z	6197.00000	1555.21655	1538.14875	1525.05815
2025-08-08T13:33:50Z	6197.00000	1555.21568	1538.14753	1525.05747
2025-08-08T13:33:50Z	6197.00000	1555.21493	1538.14730	1525.05681
2025-08-08T13:33:50Z	6198.00000	1555.21444	1538.14645	1525.05633
2025-08-08T13:33:50Z	6198.00000	1555.21387	1538.14613	1525.05629
2025-08-08T13:33:50Z	6198.00000	1555.21323	1538.14554	1525.05581
2025-08-08T13:33:50Z	6198.00000	1555.21257	1538.14335	1525.05557
2025-08-08T13:33:51Z	6198.00000	1555.21137	1538.14161	1525.05493
2025-08-08T13:33:51Z	6198.00000	1555.21078	1538.14096	1525.05466
2025-08-08T13:33:51Z	6198.00000	1555.21051	1538.14078	1525.05439
2025-08-08T13:33:51Z	6198.00000	1555.20997	1538.13995	1525.05410
2025-08-08T13:33:51Z	6199.00000	1555.20949	1538.13937	1525.05384
2025-08-08T13:33:51Z	6199.00000	1555.20906	1538.13915	1525.05352
2025-08-08T13:33:51Z	6199.00000	1555.23609	1538.16687	1525.06520
2025-08-08T13:33:51Z	6199.00000	1555.52065	1538.42775	1525.22000
2025-08-08T13:33:51Z	6199.00000	1555.84655	1538.73478	1525.40053
2025-08-08T13:33:52Z	6199.00000	1556.08099	1538.95608	1525.52643
2025-08-08T13:33:52Z	6199.00000	1556.31903	1539.17668	1525.65472
2025-08-08T13:33:52Z	6199.00000	1556.54654	1539.38808	1525.77299
2025-08-08T13:33:52Z	6199.00000	1556.76288	1539.59171	1525.89357
2025-08-08T13:33:52Z	6199.00000	1556.97572	1539.79065	1526.01024
2025-08-08T13:33:52Z	6200.00000	1557.21336	1540.01695	1526.13785
2025-08-08T13:33:52Z	6200.00000	1557.40758	1540.19883	1526.24553
2025-08-08T13:33:52Z	6200.00000	1557.68498	1540.45881	1526.39679
2025-08-08T13:33:52Z	6200.00000	1557.91656	1540.67726	1526.52080
2025-08-08T13:33:53Z	6200.00000	1558.11372	1540.86432	1526.63092
2025-08-08T13:33:53Z	6200.00000	1558.27384	1541.01675	1526.71760
2025-08-08T13:33:53Z	6200.00000	1558.42731	1541.16310	1526.80355
2025-08-08T13:33:53Z	6200.00000	1558.57496	1541.30348	1526.88304
2025-08-08T13:33:53Z	6200.00000	1558.73423	1541.45384	1526.97232
2025-08-08T13:33:53Z	6201.00000	1558.86617	1541.57827	1527.04375
2025-08-08T13:33:53Z	6201.00000	1558.98728	1541.69655	1527.11040
2025-08-08T13:33:53Z	6201.00000	1559.13280	1541.83849	1527.19421
2025-08-08T13:33:53Z	6201.00000	1559.23282	1541.93137	1527.24903
2025-08-08T13:33:53Z	6201.00000	1559.32815	1542.02274	1527.30256
2025-08-08T13:33:54Z	6201.00000	1559.43575	1542.12613	1527.36545
2025-08-08T13:33:54Z	6201.00000	1559.50997	1542.19797	1527.40662
2025-08-08T13:33:54Z	6201.00000	1559.57711	1542.26193	1527.44307
2025-08-08T13:33:54Z	6201.00000	1559.65059	1542.33127	1527.48521
2025-08-08T13:33:54Z	6201.00000	1559.70176	1542.38221	1527.51440
2025-08-08T13:33:54Z	6202.00000	1559.74464	1542.42234	1527.53927
2025-08-08T13:33:54Z	6202.00000	1559.78175	1542.45619	1527.56015
2025-08-08T13:33:54Z	6202.00000	1559.81339	1542.48478	1527.57775
2025-08-08T13:33:54Z	6202.00000	1559.84353	1542.51090	1527.59357
2025-08-08T13:33:55Z	6202.00000	1559.87576	1542.54591	1527.61115
2025-08-08T13:33:55Z	6202.00000	1559.89716	1542.56437	1527.62246
2025-08-08T13:33:55Z	6202.00000	1559.91558	1542.58194	1527.63294
2025-08-08T13:33:55Z	6202.00000	1559.93918	1542.60366	1527.64665
2025-08-08T13:33:55Z	6202.00000	1559.95287	1542.61713	1527.65462
2025-08-08T13:33:55Z	6203.00000	1559.96966	1542.63230	1527.66416
2025-08-08T13:33:55Z	6203.00000	1559.98088	1542.64157	1527.67064
2025-08-08T13:33:55Z	6203.00000	1559.99502	1542.65187	1527.67684
2025-08-08T13:33:55Z	6203.00000	1560.00384	1542.65962	1527.68230
2025-08-08T13:33:55Z	6203.00000	1560.01236	1542.66819	1527.68700
2025-08-08T13:33:56Z	6203.00000	1560.02023	1542.67508	1527.69135
2025-08-08T13:33:56Z	6203.00000	1560.03034	1542.68416	1527.69776
2025-08-08T13:33:56Z	6203.00000	1560.03711	1542.69028	1527.70138
2025-08-08T13:33:56Z	6203.00000	1560.04340	1542.70037	1527.70551
2025-08-08T13:33:56Z	6203.00000	1560.04945	1542.70710	1527.70951
2025-08-08T13:33:56Z	6204.00000	1559.07352	1541.69547	1527.15899
2025-08-08T13:33:56Z	6204.00000	1558.24487	1540.95341	1526.70081
2025-08-08T13:33:56Z	6204.00000	1557.85320	1540.59560	1526.48573
2025-08-08T13:33:56Z	6204.00000	1557.63214	1540.39388	1526.36521
2025-08-08T13:33:57Z	6204.00000	1557.43814	1540.21409	1526.25854
2025-08-08T13:33:57Z	6204.00000	1557.19537	1539.99118	1526.12411
2025-08-08T13:33:57Z	6204.00000	1556.95772	1539.77001	1525.99660
2025-08-08T13:33:57Z	6204.00000	1556.67874	1539.51140	1525.84355
2025-08-08T13:33:57Z	6204.00000	1556.51900	1539.36249	1525.75383
2025-08-08T13:33:57Z	6205.00000	1556.33805	1539.19550	1525.66127
2025-08-08T13:33:57Z	6205.00000	1556.18399	1539.05299	1525.57854
2025-08-08T13:33:57Z	6205.00000	1556.01232	1538.89435	1525.48991
2025-08-08T13:33:57Z	6205.00000	1555.86980	1538.76050	1525.41290
2025-08-08T13:33:58Z	6205.00000	1555.72928	1538.62745	1525.33700
2025-08-08T13:33:58Z	6205.00000	1555.54642	1538.45652	1525.23857
2025-08-08T13:33:58Z	6205.00000	1555.37773	1538.30113	1525.14651
2025-08-08T13:33:58Z	6205.00000	1555.27367	1538.20606	1525.09232
2025-08-08T13:33:58Z	6205.00000	1555.26732	1538.19969	1525.08871
2025-08-08T13:33:58Z	6206.00000	1555.26062	1538.19468	1525.08517
2025-08-08T13:33:58Z	6206.00000	1555.25687	1538.19026	1525.08256
2025-08-08T13:33:58Z	6206.00000	1555.25458	1538.18748	1525.08103
2025-08-08T13:33:58Z	6206.00000	1555.25203	1538.18446	1525.07958
2025-08-08T13:33:59Z	6206.00000	1555.24864	1538.18182	1525.07794
2025-08-08T13:33:59Z	6206.00000	1555.24578	1538.17893	1525.07639
2025-08-08T13:33:59Z	6206.00000	1555.24270	1538.17610	1525.07488
2025-08-08T13:33:59Z	6206.00000	1555.24115	1538.17420	1525.07366
2025-08-08T13:33:59Z	6207.00000	1555.23880	1538.17110	1525.07170
2025-08-08T13:33:59Z	6207.00000	1555.23752	1538.16994	1525.07084
2025-08-08T13:33:59Z	6207.00000	1555.23594	1538.16885	1525.06984
2025-08-08T13:34:00Z	6207.00000	1555.23412	1538.16676	1525.06907
2025-08-08T13:34:00Z	6207.00000	1555.23318	1538.16614	1525.06833
2025-08-08T13:34:00Z	6207.00000	1555.23168	1538.16488	1525.06773
2025-08-08T13:34:00Z	6207.00000	1555.22952	1538.16354	1525.06663
2025-08-08T13:34:00Z	6207.00000	1555.22875	1538.16265	1525.06630
2025-08-08T13:34:00Z	6208.00000	1555.22800	1538.16134	1525.06579
2025-08-08T13:34:00Z	6208.00000	1555.22710	1538.16038	1525.06525
2025-08-08T13:34:00Z	6208.00000	1555.22622	1538.15901	1525.06463
2025-08-08T13:34:00Z	6208.00000	1555.22556	1538.15817	1525.06437
2025-08-08T13:34:00Z	6208.00000	1555.22522	1538.15714	1525.06387
2025-08-08T13:34:01Z	6208.00000	1555.22453	1538.15648	1525.06344
2025-08-08T13:34:01Z	6208.00000	1555.22365	1538.15569	1525.06320
2025-08-08T13:34:01Z	6208.00000	1555.22319	1538.15461	1525.06232
2025-08-08T13:34:01Z	6208.00000	1555.22228	1538.15429	1525.06196
2025-08-08T13:34:01Z	6208.00000	1555.22169	1538.15363	1525.06131
2025-08-08T13:34:01Z	6208.00000	1555.22065	1538.15298	1525.06086
2025-08-08T13:34:01Z	6209.00000	1555.22054	1538.15235	1525.06030
2025-08-08T13:34:01Z	6209.00000	1555.21937	1538.15189	1525.05991
2025-08-08T13:34:01Z	6209.00000	1555.21863	1538.15088	1525.05926
2025-08-08T13:34:01Z	6209.00000	1555.21795	1538.14997	1525.05905
2025-08-08T13:34:02Z	6209.00000	1555.21698	1538.14998	1525.05853
2025-08-08T13:34:02Z	6209.00000	1555.21635	1538.14887	1525.05804
2025-08-08T13:34:02Z	6209.00000	1555.21555	1538.14828	1525.05755
2025-08-08T13:34:02Z	6209.00000	1555.21508	1538.14738	1525.05719
2025-08-08T13:34:02Z	6209.00000	1555.21453	1538.14680	1525.05699
2025-08-08T13:34:02Z	6210.00000	1555.21400	1538.14614	1525.05629
2025-08-08T13:34:02Z	6210.00000	1555.21325	1538.14607	1525.05615
2025-08-08T13:34:02Z	6210.00000	1555.40810	1538.32626	1525.16152
2025-08-08T13:34:02Z	6210.00000	1555.67180	1538.57033	1525.30596
2025-08-08T13:34:03Z	6210.00000	1555.90914	1538.79455	1525.43491
2025-08-08T13:34:03Z	6210.00000	1556.18152	1539.04949	1525.57964
2025-08-08T13:34:03Z	6210.00000	1556.41567	1539.27032	1525.70509
2025-08-08T13:34:03Z	6210.00000	1556.71154	1539.54465	1525.86663
2025-08-08T13:34:03Z	6210.00000	1556.95503	1539.77356	1526.00002
2025-08-08T13:34:03Z	6211.00000	1557.16176	1539.96827	1526.11069
2025-08-08T13:34:03Z	6211.00000	1557.39010	1540.18350	1526.23622
2025-08-08T13:34:03Z	6211.00000	1557.57559	1540.35890	1526.33571
2025-08-08T13:34:03Z	6211.00000	1557.79317	1540.56429	1526.45677
2025-08-08T13:34:03Z	6211.00000	1557.96224	1540.72267	1526.54660
2025-08-08T13:34:04Z	6211.00000	1558.12310	1540.87362	1526.63640
2025-08-08T13:34:04Z	6211.00000	1558.26961	1541.01278	1526.71565
2025-08-08T13:34:04Z	6211.00000	1558.43880	1541.17363	1526.81053
2025-08-08T13:34:04Z	6211.00000	1558.61797	1541.34208	1526.90733
2025-08-08T13:34:04Z	6211.00000	1558.85374	1541.56699	1527.03866
2025-08-08T13:34:04Z	6212.00000	1558.98838	1541.69825	1527.11233
2025-08-08T13:34:04Z	6212.00000	1559.10383	1541.81226	1527.18009
2025-08-08T13:34:04Z	6212.00000	1559.22570	1541.92541	1527.24657
2025-08-08T13:34:04Z	6212.00000	1559.32065	1542.01783	1527.30004
2025-08-08T13:34:05Z	6212.00000	1559.40250	1542.09498	1527.34815
2025-08-08T13:34:05Z	6212.00000	1559.49093	1542.18133	1527.39737
2025-08-08T13:34:05Z	6212.00000	1559.56776	1542.25457	1527.44053
2025-08-08T13:34:05Z	6212.00000	1559.62563	1542.30808	1527.47279
2025-08-08T13:34:05Z	6212.00000	1559.67970	1542.36272	1527.50302
2025-08-08T13:34:05Z	6213.00000	1559.72681	1542.40618	1527.53051
2025-08-08T13:34:05Z	6213.00000	1559.77225	1542.44902	1527.55640
2025-08-08T13:34:05Z	6213.00000	1559.80547	1542.47911	1527.57532
2025-08-08T13:34:05Z	6213.00000	1559.84213	1542.51127	1527.59490
2025-08-08T13:34:05Z	6213.00000	1559.87204	1542.54310	1527.61088
2025-08-08T13:34:06Z	6213.00000	1559.89471	1542.56405	1527.62296
2025-08-08T13:34:06Z	6213.00000	1559.91912	1542.58684	1527.63659
2025-08-08T13:34:06Z	6213.00000	1559.93529	1542.60176	1527.64612
2025-08-08T13:34:06Z	6213.00000	1559.94993	1542.61543	1527.65430
2025-08-08T13:34:06Z	6214.00000	1559.97448	1542.63717	1527.66790
2025-08-08T13:34:06Z	6214.00000	1559.99070	1542.65028	1527.67590
2025-08-08T13:34:06Z	6214.00000	1560.00178	1542.65970	1527.68270
2025-08-08T13:34:06Z	6214.00000	1560.01104	1542.66830	1527.68760
2025-08-08T13:34:07Z	6214.00000	1560.01877	1542.67530	1527.69222
2025-08-08T13:34:07Z	6214.00000	1560.02661	1542.68272	1527.69723
2025-08-08T13:34:07Z	6214.00000	1560.03416	1542.68910	1527.70085
2025-08-08T13:34:07Z	6214.00000	1560.04310	1542.70270	1527.70747
2025-08-08T13:34:07Z	6214.00000	1560.05125	1542.70986	1527.71196
2025-08-08T13:34:07Z	6215.00000	1560.05273	1542.70685	1527.71592
2025-08-08T13:34:07Z	6215.00000	1558.49315	1541.17764	1526.83802
2025-08-08T13:34:07Z	6215.00000	1558.07890	1540.80080	1526.61044
2025-08-08T13:34:07Z	6215.00000	1557.78039	1540.53071	1526.44807
2025-08-08T13:34:07Z	6215.00000	1557.56310	1540.32811	1526.32649
2025-08-08T13:34:08Z	6215.00000	1557.33889	1540.12250	1526.20476
2025-08-08T13:34:08Z	6215.00000	1557.12543	1539.92672	1526.08859
2025-08-08T13:34:08Z	6215.00000	1556.95363	1539.76575	1525.99409
2025-08-08T13:34:08Z	6215.00000	1556.75853	1539.58565	1525.88802
2025-08-08T13:34:08Z	6215.00000	1556.54267	1539.38500	1525.76812
2025-08-08T13:34:08Z	6216.00000	1556.35910	1539.21637	1525.67318
2025-08-08T13:34:08Z	6216.00000	1556.18184	1539.05128	1525.57780
2025-08-08T13:34:08Z	6216.00000	1556.03418	1538.91529	1525.50164
2025-08-08T13:34:08Z	6216.00000	1555.89189	1538.78085	1525.42592
2025-08-08T13:34:09Z	6216.00000	1555.74716	1538.64452	1525.34671
2025-08-08T13:34:09Z	6216.00000	1555.56504	1538.47423	1525.24991
2025-08-08T13:34:09Z	6216.00000	1555.43657	1538.35657	1525.17822
2025-08-08T13:34:09Z	6216.00000	1555.28984	1538.22136	1525.10112
2025-08-08T13:34:09Z	6216.00000	1555.26994	1538.20349	1525.09035
2025-08-08T13:34:09Z	6217.00000	1555.26461	1538.19739	1525.08736
2025-08-08T13:34:09Z	6217.00000	1555.26028	1538.19418	1525.08509
2025-08-08T13:34:09Z	6217.00000	1555.25703	1538.19077	1525.08305
2025-08-08T13:34:09Z	6217.00000	1555.25471	1538.18810	1525.08127
2025-08-08T13:34:09Z	6217.00000	1555.25278	1538.18569	1525.08011
2025-08-08T13:34:10Z	6217.00000	1555.25025	1538.18335	1525.07908
2025-08-08T13:34:10Z	6217.00000	1555.24778	1538.18123	1525.07792
2025-08-08T13:34:10Z	6217.00000	1555.24575	1538.17963	1525.07676
2025-08-08T13:34:10Z	6217.00000	1555.24355	1538.17745	1525.07585
2025-08-08T13:34:10Z	6217.00000	1555.24241	1538.17548	1525.07468
2025-08-08T13:34:10Z	6218.00000	1555.24040	1538.17341	1525.07353
2025-08-08T13:34:10Z	6218.00000	1555.23927	1538.17167	1525.07243
2025-08-08T13:34:10Z	6218.00000	1555.23797	1538.17063	1525.07156
2025-08-08T13:34:10Z	6218.00000	1555.23673	1538.16939	1525.07068
2025-08-08T13:34:11Z	6218.00000	1555.23551	1538.16837	1525.06983
2025-08-08T13:34:11Z	6218.00000	1555.23438	1538.16765	1525.06926
2025-08-08T13:34:11Z	6218.00000	1555.23270	1538.16597	1525.06855
2025-08-08T13:34:11Z	6218.00000	1555.23221	1538.16624	1525.06858
2025-08-08T13:34:11Z	6218.00000	1555.23037	1538.16388	1525.06749
2025-08-08T13:34:11Z	6219.00000	1555.22912	1538.16317	1525.06673
2025-08-08T13:34:11Z	6219.00000	1555.22813	1538.16148	1525.06625
2025-08-08T13:34:11Z	6219.00000	1555.22718	1538.16059	1525.06563
2025-08-08T13:34:11Z	6219.00000	1555.22640	1538.15943	1525.06526
2025-08-08T13:34:12Z	6219.00000	1555.22585	1538.15871	1525.06485
2025-08-08T13:34:12Z	6219.00000	1555.22553	1538.15771	1525.06432
2025-08-08T13:34:12Z	6219.00000	1555.22468	1538.15705	1525.06386
2025-08-08T13:34:12Z	6219.00000	1555.22376	1538.15616	1525.06333
2025-08-08T13:34:12Z	6219.00000	1555.22315	1538.15535	1525.06293
2025-08-08T13:34:12Z	6220.00000	1555.22252	1538.15461	1525.06239
2025-08-08T13:34:12Z	6220.00000	1555.22151	1538.15388	1525.06179
2025-08-08T13:34:12Z	6220.00000	1555.22025	1538.15313	1525.06106
2025-08-08T13:34:12Z	6220.00000	1555.22042	1538.15258	1525.06088
2025-08-08T13:34:12Z	6220.00000	1555.21936	1538.15202	1525.06026
2025-08-08T13:34:13Z	6220.00000	1555.21873	1538.15134	1525.05994
2025-08-08T13:34:13Z	6220.00000	1555.21791	1538.15091	1525.05944
2025-08-08T13:34:13Z	6220.00000	1555.21709	1538.14981	1525.05889
2025-08-08T13:34:13Z	6220.00000	1555.21633	1538.14943	1525.05851
2025-08-08T13:34:13Z	6220.00000	1555.21549	1538.14883	1525.05827
2025-08-08T13:34:13Z	6221.00000	1555.21496	1538.14795	1525.05771
2025-08-08T13:34:13Z	6221.00000	1555.21447	1538.14746	1525.05738
2025-08-08T13:34:13Z	6221.00000	1555.47866	1538.39013	1525.19694
2025-08-08T13:34:13Z	6221.00000	1555.73500	1538.63066	1525.34091
2025-08-08T13:34:14Z	6221.00000	1555.97472	1538.85462	1525.47168
2025-08-08T13:34:14Z	6221.00000	1556.21868	1539.08564	1525.60131
2025-08-08T13:34:14Z	6221.00000	1556.48564	1539.33281	1525.74101
2025-08-08T13:34:14Z	6221.00000	1556.71132	1539.54404	1525.86650
2025-08-08T13:34:14Z	6221.00000	1556.95543	1539.77368	1526.00026
2025-08-08T13:34:14Z	6222.00000	1557.16556	1539.97084	1526.11283
2025-08-08T13:34:14Z	6222.00000	1557.36033	1540.15280	1526.21990
2025-08-08T13:34:14Z	6222.00000	1557.58510	1540.36671	1526.34100
2025-08-08T13:34:14Z	6222.00000	1557.79602	1540.56654	1526.45807
2025-08-08T13:34:14Z	6222.00000	1557.96791	1540.72832	1526.55025
2025-08-08T13:34:15Z	6222.00000	1558.19005	1540.93658	1526.67177
2025-08-08T13:34:15Z	6222.00000	1558.34575	1541.08597	1526.75820
2025-08-08T13:34:15Z	6222.00000	1558.52942	1541.25974	1526.85849
2025-08-08T13:34:15Z	6222.00000	1558.69284	1541.41169	1526.94960
2025-08-08T13:34:15Z	6222.00000	1558.83077	1541.54506	1527.02576
2025-08-08T13:34:15Z	6223.00000	1558.95478	1541.66642	1527.09390
2025-08-08T13:34:15Z	6223.00000	1559.07146	1541.77680	1527.16066
2025-08-08T13:34:15Z	6223.00000	1559.21517	1541.91443	1527.24028
2025-08-08T13:34:15Z	6223.00000	1559.33946	1542.03475	1527.31071
2025-08-08T13:34:16Z	6223.00000	1559.42126	1542.11124	1527.35848
2025-08-08T13:34:16Z	6223.00000	1559.50809	1542.19570	1527.40694
2025-08-08T13:34:16Z	6223.00000	1559.57140	1542.25722	1527.44235
2025-08-08T13:34:16Z	6223.00000	1559.63795	1542.32023	1527.47994
2025-08-08T13:34:16Z	6223.00000	1559.69851	1542.37946	1527.51370
2025-08-08T13:34:16Z	6224.00000	1559.74803	1542.42465	1527.54264
2025-08-08T13:34:16Z	6224.00000	1559.78395	1542.45873	1527.56312
2025-08-08T13:34:16Z	6224.00000	1559.82386	1542.49342	1527.58443
2025-08-08T13:34:16Z	6224.00000	1559.85205	1542.52347	1527.59942
2025-08-08T13:34:17Z	6224.00000	1559.88066	1542.55117	1527.61532
2025-08-08T13:34:17Z	6224.00000	1559.90186	1542.56972	1527.62688
2025-08-08T13:34:17Z	6224.00000	1559.92284	1542.58985	1527.63899
2025-08-08T13:34:17Z	6224.00000	1559.94097	1542.60593	1527.64893
2025-08-08T13:34:17Z	6224.00000	1559.95705	1542.61999	1527.65789
2025-08-08T13:34:17Z	6225.00000	1559.97122	1542.63373	1527.66599
2025-08-08T13:34:17Z	6225.00000	1559.98201	1542.64354	1527.67237
2025-08-08T13:34:17Z	6225.00000	1559.99581	1542.65278	1527.67851
2025-08-08T13:34:17Z	6225.00000	1560.00456	1542.66181	1527.68449
2025-08-08T13:34:17Z	6225.00000	1560.01450	1542.67044	1527.68943
2025-08-08T13:34:18Z	6225.00000	1560.02347	1542.67849	1527.69511
2025-08-08T13:34:18Z	6225.00000	1560.03057	1542.68544	1527.69941
2025-08-08T13:34:18Z	6225.00000	1560.04021	1542.69795	1527.70506
2025-08-08T13:34:18Z	6225.00000	1560.04647	1542.70499	1527.70948
2025-08-08T13:34:18Z	6225.00000	1560.05303	1542.71039	1527.71291
2025-08-08T13:34:18Z	6226.00000	1558.72087	1541.37878	1526.96282
2025-08-08T13:34:18Z	6226.00000	1558.02266	1540.74919	1526.57717
2025-08-08T13:34:18Z	6226.00000	1557.73848	1540.48860	1526.42422
2025-08-08T13:34:18Z	6226.00000	1557.53070	1540.29693	1526.30720
2025-08-08T13:34:19Z	6226.00000	1557.33770	1540.12031	1526.20356
2025-08-08T13:34:19Z	6226.00000	1557.14658	1539.94434	1526.09864
2025-08-08T13:34:19Z	6226.00000	1556.91613	1539.73082	1525.97286
2025-08-08T13:34:19Z	6226.00000	1556.71599	1539.54598	1525.86504
2025-08-08T13:34:19Z	6226.00000	1556.47273	1539.32145	1525.73014
2025-08-08T13:34:19Z	6227.00000	1556.28767	1539.15209	1525.63662
2025-08-08T13:34:19Z	6227.00000	1556.13293	1539.00650	1525.55240
2025-08-08T13:34:19Z	6227.00000	1555.91614	1538.80383	1525.43981
2025-08-08T13:34:20Z	6227.00000	1555.75279	1538.64996	1525.35021
2025-08-08T13:34:20Z	6227.00000	1555.61586	1538.52156	1525.27770
2025-08-08T13:34:20Z	6227.00000	1555.48538	1538.40138	1525.20479
2025-08-08T13:34:20Z	6227.00000	1555.35845	1538.28383	1525.13701
2025-08-08T13:34:20Z	6227.00000	1555.27346	1538.20690	1525.09279
2025-08-08T13:34:20Z	6227.00000	1555.26754	1538.20109	1525.08948
2025-08-08T13:34:20Z	6228.00000	1555.26309	1538.19684	1525.08717
2025-08-08T13:34:20Z	6228.00000	1555.25897	1538.19324	1525.08480
2025-08-08T13:34:20Z	6228.00000	1555.25651	1538.19029	1525.08324
2025-08-08T13:34:20Z	6228.00000	1555.25399	1538.18736	1525.08119
2025-08-08T13:34:21Z	6228.00000	1555.25141	1538.18460	1525.08000
2025-08-08T13:34:21Z	6228.00000	1555.24925	1538.18296	1525.07920
2025-08-08T13:34:21Z	6228.00000	1555.24673	1538.18087	1525.07791
2025-08-08T13:34:21Z	6228.00000	1555.24509	1538.17899	1525.07707
2025-08-08T13:34:21Z	6228.00000	1555.24317	1538.17749	1525.07600
2025-08-08T13:34:21Z	6229.00000	1555.24065	1538.17410	1525.07418
2025-08-08T13:34:21Z	6229.00000	1555.23943	1538.17253	1525.07332
2025-08-08T13:34:21Z	6229.00000	1555.23815	1538.17131	1525.07239
2025-08-08T13:34:22Z	6229.00000	1555.23697	1538.16978	1525.07130
2025-08-08T13:34:22Z	6229.00000	1555.23540	1538.16839	1525.07038
2025-08-08T13:34:22Z	6229.00000	1555.23440	1538.16759	1525.06964
2025-08-08T13:34:22Z	6229.00000	1555.23330	1538.16678	1525.06947
2025-08-08T13:34:22Z	6229.00000	1555.23152	1538.16535	1525.06857
2025-08-08T13:34:22Z	6230.00000	1555.23062	1538.16428	1525.06819
2025-08-08T13:34:22Z	6230.00000	1555.22916	1538.16299	1525.06733
2025-08-08T13:34:22Z	6230.00000	1555.22815	1538.16218	1525.06680
2025-08-08T13:34:22Z	6230.00000	1555.22738	1538.16130	1525.06623
2025-08-08T13:34:23Z	6230.00000	1555.22658	1538.15987	1525.06559
2025-08-08T13:34:23Z	6230.00000	1555.22571	1538.15888	1525.06535
2025-08-08T13:34:23Z	6230.00000	1555.22504	1538.15783	1525.06478
2025-08-08T13:34:23Z	6230.00000	1555.22464	1538.15729	1525.06431
2025-08-08T13:34:23Z	6230.00000	1555.22390	1538.15677	1525.06399
2025-08-08T13:34:23Z	6231.00000	1555.22333	1538.15592	1525.06369
2025-08-08T13:34:23Z	6231.00000	1555.22280	1538.15503	1525.06340
2025-08-08T13:34:23Z	6231.00000	1555.22222	1538.15454	1525.06247
2025-08-08T13:34:23Z	6231.00000	1555.22099	1538.15404	1525.06225
2025-08-08T13:34:24Z	6231.00000	1555.22001	1538.15289	1525.06134
2025-08-08T13:34:24Z	6231.00000	1555.21941	1538.15227	1525.06087
2025-08-08T13:34:24Z	6231.00000	1555.21815	1538.15106	1525.05992
2025-08-08T13:34:24Z	6231.00000	1555.21751	1538.15049	1525.05980
2025-08-08T13:34:24Z	6231.00000	1555.21700	1538.14960	1525.05920
2025-08-08T13:34:24Z	6232.00000	1555.21618	1538.14895	1525.05883
2025-08-08T13:34:24Z	6232.00000	1555.30819	1538.23387	1525.10578
2025-08-08T13:34:24Z	6232.00000	1555.60456	1538.50818	1525.27262
2025-08-08T13:34:24Z	6232.00000	1555.85151	1538.74096	1525.40487
2025-08-08T13:34:25Z	6232.00000	1556.09502	1538.97058	1525.53530
2025-08-08T13:34:25Z	6232.00000	1556.36726	1539.22290	1525.68092
2025-08-08T13:34:25Z	6232.00000	1556.59316	1539.43410	1525.80066
2025-08-08T13:34:25Z	6232.00000	1556.87989	1539.70117	1525.95740
2025-08-08T13:34:25Z	6232.00000	1557.08569	1539.89713	1526.07119
2025-08-08T13:34:25Z	6233.00000	1557.35084	1540.14380	1526.21469
2025-08-08T13:34:25Z	6233.00000	1557.53987	1540.32153	1526.31551
2025-08-08T13:34:25Z	6233.00000	1557.75666	1540.52870	1526.43730
2025-08-08T13:34:25Z	6233.00000	1557.93557	1540.69580	1526.53213
2025-08-08T13:34:26Z	6233.00000	1558.16001	1540.90832	1526.65582
2025-08-08T13:34:26Z	6233.00000	1558.31951	1541.05861	1526.74339
2025-08-08T13:34:26Z	6233.00000	1558.49634	1541.22572	1526.84110
2025-08-08T13:34:26Z	6233.00000	1558.64411	1541.36798	1526.92226
2025-08-08T13:34:26Z	6233.00000	1558.80231	1541.51876	1527.01148
2025-08-08T13:34:26Z	6234.00000	1558.92674	1541.63945	1527.07852
2025-08-08T13:34:26Z	6234.00000	1559.06276	1541.76868	1527.15600
2025-08-08T13:34:26Z	6234.00000	1559.19005	1541.89016	1527.22686
2025-08-08T13:34:26Z	6234.00000	1559.31923	1542.01519	1527.29886
2025-08-08T13:34:27Z	6234.00000	1559.42520	1542.11428	1527.36159
2025-08-08T13:34:27Z	6234.00000	1559.49868	1542.18802	1527.40220
2025-08-08T13:34:27Z	6234.00000	1559.56588	1542.25114	1527.43961
2025-08-08T13:34:27Z	6234.00000	1559.67707	1542.35981	1527.50176
2025-08-08T13:34:27Z	6235.00000	1559.72992	1542.40824	1527.53230
2025-08-08T13:34:27Z	6235.00000	1559.78035	1542.45573	1527.56180
2025-08-08T13:34:27Z	6235.00000	1559.81266	1542.48512	1527.57946
2025-08-08T13:34:27Z	6235.00000	1559.84441	1542.51760	1527.59625
2025-08-08T13:34:27Z	6235.00000	1559.87046	1542.54057	1527.61001
2025-08-08T13:34:28Z	6235.00000	1559.89292	1542.56186	1527.62231
2025-08-08T13:34:28Z	6235.00000	1559.92077	1542.58768	1527.63837
2025-08-08T13:34:28Z	6235.00000	1559.93920	1542.60463	1527.64850
2025-08-08T13:34:28Z	6235.00000	1559.95297	1542.61755	1527.65608
2025-08-08T13:34:28Z	6235.00000	1559.96611	1542.62901	1527.66359
2025-08-08T13:34:28Z	6236.00000	1559.97892	1542.64016	1527.67072
2025-08-08T13:34:28Z	6236.00000	1559.99101	1542.64994	1527.67674
2025-08-08T13:34:28Z	6236.00000	1560.00057	1542.65740	1527.68205
2025-08-08T13:34:28Z	6236.00000	1560.01184	1542.66839	1527.68840
2025-08-08T13:34:29Z	6236.00000	1560.01927	1542.67495	1527.69295
2025-08-08T13:34:29Z	6236.00000	1560.02843	1542.68376	1527.69893
2025-08-08T13:34:29Z	6236.00000	1560.03523	1542.68886	1527.70234
2025-08-08T13:34:29Z	6236.00000	1560.04201	1542.70022	1527.70706
2025-08-08T13:34:29Z	6236.00000	1560.05230	1542.71008	1527.71279
2025-08-08T13:34:29Z	6237.00000	1559.48111	1542.06533	1527.39407
2025-08-08T13:34:29Z	6237.00000	1558.32774	1541.02589	1526.74485
2025-08-08T13:34:29Z	6237.00000	1557.99503	1540.72366	1526.56243
2025-08-08T13:34:29Z	6237.00000	1557.74880	1540.49897	1526.43054
2025-08-08T13:34:29Z	6237.00000	1557.53981	1540.30620	1526.31288
2025-08-08T13:34:30Z	6237.00000	1557.35071	1540.13137	1526.21077
2025-08-08T13:34:30Z	6237.00000	1557.17028	1539.96646	1526.11109
2025-08-08T13:34:30Z	6237.00000	1556.82870	1539.65061	1525.92448
2025-08-08T13:34:30Z	6237.00000	1556.65489	1539.48972	1525.83058
2025-08-08T13:34:30Z	6238.00000	1556.41584	1539.27040	1525.70218
2025-08-08T13:34:30Z	6238.00000	1556.26008	1539.12671	1525.62194
2025-08-08T13:34:30Z	6238.00000	1556.11208	1538.98879	1525.54235
2025-08-08T13:34:30Z	6238.00000	1555.96765	1538.85168	1525.46759
2025-08-08T13:34:30Z	6238.00000	1555.82832	1538.72180	1525.39051
2025-08-08T13:34:31Z	6238.00000	1555.66911	1538.57209	1525.30661
2025-08-08T13:34:31Z	6238.00000	1555.53290	1538.44449	1525.23274
2025-08-08T13:34:31Z	6238.00000	1555.40622	1538.32951	1525.16284
2025-08-08T13:34:31Z	6238.00000	1555.28009	1538.21264	1525.09637
2025-08-08T13:34:31Z	6238.00000	1555.27077	1538.20498	1525.09168
2025-08-08T13:34:31Z	6239.00000	1555.26705	1538.20050	1525.08952
2025-08-08T13:34:31Z	6239.00000	1555.26342	1538.19738	1525.08759
2025-08-08T13:34:31Z	6239.00000	1555.25982	1538.19450	1525.08586
2025-08-08T13:34:31Z	6239.00000	1555.25739	1538.19134	1525.08419
2025-08-08T13:34:31Z	6239.00000	1555.25466	1538.18833	1525.08207
2025-08-08T13:34:32Z	6239.00000	1555.25290	1538.18633	1525.08094
2025-08-08T13:34:32Z	6239.00000	1555.25089	1538.18442	1525.07994
2025-08-08T13:34:32Z	6239.00000	1555.24777	1538.18169	1525.07868
2025-08-08T13:34:32Z	6239.00000	1555.24592	1538.18028	1525.07771
2025-08-08T13:34:32Z	6239.00000	1555.24426	1538.17894	1525.07677
2025-08-08T13:34:32Z	6240.00000	1555.24256	1538.17679	1525.07593
2025-08-08T13:34:32Z	6240.00000	1555.24134	1538.17538	1525.07493
2025-08-08T13:34:32Z	6240.00000	1555.24027	1538.17387	1525.07411
2025-08-08T13:34:32Z	6240.00000	1555.23938	1538.17268	1525.07343
2025-08-08T13:34:33Z	6240.00000	1555.23812	1538.17147	1525.07248
2025-08-08T13:34:33Z	6240.00000	1555.23690	1538.17015	1525.07168
2025-08-08T13:34:33Z	6240.00000	1555.23592	1538.16941	1525.07090
2025-08-08T13:34:33Z	6240.00000	1555.23353	1538.16755	1525.06960
2025-08-08T13:34:33Z	6241.00000	1555.23211	1538.16652	1525.06911
2025-08-08T13:34:33Z	6241.00000	1555.23097	1538.16513	1525.06847
2025-08-08T13:34:33Z	6241.00000	1555.22970	1538.16449	1525.06794
2025-08-08T13:34:33Z	6241.00000	1555.22903	1538.16285	1525.06758
2025-08-08T13:34:33Z	6241.00000	1555.22796	1538.16235	1525.06700
2025-08-08T13:34:34Z	6241.00000	1555.22723	1538.16130	1525.06635
2025-08-08T13:34:34Z	6241.00000	1555.22655	1538.16018	1525.06615
2025-08-08T13:34:34Z	6241.00000	1555.22575	1538.15933	1525.06545
2025-08-08T13:34:34Z	6241.00000	1555.22511	1538.15853	1525.06513
2025-08-08T13:34:34Z	6242.00000	1555.22398	1538.15704	1525.06417
2025-08-08T13:34:34Z	6242.00000	1555.22355	1538.15628	1525.06388
2025-08-08T13:34:34Z	6242.00000	1555.22264	1538.15536	1525.06333
2025-08-08T13:34:34Z	6242.00000	1555.22215	1538.15478	1525.06294
2025-08-08T13:34:35Z	6242.00000	1555.22103	1538.15392	1525.06217
2025-08-08T13:34:35Z	6242.00000	1555.22024	1538.15339	1525.06197
2025-08-08T13:34:35Z	6242.00000	1555.21942	1538.15275	1525.06110
2025-08-08T13:34:35Z	6242.00000	1555.21873	1538.15163	1525.06068
2025-08-08T13:34:35Z	6242.00000	1555.21787	1538.15116	1525.06011
2025-08-08T13:34:35Z	6243.00000	1555.21713	1538.15021	1525.05970
2025-08-08T13:34:35Z	6243.00000	1555.21646	1538.14947	1525.05928
2025-08-08T13:34:35Z	6243.00000	1555.50300	1538.41483	1525.21608
2025-08-08T13:34:35Z	6243.00000	1555.84442	1538.73460	1525.40115
2025-08-08T13:34:36Z	6243.00000	1556.11233	1538.98635	1525.54406
2025-08-08T13:34:36Z	6243.00000	1556.34794	1539.20480	1525.67148
2025-08-08T13:34:36Z	6243.00000	1556.57262	1539.41403	1525.78970
2025-08-08T13:34:36Z	6243.00000	1556.82303	1539.64900	1525.92641
2025-08-08T13:34:36Z	6243.00000	1557.02998	1539.84516	1526.04132
2025-08-08T13:34:36Z	6244.00000	1557.26333	1540.06369	1526.16644
2025-08-08T13:34:36Z	6244.00000	1557.49130	1540.27660	1526.28983
2025-08-08T13:34:36Z	6244.00000	1557.70570	1540.47830	1526.40886
2025-08-08T13:34:36Z	6244.00000	1557.88241	1540.64432	1526.50281
2025-08-08T13:34:37Z	6244.00000	1558.05400	1540.80760	1526.59825
2025-08-08T13:34:37Z	6244.00000	1558.21717	1540.96195	1526.68655
2025-08-08T13:34:37Z	6244.00000	1558.37371	1541.11109	1526.77410
2025-08-08T13:34:37Z	6244.00000	1558.52629	1541.25721	1526.85684
2025-08-08T13:34:37Z	6244.00000	1558.66844	1541.38878	1526.93543
2025-08-08T13:34:37Z	6244.00000	1558.80416	1541.52007	1527.01249
2025-08-08T13:34:37Z	6245.00000	1558.93119	1541.64310	1527.08070
2025-08-08T13:34:37Z	6245.00000	1559.04964	1541.75513	1527.14764
2025-08-08T13:34:37Z	6245.00000	1559.19462	1541.89470	1527.22888
2025-08-08T13:34:37Z	6245.00000	1559.30978	1542.00650	1527.29444
2025-08-08T13:34:38Z	6245.00000	1559.42070	1542.11053	1527.35834
2025-08-08T13:34:38Z	6245.00000	1559.50679	1542.19464	1527.40703
2025-08-08T13:34:38Z	6245.00000	1559.59100	1542.27607	1527.45379
2025-08-08T13:34:38Z	6245.00000	1559.64788	1542.32838	1527.48597
2025-08-08T13:34:38Z	6245.00000	1559.69986	1542.38122	1527.51555
2025-08-08T13:34:38Z	6246.00000	1559.74374	1542.42210	1527.54130
2025-08-08T13:34:38Z	6246.00000	1559.79727	1542.47183	1527.57173
2025-08-08T13:34:38Z	6246.00000	1559.83029	1542.49834	1527.58850
2025-08-08T13:34:38Z	6246.00000	1559.86177	1542.53436	1527.60609
2025-08-08T13:34:39Z	6246.00000	1559.88535	1542.55506	1527.61900
2025-08-08T13:34:39Z	6246.00000	1559.90499	1542.57393	1527.63045
2025-08-08T13:34:39Z	6246.00000	1559.92293	1542.59088	1527.64058
2025-08-08T13:34:39Z	6246.00000	1559.93895	1542.60425	1527.64869
2025-08-08T13:34:39Z	6246.00000	1559.95260	1542.61746	1527.65684
2025-08-08T13:34:39Z	6246.00000	1559.96520	1542.62895	1527.66415
2025-08-08T13:34:39Z	6247.00000	1559.97824	1542.63994	1527.67151
2025-08-08T13:34:39Z	6247.00000	1559.99088	1542.65000	1527.67716
2025-08-08T13:34:39Z	6247.00000	1560.00003	1542.65751	1527.68249
2025-08-08T13:34:39Z	6247.00000	1560.00828	1542.66603	1527.68795
2025-08-08T13:34:40Z	6247.00000	1560.01911	1542.67514	1527.69378
2025-08-08T13:34:40Z	6247.00000	1560.02660	1542.68231	1527.69864
2025-08-08T13:34:40Z	6247.00000	1560.03391	1542.68833	1527.70256
2025-08-08T13:34:40Z	6247.00000	1560.04064	1542.69880	1527.70699
2025-08-08T13:34:40Z	6247.00000	1560.04673	1542.70592	1527.71100
2025-08-08T13:34:40Z	6247.00000	1560.05339	1542.71104	1527.71411
2025-08-08T13:34:40Z	6248.00000	1559.02390	1541.65086	1527.12955
2025-08-08T13:34:40Z	6248.00000	1558.25504	1540.96119	1526.70520
2025-08-08T13:34:40Z	6248.00000	1557.85980	1540.60004	1526.48888
2025-08-08T13:34:40Z	6248.00000	1557.63700	1540.39824	1526.36814
2025-08-08T13:34:41Z	6248.00000	1557.40586	1540.18400	1526.24151
2025-08-08T13:34:41Z	6248.00000	1557.18905	1539.98564	1526.12153
2025-08-08T13:34:41Z	6248.00000	1557.01171	1539.82059	1526.02689
2025-08-08T13:34:41Z	6248.00000	1556.78398	1539.61063	1525.90158
2025-08-08T13:34:41Z	6248.00000	1556.62067	1539.45915	1525.81227
2025-08-08T13:34:41Z	6249.00000	1556.46085	1539.31053	1525.72411
2025-08-08T13:34:41Z	6249.00000	1556.25237	1539.11960	1525.61730
2025-08-08T13:34:41Z	6249.00000	1556.10309	1538.98012	1525.53796
2025-08-08T13:34:41Z	6249.00000	1555.95753	1538.84234	1525.46284
2025-08-08T13:34:41Z	6249.00000	1555.81507	1538.71081	1525.38419
2025-08-08T13:34:42Z	6249.00000	1555.65684	1538.56121	1525.30051
2025-08-08T13:34:42Z	6249.00000	1555.52092	1538.43386	1525.22528
2025-08-08T13:34:42Z	6249.00000	1555.37141	1538.29621	1525.14494
2025-08-08T13:34:42Z	6249.00000	1555.27738	1538.21089	1525.09534
2025-08-08T13:34:42Z	6249.00000	1555.27078	1538.20490	1525.09212
2025-08-08T13:34:42Z	6250.00000	1555.26691	1538.20093	1525.08977
2025-08-08T13:34:42Z	6250.00000	1555.26330	1538.19765	1525.08806
2025-08-08T13:34:42Z	6250.00000	1555.25911	1538.19400	1525.08581
2025-08-08T13:34:42Z	6250.00000	1555.25666	1538.19116	1525.08434
2025-08-08T13:34:43Z	6250.00000	1555.25447	1538.18872	1525.08273
2025-08-08T13:34:43Z	6250.00000	1555.25283	1538.18665	1525.08150
2025-08-08T13:34:43Z	6250.00000	1555.25098	1538.18474	1525.08030
2025-08-08T13:34:43Z	6250.00000	1555.24880	1538.18278	1525.07946
2025-08-08T13:34:43Z	6250.00000	1555.24696	1538.18140	1525.07859
2025-08-08T13:34:43Z	6250.00000	1555.24470	1538.17946	1525.07756
2025-08-08T13:34:43Z	6251.00000	1555.24302	1538.17761	1525.07670
2025-08-08T13:34:43Z	6251.00000	1555.24160	1538.17632	1525.07584
2025-08-08T13:34:43Z	6251.00000	1555.24049	1538.17466	1525.07496
2025-08-08T13:34:43Z	6251.00000	1555.23925	1538.17299	1525.07404
2025-08-08T13:34:44Z	6251.00000	1555.23816	1538.17185	1525.07334
2025-08-08T13:34:44Z	6251.00000	1555.23720	1538.17133	1525.07249
2025-08-08T13:34:44Z	6251.00000	1555.23618	1538.16971	1525.07167
2025-08-08T13:34:44Z	6251.00000	1555.23500	1538.16894	1525.07078
2025-08-08T13:34:44Z	6251.00000	1555.23364	1538.16749	1525.07009
2025-08-08T13:34:44Z	6252.00000	1555.23290	1538.16730	1525.06962
2025-08-08T13:34:44Z	6252.00000	1555.23151	1538.16634	1525.06928
2025-08-08T13:34:44Z	6252.00000	1555.23004	1538.16448	1525.06874
2025-08-08T13:34:44Z	6252.00000	1555.22887	1538.16353	1525.06789
2025-08-08T13:34:45Z	6252.00000	1555.22753	1538.16257	1525.06715
2025-08-08T13:34:45Z	6252.00000	1555.22693	1538.16151	1525.06683
2025-08-08T13:34:45Z	6252.00000	1555.22598	1538.16031	1525.06613
2025-08-08T13:34:45Z	6252.00000	1555.22512	1538.15864	1525.06520
2025-08-08T13:34:45Z	6253.00000	1555.22459	1538.15778	1525.06494
2025-08-08T13:34:45Z	6253.00000	1555.22374	1538.15722	1525.06488
2025-08-08T13:34:45Z	6253.00000	1555.22325	1538.15641	1525.06417
2025-08-08T13:34:45Z	6253.00000	1555.22206	1538.15508	1525.06341
2025-08-08T13:34:46Z	6253.00000	1555.22098	1538.15460	1525.06302
2025-08-08T13:34:46Z	6253.00000	1555.22050	1538.15398	1525.06263
2025-08-08T13:34:46Z	6253.00000	1555.21936	1538.15286	1525.06183
2025-08-08T13:34:46Z	6253.00000	1555.21890	1538.15227	1525.06128
2025-08-08T13:34:46Z	6254.00000	1555.21822	1538.15154	1525.06092
2025-08-08T13:34:46Z	6254.00000	1555.21761	1538.15123	1525.06054
2025-08-08T13:34:46Z	6254.00000	1555.21701	1538.15038	1525.06012
2025-08-08T13:34:46Z	6254.00000	1555.21638	1538.15003	1525.05978
2025-08-08T13:34:46Z	6254.00000	1555.21584	1538.14948	1525.05949
2025-08-08T13:34:47Z	6254.00000	1555.21526	1538.14936	1525.05907
2025-08-08T13:34:47Z	6254.00000	1555.21467	1538.14906	1525.05882
2025-08-08T13:34:47Z	6254.00000	1555.21437	1538.14784	1525.05872
2025-08-08T13:34:47Z	6254.00000	1555.21373	1538.14781	1525.05839
2025-08-08T13:34:47Z	6254.00000	1555.21331	1538.14674	1525.05799
