channel,peak_order,row_index,sample_index,timestamp,time_s,effective_time_s,wavelength_nm,delta_nm,prominence,distance_samples,distance_seconds,prominence_threshold
1,0,95,95,2025-09-09T13:44:58Z,2985.0,2985.0,1556.00951,1.703130000000101,1.6935399999999845,3,0.2,0.1
1,1,174,174,2025-09-09T13:45:08Z,2994.0,2994.222222222222,1556.03827,1.7318900000000212,1.7188799999998992,3,0.2,0.1
1,2,259,259,2025-09-09T13:45:17Z,3003.0,3003.1,1556.04266,1.7362800000000789,1.7218199999999797,3,0.2,0.1
1,3,350,350,2025-09-09T13:45:26Z,3012.0,3012.2,1556.04686,1.740479999999934,1.724849999999833,3,0.2,0.1
1,4,440,440,2025-09-09T13:45:35Z,3021.0,3021.2,1556.05051,1.744130000000041,1.7279700000001412,3,0.2,0.1
1,5,529,529,2025-09-09T13:45:44Z,3030.0,3030.1,1556.0561,1.7497200000000248,1.7331300000000738,3,0.2,0.1
1,6,614,614,2025-09-09T13:45:53Z,3039.0,3039.222222222222,1556.06091,1.7545299999999315,1.73729000000003,3,0.2,0.1
1,7,696,696,2025-09-09T13:46:02Z,3048.0,3048.2,1556.06741,1.761030000000119,1.7436400000001413,3,0.2,0.1
1,8,781,781,2025-09-09T13:46:11Z,3057.0,3057.1,1556.07184,1.7654600000000755,1.748220000000174,3,0.2,0.1
1,9,872,872,2025-09-09T13:46:20Z,3066.0,3066.2,1556.07752,1.7711400000000594,1.7718500000000859,3,0.2,0.1
1,10,1268,1268,2025-09-09T13:47:02Z,3108.0,3108.2,1556.32556,2.0191800000000057,2.010530000000017,3,0.2,0.1
1,11,1357,1357,2025-09-09T13:47:11Z,3117.0,3117.1,1556.34565,2.0392699999999877,2.027370000000019,3,0.2,0.1
1,12,1443,1443,2025-09-09T13:47:20Z,3126.0,3126.1111111111113,1556.36817,2.0617899999999736,2.0480499999998756,3,0.2,0.1
1,13,1527,1527,2025-09-09T13:47:29Z,3135.0,3135.1111111111113,1556.37346,2.0670800000000327,2.052360000000135,3,0.2,0.1
1,14,1614,1614,2025-09-09T13:47:38Z,3144.0,3144.1,1556.3795,2.073120000000017,2.0583100000001195,3,0.2,0.1
1,15,1702,1702,2025-09-09T13:47:47Z,3153.0,3153.181818181818,1556.37953,2.0731499999999414,2.057789999999841,3,0.2,0.1
1,16,1792,1792,2025-09-09T13:47:56Z,3162.0,3162.125,1556.38239,2.0760099999999966,2.0600899999999456,3,0.2,0.1
1,17,1870,1870,2025-09-09T13:48:05Z,3171.0,3171.222222222222,1556.38696,2.0805800000000545,2.0773699999999735,3,0.2,0.1
1,18,1949,1949,2025-09-09T13:48:14Z,3180.0,3180.222222222222,1556.38633,2.0799500000000535,2.0635800000000017,3,0.2,0.1
1,19,2036,2036,2025-09-09T13:48:23Z,3189.0,3189.1,1556.38542,2.0790400000000773,2.062740000000076,3,0.2,0.1
1,20,2229,2229,2025-09-09T13:48:44Z,3210.0,3210.1111111111113,1556.5636,2.257219999999961,2.2450300000000425,3,0.2,0.1
1,21,2312,2312,2025-09-09T13:48:53Z,3219.0,3219.1111111111113,1556.56468,2.258299999999963,2.2439999999999145,3,0.2,0.1
1,22,2399,2399,2025-09-09T13:49:02Z,3228.0,3228.1,1556.57367,2.2672900000000027,2.251389999999901,3,0.2,0.1
1,23,2490,2490,2025-09-09T13:49:11Z,3237.0,3237.2,1556.58006,2.273680000000013,2.2589100000000144,3,0.2,0.1
1,24,2579,2579,2025-09-09T13:49:20Z,3246.0,3246.1,1556.58182,2.275440000000117,2.2593700000002173,3,0.2,0.1
1,25,2655,2655,2025-09-09T13:49:29Z,3255.0,3255.1111111111113,1556.58657,2.2801899999999478,2.263969999999972,3,0.2,0.1
1,26,2736,2736,2025-09-09T13:49:38Z,3264.0,3264.222222222222,1556.59511,2.288729999999987,2.272109999999884,3,0.2,0.1
1,27,2816,2816,2025-09-09T13:49:47Z,3273.0,3273.1111111111113,1556.60178,2.2953999999999724,2.2786899999998695,3,0.2,0.1
1,28,2905,2905,2025-09-09T13:49:56Z,3282.0,3282.1,1556.61016,2.3037799999999606,2.287180000000035,3,0.2,0.1
1,29,2996,2996,2025-09-09T13:50:05Z,3291.0,3291.2,1556.61803,2.3116500000000997,2.3088400000001457,3,0.2,0.1
1,30,3183,3183,2025-09-09T13:50:24Z,3311.0,3311.0,1556.88866,2.5822800000000825,2.5697300000001633,3,0.2,0.1
1,31,3266,3266,2025-09-09T13:50:34Z,3320.0,3320.0,1556.90773,2.6013499999999112,2.586659999999938,3,0.2,0.1
1,32,3356,3356,2025-09-09T13:50:43Z,3329.0,3329.181818181818,1556.9182,2.6118200000000797,2.595320000000129,3,0.2,0.1
1,33,3446,3446,2025-09-09T13:50:52Z,3338.0,3338.1,1556.93004,2.6236599999999726,2.6060499999998683,3,0.2,0.1
1,34,3531,3531,2025-09-09T13:51:01Z,3347.0,3347.3,1556.94588,2.639499999999998,2.620390000000043,3,0.2,0.1
1,35,3608,3608,2025-09-09T13:51:10Z,3356.0,3356.1111111111113,1556.95359,2.6472100000000864,2.628750000000082,3,0.2,0.1
1,36,3685,3685,2025-09-09T13:51:19Z,3365.0,3365.1,1556.96308,2.6567000000000007,2.638059999999996,3,0.2,0.1
1,37,3771,3771,2025-09-09T13:51:28Z,3374.0,3374.0,1556.96763,2.661250000000109,2.6421200000002045,3,0.2,0.1
1,38,3860,3860,2025-09-09T13:51:37Z,3383.0,3383.1,1556.98674,2.6803600000000642,2.660570000000007,3,0.2,0.1
1,39,3949,3949,2025-09-09T13:51:46Z,3392.0,3392.1,1557.00287,2.69649000000004,2.6963399999999638,3,0.2,0.1
1,40,4174,4174,2025-09-09T13:52:11Z,3417.0,3417.1111111111113,1557.30215,2.995769999999993,2.983159999999998,3,0.2,0.1
1,41,4257,4257,2025-09-09T13:52:19Z,3426.0,3426.0,1557.32255,3.016170000000102,2.9996300000000247,3,0.2,0.1
1,42,4345,4345,2025-09-09T13:52:28Z,3435.0,3435.0,1557.36867,3.0622900000000755,3.043859999999995,3,0.2,0.1
1,43,4434,4434,2025-09-09T13:52:38Z,3444.0,3444.1,1557.38346,3.0770800000000236,3.057299999999941,3,0.2,0.1
1,44,4517,4517,2025-09-09T13:52:47Z,3453.0,3453.0,1557.40225,3.0958700000001045,3.07387000000017,3,0.2,0.1
1,45,4595,4595,2025-09-09T13:52:56Z,3462.0,3462.222222222222,1557.42763,3.121249999999918,3.0975599999999304,3,0.2,0.1
1,46,4675,4675,2025-09-09T13:53:05Z,3471.0,3471.1,1557.43858,3.1322000000000116,3.108109999999897,3,0.2,0.1
1,47,4765,4765,2025-09-09T13:53:14Z,3480.0,3480.1,1557.45817,3.151790000000119,3.1152300000001105,3,0.2,0.1
1,48,4856,4856,2025-09-09T13:53:23Z,3489.0,3489.2,1557.47807,3.1716899999998986,3.135069999999814,3,0.2,0.1
1,49,4942,4942,2025-09-09T13:53:32Z,3498.0,3498.1,1557.52201,3.215629999999919,3.205169999999953,3,0.2,0.1
1,50,5110,5110,2025-09-09T13:53:50Z,3516.0,3516.1,1557.87146,3.56508000000008,3.5418600000000424,3,0.2,0.1
1,51,5200,5200,2025-09-09T13:53:59Z,3525.0,3525.1,1557.90406,3.597680000000082,3.5593300000000454,3,0.2,0.1
1,52,5290,5290,2025-09-09T13:54:08Z,3534.0,3534.1,1557.93121,3.6248299999999745,3.5839200000000346,3,0.2,0.1
1,53,5378,5378,2025-09-09T13:54:17Z,3543.0,3543.1,1557.94609,3.6397099999999227,3.5973999999998796,3,0.2,0.1
1,54,5456,5456,2025-09-09T13:54:26Z,3552.0,3552.1111111111113,1557.97102,3.664639999999963,3.6212699999998677,3,0.2,0.1
1,55,5524,5524,2025-09-09T13:54:33Z,3559.0,3559.777777777778,1564.55386,10.247479999999996,6.628120000000081,3,0.2,0.1
1,56,5542,5542,2025-09-09T13:54:35Z,3561.0,3561.6666666666665,1587.36898,33.062599999999975,18.1881699999999,3,0.2,0.1
1,57,5592,5592,2025-09-09T13:54:40Z,3566.0,3566.7,1584.20927,29.90289000000007,8.822990000000118,3,0.2,0.1
1,58,5598,5598,2025-09-09T13:54:41Z,3567.0,3567.3,1587.7169,33.410519999999906,30.80789999999979,3,0.2,0.1
1,59,5608,5608,2025-09-09T13:54:42Z,3568.0,3568.3,1587.44644,33.14005999999995,30.512919999999895,3,0.2,0.1
1,60,5632,5632,2025-09-09T13:54:44Z,3570.0,3570.7,1587.36879,33.06241,29.545789999999897,3,0.2,0.1
1,61,5681,5681,2025-09-09T13:54:49Z,3575.0,3575.6,1587.12622,32.81984000000011,12.54313000000002,3,0.2,0.1
1,62,5687,5687,2025-09-09T13:54:50Z,3576.0,3576.2,1587.13167,32.825289999999995,24.718810000000076,3,0.2,0.1
1,63,5697,5697,2025-09-09T13:54:51Z,3577.0,3577.2,1587.25648,32.95010000000002,29.442510000000084,3,0.2,0.1
1,64,5719,5719,2025-09-09T13:54:53Z,3579.0,3579.4,1587.70597,33.39958999999999,18.45959999999991,3,0.2,0.1
1,65,5772,5772,2025-09-09T13:54:58Z,3584.0,3584.7,1577.99484,23.688460000000077,2.541740000000118,3,0.2,0.1
1,66,5778,5778,2025-09-09T13:54:59Z,3585.0,3585.3,1587.71707,33.41068999999993,30.795669999999973,3,0.2,0.1
1,67,5787,5787,2025-09-09T13:55:00Z,3586.0,3586.2,1587.71226,33.405880000000025,30.73073999999997,3,0.2,0.1
1,68,5811,5811,2025-09-09T13:55:02Z,3588.0,3588.7,1587.24346,32.93707999999992,29.37232999999992,3,0.2,0.1
1,69,5857,5857,2025-09-09T13:55:08Z,3594.0,3594.222222222222,1582.47281,28.16642999999999,20.04654000000005,3,0.2,0.1
1,70,5865,5865,2025-09-09T13:55:09Z,3595.0,3595.1428571428573,1584.20525,29.898869999999988,26.29394000000002,3,0.2,0.1
1,71,5885,5885,2025-09-09T13:55:11Z,3597.0,3597.5,1588.18321,33.87682999999993,32.456539999999904,3,0.2,0.1
1,72,6011,6011,2025-09-09T13:55:25Z,3611.0,3611.7,1584.20887,29.902489999999943,9.566679999999906,3,0.2,0.1
1,73,6017,6017,2025-09-09T13:55:26Z,3612.0,3612.3,1587.12933,32.82294999999999,26.21837000000005,3,0.2,0.1
1,74,6027,6027,2025-09-09T13:55:27Z,3613.0,3613.3,1587.57427,33.26789000000008,30.634430000000066,3,0.2,0.1
1,75,6051,6051,2025-09-09T13:55:29Z,3615.0,3615.7,1587.2435,32.93712000000005,29.33427000000006,3,0.2,0.1
1,76,6100,6100,2025-09-09T13:55:34Z,3620.0,3620.6,1587.12695,32.82057000000009,9.139400000000023,3,0.2,0.1
1,77,6106,6106,2025-09-09T13:55:35Z,3621.0,3621.2,1587.12895,32.82257000000004,30.177200000000084,3,0.2,0.1
1,78,6116,6116,2025-09-09T13:55:36Z,3622.0,3622.222222222222,1588.18483,33.87844999999993,33.88073999999983,3,0.2,0.1
1,79,6138,6138,2025-09-09T13:55:38Z,3624.0,3624.6666666666665,1587.24384,32.9374600000001,29.292430000000195,3,0.2,0.1
1,80,6185,6185,2025-09-09T13:55:43Z,3629.0,3629.6,1584.20906,29.90267999999992,2.799669999999878,3,0.2,0.1
1,81,6191,6191,2025-09-09T13:55:44Z,3630.0,3630.2,1587.12929,32.82291000000009,10.81869000000006,3,0.2,0.1
1,82,6200,6200,2025-09-09T13:55:45Z,3631.0,3631.1111111111113,1587.43874,33.13236000000006,30.56609000000003,3,0.2,0.1
1,83,6225,6225,2025-09-09T13:55:47Z,3633.0,3633.7,1577.98721,23.680830000000014,20.086700000000064,3,0.2,0.1
1,84,6290,6290,2025-09-09T13:55:54Z,3640.0,3640.2,1571.71514,17.40876000000003,16.145970000000034,3,0.2,0.1
1,85,6309,6309,2025-09-09T13:55:56Z,3642.0,3642.1,1558.20972,3.903340000000071,0.28417000000013104,3,0.2,0.1
1,86,6316,6316,2025-09-09T13:55:56Z,3642.0,3642.8,1566.78913,12.482749999999896,0.8871299999998428,3,0.2,0.1
1,87,6329,6329,2025-09-09T13:55:58Z,3644.0,3644.285714285714,1584.19861,29.892229999999927,29.836540000000014,3,0.2,0.1
1,88,6372,6372,2025-09-09T13:56:03Z,3649.0,3649.1428571428573,1564.54923,10.24285000000009,7.788310000000138,3,0.2,0.1
1,89,6387,6387,2025-09-09T13:56:05Z,3651.0,3651.1,1558.23155,3.92516999999998,0.2505300000000261,3,0.2,0.1
1,90,6394,6394,2025-09-09T13:56:05Z,3651.0,3651.8,1564.54937,10.242989999999963,8.160290000000032,3,0.2,0.1
1,91,6450,6450,2025-09-09T13:56:12Z,3658.0,3658.0,1564.75403,10.447650000000067,6.778760000000148,3,0.2,0.1
1,92,6471,6471,2025-09-09T13:56:14Z,3660.0,3660.5,1566.78805,12.481670000000122,12.419200000000046,3,0.2,0.1
1,93,6535,6535,2025-09-09T13:56:21Z,3667.0,3667.2,1571.71407,17.407690000000002,17.3440599999999,3,0.2,0.1
1,94,6555,6555,2025-09-09T13:56:23Z,3669.0,3669.2,1558.26989,3.963510000000042,0.30744000000004235,3,0.2,0.1
1,95,6561,6561,2025-09-09T13:56:23Z,3669.0,3669.8,1565.90241,11.596029999999928,10.459879999999885,3,0.2,0.1
1,96,6624,6624,2025-09-09T13:56:30Z,3676.0,3676.1,1564.63558,10.3291999999999,6.636209999999892,3,0.2,0.1
1,97,6648,6648,2025-09-09T13:56:32Z,3678.0,3678.5,1567.43057,13.124189999999999,13.059819999999945,3,0.2,0.1
1,98,6714,6714,2025-09-09T13:56:39Z,3685.0,3685.1,1571.7149,17.408519999999953,17.341429999999946,3,0.2,0.1
1,99,6738,6738,2025-09-09T13:56:41Z,3687.0,3687.6666666666665,1566.78824,12.481860000000097,8.792430000000195,3,0.2,0.1
1,100,6792,6792,2025-09-09T13:56:48Z,3694.0,3694.25,1571.71544,17.409059999999954,17.346630000000005,3,0.2,0.1
1,101,6815,6815,2025-09-09T13:56:50Z,3696.0,3696.777777777778,1565.9022,11.595820000000003,7.839519999999993,3,0.2,0.1
1,102,7207,7207,2025-09-09T13:57:32Z,3738.0,3738.222222222222,1571.70767,17.401290000000017,17.395839999999907,3,0.2,0.1
1,103,7224,7224,2025-09-09T13:57:34Z,3740.0,3740.0,1557.7404,3.4340199999999186,0.1303299999999581,3,0.2,0.1
1,104,7230,7230,2025-09-09T13:57:34Z,3740.0,3740.75,1564.7611,10.454719999999952,7.212499999999864,3,0.2,0.1
1,105,7288,7288,2025-09-09T13:57:41Z,3747.0,3747.2,1571.54017,17.23379,17.18092999999999,3,0.2,0.1
1,106,7311,7311,2025-09-09T13:57:43Z,3749.0,3749.5,1567.26097,12.954590000000053,9.684009999999944,3,0.2,0.1
1,107,7376,7376,2025-09-09T13:57:50Z,3756.0,3756.3,1571.56974,17.26335999999992,17.208059999999932,3,0.2,0.1
1,108,7401,7401,2025-09-09T13:57:52Z,3758.0,3758.8,1565.90241,11.596029999999928,8.296359999999822,3,0.2,0.1
1,109,7455,7455,2025-09-09T13:57:58Z,3764.0,3764.2,1560.91639,6.610010000000102,4.2693400000000565,3,0.2,0.1
1,110,7465,7465,2025-09-09T13:57:59Z,3765.0,3765.2,1571.56947,17.26308999999992,17.206429999999955,3,0.2,0.1
1,111,7484,7484,2025-09-09T13:58:01Z,3767.0,3767.1,1557.86587,3.559490000000096,0.22220000000015716,3,0.2,0.1
1,112,7490,7490,2025-09-09T13:58:01Z,3767.0,3767.7,1565.90242,11.596039999999903,9.405659999999898,3,0.2,0.1
1,113,7555,7555,2025-09-09T13:58:08Z,3774.0,3774.2,1571.57043,17.264049999999997,17.206339999999955,3,0.2,0.1
1,114,7577,7577,2025-09-09T13:58:10Z,3776.0,3776.5555555555557,1566.94884,12.642460000000028,9.308269999999993,3,0.2,0.1
1,115,7629,7629,2025-09-09T13:58:17Z,3783.0,3783.25,1571.70891,17.40253000000007,17.34301000000005,3,0.2,0.1
1,116,7644,7644,2025-09-09T13:58:19Z,3785.0,3785.2,1557.91094,3.604559999999992,0.20929000000000997,3,0.2,0.1
1,117,7650,7650,2025-09-09T13:58:19Z,3785.0,3785.8,1565.90225,11.595870000000104,10.301110000000108,3,0.2,0.1
1,118,7698,7698,2025-09-09T13:58:25Z,3791.0,3791.2,1560.3227,6.016319999999951,3.624209999999948,3,0.2,0.1
1,119,7708,7708,2025-09-09T13:58:26Z,3792.0,3792.222222222222,1571.77937,17.47298999999998,17.413569999999936,3,0.2,0.1
1,120,7726,7726,2025-09-09T13:58:28Z,3794.0,3794.1111111111113,1557.92656,3.6201800000001185,0.18234000000006745,3,0.2,0.1
1,121,7732,7732,2025-09-09T13:58:28Z,3794.0,3794.777777777778,1566.78774,12.481359999999995,10.122990000000073,3,0.2,0.1
1,122,7795,7795,2025-09-09T13:58:35Z,3801.0,3801.2,1571.84807,17.541690000000017,17.48144000000002,3,0.2,0.1
1,123,7814,7814,2025-09-09T13:58:37Z,3803.0,3803.1,1557.94903,3.6426500000000033,0.20632000000000517,3,0.2,0.1
1,124,7820,7820,2025-09-09T13:58:37Z,3803.0,3803.7,1565.90244,11.59606000000008,10.301040000000057,3,0.2,0.1
1,125,7869,7869,2025-09-09T13:58:42Z,3808.0,3808.6,1562.44618,8.139799999999923,6.834599999999909,3,0.2,0.1
1,126,7886,7886,2025-09-09T13:58:44Z,3810.0,3810.3,1571.84832,17.541940000000068,17.547510000000102,3,0.2,0.1
1,127,7905,7905,2025-09-09T13:58:46Z,3812.0,3812.2,1557.96209,3.655709999999999,0.1817599999999402,3,0.2,0.1
1,128,7911,7911,2025-09-09T13:58:46Z,3812.0,3812.8,1565.90218,11.595800000000054,10.454200000000128,3,0.2,0.1
1,129,7976,7976,2025-09-09T13:58:53Z,3819.0,3819.3,1571.77898,17.472600000000057,17.411510000000135,3,0.2,0.1
1,130,8000,8000,2025-09-09T13:58:55Z,3821.0,3821.777777777778,1565.90241,11.596029999999928,8.10156999999981,3,0.2,0.1
1,131,8264,8264,2025-09-09T13:59:25Z,3851.0,3851.2,1572.32018,18.013799999999947,17.962819999999965,3,0.2,0.1
1,132,8328,8328,2025-09-09T13:59:31Z,3857.0,3857.6,1562.44564,8.139259999999922,6.8524099999999635,3,0.2,0.1
1,133,8335,8335,2025-09-09T13:59:32Z,3858.0,3858.3,1560.32284,6.016460000000052,3.6857800000000225,3,0.2,0.1
1,134,8350,8350,2025-09-09T13:59:33Z,3859.0,3859.8,1571.85301,17.54663000000005,17.492359999999962,3,0.2,0.1
1,135,8370,8370,2025-09-09T13:59:35Z,3861.0,3861.8,1564.76103,10.454649999999901,0.22752999999988788,3,0.2,0.1
1,136,8441,8441,2025-09-09T13:59:42Z,3868.0,3868.9,1571.84832,17.541940000000068,17.487640000000056,3,0.2,0.1
1,137,8459,8459,2025-09-09T13:59:44Z,3870.0,3870.7,1565.90249,11.596109999999953,3.4987499999999727,3,0.2,0.1
1,138,8521,8521,2025-09-09T13:59:52Z,3878.0,3878.1111111111113,1571.85601,17.54962999999998,17.493690000000015,3,0.2,0.1
1,139,8575,8575,2025-09-09T13:59:58Z,3884.0,3884.5555555555557,1562.4465,8.140120000000024,6.814519999999902,3,0.2,0.1
1,140,8581,8581,2025-09-09T13:59:59Z,3885.0,3885.25,1560.91564,6.609259999999949,4.196699999999964,3,0.2,0.1
1,141,8602,8602,2025-09-09T14:00:01Z,3887.0,3887.7,1571.92243,17.616050000000087,17.55962999999997,3,0.2,0.1
1,142,8690,8690,2025-09-09T14:00:10Z,3896.0,3896.6,1572.54906,18.242680000000064,18.184259999999995,3,0.2,0.1
1,143,8701,8701,2025-09-09T14:00:11Z,3897.0,3897.7,1565.9023,11.595919999999978,3.0233100000000377,3,0.2,0.1
1,144,8756,8756,2025-09-09T14:00:17Z,3903.0,3903.3,1560.91643,6.610050000000001,4.210910000000013,3,0.2,0.1
1,145,8779,8779,2025-09-09T14:00:19Z,3905.0,3905.6,1573.38489,19.07851000000005,19.085270000000037,3,0.2,0.1
1,146,8791,8791,2025-09-09T14:00:20Z,3906.0,3906.8,1565.90265,11.596270000000004,10.324299999999994,3,0.2,0.1
1,147,8839,8839,2025-09-09T14:00:25Z,3911.0,3911.6,1562.44475,8.138370000000123,6.786850000000186,3,0.2,0.1
1,148,8846,8846,2025-09-09T14:00:26Z,3912.0,3912.3,1560.9159,6.609519999999975,4.1511299999999665,3,0.2,0.1
1,149,8869,8869,2025-09-09T14:00:28Z,3914.0,3914.6,1572.54793,18.24154999999996,18.183369999999968,3,0.2,0.1
1,150,8880,8880,2025-09-09T14:00:29Z,3915.0,3915.7,1565.90273,11.59635000000003,9.081920000000082,3,0.2,0.1
1,151,8955,8955,2025-09-09T14:00:37Z,3923.0,3923.5,1572.54665,18.24027000000001,18.181820000000016,3,0.2,0.1
1,152,8965,8965,2025-09-09T14:00:38Z,3924.0,3924.6666666666665,1565.90282,11.59644000000003,3.0205000000000837,3,0.2,0.1
1,153,9031,9031,2025-09-09T14:00:46Z,3932.0,3932.4444444444443,1573.38349,19.077109999999948,19.019360000000006,3,0.2,0.1
1,154,9308,9308,2025-09-09T14:01:15Z,3961.0,3961.6,1564.52813,10.221749999999929,8.953869999999824,3,0.2,0.1
1,155,9349,9349,2025-09-09T14:01:19Z,3965.0,3965.7,1564.55023,10.243850000000066,10.24037999999996,3,0.2,0.1
1,156,9405,9405,2025-09-09T14:01:25Z,3971.0,3971.4,1560.91449,6.608109999999897,4.203759999999875,3,0.2,0.1
1,157,9430,9430,2025-09-09T14:01:28Z,3974.0,3974.375,1566.78647,12.480090000000018,12.428850000000011,3,0.2,0.1
1,158,9481,9481,2025-09-09T14:01:34Z,3980.0,3980.5,1567.44135,13.134970000000067,13.081380000000081,3,0.2,0.1
1,159,9513,9513,2025-09-09T14:01:37Z,3983.0,3983.7,1566.78629,12.479910000000018,10.060230000000047,3,0.2,0.1
1,160,9556,9556,2025-09-09T14:01:42Z,3988.0,3988.5555555555557,1562.44476,8.138380000000097,6.860670000000027,3,0.2,0.1
1,161,9591,9591,2025-09-09T14:01:46Z,3992.0,3992.1,1557.41887,3.1124899999999798,0.9117099999998572,3,0.2,0.1
1,162,9597,9597,2025-09-09T14:01:46Z,3992.0,3992.7,1564.7614,10.455020000000104,10.401330000000144,3,0.2,0.1
1,163,9644,9644,2025-09-09T14:01:51Z,3997.0,3997.5,1564.54732,10.24093999999991,9.038900000000012,3,0.2,0.1
1,164,9684,9684,2025-09-09T14:01:55Z,4001.0,4001.7,1564.54936,10.242979999999989,10.188889999999901,3,0.2,0.1
1,165,9733,9733,2025-09-09T14:02:00Z,4006.0,4006.6,1566.94117,12.634790000000066,12.579960000000028,3,0.2,0.1
1,166,9774,9774,2025-09-09T14:02:04Z,4010.0,4010.7,1565.90277,11.596389999999928,10.359649999999874,3,0.2,0.1
1,167,9862,9862,2025-09-09T14:02:13Z,4019.0,4019.5,1569.1577,14.851319999999987,14.856800000000021,3,0.2,0.1
1,168,9940,9940,2025-09-09T14:02:22Z,4028.0,4028.6666666666665,1564.54971,10.243330000000014,10.186799999999948,3,0.2,0.1
1,169,9984,9984,2025-09-09T14:02:27Z,4033.0,4033.5555555555557,1564.52541,10.219029999999975,8.952780000000075,3,0.2,0.1
1,170,9992,9992,2025-09-09T14:02:28Z,4034.0,4034.4,1560.91724,6.610860000000002,4.205110000000104,3,0.2,0.1
1,171,10024,10024,2025-09-09T14:02:31Z,4037.0,4037.6666666666665,1565.90283,11.596450000000004,11.540989999999965,3,0.2,0.1
1,172,10073,10073,2025-09-09T14:02:36Z,4042.0,4042.6,1562.44144,8.135060000000067,6.791300000000092,3,0.2,0.1
1,173,10108,10108,2025-09-09T14:02:40Z,4046.0,4046.1,1557.45646,3.1500800000001163,1.6442200000001321,3,0.2,0.1
1,174,10114,10114,2025-09-09T14:02:40Z,4046.0,4046.7,1564.76171,10.455330000000004,10.398989999999912,3,0.2,0.1
1,175,10349,10349,2025-09-09T14:03:04Z,4070.0,4070.6666666666665,1567.43774,13.131360000000086,13.128540000000157,3,0.2,0.1
1,176,10375,10375,2025-09-09T14:03:07Z,4073.0,4073.6,1564.54959,10.24321000000009,7.823039999999992,3,0.2,0.1
1,177,10431,10431,2025-09-09T14:03:13Z,4079.0,4079.7,1567.4427,13.136320000000069,13.085469999999987,3,0.2,0.1
1,178,10458,10458,2025-09-09T14:03:16Z,4082.0,4082.6666666666665,1564.76064,10.454259999999977,7.982690000000048,3,0.2,0.1
1,179,10516,10516,2025-09-09T14:03:22Z,4088.0,4088.6,1568.13885,13.832470000000058,13.835970000000088,3,0.2,0.1
1,180,10546,10546,2025-09-09T14:03:25Z,4091.0,4091.7,1564.54973,10.243349999999964,7.832789999999932,3,0.2,0.1
1,181,10595,10595,2025-09-09T14:03:30Z,4096.0,4096.6,1562.43965,8.133270000000039,6.83780999999999,3,0.2,0.1
1,182,10605,10605,2025-09-09T14:03:31Z,4097.0,4097.6,1567.44142,13.135040000000117,13.08349000000021,3,0.2,0.1
1,183,10636,10636,2025-09-09T14:03:34Z,4100.0,4100.7,1564.55021,10.243830000000116,7.804030000000012,3,0.2,0.1
1,184,10685,10685,2025-09-09T14:03:39Z,4105.0,4105.6,1564.54728,10.24090000000001,9.084430000000111,3,0.2,0.1
1,185,10696,10696,2025-09-09T14:03:40Z,4106.0,4106.7,1567.44018,13.133800000000065,13.079650000000129,3,0.2,0.1
1,186,10725,10725,2025-09-09T14:03:43Z,4109.0,4109.7,1566.78632,12.479939999999942,10.114689999999882,3,0.2,0.1
1,187,10778,10778,2025-09-09T14:03:49Z,4115.0,4115.6,1567.44014,13.133759999999938,13.079520000000002,3,0.2,0.1
1,188,10801,10801,2025-09-09T14:03:52Z,4118.0,4118.5,1564.55018,10.243799999999965,7.826769999999897,3,0.2,0.1
1,189,10880,10880,2025-09-09T14:04:01Z,4127.0,4127.6,1566.94163,12.635250000000042,12.581030000000055,3,0.2,0.1
1,190,10929,10929,2025-09-09T14:04:06Z,4132.0,4132.6,1564.54769,10.241310000000112,9.091930000000048,3,0.2,0.1
1,191,10939,10939,2025-09-09T14:04:07Z,4133.0,4133.666666666667,1567.44117,13.134790000000066,13.08073000000013,3,0.2,0.1
1,192,10963,10963,2025-09-09T14:04:10Z,4136.0,4136.1,1557.08935,2.7829699999999775,0.10877000000004955,3,0.2,0.1
1,193,10969,10969,2025-09-09T14:04:10Z,4136.0,4136.7,1566.78717,12.48079000000007,10.073630000000094,3,0.2,0.1
1,194,11018,11018,2025-09-09T14:04:15Z,4141.0,4141.6,1562.44485,8.138470000000098,6.860970000000179,3,0.2,0.1
1,195,11028,11028,2025-09-09T14:04:16Z,4142.0,4142.6,1568.1386,13.832220000000007,13.780860000000075,3,0.2,0.1
1,196,11059,11059,2025-09-09T14:04:19Z,4145.0,4145.7,1564.54933,10.242950000000064,7.819809999999961,3,0.2,0.1
1,197,11107,11107,2025-09-09T14:04:24Z,4150.0,4150.5,1562.44589,8.139509999999973,6.923219999999901,3,0.2,0.1
1,198,11118,11118,2025-09-09T14:04:25Z,4151.0,4151.6,1567.43942,13.133039999999937,13.079549999999927,3,0.2,0.1
1,199,11149,11149,2025-09-09T14:04:28Z,4154.0,4154.888888888889,1564.54958,10.243200000000115,7.878060000000005,3,0.2,0.1
1,200,11300,11300,2025-09-09T14:04:45Z,4172.0,4172.0,1567.45047,13.144090000000006,13.141239999999925,3,0.2,0.1
1,201,11326,11326,2025-09-09T14:04:48Z,4174.0,4174.666666666667,1565.90234,11.595960000000105,9.294070000000147,3,0.2,0.1
1,202,11373,11373,2025-09-09T14:04:53Z,4179.0,4179.6,1564.52552,10.219139999999925,9.080899999999929,3,0.2,0.1
1,203,11386,11386,2025-09-09T14:04:54Z,4180.0,4180.9,1567.45111,13.144729999999981,13.142000000000053,3,0.2,0.1
1,204,11413,11413,2025-09-09T14:04:57Z,4183.0,4183.6,1567.2615,12.955120000000079,10.635790000000043,3,0.2,0.1
1,205,11463,11463,2025-09-09T14:05:02Z,4188.0,4188.7,1562.44564,8.139259999999922,6.96663999999987,3,0.2,0.1
1,206,11477,11477,2025-09-09T14:05:04Z,4190.0,4190.111111111111,1574.53445,20.228070000000116,20.225090000000137,3,0.2,0.1
1,207,11502,11502,2025-09-09T14:05:06Z,4192.0,4192.7,1568.12849,13.822110000000066,11.498240000000123,3,0.2,0.1
1,208,11551,11551,2025-09-09T14:05:11Z,4197.0,4197.6,1566.78925,12.482870000000048,11.226640000000089,3,0.2,0.1
1,209,11564,11564,2025-09-09T14:05:12Z,4198.0,4198.9,1568.19858,13.892200000000003,13.888509999999997,3,0.2,0.1
1,210,11592,11592,2025-09-09T14:05:15Z,4201.0,4201.7,1565.9022,11.595820000000003,9.295679999999948,3,0.2,0.1
1,211,11649,11649,2025-09-09T14:05:21Z,4207.0,4207.777777777777,1568.19926,13.892880000000105,13.889499999999998,3,0.2,0.1
1,212,11675,11675,2025-09-09T14:05:24Z,4210.0,4210.666666666667,1564.55024,10.24386000000004,7.929530000000113,3,0.2,0.1
1,213,11718,11718,2025-09-09T14:05:29Z,4215.0,4215.6,1564.54799,10.241610000000037,9.013619999999946,3,0.2,0.1
1,214,11732,11732,2025-09-09T14:05:31Z,4217.0,4217.1,1574.58991,20.283529999999928,20.282510000000002,3,0.2,0.1
1,215,11755,11755,2025-09-09T14:05:33Z,4219.0,4219.555555555556,1556.77179,2.46541000000002,0.15006999999991422,3,0.2,0.1
1,216,11805,11805,2025-09-09T14:05:38Z,4224.0,4224.6,1566.78698,12.480600000000095,11.346560000000181,3,0.2,0.1
1,217,11819,11819,2025-09-09T14:05:39Z,4226.0,4226.0,1568.27403,13.967650000000049,13.964040000000068,3,0.2,0.1
1,218,11844,11844,2025-09-09T14:05:42Z,4228.0,4228.5,1567.26111,12.954729999999927,10.643599999999878,3,0.2,0.1
1,219,11895,11895,2025-09-09T14:05:47Z,4233.0,4233.6,1562.43748,8.13110000000006,6.919020000000046,3,0.2,0.1
1,220,11907,11907,2025-09-09T14:05:48Z,4234.0,4234.8,1568.20107,13.894690000000082,13.890960000000177,3,0.2,0.1
1,221,11935,11935,2025-09-09T14:05:51Z,4237.0,4237.6,1564.53157,10.225190000000111,7.913660000000164,3,0.2,0.1
1,222,11985,11985,2025-09-09T14:05:56Z,4242.0,4242.6,1564.54764,10.241260000000011,9.017149999999901,3,0.2,0.1
1,223,11999,11999,2025-09-09T14:05:57Z,4244.0,4244.0,1568.19569,13.889310000000023,13.885670000000118,3,0.2,0.1
1,224,12026,12026,2025-09-09T14:06:00Z,4246.0,4246.7,1566.78647,12.480090000000018,10.15940999999998,3,0.2,0.1
1,225,12072,12072,2025-09-09T14:06:05Z,4251.0,4251.555555555556,1564.54736,10.240980000000036,9.099460000000136,3,0.2,0.1
1,226,12085,12085,2025-09-09T14:06:06Z,4252.0,4252.9,1568.19933,13.892949999999928,11.55435999999986,3,0.2,0.1
1,227,12105,12105,2025-09-09T14:06:09Z,4255.0,4255.4,1569.00852,14.7021400000001,14.698590000000195,3,0.2,0.1
2,0,95,95,2025-09-09T13:44:58Z,2985.0,2985.0,1541.2906,3.988055000000031,3.96855000000005,3,0.2,0.1
2,1,174,174,2025-09-09T13:45:08Z,2994.0,2994.222222222222,1541.32156,4.019015000000081,4.02065000000016,3,0.2,0.1
2,2,259,259,2025-09-09T13:45:17Z,3003.0,3003.1,1541.31556,4.013014999999996,3.9866400000000795,3,0.2,0.1
2,3,350,350,2025-09-09T13:45:26Z,3012.0,3012.2,1541.31391,4.011365000000069,3.980919999999969,3,0.2,0.1
2,4,440,440,2025-09-09T13:45:35Z,3021.0,3021.2,1541.30928,4.006734999999935,3.973799999999983,3,0.2,0.1
2,5,529,529,2025-09-09T13:45:44Z,3030.0,3030.1,1541.30521,4.002664999999979,3.9688699999999244,3,0.2,0.1
2,6,614,614,2025-09-09T13:45:53Z,3039.0,3039.222222222222,1541.30296,4.000414999999975,3.9660200000000714,3,0.2,0.1
2,7,696,696,2025-09-09T13:46:02Z,3048.0,3048.2,1541.30203,3.9994850000000497,3.96483000000012,3,0.2,0.1
2,8,781,781,2025-09-09T13:46:11Z,3057.0,3057.1,1541.29764,3.995094999999992,3.9595899999999347,3,0.2,0.1
2,9,872,872,2025-09-09T13:46:20Z,3066.0,3066.2,1541.29822,3.995674999999892,3.9605599999999868,3,0.2,0.1
2,10,1268,1268,2025-09-09T13:47:02Z,3108.0,3108.2,1541.88631,4.583765000000085,4.564560000000029,3,0.2,0.1
2,11,1357,1357,2025-09-09T13:47:11Z,3117.0,3117.1,1541.917,4.614454999999907,4.589069999999992,3,0.2,0.1
2,12,1443,1443,2025-09-09T13:47:20Z,3126.0,3126.1111111111113,1541.92319,4.620644999999968,4.591300000000047,3,0.2,0.1
2,13,1527,1527,2025-09-09T13:47:29Z,3135.0,3135.1111111111113,1541.93315,4.63060500000006,4.598400000000083,3,0.2,0.1
2,14,1614,1614,2025-09-09T13:47:38Z,3144.0,3144.1,1541.94208,4.6395350000000235,4.60579000000007,3,0.2,0.1
2,15,1702,1702,2025-09-09T13:47:47Z,3153.0,3153.181818181818,1541.94537,4.6428249999999025,4.607929999999897,3,0.2,0.1
2,16,1792,1792,2025-09-09T13:47:56Z,3162.0,3162.125,1541.95292,4.65037499999994,4.613929999999982,3,0.2,0.1
2,17,1870,1870,2025-09-09T13:48:05Z,3171.0,3171.222222222222,1541.97524,4.672694999999976,4.660519999999906,3,0.2,0.1
2,18,1949,1949,2025-09-09T13:48:14Z,3180.0,3180.222222222222,1541.97476,4.672215000000051,4.634720000000016,3,0.2,0.1
2,19,2036,2036,2025-09-09T13:48:23Z,3189.0,3189.1,1541.97418,4.671634999999924,4.634219999999914,3,0.2,0.1
2,20,2229,2229,2025-09-09T13:48:44Z,3210.0,3210.1111111111113,1542.39974,5.097195000000056,5.082380000000057,3,0.2,0.1
2,21,2312,2312,2025-09-09T13:48:53Z,3219.0,3219.1111111111113,1542.39639,5.093845000000101,5.064950000000181,3,0.2,0.1
2,22,2399,2399,2025-09-09T13:49:02Z,3228.0,3228.1,1542.39316,5.090615000000071,5.053949999999986,3,0.2,0.1
2,23,2490,2490,2025-09-09T13:49:11Z,3237.0,3237.2,1542.39555,5.093004999999948,5.058569999999918,3,0.2,0.1
2,24,2579,2579,2025-09-09T13:49:20Z,3246.0,3246.1,1542.38274,5.080195000000003,5.039269999999988,3,0.2,0.1
2,25,2655,2655,2025-09-09T13:49:29Z,3255.0,3255.1111111111113,1542.38493,5.082384999999931,5.042670000000044,3,0.2,0.1
2,26,2736,2736,2025-09-09T13:49:38Z,3264.0,3264.222222222222,1542.37928,5.076735000000099,5.03659000000016,3,0.2,0.1
2,27,2816,2816,2025-09-09T13:49:47Z,3273.0,3273.1111111111113,1542.37549,5.072944999999891,5.03202999999985,3,0.2,0.1
2,28,2905,2905,2025-09-09T13:49:56Z,3282.0,3282.1,1542.37156,5.069015000000036,5.027129999999943,3,0.2,0.1
2,29,2996,2996,2025-09-09T13:50:05Z,3291.0,3291.2,1542.36609,5.063544999999976,5.022099999999909,3,0.2,0.1
2,30,3183,3183,2025-09-09T13:50:24Z,3311.0,3311.0,1542.92287,5.6203250000000935,5.585250000000087,3,0.2,0.1
2,31,3266,3266,2025-09-09T13:50:34Z,3320.0,3320.0,1542.92298,5.620435000000043,5.606420000000071,3,0.2,0.1
2,32,3356,3356,2025-09-09T13:50:43Z,3329.0,3329.181818181818,1542.91167,5.609124999999949,5.567250000000058,3,0.2,0.1
2,33,3446,3446,2025-09-09T13:50:52Z,3338.0,3338.1,1542.90777,5.6052250000000186,5.561149999999998,3,0.2,0.1
2,34,3531,3531,2025-09-09T13:51:01Z,3347.0,3347.3,1542.91377,5.611225000000104,5.572290000000066,3,0.2,0.1
2,35,3608,3608,2025-09-09T13:51:10Z,3356.0,3356.1111111111113,1542.89562,5.593074999999999,5.546790000000101,3,0.2,0.1
2,36,3685,3685,2025-09-09T13:51:19Z,3365.0,3365.1,1542.88928,5.58673500000009,5.54033000000004,3,0.2,0.1
2,37,3771,3771,2025-09-09T13:51:28Z,3374.0,3374.0,1542.84307,5.540524999999889,5.492659999999887,3,0.2,0.1
2,38,3860,3860,2025-09-09T13:51:37Z,3383.0,3383.1,1542.84394,5.541394999999966,5.494069999999965,3,0.2,0.1
2,39,3949,3949,2025-09-09T13:51:46Z,3392.0,3392.1,1542.84014,5.53759500000001,5.488740000000007,3,0.2,0.1
2,40,4174,4174,2025-09-09T13:52:11Z,3417.0,3417.1111111111113,1543.42374,6.121194999999943,6.092089999999871,3,0.2,0.1
2,41,4257,4257,2025-09-09T13:52:19Z,3426.0,3426.0,1543.41581,6.113264999999956,6.075249999999869,3,0.2,0.1
2,42,4346,4346,2025-09-09T13:52:29Z,3435.0,3435.1,1543.41061,6.108064999999897,6.063379999999825,3,0.2,0.1
2,43,4434,4434,2025-09-09T13:52:38Z,3444.0,3444.1,1543.36767,6.06512500000008,6.01785000000018,3,0.2,0.1
2,44,4517,4517,2025-09-09T13:52:47Z,3453.0,3453.0,1543.3459,6.04335500000002,5.991700000000037,3,0.2,0.1
2,45,4595,4595,2025-09-09T13:52:56Z,3462.0,3462.222222222222,1543.35065,6.048105000000078,5.998109999999997,3,0.2,0.1
2,46,4675,4675,2025-09-09T13:53:05Z,3471.0,3471.1,1543.32722,6.024674999999888,5.969380000000001,3,0.2,0.1
2,47,4765,4765,2025-09-09T13:53:14Z,3480.0,3480.1,1543.31582,6.0132750000000215,5.959229999999934,3,0.2,0.1
2,48,4856,4856,2025-09-09T13:53:23Z,3489.0,3489.2,1543.2964,5.9938549999999395,5.939689999999928,3,0.2,0.1
2,49,4942,4942,2025-09-09T13:53:32Z,3498.0,3498.1,1543.2733,5.970755000000054,5.914940000000115,3,0.2,0.1
2,50,5110,5110,2025-09-09T13:53:50Z,3516.0,3516.1,1543.84202,6.539475000000039,6.489659999999958,3,0.2,0.1
2,51,5200,5200,2025-09-09T13:53:59Z,3525.0,3525.1,1543.83675,6.534204999999929,6.479630000000043,3,0.2,0.1
2,52,5290,5290,2025-09-09T13:54:08Z,3534.0,3534.1,1543.82494,6.52239499999996,6.464809999999943,3,0.2,0.1
2,53,5378,5378,2025-09-09T13:54:17Z,3543.0,3543.1,1543.80029,6.497744999999895,6.4384000000000015,3,0.2,0.1
2,54,5456,5456,2025-09-09T13:54:26Z,3552.0,3552.1111111111113,1543.78165,6.47910499999989,6.417679999999791,3,0.2,0.1
2,55,5524,5524,2025-09-09T13:54:33Z,3559.0,3559.777777777778,1557.8279,20.52535499999999,18.719029999999975,3,0.2,0.1
2,56,5537,5537,2025-09-09T13:54:35Z,3561.0,3561.1111111111113,1543.7641,6.461555000000089,0.14675000000011096,3,0.2,0.1
2,57,5544,5544,2025-09-09T13:54:35Z,3561.0,3561.8888888888887,1581.409445,44.106899999999996,44.1087950000001,3,0.2,0.1
2,58,5586,5586,2025-09-09T13:54:40Z,3566.0,3566.1,1567.65978,30.357234999999946,0.31579999999985375,3,0.2,0.1
2,59,5590,5590,2025-09-09T13:54:40Z,3566.0,3566.5,1573.6504249999998,36.347879999999805,34.276439999999866,3,0.2,0.1
2,60,5594,5594,2025-09-09T13:54:40Z,3566.0,3566.9,1539.5692,2.2666549999999006,0.19521499999996195,3,0.2,0.1
2,61,5598,5598,2025-09-09T13:54:41Z,3567.0,3567.3,1566.143575,28.841030000000046,24.501085000000103,3,0.2,0.1
2,62,5608,5608,2025-09-09T13:54:42Z,3568.0,3568.3,1588.53321,51.230665000000045,49.321460000000116,3,0.2,0.1
2,63,5630,5630,2025-09-09T13:54:44Z,3570.0,3570.5,1543.7247,6.422154999999975,0.37507499999992433,3,0.2,0.1
2,64,5634,5634,2025-09-09T13:54:44Z,3570.0,3570.9,1584.19734,46.89479499999993,41.10208499999999,3,0.2,0.1
2,65,5665,5665,2025-09-09T13:54:47Z,3574.0,3574.0,1575.02269,37.720145,1.4754900000000362,3,0.2,0.1
2,66,5687,5687,2025-09-09T13:54:50Z,3576.0,3576.2,1571.7011,34.39855499999999,30.03230499999995,3,0.2,0.1
2,67,5697,5697,2025-09-09T13:54:51Z,3577.0,3577.2,1581.39395,44.091404999999895,38.143460000000005,3,0.2,0.1
2,68,5722,5722,2025-09-09T13:54:53Z,3579.0,3579.7,1585.93498,48.63243499999999,10.15605000000005,3,0.2,0.1
2,69,5769,5769,2025-09-09T13:54:58Z,3584.0,3584.4,1590.07733,52.774785000000065,61.224140000000034,3,0.2,0.1
2,70,5778,5778,2025-09-09T13:54:59Z,3585.0,3585.3,1562.88746,25.58491499999991,21.373299999999972,3,0.2,0.1
2,71,5782,5782,2025-09-09T13:54:59Z,3585.0,3585.7,1541.728,4.425455000000056,0.10692000000017288,3,0.2,0.1
2,72,5786,5786,2025-09-09T13:55:00Z,3586.0,3586.1,1588.46484,51.162295000000086,45.149790000000166,3,0.2,0.1
2,73,5812,5812,2025-09-09T13:55:02Z,3588.0,3588.8,1588.63802,51.33547500000009,49.29886499999998,3,0.2,0.1
2,74,5857,5857,2025-09-09T13:55:08Z,3594.0,3594.222222222222,1580.6306949999998,43.32814999999982,30.377424999999675,3,0.2,0.1
2,75,5865,5865,2025-09-09T13:55:09Z,3595.0,3595.1428571428573,1578.00704,40.70449499999995,34.75646000000006,3,0.2,0.1
2,76,5893,5893,2025-09-09T13:55:12Z,3598.0,3598.4285714285716,1585.93494,48.63239500000009,44.55343000000016,3,0.2,0.1
2,77,5979,5979,2025-09-09T13:55:22Z,3608.0,3608.375,1575.02317,37.72062499999993,1.4759899999999107,3,0.2,0.1
2,78,5983,5983,2025-09-09T13:55:22Z,3608.0,3608.875,1575.02317,37.72062499999993,1.4759899999999107,3,0.2,0.1
2,79,6013,6013,2025-09-09T13:55:25Z,3611.0,3611.9,1547.62393,10.321384999999964,8.148120000000063,3,0.2,0.1
2,80,6017,6017,2025-09-09T13:55:26Z,3612.0,3612.3,1564.66472,27.36217499999998,23.227049999999963,3,0.2,0.1
2,81,6027,6027,2025-09-09T13:55:27Z,3613.0,3613.3,1587.894645,50.59210000000007,48.41883500000017,3,0.2,0.1
2,82,6053,6053,2025-09-09T13:55:29Z,3615.0,3615.9,1585.93519,48.63264499999991,42.74381500000004,3,0.2,0.1
2,83,6107,6107,2025-09-09T13:55:35Z,3621.0,3621.3,1552.8646800000001,15.562135000000126,11.429850000000215,3,0.2,0.1
2,84,6110,6110,2025-09-09T13:55:35Z,3621.0,3621.6,1541.65062,4.348074999999881,0.10789500000009866,3,0.2,0.1
2,85,6115,6115,2025-09-09T13:55:36Z,3622.0,3622.1111111111113,1585.73963,48.437085000000025,46.66094500000008,3,0.2,0.1
2,86,6133,6133,2025-09-09T13:55:38Z,3624.0,3624.1111111111113,1543.58788,6.285335000000032,0.4390200000000277,3,0.2,0.1
2,87,6141,6141,2025-09-09T13:55:39Z,3625.0,3625.0,1585.93512,48.63257500000009,46.902720000000045,3,0.2,0.1
2,88,6144,6144,2025-09-09T13:55:39Z,3625.0,3625.3333333333335,1585.93512,48.63257500000009,46.902720000000045,3,0.2,0.1
2,89,6190,6190,2025-09-09T13:55:44Z,3630.0,3630.1,1569.71336,32.41081499999996,28.50251000000003,3,0.2,0.1
2,90,6194,6194,2025-09-09T13:55:44Z,3630.0,3630.5,1541.45147,4.148924999999963,0.12031000000001768,3,0.2,0.1
2,91,6199,6199,2025-09-09T13:55:44Z,3631.0,3631.0,1587.31143,50.008884999999964,50.16344000000004,3,0.2,0.1
2,92,6225,6225,2025-09-09T13:55:47Z,3633.0,3633.7,1577.98721,40.684664999999995,34.814890000000105,3,0.2,0.1
2,93,6274,6274,2025-09-09T13:55:52Z,3638.0,3638.6,1544.86777,7.565225000000055,5.4493700000000445,3,0.2,0.1
2,94,6280,6280,2025-09-09T13:55:53Z,3639.0,3639.2,1543.07697,5.774425000000065,1.8457100000000537,3,0.2,0.1
2,95,6289,6289,2025-09-09T13:55:54Z,3640.0,3640.1,1565.25672,27.954175000000077,22.30910000000017,3,0.2,0.1
2,96,6309,6309,2025-09-09T13:55:56Z,3642.0,3642.1,1543.52786,6.22531499999991,0.42315999999982523,3,0.2,0.1
2,97,6318,6318,2025-09-09T13:55:56Z,3643.0,3643.0,1565.82229,28.519745000000057,7.176649999999881,3,0.2,0.1
2,98,6326,6326,2025-09-09T13:55:57Z,3643.0,3643.8888888888887,1582.5951,45.29255499999999,43.82319000000007,3,0.2,0.1
2,99,6361,6361,2025-09-09T13:56:01Z,3648.0,3648.0,1576.23942,38.9368750000001,18.32985500000018,3,0.2,0.1
2,100,6372,6372,2025-09-09T13:56:03Z,3649.0,3649.1428571428573,1558.27986,20.97731500000009,16.89049,3,0.2,0.1
2,101,6387,6387,2025-09-09T13:56:05Z,3651.0,3651.1,1543.51442,6.211874999999964,0.36682999999993626,3,0.2,0.1
2,102,6393,6393,2025-09-09T13:56:05Z,3651.0,3651.7,1562.89059,25.588044999999966,21.708599999999933,3,0.2,0.1
2,103,6440,6440,2025-09-09T13:56:10Z,3657.0,3657.0,1546.79858,9.496034999999893,1.9314699999999903,3,0.2,0.1
2,104,6450,6450,2025-09-09T13:56:12Z,3658.0,3658.0,1560.28552,22.982974999999897,17.133169999999836,3,0.2,0.1
2,105,6474,6474,2025-09-09T13:56:14Z,3660.0,3660.875,1562.89804,25.595495000000028,21.71884,3,0.2,0.1
2,106,6525,6525,2025-09-09T13:56:20Z,3666.0,3666.2,1546.80121,9.498665000000074,5.579740000000129,3,0.2,0.1
2,107,6535,6535,2025-09-09T13:56:21Z,3667.0,3667.2,1565.06814,27.765595000000076,25.418060000000196,3,0.2,0.1
2,108,6562,6562,2025-09-09T13:56:23Z,3669.0,3669.9,1564.92452,27.62197500000002,21.83346000000006,3,0.2,0.1
2,109,6615,6615,2025-09-09T13:56:29Z,3675.0,3675.2,1552.71382,15.411274999999932,11.36961999999994,3,0.2,0.1
2,110,6625,6625,2025-09-09T13:56:30Z,3676.0,3676.2,1560.28481,22.982265000000098,17.186800000000176,3,0.2,0.1
2,111,6650,6650,2025-09-09T13:56:32Z,3678.0,3678.7,1565.82214,28.51959499999998,26.364869999999883,3,0.2,0.1
2,112,6704,6704,2025-09-09T13:56:38Z,3684.0,3684.1,1546.80171,9.499164999999948,5.60073999999986,3,0.2,0.1
2,113,6714,6714,2025-09-09T13:56:39Z,3685.0,3685.1,1564.91004,27.60749499999997,25.498190000000022,3,0.2,0.1
2,114,6739,6739,2025-09-09T13:56:41Z,3687.0,3687.777777777778,1554.54394,17.24139500000001,11.529809999999998,3,0.2,0.1
2,115,6779,6779,2025-09-09T13:56:46Z,3692.0,3692.5555555555557,1546.6295,9.326954999999998,1.761160000000018,3,0.2,0.1
2,116,6792,6792,2025-09-09T13:56:48Z,3694.0,3694.25,1564.6866,27.38405499999999,25.229029999999966,3,0.2,0.1
2,117,6817,6817,2025-09-09T13:56:50Z,3697.0,3697.0,1564.5491,27.246554999999944,21.449699999999893,3,0.2,0.1
2,118,7194,7194,2025-09-09T13:57:30Z,3736.0,3736.5555555555557,1548.57976,11.27721500000007,7.062620000000152,3,0.2,0.1
2,119,7207,7207,2025-09-09T13:57:32Z,3738.0,3738.222222222222,1565.25865,27.95610499999998,25.992070000000012,3,0.2,0.1
2,120,7224,7224,2025-09-09T13:57:34Z,3740.0,3740.0,1543.10686,5.804315000000088,0.19472000000018852,3,0.2,0.1
2,121,7230,7230,2025-09-09T13:57:34Z,3740.0,3740.75,1564.54916,27.24661500000002,21.64652000000001,3,0.2,0.1
2,122,7278,7278,2025-09-09T13:57:40Z,3746.0,3746.2,1546.79833,9.495785000000069,5.593090000000075,3,0.2,0.1
2,123,7288,7288,2025-09-09T13:57:41Z,3747.0,3747.2,1565.25661,27.9540649999999,25.885119999999915,3,0.2,0.1
2,124,7312,7312,2025-09-09T13:57:43Z,3749.0,3749.6,1560.61333,23.310784999999896,17.692749999999933,3,0.2,0.1
2,125,7376,7376,2025-09-09T13:57:50Z,3756.0,3756.3,1565.25663,27.954085000000077,25.766219999999976,3,0.2,0.1
2,126,7402,7402,2025-09-09T13:57:52Z,3758.0,3758.9,1560.61054,23.30799499999989,17.77382999999986,3,0.2,0.1
2,127,7455,7455,2025-09-09T13:57:58Z,3764.0,3764.2,1555.80818,18.505634999999984,14.667539999999917,3,0.2,0.1
2,128,7465,7465,2025-09-09T13:57:59Z,3765.0,3765.2,1565.25705,27.954504999999926,24.34542999999985,3,0.2,0.1
2,129,7484,7484,2025-09-09T13:58:01Z,3767.0,3767.1,1543.12772,5.825174999999945,0.2853299999999308,3,0.2,0.1
2,130,7491,7491,2025-09-09T13:58:01Z,3767.0,3767.8,1565.82211,28.519565000000057,26.554660000000013,3,0.2,0.1
2,131,7555,7555,2025-09-09T13:58:08Z,3774.0,3774.2,1564.765,27.46245500000009,25.452580000000125,3,0.2,0.1
2,132,7580,7580,2025-09-09T13:58:10Z,3776.0,3776.8888888888887,1560.61241,23.309864999999945,17.81052999999997,3,0.2,0.1
2,133,7620,7620,2025-09-09T13:58:16Z,3782.0,3782.222222222222,1546.81916,9.516615000000002,5.5631100000000515,3,0.2,0.1
2,134,7629,7629,2025-09-09T13:58:17Z,3783.0,3783.25,1564.76107,27.45852500000001,25.289580000000115,3,0.2,0.1
2,135,7651,7651,2025-09-09T13:58:19Z,3785.0,3785.9,1562.89923,25.59668499999998,19.98639000000003,3,0.2,0.1
2,136,7692,7692,2025-09-09T13:58:24Z,3790.0,3790.6,1546.81067,9.508125000000064,1.9431600000000344,3,0.2,0.1
2,137,7698,7698,2025-09-09T13:58:25Z,3791.0,3791.2,1555.90237,18.59982500000001,14.793139999999994,3,0.2,0.1
2,138,7708,7708,2025-09-09T13:58:26Z,3792.0,3792.222222222222,1565.25217,27.94962499999997,25.95569999999998,3,0.2,0.1
2,139,7726,7726,2025-09-09T13:58:28Z,3794.0,3794.1111111111113,1543.0836,5.781054999999924,0.19998999999984335,3,0.2,0.1
2,140,7734,7734,2025-09-09T13:58:28Z,3795.0,3795.0,1564.55019,27.24764499999992,23.469899999999825,3,0.2,0.1
2,141,7785,7785,2025-09-09T13:58:34Z,3800.0,3800.2,1546.80405,9.501504999999952,5.6180799999999635,3,0.2,0.1
2,142,7795,7795,2025-09-09T13:58:35Z,3801.0,3801.2,1565.25571,27.9531649999999,25.91307999999981,3,0.2,0.1
2,143,7822,7822,2025-09-09T13:58:37Z,3803.0,3803.9,1564.62112,27.31857500000001,21.807739999999967,3,0.2,0.1
2,144,7869,7869,2025-09-09T13:58:42Z,3808.0,3808.6,1554.4567,17.154154999999946,7.823869999999943,3,0.2,0.1
2,145,7876,7876,2025-09-09T13:58:43Z,3809.0,3809.3,1546.80698,9.504435000000058,5.539459999999963,3,0.2,0.1
2,146,7886,7886,2025-09-09T13:58:44Z,3810.0,3810.3,1565.25563,27.9530850000001,25.73449000000005,3,0.2,0.1
2,147,7913,7913,2025-09-09T13:58:46Z,3813.0,3813.0,1564.62099,27.318444999999883,21.813760000000002,3,0.2,0.1
2,148,7965,7965,2025-09-09T13:58:52Z,3818.0,3818.2,1552.71577,15.413225000000011,11.573090000000093,3,0.2,0.1
2,149,7976,7976,2025-09-09T13:58:53Z,3819.0,3819.3,1564.91204,27.609494999999924,25.384329999999864,3,0.2,0.1
2,150,8002,8002,2025-09-09T13:58:55Z,3822.0,3822.0,1564.62079,27.318244999999933,21.805249999999887,3,0.2,0.1
2,151,8237,8237,2025-09-09T13:59:22Z,3848.0,3848.5,1546.6303,9.327755000000025,3.535470000000032,3,0.2,0.1
2,152,8245,8245,2025-09-09T13:59:23Z,3849.0,3849.3,1552.7135,15.410955000000058,11.606480000000147,3,0.2,0.1
2,153,8264,8264,2025-09-09T13:59:25Z,3851.0,3851.2,1565.41798,28.115434999999934,26.12505999999985,3,0.2,0.1
2,154,8328,8328,2025-09-09T13:59:31Z,3857.0,3857.6,1554.95568,17.65313500000002,10.088380000000143,3,0.2,0.1
2,155,8335,8335,2025-09-09T13:59:32Z,3858.0,3858.3,1556.28727,18.984725000000026,15.371599999999944,3,0.2,0.1
2,156,8350,8350,2025-09-09T13:59:33Z,3859.0,3859.8,1565.2576,27.955054999999902,25.936429999999973,3,0.2,0.1
2,157,8370,8370,2025-09-09T13:59:35Z,3861.0,3861.8,1564.55027,27.247724999999946,6.253559999999879,3,0.2,0.1
2,158,8425,8425,2025-09-09T13:59:41Z,3867.0,3867.3,1552.71509,15.41254499999991,11.727579999999989,3,0.2,0.1
2,159,8440,8440,2025-09-09T13:59:42Z,3868.0,3868.8,1565.25317,27.950624999999945,25.843779999999924,3,0.2,0.1
2,160,8460,8460,2025-09-09T13:59:44Z,3870.0,3870.8,1560.6142,23.311654999999973,4.859390000000076,3,0.2,0.1
2,161,8507,8507,2025-09-09T13:59:50Z,3876.0,3876.285714285714,1546.80967,9.507125000000087,5.616539999999986,3,0.2,0.1
2,162,8519,8519,2025-09-09T13:59:51Z,3877.0,3877.875,1565.25508,27.952534999999898,25.86842999999999,3,0.2,0.1
2,163,8575,8575,2025-09-09T13:59:58Z,3884.0,3884.5555555555557,1554.95845,17.655905000000075,10.090810000000147,3,0.2,0.1
2,164,8581,8581,2025-09-09T13:59:59Z,3885.0,3885.25,1555.98647,18.683925000000045,15.025900000000092,3,0.2,0.1
2,165,8594,8594,2025-09-09T14:00:00Z,3886.0,3886.875,1565.25301,27.950464999999895,0.4970099999998183,3,0.2,0.1
2,166,8612,8612,2025-09-09T14:00:02Z,3888.0,3888.7,1565.82233,28.519784999999956,26.639310000000023,3,0.2,0.1
2,167,8667,8667,2025-09-09T14:00:08Z,3894.0,3894.222222222222,1546.80589,9.503345000000081,5.7993300000000545,3,0.2,0.1
2,168,8682,8682,2025-09-09T14:00:09Z,3895.0,3895.8,1565.25276,27.95021500000007,0.342640000000074,3,0.2,0.1
2,169,8690,8690,2025-09-09T14:00:10Z,3896.0,3896.6,1571.84768,34.54513500000007,32.88830000000007,3,0.2,0.1
2,170,8701,8701,2025-09-09T14:00:11Z,3897.0,3897.7,1564.62061,27.318064999999933,4.00612000000001,3,0.2,0.1
2,171,8756,8756,2025-09-09T14:00:17Z,3903.0,3903.3,1555.95367,18.651125000000093,15.08259000000021,3,0.2,0.1
2,172,8771,8771,2025-09-09T14:00:18Z,3904.0,3904.8,1565.25308,27.950534999999945,25.926130000000057,3,0.2,0.1
2,173,8778,8778,2025-09-09T14:00:19Z,3905.0,3905.5,1565.24853,27.945985000000064,0.3376700000001165,3,0.2,0.1
2,174,8792,8792,2025-09-09T14:00:20Z,3906.0,3906.9,1564.62079,27.318244999999933,16.02908000000002,3,0.2,0.1
2,175,8839,8839,2025-09-09T14:00:25Z,3911.0,3911.6,1554.97778,17.67523499999993,10.109749999999849,3,0.2,0.1
2,176,8846,8846,2025-09-09T14:00:26Z,3912.0,3912.3,1555.98543,18.682884999999942,15.014539999999897,3,0.2,0.1
2,177,8861,8861,2025-09-09T14:00:27Z,3913.0,3913.8,1565.24844,27.945895000000064,25.853990000000067,3,0.2,0.1
2,178,8882,8882,2025-09-09T14:00:29Z,3915.0,3915.9,1564.55086,27.248315000000048,23.466049999999996,3,0.2,0.1
2,179,8934,8934,2025-09-09T14:00:35Z,3921.0,3921.222222222222,1546.80377,9.501224999999977,5.894919999999956,3,0.2,0.1
2,180,8954,8954,2025-09-09T14:00:37Z,3923.0,3923.375,1565.24529,27.94274500000006,25.77157000000011,3,0.2,0.1
2,181,8967,8967,2025-09-09T14:00:38Z,3924.0,3924.8888888888887,1564.5502,27.247654999999895,9.92138,3,0.2,0.1
2,182,9014,9014,2025-09-09T14:00:44Z,3930.0,3930.3333333333335,1546.80425,9.501704999999902,5.776229999999941,3,0.2,0.1
2,183,9029,9029,2025-09-09T14:00:46Z,3932.0,3932.222222222222,1565.249,27.946455000000014,0.6217699999999695,3,0.2,0.1
2,184,9042,9042,2025-09-09T14:00:47Z,3933.0,3933.75,1565.82286,28.520314999999982,26.554669999999987,3,0.2,0.1
2,185,9308,9308,2025-09-09T14:01:15Z,3961.0,3961.6,1562.44589,25.143344999999954,17.577859999999873,3,0.2,0.1
2,186,9316,9316,2025-09-09T14:01:16Z,3962.0,3962.4444444444443,1547.22878,9.926234999999906,6.318759999999884,3,0.2,0.1
2,187,9348,9348,2025-09-09T14:01:19Z,3965.0,3965.6,1554.54626,17.243715000000066,15.051120000000083,3,0.2,0.1
2,188,9398,9398,2025-09-09T14:01:24Z,3970.0,3970.6666666666665,1548.58059,11.27804500000002,3.7115499999999884,3,0.2,0.1
2,189,9405,9405,2025-09-09T14:01:25Z,3971.0,3971.4,1556.11105,18.80850499999997,15.173119999999926,3,0.2,0.1
2,190,9430,9430,2025-09-09T14:01:28Z,3974.0,3974.375,1562.87894,25.576395000000048,23.556929999999966,3,0.2,0.1
2,191,9481,9481,2025-09-09T14:01:34Z,3980.0,3980.5,1562.4172,25.114655000000084,21.456770000000006,3,0.2,0.1
2,192,9513,9513,2025-09-09T14:01:37Z,3983.0,3983.7,1566.78629,29.483745,27.620049999999992,3,0.2,0.1
2,193,9556,9556,2025-09-09T14:01:42Z,3988.0,3988.5555555555557,1554.97078,17.668235000000095,10.101440000000139,3,0.2,0.1
2,194,9564,9564,2025-09-09T14:01:43Z,3989.0,3989.4,1552.74507,15.442524999999932,11.878729999999905,3,0.2,0.1
2,195,9588,9588,2025-09-09T14:01:45Z,3991.0,3991.8,1554.5785,17.275955000000067,9.717690000000175,3,0.2,0.1
2,196,9597,9597,2025-09-09T14:01:46Z,3992.0,3992.7,1560.94136,23.638815000000022,21.797880000000077,3,0.2,0.1
2,197,9644,9644,2025-09-09T14:01:51Z,3997.0,3997.5,1554.44771,17.145164999999906,9.578039999999874,3,0.2,0.1
2,198,9653,9653,2025-09-09T14:01:52Z,3998.0,3998.4,1548.58034,11.27779499999997,7.717899999999872,3,0.2,0.1
2,199,9684,9684,2025-09-09T14:01:55Z,4001.0,4001.7,1558.78121,21.478665000000092,13.911830000000009,3,0.2,0.1
2,200,9733,9733,2025-09-09T14:02:00Z,4006.0,4006.6,1558.78308,21.480534999999918,19.46701999999982,3,0.2,0.1
2,201,9742,9742,2025-09-09T14:02:01Z,4007.0,4007.5,1552.71613,15.413585000000012,11.890900000000101,3,0.2,0.1
2,202,9774,9774,2025-09-09T14:02:04Z,4010.0,4010.7,1558.78042,21.47787500000004,19.606199999999944,3,0.2,0.1
2,203,9823,9823,2025-09-09T14:02:09Z,4015.0,4015.6,1548.58174,11.279195000000072,3.7120400000001155,3,0.2,0.1
2,204,9831,9831,2025-09-09T14:02:10Z,4016.0,4016.4,1552.74477,15.442225000000008,11.88648000000012,3,0.2,0.1
2,205,9864,9864,2025-09-09T14:02:13Z,4019.0,4019.7,1564.54879,27.246245000000044,25.23980000000006,3,0.2,0.1
2,206,9913,9913,2025-09-09T14:02:19Z,4025.0,4025.285714285714,1546.79694,9.49439499999994,5.841480000000047,3,0.2,0.1
2,207,9937,9937,2025-09-09T14:02:22Z,4028.0,4028.3333333333335,1554.57543,17.272885000000088,15.207610000000159,3,0.2,0.1
2,208,9984,9984,2025-09-09T14:02:27Z,4033.0,4033.5555555555557,1554.4403,17.13775499999997,9.57131000000004,3,0.2,0.1
2,209,9992,9992,2025-09-09T14:02:28Z,4034.0,4034.4,1556.08553,18.782985000000053,15.264959999999974,3,0.2,0.1
2,210,10024,10024,2025-09-09T14:02:31Z,4037.0,4037.6666666666665,1565.82226,28.519714999999906,26.76037999999994,3,0.2,0.1
2,211,10073,10073,2025-09-09T14:02:36Z,4042.0,4042.6,1555.0644,17.76185499999997,10.194809999999961,3,0.2,0.1
2,212,10081,10081,2025-09-09T14:02:37Z,4043.0,4043.4,1552.74051,15.437965000000077,11.873030000000199,3,0.2,0.1
2,213,10108,10108,2025-09-09T14:02:40Z,4046.0,4046.1,1552.7243,15.421755000000076,4.133930000000191,3,0.2,0.1
2,214,10114,10114,2025-09-09T14:02:40Z,4046.0,4046.7,1564.54933,27.246785000000045,25.3581200000001,3,0.2,0.1
2,215,10349,10349,2025-09-09T14:03:04Z,4070.0,4070.6666666666665,1560.32113,23.01858500000003,19.559060000000045,3,0.2,0.1
2,216,10374,10374,2025-09-09T14:03:07Z,4073.0,4073.5,1562.59483,25.292284999999993,23.46241000000009,3,0.2,0.1
2,217,10421,10421,2025-09-09T14:03:12Z,4078.0,4078.7,1548.58009,11.277544999999918,3.7118399999999383,3,0.2,0.1
2,218,10431,10431,2025-09-09T14:03:13Z,4079.0,4079.7,1560.32507,23.022525000000087,19.458990000000085,3,0.2,0.1
2,219,10458,10458,2025-09-09T14:03:16Z,4082.0,4082.6666666666665,1564.54963,27.24708499999997,25.4540199999999,3,0.2,0.1
2,220,10516,10516,2025-09-09T14:03:22Z,4088.0,4088.6,1566.83953,29.53698499999996,27.727449999999862,3,0.2,0.1
2,221,10545,10545,2025-09-09T14:03:25Z,4091.0,4091.6,1558.78038,21.477834999999914,18.035879999999906,3,0.2,0.1
2,222,10595,10595,2025-09-09T14:03:30Z,4096.0,4096.6,1555.07592,17.773374999999987,10.207349999999906,3,0.2,0.1
2,223,10605,10605,2025-09-09T14:03:31Z,4097.0,4097.6,1567.44142,30.1388750000001,28.37381000000005,3,0.2,0.1
2,224,10635,10635,2025-09-09T14:03:34Z,4100.0,4100.6,1554.69909,17.39654500000006,13.91847000000007,3,0.2,0.1
2,225,10685,10685,2025-09-09T14:03:39Z,4105.0,4105.6,1554.46361,17.161065000000008,9.595289999999977,3,0.2,0.1
2,226,10696,10696,2025-09-09T14:03:40Z,4106.0,4106.7,1562.41982,25.117275000000063,21.68371000000002,3,0.2,0.1
2,227,10725,10725,2025-09-09T14:03:43Z,4109.0,4109.7,1565.82181,28.519264999999905,26.42224999999985,3,0.2,0.1
2,228,10778,10778,2025-09-09T14:03:49Z,4115.0,4115.6,1566.84599,29.54344500000002,27.71623999999997,3,0.2,0.1
2,229,10800,10800,2025-09-09T14:03:52Z,4118.0,4118.333333333333,1562.88034,25.577794999999924,22.13117999999986,3,0.2,0.1
2,230,10844,10844,2025-09-09T14:03:57Z,4123.0,4123.666666666667,1548.58019,11.277644999999893,3.711559999999963,3,0.2,0.1
2,231,10852,10852,2025-09-09T14:03:58Z,4124.0,4124.555555555556,1552.74132,15.438775000000078,12.074749999999995,3,0.2,0.1
2,232,10880,10880,2025-09-09T14:04:01Z,4127.0,4127.6,1554.6957,17.39315499999998,15.355330000000095,3,0.2,0.1
2,233,10929,10929,2025-09-09T14:04:06Z,4132.0,4132.6,1554.45983,17.157285,9.591180000000122,3,0.2,0.1
2,234,10939,10939,2025-09-09T14:04:07Z,4133.0,4133.666666666667,1562.41975,25.117205000000013,23.235760000000028,3,0.2,0.1
2,235,10969,10969,2025-09-09T14:04:10Z,4136.0,4136.7,1558.78162,21.479074999999966,18.04638,3,0.2,0.1
2,236,11018,11018,2025-09-09T14:04:15Z,4141.0,4141.6,1555.03751,17.734965000000102,10.16849000000002,3,0.2,0.1
2,237,11028,11028,2025-09-09T14:04:16Z,4142.0,4142.6,1567.43648,30.133935000000065,28.279179999999997,3,0.2,0.1
2,238,11058,11058,2025-09-09T14:04:19Z,4145.0,4145.6,1560.9395,23.636954999999944,20.19652999999994,3,0.2,0.1
2,239,11107,11107,2025-09-09T14:04:24Z,4150.0,4150.5,1554.79249,17.489945000000034,9.922929999999951,3,0.2,0.1
2,240,11118,11118,2025-09-09T14:04:25Z,4151.0,4151.6,1562.41986,25.117314999999962,21.75472999999988,3,0.2,0.1
2,241,11148,11148,2025-09-09T14:04:28Z,4154.0,4154.777777777777,1562.87747,25.574924999999894,23.66337999999996,3,0.2,0.1
2,242,11288,11288,2025-09-09T14:04:44Z,4170.0,4170.777777777777,1548.57986,11.277315000000044,3.709820000000036,3,0.2,0.1
2,243,11300,11300,2025-09-09T14:04:45Z,4172.0,4172.0,1567.45047,30.147924999999987,28.35689000000002,3,0.2,0.1
2,244,11326,11326,2025-09-09T14:04:48Z,4174.0,4174.666666666667,1560.92664,23.624094999999897,20.350799999999936,3,0.2,0.1
2,245,11373,11373,2025-09-09T14:04:53Z,4179.0,4179.6,1558.78263,21.480084999999917,13.913270000000011,3,0.2,0.1
2,246,11387,11387,2025-09-09T14:04:54Z,4181.0,4181.0,1567.44127,30.138725000000022,28.33730000000014,3,0.2,0.1
2,247,11413,11413,2025-09-09T14:04:57Z,4183.0,4183.6,1554.7106,17.408055000000104,9.841060000000198,3,0.2,0.1
2,248,11463,11463,2025-09-09T14:05:02Z,4188.0,4188.7,1554.98024,17.677695000000085,14.394890000000032,3,0.2,0.1
2,249,11475,11475,2025-09-09T14:05:03Z,4189.0,4189.9,1567.45229,30.14974499999994,28.39481999999998,3,0.2,0.1
2,250,11502,11502,2025-09-09T14:05:06Z,4192.0,4192.7,1554.70468,17.402135000000044,9.835280000000012,3,0.2,0.1
2,251,11551,11551,2025-09-09T14:05:11Z,4197.0,4197.6,1558.78642,21.483874999999898,18.214749999999867,3,0.2,0.1
2,252,11565,11565,2025-09-09T14:05:12Z,4199.0,4199.0,1566.8449,29.542355000000043,27.748960000000125,3,0.2,0.1
2,253,11591,11591,2025-09-09T14:05:15Z,4201.0,4201.6,1562.87854,25.57599499999992,22.297149999999874,3,0.2,0.1
2,254,11649,11649,2025-09-09T14:05:21Z,4207.0,4207.777777777777,1567.45008,30.14753500000006,28.13806999999997,3,0.2,0.1
2,255,11674,11674,2025-09-09T14:05:24Z,4210.0,4210.555555555556,1563.04452,25.74197499999991,22.445459999999912,3,0.2,0.1
2,256,11719,11719,2025-09-09T14:05:29Z,4215.0,4215.7,1554.70064,17.398095000000012,9.83116999999993,3,0.2,0.1
2,257,11732,11732,2025-09-09T14:05:31Z,4217.0,4217.1,1568.19577,30.89322500000003,29.129630000000134,3,0.2,0.1
2,258,11769,11769,2025-09-09T14:05:34Z,4221.0,4221.0,1546.63588,9.333335000000034,1.7663700000000517,3,0.2,0.1
2,259,11805,11805,2025-09-09T14:05:38Z,4224.0,4224.6,1564.52823,27.225684999999885,23.94119999999998,3,0.2,0.1
2,260,11819,11819,2025-09-09T14:05:39Z,4226.0,4226.0,1568.20016,30.897615000000087,29.17163000000005,3,0.2,0.1
2,261,11843,11843,2025-09-09T14:05:42Z,4228.0,4228.4,1562.87915,25.576604999999972,22.302059999999983,3,0.2,0.1
2,262,11895,11895,2025-09-09T14:05:47Z,4233.0,4233.6,1560.94794,23.645395000000008,16.0782200000001,3,0.2,0.1
2,263,11907,11907,2025-09-09T14:05:48Z,4234.0,4234.8,1567.45881,30.156265000000076,28.484810000000152,3,0.2,0.1
2,264,11935,11935,2025-09-09T14:05:51Z,4237.0,4237.6,1554.64719,17.3446449999999,9.777199999999993,3,0.2,0.1
2,265,11986,11986,2025-09-09T14:05:56Z,4242.0,4242.7,1555.08568,17.783134999999902,14.505359999999882,3,0.2,0.1
2,266,12000,12000,2025-09-09T14:05:58Z,4244.0,4244.1,1567.43611,30.13356500000009,28.324310000000196,3,0.2,0.1
2,267,12026,12026,2025-09-09T14:06:00Z,4246.0,4246.7,1554.70285,17.40030499999989,14.120979999999918,3,0.2,0.1
2,268,12072,12072,2025-09-09T14:06:05Z,4251.0,4251.555555555556,1554.47119,17.16864499999997,9.601429999999937,3,0.2,0.1
2,269,12085,12085,2025-09-09T14:06:06Z,4252.0,4252.9,1567.4503,30.14775499999996,26.86347999999998,3,0.2,0.1
2,270,12107,12107,2025-09-09T14:06:09Z,4255.0,4255.6,1560.92669,23.624145,16.057559999999967,3,0.2,0.1
3,0,95,95,2025-09-09T13:44:58Z,2985.0,2985.0,1525.06992,1.0231199999998353,1.018479999999954,3,0.2,0.1
3,1,174,174,2025-09-09T13:45:08Z,2994.0,2994.222222222222,1525.07708,1.030279999999948,1.0306299999999737,3,0.2,0.1
3,2,259,259,2025-09-09T13:45:17Z,3003.0,3003.1,1525.07229,1.0254899999999907,1.0188399999999547,3,0.2,0.1
3,3,350,350,2025-09-09T13:45:26Z,3012.0,3012.2,1525.06789,1.0210899999999583,1.0134299999999712,3,0.2,0.1
3,4,440,440,2025-09-09T13:45:35Z,3021.0,3021.2,1525.06199,1.0151899999998477,1.0069200000000365,3,0.2,0.1
3,5,529,529,2025-09-09T13:45:44Z,3030.0,3030.1,1525.0569,1.0100999999999658,1.0018400000001293,3,0.2,0.1
3,6,614,614,2025-09-09T13:45:53Z,3039.0,3039.222222222222,1525.05287,1.0060699999999088,0.9975999999999203,3,0.2,0.1
3,7,696,696,2025-09-09T13:46:02Z,3048.0,3048.2,1525.04993,1.0031299999998282,0.9946899999999914,3,0.2,0.1
3,8,781,781,2025-09-09T13:46:11Z,3057.0,3057.1,1525.04671,0.9999099999999999,0.991320000000087,3,0.2,0.1
3,9,872,872,2025-09-09T13:46:20Z,3066.0,3066.2,1525.04392,0.9971199999999953,0.9887600000001839,3,0.2,0.1
3,10,1268,1268,2025-09-09T13:47:02Z,3108.0,3108.2,1525.18062,1.1338200000000143,1.1303800000000592,3,0.2,0.1
3,11,1357,1357,2025-09-09T13:47:11Z,3117.0,3117.1,1525.18378,1.136979999999994,1.1319300000000112,3,0.2,0.1
3,12,1443,1443,2025-09-09T13:47:20Z,3126.0,3126.1111111111113,1525.18309,1.1362899999999172,1.1303199999999833,3,0.2,0.1
3,13,1527,1527,2025-09-09T13:47:29Z,3135.0,3135.1111111111113,1525.18464,1.1378399999998692,1.131099999999833,3,0.2,0.1
3,14,1614,1614,2025-09-09T13:47:38Z,3144.0,3144.1,1525.18613,1.1393299999999726,1.1327900000001137,3,0.2,0.1
3,15,1702,1702,2025-09-09T13:47:47Z,3153.0,3153.181818181818,1525.18632,1.1395199999999477,1.1327799999999115,3,0.2,0.1
3,16,1792,1792,2025-09-09T13:47:56Z,3162.0,3162.125,1525.18806,1.1412599999998747,1.1342899999999645,3,0.2,0.1
3,17,1870,1870,2025-09-09T13:48:05Z,3171.0,3171.222222222222,1525.18996,1.1431599999998525,1.1433099999999286,3,0.2,0.1
3,18,1949,1949,2025-09-09T13:48:14Z,3180.0,3180.222222222222,1525.18996,1.1431599999998525,1.1433099999999286,3,0.2,0.1
3,19,2036,2036,2025-09-09T13:48:23Z,3189.0,3189.1,1525.18969,1.142889999999852,1.1361299999998664,3,0.2,0.1
3,20,2229,2229,2025-09-09T13:48:44Z,3210.0,3210.1111111111113,1525.28484,1.2380399999999554,1.2398299999999836,3,0.2,0.1
3,21,2312,2312,2025-09-09T13:48:53Z,3219.0,3219.1111111111113,1525.28403,1.237229999999954,1.2332300000000487,3,0.2,0.1
3,22,2399,2399,2025-09-09T13:49:02Z,3228.0,3228.1,1525.28039,1.2335899999998219,1.228199999999788,3,0.2,0.1
3,23,2490,2490,2025-09-09T13:49:11Z,3237.0,3237.2,1525.2783,1.231499999999869,1.22562999999991,3,0.2,0.1
3,24,2579,2579,2025-09-09T13:49:20Z,3246.0,3246.1,1525.27317,1.2263699999998607,1.2192800000000261,3,0.2,0.1
3,25,2655,2655,2025-09-09T13:49:29Z,3255.0,3255.1111111111113,1525.2725,1.2256999999999607,1.2176200000001245,3,0.2,0.1
3,26,2736,2736,2025-09-09T13:49:38Z,3264.0,3264.222222222222,1525.26686,1.2200599999998758,1.212350000000015,3,0.2,0.1
3,27,2816,2816,2025-09-09T13:49:47Z,3273.0,3273.1111111111113,1525.25914,1.2123399999998128,1.204819999999927,3,0.2,0.1
3,28,2905,2905,2025-09-09T13:49:56Z,3282.0,3282.1,1525.25067,1.2038699999998244,1.1969899999999143,3,0.2,0.1
3,29,2996,2996,2025-09-09T13:50:05Z,3291.0,3291.2,1525.24315,1.1963499999999385,1.1902999999999793,3,0.2,0.1
3,30,3183,3183,2025-09-09T13:50:24Z,3311.0,3311.0,1525.37052,1.3237199999998666,1.3256999999998698,3,0.2,0.1
3,31,3266,3266,2025-09-09T13:50:34Z,3320.0,3320.0,1525.36172,1.3149200000000292,1.3127300000001014,3,0.2,0.1
3,32,3356,3356,2025-09-09T13:50:43Z,3329.0,3329.181818181818,1525.35132,1.3045199999999113,1.3016600000000835,3,0.2,0.1
3,33,3446,3446,2025-09-09T13:50:52Z,3338.0,3338.1,1525.34379,1.2969899999998233,1.2936999999999443,3,0.2,0.1
3,34,3531,3531,2025-09-09T13:51:01Z,3347.0,3347.3,1525.33711,1.290309999999863,1.2869599999999082,3,0.2,0.1
3,35,3608,3608,2025-09-09T13:51:10Z,3356.0,3356.1111111111113,1525.32601,1.279209999999921,1.275920000000042,3,0.2,0.1
3,36,3685,3685,2025-09-09T13:51:19Z,3365.0,3365.1,1525.31824,1.2714399999999841,1.2684500000000298,3,0.2,0.1
3,37,3771,3771,2025-09-09T13:51:28Z,3374.0,3374.0,1525.30227,1.255469999999832,1.2527199999999539,3,0.2,0.1
3,38,3860,3860,2025-09-09T13:51:37Z,3383.0,3383.1,1525.28388,1.237079999999878,1.2347999999999502,3,0.2,0.1
3,39,3949,3949,2025-09-09T13:51:46Z,3392.0,3392.1,1525.27231,1.2255099999999857,1.2235399999999572,3,0.2,0.1
3,40,4174,4174,2025-09-09T13:52:11Z,3417.0,3417.1111111111113,1525.39105,1.3442499999998745,1.35024999999996,3,0.2,0.1
3,41,4257,4257,2025-09-09T13:52:19Z,3426.0,3426.0,1525.37519,1.3283899999998994,1.3313200000000052,3,0.2,0.1
3,42,4346,4346,2025-09-09T13:52:29Z,3435.0,3435.1,1525.36062,1.3138199999998506,1.3154299999998784,3,0.2,0.1
3,43,4434,4434,2025-09-09T13:52:38Z,3444.0,3444.1,1525.34331,1.2965099999998984,1.297550000000001,3,0.2,0.1
3,44,4517,4517,2025-09-09T13:52:47Z,3453.0,3453.0,1525.32747,1.2806699999998727,1.2813799999998992,3,0.2,0.1
3,45,4595,4595,2025-09-09T13:52:56Z,3462.0,3462.222222222222,1525.31914,1.2723399999999856,1.2723900000000867,3,0.2,0.1
3,46,4675,4675,2025-09-09T13:53:05Z,3471.0,3471.1,1525.30298,1.2561799999998584,1.2558599999999842,3,0.2,0.1
3,47,4765,4765,2025-09-09T13:53:14Z,3480.0,3480.1,1525.27465,1.2278499999999894,1.227980000000116,3,0.2,0.1
3,48,4856,4856,2025-09-09T13:53:23Z,3489.0,3489.2,1525.25722,1.2104199999998855,1.210550000000012,3,0.2,0.1
3,49,4942,4942,2025-09-09T13:53:32Z,3498.0,3498.1,1525.2377,1.1908999999998287,1.1909999999998035,3,0.2,0.1
3,50,5110,5110,2025-09-09T13:53:50Z,3516.0,3516.1,1525.33221,1.2854099999999562,1.2876300000000356,3,0.2,0.1
3,51,5200,5200,2025-09-09T13:53:59Z,3525.0,3525.1,1525.31221,1.2654099999999744,1.266650000000027,3,0.2,0.1
3,52,5290,5290,2025-09-09T13:54:08Z,3534.0,3534.1,1525.27724,1.2304399999998168,1.2311499999998432,3,0.2,0.1
3,53,5378,5378,2025-09-09T13:54:17Z,3543.0,3543.1,1525.25685,1.2100499999999101,1.2107499999999618,3,0.2,0.1
3,54,5456,5456,2025-09-09T13:54:26Z,3552.0,3552.1111111111113,1525.23634,1.1895399999998517,1.1899799999998777,3,0.2,0.1
3,55,5524,5524,2025-09-09T13:54:33Z,3559.0,3559.777777777778,1552.69615,28.649349999999913,28.335759999999937,3,0.2,0.1
3,56,5544,5544,2025-09-09T13:54:35Z,3561.0,3561.8888888888887,1579.64103,55.594229999999925,55.60184000000004,3,0.2,0.1
3,57,5554,5554,2025-09-09T13:54:36Z,3562.0,3562.9,1573.3890299999998,49.342229999999745,59.09065999999984,3,0.2,0.1
3,58,5563,5563,2025-09-09T13:54:37Z,3563.0,3563.8,1571.53395,47.48714999999993,0.9797600000001694,3,0.2,0.1
3,59,5591,5591,2025-09-09T13:54:40Z,3566.0,3566.6,1566.3363450000002,42.28954500000009,41.90317500000015,3,0.2,0.1
3,60,5598,5598,2025-09-09T13:54:41Z,3567.0,3567.3,1560.30273,36.255930000000035,35.47266000000013,3,0.2,0.1
3,61,5609,5609,2025-09-09T13:54:42Z,3568.0,3568.4,1567.33433,43.28752999999983,43.07110999999986,3,0.2,0.1
3,62,5631,5631,2025-09-09T13:54:44Z,3570.0,3570.6,1535.58859,11.541789999999992,10.44055000000003,3,0.2,0.1
3,63,5636,5636,2025-09-09T13:54:45Z,3571.0,3571.1,1581.40918,57.36238000000003,71.25935500000014,3,0.2,0.1
3,64,5662,5662,2025-09-09T13:54:47Z,3573.0,3573.7,1573.54738,49.5005799999999,54.7174,3,0.2,0.1
3,65,5687,5687,2025-09-09T13:54:50Z,3576.0,3576.2,1562.781055,38.73425499999985,38.42050499999982,3,0.2,0.1
3,66,5698,5698,2025-09-09T13:54:51Z,3577.0,3577.3,1538.3957249999999,14.348924999999781,14.108534999999847,3,0.2,0.1
3,67,5718,5718,2025-09-09T13:54:53Z,3579.0,3579.3,1534.41035,10.363550000000032,9.324110000000019,3,0.2,0.1
3,68,5724,5724,2025-09-09T13:54:53Z,3579.0,3579.9,1584.40332,60.35651999999982,74.25375999999983,3,0.2,0.1
3,69,5771,5771,2025-09-09T13:54:58Z,3584.0,3584.6,1576.32036,52.27355999999986,64.03575999999998,3,0.2,0.1
3,70,5778,5778,2025-09-09T13:54:59Z,3585.0,3585.3,1562.60108,38.554279999999835,38.1862900000001,3,0.2,0.1
3,71,5781,5781,2025-09-09T13:54:59Z,3585.0,3585.6,1528.753705,4.706905000000006,3.956835000000183,3,0.2,0.1
3,72,5785,5785,2025-09-09T13:54:59Z,3586.0,3586.0,1532.71054,8.663739999999962,7.913670000000138,3,0.2,0.1
3,73,5789,5789,2025-09-09T13:55:00Z,3586.0,3586.4,1542.074175,18.027374999999893,17.796145000000024,3,0.2,0.1
3,74,5808,5808,2025-09-09T13:55:02Z,3588.0,3588.4,1538.78139,14.734590000000026,13.710830000000215,3,0.2,0.1
3,75,5815,5815,2025-09-09T13:55:03Z,3589.0,3589.1111111111113,1584.33778,60.29097999999999,60.05411000000004,3,0.2,0.1
3,76,5854,5854,2025-09-09T13:55:07Z,3593.0,3593.8571428571427,1539.8318100000001,15.785010000000057,15.382690000000139,3,0.2,0.1
3,77,5857,5857,2025-09-09T13:55:08Z,3594.0,3594.222222222222,1576.23224,52.18543999999997,51.78312000000005,3,0.2,0.1
3,78,5860,5860,2025-09-09T13:55:08Z,3594.0,3594.5555555555557,1538.73369,14.686889999999948,13.97149000000013,3,0.2,0.1
3,79,5865,5865,2025-09-09T13:55:09Z,3595.0,3595.1428571428573,1575.36938,51.322580000000016,50.6071800000002,3,0.2,0.1
3,80,5883,5883,2025-09-09T13:55:11Z,3597.0,3597.3,1534.4108,10.364000000000033,9.347600000000057,3,0.2,0.1
3,81,5891,5891,2025-09-09T13:55:12Z,3598.0,3598.1428571428573,1584.40367,60.356869999999844,74.25482999999986,3,0.2,0.1
3,82,5985,5985,2025-09-09T13:55:23Z,3609.0,3609.1,1575.023115,50.976314999999886,50.593255,3,0.2,0.1
3,83,6013,6013,2025-09-09T13:55:25Z,3611.0,3611.9,1536.281285,12.23448499999995,11.851425000000063,3,0.2,0.1
3,84,6017,6017,2025-09-09T13:55:26Z,3612.0,3612.3,1558.66162,34.61482000000001,33.90703000000008,3,0.2,0.1
3,85,6026,6026,2025-09-09T13:55:27Z,3613.0,3613.2,1579.69153,55.64472999999998,55.42067999999995,3,0.2,0.1
3,86,6050,6050,2025-09-09T13:55:29Z,3615.0,3615.6,1551.9886900000001,27.941890000000058,26.957420000000184,3,0.2,0.1
3,87,6067,6067,2025-09-09T13:55:31Z,3617.0,3617.3,1581.409505,57.362705000000005,57.11811499999999,3,0.2,0.1
3,88,6107,6107,2025-09-09T13:55:35Z,3621.0,3621.3,1543.7921999999999,19.74539999999979,19.05087999999978,3,0.2,0.1
3,89,6117,6117,2025-09-09T13:55:36Z,3622.0,3622.3333333333335,1576.31867,52.271870000000035,51.95616000000018,3,0.2,0.1
3,90,6143,6143,2025-09-09T13:55:39Z,3625.0,3625.222222222222,1584.40359,60.35678999999982,72.13410999999996,3,0.2,0.1
3,91,6193,6193,2025-09-09T13:55:44Z,3630.0,3630.4,1524.69312,0.6463199999998324,0.3153299999999035,3,0.2,0.1
3,92,6196,6196,2025-09-09T13:55:44Z,3630.0,3630.7,1524.69312,0.6463199999998324,0.3153299999999035,3,0.2,0.1
3,93,6201,6201,2025-09-09T13:55:45Z,3631.0,3631.222222222222,1542.83338,18.786579999999958,18.177224999999908,3,0.2,0.1
3,94,6226,6226,2025-09-09T13:55:47Z,3633.0,3633.8,1577.94062,53.893820000000005,53.88190000000009,3,0.2,0.1
3,95,6239,6239,2025-09-09T13:55:49Z,3635.0,3635.1,1543.0876,19.04079999999999,10.355109999999968,3,0.2,0.1
3,96,6273,6273,2025-09-09T13:55:52Z,3638.0,3638.5,1543.17397,19.12716999999998,18.79715999999985,3,0.2,0.1
3,97,6280,6280,2025-09-09T13:55:53Z,3639.0,3639.2,1546.84267,22.795869999999923,22.153800000000047,3,0.2,0.1
3,98,6291,6291,2025-09-09T13:55:54Z,3640.0,3640.3,1562.91913,38.87232999999992,37.9830199999999,3,0.2,0.1
3,99,6319,6319,2025-09-09T13:55:57Z,3643.0,3643.1111111111113,1562.89851,38.85170999999991,10.50900999999999,3,0.2,0.1
3,100,6328,6328,2025-09-09T13:55:58Z,3644.0,3644.1428571428573,1581.40948,57.362679999999955,61.03917999999999,3,0.2,0.1
3,101,6364,6364,2025-09-09T13:56:02Z,3648.0,3648.3,1537.7405199999998,13.693719999999757,0.11974499999996624,3,0.2,0.1
3,102,6370,6370,2025-09-09T13:56:02Z,3648.0,3648.9,1538.76747,14.720669999999927,14.086704999999938,3,0.2,0.1
3,103,6393,6393,2025-09-09T13:56:05Z,3651.0,3651.7,1562.89059,38.8437899999999,38.26166999999987,3,0.2,0.1
3,104,6416,6416,2025-09-09T13:56:08Z,3654.0,3654.4,1544.86808,20.821279999999888,14.736879999999928,3,0.2,0.1
3,105,6425,6425,2025-09-09T13:56:09Z,3655.0,3655.3,1544.86749,20.820690000000013,1.7722600000001876,3,0.2,0.1
3,106,6440,6440,2025-09-09T13:56:10Z,3657.0,3657.0,1544.87898,20.83217999999988,20.21600999999987,3,0.2,0.1
3,107,6450,6450,2025-09-09T13:56:12Z,3658.0,3658.0,1558.69426,34.64745999999991,34.64023999999995,3,0.2,0.1
3,108,6472,6472,2025-09-09T13:56:14Z,3660.0,3660.625,1554.595,30.54819999999995,29.636739999999918,3,0.2,0.1
3,109,6498,6498,2025-09-09T13:56:17Z,3663.0,3663.5,1544.94997,20.903169999999818,20.551169999999956,3,0.2,0.1
3,110,6517,6517,2025-09-09T13:56:19Z,3665.0,3665.4,1544.8678,20.820999999999913,14.736869999999954,3,0.2,0.1
3,111,6525,6525,2025-09-09T13:56:20Z,3666.0,3666.2,1543.07714,19.030340000000024,18.41858000000002,3,0.2,0.1
3,112,6535,6535,2025-09-09T13:56:21Z,3667.0,3667.2,1560.28406,36.23725999999988,35.99530000000004,3,0.2,0.1
3,113,6562,6562,2025-09-09T13:56:23Z,3669.0,3669.9,1560.60928,36.56247999999982,40.23894999999993,3,0.2,0.1
3,114,6591,6591,2025-09-09T13:56:26Z,3672.0,3672.8,1544.95008,20.903279999999995,14.828770000000077,3,0.2,0.1
3,115,6606,6606,2025-09-09T13:56:28Z,3674.0,3674.3,1544.868,20.821199999999862,14.737049999999954,3,0.2,0.1
3,116,6615,6615,2025-09-09T13:56:29Z,3675.0,3675.2,1550.81699,26.770189999999957,26.174729999999954,3,0.2,0.1
3,117,6623,6623,2025-09-09T13:56:29Z,3676.0,3676.0,1560.63752,36.59071999999992,35.71118000000001,3,0.2,0.1
3,118,6652,6652,2025-09-09T13:56:32Z,3678.0,3678.9,1562.89808,38.85127999999986,42.52719999999999,3,0.2,0.1
3,119,6685,6685,2025-09-09T13:56:36Z,3682.0,3682.2,1544.86817,20.821369999999888,20.485770000000002,3,0.2,0.1
3,120,6697,6697,2025-09-09T13:56:37Z,3683.0,3683.4,1544.86795,20.82114999999999,14.737420000000157,3,0.2,0.1
3,121,6704,6704,2025-09-09T13:56:38Z,3684.0,3684.1,1543.07625,19.029449999999997,18.44990000000007,3,0.2,0.1
3,122,6714,6714,2025-09-09T13:56:39Z,3685.0,3685.1,1560.28333,36.2365299999999,36.23036000000002,3,0.2,0.1
3,123,6739,6739,2025-09-09T13:56:41Z,3687.0,3687.777777777778,1552.53697,28.490170000000035,27.656470000000127,3,0.2,0.1
3,124,6769,6769,2025-09-09T13:56:45Z,3691.0,3691.4444444444443,1544.9505,20.903699999999844,20.898050000000012,3,0.2,0.1
3,125,6778,6778,2025-09-09T13:56:46Z,3692.0,3692.4444444444443,1530.1306,6.083799999999883,5.81601999999998,3,0.2,0.1
3,126,6792,6792,2025-09-09T13:56:48Z,3694.0,3694.25,1560.28398,36.23717999999985,35.40832999999998,3,0.2,0.1
3,127,6817,6817,2025-09-09T13:56:50Z,3697.0,3697.0,1562.89801,38.85121000000004,38.84644000000003,3,0.2,0.1
3,128,6849,6849,2025-09-09T13:56:54Z,3700.0,3700.5555555555557,1544.94969,20.902889999999843,20.898230000000012,3,0.2,0.1
3,129,6873,6873,2025-09-09T13:56:57Z,3703.0,3703.1,1544.86759,20.820789999999988,20.816370000000006,3,0.2,0.1
3,130,7194,7194,2025-09-09T13:57:30Z,3736.0,3736.5555555555557,1546.813,22.766200000000026,22.051320000000032,3,0.2,0.1
3,131,7207,7207,2025-09-09T13:57:32Z,3738.0,3738.222222222222,1559.32929,35.282489999999825,35.27714999999989,3,0.2,0.1
3,132,7230,7230,2025-09-09T13:57:34Z,3740.0,3740.75,1558.78432,34.737519999999904,33.77491000000009,3,0.2,0.1
3,133,7241,7241,2025-09-09T13:57:35Z,3742.0,3742.0,1544.8684,20.82159999999999,20.471270000000004,3,0.2,0.1
3,134,7278,7278,2025-09-09T13:57:40Z,3746.0,3746.2,1544.95474,20.907939999999826,20.21903999999995,3,0.2,0.1
3,135,7287,7287,2025-09-09T13:57:41Z,3747.0,3747.1,1561.1134550000002,37.06665500000008,37.06280500000025,3,0.2,0.1
3,136,7312,7312,2025-09-09T13:57:43Z,3749.0,3749.6,1558.78661,34.739810000000034,33.767570000000205,3,0.2,0.1
3,137,7331,7331,2025-09-09T13:57:45Z,3751.0,3751.6,1544.86828,20.821479999999838,20.81585999999993,3,0.2,0.1
3,138,7344,7344,2025-09-09T13:57:46Z,3753.0,3753.0,1544.86841,20.821609999999964,20.45571999999993,3,0.2,0.1
3,139,7376,7376,2025-09-09T13:57:50Z,3756.0,3756.3,1560.28838,36.241579999999885,36.237499999999955,3,0.2,0.1
3,140,7402,7402,2025-09-09T13:57:52Z,3758.0,3758.9,1558.78854,34.741739999999936,33.792650000000094,3,0.2,0.1
3,141,7424,7424,2025-09-09T13:57:55Z,3761.0,3761.1,1544.95027,20.90346999999997,20.89942999999994,3,0.2,0.1
3,142,7441,7441,2025-09-09T13:57:56Z,3762.0,3762.8,1544.86854,20.821739999999863,20.448609999999917,3,0.2,0.1
3,143,7455,7455,2025-09-09T13:57:58Z,3764.0,3764.2,1553.22716,29.180359999999837,28.5318699999998,3,0.2,0.1
3,144,7464,7464,2025-09-09T13:57:59Z,3765.0,3765.1,1560.29651,36.24970999999982,35.6725899999999,3,0.2,0.1
3,145,7492,7492,2025-09-09T13:58:01Z,3767.0,3767.9,1562.89803,38.85122999999999,38.85445000000004,3,0.2,0.1
3,146,7517,7517,2025-09-09T13:58:04Z,3770.0,3770.4,1544.94976,20.902959999999894,20.89933999999994,3,0.2,0.1
3,147,7538,7538,2025-09-09T13:58:06Z,3772.0,3772.5,1544.86881,20.822009999999864,20.48842999999988,3,0.2,0.1
3,148,7555,7555,2025-09-09T13:58:08Z,3774.0,3774.2,1559.3322,35.28539999999998,38.960940000000164,3,0.2,0.1
3,149,7580,7580,2025-09-09T13:58:10Z,3776.0,3776.8888888888887,1558.78644,34.73964000000001,33.81968000000006,3,0.2,0.1
3,150,7602,7602,2025-09-09T13:58:13Z,3779.0,3779.714285714286,1544.86783,20.821029999999837,20.817749999999933,3,0.2,0.1
3,151,7614,7614,2025-09-09T13:58:15Z,3781.0,3781.4285714285716,1544.86784,20.82103999999981,20.48167999999987,3,0.2,0.1
3,152,7620,7620,2025-09-09T13:58:16Z,3782.0,3782.222222222222,1542.38102,18.33421999999996,17.694279999999935,3,0.2,0.1
3,153,7629,7629,2025-09-09T13:58:17Z,3783.0,3783.25,1560.28474,36.23793999999998,39.913189999999986,3,0.2,0.1
3,154,7651,7651,2025-09-09T13:58:19Z,3785.0,3785.9,1558.78993,34.74312999999984,34.547219999999925,3,0.2,0.1
3,155,7679,7679,2025-09-09T13:58:23Z,3789.0,3789.125,1544.94909,20.902289999999994,20.899270000000115,3,0.2,0.1
3,156,7692,7692,2025-09-09T13:58:24Z,3790.0,3790.6,1544.86121,20.814409999999953,20.45485000000008,3,0.2,0.1
3,157,7698,7698,2025-09-09T13:58:25Z,3791.0,3791.2,1552.71501,28.668209999999817,28.053049999999985,3,0.2,0.1
3,158,7707,7707,2025-09-09T13:58:26Z,3792.0,3792.1111111111113,1560.2856350000002,36.23883500000011,36.00170500000013,3,0.2,0.1
3,159,7734,7734,2025-09-09T13:58:28Z,3795.0,3795.0,1562.89841,38.85160999999994,42.52764000000002,3,0.2,0.1
3,160,7766,7766,2025-09-09T13:58:32Z,3798.0,3798.222222222222,1544.94911,20.902309999999943,20.899529999999913,3,0.2,0.1
3,161,7785,7785,2025-09-09T13:58:34Z,3800.0,3800.2,1544.87174,20.82493999999997,20.210019999999986,3,0.2,0.1
3,162,7795,7795,2025-09-09T13:58:35Z,3801.0,3801.2,1560.28802,36.241219999999885,35.35799999999995,3,0.2,0.1
3,163,7822,7822,2025-09-09T13:58:37Z,3803.0,3803.9,1562.89827,38.851469999999836,42.526349999999866,3,0.2,0.1
3,164,7869,7869,2025-09-09T13:58:42Z,3808.0,3808.6,1548.65715,24.610349999999926,24.274940000000015,3,0.2,0.1
3,165,7876,7876,2025-09-09T13:58:43Z,3809.0,3809.3,1544.87253,20.82573000000002,20.20952000000011,3,0.2,0.1
3,166,7885,7885,2025-09-09T13:58:44Z,3810.0,3810.2,1560.290855,36.24405499999989,36.00257499999998,3,0.2,0.1
3,167,7913,7913,2025-09-09T13:58:46Z,3813.0,3813.0,1562.89834,38.851539999999886,42.52679999999987,3,0.2,0.1
3,168,7951,7951,2025-09-09T13:58:50Z,3816.0,3816.8,1544.94979,20.902989999999818,16.3445099999999,3,0.2,0.1
3,169,7965,7965,2025-09-09T13:58:52Z,3818.0,3818.2,1550.82461,26.777809999999818,26.180499999999938,3,0.2,0.1
3,170,7976,7976,2025-09-09T13:58:53Z,3819.0,3819.3,1560.28529,36.238489999999956,35.40201999999999,3,0.2,0.1
3,171,8002,8002,2025-09-09T13:58:55Z,3822.0,3822.0,1562.89797,38.85116999999991,42.52637000000004,3,0.2,0.1
3,172,8039,8039,2025-09-09T13:58:59Z,3826.0,3826.0,1544.95045,20.90364999999997,20.902340000000095,3,0.2,0.1
3,173,8057,8057,2025-09-09T13:59:02Z,3828.0,3828.3333333333335,1544.86857,20.821770000000015,20.520410000000084,3,0.2,0.1
3,174,8238,8238,2025-09-09T13:59:22Z,3848.0,3848.6,1542.41765,18.37085000000002,3.6387300000001233,3,0.2,0.1
3,175,8245,8245,2025-09-09T13:59:23Z,3849.0,3849.3,1550.82069,26.773889999999938,26.190239999999903,3,0.2,0.1
3,176,8265,8265,2025-09-09T13:59:25Z,3851.0,3851.3,1562.91255,38.865749999999935,42.541169999999966,3,0.2,0.1
3,177,8297,8297,2025-09-09T13:59:28Z,3854.0,3854.5,1544.86725,20.820449999999937,20.818250000000035,3,0.2,0.1
3,178,8316,8316,2025-09-09T13:59:30Z,3856.0,3856.4,1544.86749,20.820690000000013,1.7698300000001836,3,0.2,0.1
3,179,8328,8328,2025-09-09T13:59:31Z,3857.0,3857.6,1548.65777,24.610969999999952,24.298260000000028,3,0.2,0.1
3,180,8335,8335,2025-09-09T13:59:32Z,3858.0,3858.3,1552.71684,28.67003999999997,28.118470000000116,3,0.2,0.1
3,181,8350,8350,2025-09-09T13:59:33Z,3859.0,3859.8,1560.29258,36.24577999999997,5.488690000000133,3,0.2,0.1
3,182,8369,8369,2025-09-09T13:59:35Z,3861.0,3861.7,1562.8857,38.83889999999997,38.83834999999999,3,0.2,0.1
3,183,8392,8392,2025-09-09T13:59:37Z,3864.0,3864.0,1544.94938,20.902579999999944,20.90244000000007,3,0.2,0.1
3,184,8416,8416,2025-09-09T13:59:40Z,3866.0,3866.4,1544.86832,20.821519999999964,20.490620000000035,3,0.2,0.1
3,185,8425,8425,2025-09-09T13:59:41Z,3867.0,3867.3,1552.71509,28.668289999999843,28.114469999999983,3,0.2,0.1
3,186,8441,8441,2025-09-09T13:59:42Z,3868.0,3868.9,1562.90991,38.863110000000006,42.53849000000014,3,0.2,0.1
3,187,8460,8460,2025-09-09T13:59:44Z,3870.0,3870.8,1558.78694,34.74013999999988,10.653919999999971,3,0.2,0.1
3,188,8484,8484,2025-09-09T13:59:47Z,3873.0,3873.3333333333335,1544.94957,20.90276999999992,20.902779999999893,3,0.2,0.1
3,189,8500,8500,2025-09-09T13:59:49Z,3875.0,3875.375,1544.86793,20.821129999999812,20.487989999999854,3,0.2,0.1
3,190,8507,8507,2025-09-09T13:59:50Z,3876.0,3876.285714285714,1546.80967,22.76287000000002,22.189850000000206,3,0.2,0.1
3,191,8519,8519,2025-09-09T13:59:51Z,3877.0,3877.875,1560.28897,36.24216999999999,39.91759000000002,3,0.2,0.1
3,192,8559,8559,2025-09-09T13:59:56Z,3882.0,3882.5,1544.94938,20.902579999999944,20.90287000000012,3,0.2,0.1
3,193,8575,8575,2025-09-09T13:59:58Z,3884.0,3884.5555555555557,1548.58473,24.53792999999996,24.22752000000014,3,0.2,0.1
3,194,8581,8581,2025-09-09T13:59:59Z,3885.0,3885.25,1553.20777,29.160969999999907,28.59942000000001,3,0.2,0.1
3,195,8594,8594,2025-09-09T14:00:00Z,3886.0,3886.875,1560.28738,36.24057999999991,1.5070000000000618,3,0.2,0.1
3,196,8614,8614,2025-09-09T14:00:02Z,3888.0,3888.9,1562.89797,38.85116999999991,42.52653000000009,3,0.2,0.1
3,197,8643,8643,2025-09-09T14:00:05Z,3891.0,3891.8,1544.94935,20.90255000000002,20.90325000000007,3,0.2,0.1
3,198,8660,8660,2025-09-09T14:00:07Z,3893.0,3893.5,1540.61766,16.57085999999981,16.348869999999806,3,0.2,0.1
3,199,8680,8680,2025-09-09T14:00:09Z,3895.0,3895.6,1562.85463,38.80782999999997,2.56804000000011,3,0.2,0.1
3,200,8690,8690,2025-09-09T14:00:10Z,3896.0,3896.6,1565.2491,41.20229999999992,44.87867000000006,3,0.2,0.1
3,201,8702,8702,2025-09-09T14:00:11Z,3897.0,3897.8,1558.78681,34.740009999999984,3.8889500000000226,3,0.2,0.1
3,202,8731,8731,2025-09-09T14:00:14Z,3900.0,3900.777777777778,1544.94938,20.902579999999944,20.90343000000007,3,0.2,0.1
3,203,8756,8756,2025-09-09T14:00:17Z,3903.0,3903.3,1553.2159,29.169099999999844,28.62887999999998,3,0.2,0.1
3,204,8782,8782,2025-09-09T14:00:19Z,3905.0,3905.9,1562.91553,38.868729999999914,42.543840000000046,3,0.2,0.1
3,205,8792,8792,2025-09-09T14:00:20Z,3906.0,3906.9,1562.89872,38.851919999999836,14.307009999999991,3,0.2,0.1
3,206,8824,8824,2025-09-09T14:00:24Z,3910.0,3910.1,1544.94945,20.902649999999994,20.903500000000122,3,0.2,0.1
3,207,8839,8839,2025-09-09T14:00:25Z,3911.0,3911.6,1548.58376,24.536959999999908,24.267499999999927,3,0.2,0.1
3,208,8846,8846,2025-09-09T14:00:26Z,3912.0,3912.3,1553.29809,29.251289999999926,28.728020000000015,3,0.2,0.1
3,209,8865,8865,2025-09-09T14:00:28Z,3914.0,3914.2,1562.92025,38.87344999999982,2.634109999999964,3,0.2,0.1
3,210,8873,8873,2025-09-09T14:00:28Z,3915.0,3915.0,1562.92215,38.875350000000026,42.55063000000018,3,0.2,0.1
3,211,8882,8882,2025-09-09T14:00:29Z,3915.0,3915.9,1562.89809,38.851289999999835,38.33879000000002,3,0.2,0.1
3,212,8915,8915,2025-09-09T14:00:33Z,3919.0,3919.2,1544.94973,20.90292999999997,20.648519999999962,3,0.2,0.1
3,213,8934,8934,2025-09-09T14:00:35Z,3921.0,3921.222222222222,1546.8542550000002,22.807455000000118,24.356235000000197,3,0.2,0.1
3,214,8957,8957,2025-09-09T14:00:37Z,3923.0,3923.75,1562.92196,38.87515999999982,42.550309999999854,3,0.2,0.1
3,215,8967,8967,2025-09-09T14:00:38Z,3924.0,3924.8888888888887,1562.8974,38.850599999999986,14.305029999999988,3,0.2,0.1
3,216,8996,8996,2025-09-09T14:00:42Z,3928.0,3928.2,1544.94982,20.90301999999997,20.613610000000108,3,0.2,0.1
3,217,9014,9014,2025-09-09T14:00:44Z,3930.0,3930.3333333333335,1545.27849,21.231689999999844,22.78044,3,0.2,0.1
3,218,9032,9032,2025-09-09T14:00:46Z,3932.0,3932.5555555555557,1562.91417,38.86736999999994,42.54221000000007,3,0.2,0.1
3,219,9044,9044,2025-09-09T14:00:47Z,3934.0,3934.0,1562.89805,38.851249999999936,4.116179999999986,3,0.2,0.1
3,220,9074,9074,2025-09-09T14:00:51Z,3937.0,3937.4,1544.9497,20.902899999999818,20.904719999999998,3,0.2,0.1
3,221,9115,9115,2025-09-09T14:00:55Z,3941.0,3941.8888888888887,1544.86856,20.821759999999813,1.7723499999999603,3,0.2,0.1
3,222,9308,9308,2025-09-09T14:01:15Z,3961.0,3961.6,1560.95109,36.904289999999946,40.57979999999998,3,0.2,0.1
3,223,9316,9316,2025-09-09T14:01:16Z,3962.0,3962.4444444444443,1546.87509,22.828289999999924,22.326639999999998,3,0.2,0.1
3,224,9347,9347,2025-09-09T14:01:19Z,3965.0,3965.5,1553.580355,29.53355499999998,29.278545000000122,3,0.2,0.1
3,225,9362,9362,2025-09-09T14:01:20Z,3967.0,3967.0,1544.9508,20.903999999999996,20.904580000000124,3,0.2,0.1
3,226,9376,9376,2025-09-09T14:01:22Z,3968.0,3968.4,1544.8693,20.82249999999999,1.7726900000000114,3,0.2,0.1
3,227,9380,9380,2025-09-09T14:01:22Z,3968.0,3968.8,1544.8693,20.82249999999999,1.7726900000000114,3,0.2,0.1
3,228,9398,9398,2025-09-09T14:01:24Z,3970.0,3970.6666666666665,1546.81767,22.77086999999983,22.45038999999997,3,0.2,0.1
3,229,9405,9405,2025-09-09T14:01:25Z,3971.0,3971.4,1553.63956,29.59276,29.091319999999996,3,0.2,0.1
3,230,9424,9424,2025-09-09T14:01:27Z,3973.0,3973.6666666666665,1552.72299,28.676189999999906,1.897420000000011,3,0.2,0.1
3,231,9430,9430,2025-09-09T14:01:28Z,3974.0,3974.375,1554.89853,30.85172999999986,30.85382000000004,3,0.2,0.1
3,232,9448,9448,2025-09-09T14:01:30Z,3976.0,3976.5714285714284,1544.86909,20.82228999999984,20.82420000000002,3,0.2,0.1
3,233,9466,9466,2025-09-09T14:01:32Z,3978.0,3978.777777777778,1544.86942,20.822619999999915,20.579165000000103,3,0.2,0.1
3,234,9480,9480,2025-09-09T14:01:34Z,3980.0,3980.4,1558.235785,34.188985,34.0454850000001,3,0.2,0.1
3,235,9503,9503,2025-09-09T14:01:36Z,3982.0,3982.7,1552.72418,28.677379999999857,28.17879999999991,3,0.2,0.1
3,236,9513,9513,2025-09-09T14:01:37Z,3983.0,3983.7,1558.78038,34.73357999999985,36.29171999999994,3,0.2,0.1
3,237,9532,9532,2025-09-09T14:01:39Z,3985.0,3985.75,1544.95069,20.90388999999982,20.905849999999873,3,0.2,0.1
3,238,9556,9556,2025-09-09T14:01:42Z,3988.0,3988.5555555555557,1548.58462,24.53782000000001,24.335240000000113,3,0.2,0.1
3,239,9564,9564,2025-09-09T14:01:43Z,3989.0,3989.4,1552.74507,28.698269999999866,28.255729999999858,3,0.2,0.1
3,240,9587,9587,2025-09-09T14:01:45Z,3991.0,3991.7,1552.72436,28.677559999999858,9.637770000000046,3,0.2,0.1
3,241,9597,9597,2025-09-09T14:01:46Z,3992.0,3992.7,1554.55435,30.507550000000037,34.18374000000017,3,0.2,0.1
3,242,9619,9619,2025-09-09T14:01:48Z,3995.0,3995.0,1544.95137,20.90456999999992,20.906729999999925,3,0.2,0.1
3,243,9644,9644,2025-09-09T14:01:51Z,3997.0,3997.5,1546.62788,22.58107999999993,22.342889999999898,3,0.2,0.1
3,244,9652,9652,2025-09-09T14:01:52Z,3998.0,3998.3,1553.8617100000001,29.814910000000054,29.350900000000138,3,0.2,0.1
3,245,9675,9675,2025-09-09T14:01:54Z,4000.0,4000.777777777778,1552.72419,28.677389999999832,4.155069999999796,3,0.2,0.1
3,246,9684,9684,2025-09-09T14:01:55Z,4001.0,4001.7,1554.3961,30.349299999999857,34.024889999999914,3,0.2,0.1
3,247,9710,9710,2025-09-09T14:01:58Z,4004.0,4004.3,1544.95105,20.90424999999982,20.90639999999985,3,0.2,0.1
3,248,9733,9733,2025-09-09T14:02:00Z,4006.0,4006.6,1554.78691,30.74010999999996,30.513100000000122,3,0.2,0.1
3,249,9742,9742,2025-09-09T14:02:01Z,4007.0,4007.5,1550.90134,26.854539999999815,26.366899999999987,3,0.2,0.1
3,250,9766,9766,2025-09-09T14:02:03Z,4009.0,4009.9,1552.72488,28.67807999999991,1.8997600000000148,3,0.2,0.1
3,251,9774,9774,2025-09-09T14:02:04Z,4010.0,4010.7,1554.79194,30.745139999999992,34.42105000000015,3,0.2,0.1
3,252,9801,9801,2025-09-09T14:02:07Z,4013.0,4013.4,1544.95131,20.904509999999846,20.906729999999925,3,0.2,0.1
3,253,9821,9821,2025-09-09T14:02:09Z,4015.0,4015.4,1540.61619,16.569389999999885,16.32935999999995,3,0.2,0.1
3,254,9831,9831,2025-09-09T14:02:10Z,4016.0,4016.4,1552.74477,28.69796999999994,28.242269999999962,3,0.2,0.1
3,255,9863,9863,2025-09-09T14:02:13Z,4019.0,4019.6,1558.78551,34.738709999999855,38.41493999999989,3,0.2,0.1
3,256,9890,9890,2025-09-09T14:02:16Z,4022.0,4022.5714285714284,1544.95125,20.904449999999997,20.9065700000001,3,0.2,0.1
3,257,9907,9907,2025-09-09T14:02:18Z,4024.0,4024.5555555555557,1540.78942,16.742619999999988,16.510029999999915,3,0.2,0.1
3,258,9914,9914,2025-09-09T14:02:19Z,4025.0,4025.4285714285716,1543.4522200000001,19.40542000000005,18.94297000000006,3,0.2,0.1
3,259,9934,9934,2025-09-09T14:02:21Z,4028.0,4028.0,1552.72545,28.678649999999834,4.309169999999995,3,0.2,0.1
3,260,9937,9937,2025-09-09T14:02:22Z,4028.0,4028.3333333333335,1552.96008,28.913279999999986,30.469770000000153,3,0.2,0.1
3,261,9962,9962,2025-09-09T14:02:25Z,4031.0,4031.125,1544.95093,20.904129999999896,20.9061999999999,3,0.2,0.1
3,262,9984,9984,2025-09-09T14:02:27Z,4033.0,4033.5555555555557,1550.82597,26.779170000000022,26.527160000000094,3,0.2,0.1
3,263,9992,9992,2025-09-09T14:02:28Z,4034.0,4034.4,1553.20609,29.159289999999828,28.714229999999816,3,0.2,0.1
3,264,10018,10018,2025-09-09T14:02:31Z,4037.0,4037.0,1552.72492,28.678120000000035,4.3079300000001695,3,0.2,0.1
3,265,10024,10024,2025-09-09T14:02:31Z,4037.0,4037.6666666666665,1558.78083,34.73402999999985,38.41009999999983,3,0.2,0.1
3,266,10053,10053,2025-09-09T14:02:34Z,4040.0,4040.6,1544.95135,20.904549999999972,20.906740000000127,3,0.2,0.1
3,267,10073,10073,2025-09-09T14:02:36Z,4042.0,4042.6,1548.6559,24.6090999999999,24.370400000000018,3,0.2,0.1
3,268,10081,10081,2025-09-09T14:02:37Z,4043.0,4043.4,1547.64284,23.596039999999903,23.148079999999936,3,0.2,0.1
3,269,10107,10107,2025-09-09T14:02:39Z,4046.0,4046.0,1548.4176,24.370799999999917,1.6171899999999368,3,0.2,0.1
3,270,10114,10114,2025-09-09T14:02:40Z,4046.0,4046.7,1558.77994,34.73313999999982,38.4088099999999,3,0.2,0.1
3,271,10143,10143,2025-09-09T14:02:43Z,4049.0,4049.6,1544.95107,20.904269999999997,20.906360000000177,3,0.2,0.1
3,272,10172,10172,2025-09-09T14:02:46Z,4052.0,4052.6,1544.8695,20.82269999999994,20.601400000000012,3,0.2,0.1
3,273,10349,10349,2025-09-09T14:03:04Z,4070.0,4070.6666666666665,1559.26148,35.21467999999982,35.21665999999982,3,0.2,0.1
3,274,10374,10374,2025-09-09T14:03:07Z,4073.0,4073.5,1554.94477,30.897969999999987,30.468180000000075,3,0.2,0.1
3,275,10384,10384,2025-09-09T14:03:08Z,4074.0,4074.625,1544.86876,20.82195999999999,20.822490000000016,3,0.2,0.1
3,276,10397,10397,2025-09-09T14:03:10Z,4076.0,4076.1,1544.86862,20.82181999999989,1.7699299999999312,3,0.2,0.1
3,277,10421,10421,2025-09-09T14:03:12Z,4078.0,4078.7,1546.81753,22.770729999999958,22.542230000000018,3,0.2,0.1
3,278,10431,10431,2025-09-09T14:03:13Z,4079.0,4079.7,1559.26554,35.218740000000025,35.22072000000003,3,0.2,0.1
3,279,10458,10458,2025-09-09T14:03:16Z,4082.0,4082.6666666666665,1558.7801,34.73329999999987,34.29602,3,0.2,0.1
3,280,10472,10472,2025-09-09T14:03:18Z,4084.0,4084.1,1544.86855,20.821749999999838,20.822099999999864,3,0.2,0.1
3,281,10499,10499,2025-09-09T14:03:20Z,4086.0,4086.8,1544.86879,20.821989999999914,20.60026999999991,3,0.2,0.1
3,282,10515,10515,2025-09-09T14:03:22Z,4088.0,4088.5,1562.421975,38.3751749999999,42.050514999999905,3,0.2,0.1
3,283,10545,10545,2025-09-09T14:03:25Z,4091.0,4091.6,1554.71629,30.669489999999996,30.254360000000133,3,0.2,0.1
3,284,10561,10561,2025-09-09T14:03:27Z,4093.0,4093.2,1544.9501,20.903299999999945,20.90515000000005,3,0.2,0.1
3,285,10595,10595,2025-09-09T14:03:30Z,4096.0,4096.6,1548.65546,24.608659999999873,24.386330000000044,3,0.2,0.1
3,286,10605,10605,2025-09-09T14:03:31Z,4097.0,4097.6,1560.32525,36.27845000000002,37.833939999999984,3,0.2,0.1
3,287,10635,10635,2025-09-09T14:03:34Z,4100.0,4100.6,1552.45706,28.41025999999988,27.992549999999937,3,0.2,0.1
3,288,10653,10653,2025-09-09T14:03:36Z,4102.0,4102.4,1544.86842,20.82161999999994,20.822130000000016,3,0.2,0.1
3,289,10685,10685,2025-09-09T14:03:39Z,4105.0,4105.6,1550.82583,26.77902999999992,26.554759999999987,3,0.2,0.1
3,290,10696,10696,2025-09-09T14:03:40Z,4106.0,4106.7,1560.32385,36.27704999999992,36.278769999999895,3,0.2,0.1
3,291,10725,10725,2025-09-09T14:03:43Z,4109.0,4109.7,1558.78103,34.734230000000025,34.31664000000001,3,0.2,0.1
3,292,10742,10742,2025-09-09T14:03:45Z,4111.0,4111.5,1544.94988,20.903079999999818,20.90366999999992,3,0.2,0.1
3,293,10769,10769,2025-09-09T14:03:48Z,4114.0,4114.571428571428,1544.86898,20.82217999999989,20.57596999999987,3,0.2,0.1
3,294,10778,10778,2025-09-09T14:03:49Z,4115.0,4115.6,1560.32374,36.27693999999997,36.278659999999945,3,0.2,0.1
3,295,10800,10800,2025-09-09T14:03:52Z,4118.0,4118.333333333333,1554.89958,30.85277999999994,30.432739999999967,3,0.2,0.1
3,296,10816,10816,2025-09-09T14:03:54Z,4120.0,4120.5,1544.94996,20.903159999999843,20.904999999999973,3,0.2,0.1
3,297,10844,10844,2025-09-09T14:03:57Z,4123.0,4123.666666666667,1546.81864,22.771839999999884,22.529719999999998,3,0.2,0.1
3,298,10852,10852,2025-09-09T14:03:58Z,4124.0,4124.555555555556,1552.74132,28.69452000000001,28.696280000000115,3,0.2,0.1
3,299,10880,10880,2025-09-09T14:04:01Z,4127.0,4127.6,1552.45655,28.40975000000003,27.99458000000004,3,0.2,0.1
3,300,10899,10899,2025-09-09T14:04:03Z,4129.0,4129.6,1544.95071,20.903909999999996,20.90427999999997,3,0.2,0.1
3,301,10929,10929,2025-09-09T14:04:06Z,4132.0,4132.6,1550.82551,26.77870999999982,26.5487099999998,3,0.2,0.1
3,302,10939,10939,2025-09-09T14:04:07Z,4133.0,4133.666666666667,1560.32458,36.27777999999989,36.279960000000074,3,0.2,0.1
3,303,10969,10969,2025-09-09T14:04:10Z,4136.0,4136.7,1554.78342,30.736619999999903,30.32752000000005,3,0.2,0.1
3,304,10988,10988,2025-09-09T14:04:12Z,4138.0,4138.6,1544.95099,20.90418999999997,20.904800000000023,3,0.2,0.1
3,305,11018,11018,2025-09-09T14:04:15Z,4141.0,4141.6,1548.58494,24.538139999999885,24.322940000000017,3,0.2,0.1
3,306,11028,11028,2025-09-09T14:04:16Z,4142.0,4142.6,1562.41762,38.37081999999987,38.37309000000005,3,0.2,0.1
3,307,11058,11058,2025-09-09T14:04:19Z,4145.0,4145.6,1554.92818,30.881380000000036,30.472150000000056,3,0.2,0.1
3,308,11078,11078,2025-09-09T14:04:21Z,4147.0,4147.6,1544.95146,20.90465999999992,20.90553,3,0.2,0.1
3,309,11107,11107,2025-09-09T14:04:24Z,4150.0,4150.5,1548.65851,24.611709999999903,24.380339999999933,3,0.2,0.1
3,310,11118,11118,2025-09-09T14:04:25Z,4151.0,4151.6,1560.32235,36.27554999999984,36.27773000000002,3,0.2,0.1
3,311,11148,11148,2025-09-09T14:04:28Z,4154.0,4154.777777777777,1554.91358,30.866779999999835,30.454809999999952,3,0.2,0.1
3,312,11165,11165,2025-09-09T14:04:30Z,4156.0,4156.75,1544.95169,20.904890000000023,20.9057200000002,3,0.2,0.1
3,313,11191,11191,2025-09-09T14:04:33Z,4159.0,4159.5,1544.87057,20.823769999999968,20.598700000000008,3,0.2,0.1
3,314,11194,11194,2025-09-09T14:04:33Z,4159.0,4159.8,1544.87057,20.823769999999968,20.598700000000008,3,0.2,0.1
3,315,11299,11299,2025-09-09T14:04:45Z,4171.0,4171.9,1564.40632,40.359519999999975,1.9770800000001145,3,0.2,0.1
3,316,11302,11302,2025-09-09T14:04:46Z,4172.0,4172.2,1566.83357,42.78676999999993,42.78917000000001,3,0.2,0.1
3,317,11326,11326,2025-09-09T14:04:48Z,4174.0,4174.666666666667,1558.78097,34.73416999999995,34.34116999999992,3,0.2,0.1
3,318,11335,11335,2025-09-09T14:04:49Z,4175.0,4175.6,1544.86962,20.822819999999865,20.82393000000002,3,0.2,0.1
3,319,11347,11347,2025-09-09T14:04:50Z,4176.0,4176.8,1544.86957,20.82276999999999,1.771460000000161,3,0.2,0.1
3,320,11373,11373,2025-09-09T14:04:53Z,4179.0,4179.6,1554.78313,30.736329999999953,30.52180999999996,3,0.2,0.1
3,321,11385,11385,2025-09-09T14:04:54Z,4180.0,4180.8,1561.5194099999999,37.472609999999804,37.47494999999981,3,0.2,0.1
3,322,11413,11413,2025-09-09T14:04:57Z,4183.0,4183.6,1552.45697,28.41016999999988,28.0161599999999,3,0.2,0.1
3,323,11423,11423,2025-09-09T14:04:58Z,4184.0,4184.6,1544.951,20.904199999999946,20.905019999999922,3,0.2,0.1
3,324,11442,11442,2025-09-09T14:05:00Z,4186.0,4186.6,1544.86995,20.82314999999994,1.771979999999985,3,0.2,0.1
3,325,11463,11463,2025-09-09T14:05:02Z,4188.0,4188.7,1548.65837,24.61157000000003,24.39686000000006,3,0.2,0.1
3,326,11477,11477,2025-09-09T14:05:04Z,4190.0,4190.111111111111,1566.83366,42.78685999999993,42.79036999999994,3,0.2,0.1
3,327,11502,11502,2025-09-09T14:05:06Z,4192.0,4192.7,1552.45698,28.410179999999855,28.01649999999995,3,0.2,0.1
3,328,11514,11514,2025-09-09T14:05:07Z,4193.0,4193.9,1544.8696,20.822799999999916,20.823959999999943,3,0.2,0.1
3,329,11537,11537,2025-09-09T14:05:10Z,4196.0,4196.2,1544.87014,20.823339999999916,1.7726000000000113,3,0.2,0.1
3,330,11551,11551,2025-09-09T14:05:11Z,4197.0,4197.6,1558.78256,34.73576000000003,34.531220000000076,3,0.2,0.1
3,331,11566,11566,2025-09-09T14:05:13Z,4199.0,4199.1,1562.42992,38.38311999999996,38.38570000000004,3,0.2,0.1
3,332,11592,11592,2025-09-09T14:05:15Z,4201.0,4201.7,1558.7806,34.733799999999974,34.340959999999995,3,0.2,0.1
3,333,11602,11602,2025-09-09T14:05:16Z,4202.0,4202.7,1544.86983,20.823030000000017,20.824960000000146,3,0.2,0.1
3,334,11619,11619,2025-09-09T14:05:18Z,4204.0,4204.444444444444,1544.87018,20.823379999999815,20.61221999999998,3,0.2,0.1
3,335,11651,11651,2025-09-09T14:05:22Z,4208.0,4208.0,1562.42837,38.38157000000001,38.38402000000019,3,0.2,0.1
3,336,11674,11674,2025-09-09T14:05:24Z,4210.0,4210.555555555556,1558.78013,34.733330000000024,34.339280000000144,3,0.2,0.1
3,337,11684,11684,2025-09-09T14:05:25Z,4211.0,4211.666666666667,1544.86954,20.82273999999984,20.823899999999867,3,0.2,0.1
3,338,11704,11704,2025-09-09T14:05:27Z,4213.0,4213.888888888889,1544.86976,20.822959999999966,1.7715200000000095,3,0.2,0.1
3,339,11719,11719,2025-09-09T14:05:29Z,4215.0,4215.7,1548.65705,24.61024999999995,24.378640000000132,3,0.2,0.1
3,340,11732,11732,2025-09-09T14:05:31Z,4217.0,4217.1,1562.43052,38.38371999999981,38.38645999999994,3,0.2,0.1
3,341,11757,11757,2025-09-09T14:05:33Z,4219.0,4219.777777777777,1546.63414,22.587339999999813,22.195329999999785,3,0.2,0.1
3,342,11767,11767,2025-09-09T14:05:34Z,4220.0,4220.8,1544.86959,20.82278999999994,20.82420000000002,3,0.2,0.1
3,343,11805,11805,2025-09-09T14:05:38Z,4224.0,4224.6,1556.78149,32.73469,32.52877000000012,3,0.2,0.1
3,344,11819,11819,2025-09-09T14:05:39Z,4226.0,4226.0,1564.54477,40.497969999999896,40.50096000000008,3,0.2,0.1
3,345,11844,11844,2025-09-09T14:05:42Z,4228.0,4228.5,1558.78092,34.73411999999985,34.343489999999974,3,0.2,0.1
3,346,11856,11856,2025-09-09T14:05:43Z,4229.0,4229.7,1544.95084,20.904039999999895,20.905320000000074,3,0.2,0.1
3,347,11895,11895,2025-09-09T14:05:47Z,4233.0,4233.6,1555.07818,31.0313799999999,30.841719999999896,3,0.2,0.1
3,348,11909,11909,2025-09-09T14:05:48Z,4235.0,4235.0,1562.43034,38.38353999999981,38.38675999999987,3,0.2,0.1
3,349,11935,11935,2025-09-09T14:05:51Z,4237.0,4237.6,1550.80101,26.75420999999983,26.365659999999934,3,0.2,0.1
3,350,11946,11946,2025-09-09T14:05:52Z,4238.0,4238.7,1544.95137,20.90456999999992,20.906369999999924,3,0.2,0.1
3,351,11986,11986,2025-09-09T14:05:56Z,4242.0,4242.7,1548.6545,24.607700000000023,24.41596000000004,3,0.2,0.1
3,352,12000,12000,2025-09-09T14:05:58Z,4244.0,4244.1,1562.43134,38.384540000000015,38.38790000000017,3,0.2,0.1
3,353,12026,12026,2025-09-09T14:06:00Z,4246.0,4246.7,1552.45593,28.409130000000005,28.021330000000034,3,0.2,0.1
3,354,12036,12036,2025-09-09T14:06:01Z,4247.0,4247.7,1544.95067,20.90386999999987,20.905309999999872,3,0.2,0.1
3,355,12072,12072,2025-09-09T14:06:05Z,4251.0,4251.555555555556,1550.82599,26.77918999999997,26.570150000000012,3,0.2,0.1
3,356,12086,12086,2025-09-09T14:06:06Z,4253.0,4253.0,1564.54419,40.497389999999996,40.50081,3,0.2,0.1
3,357,12108,12108,2025-09-09T14:06:09Z,4255.0,4255.7,1558.78003,34.73322999999982,34.3437399999998,3,0.2,0.1
3,358,12117,12117,2025-09-09T14:06:10Z,4256.0,4256.75,1544.9507,20.90390000000002,20.9052700000002,3,0.2,0.1
3,359,12132,12132,2025-09-09T14:06:12Z,4258.0,4258.444444444444,1544.86964,20.822839999999815,1.7709299999999075,3,0.2,0.1
3,360,12136,12136,2025-09-09T14:06:12Z,4258.0,4258.888888888889,1544.86964,20.822839999999815,1.7709299999999075,3,0.2,0.1
4,0,5546,5546,2025-09-09T13:54:36Z,3562.0,3562.1,1578.35574,36.31702499999983,65.87094000000002,3,0.2,0.1
4,1,5564,5564,2025-09-09T13:54:37Z,3563.0,3563.9,1569.86422,27.825504999999794,55.56565999999998,3,0.2,0.1
4,2,5600,5600,2025-09-09T13:54:41Z,3567.0,3567.5,1558.79934,16.76062499999989,33.66877999999997,3,0.2,0.1
4,3,5640,5640,2025-09-09T13:54:45Z,3571.0,3571.5,1579.64055,37.60183499999994,67.67885999999999,3,0.2,0.1
4,4,5684,5684,2025-09-09T13:54:49Z,3575.0,3575.9,1550.82767,8.78895499999976,23.918159999999943,3,0.2,0.1
4,5,5700,5700,2025-09-09T13:54:51Z,3577.0,3577.5,1553.63227,11.593554999999924,20.889310000000023,3,0.2,0.1
4,6,5736,5736,2025-09-09T13:54:55Z,3581.0,3581.1,1579.64013,37.60141499999986,48.79600000000005,3,0.2,0.1
4,7,5791,5791,2025-09-09T13:55:00Z,3586.0,3586.6,1564.54113,22.502414999999928,31.798360000000002,3,0.2,0.1
4,8,5831,5831,2025-09-09T13:55:04Z,3590.0,3590.8888888888887,1579.64046,37.60174499999994,67.35212999999999,3,0.2,0.1
4,9,5867,5867,2025-09-09T13:55:09Z,3595.0,3595.4285714285716,1575.00976,32.971044999999776,42.2686299999998,3,0.2,0.1
4,10,5910,5910,2025-09-09T13:55:14Z,3600.0,3600.4444444444443,1579.64007,37.601354999999785,57.1431399999999,3,0.2,0.1
4,11,6077,6077,2025-09-09T13:55:32Z,3618.0,3618.3,1579.64036,37.60164499999996,57.143820000000005,3,0.2,0.1
4,12,6166,6166,2025-09-09T13:55:41Z,3627.0,3627.6666666666665,1579.64052,37.601804999999786,56.75055999999995,3,0.2,0.1
4,13,6221,6221,2025-09-09T13:55:47Z,3633.0,3633.3,1553.43501,11.396294999999782,28.461569999999938,3,0.2,0.1
4,14,6237,6237,2025-09-09T13:55:48Z,3634.0,3634.9,1543.12798,1.0892649999998412,19.06878000000006,3,0.2,0.1
4,15,6269,6269,2025-09-09T13:55:52Z,3638.0,3638.1,1543.09474,1.0560249999998632,14.824599999999919,3,0.2,0.1
4,16,6272,6272,2025-09-09T13:55:52Z,3638.0,3638.4,1543.09474,1.0560249999998632,14.824599999999919,3,0.2,0.1
4,17,6278,6278,2025-09-09T13:55:52Z,3639.0,3639.0,1562.42593,20.38721499999997,38.33925000000022,3,0.2,0.1
4,18,6291,6291,2025-09-09T13:55:54Z,3640.0,3640.3,1560.28715,18.248434999999972,27.56199000000015,3,0.2,0.1
4,19,6320,6320,2025-09-09T13:55:57Z,3643.0,3643.222222222222,1562.61031,20.57159499999989,11.785790000000134,3,0.2,0.1
4,20,6338,6338,2025-09-09T13:55:59Z,3645.0,3645.4,1579.6416,37.60288499999979,67.68083999999999,3,0.2,0.1
4,21,6364,6364,2025-09-09T13:56:02Z,3648.0,3648.3,1550.51305,8.474334999999883,36.830740000000105,3,0.2,0.1
4,22,6392,6392,2025-09-09T13:56:05Z,3651.0,3651.6,1558.7884,16.749684999999772,38.41762999999992,3,0.2,0.1
4,23,6430,6430,2025-09-09T13:56:09Z,3655.0,3655.8,1543.09507,1.0563549999999395,2.479340000000093,3,0.2,0.1
4,24,6444,6444,2025-09-09T13:56:11Z,3657.0,3657.4,1564.54455,22.505834999999934,52.27984000000015,3,0.2,0.1
4,25,6452,6452,2025-09-09T13:56:12Z,3658.0,3658.25,1554.684005,12.645289999999932,34.3138550000001,3,0.2,0.1
4,26,6455,6455,2025-09-09T13:56:12Z,3658.0,3658.625,1550.85948,8.820764999999938,1.145010000000184,3,0.2,0.1
4,27,6472,6472,2025-09-09T13:56:14Z,3660.0,3660.625,1553.3945749999998,11.355859999999666,5.803734999999961,3,0.2,0.1
4,28,6522,6522,2025-09-09T13:56:19Z,3665.0,3665.9,1560.95494,18.91622499999994,46.664780000000064,3,0.2,0.1
4,29,6528,6528,2025-09-09T13:56:20Z,3666.0,3666.5,1556.31066,14.27194499999996,5.482690000000048,3,0.2,0.1
4,30,6537,6537,2025-09-09T13:56:21Z,3667.0,3667.4,1548.56981,6.531094999999823,5.778219999999919,3,0.2,0.1
4,31,6559,6559,2025-09-09T13:56:23Z,3669.0,3669.6,1560.60928,18.57056499999976,36.25610499999971,3,0.2,0.1
4,32,6610,6610,2025-09-09T13:56:28Z,3674.0,3674.7,1554.88007,12.841354999999794,34.509849999999915,3,0.2,0.1
4,33,6613,6613,2025-09-09T13:56:28Z,3675.0,3675.0,1552.74313,10.704414999999926,2.0798500000000786,3,0.2,0.1
4,34,6617,6617,2025-09-09T13:56:29Z,3675.0,3675.4,1553.92675,11.888034999999945,15.354199999999992,3,0.2,0.1
4,35,6623,6623,2025-09-09T13:56:29Z,3676.0,3676.0,1560.28322,18.24450499999989,35.418100000000095,3,0.2,0.1
4,36,6629,6629,2025-09-09T13:56:30Z,3676.0,3676.6,1536.637065,-5.401650000000245,11.77194499999996,3,0.2,0.1
4,37,6645,6645,2025-09-09T13:56:32Z,3678.0,3678.2,1562.43192,20.393204999999853,42.0618199999999,3,0.2,0.1
4,38,6652,6652,2025-09-09T13:56:32Z,3678.0,3678.9,1558.79077,16.752054999999928,6.330960000000005,3,0.2,0.1
4,39,6700,6700,2025-09-09T13:56:37Z,3683.0,3683.7,1556.86517,14.826454999999896,6.037469999999985,3,0.2,0.1
4,40,6707,6707,2025-09-09T13:56:38Z,3684.0,3684.4,1564.54561,22.50689499999976,52.2834499999999,3,0.2,0.1
4,41,6735,6735,2025-09-09T13:56:41Z,3687.0,3687.3333333333335,1562.40967,20.370954999999867,42.03972500000009,3,0.2,0.1
4,42,6739,6739,2025-09-09T13:56:41Z,3687.0,3687.777777777778,1560.700765,18.66204999999991,0.10071500000003653,3,0.2,0.1
4,43,6782,6782,2025-09-09T13:56:46Z,3692.0,3692.8888888888887,1564.52534,22.486624999999776,52.26301999999987,3,0.2,0.1
4,44,6794,6794,2025-09-09T13:56:48Z,3694.0,3694.5,1553.45957,11.420854999999847,20.01233000000002,3,0.2,0.1
4,45,6811,6811,2025-09-09T13:56:50Z,3696.0,3696.3333333333335,1550.80334,8.764624999999796,4.169290000000046,3,0.2,0.1
4,46,6816,6816,2025-09-09T13:56:50Z,3696.0,3696.8888888888887,1560.31268,18.273964999999862,39.94223000000011,3,0.2,0.1
4,47,6873,6873,2025-09-09T13:56:57Z,3703.0,3703.1,1543.09653,1.0578149999998914,2.479520000000093,3,0.2,0.1
4,48,6893,6893,2025-09-09T13:56:59Z,3705.0,3705.1,1543.09679,1.058074999999917,19.05178500000011,3,0.2,0.1
4,49,7018,7018,2025-09-09T13:57:11Z,3717.0,3717.6,1536.28892,-5.7497950000001765,1.8660899999999856,3,0.2,0.1
4,50,7191,7191,2025-09-09T13:57:30Z,3736.0,3736.222222222222,1562.89818,20.859464999999773,42.54801999999995,3,0.2,0.1
4,51,7201,7201,2025-09-09T13:57:31Z,3737.0,3737.4285714285716,1545.60504,3.566324999999779,4.389609999999948,3,0.2,0.1
4,52,7207,7207,2025-09-09T13:57:32Z,3738.0,3738.222222222222,1558.78546,16.74674499999992,38.41525999999999,3,0.2,0.1
4,53,7227,7227,2025-09-09T13:57:34Z,3740.0,3740.375,1558.78006,16.74134499999991,11.961819999999989,3,0.2,0.1
4,54,7258,7258,2025-09-09T13:57:38Z,3744.0,3744.0,1543.09425,1.0555349999999635,2.478410000000167,3,0.2,0.1
4,55,7274,7274,2025-09-09T13:57:39Z,3745.0,3745.8,1566.81079,24.77207499999986,53.92777500000011,3,0.2,0.1
4,56,7282,7282,2025-09-09T13:57:40Z,3746.0,3746.6,1532.70881,-9.329905000000053,1.8573499999999967,3,0.2,0.1
4,57,7287,7287,2025-09-09T13:57:41Z,3747.0,3747.1,1559.539355,17.50063999999975,34.94860999999992,3,0.2,0.1
4,58,7307,7307,2025-09-09T13:57:43Z,3749.0,3749.1,1555.70447,13.665754999999763,8.729384999999866,3,0.2,0.1
4,59,7312,7312,2025-09-09T13:57:43Z,3749.0,3749.6,1557.87624,15.837524999999914,15.154410000000098,3,0.2,0.1
4,60,7344,7344,2025-09-09T13:57:46Z,3753.0,3753.0,1543.09496,1.0562449999997625,19.430669999999736,3,0.2,0.1
4,61,7360,7360,2025-09-09T13:57:48Z,3754.0,3754.6666666666665,1543.09464,1.0559249999998883,2.4774999999999636,3,0.2,0.1
4,62,7368,7368,2025-09-09T13:57:49Z,3755.0,3755.5,1562.4296,20.3908849999998,39.94173999999998,3,0.2,0.1
4,63,7375,7375,2025-09-09T13:57:50Z,3756.0,3756.2,1558.78192,16.74320499999976,22.542329999999993,3,0.2,0.1
4,64,7402,7402,2025-09-09T13:57:52Z,3758.0,3758.9,1554.39694,12.358224999999948,15.59348,3,0.2,0.1
4,65,7442,7442,2025-09-09T13:57:56Z,3762.0,3762.9,1543.0953,1.0565849999998136,2.308080000000018,3,0.2,0.1
4,66,7450,7450,2025-09-09T13:57:57Z,3763.0,3763.7,1554.4723,12.433584999999766,10.376365000000078,3,0.2,0.1
4,67,7457,7457,2025-09-09T13:57:58Z,3764.0,3764.4,1559.27607,17.237354999999752,38.90577999999982,3,0.2,0.1
4,68,7465,7465,2025-09-09T13:57:59Z,3765.0,3765.2,1558.78615,16.74743499999977,36.29814999999985,3,0.2,0.1
4,69,7490,7490,2025-09-09T13:58:01Z,3767.0,3767.7,1556.6846249999999,14.64590999999973,20.301164999999855,3,0.2,0.1
4,70,7539,7539,2025-09-09T13:58:06Z,3772.0,3772.6,1540.61796,-1.4207550000000992,17.730639999999994,3,0.2,0.1
4,71,7547,7547,2025-09-09T13:58:07Z,3773.0,3773.4,1562.42715,20.388434999999845,45.54642999999987,3,0.2,0.1
4,72,7550,7550,2025-09-09T13:58:07Z,3773.0,3773.7,1533.577655,-8.461060000000089,13.226094999999987,3,0.2,0.1
4,73,7555,7555,2025-09-09T13:58:08Z,3774.0,3774.2,1558.7847,16.74598499999979,38.414239999999836,3,0.2,0.1
4,74,7578,7578,2025-09-09T13:58:10Z,3776.0,3776.6666666666665,1554.44916,12.410444999999754,15.648159999999962,3,0.2,0.1
4,75,7623,7623,2025-09-09T13:58:16Z,3782.0,3782.5555555555557,1562.42711,20.388394999999946,42.07555000000002,3,0.2,0.1
4,76,7629,7629,2025-09-09T13:58:17Z,3783.0,3783.25,1558.53827,16.499554999999873,32.39898500000004,3,0.2,0.1
4,77,7634,7634,2025-09-09T13:58:17Z,3783.0,3783.875,1542.65101,0.6122949999999037,1.9248099999999795,3,0.2,0.1
4,78,7649,7649,2025-09-09T13:58:19Z,3785.0,3785.7,1556.6005949999999,14.561879999999746,36.22946499999989,3,0.2,0.1
4,79,7690,7690,2025-09-09T13:58:24Z,3790.0,3790.4,1556.65963,14.620914999999968,39.00724000000014,3,0.2,0.1
4,80,7696,7696,2025-09-09T13:58:24Z,3791.0,3791.0,1550.8584150000002,8.819700000000012,2.362065000000257,3,0.2,0.1
4,81,7700,7700,2025-09-09T13:58:25Z,3791.0,3791.4,1551.28568,9.246964999999818,13.330504999999903,3,0.2,0.1
4,82,7706,7706,2025-09-09T13:58:25Z,3792.0,3792.0,1558.77495,16.73623499999985,11.967470000000048,3,0.2,0.1
4,83,7709,7709,2025-09-09T13:58:26Z,3792.0,3792.3333333333335,1554.816245,12.777529999999842,1.148110000000088,3,0.2,0.1
4,84,7713,7713,2025-09-09T13:58:26Z,3792.0,3792.777777777778,1548.83251,6.793794999999818,0.2711899999999332,3,0.2,0.1
4,85,7732,7732,2025-09-09T13:58:28Z,3794.0,3794.777777777778,1562.6099,20.571184999999787,42.26191999999992,3,0.2,0.1
4,86,7778,7778,2025-09-09T13:58:33Z,3799.0,3799.5,1552.45799,10.41927499999997,18.035030000000006,3,0.2,0.1
4,87,7783,7783,2025-09-09T13:58:33Z,3800.0,3800.0,1560.32752,18.28880499999991,39.95614999999998,3,0.2,0.1
4,88,7786,7786,2025-09-09T13:58:34Z,3800.0,3800.3,1560.32752,18.28880499999991,39.95614999999998,3,0.2,0.1
4,89,7794,7794,2025-09-09T13:58:35Z,3801.0,3801.1,1559.535155,17.496439999999893,37.04288500000007,3,0.2,0.1
4,90,7801,7801,2025-09-09T13:58:35Z,3801.0,3801.8,1546.80756,4.768844999999828,3.9621349999999893,3,0.2,0.1
4,91,7822,7822,2025-09-09T13:58:37Z,3803.0,3803.9,1558.79087,16.752154999999902,18.476724999999988,3,0.2,0.1
4,92,7870,7870,2025-09-09T13:58:42Z,3808.0,3808.7,1550.53024,8.49152499999991,18.93934000000013,3,0.2,0.1
4,93,7874,7874,2025-09-09T13:58:43Z,3809.0,3809.1,1555.99436,13.955644999999777,35.62288999999987,3,0.2,0.1
4,94,7877,7877,2025-09-09T13:58:43Z,3809.0,3809.4,1555.99436,13.955644999999777,35.62288999999987,3,0.2,0.1
4,95,7881,7881,2025-09-09T13:58:43Z,3809.0,3809.8,1535.58539,-6.453325000000177,15.237409999999954,3,0.2,0.1
4,96,7886,7886,2025-09-09T13:58:44Z,3810.0,3810.3,1556.7917149999998,14.752999999999702,9.904304999999795,3,0.2,0.1
4,97,7911,7911,2025-09-09T13:58:46Z,3812.0,3812.8,1562.89834,20.859624999999824,48.02494999999999,3,0.2,0.1
4,98,7960,7960,2025-09-09T13:58:51Z,3817.0,3817.7,1556.94817,14.909454999999753,36.5767699999999,3,0.2,0.1
4,99,7967,7967,2025-09-09T13:58:52Z,3818.0,3818.4,1552.29766,10.258944999999812,11.509159999999838,3,0.2,0.1
4,100,7974,7974,2025-09-09T13:58:53Z,3819.0,3819.1,1528.979355,-13.059360000000197,14.105474999999842,3,0.2,0.1
4,101,7977,7977,2025-09-09T13:58:53Z,3819.0,3819.4,1554.4261099999999,12.387394999999742,7.620749999999816,3,0.2,0.1
4,102,8001,8001,2025-09-09T13:58:55Z,3821.0,3821.8888888888887,1562.7541350000001,20.715419999999995,47.880255000000034,3,0.2,0.1
4,103,8019,8019,2025-09-09T13:58:57Z,3823.0,3823.777777777778,1522.48834,-19.55037500000003,0.366130000000112,3,0.2,0.1
4,104,8069,8069,2025-09-09T13:59:03Z,3829.0,3829.6666666666665,1543.09542,1.0567049999999654,5.771580000000085,3,0.2,0.1
4,105,8095,8095,2025-09-09T13:59:06Z,3832.0,3832.875,1543.09526,1.0565449999999146,2.4780299999999897,3,0.2,0.1
4,106,8238,8238,2025-09-09T13:59:22Z,3848.0,3848.6,1554.91204,12.873324999999795,14.120499999999993,3,0.2,0.1
4,107,8242,8242,2025-09-09T13:59:22Z,3849.0,3849.0,1560.61808,18.579364999999825,40.24729000000002,3,0.2,0.1
4,108,8253,8253,2025-09-09T13:59:24Z,3850.0,3850.1,1541.6099399999998,-0.4287750000003143,8.902419999999893,3,0.2,0.1
4,109,8262,8262,2025-09-09T13:59:24Z,3851.0,3851.0,1560.28672,18.24800499999992,39.91585000000009,3,0.2,0.1
4,110,8316,8316,2025-09-09T13:59:30Z,3856.0,3856.4,1543.09752,1.058804999999893,2.4797000000000935,3,0.2,0.1
4,111,8329,8329,2025-09-09T13:59:31Z,3857.0,3857.7,1554.52618,12.48746499999993,30.881180000000086,3,0.2,0.1
4,112,8333,8333,2025-09-09T13:59:32Z,3858.0,3858.1,1553.21694,11.178224999999884,1.1571000000001277,3,0.2,0.1
4,113,8337,8337,2025-09-09T13:59:32Z,3858.0,3858.5,1555.759935,13.721219999999903,27.481494999999995,3,0.2,0.1
4,114,8352,8352,2025-09-09T13:59:34Z,3860.0,3860.0,1561.59789,19.55917499999987,46.61641000000009,3,0.2,0.1
4,115,8357,8357,2025-09-09T13:59:34Z,3860.0,3860.5,1558.30989,16.271174999999857,1.8028650000001107,3,0.2,0.1
4,116,8365,8365,2025-09-09T13:59:35Z,3861.0,3861.3,1554.80414,12.765424999999823,0.3162999999999556,3,0.2,0.1
4,117,8419,8419,2025-09-09T13:59:40Z,3866.0,3866.7,1556.94863,14.909914999999955,36.57721000000015,3,0.2,0.1
4,118,8427,8427,2025-09-09T13:59:41Z,3867.0,3867.5,1555.7955299999999,13.756814999999733,15.025694999999814,3,0.2,0.1
4,119,8433,8433,2025-09-09T13:59:42Z,3868.0,3868.1,1542.333415,0.2946999999999207,6.085935000000063,3,0.2,0.1
4,120,8442,8442,2025-09-09T13:59:42Z,3869.0,3869.0,1560.28658,18.24786499999982,45.19078499999978,3,0.2,0.1
4,121,8458,8458,2025-09-09T13:59:44Z,3870.0,3870.6,1554.4613,12.422584999999799,1.0450599999999213,3,0.2,0.1
4,122,8503,8503,2025-09-09T13:59:49Z,3875.0,3875.75,1558.784985,16.746269999999868,8.302425000000085,3,0.2,0.1
4,123,8510,8510,2025-09-09T13:59:50Z,3876.0,3876.714285714286,1559.27013,17.23141499999997,38.89915000000019,3,0.2,0.1
4,124,8520,8520,2025-09-09T13:59:51Z,3878.0,3878.0,1562.90965,20.870934999999918,49.40181000000007,3,0.2,0.1
4,125,8536,8536,2025-09-09T13:59:53Z,3880.0,3880.0,1550.82516,8.786444999999958,30.453670000000102,3,0.2,0.1
4,126,8577,8577,2025-09-09T13:59:58Z,3884.0,3884.777777777778,1556.95665,14.917934999999943,3.7488800000000992,3,0.2,0.1
4,127,8580,8580,2025-09-09T13:59:59Z,3885.0,3885.125,1559.26796,17.229244999999764,38.905539999999974,3,0.2,0.1
4,128,8583,8583,2025-09-09T13:59:59Z,3885.0,3885.5,1559.26796,17.229244999999764,38.905539999999974,3,0.2,0.1
4,129,8586,8586,2025-09-09T13:59:59Z,3885.0,3885.875,1530.8386,-11.200115000000096,6.345690000000104,3,0.2,0.1
4,130,8596,8596,2025-09-09T14:00:01Z,3887.0,3887.1,1560.28875,18.250034999999798,41.46729499999992,3,0.2,0.1
4,131,8612,8612,2025-09-09T14:00:02Z,3888.0,3888.7,1557.87338,15.834664999999859,37.5017499999999,3,0.2,0.1
4,132,8667,8667,2025-09-09T14:00:08Z,3894.0,3894.222222222222,1562.4197,20.380984999999782,29.711939999999913,3,0.2,0.1
4,133,8675,8675,2025-09-09T14:00:09Z,3895.0,3895.1,1541.765405,-0.2733100000000377,9.057645000000093,3,0.2,0.1
4,134,8684,8684,2025-09-09T14:00:09Z,3896.0,3896.0,1562.90696,20.868244999999888,2.6213800000000447,3,0.2,0.1
4,135,8689,8689,2025-09-09T14:00:10Z,3896.0,3896.5,1562.91436,20.87564499999985,47.81403999999998,3,0.2,0.1
4,136,8702,8702,2025-09-09T14:00:11Z,3897.0,3897.8,1557.12454,15.085824999999886,34.631650000000036,3,0.2,0.1
4,137,8749,8749,2025-09-09T14:00:16Z,3902.0,3902.6,1554.805265,12.766549999999825,34.43400500000007,3,0.2,0.1
4,138,8755,8755,2025-09-09T14:00:17Z,3903.0,3903.2,1553.5910549999999,11.552339999999731,0.823214999999891,3,0.2,0.1
4,139,8758,8758,2025-09-09T14:00:17Z,3903.0,3903.5,1554.41427,12.37555499999985,13.72829999999999,3,0.2,0.1
4,140,8765,8765,2025-09-09T14:00:18Z,3904.0,3904.2,1541.765,-0.27371500000003834,9.057639999999992,3,0.2,0.1
4,141,8769,8769,2025-09-09T14:00:18Z,3904.0,3904.6,1550.82264,8.783924999999954,27.715295000000197,3,0.2,0.1
4,142,8772,8772,2025-09-09T14:00:18Z,3904.0,3904.9,1558.54422,16.505504999999857,20.85086000000001,3,0.2,0.1
4,143,8775,8775,2025-09-09T14:00:19Z,3905.0,3905.2,1561.6006149999998,19.561899999999696,1.3142149999998765,3,0.2,0.1
4,144,8779,8779,2025-09-09T14:00:19Z,3905.0,3905.6,1562.91483,20.8761149999998,49.40850999999998,3,0.2,0.1
4,145,8792,8792,2025-09-09T14:00:20Z,3906.0,3906.9,1558.79036,16.751644999999826,6.332899999999881,3,0.2,0.1
4,146,8805,8805,2025-09-09T14:00:22Z,3908.0,3908.2,1522.48969,-19.54902500000003,0.18431500000019696,3,0.2,0.1
4,147,8838,8838,2025-09-09T14:00:25Z,3911.0,3911.5,1554.672555,12.633839999999964,2.300465000000031,3,0.2,0.1
4,148,8849,8849,2025-09-09T14:00:26Z,3912.0,3912.6,1562.43297,20.39425499999993,42.061590000000024,3,0.2,0.1
4,149,8863,8863,2025-09-09T14:00:27Z,3914.0,3914.0,1560.28468,18.245964999999842,0.8788449999999557,3,0.2,0.1
4,150,8870,8870,2025-09-09T14:00:28Z,3914.0,3914.7,1560.2859,18.247184999999945,5.554849999999988,3,0.2,0.1
4,151,8880,8880,2025-09-09T14:00:29Z,3915.0,3915.7,1562.89864,20.85992499999975,42.55551999999989,3,0.2,0.1
4,152,8895,8895,2025-09-09T14:00:31Z,3917.0,3917.2,1522.49002,-19.54869500000018,0.18439499999999498,3,0.2,0.1
4,153,8929,8929,2025-09-09T14:00:34Z,3920.0,3920.6666666666665,1551.42832,9.389604999999847,0.9433200000000852,3,0.2,0.1
4,154,8933,8933,2025-09-09T14:00:35Z,3921.0,3921.1111111111113,1558.229335,16.190619999999853,33.75810499999989,3,0.2,0.1
4,155,8942,8942,2025-09-09T14:00:36Z,3922.0,3922.1,1541.6535749999998,-0.38514000000031956,11.069614999999885,3,0.2,0.1
4,156,8956,8956,2025-09-09T14:00:37Z,3923.0,3923.625,1560.28579,18.247074999999768,39.91473999999994,3,0.2,0.1
4,157,8965,8965,2025-09-09T14:00:38Z,3924.0,3924.6666666666665,1556.616265,14.577549999999974,6.076915000000099,3,0.2,0.1
4,158,8980,8980,2025-09-09T14:00:40Z,3926.0,3926.25,1522.48958,-19.549135000000206,0.18417999999996937,3,0.2,0.1
4,159,9013,9013,2025-09-09T14:00:44Z,3930.0,3930.222222222222,1558.2544,16.215684999999894,37.883060000000114,3,0.2,0.1
4,160,9021,9021,2025-09-09T14:00:45Z,3931.0,3931.1428571428573,1540.703875,-1.334840000000213,16.22820499999989,3,0.2,0.1
4,161,9029,9029,2025-09-09T14:00:46Z,3932.0,3932.222222222222,1560.2871949999999,18.248479999999745,47.35535499999969,3,0.2,0.1
4,162,9042,9042,2025-09-09T14:00:47Z,3933.0,3933.75,1556.699875,14.661159999999882,2.091625000000022,3,0.2,0.1
4,163,9115,9115,2025-09-09T14:00:55Z,3941.0,3941.8888888888887,1543.09716,1.0584449999998924,2.4804599999999937,3,0.2,0.1
4,164,9178,9178,2025-09-09T14:01:02Z,3948.0,3948.4444444444443,1543.09685,1.0581349999997656,2.4791599999998652,3,0.2,0.1
4,165,9310,9310,2025-09-09T14:01:15Z,3961.0,3961.8,1556.86572,14.827004999999872,24.15309000000002,3,0.2,0.1
4,166,9317,9317,2025-09-09T14:01:16Z,3962.0,3962.5555555555557,1557.79731,15.758594999999787,37.426189999999906,3,0.2,0.1
4,167,9331,9331,2025-09-09T14:01:17Z,3963.0,3963.909090909091,1532.498235,-9.540480000000116,1.914594999999963,3,0.2,0.1
4,168,9339,9339,2025-09-09T14:01:18Z,3964.0,3964.7,1546.81115,4.772434999999859,14.966350000000148,3,0.2,0.1
4,169,9342,9342,2025-09-09T14:01:18Z,3965.0,3965.0,1546.81115,4.772434999999859,14.965424999999868,3,0.2,0.1
4,170,9347,9347,2025-09-09T14:01:19Z,3965.0,3965.5,1551.58502,9.546304999999847,30.164890000000014,3,0.2,0.1
4,171,9385,9385,2025-09-09T14:01:23Z,3969.0,3969.3,1543.09655,1.0578349999998409,2.479659999999967,3,0.2,0.1
4,172,9399,9399,2025-09-09T14:01:24Z,3970.0,3970.777777777778,1554.62204,12.583324999999832,8.77114000000006,3,0.2,0.1
4,173,9404,9404,2025-09-09T14:01:25Z,3971.0,3971.3,1553.543005,11.504289999999855,2.710254999999961,3,0.2,0.1
4,174,9407,9407,2025-09-09T14:01:25Z,3971.0,3971.6,1556.25326,14.214544999999816,35.88285999999994,3,0.2,0.1
4,175,9424,9424,2025-09-09T14:01:27Z,3973.0,3973.6666666666665,1549.69739,7.658674999999903,17.54627000000005,3,0.2,0.1
4,176,9431,9431,2025-09-09T14:01:28Z,3974.0,3974.5,1552.6276149999999,10.58889999999974,25.250459999999748,3,0.2,0.1
4,177,9475,9475,2025-09-09T14:01:33Z,3979.0,3979.875,1545.333685,3.294969999999921,20.966485000000148,3,0.2,0.1
4,178,9483,9483,2025-09-09T14:01:34Z,3980.0,3980.7,1559.2633,17.224584999999934,38.893130000000156,3,0.2,0.1
4,179,9502,9502,2025-09-09T14:01:36Z,3982.0,3982.6,1549.62144,7.582724999999755,21.340839999999844,3,0.2,0.1
4,180,9511,9511,2025-09-09T14:01:37Z,3983.0,3983.5,1554.61147,12.572754999999916,34.240819999999985,3,0.2,0.1
4,181,9557,9557,2025-09-09T14:01:42Z,3988.0,3988.6666666666665,1557.635135,15.596419999999853,9.992535000000089,3,0.2,0.1
4,182,9566,9566,2025-09-09T14:01:43Z,3989.0,3989.6,1557.8067500000002,15.768035000000054,44.03222000000028,3,0.2,0.1
4,183,9581,9581,2025-09-09T14:01:45Z,3991.0,3991.1,1537.99597,-4.042745000000195,5.28832999999986,3,0.2,0.1
4,184,9587,9587,2025-09-09T14:01:45Z,3991.0,3991.7,1550.8246199999999,8.78590499999973,33.946609999999964,3,0.2,0.1
4,185,9596,9596,2025-09-09T14:01:46Z,3992.0,3992.6,1553.429115,11.390399999999772,33.05871499999989,3,0.2,0.1
4,186,9646,9646,2025-09-09T14:01:51Z,3997.0,3997.7,1556.96036,14.921644999999899,40.08183000000008,3,0.2,0.1
4,187,9653,9653,2025-09-09T14:01:52Z,3998.0,3998.4,1556.14123,14.102514999999812,31.774619999999913,3,0.2,0.1
4,188,9664,9664,2025-09-09T14:01:53Z,3999.0,3999.5555555555557,1530.494465,-11.544250000000147,2.213715000000093,3,0.2,0.1
4,189,9668,9668,2025-09-09T14:01:53Z,4000.0,4000.0,1532.70818,-9.330535000000054,8.257590000000164,3,0.2,0.1
4,190,9675,9675,2025-09-09T14:01:54Z,4000.0,4000.777777777778,1550.82436,8.785644999999931,4.103710000000092,3,0.2,0.1
4,191,9685,9685,2025-09-09T14:01:55Z,4001.0,4001.8,1552.38754,10.348824999999806,32.01698499999998,3,0.2,0.1
4,192,9736,9736,2025-09-09T14:02:00Z,4006.0,4006.9,1566.81357,24.77485499999989,50.737440000000106,3,0.2,0.1
4,193,9740,9740,2025-09-09T14:02:01Z,4007.0,4007.3,1554.07803,12.03931499999976,19.651929999999993,3,0.2,0.1
4,194,9754,9754,2025-09-09T14:02:02Z,4008.0,4008.7,1530.42983,-11.6088850000001,5.970160000000078,3,0.2,0.1
4,195,9760,9760,2025-09-09T14:02:03Z,4009.0,4009.3,1533.5765849999998,-8.462130000000343,2.111209999999801,3,0.2,0.1
4,196,9769,9769,2025-09-09T14:02:04Z,4010.0,4010.2,1550.82415,8.78543499999978,1.1271649999998772,3,0.2,0.1
4,197,9773,9773,2025-09-09T14:02:04Z,4010.0,4010.6,1555.578,13.539284999999836,35.207169999999905,3,0.2,0.1
4,198,9818,9818,2025-09-09T14:02:09Z,4015.0,4015.1,1530.85159,-11.187125000000151,0.3601900000001024,3,0.2,0.1
4,199,9821,9821,2025-09-09T14:02:09Z,4015.0,4015.4,1542.720695,0.6819799999998395,11.86910499999999,3,0.2,0.1
4,200,9824,9824,2025-09-09T14:02:09Z,4015.0,4015.7,1554.5898,12.55108499999983,27.704119999999875,3,0.2,0.1
4,201,9830,9830,2025-09-09T14:02:10Z,4016.0,4016.3,1555.0301650000001,12.991449999999986,4.516545000000178,3,0.2,0.1
4,202,9833,9833,2025-09-09T14:02:10Z,4016.0,4016.6,1562.41832,20.379604999999856,42.047250000000076,3,0.2,0.1
4,203,9862,9862,2025-09-09T14:02:13Z,4019.0,4019.5,1555.26775,13.22903499999984,25.136600000000044,3,0.2,0.1
4,204,9905,9905,2025-09-09T14:02:18Z,4024.0,4024.3333333333335,1556.93881,14.900094999999965,18.47380000000021,3,0.2,0.1
4,205,9916,9916,2025-09-09T14:02:19Z,4025.0,4025.714285714286,1562.42543,20.386714999999867,42.25051000000008,3,0.2,0.1
4,206,9938,9938,2025-09-09T14:02:22Z,4028.0,4028.4444444444443,1554.45421,12.415494999999964,17.588190000000168,3,0.2,0.1
4,207,9986,9986,2025-09-09T14:02:27Z,4033.0,4033.777777777778,1550.48154,8.442824999999857,18.838570000000118,3,0.2,0.1
4,208,9991,9991,2025-09-09T14:02:28Z,4034.0,4034.3,1554.201955,12.16323999999986,3.382114999999885,3,0.2,0.1
4,209,9994,9994,2025-09-09T14:02:28Z,4034.0,4034.6,1560.76198,18.723264999999856,40.38988999999992,3,0.2,0.1
4,210,10012,10012,2025-09-09T14:02:30Z,4036.0,4036.4,1542.788945,0.750229999999874,11.323104999999941,3,0.2,0.1
4,211,10023,10023,2025-09-09T14:02:31Z,4037.0,4037.5555555555557,1558.78283,16.744114999999965,28.480020000000195,3,0.2,0.1
4,212,10071,10071,2025-09-09T14:02:36Z,4042.0,4042.4,1555.789105,13.750389999999925,32.890165000000025,3,0.2,0.1
4,213,10080,10080,2025-09-09T14:02:37Z,4043.0,4043.3,1556.43684,14.398124999999936,36.06636000000003,3,0.2,0.1
4,214,10094,10094,2025-09-09T14:02:38Z,4044.0,4044.7,1532.26791,-9.77080500000011,5.344949999999926,3,0.2,0.1
4,215,10100,10100,2025-09-09T14:02:39Z,4045.0,4045.3,1532.831695,-9.207020000000057,10.333264999999983,3,0.2,0.1
4,216,10107,10107,2025-09-09T14:02:39Z,4046.0,4046.0,1547.6565850000002,5.617870000000039,31.15876500000013,3,0.2,0.1
4,217,10112,10112,2025-09-09T14:02:40Z,4046.0,4046.5,1554.72152,12.682804999999917,34.35017000000016,3,0.2,0.1
4,218,10189,10189,2025-09-09T14:02:48Z,4054.0,4054.3,1543.0961,1.0573849999998401,2.4802700000000186,3,0.2,0.1
4,219,10281,10281,2025-09-09T14:02:57Z,4063.0,4063.5,1543.09692,1.0582049999998162,2.481700000000046,3,0.2,0.1
4,220,10287,10287,2025-09-09T14:02:58Z,4064.0,4064.1,1543.09635,1.057634999999891,0.671060000000125,3,0.2,0.1
4,221,10341,10341,2025-09-09T14:03:03Z,4069.0,4069.777777777778,1553.72123,11.682514999999967,19.29152000000022,3,0.2,0.1
4,222,10348,10348,2025-09-09T14:03:04Z,4070.0,4070.5555555555557,1559.714935,17.67621999999983,39.34366499999987,3,0.2,0.1
4,223,10373,10373,2025-09-09T14:03:07Z,4073.0,4073.4,1558.78066,16.74194499999976,34.336109999999735,3,0.2,0.1
4,224,10376,10376,2025-09-09T14:03:07Z,4073.0,4073.7,1554.6542949999998,12.615579999999682,4.126364999999851,3,0.2,0.1
4,225,10403,10403,2025-09-09T14:03:10Z,4076.0,4076.7,1543.09829,1.059574999999768,14.828209999999899,3,0.2,0.1
4,226,10423,10423,2025-09-09T14:03:12Z,4078.0,4078.9,1540.32409,-1.7146250000000691,12.054010000000062,3,0.2,0.1
4,227,10429,10429,2025-09-09T14:03:13Z,4079.0,4079.5,1559.332135,17.29341999999997,38.96067500000004,3,0.2,0.1
4,228,10457,10457,2025-09-09T14:03:16Z,4082.0,4082.5555555555557,1558.78173,16.743014999999787,27.912889999999834,3,0.2,0.1
4,229,10508,10508,2025-09-09T14:03:21Z,4087.0,4087.777777777778,1553.1401150000002,11.101400000000012,30.64558500000021,3,0.2,0.1
4,230,10518,10518,2025-09-09T14:03:22Z,4088.0,4088.8,1559.6344450000001,17.595730000000003,39.2629350000002,3,0.2,0.1
4,231,10545,10545,2025-09-09T14:03:25Z,4091.0,4091.6,1552.3779650000001,10.339249999999993,24.105605000000196,3,0.2,0.1
4,232,10597,10597,2025-09-09T14:03:30Z,4096.0,4096.8,1558.78368,16.744964999999866,17.569349999999986,3,0.2,0.1
4,233,10603,10603,2025-09-09T14:03:31Z,4097.0,4097.4,1559.27898,17.24026499999991,38.90740000000005,3,0.2,0.1
4,234,10632,10632,2025-09-09T14:03:34Z,4100.0,4100.3,1550.79853,8.75981499999989,10.30867000000012,3,0.2,0.1
4,235,10687,10687,2025-09-09T14:03:39Z,4105.0,4105.8,1554.72038,12.681664999999839,27.83330000000001,3,0.2,0.1
4,236,10696,10696,2025-09-09T14:03:40Z,4106.0,4106.7,1559.26386,17.225144999999884,38.89230999999995,3,0.2,0.1
4,237,10724,10724,2025-09-09T14:03:43Z,4109.0,4109.6,1557.868915,15.830199999999877,33.43276500000002,3,0.2,0.1
4,238,10771,10771,2025-09-09T14:03:48Z,4114.0,4114.857142857143,1549.31818,7.2794649999998455,18.827219999999897,3,0.2,0.1
4,239,10778,10778,2025-09-09T14:03:49Z,4115.0,4115.6,1559.26411,17.225394999999935,23.030269999999973,3,0.2,0.1
4,240,10797,10797,2025-09-09T14:03:51Z,4117.0,4117.888888888889,1560.61223,18.573514999999816,40.24064999999996,3,0.2,0.1
4,241,10800,10800,2025-09-09T14:03:52Z,4118.0,4118.333333333333,1558.78462,16.745904999999766,3.0787999999997737,3,0.2,0.1
4,242,10845,10845,2025-09-09T14:03:57Z,4123.0,4123.777777777777,1552.37088,10.332164999999804,24.101109999999835,3,0.2,0.1
4,243,10851,10851,2025-09-09T14:03:58Z,4124.0,4124.444444444444,1553.33815,11.299434999999903,24.75073999999995,3,0.2,0.1
4,244,10877,10877,2025-09-09T14:04:01Z,4127.0,4127.3,1560.94641,18.907694999999876,40.57580000000007,3,0.2,0.1
4,245,10883,10883,2025-09-09T14:04:01Z,4127.0,4127.9,1548.580025,6.541309999999839,1.94691499999999,3,0.2,0.1
4,246,10931,10931,2025-09-09T14:04:06Z,4132.0,4132.8,1554.71574,12.677024999999958,32.221540000000005,3,0.2,0.1
4,247,10940,10940,2025-09-09T14:04:07Z,4133.0,4133.777777777777,1559.270055,17.23133999999982,38.89821499999994,3,0.2,0.1
4,248,10968,10968,2025-09-09T14:04:10Z,4136.0,4136.6,1555.57778,13.539064999999937,27.309650000000147,3,0.2,0.1
4,249,11020,11020,2025-09-09T14:04:15Z,4141.0,4141.8,1556.9445,14.905784999999923,34.44875999999999,3,0.2,0.1
4,250,11030,11030,2025-09-09T14:04:16Z,4142.0,4142.8,1559.85702,17.818304999999782,39.48577999999998,3,0.2,0.1
4,251,11057,11057,2025-09-09T14:04:19Z,4145.0,4145.5,1558.7807,16.741984999999886,13.895130000000108,3,0.2,0.1
4,252,11105,11105,2025-09-09T14:04:24Z,4150.0,4150.3,1540.61638,-1.4223350000002029,9.931845000000067,3,0.2,0.1
4,253,11118,11118,2025-09-09T14:04:25Z,4151.0,4151.6,1559.2624,17.223684999999932,38.89169000000015,3,0.2,0.1
4,254,11147,11147,2025-09-09T14:04:28Z,4154.0,4154.666666666667,1554.43821,12.399494999999888,21.694529999999986,3,0.2,0.1
4,255,11201,11201,2025-09-09T14:04:34Z,4160.0,4160.625,1543.09726,1.0585449999998673,2.4803799999999683,3,0.2,0.1
4,256,11288,11288,2025-09-09T14:04:44Z,4170.0,4170.777777777777,1556.95427,14.915554999999813,30.42606999999998,3,0.2,0.1
4,257,11299,11299,2025-09-09T14:04:45Z,4171.0,4171.9,1560.849015,18.81029999999987,36.41277500000001,3,0.2,0.1
4,258,11323,11323,2025-09-09T14:04:48Z,4174.0,4174.333333333333,1558.78097,16.742254999999886,0.9049999999999727,3,0.2,0.1
4,259,11329,11329,2025-09-09T14:04:48Z,4175.0,4175.0,1562.89932,20.86060499999985,44.077870000000075,3,0.2,0.1
4,260,11341,11341,2025-09-09T14:04:50Z,4176.0,4176.2,1530.85203,-11.186685000000125,0.3604800000000523,3,0.2,0.1
4,261,11356,11356,2025-09-09T14:04:51Z,4177.0,4177.875,1543.09822,1.0595049999999446,2.4819250000000466,3,0.2,0.1
4,262,11373,11373,2025-09-09T14:04:53Z,4179.0,4179.6,1553.484865,11.446149999999761,29.188544999999976,3,0.2,0.1
4,263,11385,11385,2025-09-09T14:04:54Z,4180.0,4180.8,1559.944845,17.906129999999848,35.90008499999999,3,0.2,0.1
4,264,11410,11410,2025-09-09T14:04:57Z,4183.0,4183.3,1548.9463150000001,6.907600000000002,5.862475000000131,3,0.2,0.1
4,265,11414,11414,2025-09-09T14:04:57Z,4183.0,4183.7,1552.6678900000002,10.629175000000032,28.231630000000223,3,0.2,0.1
4,266,11450,11450,2025-09-09T14:05:01Z,4187.0,4187.4,1543.09822,1.0595049999999446,4.535870000000159,3,0.2,0.1
4,267,11464,11464,2025-09-09T14:05:02Z,4188.0,4188.8,1545.4688,3.4300849999999627,23.901150000000143,3,0.2,0.1
4,268,11467,11467,2025-09-09T14:05:03Z,4189.0,4189.1,1538.56235,-3.4763650000002144,7.836225000000013,3,0.2,0.1
4,269,11477,11477,2025-09-09T14:05:04Z,4190.0,4190.111111111111,1562.42715,20.388434999999845,38.38265999999999,3,0.2,0.1
4,270,11501,11501,2025-09-09T14:05:06Z,4192.0,4192.6,1552.37284,10.334124999999858,0.9228849999999511,3,0.2,0.1
4,271,11504,11504,2025-09-09T14:05:06Z,4192.0,4192.9,1552.53784,10.499124999999822,28.102840000000015,3,0.2,0.1
4,272,11539,11539,2025-09-09T14:05:10Z,4196.0,4196.4,1543.09779,1.0590749999998934,2.481649999999945,3,0.2,0.1
4,273,11553,11553,2025-09-09T14:05:11Z,4197.0,4197.8,1556.95523,14.91651499999989,9.558099999999968,3,0.2,0.1
4,274,11565,11565,2025-09-09T14:05:12Z,4199.0,4199.0,1562.42344,20.38472499999989,37.98797000000013,3,0.2,0.1
4,275,11572,11572,2025-09-09T14:05:13Z,4199.0,4199.7,1533.58083,-8.457885000000033,0.8388899999999921,3,0.2,0.1
4,276,11595,11595,2025-09-09T14:05:15Z,4202.0,4202.0,1562.89909,20.86037499999975,42.52781999999979,3,0.2,0.1
4,277,11629,11629,2025-09-09T14:05:19Z,4205.0,4205.555555555556,1543.09824,1.0595249999998941,2.480180000000246,3,0.2,0.1
4,278,11639,11639,2025-09-09T14:05:20Z,4206.0,4206.666666666667,1551.8493600000002,9.810645000000022,27.805570000000216,3,0.2,0.1
4,279,11651,11651,2025-09-09T14:05:22Z,4208.0,4208.0,1562.42472,20.38600499999984,37.98958999999991,3,0.2,0.1
4,280,11671,11671,2025-09-09T14:05:24Z,4210.0,4210.222222222223,1562.8799,20.84118499999977,44.043699999999944,3,0.2,0.1
4,281,11711,11711,2025-09-09T14:05:28Z,4214.0,4214.857142857143,1543.09817,1.0594549999998435,19.054304999999886,3,0.2,0.1
4,282,11723,11723,2025-09-09T14:05:30Z,4216.0,4216.111111111111,1536.97828,-5.060435000000098,11.202649999999949,3,0.2,0.1
4,283,11732,11732,2025-09-09T14:05:31Z,4217.0,4217.1,1560.61656,18.577844999999797,37.71957999999995,3,0.2,0.1
4,284,11755,11755,2025-09-09T14:05:33Z,4219.0,4219.555555555556,1552.45855,10.419834999999921,19.735180000000128,3,0.2,0.1
4,285,11758,11758,2025-09-09T14:05:33Z,4219.0,4219.888888888889,1552.45855,10.419834999999921,19.735180000000128,3,0.2,0.1
4,286,11806,11806,2025-09-09T14:05:38Z,4224.0,4224.7,1556.865135,14.826419999999871,12.000054999999975,3,0.2,0.1
4,287,11821,11821,2025-09-09T14:05:40Z,4226.0,4226.2,1562.427745,20.38902999999982,39.937484999999924,3,0.2,0.1
4,288,11840,11840,2025-09-09T14:05:42Z,4228.0,4228.1,1560.32617,18.28745499999991,35.89293999999995,3,0.2,0.1
4,289,11843,11843,2025-09-09T14:05:42Z,4228.0,4228.4,1556.95996,14.921244999999772,1.396534999999858,3,0.2,0.1
4,290,11847,11847,2025-09-09T14:05:42Z,4228.0,4228.8,1554.5691,12.530384999999796,1.884209999999939,3,0.2,0.1
4,291,11896,11896,2025-09-09T14:05:47Z,4233.0,4233.7,1556.94073,14.902014999999892,32.89748500000019,3,0.2,0.1
4,292,11909,11909,2025-09-09T14:05:48Z,4235.0,4235.0,1562.42386,20.385144999999966,39.92990000000009,3,0.2,0.1
4,293,11916,11916,2025-09-09T14:05:49Z,4235.0,4235.7,1533.57952,-8.459195000000136,0.838649999999916,3,0.2,0.1
4,294,11934,11934,2025-09-09T14:05:51Z,4237.0,4237.5,1536.673835,-5.364880000000085,16.303325000000086,3,0.2,0.1
4,295,11937,11937,2025-09-09T14:05:51Z,4237.0,4237.8,1537.448365,-4.590350000000171,17.077855,3,0.2,0.1
4,296,11988,11988,2025-09-09T14:05:56Z,4242.0,4242.9,1558.78905,16.75033499999995,21.919740000000047,3,0.2,0.1
4,297,12001,12001,2025-09-09T14:05:58Z,4244.0,4244.2,1562.42788,20.38916499999982,42.056569999999965,3,0.2,0.1
4,298,12023,12023,2025-09-09T14:06:00Z,4246.0,4246.4,1545.7536100000002,3.7148950000000696,13.028950000000123,3,0.2,0.1
4,299,12029,12029,2025-09-09T14:06:00Z,4247.0,4247.0,1558.78704,16.748324999999795,26.062379999999848,3,0.2,0.1
4,300,12074,12074,2025-09-09T14:06:05Z,4251.0,4251.777777777777,1552.37036,10.331644999999753,28.079499999999825,3,0.2,0.1
4,301,12087,12087,2025-09-09T14:06:07Z,4253.0,4253.125,1562.42768,20.38896499999987,38.38468000000012,3,0.2,0.1
4,302,12102,12102,2025-09-09T14:06:09Z,4255.0,4255.1,1554.41511,12.376394999999775,5.66595499999994,3,0.2,0.1
4,303,12110,12110,2025-09-09T14:06:09Z,4255.0,4255.9,1556.97083,14.93211499999984,24.232410000000073,3,0.2,0.1
4,304,12140,12140,2025-09-09T14:06:13Z,4259.0,4259.428571428572,1543.0988,1.0600849999998445,2.480389999999943,3,0.2,0.1
5,0,5600,5600,2025-09-09T13:54:41Z,3567.0,3567.5,1552.71653,21.860725000000002,27.970669999999927,3,0.2,0.1
5,1,5684,5684,2025-09-09T13:54:49Z,3575.0,3575.9,1548.45171,17.59590500000013,3.5683400000000347,3,0.2,0.1
5,2,5700,5700,2025-09-09T13:54:51Z,3577.0,3577.5,1552.95405,22.098245000000134,27.76505999999995,3,0.2,0.1
5,3,5773,5773,2025-09-09T13:54:58Z,3584.0,3584.8,1572.78457,41.92876500000011,52.4038700000001,3,0.2,0.1
5,4,5791,5791,2025-09-09T13:55:00Z,3586.0,3586.6,1562.90799,32.05218500000001,32.581699999999955,3,0.2,0.1
5,5,5809,5809,2025-09-09T13:55:02Z,3588.0,3588.5,1538.78173,7.9259250000000065,13.610889999999927,3,0.2,0.1
5,6,5867,5867,2025-09-09T13:55:09Z,3595.0,3595.4285714285716,1574.68403,43.828224999999975,62.19254999999998,3,0.2,0.1
5,7,6019,6019,2025-09-09T13:55:26Z,3612.0,3612.5,1567.42598,36.57017500000006,42.2822799999999,3,0.2,0.1
5,8,6108,6108,2025-09-09T13:55:35Z,3621.0,3621.4,1554.59669,23.740885000000162,32.08026000000018,3,0.2,0.1
5,9,6221,6221,2025-09-09T13:55:47Z,3633.0,3633.3,1547.4144,16.55859499999997,14.667359999999917,3,0.2,0.1
5,10,6239,6239,2025-09-09T13:55:49Z,3635.0,3635.1,1540.6083,9.75249500000018,16.550250000000005,3,0.2,0.1
5,11,6258,6258,2025-09-09T13:55:50Z,3637.0,3637.0,1530.13556,-0.7202449999999772,1.8656599999999344,3,0.2,0.1
5,12,6267,6267,2025-09-09T13:55:51Z,3637.0,3637.9,1542.42556,11.569754999999986,18.370959999999968,3,0.2,0.1
5,13,6278,6278,2025-09-09T13:55:52Z,3639.0,3639.0,1556.10449,25.248685000000023,33.441859999999906,3,0.2,0.1
5,14,6292,6292,2025-09-09T13:55:54Z,3640.0,3640.4,1558.2909650000001,27.435160000000224,34.083205000000135,3,0.2,0.1
5,15,6319,6319,2025-09-09T13:55:57Z,3643.0,3643.1111111111113,1558.79091,27.93510500000002,36.294369999999844,3,0.2,0.1
5,16,6392,6392,2025-09-09T13:56:05Z,3651.0,3651.6,1554.42698,23.57117500000004,33.18081999999981,3,0.2,0.1
5,17,6430,6430,2025-09-09T13:56:09Z,3655.0,3655.8,1540.61546,9.759655000000066,1.8374100000000908,3,0.2,0.1
5,18,6444,6444,2025-09-09T13:56:11Z,3657.0,3657.4,1562.43186,31.576054999999997,50.17034999999987,3,0.2,0.1
5,19,6455,6455,2025-09-09T13:56:12Z,3658.0,3658.625,1546.63845,15.782645000000002,30.167309999999816,3,0.2,0.1
5,20,6472,6472,2025-09-09T13:56:14Z,3660.0,3660.625,1553.396575,22.540770000000066,31.27513500000009,3,0.2,0.1
5,21,6504,6504,2025-09-09T13:56:18Z,3664.0,3664.1,1526.1584349999998,-4.697370000000092,2.1062249999997675,3,0.2,0.1
5,22,6522,6522,2025-09-09T13:56:19Z,3665.0,3665.9,1554.97253,24.116725000000088,32.48704499999985,3,0.2,0.1
5,23,6528,6528,2025-09-09T13:56:20Z,3666.0,3666.5,1552.71352,21.8577150000001,4.330339999999978,3,0.2,0.1
5,24,6537,6537,2025-09-09T13:56:21Z,3667.0,3667.4,1536.95542,6.099615000000085,12.086520000000064,3,0.2,0.1
5,25,6561,6561,2025-09-09T13:56:23Z,3669.0,3669.8,1558.79088,27.935075000000097,44.47298000000001,3,0.2,0.1
5,26,6610,6610,2025-09-09T13:56:28Z,3674.0,3674.7,1552.37945,21.523644999999988,23.776839999999993,3,0.2,0.1
5,27,6613,6613,2025-09-09T13:56:28Z,3675.0,3675.0,1548.13476,17.278954999999996,0.6625249999999596,3,0.2,0.1
5,28,6617,6617,2025-09-09T13:56:29Z,3675.0,3675.4,1552.815445,21.959640000000036,31.569954999999936,3,0.2,0.1
5,29,6645,6645,2025-09-09T13:56:32Z,3678.0,3678.2,1560.61904,29.763235000000122,38.497569999999996,3,0.2,0.1
5,30,6651,6651,2025-09-09T13:56:32Z,3678.0,3678.8,1554.41399,23.558185000000094,2.8724999999999454,3,0.2,0.1
5,31,6700,6700,2025-09-09T13:56:37Z,3683.0,3683.7,1553.7206,22.864795000000186,5.337780000000066,3,0.2,0.1
5,32,6707,6707,2025-09-09T13:56:38Z,3684.0,3684.4,1562.43269,31.576885000000175,42.077040000000125,3,0.2,0.1
5,33,6735,6735,2025-09-09T13:56:41Z,3687.0,3687.3333333333335,1555.88619,25.030385000000024,15.261430000000018,3,0.2,0.1
5,34,6785,6785,2025-09-09T13:56:47Z,3693.0,3693.285714285714,1556.38761,25.531805000000077,23.090504999999894,3,0.2,0.1
5,35,6811,6811,2025-09-09T13:56:50Z,3696.0,3696.3333333333335,1550.50307,19.64726500000006,7.740440000000035,3,0.2,0.1
5,36,6816,6816,2025-09-09T13:56:50Z,3696.0,3696.8888888888887,1558.78982,27.934015000000045,36.66816999999992,3,0.2,0.1
5,37,6873,6873,2025-09-09T13:56:57Z,3703.0,3703.1,1540.6168,9.760995000000094,1.8390699999999924,3,0.2,0.1
5,38,6904,6904,2025-09-09T13:57:00Z,3706.0,3706.2,1542.42523,11.569425000000138,18.37962000000016,3,0.2,0.1
5,39,7021,7021,2025-09-09T13:57:11Z,3717.0,3717.9,1534.42276,3.566955000000007,1.6883399999999256,3,0.2,0.1
5,40,7192,7192,2025-09-09T13:57:30Z,3736.0,3736.3333333333335,1555.7397649999998,24.883959999999888,33.61853499999961,3,0.2,0.1
5,41,7205,7205,2025-09-09T13:57:32Z,3738.0,3738.0,1560.29786,29.442054999999982,39.92792999999983,3,0.2,0.1
5,42,7227,7227,2025-09-09T13:57:34Z,3740.0,3740.375,1554.74461,23.888805000000048,13.982584999999972,3,0.2,0.1
5,43,7257,7257,2025-09-09T13:57:37Z,3743.0,3743.8888888888887,1542.42577,11.569965000000138,3.6470600000000104,3,0.2,0.1
5,44,7274,7274,2025-09-09T13:57:39Z,3745.0,3745.8,1564.52797,33.67216500000018,52.2651400000002,3,0.2,0.1
5,45,7280,7280,2025-09-09T13:57:40Z,3746.0,3746.4,1542.1714900000002,11.315685000000258,15.266020000000253,3,0.2,0.1
5,46,7287,7287,2025-09-09T13:57:41Z,3747.0,3747.1,1560.29006,29.43425500000012,38.168480000000045,3,0.2,0.1
5,47,7293,7293,2025-09-09T13:57:41Z,3747.0,3747.7,1536.692775,5.836970000000065,11.701835000000074,3,0.2,0.1
5,48,7307,7307,2025-09-09T13:57:43Z,3749.0,3749.1,1548.44669,17.59088500000007,7.013479999999845,3,0.2,0.1
5,49,7312,7312,2025-09-09T13:57:43Z,3749.0,3749.6,1554.58972,23.733915000000025,29.598780000000033,3,0.2,0.1
5,50,7344,7344,2025-09-09T13:57:46Z,3753.0,3753.0,1540.61709,9.761285000000044,1.8395499999999174,3,0.2,0.1
5,51,7359,7359,2025-09-09T13:57:48Z,3754.0,3754.5555555555557,1540.61718,9.761375000000044,18.111419999999953,3,0.2,0.1
5,52,7368,7368,2025-09-09T13:57:49Z,3755.0,3755.5,1560.45172,29.595915000000105,44.37563,3,0.2,0.1
5,53,7375,7375,2025-09-09T13:57:50Z,3756.0,3756.2,1535.68515,4.829345000000103,5.555219999999963,3,0.2,0.1
5,54,7378,7378,2025-09-09T13:57:50Z,3756.0,3756.5,1536.25374,5.397935000000189,3.0619050000000243,3,0.2,0.1
5,55,7400,7400,2025-09-09T13:57:52Z,3758.0,3758.7,1555.586395,24.73059000000012,29.90431999999987,3,0.2,0.1
5,56,7442,7442,2025-09-09T13:57:56Z,3762.0,3762.9,1540.61755,9.761745000000019,1.840389999999843,3,0.2,0.1
5,57,7450,7450,2025-09-09T13:57:57Z,3763.0,3763.7,1552.37937,21.52356500000019,25.10398000000032,3,0.2,0.1
5,58,7458,7458,2025-09-09T13:57:58Z,3764.0,3764.5,1556.21851,25.362705000000005,35.84807000000001,3,0.2,0.1
5,59,7468,7468,2025-09-09T13:57:59Z,3765.0,3765.5,1526.65541,-4.200394999999844,1.6913700000000063,3,0.2,0.1
5,60,7490,7490,2025-09-09T13:58:01Z,3767.0,3767.7,1555.6238050000002,24.768000000000256,33.50245500000028,3,0.2,0.1
5,61,7536,7536,2025-09-09T13:58:06Z,3772.0,3772.3,1538.866455,8.010650000000169,16.35278500000004,3,0.2,0.1
5,62,7547,7547,2025-09-09T13:58:07Z,3773.0,3773.4,1560.45247,29.59666500000003,48.087769999999864,3,0.2,0.1
5,63,7558,7558,2025-09-09T13:58:08Z,3774.0,3774.5,1554.40747,23.551665000000185,32.28607000000011,3,0.2,0.1
5,64,7579,7579,2025-09-09T13:58:10Z,3776.0,3776.777777777778,1552.382695,21.526890000000094,15.426195000000007,3,0.2,0.1
5,65,7623,7623,2025-09-09T13:58:16Z,3782.0,3782.5555555555557,1562.42711,31.571305000000166,50.1575600000001,3,0.2,0.1
5,66,7632,7632,2025-09-09T13:58:17Z,3783.0,3783.625,1534.43684,3.5810350000001563,17.006770000000188,3,0.2,0.1
5,67,7649,7649,2025-09-09T13:58:19Z,3785.0,3785.7,1553.393235,22.537430000000086,33.02190500000006,3,0.2,0.1
5,68,7690,7690,2025-09-09T13:58:24Z,3790.0,3790.4,1554.7071700000001,23.851365000000214,38.62485000000015,3,0.2,0.1
5,69,7700,7700,2025-09-09T13:58:25Z,3791.0,3791.4,1548.55571,17.69990500000017,28.40461500000015,3,0.2,0.1
5,70,7713,7713,2025-09-09T13:58:26Z,3792.0,3792.777777777778,1546.785515,15.929710000000114,4.07202499999994,3,0.2,0.1
5,71,7731,7731,2025-09-09T13:58:28Z,3794.0,3794.6666666666665,1557.874115,27.018310000000156,40.99446499999999,3,0.2,0.1
5,72,7783,7783,2025-09-09T13:58:33Z,3800.0,3800.0,1555.96845,25.112645000000157,35.597260000000006,3,0.2,0.1
5,73,7786,7786,2025-09-09T13:58:34Z,3800.0,3800.3,1555.96845,25.112645000000157,35.597260000000006,3,0.2,0.1
5,74,7797,7797,2025-09-09T13:58:35Z,3801.0,3801.4,1542.63689,11.781085000000076,8.216689999999971,3,0.2,0.1
5,75,7801,7801,2025-09-09T13:58:35Z,3801.0,3801.8,1542.63689,11.781085000000076,8.216689999999971,3,0.2,0.1
5,76,7820,7820,2025-09-09T13:58:37Z,3803.0,3803.7,1558.77922,27.923414999999977,38.40833999999995,3,0.2,0.1
5,77,7867,7867,2025-09-09T13:58:42Z,3808.0,3808.4,1550.68811,19.832305000000133,28.171370000000024,3,0.2,0.1
5,78,7874,7874,2025-09-09T13:58:43Z,3809.0,3809.1,1553.909705,23.053900000000112,23.768775000000005,3,0.2,0.1
5,79,7881,7881,2025-09-09T13:58:43Z,3809.0,3809.8,1550.51441,19.65860500000008,19.125240000000076,3,0.2,0.1
5,80,7886,7886,2025-09-09T13:58:44Z,3810.0,3810.3,1533.336115,2.480310000000145,0.5996549999999843,3,0.2,0.1
5,81,7889,7889,2025-09-09T13:58:44Z,3810.0,3810.6,1542.61506,11.759255000000167,4.939300000000003,3,0.2,0.1
5,82,7912,7912,2025-09-09T13:58:46Z,3812.0,3812.9,1560.7005049999998,29.844699999999875,48.43111499999986,3,0.2,0.1
5,83,7928,7928,2025-09-09T13:58:48Z,3814.0,3814.5,1521.24649,-9.609314999999924,0.8751199999999244,3,0.2,0.1
5,84,7957,7957,2025-09-09T13:58:51Z,3817.0,3817.4,1554.67525,23.819445000000087,34.303879999999936,3,0.2,0.1
5,85,7967,7967,2025-09-09T13:58:52Z,3818.0,3818.4,1548.4843150000002,17.628510000000233,20.401900000000296,3,0.2,0.1
5,86,8001,8001,2025-09-09T13:58:55Z,3821.0,3821.8888888888887,1558.79033,27.93452500000012,38.42003,3,0.2,0.1
5,87,8070,8070,2025-09-09T13:59:03Z,3829.0,3829.777777777778,1540.61745,9.761645000000044,1.8398199999999179,3,0.2,0.1
5,88,8099,8099,2025-09-09T13:59:07Z,3833.0,3833.3333333333335,1542.42519,11.569385000000011,8.002899999999954,3,0.2,0.1
5,89,8238,8238,2025-09-09T13:59:22Z,3848.0,3848.6,1550.4861,19.63029500000016,11.902469999999994,3,0.2,0.1
5,90,8242,8242,2025-09-09T13:59:22Z,3849.0,3849.0,1559.2819,28.426095000000032,46.39328999999998,3,0.2,0.1
5,91,8253,8253,2025-09-09T13:59:24Z,3850.0,3850.1,1536.587405,5.731600000000071,12.020504999999957,3,0.2,0.1
5,92,8256,8256,2025-09-09T13:59:24Z,3850.0,3850.4,1531.0031450000001,0.14734000000021297,6.326925000000074,3,0.2,0.1
5,93,8279,8279,2025-09-09T13:59:26Z,3852.0,3852.7,1550.82492,19.9691150000001,28.703379999999925,3,0.2,0.1
5,94,8316,8316,2025-09-09T13:59:30Z,3856.0,3856.4,1540.61775,9.761944999999969,1.8402599999999438,3,0.2,0.1
5,95,8329,8329,2025-09-09T13:59:31Z,3857.0,3857.7,1552.37939,21.52358500000014,29.863070000000107,3,0.2,0.1
5,96,8333,8333,2025-09-09T13:59:32Z,3858.0,3858.1,1556.02514,25.169335000000046,41.72378000000003,3,0.2,0.1
5,97,8337,8337,2025-09-09T13:59:32Z,3858.0,3858.5,1553.968885,23.113080000000082,1.1992549999999937,3,0.2,0.1
5,98,8343,8343,2025-09-09T13:59:33Z,3859.0,3859.1,1538.76511,7.909305000000131,14.101239999999962,3,0.2,0.1
5,99,8352,8352,2025-09-09T13:59:34Z,3860.0,3860.0,1560.2875,29.43169499999999,48.022759999999835,3,0.2,0.1
5,100,8364,8364,2025-09-09T13:59:35Z,3861.0,3861.2,1554.40594,23.550135000000182,34.034850000000006,3,0.2,0.1
5,101,8419,8419,2025-09-09T13:59:40Z,3866.0,3866.7,1554.57466,23.718855000000076,35.75423999999998,3,0.2,0.1
5,102,8427,8427,2025-09-09T13:59:41Z,3867.0,3867.5,1553.3688849999999,22.513079999999945,37.29133499999989,3,0.2,0.1
5,103,8445,8445,2025-09-09T13:59:43Z,3869.0,3869.3,1522.4922900000001,-8.36351499999978,2.1309900000001107,3,0.2,0.1
5,104,8459,8459,2025-09-09T13:59:44Z,3870.0,3870.7,1552.383,21.52719500000012,32.012030000000095,3,0.2,0.1
5,105,8503,8503,2025-09-09T13:59:49Z,3875.0,3875.75,1556.693995,25.838190000000168,11.811384999999973,3,0.2,0.1
5,106,8509,8509,2025-09-09T13:59:50Z,3876.0,3876.5714285714284,1558.8206,27.964795000000095,45.31508000000008,3,0.2,0.1
5,107,8520,8520,2025-09-09T13:59:51Z,3878.0,3878.0,1560.2870950000001,29.431290000000217,46.77800500000012,3,0.2,0.1
5,108,8535,8535,2025-09-09T13:59:53Z,3879.0,3879.8571428571427,1556.71753,25.86172499999998,34.4082599999997,3,0.2,0.1
5,109,8577,8577,2025-09-09T13:59:58Z,3884.0,3884.777777777778,1554.75366,23.897855000000163,7.11220000000003,3,0.2,0.1
5,110,8583,8583,2025-09-09T13:59:59Z,3885.0,3885.5,1558.45307,27.597265000000107,36.33191000000011,3,0.2,0.1
5,111,8604,8604,2025-09-09T14:00:01Z,3887.0,3887.9,1521.244285,-9.611519999999928,0.8816750000000866,3,0.2,0.1
5,112,8607,8607,2025-09-09T14:00:02Z,3888.0,3888.2,1522.12688,-8.72892499999989,0.8821350000000621,3,0.2,0.1
5,113,8612,8612,2025-09-09T14:00:02Z,3888.0,3888.7,1554.5860050000001,23.730200000000195,32.46438500000022,3,0.2,0.1
5,114,8667,8667,2025-09-09T14:00:08Z,3894.0,3894.222222222222,1560.61992,29.764115000000174,47.11259000000018,3,0.2,0.1
5,115,8675,8675,2025-09-09T14:00:09Z,3895.0,3895.1,1537.5793549999999,6.723549999999932,12.93211499999984,3,0.2,0.1
5,116,8683,8683,2025-09-09T14:00:09Z,3895.0,3895.9,1560.289315,29.43351000000007,45.9987450000001,3,0.2,0.1
5,117,8702,8702,2025-09-09T14:00:11Z,3897.0,3897.8,1554.46638,23.610575000000154,31.973920000000135,3,0.2,0.1
5,118,8747,8747,2025-09-09T14:00:16Z,3902.0,3902.4,1552.37117,21.515364999999974,30.249799999999823,3,0.2,0.1
5,119,8755,8755,2025-09-09T14:00:17Z,3903.0,3903.2,1547.40125,16.545444999999972,6.486329999999953,3,0.2,0.1
5,120,8758,8758,2025-09-09T14:00:17Z,3903.0,3903.5,1548.427675,17.57186999999999,12.535640000000058,3,0.2,0.1
5,121,8765,8765,2025-09-09T14:00:18Z,3904.0,3904.2,1537.73116,6.875355000000127,13.091480000000047,3,0.2,0.1
5,122,8769,8769,2025-09-09T14:00:18Z,3904.0,3904.6,1532.164985,1.3091799999999694,18.657654999999977,3,0.2,0.1
5,123,8773,8773,2025-09-09T14:00:18Z,3905.0,3905.0,1560.28874,29.432935000000043,39.04240499999992,3,0.2,0.1
5,124,8789,8789,2025-09-09T14:00:20Z,3906.0,3906.6,1558.79036,27.934555000000046,36.29773,3,0.2,0.1
5,125,8838,8838,2025-09-09T14:00:25Z,3911.0,3911.5,1554.54572,23.689915000000155,1.336180000000013,3,0.2,0.1
5,126,8849,8849,2025-09-09T14:00:26Z,3912.0,3912.6,1562.43297,31.57716500000015,50.16951000000017,3,0.2,0.1
5,127,8865,8865,2025-09-09T14:00:28Z,3914.0,3914.2,1558.51556,27.659755000000132,6.145020000000159,3,0.2,0.1
5,128,8880,8880,2025-09-09T14:00:29Z,3915.0,3915.7,1558.79155,27.935744999999997,37.544534999999996,3,0.2,0.1
5,129,8937,8937,2025-09-09T14:00:35Z,3921.0,3921.5555555555557,1559.26925,28.413445000000138,45.588250000000016,3,0.2,0.1
5,130,8945,8945,2025-09-09T14:00:36Z,3922.0,3922.4,1550.82267,19.966865000000098,20.687529999999924,3,0.2,0.1
5,131,8956,8956,2025-09-09T14:00:37Z,3923.0,3923.625,1558.48367,27.627865000000156,42.40382999999997,3,0.2,0.1
5,132,8965,8965,2025-09-09T14:00:38Z,3924.0,3924.6666666666665,1554.39846,23.542654999999968,31.90544,3,0.2,0.1
5,133,9011,9011,2025-09-09T14:00:43Z,3930.0,3930.0,1549.32,18.464195000000018,28.948824999999943,3,0.2,0.1
5,134,9017,9017,2025-09-09T14:00:44Z,3930.0,3930.6666666666665,1562.43174,31.575935000000072,49.5485799999999,3,0.2,0.1
5,135,9021,9021,2025-09-09T14:00:45Z,3931.0,3931.1428571428573,1538.71046,7.854655000000093,11.80024000000003,3,0.2,0.1
5,136,9024,9024,2025-09-09T14:00:45Z,3931.0,3931.5714285714284,1531.38708,0.5312750000000506,4.476859999999988,3,0.2,0.1
5,137,9042,9042,2025-09-09T14:00:47Z,3933.0,3933.75,1553.392835,22.537030000000186,31.27096500000016,3,0.2,0.1
5,138,9119,9119,2025-09-09T14:00:56Z,3942.0,3942.3333333333335,1540.61798,9.76217500000007,1.8400699999999688,3,0.2,0.1
5,139,9168,9168,2025-09-09T14:01:01Z,3947.0,3947.4,1542.42506,11.569255000000112,3.6466100000000097,3,0.2,0.1
5,140,9310,9310,2025-09-09T14:01:15Z,3961.0,3961.8,1553.7174249999998,22.861619999999903,29.330034999999725,3,0.2,0.1
5,141,9317,9317,2025-09-09T14:01:16Z,3962.0,3962.5555555555557,1554.898645,24.04284000000007,41.39532499999996,3,0.2,0.1
5,142,9331,9331,2025-09-09T14:01:17Z,3963.0,3963.909090909091,1529.80831,-1.0474950000000263,2.898759999999811,3,0.2,0.1
5,143,9335,9335,2025-09-09T14:01:18Z,3964.0,3964.3,1527.416545,-3.4392599999998765,0.5069949999999608,3,0.2,0.1
5,144,9346,9346,2025-09-09T14:01:19Z,3965.0,3965.4,1550.49733,19.641525,28.371309999999994,3,0.2,0.1
5,145,9383,9383,2025-09-09T14:01:23Z,3969.0,3969.1,1540.61699,9.761185000000069,1.8382200000000921,3,0.2,0.1
5,146,9399,9399,2025-09-09T14:01:24Z,3970.0,3970.777777777778,1552.37178,21.515975000000026,8.359675000000152,3,0.2,0.1
5,147,9404,9404,2025-09-09T14:01:25Z,3971.0,3971.3,1551.106075,20.25027,2.9695950000000266,3,0.2,0.1
5,148,9407,9407,2025-09-09T14:01:25Z,3971.0,3971.6,1554.07567,23.219865000000027,31.953109999999924,3,0.2,0.1
5,149,9423,9423,2025-09-09T14:01:27Z,3973.0,3973.5555555555557,1550.667575,19.811770000000024,28.170084999999972,3,0.2,0.1
5,150,9431,9431,2025-09-09T14:01:28Z,3974.0,3974.5,1549.54169,18.6858850000001,33.46255999999994,3,0.2,0.1
5,151,9471,9471,2025-09-09T14:01:33Z,3979.0,3979.375,1540.6175250000001,9.761720000000196,18.12843500000008,3,0.2,0.1
5,152,9480,9480,2025-09-09T14:01:34Z,3980.0,3980.4,1556.31111,25.45530500000018,44.0464300000001,3,0.2,0.1
5,153,9483,9483,2025-09-09T14:01:34Z,3980.0,3980.7,1556.31111,25.45530500000018,44.0464300000001,3,0.2,0.1
5,154,9493,9493,2025-09-09T14:01:35Z,3981.0,3981.7,1528.6629050000001,-2.1928999999997814,4.044365000000198,3,0.2,0.1
5,155,9497,9497,2025-09-09T14:01:36Z,3982.0,3982.1,1532.70727,1.8514650000001893,8.088730000000169,3,0.2,0.1
5,156,9502,9502,2025-09-09T14:01:36Z,3982.0,3982.6,1548.49655,17.640745000000152,32.025049999999965,3,0.2,0.1
5,157,9512,9512,2025-09-09T14:01:37Z,3983.0,3983.6,1552.38079,21.524985000000015,30.258460000000014,3,0.2,0.1
5,158,9557,9557,2025-09-09T14:01:42Z,3988.0,3988.6666666666665,1554.52572,23.669915000000174,35.6880000000001,3,0.2,0.1
5,159,9566,9566,2025-09-09T14:01:43Z,3989.0,3989.6,1556.228795,25.372990000000073,43.96296499999994,3,0.2,0.1
5,160,9577,9577,2025-09-09T14:01:44Z,3990.0,3990.7,1533.72543,2.869625000000042,3.142180000000053,3,0.2,0.1
5,161,9587,9587,2025-09-09T14:01:45Z,3991.0,3991.7,1550.82501,19.969205000000102,30.815290000000005,3,0.2,0.1
5,162,9596,9596,2025-09-09T14:01:46Z,3992.0,3992.6,1552.38646,21.530655000000024,32.01639,3,0.2,0.1
5,163,9646,9646,2025-09-09T14:01:51Z,3997.0,3997.7,1554.72795,23.872145000000046,30.52451999999994,3,0.2,0.1
5,164,9655,9655,2025-09-09T14:01:52Z,3998.0,3998.6,1556.31371,25.457904999999982,44.04995999999983,3,0.2,0.1
5,165,9675,9675,2025-09-09T14:01:54Z,4000.0,4000.777777777778,1550.82472,19.968915000000152,28.325870000000123,3,0.2,0.1
5,166,9682,9682,2025-09-09T14:01:55Z,4001.0,4001.5,1552.38108,21.525275000000192,32.01094000000012,3,0.2,0.1
5,167,9735,9735,2025-09-09T14:02:00Z,4006.0,4006.8,1564.52609,33.67028500000015,52.262680000000046,3,0.2,0.1
5,168,9743,9743,2025-09-09T14:02:01Z,4007.0,4007.6,1556.34036,25.484555,23.62734999999998,3,0.2,0.1
5,169,9767,9767,2025-09-09T14:02:03Z,4010.0,4010.0,1550.51029,19.654485000000022,6.119779999999992,3,0.2,0.1
5,170,9773,9773,2025-09-09T14:02:04Z,4010.0,4010.6,1553.485505,22.629700000000184,31.36265500000013,3,0.2,0.1
5,171,9821,9821,2025-09-09T14:02:09Z,4015.0,4015.4,1538.20973,7.3539250000001175,14.010240000000067,3,0.2,0.1
5,172,9824,9824,2025-09-09T14:02:09Z,4015.0,4015.7,1552.375,21.51919500000008,28.17551000000003,3,0.2,0.1
5,173,9827,9827,2025-09-09T14:02:09Z,4016.0,4016.0,1540.28823,9.432425000000194,12.105840000000171,3,0.2,0.1
5,174,9830,9830,2025-09-09T14:02:10Z,4016.0,4016.3,1550.37011,19.51430500000015,1.7896500000001652,3,0.2,0.1
5,175,9833,9833,2025-09-09T14:02:10Z,4016.0,4016.6,1560.45199,29.596185000000105,41.641779999999926,3,0.2,0.1
5,176,9844,9844,2025-09-09T14:02:11Z,4017.0,4017.7,1530.4946650000002,-0.3611399999997502,2.2141350000001694,3,0.2,0.1
5,177,9850,9850,2025-09-09T14:02:12Z,4018.0,4018.3,1522.49902,-8.356784999999945,1.2444000000000415,3,0.2,0.1
5,178,9857,9857,2025-09-09T14:02:12Z,4019.0,4019.0,1550.82454,19.96873500000015,1.3462899999999536,3,0.2,0.1
5,179,9863,9863,2025-09-09T14:02:13Z,4019.0,4019.6,1552.4233450000002,21.567540000000236,32.052765000000136,3,0.2,0.1
5,180,9905,9905,2025-09-09T14:02:18Z,4024.0,4024.3333333333335,1554.90225,24.046445000000176,30.697840000000042,3,0.2,0.1
5,181,9916,9916,2025-09-09T14:02:19Z,4025.0,4025.714285714286,1556.34934,25.493535000000065,40.27341000000001,3,0.2,0.1
5,182,9929,9929,2025-09-09T14:02:21Z,4027.0,4027.375,1522.49918,-8.356624999999894,1.2442949999999655,3,0.2,0.1
5,183,9938,9938,2025-09-09T14:02:22Z,4028.0,4028.4444444444443,1550.82533,19.969524999999976,34.70915999999988,3,0.2,0.1
5,184,9983,9983,2025-09-09T14:02:27Z,4033.0,4033.4444444444443,1547.8621899999998,17.00638499999991,1.2338399999998728,3,0.2,0.1
5,185,9986,9986,2025-09-09T14:02:27Z,4033.0,4033.777777777778,1549.09603,18.24022500000001,28.724860000000035,3,0.2,0.1
5,186,9991,9991,2025-09-09T14:02:28Z,4034.0,4034.3,1559.27902,28.423215000000027,42.40048999999999,3,0.2,0.1
5,187,9994,9994,2025-09-09T14:02:28Z,4034.0,4034.6,1559.27902,28.423215000000027,42.40048999999999,3,0.2,0.1
5,188,10006,10006,2025-09-09T14:02:29Z,4035.0,4035.8,1530.662535,-0.19326999999998407,3.7536649999999554,3,0.2,0.1
5,189,10022,10022,2025-09-09T14:02:31Z,4037.0,4037.4444444444443,1554.59654,23.740735000000086,34.22576000000004,3,0.2,0.1
5,190,10071,10071,2025-09-09T14:02:36Z,4042.0,4042.4,1553.62122,22.765415000000075,31.099480000000085,3,0.2,0.1
5,191,10079,10079,2025-09-09T14:02:37Z,4043.0,4043.2,1562.42048,31.56467500000008,50.156099999999924,3,0.2,0.1
5,192,10094,10094,2025-09-09T14:02:38Z,4044.0,4044.7,1529.50279,-1.353014999999914,4.9110299999999825,3,0.2,0.1
5,193,10098,10098,2025-09-09T14:02:39Z,4045.0,4045.1,1534.41382,3.5580150000000685,4.9832199999998466,3,0.2,0.1
5,194,10101,10101,2025-09-09T14:02:39Z,4045.0,4045.4,1538.85282,7.997015000000147,14.261060000000043,3,0.2,0.1
5,195,10112,10112,2025-09-09T14:02:40Z,4046.0,4046.5,1553.452555,22.596750000000156,33.09372500000018,3,0.2,0.1
5,196,10189,10189,2025-09-09T14:02:48Z,4054.0,4054.3,1540.61733,9.76152500000012,1.8377800000000661,3,0.2,0.1
5,197,10238,10238,2025-09-09T14:02:53Z,4059.0,4059.2,1542.42589,11.570085000000063,22.055249999999887,3,0.2,0.1
5,198,10287,10287,2025-09-09T14:02:58Z,4064.0,4064.1,1542.42539,11.569585000000188,1.8096800000000712,3,0.2,0.1
5,199,10350,10350,2025-09-09T14:03:04Z,4070.0,4070.777777777778,1559.27384,28.418035000000145,41.59207000000015,3,0.2,0.1
5,200,10373,10373,2025-09-09T14:03:07Z,4073.0,4073.4,1554.58391,23.72810500000014,7.782850000000053,3,0.2,0.1
5,201,10376,10376,2025-09-09T14:03:07Z,4073.0,4073.7,1550.6077850000001,19.75198000000023,3.8067250000001422,3,0.2,0.1
5,202,10403,10403,2025-09-09T14:03:10Z,4076.0,4076.7,1540.61703,9.761225000000195,13.730510000000095,3,0.2,0.1
5,203,10423,10423,2025-09-09T14:03:12Z,4078.0,4078.9,1539.1479,8.292095000000018,12.261379999999917,3,0.2,0.1
5,204,10428,10428,2025-09-09T14:03:13Z,4079.0,4079.4,1554.07843,23.222625000000107,29.89386000000013,3,0.2,0.1
5,205,10434,10434,2025-09-09T14:03:13Z,4080.0,4080.0,1552.95561,22.09980500000006,6.9901599999998325,3,0.2,0.1
5,206,10456,10456,2025-09-09T14:03:16Z,4082.0,4082.4444444444443,1554.59731,23.74150500000019,34.22642000000019,3,0.2,0.1
5,207,10508,10508,2025-09-09T14:03:21Z,4087.0,4087.777777777778,1551.638645,20.78284000000008,2.9828849999998965,3,0.2,0.1
5,208,10513,10513,2025-09-09T14:03:22Z,4088.0,4088.3,1554.07808,23.22227500000008,18.996745000000146,3,0.2,0.1
5,209,10516,10516,2025-09-09T14:03:22Z,4088.0,4088.6,1555.277935,24.422130000000152,13.577505000000201,3,0.2,0.1
5,210,10519,10519,2025-09-09T14:03:22Z,4088.0,4088.9,1556.47779,25.621984999999995,36.106199999999944,3,0.2,0.1
5,211,10544,10544,2025-09-09T14:03:25Z,4091.0,4091.5,1552.533005,21.677200000000084,25.60993499999995,3,0.2,0.1
5,212,10596,10596,2025-09-09T14:03:30Z,4096.0,4096.7,1557.86493,27.00912500000004,37.49449000000004,3,0.2,0.1
5,213,10634,10634,2025-09-09T14:03:34Z,4100.0,4100.5,1551.43757,20.581765000000132,10.92804000000001,3,0.2,0.1
5,214,10684,10684,2025-09-09T14:03:39Z,4105.0,4105.5,1540.61835,9.762545000000046,2.3286450000000514,3,0.2,0.1
5,215,10687,10687,2025-09-09T14:03:39Z,4105.0,4105.8,1552.37062,21.514815,31.999529999999822,3,0.2,0.1
5,216,10697,10697,2025-09-09T14:03:40Z,4106.0,4106.8,1556.46146,25.60565500000007,37.624340000000075,3,0.2,0.1
5,217,10723,10723,2025-09-09T14:03:43Z,4109.0,4109.5,1554.6152,23.75939500000004,13.992489999999862,3,0.2,0.1
5,218,10771,10771,2025-09-09T14:03:48Z,4114.0,4114.857142857143,1548.659,17.803195000000187,28.287750000000187,3,0.2,0.1
5,219,10775,10775,2025-09-09T14:03:49Z,4115.0,4115.3,1538.48148,7.625675000000001,20.799710000000005,3,0.2,0.1
5,220,10778,10778,2025-09-09T14:03:49Z,4115.0,4115.6,1550.51633,19.660525000000007,16.018159999999853,3,0.2,0.1
5,221,10781,10781,2025-09-09T14:03:49Z,4115.0,4115.9,1550.51633,19.660525000000007,16.018159999999853,3,0.2,0.1
5,222,10797,10797,2025-09-09T14:03:51Z,4117.0,4117.888888888889,1559.26965,28.413845000000038,37.147699999999986,3,0.2,0.1
5,223,10845,10845,2025-09-09T14:03:57Z,4123.0,4123.777777777777,1539.63189,8.776085000000194,12.744150000000218,3,0.2,0.1
5,224,10851,10851,2025-09-09T14:03:58Z,4124.0,4124.444444444444,1560.6256549999998,29.769849999999906,46.317594999999756,3,0.2,0.1
5,225,10877,10877,2025-09-09T14:04:01Z,4127.0,4127.3,1556.94811,26.092305000000124,32.51019999999994,3,0.2,0.1
5,226,10885,10885,2025-09-09T14:04:02Z,4128.0,4128.111111111111,1534.37799,3.522185000000036,11.887899999999945,3,0.2,0.1
5,227,10931,10931,2025-09-09T14:04:06Z,4132.0,4132.8,1552.37041,21.514605000000074,28.17228,3,0.2,0.1
5,228,10937,10937,2025-09-09T14:04:07Z,4133.0,4133.444444444444,1558.82393,27.9681250000001,36.70191999999997,3,0.2,0.1
5,229,10940,10940,2025-09-09T14:04:07Z,4133.0,4133.777777777777,1557.641115,26.78530999999998,1.1828149999998914,3,0.2,0.1
5,230,10968,10968,2025-09-09T14:04:10Z,4136.0,4136.6,1554.45148,23.59567500000003,30.33376999999996,3,0.2,0.1
5,231,11020,11020,2025-09-09T14:04:15Z,4141.0,4141.8,1554.88079,24.024985000000015,32.75832999999989,3,0.2,0.1
5,232,11027,11027,2025-09-09T14:04:16Z,4142.0,4142.5,1557.76267,26.906865000000153,1.2697800000000825,3,0.2,0.1
5,233,11030,11030,2025-09-09T14:04:16Z,4142.0,4142.8,1557.87942,27.023615000000063,37.508820000000014,3,0.2,0.1
5,234,11057,11057,2025-09-09T14:04:19Z,4145.0,4145.5,1554.55061,23.694805000000088,11.390049999999974,3,0.2,0.1
5,235,11105,11105,2025-09-09T14:04:24Z,4150.0,4150.3,1538.86921,8.013405000000148,15.510640000000194,3,0.2,0.1
5,236,11115,11115,2025-09-09T14:04:25Z,4151.0,4151.3,1550.992415,20.13661000000002,7.830664999999954,3,0.2,0.1
5,237,11118,11118,2025-09-09T14:04:25Z,4151.0,4151.6,1552.52535,21.66954499999997,28.090259999999944,3,0.2,0.1
5,238,11121,11121,2025-09-09T14:04:25Z,4151.0,4151.9,1548.57932,17.723515000000134,12.072115000000167,3,0.2,0.1
5,239,11146,11146,2025-09-09T14:04:28Z,4154.0,4154.555555555556,1552.614815,21.75900999999999,30.491824999999835,3,0.2,0.1
5,240,11205,11205,2025-09-09T14:04:35Z,4161.0,4161.125,1540.61721,9.761404999999968,1.8368699999998626,3,0.2,0.1
5,241,11288,11288,2025-09-09T14:04:44Z,4170.0,4170.777777777777,1554.76033,23.90452500000015,30.562779999999975,3,0.2,0.1
5,242,11294,11294,2025-09-09T14:04:45Z,4171.0,4171.4,1537.9392200000002,7.0834150000002865,5.223470000000134,3,0.2,0.1
5,243,11302,11302,2025-09-09T14:04:46Z,4172.0,4172.2,1559.2597,28.403895000000148,36.76422000000002,3,0.2,0.1
5,244,11323,11323,2025-09-09T14:04:48Z,4174.0,4174.333333333333,1556.95849,26.102685000000065,32.524040000000014,3,0.2,0.1
5,245,11356,11356,2025-09-09T14:04:51Z,4177.0,4177.875,1540.61681,9.761005000000068,1.8360800000000381,3,0.2,0.1
5,246,11373,11373,2025-09-09T14:04:53Z,4179.0,4179.6,1550.48219,19.626385000000028,14.204899999999952,3,0.2,0.1
5,247,11387,11387,2025-09-09T14:04:54Z,4181.0,4181.0,1556.45385,25.598045000000184,28.107690000000048,3,0.2,0.1
5,248,11410,11410,2025-09-09T14:04:57Z,4183.0,4183.3,1546.580375,15.724570000000085,5.793435000000045,3,0.2,0.1
5,249,11416,11416,2025-09-09T14:04:57Z,4183.0,4183.9,1550.6021150000001,19.74631000000022,26.16793500000017,3,0.2,0.1
5,250,11448,11448,2025-09-09T14:05:01Z,4187.0,4187.2,1540.61658,9.760775000000194,3.6413900000000012,3,0.2,0.1
5,251,11464,11464,2025-09-09T14:05:02Z,4188.0,4188.8,1544.67522,13.819415000000163,20.632070000000112,3,0.2,0.1
5,252,11467,11467,2025-09-09T14:05:03Z,4189.0,4189.1,1536.97519,6.119385000000193,7.228320000000167,3,0.2,0.1
5,253,11477,11477,2025-09-09T14:05:04Z,4190.0,4190.111111111111,1560.45318,29.597375000000056,42.771439999999984,3,0.2,0.1
5,254,11504,11504,2025-09-09T14:05:06Z,4192.0,4192.9,1549.545995,18.69019000000003,25.427134999999907,3,0.2,0.1
5,255,11540,11540,2025-09-09T14:05:10Z,4196.0,4196.5,1540.61625,9.760445000000118,1.8350399999999354,3,0.2,0.1
5,256,11553,11553,2025-09-09T14:05:11Z,4197.0,4197.8,1554.76148,23.905674999999974,30.717629999999872,3,0.2,0.1
5,257,11562,11562,2025-09-09T14:05:12Z,4198.0,4198.7,1559.27732,28.421515,34.844319999999925,3,0.2,0.1
5,258,11565,11565,2025-09-09T14:05:12Z,4199.0,4199.0,1559.27732,28.421515,34.844319999999925,3,0.2,0.1
5,259,11568,11568,2025-09-09T14:05:13Z,4199.0,4199.3,1536.2332,5.377394999999979,9.310989999999947,3,0.2,0.1
5,260,11572,11572,2025-09-09T14:05:13Z,4199.0,4199.7,1532.74357,1.8877650000001722,5.821360000000141,3,0.2,0.1
5,261,11590,11590,2025-09-09T14:05:15Z,4201.0,4201.5,1554.59798,23.74217500000009,26.251549999999952,3,0.2,0.1
5,262,11593,11593,2025-09-09T14:05:15Z,4201.0,4201.8,1554.59798,23.74217500000009,26.251549999999952,3,0.2,0.1
5,263,11628,11628,2025-09-09T14:05:19Z,4205.0,4205.444444444444,1540.61832,9.762515000000121,1.8389999999999418,3,0.2,0.1
5,264,11639,11639,2025-09-09T14:05:20Z,4206.0,4206.666666666667,1548.54898,17.69317500000011,10.237589999999955,3,0.2,0.1
5,265,11646,11646,2025-09-09T14:05:21Z,4207.0,4207.444444444444,1559.28065,28.424845000000005,40.44226000000003,3,0.2,0.1
5,266,11650,11650,2025-09-09T14:05:21Z,4207.0,4207.888888888889,1559.28065,28.424845000000005,40.44226000000003,3,0.2,0.1
5,267,11657,11657,2025-09-09T14:05:22Z,4208.0,4208.666666666667,1538.97397,8.11816500000009,7.2704100000000835,3,0.2,0.1
5,268,11671,11671,2025-09-09T14:05:24Z,4210.0,4210.222222222223,1554.89361,24.037805000000162,30.460460000000012,3,0.2,0.1
5,269,11706,11706,2025-09-09T14:05:28Z,4214.0,4214.142857142857,1540.61819,9.762384999999995,12.271729999999934,3,0.2,0.1
5,270,11720,11720,2025-09-09T14:05:29Z,4215.0,4215.8,1532.71622,1.8604150000001027,5.098790000000008,3,0.2,0.1
5,271,11723,11723,2025-09-09T14:05:30Z,4216.0,4216.111111111111,1532.71622,1.8604150000001027,5.098790000000008,3,0.2,0.1
5,272,11728,11728,2025-09-09T14:05:30Z,4216.0,4216.666666666667,1524.29419,-6.561614999999847,4.1075049999999464,3,0.2,0.1
5,273,11732,11732,2025-09-09T14:05:31Z,4217.0,4217.1,1559.26689,28.411085000000185,40.42992000000004,3,0.2,0.1
5,274,11755,11755,2025-09-09T14:05:33Z,4219.0,4219.555555555556,1540.5741950000001,9.718390000000227,16.39419500000008,3,0.2,0.1
5,275,11758,11758,2025-09-09T14:05:33Z,4219.0,4219.888888888889,1538.669755,7.813949999999977,14.489754999999832,3,0.2,0.1
5,276,11806,11806,2025-09-09T14:05:38Z,4224.0,4224.7,1552.521245,21.66543999999999,32.15012499999989,3,0.2,0.1
5,277,11816,11816,2025-09-09T14:05:39Z,4225.0,4225.7,1560.61501,29.759205000000065,44.52982999999995,3,0.2,0.1
5,278,11840,11840,2025-09-09T14:05:42Z,4228.0,4228.1,1559.26616,28.41035499999998,34.83553000000006,3,0.2,0.1
5,279,11843,11843,2025-09-09T14:05:42Z,4228.0,4228.4,1554.73621,23.88040500000011,0.7710350000002109,3,0.2,0.1
5,280,11847,11847,2025-09-09T14:05:42Z,4228.0,4228.8,1552.37339,21.517585000000054,1.8545999999998912,3,0.2,0.1
5,281,11896,11896,2025-09-09T14:05:47Z,4233.0,4233.7,1554.89467,24.038864999999987,26.548270000000002,3,0.2,0.1
5,282,11905,11905,2025-09-09T14:05:48Z,4234.0,4234.6,1559.27586,28.420055000000048,34.84613999999988,3,0.2,0.1
5,283,11908,11908,2025-09-09T14:05:48Z,4234.0,4234.9,1559.27586,28.420055000000048,34.84613999999988,3,0.2,0.1
5,284,11916,11916,2025-09-09T14:05:49Z,4235.0,4235.7,1528.58636,-2.269444999999905,4.156089999999949,3,0.2,0.1
5,285,11936,11936,2025-09-09T14:05:51Z,4237.0,4237.7,1552.37698,21.521175000000085,24.030949999999848,3,0.2,0.1
5,286,11988,11988,2025-09-09T14:05:56Z,4242.0,4242.9,1558.78905,27.93324500000017,26.074730000000045,3,0.2,0.1
5,287,12001,12001,2025-09-09T14:05:58Z,4244.0,4244.2,1560.45201,29.596205000000054,37.55399999999986,3,0.2,0.1
5,288,12027,12027,2025-09-09T14:06:00Z,4246.0,4246.8,1555.743855,24.88805000000002,31.63737500000002,3,0.2,0.1
5,289,12071,12071,2025-09-09T14:06:05Z,4251.0,4251.444444444444,1540.61811,9.76230499999997,16.575149999999894,3,0.2,0.1
5,290,12082,12082,2025-09-09T14:06:06Z,4252.0,4252.6,1538.478755,7.6229500000001735,20.79658500000005,3,0.2,0.1
5,291,12087,12087,2025-09-09T14:06:07Z,4253.0,4253.125,1560.45206,29.596255000000156,42.76989000000003,3,0.2,0.1
5,292,12110,12110,2025-09-09T14:06:09Z,4255.0,4255.9,1554.504085,23.648280000000113,30.461115000000063,3,0.2,0.1
5,293,12141,12141,2025-09-09T14:06:13Z,4259.0,4259.571428571428,1540.61854,9.76273500000002,1.8393699999999171,3,0.2,0.1
6,0,5600,5600,2025-09-09T13:54:41Z,3567.0,3567.5,1550.82315,22.552419999999984,25.647669999999835,3,0.2,0.1
6,1,5700,5700,2025-09-09T13:54:51Z,3577.0,3577.5,1546.63535,18.36462000000006,4.24714999999992,3,0.2,0.1
6,2,5773,5773,2025-09-09T13:54:58Z,3584.0,3584.8,1571.53716,43.26643000000013,51.536330000000135,3,0.2,0.1
6,3,5791,5791,2025-09-09T13:55:00Z,3586.0,3586.6,1562.61707,34.346340000000055,34.34593999999993,3,0.2,0.1
6,4,5808,5808,2025-09-09T13:55:02Z,3588.0,3588.4,1536.22496,7.954230000000052,15.844260000000077,3,0.2,0.1
6,5,5867,5867,2025-09-09T13:55:09Z,3595.0,3595.4285714285716,1567.33448,39.06375000000003,47.33405999999991,3,0.2,0.1
6,6,6019,6019,2025-09-09T13:55:26Z,3612.0,3612.5,1566.80162,38.53089,46.80068000000006,3,0.2,0.1
6,7,6108,6108,2025-09-09T13:55:35Z,3621.0,3621.4,1552.95753,24.68679999999995,31.57031999999981,3,0.2,0.1
6,8,6249,6249,2025-09-09T13:55:50Z,3636.0,3636.1,1528.27009,-0.0006399999999757711,1.3531299999999646,3,0.2,0.1
6,9,6268,6268,2025-09-09T13:55:51Z,3638.0,3638.0,1540.61755,12.34681999999998,1.8405199999999695,3,0.2,0.1
6,10,6276,6276,2025-09-09T13:55:52Z,3638.0,3638.8,1556.96073,28.690000000000055,36.62083000000007,3,0.2,0.1
6,11,6286,6286,2025-09-09T13:55:53Z,3639.0,3639.8,1532.70656,4.435830000000124,10.213619999999992,3,0.2,0.1
6,12,6314,6314,2025-09-09T13:55:56Z,3642.0,3642.6,1552.3855,24.114770000000135,1.860155000000077,3,0.2,0.1
6,13,6319,6319,2025-09-09T13:55:57Z,3643.0,3643.1111111111113,1554.40153,26.130800000000136,34.041420000000016,3,0.2,0.1
6,14,6392,6392,2025-09-09T13:56:05Z,3651.0,3651.6,1552.38185,24.111120000000028,32.011330000000044,3,0.2,0.1
6,15,6430,6430,2025-09-09T13:56:09Z,3655.0,3655.8,1538.8681,10.597369999999955,8.736379999999826,3,0.2,0.1
6,16,6444,6444,2025-09-09T13:56:11Z,3657.0,3657.4,1560.44902,32.17829000000006,42.783590000000004,3,0.2,0.1
6,17,6472,6472,2025-09-09T13:56:14Z,3660.0,3660.625,1550.5258800000001,22.255150000000185,30.156020000000126,3,0.2,0.1
6,18,6521,6521,2025-09-09T13:56:19Z,3665.0,3665.8,1551.42303,23.15229999999997,32.599339999999984,3,0.2,0.1
6,19,6530,6530,2025-09-09T13:56:20Z,3666.0,3666.7,1524.75141,-3.5193199999998797,8.669430000000148,3,0.2,0.1
6,20,6559,6559,2025-09-09T13:56:23Z,3669.0,3669.6,1554.42496,26.154230000000098,34.17710000000011,3,0.2,0.1
6,21,6610,6610,2025-09-09T13:56:28Z,3674.0,3674.7,1552.37535,24.104620000000068,32.005570000000034,3,0.2,0.1
6,22,6617,6617,2025-09-09T13:56:29Z,3675.0,3675.4,1540.408215,12.13748499999997,20.04801499999985,3,0.2,0.1
6,23,6645,6645,2025-09-09T13:56:32Z,3678.0,3678.2,1556.12541,27.854680000000144,40.04286000000002,3,0.2,0.1
6,24,6651,6651,2025-09-09T13:56:32Z,3678.0,3678.8,1552.385425,24.114694999999983,16.779169999999795,3,0.2,0.1
6,25,6700,6700,2025-09-09T13:56:37Z,3683.0,3683.7,1552.014205,23.74347499999999,31.64429999999993,3,0.2,0.1
6,26,6707,6707,2025-09-09T13:56:38Z,3684.0,3684.4,1560.38507,32.114340000000084,40.0150000000001,3,0.2,0.1
6,27,6739,6739,2025-09-09T13:56:41Z,3687.0,3687.777777777778,1552.385385,24.114655000000084,27.547465000000102,3,0.2,0.1
6,28,6777,6777,2025-09-09T13:56:46Z,3692.0,3692.3333333333335,1552.37219,24.10146000000009,1.89707999999996,3,0.2,0.1
6,29,6785,6785,2025-09-09T13:56:47Z,3693.0,3693.285714285714,1553.63324,25.36250999999993,28.802509999999984,3,0.2,0.1
6,30,6815,6815,2025-09-09T13:56:50Z,3696.0,3696.777777777778,1554.42129,26.15056000000004,34.050989999999956,3,0.2,0.1
6,31,6874,6874,2025-09-09T13:56:57Z,3703.0,3703.2,1538.86819,10.597459999999955,8.737079999999878,3,0.2,0.1
6,32,6905,6905,2025-09-09T13:57:00Z,3706.0,3706.3,1540.61723,12.346500000000106,16.571519999999964,3,0.2,0.1
6,33,7003,7003,2025-09-09T13:57:10Z,3716.0,3716.1,1532.73449,4.463760000000093,8.688110000000052,3,0.2,0.1
6,34,7192,7192,2025-09-09T13:57:30Z,3736.0,3736.3333333333335,1553.56632,25.295589999999947,31.07763,3,0.2,0.1
6,35,7208,7208,2025-09-09T13:57:32Z,3738.0,3738.3333333333335,1536.86607,8.595340000000078,11.864640000000009,3,0.2,0.1
6,36,7227,7227,2025-09-09T13:57:34Z,3740.0,3740.375,1552.37253,24.10180000000014,28.124610000000075,3,0.2,0.1
6,37,7249,7249,2025-09-09T13:57:36Z,3743.0,3743.0,1538.7783,10.507569999999987,6.0437899999999445,3,0.2,0.1
6,38,7257,7257,2025-09-09T13:57:37Z,3743.0,3743.8888888888887,1540.61578,12.345050000000128,6.117120000000114,3,0.2,0.1
6,39,7274,7274,2025-09-09T13:57:39Z,3745.0,3745.8,1560.95229,32.68155999999999,46.75692000000004,3,0.2,0.1
6,40,7280,7280,2025-09-09T13:57:40Z,3746.0,3746.4,1539.34577,11.075039999999944,14.728579999999965,3,0.2,0.1
6,41,7291,7291,2025-09-09T13:57:41Z,3747.0,3747.5,1542.63356,14.36283000000003,9.90635999999995,3,0.2,0.1
6,42,7312,7312,2025-09-09T13:57:43Z,3749.0,3749.6,1552.3752,24.104469999999992,32.01710000000003,3,0.2,0.1
6,43,7344,7344,2025-09-09T13:57:46Z,3753.0,3753.0,1538.86677,10.59604000000013,18.496200000000044,3,0.2,0.1
6,44,7359,7359,2025-09-09T13:57:48Z,3754.0,3754.5555555555557,1538.77806,10.507330000000138,8.645539999999983,3,0.2,0.1
6,45,7368,7368,2025-09-09T13:57:49Z,3755.0,3755.5,1559.27331,31.00258000000008,39.78979500000014,3,0.2,0.1
6,46,7400,7400,2025-09-09T13:57:52Z,3758.0,3758.7,1551.532855,23.26212499999997,31.16261499999996,3,0.2,0.1
6,47,7450,7450,2025-09-09T13:57:57Z,3763.0,3763.7,1548.58792,20.317189999999982,23.94032500000003,3,0.2,0.1
6,48,7457,7457,2025-09-09T13:57:58Z,3764.0,3764.4,1553.3955799999999,25.124849999999924,33.034689999999955,3,0.2,0.1
6,49,7490,7490,2025-09-09T13:58:01Z,3767.0,3767.7,1554.40557,26.13483999999994,34.03505999999993,3,0.2,0.1
6,50,7545,7545,2025-09-09T13:58:07Z,3773.0,3773.2,1559.2742,31.003470000000107,44.40146000000004,3,0.2,0.1
6,51,7578,7578,2025-09-09T13:58:10Z,3776.0,3776.6666666666665,1551.53576,23.265030000000024,31.16498999999999,3,0.2,0.1
6,52,7623,7623,2025-09-09T13:58:16Z,3782.0,3782.5555555555557,1560.45256,32.18182999999999,48.181659999999965,3,0.2,0.1
6,53,7649,7649,2025-09-09T13:58:19Z,3785.0,3785.7,1552.3842650000001,24.113535000000184,32.0129750000001,3,0.2,0.1
6,54,7692,7692,2025-09-09T13:58:24Z,3790.0,3790.6,1554.77126,26.500530000000026,40.459409999999934,3,0.2,0.1
6,55,7709,7709,2025-09-09T13:58:26Z,3792.0,3792.3333333333335,1538.47064,10.199910000000045,13.579580000000078,3,0.2,0.1
6,56,7713,7713,2025-09-09T13:58:26Z,3792.0,3792.777777777778,1535.852515,7.581785000000082,5.72520499999996,3,0.2,0.1
6,57,7731,7731,2025-09-09T13:58:28Z,3794.0,3794.6666666666665,1556.77466,28.503930000000082,43.26453000000015,3,0.2,0.1
6,58,7783,7783,2025-09-09T13:58:33Z,3800.0,3800.0,1554.07897,25.80824000000007,33.70748000000003,3,0.2,0.1
6,59,7786,7786,2025-09-09T13:58:34Z,3800.0,3800.3,1554.07897,25.80824000000007,33.70748000000003,3,0.2,0.1
6,60,7798,7798,2025-09-09T13:58:35Z,3801.0,3801.5,1530.560635,2.28990500000009,5.69068500000003,3,0.2,0.1
6,61,7819,7819,2025-09-09T13:58:37Z,3803.0,3803.6,1554.40735,26.136619999999994,34.03592000000003,3,0.2,0.1
6,62,7874,7874,2025-09-09T13:58:43Z,3809.0,3809.1,1558.8214,30.550670000000082,46.549440000000004,3,0.2,0.1
6,63,7883,7883,2025-09-09T13:58:43Z,3810.0,3810.0,1548.58272,20.31199000000015,20.307530000000042,3,0.2,0.1
6,64,7911,7911,2025-09-09T13:58:46Z,3812.0,3812.8,1554.40517,26.13444000000004,34.0454299999999,3,0.2,0.1
6,65,7956,7956,2025-09-09T13:58:51Z,3817.0,3817.3,1552.37582,24.10509000000002,32.00472999999988,3,0.2,0.1
6,66,7967,7967,2025-09-09T13:58:52Z,3818.0,3818.4,1524.56165,-3.709079999999858,8.485910000000104,3,0.2,0.1
6,67,7977,7977,2025-09-09T13:58:53Z,3819.0,3819.4,1534.43438,6.163649999999961,9.577429999999822,3,0.2,0.1
6,68,8000,8000,2025-09-09T13:58:55Z,3821.0,3821.777777777778,1554.40252,26.131790000000137,34.03147000000013,3,0.2,0.1
6,69,8070,8070,2025-09-09T13:59:03Z,3829.0,3829.777777777778,1538.86678,10.596050000000105,8.73442,3,0.2,0.1
6,70,8106,8106,2025-09-09T13:59:08Z,3834.0,3834.125,1540.6174,12.346670000000131,19.092350000000124,3,0.2,0.1
6,71,8244,8244,2025-09-09T13:59:23Z,3849.0,3849.2,1556.0962,27.825469999999996,42.587999999999965,3,0.2,0.1
6,72,8271,8271,2025-09-09T13:59:25Z,3851.0,3851.9,1522.12601,-6.144720000000007,0.8831399999999121,3,0.2,0.1
6,73,8274,8274,2025-09-09T13:59:26Z,3852.0,3852.2,1522.3084199999998,-5.962310000000116,0.18240999999989072,3,0.2,0.1
6,74,8279,8279,2025-09-09T13:59:26Z,3852.0,3852.7,1548.58662,20.31589000000008,28.215509999999995,3,0.2,0.1
6,75,8316,8316,2025-09-09T13:59:30Z,3856.0,3856.4,1538.86706,10.59633000000008,8.73425999999995,3,0.2,0.1
6,76,8329,8329,2025-09-09T13:59:31Z,3857.0,3857.7,1550.90412,22.633389999999963,28.760099999999966,3,0.2,0.1
6,77,8337,8337,2025-09-09T13:59:32Z,3858.0,3858.5,1556.11581,27.845080000000053,43.85242999999991,3,0.2,0.1
6,78,8356,8356,2025-09-09T13:59:34Z,3860.0,3860.4,1521.24204,-7.0286899999998695,0.8818700000001627,3,0.2,0.1
6,79,8360,8360,2025-09-09T13:59:34Z,3860.0,3860.8,1521.2425250000001,-7.0282049999998435,0.8823550000001887,3,0.2,0.1
6,80,8369,8369,2025-09-09T13:59:35Z,3861.0,3861.7,1550.82484,22.554110000000037,28.335520000000088,3,0.2,0.1
6,81,8419,8419,2025-09-09T13:59:40Z,3866.0,3866.7,1552.37516,24.104430000000093,19.654320000000098,3,0.2,0.1
6,82,8423,8423,2025-09-09T13:59:41Z,3867.0,3867.1,1554.07596,25.805229999999938,33.716759999999795,3,0.2,0.1
6,83,8446,8446,2025-09-09T13:59:43Z,3869.0,3869.4,1522.49214,-5.778589999999895,0.3660500000000866,3,0.2,0.1
6,84,8449,8449,2025-09-09T13:59:43Z,3869.0,3869.7,1522.49214,-5.778589999999895,0.3660500000000866,3,0.2,0.1
6,85,8458,8458,2025-09-09T13:59:44Z,3870.0,3870.6,1551.53277,23.26204000000007,29.04284000000007,3,0.2,0.1
6,86,8503,8503,2025-09-09T13:59:49Z,3875.0,3875.75,1554.6562,26.38546999999994,11.57939999999985,3,0.2,0.1
6,87,8509,8509,2025-09-09T13:59:50Z,3876.0,3876.5714285714284,1556.25667,27.985940000000028,41.156079999999974,3,0.2,0.1
6,88,8535,8535,2025-09-09T13:59:53Z,3879.0,3879.8571428571427,1551.491425,23.220694999999978,31.120175000000017,3,0.2,0.1
6,89,8579,8579,2025-09-09T13:59:58Z,3885.0,3885.0,1559.28025,31.009520000000066,46.92270000000008,3,0.2,0.1
6,90,8612,8612,2025-09-09T14:00:02Z,3888.0,3888.7,1552.3847,24.11397000000011,32.01386000000002,3,0.2,0.1
6,91,8667,8667,2025-09-09T14:00:08Z,3894.0,3894.222222222222,1559.28197,31.011240000000043,47.35777000000007,3,0.2,0.1
6,92,8682,8682,2025-09-09T14:00:09Z,3895.0,3895.8,1513.51985,-14.750880000000052,0.23929499999985637,3,0.2,0.1
6,93,8701,8701,2025-09-09T14:00:11Z,3897.0,3897.7,1554.3987,26.127970000000005,41.50738999999999,3,0.2,0.1
6,94,8755,8755,2025-09-09T14:00:17Z,3903.0,3903.2,1539.2501849999999,10.979454999999916,6.502964999999904,3,0.2,0.1
6,95,8758,8758,2025-09-09T14:00:17Z,3903.0,3903.5,1547.58699,19.316260000000057,14.839770000000044,3,0.2,0.1
6,96,8765,8765,2025-09-09T14:00:18Z,3904.0,3904.2,1550.82264,22.551910000000134,34.749030000000175,3,0.2,0.1
6,97,8789,8789,2025-09-09T14:00:20Z,3906.0,3906.6,1554.41164,26.140910000000076,34.04027999999994,3,0.2,0.1
6,98,8838,8838,2025-09-09T14:00:25Z,3911.0,3911.5,1552.37749,24.106760000000122,4.736650000000054,3,0.2,0.1
6,99,8848,8848,2025-09-09T14:00:26Z,3912.0,3912.5,1560.503015,32.23228500000005,48.572914999999966,3,0.2,0.1
6,100,8880,8880,2025-09-09T14:00:29Z,3915.0,3915.7,1554.40096,26.130229999999983,34.02907000000005,3,0.2,0.1
6,101,8929,8929,2025-09-09T14:00:34Z,3920.0,3920.6666666666665,1548.65983,20.3891000000001,0.10555999999996857,3,0.2,0.1
6,102,8937,8937,2025-09-09T14:00:35Z,3921.0,3921.5555555555557,1556.28828,28.01755000000003,41.414999999999964,3,0.2,0.1
6,103,8945,8945,2025-09-09T14:00:36Z,3922.0,3922.4,1550.82267,22.55194000000006,23.91228000000001,3,0.2,0.1
6,104,8965,8965,2025-09-09T14:00:38Z,3924.0,3924.6666666666665,1552.38559,24.114860000000135,29.892570000000205,3,0.2,0.1
6,105,9011,9011,2025-09-09T14:00:43Z,3930.0,3930.0,1548.65945,20.38872000000015,28.28836000000001,3,0.2,0.1
6,106,9017,9017,2025-09-09T14:00:44Z,3930.0,3930.6666666666665,1560.43548,32.16475000000014,48.174890000000005,3,0.2,0.1
6,107,9024,9024,2025-09-09T14:00:45Z,3931.0,3931.5714285714284,1548.49695,20.226220000000012,23.86742000000004,3,0.2,0.1
6,108,9042,9042,2025-09-09T14:00:47Z,3933.0,3933.75,1552.38526,24.11453000000006,32.01384499999995,3,0.2,0.1
6,109,9118,9118,2025-09-09T14:00:56Z,3942.0,3942.222222222222,1538.8668,10.596070000000054,8.734279999999899,3,0.2,0.1
6,110,9159,9159,2025-09-09T14:01:00Z,3946.0,3946.5,1540.61771,12.34698000000003,6.1958700000000135,3,0.2,0.1
6,111,9310,9310,2025-09-09T14:01:15Z,3961.0,3961.8,1552.03638,23.76565000000005,29.54180999999994,3,0.2,0.1
6,112,9317,9317,2025-09-09T14:01:16Z,3962.0,3962.5555555555557,1553.63621,25.365479999999934,34.81466,3,0.2,0.1
6,113,9346,9346,2025-09-09T14:01:19Z,3965.0,3965.4,1548.59105,20.320320000000038,28.24793999999997,3,0.2,0.1
6,114,9384,9384,2025-09-09T14:01:23Z,3969.0,3969.2,1538.86734,10.596610000000055,8.735385000000178,3,0.2,0.1
6,115,9399,9399,2025-09-09T14:01:24Z,3970.0,3970.777777777778,1539.545215,11.27448500000014,19.17497500000013,3,0.2,0.1
6,116,9405,9405,2025-09-09T14:01:25Z,3971.0,3971.4,1536.69101,8.420280000000048,9.501334999999926,3,0.2,0.1
6,117,9408,9408,2025-09-09T14:01:25Z,3971.0,3971.7,1548.563155,20.292425000000094,26.06566500000008,3,0.2,0.1
6,118,9423,9423,2025-09-09T14:01:27Z,3973.0,3973.5555555555557,1549.6607,21.38996999999995,31.97235999999998,3,0.2,0.1
6,119,9430,9430,2025-09-09T14:01:28Z,3974.0,3974.375,1548.59124,20.320510000000013,33.71832999999992,3,0.2,0.1
6,120,9469,9469,2025-09-09T14:01:33Z,3979.0,3979.125,1538.86735,10.59662000000003,18.497389999999996,3,0.2,0.1
6,121,9480,9480,2025-09-09T14:01:34Z,3980.0,3980.4,1554.41567,26.144940000000133,42.15072000000009,3,0.2,0.1
6,122,9483,9483,2025-09-09T14:01:34Z,3980.0,3980.7,1554.41567,26.144940000000133,42.15072000000009,3,0.2,0.1
6,123,9502,9502,2025-09-09T14:01:36Z,3982.0,3982.6,1550.51054,22.239810000000034,28.01314000000002,3,0.2,0.1
6,124,9513,9513,2025-09-09T14:01:37Z,3983.0,3983.7,1550.8251,22.554370000000063,30.454819999999927,3,0.2,0.1
6,125,9564,9564,2025-09-09T14:01:43Z,3989.0,3989.4,1556.22916,27.958430000000135,44.08575000000019,3,0.2,0.1
6,126,9587,9587,2025-09-09T14:01:45Z,3991.0,3991.7,1550.51022,22.239489999999932,38.244519999999966,3,0.2,0.1
6,127,9596,9596,2025-09-09T14:01:46Z,3992.0,3992.6,1550.8242,22.55347000000006,28.334730000000036,3,0.2,0.1
6,128,9647,9647,2025-09-09T14:01:51Z,3997.0,3997.8,1554.90095,26.63022000000001,34.53026,3,0.2,0.1
6,129,9655,9655,2025-09-09T14:01:52Z,3998.0,3998.6,1554.07671,25.80598000000009,3.246059999999943,3,0.2,0.1
6,130,9679,9679,2025-09-09T14:01:55Z,4001.0,4001.2,1550.51047,22.239739999999983,28.011619999999994,3,0.2,0.1
6,131,9683,9683,2025-09-09T14:01:55Z,4001.0,4001.6,1549.74506,21.47433000000001,1.078520000000026,3,0.2,0.1
6,132,9735,9735,2025-09-09T14:02:00Z,4006.0,4006.8,1554.93508,26.664350000000013,34.56495999999993,3,0.2,0.1
6,133,9743,9743,2025-09-09T14:02:01Z,4007.0,4007.6,1554.07744,25.806710000000066,23.500420000000076,3,0.2,0.1
6,134,9767,9767,2025-09-09T14:02:03Z,4010.0,4010.0,1548.56957,20.298840000000155,14.148650000000089,3,0.2,0.1
6,135,9773,9773,2025-09-09T14:02:04Z,4010.0,4010.6,1552.37327,24.10254000000009,19.66509999999994,3,0.2,0.1
6,136,9829,9829,2025-09-09T14:02:10Z,4016.0,4016.2,1560.61723,32.346500000000106,45.74583000000007,3,0.2,0.1
6,137,9857,9857,2025-09-09T14:02:12Z,4019.0,4019.0,1550.5100349999998,22.23930499999983,1.9178349999997408,3,0.2,0.1
6,138,9863,9863,2025-09-09T14:02:13Z,4019.0,4019.6,1550.82395,22.55322000000001,28.324929999999995,3,0.2,0.1
6,139,9914,9914,2025-09-09T14:02:19Z,4025.0,4025.4285714285716,1554.07758,25.80684999999994,33.70699999999988,3,0.2,0.1
6,140,9935,9935,2025-09-09T14:02:22Z,4028.0,4028.1111111111113,1549.502595,21.23186499999997,27.003414999999904,3,0.2,0.1
6,141,9983,9983,2025-09-09T14:02:27Z,4033.0,4033.4444444444443,1548.65992,20.3891900000001,26.170010000000048,3,0.2,0.1
6,142,9986,9986,2025-09-09T14:02:27Z,4033.0,4033.777777777778,1548.65992,20.3891900000001,26.170010000000048,3,0.2,0.1
6,143,9991,9991,2025-09-09T14:02:28Z,4034.0,4034.3,1556.23787,27.967139999999972,35.86736999999994,3,0.2,0.1
6,144,9994,9994,2025-09-09T14:02:28Z,4034.0,4034.6,1556.23787,27.967139999999972,35.86736999999994,3,0.2,0.1
6,145,10008,10008,2025-09-09T14:02:29Z,4036.0,4036.0,1522.49855,-5.772179999999935,0.794210000000021,3,0.2,0.1
6,146,10023,10023,2025-09-09T14:02:31Z,4037.0,4037.5555555555557,1552.38395,24.113219999999956,31.729654999999866,3,0.2,0.1
6,147,10079,10079,2025-09-09T14:02:37Z,4043.0,4043.2,1560.45551,32.184780000000046,45.58111000000008,3,0.2,0.1
6,148,10094,10094,2025-09-09T14:02:38Z,4044.0,4044.7,1532.70773,4.4370000000001255,8.263590000000022,3,0.2,0.1
6,149,10112,10112,2025-09-09T14:02:40Z,4046.0,4046.5,1552.46119,24.19046000000003,29.97162000000003,3,0.2,0.1
6,150,10188,10188,2025-09-09T14:02:48Z,4054.0,4054.2,1538.86816,10.597430000000031,8.016750000000002,3,0.2,0.1
6,151,10241,10241,2025-09-09T14:02:53Z,4059.0,4059.5,1540.61607,12.345340000000078,6.193030000000135,3,0.2,0.1
6,152,10244,10244,2025-09-09T14:02:53Z,4059.0,4059.8,1540.61607,12.345340000000078,6.193030000000135,3,0.2,0.1
6,153,10287,10287,2025-09-09T14:02:58Z,4064.0,4064.1,1540.61524,12.344510000000128,1.8335900000001857,3,0.2,0.1
6,154,10341,10341,2025-09-09T14:03:03Z,4069.0,4069.777777777778,1552.37371,24.102980000000116,22.25146000000018,3,0.2,0.1
6,155,10350,10350,2025-09-09T14:03:04Z,4070.0,4070.777777777778,1558.82201,30.551280000000133,38.168570000000045,3,0.2,0.1
6,156,10372,10372,2025-09-09T14:03:07Z,4073.0,4073.3,1554.77539,26.504660000000058,1.141360000000077,3,0.2,0.1
6,157,10403,10403,2025-09-09T14:03:10Z,4076.0,4076.7,1538.86841,10.597680000000082,14.669219999999996,3,0.2,0.1
6,158,10423,10423,2025-09-09T14:03:12Z,4078.0,4078.9,1537.4987150000002,9.227985000000217,13.29952500000013,3,0.2,0.1
6,159,10431,10431,2025-09-09T14:03:13Z,4079.0,4079.7,1552.71724,24.44650999999999,16.48284999999987,3,0.2,0.1
6,160,10455,10455,2025-09-09T14:03:16Z,4082.0,4082.3333333333335,1554.77245,26.501719999999978,32.28202999999985,3,0.2,0.1
6,161,10501,10501,2025-09-09T14:03:20Z,4087.0,4087.0,1538.86877,10.598040000000083,16.379100000000108,3,0.2,0.1
6,162,10516,10516,2025-09-09T14:03:22Z,4088.0,4088.6,1552.95571,24.684979999999996,30.465009999999893,3,0.2,0.1
6,163,10519,10519,2025-09-09T14:03:22Z,4088.0,4088.9,1552.95571,24.684979999999996,30.465009999999893,3,0.2,0.1
6,164,10544,10544,2025-09-09T14:03:25Z,4091.0,4091.5,1550.51937,22.248640000000023,26.083030000000008,3,0.2,0.1
6,165,10597,10597,2025-09-09T14:03:30Z,4096.0,4096.8,1554.87008,26.59934999999996,32.37956999999983,3,0.2,0.1
6,166,10603,10603,2025-09-09T14:03:31Z,4097.0,4097.4,1554.24685,25.976120000000037,0.1686099999999442,3,0.2,0.1
6,167,10633,10633,2025-09-09T14:03:34Z,4100.0,4100.4,1548.66406,20.393330000000105,17.928095000000212,3,0.2,0.1
6,168,10684,10684,2025-09-09T14:03:39Z,4105.0,4105.5,1538.86785,10.597120000000132,14.6708500000002,3,0.2,0.1
6,169,10687,10687,2025-09-09T14:03:39Z,4105.0,4105.8,1538.28821,10.017479999999978,14.091210000000046,3,0.2,0.1
6,170,10693,10693,2025-09-09T14:03:40Z,4106.0,4106.4,1556.27998,28.009250000000065,40.20449000000008,3,0.2,0.1
6,171,10724,10724,2025-09-09T14:03:43Z,4109.0,4109.6,1552.371295,24.10056499999996,14.074004999999943,3,0.2,0.1
6,172,10762,10762,2025-09-09T14:03:47Z,4113.0,4113.7,1530.13251,1.8617799999999534,9.761319999999841,3,0.2,0.1
6,173,10775,10775,2025-09-09T14:03:49Z,4115.0,4115.3,1536.1603249999998,7.889594999999872,20.084834999999885,3,0.2,0.1
6,174,10778,10778,2025-09-09T14:03:49Z,4115.0,4115.6,1548.57816,20.307430000000068,14.157580000000053,3,0.2,0.1
6,175,10781,10781,2025-09-09T14:03:49Z,4115.0,4115.9,1548.57816,20.307430000000068,14.157580000000053,3,0.2,0.1
6,176,10797,10797,2025-09-09T14:03:51Z,4117.0,4117.888888888889,1556.40945,28.13872000000015,36.03826000000004,3,0.2,0.1
6,177,10830,10830,2025-09-09T14:03:56Z,4122.0,4122.111111111111,1528.26671,-0.004019999999854917,2.1114650000001802,3,0.2,0.1
6,178,10845,10845,2025-09-09T14:03:57Z,4123.0,4123.777777777777,1538.66583,10.395099999999957,12.134509999999864,3,0.2,0.1
6,179,10855,10855,2025-09-09T14:03:58Z,4124.0,4124.888888888889,1560.61024,32.33951000000002,44.53520000000003,3,0.2,0.1
6,180,10931,10931,2025-09-09T14:04:06Z,4132.0,4132.8,1552.37942,24.108690000000024,1.8570999999999458,3,0.2,0.1
6,181,10937,10937,2025-09-09T14:04:07Z,4133.0,4133.444444444444,1556.29019,28.01945999999998,35.918899999999894,3,0.2,0.1
6,182,10940,10940,2025-09-09T14:04:07Z,4133.0,4133.777777777777,1554.96154,26.690810000000056,1.328649999999925,3,0.2,0.1
6,183,10968,10968,2025-09-09T14:04:10Z,4136.0,4136.6,1552.3768100000002,24.106080000000247,27.946530000000166,3,0.2,0.1
6,184,11014,11014,2025-09-09T14:04:15Z,4141.0,4141.2,1530.491335,2.2206049999999777,0.3603849999999511,3,0.2,0.1
6,185,11019,11019,2025-09-09T14:04:15Z,4141.0,4141.7,1552.37694,24.106210000000146,32.005800000000136,3,0.2,0.1
6,186,11027,11027,2025-09-09T14:04:16Z,4142.0,4142.5,1555.197865,26.927135000000135,34.82761500000015,3,0.2,0.1
6,187,11030,11030,2025-09-09T14:04:16Z,4142.0,4142.8,1554.975575,26.704844999999978,0.8976749999999356,3,0.2,0.1
6,188,11057,11057,2025-09-09T14:04:19Z,4145.0,4145.5,1552.46048,24.189750000000004,29.572079999999914,3,0.2,0.1
6,189,11108,11108,2025-09-09T14:04:24Z,4150.0,4150.6,1552.37672,24.10599000000002,9.298119999999926,3,0.2,0.1
6,190,11118,11118,2025-09-09T14:04:25Z,4151.0,4151.6,1553.63342,25.36268999999993,33.26256999999987,3,0.2,0.1
6,191,11146,11146,2025-09-09T14:04:28Z,4154.0,4154.555555555556,1550.516485,22.245755000000145,26.089185000000043,3,0.2,0.1
6,192,11193,11193,2025-09-09T14:04:33Z,4159.0,4159.7,1530.85185,2.5811200000000554,0.7203700000000026,3,0.2,0.1
6,193,11206,11206,2025-09-09T14:04:35Z,4161.0,4161.25,1538.86852,10.597790000000032,8.737300000000005,3,0.2,0.1
6,194,11288,11288,2025-09-09T14:04:44Z,4170.0,4170.777777777777,1551.42659,23.155860000000075,20.849550000000136,3,0.2,0.1
6,195,11302,11302,2025-09-09T14:04:46Z,4172.0,4172.2,1556.42047,28.149740000000065,33.92959999999994,3,0.2,0.1
6,196,11308,11308,2025-09-09T14:04:46Z,4172.0,4172.8,1536.4624,8.191669999999931,0.22900999999978922,3,0.2,0.1
6,197,11323,11323,2025-09-09T14:04:48Z,4174.0,4174.333333333333,1554.74909,26.478360000000066,18.515699999999924,3,0.2,0.1
6,198,11357,11357,2025-09-09T14:04:51Z,4178.0,4178.0,1538.86948,10.59875000000011,13.103575000000092,3,0.2,0.1
6,199,11373,11373,2025-09-09T14:04:53Z,4179.0,4179.6,1532.71904,4.448309999999992,2.588960000000043,3,0.2,0.1
6,200,11385,11385,2025-09-09T14:04:54Z,4180.0,4180.8,1554.246905,25.976175000000012,30.203219999999874,3,0.2,0.1
6,201,11412,11412,2025-09-09T14:04:57Z,4183.0,4183.5,1545.313455,17.04272500000002,15.948199999999815,3,0.2,0.1
6,202,11462,11462,2025-09-09T14:05:02Z,4188.0,4188.6,1545.57688,17.306150000000116,23.08140000000003,3,0.2,0.1
6,203,11477,11477,2025-09-09T14:05:04Z,4190.0,4190.111111111111,1556.35625,28.085520000000088,33.86532000000011,3,0.2,0.1
6,204,11553,11553,2025-09-09T14:05:11Z,4197.0,4197.8,1552.37188,24.10114999999996,29.849099999999908,3,0.2,0.1
6,205,11562,11562,2025-09-09T14:05:12Z,4198.0,4198.7,1557.77213,29.501400000000103,1.4998399999999492,3,0.2,0.1
6,206,11566,11566,2025-09-09T14:05:13Z,4199.0,4199.1,1557.8555999999999,29.58486999999991,37.495389999999816,3,0.2,0.1
6,207,11572,11572,2025-09-09T14:05:13Z,4199.0,4199.7,1526.351065,-1.9196649999998954,1.9205249999999978,3,0.2,0.1
6,208,11595,11595,2025-09-09T14:05:15Z,4202.0,4202.0,1552.37974,24.109010000000126,28.335900000000038,3,0.2,0.1
6,209,11639,11639,2025-09-09T14:05:20Z,4206.0,4206.666666666667,1546.5064750000001,18.23574500000018,8.046165000000201,3,0.2,0.1
6,210,11647,11647,2025-09-09T14:05:21Z,4207.0,4207.555555555556,1557.537565,29.26683500000013,1.2838950000000295,3,0.2,0.1
6,211,11650,11650,2025-09-09T14:05:21Z,4207.0,4207.888888888889,1558.82146,30.55072999999993,42.74227999999994,3,0.2,0.1
6,212,11673,11673,2025-09-09T14:05:24Z,4210.0,4210.444444444444,1551.58731,23.31657999999993,15.354519999999866,3,0.2,0.1
6,213,11718,11718,2025-09-09T14:05:29Z,4215.0,4215.6,1545.577245,17.30651499999999,23.087374999999838,3,0.2,0.1
6,214,11728,11728,2025-09-09T14:05:30Z,4216.0,4216.666666666667,1522.49456,-5.7761699999998655,3.2076900000001842,3,0.2,0.1
6,215,11732,11732,2025-09-09T14:05:31Z,4217.0,4217.1,1556.47201,28.201279999999997,32.42864000000009,3,0.2,0.1
6,216,11757,11757,2025-09-09T14:05:33Z,4219.0,4219.777777777777,1554.61871,26.347980000000007,26.34719999999993,3,0.2,0.1
6,217,11806,11806,2025-09-09T14:05:38Z,4224.0,4224.7,1552.37484,24.10410999999999,19.65572999999995,3,0.2,0.1
6,218,11815,11815,2025-09-09T14:05:39Z,4225.0,4225.6,1559.27831,31.00757999999996,43.20173,3,0.2,0.1
6,219,11825,11825,2025-09-09T14:05:40Z,4226.0,4226.6,1535.3253049999998,7.054574999999886,0.9069749999998749,3,0.2,0.1
6,220,11841,11841,2025-09-09T14:05:42Z,4228.0,4228.2,1556.44924,28.17850999999996,22.03090999999995,3,0.2,0.1
6,221,11896,11896,2025-09-09T14:05:47Z,4233.0,4233.7,1551.40878,23.13805000000002,28.888079999999945,3,0.2,0.1
6,222,11905,11905,2025-09-09T14:05:48Z,4234.0,4234.6,1556.26186,27.991130000000112,0.9228499999999258,3,0.2,0.1
6,223,11909,11909,2025-09-09T14:05:48Z,4235.0,4235.0,1558.82128,30.55054999999993,34.77866999999992,3,0.2,0.1
6,224,11936,11936,2025-09-09T14:05:51Z,4237.0,4237.7,1548.59135,20.320619999999963,24.164109999999937,3,0.2,0.1
6,225,11988,11988,2025-09-09T14:05:56Z,4242.0,4242.9,1556.78645,28.5157200000001,32.49448000000007,3,0.2,0.1
6,226,12001,12001,2025-09-09T14:05:58Z,4244.0,4244.2,1559.26341,30.992680000000064,36.77342999999996,3,0.2,0.1
6,227,12007,12007,2025-09-09T14:05:58Z,4244.0,4244.8,1536.696215,8.42548499999998,2.278434999999945,3,0.2,0.1
6,228,12023,12023,2025-09-09T14:06:00Z,4246.0,4246.4,1554.86627,26.595540000000028,20.448489999999993,3,0.2,0.1
6,229,12064,12064,2025-09-09T14:06:04Z,4250.0,4250.666666666667,1538.86762,10.59689000000003,10.52096000000006,3,0.2,0.1
6,230,12067,12067,2025-09-09T14:06:04Z,4251.0,4251.0,1538.86762,10.59689000000003,10.52096000000006,3,0.2,0.1
6,231,12075,12075,2025-09-09T14:06:05Z,4251.0,4251.888888888889,1524.19167,-4.079060000000027,0.8499449999999342,3,0.2,0.1
6,232,12082,12082,2025-09-09T14:06:06Z,4252.0,4252.6,1537.448725,9.17799500000001,21.373685000000023,3,0.2,0.1
6,233,12086,12086,2025-09-09T14:06:06Z,4253.0,4253.0,1558.82241,30.551680000000033,0.9722500000000309,3,0.2,0.1
6,234,12089,12089,2025-09-09T14:06:07Z,4253.0,4253.375,1559.26349,30.99276000000009,35.22059000000013,3,0.2,0.1
6,235,12111,12111,2025-09-09T14:06:09Z,4256.0,4256.0,1552.38123,24.110500000000002,15.68809999999985,3,0.2,0.1
6,236,12141,12141,2025-09-09T14:06:13Z,4259.0,4259.571428571428,1538.86751,10.59678000000008,8.015540000000101,3,0.2,0.1
7,0,5779,5779,2025-09-09T13:54:59Z,3585.0,3585.4,1552.71441,23.110735000000204,25.819709999999986,3,0.2,0.1
7,1,5791,5791,2025-09-09T13:55:00Z,3586.0,3586.6,1557.96419,28.360515000000078,32.77397999999994,3,0.2,0.1
7,2,5808,5808,2025-09-09T13:55:02Z,3588.0,3588.4,1530.85888,1.25520500000016,5.837510000000066,3,0.2,0.1
7,3,6019,6019,2025-09-09T13:55:26Z,3612.0,3612.5,1530.86345,1.259775000000218,5.858230000000049,3,0.2,0.1
7,4,6108,6108,2025-09-09T13:55:35Z,3621.0,3621.4,1548.66415,19.060475000000224,29.87248999999997,3,0.2,0.1
7,5,6246,6246,2025-09-09T13:55:49Z,3635.0,3635.8,1528.34847,-1.2552049999999326,4.293879999999945,3,0.2,0.1
7,6,6268,6268,2025-09-09T13:55:51Z,3638.0,3638.0,1540.61755,11.013875000000098,6.1191499999999905,3,0.2,0.1
7,7,6276,6276,2025-09-09T13:55:52Z,3638.0,3638.8,1554.70771,25.104035000000067,36.48802999999975,3,0.2,0.1
7,8,6314,6314,2025-09-09T13:55:56Z,3642.0,3642.6,1548.66581,19.062135000000126,14.91059499999983,3,0.2,0.1
7,9,6320,6320,2025-09-09T13:55:57Z,3643.0,3643.222222222222,1552.38805,22.784375000000182,32.00450999999998,3,0.2,0.1
7,10,6392,6392,2025-09-09T13:56:05Z,3651.0,3651.6,1548.66561,19.061935000000176,29.85230999999999,3,0.2,0.1
7,11,6434,6434,2025-09-09T13:56:10Z,3656.0,3656.25,1530.13129,0.5276150000001962,9.760940000000119,3,0.2,0.1
7,12,6437,6437,2025-09-09T13:56:10Z,3656.0,3656.625,1530.13129,0.5276150000001962,9.760940000000119,3,0.2,0.1
7,13,6444,6444,2025-09-09T13:56:11Z,3657.0,3657.4,1556.27841,26.674735000000055,40.200799999999845,3,0.2,0.1
7,14,6455,6455,2025-09-09T13:56:12Z,3658.0,3658.625,1542.80477,13.201095000000123,18.03922999999986,3,0.2,0.1
7,15,6473,6473,2025-09-09T13:56:14Z,3660.0,3660.75,1546.7152,17.111525000000256,24.226764999999887,3,0.2,0.1
7,16,6518,6518,2025-09-09T13:56:19Z,3665.0,3665.5,1534.45459,4.850915000000214,4.323419999999942,3,0.2,0.1
7,17,6521,6521,2025-09-09T13:56:19Z,3665.0,3665.8,1549.31435,19.710675000000265,30.469120000000203,3,0.2,0.1
7,18,6561,6561,2025-09-09T13:56:23Z,3669.0,3669.8,1552.38528,22.781605000000127,35.91463999999996,3,0.2,0.1
7,19,6610,6610,2025-09-09T13:56:28Z,3674.0,3674.7,1550.90146,21.297785000000204,30.53099999999995,3,0.2,0.1
7,20,6617,6617,2025-09-09T13:56:29Z,3675.0,3675.4,1553.63366,24.029985000000124,31.14528999999993,3,0.2,0.1
7,21,6646,6646,2025-09-09T13:56:32Z,3678.0,3678.3,1553.28018,23.676505000000134,16.32104000000004,3,0.2,0.1
7,22,6651,6651,2025-09-09T13:56:32Z,3678.0,3678.8,1552.38497,22.781295000000227,0.7409450000000106,3,0.2,0.1
7,23,6700,6700,2025-09-09T13:56:37Z,3683.0,3683.7,1550.5156200000001,20.911945000000287,1.856820000000198,3,0.2,0.1
7,24,6705,6705,2025-09-09T13:56:38Z,3684.0,3684.2,1556.32922,26.72554500000024,40.25263000000018,3,0.2,0.1
7,25,6785,6785,2025-09-09T13:56:47Z,3693.0,3693.285714285714,1553.13002,23.52634500000022,32.75968000000012,3,0.2,0.1
7,26,6815,6815,2025-09-09T13:56:50Z,3696.0,3696.777777777778,1552.3842399999999,22.780565000000024,5.6662499999997635,3,0.2,0.1
7,27,6897,6897,2025-09-09T13:56:59Z,3705.0,3705.5,1540.61714,11.013465000000224,16.57117500000004,3,0.2,0.1
7,28,6922,6922,2025-09-09T13:57:01Z,3708.0,3708.0,1534.42264,4.818965000000162,1.6883000000000266,3,0.2,0.1
7,29,7196,7196,2025-09-09T13:57:30Z,3736.0,3736.777777777778,1552.37411,22.770435000000134,29.88544999999999,3,0.2,0.1
7,30,7227,7227,2025-09-09T13:57:34Z,3740.0,3740.375,1550.89264,21.28896500000019,14.636549999999943,3,0.2,0.1
7,31,7257,7257,2025-09-09T13:57:37Z,3743.0,3743.8888888888887,1540.61578,11.012105000000247,6.19371000000001,3,0.2,0.1
7,32,7273,7273,2025-09-09T13:57:39Z,3745.0,3745.7,1554.88282,25.2791450000002,36.071680000000015,3,0.2,0.1
7,33,7312,7312,2025-09-09T13:57:43Z,3749.0,3749.6,1550.89556,21.291885000000093,26.68621999999982,3,0.2,0.1
7,34,7360,7360,2025-09-09T13:57:48Z,3754.0,3754.6666666666665,1540.61706,11.013385000000198,20.246669999999995,3,0.2,0.1
7,35,7368,7368,2025-09-09T13:57:49Z,3755.0,3755.5,1556.11148,26.50780500000019,35.74144000000001,3,0.2,0.1
7,36,7400,7400,2025-09-09T13:57:52Z,3758.0,3758.7,1552.38458,22.780905000000075,29.8918799999999,3,0.2,0.1
7,37,7433,7433,2025-09-09T13:57:55Z,3762.0,3762.0,1528.26594,-1.3377349999998387,2.107954999999947,3,0.2,0.1
7,38,7447,7447,2025-09-09T13:57:57Z,3763.0,3763.4,1538.77735,9.17367500000023,6.056990000000042,3,0.2,0.1
7,39,7450,7450,2025-09-09T13:57:57Z,3763.0,3763.7,1546.79559,17.191915000000108,14.07522999999992,3,0.2,0.1
7,40,7490,7490,2025-09-09T13:58:01Z,3767.0,3767.7,1553.393485,23.789810000000216,33.022455000000036,3,0.2,0.1
7,41,7545,7545,2025-09-09T13:58:07Z,3773.0,3773.2,1558.82314,29.219465000000127,43.95056999999997,3,0.2,0.1
7,42,7558,7558,2025-09-09T13:58:08Z,3774.0,3774.5,1534.5118,4.908125000000155,15.680139999999938,3,0.2,0.1
7,43,7579,7579,2025-09-09T13:58:10Z,3776.0,3776.777777777778,1548.58743,18.9837550000002,28.216120000000046,3,0.2,0.1
7,44,7611,7611,2025-09-09T13:58:14Z,3781.0,3781.0,1528.26678,-1.3368949999999131,4.217319999999972,3,0.2,0.1
7,45,7623,7623,2025-09-09T13:58:16Z,3782.0,3782.5555555555557,1559.2747,29.6710250000001,47.340999999999894,3,0.2,0.1
7,46,7650,7650,2025-09-09T13:58:19Z,3785.0,3785.8,1550.82619,21.222515000000158,2.161730000000034,3,0.2,0.1
7,47,7692,7692,2025-09-09T13:58:24Z,3790.0,3790.6,1552.37229,22.76861500000018,22.24497999999994,3,0.2,0.1
7,48,7731,7731,2025-09-09T13:58:28Z,3794.0,3794.6666666666665,1553.38974,23.786065000000235,33.01863000000003,3,0.2,0.1
7,49,7787,7787,2025-09-09T13:58:34Z,3800.0,3800.4,1556.16581,26.562135000000126,35.79473000000007,3,0.2,0.1
7,50,7798,7798,2025-09-09T13:58:35Z,3801.0,3801.5,1536.25132,6.647645000000239,12.055029999999988,3,0.2,0.1
7,51,7820,7820,2025-09-09T13:58:37Z,3803.0,3803.7,1552.3853199999999,22.781645000000026,32.01388999999995,3,0.2,0.1
7,52,7874,7874,2025-09-09T13:58:43Z,3809.0,3809.1,1556.21864,26.61496500000021,42.70851000000016,3,0.2,0.1
7,53,7891,7891,2025-09-09T13:58:44Z,3810.0,3810.8,1525.885295,-3.7183799999997973,1.0298950000001241,3,0.2,0.1
7,54,7912,7912,2025-09-09T13:58:46Z,3812.0,3812.9,1552.38508,22.781405000000177,32.35967000000005,3,0.2,0.1
7,55,7961,7961,2025-09-09T13:58:51Z,3817.0,3817.8,1550.88896,21.285285000000158,30.517419999999902,3,0.2,0.1
7,56,7979,7979,2025-09-09T13:58:53Z,3819.0,3819.6,1532.73589,3.1322150000000875,13.89013,3,0.2,0.1
7,57,8001,8001,2025-09-09T13:58:55Z,3821.0,3821.8888888888887,1552.38482,22.78114500000015,32.01392499999997,3,0.2,0.1
7,58,8073,8073,2025-09-09T13:59:04Z,3830.0,3830.125,1530.85232,1.2486450000001241,0.7199599999999009,3,0.2,0.1
7,59,8106,8106,2025-09-09T13:59:08Z,3834.0,3834.125,1540.6174,11.01372500000025,12.350180000000137,3,0.2,0.1
7,60,8154,8154,2025-09-09T13:59:13Z,3839.0,3839.7,1534.42278,4.819105000000263,1.688820000000078,3,0.2,0.1
7,61,8244,8244,2025-09-09T13:59:23Z,3849.0,3849.2,1553.63784,24.034165000000257,41.37169000000017,3,0.2,0.1
7,62,8279,8279,2025-09-09T13:59:26Z,3852.0,3852.7,1548.58662,18.9829450000002,32.512249999999995,3,0.2,0.1
7,63,8329,8329,2025-09-09T13:59:31Z,3857.0,3857.7,1534.47387,4.870195000000194,14.103240000000142,3,0.2,0.1
7,64,8337,8337,2025-09-09T13:59:32Z,3858.0,3858.5,1554.07578,24.472105000000056,41.809839999999895,3,0.2,0.1
7,65,8369,8369,2025-09-09T13:59:35Z,3861.0,3861.7,1550.82484,21.221165000000155,30.45389,3,0.2,0.1
7,66,8419,8419,2025-09-09T13:59:40Z,3866.0,3866.7,1550.88668,21.28300500000023,30.527180000000044,3,0.2,0.1
7,67,8428,8428,2025-09-09T13:59:41Z,3867.0,3867.6,1524.48675,-5.11692499999981,5.647730000000138,3,0.2,0.1
7,68,8458,8458,2025-09-09T13:59:44Z,3870.0,3870.6,1552.38626,22.782585000000154,32.01529000000005,3,0.2,0.1
7,69,8503,8503,2025-09-09T13:59:49Z,3875.0,3875.75,1554.8975,25.293825000000197,36.07605000000012,3,0.2,0.1
7,70,8534,8534,2025-09-09T13:59:53Z,3879.0,3879.714285714286,1552.38549,22.78181500000005,32.0148099999999,3,0.2,0.1
7,71,8579,8579,2025-09-09T13:59:58Z,3885.0,3885.0,1556.13298,26.52930500000025,43.87000499999999,3,0.2,0.1
7,72,8612,8612,2025-09-09T14:00:02Z,3888.0,3888.7,1551.64461,22.040935000000218,31.273280000000113,3,0.2,0.1
7,73,8667,8667,2025-09-09T14:00:08Z,3894.0,3894.222222222222,1558.82879,29.225115000000187,46.56617000000006,3,0.2,0.1
7,74,8701,8701,2025-09-09T14:00:11Z,3897.0,3897.7,1552.38569,22.78201500000023,37.51346000000012,3,0.2,0.1
7,75,8755,8755,2025-09-09T14:00:17Z,3903.0,3903.2,1537.662855,8.059180000000197,13.180904999999939,3,0.2,0.1
7,76,8758,8758,2025-09-09T14:00:17Z,3903.0,3903.5,1542.467715,12.86404000000016,17.9857649999999,3,0.2,0.1
7,77,8767,8767,2025-09-09T14:00:18Z,3904.0,3904.4,1550.51079,20.907115000000204,34.03823000000011,3,0.2,0.1
7,78,8789,8789,2025-09-09T14:00:20Z,3906.0,3906.6,1552.38411,22.780435000000125,36.30855999999994,3,0.2,0.1
7,79,8848,8848,2025-09-09T14:00:26Z,3912.0,3912.5,1559.27236,29.668685000000096,47.00849500000004,3,0.2,0.1
7,80,8880,8880,2025-09-09T14:00:29Z,3915.0,3915.7,1552.38551,22.78183500000023,33.56506000000013,3,0.2,0.1
7,81,8937,8937,2025-09-09T14:00:35Z,3921.0,3921.5555555555557,1553.63238,24.028705000000173,34.81158000000005,3,0.2,0.1
7,82,8945,8945,2025-09-09T14:00:36Z,3922.0,3922.4,1550.51103,20.907355000000052,25.877459999999928,3,0.2,0.1
7,83,8964,8964,2025-09-09T14:00:38Z,3924.0,3924.5555555555557,1550.90337,21.299695000000156,30.532590000000027,3,0.2,0.1
7,84,9015,9015,2025-09-09T14:00:44Z,3930.0,3930.4444444444443,1559.26629,29.662615000000187,43.185249999999996,3,0.2,0.1
7,85,9042,9042,2025-09-09T14:00:47Z,3933.0,3933.75,1550.90276,21.299085000000105,32.08888000000002,3,0.2,0.1
7,86,9116,9116,2025-09-09T14:00:55Z,3942.0,3942.0,1530.85242,1.248745000000099,0.7193899999999758,3,0.2,0.1
7,87,9121,9121,2025-09-09T14:00:56Z,3942.0,3942.5555555555557,1538.77798,9.174305000000231,8.645459999999957,3,0.2,0.1
7,88,9177,9177,2025-09-09T14:01:02Z,3948.0,3948.3333333333335,1540.61747,11.013795000000073,7.883249999999862,3,0.2,0.1
7,89,9274,9274,2025-09-09T14:01:12Z,3958.0,3958.2,1534.42249,4.818815000000086,1.688130000000001,3,0.2,0.1
7,90,9309,9309,2025-09-09T14:01:15Z,3961.0,3961.7,1550.82697,21.223295000000235,30.455740000000105,3,0.2,0.1
7,91,9317,9317,2025-09-09T14:01:16Z,3962.0,3962.5555555555557,1548.55854,18.954865000000154,26.063969999999927,3,0.2,0.1
7,92,9348,9348,2025-09-09T14:01:19Z,3965.0,3965.6,1522.48938,-7.114294999999856,2.119140000000016,3,0.2,0.1
7,93,9385,9385,2025-09-09T14:01:23Z,3969.0,3969.3,1538.77837,9.174695000000156,8.646289999999908,3,0.2,0.1
7,94,9399,9399,2025-09-09T14:01:24Z,3970.0,3970.777777777778,1552.37744,22.77376500000014,40.1109899999999,3,0.2,0.1
7,95,9404,9404,2025-09-09T14:01:25Z,3971.0,3971.3,1537.6734999999999,8.069825000000037,9.401339999999891,3,0.2,0.1
7,96,9408,9408,2025-09-09T14:01:25Z,3971.0,3971.7,1543.767765,14.164090000000215,27.68413499999997,3,0.2,0.1
7,97,9427,9427,2025-09-09T14:01:27Z,3974.0,3974.0,1550.51119,20.907515000000103,36.204299999999876,3,0.2,0.1
7,98,9474,9474,2025-09-09T14:01:33Z,3979.0,3979.75,1531.49264,1.8889650000000984,11.122679999999946,3,0.2,0.1
7,99,9480,9480,2025-09-09T14:01:34Z,3980.0,3980.4,1533.9697500000002,4.3660750000003645,5.6974900000002435,3,0.2,0.1
7,100,9483,9483,2025-09-09T14:01:34Z,3980.0,3980.7,1540.9524350000002,11.348760000000311,18.45503500000018,3,0.2,0.1
7,101,9511,9511,2025-09-09T14:01:37Z,3983.0,3983.5,1550.88937,21.28569500000026,30.51953000000003,3,0.2,0.1
7,102,9564,9564,2025-09-09T14:01:43Z,3989.0,3989.4,1554.07615,24.47247500000026,41.81049000000007,3,0.2,0.1
7,103,9588,9588,2025-09-09T14:01:45Z,3991.0,3991.8,1548.53297,18.92929500000014,23.91682999999989,3,0.2,0.1
7,104,9596,9596,2025-09-09T14:01:46Z,3992.0,3992.6,1550.8242,21.22052500000018,30.45390999999995,3,0.2,0.1
7,105,9646,9646,2025-09-09T14:01:51Z,3997.0,3997.7,1552.37965,22.775975000000244,40.115580000000136,3,0.2,0.1
7,106,9668,9668,2025-09-09T14:01:53Z,4000.0,4000.0,1522.12614,-7.477534999999762,3.2887000000000626,3,0.2,0.1
7,107,9683,9683,2025-09-09T14:01:55Z,4001.0,4001.6,1548.58867,18.984995000000254,28.21820000000025,3,0.2,0.1
7,108,9734,9734,2025-09-09T14:02:00Z,4006.0,4006.7,1551.4317999999998,21.828125,39.16718999999989,3,0.2,0.1
7,109,9756,9756,2025-09-09T14:02:02Z,4008.0,4008.9,1524.60933,-4.994344999999839,5.771829999999909,3,0.2,0.1
7,110,9771,9771,2025-09-09T14:02:04Z,4010.0,4010.4,1540.64833,11.044655000000148,7.921620000000075,3,0.2,0.1
7,111,9775,9775,2025-09-09T14:02:04Z,4010.0,4010.8,1546.71586,17.11218500000018,26.34541000000013,3,0.2,0.1
7,112,9829,9829,2025-09-09T14:02:10Z,4016.0,4016.2,1559.27788,29.674205000000256,47.01372000000015,3,0.2,0.1
7,113,9844,9844,2025-09-09T14:02:11Z,4017.0,4017.7,1524.60277,-5.000904999999875,0.15365999999994528,3,0.2,0.1
7,114,9857,9857,2025-09-09T14:02:12Z,4019.0,4019.0,1548.53237,18.92869500000006,17.7340549999999,3,0.2,0.1
7,115,9863,9863,2025-09-09T14:02:13Z,4019.0,4019.6,1548.77248,19.168805000000248,26.646380000000136,3,0.2,0.1
7,116,9907,9907,2025-09-09T14:02:18Z,4024.0,4024.5555555555557,1550.65161,21.047935000000052,30.281139999999823,3,0.2,0.1
7,117,9936,9936,2025-09-09T14:02:22Z,4028.0,4028.222222222222,1548.49491,18.89123500000005,28.137039999999843,3,0.2,0.1
7,118,9982,9982,2025-09-09T14:02:27Z,4033.0,4033.3333333333335,1537.43107,7.8273950000002515,17.059169999999995,3,0.2,0.1
7,119,9986,9986,2025-09-09T14:02:27Z,4033.0,4033.777777777778,1536.3644800000002,6.760805000000346,13.873430000000099,3,0.2,0.1
7,120,9991,9991,2025-09-09T14:02:28Z,4034.0,4034.3,1555.23557,25.631895000000213,35.064620000000104,3,0.2,0.1
7,121,10023,10023,2025-09-09T14:02:31Z,4037.0,4037.5555555555557,1551.6380949999998,22.034419999999955,31.26766499999985,3,0.2,0.1
7,122,10079,10079,2025-09-09T14:02:37Z,4043.0,4043.2,1559.27551,29.6718350000001,44.403929999999946,3,0.2,0.1
7,123,10113,10113,2025-09-09T14:02:40Z,4046.0,4046.6,1550.82507,21.221395000000257,26.230350000000044,3,0.2,0.1
7,124,10167,10167,2025-09-09T14:02:46Z,4052.0,4052.1,1528.26582,-1.337854999999763,2.110785000000078,3,0.2,0.1
7,125,10190,10190,2025-09-09T14:02:48Z,4054.0,4054.4,1538.77952,9.175845000000209,8.648750000000064,3,0.2,0.1
7,126,10225,10225,2025-09-09T14:02:51Z,4057.0,4057.9,1530.85184,1.2481650000001991,0.7208399999999529,3,0.2,0.1
7,127,10228,10228,2025-09-09T14:02:52Z,4058.0,4058.2,1530.85184,1.2481650000001991,0.7209900000000289,3,0.2,0.1
7,128,10251,10251,2025-09-09T14:02:54Z,4060.0,4060.5,1540.61595,11.012275000000272,7.880820000000085,3,0.2,0.1
7,129,10254,10254,2025-09-09T14:02:54Z,4060.0,4060.8,1540.61595,11.012275000000272,7.880820000000085,3,0.2,0.1
7,130,10287,10287,2025-09-09T14:02:58Z,4064.0,4064.1,1538.78157,9.177895000000262,4.358360000000175,3,0.2,0.1
7,131,10341,10341,2025-09-09T14:03:03Z,4069.0,4069.777777777778,1550.82074,21.217065000000048,26.453539999999975,3,0.2,0.1
7,132,10350,10350,2025-09-09T14:03:04Z,4070.0,4070.777777777778,1556.28778,26.684105000000272,35.91701000000012,3,0.2,0.1
7,133,10416,10416,2025-09-09T14:03:12Z,4078.0,4078.2,1530.13138,0.5277050000001964,1.8644449999999324,3,0.2,0.1
7,134,10455,10455,2025-09-09T14:03:16Z,4082.0,4082.3333333333335,1552.37168,22.76800500000013,29.875800000000027,3,0.2,0.1
7,135,10504,10504,2025-09-09T14:03:21Z,4087.0,4087.3333333333335,1534.455425,4.851750000000266,11.93438500000002,3,0.2,0.1
7,136,10515,10515,2025-09-09T14:03:22Z,4088.0,4088.5,1554.07841,24.474735000000237,31.588740000000143,3,0.2,0.1
7,137,10545,10545,2025-09-09T14:03:25Z,4091.0,4091.6,1534.75976,5.1560850000000755,11.871759999999995,3,0.2,0.1
7,138,10548,10548,2025-09-09T14:03:25Z,4091.0,4091.9,1533.50147,3.8977950000000874,10.613470000000007,3,0.2,0.1
7,139,10597,10597,2025-09-09T14:03:30Z,4096.0,4096.8,1552.37602,22.772345000000087,32.00459999999998,3,0.2,0.1
7,140,10610,10610,2025-09-09T14:03:32Z,4098.0,4098.1,1536.23448,6.630805000000237,15.863190000000031,3,0.2,0.1
7,141,10667,10667,2025-09-09T14:03:37Z,4103.0,4103.8,1526.15542,-3.44825499999979,2.111030000000028,3,0.2,0.1
7,142,10693,10693,2025-09-09T14:03:40Z,4106.0,4106.4,1554.07769,24.474015000000236,36.38826000000017,3,0.2,0.1
7,143,10724,10724,2025-09-09T14:03:43Z,4109.0,4109.6,1541.5056100000002,11.901935000000321,21.14579000000026,3,0.2,0.1
7,144,10771,10771,2025-09-09T14:03:48Z,4114.0,4114.857142857143,1534.51299,4.909315000000106,14.141799999999876,3,0.2,0.1
7,145,10775,10775,2025-09-09T14:03:49Z,4115.0,4115.3,1554.07787,24.474195000000236,29.647590000000037,3,0.2,0.1
7,146,10779,10779,2025-09-09T14:03:49Z,4115.0,4115.7,1528.58719,-1.016484999999875,4.156909999999925,3,0.2,0.1
7,147,10797,10797,2025-09-09T14:03:51Z,4117.0,4117.888888888889,1554.07817,24.47449500000016,33.70697999999993,3,0.2,0.1
7,148,10841,10841,2025-09-09T14:03:57Z,4123.0,4123.333333333333,1528.267465,-1.3362099999999373,4.0699449999999615,3,0.2,0.1
7,149,10855,10855,2025-09-09T14:03:58Z,4124.0,4124.888888888889,1559.26835,29.664675000000216,44.39675000000011,3,0.2,0.1
7,150,10931,10931,2025-09-09T14:04:06Z,4132.0,4132.8,1550.79636,21.19268500000021,2.6577800000000025,3,0.2,0.1
7,151,10941,10941,2025-09-09T14:04:07Z,4133.0,4133.888888888889,1554.41689,24.813215000000127,34.04559999999992,3,0.2,0.1
7,152,11019,11019,2025-09-09T14:04:15Z,4141.0,4141.7,1550.80025,21.196575000000166,28.310199999999895,3,0.2,0.1
7,153,11027,11027,2025-09-09T14:04:16Z,4142.0,4142.5,1554.07783,24.47415500000011,37.997249999999894,3,0.2,0.1
7,154,11030,11030,2025-09-09T14:04:16Z,4142.0,4142.8,1548.577175,18.973500000000058,10.290250000000015,3,0.2,0.1
7,155,11033,11033,2025-09-09T14:04:17Z,4143.0,4143.1,1543.07652,13.472845000000234,10.290250000000015,3,0.2,0.1
7,156,11057,11057,2025-09-09T14:04:19Z,4145.0,4145.5,1537.4426600000002,7.838985000000321,14.928340000000162,3,0.2,0.1
7,157,11115,11115,2025-09-09T14:04:25Z,4151.0,4151.3,1554.07659,24.472915000000057,33.70573999999988,3,0.2,0.1
7,158,11211,11211,2025-09-09T14:04:35Z,4161.0,4161.875,1538.78051,9.17683500000021,8.649290000000065,3,0.2,0.1
7,159,11218,11218,2025-09-09T14:04:36Z,4162.0,4162.6,1530.85187,1.2481950000001234,0.7204600000000028,3,0.2,0.1
7,160,11265,11265,2025-09-09T14:04:42Z,4168.0,4168.0,1540.61678,11.013105000000223,20.24653000000012,3,0.2,0.1
7,161,11303,11303,2025-09-09T14:04:46Z,4172.0,4172.3,1554.07762,24.473945000000185,37.994410000000016,3,0.2,0.1
7,162,11323,11323,2025-09-09T14:04:48Z,4174.0,4174.333333333333,1552.37078,22.76710500000013,20.569885000000113,3,0.2,0.1
7,163,11344,11344,2025-09-09T14:04:50Z,4176.0,4176.5,1529.19878,-0.40489499999989675,0.9317499999999654,3,0.2,0.1
7,164,11359,11359,2025-09-09T14:04:52Z,4178.0,4178.2,1530.85168,1.2480050000001484,0.7214599999999791,3,0.2,0.1
7,165,11362,11362,2025-09-09T14:04:52Z,4178.0,4178.5,1530.85119,1.2475150000002486,0.7205800000001545,3,0.2,0.1
7,166,11372,11372,2025-09-09T14:04:53Z,4179.0,4179.5,1539.361375,9.757700000000114,11.094425000000001,3,0.2,0.1
7,167,11384,11384,2025-09-09T14:04:54Z,4180.0,4180.7,1548.38181,18.778135000000248,24.182520000000068,3,0.2,0.1
7,168,11388,11388,2025-09-09T14:04:55Z,4181.0,4181.1,1522.49665,-7.107024999999794,2.4034750000000713,3,0.2,0.1
7,169,11411,11411,2025-09-09T14:04:57Z,4183.0,4183.4,1538.34925,8.745575000000144,10.082589999999982,3,0.2,0.1
7,170,11451,11451,2025-09-09T14:05:01Z,4187.0,4187.5,1538.78101,9.177335000000085,21.09131000000002,3,0.2,0.1
7,171,11462,11462,2025-09-09T14:05:02Z,4188.0,4188.6,1530.85187,1.2481950000001234,0.7214500000000044,3,0.2,0.1
7,172,11480,11480,2025-09-09T14:05:04Z,4190.0,4190.444444444444,1559.26134,29.65766500000018,40.75494000000003,3,0.2,0.1
7,173,11543,11543,2025-09-09T14:05:10Z,4196.0,4196.8,1538.78087,9.17719500000021,7.929360000000088,3,0.2,0.1
7,174,11553,11553,2025-09-09T14:05:11Z,4197.0,4197.8,1554.917,25.313325000000077,0.8394799999998668,3,0.2,0.1
7,175,11562,11562,2025-09-09T14:05:12Z,4198.0,4198.7,1555.20116,25.597485000000233,1.123640000000023,3,0.2,0.1
7,176,11566,11566,2025-09-09T14:05:13Z,4199.0,4199.1,1556.3248,26.721125000000256,28.057810000000018,3,0.2,0.1
7,177,11593,11593,2025-09-09T14:05:15Z,4201.0,4201.8,1551.5987599999999,21.995085000000017,27.555709999999863,3,0.2,0.1
7,178,11631,11631,2025-09-09T14:05:19Z,4205.0,4205.777777777777,1538.77932,9.175645000000259,7.927025000000185,3,0.2,0.1
7,179,11639,11639,2025-09-09T14:05:20Z,4206.0,4206.666666666667,1544.325,14.721325000000206,8.050629999999956,3,0.2,0.1
7,180,11647,11647,2025-09-09T14:05:21Z,4207.0,4207.555555555556,1554.969145,25.365470000000187,1.3320450000001074,3,0.2,0.1
7,181,11650,11650,2025-09-09T14:05:21Z,4207.0,4207.888888888889,1556.30119,26.697515000000067,35.940979999999854,3,0.2,0.1
7,182,11653,11653,2025-09-09T14:05:22Z,4208.0,4208.222222222223,1543.65121,14.047535000000153,4.18109000000004,3,0.2,0.1
7,183,11673,11673,2025-09-09T14:05:24Z,4210.0,4210.444444444444,1548.66412,19.060445000000072,17.806659999999965,3,0.2,0.1
7,184,11710,11710,2025-09-09T14:05:28Z,4214.0,4214.714285714285,1538.77933,9.175655000000233,7.92690000000016,3,0.2,0.1
7,185,11720,11720,2025-09-09T14:05:29Z,4215.0,4215.8,1550.88545,21.281775000000152,26.842570000000023,3,0.2,0.1
7,186,11732,11732,2025-09-09T14:05:31Z,4217.0,4217.1,1554.077835,24.47416000000021,30.03515500000003,3,0.2,0.1
7,187,11757,11757,2025-09-09T14:05:33Z,4219.0,4219.777777777777,1552.37042,22.766745000000128,19.421974999999975,3,0.2,0.1
7,188,11806,11806,2025-09-09T14:05:38Z,4224.0,4224.7,1548.66578,19.0621050000002,17.79708000000005,3,0.2,0.1
7,189,11821,11821,2025-09-09T14:05:40Z,4226.0,4226.2,1556.47631,26.872635000000173,33.98452999999995,3,0.2,0.1
7,190,11842,11842,2025-09-09T14:05:42Z,4228.0,4228.3,1553.63349,24.0298150000001,23.1259,3,0.2,0.1
7,191,11896,11896,2025-09-09T14:05:47Z,4233.0,4233.7,1551.58589,21.982215000000224,0.786830000000009,3,0.2,0.1
7,192,11905,11905,2025-09-09T14:05:48Z,4234.0,4234.6,1555.189415,25.585740000000214,1.1127850000000308,3,0.2,0.1
7,193,11909,11909,2025-09-09T14:05:48Z,4235.0,4235.0,1556.3022,26.698525000000245,32.25981500000012,3,0.2,0.1
7,194,11936,11936,2025-09-09T14:05:51Z,4237.0,4237.7,1546.71169,17.10801500000025,20.36632499999996,3,0.2,0.1
7,195,11987,11987,2025-09-09T14:05:56Z,4242.0,4242.8,1554.92311,25.319435000000112,30.88085000000001,3,0.2,0.1
7,196,12000,12000,2025-09-09T14:05:58Z,4244.0,4244.1,1556.462495,26.85882000000015,33.96733500000005,3,0.2,0.1
7,197,12007,12007,2025-09-09T14:05:58Z,4244.0,4244.8,1534.48751,4.88383500000009,1.7449999999998909,3,0.2,0.1
7,198,12023,12023,2025-09-09T14:06:00Z,4246.0,4246.4,1552.37336,22.76968500000021,22.541119999999864,3,0.2,0.1
7,199,12070,12070,2025-09-09T14:06:05Z,4251.0,4251.333333333333,1538.779525,9.175850000000082,14.737364999999954,3,0.2,0.1
7,200,12082,12082,2025-09-09T14:06:06Z,4252.0,4252.6,1556.29727,26.693595000000187,1.1103250000001026,3,0.2,0.1
7,201,12087,12087,2025-09-09T14:06:07Z,4253.0,4253.125,1556.47538,26.871705000000247,32.43322000000012,3,0.2,0.1
7,202,12109,12109,2025-09-09T14:06:09Z,4255.0,4255.8,1550.82583,21.222155000000157,14.59367999999995,3,0.2,0.1
7,203,12145,12145,2025-09-09T14:06:14Z,4260.0,4260.1,1538.77945,9.175775000000158,8.647220000000061,3,0.2,0.1
8,0,5779,5779,2025-09-09T13:54:59Z,3585.0,3585.4,1550.82284,20.691710000000057,25.994959999999992,3,0.2,0.1
8,1,5791,5791,2025-09-09T13:55:00Z,3586.0,3586.6,1553.633,23.501870000000054,33.632139999999936,3,0.2,0.1
8,2,5808,5808,2025-09-09T13:55:02Z,3588.0,3588.4,1528.25275,-1.8783799999998791,1.3661600000000362,3,0.2,0.1
8,3,6108,6108,2025-09-09T13:55:35Z,3621.0,3621.4,1532.73953,2.608400000000074,8.684460000000172,3,0.2,0.1
8,4,6247,6247,2025-09-09T13:55:49Z,3635.0,3635.9,1525.48639,-4.644739999999956,1.4303400000001147,3,0.2,0.1
8,5,6250,6250,2025-09-09T13:55:50Z,3636.0,3636.2,1525.48639,-4.644739999999956,1.4303400000001147,3,0.2,0.1
8,6,6268,6268,2025-09-09T13:55:51Z,3638.0,3638.0,1538.77692,8.645790000000034,4.354880000000094,3,0.2,0.1
8,7,6276,6276,2025-09-09T13:55:52Z,3638.0,3638.8,1552.37255,22.241420000000062,34.15286999999989,3,0.2,0.1
8,8,6319,6319,2025-09-09T13:55:57Z,3643.0,3643.1111111111113,1550.824615,20.69348500000001,31.980444999999918,3,0.2,0.1
8,9,6393,6393,2025-09-09T13:56:05Z,3651.0,3651.7,1548.66496,18.53383000000008,26.54497000000015,3,0.2,0.1
8,10,6396,6396,2025-09-09T13:56:06Z,3652.0,3652.0,1546.71466,16.58353000000011,11.137744999999995,3,0.2,0.1
8,11,6400,6400,2025-09-09T13:56:06Z,3652.0,3652.5,1546.71466,16.58353000000011,12.112895000000208,3,0.2,0.1
8,12,6430,6430,2025-09-09T13:56:09Z,3655.0,3655.8,1530.1312,7.000000005064066e-05,6.078700000000026,3,0.2,0.1
8,13,6444,6444,2025-09-09T13:56:11Z,3657.0,3657.4,1554.07704,23.945909999999913,36.38058000000001,3,0.2,0.1
8,14,6472,6472,2025-09-09T13:56:14Z,3660.0,3660.625,1548.58932,18.45819000000006,23.707040000000006,3,0.2,0.1
8,15,6521,6521,2025-09-09T13:56:19Z,3665.0,3665.8,1548.65675,18.525620000000117,21.754830000000084,3,0.2,0.1
8,16,6561,6561,2025-09-09T13:56:23Z,3669.0,3669.8,1548.66631,18.535180000000082,28.296490000000176,3,0.2,0.1
8,17,6610,6610,2025-09-09T13:56:28Z,3674.0,3674.7,1548.59125,18.46011999999996,28.22136999999975,3,0.2,0.1
8,18,6646,6646,2025-09-09T13:56:32Z,3678.0,3678.3,1550.83195,20.70082000000002,30.47481999999991,3,0.2,0.1
8,19,6705,6705,2025-09-09T13:56:38Z,3684.0,3684.2,1554.07755,23.94641999999999,39.20406000000003,3,0.2,0.1
8,20,6785,6785,2025-09-09T13:56:47Z,3693.0,3693.285714285714,1552.95364,22.822509999999966,32.58420000000001,3,0.2,0.1
8,21,6815,6815,2025-09-09T13:56:50Z,3696.0,3696.777777777778,1548.62815,18.49702000000002,26.120689999999968,3,0.2,0.1
8,22,6876,6876,2025-09-09T13:56:57Z,3703.0,3703.4,1530.13121,8.000000002539309e-05,1.8643799999999828,3,0.2,0.1
8,23,6898,6898,2025-09-09T13:56:59Z,3705.0,3705.6,1538.77817,8.647040000000061,14.731629999999996,3,0.2,0.1
8,24,6920,6920,2025-09-09T13:57:01Z,3707.0,3707.8,1532.73448,2.6033500000000913,4.467360000000099,3,0.2,0.1
8,25,7193,7193,2025-09-09T13:57:30Z,3736.0,3736.4444444444443,1548.58807,18.45694000000003,14.150990000000093,3,0.2,0.1
8,26,7229,7229,2025-09-09T13:57:34Z,3740.0,3740.625,1548.58871,18.457580000000007,28.2187100000001,3,0.2,0.1
8,27,7257,7257,2025-09-09T13:57:37Z,3743.0,3743.8888888888887,1538.77813,8.646999999999935,6.044349999999895,3,0.2,0.1
8,28,7273,7273,2025-09-09T13:57:39Z,3745.0,3745.7,1550.49,20.358870000000024,11.685179999999946,3,0.2,0.1
8,29,7312,7312,2025-09-09T13:57:43Z,3749.0,3749.6,1552.38494,22.25380999999993,32.01553999999987,3,0.2,0.1
8,30,7347,7347,2025-09-09T13:57:47Z,3753.0,3753.3,1530.13241,0.0012799999999515421,1.8658799999998337,3,0.2,0.1
8,31,7360,7360,2025-09-09T13:57:48Z,3754.0,3754.6666666666665,1538.77739,8.646259999999984,16.289449999999988,3,0.2,0.1
8,32,7368,7368,2025-09-09T13:57:49Z,3755.0,3755.5,1553.63285,23.501719999999978,35.94801000000007,3,0.2,0.1
8,33,7400,7400,2025-09-09T13:57:52Z,3758.0,3758.7,1550.90485,20.773719999999912,30.547559999999976,3,0.2,0.1
8,34,7450,7450,2025-09-09T13:57:57Z,3763.0,3763.7,1538.305945,8.17481500000008,17.935435000000098,3,0.2,0.1
8,35,7490,7490,2025-09-09T13:58:01Z,3767.0,3767.7,1550.4862899999998,20.35515999999984,30.115739999999732,3,0.2,0.1
8,36,7545,7545,2025-09-09T13:58:07Z,3773.0,3773.2,1556.12167,25.99054000000001,35.75154999999995,3,0.2,0.1
8,37,7578,7578,2025-09-09T13:58:10Z,3776.0,3776.6666666666665,1548.58837,18.457239999999956,14.151380000000017,3,0.2,0.1
8,38,7623,7623,2025-09-09T13:58:16Z,3782.0,3782.5555555555557,1556.12708,25.995949999999993,41.82086000000004,3,0.2,0.1
8,39,7650,7650,2025-09-09T13:58:19Z,3785.0,3785.8,1548.58749,18.456359999999904,28.216699999999946,3,0.2,0.1
8,40,7653,7653,2025-09-09T13:58:20Z,3786.0,3786.125,1547.651705,17.520575000000008,12.113775000000032,3,0.2,0.1
8,41,7731,7731,2025-09-09T13:58:28Z,3794.0,3794.6666666666665,1551.6386499999999,21.507519999999886,32.792289999999866,3,0.2,0.1
8,42,7739,7739,2025-09-09T13:58:29Z,3795.0,3795.5,1534.6023500000001,4.47122000000013,12.112940000000208,3,0.2,0.1
8,43,7787,7787,2025-09-09T13:58:34Z,3800.0,3800.4,1553.63243,23.50130000000013,37.55416000000014,3,0.2,0.1
8,44,7817,7817,2025-09-09T13:58:37Z,3803.0,3803.4,1552.37067,22.239540000000034,31.9993300000001,3,0.2,0.1
8,45,7820,7820,2025-09-09T13:58:37Z,3803.0,3803.7,1550.90375,20.77261999999996,0.42432000000007974,3,0.2,0.1
8,46,7876,7876,2025-09-09T13:58:43Z,3809.0,3809.3,1553.63246,23.501330000000053,38.75974999999994,3,0.2,0.1
8,47,7911,7911,2025-09-09T13:58:46Z,3812.0,3812.8,1550.90369,20.772560000000112,32.05736000000002,3,0.2,0.1
8,48,7919,7919,2025-09-09T13:58:47Z,3813.0,3813.6,1534.601655,4.470524999999952,12.11349499999983,3,0.2,0.1
8,49,8001,8001,2025-09-09T13:58:55Z,3821.0,3821.8888888888887,1550.82568,20.694549999999936,30.45453999999995,3,0.2,0.1
8,50,8074,8074,2025-09-09T13:59:04Z,3830.0,3830.25,1530.13235,0.0012200000001030276,1.8659099999999853,3,0.2,0.1
8,51,8079,8079,2025-09-09T13:59:04Z,3830.0,3830.875,1530.13278,0.0016499999999268766,1.8663199999998596,3,0.2,0.1
8,52,8113,8113,2025-09-09T13:59:09Z,3835.0,3835.0,1538.77816,8.647030000000086,14.735655000000179,3,0.2,0.1
8,53,8162,8162,2025-09-09T13:59:14Z,3840.0,3840.5555555555557,1532.73425,2.60311999999999,4.467399999999998,3,0.2,0.1
8,54,8244,8244,2025-09-09T13:59:23Z,3849.0,3849.2,1548.47187,18.340740000000096,28.10171000000014,3,0.2,0.1
8,55,8281,8281,2025-09-09T13:59:26Z,3852.0,3852.9,1546.71527,16.584139999999934,19.793649999999843,3,0.2,0.1
8,56,8319,8319,2025-09-09T13:59:30Z,3856.0,3856.7,1530.13241,0.0012799999999515421,1.8653249999999844,3,0.2,0.1
8,57,8329,8329,2025-09-09T13:59:31Z,3857.0,3857.7,1546.70972,16.578590000000077,22.664020000000164,3,0.2,0.1
8,58,8337,8337,2025-09-09T13:59:32Z,3858.0,3858.5,1548.55766,18.426529999999957,28.211559999999963,3,0.2,0.1
8,59,8369,8369,2025-09-09T13:59:35Z,3861.0,3861.7,1548.58719,18.45605999999998,28.21623999999997,3,0.2,0.1
8,60,8419,8419,2025-09-09T13:59:40Z,3866.0,3866.7,1548.58999,18.45885999999996,28.229640000000018,3,0.2,0.1
8,61,8458,8458,2025-09-09T13:59:44Z,3870.0,3870.6,1550.82473,20.69360000000006,30.453760000000102,3,0.2,0.1
8,62,8503,8503,2025-09-09T13:59:49Z,3875.0,3875.75,1552.38116,22.250029999999924,32.010479999999916,3,0.2,0.1
8,63,8579,8579,2025-09-09T13:59:58Z,3885.0,3885.0,1554.07606,23.944930000000113,41.81208000000015,3,0.2,0.1
8,64,8612,8612,2025-09-09T14:00:02Z,3888.0,3888.7,1549.7066300000001,19.575500000000147,29.33530000000019,3,0.2,0.1
8,65,8667,8667,2025-09-09T14:00:08Z,3894.0,3894.222222222222,1556.1252,25.994069999999965,43.86076000000003,3,0.2,0.1
8,66,8700,8700,2025-09-09T14:00:11Z,3897.0,3897.6,1550.90312,20.77198999999996,30.532069999999976,3,0.2,0.1
8,67,8757,8757,2025-09-09T14:00:17Z,3903.0,3903.4,1559.27151,29.14038000000005,47.34525000000008,3,0.2,0.1
8,68,8795,8795,2025-09-09T14:00:21Z,3907.0,3907.2,1548.7701499999998,18.639019999999846,0.19903999999974076,3,0.2,0.1
8,69,8844,8844,2025-09-09T14:00:26Z,3912.0,3912.1,1558.82618,28.695050000000037,12.111180000000104,3,0.2,0.1
8,70,8879,8879,2025-09-09T14:00:29Z,3915.0,3915.6,1550.90365,20.772519999999986,30.545010000000048,3,0.2,0.1
8,71,8965,8965,2025-09-09T14:00:38Z,3924.0,3924.6666666666665,1549.7066599999998,19.575529999999844,29.33537999999976,3,0.2,0.1
8,72,8969,8969,2025-09-09T14:00:39Z,3925.0,3925.1,1549.70616,19.57502999999997,1.1178999999999633,3,0.2,0.1
8,73,9015,9015,2025-09-09T14:00:44Z,3930.0,3930.4444444444443,1556.32659,26.195459999999912,37.50613999999996,3,0.2,0.1
8,74,9042,9042,2025-09-09T14:00:47Z,3933.0,3933.75,1549.7062700000001,19.575140000000147,1.1188500000000658,3,0.2,0.1
8,75,9121,9121,2025-09-09T14:00:56Z,3942.0,3942.5555555555557,1530.13275,0.0016200000000026193,1.865729999999985,3,0.2,0.1
8,76,9131,9131,2025-09-09T14:00:57Z,3943.0,3943.6666666666665,1530.13291,0.0017800000000534055,1.8661999999999352,3,0.2,0.1
8,77,9181,9181,2025-09-09T14:01:02Z,3948.0,3948.777777777778,1538.77873,8.647600000000011,18.407050000000027,3,0.2,0.1
8,78,9258,9258,2025-09-09T14:01:10Z,3956.0,3956.6,1532.73455,2.6034199999999146,4.467239999999947,3,0.2,0.1
8,79,9297,9297,2025-09-09T14:01:14Z,3960.0,3960.5,1532.73434,2.60320999999999,4.466660000000047,3,0.2,0.1
8,80,9309,9309,2025-09-09T14:01:15Z,3961.0,3961.7,1534.473475,4.342345000000023,6.206214999999929,3,0.2,0.1
8,81,9390,9390,2025-09-09T14:01:23Z,3969.0,3969.8,1530.13212,0.0009900000000016007,1.8650800000000345,3,0.2,0.1
8,82,9404,9404,2025-09-09T14:01:25Z,3971.0,3971.3,1556.39955,26.268420000000106,40.31941000000006,3,0.2,0.1
8,83,9425,9425,2025-09-09T14:01:27Z,3973.0,3973.777777777778,1548.57023,18.439100000000053,24.104299999999967,3,0.2,0.1
8,84,9480,9480,2025-09-09T14:01:34Z,3980.0,3980.4,1553.13177,23.000639999999976,29.08761000000004,3,0.2,0.1
8,85,9515,9515,2025-09-09T14:01:37Z,3983.0,3983.9,1548.58719,18.45605999999998,24.542944999999918,3,0.2,0.1
8,86,9557,9557,2025-09-09T14:01:42Z,3988.0,3988.6666666666665,1550.82689,20.695760000000064,38.560539999999946,3,0.2,0.1
8,87,9598,9598,2025-09-09T14:01:46Z,3992.0,3992.8,1548.58895,18.457820000000083,28.21877500000005,3,0.2,0.1
8,88,9646,9646,2025-09-09T14:01:51Z,3997.0,3997.7,1550.73523,20.604100000000017,38.47028999999998,3,0.2,0.1
8,89,9668,9668,2025-09-09T14:01:53Z,4000.0,4000.0,1520.17061,-9.960520000000088,4.091339999999946,3,0.2,0.1
8,90,9683,9683,2025-09-09T14:01:55Z,4001.0,4001.6,1546.71553,16.58439999999996,24.22541000000001,3,0.2,0.1
8,91,9732,9732,2025-09-09T14:02:00Z,4006.0,4006.5,1548.66529,18.53415999999993,36.40066999999999,3,0.2,0.1
8,92,9773,9773,2025-09-09T14:02:04Z,4010.0,4010.6,1536.387005,6.25587500000006,13.897185000000036,3,0.2,0.1
8,93,9776,9776,2025-09-09T14:02:04Z,4010.0,4010.9,1535.5401900000002,5.409060000000181,11.356740000000173,3,0.2,0.1
8,94,9829,9829,2025-09-09T14:02:10Z,4016.0,4016.2,1556.24739,26.11626000000001,43.983490000000074,3,0.2,0.1
8,95,9863,9863,2025-09-09T14:02:13Z,4019.0,4019.6,1548.58884,18.457709999999906,36.32469999999989,3,0.2,0.1
8,96,9941,9941,2025-09-09T14:02:22Z,4028.0,4028.777777777778,1522.48981,-7.641319999999951,6.408239999999978,3,0.2,0.1
8,97,9995,9995,2025-09-09T14:02:28Z,4034.0,4034.7,1554.07711,23.945979999999963,41.81314999999995,3,0.2,0.1
8,98,10023,10023,2025-09-09T14:02:31Z,4037.0,4037.5555555555557,1549.7394199999999,19.608289999999897,27.249719999999797,3,0.2,0.1
8,99,10079,10079,2025-09-09T14:02:37Z,4043.0,4043.2,1556.27819,26.14706000000001,41.972240000000056,3,0.2,0.1
8,100,10113,10113,2025-09-09T14:02:40Z,4046.0,4046.6,1548.58916,18.458030000000008,26.094550000000027,3,0.2,0.1
8,101,10192,10192,2025-09-09T14:02:48Z,4054.0,4054.6,1530.85219,0.7210600000000795,2.5855800000001636,3,0.2,0.1
8,102,10276,10276,2025-09-09T14:02:56Z,4063.0,4063.0,1538.78146,8.65032999999994,10.514179999999897,3,0.2,0.1
8,103,10280,10280,2025-09-09T14:02:57Z,4063.0,4063.4,1538.78146,8.65032999999994,10.514179999999897,3,0.2,0.1
8,104,10341,10341,2025-09-09T14:03:03Z,4069.0,4069.777777777778,1548.59208,18.46094999999991,28.221469999999954,3,0.2,0.1
8,105,10347,10347,2025-09-09T14:03:04Z,4070.0,4070.4444444444443,1554.07762,23.94649000000004,37.99819000000002,3,0.2,0.1
8,106,10350,10350,2025-09-09T14:03:04Z,4070.0,4070.777777777778,1554.07762,23.94649000000004,37.99819000000002,3,0.2,0.1
8,107,10409,10409,2025-09-09T14:03:11Z,4077.0,4077.375,1530.13128,0.00015000000007603376,6.087770000000091,3,0.2,0.1
8,108,10457,10457,2025-09-09T14:03:16Z,4082.0,4082.5555555555557,1550.82438,20.693250000000035,28.328500000000076,3,0.2,0.1
8,109,10504,10504,2025-09-09T14:03:21Z,4087.0,4087.3333333333335,1530.13164,0.0005100000000766158,7.641800000000103,3,0.2,0.1
8,110,10597,10597,2025-09-09T14:03:30Z,4096.0,4096.8,1550.88573,20.754599999999982,30.514349999999922,3,0.2,0.1
8,111,10608,10608,2025-09-09T14:03:31Z,4097.0,4097.9,1532.74535,2.614219999999932,15.05695999999989,3,0.2,0.1
8,112,10685,10685,2025-09-09T14:03:39Z,4105.0,4105.6,1528.26764,-1.8634899999999561,5.755930000000035,3,0.2,0.1
8,113,10724,10724,2025-09-09T14:03:43Z,4109.0,4109.6,1539.7192650000002,9.588135000000193,19.348115000000234,3,0.2,0.1
8,114,10727,10727,2025-09-09T14:03:43Z,4109.0,4109.9,1533.54188,3.4107500000000073,0.8159599999999045,3,0.2,0.1
8,115,10758,10758,2025-09-09T14:03:47Z,4113.0,4113.3,1526.155585,-3.975545000000011,2.1113450000000284,3,0.2,0.1
8,116,10771,10771,2025-09-09T14:03:48Z,4114.0,4114.857142857143,1546.79496,16.66382999999996,30.714919999999893,3,0.2,0.1
8,117,10781,10781,2025-09-09T14:03:49Z,4115.0,4115.9,1524.43701,-5.694119999999884,8.355369999999994,3,0.2,0.1
8,118,10834,10834,2025-09-09T14:03:56Z,4122.0,4122.555555555556,1524.04434,-6.0867900000000645,1.5349499999999807,3,0.2,0.1
8,119,10855,10855,2025-09-09T14:03:58Z,4124.0,4124.888888888889,1556.41526,26.284130000000005,42.109590000000026,3,0.2,0.1
8,120,10921,10921,2025-09-09T14:04:05Z,4131.0,4131.8,1524.0442750000002,-6.086854999999787,3.6731650000001537,3,0.2,0.1
8,121,10968,10968,2025-09-09T14:04:10Z,4136.0,4136.6,1546.79581,16.66468000000009,29.109879999999976,3,0.2,0.1
8,122,11010,11010,2025-09-09T14:04:14Z,4140.0,4140.8,1524.04418,-6.086949999999888,3.673630000000003,3,0.2,0.1
8,123,11033,11033,2025-09-09T14:04:17Z,4143.0,4143.1,1536.69187,6.5607400000001235,19.00451000000021,3,0.2,0.1
8,124,11100,11100,2025-09-09T14:04:23Z,4149.0,4149.8,1528.26604,-1.8650900000000092,7.906389999999874,3,0.2,0.1
8,125,11209,11209,2025-09-09T14:04:35Z,4161.0,4161.625,1530.85181,0.7206799999999021,2.584609999999884,3,0.2,0.1
8,126,11287,11287,2025-09-09T14:04:44Z,4170.0,4170.666666666667,1538.78175,8.650620000000117,22.69690000000014,3,0.2,0.1
8,127,11305,11305,2025-09-09T14:04:46Z,4172.0,4172.5,1528.27161,-1.859519999999975,3.838850000000093,3,0.2,0.1
8,128,11327,11327,2025-09-09T14:04:48Z,4174.0,4174.777777777777,1550.82485,20.693719999999985,35.952980000000025,3,0.2,0.1
8,129,11344,11344,2025-09-09T14:04:50Z,4176.0,4176.5,1526.15533,-3.9757999999999356,2.111520000000155,3,0.2,0.1
8,130,11359,11359,2025-09-09T14:04:52Z,4178.0,4178.2,1530.13078,-0.00035000000002582965,1.863510000000133,3,0.2,0.1
8,131,11373,11373,2025-09-09T14:04:53Z,4179.0,4179.6,1546.70862,16.577490000000125,22.664810000000216,3,0.2,0.1
8,132,11411,11411,2025-09-09T14:04:57Z,4183.0,4183.4,1534.42053,4.289400000000114,16.73485000000005,3,0.2,0.1
8,133,11452,11452,2025-09-09T14:05:01Z,4187.0,4187.6,1530.13054,-0.0005899999998746353,6.086900000000014,3,0.2,0.1
8,134,11473,11473,2025-09-09T14:05:03Z,4189.0,4189.7,1516.27992,-13.851210000000037,0.1944499999999607,3,0.2,0.1
8,135,11480,11480,2025-09-09T14:05:04Z,4190.0,4190.444444444444,1556.49777,26.36663999999996,40.416439999999966,3,0.2,0.1
8,136,11526,11526,2025-09-09T14:05:09Z,4195.0,4195.1,1526.15518,-3.9759500000000116,2.111570000000029,3,0.2,0.1
8,137,11543,11543,2025-09-09T14:05:10Z,4196.0,4196.8,1530.8519,0.7207699999999022,0.7217099999998027,3,0.2,0.1
8,138,11553,11553,2025-09-09T14:05:11Z,4197.0,4197.8,1552.69254,22.561410000000024,28.649200000000064,3,0.2,0.1
8,139,11568,11568,2025-09-09T14:05:13Z,4199.0,4199.3,1554.0777,23.946570000000065,35.24261999999999,3,0.2,0.1
8,140,11632,11632,2025-09-09T14:05:19Z,4205.0,4205.888888888889,1530.85239,0.7212600000000293,0.7202750000001288,3,0.2,0.1
8,141,11639,11639,2025-09-09T14:05:20Z,4206.0,4206.666666666667,1541.543455,11.41232500000001,7.122325000000046,3,0.2,0.1
8,142,11652,11652,2025-09-09T14:05:22Z,4208.0,4208.111111111111,1554.077295,23.946165000000065,30.033845000000156,3,0.2,0.1
8,143,11710,11710,2025-09-09T14:05:28Z,4214.0,4214.714285714285,1530.85226,0.7211299999999028,0.7203099999999267,3,0.2,0.1
8,144,11728,11728,2025-09-09T14:05:30Z,4216.0,4216.666666666667,1554.07661,23.94548000000009,30.03345000000013,3,0.2,0.1
8,145,11739,11739,2025-09-09T14:05:31Z,4217.0,4217.8,1538.97397,8.842840000000024,14.931100000000015,3,0.2,0.1
8,146,11799,11799,2025-09-09T14:05:37Z,4224.0,4224.0,1530.85248,0.7213500000000295,6.65903000000003,3,0.2,0.1
8,147,11821,11821,2025-09-09T14:05:40Z,4226.0,4226.2,1554.0774999999999,23.946369999999888,30.03494999999998,3,0.2,0.1
8,148,11892,11892,2025-09-09T14:05:47Z,4233.0,4233.3,1530.85206,0.720929999999953,0.3598850000000766,3,0.2,0.1
8,149,11896,11896,2025-09-09T14:05:47Z,4233.0,4233.7,1550.90131,20.770179999999982,2.344569999999976,3,0.2,0.1
8,150,11905,11905,2025-09-09T14:05:48Z,4234.0,4234.6,1551.316785,21.185654999999997,2.760044999999991,3,0.2,0.1
8,151,11911,11911,2025-09-09T14:05:49Z,4235.0,4235.2,1554.07756,23.946429999999964,33.71006999999986,3,0.2,0.1
8,152,11995,11995,2025-09-09T14:05:57Z,4243.0,4243.6,1554.07728,23.94614999999999,30.034920000000056,3,0.2,0.1
8,153,12007,12007,2025-09-09T14:05:58Z,4244.0,4244.8,1526.349445,-3.781684999999925,1.922845000000052,3,0.2,0.1
8,154,12027,12027,2025-09-09T14:06:00Z,4246.0,4246.8,1546.79663,16.665500000000065,22.370030000000042,3,0.2,0.1
8,155,12068,12068,2025-09-09T14:06:05Z,4251.0,4251.111111111111,1530.13235,0.0012200000001030276,6.0900400000000445,3,0.2,0.1
8,156,12082,12082,2025-09-09T14:06:06Z,4252.0,4252.6,1554.07652,23.94539000000009,17.620994999999994,3,0.2,0.1
8,157,12087,12087,2025-09-09T14:06:07Z,4253.0,4253.125,1554.07742,23.94629000000009,30.035280000000057,3,0.2,0.1
8,158,12109,12109,2025-09-09T14:06:09Z,4255.0,4255.8,1548.59023,18.459100000000035,17.732930000000124,3,0.2,0.1
8,159,12143,12143,2025-09-09T14:06:13Z,4259.0,4259.857142857143,1530.85245,0.7213200000001052,2.5847400000000107,3,0.2,0.1
9,0,5791,5791,2025-09-09T13:55:00Z,3586.0,3586.6,1550.55946,22.293299999999817,31.740639999999985,3,0.2,0.1
9,1,6019,6019,2025-09-09T13:55:26Z,3612.0,3612.5,1528.27616,0.009999999999763531,3.1315299999998842,3,0.2,0.1
9,2,6266,6266,2025-09-09T13:55:51Z,3637.0,3637.8,1534.4223149999998,6.156154999999671,9.469264999999723,3,0.2,0.1
9,3,6321,6321,2025-09-09T13:55:57Z,3643.0,3643.3333333333335,1548.58863,20.32246999999984,24.533079999999927,3,0.2,0.1
9,4,6432,6432,2025-09-09T13:56:09Z,3656.0,3656.0,1528.2664,0.0002399999998488056,9.420640000000049,3,0.2,0.1
9,5,6474,6474,2025-09-09T13:56:14Z,3660.0,3660.875,1546.71454,18.448379999999815,26.356149999999843,3,0.2,0.1
9,6,6517,6517,2025-09-09T13:56:19Z,3665.0,3665.4,1528.2662599999999,9.999999974752427e-05,7.896439999999984,3,0.2,0.1
9,7,6561,6561,2025-09-09T13:56:23Z,3669.0,3669.8,1548.8514049999999,20.58524499999976,26.362944999999854,3,0.2,0.1
9,8,6610,6610,2025-09-09T13:56:28Z,3674.0,3674.7,1546.79438,18.52821999999992,10.545190000000048,3,0.2,0.1
9,9,6646,6646,2025-09-09T13:56:32Z,3678.0,3678.3,1550.52415,22.257989999999836,31.688789999999926,3,0.2,0.1
9,10,6651,6651,2025-09-09T13:56:32Z,3678.0,3678.8,1546.71434,18.448179999999866,27.86922000000004,3,0.2,0.1
9,11,6654,6654,2025-09-09T13:56:33Z,3679.0,3679.1,1534.6013050000001,6.335145000000011,12.113035000000082,3,0.2,0.1
9,12,6657,6657,2025-09-09T13:56:33Z,3679.0,3679.4,1522.48827,-5.77789000000007,0.18416999999999462,3,0.2,0.1
9,13,6743,6743,2025-09-09T13:56:42Z,3688.0,3688.285714285714,1546.71422,18.44805999999994,26.344780000000128,3,0.2,0.1
9,14,6819,6819,2025-09-09T13:56:51Z,3697.0,3697.222222222222,1548.8084399999998,20.542279999999664,29.963419999999815,3,0.2,0.1
9,15,6878,6878,2025-09-09T13:56:57Z,3703.0,3703.6,1528.26693,0.0007699999998749263,1.3559399999999187,3,0.2,0.1
9,16,6902,6902,2025-09-09T13:56:59Z,3706.0,3706.0,1534.42214,6.155979999999772,10.37176999999997,3,0.2,0.1
9,17,6923,6923,2025-09-09T13:57:02Z,3708.0,3708.1,1528.26714,0.0009799999997994746,4.218549999999823,3,0.2,0.1
9,18,7193,7193,2025-09-09T13:57:30Z,3736.0,3736.4444444444443,1546.70896,18.442799999999806,21.717879999999923,3,0.2,0.1
9,19,7231,7231,2025-09-09T13:57:34Z,3740.0,3740.875,1546.71457,18.448409999999967,22.667920000000095,3,0.2,0.1
9,20,7257,7257,2025-09-09T13:57:37Z,3743.0,3743.8888888888887,1532.7338,4.467639999999847,8.685179999999946,3,0.2,0.1
9,21,7314,7314,2025-09-09T13:57:43Z,3749.0,3749.8,1550.90418,22.63801999999987,32.11132999999995,3,0.2,0.1
9,22,7347,7347,2025-09-09T13:57:47Z,3753.0,3753.3,1528.26601,-0.00015000000007603376,1.3552999999999429,3,0.2,0.1
9,23,7360,7360,2025-09-09T13:57:48Z,3754.0,3754.6666666666665,1532.7337,4.467539999999872,8.685050000000047,3,0.2,0.1
9,24,7402,7402,2025-09-09T13:57:52Z,3758.0,3758.9,1548.5879,20.321739999999863,32.50728000000004,3,0.2,0.1
9,25,7447,7447,2025-09-09T13:57:57Z,3763.0,3763.4,1528.26661,0.0004499999997733539,4.218169999999873,3,0.2,0.1
9,26,7490,7490,2025-09-09T13:58:01Z,3767.0,3767.7,1548.852405,20.586244999999963,24.804335000000037,3,0.2,0.1
9,27,7494,7494,2025-09-09T13:58:02Z,3768.0,3768.1,1548.809845,20.54368499999987,2.0094349999999395,3,0.2,0.1
9,28,7545,7545,2025-09-09T13:58:07Z,3773.0,3773.2,1553.63338,25.36721999999986,37.55511000000001,3,0.2,0.1
9,29,7623,7623,2025-09-09T13:58:16Z,3782.0,3782.5555555555557,1553.63317,25.367009999999937,28.68613000000005,3,0.2,0.1
9,30,7708,7708,2025-09-09T13:58:26Z,3792.0,3792.222222222222,1526.91733,-1.3488300000001345,2.039989999999989,3,0.2,0.1
9,31,7731,7731,2025-09-09T13:58:28Z,3794.0,3794.6666666666665,1548.58826,20.322099999999864,26.09994000000006,3,0.2,0.1
9,32,7787,7787,2025-09-09T13:58:34Z,3800.0,3800.4,1548.56745,20.30128999999988,26.078850000000102,3,0.2,0.1
9,33,7820,7820,2025-09-09T13:58:37Z,3803.0,3803.7,1547.69378,19.427619999999933,22.83499000000006,3,0.2,0.1
9,34,7911,7911,2025-09-09T13:58:46Z,3812.0,3812.8,1549.746005,21.47984499999984,33.66653500000007,3,0.2,0.1
9,35,8001,8001,2025-09-09T13:58:55Z,3821.0,3821.8888888888887,1548.58715,20.320989999999938,26.098670000000084,3,0.2,0.1
9,36,8004,8004,2025-09-09T13:58:56Z,3822.0,3822.2,1548.58715,20.320989999999938,26.098670000000084,3,0.2,0.1
9,37,8074,8074,2025-09-09T13:59:04Z,3830.0,3830.25,1528.26639,0.00022999999987405317,1.3553600000000188,3,0.2,0.1
9,38,8078,8078,2025-09-09T13:59:04Z,3830.0,3830.75,1528.26682,0.0006599999999252759,1.3563200000000961,3,0.2,0.1
9,39,8105,8105,2025-09-09T13:59:07Z,3834.0,3834.0,1532.73427,4.468109999999797,8.686939999999822,3,0.2,0.1
9,40,8160,8160,2025-09-09T13:59:14Z,3840.0,3840.3333333333335,1528.26721,0.0010499999998501153,4.2226499999999305,3,0.2,0.1
9,41,8276,8276,2025-09-09T13:59:26Z,3852.0,3852.4,1524.36111,-3.905050000000074,1.8714899999999943,3,0.2,0.1
9,42,8318,8318,2025-09-09T13:59:30Z,3856.0,3856.6,1528.267,0.000839999999925567,9.451060000000098,3,0.2,0.1
9,43,8371,8371,2025-09-09T13:59:35Z,3861.0,3861.9,1546.71426,18.44809999999984,24.22521000000006,3,0.2,0.1
9,44,8458,8458,2025-09-09T13:59:44Z,3870.0,3870.6,1548.58794,20.321779999999762,26.098219999999856,3,0.2,0.1
9,45,8502,8502,2025-09-09T13:59:49Z,3875.0,3875.625,1550.65076,22.384599999999864,28.161370000000034,3,0.2,0.1
9,46,8534,8534,2025-09-09T13:59:53Z,3879.0,3879.714285714286,1549.7062799999999,21.44011999999975,1.1182999999998628,3,0.2,0.1
9,47,8579,8579,2025-09-09T13:59:58Z,3885.0,3885.0,1548.55775,20.291589999999815,26.067929999999933,3,0.2,0.1
9,48,8612,8612,2025-09-09T14:00:02Z,3888.0,3888.7,1547.69369,19.427529999999933,25.20029999999997,3,0.2,0.1
9,49,8667,8667,2025-09-09T14:00:08Z,3894.0,3894.222222222222,1554.07664,25.81047999999987,33.70559000000003,3,0.2,0.1
9,50,8701,8701,2025-09-09T14:00:11Z,3897.0,3897.7,1549.707045,21.44088499999998,1.1182850000000144,3,0.2,0.1
9,51,8705,8705,2025-09-09T14:00:12Z,3898.0,3898.1,1548.7701499999998,20.503989999999703,0.18138999999973748,3,0.2,0.1
9,52,8757,8757,2025-09-09T14:00:17Z,3903.0,3903.4,1556.26383,27.99766999999997,41.95355000000018,3,0.2,0.1
9,53,8844,8844,2025-09-09T14:00:26Z,3912.0,3912.1,1556.1518,27.885639999999967,43.88516000000004,3,0.2,0.1
9,54,8965,8965,2025-09-09T14:00:38Z,3924.0,3924.6666666666665,1547.651165,19.385004999999865,0.9362049999999726,3,0.2,0.1
9,55,8969,8969,2025-09-09T14:00:39Z,3925.0,3925.1,1547.65137,19.385209999999915,0.9364100000000235,3,0.2,0.1
9,56,9015,9015,2025-09-09T14:00:44Z,3930.0,3930.4444444444443,1553.63218,25.366019999999935,33.27306999999996,3,0.2,0.1
9,57,9042,9042,2025-09-09T14:00:47Z,3933.0,3933.75,1548.769785,20.50362499999983,2.0553350000000137,3,0.2,0.1
9,58,9121,9121,2025-09-09T14:00:56Z,3942.0,3942.5555555555557,1528.26682,0.0006599999999252759,1.3556599999999435,3,0.2,0.1
9,59,9130,9130,2025-09-09T14:00:57Z,3943.0,3943.5555555555557,1528.26718,0.001019999999925858,1.3563400000000456,3,0.2,0.1
9,60,9193,9193,2025-09-09T14:01:03Z,3950.0,3950.0,1532.73461,4.468449999999848,8.693919999999935,3,0.2,0.1
9,61,9275,9275,2025-09-09T14:01:12Z,3958.0,3958.3,1528.26783,0.0016699999998763815,4.226609999999937,3,0.2,0.1
9,62,9293,9293,2025-09-09T14:01:14Z,3960.0,3960.1,1528.2678,0.0016399999999521242,4.22705000000019,3,0.2,0.1
9,63,9309,9309,2025-09-09T14:01:15Z,3961.0,3961.7,1533.534515,5.268354999999929,11.044714999999997,3,0.2,0.1
9,64,9387,9387,2025-09-09T14:01:23Z,3969.0,3969.5,1528.26686,0.0006999999998242856,1.3561149999998179,3,0.2,0.1
9,65,9390,9390,2025-09-09T14:01:23Z,3969.0,3969.8,1528.26686,0.0006999999998242856,1.3561149999998179,3,0.2,0.1
9,66,9406,9406,2025-09-09T14:01:25Z,3971.0,3971.5,1554.07687,25.810709999999972,41.71895000000018,3,0.2,0.1
9,67,9474,9474,2025-09-09T14:01:33Z,3979.0,3979.75,1528.26684,0.0006799999998747808,5.7733599999999115,3,0.2,0.1
9,68,9515,9515,2025-09-09T14:01:37Z,3983.0,3983.9,1546.71595,18.449789999999894,22.67183,3,0.2,0.1
9,69,9556,9556,2025-09-09T14:01:42Z,3988.0,3988.5555555555557,1548.58882,20.322659999999814,36.32312999999999,3,0.2,0.1
9,70,9599,9599,2025-09-09T14:01:46Z,3992.0,3992.9,1546.71512,18.448959999999943,34.78584000000001,3,0.2,0.1
9,71,9685,9685,2025-09-09T14:01:55Z,4001.0,4001.8,1522.49048,-5.775680000000193,10.563829999999825,3,0.2,0.1
9,72,9831,9831,2025-09-09T14:02:10Z,4016.0,4016.4,1554.07746,25.811299999999846,42.150660000000016,3,0.2,0.1
9,73,9865,9865,2025-09-09T14:02:13Z,4019.0,4019.8,1546.71524,18.449079999999867,31.842329999999947,3,0.2,0.1
9,74,10079,10079,2025-09-09T14:02:37Z,4043.0,4043.2,1554.07664,25.81047999999987,39.20477000000005,3,0.2,0.1
9,75,10115,10115,2025-09-09T14:02:40Z,4046.0,4046.8,1546.71587,18.449709999999868,24.22126000000003,3,0.2,0.1
9,76,10192,10192,2025-09-09T14:02:48Z,4054.0,4054.6,1528.26727,0.0011099999999260035,1.3570300000001225,3,0.2,0.1
9,77,10270,10270,2025-09-09T14:02:56Z,4062.0,4062.4,1532.73557,4.469409999999925,8.691870000000108,3,0.2,0.1
9,78,10341,10341,2025-09-09T14:03:03Z,4069.0,4069.777777777778,1546.7082,18.442039999999906,22.667290000000094,3,0.2,0.1
9,79,10409,10409,2025-09-09T14:03:11Z,4077.0,4077.375,1528.26746,0.001299999999901047,1.3562950000000455,3,0.2,0.1
9,80,10459,10459,2025-09-09T14:03:16Z,4082.0,4082.777777777778,1548.58986,20.323699999999917,32.50711000000001,3,0.2,0.1
9,81,10504,10504,2025-09-09T14:03:21Z,4087.0,4087.3333333333335,1529.19959,0.9334299999998166,5.155799999999999,3,0.2,0.1
9,82,10594,10594,2025-09-09T14:03:30Z,4096.0,4096.5,1526.91127,-1.3548900000000685,4.774419999999964,3,0.2,0.1
9,83,10685,10685,2025-09-09T14:03:39Z,4105.0,4105.6,1526.91225,-1.3539100000000417,6.528320000000122,3,0.2,0.1
9,84,10723,10723,2025-09-09T14:03:43Z,4109.0,4109.5,1524.18404,-4.082120000000032,8.102100000000064,3,0.2,0.1
9,85,10853,10853,2025-09-09T14:03:58Z,4124.0,4124.666666666667,1554.07799,25.811829999999873,37.99837000000002,3,0.2,0.1
9,86,11012,11012,2025-09-09T14:04:15Z,4141.0,4141.0,1524.04405,-4.222110000000157,7.95948999999996,3,0.2,0.1
9,87,11033,11033,2025-09-09T14:04:17Z,4143.0,4143.1,1530.85696,2.5907999999999447,14.775390000000016,3,0.2,0.1
9,88,11209,11209,2025-09-09T14:04:35Z,4161.0,4161.625,1530.13133,1.8651699999998073,3.2199399999999514,3,0.2,0.1
9,89,11243,11243,2025-09-09T14:04:39Z,4165.0,4165.428571428572,1530.13125,1.8650899999997819,1.863689999999906,3,0.2,0.1
9,90,11287,11287,2025-09-09T14:04:44Z,4170.0,4170.666666666667,1532.73604,4.4698799999998755,8.305380000000014,3,0.2,0.1
9,91,11327,11327,2025-09-09T14:04:48Z,4174.0,4174.777777777777,1548.59142,20.325259999999844,32.51155999999992,3,0.2,0.1
9,92,11357,11357,2025-09-09T14:04:51Z,4178.0,4178.0,1528.26777,0.0016099999998004932,4.224359999999933,3,0.2,0.1
9,93,11411,11411,2025-09-09T14:04:57Z,4183.0,4183.4,1532.72452,4.458359999999857,16.641930000000002,3,0.2,0.1
9,94,11451,11451,2025-09-09T14:05:01Z,4187.0,4187.5,1530.1304,1.8642399999998815,6.0872300000000905,3,0.2,0.1
9,95,11480,11480,2025-09-09T14:05:04Z,4190.0,4190.444444444444,1554.0792,25.813039999999773,39.77287000000001,3,0.2,0.1
9,96,11553,11553,2025-09-09T14:05:11Z,4197.0,4197.8,1550.7338,22.467639999999847,26.69067999999993,3,0.2,0.1
9,97,11593,11593,2025-09-09T14:05:15Z,4201.0,4201.8,1546.71292,18.446759999999813,31.84041000000002,3,0.2,0.1
9,98,11632,11632,2025-09-09T14:05:19Z,4205.0,4205.888888888889,1530.13191,1.8657499999999345,1.864240000000109,3,0.2,0.1
9,99,11640,11640,2025-09-09T14:05:20Z,4206.0,4206.777777777777,1532.71794,4.4517799999998715,8.674760000000106,3,0.2,0.1
9,100,11655,11655,2025-09-09T14:05:22Z,4208.0,4208.444444444444,1524.42654,-3.8396200000001954,0.3836699999999382,3,0.2,0.1
9,101,11710,11710,2025-09-09T14:05:28Z,4214.0,4214.714285714285,1530.13211,1.8659499999998843,5.707959999999957,3,0.2,0.1
9,102,11739,11739,2025-09-09T14:05:31Z,4217.0,4217.8,1536.23298,7.966819999999871,20.153710000000046,3,0.2,0.1
9,103,11803,11803,2025-09-09T14:05:38Z,4224.0,4224.4,1530.13157,1.8654099999998834,6.0888850000001185,3,0.2,0.1
9,104,11895,11895,2025-09-09T14:05:47Z,4233.0,4233.6,1548.66629,20.400129999999763,32.58694999999989,3,0.2,0.1
9,105,11911,11911,2025-09-09T14:05:49Z,4235.0,4235.2,1554.07766,25.811499999999796,37.998349999999846,3,0.2,0.1
9,106,11987,11987,2025-09-09T14:05:56Z,4242.0,4242.8,1550.73373,22.467569999999796,26.69145000000003,3,0.2,0.1
9,107,12001,12001,2025-09-09T14:05:58Z,4244.0,4244.2,1554.07825,25.8120899999999,37.99669999999992,3,0.2,0.1
9,108,12072,12072,2025-09-09T14:06:05Z,4251.0,4251.555555555556,1530.13204,1.8658799999998337,6.089879999999994,3,0.2,0.1
9,109,12087,12087,2025-09-09T14:06:07Z,4253.0,4253.125,1554.57672,26.310559999999896,30.534419999999955,3,0.2,0.1
9,110,12109,12109,2025-09-09T14:06:09Z,4255.0,4255.8,1546.71387,18.447709999999915,18.441990000000033,3,0.2,0.1
9,111,12145,12145,2025-09-09T14:06:14Z,4260.0,4260.1,1528.26772,0.001559999999926731,1.3561099999999442,3,0.2,0.1
10,0,5780,5780,2025-09-09T13:54:59Z,3585.0,3585.5,1546.81548,19.904464999999846,3.732690000000048,3,0.2,0.1
10,1,6019,6019,2025-09-09T13:55:26Z,3612.0,3612.5,1524.71802,-2.19299500000011,0.6662499999999909,3,0.2,0.1
10,2,6269,6269,2025-09-09T13:55:52Z,3638.0,3638.1,1532.73368,5.822664999999915,4.46752000000015,3,0.2,0.1
10,3,6323,6323,2025-09-09T13:55:57Z,3643.0,3643.5555555555557,1548.58774,21.676724999999806,28.586720000000014,3,0.2,0.1
10,4,6452,6452,2025-09-09T13:56:12Z,3658.0,3658.25,1528.25897,1.3479549999999563,4.208100000000059,3,0.2,0.1
10,5,6565,6565,2025-09-09T13:56:24Z,3670.0,3670.2,1548.58906,21.678044999999884,29.743529999999964,3,0.2,0.1
10,6,6646,6646,2025-09-09T13:56:32Z,3678.0,3678.3,1548.39612,21.485104999999976,13.971370000000206,3,0.2,0.1
10,7,6817,6817,2025-09-09T13:56:50Z,3697.0,3697.0,1535.53899,8.627974999999878,15.179409999999962,3,0.2,0.1
10,8,6882,6882,2025-09-09T13:56:57Z,3704.0,3704.0,1526.91124,0.00022499999977299012,2.862775000000056,3,0.2,0.1
10,9,6901,6901,2025-09-09T13:56:59Z,3705.0,3705.9,1532.73369,5.82267499999989,10.245220000000018,3,0.2,0.1
10,10,7257,7257,2025-09-09T13:57:37Z,3743.0,3743.8888888888887,1528.26609,1.3550749999999425,4.219560000000001,3,0.2,0.1
10,11,7314,7314,2025-09-09T13:57:43Z,3749.0,3749.8,1548.58763,21.676614999999856,29.742119999999886,3,0.2,0.1
10,12,7402,7402,2025-09-09T13:57:52Z,3758.0,3758.9,1546.71565,19.804634999999962,22.665930000000117,3,0.2,0.1
10,13,7447,7447,2025-09-09T13:57:57Z,3763.0,3763.4,1526.91077,-0.00024500000017724233,2.8612899999998263,3,0.2,0.1
10,14,7494,7494,2025-09-09T13:58:02Z,3768.0,3768.1,1548.58774,21.676724999999806,29.752859999999828,3,0.2,0.1
10,15,7623,7623,2025-09-09T13:58:16Z,3782.0,3782.5555555555557,1548.56472,21.653704999999945,32.48709000000008,3,0.2,0.1
10,16,7733,7733,2025-09-09T13:58:28Z,3794.0,3794.8888888888887,1546.79949,19.88847499999997,21.9372400000002,3,0.2,0.1
10,17,7911,7911,2025-09-09T13:58:46Z,3812.0,3812.8,1547.693485,20.782469999999876,28.848115000000007,3,0.2,0.1
10,18,7915,7915,2025-09-09T13:58:47Z,3813.0,3813.2,1547.651265,20.740249999999833,0.8517050000000381,3,0.2,0.1
10,19,8004,8004,2025-09-09T13:58:56Z,3822.0,3822.2,1546.715365,19.804349999999886,26.355524999999943,3,0.2,0.1
10,20,8074,8074,2025-09-09T13:59:04Z,3830.0,3830.25,1526.91025,-0.0007650000002286106,2.8633899999999812,3,0.2,0.1
10,21,8106,8106,2025-09-09T13:59:08Z,3834.0,3834.125,1528.26703,1.356014999999843,4.220374999999876,3,0.2,0.1
10,22,8316,8316,2025-09-09T13:59:30Z,3856.0,3856.4,1525.47873,-1.4322850000000926,1.4325200000000677,3,0.2,0.1
10,23,8324,8324,2025-09-09T13:59:31Z,3857.0,3857.2,1526.91139,0.0003749999998490239,2.865729999999985,3,0.2,0.1
10,24,8328,8328,2025-09-09T13:59:31Z,3857.0,3857.6,1526.91157,0.0005549999998493149,4.40569000000005,3,0.2,0.1
10,25,8538,8538,2025-09-09T13:59:54Z,3880.0,3880.222222222222,1548.58757,21.67655499999978,29.74156999999991,3,0.2,0.1
10,26,8667,8667,2025-09-09T14:00:08Z,3894.0,3894.222222222222,1548.55559,21.644574999999804,26.06616999999983,3,0.2,0.1
10,27,8701,8701,2025-09-09T14:00:11Z,3897.0,3897.7,1547.6512750000002,20.740260000000035,0.9367650000001504,3,0.2,0.1
10,28,8757,8757,2025-09-09T14:00:17Z,3903.0,3903.4,1554.07615,27.165134999999964,35.23041000000012,3,0.2,0.1
10,29,8846,8846,2025-09-09T14:00:26Z,3912.0,3912.3,1554.07641,27.165394999999762,39.2024399999998,3,0.2,0.1
10,30,9044,9044,2025-09-09T14:00:47Z,3934.0,3934.0,1548.58733,21.67631499999993,36.323250000000144,3,0.2,0.1
10,31,9121,9121,2025-09-09T14:00:56Z,3942.0,3942.5555555555557,1526.91102,4.999999873689376e-06,2.867224999999962,3,0.2,0.1
10,32,9130,9130,2025-09-09T14:00:57Z,3943.0,3943.5555555555557,1526.91094,-7.500000015170372e-05,2.867479999999887,3,0.2,0.1
10,33,9158,9158,2025-09-09T14:01:00Z,3946.0,3946.4,1530.13286,3.221844999999803,6.089799999999968,3,0.2,0.1
10,34,9389,9389,2025-09-09T14:01:23Z,3969.0,3969.7,1526.91102,4.999999873689376e-06,7.314394999999877,3,0.2,0.1
10,35,9474,9474,2025-09-09T14:01:33Z,3979.0,3979.75,1526.91114,0.00012499999979809218,4.421979999999849,3,0.2,0.1
10,36,9555,9555,2025-09-09T14:01:42Z,3988.0,3988.4444444444443,1546.71063,19.799614999999903,29.023079999999936,3,0.2,0.1
10,37,10234,10234,2025-09-09T14:02:52Z,4058.0,4058.8,1530.13017,3.2191549999997733,7.6359899999999925,3,0.2,0.1
10,38,10459,10459,2025-09-09T14:03:16Z,4082.0,4082.777777777778,1548.58986,21.67884499999991,34.28331000000003,3,0.2,0.1
10,39,10504,10504,2025-09-09T14:03:21Z,4087.0,4087.3333333333335,1527.58966,0.6786449999999604,3.5460000000002765,3,0.2,0.1
10,40,10590,10590,2025-09-09T14:03:30Z,4096.0,4096.1,1524.0436399999999,-2.8673750000002656,3.6833899999999176,3,0.2,0.1
10,41,10680,10680,2025-09-09T14:03:39Z,4105.0,4105.1,1524.04326,-2.8677550000002157,3.6832600000000184,3,0.2,0.1
10,42,11031,11031,2025-09-09T14:04:16Z,4142.0,4142.9,1528.27238,1.361364999999978,8.244640000000118,3,0.2,0.1
10,43,11209,11209,2025-09-09T14:04:35Z,4161.0,4161.625,1528.26733,1.3563149999997677,1.3563799999999446,3,0.2,0.1
10,44,11243,11243,2025-09-09T14:04:39Z,4165.0,4165.428571428572,1528.26759,1.3565749999997934,1.3566299999999956,3,0.2,0.1
10,45,11327,11327,2025-09-09T14:04:48Z,4174.0,4174.777777777777,1546.7121,19.80108499999983,32.40465999999992,3,0.2,0.1
10,46,11357,11357,2025-09-09T14:04:51Z,4178.0,4178.0,1526.91124,0.00022499999977299012,2.868109999999888,3,0.2,0.1
10,47,11451,11451,2025-09-09T14:05:01Z,4187.0,4187.5,1528.26716,1.3561449999999695,4.22411000000011,3,0.2,0.1
10,48,11544,11544,2025-09-09T14:05:10Z,4196.0,4196.9,1526.91099,-2.5000000050567905e-05,2.8681300000000647,3,0.2,0.1
10,49,11632,11632,2025-09-09T14:05:19Z,4205.0,4205.888888888889,1528.26698,1.3559649999999692,13.395300000000134,3,0.2,0.1
10,50,11711,11711,2025-09-09T14:05:28Z,4214.0,4214.857142857143,1528.2674,1.3563849999998183,12.184009999999944,3,0.2,0.1
10,51,11803,11803,2025-09-09T14:05:38Z,4224.0,4224.4,1528.26689,1.355874999999969,4.22482500000001,3,0.2,0.1
10,52,11895,11895,2025-09-09T14:05:47Z,4233.0,4233.6,1546.79517,19.884154999999964,31.923500000000104,3,0.2,0.1
10,53,11985,11985,2025-09-09T14:05:56Z,4242.0,4242.6,1528.26685,1.3558349999998427,13.394880000000057,3,0.2,0.1
10,54,12072,12072,2025-09-09T14:06:05Z,4251.0,4251.555555555556,1528.26784,1.3568249999998443,9.432999999999993,3,0.2,0.1
10,55,12145,12145,2025-09-09T14:06:14Z,4260.0,4260.1,1526.91205,0.0010349999997742998,2.870719999999892,3,0.2,0.1
11,0,5791,5791,2025-09-09T13:55:00Z,3586.0,3586.6,1545.59999,20.122834999999895,6.625339999999824,3,0.2,0.1
11,1,6264,6264,2025-09-09T13:55:51Z,3637.0,3637.6,1528.26616,2.789004999999861,5.962539999999763,3,0.2,0.1
11,2,6323,6323,2025-09-09T13:55:57Z,3643.0,3643.5555555555557,1546.71582,21.238664999999855,24.60364999999979,3,0.2,0.1
11,3,6434,6434,2025-09-09T13:56:10Z,3656.0,3656.25,1526.90995,1.4327949999999419,2.8580199999998968,3,0.2,0.1
11,4,6452,6452,2025-09-09T13:56:12Z,3658.0,3658.25,1526.90223,1.4250749999998789,2.850624999999809,3,0.2,0.1
11,5,6563,6563,2025-09-09T13:56:23Z,3670.0,3670.0,1546.71467,21.23751500000003,22.664290000000165,3,0.2,0.1
11,6,6817,6817,2025-09-09T13:56:50Z,3697.0,3697.0,1546.71442,21.23726499999998,22.66570999999999,3,0.2,0.1
11,7,6878,6878,2025-09-09T13:56:57Z,3703.0,3703.6,1526.91075,1.4335949999999684,2.8605199999999513,3,0.2,0.1
11,8,6902,6902,2025-09-09T13:56:59Z,3706.0,3706.0,1528.26709,2.789935000000014,4.21774500000015,3,0.2,0.1
11,9,6909,6909,2025-09-09T13:57:00Z,3706.0,3706.7,1526.157925,0.6807699999999386,2.109134999999924,3,0.2,0.1
11,10,7247,7247,2025-09-09T13:57:36Z,3742.0,3742.75,1526.9096,1.432444999999916,2.8607500000000528,3,0.2,0.1
11,11,7314,7314,2025-09-09T13:57:43Z,3749.0,3749.8,1546.71548,21.23832500000003,26.332060000000183,3,0.2,0.1
11,12,7360,7360,2025-09-09T13:57:48Z,3754.0,3754.6666666666665,1526.91088,1.4337249999998676,2.861789999999928,3,0.2,0.1
11,13,7492,7492,2025-09-09T13:58:01Z,3767.0,3767.9,1546.71528,21.238124999999854,22.66651999999999,3,0.2,0.1
11,14,7913,7913,2025-09-09T13:58:46Z,3813.0,3813.0,1546.71556,21.238405000000057,30.634090000000015,3,0.2,0.1
11,15,8092,8092,2025-09-09T13:59:06Z,3832.0,3832.5,1526.91132,1.4341649999998936,2.865299999999934,3,0.2,0.1
11,16,8121,8121,2025-09-09T13:59:09Z,3836.0,3836.0,1525.477915,0.0007599999999001739,1.4329149999998663,3,0.2,0.1
11,17,8536,8536,2025-09-09T13:59:53Z,3880.0,3880.0,1546.71448,21.237325000000055,22.669830000000047,3,0.2,0.1
11,18,8846,8846,2025-09-09T14:00:26Z,3912.0,3912.3,1548.55827,23.081114999999954,33.68301999999994,3,0.2,0.1
11,19,9044,9044,2025-09-09T14:00:47Z,3934.0,3934.0,1546.71479,21.237634999999955,27.86904000000004,3,0.2,0.1
11,20,9169,9169,2025-09-09T14:01:01Z,3947.0,3947.5,1530.13236,4.655205000000024,6.089480000000094,3,0.2,0.1
11,21,10236,10236,2025-09-09T14:02:52Z,4059.0,4059.0,1528.26736,2.7902050000000145,7.8831800000000385,3,0.2,0.1
11,22,10459,10459,2025-09-09T14:03:16Z,4082.0,4082.777777777778,1546.71403,21.236875000000055,30.632680000000164,3,0.2,0.1
11,23,11211,11211,2025-09-09T14:04:35Z,4161.0,4161.875,1526.91113,1.4339749999999185,2.8677399999999125,3,0.2,0.1
11,24,11243,11243,2025-09-09T14:04:39Z,4165.0,4165.428571428572,1526.91144,1.4342850000000453,2.8688300000001163,3,0.2,0.1
11,25,11286,11286,2025-09-09T14:04:44Z,4170.0,4170.555555555556,1526.91124,1.4340849999998682,2.8693399999999656,3,0.2,0.1
11,26,11356,11356,2025-09-09T14:04:51Z,4177.0,4177.875,1526.91062,1.4334650000000693,2.8680400000000645,3,0.2,0.1
11,27,11448,11448,2025-09-09T14:05:01Z,4187.0,4187.2,1526.91086,1.433704999999918,2.8684299999999894,3,0.2,0.1
11,28,11542,11542,2025-09-09T14:05:10Z,4196.0,4196.7,1525.47659,-0.000565000000051441,1.4340400000000955,3,0.2,0.1
11,29,11631,11631,2025-09-09T14:05:19Z,4205.0,4205.777777777777,1526.91143,1.4342750000000706,2.868940000000066,3,0.2,0.1
11,30,11711,11711,2025-09-09T14:05:28Z,4214.0,4214.857142857143,1526.91163,1.4344750000000204,8.076749999999947,3,0.2,0.1
11,31,11803,11803,2025-09-09T14:05:38Z,4224.0,4224.4,1526.9114,1.434244999999919,2.869179999999915,3,0.2,0.1
11,32,11984,11984,2025-09-09T14:05:56Z,4242.0,4242.5,1526.911105,1.433949999999868,12.604204999999865,3,0.2,0.1
11,33,12072,12072,2025-09-09T14:06:05Z,4251.0,4251.555555555556,1526.91102,1.4338649999999689,2.869799999999941,3,0.2,0.1
12,0,5780,5780,2025-09-09T13:54:59Z,3585.0,3585.5,1543.08045,19.030904999999848,6.835649999999987,3,0.2,0.1
12,1,6264,6264,2025-09-09T13:55:51Z,3637.0,3637.6,1524.0516,0.0020549999999275315,1.9321199999999408,3,0.2,0.1
12,2,6514,6514,2025-09-09T13:56:19Z,3665.0,3665.1,1526.91046,2.8609149999999772,6.52704000000017,3,0.2,0.1
12,3,6627,6627,2025-09-09T13:56:30Z,3676.0,3676.4,1524.85143,0.8018849999998565,0.8000899999999547,3,0.2,0.1
12,4,6904,6904,2025-09-09T13:57:00Z,3706.0,3706.2,1526.9113499999999,2.8618049999997766,10.04489999999987,3,0.2,0.1
12,5,8088,8088,2025-09-09T13:59:05Z,3832.0,3832.0,1524.04623,-0.0033150000001569424,3.6582599999999275,3,0.2,0.1
12,6,9169,9169,2025-09-09T14:01:01Z,3947.0,3947.5,1528.2666,4.217054999999846,7.882419999999911,3,0.2,0.1
12,7,10231,10231,2025-09-09T14:02:52Z,4058.0,4058.5,1525.47642,1.4268749999998818,1.4339899999999943,3,0.2,0.1
12,8,10236,10236,2025-09-09T14:02:52Z,4059.0,4059.0,1526.910545,2.8609999999998763,2.8690449999999146,3,0.2,0.1
12,9,10286,10286,2025-09-09T14:02:57Z,4064.0,4064.0,1526.91094,2.861394999999902,6.525180000000091,3,0.2,0.1
12,10,11244,11244,2025-09-09T14:04:39Z,4165.0,4165.571428571428,1525.476415,1.426870000000008,1.434645000000046,3,0.2,0.1
12,11,11247,11247,2025-09-09T14:04:39Z,4166.0,4166.0,1526.91106,2.8615149999998266,2.8700400000000172,3,0.2,0.1
13,0,5780,5780,2025-09-09T13:54:59Z,3585.0,3585.5,1538.97425,14.93146999999999,4.556370000000015,3,0.2,0.1
13,1,9156,9156,2025-09-09T14:01:00Z,3946.0,3946.2,1526.91106,2.8682799999999133,6.526879999999892,3,0.2,0.1
13,2,9169,9169,2025-09-09T14:01:01Z,3947.0,3947.5,1526.91091,2.8681300000000647,2.868439999999964,3,0.2,0.1
13,3,9173,9173,2025-09-09T14:01:01Z,3947.0,3947.9,1526.91091,2.8681300000000647,2.868439999999964,3,0.2,0.1
14,0,5780,5780,2025-09-09T13:54:59Z,3585.0,3585.5,1534.4219,10.379360000000133,1.6858600000000479,3,0.2,0.1
