channel,peak_order,row_index,sample_index,timestamp,time_s,effective_time_s,wavelength_nm,delta_nm,prominence,distance_samples,distance_seconds,prominence_threshold
1,0,194,194,2025-08-27T12:50:18Z,726.0,726.5555555555555,1546.43133,7.885669999999891,7.858729999999923,2,0.2,0.1
1,1,391,391,2025-08-27T12:50:39Z,747.0,747.4,1546.69427,8.148609999999962,8.079349999999977,2,0.2,0.1
1,2,570,570,2025-08-27T12:50:57Z,765.0,765.5,1546.77348,8.227820000000065,8.130660000000034,2,0.2,0.1
1,3,676,676,2025-08-27T12:51:09Z,777.0,777.5,1546.8015,8.255840000000035,8.154520000000048,2,0.2,0.1
1,4,784,784,2025-08-27T12:51:20Z,788.0,788.5,1546.8142,8.26854000000003,8.161219999999958,2,0.2,0.1
1,5,894,894,2025-08-27T12:51:31Z,799.0,799.5,1546.81448,8.268820000000005,8.17748000000006,2,0.2,0.1
1,6,1003,1003,2025-08-27T12:51:42Z,810.0,810.5,1546.7803,8.2346399999999,8.126599999999826,2,0.2,0.1
1,7,1098,1098,2025-08-27T12:51:53Z,821.0,821.375,1546.75997,8.214310000000069,8.104440000000068,2,0.2,0.1
1,8,1204,1204,2025-08-27T12:52:04Z,832.0,832.5,1546.74591,8.200250000000096,8.089789999999994,2,0.2,0.1
1,9,1314,1314,2025-08-27T12:52:15Z,843.0,843.5,1546.70508,8.159419999999955,8.051459999999906,2,0.2,0.1
1,10,1542,1542,2025-08-27T12:52:39Z,867.0,867.25,1547.0456,8.499939999999924,8.391470000000027,2,0.2,0.1
1,11,1642,1642,2025-08-27T12:52:50Z,878.0,878.3,1547.04878,8.50312000000008,8.390660000000025,2,0.2,0.1
1,12,1736,1736,2025-08-27T12:53:01Z,889.0,889.4444444444445,1547.05424,8.508579999999938,8.39442999999983,2,0.2,0.1
1,13,1834,1834,2025-08-27T12:53:12Z,900.0,900.4444444444445,1547.07112,8.525460000000066,8.40316000000007,2,0.2,0.1
1,14,1929,1929,2025-08-27T12:53:22Z,910.0,910.2,1547.08091,8.535249999999905,8.416169999999966,2,0.2,0.1
1,15,2035,2035,2025-08-27T12:53:34Z,922.0,922.4444444444445,1547.07933,8.53367000000003,8.411499999999933,2,0.2,0.1
1,16,2140,2140,2025-08-27T12:53:45Z,933.0,933.4,1547.07439,8.528729999999996,8.405140000000074,2,0.2,0.1
1,17,2251,2251,2025-08-27T12:53:56Z,944.0,944.5,1547.08772,8.542059999999992,8.417459999999892,2,0.2,0.1
1,18,2357,2357,2025-08-27T12:54:07Z,955.0,955.4,1547.08855,8.542889999999943,8.413229999999885,2,0.2,0.1
1,19,2439,2439,2025-08-27T12:54:17Z,965.0,965.5555555555555,1547.10157,8.55591000000004,8.451990000000023,2,0.2,0.1
1,20,2712,2712,2025-08-27T12:54:45Z,993.0,993.3,1547.11906,8.573399999999992,8.4525000000001,2,0.2,0.1
1,21,2816,2816,2025-08-27T12:54:56Z,1004.0,1004.2857142857143,1547.12289,8.5772300000001,8.454840000000104,2,0.2,0.1
1,22,2913,2913,2025-08-27T12:55:07Z,1015.0,1015.5555555555555,1547.12779,8.582130000000006,8.464130000000068,2,0.2,0.1
1,23,3020,3020,2025-08-27T12:55:18Z,1026.0,1026.5,1547.12502,8.579359999999951,8.457229999999981,2,0.2,0.1
1,24,3125,3125,2025-08-27T12:55:29Z,1037.0,1037.2,1547.12755,8.58188999999993,8.46376999999984,2,0.2,0.1
1,25,3238,3238,2025-08-27T12:55:40Z,1048.0,1048.5,1547.12964,8.58398000000011,8.490850000000137,2,0.2,0.1
1,26,3326,3326,2025-08-27T12:55:50Z,1058.0,1058.25,1547.12539,8.579729999999927,8.455050000000028,2,0.2,0.1
1,27,3416,3416,2025-08-27T12:56:01Z,1069.0,1069.25,1547.12226,8.576600000000099,8.455230000000029,2,0.2,0.1
1,28,3507,3507,2025-08-27T12:56:12Z,1080.0,1080.25,1547.12534,8.579680000000053,8.460389999999961,2,0.2,0.1
1,29,3597,3597,2025-08-27T12:56:23Z,1091.0,1091.2222222222222,1547.12509,8.579430000000002,8.456809999999905,2,0.2,0.1
1,30,3865,3865,2025-08-27T12:56:55Z,1123.0,1123.6666666666667,1547.13241,8.586749999999938,8.47228999999993,2,0.2,0.1
1,31,3951,3951,2025-08-27T12:57:06Z,1134.0,1134.125,1547.13225,8.586590000000115,8.47050000000013,2,0.2,0.1
1,32,4035,4035,2025-08-27T12:57:16Z,1144.0,1144.375,1547.13307,8.58741000000009,8.475540000000137,2,0.2,0.1
1,33,4114,4114,2025-08-27T12:57:25Z,1153.0,1153.7142857142858,1547.13916,8.593499999999949,8.485639999999876,2,0.2,0.1
1,34,4116,4116,2025-08-27T12:57:25Z,1154.0,1154.0,1547.13916,8.593499999999949,8.485639999999876,2,0.2,0.1
1,35,4205,4205,2025-08-27T12:57:36Z,1164.0,1164.111111111111,1547.14322,8.59755999999993,8.496019999999817,2,0.2,0.1
1,36,4297,4297,2025-08-27T12:57:45Z,1173.0,1173.5,1547.14687,8.601210000000037,8.500580000000127,2,0.2,0.1
1,37,4406,4406,2025-08-27T12:57:56Z,1184.0,1184.4,1547.1487,8.603039999999964,8.504519999999957,2,0.2,0.1
1,38,4503,4503,2025-08-27T12:58:06Z,1194.0,1194.1,1547.16164,8.615980000000036,8.517620000000079,2,0.2,0.1
1,39,4582,4582,2025-08-27T12:58:15Z,1203.0,1203.125,1547.17871,8.633049999999912,8.534119999999803,2,0.2,0.1
1,40,4672,4672,2025-08-27T12:58:25Z,1213.0,1213.375,1547.19095,8.645289999999932,8.57808,2,0.2,0.1
1,41,5004,5004,2025-08-27T12:58:59Z,1247.0,1247.3333333333333,1547.20121,8.655549999999948,8.563809999999876,2,0.2,0.1
1,42,5087,5087,2025-08-27T12:59:09Z,1257.0,1257.25,1547.20979,8.664130000000114,8.568660000000136,2,0.2,0.1
1,43,5180,5180,2025-08-27T12:59:19Z,1267.0,1267.1,1547.21351,8.667850000000044,8.56889000000001,2,0.2,0.1
1,44,5280,5280,2025-08-27T12:59:29Z,1277.0,1277.2,1547.2163,8.670640000000049,8.569560000000138,2,0.2,0.1
1,45,5381,5381,2025-08-27T12:59:39Z,1287.0,1287.3,1547.22002,8.674359999999979,8.571249999999964,2,0.2,0.1
1,46,5473,5473,2025-08-27T12:59:49Z,1297.0,1297.25,1547.22456,8.678900000000112,8.570950000000039,2,0.2,0.1
1,47,5558,5558,2025-08-27T12:59:58Z,1307.0,1307.0,1547.22582,8.680160000000114,8.572970000000169,2,0.2,0.1
1,48,5650,5650,2025-08-27T13:00:09Z,1317.0,1317.111111111111,1547.2294,8.683739999999943,8.576900000000023,2,0.2,0.1
1,49,5744,5744,2025-08-27T13:00:19Z,1327.0,1327.1,1547.22959,8.683929999999918,8.572040000000015,2,0.2,0.1
1,50,5846,5846,2025-08-27T13:00:29Z,1337.0,1337.3,1547.232,8.686339999999973,8.610999999999876,2,0.2,0.1
1,51,6272,6272,2025-08-27T13:01:14Z,1382.0,1382.5,1547.24502,8.69936000000007,8.596850000000131,2,0.2,0.1
1,52,6366,6366,2025-08-27T13:01:24Z,1392.0,1392.4444444444443,1547.24779,8.702129999999897,8.594539999999824,2,0.2,0.1
1,53,6452,6452,2025-08-27T13:01:34Z,1402.0,1402.2222222222222,1547.24641,8.700749999999971,8.586949999999888,2,0.2,0.1
1,54,6544,6544,2025-08-27T13:01:43Z,1412.0,1412.0,1547.24601,8.700350000000071,8.585090000000037,2,0.2,0.1
1,55,6643,6643,2025-08-27T13:01:53Z,1421.0,1421.9,1547.24745,8.701790000000074,8.58493999999996,2,0.2,0.1
1,56,6745,6745,2025-08-27T13:02:04Z,1432.0,1432.1,1547.24692,8.701260000000048,8.581000000000131,2,0.2,0.1
1,57,6844,6844,2025-08-27T13:02:14Z,1442.0,1442.4444444444443,1547.24579,8.700129999999945,8.57278999999994,2,0.2,0.1
1,58,6931,6931,2025-08-27T13:02:24Z,1452.0,1452.2,1547.24975,8.704089999999951,8.57853,2,0.2,0.1
1,59,7024,7024,2025-08-27T13:02:33Z,1462.0,1462.0,1547.25145,8.705789999999979,8.577639999999974,2,0.2,0.1
1,60,7126,7126,2025-08-27T13:02:44Z,1472.0,1472.4,1547.25732,8.711659999999938,8.60635000000002,2,0.2,0.1
1,61,7341,7341,2025-08-27T13:03:06Z,1494.0,1494.1,1547.26321,8.717550000000074,8.58963000000017,2,0.2,0.1
1,62,7436,7436,2025-08-27T13:03:15Z,1504.0,1504.0,1547.26493,8.719270000000051,8.587170000000015,2,0.2,0.1
1,63,7522,7522,2025-08-27T13:03:26Z,1514.0,1514.1,1547.2694,8.723739999999907,8.58865999999989,2,0.2,0.1
1,64,7614,7614,2025-08-27T13:03:36Z,1524.0,1524.1,1547.27699,8.73133000000007,8.59584000000018,2,0.2,0.1
1,65,7714,7714,2025-08-27T13:03:46Z,1534.0,1534.1,1547.28292,8.737260000000106,8.597730000000183,2,0.2,0.1
1,66,7814,7814,2025-08-27T13:03:56Z,1544.0,1544.1,1547.28298,8.737319999999954,8.595559999999978,2,0.2,0.1
1,67,7912,7912,2025-08-27T13:04:05Z,1553.0,1553.9,1547.28264,8.736979999999903,8.594009999999798,2,0.2,0.1
1,68,7998,7998,2025-08-27T13:04:15Z,1563.0,1563.7777777777778,1547.28675,8.741089999999986,8.59662000000003,2,0.2,0.1
1,69,8092,8092,2025-08-27T13:04:25Z,1574.0,1574.0,1547.29048,8.74481999999989,8.627039999999852,2,0.2,0.1
1,70,8184,8184,2025-08-27T13:04:36Z,1584.0,1584.0,1547.28778,8.742120000000114,8.595810000000029,2,0.2,0.1
1,71,8475,8475,2025-08-27T13:05:07Z,1615.0,1615.6666666666667,1547.28792,8.742259999999987,8.60351999999989,2,0.2,0.1
1,72,8579,8579,2025-08-27T13:05:18Z,1626.0,1626.3,1547.28979,8.744130000000041,8.599390000000085,2,0.2,0.1
1,73,8672,8672,2025-08-27T13:05:27Z,1635.0,1635.8,1547.29639,8.750729999999976,8.600500000000011,2,0.2,0.1
1,74,8773,8773,2025-08-27T13:05:37Z,1646.0,1646.0,1547.30028,8.754619999999932,8.602030000000013,2,0.2,0.1
1,75,8864,8864,2025-08-27T13:05:47Z,1656.0,1656.0,1547.30046,8.754799999999932,8.757460000000037,2,0.2,0.1
1,76,8947,8947,2025-08-27T13:05:57Z,1665.0,1665.7777777777778,1546.91001,8.364350000000059,8.212279999999964,2,0.2,0.1
1,77,9035,9035,2025-08-27T13:06:07Z,1675.0,1675.8,1546.68852,8.142859999999928,8.313089999999875,2,0.2,0.1
1,78,9133,9133,2025-08-27T13:06:17Z,1685.0,1685.8,1546.64185,8.096189999999979,8.22275999999988,2,0.2,0.1
1,79,9233,9233,2025-08-27T13:06:27Z,1695.0,1695.8,1546.63884,8.093180000000075,8.232160000000022,2,0.2,0.1
1,80,9331,9331,2025-08-27T13:06:37Z,1705.0,1705.875,1546.63883,8.0931700000001,8.227010000000064,2,0.2,0.1
1,81,10317,10317,2025-08-27T13:08:22Z,1810.0,1810.9,1546.63343,8.087770000000091,8.23050000000012,2,0.2,0.1
1,82,10424,10424,2025-08-27T13:08:33Z,1821.0,1821.8,1546.63779,8.092129999999997,8.225300000000061,2,0.2,0.1
1,83,10549,10549,2025-08-27T13:08:46Z,1834.0,1834.5,1546.74519,8.199530000000095,8.326140000000123,2,0.2,0.1
1,84,10639,10639,2025-08-27T13:08:56Z,1844.0,1844.2222222222222,1546.74866,8.202999999999975,8.320379999999886,2,0.2,0.1
1,85,10756,10756,2025-08-27T13:09:09Z,1857.0,1857.1,1546.75109,8.205429999999978,8.320120000000088,2,0.2,0.1
1,86,10862,10862,2025-08-27T13:09:19Z,1867.0,1867.7,1546.76202,8.216359999999895,8.328609999999799,2,0.2,0.1
1,87,10977,10977,2025-08-27T13:09:31Z,1879.0,1879.2,1547.1537,8.608040000000074,8.750390000000152,2,0.2,0.1
1,88,11069,11069,2025-08-27T13:09:41Z,1889.0,1889.1,1546.85556,8.30989999999997,8.412339999999858,2,0.2,0.1
1,89,11162,11162,2025-08-27T13:09:50Z,1898.0,1898.8,1546.53609,7.99043000000006,0.7992900000001555,2,0.2,0.1
1,90,11173,11173,2025-08-27T13:09:52Z,1900.0,1900.0,1547.14759,8.601930000000038,8.707229999999981,2,0.2,0.1
1,91,11181,11181,2025-08-27T13:09:53Z,1901.0,1901.111111111111,1546.02736,7.481700000000046,0.5665500000000065,2,0.2,0.1
1,92,11268,11268,2025-08-27T13:10:01Z,1909.0,1909.9,1546.20234,7.656680000000051,7.754310000000032,2,0.2,0.1
1,93,11279,11279,2025-08-27T13:10:02Z,1911.0,1911.0,1546.02597,7.480309999999918,0.3517299999998613,2,0.2,0.1
1,94,11289,11289,2025-08-27T13:10:03Z,1912.0,1912.0,1545.79809,7.252430000000004,0.28213000000005195,2,0.2,0.1
1,95,11291,11291,2025-08-27T13:10:04Z,1912.0,1912.2,1545.79809,7.252430000000004,0.28213000000005195,2,0.2,0.1
1,96,11609,11609,2025-08-27T13:10:38Z,1946.0,1946.25,1546.68604,8.14038000000005,1.257820000000038,2,0.2,0.1
1,97,11613,11613,2025-08-27T13:10:38Z,1946.0,1946.75,1546.50748,7.961819999999989,0.46539000000007036,2,0.2,0.1
1,98,11621,11621,2025-08-27T13:10:39Z,1947.0,1947.6666666666667,1546.42684,7.881180000000086,0.512480000000096,2,0.2,0.1
1,99,11636,11636,2025-08-27T13:10:41Z,1949.0,1949.4444444444443,1546.95936,8.413700000000063,8.519549999999981,2,0.2,0.1
1,100,11722,11722,2025-08-27T13:10:51Z,1959.0,1959.1,1546.39504,7.84938000000011,0.21306000000004133,2,0.2,0.1
1,101,11724,11724,2025-08-27T13:10:51Z,1959.0,1959.3,1546.54384,7.998180000000048,0.1782700000001114,2,0.2,0.1
1,102,11739,11739,2025-08-27T13:10:52Z,1960.0,1960.8,1547.12938,8.583720000000085,8.675140000000056,2,0.2,0.1
1,103,11747,11747,2025-08-27T13:10:53Z,1961.0,1961.857142857143,1547.10313,8.557469999999967,0.12694999999985157,2,0.2,0.1
1,104,11834,11834,2025-08-27T13:11:03Z,1971.0,1971.2,1546.77707,8.231410000000096,0.22991000000001804,2,0.2,0.1
1,105,11847,11847,2025-08-27T13:11:04Z,1972.0,1972.5,1546.92639,8.380730000000085,0.3181400000000849,2,0.2,0.1
1,106,11860,11860,2025-08-27T13:11:05Z,1973.0,1973.8,1547.28398,8.73831999999993,8.912489999999934,2,0.2,0.1
1,107,11863,11863,2025-08-27T13:11:06Z,1974.0,1974.1,1547.2713,8.725640000000112,0.5032800000001316,2,0.2,0.1
1,108,11964,11964,2025-08-27T13:11:16Z,1984.0,1984.2,1546.88614,8.34048000000007,0.17052000000012413,2,0.2,0.1
1,109,11976,11976,2025-08-27T13:11:17Z,1985.0,1985.4444444444443,1547.14592,8.600259999999935,8.69206999999983,2,0.2,0.1
1,110,11990,11990,2025-08-27T13:11:18Z,1987.0,1987.0,1547.13272,8.587060000000065,0.22623999999996158,2,0.2,0.1
1,111,12080,12080,2025-08-27T13:11:29Z,1997.0,1997.3,1546.78041,8.234750000000076,0.13125000000013642,2,0.2,0.1
1,112,12083,12083,2025-08-27T13:11:29Z,1997.0,1997.6,1546.78041,8.234750000000076,0.11257999999997992,2,0.2,0.1
1,113,12107,12107,2025-08-27T13:11:32Z,2000.0,2000.111111111111,1547.1258,8.580140000000029,8.666560000000118,2,0.2,0.1
1,114,12196,12196,2025-08-27T13:11:41Z,2009.0,2009.2,1547.12526,8.579600000000028,8.653250000000071,2,0.2,0.1
1,115,12200,12200,2025-08-27T13:11:41Z,2009.0,2009.6,1547.12526,8.579600000000028,8.653250000000071,2,0.2,0.1
1,116,12216,12216,2025-08-27T13:11:43Z,2011.0,2011.3,1547.12123,8.57556999999997,0.3148799999999028,2,0.2,0.1
1,117,12222,12222,2025-08-27T13:11:43Z,2011.0,2011.9,1547.11784,8.57217999999989,0.3582699999999477,2,0.2,0.1
1,118,12331,12331,2025-08-27T13:11:54Z,2023.0,2023.0,1547.12542,8.579760000000078,8.655390000000125,2,0.2,0.1
1,119,12445,12445,2025-08-27T13:12:07Z,2035.0,2035.888888888889,1547.12271,8.5770500000001,8.637789999999995,2,0.2,0.1
1,120,12447,12447,2025-08-27T13:12:08Z,2036.0,2036.142857142857,1547.12271,8.5770500000001,8.637789999999995,2,0.2,0.1
1,121,12544,12544,2025-08-27T13:12:19Z,2047.0,2047.1,1547.12461,8.578950000000077,8.648890000000165,2,0.2,0.1
1,122,12671,12671,2025-08-27T13:12:32Z,2060.0,2060.1,1546.70075,8.155089999999973,8.21957999999995,2,0.2,0.1
1,123,13153,13153,2025-08-27T13:13:22Z,2110.0,2110.6,1546.5827,8.037039999999934,8.154209999999921,2,0.2,0.1
1,124,13308,13308,2025-08-27T13:13:38Z,2126.0,2126.3,1546.60734,8.061680000000024,8.221900000000005,2,0.2,0.1
1,125,13417,13417,2025-08-27T13:13:51Z,2139.0,2139.25,1546.6177,8.072040000000015,8.294930000000022,2,0.2,0.1
1,126,13533,13533,2025-08-27T13:14:03Z,2151.0,2151.8,1546.61694,8.071280000000115,8.51144000000022,2,0.2,0.1
1,127,13660,13660,2025-08-27T13:14:16Z,2164.0,2164.6,1546.61699,8.071329999999989,8.558320000000094,2,0.2,0.1
1,128,13693,13693,2025-08-27T13:14:19Z,2167.0,2167.9,1538.51322,-0.0324399999999514,0.12490999999999985,2,0.2,0.1
1,129,13790,13790,2025-08-27T13:14:29Z,2177.0,2177.8,1546.62547,8.079809999999952,8.602729999999838,2,0.2,0.1
1,130,13899,13899,2025-08-27T13:14:42Z,2190.0,2190.222222222222,1546.62792,8.082259999999906,8.615039999999908,2,0.2,0.1
1,131,13938,13938,2025-08-27T13:14:46Z,2194.0,2194.222222222222,1538.51549,-0.030169999999998254,0.12730000000010477,2,0.2,0.1
1,132,14016,14016,2025-08-27T13:14:54Z,2202.0,2202.2,1546.63181,8.086150000000089,8.694950000000063,2,0.2,0.1
1,133,14065,14065,2025-08-27T13:14:59Z,2207.0,2207.2,1538.51444,-0.031220000000075743,0.16593999999986409,2,0.2,0.1
1,134,14147,14147,2025-08-27T13:15:07Z,2215.0,2215.4,1546.634,8.088340000000017,8.698779999999942,2,0.2,0.1
1,135,14269,14269,2025-08-27T13:15:19Z,2227.0,2227.7,1546.62437,8.078710000000001,8.69453999999996,2,0.2,0.1
1,136,14287,14287,2025-08-27T13:15:21Z,2229.0,2229.625,1519.97753,-18.56813000000011,1.1616899999999077,2,0.2,0.1
1,137,14297,14297,2025-08-27T13:15:22Z,2230.0,2230.875,1519.39713,-19.148529999999937,0.14652000000000953,2,0.2,0.1
1,138,14304,14304,2025-08-27T13:15:23Z,2231.0,2231.75,1539.20814,0.6624799999999595,1.0994900000000598,2,0.2,0.1
1,139,15190,15190,2025-08-27T13:16:56Z,2324.0,2324.625,1540.53161,1.9859500000000025,22.74120999999991,2,0.2,0.1
1,140,15201,15201,2025-08-27T13:16:57Z,2326.0,2326.0,1524.64036,-13.905299999999897,5.195450000000164,2,0.2,0.1
1,141,15210,15210,2025-08-27T13:16:59Z,2327.0,2327.125,1524.04463,-14.5010299999999,2.626900000000205,2,0.2,0.1
1,142,15213,15213,2025-08-27T13:16:59Z,2327.0,2327.5,1524.04463,-14.5010299999999,2.626900000000205,2,0.2,0.1
1,143,15222,15222,2025-08-27T13:17:00Z,2328.0,2328.625,1519.65133,-18.894330000000082,0.13950999999997293,2,0.2,0.1
1,144,15229,15229,2025-08-27T13:17:01Z,2329.0,2329.4444444444443,1519.05805,-19.487609999999904,0.12368000000014945,2,0.2,0.1
1,145,15240,15240,2025-08-27T13:17:02Z,2330.0,2330.8571428571427,1539.00982,0.4641599999999926,0.8244700000000194,2,0.2,0.1
1,146,15297,15297,2025-08-27T13:17:09Z,2337.0,2337.5,1540.2338,1.6881399999999758,21.49454999999989,2,0.2,0.1
1,147,15309,15309,2025-08-27T13:17:10Z,2338.0,2338.777777777778,1525.676,-12.869660000000067,6.007609999999886,2,0.2,0.1
1,148,15317,15317,2025-08-27T13:17:11Z,2339.0,2339.75,1524.27731,-14.268350000000055,1.523869999999988,2,0.2,0.1
1,149,15325,15325,2025-08-27T13:17:12Z,2340.0,2340.75,1519.21594,-19.329719999999952,0.11347999999998137,2,0.2,0.1
1,150,15334,15334,2025-08-27T13:17:13Z,2341.0,2341.875,1519.19287,-19.352789999999914,0.7469700000001467,2,0.2,0.1
1,151,15351,15351,2025-08-27T13:17:15Z,2343.0,2343.8888888888887,1539.04865,0.5029899999999543,0.9012000000000171,2,0.2,0.1
1,152,15419,15419,2025-08-27T13:17:23Z,2351.0,2351.4,1540.04958,1.5039200000001074,22.25839000000019,2,0.2,0.1
1,153,15434,15434,2025-08-27T13:17:24Z,2352.0,2352.9,1527.40577,-11.139889999999923,8.193550000000187,2,0.2,0.1
1,154,15442,15442,2025-08-27T13:17:25Z,2353.0,2353.7,1522.29995,-16.245709999999917,0.754280000000108,2,0.2,0.1
1,155,15458,15458,2025-08-27T13:17:27Z,2355.0,2355.3,1517.91583,-20.629830000000084,0.3530399999999645,2,0.2,0.1
1,156,15474,15474,2025-08-27T13:17:28Z,2356.0,2356.9,1519.6747,-18.870959999999968,1.1552100000001246,2,0.2,0.1
1,157,15486,15486,2025-08-27T13:17:30Z,2358.0,2358.1,1538.88424,0.3385800000000927,0.7562000000000353,2,0.2,0.1
1,158,15557,15557,2025-08-27T13:17:37Z,2365.0,2365.3,1539.74011,1.1944499999999607,22.501129999999876,2,0.2,0.1
1,159,15572,15572,2025-08-27T13:17:38Z,2366.0,2366.8,1526.28278,-12.262879999999996,7.620920000000069,2,0.2,0.1
1,160,15581,15581,2025-08-27T13:17:39Z,2367.0,2367.7,1522.36237,-16.183289999999943,1.5802100000000792,2,0.2,0.1
1,161,15596,15596,2025-08-27T13:17:41Z,2369.0,2369.3333333333335,1518.13751,-20.408149999999978,0.8248399999999947,2,0.2,0.1
1,162,15600,15600,2025-08-27T13:17:41Z,2369.0,2369.777777777778,1517.79949,-20.746169999999893,0.21797000000015032,2,0.2,0.1
1,163,15602,15602,2025-08-27T13:17:41Z,2370.0,2370.0,1517.73366,-20.811999999999898,0.15214000000014494,2,0.2,0.1
1,164,15621,15621,2025-08-27T13:17:43Z,2372.0,2372.0,1538.95714,0.4114799999999832,0.8306800000000294,2,0.2,0.1
1,165,15677,15677,2025-08-27T13:17:50Z,2378.0,2378.3,1539.75057,1.204909999999927,22.630660000000034,2,0.2,0.1
1,166,15689,15689,2025-08-27T13:17:51Z,2379.0,2379.714285714286,1525.94905,-12.596610000000055,7.118359999999939,2,0.2,0.1
1,167,15697,15697,2025-08-27T13:17:52Z,2380.0,2380.6666666666665,1521.76874,-16.77692000000002,1.0934899999999743,2,0.2,0.1
1,168,15735,15735,2025-08-27T13:17:56Z,2385.0,2385.0,1539.11628,0.5706199999999626,0.9967599999999948,2,0.2,0.1
1,169,15804,15804,2025-08-27T13:18:04Z,2392.0,2392.222222222222,1539.346,0.8003400000000056,22.567270000000008,2,0.2,0.1
1,170,15819,15819,2025-08-27T13:18:05Z,2393.0,2393.8,1524.47031,-14.075350000000071,5.492250000000013,2,0.2,0.1
1,171,15826,15826,2025-08-27T13:18:06Z,2394.0,2394.5555555555557,1522.04752,-16.49813999999992,0.9879500000001826,2,0.2,0.1
1,172,15837,15837,2025-08-27T13:18:07Z,2395.0,2395.777777777778,1517.27625,-21.269410000000107,0.23753999999985353,2,0.2,0.1
1,173,15847,15847,2025-08-27T13:18:08Z,2396.0,2396.8888888888887,1517.60544,-20.940219999999954,0.6006999999999607,2,0.2,0.1
1,174,15868,15868,2025-08-27T13:18:10Z,2399.0,2399.0,1538.90245,0.35679000000004635,0.8162099999999555,2,0.2,0.1
1,175,15941,15941,2025-08-27T13:18:18Z,2406.0,2406.4,1539.20005,0.6543899999999212,22.396729999999934,2,0.2,0.1
1,176,15955,15955,2025-08-27T13:18:19Z,2407.0,2407.8,1526.05114,-12.494519999999966,6.404649999999947,2,0.2,0.1
1,177,15963,15963,2025-08-27T13:18:20Z,2408.0,2408.6,1521.99984,-16.54582000000005,0.12573999999995067,2,0.2,0.1
1,178,15995,15995,2025-08-27T13:18:23Z,2411.0,2411.8,1519.24195,-19.30370999999991,0.7067200000001321,2,0.2,0.1
1,179,16008,16008,2025-08-27T13:18:25Z,2413.0,2413.1,1538.90859,0.36293000000000575,0.8286399999999503,2,0.2,0.1
1,180,16073,16073,2025-08-27T13:18:32Z,2420.0,2420.125,1538.99864,0.45298000000002503,22.315630000000056,2,0.2,0.1
1,181,16085,16085,2025-08-27T13:18:33Z,2421.0,2421.714285714286,1521.50333,-17.042329999999993,0.4978399999999965,2,0.2,0.1
1,182,16092,16092,2025-08-27T13:18:34Z,2422.0,2422.625,1522.20272,-16.34294,2.7337700000000495,2,0.2,0.1
1,183,16107,16107,2025-08-27T13:18:36Z,2424.0,2424.5,1517.91391,-20.63175000000001,0.7256299999999101,2,0.2,0.1
1,184,16130,16130,2025-08-27T13:18:39Z,2427.0,2427.1111111111113,1538.66303,0.11736999999993714,21.478799999999865,2,0.2,0.1
1,185,16182,16182,2025-08-27T13:18:44Z,2433.0,2433.0,1538.4037,-0.14195999999992637,0.32211000000006607,2,0.2,0.1
1,186,16196,16196,2025-08-27T13:18:46Z,2434.0,2434.75,1526.46345,-12.082210000000032,6.7755399999998644,2,0.2,0.1
1,187,16220,16220,2025-08-27T13:18:49Z,2437.0,2437.3333333333335,1517.97069,-20.574969999999894,0.49226000000021486,2,0.2,0.1
1,188,16228,16228,2025-08-27T13:18:50Z,2438.0,2438.2,1518.03784,-20.507820000000038,0.6457900000000336,2,0.2,0.1
1,189,16246,16246,2025-08-27T13:18:52Z,2440.0,2440.1,1538.85027,0.30460999999991145,0.7922099999998409,2,0.2,0.1
1,190,16302,16302,2025-08-27T13:18:58Z,2446.0,2446.125,1539.37781,0.832149999999956,22.57504999999992,2,0.2,0.1
1,191,16314,16314,2025-08-27T13:18:59Z,2447.0,2447.625,1523.20428,-15.341380000000072,4.6862999999998465,2,0.2,0.1
1,192,16321,16321,2025-08-27T13:19:00Z,2448.0,2448.4,1522.92188,-15.623779999999897,1.78708000000006,2,0.2,0.1
1,193,16333,16333,2025-08-27T13:19:01Z,2449.0,2449.6,1517.84559,-20.700070000000096,0.5538500000000113,2,0.2,0.1
1,194,16337,16337,2025-08-27T13:19:01Z,2450.0,2450.0,1517.73448,-20.811179999999922,0.2394200000001092,2,0.2,0.1
1,195,16347,16347,2025-08-27T13:19:02Z,2451.0,2451.0,1517.04152,-21.504140000000007,0.1026600000000144,2,0.2,0.1
1,196,16355,16355,2025-08-27T13:19:03Z,2451.0,2451.8,1517.8013,-20.744359999999915,0.13205000000016298,2,0.2,0.1
1,197,16367,16367,2025-08-27T13:19:04Z,2453.0,2453.0,1538.90875,0.36309000000005653,0.8548600000001443,2,0.2,0.1
2,0,194,194,2025-08-27T12:50:18Z,726.0,726.5555555555555,1546.5867950000002,-0.09410499999967215,0.157135000000153,2,0.2,0.1
2,1,387,387,2025-08-27T12:50:38Z,747.0,747.0,1546.83552,0.15462000000025,0.4402650000001813,2,0.2,0.1
2,2,568,568,2025-08-27T12:50:57Z,765.0,765.3,1546.96839,0.28749000000016167,0.7247600000000602,2,0.2,0.1
2,3,676,676,2025-08-27T12:51:09Z,777.0,777.5,1547.08366,0.4027600000001712,0.6379300000000967,2,0.2,0.1
2,4,781,781,2025-08-27T12:51:20Z,788.0,788.2,1546.98915,0.30825000000027103,0.30920000000014625,2,0.2,0.1
2,5,895,895,2025-08-27T12:51:31Z,799.0,799.6,1547.15967,0.4787700000001678,1.2648200000000998,2,0.2,0.1
2,6,1001,1001,2025-08-27T12:51:42Z,810.0,810.25,1547.05741,0.37651000000005297,0.38805999999999585,2,0.2,0.1
2,7,1311,1311,2025-08-27T12:52:15Z,843.0,843.2,1546.81402,0.13312000000018998,0.6787300000000869,2,0.2,0.1
2,8,1534,1534,2025-08-27T12:52:38Z,866.0,866.1428571428571,1546.81549,0.13459000000011656,0.8569599999998445,2,0.2,0.1
2,9,1632,1632,2025-08-27T12:52:49Z,877.0,877.2222222222222,1546.68185,0.000950000000102591,0.755390000000034,2,0.2,0.1
2,10,1726,1726,2025-08-27T12:53:00Z,888.0,888.1428571428571,1546.67083,-0.010069999999814172,0.325649999999996,2,0.2,0.1
2,11,1823,1823,2025-08-27T12:53:11Z,899.0,899.125,1546.66622,-0.014679999999771098,0.5637000000001535,2,0.2,0.1
2,12,2128,2128,2025-08-27T12:53:44Z,932.0,932.2,1546.63648,-0.0444199999999455,0.7057999999999538,2,0.2,0.1
2,13,2426,2426,2025-08-27T12:54:16Z,964.0,964.1111111111111,1546.62445,-0.05644999999981337,0.14895000000001346,2,0.2,0.1
2,14,8967,8967,2025-08-27T13:06:00Z,1668.0,1668.125,1540.77175,-5.909149999999727,12.8741100000002,2,0.2,0.1
2,15,8980,8980,2025-08-27T13:06:01Z,1669.0,1669.75,1513.99876,-32.68213999999989,0.8062399999998888,2,0.2,0.1
2,16,8983,8983,2025-08-27T13:06:02Z,1670.0,1670.125,1513.92366,-32.75723999999991,0.42869999999993524,2,0.2,0.1
2,17,8992,8992,2025-08-27T13:06:03Z,1671.0,1671.2222222222222,1513.72106,-32.95983999999976,0.26591000000007625,2,0.2,0.1
2,18,9000,9000,2025-08-27T13:06:04Z,1672.0,1672.111111111111,1514.78832,-31.892579999999725,1.6187800000000152,2,0.2,0.1
2,19,9006,9006,2025-08-27T13:06:04Z,1672.0,1672.7777777777778,1514.62347,-32.05742999999984,0.7698299999999563,2,0.2,0.1
2,20,9010,9010,2025-08-27T13:06:05Z,1673.0,1673.2222222222222,1513.61295,-33.06794999999988,0.21637999999984459,2,0.2,0.1
2,21,9024,9024,2025-08-27T13:06:06Z,1674.0,1674.7,1540.72225,-5.958649999999807,16.91565000000014,2,0.2,0.1
2,22,9040,9040,2025-08-27T13:06:08Z,1676.0,1676.3,1542.57649,-4.104409999999916,2.680129999999963,2,0.2,0.1
2,23,9047,9047,2025-08-27T13:06:08Z,1677.0,1677.0,1543.00478,-3.6761199999998553,30.03552999999988,2,0.2,0.1
2,24,9058,9058,2025-08-27T13:06:10Z,1678.0,1678.111111111111,1540.32692,-6.353979999999865,17.93417999999997,2,0.2,0.1
2,25,9076,9076,2025-08-27T13:06:11Z,1680.0,1680.0,1512.92441,-33.75648999999976,0.3158300000000054,2,0.2,0.1
2,26,9081,9081,2025-08-27T13:06:12Z,1680.0,1680.5,1512.89343,-33.78746999999976,0.2848500000000058,2,0.2,0.1
2,27,9085,9085,2025-08-27T13:06:12Z,1680.0,1680.9,1513.59917,-33.08172999999988,0.6575900000000274,2,0.2,0.1
2,28,9088,9088,2025-08-27T13:06:13Z,1681.0,1681.2,1513.24381,-33.4370899999999,0.2673700000000281,2,0.2,0.1
2,29,9093,9093,2025-08-27T13:06:13Z,1681.0,1681.7,1513.60675,-33.07414999999992,0.7060099999998783,2,0.2,0.1
2,30,9102,9102,2025-08-27T13:06:14Z,1682.0,1682.6,1513.60246,-33.07843999999977,0.36128000000007887,2,0.2,0.1
2,31,9121,9121,2025-08-27T13:06:16Z,1684.0,1684.6,1540.53538,-6.145519999999806,17.495229999999992,2,0.2,0.1
2,32,9137,9137,2025-08-27T13:06:18Z,1686.0,1686.2,1543.60747,-3.0734299999999166,31.168789999999944,2,0.2,0.1
2,33,9147,9147,2025-08-27T13:06:19Z,1687.0,1687.2,1540.47798,-6.202919999999949,0.11065999999982523,2,0.2,0.1
2,34,9157,9157,2025-08-27T13:06:20Z,1688.0,1688.2,1540.71141,-5.969489999999951,18.512669999999844,2,0.2,0.1
2,35,9175,9175,2025-08-27T13:06:21Z,1690.0,1690.0,1512.96387,-33.717029999999795,0.35576000000014574,2,0.2,0.1
2,36,9178,9178,2025-08-27T13:06:22Z,1690.0,1690.3,1512.89163,-33.78926999999976,0.2835200000001805,2,0.2,0.1
2,37,9187,9187,2025-08-27T13:06:23Z,1691.0,1691.2,1512.64204,-34.038859999999886,0.7175099999999475,2,0.2,0.1
2,38,9189,9189,2025-08-27T13:06:23Z,1691.0,1691.4,1513.18239,-33.4985099999999,0.21267999999986387,2,0.2,0.1
2,39,9191,9191,2025-08-27T13:06:23Z,1691.0,1691.6,1513.18239,-33.4985099999999,0.21267999999986387,2,0.2,0.1
2,40,9194,9194,2025-08-27T13:06:23Z,1691.0,1691.9,1513.18329,-33.497609999999895,1.244359999999915,2,0.2,0.1
2,41,9203,9203,2025-08-27T13:06:24Z,1692.0,1692.8,1512.34203,-34.338869999999815,0.4026499999999942,2,0.2,0.1
2,42,9220,9220,2025-08-27T13:06:26Z,1694.0,1694.5,1541.11158,-5.569319999999834,29.18705,2,0.2,0.1
2,43,9241,9241,2025-08-27T13:06:28Z,1696.0,1696.6,1540.59876,-6.082139999999754,14.622260000000097,2,0.2,0.1
2,44,9250,9250,2025-08-27T13:06:29Z,1697.0,1697.5,1524.17851,-22.502389999999878,0.31811999999990803,2,0.2,0.1
2,45,9257,9257,2025-08-27T13:06:30Z,1698.0,1698.2,1540.66346,-6.017439999999851,20.27543999999989,2,0.2,0.1
2,46,9286,9286,2025-08-27T13:06:33Z,1701.0,1701.1,1512.37712,-34.30377999999973,0.8235900000001948,2,0.2,0.1
2,47,9321,9321,2025-08-27T13:06:36Z,1704.0,1704.6666666666667,1540.68494,-5.995959999999741,29.326360000000022,2,0.2,0.1
2,48,9329,9329,2025-08-27T13:06:37Z,1705.0,1705.625,1530.18604,-16.49485999999979,5.004940000000033,2,0.2,0.1
2,49,9337,9337,2025-08-27T13:06:38Z,1706.0,1706.5555555555557,1523.79832,-22.882579999999734,0.6280900000001566,2,0.2,0.1
2,50,9343,9343,2025-08-27T13:06:39Z,1707.0,1707.2,1522.65028,-24.03061999999977,0.5452900000000227,2,0.2,0.1
2,51,9346,9346,2025-08-27T13:06:39Z,1707.0,1707.5,1522.65028,-24.03061999999977,0.602390000000014,2,0.2,0.1
2,52,9353,9353,2025-08-27T13:06:40Z,1708.0,1708.2222222222222,1540.14248,-6.53841999999986,20.132519999999886,2,0.2,0.1
2,53,9401,9401,2025-08-27T13:06:45Z,1713.0,1713.3333333333333,1513.23125,-33.44964999999979,1.6213900000000194,2,0.2,0.1
2,54,9410,9410,2025-08-27T13:06:46Z,1714.0,1714.3333333333333,1512.16235,-34.51854999999978,0.2325500000001739,2,0.2,0.1
2,55,9413,9413,2025-08-27T13:06:46Z,1714.0,1714.6666666666667,1512.16235,-34.51854999999978,0.21509000000014566,2,0.2,0.1
2,56,9416,9416,2025-08-27T13:06:46Z,1715.0,1715.0,1512.59695,-34.08394999999973,0.6907500000002074,2,0.2,0.1
2,57,9418,9418,2025-08-27T13:06:47Z,1715.0,1715.2222222222222,1512.59695,-34.08394999999973,0.6907500000002074,2,0.2,0.1
2,58,9420,9420,2025-08-27T13:06:47Z,1715.0,1715.4444444444443,1512.40745,-34.27344999999991,0.4384099999999762,2,0.2,0.1
2,59,9432,9432,2025-08-27T13:06:48Z,1716.0,1716.7,1512.612,-34.06889999999976,0.7205500000000029,2,0.2,0.1
2,60,9440,9440,2025-08-27T13:06:49Z,1717.0,1717.5555555555557,1512.67144,-34.00945999999976,0.7989500000001044,2,0.2,0.1
2,61,9455,9455,2025-08-27T13:06:51Z,1719.0,1719.2,1512.61035,-34.07054999999991,0.6406799999999748,2,0.2,0.1
2,62,9463,9463,2025-08-27T13:06:51Z,1720.0,1720.0,1512.36531,-34.31558999999993,0.5477999999998246,2,0.2,0.1
2,63,9466,9466,2025-08-27T13:06:52Z,1720.0,1720.3,1512.41467,-34.26622999999995,0.7820799999999508,2,0.2,0.1
2,64,9474,9474,2025-08-27T13:06:53Z,1721.0,1721.125,1513.26868,-33.412219999999934,1.6948999999999614,2,0.2,0.1
2,65,9477,9477,2025-08-27T13:06:53Z,1721.0,1721.5,1512.84005,-33.84084999999982,0.45466000000010354,2,0.2,0.1
2,66,9481,9481,2025-08-27T13:06:53Z,1722.0,1722.0,1512.84005,-33.84084999999982,0.45466000000010354,2,0.2,0.1
2,67,9485,9485,2025-08-27T13:06:54Z,1722.0,1722.4,1511.82628,-34.85461999999984,0.17914999999993597,2,0.2,0.1
2,68,9495,9495,2025-08-27T13:06:55Z,1723.0,1723.4,1512.58693,-34.0939699999999,0.18100000000004002,2,0.2,0.1
2,69,9505,9505,2025-08-27T13:06:56Z,1724.0,1724.4,1512.6692,-34.01169999999979,0.29737999999997555,2,0.2,0.1
2,70,9516,9516,2025-08-27T13:06:57Z,1725.0,1725.5555555555557,1512.53151,-34.14938999999981,0.12641000000007807,2,0.2,0.1
2,71,9519,9519,2025-08-27T13:06:57Z,1725.0,1725.888888888889,1512.81354,-33.867359999999735,0.9591300000001866,2,0.2,0.1
2,72,9535,9535,2025-08-27T13:06:59Z,1727.0,1727.5,1513.19483,-33.48606999999993,1.3174399999998059,2,0.2,0.1
2,73,9545,9545,2025-08-27T13:07:00Z,1728.0,1728.5,1512.58451,-34.09638999999993,0.7071199999998043,2,0.2,0.1
2,74,9549,9549,2025-08-27T13:07:00Z,1728.0,1728.9,1512.59854,-34.08235999999988,0.22885999999994056,2,0.2,0.1
2,75,9554,9554,2025-08-27T13:07:01Z,1729.0,1729.4,1512.62289,-34.05800999999974,0.30552000000011503,2,0.2,0.1
2,76,9562,9562,2025-08-27T13:07:02Z,1730.0,1730.2,1512.54049,-34.14040999999975,0.13083000000005995,2,0.2,0.1
2,77,9565,9565,2025-08-27T13:07:02Z,1730.0,1730.5,1512.54049,-34.14040999999975,0.13083000000005995,2,0.2,0.1
2,78,9578,9578,2025-08-27T13:07:03Z,1731.0,1731.8,1512.95005,-33.73084999999992,0.3342499999998836,2,0.2,0.1
2,79,9580,9580,2025-08-27T13:07:03Z,1732.0,1732.0,1513.25272,-33.428179999999884,0.8179399999999077,2,0.2,0.1
2,80,9589,9589,2025-08-27T13:07:04Z,1732.0,1732.9,1512.95194,-33.728959999999915,0.4789499999999407,2,0.2,0.1
2,81,9592,9592,2025-08-27T13:07:05Z,1733.0,1733.2,1513.37023,-33.310669999999845,1.8165400000000318,2,0.2,0.1
2,82,9601,9601,2025-08-27T13:07:06Z,1734.0,1734.1,1512.96545,-33.71544999999992,0.32795999999984815,2,0.2,0.1
2,83,9605,9605,2025-08-27T13:07:06Z,1734.0,1734.5,1512.91041,-33.77048999999988,0.1848299999999199,2,0.2,0.1
2,84,9609,9609,2025-08-27T13:07:06Z,1734.0,1734.9,1513.02902,-33.65187999999989,0.39152999999987514,2,0.2,0.1
2,85,9611,9611,2025-08-27T13:07:07Z,1735.0,1735.1,1512.58001,-34.100889999999936,0.15601999999989857,2,0.2,0.1
2,86,9619,9619,2025-08-27T13:07:07Z,1735.0,1735.9,1512.60221,-34.078689999999824,0.1882900000000518,2,0.2,0.1
2,87,9622,9622,2025-08-27T13:07:08Z,1736.0,1736.2,1512.6102,-34.07069999999976,0.20641999999998006,2,0.2,0.1
2,88,9636,9636,2025-08-27T13:07:09Z,1737.0,1737.6,1513.33664,-33.34425999999985,0.9551899999999023,2,0.2,0.1
2,89,9642,9642,2025-08-27T13:07:10Z,1738.0,1738.2,1513.31162,-33.36927999999989,0.9003900000000158,2,0.2,0.1
2,90,9651,9651,2025-08-27T13:07:11Z,1739.0,1739.1,1512.94345,-33.73744999999985,0.5149699999999484,2,0.2,0.1
2,91,9661,9661,2025-08-27T13:07:12Z,1740.0,1740.1,1512.8466,-33.83429999999976,1.2204699999999775,2,0.2,0.1
2,92,9674,9674,2025-08-27T13:07:13Z,1741.0,1741.4,1512.67779,-34.00310999999988,1.1276699999998527,2,0.2,0.1
2,93,9684,9684,2025-08-27T13:07:14Z,1742.0,1742.4,1512.31041,-34.37048999999979,0.15493000000014945,2,0.2,0.1
2,94,9690,9690,2025-08-27T13:07:15Z,1743.0,1743.0,1512.64311,-34.03778999999986,1.265809999999874,2,0.2,0.1
2,95,9696,9696,2025-08-27T13:07:15Z,1743.0,1743.6,1512.59662,-34.08427999999981,0.12741000000005442,2,0.2,0.1
2,96,9698,9698,2025-08-27T13:07:15Z,1743.0,1743.8,1512.59662,-34.08427999999981,0.12741000000005442,2,0.2,0.1
2,97,9704,9704,2025-08-27T13:07:16Z,1744.0,1744.4444444444443,1512.58014,-34.10075999999981,0.1514199999999164,2,0.2,0.1
2,98,9708,9708,2025-08-27T13:07:16Z,1744.0,1744.888888888889,1512.76283,-33.91806999999994,0.3133799999998246,2,0.2,0.1
2,99,9712,9712,2025-08-27T13:07:17Z,1745.0,1745.3,1512.76283,-33.91806999999994,0.3133799999998246,2,0.2,0.1
2,100,9715,9715,2025-08-27T13:07:17Z,1745.0,1745.6,1512.92485,-33.75604999999973,1.1375600000001214,2,0.2,0.1
2,101,9724,9724,2025-08-27T13:07:18Z,1746.0,1746.5,1512.62093,-34.059969999999794,0.1895400000000791,2,0.2,0.1
2,102,9726,9726,2025-08-27T13:07:18Z,1746.0,1746.7,1512.62093,-34.059969999999794,0.1895400000000791,2,0.2,0.1
2,103,9728,9728,2025-08-27T13:07:18Z,1746.0,1746.9,1512.62093,-34.059969999999794,0.1895400000000791,2,0.2,0.1
2,104,9742,9742,2025-08-27T13:07:20Z,1748.0,1748.3,1512.82476,-33.85613999999987,0.467049999999972,2,0.2,0.1
2,105,9751,9751,2025-08-27T13:07:21Z,1749.0,1749.2,1512.33784,-34.34305999999992,0.3341699999998582,2,0.2,0.1
2,106,9755,9755,2025-08-27T13:07:21Z,1749.0,1749.6,1512.40341,-34.27748999999994,0.6161199999999099,2,0.2,0.1
2,107,9765,9765,2025-08-27T13:07:22Z,1750.0,1750.6666666666667,1512.9305,-33.7503999999999,1.0421499999999924,2,0.2,0.1
2,108,9774,9774,2025-08-27T13:07:23Z,1751.0,1751.6666666666667,1512.62991,-34.05098999999973,0.2426500000001397,2,0.2,0.1
2,109,9782,9782,2025-08-27T13:07:24Z,1752.0,1752.5555555555557,1512.61348,-34.067419999999856,0.22202999999990425,2,0.2,0.1
2,110,9791,9791,2025-08-27T13:07:25Z,1753.0,1753.625,1513.23549,-33.44540999999981,0.9295099999999366,2,0.2,0.1
2,111,9804,9804,2025-08-27T13:07:27Z,1755.0,1755.2857142857142,1513.66061,-33.02028999999993,1.792950000000019,2,0.2,0.1
2,112,9813,9813,2025-08-27T13:07:28Z,1756.0,1756.4444444444443,1512.97158,-33.709319999999934,0.36144999999987704,2,0.2,0.1
2,113,9821,9821,2025-08-27T13:07:29Z,1757.0,1757.4285714285713,1512.93019,-33.7507099999998,0.13711000000012064,2,0.2,0.1
2,114,9832,9832,2025-08-27T13:07:30Z,1758.0,1758.875,1512.80267,-33.8782299999998,0.15832000000000335,2,0.2,0.1
2,115,9836,9836,2025-08-27T13:07:31Z,1759.0,1759.3333333333333,1513.4632,-33.21769999999992,0.5061499999999342,2,0.2,0.1
2,116,9838,9838,2025-08-27T13:07:31Z,1759.0,1759.5555555555557,1513.62678,-33.054119999999784,0.9926100000000133,2,0.2,0.1
2,117,9842,9842,2025-08-27T13:07:32Z,1760.0,1760.0,1513.27365,-33.40724999999975,0.28579000000013366,2,0.2,0.1
2,118,9850,9850,2025-08-27T13:07:32Z,1760.0,1760.888888888889,1513.20885,-33.472049999999854,0.5625499999998738,2,0.2,0.1
2,119,9860,9860,2025-08-27T13:07:34Z,1762.0,1762.111111111111,1513.65286,-33.02803999999992,1.2643499999999221,2,0.2,0.1
2,120,9873,9873,2025-08-27T13:07:35Z,1763.0,1763.5555555555557,1513.22567,-33.4552299999998,0.6412700000000768,2,0.2,0.1
2,121,9877,9877,2025-08-27T13:07:35Z,1764.0,1764.0,1512.96581,-33.71508999999992,0.37581999999997606,2,0.2,0.1
2,122,9887,9887,2025-08-27T13:07:37Z,1765.0,1765.25,1513.32359,-33.35730999999987,0.9098400000000311,2,0.2,0.1
2,123,9905,9905,2025-08-27T13:07:39Z,1767.0,1767.2,1513.65448,-33.026419999999916,1.7394500000000335,2,0.2,0.1
2,124,9912,9912,2025-08-27T13:07:39Z,1767.0,1767.9,1512.52547,-34.1554299999998,0.11930000000006658,2,0.2,0.1
2,125,9924,9924,2025-08-27T13:07:41Z,1769.0,1769.3333333333333,1512.61353,-34.067369999999755,0.27765999999996893,2,0.2,0.1
2,126,9934,9934,2025-08-27T13:07:42Z,1770.0,1770.4,1512.62693,-34.053969999999936,0.20851999999990767,2,0.2,0.1
2,127,9943,9943,2025-08-27T13:07:43Z,1771.0,1771.3,1512.93673,-33.74416999999994,0.5684899999998834,2,0.2,0.1
2,128,9956,9956,2025-08-27T13:07:44Z,1772.0,1772.75,1512.84217,-33.83872999999994,0.3126199999999244,2,0.2,0.1
2,129,9964,9964,2025-08-27T13:07:45Z,1773.0,1773.6,1513.62539,-33.05550999999991,1.2582800000000134,2,0.2,0.1
2,130,9968,9968,2025-08-27T13:07:45Z,1774.0,1774.0,1512.82672,-33.854179999999815,0.2199000000000524,2,0.2,0.1
2,131,9974,9974,2025-08-27T13:07:46Z,1774.0,1774.6666666666667,1513.61026,-33.07063999999991,1.1978999999998905,2,0.2,0.1
2,132,9981,9981,2025-08-27T13:07:47Z,1775.0,1775.4,1512.94869,-33.732209999999895,0.3576100000000224,2,0.2,0.1
2,133,9989,9989,2025-08-27T13:07:48Z,1776.0,1776.2,1512.9817,-33.69919999999979,0.4045000000000982,2,0.2,0.1
2,134,10004,10004,2025-08-27T13:07:49Z,1777.0,1777.7,1512.60512,-34.075779999999895,0.1493399999999383,2,0.2,0.1
2,135,10010,10010,2025-08-27T13:07:50Z,1778.0,1778.3,1513.57547,-33.10542999999984,1.0749299999999948,2,0.2,0.1
2,136,10020,10020,2025-08-27T13:07:51Z,1779.0,1779.3,1512.91146,-33.769439999999804,0.2619400000000951,2,0.2,0.1
2,137,10034,10034,2025-08-27T13:07:52Z,1780.0,1780.7,1513.60664,-33.07425999999987,0.9255800000000818,2,0.2,0.1
2,138,10050,10050,2025-08-27T13:07:54Z,1782.0,1782.3,1513.6473,-33.03359999999975,1.6857899999999972,2,0.2,0.1
2,139,10058,10058,2025-08-27T13:07:55Z,1783.0,1783.1,1513.61013,-33.07076999999981,0.3583200000000488,2,0.2,0.1
2,140,10064,10064,2025-08-27T13:07:55Z,1783.0,1783.7,1513.61259,-33.06830999999988,0.6688999999998941,2,0.2,0.1
2,141,10072,10072,2025-08-27T13:07:56Z,1784.0,1784.5,1513.19035,-33.49054999999976,0.35683000000017273,2,0.2,0.1
2,142,10075,10075,2025-08-27T13:07:56Z,1784.0,1784.8,1513.19035,-33.49054999999976,0.35683000000017273,2,0.2,0.1
2,143,10079,10079,2025-08-27T13:07:57Z,1785.0,1785.2,1513.36624,-33.314659999999776,0.7573400000001129,2,0.2,0.1
2,144,10082,10082,2025-08-27T13:07:57Z,1785.0,1785.5,1513.61406,-33.06683999999973,1.2558600000002116,2,0.2,0.1
2,145,10085,10085,2025-08-27T13:07:57Z,1785.0,1785.8,1513.22587,-33.45502999999985,0.28269000000000233,2,0.2,0.1
2,146,10095,10095,2025-08-27T13:07:58Z,1786.0,1786.8,1513.63509,-33.04580999999985,1.0099800000000414,2,0.2,0.1
2,147,10103,10103,2025-08-27T13:07:59Z,1787.0,1787.6,1513.57375,-33.10714999999982,0.3111900000001242,2,0.2,0.1
2,148,10105,10105,2025-08-27T13:07:59Z,1787.0,1787.8,1513.63784,-33.04305999999974,1.2966400000000249,2,0.2,0.1
2,149,10114,10114,2025-08-27T13:08:00Z,1788.0,1788.7,1513.59519,-33.085709999999835,0.6767600000000584,2,0.2,0.1
2,150,10121,10121,2025-08-27T13:08:01Z,1789.0,1789.4444444444443,1513.32378,-33.357119999999895,0.3647200000000339,2,0.2,0.1
2,151,10125,10125,2025-08-27T13:08:01Z,1789.0,1789.888888888889,1513.6333,-33.047599999999875,0.9848299999998744,2,0.2,0.1
2,152,10138,10138,2025-08-27T13:08:03Z,1791.0,1791.3,1513.62006,-33.06083999999987,1.2887399999999616,2,0.2,0.1
2,153,10153,10153,2025-08-27T13:08:04Z,1792.0,1792.8,1512.81272,-33.86817999999994,0.5039699999999812,2,0.2,0.1
2,154,10162,10162,2025-08-27T13:08:05Z,1793.0,1793.875,1512.95638,-33.72451999999976,0.3453700000000026,2,0.2,0.1
2,155,10166,10166,2025-08-27T13:08:06Z,1794.0,1794.3333333333333,1513.34678,-33.33411999999976,0.43369000000006963,2,0.2,0.1
2,156,10171,10171,2025-08-27T13:08:06Z,1794.0,1794.888888888889,1513.61968,-33.06121999999982,1.2206200000000536,2,0.2,0.1
2,157,10177,10177,2025-08-27T13:08:07Z,1795.0,1795.7142857142858,1513.30681,-33.374089999999796,0.3712199999999939,2,0.2,0.1
2,158,10181,10181,2025-08-27T13:08:08Z,1796.0,1796.2857142857142,1512.97452,-33.706379999999854,0.3929599999999027,2,0.2,0.1
2,159,10185,10185,2025-08-27T13:08:08Z,1796.0,1796.857142857143,1512.72649,-33.954409999999825,0.14492999999993117,2,0.2,0.1
2,160,10189,10189,2025-08-27T13:08:09Z,1797.0,1797.3,1513.3385,-33.34239999999977,0.8419800000001487,2,0.2,0.1
2,161,10196,10196,2025-08-27T13:08:09Z,1798.0,1798.0,1512.84931,-33.83158999999978,0.23735000000010587,2,0.2,0.1
2,162,10204,10204,2025-08-27T13:08:10Z,1798.0,1798.8,1513.06919,-33.6117099999999,0.5064599999998336,2,0.2,0.1
2,163,10219,10219,2025-08-27T13:08:12Z,1800.0,1800.3333333333333,1512.93941,-33.741489999999885,0.49113999999985936,2,0.2,0.1
2,164,10221,10221,2025-08-27T13:08:12Z,1800.0,1800.5555555555557,1513.23099,-33.44990999999982,0.8280500000000757,2,0.2,0.1
2,165,10233,10233,2025-08-27T13:08:13Z,1801.0,1801.8,1513.6368,-33.044099999999844,1.1041600000000926,2,0.2,0.1
2,166,10236,10236,2025-08-27T13:08:14Z,1802.0,1802.1,1513.6368,-33.044099999999844,1.1041600000000926,2,0.2,0.1
2,167,10240,10240,2025-08-27T13:08:14Z,1802.0,1802.5,1513.61753,-33.06336999999985,0.7652399999999489,2,0.2,0.1
2,168,10250,10250,2025-08-27T13:08:15Z,1803.0,1803.5,1513.68058,-33.000319999999874,1.3284899999998743,2,0.2,0.1
2,169,10261,10261,2025-08-27T13:08:16Z,1804.0,1804.6666666666667,1512.62294,-34.057959999999866,0.19398000000001048,2,0.2,0.1
2,170,10269,10269,2025-08-27T13:08:17Z,1805.0,1805.625,1513.31782,-33.363079999999854,0.8228599999999915,2,0.2,0.1
2,171,10283,10283,2025-08-27T13:08:19Z,1807.0,1807.2222222222222,1512.96404,-33.71685999999977,0.37388000000009924,2,0.2,0.1
2,172,10304,10304,2025-08-27T13:08:21Z,1809.0,1809.5,1540.69271,-5.988189999999804,29.119249999999965,2,0.2,0.1
2,173,10315,10315,2025-08-27T13:08:22Z,1810.0,1810.7,1534.63313,-12.0477699999999,8.943859999999859,2,0.2,0.1
2,174,10327,10327,2025-08-27T13:08:23Z,1811.0,1811.9,1524.35048,-22.330419999999776,0.20961000000011154,2,0.2,0.1
2,175,10330,10330,2025-08-27T13:08:24Z,1812.0,1812.2,1524.35048,-22.330419999999776,0.20961000000011154,2,0.2,0.1
2,176,10340,10340,2025-08-27T13:08:25Z,1813.0,1813.2,1524.9041,-21.776799999999866,1.821519999999964,2,0.2,0.1
2,177,10349,10349,2025-08-27T13:08:26Z,1814.0,1814.1,1540.39231,-6.2885899999998855,18.107639999999947,2,0.2,0.1
2,178,10378,10378,2025-08-27T13:08:29Z,1817.0,1817.2,1512.42883,-34.252069999999776,0.8471200000001318,2,0.2,0.1
2,179,10393,10393,2025-08-27T13:08:30Z,1818.0,1818.7,1512.60073,-34.080169999999725,0.9947800000002189,2,0.2,0.1
2,180,10411,10411,2025-08-27T13:08:32Z,1820.0,1820.5,1540.87704,-5.803859999999759,28.966570000000047,2,0.2,0.1
2,181,10421,10421,2025-08-27T13:08:33Z,1821.0,1821.5,1529.70796,-16.97293999999988,4.035010000000057,2,0.2,0.1
2,182,10440,10440,2025-08-27T13:08:35Z,1823.0,1823.5,1525.49896,-21.18193999999994,0.24611999999979162,2,0.2,0.1
2,183,10443,10443,2025-08-27T13:08:35Z,1823.0,1823.8,1525.49896,-21.18193999999994,0.24611999999979162,2,0.2,0.1
2,184,10448,10448,2025-08-27T13:08:36Z,1824.0,1824.3,1525.8695,-20.81139999999982,3.2145100000000184,2,0.2,0.1
2,185,10457,10457,2025-08-27T13:08:37Z,1825.0,1825.2,1540.0573,-6.623599999999897,20.04144999999994,2,0.2,0.1
2,186,10485,10485,2025-08-27T13:08:39Z,1828.0,1828.0,1512.62587,-34.05502999999976,0.3334100000001854,2,0.2,0.1
2,187,10493,10493,2025-08-27T13:08:40Z,1828.0,1828.8,1512.86941,-33.81148999999982,0.9468899999999394,2,0.2,0.1
2,188,10500,10500,2025-08-27T13:08:41Z,1829.0,1829.5,1512.62432,-34.05657999999994,0.2250099999998838,2,0.2,0.1
2,189,10519,10519,2025-08-27T13:08:43Z,1831.0,1831.4,1540.65433,-6.026569999999765,28.71508000000017,2,0.2,0.1
2,190,10530,10530,2025-08-27T13:08:44Z,1832.0,1832.5,1529.98981,-16.691089999999804,7.3887999999999465,2,0.2,0.1
2,191,10538,10538,2025-08-27T13:08:45Z,1833.0,1833.3333333333333,1526.05474,-20.6261599999998,0.19424000000003616,2,0.2,0.1
2,192,10548,10548,2025-08-27T13:08:46Z,1834.0,1834.4,1526.56089,-20.120009999999866,2.364319999999907,2,0.2,0.1
2,193,10555,10555,2025-08-27T13:08:47Z,1835.0,1835.1,1526.50974,-20.171159999999873,0.6811299999999392,2,0.2,0.1
2,194,10566,10566,2025-08-27T13:08:48Z,1836.0,1836.2,1540.00219,-6.67870999999991,18.98190999999997,2,0.2,0.1
2,195,10593,10593,2025-08-27T13:08:50Z,1838.0,1838.9,1513.98592,-32.69497999999976,0.5151299999999992,2,0.2,0.1
2,196,10598,10598,2025-08-27T13:08:51Z,1839.0,1839.4,1513.55855,-33.12234999999987,0.3265599999999722,2,0.2,0.1
2,197,10606,10606,2025-08-27T13:08:52Z,1840.0,1840.25,1513.23795,-33.44294999999988,0.6230699999998706,2,0.2,0.1
2,198,10614,10614,2025-08-27T13:08:53Z,1841.0,1841.2,1513.21579,-33.46510999999987,0.2775699999999688,2,0.2,0.1
2,199,10625,10625,2025-08-27T13:08:54Z,1842.0,1842.4285714285713,1539.9292,-6.751699999999801,18.93694000000005,2,0.2,0.1
2,200,10633,10633,2025-08-27T13:08:55Z,1843.0,1843.5,1530.04215,-16.638749999999845,4.302590000000009,2,0.2,0.1
2,201,10655,10655,2025-08-27T13:08:58Z,1846.0,1846.25,1527.02069,-19.66020999999978,1.2154100000000199,2,0.2,0.1
2,202,10663,10663,2025-08-27T13:08:59Z,1847.0,1847.2222222222222,1539.95396,-6.726939999999786,27.113550000000032,2,0.2,0.1
2,203,10687,10687,2025-08-27T13:09:01Z,1849.0,1849.8,1513.21004,-33.4708599999999,0.23369000000002416,2,0.2,0.1
2,204,10693,10693,2025-08-27T13:09:02Z,1850.0,1850.4444444444443,1513.23967,-33.441229999999905,0.2721400000000358,2,0.2,0.1
2,205,10705,10705,2025-08-27T13:09:03Z,1851.0,1851.7,1513.21407,-33.466829999999845,0.2965999999998985,2,0.2,0.1
2,206,10721,10721,2025-08-27T13:09:05Z,1853.0,1853.4,1540.05127,-6.629629999999906,18.096199999999953,2,0.2,0.1
2,207,10729,10729,2025-08-27T13:09:06Z,1854.0,1854.25,1528.10052,-18.580379999999877,2.207679999999982,2,0.2,0.1
2,208,10754,10754,2025-08-27T13:09:08Z,1856.0,1856.9,1528.19142,-18.48947999999973,2.675330000000031,2,0.2,0.1
2,209,10767,10767,2025-08-27T13:09:10Z,1858.0,1858.2,1540.08151,-6.5993899999998575,27.157469999999876,2,0.2,0.1
2,210,10791,10791,2025-08-27T13:09:12Z,1860.0,1860.6,1513.89329,-32.78760999999986,0.9424699999999575,2,0.2,0.1
2,211,10794,10794,2025-08-27T13:09:12Z,1860.0,1860.9,1513.89329,-32.78760999999986,0.3119699999999739,2,0.2,0.1
2,212,10799,10799,2025-08-27T13:09:13Z,1861.0,1861.4,1514.00856,-32.67233999999985,1.0659299999999803,2,0.2,0.1
2,213,10809,10809,2025-08-27T13:09:14Z,1862.0,1862.4,1513.23849,-33.44240999999988,0.269839999999931,2,0.2,0.1
2,214,10830,10830,2025-08-27T13:09:16Z,1864.0,1864.5,1540.10605,-6.574849999999742,18.269050000000107,2,0.2,0.1
2,215,10840,10840,2025-08-27T13:09:17Z,1865.0,1865.5,1530.99042,-15.690479999999752,8.40643,2,0.2,0.1
2,216,10868,10868,2025-08-27T13:09:20Z,1868.0,1868.3,1528.30811,-18.372789999999895,1.4096199999999044,2,0.2,0.1
2,217,10877,10877,2025-08-27T13:09:21Z,1869.0,1869.2,1540.12728,-6.55361999999991,27.18087999999989,2,0.2,0.1
2,218,10884,10884,2025-08-27T13:09:21Z,1869.0,1869.9,1538.94393,-7.736969999999928,0.26383999999984553,2,0.2,0.1
2,219,10894,10894,2025-08-27T13:09:22Z,1870.0,1870.9,1514.85478,-31.826119999999946,0.2508100000000013,2,0.2,0.1
2,220,10896,10896,2025-08-27T13:09:23Z,1871.0,1871.1,1514.85478,-31.826119999999946,0.2508100000000013,2,0.2,0.1
2,221,10911,10911,2025-08-27T13:09:24Z,1872.0,1872.6,1513.91371,-32.7671899999998,0.6840899999999692,2,0.2,0.1
2,222,10917,10917,2025-08-27T13:09:25Z,1873.0,1873.2,1513.20649,-33.47440999999981,0.22609000000011292,2,0.2,0.1
2,223,10920,10920,2025-08-27T13:09:25Z,1873.0,1873.5,1514.22069,-32.460209999999734,1.2402900000001864,2,0.2,0.1
2,224,10940,10940,2025-08-27T13:09:27Z,1875.0,1875.5,1540.07149,-6.609409999999798,26.860730000000103,2,0.2,0.1
2,225,10950,10950,2025-08-27T13:09:28Z,1876.0,1876.5,1532.80476,-13.87613999999985,10.14298000000008,2,0.2,0.1
2,226,10975,10975,2025-08-27T13:09:30Z,1879.0,1879.0,1528.61386,-18.067039999999906,0.4251299999998537,2,0.2,0.1
2,227,10987,10987,2025-08-27T13:09:32Z,1880.0,1880.2,1540.0596,-6.621299999999792,18.246380000000045,2,0.2,0.1
2,228,11016,11016,2025-08-27T13:09:35Z,1883.0,1883.5555555555557,1514.56117,-32.11972999999989,0.3976199999999608,2,0.2,0.1
2,229,11031,11031,2025-08-27T13:09:37Z,1885.0,1885.2,1514.1458,-32.53509999999983,0.588649999999916,2,0.2,0.1
2,230,11044,11044,2025-08-27T13:09:38Z,1886.0,1886.5555555555557,1540.58522,-6.095679999999902,27.97033999999985,2,0.2,0.1
2,231,11054,11054,2025-08-27T13:09:39Z,1887.0,1887.6,1528.2391,-18.44179999999983,1.0797099999999773,2,0.2,0.1
2,232,11081,11081,2025-08-27T13:09:42Z,1890.0,1890.3333333333333,1529.95281,-16.72808999999984,6.282840000000078,2,0.2,0.1
2,233,11089,11089,2025-08-27T13:09:43Z,1891.0,1891.25,1539.99612,-6.684779999999819,17.517409999999927,2,0.2,0.1
2,234,11123,11123,2025-08-27T13:09:46Z,1894.0,1894.8,1514.19122,-32.48967999999991,0.664160000000038,2,0.2,0.1
2,235,11132,11132,2025-08-27T13:09:47Z,1895.0,1895.7,1514.78727,-31.893629999999803,0.9239299999999275,2,0.2,0.1
2,236,11136,11136,2025-08-27T13:09:48Z,1896.0,1896.111111111111,1514.63749,-32.04340999999977,0.7741499999999633,2,0.2,0.1
2,237,11149,11149,2025-08-27T13:09:49Z,1897.0,1897.5,1540.34652,-6.334379999999783,27.114880000000085,2,0.2,0.1
2,238,11173,11173,2025-08-27T13:09:52Z,1900.0,1900.0,1530.00008,-16.680819999999812,0.22404000000005908,2,0.2,0.1
2,239,11175,11175,2025-08-27T13:09:52Z,1900.0,1900.2857142857142,1530.00008,-16.680819999999812,0.22404000000005908,2,0.2,0.1
2,240,11179,11179,2025-08-27T13:09:52Z,1900.0,1900.857142857143,1530.61852,-16.062379999999848,7.924649999999929,2,0.2,0.1
2,241,11181,11181,2025-08-27T13:09:53Z,1901.0,1901.111111111111,1530.53852,-16.142379999999775,0.6543599999999969,2,0.2,0.1
2,242,11191,11191,2025-08-27T13:09:54Z,1902.0,1902.2,1540.14312,-6.537779999999884,18.229859999999917,2,0.2,0.1
2,243,11215,11215,2025-08-27T13:09:56Z,1904.0,1904.6,1514.7928,-31.888099999999895,0.28187000000002627,2,0.2,0.1
2,244,11225,11225,2025-08-27T13:09:57Z,1905.0,1905.6,1514.80086,-31.88003999999978,1.2453199999999924,2,0.2,0.1
2,245,11232,11232,2025-08-27T13:09:58Z,1906.0,1906.3,1514.16684,-32.514059999999745,0.2932700000001205,2,0.2,0.1
2,246,11241,11241,2025-08-27T13:09:59Z,1907.0,1907.2,1514.20709,-32.47380999999973,0.6627200000000357,2,0.2,0.1
2,247,11252,11252,2025-08-27T13:10:00Z,1908.0,1908.3,1540.41307,-6.267829999999776,27.1862000000001,2,0.2,0.1
2,248,11293,11293,2025-08-27T13:10:04Z,1912.0,1912.4,1530.6964,-15.984499999999798,8.605479999999943,2,0.2,0.1
2,249,11302,11302,2025-08-27T13:10:05Z,1913.0,1913.3,1539.79504,-6.885859999999866,18.081809999999905,2,0.2,0.1
2,250,11327,11327,2025-08-27T13:10:07Z,1915.0,1915.8,1514.75558,-31.92531999999983,0.19198000000005777,2,0.2,0.1
2,251,11329,11329,2025-08-27T13:10:07Z,1916.0,1916.0,1514.75558,-31.92531999999983,0.19198000000005777,2,0.2,0.1
2,252,11339,11339,2025-08-27T13:10:08Z,1917.0,1917.0,1515.18821,-31.49268999999981,1.2201500000001033,2,0.2,0.1
2,253,11348,11348,2025-08-27T13:10:09Z,1917.0,1917.9,1514.79051,-31.890389999999798,0.8875399999999445,2,0.2,0.1
2,254,11354,11354,2025-08-27T13:10:10Z,1918.0,1918.5,1514.51332,-32.167579999999816,0.5800300000000789,2,0.2,0.1
2,255,11369,11369,2025-08-27T13:10:11Z,1920.0,1920.0,1513.97117,-32.70972999999981,0.7164800000000469,2,0.2,0.1
2,256,11388,11388,2025-08-27T13:10:13Z,1921.0,1921.9,1513.29528,-33.38561999999979,0.31924000000003616,2,0.2,0.1
2,257,11401,11401,2025-08-27T13:10:15Z,1923.0,1923.2,1513.44388,-33.2370199999998,0.4793099999999413,2,0.2,0.1
2,258,11415,11415,2025-08-27T13:10:16Z,1924.0,1924.6,1512.96794,-33.71295999999984,0.13571999999999207,2,0.2,0.1
2,259,11431,11431,2025-08-27T13:10:18Z,1926.0,1926.2,1512.97239,-33.70850999999993,0.5369399999999587,2,0.2,0.1
2,260,11433,11433,2025-08-27T13:10:18Z,1926.0,1926.4,1512.96351,-33.717389999999796,0.5402599999999893,2,0.2,0.1
2,261,11441,11441,2025-08-27T13:10:19Z,1927.0,1927.2,1512.95516,-33.72573999999986,0.5369100000000344,2,0.2,0.1
2,262,11444,11444,2025-08-27T13:10:19Z,1927.0,1927.5,1512.95516,-33.72573999999986,0.5369100000000344,2,0.2,0.1
2,263,11450,11450,2025-08-27T13:10:20Z,1928.0,1928.1,1512.93094,-33.749959999999874,0.2764600000000428,2,0.2,0.1
2,264,11458,11458,2025-08-27T13:10:20Z,1928.0,1928.9,1513.54203,-33.13886999999977,0.9109200000000328,2,0.2,0.1
2,265,11466,11466,2025-08-27T13:10:21Z,1929.0,1929.7,1513.54632,-33.134579999999914,1.1540299999999206,2,0.2,0.1
2,266,11482,11482,2025-08-27T13:10:23Z,1931.0,1931.3,1512.93207,-33.74882999999977,0.42980000000011387,2,0.2,0.1
2,267,11490,11490,2025-08-27T13:10:24Z,1932.0,1932.125,1512.94305,-33.73784999999975,0.5848500000001877,2,0.2,0.1
2,268,11498,11498,2025-08-27T13:10:25Z,1933.0,1933.1,1512.91763,-33.76326999999992,0.4956199999999171,2,0.2,0.1
2,269,11504,11504,2025-08-27T13:10:25Z,1933.0,1933.7,1512.91054,-33.770359999999755,0.3307800000000043,2,0.2,0.1
2,270,11512,11512,2025-08-27T13:10:26Z,1934.0,1934.5555555555557,1512.90724,-33.773659999999836,0.2908500000000913,2,0.2,0.1
2,271,11527,11527,2025-08-27T13:10:28Z,1936.0,1936.2222222222222,1513.64718,-33.0337199999999,1.3087100000000191,2,0.2,0.1
2,272,11550,11550,2025-08-27T13:10:31Z,1939.0,1939.142857142857,1513.34337,-33.33752999999979,0.3631199999999808,2,0.2,0.1
2,273,11553,11553,2025-08-27T13:10:31Z,1939.0,1939.5714285714287,1513.60345,-33.07744999999977,0.6809000000000651,2,0.2,0.1
2,274,11565,11565,2025-08-27T13:10:33Z,1941.0,1941.2222222222222,1512.95002,-33.73087999999984,0.5138300000000982,2,0.2,0.1
2,275,11571,11571,2025-08-27T13:10:33Z,1941.0,1941.888888888889,1512.97411,-33.70678999999973,0.558100000000195,2,0.2,0.1
2,276,11574,11574,2025-08-27T13:10:34Z,1942.0,1942.2222222222222,1512.97411,-33.70678999999973,0.558100000000195,2,0.2,0.1
2,277,11582,11582,2025-08-27T13:10:35Z,1943.0,1943.111111111111,1512.58505,-34.09584999999993,0.1598199999998542,2,0.2,0.1
2,278,11595,11595,2025-08-27T13:10:36Z,1944.0,1944.5555555555557,1540.08363,-6.597269999999753,27.154899999999998,2,0.2,0.1
2,279,11604,11604,2025-08-27T13:10:37Z,1945.0,1945.625,1530.24212,-16.438779999999724,7.353380000000016,2,0.2,0.1
2,280,11619,11619,2025-08-27T13:10:39Z,1947.0,1947.4444444444443,1529.88439,-16.7965099999999,0.7995300000000043,2,0.2,0.1
2,281,11623,11623,2025-08-27T13:10:39Z,1947.0,1947.888888888889,1529.84511,-16.83578999999986,0.7602500000000418,2,0.2,0.1
2,282,11627,11627,2025-08-27T13:10:40Z,1948.0,1948.375,1529.90913,-16.771769999999833,1.6726300000000265,2,0.2,0.1
2,283,11636,11636,2025-08-27T13:10:41Z,1949.0,1949.4444444444443,1529.86505,-16.815849999999728,0.10498000000006869,2,0.2,0.1
2,284,11645,11645,2025-08-27T13:10:42Z,1950.0,1950.4,1539.75673,-6.924169999999776,19.09940000000006,2,0.2,0.1
2,285,11652,11652,2025-08-27T13:10:43Z,1951.0,1951.111111111111,1538.77639,-7.904509999999846,0.2875500000000102,2,0.2,0.1
2,286,11671,11671,2025-08-27T13:10:45Z,1953.0,1953.25,1515.1792,-31.5016999999998,0.6491399999999885,2,0.2,0.1
2,287,11679,11679,2025-08-27T13:10:46Z,1954.0,1954.2222222222222,1513.50491,-33.17598999999973,0.31041000000004715,2,0.2,0.1
2,288,11682,11682,2025-08-27T13:10:46Z,1954.0,1954.5555555555557,1513.95383,-32.72706999999991,1.0177300000000287,2,0.2,0.1
2,289,11691,11691,2025-08-27T13:10:47Z,1955.0,1955.5,1513.61856,-33.06233999999995,0.646429999999782,2,0.2,0.1
2,290,11708,11708,2025-08-27T13:10:49Z,1957.0,1957.4285714285713,1539.18663,-7.494269999999915,17.958200000000033,2,0.2,0.1
2,291,11718,11718,2025-08-27T13:10:50Z,1958.0,1958.6666666666667,1529.96376,-16.717139999999745,1.682470000000194,2,0.2,0.1
2,292,11730,11730,2025-08-27T13:10:51Z,1959.0,1959.9,1529.72767,-16.95322999999985,0.7234799999998813,2,0.2,0.1
2,293,11741,11741,2025-08-27T13:10:53Z,1961.0,1961.0,1530.69381,-15.987089999999853,8.153970000000072,2,0.2,0.1
2,294,11760,11760,2025-08-27T13:10:55Z,1963.0,1963.3,1539.94142,-6.73947999999973,26.395170000000007,2,0.2,0.1
2,295,11779,11779,2025-08-27T13:10:57Z,1965.0,1965.2,1515.75557,-30.925329999999803,0.24575000000004366,2,0.2,0.1
2,296,11787,11787,2025-08-27T13:10:57Z,1966.0,1966.0,1515.04588,-31.63501999999994,0.4877199999998538,2,0.2,0.1
2,297,11800,11800,2025-08-27T13:10:59Z,1967.0,1967.5714285714287,1514.5336,-32.14729999999986,0.6574399999999514,2,0.2,0.1
2,298,11818,11818,2025-08-27T13:11:01Z,1969.0,1969.5555555555557,1540.39144,-6.289459999999735,27.49222000000009,2,0.2,0.1
2,299,11827,11827,2025-08-27T13:11:02Z,1970.0,1970.5,1529.28058,-17.400319999999738,0.8377900000000409,2,0.2,0.1
2,300,11855,11855,2025-08-27T13:11:05Z,1973.0,1973.3,1530.77062,-15.91027999999983,7.081750000000056,2,0.2,0.1
2,301,11865,11865,2025-08-27T13:11:06Z,1974.0,1974.3,1530.74875,-15.932149999999865,0.10147000000006301,2,0.2,0.1
2,302,11875,11875,2025-08-27T13:11:07Z,1975.0,1975.3,1539.90301,-6.777889999999843,18.13211000000001,2,0.2,0.1
2,303,11913,11913,2025-08-27T13:11:11Z,1979.0,1979.1,1514.78014,-31.900759999999764,0.21301000000016757,2,0.2,0.1
2,304,11927,11927,2025-08-27T13:11:12Z,1980.0,1980.5,1514.57098,-32.109919999999875,0.5784899999998743,2,0.2,0.1
2,305,11930,11930,2025-08-27T13:11:12Z,1980.0,1980.8,1514.5519,-32.128999999999905,0.5594099999998434,2,0.2,0.1
2,306,11933,11933,2025-08-27T13:11:13Z,1981.0,1981.1,1514.51302,-32.16787999999974,0.5995199999999841,2,0.2,0.1
2,307,11946,11946,2025-08-27T13:11:14Z,1982.0,1982.4,1540.37639,-6.3045099999999366,26.80695999999989,2,0.2,0.1
2,308,11958,11958,2025-08-27T13:11:15Z,1983.0,1983.6,1529.70451,-16.97638999999981,0.7074999999999818,2,0.2,0.1
2,309,11981,11981,2025-08-27T13:11:17Z,1986.0,1986.0,1530.78073,-15.90016999999989,0.1250999999999749,2,0.2,0.1
2,310,11989,11989,2025-08-27T13:11:18Z,1986.0,1986.888888888889,1530.86065,-15.82024999999976,8.490620000000035,2,0.2,0.1
2,311,12003,12003,2025-08-27T13:11:20Z,1988.0,1988.5,1539.4929,-7.1879999999998745,17.960360000000037,2,0.2,0.1
2,312,12024,12024,2025-08-27T13:11:22Z,1990.0,1990.888888888889,1516.53189,-30.149009999999862,0.988839999999982,2,0.2,0.1
2,313,12037,12037,2025-08-27T13:11:24Z,1992.0,1992.375,1515.72531,-30.955589999999802,0.5223399999999856,2,0.2,0.1
2,314,12047,12047,2025-08-27T13:11:25Z,1993.0,1993.5555555555557,1514.78264,-31.898259999999937,0.21229999999991378,2,0.2,0.1
2,315,12064,12064,2025-08-27T13:11:27Z,1995.0,1995.5555555555557,1540.2146,-6.466299999999819,25.650920000000042,2,0.2,0.1
2,316,12073,12073,2025-08-27T13:11:28Z,1996.0,1996.5555555555557,1528.93193,-17.748969999999872,0.41802000000006956,2,0.2,0.1
2,317,12088,12088,2025-08-27T13:11:30Z,1998.0,1998.1,1530.67336,-16.007539999999835,0.7607599999998911,2,0.2,0.1
2,318,12097,12097,2025-08-27T13:11:30Z,1999.0,1999.0,1530.72492,-15.955979999999727,8.321010000000115,2,0.2,0.1
2,319,12110,12110,2025-08-27T13:11:32Z,2000.0,2000.4444444444443,1530.7061,-15.974799999999732,0.7753300000001673,2,0.2,0.1
2,320,12118,12118,2025-08-27T13:11:33Z,2001.0,2001.3333333333333,1539.92831,-6.752589999999827,18.75626000000011,2,0.2,0.1
2,321,12129,12129,2025-08-27T13:11:34Z,2002.0,2002.5,1538.60247,-8.078429999999798,0.22503000000006068,2,0.2,0.1
2,322,12157,12157,2025-08-27T13:11:37Z,2005.0,2005.3,1515.77114,-30.90975999999978,0.28097999999999956,2,0.2,0.1
2,323,12167,12167,2025-08-27T13:11:38Z,2006.0,2006.3,1514.7969,-31.883999999999787,0.23924000000010892,2,0.2,0.1
2,324,12179,12179,2025-08-27T13:11:39Z,2007.0,2007.5,1540.22968,-6.451219999999921,25.672019999999975,2,0.2,0.1
2,325,12189,12189,2025-08-27T13:11:40Z,2008.0,2008.5,1530.14576,-16.53513999999973,1.6607300000000578,2,0.2,0.1
2,326,12197,12197,2025-08-27T13:11:41Z,2009.0,2009.3,1530.36915,-16.311749999999847,0.47667999999998756,2,0.2,0.1
2,327,12214,12214,2025-08-27T13:11:43Z,2011.0,2011.1,1530.76402,-15.916879999999765,0.11181000000010499,2,0.2,0.1
2,328,12220,12220,2025-08-27T13:11:43Z,2011.0,2011.7,1530.8228,-15.858099999999922,7.33506999999986,2,0.2,0.1
2,329,12235,12235,2025-08-27T13:11:45Z,2013.0,2013.3,1540.00418,-6.676719999999932,19.29746,2,0.2,0.1
2,330,12248,12248,2025-08-27T13:11:46Z,2014.0,2014.6,1538.67514,-8.005759999999782,0.24177000000008775,2,0.2,0.1
2,331,12268,12268,2025-08-27T13:11:48Z,2016.0,2016.6,1516.06156,-30.619339999999738,0.2559200000000601,2,0.2,0.1
2,332,12270,12270,2025-08-27T13:11:48Z,2016.0,2016.8,1516.06156,-30.619339999999738,0.29373000000009597,2,0.2,0.1
2,333,12279,12279,2025-08-27T13:11:49Z,2017.0,2017.7,1515.72875,-30.952149999999847,0.17372000000000298,2,0.2,0.1
2,334,12307,12307,2025-08-27T13:11:52Z,2020.0,2020.5555555555557,1540.12665,-6.554249999999911,25.33549999999991,2,0.2,0.1
2,335,12318,12318,2025-08-27T13:11:53Z,2021.0,2021.7,1529.95501,-16.725889999999936,0.22725999999988744,2,0.2,0.1
2,336,12322,12322,2025-08-27T13:11:54Z,2022.0,2022.1,1529.95501,-16.725889999999936,0.10367999999994026,2,0.2,0.1
2,337,12334,12334,2025-08-27T13:11:55Z,2023.0,2023.3,1530.83415,-15.846749999999929,0.14337000000000444,2,0.2,0.1
2,338,12354,12354,2025-08-27T13:11:57Z,2025.0,2025.4,1531.05357,-15.627329999999802,7.488910000000033,2,0.2,0.1
2,339,12364,12364,2025-08-27T13:11:58Z,2026.0,2026.4,1539.86303,-6.817869999999857,18.47757999999999,2,0.2,0.1
2,340,12376,12376,2025-08-27T13:11:59Z,2027.0,2027.75,1538.64288,-8.038019999999733,0.13972000000012486,2,0.2,0.1
2,341,12413,12413,2025-08-27T13:12:04Z,2032.0,2032.111111111111,1515.50241,-31.178489999999783,0.2684900000001562,2,0.2,0.1
2,342,12424,12424,2025-08-27T13:12:05Z,2033.0,2033.3333333333333,1540.30545,-6.375449999999773,24.82926999999995,2,0.2,0.1
2,343,12458,12458,2025-08-27T13:12:09Z,2037.0,2037.625,1531.78834,-14.892559999999776,9.850059999999985,2,0.2,0.1
2,344,12473,12473,2025-08-27T13:12:11Z,2039.0,2039.375,1539.89365,-6.787249999999858,18.43130999999994,2,0.2,0.1
2,345,12486,12486,2025-08-27T13:12:12Z,2040.0,2040.8,1538.75437,-7.92652999999973,0.5506700000000819,2,0.2,0.1
2,346,12509,12509,2025-08-27T13:12:15Z,2043.0,2043.4,1516.67666,-30.004239999999754,0.6071200000001227,2,0.2,0.1
2,347,12513,12513,2025-08-27T13:12:15Z,2043.0,2043.8,1516.76124,-29.919659999999794,1.005679999999984,2,0.2,0.1
2,348,12527,12527,2025-08-27T13:12:17Z,2045.0,2045.3333333333333,1540.31782,-6.363079999999854,25.7672399999999,2,0.2,0.1
2,349,12566,12566,2025-08-27T13:12:21Z,2049.0,2049.3,1532.09453,-14.58636999999976,8.463020000000142,2,0.2,0.1
2,350,12587,12587,2025-08-27T13:12:23Z,2051.0,2051.4,1539.60425,-7.076649999999745,18.304080000000113,2,0.2,0.1
2,351,12607,12607,2025-08-27T13:12:25Z,2053.0,2053.6,1538.84324,-7.837659999999914,0.7130899999999656,2,0.2,0.1
2,352,12622,12622,2025-08-27T13:12:27Z,2055.0,2055.1111111111113,1516.77258,-29.908319999999776,0.6726900000001024,2,0.2,0.1
2,353,12630,12630,2025-08-27T13:12:27Z,2056.0,2056.0,1516.0676,-30.613299999999754,0.566970000000083,2,0.2,0.1
2,354,12655,12655,2025-08-27T13:12:30Z,2058.0,2058.5,1540.1086,-6.572299999999814,24.642250000000104,2,0.2,0.1
2,355,12679,12679,2025-08-27T13:12:32Z,2060.0,2060.9,1530.3006,-16.380299999999806,7.885999999999967,2,0.2,0.1
2,356,12682,12682,2025-08-27T13:12:33Z,2061.0,2061.2,1530.3006,-16.380299999999806,7.885999999999967,2,0.2,0.1
2,357,12699,12699,2025-08-27T13:12:34Z,2062.0,2062.9,1530.23078,-16.450119999999743,0.6060100000001967,2,0.2,0.1
2,358,12714,12714,2025-08-27T13:12:36Z,2064.0,2064.4,1539.80607,-6.874829999999747,20.33021000000008,2,0.2,0.1
2,359,12730,12730,2025-08-27T13:12:37Z,2066.0,2066.0,1538.72926,-7.95163999999977,0.4414000000001579,2,0.2,0.1
2,360,12774,12774,2025-08-27T13:12:42Z,2070.0,2070.4,1517.10477,-29.57612999999992,1.0694499999999607,2,0.2,0.1
2,361,12785,12785,2025-08-27T13:12:43Z,2071.0,2071.5,1515.75553,-30.92536999999993,0.25335999999992964,2,0.2,0.1
2,362,12804,12804,2025-08-27T13:12:45Z,2073.0,2073.4,1515.79152,-30.889379999999846,0.29070999999999003,2,0.2,0.1
2,363,12839,12839,2025-08-27T13:12:48Z,2076.0,2076.9,1514.57877,-32.10212999999976,0.5798100000001796,2,0.2,0.1
2,364,12847,12847,2025-08-27T13:12:49Z,2077.0,2077.7,1514.79475,-31.886149999999816,1.2596900000000915,2,0.2,0.1
2,365,12854,12854,2025-08-27T13:12:50Z,2078.0,2078.4444444444443,1514.52457,-32.1563299999998,0.5149400000000242,2,0.2,0.1
2,366,12861,12861,2025-08-27T13:12:51Z,2079.0,2079.2,1514.0158,-32.66509999999994,0.4601599999998598,2,0.2,0.1
2,367,12871,12871,2025-08-27T13:12:52Z,2080.0,2080.2,1514.01421,-32.66668999999979,0.4810400000001209,2,0.2,0.1
2,368,12882,12882,2025-08-27T13:12:53Z,2081.0,2081.375,1514.79384,-31.887059999999792,0.8339300000000094,2,0.2,0.1
2,369,12885,12885,2025-08-27T13:12:53Z,2081.0,2081.75,1514.82861,-31.85228999999981,1.312159999999949,2,0.2,0.1
2,370,12922,12922,2025-08-27T13:12:58Z,2086.0,2086.25,1513.91563,-32.76526999999987,0.43295999999986634,2,0.2,0.1
2,371,12947,12947,2025-08-27T13:13:01Z,2089.0,2089.125,1513.98318,-32.69771999999989,0.7497499999999491,2,0.2,0.1
2,372,12956,12956,2025-08-27T13:13:02Z,2090.0,2090.25,1513.89429,-32.78660999999988,0.38716999999996915,2,0.2,0.1
2,373,12975,12975,2025-08-27T13:13:04Z,2092.0,2092.4444444444443,1514.16682,-32.51407999999992,0.9512099999999464,2,0.2,0.1
2,374,12985,12985,2025-08-27T13:13:05Z,2093.0,2093.5,1513.50345,-33.17744999999991,0.2974899999999252,2,0.2,0.1
2,375,12987,12987,2025-08-27T13:13:05Z,2093.0,2093.7,1513.50345,-33.17744999999991,0.2974899999999252,2,0.2,0.1
2,376,12999,12999,2025-08-27T13:13:07Z,2095.0,2095.1111111111113,1513.92119,-32.759709999999814,0.9598200000000361,2,0.2,0.1
2,377,13022,13022,2025-08-27T13:13:09Z,2097.0,2097.5,1513.57859,-33.10230999999976,0.6534800000001724,2,0.2,0.1
2,378,13031,13031,2025-08-27T13:13:10Z,2098.0,2098.4,1513.19216,-33.48873999999978,0.22995000000014443,2,0.2,0.1
2,379,13038,13038,2025-08-27T13:13:11Z,2099.0,2099.1,1513.55061,-33.13028999999983,0.5884000000000924,2,0.2,0.1
2,380,13049,13049,2025-08-27T13:13:12Z,2100.0,2100.2,1513.53329,-33.14760999999976,0.6077700000000732,2,0.2,0.1
2,381,13059,13059,2025-08-27T13:13:13Z,2101.0,2101.2,1513.58481,-33.096089999999776,0.6500900000000911,2,0.2,0.1
2,382,13082,13082,2025-08-27T13:13:15Z,2103.0,2103.5,1513.99794,-32.682959999999866,1.0797499999998763,2,0.2,0.1
2,383,13087,13087,2025-08-27T13:13:15Z,2104.0,2104.0,1513.56153,-33.11936999999989,0.3831399999999121,2,0.2,0.1
2,384,13094,13094,2025-08-27T13:13:16Z,2104.0,2104.7,1513.80006,-32.88083999999981,0.8549900000000434,2,0.2,0.1
2,385,13104,13104,2025-08-27T13:13:17Z,2105.0,2105.7,1513.75058,-32.93031999999994,0.8414899999997942,2,0.2,0.1
2,386,13132,13132,2025-08-27T13:13:20Z,2108.0,2108.5,1540.63388,-6.047019999999748,18.135510000000068,2,0.2,0.1
2,387,13146,13146,2025-08-27T13:13:21Z,2109.0,2109.9,1544.23244,-2.448459999999841,29.699049999999943,2,0.2,0.1
2,388,13157,13157,2025-08-27T13:13:22Z,2111.0,2111.0,1534.15624,-12.524659999999812,0.4431400000000849,2,0.2,0.1
2,389,13174,13174,2025-08-27T13:13:24Z,2112.0,2112.7,1537.7104,-8.970499999999902,0.16708999999991647,2,0.2,0.1
2,390,13181,13181,2025-08-27T13:13:25Z,2113.0,2113.4,1540.80344,-5.877459999999928,9.145829999999933,2,0.2,0.1
2,391,13191,13191,2025-08-27T13:13:26Z,2114.0,2114.4,1539.87489,-6.806009999999787,18.995570000000043,2,0.2,0.1
2,392,13209,13209,2025-08-27T13:13:28Z,2116.0,2116.2,1538.85721,-7.823689999999942,0.6784399999999096,2,0.2,0.1
2,393,13232,13232,2025-08-27T13:13:30Z,2118.0,2118.5,1515.51847,-31.16242999999986,0.6272200000000794,2,0.2,0.1
2,394,13240,13240,2025-08-27T13:13:31Z,2119.0,2119.3,1515.22232,-31.458579999999756,0.40701000000012755,2,0.2,0.1
2,395,13243,13243,2025-08-27T13:13:31Z,2119.0,2119.6,1515.01744,-31.66345999999976,0.4665099999999711,2,0.2,0.1
2,396,13263,13263,2025-08-27T13:13:33Z,2121.0,2121.6,1540.02492,-6.655979999999772,17.560540000000174,2,0.2,0.1
2,397,13275,13275,2025-08-27T13:13:34Z,2122.0,2122.8,1541.95469,-4.72620999999981,11.936280000000124,2,0.2,0.1
2,398,13298,13298,2025-08-27T13:13:37Z,2125.0,2125.222222222222,1538.99962,-7.681279999999788,0.4123100000001614,2,0.2,0.1
2,399,13308,13308,2025-08-27T13:13:38Z,2126.0,2126.3,1543.34478,-3.336119999999937,28.80529999999999,2,0.2,0.1
2,400,13318,13318,2025-08-27T13:13:39Z,2127.0,2127.3333333333335,1539.94188,-6.739019999999755,19.741160000000036,2,0.2,0.1
2,401,13336,13336,2025-08-27T13:13:41Z,2129.0,2129.5,1538.85176,-7.829139999999825,21.12752999999998,2,0.2,0.1
2,402,13365,13365,2025-08-27T13:13:45Z,2133.0,2133.1111111111113,1514.78765,-31.893249999999853,0.2371499999999287,2,0.2,0.1
2,403,13378,13378,2025-08-27T13:13:46Z,2134.0,2134.5555555555557,1540.01955,-6.661349999999857,18.70123999999987,2,0.2,0.1
2,404,13387,13387,2025-08-27T13:13:47Z,2135.0,2135.625,1529.81097,-16.86992999999984,0.5218600000000606,2,0.2,0.1
2,405,13405,13405,2025-08-27T13:13:49Z,2137.0,2137.75,1537.35534,-9.325559999999768,1.7979700000000776,2,0.2,0.1
2,406,13415,13415,2025-08-27T13:13:50Z,2139.0,2139.0,1545.20163,-1.479269999999815,29.691170000000056,2,0.2,0.1
2,407,13427,13427,2025-08-27T13:13:52Z,2140.0,2140.4444444444443,1539.74521,-6.935689999999795,20.291550000000143,2,0.2,0.1
2,408,13450,13450,2025-08-27T13:13:54Z,2142.0,2142.9,1538.86381,-7.81708999999978,21.21591000000012,2,0.2,0.1
2,409,13492,13492,2025-08-27T13:13:59Z,2147.0,2147.5,1539.73712,-6.943779999999833,18.989559999999983,2,0.2,0.1
2,410,13504,13504,2025-08-27T13:14:00Z,2148.0,2148.7,1533.1249,-13.555999999999813,0.6676899999999932,2,0.2,0.1
2,411,13525,13525,2025-08-27T13:14:02Z,2151.0,2151.0,1545.00475,-1.6761499999997795,1.426740000000109,2,0.2,0.1
2,412,13534,13534,2025-08-27T13:14:03Z,2151.0,2151.9,1545.03229,-1.648609999999735,27.85200000000009,2,0.2,0.1
2,413,13536,13536,2025-08-27T13:14:04Z,2152.0,2152.1,1544.64419,-2.0367099999998572,0.302560000000085,2,0.2,0.1
2,414,13550,13550,2025-08-27T13:14:05Z,2153.0,2153.5,1539.68568,-6.99521999999979,19.7808,2,0.2,0.1
2,415,13564,13564,2025-08-27T13:14:06Z,2154.0,2154.9,1538.19313,-8.487769999999728,0.1802500000001146,2,0.2,0.1
2,416,13578,13578,2025-08-27T13:14:08Z,2156.0,2156.3,1538.86446,-7.8164399999998295,0.20539000000007945,2,0.2,0.1
2,417,13621,13621,2025-08-27T13:14:12Z,2160.0,2160.6,1540.03714,-6.643759999999929,17.968369999999823,2,0.2,0.1
2,418,13633,13633,2025-08-27T13:14:13Z,2161.0,2161.8,1532.4748,-14.206099999999878,0.6166399999999612,2,0.2,0.1
2,419,13648,13648,2025-08-27T13:14:15Z,2163.0,2163.3333333333335,1545.77429,-0.9066099999997732,34.42628000000013,2,0.2,0.1
2,420,13655,13655,2025-08-27T13:14:16Z,2164.0,2164.1,1544.37968,-2.30121999999983,0.7954999999999472,2,0.2,0.1
2,421,13660,13660,2025-08-27T13:14:16Z,2164.0,2164.6,1543.94176,-2.7391399999999066,0.3596599999998489,2,0.2,0.1
2,422,13678,13678,2025-08-27T13:14:18Z,2166.0,2166.4,1539.59855,-7.082349999999906,20.147289999999884,2,0.2,0.1
2,423,13693,13693,2025-08-27T13:14:19Z,2167.0,2167.9,1538.21768,-8.463219999999865,0.15901000000008025,2,0.2,0.1
2,424,13709,13709,2025-08-27T13:14:21Z,2169.0,2169.5,1538.86242,-7.818479999999909,0.2776400000000194,2,0.2,0.1
2,425,13749,13749,2025-08-27T13:14:25Z,2173.0,2173.5,1539.96142,-6.7194799999997485,19.941780000000108,2,0.2,0.1
2,426,13761,13761,2025-08-27T13:14:26Z,2174.0,2174.7,1541.98005,-4.700849999999946,24.282690000000002,2,0.2,0.1
2,427,13771,13771,2025-08-27T13:14:27Z,2175.0,2175.777777777778,1537.50252,-9.178379999999834,2.228710000000092,2,0.2,0.1
2,428,13790,13790,2025-08-27T13:14:29Z,2177.0,2177.8,1539.20513,-7.475769999999784,7.026650000000018,2,0.2,0.1
2,429,13803,13803,2025-08-27T13:14:31Z,2179.0,2179.4285714285716,1539.26547,-7.4154299999997875,19.670380000000023,2,0.2,0.1
2,430,13816,13816,2025-08-27T13:14:33Z,2181.0,2181.1111111111113,1538.26804,-8.41285999999991,0.24529999999981555,2,0.2,0.1
2,431,13832,13832,2025-08-27T13:14:34Z,2182.0,2182.8,1538.87185,-7.809049999999843,0.18388000000004467,2,0.2,0.1
2,432,13866,13866,2025-08-27T13:14:38Z,2186.0,2186.5555555555557,1540.13233,-6.548569999999927,19.123569999999972,2,0.2,0.1
2,433,13902,13902,2025-08-27T13:14:42Z,2190.0,2190.5555555555557,1544.10285,-2.5780499999998483,0.3534500000000662,2,0.2,0.1
2,434,13906,13906,2025-08-27T13:14:42Z,2191.0,2191.0,1544.20576,-2.475139999999783,26.552580000000034,2,0.2,0.1
2,435,13921,13921,2025-08-27T13:14:44Z,2192.0,2192.5,1539.72982,-6.95107999999982,19.95225000000005,2,0.2,0.1
2,436,13939,13939,2025-08-27T13:14:46Z,2194.0,2194.3333333333335,1538.40295,-8.277949999999919,0.46772999999984677,2,0.2,0.1
2,437,13957,13957,2025-08-27T13:14:48Z,2196.0,2196.2,1538.87359,-7.807309999999916,0.13285999999993692,2,0.2,0.1
2,438,13988,13988,2025-08-27T13:14:51Z,2199.0,2199.3,1540.11976,-6.561139999999796,22.2341100000001,2,0.2,0.1
2,439,14001,14001,2025-08-27T13:14:52Z,2200.0,2200.6666666666665,1532.66722,-14.013679999999795,0.7854099999999562,2,0.2,0.1
2,440,14036,14036,2025-08-27T13:14:56Z,2204.0,2204.3,1539.56783,-7.11306999999988,18.335109999999986,2,0.2,0.1
2,441,14047,14047,2025-08-27T13:14:57Z,2205.0,2205.4,1539.76705,-6.913849999999911,19.864289999999983,2,0.2,0.1
2,442,14066,14066,2025-08-27T13:14:59Z,2207.0,2207.3,1538.38591,-8.29498999999987,0.4490499999999429,2,0.2,0.1
2,443,14086,14086,2025-08-27T13:15:01Z,2209.0,2209.3,1538.87487,-7.806029999999737,0.1360500000000684,2,0.2,0.1
2,444,14118,14118,2025-08-27T13:15:04Z,2212.0,2212.5,1540.07316,-6.607739999999922,19.732919999999922,2,0.2,0.1
2,445,14141,14141,2025-08-27T13:15:06Z,2214.0,2214.8,1543.5537,-3.1271999999999025,0.3554899999999179,2,0.2,0.1
2,446,14153,14153,2025-08-27T13:15:07Z,2216.0,2216.0,1543.77554,-2.905359999999746,26.076930000000175,2,0.2,0.1
2,447,14178,14178,2025-08-27T13:15:10Z,2218.0,2218.5,1539.61818,-7.062719999999899,19.60078999999996,2,0.2,0.1
2,448,14200,14200,2025-08-27T13:15:12Z,2220.0,2220.7,1538.4588,-8.222099999999728,0.5289700000000721,2,0.2,0.1
2,449,14221,14221,2025-08-27T13:15:14Z,2222.0,2222.8,1538.87956,-7.801339999999755,0.10209000000008928,2,0.2,0.1
2,450,14248,14248,2025-08-27T13:15:17Z,2225.0,2225.5,1539.52707,-7.1538299999997434,19.58048000000008,2,0.2,0.1
2,451,14260,14260,2025-08-27T13:15:18Z,2226.0,2226.777777777778,1533.37259,-13.308309999999892,0.9495699999999943,2,0.2,0.1
2,452,14279,14279,2025-08-27T13:15:20Z,2228.0,2228.7,1544.41228,-2.268619999999828,27.344980000000078,2,0.2,0.1
2,453,14297,14297,2025-08-27T13:15:22Z,2230.0,2230.875,1518.5012,-28.17969999999991,0.6565599999998994,2,0.2,0.1
2,454,14302,14302,2025-08-27T13:15:23Z,2231.0,2231.5,1522.15548,-24.52541999999994,5.4299449999998615,2,0.2,0.1
2,455,14309,14309,2025-08-27T13:15:24Z,2232.0,2232.375,1516.57126,-30.1096399999999,0.40251999999986765,2,0.2,0.1
2,456,14338,14338,2025-08-27T13:15:27Z,2235.0,2235.6666666666665,1514.77716,-31.903739999999743,0.2948700000001736,2,0.2,0.1
2,457,14354,14354,2025-08-27T13:15:29Z,2237.0,2237.4,1514.03651,-32.64438999999993,0.5146899999999732,2,0.2,0.1
2,458,14356,14356,2025-08-27T13:15:29Z,2237.0,2237.6,1514.03651,-32.64438999999993,0.5146899999999732,2,0.2,0.1
2,459,14378,14378,2025-08-27T13:15:31Z,2240.0,2240.0,1513.55734,-33.12355999999977,0.12954000000013366,2,0.2,0.1
2,460,14387,14387,2025-08-27T13:15:32Z,2241.0,2241.0,1513.56194,-33.11895999999979,0.6200400000000172,2,0.2,0.1
2,461,14396,14396,2025-08-27T13:15:33Z,2242.0,2242.0,1513.63192,-33.0489799999998,0.7059400000000551,2,0.2,0.1
2,462,14406,14406,2025-08-27T13:15:34Z,2243.0,2243.0,1512.91335,-33.7675499999998,0.10516000000006898,2,0.2,0.1
2,463,14413,14413,2025-08-27T13:15:35Z,2243.0,2243.777777777778,1512.88259,-33.7983099999999,0.13553999999999178,2,0.2,0.1
2,464,14429,14429,2025-08-27T13:15:37Z,2245.0,2245.4444444444443,1512.43058,-34.250319999999874,0.4816799999998693,2,0.2,0.1
2,465,14443,14443,2025-08-27T13:15:38Z,2246.0,2246.9,1512.38909,-34.29180999999994,0.5112599999999929,2,0.2,0.1
2,466,14451,14451,2025-08-27T13:15:39Z,2247.0,2247.7,1512.44604,-34.2348599999998,0.5916700000000219,2,0.2,0.1
2,467,14466,14466,2025-08-27T13:15:41Z,2249.0,2249.222222222222,1512.86851,-33.81238999999982,1.2218900000000303,2,0.2,0.1
2,468,14475,14475,2025-08-27T13:15:42Z,2250.0,2250.2,1511.97155,-34.70934999999986,0.2409099999999853,2,0.2,0.1
2,469,14486,14486,2025-08-27T13:15:43Z,2251.0,2251.3,1511.8632,-34.81769999999983,0.2118199999999888,2,0.2,0.1
2,470,14488,14488,2025-08-27T13:15:43Z,2251.0,2251.5,1511.8632,-34.81769999999983,0.2118199999999888,2,0.2,0.1
2,471,14496,14496,2025-08-27T13:15:44Z,2252.0,2252.3333333333335,1511.90116,-34.77973999999995,0.28072999999994863,2,0.2,0.1
2,472,14517,14517,2025-08-27T13:15:46Z,2254.0,2254.5,1511.8811,-34.79979999999978,0.2820000000001528,2,0.2,0.1
2,473,14528,14528,2025-08-27T13:15:47Z,2255.0,2255.6,1511.84909,-34.831809999999905,0.38408000000003995,2,0.2,0.1
2,474,14560,14560,2025-08-27T13:15:50Z,2258.0,2258.8,1511.86661,-34.8142899999998,0.24203000000011343,2,0.2,0.1
2,475,14570,14570,2025-08-27T13:15:51Z,2259.0,2259.8,1511.89837,-34.782529999999724,0.43884000000002743,2,0.2,0.1
2,476,14587,14587,2025-08-27T13:15:53Z,2261.0,2261.5,1511.64954,-35.03135999999995,0.1949299999998857,2,0.2,0.1
2,477,14599,14599,2025-08-27T13:15:54Z,2262.0,2262.7,1511.61273,-35.06816999999978,0.1470400000000609,2,0.2,0.1
2,478,14606,14606,2025-08-27T13:15:55Z,2263.0,2263.4,1511.62988,-35.05101999999988,0.3211300000000392,2,0.2,0.1
2,479,14609,14609,2025-08-27T13:15:55Z,2263.0,2263.7,1511.62988,-35.05101999999988,0.3211300000000392,2,0.2,0.1
2,480,14625,14625,2025-08-27T13:15:57Z,2265.0,2265.3,1511.65868,-35.022219999999834,0.40640000000007603,2,0.2,0.1
2,481,14651,14651,2025-08-27T13:15:59Z,2268.0,2268.0,1511.63437,-35.04652999999985,0.5759700000000976,2,0.2,0.1
2,482,14664,14664,2025-08-27T13:16:01Z,2269.0,2269.3,1511.63195,-35.04894999999988,0.1894600000000537,2,0.2,0.1
2,483,14681,14681,2025-08-27T13:16:02Z,2271.0,2271.0,1511.6547,-35.02619999999979,0.6966999999999643,2,0.2,0.1
2,484,14685,14685,2025-08-27T13:16:03Z,2271.0,2271.5,1511.64498,-35.035919999999805,0.21037999999998647,2,0.2,0.1
2,485,14699,14699,2025-08-27T13:16:05Z,2273.0,2273.222222222222,1511.6315,-35.04939999999988,0.16817999999989297,2,0.2,0.1
2,486,14708,14708,2025-08-27T13:16:06Z,2274.0,2274.222222222222,1511.65068,-35.03021999999987,0.2777699999999186,2,0.2,0.1
2,487,14716,14716,2025-08-27T13:16:07Z,2275.0,2275.125,1511.61825,-35.06264999999985,0.3997300000000905,2,0.2,0.1
2,488,14728,14728,2025-08-27T13:16:08Z,2276.0,2276.5555555555557,1511.61596,-35.06493999999975,0.40784000000007836,2,0.2,0.1
2,489,14736,14736,2025-08-27T13:16:09Z,2277.0,2277.5,1511.63511,-35.0457899999999,1.051969999999983,2,0.2,0.1
2,490,14747,14747,2025-08-27T13:16:10Z,2278.0,2278.777777777778,1511.05105,-35.629849999999806,0.10652000000004591,2,0.2,0.1
2,491,14754,14754,2025-08-27T13:16:11Z,2279.0,2279.625,1511.62636,-35.05453999999986,0.6478400000000875,2,0.2,0.1
2,492,14769,14769,2025-08-27T13:16:13Z,2281.0,2281.25,1511.65096,-35.0299399999999,1.175899999999956,2,0.2,0.1
2,493,14788,14788,2025-08-27T13:16:15Z,2283.0,2283.5,1511.62188,-35.05901999999992,0.3667599999998856,2,0.2,0.1
2,494,14791,14791,2025-08-27T13:16:15Z,2283.0,2283.875,1511.62188,-35.05901999999992,0.3667599999998856,2,0.2,0.1
2,495,14794,14794,2025-08-27T13:16:16Z,2284.0,2284.222222222222,1511.63005,-35.050849999999855,0.4061500000000251,2,0.2,0.1
2,496,14798,14798,2025-08-27T13:16:16Z,2284.0,2284.6666666666665,1511.42027,-35.260629999999765,0.18873000000007778,2,0.2,0.1
2,497,14800,14800,2025-08-27T13:16:16Z,2284.0,2284.8888888888887,1511.42027,-35.260629999999765,0.18873000000007778,2,0.2,0.1
2,498,14806,14806,2025-08-27T13:16:17Z,2285.0,2285.5555555555557,1511.64577,-35.035129999999754,0.4024100000001454,2,0.2,0.1
2,499,14813,14813,2025-08-27T13:16:18Z,2286.0,2286.3,1511.64716,-35.03373999999985,1.0701699999999619,2,0.2,0.1
2,500,14829,14829,2025-08-27T13:16:19Z,2288.0,2288.0,1511.63564,-35.04525999999987,0.6654399999999896,2,0.2,0.1
2,501,14831,14831,2025-08-27T13:16:20Z,2288.0,2288.2,1511.63564,-35.04525999999987,0.6654399999999896,2,0.2,0.1
2,502,14841,14841,2025-08-27T13:16:21Z,2289.0,2289.2,1511.61722,-35.06367999999975,1.2529400000000805,2,0.2,0.1
2,503,14848,14848,2025-08-27T13:16:21Z,2289.0,2289.9,1511.61411,-35.066789999999855,1.1614199999999073,2,0.2,0.1
2,504,14852,14852,2025-08-27T13:16:22Z,2290.0,2290.3,1511.24798,-35.43291999999974,0.2716100000000097,2,0.2,0.1
2,505,14860,14860,2025-08-27T13:16:23Z,2291.0,2291.1111111111113,1511.05817,-35.62272999999982,0.535530000000108,2,0.2,0.1
2,506,14864,14864,2025-08-27T13:16:23Z,2291.0,2291.5555555555557,1511.64924,-35.031659999999874,1.3036600000000362,2,0.2,0.1
2,507,14882,14882,2025-08-27T13:16:25Z,2293.0,2293.5,1511.64144,-35.039459999999735,0.3998100000001159,2,0.2,0.1
2,508,14885,14885,2025-08-27T13:16:25Z,2293.0,2293.8,1511.45871,-35.22218999999973,0.20317000000000007,2,0.2,0.1
2,509,14892,14892,2025-08-27T13:16:26Z,2294.0,2294.5,1511.61438,-35.066519999999855,0.3780699999999797,2,0.2,0.1
2,510,14898,14898,2025-08-27T13:16:27Z,2295.0,2295.1,1511.5947,-35.086199999999735,0.5320900000001529,2,0.2,0.1
2,511,14905,14905,2025-08-27T13:16:27Z,2295.0,2295.8,1510.96697,-35.71392999999989,0.40525000000002365,2,0.2,0.1
2,512,14908,14908,2025-08-27T13:16:28Z,2296.0,2296.1,1511.22768,-35.453219999999874,0.665960000000041,2,0.2,0.1
2,513,14912,14912,2025-08-27T13:16:28Z,2296.0,2296.5,1511.23655,-35.44434999999976,0.729530000000068,2,0.2,0.1
2,514,14914,14914,2025-08-27T13:16:28Z,2296.0,2296.7,1511.23655,-35.44434999999976,0.729530000000068,2,0.2,0.1
2,515,14925,14925,2025-08-27T13:16:29Z,2297.0,2297.8,1511.2328,-35.44809999999984,0.7933700000000954,2,0.2,0.1
2,516,14929,14929,2025-08-27T13:16:30Z,2298.0,2298.2,1511.22515,-35.45574999999985,0.16516999999998916,2,0.2,0.1
2,517,14932,14932,2025-08-27T13:16:30Z,2298.0,2298.5,1511.60724,-35.07365999999979,0.382090000000062,2,0.2,0.1
2,518,14934,14934,2025-08-27T13:16:30Z,2298.0,2298.7,1511.65196,-35.02893999999992,1.293619999999919,2,0.2,0.1
2,519,14944,14944,2025-08-27T13:16:31Z,2299.0,2299.7,1511.61901,-35.06188999999995,1.105529999999817,2,0.2,0.1
2,520,14951,14951,2025-08-27T13:16:32Z,2300.0,2300.4,1511.63303,-35.047869999999875,1.2106400000000122,2,0.2,0.1
2,521,14955,14955,2025-08-27T13:16:32Z,2300.0,2300.8,1511.62568,-35.055219999999736,0.3643200000001343,2,0.2,0.1
2,522,14958,14958,2025-08-27T13:16:33Z,2301.0,2301.1,1511.62568,-35.055219999999736,0.3643200000001343,2,0.2,0.1
2,523,14969,14969,2025-08-27T13:16:34Z,2302.0,2302.2,1511.62285,-35.05804999999987,1.264449999999897,2,0.2,0.1
2,524,14977,14977,2025-08-27T13:16:34Z,2303.0,2303.0,1511.58484,-35.09605999999985,0.35035999999990963,2,0.2,0.1
2,525,14988,14988,2025-08-27T13:16:36Z,2304.0,2304.1,1511.61226,-35.06863999999973,0.37798000000020693,2,0.2,0.1
2,526,14991,14991,2025-08-27T13:16:36Z,2304.0,2304.4,1511.61226,-35.06863999999973,0.3857300000001942,2,0.2,0.1
2,527,14995,14995,2025-08-27T13:16:36Z,2304.0,2304.8,1511.61074,-35.07015999999976,0.3842100000001665,2,0.2,0.1
2,528,14997,14997,2025-08-27T13:16:36Z,2305.0,2305.0,1511.61074,-35.07015999999976,0.3842100000001665,2,0.2,0.1
2,529,15008,15008,2025-08-27T13:16:38Z,2306.0,2306.1,1511.04051,-35.6403899999998,0.6619399999999587,2,0.2,0.1
2,530,15011,15011,2025-08-27T13:16:38Z,2306.0,2306.4,1511.04051,-35.6403899999998,0.6619399999999587,2,0.2,0.1
2,531,15016,15016,2025-08-27T13:16:38Z,2306.0,2306.9,1511.24511,-35.43578999999977,0.8161400000001322,2,0.2,0.1
2,532,15024,15024,2025-08-27T13:16:39Z,2307.0,2307.7,1511.56749,-35.11340999999993,1.152509999999893,2,0.2,0.1
2,533,15026,15026,2025-08-27T13:16:39Z,2307.0,2307.9,1511.238,-35.44289999999978,0.27751000000012027,2,0.2,0.1
2,534,15034,15034,2025-08-27T13:16:40Z,2308.0,2308.7,1511.46215,-35.21874999999977,0.17979000000013912,2,0.2,0.1
2,535,15037,15037,2025-08-27T13:16:40Z,2309.0,2309.0,1511.62322,-35.05767999999989,1.0648400000000038,2,0.2,0.1
2,536,15048,15048,2025-08-27T13:16:42Z,2310.0,2310.1,1511.62943,-35.05146999999988,0.41729499999996733,2,0.2,0.1
2,537,15064,15064,2025-08-27T13:16:43Z,2311.0,2311.7,1511.652,-35.028899999999794,1.3050000000000637,2,0.2,0.1
2,538,15070,15070,2025-08-27T13:16:44Z,2312.0,2312.3,1511.22369,-35.457209999999804,0.2592500000000655,2,0.2,0.1
2,539,15080,15080,2025-08-27T13:16:45Z,2313.0,2313.3,1511.62703,-35.05386999999973,0.664120000000139,2,0.2,0.1
2,540,15093,15093,2025-08-27T13:16:46Z,2314.0,2314.6,1511.60089,-35.0800099999999,1.0445499999998447,2,0.2,0.1
2,541,15100,15100,2025-08-27T13:16:47Z,2315.0,2315.3,1510.93858,-35.742319999999836,0.37251999999989494,2,0.2,0.1
2,542,15113,15113,2025-08-27T13:16:48Z,2316.0,2316.6,1511.59641,-35.08448999999973,0.34554000000002816,2,0.2,0.1
2,543,15121,15121,2025-08-27T13:16:49Z,2317.0,2317.4,1511.63122,-35.04967999999985,0.6764599999999064,2,0.2,0.1
2,544,15125,15125,2025-08-27T13:16:49Z,2317.0,2317.8,1511.65241,-35.02848999999992,1.321999999999889,2,0.2,0.1
2,545,15132,15132,2025-08-27T13:16:50Z,2318.0,2318.5,1511.60861,-35.07228999999984,1.0875599999999395,2,0.2,0.1
2,546,15137,15137,2025-08-27T13:16:50Z,2319.0,2319.0,1511.45025,-35.23064999999974,0.20264000000020133,2,0.2,0.1
2,547,15150,15150,2025-08-27T13:16:52Z,2320.0,2320.3,1511.62736,-35.053539999999884,1.1944300000000112,2,0.2,0.1
2,548,15153,15153,2025-08-27T13:16:52Z,2320.0,2320.6,1511.58627,-35.094629999999825,0.510524999999916,2,0.2,0.1
2,549,15157,15157,2025-08-27T13:16:52Z,2321.0,2321.0,1511.59889,-35.082009999999855,0.4227899999998499,2,0.2,0.1
2,550,15159,15159,2025-08-27T13:16:53Z,2321.0,2321.2,1511.61151,-35.069389999999885,0.6431199999999535,2,0.2,0.1
2,551,15161,15161,2025-08-27T13:16:53Z,2321.0,2321.4,1511.28022,-35.40067999999974,0.32639000000017404,2,0.2,0.1
2,552,15172,15172,2025-08-27T13:16:54Z,2322.0,2322.5,1511.27408,-35.406819999999925,0.6356599999999162,2,0.2,0.1
2,553,15176,15176,2025-08-27T13:16:54Z,2322.0,2322.9,1511.40373,-35.27716999999984,0.8423649999999725,2,0.2,0.1
2,554,15191,15191,2025-08-27T13:16:56Z,2324.0,2324.75,1525.839985,-20.840914999999768,13.42445500000008,2,0.2,0.1
2,555,15200,15200,2025-08-27T13:16:57Z,2325.0,2325.875,1524.509855,-22.171044999999822,5.404290000000174,2,0.2,0.1
2,556,15210,15210,2025-08-27T13:16:59Z,2327.0,2327.125,1523.47917,-23.20172999999977,2.156310000000076,2,0.2,0.1
2,557,15221,15221,2025-08-27T13:17:00Z,2328.0,2328.5,1518.93529,-27.745609999999942,0.2741199999998116,2,0.2,0.1
2,558,15238,15238,2025-08-27T13:17:02Z,2330.0,2330.5714285714284,1523.87942,-22.801479999999856,5.791539999999941,2,0.2,0.1
2,559,15254,15254,2025-08-27T13:17:04Z,2332.0,2332.5555555555557,1514.5533,-32.1275999999998,0.10826999999994769,2,0.2,0.1
2,560,15282,15282,2025-08-27T13:17:07Z,2335.0,2335.7,1512.93225,-33.74864999999977,0.4102100000000064,2,0.2,0.1
2,561,15296,15296,2025-08-27T13:17:09Z,2337.0,2337.4,1525.738,-20.94289999999978,12.81239000000005,2,0.2,0.1
2,562,15309,15309,2025-08-27T13:17:10Z,2338.0,2338.777777777778,1524.38496,-22.295939999999746,5.257050000000163,2,0.2,0.1
2,563,15316,15316,2025-08-27T13:17:11Z,2339.0,2339.625,1522.85576,-23.82513999999992,0.39950999999996384,2,0.2,0.1
2,564,15334,15334,2025-08-27T13:17:13Z,2341.0,2341.875,1518.58326,-28.09763999999973,0.8861800000001949,2,0.2,0.1
2,565,15338,15338,2025-08-27T13:17:14Z,2342.0,2342.375,1517.53652,-29.144379999999728,0.11265000000003056,2,0.2,0.1
2,566,15348,15348,2025-08-27T13:17:15Z,2343.0,2343.5555555555557,1524.14696,-22.533939999999802,6.848390000000109,2,0.2,0.1
2,567,15356,15356,2025-08-27T13:17:16Z,2344.0,2344.4444444444443,1517.76547,-28.915429999999787,0.12833000000000538,2,0.2,0.1
2,568,15365,15365,2025-08-27T13:17:17Z,2345.0,2345.5,1515.73319,-30.947709999999915,0.16995999999994638,2,0.2,0.1
2,569,15375,15375,2025-08-27T13:17:18Z,2346.0,2346.75,1514.4535,-32.22739999999976,0.31696000000010827,2,0.2,0.1
2,570,15419,15419,2025-08-27T13:17:23Z,2351.0,2351.4,1524.15512,-22.52577999999994,6.667199999999866,2,0.2,0.1
2,571,15433,15433,2025-08-27T13:17:24Z,2352.0,2352.8,1526.80775,-19.873149999999896,13.28785999999991,2,0.2,0.1
2,572,15442,15442,2025-08-27T13:17:25Z,2353.0,2353.7,1522.2031900000002,-24.47770999999966,1.5227650000001631,2,0.2,0.1
2,573,15455,15455,2025-08-27T13:17:26Z,2355.0,2355.0,1517.12275,-29.55814999999984,0.1614600000000337,2,0.2,0.1
2,574,15458,15458,2025-08-27T13:17:27Z,2355.0,2355.3,1517.14419,-29.536709999999857,0.36580000000003565,2,0.2,0.1
2,575,15464,15464,2025-08-27T13:17:27Z,2355.0,2355.9,1516.871715,-29.809184999999843,0.5460450000000492,2,0.2,0.1
2,576,15474,15474,2025-08-27T13:17:28Z,2356.0,2356.9,1518.93814,-27.742759999999862,0.9623249999999643,2,0.2,0.1
2,577,15480,15480,2025-08-27T13:17:29Z,2357.0,2357.5,1523.387175,-23.293724999999768,7.482854999999972,2,0.2,0.1
2,578,15531,15531,2025-08-27T13:17:34Z,2362.0,2362.6666666666665,1514.48149,-32.19940999999994,0.34465000000000146,2,0.2,0.1
2,579,15540,15540,2025-08-27T13:17:35Z,2363.0,2363.6,1514.75354,-31.927359999999908,1.1119099999998525,2,0.2,0.1
2,580,15547,15547,2025-08-27T13:17:36Z,2364.0,2364.3,1513.70272,-32.97817999999984,0.10212000000001353,2,0.2,0.1
2,581,15558,15558,2025-08-27T13:17:37Z,2365.0,2365.4,1524.01799,-22.662909999999783,5.709500000000162,2,0.2,0.1
2,582,15572,15572,2025-08-27T13:17:38Z,2366.0,2366.8,1526.28278,-20.398119999999835,12.28758999999991,2,0.2,0.1
2,583,15578,15578,2025-08-27T13:17:39Z,2367.0,2367.4,1521.976865,-24.70403499999975,0.38550500000019383,2,0.2,0.1
2,584,15580,15580,2025-08-27T13:17:39Z,2367.0,2367.6,1522.36237,-24.318529999999782,1.5847999999998592,2,0.2,0.1
2,585,15582,15582,2025-08-27T13:17:39Z,2367.0,2367.8,1521.82501,-24.855889999999818,0.23365000000012515,2,0.2,0.1
2,586,15596,15596,2025-08-27T13:17:41Z,2369.0,2369.3333333333335,1518.45215,-28.228749999999764,1.6392600000001494,2,0.2,0.1
2,587,15618,15618,2025-08-27T13:17:43Z,2371.0,2371.7,1524.3896,-22.291299999999865,7.99412499999994,2,0.2,0.1
2,588,15628,15628,2025-08-27T13:17:44Z,2372.0,2372.777777777778,1517.65945,-29.02144999999973,0.17248000000017782,2,0.2,0.1
2,589,15658,15658,2025-08-27T13:17:48Z,2376.0,2376.2,1514.74329,-31.93760999999995,0.23581999999987602,2,0.2,0.1
2,590,15680,15680,2025-08-27T13:17:50Z,2378.0,2378.6,1525.0875449999999,-21.593354999999974,11.055564999999888,2,0.2,0.1
2,591,15689,15689,2025-08-27T13:17:51Z,2379.0,2379.714285714286,1524.32698,-22.35391999999979,5.048095000000103,2,0.2,0.1
2,592,15697,15697,2025-08-27T13:17:52Z,2380.0,2380.6666666666665,1521.019815,-25.66108499999973,1.1894850000001043,2,0.2,0.1
2,593,15711,15711,2025-08-27T13:17:54Z,2382.0,2382.3,1516.84088,-29.840019999999868,0.19176999999990585,2,0.2,0.1
2,594,15720,15720,2025-08-27T13:17:55Z,2383.0,2383.25,1516.7942699999999,-29.88662999999997,0.26935999999977867,2,0.2,0.1
2,595,15732,15732,2025-08-27T13:17:56Z,2384.0,2384.6666666666665,1524.48266,-22.19823999999994,8.264314999999897,2,0.2,0.1
2,596,15760,15760,2025-08-27T13:17:59Z,2387.0,2387.6,1516.05007,-30.630829999999833,0.2510899999999765,2,0.2,0.1
2,597,15764,15764,2025-08-27T13:17:59Z,2388.0,2388.0,1515.73224,-30.94865999999979,0.2095200000001114,2,0.2,0.1
2,598,15784,15784,2025-08-27T13:18:02Z,2390.0,2390.1,1515.17177,-31.509129999999914,0.40505999999982123,2,0.2,0.1
2,599,15791,15791,2025-08-27T13:18:02Z,2390.0,2390.8,1514.75838,-31.92251999999985,0.2544900000000325,2,0.2,0.1
2,600,15805,15805,2025-08-27T13:18:04Z,2392.0,2392.3333333333335,1524.2469,-22.43399999999974,8.050314999999955,2,0.2,0.1
2,601,15819,15819,2025-08-27T13:18:05Z,2393.0,2393.8,1524.22751,-22.4533899999999,6.202309999999898,2,0.2,0.1
2,602,15826,15826,2025-08-27T13:18:06Z,2394.0,2394.5555555555557,1521.27172,-25.40917999999988,1.1158399999999347,2,0.2,0.1
2,603,15835,15835,2025-08-27T13:18:07Z,2395.0,2395.5555555555557,1517.20811,-29.472789999999804,0.6255400000000009,2,0.2,0.1
2,604,15850,15850,2025-08-27T13:18:09Z,2397.0,2397.2,1516.78364,-29.897259999999733,0.22044000000005326,2,0.2,0.1
2,605,15855,15855,2025-08-27T13:18:09Z,2397.0,2397.7,1518.03703,-28.64386999999988,0.1566649999999754,2,0.2,0.1
2,606,15862,15862,2025-08-27T13:18:10Z,2398.0,2398.4,1523.591935,-23.088964999999916,0.6243249999999989,2,0.2,0.1
2,607,15865,15865,2025-08-27T13:18:10Z,2398.0,2398.7,1524.40857,-22.272329999999783,9.872790000000123,2,0.2,0.1
2,608,15876,15876,2025-08-27T13:18:11Z,2399.0,2399.8888888888887,1517.98564,-28.695259999999735,0.3669800000000123,2,0.2,0.1
2,609,15889,15889,2025-08-27T13:18:13Z,2401.0,2401.2,1517.26832,-29.412579999999934,0.24552999999991698,2,0.2,0.1
2,610,15926,15926,2025-08-27T13:18:16Z,2404.0,2404.9,1514.91696,-31.76393999999982,0.314239999999927,2,0.2,0.1
2,611,15941,15941,2025-08-27T13:18:18Z,2406.0,2406.4,1524.52661,-22.154289999999946,0.15752999999995154,2,0.2,0.1
2,612,15943,15943,2025-08-27T13:18:18Z,2406.0,2406.6,1525.222875,-21.458024999999907,10.267654999999877,2,0.2,0.1
2,613,15948,15948,2025-08-27T13:18:19Z,2407.0,2407.1,1519.15264,-27.52825999999982,0.33463000000006105,2,0.2,0.1
2,614,15955,15955,2025-08-27T13:18:19Z,2407.0,2407.8,1524.74284,-21.93805999999995,5.924829999999929,2,0.2,0.1
2,615,15962,15962,2025-08-27T13:18:20Z,2408.0,2408.5,1521.73301,-24.947889999999916,0.7183399999998983,2,0.2,0.1
2,616,15977,15977,2025-08-27T13:18:21Z,2410.0,2410.0,1516.8922,-29.788699999999835,0.45689999999990505,2,0.2,0.1
2,617,15995,15995,2025-08-27T13:18:23Z,2411.0,2411.8,1518.46144,-28.2194599999998,0.2839899999999034,2,0.2,0.1
2,618,16005,16005,2025-08-27T13:18:24Z,2412.0,2412.8,1524.69445,-21.986449999999877,8.522960000000012,2,0.2,0.1
2,619,16020,16020,2025-08-27T13:18:26Z,2414.0,2414.3,1518.20258,-28.47831999999994,0.10258999999996377,2,0.2,0.1
2,620,16031,16031,2025-08-27T13:18:27Z,2415.0,2415.4444444444443,1517.10394,-29.576959999999872,0.10028999999985899,2,0.2,0.1
2,621,16046,16046,2025-08-27T13:18:29Z,2417.0,2417.125,1516.09865,-30.58224999999993,0.17431999999985237,2,0.2,0.1
2,622,16052,16052,2025-08-27T13:18:29Z,2417.0,2417.875,1515.76879,-30.912109999999757,0.23607000000015432,2,0.2,0.1
2,623,16061,16061,2025-08-27T13:18:30Z,2418.0,2418.8,1515.49568,-31.185219999999845,0.4830899999999474,2,0.2,0.1
2,624,16064,16064,2025-08-27T13:18:31Z,2419.0,2419.1111111111113,1515.49568,-31.185219999999845,0.4650500000000193,2,0.2,0.1
2,625,16075,16075,2025-08-27T13:18:32Z,2420.0,2420.375,1524.59228,-22.088619999999764,9.163050000000112,2,0.2,0.1
2,626,16091,16091,2025-08-27T13:18:34Z,2422.0,2422.5,1521.29559,-25.38530999999989,2.885719999999992,2,0.2,0.1
2,627,16103,16103,2025-08-27T13:18:35Z,2424.0,2424.0,1517.58537,-29.095529999999826,0.15572999999994863,2,0.2,0.1
2,628,16111,16111,2025-08-27T13:18:36Z,2425.0,2425.0,1518.17387,-28.50702999999976,1.2838100000001305,2,0.2,0.1
2,629,16126,16126,2025-08-27T13:18:38Z,2426.0,2426.6666666666665,1524.13151,-22.549389999999903,7.435559999999896,2,0.2,0.1
2,630,16137,16137,2025-08-27T13:18:39Z,2427.0,2427.8888888888887,1518.69281,-27.98808999999983,0.5211300000000847,2,0.2,0.1
2,631,16159,16159,2025-08-27T13:18:42Z,2430.0,2430.3333333333335,1516.25776,-30.423139999999876,0.17401999999992768,2,0.2,0.1
2,632,16163,16163,2025-08-27T13:18:42Z,2430.0,2430.777777777778,1516.1756,-30.505299999999806,0.11052999999992608,2,0.2,0.1
2,633,16169,16169,2025-08-27T13:18:43Z,2431.0,2431.4444444444443,1515.79293,-30.88796999999977,0.2449300000000676,2,0.2,0.1
2,634,16184,16184,2025-08-27T13:18:45Z,2433.0,2433.25,1524.29215,-22.388749999999845,5.3735049999997955,2,0.2,0.1
2,635,16195,16195,2025-08-27T13:18:46Z,2434.0,2434.625,1525.320445,-21.360454999999774,9.319715000000087,2,0.2,0.1
2,636,16201,16201,2025-08-27T13:18:47Z,2435.0,2435.3333333333335,1522.19438,-24.486519999999928,1.3266999999998461,2,0.2,0.1
2,637,16219,16219,2025-08-27T13:18:49Z,2437.0,2437.222222222222,1517.35752,-29.323379999999815,0.49964999999997417,2,0.2,0.1
2,638,16231,16231,2025-08-27T13:18:50Z,2438.0,2438.5,1518.8476150000001,-27.833284999999705,0.6200750000000426,2,0.2,0.1
2,639,16243,16243,2025-08-27T13:18:51Z,2439.0,2439.777777777778,1525.07986,-21.601039999999784,8.322660000000042,2,0.2,0.1
2,640,16259,16259,2025-08-27T13:18:53Z,2441.0,2441.4,1518.53103,-28.149869999999737,0.6202700000001187,2,0.2,0.1
2,641,16281,16281,2025-08-27T13:18:55Z,2443.0,2443.75,1517.05464,-29.626259999999775,0.38263000000006286,2,0.2,0.1
2,642,16285,16285,2025-08-27T13:18:56Z,2444.0,2444.222222222222,1516.60232,-30.078579999999874,0.1435999999998785,2,0.2,0.1
2,643,16303,16303,2025-08-27T13:18:58Z,2446.0,2446.25,1524.12548,-22.555419999999913,7.917919999999867,2,0.2,0.1
2,644,16313,16313,2025-08-27T13:18:59Z,2447.0,2447.5,1523.898345,-22.782554999999775,5.716385000000173,2,0.2,0.1
2,645,16321,16321,2025-08-27T13:19:00Z,2448.0,2448.4,1522.55811,-24.122789999999895,2.548039999999901,2,0.2,0.1
2,646,16336,16336,2025-08-27T13:19:01Z,2449.0,2449.9,1517.392635,-29.28826499999991,0.8519249999999374,2,0.2,0.1
2,647,16342,16342,2025-08-27T13:19:02Z,2450.0,2450.5,1516.512455,-30.168444999999792,0.3048949999999877,2,0.2,0.1
2,648,16351,16351,2025-08-27T13:19:03Z,2451.0,2451.4,1518.73684,-27.94405999999981,1.3969550000001618,2,0.2,0.1
2,649,16364,16364,2025-08-27T13:19:04Z,2452.0,2452.7,1526.0093,-20.6715999999999,10.751559999999927,2,0.2,0.1
2,650,16378,16378,2025-08-27T13:19:06Z,2454.0,2454.1,1518.6921,-27.988799999999856,0.47768999999993866,2,0.2,0.1
2,651,16421,16421,2025-08-27T13:19:10Z,2458.0,2458.4,1516.68852,-29.992379999999912,0.12654999999995198,2,0.2,0.1
2,652,16423,16423,2025-08-27T13:19:10Z,2458.0,2458.6,1516.68852,-29.992379999999912,0.12654999999995198,2,0.2,0.1
3,0,8963,8963,2025-08-27T13:05:59Z,1667.0,1667.6666666666667,1528.29961,12.714844999999968,0.5627700000000004,2,0.2,0.1
3,1,8967,8967,2025-08-27T13:06:00Z,1668.0,1668.125,1529.82959,14.244824999999992,3.2450200000000677,2,0.2,0.1
3,2,8991,8991,2025-08-27T13:06:03Z,1671.0,1671.111111111111,1513.5655,-2.019265000000132,0.6134700000000066,2,0.2,0.1
3,3,9006,9006,2025-08-27T13:06:04Z,1672.0,1672.7777777777778,1514.11535,-1.4694150000000263,1.1572699999999259,2,0.2,0.1
3,4,9021,9021,2025-08-27T13:06:06Z,1674.0,1674.4,1533.54873,17.963964999999916,13.627169999999978,2,0.2,0.1
3,5,9047,9047,2025-08-27T13:06:08Z,1677.0,1677.0,1539.97747,24.392704999999978,27.07809999999995,2,0.2,0.1
3,6,9060,9060,2025-08-27T13:06:10Z,1678.0,1678.3333333333333,1530.68799,15.103224999999838,9.692419999999856,2,0.2,0.1
3,7,9075,9075,2025-08-27T13:06:11Z,1679.0,1679.9,1512.57881,-3.0059550000000854,0.6807099999998627,2,0.2,0.1
3,8,9077,9077,2025-08-27T13:06:12Z,1680.0,1680.1,1512.57881,-3.0059550000000854,0.2025499999999738,2,0.2,0.1
3,9,9085,9085,2025-08-27T13:06:12Z,1680.0,1680.9,1512.60328,-2.9814850000000206,0.3124000000000251,2,0.2,0.1
3,10,9089,9089,2025-08-27T13:06:13Z,1681.0,1681.3,1512.64524,-2.9395250000000033,0.3664449999998851,2,0.2,0.1
3,11,9095,9095,2025-08-27T13:06:13Z,1681.0,1681.9,1512.6453900000001,-2.9393749999999272,0.7100900000000365,2,0.2,0.1
3,12,9102,9102,2025-08-27T13:06:14Z,1682.0,1682.6,1512.6381,-2.9466650000001664,0.6598899999999048,2,0.2,0.1
3,13,9119,9119,2025-08-27T13:06:16Z,1684.0,1684.4,1530.53943,14.954664999999977,9.804419999999936,2,0.2,0.1
3,14,9139,9139,2025-08-27T13:06:18Z,1686.0,1686.4,1540.24713,24.66236499999991,11.261269999999968,2,0.2,0.1
3,15,9148,9148,2025-08-27T13:06:19Z,1687.0,1687.3,1540.45553,24.870764999999892,28.569979999999987,2,0.2,0.1
3,16,9158,9158,2025-08-27T13:06:20Z,1688.0,1688.3,1529.78187,14.197104999999965,8.707760000000007,2,0.2,0.1
3,17,9176,9176,2025-08-27T13:06:22Z,1690.0,1690.1,1512.613915,-2.970850000000155,0.7547649999999066,2,0.2,0.1
3,18,9190,9190,2025-08-27T13:06:23Z,1691.0,1691.5,1511.92338,-3.6613850000001094,0.3642600000000584,2,0.2,0.1
3,19,9203,9203,2025-08-27T13:06:24Z,1692.0,1692.8,1511.90094,-3.68382500000007,0.10399499999994077,2,0.2,0.1
3,20,9219,9219,2025-08-27T13:06:26Z,1694.0,1694.4,1539.49857,23.91380499999991,28.1253099999999,2,0.2,0.1
3,21,9231,9231,2025-08-27T13:06:27Z,1695.0,1695.6,1534.58709,19.002324999999928,12.135050000000092,2,0.2,0.1
3,22,9259,9259,2025-08-27T13:06:30Z,1698.0,1698.4,1530.27489,14.690124999999853,10.543929999999818,2,0.2,0.1
3,23,9273,9273,2025-08-27T13:06:31Z,1699.0,1699.8,1511.64503,-3.939735000000155,0.18871999999987565,2,0.2,0.1
3,24,9277,9277,2025-08-27T13:06:32Z,1700.0,1700.2,1511.6674699999999,-3.9172950000001947,0.16402499999981046,2,0.2,0.1
3,25,9280,9280,2025-08-27T13:06:32Z,1700.0,1700.5,1511.67069,-3.914075000000139,0.3126999999999498,2,0.2,0.1
3,26,9283,9283,2025-08-27T13:06:32Z,1700.0,1700.8,1511.62148,-3.9632850000000417,0.25937999999996464,2,0.2,0.1
3,27,9300,9300,2025-08-27T13:06:34Z,1702.0,1702.5,1511.57972,-4.005045000000109,0.1261500000000524,2,0.2,0.1
3,28,9302,9302,2025-08-27T13:06:34Z,1702.0,1702.7,1511.57463,-4.010134999999991,0.12106000000017048,2,0.2,0.1
3,29,9309,9309,2025-08-27T13:06:35Z,1703.0,1703.4,1512.61442,-2.970344999999952,0.9952100000000428,2,0.2,0.1
3,30,9319,9319,2025-08-27T13:06:36Z,1704.0,1704.4444444444443,1539.39964,23.81487500000003,28.107719999999972,2,0.2,0.1
3,31,9328,9328,2025-08-27T13:06:37Z,1705.0,1705.5,1528.34493,12.760164999999915,7.105009999999993,2,0.2,0.1
3,32,9337,9337,2025-08-27T13:06:38Z,1706.0,1706.5555555555557,1522.79417,7.209404999999833,0.23418999999989865,2,0.2,0.1
3,33,9346,9346,2025-08-27T13:06:39Z,1707.0,1707.5,1522.65028,7.065515000000005,0.8715500000000702,2,0.2,0.1
3,34,9354,9354,2025-08-27T13:06:40Z,1708.0,1708.3333333333333,1528.68267,13.097904999999855,9.940449999999828,2,0.2,0.1
3,35,9385,9385,2025-08-27T13:06:43Z,1711.0,1711.6,1511.730385,-3.854379999999992,0.13371500000016567,2,0.2,0.1
3,36,9387,9387,2025-08-27T13:06:43Z,1711.0,1711.8,1511.7373499999999,-3.8474150000001828,0.23331999999982145,2,0.2,0.1
3,37,9402,9402,2025-08-27T13:06:45Z,1713.0,1713.4444444444443,1511.9479649999998,-3.636800000000221,0.48005499999976564,2,0.2,0.1
3,38,9415,9415,2025-08-27T13:06:46Z,1714.0,1714.888888888889,1512.619675,-2.9650900000001457,1.2438549999999395,2,0.2,0.1
3,39,9427,9427,2025-08-27T13:06:48Z,1716.0,1716.2,1511.927545,-3.657220000000052,0.31704500000000735,2,0.2,0.1
3,40,9431,9431,2025-08-27T13:06:48Z,1716.0,1716.6,1511.77198,-3.8127850000000763,0.16150500000003376,2,0.2,0.1
3,41,9438,9438,2025-08-27T13:06:49Z,1717.0,1717.3333333333333,1511.62716,-3.9576050000000578,0.12806000000000495,2,0.2,0.1
3,42,9449,9449,2025-08-27T13:06:50Z,1718.0,1718.5555555555557,1511.8983,-3.6864649999999983,0.424940000000106,2,0.2,0.1
3,43,9462,9462,2025-08-27T13:06:51Z,1719.0,1719.9,1511.9875849999999,-3.5971800000002077,0.42367499999977554,2,0.2,0.1
3,44,9466,9466,2025-08-27T13:06:52Z,1720.0,1720.3,1511.89667,-3.6880949999999757,0.2868100000000595,2,0.2,0.1
3,45,9474,9474,2025-08-27T13:06:53Z,1721.0,1721.125,1512.61915,-2.9656150000000707,0.7361499999999523,2,0.2,0.1
3,46,9477,9477,2025-08-27T13:06:53Z,1721.0,1721.5,1512.65643,-2.928335000000061,1.3282999999998992,2,0.2,0.1
3,47,9481,9481,2025-08-27T13:06:53Z,1722.0,1722.0,1511.772545,-3.812220000000025,0.4006249999999909,2,0.2,0.1
3,48,9495,9495,2025-08-27T13:06:55Z,1723.0,1723.4,1512.6145299999998,-2.9702350000002298,0.8777949999998782,2,0.2,0.1
3,49,9513,9513,2025-08-27T13:06:57Z,1725.0,1725.2222222222222,1512.415435,-3.1693300000001727,0.6617749999998068,2,0.2,0.1
3,50,9516,9516,2025-08-27T13:06:57Z,1725.0,1725.5555555555557,1512.23169,-3.35307499999999,0.379910000000109,2,0.2,0.1
3,51,9522,9522,2025-08-27T13:06:58Z,1726.0,1726.2,1512.64313,-2.941635000000133,1.3146500000000287,2,0.2,0.1
3,52,9525,9525,2025-08-27T13:06:58Z,1726.0,1726.5,1512.12153,-3.463235000000168,0.18912999999997737,2,0.2,0.1
3,53,9529,9529,2025-08-27T13:06:58Z,1726.0,1726.9,1511.746095,-3.838670000000093,0.15531499999997322,2,0.2,0.1
3,54,9541,9541,2025-08-27T13:07:00Z,1728.0,1728.1,1512.16997,-3.41479500000014,0.5966799999998784,2,0.2,0.1
3,55,9556,9556,2025-08-27T13:07:01Z,1729.0,1729.6,1512.64115,-2.943615000000136,1.1702249999998457,2,0.2,0.1
3,56,9566,9566,2025-08-27T13:07:02Z,1730.0,1730.6,1512.254195,-3.3305700000000797,0.15133000000014363,2,0.2,0.1
3,57,9568,9568,2025-08-27T13:07:02Z,1730.0,1730.8,1512.3402350000001,-3.2445299999999406,0.41530500000021675,2,0.2,0.1
3,58,9575,9575,2025-08-27T13:07:03Z,1731.0,1731.5,1512.61561,-2.9691550000000007,0.9966100000001461,2,0.2,0.1
3,59,9584,9584,2025-08-27T13:07:04Z,1732.0,1732.4,1512.33836,-3.2464050000000952,0.43747000000007574,2,0.2,0.1
3,60,9592,9592,2025-08-27T13:07:05Z,1733.0,1733.2,1512.412305,-3.172460000000001,0.5367149999999583,2,0.2,0.1
3,61,9598,9598,2025-08-27T13:07:05Z,1733.0,1733.8,1512.5226,-3.06216500000005,0.12346999999999753,2,0.2,0.1
3,62,9604,9604,2025-08-27T13:07:06Z,1734.0,1734.4,1512.6189,-2.9658650000001217,0.743579999999838,2,0.2,0.1
3,63,9620,9620,2025-08-27T13:07:07Z,1736.0,1736.0,1512.60221,-2.9825550000000476,0.667739999999867,2,0.2,0.1
3,64,9635,9635,2025-08-27T13:07:09Z,1737.0,1737.5,1512.60911,-2.9756549999999606,0.6899200000000292,2,0.2,0.1
3,65,9644,9644,2025-08-27T13:07:10Z,1738.0,1738.4,1512.65129,-2.933475000000044,1.3479899999999816,2,0.2,0.1
3,66,9652,9652,2025-08-27T13:07:11Z,1739.0,1739.2,1512.38816,-3.1966050000000905,0.4864399999999023,2,0.2,0.1
3,67,9655,9655,2025-08-27T13:07:11Z,1739.0,1739.5,1512.007145,-3.5776200000000244,0.38101499999993393,2,0.2,0.1
3,68,9667,9667,2025-08-27T13:07:12Z,1740.0,1740.7,1511.9266400000001,-3.6581249999999272,0.2565300000001116,2,0.2,0.1
3,69,9675,9675,2025-08-27T13:07:13Z,1741.0,1741.5,1512.528595,-3.0561700000000656,0.9060499999998228,2,0.2,0.1
3,70,9683,9683,2025-08-27T13:07:14Z,1742.0,1742.3,1512.108155,-3.4766100000001643,0.4942999999998392,2,0.2,0.1
3,71,9692,9692,2025-08-27T13:07:15Z,1743.0,1743.2,1512.60642,-2.9783449999999903,1.2721449999999095,2,0.2,0.1
3,72,9702,9702,2025-08-27T13:07:16Z,1744.0,1744.2222222222222,1512.58014,-3.0046250000000327,1.2424599999999373,2,0.2,0.1
3,73,9712,9712,2025-08-27T13:07:17Z,1745.0,1745.3,1512.082655,-3.5021100000001297,0.27490000000011605,2,0.2,0.1
3,74,9714,9714,2025-08-27T13:07:17Z,1745.0,1745.5,1512.0833349999998,-3.501430000000255,0.17751499999985754,2,0.2,0.1
3,75,9721,9721,2025-08-27T13:07:18Z,1746.0,1746.2,1512.37349,-3.2112750000001142,0.9464100000000144,2,0.2,0.1
3,76,9726,9726,2025-08-27T13:07:18Z,1746.0,1746.7,1512.22906,-3.355705000000171,0.3230799999998908,2,0.2,0.1
3,77,9735,9735,2025-08-27T13:07:19Z,1747.0,1747.6,1511.93462,-3.650145000000066,0.1361500000000433,2,0.2,0.1
3,78,9743,9743,2025-08-27T13:07:20Z,1748.0,1748.4,1512.15819,-3.426574999999957,0.8200800000001891,2,0.2,0.1
3,79,9753,9753,2025-08-27T13:07:21Z,1749.0,1749.4,1511.75987,-3.8248949999999695,0.17399999999997817,2,0.2,0.1
3,80,9768,9768,2025-08-27T13:07:23Z,1751.0,1751.0,1512.35178,-3.232985000000099,0.8546400000000176,2,0.2,0.1
3,81,9771,9771,2025-08-27T13:07:23Z,1751.0,1751.3333333333333,1512.58416,-3.0006049999999505,1.227940000000217,2,0.2,0.1
3,82,9777,9777,2025-08-27T13:07:23Z,1752.0,1752.0,1512.1269200000002,-3.4578449999999066,0.3429550000000745,2,0.2,0.1
3,83,9780,9780,2025-08-27T13:07:24Z,1752.0,1752.3333333333333,1512.57626,-3.0085050000000138,0.8966800000000603,2,0.2,0.1
3,84,9796,9796,2025-08-27T13:07:26Z,1754.0,1754.25,1512.5902,-2.994564999999966,0.6847200000001976,2,0.2,0.1
3,85,9810,9810,2025-08-27T13:07:28Z,1756.0,1756.111111111111,1513.02824,-2.556524999999965,1.7093100000001868,2,0.2,0.1
3,86,9821,9821,2025-08-27T13:07:29Z,1757.0,1757.4285714285713,1512.13607,-3.4486950000000434,0.17202999999994972,2,0.2,0.1
3,87,9827,9827,2025-08-27T13:07:30Z,1758.0,1758.25,1512.1620400000002,-3.4227249999999003,0.10381499999994048,2,0.2,0.1
3,88,9836,9836,2025-08-27T13:07:31Z,1759.0,1759.3333333333333,1512.58309,-3.0016749999999774,0.6462800000001607,2,0.2,0.1
3,89,9844,9844,2025-08-27T13:07:32Z,1760.0,1760.2222222222222,1512.36542,-3.2193449999999757,0.42242000000010194,2,0.2,0.1
3,90,9853,9853,2025-08-27T13:07:33Z,1761.0,1761.25,1512.6463,-2.938464999999951,0.7285600000000159,2,0.2,0.1
3,91,9863,9863,2025-08-27T13:07:34Z,1762.0,1762.4444444444443,1512.5844,-3.0003650000001016,0.6509100000000672,2,0.2,0.1
3,92,9866,9866,2025-08-27T13:07:34Z,1762.0,1762.7777777777778,1512.5844,-3.0003650000001016,0.6509100000000672,2,0.2,0.1
3,93,9881,9881,2025-08-27T13:07:36Z,1764.0,1764.5,1512.6728750000002,-2.9118899999998575,0.7691950000003089,2,0.2,0.1
3,94,9889,9889,2025-08-27T13:07:37Z,1765.0,1765.5,1512.58064,-3.0041250000001583,0.6575799999998253,2,0.2,0.1
3,95,9903,9903,2025-08-27T13:07:38Z,1767.0,1767.0,1512.56787,-3.016894999999977,0.968560000000025,2,0.2,0.1
3,96,9909,9909,2025-08-27T13:07:39Z,1767.0,1767.6,1512.2464599999998,-3.3383050000002186,0.1083849999999984,2,0.2,0.1
3,97,9922,9922,2025-08-27T13:07:41Z,1769.0,1769.111111111111,1512.255445,-3.3293200000000525,0.907805000000053,2,0.2,0.1
3,98,9936,9936,2025-08-27T13:07:42Z,1770.0,1770.6,1512.51862,-3.066145000000006,0.6545050000001993,2,0.2,0.1
3,99,9947,9947,2025-08-27T13:07:43Z,1771.0,1771.7,1512.27146,-3.3133050000001276,0.36411999999995714,2,0.2,0.1
3,100,9951,9951,2025-08-27T13:07:44Z,1772.0,1772.125,1512.14741,-3.437355000000025,0.2208299999999781,2,0.2,0.1
3,101,9956,9956,2025-08-27T13:07:44Z,1772.0,1772.75,1512.591075,-2.993690000000015,0.6710049999999228,2,0.2,0.1
3,102,9960,9960,2025-08-27T13:07:45Z,1773.0,1773.2,1512.55282,-3.0319449999999506,0.31267000000002554,2,0.2,0.1
3,103,9970,9970,2025-08-27T13:07:46Z,1774.0,1774.2222222222222,1512.28072,-3.3040450000000874,0.3538699999999153,2,0.2,0.1
3,104,9979,9979,2025-08-27T13:07:47Z,1775.0,1775.2,1512.58246,-3.0023049999999785,0.6516700000001947,2,0.2,0.1
3,105,9986,9986,2025-08-27T13:07:47Z,1775.0,1775.9,1512.5772,-3.0075650000001133,0.5976399999999558,2,0.2,0.1
3,106,9996,9996,2025-08-27T13:07:48Z,1776.0,1776.9,1512.57017,-3.0145950000000994,0.1003650000000107,2,0.2,0.1
3,107,9998,9998,2025-08-27T13:07:49Z,1777.0,1777.1,1512.577575,-3.007190000000037,0.6099249999999756,2,0.2,0.1
3,108,10005,10005,2025-08-27T13:07:49Z,1777.0,1777.8,1512.5751,-3.009665000000041,0.5999899999999343,2,0.2,0.1
3,109,10011,10011,2025-08-27T13:07:50Z,1778.0,1778.4,1512.66499,-2.9197750000000724,0.7274150000000645,2,0.2,0.1
3,110,10018,10018,2025-08-27T13:07:51Z,1779.0,1779.1,1512.1918850000002,-3.3928799999998773,0.2339350000002014,2,0.2,0.1
3,111,10027,10027,2025-08-27T13:07:51Z,1780.0,1780.0,1512.62762,-2.9571450000000823,0.2447700000000168,2,0.2,0.1
3,112,10034,10034,2025-08-27T13:07:52Z,1780.0,1780.7,1513.42734,-2.157425000000103,2.0953149999998004,2,0.2,0.1
3,113,10054,10054,2025-08-27T13:07:54Z,1782.0,1782.7,1512.34757,-3.237195000000156,0.3978700000000117,2,0.2,0.1
3,114,10058,10058,2025-08-27T13:07:55Z,1783.0,1783.1,1512.43455,-3.1502150000001166,0.24242499999991196,2,0.2,0.1
3,115,10063,10063,2025-08-27T13:07:55Z,1783.0,1783.6,1512.7517149999999,-2.833050000000185,0.1843549999998686,2,0.2,0.1
3,116,10065,10065,2025-08-27T13:07:55Z,1783.0,1783.8,1512.93607,-2.648695000000089,1.0254099999999653,2,0.2,0.1
3,117,10073,10073,2025-08-27T13:07:56Z,1784.0,1784.6,1512.52634,-3.0584250000001703,0.1121699999998782,2,0.2,0.1
3,118,10082,10082,2025-08-27T13:07:57Z,1785.0,1785.5,1512.18002,-3.404745000000048,0.22433000000000902,2,0.2,0.1
3,119,10085,10085,2025-08-27T13:07:57Z,1785.0,1785.8,1512.187175,-3.3975900000000365,0.3301050000000032,2,0.2,0.1
3,120,10087,10087,2025-08-27T13:07:57Z,1786.0,1786.0,1512.089395,-3.4953700000000936,0.14085999999997512,2,0.2,0.1
3,121,10096,10096,2025-08-27T13:07:58Z,1786.0,1786.9,1512.2795,-3.305264999999963,0.34542000000010376,2,0.2,0.1
3,122,10099,10099,2025-08-27T13:07:59Z,1787.0,1787.2,1512.43296,-3.1518049999999675,0.5271200000001954,2,0.2,0.1
3,123,10102,10102,2025-08-27T13:07:59Z,1787.0,1787.5,1512.43296,-3.1518049999999675,0.5271200000001954,2,0.2,0.1
3,124,10107,10107,2025-08-27T13:07:59Z,1788.0,1788.0,1512.91835,-2.6664150000001428,1.0984599999999318,2,0.2,0.1
3,125,10128,10128,2025-08-27T13:08:02Z,1790.0,1790.2222222222222,1512.498425,-3.086340000000064,0.24034499999993386,2,0.2,0.1
3,126,10134,10134,2025-08-27T13:08:02Z,1790.0,1790.888888888889,1512.22942,-3.3553450000001703,0.3440349999998489,2,0.2,0.1
3,127,10136,10136,2025-08-27T13:08:03Z,1791.0,1791.1,1512.22942,-3.3553450000001703,0.3440349999998489,2,0.2,0.1
3,128,10140,10140,2025-08-27T13:08:03Z,1791.0,1791.5,1512.267895,-3.316870000000108,0.3568249999998443,2,0.2,0.1
3,129,10144,10144,2025-08-27T13:08:03Z,1791.0,1791.9,1512.66361,-2.921154999999999,0.7792349999999715,2,0.2,0.1
3,130,10171,10171,2025-08-27T13:08:06Z,1794.0,1794.888888888889,1513.61968,-1.9650850000000446,2.0315499999999247,2,0.2,0.1
3,131,10182,10182,2025-08-27T13:08:08Z,1796.0,1796.4285714285713,1512.36606,-3.218705,0.43077000000016596,2,0.2,0.1
3,132,10193,10193,2025-08-27T13:08:09Z,1797.0,1797.7,1512.45243,-3.132335000000012,0.5025100000000293,2,0.2,0.1
3,133,10202,10202,2025-08-27T13:08:10Z,1798.0,1798.6,1512.6370849999998,-2.9476800000002186,0.7647499999998217,2,0.2,0.1
3,134,10210,10210,2025-08-27T13:08:11Z,1799.0,1799.4,1512.6385799999998,-2.9461850000002414,1.0024599999997008,2,0.2,0.1
3,135,10231,10231,2025-08-27T13:08:13Z,1801.0,1801.6,1512.658265,-2.9265000000000327,0.7272149999998874,2,0.2,0.1
3,136,10247,10247,2025-08-27T13:08:15Z,1803.0,1803.2,1513.108945,-2.4758200000001125,0.50100499999985,2,0.2,0.1
3,137,10249,10249,2025-08-27T13:08:15Z,1803.0,1803.4,1513.63613,-1.9486349999999675,2.2944800000002488,2,0.2,0.1
3,138,10257,10257,2025-08-27T13:08:16Z,1804.0,1804.2222222222222,1511.522325,-4.0624400000001515,0.16448500000001332,2,0.2,0.1
3,139,10261,10261,2025-08-27T13:08:16Z,1804.0,1804.6666666666667,1512.43682,-3.1479450000001634,0.5217250000000604,2,0.2,0.1
3,140,10271,10271,2025-08-27T13:08:17Z,1805.0,1805.875,1512.638625,-2.946140000000014,0.35189500000001317,2,0.2,0.1
3,141,10287,10287,2025-08-27T13:08:19Z,1807.0,1807.6666666666667,1512.491415,-3.0933500000001004,0.1327449999998862,2,0.2,0.1
3,142,10303,10303,2025-08-27T13:08:21Z,1809.0,1809.375,1529.70993,14.125164999999924,6.017655000000104,2,0.2,0.1
3,143,10305,10305,2025-08-27T13:08:21Z,1809.0,1809.625,1529.1544199999998,13.569654999999784,0.22167999999987842,2,0.2,0.1
3,144,10314,10314,2025-08-27T13:08:22Z,1810.0,1810.6,1530.6827349999999,15.097969999999805,19.3907549999999,2,0.2,0.1
3,145,10339,10339,2025-08-27T13:08:25Z,1813.0,1813.1,1524.20716,8.62239499999987,1.3408600000000206,2,0.2,0.1
3,146,10353,10353,2025-08-27T13:08:26Z,1814.0,1814.5,1529.78908,14.204314999999951,8.861589999999978,2,0.2,0.1
3,147,10378,10378,2025-08-27T13:08:29Z,1817.0,1817.2,1511.88279,-3.7019749999999476,0.5403000000001157,2,0.2,0.1
3,148,10380,10380,2025-08-27T13:08:29Z,1817.0,1817.4,1511.76847,-3.816295000000082,0.11431999999990694,2,0.2,0.1
3,149,10391,10391,2025-08-27T13:08:30Z,1818.0,1818.5,1511.5065049999998,-4.078260000000228,0.13128499999993437,2,0.2,0.1
3,150,10393,10393,2025-08-27T13:08:30Z,1818.0,1818.7,1511.486285,-4.098480000000109,0.12047500000016953,2,0.2,0.1
3,151,10410,10410,2025-08-27T13:08:32Z,1820.0,1820.4,1530.80938,15.224614999999858,19.25339999999983,2,0.2,0.1
3,152,10421,10421,2025-08-27T13:08:33Z,1821.0,1821.5,1529.70796,14.123194999999896,8.635510000000068,2,0.2,0.1
3,153,10443,10443,2025-08-27T13:08:35Z,1823.0,1823.8,1525.25284,9.668075000000044,2.845890000000054,2,0.2,0.1
3,154,10460,10460,2025-08-27T13:08:37Z,1825.0,1825.5,1529.81541,14.230644999999868,10.772140000000036,2,0.2,0.1
3,155,10485,10485,2025-08-27T13:08:39Z,1828.0,1828.0,1512.62587,-2.958894999999984,1.0067300000000614,2,0.2,0.1
3,156,10497,10497,2025-08-27T13:08:41Z,1829.0,1829.2,1512.58223,-3.00253500000008,0.9928650000001653,2,0.2,0.1
3,157,10519,10519,2025-08-27T13:08:43Z,1831.0,1831.4,1530.23551,14.650744999999915,18.381450000000086,2,0.2,0.1
3,158,10530,10530,2025-08-27T13:08:44Z,1832.0,1832.5,1529.76731,14.182544999999891,5.640329999999949,2,0.2,0.1
3,159,10545,10545,2025-08-27T13:08:46Z,1834.0,1834.1,1525.61682,10.0320549999999,0.6017299999998613,2,0.2,0.1
3,160,10554,10554,2025-08-27T13:08:46Z,1835.0,1835.0,1525.90982,10.32505500000002,1.7436200000001918,2,0.2,0.1
3,161,10570,10570,2025-08-27T13:08:48Z,1836.0,1836.6,1528.37954,12.794774999999845,7.658829999999853,2,0.2,0.1
3,162,10591,10591,2025-08-27T13:08:50Z,1838.0,1838.7,1513.56325,-2.021515000000136,0.6491399999999885,2,0.2,0.1
3,163,10608,10608,2025-08-27T13:08:52Z,1840.0,1840.5,1512.7802550000001,-2.8045099999999366,0.5596000000000458,2,0.2,0.1
3,164,10612,10612,2025-08-27T13:08:52Z,1841.0,1841.0,1512.7488899999998,-2.8358750000002146,0.26525999999989835,2,0.2,0.1
3,165,10615,10615,2025-08-27T13:08:53Z,1841.0,1841.3,1512.94354,-2.6412250000000768,1.001549999999952,2,0.2,0.1
3,166,10625,10625,2025-08-27T13:08:54Z,1842.0,1842.4285714285713,1528.58089,12.996124999999893,2.841329999999971,2,0.2,0.1
3,167,10633,10633,2025-08-27T13:08:55Z,1843.0,1843.5,1529.3856,13.800835000000006,17.502500000000055,2,0.2,0.1
3,168,10656,10656,2025-08-27T13:08:58Z,1846.0,1846.375,1526.57815,10.99338499999999,1.599140000000034,2,0.2,0.1
3,169,10664,10664,2025-08-27T13:08:59Z,1847.0,1847.3333333333333,1529.07974,13.49497499999984,8.087479999999914,2,0.2,0.1
3,170,10677,10677,2025-08-27T13:09:00Z,1848.0,1848.7777777777778,1514.75002,-0.8347450000001118,0.7423300000000381,2,0.2,0.1
3,171,10687,10687,2025-08-27T13:09:01Z,1849.0,1849.8,1513.21004,-2.374725000000126,0.29282999999986714,2,0.2,0.1
3,172,10701,10701,2025-08-27T13:09:03Z,1851.0,1851.3,1512.61216,-2.972605000000158,0.23457999999982349,2,0.2,0.1
3,173,10705,10705,2025-08-27T13:09:03Z,1851.0,1851.7,1512.97688,-2.607885000000124,0.3565799999998944,2,0.2,0.1
3,174,10720,10720,2025-08-27T13:09:05Z,1853.0,1853.3,1528.40393,12.819164999999884,8.531929999999875,2,0.2,0.1
3,175,10730,10730,2025-08-27T13:09:06Z,1854.0,1854.375,1526.73092,11.146154999999908,1.7574500000000626,2,0.2,0.1
3,176,10752,10752,2025-08-27T13:09:08Z,1856.0,1856.7,1526.73618,11.151415000000043,0.14733000000001084,2,0.2,0.1
3,177,10754,10754,2025-08-27T13:09:08Z,1856.0,1856.9,1526.88194,11.297174999999925,3.179399999999987,2,0.2,0.1
3,178,10769,10769,2025-08-27T13:09:10Z,1858.0,1858.4,1529.43879,13.854024999999865,17.52994999999987,2,0.2,0.1
3,179,10782,10782,2025-08-27T13:09:11Z,1859.0,1859.7,1514.80298,-0.7817850000001272,0.38170999999988453,2,0.2,0.1
3,180,10799,10799,2025-08-27T13:09:13Z,1861.0,1861.4,1513.53906,-2.045704999999998,0.6360400000000936,2,0.2,0.1
3,181,10809,10809,2025-08-27T13:09:14Z,1862.0,1862.4,1513.23849,-2.346275000000105,0.3353700000000117,2,0.2,0.1
3,182,10829,10829,2025-08-27T13:09:16Z,1864.0,1864.4,1530.18338,14.598614999999882,18.29054999999994,2,0.2,0.1
3,183,10840,10840,2025-08-27T13:09:17Z,1865.0,1865.5,1530.11887,14.534104999999954,7.709039999999959,2,0.2,0.1
3,184,10846,10846,2025-08-27T13:09:18Z,1866.0,1866.1,1528.18977,12.605004999999892,1.2582800000000134,2,0.2,0.1
3,185,10865,10865,2025-08-27T13:09:19Z,1868.0,1868.0,1528.290215,12.705449999999928,1.8053749999999127,2,0.2,0.1
3,186,10881,10881,2025-08-27T13:09:21Z,1869.0,1869.6,1530.1699,14.585135000000037,8.748659999999973,2,0.2,0.1
3,187,10906,10906,2025-08-27T13:09:24Z,1872.0,1872.1,1513.19525,-2.389515000000074,0.21761999999989712,2,0.2,0.1
3,188,10911,10911,2025-08-27T13:09:24Z,1872.0,1872.6,1513.59766,-1.987105000000156,0.6200299999998151,2,0.2,0.1
3,189,10919,10919,2025-08-27T13:09:25Z,1873.0,1873.4,1513.20649,-2.3782750000000306,1.3023399999999583,2,0.2,0.1
3,190,10938,10938,2025-08-27T13:09:27Z,1875.0,1875.3,1528.49333,12.908564999999953,5.980939999999919,2,0.2,0.1
3,191,10950,10950,2025-08-27T13:09:28Z,1876.0,1876.5,1532.26358,16.678814999999986,19.829015000000027,2,0.2,0.1
3,192,10974,10974,2025-08-27T13:09:30Z,1878.0,1878.9,1528.46743,12.88266499999986,1.4564399999999296,2,0.2,0.1
3,193,10989,10989,2025-08-27T13:09:32Z,1880.0,1880.4,1529.74709,14.16232500000001,9.16237000000001,2,0.2,0.1
3,194,11017,11017,2025-08-27T13:09:35Z,1883.0,1883.6666666666667,1514.00084,-1.5839250000001357,0.11880999999993946,2,0.2,0.1
3,195,11028,11028,2025-08-27T13:09:36Z,1884.0,1884.888888888889,1513.75647,-1.8282950000000255,0.7881999999999607,2,0.2,0.1
3,196,11032,11032,2025-08-27T13:09:37Z,1885.0,1885.3,1513.21076,-2.3740050000001247,0.12124499999981708,2,0.2,0.1
3,197,11041,11041,2025-08-27T13:09:38Z,1886.0,1886.2222222222222,1530.60746,15.022694999999885,17.67703000000006,2,0.2,0.1
3,198,11052,11052,2025-08-27T13:09:39Z,1887.0,1887.4,1526.7643,11.179534999999987,0.1428800000001047,2,0.2,0.1
3,199,11058,11058,2025-08-27T13:09:39Z,1888.0,1888.0,1527.15939,11.574624999999969,0.15498999999999796,2,0.2,0.1
3,200,11079,11079,2025-08-27T13:09:42Z,1890.0,1890.111111111111,1528.83276,13.247994999999946,6.112969999999905,2,0.2,0.1
3,201,11090,11090,2025-08-27T13:09:43Z,1891.0,1891.375,1528.49163,12.906864999999925,7.1983000000000175,2,0.2,0.1
3,202,11129,11129,2025-08-27T13:09:47Z,1895.0,1895.4,1513.4758,-2.1089650000001257,0.2918099999999413,2,0.2,0.1
3,203,11132,11132,2025-08-27T13:09:47Z,1895.0,1895.7,1513.4758,-2.1089650000001257,0.11429999999995744,2,0.2,0.1
3,204,11136,11136,2025-08-27T13:09:48Z,1896.0,1896.111111111111,1513.59726,-1.9875050000000556,0.6759099999999307,2,0.2,0.1
3,205,11147,11147,2025-08-27T13:09:49Z,1897.0,1897.3,1529.60541,14.020644999999831,8.104219999999941,2,0.2,0.1
3,206,11175,11175,2025-08-27T13:09:52Z,1900.0,1900.2857142857142,1529.69699,14.112224999999853,9.22537999999986,2,0.2,0.1
3,207,11183,11183,2025-08-27T13:09:53Z,1901.0,1901.3333333333333,1529.6831,14.098334999999906,0.6984399999998914,2,0.2,0.1
3,208,11193,11193,2025-08-27T13:09:54Z,1902.0,1902.4,1530.56141,14.976644999999962,17.641990000000078,2,0.2,0.1
3,209,11228,11228,2025-08-27T13:09:57Z,1905.0,1905.9,1513.72329,-1.861475000000155,0.4661799999998948,2,0.2,0.1
3,210,11232,11232,2025-08-27T13:09:58Z,1906.0,1906.3,1513.54504,-2.0397250000000895,0.28886999999986074,2,0.2,0.1
3,211,11241,11241,2025-08-27T13:09:59Z,1907.0,1907.2,1513.3646549999999,-2.2201100000002043,0.3941349999997783,2,0.2,0.1
3,212,11252,11252,2025-08-27T13:10:00Z,1908.0,1908.3,1539.09393,23.50916499999994,27.616449999999986,2,0.2,0.1
3,213,11265,11265,2025-08-27T13:10:01Z,1909.0,1909.6,1529.69295,14.108185000000049,9.02421000000004,2,0.2,0.1
3,214,11286,11286,2025-08-27T13:10:03Z,1911.0,1911.7,1529.02384,13.439075000000003,1.4813599999999951,2,0.2,0.1
3,215,11305,11305,2025-08-27T13:10:05Z,1913.0,1913.6,1530.01357,14.428805000000011,9.782730000000129,2,0.2,0.1
3,216,11342,11342,2025-08-27T13:10:09Z,1917.0,1917.3,1515.17186,-0.4129050000001371,1.6093200000000252,2,0.2,0.1
3,217,11346,11346,2025-08-27T13:10:09Z,1917.0,1917.7,1513.5216,-2.0631650000000263,0.2850499999999556,2,0.2,0.1
3,218,11348,11348,2025-08-27T13:10:09Z,1917.0,1917.9,1513.5216,-2.0631650000000263,0.2850499999999556,2,0.2,0.1
3,219,11355,11355,2025-08-27T13:10:10Z,1918.0,1918.6,1513.68782,-1.8969449999999597,0.7345600000001014,2,0.2,0.1
3,220,11361,11361,2025-08-27T13:10:11Z,1919.0,1919.2,1513.53761,-2.047154999999975,0.14619999999990796,2,0.2,0.1
3,221,11369,11369,2025-08-27T13:10:11Z,1920.0,1920.0,1513.5651,-2.019665000000032,0.3183249999999589,2,0.2,0.1
3,222,11388,11388,2025-08-27T13:10:13Z,1921.0,1921.9,1513.24003,-2.344735000000128,0.8477900000000318,2,0.2,0.1
3,223,11395,11395,2025-08-27T13:10:14Z,1922.0,1922.6,1512.98693,-2.597835000000032,1.0660100000000057,2,0.2,0.1
3,224,11412,11412,2025-08-27T13:10:16Z,1924.0,1924.3,1512.64439,-2.940375000000131,0.6831199999999171,2,0.2,0.1
3,225,11419,11419,2025-08-27T13:10:16Z,1925.0,1925.0,1512.91385,-2.67091500000015,0.13449499999978798,2,0.2,0.1
3,226,11423,11423,2025-08-27T13:10:17Z,1925.0,1925.4,1512.94989,-2.6348749999999654,1.015540000000101,2,0.2,0.1
3,227,11427,11427,2025-08-27T13:10:17Z,1925.0,1925.8,1512.35492,-3.2298450000000685,0.2087300000000596,2,0.2,0.1
3,228,11429,11429,2025-08-27T13:10:17Z,1926.0,1926.0,1512.14619,-3.438575000000128,0.20872999999983222,2,0.2,0.1
3,229,11436,11436,2025-08-27T13:10:18Z,1926.0,1926.7,1512.44418,-3.140585000000101,0.5469100000000253,2,0.2,0.1
3,230,11445,11445,2025-08-27T13:10:19Z,1927.0,1927.6,1512.65452,-2.9302450000000135,0.5385900000001129,2,0.2,0.1
3,231,11455,11455,2025-08-27T13:10:20Z,1928.0,1928.6,1513.22967,-2.3550950000001194,1.4984299999998711,2,0.2,0.1
3,232,11467,11467,2025-08-27T13:10:21Z,1929.0,1929.8,1512.55364,-3.0311249999999745,0.6429200000000037,2,0.2,0.1
3,233,11469,11469,2025-08-27T13:10:21Z,1930.0,1930.0,1512.62706,-2.9577050000000327,0.7163399999999456,2,0.2,0.1
3,234,11471,11471,2025-08-27T13:10:22Z,1930.0,1930.2,1512.62706,-2.9577050000000327,0.7163399999999456,2,0.2,0.1
3,235,11475,11475,2025-08-27T13:10:22Z,1930.0,1930.6,1512.3081,-3.2766650000000936,0.36121000000002823,2,0.2,0.1
3,236,11477,11477,2025-08-27T13:10:22Z,1930.0,1930.8,1512.147085,-3.4376800000000003,0.2056550000002062,2,0.2,0.1
3,237,11481,11481,2025-08-27T13:10:23Z,1931.0,1931.2,1512.3582,-3.226565000000164,0.45190999999999804,2,0.2,0.1
3,238,11484,11484,2025-08-27T13:10:23Z,1931.0,1931.5,1512.60853,-2.976235000000088,0.4018350000001192,2,0.2,0.1
3,239,11490,11490,2025-08-27T13:10:24Z,1932.0,1932.125,1512.7958749999998,-2.788890000000265,0.8960299999998824,2,0.2,0.1
3,240,11496,11496,2025-08-27T13:10:24Z,1932.0,1932.875,1512.38653,-3.198235000000068,0.25207000000000335,2,0.2,0.1
3,241,11503,11503,2025-08-27T13:10:25Z,1933.0,1933.6,1512.64109,-2.9436749999999847,0.6059900000000198,2,0.2,0.1
3,242,11511,11511,2025-08-27T13:10:26Z,1934.0,1934.4444444444443,1512.35909,-3.2256750000001375,0.3967299999999341,2,0.2,0.1
3,243,11515,11515,2025-08-27T13:10:26Z,1934.0,1934.888888888889,1512.41329,-3.1714750000001004,0.4509299999999712,2,0.2,0.1
3,244,11520,11520,2025-08-27T13:10:27Z,1935.0,1935.4444444444443,1512.09872,-3.4860450000001038,0.33534000000008746,2,0.2,0.1
3,245,11529,11529,2025-08-27T13:10:28Z,1936.0,1936.4444444444443,1513.04812,-2.536645000000135,1.2930549999998675,2,0.2,0.1
3,246,11534,11534,2025-08-27T13:10:29Z,1937.0,1937.0,1512.92255,-2.66221500000006,0.18699500000002445,2,0.2,0.1
3,247,11542,11542,2025-08-27T13:10:30Z,1938.0,1938.125,1512.5692,-3.0155650000001515,0.4409249999998792,2,0.2,0.1
3,248,11550,11550,2025-08-27T13:10:31Z,1939.0,1939.142857142857,1512.5715,-3.0132650000000467,0.611810000000105,2,0.2,0.1
3,249,11557,11557,2025-08-27T13:10:32Z,1940.0,1940.142857142857,1512.16094,-3.423825000000079,0.20125000000007276,2,0.2,0.1
3,250,11561,11561,2025-08-27T13:10:32Z,1940.0,1940.7142857142858,1512.82078,-2.763985000000048,0.935989999999947,2,0.2,0.1
3,251,11569,11569,2025-08-27T13:10:33Z,1941.0,1941.6666666666667,1512.129285,-3.4554800000000796,0.17718500000000859,2,0.2,0.1
3,252,11571,11571,2025-08-27T13:10:33Z,1941.0,1941.888888888889,1511.9075050000001,-3.677259999999933,0.13914999999997235,2,0.2,0.1
3,253,11582,11582,2025-08-27T13:10:35Z,1943.0,1943.111111111111,1512.472575,-3.112190000000055,0.5713600000001406,2,0.2,0.1
3,254,11593,11593,2025-08-27T13:10:36Z,1944.0,1944.3333333333333,1528.52159,12.936824999999999,5.926110000000108,2,0.2,0.1
3,255,11604,11604,2025-08-27T13:10:37Z,1945.0,1945.625,1528.73069,13.145925000000034,1.11162000000013,2,0.2,0.1
3,256,11633,11633,2025-08-27T13:10:41Z,1949.0,1949.111111111111,1529.04576,13.460994999999912,8.710820000000012,2,0.2,0.1
3,257,11648,11648,2025-08-27T13:10:42Z,1950.0,1950.7,1529.64051,14.055744999999888,16.989669999999933,2,0.2,0.1
3,258,11663,11663,2025-08-27T13:10:44Z,1952.0,1952.3333333333333,1515.19352,-0.39124500000002627,0.34455499999990025,2,0.2,0.1
3,259,11693,11693,2025-08-27T13:10:47Z,1955.0,1955.7,1513.58768,-1.99708499999997,0.7135200000000168,2,0.2,0.1
3,260,11697,11697,2025-08-27T13:10:48Z,1956.0,1956.111111111111,1513.0811800000001,-2.50358499999993,0.14631000000008498,2,0.2,0.1
3,261,11699,11699,2025-08-27T13:10:48Z,1956.0,1956.3333333333333,1512.96658,-2.6181850000000395,0.15787000000000262,2,0.2,0.1
3,262,11707,11707,2025-08-27T13:10:49Z,1957.0,1957.2857142857142,1527.51325,11.92848499999991,5.442049999999881,2,0.2,0.1
3,263,11720,11720,2025-08-27T13:10:50Z,1958.0,1958.888888888889,1532.85854,17.273774999999887,19.91124999999988,2,0.2,0.1
3,264,11729,11729,2025-08-27T13:10:51Z,1959.0,1959.8,1528.9597,13.37493500000005,0.11348000000020875,2,0.2,0.1
3,265,11746,11746,2025-08-27T13:10:53Z,1961.0,1961.7142857142858,1529.6466,14.061834999999974,2.5437849999998434,2,0.2,0.1
3,266,11762,11762,2025-08-27T13:10:55Z,1963.0,1963.5,1528.87474,13.289974999999913,8.478489999999965,2,0.2,0.1
3,267,11779,11779,2025-08-27T13:10:57Z,1965.0,1965.2,1515.49947,-0.08529500000008738,0.2561000000000604,2,0.2,0.1
3,268,11786,11786,2025-08-27T13:10:57Z,1965.0,1965.9,1514.3785,-1.2062650000000303,0.12365500000009888,2,0.2,0.1
3,269,11798,11798,2025-08-27T13:10:59Z,1967.0,1967.2857142857142,1514.0731500000002,-1.5116149999998925,0.43083500000011554,2,0.2,0.1
3,270,11816,11816,2025-08-27T13:11:01Z,1969.0,1969.3333333333333,1530.20323,14.618465000000015,7.838580000000093,2,0.2,0.1
3,271,11827,11827,2025-08-27T13:11:02Z,1970.0,1970.5,1528.49847,12.913704999999936,0.14031999999997424,2,0.2,0.1
3,272,11855,11855,2025-08-27T13:11:05Z,1973.0,1973.3,1530.77062,15.185854999999947,17.329870000000028,2,0.2,0.1
3,273,11865,11865,2025-08-27T13:11:06Z,1974.0,1974.3,1530.74875,15.163984999999911,0.49004999999988286,2,0.2,0.1
3,274,11877,11877,2025-08-27T13:11:07Z,1975.0,1975.5,1529.40377,13.819004999999834,9.025609999999915,2,0.2,0.1
3,275,11890,11890,2025-08-27T13:11:08Z,1976.0,1976.8,1517.35098,1.7662149999998746,0.2534699999998793,2,0.2,0.1
3,276,11909,11909,2025-08-27T13:11:10Z,1978.0,1978.7,1514.78014,-0.8046249999999873,0.8327699999999822,2,0.2,0.1
3,277,11913,11913,2025-08-27T13:11:11Z,1979.0,1979.1,1514.78014,-0.8046249999999873,0.8327699999999822,2,0.2,0.1
3,278,11919,11919,2025-08-27T13:11:11Z,1979.0,1979.7,1514.050025,-1.5347400000000562,0.12197500000002037,2,0.2,0.1
3,279,11927,11927,2025-08-27T13:11:12Z,1980.0,1980.5,1513.85007,-1.7346950000001016,0.2896900000000642,2,0.2,0.1
3,280,11934,11934,2025-08-27T13:11:13Z,1981.0,1981.2,1513.91215,-1.6726149999999507,0.41043500000023414,2,0.2,0.1
3,281,11946,11946,2025-08-27T13:11:14Z,1982.0,1982.4,1539.06296,23.478194999999914,27.14384999999993,2,0.2,0.1
3,282,11982,11982,2025-08-27T13:11:18Z,1986.0,1986.111111111111,1529.98612,14.401354999999967,9.328700000000026,2,0.2,0.1
3,283,12004,12004,2025-08-27T13:11:20Z,1988.0,1988.625,1528.24956,12.664794999999913,7.747110000000021,2,0.2,0.1
3,284,12015,12015,2025-08-27T13:11:21Z,1989.0,1989.888888888889,1517.39416,1.809394999999995,0.33045000000015534,2,0.2,0.1
3,285,12030,12030,2025-08-27T13:11:23Z,1991.0,1991.5555555555557,1515.20687,-0.37789500000008047,0.4533200000000761,2,0.2,0.1
3,286,12046,12046,2025-08-27T13:11:25Z,1993.0,1993.4444444444443,1514.389145,-1.1956199999999626,0.3934950000000299,2,0.2,0.1
3,287,12063,12063,2025-08-27T13:11:27Z,1995.0,1995.4444444444443,1529.07087,13.486104999999952,7.817880000000059,2,0.2,0.1
3,288,12089,12089,2025-08-27T13:11:30Z,1998.0,1998.2,1529.66838,14.083615000000009,0.668329999999969,2,0.2,0.1
3,289,12107,12107,2025-08-27T13:11:32Z,2000.0,2000.111111111111,1529.88269,14.29792499999985,15.960509999999886,2,0.2,0.1
3,290,12120,12120,2025-08-27T13:11:33Z,2001.0,2001.5555555555557,1528.47809,12.893325000000004,8.158440000000155,2,0.2,0.1
3,291,12133,12133,2025-08-27T13:11:34Z,2002.0,2002.9,1517.82195,2.237184999999954,0.46225000000004,2,0.2,0.1
3,292,12154,12154,2025-08-27T13:11:36Z,2005.0,2005.0,1515.387495,-0.19727000000011685,0.3665249999999105,2,0.2,0.1
3,293,12156,12156,2025-08-27T13:11:37Z,2005.0,2005.2,1515.23736,-0.34740499999998065,0.6575900000000274,2,0.2,0.1
3,294,12160,12160,2025-08-27T13:11:37Z,2005.0,2005.6,1514.50001,-1.0847550000000865,0.5574300000000676,2,0.2,0.1
3,295,12167,12167,2025-08-27T13:11:38Z,2006.0,2006.3,1514.6588350000002,-0.9259299999998802,0.13806500000009692,2,0.2,0.1
3,296,12177,12177,2025-08-27T13:11:39Z,2007.0,2007.3,1528.63816,13.05339499999991,6.232089999999971,2,0.2,0.1
3,297,12189,12189,2025-08-27T13:11:40Z,2008.0,2008.5,1529.9884,14.403634999999895,1.5033699999999044,2,0.2,0.1
3,298,12196,12196,2025-08-27T13:11:41Z,2009.0,2009.2,1529.66477,14.080005000000028,0.5978700000000572,2,0.2,0.1
3,299,12206,12206,2025-08-27T13:11:42Z,2010.0,2010.2222222222222,1529.92259,14.337824999999839,0.2088699999999335,2,0.2,0.1
3,300,12214,12214,2025-08-27T13:11:43Z,2011.0,2011.1,1530.76402,15.179255000000012,0.4449500000000626,2,0.2,0.1
3,301,12220,12220,2025-08-27T13:11:43Z,2011.0,2011.7,1530.79704,15.212274999999863,16.803879999999936,2,0.2,0.1
3,302,12239,12239,2025-08-27T13:11:45Z,2013.0,2013.7,1529.32879,13.744024999999965,9.280750000000126,2,0.2,0.1
3,303,12267,12267,2025-08-27T13:11:48Z,2016.0,2016.5,1515.922945,0.33817999999996573,0.25282500000002983,2,0.2,0.1
3,304,12271,12271,2025-08-27T13:11:48Z,2016.0,2016.9,1515.81539,0.23062499999991815,0.4096600000000308,2,0.2,0.1
3,305,12283,12283,2025-08-27T13:11:50Z,2018.0,2018.1,1515.2469,-0.3378649999999652,0.21780000000012478,2,0.2,0.1
3,306,12286,12286,2025-08-27T13:11:50Z,2018.0,2018.4,1515.350895,-0.23387000000002445,0.35284500000011576,2,0.2,0.1
3,307,12289,12289,2025-08-27T13:11:50Z,2018.0,2018.7,1515.34902,-0.2357449999999517,0.23145000000022264,2,0.2,0.1
3,308,12305,12305,2025-08-27T13:11:52Z,2020.0,2020.3333333333333,1528.18785,12.603084999999965,5.62528999999995,2,0.2,0.1
3,309,12318,12318,2025-08-27T13:11:53Z,2021.0,2021.7,1529.09653,13.511764999999968,0.1107600000000275,2,0.2,0.1
3,310,12342,12342,2025-08-27T13:11:56Z,2024.0,2024.111111111111,1530.76016,15.17539499999998,16.237455000000182,2,0.2,0.1
3,311,12349,12349,2025-08-27T13:11:56Z,2024.0,2024.888888888889,1530.74953,15.164764999999989,0.8505900000000111,2,0.2,0.1
3,312,12366,12366,2025-08-27T13:11:58Z,2026.0,2026.6,1528.84648,13.261714999999867,8.684129999999868,2,0.2,0.1
3,313,12401,12401,2025-08-27T13:12:02Z,2030.0,2030.6,1515.7957700000002,0.2110050000001138,0.3182200000001103,2,0.2,0.1
3,314,12424,12424,2025-08-27T13:12:05Z,2033.0,2033.3333333333333,1527.91342,12.328655000000026,7.220310000000154,2,0.2,0.1
3,315,12434,12434,2025-08-27T13:12:06Z,2034.0,2034.5714285714287,1530.4185,14.833734999999933,0.800899999999956,2,0.2,0.1
3,316,12442,12442,2025-08-27T13:12:07Z,2035.0,2035.5555555555557,1530.76579,15.181024999999863,0.1575599999998758,2,0.2,0.1
3,317,12459,12459,2025-08-27T13:12:09Z,2037.0,2037.75,1531.04481,15.460045000000036,15.990590000000111,2,0.2,0.1
3,318,12474,12474,2025-08-27T13:12:11Z,2039.0,2039.5,1528.14697,12.562204999999949,7.556870000000117,2,0.2,0.1
3,319,12526,12526,2025-08-27T13:12:17Z,2045.0,2045.2222222222222,1528.14723,12.562464999999975,5.235810000000129,2,0.2,0.1
3,320,12546,12546,2025-08-27T13:12:19Z,2047.0,2047.3,1530.84144,15.25667499999986,0.17599999999993088,2,0.2,0.1
3,321,12558,12558,2025-08-27T13:12:20Z,2048.0,2048.5,1530.98742,15.402654999999868,0.1502900000000409,2,0.2,0.1
3,322,12567,12567,2025-08-27T13:12:21Z,2049.0,2049.4,1531.06523,15.480464999999867,17.173904999999877,2,0.2,0.1
3,323,12569,12569,2025-08-27T13:12:21Z,2049.0,2049.6,1531.06523,15.480464999999867,17.173904999999877,2,0.2,0.1
3,324,12588,12588,2025-08-27T13:12:23Z,2051.0,2051.5,1528.42535,12.840584999999919,8.15994999999998,2,0.2,0.1
3,325,12620,12620,2025-08-27T13:12:26Z,2054.0,2054.9,1516.02509,0.44032500000002983,0.26193000000012034,2,0.2,0.1
3,326,12653,12653,2025-08-27T13:12:30Z,2058.0,2058.3,1528.01702,12.432254999999941,8.017880000000105,2,0.2,0.1
3,327,12659,12659,2025-08-27T13:12:30Z,2058.0,2058.9,1522.6532,7.0684349999999085,1.281060000000025,2,0.2,0.1
3,328,12678,12678,2025-08-27T13:12:32Z,2060.0,2060.8,1529.95596,14.371194999999943,14.497645000000148,2,0.2,0.1
3,329,12695,12695,2025-08-27T13:12:34Z,2062.0,2062.5,1529.79705,14.212284999999838,0.6175699999998869,2,0.2,0.1
3,330,12703,12703,2025-08-27T13:12:35Z,2063.0,2063.3,1529.7832,14.198435000000018,1.1788700000001882,2,0.2,0.1
3,331,12716,12716,2025-08-27T13:12:36Z,2064.0,2064.6,1526.6068,11.02203499999996,7.149159999999938,2,0.2,0.1
3,332,12740,12740,2025-08-27T13:12:38Z,2067.0,2067.0,1517.72579,2.1410249999998996,0.17595000000005712,2,0.2,0.1
3,333,12756,12756,2025-08-27T13:12:40Z,2068.0,2068.6,1516.81403,1.2292649999999412,0.7857500000000073,2,0.2,0.1
3,334,12764,12764,2025-08-27T13:12:41Z,2069.0,2069.4,1516.48387,0.8991049999999632,0.52833499999997,2,0.2,0.1
3,335,12772,12772,2025-08-27T13:12:42Z,2070.0,2070.2,1516.375675,0.7909099999999398,0.8574149999999463,2,0.2,0.1
3,336,12804,12804,2025-08-27T13:12:45Z,2073.0,2073.4,1515.79152,0.20675499999993008,0.6324349999999868,2,0.2,0.1
3,337,12815,12815,2025-08-27T13:12:46Z,2074.0,2074.5,1514.4879,-1.0968649999999798,0.5289900000000216,2,0.2,0.1
3,338,12828,12828,2025-08-27T13:12:47Z,2075.0,2075.8,1514.00456,-1.580204999999978,0.4730200000001332,2,0.2,0.1
3,339,12847,12847,2025-08-27T13:12:49Z,2077.0,2077.7,1514.38076,-1.204005000000052,0.8693200000000161,2,0.2,0.1
3,340,12856,12856,2025-08-27T13:12:50Z,2078.0,2078.6666666666665,1514.02758,-1.5571850000001177,0.46113999999988664,2,0.2,0.1
3,341,12861,12861,2025-08-27T13:12:51Z,2079.0,2079.2,1513.53414,-2.050625000000082,0.12337999999999738,2,0.2,0.1
3,342,12863,12863,2025-08-27T13:12:51Z,2079.0,2079.4,1513.53414,-2.050625000000082,0.13649000000009437,2,0.2,0.1
3,343,12870,12870,2025-08-27T13:12:52Z,2080.0,2080.1,1513.561435,-2.023329999999987,0.300275000000056,2,0.2,0.1
3,344,12898,12898,2025-08-27T13:12:55Z,2083.0,2083.5,1513.103255,-2.481510000000071,0.1451849999998558,2,0.2,0.1
3,345,12907,12907,2025-08-27T13:12:56Z,2084.0,2084.5555555555557,1513.52273,-2.062035000000151,0.6047949999999673,2,0.2,0.1
3,346,12912,12912,2025-08-27T13:12:57Z,2085.0,2085.1111111111113,1513.5125699999999,-2.0721950000001925,0.5543250000000626,2,0.2,0.1
3,347,12923,12923,2025-08-27T13:12:58Z,2086.0,2086.375,1513.51889,-2.0658750000000055,0.5869400000001406,2,0.2,0.1
3,348,12947,12947,2025-08-27T13:13:01Z,2089.0,2089.125,1513.19034,-2.3944249999999556,0.23444500000005064,2,0.2,0.1
3,349,12961,12961,2025-08-27T13:13:02Z,2090.0,2090.875,1513.54496,-2.039805000000115,1.3573549999998704,2,0.2,0.1
3,350,12965,12965,2025-08-27T13:13:03Z,2091.0,2091.3333333333335,1513.45199,-2.132775000000038,0.2244700000001103,2,0.2,0.1
3,351,12974,12974,2025-08-27T13:13:04Z,2092.0,2092.3333333333335,1513.50859,-2.0761750000001484,0.3267049999999472,2,0.2,0.1
3,352,12997,12997,2025-08-27T13:13:06Z,2094.0,2094.875,1513.5088,-2.0759649999999965,0.5922100000000228,2,0.2,0.1
3,353,13018,13018,2025-08-27T13:13:09Z,2097.0,2097.1,1513.236965,-2.3478000000000065,0.3384350000001177,2,0.2,0.1
3,354,13040,13040,2025-08-27T13:13:11Z,2099.0,2099.3,1513.27592,-2.3088450000000194,0.533685000000105,2,0.2,0.1
3,355,13051,13051,2025-08-27T13:13:12Z,2100.0,2100.4,1513.19409,-2.390675000000101,0.285570000000007,2,0.2,0.1
3,356,13058,13058,2025-08-27T13:13:13Z,2101.0,2101.1,1513.23457,-2.350194999999985,0.2837000000001808,2,0.2,0.1
3,357,13061,13061,2025-08-27T13:13:13Z,2101.0,2101.4,1513.2474499999998,-2.337315000000217,0.31272999999987405,2,0.2,0.1
3,358,13077,13077,2025-08-27T13:13:14Z,2103.0,2103.0,1513.53055,-2.054215000000113,0.297505000000001,2,0.2,0.1
3,359,13080,13080,2025-08-27T13:13:15Z,2103.0,2103.3,1513.53063,-2.0541350000000875,0.8080549999999675,2,0.2,0.1
3,360,13083,13083,2025-08-27T13:13:15Z,2103.0,2103.6,1513.08866,-2.4961050000001705,0.1817399999999907,2,0.2,0.1
3,361,13087,13087,2025-08-27T13:13:15Z,2104.0,2104.0,1513.2182750000002,-2.366489999999885,0.31296500000007654,2,0.2,0.1
3,362,13090,13090,2025-08-27T13:13:16Z,2104.0,2104.3,1513.4378,-2.1469650000001366,0.6744499999997515,2,0.2,0.1
3,363,13093,13093,2025-08-27T13:13:16Z,2104.0,2104.6,1513.23116,-2.353605000000016,0.2996800000000803,2,0.2,0.1
3,364,13119,13119,2025-08-27T13:13:19Z,2107.0,2107.2,1513.22631,-2.358455000000049,0.3130400000000009,2,0.2,0.1
3,365,13131,13131,2025-08-27T13:13:20Z,2108.0,2108.4,1528.72638,13.141615000000002,9.877950000000055,2,0.2,0.1
3,366,13145,13145,2025-08-27T13:13:21Z,2109.0,2109.8,1534.4171,18.83233499999983,6.324869999999919,2,0.2,0.1
3,367,13167,13167,2025-08-27T13:13:23Z,2112.0,2112.0,1534.8037,19.218934999999874,0.4568099999999049,2,0.2,0.1
3,368,13170,13170,2025-08-27T13:13:24Z,2112.0,2112.3,1535.02645,19.441685000000007,0.5390800000000127,2,0.2,0.1
3,369,13174,13174,2025-08-27T13:13:24Z,2112.0,2112.7,1535.1925,19.607735000000048,0.7051300000000538,2,0.2,0.1
3,370,13179,13179,2025-08-27T13:13:25Z,2113.0,2113.2,1537.38102,21.796254999999974,23.403549999999996,2,0.2,0.1
3,371,13193,13193,2025-08-27T13:13:26Z,2114.0,2114.6,1528.2228,12.638034999999945,9.193670000000111,2,0.2,0.1
3,372,13233,13233,2025-08-27T13:13:30Z,2118.0,2118.6,1514.85709,-0.7276750000000902,0.37946000000010827,2,0.2,0.1
3,373,13240,13240,2025-08-27T13:13:31Z,2119.0,2119.3,1514.48713,-1.097635000000082,0.2941000000000713,2,0.2,0.1
3,374,13243,13243,2025-08-27T13:13:31Z,2119.0,2119.6,1514.24307,-1.3416950000000725,0.2440599999999904,2,0.2,0.1
3,375,13261,13261,2025-08-27T13:13:33Z,2121.0,2121.4,1528.23934,12.654575000000023,7.734260000000177,2,0.2,0.1
3,376,13275,13275,2025-08-27T13:13:34Z,2122.0,2122.8,1534.24646,18.66169500000001,5.0212900000001355,2,0.2,0.1
3,377,13308,13308,2025-08-27T13:13:38Z,2126.0,2126.3,1539.00428,23.419515000000047,24.491450000000214,2,0.2,0.1
3,378,13320,13320,2025-08-27T13:13:39Z,2127.0,2127.5555555555557,1528.37602,12.791254999999865,13.38550999999984,2,0.2,0.1
3,379,13328,13328,2025-08-27T13:13:40Z,2128.0,2128.5,1519.01765,3.432884999999942,0.8790500000000065,2,0.2,0.1
3,380,13336,13336,2025-08-27T13:13:41Z,2129.0,2129.5,1517.07184,1.4870750000000044,0.2052850000000035,2,0.2,0.1
3,381,13377,13377,2025-08-27T13:13:46Z,2134.0,2134.4444444444443,1528.19579,12.611024999999927,7.83161999999993,2,0.2,0.1
3,382,13405,13405,2025-08-27T13:13:49Z,2137.0,2137.75,1535.2181,19.633334999999988,2.1688500000000204,2,0.2,0.1
3,383,13417,13417,2025-08-27T13:13:51Z,2139.0,2139.25,1538.97833,23.393564999999853,24.462239999999838,2,0.2,0.1
3,384,13428,13428,2025-08-27T13:13:52Z,2140.0,2140.5555555555557,1528.22121,12.636444999999867,10.746014999999943,2,0.2,0.1
3,385,13442,13442,2025-08-27T13:13:54Z,2142.0,2142.1,1517.8638,2.2790350000000217,0.19640000000003965,2,0.2,0.1
3,386,13455,13455,2025-08-27T13:13:55Z,2143.0,2143.4444444444443,1516.61909,1.0343249999998534,0.5112500000000182,2,0.2,0.1
3,387,13490,13490,2025-08-27T13:13:59Z,2147.0,2147.3,1526.79971,11.214944999999943,7.825694999999996,2,0.2,0.1
3,388,13504,13504,2025-08-27T13:14:00Z,2148.0,2148.7,1532.50007,16.91530499999999,1.0365200000001096,2,0.2,0.1
3,389,13524,13524,2025-08-27T13:14:02Z,2150.0,2150.9,1539.10856,23.523794999999836,23.59710999999993,2,0.2,0.1
3,390,13539,13539,2025-08-27T13:14:04Z,2152.0,2152.4,1539.0929,23.50813500000004,0.16435999999998785,2,0.2,0.1
3,391,13552,13552,2025-08-27T13:14:05Z,2153.0,2153.7,1528.23946,12.654694999999947,8.580699999999979,2,0.2,0.1
3,392,13566,13566,2025-08-27T13:14:07Z,2155.0,2155.1,1517.89265,2.307884999999942,0.29654000000005,2,0.2,0.1
3,393,13574,13574,2025-08-27T13:14:07Z,2155.0,2155.9,1517.475465,1.8906999999999243,0.8188500000001113,2,0.2,0.1
3,394,13586,13586,2025-08-27T13:14:09Z,2157.0,2157.1,1516.81806,1.2332949999999983,0.73700000000008,2,0.2,0.1
3,395,13597,13597,2025-08-27T13:14:10Z,2158.0,2158.2,1515.77371,0.18894499999987602,0.2492499999998472,2,0.2,0.1
3,396,13619,13619,2025-08-27T13:14:12Z,2160.0,2160.4,1528.54138,12.956614999999829,10.064514999999801,2,0.2,0.1
3,397,13633,13633,2025-08-27T13:14:13Z,2161.0,2161.8,1532.07835,16.49358499999994,1.0212400000000343,2,0.2,0.1
3,398,13666,13666,2025-08-27T13:14:17Z,2165.0,2165.2,1539.18744,23.602674999999863,23.7200499999999,2,0.2,0.1
3,399,13681,13681,2025-08-27T13:14:18Z,2166.0,2166.7,1528.25442,12.66965499999992,9.337260000000015,2,0.2,0.1
3,400,13692,13692,2025-08-27T13:14:19Z,2167.0,2167.8,1518.47229,2.8875249999998687,0.702639999999974,2,0.2,0.1
3,401,13711,13711,2025-08-27T13:14:21Z,2169.0,2169.7,1517.07174,1.4869750000000295,0.42204000000015185,2,0.2,0.1
3,402,13725,13725,2025-08-27T13:14:23Z,2171.0,2171.1,1516.06375,0.478984999999966,0.3221499999999651,2,0.2,0.1
3,403,13747,13747,2025-08-27T13:14:25Z,2173.0,2173.3,1528.51079,12.926024999999981,11.009999999999991,2,0.2,0.1
3,404,13761,13761,2025-08-27T13:14:26Z,2174.0,2174.7,1534.48186,18.897095000000036,2.303380000000061,2,0.2,0.1
3,405,13770,13770,2025-08-27T13:14:27Z,2175.0,2175.6666666666665,1535.01247,19.427704999999833,1.9536799999998493,2,0.2,0.1
3,406,13796,13796,2025-08-27T13:14:30Z,2178.0,2178.5,1539.225845,23.641079999999874,23.692234999999982,2,0.2,0.1
3,407,13803,13803,2025-08-27T13:14:31Z,2179.0,2179.4285714285716,1533.720385,18.135620000000017,11.024905000000217,2,0.2,0.1
3,408,13816,13816,2025-08-27T13:14:33Z,2181.0,2181.1111111111113,1517.931275,2.346509999999853,0.2254849999999351,2,0.2,0.1
3,409,13822,13822,2025-08-27T13:14:33Z,2181.0,2181.777777777778,1517.25081,1.66604499999994,0.1176700000000892,2,0.2,0.1
3,410,13825,13825,2025-08-27T13:14:34Z,2182.0,2182.1,1517.651195,2.0664299999998548,0.5606099999999969,2,0.2,0.1
3,411,13848,13848,2025-08-27T13:14:36Z,2184.0,2184.5555555555557,1516.05718,0.4724149999999554,0.24905000000012478,2,0.2,0.1
3,412,13852,13852,2025-08-27T13:14:36Z,2185.0,2185.0,1515.91502,0.33025499999985186,0.10529999999994288,2,0.2,0.1
3,413,13856,13856,2025-08-27T13:14:37Z,2185.0,2185.4444444444443,1515.91502,0.33025499999985186,0.10529999999994288,2,0.2,0.1
3,414,13864,13864,2025-08-27T13:14:38Z,2186.0,2186.3333333333335,1527.50558,11.920814999999948,8.907899999999927,2,0.2,0.1
3,415,13908,13908,2025-08-27T13:14:43Z,2191.0,2191.2,1539.3101,23.72533499999986,24.204009999999926,2,0.2,0.1
3,416,13910,13910,2025-08-27T13:14:43Z,2191.0,2191.4,1539.3101,23.72533499999986,24.204009999999926,2,0.2,0.1
3,417,13923,13923,2025-08-27T13:14:44Z,2192.0,2192.7,1528.68699,13.102224999999862,12.702080000000024,2,0.2,0.1
3,418,13938,13938,2025-08-27T13:14:46Z,2194.0,2194.222222222222,1518.23656,2.651794999999993,0.33045000000015534,2,0.2,0.1
3,419,13947,13947,2025-08-27T13:14:47Z,2195.0,2195.2,1517.7641549999998,2.1793899999997848,0.10285499999986314,2,0.2,0.1
3,420,13987,13987,2025-08-27T13:14:51Z,2199.0,2199.2,1526.66455,11.079784999999902,6.189689999999928,2,0.2,0.1
3,421,13994,13994,2025-08-27T13:14:51Z,2199.0,2199.9,1520.91399,5.329224999999951,0.43912999999997737,2,0.2,0.1
3,422,14001,14001,2025-08-27T13:14:52Z,2200.0,2200.6666666666665,1532.51081,16.92604499999993,1.5397800000000643,2,0.2,0.1
3,423,14033,14033,2025-08-27T13:14:55Z,2204.0,2204.0,1539.53012,23.945354999999836,28.23925999999983,2,0.2,0.1
3,424,14051,14051,2025-08-27T13:14:57Z,2205.0,2205.8,1528.26786,12.683094999999867,9.759649999999965,2,0.2,0.1
3,425,14064,14064,2025-08-27T13:14:59Z,2207.0,2207.1,1519.19216,3.607394999999997,1.0559500000001663,2,0.2,0.1
3,426,14072,14072,2025-08-27T13:14:59Z,2207.0,2207.9,1517.91367,2.3289049999998497,0.18485999999984415,2,0.2,0.1
3,427,14076,14076,2025-08-27T13:15:00Z,2208.0,2208.3,1517.69275,2.1079849999998714,0.13015500000005886,2,0.2,0.1
3,428,14116,14116,2025-08-27T13:15:04Z,2212.0,2212.3,1526.9125,11.327734999999848,7.627099999999928,2,0.2,0.1
3,429,14162,14162,2025-08-27T13:15:08Z,2216.0,2216.9,1539.51261,23.927844999999934,23.971450000000004,2,0.2,0.1
3,430,14165,14165,2025-08-27T13:15:09Z,2217.0,2217.2,1539.51261,23.927844999999934,23.971450000000004,2,0.2,0.1
3,431,14173,14173,2025-08-27T13:15:09Z,2218.0,2218.0,1519.81788,4.233114999999998,0.5773450000001503,2,0.2,0.1
3,432,14180,14180,2025-08-27T13:15:10Z,2218.0,2218.7,1528.52014,12.935375000000022,11.097095000000081,2,0.2,0.1
3,433,14196,14196,2025-08-27T13:15:12Z,2220.0,2220.3,1518.58097,2.996204999999918,0.6830399999998917,2,0.2,0.1
3,434,14199,14199,2025-08-27T13:15:12Z,2220.0,2220.6,1518.52585,2.94108499999993,0.2886000000000877,2,0.2,0.1
3,435,14208,14208,2025-08-27T13:15:13Z,2221.0,2221.5,1517.481065,1.8962999999998829,0.45495499999992717,2,0.2,0.1
3,436,14210,14210,2025-08-27T13:15:13Z,2221.0,2221.7,1517.33367,1.7489049999999224,0.22883999999999105,2,0.2,0.1
3,437,14246,14246,2025-08-27T13:15:17Z,2225.0,2225.3,1527.37884,11.79407500000002,7.432250000000067,2,0.2,0.1
3,438,14260,14260,2025-08-27T13:15:18Z,2226.0,2226.777777777778,1532.55002,16.965254999999843,0.1269999999999527,2,0.2,0.1
3,439,14274,14274,2025-08-27T13:15:20Z,2228.0,2228.2,1539.47766,23.892894999999953,23.417329999999993,2,0.2,0.1
3,440,14295,14295,2025-08-27T13:15:22Z,2230.0,2230.625,1521.92248,6.337714999999889,2.4122800000000097,2,0.2,0.1
3,441,14301,14301,2025-08-27T13:15:23Z,2231.0,2231.375,1522.09016,6.505394999999908,3.56975999999986,2,0.2,0.1
3,442,14312,14312,2025-08-27T13:15:24Z,2232.0,2232.75,1516.00003,0.415264999999863,0.22438499999975647,2,0.2,0.1
3,443,14330,14330,2025-08-27T13:15:26Z,2234.0,2234.777777777778,1514.52582,-1.0589449999999943,0.6956700000000637,2,0.2,0.1
3,444,14335,14335,2025-08-27T13:15:27Z,2235.0,2235.3333333333335,1514.04025,-1.5445150000000467,0.10401000000001659,2,0.2,0.1
3,445,14350,14350,2025-08-27T13:15:28Z,2237.0,2237.0,1513.53192,-2.0528450000001612,0.1876199999999244,2,0.2,0.1
3,446,14353,14353,2025-08-27T13:15:29Z,2237.0,2237.3,1513.54508,-2.039684999999963,0.20323000000007596,2,0.2,0.1
3,447,14361,14361,2025-08-27T13:15:30Z,2238.0,2238.1111111111113,1513.54788,-2.036884999999984,0.25466499999993175,2,0.2,0.1
3,448,14371,14371,2025-08-27T13:15:31Z,2239.0,2239.222222222222,1513.41189,-2.1728749999999764,0.4535400000002028,2,0.2,0.1
3,449,14382,14382,2025-08-27T13:15:32Z,2240.0,2240.4444444444443,1513.326955,-2.257810000000063,0.48523500000010245,2,0.2,0.1
3,450,14385,14385,2025-08-27T13:15:32Z,2240.0,2240.777777777778,1513.03277,-2.5519950000000335,0.20519500000000335,2,0.2,0.1
3,451,14393,14393,2025-08-27T13:15:33Z,2241.0,2241.6666666666665,1512.92751,-2.6572550000000774,0.6412499999999,2,0.2,0.1
3,452,14395,14395,2025-08-27T13:15:33Z,2241.0,2241.8888888888887,1512.682935,-2.901830000000018,0.2704149999999572,2,0.2,0.1
3,453,14399,14399,2025-08-27T13:15:34Z,2242.0,2242.3,1512.670145,-2.9146200000000135,0.7467750000000706,2,0.2,0.1
3,454,14405,14405,2025-08-27T13:15:34Z,2242.0,2242.9,1512.34492,-3.2398450000000594,0.21794999999997344,2,0.2,0.1
3,455,14412,14412,2025-08-27T13:15:35Z,2243.0,2243.6666666666665,1512.170185,-3.4145800000001145,0.25163499999985106,2,0.2,0.1
3,456,14415,14415,2025-08-27T13:15:35Z,2244.0,2244.0,1511.92873,-3.6560349999999744,0.15615000000025248,2,0.2,0.1
3,457,14419,14419,2025-08-27T13:15:36Z,2244.0,2244.4,1511.90258,-3.6821850000001177,0.13248999999996158,2,0.2,0.1
3,458,14424,14424,2025-08-27T13:15:36Z,2244.0,2244.9,1511.6854050000002,-3.899359999999888,0.2071450000000823,2,0.2,0.1
3,459,14427,14427,2025-08-27T13:15:37Z,2245.0,2245.222222222222,1511.91618,-3.668585000000121,0.4379199999998491,2,0.2,0.1
3,460,14451,14451,2025-08-27T13:15:39Z,2247.0,2247.7,1511.92116,-3.6636049999999614,0.43854000000010274,2,0.2,0.1
3,461,14466,14466,2025-08-27T13:15:41Z,2249.0,2249.222222222222,1512.14794,-3.436824999999999,0.598220000000083,2,0.2,0.1
3,462,14474,14474,2025-08-27T13:15:42Z,2250.0,2250.1,1512.43157,-3.153195000000096,0.990579999999909,2,0.2,0.1
3,463,14481,14481,2025-08-27T13:15:42Z,2250.0,2250.8,1511.88787,-3.6968950000000405,0.2518999999999778,2,0.2,0.1
3,464,14489,14489,2025-08-27T13:15:43Z,2251.0,2251.6,1511.9088700000002,-3.675894999999855,0.4067800000002535,2,0.2,0.1
3,465,14517,14517,2025-08-27T13:15:46Z,2254.0,2254.5,1511.6499549999999,-3.9348100000001978,0.3992949999999382,2,0.2,0.1
3,466,14531,14531,2025-08-27T13:15:47Z,2255.0,2255.9,1511.60889,-3.9758750000000873,0.15940999999997985,2,0.2,0.1
3,467,14541,14541,2025-08-27T13:15:48Z,2256.0,2256.9,1511.644335,-3.940430000000106,0.39271999999982654,2,0.2,0.1
3,468,14545,14545,2025-08-27T13:15:49Z,2257.0,2257.3,1511.47845,-4.106314999999995,0.1429600000001301,2,0.2,0.1
3,469,14552,14552,2025-08-27T13:15:49Z,2258.0,2258.0,1511.67444,-3.910325000000057,0.6930899999999838,2,0.2,0.1
3,470,14563,14563,2025-08-27T13:15:51Z,2259.0,2259.1,1511.64584,-3.938925000000154,0.10101999999983491,2,0.2,0.1
3,471,14572,14572,2025-08-27T13:15:51Z,2260.0,2260.0,1511.6486,-3.9361650000000736,0.43687999999997373,2,0.2,0.1
3,472,14580,14580,2025-08-27T13:15:52Z,2260.0,2260.8,1511.297575,-4.28719000000001,0.3474149999999554,2,0.2,0.1
3,473,14583,14583,2025-08-27T13:15:53Z,2261.0,2261.1,1511.64499,-3.939775000000054,0.6254100000001017,2,0.2,0.1
3,474,14586,14586,2025-08-27T13:15:53Z,2261.0,2261.4,1511.64594,-3.9388249999999516,0.6957800000000134,2,0.2,0.1
3,475,14599,14599,2025-08-27T13:15:54Z,2262.0,2262.7,1511.42513,-4.15963499999998,0.8746249999999236,2,0.2,0.1
3,476,14612,14612,2025-08-27T13:15:55Z,2264.0,2264.0,1511.61512,-3.9696450000001278,0.3336500000000342,2,0.2,0.1
3,477,14627,14627,2025-08-27T13:15:57Z,2265.0,2265.5,1511.63275,-3.952015000000074,1.2028900000000249,2,0.2,0.1
3,478,14633,14633,2025-08-27T13:15:58Z,2266.0,2266.1111111111113,1511.0425500000001,-4.542214999999942,0.127250000000231,2,0.2,0.1
3,479,14646,14646,2025-08-27T13:15:59Z,2267.0,2267.5,1511.42886,-4.155905000000075,0.2096799999999348,2,0.2,0.1
3,480,14664,14664,2025-08-27T13:16:01Z,2269.0,2269.3,1511.63195,-3.9528150000001006,1.175420000000031,2,0.2,0.1
3,481,14666,14666,2025-08-27T13:16:01Z,2269.0,2269.5,1511.63195,-3.9528150000001006,1.175420000000031,2,0.2,0.1
3,482,14677,14677,2025-08-27T13:16:02Z,2270.0,2270.6,1510.45617,-5.128595000000132,0.16875499999991916,2,0.2,0.1
3,483,14682,14682,2025-08-27T13:16:03Z,2271.0,2271.125,1511.626635,-3.958129999999983,1.2602449999999408,2,0.2,0.1
3,484,14693,14693,2025-08-27T13:16:04Z,2272.0,2272.5,1511.605735,-3.979029999999966,0.9548050000000785,2,0.2,0.1
3,485,14701,14701,2025-08-27T13:16:05Z,2273.0,2273.4444444444443,1511.61227,-3.972494999999981,0.3039400000002388,2,0.2,0.1
3,486,14708,14708,2025-08-27T13:16:06Z,2274.0,2274.222222222222,1511.63651,-3.9482550000000174,1.517849999999953,2,0.2,0.1
3,487,14715,14715,2025-08-27T13:16:07Z,2275.0,2275.0,1511.4543800000001,-4.130384999999933,0.3617250000002059,2,0.2,0.1
3,488,14717,14717,2025-08-27T13:16:07Z,2275.0,2275.25,1511.446915,-4.137850000000071,0.5537699999999859,2,0.2,0.1
3,489,14728,14728,2025-08-27T13:16:08Z,2276.0,2276.5555555555557,1511.453745,-4.131020000000035,1.4235049999999774,2,0.2,0.1
3,490,14732,14732,2025-08-27T13:16:08Z,2277.0,2277.0,1510.7191050000001,-4.865659999999934,0.48901500000010856,2,0.2,0.1
3,491,14736,14736,2025-08-27T13:16:09Z,2277.0,2277.5,1511.20812,-4.376645000000053,0.8172449999999571,2,0.2,0.1
3,492,14739,14739,2025-08-27T13:16:09Z,2277.0,2277.875,1511.0947700000002,-4.489994999999908,0.2562500000001364,2,0.2,0.1
3,493,14754,14754,2025-08-27T13:16:11Z,2279.0,2279.625,1511.62636,-3.9584050000000843,1.5815900000000056,2,0.2,0.1
3,494,14763,14763,2025-08-27T13:16:12Z,2280.0,2280.6,1511.014645,-4.570120000000088,0.703565000000026,2,0.2,0.1
3,495,14775,14775,2025-08-27T13:16:13Z,2282.0,2282.0,1510.8644,-4.720365000000129,0.1905899999999292,2,0.2,0.1
3,496,14778,14778,2025-08-27T13:16:14Z,2282.0,2282.3333333333335,1511.4490799999999,-4.135685000000194,1.3725299999998697,2,0.2,0.1
3,497,14788,14788,2025-08-27T13:16:15Z,2283.0,2283.5,1510.878895,-4.705870000000004,0.20545999999990272,2,0.2,0.1
3,498,14793,14793,2025-08-27T13:16:16Z,2284.0,2284.1111111111113,1511.45374,-4.131025000000136,1.1265750000000025,2,0.2,0.1
3,499,14805,14805,2025-08-27T13:16:17Z,2285.0,2285.4444444444443,1511.652,-3.9327650000000176,1.6247299999999996,2,0.2,0.1
3,500,14813,14813,2025-08-27T13:16:18Z,2286.0,2286.3,1511.64716,-3.937605000000076,1.6170400000000882,2,0.2,0.1
3,501,14820,14820,2025-08-27T13:16:18Z,2287.0,2287.0,1511.24186,-4.342904999999973,1.2117400000001908,2,0.2,0.1
3,502,14848,14848,2025-08-27T13:16:21Z,2289.0,2289.9,1511.61411,-3.970655000000079,1.6005800000000363,2,0.2,0.1
3,503,14850,14850,2025-08-27T13:16:22Z,2290.0,2290.1,1511.24798,-4.3367849999999635,0.8837000000000899,2,0.2,0.1
3,504,14866,14866,2025-08-27T13:16:23Z,2291.0,2291.777777777778,1510.53608,-5.048684999999978,0.44194000000015876,2,0.2,0.1
3,505,14872,14872,2025-08-27T13:16:24Z,2292.0,2292.4444444444443,1510.32827,-5.256495000000086,0.22145000000000437,2,0.2,0.1
3,506,14878,14878,2025-08-27T13:16:25Z,2293.0,2293.1,1511.66587,-3.9188950000000204,1.6553000000001248,2,0.2,0.1
3,507,14892,14892,2025-08-27T13:16:26Z,2294.0,2294.5,1511.61438,-3.9703850000000784,1.5002600000000257,2,0.2,0.1
3,508,14905,14905,2025-08-27T13:16:27Z,2295.0,2295.8,1510.26647,-5.318295000000035,0.14903000000003885,2,0.2,0.1
3,509,14909,14909,2025-08-27T13:16:28Z,2296.0,2296.2,1510.23769,-5.347075000000132,0.11973999999986518,2,0.2,0.1
3,510,14914,14914,2025-08-27T13:16:28Z,2296.0,2296.7,1510.76781,-4.816955000000007,0.8087500000001455,2,0.2,0.1
3,511,14922,14922,2025-08-27T13:16:29Z,2297.0,2297.5,1510.29678,-5.2879850000001625,0.18087999999988824,2,0.2,0.1
3,512,14928,14928,2025-08-27T13:16:30Z,2298.0,2298.1,1510.21275,-5.372015000000147,0.10143999999991138,2,0.2,0.1
3,513,14943,14943,2025-08-27T13:16:31Z,2299.0,2299.6,1510.32455,-5.2602150000000165,0.2639550000001236,2,0.2,0.1
3,514,14949,14949,2025-08-27T13:16:32Z,2300.0,2300.2,1510.10578,-5.478984999999966,0.132090000000062,2,0.2,0.1
3,515,14958,14958,2025-08-27T13:16:33Z,2301.0,2301.1,1510.35023,-5.234535000000051,0.3039000000001124,2,0.2,0.1
3,516,14965,14965,2025-08-27T13:16:33Z,2301.0,2301.8,1510.90796,-4.6768050000000585,0.23682499999995343,2,0.2,0.1
3,517,14968,14968,2025-08-27T13:16:34Z,2302.0,2302.1,1511.20229,-4.382475000000113,1.1868199999998978,2,0.2,0.1
3,518,14981,14981,2025-08-27T13:16:35Z,2303.0,2303.4,1511.22273,-4.362035000000105,1.2072499999999309,2,0.2,0.1
3,519,14984,14984,2025-08-27T13:16:35Z,2303.0,2303.7,1510.634275,-4.950490000000173,0.29292499999996835,2,0.2,0.1
3,520,14995,14995,2025-08-27T13:16:36Z,2304.0,2304.8,1510.54911,-5.035655000000133,0.1113749999999527,2,0.2,0.1
3,521,15002,15002,2025-08-27T13:16:37Z,2305.0,2305.5,1511.23752,-4.347245000000157,1.2261399999999867,2,0.2,0.1
3,522,15020,15020,2025-08-27T13:16:39Z,2307.0,2307.3,1510.91327,-4.67149500000005,0.8797799999999825,2,0.2,0.1
3,523,15024,15024,2025-08-27T13:16:39Z,2307.0,2307.7,1510.12444,-5.460325000000012,0.10614000000009582,2,0.2,0.1
3,524,15028,15028,2025-08-27T13:16:40Z,2308.0,2308.1,1510.33169,-5.253075000000081,0.21250000000009095,2,0.2,0.1
3,525,15035,15035,2025-08-27T13:16:40Z,2308.0,2308.8,1511.28236,-4.302405000000135,1.2623349999998936,2,0.2,0.1
3,526,15046,15046,2025-08-27T13:16:41Z,2309.0,2309.9,1511.07899,-4.505775000000085,0.3070399999999154,2,0.2,0.1
3,527,15048,15048,2025-08-27T13:16:42Z,2310.0,2310.1,1511.2008799999999,-4.383885000000191,0.3820899999998346,2,0.2,0.1
3,528,15052,15052,2025-08-27T13:16:42Z,2310.0,2310.5,1511.430545,-4.154220000000123,0.2186749999998483,2,0.2,0.1
3,529,15063,15063,2025-08-27T13:16:43Z,2311.0,2311.6,1511.63416,-3.950604999999996,1.6924650000000838,2,0.2,0.1
3,530,15069,15069,2025-08-27T13:16:44Z,2312.0,2312.2,1510.96444,-4.6203250000000935,0.173279999999977,2,0.2,0.1
3,531,15073,15073,2025-08-27T13:16:44Z,2312.0,2312.6,1510.877725,-4.707040000000006,0.5861899999999878,2,0.2,0.1
3,532,15082,15082,2025-08-27T13:16:45Z,2313.0,2313.5,1510.4928,-5.091965000000073,0.2295400000000427,2,0.2,0.1
3,533,15098,15098,2025-08-27T13:16:47Z,2315.0,2315.1,1510.3205,-5.264265000000023,0.31826999999998407,2,0.2,0.1
3,534,15100,15100,2025-08-27T13:16:47Z,2315.0,2315.3,1510.3205,-5.264265000000023,0.31826999999998407,2,0.2,0.1
3,535,15102,15102,2025-08-27T13:16:47Z,2315.0,2315.5,1510.3205,-5.264265000000023,0.30138000000010834,2,0.2,0.1
3,536,15106,15106,2025-08-27T13:16:47Z,2315.0,2315.9,1511.23003,-4.354735000000119,1.2758899999998903,2,0.2,0.1
3,537,15109,15109,2025-08-27T13:16:48Z,2316.0,2316.2,1510.73119,-4.853575000000092,0.6881399999999758,2,0.2,0.1
3,538,15129,15129,2025-08-27T13:16:50Z,2318.0,2318.2,1510.89051,-4.694255000000112,0.9257799999998042,2,0.2,0.1
3,539,15136,15136,2025-08-27T13:16:50Z,2318.0,2318.9,1510.649505,-4.935259999999971,0.5783900000001267,2,0.2,0.1
3,540,15138,15138,2025-08-27T13:16:51Z,2319.0,2319.1,1510.6107000000002,-4.974064999999882,0.5789500000000771,2,0.2,0.1
3,541,15145,15145,2025-08-27T13:16:51Z,2319.0,2319.8,1510.18379,-5.400975000000017,0.14669000000003507,2,0.2,0.1
3,542,15151,15151,2025-08-27T13:16:52Z,2320.0,2320.4,1510.854735,-4.73003000000017,0.8434249999997974,2,0.2,0.1
3,543,15163,15163,2025-08-27T13:16:53Z,2321.0,2321.6,1510.8361949999999,-4.7485700000002,0.18072499999993852,2,0.2,0.1
3,544,15166,15166,2025-08-27T13:16:53Z,2321.0,2321.9,1511.23257,-4.352195000000165,1.2148499999998421,2,0.2,0.1
3,545,15178,15178,2025-08-27T13:16:55Z,2323.0,2323.125,1511.21586,-4.368905000000041,1.1021299999999883,2,0.2,0.1
3,546,15191,15191,2025-08-27T13:16:56Z,2324.0,2324.75,1525.36299,9.77822500000002,13.874930000000177,2,0.2,0.1
3,547,15199,15199,2025-08-27T13:16:57Z,2325.0,2325.75,1524.01202,8.427254999999832,5.646449999999959,2,0.2,0.1
3,548,15210,15210,2025-08-27T13:16:59Z,2327.0,2327.125,1522.71178,7.1270150000000285,2.1621000000000095,2,0.2,0.1
3,549,15221,15221,2025-08-27T13:17:00Z,2328.0,2328.5,1518.998545,3.4137799999998606,0.14471999999977925,2,0.2,0.1
3,550,15227,15227,2025-08-27T13:17:01Z,2329.0,2329.222222222222,1518.2784,2.6936349999998583,0.10970999999995001,2,0.2,0.1
3,551,15238,15238,2025-08-27T13:17:02Z,2330.0,2330.5714285714284,1523.87942,8.29465499999992,6.319749999999885,2,0.2,0.1
3,552,15251,15251,2025-08-27T13:17:04Z,2332.0,2332.222222222222,1514.07404,-1.5107250000000931,0.2595000000001164,2,0.2,0.1
3,553,15266,15266,2025-08-27T13:17:05Z,2334.0,2334.0,1513.2809750000001,-2.3037899999999354,0.3495900000002621,2,0.2,0.1
3,554,15273,15273,2025-08-27T13:17:06Z,2334.0,2334.777777777778,1512.1736099999998,-3.4111550000002353,0.20556999999985237,2,0.2,0.1
3,555,15282,15282,2025-08-27T13:17:07Z,2335.0,2335.7,1512.677545,-2.907220000000052,0.8002249999999549,2,0.2,0.1
3,556,15297,15297,2025-08-27T13:17:09Z,2337.0,2337.5,1525.48295,9.898185000000012,13.4672300000002,2,0.2,0.1
3,557,15308,15308,2025-08-27T13:17:10Z,2338.0,2338.6666666666665,1525.116635,9.531870000000026,6.476985000000013,2,0.2,0.1
3,558,15310,15310,2025-08-27T13:17:10Z,2338.0,2338.8888888888887,1525.116635,9.531870000000026,6.476985000000013,2,0.2,0.1
3,559,15316,15316,2025-08-27T13:17:11Z,2339.0,2339.625,1522.58188,6.997114999999894,0.3044600000000628,2,0.2,0.1
3,560,15348,15348,2025-08-27T13:17:15Z,2343.0,2343.5555555555557,1523.722375,8.137609999999995,7.500985000000128,2,0.2,0.1
3,561,15356,15356,2025-08-27T13:17:16Z,2344.0,2344.4444444444443,1516.97962,1.3948550000000068,0.13305000000013933,2,0.2,0.1
3,562,15375,15375,2025-08-27T13:17:18Z,2346.0,2346.75,1513.92682,-1.6579450000001543,0.198989999999867,2,0.2,0.1
3,563,15398,15398,2025-08-27T13:17:21Z,2349.0,2349.1111111111113,1513.33147,-2.25329499999998,0.36754000000019005,2,0.2,0.1
3,564,15421,15421,2025-08-27T13:17:23Z,2351.0,2351.6,1523.7823899999999,8.197624999999789,5.890079999999671,2,0.2,0.1
3,565,15433,15433,2025-08-27T13:17:24Z,2352.0,2352.8,1526.4203750000001,10.835610000000088,13.00867500000004,2,0.2,0.1
3,566,15435,15435,2025-08-27T13:17:24Z,2353.0,2353.0,1526.4203750000001,10.835610000000088,13.00867500000004,2,0.2,0.1
3,567,15441,15441,2025-08-27T13:17:25Z,2353.0,2353.6,1521.74257,6.157804999999826,1.3294849999997496,2,0.2,0.1
3,568,15470,15470,2025-08-27T13:17:28Z,2356.0,2356.5,1521.45932,5.874554999999873,3.0319099999999253,2,0.2,0.1
3,569,15479,15479,2025-08-27T13:17:29Z,2357.0,2357.4,1523.2355349999998,7.6507699999997385,6.906534999999849,2,0.2,0.1
3,570,15483,15483,2025-08-27T13:17:29Z,2357.0,2357.8,1522.59594,7.0111749999998665,0.3440100000000257,2,0.2,0.1
3,571,15497,15497,2025-08-27T13:17:31Z,2359.0,2359.2,1516.31251,0.7277449999999135,0.13790499999981876,2,0.2,0.1
3,572,15507,15507,2025-08-27T13:17:32Z,2360.0,2360.2,1515.73742,0.15265499999986787,0.44117499999993015,2,0.2,0.1
3,573,15523,15523,2025-08-27T13:17:33Z,2361.0,2361.8,1513.81045,-1.774315000000115,0.1232199999999466,2,0.2,0.1
3,574,15535,15535,2025-08-27T13:17:35Z,2363.0,2363.1,1513.76074,-1.8240250000001197,0.22412999999983185,2,0.2,0.1
3,575,15559,15559,2025-08-27T13:17:37Z,2365.0,2365.5,1524.37212,8.787354999999934,5.932394999999815,2,0.2,0.1
3,576,15571,15571,2025-08-27T13:17:38Z,2366.0,2366.7,1526.45353,10.86876499999994,0.17074999999999818,2,0.2,0.1
3,577,15574,15574,2025-08-27T13:17:38Z,2367.0,2367.0,1526.62428,11.039514999999938,13.082079999999905,2,0.2,0.1
3,578,15581,15581,2025-08-27T13:17:39Z,2367.0,2367.7,1521.28765,5.702884999999924,0.13060999999993328,2,0.2,0.1
3,579,15615,15615,2025-08-27T13:17:43Z,2371.0,2371.4,1523.8181,8.233334999999897,4.077669999999898,2,0.2,0.1
3,580,15618,15618,2025-08-27T13:17:43Z,2371.0,2371.7,1522.81965,7.234884999999849,0.26234999999996944,2,0.2,0.1
3,581,15628,15628,2025-08-27T13:17:44Z,2372.0,2372.777777777778,1517.3671399999998,1.7823749999997744,0.6542199999998957,2,0.2,0.1
3,582,15635,15635,2025-08-27T13:17:45Z,2373.0,2373.5555555555557,1516.03185,0.4470850000000155,0.11611999999990985,2,0.2,0.1
3,583,15639,15639,2025-08-27T13:17:45Z,2374.0,2374.0,1516.09922,0.5144549999999981,0.18348999999989246,2,0.2,0.1
3,584,15642,15642,2025-08-27T13:17:46Z,2374.0,2374.375,1516.02218,0.43741499999987354,0.10001999999985856,2,0.2,0.1
3,585,15652,15652,2025-08-27T13:17:47Z,2375.0,2375.5555555555557,1514.0141,-1.5706649999999627,0.44812000000001717,2,0.2,0.1
3,586,15658,15658,2025-08-27T13:17:48Z,2376.0,2376.2,1514.17878,-1.4059850000001006,0.6182750000000397,2,0.2,0.1
3,587,15680,15680,2025-08-27T13:17:50Z,2378.0,2378.6,1525.72855,10.14378499999998,12.177050000000008,2,0.2,0.1
3,588,15688,15688,2025-08-27T13:17:51Z,2379.0,2379.5714285714284,1525.36903,9.784265000000005,1.0450700000001234,2,0.2,0.1
3,589,15696,15696,2025-08-27T13:17:52Z,2380.0,2380.5555555555557,1520.46559,4.880824999999959,0.27587000000016815,2,0.2,0.1
3,590,15700,15700,2025-08-27T13:17:52Z,2381.0,2381.0,1520.841295,5.256529999999884,1.6360250000000178,2,0.2,0.1
3,591,15717,15717,2025-08-27T13:17:54Z,2382.0,2382.9,1516.17396,0.5891950000000179,0.18795999999997548,2,0.2,0.1
3,592,15731,15731,2025-08-27T13:17:56Z,2384.0,2384.5555555555557,1524.471665,8.886899999999969,8.590124999999944,2,0.2,0.1
3,593,15744,15744,2025-08-27T13:17:57Z,2386.0,2386.0,1517.728125,2.1433600000000297,0.43198500000016793,2,0.2,0.1
3,594,15753,15753,2025-08-27T13:17:58Z,2386.0,2386.9,1516.1812949999999,0.5965299999998024,0.16259499999978289,2,0.2,0.1
3,595,15756,15756,2025-08-27T13:17:59Z,2387.0,2387.2,1516.335435,0.7506699999999,0.363104999999905,2,0.2,0.1
3,596,15766,15766,2025-08-27T13:18:00Z,2388.0,2388.222222222222,1515.43343,-0.15133500000001732,0.17424000000005435,2,0.2,0.1
3,597,15779,15779,2025-08-27T13:18:01Z,2389.0,2389.6,1514.48555,-1.0992149999999583,0.5231250000001637,2,0.2,0.1
3,598,15786,15786,2025-08-27T13:18:02Z,2390.0,2390.3,1514.31363,-1.2711349999999584,0.14435499999990498,2,0.2,0.1
3,599,15791,15791,2025-08-27T13:18:02Z,2390.0,2390.8,1514.75838,-0.826385000000073,0.9587599999999838,2,0.2,0.1
3,600,15794,15794,2025-08-27T13:18:03Z,2391.0,2391.1111111111113,1514.75838,-0.826385000000073,0.9587599999999838,2,0.2,0.1
3,601,15806,15806,2025-08-27T13:18:04Z,2392.0,2392.4444444444443,1523.384755,7.79998999999998,5.14440999999988,2,0.2,0.1
3,602,15817,15817,2025-08-27T13:18:05Z,2393.0,2393.6,1524.58254,8.997775000000047,10.931850000000168,2,0.2,0.1
3,603,15825,15825,2025-08-27T13:18:06Z,2394.0,2394.4444444444443,1520.45886,4.8740949999998975,0.18361000000004424,2,0.2,0.1
3,604,15827,15827,2025-08-27T13:18:06Z,2394.0,2394.6666666666665,1520.475575,4.890809999999874,0.5680899999997564,2,0.2,0.1
3,605,15855,15855,2025-08-27T13:18:09Z,2397.0,2397.7,1518.03703,2.4522649999998976,0.2151899999998932,2,0.2,0.1
3,606,15865,15865,2025-08-27T13:18:10Z,2398.0,2398.7,1523.9735150000001,8.388750000000073,8.021955000000162,2,0.2,0.1
3,607,15875,15875,2025-08-27T13:18:11Z,2399.0,2399.777777777778,1517.9382850000002,2.353520000000117,1.1674550000002455,2,0.2,0.1
3,608,15886,15886,2025-08-27T13:18:12Z,2400.0,2400.9,1516.898185,1.313419999999951,0.1246049999999741,2,0.2,0.1
3,609,15901,15901,2025-08-27T13:18:14Z,2402.0,2402.4,1515.735755,0.15098999999986518,0.22762499999998909,2,0.2,0.1
3,610,15918,15918,2025-08-27T13:18:16Z,2404.0,2404.1,1514.48869,-1.0960750000001553,0.15873499999997875,2,0.2,0.1
3,611,15944,15944,2025-08-27T13:18:18Z,2406.0,2406.7,1526.07667,10.49190499999986,7.642544999999927,2,0.2,0.1
3,612,15954,15954,2025-08-27T13:18:19Z,2407.0,2407.7,1527.266,11.681235000000015,13.654240000000073,2,0.2,0.1
3,613,15957,15957,2025-08-27T13:18:19Z,2408.0,2408.0,1524.862605,9.27783999999997,0.6250050000001011,2,0.2,0.1
3,614,15961,15961,2025-08-27T13:18:20Z,2408.0,2408.4,1521.924,6.339234999999917,0.15787999999997737,2,0.2,0.1
3,615,15976,15976,2025-08-27T13:18:21Z,2409.0,2409.9,1516.79851,1.2137450000000172,0.2305949999999939,2,0.2,0.1
3,616,16002,16002,2025-08-27T13:18:24Z,2412.0,2412.5,1524.15328,8.568514999999934,7.981790000000046,2,0.2,0.1
3,617,16005,16005,2025-08-27T13:18:24Z,2412.0,2412.8,1524.15328,8.568514999999934,7.981790000000046,2,0.2,0.1
3,618,16015,16015,2025-08-27T13:18:25Z,2413.0,2413.8,1517.78535,2.2005850000000464,0.11033000000020365,2,0.2,0.1
3,619,16018,16018,2025-08-27T13:18:26Z,2414.0,2414.1,1517.89568,2.3109150000000227,0.8722150000000966,2,0.2,0.1
3,620,16031,16031,2025-08-27T13:18:27Z,2415.0,2415.4444444444443,1516.61185,1.0270849999999427,0.4652399999999943,2,0.2,0.1
3,621,16049,16049,2025-08-27T13:18:29Z,2417.0,2417.5,1516.10619,0.5214249999999083,0.6397299999998722,2,0.2,0.1
3,622,16064,16064,2025-08-27T13:18:31Z,2419.0,2419.1111111111113,1514.51647,-1.0682950000000346,0.23973500000010972,2,0.2,0.1
3,623,16076,16076,2025-08-27T13:18:32Z,2420.0,2420.5,1523.9910599999998,8.406294999999773,5.223929999999882,2,0.2,0.1
3,624,16086,16086,2025-08-27T13:18:33Z,2421.0,2421.8571428571427,1525.55607,9.97130500000003,10.557000000000016,2,0.2,0.1
3,625,16090,16090,2025-08-27T13:18:34Z,2422.0,2422.375,1521.0978,5.513034999999945,0.49458000000004176,2,0.2,0.1
3,626,16094,16094,2025-08-27T13:18:34Z,2422.0,2422.875,1520.8017,5.216934999999921,0.49388999999996486,2,0.2,0.1
3,627,16123,16123,2025-08-27T13:18:38Z,2426.0,2426.3333333333335,1524.76088,9.176114999999982,8.83152999999993,2,0.2,0.1
3,628,16137,16137,2025-08-27T13:18:39Z,2427.0,2427.8888888888887,1518.0246200000001,2.4398550000000796,0.3031300000002375,2,0.2,0.1
3,629,16152,16152,2025-08-27T13:18:41Z,2429.0,2429.5555555555557,1516.67044,1.0856750000000375,0.29043000000001484,2,0.2,0.1
3,630,16167,16167,2025-08-27T13:18:43Z,2431.0,2431.222222222222,1515.988425,0.4036599999999453,0.19047500000010587,2,0.2,0.1
3,631,16172,16172,2025-08-27T13:18:43Z,2431.0,2431.777777777778,1515.79293,0.20816500000000815,0.3520800000001145,2,0.2,0.1
3,632,16184,16184,2025-08-27T13:18:45Z,2433.0,2433.25,1524.00268,8.417914999999994,4.826874999999973,2,0.2,0.1
3,633,16196,16196,2025-08-27T13:18:46Z,2434.0,2434.75,1525.320445,9.735680000000002,9.826729999999998,2,0.2,0.1
3,634,16202,16202,2025-08-27T13:18:47Z,2435.0,2435.4444444444443,1521.83022,6.245454999999993,0.45694000000003143,2,0.2,0.1
3,635,16231,16231,2025-08-27T13:18:50Z,2438.0,2438.5,1519.9327,4.347935000000007,2.0406800000000658,2,0.2,0.1
3,636,16240,16240,2025-08-27T13:18:51Z,2439.0,2439.4444444444443,1524.762105,9.177339999999958,8.311175000000048,2,0.2,0.1
3,637,16252,16252,2025-08-27T13:18:52Z,2440.0,2440.7,1517.900525,2.3157599999999547,0.13766499999996995,2,0.2,0.1
3,638,16259,16259,2025-08-27T13:18:53Z,2441.0,2441.4,1518.1568699999998,2.5721049999997376,0.4846499999998741,2,0.2,0.1
3,639,16271,16271,2025-08-27T13:18:54Z,2442.0,2442.6,1517.05474,1.4699749999999767,0.19794999999999163,2,0.2,0.1
3,640,16274,16274,2025-08-27T13:18:54Z,2442.0,2442.9,1517.05474,1.4699749999999767,0.19794999999999163,2,0.2,0.1
3,641,16285,16285,2025-08-27T13:18:56Z,2444.0,2444.222222222222,1516.049005,0.46424000000001797,0.18813500000010208,2,0.2,0.1
3,642,16291,16291,2025-08-27T13:18:56Z,2444.0,2444.8888888888887,1515.99505,0.41028499999993073,0.19440000000008695,2,0.2,0.1
3,643,16303,16303,2025-08-27T13:18:58Z,2446.0,2446.25,1522.61507,7.0303049999999985,5.38094000000001,2,0.2,0.1
3,644,16314,16314,2025-08-27T13:18:59Z,2447.0,2447.625,1524.12554,8.54077499999994,8.324890000000096,2,0.2,0.1
3,645,16320,16320,2025-08-27T13:19:00Z,2448.0,2448.3,1521.539515,5.954749999999876,0.29244500000004336,2,0.2,0.1
3,646,16322,16322,2025-08-27T13:19:00Z,2448.0,2448.5,1521.83196,6.24719499999992,0.9489000000000942,2,0.2,0.1
3,647,16351,16351,2025-08-27T13:19:03Z,2451.0,2451.4,1518.2454,2.6606349999999566,1.8177100000000337,2,0.2,0.1
3,648,16361,16361,2025-08-27T13:19:04Z,2452.0,2452.4,1524.12501,8.540244999999913,7.838369999999941,2,0.2,0.1
3,649,16364,16364,2025-08-27T13:19:04Z,2452.0,2452.7,1524.12501,8.540244999999913,7.838369999999941,2,0.2,0.1
3,650,16378,16378,2025-08-27T13:19:06Z,2454.0,2454.1,1518.250155,2.6653899999998885,1.2261949999999615,2,0.2,0.1
3,651,16389,16389,2025-08-27T13:19:07Z,2455.0,2455.2,1517.800225,2.2154599999998936,0.13166499999988446,2,0.2,0.1
3,652,16392,16392,2025-08-27T13:19:07Z,2455.0,2455.5,1517.910225,2.325460000000021,0.28559500000005755,2,0.2,0.1
3,653,16400,16400,2025-08-27T13:19:08Z,2456.0,2456.3,1516.65828,1.073515000000043,0.27766500000007,2,0.2,0.1
3,654,16405,16405,2025-08-27T13:19:08Z,2456.0,2456.8,1516.6898350000001,1.1050700000000688,0.3300450000001547,2,0.2,0.1
3,655,16412,16412,2025-08-27T13:19:09Z,2457.0,2457.5,1516.63334,1.048575000000028,0.5964400000000296,2,0.2,0.1
3,656,16436,16436,2025-08-27T13:19:11Z,2459.0,2459.9,1515.77682,0.1920549999999821,0.26294000000007145,2,0.2,0.1
3,657,16440,16440,2025-08-27T13:19:12Z,2460.0,2460.3,1515.82044,0.23567499999990105,0.31648999999993066,2,0.2,0.1
4,0,8959,8959,2025-08-27T13:05:59Z,1667.0,1667.2222222222222,1527.95524,12.714505000000145,1.3201799999999366,2,0.2,0.1
4,1,8961,8961,2025-08-27T13:05:59Z,1667.0,1667.4444444444443,1527.84604,12.605305000000044,0.1091999999998734,2,0.2,0.1
4,2,8963,8963,2025-08-27T13:05:59Z,1667.0,1667.6666666666667,1527.5781200000001,12.337385000000268,0.41701000000011845,2,0.2,0.1
4,3,8969,8969,2025-08-27T13:06:00Z,1668.0,1668.375,1528.72711,13.48637500000018,2.142135000000053,2,0.2,0.1
4,4,8979,8979,2025-08-27T13:06:01Z,1669.0,1669.625,1512.89937,-2.3413649999997688,0.3161800000002586,2,0.2,0.1
4,5,8982,8982,2025-08-27T13:06:01Z,1670.0,1670.0,1513.19239,-2.0483449999999266,1.2303999999999178,2,0.2,0.1
4,6,8984,8984,2025-08-27T13:06:02Z,1670.0,1670.25,1513.1256349999999,-2.115099999999984,0.32577999999989515,2,0.2,0.1
4,7,8988,8988,2025-08-27T13:06:02Z,1670.0,1670.75,1512.77737,-2.4633649999998397,0.15182000000004336,2,0.2,0.1
4,8,8998,8998,2025-08-27T13:06:03Z,1671.0,1671.888888888889,1512.69664,-2.5440949999999702,0.3470999999999549,2,0.2,0.1
4,9,9002,9002,2025-08-27T13:06:04Z,1672.0,1672.3333333333333,1512.95203,-2.2887049999999363,1.031979999999976,2,0.2,0.1
4,10,9022,9022,2025-08-27T13:06:06Z,1674.0,1674.5,1529.7381,14.497365000000173,15.766260000000102,2,0.2,0.1
4,11,9051,9051,2025-08-27T13:06:09Z,1677.0,1677.4,1539.05395,23.813215000000127,27.141505000000052,2,0.2,0.1
4,12,9059,9059,2025-08-27T13:06:10Z,1678.0,1678.2222222222222,1530.06705,14.82631500000025,11.522590000000037,2,0.2,0.1
4,13,9071,9071,2025-08-27T13:06:11Z,1679.0,1679.5,1512.59986,-2.6408749999998236,0.43729000000007545,2,0.2,0.1
4,14,9075,9075,2025-08-27T13:06:11Z,1679.0,1679.9,1512.2237850000001,-3.0169499999997242,0.35502500000006876,2,0.2,0.1
4,15,9079,9079,2025-08-27T13:06:12Z,1680.0,1680.3,1511.9256,-3.3151349999998274,0.31900999999993473,2,0.2,0.1
4,16,9081,9081,2025-08-27T13:06:12Z,1680.0,1680.5,1511.71423,-3.5265049999998155,0.21136999999998807,2,0.2,0.1
4,17,9085,9085,2025-08-27T13:06:12Z,1680.0,1680.9,1512.64347,-2.5972649999998794,1.266300000000001,2,0.2,0.1
4,18,9093,9093,2025-08-27T13:06:13Z,1681.0,1681.7,1511.9242100000001,-3.3165249999997286,0.15287000000012085,2,0.2,0.1
4,19,9102,9102,2025-08-27T13:06:14Z,1682.0,1682.6,1512.93299,-2.3077449999998407,1.0650700000001052,2,0.2,0.1
4,20,9118,9118,2025-08-27T13:06:16Z,1684.0,1684.3,1528.42712,13.1863850000002,8.58140000000003,2,0.2,0.1
4,21,9132,9132,2025-08-27T13:06:17Z,1685.0,1685.7,1534.10674,18.866005000000087,22.76511000000005,2,0.2,0.1
4,22,9148,9148,2025-08-27T13:06:19Z,1687.0,1687.3,1529.11627,13.875535000000127,0.21037999999998647,2,0.2,0.1
4,23,9158,9158,2025-08-27T13:06:20Z,1688.0,1688.3,1528.21573,12.974995000000035,8.355879999999843,2,0.2,0.1
4,24,9178,9178,2025-08-27T13:06:22Z,1690.0,1690.3,1512.38824,-2.8524949999998626,0.7666999999999007,2,0.2,0.1
4,25,9195,9195,2025-08-27T13:06:23Z,1692.0,1692.0,1511.761615,-3.4791199999999662,0.17935499999998683,2,0.2,0.1
4,26,9218,9218,2025-08-27T13:06:26Z,1694.0,1694.3,1528.63732,13.396585000000186,7.525970000000143,2,0.2,0.1
4,27,9231,9231,2025-08-27T13:06:27Z,1695.0,1695.6,1528.95052,13.709785000000238,17.576030000000173,2,0.2,0.1
4,28,9245,9245,2025-08-27T13:06:28Z,1697.0,1697.0,1522.02786,6.78712500000006,0.19301999999993313,2,0.2,0.1
4,29,9260,9260,2025-08-27T13:06:30Z,1698.0,1698.5,1527.5168,12.276065000000244,9.052490000000262,2,0.2,0.1
4,30,9273,9273,2025-08-27T13:06:31Z,1699.0,1699.8,1511.61862,-3.6221149999998943,0.25977499999999054,2,0.2,0.1
4,31,9278,9278,2025-08-27T13:06:32Z,1700.0,1700.3,1511.66425,-3.5764849999998205,0.43358000000012,2,0.2,0.1
4,32,9319,9319,2025-08-27T13:06:36Z,1704.0,1704.4444444444443,1529.86286,14.622125000000096,19.555380000000014,2,0.2,0.1
4,33,9327,9327,2025-08-27T13:06:37Z,1705.0,1705.375,1527.74441,12.503675000000158,7.367390000000114,2,0.2,0.1
4,34,9338,9338,2025-08-27T13:06:38Z,1706.0,1706.6666666666667,1522.10499,6.864255000000185,0.1716599999999744,2,0.2,0.1
4,35,9346,9346,2025-08-27T13:06:39Z,1707.0,1707.5,1522.26001,7.019275000000107,0.48127999999996973,2,0.2,0.1
4,36,9355,9355,2025-08-27T13:06:40Z,1708.0,1708.4444444444443,1528.25941,13.01867500000003,8.998184999999921,2,0.2,0.1
4,37,9367,9367,2025-08-27T13:06:41Z,1709.0,1709.7,1511.62731,-3.613424999999779,0.640730000000076,2,0.2,0.1
4,38,9391,9391,2025-08-27T13:06:44Z,1712.0,1712.2222222222222,1511.61803,-3.622704999999769,0.3761650000001282,2,0.2,0.1
4,39,9405,9405,2025-08-27T13:06:45Z,1713.0,1713.7777777777778,1511.63008,-3.6106549999999515,0.31751999999983127,2,0.2,0.1
4,40,9412,9412,2025-08-27T13:06:46Z,1714.0,1714.5555555555557,1511.62257,-3.6181649999998626,0.19083000000000538,2,0.2,0.1
4,41,9419,9419,2025-08-27T13:06:47Z,1715.0,1715.3333333333333,1511.67733,-3.563404999999875,0.6402499999999236,2,0.2,0.1
4,42,9444,9444,2025-08-27T13:06:50Z,1718.0,1718.0,1511.6071849999998,-3.633550000000014,0.3211999999998625,2,0.2,0.1
4,43,9458,9458,2025-08-27T13:06:51Z,1719.0,1719.5,1511.589835,-3.650899999999865,0.23545500000000175,2,0.2,0.1
4,44,9468,9468,2025-08-27T13:06:52Z,1720.0,1720.5,1511.61343,-3.627304999999751,0.4057500000001255,2,0.2,0.1
4,45,9476,9476,2025-08-27T13:06:53Z,1721.0,1721.375,1511.48982,-3.75091499999985,0.12013999999999214,2,0.2,0.1
4,46,9489,9489,2025-08-27T13:06:54Z,1722.0,1722.8,1511.51956,-3.721174999999903,0.39307499999995343,2,0.2,0.1
4,47,9499,9499,2025-08-27T13:06:55Z,1723.0,1723.8,1511.724255,-3.516479999999774,0.11057500000015352,2,0.2,0.1
4,48,9501,9501,2025-08-27T13:06:55Z,1724.0,1724.0,1511.77601,-3.4647249999998166,0.16233000000011089,2,0.2,0.1
4,49,9507,9507,2025-08-27T13:06:56Z,1724.0,1724.6,1512.5982450000001,-2.642489999999725,1.254725000000235,2,0.2,0.1
4,50,9519,9519,2025-08-27T13:06:57Z,1725.0,1725.888888888889,1512.61492,-2.625814999999875,1.2812999999998738,2,0.2,0.1
4,51,9532,9532,2025-08-27T13:06:59Z,1727.0,1727.2,1511.7982350000002,-3.4424999999996544,0.4457150000002912,2,0.2,0.1
4,52,9552,9552,2025-08-27T13:07:01Z,1729.0,1729.2,1511.591705,-3.6490299999998115,0.24799499999994623,2,0.2,0.1
4,53,9565,9565,2025-08-27T13:07:02Z,1730.0,1730.5,1512.34268,-2.8980549999998857,0.9901600000000599,2,0.2,0.1
4,54,9581,9581,2025-08-27T13:07:04Z,1732.0,1732.1,1511.9014200000001,-3.339314999999715,0.474880000000212,2,0.2,0.1
4,55,9604,9604,2025-08-27T13:07:06Z,1734.0,1734.4,1512.65864,-2.582094999999754,1.683430000000044,2,0.2,0.1
4,56,9607,9607,2025-08-27T13:07:06Z,1734.0,1734.7,1511.96051,-3.2802249999997457,0.3660000000002128,2,0.2,0.1
4,57,9611,9611,2025-08-27T13:07:07Z,1735.0,1735.1,1511.48081,-3.759924999999839,0.1463300000000345,2,0.2,0.1
4,58,9616,9616,2025-08-27T13:07:07Z,1735.0,1735.6,1511.65924,-3.5814949999999044,0.2873500000000604,2,0.2,0.1
4,59,9623,9623,2025-08-27T13:07:08Z,1736.0,1736.3,1512.64442,-2.5963149999997768,1.309940000000097,2,0.2,0.1
4,60,9627,9627,2025-08-27T13:07:08Z,1736.0,1736.7,1512.13568,-3.1050549999997656,0.5221500000000106,2,0.2,0.1
4,61,9641,9641,2025-08-27T13:07:10Z,1738.0,1738.1,1512.59743,-2.6433049999998275,1.266655000000128,2,0.2,0.1
4,62,9650,9650,2025-08-27T13:07:10Z,1739.0,1739.0,1511.6221099999998,-3.6186250000000655,0.27131999999983236,2,0.2,0.1
4,63,9652,9652,2025-08-27T13:07:11Z,1739.0,1739.2,1511.4841900000001,-3.7565449999997327,0.11782000000016524,2,0.2,0.1
4,64,9660,9660,2025-08-27T13:07:11Z,1740.0,1740.0,1511.57181,-3.6689249999999447,0.2910099999999147,2,0.2,0.1
4,65,9663,9663,2025-08-27T13:07:12Z,1740.0,1740.3,1511.45173,-3.789004999999861,0.11759999999981119,2,0.2,0.1
4,66,9669,9669,2025-08-27T13:07:12Z,1740.0,1740.9,1511.50511,-3.7356249999998,0.17119000000002416,2,0.2,0.1
4,67,9673,9673,2025-08-27T13:07:13Z,1741.0,1741.3,1511.58786,-3.652874999999767,0.27726000000006934,2,0.2,0.1
4,68,9689,9689,2025-08-27T13:07:14Z,1742.0,1742.9,1512.97369,-2.2670449999998254,2.633350000000064,2,0.2,0.1
4,69,9704,9704,2025-08-27T13:07:16Z,1744.0,1744.4444444444443,1511.36835,-3.8723849999998947,0.292660000000069,2,0.2,0.1
4,70,9708,9708,2025-08-27T13:07:16Z,1744.0,1744.888888888889,1511.36999,-3.8707449999999426,0.4819350000000213,2,0.2,0.1
4,71,9711,9711,2025-08-27T13:07:17Z,1745.0,1745.2,1511.993115,-3.24761999999987,1.1599250000001575,2,0.2,0.1
4,72,9718,9718,2025-08-27T13:07:17Z,1745.0,1745.9,1511.6316499999998,-3.60908500000005,0.27517999999986387,2,0.2,0.1
4,73,9720,9720,2025-08-27T13:07:18Z,1746.0,1746.1,1511.93126,-3.309474999999793,0.6009200000000874,2,0.2,0.1
4,74,9723,9723,2025-08-27T13:07:18Z,1746.0,1746.4,1511.57521,-3.6655249999998887,0.10195500000008906,2,0.2,0.1
4,75,9735,9735,2025-08-27T13:07:19Z,1747.0,1747.6,1512.775885,-2.464849999999842,2.014895000000024,2,0.2,0.1
4,76,9744,9744,2025-08-27T13:07:20Z,1748.0,1748.5,1511.58076,-3.659974999999804,0.22748000000001412,2,0.2,0.1
4,77,9746,9746,2025-08-27T13:07:20Z,1748.0,1748.7,1511.5871849999999,-3.6535499999999956,0.28815499999996064,2,0.2,0.1
4,78,9753,9753,2025-08-27T13:07:21Z,1749.0,1749.4,1511.330145,-3.9105899999999565,0.14910499999996318,2,0.2,0.1
4,79,9765,9765,2025-08-27T13:07:22Z,1750.0,1750.6666666666667,1511.98181,-3.258924999999863,0.7532799999999042,2,0.2,0.1
4,80,9773,9773,2025-08-27T13:07:23Z,1751.0,1751.5555555555557,1511.447325,-3.793409999999767,0.13895500000012362,2,0.2,0.1
4,81,9782,9782,2025-08-27T13:07:24Z,1752.0,1752.5555555555557,1512.28589,-2.95484499999975,1.2541250000001583,2,0.2,0.1
4,82,9794,9794,2025-08-27T13:07:25Z,1754.0,1754.0,1512.5902,-2.6505349999997634,0.6171500000000378,2,0.2,0.1
4,83,9797,9797,2025-08-27T13:07:26Z,1754.0,1754.375,1512.58741,-2.653324999999768,0.6129650000000311,2,0.2,0.1
4,84,9809,9809,2025-08-27T13:07:27Z,1756.0,1756.0,1512.821125,-2.4196099999999205,1.7983150000000023,2,0.2,0.1
4,85,9823,9823,2025-08-27T13:07:29Z,1757.0,1757.7142857142858,1511.9861799999999,-3.254554999999982,0.6212399999999434,2,0.2,0.1
4,86,9827,9827,2025-08-27T13:07:30Z,1758.0,1758.25,1511.8178699999999,-3.4228650000000016,0.46792999999979656,2,0.2,0.1
4,87,9837,9837,2025-08-27T13:07:31Z,1759.0,1759.4444444444443,1511.93084,-3.3098949999998695,0.17387000000007902,2,0.2,0.1
4,88,9841,9841,2025-08-27T13:07:31Z,1759.0,1759.888888888889,1512.31388,-2.9268549999999323,0.9478899999999157,2,0.2,0.1
4,89,9848,9848,2025-08-27T13:07:32Z,1760.0,1760.6666666666667,1511.87698,-3.3637549999998555,0.29286000000001877,2,0.2,0.1
4,90,9863,9863,2025-08-27T13:07:34Z,1762.0,1762.4444444444443,1512.58042,-2.660314999999855,1.2053599999999278,2,0.2,0.1
4,91,9866,9866,2025-08-27T13:07:34Z,1762.0,1762.7777777777778,1512.0085450000001,-3.2321899999997186,0.6334850000000642,2,0.2,0.1
4,92,9870,9870,2025-08-27T13:07:35Z,1763.0,1763.2222222222222,1512.64891,-2.5918249999999716,1.3303999999998268,2,0.2,0.1
4,93,9888,9888,2025-08-27T13:07:37Z,1765.0,1765.375,1512.57773,-2.6630049999998846,1.2250800000001618,2,0.2,0.1
4,94,9903,9903,2025-08-27T13:07:38Z,1767.0,1767.0,1512.621785,-2.6189499999998134,1.2958500000002005,2,0.2,0.1
4,95,9916,9916,2025-08-27T13:07:40Z,1768.0,1768.375,1511.60563,-3.6351049999998395,0.12617999999997664,2,0.2,0.1
4,96,9922,9922,2025-08-27T13:07:41Z,1769.0,1769.111111111111,1511.91467,-3.3260649999999714,0.7478199999998196,2,0.2,0.1
4,97,9956,9956,2025-08-27T13:07:44Z,1772.0,1772.75,1512.65228,-2.58845499999984,1.315520000000106,2,0.2,0.1
4,98,9960,9960,2025-08-27T13:07:45Z,1773.0,1773.2,1512.55758,-2.6831549999999424,0.41213999999990847,2,0.2,0.1
4,99,9968,9968,2025-08-27T13:07:45Z,1774.0,1774.0,1512.09701,-3.143724999999904,0.6891000000000531,2,0.2,0.1
4,100,9970,9970,2025-08-27T13:07:46Z,1774.0,1774.2222222222222,1511.87587,-3.3648649999997815,0.45626000000015665,2,0.2,0.1
4,101,9973,9973,2025-08-27T13:07:46Z,1774.0,1774.5555555555557,1511.63193,-3.6088049999998475,0.13835999999992055,2,0.2,0.1
4,102,9977,9977,2025-08-27T13:07:46Z,1775.0,1775.0,1511.705725,-3.5350099999998292,0.178485000000137,2,0.2,0.1
4,103,9980,9980,2025-08-27T13:07:47Z,1775.0,1775.3,1512.44898,-2.7917549999999665,0.4275549999999839,2,0.2,0.1
4,104,9986,9986,2025-08-27T13:07:47Z,1775.0,1775.9,1512.62129,-2.619444999999814,1.2269000000001142,2,0.2,0.1
4,105,9993,9993,2025-08-27T13:07:48Z,1776.0,1776.6,1511.90822,-3.3325149999998303,0.1461500000000342,2,0.2,0.1
4,106,9996,9996,2025-08-27T13:07:48Z,1776.0,1776.9,1512.36944,-2.871294999999918,0.7542899999998554,2,0.2,0.1
4,107,9999,9999,2025-08-27T13:07:49Z,1777.0,1777.2,1511.9460049999998,-3.2947300000000723,0.305889999999863,2,0.2,0.1
4,108,10003,10003,2025-08-27T13:07:49Z,1777.0,1777.6,1511.96927,-3.2714649999998073,0.5935100000001512,2,0.2,0.1
4,109,10006,10006,2025-08-27T13:07:49Z,1777.0,1777.9,1511.60313,-3.637604999999894,0.26637000000005173,2,0.2,0.1
4,110,10012,10012,2025-08-27T13:07:50Z,1778.0,1778.5,1512.28978,-2.9509549999997944,0.9440200000001369,2,0.2,0.1
4,111,10028,10028,2025-08-27T13:07:52Z,1780.0,1780.1,1512.38285,-2.8578849999998965,0.4052149999999983,2,0.2,0.1
4,112,10032,10032,2025-08-27T13:07:52Z,1780.0,1780.5,1512.816615,-2.4241199999999026,0.4004449999999906,2,0.2,0.1
4,113,10035,10035,2025-08-27T13:07:52Z,1780.0,1780.8,1512.833275,-2.407459999999901,1.5425749999999425,2,0.2,0.1
4,114,10054,10054,2025-08-27T13:07:54Z,1782.0,1782.7,1511.88347,-3.3572649999998703,0.5308600000000752,2,0.2,0.1
4,115,10057,10057,2025-08-27T13:07:54Z,1783.0,1783.0,1511.93664,-3.304094999999961,0.5902699999999186,2,0.2,0.1
4,116,10063,10063,2025-08-27T13:07:55Z,1783.0,1783.6,1512.59238,-2.6483549999998104,1.2494400000000496,2,0.2,0.1
4,117,10073,10073,2025-08-27T13:07:56Z,1784.0,1784.6,1512.10222,-3.1385149999998703,0.7739500000000135,2,0.2,0.1
4,118,10077,10077,2025-08-27T13:07:56Z,1785.0,1785.0,1511.93285,-3.307884999999942,0.2851549999998042,2,0.2,0.1
4,119,10087,10087,2025-08-27T13:07:57Z,1786.0,1786.0,1511.93716,-3.30357499999991,0.5824399999999059,2,0.2,0.1
4,120,10103,10103,2025-08-27T13:07:59Z,1787.0,1787.6,1512.60038,-2.640354999999772,1.2819650000001275,2,0.2,0.1
4,121,10106,10106,2025-08-27T13:07:59Z,1787.0,1787.9,1512.59148,-2.649254999999812,0.3506999999999607,2,0.2,0.1
4,122,10109,10109,2025-08-27T13:08:00Z,1788.0,1788.2,1512.58258,-2.6581549999998515,0.3506999999999607,2,0.2,0.1
4,123,10112,10112,2025-08-27T13:08:00Z,1788.0,1788.5,1511.641595,-3.5991399999998066,0.2674650000001293,2,0.2,0.1
4,124,10120,10120,2025-08-27T13:08:01Z,1789.0,1789.3333333333333,1512.1406299999999,-3.100104999999985,0.27955999999994674,2,0.2,0.1
4,125,10129,10129,2025-08-27T13:08:02Z,1790.0,1790.3333333333333,1512.43246,-2.808274999999867,1.099999999999909,2,0.2,0.1
4,126,10138,10138,2025-08-27T13:08:03Z,1791.0,1791.3,1511.487815,-3.7529199999999037,0.11940000000004147,2,0.2,0.1
4,127,10144,10144,2025-08-27T13:08:03Z,1791.0,1791.9,1512.1553749999998,-3.085360000000037,0.7963549999997213,2,0.2,0.1
4,128,10159,10159,2025-08-27T13:08:05Z,1793.0,1793.5,1511.7611550000001,-3.4795799999997143,0.13298500000018976,2,0.2,0.1
4,129,10162,10162,2025-08-27T13:08:05Z,1793.0,1793.875,1511.8984,-3.342334999999821,0.4463350000000901,2,0.2,0.1
4,130,10166,10166,2025-08-27T13:08:06Z,1794.0,1794.3333333333333,1512.3388,-2.9019349999998667,0.8628650000000562,2,0.2,0.1
4,131,10168,10168,2025-08-27T13:08:06Z,1794.0,1794.5555555555557,1512.12442,-3.1163149999997586,0.17652000000020962,2,0.2,0.1
4,132,10174,10174,2025-08-27T13:08:07Z,1795.0,1795.2857142857142,1512.1812949999999,-3.059439999999995,0.3330599999999322,2,0.2,0.1
4,133,10185,10185,2025-08-27T13:08:08Z,1796.0,1796.857142857143,1512.486135,-2.754599999999755,1.158685000000105,2,0.2,0.1
4,134,10202,10202,2025-08-27T13:08:10Z,1798.0,1798.6,1512.42157,-2.8191649999998845,1.0767100000000482,2,0.2,0.1
4,135,10210,10210,2025-08-27T13:08:11Z,1799.0,1799.4,1512.50925,-2.731484999999793,1.2025900000001002,2,0.2,0.1
4,136,10222,10222,2025-08-27T13:08:12Z,1800.0,1800.6666666666667,1511.81955,-3.421184999999923,0.47464500000000953,2,0.2,0.1
4,137,10236,10236,2025-08-27T13:08:14Z,1802.0,1802.1,1512.487885,-2.752849999999853,0.9620150000000649,2,0.2,0.1
4,138,10240,10240,2025-08-27T13:08:14Z,1802.0,1802.5,1511.72743,-3.5133049999999457,0.2015599999999722,2,0.2,0.1
4,139,10246,10246,2025-08-27T13:08:15Z,1803.0,1803.1,1513.134825,-2.105909999999767,1.8214250000000902,2,0.2,0.1
4,140,10250,10250,2025-08-27T13:08:15Z,1803.0,1803.5,1513.11093,-2.1298049999998057,0.48137999999994463,2,0.2,0.1
4,141,10261,10261,2025-08-27T13:08:16Z,1804.0,1804.6666666666667,1511.61776,-3.6229749999997694,0.2638800000001993,2,0.2,0.1
4,142,10267,10267,2025-08-27T13:08:17Z,1805.0,1805.375,1512.30768,-2.9330549999999675,0.9630799999999908,2,0.2,0.1
4,143,10270,10270,2025-08-27T13:08:17Z,1805.0,1805.75,1511.96338,-3.277354999999943,0.15820000000007894,2,0.2,0.1
4,144,10282,10282,2025-08-27T13:08:19Z,1807.0,1807.111111111111,1512.36491,-2.8758249999998498,1.039449999999988,2,0.2,0.1
4,145,10288,10288,2025-08-27T13:08:19Z,1807.0,1807.7777777777778,1511.61564,-3.625094999999874,0.2873300000001109,2,0.2,0.1
4,146,10303,10303,2025-08-27T13:08:21Z,1809.0,1809.375,1528.93274,13.692005000000108,5.240465000000086,2,0.2,0.1
4,147,10313,10313,2025-08-27T13:08:22Z,1810.0,1810.5,1529.48226,14.241525000000138,19.156040000000075,2,0.2,0.1
4,148,10330,10330,2025-08-27T13:08:24Z,1812.0,1812.2,1524.07801,8.83727500000009,1.3555599999999686,2,0.2,0.1
4,149,10341,10341,2025-08-27T13:08:25Z,1813.0,1813.3,1524.12422,8.883485000000064,2.186629999999923,2,0.2,0.1
4,150,10351,10351,2025-08-27T13:08:26Z,1814.0,1814.3,1528.24692,13.006185000000187,10.263979999999947,2,0.2,0.1
4,151,10380,10380,2025-08-27T13:08:29Z,1817.0,1817.4,1511.65415,-3.5865849999997863,0.7366700000000037,2,0.2,0.1
4,152,10397,10397,2025-08-27T13:08:31Z,1819.0,1819.1,1511.60595,-3.6347849999999653,0.1494999999997617,2,0.2,0.1
4,153,10410,10410,2025-08-27T13:08:32Z,1820.0,1820.4,1529.68084,14.44010500000013,8.603505000000041,2,0.2,0.1
4,154,10421,10421,2025-08-27T13:08:33Z,1821.0,1821.5,1531.405,16.164265000000114,20.54083999999989,2,0.2,0.1
4,155,10444,10444,2025-08-27T13:08:35Z,1823.0,1823.9,1524.57668,9.335945000000038,1.539384999999811,2,0.2,0.1
4,156,10455,10455,2025-08-27T13:08:36Z,1825.0,1825.0,1527.9543199999998,12.713584999999966,0.6979899999998906,2,0.2,0.1
4,157,10459,10459,2025-08-27T13:08:37Z,1825.0,1825.4,1528.65231,13.411575000000084,6.579870000000028,2,0.2,0.1
4,158,10474,10474,2025-08-27T13:08:38Z,1826.0,1826.9,1512.33937,-2.9013649999999416,0.4060299999998733,2,0.2,0.1
4,159,10483,10483,2025-08-27T13:08:39Z,1827.0,1827.8,1511.61355,-3.6271849999998267,0.34785999999985506,2,0.2,0.1
4,160,10495,10495,2025-08-27T13:08:40Z,1829.0,1829.0,1511.6044,-3.6363349999999173,0.1855599999998958,2,0.2,0.1
4,161,10502,10502,2025-08-27T13:08:41Z,1829.0,1829.7,1511.60924,-3.631494999999859,0.334479999999985,2,0.2,0.1
4,162,10519,10519,2025-08-27T13:08:43Z,1831.0,1831.4,1528.93052,13.689785000000029,4.397199999999884,2,0.2,0.1
4,163,10522,10522,2025-08-27T13:08:43Z,1831.0,1831.7,1528.69719,13.456455000000233,0.2505349999998998,2,0.2,0.1
4,164,10530,10530,2025-08-27T13:08:44Z,1832.0,1832.5,1529.76731,14.526575000000093,18.12739499999975,2,0.2,0.1
4,165,10541,10541,2025-08-27T13:08:45Z,1833.0,1833.6666666666667,1525.53996,10.299225000000206,0.5650000000000546,2,0.2,0.1
4,166,10549,10549,2025-08-27T13:08:46Z,1834.0,1834.5,1525.63151,10.390775000000076,0.287939999999935,2,0.2,0.1
4,167,10557,10557,2025-08-27T13:08:47Z,1835.0,1835.3,1525.66318,10.422445000000153,1.5376699999999346,2,0.2,0.1
4,168,10570,10570,2025-08-27T13:08:48Z,1836.0,1836.6,1528.20453,12.963795000000118,8.468920000000026,2,0.2,0.1
4,169,10597,10597,2025-08-27T13:08:51Z,1839.0,1839.3,1513.09542,-2.145314999999755,0.8318100000001323,2,0.2,0.1
4,170,10614,10614,2025-08-27T13:08:53Z,1841.0,1841.2,1512.92462,-2.3161149999998543,0.1217549999998937,2,0.2,0.1
4,171,10625,10625,2025-08-27T13:08:54Z,1842.0,1842.4285714285713,1528.31086,13.07012500000019,4.337300000000141,2,0.2,0.1
4,172,10633,10633,2025-08-27T13:08:55Z,1843.0,1843.5,1528.83776,13.59702500000003,17.179979999999887,2,0.2,0.1
4,173,10649,10649,2025-08-27T13:08:57Z,1845.0,1845.4285714285713,1526.43987,11.19913500000007,1.4608599999999115,2,0.2,0.1
4,174,10655,10655,2025-08-27T13:08:58Z,1846.0,1846.25,1526.311555,11.07082000000014,0.302974999999833,2,0.2,0.1
4,175,10665,10665,2025-08-27T13:08:59Z,1847.0,1847.4444444444443,1528.2044,12.96366500000022,7.932070000000067,2,0.2,0.1
4,176,10686,10686,2025-08-27T13:09:01Z,1849.0,1849.7,1512.280855,-2.9598799999998846,0.3515549999999621,2,0.2,0.1
4,177,10691,10691,2025-08-27T13:09:02Z,1850.0,1850.2222222222222,1512.97571,-2.2650249999999232,1.0636199999999008,2,0.2,0.1
4,178,10694,10694,2025-08-27T13:09:02Z,1850.0,1850.5555555555557,1512.97571,-2.2650249999999232,1.0636199999999008,2,0.2,0.1
4,179,10701,10701,2025-08-27T13:09:03Z,1851.0,1851.3,1511.95654,-3.2841949999999542,0.16437500000006366,2,0.2,0.1
4,180,10703,10703,2025-08-27T13:09:03Z,1851.0,1851.5,1512.0621449999999,-3.1785899999999856,0.15281000000004497,2,0.2,0.1
4,181,10709,10709,2025-08-27T13:09:04Z,1852.0,1852.111111111111,1512.27836,-2.962374999999838,0.4230199999999513,2,0.2,0.1
4,182,10720,10720,2025-08-27T13:09:05Z,1853.0,1853.3,1528.28845,13.047715000000153,8.539305000000013,2,0.2,0.1
4,183,10730,10730,2025-08-27T13:09:06Z,1854.0,1854.375,1526.73092,11.49018500000011,3.8470800000000054,2,0.2,0.1
4,184,10745,10745,2025-08-27T13:09:07Z,1856.0,1856.0,1526.61797,11.377235000000155,1.6550099999999475,2,0.2,0.1
4,185,10770,10770,2025-08-27T13:09:10Z,1858.0,1858.5,1529.060725,13.819990000000189,17.408320000000003,2,0.2,0.1
4,186,10803,10803,2025-08-27T13:09:13Z,1861.0,1861.8,1512.934815,-2.3059199999997873,1.033545000000231,2,0.2,0.1
4,187,10806,10806,2025-08-27T13:09:14Z,1862.0,1862.1,1512.288465,-2.9522699999997712,0.3686000000002423,2,0.2,0.1
4,188,10809,10809,2025-08-27T13:09:14Z,1862.0,1862.4,1512.288465,-2.9522699999997712,0.4066400000001522,2,0.2,0.1
4,189,10829,10829,2025-08-27T13:09:16Z,1864.0,1864.4,1529.76823,14.527495000000044,7.358399999999847,2,0.2,0.1
4,190,10840,10840,2025-08-27T13:09:17Z,1865.0,1865.5,1529.87216,14.631425000000036,18.122179999999844,2,0.2,0.1
4,191,10854,10854,2025-08-27T13:09:18Z,1866.0,1866.9,1527.015845,11.77511000000004,0.5310049999998228,2,0.2,0.1
4,192,10863,10863,2025-08-27T13:09:19Z,1867.0,1867.8,1526.993115,11.75238000000013,0.1985149999998157,2,0.2,0.1
4,193,10867,10867,2025-08-27T13:09:20Z,1868.0,1868.2,1526.9732,11.732465000000047,0.21547499999996944,2,0.2,0.1
4,194,10879,10879,2025-08-27T13:09:21Z,1869.0,1869.4,1529.3514,14.110665000000154,9.534450000000106,2,0.2,0.1
4,195,10903,10903,2025-08-27T13:09:23Z,1871.0,1871.8,1513.060915,-2.179819999999836,0.10272499999996398,2,0.2,0.1
4,196,10912,10912,2025-08-27T13:09:24Z,1872.0,1872.7,1513.21214,-2.0285949999997683,1.3311400000002322,2,0.2,0.1
4,197,10916,10916,2025-08-27T13:09:25Z,1873.0,1873.1,1512.4240300000001,-2.816704999999729,0.5424000000000433,2,0.2,0.1
4,198,10920,10920,2025-08-27T13:09:25Z,1873.0,1873.5,1512.95571,-2.285024999999905,1.1000249999999596,2,0.2,0.1
4,199,10938,10938,2025-08-27T13:09:27Z,1875.0,1875.3,1528.32118,13.080445000000054,5.8360099999999875,2,0.2,0.1
4,200,10949,10949,2025-08-27T13:09:28Z,1876.0,1876.4,1532.154325,16.913590000000113,20.78333500000008,2,0.2,0.1
4,201,10976,10976,2025-08-27T13:09:31Z,1879.0,1879.1,1528.36369,13.122955000000047,1.639399999999796,2,0.2,0.1
4,202,10989,10989,2025-08-27T13:09:32Z,1880.0,1880.4,1528.36264,13.121905000000197,8.473300000000108,2,0.2,0.1
4,203,11019,11019,2025-08-27T13:09:35Z,1883.0,1883.888888888889,1513.54711,-1.6936249999998836,0.5696250000000873,2,0.2,0.1
4,204,11028,11028,2025-08-27T13:09:36Z,1884.0,1884.888888888889,1513.54145,-1.699284999999918,0.6110200000000532,2,0.2,0.1
4,205,11042,11042,2025-08-27T13:09:38Z,1886.0,1886.3333333333333,1528.85589,13.615155000000186,16.43221000000017,2,0.2,0.1
4,206,11054,11054,2025-08-27T13:09:39Z,1887.0,1887.6,1526.62142,11.380685000000085,0.28774999999996,2,0.2,0.1
4,207,11063,11063,2025-08-27T13:09:40Z,1888.0,1888.5,1527.02806,11.787325000000237,0.516800000000103,2,0.2,0.1
4,208,11081,11081,2025-08-27T13:09:42Z,1890.0,1890.3333333333333,1528.51458,13.273845000000165,6.31490000000008,2,0.2,0.1
4,209,11090,11090,2025-08-27T13:09:43Z,1891.0,1891.375,1528.15561,12.914875000000166,8.230299999999943,2,0.2,0.1
4,210,11130,11130,2025-08-27T13:09:47Z,1895.0,1895.5,1513.066585,-2.174149999999827,0.13970500000004904,2,0.2,0.1
4,211,11132,11132,2025-08-27T13:09:47Z,1895.0,1895.7,1513.4304,-1.8103349999998954,0.6720600000001014,2,0.2,0.1
4,212,11147,11147,2025-08-27T13:09:49Z,1897.0,1897.3,1528.70996,13.469225000000051,8.575269999999819,2,0.2,0.1
4,213,11159,11159,2025-08-27T13:09:50Z,1898.0,1898.5,1530.105425,14.86469000000011,17.70284000000015,2,0.2,0.1
4,214,11182,11182,2025-08-27T13:09:53Z,1901.0,1901.2222222222222,1529.0381,13.797365000000127,1.4668950000000223,2,0.2,0.1
4,215,11193,11193,2025-08-27T13:09:54Z,1902.0,1902.4,1529.04728,13.806545000000142,9.19380000000001,2,0.2,0.1
4,216,11213,11213,2025-08-27T13:09:56Z,1904.0,1904.4,1514.0516149999999,-1.1891200000000026,0.14110499999992498,2,0.2,0.1
4,217,11217,11217,2025-08-27T13:09:56Z,1904.0,1904.8,1513.7495199999998,-1.491215000000011,0.23958999999990738,2,0.2,0.1
4,218,11228,11228,2025-08-27T13:09:57Z,1905.0,1905.9,1513.46832,-1.77241499999991,0.5084899999999379,2,0.2,0.1
4,219,11237,11237,2025-08-27T13:09:58Z,1906.0,1906.8,1513.0704150000001,-2.1703199999997196,0.10625500000014654,2,0.2,0.1
4,220,11252,11252,2025-08-27T13:10:00Z,1908.0,1908.3,1529.24357,14.002835000000232,9.166530000000193,2,0.2,0.1
4,221,11264,11264,2025-08-27T13:10:01Z,1909.0,1909.5,1529.359565,14.118830000000116,16.44008000000008,2,0.2,0.1
4,222,11273,11273,2025-08-27T13:10:02Z,1910.0,1910.4,1528.54452,13.303785000000062,0.11601999999993495,2,0.2,0.1
4,223,11287,11287,2025-08-27T13:10:03Z,1911.0,1911.8,1529.10105,13.860315000000128,1.9930449999999382,2,0.2,0.1
4,224,11304,11304,2025-08-27T13:10:05Z,1913.0,1913.5,1528.06037,12.819635000000062,8.051299999999856,2,0.2,0.1
4,225,11346,11346,2025-08-27T13:10:09Z,1917.0,1917.7,1513.37159,-1.8691449999998895,0.4242099999999027,2,0.2,0.1
4,226,11355,11355,2025-08-27T13:10:10Z,1918.0,1918.6,1513.261585,-1.9791499999998905,0.3275949999999739,2,0.2,0.1
4,227,11357,11357,2025-08-27T13:10:10Z,1918.0,1918.8,1513.1099450000002,-2.130789999999706,0.15687000000025364,2,0.2,0.1
4,228,11361,11361,2025-08-27T13:10:11Z,1919.0,1919.2,1513.104585,-2.136149999999816,0.15687000000002627,2,0.2,0.1
4,229,11365,11365,2025-08-27T13:10:11Z,1919.0,1919.6,1512.98283,-2.257904999999937,0.22800499999993917,2,0.2,0.1
4,230,11367,11367,2025-08-27T13:10:11Z,1919.0,1919.8,1512.98283,-2.257904999999937,0.22800499999993917,2,0.2,0.1
4,231,11374,11374,2025-08-27T13:10:12Z,1920.0,1920.5,1512.187205,-3.0535299999999097,0.23529499999995096,2,0.2,0.1
4,232,11377,11377,2025-08-27T13:10:12Z,1920.0,1920.8,1512.454465,-2.7862699999998313,0.5488050000001294,2,0.2,0.1
4,233,11385,11385,2025-08-27T13:10:13Z,1921.0,1921.6,1513.59613,-1.644604999999956,1.693939999999884,2,0.2,0.1
4,234,11394,11394,2025-08-27T13:10:14Z,1922.0,1922.5,1513.57031,-1.6704249999997955,1.9512100000001737,2,0.2,0.1
4,235,11396,11396,2025-08-27T13:10:14Z,1922.0,1922.7,1512.85571,-2.385024999999814,0.12772000000018124,2,0.2,0.1
4,236,11401,11401,2025-08-27T13:10:15Z,1923.0,1923.2,1512.813655,-2.4270799999999326,0.1519549999998162,2,0.2,0.1
4,237,11413,11413,2025-08-27T13:10:16Z,1924.0,1924.4,1512.66696,-2.5737749999998414,0.29310000000009495,2,0.2,0.1
4,238,11421,11421,2025-08-27T13:10:17Z,1925.0,1925.2,1512.68128,-2.5594549999998435,0.8104599999999209,2,0.2,0.1
4,239,11427,11427,2025-08-27T13:10:17Z,1925.0,1925.8,1511.902815,-3.33791999999994,0.25888499999996384,2,0.2,0.1
4,240,11431,11431,2025-08-27T13:10:18Z,1926.0,1926.2,1512.1617,-3.079034999999749,0.517770000000155,2,0.2,0.1
4,241,11442,11442,2025-08-27T13:10:19Z,1927.0,1927.3,1511.89057,-3.3501649999998335,0.26198999999996886,2,0.2,0.1
4,242,11444,11444,2025-08-27T13:10:19Z,1927.0,1927.5,1511.89057,-3.3501649999998335,0.26198999999996886,2,0.2,0.1
4,243,11453,11453,2025-08-27T13:10:20Z,1928.0,1928.4,1512.565795,-2.6749399999998786,0.9576950000000579,2,0.2,0.1
4,244,11465,11465,2025-08-27T13:10:21Z,1929.0,1929.6,1511.76163,-3.4791049999998904,0.15353000000004613,2,0.2,0.1
4,245,11469,11469,2025-08-27T13:10:21Z,1930.0,1930.0,1512.62005,-2.6206849999998667,1.0178849999999784,2,0.2,0.1
4,246,11471,11471,2025-08-27T13:10:22Z,1930.0,1930.2,1512.62005,-2.6206849999998667,1.0178849999999784,2,0.2,0.1
4,247,11484,11484,2025-08-27T13:10:23Z,1931.0,1931.5,1511.929805,-3.310929999999871,0.2943400000001475,2,0.2,0.1
4,248,11496,11496,2025-08-27T13:10:24Z,1932.0,1932.875,1512.1208649999999,-3.1198699999999917,0.5078549999998359,2,0.2,0.1
4,249,11501,11501,2025-08-27T13:10:25Z,1933.0,1933.4,1512.6148950000002,-2.625839999999698,1.0018850000001294,2,0.2,0.1
4,250,11505,11505,2025-08-27T13:10:25Z,1933.0,1933.8,1512.57263,-2.6681049999999686,0.32203999999978805,2,0.2,0.1
4,251,11508,11508,2025-08-27T13:10:26Z,1934.0,1934.111111111111,1512.57263,-2.6681049999999686,0.356269999999995,2,0.2,0.1
4,252,11520,11520,2025-08-27T13:10:27Z,1935.0,1935.4444444444443,1512.28655,-2.954184999999825,0.3875500000001466,2,0.2,0.1
4,253,11527,11527,2025-08-27T13:10:28Z,1936.0,1936.2222222222222,1512.2398199999998,-3.0009150000000773,0.3047999999998865,2,0.2,0.1
4,254,11530,11530,2025-08-27T13:10:28Z,1936.0,1936.5555555555557,1512.25783,-2.982904999999846,0.3228100000001177,2,0.2,0.1
4,255,11533,11533,2025-08-27T13:10:28Z,1936.0,1936.888888888889,1512.49488,-2.7458549999998922,0.5740799999998671,2,0.2,0.1
4,256,11537,11537,2025-08-27T13:10:29Z,1937.0,1937.4285714285713,1512.27936,-2.9613749999998618,0.1849250000000211,2,0.2,0.1
4,257,11540,11540,2025-08-27T13:10:29Z,1937.0,1937.857142857143,1512.27936,-2.9613749999998618,0.1849250000000211,2,0.2,0.1
4,258,11544,11544,2025-08-27T13:10:30Z,1938.0,1938.375,1513.23519,-2.0055449999997563,1.8133550000000014,2,0.2,0.1
4,259,11552,11552,2025-08-27T13:10:31Z,1939.0,1939.4285714285713,1512.31981,-2.9209249999998974,0.5234649999999874,2,0.2,0.1
4,260,11560,11560,2025-08-27T13:10:32Z,1940.0,1940.5714285714287,1512.248155,-2.9925799999998617,0.3464449999999033,2,0.2,0.1
4,261,11562,11562,2025-08-27T13:10:32Z,1940.0,1940.857142857143,1512.5946,-2.6461349999999584,0.9198199999998451,2,0.2,0.1
4,262,11566,11566,2025-08-27T13:10:33Z,1941.0,1941.3333333333333,1512.4024,-2.8383349999999155,0.4470099999998638,2,0.2,0.1
4,263,11593,11593,2025-08-27T13:10:36Z,1944.0,1944.3333333333333,1528.30543,13.064695000000029,6.364609999999857,2,0.2,0.1
4,264,11604,11604,2025-08-27T13:10:37Z,1945.0,1945.625,1528.40768,13.166945000000169,1.4198499999999967,2,0.2,0.1
4,265,11631,11631,2025-08-27T13:10:40Z,1948.0,1948.875,1529.02233,13.781595000000152,0.12969999999995707,2,0.2,0.1
4,266,11633,11633,2025-08-27T13:10:41Z,1949.0,1949.111111111111,1529.04576,13.805025000000114,17.309795000000122,2,0.2,0.1
4,267,11647,11647,2025-08-27T13:10:42Z,1950.0,1950.6,1528.24662,13.005885000000035,7.848414999999932,2,0.2,0.1
4,268,11680,11680,2025-08-27T13:10:46Z,1954.0,1954.3333333333333,1513.378855,-1.8618799999999283,0.4507849999999962,2,0.2,0.1
4,269,11688,11688,2025-08-27T13:10:47Z,1955.0,1955.2,1512.60986,-2.6308749999998327,0.368460000000141,2,0.2,0.1
4,270,11693,11693,2025-08-27T13:10:47Z,1955.0,1955.7,1512.55621,-2.684524999999894,0.28666999999995824,2,0.2,0.1
4,271,11695,11695,2025-08-27T13:10:47Z,1955.0,1955.9,1512.61249,-2.628244999999879,0.6856000000000222,2,0.2,0.1
4,272,11697,11697,2025-08-27T13:10:48Z,1956.0,1956.111111111111,1513.19578,-2.0449549999998453,1.2903900000001158,2,0.2,0.1
4,273,11701,11701,2025-08-27T13:10:48Z,1956.0,1956.5555555555557,1512.5352050000001,-2.705529999999726,0.660575000000108,2,0.2,0.1
4,274,11706,11706,2025-08-27T13:10:49Z,1957.0,1957.142857142857,1527.985635,12.744900000000143,5.914434999999912,2,0.2,0.1
4,275,11720,11720,2025-08-27T13:10:50Z,1958.0,1958.888888888889,1532.39045,17.149715000000242,19.458540000000085,2,0.2,0.1
4,276,11746,11746,2025-08-27T13:10:53Z,1961.0,1961.7142857142858,1529.6466,14.405865000000176,4.732130000000097,2,0.2,0.1
4,277,11762,11762,2025-08-27T13:10:55Z,1963.0,1963.5,1528.196445,12.955710000000181,9.124005000000125,2,0.2,0.1
4,278,11779,11779,2025-08-27T13:10:57Z,1965.0,1965.2,1514.4969,-0.7438349999997627,0.4554450000000543,2,0.2,0.1
4,279,11801,11801,2025-08-27T13:10:59Z,1967.0,1967.7142857142858,1513.242075,-1.9986599999997452,0.305185000000165,2,0.2,0.1
4,280,11816,11816,2025-08-27T13:11:01Z,1969.0,1969.3333333333333,1529.79664,14.555905000000166,16.842710000000125,2,0.2,0.1
4,281,11829,11829,2025-08-27T13:11:02Z,1970.0,1970.7,1529.4430699999998,14.202334999999948,2.0809649999998783,2,0.2,0.1
4,282,11849,11849,2025-08-27T13:11:04Z,1972.0,1972.7,1529.72601,14.485275000000229,0.10126000000013846,2,0.2,0.1
4,283,11852,11852,2025-08-27T13:11:04Z,1973.0,1973.0,1529.73322,14.492485000000215,7.368570000000091,2,0.2,0.1
4,284,11861,11861,2025-08-27T13:11:05Z,1973.0,1973.9,1529.63525,14.394515000000183,0.5229699999999866,2,0.2,0.1
4,285,11866,11866,2025-08-27T13:11:06Z,1974.0,1974.4,1529.69761,14.456875000000082,0.6909100000000308,2,0.2,0.1
4,286,11880,11880,2025-08-27T13:11:07Z,1975.0,1975.8,1527.9366850000001,12.695950000000266,8.092145000000073,2,0.2,0.1
4,287,11901,11901,2025-08-27T13:11:09Z,1977.0,1977.9,1515.4518,0.21106500000018968,0.32475499999986823,2,0.2,0.1
4,288,11919,11919,2025-08-27T13:11:11Z,1979.0,1979.7,1513.8435450000002,-1.3971899999996822,0.6104650000002039,2,0.2,0.1
4,289,11927,11927,2025-08-27T13:11:12Z,1980.0,1980.5,1513.52294,-1.7177949999997963,0.5625900000000001,2,0.2,0.1
4,290,11946,11946,2025-08-27T13:11:14Z,1982.0,1982.4,1528.35271,13.11197500000003,8.350124999999935,2,0.2,0.1
4,291,11976,11976,2025-08-27T13:11:17Z,1985.0,1985.4444444444443,1529.7164,14.475665000000163,0.6844849999999951,2,0.2,0.1
4,292,11984,11984,2025-08-27T13:11:18Z,1986.0,1986.3333333333333,1529.344995,14.104260000000068,0.31054499999982,2,0.2,0.1
4,293,11992,11992,2025-08-27T13:11:19Z,1987.0,1987.2222222222222,1529.74716,14.506425000000036,16.25984500000004,2,0.2,0.1
4,294,12004,12004,2025-08-27T13:11:20Z,1988.0,1988.625,1527.02382,11.783085000000028,6.5213699999999335,2,0.2,0.1
4,295,12024,12024,2025-08-27T13:11:22Z,1990.0,1990.888888888889,1515.45743,0.21669500000007247,0.17646500000000742,2,0.2,0.1
4,296,12034,12034,2025-08-27T13:11:23Z,1992.0,1992.0,1513.94542,-1.295314999999846,0.4445299999999861,2,0.2,0.1
4,297,12037,12037,2025-08-27T13:11:24Z,1992.0,1992.375,1513.753925,-1.4868099999998776,0.19149500000003172,2,0.2,0.1
4,298,12063,12063,2025-08-27T13:11:27Z,1995.0,1995.4444444444443,1528.5455,13.304765000000089,8.20945000000006,2,0.2,0.1
4,299,12089,12089,2025-08-27T13:11:30Z,1998.0,1998.2,1529.66838,14.427645000000211,0.6910100000000057,2,0.2,0.1
4,300,12107,12107,2025-08-27T13:11:32Z,2000.0,2000.111111111111,1529.67957,14.438835000000154,16.144059999999854,2,0.2,0.1
4,301,12120,12120,2025-08-27T13:11:33Z,2001.0,2001.5555555555557,1527.96301,12.722275000000081,7.590740000000096,2,0.2,0.1
4,302,12153,12153,2025-08-27T13:11:36Z,2004.0,2004.9,1514.6629349999998,-0.5778000000000247,0.14164499999992586,2,0.2,0.1
4,303,12157,12157,2025-08-27T13:11:37Z,2005.0,2005.3,1514.7566,-0.4841349999999238,0.24099999999998545,2,0.2,0.1
4,304,12177,12177,2025-08-27T13:11:39Z,2007.0,2007.3,1528.50977,13.26903500000003,7.36678999999981,2,0.2,0.1
4,305,12189,12189,2025-08-27T13:11:40Z,2008.0,2008.5,1528.62775,13.387015000000247,0.20588000000020656,2,0.2,0.1
4,306,12211,12211,2025-08-27T13:11:42Z,2010.0,2010.7777777777778,1529.7686800000001,14.527945000000273,16.258850000000166,2,0.2,0.1
4,307,12237,12237,2025-08-27T13:11:45Z,2013.0,2013.5,1528.24219,13.001455000000078,8.194150000000036,2,0.2,0.1
4,308,12281,12281,2025-08-27T13:11:49Z,2017.0,2017.9,1514.79286,-0.44787499999983993,0.22585000000003674,2,0.2,0.1
4,309,12295,12295,2025-08-27T13:11:51Z,2019.0,2019.3,1514.15049,-1.090244999999868,0.6196999999999662,2,0.2,0.1
4,310,12305,12305,2025-08-27T13:11:52Z,2020.0,2020.3333333333333,1527.69317,12.45243500000015,3.7148200000001452,2,0.2,0.1
4,311,12327,12327,2025-08-27T13:11:54Z,2022.0,2022.6,1529.61893,14.378195000000233,0.5666300000000319,2,0.2,0.1
4,312,12329,12329,2025-08-27T13:11:54Z,2022.0,2022.8,1529.66603,14.425295000000233,0.5919499999999971,2,0.2,0.1
4,313,12347,12347,2025-08-27T13:11:56Z,2024.0,2024.6666666666667,1529.836,14.595265000000154,0.129950000000008,2,0.2,0.1
4,314,12350,12350,2025-08-27T13:11:56Z,2025.0,2025.0,1529.96595,14.725215000000162,16.445425000000114,2,0.2,0.1
4,315,12354,12354,2025-08-27T13:11:57Z,2025.0,2025.4,1529.9474,14.706665000000157,0.46228500000006534,2,0.2,0.1
4,316,12363,12363,2025-08-27T13:11:58Z,2026.0,2026.3,1527.99917,12.75843500000019,6.840584999999919,2,0.2,0.1
4,317,12366,12366,2025-08-27T13:11:58Z,2026.0,2026.6,1527.99917,12.75843500000019,6.840584999999919,2,0.2,0.1
4,318,12380,12380,2025-08-27T13:12:00Z,2028.0,2028.25,1517.886285,2.645550000000185,0.24805000000014843,2,0.2,0.1
4,319,12400,12400,2025-08-27T13:12:02Z,2030.0,2030.5,1515.75034,0.5096050000001924,0.2727899999999863,2,0.2,0.1
4,320,12405,12405,2025-08-27T13:12:02Z,2031.0,2031.0,1515.3621699999999,0.1214350000000195,0.1648499999998876,2,0.2,0.1
4,321,12424,12424,2025-08-27T13:12:05Z,2033.0,2033.3333333333333,1526.60899,11.36825500000009,6.492679999999837,2,0.2,0.1
4,322,12434,12434,2025-08-27T13:12:06Z,2034.0,2034.5714285714287,1530.03808,14.797345000000178,0.989620000000059,2,0.2,0.1
4,323,12442,12442,2025-08-27T13:12:07Z,2035.0,2035.5555555555557,1530.4018,15.161065000000235,0.37976000000003296,2,0.2,0.1
4,324,12457,12457,2025-08-27T13:12:09Z,2037.0,2037.5,1530.84317,15.602435000000241,16.077200000000175,2,0.2,0.1
4,325,12474,12474,2025-08-27T13:12:11Z,2039.0,2039.5,1527.98263,12.741895000000113,6.820180000000164,2,0.2,0.1
4,326,12508,12508,2025-08-27T13:12:15Z,2043.0,2043.3,1515.32888,0.08814500000016778,0.28145500000005086,2,0.2,0.1
4,327,12527,12527,2025-08-27T13:12:17Z,2045.0,2045.3333333333333,1527.94415,12.703415000000177,4.667480000000069,2,0.2,0.1
4,328,12538,12538,2025-08-27T13:12:18Z,2046.0,2046.5,1528.0611,12.820365000000038,0.9224349999999504,2,0.2,0.1
4,329,12547,12547,2025-08-27T13:12:19Z,2047.0,2047.4,1529.96615,14.725415000000112,0.5182199999999284,2,0.2,0.1
4,330,12550,12550,2025-08-27T13:12:19Z,2047.0,2047.7,1529.7207,14.47996500000022,0.15004500000009102,2,0.2,0.1
4,331,12564,12564,2025-08-27T13:12:21Z,2049.0,2049.1,1530.86788,15.627145000000155,15.764270000000124,2,0.2,0.1
4,332,12589,12589,2025-08-27T13:12:23Z,2051.0,2051.6,1528.06349,12.822755000000143,6.920630000000074,2,0.2,0.1
4,333,12601,12601,2025-08-27T13:12:24Z,2053.0,2053.0,1517.652,2.411265000000185,0.46509500000001935,2,0.2,0.1
4,334,12628,12628,2025-08-27T13:12:27Z,2055.0,2055.777777777778,1515.81679,0.576055000000224,0.5765800000001491,2,0.2,0.1
4,335,12653,12653,2025-08-27T13:12:30Z,2058.0,2058.3,1526.49801,11.257275000000163,6.4988700000001245,2,0.2,0.1
4,336,12659,12659,2025-08-27T13:12:30Z,2058.0,2058.9,1521.3261699999998,6.085434999999961,1.1845599999999195,2,0.2,0.1
4,337,12666,12666,2025-08-27T13:12:31Z,2059.0,2059.6,1533.94503,18.70429500000023,22.099950000000035,2,0.2,0.1
4,338,12685,12685,2025-08-27T13:12:33Z,2061.0,2061.5,1529.00585,13.76511500000015,5.26252999999997,2,0.2,0.1
4,339,12689,12689,2025-08-27T13:12:33Z,2061.0,2061.9,1529.00585,13.76511500000015,5.26252999999997,2,0.2,0.1
4,340,12692,12692,2025-08-27T13:12:34Z,2062.0,2062.2,1528.97937,13.738635000000158,0.17942999999991116,2,0.2,0.1
4,341,12699,12699,2025-08-27T13:12:34Z,2062.0,2062.9,1528.953375,13.712640000000192,0.2679699999998775,2,0.2,0.1
4,342,12713,12713,2025-08-27T13:12:36Z,2064.0,2064.3,1526.12698,10.886245000000145,7.55295000000001,2,0.2,0.1
4,343,12716,12716,2025-08-27T13:12:36Z,2064.0,2064.6,1526.12698,10.886245000000145,7.55295000000001,2,0.2,0.1
4,344,12739,12739,2025-08-27T13:12:38Z,2066.0,2066.9,1517.6236,2.382865000000038,0.26648999999997613,2,0.2,0.1
4,345,12743,12743,2025-08-27T13:12:39Z,2067.0,2067.3,1517.25622,2.015485000000126,0.16560000000004038,2,0.2,0.1
4,346,12756,12756,2025-08-27T13:12:40Z,2068.0,2068.6,1516.70883,1.4680950000001758,0.6805500000000393,2,0.2,0.1
4,347,12764,12764,2025-08-27T13:12:41Z,2069.0,2069.4,1515.650775,0.41004000000020824,0.17809500000021217,2,0.2,0.1
4,348,12771,12771,2025-08-27T13:12:42Z,2070.0,2070.1,1515.6242550000002,0.38352000000031694,0.10599500000012085,2,0.2,0.1
4,349,12796,12796,2025-08-27T13:12:44Z,2072.0,2072.6,1515.52939,0.2886550000000625,0.6571099999998751,2,0.2,0.1
4,350,12802,12802,2025-08-27T13:12:45Z,2073.0,2073.2,1515.22984,-0.010894999999891297,0.20444499999985055,2,0.2,0.1
4,351,12805,12805,2025-08-27T13:12:45Z,2073.0,2073.5,1515.53607,0.29533500000025015,1.9838300000001254,2,0.2,0.1
4,352,12813,12813,2025-08-27T13:12:46Z,2074.0,2074.3,1513.89846,-1.3422749999999724,0.19844499999999243,2,0.2,0.1
4,353,12830,12830,2025-08-27T13:12:47Z,2076.0,2076.0,1514.19557,-1.0451649999997699,0.7033500000000004,2,0.2,0.1
4,354,12866,12866,2025-08-27T13:12:51Z,2079.0,2079.7,1513.56322,-1.6775149999998575,0.3425550000001749,2,0.2,0.1
4,355,12878,12878,2025-08-27T13:12:52Z,2080.0,2080.9,1513.329425,-1.9113099999999577,0.37463499999989835,2,0.2,0.1
4,356,12881,12881,2025-08-27T13:12:53Z,2081.0,2081.25,1513.320045,-1.9206899999999223,0.11798499999986234,2,0.2,0.1
4,357,12886,12886,2025-08-27T13:12:53Z,2081.0,2081.875,1513.08314,-2.157594999999901,0.11853999999993903,2,0.2,0.1
4,358,12892,12892,2025-08-27T13:12:54Z,2082.0,2082.714285714286,1513.50936,-1.7313749999998436,0.55600000000004,2,0.2,0.1
4,359,12901,12901,2025-08-27T13:12:55Z,2083.0,2083.875,1513.0598949999999,-2.1808399999999892,0.13845499999979438,2,0.2,0.1
4,360,12904,12904,2025-08-27T13:12:56Z,2084.0,2084.222222222222,1513.06828,-2.1724549999999,0.14814000000001215,2,0.2,0.1
4,361,12913,12913,2025-08-27T13:12:57Z,2085.0,2085.222222222222,1513.52198,-1.7187549999998737,0.6052600000000439,2,0.2,0.1
4,362,12934,12934,2025-08-27T13:12:59Z,2087.0,2087.6666666666665,1513.2269,-2.013834999999972,0.30836999999996806,2,0.2,0.1
4,363,12951,12951,2025-08-27T13:13:01Z,2089.0,2089.625,1513.51137,-1.729364999999916,0.6114799999998013,2,0.2,0.1
4,364,12966,12966,2025-08-27T13:13:03Z,2091.0,2091.4444444444443,1513.22959,-2.0111449999999422,0.3322899999998299,2,0.2,0.1
4,365,12970,12970,2025-08-27T13:13:03Z,2091.0,2091.8888888888887,1512.72885,-2.511884999999893,0.20772999999985586,2,0.2,0.1
4,366,12974,12974,2025-08-27T13:13:04Z,2092.0,2092.3333333333335,1512.93658,-2.3041549999998097,0.7064199999999801,2,0.2,0.1
4,367,12977,12977,2025-08-27T13:13:04Z,2092.0,2092.6666666666665,1512.9679,-2.272834999999759,0.7759450000000925,2,0.2,0.1
4,368,12984,12984,2025-08-27T13:13:05Z,2093.0,2093.4,1513.20666,-2.0340749999998025,1.2852199999999812,2,0.2,0.1
4,369,12996,12996,2025-08-27T13:13:06Z,2094.0,2094.75,1513.20917,-2.031564999999773,1.2910000000001673,2,0.2,0.1
4,370,13003,13003,2025-08-27T13:13:07Z,2095.0,2095.5555555555557,1512.98549,-2.2552449999998316,0.5359349999998813,2,0.2,0.1
4,371,13015,13015,2025-08-27T13:13:08Z,2096.0,2096.8,1512.96852,-2.27221499999996,1.0864749999998367,2,0.2,0.1
4,372,13027,13027,2025-08-27T13:13:09Z,2098.0,2098.0,1512.8951,-2.345634999999902,1.0009999999999764,2,0.2,0.1
4,373,13038,13038,2025-08-27T13:13:11Z,2099.0,2099.1,1513.243175,-1.997559999999794,0.33175500000015745,2,0.2,0.1
4,374,13042,13042,2025-08-27T13:13:11Z,2099.0,2099.5,1513.2118799999998,-2.0288550000000214,0.26916499999992993,2,0.2,0.1
4,375,13045,13045,2025-08-27T13:13:11Z,2099.0,2099.8,1513.53496,-1.7057749999999032,1.652789999999868,2,0.2,0.1
4,376,13062,13062,2025-08-27T13:13:13Z,2101.0,2101.5,1513.26387,-1.9768649999998615,0.6907799999999042,2,0.2,0.1
4,377,13073,13073,2025-08-27T13:13:14Z,2102.0,2102.6,1512.416585,-2.824149999999918,0.5018649999999525,2,0.2,0.1
4,378,13082,13082,2025-08-27T13:13:15Z,2103.0,2103.5,1512.4356149999999,-2.805119999999988,0.49862499999994725,2,0.2,0.1
4,379,13095,13095,2025-08-27T13:13:16Z,2104.0,2104.8,1512.92526,-2.3154749999998785,0.6441749999999047,2,0.2,0.1
4,380,13102,13102,2025-08-27T13:13:17Z,2105.0,2105.5,1512.5231749999998,-2.7175600000000486,0.10897499999987303,2,0.2,0.1
4,381,13105,13105,2025-08-27T13:13:17Z,2105.0,2105.8,1512.671275,-2.5694599999999355,0.23491500000000087,2,0.2,0.1
4,382,13109,13109,2025-08-27T13:13:18Z,2106.0,2106.2,1512.925855,-2.314879999999903,1.0275249999999687,2,0.2,0.1
4,383,13115,13115,2025-08-27T13:13:18Z,2106.0,2106.8,1512.59402,-2.6467149999998583,0.37334499999997206,2,0.2,0.1
4,384,13117,13117,2025-08-27T13:13:18Z,2107.0,2107.0,1512.419015,-2.821719999999914,0.4956649999999172,2,0.2,0.1
4,385,13131,13131,2025-08-27T13:13:20Z,2108.0,2108.4,1526.83983,11.599095000000034,10.163649999999961,2,0.2,0.1
4,386,13144,13144,2025-08-27T13:13:21Z,2109.0,2109.7,1536.30553,21.06479500000023,22.791600000000017,2,0.2,0.1
4,387,13181,13181,2025-08-27T13:13:25Z,2113.0,2113.4,1535.23732,19.996585000000096,7.145089999999982,2,0.2,0.1
4,388,13193,13193,2025-08-27T13:13:26Z,2114.0,2114.6,1526.66072,11.419985000000224,10.521200000000135,2,0.2,0.1
4,389,13203,13203,2025-08-27T13:13:27Z,2115.0,2115.6,1517.08662,1.8458850000001803,0.8271400000000995,2,0.2,0.1
4,390,13230,13230,2025-08-27T13:13:30Z,2118.0,2118.3,1514.15363,-1.0871049999998377,0.3682300000000396,2,0.2,0.1
4,391,13236,13236,2025-08-27T13:13:30Z,2118.0,2118.9,1514.79645,-0.44428499999980886,1.2350200000000768,2,0.2,0.1
4,392,13243,13243,2025-08-27T13:13:31Z,2119.0,2119.6,1513.99727,-1.2434649999997873,0.4696000000001277,2,0.2,0.1
4,393,13247,13247,2025-08-27T13:13:31Z,2120.0,2120.0,1513.74926,-1.4914749999998094,0.22159000000010565,2,0.2,0.1
4,394,13250,13250,2025-08-27T13:13:32Z,2120.0,2120.3,1513.7421749999999,-1.4985599999999977,0.19028499999990345,2,0.2,0.1
4,395,13261,13261,2025-08-27T13:13:33Z,2121.0,2121.4,1527.16508,11.92434500000013,8.075349999999844,2,0.2,0.1
4,396,13275,13275,2025-08-27T13:13:34Z,2122.0,2122.8,1534.24646,19.00572500000021,5.0212900000001355,2,0.2,0.1
4,397,13308,13308,2025-08-27T13:13:38Z,2126.0,2126.3,1539.00428,23.76354500000025,25.48036500000012,2,0.2,0.1
4,398,13314,13314,2025-08-27T13:13:38Z,2126.0,2126.9,1520.6947049999999,5.453970000000027,0.527704999999969,2,0.2,0.1
4,399,13320,13320,2025-08-27T13:13:39Z,2127.0,2127.5555555555557,1526.71104,11.470305000000053,9.662164999999959,2,0.2,0.1
4,400,13330,13330,2025-08-27T13:13:40Z,2128.0,2128.75,1518.03254,2.7918050000000676,0.8303399999999783,2,0.2,0.1
4,401,13343,13343,2025-08-27T13:13:42Z,2130.0,2130.3333333333335,1515.78351,0.5427750000001197,0.2288499999999658,2,0.2,0.1
4,402,13350,13350,2025-08-27T13:13:43Z,2131.0,2131.125,1515.5212000000001,0.28046500000027663,0.21472000000017033,2,0.2,0.1
4,403,13376,13376,2025-08-27T13:13:46Z,2134.0,2134.3333333333335,1526.85788,11.617145000000164,8.903470000000198,2,0.2,0.1
4,404,13379,13379,2025-08-27T13:13:46Z,2134.0,2134.6666666666665,1526.85788,11.617145000000164,8.903470000000198,2,0.2,0.1
4,405,13382,13382,2025-08-27T13:13:46Z,2135.0,2135.0,1521.02261,5.781875000000127,0.7848500000000058,2,0.2,0.1
4,406,13404,13404,2025-08-27T13:13:49Z,2137.0,2137.625,1533.01679,17.776055000000042,0.50945999999999,2,0.2,0.1
4,407,13417,13417,2025-08-27T13:13:51Z,2139.0,2139.25,1538.8495,23.608765000000176,24.333409999999958,2,0.2,0.1
4,408,13429,13429,2025-08-27T13:13:52Z,2140.0,2140.6666666666665,1526.44405,11.203315000000202,8.968855000000076,2,0.2,0.1
4,409,13440,13440,2025-08-27T13:13:53Z,2141.0,2141.8888888888887,1518.15365,2.912915000000112,1.5022099999998773,2,0.2,0.1
4,410,13447,13447,2025-08-27T13:13:54Z,2142.0,2142.6,1516.71664,1.475905000000239,0.6621400000001358,2,0.2,0.1
4,411,13470,13470,2025-08-27T13:13:57Z,2145.0,2145.222222222222,1515.350875,0.11014000000022861,0.14209500000015396,2,0.2,0.1
4,412,13474,13474,2025-08-27T13:13:57Z,2145.0,2145.6666666666665,1515.47006,0.22932500000024447,0.2812050000002273,2,0.2,0.1
4,413,13492,13492,2025-08-27T13:13:59Z,2147.0,2147.5,1526.7617500000001,11.521015000000261,5.420704999999998,2,0.2,0.1
4,414,13504,13504,2025-08-27T13:14:00Z,2148.0,2148.7,1532.52674,17.28600500000016,1.063190000000077,2,0.2,0.1
4,415,13529,13529,2025-08-27T13:14:03Z,2151.0,2151.4,1539.15747,23.916735000000244,24.727510000000166,2,0.2,0.1
4,416,13552,13552,2025-08-27T13:14:05Z,2153.0,2153.7,1526.51612,11.275385000000142,11.674784999999929,2,0.2,0.1
4,417,13562,13562,2025-08-27T13:14:06Z,2154.0,2154.7,1517.70648,2.4657450000001973,0.6281500000000051,2,0.2,0.1
4,418,13573,13573,2025-08-27T13:14:07Z,2155.0,2155.8,1516.60006,1.3593250000001262,0.21217499999988831,2,0.2,0.1
4,419,13595,13595,2025-08-27T13:14:09Z,2158.0,2158.0,1515.77371,0.5329750000000786,0.30033499999990454,2,0.2,0.1
4,420,13599,13599,2025-08-27T13:14:10Z,2158.0,2158.4,1515.531585,0.2908500000000913,0.47226499999987936,2,0.2,0.1
4,421,13608,13608,2025-08-27T13:14:11Z,2159.0,2159.3,1515.290295,0.049560000000155924,0.3794150000001082,2,0.2,0.1
4,422,13619,13619,2025-08-27T13:14:12Z,2160.0,2160.4,1528.22179,12.981055000000197,10.463835000000017,2,0.2,0.1
4,423,13622,13622,2025-08-27T13:14:12Z,2160.0,2160.7,1528.22179,12.981055000000197,10.463835000000017,2,0.2,0.1
4,424,13625,13625,2025-08-27T13:14:12Z,2161.0,2161.0,1520.78367,5.5429350000001705,0.9845399999999245,2,0.2,0.1
4,425,13668,13668,2025-08-27T13:14:17Z,2165.0,2165.4,1539.18892,23.948185000000194,25.036659999999983,2,0.2,0.1
4,426,13680,13680,2025-08-27T13:14:18Z,2166.0,2166.6,1526.69944,11.458705000000236,11.550860000000057,2,0.2,0.1
4,427,13693,13693,2025-08-27T13:14:19Z,2167.0,2167.9,1518.13561,2.8948750000001837,1.4974650000001475,2,0.2,0.1
4,428,13702,13702,2025-08-27T13:14:20Z,2168.0,2168.8,1516.5975,1.3567650000002232,0.23153999999999542,2,0.2,0.1
4,429,13735,13735,2025-08-27T13:14:24Z,2172.0,2172.1,1515.46739,0.22665500000016436,0.2475400000000718,2,0.2,0.1
4,430,13747,13747,2025-08-27T13:14:25Z,2173.0,2173.3,1527.03166,11.790925000000243,10.49350000000004,2,0.2,0.1
4,431,13760,13760,2025-08-27T13:14:26Z,2174.0,2174.6,1535.669145,20.428410000000213,4.958444999999983,2,0.2,0.1
4,432,13770,13770,2025-08-27T13:14:27Z,2175.0,2175.6666666666665,1535.01247,19.771735000000035,2.3548199999997905,2,0.2,0.1
4,433,13791,13791,2025-08-27T13:14:29Z,2177.0,2177.9,1539.32352,24.082785000000058,24.07273999999984,2,0.2,0.1
4,434,13793,13793,2025-08-27T13:14:30Z,2178.0,2178.125,1539.32352,24.082785000000058,24.07273999999984,2,0.2,0.1
4,435,13801,13801,2025-08-27T13:14:31Z,2179.0,2179.1428571428573,1527.579225,12.338490000000093,0.8795749999999316,2,0.2,0.1
4,436,13804,13804,2025-08-27T13:14:31Z,2179.0,2179.5714285714284,1528.06167,12.82093500000019,1.3620200000000295,2,0.2,0.1
4,437,13824,13824,2025-08-27T13:14:33Z,2182.0,2182.0,1517.3002999999999,2.0595650000000205,0.6009699999999611,2,0.2,0.1
4,438,13828,13828,2025-08-27T13:14:34Z,2182.0,2182.4,1517.1192099999998,1.8784749999999804,0.38714999999979227,2,0.2,0.1
4,439,13831,13831,2025-08-27T13:14:34Z,2182.0,2182.7,1517.04606,1.805325000000039,0.31399999999985084,2,0.2,0.1
4,440,13849,13849,2025-08-27T13:14:36Z,2184.0,2184.6666666666665,1515.79804,0.5573050000000421,0.27601999999978943,2,0.2,0.1
4,441,13864,13864,2025-08-27T13:14:38Z,2186.0,2186.3333333333335,1526.16645,10.925715000000082,10.657729999999901,2,0.2,0.1
4,442,13908,13908,2025-08-27T13:14:43Z,2191.0,2191.2,1539.3101,24.06936500000006,23.780880000000025,2,0.2,0.1
4,443,13910,13910,2025-08-27T13:14:43Z,2191.0,2191.4,1539.3101,24.06936500000006,23.780880000000025,2,0.2,0.1
4,444,13920,13920,2025-08-27T13:14:44Z,2192.0,2192.4,1526.7769349999999,11.536200000000008,10.023654999999962,2,0.2,0.1
4,445,13923,13923,2025-08-27T13:14:44Z,2192.0,2192.7,1526.75738,11.516645000000153,0.18416000000001986,2,0.2,0.1
4,446,13937,13937,2025-08-27T13:14:46Z,2194.0,2194.1111111111113,1517.92235,2.6816150000001926,0.3723899999999958,2,0.2,0.1
4,447,13947,13947,2025-08-27T13:14:47Z,2195.0,2195.2,1517.4894100000001,2.2486750000002758,0.37760000000002947,2,0.2,0.1
4,448,13969,13969,2025-08-27T13:14:49Z,2197.0,2197.4,1515.89418,0.653445000000147,0.36437999999998283,2,0.2,0.1
4,449,13976,13976,2025-08-27T13:14:50Z,2198.0,2198.1,1515.87898,0.6382450000000972,0.14382000000000517,2,0.2,0.1
4,450,13988,13988,2025-08-27T13:14:51Z,2199.0,2199.3,1525.6328,10.39206500000023,6.667085000000043,2,0.2,0.1
4,451,13994,13994,2025-08-27T13:14:51Z,2199.0,2199.9,1520.44998,5.209245000000237,0.33639500000003864,2,0.2,0.1
4,452,14000,14000,2025-08-27T13:14:52Z,2200.0,2200.5555555555557,1531.58708,16.346345000000156,0.8976000000000113,2,0.2,0.1
4,453,14032,14032,2025-08-27T13:14:55Z,2203.0,2203.8888888888887,1539.44773,24.206995000000234,23.96878000000015,2,0.2,0.1
4,454,14046,14046,2025-08-27T13:14:57Z,2205.0,2205.3,1526.24235,11.001615000000129,0.6467299999999341,2,0.2,0.1
4,455,14050,14050,2025-08-27T13:14:57Z,2205.0,2205.7,1526.42714,11.18640500000015,10.171959999999899,2,0.2,0.1
4,456,14064,14064,2025-08-27T13:14:59Z,2207.0,2207.1,1518.50312,3.262385000000222,0.46870000000012624,2,0.2,0.1
4,457,14072,14072,2025-08-27T13:14:59Z,2207.0,2207.9,1517.94843,2.707695000000058,0.2224199999998291,2,0.2,0.1
4,458,14079,14079,2025-08-27T13:15:00Z,2208.0,2208.6,1517.35565,2.11491500000011,0.35140000000001237,2,0.2,0.1
4,459,14086,14086,2025-08-27T13:15:01Z,2209.0,2209.3,1517.05539,1.8146550000001298,0.23948999999993248,2,0.2,0.1
4,460,14115,14115,2025-08-27T13:15:04Z,2212.0,2212.2,1526.14795,10.907215000000178,8.684999999999945,2,0.2,0.1
4,461,14123,14123,2025-08-27T13:15:04Z,2213.0,2213.0,1521.0879,5.847165000000132,0.932260000000042,2,0.2,0.1
4,462,14168,14168,2025-08-27T13:15:09Z,2217.0,2217.5,1539.54221,24.30147500000021,23.504869999999983,2,0.2,0.1
4,463,14177,14177,2025-08-27T13:15:10Z,2218.0,2218.4,1527.80385,12.563115000000153,7.384500000000116,2,0.2,0.1
4,464,14180,14180,2025-08-27T13:15:10Z,2218.0,2218.7,1527.80385,12.563115000000153,7.384500000000116,2,0.2,0.1
4,465,14196,14196,2025-08-27T13:15:12Z,2220.0,2220.3,1518.14348,2.9027450000000954,0.41031999999995605,2,0.2,0.1
4,466,14198,14198,2025-08-27T13:15:12Z,2220.0,2220.5,1518.14941,2.9086750000001302,1.1089150000000245,2,0.2,0.1
4,467,14207,14207,2025-08-27T13:15:13Z,2221.0,2221.4,1517.89483,2.6540950000000976,0.20382999999992535,2,0.2,0.1
4,468,14213,14213,2025-08-27T13:15:13Z,2222.0,2222.0,1517.06133,1.8205950000001394,0.20091000000002168,2,0.2,0.1
4,469,14221,14221,2025-08-27T13:15:14Z,2222.0,2222.8,1517.05959,1.8188550000002124,0.3738100000000486,2,0.2,0.1
4,470,14246,14246,2025-08-27T13:15:17Z,2225.0,2225.3,1526.62319,11.382455000000164,7.712345000000141,2,0.2,0.1
4,471,14260,14260,2025-08-27T13:15:18Z,2226.0,2226.777777777778,1532.43739,17.19665500000019,1.759760000000142,2,0.2,0.1
4,472,14282,14282,2025-08-27T13:15:20Z,2229.0,2229.0,1539.59577,24.355035000000044,29.299529999999777,2,0.2,0.1
4,473,14302,14302,2025-08-27T13:15:23Z,2231.0,2231.5,1521.98932,6.748585000000048,2.6911599999998543,2,0.2,0.1
4,474,14317,14317,2025-08-27T13:15:25Z,2233.0,2233.3333333333335,1515.50244,0.26170500000012,0.4259999999999309,2,0.2,0.1
4,475,14361,14361,2025-08-27T13:15:30Z,2238.0,2238.1111111111113,1513.37884,-1.8618949999997767,0.17091499999992266,2,0.2,0.1
4,476,14363,14363,2025-08-27T13:15:30Z,2238.0,2238.3333333333335,1513.37884,-1.8618949999997767,0.2163550000000214,2,0.2,0.1
4,477,14380,14380,2025-08-27T13:15:32Z,2240.0,2240.222222222222,1513.81492,-1.4258149999998295,0.9088400000000547,2,0.2,0.1
4,478,14400,14400,2025-08-27T13:15:34Z,2242.0,2242.4,1511.92238,-3.318354999999883,0.26296000000002095,2,0.2,0.1
4,479,14413,14413,2025-08-27T13:15:35Z,2243.0,2243.777777777778,1511.7419399999999,-3.498794999999973,0.18927999999982603,2,0.2,0.1
4,480,14421,14421,2025-08-27T13:15:36Z,2244.0,2244.6,1511.97225,-3.268484999999828,0.5015900000000784,2,0.2,0.1
4,481,14432,14432,2025-08-27T13:15:37Z,2245.0,2245.777777777778,1511.84154,-3.3991949999999633,0.39683999999988373,2,0.2,0.1
4,482,14463,14463,2025-08-27T13:15:40Z,2248.0,2248.9,1511.77488,-3.4658549999999195,0.30450999999993655,2,0.2,0.1
4,483,14474,14474,2025-08-27T13:15:42Z,2250.0,2250.1,1511.97056,-3.270174999999881,0.7175899999999729,2,0.2,0.1
4,484,14515,14515,2025-08-27T13:15:46Z,2254.0,2254.3,1511.67103,-3.5697049999998853,1.1371500000000196,2,0.2,0.1
4,485,14532,14532,2025-08-27T13:15:47Z,2256.0,2256.0,1511.60889,-3.6318449999998847,0.9938600000000406,2,0.2,0.1
4,486,14552,14552,2025-08-27T13:15:49Z,2258.0,2258.0,1511.21172,-4.029014999999845,0.2758400000000165,2,0.2,0.1
4,487,14584,14584,2025-08-27T13:15:53Z,2261.0,2261.2,1511.6675,-3.5732349999998405,1.2389499999999316,2,0.2,0.1
4,488,14630,14630,2025-08-27T13:15:57Z,2265.0,2265.8,1511.64011,-3.600624999999809,1.607200000000148,2,0.2,0.1
4,489,14638,14638,2025-08-27T13:15:58Z,2266.0,2266.6666666666665,1510.619345,-4.621389999999792,0.12554500000010194,2,0.2,0.1
4,490,14646,14646,2025-08-27T13:15:59Z,2267.0,2267.5,1511.24101,-3.9997249999998985,1.220339999999851,2,0.2,0.1
4,491,14665,14665,2025-08-27T13:16:01Z,2269.0,2269.4,1511.60738,-3.6333549999999377,1.5914499999998952,2,0.2,0.1
4,492,14675,14675,2025-08-27T13:16:02Z,2270.0,2270.4,1510.86184,-4.3788949999998295,0.8672700000001896,2,0.2,0.1
4,493,14683,14683,2025-08-27T13:16:03Z,2271.0,2271.25,1510.214055,-5.026679999999942,0.18149499999981344,2,0.2,0.1
4,494,14686,14686,2025-08-27T13:16:03Z,2271.0,2271.625,1510.273905,-4.966829999999845,0.1566849999999249,2,0.2,0.1
4,495,14694,14694,2025-08-27T13:16:04Z,2272.0,2272.625,1510.49724,-4.743494999999939,0.43313499999999294,2,0.2,0.1
4,496,14699,14699,2025-08-27T13:16:05Z,2273.0,2273.222222222222,1510.2435300000002,-4.997204999999667,0.14738000000011198,2,0.2,0.1
4,497,14703,14703,2025-08-27T13:16:05Z,2273.0,2273.6666666666665,1511.25552,-3.9852149999999256,1.3426600000000235,2,0.2,0.1
4,498,14708,14708,2025-08-27T13:16:06Z,2274.0,2274.222222222222,1510.2860500000002,-4.954684999999699,0.2631700000001729,2,0.2,0.1
4,499,14726,14726,2025-08-27T13:16:08Z,2276.0,2276.3333333333335,1510.23181,-5.008924999999863,0.23968999999988228,2,0.2,0.1
4,500,14734,14734,2025-08-27T13:16:09Z,2277.0,2277.25,1510.14247,-5.098264999999856,0.13881999999989603,2,0.2,0.1
4,501,14741,14741,2025-08-27T13:16:10Z,2278.0,2278.1111111111113,1510.19879,-5.0419449999999415,0.21271999999999025,2,0.2,0.1
4,502,14758,14758,2025-08-27T13:16:12Z,2280.0,2280.1,1510.13024,-5.110494999999901,0.13588000000004286,2,0.2,0.1
4,503,14788,14788,2025-08-27T13:16:15Z,2283.0,2283.5,1510.13027,-5.110464999999749,0.10982000000012704,2,0.2,0.1
4,504,14801,14801,2025-08-27T13:16:16Z,2285.0,2285.0,1511.23909,-4.001644999999826,1.3183100000001104,2,0.2,0.1
4,505,14840,14840,2025-08-27T13:16:21Z,2289.0,2289.1,1510.21732,-5.023414999999886,0.2846199999999044,2,0.2,0.1
4,506,14857,14857,2025-08-27T13:16:22Z,2290.0,2290.8,1510.16206,-5.078674999999748,0.1463699999999335,2,0.2,0.1
4,507,14870,14870,2025-08-27T13:16:24Z,2292.0,2292.222222222222,1510.91007,-4.330664999999954,0.9826100000000224,2,0.2,0.1
4,508,14873,14873,2025-08-27T13:16:24Z,2292.0,2292.5555555555557,1510.847515,-4.393219999999928,0.7004749999998694,2,0.2,0.1
4,509,14886,14886,2025-08-27T13:16:25Z,2293.0,2293.9,1510.12375,-5.116984999999886,0.1643899999999121,2,0.2,0.1
4,510,14896,14896,2025-08-27T13:16:26Z,2294.0,2294.9,1511.25861,-3.982124999999769,1.339980000000196,2,0.2,0.1
4,511,14913,14913,2025-08-27T13:16:28Z,2296.0,2296.6,1510.16168,-5.079054999999926,0.15055499999994026,2,0.2,0.1
4,512,14924,14924,2025-08-27T13:16:29Z,2297.0,2297.7,1510.123725,-5.1170099999999366,0.11580499999990934,2,0.2,0.1
4,513,14941,14941,2025-08-27T13:16:31Z,2299.0,2299.4,1510.8163399999999,-4.424395000000004,0.817189999999755,2,0.2,0.1
4,514,14966,14966,2025-08-27T13:16:33Z,2301.0,2301.9,1511.20229,-4.038444999999911,1.084730000000036,2,0.2,0.1
4,515,14977,14977,2025-08-27T13:16:34Z,2303.0,2303.0,1511.22273,-4.018004999999903,1.264654999999948,2,0.2,0.1
4,516,14992,14992,2025-08-27T13:16:36Z,2304.0,2304.5,1510.12765,-5.1130849999999555,0.1084849999999733,2,0.2,0.1
4,517,15012,15012,2025-08-27T13:16:38Z,2306.0,2306.5,1510.12503,-5.115704999999934,0.1057549999998173,2,0.2,0.1
4,518,15014,15014,2025-08-27T13:16:38Z,2306.0,2306.7,1510.12503,-5.115704999999934,0.1057549999998173,2,0.2,0.1
4,519,15022,15022,2025-08-27T13:16:39Z,2307.0,2307.5,1511.63057,-3.6101649999998244,1.7295599999999922,2,0.2,0.1
4,520,15031,15031,2025-08-27T13:16:40Z,2308.0,2308.4,1510.627005,-4.613729999999805,0.5588800000000447,2,0.2,0.1
4,521,15051,15051,2025-08-27T13:16:42Z,2310.0,2310.4,1510.681875,-4.558859999999868,0.6739350000000286,2,0.2,0.1
4,522,15064,15064,2025-08-27T13:16:43Z,2311.0,2311.7,1510.11965,-5.121084999999766,0.10698000000002139,2,0.2,0.1
4,523,15076,15076,2025-08-27T13:16:44Z,2312.0,2312.9,1511.21908,-4.021654999999782,1.280040000000099,2,0.2,0.1
4,524,15092,15092,2025-08-27T13:16:46Z,2314.0,2314.5,1510.8793799999999,-4.361355000000003,0.9464999999997872,2,0.2,0.1
4,525,15100,15100,2025-08-27T13:16:47Z,2315.0,2315.3,1510.1280299999999,-5.112705000000005,0.10663999999974294,2,0.2,0.1
4,526,15111,15111,2025-08-27T13:16:48Z,2316.0,2316.4,1510.13201,-5.108724999999822,0.12140000000022155,2,0.2,0.1
4,527,15128,15128,2025-08-27T13:16:50Z,2318.0,2318.1,1510.12728,-5.113454999999931,0.19848000000001775,2,0.2,0.1
4,528,15140,15140,2025-08-27T13:16:51Z,2319.0,2319.3,1510.5567,-4.684034999999767,0.5544400000001133,2,0.2,0.1
4,529,15149,15149,2025-08-27T13:16:52Z,2320.0,2320.2,1510.12717,-5.1135649999998805,0.11201000000005479,2,0.2,0.1
4,530,15165,15165,2025-08-27T13:16:53Z,2321.0,2321.8,1510.12098,-5.119754999999941,0.11635999999998603,2,0.2,0.1
4,531,15169,15169,2025-08-27T13:16:54Z,2322.0,2322.2,1510.12098,-5.119754999999941,0.11635999999998603,2,0.2,0.1
4,532,15175,15175,2025-08-27T13:16:54Z,2322.0,2322.8,1510.24339,-4.997344999999768,0.16470500000014,2,0.2,0.1
4,533,15192,15192,2025-08-27T13:16:56Z,2324.0,2324.875,1526.12929,10.888555000000224,5.152379999999994,2,0.2,0.1
4,534,15199,15199,2025-08-27T13:16:57Z,2325.0,2325.75,1526.45301,11.21227500000009,15.04440999999997,2,0.2,0.1
4,535,15207,15207,2025-08-27T13:16:58Z,2326.0,2326.75,1522.49703,7.2562950000001365,1.3146899999999277,2,0.2,0.1
4,536,15210,15210,2025-08-27T13:16:59Z,2327.0,2327.125,1522.49703,7.2562950000001365,1.3146899999999277,2,0.2,0.1
4,537,15237,15237,2025-08-27T13:17:02Z,2330.0,2330.4285714285716,1523.36981,8.129075000000057,5.211019999999962,2,0.2,0.1
4,538,15254,15254,2025-08-27T13:17:04Z,2332.0,2332.5555555555557,1513.6512050000001,-1.5895299999997405,0.12838000000010652,2,0.2,0.1
4,539,15258,15258,2025-08-27T13:17:05Z,2333.0,2333.0,1513.312695,-1.9280399999997826,0.11750500000016473,2,0.2,0.1
4,540,15298,15298,2025-08-27T13:17:09Z,2337.0,2337.6,1525.7966099999999,10.555875000000015,13.882809999999836,2,0.2,0.1
4,541,15307,15307,2025-08-27T13:17:10Z,2338.0,2338.5555555555557,1525.67985,10.439115000000129,0.7408199999999852,2,0.2,0.1
4,542,15314,15314,2025-08-27T13:17:11Z,2339.0,2339.375,1522.45625,7.215515000000096,0.1520299999999679,2,0.2,0.1
4,543,15318,15318,2025-08-27T13:17:11Z,2339.0,2339.875,1522.505865,7.265130000000227,0.20164500000009866,2,0.2,0.1
4,544,15345,15345,2025-08-27T13:17:15Z,2343.0,2343.222222222222,1524.18464,8.943905000000086,2.109659999999849,2,0.2,0.1
4,545,15365,15365,2025-08-27T13:17:17Z,2345.0,2345.5,1515.77174,0.5310050000000501,0.4245100000000548,2,0.2,0.1
4,546,15377,15377,2025-08-27T13:17:18Z,2347.0,2347.0,1513.8524,-1.38833499999987,0.27733499999999367,2,0.2,0.1
4,547,15386,15386,2025-08-27T13:17:19Z,2347.0,2347.9,1513.670685,-1.57004999999981,0.14695500000016182,2,0.2,0.1
4,548,15422,15422,2025-08-27T13:17:23Z,2351.0,2351.7,1524.60062,9.359885000000077,0.1934599999999591,2,0.2,0.1
4,549,15432,15432,2025-08-27T13:17:24Z,2352.0,2352.7,1526.3528700000002,11.112135000000308,13.12391000000025,2,0.2,0.1
4,550,15441,15441,2025-08-27T13:17:25Z,2353.0,2353.6,1521.7235850000002,6.482850000000326,0.4607450000000881,2,0.2,0.1
4,551,15479,15479,2025-08-27T13:17:29Z,2357.0,2357.4,1523.0924850000001,7.851750000000266,0.8648250000001099,2,0.2,0.1
4,552,15483,15483,2025-08-27T13:17:29Z,2357.0,2357.8,1523.16345,7.922715000000153,3.5351599999999053,2,0.2,0.1
4,553,15560,15560,2025-08-27T13:17:37Z,2365.0,2365.6,1524.059235,8.818500000000085,2.1756749999999556,2,0.2,0.1
4,554,15575,15575,2025-08-27T13:17:39Z,2367.0,2367.1,1526.62428,11.38354500000014,13.132830000000013,2,0.2,0.1
4,555,15579,15579,2025-08-27T13:17:39Z,2367.0,2367.5,1520.9081999999999,5.667464999999993,0.37944999999990614,2,0.2,0.1
4,556,15615,15615,2025-08-27T13:17:43Z,2371.0,2371.4,1523.49457,8.253835000000208,4.176879999999983,2,0.2,0.1
4,557,15618,15618,2025-08-27T13:17:43Z,2371.0,2371.7,1523.15711,7.916375000000244,0.8581300000000738,2,0.2,0.1
4,558,15628,15628,2025-08-27T13:17:44Z,2372.0,2372.777777777778,1516.63525,1.3945150000001831,0.15667499999995016,2,0.2,0.1
4,559,15667,15667,2025-08-27T13:17:49Z,2377.0,2377.125,1513.662305,-1.5784299999997984,0.10373500000014246,2,0.2,0.1
4,560,15680,15680,2025-08-27T13:17:50Z,2378.0,2378.6,1525.72855,10.487815000000182,12.180344999999988,2,0.2,0.1
4,561,15688,15688,2025-08-27T13:17:51Z,2379.0,2379.5714285714284,1525.36903,10.128295000000207,2.3253799999999956,2,0.2,0.1
4,562,15695,15695,2025-08-27T13:17:52Z,2380.0,2380.4444444444443,1520.46559,5.2248550000001615,0.15051999999991494,2,0.2,0.1
4,563,15730,15730,2025-08-27T13:17:56Z,2384.0,2384.4444444444443,1524.18292,8.942185000000109,5.308970000000045,2,0.2,0.1
4,564,15743,15743,2025-08-27T13:17:57Z,2385.0,2385.8888888888887,1517.63185,2.391115000000127,1.580850000000055,2,0.2,0.1
4,565,15750,15750,2025-08-27T13:17:58Z,2386.0,2386.6,1516.39026,1.1495250000000397,0.2714300000000094,2,0.2,0.1
4,566,15786,15786,2025-08-27T13:18:02Z,2390.0,2390.3,1514.20315,-1.0375849999998081,0.7008100000000468,2,0.2,0.1
4,567,15806,15806,2025-08-27T13:18:04Z,2392.0,2392.4444444444443,1523.404245,8.163510000000088,5.816634999999906,2,0.2,0.1
4,568,15817,15817,2025-08-27T13:18:05Z,2393.0,2393.6,1525.5362300000002,10.295495000000301,11.92354000000023,2,0.2,0.1
4,569,15825,15825,2025-08-27T13:18:06Z,2394.0,2394.4444444444443,1520.13184,4.891105000000152,0.22606999999993604,2,0.2,0.1
4,570,15862,15862,2025-08-27T13:18:10Z,2398.0,2398.4,1523.56688,8.326145000000224,0.400005000000192,2,0.2,0.1
4,571,15865,15865,2025-08-27T13:18:10Z,2398.0,2398.7,1523.688455,8.447720000000118,4.711364999999887,2,0.2,0.1
4,572,15875,15875,2025-08-27T13:18:11Z,2399.0,2399.777777777778,1517.66514,2.424405000000206,0.8943100000001323,2,0.2,0.1
4,573,15885,15885,2025-08-27T13:18:12Z,2400.0,2400.8,1516.299835,1.0591000000001713,0.2344550000000254,2,0.2,0.1
4,574,15889,15889,2025-08-27T13:18:13Z,2401.0,2401.2,1516.28511,1.0443750000001728,0.21973000000002685,2,0.2,0.1
4,575,15899,15899,2025-08-27T13:18:14Z,2402.0,2402.2,1515.96338,0.7226450000000568,0.30066999999985455,2,0.2,0.1
4,576,15943,15943,2025-08-27T13:18:18Z,2406.0,2406.6,1525.18818,9.947445000000243,4.402670000000171,2,0.2,0.1
4,577,15954,15954,2025-08-27T13:18:19Z,2407.0,2407.7,1526.93233,11.691595000000234,13.107460000000174,2,0.2,0.1
4,578,16002,16002,2025-08-27T13:18:24Z,2412.0,2412.5,1524.15328,8.912545000000136,4.786980000000085,2,0.2,0.1
4,579,16005,16005,2025-08-27T13:18:24Z,2412.0,2412.8,1524.059785,8.819050000000061,0.7908699999998134,2,0.2,0.1
4,580,16017,16017,2025-08-27T13:18:25Z,2414.0,2414.0,1517.89568,2.6549450000002253,2.026010000000042,2,0.2,0.1
4,581,16076,16076,2025-08-27T13:18:32Z,2420.0,2420.5,1523.582615,8.341880000000174,3.326144999999997,2,0.2,0.1
4,582,16085,16085,2025-08-27T13:18:33Z,2421.0,2421.714285714286,1525.4583699999998,10.217634999999973,9.637089999999944,2,0.2,0.1
4,583,16123,16123,2025-08-27T13:18:38Z,2426.0,2426.3333333333335,1523.9442549999999,8.703520000000026,3.807710000000043,2,0.2,0.1
4,584,16127,16127,2025-08-27T13:18:38Z,2426.0,2426.777777777778,1523.171655,7.930920000000242,0.10071000000016284,2,0.2,0.1
4,585,16187,16187,2025-08-27T13:18:45Z,2433.0,2433.625,1525.40048,10.159745000000157,9.534090000000106,2,0.2,0.1
4,586,16240,16240,2025-08-27T13:18:51Z,2439.0,2439.4444444444443,1523.4762799999999,8.235545000000002,0.7830699999999524,2,0.2,0.1
4,587,16243,16243,2025-08-27T13:18:51Z,2439.0,2439.777777777778,1524.20282,8.962085000000116,6.637809999999945,2,0.2,0.1
4,588,16281,16281,2025-08-27T13:18:55Z,2443.0,2443.75,1516.08977,0.8490350000001854,0.20238000000017564,2,0.2,0.1
4,589,16304,16304,2025-08-27T13:18:58Z,2446.0,2446.375,1523.69269,8.451955000000225,4.863700000000108,2,0.2,0.1
4,590,16317,16317,2025-08-27T13:19:00Z,2448.0,2448.0,1524.12554,8.884805000000142,6.2337700000000495,2,0.2,0.1
4,591,16322,16322,2025-08-27T13:19:00Z,2448.0,2448.5,1521.781105,6.540370000000166,0.14792499999998654,2,0.2,0.1
4,592,16360,16360,2025-08-27T13:19:04Z,2452.0,2452.3,1526.0093,10.76856500000008,10.503889999999956,2,0.2,0.1
4,593,16364,16364,2025-08-27T13:19:04Z,2452.0,2452.7,1523.56535,8.324615000000222,0.48891500000013366,2,0.2,0.1
4,594,16378,16378,2025-08-27T13:19:06Z,2454.0,2454.1,1518.2328550000002,2.992120000000341,0.9988800000000992,2,0.2,0.1
4,595,16424,16424,2025-08-27T13:19:10Z,2458.0,2458.7,1515.95523,0.71449500000017,0.15830000000005384,2,0.2,0.1
5,0,8961,8961,2025-08-27T13:05:59Z,1667.0,1667.4444444444443,1527.3820850000002,0.6400300000000243,0.7995050000001811,2,0.2,0.1
5,1,8963,8963,2025-08-27T13:05:59Z,1667.0,1667.6666666666667,1526.3790549999999,-0.36300000000028376,0.546914999999899,2,0.2,0.1
5,2,8967,8967,2025-08-27T13:06:00Z,1668.0,1668.125,1528.57086,1.8288049999998748,0.16297000000008666,2,0.2,0.1
5,3,8970,8970,2025-08-27T13:06:00Z,1668.0,1668.5,1529.780655,3.0385999999998603,4.419765000000098,2,0.2,0.1
5,4,8988,8988,2025-08-27T13:06:02Z,1670.0,1670.75,1512.24061,-14.501445000000103,0.31620999999995547,2,0.2,0.1
5,5,8998,8998,2025-08-27T13:06:03Z,1671.0,1671.888888888889,1512.37654,-14.365515000000187,0.6088400000001002,2,0.2,0.1
5,6,9021,9021,2025-08-27T13:06:06Z,1674.0,1674.4,1529.07635,2.3342949999998837,15.255980000000136,2,0.2,0.1
5,7,9028,9028,2025-08-27T13:06:07Z,1675.0,1675.1,1530.86239,4.120334999999841,1.8917699999999513,2,0.2,0.1
5,8,9040,9040,2025-08-27T13:06:08Z,1676.0,1676.3,1538.53953,11.79747499999985,2.2340899999999237,2,0.2,0.1
5,9,9050,9050,2025-08-27T13:06:09Z,1677.0,1677.3,1538.97078,12.22872499999994,27.569110000000137,2,0.2,0.1
5,10,9052,9052,2025-08-27T13:06:09Z,1677.0,1677.5,1538.97078,12.22872499999994,27.569110000000137,2,0.2,0.1
5,11,9059,9059,2025-08-27T13:06:10Z,1678.0,1678.2222222222222,1529.72393,2.9818749999999454,6.643730000000005,2,0.2,0.1
5,12,9070,9070,2025-08-27T13:06:11Z,1679.0,1679.4,1512.62352,-14.118535000000065,0.5301600000000235,2,0.2,0.1
5,13,9084,9084,2025-08-27T13:06:12Z,1680.0,1680.8,1511.90459,-14.837465000000066,0.5361400000001595,2,0.2,0.1
5,14,9119,9119,2025-08-27T13:06:16Z,1684.0,1684.4,1528.37229,1.6302349999998569,11.268299999999954,2,0.2,0.1
5,15,9131,9131,2025-08-27T13:06:17Z,1685.0,1685.6,1532.34447,5.602414999999837,21.019800000000032,2,0.2,0.1
5,16,9151,9151,2025-08-27T13:06:19Z,1687.0,1687.6,1527.2835,0.5414449999998396,0.5465200000001005,2,0.2,0.1
5,17,9155,9155,2025-08-27T13:06:19Z,1688.0,1688.0,1527.62492,0.8828649999998106,0.4721550000001571,2,0.2,0.1
5,18,9158,9158,2025-08-27T13:06:20Z,1688.0,1688.3,1528.11638,1.3743249999997715,8.256529999999884,2,0.2,0.1
5,19,9161,9161,2025-08-27T13:06:20Z,1688.0,1688.6,1527.67335,0.9312949999998636,0.9927400000001398,2,0.2,0.1
5,20,9218,9218,2025-08-27T13:06:26Z,1694.0,1694.3,1528.31901,1.5769549999997707,10.166060000000016,2,0.2,0.1
5,21,9231,9231,2025-08-27T13:06:27Z,1695.0,1695.6,1528.95052,2.208464999999933,17.397440000000188,2,0.2,0.1
5,22,9239,9239,2025-08-27T13:06:28Z,1696.0,1696.4,1524.11428,-2.627775000000156,1.2849200000000565,2,0.2,0.1
5,23,9249,9249,2025-08-27T13:06:29Z,1697.0,1697.4,1521.76648,-4.975575000000163,0.6646550000000389,2,0.2,0.1
5,24,9252,9252,2025-08-27T13:06:29Z,1697.0,1697.7,1522.692735,-4.04932000000008,1.583520000000135,2,0.2,0.1
5,25,9255,9255,2025-08-27T13:06:29Z,1698.0,1698.0,1526.92119,0.17913499999986016,0.2729450000001634,2,0.2,0.1
5,26,9258,9258,2025-08-27T13:06:30Z,1698.0,1698.3,1526.940765,0.1987099999998918,6.283975000000055,2,0.2,0.1
5,27,9320,9320,2025-08-27T13:06:36Z,1704.0,1704.5555555555557,1528.97894,2.236884999999802,17.636600000000044,2,0.2,0.1
5,28,9322,9322,2025-08-27T13:06:36Z,1704.0,1704.7777777777778,1528.97894,2.236884999999802,17.636600000000044,2,0.2,0.1
5,29,9327,9327,2025-08-27T13:06:37Z,1705.0,1705.375,1527.03868,0.29662499999994907,1.7511300000001029,2,0.2,0.1
5,30,9337,9337,2025-08-27T13:06:38Z,1706.0,1706.5555555555557,1522.00462,-4.737435000000232,0.11957000000006701,2,0.2,0.1
5,31,9340,9340,2025-08-27T13:06:38Z,1706.0,1706.888888888889,1521.878845,-4.863210000000208,0.11336499999993066,2,0.2,0.1
5,32,9343,9343,2025-08-27T13:06:39Z,1707.0,1707.2,1521.94834,-4.7937150000002475,0.19526999999993677,2,0.2,0.1
5,33,9346,9346,2025-08-27T13:06:39Z,1707.0,1707.5,1521.94834,-4.7937150000002475,0.7898999999999887,2,0.2,0.1
5,34,9354,9354,2025-08-27T13:06:40Z,1708.0,1708.3333333333333,1528.02486,1.2828049999998257,9.37798500000008,2,0.2,0.1
5,35,9412,9412,2025-08-27T13:06:46Z,1714.0,1714.5555555555557,1511.62257,-15.119485000000168,0.8616099999999278,2,0.2,0.1
5,36,9490,9490,2025-08-27T13:06:54Z,1722.0,1722.9,1511.51956,-15.222495000000208,0.14366999999992913,2,0.2,0.1
5,37,9516,9516,2025-08-27T13:06:57Z,1725.0,1725.5555555555557,1511.62169,-15.12036500000022,0.4826100000000224,2,0.2,0.1
5,38,9529,9529,2025-08-27T13:06:58Z,1726.0,1726.9,1511.57513,-15.16692500000022,0.23176999999986947,2,0.2,0.1
5,39,9541,9541,2025-08-27T13:07:00Z,1728.0,1728.1,1511.63421,-15.107845000000225,0.929110000000037,2,0.2,0.1
5,40,9554,9554,2025-08-27T13:07:01Z,1729.0,1729.4,1511.58317,-15.158885000000055,0.5017600000001039,2,0.2,0.1
5,41,9590,9590,2025-08-27T13:07:04Z,1733.0,1733.0,1511.8794,-14.862655000000132,0.5463799999999992,2,0.2,0.1
5,42,9602,9602,2025-08-27T13:07:06Z,1734.0,1734.2,1511.64857,-15.0934850000001,0.29922000000010485,2,0.2,0.1
5,43,9622,9622,2025-08-27T13:07:08Z,1736.0,1736.2,1511.52064,-15.221415000000206,0.15498999999999796,2,0.2,0.1
5,44,9719,9719,2025-08-27T13:07:17Z,1746.0,1746.0,1511.93126,-14.810795000000098,1.6035400000000664,2,0.2,0.1
5,45,9793,9793,2025-08-27T13:07:25Z,1753.0,1753.875,1513.26015,-13.481905000000097,2.1200400000000172,2,0.2,0.1
5,46,9876,9876,2025-08-27T13:07:35Z,1763.0,1763.888888888889,1511.7215,-15.020555000000058,0.5294200000000728,2,0.2,0.1
5,47,9908,9908,2025-08-27T13:07:39Z,1767.0,1767.5,1511.57203,-15.170025000000123,0.2469499999999698,2,0.2,0.1
5,48,9962,9962,2025-08-27T13:07:45Z,1773.0,1773.4,1512.55758,-14.184475000000248,1.2353249999998752,2,0.2,0.1
5,49,10046,10046,2025-08-27T13:07:53Z,1781.0,1781.9,1511.83563,-14.906425000000127,0.5111100000001443,2,0.2,0.1
5,50,10062,10062,2025-08-27T13:07:55Z,1783.0,1783.5,1512.59238,-14.149675000000116,1.285780000000159,2,0.2,0.1
5,51,10172,10172,2025-08-27T13:08:06Z,1795.0,1795.0,1511.96135,-14.780705000000125,0.6295900000000074,2,0.2,0.1
5,52,10303,10303,2025-08-27T13:08:21Z,1809.0,1809.375,1528.4205,1.6784449999997832,4.30056999999988,2,0.2,0.1
5,53,10313,10313,2025-08-27T13:08:22Z,1810.0,1810.5,1532.44857,5.706514999999854,20.71343999999999,2,0.2,0.1
5,54,10329,10329,2025-08-27T13:08:24Z,1812.0,1812.1,1522.80006,-3.9419950000001336,0.13921000000004824,2,0.2,0.1
5,55,10332,10332,2025-08-27T13:08:24Z,1812.0,1812.4,1522.85552,-3.8865350000000944,0.6378799999999956,2,0.2,0.1
5,56,10339,10339,2025-08-27T13:08:25Z,1813.0,1813.1,1524.05201,-2.6900450000000546,2.1428500000001804,2,0.2,0.1
5,57,10348,10348,2025-08-27T13:08:25Z,1814.0,1814.0,1527.44542,0.7033649999998488,0.33134500000005573,2,0.2,0.1
5,58,10352,10352,2025-08-27T13:08:26Z,1814.0,1814.4,1528.24692,1.5048649999998815,12.638470000000098,2,0.2,0.1
5,59,10410,10410,2025-08-27T13:08:32Z,1820.0,1820.4,1528.86041,2.1183549999998377,8.015229999999974,2,0.2,0.1
5,60,10422,10422,2025-08-27T13:08:33Z,1821.0,1821.6,1532.64033,5.898274999999785,21.164239999999836,2,0.2,0.1
5,61,10441,10441,2025-08-27T13:08:35Z,1823.0,1823.6,1524.359475,-2.382580000000189,1.4651499999999942,2,0.2,0.1
5,62,10455,10455,2025-08-27T13:08:36Z,1825.0,1825.0,1527.202405,0.46034999999983484,0.6089799999999741,2,0.2,0.1
5,63,10459,10459,2025-08-27T13:08:37Z,1825.0,1825.4,1528.59045,1.8483949999997549,6.5834299999999075,2,0.2,0.1
5,64,10519,10519,2025-08-27T13:08:43Z,1831.0,1831.4,1528.93052,2.1884649999997237,4.868669999999838,2,0.2,0.1
5,65,10522,10522,2025-08-27T13:08:43Z,1831.0,1831.7,1528.1013,1.3592449999998735,0.18133000000011634,2,0.2,0.1
5,66,10532,10532,2025-08-27T13:08:44Z,1832.0,1832.7,1535.474,8.731944999999769,24.128439999999955,2,0.2,0.1
5,67,10548,10548,2025-08-27T13:08:46Z,1834.0,1834.4,1524.6204699999998,-2.121585000000323,0.40142999999989115,2,0.2,0.1
5,68,10552,10552,2025-08-27T13:08:46Z,1834.0,1834.8,1525.64421,-1.097845000000234,2.194835000000012,2,0.2,0.1
5,69,10556,10556,2025-08-27T13:08:47Z,1835.0,1835.2,1525.64421,-1.097845000000234,2.194835000000012,2,0.2,0.1
5,70,10571,10571,2025-08-27T13:08:48Z,1836.0,1836.7,1526.507955,-0.23410000000012587,11.868875000000116,2,0.2,0.1
5,71,10579,10579,2025-08-27T13:08:49Z,1837.0,1837.5,1513.47657,-13.265485000000126,0.2509299999999257,2,0.2,0.1
5,72,10583,10583,2025-08-27T13:08:49Z,1837.0,1837.9,1513.33738,-13.404675000000225,0.13918999999987136,2,0.2,0.1
5,73,10590,10590,2025-08-27T13:08:50Z,1838.0,1838.6,1512.78549,-13.956565000000182,0.17290000000002692,2,0.2,0.1
5,74,10594,10594,2025-08-27T13:08:50Z,1839.0,1839.0,1512.95839,-13.783665000000155,0.34580000000005384,2,0.2,0.1
5,75,10597,10597,2025-08-27T13:08:51Z,1839.0,1839.3,1512.420125,-14.321930000000066,0.12096000000019558,2,0.2,0.1
5,76,10625,10625,2025-08-27T13:08:54Z,1842.0,1842.4285714285713,1528.31086,1.5688049999998839,7.153174999999919,2,0.2,0.1
5,77,10633,10633,2025-08-27T13:08:55Z,1843.0,1843.5,1534.52903,7.786974999999757,22.92301999999995,2,0.2,0.1
5,78,10635,10635,2025-08-27T13:08:55Z,1843.0,1843.75,1534.52903,7.786974999999757,22.92301999999995,2,0.2,0.1
5,79,10650,10650,2025-08-27T13:08:57Z,1845.0,1845.5714285714287,1526.0315,-0.7105550000001131,0.15055000000006658,2,0.2,0.1
5,80,10655,10655,2025-08-27T13:08:58Z,1846.0,1846.25,1526.27662,-0.46543500000007043,1.650814999999966,2,0.2,0.1
5,81,10664,10664,2025-08-27T13:08:59Z,1847.0,1847.3333333333333,1527.22009,0.47803499999986343,6.2631950000002234,2,0.2,0.1
5,82,10690,10690,2025-08-27T13:09:02Z,1850.0,1850.111111111111,1512.2948700000002,-14.44718499999999,0.5576700000001438,2,0.2,0.1
5,83,10720,10720,2025-08-27T13:09:05Z,1853.0,1853.3,1528.28845,1.5463949999998476,11.122270000000071,2,0.2,0.1
5,84,10730,10730,2025-08-27T13:09:06Z,1854.0,1854.375,1526.33181,-0.4102450000002591,2.0753799999999956,2,0.2,0.1
5,85,10739,10739,2025-08-27T13:09:07Z,1855.0,1855.4,1525.55236,-1.1896950000002562,0.24489500000004227,2,0.2,0.1
5,86,10745,10745,2025-08-27T13:09:07Z,1856.0,1856.0,1526.286525,-0.45553000000018073,0.4753249999998843,2,0.2,0.1
5,87,10752,10752,2025-08-27T13:09:08Z,1856.0,1856.7,1526.58305,-0.15900500000020656,3.6992099999999937,2,0.2,0.1
5,88,10758,10758,2025-08-27T13:09:09Z,1857.0,1857.3,1526.55178,-0.19027500000015607,0.3480200000001332,2,0.2,0.1
5,89,10769,10769,2025-08-27T13:09:10Z,1858.0,1858.4,1528.69666,1.9546049999999013,17.041000000000167,2,0.2,0.1
5,90,10771,10771,2025-08-27T13:09:10Z,1858.0,1858.6,1528.69666,1.9546049999999013,17.041000000000167,2,0.2,0.1
5,91,10802,10802,2025-08-27T13:09:13Z,1861.0,1861.7,1512.96651,-13.775545000000193,1.0635549999999512,2,0.2,0.1
5,92,10829,10829,2025-08-27T13:09:16Z,1864.0,1864.4,1528.374145,1.6320899999998346,4.456615000000056,2,0.2,0.1
5,93,10832,10832,2025-08-27T13:09:16Z,1864.0,1864.7,1527.97985,1.2377949999997782,0.11003499999992528,2,0.2,0.1
5,94,10841,10841,2025-08-27T13:09:17Z,1865.0,1865.6,1528.75273,2.0106749999997646,16.971684999999752,2,0.2,0.1
5,95,10852,10852,2025-08-27T13:09:18Z,1866.0,1866.7,1526.54819,-0.19386500000018714,0.12160999999991873,2,0.2,0.1
5,96,10865,10865,2025-08-27T13:09:19Z,1868.0,1868.0,1526.77622,0.0341649999998026,0.8323199999999815,2,0.2,0.1
5,97,10879,10879,2025-08-27T13:09:21Z,1869.0,1869.4,1528.36689,1.6248349999998482,9.104379999999992,2,0.2,0.1
5,98,10896,10896,2025-08-27T13:09:23Z,1871.0,1871.1,1513.58246,-13.159595000000081,0.32207000000016706,2,0.2,0.1
5,99,10908,10908,2025-08-27T13:09:24Z,1872.0,1872.3,1512.96758,-13.774475000000166,1.0928599999999733,2,0.2,0.1
5,100,10915,10915,2025-08-27T13:09:24Z,1873.0,1873.0,1512.145685,-14.596370000000206,0.23010499999986678,2,0.2,0.1
5,101,10938,10938,2025-08-27T13:09:27Z,1875.0,1875.3,1528.42785,1.685794999999871,4.714394999999968,2,0.2,0.1
5,102,10949,10949,2025-08-27T13:09:28Z,1876.0,1876.4,1533.771235,7.029179999999769,22.17936499999996,2,0.2,0.1
5,103,10973,10973,2025-08-27T13:09:30Z,1878.0,1878.8,1528.30545,1.5633949999999004,1.8276299999999992,2,0.2,0.1
5,104,10989,10989,2025-08-27T13:09:32Z,1880.0,1880.4,1528.168805,1.4267499999998563,9.377610000000004,2,0.2,0.1
5,105,11007,11007,2025-08-27T13:09:34Z,1882.0,1882.5555555555557,1513.544425,-13.197630000000117,0.3427550000001247,2,0.2,0.1
5,106,11017,11017,2025-08-27T13:09:35Z,1883.0,1883.6666666666667,1513.24858,-13.493475000000217,0.35082999999985987,2,0.2,0.1
5,107,11028,11028,2025-08-27T13:09:36Z,1884.0,1884.888888888889,1513.33718,-13.404875000000175,0.7110199999999622,2,0.2,0.1
5,108,11041,11041,2025-08-27T13:09:38Z,1886.0,1886.2222222222222,1528.28444,1.54238499999974,6.08475999999996,2,0.2,0.1
5,109,11052,11052,2025-08-27T13:09:39Z,1887.0,1887.4,1526.26856,-0.4734950000001845,0.5523949999999331,2,0.2,0.1
5,110,11073,11073,2025-08-27T13:09:41Z,1889.0,1889.5,1528.40612,1.6640649999999368,0.10821000000009917,2,0.2,0.1
5,111,11081,11081,2025-08-27T13:09:42Z,1890.0,1890.3333333333333,1528.42056,1.6785049999998591,16.51258000000007,2,0.2,0.1
5,112,11092,11092,2025-08-27T13:09:43Z,1891.0,1891.625,1528.09505,1.352994999999737,7.535370000000057,2,0.2,0.1
5,113,11111,11111,2025-08-27T13:09:45Z,1893.0,1893.6,1514.1819,-12.560155000000123,0.6397850000000744,2,0.2,0.1
5,114,11132,11132,2025-08-27T13:09:47Z,1895.0,1895.7,1513.08359,-13.658465000000206,1.1174799999998868,2,0.2,0.1
5,115,11147,11147,2025-08-27T13:09:49Z,1897.0,1897.3,1528.71778,1.975724999999784,9.358669999999847,2,0.2,0.1
5,116,11159,11159,2025-08-27T13:09:50Z,1898.0,1898.5,1532.79775,6.055694999999787,20.931159999999863,2,0.2,0.1
5,117,11177,11177,2025-08-27T13:09:52Z,1900.0,1900.5714285714287,1528.62745,1.8853949999997894,1.2642350000000988,2,0.2,0.1
5,118,11193,11193,2025-08-27T13:09:54Z,1902.0,1902.4,1528.35405,1.6119949999997516,10.52599999999984,2,0.2,0.1
5,119,11212,11212,2025-08-27T13:09:56Z,1904.0,1904.3,1513.919505,-12.822550000000092,0.2812950000000001,2,0.2,0.1
5,120,11228,11228,2025-08-27T13:09:57Z,1905.0,1905.9,1513.708615,-13.033440000000155,0.7610150000000431,2,0.2,0.1
5,121,11230,11230,2025-08-27T13:09:58Z,1906.0,1906.1,1513.5784800000001,-13.163575000000037,0.3542600000000675,2,0.2,0.1
5,122,11252,11252,2025-08-27T13:10:00Z,1908.0,1908.3,1528.0765,1.3344449999997323,6.845019999999977,2,0.2,0.1
5,123,11264,11264,2025-08-27T13:10:01Z,1909.0,1909.5,1532.32904,5.586984999999913,19.384160000000065,2,0.2,0.1
5,124,11287,11287,2025-08-27T13:10:03Z,1911.0,1911.8,1528.588665,1.8466099999998278,3.298725000000104,2,0.2,0.1
5,125,11300,11300,2025-08-27T13:10:05Z,1913.0,1913.1,1526.80039,0.05833499999994274,0.31975500000021384,2,0.2,0.1
5,126,11303,11303,2025-08-27T13:10:05Z,1913.0,1913.4,1526.84834,0.10628499999984342,8.069405000000188,2,0.2,0.1
5,127,11315,11315,2025-08-27T13:10:06Z,1914.0,1914.6,1516.146615,-10.595440000000053,0.2738450000001649,2,0.2,0.1
5,128,11334,11334,2025-08-27T13:10:08Z,1916.0,1916.5,1513.2568,-13.485255000000052,0.3319200000000819,2,0.2,0.1
5,129,11339,11339,2025-08-27T13:10:08Z,1917.0,1917.0,1512.95717,-13.784885000000259,0.12677499999995234,2,0.2,0.1
5,130,11351,11351,2025-08-27T13:10:10Z,1918.0,1918.2,1513.56002,-13.182035000000269,0.7296249999999418,2,0.2,0.1
5,131,11355,11355,2025-08-27T13:10:10Z,1918.0,1918.6,1513.56002,-13.182035000000269,0.8323649999999816,2,0.2,0.1
5,132,11358,11358,2025-08-27T13:10:10Z,1918.0,1918.9,1513.10153,-13.640525000000252,0.4781399999999394,2,0.2,0.1
5,133,11396,11396,2025-08-27T13:10:14Z,1922.0,1922.7,1513.49305,-13.249005000000125,1.595890000000054,2,0.2,0.1
5,134,11489,11489,2025-08-27T13:10:23Z,1932.0,1932.0,1511.90025,-14.84180500000025,0.5416199999999662,2,0.2,0.1
5,135,11564,11564,2025-08-27T13:10:33Z,1941.0,1941.111111111111,1511.94055,-14.801505000000134,0.5935699999999997,2,0.2,0.1
5,136,11590,11590,2025-08-27T13:10:36Z,1944.0,1944.0,1527.89522,1.1531649999999445,5.954400000000078,2,0.2,0.1
5,137,11593,11593,2025-08-27T13:10:36Z,1944.0,1944.3333333333333,1527.89522,1.1531649999999445,5.954400000000078,2,0.2,0.1
5,138,11605,11605,2025-08-27T13:10:37Z,1945.0,1945.75,1538.28007,11.53801499999986,25.362769999999955,2,0.2,0.1
5,139,11636,11636,2025-08-27T13:10:41Z,1949.0,1949.4444444444443,1528.57825,1.8361949999998615,2.0241100000000642,2,0.2,0.1
5,140,11647,11647,2025-08-27T13:10:42Z,1950.0,1950.6,1528.24662,1.5045649999997295,6.412429999999858,2,0.2,0.1
5,141,11649,11649,2025-08-27T13:10:42Z,1950.0,1950.8,1527.80231,1.06025499999987,0.5769999999999982,2,0.2,0.1
5,142,11706,11706,2025-08-27T13:10:49Z,1957.0,1957.142857142857,1527.54052,0.798464999999851,5.324309999999969,2,0.2,0.1
5,143,11708,11708,2025-08-27T13:10:49Z,1957.0,1957.4285714285713,1527.54052,0.798464999999851,5.324309999999969,2,0.2,0.1
5,144,11721,11721,2025-08-27T13:10:50Z,1959.0,1959.0,1536.60822,9.86616499999991,23.6865600000001,2,0.2,0.1
5,145,11750,11750,2025-08-27T13:10:54Z,1962.0,1962.2222222222222,1528.56996,1.8279049999998733,0.21128999999996267,2,0.2,0.1
5,146,11759,11759,2025-08-27T13:10:55Z,1963.0,1963.2,1527.243285,0.5012299999998504,0.7468450000001212,2,0.2,0.1
5,147,11762,11762,2025-08-27T13:10:55Z,1963.0,1963.5,1527.94702,1.204964999999902,8.169690000000173,2,0.2,0.1
5,148,11765,11765,2025-08-27T13:10:55Z,1963.0,1963.8,1527.90391,1.1618549999998322,1.0442250000000968,2,0.2,0.1
5,149,11781,11781,2025-08-27T13:10:57Z,1965.0,1965.4,1514.123235,-12.618820000000142,0.19469499999991058,2,0.2,0.1
5,150,11804,11804,2025-08-27T13:11:00Z,1968.0,1968.1,1514.15134,-12.590715000000273,1.1827699999998913,2,0.2,0.1
5,151,11816,11816,2025-08-27T13:11:01Z,1969.0,1969.3333333333333,1528.72094,1.9788849999997637,7.540850000000091,2,0.2,0.1
5,152,11826,11826,2025-08-27T13:11:02Z,1970.0,1970.4,1530.37062,3.628564999999753,17.40608999999995,2,0.2,0.1
5,153,11829,11829,2025-08-27T13:11:02Z,1970.0,1970.7,1529.4430699999998,2.701014999999643,1.2032999999998992,2,0.2,0.1
5,154,11859,11859,2025-08-27T13:11:05Z,1973.0,1973.7,1529.07641,2.334354999999732,2.6917399999999816,2,0.2,0.1
5,155,11874,11874,2025-08-27T13:11:07Z,1975.0,1975.2,1527.90915,1.1670949999997902,7.261899999999969,2,0.2,0.1
5,156,11877,11877,2025-08-27T13:11:07Z,1975.0,1975.5,1527.8892,1.1471449999999095,0.39736500000026354,2,0.2,0.1
5,157,11919,11919,2025-08-27T13:11:11Z,1979.0,1979.7,1514.1851,-12.556955000000244,1.2667199999998502,2,0.2,0.1
5,158,11945,11945,2025-08-27T13:11:14Z,1982.0,1982.3,1528.06387,1.3218149999997877,10.358069999999998,2,0.2,0.1
5,159,11952,11952,2025-08-27T13:11:14Z,1983.0,1983.0,1523.53952,-3.2025350000001254,0.5237250000000131,2,0.2,0.1
5,160,11958,11958,2025-08-27T13:11:15Z,1983.0,1983.6,1529.44825,2.7061949999997523,1.1762650000000576,2,0.2,0.1
5,161,11980,11980,2025-08-27T13:11:17Z,1985.0,1985.888888888889,1529.38257,2.640514999999823,0.24367499999993925,2,0.2,0.1
5,162,11988,11988,2025-08-27T13:11:18Z,1986.0,1986.7777777777778,1529.71578,2.973724999999831,16.739569999999958,2,0.2,0.1
5,163,12004,12004,2025-08-27T13:11:20Z,1988.0,1988.625,1526.576225,-0.1658300000001418,7.697670000000016,2,0.2,0.1
5,164,12047,12047,2025-08-27T13:11:25Z,1993.0,1993.5555555555557,1513.89831,-12.843745000000126,0.6729900000000271,2,0.2,0.1
5,165,12064,12064,2025-08-27T13:11:27Z,1995.0,1995.5555555555557,1528.5079799999999,1.7659249999996973,9.34564999999975,2,0.2,0.1
5,166,12068,12068,2025-08-27T13:11:27Z,1996.0,1996.0,1525.26626,-1.475795000000062,0.7916499999998905,2,0.2,0.1
5,167,12075,12075,2025-08-27T13:11:28Z,1996.0,1996.7777777777778,1528.471735,1.7296799999999166,4.86247000000003,2,0.2,0.1
5,168,12105,12105,2025-08-27T13:11:31Z,1999.0,1999.888888888889,1528.77367,2.0316149999998743,0.10205999999993765,2,0.2,0.1
5,169,12107,12107,2025-08-27T13:11:32Z,2000.0,2000.111111111111,1528.92869,2.1866349999997965,15.458719999999857,2,0.2,0.1
5,170,12123,12123,2025-08-27T13:11:33Z,2001.0,2001.888888888889,1526.96517,0.22311499999977968,7.058549999999968,2,0.2,0.1
5,171,12177,12177,2025-08-27T13:11:39Z,2007.0,2007.3,1526.85922,0.11716499999988628,5.716239999999971,2,0.2,0.1
5,172,12188,12188,2025-08-27T13:11:40Z,2008.0,2008.4,1530.6367650000002,3.894710000000032,16.601205000000164,2,0.2,0.1
5,173,12191,12191,2025-08-27T13:11:40Z,2008.0,2008.7,1529.03915,2.2970949999998993,0.4113999999999578,2,0.2,0.1
5,174,12220,12220,2025-08-27T13:11:43Z,2011.0,2011.7,1529.06107,2.3190149999998084,2.0615499999998974,2,0.2,0.1
5,175,12238,12238,2025-08-27T13:11:45Z,2013.0,2013.6,1528.23093,1.48887499999978,8.842789999999923,2,0.2,0.1
5,176,12241,12241,2025-08-27T13:11:45Z,2013.0,2013.9,1527.38443,0.6423749999999018,0.8465000000001055,2,0.2,0.1
5,177,12260,12260,2025-08-27T13:11:47Z,2015.0,2015.8,1515.787655,-10.954400000000078,0.15932500000008076,2,0.2,0.1
5,178,12305,12305,2025-08-27T13:11:52Z,2020.0,2020.3333333333333,1527.4315,0.6894449999997505,4.860879999999952,2,0.2,0.1
5,179,12308,12308,2025-08-27T13:11:52Z,2020.0,2020.6666666666667,1527.4315,0.6894449999997505,4.860879999999952,2,0.2,0.1
5,180,12341,12341,2025-08-27T13:11:55Z,2024.0,2024.0,1529.75344,3.011384999999791,14.959229999999934,2,0.2,0.1
5,181,12362,12362,2025-08-27T13:11:58Z,2026.0,2026.2,1526.81059,0.06853499999988344,0.40396000000009735,2,0.2,0.1
5,182,12366,12366,2025-08-27T13:11:58Z,2026.0,2026.6,1526.85783,0.11577499999975771,6.405774999999949,2,0.2,0.1
5,183,12369,12369,2025-08-27T13:11:58Z,2026.0,2026.9,1526.66175,-0.08030500000018037,0.19607999999993808,2,0.2,0.1
5,184,12394,12394,2025-08-27T13:12:01Z,2029.0,2029.888888888889,1515.77718,-10.96487500000012,0.2451650000000427,2,0.2,0.1
5,185,12424,12424,2025-08-27T13:12:05Z,2033.0,2033.3333333333333,1526.01122,-0.7308350000000701,3.747389999999996,2,0.2,0.1
5,186,12433,12433,2025-08-27T13:12:06Z,2034.0,2034.4285714285713,1529.846135,3.10407999999984,1.2161450000000968,2,0.2,0.1
5,187,12436,12436,2025-08-27T13:12:06Z,2034.0,2034.857142857143,1529.856475,3.114419999999882,1.4276250000000346,2,0.2,0.1
5,188,12445,12445,2025-08-27T13:12:07Z,2035.0,2035.888888888889,1530.259105,3.5170499999999265,0.5657450000001063,2,0.2,0.1
5,189,12460,12460,2025-08-27T13:12:09Z,2037.0,2037.875,1530.842515,4.1004599999998845,15.594215000000077,2,0.2,0.1
5,190,12472,12472,2025-08-27T13:12:11Z,2039.0,2039.25,1526.76652,0.024464999999736392,5.5160199999997985,2,0.2,0.1
5,191,12474,12474,2025-08-27T13:12:11Z,2039.0,2039.5,1526.76652,0.024464999999736392,5.5160199999997985,2,0.2,0.1
5,192,12528,12528,2025-08-27T13:12:17Z,2045.0,2045.4444444444443,1528.14949,1.4074349999998503,4.954850000000079,2,0.2,0.1
5,193,12537,12537,2025-08-27T13:12:18Z,2046.0,2046.4,1530.6174,3.8753449999999248,4.033760000000257,2,0.2,0.1
5,194,12550,12550,2025-08-27T13:12:19Z,2047.0,2047.7,1529.7207,2.978644999999915,0.7658300000000509,2,0.2,0.1
5,195,12553,12553,2025-08-27T13:12:19Z,2048.0,2048.0,1529.372675,2.630619999999908,0.28508499999998094,2,0.2,0.1
5,196,12564,12564,2025-08-27T13:12:21Z,2049.0,2049.1,1530.89459,4.1525349999999435,15.680580000000191,2,0.2,0.1
5,197,12567,12567,2025-08-27T13:12:21Z,2049.0,2049.4,1530.89459,4.1525349999999435,15.680580000000191,2,0.2,0.1
5,198,12575,12575,2025-08-27T13:12:22Z,2050.0,2050.2,1530.443545,3.7014899999999216,1.098844999999983,2,0.2,0.1
5,199,12586,12586,2025-08-27T13:12:23Z,2051.0,2051.3,1526.317825,-0.4242300000000796,0.28204500000015287,2,0.2,0.1
5,200,12589,12589,2025-08-27T13:12:23Z,2051.0,2051.6,1527.068205,0.3261499999998705,8.46604000000002,2,0.2,0.1
5,201,12653,12653,2025-08-27T13:12:30Z,2058.0,2058.3,1526.13283,-0.6092250000001513,0.1132950000001074,2,0.2,0.1
5,202,12656,12656,2025-08-27T13:12:30Z,2058.0,2058.6,1526.44475,-0.2973050000000512,8.184170000000222,2,0.2,0.1
5,203,12668,12668,2025-08-27T13:12:31Z,2059.0,2059.8,1538.86167,12.11961499999984,27.14892000000009,2,0.2,0.1
5,204,12689,12689,2025-08-27T13:12:33Z,2061.0,2061.9,1528.618735,1.8766799999998511,0.15101499999991574,2,0.2,0.1
5,205,12713,12713,2025-08-27T13:12:36Z,2064.0,2064.3,1526.12698,-0.6150750000001608,8.52821999999992,2,0.2,0.1
5,206,12716,12716,2025-08-27T13:12:36Z,2064.0,2064.6,1526.12698,-0.6150750000001608,8.52821999999992,2,0.2,0.1
5,207,12726,12726,2025-08-27T13:12:37Z,2065.0,2065.6,1517.89186,-8.850195000000213,0.10490499999991698,2,0.2,0.1
5,208,12730,12730,2025-08-27T13:12:37Z,2066.0,2066.0,1517.93457,-8.80748500000027,0.14761499999985972,2,0.2,0.1
5,209,12772,12772,2025-08-27T13:12:42Z,2070.0,2070.2,1515.73025,-11.011805000000095,0.2518400000001293,2,0.2,0.1
5,210,12804,12804,2025-08-27T13:12:45Z,2073.0,2073.4,1515.53607,-11.205985000000055,2.0096300000000156,2,0.2,0.1
5,211,12827,12827,2025-08-27T13:12:47Z,2075.0,2075.7,1513.80704,-12.935015000000249,0.3492400000000089,2,0.2,0.1
5,212,12852,12852,2025-08-27T13:12:50Z,2078.0,2078.222222222222,1513.54784,-13.194215000000213,0.3251900000000205,2,0.2,0.1
5,213,12909,12909,2025-08-27T13:12:56Z,2084.0,2084.777777777778,1512.96279,-13.779265000000123,0.3598300000001018,2,0.2,0.1
5,214,12958,12958,2025-08-27T13:13:02Z,2090.0,2090.5,1512.9337500000001,-13.808305000000018,1.0446200000001227,2,0.2,0.1
5,215,12995,12995,2025-08-27T13:13:06Z,2094.0,2094.625,1512.5835,-14.158555000000206,0.6442999999999302,2,0.2,0.1
5,216,13081,13081,2025-08-27T13:13:15Z,2103.0,2103.4,1512.93424,-13.807815000000119,1.03087000000005,2,0.2,0.1
5,217,13131,13131,2025-08-27T13:13:20Z,2108.0,2108.4,1526.71354,-0.028515000000197688,11.500250000000051,2,0.2,0.1
5,218,13134,13134,2025-08-27T13:13:20Z,2108.0,2108.7,1526.71354,-0.028515000000197688,11.500250000000051,2,0.2,0.1
5,219,13137,13137,2025-08-27T13:13:20Z,2109.0,2109.0,1523.08223,-3.6598250000001826,1.566424999999981,2,0.2,0.1
5,220,13144,13144,2025-08-27T13:13:21Z,2109.0,2109.7,1537.44932,10.70726499999978,23.827589999999873,2,0.2,0.1
5,221,13182,13182,2025-08-27T13:13:25Z,2113.0,2113.5,1534.071825,7.329769999999826,5.739610000000084,2,0.2,0.1
5,222,13190,13190,2025-08-27T13:13:26Z,2114.0,2114.3,1526.66072,-0.08133500000008098,11.613500000000158,2,0.2,0.1
5,223,13193,13193,2025-08-27T13:13:26Z,2114.0,2114.6,1526.66072,-0.08133500000008098,11.613500000000158,2,0.2,0.1
5,224,13203,13203,2025-08-27T13:13:27Z,2115.0,2115.6,1517.91376,-8.828295000000253,0.9841699999999491,2,0.2,0.1
5,225,13212,13212,2025-08-27T13:13:28Z,2116.0,2116.5,1515.7783,-10.96375500000022,0.16564999999991414,2,0.2,0.1
5,226,13215,13215,2025-08-27T13:13:28Z,2116.0,2116.8,1515.7783,-10.96375500000022,0.16564999999991414,2,0.2,0.1
5,227,13261,13261,2025-08-27T13:13:33Z,2121.0,2121.4,1526.82365,0.08159499999987929,8.409394999999904,2,0.2,0.1
5,228,13274,13274,2025-08-27T13:13:34Z,2122.0,2122.7,1535.07889,8.336834999999837,6.435899999999947,2,0.2,0.1
5,229,13309,13309,2025-08-27T13:13:38Z,2126.0,2126.4,1538.89284,12.150784999999814,25.956860000000006,2,0.2,0.1
5,230,13317,13317,2025-08-27T13:13:39Z,2127.0,2127.222222222222,1524.2,-2.5420550000001185,0.15338500000007116,2,0.2,0.1
5,231,13320,13320,2025-08-27T13:13:39Z,2127.0,2127.5555555555557,1526.4931,-0.24895500000025095,12.993444999999838,2,0.2,0.1
5,232,13323,13323,2025-08-27T13:13:39Z,2127.0,2127.8888888888887,1524.6311999999998,-2.110855000000356,0.7379699999999048,2,0.2,0.1
5,233,13329,13329,2025-08-27T13:13:40Z,2128.0,2128.625,1517.8407,-8.901355000000194,0.5806549999999788,2,0.2,0.1
5,234,13341,13341,2025-08-27T13:13:42Z,2130.0,2130.1111111111113,1515.6794949999999,-11.062560000000303,0.2375649999999041,2,0.2,0.1
5,235,13352,13352,2025-08-27T13:13:43Z,2131.0,2131.375,1514.55764,-12.184415000000172,0.49913999999989755,2,0.2,0.1
5,236,13370,13370,2025-08-27T13:13:45Z,2133.0,2133.6666666666665,1518.50702,-8.235035000000153,1.146449999999959,2,0.2,0.1
5,237,13376,13376,2025-08-27T13:13:46Z,2134.0,2134.3333333333335,1526.79496,0.052904999999782376,13.121449999999868,2,0.2,0.1
5,238,13379,13379,2025-08-27T13:13:46Z,2134.0,2134.6666666666665,1526.79496,0.052904999999782376,13.121449999999868,2,0.2,0.1
5,239,13386,13386,2025-08-27T13:13:47Z,2135.0,2135.5,1530.586755,3.844699999999875,2.3875150000001213,2,0.2,0.1
5,240,13404,13404,2025-08-27T13:13:49Z,2137.0,2137.625,1532.60888,5.866824999999835,0.11430999999993219,2,0.2,0.1
5,241,13417,13417,2025-08-27T13:13:51Z,2139.0,2139.25,1538.80439,12.062334999999848,24.726139999999987,2,0.2,0.1
5,242,13426,13426,2025-08-27T13:13:52Z,2140.0,2140.3333333333335,1525.00334,-1.7387150000001839,0.7197499999999764,2,0.2,0.1
5,243,13429,13429,2025-08-27T13:13:52Z,2140.0,2140.6666666666665,1525.88035,-0.8617050000002564,11.099969999999985,2,0.2,0.1
5,244,13440,13440,2025-08-27T13:13:53Z,2141.0,2141.8888888888887,1517.98265,-8.759405000000243,1.608009999999922,2,0.2,0.1
5,245,13455,13455,2025-08-27T13:13:55Z,2143.0,2143.4444444444443,1515.9884849999999,-10.753570000000309,0.13003999999978078,2,0.2,0.1
5,246,13493,13493,2025-08-27T13:13:59Z,2147.0,2147.6,1525.83062,-0.9114350000002105,3.1493900000000394,2,0.2,0.1
5,247,13503,13503,2025-08-27T13:14:00Z,2148.0,2148.6,1535.0061,8.264044999999896,4.1096,2,0.2,0.1
5,248,13513,13513,2025-08-27T13:14:01Z,2149.0,2149.75,1533.71712,6.975064999999859,0.6690399999999954,2,0.2,0.1
5,249,13543,13543,2025-08-27T13:14:04Z,2152.0,2152.8,1539.3224,12.580344999999852,25.17082000000005,2,0.2,0.1
5,250,13552,13552,2025-08-27T13:14:05Z,2153.0,2153.7,1525.88643,-0.8556250000001455,11.404099999999971,2,0.2,0.1
5,251,13582,13582,2025-08-27T13:14:08Z,2156.0,2156.7,1516.02751,-10.714545000000271,0.13477999999986423,2,0.2,0.1
5,252,13602,13602,2025-08-27T13:14:10Z,2158.0,2158.7,1514.81548,-11.926575000000184,0.2902599999999893,2,0.2,0.1
5,253,13619,13619,2025-08-27T13:14:12Z,2160.0,2160.4,1526.70823,-0.03382500000020627,9.190579999999954,2,0.2,0.1
5,254,13622,13622,2025-08-27T13:14:12Z,2160.0,2160.7,1526.70823,-0.03382500000020627,9.190579999999954,2,0.2,0.1
5,255,13625,13625,2025-08-27T13:14:12Z,2161.0,2161.0,1520.30306,-6.4389950000002045,0.8524399999998877,2,0.2,0.1
5,256,13631,13631,2025-08-27T13:14:13Z,2161.0,2161.6,1534.36123,7.619174999999814,3.7563800000000356,2,0.2,0.1
5,257,13647,13647,2025-08-27T13:14:15Z,2163.0,2163.222222222222,1538.87846,12.13640499999974,0.1272999999998774,2,0.2,0.1
5,258,13660,13660,2025-08-27T13:14:16Z,2164.0,2164.6,1539.23289,12.490834999999834,0.21675499999992098,2,0.2,0.1
5,259,13671,13671,2025-08-27T13:14:17Z,2165.0,2165.7,1539.25492,12.51286499999992,24.425640000000158,2,0.2,0.1
5,260,13680,13680,2025-08-27T13:14:18Z,2166.0,2166.6,1526.46926,-0.2727950000000874,6.024090000000115,2,0.2,0.1
5,261,13690,13690,2025-08-27T13:14:19Z,2167.0,2167.6,1518.22062,-8.52143500000011,2.1379699999999957,2,0.2,0.1
5,262,13723,13723,2025-08-27T13:14:22Z,2170.0,2170.9,1515.54364,-11.198415000000068,0.46408000000019456,2,0.2,0.1
5,263,13747,13747,2025-08-27T13:14:25Z,2173.0,2173.3,1526.28396,-0.4580950000001849,11.245609999999942,2,0.2,0.1
5,264,13759,13759,2025-08-27T13:14:26Z,2174.0,2174.5,1535.65978,8.917724999999791,4.949079999999867,2,0.2,0.1
5,265,13768,13768,2025-08-27T13:14:27Z,2175.0,2175.4444444444443,1532.68765,5.945594999999912,0.18515000000002146,2,0.2,0.1
5,266,13784,13784,2025-08-27T13:14:29Z,2177.0,2177.2,1537.88017,11.138114999999743,4.936919999999873,2,0.2,0.1
5,267,13794,13794,2025-08-27T13:14:30Z,2178.0,2178.25,1539.11442,12.372364999999945,23.863640000000032,2,0.2,0.1
5,268,13801,13801,2025-08-27T13:14:31Z,2179.0,2179.1428571428573,1525.926645,-0.8154100000001563,0.7630750000000717,2,0.2,0.1
5,269,13804,13804,2025-08-27T13:14:31Z,2179.0,2179.5714285714284,1526.68972,-0.05233500000008462,1.5261500000001433,2,0.2,0.1
5,270,13812,13812,2025-08-27T13:14:32Z,2180.0,2180.625,1516.96016,-9.781895000000077,0.38896999999997206,2,0.2,0.1
5,271,13841,13841,2025-08-27T13:14:35Z,2183.0,2183.777777777778,1515.92868,-10.813375000000178,0.19554999999991196,2,0.2,0.1
5,272,13844,13844,2025-08-27T13:14:36Z,2184.0,2184.1111111111113,1515.92215,-10.819905000000063,0.44715999999993983,2,0.2,0.1
5,273,13858,13858,2025-08-27T13:14:37Z,2185.0,2185.6666666666665,1516.9057349999998,-9.836320000000342,0.3526249999997617,2,0.2,0.1
5,274,13864,13864,2025-08-27T13:14:38Z,2186.0,2186.3333333333335,1525.66931,-1.0727450000001681,10.220139999999901,2,0.2,0.1
5,275,13875,13875,2025-08-27T13:14:39Z,2187.0,2187.625,1534.9659,8.223844999999756,4.3170699999998305,2,0.2,0.1
5,276,13910,13910,2025-08-27T13:14:43Z,2191.0,2191.4,1539.37398,12.63192499999991,23.892860000000155,2,0.2,0.1
5,277,13923,13923,2025-08-27T13:14:44Z,2192.0,2192.7,1526.41362,-0.3284350000001268,0.37821499999995467,2,0.2,0.1
5,278,13935,13935,2025-08-27T13:14:45Z,2193.0,2193.9,1517.89471,-8.847345000000132,1.7135650000000169,2,0.2,0.1
5,279,13976,13976,2025-08-27T13:14:50Z,2198.0,2198.1,1515.81502,-10.92703500000016,0.2954899999999725,2,0.2,0.1
5,280,13988,13988,2025-08-27T13:14:51Z,2199.0,2199.3,1525.6328,-1.1092550000000756,8.796510000000126,2,0.2,0.1
5,281,13999,13999,2025-08-27T13:14:52Z,2200.0,2200.4444444444443,1533.764295,7.022239999999783,3.7127799999998388,2,0.2,0.1
5,282,14023,14023,2025-08-27T13:14:54Z,2202.0,2202.9,1539.12083,12.378774999999905,0.16856000000007043,2,0.2,0.1
5,283,14038,14038,2025-08-27T13:14:56Z,2204.0,2204.5,1539.44074,12.698684999999841,29.12167999999997,2,0.2,0.1
5,284,14050,14050,2025-08-27T13:14:57Z,2205.0,2205.7,1526.22803,-0.5140250000001743,10.102709999999888,2,0.2,0.1
5,285,14063,14063,2025-08-27T13:14:59Z,2207.0,2207.0,1518.15141,-8.590645000000222,0.8898699999999735,2,0.2,0.1
5,286,14117,14117,2025-08-27T13:15:04Z,2212.0,2212.4,1526.186115,-0.5559400000001915,8.763615000000073,2,0.2,0.1
5,287,14119,14119,2025-08-27T13:15:04Z,2212.0,2212.6,1525.60426,-1.1377950000000965,0.31455000000005384,2,0.2,0.1
5,288,14128,14128,2025-08-27T13:15:05Z,2213.0,2213.5,1534.5647,7.8226449999997385,6.538229999999885,2,0.2,0.1
5,289,14171,14171,2025-08-27T13:15:09Z,2217.0,2217.8,1539.4277,12.685644999999795,23.93371000000002,2,0.2,0.1
5,290,14177,14177,2025-08-27T13:15:10Z,2218.0,2218.4,1525.96731,-0.7747450000001663,5.951690000000099,2,0.2,0.1
5,291,14180,14180,2025-08-27T13:15:10Z,2218.0,2218.7,1525.96731,-0.7747450000001663,5.951690000000099,2,0.2,0.1
5,292,14191,14191,2025-08-27T13:15:11Z,2219.0,2219.8,1517.79664,-8.94541500000014,0.10223999999993794,2,0.2,0.1
5,293,14195,14195,2025-08-27T13:15:12Z,2220.0,2220.2,1517.89888,-8.843175000000201,0.24522000000001754,2,0.2,0.1
5,294,14197,14197,2025-08-27T13:15:12Z,2220.0,2220.4,1517.90556,-8.836495000000241,1.734179999999924,2,0.2,0.1
5,295,14228,14228,2025-08-27T13:15:15Z,2223.0,2223.5,1516.03025,-10.71180500000014,0.12129000000004453,2,0.2,0.1
5,296,14246,14246,2025-08-27T13:15:17Z,2225.0,2225.3,1526.00713,-0.734925000000203,9.70911000000001,2,0.2,0.1
5,297,14258,14258,2025-08-27T13:15:18Z,2226.0,2226.5555555555557,1532.45498,5.712924999999814,1.7773500000000695,2,0.2,0.1
5,298,14281,14281,2025-08-27T13:15:20Z,2228.0,2228.9,1539.40932,12.667264999999816,23.733494999999948,2,0.2,0.1
5,299,14687,14687,2025-08-27T13:16:03Z,2271.0,2271.75,1510.12777,-16.61428500000011,0.11362000000008265,2,0.2,0.1
5,300,14780,14780,2025-08-27T13:16:14Z,2282.0,2282.5555555555557,1510.12189,-16.62016500000027,0.11002999999982421,2,0.2,0.1
5,301,14828,14828,2025-08-27T13:16:19Z,2287.0,2287.8888888888887,1510.12723,-16.61482500000011,0.1393199999999979,2,0.2,0.1
5,302,14892,14892,2025-08-27T13:16:26Z,2294.0,2294.5,1510.127,-16.61505500000021,0.19711000000006607,2,0.2,0.1
5,303,14969,14969,2025-08-27T13:16:34Z,2302.0,2302.2,1510.12356,-16.618495000000166,0.11350999999990563,2,0.2,0.1
5,304,15190,15190,2025-08-27T13:16:56Z,2324.0,2324.625,1525.10835,-1.633705000000191,5.702449999999999,2,0.2,0.1
5,305,15235,15235,2025-08-27T13:17:02Z,2330.0,2330.1428571428573,1523.64148,-3.1005750000001626,2.6645699999999124,2,0.2,0.1
5,306,15298,15298,2025-08-27T13:17:09Z,2337.0,2337.6,1525.216105,-1.5259500000001935,1.004654999999957,2,0.2,0.1
5,307,15307,15307,2025-08-27T13:17:10Z,2338.0,2338.5555555555557,1525.47196,-1.270095000000083,12.09864000000016,2,0.2,0.1
5,308,15348,15348,2025-08-27T13:17:15Z,2343.0,2343.5555555555557,1522.6416749999999,-4.100380000000314,0.5808149999998022,2,0.2,0.1
5,309,15354,15354,2025-08-27T13:17:16Z,2344.0,2344.222222222222,1521.00233,-5.739725000000135,0.36253999999985353,2,0.2,0.1
5,310,15433,15433,2025-08-27T13:17:24Z,2352.0,2352.8,1525.11746,-1.6245950000002267,7.830289999999877,2,0.2,0.1
5,311,15436,15436,2025-08-27T13:17:25Z,2353.0,2353.1,1525.11746,-1.6245950000002267,7.830289999999877,2,0.2,0.1
5,312,15480,15480,2025-08-27T13:17:29Z,2357.0,2357.5,1522.475,-4.267055000000255,0.8599749999998494,2,0.2,0.1
5,313,15483,15483,2025-08-27T13:17:29Z,2357.0,2357.8,1523.16345,-3.5786050000001524,2.8745100000001003,2,0.2,0.1
5,314,15560,15560,2025-08-27T13:17:37Z,2365.0,2365.6,1523.437245,-3.3048100000000886,2.797665000000052,2,0.2,0.1
5,315,15570,15570,2025-08-27T13:17:38Z,2366.0,2366.6,1526.48746,-0.2545950000001085,13.170900000000074,2,0.2,0.1
5,316,15616,15616,2025-08-27T13:17:43Z,2371.0,2371.5,1523.32179,-3.4202650000001995,3.2403699999999844,2,0.2,0.1
5,317,15679,15679,2025-08-27T13:17:50Z,2378.0,2378.5,1524.55613,-2.185925000000225,8.697709999999915,2,0.2,0.1
5,318,15690,15690,2025-08-27T13:17:51Z,2379.0,2379.8571428571427,1524.22139,-2.5206650000002355,1.9078299999998762,2,0.2,0.1
5,319,15730,15730,2025-08-27T13:17:56Z,2384.0,2384.4444444444443,1523.26663,-3.4754250000000866,1.056400000000167,2,0.2,0.1
5,320,15733,15733,2025-08-27T13:17:56Z,2384.0,2384.777777777778,1523.0035149999999,-3.7385400000002846,0.2650849999999991,2,0.2,0.1
5,321,15817,15817,2025-08-27T13:18:05Z,2393.0,2393.6,1526.48992,-0.2521350000001803,11.101809999999887,2,0.2,0.1
5,322,15865,15865,2025-08-27T13:18:10Z,2398.0,2398.7,1522.5283399999998,-4.21371500000032,3.1782999999998083,2,0.2,0.1
5,323,15954,15954,2025-08-27T13:18:19Z,2407.0,2407.7,1526.3298300000001,-0.4122250000000349,10.50767000000019,2,0.2,0.1
5,324,16001,16001,2025-08-27T13:18:24Z,2412.0,2412.4,1524.28443,-2.4576250000002346,2.0907599999998183,2,0.2,0.1
5,325,16076,16076,2025-08-27T13:18:32Z,2420.0,2420.5,1523.75098,-2.991075000000137,3.494509999999991,2,0.2,0.1
5,326,16088,16088,2025-08-27T13:18:34Z,2422.0,2422.125,1526.3417,-0.40035500000021784,9.470450000000028,2,0.2,0.1
5,327,16127,16127,2025-08-27T13:18:38Z,2426.0,2426.777777777778,1523.78087,-2.961185000000114,3.4078300000001036,2,0.2,0.1
5,328,16194,16194,2025-08-27T13:18:46Z,2434.0,2434.5,1524.673405,-2.0686500000001615,6.000835000000052,2,0.2,0.1
5,329,16243,16243,2025-08-27T13:18:51Z,2439.0,2439.777777777778,1524.03186,-2.7101950000001125,1.4286899999999605,2,0.2,0.1
5,330,16315,16315,2025-08-27T13:18:59Z,2447.0,2447.75,1523.82694,-2.9151150000002417,2.5926999999999225,2,0.2,0.1
5,331,16360,16360,2025-08-27T13:19:04Z,2452.0,2452.3,1524.24378,-2.498275000000149,6.616729999999961,2,0.2,0.1
5,332,16364,16364,2025-08-27T13:19:04Z,2452.0,2452.7,1523.60165,-3.1404050000001007,0.3212700000001405,2,0.2,0.1
5,333,16367,16367,2025-08-27T13:19:04Z,2453.0,2453.0,1523.24145,-3.500605000000178,0.6539299999999457,2,0.2,0.1
6,0,8961,8961,2025-08-27T13:05:59Z,1667.0,1667.4444444444443,1526.644435,-1.837505000000192,0.8164349999999558,2,0.2,0.1
6,1,8963,8963,2025-08-27T13:05:59Z,1667.0,1667.6666666666667,1526.3790549999999,-2.102885000000242,0.6443399999998292,2,0.2,0.1
6,2,8968,8968,2025-08-27T13:06:00Z,1668.0,1668.25,1529.54146,1.059519999999793,4.712350000000015,2,0.2,0.1
6,3,8970,8970,2025-08-27T13:06:00Z,1668.0,1668.5,1529.54146,1.059519999999793,4.712350000000015,2,0.2,0.1
6,4,9020,9020,2025-08-27T13:06:06Z,1674.0,1674.3,1528.7137,0.23175999999989472,12.792680000000018,2,0.2,0.1
6,5,9040,9040,2025-08-27T13:06:08Z,1676.0,1676.3,1535.88807,7.406129999999848,1.2204999999999018,2,0.2,0.1
6,6,9047,9047,2025-08-27T13:06:08Z,1677.0,1677.0,1538.94061,10.458669999999984,2.5158100000001014,2,0.2,0.1
6,7,9051,9051,2025-08-27T13:06:09Z,1677.0,1677.4,1537.71839,9.236449999999877,1.2935899999999947,2,0.2,0.1
6,8,9054,9054,2025-08-27T13:06:09Z,1677.0,1677.7,1539.12061,10.63866999999982,26.890949999999975,2,0.2,0.1
6,9,9059,9059,2025-08-27T13:06:10Z,1678.0,1678.2222222222222,1528.15523,-0.32671000000004824,1.373640000000023,2,0.2,0.1
6,10,9116,9116,2025-08-27T13:06:16Z,1684.0,1684.1,1529.5009949999999,1.019054999999753,8.723700000000008,2,0.2,0.1
6,11,9125,9125,2025-08-27T13:06:16Z,1685.0,1685.0,1527.970525,-0.51141500000017,1.6728650000000016,2,0.2,0.1
6,12,9131,9131,2025-08-27T13:06:17Z,1685.0,1685.6,1532.2659199999998,3.7839799999997012,12.054889999999887,2,0.2,0.1
6,13,9148,9148,2025-08-27T13:06:19Z,1687.0,1687.3,1528.12844,-0.35350000000016735,0.2760000000000673,2,0.2,0.1
6,14,9151,9151,2025-08-27T13:06:19Z,1687.0,1687.6,1528.08469,-0.3972500000002128,0.6738550000000032,2,0.2,0.1
6,15,9158,9158,2025-08-27T13:06:20Z,1688.0,1688.3,1528.00121,-0.4807300000002215,6.0105499999999665,2,0.2,0.1
6,16,9161,9161,2025-08-27T13:06:20Z,1688.0,1688.6,1527.51942,-0.9625200000000405,0.9927000000000135,2,0.2,0.1
6,17,9218,9218,2025-08-27T13:06:26Z,1694.0,1694.3,1528.0762,-0.40574000000015076,8.026724999999942,2,0.2,0.1
6,18,9225,9225,2025-08-27T13:06:26Z,1695.0,1695.0,1527.300255,-1.1816850000000159,1.0850950000001376,2,0.2,0.1
6,19,9229,9229,2025-08-27T13:06:27Z,1695.0,1695.4,1531.04063,2.5586899999998423,19.438679999999977,2,0.2,0.1
6,20,9255,9255,2025-08-27T13:06:29Z,1698.0,1698.0,1526.55576,-1.9261800000001585,0.3184049999999843,2,0.2,0.1
6,21,9261,9261,2025-08-27T13:06:30Z,1698.0,1698.6,1527.817925,-0.6640150000000631,10.607625000000098,2,0.2,0.1
6,22,9316,9316,2025-08-27T13:06:36Z,1704.0,1704.111111111111,1529.41752,0.9355799999998453,13.80907000000002,2,0.2,0.1
6,23,9318,9318,2025-08-27T13:06:36Z,1704.0,1704.3333333333333,1528.4673699999998,-0.014570000000276195,0.2010499999998956,2,0.2,0.1
6,24,9322,9322,2025-08-27T13:06:36Z,1704.0,1704.7777777777778,1528.117685,-0.36425500000018474,0.12705499999992753,2,0.2,0.1
6,25,9326,9326,2025-08-27T13:06:37Z,1705.0,1705.25,1526.33806,-2.143880000000081,0.19170500000018365,2,0.2,0.1
6,26,9334,9334,2025-08-27T13:06:38Z,1706.0,1706.2222222222222,1522.01437,-6.467570000000023,0.10563999999999396,2,0.2,0.1
6,27,9337,9337,2025-08-27T13:06:38Z,1706.0,1706.5555555555557,1521.903895,-6.578045000000202,0.13152500000001055,2,0.2,0.1
6,28,9340,9340,2025-08-27T13:06:38Z,1706.0,1706.888888888889,1521.77237,-6.7095700000002125,0.6900749999999789,2,0.2,0.1
6,29,9343,9343,2025-08-27T13:06:39Z,1707.0,1707.2,1521.72751,-6.754430000000184,0.6542699999999968,2,0.2,0.1
6,30,9354,9354,2025-08-27T13:06:40Z,1708.0,1708.3333333333333,1526.8899900000001,-1.591949999999997,6.620190000000093,2,0.2,0.1
6,31,10304,10304,2025-08-27T13:08:21Z,1809.0,1809.5,1527.572355,-0.9095850000001064,11.67882499999996,2,0.2,0.1
6,32,10313,10313,2025-08-27T13:08:22Z,1810.0,1810.5,1527.33867,-1.1432700000000295,6.194040000000086,2,0.2,0.1
6,33,10328,10328,2025-08-27T13:08:23Z,1812.0,1812.0,1522.45843,-6.023510000000215,0.11200499999995372,2,0.2,0.1
6,34,10332,10332,2025-08-27T13:08:24Z,1812.0,1812.4,1522.7828,-5.69914000000017,0.792410000000018,2,0.2,0.1
6,35,10341,10341,2025-08-27T13:08:25Z,1813.0,1813.3,1524.04445,-4.437490000000025,2.3071000000002186,2,0.2,0.1
6,36,10348,10348,2025-08-27T13:08:25Z,1814.0,1814.0,1526.91096,-1.5709800000001906,0.6326199999998607,2,0.2,0.1
6,37,10352,10352,2025-08-27T13:08:26Z,1814.0,1814.4,1527.69065,-0.7912900000001173,1.412309999999934,2,0.2,0.1
6,38,10355,10355,2025-08-27T13:08:26Z,1814.0,1814.7,1528.35289,-0.12905000000023392,7.0218099999999595,2,0.2,0.1
6,39,10410,10410,2025-08-27T13:08:32Z,1820.0,1820.4,1528.73238,0.2504399999997986,9.314370000000054,2,0.2,0.1
6,40,10413,10413,2025-08-27T13:08:32Z,1820.0,1820.7,1528.73238,0.2504399999997986,9.314370000000054,2,0.2,0.1
6,41,10424,10424,2025-08-27T13:08:33Z,1821.0,1821.8,1538.6557,10.173759999999902,24.415649999999914,2,0.2,0.1
6,42,10445,10445,2025-08-27T13:08:35Z,1824.0,1824.0,1524.153585,-4.328355000000101,2.1409850000000006,2,0.2,0.1
6,43,10456,10456,2025-08-27T13:08:37Z,1825.0,1825.1,1526.34774,-2.1342000000001917,0.20200999999997293,2,0.2,0.1
6,44,10459,10459,2025-08-27T13:08:37Z,1825.0,1825.4,1527.4263799999999,-1.0555600000002414,2.777539999999817,2,0.2,0.1
6,45,10462,10462,2025-08-27T13:08:37Z,1825.0,1825.7,1526.667195,-1.81474500000013,0.7234750000000076,2,0.2,0.1
6,46,10516,10516,2025-08-27T13:08:43Z,1831.0,1831.1,1528.48701,0.005069999999932406,6.6266800000000785,2,0.2,0.1
6,47,10519,10519,2025-08-27T13:08:43Z,1831.0,1831.4,1528.48701,0.005069999999932406,6.6266800000000785,2,0.2,0.1
6,48,10522,10522,2025-08-27T13:08:43Z,1831.0,1831.7,1528.1013,-0.3806400000000849,0.5705249999998614,2,0.2,0.1
6,49,10531,10531,2025-08-27T13:08:44Z,1832.0,1832.6,1537.62377,9.1418299999998,15.861369999999852,2,0.2,0.1
6,50,10550,10550,2025-08-27T13:08:46Z,1834.0,1834.6,1524.21037,-4.271570000000111,1.3934300000000803,2,0.2,0.1
6,51,10570,10570,2025-08-27T13:08:48Z,1836.0,1836.6,1526.17163,-2.3103100000000723,6.7246000000000095,2,0.2,0.1
6,52,10625,10625,2025-08-27T13:08:54Z,1842.0,1842.4285714285713,1527.581545,-0.9003950000001169,4.2078650000000835,2,0.2,0.1
6,53,10636,10636,2025-08-27T13:08:55Z,1843.0,1843.875,1538.94478,10.462839999999915,27.57425000000012,2,0.2,0.1
6,54,10647,10647,2025-08-27T13:08:57Z,1845.0,1845.142857142857,1525.67795,-2.8039900000001126,0.7061599999999544,2,0.2,0.1
6,55,10662,10662,2025-08-27T13:08:59Z,1847.0,1847.111111111111,1526.57873,-1.903210000000172,3.1850299999998697,2,0.2,0.1
6,56,10664,10664,2025-08-27T13:08:59Z,1847.0,1847.3333333333333,1526.57873,-1.903210000000172,3.1850299999998697,2,0.2,0.1
6,57,10720,10720,2025-08-27T13:09:05Z,1853.0,1853.3,1527.7549199999999,-0.727020000000266,8.132644999999684,2,0.2,0.1
6,58,10729,10729,2025-08-27T13:09:06Z,1854.0,1854.25,1525.29169,-3.1902500000001055,1.1644599999999627,2,0.2,0.1
6,59,10752,10752,2025-08-27T13:09:08Z,1856.0,1856.7,1525.91576,-2.566180000000031,0.17056000000002314,2,0.2,0.1
6,60,10759,10759,2025-08-27T13:09:09Z,1857.0,1857.4,1526.2406,-2.2413400000000365,3.3833750000001146,2,0.2,0.1
6,61,10766,10766,2025-08-27T13:09:10Z,1858.0,1858.1,1526.76274,-1.719200000000228,0.4808499999999185,2,0.2,0.1
6,62,10769,10769,2025-08-27T13:09:10Z,1858.0,1858.4,1528.46105,-0.020890000000235887,0.8491549999998824,2,0.2,0.1
6,63,10773,10773,2025-08-27T13:09:10Z,1858.0,1858.8,1528.57959,0.09764999999993051,15.288890000000038,2,0.2,0.1
6,64,10829,10829,2025-08-27T13:09:16Z,1864.0,1864.4,1528.13518,-0.3467600000001312,5.203560000000152,2,0.2,0.1
6,65,10832,10832,2025-08-27T13:09:16Z,1864.0,1864.7,1528.13518,-0.3467600000001312,5.203560000000152,2,0.2,0.1
6,66,10841,10841,2025-08-27T13:09:17Z,1865.0,1865.6,1528.75273,0.27078999999980624,12.817260000000033,2,0.2,0.1
6,67,10879,10879,2025-08-27T13:09:21Z,1869.0,1869.4,1528.26801,-0.21393000000011853,8.713549999999941,2,0.2,0.1
6,68,10939,10939,2025-08-27T13:09:27Z,1875.0,1875.4,1526.71118,-1.7707600000001094,3.6846149999998943,2,0.2,0.1
6,69,10950,10950,2025-08-27T13:09:28Z,1876.0,1876.5,1532.68907,4.207129999999779,20.778839999999946,2,0.2,0.1
6,70,10986,10986,2025-08-27T13:09:32Z,1880.0,1880.1,1526.81186,-1.6700800000000982,0.35156000000006316,2,0.2,0.1
6,71,10989,10989,2025-08-27T13:09:32Z,1880.0,1880.4,1527.49341,-0.9885300000000825,7.6040700000000925,2,0.2,0.1
6,72,11020,11020,2025-08-27T13:09:35Z,1884.0,1884.0,1513.25994,-15.222000000000207,1.3447300000000268,2,0.2,0.1
6,73,11042,11042,2025-08-27T13:09:38Z,1886.0,1886.3333333333333,1527.8803050000001,-0.6016349999999875,6.373520000000099,2,0.2,0.1
6,74,11045,11045,2025-08-27T13:09:38Z,1886.0,1886.6666666666667,1527.58492,-0.8970200000001114,0.5451949999999215,2,0.2,0.1
6,75,11054,11054,2025-08-27T13:09:39Z,1887.0,1887.6,1529.6101899999999,1.1282499999997526,16.744509999999764,2,0.2,0.1
6,76,11078,11078,2025-08-27T13:09:41Z,1890.0,1890.0,1528.38448,-0.09746000000018284,4.558139999999867,2,0.2,0.1
6,77,11088,11088,2025-08-27T13:09:43Z,1891.0,1891.125,1526.4202,-2.0617400000001,0.24117999999998574,2,0.2,0.1
6,78,11090,11090,2025-08-27T13:09:43Z,1891.0,1891.375,1526.4202,-2.0617400000001,0.24117999999998574,2,0.2,0.1
6,79,11094,11094,2025-08-27T13:09:43Z,1891.0,1891.875,1526.572645,-1.9092950000001565,6.441630000000032,2,0.2,0.1
6,80,11147,11147,2025-08-27T13:09:49Z,1897.0,1897.3,1527.92261,-0.5593300000000454,6.222830000000158,2,0.2,0.1
6,81,11158,11158,2025-08-27T13:09:50Z,1898.0,1898.4,1532.29202,3.810079999999971,20.351520000000164,2,0.2,0.1
6,82,11193,11193,2025-08-27T13:09:54Z,1902.0,1902.4,1528.30486,-0.17708000000016,11.427809999999909,2,0.2,0.1
6,83,11253,11253,2025-08-27T13:10:00Z,1908.0,1908.4,1528.4054299999998,-0.07651000000032582,4.7658299999998235,2,0.2,0.1
6,84,11265,11265,2025-08-27T13:10:01Z,1909.0,1909.6,1537.20963,8.727689999999939,25.309940000000097,2,0.2,0.1
6,85,11304,11304,2025-08-27T13:10:05Z,1913.0,1913.5,1526.64284,-1.839100000000144,0.11425499999995736,2,0.2,0.1
6,86,11306,11306,2025-08-27T13:10:05Z,1913.0,1913.7,1526.89629,-1.5856500000002143,0.5068999999998596,2,0.2,0.1
6,87,11593,11593,2025-08-27T13:10:36Z,1944.0,1944.3333333333333,1527.782855,-0.6990850000001956,5.462195000000065,2,0.2,0.1
6,88,11605,11605,2025-08-27T13:10:37Z,1945.0,1945.75,1538.28007,9.798129999999901,25.379599999999982,2,0.2,0.1
6,89,11643,11643,2025-08-27T13:10:42Z,1950.0,1950.2,1526.19076,-2.2911800000001676,0.22745499999996355,2,0.2,0.1
6,90,11647,11647,2025-08-27T13:10:42Z,1950.0,1950.6,1526.5489699999998,-1.9329700000002958,8.046354999999949,2,0.2,0.1
6,91,11649,11649,2025-08-27T13:10:42Z,1950.0,1950.8,1526.33125,-2.150690000000168,0.29769999999984975,2,0.2,0.1
6,92,11709,11709,2025-08-27T13:10:49Z,1957.0,1957.5714285714287,1525.9832700000002,-2.4986699999999473,3.0013000000001284,2,0.2,0.1
6,93,11721,11721,2025-08-27T13:10:50Z,1959.0,1959.0,1535.81004,7.328099999999949,22.874320000000125,2,0.2,0.1
6,94,11762,11762,2025-08-27T13:10:55Z,1963.0,1963.5,1526.99366,-1.4882800000000316,9.060630000000174,2,0.2,0.1
6,95,11765,11765,2025-08-27T13:10:55Z,1963.0,1963.8,1526.73608,-1.7458600000002207,0.4603099999999358,2,0.2,0.1
6,96,11816,11816,2025-08-27T13:11:01Z,1969.0,1969.3333333333333,1528.00617,-0.47577000000001135,7.146349999999984,2,0.2,0.1
6,97,11819,11819,2025-08-27T13:11:01Z,1969.0,1969.6666666666667,1528.00617,-0.47577000000001135,7.146349999999984,2,0.2,0.1
6,98,11826,11826,2025-08-27T13:11:02Z,1970.0,1970.4,1534.97676,6.494819999999891,17.877919999999904,2,0.2,0.1
6,99,11848,11848,2025-08-27T13:11:04Z,1972.0,1972.6,1528.56003,0.07808999999997468,2.1543900000001486,2,0.2,0.1
6,100,11874,11874,2025-08-27T13:11:07Z,1975.0,1975.2,1526.62194,-1.8600000000001273,0.3930649999999787,2,0.2,0.1
6,101,11877,11877,2025-08-27T13:11:07Z,1975.0,1975.5,1526.70065,-1.7812900000001264,6.3123299999999745,2,0.2,0.1
6,102,11880,11880,2025-08-27T13:11:07Z,1975.0,1975.8,1526.48111,-2.000830000000178,0.29825000000005275,2,0.2,0.1
6,103,11945,11945,2025-08-27T13:11:14Z,1982.0,1982.3,1526.79123,-1.690710000000081,9.085430000000088,2,0.2,0.1
6,104,11963,11963,2025-08-27T13:11:16Z,1984.0,1984.1,1528.3967,-0.08524000000011256,14.473500000000058,2,0.2,0.1
6,105,12001,12001,2025-08-27T13:11:20Z,1988.0,1988.25,1526.17991,-2.302030000000059,8.400800000000118,2,0.2,0.1
6,106,12004,12004,2025-08-27T13:11:20Z,1988.0,1988.625,1526.17991,-2.302030000000059,8.400800000000118,2,0.2,0.1
6,107,12064,12064,2025-08-27T13:11:27Z,1995.0,1995.5555555555557,1528.38877,-0.09317000000010012,9.226439999999911,2,0.2,0.1
6,108,12068,12068,2025-08-27T13:11:27Z,1996.0,1996.0,1524.59539,-3.8865500000001703,1.247169999999869,2,0.2,0.1
6,109,12072,12072,2025-08-27T13:11:28Z,1996.0,1996.4444444444443,1524.59539,-3.8865500000001703,1.247169999999869,2,0.2,0.1
6,110,12075,12075,2025-08-27T13:11:28Z,1996.0,1996.7777777777778,1528.81396,0.33201999999982945,10.997965000000022,2,0.2,0.1
6,111,12103,12103,2025-08-27T13:11:31Z,1999.0,1999.6666666666667,1528.5521,0.07015999999998712,5.545550000000048,2,0.2,0.1
6,112,12120,12120,2025-08-27T13:11:33Z,2001.0,2001.5555555555557,1526.58706,-1.8948800000000574,8.657840000000078,2,0.2,0.1
6,113,12177,12177,2025-08-27T13:11:39Z,2007.0,2007.3,1526.44385,-2.038090000000011,4.1727800000001025,2,0.2,0.1
6,114,12188,12188,2025-08-27T13:11:40Z,2008.0,2008.4,1532.33174,3.8497999999999593,16.380060000000185,2,0.2,0.1
6,115,12191,12191,2025-08-27T13:11:40Z,2008.0,2008.7,1532.33174,3.8497999999999593,16.380060000000185,2,0.2,0.1
6,116,12219,12219,2025-08-27T13:11:43Z,2011.0,2011.6,1528.63577,0.15382999999997082,2.815620000000081,2,0.2,0.1
6,117,12234,12234,2025-08-27T13:11:45Z,2013.0,2013.2,1526.65242,-1.8295200000002296,0.1672399999999925,2,0.2,0.1
6,118,12238,12238,2025-08-27T13:11:45Z,2013.0,2013.6,1528.15068,-0.33126000000015665,7.25631999999996,2,0.2,0.1
6,119,12241,12241,2025-08-27T13:11:45Z,2013.0,2013.9,1527.07585,-1.4060900000001766,1.07483000000002,2,0.2,0.1
6,120,12305,12305,2025-08-27T13:11:52Z,2020.0,2020.3333333333333,1527.365025,-1.1169150000000627,6.351284999999962,2,0.2,0.1
6,121,12317,12317,2025-08-27T13:11:53Z,2021.0,2021.6,1529.192875,0.7109349999998358,10.929615000000013,2,0.2,0.1
6,122,12326,12326,2025-08-27T13:11:54Z,2022.0,2022.5,1528.59001,0.10806999999977052,5.0791099999999005,2,0.2,0.1
6,123,12362,12362,2025-08-27T13:11:58Z,2026.0,2026.2,1526.47194,-2.0100000000002183,1.7753900000000158,2,0.2,0.1
6,124,12366,12366,2025-08-27T13:11:58Z,2026.0,2026.6,1526.4447,-2.0372400000001107,0.5177049999999781,2,0.2,0.1
6,125,12369,12369,2025-08-27T13:11:58Z,2026.0,2026.9,1526.22766,-2.254280000000108,0.27757500000006985,2,0.2,0.1
6,126,12424,12424,2025-08-27T13:12:05Z,2033.0,2033.3333333333333,1526.01122,-2.4707200000000284,6.716220000000021,2,0.2,0.1
6,127,12432,12432,2025-08-27T13:12:06Z,2034.0,2034.2857142857142,1532.28203,3.8000899999999547,14.141560000000027,2,0.2,0.1
6,128,12447,12447,2025-08-27T13:12:08Z,2036.0,2036.142857142857,1529.7527,1.270759999999882,0.7121899999999641,2,0.2,0.1
6,129,12472,12472,2025-08-27T13:12:11Z,2039.0,2039.25,1526.76652,-1.715420000000222,5.5160199999997985,2,0.2,0.1
6,130,12475,12475,2025-08-27T13:12:11Z,2039.0,2039.625,1526.72425,-1.7576900000001388,0.3287600000001021,2,0.2,0.1
6,131,12528,12528,2025-08-27T13:12:17Z,2045.0,2045.4444444444443,1526.8303999999998,-1.6515400000002955,3.4963399999999183,2,0.2,0.1
6,132,12538,12538,2025-08-27T13:12:18Z,2046.0,2046.5,1528.7475100000001,0.2655700000000252,5.375160000000051,2,0.2,0.1
6,133,12559,12559,2025-08-27T13:12:20Z,2048.0,2048.6,1529.70247,1.220529999999826,12.309799999999996,2,0.2,0.1
6,134,12573,12573,2025-08-27T13:12:21Z,2050.0,2050.0,1529.67794,1.1959999999999127,0.598510000000033,2,0.2,0.1
6,135,12585,12585,2025-08-27T13:12:23Z,2051.0,2051.2,1526.35972,-2.1222200000001976,8.995999999999867,2,0.2,0.1
6,136,12588,12588,2025-08-27T13:12:23Z,2051.0,2051.5,1526.35972,-2.1222200000001976,8.995999999999867,2,0.2,0.1
6,137,12656,12656,2025-08-27T13:12:30Z,2058.0,2058.6,1526.03767,-2.444270000000188,7.777090000000044,2,0.2,0.1
6,138,12668,12668,2025-08-27T13:12:31Z,2059.0,2059.8,1537.72447,9.242529999999988,24.197580000000016,2,0.2,0.1
6,139,12701,12701,2025-08-27T13:12:35Z,2063.0,2063.1,1528.58,0.09805999999980486,0.10972999999989952,2,0.2,0.1
6,140,12716,12716,2025-08-27T13:12:36Z,2064.0,2064.6,1526.23196,-2.2499800000000505,9.969119999999975,2,0.2,0.1
6,141,13131,13131,2025-08-27T13:13:20Z,2108.0,2108.4,1526.52672,-1.955220000000054,10.752460000000156,2,0.2,0.1
6,142,13134,13134,2025-08-27T13:13:20Z,2108.0,2108.7,1526.52672,-1.955220000000054,10.752460000000156,2,0.2,0.1
6,143,13145,13145,2025-08-27T13:13:21Z,2109.0,2109.8,1537.30909,8.827149999999847,22.095800000000054,2,0.2,0.1
6,144,13171,13171,2025-08-27T13:13:24Z,2112.0,2112.4,1533.10701,4.625069999999823,0.1922700000000077,2,0.2,0.1
6,145,13173,13173,2025-08-27T13:13:24Z,2112.0,2112.6,1533.10701,4.625069999999823,0.1922700000000077,2,0.2,0.1
6,146,13182,13182,2025-08-27T13:13:25Z,2113.0,2113.5,1533.3736549999999,4.891714999999749,3.787784999999758,2,0.2,0.1
6,147,13190,13190,2025-08-27T13:13:26Z,2114.0,2114.3,1526.039275,-2.4426650000000336,0.6240650000002006,2,0.2,0.1
6,148,13193,13193,2025-08-27T13:13:26Z,2114.0,2114.6,1525.41521,-3.066730000000234,0.7789099999999962,2,0.2,0.1
6,149,13264,13264,2025-08-27T13:13:33Z,2121.0,2121.7,1526.78254,-1.699400000000196,10.692589999999882,2,0.2,0.1
6,150,13274,13274,2025-08-27T13:13:34Z,2122.0,2122.7,1534.86722,6.385279999999966,6.713370000000168,2,0.2,0.1
6,151,13296,13296,2025-08-27T13:13:36Z,2125.0,2125.0,1535.33677,6.854829999999765,0.13974999999982174,2,0.2,0.1
6,152,13312,13312,2025-08-27T13:13:38Z,2126.0,2126.7,1537.65268,9.170739999999796,22.533590000000004,2,0.2,0.1
6,153,13317,13317,2025-08-27T13:13:39Z,2127.0,2127.222222222222,1525.34655,-3.135390000000143,1.1465499999999338,2,0.2,0.1
6,154,13320,13320,2025-08-27T13:13:39Z,2127.0,2127.5555555555557,1525.62678,-2.855160000000069,1.426780000000008,2,0.2,0.1
6,155,13379,13379,2025-08-27T13:13:46Z,2134.0,2134.6666666666665,1525.85278,-2.6291600000001836,10.433074999999917,2,0.2,0.1
6,156,13386,13386,2025-08-27T13:13:47Z,2135.0,2135.5,1533.6811200000002,5.199180000000069,4.6260550000001786,2,0.2,0.1
6,157,13419,13419,2025-08-27T13:13:51Z,2139.0,2139.5,1537.76032,9.27837999999997,1.8668950000001132,2,0.2,0.1
6,158,13421,13421,2025-08-27T13:13:51Z,2139.0,2139.75,1538.80439,10.32244999999989,26.36952999999994,2,0.2,0.1
6,159,13426,13426,2025-08-27T13:13:52Z,2140.0,2140.3333333333335,1524.43922,-4.042720000000145,0.43768999999997504,2,0.2,0.1
6,160,13429,13429,2025-08-27T13:13:52Z,2140.0,2140.6666666666665,1524.67708,-3.8048600000001898,9.157289999999875,2,0.2,0.1
6,161,13432,13432,2025-08-27T13:13:52Z,2141.0,2141.0,1524.67708,-3.8048600000001898,9.157289999999875,2,0.2,0.1
6,162,13492,13492,2025-08-27T13:13:59Z,2147.0,2147.5,1525.0594449999999,-3.4224950000002536,2.560824999999795,2,0.2,0.1
6,163,13503,13503,2025-08-27T13:14:00Z,2148.0,2148.6,1534.80984,6.327899999999772,4.0241799999998875,2,0.2,0.1
6,164,13513,13513,2025-08-27T13:14:01Z,2149.0,2149.75,1532.98148,4.499539999999797,0.3255699999999706,2,0.2,0.1
6,165,13534,13534,2025-08-27T13:14:03Z,2151.0,2151.9,1538.79213,10.31018999999992,0.7827500000000782,2,0.2,0.1
6,166,13543,13543,2025-08-27T13:14:04Z,2152.0,2152.8,1539.08586,10.603919999999789,25.24537999999984,2,0.2,0.1
6,167,13549,13549,2025-08-27T13:14:05Z,2153.0,2153.4,1524.62009,-3.8618500000002314,0.6658649999999398,2,0.2,0.1
6,168,13552,13552,2025-08-27T13:14:05Z,2153.0,2153.7,1525.27783,-3.204110000000128,9.203209999999899,2,0.2,0.1
6,169,13555,13555,2025-08-27T13:14:05Z,2154.0,2154.0,1524.2398050000002,-4.242134999999962,0.9514450000001489,2,0.2,0.1
6,170,13619,13619,2025-08-27T13:14:12Z,2160.0,2160.4,1526.50652,-1.975420000000213,10.47869999999989,2,0.2,0.1
6,171,13622,13622,2025-08-27T13:14:12Z,2160.0,2160.7,1526.50652,-1.975420000000213,10.47869999999989,2,0.2,0.1
6,172,13631,13631,2025-08-27T13:14:13Z,2161.0,2161.6,1535.060195,6.578254999999899,6.011895000000095,2,0.2,0.1
6,173,13658,13658,2025-08-27T13:14:16Z,2164.0,2164.4,1538.87299,10.39104999999995,24.42970000000014,2,0.2,0.1
6,174,13680,13680,2025-08-27T13:14:18Z,2166.0,2166.6,1525.85032,-2.6316200000001118,5.773079999999936,2,0.2,0.1
6,175,13747,13747,2025-08-27T13:14:25Z,2173.0,2173.3,1526.02394,-2.4580000000000837,8.489240000000109,2,0.2,0.1
6,176,13750,13750,2025-08-27T13:14:25Z,2173.0,2173.6,1526.02394,-2.4580000000000837,8.489240000000109,2,0.2,0.1
6,177,13759,13759,2025-08-27T13:14:26Z,2174.0,2174.5,1534.9084149999999,6.426474999999755,4.990434999999934,2,0.2,0.1
6,178,13782,13782,2025-08-27T13:14:28Z,2177.0,2177.0,1535.39387,6.911929999999984,2.6941800000001876,2,0.2,0.1
6,179,13791,13791,2025-08-27T13:14:29Z,2177.0,2177.9,1535.51021,7.028269999999793,16.92944999999986,2,0.2,0.1
6,180,13799,13799,2025-08-27T13:14:30Z,2178.0,2178.875,1535.40982,6.927879999999959,1.538630000000012,2,0.2,0.1
6,181,13801,13801,2025-08-27T13:14:31Z,2179.0,2179.1428571428573,1524.835945,-3.6459950000000845,0.26789499999995314,2,0.2,0.1
6,182,13804,13804,2025-08-27T13:14:31Z,2179.0,2179.5714285714284,1526.48866,-1.9932800000001407,3.3054299999998875,2,0.2,0.1
6,183,13863,13863,2025-08-27T13:14:38Z,2186.0,2186.222222222222,1525.400655,-3.081285000000207,0.2686549999998533,2,0.2,0.1
6,184,13866,13866,2025-08-27T13:14:38Z,2186.0,2186.5555555555557,1525.66931,-2.8126300000001265,1.6942599999999857,2,0.2,0.1
6,185,13875,13875,2025-08-27T13:14:39Z,2187.0,2187.625,1536.02043,7.538489999999911,5.098275000000058,2,0.2,0.1
6,186,13901,13901,2025-08-27T13:14:42Z,2190.0,2190.4444444444443,1538.90899,10.427049999999781,23.381759999999986,2,0.2,0.1
6,187,13923,13923,2025-08-27T13:14:44Z,2192.0,2192.7,1526.41362,-2.068320000000085,0.7149500000000444,2,0.2,0.1
6,188,13987,13987,2025-08-27T13:14:51Z,2199.0,2199.2,1525.614395,-2.8675450000000637,1.8939649999999801,2,0.2,0.1
6,189,13989,13989,2025-08-27T13:14:51Z,2199.0,2199.4,1525.614395,-2.8675450000000637,1.8939649999999801,2,0.2,0.1
6,190,13991,13991,2025-08-27T13:14:51Z,2199.0,2199.6,1525.11998,-3.361960000000181,0.41071999999985565,2,0.2,0.1
6,191,13999,13999,2025-08-27T13:14:52Z,2200.0,2200.4444444444443,1533.01422,4.532279999999901,3.0806299999999283,2,0.2,0.1
6,192,14017,14017,2025-08-27T13:14:54Z,2202.0,2202.3,1537.73839,9.256449999999859,3.16637999999989,2,0.2,0.1
6,193,14020,14020,2025-08-27T13:14:54Z,2202.0,2202.6,1537.73839,9.256449999999859,2.3708500000000186,2,0.2,0.1
6,194,14024,14024,2025-08-27T13:14:55Z,2203.0,2203.0,1537.82814,9.346199999999953,4.789680000000089,2,0.2,0.1
6,195,14038,14038,2025-08-27T13:14:56Z,2204.0,2204.5,1538.90645,10.424509999999827,22.69299000000001,2,0.2,0.1
6,196,14040,14040,2025-08-27T13:14:56Z,2204.0,2204.7,1538.90645,10.424509999999827,22.69299000000001,2,0.2,0.1
6,197,14050,14050,2025-08-27T13:14:57Z,2205.0,2205.7,1526.22803,-2.2539100000001326,0.4913800000001629,2,0.2,0.1
6,198,14053,14053,2025-08-27T13:14:57Z,2206.0,2206.0,1526.45419,-2.0277500000001965,3.6775299999999334,2,0.2,0.1
6,199,14064,14064,2025-08-27T13:14:59Z,2207.0,2207.1,1517.7044,-10.777540000000045,1.6091800000001513,2,0.2,0.1
6,200,14117,14117,2025-08-27T13:15:04Z,2212.0,2212.4,1525.9689349999999,-2.5130050000002484,0.36467499999980646,2,0.2,0.1
6,201,14119,14119,2025-08-27T13:15:04Z,2212.0,2212.6,1525.9689349999999,-2.5130050000002484,0.36467499999980646,2,0.2,0.1
6,202,14128,14128,2025-08-27T13:15:05Z,2213.0,2213.5,1534.7454899999998,6.263549999999668,6.064539999999852,2,0.2,0.1
6,203,14170,14170,2025-08-27T13:15:09Z,2217.0,2217.7,1539.107865,10.625924999999825,21.215895000000046,2,0.2,0.1
6,204,14177,14177,2025-08-27T13:15:10Z,2218.0,2218.4,1525.96731,-2.5146300000001247,7.51242000000002,2,0.2,0.1
6,205,14180,14180,2025-08-27T13:15:10Z,2218.0,2218.7,1525.96731,-2.5146300000001247,7.51242000000002,2,0.2,0.1
6,206,14183,14183,2025-08-27T13:15:10Z,2219.0,2219.0,1524.72963,-3.7523100000000795,0.4236900000000787,2,0.2,0.1
6,207,14244,14244,2025-08-27T13:15:17Z,2225.0,2225.1,1526.65226,-1.829680000000053,4.1884000000000015,2,0.2,0.1
6,208,14258,14258,2025-08-27T13:15:18Z,2226.0,2226.5555555555557,1532.9744449999998,4.49250499999971,2.983444999999847,2,0.2,0.1
6,209,14279,14279,2025-08-27T13:15:20Z,2228.0,2228.7,1539.05305,10.571109999999862,0.4647299999999177,2,0.2,0.1
6,210,14282,14282,2025-08-27T13:15:20Z,2229.0,2229.0,1539.13949,10.657549999999901,27.7971500000001,2,0.2,0.1
6,211,15191,15191,2025-08-27T13:16:56Z,2324.0,2324.75,1521.932305,-6.54963500000008,1.9274749999999585,2,0.2,0.1
6,212,15295,15295,2025-08-27T13:17:09Z,2337.0,2337.3,1525.2951,-3.1868400000000747,11.027950000000146,2,0.2,0.1
6,213,15433,15433,2025-08-27T13:17:24Z,2352.0,2352.8,1524.18922,-4.292720000000145,4.189349999999877,2,0.2,0.1
6,214,15483,15483,2025-08-27T13:17:29Z,2357.0,2357.8,1522.475,-6.006940000000213,2.2183799999997973,2,0.2,0.1
6,215,15556,15556,2025-08-27T13:17:37Z,2365.0,2365.2,1522.68289,-5.799050000000079,2.0433100000000195,2,0.2,0.1
6,216,15572,15572,2025-08-27T13:17:38Z,2366.0,2366.8,1525.07829,-3.403650000000198,7.552400000000034,2,0.2,0.1
6,217,15677,15677,2025-08-27T13:17:50Z,2378.0,2378.3,1525.14961,-3.3323300000001836,9.304369999999835,2,0.2,0.1
6,218,15730,15730,2025-08-27T13:17:56Z,2384.0,2384.4444444444443,1523.196575,-5.2853650000001835,0.9863450000000284,2,0.2,0.1
6,219,15817,15817,2025-08-27T13:18:05Z,2393.0,2393.6,1525.10292,-3.3790200000000823,7.306190000000015,2,0.2,0.1
6,220,15863,15863,2025-08-27T13:18:10Z,2398.0,2398.5,1522.57703,-5.9049100000002,1.9370400000000245,2,0.2,0.1
6,221,15943,15943,2025-08-27T13:18:18Z,2406.0,2406.6,1525.205,-3.276940000000195,4.9485299999998915,2,0.2,0.1
6,222,15954,15954,2025-08-27T13:18:19Z,2407.0,2407.7,1525.129835,-3.352105000000165,0.1589050000000043,2,0.2,0.1
6,223,16086,16086,2025-08-27T13:18:33Z,2421.0,2421.8571428571427,1525.29331,-3.188630000000103,6.460370000000012,2,0.2,0.1
6,224,16194,16194,2025-08-27T13:18:46Z,2434.0,2434.5,1524.673405,-3.80853500000012,5.784904999999981,2,0.2,0.1
6,225,16244,16244,2025-08-27T13:18:51Z,2439.0,2439.8888888888887,1522.59979,-5.882150000000138,1.5704800000000887,2,0.2,0.1
6,226,16301,16301,2025-08-27T13:18:58Z,2446.0,2446.0,1520.24128,-8.240660000000162,0.1472400000000107,2,0.2,0.1
6,227,16362,16362,2025-08-27T13:19:04Z,2452.0,2452.5,1524.24378,-4.238160000000107,2.0154999999999745,2,0.2,0.1
7,0,8958,8958,2025-08-27T13:05:59Z,1667.0,1667.111111111111,1526.64855,-3.2170950000001994,1.799974999999904,2,0.2,0.1
7,1,8967,8967,2025-08-27T13:06:00Z,1668.0,1668.125,1530.67503,0.8093850000000202,6.386189999999942,2,0.2,0.1
7,2,8970,8970,2025-08-27T13:06:00Z,1668.0,1668.5,1530.67503,0.8093850000000202,6.386189999999942,2,0.2,0.1
7,3,9020,9020,2025-08-27T13:06:06Z,1674.0,1674.3,1528.30515,-1.5604950000001736,3.0774599999999737,2,0.2,0.1
7,4,9022,9022,2025-08-27T13:06:06Z,1674.0,1674.5,1528.18127,-1.6843750000000455,0.6604300000001331,2,0.2,0.1
7,5,9040,9040,2025-08-27T13:06:08Z,1676.0,1676.3,1534.73494,4.8692949999999655,0.4567700000000059,2,0.2,0.1
7,6,9044,9044,2025-08-27T13:06:08Z,1676.0,1676.7,1535.88807,6.022424999999885,22.258209999999963,2,0.2,0.1
7,7,9054,9054,2025-08-27T13:06:09Z,1677.0,1677.7,1534.17538,4.309734999999819,0.7367750000000797,2,0.2,0.1
7,8,9063,9063,2025-08-27T13:06:10Z,1678.0,1678.6666666666667,1528.47381,-1.3918350000001283,1.2891249999997854,2,0.2,0.1
7,9,9116,9116,2025-08-27T13:06:16Z,1684.0,1684.1,1528.5439700000002,-1.3216749999999138,2.240060000000085,2,0.2,0.1
7,10,9125,9125,2025-08-27T13:06:16Z,1685.0,1685.0,1529.05626,-0.8093850000000202,2.2754499999998643,2,0.2,0.1
7,11,9130,9130,2025-08-27T13:06:17Z,1685.0,1685.5,1532.27138,2.4057349999998223,18.53404999999998,2,0.2,0.1
7,12,9148,9148,2025-08-27T13:06:19Z,1687.0,1687.3,1528.08469,-1.7809550000001764,1.3408499999998185,2,0.2,0.1
7,13,9151,9151,2025-08-27T13:06:19Z,1687.0,1687.6,1528.08469,-1.7809550000001764,1.3408499999998185,2,0.2,0.1
7,14,9158,9158,2025-08-27T13:06:20Z,1688.0,1688.3,1526.87057,-2.9950750000000426,4.420470000000023,2,0.2,0.1
7,15,9216,9216,2025-08-27T13:06:26Z,1694.0,1694.1,1529.49158,-0.3740649999999732,8.881375000000162,2,0.2,0.1
7,16,9229,9229,2025-08-27T13:06:27Z,1695.0,1695.4,1531.26125,1.3956049999999323,17.44733999999994,2,0.2,0.1
7,17,9239,9239,2025-08-27T13:06:28Z,1696.0,1696.4,1522.64489,-7.220755000000054,0.7571500000001379,2,0.2,0.1
7,18,9249,9249,2025-08-27T13:06:29Z,1697.0,1697.4,1520.005905,-9.859740000000102,0.10129499999993641,2,0.2,0.1
7,19,9255,9255,2025-08-27T13:06:29Z,1698.0,1698.0,1526.27112,-3.594524999999976,0.17608500000005733,2,0.2,0.1
7,20,9261,9261,2025-08-27T13:06:30Z,1698.0,1698.6,1527.47848,-2.3871650000000955,0.9042899999999463,2,0.2,0.1
7,21,9316,9316,2025-08-27T13:06:36Z,1704.0,1704.111111111111,1528.7176,-1.1480450000001383,11.507299999999987,2,0.2,0.1
7,22,9318,9318,2025-08-27T13:06:36Z,1704.0,1704.3333333333333,1527.7674499999998,-2.09819500000026,0.20049999999991996,2,0.2,0.1
7,23,9320,9320,2025-08-27T13:06:36Z,1704.0,1704.5555555555557,1528.117685,-1.7479600000001483,1.2512050000000272,2,0.2,0.1
7,24,9322,9322,2025-08-27T13:06:36Z,1704.0,1704.7777777777778,1528.117685,-1.7479600000001483,1.2512050000000272,2,0.2,0.1
7,25,9340,9340,2025-08-27T13:06:38Z,1706.0,1706.888888888889,1521.0904500000001,-8.77519499999994,0.9211100000002261,2,0.2,0.1
7,26,9357,9357,2025-08-27T13:06:40Z,1708.0,1708.6666666666667,1527.93285,-1.9327950000001692,12.573570000000018,2,0.2,0.1
7,27,10313,10313,2025-08-27T13:08:22Z,1810.0,1810.5,1527.10582,-2.7598250000000917,11.497370000000046,2,0.2,0.1
7,28,10321,10321,2025-08-27T13:08:23Z,1811.0,1811.3,1522.31065,-7.55499500000019,0.30478999999991174,2,0.2,0.1
7,29,10342,10342,2025-08-27T13:08:25Z,1813.0,1813.4,1522.81676,-7.048885000000155,1.730350000000044,2,0.2,0.1
7,30,10407,10407,2025-08-27T13:08:32Z,1820.0,1820.1,1530.03987,0.17422499999997854,5.281150000000025,2,0.2,0.1
7,31,10410,10410,2025-08-27T13:08:32Z,1820.0,1820.4,1529.0364,-0.8292450000001281,0.5215699999998833,2,0.2,0.1
7,32,10413,10413,2025-08-27T13:08:32Z,1820.0,1820.7,1529.0364,-0.8292450000001281,1.0233049999999366,2,0.2,0.1
7,33,10422,10422,2025-08-27T13:08:33Z,1821.0,1821.6,1536.2206,6.354955000000018,17.813590000000204,2,0.2,0.1
7,34,10462,10462,2025-08-27T13:08:37Z,1825.0,1825.7,1528.36209,-1.5035550000000057,6.756949999999961,2,0.2,0.1
7,35,10519,10519,2025-08-27T13:08:43Z,1831.0,1831.4,1528.02816,-1.8374850000000151,4.053290000000061,2,0.2,0.1
7,36,10531,10531,2025-08-27T13:08:44Z,1832.0,1832.6,1535.94859,6.0829449999998815,14.458110000000033,2,0.2,0.1
7,37,10622,10622,2025-08-27T13:08:53Z,1842.0,1842.0,1528.68136,-1.1842850000000453,7.677394999999933,2,0.2,0.1
7,38,10628,10628,2025-08-27T13:08:54Z,1842.0,1842.857142857143,1524.42242,-5.443224999999984,1.6021350000000893,2,0.2,0.1
7,39,10634,10634,2025-08-27T13:08:55Z,1843.0,1843.625,1538.72367,8.858024999999998,26.494010000000117,2,0.2,0.1
7,40,10668,10668,2025-08-27T13:08:59Z,1847.0,1847.7777777777778,1528.41335,-1.4522950000000492,5.65635999999995,2,0.2,0.1
7,41,10720,10720,2025-08-27T13:09:05Z,1853.0,1853.3,1526.946385,-2.919260000000122,5.52766500000007,2,0.2,0.1
7,42,10728,10728,2025-08-27T13:09:06Z,1854.0,1854.125,1523.73353,-6.132115000000113,2.3628799999999046,2,0.2,0.1
7,43,10766,10766,2025-08-27T13:09:10Z,1858.0,1858.1,1526.54328,-3.3223649999999907,0.489765000000034,2,0.2,0.1
7,44,10769,10769,2025-08-27T13:09:10Z,1858.0,1858.4,1527.5021649999999,-2.3634800000002087,0.9588849999997819,2,0.2,0.1
7,45,10772,10772,2025-08-27T13:09:10Z,1858.0,1858.7,1528.46105,-1.4045950000001994,6.510139999999865,2,0.2,0.1
7,46,10831,10831,2025-08-27T13:09:16Z,1864.0,1864.6,1528.13518,-1.7304650000000947,4.547090000000026,2,0.2,0.1
7,47,10841,10841,2025-08-27T13:09:17Z,1865.0,1865.6,1528.59121,-1.2744350000000395,8.348390000000109,2,0.2,0.1
7,48,10881,10881,2025-08-27T13:09:21Z,1869.0,1869.6,1528.33011,-1.5355349999999817,7.875055000000202,2,0.2,0.1
7,49,10938,10938,2025-08-27T13:09:27Z,1875.0,1875.3,1527.02826,-2.8373850000000402,1.0847200000000612,2,0.2,0.1
7,50,10950,10950,2025-08-27T13:09:28Z,1876.0,1876.5,1532.41248,2.5468349999998736,12.790204999999787,2,0.2,0.1
7,51,10989,10989,2025-08-27T13:09:32Z,1880.0,1880.4,1526.84411,-3.0215350000000853,8.411800000000085,2,0.2,0.1
7,52,10991,10991,2025-08-27T13:09:32Z,1880.0,1880.6,1526.84411,-3.0215350000000853,8.411800000000085,2,0.2,0.1
7,53,11041,11041,2025-08-27T13:09:38Z,1886.0,1886.2222222222222,1527.93063,-1.9350150000000212,8.56890999999996,2,0.2,0.1
7,54,11051,11051,2025-08-27T13:09:39Z,1887.0,1887.3,1528.043905,-1.8217400000000907,4.217564999999922,2,0.2,0.1
7,55,11054,11054,2025-08-27T13:09:39Z,1887.0,1887.6,1529.30649,-0.5591550000001462,12.534249999999929,2,0.2,0.1
7,56,11091,11091,2025-08-27T13:09:43Z,1891.0,1891.5,1526.46544,-3.400205000000142,0.2864199999999073,2,0.2,0.1
7,57,11145,11145,2025-08-27T13:09:49Z,1897.0,1897.1,1527.92261,-1.943035000000009,8.368810000000167,2,0.2,0.1
7,58,11160,11160,2025-08-27T13:09:50Z,1898.0,1898.6,1524.56238,-5.30326500000001,6.490650000000187,2,0.2,0.1
7,59,11193,11193,2025-08-27T13:09:54Z,1902.0,1902.4,1527.12667,-2.738974999999982,9.02072000000021,2,0.2,0.1
7,60,11251,11251,2025-08-27T13:10:00Z,1908.0,1908.2,1528.28255,-1.5830950000001849,4.642949999999928,2,0.2,0.1
7,61,11255,11255,2025-08-27T13:10:00Z,1908.0,1908.6,1527.559205,-2.306440000000066,0.7233450000001085,2,0.2,0.1
7,62,11264,11264,2025-08-27T13:10:01Z,1909.0,1909.5,1535.75982,5.894174999999905,14.559130000000096,2,0.2,0.1
7,63,11307,11307,2025-08-27T13:10:05Z,1913.0,1913.8,1528.20366,-1.6619850000001861,1.6997549999998682,2,0.2,0.1
7,64,11593,11593,2025-08-27T13:10:36Z,1944.0,1944.3333333333333,1526.967555,-2.8980900000001384,4.087974999999915,2,0.2,0.1
7,65,11605,11605,2025-08-27T13:10:37Z,1945.0,1945.75,1537.41014,7.54449499999987,22.09877000000006,2,0.2,0.1
7,66,11643,11643,2025-08-27T13:10:42Z,1950.0,1950.2,1526.270725,-3.594920000000002,0.28858500000001186,2,0.2,0.1
7,67,11647,11647,2025-08-27T13:10:42Z,1950.0,1950.6,1526.44528,-3.4203650000001744,0.114029999999957,2,0.2,0.1
7,68,11650,11650,2025-08-27T13:10:42Z,1950.0,1950.9,1527.73766,-2.1279850000000806,1.7555199999999331,2,0.2,0.1
7,69,11719,11719,2025-08-27T13:10:50Z,1958.0,1958.7777777777778,1535.38381,5.518164999999954,13.542520000000195,2,0.2,0.1
7,70,11758,11758,2025-08-27T13:10:55Z,1963.0,1963.1,1526.62586,-3.2397849999999835,0.12942000000020926,2,0.2,0.1
7,71,11761,11761,2025-08-27T13:10:55Z,1963.0,1963.4,1526.49644,-3.3692050000001927,0.16517500000009022,2,0.2,0.1
7,72,11819,11819,2025-08-27T13:11:01Z,1969.0,1969.6666666666667,1528.00617,-1.859474999999975,6.1961200000000645,2,0.2,0.1
7,73,11826,11826,2025-08-27T13:11:02Z,1970.0,1970.4,1534.74671,4.881064999999808,13.886889999999767,2,0.2,0.1
7,74,11874,11874,2025-08-27T13:11:07Z,1975.0,1975.2,1526.1891,-3.676545000000033,3.6601399999999558,2,0.2,0.1
7,75,11877,11877,2025-08-27T13:11:07Z,1975.0,1975.5,1526.1891,-3.676545000000033,3.6601399999999558,2,0.2,0.1
7,76,11945,11945,2025-08-27T13:11:14Z,1982.0,1982.3,1527.539275,-2.326369999999997,7.150955000000067,2,0.2,0.1
7,77,11959,11959,2025-08-27T13:11:15Z,1983.0,1983.7,1528.0002,-1.8654450000001361,8.837869999999839,2,0.2,0.1
7,78,12062,12062,2025-08-27T13:11:27Z,1995.0,1995.3333333333333,1527.95415,-1.911495000000059,2.5935699999999997,2,0.2,0.1
7,79,12064,12064,2025-08-27T13:11:27Z,1995.0,1995.5555555555557,1527.95415,-1.911495000000059,2.5935699999999997,2,0.2,0.1
7,80,12072,12072,2025-08-27T13:11:28Z,1996.0,1996.4444444444443,1528.515005,-1.3506400000001122,10.585784999999987,2,0.2,0.1
7,81,12120,12120,2025-08-27T13:11:33Z,2001.0,2001.5555555555557,1526.13333,-3.732315000000199,7.5808099999999286,2,0.2,0.1
7,82,12177,12177,2025-08-27T13:11:39Z,2007.0,2007.3,1526.0613,-3.804345000000012,6.904130000000123,2,0.2,0.1
7,83,12190,12190,2025-08-27T13:11:40Z,2008.0,2008.6,1532.40067,2.535024999999905,15.512199999999893,2,0.2,0.1
7,84,12234,12234,2025-08-27T13:11:45Z,2013.0,2013.2,1526.34657,-3.519075000000157,8.486539999999877,2,0.2,0.1
7,85,12237,12237,2025-08-27T13:11:45Z,2013.0,2013.5,1526.14041,-3.7252350000001115,0.20615999999995438,2,0.2,0.1
7,86,12305,12305,2025-08-27T13:11:52Z,2020.0,2020.3333333333333,1525.146315,-4.719330000000127,2.06875500000001,2,0.2,0.1
7,87,12315,12315,2025-08-27T13:11:53Z,2021.0,2021.4,1534.87485,5.009204999999838,18.085779999999886,2,0.2,0.1
7,88,12366,12366,2025-08-27T13:11:58Z,2026.0,2026.6,1526.74115,-3.1244950000000244,2.8879900000001726,2,0.2,0.1
7,89,12435,12435,2025-08-27T13:12:06Z,2034.0,2034.7142857142858,1530.79967,0.9340250000000196,7.3551800000000185,2,0.2,0.1
7,90,12472,12472,2025-08-27T13:12:11Z,2039.0,2039.25,1526.09235,-3.7732950000001892,4.126909999999953,2,0.2,0.1
7,91,12475,12475,2025-08-27T13:12:11Z,2039.0,2039.625,1526.09235,-3.7732950000001892,4.126909999999953,2,0.2,0.1
7,92,12528,12528,2025-08-27T13:12:17Z,2045.0,2045.4444444444443,1526.50345,-3.362195000000156,4.401059999999916,2,0.2,0.1
7,93,12538,12538,2025-08-27T13:12:18Z,2046.0,2046.5,1528.0101,-1.8555450000001201,5.285669999999982,2,0.2,0.1
7,94,12573,12573,2025-08-27T13:12:21Z,2050.0,2050.0,1529.67794,-0.18770500000005086,9.162019999999984,2,0.2,0.1
7,95,12592,12592,2025-08-27T13:12:23Z,2051.0,2051.9,1527.55244,-2.3132050000001527,9.62545,2,0.2,0.1
7,96,12668,12668,2025-08-27T13:12:31Z,2059.0,2059.8,1537.72447,7.858825000000024,22.511180000000195,2,0.2,0.1
7,97,13131,13131,2025-08-27T13:13:20Z,2108.0,2108.4,1526.013295,-3.852350000000115,8.430274999999938,2,0.2,0.1
7,98,13145,13145,2025-08-27T13:13:21Z,2109.0,2109.8,1537.840885,7.975239999999985,23.131835000000137,2,0.2,0.1
7,99,13170,13170,2025-08-27T13:13:24Z,2112.0,2112.3,1532.57037,2.7047249999998257,3.276689999999917,2,0.2,0.1
7,100,13190,13190,2025-08-27T13:13:26Z,2114.0,2114.3,1525.461665,-4.403980000000047,0.68783499999995,2,0.2,0.1
7,101,13193,13193,2025-08-27T13:13:26Z,2114.0,2114.6,1525.461665,-4.403980000000047,0.68783499999995,2,0.2,0.1
7,102,13197,13197,2025-08-27T13:13:26Z,2115.0,2115.0,1524.36617,-5.499475000000075,0.35914500000012595,2,0.2,0.1
7,103,13264,13264,2025-08-27T13:13:33Z,2121.0,2121.7,1526.32262,-3.5430250000001706,8.972279999999955,2,0.2,0.1
7,104,13274,13274,2025-08-27T13:13:34Z,2122.0,2122.7,1537.0614,7.195754999999963,9.580699999999979,2,0.2,0.1
7,105,13296,13296,2025-08-27T13:13:36Z,2125.0,2125.0,1535.25792,5.392274999999927,0.8768099999999777,2,0.2,0.1
7,106,13312,13312,2025-08-27T13:13:38Z,2126.0,2126.7,1537.65268,7.7870349999998325,22.684679999999844,2,0.2,0.1
7,107,13317,13317,2025-08-27T13:13:39Z,2127.0,2127.222222222222,1523.816695,-6.048950000000104,0.4906550000000607,2,0.2,0.1
7,108,13320,13320,2025-08-27T13:13:39Z,2127.0,2127.5555555555557,1524.99799,-4.867655000000013,2.647960000000012,2,0.2,0.1
7,109,13323,13323,2025-08-27T13:13:39Z,2127.0,2127.8888888888887,1524.99799,-4.867655000000013,2.647960000000012,2,0.2,0.1
7,110,13379,13379,2025-08-27T13:13:46Z,2134.0,2134.6666666666665,1525.854745,-4.010899999999992,0.2543150000001333,2,0.2,0.1
7,111,13386,13386,2025-08-27T13:13:47Z,2135.0,2135.5,1532.98339,3.1177450000000135,6.293679999999995,2,0.2,0.1
7,112,13400,13400,2025-08-27T13:13:49Z,2137.0,2137.125,1532.09638,2.230734999999868,0.9597999999998592,2,0.2,0.1
7,113,13404,13404,2025-08-27T13:13:49Z,2137.0,2137.625,1532.45024,2.5845949999998084,1.3136599999997998,2,0.2,0.1
7,114,13418,13418,2025-08-27T13:13:51Z,2139.0,2139.375,1535.443765,5.578119999999899,0.13837499999999636,2,0.2,0.1
7,115,13421,13421,2025-08-27T13:13:51Z,2139.0,2139.75,1538.26908,8.403434999999945,24.838760000000093,2,0.2,0.1
7,116,13428,13428,2025-08-27T13:13:52Z,2140.0,2140.5555555555557,1524.754205,-5.11144000000013,0.8054150000000391,2,0.2,0.1
7,117,13432,13432,2025-08-27T13:13:52Z,2141.0,2141.0,1524.08783,-5.777815000000146,0.4005099999999402,2,0.2,0.1
7,118,13492,13492,2025-08-27T13:13:59Z,2147.0,2147.5,1525.57044,-4.295205000000124,3.0718199999998888,2,0.2,0.1
7,119,13502,13502,2025-08-27T13:14:00Z,2148.0,2148.5,1532.6903750000001,2.824730000000045,1.0647500000000036,2,0.2,0.1
7,120,13515,13515,2025-08-27T13:14:01Z,2150.0,2150.0,1532.60202,2.7363749999999527,0.1290599999999813,2,0.2,0.1
7,121,13538,13538,2025-08-27T13:14:04Z,2152.0,2152.3,1537.97413,8.108484999999973,21.933700000000044,2,0.2,0.1
7,122,13549,13549,2025-08-27T13:14:05Z,2153.0,2153.4,1524.04513,-5.820515000000114,0.3783849999999802,2,0.2,0.1
7,123,13552,13552,2025-08-27T13:14:05Z,2153.0,2153.7,1525.27783,-4.5878150000000915,7.51556000000005,2,0.2,0.1
7,124,13555,13555,2025-08-27T13:14:05Z,2154.0,2154.0,1523.656195,-6.209450000000061,0.3678350000000137,2,0.2,0.1
7,125,13618,13618,2025-08-27T13:14:12Z,2160.0,2160.3,1526.33154,-3.5341050000001815,10.256919999999809,2,0.2,0.1
7,126,13631,13631,2025-08-27T13:14:13Z,2161.0,2161.6,1534.93061,5.064964999999802,5.623159999999871,2,0.2,0.1
7,127,13666,13666,2025-08-27T13:14:17Z,2165.0,2165.2,1538.06782,8.202174999999897,0.18639499999994769,2,0.2,0.1
7,128,13669,13669,2025-08-27T13:14:17Z,2165.0,2165.5,1538.16844,8.302794999999833,24.327959999999848,2,0.2,0.1
7,129,13680,13680,2025-08-27T13:14:18Z,2166.0,2166.6,1526.01878,-3.8468649999999798,7.534290000000055,2,0.2,0.1
7,130,13747,13747,2025-08-27T13:14:25Z,2173.0,2173.3,1525.735515,-4.130130000000008,8.825015000000121,2,0.2,0.1
7,131,13759,13759,2025-08-27T13:14:26Z,2174.0,2174.5,1533.8782449999999,4.012599999999793,15.05727499999989,2,0.2,0.1
7,132,13768,13768,2025-08-27T13:14:27Z,2175.0,2175.4444444444443,1532.206545,2.3408999999999196,0.4026450000001205,2,0.2,0.1
7,133,13772,13772,2025-08-27T13:14:27Z,2175.0,2175.8888888888887,1532.47855,2.612904999999955,0.4590100000000348,2,0.2,0.1
7,134,13781,13781,2025-08-27T13:14:28Z,2176.0,2176.8888888888887,1533.76979,3.9041449999999713,2.632240000000138,2,0.2,0.1
7,135,13783,13783,2025-08-27T13:14:29Z,2177.0,2177.1,1533.76979,3.9041449999999713,2.632240000000138,2,0.2,0.1
7,136,13791,13791,2025-08-27T13:14:29Z,2177.0,2177.9,1533.11439,3.2487449999998717,0.5945899999999256,2,0.2,0.1
7,137,13793,13793,2025-08-27T13:14:30Z,2178.0,2178.125,1533.0159,3.1502550000000156,0.10913000000005013,2,0.2,0.1
7,138,13801,13801,2025-08-27T13:14:31Z,2179.0,2179.1428571428573,1524.778975,-5.08667000000014,0.7488749999999982,2,0.2,0.1
7,139,13804,13804,2025-08-27T13:14:31Z,2179.0,2179.5714285714284,1525.85698,-4.0086650000000645,2.7876900000001115,2,0.2,0.1
7,140,13807,13807,2025-08-27T13:14:32Z,2180.0,2180.0,1525.85698,-4.0086650000000645,2.7876900000001115,2,0.2,0.1
7,141,13861,13861,2025-08-27T13:14:37Z,2186.0,2186.0,1525.132,-4.733645000000024,2.644670000000133,2,0.2,0.1
7,142,13863,13863,2025-08-27T13:14:38Z,2186.0,2186.222222222222,1525.132,-4.733645000000024,2.644670000000133,2,0.2,0.1
7,143,13876,13876,2025-08-27T13:14:39Z,2187.0,2187.75,1534.9302349999998,5.0645899999997255,1.4714349999999286,2,0.2,0.1
7,144,13903,13903,2025-08-27T13:14:42Z,2190.0,2190.6666666666665,1538.19839,8.332744999999932,21.836559999999963,2,0.2,0.1
7,145,13920,13920,2025-08-27T13:14:44Z,2192.0,2192.4,1525.694325,-4.171320000000151,0.49454500000001644,2,0.2,0.1
7,146,13924,13924,2025-08-27T13:14:44Z,2192.0,2192.8,1525.95225,-3.913395000000037,0.8605000000000018,2,0.2,0.1
7,147,13927,13927,2025-08-27T13:14:45Z,2193.0,2193.1,1525.95225,-3.913395000000037,0.8605000000000018,2,0.2,0.1
7,148,13987,13987,2025-08-27T13:14:51Z,2199.0,2199.2,1526.51953,-3.3461150000000544,3.0366599999999835,2,0.2,0.1
7,149,13989,13989,2025-08-27T13:14:51Z,2199.0,2199.4,1526.51953,-3.3461150000000544,3.0366599999999835,2,0.2,0.1
7,150,13999,13999,2025-08-27T13:14:52Z,2200.0,2200.4444444444443,1532.70417,2.8385249999998905,3.3421299999999974,2,0.2,0.1
7,151,14017,14017,2025-08-27T13:14:54Z,2202.0,2202.3,1533.79798,3.9323349999999664,0.8369700000000648,2,0.2,0.1
7,152,14020,14020,2025-08-27T13:14:54Z,2202.0,2202.6,1533.79798,3.9323349999999664,0.8369700000000648,2,0.2,0.1
7,153,14024,14024,2025-08-27T13:14:55Z,2203.0,2203.0,1537.72206,7.85641499999997,18.996090000000095,2,0.2,0.1
7,154,14038,14038,2025-08-27T13:14:56Z,2204.0,2204.5,1533.40123,3.5355849999998554,0.8016699999998309,2,0.2,0.1
7,155,14040,14040,2025-08-27T13:14:56Z,2204.0,2204.7,1533.40123,3.5355849999998554,0.8016699999998309,2,0.2,0.1
7,156,14053,14053,2025-08-27T13:14:57Z,2206.0,2206.0,1528.23071,-1.6349350000000413,5.775450000000092,2,0.2,0.1
7,157,14117,14117,2025-08-27T13:15:04Z,2212.0,2212.4,1525.4138950000001,-4.451749999999947,1.0269450000000688,2,0.2,0.1
7,158,14128,14128,2025-08-27T13:15:05Z,2213.0,2213.5,1534.7428,4.877154999999902,6.17960499999981,2,0.2,0.1
7,159,14169,14169,2025-08-27T13:15:09Z,2217.0,2217.6,1538.35526,8.489614999999958,20.697220000000016,2,0.2,0.1
7,160,14177,14177,2025-08-27T13:15:10Z,2218.0,2218.4,1525.72798,-4.137665000000197,7.355859999999893,2,0.2,0.1
7,161,14180,14180,2025-08-27T13:15:10Z,2218.0,2218.7,1525.72798,-4.137665000000197,7.355859999999893,2,0.2,0.1
7,162,14183,14183,2025-08-27T13:15:10Z,2219.0,2219.0,1524.72963,-5.136015000000043,0.5486499999999523,2,0.2,0.1
7,163,14244,14244,2025-08-27T13:15:17Z,2225.0,2225.1,1526.00373,-3.861915000000181,3.539869999999837,2,0.2,0.1
7,164,14258,14258,2025-08-27T13:15:18Z,2226.0,2226.5555555555557,1534.85084,4.985194999999976,3.197300000000041,2,0.2,0.1
7,165,14270,14270,2025-08-27T13:15:19Z,2227.0,2227.8,1535.42736,5.561714999999822,2.8549699999998666,2,0.2,0.1
7,166,14280,14280,2025-08-27T13:15:20Z,2228.0,2228.8,1538.33902,8.473374999999805,0.14517499999988104,2,0.2,0.1
7,167,14282,14282,2025-08-27T13:15:20Z,2229.0,2229.0,1538.35054,8.484894999999824,20.391489999999976,2,0.2,0.1
7,168,15421,15421,2025-08-27T13:17:23Z,2351.0,2351.6,1522.81244,-7.053205000000162,4.660499999999956,2,0.2,0.1
7,169,15732,15732,2025-08-27T13:17:56Z,2384.0,2384.6666666666665,1521.96332,-7.902325000000019,3.7795200000000477,2,0.2,0.1
7,170,15820,15820,2025-08-27T13:18:05Z,2393.0,2393.9,1520.46276,-9.402885000000197,0.879399999999805,2,0.2,0.1
7,171,15956,15956,2025-08-27T13:18:19Z,2407.0,2407.9,1525.14781,-4.71783500000015,6.307919999999967,2,0.2,0.1
7,172,16197,16197,2025-08-27T13:18:46Z,2434.0,2434.875,1522.65044,-7.215205000000196,1.363439999999855,2,0.2,0.1
8,0,8967,8967,2025-08-27T13:06:00Z,1668.0,1668.125,1528.19974,-0.38216999999986,1.350689999999986,2,0.2,0.1
8,1,8970,8970,2025-08-27T13:06:00Z,1668.0,1668.5,1528.8688849999999,0.286974999999984,2.01983499999983,2,0.2,0.1
8,2,9019,9019,2025-08-27T13:06:06Z,1674.0,1674.2,1530.79211,2.2102000000002135,2.568899999999985,2,0.2,0.1
8,3,9041,9041,2025-08-27T13:06:08Z,1676.0,1676.4,1534.32091,5.739000000000033,9.736719999999877,2,0.2,0.1
8,4,9054,9054,2025-08-27T13:06:09Z,1677.0,1677.7,1534.17538,5.593470000000025,0.8165750000000571,2,0.2,0.1
8,5,9117,9117,2025-08-27T13:06:16Z,1684.0,1684.2,1528.3967,-0.18520999999986998,0.7176300000000992,2,0.2,0.1
8,6,9130,9130,2025-08-27T13:06:17Z,1685.0,1685.5,1530.42372,1.8418100000001232,18.47163999999998,2,0.2,0.1
8,7,9148,9148,2025-08-27T13:06:19Z,1687.0,1687.3,1528.08469,-0.49721999999997024,1.3566699999998946,2,0.2,0.1
8,8,9151,9151,2025-08-27T13:06:19Z,1687.0,1687.6,1528.08469,-0.49721999999997024,1.3566699999998946,2,0.2,0.1
8,9,9216,9216,2025-08-27T13:06:26Z,1694.0,1694.1,1528.85623,0.27432000000021617,11.973110000000133,2,0.2,0.1
8,10,9229,9229,2025-08-27T13:06:27Z,1695.0,1695.4,1529.5465,0.9645900000000438,15.41296999999986,2,0.2,0.1
8,11,9242,9242,2025-08-27T13:06:28Z,1696.0,1696.7,1521.81859,-6.763319999999794,0.8077100000000428,2,0.2,0.1
8,12,9249,9249,2025-08-27T13:06:29Z,1697.0,1697.4,1519.91133,-8.670579999999973,0.19162999999980457,2,0.2,0.1
8,13,9261,9261,2025-08-27T13:06:30Z,1698.0,1698.6,1528.24345,-0.3384599999999409,1.9213799999999992,2,0.2,0.1
8,14,9316,9316,2025-08-27T13:06:36Z,1704.0,1704.111111111111,1528.31035,-0.27155999999990854,11.10005000000001,2,0.2,0.1
8,15,9318,9318,2025-08-27T13:06:36Z,1704.0,1704.3333333333333,1527.1767949999999,-1.4051150000000234,0.25819499999988693,2,0.2,0.1
8,16,9320,9320,2025-08-27T13:06:36Z,1704.0,1704.5555555555557,1527.47506,-1.1068499999998949,1.1529900000000453,2,0.2,0.1
8,17,9322,9322,2025-08-27T13:06:36Z,1704.0,1704.7777777777778,1527.47506,-1.1068499999998949,1.1529900000000453,2,0.2,0.1
8,18,9356,9356,2025-08-27T13:06:40Z,1708.0,1708.5555555555557,1527.93285,-0.6490599999999631,8.148939999999811,2,0.2,0.1
8,19,10313,10313,2025-08-27T13:08:22Z,1810.0,1810.5,1526.38264,-2.199269999999842,11.023360000000139,2,0.2,0.1
8,20,10408,10408,2025-08-27T13:08:32Z,1820.0,1820.2,1528.78621,0.20430000000010295,2.881750000000011,2,0.2,0.1
8,21,10422,10422,2025-08-27T13:08:33Z,1821.0,1821.6,1536.06924,7.487330000000156,19.719949999999926,2,0.2,0.1
8,22,10460,10460,2025-08-27T13:08:37Z,1825.0,1825.5,1524.9289,-3.6530099999997674,1.5753500000000713,2,0.2,0.1
8,23,10519,10519,2025-08-27T13:08:43Z,1831.0,1831.4,1527.20671,-1.3751999999999498,3.95412999999985,2,0.2,0.1
8,24,10531,10531,2025-08-27T13:08:44Z,1832.0,1832.6,1535.69818,7.116270000000213,14.941820000000234,2,0.2,0.1
8,25,10624,10624,2025-08-27T13:08:54Z,1842.0,1842.2857142857142,1527.46305,-1.1188599999998132,4.325140000000147,2,0.2,0.1
8,26,10628,10628,2025-08-27T13:08:54Z,1842.0,1842.857142857143,1524.42242,-4.159489999999778,2.1501550000000407,2,0.2,0.1
8,27,10634,10634,2025-08-27T13:08:55Z,1843.0,1843.625,1532.43877,3.856860000000097,11.686819999999898,2,0.2,0.1
8,28,10668,10668,2025-08-27T13:08:59Z,1847.0,1847.7777777777778,1528.1473,-0.4346099999997932,6.642020000000002,2,0.2,0.1
8,29,10720,10720,2025-08-27T13:09:05Z,1853.0,1853.3,1525.520115,-3.0617949999998473,1.3321849999999813,2,0.2,0.1
8,30,10728,10728,2025-08-27T13:09:06Z,1854.0,1854.125,1523.73353,-4.848379999999906,2.3628799999999046,2,0.2,0.1
8,31,10769,10769,2025-08-27T13:09:10Z,1858.0,1858.4,1527.12129,-1.4606199999998353,0.5258250000001681,2,0.2,0.1
8,32,10772,10772,2025-08-27T13:09:10Z,1858.0,1858.7,1528.23443,-0.347479999999905,4.646340000000009,2,0.2,0.1
8,33,10833,10833,2025-08-27T13:09:16Z,1864.0,1864.8,1527.59627,-0.9856399999998757,1.9175299999999424,2,0.2,0.1
8,34,10841,10841,2025-08-27T13:09:17Z,1865.0,1865.6,1528.59121,0.00930000000016662,10.156480000000101,2,0.2,0.1
8,35,10881,10881,2025-08-27T13:09:21Z,1869.0,1869.6,1528.1243,-0.45760999999993146,9.06390999999985,2,0.2,0.1
8,36,10938,10938,2025-08-27T13:09:27Z,1875.0,1875.3,1526.55921,-2.022699999999986,0.8731399999999212,2,0.2,0.1
8,37,10950,10950,2025-08-27T13:09:28Z,1876.0,1876.5,1532.110735,3.528825000000097,15.085714999999936,2,0.2,0.1
8,38,10989,10989,2025-08-27T13:09:32Z,1880.0,1880.4,1526.605425,-1.9764849999999115,0.40477499999997235,2,0.2,0.1
8,39,11042,11042,2025-08-27T13:09:38Z,1886.0,1886.3333333333333,1527.33312,-1.2487899999998717,8.900810000000092,2,0.2,0.1
8,40,11147,11147,2025-08-27T13:09:49Z,1897.0,1897.3,1526.83425,-1.7476599999997688,8.843880000000127,2,0.2,0.1
8,41,11155,11155,2025-08-27T13:09:50Z,1898.0,1898.1,1523.55589,-5.026019999999789,5.681829999999991,2,0.2,0.1
8,42,11193,11193,2025-08-27T13:09:54Z,1902.0,1902.4,1526.910815,-1.671094999999923,1.1447749999999814,2,0.2,0.1
8,43,11264,11264,2025-08-27T13:10:01Z,1909.0,1909.5,1535.30711,6.725200000000086,13.89422999999988,2,0.2,0.1
8,44,11593,11593,2025-08-27T13:10:36Z,1944.0,1944.3333333333333,1526.85669,-1.7252199999998084,1.1938900000000103,2,0.2,0.1
8,45,11605,11605,2025-08-27T13:10:37Z,1945.0,1945.75,1537.41014,8.828230000000076,23.562549999999874,2,0.2,0.1
8,46,11719,11719,2025-08-27T13:10:50Z,1958.0,1958.7777777777778,1534.75689,6.174980000000232,10.935040000000072,2,0.2,0.1
8,47,11759,11759,2025-08-27T13:10:55Z,1963.0,1963.2,1526.249395,-2.3325149999998303,0.2453250000000935,2,0.2,0.1
8,48,11762,11762,2025-08-27T13:10:55Z,1963.0,1963.5,1526.267345,-2.3145649999999023,0.26327500000002146,2,0.2,0.1
8,49,11815,11815,2025-08-27T13:11:01Z,1969.0,1969.2222222222222,1527.65532,-0.9265899999998055,1.6871499999999742,2,0.2,0.1
8,50,11826,11826,2025-08-27T13:11:02Z,1970.0,1970.4,1534.74671,6.164800000000014,17.102229999999963,2,0.2,0.1
8,51,11877,11877,2025-08-27T13:11:07Z,1975.0,1975.5,1526.86259,-1.7193199999999251,1.7629099999999198,2,0.2,0.1
8,52,11948,11948,2025-08-27T13:11:14Z,1982.0,1982.6,1527.0184,-1.563509999999951,6.630079999999907,2,0.2,0.1
8,53,11959,11959,2025-08-27T13:11:15Z,1983.0,1983.7,1526.48382,-2.0980899999999565,0.15431999999987056,2,0.2,0.1
8,54,12062,12062,2025-08-27T13:11:27Z,1995.0,1995.3333333333333,1525.9961549999998,-2.585755000000063,1.2692149999998037,2,0.2,0.1
8,55,12074,12074,2025-08-27T13:11:28Z,1996.0,1996.6666666666667,1532.532,3.9500900000000456,13.79422999999997,2,0.2,0.1
8,56,12177,12177,2025-08-27T13:11:39Z,2007.0,2007.3,1525.38535,-3.196559999999863,6.228180000000066,2,0.2,0.1
8,57,12190,12190,2025-08-27T13:11:40Z,2008.0,2008.6,1532.40067,3.818760000000111,14.503390000000081,2,0.2,0.1
8,58,12234,12234,2025-08-27T13:11:45Z,2013.0,2013.2,1526.34657,-2.235339999999951,1.818520000000035,2,0.2,0.1
8,59,12305,12305,2025-08-27T13:11:52Z,2020.0,2020.3333333333333,1526.69393,-1.8879799999999705,7.185649999999896,2,0.2,0.1
8,60,12317,12317,2025-08-27T13:11:53Z,2021.0,2021.6,1533.09203,4.510120000000143,15.16504000000009,2,0.2,0.1
8,61,12366,12366,2025-08-27T13:11:58Z,2026.0,2026.6,1526.072265,-2.509644999999864,2.416535000000067,2,0.2,0.1
8,62,12435,12435,2025-08-27T13:12:06Z,2034.0,2034.7142857142858,1529.2244,0.6424900000001799,5.779909999999973,2,0.2,0.1
8,63,12525,12525,2025-08-27T13:12:17Z,2045.0,2045.111111111111,1527.87387,-0.7080399999999827,4.30722999999989,2,0.2,0.1
8,64,12538,12538,2025-08-27T13:12:18Z,2046.0,2046.5,1532.72894,4.147030000000086,12.487239999999929,2,0.2,0.1
8,65,12666,12666,2025-08-27T13:12:31Z,2059.0,2059.6,1537.331,8.749090000000024,20.554549999999836,2,0.2,0.1
8,66,13131,13131,2025-08-27T13:13:20Z,2108.0,2108.4,1525.75415,-2.8277599999998984,7.446230000000014,2,0.2,0.1
8,67,13148,13148,2025-08-27T13:13:22Z,2110.0,2110.1,1538.07063,9.488720000000058,25.58881999999994,2,0.2,0.1
8,68,13154,13154,2025-08-27T13:13:22Z,2110.0,2110.7,1530.69991,2.1180000000001655,0.4433400000000347,2,0.2,0.1
8,69,13160,13160,2025-08-27T13:13:23Z,2111.0,2111.3,1531.140355,2.5584450000001198,0.1325449999999364,2,0.2,0.1
8,70,13164,13164,2025-08-27T13:13:23Z,2111.0,2111.7,1531.18341,2.6015000000002146,0.1270600000000286,2,0.2,0.1
8,71,13179,13179,2025-08-27T13:13:25Z,2113.0,2113.2,1532.54215,3.9602400000001126,2.7908800000000156,2,0.2,0.1
8,72,13194,13194,2025-08-27T13:13:26Z,2114.0,2114.7,1524.36617,-4.215739999999869,0.7391150000000835,2,0.2,0.1
8,73,13197,13197,2025-08-27T13:13:26Z,2115.0,2115.0,1524.36617,-4.215739999999869,0.7391150000000835,2,0.2,0.1
8,74,13274,13274,2025-08-27T13:13:34Z,2122.0,2122.7,1537.3110000000001,8.72909000000027,20.2326700000001,2,0.2,0.1
8,75,13296,13296,2025-08-27T13:13:36Z,2125.0,2125.0,1534.59168,6.009770000000117,0.6821899999999914,2,0.2,0.1
8,76,13309,13309,2025-08-27T13:13:38Z,2126.0,2126.4,1535.338675,6.756765000000087,6.563605000000052,2,0.2,0.1
8,77,13311,13311,2025-08-27T13:13:38Z,2126.0,2126.6,1535.338675,6.756765000000087,6.563605000000052,2,0.2,0.1
8,78,13320,13320,2025-08-27T13:13:39Z,2127.0,2127.5555555555557,1524.59057,-3.991339999999809,2.24054000000001,2,0.2,0.1
8,79,13377,13377,2025-08-27T13:13:46Z,2134.0,2134.4444444444443,1525.37683,-3.2050799999999526,0.3730849999999464,2,0.2,0.1
8,80,13388,13388,2025-08-27T13:13:47Z,2135.0,2135.75,1532.47875,3.896840000000111,1.614409999999907,2,0.2,0.1
8,81,13404,13404,2025-08-27T13:13:49Z,2137.0,2137.625,1531.1189,2.53699000000006,0.15767000000005282,2,0.2,0.1
8,82,13421,13421,2025-08-27T13:13:51Z,2139.0,2139.75,1538.01318,9.43127000000004,24.310799999999972,2,0.2,0.1
8,83,13428,13428,2025-08-27T13:13:52Z,2140.0,2140.5555555555557,1524.28216,-4.299749999999904,1.0809649999998783,2,0.2,0.1
8,84,13432,13432,2025-08-27T13:13:52Z,2141.0,2141.0,1523.05161,-5.530299999999897,0.9313799999999901,2,0.2,0.1
8,85,13492,13492,2025-08-27T13:13:59Z,2147.0,2147.5,1524.4463,-4.135609999999815,3.3975500000001375,2,0.2,0.1
8,86,13506,13506,2025-08-27T13:14:00Z,2148.0,2148.9,1533.480185,4.898275000000012,1.0527949999998327,2,0.2,0.1
8,87,13531,13531,2025-08-27T13:14:03Z,2151.0,2151.6,1535.40483,6.822920000000067,0.13079999999990832,2,0.2,0.1
8,88,13538,13538,2025-08-27T13:14:04Z,2152.0,2152.3,1537.80565,9.223740000000134,23.946519999999964,2,0.2,0.1
8,89,13552,13552,2025-08-27T13:14:05Z,2153.0,2153.7,1524.42369,-4.158219999999801,2.389130000000023,2,0.2,0.1
8,90,13620,13620,2025-08-27T13:14:12Z,2160.0,2160.5,1526.96962,-1.6122899999998026,1.0471800000000258,2,0.2,0.1
8,91,13631,13631,2025-08-27T13:14:13Z,2161.0,2161.6,1535.34721,6.765300000000025,7.177639999999883,2,0.2,0.1
8,92,13666,13666,2025-08-27T13:14:17Z,2165.0,2165.2,1537.74565,9.163740000000189,23.370910000000094,2,0.2,0.1
8,93,13669,13669,2025-08-27T13:14:17Z,2165.0,2165.5,1537.74565,9.163740000000189,23.370910000000094,2,0.2,0.1
8,94,13684,13684,2025-08-27T13:14:19Z,2167.0,2167.0,1525.98756,-2.5943499999998494,7.5475900000001275,2,0.2,0.1
8,95,13747,13747,2025-08-27T13:14:25Z,2173.0,2173.3,1525.398235,-3.1836749999997664,7.582675000000108,2,0.2,0.1
8,96,13759,13759,2025-08-27T13:14:26Z,2174.0,2174.5,1533.4272799999999,4.845370000000003,0.8736399999997957,2,0.2,0.1
8,97,13763,13763,2025-08-27T13:14:26Z,2174.0,2174.9,1533.73656,5.154650000000174,11.249230000000125,2,0.2,0.1
8,98,13781,13781,2025-08-27T13:14:28Z,2176.0,2176.8888888888887,1532.89678,4.314870000000155,0.30201000000010936,2,0.2,0.1
8,99,13783,13783,2025-08-27T13:14:29Z,2177.0,2177.1,1532.98494,4.403030000000172,2.0573699999999917,2,0.2,0.1
8,100,13799,13799,2025-08-27T13:14:30Z,2178.0,2178.875,1532.67745,4.095540000000028,0.15764999999987594,2,0.2,0.1
8,101,13801,13801,2025-08-27T13:14:31Z,2179.0,2179.1428571428573,1524.5568349999999,-4.025075000000015,1.4875449999999546,2,0.2,0.1
8,102,13805,13805,2025-08-27T13:14:31Z,2179.0,2179.714285714286,1525.5061150000001,-3.0757949999997436,2.4368250000002263,2,0.2,0.1
8,103,13807,13807,2025-08-27T13:14:32Z,2180.0,2180.0,1525.5061150000001,-3.0757949999997436,2.4368250000002263,2,0.2,0.1
8,104,13876,13876,2025-08-27T13:14:39Z,2187.0,2187.75,1533.903855,5.321945000000142,1.0323100000000522,2,0.2,0.1
8,105,13889,13889,2025-08-27T13:14:41Z,2189.0,2189.1111111111113,1535.50998,6.928070000000162,0.15657000000010157,2,0.2,0.1
8,106,13905,13905,2025-08-27T13:14:42Z,2190.0,2190.8888888888887,1537.82582,9.243910000000142,21.463989999999967,2,0.2,0.1
8,107,13920,13920,2025-08-27T13:14:44Z,2192.0,2192.4,1525.5458899999999,-3.0360200000000077,0.6429799999998522,2,0.2,0.1
8,108,13986,13986,2025-08-27T13:14:51Z,2199.0,2199.1,1524.57167,-4.01023999999984,2.1666700000000674,2,0.2,0.1
8,109,13989,13989,2025-08-27T13:14:51Z,2199.0,2199.4,1524.4224,-4.159509999999955,1.7188599999999497,2,0.2,0.1
8,110,13999,13999,2025-08-27T13:14:52Z,2200.0,2200.4444444444443,1532.484395,3.9024850000000697,2.4625999999998385,2,0.2,0.1
8,111,14003,14003,2025-08-27T13:14:52Z,2200.0,2200.8888888888887,1531.396255,2.8143450000002304,1.0469450000000506,2,0.2,0.1
8,112,14017,14017,2025-08-27T13:14:54Z,2202.0,2202.3,1533.7499,5.167990000000145,1.1193299999999908,2,0.2,0.1
8,113,14021,14021,2025-08-27T13:14:54Z,2202.0,2202.7,1533.79798,5.2160700000001725,1.129130000000032,2,0.2,0.1
8,114,14024,14024,2025-08-27T13:14:55Z,2203.0,2203.0,1534.69666,6.1147500000001855,12.241400000000112,2,0.2,0.1
8,115,14038,14038,2025-08-27T13:14:56Z,2204.0,2204.5,1533.40123,4.8193200000000616,0.881939999999986,2,0.2,0.1
8,116,14040,14040,2025-08-27T13:14:56Z,2204.0,2204.7,1533.40123,4.8193200000000616,0.881939999999986,2,0.2,0.1
8,117,14053,14053,2025-08-27T13:14:57Z,2206.0,2206.0,1528.23071,-0.3511999999998352,4.787240000000111,2,0.2,0.1
8,118,14128,14128,2025-08-27T13:15:05Z,2213.0,2213.5,1533.9416150000002,5.359705000000304,5.523535000000265,2,0.2,0.1
8,119,14135,14135,2025-08-27T13:15:06Z,2214.0,2214.2,1534.38625,5.804340000000138,0.2701799999999821,2,0.2,0.1
8,120,14138,14138,2025-08-27T13:15:06Z,2214.0,2214.5,1535.37042,6.7885100000000875,0.9841699999999491,2,0.2,0.1
8,121,14153,14153,2025-08-27T13:15:07Z,2216.0,2216.0,1537.82714,9.24523000000022,21.74321000000009,2,0.2,0.1
8,122,14156,14156,2025-08-27T13:15:08Z,2216.0,2216.3,1537.82714,9.24523000000022,21.74321000000009,2,0.2,0.1
8,123,14165,14165,2025-08-27T13:15:09Z,2217.0,2217.2,1535.42845,6.846540000000232,1.2562400000001617,2,0.2,0.1
8,124,14168,14168,2025-08-27T13:15:09Z,2217.0,2217.5,1534.03662,5.454710000000205,1.3918300000000272,2,0.2,0.1
8,125,14177,14177,2025-08-27T13:15:10Z,2218.0,2218.4,1525.72798,-2.853929999999991,8.06993999999986,2,0.2,0.1
8,126,14180,14180,2025-08-27T13:15:10Z,2218.0,2218.7,1525.72798,-2.853929999999991,8.06993999999986,2,0.2,0.1
8,127,14184,14184,2025-08-27T13:15:11Z,2219.0,2219.1,1525.272575,-3.309334999999919,1.3861849999998412,2,0.2,0.1
8,128,14245,14245,2025-08-27T13:15:17Z,2225.0,2225.2,1525.71132,-2.870589999999993,3.247459999999819,2,0.2,0.1
8,129,14258,14258,2025-08-27T13:15:18Z,2226.0,2226.5555555555557,1534.85084,6.268930000000182,3.7077600000000075,2,0.2,0.1
8,130,14266,14266,2025-08-27T13:15:19Z,2227.0,2227.4,1533.130965,4.54905500000018,0.1256750000000011,2,0.2,0.1
8,131,14269,14269,2025-08-27T13:15:19Z,2227.0,2227.7,1533.69685,5.114940000000161,1.1428200000000288,2,0.2,0.1
8,132,14281,14281,2025-08-27T13:15:20Z,2228.0,2228.9,1538.075445,9.493535000000065,14.619064999999864,2,0.2,0.1
8,133,15956,15956,2025-08-27T13:18:19Z,2407.0,2407.9,1525.14781,-3.434099999999944,1.0146700000000237,2,0.2,0.1
9,0,9041,9041,2025-08-27T13:06:08Z,1676.0,1676.4,1534.210595,7.28970500000014,11.475145000000111,2,0.2,0.1
9,1,9130,9130,2025-08-27T13:06:17Z,1685.0,1685.5,1530.42372,3.502830000000131,2.360969999999952,2,0.2,0.1
9,2,9159,9159,2025-08-27T13:06:20Z,1688.0,1688.4,1528.19364,1.2727500000000873,11.587389999999914,2,0.2,0.1
9,3,9229,9229,2025-08-27T13:06:27Z,1695.0,1695.4,1529.5465,2.6256100000000515,13.40301999999997,2,0.2,0.1
9,4,9242,9242,2025-08-27T13:06:28Z,1696.0,1696.7,1521.9068550000002,-5.014034999999694,1.2323350000001483,2,0.2,0.1
9,5,9259,9259,2025-08-27T13:06:30Z,1698.0,1698.4,1528.24345,1.3225600000000668,8.144689999999855,2,0.2,0.1
9,6,9356,9356,2025-08-27T13:06:40Z,1708.0,1708.5555555555557,1527.93285,1.0119600000000446,5.934099999999944,2,0.2,0.1
9,7,10313,10313,2025-08-27T13:08:22Z,1810.0,1810.5,1526.2639450000001,-0.6569449999997232,3.6745950000001812,2,0.2,0.1
9,8,10412,10412,2025-08-27T13:08:32Z,1820.0,1820.6,1527.27223,0.35134000000016385,2.6756800000000567,2,0.2,0.1
9,9,10422,10422,2025-08-27T13:08:33Z,1821.0,1821.6,1536.06924,9.148350000000164,21.52249000000006,2,0.2,0.1
9,10,10531,10531,2025-08-27T13:08:44Z,1832.0,1832.6,1535.69818,8.777290000000221,12.663009999999986,2,0.2,0.1
9,11,10634,10634,2025-08-27T13:08:55Z,1843.0,1843.625,1532.43877,5.517880000000105,16.894919999999956,2,0.2,0.1
9,12,10666,10666,2025-08-27T13:08:59Z,1847.0,1847.5555555555557,1524.87994,-2.040949999999839,2.75965999999994,2,0.2,0.1
9,13,10769,10769,2025-08-27T13:09:10Z,1858.0,1858.4,1526.8418,-0.07908999999995103,1.6580799999999272,2,0.2,0.1
9,14,10831,10831,2025-08-27T13:09:16Z,1864.0,1864.6,1527.07782,0.15693000000010215,4.854119999999966,2,0.2,0.1
9,15,10841,10841,2025-08-27T13:09:17Z,1865.0,1865.6,1528.1677,1.246810000000096,11.128300000000081,2,0.2,0.1
9,16,10938,10938,2025-08-27T13:09:27Z,1875.0,1875.3,1526.82442,-0.09646999999995387,7.764029999999821,2,0.2,0.1
9,17,10948,10948,2025-08-27T13:09:28Z,1876.0,1876.3,1533.21725,6.29636000000005,18.195839999999862,2,0.2,0.1
9,18,11042,11042,2025-08-27T13:09:38Z,1886.0,1886.3333333333333,1527.33312,0.412230000000136,8.900810000000092,2,0.2,0.1
9,19,11149,11149,2025-08-27T13:09:49Z,1897.0,1897.5,1526.83425,-0.08663999999976113,9.087780000000066,2,0.2,0.1
9,20,11193,11193,2025-08-27T13:09:54Z,1902.0,1902.4,1526.67941,-0.24147999999991043,1.0703100000000632,2,0.2,0.1
9,21,11264,11264,2025-08-27T13:10:01Z,1909.0,1909.5,1534.88119,7.9603000000001884,13.570249999999987,2,0.2,0.1
9,22,11605,11605,2025-08-27T13:10:37Z,1945.0,1945.75,1535.55189,8.631000000000085,18.995779999999968,2,0.2,0.1
9,23,11648,11648,2025-08-27T13:10:42Z,1950.0,1950.7,1525.45419,-1.4666999999999462,1.3150899999998273,2,0.2,0.1
9,24,11719,11719,2025-08-27T13:10:50Z,1958.0,1958.7777777777778,1534.60101,7.680120000000215,10.779160000000047,2,0.2,0.1
9,25,11818,11818,2025-08-27T13:11:01Z,1969.0,1969.5555555555557,1527.08274,0.1618500000001859,1.6725400000000263,2,0.2,0.1
9,26,11877,11877,2025-08-27T13:11:07Z,1975.0,1975.5,1526.53663,-0.38425999999981286,8.053139999999985,2,0.2,0.1
9,27,11959,11959,2025-08-27T13:11:15Z,1983.0,1983.7,1526.25243,-0.6684599999998682,0.43299000000001797,2,0.2,0.1
9,28,12060,12060,2025-08-27T13:11:27Z,1995.0,1995.111111111111,1524.37021,-2.5506799999998293,0.22599000000013802,2,0.2,0.1
9,29,12177,12177,2025-08-27T13:11:39Z,2007.0,2007.3,1524.24665,-2.674239999999827,6.400520000000142,2,0.2,0.1
9,30,12190,12190,2025-08-27T13:11:40Z,2008.0,2008.6,1531.05055,4.129660000000058,13.476969999999937,2,0.2,0.1
9,31,12235,12235,2025-08-27T13:11:45Z,2013.0,2013.3,1524.35842,-2.5624699999998484,4.85014000000001,2,0.2,0.1
9,32,12317,12317,2025-08-27T13:11:53Z,2021.0,2021.6,1533.09203,6.17114000000015,12.424150000000054,2,0.2,0.1
9,33,12367,12367,2025-08-27T13:11:58Z,2026.0,2026.7,1525.25563,-1.665259999999762,1.5999000000001615,2,0.2,0.1
9,34,12435,12435,2025-08-27T13:12:06Z,2034.0,2034.7142857142858,1528.97239,2.0515000000000327,5.73165999999992,2,0.2,0.1
9,35,12475,12475,2025-08-27T13:12:11Z,2039.0,2039.625,1526.61142,-0.3094699999999193,4.007029999999986,2,0.2,0.1
9,36,12666,12666,2025-08-27T13:12:31Z,2059.0,2059.6,1536.97313,10.05224000000021,23.324910000000045,2,0.2,0.1
9,37,13131,13131,2025-08-27T13:13:20Z,2108.0,2108.4,1524.56125,-2.3596399999998994,6.563310000000001,2,0.2,0.1
9,38,13148,13148,2025-08-27T13:13:22Z,2110.0,2110.1,1537.36769,10.446800000000167,23.66531000000009,2,0.2,0.1
9,39,13159,13159,2025-08-27T13:13:23Z,2111.0,2111.2,1531.406465,4.4855750000001535,0.4467549999999392,2,0.2,0.1
9,40,13179,13179,2025-08-27T13:13:25Z,2113.0,2113.2,1532.53148,5.610590000000229,2.1526900000001206,2,0.2,0.1
9,41,13193,13193,2025-08-27T13:13:26Z,2114.0,2114.6,1524.18868,-2.7322099999998954,0.11710500000003776,2,0.2,0.1
9,42,13197,13197,2025-08-27T13:13:26Z,2115.0,2115.0,1525.62123,-1.2996599999999034,2.2659300000000258,2,0.2,0.1
9,43,13278,13278,2025-08-27T13:13:35Z,2123.0,2123.1,1536.88357,9.962680000000091,16.915029999999888,2,0.2,0.1
9,44,13280,13280,2025-08-27T13:13:35Z,2123.0,2123.3,1531.76828,4.847390000000132,0.6526799999999184,2,0.2,0.1
9,45,13297,13297,2025-08-27T13:13:37Z,2125.0,2125.1111111111113,1533.90949,6.988600000000133,0.11681999999996151,2,0.2,0.1
9,46,13311,13311,2025-08-27T13:13:38Z,2126.0,2126.6,1535.36654,8.445650000000114,4.2509399999999005,2,0.2,0.1
9,47,13321,13321,2025-08-27T13:13:39Z,2127.0,2127.6666666666665,1523.764325,-3.156564999999773,1.6997450000001209,2,0.2,0.1
9,48,13377,13377,2025-08-27T13:13:46Z,2134.0,2134.4444444444443,1525.173345,-1.7475449999999455,0.20348500000000058,2,0.2,0.1
9,49,13388,13388,2025-08-27T13:13:47Z,2135.0,2135.75,1532.47875,5.557860000000119,1.6864700000000994,2,0.2,0.1
9,50,13421,13421,2025-08-27T13:13:51Z,2139.0,2139.75,1535.44534,8.524450000000115,14.557579999999916,2,0.2,0.1
9,51,13432,13432,2025-08-27T13:13:52Z,2141.0,2141.0,1526.65203,-0.2688599999999042,3.6001450000001114,2,0.2,0.1
9,52,13502,13502,2025-08-27T13:14:00Z,2148.0,2148.5,1533.24041,6.319520000000239,2.173770000000104,2,0.2,0.1
9,53,13509,13509,2025-08-27T13:14:01Z,2149.0,2149.25,1532.39059,5.469700000000103,0.6358500000001186,2,0.2,0.1
9,54,13526,13526,2025-08-27T13:14:03Z,2151.0,2151.1,1533.89978,6.978890000000092,0.17133999999987282,2,0.2,0.1
9,55,13529,13529,2025-08-27T13:14:03Z,2151.0,2151.4,1533.89978,6.978890000000092,0.17133999999987282,2,0.2,0.1
9,56,13541,13541,2025-08-27T13:14:04Z,2152.0,2152.6,1535.4675,8.5466100000001,21.09276,2,0.2,0.1
9,57,13552,13552,2025-08-27T13:14:05Z,2153.0,2153.7,1524.197175,-2.7237149999998564,3.0078249999999116,2,0.2,0.1
9,58,13556,13556,2025-08-27T13:14:06Z,2154.0,2154.1,1523.59337,-3.327519999999822,0.9861499999999523,2,0.2,0.1
9,59,13631,13631,2025-08-27T13:14:13Z,2161.0,2161.6,1534.92251,8.00162000000023,7.9446100000000115,2,0.2,0.1
9,60,13638,13638,2025-08-27T13:14:14Z,2162.0,2162.3,1532.7874849999998,5.866594999999961,0.17866499999990992,2,0.2,0.1
9,61,13665,13665,2025-08-27T13:14:17Z,2165.0,2165.1,1535.54993,8.629040000000032,17.7343699999999,2,0.2,0.1
9,62,13682,13682,2025-08-27T13:14:18Z,2166.0,2166.8,1524.9807099999998,-1.9401800000000549,6.540739999999914,2,0.2,0.1
9,63,13748,13748,2025-08-27T13:14:25Z,2173.0,2173.4,1525.42716,-1.493729999999914,0.17251499999997577,2,0.2,0.1
9,64,13759,13759,2025-08-27T13:14:26Z,2174.0,2174.5,1534.65392,7.733030000000099,12.538990000000013,2,0.2,0.1
9,65,13781,13781,2025-08-27T13:14:28Z,2176.0,2176.8888888888887,1532.58566,5.66477000000009,0.6367199999999684,2,0.2,0.1
9,66,13797,13797,2025-08-27T13:14:30Z,2178.0,2178.625,1532.58085,5.659960000000183,0.23950500000023567,2,0.2,0.1
9,67,13799,13799,2025-08-27T13:14:30Z,2178.0,2178.875,1532.72525,5.804360000000088,1.825059999999894,2,0.2,0.1
9,68,13806,13806,2025-08-27T13:14:31Z,2179.0,2179.8571428571427,1525.136565,-1.7843249999998534,2.6492350000000897,2,0.2,0.1
9,69,13876,13876,2025-08-27T13:14:39Z,2187.0,2187.75,1535.12013,8.199240000000145,2.565695000000005,2,0.2,0.1
9,70,13904,13904,2025-08-27T13:14:42Z,2190.0,2190.777777777778,1535.5511,8.630210000000034,19.495009999999866,2,0.2,0.1
9,71,13921,13921,2025-08-27T13:14:44Z,2192.0,2192.5,1525.355075,-1.5658149999999296,0.45216499999992266,2,0.2,0.1
9,72,13999,13999,2025-08-27T13:14:52Z,2200.0,2200.4444444444443,1534.13291,7.212020000000166,11.677650000000085,2,0.2,0.1
9,73,14017,14017,2025-08-27T13:14:54Z,2202.0,2202.3,1532.99109,6.0702000000001135,0.3862099999998918,2,0.2,0.1
9,74,14020,14020,2025-08-27T13:14:54Z,2202.0,2202.6,1533.00271,6.081820000000107,0.39782999999988533,2,0.2,0.1
9,75,14024,14024,2025-08-27T13:14:55Z,2203.0,2203.0,1533.05321,6.132320000000163,4.880180000000109,2,0.2,0.1
9,76,14038,14038,2025-08-27T13:14:56Z,2204.0,2204.5,1532.65141,5.73052000000007,0.13211999999998625,2,0.2,0.1
9,77,14051,14051,2025-08-27T13:14:57Z,2205.0,2205.8,1526.86209,-0.05879999999979191,4.400000000000091,2,0.2,0.1
9,78,14128,14128,2025-08-27T13:15:05Z,2213.0,2213.5,1532.928915,6.008025000000089,5.217464999999947,2,0.2,0.1
9,79,14138,14138,2025-08-27T13:15:06Z,2214.0,2214.5,1534.38625,7.465360000000146,0.5403599999999642,2,0.2,0.1
9,80,14158,14158,2025-08-27T13:15:08Z,2216.0,2216.5,1535.46434,8.54345000000012,13.05934000000002,2,0.2,0.1
9,81,14165,14165,2025-08-27T13:15:09Z,2217.0,2217.2,1533.04656,6.125670000000127,0.44047999999997955,2,0.2,0.1
9,82,14168,14168,2025-08-27T13:15:09Z,2217.0,2217.5,1532.845675,5.924785000000156,0.20088499999997111,2,0.2,0.1
9,83,14245,14245,2025-08-27T13:15:17Z,2225.0,2225.2,1525.71132,-1.2095699999999852,4.814679999999953,2,0.2,0.1
9,84,14258,14258,2025-08-27T13:15:18Z,2226.0,2226.5555555555557,1534.71192,7.791030000000092,3.6676500000000942,2,0.2,0.1
9,85,14266,14266,2025-08-27T13:15:19Z,2227.0,2227.4,1532.740765,5.819875000000138,0.12192499999991924,2,0.2,0.1
9,86,14269,14269,2025-08-27T13:15:19Z,2227.0,2227.7,1533.03988,6.118990000000167,0.5448599999999715,2,0.2,0.1
10,0,9038,9038,2025-08-27T13:06:08Z,1676.0,1676.1,1534.109835,7.40366999999992,11.374385000000075,2,0.2,0.1
10,1,9048,9048,2025-08-27T13:06:09Z,1677.0,1677.1,1533.262815,6.5566499999999905,0.4389650000000529,2,0.2,0.1
10,2,9131,9131,2025-08-27T13:06:17Z,1685.0,1685.6,1529.82971,3.123544999999922,1.4394999999999527,2,0.2,0.1
10,3,9148,9148,2025-08-27T13:06:19Z,1687.0,1687.3,1526.69268,-0.013484999999946012,0.5405399999999645,2,0.2,0.1
10,4,9151,9151,2025-08-27T13:06:19Z,1687.0,1687.6,1526.7185450000002,0.012380000000121072,1.1069450000002234,2,0.2,0.1
10,5,9159,9159,2025-08-27T13:06:20Z,1688.0,1688.4,1527.73683,1.030664999999999,2.2419400000001133,2,0.2,0.1
10,6,9229,9229,2025-08-27T13:06:27Z,1695.0,1695.4,1528.94872,2.2425550000000385,12.342470000000048,2,0.2,0.1
10,7,9240,9240,2025-08-27T13:06:28Z,1696.0,1696.5,1520.3858300000002,-6.320334999999886,0.2886900000000878,2,0.2,0.1
10,8,9242,9242,2025-08-27T13:06:28Z,1696.0,1696.7,1520.95444,-5.751725000000079,0.8572999999998956,2,0.2,0.1
10,9,9259,9259,2025-08-27T13:06:30Z,1698.0,1698.4,1527.83583,1.1296649999999318,6.653810000000021,2,0.2,0.1
10,10,10313,10313,2025-08-27T13:08:22Z,1810.0,1810.5,1528.81195,2.105784999999969,7.058150000000069,2,0.2,0.1
10,11,10422,10422,2025-08-27T13:08:33Z,1821.0,1821.6,1534.37814,7.671974999999975,17.60006999999996,2,0.2,0.1
10,12,10634,10634,2025-08-27T13:08:55Z,1843.0,1843.625,1530.7736,4.067434999999932,7.73842999999988,2,0.2,0.1
10,13,10767,10767,2025-08-27T13:09:10Z,1858.0,1858.2,1526.53106,-0.1751050000000305,0.6423600000000533,2,0.2,0.1
10,14,10841,10841,2025-08-27T13:09:17Z,1865.0,1865.6,1526.58501,-0.12115500000004431,7.2169900000001235,2,0.2,0.1
10,15,10951,10951,2025-08-27T13:09:28Z,1876.0,1876.6,1528.55765,1.8514849999999115,11.474699999999984,2,0.2,0.1
10,16,11044,11044,2025-08-27T13:09:38Z,1886.0,1886.5555555555557,1526.9515,0.24533499999984087,2.839949999999817,2,0.2,0.1
10,17,11191,11191,2025-08-27T13:09:54Z,1902.0,1902.2,1526.30453,-0.401634999999942,0.9642900000001191,2,0.2,0.1
10,18,11264,11264,2025-08-27T13:10:01Z,1909.0,1909.5,1534.22706,7.520894999999882,12.916119999999864,2,0.2,0.1
10,19,11605,11605,2025-08-27T13:10:37Z,1945.0,1945.75,1535.52446,8.818295000000035,18.9683500000001,2,0.2,0.1
10,20,11719,11719,2025-08-27T13:10:50Z,1958.0,1958.7777777777778,1534.60101,7.894845000000032,10.779160000000047,2,0.2,0.1
10,21,11818,11818,2025-08-27T13:11:01Z,1969.0,1969.5555555555557,1527.08274,0.37657500000000255,2.7841399999999794,2,0.2,0.1
10,22,11948,11948,2025-08-27T13:11:14Z,1982.0,1982.6,1524.51923,-2.1869349999999486,6.335840000000189,2,0.2,0.1
10,23,12190,12190,2025-08-27T13:11:40Z,2008.0,2008.6,1530.83234,4.126174999999876,14.225549999999885,2,0.2,0.1
10,24,12317,12317,2025-08-27T13:11:53Z,2021.0,2021.6,1532.54904,5.842875000000049,9.944650000000138,2,0.2,0.1
10,25,12435,12435,2025-08-27T13:12:06Z,2034.0,2034.7142857142858,1528.50086,1.794695000000047,5.890510000000177,2,0.2,0.1
10,26,12666,12666,2025-08-27T13:12:31Z,2059.0,2059.6,1535.40076,8.694594999999936,12.059580000000096,2,0.2,0.1
10,27,13148,13148,2025-08-27T13:13:22Z,2110.0,2110.1,1535.82456,9.118394999999964,20.775139999999965,2,0.2,0.1
10,28,13183,13183,2025-08-27T13:13:25Z,2113.0,2113.6,1531.21368,4.507515000000012,0.28828999999996086,2,0.2,0.1
10,29,13278,13278,2025-08-27T13:13:35Z,2123.0,2123.1,1535.43845,8.732285000000047,17.318680000000086,2,0.2,0.1
10,30,13280,13280,2025-08-27T13:13:35Z,2123.0,2123.3,1531.43646,4.730294999999842,0.4675799999999981,2,0.2,0.1
10,31,13284,13284,2025-08-27T13:13:35Z,2123.0,2123.7,1531.468025,4.761859999999842,0.4070850000000519,2,0.2,0.1
10,32,13296,13296,2025-08-27T13:13:36Z,2125.0,2125.0,1533.17424,6.468074999999999,0.13205000000016298,2,0.2,0.1
10,33,13305,13305,2025-08-27T13:13:37Z,2126.0,2126.0,1534.4704,7.764234999999871,3.5646500000000287,2,0.2,0.1
10,34,13321,13321,2025-08-27T13:13:39Z,2127.0,2127.6666666666665,1523.67251,-3.0336549999999534,1.607930000000124,2,0.2,0.1
10,35,13377,13377,2025-08-27T13:13:46Z,2134.0,2134.4444444444443,1523.8920899999998,-2.81407500000023,0.23501999999984946,2,0.2,0.1
10,36,13388,13388,2025-08-27T13:13:47Z,2135.0,2135.75,1531.09379,4.387624999999844,0.7251599999999598,2,0.2,0.1
10,37,13405,13405,2025-08-27T13:13:49Z,2137.0,2137.75,1531.0467899999999,4.340624999999818,0.6049899999998161,2,0.2,0.1
10,38,13419,13419,2025-08-27T13:13:51Z,2139.0,2139.5,1532.58011,5.873945000000049,0.16547000000014123,2,0.2,0.1
10,39,13421,13421,2025-08-27T13:13:51Z,2139.0,2139.75,1533.6825,6.976334999999835,12.79473999999982,2,0.2,0.1
10,40,13502,13502,2025-08-27T13:14:00Z,2148.0,2148.5,1532.70343,5.99726499999997,1.7265350000000126,2,0.2,0.1
10,41,13509,13509,2025-08-27T13:14:01Z,2149.0,2149.25,1531.23297,4.5268049999999675,0.14186000000017884,2,0.2,0.1
10,42,13529,13529,2025-08-27T13:14:03Z,2151.0,2151.4,1533.85301,7.146844999999985,0.12456999999994878,2,0.2,0.1
10,43,13536,13536,2025-08-27T13:14:04Z,2152.0,2152.1,1533.87899,7.172824999999875,21.46956,2,0.2,0.1
10,44,13554,13554,2025-08-27T13:14:05Z,2153.0,2153.9,1525.78713,-0.9190350000001217,5.167299999999841,2,0.2,0.1
10,45,13631,13631,2025-08-27T13:14:13Z,2161.0,2161.6,1534.79958,8.09341500000005,7.821680000000015,2,0.2,0.1
10,46,13664,13664,2025-08-27T13:14:16Z,2165.0,2165.0,1535.47451,8.768344999999954,19.283089999999902,2,0.2,0.1
10,47,13681,13681,2025-08-27T13:14:18Z,2166.0,2166.7,1524.9807099999998,-1.7254550000002382,8.550869999999804,2,0.2,0.1
10,48,13759,13759,2025-08-27T13:14:26Z,2174.0,2174.5,1534.36765,7.661484999999857,13.568009999999958,2,0.2,0.1
10,49,13777,13777,2025-08-27T13:14:28Z,2176.0,2176.4444444444443,1531.8,5.093834999999899,0.7840499999999793,2,0.2,0.1
10,50,13779,13779,2025-08-27T13:14:28Z,2176.0,2176.6666666666665,1532.58405,5.877884999999878,1.5680999999999585,2,0.2,0.1
10,51,13783,13783,2025-08-27T13:14:29Z,2177.0,2177.1,1532.4676100000001,5.761445000000094,0.6152200000001358,2,0.2,0.1
10,52,13793,13793,2025-08-27T13:14:30Z,2178.0,2178.125,1532.58054,5.874374999999873,1.6172599999999875,2,0.2,0.1
10,53,13799,13799,2025-08-27T13:14:30Z,2178.0,2178.875,1531.23067,4.524504999999863,0.11368499999980486,2,0.2,0.1
10,54,13806,13806,2025-08-27T13:14:31Z,2179.0,2179.8571428571427,1525.08513,-1.62103500000012,2.970199999999977,2,0.2,0.1
10,55,13876,13876,2025-08-27T13:14:39Z,2187.0,2187.75,1535.16798,8.461814999999888,3.4312199999999393,2,0.2,0.1
10,56,13894,13894,2025-08-27T13:14:41Z,2189.0,2189.6666666666665,1535.4199,8.713735000000042,1.3312000000000808,2,0.2,0.1
10,57,13897,13897,2025-08-27T13:14:42Z,2190.0,2190.0,1534.38572,7.679554999999937,0.29701999999997497,2,0.2,0.1
10,58,13913,13913,2025-08-27T13:14:43Z,2191.0,2191.7,1535.52411,8.817945000000009,19.468020000000024,2,0.2,0.1
10,59,13999,13999,2025-08-27T13:14:52Z,2200.0,2200.4444444444443,1532.89365,6.187484999999924,10.488650000000007,2,0.2,0.1
10,60,14021,14021,2025-08-27T13:14:54Z,2202.0,2202.7,1532.6442,5.9380349999999,5.74054000000001,2,0.2,0.1
10,61,14038,14038,2025-08-27T13:14:56Z,2204.0,2204.5,1532.45252,5.746354999999994,1.3567800000000716,2,0.2,0.1
10,62,14040,14040,2025-08-27T13:14:56Z,2204.0,2204.7,1532.45252,5.746354999999994,1.3567800000000716,2,0.2,0.1
10,63,14051,14051,2025-08-27T13:14:57Z,2205.0,2205.8,1526.5629,-0.14326500000015585,4.10080999999991,2,0.2,0.1
10,64,14128,14128,2025-08-27T13:15:05Z,2213.0,2213.5,1532.55872,5.8525549999999384,9.52206000000001,2,0.2,0.1
10,65,14135,14135,2025-08-27T13:15:06Z,2214.0,2214.2,1534.18494,7.4787750000000415,12.192650000000185,2,0.2,0.1
10,66,14144,14144,2025-08-27T13:15:07Z,2215.0,2215.1,1533.86952,7.16335499999991,0.7483299999998962,2,0.2,0.1
10,67,14156,14156,2025-08-27T13:15:08Z,2216.0,2216.3,1533.86135,7.155184999999847,0.847189999999955,2,0.2,0.1
10,68,14165,14165,2025-08-27T13:15:09Z,2217.0,2217.2,1532.70125,5.995085000000017,0.15283999999996922,2,0.2,0.1
10,69,14245,14245,2025-08-27T13:15:17Z,2225.0,2225.2,1524.45225,-2.2539150000000063,3.555610000000115,2,0.2,0.1
10,70,14258,14258,2025-08-27T13:15:18Z,2226.0,2226.5555555555557,1533.28719,6.581024999999954,2.7161000000000968,2,0.2,0.1
10,71,14268,14268,2025-08-27T13:15:19Z,2227.0,2227.6,1532.5684,5.862235000000055,1.441200000000208,2,0.2,0.1
11,0,9048,9048,2025-08-27T13:06:09Z,1677.0,1677.1,1532.81745,7.372675000000072,10.722440000000006,2,0.2,0.1
11,1,9131,9131,2025-08-27T13:06:17Z,1685.0,1685.6,1529.05329,3.608515000000125,2.2005900000001475,2,0.2,0.1
11,2,9134,9134,2025-08-27T13:06:17Z,1685.0,1685.9,1528.04533,2.6005549999999857,0.13285999999993692,2,0.2,0.1
11,3,9152,9152,2025-08-27T13:06:19Z,1687.0,1687.7,1526.42893,0.9841550000001007,1.0417600000000675,2,0.2,0.1
11,4,9229,9229,2025-08-27T13:06:27Z,1695.0,1695.4,1530.80927,5.3644950000000335,15.759849999999915,2,0.2,0.1
11,5,9241,9241,2025-08-27T13:06:28Z,1696.0,1696.6,1521.81174,-3.633034999999836,1.1372200000000703,2,0.2,0.1
11,6,9259,9259,2025-08-27T13:06:30Z,1698.0,1698.4,1526.46011,1.01533500000005,6.93109000000004,2,0.2,0.1
11,7,10422,10422,2025-08-27T13:08:33Z,1821.0,1821.6,1534.22767,8.782895000000053,17.997820000000047,2,0.2,0.1
11,8,10634,10634,2025-08-27T13:08:55Z,1843.0,1843.625,1530.07525,4.63047500000016,7.456350000000157,2,0.2,0.1
11,9,10841,10841,2025-08-27T13:09:17Z,1865.0,1865.6,1526.46372,1.0189450000000306,7.095700000000079,2,0.2,0.1
11,10,10951,10951,2025-08-27T13:09:28Z,1876.0,1876.6,1528.19424,2.7494650000001,11.416169999999966,2,0.2,0.1
11,11,11044,11044,2025-08-27T13:09:38Z,1886.0,1886.5555555555557,1525.68555,0.24077499999998508,1.5739999999998417,2,0.2,0.1
11,12,11191,11191,2025-08-27T13:09:54Z,1902.0,1902.2,1525.9666,0.5218250000000353,5.973349999999982,2,0.2,0.1
11,13,11605,11605,2025-08-27T13:10:37Z,1945.0,1945.75,1535.52446,10.079685000000154,19.46837000000005,2,0.2,0.1
11,14,11719,11719,2025-08-27T13:10:50Z,1958.0,1958.7777777777778,1533.06909,7.624315000000024,10.692279999999982,2,0.2,0.1
11,15,11818,11818,2025-08-27T13:11:01Z,1969.0,1969.5555555555557,1525.92853,0.48375499999997373,1.6299299999998311,2,0.2,0.1
11,16,11948,11948,2025-08-27T13:11:14Z,1982.0,1982.6,1524.18304,-1.2617350000000442,6.566609999999855,2,0.2,0.1
11,17,12190,12190,2025-08-27T13:11:40Z,2008.0,2008.6,1530.83234,5.387564999999995,8.60696999999982,2,0.2,0.1
11,18,12666,12666,2025-08-27T13:12:31Z,2059.0,2059.6,1532.56795,7.123175000000174,9.226770000000215,2,0.2,0.1
11,19,13143,13143,2025-08-27T13:13:21Z,2109.0,2109.6,1534.76759,9.322814999999991,11.760350000000017,2,0.2,0.1
11,20,13276,13276,2025-08-27T13:13:34Z,2122.0,2122.9,1535.43845,9.993675000000167,15.454760000000078,2,0.2,0.1
11,21,13309,13309,2025-08-27T13:13:38Z,2126.0,2126.4,1534.392325,8.947550000000092,3.658535000000029,2,0.2,0.1
11,22,13311,13311,2025-08-27T13:13:38Z,2126.0,2126.6,1534.392325,8.947550000000092,3.658535000000029,2,0.2,0.1
11,23,13388,13388,2025-08-27T13:13:47Z,2135.0,2135.75,1531.09379,5.649014999999963,0.12951999999995678,2,0.2,0.1
11,24,13412,13412,2025-08-27T13:13:50Z,2138.0,2138.625,1532.535135,7.090360000000146,0.18914500000028056,2,0.2,0.1
11,25,13421,13421,2025-08-27T13:13:51Z,2139.0,2139.75,1533.6825,8.237724999999955,12.067529999999806,2,0.2,0.1
11,26,13504,13504,2025-08-27T13:14:00Z,2148.0,2148.7,1530.91091,5.466135000000122,0.1769000000001597,2,0.2,0.1
11,27,13530,13530,2025-08-27T13:14:03Z,2151.0,2151.5,1533.2182,7.773425000000088,0.18200999999999112,2,0.2,0.1
11,28,13535,13535,2025-08-27T13:14:03Z,2152.0,2152.0,1533.65708,8.212305000000015,13.641309999999976,2,0.2,0.1
11,29,13631,13631,2025-08-27T13:14:13Z,2161.0,2161.6,1534.39967,8.954895000000079,7.86859000000004,2,0.2,0.1
11,30,13653,13653,2025-08-27T13:14:15Z,2163.0,2163.8888888888887,1535.29693,9.852155000000039,0.7938699999999699,2,0.2,0.1
11,31,13664,13664,2025-08-27T13:14:16Z,2165.0,2165.0,1535.47451,10.029735000000073,18.951639999999998,2,0.2,0.1
11,32,13671,13671,2025-08-27T13:14:17Z,2165.0,2165.7,1535.32665,9.881875000000036,0.7426900000000387,2,0.2,0.1
11,33,13681,13681,2025-08-27T13:14:18Z,2166.0,2166.7,1523.94397,-1.5008049999999002,7.514130000000023,2,0.2,0.1
11,34,13759,13759,2025-08-27T13:14:26Z,2174.0,2174.5,1534.36765,8.922874999999976,13.929059999999936,2,0.2,0.1
11,35,13779,13779,2025-08-27T13:14:28Z,2176.0,2176.6666666666665,1532.03039,6.585614999999962,0.5029199999999037,2,0.2,0.1
11,36,13783,13783,2025-08-27T13:14:29Z,2177.0,2177.1,1532.243085,6.798310000000129,2.416065000000117,2,0.2,0.1
11,37,13790,13790,2025-08-27T13:14:29Z,2177.0,2177.8,1531.16989,5.72511499999996,0.22638999999981024,2,0.2,0.1
11,38,13806,13806,2025-08-27T13:14:31Z,2179.0,2179.8571428571427,1525.08513,-0.35964500000000044,4.285489999999982,2,0.2,0.1
11,39,13877,13877,2025-08-27T13:14:39Z,2187.0,2187.875,1534.36045,8.915674999999965,3.42861999999991,2,0.2,0.1
11,40,13896,13896,2025-08-27T13:14:41Z,2189.0,2189.8888888888887,1534.0887,8.643925000000081,0.28206999999997606,2,0.2,0.1
11,41,13912,13912,2025-08-27T13:14:43Z,2191.0,2191.6,1535.47988,10.035105000000158,19.288459999999986,2,0.2,0.1
11,42,13999,13999,2025-08-27T13:14:52Z,2200.0,2200.4444444444443,1532.23407,6.789295000000038,6.381640000000061,2,0.2,0.1
11,43,14017,14017,2025-08-27T13:14:54Z,2202.0,2202.3,1532.52058,7.075805000000173,1.3598500000000513,2,0.2,0.1
11,44,14021,14021,2025-08-27T13:14:54Z,2202.0,2202.7,1532.58479,7.140015000000176,1.424060000000054,2,0.2,0.1
11,45,14024,14024,2025-08-27T13:14:55Z,2203.0,2203.0,1532.61042,7.1656450000000405,10.626410000000078,2,0.2,0.1
11,46,14038,14038,2025-08-27T13:14:56Z,2204.0,2204.5,1531.25216,5.8073850000000675,0.2761800000000676,2,0.2,0.1
11,47,14040,14040,2025-08-27T13:14:56Z,2204.0,2204.7,1531.25216,5.8073850000000675,0.2761800000000676,2,0.2,0.1
11,48,14128,14128,2025-08-27T13:15:05Z,2213.0,2213.5,1532.55872,7.113945000000058,9.700900000000047,2,0.2,0.1
11,49,14134,14134,2025-08-27T13:15:06Z,2214.0,2214.1,1532.99678,7.552005000000008,0.38675999999986743,2,0.2,0.1
11,50,14138,14138,2025-08-27T13:15:06Z,2214.0,2214.5,1532.99305,7.548275000000103,0.38302999999996246,2,0.2,0.1
11,51,14144,14144,2025-08-27T13:15:07Z,2215.0,2215.1,1533.84201,8.397235000000137,13.457980000000134,2,0.2,0.1
11,52,14156,14156,2025-08-27T13:15:08Z,2216.0,2216.3,1533.0452,7.600425000000087,0.39312999999992826,2,0.2,0.1
11,53,14245,14245,2025-08-27T13:15:17Z,2225.0,2225.2,1524.20507,-1.239704999999958,3.308430000000044,2,0.2,0.1
11,54,14258,14258,2025-08-27T13:15:18Z,2226.0,2226.5555555555557,1532.84021,7.395435000000134,2.901745000000119,2,0.2,0.1
11,55,14268,14268,2025-08-27T13:15:19Z,2227.0,2227.6,1532.53486,7.090085000000045,1.5479299999999512,2,0.2,0.1
11,56,14277,14277,2025-08-27T13:15:20Z,2228.0,2228.5,1532.18473,6.739955000000009,1.0821399999999812,2,0.2,0.1
11,57,14280,14280,2025-08-27T13:15:20Z,2228.0,2228.8,1532.56109,7.116314999999986,1.4584999999999582,2,0.2,0.1
12,0,9132,9132,2025-08-27T13:06:17Z,1685.0,1685.7,1528.91476,4.763999999999896,4.9375199999999495,2,0.2,0.1
12,1,9145,9145,2025-08-27T13:06:18Z,1687.0,1687.0,1525.160605,1.0098450000000412,0.6856550000002244,2,0.2,0.1
12,2,9148,9148,2025-08-27T13:06:19Z,1687.0,1687.3,1525.46734,1.3165799999999308,1.4042299999998704,2,0.2,0.1
12,3,9152,9152,2025-08-27T13:06:19Z,1687.0,1687.7,1525.48351,1.3327500000000327,1.4298599999999624,2,0.2,0.1
12,4,9229,9229,2025-08-27T13:06:27Z,1695.0,1695.4,1530.80927,6.658509999999978,8.870259999999917,2,0.2,0.1
12,5,9240,9240,2025-08-27T13:06:28Z,1696.0,1696.5,1520.36939,-3.7813699999999244,0.7586750000000393,2,0.2,0.1
12,6,9321,9321,2025-08-27T13:06:36Z,1704.0,1704.6666666666667,1525.13817,0.9874099999999544,5.937239999999974,2,0.2,0.1
12,7,10422,10422,2025-08-27T13:08:33Z,1821.0,1821.6,1534.22767,10.076909999999998,17.44959999999992,2,0.2,0.1
12,8,10634,10634,2025-08-27T13:08:55Z,1843.0,1843.625,1530.07525,5.924490000000105,7.838540000000194,2,0.2,0.1
12,9,10831,10831,2025-08-27T13:09:16Z,1864.0,1864.6,1524.95654,0.8057799999999133,5.699399999999969,2,0.2,0.1
12,10,10951,10951,2025-08-27T13:09:28Z,1876.0,1876.6,1526.2382,2.087440000000015,6.796970000000101,2,0.2,0.1
12,11,11254,11254,2025-08-27T13:10:00Z,1908.0,1908.5,1524.76718,0.6164200000000619,1.2884599999999864,2,0.2,0.1
12,12,11605,11605,2025-08-27T13:10:37Z,1945.0,1945.75,1534.32399,10.173230000000103,17.716880000000174,2,0.2,0.1
12,13,11719,11719,2025-08-27T13:10:50Z,1958.0,1958.7777777777778,1532.58792,8.437159999999949,10.211109999999962,2,0.2,0.1
12,14,11818,11818,2025-08-27T13:11:01Z,1969.0,1969.5555555555557,1525.37744,1.2266799999999876,2.8678299999999126,2,0.2,0.1
12,15,12666,12666,2025-08-27T13:12:31Z,2059.0,2059.6,1532.47912,8.328359999999975,10.050520000000006,2,0.2,0.1
12,16,13143,13143,2025-08-27T13:13:21Z,2109.0,2109.6,1534.50832,10.357559999999921,4.716875000000073,2,0.2,0.1
12,17,13179,13179,2025-08-27T13:13:25Z,2113.0,2113.2,1531.14451,6.993750000000091,0.21082000000001244,2,0.2,0.1
12,18,13276,13276,2025-08-27T13:13:34Z,2122.0,2122.9,1535.13582,10.985059999999976,16.23162000000002,2,0.2,0.1
12,19,13312,13312,2025-08-27T13:13:38Z,2126.0,2126.7,1534.21142,10.060660000000098,3.2367000000001553,2,0.2,0.1
12,20,13419,13419,2025-08-27T13:13:51Z,2139.0,2139.5,1532.51211,8.361349999999902,0.46988499999997657,2,0.2,0.1
12,21,13421,13421,2025-08-27T13:13:51Z,2139.0,2139.75,1533.07497,8.924209999999903,12.608119999999872,2,0.2,0.1
12,22,13526,13526,2025-08-27T13:14:03Z,2151.0,2151.1,1532.6873,8.536540000000059,0.1405099999999493,2,0.2,0.1
12,23,13529,13529,2025-08-27T13:14:03Z,2151.0,2151.4,1532.6873,8.536540000000059,0.1405099999999493,2,0.2,0.1
12,24,13535,13535,2025-08-27T13:14:03Z,2152.0,2152.0,1532.89629,8.745529999999917,6.83522999999991,2,0.2,0.1
12,25,13631,13631,2025-08-27T13:14:13Z,2161.0,2161.6,1532.87887,8.728110000000015,0.37942999999995664,2,0.2,0.1
12,26,13646,13646,2025-08-27T13:14:15Z,2163.0,2163.1111111111113,1533.7792,9.628439999999955,0.6411299999999756,2,0.2,0.1
12,27,13650,13650,2025-08-27T13:14:15Z,2163.0,2163.5555555555557,1533.67732,9.526560000000018,0.5168499999999767,2,0.2,0.1
12,28,13653,13653,2025-08-27T13:14:15Z,2163.0,2163.8888888888887,1534.40766,10.256900000000087,0.5237500000000637,2,0.2,0.1
12,29,13656,13656,2025-08-27T13:14:16Z,2164.0,2164.2,1534.40766,10.256900000000087,0.5237500000000637,2,0.2,0.1
12,30,13659,13659,2025-08-27T13:14:16Z,2164.0,2164.5,1534.39851,10.247749999999996,0.5126900000000205,2,0.2,0.1
12,31,13671,13671,2025-08-27T13:14:17Z,2165.0,2165.7,1535.19416,11.04340000000002,19.476789999999937,2,0.2,0.1
12,32,13759,13759,2025-08-27T13:14:26Z,2174.0,2174.5,1532.93475,8.783989999999903,12.496159999999918,2,0.2,0.1
12,33,13779,13779,2025-08-27T13:14:28Z,2176.0,2176.6666666666665,1531.69677,7.546010000000024,0.655809999999974,2,0.2,0.1
12,34,13783,13783,2025-08-27T13:14:29Z,2177.0,2177.1,1532.06852,7.917760000000044,1.3502200000000357,2,0.2,0.1
12,35,13797,13797,2025-08-27T13:14:30Z,2178.0,2178.625,1531.02673,6.875970000000052,1.1837850000001708,2,0.2,0.1
12,36,13799,13799,2025-08-27T13:14:30Z,2178.0,2178.875,1531.02673,6.875970000000052,1.1837850000001708,2,0.2,0.1
12,37,13806,13806,2025-08-27T13:14:31Z,2179.0,2179.8571428571427,1524.14001,-0.010749999999916326,3.340370000000121,2,0.2,0.1
12,38,13881,13881,2025-08-27T13:14:40Z,2188.0,2188.3,1533.23961,9.088850000000093,0.1369400000000951,2,0.2,0.1
12,39,13894,13894,2025-08-27T13:14:41Z,2189.0,2189.6666666666665,1533.8402,9.689440000000104,0.8019100000001345,2,0.2,0.1
12,40,13905,13905,2025-08-27T13:14:42Z,2190.0,2190.8888888888887,1534.15504,10.004280000000108,0.2660400000002028,2,0.2,0.1
12,41,13914,13914,2025-08-27T13:14:43Z,2191.0,2191.8,1534.84007,10.689309999999978,18.64864999999986,2,0.2,0.1
12,42,14016,14016,2025-08-27T13:14:54Z,2202.0,2202.2,1531.8097050000001,7.658945000000131,0.7135350000000926,2,0.2,0.1
12,43,14024,14024,2025-08-27T13:14:55Z,2203.0,2203.0,1532.53859,8.387830000000122,10.554580000000215,2,0.2,0.1
12,44,14134,14134,2025-08-27T13:15:06Z,2214.0,2214.1,1532.64843,8.497669999999971,0.12627999999995154,2,0.2,0.1
12,45,14138,14138,2025-08-27T13:15:06Z,2214.0,2214.5,1532.64843,8.497669999999971,0.12627999999995154,2,0.2,0.1
12,46,14141,14141,2025-08-27T13:15:06Z,2214.0,2214.8,1532.76797,8.617210000000114,12.776990000000069,2,0.2,0.1
12,47,14165,14165,2025-08-27T13:15:09Z,2217.0,2217.2,1532.44442,8.293660000000045,1.2812599999999748,2,0.2,0.1
12,48,14168,14168,2025-08-27T13:15:09Z,2217.0,2217.5,1531.74179,7.591030000000046,0.7026299999999992,2,0.2,0.1
12,49,14258,14258,2025-08-27T13:15:18Z,2226.0,2226.5555555555557,1532.56329,8.41253000000006,3.6350700000000415,2,0.2,0.1
12,50,14266,14266,2025-08-27T13:15:19Z,2227.0,2227.4,1532.46384,8.3130799999999,0.6523349999999937,2,0.2,0.1
12,51,14270,14270,2025-08-27T13:15:19Z,2227.0,2227.8,1532.49668,8.345919999999978,1.5306499999999232,2,0.2,0.1
13,0,9145,9145,2025-08-27T13:06:18Z,1687.0,1687.0,1524.04338,0.366465000000062,0.13738000000012107,2,0.2,0.1
13,1,9148,9148,2025-08-27T13:06:19Z,1687.0,1687.3,1524.18076,0.5038449999999557,0.2974050000000261,2,0.2,0.1
13,2,9152,9152,2025-08-27T13:06:19Z,1687.0,1687.7,1524.18662,0.5097049999999399,0.6119599999999537,2,0.2,0.1
13,3,9237,9237,2025-08-27T13:06:28Z,1696.0,1696.2,1520.33706,-3.339854999999943,0.1459500000000844,2,0.2,0.1
13,4,9321,9321,2025-08-27T13:06:36Z,1704.0,1704.6666666666667,1525.13817,1.4612549999999374,5.937239999999974,2,0.2,0.1
13,5,10634,10634,2025-08-27T13:08:55Z,1843.0,1843.625,1529.4723,5.7953849999998965,13.177429999999958,2,0.2,0.1
13,6,10841,10841,2025-08-27T13:09:17Z,1865.0,1865.6,1523.83387,0.15695499999992535,6.084239999999909,2,0.2,0.1
13,7,10951,10951,2025-08-27T13:09:28Z,1876.0,1876.6,1526.2382,2.561284999999998,6.796970000000101,2,0.2,0.1
13,8,11191,11191,2025-08-27T13:09:54Z,1902.0,1902.2,1523.80337,0.12645500000007814,0.9429700000000594,2,0.2,0.1
13,9,11605,11605,2025-08-27T13:10:37Z,1945.0,1945.75,1533.8963,10.219385000000102,13.361370000000079,2,0.2,0.1
13,10,11818,11818,2025-08-27T13:11:01Z,1969.0,1969.5555555555557,1523.84768,0.170765000000074,2.677430000000186,2,0.2,0.1
13,11,12002,12002,2025-08-27T13:11:20Z,1988.0,1988.375,1523.27167,-0.4052449999999226,0.5852300000001378,2,0.2,0.1
13,12,12666,12666,2025-08-27T13:12:31Z,2059.0,2059.6,1532.47912,8.802204999999958,10.25242000000003,2,0.2,0.1
13,13,13143,13143,2025-08-27T13:13:21Z,2109.0,2109.6,1534.50832,10.831404999999904,20.46293999999989,2,0.2,0.1
13,14,13276,13276,2025-08-27T13:13:34Z,2122.0,2122.9,1532.53903,8.862114999999903,1.359079999999949,2,0.2,0.1
13,15,13294,13294,2025-08-27T13:13:36Z,2124.0,2124.777777777778,1532.43652,8.759604999999965,0.6095950000001267,2,0.2,0.1
13,16,13296,13296,2025-08-27T13:13:36Z,2125.0,2125.0,1532.43652,8.759604999999965,0.6104900000000271,2,0.2,0.1
13,17,13312,13312,2025-08-27T13:13:38Z,2126.0,2126.7,1534.21142,10.534505000000081,3.315650000000005,2,0.2,0.1
13,18,13412,13412,2025-08-27T13:13:50Z,2138.0,2138.625,1531.16411,7.487194999999929,0.10978000000000065,2,0.2,0.1
13,19,13420,13420,2025-08-27T13:13:51Z,2139.0,2139.625,1532.48462,8.807704999999942,12.017769999999928,2,0.2,0.1
13,20,13520,13520,2025-08-27T13:14:02Z,2150.0,2150.5,1531.752455,8.075540000000046,0.701575000000048,2,0.2,0.1
13,21,13529,13529,2025-08-27T13:14:03Z,2151.0,2151.4,1532.57038,8.893464999999878,7.6599999999998545,2,0.2,0.1
13,22,13647,13647,2025-08-27T13:14:15Z,2163.0,2163.222222222222,1533.17685,9.49993500000005,0.5053100000000086,2,0.2,0.1
13,23,13650,13650,2025-08-27T13:14:15Z,2163.0,2163.5555555555557,1533.23505,9.558134999999993,0.5635099999999511,2,0.2,0.1
13,24,13665,13665,2025-08-27T13:14:17Z,2165.0,2165.1,1533.89492,10.218004999999948,14.99072000000001,2,0.2,0.1
13,25,13671,13671,2025-08-27T13:14:17Z,2165.0,2165.7,1533.72044,10.043525000000045,0.3228149999999914,2,0.2,0.1
13,26,13780,13780,2025-08-27T13:14:28Z,2176.0,2176.777777777778,1532.00658,8.329664999999977,11.567990000000009,2,0.2,0.1
13,27,13787,13787,2025-08-27T13:14:29Z,2177.0,2177.5,1531.02015,7.34323500000005,1.188425000000052,2,0.2,0.1
13,28,13791,13791,2025-08-27T13:14:29Z,2177.0,2177.9,1531.00523,7.328314999999975,1.2504099999998743,2,0.2,0.1
13,29,13799,13799,2025-08-27T13:14:30Z,2178.0,2178.875,1529.93622,6.25930500000004,1.1887400000000525,2,0.2,0.1
13,30,13877,13877,2025-08-27T13:14:39Z,2187.0,2187.875,1532.65555,8.97863499999994,0.11626000000001113,2,0.2,0.1
13,31,13893,13893,2025-08-27T13:14:41Z,2189.0,2189.5555555555557,1533.05629,9.379374999999982,0.39485999999988053,2,0.2,0.1
13,32,13904,13904,2025-08-27T13:14:42Z,2190.0,2190.777777777778,1534.09635,10.419435000000021,19.25446000000011,2,0.2,0.1
13,33,13912,13912,2025-08-27T13:14:43Z,2191.0,2191.6,1533.889,10.212084999999888,0.8110799999999472,2,0.2,0.1
13,34,14013,14013,2025-08-27T13:14:53Z,2201.0,2201.9,1531.12486,7.447944999999891,0.14752999999996064,2,0.2,0.1
13,35,14024,14024,2025-08-27T13:14:55Z,2203.0,2203.0,1531.13379,7.456875000000082,10.4846,2,0.2,0.1
13,36,14038,14038,2025-08-27T13:14:56Z,2204.0,2204.5,1530.98389,7.306974999999966,0.5277799999998933,2,0.2,0.1
13,37,14040,14040,2025-08-27T13:14:56Z,2204.0,2204.7,1531.07326,7.396344999999883,1.2586899999998877,2,0.2,0.1
13,38,14134,14134,2025-08-27T13:15:06Z,2214.0,2214.1,1532.47886,8.801944999999932,0.6584199999999782,2,0.2,0.1
13,39,14159,14159,2025-08-27T13:15:08Z,2216.0,2216.6,1532.59177,8.914854999999989,12.207740000000058,2,0.2,0.1
13,40,14165,14165,2025-08-27T13:15:09Z,2217.0,2217.2,1531.28793,7.611014999999952,0.2798499999998967,2,0.2,0.1
13,41,14168,14168,2025-08-27T13:15:09Z,2217.0,2217.5,1531.1635449999999,7.486629999999877,0.12438499999984742,2,0.2,0.1
13,42,14265,14265,2025-08-27T13:15:19Z,2227.0,2227.3,1531.251585,7.574669999999969,1.3681349999999384,2,0.2,0.1
14,0,9149,9149,2025-08-27T13:06:19Z,1687.0,1687.4,1524.18076,0.005010000000083892,0.3450800000000527,2,0.2,0.1
14,1,9151,9151,2025-08-27T13:06:19Z,1687.0,1687.6,1524.18662,0.010870000000068103,1.0979800000000068,2,0.2,0.1
14,2,9321,9321,2025-08-27T13:06:36Z,1704.0,1704.6666666666667,1523.04889,-1.1268599999998514,5.299260000000004,2,0.2,0.1
14,3,10456,10456,2025-08-27T13:08:37Z,1825.0,1825.1,1520.92258,-3.2531699999999546,1.7216499999999542,2,0.2,0.1
14,4,10831,10831,2025-08-27T13:09:16Z,1864.0,1864.6,1523.77917,-0.39657999999985805,7.206640000000107,2,0.2,0.1
14,5,11044,11044,2025-08-27T13:09:38Z,1886.0,1886.5555555555557,1524.76732,0.591570000000047,6.534919999999829,2,0.2,0.1
14,6,11605,11605,2025-08-27T13:10:37Z,1945.0,1945.75,1533.38856,9.212810000000218,21.320360000000164,2,0.2,0.1
14,7,12002,12002,2025-08-27T13:11:20Z,1988.0,1988.375,1522.2905,-1.8852499999998145,1.4464000000000397,2,0.2,0.1
14,8,13143,13143,2025-08-27T13:13:21Z,2109.0,2109.6,1532.88275,8.707000000000107,12.318950000000086,2,0.2,0.1
14,9,13276,13276,2025-08-27T13:13:34Z,2122.0,2122.9,1532.43904,8.263290000000097,1.4795799999999417,2,0.2,0.1
14,10,13294,13294,2025-08-27T13:13:36Z,2124.0,2124.777777777778,1531.780395,7.604645000000119,0.6561249999999745,2,0.2,0.1
14,11,13297,13297,2025-08-27T13:13:37Z,2125.0,2125.1111111111113,1532.43652,8.260770000000093,1.312249999999949,2,0.2,0.1
14,12,13305,13305,2025-08-27T13:13:37Z,2126.0,2126.0,1532.50893,8.333180000000084,0.12255000000004657,2,0.2,0.1
14,13,13307,13307,2025-08-27T13:13:38Z,2126.0,2126.2,1532.50893,8.333180000000084,0.12255000000004657,2,0.2,0.1
14,14,13311,13311,2025-08-27T13:13:38Z,2126.0,2126.6,1532.548275,8.372525000000223,1.6525050000000192,2,0.2,0.1
14,15,13420,13420,2025-08-27T13:13:51Z,2139.0,2139.625,1532.50613,8.330380000000105,13.495570000000043,2,0.2,0.1
14,16,13527,13527,2025-08-27T13:14:03Z,2151.0,2151.2,1532.50169,8.325940000000173,1.2422699999999622,2,0.2,0.1
14,17,13536,13536,2025-08-27T13:14:04Z,2152.0,2152.1,1532.52333,8.347580000000107,7.612949999999955,2,0.2,0.1
14,18,13653,13653,2025-08-27T13:14:15Z,2163.0,2163.8888888888887,1533.10618,8.930430000000115,0.2602449999999408,2,0.2,0.1
14,19,13671,13671,2025-08-27T13:14:17Z,2165.0,2165.7,1533.15612,8.980370000000221,14.251920000000155,2,0.2,0.1
14,20,13785,13785,2025-08-27T13:14:29Z,2177.0,2177.3,1531.02015,6.844400000000178,11.981770000000097,2,0.2,0.1
14,21,13797,13797,2025-08-27T13:14:30Z,2178.0,2178.625,1529.93622,5.7604700000001685,0.11124999999992724,2,0.2,0.1
14,22,13877,13877,2025-08-27T13:14:39Z,2187.0,2187.875,1532.65555,8.479800000000068,0.20032999999989443,2,0.2,0.1
14,23,13912,13912,2025-08-27T13:14:43Z,2191.0,2191.6,1533.07469,8.898940000000039,19.029309999999896,2,0.2,0.1
14,24,14014,14014,2025-08-27T13:14:53Z,2202.0,2202.0,1530.97023,6.794480000000021,10.321039999999812,2,0.2,0.1
14,25,14024,14024,2025-08-27T13:14:55Z,2203.0,2203.0,1530.932445,6.756695000000036,0.5440849999999955,2,0.2,0.1
14,26,14037,14037,2025-08-27T13:14:56Z,2204.0,2204.4,1529.802985,5.627235000000155,0.5064049999998588,2,0.2,0.1
14,27,14040,14040,2025-08-27T13:14:56Z,2204.0,2204.7,1529.88155,5.705800000000181,1.1699399999999969,2,0.2,0.1
14,28,14142,14142,2025-08-27T13:15:06Z,2214.0,2214.9,1532.56788,8.39213000000018,13.571699999999964,2,0.2,0.1
14,29,14145,14145,2025-08-27T13:15:07Z,2215.0,2215.2,1532.56788,8.39213000000018,13.571699999999964,2,0.2,0.1
14,30,14156,14156,2025-08-27T13:15:08Z,2216.0,2216.3,1532.54199,8.366240000000062,1.3984599999998863,2,0.2,0.1
14,31,14168,14168,2025-08-27T13:15:09Z,2217.0,2217.5,1530.45104,6.275290000000041,0.5475699999999506,2,0.2,0.1
14,32,14266,14266,2025-08-27T13:15:19Z,2227.0,2227.4,1530.98593,6.810180000000173,1.1024800000000141,2,0.2,0.1
14,33,14269,14269,2025-08-27T13:15:19Z,2227.0,2227.7,1530.98593,6.810180000000173,1.1024800000000141,2,0.2,0.1
14,34,14280,14280,2025-08-27T13:15:20Z,2228.0,2228.8,1531.04917,6.873420000000124,1.1771699999999328,2,0.2,0.1
15,0,9145,9145,2025-08-27T13:06:18Z,1687.0,1687.0,1523.8234,-7.131955000000062,1.795659999999998,2,0.2,0.1
15,1,9148,9148,2025-08-27T13:06:19Z,1687.0,1687.3,1523.342275,-7.613080000000082,0.4167050000000927,2,0.2,0.1
15,2,9151,9151,2025-08-27T13:06:19Z,1687.0,1687.6,1522.86115,-8.094205000000102,0.5653700000000299,2,0.2,0.1
15,3,9236,9236,2025-08-27T13:06:28Z,1696.0,1696.1,1520.07764,-10.87771500000008,0.11008500000002641,2,0.2,0.1
15,4,10831,10831,2025-08-27T13:09:16Z,1864.0,1864.6,1523.03224,-7.9231150000000525,5.282609999999977,2,0.2,0.1
15,5,11605,11605,2025-08-27T13:10:37Z,1945.0,1945.75,1532.62758,1.6722250000000258,12.063780000000179,2,0.2,0.1
15,6,12002,12002,2025-08-27T13:11:20Z,1988.0,1988.375,1522.2905,-8.664854999999989,1.4464000000000397,2,0.2,0.1
15,7,13146,13146,2025-08-27T13:13:21Z,2109.0,2109.9,1532.73267,1.7773150000000442,16.471270000000004,2,0.2,0.1
15,8,13299,13299,2025-08-27T13:13:37Z,2125.0,2125.3333333333335,1532.53556,1.580204999999978,1.3548299999999927,2,0.2,0.1
15,9,13302,13302,2025-08-27T13:13:37Z,2125.0,2125.6666666666665,1531.84778,0.8924250000000029,0.6670500000000175,2,0.2,0.1
15,10,13311,13311,2025-08-27T13:13:38Z,2126.0,2126.6,1532.54971,1.5943549999999505,1.6073699999999462,2,0.2,0.1
15,11,13419,13419,2025-08-27T13:13:51Z,2139.0,2139.5,1532.50613,1.5507749999999305,3.784550000000081,2,0.2,0.1
15,12,13523,13523,2025-08-27T13:14:02Z,2150.0,2150.8,1532.49509,1.5397349999998369,1.4473899999998139,2,0.2,0.1
15,13,13535,13535,2025-08-27T13:14:03Z,2152.0,2152.0,1532.56626,1.6109050000000025,9.214600000000019,2,0.2,0.1
15,14,13644,13644,2025-08-27T13:14:14Z,2162.0,2162.9,1532.4785,1.5231449999998858,0.6464999999998327,2,0.2,0.1
15,15,13647,13647,2025-08-27T13:14:15Z,2163.0,2163.222222222222,1532.4785,1.5231449999998858,0.6464999999998327,2,0.2,0.1
15,16,13650,13650,2025-08-27T13:14:15Z,2163.0,2163.5555555555557,1532.468055,1.5126999999999953,0.6247299999999996,2,0.2,0.1
15,17,13671,13671,2025-08-27T13:14:17Z,2165.0,2165.7,1532.70182,1.7464649999999438,14.205870000000004,2,0.2,0.1
15,18,13788,13788,2025-08-27T13:14:29Z,2177.0,2177.6,1530.96154,0.006184999999959473,2.0283200000001216,2,0.2,0.1
15,19,13877,13877,2025-08-27T13:14:39Z,2187.0,2187.875,1532.40397,1.448615000000018,1.4590100000000348,2,0.2,0.1
15,20,13883,13883,2025-08-27T13:14:40Z,2188.0,2188.5,1531.6962600000002,0.7409050000001116,0.6523400000000947,2,0.2,0.1
15,21,13894,13894,2025-08-27T13:14:41Z,2189.0,2189.6666666666665,1532.50435,1.548994999999877,1.3102899999998954,2,0.2,0.1
15,22,13897,13897,2025-08-27T13:14:42Z,2190.0,2190.0,1532.50435,1.548994999999877,1.3102899999998954,2,0.2,0.1
15,23,13903,13903,2025-08-27T13:14:42Z,2190.0,2190.6666666666665,1532.63373,1.67837499999996,14.188650000000052,2,0.2,0.1
15,24,14021,14021,2025-08-27T13:14:54Z,2202.0,2202.7,1530.91464,-0.040715000000091095,0.48737499999992906,2,0.2,0.1
15,25,14024,14024,2025-08-27T13:14:55Z,2203.0,2203.0,1530.932445,-0.022910000000138098,10.549205000000029,2,0.2,0.1
15,26,14039,14039,2025-08-27T13:14:56Z,2204.0,2204.6,1529.88155,-1.073804999999993,2.273740000000089,2,0.2,0.1
15,27,14142,14142,2025-08-27T13:15:06Z,2214.0,2214.9,1531.26965,0.31429499999990185,12.537829999999985,2,0.2,0.1
15,28,14155,14155,2025-08-27T13:15:08Z,2216.0,2216.2,1531.19322,0.23786500000005617,0.19289000000003398,2,0.2,0.1
15,29,14165,14165,2025-08-27T13:15:09Z,2217.0,2217.2,1530.95782,0.0024650000000292493,0.29140000000006694,2,0.2,0.1
15,30,14168,14168,2025-08-27T13:15:09Z,2217.0,2217.5,1530.44102,-0.5143350000000737,0.5375500000000102,2,0.2,0.1
15,31,14171,14171,2025-08-27T13:15:09Z,2217.0,2217.8,1529.90347,-1.051885000000084,0.59795999999983,2,0.2,0.1
15,32,14265,14265,2025-08-27T13:15:19Z,2227.0,2227.3,1530.98913,0.033774999999877764,2.332059999999956,2,0.2,0.1
16,0,9150,9150,2025-08-27T13:06:19Z,1687.0,1687.5,1522.24325,-8.783835000000181,0.21550999999999476,2,0.2,0.1
16,1,10831,10831,2025-08-27T13:09:16Z,1864.0,1864.6,1522.89489,-8.132195000000138,5.61487000000011,2,0.2,0.1
16,2,11709,11709,2025-08-27T13:10:49Z,1957.0,1957.5714285714287,1520.8441,-10.182985000000144,0.10894000000007509,2,0.2,0.1
16,3,13146,13146,2025-08-27T13:13:21Z,2109.0,2109.9,1532.61919,1.5921049999997194,16.134799999999814,2,0.2,0.1
16,4,13310,13310,2025-08-27T13:13:38Z,2126.0,2126.5,1532.38925,1.3621649999997771,1.501170000000002,2,0.2,0.1
16,5,13419,13419,2025-08-27T13:13:51Z,2139.0,2139.5,1531.20961,0.18252499999994143,4.272670000000062,2,0.2,0.1
16,6,13523,13523,2025-08-27T13:14:02Z,2150.0,2150.8,1531.60306,0.5759749999997439,0.3770999999999276,2,0.2,0.1
16,7,13527,13527,2025-08-27T13:14:03Z,2151.0,2151.2,1531.98016,0.9530749999998989,8.628500000000031,2,0.2,0.1
16,8,13529,13529,2025-08-27T13:14:03Z,2151.0,2151.4,1531.86526,0.8381749999998647,0.11250500000005559,2,0.2,0.1
16,9,13543,13543,2025-08-27T13:14:04Z,2152.0,2152.8,1531.03368,0.006594999999833817,0.10308000000009088,2,0.2,0.1
16,10,13646,13646,2025-08-27T13:14:15Z,2163.0,2163.1111111111113,1531.58009,0.5530049999997573,0.4124099999999089,2,0.2,0.1
16,11,13650,13650,2025-08-27T13:14:15Z,2163.0,2163.5555555555557,1531.9925,0.9654149999998936,0.9720099999999547,2,0.2,0.1
16,12,13664,13664,2025-08-27T13:14:16Z,2165.0,2165.0,1532.54918,1.5220949999998084,0.6775099999999838,2,0.2,0.1
16,13,13671,13671,2025-08-27T13:14:17Z,2165.0,2165.7,1532.5771,1.550014999999803,14.132020000000011,2,0.2,0.1
16,14,13883,13883,2025-08-27T13:14:40Z,2188.0,2188.5,1532.11146,1.084374999999909,1.029030000000148,2,0.2,0.1
16,15,13889,13889,2025-08-27T13:14:41Z,2189.0,2189.1111111111113,1531.80415,0.7770649999997659,0.21405000000004293,2,0.2,0.1
16,16,13894,13894,2025-08-27T13:14:41Z,2189.0,2189.6666666666665,1532.5623,1.53521499999988,1.5593000000001211,2,0.2,0.1
16,17,13904,13904,2025-08-27T13:14:42Z,2190.0,2190.777777777778,1532.53887,1.511784999999918,0.138149999999996,2,0.2,0.1
16,18,13913,13913,2025-08-27T13:14:43Z,2191.0,2191.7,1532.580415,1.5533299999997325,14.673654999999826,2,0.2,0.1
16,19,14021,14021,2025-08-27T13:14:54Z,2202.0,2202.7,1530.396655,-0.6304300000001604,10.013415000000123,2,0.2,0.1
16,20,14039,14039,2025-08-27T13:14:56Z,2204.0,2204.6,1528.69715,-2.329935000000205,2.299350000000004,2,0.2,0.1
16,21,14141,14141,2025-08-27T13:15:06Z,2214.0,2214.8,1531.04019,0.013104999999768552,13.195389999999861,2,0.2,0.1
16,22,14165,14165,2025-08-27T13:15:09Z,2217.0,2217.2,1530.58014,-0.4469450000001416,0.7214300000000549,2,0.2,0.1
16,23,14168,14168,2025-08-27T13:15:09Z,2217.0,2217.5,1529.643845,-1.3832400000001144,0.9362949999999728,2,0.2,0.1
16,24,14265,14265,2025-08-27T13:15:19Z,2227.0,2227.3,1530.98913,-0.037955000000238215,2.3662799999999606,2,0.2,0.1
16,25,14280,14280,2025-08-27T13:15:20Z,2228.0,2228.8,1529.869,-1.1580850000002556,1.1293099999998049,2,0.2,0.1
17,0,13310,13310,2025-08-27T13:13:38Z,2126.0,2126.5,1531.10299,0.1169999999999618,14.697720000000118,2,0.2,0.1
17,1,13419,13419,2025-08-27T13:13:51Z,2139.0,2139.5,1530.98944,0.003449999999929787,4.052500000000009,2,0.2,0.1
17,2,13528,13528,2025-08-27T13:14:03Z,2151.0,2151.3,1531.2307,0.24470999999994092,7.879040000000032,2,0.2,0.1
17,3,13542,13542,2025-08-27T13:14:04Z,2152.0,2152.7,1530.39599,-0.5900000000001455,0.37819999999987886,2,0.2,0.1
17,4,13655,13655,2025-08-27T13:14:16Z,2164.0,2164.1,1531.4987150000002,0.5127250000000458,14.94196500000021,2,0.2,0.1
17,5,13671,13671,2025-08-27T13:14:17Z,2165.0,2165.7,1531.20838,0.22238999999990483,0.1530600000000959,2,0.2,0.1
17,6,13885,13885,2025-08-27T13:14:40Z,2188.0,2188.7,1531.03042,0.044429999999920256,0.611660000000029,2,0.2,0.1
17,7,13894,13894,2025-08-27T13:14:41Z,2189.0,2189.6666666666665,1531.14472,0.1587299999998777,0.16285999999990963,2,0.2,0.1
17,8,13912,13912,2025-08-27T13:14:43Z,2191.0,2191.6,1531.23074,0.24474999999983993,12.785660000000007,2,0.2,0.1
17,9,14144,14144,2025-08-27T13:15:07Z,2215.0,2215.1,1530.97517,-0.01082000000019434,1.1264599999999518,2,0.2,0.1
17,10,14157,14157,2025-08-27T13:15:08Z,2216.0,2216.4,1530.9791,-0.006890000000112195,5.2633200000000215,2,0.2,0.1
17,11,14165,14165,2025-08-27T13:15:09Z,2217.0,2217.2,1529.86025,-1.125740000000178,1.2531799999999294,2,0.2,0.1
17,12,14168,14168,2025-08-27T13:15:09Z,2217.0,2217.5,1529.24876,-1.7372300000001815,0.6114900000000034,2,0.2,0.1
17,13,14265,14265,2025-08-27T13:15:19Z,2227.0,2227.3,1529.81388,-1.1721100000002025,3.0289799999998195,2,0.2,0.1
18,0,13310,13310,2025-08-27T13:13:38Z,2126.0,2126.5,1531.02221,0.2602950000000419,14.616940000000113,2,0.2,0.1
18,1,13535,13535,2025-08-27T13:14:03Z,2152.0,2152.0,1531.02836,0.26644499999997606,8.802159999999958,2,0.2,0.1
18,2,13660,13660,2025-08-27T13:14:16Z,2164.0,2164.6,1531.0648150000002,0.30290000000013606,14.552935000000161,2,0.2,0.1
18,3,13893,13893,2025-08-27T13:14:41Z,2189.0,2189.5555555555557,1531.12266,0.3607449999999517,7.812840000000051,2,0.2,0.1
18,4,13897,13897,2025-08-27T13:14:42Z,2190.0,2190.0,1530.9676,0.20568499999990308,0.5380049999998846,2,0.2,0.1
18,5,13900,13900,2025-08-27T13:14:42Z,2190.0,2190.3333333333335,1530.9676,0.20568499999990308,0.3119599999999991,2,0.2,0.1
18,6,13912,13912,2025-08-27T13:14:43Z,2191.0,2191.6,1531.05543,0.293514999999843,1.1722999999999502,2,0.2,0.1
18,7,14148,14148,2025-08-27T13:15:07Z,2215.0,2215.5,1529.89129,-0.8706250000000182,4.503310000000056,2,0.2,0.1
18,8,14165,14165,2025-08-27T13:15:09Z,2217.0,2217.2,1528.72209,-2.0398250000000644,0.12572999999997592,2,0.2,0.1
18,9,14168,14168,2025-08-27T13:15:09Z,2217.0,2217.5,1527.58606,-3.175854999999956,0.9814600000001974,2,0.2,0.1
18,10,14270,14270,2025-08-27T13:15:19Z,2227.0,2227.8,1528.70065,-2.0612650000000485,3.1857199999999466,2,0.2,0.1
18,11,14280,14280,2025-08-27T13:15:20Z,2228.0,2228.8,1528.53015,-2.231764999999996,1.7480199999999968,2,0.2,0.1
19,0,13276,13276,2025-08-27T13:13:34Z,2122.0,2122.9,1529.66363,0.988444999999956,1.286929999999984,2,0.2,0.1
19,1,13539,13539,2025-08-27T13:14:04Z,2152.0,2152.4,1528.80474,0.1295549999999821,4.171309999999949,2,0.2,0.1
19,2,13662,13662,2025-08-27T13:14:16Z,2164.0,2164.8,1531.00738,2.332194999999956,9.539940000000115,2,0.2,0.1
19,3,13877,13877,2025-08-27T13:14:39Z,2187.0,2187.875,1529.04079,0.36560499999995955,0.3927000000001044,2,0.2,0.1
19,4,13896,13896,2025-08-27T13:14:41Z,2189.0,2189.8888888888887,1530.97258,2.2973950000000514,1.1326500000000124,2,0.2,0.1
19,5,13902,13902,2025-08-27T13:14:42Z,2190.0,2190.5555555555557,1531.02322,2.3480349999999817,9.470440000000053,2,0.2,0.1
19,6,13908,13908,2025-08-27T13:14:43Z,2191.0,2191.2,1530.44207,1.766885000000002,0.5148300000000745,2,0.2,0.1
19,7,13910,13910,2025-08-27T13:14:43Z,2191.0,2191.4,1530.183075,1.5078899999998612,0.2589949999999135,2,0.2,0.1
19,8,13912,13912,2025-08-27T13:14:43Z,2191.0,2191.6,1530.477425,1.8022399999999834,0.8868549999999686,2,0.2,0.1
19,9,14143,14143,2025-08-27T13:15:06Z,2215.0,2215.0,1529.86535,1.190164999999979,4.4773700000000645,2,0.2,0.1
19,10,14146,14146,2025-08-27T13:15:07Z,2215.0,2215.3,1529.26879,0.593605000000025,0.6487400000000889,2,0.2,0.1
19,11,14155,14155,2025-08-27T13:15:08Z,2216.0,2216.2,1529.81835,1.1431649999999536,1.454909999999927,2,0.2,0.1
19,12,14165,14165,2025-08-27T13:15:09Z,2217.0,2217.2,1528.59616,-0.07902500000000146,2.0605500000001484,2,0.2,0.1
19,13,14168,14168,2025-08-27T13:15:09Z,2217.0,2217.5,1527.523095,-1.1520900000000438,0.9184950000001209,2,0.2,0.1
19,14,14276,14276,2025-08-27T13:15:20Z,2228.0,2228.4,1528.60456,-0.07062500000006366,1.9409650000000056,2,0.2,0.1
20,0,13276,13276,2025-08-27T13:13:34Z,2122.0,2122.9,1529.66363,1.3190099999999347,3.298340000000053,2,0.2,0.1
20,1,13762,13762,2025-08-27T13:14:26Z,2174.0,2174.8,1526.15991,-2.1847099999999955,4.8960000000001855,2,0.2,0.1
20,2,13877,13877,2025-08-27T13:14:39Z,2187.0,2187.875,1528.91819,0.5735700000000179,2.08963000000017,2,0.2,0.1
20,3,13909,13909,2025-08-27T13:14:43Z,2191.0,2191.3,1530.508215,2.1635949999999866,9.509995000000117,2,0.2,0.1
20,4,14146,14146,2025-08-27T13:15:07Z,2215.0,2215.3,1528.6420549999998,0.297434999999723,2.2730049999997846,2,0.2,0.1
20,5,14153,14153,2025-08-27T13:15:07Z,2216.0,2216.0,1528.6677,0.3230799999998908,3.823259999999891,2,0.2,0.1
20,6,14156,14156,2025-08-27T13:15:08Z,2216.0,2216.3,1528.6677,0.3230799999998908,3.823259999999891,2,0.2,0.1
20,7,14165,14165,2025-08-27T13:15:09Z,2217.0,2217.2,1526.61809,-1.726530000000139,0.21497999999996864,2,0.2,0.1
20,8,14168,14168,2025-08-27T13:15:09Z,2217.0,2217.5,1526.462775,-1.8818450000001121,0.15531499999997322,2,0.2,0.1
21,0,13276,13276,2025-08-27T13:13:34Z,2122.0,2122.9,1528.37514,1.9627400000001671,2.05228000000011,2,0.2,0.1
21,1,13877,13877,2025-08-27T13:14:39Z,2187.0,2187.875,1528.91819,2.505790000000161,0.2032800000001771,2,0.2,0.1
21,2,13911,13911,2025-08-27T13:14:43Z,2191.0,2191.5,1529.88794,3.4755400000001373,5.385160000000042,2,0.2,0.1
21,3,14152,14152,2025-08-27T13:15:07Z,2215.0,2215.9,1528.76788,2.3554800000001705,0.22285000000010768,2,0.2,0.1
21,4,14155,14155,2025-08-27T13:15:08Z,2216.0,2216.2,1528.580375,2.1679750000000695,1.0262849999999162,2,0.2,0.1
21,5,14158,14158,2025-08-27T13:15:08Z,2216.0,2216.5,1528.52766,2.115260000000035,0.9644049999999424,2,0.2,0.1
21,6,14171,14171,2025-08-27T13:15:09Z,2217.0,2217.8,1526.2766,-0.13580000000001746,0.9170349999999416,2,0.2,0.1
22,0,13877,13877,2025-08-27T13:14:39Z,2187.0,2187.875,1528.1687,3.393289999999979,3.6255599999999504,2,0.2,0.1
22,1,14155,14155,2025-08-27T13:15:08Z,2216.0,2216.2,1526.50538,1.729970000000094,0.12247999999999593,2,0.2,0.1
22,2,14157,14157,2025-08-27T13:15:08Z,2216.0,2216.4,1526.5193,1.7438899999999649,0.16423999999983607,2,0.2,0.1
22,3,14165,14165,2025-08-27T13:15:09Z,2217.0,2217.2,1524.77541,0.0,0.34963999999990847,2,0.2,0.1
22,4,14168,14168,2025-08-27T13:15:09Z,2217.0,2217.5,1524.56672,-0.2086899999999332,0.2086899999999332,2,0.2,0.1
23,0,13276,13276,2025-08-27T13:13:34Z,2122.0,2122.9,1528.37514,3.9720649999999296,2.209490000000187,2,0.2,0.1
23,1,13877,13877,2025-08-27T13:14:39Z,2187.0,2187.875,1528.1687,3.7656249999997726,5.23729000000003,2,0.2,0.1
23,2,14165,14165,2025-08-27T13:15:09Z,2217.0,2217.2,1524.32011,-0.08296500000005835,0.5547250000001895,2,0.2,0.1
23,3,14168,14168,2025-08-27T13:15:09Z,2217.0,2217.5,1525.28231,0.8792349999998805,2.0861899999999878,2,0.2,0.1
24,0,13276,13276,2025-08-27T13:13:34Z,2122.0,2122.9,1526.70564,1.9878299999998035,1.9627599999998893,2,0.2,0.1
24,1,13877,13877,2025-08-27T13:14:39Z,2187.0,2187.875,1526.92102,2.203209999999899,4.086630000000014,2,0.2,0.1
24,2,14167,14167,2025-08-27T13:15:09Z,2217.0,2217.4,1525.86919,1.15137999999979,1.15137999999979,2,0.2,0.1
25,0,13276,13276,2025-08-27T13:13:34Z,2122.0,2122.9,1526.09249,3.0125299999999697,3.0125299999999697,2,0.2,0.1
25,1,13877,13877,2025-08-27T13:14:39Z,2187.0,2187.875,1526.92102,3.8410599999999704,5.687580000000025,2,0.2,0.1
26,0,13276,13276,2025-08-27T13:13:34Z,2122.0,2122.9,1526.09249,4.654870000000074,4.654870000000074,2,0.2,0.1
27,0,13276,13276,2025-08-27T13:13:34Z,2122.0,2122.9,1526.09249,4.832930000000033,4.932800000000043,2,0.2,0.1
28,0,13276,13276,2025-08-27T13:13:34Z,2122.0,2122.9,1525.63804,3.3776949999999033,6.500829999999951,2,0.2,0.1
29,0,13276,13276,2025-08-27T13:13:34Z,2122.0,2122.9,1524.60513,2.8096299999997427,5.467919999999822,2,0.2,0.1
30,0,13276,13276,2025-08-27T13:13:34Z,2122.0,2122.9,1524.60513,5.726249999999936,5.726249999999936,2,0.2,0.1
