timestamp,time_s,effective_time_s,sample_index,wl_1_nm,wl_1_filtered_nm,wl_1_delta_nm,wl_1_strain,wl_1_derivative_nm_per_s
2025-09-11T13:00:32Z,18225.0,18225.0,0,1529.46655,1529.46655,-0.00012999999989915523,-1.0897044618021917e-07,0.00018000000000029104
2025-09-11T13:00:32Z,18225.0,18225.5,1,1529.46651,1529.46664,-3.999999989900971e-05,-3.352936799680824e-08,0.00018000000000029104
2025-09-11T13:00:32Z,18226.0,18226.0,2,1529.46673,1529.46673,5.000000010113581e-05,4.1911710186602694e-08,2.9999999999684684e-05
2025-09-11T13:00:33Z,18226.0,18226.1,3,1529.46673,1529.46673,5.000000010113581e-05,4.1911710186602694e-08,0.0002999999992305675
2025-09-11T13:00:33Z,18226.0,18226.2,4,1529.46679,1529.46679,0.00010999999994965037,9.220576218181505e-08,0.0005999999996198311
2025-09-11T13:00:33Z,18226.0,18226.3,5,1529.46685,1529.46685,0.0001700000000255386,1.4249981436761982e-07,0.00030000000038926374
2025-09-11T13:00:33Z,18226.0,18226.4,6,1529.46699,1529.46685,0.0001700000000255386,1.4249981436761982e-07,0.00030000000038926374
2025-09-11T13:00:33Z,18226.0,18226.5,7,1529.46695,1529.46691,0.00023000000010142685,1.9279386655342456e-07,0.00030000000038380673
2025-09-11T13:00:33Z,18226.0,18226.6,8,1529.46674,1529.46691,0.00023000000010142685,1.9279386655342456e-07,-0.000850000000093678
2025-09-11T13:00:33Z,18226.0,18226.7,9,1529.46691,1529.46674,6.000000007588824e-05,5.0294052185804754e-08,-0.0010500000007321432
2025-09-11T13:00:33Z,18226.0,18226.8,10,1529.46652,1529.4667,1.9999999949504854e-05,1.676468399840412e-08,-0.00020000000063846528
2025-09-11T13:00:33Z,18226.0,18226.9,11,1529.4667,1529.4667,1.9999999949504854e-05,1.676468399840412e-08,-4.9999999875399226e-05
2025-09-11T13:00:33Z,18227.0,18227.0,12,1529.46669,1529.46669,9.999999974752427e-06,8.38234199920206e-09,0.0
2025-09-11T13:00:34Z,18227.0,18227.1,13,1529.46697,1529.4667,1.9999999949504854e-05,1.676468399840412e-08,3.637979403402908e-15
2025-09-11T13:00:34Z,18227.0,18227.2,14,1529.46668,1529.46669,9.999999974752427e-06,8.38234199920206e-09,-9.999999974716047e-05
2025-09-11T13:00:34Z,18227.0,18227.3,15,1529.46671,1529.46668,0.0,0.0,-4.9999999875399226e-05
2025-09-11T13:00:34Z,18227.0,18227.4,16,1529.46667,1529.46668,0.0,0.0,-4.9999999875399226e-05
2025-09-11T13:00:34Z,18227.0,18227.5,17,1529.46662,1529.46667,-9.999999974752427e-06,-8.38234199920206e-09,-0.0003000000003838068
2025-09-11T13:00:34Z,18227.0,18227.6,18,1529.46681,1529.46662,-6.000000007588824e-05,-5.0294052185804754e-08,-0.0002500000005138645
2025-09-11T13:00:34Z,18227.0,18227.7,19,1529.46653,1529.46662,-6.000000007588824e-05,-5.0294052185804754e-08,-0.0002499999993769961
2025-09-11T13:00:34Z,18227.0,18227.8,20,1529.46656,1529.46657,-0.00010999999994965037,-9.220576218181505e-08,-0.0002499999993769962
2025-09-11T13:00:34Z,18227.0,18227.9,21,1529.46683,1529.46657,-0.00010999999994965037,-9.220576218181505e-08,1.0842021724855044e-19
2025-09-11T13:00:34Z,18228.0,18228.0,22,1529.46657,1529.46657,-0.00010999999994965037,-9.220576218181505e-08,0.0004000000001327862
2025-09-11T13:00:35Z,18228.0,18228.1,23,1529.46668,1529.46665,-2.999999992425728e-05,-2.514702599760618e-08,2.910378101711464e-14
2025-09-11T13:00:35Z,18228.0,18228.2,24,1529.46654,1529.46657,-0.00010999999994965037,-9.220576218181505e-08,-0.0004499999999863576
2025-09-11T13:00:35Z,18228.0,18228.3,25,1529.46665,1529.46656,-0.0001199999999244028,-1.0058810418101712e-07,-4.999999987539928e-05
2025-09-11T13:00:35Z,18228.0,18228.4,26,1529.46646,1529.46656,-0.0001199999999244028,-1.0058810418101712e-07,9.999999975079845e-05
2025-09-11T13:00:35Z,18228.0,18228.5,27,1529.46656,1529.46658,-9.999999997489795e-05,-8.3823420182613e-08,9.999999974897949e-05
2025-09-11T13:00:35Z,18228.0,18228.6,28,1529.46662,1529.46658,-9.999999997489795e-05,-8.3823420182613e-08,4.9999999871761294e-05
2025-09-11T13:00:35Z,18228.0,18228.7,29,1529.46658,1529.46659,-9.000000000014552e-05,-7.544107818341093e-08,0.00019999999949795897
2025-09-11T13:00:35Z,18228.0,18228.8,30,1529.46659,1529.46662,-6.000000007588824e-05,-5.0294052185804754e-08,0.00019999999949795892
2025-09-11T13:00:35Z,18228.0,18228.9,31,1529.46663,1529.46663,-5.000000010113581e-05,-4.1911710186602694e-08,4.999999987176124e-05
2025-09-11T13:00:35Z,18229.0,18229.0,32,1529.46671,1529.46663,-5.000000010113581e-05,-4.1911710186602694e-08,-2.710505431213761e-20
2025-09-11T13:00:36Z,18229.0,18229.11111111111,33,1529.46681,1529.46663,-5.000000010113581e-05,-4.1911710186602694e-08,-0.0004949999997563192
2025-09-11T13:00:36Z,18229.0,18229.222222222223,34,1529.46651,1529.46652,-0.00016000000005078618,-1.3411747236841775e-07,-0.0005399999996440965
2025-09-11T13:00:36Z,18229.0,18229.333333333332,35,1529.46652,1529.46651,-0.0001700000000255386,-1.4249981436761982e-07,-4.4999999887777495e-05
2025-09-11T13:00:36Z,18229.0,18229.444444444445,36,1529.46638,1529.46651,-0.0001700000000255386,-1.4249981436761982e-07,4.4999999887777495e-05
2025-09-11T13:00:36Z,18229.0,18229.555555555555,37,1529.46651,1529.46652,-0.00016000000005078618,-1.3411747236841775e-07,0.0009449999996307543
2025-09-11T13:00:36Z,18229.0,18229.666666666668,38,1529.46674,1529.46672,3.999999989900971e-05,3.352936799680824e-08,0.0009900000005417134
2025-09-11T13:00:36Z,18229.0,18229.777777777777,39,1529.46682,1529.46674,6.000000007588824e-05,5.0294052185804754e-08,9.000000079873645e-05
2025-09-11T13:00:36Z,18229.0,18229.88888888889,40,1529.46672,1529.46674,6.000000007588824e-05,5.0294052185804754e-08,0.0002249999994388872
2025-09-11T13:00:36Z,18230.0,18230.0,41,1529.46679,1529.46679,0.00010999999994965037,9.220576218181505e-08,0.000213157894201772
2025-09-11T13:00:37Z,18230.0,18230.1,42,1529.46635,1529.46679,0.00010999999994965037,9.220576218181505e-08,1.0842021724855044e-19
2025-09-11T13:00:37Z,18230.0,18230.2,43,1529.46686,1529.46679,0.00010999999994965037,9.220576218181505e-08,-0.0006999999993924577
2025-09-11T13:00:37Z,18230.0,18230.3,44,1529.46688,1529.46665,-2.999999992425728e-05,-2.514702599760618e-08,-0.0006999999993924574
2025-09-11T13:00:37Z,18230.0,18230.4,45,1529.46665,1529.46665,-2.999999992425728e-05,-2.514702599760618e-08,0.0
2025-09-11T13:00:37Z,18230.0,18230.5,46,1529.46642,1529.46665,-2.999999992425728e-05,-2.514702599760618e-08,0.0
2025-09-11T13:00:37Z,18230.0,18230.6,47,1529.46662,1529.46665,-2.999999992425728e-05,-2.514702599760618e-08,0.000199999999487045
2025-09-11T13:00:37Z,18230.0,18230.7,48,1529.46672,1529.46669,9.999999974752427e-06,8.38234199920206e-09,0.000199999999487045
2025-09-11T13:00:37Z,18230.0,18230.8,49,1529.46669,1529.46669,9.999999974752427e-06,8.38234199920206e-09,0.0
2025-09-11T13:00:37Z,18230.0,18230.9,50,1529.46669,1529.46669,9.999999974752427e-06,8.38234199920206e-09,-0.00014999999962619768
2025-09-11T13:00:37Z,18231.0,18231.0,51,1529.46666,1529.46666,-1.9999999949504854e-05,-1.676468399840412e-08,-0.0009000000000145519
2025-09-11T13:00:38Z,18231.0,18231.1,52,1529.46633,1529.46651,-0.0001700000000255386,-1.4249981436761982e-07,-0.0007500000004047251
2025-09-11T13:00:38Z,18231.0,18231.2,53,1529.46651,1529.46651,-0.0001700000000255386,-1.4249981436761982e-07,0.0
2025-09-11T13:00:38Z,18231.0,18231.3,54,1529.46649,1529.46651,-0.0001700000000255386,-1.4249981436761982e-07,0.0
2025-09-11T13:00:38Z,18231.0,18231.4,55,1529.46673,1529.46651,-0.0001700000000255386,-1.4249981436761982e-07,0.0007500000004047251
2025-09-11T13:00:38Z,18231.0,18231.5,56,1529.4668,1529.46666,-1.9999999949504854e-05,-1.676468399840412e-08,0.0009000000000145519
2025-09-11T13:00:38Z,18231.0,18231.6,57,1529.46649,1529.46669,9.999999974752427e-06,8.38234199920206e-09,0.00014999999962619768
2025-09-11T13:00:38Z,18231.0,18231.7,58,1529.46666,1529.46669,9.999999974752427e-06,8.38234199920206e-09,0.0
2025-09-11T13:00:38Z,18231.0,18231.8,59,1529.46669,1529.46669,9.999999974752427e-06,8.38234199920206e-09,0.0
2025-09-11T13:00:38Z,18231.0,18231.9,60,1529.46684,1529.46669,9.999999974752427e-06,8.38234199920206e-09,0.0
2025-09-11T13:00:38Z,18232.0,18232.0,61,1529.46675,1529.46669,9.999999974752427e-06,8.38234199920206e-09,0.00030000000038380673
2025-09-11T13:00:39Z,18232.0,18232.1,62,1529.46656,1529.46675,7.000000005064066e-05,5.8676394185006814e-08,-0.0006499999994479368
2025-09-11T13:00:39Z,18232.0,18232.2,63,1529.46633,1529.46656,-0.0001199999999244028,-1.0058810418101712e-07,-0.0009999999997125997
2025-09-11T13:00:39Z,18232.0,18232.3,64,1529.46679,1529.46655,-0.00012999999989915523,-1.0897044618021917e-07,-0.0002500000004993126
2025-09-11T13:00:39Z,18232.0,18232.4,65,1529.46651,1529.46651,-0.0001700000000255386,-1.4249981436761982e-07,1.4551944718665943e-14
2025-09-11T13:00:39Z,18232.0,18232.5,66,1529.46655,1529.46655,-0.00012999999989915523,-1.0897044618021917e-07,0.00020000000063482724
2025-09-11T13:00:39Z,18232.0,18232.6,67,1529.46651,1529.46655,-0.00012999999989915523,-1.0897044618021917e-07,-1.0842021724855044e-19
2025-09-11T13:00:39Z,18232.0,18232.7,68,1529.4667,1529.46655,-0.00012999999989915523,-1.0897044618021917e-07,-0.00020000000063846517
2025-09-11T13:00:39Z,18232.0,18232.8,69,1529.46658,1529.46651,-0.0001700000000255386,-1.4249981436761982e-07,0.00014999999960073178
2025-09-11T13:00:39Z,18232.0,18232.9,70,1529.4665,1529.46658,-9.999999997489795e-05,-8.3823420182613e-08,-4.999999990086513e-05
2025-09-11T13:00:39Z,18233.0,18233.0,71,1529.46644,1529.4665,-0.00018000000000029104,-1.5088215636682186e-07,-0.0004000000001327862
2025-09-11T13:00:40Z,18233.0,18233.1,72,1529.46665,1529.4665,-0.00018000000000029104,-1.5088215636682186e-07,0.0
2025-09-11T13:00:40Z,18233.0,18233.2,73,1529.4665,1529.4665,-0.00018000000000029104,-1.5088215636682186e-07,0.0
2025-09-11T13:00:40Z,18233.0,18233.3,74,1529.46658,1529.4665,-0.00018000000000029104,-1.5088215636682186e-07,0.0
2025-09-11T13:00:40Z,18233.0,18233.4,75,1529.46648,1529.4665,-0.00018000000000029104,-1.5088215636682186e-07,0.0004000000001400622
2025-09-11T13:00:40Z,18233.0,18233.5,76,1529.46645,1529.46658,-9.999999997489795e-05,-8.3823420182613e-08,0.000700000000516593
2025-09-11T13:00:40Z,18233.0,18233.6,77,1529.46677,1529.46664,-3.999999989900971e-05,-3.352936799680824e-08,0.00045000000000454746
2025-09-11T13:00:40Z,18233.0,18233.7,78,1529.46664,1529.46667,-9.999999974752427e-06,-8.38234199920206e-09,0.00045000000000454746
2025-09-11T13:00:40Z,18233.0,18233.8,79,1529.46687,1529.46673,5.000000010113581e-05,4.1911710186602694e-08,0.0002499999993806341
2025-09-11T13:00:40Z,18233.0,18233.9,80,1529.46667,1529.46672,3.999999989900971e-05,3.352936799680824e-08,-5.000000100862962e-05
2025-09-11T13:00:40Z,18234.0,18234.0,81,1529.46673,1529.46672,3.999999989900971e-05,3.352936799680824e-08,-0.00024999999937244866
2025-09-11T13:00:41Z,18234.0,18234.1,82,1529.46672,1529.46667,-9.999999974752427e-06,-8.38234199920206e-09,-1.8189903793278117e-14
2025-09-11T13:00:41Z,18234.0,18234.2,83,1529.46649,1529.46672,3.999999989900971e-05,3.352936799680824e-08,0.00024999999935880626
2025-09-11T13:00:41Z,18234.0,18234.3,84,1529.46657,1529.46672,3.999999989900971e-05,3.352936799680824e-08,0.7497499999710826
2025-09-11T13:00:41Z,18234.0,18234.4,85,1529.61667,1529.61667,0.1499900000001162,0.00012572674796355862,1.7662500000038608
2025-09-11T13:00:41Z,18234.0,18234.5,86,1529.81997,1529.81997,0.3532900000000154,0.00029613976123750354,1.8203000000258953
2025-09-11T13:00:41Z,18234.0,18234.6,87,1529.98073,1529.98073,0.5140499999999975,0.00043089429155688326,1.880099999982876
2025-09-11T13:00:41Z,18234.0,18234.7,88,1530.19599,1530.19599,0.7293099999999413,0.0006113325858872227,1.9782499999861218
2025-09-11T13:00:41Z,18234.0,18234.8,89,1530.37638,1530.37638,0.9096999999999298,0.0007625416535925852,1.9299499999883554
2025-09-11T13:00:41Z,18234.0,18234.9,90,1530.58198,1530.58198,1.1152999999999338,0.0009348826055313019,1.7195499999817576
2025-09-11T13:00:41Z,18235.0,18235.0,91,1530.72029,1530.72029,1.2536099999999806,0.0010508187780150155,1.5333857894963616
2025-09-11T13:00:42Z,18235.0,18235.11111111111,92,1530.90922,1530.90922,1.4425400000000081,0.0012091863658058029,1.5543000000016258
2025-09-11T13:00:42Z,18235.0,18235.222222222223,93,1531.06569,1531.06569,1.5990099999999074,0.0013403448713983765,1.4965650000003166
2025-09-11T13:00:42Z,18235.0,18235.333333333332,94,1531.24179,1531.24179,1.7751100000000406,0.0014879579143771235,1.449720000002542
2025-09-11T13:00:42Z,18235.0,18235.444444444445,95,1531.38785,1531.38785,1.9211700000000747,0.0016103904019266096,1.4145750000001476
2025-09-11T13:00:42Z,18235.0,18235.555555555555,96,1531.55614,1531.55614,2.0894599999999173,0.0017514568357872076,1.4744249999984014
2025-09-11T13:00:42Z,18235.0,18235.666666666668,97,1531.7155,1531.7155,2.2488200000000234,0.0018850378382238402,1.8663300000114962
2025-09-11T13:00:42Z,18235.0,18235.777777777777,98,1531.97088,1531.97088,2.5042000000000826,0.0020991060887399827,1.6987950000166752
2025-09-11T13:00:42Z,18235.0,18235.88888888889,99,1532.09301,1532.09301,2.6263300000000527,0.0022014796318346806,1.0816649999973897
2025-09-11T13:00:42Z,18236.0,18236.0,100,1532.21125,1532.21125,2.744570000000067,0.0023005924438834935,1.0223550000151658
2025-09-11T13:00:43Z,18236.0,18236.11111111111,101,1532.3202,1532.3202,2.853520000000117,0.0023919180601954166,0.9505349999987445
2025-09-11T13:00:43Z,18236.0,18236.222222222223,102,1532.42248,1532.42248,2.955799999999954,0.0024776526543795778,0.9026549999974129
2025-09-11T13:00:43Z,18236.0,18236.333333333332,103,1532.52079,1532.52079,3.054110000000037,0.00256005945878186,0.8499149999993776
2025-09-11T13:00:43Z,18236.0,18236.444444444445,104,1532.61135,1532.61135,3.1446699999999055,0.002635969948118179,0.8611200000000832
2025-09-11T13:00:43Z,18236.0,18236.555555555555,105,1532.71215,1532.71215,3.2454700000000685,0.0027204639556835998,0.7832700000028776
2025-09-11T13:00:43Z,18236.0,18236.666666666668,106,1532.78541,1532.78541,3.3187299999999595,0.0027818729933247054,0.792135000002256
2025-09-11T13:00:43Z,18236.0,18236.777777777777,107,1532.88818,1532.88818,3.4214999999999236,0.002868018322267971,0.6543000000081598
2025-09-11T13:00:43Z,18236.0,18236.88888888889,108,1532.93081,1532.93081,3.4641300000000683,0.00290375224630091,0.3835349999999167
2025-09-11T13:00:43Z,18237.0,18237.0,109,1532.97341,1532.97341,3.5067300000000614,0.0029394610233076613,0.3275052631628661
2025-09-11T13:00:44Z,18237.0,18237.1,110,1533.00113,1533.00113,3.5344500000001062,0.0029626968753881516,0.2946499999978869
2025-09-11T13:00:44Z,18237.0,18237.2,111,1533.03234,1533.03234,3.56565999999998,0.0029888581648336065,0.25759999999698735
2025-09-11T13:00:44Z,18237.0,18237.3,112,1533.05265,1533.05265,3.5859700000000885,0.0030058827014770597,0.1868499999999571
2025-09-11T13:00:44Z,18237.0,18237.4,113,1533.06971,1533.06971,3.6030299999999897,0.00302018297696372,0.1514999999982436
2025-09-11T13:00:44Z,18237.0,18237.5,114,1533.08295,1533.08295,3.616269999999986,0.003031281197798681,0.11995000000130673
2025-09-11T13:00:44Z,18237.0,18237.6,115,1533.0937,1533.0937,3.627019999999902,0.0030402922154705034,0.11529999999923035
2025-09-11T13:00:44Z,18237.0,18237.7,116,1533.10601,1533.10601,3.6393299999999726,0.0030506108784976323,0.09514999999942475
2025-09-11T13:00:44Z,18237.0,18237.8,117,1533.11273,1533.11273,3.6460500000000593,0.0030562438123353905,0.07659999999925304
2025-09-11T13:00:44Z,18237.0,18237.9,118,1533.12133,1533.12133,3.654649999999947,0.0030634526264728106,0.04299999999771842
2025-09-11T13:00:44Z,18238.0,18238.0,119,1533.12782,1533.12133,3.654649999999947,0.0030634526264728106,0.0
2025-09-11T13:00:45Z,18238.0,18238.1,120,1533.13291,1533.12133,3.654649999999947,0.0030634526264728106,-6.7368999997300545
2025-09-11T13:00:45Z,18238.0,18238.2,121,1531.77395,1531.77395,2.307270000000017,0.0019340326273328708,-11.269049999878444
2025-09-11T13:00:45Z,18238.0,18238.3,122,1530.86752,1530.86752,1.4008400000000165,0.001174231999580886,-5.679100000102327
2025-09-11T13:00:45Z,18238.0,18238.4,123,1530.63813,1530.63813,1.1714500000000498,0.000981949455975751,-2.004349999981879
2025-09-11T13:00:45Z,18238.0,18238.5,124,1530.46665,1530.46665,0.9999700000000757,0.0008382090550105463,-1.6202000000234174
2025-09-11T13:00:45Z,18238.0,18238.6,125,1530.31409,1530.31409,0.8474100000000817,0.0007103280451478561,-1.5278999999941751
2025-09-11T13:00:45Z,18238.0,18238.7,126,1530.16107,1530.16107,0.6943900000001122,0.0005820614475522497,-1.6459999999988644
2025-09-11T13:00:45Z,18238.0,18238.8,127,1529.98489,1529.98489,0.5182099999999537,0.0004343813458373186,-1.5793000000016788
2025-09-11T13:00:45Z,18238.0,18238.9,128,1529.84521,1529.84521,0.3785299999999552,0.0003172967924968554,-1.395849999994997
2025-09-11T13:00:45Z,18239.0,18239.0,129,1529.70572,1529.70572,0.23903999999993175,0.00020037150365475825,-1.2822500000179535
2025-09-11T13:00:46Z,18239.0,18239.1,130,1529.58876,1529.58876,0.12208000000009633,0.00010233163138470203,-0.6303000000164508
2025-09-11T13:00:46Z,18239.0,18239.2,131,1529.57966,1529.57966,0.11298000000010688,9.470370014617833e-05,-0.07464999999938071
2025-09-11T13:00:46Z,18239.0,18239.3,132,1529.57383,1529.57383,0.10715000000004693,8.981679474825502e-05,-0.054850000000141064
2025-09-11T13:00:46Z,18239.0,18239.4,133,1529.56869,1529.56869,0.10201000000006388,8.55082709498014e-05,-0.04684999999961342
2025-09-11T13:00:46Z,18239.0,18239.5,134,1529.56446,1529.56446,0.09778000000005704,8.196254027518108e-05,-0.03890000000126054
2025-09-11T13:00:46Z,18239.0,18239.6,135,1529.56091,1529.56091,0.09422999999992498,7.898680885784066e-05,-0.037899999999583434
2025-09-11T13:00:46Z,18239.0,18239.7,136,1529.55688,1529.55688,0.09020000000009532,7.560872502377616e-05,-0.035049999998727654
2025-09-11T13:00:46Z,18239.0,18239.8,137,1529.5539,1529.5539,0.08722000000011576,7.31107871017244e-05,-0.028399999999867254
2025-09-11T13:00:46Z,18239.0,18239.9,138,1529.5512,1529.5512,0.0845200000001114,7.084755475622206e-05,-0.025150000000008166
2025-09-11T13:00:46Z,18240.0,18240.0,139,1529.54887,1529.54887,0.08219000000008236,6.889446906545258e-05,-0.025150000000532968
2025-09-11T13:00:47Z,18240.0,18240.1,140,1529.54617,1529.54617,0.079490000000078,6.663123671995026e-05,-0.023850000000066374
2025-09-11T13:00:47Z,18240.0,18240.2,141,1529.5441,1529.5441,0.07742000000007465,6.48960919217318e-05,-0.01875000000027016
2025-09-11T13:00:47Z,18240.0,18240.3,142,1529.54242,1529.54242,0.07573999999999614,6.34878584622446e-05,-0.02029999999970533
2025-09-11T13:00:47Z,18240.0,18240.4,143,1529.54004,1529.54004,0.07336000000009335,6.149286106147912e-05,-0.019099999999285133
2025-09-11T13:00:47Z,18240.0,18240.5,144,1529.5386,1529.5386,0.07192000000009102,6.0285803810544536e-05,-0.016600000000394688
2025-09-11T13:00:47Z,18240.0,18240.6,145,1529.53672,1529.53672,0.07004000000006272,5.870992351069211e-05,-0.017500000000138294
2025-09-11T13:00:47Z,18240.0,18240.7,146,1529.5351,1529.5351,0.0684200000000601,5.735198410339071e-05,-0.016000000000465642
2025-09-11T13:00:47Z,18240.0,18240.8,147,1529.53352,1529.53352,0.06683999999995649,5.602757406408612e-05,-0.014550000000773944
2025-09-11T13:00:47Z,18240.0,18240.9,148,1529.53219,1529.53219,0.06550999999990381,5.491272257533336e-05,-0.012249999999684402
2025-09-11T13:00:47Z,18241.0,18241.0,149,1529.53107,1529.53107,0.06439000000000306,5.397390026913563e-05,-0.013799999999465185
2025-09-11T13:00:48Z,18241.0,18241.1,150,1529.52943,1529.52943,0.06275000000005093,5.2599196177835826e-05,-0.013099999999967304
2025-09-11T13:00:48Z,18241.0,18241.2,151,1529.52845,1529.52845,0.06177000000002408,5.1777726659817505e-05,-0.010600000000512977
2025-09-11T13:00:48Z,18241.0,18241.3,152,1529.52731,1529.52731,0.06062999999994645,5.082213966943077e-05,-0.008550000000086377
2025-09-11T13:00:48Z,18241.0,18241.4,153,1529.52674,1529.52674,0.06006000000002132,5.03443461743327e-05,-0.009450000000117309
2025-09-11T13:00:48Z,18241.0,18241.5,154,1529.52542,1529.52542,0.05873999999994339,4.923787702757914e-05,-0.011150000000432925
2025-09-11T13:00:48Z,18241.0,18241.6,155,1529.52451,1529.52451,0.057829999999967185,4.847508390374583e-05,-0.00944999999996815
2025-09-11T13:00:48Z,18241.0,18241.7,156,1529.52353,1529.52353,0.05684999999994034,4.765361438572751e-05,-0.009949999999859016
2025-09-11T13:00:48Z,18241.0,18241.8,157,1529.52252,1529.52252,0.05583999999998923,4.680699784171159e-05,-0.008399999999286922
2025-09-11T13:00:48Z,18241.0,18241.9,158,1529.52185,1529.52185,0.0551700000000892,4.62453809264309e-05,-0.007600000000143714
2025-09-11T13:00:48Z,18242.0,18242.0,159,1529.521,1529.521,0.05431999999996151,4.5532881854592805e-05,-0.009000000000145503
2025-09-11T13:00:49Z,18242.0,18242.1,160,1529.52005,1529.52005,0.05337000000008629,4.4736559362762686e-05,-0.008349999999393343
2025-09-11T13:00:49Z,18242.0,18242.2,161,1529.51933,1529.51933,0.05265000000008513,4.413303073729539e-05,-0.007650000000000934
2025-09-11T13:00:49Z,18242.0,18242.3,162,1529.51852,1529.51852,0.05184000000008382,4.34540610336447e-05,-0.007100000000274664
2025-09-11T13:00:49Z,18242.0,18242.4,163,1529.51791,1529.51791,0.051230000000032305,4.2942738170359226e-05,-0.006550000000508427
2025-09-11T13:00:49Z,18242.0,18242.5,164,1529.51721,1529.51721,0.050529999999980646,4.235597422889034e-05,-0.008300000000765778
2025-09-11T13:00:49Z,18242.0,18242.6,165,1529.51625,1529.51625,0.0495699999999033,4.155126939487043e-05,-0.007849999999542528
2025-09-11T13:00:49Z,18242.0,18242.7,166,1529.51564,1529.51564,0.04896000000007916,4.1039946531775544e-05,-0.007299999999776291
2025-09-11T13:00:49Z,18242.0,18242.8,167,1529.51479,1529.51479,0.04810999999995147,4.0327447459937445e-05,-0.006150000000452044
2025-09-11T13:00:49Z,18242.0,18242.9,168,1529.51441,1529.51441,0.04773000000000138,4.00089184632054e-05,-0.004149999999751713
2025-09-11T13:00:49Z,18243.0,18243.0,169,1529.51396,1529.51396,0.047280000000000655,3.9631713072288344e-05,-0.002368421052669878
2025-09-11T13:00:50Z,18243.0,18243.11111111111,170,1529.5134,1529.51396,0.047280000000000655,3.9631713072288344e-05,2.7755575615628914e-17
2025-09-11T13:00:50Z,18243.0,18243.222222222223,171,1529.5126,1529.51396,0.047280000000000655,3.9631713072288344e-05,0.20686500000593552
2025-09-11T13:00:50Z,18243.0,18243.333333333332,172,1529.55993,1529.55993,0.09324999999989814,7.816533933982234e-05,1.6041149999578583
2025-09-11T13:00:50Z,18243.0,18243.444444444445,173,1529.87043,1529.87043,0.40374999999994543,0.00033843705907220885,2.8279349999968852
2025-09-11T13:00:50Z,18243.0,18243.555555555555,174,1530.18836,1530.18836,0.7216800000001058,0.0006049368589258217,2.110995000020731
2025-09-11T13:00:50Z,18243.0,18243.666666666668,175,1530.33954,1530.33954,0.872859999999946,0.0007316611055895724,1.4950800000014857
2025-09-11T13:00:50Z,18243.0,18243.777777777777,176,1530.5206,1530.5206,1.053920000000062,0.0008834317902104063,1.5997049999987212
2025-09-11T13:00:50Z,18243.0,18243.88888888889,177,1530.69503,1530.69503,1.2283500000000913,0.0010296449820716652,1.7751600000031802
2025-09-11T13:00:50Z,18244.0,18244.0,178,1530.91508,1530.91508,1.4483999999999924,0.001214098418229724,1.638581578970994
2025-09-11T13:00:51Z,18244.0,18244.1,179,1531.04817,1531.04817,1.5814900000000307,0.0013256590081787995,1.4317499999915428
2025-09-11T13:00:51Z,18244.0,18244.2,180,1531.20143,1531.20143,1.7347500000000764,0.0014541267819829587,1.5215499999939954
2025-09-11T13:00:51Z,18244.0,18244.3,181,1531.35248,1531.35248,1.8858000000000175,0.0015807420582005292,1.5944499999911965
2025-09-11T13:00:51Z,18244.0,18244.4,182,1531.52032,1531.52032,2.0536400000000867,0.0017214312866704008,1.541699999989639
2025-09-11T13:00:51Z,18244.0,18244.5,183,1531.66082,1531.66082,2.1941400000000613,0.001839203192056514,1.3753500000195853
2025-09-11T13:00:51Z,18244.0,18244.6,184,1531.79539,1531.79539,2.328710000000001,0.001952004368624521,1.4779999999894216
2025-09-11T13:00:51Z,18244.0,18244.7,185,1531.95642,1531.95642,2.4897399999999834,0.002086985222178451,1.5781999999932417
2025-09-11T13:00:51Z,18244.0,18244.8,186,1532.11103,1532.11103,2.6443500000000313,0.0022165846121553613,1.368500000001296
2025-09-11T13:00:51Z,18244.0,18244.9,187,1532.23012,1532.23012,2.763439999999946,0.0023164099232758214,1.0778499999923188
2025-09-11T13:00:51Z,18245.0,18245.0,188,1532.3266,1532.3266,2.859920000000102,0.002397282759088438,1.0159500000145307
2025-09-11T13:00:52Z,18245.0,18245.1,189,1532.43331,1532.43331,2.9666299999998955,0.002486730730787585,1.1410499999931094
2025-09-11T13:00:52Z,18245.0,18245.2,190,1532.55481,1532.55481,3.088130000000092,0.0025885761863351895,1.1548499999939619
2025-09-11T13:00:52Z,18245.0,18245.3,191,1532.66428,1532.66428,3.197599999999966,0.002680337684432024,0.9293000000017386
2025-09-11T13:00:52Z,18245.0,18245.4,192,1532.74067,1532.74067,3.2739899999999125,0.002744370395125551,0.6701499999938481
2025-09-11T13:00:52Z,18245.0,18245.5,193,1532.79831,1532.79831,3.3316299999999046,0.0027926862145309307,0.6857500000100778
2025-09-11T13:00:52Z,18245.0,18245.6,194,1532.87782,1532.87782,3.411139999999932,0.0028593342159348796,0.6847500000018734
2025-09-11T13:00:52Z,18245.0,18245.7,195,1532.93526,1532.93526,3.4685799999999745,0.002907482388499894,0.5587999999974151
2025-09-11T13:00:52Z,18245.0,18245.8,196,1532.98958,1532.98958,3.522899999999936,0.002953015270354487,0.48440000000065453
2025-09-11T13:00:52Z,18245.0,18245.9,197,1533.03214,1533.03214,3.56546000000003,0.002988690517993241,0.3719999999965431
2025-09-11T13:00:52Z,18246.0,18246.0,198,1533.06398,1533.06398,3.5972999999999047,0.0030153798949859797,0.2811068421089846
2025-09-11T13:00:53Z,18246.0,18246.11111111111,199,1533.09061,1533.09061,3.623929999999973,0.00303770207178627,0.21546000000074983
2025-09-11T13:00:53Z,18246.0,18246.222222222223,200,1533.11186,1533.11186,3.645179999999982,0.0030555145485795542,0.1852649999993119
2025-09-11T13:00:53Z,18246.0,18246.333333333332,201,1533.13178,1533.13178,3.6650999999999385,0.0030722121738840855,0.18292499999916245
2025-09-11T13:00:53Z,18246.0,18246.444444444445,202,1533.15251,1533.15251,3.6858299999998962,0.003089588768892268,0.1417049999986162
2025-09-11T13:00:53Z,18246.0,18246.555555555555,203,1533.16327,1533.16327,3.6965900000000147,0.00309860816890628,0.08896500000058083
2025-09-11T13:00:53Z,18246.0,18246.666666666668,204,1533.17228,1533.17228,3.705600000000004,0.0031061606590666205,0.07226999999924288
2025-09-11T13:00:53Z,18246.0,18246.777777777777,205,1533.17933,1533.17933,3.7126499999999396,0.0031120702101909243,0.031725000000690784
2025-09-11T13:00:53Z,18246.0,18246.88888888889,206,1533.18593,1533.17933,3.7126499999999396,0.0031120702101909243,0.0
2025-09-11T13:00:54Z,18247.0,18247.0,207,1533.19202,1533.17933,3.7126499999999396,0.0031120702101909243,-7.880470588174203
2025-09-11T13:00:54Z,18247.0,18247.125,208,1531.08608,1531.08608,1.6194000000000415,0.001357436466778014,-9.579079999999522
2025-09-11T13:00:54Z,18247.0,18247.25,209,1530.78456,1530.78456,1.3178800000000592,0.00110469209017997,-2.022120000000541
2025-09-11T13:00:54Z,18247.0,18247.375,210,1530.58055,1530.58055,1.1138699999999062,0.0009336839306223665,-1.7133199999998396
2025-09-11T13:00:54Z,18247.0,18247.5,211,1530.35623,1530.35623,0.8895500000000993,0.0007456512344216909,-1.6427199999998265
2025-09-11T13:00:54Z,18247.0,18247.625,212,1530.16987,1530.16987,0.7031899999999496,0.000589437908530035,-1.4243200000000797
2025-09-11T13:00:54Z,18247.0,18247.75,213,1530.00015,1530.00015,0.5334700000000794,0.0004471727997605016,-1.5065199999999095
2025-09-11T13:00:54Z,18247.0,18247.875,214,1529.79324,1529.79324,0.3265599999999722,0.0002737337610170305,-1.464640000000145
2025-09-11T13:00:54Z,18248.0,18248.0,215,1529.63399,1529.63399,0.16731000000004315,0.00014024496434277033,-0.7388494117631469
2025-09-11T13:00:55Z,18248.0,18248.11111111111,216,1529.60475,1529.60475,0.1380699999999706,0.00011573499627516098,-0.1827450000023686
2025-09-11T13:00:55Z,18248.0,18248.222222222223,217,1529.59338,1529.59338,0.126700000000028,0.0001062042733980536,-0.08369999999869093
2025-09-11T13:00:55Z,18248.0,18248.333333333332,218,1529.58615,1529.58615,0.11947000000009211,0.00010014384011738311,-0.047115000000237384
2025-09-11T13:00:55Z,18248.0,18248.444444444445,219,1529.58291,1529.58291,0.11623000000008687,9.742796130278033e-05,-0.03199500000008648
2025-09-11T13:00:55Z,18248.0,18248.555555555555,220,1529.57904,1529.57904,0.11236000000008062,9.418399494089365e-05,-0.03091500000080405
2025-09-11T13:00:55Z,18248.0,18248.666666666668,221,1529.57604,1529.57604,0.10935999999992418,9.16692923346529e-05,-0.030014999999978975
2025-09-11T13:00:55Z,18248.0,18248.777777777777,222,1529.57237,1529.57237,0.1056900000000951,8.859297281332204e-05,-0.027629999999943866
2025-09-11T13:00:55Z,18248.0,18248.88888888889,223,1529.5699,1529.5699,0.10321999999996478,8.652253433418254e-05,-0.025515000000102428
2025-09-11T13:00:55Z,18249.0,18249.0,224,1529.5667,1529.5667,0.10002000000008593,8.384018488776715e-05,-0.02322105263234664
2025-09-11T13:00:56Z,18249.0,18249.1,225,1529.56488,1529.56488,0.09819999999990614,8.231459863990994e-05,-0.0208000000007475
2025-09-11T13:00:56Z,18249.0,18249.2,226,1529.56254,1529.56254,0.09585999999990236,8.035313060714125e-05,-0.022549999999797177
2025-09-11T13:00:56Z,18249.0,18249.3,227,1529.56037,1529.56037,0.09368999999992411,7.853416238874018e-05,-0.021199999999849006
2025-09-11T13:00:56Z,18249.0,18249.4,228,1529.5583,1529.5583,0.09161999999992076,7.679901759052174e-05,-0.020200000000067275
2025-09-11T13:00:56Z,18249.0,18249.5,229,1529.55633,1529.55633,0.08964999999989232,7.51476962124859e-05,-0.01810000000004003
2025-09-11T13:00:56Z,18249.0,18249.6,230,1529.55468,1529.55468,0.08799999999996544,7.37646097791869e-05,-0.01744999999904595
2025-09-11T13:00:56Z,18249.0,18249.7,231,1529.55284,1529.55284,0.08616000000006352,7.222225884752187e-05,-0.01634999999951342
2025-09-11T13:00:56Z,18249.0,18249.8,232,1529.55141,1529.55141,0.08473000000003594,7.102358393858649e-05,-0.014049999999728002
2025-09-11T13:00:56Z,18249.0,18249.9,233,1529.55003,1529.55003,0.0833500000001095,6.986682073983773e-05,-0.01494999999975899
2025-09-11T13:00:56Z,18250.0,18250.0,234,1529.54842,1529.54842,0.08174000000008164,6.851726367453553e-05,-0.014200000000734903
2025-09-11T13:00:57Z,18250.0,18250.1,235,1529.54719,1529.54719,0.08051000000000386,6.748623560596539e-05,-0.010849999999904492
2025-09-11T13:00:57Z,18250.0,18250.2,236,1529.54625,1529.54625,0.07957000000010339,6.669829545613447e-05,-0.012850000000604822
2025-09-11T13:00:57Z,18250.0,18250.3,237,1529.54462,1529.54462,0.07793999999989865,6.533197370664327e-05,-0.01340000000033098
2025-09-11T13:00:57Z,18250.0,18250.4,238,1529.54357,1529.54357,0.07689000000004853,6.445182779463054e-05,-0.010899999999739896
2025-09-11T13:00:57Z,18250.0,18250.5,239,1529.54244,1529.54244,0.07575999999994565,6.350462314624301e-05,-0.011750000000063654
2025-09-11T13:00:57Z,18250.0,18250.6,240,1529.54122,1529.54122,0.07454000000007,6.248197741986266e-05,-0.009800000000320164
2025-09-11T13:00:57Z,18250.0,18250.7,241,1529.54048,1529.54048,0.07379999999989195,6.186168411020637e-05,-0.007950000000382929
2025-09-11T13:00:57Z,18250.0,18250.8,242,1529.53963,1529.53963,0.07294999999999163,6.114918503855886e-05,-0.009699999999305153
2025-09-11T13:00:57Z,18250.0,18250.9,243,1529.53854,1529.53854,0.07186000000001513,6.023550975835873e-05,-0.011200000000114618
2025-09-11T13:00:57Z,18251.0,18251.0,244,1529.53739,1529.53739,0.07070999999996275,5.9271540425972794e-05,-0.010449999999916304
2025-09-11T13:00:58Z,18251.0,18251.1,245,1529.53645,1529.53645,0.06977000000006228,5.848360027614188e-05,-0.008149999999902624
2025-09-11T13:00:58Z,18251.0,18251.2,246,1529.53576,1529.53576,0.06907999999998538,5.79052186766722e-05,-0.0076999999998872415
2025-09-11T13:00:58Z,18251.0,18251.3,247,1529.53491,1529.53491,0.06823000000008506,5.719271960502469e-05,-0.008799999999339725
2025-09-11T13:00:58Z,18251.0,18251.4,248,1529.534,1529.534,0.06732000000010885,5.642992648119138e-05,-0.007350000000679369
2025-09-11T13:00:58Z,18251.0,18251.5,249,1529.53344,1529.53344,0.0667599999999311,5.596051532790191e-05,-0.007500000000500218
2025-09-11T13:00:58Z,18251.0,18251.6,250,1529.5325,1529.5325,0.06582000000003063,5.5172575178071e-05,-0.007499999999296014
2025-09-11T13:00:58Z,18251.0,18251.7,251,1529.53194,1529.53194,0.06526000000008025,5.470316402497213e-05,-0.006349999999888112
2025-09-11T13:00:58Z,18251.0,18251.8,252,1529.53123,1529.53123,0.06455000000005384,5.4108017741504044e-05,-0.006850000000879486
2025-09-11T13:00:58Z,18251.0,18251.9,253,1529.53057,1529.53057,0.06388999999990119,5.355478316803197e-05,-0.00864999999980448
2025-09-11T13:00:58Z,18252.0,18252.0,254,1529.5295,1529.5295,0.06282000000010157,5.265787257202083e-05,-0.005349999999075983
2025-09-11T13:00:59Z,18252.0,18252.1,255,1529.5293,1529.5295,0.06282000000010157,5.265787257202083e-05,0.0
2025-09-11T13:00:59Z,18252.0,18252.2,256,1529.52846,1529.5295,0.06282000000010157,5.265787257202083e-05,0.3330000000103046
2025-09-11T13:00:59Z,18252.0,18252.3,257,1529.5961,1529.5961,0.12941999999998188,0.00010848427042755433,1.5933999999597568
2025-09-11T13:00:59Z,18252.0,18252.4,258,1529.84818,1529.84818,0.38149999999996,0.00031978634807690797,2.4053499999872754
2025-09-11T13:00:59Z,18252.0,18252.5,259,1530.07717,1530.07717,0.6104900000000271,0.0005117335980013124,2.2360500000327437
2025-09-11T13:00:59Z,18252.0,18252.6,260,1530.29539,1530.29539,0.828710000000001,0.0006946530655697051,1.8426500000054702
2025-09-11T13:00:59Z,18252.0,18252.7,261,1530.4457,1530.4457,0.9790199999999913,0.00082064804847781,1.7907000000041906
2025-09-11T13:00:59Z,18252.0,18252.8,262,1530.65353,1530.65353,1.1868500000000495,0.0009948582626871135,2.026949999995119
2025-09-11T13:00:59Z,18252.0,18252.9,263,1530.85109,1530.85109,1.3844100000001163,0.0011604598116415092,1.8077499999865774
2025-09-11T13:00:59Z,18253.0,18253.0,264,1531.01508,1531.01508,1.5483999999999014,0.001297921838433302,1.4459500000208534
2025-09-11T13:01:00Z,18253.0,18253.1,265,1531.14028,1531.14028,1.6736000000000786,0.0014028687605284259,1.3983999999900796
2025-09-11T13:01:00Z,18253.0,18253.2,266,1531.29476,1531.29476,1.82808,0.0015323591800589652,1.511899999992588
2025-09-11T13:01:00Z,18253.0,18253.3,267,1531.44266,1531.44266,1.975979999999936,0.0016563340185401162,1.4615499999955333
2025-09-11T13:01:00Z,18253.0,18253.4,268,1531.58707,1531.58707,2.120390000000043,0.0017773834196563034,1.557849999998842
2025-09-11T13:01:00Z,18253.0,18253.5,269,1531.75423,1531.75423,2.28755000000001,0.0019175026488687046,1.621400000023817
2025-09-11T13:01:00Z,18253.0,18253.6,270,1531.91135,1531.91135,2.4446700000000874,0.002049206006692751,1.4479999999995332
2025-09-11T13:01:00Z,18253.0,18253.7,271,1532.04383,1532.04383,2.577150000000074,0.0021602552737785413,1.3826499999964064
2025-09-11T13:01:00Z,18253.0,18253.8,272,1532.18788,1532.18788,2.7211999999999534,0.0022810029105818043,1.321599999999508
2025-09-11T13:01:00Z,18253.0,18253.9,273,1532.30815,1532.30815,2.841470000000072,0.002381817338060839,1.336450000000017
2025-09-11T13:01:01Z,18254.0,18254.0,274,1532.45517,1532.45517,2.988489999999956,0.0025050545304441544,1.2615500000176176
2025-09-11T13:01:01Z,18254.0,18254.1,275,1532.56046,1532.56046,3.0937799999999243,0.0025933122095765553,1.0299499999978696
2025-09-11T13:01:01Z,18254.0,18254.2,276,1532.66116,1532.66116,3.1944800000001123,0.002677722393721793,0.9018999999929616
2025-09-11T13:01:01Z,18254.0,18254.3,277,1532.74084,1532.74084,3.274159999999938,0.0027445128949399188,0.7689999999973107
2025-09-11T13:01:01Z,18254.0,18254.4,278,1532.81496,1532.81496,3.3482799999999315,0.002806642813994862,0.6676499999952163
2025-09-11T13:01:01Z,18254.0,18254.5,279,1532.87437,1532.87437,3.4076900000000023,0.0028564423079379124,0.5528000000084319
2025-09-11T13:01:01Z,18254.0,18254.6,280,1532.92552,1532.92552,3.4588400000000092,0.0028993179873720875,0.5220499999973001
2025-09-11T13:01:01Z,18254.0,18254.7,281,1532.97878,1532.97878,3.5120999999999185,0.0029439623409724777,0.4992499999972715
2025-09-11T13:01:01Z,18254.0,18254.8,282,1533.02537,1533.02537,3.5586900000000696,0.0029830156724454868,0.4125000000003496
2025-09-11T13:01:01Z,18254.0,18254.9,283,1533.06128,1533.06128,3.5945999999999003,0.0030131166626404774,0.3493999999984361
2025-09-11T13:01:01Z,18255.0,18255.0,284,1533.09525,1533.09525,3.6285700000000816,0.0030415914784838105,0.28880000000492245
2025-09-11T13:01:02Z,18255.0,18255.1,285,1533.11904,1533.11904,3.6523600000000442,0.0030615330701502285,0.22499999999887876
2025-09-11T13:01:02Z,18255.0,18255.2,286,1533.14025,1533.14025,3.673569999999927,0.0030793120175753256,0.1819999999980304
2025-09-11T13:01:02Z,18255.0,18255.3,287,1533.15544,1533.15544,3.688760000000002,0.0030920447951043235,0.1459499999995444
2025-09-11T13:01:02Z,18255.0,18255.4,288,1533.16944,1533.16944,3.7027599999998984,0.003103780073932748,0.10889999999864841
2025-09-11T13:01:02Z,18255.0,18255.5,289,1533.17722,1533.17722,3.7105400000000373,0.0031103015360247088,0.0815500000022027
2025-09-11T13:01:02Z,18255.0,18255.6,290,1533.18575,1533.18575,3.7190700000001016,0.0031174516737681344,0.08349999999926538
2025-09-11T13:01:02Z,18255.0,18255.7,291,1533.19392,1533.19392,3.727239999999938,0.003124300047198636,0.08644999999987135
2025-09-11T13:01:02Z,18255.0,18255.8,292,1533.20304,1533.20304,3.7363600000001043,0.0031319447431213485,0.07015000000075133
2025-09-11T13:01:02Z,18255.0,18255.9,293,1533.20795,1533.20795,3.741269999999986,0.003136060473053249,0.024549999998427552
2025-09-11T13:01:02Z,18256.0,18256.0,294,1533.21229,1533.20795,3.741269999999986,0.003136060473053249,0.0
2025-09-11T13:01:03Z,18256.0,18256.1,295,1533.21591,1533.20795,3.741269999999986,0.003136060473053249,-0.28534999998891664
2025-09-11T13:01:03Z,18256.0,18256.2,296,1533.15088,1533.15088,3.684199999999919,0.003088222447142967,-11.280000000348995
2025-09-11T13:01:03Z,18256.0,18256.3,297,1530.95195,1530.95195,1.4852699999999004,0.001245004113258734,-12.157050000313038
2025-09-11T13:01:03Z,18256.0,18256.4,298,1530.71947,1530.71947,1.2527900000000045,0.0010501314259693656,-2.0034999999805985
2025-09-11T13:01:03Z,18256.0,18256.5,299,1530.55125,1530.55125,1.0845699999999852,0.000909123668502762,-1.5910000000228193
2025-09-11T13:01:03Z,18256.0,18256.6,300,1530.40127,1530.40127,0.9345900000000711,0.0007834053028813932,-1.4186499999971796
2025-09-11T13:01:03Z,18256.0,18256.7,301,1530.26752,1530.26752,0.8008400000001075,0.0006712914783590359,-1.541250000002024
2025-09-11T13:01:03Z,18256.0,18256.8,302,1530.09302,1530.09302,0.6263400000000274,0.0005250196101035919,-1.6095999999995252
2025-09-11T13:01:03Z,18256.0,18256.9,303,1529.9456,1529.9456,0.47892000000001644,0.0004014471240393554,-1.4351999999930276
2025-09-11T13:01:03Z,18257.0,18257.0,304,1529.80598,1529.80598,0.33930000000009386,0.00028441286475107804,-1.3908000000205927
2025-09-11T13:01:04Z,18257.0,18257.1,305,1529.66744,1529.66744,0.20075999999994565,0.000168283898400811,-0.9305500000136561
2025-09-11T13:01:04Z,18257.0,18257.2,306,1529.61987,1529.61987,0.15318999999999505,0.000128409097409974,-0.2876999999922001
2025-09-11T13:01:04Z,18257.0,18257.3,307,1529.6099,1529.6099,0.1432199999999284,0.00012005190241561381,-0.07685000000092868
2025-09-11T13:01:04Z,18257.0,18257.4,308,1529.6045,1529.6045,0.13781999999991967,0.00011552543772460915,-0.04939999999884859
2025-09-11T13:01:04Z,18257.0,18257.5,309,1529.60002,1529.60002,0.13334000000008928,0.0001117701484996276,-0.04420000000046209
2025-09-11T13:01:04Z,18257.0,18257.6,310,1529.59566,1529.59566,0.1289799999999559,0.00010811544737863647,-0.04295000000056837
2025-09-11T13:01:04Z,18257.0,18257.7,311,1529.59143,1529.59143,0.12474999999994907,0.00010456971670401616,-0.03984999999919869
2025-09-11T13:01:04Z,18257.0,18257.8,312,1529.58769,1529.58769,0.12101000000006934,0.0001014347207885003,-0.03334999999995347
2025-09-11T13:01:04Z,18257.0,18257.9,313,1529.58476,1529.58476,0.11807999999996355,9.897869457644455e-05,-0.02670000000060946
2025-09-11T13:01:04Z,18258.0,18258.0,314,1529.58235,1529.58235,0.11566999999990912,9.695855014949085e-05,-0.027050000000311103
2025-09-11T13:01:05Z,18258.0,18258.1,315,1529.57935,1529.57935,0.11266999999998006,9.444384754344069e-05,-0.027349999999156882
2025-09-11T13:01:05Z,18258.0,18258.2,316,1529.57688,1529.57688,0.11020000000007713,9.237340906449178e-05,-0.02484999999970261
2025-09-11T13:01:05Z,18258.0,18258.3,317,1529.57438,1529.57438,0.10770000000002256,9.027782355935468e-05,-0.02160000000008011
2025-09-11T13:01:05Z,18258.0,18258.4,318,1529.57256,1529.57256,0.10588000000007014,8.875223731168806e-05,-0.019800000000018247
2025-09-11T13:01:05Z,18258.0,18258.5,319,1529.57042,1529.57042,0.10374000000001615,8.695841611928461e-05,-0.020750000000209212
2025-09-11T13:01:05Z,18258.0,18258.6,320,1529.56841,1529.56841,0.1017300000000887,8.527356537325195e-05,-0.02050000000044927
2025-09-11T13:01:05Z,18258.0,18258.7,321,1529.56632,1529.56632,0.09963999999990847,8.352165589084451e-05,-0.01930000000002907
2025-09-11T13:01:05Z,18258.0,18258.8,322,1529.56455,1529.56455,0.09787000000005719,8.203798135336448e-05,-0.0163499999996371
2025-09-11T13:01:05Z,18258.0,18258.9,323,1529.56305,1529.56305,0.09636999999997897,8.078063005024411e-05,-0.014949999999715302
2025-09-11T13:01:05Z,18259.0,18259.0,324,1529.56156,1529.56156,0.09488000000010288,7.953166108931352e-05,-0.01430000000048387
2025-09-11T13:01:06Z,18259.0,18259.1,325,1529.56019,1529.56019,0.09350999999992382,7.838328023237337e-05,-0.014399999999945456
2025-09-11T13:01:06Z,18259.0,18259.2,326,1529.55868,1529.55868,0.09200000000009823,7.711754658744437e-05,-0.013849999999042295
2025-09-11T13:01:06Z,18259.0,18259.3,327,1529.55742,1529.55742,0.09074000000009619,7.606137149287662e-05,-0.013700000000563872
2025-09-11T13:01:06Z,18259.0,18259.4,328,1529.55594,1529.55594,0.08925999999996748,7.482078487375464e-05,-0.013250000000548379
2025-09-11T13:01:06Z,18259.0,18259.5,329,1529.55477,1529.55477,0.08808999999996558,7.38400508573703e-05,-0.012550000000329242
2025-09-11T13:01:06Z,18259.0,18259.6,330,1529.55343,1529.55343,0.08674999999993815,7.271681702661834e-05,-0.01170000000003818
2025-09-11T13:01:06Z,18259.0,18259.7,331,1529.55243,1529.55243,0.0857499999999618,7.187858282460161e-05,-0.009549999999711678
2025-09-11T13:01:06Z,18259.0,18259.8,332,1529.55152,1529.55152,0.0848399999999856,7.11157897007683e-05,-0.010799999999916321
2025-09-11T13:01:06Z,18259.0,18259.9,333,1529.55027,1529.55027,0.08358999999995831,7.006799694819975e-05,-0.01115000000018096
2025-09-11T13:01:06Z,18260.0,18260.0,334,1529.54929,1529.54929,0.08260999999993146,6.924652743018145e-05,-0.009035555555616304
2025-09-11T13:01:07Z,18260.0,18260.125,335,1529.54828,1529.54828,0.08159999999998035,6.839991088616552e-05,-0.006679999999505526
2025-09-11T13:01:07Z,18260.0,18260.25,336,1529.54762,1529.54762,0.08094000000005508,6.784667631288403e-05,-0.006959999999708089
2025-09-11T13:01:07Z,18260.0,18260.375,337,1529.54654,1529.54654,0.07986000000005333,6.694138337468311e-05,-0.008280000000013388
2025-09-11T13:01:07Z,18260.0,18260.5,338,1529.54555,1529.54555,0.07887000000005173,6.611153151466558e-05,-0.006559999999808497
2025-09-11T13:01:07Z,18260.0,18260.625,339,1529.5449,1529.5449,0.07822000000010121,6.55666792833833e-05,-0.005839999999807333
2025-09-11T13:01:07Z,18260.0,18260.75,340,1529.54409,1529.54409,0.0774100000000999,6.488770957973261e-05,-0.009320000000116124
2025-09-11T13:01:07Z,18260.0,18260.875,341,1529.54257,1529.54257,0.07589000000007218,6.361359359261383e-05,-0.01352000000042608
2025-09-11T13:01:07Z,18261.0,18261.0,342,1529.54071,1529.54071,0.07402999999999338,6.20544779767598e-05,-0.011052352941030907
2025-09-11T13:01:08Z,18261.0,18261.11111111111,343,1529.53986,1529.53986,0.07318000000009306,6.134197890511229e-05,-0.0038249999996697315
2025-09-11T13:01:08Z,18261.0,18261.222222222223,344,1529.5397,1529.53986,0.07318000000009306,6.134197890511229e-05,0.0
2025-09-11T13:01:08Z,18261.0,18261.333333333332,345,1529.5387,1529.53986,0.07318000000009306,6.134197890511229e-05,0.6925049999752536
2025-09-11T13:01:08Z,18261.0,18261.444444444445,346,1529.69375,1529.69375,0.2270699999999124,0.0001903378402563646,1.7946450000097525
2025-09-11T13:01:08Z,18261.0,18261.555555555555,347,1529.93867,1529.93867,0.47199000000000524,0.00039563816101923275,1.8101250000100384
2025-09-11T13:01:08Z,18261.0,18261.666666666668,348,1530.096,1530.096,0.629320000000007,0.0005275175480256437,2.3611050000264893
2025-09-11T13:01:08Z,18261.0,18261.777777777777,349,1530.46336,1530.46336,0.9966799999999694,0.0008354512644857569,2.446875000023891
2025-09-11T13:01:08Z,18261.0,18261.88888888889,350,1530.63975,1530.63975,1.1730700000000525,0.0009833073953830526,1.589984999997828
2025-09-11T13:01:08Z,18262.0,18262.0,351,1530.81669,1530.81669,1.3500100000001112,0.0011316245550914478,1.9610493749960587
2025-09-11T13:01:09Z,18262.0,18262.14285714286,352,1531.16454,1531.16454,1.6978599999999915,0.0014232043222697592,1.748844999985442
2025-09-11T13:01:09Z,18262.0,18262.285714285714,353,1531.31636,1531.31636,1.8496800000000349,0.0015504650388229837,1.154824999999943
2025-09-11T13:01:09Z,18262.0,18262.428571428572,354,1531.49449,1531.49449,2.027810000000045,0.001699779697231762,1.602790000012006
2025-09-11T13:01:09Z,18262.0,18262.571428571428,355,1531.7743,1531.7743,2.3076200000000426,0.0019343260093036053,1.5505350000130695
2025-09-11T13:01:09Z,18262.0,18262.714285714286,356,1531.9375,1531.9375,2.4708200000000033,0.0020711258310759364,1.4509250000103666
2025-09-11T13:01:09Z,18262.0,18262.85714285714,357,1532.18885,1532.18885,2.7221700000000055,0.0022818159977578234,1.3028400000137168
2025-09-11T13:01:09Z,18263.0,18263.0,358,1532.30974,1532.30974,2.843059999999923,0.002383150130441952,0.939200000005048
2025-09-11T13:01:10Z,18263.0,18263.11111111111,359,1532.42213,1532.42213,2.955449999999928,0.0024773592724088435,1.4522399999834583
2025-09-11T13:01:10Z,18263.0,18263.222222222223,360,1532.63246,1532.63246,3.1657800000000407,0.0026536650721232843,1.30342499997907
2025-09-11T13:01:10Z,18263.0,18263.333333333332,361,1532.71178,1532.71178,3.245100000000093,0.002720153809028867,0.6949799999994539
2025-09-11T13:01:10Z,18263.0,18263.444444444445,362,1532.7869,1532.7869,3.320220000000063,0.0027831219622858265,0.6990749999994748
2025-09-11T13:01:10Z,18263.0,18263.555555555555,363,1532.86713,1532.86713,3.4004500000000917,0.0028503734923152426,0.6452550000011339
2025-09-11T13:01:10Z,18263.0,18263.666666666668,364,1532.93029,1532.93029,3.463610000000017,0.002903316364515808,0.515294999996792
2025-09-11T13:01:10Z,18263.0,18263.777777777777,365,1532.98164,1532.98164,3.5149599999999737,0.0029463596907903485,0.4673699999987111
2025-09-11T13:01:10Z,18263.0,18263.88888888889,366,1533.03415,1533.03415,3.5674699999999575,0.002990375368739274,0.5062499999999766
2025-09-11T13:01:11Z,18264.0,18264.0,367,1533.09414,1533.09414,3.627459999999928,0.0030406610385194212,0.3825893750056366
2025-09-11T13:01:11Z,18264.0,18264.14285714286,368,1533.1199,1533.1199,3.6532199999999193,0.0030622539515638755,0.20009500000101532
2025-09-11T13:01:11Z,18264.0,18264.285714285714,369,1533.15131,1533.15131,3.68462999999997,0.003088582887849886,0.15158500000208264
2025-09-11T13:01:11Z,18264.0,18264.428571428572,370,1533.16321,1533.16321,3.696529999999939,0.0030985578748540946,0.07503999999986988
2025-09-11T13:01:11Z,18264.0,18264.571428571428,371,1533.17275,1533.17275,3.7060699999999542,0.003106554629141536,0.08599499999980864
2025-09-11T13:01:11Z,18264.0,18264.714285714286,372,1533.18778,1533.18778,3.7210999999999785,0.003119153289198166,0.0719599999998426
2025-09-11T13:01:11Z,18264.0,18264.85714285714,373,1533.19331,1533.19331,3.726630000000114,0.003123788724335541,0.019355000001002765
2025-09-11T13:01:11Z,18265.0,18265.0,374,1533.20045,1533.19331,3.726630000000114,0.003123788724335541,0.0
2025-09-11T13:01:12Z,18265.0,18265.125,375,1533.20568,1533.19331,3.726630000000114,0.003123788724335541,-8.362880000000587
2025-09-11T13:01:12Z,18265.0,18265.25,376,1531.10259,1531.10259,1.6359099999999671,0.001371275713453575,-9.306280000000697
2025-09-11T13:01:12Z,18265.0,18265.375,377,1530.86674,1530.86674,1.4000599999999395,0.001173578176903233,-2.315039999999499
2025-09-11T13:01:12Z,18265.0,18265.5,378,1530.52383,1530.52383,1.0571500000000924,0.0008861392866830099,-2.1006799999995565
2025-09-11T13:01:12Z,18265.0,18265.625,379,1530.34157,1530.34157,0.8748900000000503,0.0007333627210197941,-1.4370800000006057
2025-09-11T13:01:12Z,18265.0,18265.75,380,1530.16456,1530.16456,0.697879999999941,0.0005849868849172138,-1.3778800000000047
2025-09-11T13:01:12Z,18265.0,18265.875,381,1529.9971,1529.9971,0.5304200000000492,0.00044461618544426487,-1.7106800000001385
2025-09-11T13:01:12Z,18266.0,18266.0,382,1529.73689,1529.73689,0.27020999999990636,0.00022649926373221604,-1.4795270588271836
2025-09-11T13:01:13Z,18266.0,18266.11111111111,383,1529.63197,1529.63197,0.16528999999991356,0.00013855173125454788,-0.5486400000111377
2025-09-11T13:01:13Z,18266.0,18266.222222222223,384,1529.61497,1529.61497,0.14829000000008818,0.000124301749820073,-0.09683999999802795
2025-09-11T13:01:13Z,18266.0,18266.333333333332,385,1529.61045,1529.61045,0.14376999999990403,0.00012051293122671347,-0.044909999999966144
2025-09-11T13:01:13Z,18266.0,18266.444444444445,386,1529.60499,1529.60499,0.13831000000004678,0.0001159361724837136,-0.04513499999940496
2025-09-11T13:01:13Z,18266.0,18266.555555555555,387,1529.60042,1529.60042,0.13373999999998887,0.00011210544218035806,-0.036989999999786916
2025-09-11T13:01:13Z,18266.0,18266.666666666668,388,1529.59677,1529.59677,0.13009000000010928,0.0001090458873430256,-0.030104999999563065
2025-09-11T13:01:13Z,18266.0,18266.777777777777,389,1529.59373,1529.59373,0.12705000000005384,0.00010649765536878804,-0.02947500000015224
2025-09-11T13:01:13Z,18266.0,18266.88888888889,390,1529.59022,1529.59022,0.12354000000004817,0.00010355545331963501,-0.02988000000016533
2025-09-11T13:01:13Z,18267.0,18267.0,391,1529.58709,1529.58709,0.12040999999999258,0.00010093178026721403,-0.02673000000043224
2025-09-11T13:01:14Z,18267.0,18267.11111111111,392,1529.58428,1529.58428,0.11760000000003856,9.857634215952989e-05,-0.021105000000019025
2025-09-11T13:01:14Z,18267.0,18267.222222222223,393,1529.5824,1529.5824,0.11572000000001026,9.700046185967746e-05,-0.019845000000091706
2025-09-11T13:01:14Z,18267.0,18267.333333333332,394,1529.57987,1529.57987,0.11319000000003143,9.487972932854275e-05,-0.0227249999998832
2025-09-11T13:01:14Z,18267.0,18267.444444444445,395,1529.57735,1529.57735,0.11067000000002736,9.276737913940725e-05,-0.020744999999705083
2025-09-11T13:01:14Z,18267.0,18267.555555555555,396,1529.57526,1529.57526,0.1085800000000745,9.10154696571904e-05,-0.015390000000108817
2025-09-11T13:01:14Z,18267.0,18267.666666666668,397,1529.57393,1529.57393,0.10725000000002183,8.990061816843764e-05,-0.014895000000320124
2025-09-11T13:01:14Z,18267.0,18267.777777777777,398,1529.57195,1529.57195,0.10527000000001863,8.824091444840259e-05,-0.01773000000022673
2025-09-11T13:01:14Z,18267.0,18267.88888888889,399,1529.56999,1529.56999,0.10330999999996493,8.659797541236596e-05,-0.022454999999698355
2025-09-11T13:01:14Z,18268.0,18268.0,400,1529.56696,1529.56696,0.10028000000011161,8.405812578031818e-05,-0.018864736842295837
2025-09-11T13:01:15Z,18268.0,18268.1,401,1529.56583,1529.56583,0.09915000000000873,8.311092113193064e-05,-0.013000000000038203
2025-09-11T13:01:15Z,18268.0,18268.2,402,1529.56436,1529.56436,0.09768000000008215,8.187871685499846e-05,-0.0144999999997108
2025-09-11T13:01:15Z,18268.0,18268.3,403,1529.56293,1529.56293,0.09625000000005457,8.06800419460631e-05,-0.012300000000805833
2025-09-11T13:01:15Z,18268.0,18268.4,404,1529.5619,1529.5619,0.09521999999992659,7.981666071785817e-05,-0.011250000000011862
2025-09-11T13:01:15Z,18268.0,18268.5,405,1529.56068,1529.56068,0.09400000000005093,7.879401499147782e-05,-0.012100000000321964
2025-09-11T13:01:15Z,18268.0,18268.6,406,1529.55948,1529.55948,0.09279999999989741,7.778813394890528e-05,-0.012149999999969963
2025-09-11T13:01:15Z,18268.0,18268.7,407,1529.55825,1529.55825,0.091570000000047,7.675710588052573e-05,-0.011649999998942229
2025-09-11T13:01:15Z,18268.0,18268.8,408,1529.55715,1529.55715,0.09047000000009575,7.58350482583264e-05,-0.01224999999967713
2025-09-11T13:01:15Z,18268.0,18268.9,409,1529.5558,1529.5558,0.08912000000009357,7.470343208557522e-05,-0.016200000000065495
2025-09-11T13:01:16Z,18269.0,18269.0,410,1529.55391,1529.55391,0.08723000000009051,7.31191694437236e-05,-0.013400526316006134
2025-09-11T13:01:16Z,18269.0,18269.11111111111,411,1529.5531,1529.5531,0.0864200000000892,7.24401997400729e-05,-0.005714999999936743
2025-09-11T13:01:16Z,18269.0,18269.222222222223,412,1529.55264,1529.55264,0.08596000000011372,7.205461200715665e-05,-0.007334999999989378
2025-09-11T13:01:16Z,18269.0,18269.333333333332,413,1529.55147,1529.55147,0.08479000000011183,7.10738779907723e-05,-0.008325000000525218
2025-09-11T13:01:16Z,18269.0,18269.444444444445,414,1529.55079,1529.55079,0.08411000000000968,7.050387873330182e-05,-0.006885000000023678
2025-09-11T13:01:16Z,18269.0,18269.555555555555,415,1529.54994,1529.54994,0.08326000000010936,6.979137966165431e-05,-0.0077849999997666175
2025-09-11T13:01:16Z,18269.0,18269.666666666668,416,1529.54906,1529.54906,0.08238000000005741,6.905373356381861e-05,-0.0065700000007502535
2025-09-11T13:01:16Z,18269.0,18269.777777777777,417,1529.54848,1529.54848,0.08179999999993015,6.856755772653074e-05,-0.006390000000187801
2025-09-11T13:01:16Z,18269.0,18269.88888888889,418,1529.54764,1529.54764,0.08096000000000458,6.786344099688244e-05,-0.00724500000010192
2025-09-11T13:01:16Z,18270.0,18270.0,419,1529.54687,1529.54687,0.08018999999990228,6.721800066122855e-05,-0.006651052631984344
2025-09-11T13:01:17Z,18270.0,18270.1,420,1529.54623,1529.54623,0.07954999999992651,6.668153077194547e-05,-0.003199999999983605
2025-09-11T13:01:17Z,18270.0,18270.2,421,1529.54538,1529.54623,0.07954999999992651,6.668153077194547e-05,-5.551115123125783e-17
2025-09-11T13:01:17Z,18270.0,18270.3,422,1529.5447,1529.54623,0.07954999999992651,6.668153077194547e-05,0.959649999962517
2025-09-11T13:01:17Z,18270.0,18270.4,423,1529.73816,1529.73816,0.2714800000001105,0.00022756382116897357,2.1633500000017274
2025-09-11T13:01:17Z,18270.0,18270.5,424,1529.9789,1529.9789,0.5122200000000703,0.0004293603229672174,2.156900000031338
2025-09-11T13:01:17Z,18270.0,18270.6,425,1530.16954,1530.16954,0.7028600000001006,0.0005891612912434897,1.864799999994334
2025-09-11T13:01:17Z,18270.0,18270.7,426,1530.35186,1530.35186,0.8851799999999912,0.0007419881509587006,1.9947999999989268
2025-09-11T13:01:17Z,18270.0,18270.8,427,1530.5685,1530.5685,1.1018200000000888,0.0009235832084879793,1.9462000000007933
2025-09-11T13:01:17Z,18270.0,18270.9,428,1530.7411,1530.7411,1.2744199999999637,0.0010682624317593819,1.6773999999919367
2025-09-11T13:01:17Z,18271.0,18271.0,429,1530.90398,1530.90398,1.4373000000000502,0.0012047940185871667,1.6711426316038525
2025-09-11T13:01:18Z,18271.0,18271.11111111111,430,1531.09489,1531.09489,1.628210000000081,0.001364821310097989,1.567215000001898
2025-09-11T13:01:18Z,18271.0,18271.222222222223,431,1531.25225,1531.25225,1.785570000000007,0.0014967258441303975,1.3917599999964159
2025-09-11T13:01:18Z,18271.0,18271.333333333332,432,1531.40417,1531.40417,1.9374900000000252,0.0016240703841038046,1.368674999997177
2025-09-11T13:01:18Z,18271.0,18271.444444444445,433,1531.5564,1531.5564,2.089719999999943,0.0017516747766797586,1.3203899999958342
2025-09-11T13:01:18Z,18271.0,18271.555555555555,434,1531.69759,1531.69759,2.2309099999999944,0.0018700250636653414,1.3851449999938126
2025-09-11T13:01:18Z,18271.0,18271.666666666668,435,1531.86421,1531.86421,2.3975299999999606,0.002009691646408642,1.358954999992621
2025-09-11T13:01:18Z,18271.0,18271.777777777777,436,1531.99958,1531.99958,2.532899999999927,0.0021231634103383006,1.8160199999769944
2025-09-11T13:01:18Z,18271.0,18271.88888888889,437,1532.26777,1532.26777,2.801089999999931,0.002347969440982485,1.6316099999713334
2025-09-11T13:01:18Z,18272.0,18272.0,438,1532.36216,1532.36216,2.895479999999907,0.002427090367312694,1.0651363158058071
2025-09-11T13:01:19Z,18272.0,18272.1,439,1532.48808,1532.48808,3.021400000000085,0.0025326408180332853,1.1572499999994772
2025-09-11T13:01:19Z,18272.0,18272.2,440,1532.59361,1532.59361,3.126929999999902,0.0026210996733740484,0.8635499999890044
2025-09-11T13:01:19Z,18272.0,18272.3,441,1532.66079,1532.66079,3.1941099999999096,0.0026774122470668697,0.7193499999961865
2025-09-11T13:01:19Z,18272.0,18272.4,442,1532.73748,1532.73748,3.2708000000000084,0.0027416964280211347,0.7907499999990169
2025-09-11T13:01:19Z,18272.0,18272.5,443,1532.81894,1532.81894,3.352260000000115,0.002809978986119121,0.7212000000109029
2025-09-11T13:01:19Z,18272.0,18272.6,444,1532.88172,1532.88172,3.41504000000009,0.0028626033293229543,0.5924999999981928
2025-09-11T13:01:19Z,18272.0,18272.7,445,1532.93744,1532.93744,3.4707599999999275,0.0029093097390602944,0.5298499999962907
2025-09-11T13:01:19Z,18272.0,18272.8,446,1532.98769,1532.98769,3.521009999999933,0.0029514310077126352,0.4696999999993565
2025-09-11T13:01:19Z,18272.0,18272.9,447,1533.03138,1533.03138,3.5646999999999025,0.0029880534599995862,0.3732499999964247
2025-09-11T13:01:19Z,18273.0,18273.0,448,1533.06234,1533.06234,3.5956599999999526,0.0030140051908946796,0.2744500000045633
2025-09-11T13:01:20Z,18273.0,18273.1,449,1533.08627,1533.08627,3.6195900000000165,0.0030340641353494677,0.2401499999998613
2025-09-11T13:01:20Z,18273.0,18273.2,450,1533.11037,1533.11037,3.643690000000106,0.0030542655796186235,0.21104999999848317
2025-09-11T13:01:20Z,18273.0,18273.3,451,1533.12848,1533.12848,3.6618000000000848,0.0030694460010174877,0.1458499999997258
2025-09-11T13:01:20Z,18273.0,18273.4,452,1533.13954,1533.13954,3.6728599999999005,0.0030787168712918572,0.10614999999861396
2025-09-11T13:01:20Z,18273.0,18273.5,453,1533.14971,1533.14971,3.683029999999917,0.0030872417131265826,0.10730000000236828
2025-09-11T13:01:20Z,18273.0,18273.6,454,1533.161,1533.161,3.6943200000000616,0.0030967053772676966,0.08855000000095714
2025-09-11T13:01:20Z,18273.0,18273.7,455,1533.16742,1533.16742,3.700739999999996,0.0031020868408447163,0.05859999999942289
2025-09-11T13:01:20Z,18273.0,18273.8,456,1533.17272,1533.17272,3.70604000000003,0.0031065294821155383,0.05754999999984278
2025-09-11T13:01:20Z,18273.0,18273.9,457,1533.17893,1533.17893,3.71225000000004,0.003111734916510194,0.031049999998806754
2025-09-11T13:01:20Z,18274.0,18274.0,458,1533.18243,1533.17893,3.71225000000004,0.003111734916510194,0.0
2025-09-11T13:01:21Z,18274.0,18274.1,459,1533.18635,1533.17893,3.71225000000004,0.003111734916510194,-10.44424999958251
2025-09-11T13:01:21Z,18274.0,18274.2,460,1531.09008,1531.09008,1.6233999999999469,0.0013607894035860808,-11.83719999962759
2025-09-11T13:01:21Z,18274.0,18274.3,461,1530.81149,1530.81149,1.3448100000000522,0.0011272657372408085,-2.440500000003844
2025-09-11T13:01:21Z,18274.0,18274.4,462,1530.60198,1530.60198,1.1352999999999156,0.0009516472895720175,-2.0384999999904103
2025-09-11T13:01:21Z,18274.0,18274.5,463,1530.40379,1530.40379,0.9371100000000752,0.0007855176530705287,-1.6509500000235358
2025-09-11T13:01:21Z,18274.0,18274.6,464,1530.27179,1530.27179,0.8051100000000133,0.000674870738401653,-1.413749999991837
2025-09-11T13:01:21Z,18274.0,18274.7,465,1530.12104,1530.12104,0.6543599999999969,0.0005485069324446303,-1.5967999999972426
2025-09-11T13:01:21Z,18274.0,18274.8,466,1529.95243,1529.95243,0.48575000000005275,0.0004071722636392954,-1.5270000000000492
2025-09-11T13:01:21Z,18274.0,18274.9,467,1529.81564,1529.81564,0.3489600000000337,0.0002925102071427006,-1.5750500000019525
2025-09-11T13:01:22Z,18275.0,18275.0,468,1529.63742,1529.63742,0.17074000000002343,0.00014312010765573914,-0.9999863158046104
2025-09-11T13:01:22Z,18275.0,18275.11111111111,469,1529.62288,1529.62288,0.15619999999989886,0.00013093218235802338,-0.08856000000170816
2025-09-11T13:01:22Z,18275.0,18275.222222222223,470,1529.61774,1529.61774,0.15105999999991582,0.00012662365855956975,-0.04580999999986235
2025-09-11T13:01:22Z,18275.0,18275.333333333332,471,1529.6127,1529.6127,0.14601999999990767,0.00012239895818129875,-0.042614999999853964
2025-09-11T13:01:22Z,18275.0,18275.444444444445,472,1529.60827,1529.60827,0.14158999999995103,0.0001186855806663132,-0.04153499999947774
2025-09-11T13:01:22Z,18275.0,18275.555555555555,473,1529.60347,1529.60347,0.13679000000001906,0.00011466205649659482,-0.03649500000009853
2025-09-11T13:01:22Z,18275.0,18275.666666666668,474,1529.60016,1529.60016,0.13347999999996318,0.00011188750128780702,-0.02956499999998663
2025-09-11T13:01:22Z,18275.0,18275.777777777777,475,1529.5969,1529.5969,0.13022000000000844,0.00010915485778920583,-0.03005999999974296
2025-09-11T13:01:22Z,18275.0,18275.88888888889,476,1529.59348,1529.59348,0.1268000000000029,0.0001062880968182362,-0.027314999999426326
2025-09-11T13:01:22Z,18276.0,18276.0,477,1529.59083,1529.59083,0.12415000000009968,0.00010406677618292048,-0.02403421052640664
2025-09-11T13:01:23Z,18276.0,18276.1,478,1529.58841,1529.58841,0.1217300000000705,0.00010203824941396759,-0.024749999999929995
2025-09-11T13:01:23Z,18276.0,18276.2,479,1529.58588,1529.58588,0.11920000000009168,9.991751688283288e-05,-0.022700000000491105
2025-09-11T13:01:23Z,18276.0,18276.3,480,1529.58387,1529.58387,0.11718999999993684,9.823266613660965e-05,-0.021649999999773573
2025-09-11T13:01:23Z,18276.0,18276.4,481,1529.58155,1529.58155,0.11487000000010994,9.628796278802996e-05,-0.020449999999353263
2025-09-11T13:01:23Z,18276.0,18276.5,482,1529.57978,1529.57978,0.11310000000003129,9.480428825035934e-05,-0.018250000000800348
2025-09-11T13:01:23Z,18276.0,18276.6,483,1529.5779,1529.5779,0.11122000000000298,9.322840795050692e-05,-0.01690000000054026
2025-09-11T13:01:23Z,18276.0,18276.7,484,1529.5764,1529.5764,0.10971999999992477,9.197105664738653e-05,-0.017500000000181815
2025-09-11T13:01:23Z,18276.0,18276.8,485,1529.5744,1529.5744,0.10771999999997206,9.029458824335309e-05,-0.01714999999994271
2025-09-11T13:01:23Z,18276.0,18276.9,486,1529.57297,1529.57297,0.10628999999994448,8.909591333441771e-05,-0.014899999999865465
2025-09-11T13:01:23Z,18277.0,18277.0,487,1529.57142,1529.57142,0.1047399999999925,8.779665032130132e-05,-0.014049999999974472
2025-09-11T13:01:24Z,18277.0,18277.1,488,1529.57016,1529.57016,0.10347999999999047,8.674047522673357e-05,-0.013199999999572554
2025-09-11T13:01:24Z,18277.0,18277.2,489,1529.56878,1529.56878,0.10210000000006403,8.55837120279848e-05,-0.012249999999666139
2025-09-11T13:01:24Z,18277.0,18277.3,490,1529.56771,1529.56771,0.10103000000003703,8.468680143178307e-05,-0.012450000000290173
2025-09-11T13:01:24Z,18277.0,18277.4,491,1529.56629,1529.56629,0.09960999999998421,8.349650886484691e-05,-0.01420000000047661
2025-09-11T13:01:24Z,18277.0,18277.5,492,1529.56487,1529.56487,0.09818999999993139,8.230621629791073e-05,-0.012349999999694439
2025-09-11T13:01:24Z,18277.0,18277.6,493,1529.56382,1529.56382,0.09714000000008127,8.1426070385898e-05,-0.010199999999232379
2025-09-11T13:01:24Z,18277.0,18277.7,494,1529.56283,1529.56283,0.09615000000007967,8.059621852588048e-05,-0.00965000000060301
2025-09-11T13:01:24Z,18277.0,18277.8,495,1529.56189,1529.56189,0.09520999999995183,7.980827837585898e-05,-0.009850000000090064
2025-09-11T13:01:24Z,18277.0,18277.9,496,1529.56086,1529.56086,0.09418000000005122,7.894489714784464e-05,-0.009999999999716236
2025-09-11T13:01:24Z,18278.0,18278.0,497,1529.55989,1529.55989,0.09320999999999913,7.813180997182553e-05,-0.009750000000536607
2025-09-11T13:01:25Z,18278.0,18278.1,498,1529.55891,1529.55891,0.09222999999997228,7.731034045380721e-05,-0.009449999999993575
2025-09-11T13:01:25Z,18278.0,18278.2,499,1529.558,1529.558,0.09131999999999607,7.65475473299739e-05,-0.009900000000009124
2025-09-11T13:01:25Z,18278.0,18278.3,500,1529.55693,1529.55693,0.09024999999996908,7.565063673377216e-05,-0.009649999999513437
2025-09-11T13:01:25Z,18278.0,18278.4,501,1529.55607,1529.55607,0.089390000000094,7.492975532012546e-05,-0.008999999999996344
2025-09-11T13:01:25Z,18278.0,18278.5,502,1529.55513,1529.55513,0.08844999999996617,7.414181517010395e-05,-0.009900000000160059
2025-09-11T13:01:25Z,18278.0,18278.6,503,1529.55409,1529.55409,0.0874100000000908,7.327005160009042e-05,-0.00594999999989726
2025-09-11T13:01:25Z,18278.0,18278.7,504,1529.55394,1529.55394,0.08726000000001477,7.31443164697212e-05,-0.004750000000613874
2025-09-11T13:01:25Z,18278.0,18278.8,505,1529.55314,1529.55314,0.08645999999998821,7.24737291080697e-05,-0.007699999999869034
2025-09-11T13:01:25Z,18278.0,18278.9,506,1529.5524,1529.5524,0.08572000000003754,7.185343579860401e-05,-0.00885000000041386
2025-09-11T13:01:25Z,18279.0,18279.0,507,1529.55137,1529.55137,0.08468999999990956,7.09900545703991e-05,-0.008649999999887248
2025-09-11T13:01:26Z,18279.0,18279.1,508,1529.55067,1529.55067,0.08399000000008527,7.040329062912081e-05,-0.003499999999236003
2025-09-11T13:01:26Z,18279.0,18279.2,509,1529.54994,1529.55067,0.08399000000008527,7.040329062912081e-05,0.0
2025-09-11T13:01:26Z,18279.0,18279.3,510,1529.54951,1529.55067,0.08399000000008527,7.040329062912081e-05,0.0040999999997162195
2025-09-11T13:01:26Z,18279.0,18279.4,511,1529.55149,1529.55149,0.08481000000006134,7.10906426747707e-05,1.1758000000379532
2025-09-11T13:01:26Z,18279.0,18279.5,512,1529.78583,1529.78583,0.319150000000036,0.00026752244557999317,2.3788500000346735
2025-09-11T13:01:26Z,18279.0,18279.6,513,1530.02726,1530.02726,0.5605800000000727,0.0004698973289777067,2.129850000002633
2025-09-11T13:01:26Z,18279.0,18279.7,514,1530.2118,1530.2118,0.7451200000000426,0.0006245850686215054,1.8830499999946588
2025-09-11T13:01:26Z,18279.0,18279.8,515,1530.40387,1530.40387,0.9371900000001006,0.0007855847118067128,1.8228999999965896
2025-09-11T13:01:26Z,18279.0,18279.9,516,1530.57638,1530.57638,1.1096999999999753,0.0009301884939999321,1.7132999999923184
2025-09-11T13:01:26Z,18280.0,18280.0,517,1530.74653,1530.74653,1.2798499999998967,0.0010728140434763842,1.7022863158144892
2025-09-11T13:01:27Z,18280.0,18280.11111111111,518,1530.93577,1530.93577,1.469090000000051,0.0012314414838699092,1.563165000002562
2025-09-11T13:01:27Z,18280.0,18280.222222222223,519,1531.0939,1531.0939,1.6272200000000794,0.0013639914582379716,1.4129099999966508
2025-09-11T13:01:27Z,18280.0,18280.333333333332,520,1531.24975,1531.24975,1.7830699999999524,0.0014946302586252606,1.508084999993514
2025-09-11T13:01:27Z,18280.0,18280.444444444445,521,1531.42903,1531.42903,1.962350000000015,0.0016449088863664245,1.476314999992935
2025-09-11T13:01:27Z,18280.0,18280.555555555555,522,1531.57782,1531.57782,2.1111399999999776,0.0017696297532874105,1.3779449999960622
2025-09-11T13:01:27Z,18280.0,18280.666666666668,523,1531.73524,1531.73524,2.2685599999999795,0.0019015845813720048,1.9884600000154737
2025-09-11T13:01:27Z,18280.0,18280.777777777777,524,1532.0197,1532.0197,2.5530200000000605,0.002140028682483388,1.9257300000174258
2025-09-11T13:01:27Z,18280.0,18280.88888888889,525,1532.16318,1532.16318,2.6965000000000146,0.002260298525791553,1.0985849999918766
2025-09-11T13:01:27Z,18281.0,18281.0,526,1532.26383,1532.26383,2.7971500000001015,0.0023446667982266038,0.9585450000136788
2025-09-11T13:01:28Z,18281.0,18281.11111111111,527,1532.37619,1532.37619,2.9095099999999547,0.002438850793167307,0.9431100000003347
2025-09-11T13:01:28Z,18281.0,18281.222222222223,528,1532.47341,1532.47341,3.0067300000000614,0.0025203439222893894,0.8568899999984385
2025-09-11T13:01:28Z,18281.0,18281.333333333332,529,1532.56661,1532.56661,3.099930000000086,0.0025984673499192157,1.1856599999857895
2025-09-11T13:01:28Z,18281.0,18281.444444444445,530,1532.73689,1532.73689,3.2702099999999064,0.002741201869841848,0.9678599999794972
2025-09-11T13:01:28Z,18281.0,18281.555555555555,531,1532.78169,1532.78169,3.3150100000000293,0.002778754762093188,0.47321999999715736
2025-09-11T13:01:28Z,18281.0,18281.666666666668,532,1532.84205,1532.84205,3.3753699999999753,0.0028293505785280688,0.5574149999989881
2025-09-11T13:01:28Z,18281.0,18281.777777777777,533,1532.90556,1532.90556,3.4388799999999264,0.0028825868326993686,0.49338000000223303
2025-09-11T13:01:28Z,18281.0,18281.88888888889,534,1532.95169,1532.95169,3.485010000000102,0.0029212545764394616,0.36944999999820105
2025-09-11T13:01:28Z,18282.0,18282.0,535,1532.98766,1532.98766,3.5209800000000087,0.0029514058606866377,0.31813526316252805
2025-09-11T13:01:29Z,18282.0,18282.1,536,1533.01897,1533.01897,3.5522900000000845,0.0029776509735524653,0.2878999999994498
2025-09-11T13:01:29Z,18282.0,18282.2,537,1533.04524,1533.04524,3.578559999999925,0.002999671386039832,0.21989999999723864
2025-09-11T13:01:29Z,18282.0,18282.3,538,1533.06295,1533.06295,3.596270000000004,0.003014516513757965,0.1649000000007419
2025-09-11T13:01:29Z,18282.0,18282.4,539,1533.07822,1533.07822,3.6115400000001046,0.0030273163500231476,0.16614999999989877
2025-09-11T13:01:29Z,18282.0,18282.5,540,1533.09618,1533.09618,3.6295000000000073,0.0030423710362916423,0.1602000000014563
2025-09-11T13:01:29Z,18282.0,18282.6,541,1533.11026,1533.11026,3.643579999999929,0.003054173373856251,0.1193000000004183
2025-09-11T13:01:29Z,18282.0,18282.7,542,1533.12004,1533.12004,3.6533600000000206,0.003062371304352245,0.09110000000020335
2025-09-11T13:01:29Z,18282.0,18282.8,543,1533.12848,1533.12848,3.6618000000000848,0.0030694460010174877,0.07595000000040386
2025-09-11T13:01:29Z,18282.0,18282.9,544,1533.13523,1533.13523,3.6685500000000957,0.0030751040818812435,0.03374999999870454
2025-09-11T13:01:29Z,18283.0,18283.0,545,1533.14179,1533.13523,3.6685500000000957,0.0030751040818812435,0.0
2025-09-11T13:01:30Z,18283.0,18283.1,546,1533.14799,1533.13523,3.6685500000000957,0.0030751040818812435,-3.360149999866419
2025-09-11T13:01:30Z,18283.0,18283.2,547,1532.4632,1532.4632,2.9965199999999186,0.0025117855510864763,-10.920950000113947
2025-09-11T13:01:30Z,18283.0,18283.3,548,1530.95104,1530.95104,1.4843599999999242,0.0012442413201349007,-8.538900000208198
2025-09-11T13:01:30Z,18283.0,18283.4,549,1530.75542,1530.75542,1.2887399999999616,0.0010802659455325435,-1.8933499999899706
2025-09-11T13:01:30Z,18283.0,18283.5,550,1530.57237,1530.57237,1.105690000000095,0.000926827174849866,-1.7446500000247989
2025-09-11T13:01:30Z,18283.0,18283.6,551,1530.40649,1530.40649,0.9398100000000795,0.000787780885416031,-1.7225999999919241
2025-09-11T13:01:30Z,18283.0,18283.7,552,1530.22785,1530.22785,0.7611699999999928,0.00063803872756415,-1.662699999989992
2025-09-11T13:01:30Z,18283.0,18283.8,553,1530.07395,1530.07395,0.6072699999999713,0.000509034483870708,-1.4715499999970794
2025-09-11T13:01:30Z,18283.0,18283.9,554,1529.93354,1529.93354,0.46685999999999694,0.00039133801956277834,-1.3826499999935198
2025-09-11T13:01:30Z,18284.0,18284.0,555,1529.79742,1529.79742,0.3307400000001053,0.00027723757998165477,-1.4486500000208964
2025-09-11T13:01:31Z,18284.0,18284.1,556,1529.64381,1529.64381,0.17713000000003376,0.00014847642420676133,-0.8241000000238579
2025-09-11T13:01:31Z,18284.0,18284.2,557,1529.6326,1529.6326,0.16591999999991458,0.00013907981880183177,-0.09089999999904508
2025-09-11T13:01:31Z,18284.0,18284.3,558,1529.62563,1529.62563,0.15895000000000437,0.00013323732641371233,-0.0648999999997909
2025-09-11T13:01:31Z,18284.0,18284.4,559,1529.61962,1529.61962,0.15293999999994412,0.00012819953885942218,-0.05479999999994911
2025-09-11T13:01:31Z,18284.0,18284.5,560,1529.61467,1529.61467,0.14798999999993612,0.0001240502795593346,-0.04640000000062394
2025-09-11T13:01:31Z,18284.0,18284.6,561,1529.61034,1529.61034,0.14365999999995438,0.00012042072546453166,-0.043449999999275124
2025-09-11T13:01:31Z,18284.0,18284.7,562,1529.60598,1529.60598,0.13930000000004839,0.00011676602434373113,-0.041549999999462406
2025-09-11T13:01:31Z,18284.0,18284.8,563,1529.60203,1529.60203,0.13535000000001673,0.00011345499924566024,-0.034600000000234665
2025-09-11T13:01:31Z,18284.0,18284.9,564,1529.59906,1529.59906,0.13238000000001193,0.00011096544366560769,-0.02664999999958262
2025-09-11T13:01:31Z,18285.0,18285.0,565,1529.5967,1529.5967,0.13002000000005864,0.0001089872109488406,-0.025200000000407452
2025-09-11T13:01:32Z,18285.0,18285.1,566,1529.59402,1529.59402,0.12734000000000378,0.00010674074328733668,-0.026599999999827095
2025-09-11T13:01:32Z,18285.0,18285.2,567,1529.59138,1529.59138,0.1247000000000753,0.00010452780499402016,-0.024600000000263744
2025-09-11T13:01:32Z,18285.0,18285.3,568,1529.5891,1529.5891,0.12241999999992004,0.00010261663101324668,-0.023050000000828574
2025-09-11T13:01:32Z,18285.0,18285.4,569,1529.58677,1529.58677,0.120089999999891,0.00010066354532247719,-0.023449999999831772
2025-09-11T13:01:32Z,18285.0,18285.5,570,1529.58441,1529.58441,0.11772999999993772,9.868531260571011e-05,-0.020699999999197805
2025-09-11T13:01:32Z,18285.0,18285.6,571,1529.58263,1529.58263,0.11595000000011169,9.719325572623088e-05,-0.018699999999297834
2025-09-11T13:01:32Z,18285.0,18285.7,572,1529.58067,1529.58067,0.11399000000005799,9.555031669019426e-05,-0.016300000000731174
2025-09-11T13:01:32Z,18285.0,18285.8,573,1529.57937,1529.57937,0.11268999999992957,9.44606122274391e-05,-0.016850000000457444
2025-09-11T13:01:32Z,18285.0,18285.9,574,1529.5773,1529.5773,0.11061999999992622,9.272546742922065e-05,-0.01709999999983458
2025-09-11T13:01:32Z,18286.0,18286.0,575,1529.57595,1529.57595,0.10926999999992404,9.159385125646948e-05,-0.012949999999325112
2025-09-11T13:01:33Z,18286.0,18286.1,576,1529.57471,1529.57471,0.10803000000009888,9.055444084609073e-05,-0.013949999999915419
2025-09-11T13:01:33Z,18286.0,18286.2,577,1529.57316,1529.57316,0.10647999999991953,8.925517783278375e-05,-0.012950000000133688
2025-09-11T13:01:33Z,18286.0,18286.3,578,1529.57212,1529.57212,0.10544000000004417,8.838341426277022e-05,-0.01084999999983538
2025-09-11T13:01:33Z,18286.0,18286.4,579,1529.57099,1529.57099,0.10430999999994128,8.743620961438268e-05,-0.014350000000208252
2025-09-11T13:01:33Z,18286.0,18286.5,580,1529.56925,1529.56925,0.10257000000001426,8.597768210290027e-05,-0.014299999999347057
2025-09-11T13:01:33Z,18286.0,18286.6,581,1529.56813,1529.56813,0.1014500000001135,8.503885979670253e-05,-0.012550000000051909
2025-09-11T13:01:33Z,18286.0,18286.7,582,1529.56674,1529.56674,0.10005999999998494,8.387371425576396e-05,-0.01110000000025474
2025-09-11T13:01:33Z,18286.0,18286.8,583,1529.56591,1529.56591,0.09923000000003412,8.317797986811486e-05,-0.008500000000101815
2025-09-11T13:01:33Z,18286.0,18286.9,584,1529.56504,1529.56504,0.09835999999995693,8.244871611227836e-05,-0.00975000000039744
2025-09-11T13:01:33Z,18287.0,18287.0,585,1529.56396,1529.56396,0.09727999999995518,8.154342317407742e-05,-0.010499999999790788
2025-09-11T13:01:34Z,18287.0,18287.1,586,1529.56294,1529.56294,0.09626000000002932,8.06884242880623e-05,-0.008950000000153668
2025-09-11T13:01:34Z,18287.0,18287.2,587,1529.56217,1529.56217,0.09548999999992702,8.00429839524084e-05,-0.00859999999988903
2025-09-11T13:01:34Z,18287.0,18287.3,588,1529.56122,1529.56122,0.0945400000000518,7.924666146057829e-05,-0.009449999999982694
2025-09-11T13:01:34Z,18287.0,18287.4,589,1529.56028,1529.56028,0.09359999999992397,7.845872131055678e-05,-0.009049999999842628
2025-09-11T13:01:34Z,18287.0,18287.5,590,1529.55941,1529.55941,0.09273000000007414,7.772945755491087e-05,-0.00779999999974712
2025-09-11T13:01:34Z,18287.0,18287.6,591,1529.55872,1529.55872,0.09203999999999724,7.715107595544119e-05,-0.009250000000401104
2025-09-11T13:01:34Z,18287.0,18287.7,592,1529.55756,1529.55756,0.0908799999999701,7.617872428105604e-05,-0.008350000000370172
2025-09-11T13:01:34Z,18287.0,18287.8,593,1529.55705,1529.55705,0.09036999999989348,7.575122483795319e-05,-0.006600000000311024
2025-09-11T13:01:34Z,18287.0,18287.9,594,1529.55624,1529.55624,0.08955999999989217,7.507225513430248e-05,-0.008749999999500657
2025-09-11T13:01:34Z,18288.0,18288.0,595,1529.5553,1529.5553,0.0886199999999917,7.428431498447157e-05,-0.006999999999481588
2025-09-11T13:01:35Z,18288.0,18288.1,596,1529.55484,1529.55484,0.08816000000001623,7.389872725155531e-05,-0.0022999999999527287
2025-09-11T13:01:35Z,18288.0,18288.2,597,1529.55412,1529.55484,0.08816000000001623,7.389872725155531e-05,0.0
2025-09-11T13:01:35Z,18288.0,18288.3,598,1529.55319,1529.55484,0.08816000000001623,7.389872725155531e-05,0.6240499999751516
2025-09-11T13:01:35Z,18288.0,18288.4,599,1529.67965,1529.67965,0.21297000000004118,0.00017851873800775727,1.6754500000096344
2025-09-11T13:01:35Z,18288.0,18288.5,600,1529.88993,1529.88993,0.42325000000005275,0.0003547826260120114,2.175900000031392
2025-09-11T13:01:35Z,18288.0,18288.6,601,1530.11483,1530.11483,0.6481499999999869,0.000543301498049975,2.061799999999485
2025-09-11T13:01:35Z,18288.0,18288.7,602,1530.30229,1530.30229,0.8356100000000879,0.0007004368815638301,2.000699999997133
2025-09-11T13:01:35Z,18288.0,18288.8,603,1530.51497,1530.51497,1.0482899999999518,0.0008787125316528482,1.919300000000133
2025-09-11T13:01:35Z,18288.0,18288.9,604,1530.68615,1530.68615,1.2194700000000012,0.0010222014623575053,1.5364499999878634
2025-09-11T13:01:35Z,18289.0,18289.0,605,1530.82226,1530.82226,1.355579999999918,0.0011362935195966296,1.644800000024194
2025-09-11T13:01:36Z,18289.0,18289.1,606,1531.01511,1531.01511,1.548430000000053,0.0012979469854594902,1.7125000000014907
2025-09-11T13:01:36Z,18289.0,18289.2,607,1531.16476,1531.16476,1.6980799999998908,0.001423388733794123,1.5477999999958314
2025-09-11T13:01:36Z,18289.0,18289.3,608,1531.32467,1531.32467,1.8579899999999725,0.0015574307650418552,1.5384999999969473
2025-09-11T13:01:36Z,18289.0,18289.4,609,1531.47246,1531.47246,2.005779999999959,0.0016813133977608245,1.7323500000027234
2025-09-11T13:01:36Z,18289.0,18289.5,610,1531.67114,1531.67114,2.2044599999999264,0.001847853769021418,1.8929000000278258
2025-09-11T13:01:36Z,18289.0,18289.6,611,1531.85104,1531.85104,2.384360000000015,0.0019986521019678665,1.4516500000075556
2025-09-11T13:01:36Z,18289.0,18289.7,612,1531.96147,1531.96147,2.4947899999999663,0.002091218304898721,1.0518999999941983
2025-09-11T13:01:36Z,18289.0,18289.8,613,1532.06142,1532.06142,2.5947400000000016,0.002174999813392303,1.0806499999932218
2025-09-11T13:01:36Z,18289.0,18289.9,614,1532.1776,1532.1776,2.7109199999999873,0.002272385862984897,1.0791999999934259
2025-09-11T13:01:36Z,18290.0,18290.0,615,1532.27726,1532.27726,2.8105800000000727,0.0023559242835599304,1.0726000000155747
2025-09-11T13:01:37Z,18290.0,18290.1,616,1532.39212,1532.39212,2.9254399999999805,0.0024522038640057706,1.07149999999824
2025-09-11T13:01:37Z,18290.0,18290.2,617,1532.49156,1532.49156,3.024879999999939,0.00253555787305625,0.9023999999933157
2025-09-11T13:01:37Z,18290.0,18290.3,618,1532.5726,1532.5726,3.105919999999969,0.0026034883727893165,0.80614999999802
2025-09-11T13:01:37Z,18290.0,18290.4,619,1532.65279,1532.65279,3.186110000000099,0.0026707063734507357,0.6595499999927306
2025-09-11T13:01:37Z,18290.0,18290.5,620,1532.70451,1532.70451,3.237830000000031,0.002714059846380009,0.5745000000073954
2025-09-11T13:01:37Z,18290.0,18290.6,621,1532.76769,1532.76769,3.3010099999999056,0.002767019483264573,0.5278000000017045
2025-09-11T13:01:37Z,18290.0,18290.7,622,1532.81007,1532.81007,3.3433899999999994,0.00280254384874696,0.4396499999996877
2025-09-11T13:01:37Z,18290.0,18290.8,623,1532.85562,1532.85562,3.388940000000048,0.002840725416649765,0.40795000000027315
2025-09-11T13:01:37Z,18290.0,18290.9,624,1532.89166,1532.89166,3.424980000000005,0.0028709353772911265,0.3672499999982435
2025-09-11T13:01:37Z,18291.0,18291.0,625,1532.92907,1532.92907,3.462389999999914,0.002902293718789237,0.29905000000420046
2025-09-11T13:01:38Z,18291.0,18291.1,626,1532.95147,1532.95147,3.4847899999999754,0.0029210701649149073,0.274449999997735
2025-09-11T13:01:38Z,18291.0,18291.2,627,1532.98396,1532.98396,3.517280000000028,0.0029483043941391186,0.3189999999992672
2025-09-11T13:01:38Z,18291.0,18291.3,628,1533.01527,1533.01527,3.548590000000104,0.002974549507004946,0.2979499999998261
2025-09-11T13:01:38Z,18291.0,18291.4,629,1533.04355,1533.04355,3.576870000000099,0.002998254770238536,0.2630499999981204
2025-09-11T13:01:38Z,18291.0,18291.5,630,1533.06788,1533.06788,3.6012000000000626,0.0030186490083740545,0.20305000000303153
2025-09-11T13:01:38Z,18291.0,18291.6,631,1533.08416,1533.08416,3.617480000000114,0.0030322954611832526,0.12580000000046
2025-09-11T13:01:38Z,18291.0,18291.7,632,1533.09304,1533.09304,3.626359999999977,0.003039738980897222,0.106399999999919
2025-09-11T13:01:38Z,18291.0,18291.8,633,1533.10544,1533.10544,3.6387600000000475,0.0030501330850025345,0.11825000000022001
2025-09-11T13:01:38Z,18291.0,18291.9,634,1533.11669,1533.11669,3.6500100000000657,0.003059563219775461,0.05624999999783853
2025-09-11T13:01:38Z,18292.0,18292.0,635,1533.12914,1533.11669,3.6500100000000657,0.003059563219775461,0.0
2025-09-11T13:01:39Z,18292.0,18292.1,636,1533.13882,1533.11669,3.6500100000000657,0.003059563219775461,-9.798849999608683
2025-09-11T13:01:39Z,18292.0,18292.2,637,1531.15692,1531.15692,1.6902399999999034,0.001416816977650167,-11.557349999665945
2025-09-11T13:01:39Z,18292.0,18292.3,638,1530.80522,1530.80522,1.3385399999999663,0.0011220100087939672,-2.500750000027117
2025-09-11T13:01:39Z,18292.0,18292.4,639,1530.65677,1530.65677,1.1900900000000547,0.0009975741415017164,-1.5796999999974917
2025-09-11T13:01:39Z,18292.0,18292.5,640,1530.48928,1530.48928,1.0226000000000113,0.0008571782950025792,-1.655550000024494
2025-09-11T13:01:39Z,18292.0,18292.6,641,1530.32566,1530.32566,0.8589799999999741,0.0007200264148653287,-1.5687999999967555
2025-09-11T13:01:39Z,18292.0,18292.7,642,1530.17552,1530.17552,0.7088400000000092,0.0005941739317715916,-1.5841499999971562
2025-09-11T13:01:39Z,18292.0,18292.8,643,1530.00883,1530.00883,0.5421499999999924,0.0004544486726341059,-1.6528499999948971
2025-09-11T13:01:39Z,18292.0,18292.9,644,1529.84495,1529.84495,0.3782699999999295,0.00031707885160430437,-1.497749999989189
2025-09-11T13:01:39Z,18293.0,18293.0,645,1529.70928,1529.70928,0.24260000000003856,0.00020335561741409788,-1.029850000014883
2025-09-11T13:01:40Z,18293.0,18293.1,646,1529.63898,1529.63898,0.17229999999995016,0.00014442775301085474,-0.3942000000104374
2025-09-11T13:01:40Z,18293.0,18293.2,647,1529.63044,1529.63044,0.1637599999999111,0.0001372692329254299,-0.06754999999908784
2025-09-11T13:01:40Z,18293.0,18293.3,648,1529.62547,1529.62547,0.15878999999995358,0.00013310320894134388,-0.05669999999963071
2025-09-11T13:01:40Z,18293.0,18293.4,649,1529.6191,1529.6191,0.15241999999989275,0.00012776365707432011,-0.04989999999952344
2025-09-11T13:01:40Z,18293.0,18293.5,650,1529.61549,1529.61549,0.14880999999991218,0.0001247376316049845,-0.0379000000003602
2025-09-11T13:01:40Z,18293.0,18293.6,651,1529.61152,1529.61152,0.14483999999993102,0.0001214098418229152,-0.042449999999435106
2025-09-11T13:01:40Z,18293.0,18293.7,652,1529.607,1529.607,0.14031999999997424,0.00011762102322974626,-0.038299999999545364
2025-09-11T13:01:40Z,18293.0,18293.8,653,1529.60386,1529.60386,0.1371799999999439,0.00011498896783532607,-0.030849999999326028
2025-09-11T13:01:40Z,18293.0,18293.9,654,1529.60083,1529.60083,0.13415000000009059,0.0001124491182032783,-0.029899999999419835
2025-09-11T13:01:40Z,18294.0,18294.0,655,1529.59788,1529.59788,0.1312000000000353,0.00010997632730722414,-0.02860000000096774
2025-09-11T13:01:41Z,18294.0,18294.1,656,1529.59511,1529.59511,0.12842999999998028,0.0001076544185675368,-0.026149999999877216
2025-09-11T13:01:41Z,18294.0,18294.2,657,1529.59265,1529.59265,0.1259700000000521,0.0001055923624305871,-0.020049999999162238
2025-09-11T13:01:41Z,18294.0,18294.3,658,1529.5911,1529.5911,0.12442000000010012,0.00010429309941747071,-0.021099999999879993
2025-09-11T13:01:41Z,18294.0,18294.4,659,1529.58843,1529.58843,0.12175000000002001,0.000102055014097966,-0.02215000000067391
2025-09-11T13:01:41Z,18294.0,18294.5,660,1529.58667,1529.58667,0.11998999999991611,0.00010057972190229459,-0.018050000000165545
2025-09-11T13:01:41Z,18294.0,18294.6,661,1529.58482,1529.58482,0.11814000000003944,9.902898862863035e-05,-0.019199999999177764
2025-09-11T13:01:41Z,18294.0,18294.7,662,1529.58283,1529.58283,0.11615000000006148,9.736090256659612e-05,-0.017149999999738874
2025-09-11T13:01:41Z,18294.0,18294.8,663,1529.58139,1529.58139,0.11471000000005915,9.615384531566154e-05,-0.014800000000081859
2025-09-11T13:01:41Z,18294.0,18294.9,664,1529.57987,1529.57987,0.11319000000003143,9.487972932854275e-05,-0.0161000000002528
2025-09-11T13:01:41Z,18295.0,18295.0,665,1529.57817,1529.57817,0.11149000000000342,9.345473118505715e-05,-0.014800000000365632
2025-09-11T13:01:42Z,18295.0,18295.1,666,1529.57691,1529.57691,0.11023000000000138,9.239855609048939e-05,-0.014499999999648905
2025-09-11T13:01:42Z,18295.0,18295.2,667,1529.57527,1529.57527,0.10859000000004926,9.10238519991896e-05,-0.014800000000038227
2025-09-11T13:01:42Z,18295.0,18295.3,668,1529.57395,1529.57395,0.10726999999997133,8.991738285243603e-05,-0.012199999999885414
2025-09-11T13:01:42Z,18295.0,18295.4,669,1529.57283,1529.57283,0.10615000000007058,8.897856054623829e-05,-0.01124999999997911
2025-09-11T13:01:42Z,18295.0,18295.5,670,1529.5717,1529.5717,0.1050199999999677,8.803135589785077e-05,-0.01180000000107495
2025-09-11T13:01:42Z,18295.0,18295.6,671,1529.57047,1529.57047,0.10378999999988991,8.700032782928062e-05,-0.010599999999408749
2025-09-11T13:01:42Z,18295.0,18295.7,672,1529.56958,1529.56958,0.10290000000009059,8.62542993896363e-05,-0.01059999999940886
2025-09-11T13:01:42Z,18295.0,18295.8,673,1529.56835,1529.56835,0.1016700000000128,8.522327132106615e-05,-0.010050000000819459
2025-09-11T13:01:42Z,18295.0,18295.9,674,1529.56757,1529.56757,0.10088999999993575,8.456944864341307e-05,-0.011150000000351934
2025-09-11T13:01:42Z,18296.0,18296.0,675,1529.56612,1529.56612,0.09943999999995867,8.335400905047928e-05,-0.010599999999539755
2025-09-11T13:01:43Z,18296.0,18296.1,676,1529.56545,1529.56545,0.09877000000005864,8.27923921351986e-05,-0.00834999999929148
2025-09-11T13:01:43Z,18296.0,18296.2,677,1529.56445,1529.56445,0.09777000000008229,8.195415793318188e-05,-0.008950000000070013
2025-09-11T13:01:43Z,18296.0,18296.3,678,1529.56366,1529.56366,0.09698000000003049,8.129195291352958e-05,-0.009300000000309228
2025-09-11T13:01:43Z,18296.0,18296.4,679,1529.56259,1529.56259,0.09591000000000349,8.039504231732786e-05,-0.00859999999977995
2025-09-11T13:01:43Z,18296.0,18296.5,680,1529.56194,1529.56194,0.09526000000005297,7.985019008604558e-05,-0.008900000000396535
2025-09-11T13:01:43Z,18296.0,18296.6,681,1529.56081,1529.56081,0.09412999999995009,7.890298543765804e-05,-0.009250000000561143
2025-09-11T13:01:43Z,18296.0,18296.7,682,1529.56009,1529.56009,0.09340999999994892,7.829945681219075e-05,-0.006650000000219203
2025-09-11T13:01:43Z,18296.0,18296.8,683,1529.55948,1529.55948,0.09279999999989741,7.778813394890528e-05,-0.0067999999998344385
2025-09-11T13:01:43Z,18296.0,18296.9,684,1529.55873,1529.55873,0.09204999999997199,7.715945829744039e-05,-0.007149999998962264
2025-09-11T13:01:43Z,18297.0,18297.0,685,1529.55805,1529.55805,0.0913700000000972,7.65894590401605e-05,-0.005899999999969097
2025-09-11T13:01:44Z,18297.0,18297.1,686,1529.55755,1529.55755,0.09086999999999534,7.617034193905685e-05,-0.0025000000005911405
2025-09-11T13:01:44Z,18297.0,18297.2,687,1529.55673,1529.55755,0.09086999999999534,7.617034193905685e-05,0.0
2025-09-11T13:01:44Z,18297.0,18297.3,688,1529.55582,1529.55755,0.09086999999999534,7.617034193905685e-05,1.1223499999556377
2025-09-11T13:01:44Z,18297.0,18297.4,689,1529.78202,1529.78202,0.31534000000010565,0.00026432877327029234,2.141199999988244
2025-09-11T13:01:44Z,18297.0,18297.5,690,1529.98579,1529.98579,0.5191099999999551,0.0004351357566191527,2.1457500000309047
2025-09-11T13:01:44Z,18297.0,18297.6,691,1530.21117,1530.21117,0.7444900000000416,0.0006240569810742214,2.17074999999535
2025-09-11T13:01:44Z,18297.0,18297.7,692,1530.41994,1530.41994,0.9532600000000002,0.0007990551354333561,1.76859999998229
2025-09-11T13:01:44Z,18297.0,18297.8,693,1530.56489,1530.56489,1.0982100000001083,0.0009205571830186437,1.582399999989188
2025-09-11T13:01:44Z,18297.0,18297.9,694,1530.73642,1530.73642,1.2697399999999561,0.0010643394956938446,1.8010499999956897
2025-09-11T13:01:44Z,18298.0,18298.0,695,1530.9251,1530.9251,1.4584199999999328,0.00122249752493408,1.7415000000258845
2025-09-11T13:01:45Z,18298.0,18298.1,696,1531.08472,1531.08472,1.6180400000000645,0.0013562964682632636,1.5695999999955221
2025-09-11T13:01:45Z,18298.0,18298.2,697,1531.23902,1531.23902,1.7723399999999856,0.001485636005637436,1.5357999999933494
2025-09-11T13:01:45Z,18298.0,18298.3,698,1531.39188,1531.39188,1.9251999999999043,0.001613768485760674,1.6626999999896128
2025-09-11T13:01:45Z,18298.0,18298.4,699,1531.57156,1531.57156,2.104880000000094,0.0017643824071827592,1.5867999999866278
2025-09-11T13:01:45Z,18298.0,18298.5,700,1531.70924,1531.70924,2.242559999999912,0.0018797904921189982,1.4895500000216835
2025-09-11T13:01:45Z,18298.0,18298.6,701,1531.86947,1531.86947,2.4027900000000955,0.0020141007583114674,1.5499999999971283
2025-09-11T13:01:45Z,18298.0,18298.7,702,1532.01924,1532.01924,2.552560000000085,0.002139643094750472,1.2489999999855232
2025-09-11T13:01:45Z,18298.0,18298.8,703,1532.11927,1532.11927,2.6525899999999183,0.0022234916619800474,1.0795499999926612
2025-09-11T13:01:45Z,18298.0,18298.9,704,1532.23515,1532.23515,2.7684699999999793,0.0023206262413120932,1.2010499999979718
2025-09-11T13:01:45Z,18299.0,18299.0,705,1532.35948,1532.35948,2.8928000000000793,0.0024248438996513806,1.1563000000169268
2025-09-11T13:01:46Z,18299.0,18299.1,706,1532.46641,1532.46641,2.9997299999999996,0.0025144762828750817,1.0206499999973087
2025-09-11T13:01:46Z,18299.0,18299.2,707,1532.56361,1532.56361,3.0969299999999294,0.002595952647312975,0.8072499999913649
2025-09-11T13:01:46Z,18299.0,18299.3,708,1532.62786,1532.62786,3.1611800000000585,0.002649809194793931,0.6066999999998242
2025-09-11T13:01:46Z,18299.0,18299.4,709,1532.68495,1532.68495,3.218270000000075,0.002697663985388211,0.6389500000001735
2025-09-11T13:01:46Z,18299.0,18299.5,710,1532.75565,1532.75565,3.288970000000063,0.002756927143472185,0.6252000000085935
2025-09-11T13:01:46Z,18299.0,18299.6,711,1532.80999,1532.80999,3.343309999999974,0.002802476790010776,0.5618999999974328
2025-09-11T13:01:46Z,18299.0,18299.7,712,1532.86803,1532.86803,3.401350000000093,0.002851127903097077,0.49304999999506904
2025-09-11T13:01:46Z,18299.0,18299.8,713,1532.9086,1532.9086,3.441919999999982,0.002885135064673606,0.4098499999981371
2025-09-11T13:01:46Z,18299.0,18299.9,714,1532.95,1532.95,3.483320000000049,0.002919837960637975,0.3631999999972919
2025-09-11T13:01:46Z,18300.0,18300.0,715,1532.98124,1532.98124,3.514560000000074,0.002946024397109618,0.24985000000378932
2025-09-11T13:01:47Z,18300.0,18300.1,716,1532.99997,1532.99997,3.533290000000079,0.0029617245237137666,0.2323999999973836
2025-09-11T13:01:47Z,18300.0,18300.2,717,1533.02772,1533.02772,3.561040000000048,0.002984985522820255,0.23264999999676306
2025-09-11T13:01:47Z,18300.0,18300.3,718,1533.0465,1533.0465,3.579819999999927,0.0030007275611343993,0.1721499999995899
2025-09-11T13:01:47Z,18300.0,18300.4,719,1533.06215,1533.06215,3.5954699999999775,0.0030138459263963136,0.16535000000061828
2025-09-11T13:01:47Z,18300.0,18300.5,720,1533.07957,1533.07957,3.6128900000001067,0.0030284479661958985,0.1420500000026763
2025-09-11T13:01:47Z,18300.0,18300.6,721,1533.09056,1533.09056,3.6238800000000992,0.003037660160076274,0.10594999999942445
2025-09-11T13:01:47Z,18300.0,18300.7,722,1533.10076,1533.10076,3.63408000000004,0.003046210148936997,0.092699999998338
2025-09-11T13:01:47Z,18300.0,18300.8,723,1533.1091,1533.1091,3.642419999999902,0.003053201022181866,0.08379999999956667
2025-09-11T13:01:47Z,18300.0,18300.9,724,1533.11752,1533.11752,3.6508400000000165,0.00306025895416311,0.04209999999888936
2025-09-11T13:01:47Z,18301.0,18301.0,725,1533.12392,1533.11752,3.6508400000000165,0.00306025895416311,0.0
2025-09-11T13:01:48Z,18301.0,18301.1,726,1533.12876,1533.11752,3.6508400000000165,0.00306025895416311,-10.708199999571743
2025-09-11T13:01:48Z,18301.0,18301.2,727,1530.97588,1530.97588,1.5091999999999643,0.0012650630577135222,-11.684899999603658
2025-09-11T13:01:48Z,18301.0,18301.3,728,1530.78054,1530.78054,1.313859999999977,0.0011013223886877142,-2.106549999986508
2025-09-11T13:01:48Z,18301.0,18301.4,729,1530.55457,1530.55457,1.0878900000000158,0.000911906606053549,-1.9257999999810558
2025-09-11T13:01:48Z,18301.0,18301.5,730,1530.39538,1530.39538,0.9286999999999352,0.0007784681034312841,-1.600250000023474
2025-09-11T13:01:48Z,18301.0,18301.6,731,1530.23452,1530.23452,0.7678399999999783,0.0006436297496917217,-1.7035499999900714
2025-09-11T13:01:48Z,18301.0,18301.7,732,1530.05467,1530.05467,0.5879899999999907,0.0004928733284554597,-1.5841499999863475
2025-09-11T13:01:48Z,18301.0,18301.8,733,1529.91769,1529.91769,0.4510099999999966,0.00037805200746049883,-1.2559999999992018
2025-09-11T13:01:48Z,18301.0,18301.9,734,1529.80347,1529.80347,0.33679000000006454,0.00028230889690394174,-1.2612999999996362
2025-09-11T13:01:48Z,18302.0,18302.0,735,1529.66543,1529.66543,0.1987500000000182,0.00016659904765477834,-0.8205500000127619
2025-09-11T13:01:49Z,18302.0,18302.1,736,1529.63936,1529.63936,0.17267999999990025,0.00014474628200758678,-0.16610000000297953
2025-09-11T13:01:49Z,18302.0,18302.2,737,1529.63221,1529.63221,0.16552999999998974,0.0001387529074631005,-0.06604999999878403
2025-09-11T13:01:49Z,18302.0,18302.3,738,1529.62615,1529.62615,0.15947000000005573,0.00013367320819881437,-0.060099999999265186
2025-09-11T13:01:49Z,18302.0,18302.4,739,1529.62019,1529.62019,0.15351000000009662,0.00012867733235471084,-0.05344999999992095
2025-09-11T13:01:49Z,18302.0,18302.5,740,1529.61546,1529.61546,0.14877999999998792,0.00012471248457898688,-0.04045000000078036
2025-09-11T13:01:49Z,18302.0,18302.6,741,1529.6121,1529.6121,0.14542000000005828,0.00012189601766020307,-0.033099999999319674
2025-09-11T13:01:49Z,18302.0,18302.7,742,1529.60884,1529.60884,0.14216000000010354,0.00011916337416160187,-0.032550000000690305
2025-09-11T13:01:49Z,18302.0,18302.8,743,1529.60559,1529.60559,0.13890999999989617,0.00011643911300480929,-0.030450000000391997
2025-09-11T13:01:49Z,18302.0,18302.9,744,1529.60275,1529.60275,0.1360700000000179,0.00011405852787112753,-0.028699999999068693
2025-09-11T13:01:49Z,18303.0,18303.0,745,1529.59985,1529.59985,0.13317000000006374,0.00011162764868525997,-0.025366842106053666
2025-09-11T13:01:50Z,18303.0,18303.11111111111,746,1529.59748,1529.59748,0.13079999999990832,0.00010964103362630309,-0.022140000000310134
2025-09-11T13:01:50Z,18303.0,18303.222222222223,747,1529.59493,1529.59493,0.12824999999998,0.00010750353641116999,-0.019934999999669856
2025-09-11T13:01:50Z,18303.0,18303.333333333332,748,1529.59305,1529.59305,0.1263699999999517,0.00010592765611131756,-0.018404999999492855
2025-09-11T13:01:50Z,18303.0,18303.444444444445,749,1529.59084,1529.59084,0.12416000000007443,0.00010407515852491968,-0.020339999999783198
2025-09-11T13:01:50Z,18303.0,18303.555555555555,750,1529.58853,1529.58853,0.1218499999999949,0.0001021388375181486,-0.017145000000797994
2025-09-11T13:01:50Z,18303.0,18303.666666666668,751,1529.58703,1529.58703,0.12034999999991669,0.00010088148621502823,-0.01318499999941869
2025-09-11T13:01:50Z,18303.0,18303.777777777777,752,1529.5856,1529.5856,0.11892000000011649,9.968281130628345e-05,-0.015209999999351909
2025-09-11T13:01:50Z,18303.0,18303.88888888889,753,1529.58365,1529.58365,0.11697000000003754,9.804825461224601e-05,-0.021150000000909386
2025-09-11T13:01:50Z,18304.0,18304.0,754,1529.5809,1529.5809,0.11421999999993204,9.574311055655708e-05,-0.019051176470859577
2025-09-11T13:01:51Z,18304.0,18304.125,755,1529.57932,1529.57932,0.1126400000000558,9.441870051744309e-05,-0.011120000000119035
2025-09-11T13:01:51Z,18304.0,18304.25,756,1529.57812,1529.57812,0.11143999999990228,9.341281947487055e-05,-0.014960000000428408
2025-09-11T13:01:51Z,18304.0,18304.375,757,1529.57558,1529.57558,0.1088999999999487,9.128370460173663e-05,-0.015079999999215943
2025-09-11T13:01:51Z,18304.0,18304.5,758,1529.57435,1529.57435,0.1076700000000983,9.025267653335708e-05,-0.014559999999619322
2025-09-11T13:01:51Z,18304.0,18304.625,759,1529.57194,1529.57194,0.10526000000004387,8.823253210640339e-05,-0.013360000000830041
2025-09-11T13:01:51Z,18304.0,18304.75,760,1529.57101,1529.57101,0.10432999999989079,8.745297429838108e-05,-0.008960000000115542
2025-09-11T13:01:51Z,18304.0,18304.875,761,1529.5697,1529.5697,0.10302000000001499,8.635488749381732e-05,-0.007679999999709253
2025-09-11T13:01:51Z,18305.0,18305.0,762,1529.56909,1529.56909,0.10240999999996347,8.584356463053185e-05,-0.008515333333394492
2025-09-11T13:01:52Z,18305.0,18305.14285714286,763,1529.56728,1529.56728,0.10059999999998581,8.432636072486443e-05,-0.01007999999996867
2025-09-11T13:01:52Z,18305.0,18305.285714285714,764,1529.56621,1529.56621,0.09952999999995882,8.34294501286627e-05,-0.0097999999998864
2025-09-11T13:01:52Z,18305.0,18305.428571428572,765,1529.56448,1529.56448,0.09780000000000655,8.197930495917949e-05,-0.009519999999789919
2025-09-11T13:01:52Z,18305.0,18305.571428571428,766,1529.56349,1529.56349,0.09681000000000495,8.114945309916197e-05,-0.005250000000326105
2025-09-11T13:01:52Z,18305.0,18305.714285714286,767,1529.56298,1529.56298,0.09629999999992833,8.07219536560591e-05,-0.007735000000486381
2025-09-11T13:01:52Z,18305.0,18305.85714285714,768,1529.56128,1529.56128,0.09459999999990032,7.92969555125735e-05,-0.009170000000012613
2025-09-11T13:01:52Z,18306.0,18306.0,769,1529.56036,1529.56036,0.09367999999994936,7.852578004674098e-05,-0.0032199999997932216
2025-09-11T13:01:53Z,18306.0,18306.14285714286,770,1529.55986,1529.56036,0.09367999999994936,7.852578004674098e-05,5.551115123125783e-17
2025-09-11T13:01:53Z,18306.0,18306.285714285714,771,1529.55869,1529.56036,0.09367999999994936,7.852578004674098e-05,0.24387999999445048
2025-09-11T13:01:53Z,18306.0,18306.428571428572,772,1529.63004,1529.63004,0.1633600000000115,0.00013693393924469946,1.097425000017793
2025-09-11T13:01:53Z,18306.0,18306.571428571428,773,1529.87391,1529.87391,0.40723000000002685,0.00034135411409536427,2.088834999994096
2025-09-11T13:01:53Z,18306.0,18306.714285714286,774,1530.22685,1530.22685,0.7601700000000164,0.0006372004933621334,1.8590949999877209
2025-09-11T13:01:53Z,18306.0,18306.85714285714,775,1530.40508,1530.40508,0.9384000000000015,0.000786598975191094,1.9429549999856963
2025-09-11T13:01:53Z,18307.0,18307.0,776,1530.78198,1530.78198,1.3152999999999793,0.0011025294459386487,2.060475999983379
2025-09-11T13:01:54Z,18307.0,18307.125,777,1530.97634,1530.97634,1.5096599999999398,0.0012654486454464384,1.500079999999798
2025-09-11T13:01:54Z,18307.0,18307.25,778,1531.157,1531.157,1.6903199999999288,0.0014168840363863512,1.4528399999999237
2025-09-11T13:01:54Z,18307.0,18307.375,779,1531.33955,1531.33955,1.8728699999999208,0.0015699036899681155,1.2289200000004712
2025-09-11T13:01:54Z,18307.0,18307.5,780,1531.46423,1531.46423,1.9975500000000466,0.0016744147302781374,1.1724800000001778
2025-09-11T13:01:54Z,18307.0,18307.625,781,1531.63267,1531.63267,2.165989999999965,0.0018156068992691047,1.6551199999994424
2025-09-11T13:01:54Z,18307.0,18307.75,782,1531.87801,1531.87801,2.411329999999907,0.0020212592783967016,1.4908800000002884
2025-09-11T13:01:54Z,18307.0,18307.875,783,1532.00539,1532.00539,2.5387100000000373,0.0021280335510522256,1.5469200000006822
2025-09-11T13:01:54Z,18308.0,18308.0,784,1532.26474,1532.26474,2.7980600000000777,0.0023454295913504374,1.4460646666667643
2025-09-11T13:01:55Z,18308.0,18308.14285714286,785,1532.36867,1532.36867,2.901990000000069,0.002432547271968088,1.0388350000091968
2025-09-11T13:01:55Z,18308.0,18308.285714285714,786,1532.56155,1532.56155,3.0948699999999008,0.0025942258848567555,0.9500400000118621
2025-09-11T13:01:55Z,18308.0,18308.428571428572,787,1532.64011,1532.64011,3.173430000000053,0.002660077563768874,0.5292350000004067
2025-09-11T13:01:55Z,18308.0,18308.571428571428,788,1532.71276,1532.71276,3.2460799999998926,0.0027209752785466944,0.7129149999962721
2025-09-11T13:01:55Z,18308.0,18308.714285714286,789,1532.8438,1532.8438,3.3771200000001045,0.0028308174883817407,0.6305949999941571
2025-09-11T13:01:55Z,18308.0,18308.85714285714,790,1532.89293,1532.89293,3.426249999999982,0.0028719999347276933,0.4672499999974029
2025-09-11T13:01:55Z,18309.0,18309.0,791,1532.9773,1532.9773,3.510620000000017,0.0029427217543535463,0.3951718749970681
2025-09-11T13:01:56Z,18309.0,18309.11111111111,792,1533.00432,1533.00432,3.5376400000000103,0.002965370842492568,0.2514599999987688
2025-09-11T13:01:56Z,18309.0,18309.222222222223,793,1533.03318,1533.03318,3.5664999999999054,0.0029895622815632548,0.22585499999816072
2025-09-11T13:01:56Z,18309.0,18309.333333333332,794,1533.05451,1533.05451,3.58782999999994,0.003007441817092723,0.1647450000010835
2025-09-11T13:01:56Z,18309.0,18309.444444444445,795,1533.06979,1533.06979,3.603110000000015,0.0030202500356999043,0.12942000000016662
2025-09-11T13:01:56Z,18309.0,18309.555555555555,796,1533.08327,1533.08327,3.6165900000000875,0.0030315494327434176,0.14741999999911215
2025-09-11T13:01:56Z,18309.0,18309.666666666668,797,1533.10255,1533.10255,3.635870000000068,0.0030477105881586662,0.12797999999746068
2025-09-11T13:01:56Z,18309.0,18309.777777777777,798,1533.11171,1533.11171,3.645029999999906,0.0030553888134491848,0.07533000000021417
2025-09-11T13:01:56Z,18309.0,18309.88888888889,799,1533.11929,1533.11929,3.652610000000095,0.0030617426287007803,0.03410999999967146
2025-09-11T13:01:56Z,18310.0,18310.0,800,1533.12404,1533.11929,3.652610000000095,0.0030617426287007803,0.0
2025-09-11T13:01:57Z,18310.0,18310.125,801,1533.12889,1533.11929,3.652610000000095,0.0030617426287007803,-3.3430400000006557
2025-09-11T13:01:57Z,18310.0,18310.25,802,1532.28353,1532.28353,2.8168499999999312,0.002361180012006581,-9.433040000000801
2025-09-11T13:01:57Z,18310.0,18310.375,803,1530.76103,1530.76103,1.2943499999998949,0.0010849684394059124,-6.97323999999935
2025-09-11T13:01:57Z,18310.0,18310.5,804,1530.54022,1530.54022,1.0735400000000936,0.0008998779452543898,-1.5325199999997494
2025-09-11T13:01:57Z,18310.0,18310.625,805,1530.3779,1530.3779,0.9112199999999575,0.0007638157695797039,-1.2534800000003088
2025-09-11T13:01:57Z,18310.0,18310.75,806,1530.22685,1530.22685,0.7601700000000164,0.0006372004933621334,-1.855199999999968
2025-09-11T13:01:57Z,18310.0,18310.875,807,1529.9141,1529.9141,0.4474199999999655,0.00037504274667516155,-1.800799999999981
2025-09-11T13:01:57Z,18311.0,18311.0,808,1529.77665,1529.77665,0.3099700000000212,0.0002598274556052853,-1.048200000000179
2025-09-11T13:01:58Z,18311.0,18311.125,809,1529.65205,1529.65205,0.18536999999992076,0.00015538347403144773,-0.5387200000004668
2025-09-11T13:01:58Z,18311.0,18311.25,810,1529.64197,1529.64197,0.17528999999990447,0.00014693407327490571,-0.09655999999995402
2025-09-11T13:01:58Z,18311.0,18311.375,811,1529.62791,1529.62791,0.16122999999993226,0.0001351485003942952,-0.08047999999962485
2025-09-11T13:01:58Z,18311.0,18311.5,812,1529.62185,1529.62185,0.15516999999999825,0.00013006880113000907,-0.054919999999583524
2025-09-11T13:01:58Z,18311.0,18311.625,813,1529.61418,1529.61418,0.14750000000003638,0.00012363954480042072,-0.04316000000017084
2025-09-11T13:01:58Z,18311.0,18311.75,814,1529.61106,1529.61106,0.14437999999995554,0.00012102425408999894,-0.024919999999838183
2025-09-11T13:01:58Z,18311.0,18311.875,815,1529.60795,1529.60795,0.14127000000007683,0.00011841734572176696,-0.02584000000024389
2025-09-11T13:01:58Z,18312.0,18312.0,816,1529.6046,1529.6046,0.13791999999989457,0.00011560926114479177,-0.02290352941259055
2025-09-11T13:01:59Z,18312.0,18312.11111111111,817,1529.60244,1529.60244,0.13575999999989108,0.0001137986752683899,-0.022364999999672452
2025-09-11T13:01:59Z,18312.0,18312.222222222223,818,1529.59963,1529.59963,0.13294999999993706,0.00011144323716070576,-0.024929999999414698
2025-09-11T13:01:59Z,18312.0,18312.333333333332,819,1529.5969,1529.5969,0.13022000000000844,0.00010915485778920583,-0.019529999999933656
2025-09-11T13:01:59Z,18312.0,18312.444444444445,820,1529.59529,1529.59529,0.12860999999998057,0.00010780530072390363,-0.026099999999920187
2025-09-11T13:01:59Z,18312.0,18312.555555555555,821,1529.5911,1529.5911,0.12442000000010012,0.00010429309941747071,-0.027810000000659585
2025-09-11T13:01:59Z,18312.0,18312.666666666668,822,1529.58911,1529.58911,0.12242999999989479,0.00010262501335524588,-0.015975000000501782
2025-09-11T13:01:59Z,18312.0,18312.777777777777,823,1529.58755,1529.58755,0.12086999999996806,0.00010131736800013029,-0.013589999999443547
2025-09-11T13:01:59Z,18312.0,18312.88888888889,824,1529.58609,1529.58609,0.11941000000001623,0.00010009354606519731,-0.015434999999958343
2025-09-11T13:01:59Z,18313.0,18313.0,825,1529.58412,1529.58412,0.11743999999998778,9.844222468716147e-05,-0.016470000000607388
2025-09-11T13:02:00Z,18313.0,18313.11111111111,826,1529.58243,1529.58243,0.11574999999993452,9.702560888567506e-05,-0.015929999999632072
2025-09-11T13:02:00Z,18313.0,18313.222222222223,827,1529.58058,1529.58058,0.11390000000005784,9.547487561201084e-05,-0.015434999999843435
2025-09-11T13:02:00Z,18313.0,18313.333333333332,828,1529.579,1529.579,0.11231999999995423,9.415046557270625e-05,-0.011115000000667896
2025-09-11T13:02:00Z,18313.0,18313.444444444445,829,1529.57811,1529.57811,0.11142999999992753,9.340443713287134e-05,-0.011295000000218991
2025-09-11T13:02:00Z,18313.0,18313.555555555555,830,1529.57649,1529.57649,0.10980999999992491,9.204649772556995e-05,-0.011295000000218935
2025-09-11T13:02:00Z,18313.0,18313.666666666668,831,1529.5756,1529.5756,0.10891999999989821,9.130046928573504e-05,-0.01025999999973054
2025-09-11T13:02:00Z,18313.0,18313.777777777777,832,1529.57421,1529.57421,0.10752999999999702,9.013532374498707e-05,-0.010484999999154643
2025-09-11T13:02:00Z,18313.0,18313.88888888889,833,1529.57327,1529.57327,0.10659000000009655,8.934738359515615e-05,-0.009585000000375932
2025-09-11T13:02:00Z,18314.0,18314.0,834,1529.57208,1529.57208,0.10539999999991778,8.834988489458281e-05,-0.009585294118120813
2025-09-11T13:02:01Z,18314.0,18314.125,835,1529.57104,1529.57104,0.10436000000004242,8.747812132456928e-05,-0.007920000000012806
2025-09-11T13:02:01Z,18314.0,18314.25,836,1529.5701,1529.5701,0.10341999999991458,8.669018117454777e-05,-0.007160000000112632
2025-09-11T13:02:01Z,18314.0,18314.375,837,1529.56925,1529.56925,0.10257000000001426,8.597768210290027e-05,-0.011719999999513675
2025-09-11T13:02:01Z,18314.0,18314.5,838,1529.56717,1529.56717,0.10049000000003616,8.423415496268261e-05,-0.012920000000121945
2025-09-11T13:02:01Z,18314.0,18314.625,839,1529.56602,1529.56602,0.09933999999998377,8.327018563029668e-05,-0.007480000000214204
2025-09-11T13:02:01Z,18314.0,18314.75,840,1529.5653,1529.5653,0.09861999999998261,8.266665700482939e-05,-0.007120000000213622
2025-09-11T13:02:01Z,18314.0,18314.875,841,1529.56424,1529.56424,0.09755999999993037,8.177812875062686e-05,-0.006279999999605934
2025-09-11T13:02:01Z,18315.0,18315.0,842,1529.56373,1529.56373,0.09705000000008113,8.13506293077146e-05,-0.006202222222051579
2025-09-11T13:02:02Z,18315.0,18315.1,843,1529.56294,1529.56294,0.09626000000002932,8.06884242880623e-05,-0.0039500000003883096
2025-09-11T13:02:02Z,18315.0,18315.2,844,1529.56215,1529.56294,0.09626000000002932,8.06884242880623e-05,-5.551115123125783e-17
2025-09-11T13:02:02Z,18315.0,18315.3,845,1529.56162,1529.56294,0.09626000000002932,8.06884242880623e-05,0.7101499999714664
2025-09-11T13:02:02Z,18315.0,18315.4,846,1529.70497,1529.70497,0.23829000000000633,0.00019974282800329336,1.9906500000136944
2025-09-11T13:02:02Z,18315.0,18315.5,847,1529.96107,1529.96107,0.4943900000000667,0.00041441460714490287,2.120000000030741
2025-09-11T13:02:02Z,18315.0,18315.6,848,1530.12897,1530.12897,0.6622899999999845,0.0005551541296667697,1.7629499999903508
2025-09-11T13:02:02Z,18315.0,18315.7,849,1530.31366,1530.31366,0.8469800000000305,0.0007099676044409376,1.9041499999954552
2025-09-11T13:02:02Z,18315.0,18315.8,850,1530.5098,1530.5098,1.0431200000000445,0.0008743788608283969,1.8647499999964632
2025-09-11T13:02:02Z,18315.0,18315.9,851,1530.68661,1530.68661,1.2199299999999766,0.0010225870500904215,1.7449499999926
2025-09-11T13:02:02Z,18316.0,18316.0,852,1530.85879,1530.85879,1.3921100000000024,0.0011669142149970952,1.8374500000271823
2025-09-11T13:02:03Z,18316.0,18316.1,853,1531.0541,1531.0541,1.5874200000000656,0.0013306297369969054,1.796749999998899
2025-09-11T13:02:03Z,18316.0,18316.2,854,1531.21814,1531.21814,1.7514599999999518,0.0014681336754988848,1.4714499999887316
2025-09-11T13:02:03Z,18316.0,18316.3,855,1531.34839,1531.34839,1.881710000000112,0.0015773136803142788,1.5489999999853747
2025-09-11T13:02:03Z,18316.0,18316.4,856,1531.52794,1531.52794,2.0612599999999475,0.0017278186312898024,1.6577999999882298
2025-09-11T13:02:03Z,18316.0,18316.5,857,1531.67995,1531.67995,2.213269999999966,0.001855238612341393,1.4808000000220485
2025-09-11T13:02:03Z,18316.0,18316.6,858,1531.8241,1531.8241,2.3574200000000474,0.001976070072565029,1.4243999999950905
2025-09-11T13:02:03Z,18316.0,18316.7,859,1531.96483,1531.96483,2.498149999999896,0.002094034771817505,1.2321999999886142
2025-09-11T13:02:03Z,18316.0,18316.8,860,1532.07054,1532.07054,2.6038599999999406,0.002182644509314825,1.1721499999925609
2025-09-11T13:02:03Z,18316.0,18316.9,861,1532.19926,1532.19926,2.732580000000098,0.0022905420158011013,1.3305999999967426
2025-09-11T13:02:03Z,18317.0,18317.0,862,1532.33666,1532.33666,2.8699799999999414,0.0024057153951607914,1.0734189473838907
2025-09-11T13:02:04Z,18317.0,18317.11111111111,863,1532.41882,1532.41882,2.9521400000000995,0.002474584717200246,0.8563049999946362
2025-09-11T13:02:04Z,18317.0,18317.222222222223,864,1532.52695,1532.52695,3.060269999999946,0.002565222981466329,0.8822699999953674
2025-09-11T13:02:04Z,18317.0,18317.333333333332,865,1532.61488,1532.61488,3.148200000000088,0.0026389289148515214,1.0411649999897925
2025-09-11T13:02:04Z,18317.0,18317.444444444445,866,1532.75832,1532.75832,3.2916399999999157,0.002759165228791499,0.9101249999850722
2025-09-11T13:02:04Z,18317.0,18317.555555555555,867,1532.81713,1532.81713,3.35044999999991,0.002808461782213263,0.5236199999991697
2025-09-11T13:02:04Z,18317.0,18317.666666666668,868,1532.87468,1532.87468,3.4079999999999018,0.0028567021605404594,0.465614999997511
2025-09-11T13:02:04Z,18317.0,18317.777777777777,869,1532.9206,1532.9206,3.4539199999999255,0.0028951938750979974,0.41237999999971997
2025-09-11T13:02:04Z,18317.0,18317.88888888889,870,1532.96632,1532.96632,3.4996399999999994,0.00293351794281517,0.33200999999755965
2025-09-11T13:02:04Z,18318.0,18318.0,871,1532.99438,1532.99438,3.5277000000000953,0.002957038794524396,0.2665189473728127
2025-09-11T13:02:05Z,18318.0,18318.1,872,1533.02229,1533.02229,3.555610000000115,0.0029804339111032525,0.2510999999993757
2025-09-11T13:02:05Z,18318.0,18318.2,873,1533.0446,1533.0446,3.577919999999949,0.0029991349161505487,0.20854999999854584
2025-09-11T13:02:05Z,18318.0,18318.3,874,1533.064,1533.064,3.5973200000000816,0.0030153966596701684,0.15640000000155752
2025-09-11T13:02:05Z,18318.0,18318.4,875,1533.07588,1533.07588,3.6092000000001008,0.003025354881990379,0.13379999999989778
2025-09-11T13:02:05Z,18318.0,18318.5,876,1533.09076,1533.09076,3.624080000000049,0.0030378278069166393,0.12265000000135373
2025-09-11T13:02:05Z,18318.0,18318.6,877,1533.10041,1533.10041,3.633730000000014,0.0030459167669662627,0.09589999999970189
2025-09-11T13:02:05Z,18318.0,18318.7,878,1533.10994,1533.10994,3.643260000000055,0.003053905138911705,0.08114999999894223
2025-09-11T13:02:05Z,18318.0,18318.8,879,1533.11664,1533.11664,3.6499599999999646,0.003059521308065274,0.060949999999593274
2025-09-11T13:02:05Z,18318.0,18318.9,880,1533.12213,1533.12213,3.6554499999999734,0.003064123213834462,0.027449999998946595
2025-09-11T13:02:05Z,18319.0,18319.0,881,1533.12689,1533.12213,3.6554499999999734,0.003064123213834462,0.0
2025-09-11T13:02:06Z,18319.0,18319.1,882,1533.13115,1533.12213,3.6554499999999734,0.003064123213834462,-9.9712499996008
2025-09-11T13:02:06Z,18319.0,18319.2,883,1531.12788,1531.12788,1.661200000000008,0.0013924746564231134,-11.249949999642967
2025-09-11T13:02:06Z,18319.0,18319.3,884,1530.87214,1530.87214,1.4054599999999482,0.0011781046415942375,-2.264500000002416
2025-09-11T13:02:06Z,18319.0,18319.4,885,1530.67498,1530.67498,1.2083000000000084,0.001012838386320763,-1.8481499999883635
2025-09-11T13:02:06Z,18319.0,18319.5,886,1530.50251,1530.50251,1.0358300000000327,0.0008682681334955406,-1.8168000000267233
2025-09-11T13:02:06Z,18319.0,18319.6,887,1530.31162,1530.31162,0.8449399999999514,0.0007082576066687167,-1.6814500000019712
2025-09-11T13:02:06Z,18319.0,18319.7,888,1530.16622,1530.16622,0.69954000000007,0.0005863783536927027,-1.4501999999938997
2025-09-11T13:02:06Z,18319.0,18319.8,889,1530.02158,1530.02158,0.5549000000000888,0.0004651361587101526,-1.5372499999911877
2025-09-11T13:02:06Z,18319.0,18319.9,890,1529.85877,1529.85877,0.3920900000000529,0.00032866324827655283,-1.4859999999893005
2025-09-11T13:02:06Z,18320.0,18320.0,891,1529.72438,1529.72438,0.2577000000001135,0.0002160129538649125,-1.053750000015143
2025-09-11T13:02:07Z,18320.0,18320.1,892,1529.64802,1529.64802,0.1813400000000911,0.00015200539019738323,-0.42190000001094674
2025-09-11T13:02:07Z,18320.0,18320.2,893,1529.64,1529.64,0.1733200000001034,0.00014528275189706045,-0.06995000000011731
2025-09-11T13:02:07Z,18320.0,18320.3,894,1529.63403,1529.63403,0.16734999999994216,0.00014027849371076715,-0.05705000000023386
2025-09-11T13:02:07Z,18320.0,18320.4,895,1529.62859,1529.62859,0.16191000000003442,0.00013571849965176569,-0.04959999999947251
2025-09-11T13:02:07Z,18320.0,18320.5,896,1529.62411,1529.62411,0.15742999999997664,0.00013196321042659352,-0.046650000001133174
2025-09-11T13:02:07Z,18320.0,18320.6,897,1529.61926,1529.61926,0.15257999999994354,0.00012789777454668853,-0.0429499999996098
2025-09-11T13:02:07Z,18320.0,18320.7,898,1529.61552,1529.61552,0.1488400000000638,0.0001247627786311727,-0.03464999999982987
2025-09-11T13:02:07Z,18320.0,18320.8,899,1529.61233,1529.61233,0.14564999999993233,0.0001220888115265659,-0.033250000000010105
2025-09-11T13:02:07Z,18320.0,18320.9,900,1529.60887,1529.60887,0.1421900000000278,0.00011918852118759948,-0.030599999999792682
2025-09-11T13:02:07Z,18321.0,18321.0,901,1529.60621,1529.60621,0.13952999999992244,0.00011695881821009396,-0.026500000000554857
2025-09-11T13:02:08Z,18321.0,18321.1,902,1529.60357,1529.60357,0.13688999999999396,0.00011474587991677743,-0.02414999999927514
2025-09-11T13:02:08Z,18321.0,18321.2,903,1529.60138,1529.60138,0.1347000000000662,0.00011291014701437797,-0.022999999999867127
2025-09-11T13:02:08Z,18321.0,18321.3,904,1529.59897,1529.59897,0.1322900000000118,0.00011089000258742427,-0.022099999999901754
2025-09-11T13:02:08Z,18321.0,18321.4,905,1529.59696,1529.59696,0.13028000000008433,0.00010920515184139163,-0.021050000000244706
2025-09-11T13:02:08Z,18321.0,18321.5,906,1529.59476,1529.59476,0.12807999999995445,0.00010736103659680236,-0.01970000000057115
2025-09-11T13:02:08Z,18321.0,18321.6,907,1529.59302,1529.59302,0.12634000000002743,0.00010590250908531995,-0.016799999999608906
2025-09-11T13:02:08Z,18321.0,18321.7,908,1529.5914,1529.5914,0.12472000000002481,0.00010454456967801855,-0.015550000000450148
2025-09-11T13:02:08Z,18321.0,18321.8,909,1529.58991,1529.58991,0.12322999999992135,0.00010329560071689737,-0.017450000000124644
2025-09-11T13:02:08Z,18321.0,18321.9,910,1529.58791,1529.58791,0.12122999999996864,0.00010161913231286393,-0.017399999999112237
2025-09-11T13:02:08Z,18322.0,18322.0,911,1529.58643,1529.58643,0.1197500000000673,0.00010037854569393255,-0.013246315788940644
2025-09-11T13:02:09Z,18322.0,18322.11111111111,912,1529.58515,1529.58515,0.11847000000011576,9.93056059153664e-05,-0.011655000000220572
2025-09-11T13:02:09Z,18322.0,18322.222222222223,913,1529.58384,1529.58384,0.11716000000001259,9.820751911061203e-05,-0.01219500000092022
2025-09-11T13:02:09Z,18322.0,18322.333333333332,914,1529.58244,1529.58244,0.11575999999990927,9.703399122767427e-05,-0.011160000000499659
2025-09-11T13:02:09Z,18322.0,18322.444444444445,915,1529.58136,1529.58136,0.11467999999990752,9.612869828947333e-05,-0.012555000000090355
2025-09-11T13:02:09Z,18322.0,18322.555555555555,916,1529.57965,1529.57965,0.11296999999990476,9.469531780398853e-05,-0.01907999999976162
2025-09-11T13:02:09Z,18322.0,18322.666666666668,917,1529.57712,1529.57712,0.11043999999992593,9.257458527285382e-05,-0.016424999999220535
2025-09-11T13:02:09Z,18322.0,18322.777777777777,918,1529.576,1529.576,0.10932000000002517,9.163576296665608e-05,-0.009494999999562492
2025-09-11T13:02:09Z,18322.0,18322.88888888889,919,1529.57501,1529.57501,0.10833000000002357,9.080591110663856e-05,-0.009135000000460303
2025-09-11T13:02:10Z,18323.0,18323.0,920,1529.57397,1529.57397,0.10728999999992084,8.993414753643444e-05,-0.009644210526902564
2025-09-11T13:02:10Z,18323.0,18323.1,921,1529.57298,1529.57298,0.10629999999991924,8.910429567641692e-05,-0.008849999999262392
2025-09-11T13:02:10Z,18323.0,18323.2,922,1529.5722,1529.5722,0.10552000000006956,8.845047299895442e-05,-0.008149999999869983
2025-09-11T13:02:10Z,18323.0,18323.3,923,1529.57135,1529.57135,0.10466999999994187,8.773797392711633e-05,-0.007600000000143714
2025-09-11T13:02:10Z,18323.0,18323.4,924,1529.57068,1529.57068,0.10400000000004184,8.717635701183564e-05,-0.008550000000050018
2025-09-11T13:02:10Z,18323.0,18323.5,925,1529.56964,1529.56964,0.1029599999999391,8.630459344163151e-05,-0.010250000000418313
2025-09-11T13:02:10Z,18323.0,18323.6,926,1529.56863,1529.56863,0.101949999999988,8.54579768976156e-05,-0.00814999999992816
2025-09-11T13:02:10Z,18323.0,18323.7,927,1529.56801,1529.56801,0.10132999999996173,8.493827169233091e-05,-0.006899999999632644
2025-09-11T13:02:10Z,18323.0,18323.8,928,1529.56725,1529.56725,0.10057000000006155,8.430121369886682e-05,-0.00869999999956339
2025-09-11T13:02:10Z,18323.0,18323.9,929,1529.56627,1529.56627,0.0995900000000347,8.34797441808485e-05,-0.008500000000061958
2025-09-11T13:02:10Z,18324.0,18324.0,930,1529.56555,1529.56555,0.09887000000003354,8.287621555538121e-05,-0.006250000000227407
2025-09-11T13:02:11Z,18324.0,18324.1,931,1529.56502,1529.56502,0.09834000000000742,8.243195142827995e-05,-0.006150000000335554
2025-09-11T13:02:11Z,18324.0,18324.2,932,1529.56432,1529.56432,0.09763999999995576,8.184518748681107e-05,-0.006250000000086409
2025-09-11T13:02:11Z,18324.0,18324.3,933,1529.56377,1529.56377,0.09708999999998014,8.13841586757114e-05,-0.007150000000051837
2025-09-11T13:02:11Z,18324.0,18324.4,934,1529.56289,1529.56289,0.09620999999992819,8.064651257787569e-05,-0.006700000000036399
2025-09-11T13:02:11Z,18324.0,18324.5,935,1529.56243,1529.56243,0.0957499999999527,8.026092484495944e-05,-0.005400000000087279
2025-09-11T13:02:11Z,18324.0,18324.6,936,1529.56181,1529.56181,0.09512999999992644,7.974121963967477e-05,-0.005199999999394245
2025-09-11T13:02:11Z,18324.0,18324.7,937,1529.56139,1529.56139,0.09471000000007734,7.938916127494591e-05,-0.0058500000000482055
2025-09-11T13:02:11Z,18324.0,18324.8,938,1529.56064,1529.56064,0.09395999999992455,7.876048562329043e-05,-0.00805000000009004
2025-09-11T13:02:11Z,18324.0,18324.9,939,1529.55978,1529.55978,0.09310000000004948,7.80396042096437e-05,-0.006499999999405204
2025-09-11T13:02:11Z,18325.0,18325.0,940,1529.55934,1529.55934,0.0926600000000235,7.767078116072586e-05,-0.005250000000463828
2025-09-11T13:02:12Z,18325.0,18325.1,941,1529.55873,1529.55873,0.09204999999997199,7.715945829744039e-05,-0.005700000000381955
2025-09-11T13:02:12Z,18325.0,18325.2,942,1529.5582,1529.5582,0.09151999999994587,7.671519417033912e-05,-0.004099999999821746
2025-09-11T13:02:12Z,18325.0,18325.3,943,1529.55791,1529.55791,0.09122999999999593,7.647210625179048e-05,-0.005249999999145938
2025-09-11T13:02:12Z,18325.0,18325.4,944,1529.55715,1529.55715,0.09047000000009575,7.58350482583264e-05,-0.008100000000001772
2025-09-11T13:02:12Z,18325.0,18325.5,945,1529.55629,1529.55629,0.0896099999999933,7.511416684448908e-05,-0.006400000000987727
2025-09-11T13:02:12Z,18325.0,18325.6,946,1529.55587,1529.55587,0.08918999999991684,7.476210847956965e-05,-0.004350000000364729
2025-09-11T13:02:12Z,18325.0,18325.7,947,1529.55542,1529.55542,0.08873999999991611,7.438490308865259e-05,-0.004450000000115473
2025-09-11T13:02:12Z,18325.0,18325.8,948,1529.55498,1529.55498,0.08829999999989013,7.401608003973473e-05,-0.0031000000001673578
2025-09-11T13:02:12Z,18325.0,18325.9,949,1529.5548,1529.5548,0.08811999999988984,7.38651978833679e-05,-0.005149999999606136
2025-09-11T13:02:12Z,18326.0,18326.0,950,1529.55395,1529.55395,0.08726999999998952,7.315269881172041e-05,-0.005999999999718064
2025-09-11T13:02:13Z,18326.0,18326.1,951,1529.5536,1529.5536,0.08691999999996369,7.285931684098596e-05,-0.004699999999441595
2025-09-11T13:02:13Z,18326.0,18326.2,952,1529.55301,1529.55301,0.08633000000008906,7.236475866188948e-05,-0.004699999999441595
2025-09-11T13:02:13Z,18326.0,18326.3,953,1529.55266,1529.55266,0.08598000000006323,7.207137669115504e-05,-0.004250000000595722
2025-09-11T13:02:13Z,18326.0,18326.4,954,1529.55216,1529.55216,0.08547999999996136,7.165225959005138e-05,-0.005200000000502081
2025-09-11T13:02:13Z,18326.0,18326.5,955,1529.55162,1529.55162,0.08493999999996049,7.119961312095092e-05,-0.004000000000190962
2025-09-11T13:02:13Z,18326.0,18326.6,956,1529.55136,1529.55136,0.08467999999993481,7.098167222839989e-05,-0.00274999999986264
2025-09-11T13:02:13Z,18326.0,18326.7,957,1529.55107,1529.55107,0.08438999999998487,7.073858430985125e-05,-0.004249999999535237
2025-09-11T13:02:13Z,18326.0,18326.8,958,1529.55051,1529.55051,0.08383000000003449,7.026917315675239e-05,-0.0036999999998090227
2025-09-11T13:02:13Z,18326.0,18326.9,959,1529.55033,1529.55033,0.0836500000000342,7.011829100038557e-05,-0.003550000000182796
2025-09-11T13:02:13Z,18327.0,18327.0,960,1529.5498,1529.5498,0.08312000000000808,6.96740268732843e-05,-0.0071000000003674235
2025-09-11T13:02:14Z,18327.0,18327.1,961,1529.54891,1529.54891,0.08222999999998137,6.892799843344939e-05,-0.0050000000000054445
2025-09-11T13:02:14Z,18327.0,18327.2,962,1529.5488,1529.5488,0.08212000000003172,6.883579267126757e-05,-0.001999999999523494
2025-09-11T13:02:14Z,18327.0,18327.3,963,1529.54851,1529.54851,0.08183000000008178,6.859270475271893e-05,-0.0030500000002410266
2025-09-11T13:02:14Z,18327.0,18327.4,964,1529.54819,1529.54819,0.08150999999998021,6.83244698079821e-05,-0.004450000000162768
2025-09-11T13:02:14Z,18327.0,18327.5,965,1529.54743,1529.54762,0.08094000000005508,6.784667631288403e-05,-0.0037999999995561584
2025-09-11T13:02:14Z,18327.0,18327.6,966,1529.54762,1529.54743,0.08075000000008004,6.768741181451801e-05,-0.0039000000002983315
2025-09-11T13:02:14Z,18327.0,18327.7,967,1529.54684,1529.54684,0.08015999999997803,6.719285363523095e-05,-0.004049999999924503
2025-09-11T13:02:14Z,18327.0,18327.8,968,1529.54662,1529.54662,0.07994000000007873,6.700844211086732e-05,-0.002749999999848096
2025-09-11T13:02:14Z,18327.0,18327.9,969,1529.54629,1529.54629,0.0796100000000024,6.673182482413127e-05,-0.004400000000283788
2025-09-11T13:02:14Z,18328.0,18328.0,970,1529.54574,1529.54574,0.07906000000002678,6.62707960130316e-05,-0.002799999999792635
2025-09-11T13:02:15Z,18328.0,18328.1,971,1529.54573,1529.54573,0.07905000000005202,6.62624136710324e-05,-0.0019499999995497563
2025-09-11T13:02:15Z,18328.0,18328.2,972,1529.54535,1529.54535,0.07867000000010194,6.594388467430036e-05,-0.004350000000390208
2025-09-11T13:02:15Z,18328.0,18328.3,973,1529.54486,1529.54486,0.07817999999997483,6.55331499151959e-05,-0.003250000000937725
2025-09-11T13:02:15Z,18328.0,18328.4,974,1529.5447,1529.5447,0.07801999999992404,6.539903244282748e-05,-0.005049999999862664
2025-09-11T13:02:15Z,18328.0,18328.5,975,1529.54385,1529.54385,0.07717000000002372,6.468653337117998e-05,-0.005099999999703508
2025-09-11T13:02:15Z,18328.0,18328.6,976,1529.54368,1529.54368,0.07699999999999818,6.454403355681236e-05,-0.0016500000003774606
2025-09-11T13:02:15Z,18328.0,18328.7,977,1529.54352,1529.54352,0.0768399999999474,6.440991608444394e-05,-0.0014499999997389934
2025-09-11T13:02:15Z,18328.0,18328.8,978,1529.54339,1529.54339,0.07671000000004824,6.430094563826372e-05,-0.001949999999593388
2025-09-11T13:02:15Z,18328.0,18328.9,979,1529.54313,1529.54313,0.07645000000002256,6.408300474571268e-05,-0.003750000000792175
2025-09-11T13:02:15Z,18329.0,18329.0,980,1529.54264,1529.54264,0.07595999999989544,6.367226998660823e-05,-0.004149999999814469
2025-09-11T13:02:16Z,18329.0,18329.1,981,1529.54228,1529.5423,0.07562000000007174,6.338727035806358e-05,-0.0018000000000545913
2025-09-11T13:02:16Z,18329.0,18329.2,982,1529.5423,1529.54228,0.07559999999989486,6.337050567387458e-05,-0.002200000000194602
2025-09-11T13:02:16Z,18329.0,18329.3,983,1529.54186,1529.54186,0.07518000000004577,6.301844730914574e-05,-0.004299999999356041
2025-09-11T13:02:16Z,18329.0,18329.4,984,1529.54142,1529.54142,0.07474000000001979,6.264962426022788e-05,-0.0034500000003374054
2025-09-11T13:02:16Z,18329.0,18329.5,985,1529.54113,1529.54117,0.07448999999996886,6.244006570967605e-05,-0.0014499999997708013
2025-09-11T13:02:16Z,18329.0,18329.6,986,1529.54117,1529.54113,0.07445000000006985,6.240653634167924e-05,-0.002749999999782593
2025-09-11T13:02:16Z,18329.0,18329.7,987,1529.54062,1529.54062,0.07393999999999323,6.197903689857638e-05,-0.0041500000008412585
2025-09-11T13:02:16Z,18329.0,18329.8,988,1529.54027,1529.5403,0.07361999999989166,6.171080195383955e-05,-0.0017500000001755556
2025-09-11T13:02:16Z,18329.0,18329.9,989,1529.5403,1529.54027,0.0735899999999674,6.168565492784194e-05,-0.0024499999995679644
2025-09-11T13:02:16Z,18330.0,18330.0,990,1529.53981,1529.53981,0.07312999999999192,6.130006719492569e-05,-0.0029499999994160864
2025-09-11T13:02:17Z,18330.0,18330.1,991,1529.53967,1529.53968,0.07300000000009277,6.119109674874547e-05,-0.000700000000525669
2025-09-11T13:02:17Z,18330.0,18330.2,992,1529.53968,1529.53967,0.07298999999989064,6.118271440655567e-05,-0.003250000000992237
2025-09-11T13:02:17Z,18330.0,18330.3,993,1529.53903,1529.53903,0.07234999999991487,6.0646244517272595e-05,-0.0042499999995643245
2025-09-11T13:02:17Z,18330.0,18330.4,994,1529.53882,1529.53882,0.07213999999999032,6.0470215334908164e-05,-0.0021999999989886776
2025-09-11T13:02:17Z,18330.0,18330.5,995,1529.53859,1529.53859,0.07191000000011627,6.027742146854533e-05,-0.0021000000004128827
2025-09-11T13:02:17Z,18330.0,18330.6,996,1529.5384,1529.5384,0.07171999999991385,6.011815696998872e-05,-0.0035000000001873532
2025-09-11T13:02:17Z,18330.0,18330.7,997,1529.53789,1529.53789,0.07121000000006461,5.969065752707645e-05,-0.004099999999829018
2025-09-11T13:02:17Z,18330.0,18330.8,998,1529.53755,1529.53758,0.07089999999993779,5.9430804924338816e-05,-0.001700000000300128
2025-09-11T13:02:17Z,18330.0,18330.9,999,1529.53758,1529.53755,0.07087000000001353,5.940565789834121e-05,-0.0016999999991632597
2025-09-11T13:02:17Z,18331.0,18331.0,1000,1529.53724,1529.53724,0.07056000000011409,5.914580529579417e-05,-0.003649999999932707
2025-09-11T13:02:18Z,18331.0,18331.1,1001,1529.53682,1529.53682,0.07014000000003762,5.879374693087472e-05,-0.0023000000010749977
2025-09-11T13:02:18Z,18331.0,18331.2,1002,1529.53678,1529.53678,0.07009999999991123,5.876021756268732e-05,-0.0008500000001409602
2025-09-11T13:02:18Z,18331.0,18331.3,1003,1529.53661,1529.53665,0.06997000000001208,5.8651247116507105e-05,-0.0008499999990040918
2025-09-11T13:02:18Z,18331.0,18331.4,1004,1529.53665,1529.53661,0.06993000000011307,5.8617717748510296e-05,-0.0017500000001718918
2025-09-11T13:02:18Z,18331.0,18331.5,1005,1529.5363,1529.5363,0.06961999999998625,5.835786514577266e-05,-0.004100000001076853
2025-09-11T13:02:18Z,18331.0,18331.6,1006,1529.53579,1529.53579,0.06910999999990963,5.79303657026698e-05,-0.00339999999942342
2025-09-11T13:02:18Z,18331.0,18331.7,1007,1529.53562,1529.53562,0.06894000000011147,5.778786588849277e-05,-0.002599999999143232
2025-09-11T13:02:18Z,18331.0,18331.8,1008,1529.53527,1529.53527,0.06859000000008564,5.749448391775833e-05,-0.0033000000007585295
2025-09-11T13:02:18Z,18331.0,18331.9,1009,1529.53475,1529.53496,0.06827999999995882,5.72346313150207e-05,-0.0025000000004783973
2025-09-11T13:02:18Z,18332.0,18332.0,1010,1529.53496,1529.53477,0.06808999999998377,5.707536681665467e-05,-0.0010499999996380072
2025-09-11T13:02:19Z,18332.0,18332.1,1011,1529.53477,1529.53475,0.06807000000003427,5.705860213265627e-05,-0.002449999999407926
2025-09-11T13:02:19Z,18332.0,18332.2,1012,1529.53425,1529.53428,0.06760000000008404,5.6664632057740813e-05,-0.002500000000420166
2025-09-11T13:02:19Z,18332.0,18332.3,1013,1529.53425,1529.53425,0.0675699999999324,5.663948503155261e-05,-0.00015000000076309528
2025-09-11T13:02:19Z,18332.0,18332.4,1014,1529.53428,1529.53425,0.0675699999999324,5.663948503155261e-05,-0.0018999999998126627
2025-09-11T13:02:19Z,18332.0,18332.5,1015,1529.53387,1529.53387,0.06718999999998232,5.632095603482057e-05,-0.004249999999563436
2025-09-11T13:02:19Z,18332.0,18332.6,1016,1529.53336,1529.5334,0.06672000000003209,5.592698595990511e-05,-0.002550000000452024
2025-09-11T13:02:19Z,18332.0,18332.7,1017,1529.53325,1529.53336,0.0666799999999057,5.5893456591717704e-05,-0.0007500000003901608
2025-09-11T13:02:19Z,18332.0,18332.8,1018,1529.5334,1529.53325,0.06656999999995605,5.580125082953589e-05,-0.0013999999998599022
2025-09-11T13:02:19Z,18332.0,18332.9,1019,1529.53308,1529.53308,0.06639999999993051,5.565875101516827e-05,-0.0021500000002646624
2025-09-11T13:02:19Z,18333.0,18333.0,1020,1529.53282,1529.53282,0.06613999999990483,5.544081012261724e-05,-0.0028999999995416026
2025-09-11T13:02:20Z,18333.0,18333.1,1021,1529.5325,1529.5325,0.06582000000003063,5.5172575178071e-05,-0.002099999999277846
2025-09-11T13:02:20Z,18333.0,18333.2,1022,1529.53223,1529.5324,0.06572000000005573,5.508875175788839e-05,-0.0013500000000100099
2025-09-11T13:02:20Z,18333.0,18333.3,1023,1529.5324,1529.53223,0.0655500000000302,5.4946251943520766e-05,-0.0021000000003602026
2025-09-11T13:02:20Z,18333.0,18333.4,1024,1529.53198,1529.53198,0.06529999999997926,5.4736693392968937e-05,-0.002500000000500213
2025-09-11T13:02:20Z,18333.0,18333.5,1025,1529.53173,1529.53173,0.06504999999992833,5.452713484241711e-05,-0.0024499999995343247
2025-09-11T13:02:20Z,18333.0,18333.6,1026,1529.53142,1529.53149,0.06481000000007953,5.432595863405507e-05,-0.001549999999522489
2025-09-11T13:02:20Z,18333.0,18333.7,1027,1529.53149,1529.53142,0.06474000000002889,5.4267282239870066e-05,-0.0012000000003947187
2025-09-11T13:02:20Z,18333.0,18333.8,1028,1529.53125,1529.53125,0.06457000000000335,5.4124782425502445e-05,-0.0019499999996079875
2025-09-11T13:02:20Z,18333.0,18333.9,1029,1529.53103,1529.53103,0.06435000000010405,5.394037090113882e-05,-0.0014499999997171775
2025-09-11T13:02:20Z,18334.0,18334.0,1030,1529.53096,1529.53096,0.0642800000000534,5.3881694506953806e-05,-0.001700000000280144
2025-09-11T13:02:21Z,18334.0,18334.1,1031,1529.53061,1529.53069,0.06401000000005297,5.3655371272403575e-05,-0.0017500000001572924
2025-09-11T13:02:21Z,18334.0,18334.2,1032,1529.53069,1529.53061,0.06393000000002758,5.358831253621937e-05,-0.0016000000005311765
2025-09-11T13:02:21Z,18334.0,18334.3,1033,1529.53031,1529.53037,0.0636899999999514,5.338713632766674e-05,-0.0014999999996507252
2025-09-11T13:02:21Z,18334.0,18334.4,1034,1529.53037,1529.53031,0.06363000000010288,5.333684227567153e-05,-0.0018999999997908468
2025-09-11T13:02:21Z,18334.0,18334.5,1035,1529.52999,1529.52999,0.06331000000000131,5.3068607330934696e-05,-0.002850000000803987
2025-09-11T13:02:21Z,18334.0,18334.6,1036,1529.52974,1529.52974,0.06305999999995038,5.285904878038287e-05,-0.002150000000261054
2025-09-11T13:02:21Z,18334.0,18334.7,1037,1529.52956,1529.52956,0.06287999999995009,5.270816662401604e-05,-0.0028499999996534076
2025-09-11T13:02:21Z,18334.0,18334.8,1038,1529.52917,1529.52917,0.06249000000002525,5.238125528528479e-05,-0.0022999999999273046
2025-09-11T13:02:21Z,18334.0,18334.9,1039,1529.5291,1529.5291,0.06241999999997461,5.232257889109979e-05,-0.0012000000003947187
2025-09-11T13:02:21Z,18335.0,18335.0,1040,1529.52874,1529.52893,0.06224999999994907,5.218007907673217e-05,-0.0009999999997635234
2025-09-11T13:02:22Z,18335.0,18335.1,1041,1529.52893,1529.5289,0.06222000000002481,5.215493205073456e-05,-0.0009499999998481279
2025-09-11T13:02:22Z,18335.0,18335.2,1042,1529.5289,1529.52874,0.062059999999974025,5.2020814578366145e-05,-0.0020000000006420438
2025-09-11T13:02:22Z,18335.0,18335.3,1043,1529.5285,1529.5285,0.061819999999897846,5.181963836981351e-05,-0.002150000000257335
2025-09-11T13:02:22Z,18335.0,18335.4,1044,1529.52831,1529.52831,0.0616299999999228,5.166037387144749e-05,-0.0019499999996189232
2025-09-11T13:02:22Z,18335.0,18335.5,1045,1529.52811,1529.52811,0.061429999999973006,5.149272703108226e-05,-0.0013999999998963175
2025-09-11T13:02:22Z,18335.0,18335.6,1046,1529.52803,1529.52803,0.06134999999994761,5.1425668294898055e-05,-0.0010499999996098075
2025-09-11T13:02:22Z,18335.0,18335.7,1047,1529.5279,1529.5279,0.06122000000004846,5.131669784871784e-05,-0.002349999999780805
2025-09-11T13:02:22Z,18335.0,18335.8,1048,1529.5275,1529.52756,0.06087999999999738,5.10316982199826e-05,-0.002000000000678459
2025-09-11T13:02:22Z,18335.0,18335.9,1049,1529.52756,1529.5275,0.06081999999992149,5.098140416779679e-05,-0.0013500000000245538
2025-09-11T13:02:22Z,18336.0,18336.0,1050,1529.52729,1529.52729,0.060609999999996944,5.0805374985432366e-05,-0.0018999999997780792
2025-09-11T13:02:23Z,18336.0,18336.1,1051,1529.52712,1529.52712,0.060439999999971405,5.0662875171064745e-05,-0.0017500000001209326
2025-09-11T13:02:23Z,18336.0,18336.2,1052,1529.52683,1529.52694,0.060259999999971114,5.051199301469793e-05,-0.001449999999731666
2025-09-11T13:02:23Z,18336.0,18336.3,1053,1529.52694,1529.52683,0.060150000000021464,5.0419787252516106e-05,-0.0008500000001336883
2025-09-11T13:02:23Z,18336.0,18336.4,1054,1529.52677,1529.52677,0.060089999999945576,5.0369493200330306e-05,-0.0016000000005384485
2025-09-11T13:02:23Z,18336.0,18336.5,1055,1529.52642,1529.52651,0.05982999999991989,5.015155230777927e-05,-0.0017500000001546279
2025-09-11T13:02:23Z,18336.0,18336.6,1056,1529.52651,1529.52642,0.059739999999919746,5.007611122959586e-05,-0.0013999999998526858
2025-09-11T13:02:23Z,18336.0,18336.7,1057,1529.52623,1529.52623,0.0595499999999447,4.991684673122984e-05,-0.002149999999120522
2025-09-11T13:02:23Z,18336.0,18336.8,1058,1529.52594,1529.52599,0.0593100000000959,4.97156705228678e-05,-0.0014499999997789614
2025-09-11T13:02:23Z,18336.0,18336.9,1059,1529.52599,1529.52594,0.05925999999999476,4.9673758812681205e-05,-0.0014500000009158298
2025-09-11T13:02:23Z,18337.0,18337.0,1060,1529.5257,1529.5257,0.05901999999991858,4.947258260412857e-05,-0.001499999999645285
2025-09-11T13:02:24Z,18337.0,18337.1,1061,1529.52564,1529.52564,0.05896000000007007,4.942228855213336e-05,-0.0014499999997135138
2025-09-11T13:02:24Z,18337.0,18337.2,1062,1529.52528,1529.52541,0.05872999999996864,4.922949468557994e-05,-0.001799999999978208
2025-09-11T13:02:24Z,18337.0,18337.3,1063,1529.52506,1529.52528,0.058600000000069485,4.912052423939972e-05,-0.0017500000001064442
2025-09-11T13:02:24Z,18337.0,18337.4,1064,1529.52541,1529.52506,0.05837999999994281,4.8936112714845494e-05,-0.0015000000007293623
2025-09-11T13:02:24Z,18337.0,18337.5,1065,1529.52498,1529.52498,0.05829999999991742,4.8869053978661285e-05,-0.0006499999995052685
2025-09-11T13:02:24Z,18337.0,18337.6,1066,1529.52493,1529.52493,0.058250000000043656,4.882714226866528e-05,-0.0008500000001118724
2025-09-11T13:02:24Z,18337.0,18337.7,1067,1529.52481,1529.52481,0.05812999999989188,4.8726554164293664e-05,-0.0017000000002673765
2025-09-11T13:02:24Z,18337.0,18337.8,1068,1529.52459,1529.52459,0.05790999999999258,4.8542142639930036e-05,-0.0020999999992414864
2025-09-11T13:02:24Z,18337.0,18337.9,1069,1529.52438,1529.52439,0.05771000000004278,4.837449579956481e-05,-0.0010499999995843834
2025-09-11T13:02:24Z,18338.0,18338.0,1070,1529.52439,1529.52438,0.05770000000006803,4.836611345756561e-05,-0.0008000000002655883
2025-09-11T13:02:25Z,18338.0,18338.1,1071,1529.52423,1529.52423,0.057549999999991996,4.824037832719639e-05,-0.002100000000352875
2025-09-11T13:02:25Z,18338.0,18338.2,1072,1529.52396,1529.52396,0.05727999999999156,4.801405509264616e-05,-0.0017999999999636085
2025-09-11T13:02:25Z,18338.0,18338.3,1073,1529.52387,1529.52387,0.057189999999991414,4.793861401446275e-05,-0.0010999999994852905
2025-09-11T13:02:25Z,18338.0,18338.4,1074,1529.52374,1529.52374,0.05706000000009226,4.7829643568282534e-05,-0.0012000000003729028
2025-09-11T13:02:25Z,18338.0,18338.5,1075,1529.5235,1529.52363,0.056949999999915235,4.7737437805910124e-05,-0.0012000000003983824
2025-09-11T13:02:25Z,18338.0,18338.6,1076,1529.52363,1529.5235,0.05682000000001608,4.76284673597299e-05,-0.0021999999989522068
2025-09-11T13:02:25Z,18338.0,18338.7,1077,1529.52319,1529.52319,0.056510000000116634,4.736861475718286e-05,-0.0015499999994351699
2025-09-11T13:02:25Z,18338.0,18338.8,1078,1529.52302,1529.52319,0.056510000000116634,4.736861475718286e-05,-0.0008500000000936647
2025-09-11T13:02:25Z,18338.0,18338.9,1079,1529.52319,1529.52302,0.056340000000091095,4.7226114942815247e-05,-0.002400000000778557
2025-09-11T13:02:25Z,18339.0,18339.0,1080,1529.52271,1529.52271,0.056029999999964275,4.696626234007761e-05,-0.0018499999999035954
2025-09-11T13:02:26Z,18339.0,18339.1,1081,1529.52265,1529.52265,0.05597000000011576,4.69159682880824e-05,-0.0005999999996197936
2025-09-11T13:02:26Z,18339.0,18339.2,1082,1529.5225,1529.52259,0.05591000000003987,4.686567423589659e-05,-0.0003000000003674508
2025-09-11T13:02:26Z,18339.0,18339.3,1083,1529.52259,1529.52259,0.05591000000003987,4.686567423589659e-05,5.551115123125783e-17
2025-09-11T13:02:26Z,18339.0,18339.4,1084,1529.52241,1529.52259,0.05591000000003987,4.686567423589659e-05,1.211500000039099
2025-09-11T13:02:26Z,18339.0,18339.5,1085,1529.76489,1529.76489,0.29820999999992637,0.00024996982138925604,2.295050000033571
2025-09-11T13:02:26Z,18339.0,18339.6,1086,1529.9816,1529.9816,0.5149200000000747,0.00043162355531271976,2.215699999990596
2025-09-11T13:02:26Z,18339.0,18339.7,1087,1530.20803,1530.20803,0.7413500000000113,0.0006214249256798012,2.1103499999859654
2025-09-11T13:02:26Z,18339.0,18339.8,1088,1530.40367,1530.40367,0.9369899999999234,0.0007854170649661571,1.8925999999953382
2025-09-11T13:02:26Z,18339.0,18339.9,1089,1530.58655,1530.58655,1.1198699999999917,0.0009387133358346575,1.8024499999926196
2025-09-11T13:02:26Z,18340.0,18340.0,1090,1530.76416,1530.76416,1.2974799999999505,0.0010875921124583335,1.7465500000257128
2025-09-11T13:02:27Z,18340.0,18340.1,1091,1530.93586,1530.93586,1.4691800000000512,0.0012315169249480925,1.8080999999907572
2025-09-11T13:02:27Z,18340.0,18340.2,1092,1531.12578,1531.12578,1.6591000000000804,0.0013907143645988974,1.8962999999926513
2025-09-11T13:02:27Z,18340.0,18340.3,1093,1531.31512,1531.31512,1.8484399999999823,0.0015494256284124144,1.9017999999921873
2025-09-11T13:02:27Z,18340.0,18340.4,1094,1531.50614,1531.50614,2.0394599999999627,0.0017095451256854187,1.7283999999877455
2025-09-11T13:02:27Z,18340.0,18340.5,1095,1531.6608,1531.6608,2.1941200000001118,0.0018391864273725154,1.6257000000243913
2025-09-11T13:02:27Z,18340.0,18340.6,1096,1531.83128,1531.83128,2.3646000000001095,0.0019820885941357036,1.569949999998574
2025-09-11T13:02:27Z,18340.0,18340.7,1097,1531.97479,1531.97479,2.508109999999988,0.002102383584469866,1.519099999996829
2025-09-11T13:02:27Z,18340.0,18340.8,1098,1532.1351,1532.1351,2.668419999999969,0.0022367609093983287,1.4848499999994065
2025-09-11T13:02:27Z,18340.0,18340.9,1099,1532.27176,1532.27176,2.805080000000089,0.0023513139954487432,1.1866499999887825
2025-09-11T13:02:27Z,18341.0,18341.0,1100,1532.37243,1532.37243,2.905749999999898,0.002435699032567602,1.2500511111168002
2025-09-11T13:02:28Z,18341.0,18341.125,1101,1532.56671,1532.56671,3.1000300000000607,0.002598551173339398,1.2292800000004718
2025-09-11T13:02:28Z,18341.0,18341.25,1102,1532.67975,1532.67975,3.213070000000016,0.0026933051675375715,0.8914799999993193
2025-09-11T13:02:28Z,18341.0,18341.375,1103,1532.78958,1532.78958,3.3228999999998905,0.00278536842994714,0.8435600000002523
2025-09-11T13:02:28Z,18341.0,18341.5,1104,1532.89064,1532.89064,3.423960000000079,0.002870080378405111,0.6985600000007253
2025-09-11T13:02:28Z,18341.0,18341.625,1105,1532.96422,1532.96422,3.497540000000072,0.002931757650990954,0.5596799999993891
2025-09-11T13:02:28Z,18341.0,18341.75,1106,1533.03056,1533.03056,3.5638799999999264,0.0029873661079539366,0.6484799999998359
2025-09-11T13:02:28Z,18341.0,18341.875,1107,1533.12634,1533.12634,3.6596600000000308,0.003067652179825084,0.5854400000007445
2025-09-11T13:02:28Z,18342.0,18342.0,1108,1533.17692,1533.17692,3.7102400000001126,0.003110050065764161,0.46796199999714005
2025-09-11T13:02:29Z,18342.0,18342.14285714286,1109,1533.25411,1533.25411,3.787430000000086,0.0031747533638193394,0.3690749999955809
2025-09-11T13:02:29Z,18342.0,18342.285714285714,1110,1533.28237,1533.28237,3.815689999999904,0.00319844186236874,0.17913000000056023
2025-09-11T13:02:29Z,18342.0,18342.428571428572,1111,1533.30529,1533.30529,3.838610000000017,0.003217654190279512,0.21311500000242845
2025-09-11T13:02:29Z,18342.0,18342.571428571428,1112,1533.34326,1533.34326,3.8765800000001036,0.0032494819429309124,0.19750500000241722
2025-09-11T13:02:29Z,18342.0,18342.714285714286,1113,1533.36172,1533.36172,3.895040000000108,0.003264955746300511,0.06460999999848838
2025-09-11T13:02:29Z,18342.0,18342.85714285714,1114,1533.3893,1533.36172,3.895040000000108,0.003264955746300511,0.0
2025-09-11T13:02:29Z,18343.0,18343.0,1115,1533.40018,1533.36172,3.895040000000108,0.003264955746300511,-1.4123868750363968
2025-09-11T13:02:30Z,18343.0,18343.11111111111,1116,1533.08273,1533.08273,3.6160500000000866,0.0030310967862743174,-10.158839999731622
2025-09-11T13:02:30Z,18343.0,18343.222222222223,1117,1531.1042,1531.1042,1.637519999999995,0.0013726252705188772,-10.25468999973406
2025-09-11T13:02:30Z,18343.0,18343.333333333332,1118,1530.80391,1530.80391,1.3372300000000905,0.0011209119219894035,-2.2728150000096345
2025-09-11T13:02:30Z,18343.0,18343.444444444445,1119,1530.59913,1530.59913,1.1324500000000626,0.0009492583220963366,-1.6965899999927032
2025-09-11T13:02:30Z,18343.0,18343.555555555555,1120,1530.42689,1530.42689,0.9602099999999609,0.0008048808631374771,-1.5024599999994388
2025-09-11T13:02:30Z,18343.0,18343.666666666668,1121,1530.26525,1530.26525,0.798569999999927,0.0006693886867202616,-1.637685000002929
2025-09-11T13:02:30Z,18343.0,18343.777777777777,1122,1530.06296,1530.06296,0.5962799999999788,0.0004998222899903327,-1.5584400000051994
2025-09-11T13:02:30Z,18343.0,18343.88888888889,1123,1529.91893,1529.91893,0.4522500000000491,0.00037909141787106817,-1.30301999999757
2025-09-11T13:02:31Z,18344.0,18344.0,1124,1529.7734,1529.7734,0.3067200000000412,0.0002571031944486833,-1.2591000000184254
2025-09-11T13:02:31Z,18344.0,18344.11111111111,1125,1529.63913,1529.63913,0.1724500000000262,0.00014455348814122396,-0.6479550000173105
2025-09-11T13:02:31Z,18344.0,18344.222222222223,1126,1529.62941,1529.62941,0.16273000000001048,0.00013640585169741556,-0.06398999999921795
2025-09-11T13:02:31Z,18344.0,18344.333333333332,1127,1529.62491,1529.62491,0.1582300000000032,0.00013263379778824503,-0.04828499999950797
2025-09-11T13:02:31Z,18344.0,18344.444444444445,1128,1529.61868,1529.61868,0.15200000000004366,0.00012741159870959128,-0.05561999999963296
2025-09-11T13:02:31Z,18344.0,18344.555555555555,1129,1529.61255,1529.61255,0.145870000000059,0.00012227322305112014,-0.047025000000143535
2025-09-11T13:02:31Z,18344.0,18344.666666666668,1130,1529.60823,1529.60823,0.14155000000005202,0.0001186520512983164,-0.03689999999981408
2025-09-11T13:02:31Z,18344.0,18344.777777777777,1131,1529.60435,1529.60435,0.137670000000071,0.00011539970259443052,-0.045135000000224745
2025-09-11T13:02:31Z,18344.0,18344.88888888889,1132,1529.5982,1529.5982,0.1315199999999095,0.00011024456225177038,-0.04666499999947871
2025-09-11T13:02:32Z,18345.0,18345.0,1133,1529.59398,1529.59398,0.12730000000010477,0.00010670721391933986,-0.03603176470528535
2025-09-11T13:02:32Z,18345.0,18345.125,1134,1529.58975,1529.58975,0.12307000000009793,0.00010316148324471955,-0.025040000000444707
2025-09-11T13:02:32Z,18345.0,18345.25,1135,1529.58772,1529.58772,0.1210399999999936,0.00010145986781449791,-0.01731999999992695
2025-09-11T13:02:32Z,18345.0,18345.375,1136,1529.58542,1529.58542,0.1187400000001162,9.953192914991663e-05,-0.026119999999536958
2025-09-11T13:02:32Z,18345.0,18345.5,1137,1529.58119,1529.58119,0.11451000000010936,9.598619847529631e-05,-0.024640000000545115
2025-09-11T13:02:32Z,18345.0,18345.625,1138,1529.57926,1529.57926,0.11257999999997992,9.436840646525729e-05,-0.014360000000124273
2025-09-11T13:02:32Z,18345.0,18345.75,1139,1529.5776,1529.5776,0.11092000000007829,9.297693768995907e-05,-0.013799999999719148
2025-09-11T13:02:32Z,18345.0,18345.875,1140,1529.57581,1529.57581,0.10913000000005013,9.147649846829006e-05,-0.013160000000425498
2025-09-11T13:02:32Z,18346.0,18346.0,1141,1529.57431,1529.57431,0.10762999999997191,9.021914716516968e-05,-0.01136470588237437
2025-09-11T13:02:33Z,18346.0,18346.11111111111,1142,1529.57311,1529.57311,0.10643000000004577,8.921326612278773e-05,-0.01268999999959447
2025-09-11T13:02:33Z,18346.0,18346.222222222223,1143,1529.57149,1529.57149,0.10481000000004315,8.785532671548634e-05,-0.013725000000082921
2025-09-11T13:02:33Z,18346.0,18346.333333333332,1144,1529.57006,1529.57006,0.10338000000001557,8.665665180655096e-05,-0.009945000000548543
2025-09-11T13:02:33Z,18346.0,18346.444444444445,1145,1529.56928,1529.56928,0.10259999999993852,8.600282912889787e-05,-0.009315000000073237
2025-09-11T13:02:33Z,18346.0,18346.555555555555,1146,1529.56799,1529.56799,0.10131000000001222,8.492150700833252e-05,-0.01601999999928394
2025-09-11T13:02:33Z,18346.0,18346.666666666668,1147,1529.56572,1529.56572,0.09904000000005908,8.301871536974883e-05,-0.013680000000003578
2025-09-11T13:02:33Z,18346.0,18346.777777777777,1148,1529.56495,1529.56495,0.09826999999995678,8.237327503409494e-05,-0.009945000000354032
2025-09-11T13:02:33Z,18346.0,18346.88888888889,1149,1529.56351,1529.56351,0.09682999999995445,8.116621778316036e-05,-0.014219999999924682
2025-09-11T13:02:34Z,18347.0,18347.0,1150,1529.56179,1529.56179,0.09510999999997694,7.972445495567636e-05,-0.012788235293682393
2025-09-11T13:02:34Z,18347.0,18347.125,1151,1529.56057,1529.56057,0.09389000000010128,7.8701809229296e-05,-0.006999999999607098
2025-09-11T13:02:34Z,18347.0,18347.25,1152,1529.56004,1529.56004,0.09336000000007516,7.825754510219474e-05,-0.004400000000714499
2025-09-11T13:02:34Z,18347.0,18347.375,1153,1529.55947,1529.55947,0.09278999999992266,7.777975160690608e-05,-0.007040000000415603
2025-09-11T13:02:34Z,18347.0,18347.5,1154,1529.55828,1529.55828,0.09159999999997126,7.678225290652333e-05,-0.010599999999612919
2025-09-11T13:02:34Z,18347.0,18347.625,1155,1529.55682,1529.55682,0.09014000000001943,7.555843097159035e-05,-0.008359999999811407
2025-09-11T13:02:34Z,18347.0,18347.75,1156,1529.55619,1529.55619,0.08951000000001841,7.503034342430648e-05,-0.006519999999909487
2025-09-11T13:02:34Z,18347.0,18347.875,1157,1529.55519,1529.55519,0.08851000000004206,7.419210922228975e-05,-0.00551999999970576
2025-09-11T13:02:34Z,18348.0,18348.0,1158,1529.55481,1529.55481,0.08813000000009197,7.387358022555771e-05,-0.0015199999998003477
2025-09-11T13:02:35Z,18348.0,18348.125,1159,1529.55391,1529.55481,0.08813000000009197,7.387358022555771e-05,0.0
2025-09-11T13:02:35Z,18348.0,18348.25,1160,1529.55325,1529.55481,0.08813000000009197,7.387358022555771e-05,0.5104799999999159
2025-09-11T13:02:35Z,18348.0,18348.375,1161,1529.68243,1529.68243,0.21575000000007094,0.00018084902908944381,1.5160399999995207
2025-09-11T13:02:35Z,18348.0,18348.5,1162,1529.93382,1529.93382,0.46713999999997213,0.0003915727251393278,1.7935600000000704
2025-09-11T13:02:35Z,18348.0,18348.625,1163,1530.13082,1530.13082,0.6641400000000885,0.0005567048629406245,2.2917600000000675
2025-09-11T13:02:35Z,18348.0,18348.75,1164,1530.50676,1530.50676,1.040079999999989,0.0008718306288541594,2.219919999999547
2025-09-11T13:02:35Z,18348.0,18348.875,1165,1530.6858,1530.6858,1.2191199999999753,0.0010219080803867708,1.5320400000000518
2025-09-11T13:02:35Z,18349.0,18349.0,1166,1530.88977,1530.88977,1.423090000000002,0.001192882710576187,1.4793600000002698
2025-09-11T13:02:36Z,18349.0,18349.125,1167,1531.05564,1531.05564,1.5889600000000428,0.0013319206176680227,1.3168400000004112
2025-09-11T13:02:36Z,18349.0,18349.25,1168,1531.21898,1531.21898,1.7523000000001048,0.0014688377922287238,2.0648000000001048
2025-09-11T13:02:36Z,18349.0,18349.375,1169,1531.57184,1531.57184,2.105160000000069,0.0017646171127593086,2.0177599999997256
2025-09-11T13:02:36Z,18349.0,18349.5,1170,1531.72342,1531.72342,2.256740000000036,0.0018916766531039805,1.3301999999994223
2025-09-11T13:02:36Z,18349.0,18349.625,1171,1531.90439,1531.90439,2.4377099999999245,0.0020433718966464402,1.819919999999911
2025-09-11T13:02:36Z,18349.0,18349.75,1172,1532.1784,1532.1784,2.711720000000014,0.0022730564503465485,1.5840800000005402
2025-09-11T13:02:36Z,18349.0,18349.875,1173,1532.30041,1532.30041,2.8337300000000596,0.0023753294053370654,0.9389600000004066
2025-09-11T13:02:36Z,18350.0,18350.0,1174,1532.41314,1532.41314,2.9464600000001155,0.002469823546932692,0.9521817647130462
2025-09-11T13:02:37Z,18350.0,18350.11111111111,1175,1532.52391,1532.52391,3.0572299999998904,0.0025626747494920912,1.0220399999963572
2025-09-11T13:02:37Z,18350.0,18350.222222222223,1176,1532.64026,1532.64026,3.1735799999999017,0.0026602032988990525,0.931319999995452
2025-09-11T13:02:37Z,18350.0,18350.333333333332,1177,1532.73087,1532.73087,3.2641900000000987,0.002736155699945749,0.7555050000013566
2025-09-11T13:02:37Z,18350.0,18350.444444444445,1178,1532.80815,1532.80815,3.341470000000072,0.002800934439079111,0.7384050000000038
2025-09-11T13:02:37Z,18350.0,18350.555555555555,1179,1532.89496,1532.89496,3.428280000000086,0.002873701550157915,0.7235100000002692
2025-09-11T13:02:37Z,18350.0,18350.666666666668,1180,1532.96893,1532.96893,3.5022500000000036,0.002935705734082489,0.5952149999958678
2025-09-11T13:02:37Z,18350.0,18350.777777777777,1181,1533.02723,1533.02723,3.560549999999921,0.0029845747880611504,0.5885999999964273
2025-09-11T13:02:37Z,18350.0,18350.88888888889,1182,1533.09973,1533.09973,3.633049999999912,0.003045346767708792,0.7622550000023018
2025-09-11T13:02:37Z,18351.0,18351.0,1183,1533.19662,1533.19662,3.7299399999999423,0.0031265632795441384,0.6287850000096
2025-09-11T13:02:38Z,18351.0,18351.11111111111,1184,1533.23946,1533.23946,3.7727800000000116,0.0031624732327594418,0.3547350000010496
2025-09-11T13:02:38Z,18351.0,18351.222222222223,1185,1533.27545,1533.27545,3.808770000000095,0.003192641281690807,0.29528999999888583
2025-09-11T13:02:38Z,18351.0,18351.333333333332,1186,1533.30508,1533.30508,3.8384000000000924,0.0032174781610971475,0.24430499999943223
2025-09-11T13:02:38Z,18351.0,18351.444444444445,1187,1533.32974,1533.32974,3.863059999999905,0.003238149016519212,0.2272049999991026
2025-09-11T13:02:38Z,18351.0,18351.555555555555,1188,1533.35557,1533.35557,3.8888899999999467,0.0032598006059578505,0.22693499999979494
2025-09-11T13:02:38Z,18351.0,18351.666666666668,1189,1533.38017,1533.38017,3.9134899999999107,0.0032804211673279193,0.20173499999919997
2025-09-11T13:02:38Z,18351.0,18351.777777777777,1190,1533.4004,1533.4004,3.933719999999994,0.0032973786452351883,0.27728999999716564
2025-09-11T13:02:38Z,18351.0,18351.88888888889,1191,1533.44179,1533.44179,3.975110000000086,0.0033320731588575583,0.18625499999397732
2025-09-11T13:02:38Z,18352.0,18352.0,1192,1533.46911,1533.44179,3.975110000000086,0.0033320731588575583,0.0
2025-09-11T13:02:39Z,18352.0,18352.1,1193,1533.49013,1533.44179,3.975110000000086,0.0033320731588575583,-10.604349999576616
2025-09-11T13:02:39Z,18352.0,18352.2,1194,1531.32092,1531.32092,1.8542399999998906,0.0015542873867841495,-12.227099999628834
2025-09-11T13:02:39Z,18352.0,18352.3,1195,1530.99637,1530.99637,1.5296900000000733,0.0012822384765133422,-2.535600000016532
2025-09-11T13:02:39Z,18352.0,18352.4,1196,1530.8138,1530.8138,1.3471199999999044,0.0011292020582473888,-1.7999499999932773
2025-09-11T13:02:39Z,18352.0,18352.5,1197,1530.63638,1530.63638,1.1696999999999207,0.000980482546122079,-1.733750000024875
2025-09-11T13:02:39Z,18352.0,18352.6,1198,1530.46705,1530.46705,1.0003699999999753,0.0008385443486912768,-1.8172499999880278
2025-09-11T13:02:39Z,18352.0,18352.7,1199,1530.27293,1530.27293,0.806250000000091,0.0006758263253920397,-1.7602999999867035
2025-09-11T13:02:39Z,18352.0,18352.8,1200,1530.11499,1530.11499,0.6483100000000377,0.0005434356155223434,-1.5450999999963564
2025-09-11T13:02:39Z,18352.0,18352.9,1201,1529.96391,1529.96391,0.497229999999945,0.0004167951922785846,-1.477699999993788
2025-09-11T13:02:39Z,18353.0,18353.0,1202,1529.81945,1529.81945,0.35276999999996406,0.00029570387945240144,-1.4627563158100716
2025-09-11T13:02:40Z,18353.0,18353.11111111111,1203,1529.65468,1529.65468,0.18800000000010186,0.00015758802998295564,-0.8016750000206655
2025-09-11T13:02:40Z,18353.0,18353.222222222223,1204,1529.6413,1529.6413,0.17462000000000444,0.00014637245635962503,-0.09593999999929281
2025-09-11T13:02:40Z,18353.0,18353.333333333332,1205,1529.63336,1529.63336,0.16668000000004213,0.00013971687679548646,-0.07564500000007512
2025-09-11T13:02:40Z,18353.0,18353.444444444445,1206,1529.62449,1529.62449,0.15780999999992673,0.0001322817394233256,-0.05845499999894732
2025-09-11T13:02:40Z,18353.0,18353.555555555555,1207,1529.62037,1529.62037,0.15369000000009692,0.00012882821451107768,-0.03649499999989814
2025-09-11T13:02:40Z,18353.0,18353.666666666668,1208,1529.61638,1529.61638,0.14969999999993888,0.00012548366004481938,-0.03627000000045921
2025-09-11T13:02:40Z,18353.0,18353.777777777777,1209,1529.61231,1529.61231,0.14562999999998283,0.0001220720468425675,-0.03338999999964454
2025-09-11T13:02:40Z,18353.0,18353.88888888889,1210,1529.60896,1529.60896,0.14228000000002794,0.00011926396226578288,-0.027719999999460176
2025-09-11T13:02:40Z,18354.0,18354.0,1211,1529.60615,1529.60615,0.13947000000007392,0.00011690852415809875,-0.02597947368494713
2025-09-11T13:02:41Z,18354.0,18354.1,1212,1529.60349,1529.60349,0.13680999999996857,0.00011467882118059323,-0.029649999999955434
2025-09-11T13:02:41Z,18354.0,18354.2,1213,1529.60022,1529.60022,0.13354000000003907,0.00011193779533999282,-0.026749999999224228
2025-09-11T13:02:41Z,18354.0,18354.3,1214,1529.59814,1529.59814,0.13146000000006097,0.00011019426819977517,-0.0200000000006203
2025-09-11T13:02:41Z,18354.0,18354.4,1215,1529.59622,1529.59622,0.12953999999990629,0.00010858485853173534,-0.022450000000199255
2025-09-11T13:02:41Z,18354.0,18354.5,1216,1529.59365,1529.59365,0.12697000000002845,0.00010643059663260383,-0.022150000000105474
2025-09-11T13:02:41Z,18354.0,18354.6,1217,1529.59179,1529.59179,0.12510999999994965,0.00010487148101674981,-0.018750000000335665
2025-09-11T13:02:41Z,18354.0,18354.7,1218,1529.5899,1529.5899,0.1232199999999466,0.00010328721837489818,-0.018949999999837153
2025-09-11T13:02:41Z,18354.0,18354.8,1219,1529.588,1529.588,0.12131999999996879,0.00010169457339104735,-0.018249999999358835
2025-09-11T13:02:41Z,18354.0,18354.9,1220,1529.58625,1529.58625,0.11957000000006701,0.00010022766353756573,-0.01475000000012272
2025-09-11T13:02:41Z,18355.0,18355.0,1221,1529.58505,1529.58505,0.11836999999991349,9.922178249499319e-05,-0.015097894737022444
2025-09-11T13:02:42Z,18355.0,18355.11111111111,1222,1529.58299,1529.58299,0.11631000000011227,9.749502003896453e-05,-0.014625000000011545
2025-09-11T13:02:42Z,18355.0,18355.222222222223,1223,1529.5818,1529.5818,0.1151199999999335,9.64975213383912e-05,-0.018270000001153308
2025-09-11T13:02:42Z,18355.0,18355.333333333332,1224,1529.57893,1529.57893,0.1122499999999036,9.409178917852124e-05,-0.018539999999439172
2025-09-11T13:02:42Z,18355.0,18355.444444444445,1225,1529.57768,1529.57768,0.11100000000010368,9.304399642614328e-05,-0.010889999999076527
2025-09-11T13:02:42Z,18355.0,18355.555555555555,1226,1529.57651,1529.57651,0.10983000000010179,9.206326240975894e-05,-0.01066500000067555
2025-09-11T13:02:42Z,18355.0,18355.666666666668,1227,1529.57531,1529.57531,0.10862999999994827,9.10573813671864e-05,-0.010620000000787722
2025-09-11T13:02:42Z,18355.0,18355.777777777777,1228,1529.57415,1529.57415,0.10746999999992113,9.008502969280127e-05,-0.010169999999893098
2025-09-11T13:02:42Z,18355.0,18355.88888888889,1229,1529.57305,1529.57305,0.10636999999996988,8.916297207060192e-05,-0.009944999999430992
2025-09-11T13:02:42Z,18356.0,18356.0,1230,1529.57194,1529.57194,0.10526000000004387,8.823253210640339e-05,-0.009363684210620615
2025-09-11T13:02:43Z,18356.0,18356.1,1231,1529.57106,1529.57106,0.10437999999999192,8.749488600856769e-05,-0.009899999999939957
2025-09-11T13:02:43Z,18356.0,18356.2,1232,1529.56996,1529.56996,0.10328000000004067,8.657282838636836e-05,-0.009549999999675318
2025-09-11T13:02:43Z,18356.0,18356.3,1233,1529.56915,1529.56915,0.10247000000003936,8.589385868271765e-05,-0.007100000000274664
2025-09-11T13:02:43Z,18356.0,18356.4,1234,1529.56854,1529.56854,0.10185999999998785,8.538253581943218e-05,-0.009549999999853509
2025-09-11T13:02:43Z,18356.0,18356.5,1235,1529.56724,1529.56724,0.1005600000000868,8.429283135686761e-05,-0.01040000000004182
2025-09-11T13:02:43Z,18356.0,18356.6,1236,1529.56646,1529.56646,0.09978000000000975,8.363900867921452e-05,-0.007800000000742213
2025-09-11T13:02:43Z,18356.0,18356.7,1237,1529.56568,1529.56568,0.0989999999999327,8.298518600156144e-05,-0.007799999999605234
2025-09-11T13:02:43Z,18356.0,18356.8,1238,1529.5649,1529.5649,0.09822000000008302,8.233136332409894e-05,-0.00844999999907503
2025-09-11T13:02:43Z,18356.0,18356.9,1239,1529.56399,1529.56399,0.09731000000010681,8.156857020026563e-05,-0.00785000000057029
2025-09-11T13:02:43Z,18357.0,18357.0,1240,1529.56333,1529.56333,0.09664999999995416,8.101533562679355e-05,-0.006500000000736694
2025-09-11T13:02:44Z,18357.0,18357.1,1241,1529.56269,1529.56269,0.09600999999997839,8.047886573751047e-05,-0.003199999999983605
2025-09-11T13:02:44Z,18357.0,18357.2,1242,1529.56163,1529.56269,0.09600999999997839,8.047886573751047e-05,0.0
2025-09-11T13:02:44Z,18357.0,18357.3,1243,1529.56116,1529.56269,0.09600999999997839,8.047886573751047e-05,1.1133499999559833
2025-09-11T13:02:44Z,18357.0,18357.4,1244,1529.78536,1529.78536,0.3186800000000858,0.00026712847550507774,2.164649999989578
2025-09-11T13:02:44Z,18357.0,18357.5,1245,1529.99562,1529.99562,0.5289399999999205,0.0004433755988251429,2.2463500000318994
2025-09-11T13:02:44Z,18357.0,18357.6,1246,1530.23463,1530.23463,0.767949999999928,0.0006437219554539035,2.2795499999963833
2025-09-11T13:02:44Z,18357.0,18357.7,1247,1530.45153,1530.45153,0.9848500000000513,0.0008255349538757332,1.9902499999863168
2025-09-11T13:02:44Z,18357.0,18357.8,1248,1530.63268,1530.63268,1.16599999999994,0.0009773810795745599,1.7740499999951238
2025-09-11T13:02:44Z,18357.0,18357.9,1249,1530.80634,1530.80634,1.3396600000000944,0.0011229488311003556,1.7323499999933114
2025-09-11T13:02:44Z,18358.0,18358.0,1250,1530.97915,1530.97915,1.5124699999998938,0.0012678040835541226,1.8243000000260858
2025-09-11T13:02:45Z,18358.0,18358.1,1251,1531.1712,1531.1712,1.7045200000000023,0.0014287869620553317,1.6289500000051662
2025-09-11T13:02:45Z,18358.0,18358.2,1252,1531.30494,1531.30494,1.8382599999999911,0.0015408924042356897,1.6143000000041567
2025-09-11T13:02:45Z,18358.0,18358.3,1253,1531.49406,1531.49406,2.0273799999999937,0.0016994192565248432,1.7340999999993052
2025-09-11T13:02:45Z,18358.0,18358.4,1254,1531.65176,1531.65176,2.185079999999971,0.001831608790185987,1.5365999999935305
2025-09-11T13:02:45Z,18358.0,18358.5,1255,1531.80138,1531.80138,2.3347000000001117,0.0019570253914948125,1.4949500000217721
2025-09-11T13:02:45Z,18358.0,18358.6,1256,1531.95075,1531.95075,2.4840699999999742,0.002082232434252896,1.5664999999906488
2025-09-11T13:02:45Z,18358.0,18358.7,1257,1532.11468,1532.11468,2.647999999999911,0.0022196441669926938,1.4670499999883706
2025-09-11T13:02:45Z,18358.0,18358.8,1258,1532.24416,1532.24416,2.7774799999999686,0.0023281787314724336,1.2379999999983013
2025-09-11T13:02:45Z,18358.0,18358.9,1259,1532.36228,1532.36228,2.8956000000000586,0.002427190955417066,1.2236999999975566
2025-09-11T13:02:45Z,18359.0,18359.0,1260,1532.4889,1532.4889,3.022220000000061,0.002533328170078935,1.2297500000178623
2025-09-11T13:02:46Z,18359.0,18359.1,1261,1532.60823,1532.60823,3.141550000000052,0.002633354657407948,1.0555500000009825
2025-09-11T13:02:46Z,18359.0,18359.2,1262,1532.70001,1532.70001,3.2333300000000236,0.002710287792470838,0.7890999999919543
2025-09-11T13:02:46Z,18359.0,18359.3,1263,1532.76605,1532.76605,3.2993699999999535,0.002765644779173273,0.7757499999932236
2025-09-11T13:02:46Z,18359.0,18359.4,1264,1532.85516,1532.85516,3.3884800000000723,0.002840339828916849,0.7758999999928555
2025-09-11T13:02:46Z,18359.0,18359.5,1265,1532.92123,1532.92123,3.4545499999999265,0.002895721962645281,0.7196500000102475
2025-09-11T13:02:46Z,18359.0,18359.6,1266,1532.99909,1532.99909,3.532410000000027,0.002960986877615931,0.675000000001269
2025-09-11T13:02:46Z,18359.0,18359.7,1267,1533.05623,1533.05623,3.5895499999999174,0.003008883579920207,0.5696999999976491
2025-09-11T13:02:46Z,18359.0,18359.8,1268,1533.11303,1533.11303,3.646349999999984,0.0030564952825959386,0.6061999999972585
2025-09-11T13:02:46Z,18359.0,18359.9,1269,1533.17747,1533.17747,3.710790000000088,0.0031105110945752606,0.5364499999937244
2025-09-11T13:02:46Z,18360.0,18360.0,1270,1533.22032,1533.22032,3.753639999999905,0.003146429430132373,0.3820000000051671
2025-09-11T13:02:47Z,18360.0,18360.1,1271,1533.25387,1533.25387,3.7871900000000096,0.003174552187610787,0.30550000000059896
2025-09-11T13:02:47Z,18360.0,18360.2,1272,1533.28142,1533.28142,3.814740000000029,0.00319764553987691,0.2942499999990815
2025-09-11T13:02:47Z,18360.0,18360.3,1273,1533.31272,1533.31272,3.8460399999999026,0.003223882270400548,0.26145000000134644
2025-09-11T13:02:47Z,18360.0,18360.4,1274,1533.33371,1533.33371,3.8670300000001134,0.0032414768063014714,0.2080499999991332
2025-09-11T13:02:47Z,18360.0,18360.5,1275,1533.35433,1533.35433,3.887649999999894,0.0032587611955472813,0.19055000000257394
2025-09-11T13:02:47Z,18360.0,18360.6,1276,1533.37182,1533.37182,3.905140000000074,0.003273421911741051,0.19394999999891382
2025-09-11T13:02:47Z,18360.0,18360.7,1277,1533.39312,1533.39312,3.926439999999957,0.0032912763002443312,0.19409999999854222
2025-09-11T13:02:47Z,18360.0,18360.8,1278,1533.41064,1533.41064,3.943960000000061,0.003305962163464099,0.08760000000339119
2025-09-11T13:02:47Z,18360.0,18360.9,1279,1533.42653,1533.41064,3.943960000000061,0.003305962163464099,0.0
2025-09-11T13:02:47Z,18361.0,18361.0,1280,1533.44074,1533.41064,3.943960000000061,0.003305962163464099,-0.9122500000133584
2025-09-11T13:02:48Z,18361.0,18361.1,1281,1533.22819,1533.22819,3.761510000000044,0.0031530263333025173,-11.192349999618514
2025-09-11T13:02:48Z,18361.0,18361.2,1282,1531.17217,1531.17217,1.7054900000000544,0.0014296000492313508,-11.421799999626526
2025-09-11T13:02:48Z,18361.0,18361.3,1283,1530.94383,1530.94383,1.4771499999999378,0.0012381976515382287,-2.2614499999923128
2025-09-11T13:02:48Z,18361.0,18361.4,1284,1530.71988,1530.71988,1.2532000000001062,0.0010504751019922859,-2.1150499999876615
2025-09-11T13:02:48Z,18361.0,18361.5,1285,1530.52082,1530.52082,1.0541399999999612,0.0008836162017347699,-1.856100000026979
2025-09-11T13:02:48Z,18361.0,18361.6,1286,1530.34866,1530.34866,0.8819800000001123,0.0007393058015122851,-1.636799999997124
2025-09-11T13:02:48Z,18361.0,18361.7,1287,1530.19346,1530.19346,0.7267799999999625,0.000609211853356088,-1.5545499999951828
2025-09-11T13:02:48Z,18361.0,18361.8,1288,1530.03775,1530.03775,0.5710699999999633,0.0004786904057569784,-1.4927499999967972
2025-09-11T13:02:48Z,18361.0,18361.9,1289,1529.89491,1529.89491,0.428229999999985,0.00035895703233809664,-1.5737499999995808
2025-09-11T13:02:48Z,18362.0,18362.0,1290,1529.723,1529.723,0.2563199999999597,0.00021485619066597314,-1.2082500000172622
2025-09-11T13:02:49Z,18362.0,18362.1,1291,1529.65326,1529.65326,0.18658000000004904,0.00015639773741601948,-0.38840000000919317
2025-09-11T13:02:49Z,18362.0,18362.2,1292,1529.64532,1529.64532,0.17864000000008673,0.00014974215785188092,-0.07324999999988091
2025-09-11T13:02:49Z,18362.0,18362.3,1293,1529.63861,1529.63861,0.17192999999997483,0.0001441176063561219,-0.060450000000877635
2025-09-11T13:02:49Z,18362.0,18362.4,1294,1529.63323,1529.63323,0.1665499999999156,0.00013960790634911564,-0.049850000000008166
2025-09-11T13:02:49Z,18362.0,18362.5,1295,1529.62864,1529.62864,0.16195999999990818,0.00013576041136176167,-0.046299999999737995
2025-09-11T13:02:49Z,18362.0,18362.6,1296,1529.62397,1529.62397,0.15729000000010274,0.0001318458576384141,-0.041499999999852655
2025-09-11T13:02:49Z,18362.0,18362.7,1297,1529.62034,1529.62034,0.15365999999994528,0.00012880306748488948,-0.03890000000064764
2025-09-11T13:02:49Z,18362.0,18362.8,1298,1529.61619,1529.61619,0.14950999999996384,0.00012532439554645337,-0.03550000000027287
2025-09-11T13:02:49Z,18362.0,18362.9,1299,1529.61324,1529.61324,0.14655999999990854,0.00012285160465039921,-0.030050000000211963
2025-09-11T13:02:49Z,18363.0,18363.0,1300,1529.61018,1529.61018,0.1434999999999036,0.00012028660799216324,-0.026550000000429286
2025-09-11T13:02:50Z,18363.0,18363.1,1301,1529.60793,1529.60793,0.14124999999989996,0.00011840058103757797,-0.025749999999577056
2025-09-11T13:02:50Z,18363.0,18363.2,1302,1529.60503,1529.60503,0.1383499999999458,0.00011596970185171042,-0.025999999998954082
2025-09-11T13:02:50Z,18363.0,18363.3,1303,1529.60273,1529.60273,0.1360500000000684,0.00011404176318712914,-0.022549999999844417
2025-09-11T13:02:50Z,18363.0,18363.4,1304,1529.60052,1529.60052,0.13383999999996377,0.00011218926560054066,-0.021950000000202752
2025-09-11T13:02:50Z,18363.0,18363.5,1305,1529.59834,1529.59834,0.13166000000001077,0.0001103619150401404,-0.021050000000592983
2025-09-11T13:02:50Z,18363.0,18363.6,1306,1529.59631,1529.59631,0.12962999999990643,0.00010866029960991875,-0.019650000000362877
2025-09-11T13:02:50Z,18363.0,18363.7,1307,1529.59441,1529.59441,0.12772999999992862,0.00010706765462606792,-0.01724999999952259
2025-09-11T13:02:50Z,18363.0,18363.8,1308,1529.59286,1529.59286,0.12617999999997664,0.00010576839161295153,-0.018049999999744437
2025-09-11T13:02:50Z,18363.0,18363.9,1309,1529.5908,1529.5908,0.12411999999994805,0.00010404162915673229,-0.01614999999993172
2025-09-11T13:02:50Z,18364.0,18364.0,1310,1529.58963,1529.58963,0.12294999999994616,0.00010306089514034795,-0.0137499999995907
2025-09-11T13:02:51Z,18364.0,18364.1,1311,1529.58805,1529.58805,0.12137000000006992,0.00010173648510123395,-0.01610000000020917
2025-09-11T13:02:51Z,18364.0,18364.2,1312,1529.58641,1529.58641,0.11972999999989042,0.00010036178100974356,-0.014250000000271879
2025-09-11T13:02:51Z,18364.0,18364.3,1313,1529.5852,1529.5852,0.11851999999998952,9.934751762536241e-05,-0.013149999999682582
2025-09-11T13:02:51Z,18364.0,18364.4,1314,1529.58378,1529.58378,0.1170999999999367,9.815722505842623e-05,-0.012450000000290173
2025-09-11T13:02:51Z,18364.0,18364.5,1315,1529.58271,1529.58271,0.1160299999999097,9.72603144622245e-05,-0.012200000000070932
2025-09-11T13:02:51Z,18364.0,18364.6,1316,1529.58134,1529.58134,0.11465999999995802,9.611193360547494e-05,-0.012799999999501543
2025-09-11T13:02:51Z,18364.0,18364.7,1317,1529.58015,1529.58015,0.11347000000000662,9.511443490509219e-05,-0.011449999999455174
2025-09-11T13:02:51Z,18364.0,18364.8,1318,1529.57905,1529.57905,0.11237000000005537,9.419237728289286e-05,-0.010949999999600668
2025-09-11T13:02:51Z,18364.0,18364.9,1319,1529.57796,1529.57796,0.11128000000007887,9.327870200269272e-05,-0.011150000000239135
2025-09-11T13:02:51Z,18365.0,18365.0,1320,1529.57682,1529.57682,0.11014000000000124,9.232311501230598e-05,-0.01107315789509944
2025-09-11T13:02:52Z,18365.0,18365.11111111111,1321,1529.57563,1529.57563,0.10895000000004984,9.132561631192323e-05,-0.008549999999955316
2025-09-11T13:02:52Z,18365.0,18365.222222222223,1322,1529.57492,1529.57492,0.10824000000002343,9.073047002845516e-05,-0.006164999999764054
2025-09-11T13:02:52Z,18365.0,18365.333333333332,1323,1529.57426,1529.57426,0.10758000000009815,9.017723545517367e-05,-0.008775000000246502
2025-09-11T13:02:52Z,18365.0,18365.444444444445,1324,1529.57297,1529.57297,0.10628999999994448,8.909591333441771e-05,-0.015165000000681772
2025-09-11T13:02:52Z,18365.0,18365.555555555555,1325,1529.57089,1529.57089,0.10420999999996639,8.735238619420006e-05,-0.011834999999995655
2025-09-11T13:02:52Z,18365.0,18365.666666666668,1326,1529.57034,1529.57034,0.10365999999999076,8.68913573831004e-05,-0.006119999999923409
2025-09-11T13:02:52Z,18365.0,18365.777777777777,1327,1529.56953,1529.56953,0.10284999999998945,8.62123876794497e-05,-0.006840000000127022
2025-09-11T13:02:52Z,18365.0,18365.88888888889,1328,1529.56882,1529.56882,0.10213999999996304,8.561724139598162e-05,-0.0065699999997771985
2025-09-11T13:02:52Z,18366.0,18366.0,1329,1529.56807,1529.56807,0.10139000000003762,8.498856574451672e-05,-0.007039473683868258
2025-09-11T13:02:53Z,18366.0,18366.1,1330,1529.56734,1529.56734,0.1006600000000617,8.437665477705023e-05,-0.003649999999999043
2025-09-11T13:02:53Z,18366.0,18366.2,1331,1529.56653,1529.56734,0.1006600000000617,8.437665477705023e-05,-1.1102230246251565e-16
2025-09-11T13:02:53Z,18366.0,18366.3,1332,1529.56572,1529.56734,0.1006600000000617,8.437665477705023e-05,0.14439999999344444
2025-09-11T13:02:53Z,18366.0,18366.4,1333,1529.59622,1529.59622,0.12953999999990629,0.00010858485853173534,1.3139500000324915
2025-09-11T13:02:53Z,18366.0,18366.5,1334,1529.83013,1529.83013,0.3634500000000571,0.00030465622073022977,2.382600000035492
2025-09-11T13:02:53Z,18366.0,18366.6,1335,1530.07274,1530.07274,0.6060600000000704,0.0005080202204863269,2.1746500000007103
2025-09-11T13:02:53Z,18366.0,18366.7,1336,1530.26506,1530.26506,0.7983799999999519,0.0006692294222218956,1.8877499999914842
2025-09-11T13:02:53Z,18366.0,18366.8,1337,1530.45029,1530.45029,0.9836099999999988,0.0008244955434651639,1.8290499999942433
2025-09-11T13:02:53Z,18366.0,18366.9,1338,1530.63087,1530.63087,1.1641899999999623,0.0009758638756688924,1.9114499999969494
2025-09-11T13:02:53Z,18367.0,18367.0,1339,1530.83258,1530.83258,1.3659000000000106,0.0011449440965617243,1.8373000000264232
2025-09-11T13:02:54Z,18367.0,18367.1,1340,1530.99833,1530.99833,1.5316499999998996,0.0012838814155491883,1.6409999999942526
2025-09-11T13:02:54Z,18367.0,18367.2,1341,1531.16078,1531.16078,1.6940999999999349,0.0014200525616700544,1.6120999999946486
2025-09-11T13:02:54Z,18367.0,18367.3,1342,1531.32075,1531.32075,1.8540700000000925,0.0015541448869699724,1.748499999988148
2025-09-11T13:02:54Z,18367.0,18367.4,1343,1531.51048,1531.51048,2.0437999999999192,0.0017131830621222208,1.90529999999303
2025-09-11T13:02:54Z,18367.0,18367.5,1344,1531.70181,1531.70181,2.2351300000000265,0.0018735624119979627,1.7000500000253407
2025-09-11T13:02:54Z,18367.0,18367.6,1345,1531.85049,1531.85049,2.3838100000000395,0.001998191073156767,1.4659499999947627
2025-09-11T13:02:54Z,18367.0,18367.7,1346,1531.995,1531.995,2.528319999999894,0.002119324297692946,1.4051499999928012
2025-09-11T13:02:54Z,18367.0,18367.8,1347,1532.13152,1532.13152,2.664839999999913,0.0022337600309549907,1.2842499999993375
2025-09-11T13:02:54Z,18367.0,18367.9,1348,1532.25185,1532.25185,2.7851700000001074,0.002334624752486211,1.2380499999973722
2025-09-11T13:02:54Z,18368.0,18368.0,1349,1532.37913,1532.37913,2.9124500000000353,0.0024413152017213617,1.170250000016015
2025-09-11T13:02:55Z,18368.0,18368.1,1350,1532.4859,1532.4859,3.0192199999999048,0.0025308134674726945,1.0182999999975912
2025-09-11T13:02:55Z,18368.0,18368.2,1351,1532.58279,1532.58279,3.116109999999935,0.0026120299793080406,0.9434499999965347
2025-09-11T13:02:55Z,18368.0,18368.3,1352,1532.67459,1532.67459,3.2079100000000835,0.0026889798790551197,0.9355999999962048
2025-09-11T13:02:55Z,18368.0,18368.4,1353,1532.76991,1532.76991,3.303229999999985,0.0027688803631931605,0.7496499999889288
2025-09-11T13:02:55Z,18368.0,18368.5,1354,1532.82452,1532.82452,3.3578399999998965,0.0028146563329663017,0.6403500000092173
2025-09-11T13:02:55Z,18368.0,18368.6,1355,1532.89798,1532.89798,3.4312999999999647,0.0028762330174479634,0.6936499999995824
2025-09-11T13:02:55Z,18368.0,18368.7,1356,1532.96325,1532.96325,3.4965700000000197,0.002930944563814935,0.6110999999961138
2025-09-11T13:02:55Z,18368.0,18368.8,1357,1533.0202,1533.0202,3.553519999999935,0.002978682001620845,0.6353999999951796
2025-09-11T13:02:55Z,18368.0,18368.9,1358,1533.09033,1533.09033,3.623649999999998,0.0030374673662097204,0.6089499999951542
2025-09-11T13:02:55Z,18369.0,18369.0,1359,1533.14199,1533.14199,3.6753100000000813,0.0030807705450869986,0.4630500000063513
2025-09-11T13:02:56Z,18369.0,18369.1,1360,1533.18294,1533.18294,3.71625999999992,0.00311509623566026,0.4293499999971466
2025-09-11T13:02:56Z,18369.0,18369.2,1361,1533.22786,1533.22786,3.7611799999999675,0.0031527497160157812,0.3775999999965052
2025-09-11T13:02:56Z,18369.0,18369.3,1362,1533.25846,1533.25846,3.791780000000017,0.003178399682598141,0.2858999999997742
2025-09-11T13:02:56Z,18369.0,18369.4,1363,1533.28504,1533.28504,3.818359999999984,0.0032006799476882444,0.27614999999905976
2025-09-11T13:02:56Z,18369.0,18369.5,1364,1533.31369,1533.31369,3.8470099999999547,0.003224695357576567,0.26495000000339886
2025-09-11T13:02:56Z,18369.0,18369.6,1365,1533.33803,1533.33803,3.871349999999893,0.0032450979780540845,0.19280000000094688
2025-09-11T13:02:56Z,18369.0,18369.7,1366,1533.35225,1533.35225,3.885569999999916,0.0032570176684070637,0.14314999999961842
2025-09-11T13:02:56Z,18369.0,18369.8,1367,1533.36666,1533.36666,3.899979999999914,0.0032690966232584084,0.1458499999995162
2025-09-11T13:02:56Z,18369.0,18369.9,1368,1533.38142,1533.38142,3.914739999999938,0.003281468960080488,0.07379999999716702
2025-09-11T13:02:56Z,18370.0,18370.0,1369,1533.39792,1533.38142,3.914739999999938,0.003281468960080488,0.0
2025-09-11T13:02:57Z,18370.0,18370.1,1370,1533.41022,1533.38142,3.914739999999938,0.003281468960080488,-8.42644999966227
2025-09-11T13:02:57Z,18370.0,18370.2,1371,1531.69613,1531.69613,2.2294500000000426,0.0018688012417304085,-11.458649999761652
2025-09-11T13:02:57Z,18370.0,18370.3,1372,1531.08969,1531.08969,1.623010000000022,0.0013604624922473497,-4.169650000053809
2025-09-11T13:02:57Z,18370.0,18370.4,1373,1530.8622,1530.8622,1.3955200000000332,0.0011697725936260655,-2.174349999988662
2025-09-11T13:02:57Z,18370.0,18370.5,1374,1530.65482,1530.65482,1.1881399999999758,0.000995939584807679,-2.0225000000299227
2025-09-11T13:02:57Z,18370.0,18370.6,1375,1530.4577,1530.4577,0.991019999999935,0.0008307068589022013,-1.6723500000048395
2025-09-11T13:02:57Z,18370.0,18370.7,1376,1530.32035,1530.32035,0.8536699999999655,0.0007155753912525076,-1.4486999999971548
2025-09-11T13:02:57Z,18370.0,18370.8,1377,1530.16796,1530.16796,0.701279999999997,0.000587836881204185,-1.522699999993808
2025-09-11T13:02:57Z,18370.0,18370.9,1378,1530.01581,1530.01581,0.5491300000001047,0.00046029954736441514,-1.6032499999965755
2025-09-11T13:02:57Z,18371.0,18371.0,1379,1529.84731,1529.84731,0.38063000000011016,0.00031905708432126203,-1.590700000023572
2025-09-11T13:02:58Z,18371.0,18371.1,1380,1529.69767,1529.69767,0.2309900000000198,0.00019362371832843786,-0.9506000000174296
2025-09-11T13:02:58Z,18371.0,18371.2,1381,1529.65719,1529.65719,0.1905099999999038,0.00015969199782990136,-0.2503999999933716
2025-09-11T13:02:58Z,18371.0,18371.3,1382,1529.64759,1529.64759,0.18091000000003987,0.0001516449494904646,-0.0802500000000318
2025-09-11T13:02:58Z,18371.0,18371.4,1383,1529.64114,1529.64114,0.17445999999995365,0.0001462383388872566,-0.05819999999927428
2025-09-11T13:02:58Z,18371.0,18371.5,1384,1529.63595,1529.63595,0.16927000000009684,0.00014188790337880697,-0.05475000000012731
2025-09-11T13:02:58Z,18371.0,18371.6,1385,1529.63019,1529.63019,0.16351000000008753,0.00013705967437506868,-0.055250000000226396
2025-09-11T13:02:58Z,18371.0,18371.7,1386,1529.6249,1529.6249,0.15822000000002845,0.00013262541544624583,-0.04404999999971537
2025-09-11T13:02:58Z,18371.0,18371.8,1387,1529.62138,1529.62138,0.15470000000004802,0.0001296748310550936,-0.03225000000042111
2025-09-11T13:02:58Z,18371.0,18371.9,1388,1529.61845,1529.61845,0.15176999999994223,0.00012721880484303785,-0.027250000000375585
2025-09-11T13:02:58Z,18372.0,18372.0,1389,1529.61593,1529.61593,0.14924999999993815,0.00012510645465390233,-0.029099999999712578
2025-09-11T13:02:59Z,18372.0,18372.1,1390,1529.61263,1529.61263,0.1459500000000844,0.00012234028178730434,-0.028649999999342368
2025-09-11T13:02:59Z,18372.0,18372.2,1391,1529.6102,1529.6102,0.14352000000008047,0.00012030337267635224,-0.02745000000005904
2025-09-11T13:02:59Z,18372.0,18372.3,1392,1529.60714,1529.60714,0.14046000000007552,0.00011773837601811626,-0.027350000000315622
2025-09-11T13:02:59Z,18372.0,18372.4,1393,1529.60473,1529.60473,0.1380500000000211,0.00011571823159116258,-0.021050000000099045
2025-09-11T13:02:59Z,18372.0,18372.5,1394,1529.60293,1529.60293,0.1362500000000182,0.00011420941002749436,-0.020300000000201823
2025-09-11T13:02:59Z,18372.0,18372.6,1395,1529.60067,1529.60067,0.1339900000000398,0.00011231500073090988,-0.021450000000377556
2025-09-11T13:02:59Z,18372.0,18372.7,1396,1529.59864,1529.59864,0.13195999999993546,0.00011061338530068824,-0.018949999999786304
2025-09-11T13:02:59Z,18372.0,18372.8,1397,1529.59688,1529.59688,0.13020000000005894,0.00010913809310520742,-0.01819999999943611
2025-09-11T13:02:59Z,18372.0,18372.9,1398,1529.595,1529.595,0.12832000000003063,0.00010756221280535499,-0.01650000000026186
2025-09-11T13:02:59Z,18373.0,18373.0,1399,1529.59358,1529.59358,0.1268999999999778,0.00010637192023841882,-0.01335000000059483
2025-09-11T13:03:00Z,18373.0,18373.1,1400,1529.59233,1529.59233,0.12564999999995052,0.00010532412748585027,-0.015049999999371622
2025-09-11T13:03:00Z,18373.0,18373.2,1401,1529.59057,1529.59057,0.123890000000074,0.00010384883529036945,-0.015349999999760833
2025-09-11T13:03:00Z,18373.0,18373.3,1402,1529.58926,1529.58926,0.12257999999997082,0.0001027507484856151,-0.01420000000043653
2025-09-11T13:03:00Z,18373.0,18373.4,1403,1529.58773,1529.58773,0.12104999999996835,0.0001014682501564971,-0.013099999999767187
2025-09-11T13:03:00Z,18373.0,18373.5,1404,1529.58664,1529.58664,0.11995999999999185,0.00010055457487629698,-0.014549999999856289
2025-09-11T13:03:00Z,18373.0,18373.6,1405,1529.58482,1529.58482,0.11814000000003944,9.902898862863035e-05,-0.01265000000005001
2025-09-11T13:03:00Z,18373.0,18373.7,1406,1529.58411,1529.58411,0.11743000000001302,9.843384234516227e-05,-0.008500000000160046
2025-09-11T13:03:00Z,18373.0,18373.8,1407,1529.58312,1529.58312,0.11644000000001142,9.760399048514474e-05,-0.011550000000295602
2025-09-11T13:03:00Z,18373.0,18373.9,1408,1529.5818,1529.5818,0.1151199999999335,9.64975213383912e-05,-0.011100000000280108
2025-09-11T13:03:00Z,18374.0,18374.0,1409,1529.5809,1529.5809,0.11421999999993204,9.574311055655708e-05,-0.010300000000292853
2025-09-11T13:03:01Z,18374.0,18374.1,1410,1529.57974,1529.57974,0.1130599999999049,9.477075888217194e-05,-0.009450000000059133
2025-09-11T13:03:01Z,18374.0,18374.2,1411,1529.57901,1529.57901,0.11232999999992899,9.415884791470545e-05,-0.008949999999031455
2025-09-11T13:03:01Z,18374.0,18374.3,1412,1529.57795,1529.57795,0.11127000000010412,9.327031966069352e-05,-0.009649999999509662
2025-09-11T13:03:01Z,18374.0,18374.4,1413,1529.57708,1529.57708,0.11040000000002692,9.254105590485702e-05,-0.010650000000428483
2025-09-11T13:03:01Z,18374.0,18374.5,1414,1529.57582,1529.57582,0.10914000000002488,9.148488081028926e-05,-0.009200000000780362
2025-09-11T13:03:01Z,18374.0,18374.6,1415,1529.57524,1529.57524,0.10855999999989763,9.09987049730014e-05,-0.0075500000001736955
2025-09-11T13:03:01Z,18374.0,18374.7,1416,1529.57431,1529.57431,0.10762999999997191,9.021914716516968e-05,-0.010149999999378823
2025-09-11T13:03:01Z,18374.0,18374.8,1417,1529.57321,1529.57321,0.10653000000002066,8.929708954297035e-05,-0.009350000000293734
2025-09-11T13:03:01Z,18374.0,18374.9,1418,1529.57244,1529.57244,0.10575999999991836,8.865164920731645e-05,-0.008149999999873536
2025-09-11T13:03:01Z,18375.0,18375.0,1419,1529.57158,1529.57158,0.10490000000004329,8.793076779366974e-05,-0.007249999999990875
2025-09-11T13:03:02Z,18375.0,18375.1,1420,1529.57099,1529.57099,0.10430999999994128,8.743620961438268e-05,-0.002950000000606634
2025-09-11T13:03:02Z,18375.0,18375.2,1421,1529.5701,1529.57099,0.10430999999994128,8.743620961438268e-05,0.0
2025-09-11T13:03:02Z,18375.0,18375.3,1422,1529.56938,1529.57099,0.10430999999994128,8.743620961438268e-05,0.6870499999727324
2025-09-11T13:03:02Z,18375.0,18375.4,1423,1529.7084,1529.7084,0.2417199999999866,0.00020261797131626216,1.7582500000078953
2025-09-11T13:03:02Z,18375.0,18375.5,1424,1529.92264,1529.92264,0.4559600000000046,0.0003822012667605864,2.250200000032467
2025-09-11T13:03:02Z,18375.0,18375.6,1425,1530.15844,1530.15844,0.6917599999999311,0.0005798568916007418,2.136650000000197
2025-09-11T13:03:02Z,18375.0,18375.7,1426,1530.34997,1530.34997,0.8832899999999881,0.0007404038883168489,1.8609499999914823
2025-09-11T13:03:02Z,18375.0,18375.8,1427,1530.53063,1530.53063,1.063949999999977,0.0008918392792567617,1.9247499999892854
2025-09-11T13:03:02Z,18375.0,18375.9,1428,1530.73492,1530.73492,1.2682400000001053,0.0010630821443909147,1.8847499999877853
2025-09-11T13:03:02Z,18376.0,18376.0,1429,1530.90758,1530.90758,1.440900000000056,0.0012078116617145031,1.8115500000262585
2025-09-11T13:03:03Z,18376.0,18376.1,1430,1531.09723,1531.09723,1.6305500000000848,0.0013667827781307577,1.7580999999981977
2025-09-11T13:03:03Z,18376.0,18376.2,1431,1531.2592,1531.2592,1.7925199999999677,0.0015025515718345187,1.752299999997872
2025-09-11T13:03:03Z,18376.0,18376.3,1432,1531.44769,1531.44769,1.9810099999999693,0.001660550336576388,1.740799999998945
2025-09-11T13:03:03Z,18376.0,18376.4,1433,1531.60736,1531.60736,2.140679999999975,0.0017943911916155678,1.6721499999972185
2025-09-11T13:03:03Z,18376.0,18376.5,1434,1531.78212,1531.78212,2.3154400000000805,0.0019408810007635628,1.6131500000240617
2025-09-11T13:03:03Z,18376.0,18376.6,1435,1531.92999,1531.92999,2.4633100000000923,0.0020648306922187165,1.3247500000007761
2025-09-11T13:03:03Z,18376.0,18376.7,1436,1532.04707,1532.04707,2.5803900000000795,0.0021629711525931444,1.2292499999977462
2025-09-11T13:03:03Z,18376.0,18376.8,1437,1532.17584,1532.17584,2.709160000000111,0.0022709105707894163,1.164099999999996
2025-09-11T13:03:03Z,18376.0,18376.9,1438,1532.27989,1532.27989,2.8132100000000264,0.002358128839511248,1.089499999997182
2025-09-11T13:03:03Z,18377.0,18377.0,1439,1532.39374,1532.39374,2.927059999999983,0.002453561803413072,1.1361000000164747
2025-09-11T13:03:04Z,18377.0,18377.1,1440,1532.50711,1532.50711,3.040430000000015,0.0025485924148979816,1.096149999997003
2025-09-11T13:03:04Z,18377.0,18377.2,1441,1532.61297,1532.61297,3.146289999999908,0.0026373278875254807,0.8888499999906401
2025-09-11T13:03:04Z,18377.0,18377.3,1442,1532.68488,1532.68488,3.2182000000000244,0.002697605308994026,0.7984499999951193
2025-09-11T13:03:04Z,18377.0,18377.4,1443,1532.77266,1532.77266,3.3059800000000905,0.0027711855072488495,0.8331999999949247
2025-09-11T13:03:04Z,18377.0,18377.5,1444,1532.85152,1532.85152,3.38483999999994,0.002837288656421325,0.6501000000086172
2025-09-11T13:03:04Z,18377.0,18377.6,1445,1532.90268,1532.90268,3.435999999999922,0.002880172718197499,0.5572499999968343
2025-09-11T13:03:04Z,18377.0,18377.7,1446,1532.96297,1532.96297,3.4962900000000445,0.0029307098582383854,0.5451499999962941
2025-09-11T13:03:04Z,18377.0,18377.8,1447,1533.01171,1533.01171,3.545029999999997,0.002971565393245607,0.5489999999955124
2025-09-11T13:03:04Z,18377.0,18377.9,1448,1533.07277,1533.07277,3.6060899999999947,0.003022747973621956,0.5219499999947068
2025-09-11T13:03:04Z,18378.0,18378.0,1449,1533.1161,1533.1161,3.6494199999999637,0.0030590686615961735,0.4419500000070187
2025-09-11T13:03:05Z,18378.0,18378.1,1450,1533.16116,1533.16116,3.6944800000001123,0.003096839494740065,0.36150000000213467
2025-09-11T13:03:05Z,18378.0,18378.2,1451,1533.1884,1533.1884,3.721720000000005,0.00311967299440345,0.35255000000056214
2025-09-11T13:03:05Z,18378.0,18378.3,1452,1533.23167,1533.23167,3.764989999999898,0.003155943388325482,0.36945000000041617
2025-09-11T13:03:05Z,18378.0,18378.4,1453,1533.26229,1533.26229,3.795609999999897,0.00318161011959184,0.26404999999818557
2025-09-11T13:03:05Z,18378.0,18378.5,1454,1533.28448,1533.28448,3.817800000000034,0.0032002105365351455,0.20820000000374606
2025-09-11T13:03:05Z,18378.0,18378.6,1455,1533.30393,1533.30393,3.83725000000004,0.003216514191764762,0.19929999999841286
2025-09-11T13:03:05Z,18378.0,18378.7,1456,1533.32434,1533.32434,3.857659999999896,0.003233622551828207,0.16739999999832733
2025-09-11T13:03:05Z,18378.0,18378.8,1457,1533.33741,1533.33741,3.870730000000094,0.0032445782728489905,0.12995000000001866
2025-09-11T13:03:05Z,18378.0,18378.9,1458,1533.35033,1533.35033,3.8836499999999887,0.0032554082587392145,0.06459999999689003
2025-09-11T13:03:05Z,18379.0,18379.0,1459,1533.36423,1533.35033,3.8836499999999887,0.0032554082587392145,0.0
2025-09-11T13:03:06Z,18379.0,18379.1,1460,1533.37438,1533.35033,3.8836499999999887,0.0032554082587392145,-10.272699999589351
2025-09-11T13:03:06Z,18379.0,18379.2,1461,1531.29579,1531.29579,1.8291099999999005,0.0015332225612869795,-11.98434999964513
2025-09-11T13:03:06Z,18379.0,18379.3,1462,1530.95346,1530.95346,1.4867799999999534,0.0012462698469038536,-2.685350000016366
2025-09-11T13:03:06Z,18379.0,18379.4,1463,1530.75872,1530.75872,1.2920400000000427,0.001083032118399332,-1.8164499999886594
2025-09-11T13:03:06Z,18379.0,18379.5,1464,1530.59017,1530.59017,1.123489999999947,0.0009417477436459923,-1.6327000000238723
2025-09-11T13:03:06Z,18379.0,18379.6,1465,1530.43218,1530.43218,0.96550000000002,0.0008093151220662999,-1.7265499999880176
2025-09-11T13:03:06Z,18379.0,18379.7,1466,1530.24486,1530.24486,0.7781800000000203,0.0006522970913408147,-1.71024999998771
2025-09-11T13:03:06Z,18379.0,18379.8,1467,1530.09013,1530.09013,0.623450000000048,0.0005225971132597235,-1.500499999995891
2025-09-11T13:03:06Z,18379.0,18379.9,1468,1529.94476,1529.94476,0.4780800000000909,0.0004007430073097071,-1.5751499999985819
2025-09-11T13:03:06Z,18380.0,18380.0,1469,1529.7751,1529.7751,0.3084200000000692,0.0002585281925921689,-1.402700000021417
2025-09-11T13:03:07Z,18380.0,18380.1,1470,1529.66422,1529.66422,0.19753999999988991,0.00016558478427020662,-0.6012000000161144
2025-09-11T13:03:07Z,18380.0,18380.2,1471,1529.65486,1529.65486,0.18818000000010215,0.00015773891213932247,-0.08809999999873763
2025-09-11T13:03:07Z,18380.0,18380.3,1472,1529.6466,1529.6466,0.17992000000003827,0.00015081509763044707,-0.07150000000038559
2025-09-11T13:03:07Z,18380.0,18380.4,1473,1529.64056,1529.64056,0.17388000000005377,0.00014575216305015934,-0.0583000000003111
2025-09-11T13:03:07Z,18380.0,18380.5,1474,1529.63494,1529.63494,0.16825999999991836,0.00014104128683460046,-0.05090000000069672
2025-09-11T13:03:07Z,18380.0,18380.6,1475,1529.63038,1529.63038,0.16370000000006257,0.00013721893887343469,-0.04164999999942787
2025-09-11T13:03:07Z,18380.0,18380.7,1476,1529.62661,1529.62661,0.1599300000000312,0.00013405879593173062,-0.0400999999998799
2025-09-11T13:03:07Z,18380.0,18380.8,1477,1529.62236,1529.62236,0.15568000000007487,0.0001304963005731119,-0.03675000000051387
2025-09-11T13:03:07Z,18380.0,18380.9,1478,1529.61926,1529.61926,0.15257999999994354,0.00012789777454668853,-0.03035000000054655
2025-09-11T13:03:07Z,18381.0,18381.0,1479,1529.61629,1529.61629,0.14960999999993874,0.00012540821896663598,-0.02605000000054758
2025-09-11T13:03:08Z,18381.0,18381.1,1480,1529.61405,1529.61405,0.14736999999990985,0.00012353057435404992,-0.02359999999940343
2025-09-11T13:03:08Z,18381.0,18381.2,1481,1529.61157,1529.61157,0.14489000000003216,0.0001214517535331018,-0.024399999999683564
2025-09-11T13:03:08Z,18381.0,18381.3,1482,1529.60917,1529.60917,0.1424899999999525,0.00011943999144814731,-0.02410000000045298
2025-09-11T13:03:08Z,18381.0,18381.4,1483,1529.60675,1529.60675,0.1400699999999233,0.00011741146467919442,-0.0231499999994097
2025-09-11T13:03:08Z,18381.0,18381.5,1484,1529.60454,1529.60454,0.13786000000004606,0.00011555896709279654,-0.020549999999574298
2025-09-11T13:03:08Z,18381.0,18381.6,1485,1529.60264,1529.60264,0.13596000000006825,0.00011396632210894572,-0.018000000000000016
2025-09-11T13:03:08Z,18381.0,18381.7,1486,1529.60094,1529.60094,0.13426000000004024,0.00011254132396546011,-0.01910000000066936
2025-09-11T13:03:08Z,18381.0,18381.8,1487,1529.59882,1529.59882,0.13213999999993575,0.00011076426745705506,-0.01610000000040568
2025-09-11T13:03:08Z,18381.0,18381.9,1488,1529.59772,1529.59772,0.1310399999999845,0.00010984220983485572,-0.015999999999517955
2025-09-11T13:03:08Z,18382.0,18382.0,1489,1529.59562,1529.59562,0.1289400000000569,0.00010808191801063967,-0.01859999999992179
2025-09-11T13:03:09Z,18382.0,18382.1,1490,1529.594,1529.594,0.12732000000005428,0.00010672397860333827,-0.014750000000275598
2025-09-11T13:03:09Z,18382.0,18382.2,1491,1529.59267,1529.59267,0.1259900000000016,0.00010560912711458551,-0.014800000000151026
2025-09-11T13:03:09Z,18382.0,18382.3,1492,1529.59104,1529.59104,0.12436000000002423,0.00010424280536528491,-0.014049999999800833
2025-09-11T13:03:09Z,18382.0,18382.4,1493,1529.58986,1529.58986,0.12318000000004758,0.00010325368900690136,-0.011799999999723476
2025-09-11T13:03:09Z,18382.0,18382.5,1494,1529.58868,1529.58868,0.12200000000007094,0.00010226457264851782,-0.012850000000713013
2025-09-11T13:03:09Z,18382.0,18382.6,1495,1529.58729,1529.58729,0.12060999999994237,0.00010109942710757926,-0.013150000000884843
2025-09-11T13:03:09Z,18382.0,18382.7,1496,1529.58605,1529.58605,0.11936999999988984,0.0001000600166970099,-0.011650000000075544
2025-09-11T13:03:09Z,18382.0,18382.8,1497,1529.58496,1529.58496,0.11827999999991334,9.914634141680977e-05,-0.009899999998879472
2025-09-11T13:03:09Z,18382.0,18382.9,1498,1529.58407,1529.58407,0.11739000000011401,9.840031297716546e-05,-0.010800000000047327
2025-09-11T13:03:09Z,18383.0,18383.0,1499,1529.5828,1529.5828,0.11611999999990985,9.733575554040791e-05,-0.011300000001193244
2025-09-11T13:03:10Z,18383.0,18383.1,1500,1529.58181,1529.58181,0.11512999999990825,9.650590368039039e-05,-0.0099499999998518
2025-09-11T13:03:10Z,18383.0,18383.2,1501,1529.58081,1529.58081,0.1141299999999319,9.566766947837368e-05,-0.010849999999882676
2025-09-11T13:03:10Z,18383.0,18383.3,1502,1529.57964,1529.57964,0.11295999999993,9.468693546198933e-05,-0.009349999999182401
2025-09-11T13:03:10Z,18383.0,18383.4,1503,1529.57894,1529.57894,0.11226000000010572,9.410017152071104e-05,-0.009299999999306974
2025-09-11T13:03:10Z,18383.0,18383.5,1504,1529.57778,1529.57778,0.11110000000007858,9.31278198463259e-05,-0.008800000000647623
2025-09-11T13:03:10Z,18383.0,18383.6,1505,1529.57718,1529.57718,0.11050000000000182,9.262487932503962e-05,-0.006100000000489381
2025-09-11T13:03:10Z,18383.0,18383.7,1506,1529.57656,1529.57656,0.10987999999997555,9.210517411975495e-05,-0.0096499999996007
2025-09-11T13:03:10Z,18383.0,18383.8,1507,1529.57525,1529.57525,0.10857000000009975,9.100708731519119e-05,-0.009750000000481207
2025-09-11T13:03:10Z,18383.0,18383.9,1508,1529.57461,1529.57461,0.10792999999989661,9.047061742571752e-05,-0.007200000000014528
2025-09-11T13:03:10Z,18384.0,18384.0,1509,1529.57381,1529.57381,0.10713000000009743,8.980003006425661e-05,-0.0039999999990540935
2025-09-11T13:03:11Z,18384.0,18384.1,1510,1529.57304,1529.57381,0.10713000000009743,8.980003006425661e-05,0.0
2025-09-11T13:03:11Z,18384.0,18384.2,1511,1529.57233,1529.57381,0.10713000000009743,8.980003006425661e-05,0.15675000000500672
2025-09-11T13:03:11Z,18384.0,18384.3,1512,1529.60516,1529.60516,0.13848000000007232,0.00011607867229808123,1.4735999999517855
2025-09-11T13:03:11Z,18384.0,18384.4,1513,1529.86853,1529.86853,0.4018499999999676,0.00033684441408835805,2.567049999988345
2025-09-11T13:03:11Z,18384.0,18384.5,1514,1530.11857,1530.11857,0.651890000000094,0.0005464364939656814,2.3578500000339555
2025-09-11T13:03:11Z,18384.0,18384.6,1515,1530.3401,1530.3401,0.8734199999998964,0.0007321305167426713,1.7250500000115694
2025-09-11T13:03:11Z,18384.0,18384.7,1516,1530.46358,1530.46358,0.996900000000096,0.0008356356760103111,1.664950000010136
2025-09-11T13:03:11Z,18384.0,18384.8,1517,1530.67309,1530.67309,1.2064100000000053,0.0010112541236789114,1.8971500000000825
2025-09-11T13:03:11Z,18384.0,18384.9,1518,1530.84301,1530.84301,1.3763300000000527,0.0011536868792890007,1.5529499999892664
2025-09-11T13:03:11Z,18385.0,18385.0,1519,1530.98368,1530.98368,1.5170000000000528,0.0012716012844894813,1.4912500000219646
2025-09-11T13:03:12Z,18385.0,18385.1,1520,1531.14126,1531.14126,1.6745800000001054,0.001403690230046444,1.703899999989118
2025-09-11T13:03:12Z,18385.0,18385.2,1521,1531.32446,1531.32446,1.857780000000048,0.0015572547358594908,1.843149999993397
2025-09-11T13:03:12Z,18385.0,18385.3,1522,1531.50989,1531.50989,2.0432100000000446,0.0017126885039431242,1.7058499999987937
2025-09-11T13:03:12Z,18385.0,18385.4,1523,1531.66563,1531.66563,2.198949999999968,0.0018432350985682314,1.4172499999892576
2025-09-11T13:03:12Z,18385.0,18385.5,1524,1531.79334,1531.79334,2.326659999999947,0.001950285988510301,1.4988500000222142
2025-09-11T13:03:12Z,18385.0,18385.6,1525,1531.9654,1531.9654,2.4987200000000485,0.0020945125653127937,1.5547000000007465
2025-09-11T13:03:12Z,18385.0,18385.7,1526,1532.10428,1532.10428,2.6376000000000204,0.002210926531291605,1.2761999999910518
2025-09-11T13:03:12Z,18385.0,18385.8,1527,1532.22064,1532.22064,2.7539600000000064,0.0023084634630405657,1.187999999994437
2025-09-11T13:03:12Z,18385.0,18385.9,1528,1532.34188,1532.34188,2.87519999999995,0.002410090977695429,1.0899999999919547
2025-09-11T13:03:12Z,18386.0,18386.0,1529,1532.43864,1532.43864,2.971960000000081,0.0024911985190845948,0.9917000000151504
2025-09-11T13:03:13Z,18386.0,18386.1,1530,1532.54022,1532.54022,3.0735400000000936,0.0025763463493274777,0.8683500000017137
2025-09-11T13:03:13Z,18386.0,18386.2,1531,1532.61231,1532.61231,3.145629999999983,0.0026367746529521994,0.890200000002972
2025-09-11T13:03:13Z,18386.0,18386.3,1532,1532.71826,1532.71826,3.2515800000001036,0.0027255855666580724,0.9399000000005575
2025-09-11T13:03:13Z,18386.0,18386.4,1533,1532.80029,1532.80029,3.333609999999908,0.002794345918250966,0.7722999999953011
2025-09-11T13:03:13Z,18386.0,18386.5,1534,1532.87272,1532.87272,3.4060400000000755,0.0028550592215046133,0.6869000000106027
2025-09-11T13:03:13Z,18386.0,18386.6,1535,1532.93767,1532.93767,3.470990000000029,0.0029095025329268476,0.5985499999993813
2025-09-11T13:03:13Z,18386.0,18386.7,1536,1532.99243,1532.99243,3.5257500000000164,0.0029554042378303583,0.5576499999978495
2025-09-11T13:03:13Z,18386.0,18386.8,1537,1533.0492,1533.0492,3.5825199999999313,0.0030029907934799017,0.5793999999977686
2025-09-11T13:03:13Z,18386.0,18386.9,1538,1533.10831,1533.10831,3.6416300000000774,0.003052538817162404,0.46229999999400206
2025-09-11T13:03:13Z,18387.0,18387.0,1539,1533.14166,1533.14166,3.674980000000005,0.0030804939278002625,0.2565000000030082
2025-09-11T13:03:14Z,18387.0,18387.1,1540,1533.15961,1533.15961,3.692929999999933,0.003095540231726758,0.2528999999968171
2025-09-11T13:03:14Z,18387.0,18387.2,1541,1533.19224,1533.19224,3.725560000000087,0.0031228918137393394,0.3379499999997435
2025-09-11T13:03:14Z,18387.0,18387.3,1542,1533.2272,1533.2272,3.7605200000000423,0.0031521964814424995,0.2789000000011228
2025-09-11T13:03:14Z,18387.0,18387.4,1543,1533.24802,1533.24802,3.78134,0.003169648517528865,0.19574999999915121
2025-09-11T13:03:14Z,18387.0,18387.5,1544,1533.26635,1533.26635,3.7996700000001056,0.0031850133504522835,0.18435000000222246
2025-09-11T13:03:14Z,18387.0,18387.6,1545,1533.28489,1533.28489,3.818209999999908,0.0032005542125578754,0.15405000000044922
2025-09-11T13:03:14Z,18387.0,18387.7,1546,1533.29716,1533.29716,3.8304800000000796,0.0032108393462170074,0.09009999999951646
2025-09-11T13:03:14Z,18387.0,18387.8,1547,1533.30291,1533.30291,3.836230000000114,0.0032156591928787464,0.028750000001114273
2025-09-11T13:03:14Z,18387.0,18387.9,1548,1533.31129,1533.30291,3.836230000000114,0.0032156591928787464,-3.552713678800501e-15
2025-09-11T13:03:14Z,18388.0,18388.0,1549,1533.31895,1533.30291,3.836230000000114,0.0032156591928787464,-5.352700000078714
2025-09-11T13:03:15Z,18388.0,18388.1,1550,1532.23237,1532.23237,2.7656899999999496,0.0023182959502304067,-11.079749999946173
2025-09-11T13:03:15Z,18388.0,18388.2,1551,1531.08696,1531.08696,1.6202800000000934,0.0013581741128758497,-6.766549999804676
2025-09-11T13:03:15Z,18388.0,18388.3,1552,1530.87906,1530.87906,1.4123799999999846,0.001183905222272361,-2.183899999988234
2025-09-11T13:03:15Z,18388.0,18388.4,1553,1530.65018,1530.65018,1.1835000000000946,0.000992050178110329,-2.1051999999854027
2025-09-11T13:03:15Z,18388.0,18388.5,1554,1530.45802,1530.45802,0.9913400000000365,0.0008309750938469381,-1.7844000000261984
2025-09-11T13:03:15Z,18388.0,18388.6,1555,1530.2933,1530.2933,0.8266200000000481,0.0006929011560874882,-1.714449999991941
2025-09-11T13:03:15Z,18388.0,18388.7,1556,1530.11513,1530.11513,0.6484499999999116,0.0005435529683105228,-1.6377999999885495
2025-09-11T13:03:15Z,18388.0,18388.8,1557,1529.96574,1529.96574,0.49906000000009954,0.000418329160868441,-1.3388500000004084
2025-09-11T13:03:15Z,18388.0,18388.9,1558,1529.84736,1529.84736,0.3806799999999839,0.00031909899603125804,-1.3254500000008325
2025-09-11T13:03:15Z,18389.0,18389.0,1559,1529.70065,1529.70065,0.23396999999999935,0.00019612165625048963,-0.9317500000132968
2025-09-11T13:03:16Z,18389.0,18389.1,1560,1529.66101,1529.66101,0.1943300000000363,0.000162894052481792,-0.2386000000050058
2025-09-11T13:03:16Z,18389.0,18389.2,1561,1529.65293,1529.65293,0.18624999999997272,0.00015612112012928342,-0.08094999999996821
2025-09-11T13:03:16Z,18389.0,18389.3,1562,1529.64482,1529.64482,0.17813999999998487,0.00014932304075077724,-0.06634999999989721
2025-09-11T13:03:16Z,18389.0,18389.4,1563,1529.63966,1529.63966,0.17298000000005231,0.00014499775226832522,-0.04919999999943436
2025-09-11T13:03:16Z,18389.0,18389.5,1564,1529.63498,1529.63498,0.16830000000004475,0.00014107481620278785,-0.043250000000573
2025-09-11T13:03:16Z,18389.0,18389.6,1565,1529.63101,1529.63101,0.1643300000000636,0.00013774702642071858,-0.042600000000187266
2025-09-11T13:03:16Z,18389.0,18389.7,1566,1529.62646,1529.62646,0.15977999999995518,0.00013393306080136143,-0.04115000000039015
2025-09-11T13:03:16Z,18389.0,18389.8,1567,1529.62278,1529.62278,0.15609999999992397,0.00013084835893784077,-0.03219999999947065
2025-09-11T13:03:16Z,18389.0,18389.9,1568,1529.62002,1529.62002,0.15334000000007109,0.00012853483254034322,-0.02785000000007909
2025-09-11T13:03:16Z,18390.0,18390.0,1569,1529.61721,1529.61721,0.1505299999998897,0.00012617939443246848,-0.030700000000243755
2025-09-11T13:03:17Z,18390.0,18390.1,1570,1529.61388,1529.61388,0.14720000000011169,0.00012338807453987288,-0.026600000000063684
2025-09-11T13:03:17Z,18390.0,18390.2,1571,1529.61189,1529.61189,0.14520999999990636,0.00012171998847764805,-0.02040000000073483
2025-09-11T13:03:17Z,18390.0,18390.3,1572,1529.6098,1529.6098,0.1431199999999535,0.0001199680789954312,-0.021299999999563446
2025-09-11T13:03:17Z,18390.0,18390.4,1573,1529.60763,1529.60763,0.14094999999997526,0.00011814911077703012,-0.02139999999931419
2025-09-11T13:03:17Z,18390.0,18390.5,1574,1529.60552,1529.60552,0.1388400000000729,0.00011638043661081487,-0.021000000000718555
2025-09-11T13:03:17Z,18390.0,18390.6,1575,1529.60343,1529.60343,0.13674999999989268,0.00011462852712840743,-0.019300000000145534
2025-09-11T13:03:17Z,18390.0,18390.7,1576,1529.60166,1529.60166,0.1349800000000414,0.0001131448525909274,-0.01649999999916507
2025-09-11T13:03:17Z,18390.0,18390.8,1577,1529.60013,1529.60013,0.13345000000003893,0.00011186235426180942,-0.01480000000011461
2025-09-11T13:03:17Z,18390.0,18390.9,1578,1529.5987,1529.5987,0.13202000000001135,0.00011066367935287404,-0.01629999999978715
2025-09-11T13:03:17Z,18391.0,18391.0,1579,1529.59687,1529.59687,0.13019000000008418,0.00010912971076320822,-0.016282105263668467
2025-09-11T13:03:18Z,18391.0,18391.11111111111,1580,1529.59531,1529.59531,0.12862999999993008,0.00010782206540790203,-0.012645000000838902
2025-09-11T13:03:18Z,18391.0,18391.222222222223,1581,1529.59406,1529.59406,0.1273799999999028,0.00010677427265533348,-0.012599999999928002
2025-09-11T13:03:18Z,18391.0,18391.333333333332,1582,1529.59251,1529.59251,0.12582999999995081,0.0001054750096422171,-0.011969999999493997
2025-09-11T13:03:18Z,18391.0,18391.444444444445,1583,1529.5914,1529.5914,0.12472000000002481,0.00010454456967801855,-0.011250000000266325
2025-09-11T13:03:18Z,18391.0,18391.555555555555,1584,1529.59001,1529.59001,0.12332999999989624,0.00010337942413707999,-0.01264499999976565
2025-09-11T13:03:18Z,18391.0,18391.666666666668,1585,1529.58859,1529.58859,0.1219100000000708,0.00010218913157033441,-0.011429999999726048
2025-09-11T13:03:18Z,18391.0,18391.777777777777,1586,1529.58747,1529.58747,0.12078999999994267,0.00010125030926394608,-0.010710000000545561
2025-09-11T13:03:18Z,18391.0,18391.88888888889,1587,1529.58621,1529.58621,0.11952999999994063,0.00010019413416937832,-0.013499999999726953
2025-09-11T13:03:18Z,18392.0,18392.0,1588,1529.58447,1529.58447,0.1177900000000136,9.873560665789591e-05,-0.01228117647058391
2025-09-11T13:03:19Z,18392.0,18392.125,1589,1529.58341,1529.58341,0.11672999999996136,9.784707840369338e-05,-0.008799999999610009
2025-09-11T13:03:19Z,18392.0,18392.25,1590,1529.58227,1529.58227,0.1155900000001111,9.689149141349725e-05,-0.011399999999412103
2025-09-11T13:03:19Z,18392.0,18392.375,1591,1529.58056,1529.58056,0.11388000000010834,9.545811092801243e-05,-0.010720000000219443
2025-09-11T13:03:19Z,18392.0,18392.5,1592,1529.57959,1529.57959,0.11291000000005624,9.464502375199332e-05,-0.011240000000725558
2025-09-11T13:03:19Z,18392.0,18392.625,1593,1529.57775,1529.57775,0.11106999999992695,9.31026728201377e-05,-0.011280000000624568
2025-09-11T13:03:19Z,18392.0,18392.75,1594,1529.57677,1529.57677,0.1100899999999001,9.228120330211938e-05,-0.006120000000009895
2025-09-11T13:03:19Z,18392.0,18392.875,1595,1529.57622,1529.57622,0.10953999999992448,9.182017449101971e-05,-0.0063599999994039536
2025-09-11T13:03:19Z,18393.0,18393.0,1596,1529.57518,1529.57518,0.10850000000004911,9.094841092100618e-05,-0.007298235293816457
2025-09-11T13:03:20Z,18393.0,18393.11111111111,1597,1529.57447,1529.57447,0.1077900000000227,9.03532646375381e-05,-0.0031950000002176626
2025-09-11T13:03:20Z,18393.0,18393.222222222223,1598,1529.57381,1529.57447,0.1077900000000227,9.03532646375381e-05,0.0
2025-09-11T13:03:20Z,18393.0,18393.333333333332,1599,1529.573,1529.57447,0.1077900000000227,9.03532646375381e-05,0.5633549999804177
2025-09-11T13:03:20Z,18393.0,18393.444444444445,1600,1529.69966,1529.69966,0.23297999999999774,0.00019529180439047212,1.3445100000050405
2025-09-11T13:03:20Z,18393.0,18393.555555555555,1601,1529.87325,1529.87325,0.4065700000001016,0.0003408008795220828,2.550689999963031
2025-09-11T13:03:20Z,18393.0,18393.666666666668,1602,1530.26648,1530.26648,0.7998000000000047,0.0006704197147888318,2.600144999964526
2025-09-11T13:03:20Z,18393.0,18393.777777777777,1603,1530.45106,1530.45106,0.9843800000001011,0.0008251409838008179,1.7779949999926332
2025-09-11T13:03:20Z,18393.0,18393.88888888889,1604,1530.66159,1530.66159,1.1949099999999362,0.0010016144303554332,2.467170000013355
2025-09-11T13:03:21Z,18394.0,18394.0,1605,1530.99932,1530.99932,1.5326399999999012,0.001284711267409206,2.2400550000331494
2025-09-11T13:03:21Z,18394.0,18394.11111111111,1606,1531.15938,1531.15938,1.692700000000059,0.0014188790337873072,1.5680249999938036
2025-09-11T13:03:21Z,18394.0,18394.222222222223,1607,1531.34777,1531.34777,1.8810900000000856,0.0015767939751089941,1.6648649999958174
2025-09-11T13:03:21Z,18394.0,18394.333333333332,1608,1531.52935,1531.52935,2.0626700000000255,0.0017290005415147394,1.6267499999971875
2025-09-11T13:03:21Z,18394.0,18394.444444444445,1609,1531.70927,1531.70927,2.242590000000064,0.0018798156391451866,1.473074999992642
2025-09-11T13:03:21Z,18394.0,18394.555555555555,1610,1531.8567,1531.8567,2.3900200000000495,0.002003396507551422,1.323404999997118
2025-09-11T13:03:21Z,18394.0,18394.666666666668,1611,1532.00336,1532.00336,2.536679999999933,0.002126331935622004,1.3637699999987714
2025-09-11T13:03:21Z,18394.0,18394.777777777777,1612,1532.15976,1532.15976,2.693080000000009,0.0022574317648205834,1.1851200000057958
2025-09-11T13:03:21Z,18394.0,18394.88888888889,1613,1532.26672,1532.26672,2.800040000000081,0.002347089295070472,0.833939999994481
2025-09-11T13:03:21Z,18395.0,18395.0,1614,1532.34508,1532.34508,2.878400000000056,0.002412773327142035,0.7845811764753847
2025-09-11T13:03:22Z,18395.0,18395.125,1615,1532.45431,1532.45431,2.987630000000081,0.002504333649030508,0.8891599999997197
2025-09-11T13:03:22Z,18395.0,18395.25,1616,1532.56737,1532.56737,3.100689999999986,0.0025991044079126794,1.0905599999996411
2025-09-11T13:03:22Z,18395.0,18395.375,1617,1532.72695,1532.72695,3.2602699999999913,0.0027328698218736756,0.9530000000004293
2025-09-11T13:03:22Z,18395.0,18395.5,1618,1532.80562,1532.80562,3.3389400000000933,0.002798813706547976,0.6443600000002334
2025-09-11T13:03:22Z,18395.0,18395.625,1619,1532.88804,1532.88804,3.4213600000000497,0.0028679009694797916,0.8204799999994066
2025-09-11T13:03:22Z,18395.0,18395.75,1620,1533.01074,1533.01074,3.544059999999945,0.0029707523060695878,0.6854400000001988
2025-09-11T13:03:22Z,18395.0,18395.875,1621,1533.0594,1533.0594,3.5927200000000994,0.0030115407823408154,0.379320000000007
2025-09-11T13:03:22Z,18396.0,18396.0,1622,1533.10557,1533.10557,3.6388899999999467,0.0030502420554487145,0.4074000000000524
2025-09-11T13:03:23Z,18396.0,18396.125,1623,1533.16125,1533.16125,3.6945700000001125,0.0030969149358182485,0.31811999999990803
2025-09-11T13:03:23Z,18396.0,18396.25,1624,1533.1851,1533.1851,3.7184199999999237,0.0031169068215366616,0.17175999999926717
2025-09-11T13:03:23Z,18396.0,18396.375,1625,1533.20419,1533.20419,3.7375099999999293,0.003132908712453544,0.15652000000045518
2025-09-11T13:03:23Z,18396.0,18396.5,1626,1533.22423,1533.22423,3.7575500000000375,0.003149706925862447,0.12832000000071275
2025-09-11T13:03:23Z,18396.0,18396.625,1627,1533.23627,1533.23627,3.7695900000001075,0.0031597992656550258,0.10004000000026281
2025-09-11T13:03:23Z,18396.0,18396.75,1628,1533.24924,1533.24924,3.782560000000103,0.003170671163255436,0.11335999999937485
2025-09-11T13:03:23Z,18396.0,18396.875,1629,1533.26461,1533.26461,3.797929999999951,0.0031835548229406105,0.06147999999939202
2025-09-11T13:03:23Z,18397.0,18397.0,1630,1533.27219,1533.26461,3.797929999999951,0.0031835548229406105,0.0
2025-09-11T13:03:24Z,18397.0,18397.11111111111,1631,1533.28157,1533.26461,3.797929999999951,0.0031835548229406105,-10.054169999652288
2025-09-11T13:03:24Z,18397.0,18397.222222222223,1632,1531.03035,1531.03035,1.563670000000002,0.0013107216746984843,-11.018519999682535
2025-09-11T13:03:24Z,18397.0,18397.333333333332,1633,1530.81605,1530.81605,1.349369999999908,0.001131088085201974,-1.8526499999996142
2025-09-11T13:03:24Z,18397.0,18397.444444444445,1634,1530.61865,1530.61865,1.151969999999892,0.000965620653719947,-1.6640099999932492
2025-09-11T13:03:24Z,18397.0,18397.555555555555,1635,1530.44627,1530.44627,0.9795899999999165,0.0008211258419729081,-1.4932799999984185
2025-09-11T13:03:24Z,18397.0,18397.666666666668,1636,1530.28681,1530.28681,0.8201300000000629,0.0006874610161162834,-1.3997249999963972
2025-09-11T13:03:24Z,18397.0,18397.777777777777,1637,1530.13522,1530.13522,0.6685399999998936,0.0005603930934294218,-1.4848649999933654
2025-09-11T13:03:24Z,18397.0,18397.88888888889,1638,1529.95684,1529.95684,0.4901600000000599,0.0004108688764702826,-2.0893050000115556
2025-09-11T13:03:25Z,18398.0,18398.0,1639,1529.67093,1529.67093,0.20425000000000182,0.00017120933576596562,-1.334205000019185
2025-09-11T13:03:25Z,18398.0,18398.11111111111,1640,1529.66035,1529.66035,0.19367000000011103,0.00016234081790851053,-0.08689499999968664
2025-09-11T13:03:25Z,18398.0,18398.222222222223,1641,1529.65162,1529.65162,0.18494000000009692,0.00015502303332471968,-0.067050000000064
2025-09-11T13:03:25Z,18398.0,18398.333333333332,1642,1529.64545,1529.64545,0.17876999999998588,0.0001498511282980611,-0.051120000000929755
2025-09-11T13:03:25Z,18398.0,18398.444444444445,1643,1529.64026,1529.64026,0.1735799999999017,0.0001455006927894209,-0.0472950000002369
2025-09-11T13:03:25Z,18398.0,18398.555555555555,1644,1529.63494,1529.63494,0.16825999999991836,0.00014104128683460046,-0.04207499999927211
2025-09-11T13:03:25Z,18398.0,18398.666666666668,1645,1529.63091,1529.63091,0.1642300000000887,0.00013766320300053595,-0.033299999999668706
2025-09-11T13:03:25Z,18398.0,18398.777777777777,1646,1529.62754,1529.62754,0.16085999999995693,0.00013483835373956235,-0.031725000000630055
2025-09-11T13:03:25Z,18398.0,18398.88888888889,1647,1529.62386,1529.62386,0.1571799999999257,0.0001317536518760417,-0.029654999999653153
2025-09-11T13:03:25Z,18399.0,18399.0,1648,1529.62095,1529.62095,0.1542699999999968,0.00012931439034817496,-0.026415000000199806
2025-09-11T13:03:26Z,18399.0,18399.11111111111,1649,1529.61799,1529.61799,0.15130999999996675,0.0001268332171101216,-0.02407499999962437
2025-09-11T13:03:26Z,18399.0,18399.222222222223,1650,1529.6156,1529.6156,0.1489200000000892,0.0001248298373673569,-0.02285999999958488
2025-09-11T13:03:26Z,18399.0,18399.333333333332,1651,1529.61291,1529.61291,0.1462300000000596,0.00012257498736385376,-0.03330000000049149
2025-09-11T13:03:26Z,18399.0,18399.444444444445,1652,1529.6082,1529.6082,0.1415199999999004,0.0001186269042721282,-0.028935000000122058
2025-09-11T13:03:26Z,18399.0,18399.555555555555,1653,1529.60648,1529.60648,0.13979999999992287,0.00011718514144464419,-0.01606499999929556
2025-09-11T13:03:26Z,18399.0,18399.666666666668,1654,1529.60463,1529.60463,0.1379500000000462,0.00011563440817097996,-0.01646999999930865
2025-09-11T13:03:26Z,18399.0,18399.777777777777,1655,1529.60282,1529.60282,0.13614000000006854,0.00011411720426531254,-0.016380000000562167
2025-09-11T13:03:26Z,18399.0,18399.88888888889,1656,1529.60099,1529.60099,0.134309999999914,0.00011258323567545612,-0.01583999999986252
2025-09-11T13:03:26Z,18400.0,18400.0,1657,1529.5993,1529.5993,0.1326200000000881,0.00011116661987416031,-0.013941578947770705
2025-09-11T13:03:27Z,18400.0,18400.1,1658,1529.59802,1529.59802,0.1313399999999092,0.00011009368009540357,-0.014449999999784469
2025-09-11T13:03:27Z,18400.0,18400.2,1659,1529.59641,1529.59641,0.1297300000001087,0.00010874412303029196,-0.014549999999535213
2025-09-11T13:03:27Z,18400.0,18400.3,1660,1529.59511,1529.59511,0.12842999999998028,0.0001076544185675368,-0.014700000000287483
2025-09-11T13:03:27Z,18400.0,18400.4,1661,1529.59347,1529.59347,0.12679000000002816,0.00010627971447623701,-0.013199999999477852
2025-09-11T13:03:27Z,18400.0,18400.5,1662,1529.59247,1529.59247,0.1257900000000518,0.00010544148027422028,-0.012500000000454703
2025-09-11T13:03:27Z,18400.0,18400.6,1663,1529.59097,1529.59097,0.12428999999997359,0.0001041841289710999,-0.014650000000488439
2025-09-11T13:03:27Z,18400.0,18400.7,1664,1529.58954,1529.58954,0.12285999999994601,0.00010298545406216453,-0.011199999999990995
2025-09-11T13:03:27Z,18400.0,18400.8,1665,1529.58873,1529.58873,0.1220499999999447,0.00010230648435851383,-0.008199999999727203
2025-09-11T13:03:27Z,18400.0,18400.9,1666,1529.5879,1529.5879,0.12121999999999389,0.00010161074997086473,-0.009949999999913639
2025-09-11T13:03:27Z,18401.0,18401.0,1667,1529.58674,1529.58674,0.12005999999996675,0.00010063839829647959,-0.011528888889232036
2025-09-11T13:03:28Z,18401.0,18401.125,1668,1529.58531,1529.58531,0.11862999999993917,9.943972338754422e-05,-0.009360000000015134
2025-09-11T13:03:28Z,18401.0,18401.25,1669,1529.5844,1529.5844,0.11771999999996297,9.86769302637109e-05,-0.011239999999816064
2025-09-11T13:03:28Z,18401.0,18401.375,1670,1529.5825,1529.5825,0.11581999999998516,9.708428527986007e-05,-0.0105199999998149
2025-09-11T13:03:28Z,18401.0,18401.5,1671,1529.58177,1529.58177,0.11509000000000924,9.647237431239359e-05,-0.00672000000031403
2025-09-11T13:03:28Z,18401.0,18401.625,1672,1529.58082,1529.58082,0.11413999999990665,9.567605182037287e-05,-0.010879999999815482
2025-09-11T13:03:28Z,18401.0,18401.75,1673,1529.57905,1529.57905,0.11237000000005537,9.419237728289286e-05,-0.009919999999510765
2025-09-11T13:03:28Z,18401.0,18401.875,1674,1529.57834,1529.57834,0.11166000000002896,9.359723099942477e-05,-0.007840000000214786
2025-09-11T13:03:28Z,18402.0,18402.0,1675,1529.57709,1529.57709,0.11041000000000167,9.254943824685622e-05,-0.008277777778346707
2025-09-11T13:03:29Z,18402.0,18402.1,1676,1529.5764,1529.5764,0.10971999999992477,9.197105664738653e-05,-0.003450000000497555
2025-09-11T13:03:29Z,18402.0,18402.2,1677,1529.57577,1529.5764,0.10971999999992477,9.197105664738653e-05,1.1102230246251565e-16
2025-09-11T13:03:29Z,18402.0,18402.3,1678,1529.57519,1529.5764,0.10971999999992477,9.197105664738653e-05,0.9885499999611546
2025-09-11T13:03:29Z,18402.0,18402.4,1679,1529.77411,1529.77411,0.3074300000000676,0.00025769834073215137,2.0553499999959137
2025-09-11T13:03:29Z,18402.0,18402.5,1680,1529.98747,1529.98747,0.5207900000000336,0.0004365439900786399,2.0198000000287415
2025-09-11T13:03:29Z,18402.0,18402.6,1681,1530.17807,1530.17807,0.7113899999999376,0.0005963114289867247,1.8840999999937043
2025-09-11T13:03:29Z,18402.0,18402.7,1682,1530.36429,1530.36429,0.897609999999986,0.0007524074020900105,1.865299999993943
2025-09-11T13:03:29Z,18402.0,18402.8,1683,1530.55113,1530.55113,1.0844500000000608,0.0009090230803985809,1.9390999999899723
2025-09-11T13:03:29Z,18402.0,18402.9,1684,1530.75211,1530.75211,1.2854299999999057,0.0010774913903237556,1.8184999999858285
2025-09-11T13:03:29Z,18403.0,18403.0,1685,1530.91483,1530.91483,1.4481499999999414,0.001213888859679172,1.634450000024028
2025-09-11T13:03:30Z,18403.0,18403.1,1686,1531.079,1531.079,1.6123199999999542,0.001351501768627522,1.6014999999960784
2025-09-11T13:03:30Z,18403.0,18403.2,1687,1531.23513,1531.23513,1.7684500000000298,0.001482375274591551,1.5603999999950453
2025-09-11T13:03:30Z,18403.0,18403.3,1688,1531.39108,1531.39108,1.9244000000001051,0.0016130978983992133,1.7352499999876994
2025-09-11T13:03:30Z,18403.0,18403.4,1689,1531.58218,1531.58218,2.115500000000111,0.0017732844544084017,1.8238499999897329
2025-09-11T13:03:30Z,18403.0,18403.5,1690,1531.75585,1531.75585,2.289170000000013,0.001918860588276006,1.6135500000230572
2025-09-11T13:03:30Z,18403.0,18403.6,1691,1531.90489,1531.90489,2.4382100000000264,0.002043791013747544,1.3213000000009547
2025-09-11T13:03:30Z,18403.0,18403.7,1692,1532.02011,1532.02011,2.553429999999935,0.0021403723585061178,1.3510500000018517
2025-09-11T13:03:30Z,18403.0,18403.8,1693,1532.1751,1532.1751,2.7084199999999328,0.00227029027747976,1.3814000000013156
2025-09-11T13:03:30Z,18403.0,18403.9,1694,1532.29639,1532.29639,2.8297099999999773,0.0023719597038448096,0.9998499999892161
2025-09-11T13:03:30Z,18404.0,18404.0,1695,1532.37507,1532.37507,2.908390000000054,0.002437911970861109,0.9377500000141517
2025-09-11T13:03:31Z,18404.0,18404.1,1696,1532.48394,1532.48394,3.0172600000000784,0.0025291705284368484,1.0256999999987038
2025-09-11T13:03:31Z,18404.0,18404.2,1697,1532.58021,1532.58021,3.1135300000000825,0.0026098673350669096,0.9176499999951151
2025-09-11T13:03:31Z,18404.0,18404.3,1698,1532.66747,1532.66747,3.2007900000000973,0.002683011651536631,0.8229999999979949
2025-09-11T13:03:31Z,18404.0,18404.4,1699,1532.74481,1532.74481,3.278129999999919,0.002747840684721988,0.8164999999982712
2025-09-11T13:03:31Z,18404.0,18404.5,1700,1532.83077,1532.83077,3.364090000000033,0.0028198952967291445,0.7546500000110647
2025-09-11T13:03:31Z,18404.0,18404.6,1701,1532.89574,1532.89574,3.429059999999936,0.0028743553728353775,0.6022499999989961
2025-09-11T13:03:31Z,18404.0,18404.7,1702,1532.95122,1532.95122,3.4845399999999245,0.0029208606063643554,0.5633999999980368
2025-09-11T13:03:31Z,18404.0,18404.8,1703,1533.00842,1533.00842,3.5417399999998906,0.0029688076027208172,0.5297500000002131
2025-09-11T13:03:31Z,18404.0,18404.9,1704,1533.05717,1533.05717,3.5904900000000453,0.0030096715200702284,0.41374999999597506
2025-09-11T13:03:31Z,18405.0,18405.0,1705,1533.09117,1533.09117,3.6244899999999234,0.0030381714829393687,0.30560000000367893
2025-09-11T13:03:32Z,18405.0,18405.1,1706,1533.11829,1533.11829,3.6516099999998914,0.0030609043944985733,0.28614999999900803
2025-09-11T13:03:32Z,18405.0,18405.2,1707,1533.1484,1533.1484,3.681720000000041,0.003086143626322019,0.23624999999716323
2025-09-11T13:03:32Z,18405.0,18405.3,1708,1533.16554,1533.16554,3.698859999999968,0.003100510960544864,0.17359999999868236
2025-09-11T13:03:32Z,18405.0,18405.4,1709,1533.18312,1533.18312,3.7164399999999205,0.0031152471178166265,0.18199999999935557
2025-09-11T13:03:32Z,18405.0,18405.5,1710,1533.20194,1533.20194,3.7352599999999256,0.0031310226854989586,0.1515000000028266
2025-09-11T13:03:32Z,18405.0,18405.6,1711,1533.21342,1533.21342,3.7467400000000453,0.0031406456141384385,0.09650000000110026
2025-09-11T13:03:32Z,18405.0,18405.7,1712,1533.22124,1533.22124,3.754560000000083,0.0031472006055983963,0.08050000000004687
2025-09-11T13:03:32Z,18405.0,18405.8,1713,1533.22952,1533.22952,3.7628400000000966,0.00315414118479127,0.0837999999995418
2025-09-11T13:03:32Z,18405.0,18405.9,1714,1533.238,1533.238,3.7713200000000597,0.003161249410824509,0.04239999999811772
2025-09-11T13:03:32Z,18406.0,18406.0,1715,1533.24423,1533.238,3.7713200000000597,0.003161249410824509,0.0
2025-09-11T13:03:33Z,18406.0,18406.1,1716,1533.24898,1533.238,3.7713200000000597,0.003161249410824509,-10.420999999583023
2025-09-11T13:03:33Z,18406.0,18406.2,1717,1531.1538,1531.1538,1.68712000000005,0.0014142016869399358,-11.87244999963125
2025-09-11T13:03:33Z,18406.0,18406.3,1718,1530.86351,1530.86351,1.396829999999909,0.0011708706804306294,-2.2569500000150216
2025-09-11T13:03:33Z,18406.0,18406.4,1719,1530.70241,1530.70241,1.2357300000001032,0.001035831150482705,-1.676749999995466
2025-09-11T13:03:33Z,18406.0,18406.5,1720,1530.52816,1530.52816,1.0614800000000741,0.0008897688407778128,-1.6630000000251206
2025-09-11T13:03:33Z,18406.0,18406.6,1721,1530.36981,1530.36981,0.9031299999999192,0.0007570344548851961,-1.7015499999897399
2025-09-11T13:03:33Z,18406.0,18406.7,1722,1530.18785,1530.18785,0.7211700000000292,0.0006045093594827188,-1.644749999986904
2025-09-11T13:03:33Z,18406.0,18406.8,1723,1530.04086,1530.04086,0.5741800000000694,0.000481297314125401,-1.5972999999892314
2025-09-11T13:03:33Z,18406.0,18406.9,1724,1529.86839,1529.86839,0.4017100000000937,0.00033672706130017863,-1.8555999999981063
2025-09-11T13:03:34Z,18407.0,18407.0,1725,1529.66974,1529.66974,0.20306000000005042,0.00017021183706558286,-1.092421052647564
2025-09-11T13:03:34Z,18407.0,18407.11111111111,1726,1529.65874,1529.65874,0.19206000000008316,0.00016099126084320834,-0.07771500000079501
2025-09-11T13:03:34Z,18407.0,18407.222222222223,1727,1529.65247,1529.65247,0.18578999999999724,0.00015573553239636717,-0.058095000000611186
2025-09-11T13:03:34Z,18407.0,18407.333333333332,1728,1529.64583,1529.64583,0.17914999999993597,0.00015016965729479318,-0.05062500000028891
2025-09-11T13:03:34Z,18407.0,18407.444444444445,1729,1529.64122,1529.64122,0.17453999999997905,0.00014630539762344082,-0.04747499999995897
2025-09-11T13:03:34Z,18407.0,18407.555555555555,1730,1529.63528,1529.63528,0.16859999999996944,0.00014132628646333569,-0.05368499999941334
2025-09-11T13:03:34Z,18407.0,18407.666666666668,1731,1529.62929,1529.62929,0.16261000000008607,0.00013630526359323456,-0.03775499999923615
2025-09-11T13:03:34Z,18407.0,18407.777777777777,1732,1529.62689,1529.62689,0.1602100000000064,0.00013429350150828006,-0.025200000000672795
2025-09-11T13:03:34Z,18407.0,18407.88888888889,1733,1529.62369,1529.62369,0.15700999999990017,0.00013161115206167408,-0.028575000000441664
2025-09-11T13:03:34Z,18408.0,18408.0,1734,1529.62054,1529.62054,0.15385999999989508,0.0001289707143252547,-0.0272184210529387
2025-09-11T13:03:35Z,18408.0,18408.1,1735,1529.61792,1529.61792,0.1512399999999161,0.0001267745407159366,-0.02764999999938611
2025-09-11T13:03:35Z,18408.0,18408.2,1736,1529.61501,1529.61501,0.1483299999999872,0.00012433527918806982,-0.02329999999885768
2025-09-11T13:03:35Z,18408.0,18408.3,1737,1529.61326,1529.61326,0.14658000000008542,0.0001228683693345882,-0.02134999999931153
2025-09-11T13:03:35Z,18408.0,18408.4,1738,1529.61074,1529.61074,0.14406000000008135,0.0001207560191454527,-0.022750000000370196
2025-09-11T13:03:35Z,18408.0,18408.5,1739,1529.60871,1529.60871,0.142029999999977,0.00011905440371523106,-0.020750000000209212
2025-09-11T13:03:35Z,18408.0,18408.6,1740,1529.60659,1529.60659,0.1399100000000999,0.00011727734720701659,-0.017699999999712612
2025-09-11T13:03:35Z,18408.0,18408.7,1741,1529.60517,1529.60517,0.13849000000004708,0.00011608705464008043,-0.01635000000080311
2025-09-11T13:03:35Z,18408.0,18408.8,1742,1529.60332,1529.60332,0.13663999999994303,0.00011453632136622561,-0.01705000000014467
2025-09-11T13:03:35Z,18408.0,18408.9,1743,1529.60176,1529.60176,0.1350800000000163,0.00011322867601111001,-0.016199999999989112
2025-09-11T13:03:35Z,18409.0,18409.0,1744,1529.60008,1529.60008,0.1333999999999378,0.00011182044255162281,-0.015700000000380188
2025-09-11T13:03:36Z,18409.0,18409.1,1745,1529.59862,1529.59862,0.13193999999998596,0.00011059662061668983,-0.013050000000029982
2025-09-11T13:03:36Z,18409.0,18409.2,1746,1529.59747,1529.59747,0.13078999999993357,0.0001096326512843039,-0.014049999999811713
2025-09-11T13:03:36Z,18409.0,18409.3,1747,1529.59581,1529.59581,0.12913000000003194,0.0001082411825090057,-0.015649999999118758
2025-09-11T13:03:36Z,18409.0,18409.4,1748,1529.59434,1529.59434,0.12766000000010536,0.00010700897823207351,-0.013450000000053697
2025-09-11T13:03:36Z,18409.0,18409.5,1749,1529.59312,1529.59312,0.12644000000000233,0.00010598633250550257,-0.010850000001185967
2025-09-11T13:03:36Z,18409.0,18409.6,1750,1529.59217,1529.59217,0.12548999999989974,0.00010519001001348185,-0.011749999999768002
2025-09-11T13:03:36Z,18409.0,18409.7,1751,1529.59077,1529.59077,0.12409000000002379,0.00010401648213073468,-0.013299999999316081
2025-09-11T13:03:36Z,18409.0,18409.8,1752,1529.58951,1529.58951,0.12283000000002176,0.00010296030703616692,-0.011349999999769933
2025-09-11T13:03:36Z,18409.0,18409.9,1753,1529.5885,1529.5885,0.12182000000007065,0.000102113690492151,-0.01004999999959899
2025-09-11T13:03:36Z,18410.0,18410.0,1754,1529.5875,1529.5875,0.1208200000000943,0.00010127545629013428,-0.010850000000049098
2025-09-11T13:03:37Z,18410.0,18410.1,1755,1529.58633,1529.58633,0.1196500000000924,0.00010029472227374994,-0.011100000000378363
2025-09-11T13:03:37Z,18410.0,18410.2,1756,1529.58528,1529.58528,0.11860000000001492,9.941457636154662e-05,-0.009200000000565645
2025-09-11T13:03:37Z,18410.0,18410.3,1757,1529.58449,1529.58449,0.11780999999996311,9.875237134189432e-05,-0.008749999999446145
2025-09-11T13:03:37Z,18410.0,18410.4,1758,1529.58353,1529.58353,0.11685000000011314,9.7947666508065e-05,-0.009099999999710784
2025-09-11T13:03:37Z,18410.0,18410.5,1759,1529.58267,1529.58267,0.1159900000000107,9.72267850942277e-05,-0.009150000000905822
2025-09-11T13:03:37Z,18410.0,18410.6,1760,1529.5817,1529.5817,0.1150199999999586,9.641369791820858e-05,-0.00949999999986173
2025-09-11T13:03:37Z,18410.0,18410.7,1761,1529.58077,1529.58077,0.11409000000003289,9.563414011037686e-05,-0.00814999999981536
2025-09-11T13:03:37Z,18410.0,18410.8,1762,1529.58007,1529.58007,0.11338999999998123,9.504737616890798e-05,-0.00615000000039756
2025-09-11T13:03:37Z,18410.0,18410.9,1763,1529.57954,1529.57954,0.11285999999995511,9.460311204180672e-05,-0.0074499999994316335
2025-09-11T13:03:37Z,18411.0,18411.0,1764,1529.57858,1529.57858,0.11190000000010514,9.379840720797739e-05,-0.004799999999319682
2025-09-11T13:03:38Z,18411.0,18411.1,1765,1529.57769,1529.57858,0.11190000000010514,9.379840720797739e-05,0.0
2025-09-11T13:03:38Z,18411.0,18411.2,1766,1529.57724,1529.57858,0.11190000000010514,9.379840720797739e-05,0.20815000000652017
2025-09-11T13:03:38Z,18411.0,18411.3,1767,1529.62021,1529.62021,0.15353000000004613,0.00012869409703870926,1.3585999999605733
2025-09-11T13:03:38Z,18411.0,18411.4,1768,1529.8503,1529.8503,0.38362000000006446,0.00032156340458531303,2.199649999988334
2025-09-11T13:03:38Z,18411.0,18411.5,1769,1530.06014,1530.06014,0.5934600000000501,0.0004974584695406493,1.9979000000291454
2025-09-11T13:03:38Z,18411.0,18411.6,1770,1530.24988,1530.24988,0.7832000000000789,0.0006565050270350873,2.0422499999868133
2025-09-11T13:03:38Z,18411.0,18411.7,1771,1530.46859,1530.46859,1.0019099999999526,0.0008398352293623939,1.8295499999802631
2025-09-11T13:03:38Z,18411.0,18411.8,1772,1530.61579,1530.61579,1.1491100000000642,0.0009632233039022669,1.7281499999845353
2025-09-11T13:03:38Z,18411.0,18411.9,1773,1530.81422,1530.81422,1.3475399999999809,0.0011295541166123084,1.841349999987794
2025-09-11T13:03:38Z,18412.0,18412.0,1774,1530.98406,1530.98406,1.5173800000000028,0.0012719198134862133,1.6435000000240478
2025-09-11T13:03:39Z,18412.0,18412.1,1775,1531.14292,1531.14292,1.676240000000007,0.0014050816988217423,1.5710999999948099
2025-09-11T13:03:39Z,18412.0,18412.2,1776,1531.29828,1531.29828,1.8315999999999804,0.0015353097644501175,1.7220999999993651
2025-09-11T13:03:39Z,18412.0,18412.3,1777,1531.48734,1531.48734,2.020659999999907,0.001693786322687085,1.735499999999103
2025-09-11T13:03:39Z,18412.0,18412.4,1778,1531.64538,1531.64538,2.1786999999999352,0.001826260855976964,1.5634999999945816
2025-09-11T13:03:39Z,18412.0,18412.5,1779,1531.80004,1531.80004,2.3333600000000843,0.001955902157664061,1.5214000000224512
2025-09-11T13:03:39Z,18412.0,18412.6,1780,1531.94966,1531.94966,2.4829799999999977,0.002081318758972696,1.4583999999951427
2025-09-11T13:03:39Z,18412.0,18412.7,1781,1532.09172,1532.09172,2.625039999999899,0.0022003983097139248,1.3132499999907878
2025-09-11T13:03:39Z,18412.0,18412.8,1782,1532.21231,1532.21231,2.745629999999892,0.0023014809721375053,1.122449999999251
2025-09-11T13:03:39Z,18412.0,18412.9,1783,1532.31621,1532.31621,2.849529999999959,0.0023885735057291584,0.9882499999948937
2025-09-11T13:03:39Z,18413.0,18413.0,1784,1532.40996,1532.40996,2.943279999999959,0.0024671579621700843,0.9121910526450989
2025-09-11T13:03:40Z,18413.0,18413.11111111111,1785,1532.50819,1532.50819,3.0415100000000166,0.0025494977078361824,0.931589999997005
2025-09-11T13:03:40Z,18413.0,18413.222222222223,1786,1532.61698,1532.61698,3.1503000000000156,0.0026406892066757376,0.804734999993105
2025-09-11T13:03:40Z,18413.0,18413.333333333332,1787,1532.68702,1532.68702,3.2203400000000784,0.0026993991301864297,0.6593849999977799
2025-09-11T13:03:40Z,18413.0,18413.444444444445,1788,1532.76351,1532.76351,3.29683,0.002763515664300139,0.6520949999975407
2025-09-11T13:03:40Z,18413.0,18413.555555555555,1789,1532.83193,1532.83193,3.36525000000006,0.0028208676484035296,0.6451199999980002
2025-09-11T13:03:40Z,18413.0,18413.666666666668,1790,1532.90687,1532.90687,3.4401900000000296,0.0028836849195041227,0.8330400000030913
2025-09-11T13:03:40Z,18413.0,18413.777777777777,1791,1533.01705,1533.01705,3.55036999999993,0.0029760415638844257,0.6635250000092423
2025-09-11T13:03:40Z,18413.0,18413.88888888889,1792,1533.05432,1533.05432,3.587639999999965,0.003007282552594357,0.425700000002756
2025-09-11T13:03:41Z,18414.0,18414.0,1793,1533.11165,1533.11165,3.6449700000000576,0.0030553385193971896,0.36355117647565827
2025-09-11T13:03:41Z,18414.0,18414.125,1794,1533.13566,1533.13566,3.6689799999999195,0.0030754645225879716,0.1644399999995585
2025-09-11T13:03:41Z,18414.0,18414.25,1795,1533.15276,1533.15276,3.686079999999947,0.0030897983274428193,0.15336000000024796
2025-09-11T13:03:41Z,18414.0,18414.375,1796,1533.174,1533.174,3.7073199999999815,0.0031076024218941044,0.21412000000054832
2025-09-11T13:03:41Z,18414.0,18414.5,1797,1533.20629,1533.20629,3.7396100000000843,0.0031346690042779505,0.16120000000046275
2025-09-11T13:03:41Z,18414.0,18414.625,1798,1533.2143,1533.2143,3.747620000000097,0.003141383260236274,0.07639999999992142
2025-09-11T13:03:41Z,18414.0,18414.75,1799,1533.22539,1533.22539,3.7587100000000646,0.003150679277536832,0.044359999999869615
2025-09-11T13:03:41Z,18414.0,18414.875,1800,1533.233,1533.22539,3.7587100000000646,0.003150679277536832,0.0
2025-09-11T13:03:42Z,18415.0,18415.0,1801,1533.25254,1533.22539,3.7587100000000646,0.003150679277536832,-2.5486888235843406
2025-09-11T13:03:42Z,18415.0,18415.11111111111,1802,1532.69048,1532.69048,3.223799999999983,0.0027022994205253958,-9.226574999838657
2025-09-11T13:03:42Z,18415.0,18415.222222222223,1803,1531.17504,1531.17504,1.7083600000000843,0.0014320057813912207,-8.136494999804778
2025-09-11T13:03:42Z,18415.0,18415.333333333332,1804,1530.88237,1530.88237,1.4156900000000405,0.0011866797774811489,-2.1541500000123204
2025-09-11T13:03:42Z,18415.0,18415.444444444445,1805,1530.69634,1530.69634,1.2296599999999671,0.001030743068876229,-1.6145999999949918
2025-09-11T13:03:42Z,18415.0,18415.555555555555,1806,1530.52357,1530.52357,1.0568900000000667,0.0008859213457904588,-1.5280649999975005
2025-09-11T13:03:42Z,18415.0,18415.666666666668,1807,1530.35677,1530.35677,0.8900900000001002,0.0007461038808907913,-1.4698349999964013
2025-09-11T13:03:42Z,18415.0,18415.777777777777,1808,1530.19694,1530.19694,0.7302600000000439,0.0006121289083792433,-1.521989999994911
2025-09-11T13:03:42Z,18415.0,18415.88888888889,1809,1530.01855,1530.01855,0.5518700000000081,0.00046259630907791426,-1.5323399999946796
2025-09-11T13:03:42Z,18416.0,18416.0,1810,1529.85642,1529.85642,0.38974000000007436,0.00032669339790178495,-1.6518700000239788
2025-09-11T13:03:43Z,18416.0,18416.1,1811,1529.67389,1529.67389,0.20721000000003187,0.00017369050900401897,-0.95635000002829
2025-09-11T13:03:43Z,18416.0,18416.2,1812,1529.66515,1529.66515,0.198470000000043,0.00016636434207822892,-0.07609999999930872
2025-09-11T13:03:43Z,18416.0,18416.3,1813,1529.65867,1529.65867,0.19199000000003252,0.00016093258444902333,-0.06899999999932882
2025-09-11T13:03:43Z,18416.0,18416.4,1814,1529.65135,1529.65135,0.18467000000009648,0.00015479671009016943,-0.06309999999925242
2025-09-11T13:03:43Z,18416.0,18416.5,1815,1529.64605,1529.64605,0.17937000000006265,0.0001503540688193474,-0.05530000000102042
2025-09-11T13:03:43Z,18416.0,18416.6,1816,1529.64029,1529.64029,0.17361000000005333,0.0001455258398156091,-0.053400000000423886
2025-09-11T13:03:43Z,18416.0,18416.7,1817,1529.63537,1529.63537,0.1686899999999696,0.0001414017275415191,-0.043950000000099076
2025-09-11T13:03:43Z,18416.0,18416.8,1818,1529.6315,1529.6315,0.16481999999996333,0.00013815776117963243,-0.032149999999668055
2025-09-11T13:03:43Z,18416.0,18416.9,1819,1529.62894,1529.62894,0.16226000000006024,0.0001360118816225001,-0.03119999999976175
2025-09-11T13:03:43Z,18417.0,18417.0,1820,1529.62526,1529.62526,0.15858000000002903,0.00013292717975897948,-0.029600000000731264
2025-09-11T13:03:44Z,18417.0,18417.1,1821,1529.62302,1529.62302,0.15634000000000015,0.0001310495351463934,-0.023150000000557558
2025-09-11T13:03:44Z,18417.0,18417.2,1822,1529.62063,1529.62063,0.15394999999989523,0.00012904615540343812,-0.024399999999716204
2025-09-11T13:03:44Z,18417.0,18417.3,1823,1529.61814,1529.61814,0.15146000000004278,0.0001269589522404908,-0.026899999998988733
2025-09-11T13:03:44Z,18417.0,18417.4,1824,1529.61525,1529.61525,0.14857000000006337,0.00012453645539662245,-0.024950000000437456
2025-09-11T13:03:44Z,18417.0,18417.5,1825,1529.61315,1529.61315,0.1464699999999084,0.0001227761635722158,-0.020200000000452967
2025-09-11T13:03:44Z,18417.0,18417.6,1826,1529.61121,1529.61121,0.14453000000003158,0.00012114998922036816,-0.02064999999890227
2025-09-11T13:03:44Z,18417.0,18417.7,1827,1529.60902,1529.60902,0.14234000000010383,0.0001193142563179687,-0.021749999999571612
2025-09-11T13:03:44Z,18417.0,18417.8,1828,1529.60686,1529.60686,0.14018000000010034,0.00011750367044156684,-0.01680000000089854
2025-09-11T13:03:44Z,18417.0,18417.9,1829,1529.60566,1529.60566,0.1389799999999468,0.00011649778939899428,-0.015450000000852282
2025-09-11T13:03:44Z,18418.0,18418.0,1830,1529.60377,1529.60377,0.13708999999994376,0.00011491352675714265,-0.016949999999516185
2025-09-11T13:03:45Z,18418.0,18418.1,1831,1529.60227,1529.60227,0.13559000000009291,0.00011365617545421287,-0.015250000000086361
2025-09-11T13:03:45Z,18418.0,18418.2,1832,1529.60072,1529.60072,0.13403999999991356,0.00011235691244090589,-0.013450000000024498
2025-09-11T13:03:45Z,18418.0,18418.3,1833,1529.59958,1529.59958,0.1329000000000633,0.00011140132545070974,-0.013949999999879004
2025-09-11T13:03:45Z,18418.0,18418.4,1834,1529.59793,1529.59793,0.13124999999990905,0.00011001823901722015,-0.015250000000049946
2025-09-11T13:03:45Z,18418.0,18418.5,1835,1529.59653,1529.59653,0.1298500000000331,0.00010884471113447298,-0.01265000000007821
2025-09-11T13:03:45Z,18418.0,18418.6,1836,1529.5954,1529.5954,0.12871999999993022,0.00010789750648608544,-0.012550000000055461
2025-09-11T13:03:45Z,18418.0,18418.7,1837,1529.59402,1529.59402,0.12734000000000378,0.00010674074328733668,-0.013549999999837303
2025-09-11T13:03:45Z,18418.0,18418.8,1838,1529.59269,1529.59269,0.1260099999999511,0.00010562589179858392,-0.012749999999615236
2025-09-11T13:03:45Z,18418.0,18418.9,1839,1529.59147,1529.59147,0.12479000000007545,0.00010460324607220356,-0.012249999999724426
2025-09-11T13:03:45Z,18419.0,18419.0,1840,1529.59024,1529.59024,0.12355999999999767,0.00010357221800363342,-0.008450000000389202
2025-09-11T13:03:46Z,18419.0,18419.1,1841,1529.58978,1529.58978,0.12310000000002219,0.00010318663027071715,-0.008299999999343388
2025-09-11T13:03:46Z,18419.0,18419.2,1842,1529.58858,1529.58858,0.12190000000009604,0.0001021807492283352,-0.010849999999809845
2025-09-11T13:03:46Z,18419.0,18419.3,1843,1529.58761,1529.58761,0.12093000000004395,0.0001013676620523161,-0.01034999999995545
2025-09-11T13:03:46Z,18419.0,18419.4,1844,1529.58651,1529.58651,0.1198300000000927,0.00010044560443011676,-0.010650000000344662
2025-09-11T13:03:46Z,18419.0,18419.5,1845,1529.58548,1529.58548,0.11879999999996471,9.958222320191184e-05,-0.008950000000271019
2025-09-11T13:03:46Z,18419.0,18419.6,1846,1529.58472,1529.58472,0.11804000000006454,9.894516520844775e-05,-0.00794999999921342
2025-09-11T13:03:46Z,18419.0,18419.7,1847,1529.58389,1529.58389,0.11721000000011372,9.824943082079863e-05,-0.008850000000381164
2025-09-11T13:03:46Z,18419.0,18419.8,1848,1529.58295,1529.58295,0.11626999999998588,9.746149067077713e-05,-0.008650000000893998
2025-09-11T13:03:46Z,18419.0,18419.9,1849,1529.58216,1529.58216,0.11547999999993408,9.679928565112483e-05,-0.008400000000380214
2025-09-11T13:03:46Z,18420.0,18420.0,1850,1529.58127,1529.58127,0.11458999999990738,9.605325721128993e-05,-0.008299999999628938
2025-09-11T13:03:47Z,18420.0,18420.1,1851,1529.5805,1529.5805,0.11382000000003245,9.540781687582663e-05,-0.0038499999995007528
2025-09-11T13:03:47Z,18420.0,18420.2,1852,1529.57969,1529.5805,0.11382000000003245,9.540781687582663e-05,0.0
2025-09-11T13:03:47Z,18420.0,18420.3,1853,1529.57893,1529.5805,0.11382000000003245,9.540781687582663e-05,0.4038499999839865
2025-09-11T13:03:47Z,18420.0,18420.4,1854,1529.66127,1529.66127,0.194590000000062,0.00016311199337434303,1.6014000000226065
2025-09-11T13:03:47Z,18420.0,18420.5,1855,1529.90078,1529.90078,0.434099999999944,0.00036387746710401673,2.3245500000334163
2025-09-11T13:03:47Z,18420.0,18420.6,1856,1530.12618,1530.12618,0.65949999999998,0.0005528154562430839,1.8919000000068231
2025-09-11T13:03:47Z,18420.0,18420.7,1857,1530.27916,1530.27916,0.8124800000000505,0.0006810485244706935,1.6617499999994205
2025-09-11T13:03:47Z,18420.0,18420.8,1858,1530.45853,1530.45853,0.9918500000001131,0.000831402593290041,1.88654999998902
2025-09-11T13:03:47Z,18420.0,18420.9,1859,1530.65647,1530.65647,1.1897899999999026,0.000997322671240978,1.8266499999870875
2025-09-11T13:03:47Z,18421.0,18421.0,1860,1530.82386,1530.82386,1.3571799999999712,0.0011376346943199325,1.9474000000285816
2025-09-11T13:03:48Z,18421.0,18421.1,1861,1531.04595,1531.04595,1.5792699999999513,0.0013237981282502118,1.8959000000055912
2025-09-11T13:03:48Z,18421.0,18421.2,1862,1531.20304,1531.20304,1.7363600000001043,0.0014554763390482609,1.4230999999901046
2025-09-11T13:03:48Z,18421.0,18421.3,1863,1531.33057,1531.33057,1.863890000000083,0.0015623763468339635,1.577649999982528
2025-09-11T13:03:48Z,18421.0,18421.4,1864,1531.51857,1531.51857,2.0518899999999576,0.0017199643768167285,1.7159499999869006
2025-09-11T13:03:48Z,18421.0,18421.5,1865,1531.67376,1531.67376,2.2070799999999053,0.001850049942630736,1.4022000000203985
2025-09-11T13:03:48Z,18421.0,18421.6,1866,1531.79901,1531.79901,2.3323299999999563,0.001955038776435856,1.4795999999864744
2025-09-11T13:03:48Z,18421.0,18421.7,1867,1531.96968,1531.96968,2.502999999999929,0.00209810020769741,1.512549999987355
2025-09-11T13:03:48Z,18421.0,18421.8,1868,1532.10152,1532.10152,2.63483999999994,0.002208613004893917,1.1933500000011268
2025-09-11T13:03:48Z,18421.0,18421.9,1869,1532.20835,1532.20835,2.741670000000113,0.002298161564697626,1.1290999999986653
2025-09-11T13:03:48Z,18422.0,18422.0,1870,1532.32734,1532.32734,2.8606600000000526,0.002397903052397904,1.0455000000142523
2025-09-11T13:03:49Z,18422.0,18422.1,1871,1532.41745,1532.41745,2.9507699999999204,0.002473436336343306,0.9122499999963622
2025-09-11T13:03:49Z,18422.0,18422.2,1872,1532.50979,1532.50979,3.0431100000000697,0.0025508388825594857,0.9709999999988845
2025-09-11T13:03:49Z,18422.0,18422.3,1873,1532.61165,1532.61165,3.1449700000000576,0.0026362214183789177,0.8986000000004015
2025-09-11T13:03:49Z,18422.0,18422.4,1874,1532.68951,1532.68951,3.222829999999931,0.0027014863333493767,0.7440999999954716
2025-09-11T13:03:49Z,18422.0,18422.5,1875,1532.76047,1532.76047,3.2937899999999445,0.0027609674323259017,0.6854000000098175
2025-09-11T13:03:49Z,18422.0,18422.6,1876,1532.82659,1532.82659,3.3599099999999,0.0028163914777645203,0.6745499999970157
2025-09-11T13:03:49Z,18422.0,18422.7,1877,1532.89538,1532.89538,3.4286999999999352,0.002874053608522644,0.5565999999942228
2025-09-11T13:03:49Z,18422.0,18422.8,1878,1532.93791,1532.93791,3.471230000000105,0.0029097037091354006,0.4905999999963804
2025-09-11T13:03:49Z,18422.0,18422.9,1879,1532.9935,1532.9935,3.5268200000000434,0.0029563011484265603,0.475149999995093
2025-09-11T13:03:49Z,18423.0,18423.0,1880,1533.03294,1533.03294,3.5662600000000566,0.0029893611053548926,0.3771000000049618
2025-09-11T13:03:50Z,18423.0,18423.1,1881,1533.06892,1533.06892,3.602239999999938,0.003019520771944068,0.32320000000042626
2025-09-11T13:03:50Z,18423.0,18423.2,1882,1533.09758,1533.09758,3.6309000000001106,0.00304354456417458,0.2623999999984612
2025-09-11T13:03:50Z,18423.0,18423.3,1883,1533.1214,1533.1214,3.6547199999999975,0.003063511302866996,0.2231499999990838
2025-09-11T13:03:50Z,18423.0,18423.4,1884,1533.14221,1533.14221,3.6755299999999806,0.003080954956611362,0.19654999999943712
2025-09-11T13:03:50Z,18423.0,18423.5,1885,1533.16071,1533.16071,3.6940300000001116,0.003096462289349148,0.18425000000247493
2025-09-11T13:03:50Z,18423.0,18423.6,1886,1533.17906,1533.17906,3.712379999999939,0.003111843886956374,0.1595999999997879
2025-09-11T13:03:50Z,18423.0,18423.7,1887,1533.19263,1533.19263,3.7259500000000116,0.0031232187250780706,0.15134999999988352
2025-09-11T13:03:50Z,18423.0,18423.8,1888,1533.20933,1533.20933,3.7426499999999123,0.0031372172362519974,0.14660000000069573
2025-09-11T13:03:50Z,18423.0,18423.9,1889,1533.22195,1533.22195,3.7552700000001096,0.003147795751881864,0.06309999999846028
2025-09-11T13:03:50Z,18424.0,18424.0,1890,1533.23215,1533.22195,3.7552700000001096,0.003147795751881864,0.0
2025-09-11T13:03:51Z,18424.0,18424.1,1891,1533.24076,1533.22195,3.7552700000001096,0.003147795751881864,-9.614249999616025
2025-09-11T13:03:51Z,18424.0,18424.2,1892,1531.2991,1531.2991,1.8324199999999564,0.0015359971164957673,-10.9815999996601
2025-09-11T13:03:51Z,18424.0,18424.3,1893,1531.02563,1531.02563,1.5589500000000953,0.00130676520926495,-2.5336499999984037
2025-09-11T13:03:51Z,18424.0,18424.4,1894,1530.79237,1530.79237,1.325689999999895,0.0011112386992977378,-2.260799999989408
2025-09-11T13:03:51Z,18424.0,18424.5,1895,1530.57347,1530.57347,1.1067900000000463,0.0009277492324720653,-1.7648500000252518
2025-09-11T13:03:51Z,18424.0,18424.6,1896,1530.4394,1530.4394,0.9727199999999812,0.0008153671730049712,-1.4470499999913118
2025-09-11T13:03:51Z,18424.0,18424.7,1897,1530.28406,1530.28406,0.8173799999999574,0.0006851558720605945,-1.725499999999995
2025-09-11T13:03:51Z,18424.0,18424.8,1898,1530.0943,1530.0943,0.627619999999979,0.0005260925498821581,-1.6940500000010754
2025-09-11T13:03:51Z,18424.0,18424.9,1899,1529.94525,1529.94525,0.4785699999999906,0.000401153742068621,-1.4740499999933911
2025-09-11T13:03:51Z,18425.0,18425.0,1900,1529.79949,1529.79949,0.33281000000010863,0.0002789727247798732,-1.3638500000200307
2025-09-11T13:03:52Z,18425.0,18425.1,1901,1529.67248,1529.67248,0.2057999999999538,0.00017250859877908202,-0.6911500000186546
2025-09-11T13:03:52Z,18425.0,18425.2,1902,1529.66126,1529.66126,0.19458000000008724,0.00016310361103234384,-0.09164999999830936
2025-09-11T13:03:52Z,18425.0,18425.3,1903,1529.65415,1529.65415,0.18747000000007574,0.00015714376585585437,-0.06380000000038921
2025-09-11T13:03:52Z,18425.0,18425.4,1904,1529.6485,1529.6485,0.18182000000001608,0.0001524077426142979,-0.05240000000037659
2025-09-11T13:03:52Z,18425.0,18425.5,1905,1529.64367,1529.64367,0.17698999999993248,0.0001483590714183913,-0.05010000000043113
2025-09-11T13:03:52Z,18425.0,18425.6,1906,1529.63848,1529.63848,0.17180000000007567,0.00014400863590994167,-0.04509999999990355
2025-09-11T13:03:52Z,18425.0,18425.7,1907,1529.63465,1529.63465,0.16796999999996842,0.00014079819891605182,-0.03855000000031006
2025-09-11T13:03:52Z,18425.0,18425.8,1908,1529.63077,1529.63077,0.1640899999999874,0.00013754585021216593,-0.03784999999983174
2025-09-11T13:03:52Z,18425.0,18425.9,1909,1529.62708,1529.62708,0.16039999999998145,0.0001344527660066461,-0.03194999999975534
2025-09-11T13:03:52Z,18426.0,18426.0,1910,1529.62438,1529.62438,0.15769999999997708,0.00013218953366114376,-0.02790000000045112
2025-09-11T13:03:53Z,18426.0,18426.1,1911,1529.6215,1529.6215,0.15481999999997242,0.00012977541915927461,-0.03180000000020555
2025-09-11T13:03:53Z,18426.0,18426.2,1912,1529.61802,1529.61802,0.151339999999891,0.0001268583641361192,-0.02579999999924143
2025-09-11T13:03:53Z,18426.0,18426.3,1913,1529.61634,1529.61634,0.14966000000003987,0.0001254501306768226,-0.020349999999577095
2025-09-11T13:03:53Z,18426.0,18426.4,1914,1529.61395,1529.61395,0.14726999999993495,0.0001234467509338673,-0.023700000000323795
2025-09-11T13:03:53Z,18426.0,18426.5,1915,1529.6116,1529.6116,0.14491999999995642,0.00012147690055909941,-0.020250000000327395
2025-09-11T13:03:53Z,18426.0,18426.6,1916,1529.6099,1529.6099,0.1432199999999284,0.00012005190241561381,-0.017399999999192395
2025-09-11T13:03:53Z,18426.0,18426.7,1917,1529.60812,1529.60812,0.14144000000010237,0.00011855984553613459,-0.01574999999989357
2025-09-11T13:03:53Z,18426.0,18426.8,1918,1529.60675,1529.60675,0.1400699999999233,0.00011741146467919442,-0.014200000000458401
2025-09-11T13:03:53Z,18426.0,18426.9,1919,1529.60528,1529.60528,0.13859999999999673,0.00011617926040226224,-0.018400000000223682
2025-09-11T13:03:53Z,18427.0,18427.0,1920,1529.60307,1529.60307,0.1363899999998921,0.00011432676281567378,-0.018699999999670758
2025-09-11T13:03:54Z,18427.0,18427.1,1921,1529.60154,1529.60154,0.134860000000117,0.00011304426448674638,-0.013549999999909912
2025-09-11T13:03:54Z,18427.0,18427.2,1922,1529.60036,1529.60036,0.13367999999991298,0.00011205514812817224,-0.01260000000000372
2025-09-11T13:03:54Z,18427.0,18427.3,1923,1529.59902,1529.59902,0.13234000000011292,0.00011093191429761087,-0.013999999999823487
2025-09-11T13:03:54Z,18427.0,18427.4,1924,1529.59756,1529.59756,0.13087999999993372,0.0001097080923624873,-0.013700000000571255
2025-09-11T13:03:54Z,18427.0,18427.5,1925,1529.59628,1529.59628,0.12959999999998217,0.00010863515258392114,-0.014649999999605368
2025-09-11T13:03:54Z,18427.0,18427.6,1926,1529.59463,1529.59463,0.1279500000000553,0.00010725206615062215,-0.012299999999748956
2025-09-11T13:03:54Z,18427.0,18427.7,1927,1529.59382,1529.59382,0.127140000000054,0.00010657309644697145,-0.01020000000043464
2025-09-11T13:03:54Z,18427.0,18427.8,1928,1529.59259,1529.59259,0.1259099999999762,0.0001055420683784013,-0.011699999999998267
2025-09-11T13:03:54Z,18427.0,18427.9,1929,1529.59148,1529.59148,0.1248000000000502,0.00010461162841420276,-0.008749999999391633
2025-09-11T13:03:54Z,18428.0,18428.0,1930,1529.59084,1529.59084,0.12416000000007443,0.00010407515852491968,-0.010100000000794918
2025-09-11T13:03:55Z,18428.0,18428.1,1931,1529.58946,1529.58946,0.12277999999992062,0.00010291839532598032,-0.011150000000326399
2025-09-11T13:03:55Z,18428.0,18428.2,1932,1529.58861,1529.58861,0.1219300000000203,0.00010220589625433282,-0.00964999999951699
2025-09-11T13:03:55Z,18428.0,18428.3,1933,1529.58753,1529.58753,0.12085000000001855,0.00010130060331613188,-0.009300000000414754
2025-09-11T13:03:55Z,18428.0,18428.4,1934,1529.58675,1529.58675,0.1200699999999415,0.0001006467806384788,-0.009450000000040815
2025-09-11T13:03:55Z,18428.0,18428.5,1935,1529.58564,1529.58564,0.1189600000000155,9.971634067428025e-05,-0.010149999999532477
2025-09-11T13:03:55Z,18428.0,18428.6,1936,1529.58472,1529.58472,0.11804000000006454,9.894516520844775e-05,-0.007849999999528068
2025-09-11T13:03:55Z,18428.0,18428.7,1937,1529.58407,1529.58407,0.11739000000011401,9.840031297716546e-05,-0.007249999999886403
2025-09-11T13:03:55Z,18428.0,18428.8,1938,1529.58327,1529.58327,0.11659000000008746,9.772972561551396e-05,-0.008099999999980012
2025-09-11T13:03:55Z,18428.0,18428.9,1939,1529.58245,1529.58245,0.1157700000001114,9.704237356986406e-05,-0.00745000000046292
2025-09-11T13:03:55Z,18429.0,18429.0,1940,1529.58178,1529.58178,0.11509999999998399,9.648075665439279e-05,-0.008300000000765806
2025-09-11T13:03:56Z,18429.0,18429.1,1941,1529.58079,1529.58079,0.11410999999998239,9.565090479437527e-05,-0.00940000000012553
2025-09-11T13:03:56Z,18429.0,18429.2,1942,1529.5799,1529.5799,0.11321999999995569,9.490487635454037e-05,-0.00654999999926964
2025-09-11T13:03:56Z,18429.0,18429.3,1943,1529.57948,1529.57948,0.11280000000010659,9.45528179898115e-05,-0.006899999999508966
2025-09-11T13:03:56Z,18429.0,18429.4,1944,1529.57852,1529.57852,0.11184000000002925,9.374811315579159e-05,-0.009750000000364634
2025-09-11T13:03:56Z,18429.0,18429.5,1945,1529.57753,1529.57753,0.11085000000002765,9.291826129577407e-05,-0.007550000000374646
2025-09-11T13:03:56Z,18429.0,18429.6,1946,1529.57701,1529.57701,0.11032999999997628,9.2482379510672e-05,-0.00380000000067493
2025-09-11T13:03:56Z,18429.0,18429.7,1947,1529.57677,1529.57677,0.1100899999999001,9.228120330211938e-05,-0.005400000000098215
2025-09-11T13:03:56Z,18429.0,18429.8,1948,1529.57593,1529.57593,0.10924999999997453,9.157708657247108e-05,-0.0068499999997899685
2025-09-11T13:03:56Z,18429.0,18429.9,1949,1529.5754,1529.5754,0.10871999999994841,9.113282244536982e-05,-0.004749999999338783
2025-09-11T13:03:56Z,18430.0,18430.0,1950,1529.57498,1529.57498,0.10830000000009932,9.078076408064096e-05,-0.006499999999599826
2025-09-11T13:03:57Z,18430.0,18430.1,1951,1529.5741,1529.5741,0.10742000000004737,9.004311798280525e-05,-0.007650000000026358
2025-09-11T13:03:57Z,18430.0,18430.2,1952,1529.57345,1529.57345,0.10677000000009684,8.949826575152298e-05,-0.007249999999886292
2025-09-11T13:03:57Z,18430.0,18430.3,1953,1529.57265,1529.57265,0.10597000000007029,8.882767838987148e-05,-0.0069500000006558205
2025-09-11T13:03:57Z,18430.0,18430.4,1954,1529.57206,1529.57206,0.10537999999996828,8.83331202105844e-05,-0.0031999999997690542
2025-09-11T13:03:57Z,18430.0,18430.5,1955,1529.57201,1529.57201,0.10533000000009451,8.82912085005884e-05,-0.0044000000003238116
2025-09-11T13:03:57Z,18430.0,18430.6,1956,1529.57118,1529.57118,0.10449999999991633,8.75954741127487e-05,-0.004600000001009463
2025-09-11T13:03:57Z,18430.0,18430.7,1957,1529.57109,1529.57109,0.10440999999991618,8.752003303456529e-05,-0.0045499999999972784
2025-09-11T13:03:57Z,18430.0,18430.8,1958,1529.57027,1529.57027,0.10358999999994012,8.683268098891539e-05,-0.0073999999995089105
2025-09-11T13:03:57Z,18430.0,18430.9,1959,1529.56961,1529.56961,0.10293000000001484,8.62794464156339e-05,-0.005149999999431554
2025-09-11T13:03:57Z,18431.0,18431.0,1960,1529.56924,1529.56924,0.10256000000003951,8.596929976090107e-05,-0.004649999999696175
2025-09-11T13:03:58Z,18431.0,18431.1,1961,1529.56868,1529.56868,0.10200000000008913,8.54998886078022e-05,-0.006799999999816286
2025-09-11T13:03:58Z,18431.0,18431.2,1962,1529.56788,1529.56788,0.10120000000006257,8.482930124615069e-05,-0.00555000000065764
2025-09-11T13:03:58Z,18431.0,18431.3,1963,1529.56757,1529.56757,0.10088999999993575,8.456944864341307e-05,-0.003500000000230985
2025-09-11T13:03:58Z,18431.0,18431.4,1964,1529.56718,1529.56718,0.10050000000001091,8.424253730468181e-05,-0.004149999999748077
2025-09-11T13:03:58Z,18431.0,18431.5,1965,1529.56674,1529.56674,0.10005999999998494,8.387371425576396e-05,-0.00594999999984358
2025-09-11T13:03:58Z,18431.0,18431.6,1966,1529.56599,1529.56599,0.09931000000005952,8.324503860429907e-05,-0.005300000000321936
2025-09-11T13:03:58Z,18431.0,18431.7,1967,1529.56568,1529.56568,0.0989999999999327,8.298518600156144e-05,-0.002900000000618408
2025-09-11T13:03:58Z,18431.0,18431.8,1968,1529.56541,1529.56541,0.09872999999993226,8.27588627670112e-05,-0.002449999999498853
2025-09-11T13:03:58Z,18431.0,18431.9,1969,1529.56519,1529.56519,0.09851000000003296,8.257445124264756e-05,-0.0037499999996698508
2025-09-11T13:03:58Z,18432.0,18432.0,1970,1529.56466,1529.56466,0.09798000000000684,8.213018711554631e-05,-0.004599999999821747
2025-09-11T13:03:59Z,18432.0,18432.1,1971,1529.56427,1529.56427,0.097590000000082,8.180327577681506e-05,-0.0052500000003192215
2025-09-11T13:03:59Z,18432.0,18432.2,1972,1529.56361,1529.56361,0.09692999999992935,8.125004120334298e-05,-0.004099999999774451
2025-09-11T13:03:59Z,18432.0,18432.3,1973,1529.56345,1529.56345,0.09677000000010594,8.111592373116515e-05,-0.003599999999919945
2025-09-11T13:03:59Z,18432.0,18432.4,1974,1529.56289,1529.56289,0.09620999999992819,8.064651257787569e-05,-0.006000000000760342
2025-09-11T13:03:59Z,18432.0,18432.5,1975,1529.56225,1529.56225,0.09556999999995242,8.011004268859261e-05,-0.00394999999917961
2025-09-11T13:03:59Z,18432.0,18432.6,1976,1529.5621,1529.5621,0.09542000000010376,7.9984307558414e-05,-0.00194999999960066
2025-09-11T13:03:59Z,18432.0,18432.7,1977,1529.56186,1529.56186,0.09518000000002758,7.978313134986137e-05,-0.003700000000924075
2025-09-11T13:03:59Z,18432.0,18432.8,1978,1529.56136,1529.56136,0.09467999999992571,7.936401424875771e-05,-0.004700000000632976
2025-09-11T13:03:59Z,18432.0,18432.9,1979,1529.56092,1529.56092,0.09423999999989974,7.899519119983985e-05,-0.003449999999200537
2025-09-11T13:03:59Z,18433.0,18433.0,1980,1529.56067,1529.56067,0.09399000000007618,7.878563264947862e-05,-0.0030999999990395377
2025-09-11T13:04:00Z,18433.0,18433.1,1981,1529.5603,1529.5603,0.09362000000010084,7.847548599474577e-05,-0.0026500000001591917
2025-09-11T13:04:00Z,18433.0,18433.2,1982,1529.56014,1529.56014,0.09346000000005006,7.834136852237736e-05,-0.003550000000190068
2025-09-11T13:04:00Z,18433.0,18433.3,1983,1529.55959,1529.55959,0.09291000000007443,7.788033971127768e-05,-0.0045000000000273155
2025-09-11T13:04:00Z,18433.0,18433.4,1984,1529.55924,1529.55924,0.0925600000000486,7.758695774054324e-05,-0.0037000000008840517
2025-09-11T13:04:00Z,18433.0,18433.5,1985,1529.55885,1529.55885,0.09216999999989639,7.72600464016214e-05,-0.004750000000582066
2025-09-11T13:04:00Z,18433.0,18433.6,1986,1529.55827,1529.55829,0.09160999999994601,7.679063524852253e-05,-0.0028999999995870662
2025-09-11T13:04:00Z,18433.0,18433.7,1987,1529.55829,1529.55827,0.09158999999999651,7.677387056452413e-05,-0.0033999999994779873
2025-09-11T13:04:00Z,18433.0,18433.8,1988,1529.55761,1529.55761,0.09093000000007123,7.622063599124265e-05,-0.004300000000580229
2025-09-11T13:04:00Z,18433.0,18433.9,1989,1529.55741,1529.55741,0.09072999999989406,7.605298915068682e-05,-0.0011500000004720512
2025-09-11T13:04:00Z,18434.0,18434.0,1990,1529.5573,1529.55738,0.0906999999999698,7.602784212468922e-05,-0.000549999999756301
2025-09-11T13:04:01Z,18434.0,18434.1,1991,1529.55738,1529.5573,0.09061999999994441,7.596078338850501e-05,-0.004299999999232362
2025-09-11T13:04:01Z,18434.0,18434.2,1992,1529.55652,1529.55652,0.08984000000009473,7.530696071104251e-05,-0.005899999999792627
2025-09-11T13:04:01Z,18434.0,18434.3,1993,1529.55612,1529.55612,0.08943999999996777,7.497166703012147e-05,-0.0023000000010677257
2025-09-11T13:04:01Z,18434.0,18434.4,1994,1529.55606,1529.55606,0.08937999999989188,7.492137297793567e-05,-0.0026500000001955515
2025-09-11T13:04:01Z,18434.0,18434.5,1995,1529.55559,1529.55559,0.08890999999994165,7.45274029030202e-05,-0.003699999999807191
2025-09-11T13:04:01Z,18434.0,18434.6,1996,1529.55532,1529.55532,0.08863999999994121,7.430107966846997e-05,-0.0028499999996098313
2025-09-11T13:04:01Z,18434.0,18434.7,1997,1529.55485,1529.55502,0.08834000000001652,7.404960940792214e-05,-0.0023499999997189658
2025-09-11T13:04:01Z,18434.0,18434.8,1998,1529.55502,1529.55485,0.08816999999999098,7.390710959355451e-05,-0.0028999999994451797
2025-09-11T13:04:01Z,18434.0,18434.9,1999,1529.55444,1529.55444,0.08776000000011663,7.356343357082486e-05,-0.002499999999305169
2025-09-11T13:04:01Z,18435.0,18435.0,2000,1529.55435,1529.55435,0.08767000000011649,7.348799249264145e-05,-0.000850000000140072
2025-09-11T13:04:02Z,18435.0,18435.1,2001,1529.55427,1529.55427,0.0875900000000911,7.342093375645724e-05,-0.0034000000004038022
2025-09-11T13:04:02Z,18435.0,18435.2,2002,1529.55367,1529.55367,0.08699000000001433,7.291799323517097e-05,-0.004250000000559362
2025-09-11T13:04:02Z,18435.0,18435.3,2003,1529.55342,1529.55342,0.0867399999999634,7.270843468461915e-05,-0.0036499999998244603
2025-09-11T13:04:02Z,18435.0,18435.4,2004,1529.55294,1529.55294,0.08626000000003842,7.230608226770448e-05,-0.002999999999170555
2025-09-11T13:04:02Z,18435.0,18435.5,2005,1529.55282,1529.55282,0.08614000000011401,7.220549416352346e-05,-0.003450000000434772
2025-09-11T13:04:02Z,18435.0,18435.6,2006,1529.55225,1529.55225,0.08556999999996151,7.17277006682348e-05,-0.0039500000003082625
2025-09-11T13:04:02Z,18435.0,18435.7,2007,1529.55203,1529.55203,0.08535000000006221,7.154328914387118e-05,-0.0024499999994989086
2025-09-11T13:04:02Z,18435.0,18435.8,2008,1529.55166,1529.55176,0.08508000000006177,7.131696590932093e-05,-0.0018499999999008754
2025-09-11T13:04:02Z,18435.0,18435.9,2009,1529.55176,1529.55166,0.08498000000008687,7.123314248913833e-05,-0.0019500000007885432
2025-09-11T13:04:02Z,18436.0,18436.0,2010,1529.55137,1529.55137,0.08468999999990956,7.09900545703991e-05,-0.0027000000000436675
2025-09-11T13:04:03Z,18436.0,18436.1,2011,1529.55112,1529.55112,0.084440000000086,7.078049602003785e-05,-0.0025499999992351086
2025-09-11T13:04:03Z,18436.0,18436.2,2012,1529.55064,1529.55086,0.08418000000006032,7.056255512748683e-05,-0.0024000000007458056
2025-09-11T13:04:03Z,18436.0,18436.3,2013,1529.55086,1529.55064,0.08395999999993364,7.03781436029326e-05,-0.0027999999997199154
2025-09-11T13:04:03Z,18436.0,18436.4,2014,1529.55029,1529.5503,0.08362000000010994,7.009314397438796e-05,-0.001750000000062757
2025-09-11T13:04:03Z,18436.0,18436.5,2015,1529.5503,1529.55029,0.08360999999990781,7.008476163219816e-05,-0.0018000000000290561
2025-09-11T13:04:03Z,18436.0,18436.6,2016,1529.54994,1529.54994,0.08326000000010936,6.979137966165431e-05,-0.003299999999621661
2025-09-11T13:04:03Z,18436.0,18436.7,2017,1529.54963,1529.54963,0.08294999999998254,6.953152705891667e-05,-0.003400000000509329
2025-09-11T13:04:03Z,18436.0,18436.8,2018,1529.54926,1529.54926,0.0825800000000072,6.922138040418384e-05,-0.0026500000001591917
2025-09-11T13:04:03Z,18436.0,18436.9,2019,1529.5491,1529.5491,0.08241999999995642,6.908726293181541e-05,-0.00175000000012826
2025-09-11T13:04:03Z,18437.0,18437.0,2020,1529.54891,1529.54891,0.08222999999998137,6.892799843344939e-05,-0.0015499999995198244
2025-09-11T13:04:04Z,18437.0,18437.1,2021,1529.54861,1529.54879,0.08211000000005697,6.882741032926838e-05,-0.0014999999996070934
2025-09-11T13:04:04Z,18437.0,18437.2,2022,1529.54879,1529.54861,0.08193000000005668,6.867652817290155e-05,-0.002400000000774838
2025-09-11T13:04:04Z,18437.0,18437.3,2023,1529.54831,1529.54831,0.08162999999990461,6.842505791216313e-05,-0.002450000000646657
2025-09-11T13:04:04Z,18437.0,18437.4,2024,1529.54812,1529.54812,0.08143999999992957,6.82657934137971e-05,-0.002749999999899
2025-09-11T13:04:04Z,18437.0,18437.5,2025,1529.54776,1529.54776,0.08107999999992899,6.796402910106345e-05,-0.0027000000000436675
2025-09-11T13:04:04Z,18437.0,18437.6,2026,1529.54753,1529.54758,0.0808999999999287,6.781314694469663e-05,-0.0011499999993897503
2025-09-11T13:04:04Z,18437.0,18437.7,2027,1529.54758,1529.54753,0.08085000000005493,6.777123523470063e-05,-0.002200000000183777
2025-09-11T13:04:04Z,18437.0,18437.8,2028,1529.54714,1529.54714,0.08045999999990272,6.744432389577878e-05,-0.0034000000005165454
2025-09-11T13:04:04Z,18437.0,18437.9,2029,1529.54685,1529.54685,0.08016999999995278,6.720123597723014e-05,-0.0023499999997226295
2025-09-11T13:04:04Z,18438.0,18438.0,2030,1529.54667,1529.54667,0.07998999999995249,6.705035382086332e-05,-0.0022999999999108733
2025-09-11T13:04:05Z,18438.0,18438.1,2031,1529.54639,1529.54639,0.0797099999999773,6.681564824431389e-05,-0.002049999999391594
2025-09-11T13:04:05Z,18438.0,18438.2,2032,1529.54611,1529.54626,0.07958000000007814,6.670667779813367e-05,-0.0013999999998744461
2025-09-11T13:04:05Z,18438.0,18438.3,2033,1529.54626,1529.54611,0.07943000000000211,6.658094266776445e-05,-0.002400000000720326
2025-09-11T13:04:05Z,18438.0,18438.4,2034,1529.54578,1529.54578,0.07909999999992579,6.630432538102842e-05,-0.0019499999995680195
2025-09-11T13:04:05Z,18438.0,18438.5,2035,1529.54572,1529.54572,0.07904000000007727,6.62540313290332e-05,-0.0018000000000291116
2025-09-11T13:04:05Z,18438.0,18438.6,2036,1529.54525,1529.54542,0.0787399999999252,6.600256106829477e-05,-0.0023500000009031297
2025-09-11T13:04:05Z,18438.0,18438.7,2037,1529.54542,1529.54525,0.07856999999989966,6.586006125392715e-05,-0.001149999999346063
2025-09-11T13:04:05Z,18438.0,18438.8,2038,1529.54519,1529.54519,0.07851000000005115,6.580976720193194e-05,-0.0015499999994570413
2025-09-11T13:04:05Z,18438.0,18438.9,2039,1529.54487,1529.54494,0.07826000000000022,6.56002086513801e-05,-0.0016000000004692816
2025-09-11T13:04:05Z,18439.0,18439.0,2040,1529.54494,1529.54487,0.07818999999994958,6.554153225719511e-05,-0.001903157895033536
2025-09-11T13:04:06Z,18439.0,18439.11111111111,2041,1529.54451,1529.54451,0.077829999999949,6.523976794446146e-05,-0.0026549999994501805
2025-09-11T13:04:06Z,18439.0,18439.222222222223,2042,1529.54428,1529.54428,0.07760000000007494,6.504697407809863e-05,-0.001439999999410635
2025-09-11T13:04:06Z,18439.0,18439.333333333332,2043,1529.54419,1529.54419,0.0775100000000748,6.497153299991521e-05,-0.002429999999946475
2025-09-11T13:04:06Z,18439.0,18439.444444444445,2044,1529.54374,1529.54374,0.07706000000007407,6.459432760899816e-05,-0.002745000000184128
2025-09-11T13:04:06Z,18439.0,18439.555555555555,2045,1529.54358,1529.54358,0.07690000000002328,6.446021013662974e-05,-0.0019350000002107959
2025-09-11T13:04:06Z,18439.0,18439.666666666668,2046,1529.54331,1529.54331,0.07663000000002285,6.423388690207951e-05,-0.0012599999998477718
2025-09-11T13:04:06Z,18439.0,18439.777777777777,2047,1529.5433,1529.5433,0.0766200000000481,6.422550456008031e-05,-0.0011250000001932214
2025-09-11T13:04:06Z,18439.0,18439.88888888889,2048,1529.54306,1529.54306,0.07637999999997191,6.402432835152769e-05,-0.0010800000003055032
2025-09-11T13:04:06Z,18440.0,18440.0,2049,1529.54306,1529.54306,0.07637999999997191,6.402432835152769e-05,-0.001684210525678187
2025-09-11T13:04:07Z,18440.0,18440.1,2050,1529.54274,1529.54274,0.07606000000009772,6.375609340698144e-05,-0.001599999999423396
2025-09-11T13:04:07Z,18440.0,18440.2,2051,1529.54241,1529.54274,0.07606000000009772,6.375609340698144e-05,0.0
2025-09-11T13:04:07Z,18440.0,18440.3,2052,1529.54219,1529.54274,0.07606000000009772,6.375609340698144e-05,1.0158499999593482
2025-09-11T13:04:07Z,18440.0,18440.4,2053,1529.74591,1529.74591,0.2792300000000978,0.00023406013623474613,1.8995999999875652
2025-09-11T13:04:07Z,18440.0,18440.5,2054,1529.92266,1529.92266,0.4559799999999541,0.0003822180314445848,2.071550000029579
2025-09-11T13:04:07Z,18440.0,18440.6,2055,1530.16022,1530.16022,0.6935399999999845,0.0005813489484804117,2.130850000000934
2025-09-11T13:04:07Z,18440.0,18440.7,2056,1530.34883,1530.34883,0.8821499999999105,0.0007394483013264622,1.8737999999923547
2025-09-11T13:04:07Z,18440.0,18440.8,2057,1530.53498,1530.53498,1.0682999999999083,0.000895485598035563,1.8063499999959554
2025-09-11T13:04:07Z,18440.0,18440.9,2058,1530.7101,1530.7101,1.2434200000000146,0.0010422771714962917,1.8987499999987518
2025-09-11T13:04:07Z,18441.0,18441.0,2059,1530.91473,1530.91473,1.4480499999999665,0.0012138050362589894,1.7248511111304872
2025-09-11T13:04:08Z,18441.0,18441.125,2060,1531.08011,1531.08011,1.6134300000001076,0.0013524322085919113,1.9458400000003166
2025-09-11T13:04:08Z,18441.0,18441.25,2061,1531.40119,1531.40119,1.9345100000000457,0.001621572446181753,2.0759199999993143
2025-09-11T13:04:08Z,18441.0,18441.375,2062,1531.59909,1531.59909,2.132409999999936,0.0017874589947646932,1.5209199999999328
2025-09-11T13:04:08Z,18441.0,18441.5,2063,1531.78142,1531.78142,2.314740000000029,0.0019402942368220938,1.447360000000117
2025-09-11T13:04:08Z,18441.0,18441.625,2064,1531.96093,1531.96093,2.4942499999999654,0.002090765658429621,1.1988400000000183
2025-09-11T13:04:08Z,18441.0,18441.75,2065,1532.08113,1532.08113,2.6144500000000335,0.00219152140951447,0.9510000000000218
2025-09-11T13:04:08Z,18441.0,18441.875,2066,1532.19868,1532.19868,2.731999999999971,0.0022900558399638134,1.3361599999998361
2025-09-11T13:04:08Z,18442.0,18442.0,2067,1532.41517,1532.41517,2.9484899999999925,0.002471525162362723,1.3839600000001155
2025-09-11T13:04:09Z,18442.0,18442.125,2068,1532.54467,1532.54467,3.07799,0.0025800764915264616,0.9481599999999162
2025-09-11T13:04:09Z,18442.0,18442.25,2069,1532.65221,1532.65221,3.1855299999999716,0.002670220197613448,0.9492000000000189
2025-09-11T13:04:09Z,18442.0,18442.375,2070,1532.78197,1532.78197,3.3152900000000045,0.0027789894676697375,0.8271599999998216
2025-09-11T13:04:09Z,18442.0,18442.5,2071,1532.859,1532.859,3.392319999999927,0.0028435586482525475,0.697320000000218
2025-09-11T13:04:09Z,18442.0,18442.625,2072,1532.9563,1532.9563,3.489620000000059,0.002925118836110814,0.7758000000003449
2025-09-11T13:04:09Z,18442.0,18442.75,2073,1533.05295,1533.05295,3.586270000000013,0.0030061341717376074,0.9356399999996938
2025-09-11T13:04:09Z,18442.0,18442.875,2074,1533.19021,1533.19021,3.7235299999999825,0.0031211901983091176,1.0409600000002683
2025-09-11T13:04:09Z,18443.0,18443.0,2075,1533.31319,1533.31319,3.8465100000000803,0.003224276240475654,0.6610523529415744
2025-09-11T13:04:10Z,18443.0,18443.11111111111,2076,1533.35476,1533.35476,3.8880799999999454,0.0032591216362541997,0.4021199999980922
2025-09-11T13:04:10Z,18443.0,18443.222222222223,2077,1533.40255,1533.40255,3.9358700000000226,0.003299180848769591,0.42646499999979426
2025-09-11T13:04:10Z,18443.0,18443.333333333332,2078,1533.44953,1533.44953,3.9828500000000986,0.0033385610915813314,0.536534999995375
2025-09-11T13:04:10Z,18443.0,18443.444444444445,2079,1533.52178,1533.52178,4.055100000000039,0.0033991235126784214,0.5018849999937913
2025-09-11T13:04:10Z,18443.0,18443.555555555555,2080,1533.56106,1533.56106,4.094380000000001,0.0034320493521343854,0.3145050000006435
2025-09-11T13:04:10Z,18443.0,18443.666666666668,2081,1533.59167,1533.59167,4.124990000000025,0.0034577077010587444,0.274319999999566
2025-09-11T13:04:10Z,18443.0,18443.777777777777,2082,1533.62202,1533.62202,4.155340000000024,0.0034831481090905523,0.13657500000421763
2025-09-11T13:04:10Z,18443.0,18443.88888888889,2083,1533.64842,1533.62202,4.155340000000024,0.0034831481090905523,-3.552713678800501e-15
2025-09-11T13:04:11Z,18444.0,18444.0,2084,1533.69682,1533.62202,4.155340000000024,0.0034831481090905523,-6.6884693748311745
2025-09-11T13:04:11Z,18444.0,18444.14285714286,2085,1531.43803,1531.43803,1.9713500000000295,0.0016524529941847655,-9.443384999868488
2025-09-11T13:04:11Z,18444.0,18444.285714285714,2086,1530.92391,1530.92391,1.4572299999999814,0.0012215000262336972,-2.4525900000336387
2025-09-11T13:04:11Z,18444.0,18444.428571428572,2087,1530.73729,1530.73729,1.2706100000000333,0.001065068759449681,-1.298045000002038
2025-09-11T13:04:11Z,18444.0,18444.571428571428,2088,1530.55304,1530.55304,1.0863600000000133,0.000910624107724431,-1.3700400000008055
2025-09-11T13:04:11Z,18444.0,18444.714285714286,2089,1530.34585,1530.34585,0.879169999999931,0.0007369503634044104,-1.856365000013358
2025-09-11T13:04:11Z,18444.0,18444.85714285714,2090,1530.02265,1530.02265,0.5559700000001158,0.00046603306930635436,-1.6563750000184714
2025-09-11T13:04:11Z,18445.0,18445.0,2091,1529.8726,1529.8726,0.4059199999999237,0.0003402560272906099,-1.267857500009787
2025-09-11T13:04:12Z,18445.0,18445.11111111111,2092,1529.71293,1529.71293,0.24624999999991815,0.00020641517225143032,-0.9810900000132521
2025-09-11T13:04:12Z,18445.0,18445.222222222223,2093,1529.65458,1529.65458,0.1878999999998996,0.00015750420656258243,-0.3000149999917724
2025-09-11T13:04:12Z,18445.0,18445.333333333332,2094,1529.64626,1529.64626,0.1795799999999872,0.00015053009800171182,-0.06664499999968765
2025-09-11T13:04:12Z,18445.0,18445.444444444445,2095,1529.63977,1529.63977,0.17309000000000196,0.00014508995803050702,-0.05683499999959596
2025-09-11T13:04:12Z,18445.0,18445.555555555555,2096,1529.63363,1529.63363,0.16695000000004256,0.00013994320003003668,-0.04972500000039859
2025-09-11T13:04:12Z,18445.0,18445.666666666668,2097,1529.62872,1529.62872,0.16203999999993357,0.00013582747009794588,-0.05701500000063575
2025-09-11T13:04:12Z,18445.0,18445.777777777777,2098,1529.62096,1529.62096,0.15427999999997155,0.00012932277269017415,-0.052830000000091526
2025-09-11T13:04:12Z,18445.0,18445.88888888889,2099,1529.61698,1529.61698,0.15030000000001564,0.00012598660056610566,-0.04414500000026367
2025-09-11T13:04:13Z,18446.0,18446.0,2100,1529.61115,1529.61115,0.1444699999999557,0.00012109969516818235,-0.03929823529492771
2025-09-11T13:04:13Z,18446.0,18446.125,2101,1529.60809,1529.60809,0.14140999999995074,0.00011853469850994639,-0.02408000000013999
2025-09-11T13:04:13Z,18446.0,18446.25,2102,1529.60513,1529.60513,0.1384499999999207,0.00011605352527189302,-0.022559999999430147
2025-09-11T13:04:13Z,18446.0,18446.375,2103,1529.60245,1529.60245,0.1357700000000932,0.0001138070576105797,-0.018399999999928696
2025-09-11T13:04:13Z,18446.0,18446.5,2104,1529.60053,1529.60053,0.13384999999993852,0.00011219764794253987,-0.013920000000325672
2025-09-11T13:04:13Z,18446.0,18446.625,2105,1529.59897,1529.59897,0.1322900000000118,0.00011089000258742427,-0.014519999999720312
2025-09-11T13:04:13Z,18446.0,18446.75,2106,1529.5969,1529.5969,0.13022000000000844,0.00010915485778920583,-0.01864000000023225
2025-09-11T13:04:13Z,18446.0,18446.875,2107,1529.59431,1529.59431,0.12762999999995372,0.0001069838312058853,-0.016959999999926367
2025-09-11T13:04:13Z,18447.0,18447.0,2108,1529.59266,1529.59266,0.12598000000002685,0.00010560074477258631,-0.01364000000012311
2025-09-11T13:04:14Z,18447.0,18447.125,2109,1529.5909,1529.5909,0.12421999999992295,0.00010412545257691489,-0.016679999999723805
2025-09-11T13:04:14Z,18447.0,18447.25,2110,1529.58849,1529.58849,0.1218100000000959,0.0001021053081501518,-0.015080000000125438
2025-09-11T13:04:14Z,18447.0,18447.375,2111,1529.58713,1529.58713,0.12044999999989159,0.00010096530963521084,-0.00988000000052125
2025-09-11T13:04:14Z,18447.0,18447.5,2112,1529.58602,1529.58602,0.11933999999996558,0.0001000348696710123,-0.010159999999814318
2025-09-11T13:04:14Z,18447.0,18447.625,2113,1529.58459,1529.58459,0.11790999999993801,9.883619476207694e-05,-0.010279999999511347
2025-09-11T13:04:14Z,18447.0,18447.75,2114,1529.58345,1529.58345,0.11677000000008775,9.788060777188079e-05,-0.01239999999961583
2025-09-11T13:04:14Z,18447.0,18447.875,2115,1529.58149,1529.58149,0.11481000000003405,9.623766873584415e-05,-0.012880000000222935
2025-09-11T13:04:14Z,18448.0,18448.0,2116,1529.58023,1529.58023,0.11355000000003201,9.51814936412764e-05,-0.010035555555511944
2025-09-11T13:04:15Z,18448.0,18448.1,2117,1529.57923,1529.57923,0.11255000000005566,9.434325943925967e-05,-0.009049999999889868
2025-09-11T13:04:15Z,18448.0,18448.2,2118,1529.57842,1529.57842,0.11174000000005435,9.366428973560898e-05,-0.008599999999874597
2025-09-11T13:04:15Z,18448.0,18448.3,2119,1529.57751,1529.57751,0.11083000000007814,9.290149661177567e-05,-0.009049999999857117
2025-09-11T13:04:15Z,18448.0,18448.4,2120,1529.57661,1529.57661,0.10993000000007669,9.214708582994155e-05,-0.009449999999997294
2025-09-11T13:04:15Z,18448.0,18448.5,2121,1529.57562,1529.57562,0.10894000000007509,9.131723396992404e-05,-0.008150000000005542
2025-09-11T13:04:15Z,18448.0,18448.6,2122,1529.57498,1529.57498,0.10830000000009932,9.078076408064096e-05,-0.007350000000708623
2025-09-11T13:04:15Z,18448.0,18448.7,2123,1529.57415,1529.57415,0.10746999999992113,9.008502969280127e-05,-0.008250000000739388
2025-09-11T13:04:15Z,18448.0,18448.8,2124,1529.57333,1529.57333,0.10664999999994507,8.939767764715136e-05,-0.008599999999841734
2025-09-11T13:04:15Z,18448.0,18448.9,2125,1529.57243,1529.57243,0.10574999999994361,8.864326686531725e-05,-0.008549999999966418
2025-09-11T13:04:15Z,18449.0,18449.0,2126,1529.57162,1529.57162,0.1049399999999423,8.796429716166656e-05,-0.00737526315790632
2025-09-11T13:04:16Z,18449.0,18449.11111111111,2127,1529.57089,1529.57089,0.10420999999996639,8.735238619420006e-05,-0.00328499999999321
2025-09-11T13:04:16Z,18449.0,18449.222222222223,2128,1529.57004,1529.57089,0.10420999999996639,8.735238619420006e-05,0.0
2025-09-11T13:04:16Z,18449.0,18449.333333333332,2129,1529.56946,1529.57089,0.10420999999996639,8.735238619420006e-05,0.24025499999185768
2025-09-11T13:04:16Z,18449.0,18449.444444444445,2130,1529.62428,1529.62428,0.15760000000000218,0.00013210571024096116,1.9690200000454963
2025-09-11T13:04:16Z,18449.0,18449.555555555555,2131,1530.00845,1530.00845,0.5417700000000423,0.0004541301436373738,2.5942950000239877
2025-09-11T13:04:16Z,18449.0,18449.666666666668,2132,1530.20079,1530.20079,0.7341100000001006,0.0006153561100571317,1.7133749999964598
2025-09-11T13:04:16Z,18449.0,18449.777777777777,2133,1530.3892,1530.3892,0.9225200000000768,0.0007732878160628169,1.82371499999237
2025-09-11T13:04:16Z,18449.0,18449.88888888889,2134,1530.60606,1530.60606,1.1393800000000738,0.0009550672851164593,1.9079549999951109
2025-09-11T13:04:16Z,18450.0,18450.0,2135,1530.81319,1530.81319,1.3465100000000803,0.001128690735384294,1.6689150000241426
2025-09-11T13:04:17Z,18450.0,18450.11111111111,2136,1530.97693,1530.97693,1.5102500000000418,0.0012659432036257255,2.165129999972831
2025-09-11T13:04:17Z,18450.0,18450.222222222223,2137,1531.29433,1531.29433,1.8276499999999487,0.0015319987393520465,2.1550949999733
2025-09-11T13:04:17Z,18450.0,18450.333333333332,2138,1531.45584,1531.45584,1.9891600000000835,0.0016673819453230816,1.4527349999976877
2025-09-11T13:04:17Z,18450.0,18450.444444444445,2139,1531.61716,1531.61716,2.150480000000016,0.0018026058867955603,1.5476850000003228
2025-09-11T13:04:17Z,18450.0,18450.555555555555,2140,1531.79977,1531.79977,2.333090000000084,0.0019556758344295103,1.5050250000020693
2025-09-11T13:04:17Z,18450.0,18450.666666666668,2141,1531.95161,1531.95161,2.4849300000000767,0.0020829533156667334,1.2895199999951714
2025-09-11T13:04:17Z,18450.0,18450.777777777777,2142,1532.08633,1532.08633,2.6196500000000924,0.0021958802273651097,1.2323699999971662
2025-09-11T13:04:17Z,18450.0,18450.88888888889,2143,1532.22547,1532.22547,2.75879000000009,0.0023125121342364723,1.0358999999908889
2025-09-11T13:04:17Z,18451.0,18451.0,2144,1532.31653,1532.31653,2.8498500000000604,0.002388841740673895,1.0740978947522581
2025-09-11T13:04:18Z,18451.0,18451.1,2145,1532.44685,1532.44685,2.9801700000000437,0.0024980804218832837,1.236799999997137
2025-09-11T13:04:18Z,18451.0,18451.2,2146,1532.56389,1532.56389,3.0972099999999045,0.0025961873528895243,1.1385499999941384
2025-09-11T13:04:18Z,18451.0,18451.3,2147,1532.67456,1532.67456,3.207879999999932,0.0026889547320289313,1.129999999995606
2025-09-11T13:04:18Z,18451.0,18451.4,2148,1532.78989,1532.78989,3.3232100000000173,0.0027856282825498777,1.0619499999935194
2025-09-11T13:04:18Z,18451.0,18451.5,2149,1532.88695,1532.88695,3.420270000000073,0.0028669872941995914,0.9479500000135594
2025-09-11T13:04:18Z,18451.0,18451.6,2150,1532.97948,1532.97948,3.51279999999997,0.0029445491049139463,0.971949999994191
2025-09-11T13:04:18Z,18451.0,18451.7,2151,1533.08134,1533.08134,3.614659999999958,0.0030299316407333787,0.9069999999923404
2025-09-11T13:04:18Z,18451.0,18451.8,2152,1533.16088,1533.16088,3.69419999999991,0.0030966047891633247,0.794599999997537
2025-09-11T13:04:18Z,18451.0,18451.9,2153,1533.24026,1533.24026,3.773580000000038,0.003163143820121093,0.7305999999955901
2025-09-11T13:04:18Z,18452.0,18452.0,2154,1533.307,1533.307,3.8403200000000197,0.0032190875707649967,0.7592000000110133
2025-09-11T13:04:19Z,18452.0,18452.1,2155,1533.3921,1533.3921,3.925420000000031,0.0032904213013583163,0.7154000000026031
2025-09-11T13:04:19Z,18452.0,18452.2,2156,1533.45008,1533.45008,3.983400000000074,0.0033390221203924314,0.5617999999977066
2025-09-11T13:04:19Z,18452.0,18452.3,2157,1533.50446,1533.50446,4.037780000000112,0.0033846052962992097,0.5225499999983292
2025-09-11T13:04:19Z,18452.0,18452.4,2158,1533.55459,1533.55459,4.087909999999965,0.003426625976847179,0.449949999996214
2025-09-11T13:04:19Z,18452.0,18452.5,2159,1533.59445,1533.59445,4.127770000000055,0.003460037992140431,0.34305000000517083
2025-09-11T13:04:19Z,18452.0,18452.6,2160,1533.6232,1533.6232,4.15652,0.003484137225448936,0.2865999999984439
2025-09-11T13:04:19Z,18452.0,18452.7,2161,1533.65177,1533.65177,4.185089999999946,0.003508085576601074,0.268049999998059
2025-09-11T13:04:19Z,18452.0,18452.8,2162,1533.67681,1533.67681,4.2101299999999355,0.0035290749610200605,0.2043500000011349
2025-09-11T13:04:19Z,18452.0,18452.9,2163,1533.69264,1533.69264,4.225959999999986,0.003542344208438342,0.07914999999708883
2025-09-11T13:04:19Z,18453.0,18453.0,2164,1533.71031,1533.69264,4.225959999999986,0.003542344208438342,3.552713678800501e-15
2025-09-11T13:04:20Z,18453.0,18453.11111111111,2165,1533.72418,1533.69264,4.225959999999986,0.003542344208438342,-3.891824999865193
2025-09-11T13:04:20Z,18453.0,18453.222222222223,2166,1532.82779,1532.82779,3.3611100000000533,0.0028173973588070927,-11.768265000109212
2025-09-11T13:04:20Z,18453.0,18453.333333333332,2167,1531.07747,1531.07747,1.6107899999999518,0.001350219270298404,-8.573490000219918
2025-09-11T13:04:20Z,18453.0,18453.444444444445,2168,1530.92257,1530.92257,1.455889999999954,0.0012203767924029454,-1.4198849999976009
2025-09-11T13:04:20Z,18453.0,18453.555555555555,2169,1530.76194,1530.76194,1.2952600000000984,0.0010857312325299364,-1.6058699999912474
2025-09-11T13:04:20Z,18453.0,18453.666666666668,2170,1530.56571,1530.56571,1.0990300000000843,0.0009212445350642935,-1.6406999999934042
2025-09-11T13:04:20Z,18453.0,18453.777777777777,2171,1530.39734,1530.39734,0.9306599999999889,0.0007801110424673207,-1.5969599999948438
2025-09-11T13:04:20Z,18453.0,18453.88888888889,2172,1530.21083,1530.21083,0.7441499999999905,0.0006237719814454863,-1.5712649999934403
2025-09-11T13:04:20Z,18454.0,18454.0,2173,1530.04817,1530.04817,0.5814900000000307,0.0004874248061422557,-1.4993400000213541
2025-09-11T13:04:21Z,18454.0,18454.1,2174,1529.89505,1529.89505,0.4283700000000863,0.00035907438512646666,-1.676099999988309
2025-09-11T13:04:21Z,18454.0,18454.2,2175,1529.71295,1529.71295,0.24627000000009502,0.00020643193693561932,-1.149399999971855
2025-09-11T13:04:21Z,18454.0,18454.3,2176,1529.66517,1529.66517,0.1984899999999925,0.00016638110676222732,-0.28060000000711227
2025-09-11T13:04:21Z,18454.0,18454.4,2177,1529.65683,1529.65683,0.19014999999990323,0.0001593902335171677,-0.0659499999986003
2025-09-11T13:04:21Z,18454.0,18454.5,2178,1529.65198,1529.65198,0.1853000000000975,0.00015532479763745333,-0.058550000000820446
2025-09-11T13:04:21Z,18454.0,18454.6,2179,1529.64512,1529.64512,0.17843999999990956,0.00014957451101132508,-0.05845000000037748
2025-09-11T13:04:21Z,18454.0,18454.7,2180,1529.64029,1529.64029,0.17361000000005333,0.0001455258398156091,-0.04614999999919689
2025-09-11T13:04:21Z,18454.0,18454.8,2181,1529.63589,1529.63589,0.16921000000002095,0.00014183760932662116,-0.04469999999950525
2025-09-11T13:04:21Z,18454.0,18454.9,2182,1529.63135,1529.63135,0.16467000000011467,0.0001380320260494538,-0.042349999999677146
2025-09-11T13:04:21Z,18455.0,18455.0,2183,1529.62742,1529.62742,0.16074000000003252,0.00013473776563538133,-0.04856526315940202
2025-09-11T13:04:22Z,18455.0,18455.11111111111,2184,1529.62088,1529.62088,0.15419999999994616,0.00012925571395398994,-0.04045500000070812
2025-09-11T13:04:22Z,18455.0,18455.222222222223,2185,1529.61843,1529.61843,0.15174999999999272,0.00012720204015903943,-0.021149999999738878
2025-09-11T13:04:22Z,18455.0,18455.333333333332,2186,1529.61618,1529.61618,0.14949999999998909,0.00012531601320445418,-0.020789999999637043
2025-09-11T13:04:22Z,18455.0,18455.444444444445,2187,1529.61381,1529.61381,0.14713000000006105,0.00012332939814568787,-0.02209499999945219
2025-09-11T13:04:22Z,18455.0,18455.555555555555,2188,1529.61127,1529.61127,0.14459000000010747,0.00012120028327255396,-0.021465000000041257
2025-09-11T13:04:22Z,18455.0,18455.666666666668,2189,1529.60904,1529.60904,0.14236000000005333,0.00011933102100196709,-0.019665000000437582
2025-09-11T13:04:22Z,18455.0,18455.777777777777,2190,1529.6069,1529.6069,0.14021999999999935,0.00011753719980956364,-0.016649999999968412
2025-09-11T13:04:22Z,18455.0,18455.88888888889,2191,1529.60534,1529.60534,0.13866000000007261,0.00011622955445444805,-0.014490000000239034
2025-09-11T13:04:22Z,18456.0,18456.0,2192,1529.60368,1529.60368,0.1369999999999436,0.00011483808567895925,-0.015129473684993733
2025-09-11T13:04:23Z,18456.0,18456.1,2193,1529.60215,1529.60215,0.13546999999994114,0.00011355558734984127,-0.015799999999823622
2025-09-11T13:04:23Z,18456.0,18456.2,2194,1529.60052,1529.60052,0.13383999999996377,0.00011218926560054066,-0.015749999999948194
2025-09-11T13:04:23Z,18456.0,18456.3,2195,1529.599,1529.599,0.13231999999993604,0.00011091514961342188,-0.01779999999923787
2025-09-11T13:04:23Z,18456.0,18456.4,2196,1529.59696,1529.59696,0.13028000000008433,0.00010920515184139163,-0.01509999999914513
2025-09-11T13:04:23Z,18456.0,18456.5,2197,1529.59598,1529.59598,0.12930000000005748,0.00010838368232337331,-0.01075000000030013
2025-09-11T13:04:23Z,18456.0,18456.6,2198,1529.59481,1529.59481,0.1281300000000556,0.00010740294830698896,-0.013300000000420309
2025-09-11T13:04:23Z,18456.0,18456.7,2199,1529.59332,1529.59332,0.12663999999995212,0.00010615397934586779,-0.012400000000389322
2025-09-11T13:04:23Z,18456.0,18456.8,2200,1529.59233,1529.59233,0.12564999999995052,0.00010532412748585027,-0.01124999999992815
2025-09-11T13:04:23Z,18456.0,18456.9,2201,1529.59107,1529.59107,0.12438999999994849,0.00010426795239128252,-0.013249999999491613
2025-09-11T13:04:23Z,18457.0,18457.0,2202,1529.58968,1529.58968,0.1230000000000473,0.00010310280685053455,-0.010811578946903655
2025-09-11T13:04:24Z,18457.0,18457.11111111111,2203,1529.58886,1529.58886,0.12218000000007123,0.00010241545480488465,-0.009404999999704455
2025-09-11T13:04:24Z,18457.0,18457.222222222223,2204,1529.58759,1529.58759,0.12091000000009444,0.00010135089736831769,-0.011925000000582164
2025-09-11T13:04:24Z,18457.0,18457.333333333332,2205,1529.58621,1529.58621,0.11952999999994063,0.00010019413416937832,-0.009675000000201717
2025-09-11T13:04:24Z,18457.0,18457.444444444445,2206,1529.58544,1529.58544,0.1187600000000657,9.954869383391503e-05,-0.009179999999389787
2025-09-11T13:04:24Z,18457.0,18457.555555555555,2207,1529.58417,1529.58417,0.11749000000008891,9.848413639734807e-05,-0.013364999999933902
2025-09-11T13:04:24Z,18457.0,18457.666666666668,2208,1529.58247,1529.58247,0.1157900000000609,9.705913825386247e-05,-0.008685000000350107
2025-09-11T13:04:24Z,18457.0,18457.777777777777,2209,1529.58224,1529.58224,0.11555999999995947,9.686634438730904e-05,-0.004995000000585281
2025-09-11T13:04:24Z,18457.0,18457.88888888889,2210,1529.58136,1529.58136,0.11467999999990752,9.612869828947333e-05,-0.00949499999959491
2025-09-11T13:04:24Z,18458.0,18458.0,2211,1529.58013,1529.58013,0.11345000000005712,9.509767022109378e-05,-0.00931500000015062
2025-09-11T13:04:25Z,18458.0,18458.11111111111,2212,1529.57929,1529.57929,0.11260999999990418,9.439355349125489e-05,-0.0037800000008052503
2025-09-11T13:04:25Z,18458.0,18458.222222222223,2213,1529.57865,1529.57929,0.11260999999990418,9.439355349125489e-05,1.1102230246251565e-16
2025-09-11T13:04:25Z,18458.0,18458.333333333332,2214,1529.57797,1529.57929,0.11260999999990418,9.439355349125489e-05,0.4503599999851633
2025-09-11T13:04:25Z,18458.0,18458.444444444445,2215,1529.67937,1529.67937,0.212690000000066,0.00017828403243120785,1.370745000013521
2025-09-11T13:04:25Z,18458.0,18458.555555555555,2216,1529.8839,1529.8839,0.417220000000043,0.0003497280737737229,1.9745099999918114
2025-09-11T13:04:25Z,18458.0,18458.666666666668,2217,1530.11815,1530.11815,0.6514700000000175,0.000546084435600762,2.8272150000180805
2025-09-11T13:04:25Z,18458.0,18458.777777777777,2218,1530.51217,1530.51217,1.0454899999999725,0.0008763654758871633,2.4079050000332587
2025-09-11T13:04:25Z,18458.0,18458.88888888889,2219,1530.65324,1530.65324,1.1865600000000995,0.000994615174768565,1.5546600000062893
2025-09-11T13:04:25Z,18459.0,18459.0,2220,1530.85765,1530.85765,1.3909699999999248,0.0011659586280067084,2.6091450000377527
2025-09-11T13:04:26Z,18459.0,18459.11111111111,2221,1531.23305,1531.23305,1.7663700000000517,0.0014806317474513335,2.3960700000283888
2025-09-11T13:04:26Z,18459.0,18459.222222222223,2222,1531.39011,1531.39011,1.923430000000053,0.0016122848112231942,1.3910849999961403
2025-09-11T13:04:26Z,18459.0,18459.333333333332,2223,1531.54218,1531.54218,2.07549999999992,0.0017397550863267799,1.369754999997527
2025-09-11T13:04:26Z,18459.0,18459.444444444445,2224,1531.6945,1531.6945,2.227820000000065,0.0018674349199811079,1.2412349999936847
2025-09-11T13:04:26Z,18459.0,18459.555555555555,2225,1531.81801,1531.81801,2.3513299999999617,0.0019709652262745545,1.3353299999902433
2025-09-11T13:04:26Z,18459.0,18459.666666666668,2226,1531.99124,1531.99124,2.524560000000065,0.0021161725370934317,1.3613399999908644
2025-09-11T13:04:26Z,18459.0,18459.777777777777,2227,1532.12053,1532.12053,2.6538499999999203,0.0022245478370746152,1.1067299999999332
2025-09-11T13:04:26Z,18459.0,18459.88888888889,2228,1532.23718,1532.23718,2.7705000000000837,0.002322327856742315,1.031264999997818
2025-09-11T13:04:26Z,18460.0,18460.0,2229,1532.3497,1532.3497,2.8830199999999877,0.0024166459691553864,1.4743350000214495
2025-09-11T13:04:27Z,18460.0,18460.11111111111,2230,1532.56481,1532.56481,3.098130000000083,0.002596958528355547,1.7526600000030346
2025-09-11T13:04:27Z,18460.0,18460.222222222223,2231,1532.73918,1532.73918,3.2725000000000364,0.0027431214261646204,1.1523599999837266
2025-09-11T13:04:27Z,18460.0,18460.333333333332,2232,1532.82089,1532.82089,3.3542099999999664,0.002811613542812968,0.8876699999930153
2025-09-11T13:04:27Z,18460.0,18460.444444444445,2233,1532.93644,1532.93644,3.469759999999951,0.0029084715048582777,0.9286649999951457
2025-09-11T13:04:27Z,18460.0,18460.555555555555,2234,1533.02726,1533.02726,3.5605800000000727,0.0029845999350873384,0.7689600000007459
2025-09-11T13:04:27Z,18460.0,18460.666666666668,2235,1533.10732,1533.10732,3.640640000000076,0.003051708965302387,0.6999749999978206
2025-09-11T13:04:27Z,18460.0,18460.777777777777,2236,1533.18281,1533.18281,3.716130000000021,0.0031149872652140795,0.614475000000752
2025-09-11T13:04:27Z,18460.0,18460.88888888889,2237,1533.24387,1533.24387,3.7771900000000187,0.003166169845590429,0.6139350000010744
2025-09-11T13:04:27Z,18461.0,18461.0,2238,1533.31924,1533.31924,3.8525600000000395,0.0032293475573979408,0.6104721052720663
2025-09-11T13:04:28Z,18461.0,18461.1,2239,1533.37418,1533.37418,3.9075000000000273,0.003275400144457818,0.5298999999990066
2025-09-11T13:04:28Z,18461.0,18461.2,2240,1533.42522,1533.42522,3.9585400000000845,0.0033181836181298114,0.4907499999976608
2025-09-11T13:04:28Z,18461.0,18461.3,2241,1533.47233,1533.47233,4.00565000000006,0.003357672831387732,0.45589999999836905
2025-09-11T13:04:28Z,18461.0,18461.4,2242,1533.5164,1533.5164,4.049719999999979,0.0033946138126714153,0.3424999999944731
2025-09-11T13:04:28Z,18461.0,18461.5,2243,1533.54083,1533.54083,4.074149999999918,0.0034150918742271164,0.2467500000036118
2025-09-11T13:04:28Z,18461.0,18461.6,2244,1533.56575,1533.56575,4.099069999999983,0.0034359806705419223,0.2100000000013793
2025-09-11T13:04:28Z,18461.0,18461.7,2245,1533.58283,1533.58283,4.1161500000000615,0.003450297710712772,0.1808500000001274
2025-09-11T13:04:28Z,18461.0,18461.8,2246,1533.60192,1533.60192,4.135240000000067,0.003466299601629654,0.15720000000053247
2025-09-11T13:04:28Z,18461.0,18461.9,2247,1533.61427,1533.61427,4.1475900000000365,0.00347665179402478,0.06174999999737807
2025-09-11T13:04:28Z,18462.0,18462.0,2248,1533.62446,1533.61427,4.1475900000000365,0.00347665179402478,0.0
2025-09-11T13:04:29Z,18462.0,18462.1,2249,1533.63549,1533.61427,4.1475900000000365,0.00347665179402478,-10.596049999576303
2025-09-11T13:04:29Z,18462.0,18462.2,2250,1531.49506,1531.49506,2.02837999999997,0.00170025749072686,-12.371649999634151
2025-09-11T13:04:29Z,18462.0,18462.3,2251,1531.13994,1531.13994,1.6732600000000275,0.0014025837608996905,-2.3274000000364072
2025-09-11T13:04:29Z,18462.0,18462.4,2252,1531.02958,1531.02958,1.5628999999998996,0.0013100762343628302,-1.479600000008415
2025-09-11T13:04:29Z,18462.0,18462.5,2253,1530.84402,1530.84402,1.3773400000000038,0.0011545334958330165,-1.8552500000268397
2025-09-11T13:04:29Z,18462.0,18462.6,2254,1530.65853,1530.65853,1.1918499999999312,0.0009990494336971972,-2.0946499999838863
2025-09-11T13:04:29Z,18462.0,18462.7,2255,1530.42509,1530.42509,0.958409999999958,0.0008033720415738089,-1.9233499999776225
2025-09-11T13:04:29Z,18462.0,18462.8,2256,1530.27386,1530.27386,0.8071800000000167,0.0006766058831998715,-1.567699999991658
2025-09-11T13:04:29Z,18462.0,18462.9,2257,1530.11155,1530.11155,0.6448700000000827,0.0005405520898673754,-1.6030499999933778
2025-09-11T13:04:29Z,18463.0,18463.0,2258,1529.95325,1529.95325,0.4865700000000288,0.0004078596156849453,-1.5578000000231669
2025-09-11T13:04:30Z,18463.0,18463.1,2259,1529.79999,1529.79999,0.3333099999999831,0.0002793918418807863,-1.3815500000003025
2025-09-11T13:04:30Z,18463.0,18463.2,2260,1529.67694,1529.67694,0.21026000000006206,0.00017624712332025574,-0.6637499999769034
2025-09-11T13:04:30Z,18463.0,18463.3,2261,1529.66724,1529.66724,0.20055999999999585,0.00016811625156044576,-0.09279999999971233
2025-09-11T13:04:30Z,18463.0,18463.4,2262,1529.65838,1529.65838,0.19170000000008258,0.0001606894965304747,-0.07459999999959244
2025-09-11T13:04:30Z,18463.0,18463.5,2263,1529.65232,1529.65232,0.1856399999999212,0.00015560979726599795,-0.061200000000989574
2025-09-11T13:04:30Z,18463.0,18463.6,2264,1529.64614,1529.64614,0.1794600000000628,0.0001504295098975308,-0.060499999999419685
2025-09-11T13:04:30Z,18463.0,18463.7,2265,1529.64022,1529.64022,0.1735400000000027,0.00014546716342142408,-0.04524999999990631
2025-09-11T13:04:30Z,18463.0,18463.8,2266,1529.63709,1529.63709,0.1704099999999471,0.0001428434903690031,-0.03175000000042483
2025-09-11T13:04:30Z,18463.0,18463.9,2267,1529.63387,1529.63387,0.16718999999989137,0.00014014437623839873,-0.03454999999913133
2025-09-11T13:04:30Z,18464.0,18464.0,2268,1529.63018,1529.63018,0.16350000000011278,0.00013705129203306945,-0.03309999999990365
2025-09-11T13:04:31Z,18464.0,18464.1,2269,1529.62725,1529.62725,0.16057000000000698,0.00013459526582101371,-0.02840000000098597
2025-09-11T13:04:31Z,18464.0,18464.2,2270,1529.6245,1529.6245,0.15781999999990148,0.0001322901217653248,-0.02654999999991181
2025-09-11T13:04:31Z,18464.0,18464.3,2271,1529.62194,1529.62194,0.1552599999999984,0.00013014424220819247,-0.028199999999090508
2025-09-11T13:04:31Z,18464.0,18464.4,2272,1529.61886,1529.61886,0.15218000000004395,0.0001275624808659581,-0.024699999999854394
2025-09-11T13:04:31Z,18464.0,18464.5,2273,1529.617,1529.617,0.15031999999996515,0.00012600336525010408,-0.023600000001013255
2025-09-11T13:04:31Z,18464.0,18464.6,2274,1529.61414,1529.61414,0.14745999999991,0.00012360601543223333,-0.02124999999997179
2025-09-11T13:04:31Z,18464.0,18464.7,2275,1529.61275,1529.61275,0.1460700000000088,0.00012244086989148534,-0.019499999999785356
2025-09-11T13:04:31Z,18464.0,18464.8,2276,1529.61024,1529.61024,0.14355999999997948,0.00012033690204434904,-0.019800000000152806
2025-09-11T13:04:31Z,18464.0,18464.9,2277,1529.60879,1529.60879,0.1421100000000024,0.00011912146245141527,-0.01650000000041829
2025-09-11T13:04:31Z,18465.0,18465.0,2278,1529.60694,1529.60694,0.14025999999989835,0.00011757072917756044,-0.01886000000008292
2025-09-11T13:04:32Z,18465.0,18465.11111111111,2279,1529.6048,1529.6048,0.13812000000007174,0.00011577690798534758,-0.017189999999609684
2025-09-11T13:04:32Z,18465.0,18465.222222222223,2280,1529.60312,1529.60312,0.13643999999999323,0.00011436867452586038,-0.012330000000474572
2025-09-11T13:04:32Z,18465.0,18465.333333333332,2281,1529.60206,1529.60206,0.135379999999941,0.00011348014627165785,-0.014129999999960563
2025-09-11T13:04:32Z,18465.0,18465.444444444445,2282,1529.59998,1529.59998,0.1332999999999629,0.0001117366191314402,-0.019754999999234024
2025-09-11T13:04:32Z,18465.0,18465.555555555555,2283,1529.59767,1529.59767,0.13099000000011074,0.00010980029812485972,-0.01354499999977965
2025-09-11T13:04:32Z,18465.0,18465.666666666668,2284,1529.59697,1529.59697,0.13029000000005908,0.00010921353418339083,-0.008595000000869213
2025-09-11T13:04:32Z,18465.0,18465.777777777777,2285,1529.59576,1529.59576,0.1290799999999308,0.00010819927079881909,-0.01210500000007142
2025-09-11T13:04:32Z,18465.0,18465.88888888889,2286,1529.59428,1529.59428,0.12760000000002947,0.0001069586841798877,-0.010169999999781187
2025-09-11T13:04:32Z,18466.0,18466.0,2287,1529.5935,1529.5935,0.12681999999995242,0.00010630486150223461,-0.009430526316398069
2025-09-11T13:04:33Z,18466.0,18466.1,2288,1529.59234,1529.59234,0.12565999999992528,0.00010533250982784947,-0.010549999999511561
2025-09-11T13:04:33Z,18466.0,18466.2,2289,1529.59139,1529.59139,0.12471000000005006,0.00010453618733601935,-0.010849999999900994
2025-09-11T13:04:33Z,18466.0,18466.3,2290,1529.59017,1529.59017,0.12348999999994703,0.00010351354160944841,-0.01195000000049018
2025-09-11T13:04:33Z,18466.0,18466.4,2291,1529.589,1529.589,0.12231999999994514,0.00010253280759306406,-0.011150000000210047
2025-09-11T13:04:33Z,18466.0,18466.5,2292,1529.58794,1529.58794,0.1212599999998929,0.00010164427933886154,-0.008399999999377905
2025-09-11T13:04:33Z,18466.0,18466.6,2293,1529.58732,1529.58732,0.120640000000094,0.00010112457413376745,-0.00794999999916235
2025-09-11T13:04:33Z,18466.0,18466.7,2294,1529.58635,1529.58635,0.11967000000004191,0.00010031148695774834,-0.008999999999956376
2025-09-11T13:04:33Z,18466.0,18466.8,2295,1529.58552,1529.58552,0.1188400000000911,9.961575257009924e-05,-0.007850000000632185
2025-09-11T13:04:33Z,18466.0,18466.9,2296,1529.58478,1529.58478,0.11809999999991305,9.899545926044296e-05,-0.00945000000005547
2025-09-11T13:04:33Z,18467.0,18467.0,2297,1529.58363,1529.58363,0.11695000000008804,9.803148992824761e-05,-0.009900000000160114
2025-09-11T13:04:34Z,18467.0,18467.1,2298,1529.5828,1529.5828,0.11611999999990985,9.733575554040791e-05,-0.004150000001026832
2025-09-11T13:04:34Z,18467.0,18467.2,2299,1529.5822,1529.5828,0.11611999999990985,9.733575554040791e-05,0.0
2025-09-11T13:04:34Z,18467.0,18467.3,2300,1529.58147,1529.5828,0.11611999999990985,9.733575554040791e-05,0.8491999999661268
2025-09-11T13:04:34Z,18467.0,18467.4,2301,1529.75264,1529.75264,0.2859599999999318,0.00023970145241431295,2.041800000005713
2025-09-11T13:04:34Z,18467.0,18467.5,2302,1529.99116,1529.99116,0.5244800000000396,0.0004396370742841597,2.134050000031852
2025-09-11T13:04:34Z,18467.0,18467.6,2303,1530.17945,1530.17945,0.7127700000000914,0.0005974681921856641,1.8585499999935924
2025-09-11T13:04:34Z,18467.0,18467.7,2304,1530.36287,1530.36287,0.8961899999999332,0.0007512171095230743,1.80429999999236
2025-09-11T13:04:34Z,18467.0,18467.8,2305,1530.54031,1530.54031,1.0736300000000938,0.0008999533863325732,1.9015999999883713
2025-09-11T13:04:34Z,18467.0,18467.9,2306,1530.74319,1530.74319,1.2765099999999165,0.0010700143412415988,1.9624999999900847
2025-09-11T13:04:34Z,18468.0,18468.0,2307,1530.93281,1530.93281,1.466130000000021,0.0012289603106318558,1.6087500000237371
2025-09-11T13:04:35Z,18468.0,18468.1,2308,1531.06494,1531.06494,1.598259999999982,0.0013397161957469116,1.601649999984037
2025-09-11T13:04:35Z,18468.0,18468.2,2309,1531.25314,1531.25314,1.7864600000000337,0.0014974718725702324,1.7371999999884427
2025-09-11T13:04:35Z,18468.0,18468.3,2310,1531.41238,1531.41238,1.945699999999988,0.0016309522869024935,1.6727999999910406
2025-09-11T13:04:35Z,18468.0,18468.4,2311,1531.5877,1531.5877,2.121020000000044,0.0017779115072035874,1.5027499999850722
2025-09-11T13:04:35Z,18468.0,18468.5,2312,1531.71293,1531.71293,2.246249999999918,0.0018828835763245182,1.3825000000198262
2025-09-11T13:04:35Z,18468.0,18468.6,2313,1531.8642,1531.8642,2.397519999999986,0.002009683264066643,1.450349999997064
2025-09-11T13:04:35Z,18468.0,18468.7,2314,1532.003,1532.003,2.5363199999999324,0.0021260301713092703,1.3807499999942934
2025-09-11T13:04:35Z,18468.0,18468.8,2315,1532.14035,1532.14035,2.673669999999902,0.002241161638958964,1.2354000000010128
2025-09-11T13:04:35Z,18468.0,18468.9,2316,1532.25008,1532.25008,2.7834000000000287,0.0023331410779485404,1.2108500000008
2025-09-11T13:04:35Z,18469.0,18469.0,2317,1532.38252,1532.38252,2.9158400000001166,0.002444156815666334,1.2507500000185807
2025-09-11T13:04:36Z,18469.0,18469.1,2318,1532.50023,1532.50023,3.0335500000001048,0.002542825363588046,1.138299999996205
2025-09-11T13:04:36Z,18469.0,18469.2,2319,1532.61018,1532.61018,3.1434999999999036,0.002634989214101795,1.3063500000026096
2025-09-11T13:04:36Z,18469.0,18469.3,2320,1532.7615,1532.7615,3.2948200000000725,0.0027618308135541063,1.2095500000075923
2025-09-11T13:04:36Z,18469.0,18469.4,2321,1532.85209,1532.85209,3.3854100000000926,0.0028377664499166138,0.9221999999972113
2025-09-11T13:04:36Z,18469.0,18469.5,2322,1532.94594,1532.94594,3.4792600000000675,0.0029164347297777225,0.9286000000132475
2025-09-11T13:04:36Z,18469.0,18469.6,2323,1533.03781,1533.03781,3.571130000000039,0.002993443305918796,0.8158500000009568
2025-09-11T13:04:36Z,18469.0,18469.7,2324,1533.10911,1533.10911,3.642430000000104,0.0030532094045240556,0.6149999999944349
2025-09-11T13:04:36Z,18469.0,18469.8,2325,1533.16081,1533.16081,3.6941300000000865,0.0030965461127693307,0.6136999999932229
2025-09-11T13:04:36Z,18469.0,18469.9,2326,1533.23185,1533.23185,3.765169999999898,0.0031560942704818486,0.5392499999911671
2025-09-11T13:04:36Z,18470.0,18470.0,2327,1533.26866,1533.26866,3.8019799999999577,0.003186949671458864,0.4289000000068057
2025-09-11T13:04:37Z,18470.0,18470.1,2328,1533.31763,1533.31763,3.8509500000000116,0.0032279980003326386,0.46289999999928
2025-09-11T13:04:37Z,18470.0,18470.2,2329,1533.36124,1533.36124,3.894559999999956,0.0032645533938834054,0.35419999999617957
2025-09-11T13:04:37Z,18470.0,18470.3,2330,1533.38847,1533.38847,3.921790000000101,0.003287378511204982,0.24570000000047187
2025-09-11T13:04:37Z,18470.0,18470.4,2331,1533.41038,1533.41038,3.9437000000000353,0.0033057442225715478,0.23524999999922613
2025-09-11T13:04:37Z,18470.0,18470.5,2332,1533.43552,1533.43552,3.96884,0.003326817430410717,0.20530000000306714
2025-09-11T13:04:37Z,18470.0,18470.6,2333,1533.45144,1533.45144,3.984760000000051,0.0033401621189071817,0.15139999999947307
2025-09-11T13:04:37Z,18470.0,18470.7,2334,1533.4658,1533.4658,3.999119999999948,0.00335219916204834,0.1442499999991007
2025-09-11T13:04:37Z,18470.0,18470.8,2335,1533.48029,1533.48029,4.0136099999999715,0.003364345175635869,0.07245000000249036
2025-09-11T13:04:37Z,18470.0,18470.9,2336,1533.49105,1533.48029,4.0136099999999715,0.003364345175635869,0.0
2025-09-11T13:04:37Z,18471.0,18471.0,2337,1533.50004,1533.48029,4.0136099999999715,0.003364345175635869,-6.069200000087774
2025-09-11T13:04:38Z,18471.0,18471.1,2338,1532.26645,1532.26645,2.7997700000000805,0.002346862971835922,-11.107999999997478
2025-09-11T13:04:38Z,18471.0,18471.2,2339,1531.25869,1531.25869,1.792009999999891,0.0015021240723914159,-6.236449999837677
2025-09-11T13:04:38Z,18471.0,18471.3,2340,1531.01916,1531.01916,1.5524800000000596,0.0013013418339777435,-1.9983500000061074
2025-09-11T13:04:38Z,18471.0,18471.4,2341,1530.85902,1530.85902,1.3923400000001038,0.0011671070088636487,-1.5679999999928365
2025-09-11T13:04:38Z,18471.0,18471.5,2342,1530.70556,1530.70556,1.2388800000001083,0.0010384715882191242,-1.714700000024945
2025-09-11T13:04:38Z,18471.0,18471.6,2343,1530.51608,1530.51608,1.0494000000001051,0.0008796429716172373,-1.9269499999925355
2025-09-11T13:04:38Z,18471.0,18471.7,2344,1530.32017,1530.32017,0.8534899999999652,0.0007154245090961407,-1.7625499999872662
2025-09-11T13:04:38Z,18471.0,18471.8,2345,1530.16357,1530.16357,0.6968899999999394,0.0005841570330571963,-1.5528499999941818
2025-09-11T13:04:38Z,18471.0,18471.9,2346,1530.0096,1530.0096,0.5429200000000947,0.00045509411296975976,-1.5945499999959936
2025-09-11T13:04:38Z,18472.0,18472.0,2347,1529.84466,1529.84466,0.37797999999997955,0.00031683576368575576,-1.5688000000228393
2025-09-11T13:04:39Z,18472.0,18472.1,2348,1529.69584,1529.69584,0.22916000000009262,0.00019208974973877204,-0.8722000000192576
2025-09-11T13:04:39Z,18472.0,18472.2,2349,1529.67022,1529.67022,0.2035399999999754,0.00017061418948249754,-0.16644999999652477
2025-09-11T13:04:39Z,18472.0,18472.3,2350,1529.66255,1529.66255,0.19587000000001353,0.0001641849331529092,-0.07654999999972456
2025-09-11T13:04:39Z,18472.0,18472.4,2351,1529.65491,1529.65491,0.18822999999997592,0.00015778082384931846,-0.063249999999899
2025-09-11T13:04:39Z,18472.0,18472.5,2352,1529.6499,1529.6499,0.18321999999989202,0.00015358127049704506,-0.05325000000048197
2025-09-11T13:04:39Z,18472.0,18472.6,2353,1529.64426,1529.64426,0.1775800000000345,0.0001488536295976784,-0.054799999999063265
2025-09-11T13:04:39Z,18472.0,18472.7,2354,1529.63894,1529.63894,0.17226000000005115,0.00014439422364285792,-0.045349999999875434
2025-09-11T13:04:39Z,18472.0,18472.8,2355,1529.63519,1529.63519,0.1685099999999693,0.00014125084538515228,-0.03085000000068483
2025-09-11T13:04:39Z,18472.0,18472.9,2356,1529.63277,1529.63277,0.16608999999994012,0.00013922231861619939,-0.02849999999971997
2025-09-11T13:04:39Z,18473.0,18473.0,2357,1529.62949,1529.62949,0.16281000000003587,0.00013647291043359977,-0.02869999999957984
2025-09-11T13:04:40Z,18473.0,18473.1,2358,1529.62703,1529.62703,0.16035000000010768,0.00013441085429665009,-0.027499999999712532
2025-09-11T13:04:40Z,18473.0,18473.2,2359,1529.62399,1529.62399,0.15731000000005224,0.00013186262232241252,-0.027050000000834018
2025-09-11T13:04:40Z,18473.0,18473.3,2360,1529.62162,1529.62162,0.15493999999989683,0.00012987600726345564,-0.022149999999758974
2025-09-11T13:04:40Z,18473.0,18473.4,2361,1529.61956,1529.61956,0.1528800000000956,0.00012814924480742697,-0.02205000000000812
2025-09-11T13:04:40Z,18473.0,18473.5,2362,1529.61721,1529.61721,0.1505299999998897,0.00012617939443246848,-0.023250000000754834
2025-09-11T13:04:40Z,18473.0,18473.6,2363,1529.61491,1529.61491,0.1482300000000123,0.00012425145576788722,-0.019949999999691714
2025-09-11T13:04:40Z,18473.0,18473.7,2364,1529.61322,1529.61322,0.14653999999995904,0.00012283483996640082,-0.017599999999863503
2025-09-11T13:04:40Z,18473.0,18473.8,2365,1529.61139,1529.61139,0.14471000000003187,0.00012130087137673499,-0.018449999999957223
2025-09-11T13:04:40Z,18473.0,18473.9,2366,1529.60953,1529.60953,0.14284999999995307,0.00011974175576088096,-0.016850000000533938
2025-09-11T13:04:40Z,18474.0,18474.0,2367,1529.60802,1529.60802,0.1413399999999001,0.00011847602211576138,-0.018500000000172823
2025-09-11T13:04:41Z,18474.0,18474.1,2368,1529.60583,1529.60583,0.13914999999997235,0.00011664028921336191,-0.017550000000122745
2025-09-11T13:04:41Z,18474.0,18474.2,2369,1529.60451,1529.60451,0.13782999999989443,0.00011553382006660835,-0.012450000000326478
2025-09-11T13:04:41Z,18474.0,18474.3,2370,1529.60334,1529.60334,0.13665999999989253,0.000114553086050224,-0.012849999999300699
2025-09-11T13:04:41Z,18474.0,18474.4,2371,1529.60194,1529.60194,0.1352600000000166,0.00011337955816747684,-0.01464999999936245
2025-09-11T13:04:41Z,18474.0,18474.5,2372,1529.60041,1529.60041,0.13373000000001412,0.00011209705983835884,-0.013850000000476537
2025-09-11T13:04:41Z,18474.0,18474.6,2373,1529.59917,1529.59917,0.13248999999996158,0.0001110576494277895,-0.01255000000009554
2025-09-11T13:04:41Z,18474.0,18474.7,2374,1529.5979,1529.5979,0.1312199999999848,0.00010999309199122254,-0.01139999999955077
2025-09-11T13:04:41Z,18474.0,18474.8,2375,1529.59689,1529.59689,0.1302100000000337,0.00010914647544720662,-0.010399999999841758
2025-09-11T13:04:41Z,18474.0,18474.9,2376,1529.59582,1529.59582,0.1291400000000067,0.00010824956485100489,-0.0117000000000127
2025-09-11T13:04:41Z,18475.0,18475.0,2377,1529.59455,1529.59455,0.1278700000000299,0.00010718500741443793,-0.011100000000558441
2025-09-11T13:04:42Z,18475.0,18475.1,2378,1529.5936,1529.5936,0.1269199999999273,0.00010638868492241723,-0.010250000000204706
2025-09-11T13:04:42Z,18475.0,18475.2,2379,1529.5925,1529.5925,0.12581999999997606,0.00010546662730021788,-0.010999999999472543
2025-09-11T13:04:42Z,18475.0,18475.3,2380,1529.5914,1529.5914,0.12472000000002481,0.00010454456967801855,-0.00985000000014824
2025-09-11T13:04:42Z,18475.0,18475.4,2381,1529.59053,1529.59053,0.12384999999994761,0.00010381530592218206,-0.00869999999960358
2025-09-11T13:04:42Z,18475.0,18475.5,2382,1529.58966,1529.58966,0.12298000000009779,0.00010308604216653614,-0.008799999999510644
2025-09-11T13:04:42Z,18475.0,18475.6,2383,1529.58877,1529.58877,0.12209000000007109,0.00010234001372670124,-0.008500000000123631
2025-09-11T13:04:42Z,18475.0,18475.7,2384,1529.58796,1529.58796,0.12128000000006978,0.00010166104402305053,-0.01020000000043475
2025-09-11T13:04:42Z,18475.0,18475.8,2385,1529.58673,1529.58673,0.120049999999992,0.00010063001595448039,-0.010350000000050041
2025-09-11T13:04:42Z,18475.0,18475.9,2386,1529.58589,1529.58589,0.11921000000006643,9.992589922483208e-05,-0.008099999999972685
2025-09-11T13:04:42Z,18476.0,18476.0,2387,1529.58511,1529.58511,0.11842999999998938,9.927207654717899e-05,-0.006750000000109058
2025-09-11T13:04:43Z,18476.0,18476.1,2388,1529.58454,1529.58454,0.11786000000006425,9.879428305208092e-05,-0.0028499999997189107
2025-09-11T13:04:43Z,18476.0,18476.2,2389,1529.58369,1529.58454,0.11786000000006425,9.879428305208092e-05,0.0
2025-09-11T13:04:43Z,18476.0,18476.3,2390,1529.58288,1529.58454,0.11786000000006425,9.879428305208092e-05,0.03369999999883222
2025-09-11T13:04:43Z,18476.0,18476.4,2391,1529.59128,1529.59128,0.12460000000010041,0.00010444398157383754,1.1493500000346382
2025-09-11T13:04:43Z,18476.0,18476.5,2392,1529.81441,1529.81441,0.3477299999999559,0.00029147917907413045,2.080300000030352
2025-09-11T13:04:43Z,18476.0,18476.6,2393,1530.00734,1530.00734,0.5406600000001163,0.0004531997036731753,1.902049999993989
2025-09-11T13:04:43Z,18476.0,18476.7,2394,1530.19482,1530.19482,0.7281399999999394,0.0006103518518708383,2.0054499999966575
2025-09-11T13:04:43Z,18476.0,18476.8,2395,1530.40843,1530.40843,0.9417499999999563,0.0007894070597678787,1.9151500000008834
2025-09-11T13:04:43Z,18476.0,18476.9,2396,1530.57785,1530.57785,1.1111699999999018,0.0009314206982768643,1.6765499999929379
2025-09-11T13:04:43Z,18477.0,18477.0,2397,1530.74374,1530.74374,1.2770599999998922,0.0010704753700526983,1.763500000026366
2025-09-11T13:04:44Z,18477.0,18477.1,2398,1530.93055,1530.93055,1.4638700000000426,0.0012270659013352712,1.6941000000010105
2025-09-11T13:04:44Z,18477.0,18477.2,2399,1531.08256,1531.08256,1.615880000000061,0.0013544858823868618,1.643999999998532
2025-09-11T13:04:44Z,18477.0,18477.3,2400,1531.25935,1531.25935,1.7926700000000437,0.0015026773069648878,1.5153500000033446
2025-09-11T13:04:44Z,18477.0,18477.4,2401,1531.38563,1531.38563,1.9189499999999953,0.0016085295219980219,1.6097000000069652
2025-09-11T13:04:44Z,18477.0,18477.5,2402,1531.58129,1531.58129,2.1146100000000843,0.0017725384259685668,1.6101500000236353
2025-09-11T13:04:44Z,18477.0,18477.6,2403,1531.70766,1531.70766,2.240980000000036,0.0018784660820798844,1.3574499999909424
2025-09-11T13:04:44Z,18477.0,18477.7,2404,1531.85278,1531.85278,2.386099999999942,0.002000110629479349,1.3788499999921822
2025-09-11T13:04:44Z,18477.0,18477.8,2405,1531.98343,1531.98343,2.516750000000002,0.0021096259279754733,1.32969999999432
2025-09-11T13:04:44Z,18477.0,18477.9,2406,1532.11872,1532.11872,2.6520399999999427,0.002223030633168948,1.1847999999893428
2025-09-11T13:04:44Z,18478.0,18478.0,2407,1532.22039,1532.22039,2.7537099999999555,0.002308253904490014,1.055000000015415
2025-09-11T13:04:45Z,18478.0,18478.1,2408,1532.32972,1532.32972,2.8630399999999554,0.0023998980497986692,1.0834499999962741
2025-09-11T13:04:45Z,18478.0,18478.2,2409,1532.43708,1532.43708,2.970399999999927,0.002489890873729289,1.0549499999956744
2025-09-11T13:04:45Z,18478.0,18478.3,2410,1532.54071,1532.54071,3.0740299999999934,0.0025767570840863918,1.1100999999940608
2025-09-11T13:04:45Z,18478.0,18478.4,2411,1532.6591,1532.6591,3.1924200000000837,0.0026759956312655737,1.0263499999901722
2025-09-11T13:04:45Z,18478.0,18478.5,2412,1532.74598,1532.74598,3.279299999999921,0.0027488214187383724,0.837900000011274
2025-09-11T13:04:45Z,18478.0,18478.6,2413,1532.82668,1532.82668,3.3599999999999,0.002816466918842704,0.7801999999985156
2025-09-11T13:04:45Z,18478.0,18478.7,2414,1532.90202,1532.90202,3.4353399999999965,0.002879619483624218,0.7828499999987315
2025-09-11T13:04:45Z,18478.0,18478.8,2415,1532.98325,1532.98325,3.5165700000000015,0.0029477092478556507,0.7866999999979534
2025-09-11T13:04:45Z,18478.0,18478.9,2416,1533.05936,1533.05936,3.592679999999973,0.003011507252972628,0.6135999999927613
2025-09-11T13:04:45Z,18479.0,18479.0,2417,1533.10597,1533.10597,3.6392900000000736,0.0030505773491296354,0.5438000000082859
2025-09-11T13:04:46Z,18479.0,18479.1,2418,1533.16812,1533.16812,3.701440000000048,0.0031026736047861853,0.5268500000014953
2025-09-11T13:04:46Z,18479.0,18479.2,2419,1533.21134,1533.21134,3.744660000000067,0.003138902086998221,0.44314999999861726
2025-09-11T13:04:46Z,18479.0,18479.3,2420,1533.25675,1533.25675,3.7900700000000143,0.003176966302112656,0.36075000000190727
2025-09-11T13:04:46Z,18479.0,18479.4,2421,1533.28349,1533.28349,3.8168100000000322,0.003199380684675128,0.2211999999972427
2025-09-11T13:04:46Z,18479.0,18479.5,2422,1533.30099,1533.30099,3.8343099999999595,0.003214049783210707,0.16710000000232483
2025-09-11T13:04:46Z,18479.0,18479.6,2423,1533.31691,1533.31691,3.8502300000000105,0.0032273944717071713,0.15515000000008783
2025-09-11T13:04:46Z,18479.0,18479.7,2424,1533.33202,1533.33202,3.86534000000006,0.003240060190499985,0.1408499999993431
2025-09-11T13:04:46Z,18479.0,18479.8,2425,1533.34508,1533.34508,3.878400000000056,0.0032510075291785788,0.11989999999963885
2025-09-11T13:04:46Z,18479.0,18479.9,2426,1533.356,1533.356,3.889319999999998,0.0032601610466647694,0.05459999999752441
2025-09-11T13:04:46Z,18480.0,18480.0,2427,1533.36386,1533.356,3.889319999999998,0.0032601610466647694,0.0
2025-09-11T13:04:47Z,18480.0,18480.1,2428,1533.37023,1533.356,3.889319999999998,0.0032601610466647694,-5.168099999792826
2025-09-11T13:04:47Z,18480.0,18480.2,2429,1532.32238,1532.32238,2.85570000000007,0.002393745410755817,-11.029449999984864
2025-09-11T13:04:47Z,18480.0,18480.3,2430,1531.15011,1531.15011,1.683430000000044,0.0014111086027344159,-6.926700000149489
2025-09-11T13:04:47Z,18480.0,18480.4,2431,1530.93704,1530.93704,1.4703600000000279,0.001232506041306476,-1.91434999998586
2025-09-11T13:04:47Z,18480.0,18480.5,2432,1530.76724,1530.76724,1.300559999999905,0.0010901738738005678,-1.616450000023736
2025-09-11T13:04:47Z,18480.0,18480.6,2433,1530.61375,1530.61375,1.1470699999999852,0.000961513306130046,-1.7250499999868163
2025-09-11T13:04:47Z,18480.0,18480.7,2434,1530.42223,1530.42223,0.9555499999999029,0.0008009746917559381,-1.8325499999906363
2025-09-11T13:04:47Z,18480.0,18480.8,2435,1530.24724,1530.24724,0.7805599999999231,0.0006542920887415803,-1.6026999999992109
2025-09-11T13:04:47Z,18480.0,18480.9,2436,1530.10169,1530.10169,0.6350099999999657,0.000532287100635197,-1.317949999990311
2025-09-11T13:04:47Z,18481.0,18481.0,2437,1529.98365,1529.98365,0.5169699999999011,0.0004333419354267492,-1.427550000020429
2025-09-11T13:04:48Z,18481.0,18481.1,2438,1529.81618,1529.81618,0.34950000000003456,0.00029296285361180105,-1.5325999999989144
2025-09-11T13:04:48Z,18481.0,18481.2,2439,1529.67713,1529.67713,0.2104500000000371,0.00017640638781862177,-0.7456499999738966
2025-09-11T13:04:48Z,18481.0,18481.3,2440,1529.66705,1529.66705,0.2003700000000208,0.00016795698706207975,-0.09300000000047492
2025-09-11T13:04:48Z,18481.0,18481.4,2441,1529.65853,1529.65853,0.19184999999993124,0.0001608152316606533,-0.07094999999971718
2025-09-11T13:04:48Z,18481.0,18481.5,2442,1529.65286,1529.65286,0.18617999999992207,0.0001560624437350984,-0.05310000000085857
2025-09-11T13:04:48Z,18481.0,18481.6,2443,1529.64791,1529.64791,0.18122999999991407,0.00015191318443501082,-0.050599999999352496
2025-09-11T13:04:48Z,18481.0,18481.7,2444,1529.64274,1529.64274,0.17606000000000677,0.0001475795136105596,-0.04629999999869938
2025-09-11T13:04:48Z,18481.0,18481.8,2445,1529.63865,1529.63865,0.1719700000001012,0.00014415113572430928,-0.03850000000051479
2025-09-11T13:04:48Z,18481.0,18481.9,2446,1529.63504,1529.63504,0.16835999999989326,0.00014112511025478306,-0.03580000000042205
2025-09-11T13:04:48Z,18482.0,18482.0,2447,1529.63149,1529.63149,0.16480999999998858,0.00013814937883763323,-0.030962105263126594
2025-09-11T13:04:49Z,18482.0,18482.11111111111,2448,1529.62861,1529.62861,0.16192999999998392,0.00013573526433576408,-0.025199999999791056
2025-09-11T13:04:49Z,18482.0,18482.222222222223,2449,1529.62589,1529.62589,0.15921000000003005,0.00013345526730626335,-0.023579999999738366
2025-09-11T13:04:49Z,18482.0,18482.333333333332,2450,1529.62337,1529.62337,0.15669000000002598,0.00013134291711712785,-0.03226500000002064
2025-09-11T13:04:49Z,18482.0,18482.444444444445,2451,1529.61872,1529.61872,0.15203999999994267,0.00012744512807758807,-0.03010499999926841
2025-09-11T13:04:49Z,18482.0,18482.555555555555,2452,1529.61668,1529.61668,0.15000000000009095,0.00012573513030555782,-0.01763999999945154
2025-09-11T13:04:49Z,18482.0,18482.666666666668,2453,1529.6148,1529.6148,0.14812000000006265,0.0001241592500057054,-0.019350000000302958
2025-09-11T13:04:49Z,18482.0,18482.777777777777,2454,1529.61238,1529.61238,0.14570000000003347,0.0001221307232367525,-0.02065500000003262
2025-09-11T13:04:49Z,18482.0,18482.88888888889,2455,1529.61021,1529.61021,0.14353000000005522,0.00012031175501835144,-0.013859999999584205
2025-09-11T13:04:49Z,18483.0,18483.0,2456,1529.6093,1529.6093,0.14262000000007902,0.00011954896189451813,-0.014195263158282456
2025-09-11T13:04:50Z,18483.0,18483.1,2457,1529.60734,1529.60734,0.14066000000002532,0.0001179060228584815,-0.015700000000236414
2025-09-11T13:04:50Z,18483.0,18483.2,2458,1529.60616,1529.60616,0.13948000000004868,0.00011691690650009794,-0.013250000000657569
2025-09-11T13:04:50Z,18483.0,18483.3,2459,1529.60469,1529.60469,0.13800999999989472,0.00011568470222297517,-0.014049999999742657
2025-09-11T13:04:50Z,18483.0,18483.4,2460,1529.60335,1529.60335,0.13667000000009466,0.0001145614683924138,-0.013799999999228763
2025-09-11T13:04:50Z,18483.0,18483.5,2461,1529.60193,1529.60193,0.13525000000004184,0.00011337117582547763,-0.014300000000483815
2025-09-11T13:04:50Z,18483.0,18483.6,2462,1529.60049,1529.60049,0.1338100000000395,0.00011216411857454305,-0.013800000000372847
2025-09-11T13:04:50Z,18483.0,18483.7,2463,1529.59917,1529.59917,0.13248999999996158,0.0001110576494277895,-0.012649999999828077
2025-09-11T13:04:50Z,18483.0,18483.8,2464,1529.59796,1529.59796,0.13128000000006068,0.00011004338604340836,-0.012349999999460626
2025-09-11T13:04:50Z,18483.0,18483.9,2465,1529.5967,1529.5967,0.13002000000005864,0.0001089872109488406,-0.011349999999679006
2025-09-11T13:04:50Z,18484.0,18484.0,2466,1529.59569,1529.59569,0.12901000000010754,0.00010814059440482467,-0.012935555555444345
2025-09-11T13:04:51Z,18484.0,18484.125,2467,1529.59363,1529.59363,0.12695000000007894,0.00010641383194860542,-0.011920000000827713
2025-09-11T13:04:51Z,18484.0,18484.25,2468,1529.59271,1529.59271,0.1260299999999006,0.00010564265648258231,-0.007239999999910651
2025-09-11T13:04:51Z,18484.0,18484.375,2469,1529.59182,1529.59182,0.12514000000010128,0.000104896628042938,-0.008039999999709835
2025-09-11T13:04:51Z,18484.0,18484.5,2470,1529.5907,1529.5907,0.12401999999997315,0.00010395780573654967,-0.008800000000519503
2025-09-11T13:04:51Z,18484.0,18484.625,2471,1529.58962,1529.58962,0.1229399999999714,0.00010305251279834874,-0.007840000000214786
2025-09-11T13:04:51Z,18484.0,18484.75,2472,1529.58874,1529.58874,0.12205999999991946,0.00010231486670051303,-0.0065999999997075065
2025-09-11T13:04:51Z,18484.0,18484.875,2473,1529.58797,1529.58797,0.12129000000004453,0.00010166942636504974,-0.007999999999810825
2025-09-11T13:04:51Z,18485.0,18485.0,2474,1529.58674,1529.58674,0.12005999999996675,0.00010063839829647959,-0.009109411764584463
2025-09-11T13:04:52Z,18485.0,18485.11111111111,2475,1529.5858,1529.5858,0.11912000000006628,9.985045814664867e-05,-0.004229999999682876
2025-09-11T13:04:52Z,18485.0,18485.222222222223,2476,1529.58504,1529.5858,0.11912000000006628,9.985045814664867e-05,0.0
2025-09-11T13:04:52Z,18485.0,18485.333333333332,2477,1529.58434,1529.5858,0.11912000000006628,9.985045814664867e-05,0.5169149999816066
2025-09-11T13:04:52Z,18485.0,18485.444444444445,2478,1529.70067,1529.70067,0.23398999999994885,0.00019613842093448803,1.570230000014062
2025-09-11T13:04:52Z,18485.0,18485.555555555555,2479,1529.93474,1529.93474,0.4680599999999231,0.0003923439006051603,1.8779850000040372
2025-09-11T13:04:52Z,18485.0,18485.666666666668,2480,1530.118,1530.118,0.6513199999999415,0.0005459587004703928,2.251035000016062
2025-09-11T13:04:52Z,18485.0,18485.777777777777,2481,1530.43497,1530.43497,0.9682900000000245,0.0008116537954899857,2.3142600000138662
2025-09-11T13:04:52Z,18485.0,18485.88888888889,2482,1530.63228,1530.63228,1.1656000000000404,0.0009770457858938294,1.7845649999965154
2025-09-11T13:04:52Z,18486.0,18486.0,2483,1530.83154,1530.83154,1.3648599999999078,0.00114407233299152,1.94384526318579
2025-09-11T13:04:53Z,18486.0,18486.1,2484,1531.03947,1531.03947,1.5727899999999408,0.0013183663706210064,1.784750000004708
2025-09-11T13:04:53Z,18486.0,18486.2,2485,1531.18849,1531.18849,1.721810000000005,0.0014432800314085458,1.503799999995434
2025-09-11T13:04:53Z,18486.0,18486.3,2486,1531.34023,1531.34023,1.873550000000023,0.001570473689225586,1.4609999999972043
2025-09-11T13:04:53Z,18486.0,18486.4,2487,1531.48069,1531.48069,2.0140100000000984,0.0016882120652437023,1.5424499999988672
2025-09-11T13:04:53Z,18486.0,18486.5,2488,1531.64872,1531.64872,2.1820399999999154,0.0018290605582117494,1.3114500000185512
2025-09-11T13:04:53Z,18486.0,18486.6,2489,1531.74298,1531.74298,2.276299999999992,0.0019080725140957781,1.1903499999871912
2025-09-11T13:04:53Z,18486.0,18486.7,2490,1531.88679,1531.88679,2.4201100000000224,0.002028618974690679,1.3601999999925205
2025-09-11T13:04:53Z,18486.0,18486.8,2491,1532.01502,1532.01502,2.548340000000053,0.002136105746417851,1.295049999994772
2025-09-11T13:04:53Z,18486.0,18486.9,2492,1532.1458,1532.1458,2.6791200000000117,0.0022457300153601555,1.2987499999946461
2025-09-11T13:04:53Z,18487.0,18487.0,2493,1532.27477,1532.27477,2.808089999999993,0.0023538370803967926,1.0960200000116949
2025-09-11T13:04:54Z,18487.0,18487.125,2494,1532.38151,1532.38151,2.914829999999938,0.0024433101991221274,1.1434399999998277
2025-09-11T13:04:54Z,18487.0,18487.25,2495,1532.56063,1532.56063,3.09394999999995,0.002593454709390923,1.1153600000006918
2025-09-11T13:04:54Z,18487.0,18487.375,2496,1532.66035,1532.66035,3.193670000000111,0.0026770434240181423,1.0405200000004697
2025-09-11T13:04:54Z,18487.0,18487.5,2497,1532.82076,1532.82076,3.3540800000000672,0.0028115045723667875,0.9044799999992392
2025-09-11T13:04:54Z,18487.0,18487.625,2498,1532.88647,1532.88647,3.419789999999921,0.0028665849417824863,0.53287999999975
2025-09-11T13:04:54Z,18487.0,18487.75,2499,1532.95398,1532.95398,3.4873000000000047,0.0029231741327620437,0.5008400000006077
2025-09-11T13:04:54Z,18487.0,18487.875,2500,1533.01168,1533.01168,3.5450000000000728,0.0029715402462196093,0.4719999999997526
2025-09-11T13:04:54Z,18488.0,18488.0,2501,1533.07198,1533.07198,3.605299999999943,0.003022085768602304,0.5988017647122064
2025-09-11T13:04:55Z,18488.0,18488.11111111111,2502,1533.15001,1533.15001,3.683330000000069,0.003087493183387321,0.4642200000074723
2025-09-11T13:04:55Z,18488.0,18488.222222222223,2503,1533.17514,1533.17514,3.708460000000059,0.003108558008884491,0.26172000000088147
2025-09-11T13:04:55Z,18488.0,18488.333333333332,2504,1533.20817,1533.20817,3.7414900000001126,0.003136244884577803,0.254970000000764
2025-09-11T13:04:55Z,18488.0,18488.444444444445,2505,1533.2318,1533.2318,3.7651200000000244,0.003156052358771853,0.18071999999766675
2025-09-11T13:04:55Z,18488.0,18488.555555555555,2506,1533.24833,1533.24833,3.7816499999998996,0.003169908370131412,0.14580000000006876
2025-09-11T13:04:55Z,18488.0,18488.666666666668,2507,1533.2642,1533.2642,3.797520000000077,0.0031832111469178807,0.12347999999945714
2025-09-11T13:04:55Z,18488.0,18488.777777777777,2508,1533.27577,1533.27577,3.8090899999999692,0.0031929095166353533,0.09886500000003906
2025-09-11T13:04:55Z,18488.0,18488.88888888889,2509,1533.28617,1533.28617,3.819490000000087,0.0032016271523366323,0.04679999999891393
2025-09-11T13:04:55Z,18489.0,18489.0,2510,1533.29722,1533.28617,3.819490000000087,0.0032016271523366323,-3.552713678800501e-15
2025-09-11T13:04:56Z,18489.0,18489.125,2511,1533.305,1533.28617,3.819490000000087,0.0032016271523366323,-9.064440000000104
2025-09-11T13:04:56Z,18489.0,18489.25,2512,1531.02006,1531.02006,1.553380000000061,0.0013020962447595778,-9.765440000000126
2025-09-11T13:04:56Z,18489.0,18489.375,2513,1530.84481,1530.84481,1.3781300000000556,0.0011551957008526688,-1.3537999999998647
2025-09-11T13:04:56Z,18489.0,18489.5,2514,1530.68161,1530.68161,1.2149300000000949,0.0010183958790803379,-1.4024800000006508
2025-09-11T13:04:56Z,18489.0,18489.625,2515,1530.49419,1530.49419,1.027509999999893,0.0008612940249344795,-1.372400000000198
2025-09-11T13:04:56Z,18489.0,18489.75,2516,1530.33851,1530.33851,0.8718300000000454,0.0007307977243615582,-1.8065999999998894
2025-09-11T13:04:56Z,18489.0,18489.875,2517,1530.04254,1530.04254,0.5758599999999205,0.0004827055475846976,-1.8096400000003996
2025-09-11T13:04:56Z,18490.0,18490.0,2518,1529.8861,1529.8861,0.4194199999999455,0.00035157218901812155,-1.3578977777896553
2025-09-11T13:04:57Z,18490.0,18490.1,2519,1529.7418,1529.7418,0.27512000000001535,0.00023061499366430684,-1.0810500000094672
2025-09-11T13:04:57Z,18490.0,18490.2,2520,1529.66989,1529.66989,0.20320999999989908,0.0001703375721957615,-0.3973499999863548
2025-09-11T13:04:57Z,18490.0,18490.3,2521,1529.66233,1529.66233,0.19565000000011423,0.00016400052162854556,-0.07194999999897689
2025-09-11T13:04:57Z,18490.0,18490.4,2522,1529.6555,1529.6555,0.18882000000007793,0.00015827538202860554,-0.06375000000008457
2025-09-11T13:04:57Z,18490.0,18490.5,2523,1529.64958,1529.64958,0.18290000000001783,0.00015331303555249883,-0.05305000000098403
2025-09-11T13:04:57Z,18490.0,18490.6,2524,1529.64489,1529.64489,0.1782100000000355,0.00014938171714496226,-0.043249999999918964
2025-09-11T13:04:57Z,18490.0,18490.7,2525,1529.64093,1529.64093,0.1742500000000291,0.00014606230970489218,-0.04215000000038649
2025-09-11T13:04:57Z,18490.0,18490.8,2526,1529.63646,1529.63646,0.16977999999994609,0.00014231540282171924,-0.035249999999893644
2025-09-11T13:04:57Z,18490.0,18490.9,2527,1529.63388,1529.63388,0.1672000000000935,0.0001401527585805885,-0.030649999999988187
2025-09-11T13:04:57Z,18491.0,18491.0,2528,1529.63033,1529.63033,0.16364999999996144,0.0001371770271632481,-0.031100000000376493
2025-09-11T13:04:58Z,18491.0,18491.1,2529,1529.62766,1529.62766,0.1609800000001087,0.00013493894184393395,-0.026099999999969148
2025-09-11T13:04:58Z,18491.0,18491.2,2530,1529.62511,1529.62511,0.158429999999953,0.00013280144462861026,-0.025900000000467438
2025-09-11T13:04:58Z,18491.0,18491.3,2531,1529.62248,1529.62248,0.15579999999999927,0.00013059688867729294,-0.023949999999784533
2025-09-11T13:04:58Z,18491.0,18491.4,2532,1529.62032,1529.62032,0.15363999999999578,0.00012878630280089106,-0.022199999999598097
2025-09-11T13:04:58Z,18491.0,18491.5,2533,1529.61804,1529.61804,0.15136000000006788,0.0001268751288203082,-0.02274999999973626
2025-09-11T13:04:58Z,18491.0,18491.6,2534,1529.61577,1529.61577,0.14909000000011474,0.0001249723371817245,-0.02090000000065484
2025-09-11T13:04:58Z,18491.0,18491.7,2535,1529.61386,1529.61386,0.1471799999999348,0.00012337130985568388,-0.016750000000764875
2025-09-11T13:04:58Z,18491.0,18491.8,2536,1529.61242,1529.61242,0.14573999999993248,0.0001221642526047493,-0.016150000000029974
2025-09-11T13:04:58Z,18491.0,18491.9,2537,1529.61063,1529.61063,0.14394999999990432,0.0001206638133830803,-0.017349999999313304
2025-09-11T13:04:58Z,18492.0,18492.0,2538,1529.60895,1529.60895,0.1422700000000532,0.00011925557992378369,-0.01630000000001086
2025-09-11T13:04:59Z,18492.0,18492.1,2539,1529.60737,1529.60737,0.14068999999994958,0.0001179311698844791,-0.014899999999876345
2025-09-11T13:04:59Z,18492.0,18492.2,2540,1529.60597,1529.60597,0.13929000000007363,0.00011675764200173192,-0.015549999999393327
2025-09-11T13:04:59Z,18492.0,18492.3,2541,1529.60426,1529.60426,0.13758000000007087,0.00011532426151624712,-0.01405000000096679
2025-09-11T13:04:59Z,18492.0,18492.4,2542,1529.60316,1529.60316,0.13647999999989224,0.0001144022038938572,-0.01455000000085771
2025-09-11T13:04:59Z,18492.0,18492.5,2543,1529.60135,1529.60135,0.13466999999991458,0.00011288499998818977,-0.01529999999911058
2025-09-11T13:04:59Z,18492.0,18492.6,2544,1529.6001,1529.6001,0.13342000000011467,0.00011183720723581181,-0.014149999999406027
2025-09-11T13:04:59Z,18492.0,18492.7,2545,1529.59852,1529.59852,0.13184000000001106,0.00011051279719650721,-0.01425000000029375
2025-09-11T13:04:59Z,18492.0,18492.8,2546,1529.59725,1529.59725,0.13057000000003427,0.00010944823975994027,-0.009800000000338316
2025-09-11T13:04:59Z,18492.0,18492.9,2547,1529.59656,1529.59656,0.12987999999995736,0.00010886985816047059,-0.013700000000851364
2025-09-11T13:05:00Z,18493.0,18493.0,2548,1529.59451,1529.59451,0.12782999999990352,0.00010715147804625054,-0.01419999999963395
2025-09-11T13:05:00Z,18493.0,18493.11111111111,2549,1529.59371,1529.59371,0.12703000000010434,0.00010648089068478963,-0.006794999999216067
2025-09-11T13:05:00Z,18493.0,18493.222222222223,2550,1529.593,1529.593,0.12632000000007793,0.00010588574440132154,-0.008235000000740844
2025-09-11T13:05:00Z,18493.0,18493.333333333332,2551,1529.59188,1529.59188,0.1251999999999498,0.00010494692209493321,-0.01044000000021339
2025-09-11T13:05:00Z,18493.0,18493.444444444445,2552,1529.59068,1529.59068,0.12400000000002365,0.00010394104105255126,-0.0104400000002135
2025-09-11T13:05:00Z,18493.0,18493.555555555555,2553,1529.58956,1529.58956,0.12287999999989552,0.00010300221874616293,-0.007290000000089947
2025-09-11T13:05:00Z,18493.0,18493.666666666668,2554,1529.58906,1529.58906,0.12238000000002103,0.00010258310164524986,-0.00751499999952876
2025-09-11T13:05:00Z,18493.0,18493.777777777777,2555,1529.58789,1529.58789,0.12121000000001914,0.00010160236762886554,-0.008820000000281492
2025-09-11T13:05:00Z,18493.0,18493.88888888889,2556,1529.5871,1529.5871,0.12041999999996733,0.00010094016260921324,-0.009225000000294803
2025-09-11T13:05:01Z,18494.0,18494.0,2557,1529.58584,1529.58584,0.1191599999999653,9.988398751464549e-05,-0.005670000000091768
2025-09-11T13:05:01Z,18494.0,18494.11111111111,2558,1529.58497,1529.58584,0.1191599999999653,9.988398751464549e-05,0.0
2025-09-11T13:05:01Z,18494.0,18494.222222222223,2559,1529.58457,1529.58584,0.1191599999999653,9.988398751464549e-05,0.873135000027502
2025-09-11T13:05:01Z,18494.0,18494.333333333332,2560,1529.77987,1529.77987,0.3131900000000769,0.00026252656973588966,1.733309999997232
2025-09-11T13:05:01Z,18494.0,18494.444444444445,2561,1529.97102,1529.97102,0.5043399999999565,0.00042275503745507406,1.675889999995136
2025-09-11T13:05:01Z,18494.0,18494.555555555555,2562,1530.15229,1530.15229,0.6856099999999969,0.0005747017512582723,1.590524999998744
2025-09-11T13:05:01Z,18494.0,18494.666666666668,2563,1530.32447,1530.32447,0.8577900000000227,0.000719028916164946,1.6435350000005826
2025-09-11T13:05:01Z,18494.0,18494.777777777777,2564,1530.51752,1530.51752,1.0508400000001075,0.0008808500288681719,1.5974550000018732
2025-09-11T13:05:01Z,18494.0,18494.88888888889,2565,1530.67946,1530.67946,1.2127800000000661,0.0010165936755459353,1.4468849999967466
2025-09-11T13:05:01Z,18495.0,18495.0,2566,1530.83905,1530.83905,1.3723700000000463,0.0011503674718489306,1.6448836842344745
2025-09-11T13:05:02Z,18495.0,18495.1,2567,1531.02231,1531.02231,1.5556300000000647,0.001303982271714163,1.6721499999991734
2025-09-11T13:05:02Z,18495.0,18495.2,2568,1531.17348,1531.17348,1.7067999999999302,0.0014306981360359145,1.509299999994588
2025-09-11T13:05:02Z,18495.0,18495.3,2569,1531.32417,1531.32417,1.857490000000098,0.001557011647940942,1.6484499999889923
2025-09-11T13:05:02Z,18495.0,18495.4,2570,1531.50317,1531.50317,2.036489999999958,0.001707055570105366,1.7287499999912477
2025-09-11T13:05:02Z,18495.0,18495.5,2571,1531.66992,1531.66992,2.2032400000000507,0.0018468311232950375,1.5135000000218177
2025-09-11T13:05:02Z,18495.0,18495.6,2572,1531.80587,1531.80587,2.339189999999917,0.0019607890630617933,1.3833499999939356
2025-09-11T13:05:02Z,18495.0,18495.7,2573,1531.94659,1531.94659,2.479910000000018,0.002078745379972461,1.2894999999913423
2025-09-11T13:05:02Z,18495.0,18495.8,2574,1532.06377,1532.06377,2.59708999999998,0.002176969663767071,1.1005499999984725
2025-09-11T13:05:02Z,18495.0,18495.9,2575,1532.1667,1532.1667,2.700019999999995,0.002263249110182705,1.0337999999965586
2025-09-11T13:05:02Z,18496.0,18496.0,2576,1532.27053,1532.27053,2.8038500000000113,0.002350282967380173,1.0247000000153044
2025-09-11T13:05:03Z,18496.0,18496.1,2577,1532.37164,1532.37164,2.9049600000000737,0.0024350368275481405,1.058499999994746
2025-09-11T13:05:03Z,18496.0,18496.2,2578,1532.48223,1532.48223,3.0155500000000757,0.0025277371479513634,1.0865999999952063
2025-09-11T13:05:03Z,18496.0,18496.3,2579,1532.58896,1532.58896,3.122280000000046,0.002617201884334699,0.9761499999999543
2025-09-11T13:05:03Z,18496.0,18496.4,2580,1532.67746,1532.67746,3.2107800000001134,0.0026913856112149898,0.7561499999922674
2025-09-11T13:05:03Z,18496.0,18496.5,2581,1532.74019,1532.74019,3.2735099999999875,0.0027439680427086364,0.6498500000092449
2025-09-11T13:05:03Z,18496.0,18496.6,2582,1532.80743,1532.80743,3.340750000000071,0.0028003309104536436,0.6472999999991025
2025-09-11T13:05:03Z,18496.0,18496.7,2583,1532.86965,1532.86965,3.4029700000000958,0.002852485842504378,0.6204999999976728
2025-09-11T13:05:03Z,18496.0,18496.8,2584,1532.93153,1532.93153,3.4648500000000695,0.0029043557749263774,0.5597000000001344
2025-09-11T13:05:03Z,18496.0,18496.9,2585,1532.98159,1532.98159,3.5149100000001,0.0029463177790803523,0.4614499999959989
2025-09-11T13:05:03Z,18497.0,18497.0,2586,1533.02382,1533.02382,3.5571399999998903,0.0029817164094321797,0.4466500000054552
2025-09-11T13:05:04Z,18497.0,18497.1,2587,1533.07092,1533.07092,3.6042399999998906,0.0030211972403481014,0.37950000000218154
2025-09-11T13:05:04Z,18497.0,18497.2,2588,1533.09972,1533.09972,3.633039999999937,0.003045338385366793,0.2930499999993401
2025-09-11T13:05:04Z,18497.0,18497.3,2589,1533.12953,1533.12953,3.662849999999935,0.0030703261469295,0.2598500000003625
2025-09-11T13:05:04Z,18497.0,18497.4,2590,1533.15169,1533.15169,3.68500999999992,0.003088901416846618,0.1798999999983728
2025-09-11T13:05:04Z,18497.0,18497.5,2591,1533.16551,1533.16551,3.6988300000000436,0.0031004858135188665,0.18150000000255417
2025-09-11T13:05:04Z,18497.0,18497.6,2592,1533.18799,1533.18799,3.721309999999903,0.00311932931838053,0.19294999999988605
2025-09-11T13:05:04Z,18497.0,18497.7,2593,1533.2041,1533.2041,3.737419999999929,0.0031328332713753603,0.13274999999869763
2025-09-11T13:05:04Z,18497.0,18497.8,2594,1533.21454,1533.21454,3.747859999999946,0.0031415844364446363,0.05220000000179681
2025-09-11T13:05:04Z,18497.0,18497.9,2595,1533.22086,1533.21454,3.747859999999946,0.0031415844364446363,-3.552713678800501e-15
2025-09-11T13:05:04Z,18498.0,18498.0,2596,1533.22825,1533.21454,3.747859999999946,0.0031415844364446363,-1.8192173684471271
2025-09-11T13:05:05Z,18498.0,18498.11111111111,2597,1532.78781,1532.78781,3.321130000000039,0.00278388475540966,-9.467009999798176
2025-09-11T13:05:05Z,18498.0,18498.222222222223,2598,1531.11076,1531.11076,1.6440800000000309,0.001378124086884267,-8.596799999771566
2025-09-11T13:05:05Z,18498.0,18498.333333333332,2599,1530.87741,1530.87741,1.4107300000000578,0.001182522135839062,-1.8205650000054892
2025-09-11T13:05:05Z,18498.0,18498.444444444445,2600,1530.70619,1530.70619,1.2395100000001094,0.0010389996757664082,-1.6317450000005964
2025-09-11T13:05:05Z,18498.0,18498.555555555555,2601,1530.5148,1530.5148,1.0481199999999262,0.0008785700318384806,-1.6576199999998575
2025-09-11T13:05:05Z,18498.0,18498.666666666668,2602,1530.33783,1530.33783,0.8711499999999432,0.0007302277251040876,-2.0319300000107865
2025-09-11T13:05:05Z,18498.0,18498.777777777777,2603,1530.06326,1530.06326,0.5965799999999035,0.0005000737602508804,-1.7513100000199175
2025-09-11T13:05:05Z,18498.0,18498.88888888889,2604,1529.94865,1529.94865,0.48197000000004664,0.00040400373835559216,-1.1826900000024378
2025-09-11T13:05:05Z,18499.0,18499.0,2605,1529.80044,1529.80044,0.33375999999998385,0.00027976904727170334,-1.2295350000179472
2025-09-11T13:05:06Z,18499.0,18499.11111111111,2606,1529.67542,1529.67542,0.20874000000003434,0.00017497300733313695,-0.6132600000153865
2025-09-11T13:05:06Z,18499.0,18499.222222222223,2607,1529.66416,1529.66416,0.1974800000000414,0.0001655344902182114,-0.08594999999925135
2025-09-11T13:05:06Z,18499.0,18499.333333333332,2608,1529.65632,1529.65632,0.189640000000054,0.00015896273407425544,-0.06367499999998527
2025-09-11T13:05:06Z,18499.0,18499.444444444445,2609,1529.65001,1529.65001,0.18333000000006905,0.0001536734762594175,-0.05382000000000553
2025-09-11T13:05:06Z,18499.0,18499.555555555555,2610,1529.64436,1529.64436,0.17768000000000939,0.000148937453017861,-0.05350499999978853
2025-09-11T13:05:06Z,18499.0,18499.666666666668,2611,1529.63812,1529.63812,0.1714400000000751,0.00014370687159720802,-0.04387499999924782
2025-09-11T13:05:06Z,18499.0,18499.777777777777,2612,1529.63461,1529.63461,0.1679300000000694,0.000140764669548055,-0.03163499999987851
2025-09-11T13:05:06Z,18499.0,18499.88888888889,2613,1529.63109,1529.63109,0.16441000000008898,0.0001378140851569028,-0.02875499999989839
2025-09-11T13:05:06Z,18500.0,18500.0,2614,1529.62822,1529.62822,0.16154000000005908,0.00013540835299703284,-0.02544578947433629
2025-09-11T13:05:07Z,18500.0,18500.1,2615,1529.62571,1529.62571,0.15903000000002976,0.00013330438514989654,-0.02470000000009087
2025-09-11T13:05:07Z,18500.0,18500.2,2616,1529.62328,1529.62328,0.15660000000002583,0.00013126747603894442,-0.02370000000030925
2025-09-11T13:05:07Z,18500.0,18500.3,2617,1529.62097,1529.62097,0.1542899999999463,0.00012933115503217335,-0.024050000000548466
2025-09-11T13:05:07Z,18500.0,18500.4,2618,1529.61847,1529.61847,0.15178999999989173,0.00012723556952703625,-0.0254999999992086
2025-09-11T13:05:07Z,18500.0,18500.5,2619,1529.61587,1529.61587,0.14919000000008964,0.00012505616060190712,-0.018449999999161415
2025-09-11T13:05:07Z,18500.0,18500.6,2620,1529.61478,1529.61478,0.14810000000011314,0.000124142485321707,-0.014200000000356594
2025-09-11T13:05:07Z,18500.0,18500.7,2621,1529.61303,1529.61303,0.146349999999984,0.00012267557546803478,-0.018449999999997302
2025-09-11T13:05:07Z,18500.0,18500.8,2622,1529.61109,1529.61109,0.14441000000010717,0.00012104940111618714,-0.018649999999484246
2025-09-11T13:05:07Z,18500.0,18500.9,2623,1529.6093,1529.6093,0.14262000000007902,0.00011954896189451813,-0.016800000000683935
2025-09-11T13:05:07Z,18501.0,18501.0,2624,1529.60773,1529.60773,0.14104999999995016,0.00011823293419721274,-0.016450000000771237
2025-09-11T13:05:08Z,18501.0,18501.1,2625,1529.60601,1529.60601,0.13932999999997264,0.00011679117136972874,-0.014449999999944452
2025-09-11T13:05:08Z,18501.0,18501.2,2626,1529.60484,1529.60484,0.13815999999997075,0.0001158104373533444,-0.011849999999602567
2025-09-11T13:05:08Z,18501.0,18501.3,2627,1529.60364,1529.60364,0.1369600000000446,0.00011480455631096245,-0.013549999999789786
2025-09-11T13:05:08Z,18501.0,18501.4,2628,1529.60213,1529.60213,0.13544999999999163,0.00011353882266584286,-0.013800000000303791
2025-09-11T13:05:08Z,18501.0,18501.5,2629,1529.60088,1529.60088,0.13419999999996435,0.00011249102991327431,-0.011200000000307408
2025-09-11T13:05:08Z,18501.0,18501.6,2630,1529.59989,1529.59989,0.13320999999996275,0.00011166117805325679,-0.01210000000002176
2025-09-11T13:05:08Z,18501.0,18501.7,2631,1529.59846,1529.59846,0.13177999999993517,0.00011046250314432141,-0.012899999999165135
2025-09-11T13:05:08Z,18501.0,18501.8,2632,1529.59731,1529.59731,0.13063000000011016,0.00010949853381212607,-0.010049999999653614
2025-09-11T13:05:08Z,18501.0,18501.9,2633,1529.59645,1529.59645,0.1297700000000077,0.00010877765239828877,-0.009700000000525622
2025-09-11T13:05:08Z,18502.0,18502.0,2634,1529.59537,1529.59537,0.12869000000000597,0.00010787235946008783,-0.011849999999812622
2025-09-11T13:05:09Z,18502.0,18502.1,2635,1529.59408,1529.59408,0.12740000000007967,0.00010679103733952248,-0.012550000000113748
2025-09-11T13:05:09Z,18502.0,18502.2,2636,1529.59286,1529.59286,0.12617999999997664,0.00010576839161295153,-0.00965000000051941
2025-09-11T13:05:09Z,18502.0,18502.3,2637,1529.59215,1529.59215,0.12546999999995023,0.00010517324532948344,-0.006200000000272876
2025-09-11T13:05:09Z,18502.0,18502.4,2638,1529.59162,1529.59162,0.12493999999992411,0.00010472898120238218,-0.0068499999997898575
2025-09-11T13:05:09Z,18502.0,18502.5,2639,1529.59078,1529.59078,0.12409999999999854,0.00010402486447273388,-0.009749999999399739
2025-09-11T13:05:09Z,18502.0,18502.6,2640,1529.58967,1529.58967,0.12299000000007254,0.00010309442450853534,-0.010200000000391007
2025-09-11T13:05:09Z,18502.0,18502.7,2641,1529.58874,1529.58874,0.12205999999991946,0.00010231486670051303,-0.009300000000360242
2025-09-11T13:05:09Z,18502.0,18502.8,2642,1529.58781,1529.58781,0.12112999999999374,0.00010153530889268131,-0.007899999999403384
2025-09-11T13:05:09Z,18502.0,18502.9,2643,1529.58716,1529.58716,0.12048000000004322,0.00010099045666139904,-0.0050499999996844736
2025-09-11T13:05:09Z,18503.0,18503.0,2644,1529.5868,1529.5868,0.12012000000004264,0.0001006886923486654,-0.00705000000049294
2025-09-11T13:05:10Z,18503.0,18503.1,2645,1529.58575,1529.58575,0.11906999999996515,9.980854643646207e-05,-0.008800000000549257
2025-09-11T13:05:10Z,18503.0,18503.2,2646,1529.58504,1529.58504,0.11835999999993874,9.921340015299398e-05,-0.00354999999998995
2025-09-11T13:05:10Z,18503.0,18503.3,2647,1529.58405,1529.58504,0.11835999999993874,9.921340015299398e-05,0.0
2025-09-11T13:05:10Z,18503.0,18503.4,2648,1529.58386,1529.58504,0.11835999999993874,9.921340015299398e-05,1.1543500000382725
2025-09-11T13:05:10Z,18503.0,18503.5,2649,1529.81591,1529.81591,0.3492300000000341,0.00029273653037725084,2.0699500000301843
2025-09-11T13:05:10Z,18503.0,18503.6,2650,1529.99903,1529.99903,0.5323499999999513,0.0004462339774541133,1.8022999999938718
2025-09-11T13:05:10Z,18503.0,18503.7,2651,1530.17637,1530.17637,0.7096899999999096,0.000594886430843239,1.9202499999989353
2025-09-11T13:05:10Z,18503.0,18503.8,2652,1530.38308,1530.38308,0.9164000000000669,0.000768157822746345,1.9696499999972903
2025-09-11T13:05:10Z,18503.0,18503.9,2653,1530.5703,1530.5703,1.1036200000000917,0.0009250920300516476,1.5956499999834302
2025-09-11T13:05:10Z,18504.0,18504.0,2654,1530.70221,1530.70221,1.235529999999926,0.001035663503642149,1.4228000000198469
2025-09-11T13:05:11Z,18504.0,18504.1,2655,1530.85486,1530.85486,1.3881799999999203,0.0011636199545830227,1.6668999999889973
2025-09-11T13:05:11Z,18504.0,18504.2,2656,1531.03559,1531.03559,1.5689099999999598,0.0013151140219171205,1.7491999999919505
2025-09-11T13:05:11Z,18504.0,18504.3,2657,1531.2047,1531.2047,1.738020000000006,0.001456867807823559,1.4656000000030946
2025-09-11T13:05:11Z,18504.0,18504.4,2658,1531.32871,1531.32871,1.8620300000000043,0.0015608172312181095,1.3532999999987307
2025-09-11T13:05:11Z,18504.0,18504.5,2659,1531.47536,1531.47536,2.008679999999913,0.0016837442769466922,1.604700000023671
2025-09-11T13:05:11Z,18504.0,18504.6,2660,1531.64965,1531.64965,2.1829700000000685,0.0018298401160197716,1.5423500000025356
2025-09-11T13:05:11Z,18504.0,18504.7,2661,1531.78383,1531.78383,2.3171500000000833,0.0019423143812490476,1.2509999999918957
2025-09-11T13:05:11Z,18504.0,18504.8,2662,1531.89985,1531.89985,2.4331700000000183,0.002039566313369273,1.2262999999927153
2025-09-11T13:05:11Z,18504.0,18504.9,2663,1532.02909,1532.02909,2.56241,0.0021478997016404606,1.2088499999929994
2025-09-11T13:05:11Z,18505.0,18505.0,2664,1532.14162,1532.14162,2.674940000000106,0.0022422261963957217,1.0774000000160306
2025-09-11T13:05:12Z,18505.0,18505.1,2665,1532.24457,1532.24457,2.7778900000000704,0.002328522407495354,1.103949999992535
2025-09-11T13:05:12Z,18505.0,18505.2,2666,1532.36241,1532.36241,2.8957299999999577,0.002427299925863246,1.0596499999915174
2025-09-11T13:05:12Z,18505.0,18505.3,2667,1532.4565,1532.4565,2.989820000000009,0.002506169381932907,0.9068499999980162
2025-09-11T13:05:12Z,18505.0,18505.4,2668,1532.54378,1532.54378,3.077099999999973,0.0025793304630866267,0.8546999999960985
2025-09-11T13:05:12Z,18505.0,18505.5,2669,1532.62744,1532.62744,3.160759999999982,0.0026494571364290113,0.7840000000112859
2025-09-11T13:05:12Z,18505.0,18505.6,2670,1532.70058,1532.70058,3.2338999999999487,0.0027107655859659363,0.7545999999966195
2025-09-11T13:05:12Z,18505.0,18505.7,2671,1532.77836,1532.77836,3.311680000000024,0.002775963442200402,0.6784499999942568
2025-09-11T13:05:12Z,18505.0,18505.8,2672,1532.83627,1532.83627,3.3695900000000165,0.0028245055848403317,0.5758499999981979
2025-09-11T13:05:12Z,18505.0,18505.9,2673,1532.89353,1532.89353,3.4268500000000586,0.0028725028752489795,0.5530999999969097
2025-09-11T13:05:12Z,18506.0,18506.0,2674,1532.94689,1532.94689,3.4802099999999427,0.0029172310522695526,0.43760000000656873
2025-09-11T13:05:13Z,18506.0,18506.1,2675,1532.98105,1532.98105,3.514370000000099,0.002945865132611252,0.3590499999987635
2025-09-11T13:05:13Z,18506.0,18506.2,2676,1533.0187,1533.0187,3.552020000000084,0.002977424650317915,0.300349999996115
2025-09-11T13:05:13Z,18506.0,18506.3,2677,1533.04112,1533.04112,3.574440000000095,0.0029962178611275835,0.2181999999987667
2025-09-11T13:05:13Z,18506.0,18506.4,2678,1533.06234,1533.06234,3.5956599999999526,0.0030140051908946796,0.19919999999836335
2025-09-11T13:05:13Z,18506.0,18506.5,2679,1533.08096,1533.08096,3.614280000000008,0.0030296131117366464,0.16855000000322917
2025-09-11T13:05:13Z,18506.0,18506.6,2680,1533.09605,1533.09605,3.629370000000108,0.003042262065845462,0.17424999999854407
2025-09-11T13:05:13Z,18506.0,18506.7,2681,1533.11581,1533.11581,3.6491300000000138,0.003058825573677625,0.15534999999789534
2025-09-11T13:05:13Z,18506.0,18506.8,2682,1533.12712,1533.12712,3.660440000000108,0.0030683060025027374,0.13709999999809241
2025-09-11T13:05:13Z,18506.0,18506.9,2683,1533.14323,1533.14323,3.6765499999999065,0.003081809955497377,0.08054999999576751
2025-09-11T13:05:13Z,18507.0,18507.0,2684,1533.15976,1533.14323,3.6765499999999065,0.003081809955497377,0.0
2025-09-11T13:05:14Z,18507.0,18507.11111111111,2685,1533.16266,1533.14323,3.6765499999999065,0.003081809955497377,-9.084149999685383
2025-09-11T13:05:14Z,18507.0,18507.222222222223,2686,1531.12453,1531.12453,1.6578500000000531,0.0013896665718463289,-10.4786099997286
2025-09-11T13:05:14Z,18507.0,18507.333333333332,2687,1530.81465,1530.81465,1.347970000000032,0.001129914557319227,-2.164500000016483
2025-09-11T13:05:14Z,18507.0,18507.444444444445,2688,1530.64353,1530.64353,1.1768500000000586,0.0009864759206667558,-1.4771249999953664
2025-09-11T13:05:14Z,18507.0,18507.555555555555,2689,1530.4864,1530.4864,1.0197200000000066,0.0008547641805007101,-1.4880149999951207
2025-09-11T13:05:14Z,18507.0,18507.666666666668,2690,1530.31286,1530.31286,0.8461800000000039,0.000709297017079286,-1.3696199999916097
2025-09-11T13:05:14Z,18507.0,18507.777777777777,2691,1530.18204,1530.18204,0.7153599999999187,0.0005996392187687939,-1.287179999993871
2025-09-11T13:05:14Z,18507.0,18507.88888888889,2692,1530.02682,1530.02682,0.5601400000000467,0.00046952850592878886,-1.3037399999945236
2025-09-11T13:05:14Z,18508.0,18508.0,2693,1529.89232,1529.89232,0.4256399999999303,0.0003567860057547761,-1.2823421052814665
2025-09-11T13:05:15Z,18508.0,18508.1,2694,1529.75762,1529.75762,0.29094000000009146,0.00024387585874058876,-1.1077000000046986
2025-09-11T13:05:15Z,18508.0,18508.2,2695,1529.67078,1529.67078,0.20409999999992579,0.0001710836006355964,-0.4821999999843438
2025-09-11T13:05:15Z,18508.0,18508.3,2696,1529.66118,1529.66118,0.19450000000006185,0.00016303655229615963,-0.07909999999957074
2025-09-11T13:05:15Z,18508.0,18508.4,2697,1529.65496,1529.65496,0.18828000000007705,0.00015782273555950508,-0.05949999999952882
2025-09-11T13:05:15Z,18508.0,18508.5,2698,1529.64928,1529.64928,0.18260000000009313,0.000153061565291951,-0.05395000000099859
2025-09-11T13:05:15Z,18508.0,18508.6,2699,1529.64417,1529.64417,0.17749000000003434,0.00014877818851949495,-0.04549999999998555
2025-09-11T13:05:15Z,18508.0,18508.7,2700,1529.64018,1529.64018,0.17350000000010368,0.0001454336340534273,-0.03789999999959803
2025-09-11T13:05:15Z,18508.0,18508.8,2701,1529.63659,1529.63659,0.16991000000007261,0.00014242437326809004,-0.03620000000054746
2025-09-11T13:05:15Z,18508.0,18508.9,2702,1529.63294,1529.63294,0.16625999999996566,0.000139364818430567,-0.03324999999994083
2025-09-11T13:05:15Z,18509.0,18509.0,2703,1529.62994,1529.62994,0.1632600000000366,0.00013685011582451683,-0.027342631578882837
2025-09-11T13:05:16Z,18509.0,18509.11111111111,2704,1529.62723,1529.62723,0.16055000000005748,0.00013457850113701532,-0.023850000000126492
2025-09-11T13:05:16Z,18509.0,18509.222222222223,2705,1529.62464,1529.62464,0.15796000000000276,0.00013240747455369478,-0.024615000000265064
2025-09-11T13:05:16Z,18509.0,18509.333333333332,2706,1529.62176,1529.62176,0.1550799999999981,0.00012999336005182563,-0.023939999999946227
2025-09-11T13:05:16Z,18509.0,18509.444444444445,2707,1529.61932,1529.61932,0.15264000000001943,0.00012794806859887435,-0.02587500000023657
2025-09-11T13:05:16Z,18509.0,18509.555555555555,2708,1529.61601,1529.61601,0.14932999999996355,0.00012517351339008654,-0.02996999999998795
2025-09-11T13:05:16Z,18509.0,18509.666666666668,2709,1529.61266,1529.61266,0.14598000000000866,0.00012236542881330194,-0.02056499999990935
2025-09-11T13:05:16Z,18509.0,18509.777777777777,2710,1529.61144,1529.61144,0.14475999999990563,0.00012134278308673099,-0.010755000000459924
2025-09-11T13:05:16Z,18509.0,18509.88888888889,2711,1529.61027,1529.61027,0.14358999999990374,0.00012036204907034665,-0.012329999999601826
2025-09-11T13:05:16Z,18510.0,18510.0,2712,1529.6087,1529.6087,0.14202000000000226,0.00011904602137323186,-0.013272105263074652
2025-09-11T13:05:17Z,18510.0,18510.1,2713,1529.60745,1529.60745,0.14076999999997497,0.00011799822862066331,-0.01619999999983268
2025-09-11T13:05:17Z,18510.0,18510.2,2714,1529.60546,1529.60546,0.13877999999999702,0.00011633014255862906,-0.016950000000237386
2025-09-11T13:05:17Z,18510.0,18510.3,2715,1529.60406,1529.60406,0.1373799999998937,0.0001151566146756913,-0.013149999999751638
2025-09-11T13:05:17Z,18510.0,18510.4,2716,1529.60283,1529.60283,0.1361500000000433,0.00011412558660731174,-0.011849999999580696
2025-09-11T13:05:17Z,18510.0,18510.5,2717,1529.60169,1529.60169,0.13500999999996566,0.000113169999616925,-0.01260000000020367
2025-09-11T13:05:17Z,18510.0,18510.6,2718,1529.60031,1529.60031,0.13363000000003922,0.00011201323641817624,-0.011799999999796196
2025-09-11T13:05:17Z,18510.0,18510.7,2719,1529.59933,1529.59933,0.13265000000001237,0.00011119176690015792,-0.01105000000052847
2025-09-11T13:05:17Z,18510.0,18510.8,2720,1529.5981,1529.5981,0.1314199999999346,0.00011016073883158778,-0.01274999999957882
2025-09-11T13:05:17Z,18510.0,18510.9,2721,1529.59678,1529.59678,0.13010000000008404,0.0001090542696850248,-0.011399999999532562
2025-09-11T13:05:17Z,18511.0,18511.0,2722,1529.59582,1529.59582,0.1291400000000067,0.00010824956485100489,-0.009700000000662068
2025-09-11T13:05:18Z,18511.0,18511.1,2723,1529.59484,1529.59484,0.12815999999997985,0.00010742809533298657,-0.010799999999941745
2025-09-11T13:05:18Z,18511.0,18511.2,2724,1529.59366,1529.59366,0.1269800000000032,0.00010643897897460303,-0.010499999999552534
2025-09-11T13:05:18Z,18511.0,18511.3,2725,1529.59274,1529.59274,0.12606000000005224,0.00010566780350877052,-0.008850000000373837
2025-09-11T13:05:18Z,18511.0,18511.4,2726,1529.59189,1529.59189,0.12520999999992455,0.00010495530443693242,-0.009350000000264647
2025-09-11T13:05:18Z,18511.0,18511.5,2727,1529.59087,1529.59087,0.12418999999999869,0.00010410030555091729,-0.009149999999769065
2025-09-11T13:05:18Z,18511.0,18511.6,2728,1529.59006,1529.59006,0.12337999999999738,0.0001034213358472666,-0.008099999999983676
2025-09-11T13:05:18Z,18511.0,18511.7,2729,1529.58925,1529.58925,0.12256999999999607,0.0001027423661436159,-0.009000000000014552
2025-09-11T13:05:18Z,18511.0,18511.8,2730,1529.58826,1529.58826,0.12157999999999447,0.00010191251428359837,-0.00909999999975808
2025-09-11T13:05:18Z,18511.0,18511.9,2731,1529.58743,1529.58743,0.12075000000004366,0.00010121677989594927,-0.00874999999949344
2025-09-11T13:05:19Z,18512.0,18512.0,2732,1529.58651,1529.58651,0.1198300000000927,0.00010044560443011676,-0.008600000000012709
2025-09-11T13:05:19Z,18512.0,18512.1,2733,1529.58571,1529.58571,0.11903000000006614,9.977501706846527e-05,-0.0040000000002637925
2025-09-11T13:05:19Z,18512.0,18512.2,2734,1529.58522,1529.58571,0.11903000000006614,9.977501706846527e-05,0.0
2025-09-11T13:05:19Z,18512.0,18512.3,2735,1529.58474,1529.58571,0.11903000000006614,9.977501706846527e-05,0.7721999999692101
2025-09-11T13:05:19Z,18512.0,18512.4,2736,1529.74015,1529.74015,0.2734700000000885,0.00022923190723100784,1.9009500000053396
2025-09-11T13:05:19Z,18512.0,18512.5,2737,1529.9659,1529.9659,0.49921999999992295,0.0004184632783406189,1.8673000000272866
2025-09-11T13:05:19Z,18512.0,18512.6,2738,1530.11361,1530.11361,0.6469300000001112,0.0005422788523235946,1.4307499999971527
2025-09-11T13:05:19Z,18512.0,18512.7,2739,1530.25205,1530.25205,0.7853700000000572,0.0006583239952534884,1.6631500000034949
2025-09-11T13:05:19Z,18512.0,18512.8,2740,1530.44624,1530.44624,0.9795599999999922,0.0008211006949469104,1.7581999999995923
2025-09-11T13:05:19Z,18512.0,18512.9,2741,1530.60369,1530.60369,1.1370099999999184,0.0009530806700575024,1.6932499999977395
2025-09-11T13:05:19Z,18513.0,18513.0,2742,1530.78489,1530.78489,1.3182099999999082,0.0011049687074665155,1.5087500000223732
2025-09-11T13:05:20Z,18513.0,18513.1,2743,1530.90544,1530.90544,1.438760000000002,0.0012060178405220996,1.4901499999849914
2025-09-11T13:05:20Z,18513.0,18513.2,2744,1531.08292,1531.08292,1.6162400000000616,0.0013547876466995954,1.5930499999877679
2025-09-11T13:05:20Z,18513.0,18513.3,2745,1531.22405,1531.22405,1.7573700000000372,0.0014730876396329923,1.4138999999947721
2025-09-11T13:05:20Z,18513.0,18513.4,2746,1531.3657,1531.3657,1.899020000000064,0.0015918235143514913,1.5634499999995342
2025-09-11T13:05:20Z,18513.0,18513.5,2747,1531.53674,1531.53674,2.0700600000000122,0.0017351950922677784,1.701050000023967
2025-09-11T13:05:20Z,18513.0,18513.6,2748,1531.70591,1531.70591,2.239229999999907,0.001876999172226212,1.6086499999966115
2025-09-11T13:05:20Z,18513.0,18513.7,2749,1531.85847,1531.85847,2.391789999999901,0.0020048801820889022,1.2178499999848267
2025-09-11T13:05:20Z,18513.0,18513.8,2750,1531.94948,1531.94948,2.4827999999999975,0.0020811678768163293,0.9393499999965318
2025-09-11T13:05:20Z,18513.0,18513.9,2751,1532.04634,1532.04634,2.5796600000001035,0.0021623592416256778,0.9309499999947288
2025-09-11T13:05:20Z,18514.0,18514.0,2752,1532.13567,1532.13567,2.6689899999998943,0.0022372387028934265,0.9536500000128925
2025-09-11T13:05:21Z,18514.0,18514.1,2753,1532.23707,1532.23707,2.7703899999999066,0.0023222356509799424,0.9755999999982894
2025-09-11T13:05:21Z,18514.0,18514.2,2754,1532.33079,1532.33079,2.8641099999999824,0.002400794960394871,1.019150000000037
2025-09-11T13:05:21Z,18514.0,18514.3,2755,1532.4409,1532.4409,2.9742200000000594,0.0024930929283811794,0.9543000000015169
2025-09-11T13:05:21Z,18514.0,18514.4,2756,1532.52165,1532.52165,3.054969999999912,0.0025607803401955067,0.7933999999966197
2025-09-11T13:05:21Z,18514.0,18514.5,2757,1532.59958,1532.59958,3.1329000000000633,0.0026261039315603413,0.7656000000120002
2025-09-11T13:05:21Z,18514.0,18514.6,2758,1532.67477,1532.67477,3.208090000000084,0.0026891307612114863,0.6814499999996695
2025-09-11T13:05:21Z,18514.0,18514.7,2759,1532.73587,1532.73587,3.2691899999999805,0.0027403468709558325,0.5828999999962861
2025-09-11T13:05:21Z,18514.0,18514.8,2760,1532.79135,1532.79135,3.324669999999969,0.002786852104484811,0.5069000000002113
2025-09-11T13:05:21Z,18514.0,18514.9,2761,1532.83725,1532.83725,3.3705700000000434,0.00282532705435835,0.538650000000672
2025-09-11T13:05:21Z,18515.0,18515.0,2762,1532.89908,1532.89908,3.432399999999916,0.002877155075070163,0.5487000000073579
2025-09-11T13:05:22Z,18515.0,18515.1,2763,1532.94699,1532.94699,3.4803099999999176,0.002917314875689735,0.38885000000237113
2025-09-11T13:05:22Z,18515.0,18515.2,2764,1532.97685,1532.97685,3.5101700000000164,0.002942344548962629,0.2939499999989863
2025-09-11T13:05:22Z,18515.0,18515.3,2765,1533.00578,1533.00578,3.539099999999962,0.0029665946644275008,0.29874999999804075
2025-09-11T13:05:22Z,18515.0,18515.4,2766,1533.0366,1533.0366,3.569919999999911,0.0029924290425342244,0.24664999999713544
2025-09-11T13:05:22Z,18515.0,18515.5,2767,1533.05511,1533.05511,3.5884300000000167,0.003007944757614009,0.18335000000359614
2025-09-11T13:05:22Z,18515.0,18515.6,2768,1533.07327,1533.07327,3.6065900000000966,0.00302316709072306,0.18589999999934292
2025-09-11T13:05:22Z,18515.0,18515.7,2769,1533.09229,1533.09229,3.6256100000000515,0.0030391103052457573,0.16664999999843033
2025-09-11T13:05:22Z,18515.0,18515.8,2770,1533.1066,1533.1066,3.6399200000000747,0.0030511054366769196,0.10880000000014434
2025-09-11T13:05:22Z,18515.0,18515.9,2771,1533.11405,1533.11405,3.64736999999991,0.0030573502814819535,0.03724999999768386
2025-09-11T13:05:22Z,18516.0,18516.0,2772,1533.12348,1533.11405,3.64736999999991,0.0030573502814819535,0.0
2025-09-11T13:05:23Z,18516.0,18516.1,2773,1533.13186,1533.11405,3.64736999999991,0.0030573502814819535,-9.438049999622285
2025-09-11T13:05:23Z,18516.0,18516.2,2774,1531.22644,1531.22644,1.7597599999999147,0.001475091019375757,-10.80869999966723
2025-09-11T13:05:23Z,18516.0,18516.3,2775,1530.95231,1530.95231,1.485629999999901,0.0012453058775714677,-2.337000000006195
2025-09-11T13:05:23Z,18516.0,18516.4,2776,1530.75904,1530.75904,1.292359999999917,0.0010833003533438782,-1.7482499999863457
2025-09-11T13:05:23Z,18516.0,18516.5,2777,1530.60266,1530.60266,1.1359800000000178,0.000952217288829488,-1.5606000000218225
2025-09-11T13:05:23Z,18516.0,18516.6,2778,1530.44692,1530.44692,0.9802400000000944,0.0008216706942043809,-1.7437999999872948
2025-09-11T13:05:23Z,18516.0,18516.7,2779,1530.2539,1530.2539,0.7872199999999339,0.0006598747285271526,-1.682899999985581
2025-09-11T13:05:23Z,18516.0,18516.8,2780,1530.11034,1530.11034,0.6436599999999544,0.0005395378264828036,-1.5734499999888998
2025-09-11T13:05:23Z,18516.0,18516.9,2781,1529.93921,1529.93921,0.4725300000000061,0.00039609080748833324,-1.635199999990769
2025-09-11T13:05:23Z,18517.0,18517.0,2782,1529.7833,1529.7833,0.3166200000000572,0.00026540171304885847,-1.3113500000188028
2025-09-11T13:05:24Z,18517.0,18517.1,2783,1529.67694,1529.67694,0.21026000000006206,0.00017624712332025574,-0.5952000000150796
2025-09-11T13:05:24Z,18517.0,18517.2,2784,1529.66426,1529.66426,0.1975800000000163,0.000165618313638394,-0.09929999999917793
2025-09-11T13:05:24Z,18517.0,18517.3,2785,1529.65708,1529.65708,0.19039999999995416,0.00015959979206771953,-0.06415000000065396
2025-09-11T13:05:24Z,18517.0,18517.4,2786,1529.65143,1529.65143,0.1847499999998945,0.00015486376882616306,-0.056349999999628086
2025-09-11T13:05:24Z,18517.0,18517.5,2787,1529.64581,1529.64581,0.17912999999998647,0.00015015289261079476,-0.04955000000067489
2025-09-11T13:05:24Z,18517.0,18517.6,2788,1529.64152,1529.64152,0.17483999999990374,0.00014655686788398866,-0.039000000000442014
2025-09-11T13:05:24Z,18517.0,18517.7,2789,1529.63801,1529.63801,0.17132999999989806,0.00014361466583483562,-0.038349999999788054
2025-09-11T13:05:24Z,18517.0,18517.8,2790,1529.63385,1529.63385,0.16716999999994187,0.0001401276115544003,-0.03554999999901132
2025-09-11T13:05:24Z,18517.0,18517.9,2791,1529.6309,1529.6309,0.16422000000011394,0.00013765482065853675,-0.02875000000004102
2025-09-11T13:05:24Z,18518.0,18518.0,2792,1529.6281,1529.6281,0.1614199999999073,0.0001353077648926612,-0.027500000001455138
2025-09-11T13:05:25Z,18518.0,18518.1,2793,1529.6254,1529.6254,0.15871999999990294,0.0001330445325471589,-0.027649999999415087
2025-09-11T13:05:25Z,18518.0,18518.2,2794,1529.62257,1529.62257,0.15588999999999942,0.00013067232975547634,-0.026499999998870316
2025-09-11T13:05:25Z,18518.0,18518.3,2795,1529.6201,1529.6201,0.15342000000009648,0.00012860189127652743,-0.023049999999760762
2025-09-11T13:05:25Z,18518.0,18518.4,2796,1529.61796,1529.61796,0.1512800000000425,0.00012680807008412398,-0.02375000000029004
2025-09-11T13:05:25Z,18518.0,18518.5,2797,1529.61535,1529.61535,0.14867000000003827,0.00012462027881680508,-0.021700000000098196
2025-09-11T13:05:25Z,18518.0,18518.6,2798,1529.61362,1529.61362,0.146940000000086,0.00012317013364732186,-0.0153499999999136
2025-09-11T13:05:25Z,18518.0,18518.7,2799,1529.61228,1529.61228,0.14560000000005857,0.00012204689981656989,-0.013049999999960926
2025-09-11T13:05:25Z,18518.0,18518.8,2800,1529.61101,1529.61101,0.14433000000008178,0.00012098234238000293,-0.016050000000224607
2025-09-11T13:05:25Z,18518.0,18518.9,2801,1529.60907,1529.60907,0.1423899999999776,0.0001193561680279647,-0.01804999999978818
2025-09-11T13:05:25Z,18519.0,18519.0,2802,1529.6074,1529.6074,0.1407200000001012,0.0001179563169106673,-0.015350000000121877
2025-09-11T13:05:26Z,18519.0,18519.1,2803,1529.606,1529.606,0.1393199999999979,0.00011678278902772953,-0.013700000000614776
2025-09-11T13:05:26Z,18519.0,18519.2,2804,1529.60466,1529.60466,0.13797999999997046,0.00011565955519697757,-0.01399999999986723
2025-09-11T13:05:26Z,18519.0,18519.3,2805,1529.6032,1529.6032,0.13652000000001863,0.00011443573326204459,-0.013199999999645273
2025-09-11T13:05:26Z,18519.0,18519.4,2806,1529.60202,1529.60202,0.13534000000004198,0.00011344661690366105,-0.01255000000012818
2025-09-11T13:05:26Z,18519.0,18519.5,2807,1529.60069,1529.60069,0.1340099999999893,0.00011233176541490829,-0.01370000000085303
2025-09-11T13:05:26Z,18519.0,18519.6,2808,1529.59928,1529.59928,0.13259999999991123,0.00011114985518997132,-0.011100000000465626
2025-09-11T13:05:26Z,18519.0,18519.7,2809,1529.59847,1529.59847,0.13178999999990992,0.00011047088548632061,-0.010399999999936238
2025-09-11T13:05:26Z,18519.0,18519.8,2810,1529.5972,1529.5972,0.13051999999993313,0.00010940632804975366,-0.01069999999916682
2025-09-11T13:05:26Z,18519.0,18519.9,2811,1529.59633,1529.59633,0.1296500000000833,0.00010867706429410775,-0.011099999999306998
2025-09-11T13:05:26Z,18520.0,18520.0,2812,1529.59498,1529.59498,0.12830000000008113,0.00010754544812135659,-0.010450000001053117
2025-09-11T13:05:27Z,18520.0,18520.1,2813,1529.59424,1529.59424,0.12755999999990308,0.00010692515481170031,-0.007850000000599322
2025-09-11T13:05:27Z,18520.0,18520.2,2814,1529.59341,1529.59341,0.12672999999995227,0.0001062294204240512,-0.010449999999804449
2025-09-11T13:05:27Z,18520.0,18520.3,2815,1529.59215,1529.59215,0.12546999999995023,0.00010517324532948344,-0.011200000000154642
2025-09-11T13:05:27Z,18520.0,18520.4,2816,1529.59117,1529.59117,0.12448999999992338,0.00010435177581146514,-0.007150000000015533
2025-09-11T13:05:27Z,18520.0,18520.5,2817,1529.59072,1529.59072,0.12403999999992266,0.00010397457042054808,-0.008299999999628938
2025-09-11T13:05:27Z,18520.0,18520.6,2818,1529.58951,1529.58951,0.12283000000002176,0.00010296030703616692,-0.008699999999727148
2025-09-11T13:05:27Z,18520.0,18520.7,2819,1529.58898,1529.58898,0.12229999999999563,0.00010251604290906566,-0.009750000000521175
2025-09-11T13:05:27Z,18520.0,18520.8,2820,1529.58756,1529.58756,0.12087999999994281,0.00010132575034212949,-0.010650000000486548
2025-09-11T13:05:27Z,18520.0,18520.9,2821,1529.58685,1529.58685,0.1201699999999164,0.0001007306040586614,-0.007799999999630769
2025-09-11T13:05:27Z,18521.0,18521.0,2822,1529.586,1529.586,0.11932000000001608,0.0001000181049870139,-0.007749999999872692
2025-09-11T13:05:28Z,18521.0,18521.1,2823,1529.5853,1529.5853,0.11861999999996442,9.943134104554501e-05,-0.0035000000003728715
2025-09-11T13:05:28Z,18521.0,18521.2,2824,1529.58461,1529.5853,0.11861999999996442,9.943134104554501e-05,0.0
2025-09-11T13:05:28Z,18521.0,18521.3,2825,1529.58427,1529.5853,0.11861999999996442,9.943134104554501e-05,1.0132999999602041
2025-09-11T13:05:28Z,18521.0,18521.4,2826,1529.78796,1529.78796,0.32128000000011525,0.00026930788443039745,1.9261999999896755
2025-09-11T13:05:28Z,18521.0,18521.5,2827,1529.97054,1529.97054,0.5038600000000315,0.0004223526850381594,1.775250000025293
2025-09-11T13:05:28Z,18521.0,18521.6,2828,1530.14301,1530.14301,0.6763300000000072,0.0005669229378633818,1.848299999989115
2025-09-11T13:05:28Z,18521.0,18521.7,2829,1530.3402,1530.3402,0.8735200000000987,0.0007322143401630446,1.9023499999908453
2025-09-11T13:05:28Z,18521.0,18521.8,2830,1530.52348,1530.52348,1.0568000000000666,0.0008858459047122754,1.5590500000039027
2025-09-11T13:05:28Z,18521.0,18521.9,2831,1530.65201,1530.65201,1.1853300000000218,0.0009935841466999949,1.5227500000022767
2025-09-11T13:05:28Z,18522.0,18522.0,2832,1530.82803,1530.82803,1.3613499999999021,0.001141130130942367,1.6096500000237528
2025-09-11T13:05:29Z,18522.0,18522.1,2833,1530.97394,1530.97394,1.5072600000000875,0.0012634368833616745,1.5357499999920865
2025-09-11T13:05:29Z,18522.0,18522.2,2834,1531.13518,1531.13518,1.6684999999999945,0.001398593766097969,1.5027499999901952
2025-09-11T13:05:29Z,18522.0,18522.3,2835,1531.27449,1531.27449,1.8078100000000177,0.0015153681727836993,1.4307999999939671
2025-09-11T13:05:29Z,18522.0,18522.4,2836,1531.42134,1531.42134,1.9546600000001035,0.0016384628653528378,1.6443500000006743
2025-09-11T13:05:29Z,18522.0,18522.5,2837,1531.60336,1531.60336,2.1366800000000694,0.0017910382548075008,1.6642000000232446
2025-09-11T13:05:29Z,18522.0,18522.6,2838,1531.75418,1531.75418,2.287499999999909,0.001917460737158518,1.224900000005558
2025-09-11T13:05:29Z,18522.0,18522.7,2839,1531.84834,1531.84834,2.3816600000000108,0.001996388869622364,0.9340999999969544
2025-09-11T13:05:29Z,18522.0,18522.8,2840,1531.941,1531.941,2.4743200000000343,0.0020740596507830902,0.9232499999963615
2025-09-11T13:05:29Z,18522.0,18522.9,2841,1532.03299,1532.03299,2.5663099999999304,0.0021511688150283445,0.8955499999960406
2025-09-11T13:05:29Z,18523.0,18523.0,2842,1532.12011,1532.12011,2.6534300000000712,0.0022241957787098865,0.933500000013451
2025-09-11T13:05:30Z,18523.0,18523.1,2843,1532.21969,1532.21969,2.753009999999904,0.0023076671405485452,0.9173999999991018
2025-09-11T13:05:30Z,18523.0,18523.2,2844,1532.30359,1532.30359,2.836909999999989,0.0023779949900994825,0.8334999999967252
2025-09-11T13:05:30Z,18523.0,18523.3,2845,1532.38639,1532.38639,2.9197099999998954,0.00244740078202803,0.8219499999967912
2025-09-11T13:05:30Z,18523.0,18523.4,2846,1532.46798,1532.46798,3.001299999999901,0.002515792310572196,0.8050999999967168
2025-09-11T13:05:30Z,18523.0,18523.5,2847,1532.54741,1532.54741,3.080729999999903,0.002582373253239961,0.8278500000126279
2025-09-11T13:05:30Z,18523.0,18523.6,2848,1532.63355,1532.63355,3.166870000000017,0.002654578747403484,0.7460000000018052
2025-09-11T13:05:30Z,18523.0,18523.7,2849,1532.69661,1532.69661,3.2299299999999675,0.002707437796183867,0.5860999999966907
2025-09-11T13:05:30Z,18523.0,18523.8,2850,1532.75077,1532.75077,3.2840900000001056,0.002752836560566282,0.5555499999977407
2025-09-11T13:05:30Z,18523.0,18523.9,2851,1532.80772,1532.80772,3.341040000000021,0.002800573998372192,0.5000999999949514
2025-09-11T13:05:30Z,18524.0,18524.0,2852,1532.85079,1532.85079,3.384109999999964,0.0028366767454538586,0.3964857894788931
2025-09-11T13:05:31Z,18524.0,18524.11111111111,2853,1532.89062,1532.89062,3.4239399999999023,0.002870063613720922,0.2981700000016865
2025-09-11T13:05:31Z,18524.0,18524.222222222223,2854,1532.91705,1532.91705,3.450370000000021,0.0028922181436808474,0.22819500000020554
2025-09-11T13:05:31Z,18524.0,18524.333333333332,2855,1532.94133,1532.94133,3.4746500000001106,0.0029125704701063702,0.2120399999996021
2025-09-11T13:05:31Z,18524.0,18524.444444444445,2856,1532.96417,1532.96417,3.4974899999999707,0.0029317157392807673,0.1833749999984402
2025-09-11T13:05:31Z,18524.0,18524.555555555555,2857,1532.98208,1532.98208,3.5153999999999996,0.0029467285138392663,0.14656500000056383
2025-09-11T13:05:31Z,18524.0,18524.666666666668,2858,1532.99674,1532.99674,3.5300600000000486,0.002959017027241163,0.13486500000006707
2025-09-11T13:05:31Z,18524.0,18524.777777777777,2859,1533.01205,1533.01205,3.545370000000048,0.002971850392874342,0.13756499999929694
2025-09-11T13:05:31Z,18524.0,18524.88888888889,2860,1533.02731,1533.02731,3.5606299999999464,0.0029846418467973346,0.06866999999716938
2025-09-11T13:05:31Z,18525.0,18525.0,2861,1533.05602,1533.02731,3.5606299999999464,0.0029846418467973346,0.0
2025-09-11T13:05:32Z,18525.0,18525.125,2862,1533.0644,1533.02731,3.5606299999999464,0.0029846418467973346,-7.555080000000089
2025-09-11T13:05:32Z,18525.0,18525.25,2863,1531.13854,1531.13854,1.6718599999999242,0.0014014102330167527,-8.637719999999717
2025-09-11T13:05:32Z,18525.0,18525.375,2864,1530.86788,1530.86788,1.401200000000017,0.0011745337638936198,-1.930159999999887
2025-09-11T13:05:32Z,18525.0,18525.5,2865,1530.656,1530.656,1.1893199999999524,0.0009969287011660625,-1.9391999999998006
2025-09-11T13:05:32Z,18525.0,18525.625,2866,1530.38308,1530.38308,0.9164000000000669,0.000768157822746345,-1.760599999999613
2025-09-11T13:05:32Z,18525.0,18525.75,2867,1530.21585,1530.21585,0.7491700000000492,0.0006279799171397589,-1.3522000000002663
2025-09-11T13:05:32Z,18525.0,18525.875,2868,1530.04503,1530.04503,0.5783500000000004,0.0004847927507478355,-1.2960000000002765
2025-09-11T13:05:32Z,18526.0,18526.0,2869,1529.89185,1529.89185,0.42516999999998006,0.0003563920356798607,-1.2919076470699566
2025-09-11T13:05:33Z,18526.0,18526.11111111111,2870,1529.74174,1529.74174,0.27505999999993946,0.00023056469961212103,-1.0073250000097982
2025-09-11T13:05:33Z,18526.0,18526.222222222223,2871,1529.668,1529.668,0.20131999999989603,0.00016875330955390988,-0.36233999998937905
2025-09-11T13:05:33Z,18526.0,18526.333333333332,2872,1529.66122,1529.66122,0.19453999999996086,0.00016307008166415644,-0.08072999999899733
2025-09-11T13:05:33Z,18526.0,18526.444444444445,2873,1529.65006,1529.65006,0.1833799999999428,0.00015371538796941347,-0.07487999999926165
2025-09-11T13:05:33Z,18526.0,18526.555555555555,2874,1529.64458,1529.64458,0.1778999999999087,0.00014912186454222462,-0.04495500000013375
2025-09-11T13:05:33Z,18526.0,18526.666666666668,2875,1529.64007,1529.64007,0.17338999999992666,0.00014534142829105486,-0.03662999999940819
2025-09-11T13:05:33Z,18526.0,18526.777777777777,2876,1529.63644,1529.63644,0.16975999999999658,0.00014229863813772082,-0.030914999999710258
2025-09-11T13:05:33Z,18526.0,18526.88888888889,2877,1529.6332,1529.6332,0.16651999999999134,0.00013958275932311805,-0.04081500000060079
2025-09-11T13:05:34Z,18527.0,18527.0,2878,1529.62737,1529.62737,0.1606899999999314,0.00013469585392519474,-0.03910000000029379
2025-09-11T13:05:34Z,18527.0,18527.14285714286,2879,1529.62424,1529.62424,0.15756000000010317,0.00013207218087296434,-0.025830000000188535
2025-09-11T13:05:34Z,18527.0,18527.285714285714,2880,1529.61999,1529.61999,0.15330999999991946,0.00012850968551415503,-0.02236500000026498
2025-09-11T13:05:34Z,18527.0,18527.428571428572,2881,1529.61785,1529.61785,0.15117000000009284,0.00012671586432194218,-0.021594999999800524
2025-09-11T13:05:34Z,18527.0,18527.571428571428,2882,1529.61382,1529.61382,0.1471400000000358,0.00012333778048768707,-0.019285000000912378
2025-09-11T13:05:34Z,18527.0,18527.714285714286,2883,1529.61234,1529.61234,0.14565999999990709,0.0001220971938685651,-0.011865000000344295
2025-09-11T13:05:34Z,18527.0,18527.85714285714,2884,1529.61043,1529.61043,0.14374999999995453,0.00012049616654271506,-0.013054999999699168
2025-09-11T13:05:34Z,18528.0,18528.0,2885,1529.60861,1529.60861,0.1419300000000021,0.00011897058029504844,-0.013113333333449995
2025-09-11T13:05:35Z,18528.0,18528.125,2886,1529.60693,1529.60693,0.1402499999999236,0.00011756234683556124,-0.011239999999816064
2025-09-11T13:05:35Z,18528.0,18528.25,2887,1529.6058,1529.6058,0.1391200000000481,0.00011661514218736431,-0.010599999999612919
2025-09-11T13:05:35Z,18528.0,18528.375,2888,1529.60428,1529.60428,0.13760000000002037,0.00011534102620024552,-0.010000000000218279
2025-09-11T13:05:35Z,18528.0,18528.5,2889,1529.6033,1529.6033,0.13661999999999352,0.0001145195566822272,-0.01407999999992171
2025-09-11T13:05:35Z,18528.0,18528.625,2890,1529.60076,1529.60076,0.13408000000003995,0.0001123904418090933,-0.015159999999923457
2025-09-11T13:05:35Z,18528.0,18528.75,2891,1529.59951,1529.59951,0.13283000000001266,0.00011134264905652475,-0.014640000000326836
2025-09-11T13:05:35Z,18528.0,18528.875,2892,1529.5971,1529.5971,0.13041999999995824,0.00010932250462957105,-0.012920000000121945
2025-09-11T13:05:35Z,18529.0,18529.0,2893,1529.59628,1529.59628,0.12959999999998217,0.00010863515258392114,-0.007599999999911233
2025-09-11T13:05:36Z,18529.0,18529.125,2894,1529.5952,1529.5952,0.12851999999998043,0.00010772985964572022,-0.009479999999712163
2025-09-11T13:05:36Z,18529.0,18529.25,2895,1529.59391,1529.59391,0.12723000000005413,0.00010664853752515485,-0.008439999999609427
2025-09-11T13:05:36Z,18529.0,18529.375,2896,1529.59309,1529.59309,0.12641000000007807,0.00010596118547950496,-0.011199999999917054
2025-09-11T13:05:36Z,18529.0,18529.5,2897,1529.59111,1529.59111,0.12443000000007487,0.00010430148175946991,-0.01044000000001688
2025-09-11T13:05:36Z,18529.0,18529.625,2898,1529.59048,1529.59048,0.12380000000007385,0.00010377339421218604,-0.005520000000615255
2025-09-11T13:05:36Z,18529.0,18529.75,2899,1529.58973,1529.58973,0.12304999999992106,0.00010314471856053055,-0.009320000000116124
2025-09-11T13:05:36Z,18529.0,18529.875,2900,1529.58815,1529.58815,0.12147000000004482,0.00010182030852141656,-0.010159999999814318
2025-09-11T13:05:36Z,18530.0,18530.0,2901,1529.58719,1529.58719,0.12050999999996748,0.00010101560368739664,-0.006615882353273594
2025-09-11T13:05:37Z,18530.0,18530.11111111111,2902,1529.58656,1529.58656,0.11987999999996646,0.00010048751614011278,-0.005625000000114011
2025-09-11T13:05:37Z,18530.0,18530.222222222223,2903,1529.58594,1529.58594,0.11925999999994019,9.996781093482809e-05,-0.007605000000292073
2025-09-11T13:05:37Z,18530.0,18530.333333333332,2904,1529.58487,1529.58487,0.1181899999999132,9.907090033862636e-05,-0.007199999999282336
2025-09-11T13:05:37Z,18530.0,18530.444444444445,2905,1529.58434,1529.58434,0.11766000000011445,9.862663621171569e-05,-0.005309999999902892
2025-09-11T13:05:37Z,18530.0,18530.555555555555,2906,1529.58369,1529.58369,0.11700999999993655,9.808178398024282e-05,-0.00805500000003978
2025-09-11T13:05:37Z,18530.0,18530.666666666668,2907,1529.58255,1529.58255,0.11587000000008629,9.712619699004668e-05,-0.009404999999742758
2025-09-11T13:05:37Z,18530.0,18530.777777777777,2908,1529.5816,1529.5816,0.1149199999999837,9.632987449802596e-05,-0.006840000000168267
2025-09-11T13:05:37Z,18530.0,18530.88888888889,2909,1529.58103,1529.58103,0.11435000000005857,9.585208100292789e-05,-0.007695000000082386
2025-09-11T13:05:37Z,18531.0,18531.0,2910,1529.57989,1529.57989,0.11320999999998094,9.489649401254116e-05,-0.007965000000469846
2025-09-11T13:05:38Z,18531.0,18531.11111111111,2911,1529.57926,1529.57926,0.11257999999997992,9.436840646525729e-05,-0.0036450000000656235
2025-09-11T13:05:38Z,18531.0,18531.222222222223,2912,1529.57908,1529.57908,0.11239999999997963,9.421752430889046e-05,-0.0027900000001513936
2025-09-11T13:05:38Z,18531.0,18531.333333333332,2913,1529.57864,1529.57864,0.11195999999995365,9.38487012599726e-05,-0.007245000000004609
2025-09-11T13:05:38Z,18531.0,18531.444444444445,2914,1529.57747,1529.57747,0.11078999999995176,9.286796724358826e-05,-0.007829999999569015
2025-09-11T13:05:38Z,18531.0,18531.555555555555,2915,1529.5769,1529.5769,0.11022000000002663,9.239017374849019e-05,-0.004544999999790855
2025-09-11T13:05:38Z,18531.0,18531.666666666668,2916,1529.57646,1529.57646,0.10978000000000065,9.202135069957233e-05,-0.004410000000127534
2025-09-11T13:05:38Z,18531.0,18531.777777777777,2917,1529.57592,1529.57592,0.10923999999999978,9.156870423047187e-05,-0.005625000000087532
2025-09-11T13:05:38Z,18531.0,18531.88888888889,2918,1529.57521,1529.57521,0.10852999999997337,9.09735579470038e-05,-0.004184999999585881
2025-09-11T13:05:38Z,18532.0,18532.0,2919,1529.57499,1529.57499,0.10831000000007407,9.078914642264015e-05,-0.004390624999518755
2025-09-11T13:05:39Z,18532.0,18532.14285714286,2920,1529.57392,1529.57392,0.10724000000004708,8.989223582643843e-05,-0.005810000000419313
2025-09-11T13:05:39Z,18532.0,18532.285714285714,2921,1529.57333,1529.57333,0.10664999999994507,8.939767764715136e-05,-0.005389999999898032
2025-09-11T13:05:39Z,18532.0,18532.428571428572,2922,1529.57238,1529.57238,0.10570000000006985,8.860135515532124e-05,-0.003849999999765097
2025-09-11T13:05:39Z,18532.0,18532.571428571428,2923,1529.57223,1529.57223,0.10554999999999382,8.847562002495203e-05,-0.003710000000121838
2025-09-11T13:05:39Z,18532.0,18532.714285714286,2924,1529.57132,1529.57132,0.10464000000001761,8.771282690111872e-05,-0.004970000000158292
2025-09-11T13:05:39Z,18532.0,18532.85714285714,2925,1529.57081,1529.57081,0.10412999999994099,8.728532745801585e-05,-0.004864999999630026
2025-09-11T13:05:40Z,18533.0,18533.0,2926,1529.56993,1529.56993,0.10325000000011642,8.654768136037074e-05,-0.005178666666061038
2025-09-11T13:05:40Z,18533.0,18533.125,2927,1529.56939,1529.56939,0.10271000000011554,8.609503489127027e-05,-0.004560000000310538
2025-09-11T13:05:40Z,18533.0,18533.25,2928,1529.56879,1529.56879,0.10211000000003878,8.559209436998401e-05,-0.0027200000004086178
2025-09-11T13:05:40Z,18533.0,18533.375,2929,1529.56871,1529.56871,0.10203000000001339,8.55250356337998e-05,-0.002320000000509026
2025-09-11T13:05:40Z,18533.0,18533.5,2930,1529.56821,1529.56821,0.10152999999991152,8.510591853269614e-05,-0.0054799999998067506
2025-09-11T13:05:40Z,18533.0,18533.625,2931,1529.5672,1529.56734,0.1006600000000617,8.437665477705023e-05,-0.004039999999804422
2025-09-11T13:05:40Z,18533.0,18533.75,2932,1529.56734,1529.5672,0.10051999999996042,8.425930198868022e-05,-0.0022800000006100163
2025-09-11T13:05:40Z,18533.0,18533.875,2933,1529.56677,1529.56677,0.1000899999999092,8.389886128176157e-05,-0.002440000000206055
2025-09-11T13:05:40Z,18534.0,18534.0,2934,1529.56659,1529.56659,0.0999099999999089,8.374797912539474e-05,-0.00452888888799019
2025-09-11T13:05:41Z,18534.0,18534.1,2935,1529.56589,1529.56589,0.09921000000008462,8.316121518411646e-05,-0.0060999999993888165
2025-09-11T13:05:41Z,18534.0,18534.2,2936,1529.56528,1529.56537,0.09869000000003325,8.272533339901439e-05,-0.003050000000168307
2025-09-11T13:05:41Z,18534.0,18534.3,2937,1529.56537,1529.56528,0.0986000000000331,8.264989232083098e-05,-0.002000000000587532
2025-09-11T13:05:41Z,18534.0,18534.4,2938,1529.5649,1529.56497,0.09828999999990629,8.239003971809335e-05,-0.0018999999996998085
2025-09-11T13:05:41Z,18534.0,18534.5,2939,1529.56497,1529.5649,0.09822000000008302,8.233136332409894e-05,-0.002899999999541658
2025-09-11T13:05:41Z,18534.0,18534.6,2940,1529.56439,1529.56439,0.0977100000000064,8.190386388099607e-05,-0.004650000000764931
2025-09-11T13:05:41Z,18534.0,18534.7,2941,1529.56397,1529.56397,0.09728999999992993,8.155180551607663e-05,-0.004049999999986342
2025-09-11T13:05:41Z,18534.0,18534.8,2942,1529.56358,1529.56358,0.0969000000000051,8.122489417734537e-05,-0.0046499999995843755
2025-09-11T13:05:41Z,18534.0,18534.9,2943,1529.56304,1529.56304,0.09636000000000422,8.077224770824491e-05,-0.003299999999538006
2025-09-11T13:05:41Z,18535.0,18535.0,2944,1529.56292,1529.56292,0.09624000000007982,8.067165960406389e-05,-0.002208947367950187
2025-09-11T13:05:42Z,18535.0,18535.11111111111,2945,1529.56255,1529.56255,0.09587000000010448,8.036151294933104e-05,-0.005309999999820403
2025-09-11T13:05:42Z,18535.0,18535.222222222223,2946,1529.56168,1529.56174,0.09506000000010317,7.968254324568035e-05,-0.0039150000002297625
2025-09-11T13:05:42Z,18535.0,18535.333333333332,2947,1529.56174,1529.56168,0.09500000000002728,7.963224919349455e-05,-0.002115000000743772
2025-09-11T13:05:42Z,18535.0,18535.444444444445,2948,1529.56116,1529.56127,0.09458999999992557,7.92885731705743e-05,-0.002340000000182696
2025-09-11T13:05:42Z,18535.0,18535.555555555555,2949,1529.56127,1529.56116,0.09447999999997592,7.919636740839248e-05,-0.000989999999545077
2025-09-11T13:05:42Z,18535.0,18535.666666666668,2950,1529.56105,1529.56105,0.09437000000002627,7.910416164621067e-05,-0.0027000000003964963
2025-09-11T13:05:42Z,18535.0,18535.777777777777,2951,1529.56056,1529.56056,0.09387999999989916,7.869342688710622e-05,-0.003374999999692152
2025-09-11T13:05:42Z,18535.0,18535.88888888889,2952,1529.5603,1529.5603,0.09362000000010084,7.847548599474577e-05,-0.002969999999679007
2025-09-11T13:05:42Z,18536.0,18536.0,2953,1529.5599,1529.5599,0.09321999999997388,7.814019231382473e-05,-0.0034650000005108095
2025-09-11T13:05:43Z,18536.0,18536.11111111111,2954,1529.55953,1529.55953,0.09284999999999854,7.783004565909188e-05,-0.0027000000003611357
2025-09-11T13:05:43Z,18536.0,18536.222222222223,2955,1529.5593,1529.5593,0.09261999999989712,7.763725179253845e-05,-0.0013049999997472583
2025-09-11T13:05:43Z,18536.0,18536.333333333332,2956,1529.55924,1529.55924,0.0925600000000486,7.758695774054324e-05,-0.0026549999993617512
2025-09-11T13:05:43Z,18536.0,18536.444444444445,2957,1529.55871,1529.55871,0.09203000000002248,7.714269361344198e-05,-0.002700000000272762
2025-09-11T13:05:43Z,18536.0,18536.555555555555,2958,1529.55864,1529.55864,0.09195999999997184,7.708401721925698e-05,-0.0026100000005030433
2025-09-11T13:05:43Z,18536.0,18536.666666666668,2959,1529.55813,1529.55813,0.09144999999989523,7.665651777615411e-05,-0.0027900000000541936
2025-09-11T13:05:43Z,18536.0,18536.777777777777,2960,1529.55802,1529.55802,0.09133999999994558,7.65643120139723e-05,-0.0024299999999523036
2025-09-11T13:05:43Z,18536.0,18536.88888888889,2961,1529.55759,1529.55759,0.09090999999989435,7.620387130705365e-05,-0.004319999999331747
2025-09-11T13:05:43Z,18537.0,18537.0,2962,1529.55706,1529.55706,0.0903800000000956,7.575960718014297e-05,-0.0030489473680076484
2025-09-11T13:05:44Z,18537.0,18537.1,2963,1529.55691,1529.55691,0.09023000000001957,7.563387204977377e-05,-0.001950000000737584
2025-09-11T13:05:44Z,18537.0,18537.2,2964,1529.55667,1529.55667,0.08998999999994339,7.543269584122114e-05,-0.0032499999997717133
2025-09-11T13:05:44Z,18537.0,18537.3,2965,1529.55626,1529.55626,0.08958000000006905,7.508901981849148e-05,-0.0023999999996780486
2025-09-11T13:05:44Z,18537.0,18537.4,2966,1529.55619,1529.55619,0.08951000000001841,7.503034342430648e-05,-0.0020500000005502783
2025-09-11T13:05:44Z,18537.0,18537.5,2967,1529.55585,1529.55585,0.08916999999996733,7.474534379557124e-05,-0.002550000000420216
2025-09-11T13:05:44Z,18537.0,18537.6,2968,1529.55568,1529.55568,0.08899999999994179,7.460284398120361e-05,-0.0017999999999927518
2025-09-11T13:05:44Z,18537.0,18537.7,2969,1529.55549,1529.55549,0.08880999999996675,7.444357948283759e-05,-0.001700000000241897
2025-09-11T13:05:44Z,18537.0,18537.8,2970,1529.55534,1529.55534,0.08865999999989072,7.431784435246838e-05,-0.0029499999993096715
2025-09-11T13:05:44Z,18537.0,18537.9,2971,1529.5549,1529.5549,0.08822000000009211,7.394902130374111e-05,-0.002899999999434355
2025-09-11T13:05:44Z,18538.0,18538.0,2972,1529.55476,1529.55476,0.08807999999999083,7.38316685153711e-05,-0.0010778947374990855
2025-09-11T13:05:45Z,18538.0,18538.11111111111,2973,1529.55468,1529.55468,0.08799999999996544,7.37646097791869e-05,-0.0017549999996246957
2025-09-11T13:05:45Z,18538.0,18538.222222222223,2974,1529.55437,1529.55437,0.08769000000006599,7.350475717663985e-05,-0.0034199999995652153
2025-09-11T13:05:45Z,18538.0,18538.333333333332,2975,1529.55392,1529.55392,0.08724000000006527,7.31275517857228e-05,-0.0031950000001410572
2025-09-11T13:05:45Z,18538.0,18538.444444444445,2976,1529.55366,1529.55366,0.08698000000003958,7.290961089317177e-05,-0.0012149999999629402
2025-09-11T13:05:45Z,18538.0,18538.555555555555,2977,1529.55365,1529.55365,0.08697000000006483,7.290122855117256e-05,-0.0020699999998210483
2025-09-11T13:05:45Z,18538.0,18538.666666666668,2978,1529.5532,1529.5532,0.0865200000000641,7.25240231602555e-05,-0.00283499999995962
2025-09-11T13:05:45Z,18538.0,18538.777777777777,2979,1529.55302,1529.55302,0.08634000000006381,7.237314100388869e-05,-0.0018000000005621297
2025-09-11T13:05:45Z,18538.0,18538.88888888889,2980,1529.5528,1529.5528,0.08611999999993714,7.218872947933446e-05,-0.0023400000002387067
2025-09-11T13:05:45Z,18539.0,18539.0,2981,1529.55243,1529.5525,0.08582000000001244,7.193725921878663e-05,-0.001647368421022033
2025-09-11T13:05:46Z,18539.0,18539.1,2982,1529.5525,1529.55243,0.0857499999999618,7.187858282460161e-05,-0.001449999999717122
2025-09-11T13:05:46Z,18539.0,18539.2,2983,1529.55221,1529.55221,0.0855300000000625,7.169417130023799e-05,-0.001849999999857188
2025-09-11T13:05:46Z,18539.0,18539.3,2984,1529.55206,1529.55206,0.08537999999998647,7.156843616986878e-05,-0.001950000000737584
2025-09-11T13:05:46Z,18539.0,18539.4,2985,1529.55182,1529.55182,0.08513999999991029,7.136725996131616e-05,-0.0015499999994606495
2025-09-11T13:05:46Z,18539.0,18539.5,2986,1529.55175,1529.55175,0.08507000000008702,7.130858356732173e-05,-0.0022500000000363896
2025-09-11T13:05:46Z,18539.0,18539.6,2987,1529.55137,1529.55137,0.08468999999990956,7.09900545703991e-05,-0.003550000000128284
2025-09-11T13:05:46Z,18539.0,18539.7,2988,1529.55104,1529.55104,0.08436000000006061,7.071343728385364e-05,-0.002399999999583513
2025-09-11T13:05:46Z,18539.0,18539.8,2989,1529.55089,1529.55089,0.08420999999998457,7.058770215348444e-05,-0.002100000000352875
2025-09-11T13:05:46Z,18539.0,18539.9,2990,1529.55062,1529.55062,0.08393999999998414,7.03613789189342e-05,-0.0030000000003838068
2025-09-11T13:05:46Z,18540.0,18540.0,2991,1529.55029,1529.55029,0.08360999999990781,7.008476163219816e-05,-0.0025894736844359056
2025-09-11T13:05:47Z,18540.0,18540.11111111111,2992,1529.54988,1529.55009,0.08340999999995802,6.991711479183294e-05,-0.0018449999994297195
2025-09-11T13:05:47Z,18540.0,18540.222222222223,2993,1529.55009,1529.54988,0.08320000000003347,6.974108560946851e-05,-0.0014849999993042928
2025-09-11T13:05:47Z,18540.0,18540.333333333332,2994,1529.54976,1529.54976,0.08308000000010907,6.964049750528749e-05,-0.0018450000004293643
2025-09-11T13:05:47Z,18540.0,18540.444444444445,2995,1529.54947,1529.54947,0.08278999999993175,6.939740958654826e-05,-0.0029700000006933625
2025-09-11T13:05:47Z,18540.0,18540.555555555555,2996,1529.5491,1529.5491,0.08241999999995642,6.908726293181541e-05,-0.0022499999994664566
2025-09-11T13:05:47Z,18540.0,18540.666666666668,2997,1529.54897,1529.54897,0.08229000000005726,6.89782924856352e-05,-0.000809999999988098
2025-09-11T13:05:47Z,18540.0,18540.777777777777,2998,1529.54892,1529.54892,0.08223999999995613,6.89363807754486e-05,-0.001170000000089877
2025-09-11T13:05:47Z,18540.0,18540.88888888889,2999,1529.54871,1529.54871,0.08203000000003158,6.876035159308417e-05,-0.0017099999997663429
2025-09-11T13:05:47Z,18541.0,18541.0,3000,1529.54854,1529.54854,0.08186000000000604,6.861785177871655e-05,-0.0027773684208063365
2025-09-11T13:05:48Z,18541.0,18541.1,3001,1529.54815,1529.54815,0.0814700000000812,6.82909404399853e-05,-0.0030000000004056226
2025-09-11T13:05:48Z,18541.0,18541.2,3002,1529.54794,1529.54794,0.08125999999992928,6.811491125743028e-05,-0.001200000000343815
2025-09-11T13:05:48Z,18541.0,18541.3,3003,1529.54791,1529.54791,0.08123000000000502,6.808976423143267e-05,-0.0007999999990959128
2025-09-11T13:05:48Z,18541.0,18541.4,3004,1529.54778,1529.54778,0.08110000000010587,6.798079378525245e-05,-0.0018999999997653672
2025-09-11T13:05:48Z,18541.0,18541.5,3005,1529.54753,1529.54753,0.08085000000005493,6.777123523470063e-05,-0.0021500000002873665
2025-09-11T13:05:48Z,18541.0,18541.6,3006,1529.54718,1529.54735,0.08067000000005464,6.76203530783338e-05,-0.0017500000001245963
2025-09-11T13:05:48Z,18541.0,18541.7,3007,1529.54735,1529.54718,0.0805000000000291,6.747785326396619e-05,-0.0017500000001246518
2025-09-11T13:05:48Z,18541.0,18541.8,3008,1529.547,1529.547,0.08032000000002881,6.732697110759936e-05,-0.0017000000002528326
2025-09-11T13:05:48Z,18541.0,18541.9,3009,1529.54684,1529.54684,0.08015999999997803,6.719285363523095e-05,-0.002450000000657593
2025-09-11T13:05:48Z,18542.0,18542.0,3010,1529.54645,1529.54651,0.0798299999999017,6.69162363484949e-05,-0.001949999999652563
2025-09-11T13:05:49Z,18542.0,18542.1,3011,1529.54651,1529.54645,0.07977000000005319,6.686594229649969e-05,-0.0013999999998416945
2025-09-11T13:05:49Z,18542.0,18542.2,3012,1529.54623,1529.54623,0.07954999999992651,6.668153077194547e-05,-0.0011000000005894073
2025-09-11T13:05:49Z,18542.0,18542.3,3013,1529.54615,1529.54623,0.07954999999992651,6.668153077194547e-05,5.551115123125783e-17
2025-09-11T13:05:49Z,18542.0,18542.4,3014,1529.54596,1529.54623,0.07954999999992651,6.668153077194547e-05,0.969300000032167
2025-09-11T13:05:49Z,18542.0,18542.5,3015,1529.74009,1529.74009,0.2734100000000126,0.00022918161317882202,2.0484000000297096
2025-09-11T13:05:49Z,18542.0,18542.6,3016,1529.95591,1529.95591,0.4892299999999068,0.00041008931866226024,1.977049999999815
2025-09-11T13:05:49Z,18542.0,18542.7,3017,1530.1355,1530.1355,0.6688200000000961,0.0005606277990061619,1.8783999999966783
2025-09-11T13:05:49Z,18542.0,18542.8,3018,1530.33159,1530.33159,0.864910000000009,0.0007249971436834347,1.7822999999998634
2025-09-11T13:05:49Z,18542.0,18542.9,3019,1530.49196,1530.49196,1.0252800000000661,0.0008594247626640832,1.7072499999970319
2025-09-11T13:05:50Z,18543.0,18543.0,3020,1530.67304,1530.67304,1.2063599999999042,0.0010112122119687247,2.121371052661546
2025-09-11T13:05:50Z,18543.0,18543.11111111111,3021,1530.94709,1530.94709,1.4804099999998925,0.00124093029503683,1.9125900000152471
2025-09-11T13:05:50Z,18543.0,18543.222222222223,3022,1531.09806,1531.09806,1.6313800000000356,0.001367478512518407,1.3174649999963366
2025-09-11T13:05:50Z,18543.0,18543.333333333332,3023,1531.23986,1531.23986,1.7731799999999112,0.0014863401223670844,1.284299999997315
2025-09-11T13:05:50Z,18543.0,18543.444444444445,3024,1531.38346,1531.38346,1.916780000000017,0.001606710553779621,1.3889700000012892
2025-09-11T13:05:50Z,18543.0,18543.555555555555,3025,1531.54852,1531.54852,2.0818400000000565,0.001745069491167806,1.4017500000003
2025-09-11T13:05:50Z,18543.0,18543.666666666668,3026,1531.69496,1531.69496,2.2282800000000407,0.001867820507714024,1.1835899999928596
2025-09-11T13:05:50Z,18543.0,18543.777777777777,3027,1531.81154,1531.81154,2.344859999999926,0.001965541850987348,1.0287899999981853
2025-09-11T13:05:50Z,18543.0,18543.88888888889,3028,1531.92358,1531.92358,2.456899999999905,0.0020594576109835053,1.0799550000005347
2025-09-11T13:05:50Z,18544.0,18544.0,3029,1532.05153,1532.05153,2.5848499999999603,0.002166709677134127,1.1520500000173168
2025-09-11T13:05:51Z,18544.0,18544.1,3030,1532.16678,1532.16678,2.7001000000000204,0.0022633161689188893,0.9885000000020732
2025-09-11T13:05:51Z,18544.0,18544.2,3031,1532.24923,1532.24923,2.782549999999901,0.0023324285788767023,0.8970499999991848
2025-09-11T13:05:51Z,18544.0,18544.3,3032,1532.34619,1532.34619,2.879509999999982,0.0024137037671062337,0.9413999999979872
2025-09-11T13:05:51Z,18544.0,18544.4,3033,1532.43751,1532.43751,2.970829999999978,0.0024902513144362073,1.0198500000003037
2025-09-11T13:05:51Z,18544.0,18544.5,3034,1532.55016,1532.55016,3.0834800000000087,0.0025846783972956495,0.9929500000142859
2025-09-11T13:05:51Z,18544.0,18544.6,3035,1532.6361,1532.6361,3.1694199999999455,0.0026567162446186174,0.7992499999993097
2025-09-11T13:05:51Z,18544.0,18544.7,3036,1532.71001,1532.71001,3.2433300000000145,0.0027186701344911962,0.7888499999990781
2025-09-11T13:05:51Z,18544.0,18544.8,3037,1532.79387,1532.79387,3.3271899999999732,0.002788964454673946,0.7823499999986936
2025-09-11T13:05:51Z,18544.0,18544.9,3038,1532.86648,1532.86648,3.399799999999914,0.00284982864008377,0.719799999997683
2025-09-11T13:05:51Z,18545.0,18545.0,3039,1532.93783,1532.93783,3.4711500000000797,0.002909636650399216,0.7530000000117951
2025-09-11T13:05:52Z,18545.0,18545.1,3040,1533.01708,1533.01708,3.5504000000000815,0.0029760667109106137,0.7356999999995679
2025-09-11T13:05:52Z,18545.0,18545.2,3041,1533.08497,1533.08497,3.6182900000001155,0.0030329744308869033,0.698249999997401
2025-09-11T13:05:52Z,18545.0,18545.3,3042,1533.15673,1533.15673,3.6900499999999283,0.003093126117224889,0.7392499999956961
2025-09-11T13:05:52Z,18545.0,18545.4,3043,1533.23282,1533.23282,3.7661399999999503,0.0031569073576578678,0.6716999999946403
2025-09-11T13:05:52Z,18545.0,18545.5,3044,1533.29107,1533.29107,3.824389999999994,0.0032057344999265333,0.5559000000086094
2025-09-11T13:05:52Z,18545.0,18545.6,3045,1533.344,1533.344,3.8773200000000543,0.003250102236240378,0.5403999999974936
2025-09-11T13:05:52Z,18545.0,18545.7,3046,1533.39915,1533.39915,3.9324699999999666,0.0032963308524826197,0.48804999999607546
2025-09-11T13:05:52Z,18545.0,18545.8,3047,1533.44161,1533.44161,3.974930000000086,0.0033319222767011912,0.42999999999830507
2025-09-11T13:05:52Z,18545.0,18545.9,3048,1533.48515,1533.48515,4.018469999999979,0.003368418993857773,0.2176999999907565
2025-09-11T13:05:52Z,18546.0,18546.0,3049,1533.56497,1533.48515,4.018469999999979,0.003368418993857773,0.0
2025-09-11T13:05:53Z,18546.0,18546.1,3050,1533.5968,1533.48515,4.018469999999979,0.003368418993857773,-8.443049999661758
2025-09-11T13:05:53Z,18546.0,18546.2,3051,1531.79654,1531.79654,2.3298600000000533,0.0019529683379569068,-10.994449999745129
2025-09-11T13:05:53Z,18546.0,18546.3,3052,1531.28626,1531.28626,1.8195800000000872,0.0015252341893417277,-3.6639000000392574
2025-09-11T13:05:53Z,18546.0,18546.4,3053,1531.06376,1531.06376,1.5970800000000054,0.0013387270793885281,-2.0036499999849937
2025-09-11T13:05:53Z,18546.0,18546.5,3054,1530.88553,1530.88553,1.4188500000000204,0.0011893285975595675,-1.8561000000269798
2025-09-11T13:05:53Z,18546.0,18546.6,3055,1530.69254,1530.69254,1.2258600000000115,0.0010275577789085274,-1.6083000000061753
2025-09-11T13:05:53Z,18546.0,18546.7,3056,1530.56387,1530.56387,1.097189999999955,0.0009197021841324379,-1.37304999999784
2025-09-11T13:05:53Z,18546.0,18546.8,3057,1530.41793,1530.41793,0.9512500000000728,0.0007973702846873233,-1.6155999999885258
2025-09-11T13:05:53Z,18546.0,18546.9,3058,1530.24075,1530.24075,0.7740699999999379,0.0006488519487703755,-1.6023499999885753
2025-09-11T13:05:53Z,18547.0,18547.0,3059,1530.09746,1530.09746,0.6307799999999588,0.0005287413699605766,-1.4278000000209388
2025-09-11T13:05:54Z,18547.0,18547.1,3060,1529.95519,1529.95519,0.48850999999990563,0.00040948579003679294,-1.4110999999955491
2025-09-11T13:05:54Z,18547.0,18547.2,3061,1529.81524,1529.81524,0.3485599999999067,0.00029217491346177955,-1.4956999999973188
2025-09-11T13:05:54Z,18547.0,18547.3,3062,1529.65605,1529.65605,0.18937000000005355,0.0001587364108397052,-0.8439500000238623
2025-09-11T13:05:54Z,18547.0,18547.4,3063,1529.64645,1529.64645,0.17976999999996224,0.00015068936250007785,-0.08779999999939792
2025-09-11T13:05:54Z,18547.0,18547.5,3064,1529.63849,1529.63849,0.17181000000005042,0.00014401701825194087,-0.0653000000009295
2025-09-11T13:05:54Z,18547.0,18547.6,3065,1529.63339,1529.63339,0.16670999999996639,0.00013974202382148406,-0.0490999999998436
2025-09-11T13:05:54Z,18547.0,18547.7,3066,1529.62867,1529.62867,0.1619900000000598,0.0001357855583879499,-0.046549999999377034
2025-09-11T13:05:54Z,18547.0,18547.8,3067,1529.62408,1529.62408,0.1574000000000524,0.00013193806340059593,-0.04450000000008736
2025-09-11T13:05:54Z,18547.0,18547.9,3068,1529.61977,1529.61977,0.15309000000002015,0.0001283252739897914,-0.037299999999839795
2025-09-11T13:05:54Z,18548.0,18548.0,3069,1529.61662,1529.61662,0.14994000000001506,0.000125684836253372,-0.02680000000093863
2025-09-11T13:05:55Z,18548.0,18548.1,3070,1529.61441,1529.61441,0.14772999999991043,0.00012383233866678354,-0.02514999999996459
2025-09-11T13:05:55Z,18548.0,18548.2,3071,1529.61159,1529.61159,0.14490999999998166,0.00012146851821710021,-0.026699999999512447
2025-09-11T13:05:55Z,18548.0,18548.3,3072,1529.60907,1529.60907,0.1423899999999776,0.0001193561680279647,-0.023850000000000815
2025-09-11T13:05:55Z,18548.0,18548.4,3073,1529.60682,1529.60682,0.14013999999997395,0.00011747014107337943,-0.023700000000374755
2025-09-11T13:05:55Z,18548.0,18548.5,3074,1529.60433,1529.60433,0.13764999999989413,0.00011538293791024152,-0.024300000000392896
2025-09-11T13:05:55Z,18548.0,18548.6,3075,1529.60196,1529.60196,0.1352799999999661,0.00011339632285147525,-0.019749999999093104
2025-09-11T13:05:55Z,18548.0,18548.7,3076,1529.60038,1529.60038,0.13370000000008986,0.00011207191281236124,-0.015499999999452507
2025-09-11T13:05:55Z,18548.0,18548.8,3077,1529.59886,1529.59886,0.13218000000006214,0.00011079779682524246,-0.01600000000044388
2025-09-11T13:05:55Z,18548.0,18548.9,3078,1529.59718,1529.59718,0.13049999999998363,0.00010938956336575526,-0.016950000000350074
2025-09-11T13:05:55Z,18549.0,18549.0,3079,1529.59547,1529.59547,0.12878999999998086,0.00010795618288027045,-0.018100000000039973
2025-09-11T13:05:56Z,18549.0,18549.1,3080,1529.59356,1529.59356,0.1268800000000283,0.00010635515555442041,-0.014400000000141966
2025-09-11T13:05:56Z,18549.0,18549.2,3081,1529.59259,1529.59259,0.1259099999999762,0.0001055420683784013,-0.012850000000593886
2025-09-11T13:05:56Z,18549.0,18549.3,3082,1529.59099,1529.59099,0.1243099999999231,0.00010420089365509831,-0.015799999999849046
2025-09-11T13:05:56Z,18549.0,18549.4,3083,1529.58943,1529.58943,0.12274999999999636,0.00010289324829998271,-0.012599999999865386
2025-09-11T13:05:56Z,18549.0,18549.5,3084,1529.58847,1529.58847,0.12178999999991902,0.0001020885434659628,-0.010600000000676624
2025-09-11T13:05:56Z,18549.0,18549.6,3085,1529.58731,1529.58731,0.12062999999989188,0.00010111619179157767,-0.011149999999109705
2025-09-11T13:05:56Z,18549.0,18549.7,3086,1529.58624,1529.58624,0.11956000000009226,0.00010021928119556653,-0.009999999999701692
2025-09-11T13:05:56Z,18549.0,18549.8,3087,1529.58531,1529.58531,0.11862999999993917,9.943972338754422e-05,-0.012099999999999889
2025-09-11T13:05:56Z,18549.0,18549.9,3088,1529.58382,1529.58382,0.11714000000006308,9.819075442661364e-05,-0.01244999999912777
2025-09-11T13:05:56Z,18550.0,18550.0,3089,1529.58282,1529.58282,0.11614000000008673,9.73525202245969e-05,-0.007800000000883989
2025-09-11T13:05:57Z,18550.0,18550.1,3090,1529.58226,1529.58226,0.11557999999990898,9.688310907130745e-05,-0.009300000000225461
2025-09-11T13:05:57Z,18550.0,18550.2,3091,1529.58096,1529.58096,0.11428000000000793,9.579340460874288e-05,-0.010949999999524396
2025-09-11T13:05:57Z,18550.0,18550.3,3092,1529.58007,1529.58007,0.11338999999998123,9.504737616890798e-05,-0.009350000000217462
2025-09-11T13:05:57Z,18550.0,18550.4,3093,1529.57909,1529.57909,0.11240999999995438,9.422590665088966e-05,-0.00954999999971895
2025-09-11T13:05:57Z,18550.0,18550.5,3094,1529.57816,1529.57816,0.11148000000002867,9.344634884305794e-05,-0.008399999999377905
2025-09-11T13:05:57Z,18550.0,18550.6,3095,1529.57741,1529.57741,0.11073000000010325,9.281767319159305e-05,-0.008300000000585728
2025-09-11T13:05:57Z,18550.0,18550.7,3096,1529.5765,1529.5765,0.10981999999989966,9.205488006756915e-05,-0.007450000000430168
2025-09-11T13:05:57Z,18550.0,18550.8,3097,1529.57592,1529.57592,0.10923999999999978,9.156870423047187e-05,-0.0068499999996952665
2025-09-11T13:05:57Z,18550.0,18550.9,3098,1529.57513,1529.57513,0.10844999999994798,9.090649921081957e-05,-0.00660000000031824
2025-09-11T13:05:57Z,18551.0,18551.0,3099,1529.5746,1529.5746,0.10791999999992186,9.046223508371832e-05,-0.008050000000256463
2025-09-11T13:05:58Z,18551.0,18551.1,3100,1529.57352,1529.57352,0.10683999999992011,8.955694214551739e-05,-0.00540000000018559
2025-09-11T13:05:58Z,18551.0,18551.2,3101,1529.57306,1529.57352,0.10683999999992011,8.955694214551739e-05,0.0
2025-09-11T13:05:58Z,18551.0,18551.3,3102,1529.57235,1529.57352,0.10683999999992011,8.955694214551739e-05,0.5103999999801475
2025-09-11T13:05:58Z,18551.0,18551.4,3103,1529.6756,1529.6756,0.20892000000003463,0.0001751238894895038,1.4392500000107984
2025-09-11T13:05:58Z,18551.0,18551.5,3104,1529.86137,1529.86137,0.39469000000008236,0.00033084265720187254,1.782300000025786
2025-09-11T13:05:58Z,18551.0,18551.6,3105,1530.03206,1530.03206,0.5653800000000047,0.0004739208531474251,1.6727499999941986
2025-09-11T13:05:58Z,18551.0,18551.7,3106,1530.19592,1530.19592,0.7292399999998906,0.0006112739094930376,1.6204999999936667
2025-09-11T13:05:58Z,18551.0,18551.8,3107,1530.35616,1530.35616,0.8894800000000487,0.0007455925580275059,1.7492999999884673
2025-09-11T13:05:58Z,18551.0,18551.9,3108,1530.54578,1530.54578,1.0790999999999258,0.0009045385274175724,1.7216499999868864
2025-09-11T13:05:58Z,18552.0,18552.0,3109,1530.70049,1530.70049,1.2338099999999486,0.0010342217408146651,1.5158500000227413
2025-09-11T13:05:59Z,18552.0,18552.1,3110,1530.84895,1530.84895,1.3822700000000623,0.0011586659904491057,1.4545499999966376
2025-09-11T13:05:59Z,18552.0,18552.2,3111,1530.9914,1530.9914,1.5247200000001158,0.0012780724525292564,1.4091499999938142
2025-09-11T13:05:59Z,18552.0,18552.3,3112,1531.13078,1531.13078,1.6640999999999622,0.001394905535608981,1.5289999999888328
2025-09-11T13:05:59Z,18552.0,18552.4,3113,1531.2972,1531.2972,1.8305199999999786,0.0015344044715119164,1.6475999999934139
2025-09-11T13:05:59Z,18552.0,18552.5,3114,1531.4603,1531.4603,1.9936199999999644,0.0016711204698640649,1.5168500000225045
2025-09-11T13:05:59Z,18552.0,18552.6,3115,1531.60057,1531.60057,2.133890000000065,0.0017886995813838152,1.4413999999932798
2025-09-11T13:05:59Z,18552.0,18552.7,3116,1531.74858,1531.74858,2.2818999999999505,0.0019127666256271482,1.4188999999925045
2025-09-11T13:05:59Z,18552.0,18552.8,3117,1531.88435,1531.88435,2.4176700000000437,0.002026573683237728,1.277499999998188
2025-09-11T13:05:59Z,18552.0,18552.9,3118,1532.00408,1532.00408,2.537399999999934,0.002126935464247471,1.0703999999913236
2025-09-11T13:05:59Z,18553.0,18553.0,3119,1532.09843,1532.09843,2.631750000000011,0.0022060228612096836,1.0455000000153891
2025-09-11T13:06:00Z,18553.0,18553.1,3120,1532.21318,1532.21318,2.746499999999969,0.002302210235893342,1.2410999999918122
2025-09-11T13:06:00Z,18553.0,18553.2,3121,1532.34665,1532.34665,2.8799699999999575,0.0024140893548391497,1.242299999992234
2025-09-11T13:06:00Z,18553.0,18553.3,3122,1532.46164,1532.46164,2.994959999999992,0.0025104779057313607,0.981200000002513
2025-09-11T13:06:00Z,18553.0,18553.4,3123,1532.54289,1532.54289,3.0762099999999464,0.0025785844346467917,0.9956500000028807
2025-09-11T13:06:00Z,18553.0,18553.5,3124,1532.66077,1532.66077,3.19408999999996,0.002677395482382871,1.092650000016402
2025-09-11T13:06:00Z,18553.0,18553.6,3125,1532.76142,1532.76142,3.294740000000047,0.002761763754817922,0.9253999999994384
2025-09-11T13:06:00Z,18553.0,18553.7,3126,1532.84585,1532.84585,3.379169999999931,0.0028325358684957703,0.711649999992094
2025-09-11T13:06:00Z,18553.0,18553.8,3127,1532.90375,1532.90375,3.4370699999999488,0.002881069628793701,0.6619999999943786
2025-09-11T13:06:00Z,18553.0,18553.9,3128,1532.97825,1532.97825,3.5115699999998924,0.0029435180768453764,0.6602999999952068
2025-09-11T13:06:00Z,18554.0,18554.0,3129,1533.03581,1533.03581,3.5691300000000865,0.0029917668375147627,0.5665500000091619
2025-09-11T13:06:01Z,18554.0,18554.1,3130,1533.09156,1533.09156,3.6248800000000756,0.0030384983942782907,0.4257000000027986
2025-09-11T13:06:01Z,18554.0,18554.2,3131,1533.12095,1533.12095,3.654269999999997,0.0030631340974760788,0.3513000000006201
2025-09-11T13:06:01Z,18554.0,18554.3,3132,1533.16182,1533.16182,3.6951400000000376,0.0030973927293133463,0.3426500000012034
2025-09-11T13:06:01Z,18554.0,18554.4,3133,1533.18948,1533.18948,3.7228000000000065,0.003120578287341651,0.24114999999720865
2025-09-11T13:06:01Z,18554.0,18554.5,3134,1533.21005,1533.21005,3.7433699999999135,0.0031378207648774647,0.19135000000284208
2025-09-11T13:06:01Z,18554.0,18554.6,3135,1533.22775,1533.22775,3.761070000000018,0.003152657510253599,0.18119999999986192
2025-09-11T13:06:01Z,18554.0,18554.7,3136,1533.24629,1533.24629,3.779610000000048,0.0031681983723593817,0.16714999999849312
2025-09-11T13:06:01Z,18554.0,18554.8,3137,1533.26118,1533.26118,3.794499999999971,0.0031806796796276415,0.13244999999995244
2025-09-11T13:06:01Z,18554.0,18554.9,3138,1533.27278,1533.27278,3.806100000000015,0.003190403196371302,0.05799999999789662
2025-09-11T13:06:01Z,18555.0,18555.0,3139,1533.28647,1533.27278,3.806100000000015,0.003190403196371302,0.0
2025-09-11T13:06:02Z,18555.0,18555.1,3140,1533.29781,1533.27278,3.806100000000015,0.003190403196371302,-9.83084999960619
2025-09-11T13:06:02Z,18555.0,18555.2,3141,1531.30661,1531.30661,1.8399300000000949,0.0015422922553531779,-11.206699999651821
2025-09-11T13:06:02Z,18555.0,18555.3,3142,1531.03144,1531.03144,1.5647599999999784,0.0013116353499786843,-2.2015000000119036
2025-09-11T13:06:02Z,18555.0,18555.4,3143,1530.86631,1530.86631,1.3996300000001156,0.0011732177361965049,-1.6296499999931395
2025-09-11T13:06:02Z,18555.0,18555.5,3144,1530.70551,1530.70551,1.2388300000000072,0.0010384296765089378,-1.6636500000246262
2025-09-11T13:06:02Z,18555.0,18555.6,3145,1530.53358,1530.53358,1.0669000000000324,0.0008943120701528158,-1.596599999998963
2025-09-11T13:06:02Z,18555.0,18555.7,3146,1530.38619,1530.38619,0.9195099999999456,0.0007707647311145769,-1.4212499999925594
2025-09-11T13:06:02Z,18555.0,18555.8,3147,1530.24933,1530.24933,0.7826500000001033,0.0006560439982239877,-1.4931499999900515
2025-09-11T13:06:02Z,18555.0,18555.9,3148,1530.08756,1530.08756,0.6208799999999428,0.0005204428513604014,-1.5081499999913244
2025-09-11T13:06:02Z,18556.0,18556.0,3149,1529.9477,1529.9477,0.48101999999994405,0.00040320741586357143,-1.3449000000187137
2025-09-11T13:06:03Z,18556.0,18556.1,3150,1529.81858,1529.81858,0.35190000000011423,0.00029497461569675555,-1.3296499999938929
2025-09-11T13:06:03Z,18556.0,18556.2,3151,1529.68177,1529.68177,0.2150899999999183,0.00018029579451597175,-0.81879999997773
2025-09-11T13:06:03Z,18556.0,18556.3,3152,1529.65482,1529.65482,0.18813999999997577,0.00015770538277113505,-0.1720000000029468
2025-09-11T13:06:03Z,18556.0,18556.4,3153,1529.64737,1529.64737,0.1806899999999132,0.00015146053796591036,-0.06329999999870672
2025-09-11T13:06:03Z,18556.0,18556.5,3154,1529.64216,1529.64216,0.17548000000010688,0.00014709333777346233,-0.053449999999980013
2025-09-11T13:06:03Z,18556.0,18556.6,3155,1529.63668,1529.63668,0.17000000000007276,0.00014249981434627344,-0.05050000000093857
2025-09-11T13:06:03Z,18556.0,18556.7,3156,1529.63206,1529.63206,0.1653799999999137,0.0001386271723327313,-0.03975000000044293
2025-09-11T13:06:03Z,18556.0,18556.8,3157,1529.62873,1529.62873,0.16204999999990832,0.0001358358524399451,-0.031399999999121464
2025-09-11T13:06:03Z,18556.0,18556.9,3158,1529.62578,1529.62578,0.1591000000000804,0.00013336306154408152,-0.03214999999952617
2025-09-11T13:06:03Z,18557.0,18557.0,3159,1529.6223,1529.6223,0.15561999999999898,0.00013044600652092612,-0.032550000001284274
2025-09-11T13:06:04Z,18557.0,18557.1,3160,1529.61927,1529.61927,0.1525899999999183,0.00012790615688868776,-0.028650000000381093
2025-09-11T13:06:04Z,18557.0,18557.2,3161,1529.61657,1529.61657,0.14988999999991393,0.00012564292454318542,-0.024549999999229688
2025-09-11T13:06:04Z,18557.0,18557.3,3162,1529.61436,1529.61436,0.14768000000003667,0.00012379042695678756,-0.02429999999987087
2025-09-11T13:06:04Z,18557.0,18557.4,3163,1529.61171,1529.61171,0.14502999999990607,0.00012156910632128122,-0.02159999999977802
2025-09-11T13:06:04Z,18557.0,18557.5,3164,1529.61004,1529.61004,0.14336000000002969,0.00012016925520398382,-0.017650000000032806
2025-09-11T13:06:04Z,18557.0,18557.6,3165,1529.60818,1529.60818,0.1414999999999509,0.0001186101395881298,-0.019600000000429274
2025-09-11T13:06:04Z,18557.0,18557.7,3166,1529.60612,1529.60612,0.1394399999999223,0.00011688337713191055,-0.018549999999635247
2025-09-11T13:06:04Z,18557.0,18557.8,3167,1529.60447,1529.60447,0.13778999999999542,0.00011550029069861155,-0.017899999999028693
2025-09-11T13:06:04Z,18557.0,18557.9,3168,1529.60254,1529.60254,0.13586000000009335,0.0001138824986887631,-0.017500000000025384
2025-09-11T13:06:04Z,18558.0,18558.0,3169,1529.60097,1529.60097,0.1342899999999645,0.00011256647099145771,-0.017200000001162286
2025-09-11T13:06:05Z,18558.0,18558.1,3170,1529.5991,1529.5991,0.13241999999991094,0.00011099897303360449,-0.016550000000297382
2025-09-11T13:06:05Z,18558.0,18558.2,3171,1529.59766,1529.59766,0.13097999999990861,0.00010979191578266992,-0.01424999999920773
2025-09-11T13:06:05Z,18558.0,18558.3,3172,1529.59625,1529.59625,0.12957000000005792,0.00010861000555792354,-0.012899999999259726
2025-09-11T13:06:05Z,18558.0,18558.4,3173,1529.59508,1529.59508,0.12840000000005602,0.0001076292715415392,-0.010849999999820836
2025-09-11T13:06:05Z,18558.0,18558.5,3174,1529.59408,1529.59408,0.12740000000007967,0.00010679103733952248,-0.010449999999916249
2025-09-11T13:06:05Z,18558.0,18558.6,3175,1529.59299,1529.59299,0.12631000000010317,0.00010587736205932235,-0.012900000000280132
2025-09-11T13:06:05Z,18558.0,18558.7,3176,1529.5915,1529.5915,0.12481999999999971,0.00010462839309820117,-0.010250000000062709
2025-09-11T13:06:05Z,18558.0,18558.8,3177,1529.59094,1529.59094,0.12426000000004933,0.0001041589819451023,-0.009649999999327918
2025-09-11T13:06:05Z,18558.0,18558.9,3178,1529.58957,1529.58957,0.12289000000009764,0.00010301060108835273,-0.012850000000448447
2025-09-11T13:06:05Z,18559.0,18559.0,3179,1529.58837,1529.58837,0.12168999999994412,0.00010200472004578018,-0.011050000000683902
2025-09-11T13:06:06Z,18559.0,18559.1,3180,1529.58736,1529.58736,0.12067999999999302,0.00010115810350176427,-0.009649999999491565
2025-09-11T13:06:06Z,18559.0,18559.2,3181,1529.58644,1529.58644,0.11976000000004206,0.00010038692803593175,-0.008999999999974584
2025-09-11T13:06:06Z,18559.0,18559.3,3182,1529.58556,1529.58556,0.1188799999999901,9.964928193809605e-05,-0.009700000000452902
2025-09-11T13:06:06Z,18559.0,18559.4,3183,1529.5845,1529.5845,0.11781999999993786,9.876075368389352e-05,-0.01025000000021925
2025-09-11T13:06:06Z,18559.0,18559.5,3184,1529.58351,1529.58351,0.11682999999993626,9.7930901823876e-05,-0.009500000000027375
2025-09-11T13:06:06Z,18559.0,18559.6,3185,1529.5826,1529.5826,0.11591999999996005,9.716810870004269e-05,-0.007749999999780766
2025-09-11T13:06:06Z,18559.0,18559.7,3186,1529.58196,1529.58196,0.11527999999998428,9.663163881075961e-05,-0.007100000000263784
2025-09-11T13:06:06Z,18559.0,18559.8,3187,1529.58118,1529.58118,0.11449999999990723,9.597781613310652e-05,-0.006399999999785244
2025-09-11T13:06:06Z,18559.0,18559.9,3188,1529.58068,1529.58068,0.11400000000003274,9.555869903219345e-05,-0.00699999999942702
2025-09-11T13:06:06Z,18560.0,18560.0,3189,1529.57978,1529.57978,0.11310000000003129,9.480428825035934e-05,-0.007349999999739842
2025-09-11T13:06:07Z,18560.0,18560.1,3190,1529.57921,1529.57921,0.11253000000010616,9.432649475526127e-05,-0.0028499999997190217
2025-09-11T13:06:07Z,18560.0,18560.2,3191,1529.5784,1529.57921,0.11253000000010616,9.432649475526127e-05,0.0
2025-09-11T13:06:07Z,18560.0,18560.3,3192,1529.57775,1529.57921,0.11253000000010616,9.432649475526127e-05,0.805949999966777
2025-09-11T13:06:07Z,18560.0,18560.4,3193,1529.7404,1529.7404,0.27371999999991203,0.00022944146578136906,1.7226999999968857
2025-09-11T13:06:07Z,18560.0,18560.5,3194,1529.92375,1529.92375,0.4570699999999306,0.00038313170672478496,1.7710000000257293
2025-09-11T13:06:07Z,18560.0,18560.6,3195,1530.0946,1530.0946,0.6279199999999037,0.000526344020142706,1.8010499999903402
2025-09-11T13:06:07Z,18560.0,18560.7,3196,1530.28396,1530.28396,0.8172799999999825,0.0006850720486404119,1.7270999999881784
2025-09-11T13:06:07Z,18560.0,18560.8,3197,1530.44002,1530.44002,0.9733400000000074,0.0008158868782102559,1.5445999999946816
2025-09-11T13:06:07Z,18560.0,18560.9,3198,1530.59288,1530.59288,1.1261999999999261,0.0009440193583334939,1.6473999999988447
2025-09-11T13:06:07Z,18561.0,18561.0,3199,1530.7695,1530.7695,1.3028200000001107,0.001092068283097343,1.592200000023218
2025-09-11T13:06:08Z,18561.0,18561.1,3200,1530.91132,1530.91132,1.4446399999999358,0.0012109466576300189,1.425249999994337
2025-09-11T13:06:08Z,18561.0,18561.2,3201,1531.05455,1531.05455,1.5878700000000663,0.0013310069423878225,1.4327499999949715
2025-09-11T13:06:08Z,18561.0,18561.3,3202,1531.19787,1531.19787,1.7311899999999696,0.001451142668223619,1.4112499999955466
2025-09-11T13:06:08Z,18561.0,18561.4,3203,1531.3368,1531.3368,1.8701200000000426,0.0015675985459126173,1.481549999997707
2025-09-11T13:06:08Z,18561.0,18561.5,3204,1531.49418,1531.49418,2.027499999999918,0.001699519844629024,1.4576000000211682
2025-09-11T13:06:08Z,18561.0,18561.6,3205,1531.62832,1531.62832,2.161640000000034,0.0018119605804903032,1.2665499999983965
2025-09-11T13:06:08Z,18561.0,18561.7,3206,1531.74749,1531.74749,2.280809999999974,0.001911852950346948,1.3130499999996132
2025-09-11T13:06:08Z,18561.0,18561.8,3207,1531.89093,1531.89093,2.424250000000029,0.002032089264287116,1.4569999999942116
2025-09-11T13:06:08Z,18561.0,18561.9,3208,1532.03889,1532.03889,2.572210000000041,0.002156114396820453,1.4318999999930977
2025-09-11T13:06:08Z,18562.0,18562.0,3209,1532.17731,1532.17731,2.7106300000000374,0.0022721427750663483,1.1604000000168675
2025-09-11T13:06:09Z,18562.0,18562.1,3210,1532.27097,1532.27097,2.8042900000000373,0.002350651790429091,0.9931999999946708
2025-09-11T13:06:09Z,18562.0,18562.2,3211,1532.37595,1532.37595,2.909270000000106,0.002438649616958945,1.0337999999958125
2025-09-11T13:06:09Z,18562.0,18562.3,3212,1532.47773,1532.47773,3.0110500000000684,0.002523965094042193,1.0639499999935182
2025-09-11T13:06:09Z,18562.0,18562.4,3213,1532.58874,1532.58874,3.1220599999999195,0.002617017472810145,1.024799999993311
2025-09-11T13:06:09Z,18562.0,18562.5,3214,1532.68269,1532.68269,3.2160100000000966,0.0026957695760916264,0.769600000011053
2025-09-11T13:06:09Z,18562.0,18562.6,3215,1532.74266,1532.74266,3.2759799999998904,0.002746038481187585,0.7052999999932155
2025-09-11T13:06:09Z,18562.0,18562.7,3216,1532.82375,1532.82375,3.3570700000000215,0.0028140108926308386,0.7697499999963142
2025-09-11T13:06:09Z,18562.0,18562.8,3217,1532.89661,1532.89661,3.429930000000013,0.002875084636591214,0.5972000000023101
2025-09-11T13:06:09Z,18562.0,18562.9,3218,1532.94319,1532.94319,3.476509999999962,0.0029141295857220335,0.510099999999948
2025-09-11T13:06:09Z,18563.0,18563.0,3219,1532.99863,1532.99863,3.5319500000000517,0.0029606012898830145,0.534050000007749
2025-09-11T13:06:10Z,18563.0,18563.1,3220,1533.05,1533.05,3.583319999999958,0.003003661380841553,0.46259999999978874
2025-09-11T13:06:10Z,18563.0,18563.2,3221,1533.09115,1533.09115,3.624469999999974,0.0030381547182553705,0.3821499999979068
2025-09-11T13:06:10Z,18563.0,18563.3,3222,1533.12643,1533.12643,3.659750000000031,0.0030677276209032677,0.36679999999861934
2025-09-11T13:06:10Z,18563.0,18563.4,3223,1533.16451,1533.16451,3.6978300000000672,0.0030996475793168493,0.38219999999889964
2025-09-11T13:06:10Z,18563.0,18563.5,3224,1533.20287,1533.20287,3.7361900000000787,0.003131802243306981,0.2797000000038885
2025-09-11T13:06:10Z,18563.0,18563.6,3225,1533.22045,1533.22045,3.7537700000000314,0.0031465384005787437,0.1881999999989148
2025-09-11T13:06:10Z,18563.0,18563.7,3226,1533.24051,1533.24051,3.773830000000089,0.003163353378671645,0.19684999999896036
2025-09-11T13:06:10Z,18563.0,18563.8,3227,1533.25982,1533.25982,3.793139999999994,0.0031795396811128912,0.09655000000268643
2025-09-11T13:06:10Z,18563.0,18563.9,3228,1533.2709,1533.25982,3.793139999999994,0.0031795396811128912,0.0
2025-09-11T13:06:10Z,18564.0,18564.0,3229,1533.28183,1533.25982,3.793139999999994,0.0031795396811128912,-5.428250000078927
2025-09-11T13:06:11Z,18564.0,18564.1,3230,1532.17417,1532.17417,2.707490000000007,0.002269510719671928,-10.757299999964689
2025-09-11T13:06:11Z,18564.0,18564.2,3231,1531.10836,1531.10836,1.6416799999999512,0.0013761123247993125,-6.1772999998150295
2025-09-11T13:06:11Z,18564.0,18564.3,3232,1530.93871,1530.93871,1.4720299999999042,0.0012339058924237735,-1.7653499999905158
2025-09-11T13:06:11Z,18564.0,18564.4,3233,1530.75529,1530.75529,1.2886100000000624,0.001080156975086363,-1.640149999986468
2025-09-11T13:06:11Z,18564.0,18564.5,3234,1530.61068,1530.61068,1.1440000000000055,0.0009589399271298108,-1.6177500000238831
2025-09-11T13:06:11Z,18564.0,18564.6,3235,1530.43174,1530.43174,0.965059999999994,0.0008089462990173821,-1.4694000000060186
2025-09-11T13:06:11Z,18564.0,18564.7,3236,1530.3168,1530.3168,0.8501200000000608,0.0007125996598353578,-1.3704500000024926
2025-09-11T13:06:11Z,18564.0,18564.8,3237,1530.15765,1530.15765,0.6909700000001067,0.0005791946865812801,-1.5579999999955438
2025-09-11T13:06:11Z,18564.0,18564.9,3238,1530.0052,1530.0052,0.5385200000000623,0.0004514058824807718,-1.283049999987234
2025-09-11T13:06:11Z,18565.0,18565.0,3239,1529.90104,1529.90104,0.43435999999996966,0.0003640954079965678,-1.2737500000188264
2025-09-11T13:06:12Z,18565.0,18565.1,3240,1529.75045,1529.75045,0.2837700000000041,0.00023786571951191348,-1.1911500000067692
2025-09-11T13:06:12Z,18565.0,18565.2,3241,1529.66281,1529.66281,0.19613000000003922,0.00016440287404546024,-0.4858999999839273
2025-09-11T13:06:12Z,18565.0,18565.3,3242,1529.65327,1529.65327,0.1865900000000238,0.00015640611975801868,-0.079650000000412
2025-09-11T13:06:12Z,18565.0,18565.4,3243,1529.64688,1529.64688,0.18020000000001346,0.0001510498032069965,-0.056399999999234174
2025-09-11T13:06:12Z,18565.0,18565.5,3244,1529.64199,1529.64199,0.17531000000008135,0.0001469508379590947,-0.045600000000358354
2025-09-11T13:06:12Z,18565.0,18565.6,3245,1529.63776,1529.63776,0.1710800000000745,0.0001434051072844744,-0.04035000000036837
2025-09-11T13:06:12Z,18565.0,18565.7,3246,1529.63392,1529.63392,0.1672399999999925,0.00014018628794858532,-0.039249999999699026
2025-09-11T13:06:12Z,18565.0,18565.8,3247,1529.62991,1529.62991,0.16323000000011234,0.00013682496879851923,-0.037849999999879036
2025-09-11T13:06:12Z,18565.0,18565.9,3248,1529.62635,1529.62635,0.15967000000000553,0.0001338408550391796,-0.029950000000239174
2025-09-11T13:06:12Z,18566.0,18566.0,3249,1529.62392,1529.62392,0.1572400000000016,0.0001318039459282275,-0.025750000000163697
2025-09-11T13:06:13Z,18566.0,18566.1,3250,1529.6212,1529.6212,0.15452000000004773,0.00012952394889872678,-0.0269000000002092
2025-09-11T13:06:13Z,18566.0,18566.2,3251,1529.61854,1529.61854,0.15185999999994237,0.00012729424592122126,-0.027200000000598523
2025-09-11T13:06:13Z,18566.0,18566.3,3252,1529.61576,1529.61576,0.14907999999991262,0.0001249639548395347,-0.02274999999950622
2025-09-11T13:06:13Z,18566.0,18566.4,3253,1529.61399,1529.61399,0.14731000000006134,0.0001234802803020547,-0.020849999999693503
2025-09-11T13:06:13Z,18566.0,18566.5,3254,1529.61159,1529.61159,0.14490999999998166,0.00012146851821710021,-0.02080000000008364
2025-09-11T13:06:13Z,18566.0,18566.6,3255,1529.60983,1529.60983,0.14315000000010514,0.00011999322602161939,-0.018549999999675215
2025-09-11T13:06:13Z,18566.0,18566.7,3256,1529.60788,1529.60788,0.1412000000000262,0.00011835866932758196,-0.01725000000064114
2025-09-11T13:06:13Z,18566.0,18566.8,3257,1529.60638,1529.60638,0.13969999999994798,0.00011710131802446157,-0.01610000000018008
2025-09-11T13:06:13Z,18566.0,18566.9,3258,1529.60466,1529.60466,0.13797999999997046,0.00011565955519697757,-0.013649999999464368
2025-09-11T13:06:13Z,18567.0,18567.0,3259,1529.60365,1529.60365,0.13697000000001935,0.00011481293865296164,-0.0149000000001146
2025-09-11T13:06:14Z,18567.0,18567.1,3260,1529.60168,1529.60168,0.1349999999999909,0.0001131616172749258,-0.017400000000427407
2025-09-11T13:06:14Z,18567.0,18567.2,3261,1529.60017,1529.60017,0.13348999999993794,0.00011189588362980622,-0.014599999999447055
2025-09-11T13:06:14Z,18567.0,18567.3,3262,1529.59876,1529.59876,0.13208000000008724,0.00011071397340505985,-0.012049999999166006
2025-09-11T13:06:14Z,18567.0,18567.4,3263,1529.59776,1529.59776,0.13108000000011089,0.00010987573920304312,-0.009800000000225517
2025-09-11T13:06:14Z,18567.0,18567.5,3264,1529.5968,1529.5968,0.13012000000003354,0.00010907103436902321,-0.012900000000587553
2025-09-11T13:06:14Z,18567.0,18567.6,3265,1529.59518,1529.59518,0.12850000000003092,0.00010771309496172181,-0.014600000000660307
2025-09-11T13:06:14Z,18567.0,18567.7,3266,1529.59388,1529.59388,0.1271999999999025,0.00010662339049896666,-0.010399999999758047
2025-09-11T13:06:14Z,18567.0,18567.8,3267,1529.5931,1529.5931,0.12642000000005282,0.00010596956782150416,-0.00844999999907503
2025-09-11T13:06:14Z,18567.0,18567.9,3268,1529.59219,1529.59219,0.12551000000007662,0.00010520677469767085,-0.009999999999759868
2025-09-11T13:06:14Z,18568.0,18568.0,3269,1529.5911,1529.5911,0.12442000000010012,0.00010429309941747071,-0.011550000000565719
2025-09-11T13:06:15Z,18568.0,18568.1,3270,1529.58988,1529.58988,0.12319999999999709,0.00010327045369089977,-0.010550000000670301
2025-09-11T13:06:15Z,18568.0,18568.2,3271,1529.58899,1529.58899,0.12230999999997039,0.00010252442525106487,-0.009750000000390169
2025-09-11T13:06:15Z,18568.0,18568.3,3272,1529.58793,1529.58793,0.12124999999991815,0.00010163589699686234,-0.009099999999783503
2025-09-11T13:06:15Z,18568.0,18568.4,3273,1529.58717,1529.58717,0.12049000000001797,0.00010099883900339823,-0.008599999999892693
2025-09-11T13:06:15Z,18568.0,18568.5,3274,1529.58621,1529.58621,0.11952999999994063,0.00010019413416937832,-0.009099999999894415
2025-09-11T13:06:15Z,18568.0,18568.6,3275,1529.58535,1529.58535,0.11867000000006556,9.947325275573162e-05,-0.008399999999232355
2025-09-11T13:06:15Z,18568.0,18568.7,3276,1529.58453,1529.58453,0.1178500000000895,9.878590071008171e-05,-0.009049999999886316
2025-09-11T13:06:15Z,18568.0,18568.8,3277,1529.58354,1529.58354,0.1168600000000879,9.79560488500642e-05,-0.007750000000946833
2025-09-11T13:06:15Z,18568.0,18568.9,3278,1529.58298,1529.58298,0.11629999999991014,9.748663769677473e-05,-0.006850000000915846
2025-09-11T13:06:15Z,18569.0,18569.0,3279,1529.58217,1529.58217,0.11548999999990883,9.680766799312404e-05,-0.007716315789598416
2025-09-11T13:06:16Z,18569.0,18569.11111111111,3280,1529.58136,1529.58136,0.11467999999990752,9.612869828947333e-05,-0.006254999999577793
2025-09-11T13:06:16Z,18569.0,18569.222222222223,3281,1529.58078,1529.58078,0.11410000000000764,9.564252245237607e-05,-0.0026099999994593226
2025-09-11T13:06:16Z,18569.0,18569.333333333332,3282,1529.5801,1529.58078,0.11410000000000764,9.564252245237607e-05,0.0
2025-09-11T13:06:16Z,18569.0,18569.444444444445,3283,1529.57949,1529.58078,0.11410000000000764,9.564252245237607e-05,1.1153700000342475
2025-09-11T13:06:16Z,18569.0,18569.555555555555,3284,1529.82864,1529.82864,0.36195999999995365,0.0003034072517691086,1.7430300000127743
2025-09-11T13:06:16Z,18569.0,18569.666666666668,3285,1529.96812,1529.96812,0.5014400000000023,0.0004203241582692065,1.4842350000053761
2025-09-11T13:06:16Z,18569.0,18569.777777777777,3286,1530.15847,1530.15847,0.6917900000000827,0.0005798820386269301,1.4477850000055539
2025-09-11T13:06:16Z,18569.0,18569.88888888889,3287,1530.28985,1530.28985,0.8231699999998909,0.0006900092480903304,1.9682550000213528
2025-09-11T13:06:16Z,18570.0,18570.0,3288,1530.59586,1530.59586,1.1291799999999057,0.0009465172962555456,2.123459411791166
2025-09-11T13:06:17Z,18570.0,18570.125,3289,1530.77261,1530.77261,1.3059299999999894,0.001094675191465575,1.86008000000038
2025-09-11T13:06:17Z,18570.0,18570.25,3290,1531.06088,1531.06088,1.5942000000000007,0.001336312964886659,1.8126000000002023
2025-09-11T13:06:17Z,18570.0,18570.375,3291,1531.22576,1531.22576,1.75908000000004,0.001474521020118477,1.210200000000441
2025-09-11T13:06:17Z,18570.0,18570.5,3292,1531.36343,1531.36343,1.896750000000111,0.0015899207227129076,1.1765999999997803
2025-09-11T13:06:17Z,18570.0,18570.625,3293,1531.51991,1531.51991,2.053229999999985,0.0017210876106474805,1.112199999999575
2025-09-11T13:06:17Z,18570.0,18570.75,3294,1531.64148,1531.64148,2.1748000000000047,0.0018229917425890796,0.9537600000003295
2025-09-11T13:06:17Z,18570.0,18570.875,3295,1531.75835,1531.75835,2.2916700000000674,0.001920956173781143,1.4531200000001263
2025-09-11T13:06:17Z,18571.0,18571.0,3296,1532.00476,1532.00476,2.5380800000000363,0.002127505463504942,1.5315999999993437
2025-09-11T13:06:18Z,18571.0,18571.125,3297,1532.14125,1532.14125,2.6745699999999033,0.0022419160497407983,1.1474399999997331
2025-09-11T13:06:18Z,18571.0,18571.25,3298,1532.29162,1532.29162,2.8249399999999696,0.002367961326701089,1.210800000000745
2025-09-11T13:06:18Z,18571.0,18571.375,3299,1532.44395,1532.44395,2.9772700000000896,0.002495649542697416,1.019600000000537
2025-09-11T13:06:18Z,18571.0,18571.5,3300,1532.54652,1532.54652,3.079840000000104,0.0025816272248003163,0.9884799999999814
2025-09-11T13:06:18Z,18571.0,18571.625,3301,1532.69107,1532.69107,3.224390000000085,0.002702793978704683,0.8747199999997974
2025-09-11T13:06:18Z,18571.0,18571.75,3302,1532.7652,1532.7652,3.298520000000053,0.0027649322801016254,0.569999999999709
2025-09-11T13:06:18Z,18571.0,18571.875,3303,1532.83357,1532.83357,3.366890000000012,0.0028222423524948297,0.6598800000001575
2025-09-11T13:06:19Z,18572.0,18572.0,3304,1532.93017,1532.93017,3.4634900000000926,0.002903215776411627,0.5934171428568131
2025-09-11T13:06:19Z,18572.0,18572.166666666668,3305,1532.98921,1532.98921,3.5225299999999606,0.002952705123699754,0.3273000000002977
2025-09-11T13:06:19Z,18572.0,18572.333333333332,3306,1533.03927,1533.03927,3.572589999999991,0.002994667127853729,0.39851999999926946
2025-09-11T13:06:19Z,18572.0,18572.5,3307,1533.12205,1533.12205,3.655369999999948,0.003064056155098278,0.39041999999710875
2025-09-11T13:06:19Z,18572.0,18572.666666666668,3308,1533.16941,1533.16941,3.702729999999974,0.0031037549269067504,0.3898800000036733
2025-09-11T13:06:19Z,18572.0,18572.833333333332,3309,1533.25201,1533.25201,3.785329999999931,0.003172993071994933,0.24780000000618152
2025-09-11T13:06:19Z,18573.0,18573.0,3310,1533.36627,1533.25201,3.785329999999931,0.003172993071994933,3.552713678800501e-15
2025-09-11T13:06:20Z,18573.0,18573.11111111111,3311,1533.4106,1533.25201,3.785329999999931,0.003172993071994933,-7.8118199997299165
2025-09-11T13:06:20Z,18573.0,18573.222222222223,3312,1531.51605,1531.51605,2.0493699999999535,0.001717852026627593,-10.332314999807384
2025-09-11T13:06:20Z,18573.0,18573.333333333332,3313,1530.95594,1530.95594,1.4892600000000584,0.0012483486677249923,-3.3092100000500073
2025-09-11T13:06:20Z,18573.0,18573.444444444445,3314,1530.78067,1530.78067,1.3139900000001035,0.001101431359134085,-1.6105499999980308
2025-09-11T13:06:20Z,18573.0,18573.555555555555,3315,1530.59804,1530.59804,1.131360000000086,0.0009483446468161365,-1.4648850000035107
2025-09-11T13:06:20Z,18573.0,18573.666666666668,3316,1530.45514,1530.45514,0.9884600000000319,0.0008285609793450689,-1.2848849999981082
2025-09-11T13:06:20Z,18573.0,18573.777777777777,3317,1530.31251,1530.31251,0.8458299999999781,0.0007090036351085516,-1.2554099999988528
2025-09-11T13:06:20Z,18573.0,18573.88888888889,3318,1530.17616,1530.17616,0.709479999999985,0.0005947104016608746,-1.2128399999975814
2025-09-11T13:06:20Z,18574.0,18574.0,3319,1530.04299,1530.04299,0.5763099999999213,0.00048308275297561466,-1.2672000000185564
2025-09-11T13:06:21Z,18574.0,18574.11111111111,3320,1529.89456,1529.89456,0.4278799999999592,0.0003586636503673622,-1.2227850000011815
2025-09-11T13:06:21Z,18574.0,18574.222222222223,3321,1529.77126,1529.77126,0.3045799999999872,0.00025530937325627984,-1.0396799999953372
2025-09-11T13:06:21Z,18574.0,18574.333333333332,3322,1529.66352,1529.66352,0.19684000000006563,0.00016499802032892831,-0.5189850000141963
2025-09-11T13:06:21Z,18574.0,18574.444444444445,3323,1529.65593,1529.65593,0.18924999999990177,0.0001586358227353336,-0.06853499999976609
2025-09-11T13:06:21Z,18574.0,18574.555555555555,3324,1529.64829,1529.64829,0.18161000000009153,0.00015223171343193347,-0.0720449999989683
2025-09-11T13:06:21Z,18574.0,18574.666666666668,3325,1529.63992,1529.63992,0.173240000000078,0.00014521569316087624,-0.058139999999880176
2025-09-11T13:06:21Z,18574.0,18574.777777777777,3326,1529.63537,1529.63537,0.1686899999999696,0.0001414017275415191,-0.03888000000005998
2025-09-11T13:06:21Z,18574.0,18574.88888888889,3327,1529.63128,1529.63128,0.16460000000006403,0.0001379733496552688,-0.03334499999953888
2025-09-11T13:06:21Z,18575.0,18575.0,3328,1529.62796,1529.62796,0.1612800000000334,0.0001351904121044818,-0.02989882353019102
2025-09-11T13:06:22Z,18575.0,18575.125,3329,1529.62422,1529.62422,0.1575399999999263,0.00013205541618877535,-0.025160000000141736
2025-09-11T13:06:22Z,18575.0,18575.25,3330,1529.62167,1529.62167,0.15498999999999796,0.00012991791897364223,-0.02592000000004191
2025-09-11T13:06:22Z,18575.0,18575.375,3331,1529.61774,1529.61774,0.15105999999991582,0.00012662365855956975,-0.023159999999734282
2025-09-11T13:06:22Z,18575.0,18575.5,3332,1529.61588,1529.61588,0.1492000000000644,0.00012506454294390634,-0.017199999999320426
2025-09-11T13:06:22Z,18575.0,18575.625,3333,1529.61344,1529.61344,0.1467600000000857,0.00012301925149095502,-0.018360000000029686
2025-09-11T13:06:22Z,18575.0,18575.75,3334,1529.61129,1529.61129,0.14461000000005697,0.00012121704795655237,-0.015240000000630971
2025-09-11T13:06:22Z,18575.0,18575.875,3335,1529.60963,1529.60963,0.14294999999992797,0.00011982557918106357,-0.02076000000033673
2025-09-11T13:06:22Z,18576.0,18576.0,3336,1529.6061,1529.6061,0.1394199999999728,0.00011686661244791214,-0.01955999999972846
2025-09-11T13:06:23Z,18576.0,18576.125,3337,1529.60474,1529.60474,0.13805999999999585,0.00011572661393316178,-0.01224000000001979
2025-09-11T13:06:23Z,18576.0,18576.25,3338,1529.60304,1529.60304,0.13635999999996784,0.00011430161578967617,-0.011999999999716238
2025-09-11T13:06:23Z,18576.0,18576.375,3339,1529.60174,1529.60174,0.1350600000000668,0.0001132119113271116,-0.014559999999619322
2025-09-11T13:06:23Z,18576.0,18576.5,3340,1529.5994,1529.5994,0.132720000000063,0.00011125044329434293,-0.019240000000536384
2025-09-11T13:06:23Z,18576.0,18576.625,3341,1529.59693,1529.59693,0.1302499999999327,0.00010918000481520343,-0.01532000000042899
2025-09-11T13:06:23Z,18576.0,18576.75,3342,1529.59557,1529.59557,0.12888999999995576,0.00010804000630045307,-0.009999999999308784
2025-09-11T13:06:23Z,18576.0,18576.875,3343,1529.59443,1529.59443,0.1277500000001055,0.00010708441931025692,-0.009959999999409774
2025-09-11T13:06:23Z,18577.0,18577.0,3344,1529.59308,1529.59308,0.12640000000010332,0.00010595280313750575,-0.00935333333389532
2025-09-11T13:06:24Z,18577.0,18577.14285714286,3345,1529.59198,1529.59198,0.1252999999999247,0.00010503074551511583,-0.006545000000169943
2025-09-11T13:06:24Z,18577.0,18577.285714285714,3346,1529.59121,1529.59121,0.12453000000004977,0.00010438530517965253,-0.0091699999998468
2025-09-11T13:06:24Z,18577.0,18577.428571428572,3347,1529.58936,1529.58936,0.12267999999994572,0.00010283457190579771,-0.010045000000048987
2025-09-11T13:06:24Z,18577.0,18577.571428571428,3348,1529.58834,1529.58834,0.12166000000001986,0.00010197957301978258,-0.009415000000062845
2025-09-11T13:06:24Z,18577.0,18577.714285714286,3349,1529.58667,1529.58667,0.11998999999991611,0.00010057972190229459,-0.008050000000288715
2025-09-11T13:06:24Z,18577.0,18577.85714285714,3350,1529.58604,1529.58604,0.11935999999991509,0.00010005163435501071,-0.007454999999417566
2025-09-11T13:06:24Z,18578.0,18578.0,3351,1529.58454,1529.58454,0.11786000000006425,9.879428305208092e-05,-0.004593749999427188
2025-09-11T13:06:25Z,18578.0,18578.11111111111,3352,1529.5837,1529.58454,0.11786000000006425,9.879428305208092e-05,0.0
2025-09-11T13:06:25Z,18578.0,18578.222222222223,3353,1529.58226,1529.58454,0.11786000000006425,9.879428305208092e-05,0.49396500001539134
2025-09-11T13:06:25Z,18578.0,18578.333333333332,3354,1529.69431,1529.69431,0.22763000000009015,0.00019080725140965406,1.4426099999817519
2025-09-11T13:06:25Z,18578.0,18578.444444444445,3355,1529.90512,1529.90512,0.43843999999990046,0.0003675154035408189,1.5650999999863064
2025-09-11T13:06:25Z,18578.0,18578.555555555555,3356,1530.04211,1530.04211,0.5754300000000967,0.00048234510687796955,1.438649999990699
2025-09-11T13:06:25Z,18578.0,18578.666666666668,3357,1530.22482,1530.22482,0.7581399999999121,0.0006354988779319117,1.5158699999925296
2025-09-11T13:06:25Z,18578.0,18578.777777777777,3358,1530.37897,1530.37897,0.9122899999999845,0.0007647126801759057,1.3707899999985593
2025-09-11T13:06:25Z,18578.0,18578.88888888889,3359,1530.52944,1530.52944,1.0627600000000257,0.0008908417805563789,1.4631750000014527
2025-09-11T13:06:25Z,18579.0,18579.0,3360,1530.70412,1530.70412,1.237440000000106,0.0010372645309681898,1.4824635294243835
2025-09-11T13:06:26Z,18579.0,18579.125,3361,1530.87682,1530.87682,1.4101399999999558,0.001182027577659775,1.3799599999993006
2025-09-11T13:06:26Z,18579.0,18579.25,3362,1531.04911,1531.04911,1.5824299999999312,0.0013264469483286305,1.254800000000614
2025-09-11T13:06:26Z,18579.0,18579.375,3363,1531.19052,1531.19052,1.7238400000001093,0.0014449816468387676,1.1098000000001775
2025-09-11T13:06:26Z,18579.0,18579.5,3364,1531.32656,1531.32656,1.8598799999999756,0.0015590150276837069,1.5060399999993024
2025-09-11T13:06:26Z,18579.0,18579.625,3365,1531.56703,1531.56703,2.100349999999935,0.0017605852062474005,1.4905200000002878
2025-09-11T13:06:26Z,18579.0,18579.75,3366,1531.69919,1531.69919,2.2325100000000475,0.0018713662383886445,1.3984799999998359
2025-09-11T13:06:26Z,18579.0,18579.875,3367,1531.91665,1531.91665,2.449969999999894,0.0020536486479633825,1.4154799999996612
2025-09-11T13:06:26Z,18580.0,18580.0,3368,1532.05306,1532.05306,2.586379999999963,0.002167992175463245,1.0584400000007008
2025-09-11T13:06:27Z,18580.0,18580.125,3369,1532.18126,1532.18126,2.714580000000069,0.0022754538001644193,1.2304000000003725
2025-09-11T13:06:27Z,18580.0,18580.25,3370,1532.36066,1532.36066,2.893980000000056,0.0024258330160097643,1.1323999999995067
2025-09-11T13:06:27Z,18580.0,18580.375,3371,1532.46436,1532.46436,2.9976799999999457,0.0025127579027608613,0.7577199999996083
2025-09-11T13:06:27Z,18580.0,18580.5,3372,1532.55009,1532.55009,3.083409999999958,0.0025846197209014646,0.6510800000005474
2025-09-11T13:06:27Z,18580.0,18580.625,3373,1532.62713,1532.62713,3.1604500000000826,0.0026491972838264643,0.6434799999997267
2025-09-11T13:06:27Z,18580.0,18580.75,3374,1532.71096,1532.71096,3.2442799999998897,0.0027194664569830263,0.9386799999992945
2025-09-11T13:06:27Z,18580.0,18580.875,3375,1532.8618,1532.8618,3.395119999999906,0.0028459057040182323,0.822160000000622
2025-09-11T13:06:27Z,18581.0,18581.0,3376,1532.9165,1532.9165,3.449820000000045,0.002891757114869748,0.5266417647112398
2025-09-11T13:06:28Z,18581.0,18581.11111111111,3377,1532.98381,1532.98381,3.517129999999952,0.0029481786590087496,0.5821199999992945
2025-09-11T13:06:28Z,18581.0,18581.222222222223,3378,1533.04586,1533.04586,3.579179999999951,0.003000191091245116,0.48581999999695746
2025-09-11T13:06:28Z,18581.0,18581.333333333332,3379,1533.09177,1533.09177,3.62509,0.0030386744234606553,0.4657049999972749
2025-09-11T13:06:28Z,18581.0,18581.444444444445,3380,1533.14935,1533.14935,3.6826699999999164,0.003086939948813849,0.612180000002386
2025-09-11T13:06:28Z,18581.0,18581.555555555555,3381,1533.22781,1533.22781,3.761130000000094,0.003152707804305785,0.5152050000060342
2025-09-11T13:06:28Z,18581.0,18581.666666666668,3382,1533.26384,1533.26384,3.7971600000000763,0.003182909382605147,0.2803949999971387
2025-09-11T13:06:28Z,18581.0,18581.777777777777,3383,1533.29012,1533.29012,3.8234399999998914,0.0032049381774345125,0.11826000000282377
2025-09-11T13:06:28Z,18581.0,18581.88888888889,3384,1533.324,1533.29012,3.8234399999998914,0.0032049381774345125,0.0
2025-09-11T13:06:28Z,18582.0,18582.0,3385,1533.36905,1533.29012,3.8234399999998914,0.0032049381774345125,-3.4262964705611054
2025-09-11T13:06:29Z,18582.0,18582.125,3386,1532.38001,1532.38001,2.9133300000000872,0.0024420528478191978,-8.536999999999352
2025-09-11T13:06:29Z,18582.0,18582.25,3387,1531.15587,1531.15587,1.6891900000000533,0.0014159368317381543,-6.125920000000406
2025-09-11T13:06:29Z,18582.0,18582.375,3388,1530.84853,1530.84853,1.3818499999999858,0.0011583139320841863,-2.4310400000003938
2025-09-11T13:06:29Z,18582.0,18582.5,3389,1530.54811,1530.54811,1.0814299999999548,0.0009064916131083418,-1.761199999999917
2025-09-11T13:06:29Z,18582.0,18582.625,3390,1530.40823,1530.40823,0.9415500000000065,0.0007892394129275134,-1.1912800000000061
2025-09-11T13:06:29Z,18582.0,18582.75,3391,1530.25029,1530.25029,0.7836099999999533,0.0006568487030578171,-1.160200000000259
2025-09-11T13:06:29Z,18582.0,18582.875,3392,1530.11818,1530.11818,0.6514999999999418,0.0005461095826267596,-1.1375200000002224
2025-09-11T13:06:29Z,18583.0,18583.0,3393,1529.96591,1529.96591,0.4992299999998977,0.00041847166068261806,-1.214015555565017
2025-09-11T13:06:30Z,18583.0,18583.1,3394,1529.84484,1529.84484,0.37815999999997985,0.00031698664584212257,-1.2863999999916143
2025-09-11T13:06:30Z,18583.0,18583.2,3395,1529.70863,1529.70863,0.24195000000008804,0.0002028107651828156,-0.9091499999801684
2025-09-11T13:06:30Z,18583.0,18583.3,3396,1529.66301,1529.66301,0.196329999999989,0.00016457052088582547,-0.2720500000066548
2025-09-11T13:06:30Z,18583.0,18583.4,3397,1529.65422,1529.65422,0.187539999999899,0.00015720244224984878,-0.07749999999921231
2025-09-11T13:06:30Z,18583.0,18583.5,3398,1529.64751,1529.64751,0.18083000000001448,0.00015157789075428038,-0.05219999999970715
2025-09-11T13:06:30Z,18583.0,18583.6,3399,1529.64378,1529.64378,0.1771000000001095,0.0001484512771807637,-0.04030000000031475
2025-09-11T13:06:30Z,18583.0,18583.7,3400,1529.63945,1529.63945,0.1727699999999004,0.0001448217230857702,-0.04415000000095226
2025-09-11T13:06:30Z,18583.0,18583.8,3401,1529.63495,1529.63495,0.16826999999989312,0.00014104966917659966,-0.040049999998962305
2025-09-11T13:06:30Z,18583.0,18583.9,3402,1529.63144,1529.63144,0.16476000000011481,0.00013810746712763721,-0.033099999999228746
2025-09-11T13:06:30Z,18584.0,18584.0,3403,1529.62833,1529.62833,0.16165000000000873,0.00013550055875921464,-0.03150000000050934
2025-09-11T13:06:31Z,18584.0,18584.1,3404,1529.62514,1529.62514,0.15846000000010463,0.00013282659165479846,-0.028350000000071818
2025-09-11T13:06:31Z,18584.0,18584.2,3405,1529.62266,1529.62266,0.15597999999999956,0.00013074777083365975,-0.022850000000135484
2025-09-11T13:06:31Z,18584.0,18584.3,3406,1529.62057,1529.62057,0.1538900000000467,0.0001289958613514429,-0.024150000000211946
2025-09-11T13:06:31Z,18584.0,18584.4,3407,1529.61783,1529.61783,0.15114999999991596,0.00012669909963775318,-0.024650000000102756
2025-09-11T13:06:31Z,18584.0,18584.5,3408,1529.61564,1529.61564,0.1489599999999882,0.00012486336673535371,-0.021449999999588965
2025-09-11T13:06:31Z,18584.0,18584.6,3409,1529.61354,1529.61354,0.1468600000000606,0.00012310307491113765,-0.01710000000010725
2025-09-11T13:06:31Z,18584.0,18584.7,3410,1529.61222,1529.61222,0.14553999999998268,0.00012199660576438409,-0.01800000000013824
2025-09-11T13:06:31Z,18584.0,18584.8,3411,1529.60994,1529.60994,0.1432600000000548,0.0001200854317838012,-0.018350000000377453
2025-09-11T13:06:31Z,18584.0,18584.9,3412,1529.60855,1529.60855,0.14186999999992622,0.00011892028624286264,-0.014300000000238344
2025-09-11T13:06:31Z,18585.0,18585.0,3413,1529.60708,1529.60708,0.14039999999999964,0.00011768808196593046,-0.016999999999390614
2025-09-11T13:06:32Z,18585.0,18585.1,3414,1529.60515,1529.60515,0.13847000000009757,0.00011607028995608202,-0.01589999999971259
2025-09-11T13:06:32Z,18585.0,18585.2,3415,1529.6039,1529.6039,0.13722000000007029,0.00011502249720351347,-0.014300000000289192
2025-09-11T13:06:32Z,18585.0,18585.3,3416,1529.60229,1529.60229,0.13561000000004242,0.00011367294013821128,-0.014200000000545665
2025-09-11T13:06:32Z,18585.0,18585.4,3417,1529.60106,1529.60106,0.13437999999996464,0.00011264191206964113,-0.010550000000546511
2025-09-11T13:06:32Z,18585.0,18585.5,3418,1529.60018,1529.60018,0.1334999999999127,0.00011190426597180543,-0.01189999999968705
2025-09-11T13:06:32Z,18585.0,18585.6,3419,1529.59868,1529.59868,0.13200000000006185,0.00011064691466887564,-0.012849999999420603
2025-09-11T13:06:32Z,18585.0,18585.7,3420,1529.59761,1529.59761,0.13093000000003485,0.0001097500040726739,-0.012450000000417405
2025-09-11T13:06:32Z,18585.0,18585.8,3421,1529.59619,1529.59619,0.12950999999998203,0.00010855971150573774,-0.011849999999682614
2025-09-11T13:06:32Z,18585.0,18585.9,3422,1529.59524,1529.59524,0.1285600000001068,0.00010776338901390761,-0.009599999999605258
2025-09-11T13:06:32Z,18586.0,18586.0,3423,1529.59427,1529.59427,0.12759000000005472,0.0001069503018378885,-0.009450000000152836
2025-09-11T13:06:33Z,18586.0,18586.1,3424,1529.59335,1529.59335,0.12667000000010376,0.000106179126372056,-0.010899999999663512
2025-09-11T13:06:33Z,18586.0,18586.2,3425,1529.59209,1529.59209,0.12541000000010172,0.00010512295127748823,-0.012300000000722067
2025-09-11T13:06:33Z,18586.0,18586.3,3426,1529.59089,1529.59089,0.1242099999999482,0.0001041170702349157,-0.009700000000569475
2025-09-11T13:06:33Z,18586.0,18586.4,3427,1529.59015,1529.59015,0.12346999999999753,0.00010349677692545,-0.007499999999230567
2025-09-11T13:06:33Z,18586.0,18586.5,3428,1529.58939,1529.58939,0.12271000000009735,0.00010285971893198591,-0.00779999999974712
2025-09-11T13:06:33Z,18586.0,18586.6,3429,1529.58859,1529.58859,0.1219100000000708,0.00010218913157033441,-0.009500000000936759
2025-09-11T13:06:33Z,18586.0,18586.7,3430,1529.58749,1529.58749,0.12080999999989217,0.00010126707394794448,-0.009449999999924463
2025-09-11T13:06:33Z,18586.0,18586.8,3431,1529.5867,1529.5867,0.12002000000006774,0.00010060486892848278,-0.007249999999882628
2025-09-11T13:06:33Z,18586.0,18586.9,3432,1529.58604,1529.58604,0.11935999999991509,0.00010005163435501071,-0.007350000000770351
2025-09-11T13:06:33Z,18587.0,18587.0,3433,1529.58523,1529.58523,0.11854999999991378,9.937266465136001e-05,-0.004263157894805802
2025-09-11T13:06:34Z,18587.0,18587.11111111111,3434,1529.58427,1529.58523,0.11854999999991378,9.937266465136001e-05,-1.1102230246251565e-16
2025-09-11T13:06:34Z,18587.0,18587.222222222223,3435,1529.58389,1529.58523,0.11854999999991378,9.937266465136001e-05,0.8738550000277528
2025-09-11T13:06:34Z,18587.0,18587.333333333332,3436,1529.77942,1529.77942,0.3127400000000762,0.0002621493643449726,1.644930000000418
2025-09-11T13:06:34Z,18587.0,18587.444444444445,3437,1529.95077,1529.95077,0.48408999999992375,0.0004057807948638066,1.38271499999234
2025-09-11T13:06:34Z,18587.0,18587.555555555555,3438,1530.08669,1530.08669,0.620010000000093,0.0005197135876047555,1.4489549999906126
2025-09-11T13:06:34Z,18587.0,18587.666666666668,3439,1530.27276,1530.27276,0.8060800000000654,0.0006756838255776721,1.5209099999922717
2025-09-11T13:06:34Z,18587.0,18587.777777777777,3440,1530.42467,1530.42467,0.9579900000001089,0.00080301998320908,1.3558949999971404
2025-09-11T13:06:34Z,18587.0,18587.88888888889,3441,1530.57407,1530.57407,1.1073899999998957,0.000928252172993161,1.4801400000014109
2025-09-11T13:06:34Z,18588.0,18588.0,3442,1530.75359,1530.75359,1.2869100000000344,0.0010787319769428776,1.5075326316016122
2025-09-11T13:06:35Z,18588.0,18588.1,3443,1530.89461,1530.89461,1.4279300000000603,0.0011969397641140927,1.4222999999947907
2025-09-11T13:06:35Z,18588.0,18588.2,3444,1531.03805,1531.03805,1.5713700000001154,0.0013171760780542607,1.4215999999942612
2025-09-11T13:06:35Z,18588.0,18588.3,3445,1531.17893,1531.17893,1.71225000000004,0.001435266512437106,1.531249999989293
2025-09-11T13:06:35Z,18588.0,18588.4,3446,1531.3443,1531.3443,1.877619999999979,0.001573885302427838,1.6026499999921242
2025-09-11T13:06:35Z,18588.0,18588.5,3447,1531.49946,1531.49946,2.0327800000000025,0.0017039457212158478,1.2782000000190248
2025-09-11T13:06:35Z,18588.0,18588.6,3448,1531.59994,1531.59994,2.133260000000064,0.0017881714938365312,1.1665999999901135
2025-09-11T13:06:35Z,18588.0,18588.7,3449,1531.73278,1531.73278,2.2661000000000513,0.0018995225252350552,1.2253499999915007
2025-09-11T13:06:35Z,18588.0,18588.8,3450,1531.84501,1531.84501,2.3783300000000054,0.001993597549729578,1.1224999999960819
2025-09-11T13:06:35Z,18588.0,18588.9,3451,1531.95728,1531.95728,2.490600000000086,0.0020877061035922883,1.2026999999985843
2025-09-11T13:06:35Z,18589.0,18589.0,3452,1532.08555,1532.08555,2.6188700000000154,0.0021952264046874565,1.1878500000173116
2025-09-11T13:06:36Z,18589.0,18589.1,3453,1532.19485,1532.19485,2.728170000000091,0.0022868454029701143,1.132999999994233
2025-09-11T13:06:36Z,18589.0,18589.2,3454,1532.31215,1532.31215,2.8454699999999775,0.0023851702748689057,1.0381999999905975
2025-09-11T13:06:36Z,18589.0,18589.3,3455,1532.40249,1532.40249,2.9358099999999467,0.0024608963526808613,0.813150000000503
2025-09-11T13:06:36Z,18589.0,18589.4,3456,1532.47478,1532.47478,3.008100000000013,0.0025214923031461386,0.8461000000013836
2025-09-11T13:06:36Z,18589.0,18589.5,3457,1532.57171,1532.57171,3.1050299999999424,0.0026027423443494816,0.9063500000133917
2025-09-11T13:06:36Z,18589.0,18589.6,3458,1532.65605,1532.65605,3.1893700000000536,0.002673439016949337,0.8102499999989359
2025-09-11T13:06:36Z,18589.0,18589.7,3459,1532.73376,1532.73376,3.267080000000078,0.0027385781967896173,0.7960999999978196
2025-09-11T13:06:36Z,18589.0,18589.8,3460,1532.81527,1532.81527,3.3485900000000584,0.0028069026665975996,0.8054499999965756
2025-09-11T13:06:36Z,18589.0,18589.9,3461,1532.89485,1532.89485,3.428169999999909,0.0028736093443955425,0.7547999999954662
2025-09-11T13:06:36Z,18590.0,18590.0,3462,1532.96623,1532.96623,3.4995499999999993,0.0029334425017369867,0.6467500000102042
2025-09-11T13:06:37Z,18590.0,18590.1,3463,1533.0242,1533.0242,3.5575200000000677,0.0029820349384291024,0.5263000000002478
2025-09-11T13:06:37Z,18590.0,18590.2,3464,1533.07149,1533.07149,3.604810000000043,0.00302167503384339,0.5209499999999387
2025-09-11T13:06:37Z,18590.0,18590.3,3465,1533.12839,1533.12839,3.6617100000000846,0.003069370559939304,0.47555000000155445
2025-09-11T13:06:37Z,18590.0,18590.4,3466,1533.1666,1533.1666,3.69992000000002,0.0031013994887990662,0.4071999999990794
2025-09-11T13:06:37Z,18590.0,18590.5,3467,1533.20983,1533.20983,3.743150000000014,0.003137636353353101,0.386650000006
2025-09-11T13:06:37Z,18590.0,18590.6,3468,1533.24393,1533.24393,3.7772500000000946,0.0031662201396426147,0.37244999999734674
2025-09-11T13:06:37Z,18590.0,18590.7,3469,1533.28432,1533.28432,3.817639999999983,0.003200076419062777,0.3842499999975004
2025-09-11T13:06:37Z,18590.0,18590.8,3470,1533.32078,1533.32078,3.8541000000000167,0.003230638438069058,0.3509499999987753
2025-09-11T13:06:37Z,18590.0,18590.9,3471,1533.35451,1533.35451,3.8878299999998944,0.003258912077703648,0.1686499999926383
2025-09-11T13:06:37Z,18591.0,18591.0,3472,1533.39599,1533.35451,3.8878299999998944,0.003258912077703648,0.0
2025-09-11T13:06:38Z,18591.0,18591.125,3473,1533.43518,1533.35451,3.8878299999998944,0.003258912077703648,-5.5635599999995975
2025-09-11T13:06:38Z,18591.0,18591.25,3474,1531.96362,1531.96362,2.496939999999995,0.002093020508433124,-9.450799999999617
2025-09-11T13:06:38Z,18591.0,18591.375,3475,1530.99181,1530.99181,1.52512999999999,0.001278416128551986,-4.654239999999845
2025-09-11T13:06:38Z,18591.0,18591.5,3476,1530.80006,1530.80006,1.3333800000000338,0.0011176847203115152,-1.5039600000000064
2025-09-11T13:06:38Z,18591.0,18591.625,3477,1530.61582,1530.61582,1.1491399999999885,0.0009632484509282644,-1.370640000000094
2025-09-11T13:06:38Z,18591.0,18591.75,3478,1530.4574,1530.4574,0.9907200000000103,0.0008304553886416534,-1.1132399999996778
2025-09-11T13:06:38Z,18591.0,18591.875,3479,1530.33751,1530.33751,0.870830000000069,0.0007299594901595414,-1.4505600000002232
2025-09-11T13:06:38Z,18592.0,18592.0,3480,1530.09476,1530.09476,0.6280799999999545,0.0005264781376150743,-1.4407777777825994
2025-09-11T13:06:39Z,18592.0,18592.1,3481,1529.99078,1529.99078,0.5241000000000895,0.0004393185452874277,-1.228899999988489
2025-09-11T13:06:39Z,18592.0,18592.2,3482,1529.84898,1529.84898,0.38229999999998654,0.00032045693543855945,-1.2887499999905458
2025-09-11T13:06:39Z,18592.0,18592.3,3483,1529.73303,1529.73303,0.2663500000001022,0.00022326367971251917,-0.917300000005315
2025-09-11T13:06:39Z,18592.0,18592.4,3484,1529.66552,1529.66552,0.19884000000001834,0.00016667448873296177,-0.3746499999876809
2025-09-11T13:06:39Z,18592.0,18592.5,3485,1529.6581,1529.6581,0.1914200000001074,0.00016045479095392525,-0.07145000000140789
2025-09-11T13:06:39Z,18592.0,18592.6,3486,1529.65123,1529.65123,0.1845499999999447,0.00015469612198579783,-0.05920000000073122
2025-09-11T13:06:39Z,18592.0,18592.7,3487,1529.64626,1529.64626,0.1795799999999872,0.00015053009800171182,-0.0448499999989751
2025-09-11T13:06:39Z,18592.0,18592.8,3488,1529.64226,1529.64226,0.17558000000008178,0.00014717716119364493,-0.043399999999283234
2025-09-11T13:06:39Z,18592.0,18592.9,3489,1529.63758,1529.63758,0.17090000000007421,0.00014325422512810756,-0.04139999999971988
2025-09-11T13:06:39Z,18593.0,18593.0,3490,1529.63398,1529.63398,0.1673000000000684,0.00014023658200077113,-0.030488888889453336
2025-09-11T13:06:40Z,18593.0,18593.125,3491,1529.63103,1529.63103,0.1643500000000131,0.00013776379110471697,-0.0254400000003443
2025-09-11T13:06:40Z,18593.0,18593.25,3492,1529.62762,1529.62762,0.16093999999998232,0.00013490541247574656,-0.025599999999940337
2025-09-11T13:06:40Z,18593.0,18593.375,3493,1529.62463,1529.62463,0.157950000000028,0.00013239909221169559,-0.030759999999645515
2025-09-11T13:06:40Z,18593.0,18593.5,3494,1529.61993,1529.61993,0.15325000000007094,0.00012845939146215982,-0.03480000000035943
2025-09-11T13:06:40Z,18593.0,18593.625,3495,1529.61593,1529.61593,0.14924999999993815,0.00012510645465390233,-0.023439999999936845
2025-09-11T13:06:40Z,18593.0,18593.75,3496,1529.61407,1529.61407,0.14739000000008673,0.00012354733903823892,-0.013959999999315187
2025-09-11T13:06:40Z,18593.0,18593.875,3497,1529.61244,1529.61244,0.14576000000010936,0.0001221810172889383,-0.01407999999992171
2025-09-11T13:06:40Z,18594.0,18594.0,3498,1529.61055,1529.61055,0.1438700000001063,0.00012059675464708668,-0.01599777777850575
2025-09-11T13:06:41Z,18594.0,18594.1,3499,1529.60888,1529.60888,0.14220000000000255,0.00011919690352959868,-0.017150000000959564
2025-09-11T13:06:41Z,18594.0,18594.2,3500,1529.60712,1529.60712,0.14043999999989865,0.00011772161133392727,-0.014149999999340634
2025-09-11T13:06:41Z,18594.0,18594.3,3501,1529.60605,1529.60605,0.13937000000009903,0.00011682470073791613,-0.012249999999666139
2025-09-11T13:06:41Z,18594.0,18594.4,3502,1529.60467,1529.60467,0.1379899999999452,0.00011566793753897677,-0.013350000000335704
2025-09-11T13:06:41Z,18594.0,18594.5,3503,1529.60338,1529.60338,0.13670000000001892,0.00011458661541841141,-0.013199999999834455
2025-09-11T13:06:41Z,18594.0,18594.6,3504,1529.60203,1529.60203,0.13535000000001673,0.00011345499924566024,-0.01330000000048559
2025-09-11T13:06:41Z,18594.0,18594.7,3505,1529.60072,1529.60072,0.13403999999991356,0.00011235691244090589,-0.012050000000190075
2025-09-11T13:06:41Z,18594.0,18594.8,3506,1529.59962,1529.59962,0.1329399999999623,0.00011143485481870656,-0.012599999999916345
2025-09-11T13:06:41Z,18594.0,18594.9,3507,1529.5982,1529.5982,0.1315199999999095,0.00011024456225177038,-0.011199999999994548
2025-09-11T13:06:41Z,18595.0,18595.0,3508,1529.59738,1529.59738,0.13069999999993342,0.00010955721020612049,-0.008699999999761676
2025-09-11T13:06:42Z,18595.0,18595.1,3509,1529.59646,1529.59646,0.12977999999998246,0.00010878603474028797,-0.010799999999919985
2025-09-11T13:06:42Z,18595.0,18595.2,3510,1529.59522,1529.59522,0.12853999999992993,0.00010774662432971863,-0.010849999999795301
2025-09-11T13:06:42Z,18595.0,18595.3,3511,1529.59429,1529.59429,0.12761000000000422,0.00010696706652188691,-0.009999999999701692
2025-09-11T13:06:42Z,18595.0,18595.4,3512,1529.59322,1529.59322,0.12653999999997723,0.00010607015592568518,-0.009599999999561626
2025-09-11T13:06:42Z,18595.0,18595.5,3513,1529.59237,1529.59237,0.1256900000000769,0.00010535765685403767,-0.008950000000271019
2025-09-11T13:06:42Z,18595.0,18595.6,3514,1529.59143,1529.59143,0.12474999999994907,0.00010456971670401616,-0.009499999999850739
2025-09-11T13:06:42Z,18595.0,18595.7,3515,1529.59047,1529.59047,0.1237900000000991,0.00010376501187018683,-0.009149999999586211
2025-09-11T13:06:42Z,18595.0,18595.8,3516,1529.5896,1529.5896,0.1229200000000219,0.00010303574811435034,-0.008700000000740338
2025-09-11T13:06:42Z,18595.0,18595.9,3517,1529.58873,1529.58873,0.1220499999999447,0.00010230648435851383,-0.008249999999587976
2025-09-11T13:06:42Z,18596.0,18596.0,3518,1529.58795,1529.58795,0.12127000000009502,0.00010165266168105134,-0.006399999999850858
2025-09-11T13:06:43Z,18596.0,18596.1,3519,1529.58745,1529.58745,0.12076999999999316,0.00010123354457994768,-0.00854999999985362
2025-09-11T13:06:43Z,18596.0,18596.2,3520,1529.58624,1529.58624,0.11956000000009226,0.00010021928119556653,-0.006049999999262368
2025-09-11T13:06:43Z,18596.0,18596.3,3521,1529.58549,1529.58624,0.11956000000009226,0.00010021928119556653,0.0
2025-09-11T13:06:43Z,18596.0,18596.4,3522,1529.585,1529.58624,0.11956000000009226,0.00010021928119556653,0.9531000000304737
2025-09-11T13:06:43Z,18596.0,18596.5,3523,1529.77686,1529.77686,0.3101799999999457,0.0002600034847876497,1.8250000000266025
2025-09-11T13:06:43Z,18596.0,18596.6,3524,1529.95124,1529.95124,0.48456000000010135,0.0004061747649389127,1.8179999999913525
2025-09-11T13:06:43Z,18596.0,18596.7,3525,1530.14046,1530.14046,0.6737800000000789,0.0005647854406482486,1.7307999999869663
2025-09-11T13:06:43Z,18596.0,18596.8,3526,1530.2974,1530.2974,0.8307199999999284,0.0006963379163157378,1.5305999999956654
2025-09-11T13:06:43Z,18596.0,18596.9,3527,1530.44658,1530.44658,0.9799000000000433,0.0008213856945756457,1.4917499999947097
2025-09-11T13:06:43Z,18597.0,18597.0,3528,1530.59575,1530.59575,1.129069999999956,0.0009464250904933638,1.636100000023296
2025-09-11T13:06:44Z,18597.0,18597.1,3529,1530.7738,1530.7738,1.3071199999999408,0.0010956726901659576,1.586850000001185
2025-09-11T13:06:44Z,18597.0,18597.2,3530,1530.91312,1530.91312,1.4464399999999387,0.0012124554791936872,1.531650000000047
2025-09-11T13:06:44Z,18597.0,18597.3,3531,1531.08013,1531.08013,1.6134500000000571,0.0013524489732759098,1.53250000000014
2025-09-11T13:06:44Z,18597.0,18597.4,3532,1531.21962,1531.21962,1.7529400000000805,0.0014693742621180068,1.4015999999943798
2025-09-11T13:06:44Z,18597.0,18597.5,3533,1531.36045,1531.36045,1.893769999999904,0.0015874227847906654,1.3465500000191195
2025-09-11T13:06:44Z,18597.0,18597.6,3534,1531.48893,1531.48893,2.0222499999999854,0.0016951191150683888,1.3367999999935112
2025-09-11T13:06:44Z,18597.0,18597.7,3535,1531.62781,1531.62781,2.1611299999999574,0.0018115330810472004,1.2216499999894292
2025-09-11T13:06:44Z,18597.0,18597.8,3536,1531.73326,1531.73326,2.2665799999999763,0.0018999248776519699,1.1841999999911206
2025-09-11T13:06:44Z,18597.0,18597.9,3537,1531.86465,1531.86465,2.3979699999999866,0.00201006046945756,1.2306499999924636
2025-09-11T13:06:44Z,18598.0,18598.0,3538,1531.97939,1531.97939,2.51270999999997,0.0021062394617992193,1.097426666676638
2025-09-11T13:06:45Z,18598.0,18598.125,3539,1532.10876,1532.10876,2.642080000000078,0.0022146818205167774,1.022399999999834
2025-09-11T13:06:45Z,18598.0,18598.25,3540,1532.23499,1532.23499,2.7683099999999286,0.002320492123839725,1.3419999999996435
2025-09-11T13:06:45Z,18598.0,18598.375,3541,1532.44426,1532.44426,2.977579999999989,0.002495909395299963,1.1684400000003734
2025-09-11T13:06:45Z,18598.0,18598.5,3542,1532.5271,1532.5271,3.060420000000022,0.002565348716596698,0.7824399999999514
2025-09-11T13:06:45Z,18598.0,18598.625,3543,1532.63987,1532.63987,3.173189999999977,0.0026598763875603213,0.8325599999998303
2025-09-11T13:06:45Z,18598.0,18598.75,3544,1532.73524,1532.73524,3.2685599999999795,0.0027398187834085487,0.8863600000004226
2025-09-11T13:06:45Z,18598.0,18598.875,3545,1532.86146,1532.86146,3.3947800000000825,0.0028456207043896877,0.7442799999998897
2025-09-11T13:06:45Z,18599.0,18599.0,3546,1532.92131,1532.92131,3.454629999999952,0.0028957890213814654,0.6520222222294194
2025-09-11T13:06:46Z,18599.0,18599.1,3547,1533.00037,1533.00037,3.5336899999999787,0.002962059817394497,0.742949999999098
2025-09-11T13:06:46Z,18599.0,18599.2,3548,1533.0699,1533.0699,3.603219999999965,0.003020342241462086,0.6405499999962068
2025-09-11T13:06:46Z,18599.0,18599.3,3549,1533.12848,1533.12848,3.6618000000000848,0.0030694460010174877,0.5708999999986304
2025-09-11T13:06:46Z,18599.0,18599.4,3550,1533.18408,1533.18408,3.717399999999998,0.0031160518226506467,0.5894999999988926
2025-09-11T13:06:46Z,18599.0,18599.5,3551,1533.24638,1533.24638,3.779700000000048,0.0031682738134375652,0.5814500000081395
2025-09-11T13:06:46Z,18599.0,18599.6,3552,1533.30037,1533.30037,3.833689999999933,0.003213530078005422,0.4239000000022237
2025-09-11T13:06:46Z,18599.0,18599.7,3553,1533.33116,1533.33116,3.8644799999999577,0.0032393393090861477,0.3175999999999597
2025-09-11T13:06:46Z,18599.0,18599.8,3554,1533.36389,1533.36389,3.8972100000000864,0.003266774714518912,0.25765000000138016
2025-09-11T13:06:46Z,18599.0,18599.9,3555,1533.38269,1533.38269,3.9160099999999147,0.003282533517517055,0.09399999999538267
2025-09-11T13:06:46Z,18600.0,18600.0,3556,1533.40339,1533.38269,3.9160099999999147,0.003282533517517055,0.0
2025-09-11T13:06:47Z,18600.0,18600.1,3557,1533.41659,1533.38269,3.9160099999999147,0.003282533517517055,-8.391899999663346
2025-09-11T13:06:47Z,18600.0,18600.2,3558,1531.70431,1531.70431,2.237630000000081,0.0018756579975030996,-11.23729999975643
2025-09-11T13:06:47Z,18600.0,18600.3,3559,1531.13523,1531.13523,1.6685500000000957,0.0013986356778081556,-3.759300000056985
2025-09-11T13:06:47Z,18600.0,18600.4,3560,1530.95245,1530.95245,1.4857700000000023,0.0012454232303598378,-1.706799999990002
2025-09-11T13:06:47Z,18600.0,18600.5,3561,1530.79387,1530.79387,1.3271899999999732,0.0011124960506008583,-1.6793000000239937
2025-09-11T13:06:47Z,18600.0,18600.6,3562,1530.61659,1530.61659,1.1499100000000908,0.0009638938912639183,-1.5755500000014653
2025-09-11T13:06:47Z,18600.0,18600.7,3563,1530.47876,1530.47876,1.012079999999969,0.0008483600711971194,-1.37724999999541
2025-09-11T13:06:47Z,18600.0,18600.8,3564,1530.34114,1530.34114,0.8744599999999991,0.0007330022803128754,-1.4537499999913353
2025-09-11T13:06:47Z,18600.0,18600.9,3565,1530.18801,1530.18801,0.72133000000008,0.0006046434769550873,-1.386549999989406
2025-09-11T13:06:47Z,18601.0,18601.0,3566,1530.06383,1530.06383,0.597150000000056,0.0005005515537461692,-1.247050000018774
2025-09-11T13:06:48Z,18601.0,18601.1,3567,1529.9386,1529.9386,0.4719199999999546,0.00039557948462504774,-1.3089499999932723
2025-09-11T13:06:48Z,18601.0,18601.2,3568,1529.80204,1529.80204,0.33536000000003696,0.00028111022199500636,-1.341099999993872
2025-09-11T13:06:48Z,18601.0,18601.3,3569,1529.67038,1529.67038,0.2037000000000262,0.00017074830695486596,-0.7042000000198452
2025-09-11T13:06:48Z,18601.0,18601.4,3570,1529.6612,1529.6612,0.19452000000001135,0.00016305331698015805,-0.08129999999983273
2025-09-11T13:06:48Z,18601.0,18601.5,3571,1529.65412,1529.65412,0.1874399999999241,0.00015711861882966618,-0.05870000000044384
2025-09-11T13:06:48Z,18601.0,18601.6,3572,1529.64946,1529.64946,0.18278000000009342,0.0001532124474483178,-0.047349999999624415
2025-09-11T13:06:48Z,18601.0,18601.7,3573,1529.64465,1529.64465,0.17796999999995933,0.00014918054093640963,-0.046650000000232006
2025-09-11T13:06:48Z,18601.0,18601.8,3574,1529.64013,1529.64013,0.17345000000000255,0.00014539172234324067,-0.04329999999972889
2025-09-11T13:06:48Z,18601.0,18601.9,3575,1529.63599,1529.63599,0.16930999999999585,0.00014192143274680376,-0.03945000000022825
2025-09-11T13:06:48Z,18602.0,18602.0,3576,1529.63224,1529.63224,0.165559999999914,0.00013877805448909812,-0.03150000000050934
2025-09-11T13:06:49Z,18602.0,18602.1,3577,1529.62969,1529.62969,0.16300999999998567,0.000136640557273965,-0.0251499999989514
2025-09-11T13:06:49Z,18602.0,18602.2,3578,1529.62721,1529.62721,0.16053000000010798,0.0001345617364530169,-0.029200000000227377
2025-09-11T13:06:49Z,18602.0,18602.3,3579,1529.62385,1529.62385,0.15716999999995096,0.0001317452695340425,-0.025500000000622025
2025-09-11T13:06:49Z,18602.0,18602.4,3580,1529.62211,1529.62211,0.15543000000002394,0.0001302867420225601,-0.018099999999736216
2025-09-11T13:06:49Z,18602.0,18602.5,3581,1529.62023,1529.62023,0.15354999999999563,0.00012871086172270765,-0.021450000000725833
2025-09-11T13:06:49Z,18602.0,18602.6,3582,1529.61782,1529.61782,0.1511399999999412,0.00012669071729575396,-0.021799999999534303
2025-09-11T13:06:49Z,18602.0,18602.7,3583,1529.61587,1529.61587,0.14919000000008964,0.00012505616060190712,-0.020899999999503427
2025-09-11T13:06:49Z,18602.0,18602.8,3584,1529.61364,1529.61364,0.1469600000000355,0.00012318689833132026,-0.017800000000632976
2025-09-11T13:06:49Z,18602.0,18602.9,3585,1529.61231,1529.61231,0.14562999999998283,0.0001220720468425675,-0.015849999999808073
2025-09-11T13:06:49Z,18603.0,18603.0,3586,1529.61047,1529.61047,0.1437900000000809,0.00012052969591090247,-0.016899999999641646
2025-09-11T13:06:50Z,18603.0,18603.1,3587,1529.60893,1529.60893,0.14225000000010368,0.00011923881523978528,-0.014700000000374747
2025-09-11T13:06:50Z,18603.0,18603.2,3588,1529.60753,1529.60753,0.14085000000000036,0.00011806528735684752,-0.013750000000468332
2025-09-11T13:06:50Z,18603.0,18603.3,3589,1529.60618,1529.60618,0.13949999999999818,0.00011693367118409635,-0.015100000000416558
2025-09-11T13:06:50Z,18603.0,18603.4,3590,1529.60451,1529.60451,0.13782999999989443,0.00011553382006660835,-0.015600000000307479
2025-09-11T13:06:50Z,18603.0,18603.5,3591,1529.60306,1529.60306,0.13637999999991735,0.00011431838047367458,-0.013699999999716161
2025-09-11T13:06:50Z,18603.0,18603.6,3592,1529.60177,1529.60177,0.13508999999999105,0.00011323705835310921,-0.011199999999028543
2025-09-11T13:06:50Z,18603.0,18603.7,3593,1529.60082,1529.60082,0.13414000000011583,0.0001124407358612791,-0.009850000000119152
2025-09-11T13:06:50Z,18603.0,18603.8,3594,1529.5998,1529.5998,0.1331199999999626,0.00011158573697507337,-0.011350000000819316
2025-09-11T13:06:50Z,18603.0,18603.9,3595,1529.59855,1529.59855,0.13186999999993532,0.00011053794422250483,-0.011999999999199762
2025-09-11T13:06:50Z,18604.0,18604.0,3596,1529.5974,1529.5974,0.1307200000001103,0.00010957397489030949,-0.012349999999694328
2025-09-11T13:06:51Z,18604.0,18604.1,3597,1529.59608,1529.59608,0.12940000000003238,0.00010846750574355592,-0.010700000000321896
2025-09-11T13:06:51Z,18604.0,18604.2,3598,1529.59526,1529.59526,0.12858000000005632,0.00010778015369790602,-0.010800000000072751
2025-09-11T13:06:51Z,18604.0,18604.3,3599,1529.59392,1529.59392,0.12724000000002889,0.00010665691986715406,-0.010050000000859538
2025-09-11T13:06:51Z,18604.0,18604.4,3600,1529.59325,1529.59325,0.12656999999990148,0.00010609530295168279,-0.0066500000002374104
2025-09-11T13:06:51Z,18604.0,18604.5,3601,1529.59259,1529.59259,0.1259099999999762,0.0001055420683784013,-0.009349999999267
2025-09-11T13:06:51Z,18604.0,18604.6,3602,1529.59138,1529.59138,0.1247000000000753,0.00010452780499402016,-0.009199999999581654
2025-09-11T13:06:51Z,18604.0,18604.7,3603,1529.59075,1529.59075,0.12407000000007429,0.00010399971744673628,-0.006799999999878237
2025-09-11T13:06:51Z,18604.0,18604.8,3604,1529.59002,1529.59002,0.12334000000009837,0.00010338780647926979,-0.009200000000543884
2025-09-11T13:06:51Z,18604.0,18604.9,3605,1529.58891,1529.58891,0.122229999999945,0.00010245736651488066,-0.00875000000052839
2025-09-11T13:06:51Z,18605.0,18605.0,3606,1529.58827,1529.58827,0.12158999999996922,0.00010192089662559758,-0.006182105262801718
2025-09-11T13:06:52Z,18605.0,18605.11111111111,3607,1529.58761,1529.58761,0.12093000000004395,0.0001013676620523161,-0.002969999999755668
2025-09-11T13:06:52Z,18605.0,18605.222222222223,3608,1529.58678,1529.58761,0.12093000000004395,0.0001013676620523161,1.1102230246251565e-16
2025-09-11T13:06:52Z,18605.0,18605.333333333332,3609,1529.58585,1529.58761,0.12093000000004395,0.0001013676620523161,0.6488549999774873
2025-09-11T13:06:52Z,18605.0,18605.444444444445,3610,1529.7318,1529.7318,0.26512000000002445,0.00022223265164394903,1.6964550000098706
2025-09-11T13:06:52Z,18605.0,18605.555555555555,3611,1529.9646,1529.9646,0.4979200000000219,0.0004173735738780543,2.4658199999828194
2025-09-11T13:06:52Z,18605.0,18605.666666666668,3612,1530.27976,1530.27976,0.8130799999998999,0.0006815514649917892,1.9707749999680755
2025-09-11T13:06:52Z,18605.0,18605.777777777777,3613,1530.40255,1530.40255,0.9358700000000226,0.0007844782426599593,1.227374999994157
2025-09-11T13:06:52Z,18605.0,18605.88888888889,3614,1530.55251,1530.55251,1.0858299999999872,0.0009101798435973298,1.2262949999937813
2025-09-11T13:06:52Z,18606.0,18606.0,3615,1530.67506,1530.67506,1.2083800000000338,0.0010129054450569472,1.2775552631765752
2025-09-11T13:06:53Z,18606.0,18606.1,3616,1530.81853,1530.81853,1.351850000000013,0.0011331669060231128,1.399499999996178
2025-09-11T13:06:53Z,18606.0,18606.2,3617,1530.95496,1530.95496,1.4882800000000316,0.001247527198206974,1.380949999995794
2025-09-11T13:06:53Z,18606.0,18606.3,3618,1531.09472,1531.09472,1.6280400000000554,0.0013646788102836215,1.5386499999892314
2025-09-11T13:06:53Z,18606.0,18606.4,3619,1531.26269,1531.26269,1.7960100000000239,0.0015054770091996732,1.6530999999927847
2025-09-11T13:06:53Z,18606.0,18606.5,3620,1531.42534,1531.42534,1.958660000000009,0.0016418158021609046,1.4183500000207854
2025-09-11T13:06:53Z,18606.0,18606.6,3621,1531.54636,1531.54636,2.079680000000053,0.001743258905291404,1.05955000000157
2025-09-11T13:06:53Z,18606.0,18606.7,3622,1531.63725,1531.63725,2.170569999999998,0.0018194460119144594,1.0954500000030567
2025-09-11T13:06:53Z,18606.0,18606.8,3623,1531.76545,1531.76545,2.298770000000104,0.0019269076366156333,1.3218499999942352
2025-09-11T13:06:53Z,18606.0,18606.9,3624,1531.90162,1531.90162,2.434940000000097,0.0020410499879069434,1.2099999999898863
2025-09-11T13:06:53Z,18607.0,18607.0,3625,1532.00745,1532.00745,2.540770000000066,0.002129760313508445,1.084300000015764
2025-09-11T13:06:54Z,18607.0,18607.1,3626,1532.11848,1532.11848,2.651800000000094,0.0022228294569605856,1.1429499999943555
2025-09-11T13:06:54Z,18607.0,18607.2,3627,1532.23604,1532.23604,2.769360000000006,0.002321372269751928,1.0836499999920655
2025-09-11T13:06:54Z,18607.0,18607.3,3628,1532.33521,1532.33521,2.8685299999999643,0.0024044999555678575,0.9268499999985913
2025-09-11T13:06:54Z,18607.0,18607.4,3629,1532.42141,1532.42141,2.954729999999927,0.0024767557437833762,1.0860000000044376
2025-09-11T13:06:54Z,18607.0,18607.5,3630,1532.55241,1532.55241,3.0857300000000123,0.002586564424250235,1.0850000000162794
2025-09-11T13:06:54Z,18607.0,18607.6,3631,1532.63841,1532.63841,3.171730000000025,0.0026586525656253886,0.8420499999975615
2025-09-11T13:06:54Z,18607.0,18607.7,3632,1532.72082,1532.72082,3.2541400000000067,0.0027277314462152047,0.8975499999990895
2025-09-11T13:06:54Z,18607.0,18607.8,3633,1532.81792,1532.81792,3.3512399999999616,0.0028091239872329154,0.9027499999993935
2025-09-11T13:06:54Z,18607.0,18607.9,3634,1532.90137,1532.90137,3.434690000000046,0.0028790746313929355,0.7959499999961075
2025-09-11T13:06:54Z,18608.0,18608.0,3635,1532.97711,1532.97711,3.510430000000042,0.00294256248985518,0.7190500000106184
2025-09-11T13:06:55Z,18608.0,18608.1,3636,1533.04518,1533.04518,3.5785000000000764,0.0029996210919878362,0.6503499999983973
2025-09-11T13:06:55Z,18608.0,18608.2,3637,1533.10718,1533.10718,3.6404999999999745,0.0030515916125140167,0.5681999999962102
2025-09-11T13:06:55Z,18608.0,18608.3,3638,1533.15882,1533.15882,3.6921400000001086,0.0030948780267072962,0.4398500000013925
2025-09-11T13:06:55Z,18608.0,18608.4,3639,1533.19515,1533.19515,3.7284700000000157,0.003125331075267206,0.18164999999226694
2025-09-11T13:06:55Z,18608.0,18608.5,3640,1533.22236,1533.19515,3.7284700000000157,0.003125331075267206,0.0
2025-09-11T13:06:55Z,18608.0,18608.6,3641,1533.2403,1533.19515,3.7284700000000157,0.003125331075267206,-0.12104999999535337
2025-09-11T13:06:55Z,18608.0,18608.7,3642,1533.17094,1533.17094,3.7042599999999766,0.0031050374252358684,-4.712700000145537
2025-09-11T13:06:55Z,18608.0,18608.8,3643,1532.25261,1532.25261,2.7859300000000076,0.002335261810479675,-5.668900000106669
2025-09-11T13:06:55Z,18608.0,18608.9,3644,1532.03716,1532.03716,2.5704800000000887,0.0021546642516509697,-1.614749999974448
2025-09-11T13:06:55Z,18609.0,18609.0,3645,1531.92966,1531.92966,2.462980000000016,0.0020645540749319805,-0.8936000000135653
2025-09-11T13:06:56Z,18609.0,18609.1,3646,1531.85844,1531.85844,2.3917599999999766,0.0020048550350629047,-6.142649999780553
2025-09-11T13:06:56Z,18609.0,18609.2,3647,1530.70113,1530.70113,1.2344499999999243,0.0010347582107039482,-6.605949999794702
2025-09-11T13:06:56Z,18609.0,18609.3,3648,1530.53725,1530.53725,1.0705700000000888,0.0008973883896743373,-1.4446500000014915
2025-09-11T13:06:56Z,18609.0,18609.4,3649,1530.4122,1530.4122,0.9455199999999877,0.0007925672027095827,-1.135699999992644
2025-09-11T13:06:56Z,18609.0,18609.5,3650,1530.31011,1530.31011,0.8434299999998984,0.0007069918730235971,-0.9932000000147956
2025-09-11T13:06:56Z,18609.0,18609.6,3651,1530.21356,1530.21356,0.7468799999999192,0.0006260603608169862,-0.9301499999971323
2025-09-11T13:06:56Z,18609.0,18609.7,3652,1530.12408,1530.12408,0.6574000000000524,0.0005510551644188679,-0.9400999999973481
2025-09-11T13:06:56Z,18609.0,18609.8,3653,1530.02554,1530.02554,0.5588600000000952,0.00046845556615022273,-0.8977500000002374
2025-09-11T13:06:56Z,18609.0,18609.9,3654,1529.94453,1529.94453,0.47784999999998945,0.0004005502134431537,-0.7737999999964842
2025-09-11T13:06:56Z,18610.0,18610.0,3655,1529.87078,1529.87078,0.40409999999997126,0.0003387304410429433,-0.7959000000109739
2025-09-11T13:06:57Z,18610.0,18610.1,3656,1529.78535,1529.78535,0.31867000000011103,0.0002671200931630785,-0.7562000000003983
2025-09-11T13:06:57Z,18610.0,18610.2,3657,1529.71954,1529.71954,0.25286000000005515,0.0002119559003270067,-0.6661499999985676
2025-09-11T13:06:57Z,18610.0,18610.3,3658,1529.65212,1529.65212,0.1854399999999714,0.00015544215042563275,-0.3822500000093433
2025-09-11T13:06:57Z,18610.0,18610.4,3659,1529.64309,1529.64309,0.1764100000000326,0.00014787289558129403,-0.06314999999850568
2025-09-11T13:06:57Z,18610.0,18610.5,3660,1529.63949,1529.63949,0.17281000000002678,0.0001448552524539576,-0.03720000000098045
2025-09-11T13:06:57Z,18610.0,18610.6,3661,1529.63565,1529.63565,0.16896999999994478,0.00014163643311806853,-0.03625000000051026
2025-09-11T13:06:57Z,18610.0,18610.7,3662,1529.63224,1529.63224,0.165559999999914,0.00013877805448909812,-0.032049999999608114
2025-09-11T13:06:57Z,18610.0,18610.8,3663,1529.62924,1529.62924,0.16255999999998494,0.00013626335188304795,-0.03174999999924055
2025-09-11T13:06:57Z,18610.0,18610.9,3664,1529.62589,1529.62589,0.15921000000003005,0.00013345526730626335,-0.02759999999935059
2025-09-11T13:06:57Z,18611.0,18611.0,3665,1529.62372,1529.62372,0.1570400000000518,0.00013163629908786228,-0.02460000000077678
2025-09-11T13:06:58Z,18611.0,18611.1,3666,1529.62097,1529.62097,0.1542899999999463,0.00012933115503217335,-0.02529999999977628
2025-09-11T13:06:58Z,18611.0,18611.2,3667,1529.61866,1529.61866,0.15198000000009415,0.00012739483402559286,-0.020849999999496993
2025-09-11T13:06:58Z,18611.0,18611.3,3668,1529.6168,1529.6168,0.15012000000001535,0.00012583571840973885,-0.02040000000065123
2025-09-11T13:06:58Z,18611.0,18611.4,3669,1529.61458,1529.61458,0.14789999999993597,0.00012397483848115119,-0.019799999999872697
2025-09-11T13:06:58Z,18611.0,18611.5,3670,1529.61284,1529.61284,0.14616000000000895,0.00012251631096966875,-0.01940000000018738
2025-09-11T13:06:58Z,18611.0,18611.6,3671,1529.6107,1529.6107,0.14401999999995496,0.00012072248977726531,-0.01814999999970257
2025-09-11T13:06:58Z,18611.0,18611.7,3672,1529.60921,1529.60921,0.14253000000007887,0.00011947352081633472,-0.014800000000092739
2025-09-11T13:06:58Z,18611.0,18611.8,3673,1529.60774,1529.60774,0.1410599999999249,0.00011824131653921194,-0.014650000000477559
2025-09-11T13:06:58Z,18611.0,18611.9,3674,1529.60628,1529.60628,0.13959999999997308,0.00011701749460427897,-0.014399999999963553
2025-09-11T13:06:58Z,18612.0,18612.0,3675,1529.60486,1529.60486,0.13817999999992026,0.00011582720203734279,-0.014300000000483815
2025-09-11T13:06:59Z,18612.0,18612.1,3676,1529.60342,1529.60342,0.13673999999991793,0.00011462014478640822,-0.013599999999748924
2025-09-11T13:06:59Z,18612.0,18612.2,3677,1529.60214,1529.60214,0.13545999999996639,0.00011354720500784206,-0.01384999999912595
2025-09-11T13:06:59Z,18612.0,18612.3,3678,1529.60065,1529.60065,0.1339700000000903,0.00011229823604691148,-0.012100000000203726
2025-09-11T13:06:59Z,18612.0,18612.4,3679,1529.59972,1529.59972,0.1330399999999372,0.00011151867823888916,-0.012800000000733003
2025-09-11T13:06:59Z,18612.0,18612.5,3680,1529.59809,1529.59809,0.13140999999995984,0.00011015235648958857,-0.0122999999998199
2025-09-11T13:06:59Z,18612.0,18612.6,3681,1529.59726,1529.59726,0.13058000000000902,0.00010945662210193946,-0.011449999999356919
2025-09-11T13:06:59Z,18612.0,18612.7,3682,1529.5958,1529.5958,0.1291200000000572,0.00010823280016700648,-0.011349999999606175
2025-09-11T13:06:59Z,18612.0,18612.8,3683,1529.59499,1529.59499,0.12831000000005588,0.00010755383046335579,-0.007299999999761719
2025-09-11T13:06:59Z,18612.0,18612.9,3684,1529.59434,1529.59434,0.12766000000010536,0.00010700897823207351,-0.007400000000649443
2025-09-11T13:06:59Z,18613.0,18613.0,3685,1529.59351,1529.59351,0.12682999999992717,0.00010631324384423381,-0.009550000001038561
2025-09-11T13:07:00Z,18613.0,18613.1,3686,1529.59243,1529.59243,0.12574999999992542,0.00010540795090603289,-0.009349999999149539
2025-09-11T13:07:00Z,18613.0,18613.2,3687,1529.59164,1529.59164,0.12496000000010099,0.00010474574588657118,-0.009949999999928072
2025-09-11T13:07:00Z,18613.0,18613.3,3688,1529.59044,1529.59044,0.12375999999994747,0.00010373986484399864,-0.009700000000569364
2025-09-11T13:07:00Z,18613.0,18613.4,3689,1529.5897,1529.5897,0.1230199999999968,0.00010311957153453294,-0.00945000000005547
2025-09-11T13:07:00Z,18613.0,18613.5,3690,1529.58855,1529.58855,0.12186999999994441,0.00010215560220214701,-0.00705000000049294
2025-09-11T13:07:00Z,18613.0,18613.6,3691,1529.58829,1529.58829,0.12160999999991873,0.00010193766130959597,-0.006699999999963624
2025-09-11T13:07:00Z,18613.0,18613.7,3692,1529.58721,1529.58721,0.12052999999991698,0.00010103236837139505,-0.010949999999604443
2025-09-11T13:07:00Z,18613.0,18613.8,3693,1529.5861,1529.5861,0.11941999999999098,0.00010010192840719651,-0.007049999999375278
2025-09-11T13:07:00Z,18613.0,18613.9,3694,1529.5858,1529.5858,0.11912000000006628,9.985045814664867e-05,-0.005700000000465555
2025-09-11T13:07:00Z,18614.0,18614.0,3695,1529.58496,1529.58496,0.11827999999991334,9.914634141680977e-05,-0.007950000000507496
2025-09-11T13:07:01Z,18614.0,18614.1,3696,1529.58421,1529.58421,0.11752999999998792,9.851766576534488e-05,-0.006899999999628981
2025-09-11T13:07:01Z,18614.0,18614.2,3697,1529.58358,1529.58358,0.1168999999999869,9.798957821806101e-05,-0.003149999999879083
2025-09-11T13:07:01Z,18614.0,18614.3,3698,1529.58294,1529.58358,0.1168999999999869,9.798957821806101e-05,0.0
2025-09-11T13:07:01Z,18614.0,18614.4,3699,1529.58197,1529.58358,0.1168999999999869,9.798957821806101e-05,0.007400000000885809
2025-09-11T13:07:01Z,18614.0,18614.5,3700,1529.58506,1529.58506,0.11838000000011561,9.923016483718298e-05,0.48455000000695025
2025-09-11T13:07:01Z,18614.0,18614.6,3701,1529.68049,1529.68049,0.21380999999996675,0.0001792228547374056,1.1284999999893608
2025-09-11T13:07:01Z,18614.0,18614.7,3702,1529.81076,1529.81076,0.3440800000000763,0.000288419624236798,1.3438499999972648
2025-09-11T13:07:01Z,18614.0,18614.8,3703,1529.94926,1529.94926,0.48258000000009815,0.00040451506121887766,1.4547499999913645
2025-09-11T13:07:01Z,18614.0,18614.9,3704,1530.10171,1530.10171,0.6350299999999152,0.0005323038653191953,1.2794499999859728
2025-09-11T13:07:01Z,18615.0,18615.0,3705,1530.20515,1530.20515,0.7384700000000066,0.0006190108111779321,1.2126500000175864
2025-09-11T13:07:02Z,18615.0,18615.1,3706,1530.34424,1530.34424,0.8775599999999031,0.0007356008063391082,1.313449999998142
2025-09-11T13:07:02Z,18615.0,18615.2,3707,1530.46784,1530.46784,1.0011600000000271,0.0008392065537109291,1.1280499999929088
2025-09-11T13:07:02Z,18615.0,18615.3,3708,1530.56985,1530.56985,1.103170000000091,0.0009247148246607304,1.2376499999869308
2025-09-11T13:07:02Z,18615.0,18615.4,3709,1530.71537,1530.71537,1.2486899999998968,0.0010466946657409256,1.4090999999928222
2025-09-11T13:07:02Z,18615.0,18615.5,3710,1530.85167,1530.85167,1.3849900000000162,0.0011609459874786065,1.5164500000223713
2025-09-11T13:07:02Z,18615.0,18615.6,3711,1531.01866,1531.01866,1.5519799999999577,0.00130092271687664,1.2931500000091987
2025-09-11T13:07:02Z,18615.0,18615.7,3712,1531.1103,1531.1103,1.6436200000000554,0.0013777384991513508,1.196000000005733
2025-09-11T13:07:02Z,18615.0,18615.8,3713,1531.25786,1531.25786,1.7911799999999403,0.0015014283380037666,1.532999999991782
2025-09-11T13:07:02Z,18615.0,18615.9,3714,1531.4169,1531.4169,1.9502199999999448,0.0016347411054956624,1.3116999999850627
2025-09-11T13:07:02Z,18616.0,18616.0,3715,1531.5202,1531.5202,2.053519999999935,0.001721330698566029,0.5165000000074667
2025-09-11T13:07:03Z,18616.0,18616.1,3716,1531.63774,1531.5202,2.053519999999935,0.001721330698566029,1.7763568394002505e-15
2025-09-11T13:07:03Z,18616.0,18616.2,3717,1531.54891,1531.5202,2.053519999999935,0.001721330698566029,-0.20055000000613354
2025-09-11T13:07:03Z,18616.0,18616.3,3718,1531.48009,1531.48009,2.0134100000000217,0.0016877091247224161,-0.694099999986296
2025-09-11T13:07:03Z,18616.0,18616.4,3719,1531.38138,1531.38138,1.914700000000039,0.0016049670266394033,-0.7411499999884175
2025-09-11T13:07:03Z,18616.0,18616.5,3720,1531.33186,1531.33186,1.8651800000000094,0.0015634576689545288,-0.4543500000065883
2025-09-11T13:07:03Z,18616.0,18616.6,3721,1531.29051,1531.29051,1.8238300000000436,0.0015287966847003464,-0.39454999999900764
2025-09-11T13:07:03Z,18616.0,18616.7,3722,1531.25295,1531.25295,1.7862700000000586,0.0014973126080718665,-0.39079999999925796
2025-09-11T13:07:03Z,18616.0,18616.8,3723,1531.21235,1531.21235,1.7456700000000183,0.0014632802994691489,-0.5064999999946895
2025-09-11T13:07:03Z,18616.0,18616.9,3724,1531.15165,1531.15165,1.6849700000000212,0.0014123994834055332,-0.539599999995195
2025-09-11T13:07:03Z,18617.0,18617.0,3725,1531.10443,1531.10443,1.6377500000000964,0.0013728180643854306,-0.45335000000682424
2025-09-11T13:07:04Z,18617.0,18617.1,3726,1531.06098,1531.06098,1.5942999999999756,0.0013363967883068416,-0.32235000000304925
2025-09-11T13:07:04Z,18617.0,18617.2,3727,1531.03996,1531.03996,1.573280000000068,0.0013187771053801108,-0.2607500000008063
2025-09-11T13:07:04Z,18617.0,18617.3,3728,1531.00883,1531.00883,1.5421499999999924,0.0012926828746706498,-0.367849999996694
2025-09-11T13:07:04Z,18617.0,18617.4,3729,1530.96639,1530.96639,1.49971000000005,0.0012571082151362671,-0.341249999995906
2025-09-11T13:07:04Z,18617.0,18617.5,3730,1530.94058,1530.94058,1.4738999999999578,0.0012354733903816267,-0.28890000000467086
2025-09-11T13:07:04Z,18617.0,18617.6,3731,1530.90861,1530.90861,1.4419299999999566,0.0012086750429425174,-0.46319999999232664
2025-09-11T13:07:04Z,18617.0,18617.7,3732,1530.84794,1530.84794,1.3812600000001112,0.0011578193739050899,-0.611649999997554
2025-09-11T13:07:04Z,18617.0,18617.8,3733,1530.78628,1530.78628,1.3196000000000367,0.0011061338530074542,-0.41065000000603114
2025-09-11T13:07:04Z,18617.0,18617.9,3734,1530.76581,1530.76581,1.2991300000001047,0.001088975198891823,-0.18634999999883028
2025-09-11T13:07:04Z,18618.0,18618.0,3735,1530.74901,1530.74901,1.2823300000000017,0.001074892864297523,-0.2503000000037945
2025-09-11T13:07:05Z,18618.0,18618.1,3736,1530.71575,1530.71575,1.2490700000000743,0.001047013194737848,-0.3632499999978984
2025-09-11T13:07:05Z,18618.0,18618.2,3737,1530.67636,1530.67636,1.2096799999999348,0.0010139951495195117,-3.217100000091532
2025-09-11T13:07:05Z,18618.0,18618.3,3738,1530.07233,1530.07233,0.6056499999999687,0.0005076765444634066,-3.557250000077459
2025-09-11T13:07:05Z,18618.0,18618.4,3739,1529.96491,1529.96491,0.49822999999992135,0.00041763342648060137,-0.8083999999870541
2025-09-11T13:07:05Z,18618.0,18618.5,3740,1529.91065,1529.91065,0.4439700000000357,0.00037215083867819435,-0.5605500000083055
2025-09-11T13:07:05Z,18618.0,18618.6,3741,1529.8528,1529.8528,0.38611999999989166,0.0003236589900902595,-0.6275499999963154
2025-09-11T13:07:05Z,18618.0,18618.7,3742,1529.78514,1529.78514,0.3184599999999591,0.0002669440639805235,-0.5928999999939883
2025-09-11T13:07:05Z,18618.0,18618.8,3743,1529.73422,1529.73422,0.2675400000000536,0.0002242611784129019,-0.444500000000571
2025-09-11T13:07:05Z,18618.0,18618.9,3744,1529.69624,1529.69624,0.22955999999999221,0.0001924250434195025,-0.36259999999775705
2025-09-11T13:07:05Z,18619.0,18619.0,3745,1529.6617,1529.6617,0.19502000000011321,0.0001634724340812617,-0.310750000003986
2025-09-11T13:07:06Z,18619.0,18619.11111111111,3746,1529.63145,1529.63145,0.16477000000008957,0.0001381158494696364,-0.24664500000078848
2025-09-11T13:07:06Z,18619.0,18619.222222222223,3747,1529.60689,1529.60689,0.1402100000000246,0.00011752881746756444,-0.12293999999721794
2025-09-11T13:07:06Z,18619.0,18619.333333333332,3748,1529.60413,1529.60413,0.13744999999994434,0.0001152152910698763,-0.025740000000420094
2025-09-11T13:07:06Z,18619.0,18619.444444444445,3749,1529.60117,1529.60117,0.1344899999999143,0.00011273411783182295,-0.020294999999674435
2025-09-11T13:07:06Z,18619.0,18619.555555555555,3750,1529.59962,1529.59962,0.1329399999999623,0.00011143485481870656,-0.01606499999924549
2025-09-11T13:07:06Z,18619.0,18619.666666666668,3751,1529.5976,1529.5976,0.1309200000000601,0.00010974162173067471,-0.017370000000083596
2025-09-11T13:07:06Z,18619.0,18619.777777777777,3752,1529.59576,1529.59576,0.1290799999999308,0.00010819927079881909,-0.013049999999884987
2025-09-11T13:07:06Z,18619.0,18619.88888888889,3753,1529.5947,1529.5947,0.12802000000010594,0.00010731074254480715,-0.012284999999746415
2025-09-11T13:07:07Z,18620.0,18620.0,3754,1529.59303,1529.59303,0.12635000000000218,0.00010591089142731915,-0.013830000000343623
2025-09-11T13:07:07Z,18620.0,18620.125,3755,1529.59147,1529.59147,0.12479000000007545,0.00010460324607220356,-0.009600000000318687
2025-09-11T13:07:07Z,18620.0,18620.25,3756,1529.59063,1529.59063,0.12394999999992251,0.00010389912934236466,-0.008400000000619912
2025-09-11T13:07:07Z,18620.0,18620.375,3757,1529.58937,1529.58937,0.12268999999992047,0.00010284295424779691,-0.012159999999312276
2025-09-11T13:07:07Z,18620.0,18620.5,3758,1529.58759,1529.58759,0.12091000000009444,0.00010135089736831769,-0.012479999999413849
2025-09-11T13:07:07Z,18620.0,18620.625,3759,1529.58625,1529.58625,0.11957000000006701,0.00010022766353756573,-0.011120000000119035
2025-09-11T13:07:07Z,18620.0,18620.75,3760,1529.58481,1529.58481,0.11813000000006468,9.902060628663115e-05,-0.01044000000001688
2025-09-11T13:07:07Z,18620.0,18620.875,3761,1529.58364,1529.58364,0.11696000000006279,9.803987227024681e-05,-0.010839999999916472
2025-09-11T13:07:08Z,18621.0,18621.0,3762,1529.5821,1529.5821,0.11542000000008557,9.674899159912962e-05,-0.009600000000318687
2025-09-11T13:07:08Z,18621.0,18621.125,3763,1529.58124,1529.58124,0.11455999999998312,9.602811018529232e-05,-0.00680000000011205
2025-09-11T13:07:08Z,18621.0,18621.25,3764,1529.5804,1529.5804,0.11372000000005755,9.532399345564401e-05,-0.006519999999909487
2025-09-11T13:07:08Z,18621.0,18621.375,3765,1529.57961,1529.57961,0.11293000000000575,9.466178843599173e-05,-0.007639999999810243
2025-09-11T13:07:08Z,18621.0,18621.5,3766,1529.57849,1529.57849,0.11181000000010499,9.372296612979399e-05,-0.006040000000211876
2025-09-11T13:07:08Z,18621.0,18621.625,3767,1529.5781,1529.5781,0.11141999999995278,9.339605479087214e-05,-0.00488000000041211
2025-09-11T13:07:08Z,18621.0,18621.75,3768,1529.57727,1529.57727,0.11059000000000196,9.270032040322304e-05,-0.006879999999910069
2025-09-11T13:07:08Z,18621.0,18621.875,3769,1529.57638,1529.57638,0.10969999999997526,9.195429196338813e-05,-0.005640000000312284
2025-09-11T13:07:08Z,18622.0,18622.0,3770,1529.57586,1529.57586,0.1091799999999239,9.151841017828607e-05,-0.005640000000312284
2025-09-11T13:07:09Z,18622.0,18622.125,3771,1529.57497,1529.57497,0.10828999999989719,9.077238173845116e-05,-0.006319999999504944
2025-09-11T13:07:09Z,18622.0,18622.25,3772,1529.57428,1529.57428,0.10760000000004766,9.019400013917208e-05,-0.004639999999199063
2025-09-11T13:07:09Z,18622.0,18622.375,3773,1529.57381,1529.57381,0.10713000000009743,8.980003006425661e-05,-0.004359999999905995
2025-09-11T13:07:09Z,18622.0,18622.5,3774,1529.57319,1529.57319,0.10651000000007116,8.928032485897194e-05,-0.005600000000413274
2025-09-11T13:07:09Z,18622.0,18622.625,3775,1529.57241,1529.57241,0.1057299999999941,8.862650218131884e-05,-0.00492000000031112
2025-09-11T13:07:09Z,18622.0,18622.75,3776,1529.57196,1529.57196,0.10527999999999338,8.82492967904018e-05,-0.005040000000008149
2025-09-11T13:07:09Z,18622.0,18622.875,3777,1529.57115,1529.57115,0.10446999999999207,8.757032708675109e-05,-0.006279999999605934
2025-09-11T13:07:09Z,18623.0,18623.0,3778,1529.57039,1529.57039,0.1037100000000919,8.6933269093287e-05,-0.007239999999910651
2025-09-11T13:07:10Z,18623.0,18623.125,3779,1529.56934,1529.56934,0.1026600000000144,8.605312318108367e-05,-0.005400000000008731
2025-09-11T13:07:10Z,18623.0,18623.25,3780,1529.56904,1529.56904,0.10236000000008971,8.580165292053583e-05,-0.004640000000108557
2025-09-11T13:07:10Z,18623.0,18623.375,3781,1529.56818,1529.56818,0.10149999999998727,8.508077150669854e-05,-0.004640000000108557
2025-09-11T13:07:10Z,18623.0,18623.5,3782,1529.56788,1529.56788,0.10120000000006257,8.482930124615069e-05,-0.0045199999995020335
2025-09-11T13:07:10Z,18623.0,18623.625,3783,1529.56705,1529.56705,0.10037000000011176,8.413356685850159e-05,-0.004560000000310538
2025-09-11T13:07:10Z,18623.0,18623.75,3784,1529.56674,1529.56674,0.10005999999998494,8.387371425576396e-05,-0.0018400000008114148
2025-09-11T13:07:10Z,18623.0,18623.875,3785,1529.56659,1529.56659,0.0999099999999089,8.374797912539474e-05,-0.0022799999997005216
2025-09-11T13:07:10Z,18624.0,18624.0,3786,1529.56617,1529.56617,0.09949000000005981,8.339592076066588e-05,-0.004392352941142319
2025-09-11T13:07:11Z,18624.0,18624.11111111111,3787,1529.56558,1529.56558,0.0988999999999578,8.290136258137882e-05,-0.004499999999911963
2025-09-11T13:07:11Z,18624.0,18624.222222222223,3788,1529.56517,1529.56517,0.09849000000008346,8.255768655864917e-05,-0.004499999999911908
2025-09-11T13:07:11Z,18624.0,18624.333333333332,3789,1529.56458,1529.56458,0.09789999999998145,8.20631283793621e-05,-0.002655000000541141
2025-09-11T13:07:11Z,18624.0,18624.444444444445,3790,1529.56416,1529.56458,0.09789999999998145,8.20631283793621e-05,0.0
2025-09-11T13:07:11Z,18624.0,18624.555555555555,3791,1529.56367,1529.56458,0.09789999999998145,8.20631283793621e-05,0.004275000000313944
2025-09-11T13:07:11Z,18624.0,18624.666666666668,3792,1529.56553,1529.56553,0.09885000000008404,8.28594508713828e-05,0.5610150000167248
2025-09-11T13:07:11Z,18624.0,18624.777777777777,3793,1529.68925,1529.68925,0.22256999999990512,0.00018656578634719404,0.977040000002792
2025-09-11T13:07:11Z,18624.0,18624.88888888889,3794,1529.78265,1529.78265,0.31597000000010667,0.0002648568608175762,0.7246349999958295
2025-09-11T13:07:11Z,18625.0,18625.0,3795,1529.85028,1529.85028,0.38360000000011496,0.00032154663990131464,0.7580017647092139
2025-09-11T13:07:12Z,18625.0,18625.125,3796,1529.96603,1529.96603,0.4993500000000495,0.0004185722487869897,0.7941999999993641
2025-09-11T13:07:12Z,18625.0,18625.25,3797,1530.04883,1530.04883,0.582149999999956,0.00048797804071553714,0.6718799999998737
2025-09-11T13:07:12Z,18625.0,18625.375,3798,1530.134,1530.134,0.6673200000000179,0.0005593704477030415,0.8500800000001618
2025-09-11T13:07:12Z,18625.0,18625.5,3799,1530.26135,1530.26135,0.7946699999999964,0.0006661195733323774,1.3473199999998542
2025-09-11T13:07:12Z,18625.0,18625.625,3800,1530.47083,1530.47083,1.0041499999999814,0.0008417128739749801,1.1296400000001086
2025-09-11T13:07:12Z,18625.0,18625.75,3801,1530.65277,1530.54376,1.0770800000000236,0.0009028452943295404,0.2917200000001685
2025-09-11T13:07:12Z,18625.0,18625.875,3802,1530.57404,1530.54376,1.0770800000000236,0.0009028452943295404,0.0
2025-09-11T13:07:13Z,18626.0,18626.0,3803,1530.54376,1530.54376,1.0770800000000236,0.0009028452943295404,-0.09315000000190299
2025-09-11T13:07:13Z,18626.0,18626.11111111111,3804,1530.52421,1530.52421,1.0575300000000425,0.000886457815679742,-0.19835999999945297
2025-09-11T13:07:13Z,18626.0,18626.222222222223,3805,1530.49968,1530.49968,1.0329999999999018,0.0008658959307036676,-0.18278999999837886
2025-09-11T13:07:13Z,18626.0,18626.333333333332,3806,1530.48359,1530.48359,1.0169100000000526,0.000852408742393026,-0.14516999999950464
2025-09-11T13:07:13Z,18626.0,18626.444444444445,3807,1530.46742,1530.46742,1.0007399999999507,0.0008388544953460096,-0.13684499999980204
2025-09-11T13:07:13Z,18626.0,18626.555555555555,3808,1530.45318,1530.45318,0.9864999999999782,0.0008269180403090323,-0.19511999999697238
2025-09-11T13:07:13Z,18626.0,18626.666666666668,3809,1530.42406,1530.42406,0.9573800000000574,0.0008025086603457945,-0.19790999999717762
2025-09-11T13:07:13Z,18626.0,18626.777777777777,3810,1530.4092,1530.4092,0.9425200000000586,0.0007900525001035326,-0.11637000000020414
2025-09-11T13:07:13Z,18626.0,18626.88888888889,3811,1530.3982,1530.3982,0.9315200000000914,0.0007808319238811579,-0.09490499999950597
2025-09-11T13:07:13Z,18627.0,18627.0,3812,1530.38811,1530.38811,0.9214300000001003,0.0007723741407826167,-0.09553500000165815
2025-09-11T13:07:14Z,18627.0,18627.11111111111,3813,1530.37697,1530.37697,0.9102900000000318,0.0007630362117718722,-0.09189000000036884
2025-09-11T13:07:14Z,18627.0,18627.222222222223,3814,1530.36769,1530.36769,0.901010000000042,0.0007552573983769816,-0.09769500000021702
2025-09-11T13:07:14Z,18627.0,18627.333333333332,3815,1530.35526,1530.35526,0.8885800000000472,0.0007448381472456718,-0.10502999999986118
2025-09-11T13:07:14Z,18627.0,18627.444444444445,3816,1530.34435,1530.34435,0.8776700000000801,0.0007356930121014807,-0.11808000000108221
2025-09-11T13:07:14Z,18627.0,18627.555555555555,3817,1530.32902,1530.32902,0.8623399999999037,0.0007228428817841125,-0.10129500000106706
2025-09-11T13:07:14Z,18627.0,18627.666666666668,3818,1530.32184,1530.32184,0.855160000000069,0.0007168243602136287,-0.05957999999970953
2025-09-11T13:07:14Z,18627.0,18627.777777777777,3819,1530.31578,1530.31578,0.8490999999999076,0.000711744660949152,-0.05562000000063527
2025-09-11T13:07:14Z,18627.0,18627.88888888889,3820,1530.30948,1530.30948,0.8427999999998974,0.0007064637854763132,-0.04409999999866887
2025-09-11T13:07:15Z,18628.0,18628.0,3821,1530.30598,1530.30598,0.8393000000000939,0.00070352996576935,-0.029564999999454944
2025-09-11T13:07:15Z,18628.0,18628.11111111111,3822,1530.30291,1530.30291,0.8362300000001142,0.0007009565867691148,-1.3195799999561824
2025-09-11T13:07:15Z,18628.0,18628.222222222223,3823,1530.01274,1530.01274,0.5460599999998976,0.00045772616836398935,-2.1270599999806383
2025-09-11T13:07:15Z,18628.0,18628.333333333332,3824,1529.83023,1529.83023,0.363550000000032,0.0003047400441504124,-1.1190600000147555
2025-09-11T13:07:15Z,18628.0,18628.444444444445,3825,1529.76406,1529.76406,0.29737999999997555,0.00024927408700160694,-0.5587199999981134
2025-09-11T13:07:15Z,18628.0,18628.555555555555,3826,1529.70607,1529.70607,0.23938999999995758,0.0002006648856254927,-0.46183500000050937
2025-09-11T13:07:15Z,18628.0,18628.666666666668,3827,1529.66143,1529.66143,0.19475000000011278,0.00016324611084671145,-0.3460499999976513
2025-09-11T13:07:15Z,18628.0,18628.777777777777,3828,1529.62917,1529.62917,0.1624899999999343,0.00013620467548886294,-0.3228299999987573
2025-09-11T13:07:15Z,18628.0,18628.88888888889,3829,1529.58969,1529.58969,0.12301000000002205,0.00010311118919253375,-0.21797999999523177
2025-09-11T13:07:15Z,18629.0,18629.0,3830,1529.58073,1529.58073,0.1140499999999065,9.560061074218947e-05,-0.046724210527502086
2025-09-11T13:07:16Z,18629.0,18629.1,3831,1529.57911,1529.57911,0.11242999999990388,9.424267133488807e-05,-0.015849999999728026
2025-09-11T13:07:16Z,18629.0,18629.2,3832,1529.57756,1529.57756,0.1108799999999519,9.294340832177168e-05,-0.01679999999963444
2025-09-11T13:07:16Z,18629.0,18629.3,3833,1529.57575,1529.57575,0.10906999999997424,9.142620441610426e-05,-0.015750000000053554
2025-09-11T13:07:16Z,18629.0,18629.4,3834,1529.57441,1529.57441,0.10772999999994681,9.030297058535229e-05,-0.012950000000210182
2025-09-11T13:07:16Z,18629.0,18629.5,3835,1529.57316,1529.57316,0.10647999999991953,8.925517783278375e-05,-0.01044999999991636
2025-09-11T13:07:16Z,18629.0,18629.6,3836,1529.57232,1529.57232,0.10563999999999396,8.855106110313544e-05,-0.009599999999557962
2025-09-11T13:07:16Z,18629.0,18629.7,3837,1529.57124,1529.57124,0.10455999999999221,8.764576816493451e-05,-0.010650000000351878
2025-09-11T13:07:16Z,18629.0,18629.8,3838,1529.57019,1529.57019,0.10350999999991473,8.676562225273118e-05,-0.010049999999617087
2025-09-11T13:07:16Z,18629.0,18629.9,3839,1529.56923,1529.56923,0.10255000000006476,8.596091741890186e-05,-0.008249999999555224
2025-09-11T13:07:16Z,18630.0,18630.0,3840,1529.56854,1529.56854,0.10185999999998785,8.538253581943218e-05,-0.007632941177083519
2025-09-11T13:07:17Z,18630.0,18630.14285714286,3841,1529.5673,1529.5673,0.10061999999993532,8.434312540886283e-05,-0.009204999999868124
2025-09-11T13:07:17Z,18630.0,18630.285714285714,3842,1529.56591,1529.56591,0.09923000000003412,8.317797986811486e-05,-0.00675499999974527
2025-09-11T13:07:17Z,18630.0,18630.428571428572,3843,1529.56537,1529.56537,0.09869000000003325,8.272533339901439e-05,-0.0036750000002752636
2025-09-11T13:07:17Z,18630.0,18630.571428571428,3844,1529.56486,1529.56486,0.09817999999995664,8.229783395591153e-05,-0.00595000000004825
2025-09-11T13:07:17Z,18630.0,18630.714285714286,3845,1529.56367,1529.56367,0.09699000000000524,8.130033525552878e-05,-0.0064399999996202495
2025-09-11T13:07:17Z,18630.0,18630.85714285714,3846,1529.56302,1529.56302,0.09634000000005472,8.07554830242465e-05,-0.0036049999996827786
2025-09-11T13:07:17Z,18631.0,18631.0,3847,1529.56264,1529.56264,0.09596000000010463,8.043695402751446e-05,-0.0034600000000465925
2025-09-11T13:07:18Z,18631.0,18631.125,3848,1529.56212,1529.56212,0.09544000000005326,8.000107224241239e-05,-0.003320000000712753
2025-09-11T13:07:18Z,18631.0,18631.25,3849,1529.56181,1529.56181,0.09512999999992644,7.974121963967477e-05,-0.002840000000105647
2025-09-11T13:07:18Z,18631.0,18631.375,3850,1529.56141,1529.56141,0.09473000000002685,7.940592595894432e-05,-0.0057200000001103035
2025-09-11T13:07:18Z,18631.0,18631.5,3851,1529.56038,1529.56038,0.09369999999989886,7.854254473073939e-05,-0.0057200000001103035
2025-09-11T13:07:18Z,18631.0,18631.625,3852,1529.55998,1529.55998,0.09329999999999927,7.820725105000894e-05,-0.002599999999802094
2025-09-11T13:07:18Z,18631.0,18631.75,3853,1529.55973,1529.55973,0.09304999999994834,7.79976924994571e-05,-0.0027600000003076275
2025-09-11T13:07:18Z,18631.0,18631.875,3854,1529.55929,1529.55929,0.09260999999992237,7.762886945053926e-05,-0.005959999999504362
2025-09-11T13:07:18Z,18632.0,18632.0,3855,1529.55824,1529.55824,0.09156000000007225,7.674872353852653e-05,-0.005334705882632573
2025-09-11T13:07:19Z,18632.0,18632.11111111111,3856,1529.55795,1529.55795,0.09126999999989494,7.65056356197873e-05,-0.002160000000696438
2025-09-11T13:07:19Z,18632.0,18632.222222222223,3857,1529.55776,1529.55776,0.09107999999991989,7.634637112142128e-05,-0.0032849999999372548
2025-09-11T13:07:19Z,18632.0,18632.333333333332,3858,1529.55722,1529.55722,0.09053999999991902,7.58937246523208e-05,-0.0045899999996668606
2025-09-11T13:07:19Z,18632.0,18632.444444444445,3859,1529.55674,1529.55674,0.09005999999999403,7.549137223540614e-05,-0.004769999999217955
2025-09-11T13:07:19Z,18632.0,18632.555555555555,3860,1529.55616,1529.55616,0.08948000000009415,7.500519639830888e-05,-0.003465000000511531
2025-09-11T13:07:19Z,18632.0,18632.666666666668,3861,1529.55597,1529.55597,0.08928999999989173,7.484593189975225e-05,-0.001575000000108906
2025-09-11T13:07:19Z,18632.0,18632.777777777777,3862,1529.55581,1529.55581,0.08913000000006832,7.471181442757442e-05,-0.003329999999710065
2025-09-11T13:07:19Z,18632.0,18632.88888888889,3863,1529.55523,1529.55523,0.08854999999994106,7.422563859028657e-05,-0.0034650000003965675
2025-09-11T13:07:19Z,18633.0,18633.0,3864,1529.55504,1529.55504,0.08835999999996602,7.406637409192053e-05,-0.0034649999994875724
2025-09-11T13:07:20Z,18633.0,18633.11111111111,3865,1529.55446,1529.55446,0.08778000000006614,7.358019825482327e-05,-0.0029249999998471887
2025-09-11T13:07:20Z,18633.0,18633.222222222223,3866,1529.55439,1529.55439,0.0877100000000155,7.352152186063826e-05,-0.00229500000039512
2025-09-11T13:07:20Z,18633.0,18633.333333333332,3867,1529.55395,1529.55395,0.08726999999998952,7.315269881172041e-05,-0.00396000000022656
2025-09-11T13:07:20Z,18633.0,18633.444444444445,3868,1529.55351,1529.55351,0.08682999999996355,7.278387576280255e-05,-0.0037799999996522837
2025-09-11T13:07:20Z,18633.0,18633.555555555555,3869,1529.55311,1529.55311,0.08643000000006396,7.24485820820721e-05,-0.0019800000001663487
2025-09-11T13:07:20Z,18633.0,18633.666666666668,3870,1529.55307,1529.55307,0.08638999999993757,7.24150527138847e-05,-0.001620000000040922
2025-09-11T13:07:20Z,18633.0,18633.777777777777,3871,1529.55275,1529.55275,0.08607000000006337,7.214681776933846e-05,-0.003059999999425078
2025-09-11T13:07:20Z,18633.0,18633.88888888889,3872,1529.55239,1529.55239,0.08571000000006279,7.184505345660481e-05,-0.0023400000001974064
2025-09-11T13:07:20Z,18634.0,18634.0,3873,1529.55223,1529.55223,0.085550000000012,7.17109359842364e-05,-0.0012610526315487425
2025-09-11T13:07:21Z,18634.0,18634.1,3874,1529.55212,1529.55212,0.08544000000006235,7.161873022205458e-05,-0.002699999999936309
2025-09-11T13:07:21Z,18634.0,18634.2,3875,1529.55169,1529.55169,0.08501000000001113,7.125828951513593e-05,-0.0031499999999518025
2025-09-11T13:07:21Z,18634.0,18634.3,3876,1529.55149,1529.55149,0.08481000000006134,7.10906426747707e-05,-0.0018999999997471595
2025-09-11T13:07:21Z,18634.0,18634.4,3877,1529.55131,1529.55131,0.08463000000006105,7.093976051840389e-05,-0.0020000000006348273
2025-09-11T13:07:21Z,18634.0,18634.5,3878,1529.55109,1529.55109,0.08440999999993437,7.075534899384966e-05,-0.0022000000001618503
2025-09-11T13:07:21Z,18634.0,18634.6,3879,1529.55087,1529.55087,0.08419000000003507,7.057093746948603e-05,-0.0019999999994979034
2025-09-11T13:07:21Z,18634.0,18634.7,3880,1529.55069,1529.55069,0.08401000000003478,7.04200553131192e-05,-0.0031000000001673578
2025-09-11T13:07:21Z,18634.0,18634.8,3881,1529.55025,1529.55025,0.0835700000000088,7.005123226420136e-05,-0.0032999999996544127
2025-09-11T13:07:21Z,18634.0,18634.9,3882,1529.54984,1529.55003,0.0833500000001095,6.986682073983773e-05,-0.002050000000495711
2025-09-11T13:07:21Z,18635.0,18635.0,3883,1529.55003,1529.54984,0.08315999999990709,6.97075562412811e-05,-0.0028000000009295034
2025-09-11T13:07:22Z,18635.0,18635.1,3884,1529.54947,1529.54947,0.08278999999993175,6.939740958654826e-05,-0.0019499999996807627
2025-09-11T13:07:22Z,18635.0,18635.2,3885,1529.54945,1529.54945,0.08276999999998225,6.938064490254986e-05,-0.0027000000000854674
2025-09-11T13:07:22Z,18635.0,18635.3,3886,1529.54893,1529.54893,0.08224999999993088,6.89447631174478e-05,-0.003500000000307424
2025-09-11T13:07:22Z,18635.0,18635.4,3887,1529.54875,1529.54875,0.08206999999993059,6.879388096108097e-05,-0.001499999999607149
2025-09-11T13:07:22Z,18635.0,18635.5,3888,1529.5486,1529.54863,0.08195000000000618,6.869329285689996e-05,-0.0007499999992542361
2025-09-11T13:07:22Z,18635.0,18635.6,3889,1529.54863,1529.5486,0.08192000000008193,6.866814583090235e-05,-0.0010499999995915998
2025-09-11T13:07:22Z,18635.0,18635.7,3890,1529.54842,1529.54842,0.08174000000008164,6.851726367453553e-05,-0.0027000000000272917
2025-09-11T13:07:22Z,18635.0,18635.8,3891,1529.54806,1529.54806,0.08138000000008105,6.821549936180189e-05,-0.002650000000155528
2025-09-11T13:07:22Z,18635.0,18635.9,3892,1529.54789,1529.54789,0.08121000000005552,6.807299954743426e-05,-0.0016000000004983694
2025-09-11T13:07:22Z,18636.0,18636.0,3893,1529.54774,1529.54774,0.08105999999997948,6.794726441706504e-05,-0.0021000000004129382
2025-09-11T13:07:23Z,18636.0,18636.1,3894,1529.54747,1529.54747,0.08078999999997905,6.772094118251481e-05,-0.0022500000000118536
2025-09-11T13:07:23Z,18636.0,18636.2,3895,1529.54728,1529.54729,0.08060999999997875,6.7570059026148e-05,-0.0009499999998408559
2025-09-11T13:07:23Z,18636.0,18636.3,3896,1529.54729,1529.54728,0.080600000000004,6.756167668414879e-05,-0.0008500000000973285
2025-09-11T13:07:23Z,18636.0,18636.4,3897,1529.54712,1529.54712,0.08043999999995322,6.742755921178037e-05,-0.0028999999995361625
2025-09-11T13:07:23Z,18636.0,18636.5,3898,1529.5467,1529.5467,0.08002000000010412,6.707550084705153e-05,-0.002399999999659841
2025-09-11T13:07:23Z,18636.0,18636.6,3899,1529.54664,1529.54664,0.07996000000002823,6.702520679486571e-05,-0.0008999999999872998
2025-09-11T13:07:23Z,18636.0,18636.7,3900,1529.54652,1529.54652,0.07984000000010383,6.69246186906847e-05,-0.0016500000003920046
2025-09-11T13:07:23Z,18636.0,18636.8,3901,1529.54631,1529.54631,0.0796299999999519,6.674858950812968e-05,-0.004000000000049131
2025-09-11T13:07:23Z,18636.0,18636.9,3902,1529.54572,1529.54572,0.07904000000007727,6.62540313290332e-05,-0.0031499999998936268
2025-09-11T13:07:24Z,18637.0,18637.0,3903,1529.54568,1529.54568,0.07899999999995089,6.62205019608458e-05,-0.0011822222229228019
2025-09-11T13:07:24Z,18637.0,18637.125,3904,1529.54541,1529.54541,0.07872999999995045,6.599417872629557e-05,-0.0020399999993969686
2025-09-11T13:07:24Z,18637.0,18637.25,3905,1529.54517,1529.54517,0.07849000000010165,6.579300251793353e-05,-0.001720000000204891
2025-09-11T13:07:24Z,18637.0,18637.375,3906,1529.54495,1529.54498,0.07829999999989923,6.563373801937692e-05,-0.0008800000005066977
2025-09-11T13:07:24Z,18637.0,18637.5,3907,1529.54498,1529.54495,0.07826999999997497,6.560859099337932e-05,-0.0007599999999001739
2025-09-11T13:07:24Z,18637.0,18637.625,3908,1529.54479,1529.54479,0.07810999999992418,6.54744735210109e-05,-0.0015199999998003477
2025-09-11T13:07:24Z,18637.0,18637.75,3909,1529.54457,1529.54457,0.07789000000002488,6.529006199664727e-05,-0.002599999999802094
2025-09-11T13:07:24Z,18637.0,18637.875,3910,1529.54414,1529.54414,0.07745999999997366,6.492962128972861e-05,-0.0017600000001039007
2025-09-11T13:07:24Z,18638.0,18638.0,3911,1529.54413,1529.54413,0.07744999999999891,6.492123894772941e-05,-0.0008133333338222748
2025-09-11T13:07:25Z,18638.0,18638.1,3912,1529.54399,1529.54399,0.07730999999989763,6.48038861593594e-05,-0.0018499999998535244
2025-09-11T13:07:25Z,18638.0,18638.2,3913,1529.54376,1529.54376,0.07708000000002357,6.461109229299656e-05,-0.0026499999989968437
2025-09-11T13:07:25Z,18638.0,18638.3,3914,1529.54345,1529.54346,0.07678000000009888,6.435962203244873e-05,-0.0015500000006812287
2025-09-11T13:07:25Z,18638.0,18638.4,3915,1529.54346,1529.54345,0.07676999999989675,6.435123969025893e-05,-0.0011500000005411626
2025-09-11T13:07:25Z,18638.0,18638.5,3916,1529.54323,1529.54323,0.07654999999999745,6.41668281658953e-05,-0.0027000000000436675
2025-09-11T13:07:25Z,18638.0,18638.6,3917,1529.54291,1529.54291,0.07622999999989588,6.389859322115847e-05,-0.0016500000004319726
2025-09-11T13:07:25Z,18638.0,18638.7,3918,1529.5429,1529.5429,0.07621999999992113,6.389021087915927e-05,-0.0007499999992641726
2025-09-11T13:07:25Z,18638.0,18638.8,3919,1529.54276,1529.54276,0.07608000000004722,6.377285809097985e-05,-0.001999999999468871
2025-09-11T13:07:25Z,18638.0,18638.9,3920,1529.5425,1529.5425,0.07582000000002154,6.355491719842881e-05,-0.001950000000730312
2025-09-11T13:07:25Z,18639.0,18639.0,3921,1529.54237,1529.54237,0.07568999999989501,6.3445946752058e-05,-0.002000000000663915
2025-09-11T13:07:26Z,18639.0,18639.1,3922,1529.5421,1529.5421,0.07541999999989457,6.321962351750777e-05,-0.001649999999276952
2025-09-11T13:07:26Z,18639.0,18639.2,3923,1529.54204,1529.54204,0.07536000000004606,6.316932946551256e-05,-0.0018000000000399918
2025-09-11T13:07:26Z,18639.0,18639.3,3924,1529.54171,1529.54174,0.07505999999989399,6.291785920477412e-05,-0.0016500000004247561
2025-09-11T13:07:26Z,18639.0,18639.4,3925,1529.54164,1529.54171,0.07502999999996973,6.289271217877652e-05,-0.0004999999998799853
2025-09-11T13:07:26Z,18639.0,18639.5,3926,1529.54174,1529.54164,0.07495999999991909,6.28340357845915e-05,-0.0011499999993869747
2025-09-11T13:07:26Z,18639.0,18639.6,3927,1529.54148,1529.54148,0.07480000000009568,6.269991831241369e-05,-0.0012499999991260058
2025-09-11T13:07:26Z,18639.0,18639.7,3928,1529.54139,1529.54139,0.07471000000009553,6.262447723423027e-05,-0.0012500000002628187
2025-09-11T13:07:26Z,18639.0,18639.8,3929,1529.54123,1529.54123,0.07455000000004475,6.249035976186185e-05,-0.002350000000852226
2025-09-11T13:07:26Z,18639.0,18639.9,3930,1529.54082,1529.54092,0.07423999999991793,6.223050715912422e-05,-0.0020500000004629038
2025-09-11T13:07:26Z,18640.0,18640.0,3931,1529.54092,1529.54082,0.07413999999994303,6.214668373894162e-05,-0.0006499999995052685
2025-09-11T13:07:27Z,18640.0,18640.1,3932,1529.54079,1529.54079,0.07411000000001877,6.212153671294401e-05,-0.00019999999949799063
2025-09-11T13:07:27Z,18640.0,18640.2,3933,1529.54078,1529.54078,0.07410000000004402,6.21131543709448e-05,-0.0014499999997935609
2025-09-11T13:07:27Z,18640.0,18640.3,3934,1529.5405,1529.5405,0.07382000000006883,6.187844879439537e-05,-0.0024000000007676214
2025-09-11T13:07:27Z,18640.0,18640.4,3935,1529.54029,1529.5403,0.07361999999989166,6.171080195383955e-05,-0.0010500000007211963
2025-09-11T13:07:27Z,18640.0,18640.5,3936,1529.5403,1529.54029,0.07360999999991691,6.170241961184035e-05,-0.00039999999899592575
2025-09-11T13:07:27Z,18640.0,18640.6,3937,1529.54022,1529.54022,0.07354000000009364,6.164374321784593e-05,-0.0009499999998626718
2025-09-11T13:07:27Z,18640.0,18640.7,3938,1529.54004,1529.5401,0.07341999999994187,6.154315511347433e-05,-0.0008999999999872998
2025-09-11T13:07:27Z,18640.0,18640.8,3939,1529.5401,1529.54004,0.07336000000009335,6.149286106147912e-05,-0.002099999999183255
2025-09-11T13:07:27Z,18640.0,18640.9,3940,1529.53968,1529.53968,0.07300000000009277,6.119109674874547e-05,-0.0029000000006002558
2025-09-11T13:07:27Z,18641.0,18641.0,3941,1529.53946,1529.53946,0.0727799999999661,6.100668522419124e-05,-0.00130000000014735
2025-09-11T13:07:28Z,18641.0,18641.1,3942,1529.53942,1529.53942,0.07274000000006708,6.097315585619444e-05,-0.0016500000003301651
2025-09-11T13:07:28Z,18641.0,18641.2,3943,1529.53913,1529.53913,0.07244999999988977,6.0730067937455205e-05,-0.002100000000345603
2025-09-11T13:07:28Z,18641.0,18641.3,3944,1529.539,1529.539,0.07231999999999061,6.062109749127499e-05,-0.0008499999990041474
2025-09-11T13:07:28Z,18641.0,18641.4,3945,1529.53896,1529.53896,0.0722800000000916,6.058756812327818e-05,-0.00030000000037472274
2025-09-11T13:07:28Z,18641.0,18641.5,3946,1529.53894,1529.53894,0.07225999999991473,6.057080343908918e-05,-0.0006500000006421369
2025-09-11T13:07:28Z,18641.0,18641.6,3947,1529.53883,1529.53883,0.07214999999996508,6.047859767690737e-05,-0.0007999999991250561
2025-09-11T13:07:28Z,18641.0,18641.7,3948,1529.53878,1529.53878,0.07210000000009131,6.043668596691136e-05,-0.002250000000059149
2025-09-11T13:07:28Z,18641.0,18641.8,3949,1529.53838,1529.53838,0.07169999999996435,6.010139228599031e-05,-0.002700000000041891
2025-09-11T13:07:28Z,18641.0,18641.9,3950,1529.53818,1529.53824,0.07156000000009044,5.998403949781089e-05,-0.0009999999997308273
2025-09-11T13:07:28Z,18642.0,18642.0,3951,1529.53824,1529.53818,0.07150000000001455,5.9933745445625085e-05,-0.001600000000531121
2025-09-11T13:07:29Z,18642.0,18642.1,3952,1529.53792,1529.53792,0.07123999999998887,5.971580455307406e-05,-0.0016500000004102122
2025-09-11T13:07:29Z,18642.0,18642.2,3953,1529.53785,1529.53785,0.07116999999993823,5.965712815888905e-05,-0.0003500000002392145
2025-09-11T13:07:29Z,18642.0,18642.3,3954,1529.53768,1529.53785,0.07116999999993823,5.965712815888905e-05,-0.0008500000000936647
2025-09-11T13:07:29Z,18642.0,18642.4,3955,1529.5376,1529.53768,0.07099999999991269,5.951462834452143e-05,-0.0012499999990968624
2025-09-11T13:07:29Z,18642.0,18642.5,3956,1529.53788,1529.5376,0.07092000000011467,5.9447569608527814e-05,-0.0011999999992614585
2025-09-11T13:07:29Z,18642.0,18642.6,3957,1529.53733,1529.53744,0.07076000000006388,5.93134521361594e-05,-0.0009500000010322918
2025-09-11T13:07:29Z,18642.0,18642.7,3958,1529.53744,1529.53741,0.07072999999991225,5.9288305109971195e-05,-0.0005499999997553573
2025-09-11T13:07:29Z,18642.0,18642.8,3959,1529.53741,1529.53733,0.07065000000011423,5.922124637397758e-05,-0.0017999999999599448
2025-09-11T13:07:29Z,18642.0,18642.9,3960,1529.53705,1529.53705,0.07036999999991167,5.898654079723755e-05,-0.0017999999999599448
2025-09-11T13:07:29Z,18643.0,18643.0,3961,1529.53686,1529.53697,0.07029000000011365,5.891948206124394e-05,-0.0009499999998890396
2025-09-11T13:07:30Z,18643.0,18643.1,3962,1529.53697,1529.53686,0.07017999999993663,5.882727629887153e-05,-0.0011000000006293753
2025-09-11T13:07:30Z,18643.0,18643.2,3963,1529.53665,1529.53675,0.07006999999998698,5.8735070536689715e-05,-0.001049999999617135
2025-09-11T13:07:30Z,18643.0,18643.3,3964,1529.53675,1529.53665,0.06997000000001208,5.8651247116507105e-05,-0.0006999999993779205
2025-09-11T13:07:30Z,18643.0,18643.4,3965,1529.53661,1529.53661,0.06993000000011307,5.8617717748510296e-05,-0.0013999999999072532
2025-09-11T13:07:30Z,18643.0,18643.5,3966,1529.53637,1529.53637,0.06969000000003689,5.841654153995767e-05,-0.0012500000002728662
2025-09-11T13:07:30Z,18643.0,18643.6,3967,1529.53636,1529.53636,0.06968000000006214,5.8408159197958466e-05,-0.00020000000062753154
2025-09-11T13:07:30Z,18643.0,18643.7,3968,1529.53633,1529.53633,0.0696499999999105,5.8383012171770265e-05,-0.0011500000005338906
2025-09-11T13:07:30Z,18643.0,18643.8,3969,1529.53613,1529.53613,0.06944999999996071,5.821536533140504e-05,-0.001899999999747104
2025-09-11T13:07:30Z,18643.0,18643.9,3970,1529.53595,1529.53595,0.06926999999996042,5.806448317503822e-05,-0.0018499999998717875
2025-09-11T13:07:30Z,18644.0,18644.0,3971,1529.53576,1529.53576,0.06907999999998538,5.79052186766722e-05,-0.0011499999993870302
2025-09-11T13:07:31Z,18644.0,18644.1,3972,1529.5357,1529.53572,0.06904000000008637,5.787168930867539e-05,-0.0003000000003819392
2025-09-11T13:07:31Z,18644.0,18644.2,3973,1529.53572,1529.5357,0.06901999999990949,5.785492462448639e-05,-0.0007500000003974328
2025-09-11T13:07:31Z,18644.0,18644.3,3974,1529.53557,1529.53557,0.06889000000001033,5.774595417830617e-05,-0.0013499999999954104
2025-09-11T13:07:31Z,18644.0,18644.4,3975,1529.53543,1529.53543,0.06874999999990905,5.762860138993616e-05,-0.0009999999997307718
2025-09-11T13:07:31Z,18644.0,18644.5,3976,1529.53537,1529.53537,0.06869000000006054,5.757830733794095e-05,-0.0013500000000218337
2025-09-11T13:07:31Z,18644.0,18644.6,3977,1529.53516,1529.53516,0.06847999999990861,5.740227815538592e-05,-0.001399999999896262
2025-09-11T13:07:31Z,18644.0,18644.7,3978,1529.53509,1529.53509,0.06841000000008535,5.734360176139151e-05,-0.0015999999993979164
2025-09-11T13:07:31Z,18644.0,18644.8,3979,1529.53484,1529.53484,0.06816000000003442,5.7134043210839684e-05,-0.001300000000167334
2025-09-11T13:07:31Z,18644.0,18644.9,3980,1529.53476,1529.53483,0.06815000000005966,5.712566086884048e-05,-0.00040000000013645787
2025-09-11T13:07:31Z,18645.0,18645.0,3981,1529.53472,1529.53476,0.06808000000000902,5.7066984474655475e-05,-0.000549999999756301
2025-09-11T13:07:32Z,18645.0,18645.1,3982,1529.53483,1529.53472,0.06804000000011001,5.7033455106658665e-05,-0.0003000000003819947
2025-09-11T13:07:32Z,18645.0,18645.2,3983,1529.53446,1529.5347,0.06801999999993313,5.701669042246967e-05,-0.0013000000001637257
2025-09-11T13:07:32Z,18645.0,18645.3,3984,1529.5347,1529.53446,0.06778000000008433,5.681551421410763e-05,-0.0018499999998899397
2025-09-11T13:07:32Z,18645.0,18645.4,3985,1529.53416,1529.53433,0.0676499999999578,5.670654376773682e-05,-0.001500000000762114
2025-09-11T13:07:32Z,18645.0,18645.5,3986,1529.53433,1529.53416,0.06747999999993226,5.65640439533692e-05,-0.000850000000140072
2025-09-11T13:07:32Z,18645.0,18645.6,3987,1529.53401,1529.53416,0.06747999999993226,5.65640439533692e-05,-0.0007499999992133244
2025-09-11T13:07:32Z,18645.0,18645.7,3988,1529.53397,1529.53401,0.0673300000000836,5.6438308823190576e-05,-0.0007499999992133244
2025-09-11T13:07:32Z,18645.0,18645.8,3989,1529.53427,1529.53401,0.0673300000000836,5.6438308823190576e-05,-0.0002000000006238678
2025-09-11T13:07:32Z,18645.0,18645.9,3990,1529.53376,1529.53397,0.06728999999995722,5.640477945500318e-05,-0.0012500000002810263
2025-09-11T13:07:32Z,18646.0,18646.0,3991,1529.53405,1529.53376,0.06708000000003267,5.622875027263875e-05,-0.0013500000000218337
2025-09-11T13:07:33Z,18646.0,18646.1,3992,1529.5337,1529.5337,0.06701999999995678,5.6178456220452946e-05,-0.0005999999996198491
2025-09-11T13:07:33Z,18646.0,18646.2,3993,1529.53364,1529.53364,0.06696000000010827,5.6128162168457735e-05,-0.001999999999541646
2025-09-11T13:07:33Z,18646.0,18646.3,3994,1529.53321,1529.5333,0.06662000000005719,5.584316253972249e-05,-0.0021500000002937503
2025-09-11T13:07:33Z,18646.0,18646.4,3995,1529.5333,1529.53321,0.06653000000005704,5.576772146153908e-05,-0.0009999999997489795
2025-09-11T13:07:33Z,18646.0,18646.5,3996,1529.5331,1529.5331,0.0664200000001074,5.5675515699357266e-05,-0.0006000000007675976
2025-09-11T13:07:33Z,18646.0,18646.6,3997,1529.53309,1529.53309,0.06640999999990527,5.566713335716747e-05,-0.00025000000049929527
2025-09-11T13:07:33Z,18646.0,18646.7,3998,1529.53297,1529.53305,0.06637000000000626,5.563360398917066e-05,-0.0005999999996270655
2025-09-11T13:07:33Z,18646.0,18646.8,3999,1529.53305,1529.53297,0.06628999999998086,5.5566545252986455e-05,-0.0004999999998835936
2025-09-11T13:07:33Z,18646.0,18646.9,4000,1529.53295,1529.53295,0.06627000000003136,5.554978056898805e-05,-0.0009000000000236597
2025-09-11T13:07:33Z,18647.0,18647.0,4001,1529.53266,1529.53279,0.06610999999998057,5.5415663096619636e-05,-0.0014499999997708013
2025-09-11T13:07:34Z,18647.0,18647.1,4002,1529.53265,1529.53266,0.06598000000008142,5.5306692650439414e-05,-0.0006999999993888006
2025-09-11T13:07:34Z,18647.0,18647.2,4003,1529.53279,1529.53265,0.06597000000010667,5.529831030844021e-05,-0.000700000000525669
2025-09-11T13:07:34Z,18647.0,18647.3,4004,1529.53252,1529.53252,0.06583999999998014,5.51893398620694e-05,-0.0014500000008758063
2025-09-11T13:07:34Z,18647.0,18647.4,4005,1529.53225,1529.53236,0.06567999999992935,5.505522238970098e-05,-0.0013000000001127665
2025-09-11T13:07:34Z,18647.0,18647.5,4006,1529.53236,1529.53226,0.06557999999995445,5.497139896951837e-05,-0.0005499999997562455
2025-09-11T13:07:34Z,18647.0,18647.6,4007,1529.53226,1529.53225,0.0655699999999797,5.496301662751917e-05,-3.608224830031759e-15
2025-09-11T13:07:34Z,18647.0,18647.7,4008,1529.53203,1529.53226,0.06557999999995445,5.497139896951837e-05,4.9999999871763734e-05
2025-09-11T13:07:34Z,18647.0,18647.8,4009,1529.53193,1529.53226,0.06557999999995445,5.497139896951837e-05,0.1696499999934853
2025-09-11T13:07:34Z,18647.0,18647.9,4010,1529.56619,1529.56619,0.09951000000000931,8.341268544466429e-05,0.5812500000068694
2025-09-11T13:07:34Z,18648.0,18648.0,4011,1529.64851,1529.64851,0.18182999999999083,0.0001524161249562971,0.8028363158014412
2025-09-11T13:07:35Z,18648.0,18648.11111111111,4012,1529.7352,1529.7352,0.26852000000008047,0.00022508264793092022,0.8038349999982682
2025-09-11T13:07:35Z,18648.0,18648.222222222223,4013,1529.82714,1529.82714,0.3604600000001028,0.0003021499004661788,0.8269199999979961
2025-09-11T13:07:35Z,18648.0,18648.333333333332,4014,1529.91896,1529.91896,0.45227999999997337,0.00037911656489706574,0.8876249999961099
2025-09-11T13:07:35Z,18648.0,18648.444444444445,4015,1530.02439,1530.02439,0.5577100000000428,0.0004674915968178368,1.1307150000037924
2025-09-11T13:07:35Z,18648.0,18648.555555555555,4016,1530.24988,1530.17023,0.7035499999999502,0.0005897396728427687,0.6562800000198772
2025-09-11T13:07:35Z,18648.0,18648.666666666668,4017,1530.29504,1530.17023,0.7035499999999502,0.0005897396728427687,0.0
2025-09-11T13:07:35Z,18648.0,18648.777777777777,4018,1530.17023,1530.17023,0.7035499999999502,0.0005897396728427687,-0.08086499999665397
2025-09-11T13:07:35Z,18648.0,18648.88888888889,4019,1530.15226,1530.15226,0.6855800000000727,0.0005746766042322747,-0.14183999999909247
2025-09-11T13:07:35Z,18649.0,18649.0,4020,1530.13871,1530.13871,0.6720299999999497,0.0005633185307945764,-0.09313421052745463
2025-09-11T13:07:36Z,18649.0,18649.1,4021,1530.13199,1530.13199,0.6653100000000904,0.0005576855969570088,-0.06649999999900658
2025-09-11T13:07:36Z,18649.0,18649.2,4022,1530.12541,1530.12541,0.6587300000001051,0.0005521700159076206,-0.05809999999947646
2025-09-11T13:07:36Z,18649.0,18649.3,4023,1530.12037,1530.12037,0.6536900000000969,0.0005479453155293496,-0.048199999999856136
2025-09-11T13:07:36Z,18649.0,18649.4,4024,1530.11577,1530.11577,0.6490900000001147,0.0005440894381999965,-0.045700000000401975
2025-09-11T13:07:36Z,18649.0,18649.5,4025,1530.11123,1530.11123,0.6445499999999811,0.0005402838549226386,-0.03790000000149707
2025-09-11T13:07:36Z,18649.0,18649.6,4026,1530.10819,1530.10819,0.6415099999999256,0.000537735622948401,-0.03079999999941796
2025-09-11T13:07:36Z,18649.0,18649.7,4027,1530.10507,1530.10507,0.6383900000000722,0.0005351203322381697,-0.02824999999895139
2025-09-11T13:07:36Z,18649.0,18649.8,4028,1530.10254,1530.10254,0.6358600000000934,0.000532999599707035,-0.025350000000704753
2025-09-11T13:07:36Z,18649.0,18649.9,4029,1530.1,1530.1,0.6333199999999124,0.0005308704848337105,-0.026549999999988305
2025-09-11T13:07:36Z,18650.0,18650.0,4030,1530.09723,1530.09723,0.6305500000000848,0.0005285485760942138,-0.026200000000170753
2025-09-11T13:07:37Z,18650.0,18650.1,4031,1530.09476,1530.09476,0.6280799999999545,0.0005264781376150743,-0.022750000000530513
2025-09-11T13:07:37Z,18650.0,18650.2,4032,1530.09268,1530.09268,0.6259999999999764,0.0005247346104748567,-0.020849999999580593
2025-09-11T13:07:37Z,18650.0,18650.3,4033,1530.09059,1530.09059,0.6239100000000235,0.0005229827009926398,-0.016299999999882075
2025-09-11T13:07:37Z,18650.0,18650.4,4034,1530.08942,1530.08942,0.6227400000000216,0.0005220019669762555,-0.014250000000442853
2025-09-11T13:07:37Z,18650.0,18650.5,4035,1530.08774,1530.08774,0.6210599999999431,0.0005205937335167682,-0.017950000000416466
2025-09-11T13:07:37Z,18650.0,18650.6,4036,1530.08583,1530.08583,0.6191499999999905,0.0005189927061909183,-0.015449999999722852
2025-09-11T13:07:37Z,18650.0,18650.7,4037,1530.08465,1530.08465,0.6179700000000139,0.0005180035898325347,-0.012600000000003941
2025-09-11T13:07:37Z,18650.0,18650.8,4038,1530.08331,1530.08331,0.6166299999999865,0.0005168803560017827,-0.015550000000395414
2025-09-11T13:07:37Z,18650.0,18650.9,4039,1530.08154,1530.08154,0.6148599999999078,0.0005153966814641121,-0.01444999999972607
2025-09-11T13:07:37Z,18651.0,18651.0,4040,1530.08042,1530.08042,0.6137400000000071,0.0005144578591579144,-0.012849999999576145
2025-09-11T13:07:38Z,18651.0,18651.1,4041,1530.07897,1530.07897,0.61229000000003,0.0005132424195649806,-0.08189999999738262
2025-09-11T13:07:38Z,18651.0,18651.2,4042,1530.06404,1530.06404,0.5973599999999806,0.0005007275829285336,-1.53135000004491
2025-09-11T13:07:38Z,18651.0,18651.3,4043,1529.7727,1529.7727,0.3060199999999895,0.0002565164305072144,-1.8589000000313212
2025-09-11T13:07:38Z,18651.0,18651.4,4044,1529.69226,1529.69226,0.2255800000000363,0.000189088871295434,-0.6253999999913397
2025-09-11T13:07:38Z,18651.0,18651.5,4045,1529.64762,1529.64762,0.18093999999996413,0.00015167009651646218,-0.38875000000527504
2025-09-11T13:07:38Z,18651.0,18651.6,4046,1529.61451,1529.61451,0.1478300000001127,0.00012391616208715675,-0.311299999999207
2025-09-11T13:07:38Z,18651.0,18651.7,4047,1529.58536,1529.58536,0.11868000000004031,9.948163509773083e-05,-0.2486499999984439
2025-09-11T13:07:38Z,18651.0,18651.8,4048,1529.56478,1529.56478,0.09809999999993124,8.223077521972732e-05,-0.17889999999998546
2025-09-11T13:07:38Z,18651.0,18651.9,4049,1529.54958,1529.54958,0.08290000000010878,6.948961534892067e-05,-0.08554999999728335
2025-09-11T13:07:38Z,18652.0,18652.0,4050,1529.54767,1529.54767,0.08098999999992884,6.788858802288005e-05,-0.014700000000616664
2025-09-11T13:07:39Z,18652.0,18652.1,4051,1529.54664,1529.54664,0.07996000000002823,6.702520679486571e-05,-0.010699999999079557
2025-09-11T13:07:39Z,18652.0,18652.2,4052,1529.54553,1529.54553,0.07885000000010223,6.609476683066718e-05,-0.009049999999780789
2025-09-11T13:07:39Z,18652.0,18652.3,4053,1529.54483,1529.54483,0.07815000000005057,6.550800288919829e-05,-0.00830000000056752
2025-09-11T13:07:39Z,18652.0,18652.4,4054,1529.54387,1529.54387,0.07718999999997322,6.470329805517838e-05,-0.008999999999959984
2025-09-11T13:07:39Z,18652.0,18652.5,4055,1529.54303,1529.54303,0.07635000000004766,6.399918132553008e-05,-0.005899999999969041
2025-09-11T13:07:39Z,18652.0,18652.6,4056,1529.54269,1529.54269,0.07600999999999658,6.371418169679484e-05,-0.00520000000042925
2025-09-11T13:07:39Z,18652.0,18652.7,4057,1529.54199,1529.54199,0.07530999999994492,6.312741775532596e-05,-0.006250000000086409
2025-09-11T13:07:39Z,18652.0,18652.8,4058,1529.54144,1529.54144,0.0747599999999693,6.266638894422629e-05,-0.006099999999334249
2025-09-11T13:07:39Z,18652.0,18652.9,4059,1529.54077,1529.54077,0.07409000000006927,6.21047720289456e-05,-0.0045999999996616525
2025-09-11T13:07:39Z,18653.0,18653.0,4060,1529.54052,1529.54052,0.07384000000001834,6.189521347839378e-05,-0.00445000000019824
2025-09-11T13:07:40Z,18653.0,18653.1,4061,1529.53988,1529.53988,0.07320000000004256,6.13587435891107e-05,-0.004800000000427462
2025-09-11T13:07:40Z,18653.0,18653.2,4062,1529.53956,1529.53956,0.07287999999994099,6.109050864437385e-05,-0.003450000000381037
2025-09-11T13:07:40Z,18653.0,18653.3,4063,1529.53919,1529.53919,0.07250999999996566,6.078036198964101e-05,-0.004499999999961757
2025-09-11T13:07:40Z,18653.0,18653.4,4064,1529.53866,1529.53866,0.07197999999993954,6.033609786253975e-05,-0.004000000000070947
2025-09-11T13:07:40Z,18653.0,18653.5,4065,1529.53839,1529.53839,0.0717099999999391,6.0109774627989516e-05,-0.0035500000001837395
2025-09-11T13:07:40Z,18653.0,18653.6,4066,1529.53795,1529.53795,0.07126999999991313,5.9740951579071664e-05,-0.0031999999999108297
2025-09-11T13:07:40Z,18653.0,18653.7,4067,1529.53775,1529.53775,0.07106999999996333,5.957330473870644e-05,-0.0023499999997553256
2025-09-11T13:07:40Z,18653.0,18653.8,4068,1529.53748,1529.53748,0.07079999999996289,5.9346981504156207e-05,-0.0037999999994470235
2025-09-11T13:07:40Z,18653.0,18653.9,4069,1529.53699,1529.53699,0.07031000000006316,5.893624674524234e-05,-0.003950000000210119
2025-09-11T13:07:40Z,18654.0,18654.0,4070,1529.53669,1529.53669,0.07000999999991109,5.868477648450391e-05,-0.0036000000000582233
2025-09-11T13:07:41Z,18654.0,18654.1,4071,1529.53627,1529.53627,0.06959000000006199,5.8332718119775054e-05,-0.003449999999262432
2025-09-11T13:07:41Z,18654.0,18654.2,4072,1529.536,1529.536,0.06932000000006155,5.810639488522482e-05,-0.0024500000006175693
2025-09-11T13:07:41Z,18654.0,18654.3,4073,1529.53578,1529.53578,0.06909999999993488,5.79219833606706e-05,-0.0018499999998826677
2025-09-11T13:07:41Z,18654.0,18654.4,4074,1529.53563,1529.53563,0.06895000000008622,5.7796248230491975e-05,-0.00299999999929057
2025-09-11T13:07:41Z,18654.0,18654.5,4075,1529.53518,1529.53518,0.06850000000008549,5.741904283957492e-05,-0.0035000000003092002
2025-09-11T13:07:41Z,18654.0,18654.6,4076,1529.53493,1529.53493,0.06825000000003456,5.720948428902309e-05,-0.0029000000006111915
2025-09-11T13:07:41Z,18654.0,18654.7,4077,1529.5346,1529.5346,0.06791999999995824,5.693286700228706e-05,-0.002550000000346553
2025-09-11T13:07:41Z,18654.0,18654.8,4078,1529.53442,1529.53442,0.06773999999995794,5.678198484592023e-05,-0.0009000000000308761
2025-09-11T13:07:41Z,18654.0,18654.9,4079,1529.53438,1529.53442,0.06773999999995794,5.678198484592023e-05,-0.00019999999950165437
2025-09-11T13:07:41Z,18655.0,18655.0,4080,1529.53425,1529.53438,0.06770000000005894,5.674845547792342e-05,-0.000850000000140072
2025-09-11T13:07:42Z,18655.0,18655.1,4081,1529.5345,1529.53425,0.0675699999999324,5.663948503155261e-05,-0.0011500000005083555
2025-09-11T13:07:42Z,18655.0,18655.2,4082,1529.53415,1529.53415,0.06746999999995751,5.655566161137e-05,-0.0007999999991068485
2025-09-11T13:07:42Z,18655.0,18655.3,4083,1529.53387,1529.53409,0.067410000000109,5.650536755937479e-05,-0.00139999999984175
2025-09-11T13:07:42Z,18655.0,18655.4,4084,1529.53375,1529.53387,0.06718999999998232,5.632095603482057e-05,-0.0017000000002310167
2025-09-11T13:07:42Z,18655.0,18655.5,4085,1529.53409,1529.53375,0.06707000000005792,5.622036793063955e-05,-0.007150000000241907
2025-09-11T13:07:42Z,18655.0,18655.6,4086,1529.53214,1529.53244,0.06575999999995474,5.512228112588519e-05,-0.007100000000456519
2025-09-11T13:07:42Z,18655.0,18655.7,4087,1529.53233,1529.53233,0.0656500000000051,5.5030075363703376e-05,-0.0005499999997262139
2025-09-11T13:07:42Z,18655.0,18655.8,4088,1529.53244,1529.53233,0.0656500000000051,5.5030075363703376e-05,0.0004999999998544502
2025-09-11T13:07:42Z,18655.0,18655.9,4089,1529.53216,1529.53243,0.06574999999997999,5.511389878388599e-05,0.0004999999998545057
2025-09-11T13:07:42Z,18656.0,18656.0,4090,1529.53243,1529.53243,0.06574999999997999,5.511389878388599e-05,-0.0013500000000218337
2025-09-11T13:07:43Z,18656.0,18656.1,4091,1529.53266,1529.53216,0.06547999999997955,5.4887575549335755e-05,-0.004149999999686238
2025-09-11T13:07:43Z,18656.0,18656.2,4092,1529.5316,1529.5316,0.06492000000002918,5.4418164396236885e-05,-0.003450000000293829
2025-09-11T13:07:43Z,18656.0,18656.3,4093,1529.53147,1529.53147,0.06478999999990265,5.4309193949866073e-05,-0.0012000000003801747
2025-09-11T13:07:43Z,18656.0,18656.4,4094,1529.53136,1529.53136,0.064679999999953,5.421698818768426e-05,-0.0015999999993833725
2025-09-11T13:07:43Z,18656.0,18656.5,4095,1529.53115,1529.53115,0.06447000000002845,5.4040959005319835e-05,-0.002849999999667119
2025-09-11T13:07:43Z,18656.0,18656.6,4096,1529.53079,1529.53079,0.06411000000002787,5.373919469258619e-05,-0.0019499999996771544
2025-09-11T13:07:43Z,18656.0,18656.7,4097,1529.53076,1529.53076,0.06408000000010361,5.3714047666588586e-05,-0.00020000000062758705
2025-09-11T13:07:43Z,18656.0,18656.8,4098,1529.53075,1529.53075,0.06406999999990148,5.3705665324398786e-05,-0.0013000000000800704
2025-09-11T13:07:43Z,18656.0,18656.9,4099,1529.5305,1529.5305,0.06382000000007793,5.349610677403755e-05,-0.0025499999992387723
2025-09-11T13:07:43Z,18657.0,18657.0,4100,1529.53024,1529.53024,0.06356000000005224,5.327816588148652e-05,-0.0018499999999035954
2025-09-11T13:07:44Z,18657.0,18657.1,4101,1529.52997,1529.53013,0.06345000000010259,5.3185960119304705e-05,-0.001349999999988194
2025-09-11T13:07:44Z,18657.0,18657.2,4102,1529.53013,1529.52997,0.0632900000000518,5.305184264693629e-05,-0.000800000000221901
2025-09-11T13:07:44Z,18657.0,18657.3,4103,1529.52972,1529.52997,0.0632900000000518,5.305184264693629e-05,-0.001250000000204643
2025-09-11T13:07:44Z,18657.0,18657.4,4104,1529.52997,1529.52972,0.06304000000000087,5.284228409638446e-05,-0.0031999999998926776
2025-09-11T13:07:44Z,18657.0,18657.5,4105,1529.52927,1529.52933,0.06265000000007603,5.251537275765321e-05,-0.0022500000000363896
2025-09-11T13:07:44Z,18657.0,18657.6,4106,1529.52933,1529.52927,0.06259000000000015,5.24650787054674e-05,-0.0004000000001327386
2025-09-11T13:07:44Z,18657.0,18657.7,4107,1529.52925,1529.52925,0.06257000000005064,5.2448314021469e-05,-9.999999974358298e-05
2025-09-11T13:07:44Z,18657.0,18657.8,4108,1529.52919,1529.52925,0.06257000000005064,5.2448314021469e-05,5.551115123125783e-17
2025-09-11T13:07:44Z,18657.0,18657.9,4109,1529.52894,1529.52925,0.06257000000005064,5.2448314021469e-05,0.29590000000953515
2025-09-11T13:07:44Z,18658.0,18658.0,4110,1529.58843,1529.58843,0.12175000000002001,0.000102055014097966,0.6395500000089512
2025-09-11T13:07:45Z,18658.0,18658.1,4111,1529.65716,1529.65716,0.19047999999997955,0.00015966685080390374,0.6519499999990842
2025-09-11T13:07:45Z,18658.0,18658.2,4112,1529.71882,1529.71882,0.252140000000054,0.00021135237170153944,0.6696999999991887
2025-09-11T13:07:45Z,18658.0,18658.3,4113,1529.7911,1529.7911,0.3244199999999182,0.00027193993982462704,0.783499999994945
2025-09-11T13:07:45Z,18658.0,18658.4,4114,1529.87552,1529.87552,0.4088400000000547,0.00034270367116066646,0.8793999999981139
2025-09-11T13:07:45Z,18658.0,18658.5,4115,1529.96698,1529.96698,0.5002999999999247,0.0004193685712788198,1.0718000000153087
2025-09-11T13:07:45Z,18658.0,18658.6,4116,1530.0916,1530.08988,0.6231999999999971,0.0005223875547091717,0.6145000000204814
2025-09-11T13:07:45Z,18658.0,18658.7,4117,1530.10435,1530.08988,0.6231999999999971,0.0005223875547091717,0.0
2025-09-11T13:07:45Z,18658.0,18658.8,4118,1530.08988,1530.08988,0.6231999999999971,0.0005223875547091717,-0.04989999999820993
2025-09-11T13:07:45Z,18658.0,18658.9,4119,1530.0799,1530.0799,0.6132199999999557,0.0005140219773728123,-0.07804999999854578
2025-09-11T13:07:45Z,18659.0,18659.0,4120,1530.07427,1530.07427,0.6075900000000729,0.0005093027188154449,-0.05090000000069672
2025-09-11T13:07:46Z,18659.0,18659.1,4121,1530.06972,1530.06972,0.6030399999999645,0.0005054887531960876,-0.046749999999986525
2025-09-11T13:07:46Z,18659.0,18659.2,4122,1530.06492,1530.06492,0.5982400000000325,0.0005014652290263693,-0.04244999999933308
2025-09-11T13:07:46Z,18659.0,18659.3,4123,1530.06123,1530.06123,0.5945500000000266,0.0004983721448208494,-0.03270000000046558
2025-09-11T13:07:46Z,18659.0,18659.4,4124,1530.05838,1530.05838,0.5916999999999462,0.0004959831773449779,-0.027099999999641966
2025-09-11T13:07:46Z,18659.0,18659.5,4125,1530.05581,1530.05581,0.5891300000000683,0.0004938289154458464,-0.02380000000051119
2025-09-11T13:07:46Z,18659.0,18659.6,4126,1530.05362,1530.05362,0.5869399999999132,0.0004919931825432564,-0.023200000000411336
2025-09-11T13:07:46Z,18659.0,18659.7,4127,1530.05117,1530.05117,0.5844899999999598,0.0004899395087483059,-0.02194999999897851
2025-09-11T13:07:46Z,18659.0,18659.8,4128,1530.04923,1530.04923,0.582550000000083,0.0004883133343964582,-0.018199999999501504
2025-09-11T13:07:46Z,18659.0,18659.9,4129,1530.04753,1530.04753,0.5808500000000549,0.00048688833625297256,-0.018400000000139638
2025-09-11T13:07:46Z,18660.0,18660.0,4130,1530.04555,1530.04555,0.5788700000000517,0.0004852286325329375,-0.018000000000290672
2025-09-11T13:07:47Z,18660.0,18660.1,4131,1530.04393,1530.04393,0.5772500000000491,0.00048387069312563616,-0.01674999999969362
2025-09-11T13:07:47Z,18660.0,18660.2,4132,1530.0422,1530.0422,0.5755200000000968,0.00048242054795615295,-0.01619999999992716
2025-09-11T13:07:47Z,18660.0,18660.3,4133,1530.04069,1530.04069,0.5740100000000439,0.00048115481431103334,-0.014650000000492103
2025-09-11T13:07:47Z,18660.0,18660.4,4134,1530.03927,1530.03927,0.572589999999991,0.0004799645217440972,-0.012950000000181205
2025-09-11T13:07:47Z,18660.0,18660.5,4135,1530.0381,1530.0381,0.5714199999999892,0.00047898378772771286,-0.0122999999998199
2025-09-11T13:07:47Z,18660.0,18660.6,4136,1530.03681,1530.03681,0.5701300000000629,0.0004779024656071475,-0.012699999999729261
2025-09-11T13:07:47Z,18660.0,18660.7,4137,1530.03556,1530.03556,0.5688800000000356,0.00047685467285457894,-0.011450000000569727
2025-09-11T13:07:47Z,18660.0,18660.8,4138,1530.03452,1530.03452,0.5678399999999328,0.0004759829092843748,-0.011650000000057226
2025-09-11T13:07:47Z,18660.0,18660.9,4139,1530.03323,1530.03323,0.5665500000000065,0.00047490158716380945,-0.011899999999434474
2025-09-11T13:07:47Z,18661.0,18661.0,4140,1530.03214,1530.03214,0.56546000000003,0.0004739879118836093,-0.012050000000447536
2025-09-11T13:07:48Z,18661.0,18661.1,4141,1530.03082,1530.03082,0.5641399999999521,0.0004728814427368558,-0.5889999999768518
2025-09-11T13:07:48Z,18661.0,18661.2,4142,1529.91434,1529.91434,0.4476600000000417,0.0003752439228837142,-1.550950000008008
2025-09-11T13:07:48Z,18661.0,18661.3,4143,1529.72063,1529.72063,0.25395000000003165,0.00021286957560720686,-1.3011000000189918
2025-09-11T13:07:48Z,18661.0,18661.4,4144,1529.65412,1529.65412,0.1874399999999241,0.00015711861882966618,-0.5758999999947069
2025-09-11T13:07:48Z,18661.0,18661.5,4145,1529.60545,1529.60545,0.13877000000002226,0.00011632176021662987,-0.38370000000544613
2025-09-11T13:07:48Z,18661.0,18661.6,4146,1529.57738,1529.57738,0.11069999999995161,9.279252616540485e-05,-0.23340000000049116
2025-09-11T13:07:48Z,18661.0,18661.7,4147,1529.55877,1529.55877,0.09209000000009837,7.719298766562779e-05,-0.14604999999761625
2025-09-11T13:07:48Z,18661.0,18661.8,4148,1529.54817,1529.54817,0.0814900000000307,6.83077051239837e-05,-0.08865000000045198
2025-09-11T13:07:48Z,18661.0,18661.9,4149,1529.54104,1529.54104,0.0743600000000697,6.233109526349583e-05,-0.040299999999296066
2025-09-11T13:07:48Z,18662.0,18662.0,4150,1529.54011,1529.54011,0.07342999999991662,6.155153745547353e-05,-0.011500000000691235
2025-09-11T13:07:49Z,18662.0,18662.1,4151,1529.53874,1529.53874,0.07205999999996493,6.0403156598723956e-05,-0.010199999999348841
2025-09-11T13:07:49Z,18662.0,18662.2,4152,1529.53807,1529.53807,0.0713900000000649,5.984153968344327e-05,-0.006299999999972716
2025-09-11T13:07:49Z,18662.0,18662.3,4153,1529.53748,1529.53748,0.07079999999996289,5.9346981504156207e-05,-0.007199999999938145
2025-09-11T13:07:49Z,18662.0,18662.4,4154,1529.53663,1529.53663,0.06995000000006257,5.86344824325087e-05,-0.007849999999455182
2025-09-11T13:07:49Z,18662.0,18662.5,4155,1529.53591,1529.53591,0.06923000000006141,5.803095380704141e-05,-0.005800000000220129
2025-09-11T13:07:49Z,18662.0,18662.6,4156,1529.53547,1529.53547,0.06879000000003543,5.766213075812356e-05,-0.005700000000320171
2025-09-11T13:07:49Z,18662.0,18662.7,4157,1529.53477,1529.53477,0.06808999999998377,5.707536681665467e-05,-0.005150000000553934
2025-09-11T13:07:49Z,18662.0,18662.8,4158,1529.53444,1529.53444,0.06775999999990745,5.6798749529918634e-05,-0.0030000000003838068
2025-09-11T13:07:49Z,18662.0,18662.9,4159,1529.53417,1529.53417,0.06748999999990701,5.6572426295368403e-05,-0.0024999999993560174
2025-09-11T13:07:49Z,18663.0,18663.0,4160,1529.53394,1529.53394,0.06726000000003296,5.637963242900557e-05,-0.0039999999990540935
2025-09-11T13:07:50Z,18663.0,18663.1,4161,1529.53337,1529.53337,0.06669000000010783,5.59018389339075e-05,-0.005250000000384725
2025-09-11T13:07:50Z,18663.0,18663.2,4162,1529.53289,1529.53289,0.06620999999995547,5.5499486516802246e-05,-0.0034500000003228615
2025-09-11T13:07:50Z,18663.0,18663.3,4163,1529.53268,1529.53268,0.06600000000003092,5.532345733443782e-05,-0.00419999999953613
2025-09-11T13:07:50Z,18663.0,18663.4,4164,1529.53205,1529.53205,0.0653700000000299,5.479536978715394e-05,-0.004700000000563864
2025-09-11T13:07:50Z,18663.0,18663.5,4165,1529.53174,1529.53174,0.06505999999990308,5.453551718441631e-05,-0.0027000000000436675
2025-09-11T13:07:50Z,18663.0,18663.6,4166,1529.53151,1529.53151,0.06483000000002903,5.434272331805348e-05,-0.002149999999116914
2025-09-11T13:07:50Z,18663.0,18663.7,4167,1529.53131,1529.53131,0.06463000000007924,5.417507647768825e-05,-0.0017000000002382887
2025-09-11T13:07:50Z,18663.0,18663.8,4168,1529.53117,1529.53117,0.06448999999997795,5.405772368931824e-05,-0.002600000000203717
2025-09-11T13:07:50Z,18663.0,18663.9,4169,1529.53079,1529.53079,0.06411000000002787,5.373919469258619e-05,-0.0025500000003282897
2025-09-11T13:07:50Z,18664.0,18664.0,4170,1529.53066,1529.53066,0.06397999999990134,5.363022424621538e-05,-0.002500000000545677
2025-09-11T13:07:51Z,18664.0,18664.1,4171,1529.53029,1529.53029,0.063609999999926,5.332007759148253e-05,-0.0018499999999372907
2025-09-11T13:07:51Z,18664.0,18664.2,4172,1529.53029,1529.53029,0.063609999999926,5.332007759148253e-05,-0.0019999999995634066
2025-09-11T13:07:51Z,18664.0,18664.3,4173,1529.52989,1529.52989,0.06321000000002641,5.298478391075208e-05,-0.0036499999998790833
2025-09-11T13:07:51Z,18664.0,18664.4,4174,1529.52956,1529.52956,0.06287999999995009,5.270816662401604e-05,-0.0031999999998635897
2025-09-11T13:07:51Z,18664.0,18664.5,4175,1529.52925,1529.52925,0.06257000000005064,5.2448314021469e-05,-0.0017500000001546279
2025-09-11T13:07:51Z,18664.0,18664.6,4176,1529.52921,1529.52921,0.06252999999992426,5.24147846532816e-05,-0.002400000000680247
2025-09-11T13:07:51Z,18664.0,18664.7,4177,1529.52877,1529.52877,0.06208999999989828,5.204596160436375e-05,-0.0033499999994497376
2025-09-11T13:07:51Z,18664.0,18664.8,4178,1529.52852,1529.52854,0.06186000000002423,5.185316773800092e-05,-0.00124999999915143
2025-09-11T13:07:51Z,18664.0,18664.9,4179,1529.52854,1529.52852,0.061840000000074724,5.183640305400251e-05,-0.0009000000000236597
2025-09-11T13:07:51Z,18665.0,18665.0,4180,1529.52836,1529.52836,0.06168000000002394,5.170228558163409e-05,-0.0022000000001619058
2025-09-11T13:07:52Z,18665.0,18665.1,4181,1529.52808,1529.52808,0.06140000000004875,5.146758000508466e-05,-0.002250000000015462
2025-09-11T13:07:52Z,18665.0,18665.2,4182,1529.5279,1529.52791,0.06123000000002321,5.132508019071704e-05,-0.0008999999999690922
2025-09-11T13:07:52Z,18665.0,18665.3,4183,1529.52774,1529.5279,0.06122000000004846,5.131669784871784e-05,-0.000850000000097384
2025-09-11T13:07:52Z,18665.0,18665.4,4184,1529.52791,1529.52774,0.06105999999999767,5.118258037634942e-05,-0.0020000000006421548
2025-09-11T13:07:52Z,18665.0,18665.5,4185,1529.5275,1529.5275,0.06081999999992149,5.098140416779679e-05,-0.002799999999792635
2025-09-11T13:07:52Z,18665.0,18665.6,4186,1529.52718,1529.52718,0.060500000000047294,5.071316922325055e-05,-0.0019999999995343187
2025-09-11T13:07:52Z,18665.0,18665.7,4187,1529.52695,1529.5271,0.0604200000000219,5.0646110487066344e-05,-0.0011500000005157385
2025-09-11T13:07:52Z,18665.0,18665.8,4188,1529.5271,1529.52695,0.06026999999994587,5.0520375356697124e-05,-0.0008500000001482877
2025-09-11T13:07:52Z,18665.0,18665.9,4189,1529.52693,1529.52693,0.06024999999999636,5.050361067269872e-05,-0.0009000000000236041
2025-09-11T13:07:52Z,18666.0,18666.0,4190,1529.52677,1529.52677,0.060089999999945576,5.0369493200330306e-05,-0.002799999999792635
2025-09-11T13:07:53Z,18666.0,18666.1,4191,1529.52626,1529.52637,0.059690000000045984,5.003419951959985e-05,-0.0021500000003156217
2025-09-11T13:07:53Z,18666.0,18666.2,4192,1529.52637,1529.52634,0.05965999999989435,5.000905249341165e-05,-0.0005499999997553573
2025-09-11T13:07:53Z,18666.0,18666.3,4193,1529.52634,1529.52626,0.059580000000096334,4.994199375741804e-05,-0.0017499999989513682
2025-09-11T13:07:53Z,18666.0,18666.4,4194,1529.52593,1529.52599,0.0593100000000959,4.97156705228678e-05,-0.001650000000337437
2025-09-11T13:07:53Z,18666.0,18666.5,4195,1529.52599,1529.52593,0.05925000000002001,4.9665376470682e-05,-0.0018500000010404638
2025-09-11T13:07:53Z,18666.0,18666.6,4196,1529.52562,1529.52562,0.05893999999989319,4.9405523867944364e-05,-0.0019499999996589468
2025-09-11T13:07:53Z,18666.0,18666.7,4197,1529.52554,1529.52554,0.05886000000009517,4.933846513195075e-05,-0.0005499999997371496
2025-09-11T13:07:53Z,18666.0,18666.8,4198,1529.52551,1529.52551,0.05882999999994354,4.931331810576255e-05,-0.00015000000076309528
2025-09-11T13:07:53Z,18666.0,18666.9,4199,1529.52551,1529.52551,0.05882999999994354,4.931331810576255e-05,-0.0011999999992832744
2025-09-11T13:07:53Z,18667.0,18667.0,4200,1529.52527,1529.52527,0.05859000000009473,4.9112141897400514e-05,-0.001700000000280144
2025-09-11T13:07:54Z,18667.0,18667.1,4201,1529.52517,1529.52517,0.05848999999989246,4.902831847702731e-05,-0.0015500000006084536
2025-09-11T13:07:54Z,18667.0,18667.2,4202,1529.52477,1529.52496,0.05827999999996791,4.8852289294662884e-05,-0.0010499999995807197
2025-09-11T13:07:54Z,18667.0,18667.3,4203,1529.52496,1529.52496,0.05827999999996791,4.8852289294662884e-05,-0.0009499999998371922
2025-09-11T13:07:54Z,18667.0,18667.4,4204,1529.52496,1529.52477,0.05808999999999287,4.869302479629686e-05,-0.0010499999995880471
2025-09-11T13:07:54Z,18667.0,18667.5,4205,1529.52453,1529.52475,0.058070000000043365,4.867626011229845e-05,-0.0012000000003983824
2025-09-11T13:07:54Z,18667.0,18667.6,4206,1529.52475,1529.52453,0.05784999999991669,4.849184858774423e-05,-0.0013999999998999257
2025-09-11T13:07:54Z,18667.0,18667.7,4207,1529.52447,1529.52447,0.057790000000068176,4.844155453574902e-05,-0.0002999999992305824
2025-09-11T13:07:54Z,18667.0,18667.8,4208,1529.52427,1529.52447,0.057790000000068176,4.844155453574902e-05,0.0
2025-09-11T13:07:54Z,18667.0,18667.9,4209,1529.52431,1529.52447,0.057790000000068176,4.844155453574902e-05,0.2945500000094887
2025-09-11T13:07:54Z,18668.0,18668.0,4210,1529.58338,1529.58338,0.11670000000003711,9.782193137769578e-05,0.5596178947447947
2025-09-11T13:07:55Z,18668.0,18668.11111111111,4211,1529.64192,1529.64192,0.1752400000000307,0.0001468921615649097,0.6204149999959019
2025-09-11T13:07:55Z,18668.0,18668.222222222223,4212,1529.72125,1529.72125,0.2545700000000579,0.00021338928081249153,0.7484399999999543
2025-09-11T13:07:55Z,18668.0,18668.333333333332,4213,1529.80824,1529.80824,0.34156000000007225,0.0002863072740476625,0.7736849999987816
2025-09-11T13:07:55Z,18668.0,18668.444444444445,4214,1529.89318,1529.89318,0.42650000000003274,0.0003575068871686134,0.8032049999998558
2025-09-11T13:07:55Z,18668.0,18668.555555555555,4215,1529.98673,1529.98673,0.520050000000083,0.0004359236967691742,0.7238700000023557
2025-09-11T13:07:55Z,18668.0,18668.666666666668,4216,1530.09083,1530.05404,0.5873599999999897,0.0004923452409081757,0.3028949999891122
2025-09-11T13:07:55Z,18668.0,18668.777777777777,4217,1530.06441,1530.05404,0.5873599999999897,0.0004923452409081757,0.0
2025-09-11T13:07:55Z,18668.0,18668.88888888889,4218,1530.05404,1530.05404,0.5873599999999897,0.0004923452409081757,-0.0520200000012383
2025-09-11T13:07:55Z,18669.0,18669.0,4219,1530.04248,1530.04248,0.575800000000072,0.0004826552535327024,-0.07672705882427966
2025-09-11T13:07:56Z,18669.0,18669.125,4220,1530.03673,1530.03673,0.5700500000000375,0.00047783540687096327,-0.03855999999996129
2025-09-11T13:07:56Z,18669.0,18669.25,4221,1530.03284,1530.03284,0.5661600000000817,0.0004745746758250782,-0.047919999999976426
2025-09-11T13:07:56Z,18669.0,18669.375,4222,1530.02475,1530.02475,0.5580700000000434,0.0004677933611305704,-0.05392000000028929
2025-09-11T13:07:56Z,18669.0,18669.5,4223,1530.01936,1530.01936,0.5526800000000094,0.00046327527878156497,-0.06292000000030384
2025-09-11T13:07:56Z,18669.0,18669.625,4224,1530.00902,1530.00902,0.5423399999999674,0.00045460793713247193,-0.056480000000192376
2025-09-11T13:07:56Z,18669.0,18669.75,4225,1530.00524,1530.00524,0.5385599999999613,0.00045143941184876867,-0.025319999999737774
2025-09-11T13:07:56Z,18669.0,18669.875,4226,1530.00269,1530.00269,0.536010000000033,0.0004493019146336355,-0.03191999999944528
2025-09-11T13:07:56Z,18670.0,18670.0,4227,1529.99726,1529.99726,0.5305800000001,0.0004447503029166333,-0.04028000000016618
2025-09-11T13:07:57Z,18670.0,18670.125,4228,1529.99262,1529.99262,0.5259399999999914,0.0004408608962190927,-0.0346800000006624
2025-09-11T13:07:57Z,18670.0,18670.25,4229,1529.98859,1529.98859,0.5219099999999344,0.0004374828123848376,-0.02607999999963795
2025-09-11T13:07:57Z,18670.0,18670.375,4230,1529.9861,1529.9861,0.5194200000000819,0.0004353956092218903,-0.01611999999931868
2025-09-11T13:07:57Z,18670.0,18670.5,4231,1529.98456,1529.98456,0.5178800000001047,0.00043410472855077314,-0.019560000000637956
2025-09-11T13:07:57Z,18670.0,18670.625,4232,1529.98121,1529.98121,0.5145299999999224,0.0004312966439737979,-0.021560000000135915
2025-09-11T13:07:57Z,18670.0,18670.75,4233,1529.97917,1529.97917,0.5124900000000707,0.0004295866462017677,-0.016279999999824213
2025-09-11T13:07:57Z,18670.0,18670.875,4234,1529.97714,1529.97714,0.5104599999999664,0.00042788503077154604,-0.0342000000000553
2025-09-11T13:07:58Z,18671.0,18671.0,4235,1529.97062,1529.97062,0.5039400000000569,0.00042241974377434365,-0.782799999999952
2025-09-11T13:07:58Z,18671.0,18671.125,4236,1529.78144,1529.78144,0.3147599999999784,0.00026384259743300446,-1.2002800000000207
2025-09-11T13:07:58Z,18671.0,18671.25,4237,1529.67055,1529.67055,0.20387000000005173,0.00017089080676923357,-0.660200000000259
2025-09-11T13:07:58Z,18671.0,18671.375,4238,1529.61639,1529.61639,0.14970999999991363,0.0001254920423868186,-0.36812000000008993
2025-09-11T13:07:58Z,18671.0,18671.5,4239,1529.57852,1529.57852,0.11184000000002925,9.374811315579159e-05,-0.274120000000039
2025-09-11T13:07:58Z,18671.0,18671.625,4240,1529.54786,1529.54786,0.08117999999990388,6.804785252124607e-05,-0.16907999999966705
2025-09-11T13:07:58Z,18671.0,18671.75,4241,1529.53625,1529.53625,0.06957000000011249,5.831595343577665e-05,-0.050359999999272986
2025-09-11T13:07:58Z,18671.0,18671.875,4242,1529.53527,1529.53527,0.06859000000008564,5.749448391775833e-05,-0.008840000000418513
2025-09-11T13:07:58Z,18672.0,18672.0,4243,1529.53404,1529.53404,0.06736000000000786,5.646345584918819e-05,-0.008442352941641695
2025-09-11T13:07:59Z,18672.0,18672.11111111111,4244,1529.53324,1529.53324,0.0665599999999813,5.5792868487536686e-05,-0.007920000000429583
2025-09-11T13:07:59Z,18672.0,18672.222222222223,4245,1529.53228,1529.53228,0.06559999999990396,5.498816365351677e-05,-0.005309999999776216
2025-09-11T13:07:59Z,18672.0,18672.333333333332,4246,1529.53206,1529.53206,0.06538000000000466,5.4803752129153145e-05,-0.0036449999999447757
2025-09-11T13:07:59Z,18672.0,18672.444444444445,4247,1529.53147,1529.53147,0.06478999999990265,5.4309193949866073e-05,-0.006480000000036956
2025-09-11T13:07:59Z,18672.0,18672.555555555555,4248,1529.53062,1529.53062,0.06394000000000233,5.359669487821857e-05,-0.006569999999806619
2025-09-11T13:07:59Z,18672.0,18672.666666666668,4249,1529.53001,1529.53001,0.06332999999995081,5.30853720149331e-05,-0.005039999999529532
2025-09-11T13:07:59Z,18672.0,18672.777777777777,4250,1529.5295,1529.5295,0.06282000000010157,5.265787257202083e-05,-0.0040500000000168734
2025-09-11T13:07:59Z,18672.0,18672.88888888889,4251,1529.52911,1529.52911,0.06242999999994936,5.2330961233098985e-05,-0.004725000000379842
2025-09-11T13:07:59Z,18673.0,18673.0,4252,1529.52845,1529.52845,0.06177000000002408,5.1777726659817505e-05,-0.0029699999997069293
2025-09-11T13:08:00Z,18673.0,18673.11111111111,4253,1529.5283,1529.52845,0.06177000000002408,5.1777726659817505e-05,0.0
2025-09-11T13:08:00Z,18673.0,18673.222222222223,4254,1529.52821,1529.52845,0.06177000000002408,5.1777726659817505e-05,-0.0006750000003630241
2025-09-11T13:08:00Z,18673.0,18673.333333333332,4255,1529.53048,1529.5283,0.06161999999994805,5.165199152944829e-05,-0.0010800000003496346
2025-09-11T13:08:00Z,18673.0,18673.444444444445,4256,1529.5312,1529.52821,0.061529999999947904,5.157655045126488e-05,0.0037349999999207184
2025-09-11T13:08:00Z,18673.0,18673.555555555555,4257,1529.52799,1529.52913,0.062449999999898864,5.2347725917097394e-05,0.004139999999907384
2025-09-11T13:08:00Z,18673.0,18673.666666666668,4258,1529.52798,1529.52913,0.062449999999898864,5.2347725917097394e-05,-0.0051299999994848244
2025-09-11T13:08:00Z,18673.0,18673.777777777777,4259,1529.52913,1529.52799,0.0613100000000486,5.139213892690125e-05,-0.005174999999369656
2025-09-11T13:08:00Z,18673.0,18673.88888888889,4260,1529.52989,1529.52798,0.06130000000007385,5.138375658490205e-05,-0.0070200000009076335
2025-09-11T13:08:00Z,18674.0,18674.0,4261,1529.52643,1529.52643,0.0597499999998945,5.0084493571595064e-05,-0.008401764706888804
2025-09-11T13:08:01Z,18674.0,18674.125,4262,1529.52616,1529.52616,0.05947999999989406,4.985817033704483e-05,-0.0024399999992965604
2025-09-11T13:08:01Z,18674.0,18674.25,4263,1529.52578,1529.52582,0.05914000000007036,4.9573170708500187e-05,-0.0015199999998003477
2025-09-11T13:08:01Z,18674.0,18674.375,4264,1529.52582,1529.52578,0.059099999999943975,4.953964134031278e-05,-0.0033600000006117625
2025-09-11T13:08:01Z,18674.0,18674.5,4265,1529.52498,1529.52498,0.05829999999991742,4.8869053978661285e-05,-0.00367999999980384
2025-09-11T13:08:01Z,18674.0,18674.625,4266,1529.52486,1529.52486,0.058179999999993015,4.876846587448027e-05,-0.0007200000000011642
2025-09-11T13:08:01Z,18674.0,18674.75,4267,1529.5248,1529.5248,0.05811999999991713,4.871817182229447e-05,-0.0016400000004068715
2025-09-11T13:08:01Z,18674.0,18674.875,4268,1529.52445,1529.52445,0.0577699999998913,4.842478985156002e-05,-0.0017600000001039007
2025-09-11T13:08:02Z,18675.0,18675.0,4269,1529.52436,1529.52436,0.05767999999989115,4.8349348773376615e-05,-0.0005799999995044214
2025-09-11T13:08:02Z,18675.0,18675.14285714286,4270,1529.52428,1529.5243,0.05762000000004264,4.82990547213814e-05,-0.00027999999929001484
2025-09-11T13:08:02Z,18675.0,18675.285714285714,4271,1529.5243,1529.52428,0.05760000000009313,4.8282290037382996e-05,-0.001924999999872723
2025-09-11T13:08:02Z,18675.0,18675.428571428572,4272,1529.52371,1529.52375,0.05707000000006701,4.783802591028173e-05,-0.001995000000493713
2025-09-11T13:08:02Z,18675.0,18675.571428571428,4273,1529.52375,1529.52371,0.05702999999994063,4.780449654209433e-05,-0.0005250000002608168
2025-09-11T13:08:02Z,18675.0,18675.714285714286,4274,1529.5236,1529.5236,0.05691999999999098,4.771229077991252e-05,-0.0012600000000168032
2025-09-11T13:08:02Z,18675.0,18675.85714285714,4275,1529.52335,1529.52335,0.056669999999940046,4.750273222936069e-05,-0.0015750000000098463
2025-09-11T13:08:02Z,18676.0,18676.0,4276,1529.52315,1529.52315,0.05646999999999025,4.733508538899546e-05,-0.001776874999223077
2025-09-11T13:08:03Z,18676.0,18676.11111111111,4277,1529.52292,1529.52292,0.0562400000001162,4.714229152263263e-05,-0.001890000000346559
2025-09-11T13:08:03Z,18676.0,18676.222222222223,4278,1529.52247,1529.52273,0.05604999999991378,4.698302702407601e-05,-0.0012149999999835348
2025-09-11T13:08:03Z,18676.0,18676.333333333332,4279,1529.52273,1529.52265,0.05597000000011576,4.69159682880824e-05,-0.0007649999990888556
2025-09-11T13:08:03Z,18676.0,18676.444444444445,4280,1529.52256,1529.52256,0.055880000000115615,4.6840527209898986e-05,-0.000404999999986666
2025-09-11T13:08:03Z,18676.0,18676.555555555555,4281,1529.52265,1529.52256,0.055880000000115615,4.6840527209898986e-05,-0.0019800000000484708
2025-09-11T13:08:03Z,18676.0,18676.666666666668,4282,1529.52212,1529.52212,0.05544000000008964,4.6471704160981134e-05,-0.0027000000002992686
2025-09-11T13:08:03Z,18676.0,18676.777777777777,4283,1529.52196,1529.52196,0.055280000000038854,4.633758668861272e-05,-0.0011250000002374916
2025-09-11T13:08:03Z,18676.0,18676.88888888889,4284,1529.52187,1529.52187,0.05519000000003871,4.6262145610429305e-05,-0.0008549999998876123
2025-09-11T13:08:03Z,18677.0,18677.0,4285,1529.52177,1529.52177,0.05509000000006381,4.6178322190246695e-05,-0.001380000000170467
2025-09-11T13:08:04Z,18677.0,18677.125,4286,1529.52153,1529.52153,0.05484999999998763,4.597714598169406e-05,-0.0010800000000017462
2025-09-11T13:08:04Z,18677.0,18677.25,4287,1529.5215,1529.5215,0.054820000000063374,4.595199895569646e-05,-0.0015599999996993574
2025-09-11T13:08:04Z,18677.0,18677.375,4288,1529.521,1529.52114,0.05446000000006279,4.5650234642962814e-05,-0.001479999999901338
2025-09-11T13:08:04Z,18677.0,18677.5,4289,1529.52114,1529.52113,0.05445000000008804,4.5641852300963616e-05,-0.0005600000004051253
2025-09-11T13:08:04Z,18677.0,18677.625,4290,1529.52113,1529.521,0.05431999999996151,4.5532881854592805e-05,0.0
2025-09-11T13:08:04Z,18677.0,18677.75,4291,1529.52091,1529.52113,0.05445000000008804,4.5641852300963616e-05,0.0005200000005061156
2025-09-11T13:08:04Z,18677.0,18677.875,4292,1529.52099,1529.52113,0.05445000000008804,4.5641852300963616e-05,0.21723999999994703
2025-09-11T13:08:04Z,18678.0,18678.0,4293,1529.57544,1529.57544,0.1087600000000748,9.116635181355721e-05,0.6225466666736568
2025-09-11T13:08:05Z,18678.0,18678.1,4294,1529.65274,1529.65274,0.18605999999999767,0.00015596185563091742,0.8508999999932989
2025-09-11T13:08:05Z,18678.0,18678.2,4295,1529.74562,1529.74562,0.2789399999999205,0.0002338170483160069,0.881599999995238
2025-09-11T13:08:05Z,18678.0,18678.3,4296,1529.82906,1529.82906,0.3623800000000301,0.000303759310134028,0.893599999995156
2025-09-11T13:08:05Z,18678.0,18678.4,4297,1529.92434,1529.92434,0.4576600000000326,0.000383626264904072,1.004349999997698
2025-09-11T13:08:05Z,18678.0,18678.5,4298,1530.02993,1530.02993,0.5632499999999254,0.00047213541429702084,0.7360500000100063
2025-09-11T13:08:05Z,18678.0,18678.6,4299,1530.10033,1530.07155,0.6048699999998917,0.0005070227217857535,0.2081000000066453
2025-09-11T13:08:05Z,18678.0,18678.7,4300,1530.08081,1530.07155,0.6048699999998917,0.0005070227217857535,-4.440892098500626e-16
2025-09-11T13:08:05Z,18678.0,18678.8,4301,1530.07155,1530.07155,0.6048699999998917,0.0005070227217857535,-0.02749999999881725
2025-09-11T13:08:05Z,18678.0,18678.9,4302,1530.06605,1530.06605,0.599369999999908,0.0005024124336745662,-0.06514999999935345
2025-09-11T13:08:06Z,18679.0,18679.0,4303,1530.05852,1530.05852,0.5918400000000474,0.0004961005301333479,-0.05514947368484302
2025-09-11T13:08:06Z,18679.0,18679.11111111111,4304,1530.05488,1530.05488,0.5881999999999152,0.000493049357637824,-0.029925000000200708
2025-09-11T13:08:06Z,18679.0,18679.222222222223,4305,1530.05187,1530.05187,0.5851900000000114,0.0004905262726897748,-0.031094999999329076
2025-09-11T13:08:06Z,18679.0,18679.333333333332,4306,1530.04797,1530.04797,0.5812900000000809,0.0004872571593018904,-0.02839500000010009
2025-09-11T13:08:06Z,18679.0,18679.444444444445,4307,1530.04556,1530.04556,0.5788800000000265,0.00048523701487493675,-0.021645000000562575
2025-09-11T13:08:06Z,18679.0,18679.555555555555,4308,1530.04316,1530.04316,0.5764799999999468,0.00048322525278998225,-0.021104999999898677
2025-09-11T13:08:06Z,18679.0,18679.666666666668,4309,1530.04087,1530.04087,0.5741900000000442,0.00048130569646740015,-0.018224999999918
2025-09-11T13:08:06Z,18679.0,18679.777777777777,4310,1530.03911,1530.03911,0.5724299999999403,0.00047983040427172877,-0.016289999999754556
2025-09-11T13:08:06Z,18679.0,18679.88888888889,4311,1530.03725,1530.03725,0.5705700000000888,0.0004782712886560653,-0.015884999999741467
2025-09-11T13:08:06Z,18680.0,18680.0,4312,1530.03558,1530.03558,0.5688999999999851,0.00047687143753857733,-0.014856315789745889
2025-09-11T13:08:07Z,18680.0,18680.1,4313,1530.03411,1530.03411,0.5674300000000585,0.00047563923326164517,-0.015200000000203495
2025-09-11T13:08:07Z,18680.0,18680.2,4314,1530.03254,1530.03254,0.5658599999999296,0.00047432320556433977,-0.012800000000500411
2025-09-11T13:08:07Z,18680.0,18680.3,4315,1530.03155,1530.03155,0.564869999999928,0.00047349335370432225,-0.012349999999380579
2025-09-11T13:08:07Z,18680.0,18680.4,4316,1530.03007,1530.03007,0.5633900000000267,0.00047225276708539086,-0.013149999999660711
2025-09-11T13:08:07Z,18680.0,18680.5,4317,1530.02892,1530.02892,0.5622399999999743,0.0004712887977530049,-0.011550000000565941
2025-09-11T13:08:07Z,18680.0,18680.6,4318,1530.02776,1530.02776,0.5610799999999472,0.00047031644607861976,-0.011449999999476823
2025-09-11T13:08:07Z,18680.0,18680.7,4319,1530.02663,1530.02663,0.5599500000000717,0.0004693692414304228,-0.010899999999710808
2025-09-11T13:08:07Z,18680.0,18680.8,4320,1530.02558,1530.02558,0.5588999999999942,0.0004684890955182195,-0.009800000000258269
2025-09-11T13:08:07Z,18680.0,18680.9,4321,1530.02467,1530.02467,0.557990000000018,0.0004677263023943862,-0.009999999999759535
2025-09-11T13:08:07Z,18681.0,18681.0,4322,1530.02358,1530.02358,0.5569000000000415,0.0004668126271141861,-0.009999999999909193
2025-09-11T13:08:08Z,18681.0,18681.1,4323,1530.02267,1530.02267,0.5559900000000653,0.00046604983399035275,-1.3474499999470722
2025-09-11T13:08:08Z,18681.0,18681.2,4324,1529.75409,1529.75409,0.2874099999999089,0.00024091689200724672,-1.8083499999615182
2025-09-11T13:08:08Z,18681.0,18681.3,4325,1529.661,1529.661,0.19432000000006155,0.00016288567013979282,-0.6665000000070086
2025-09-11T13:08:08Z,18681.0,18681.4,4326,1529.62079,1529.62079,0.154109999999946,0.00012918027287580654,-0.4008999999992725
2025-09-11T13:08:08Z,18681.0,18681.5,4327,1529.58082,1529.58082,0.11413999999990665,9.567605182037287e-05,-0.31740000000475305
2025-09-11T13:08:08Z,18681.0,18681.6,4328,1529.55731,1529.55731,0.09062999999991916,7.596916573050422e-05,-0.20969999999936334
2025-09-11T13:08:08Z,18681.0,18681.7,4329,1529.53888,1529.53888,0.07220000000006621,6.052050938709397e-05,-0.1129999999970514
2025-09-11T13:08:08Z,18681.0,18681.8,4330,1529.53471,1529.53471,0.06802999999990789,5.702507276446887e-05,-0.02920000000052203
2025-09-11T13:08:08Z,18681.0,18681.9,4331,1529.53304,1529.53304,0.0663600000000315,5.5625221647171466e-05,-0.012299999999436095
2025-09-11T13:08:08Z,18682.0,18682.0,4332,1529.53225,1529.53225,0.0655699999999797,5.496301662751917e-05,-0.009850000000285575
2025-09-11T13:08:09Z,18682.0,18682.1,4333,1529.53107,1529.53107,0.06439000000000306,5.397390026913563e-05,-0.009199999999570774
2025-09-11T13:08:09Z,18682.0,18682.2,4334,1529.53041,1529.53041,0.06373000000007778,5.342066569585414e-05,-0.005149999999431609
2025-09-11T13:08:09Z,18682.0,18682.3,4335,1529.53004,1529.53004,0.06336000000010245,5.31105190411213e-05,-0.00525000000031195
2025-09-11T13:08:09Z,18682.0,18682.4,4336,1529.52936,1529.52936,0.06268000000000029,5.2540519783650815e-05,-0.006350000000981348
2025-09-11T13:08:09Z,18682.0,18682.5,4337,1529.52877,1529.52877,0.06208999999989828,5.204596160436375e-05,-0.003950000000316534
2025-09-11T13:08:09Z,18682.0,18682.6,4338,1529.52857,1529.52857,0.061889999999948486,5.1878314763998524e-05,-0.0051999999992415336
2025-09-11T13:08:09Z,18682.0,18682.7,4339,1529.52773,1529.52773,0.06105000000002292,5.117419803435022e-05,-0.00474999999922604
2025-09-11T13:08:09Z,18682.0,18682.8,4340,1529.52762,1529.52762,0.06094000000007327,5.1081992272168404e-05,-0.003000000000303815
2025-09-11T13:08:09Z,18682.0,18682.9,4341,1529.52713,1529.52713,0.06044999999994616,5.067125751306395e-05,-0.004800000000365623
2025-09-11T13:08:09Z,18683.0,18683.0,4342,1529.52666,1529.52666,0.059979999999995925,5.027728743814849e-05,-0.004708888889013024
2025-09-11T13:08:10Z,18683.0,18683.125,4343,1529.52607,1529.52607,0.05938999999989392,4.978272925886142e-05,-0.0031600000002072193
2025-09-11T13:08:10Z,18683.0,18683.25,4344,1529.52587,1529.52587,0.05918999999994412,4.9615082418496194e-05,-0.004239999999299471
2025-09-11T13:08:10Z,18683.0,18683.375,4345,1529.52501,1529.52501,0.05833000000006905,4.889420100484949e-05,-0.0045199999995020335
2025-09-11T13:08:10Z,18683.0,18683.5,4346,1529.52474,1529.52474,0.05806000000006861,4.8667877770299256e-05,-0.0023600000004080357
2025-09-11T13:08:10Z,18683.0,18683.625,4347,1529.52442,1529.52442,0.05773999999996704,4.8399642825562415e-05,-0.00304000000051019
2025-09-11T13:08:10Z,18683.0,18683.75,4348,1529.52398,1529.52398,0.057299999999941065,4.803081977664456e-05,-0.0024000000003070454
2025-09-11T13:08:10Z,18683.0,18683.875,4349,1529.52382,1529.52382,0.05713999999989028,4.7896702304276146e-05,-0.0017600000001039007
2025-09-11T13:08:11Z,18684.0,18684.0,4350,1529.52354,1529.52354,0.05685999999991509,4.766199672772671e-05,-0.0025599999999030842
2025-09-11T13:08:11Z,18684.0,18684.125,4351,1529.52318,1529.52318,0.05649999999991451,4.736023241499307e-05,-0.002759999999398133
2025-09-11T13:08:11Z,18684.0,18684.25,4352,1529.52285,1529.52285,0.056170000000065556,4.7083615128447626e-05,-0.002119999999194988
2025-09-11T13:08:11Z,18684.0,18684.375,4353,1529.52265,1529.52265,0.05597000000011576,4.69159682880824e-05,-0.0024000000003070454
2025-09-11T13:08:11Z,18684.0,18684.5,4354,1529.52225,1529.52225,0.055569999999988795,4.658067460716135e-05,-0.0017600000001039007
2025-09-11T13:08:11Z,18684.0,18684.625,4355,1529.522,1529.52221,0.055530000000089785,4.654714523916455e-05,-0.0005199999995966209
2025-09-11T13:08:11Z,18684.0,18684.75,4356,1529.52212,1529.52212,0.05544000000008964,4.6471704160981134e-05,-0.000840000000607688
2025-09-11T13:08:11Z,18684.0,18684.875,4357,1529.52221,1529.522,0.05531999999993786,4.637111605660953e-05,-0.002320000000509026
2025-09-11T13:08:11Z,18685.0,18685.0,4358,1529.52154,1529.52154,0.05485999999996238,4.598552832369327e-05,-0.003018235294041549
2025-09-11T13:08:12Z,18685.0,18685.11111111111,4359,1529.52127,1529.52127,0.05458999999996195,4.5759205089143036e-05,-0.0015750000001413522
2025-09-11T13:08:12Z,18685.0,18685.222222222223,4360,1529.52119,1529.52119,0.054509999999936554,4.569214635295883e-05,-0.0010799999993294507
2025-09-11T13:08:12Z,18685.0,18685.333333333332,4361,1529.52103,1529.52103,0.05435000000011314,4.5558028880781e-05,-0.0013049999997767625
2025-09-11T13:08:12Z,18685.0,18685.444444444445,4362,1529.52074,1529.5209,0.05421999999998661,4.544905843441019e-05,-0.0013050000007999718
2025-09-11T13:08:12Z,18685.0,18685.555555555555,4363,1529.5209,1529.52074,0.054059999999935826,4.531494096204177e-05,-0.0014399999994312573
2025-09-11T13:08:12Z,18685.0,18685.666666666668,4364,1529.52044,1529.52058,0.053900000000112414,4.5180823489863943e-05,-0.00134999999965571
2025-09-11T13:08:12Z,18685.0,18685.777777777777,4365,1529.52058,1529.52044,0.05376000000001113,4.5063470701493935e-05,-0.001530000000218218
2025-09-11T13:08:12Z,18685.0,18685.88888888889,4366,1529.52024,1529.52024,0.053560000000061336,4.489582386112871e-05,-0.0015300000002182457
2025-09-11T13:08:12Z,18686.0,18686.0,4367,1529.5201,1529.5201,0.053419999999960055,4.477847107275869e-05,-0.0010705263162376077
2025-09-11T13:08:13Z,18686.0,18686.1,4368,1529.52001,1529.52001,0.05332999999995991,4.470302999457528e-05,-0.000749999999246076
2025-09-11T13:08:13Z,18686.0,18686.2,4369,1529.51995,1529.51995,0.053270000000111395,4.465273594258007e-05,-0.0014999999996507252
2025-09-11T13:08:13Z,18686.0,18686.3,4370,1529.51971,1529.51971,0.053030000000035216,4.4451559734027443e-05,-0.0014500000009158853
2025-09-11T13:08:13Z,18686.0,18686.4,4371,1529.51965,1529.51966,0.05297999999993408,4.440964802384084e-05,-0.00025000000049568705
2025-09-11T13:08:13Z,18686.0,18686.5,4372,1529.51966,1529.51966,0.05297999999993408,4.440964802384084e-05,-4.999999987448378e-05
2025-09-11T13:08:13Z,18686.0,18686.6,4373,1529.51966,1529.51965,0.05296999999995933,4.4401265681841636e-05,-0.001199999999199619
2025-09-11T13:08:13Z,18686.0,18686.7,4374,1529.51932,1529.51942,0.052740000000085274,4.4208471815478804e-05,-0.0011499999993242471
2025-09-11T13:08:13Z,18686.0,18686.8,4375,1529.51942,1529.51942,0.052740000000085274,4.4208471815478804e-05,0.0
2025-09-11T13:08:13Z,18686.0,18686.9,4376,1529.51917,1529.51942,0.052740000000085274,4.4208471815478804e-05,0.34170000001022455
2025-09-11T13:08:13Z,18687.0,18687.0,4377,1529.58776,1529.58776,0.1210799999998926,0.00010149339718249471,0.7033373684311522
2025-09-11T13:08:14Z,18687.0,18687.11111111111,4378,1529.66837,1529.66837,0.20169000000009873,0.0001690634562088333,1.2192299999821097
2025-09-11T13:08:14Z,18687.0,18687.222222222223,4379,1529.8587,1529.8587,0.39202000000000226,0.0003286045718823678,1.2123449999808624
2025-09-11T13:08:14Z,18687.0,18687.333333333332,4380,1529.93778,1529.93778,0.47109999999997854,0.00039489213257939786,0.6947549999989373
2025-09-11T13:08:14Z,18687.0,18687.444444444445,4381,1530.03786,1530.01309,0.5464099999999235,0.0004580195503347238,0.33889499998803974
2025-09-11T13:08:14Z,18687.0,18687.555555555555,4382,1530.02132,1530.01309,0.5464099999999235,0.0004580195503347238,0.0
2025-09-11T13:08:14Z,18687.0,18687.666666666668,4383,1530.01309,1530.01309,0.5464099999999235,0.0004580195503347238,-0.02758500000078401
2025-09-11T13:08:14Z,18687.0,18687.777777777777,4384,1530.00696,1530.00696,0.5402799999999388,0.00045288117467625266,-0.04702500000014309
2025-09-11T13:08:14Z,18687.0,18687.88888888889,4385,1530.00264,1530.00264,0.5359599999999318,0.0004492600029234489,-0.031814999999193905
2025-09-11T13:08:14Z,18688.0,18688.0,4386,1529.99989,1529.99989,0.5332100000000537,0.0004469548588679506,-0.025245000000067463
2025-09-11T13:08:15Z,18688.0,18688.11111111111,4387,1529.99703,1529.99703,0.5303499999999985,0.00044455750905007986,-0.025110000000015287
2025-09-11T13:08:15Z,18688.0,18688.222222222223,4388,1529.99431,1529.99431,0.5276300000000447,0.00044227751202057913,-0.020475000000319543
2025-09-11T13:08:15Z,18688.0,18688.333333333332,4389,1529.99248,1529.99248,0.5257999999998901,0.0004407435434307227,-0.026864999999313355
2025-09-11T13:08:15Z,18688.0,18688.444444444445,4390,1529.98834,1529.98834,0.5216600000001108,0.0004372732538344764,-0.026459999999300265
2025-09-11T13:08:15Z,18688.0,18688.555555555555,4391,1529.9866,1529.9866,0.5199199999999564,0.00043581472632280336,-0.014265000000838413
2025-09-11T13:08:15Z,18688.0,18688.666666666668,4392,1529.98517,1529.98517,0.5184899999999288,0.000434616051413868,-0.00989999999944624
2025-09-11T13:08:15Z,18688.0,18688.777777777777,4393,1529.9844,1529.9844,0.5177200000000539,0.0004339706110784047,-0.010529999999880246
2025-09-11T13:08:15Z,18688.0,18688.88888888889,4394,1529.98283,1529.98283,0.5161499999999251,0.0004326545833810993,-0.011250000000130544
2025-09-11T13:08:15Z,18689.0,18689.0,4395,1529.9819,1529.9819,0.5152199999999993,0.0004318750255732676,-0.009596315789438759
2025-09-11T13:08:16Z,18689.0,18689.1,4396,1529.98083,1529.98083,0.5141499999999724,0.0004309781149770659,-0.010200000000376352
2025-09-11T13:08:16Z,18689.0,18689.2,4397,1529.97986,1529.97986,0.5131799999999203,0.00043016502780104677,-0.01134999999978481
2025-09-11T13:08:16Z,18689.0,18689.3,4398,1529.97856,1529.97856,0.5118800000000192,0.0004290753233384822,-0.011149999999160887
2025-09-11T13:08:16Z,18689.0,18689.4,4399,1529.97763,1529.97763,0.5109500000000935,0.0004282957655306505,-0.008000000000188745
2025-09-11T13:08:16Z,18689.0,18689.5,4400,1529.97696,1529.97696,0.5102799999999661,0.0004277341486151792,-0.007000000000618289
2025-09-11T13:08:16Z,18689.0,18689.6,4401,1529.97623,1529.97623,0.5095499999999902,0.0004271222376477127,-0.008349999999313518
2025-09-11T13:08:16Z,18689.0,18689.7,4402,1529.97529,1529.97529,0.5086100000000897,0.0004263342974978818,-0.006600000000263506
2025-09-11T13:08:16Z,18689.0,18689.8,4403,1529.97491,1529.97491,0.5082299999999123,0.0004260157685009592,-0.006799999999751005
2025-09-11T13:08:16Z,18689.0,18689.9,4404,1529.97393,1529.97393,0.5072500000001128,0.00042519429898313143,-0.008349999999298863
2025-09-11T13:08:16Z,18690.0,18690.0,4405,1529.97324,1529.97324,0.5065600000000359,0.00042461591738366175,-0.17785000000262308
2025-09-11T13:08:17Z,18690.0,18690.1,4406,1529.93836,1529.93836,0.4716800000001058,0.00039537830841668574,-1.3893999999575666
2025-09-11T13:08:17Z,18690.0,18690.2,4407,1529.69536,1529.69536,0.22867999999994026,0.0001916873973216668,-1.581449999964418
2025-09-11T13:08:17Z,18690.0,18690.3,4408,1529.62207,1529.62207,0.15538999999989755,0.0001302532126543727,-0.5536000000040144
2025-09-11T13:08:17Z,18690.0,18690.4,4409,1529.58464,1529.58464,0.11796000000003914,9.887810647226354e-05,-0.30874999999572805
2025-09-11T13:08:17Z,18690.0,18690.5,4410,1529.56032,1529.56032,0.09364000000005035,7.849225067874418e-05,-0.2136500000037071
2025-09-11T13:08:17Z,18690.0,18690.6,4411,1529.54191,1529.54191,0.07522999999991953,6.306035901914175e-05,-0.14550000000073127
2025-09-11T13:08:17Z,18690.0,18690.7,4412,1529.53122,1529.53122,0.06454000000007909,5.409963539950484e-05,-0.05999999999779354
2025-09-11T13:08:17Z,18690.0,18690.8,4413,1529.52991,1529.52991,0.06322999999997592,5.300154859475048e-05,-0.01035000000007913
2025-09-11T13:08:17Z,18690.0,18690.9,4414,1529.52915,1529.52915,0.06247000000007574,5.236449060128639e-05,-0.0081499999998772
2025-09-11T13:08:17Z,18691.0,18691.0,4415,1529.52828,1529.52828,0.061599999999998545,5.1635226845449884e-05,-0.008600000000012764
2025-09-11T13:08:18Z,18691.0,18691.1,4416,1529.52743,1529.52743,0.060750000000098225,5.092272777380238e-05,-0.005999999999699912
2025-09-11T13:08:18Z,18691.0,18691.2,4417,1529.52708,1529.52708,0.060400000000072396,5.0629345803067936e-05,-0.005150000000681221
2025-09-11T13:08:18Z,18691.0,18691.3,4418,1529.5264,1529.5264,0.05971999999997024,5.005934654559746e-05,-0.0057500000002791984
2025-09-11T13:08:18Z,18691.0,18691.4,4419,1529.52593,1529.52593,0.05925000000002001,4.9665376470682e-05,-0.005649999999391531
2025-09-11T13:08:18Z,18691.0,18691.5,4420,1529.52527,1529.52527,0.05859000000009473,4.9112141897400514e-05,-0.00445000000019824
2025-09-11T13:08:18Z,18691.0,18691.6,4421,1529.52504,1529.52504,0.058359999999993306,4.891934803084709e-05,-0.004400000000167381
2025-09-11T13:08:18Z,18691.0,18691.7,4422,1529.52439,1529.52439,0.05771000000004278,4.837449579956481e-05,-0.005049999999684418
2025-09-11T13:08:18Z,18691.0,18691.8,4423,1529.52403,1529.52403,0.0573500000000422,4.8072731486831166e-05,-0.00359999999999272
2025-09-11T13:08:18Z,18691.0,18691.9,4424,1529.52367,1529.52367,0.05699000000004162,4.777096717409752e-05,-0.00234999999969715
2025-09-11T13:08:18Z,18692.0,18692.0,4425,1529.52356,1529.52356,0.05688000000009197,4.767876141191571e-05,-0.0035500000001837395
2025-09-11T13:08:19Z,18692.0,18692.1,4426,1529.52296,1529.52296,0.05628000000001521,4.717582089062944e-05,-0.004700000000669391
2025-09-11T13:08:19Z,18692.0,18692.2,4427,1529.52262,1529.52262,0.05593999999996413,4.68908212618942e-05,-0.0028499999995952874
2025-09-11T13:08:19Z,18692.0,18692.3,4428,1529.52239,1529.52239,0.055710000000090076,4.6698027395531365e-05,-0.0012500000002882983
2025-09-11T13:08:19Z,18692.0,18692.4,4429,1529.52237,1529.52237,0.0556899999999132,4.668126271134237e-05,-0.0021000000004438024
2025-09-11T13:08:19Z,18692.0,18692.5,4430,1529.52197,1529.52197,0.055290000000013606,4.634596903061192e-05,-0.003549999999046871
2025-09-11T13:08:19Z,18692.0,18692.6,4431,1529.52166,1529.52166,0.05498000000011416,4.6086116428064874e-05,-0.0027499999998808478
2025-09-11T13:08:19Z,18692.0,18692.7,4432,1529.52142,1529.52142,0.05474000000003798,4.588494021951225e-05,-0.002900000000643943
2025-09-11T13:08:19Z,18692.0,18692.8,4433,1529.52108,1529.52108,0.0543999999999869,4.559994059077701e-05,-0.002650000000148256
2025-09-11T13:08:19Z,18692.0,18692.9,4434,1529.52089,1529.52089,0.05421000000001186,4.5440676092410984e-05,-0.0022000000001327624
2025-09-11T13:08:19Z,18693.0,18693.0,4435,1529.52064,1529.52064,0.05395999999996093,4.523111754185916e-05,-0.0031500000000509454
2025-09-11T13:08:20Z,18693.0,18693.1,4436,1529.52026,1529.52026,0.05358000000001084,4.491258854512711e-05,-0.002250000000051877
2025-09-11T13:08:20Z,18693.0,18693.2,4437,1529.52017,1529.52019,0.0535099999999602,4.4853912150942105e-05,-0.00044999999999001394
2025-09-11T13:08:20Z,18693.0,18693.3,4438,1529.52019,1529.52017,0.053490000000010696,4.48371474669437e-05,-0.00194999999955342
2025-09-11T13:08:20Z,18693.0,18693.4,4439,1529.5198,1529.5198,0.05312000000003536,4.4527000812210856e-05,-0.0028499999995843517
2025-09-11T13:08:20Z,18693.0,18693.5,4440,1529.5196,1529.5196,0.052920000000085565,4.435935397184563e-05,-0.0016500000004056048
2025-09-11T13:08:20Z,18693.0,18693.6,4441,1529.51947,1529.51947,0.052789999999959036,4.425038352547482e-05,-0.0023500000008412347
2025-09-11T13:08:20Z,18693.0,18693.7,4442,1529.51913,1529.51913,0.05244999999990796,4.3965383896739576e-05,-0.0024999999993306488
2025-09-11T13:08:20Z,18693.0,18693.8,4443,1529.51897,1529.51897,0.05229000000008455,4.383126642456175e-05,-0.001099999999510659
2025-09-11T13:08:20Z,18693.0,18693.9,4444,1529.51891,1529.51891,0.05223000000000866,4.378097237237595e-05,-0.0010000000008967835
2025-09-11T13:08:20Z,18694.0,18694.0,4445,1529.51877,1529.51877,0.05208999999990738,4.366361958400593e-05,-0.001717368421073756
2025-09-11T13:08:21Z,18694.0,18694.11111111111,4446,1529.51842,1529.51854,0.051860000000033324,4.34708257176431e-05,-0.0015749999991063746
2025-09-11T13:08:21Z,18694.0,18694.222222222223,4447,1529.51854,1529.51842,0.05174000000010892,4.337023761346208e-05,-0.000899999999766532
2025-09-11T13:08:21Z,18694.0,18694.333333333332,4448,1529.51834,1529.51834,0.05166000000008353,4.3303178877277874e-05,-0.0004050000000102305
2025-09-11T13:08:21Z,18694.0,18694.444444444445,4449,1529.51833,1529.51833,0.051650000000108776,4.329479653527867e-05,-0.0006750000003600543
2025-09-11T13:08:21Z,18694.0,18694.555555555555,4450,1529.51819,1529.51819,0.051510000000007494,4.317744374690866e-05,-0.0016199999999878811
2025-09-11T13:08:21Z,18694.0,18694.666666666668,4451,1529.51797,1529.51797,0.051290000000108193,4.2993032222545026e-05,-0.0022049999995521763
2025-09-11T13:08:21Z,18694.0,18694.777777777777,4452,1529.5177,1529.5177,0.05102000000010776,4.2766708987994795e-05,-0.0026550000004468555
2025-09-11T13:08:21Z,18694.0,18694.88888888889,4453,1529.51738,1529.51738,0.050700000000006185,4.249847404325796e-05,-0.0014400000004072822
2025-09-11T13:08:21Z,18695.0,18695.0,4454,1529.51738,1529.51738,0.050700000000006185,4.249847404325796e-05,-0.0006842105257949815
2025-09-11T13:08:22Z,18695.0,18695.1,4455,1529.51722,1529.51725,0.05057000000010703,4.238950359707774e-05,-0.000800000000269141
2025-09-11T13:08:22Z,18695.0,18695.2,4456,1529.51725,1529.51722,0.0505399999999554,4.2364356570889544e-05,-0.0009500000010322363
2025-09-11T13:08:22Z,18695.0,18695.3,4457,1529.51706,1529.51706,0.05037999999990461,4.223023909852113e-05,-0.0019499999996044348
2025-09-11T13:08:22Z,18695.0,18695.4,4458,1529.51683,1529.51683,0.05015000000003056,4.2037445232158295e-05,-0.0013499999999627144
2025-09-11T13:08:22Z,18695.0,18695.5,4459,1529.51679,1529.51679,0.050109999999904176,4.200391586397089e-05,-0.000850000000140072
2025-09-11T13:08:22Z,18695.0,18695.6,4460,1529.51664,1529.51666,0.04998000000000502,4.1894945417790674e-05,-0.0007499999992605644
2025-09-11T13:08:22Z,18695.0,18695.7,4461,1529.51666,1529.51664,0.049960000000055516,4.187818073379227e-05,-0.0013500000000390977
2025-09-11T13:08:22Z,18695.0,18695.8,4462,1529.51639,1529.51639,0.049710000000004584,4.166862218324044e-05,-0.0012500000002955702
2025-09-11T13:08:22Z,18695.0,18695.9,4463,1529.51634,1529.51639,0.049710000000004584,4.166862218324044e-05,0.0
2025-09-11T13:08:22Z,18696.0,18696.0,4464,1529.51619,1529.51639,0.049710000000004584,4.166862218324044e-05,0.31815000000514415
2025-09-11T13:08:23Z,18696.0,18696.1,4465,1529.58002,1529.58002,0.11334000000010747,9.500546445891197e-05,0.6234499999987021
2025-09-11T13:08:23Z,18696.0,18696.2,4466,1529.64108,1529.64108,0.17440000000010514,0.0001461880448352614,0.6485499999986803
2025-09-11T13:08:23Z,18696.0,18696.3,4467,1529.70973,1529.70973,0.2430500000000393,0.00020373282280501494,0.7100499999955608
2025-09-11T13:08:23Z,18696.0,18696.4,4468,1529.78309,1529.78309,0.31640999999990527,0.00026522568386630344,0.8806500000024331
2025-09-11T13:08:23Z,18696.0,18696.5,4469,1529.88586,1529.88586,0.4191800000000967,0.00035137101280975955,0.8810500000132351
2025-09-11T13:08:23Z,18696.0,18696.6,4470,1529.98754,1529.9593,0.49261999999998807,0.00041293093260723226,0.36720000001147923
2025-09-11T13:08:23Z,18696.0,18696.7,4471,1529.96575,1529.9593,0.49261999999998807,0.00041293093260723226,0.0
2025-09-11T13:08:23Z,18696.0,18696.8,4472,1529.9593,1529.9593,0.49261999999998807,0.00041293093260723226,-0.021599999999170283
2025-09-11T13:08:23Z,18696.0,18696.9,4473,1529.95498,1529.95498,0.4882999999999811,0.0004093097608544285,-0.03694999999957149
2025-09-11T13:08:23Z,18697.0,18697.0,4474,1529.95191,1529.95191,0.4852300000000014,0.0004067363818541934,-0.028950000000089293
2025-09-11T13:08:24Z,18697.0,18697.1,4475,1529.94919,1529.94919,0.4825100000000475,0.00040445638482469265,-0.02520000000002165
2025-09-11T13:08:24Z,18697.0,18697.2,4476,1529.94687,1529.94687,0.48018999999999323,0.00040251168147592233,-0.0229000000000692
2025-09-11T13:08:24Z,18697.0,18697.3,4477,1529.94461,1529.94461,0.47793000000001484,0.00040061727217933785,-0.018499999999985306
2025-09-11T13:08:24Z,18697.0,18697.4,4478,1529.94317,1529.94317,0.4764900000000125,0.0003994102149284033,-0.016299999999783932
2025-09-11T13:08:24Z,18697.0,18697.5,4479,1529.94135,1529.94135,0.4746700000000601,0.0003978846286807367,-0.01404999999997436
2025-09-11T13:08:24Z,18697.0,18697.6,4480,1529.94036,1529.94036,0.4736800000000585,0.00039705477682071917,-0.012800000000499967
2025-09-11T13:08:24Z,18697.0,18697.7,4481,1529.93879,1529.93879,0.47210999999992964,0.00039573874912341377,-0.0125000000001112
2025-09-11T13:08:24Z,18697.0,18697.8,4482,1529.93786,1529.93786,0.47118000000000393,0.00039495919131558204,-0.008950000000120806
2025-09-11T13:08:24Z,18697.0,18697.9,4483,1529.937,1529.937,0.4703199999999015,0.00039423830990174477,-0.00985000000015157
2025-09-11T13:08:24Z,18698.0,18698.0,4484,1529.93589,1529.93589,0.4692099999999755,0.00039330786993754623,-0.00959999999977601
2025-09-11T13:08:25Z,18698.0,18698.1,4485,1529.93508,1529.93508,0.46839999999997417,0.0003926289002338955,-0.009199999999436326
2025-09-11T13:08:25Z,18698.0,18698.2,4486,1529.93405,1529.93405,0.46737000000007356,0.0003917655190058812,-0.009049999999810154
2025-09-11T13:08:25Z,18698.0,18698.3,4487,1529.93327,1529.93327,0.4665899999999965,0.00039111169632822807,-0.00695000000064816
2025-09-11T13:08:25Z,18698.0,18698.4,4488,1529.93266,1529.93266,0.465979999999945,0.0003906003734649426,-0.008850000000461211
2025-09-11T13:08:25Z,18698.0,18698.5,4489,1529.9315,1529.9315,0.46481999999991785,0.00038962802179055747,-0.008900000000396258
2025-09-11T13:08:25Z,18698.0,18698.6,4490,1529.93088,1529.93088,0.4641999999998916,0.0003891083165852728,-0.005249999999265675
2025-09-11T13:08:25Z,18698.0,18698.7,4491,1529.93045,1529.93045,0.46377000000006774,0.00038874787587854477,-0.005850000000044542
2025-09-11T13:08:25Z,18698.0,18698.8,4492,1529.92971,1529.92971,0.4630299999998897,0.00038812758256888847,-0.005300000000318494
2025-09-11T13:08:25Z,18698.0,18698.9,4493,1529.92939,1529.92939,0.4627100000000155,0.00038785934762434224,-0.0056499999994459316
2025-09-11T13:08:25Z,18699.0,18699.0,4494,1529.92858,1529.92858,0.4619000000000142,0.00038718037792069153,-0.006849999999857914
2025-09-11T13:08:26Z,18699.0,18699.1,4495,1529.92802,1529.92802,0.4613400000000638,0.00038671096676759265,-0.5698499999779421
2025-09-11T13:08:26Z,18699.0,18699.2,4496,1529.81461,1529.81461,0.3479299999999057,0.0002916468259144957,-1.3133000000022228
2025-09-11T13:08:26Z,18699.0,18699.3,4497,1529.66536,1529.66536,0.19867999999996755,0.00016654037126059336,-1.038400000012653
2025-09-11T13:08:26Z,18699.0,18699.4,4498,1529.60693,1529.60693,0.1402499999999236,0.00011756234683556124,-0.44934999999355074
2025-09-11T13:08:26Z,18699.0,18699.5,4499,1529.57549,1529.57549,0.10880999999994856,9.120826352355322e-05,-0.27220000000339056
2025-09-11T13:08:26Z,18699.0,18699.6,4500,1529.55249,1529.55249,0.08581000000003769,7.192887687678743e-05,-0.2183999999996017
2025-09-11T13:08:26Z,18699.0,18699.7,4501,1529.53181,1529.53181,0.06512999999995372,5.4594193578601316e-05,-0.1295499999970542
2025-09-11T13:08:26Z,18699.0,18699.8,4502,1529.52658,1529.52658,0.05989999999997053,5.0210228701964277e-05,-0.03065000000059931
2025-09-11T13:08:26Z,18699.0,18699.9,4503,1529.52568,1529.52568,0.05899999999996908,4.945581792013017e-05,-0.007799999999561602
2025-09-11T13:08:26Z,18700.0,18700.0,4504,1529.52502,1529.52502,0.0583400000000438,4.890258334684869e-05,-0.008600000000012709
2025-09-11T13:08:27Z,18700.0,18700.1,4505,1529.52396,1529.52396,0.05727999999999156,4.801405509264616e-05,-0.007299999999852702
2025-09-11T13:08:27Z,18700.0,18700.2,4506,1529.52356,1529.52356,0.05688000000009197,4.767876141191571e-05,-0.005199999999401517
2025-09-11T13:08:27Z,18700.0,18700.3,4507,1529.52292,1529.52292,0.0562400000001162,4.714229152263263e-05,-0.005899999999880001
2025-09-11T13:08:27Z,18700.0,18700.4,4508,1529.52238,1529.52238,0.055700000000115324,4.668964505353217e-05,-0.005450000001001376
2025-09-11T13:08:27Z,18700.0,18700.5,4509,1529.52183,1529.52183,0.055149999999912325,4.6228616242241906e-05,-0.005200000000589344
2025-09-11T13:08:27Z,18700.0,18700.6,4510,1529.52134,1529.52134,0.05466000000001259,4.581788148332804e-05,-0.004199999999637993
2025-09-11T13:08:27Z,18700.0,18700.7,4511,1529.52099,1529.52099,0.05430999999998676,4.55244995125936e-05,-0.0031000000001055183
2025-09-11T13:08:27Z,18700.0,18700.8,4512,1529.52072,1529.52072,0.05403999999998632,4.529817627804337e-05,-0.0029499999993533588
2025-09-11T13:08:27Z,18700.0,18700.9,4513,1529.5204,1529.5204,0.05372000000011212,4.5029941333497125e-05,-0.0030500000002410266
2025-09-11T13:08:27Z,18701.0,18701.0,4514,1529.52011,1529.52011,0.05342999999993481,4.47868534147579e-05,-0.003350000000685749
2025-09-11T13:08:28Z,18701.0,18701.1,4515,1529.51973,1529.51973,0.05304999999998472,4.4468324418025845e-05,-0.002849999999649855
2025-09-11T13:08:28Z,18701.0,18701.2,4516,1529.51954,1529.51954,0.05286000000000968,4.430905991965982e-05,-0.0026500000001482005
2025-09-11T13:08:28Z,18701.0,18701.3,4517,1529.5192,1529.5192,0.0525199999999586,4.402406029092458e-05,-0.003649999999857212
2025-09-11T13:08:28Z,18701.0,18701.4,4518,1529.51881,1529.51881,0.05213000000003376,4.369714895219333e-05,-0.0028499999995770797
2025-09-11T13:08:28Z,18701.0,18701.5,4519,1529.51861,1529.51863,0.05195000000003347,4.354626679582651e-05,-0.0009999999997635234
2025-09-11T13:08:28Z,18701.0,18701.6,4520,1529.51863,1529.51861,0.051930000000083965,4.3529502111828105e-05,-0.0023999999995362176
2025-09-11T13:08:28Z,18701.0,18701.7,4521,1529.51815,1529.51815,0.051470000000108485,4.314391437891185e-05,-0.004250000000610266
2025-09-11T13:08:28Z,18701.0,18701.8,4522,1529.51776,1529.51776,0.05107999999995627,4.2817003039990006e-05,-0.002450000000679353
2025-09-11T13:08:28Z,18701.0,18701.9,4523,1529.51766,1529.51766,0.050979999999981374,4.2733179619807396e-05,-0.001300000000134638
2025-09-11T13:08:28Z,18702.0,18702.0,4524,1529.5175,1529.5175,0.05081999999993059,4.259906214743898e-05,-0.0013500000000218337
2025-09-11T13:08:29Z,18702.0,18702.1,4525,1529.51739,1529.51739,0.05070999999998094,4.2506856385257165e-05,-0.0005999999996380012
2025-09-11T13:08:29Z,18702.0,18702.2,4526,1529.51738,1529.51738,0.050700000000006185,4.249847404325796e-05,-0.002200000000198321
2025-09-11T13:08:29Z,18702.0,18702.3,4527,1529.51695,1529.51695,0.05026999999995496,4.213803333633931e-05,-0.0031999999999072215
2025-09-11T13:08:29Z,18702.0,18702.4,4528,1529.51674,1529.51674,0.050060000000030414,4.196200415397488e-05,-0.0011999999992069466
2025-09-11T13:08:29Z,18702.0,18702.5,4529,1529.51671,1529.51671,0.050030000000106156,4.193685712797728e-05,-0.000200000000634859
2025-09-11T13:08:29Z,18702.0,18702.6,4530,1529.5167,1529.5167,0.05001999999990403,4.1928474785787484e-05,-0.00110000000059296
2025-09-11T13:08:29Z,18702.0,18702.7,4531,1529.51649,1529.51649,0.04980999999997948,4.175244560342305e-05,-0.00214999999911325
2025-09-11T13:08:29Z,18702.0,18702.8,4532,1529.51627,1529.51627,0.04959000000008018,4.1568034079059425e-05,-0.0026999999999763324
2025-09-11T13:08:29Z,18702.0,18702.9,4533,1529.51579,1529.51595,0.04926999999997861,4.129979913432259e-05,-0.002400000000723962
2025-09-11T13:08:29Z,18703.0,18703.0,4534,1529.51595,1529.51579,0.04910999999992782,4.116568166195417e-05,-0.001099999999512491
2025-09-11T13:08:30Z,18703.0,18703.1,4535,1529.51573,1529.51573,0.04905000000007931,4.1115387609958956e-05,-0.00045000000000455787
2025-09-11T13:08:30Z,18703.0,18703.2,4536,1529.51551,1529.5157,0.04901999999992768,4.109024058377076e-05,-0.001100000000658491
2025-09-11T13:08:30Z,18703.0,18703.3,4537,1529.5157,1529.51551,0.048829999999952634,4.093097608540473e-05,-0.0013500000000172818
2025-09-11T13:08:30Z,18703.0,18703.4,4538,1529.51543,1529.51543,0.04874999999992724,4.0863917349220524e-05,-0.001949999999658919
2025-09-11T13:08:30Z,18703.0,18703.5,4539,1529.51509,1529.51512,0.048440000000027794,4.060406474667348e-05,-0.0016499999992687642
2025-09-11T13:08:30Z,18703.0,18703.6,4540,1529.51512,1529.5151,0.04842000000007829,4.058730006267508e-05,-0.00014999999962256316
2025-09-11T13:08:30Z,18703.0,18703.7,4541,1529.5151,1529.51509,0.04841000000010354,4.057891772067588e-05,-0.001650000000432028
2025-09-11T13:08:30Z,18703.0,18703.8,4542,1529.51477,1529.51477,0.048090000000001965,4.0310682775939044e-05,-0.0024000000007821654
2025-09-11T13:08:30Z,18703.0,18703.9,4543,1529.51457,1529.51461,0.04792999999995118,4.017656530357063e-05,-0.0009999999997234998
2025-09-11T13:08:30Z,18704.0,18704.0,4544,1529.51444,1529.51457,0.04789000000005217,4.014303593557382e-05,-0.000850000000140072
2025-09-11T13:08:31Z,18704.0,18704.1,4545,1529.51461,1529.51444,0.04775999999992564,4.0034065489203006e-05,-0.0011000000006366473
2025-09-11T13:08:31Z,18704.0,18704.2,4546,1529.51428,1529.51435,0.047669999999925494,3.995862441101959e-05,-0.0007999999991105122
2025-09-11T13:08:31Z,18704.0,18704.3,4547,1529.51396,1529.51428,0.04760000000010223,3.989994801702518e-05,-0.0008999999999909081
2025-09-11T13:08:31Z,18704.0,18704.4,4548,1529.51435,1529.51417,0.0474899999999252,3.9807742254652775e-05,-0.0013000000001309742
2025-09-11T13:08:31Z,18704.0,18704.5,4549,1529.51417,1529.51402,0.04734000000007654,3.968200712447415e-05,-0.0007499999992542083
2025-09-11T13:08:31Z,18704.0,18704.6,4550,1529.5138,1529.51402,0.04734000000007654,3.968200712447415e-05,-0.0011000000005893518
2025-09-11T13:08:31Z,18704.0,18704.7,4551,1529.51402,1529.5138,0.04711999999994987,3.949759559991993e-05,-0.0013000000000909506
2025-09-11T13:08:31Z,18704.0,18704.8,4552,1529.51376,1529.51376,0.04708000000005086,3.946406623192312e-05,-0.0004000000001254944
2025-09-11T13:08:31Z,18704.0,18704.9,4553,1529.51372,1529.51372,0.047039999999924476,3.943053686373572e-05,-0.0009999999997671871
2025-09-11T13:08:31Z,18705.0,18705.0,4554,1529.51356,1529.51356,0.04688000000010106,3.929641939155789e-05,-0.0022000000001619058
2025-09-11T13:08:32Z,18705.0,18705.1,4555,1529.51314,1529.51328,0.0465999999998985,3.9061713814817866e-05,-0.0019000000009131157
2025-09-11T13:08:32Z,18705.0,18705.2,4556,1529.51318,1529.51318,0.0464999999999236,3.897789039463525e-05,-0.0005999999996052774
2025-09-11T13:08:32Z,18705.0,18705.3,4557,1529.51328,1529.51316,0.0464799999999741,3.896112571063685e-05,-9.999999975077167e-05
2025-09-11T13:08:32Z,18705.0,18705.4,4558,1529.51314,1529.51316,0.0464799999999741,3.896112571063685e-05,-9.999999975082718e-05
2025-09-11T13:08:32Z,18705.0,18705.5,4559,1529.51316,1529.51314,0.04646000000002459,3.894436102663845e-05,-0.0009499999998890674
2025-09-11T13:08:32Z,18705.0,18705.6,4560,1529.51297,1529.51297,0.046289999999999054,3.8801861212270826e-05,-0.001499999999625301
2025-09-11T13:08:32Z,18705.0,18705.7,4561,1529.51284,1529.51284,0.0461600000000999,3.8692890766090604e-05,-0.001200000000372875
2025-09-11T13:08:32Z,18705.0,18705.8,4562,1529.5127,1529.51273,0.046049999999922875,3.86006850037182e-05,-0.0005500000009031336
2025-09-11T13:08:32Z,18705.0,18705.9,4563,1529.51261,1529.51273,0.046049999999922875,3.86006850037182e-05,0.0
2025-09-11T13:08:32Z,18706.0,18706.0,4564,1529.51273,1529.51273,0.046049999999922875,3.86006850037182e-05,0.3280000000054297
2025-09-11T13:08:33Z,18706.0,18706.1,4565,1529.57833,1529.57833,0.1116500000000542,9.358884865742557e-05,0.6321999999985776
2025-09-11T13:08:33Z,18706.0,18706.2,4566,1529.63917,1529.63917,0.1724899999999252,0.00014458701750922077,0.7054000000003348
2025-09-11T13:08:33Z,18706.0,18706.3,4567,1529.71941,1529.71941,0.2527299999999286,0.00021184692988063592,0.7781999999989285
2025-09-11T13:08:33Z,18706.0,18706.4,4568,1529.79481,1529.79481,0.32813000000010106,0.0002750497887143359,0.8287000000004112
2025-09-11T13:08:33Z,18706.0,18706.5,4569,1529.88515,1529.88515,0.4184700000000703,0.0003507758665262914,0.7941000000109448
2025-09-11T13:08:33Z,18706.0,18706.6,4570,1529.97123,1529.95363,0.4869499999999789,0.00040817814468167737,0.34240000001075366
2025-09-11T13:08:33Z,18706.0,18706.7,4571,1529.95976,1529.95363,0.4869499999999789,0.00040817814468167737,0.0
2025-09-11T13:08:33Z,18706.0,18706.8,4572,1529.95363,1529.95363,0.4869499999999789,0.00040817814468167737,-0.020749999999076785
2025-09-11T13:08:33Z,18706.0,18706.9,4573,1529.94948,1529.94948,0.48279999999999745,0.00040469947274324126,-0.03349999999913633
2025-09-11T13:08:33Z,18707.0,18707.0,4574,1529.94693,1529.94693,0.4802500000000691,0.0004025619755281082,-0.026250000000045404
2025-09-11T13:08:34Z,18707.0,18707.1,4575,1529.94423,1529.94423,0.47755000000006476,0.00040029874318260584,-0.02235000000050258
2025-09-11T13:08:34Z,18707.0,18707.2,4576,1529.94246,1529.94246,0.4757799999999861,0.00039881506864493523,-0.018800000000254613
2025-09-11T13:08:34Z,18707.0,18707.3,4577,1529.94047,1529.94047,0.47379000000000815,0.00039714698258290097,-0.016950000000452103
2025-09-11T13:08:34Z,18707.0,18707.4,4578,1529.93907,1529.93907,0.47238999999990483,0.0003959734546999632,-0.01570000000015659
2025-09-11T13:08:34Z,18707.0,18707.5,4579,1529.93733,1529.93733,0.4706499999999778,0.0003945149271884808,-0.015049999999737995
2025-09-11T13:08:34Z,18707.0,18707.6,4580,1529.93606,1529.93606,0.469380000000001,0.0003934503697519138,-0.010800000000047216
2025-09-11T13:08:34Z,18707.0,18707.7,4581,1529.93517,1529.93517,0.4684899999999743,0.00039270434131207893,-0.012000000000467193
2025-09-11T13:08:34Z,18707.0,18707.8,4582,1529.93366,1529.93366,0.46697999999992135,0.00039143860766695937,-0.011799999999843713
2025-09-11T13:08:34Z,18707.0,18707.9,4583,1529.93281,1529.93281,0.466130000000021,0.0003907261085953118,-0.007949999999206092
2025-09-11T13:08:34Z,18708.0,18708.0,4584,1529.93207,1529.93207,0.46539000000007036,0.0003901058152858461,-0.00860000000001282
2025-09-11T13:08:35Z,18708.0,18708.1,4585,1529.93109,1529.93109,0.4644100000000435,0.00038928434576782783,-0.008950000000139013
2025-09-11T13:08:35Z,18708.0,18708.2,4586,1529.93028,1529.93028,0.4636000000000422,0.0003886053760641771,-0.008400000000372554
2025-09-11T13:08:35Z,18708.0,18708.3,4587,1529.92941,1529.92941,0.462729999999965,0.00038787611230834063,-0.008699999999604024
2025-09-11T13:08:35Z,18708.0,18708.4,4588,1529.92854,1529.92854,0.4618600000001152,0.00038714684855269474,-0.007550000000195567
2025-09-11T13:08:35Z,18708.0,18708.5,4589,1529.9279,1529.9279,0.46121999999991203,0.00038661037866322107,-0.005250000000463828
2025-09-11T13:08:35Z,18708.0,18708.6,4590,1529.92749,1529.92749,0.4608100000000377,0.0003862667026404914,-0.005749999999043798
2025-09-11T13:08:35Z,18708.0,18708.7,4591,1529.92675,1529.92675,0.460070000000087,0.0003856464093310257,-0.00885000000041325
2025-09-11T13:08:35Z,18708.0,18708.8,4592,1529.92572,1529.92572,0.45903999999995904,0.0003847830281028208,-0.005900000000021333
2025-09-11T13:08:35Z,18708.0,18708.9,4593,1529.92557,1529.92557,0.4588900000001104,0.0003846572929726422,-0.002349999999773811
2025-09-11T13:08:35Z,18709.0,18709.0,4594,1529.92525,1529.92525,0.4585700000000088,0.0003843890580279053,-0.006500000000736694
2025-09-11T13:08:36Z,18709.0,18709.1,4595,1529.92427,1529.92427,0.45758999999998196,0.000383567588509887,-0.9240999999631017
2025-09-11T13:08:36Z,18709.0,18709.2,4596,1529.74043,1529.74043,0.27375000000006366,0.00022946661280755725,-1.4313499999802775
2025-09-11T13:08:36Z,18709.0,18709.3,4597,1529.638,1529.638,0.1713199999999233,0.00014360628349283642,-0.7241500000080662
2025-09-11T13:08:36Z,18709.0,18709.4,4598,1529.5956,1529.5956,0.1289200000001074,0.00010806515332664126,-0.35849999999613463
2025-09-11T13:08:36Z,18709.0,18709.5,4599,1529.5663,1529.5663,0.09961999999995896,8.35048912068461e-05,-0.25370000000435466
2025-09-11T13:08:36Z,18709.0,18709.6,4600,1529.54486,1529.54486,0.07817999999997483,6.55331499151959e-05,-0.20689999999897046
2025-09-11T13:08:36Z,18709.0,18709.7,4601,1529.52492,1529.52492,0.0582400000000689,4.8818759926666074e-05,-0.10604999999563175
2025-09-11T13:08:36Z,18709.0,18709.8,4602,1529.52365,1529.52365,0.056970000000092114,4.775420249009912e-05,-0.012850000000473816
2025-09-11T13:08:36Z,18709.0,18709.9,4603,1529.52235,1529.52235,0.05566999999996369,4.6664498027343966e-05,-0.010650000000271942
2025-09-11T13:08:36Z,18710.0,18710.0,4604,1529.52152,1529.52152,0.05484000000001288,4.5968763639694865e-05,-0.007799999999747176
2025-09-11T13:08:37Z,18710.0,18710.1,4605,1529.52079,1529.52079,0.05411000000003696,4.5356852672228374e-05,-0.003950000000366549
2025-09-11T13:08:37Z,18710.0,18710.2,4606,1529.52073,1529.52073,0.054049999999961074,4.530655862004257e-05,-0.004400000000381987
2025-09-11T13:08:37Z,18710.0,18710.3,4607,1529.51991,1529.51991,0.05322999999998501,4.461920657439267e-05,-0.00499999999998002
2025-09-11T13:08:37Z,18710.0,18710.4,4608,1529.51973,1529.51973,0.05304999999998472,4.4468324418025845e-05,-0.004050000000073661
2025-09-11T13:08:37Z,18710.0,18710.5,4609,1529.5191,1529.5191,0.0524199999999837,4.394023687074197e-05,-0.006150000000478384
2025-09-11T13:08:37Z,18710.0,18710.6,4610,1529.5185,1529.5185,0.05181999999990694,4.34372963494557e-05,-0.004149999999806253
2025-09-11T13:08:37Z,18710.0,18710.7,4611,1529.51827,1529.51827,0.05159000000003289,4.324450248309287e-05,-0.003949999999167786
2025-09-11T13:08:37Z,18710.0,18710.8,4612,1529.51771,1529.51771,0.05103000000008251,4.2775091329994e-05,-0.0035500000001937315
2025-09-11T13:08:37Z,18710.0,18710.9,4613,1529.51756,1529.51756,0.050880000000006476,4.264935619962478e-05,-0.003100000000178238
2025-09-11T13:08:37Z,18711.0,18711.0,4614,1529.51709,1529.51709,0.05041000000005624,4.225538612470932e-05,-0.004750000000582066
2025-09-11T13:08:38Z,18711.0,18711.1,4615,1529.51661,1529.51661,0.049929999999903885,4.185303370760407e-05,-0.0026000000003274237
2025-09-11T13:08:38Z,18711.0,18711.2,4616,1529.51657,1529.51657,0.049890000000004875,4.181950433960726e-05,-0.0021499999991750895
2025-09-11T13:08:38Z,18711.0,18711.3,4617,1529.51618,1529.51618,0.049500000000080036,4.149259300087601e-05,-0.002100000000440194
2025-09-11T13:08:38Z,18711.0,18711.4,4618,1529.51615,1529.51615,0.049469999999928405,4.146744597468781e-05,-0.0010500000007830634
2025-09-11T13:08:38Z,18711.0,18711.5,4619,1529.51597,1529.51597,0.049289999999928114,4.131656381832099e-05,-0.0025999999991578315
2025-09-11T13:08:38Z,18711.0,18711.6,4620,1529.51563,1529.51563,0.04895000000010441,4.1031564189776346e-05,-0.0024999999993960964
2025-09-11T13:08:38Z,18711.0,18711.7,4621,1529.51547,1529.51547,0.048790000000053624,4.089744671740793e-05,-0.0030500000002992023
2025-09-11T13:08:38Z,18711.0,18711.8,4622,1529.51502,1529.51502,0.048340000000052896,4.052024132649087e-05,-0.0029500000005557026
2025-09-11T13:08:38Z,18711.0,18711.9,4623,1529.51488,1529.51488,0.048199999999951615,4.040288853812086e-05,-0.0020000000006493712
2025-09-11T13:08:38Z,18712.0,18712.0,4624,1529.51462,1529.51462,0.04793999999992593,4.018494764556983e-05,-0.001350000000021806
2025-09-11T13:08:39Z,18712.0,18712.1,4625,1529.51461,1529.51461,0.04792999999995118,4.017656530357063e-05,-0.00044999999998637796
2025-09-11T13:08:39Z,18712.0,18712.2,4626,1529.51453,1529.51453,0.047849999999925785,4.010950656738642e-05,-0.001849999999908175
2025-09-11T13:08:39Z,18712.0,18712.3,4627,1529.5141,1529.51424,0.047559999999975844,3.986641864883778e-05,-0.0021499999991387297
2025-09-11T13:08:39Z,18712.0,18712.4,4628,1529.51424,1529.5141,0.047420000000101936,3.974906586065836e-05,-0.00220000000015097
2025-09-11T13:08:39Z,18712.0,18712.5,4629,1529.5138,1529.5138,0.04711999999994987,3.949759559991993e-05,-0.0028000000009295034
2025-09-11T13:08:39Z,18712.0,18712.6,4630,1529.51354,1529.51354,0.046859999999924185,3.92796547073689e-05,-0.001649999999273316
2025-09-11T13:08:39Z,18712.0,18712.7,4631,1529.51347,1529.51347,0.04679000000010092,3.9220978313374485e-05,-0.0004499999999899862
2025-09-11T13:08:39Z,18712.0,18712.8,4632,1529.51345,1529.51345,0.04676999999992404,3.920421362918549e-05,-0.0018500000009467887
2025-09-11T13:08:39Z,18712.0,18712.9,4633,1529.5131,1529.5131,0.04641999999989821,3.891083165845104e-05,-0.0021499999990623186
2025-09-11T13:08:39Z,18713.0,18713.0,4634,1529.51302,1529.51302,0.04634000000010019,3.884377292245743e-05,-0.0008473684208642196
2025-09-11T13:08:40Z,18713.0,18713.11111111111,4635,1529.51292,1529.51292,0.04623999999989792,3.875994950208422e-05,-0.0010350000004501203
2025-09-11T13:08:40Z,18713.0,18713.222222222223,4636,1529.51279,1529.51279,0.04610999999999876,3.8650979055904e-05,-0.0009449999996513636
2025-09-11T13:08:40Z,18713.0,18713.333333333332,4637,1529.51271,1529.51271,0.04602999999997337,3.858392031971979e-05,-0.0012149999999835626
2025-09-11T13:08:40Z,18713.0,18713.444444444445,4638,1529.51252,1529.51252,0.045839999999998327,3.842465582135377e-05,-0.001754999999660084
2025-09-11T13:08:40Z,18713.0,18713.555555555555,4639,1529.51227,1529.51232,0.04564000000004853,3.825700898098854e-05,-0.00112500000024926
2025-09-11T13:08:40Z,18713.0,18713.666666666668,4640,1529.51232,1529.51227,0.045589999999947395,3.821509727080194e-05,-0.0014400000004868574
2025-09-11T13:08:40Z,18713.0,18713.777777777777,4641,1529.51198,1529.512,0.04531999999994696,3.798877403625171e-05,-0.0013049999998092088
2025-09-11T13:08:40Z,18713.0,18713.88888888889,4642,1529.512,1529.51198,0.04529999999999745,3.797200935225331e-05,-0.0011250000002580585
2025-09-11T13:08:41Z,18714.0,18714.0,4643,1529.51175,1529.51175,0.04506999999989603,3.777921548569988e-05,-0.0012256250003871982
2025-09-11T13:08:41Z,18714.0,18714.14285714286,4644,1529.51173,1529.51173,0.04504999999994652,3.776245080170148e-05,-0.0006649999999272238
2025-09-11T13:08:41Z,18714.0,18714.285714285714,4645,1529.51156,1529.51156,0.04487999999992098,3.761995098733386e-05,-0.0018550000000778777
2025-09-11T13:08:41Z,18714.0,18714.428571428572,4646,1529.51119,1529.5112,0.0445199999999204,3.7318186674600214e-05,-0.0012949999998848327
2025-09-11T13:08:41Z,18714.0,18714.571428571428,4647,1529.5112,1529.51119,0.04450999999994565,3.730980433260101e-05,-0.00013999999964497967
2025-09-11T13:08:41Z,18714.0,18714.714285714286,4648,1529.51116,1529.51116,0.04448000000002139,3.7284657306603404e-05,-0.0008049999995757839
2025-09-11T13:08:41Z,18714.0,18714.85714285714,4649,1529.51095,1529.51096,0.044280000000071595,3.711701046623818e-05,-0.0007349999997541823
2025-09-11T13:08:41Z,18715.0,18715.0,4650,1529.5109,1529.51095,0.04427000000009684,3.710862812423897e-05,-0.000283750000440397
2025-09-11T13:08:42Z,18715.0,18715.11111111111,4651,1529.51096,1529.5109,0.04421999999999571,3.706671641405237e-05,-0.0005400000006790806
2025-09-11T13:08:42Z,18715.0,18715.222222222223,4652,1529.51083,1529.51083,0.044149999999945067,3.7008040019867366e-05,-0.001575000000144322
2025-09-11T13:08:42Z,18715.0,18715.333333333332,4653,1529.51051,1529.51055,0.04386999999996988,3.677333444331793e-05,-0.0014399999994666457
2025-09-11T13:08:42Z,18715.0,18715.444444444445,4654,1529.51055,1529.51051,0.04383000000007087,3.673980507532112e-05,-0.00022499999942710014
2025-09-11T13:08:42Z,18715.0,18715.555555555555,4655,1529.51022,1529.5105,0.043820000000096115,3.6731422733321924e-05,-0.001259999999847744
2025-09-11T13:08:42Z,18715.0,18715.666666666668,4656,1529.5105,1529.51023,0.04355000000009568,3.6505099498771686e-05,-0.0012149999999599703
2025-09-11T13:08:42Z,18715.0,18715.777777777777,4657,1529.5102,1529.51023,0.04355000000009568,3.6505099498771686e-05,0.0012149999999599703
2025-09-11T13:08:42Z,18715.0,18715.88888888889,4658,1529.51023,1529.5105,0.043820000000096115,3.6731422733321924e-05,0.020700000000480306
2025-09-11T13:08:42Z,18716.0,18716.0,4659,1529.51483,1529.51483,0.04815000000007785,4.036097682812485e-05,0.328019411762143
2025-09-11T13:08:43Z,18716.0,18716.125,4660,1529.59648,1529.59648,0.12979999999993197,0.00010880279942428638,0.8605600000000777
2025-09-11T13:08:43Z,18716.0,18716.25,4661,1529.72997,1529.72997,0.2632900000000973,0.00022069868305428319,0.9054800000003524
2025-09-11T13:08:43Z,18716.0,18716.375,4662,1529.82285,1529.82285,0.3561700000000201,0.0002985538757393727,0.7781599999998434
2025-09-11T13:08:43Z,18716.0,18716.5,4663,1529.92451,1529.92451,0.45783000000005813,0.00038376876471843966,0.4815600000001723
2025-09-11T13:08:43Z,18716.0,18716.625,4664,1529.95187,1529.94324,0.47656000000006316,0.0003994688913225883,0.07492000000002008
2025-09-11T13:08:43Z,18716.0,18716.75,4665,1529.947,1529.94324,0.47656000000006316,0.0003994688913225883,0.0
2025-09-11T13:08:43Z,18716.0,18716.875,4666,1529.94324,1529.94324,0.47656000000006316,0.0003994688913225883,-0.014439999999922293
2025-09-11T13:08:44Z,18717.0,18717.0,4667,1529.93963,1529.93963,0.4729500000000826,0.00039644286585325265,-0.02397764705972749
2025-09-11T13:08:44Z,18717.0,18717.11111111111,4668,1529.93745,1529.93745,0.4707699999999022,0.0003946155152926618,-0.019484999999886732
2025-09-11T13:08:44Z,18717.0,18717.222222222223,4669,1529.9353,1529.9353,0.46862000000010084,0.0003928133117584497,-0.015389999999867676
2025-09-11T13:08:44Z,18717.0,18717.333333333332,4670,1529.93403,1529.93403,0.4673499999998967,0.0003917487543216922,-0.012420000000306075
2025-09-11T13:08:44Z,18717.0,18717.444444444445,4671,1529.93254,1529.93254,0.4658600000000206,0.0003904997853607616,-0.010439999999104721
2025-09-11T13:08:44Z,18717.0,18717.555555555555,4672,1529.93171,1529.93171,0.4650300000000698,0.0003898040509731125,-0.01093499999988401
2025-09-11T13:08:44Z,18717.0,18717.666666666668,4673,1529.93011,1529.93011,0.46343000000001666,0.00038846287624980954,-0.010934999999884454
2025-09-11T13:08:44Z,18717.0,18717.777777777777,4674,1529.92928,1529.92928,0.46260000000006585,0.00038776714186216044,-0.008594999999734121
2025-09-11T13:08:44Z,18717.0,18717.88888888889,4675,1529.9282,1529.9282,0.4615200000000641,0.00038686184892395946,-0.007200000000143536
2025-09-11T13:08:45Z,18718.0,18718.0,4676,1529.92768,1529.92768,0.46100000000001273,0.0003864259671388574,-0.0077400000000116265
2025-09-11T13:08:45Z,18718.0,18718.11111111111,4677,1529.92648,1529.92648,0.4598000000000866,0.00038542008609647547,-0.00837000000041943
2025-09-11T13:08:45Z,18718.0,18718.222222222223,4678,1529.92582,1529.92582,0.45913999999993393,0.0003848668515230034,-0.0059400000003395625
2025-09-11T13:08:45Z,18718.0,18718.333333333332,4679,1529.92516,1529.92516,0.45848000000000866,0.0003843136169497219,-0.006435000000096558
2025-09-11T13:08:45Z,18718.0,18718.444444444445,4680,1529.92439,1529.92439,0.45770999999990636,0.00038366817661406803,-0.004859999999931031
2025-09-11T13:08:45Z,18718.0,18718.555555555555,4681,1529.92408,1529.92408,0.4574000000000069,0.00038340832401152097,-0.0052199999990096835
2025-09-11T13:08:45Z,18718.0,18718.666666666668,4682,1529.92323,1529.92323,0.4565500000001066,0.00038269582493987347,-0.0070649999995247015
2025-09-11T13:08:45Z,18718.0,18718.777777777777,4683,1529.92251,1529.92251,0.45583000000010543,0.00038209229631440617,-0.007920000000405825
2025-09-11T13:08:45Z,18718.0,18718.88888888889,4684,1529.92147,1529.92147,0.4547900000000027,0.0003812205327442021,-0.005264999999865072
2025-09-11T13:08:45Z,18719.0,18719.0,4685,1529.92134,1529.92134,0.45466000000010354,0.00038111156229802184,-0.977220000013868
2025-09-11T13:08:46Z,18719.0,18719.11111111111,4686,1529.70431,1529.70431,0.23763000000008105,0.00019918959343001187,-1.2955950000192251
2025-09-11T13:08:46Z,18719.0,18719.222222222223,4687,1529.63343,1529.63343,0.16675000000009277,0.00013977555318967145,-0.5345549999955982
2025-09-11T13:08:46Z,18719.0,18719.333333333332,4688,1529.58552,1529.58552,0.1188400000000911,9.961575257009924e-05,-0.3399300000025782
2025-09-11T13:08:46Z,18719.0,18719.444444444445,4689,1529.55789,1529.55789,0.09121000000004642,7.645534156779209e-05,-0.21581999999899443
2025-09-11T13:08:46Z,18719.0,18719.555555555555,4690,1529.53756,1529.53756,0.07087999999998829,5.9414040240340415e-05,-0.15948000000096424
2025-09-11T13:08:46Z,18719.0,18719.666666666668,4691,1529.52245,1529.52245,0.05576999999993859,4.6748321447526576e-05,-0.07433999999739799
2025-09-11T13:08:46Z,18719.0,18719.777777777777,4692,1529.52104,1529.52104,0.054360000000087894,4.5566411222780204e-05,-0.01079999999937764
2025-09-11T13:08:46Z,18719.0,18719.88888888889,4693,1529.52005,1529.52005,0.05337000000008629,4.4736559362762686e-05,-0.008325000000433902
2025-09-11T13:08:46Z,18720.0,18720.0,4694,1529.51919,1529.51919,0.05250999999998385,4.401567794892538e-05,-0.00544500000065648
2025-09-11T13:08:47Z,18720.0,18720.11111111111,4695,1529.51884,1529.51884,0.05215999999995802,4.372229597819094e-05,-0.006254999999442318
2025-09-11T13:08:47Z,18720.0,18720.222222222223,4696,1529.5178,1529.5178,0.051120000000082655,4.285053240817741e-05,-0.005534999999191492
2025-09-11T13:08:47Z,18720.0,18720.333333333332,4697,1529.51761,1529.51761,0.05093000000010761,4.269126790981138e-05,-0.0034650000003965953
2025-09-11T13:08:47Z,18720.0,18720.444444444445,4698,1529.51703,1529.51703,0.050349999999980355,4.220509207252352e-05,-0.006390000000264379
2025-09-11T13:08:47Z,18720.0,18720.555555555555,4699,1529.51619,1529.51619,0.04951000000005479,4.1500975342875216e-05,-0.005580000000291074
2025-09-11T13:08:47Z,18720.0,18720.666666666668,4700,1529.51579,1529.51579,0.04910999999992782,4.116568166195417e-05,-0.002924999999749933
2025-09-11T13:08:47Z,18720.0,18720.777777777777,4701,1529.51554,1529.51554,0.048860000000104264,4.0956123111592934e-05,-0.0031049999992892596
2025-09-11T13:08:47Z,18720.0,18720.88888888889,4702,1529.5151,1529.5151,0.04842000000007829,4.058730006267508e-05,-0.002520000000748146
2025-09-11T13:08:47Z,18721.0,18721.0,4703,1529.51498,1529.51498,0.04829999999992651,4.0486711958303474e-05,-0.0024300000000392896
2025-09-11T13:08:48Z,18721.0,18721.11111111111,4704,1529.51456,1529.51456,0.047880000000077416,4.013465359357461e-05,-0.003869999999427831
2025-09-11T13:08:48Z,18721.0,18721.222222222223,4705,1529.51412,1529.51412,0.04744000000005144,3.976583054465676e-05,-0.00274500000018707
2025-09-11T13:08:48Z,18721.0,18721.333333333332,4706,1529.51395,1529.51395,0.0472700000000259,3.9623330730289147e-05,-0.002565000000647716
2025-09-11T13:08:48Z,18721.0,18721.444444444445,4707,1529.51355,1529.51355,0.04686999999989894,3.92880370493681e-05,-0.0027450000001988384
2025-09-11T13:08:48Z,18721.0,18721.555555555555,4708,1529.51334,1529.51334,0.04665999999997439,3.9112007867003674e-05,-0.0011249999992290205
2025-09-11T13:08:48Z,18721.0,18721.666666666668,4709,1529.5133,1529.5133,0.04662000000007538,3.9078478499006864e-05,-0.001754999999704271
2025-09-11T13:08:48Z,18721.0,18721.777777777777,4710,1529.51295,1529.51295,0.04627000000004955,3.878509652827242e-05,-0.003600000000098219
2025-09-11T13:08:48Z,18721.0,18721.88888888889,4711,1529.5125,1529.5125,0.04582000000004882,3.840789113735537e-05,-0.002790000000071874
2025-09-11T13:08:48Z,18722.0,18722.0,4712,1529.51233,1529.51233,0.04565000000002328,3.826539132298775e-05,-0.0007247368422246825
2025-09-11T13:08:49Z,18722.0,18722.1,4713,1529.51217,1529.51233,0.04565000000002328,3.826539132298775e-05,-0.0008000000002219287
2025-09-11T13:08:49Z,18722.0,18722.2,4714,1529.51233,1529.51217,0.0454899999999725,3.813127385061933e-05,-0.0020500000005175267
2025-09-11T13:08:49Z,18722.0,18722.3,4715,1529.51192,1529.51192,0.045239999999921565,3.79217153000675e-05,-0.0017500000001500482
2025-09-11T13:08:49Z,18722.0,18722.4,4716,1529.51174,1529.51182,0.04513999999994667,3.7837891879884884e-05,-0.000899999999994544
2025-09-11T13:08:49Z,18722.0,18722.5,4717,1529.51182,1529.51174,0.045059999999921274,3.7770833143700676e-05,-0.00130000000014735
2025-09-11T13:08:49Z,18722.0,18722.6,4718,1529.51156,1529.51156,0.04487999999992098,3.761995098733386e-05,-0.0015999999993724645
2025-09-11T13:08:49Z,18722.0,18722.7,4719,1529.51142,1529.51142,0.044740000000047075,3.750259819915444e-05,-0.0018999999997617034
2025-09-11T13:08:49Z,18722.0,18722.8,4720,1529.51118,1529.51118,0.044499999999970896,3.7301421990601805e-05,-0.0016000000005311488
2025-09-11T13:08:49Z,18722.0,18722.9,4721,1529.5111,1529.5111,0.0444199999999455,3.72343632544176e-05,-0.0010499999996280152
2025-09-11T13:08:50Z,18723.0,18723.0,4722,1529.51091,1529.51097,0.04429000000004635,3.712539280823738e-05,-0.0009355555552786055
2025-09-11T13:08:50Z,18723.0,18723.125,4723,1529.51097,1529.51091,0.04422999999997046,3.7075098756051574e-05,-0.0012400000005072798
2025-09-11T13:08:50Z,18723.0,18723.25,4724,1529.51061,1529.51066,0.04397999999991953,3.6865540205499745e-05,-0.0011999999996987754
2025-09-11T13:08:50Z,18723.0,18723.375,4725,1529.51066,1529.51061,0.043930000000045766,3.682362849550374e-05,-0.0016799999993963866
2025-09-11T13:08:50Z,18723.0,18723.5,4726,1529.51024,1529.51024,0.04356000000007043,3.651348184077089e-05,-0.0016800000003058813
2025-09-11T13:08:50Z,18723.0,18723.625,4727,1529.51019,1529.51019,0.043509999999969295,3.647157013058429e-05,-0.0005600000004051253
2025-09-11T13:08:50Z,18723.0,18723.75,4728,1529.5101,1529.5101,0.04341999999996915,3.6396129052400875e-05,-0.0009600000003047171
2025-09-11T13:08:50Z,18723.0,18723.875,4729,1529.50995,1529.50995,0.043269999999893116,3.627039392203166e-05,-0.0010000000002037268
2025-09-11T13:08:50Z,18724.0,18724.0,4730,1529.50985,1529.50985,0.04316999999991822,3.618657050184905e-05,-0.0009958823523765203
2025-09-11T13:08:51Z,18724.0,18724.11111111111,4731,1529.50972,1529.50972,0.04304000000001906,3.607760005566883e-05,-0.0010349999994357928
2025-09-11T13:08:51Z,18724.0,18724.222222222223,4732,1529.50953,1529.50962,0.042940000000044165,3.599377663548622e-05,-0.0008549999998846702
2025-09-11T13:08:51Z,18724.0,18724.333333333332,4733,1529.50962,1529.50953,0.04285000000004402,3.591833555730281e-05,-0.0012149999999865047
2025-09-11T13:08:51Z,18724.0,18724.444444444445,4734,1529.50935,1529.50935,0.04267000000004373,3.576745340093598e-05,-0.001395000000560781
2025-09-11T13:08:51Z,18724.0,18724.555555555555,4735,1529.50921,1529.50922,0.0425399999999172,3.565848295456517e-05,-0.0006300000004723083
2025-09-11T13:08:51Z,18724.0,18724.666666666668,4736,1529.50921,1529.50921,0.04252999999994245,3.565010061256597e-05,-4.499999988483161e-05
2025-09-11T13:08:51Z,18724.0,18724.777777777777,4737,1529.50922,1529.50921,0.04252999999994245,3.565010061256597e-05,4.499999988483161e-05
2025-09-11T13:08:51Z,18724.0,18724.88888888889,4738,1529.50887,1529.50922,0.0425399999999172,3.565848295456517e-05,0.1896300000059402
2025-09-11T13:08:51Z,18725.0,18725.0,4739,1529.55135,1529.55135,0.08466999999996005,7.097328988640069e-05,0.5533436842193655
2025-09-11T13:08:52Z,18725.0,18725.1,4740,1529.62236,1529.62236,0.15568000000007487,0.0001304963005731119,0.6959999999983483
2025-09-11T13:08:52Z,18725.0,18725.2,4741,1529.69055,1529.69055,0.22387000000003354,0.0001876554908099492,0.7038499999981129
2025-09-11T13:08:52Z,18725.0,18725.3,4742,1529.76313,1529.76313,0.29645000000004984,0.0002484945291937752,0.7841499999945241
2025-09-11T13:08:52Z,18725.0,18725.4,4743,1529.84738,1529.84738,0.3806999999999334,0.0003191157607152565,0.8978499999988094
2025-09-11T13:08:52Z,18725.0,18725.5,4744,1529.96973,1529.9427,0.4760200000000623,0.00039901624485348783,0.4766000000075796
2025-09-11T13:08:52Z,18725.0,18725.6,4745,1529.94896,1529.9427,0.4760200000000623,0.00039901624485348783,0.0
2025-09-11T13:08:52Z,18725.0,18725.7,4746,1529.9427,1529.9427,0.4760200000000623,0.00039901624485348783,-0.016650000000572263
2025-09-11T13:08:52Z,18725.0,18725.8,4747,1529.93937,1529.93937,0.4726900000000569,0.00039622492496070165,-0.02870000000036166
2025-09-11T13:08:52Z,18725.0,18725.9,4748,1529.93696,1529.93696,0.4702800000000025,0.00039420478053374793,-0.023550000000690297
2025-09-11T13:08:52Z,18726.0,18726.0,4749,1529.93466,1529.93466,0.4679799999998977,0.00039227684186897606,-0.028092105263497702
2025-09-11T13:08:53Z,18726.0,18726.11111111111,4750,1529.93091,1529.93091,0.4642300000000432,0.000389133463611461,-0.02151000000028258
2025-09-11T13:08:53Z,18726.0,18726.222222222223,4751,1529.92988,1529.92988,0.46319999999991524,0.0003882700823832561,-0.012915000000230492
2025-09-11T13:08:53Z,18726.0,18726.333333333332,4752,1529.92804,1529.92804,0.4613600000000133,0.00038672773145159104,-0.012779999999553038
2025-09-11T13:08:53Z,18726.0,18726.444444444445,4753,1529.92704,1529.92704,0.46036000000003696,0.00038588949724957435,-0.007560000000292444
2025-09-11T13:08:53Z,18726.0,18726.555555555555,4754,1529.92636,1529.92636,0.4596799999999348,0.00038531949799210384,-0.010934999999840045
2025-09-11T13:08:53Z,18726.0,18726.666666666668,4755,1529.92461,1529.92461,0.45793000000003303,0.00038385258813862223,-0.010214999999588859
2025-09-11T13:08:53Z,18726.0,18726.777777777777,4756,1529.92409,1529.92409,0.45740999999998166,0.0003834167063535202,-0.00598500000018376
2025-09-11T13:08:53Z,18726.0,18726.88888888889,4757,1529.92328,1529.92328,0.45659999999998035,0.0003827377366498695,-0.008639999999701331
2025-09-11T13:08:53Z,18727.0,18727.0,4758,1529.92217,1529.92217,0.45549000000005435,0.00038180729668567094,-0.007946875000101716
2025-09-11T13:08:54Z,18727.0,18727.14285714286,4759,1529.92141,1529.92141,0.4547299999999268,0.00038117023869201625,-0.004865000000447317
2025-09-11T13:08:54Z,18727.0,18727.285714285714,4760,1529.92078,1529.92078,0.4540999999999258,0.0003806421511447324,-0.006474999999527498
2025-09-11T13:08:54Z,18727.0,18727.428571428572,4761,1529.91956,1529.91956,0.45288000000005013,0.000379619505418352,-0.00703499999972057
2025-09-11T13:08:54Z,18727.0,18727.571428571428,4762,1529.91877,1529.91877,0.4520899999999983,0.00037895730039869975,-0.004410000000043768
2025-09-11T13:08:54Z,18727.0,18727.714285714286,4763,1529.9183,1529.9183,0.4516200000000481,0.0003785633303237843,-0.004270000000393459
2025-09-11T13:08:54Z,18727.0,18727.85714285714,4764,1529.91755,1529.91755,0.4508699999998953,0.0003779346546721288,-0.0064400000004338764
2025-09-11T13:08:54Z,18728.0,18728.0,4765,1529.91646,1529.91646,0.4497799999999188,0.00037702097939192866,-0.005494705881672335
2025-09-11T13:08:55Z,18728.0,18728.1,4766,1529.91606,1529.91606,0.4493800000000192,0.0003766856857111982,-0.09684999999617405
2025-09-11T13:08:55Z,18728.0,18728.2,4767,1529.89709,1529.89709,0.430409999999938,0.0003607843828984969,-1.2014500000322315
2025-09-11T13:08:55Z,18728.0,18728.3,4768,1529.67577,1529.67577,0.20909000000006017,0.0001752663893038714,-1.4065000000235992
2025-09-11T13:08:55Z,18728.0,18728.4,4769,1529.61579,1529.61579,0.14911000000006425,0.0001249891018657229,-0.49254999999447124
2025-09-11T13:08:55Z,18728.0,18728.5,4770,1529.57726,1529.57726,0.11058000000002721,9.269193806122384e-05,-0.32140000000494406
2025-09-11T13:08:55Z,18728.0,18728.6,4771,1529.55151,1529.55151,0.08483000000001084,7.110740735876911e-05,-0.22925000000005913
2025-09-11T13:08:55Z,18728.0,18728.7,4772,1529.53141,1529.53141,0.06473000000005413,5.425889989787086e-05,-0.1537999999982247
2025-09-11T13:08:55Z,18728.0,18728.8,4773,1529.52075,1529.52075,0.05406999999991058,4.5323323304040975e-05,-0.05945000000146888
2025-09-11T13:08:55Z,18728.0,18728.9,4774,1529.51952,1529.51952,0.05284000000006017,4.429229523566142e-05,-0.01019999999914506
2025-09-11T13:08:55Z,18729.0,18729.0,4775,1529.51871,1529.51871,0.05203000000005886,4.361332553201072e-05,-0.008550000000138225
2025-09-11T13:08:56Z,18729.0,18729.1,4776,1529.51781,1529.51781,0.05113000000005741,4.285891475017661e-05,-0.0067500000000682014
2025-09-11T13:08:56Z,18729.0,18729.2,4777,1529.51736,1529.51736,0.05068000000005668,4.248170935925956e-05,-0.005400000000021832
2025-09-11T13:08:56Z,18729.0,18729.3,4778,1529.51673,1529.51673,0.05005000000005566,4.195362181197568e-05,-0.0056000000006457
2025-09-11T13:08:56Z,18729.0,18729.4,4779,1529.51624,1529.51624,0.04955999999992855,4.154288705287122e-05,-0.00535000000013186
2025-09-11T13:08:56Z,18729.0,18729.5,4780,1529.51566,1529.51566,0.04898000000002867,4.105671121577395e-05,-0.005049999999829025
2025-09-11T13:08:56Z,18729.0,18729.6,4781,1529.51523,1529.51523,0.048549999999977445,4.06962705088553e-05,-0.004050000000000914
2025-09-11T13:08:56Z,18729.0,18729.7,4782,1529.51485,1529.51485,0.04817000000002736,4.037774151212325e-05,-0.0035500000001100485
2025-09-11T13:08:56Z,18729.0,18729.8,4783,1529.51452,1529.51452,0.04783999999995103,4.0101124225387214e-05,-0.0037499999995971034
2025-09-11T13:08:56Z,18729.0,18729.9,4784,1529.5141,1529.5141,0.047420000000101936,3.974906586065836e-05,-0.004400000000251009
2025-09-11T13:08:56Z,18730.0,18730.0,4785,1529.51364,1529.51364,0.04695999999989908,3.936347812755151e-05,-0.0034000000005602604
2025-09-11T13:08:57Z,18730.0,18730.1,4786,1529.51342,1529.51342,0.04673999999999978,3.917906660318788e-05,-0.0024499999994806454
2025-09-11T13:08:57Z,18730.0,18730.2,4787,1529.51315,1529.51315,0.046469999999999345,3.8952743368637644e-05,-0.0013499999999481704
2025-09-11T13:08:57Z,18730.0,18730.3,4788,1529.51315,1529.51315,0.046469999999999345,3.8952743368637644e-05,-0.0022000000000418074
2025-09-11T13:08:57Z,18730.0,18730.4,4789,1529.51271,1529.51271,0.04602999999997337,3.858392031971979e-05,-0.004000000000103671
2025-09-11T13:08:57Z,18730.0,18730.5,4790,1529.51212,1529.51235,0.04566999999997279,3.828215600698615e-05,-0.002949999999416114
2025-09-11T13:08:57Z,18730.0,18730.6,4791,1529.51235,1529.51212,0.045440000000098735,3.8089362140623317e-05,-0.0018999999997580952
2025-09-11T13:08:57Z,18730.0,18730.7,4792,1529.51191,1529.51197,0.0452900000000227,3.7963627010254104e-05,-0.0010500000007394317
2025-09-11T13:08:57Z,18730.0,18730.8,4793,1529.51197,1529.51191,0.04522999999994681,3.79133329580683e-05,-0.0021000000003201236
2025-09-11T13:08:57Z,18730.0,18730.9,4794,1529.51155,1529.51155,0.04486999999994623,3.761156864533465e-05,-0.0025499999991987488
2025-09-11T13:08:57Z,18731.0,18731.0,4795,1529.5114,1529.5114,0.04472000000009757,3.748583351515603e-05,-0.0007499999992542083
2025-09-11T13:08:58Z,18731.0,18731.1,4796,1529.5114,1529.5114,0.04472000000009757,3.748583351515603e-05,-0.0012500000002046152
2025-09-11T13:08:58Z,18731.0,18731.2,4797,1529.51115,1529.51115,0.04447000000004664,3.72762749646042e-05,-0.0018500000009831485
2025-09-11T13:08:58Z,18731.0,18731.3,4798,1529.51103,1529.51103,0.04434999999989486,3.717568686023259e-05,-0.0026500000000682367
2025-09-11T13:08:58Z,18731.0,18731.4,4799,1529.51062,1529.51062,0.04394000000002052,3.683201083750294e-05,-0.002399999999554342
2025-09-11T13:08:58Z,18731.0,18731.5,4800,1529.51045,1529.51055,0.04386999999996988,3.677333444331793e-05,-0.000850000000140072
2025-09-11T13:08:58Z,18731.0,18731.6,4801,1529.51055,1529.51045,0.04376999999999498,3.668951102313532e-05,-0.0009999999997453435
2025-09-11T13:08:58Z,18731.0,18731.7,4802,1529.51035,1529.51035,0.04367000000002008,3.6605687602952704e-05,-0.000899999999994544
2025-09-11T13:08:58Z,18731.0,18731.8,4803,1529.51027,1529.51027,0.04358999999999469,3.6538628866768496e-05,-0.0026000000001819012
2025-09-11T13:08:58Z,18731.0,18731.9,4804,1529.50982,1529.50983,0.04314999999996871,3.6169805817850644e-05,-0.002249999999917235
2025-09-11T13:08:58Z,18732.0,18732.0,4805,1529.50968,1529.50982,0.04313999999999396,3.616142347585144e-05,-0.0007500000003910767
2025-09-11T13:08:59Z,18732.0,18732.1,4806,1529.50983,1529.50968,0.04299999999989268,3.604407068748143e-05,-0.0010999999995034149
2025-09-11T13:08:59Z,18732.0,18732.2,4807,1529.5096,1529.5096,0.04292000000009466,3.597701195148781e-05,-0.00039999999897410987
2025-09-11T13:08:59Z,18732.0,18732.3,4808,1529.5096,1529.5096,0.04292000000009466,3.597701195148781e-05,-0.0008500000000936647
2025-09-11T13:08:59Z,18732.0,18732.4,4809,1529.5094,1529.50943,0.04275000000006912,3.583451213712019e-05,-0.0010000000008567322
2025-09-11T13:08:59Z,18732.0,18732.5,4810,1529.50943,1529.5094,0.04271999999991749,3.5809365110931996e-05,-0.0015000000007821812
2025-09-11T13:08:59Z,18732.0,18732.6,4811,1529.50913,1529.50913,0.042449999999917054,3.558304187638176e-05,-0.002200000000140062
2025-09-11T13:08:59Z,18732.0,18732.7,4812,1529.50896,1529.50896,0.042279999999891515,3.5440542062014144e-05,-0.0018499999998753958
2025-09-11T13:08:59Z,18732.0,18732.8,4813,1529.50876,1529.50876,0.04207999999994172,3.527289522164892e-05,-0.001499999999636209
2025-09-11T13:08:59Z,18732.0,18732.9,4814,1529.50862,1529.50866,0.04197999999996682,3.51890718014663e-05,-0.0006999999993560768
2025-09-11T13:08:59Z,18733.0,18733.0,4815,1529.50846,1529.50862,0.04194000000006781,3.515554243346949e-05,-0.0009999999997635234
2025-09-11T13:09:00Z,18733.0,18733.1,4816,1529.50866,1529.50846,0.041780000000017026,3.5021424961101074e-05,-0.0015500000006302694
2025-09-11T13:09:00Z,18733.0,18733.2,4817,1529.50827,1529.50831,0.04162999999994099,3.489568983073186e-05,-0.0009499999998517639
2025-09-11T13:09:00Z,18733.0,18733.3,4818,1529.50811,1529.50827,0.04159000000004198,3.486216046273505e-05,-0.0005999999996125771
2025-09-11T13:09:00Z,18733.0,18733.4,4819,1529.50831,1529.50819,0.04151000000001659,3.479510172655084e-05,-0.0008000000002510166
2025-09-11T13:09:00Z,18733.0,18733.5,4820,1529.50819,1529.50811,0.041429999999991196,3.4728042990366634e-05,-0.0009999999997635234
2025-09-11T13:09:00Z,18733.0,18733.6,4821,1529.50781,1529.50799,0.04131000000006679,3.4627454886185616e-05,-0.0014999999996071212
2025-09-11T13:09:00Z,18733.0,18733.7,4822,1529.50799,1529.50781,0.0411300000000665,3.44765727298188e-05,-0.0008999999999654285
2025-09-11T13:09:00Z,18733.0,18733.8,4823,1529.50781,1529.50781,0.0411300000000665,3.44765727298188e-05,-0.0009499999998372199
2025-09-11T13:09:00Z,18733.0,18733.9,4824,1529.50762,1529.50762,0.04094000000009146,3.431730823145277e-05,-0.0015500000006157255
2025-09-11T13:09:00Z,18734.0,18734.0,4825,1529.50741,1529.5075,0.04081999999993968,3.421672012708116e-05,-0.0010500000007749033
2025-09-11T13:09:01Z,18734.0,18734.1,4826,1529.5075,1529.50741,0.04072999999993954,3.414127904889775e-05,-0.0004500000000154658
2025-09-11T13:09:01Z,18734.0,18734.2,4827,1529.5074,1529.50741,0.04072999999993954,3.414127904889775e-05,-4.9999999875399714e-05
2025-09-11T13:09:01Z,18734.0,18734.3,4828,1529.50707,1529.5074,0.040719999999964784,3.413289670689855e-05,-0.0007999999990886963
2025-09-11T13:09:01Z,18734.0,18734.4,4829,1529.50743,1529.50725,0.040570000000116124,3.400716157671993e-05,-0.0016499999992442005
2025-09-11T13:09:01Z,18734.0,18734.5,4830,1529.50687,1529.50707,0.04039000000011583,3.38562794203531e-05,-0.0019000000009149476
2025-09-11T13:09:01Z,18734.0,18734.6,4831,1529.50725,1529.50687,0.040189999999938664,3.368863257979729e-05,-0.0016500000003883686
2025-09-11T13:09:01Z,18734.0,18734.7,4832,1529.50674,1529.50674,0.04006000000003951,3.3579662133617065e-05,-0.0006499999994697692
2025-09-11T13:09:01Z,18734.0,18734.8,4833,1529.50657,1529.50674,0.04006000000003951,3.3579662133617065e-05,0.0
2025-09-11T13:09:01Z,18734.0,18734.9,4834,1529.50671,1529.50674,0.04006000000003951,3.3579662133617065e-05,0.00024999999937699857
2025-09-11T13:09:01Z,18735.0,18735.0,4835,1529.50679,1529.50679,0.04010999999991327,3.362157384361308e-05,0.20440000000305228
2025-09-11T13:09:02Z,18735.0,18735.1,4836,1529.54762,1529.54762,0.08094000000005508,6.784667631288403e-05,0.5036999999951324
2025-09-11T13:09:02Z,18735.0,18735.2,4837,1529.60753,1529.60753,0.14085000000000036,0.00011806528735684752,0.7017000000007985
2025-09-11T13:09:02Z,18735.0,18735.3,4838,1529.68796,1529.68796,0.22127999999997883,0.00018548446422662868,0.7035000000007294
2025-09-11T13:09:02Z,18735.0,18735.4,4839,1529.74823,1529.74823,0.2815499999999247,0.00023600483958332582,0.8136500000047666
2025-09-11T13:09:02Z,18735.0,18735.5,4840,1529.85069,1529.85069,0.3840099999999893,0.00032189031592404427,0.9555500000138082
2025-09-11T13:09:02Z,18735.0,18735.6,4841,1529.96273,1529.93934,0.47265999999990527,0.00039619977793451343,0.4432500000140924
2025-09-11T13:09:02Z,18735.0,18735.7,4842,1529.94504,1529.93934,0.47265999999990527,0.00039619977793451343,0.0
2025-09-11T13:09:02Z,18735.0,18735.8,4843,1529.93934,1529.93934,0.47265999999990527,0.00039619977793451343,-0.01574999999939486
2025-09-11T13:09:02Z,18735.0,18735.9,4844,1529.93619,1529.93619,0.4695099999999002,0.00039355934019809406,-0.029999999999126725
2025-09-11T13:09:02Z,18736.0,18736.0,4845,1529.93334,1529.93334,0.46666000000004715,0.0003911703727224131,-0.023000000000245713
2025-09-11T13:09:03Z,18736.0,18736.1,4846,1529.93159,1529.93159,0.464909999999918,0.0003897034628687409,-0.01835000000018505
2025-09-11T13:09:03Z,18736.0,18736.2,4847,1529.92967,1529.92967,0.4629899999999907,0.0003880940532008917,-0.018549999999685873
2025-09-11T13:09:03Z,18736.0,18736.3,4848,1529.92788,1529.92788,0.46119999999996253,0.0003865936139792226,-0.015250000000192276
2025-09-11T13:09:03Z,18736.0,18736.4,4849,1529.92662,1529.92662,0.4599399999999605,0.0003855374388846549,-0.012950000000239381
2025-09-11T13:09:03Z,18736.0,18736.5,4850,1529.92529,1529.92529,0.4586099999999078,0.00038442258739590214,-0.012899999999450795
2025-09-11T13:09:03Z,18736.0,18736.6,4851,1529.92404,1529.92404,0.4573600000001079,0.0003833747946435242,-0.01264999999984262
2025-09-11T13:09:03Z,18736.0,18736.7,4852,1529.92276,1529.92276,0.456079999999929,0.00038230185486476745,-0.012000000000325972
2025-09-11T13:09:03Z,18736.0,18736.8,4853,1529.92164,1529.92164,0.45496000000002823,0.0003813630325585697,-0.00945000000004459
2025-09-11T13:09:03Z,18736.0,18736.9,4854,1529.92087,1529.92087,0.45418999999992593,0.0003807175922229158,-0.008300000000636132
2025-09-11T13:09:03Z,18737.0,18737.0,4855,1529.91998,1529.91998,0.45329999999989923,0.0003799715637830809,-0.008849999999385183
2025-09-11T13:09:04Z,18737.0,18737.1,4856,1529.9191,1529.9191,0.45242000000007465,0.00037923391768543576,-0.007449999999403101
2025-09-11T13:09:04Z,18737.0,18737.2,4857,1529.91849,1529.91849,0.45181000000002314,0.0003787225948221503,-0.00620000000024401
2025-09-11T13:09:04Z,18737.0,18737.3,4858,1529.91786,1529.91786,0.4511800000000221,0.0003781945072748664,-0.007799999999550611
2025-09-11T13:09:04Z,18737.0,18737.4,4859,1529.91693,1529.91693,0.4502500000000964,0.0003774149494670347,-0.00710000000015798
2025-09-11T13:09:04Z,18737.0,18737.5,4860,1529.91644,1529.91644,0.4497599999999693,0.00037700421470793027,-0.004750000000582233
2025-09-11T13:09:04Z,18737.0,18737.6,4861,1529.91598,1529.91598,0.4492999999999938,0.000376618626975014,-0.0067000000000363436
2025-09-11T13:09:04Z,18737.0,18737.7,4862,1529.9151,1529.9151,0.44841999999994187,0.0003758809808771783,-0.005099999999476079
2025-09-11T13:09:04Z,18737.0,18737.8,4863,1529.91496,1529.91496,0.44828000000006796,0.0003757636280889989,-0.0048500000001174826
2025-09-11T13:09:04Z,18737.0,18737.9,4864,1529.91413,1529.91413,0.44744999999988977,0.00037506789370115917,-0.005100000000631155
2025-09-11T13:09:04Z,18738.0,18738.0,4865,1529.91394,1529.91394,0.4472599999999147,0.00037490862920279313,-0.003449999999297848
2025-09-11T13:09:05Z,18738.0,18738.1,4866,1529.91344,1529.91344,0.44676000000004024,0.0003744895121018801,-0.21189999999103426
2025-09-11T13:09:05Z,18738.0,18738.2,4867,1529.87156,1529.87156,0.4048800000000483,0.0003393842637205964,-1.2933000000269268
2025-09-11T13:09:05Z,18738.0,18738.3,4868,1529.65478,1529.65478,0.18810000000007676,0.00015767185340313827,-1.3477000000249637
2025-09-11T13:09:05Z,18738.0,18738.4,4869,1529.60202,1529.60202,0.13534000000004198,0.00011344661690366105,-0.4331499999950569
2025-09-11T13:09:05Z,18738.0,18738.5,4870,1529.56815,1529.56815,0.10147000000006301,8.505562448070093e-05,-0.29135000000420547
2025-09-11T13:09:05Z,18738.0,18738.6,4871,1529.54375,1529.54375,0.07707000000004882,6.460270995099737e-05,-0.213650000000925
2025-09-11T13:09:05Z,18738.0,18738.7,4872,1529.52542,1529.52542,0.05873999999994339,4.923787702757914e-05,-0.1266999999981901
2025-09-11T13:09:05Z,18738.0,18738.8,4873,1529.51841,1529.51841,0.051729999999906795,4.336185527127229e-05,-0.040250000000499275
2025-09-11T13:09:05Z,18738.0,18738.9,4874,1529.51737,1529.51737,0.05069000000003143,4.249009170125876e-05,-0.009849999998949532
2025-09-11T13:09:05Z,18739.0,18739.0,4875,1529.51644,1529.51644,0.04976000000010572,4.1710533893427046e-05,-0.007950000000507468
2025-09-11T13:09:06Z,18739.0,18739.1,4876,1529.51578,1529.51578,0.04909999999995307,4.115729931995497e-05,-0.0065500000004938275
2025-09-11T13:09:06Z,18739.0,18739.2,4877,1529.51513,1529.51513,0.04845000000000255,4.061244708867269e-05,-0.006299999999979988
2025-09-11T13:09:06Z,18739.0,18739.3,4878,1529.51452,1529.51452,0.04783999999995103,4.0101124225387214e-05,-0.00435000000043384
2025-09-11T13:09:06Z,18739.0,18739.4,4879,1529.51426,1529.51426,0.04757999999992535,3.988318333283619e-05,-0.004099999999919973
2025-09-11T13:09:06Z,18739.0,18739.5,4880,1529.5137,1529.5137,0.04701999999997497,3.941377217973732e-05,-0.005299999999201471
2025-09-11T13:09:06Z,18739.0,18739.6,4881,1529.5132,1529.5132,0.04652000000010048,3.899465507882425e-05,-0.0031000000001891737
2025-09-11T13:09:06Z,18739.0,18739.7,4882,1529.51308,1529.51308,0.046399999999948704,3.889406697445264e-05,-0.003600000000080039
2025-09-11T13:09:06Z,18739.0,18739.8,4883,1529.51248,1529.51248,0.04580000000009932,3.839112645335696e-05,-0.006049999999480665
2025-09-11T13:09:06Z,18739.0,18739.9,4884,1529.51187,1529.51187,0.0451900000000478,3.787980359007149e-05,-0.004100000000929499
2025-09-11T13:09:06Z,18740.0,18740.0,4885,1529.51166,1529.51166,0.04497999999989588,3.770377440751647e-05,-0.0018999999997780792
2025-09-11T13:09:07Z,18740.0,18740.1,4886,1529.51149,1529.51149,0.044810000000097716,3.756127459333944e-05,-0.0009499999998990316
2025-09-11T13:09:07Z,18740.0,18740.2,4887,1529.51147,1529.51147,0.04478999999992084,3.7544509909150445e-05,-0.003950000000381065
2025-09-11T13:09:07Z,18740.0,18740.3,4888,1529.5107,1529.5107,0.04402000000004591,3.689906957368715e-05,-0.004000000000252829
2025-09-11T13:09:07Z,18740.0,18740.4,4889,1529.51057,1529.51067,0.04398999999989428,3.687392254749895e-05,-0.0006500000006430251
2025-09-11T13:09:07Z,18740.0,18740.5,4890,1529.51067,1529.51057,0.04388999999991938,3.679009912731634e-05,-0.0012999999990104538
2025-09-11T13:09:07Z,18740.0,18740.6,4891,1529.51041,1529.51041,0.04373000000009597,3.665598165513851e-05,-0.002299999999843566
2025-09-11T13:09:07Z,18740.0,18740.7,4892,1529.51011,1529.51011,0.0434299999999439,3.640451139440008e-05,-0.003650000001026832
2025-09-11T13:09:07Z,18740.0,18740.8,4893,1529.50968,1529.50968,0.04299999999989268,3.604407068748143e-05,-0.0033999999993942764
2025-09-11T13:09:07Z,18740.0,18740.9,4894,1529.50943,1529.50943,0.04275000000006912,3.583451213712019e-05,-0.0017999999999709082
2025-09-11T13:09:07Z,18741.0,18741.0,4895,1529.50932,1529.50932,0.0426399999998921,3.574230637474779e-05,-0.0008000000002655883
2025-09-11T13:09:08Z,18741.0,18741.1,4896,1529.50927,1529.50927,0.042590000000018335,3.5700394664751774e-05,-0.0006499999994879491
2025-09-11T13:09:08Z,18741.0,18741.2,4897,1529.50919,1529.50919,0.04250999999999294,3.5633335928567565e-05,-0.0022500000000481857
2025-09-11T13:09:08Z,18741.0,18741.3,4898,1529.50882,1529.50882,0.04214000000001761,3.532318927383472e-05,-0.002150000000304686
2025-09-11T13:09:08Z,18741.0,18741.4,4899,1529.50876,1529.50876,0.04207999999994172,3.527289522164892e-05,-0.0013999999998999535
2025-09-11T13:09:08Z,18741.0,18741.5,4900,1529.50854,1529.50854,0.04186000000004242,3.508848369728528e-05,-0.0017500000001546001
2025-09-11T13:09:08Z,18741.0,18741.6,4901,1529.50841,1529.50841,0.04172999999991589,3.497951325091447e-05,-0.0015500000006193615
2025-09-11T13:09:08Z,18741.0,18741.7,4902,1529.50823,1529.50823,0.0415499999999156,3.482863109454765e-05,-0.0016499999992332925
2025-09-11T13:09:08Z,18741.0,18741.8,4903,1529.50808,1529.50808,0.04140000000006694,3.470289596436903e-05,-0.0019499999996007433
2025-09-11T13:09:08Z,18741.0,18741.9,4904,1529.50781,1529.50784,0.04115999999999076,3.4501719755816404e-05,-0.001300000000083651
2025-09-11T13:09:08Z,18742.0,18742.0,4905,1529.50784,1529.50782,0.041140000000041255,3.4484955071817995e-05,-0.00014999999962345134
2025-09-11T13:09:09Z,18742.0,18742.1,4906,1529.50782,1529.50781,0.0411300000000665,3.44765727298188e-05,-0.0005999999996016692
2025-09-11T13:09:09Z,18742.0,18742.2,4907,1529.50764,1529.5077,0.04102000000011685,3.4384366967636984e-05,-0.0008500000001154806
2025-09-11T13:09:09Z,18742.0,18742.3,4908,1529.5077,1529.50764,0.040960000000040964,3.433407291545118e-05,-0.0013499999999699863
2025-09-11T13:09:09Z,18742.0,18742.4,4909,1529.50743,1529.50743,0.040750000000116415,3.4158043733086746e-05,-0.0012500000002191869
2025-09-11T13:09:09Z,18742.0,18742.5,4910,1529.50732,1529.50739,0.04070999999999003,3.412451436489935e-05,-0.0005500000008931416
2025-09-11T13:09:09Z,18742.0,18742.6,4911,1529.50739,1529.50732,0.04063999999993939,3.406583797071434e-05,-0.001700000000212809
2025-09-11T13:09:09Z,18742.0,18742.7,4912,1529.50705,1529.50705,0.040369999999938955,3.3839514736164105e-05,-0.0016999999990759684
2025-09-11T13:09:09Z,18742.0,18742.8,4913,1529.50694,1529.50698,0.04030000000011569,3.378083834216969e-05,-0.0005499999997517213
2025-09-11T13:09:09Z,18742.0,18742.9,4914,1529.50698,1529.50694,0.040259999999989304,3.374730897398229e-05,-0.0012500000002810263
2025-09-11T13:09:09Z,18743.0,18743.0,4915,1529.50673,1529.50673,0.040050000000064756,3.357127979161787e-05,-0.0013500000000218337
2025-09-11T13:09:10Z,18743.0,18743.1,4916,1529.50667,1529.50667,0.03998999999998887,3.352098573943206e-05,-0.0005499999997480853
2025-09-11T13:09:10Z,18743.0,18743.2,4917,1529.50644,1529.50662,0.039940000000115106,3.3479074029436047e-05,-0.0006499999994988848
2025-09-11T13:09:10Z,18743.0,18743.3,4918,1529.50662,1529.50654,0.03986000000008971,3.341201529325184e-05,-0.000899999999994544
2025-09-11T13:09:10Z,18743.0,18743.4,4919,1529.50654,1529.50644,0.039760000000114815,3.332819187306923e-05,-0.0013500000000100099
2025-09-11T13:09:10Z,18743.0,18743.5,4920,1529.50623,1529.50627,0.039590000000089276,3.318569205870161e-05,-0.0010500000007748755
2025-09-11T13:09:10Z,18743.0,18743.6,4921,1529.50627,1529.50623,0.03954999999996289,3.315216269051421e-05,-0.0015000000007148462
2025-09-11T13:09:10Z,18743.0,18743.7,4922,1529.50593,1529.50597,0.03928999999993721,3.2934221797963175e-05,-0.0014999999995780056
2025-09-11T13:09:10Z,18743.0,18743.8,4923,1529.50573,1529.50593,0.0392500000000382,3.2900692429966365e-05,-0.0010499999995952636
2025-09-11T13:09:10Z,18743.0,18743.9,4924,1529.50597,1529.50576,0.03908000000001266,3.275819261559875e-05,-0.0009999999997198639
2025-09-11T13:09:10Z,18744.0,18744.0,4925,1529.50576,1529.50573,0.0390500000000884,3.2733045589601145e-05,-0.000700000000516593
2025-09-11T13:09:11Z,18744.0,18744.1,4926,1529.50562,1529.50562,0.03893999999991138,3.2640839827228735e-05,-0.0008000000002619245
2025-09-11T13:09:11Z,18744.0,18744.2,4927,1529.50557,1529.50557,0.03889000000003762,3.259892811723272e-05,-0.0014499999997789892
2025-09-11T13:09:11Z,18744.0,18744.3,4928,1529.50533,1529.50533,0.03864999999996144,3.2397751908680096e-05,-0.0013999999999072532
2025-09-11T13:09:11Z,18744.0,18744.4,4929,1529.50529,1529.50529,0.03861000000006243,3.2364222540683286e-05,-0.00019999999948705494
2025-09-11T13:09:11Z,18744.0,18744.5,4930,1529.50522,1529.50529,0.03861000000006243,3.2364222540683286e-05,-4.999999987448378e-05
2025-09-11T13:09:11Z,18744.0,18744.6,4931,1529.50528,1529.50528,0.038600000000087675,3.235584019868409e-05,-0.00035000000024282274
2025-09-11T13:09:11Z,18744.0,18744.7,4932,1529.50529,1529.50522,0.03854000000001179,3.230554614649828e-05,-0.0014500000009121938
2025-09-11T13:09:11Z,18744.0,18744.8,4933,1529.50499,1529.50499,0.03830999999991036,3.211275227994486e-05,-0.0012500000002882983
2025-09-11T13:09:11Z,18744.0,18744.9,4934,1529.50497,1529.50497,0.038289999999960855,3.209598759594645e-05,-0.0004999999998835936
2025-09-11T13:09:11Z,18745.0,18745.0,4935,1529.50487,1529.50489,0.03820999999993546,3.2028928859762244e-05,-0.0004999999998817617
2025-09-11T13:09:12Z,18745.0,18745.1,4936,1529.50489,1529.50487,0.03818999999998596,3.201216417576384e-05,-9.999999975079943e-05
2025-09-11T13:09:12Z,18745.0,18745.2,4937,1529.50487,1529.50487,0.03818999999998596,3.201216417576384e-05,-0.00019999999950159886
2025-09-11T13:09:12Z,18745.0,18745.3,4938,1529.50461,1529.50483,0.03815000000008695,3.197863480776703e-05,-0.0013000000000909506
2025-09-11T13:09:12Z,18745.0,18745.4,4939,1529.50483,1529.50461,0.03792999999996027,3.179422328321281e-05,-0.001650000000355617
2025-09-11T13:09:12Z,18745.0,18745.5,4940,1529.50447,1529.5045,0.03782000000001062,3.1702017521030995e-05,-0.0006999999993797246
2025-09-11T13:09:12Z,18745.0,18745.6,4941,1529.5045,1529.50447,0.037790000000086366,3.167687049503339e-05,-0.0018999999996852923
2025-09-11T13:09:12Z,18745.0,18745.7,4942,1529.50412,1529.50412,0.037440000000060536,3.138348852429895e-05,-0.013850000000601187
2025-09-11T13:09:12Z,18745.0,18745.8,4943,1529.4985,1529.5017,0.03502000000003136,2.9354961755346055e-05,-0.025500000000280132
2025-09-11T13:09:12Z,18745.0,18745.9,4944,1529.5017,1529.49902,0.0323399999999765,2.710849409384213e-05,-0.016000000000080034
2025-09-11T13:09:12Z,18746.0,18746.0,4945,1529.49902,1529.4985,0.03181999999992513,2.667261230874007e-05,-0.023649999999750787
2025-09-11T13:09:13Z,18746.0,18746.1,4946,1529.49429,1529.49429,0.02761000000009517,2.3143646318308753e-05,-0.04269999999888131
2025-09-11T13:09:13Z,18746.0,18746.2,4947,1529.48839,1529.48996,0.023280000000113432,1.9514092223505826e-05,-0.023799999999368826
2025-09-11T13:09:13Z,18746.0,18746.3,4948,1529.48996,1529.48953,0.02285000000006221,1.9153651516587175e-05,-0.007850000000486579
2025-09-11T13:09:13Z,18746.0,18746.4,4949,1529.48953,1529.48839,0.021709999999984575,1.8198064526200437e-05,-0.006100000000300143
2025-09-11T13:09:13Z,18746.0,18746.5,4950,1529.48831,1529.48831,0.021629999999959182,1.813100579001623e-05,-0.00040000000013279413
2025-09-11T13:09:13Z,18746.0,18746.6,4951,1529.4873,1529.48831,0.021629999999959182,1.813100579001623e-05,-0.005049999999553453
2025-09-11T13:09:13Z,18746.0,18746.7,4952,1529.48681,1529.4873,0.020620000000008076,1.7284389246000306e-05,-0.005549999999444291
2025-09-11T13:09:13Z,18746.0,18746.8,4953,1529.48943,1529.4872,0.02052000000003318,1.7200565825817693e-05,-0.0004999999998908655
2025-09-11T13:09:13Z,18746.0,18746.9,4954,1529.4872,1529.4872,0.02052000000003318,1.7200565825817693e-05,1.3877787807814457e-17
2025-09-11T13:09:13Z,18747.0,18747.0,4955,1529.4841,1529.4872,0.02052000000003318,1.7200565825817693e-05,-0.01550000000088221
2025-09-11T13:09:14Z,18747.0,18747.1,4956,1529.48843,1529.4841,0.017419999999901847,1.460203979939432e-05,-0.019300000000512962
2025-09-11T13:09:14Z,18747.0,18747.2,4957,1529.48334,1529.48334,0.016660000000001673,1.3964981805930225e-05,-0.015949999999766262
2025-09-11T13:09:14Z,18747.0,18747.3,4958,1529.47839,1529.48091,0.014229999999997744,1.192807269497813e-05,-0.013300000000878567
2025-09-11T13:09:14Z,18747.0,18747.4,4959,1529.48091,1529.48068,0.013999999999896318,1.1735278828424705e-05,-0.012600000000349248
2025-09-11T13:09:14Z,18747.0,18747.5,4960,1529.48068,1529.47839,0.01170999999999367,9.815722505842623e-06,-0.034949999999807184
2025-09-11T13:09:14Z,18747.0,18747.6,4961,1529.47369,1529.47369,0.007010000000036598,5.87602175630685e-06,-0.037300000000403816
2025-09-11T13:09:14Z,18747.0,18747.7,4962,1529.46954,1529.47093,0.004249999999956344,3.562495358618718e-06,-0.017099999999583452
2025-09-11T13:09:14Z,18747.0,18747.8,4963,1529.47093,1529.47027,0.0035900000000310683,3.0092607853372352e-06,-0.005499999999776264
2025-09-11T13:09:14Z,18747.0,18747.9,4964,1529.47027,1529.46983,0.003150000000005093,2.6404377364193828e-06,1.600698740222839e-13
2025-09-11T13:09:14Z,18748.0,18748.0,4965,1529.4666,1529.47027,0.0035900000000310683,3.0092607853372352e-06,0.002200000000161892
2025-09-11T13:09:15Z,18748.0,18748.1,4966,1529.46983,1529.47027,0.0035900000000310683,3.0092607853372352e-06,0.010349999999602552
2025-09-11T13:09:15Z,18748.0,18748.2,4967,1529.47234,1529.47234,0.005660000000034415,4.744405583555687e-06,0.023649999999427924
2025-09-11T13:09:15Z,18748.0,18748.3,4968,1529.475,1529.475,0.008319999999912397,6.974108560870614e-06,0.028649999999109606
2025-09-11T13:09:15Z,18748.0,18748.4,4969,1529.47807,1529.47807,0.011389999999892098,9.547487561105787e-06,0.03410000000030741
2025-09-11T13:09:15Z,18748.0,18748.5,4970,1529.48182,1529.48182,0.015139999999973952,1.269086581881144e-05,0.051050000001457006
2025-09-11T13:09:15Z,18748.0,18748.6,4971,1529.48828,1529.48828,0.021600000000034925,1.8105858764018623e-05,0.056950000000668466
2025-09-11T13:09:15Z,18748.0,18748.7,4972,1529.49321,1529.49321,0.026530000000093423,2.223835338010782e-05,0.04659999999917601
2025-09-11T13:09:15Z,18748.0,18748.8,4973,1529.4976,1529.4976,0.030919999999923675,2.591820152690596e-05,0.029850000000071875
2025-09-11T13:09:15Z,18748.0,18748.9,4974,1529.49918,1529.49918,0.032500000000027285,2.724261156621055e-05,0.02815000000089768
2025-09-11T13:09:15Z,18749.0,18749.0,4975,1529.50323,1529.50323,0.03655000000003383,3.063746008446404e-05,0.020250000000327423
2025-09-11T13:09:16Z,18749.0,18749.1,4976,1529.50585,1529.50323,0.03655000000003383,3.063746008446404e-05,0.0
2025-09-11T13:09:16Z,18749.0,18749.2,4977,1529.505,1529.50323,0.03655000000003383,3.063746008446404e-05,-0.0033500000007467
2025-09-11T13:09:16Z,18749.0,18749.3,4978,1529.50173,1529.50256,0.03587999999990643,3.007584316899276e-05,-0.0033500000007467
2025-09-11T13:09:16Z,18749.0,18749.4,4979,1529.50256,1529.50256,0.03587999999990643,3.007584316899276e-05,0.0
2025-09-11T13:09:16Z,18749.0,18749.5,4980,1529.48976,1529.50256,0.03587999999990643,3.007584316899276e-05,0.0028000000009295034
2025-09-11T13:09:16Z,18749.0,18749.6,4981,1529.50312,1529.50312,0.03644000000008418,3.054525432228223e-05,0.006150000000346489
2025-09-11T13:09:16Z,18749.0,18749.7,4982,1529.50571,1529.50379,0.03710999999998421,3.110687123756291e-05,0.0053999999999418125
2025-09-11T13:09:16Z,18749.0,18749.8,4983,1529.5042,1529.5042,0.03752000000008593,3.145054726048316e-05,0.004850000000215543
2025-09-11T13:09:16Z,18749.0,18749.9,4984,1529.50379,1529.50476,0.03808000000003631,3.191995841358203e-05,0.0017499999999827098
2025-09-11T13:09:16Z,18750.0,18750.0,4985,1529.50598,1529.50455,0.03787000000011176,3.17439292312176e-05,0.0
2025-09-11T13:09:17Z,18750.0,18750.1,4986,1529.50476,1529.50476,0.03808000000003631,3.191995841358203e-05,0.0010499999996571308
2025-09-11T13:09:17Z,18750.0,18750.2,4987,1529.50455,1529.50476,0.03808000000003631,3.191995841358203e-05,-0.0010499999996571308
2025-09-11T13:09:17Z,18750.0,18750.3,4988,1529.50624,1529.50455,0.03787000000011176,3.17439292312176e-05,-0.001049999999657103
2025-09-11T13:09:17Z,18750.0,18750.4,4989,1529.50441,1529.50455,0.03787000000011176,3.17439292312176e-05,-0.0007000000005293328
2025-09-11T13:09:17Z,18750.0,18750.5,4990,1529.50381,1529.50441,0.03773000000001048,3.162657644284758e-05,-0.000700000000516593
2025-09-11T13:09:17Z,18750.0,18750.6,4991,1529.50495,1529.50441,0.03773000000001048,3.162657644284758e-05,0.0022999999997853626
2025-09-11T13:09:17Z,18750.0,18750.7,4992,1529.50393,1529.50487,0.03818999999998596,3.201216417576384e-05,0.002399999999536162
2025-09-11T13:09:17Z,18750.0,18750.8,4993,1529.50487,1529.50489,0.03820999999993546,3.2028928859762244e-05,9.999999975079943e-05
2025-09-11T13:09:17Z,18750.0,18750.9,4994,1529.50549,1529.50489,0.03820999999993546,3.2028928859762244e-05,0.001550000000684837
2025-09-11T13:09:17Z,18751.0,18751.0,4995,1529.50489,1529.5052,0.03852000000006228,3.228878146249988e-05,0.0022000000001619058
2025-09-11T13:09:18Z,18751.0,18751.1,4996,1529.5052,1529.50533,0.03864999999996144,3.2397751908680096e-05,4.729550084903167e-14
2025-09-11T13:09:18Z,18751.0,18751.2,4997,1529.5055,1529.5052,0.03852000000006228,3.228878146249988e-05,4.729550084903167e-14
2025-09-11T13:09:18Z,18751.0,18751.3,4998,1529.50533,1529.50533,0.03864999999996144,3.2397751908680096e-05,0.0014999999996107294
2025-09-11T13:09:18Z,18751.0,18751.4,4999,1529.50485,1529.5055,0.038819999999986976,3.254025172304772e-05,0.0026000000002801005
2025-09-11T13:09:18Z,18751.0,18751.5,5000,1529.50603,1529.50585,0.039170000000012806,3.2833633693782156e-05,0.0023999999996598687
2025-09-11T13:09:18Z,18751.0,18751.6,5001,1529.50585,1529.50598,0.03929999999991196,3.294260413996238e-05,0.0006499999995170647
2025-09-11T13:09:18Z,18751.0,18751.7,5002,1529.50598,1529.50598,0.03929999999991196,3.294260413996238e-05,0.0
2025-09-11T13:09:18Z,18751.0,18751.8,5003,1529.50602,1529.50598,0.03929999999991196,3.294260413996238e-05,0.0002000000006239233
2025-09-11T13:09:18Z,18751.0,18751.9,5004,1529.50559,1529.50602,0.039340000000038344,3.297613350814978e-05,0.006850000001105028
2025-09-11T13:09:18Z,18752.0,18752.0,5005,1529.50735,1529.50735,0.04067000000009102,3.409098499690254e-05,0.010151428571890268
2025-09-11T13:09:19Z,18752.0,18752.25,5006,1529.50792,1529.50792,0.04124000000001615,3.456877849200061e-05,0.0023299999998016574
2025-09-11T13:09:19Z,18752.0,18752.5,5007,1529.50911,1529.508515,0.04183499999999185,3.506752784219198e-05,0.002379999999902793
2025-09-11T13:09:19Z,18752.0,18752.75,5008,1529.50936,1529.50911,0.04242999999996755,3.556627719238336e-05,0.002379999999902793
