timestamp,time_s,effective_time_s,sample_index,wl_1_nm,wl_2_nm,wl_3_nm,wl_4_nm,wl_5_nm,wl_6_nm,wl_7_nm,wl_8_nm,wl_9_nm,wl_10_nm,wl_11_nm,wl_12_nm,wl_13_nm,wl_14_nm,wl_15_nm,wl_16_nm,wl_1_filtered_nm,wl_1_delta_nm,wl_1_strain,wl_1_derivative_nm_per_s,wl_2_filtered_nm,wl_2_delta_nm,wl_2_strain,wl_2_derivative_nm_per_s,wl_3_filtered_nm,wl_3_delta_nm,wl_3_strain,wl_3_derivative_nm_per_s,wl_4_filtered_nm,wl_4_delta_nm,wl_4_strain,wl_4_derivative_nm_per_s,wl_5_filtered_nm,wl_5_delta_nm,wl_5_strain,wl_5_derivative_nm_per_s,wl_6_filtered_nm,wl_6_delta_nm,wl_6_strain,wl_6_derivative_nm_per_s,wl_7_filtered_nm,wl_7_delta_nm,wl_7_strain,wl_7_derivative_nm_per_s,wl_8_filtered_nm,wl_8_delta_nm,wl_8_strain,wl_8_derivative_nm_per_s,wl_9_filtered_nm,wl_9_delta_nm,wl_9_strain,wl_9_derivative_nm_per_s,wl_10_filtered_nm,wl_10_delta_nm,wl_10_strain,wl_10_derivative_nm_per_s,wl_11_filtered_nm,wl_11_delta_nm,wl_11_strain,wl_11_derivative_nm_per_s,wl_12_filtered_nm,wl_12_delta_nm,wl_12_strain,wl_12_derivative_nm_per_s,wl_13_filtered_nm,wl_13_delta_nm,wl_13_strain,wl_13_derivative_nm_per_s,wl_14_filtered_nm,wl_14_delta_nm,wl_14_strain,wl_14_derivative_nm_per_s,wl_15_filtered_nm,wl_15_delta_nm,wl_15_strain,wl_15_derivative_nm_per_s,wl_16_filtered_nm,wl_16_delta_nm,wl_16_strain,wl_16_derivative_nm_per_s
2025-09-03T11:46:08Z,15378.0,15378.0,0,1537.73161,,,,,,,,,,,,,,,,1537.73177,-0.0001599999998234125,-1.3339659592150819e-07,-0.0007500000015143087,,,,0.0,,,,0.0,,,,0.0,,,,0.0,,,,0.0,,,,0.0,,,,0.0,,,,0.0,,,,0.0,,,,0.0,,,,0.0,,,,0.0,,,,0.0,,,,0.0,,,,0.0
2025-09-03T11:46:08Z,15378.0,15378.1,1,1537.73231,,,,,,,,,,,,,,,,1537.731695,-0.00023499999997511622,-1.959262504552071e-07,0.0,,,,0.0,,,,0.0,,,,0.0,,,,0.0,,,,0.0,,,,0.0,,,,0.0,,,,0.0,,,,0.0,,,,0.0,,,,0.0,,,,0.0,,,,0.0,,,,0.0,,,,0.0
2025-09-03T11:46:08Z,15378.0,15378.2,2,1537.73177,,,,,,,,,,,,,,,,1537.73177,-0.0001599999998234125,-1.3339659592150819e-07,0.0008250000007651126,,,,0.0,,,,0.0,,,,7.105427357601002e-15,,,,0.0,,,,0.0,,,,0.0,,,,0.0,,,,0.0,,,,0.0,,,,0.0,,,,0.0,,,,0.0,,,,0.0,,,,0.0,,,,0.0
2025-09-03T11:46:08Z,15378.0,15378.3,3,1537.73162,,,,,,,,,,,,,,,,1537.73186,-6.999999982326699e-05,-5.836101063272384e-08,1.6370802283227626e-14,,,,0.0,,,,0.0,,,,-7.105427357601002e-15,,,,0.0,,,,0.0,,,,0.0,,,,0.0,,,,0.0,,,,0.0,,,,0.0,,,,0.0,,,,0.0,,,,0.0,,,,0.0,,,,0.0
2025-09-03T11:46:08Z,15378.0,15378.4,4,1537.73214,,,,,,,,,,,,,,,,1537.73177,-0.0001599999998234125,-1.3339659592150819e-07,0.0,,,,0.0,,,,0.0,,,,0.0,,,,0.0,,,,0.0,,,,0.0,,,,0.0,,,,0.0,,,,0.0,,,,0.0,,,,0.0,,,,0.0,,,,0.0,,,,0.0,,,,0.0
2025-09-03T11:46:08Z,15378.0,15378.5,5,1537.73186,,,,,,,,,,,,,,,,1537.73186,-6.999999982326699e-05,-5.836101063272384e-08,0.00044999999999909045,,,,0.0,,,,0.0,,,,0.0,,,,0.0,,,,0.0,,,,0.0,,,,0.0,,,,0.0,,,,0.0,,,,0.0,,,,0.0,,,,0.0,,,,0.0,,,,0.0,,,,0.0
2025-09-03T11:46:08Z,15378.0,15378.6,6,1537.73138,,,,,,,,,,,,,,,,1537.73186,-6.999999982326699e-05,-5.836101063272384e-08,0.0,,,,0.0,,,,0.0,,,,0.0,,,,0.0,,,,0.0,,,,0.0,,,,0.0,,,,0.0,,,,0.0,,,,0.0,,,,0.0,,,,0.0,,,,0.0,,,,0.0,,,,0.0
2025-09-03T11:46:09Z,15378.0,15378.7,7,1537.73215,,,,,,,,,,,,,,,,1537.73186,-6.999999982326699e-05,-5.836101063272384e-08,-0.00010000000088675729,,,,0.0,,,,0.0,,,,7.105427357601002e-15,,,,0.0,,,,0.0,,,,0.0,,,,0.0,,,,0.0,,,,0.0,,,,0.0,,,,0.0,,,,0.0,,,,0.0,,,,0.0,,,,0.0
2025-09-03T11:46:09Z,15378.0,15378.8,8,1537.73184,,,,,,,,,,,,,,,,1537.73184,-9.000000000014552e-05,-7.503558528878433e-08,-0.00010000000088675735,,,,0.0,,,,0.0,,,,-7.105427357601002e-15,,,,0.0,,,,0.0,,,,0.0,,,,0.0,,,,0.0,,,,0.0,,,,0.0,,,,0.0,,,,0.0,,,,0.0,,,,0.0,,,,0.0
2025-09-03T11:46:09Z,15378.0,15378.9,9,1537.73235,,,,,,,,,,,,,,,,1537.73184,-9.000000000014552e-05,-7.503558528878433e-08,-0.0007499999992405719,,,,0.0,,,,0.0,,,,0.0,,,,0.0,,,,0.0,,,,0.0,,,,0.0,,,,0.0,,,,0.0,,,,0.0,,,,0.0,,,,0.0,,,,0.0,,,,0.0,,,,0.0
2025-09-03T11:46:09Z,15379.0,15379.0,10,1537.73157,,,,,,,,,,,,,,,,1537.73169,-0.0002399999998488056,-2.0009489397704626e-07,-0.0007499999992405719,,,,0.0,,,,0.0,,,,0.0,,,,0.0,,,,0.0,,,,0.0,,,,0.0,,,,0.0,,,,0.0,,,,0.0,,,,0.0,,,,0.0,,,,0.0,,,,0.0,,,,0.0
2025-09-03T11:46:09Z,15379.0,15379.1,11,1537.73165,,,,,,,,,,,,,,,,1537.73169,-0.0002399999998488056,-2.0009489397704626e-07,0.0,,,,0.0,,,,0.0,,,,0.0,,,,0.0,,,,0.0,,,,0.0,,,,0.0,,,,0.0,,,,0.0,,,,0.0,,,,0.0,,,,0.0,,,,0.0,,,,0.0,,,,0.0
2025-09-03T11:46:09Z,15379.0,15379.2,12,1537.73169,,,,,,,,,,,,,,,,1537.73169,-0.0002399999998488056,-2.0009489397704626e-07,0.0004500000000113688,,,,0.0,,,,0.0,,,,7.105427357601002e-15,,,,0.0,,,,0.0,,,,0.0,,,,0.0,,,,0.0,,,,0.0,,,,0.0,,,,0.0,,,,0.0,,,,0.0,,,,0.0,,,,0.0
2025-09-03T11:46:09Z,15379.0,15379.3,13,1537.73178,,,,,,,,,,,,,,,,1537.73178,-0.00014999999984866008,-1.2505930868826193e-07,0.0004500000000113686,,,,0.0,,,,0.0,,,,-7.105427357601002e-15,,,,0.0,,,,0.0,,,,0.0,,,,0.0,,,,0.0,,,,0.0,,,,0.0,,,,0.0,,,,0.0,,,,0.0,,,,0.0,,,,0.0
2025-09-03T11:46:09Z,15379.0,15379.4,14,1537.73186,,,,,,,,,,,,,,,,1537.73178,-0.00014999999984866008,-1.2505930868826193e-07,0.0,,,,0.0,,,,0.0,,,,0.0,,,,0.0,,,,0.0,,,,0.0,,,,0.0,,,,0.0,,,,0.0,,,,0.0,,,,0.0,,,,0.0,,,,0.0,,,,0.0,,,,0.0
2025-09-03T11:46:09Z,15379.0,15379.5,15,1537.73201,,,,,,,,,,,,,,,,1537.73178,-0.00014999999984866008,-1.2505930868826193e-07,0.00040000000012551024,,,,0.0,,,,0.0,,,,0.0,,,,0.0,,,,0.0,,,,0.0,,,,0.0,,,,0.0,,,,0.0,,,,0.0,,,,0.0,,,,0.0,,,,0.0,,,,0.0,,,,0.0
2025-09-03T11:46:09Z,15379.0,15379.6,16,1537.73146,,,,,,,,,,,,,,,,1537.73186,-6.999999982326699e-05,-5.836101063272384e-08,-0.0008999999999981811,,,,0.0,,,,0.0,,,,0.0,,,,0.0,,,,0.0,,,,0.0,,,,0.0,,,,0.0,,,,0.0,,,,0.0,,,,0.0,,,,0.0,,,,0.0,,,,0.0,,,,0.0
2025-09-03T11:46:10Z,15379.0,15379.7,17,1537.73117,,,,,,,,,,,,,,,,1537.7316,-0.0003299999998489511,-2.751304792658306e-07,-0.001300000000111868,,,,0.0,,,,0.0,,,,7.105427357601002e-15,,,,0.0,,,,0.0,,,,0.0,,,,0.0,,,,0.0,,,,0.0,,,,0.0,,,,0.0,,,,0.0,,,,0.0,,,,0.0,,,,0.0
2025-09-03T11:46:10Z,15379.0,15379.8,18,1537.73186,,,,,,,,,,,,,,,,1537.7316,-0.0003299999998489511,-2.751304792658306e-07,0.001149999999355623,,,,0.0,,,,0.0,,,,-7.105427357601002e-15,,,,0.0,,,,0.0,,,,0.0,,,,0.0,,,,0.0,,,,0.0,,,,0.0,,,,0.0,,,,0.0,,,,0.0,,,,0.0,,,,0.0
2025-09-03T11:46:10Z,15379.0,15379.9,19,1537.7316,,,,,,,,,,,,,,,,1537.73183,-9.999999997489795e-05,-8.33728725220306e-08,0.0013000000001236914,,,,0.0,,,,0.0,,,,0.0,,,,0.0,,,,0.0,,,,0.0,,,,0.0,,,,0.0,,,,0.0,,,,0.0,,,,0.0,,,,0.0,,,,0.0,,,,0.0,,,,0.0
2025-09-03T11:46:10Z,15380.0,15380.0,20,1537.73183,,,,,,,,,,,,,,,,1537.73186,-6.999999982326699e-05,-5.836101063272384e-08,0.0006000000007566997,,,,0.0,,,,0.0,,,,0.0,,,,0.0,,,,0.0,,,,0.0,,,,0.0,,,,0.0,,,,0.0,,,,0.0,,,,0.0,,,,0.0,,,,0.0,,,,0.0,,,,0.0
2025-09-03T11:46:10Z,15380.0,15380.1,21,1537.73195,,,,,,,,,,,,,,,,1537.73195,2.000000017687853e-05,1.667457465606049e-08,0.0004499999999990905,,,,0.0,,,,0.0,,,,0.0,,,,0.0,,,,0.0,,,,0.0,,,,0.0,,,,0.0,,,,0.0,,,,0.0,,,,0.0,,,,0.0,,,,0.0,,,,0.0,,,,0.0
2025-09-03T11:46:10Z,15380.0,15380.2,22,1537.73232,,,,,,,,,,,,,,,,1537.73195,2.000000017687853e-05,1.667457465606049e-08,0.0,,,,0.0,,,,0.0,,,,7.105427357601002e-15,,,,0.0,,,,0.0,,,,0.0,,,,0.0,,,,0.0,,,,0.0,,,,0.0,,,,0.0,,,,0.0,,,,0.0,,,,0.0,,,,0.0
2025-09-03T11:46:10Z,15380.0,15380.3,23,1537.73198,,,,,,,,,,,,,,,,1537.73195,2.000000017687853e-05,1.667457465606049e-08,-0.0006500000006243681,,,,0.0,,,,0.0,,,,-7.105427357601002e-15,,,,0.0,,,,0.0,,,,0.0,,,,0.0,,,,0.0,,,,0.0,,,,0.0,,,,0.0,,,,0.0,,,,0.0,,,,0.0,,,,0.0
2025-09-03T11:46:10Z,15380.0,15380.4,24,1537.73182,,,,,,,,,,,,,,,,1537.73182,-0.00010999999994965037,-9.171015975527686e-08,-0.0006500000006302799,,,,0.0,,,,0.0,,,,0.0,,,,0.0,,,,0.0,,,,0.0,,,,0.0,,,,0.0,,,,0.0,,,,0.0,,,,0.0,,,,0.0,,,,0.0,,,,0.0,,,,0.0
2025-09-03T11:46:10Z,15380.0,15380.5,25,1537.73177,,,,,,,,,,,,,,,,1537.73182,-0.00010999999994965037,-9.171015975527686e-08,0.0,,,,0.0,,,,0.0,,,,0.0,,,,0.0,,,,0.0,,,,0.0,,,,0.0,,,,0.0,,,,0.0,,,,0.0,,,,0.0,,,,0.0,,,,0.0,,,,0.0,,,,0.0
2025-09-03T11:46:10Z,15380.0,15380.6,26,1537.7317,,,,,,,,,,,,,,,,1537.73182,-0.00010999999994965037,-9.171015975527686e-08,0.00040000000012551024,,,,0.0,,,,0.0,,,,0.0,,,,0.0,,,,0.0,,,,0.0,,,,0.0,,,,0.0,,,,0.0,,,,0.0,,,,0.0,,,,0.0,,,,0.0,,,,0.0,,,,0.0
2025-09-03T11:46:11Z,15380.0,15380.7,27,1537.7319,,,,,,,,,,,,,,,,1537.7319,-2.999999992425728e-05,-2.501186169973879e-08,0.0016000000005311449,,,,0.0,,,,0.0,,,,7.105427357601002e-15,,,,0.0,,,,0.0,,,,0.0,,,,0.0,,,,0.0,,,,0.0,,,,0.0,,,,0.0,,,,0.0,,,,0.0,,,,0.0,,,,0.0
2025-09-03T11:46:11Z,15380.0,15380.8,28,1537.73247,,,,,,,,,,,,,,,,1537.73214,0.000210000000151922,1.7508303246687542e-07,0.0012000000004092726,,,,0.0,,,,0.0,,,,-7.105427357601002e-15,,,,0.0,,,,0.0,,,,0.0,,,,0.0,,,,0.0,,,,0.0,,,,0.0,,,,0.0,,,,0.0,,,,0.0,,,,0.0,,,,0.0
2025-09-03T11:46:11Z,15380.0,15380.9,29,1537.73239,,,,,,,,,,,,,,,,1537.73214,0.000210000000151922,1.7508303246687542e-07,0.0,,,,0.0,,,,0.0,,,,0.0,,,,0.0,,,,0.0,,,,0.0,,,,0.0,,,,0.0,,,,0.0,,,,0.0,,,,0.0,,,,0.0,,,,0.0,,,,0.0,,,,0.0
2025-09-03T11:46:11Z,15381.0,15381.0,30,1537.73214,,,,,,,,,,,,,,,,1537.73214,0.000210000000151922,1.7508303246687542e-07,0.0,,,,0.0,,,,0.0,,,,0.0,,,,0.0,,,,0.0,,,,0.0,,,,0.0,,,,0.0,,,,0.0,,,,0.0,,,,0.0,,,,0.0,,,,0.0,,,,0.0,,,,0.0
2025-09-03T11:46:11Z,15381.0,15381.1,31,1537.73193,,,,,,,,,,,,,,,,1537.73214,0.000210000000151922,1.7508303246687542e-07,0.0,,,,0.0,,,,0.0,,,,0.0,,,,0.0,,,,0.0,,,,0.0,,,,0.0,,,,0.0,,,,0.0,,,,0.0,,,,0.0,,,,0.0,,,,0.0,,,,0.0,,,,0.0
2025-09-03T11:46:11Z,15381.0,15381.2,32,1537.73211,,,,,,,,,,,,,,,,1537.73214,0.000210000000151922,1.7508303246687542e-07,-0.00015000000076170197,,,,0.0,,,,0.0,,,,7.105427357601002e-15,,,,0.0,,,,0.0,,,,0.0,,,,0.0,,,,0.0,,,,0.0,,,,0.0,,,,0.0,,,,0.0,,,,0.0,,,,0.0,,,,0.0
2025-09-03T11:46:11Z,15381.0,15381.3,33,1537.73231,,,,,,,,,,,,,,,,1537.73211,0.00018000000000029104,1.5007117057756866e-07,-0.00015000000076170164,,,,0.0,,,,0.0,,,,-7.105427357601002e-15,,,,0.0,,,,0.0,,,,0.0,,,,0.0,,,,0.0,,,,0.0,,,,0.0,,,,0.0,,,,0.0,,,,0.0,,,,0.0,,,,0.0
2025-09-03T11:46:11Z,15381.0,15381.4,34,1537.73216,,,,,,,,,,,,,,,,1537.73211,0.00018000000000029104,1.5007117057756866e-07,-0.0006999999993669917,,,,0.0,,,,0.0,,,,0.0,,,,0.0,,,,0.0,,,,0.0,,,,0.0,,,,0.0,,,,0.0,,,,0.0,,,,0.0,,,,0.0,,,,0.0,,,,0.0,,,,0.0
2025-09-03T11:46:11Z,15381.0,15381.5,35,1537.73197,,,,,,,,,,,,,,,,1537.73197,4.0000000126383384e-05,3.3349149122553016e-08,-0.0006999999993669917,,,,0.0,,,,0.0,,,,0.0,,,,0.0,,,,0.0,,,,0.0,,,,0.0,,,,0.0,,,,0.0,,,,0.0,,,,0.0,,,,0.0,,,,0.0,,,,0.0,,,,0.0
2025-09-03T11:46:11Z,15381.0,15381.6,36,1537.73193,,,,,,,,,,,,,,,,1537.73197,4.0000000126383384e-05,3.3349149122553016e-08,0.0,,,,0.0,,,,0.0,,,,0.0,,,,0.0,,,,0.0,,,,0.0,,,,0.0,,,,0.0,,,,0.0,,,,0.0,,,,0.0,,,,0.0,,,,0.0,,,,0.0,,,,0.0
2025-09-03T11:46:12Z,15381.0,15381.7,37,1537.73193,,,,,,,,,,,,,,,,1537.73197,4.0000000126383384e-05,3.3349149122553016e-08,0.00029999999924966686,,,,0.0,,,,0.0,,,,7.105427357601002e-15,,,,0.0,,,,0.0,,,,0.0,,,,0.0,,,,0.0,,,,0.0,,,,0.0,,,,0.0,,,,0.0,,,,0.0,,,,0.0,,,,0.0
2025-09-03T11:46:12Z,15381.0,15381.8,38,1537.73246,,,,,,,,,,,,,,,,1537.73203,9.999999997489795e-05,8.33728725220306e-08,0.0002999999992496669,,,,0.0,,,,0.0,,,,-7.105427357601002e-15,,,,0.0,,,,0.0,,,,0.0,,,,0.0,,,,0.0,,,,0.0,,,,0.0,,,,0.0,,,,0.0,,,,0.0,,,,0.0,,,,0.0
2025-09-03T11:46:12Z,15381.0,15381.9,39,1537.73214,,,,,,,,,,,,,,,,1537.73203,9.999999997489795e-05,8.33728725220306e-08,0.0,,,,0.0,,,,0.0,,,,0.0,,,,0.0,,,,0.0,,,,0.0,,,,0.0,,,,0.0,,,,0.0,,,,0.0,,,,0.0,,,,0.0,,,,0.0,,,,0.0,,,,0.0
2025-09-03T11:46:12Z,15382.0,15382.0,40,1537.73203,,,,,,,,,,,,,,,,1537.73203,9.999999997489795e-05,8.33728725220306e-08,0.0,,,,0.0,,,,0.0,,,,0.0,,,,0.0,,,,0.0,,,,0.0,,,,0.0,,,,0.0,,,,0.0,,,,0.0,,,,0.0,,,,0.0,,,,0.0,,,,0.0,,,,0.0
2025-09-03T11:46:12Z,15382.0,15382.1,41,1537.73172,,,,,,,,,,,,,,,,1537.73203,9.999999997489795e-05,8.33728725220306e-08,-0.000899999999998181,,,,0.0,,,,0.0,,,,0.0,,,,0.0,,,,0.0,,,,0.0,,,,0.0,,,,0.0,,,,0.0,,,,0.0,,,,0.0,,,,0.0,,,,0.0,,,,0.0,,,,0.0
2025-09-03T11:46:12Z,15382.0,15382.2,42,1537.73185,,,,,,,,,,,,,,,,1537.73185,-8.000000002539309e-05,-6.669829805553807e-08,-0.0008999999999899956,,,,0.0,,,,0.0,,,,7.105427357601002e-15,,,,0.0,,,,0.0,,,,0.0,,,,0.0,,,,0.0,,,,0.0,,,,0.0,,,,0.0,,,,0.0,,,,0.0,,,,0.0,,,,0.0
2025-09-03T11:46:12Z,15382.0,15382.3,43,1537.73235,,,,,,,,,,,,,,,,1537.73185,-8.000000002539309e-05,-6.669829805553807e-08,0.0,,,,0.0,,,,0.0,,,,-7.105427357601002e-15,,,,0.0,,,,0.0,,,,0.0,,,,0.0,,,,0.0,,,,0.0,,,,0.0,,,,0.0,,,,0.0,,,,0.0,,,,0.0,,,,0.0
2025-09-03T11:46:12Z,15382.0,15382.4,44,1537.73173,,,,,,,,,,,,,,,,1537.73185,-8.000000002539309e-05,-6.669829805553807e-08,0.0019000000008803908,,,,0.0,,,,0.0,,,,0.0,,,,0.0,,,,0.0,,,,0.0,,,,0.0,,,,0.0,,,,0.0,,,,0.0,,,,0.0,,,,0.0,,,,0.0,,,,0.0,,,,0.0
2025-09-03T11:46:12Z,15382.0,15382.5,45,1537.73223,,,,,,,,,,,,,,,,1537.73223,0.0003000000001520675,2.501186177556598e-07,0.0019000000008803908,,,,0.0,,,,0.0,,,,0.0,,,,0.0,,,,0.0,,,,0.0,,,,0.0,,,,0.0,,,,0.0,,,,0.0,,,,0.0,,,,0.0,,,,0.0,,,,0.0,,,,0.0
2025-09-03T11:46:12Z,15382.0,15382.6,46,1537.73173,,,,,,,,,,,,,,,,1537.73223,0.0003000000001520675,2.501186177556598e-07,0.00044999999999909045,,,,0.0,,,,0.0,,,,0.0,,,,0.0,,,,0.0,,,,0.0,,,,0.0,,,,0.0,,,,0.0,,,,0.0,,,,0.0,,,,0.0,,,,0.0,,,,0.0,,,,0.0
2025-09-03T11:46:13Z,15382.0,15382.7,47,1537.73232,,,,,,,,,,,,,,,,1537.73232,0.00039000000015221303,3.251542030444441e-07,0.5119500000121595,,,,0.0,,,,0.0,,,,7.105427357601002e-15,,,,0.0,,,,0.0,,,,0.0,,,,0.0,,,,0.0,,,,0.0,,,,0.0,,,,0.0,,,,0.0,,,,0.0,,,,0.0,,,,0.0
2025-09-03T11:46:13Z,15382.0,15382.8,48,1537.83462,,,,,,,,,,,,,,,,1537.83462,0.10269000000016604,8.561560281450293e-05,1.7218999999966886,,,,0.0,,,,0.0,,,,-7.105427357601002e-15,,,,0.0,,,,0.0,,,,0.0,,,,0.0,,,,0.0,,,,0.0,,,,0.0,,,,0.0,,,,0.0,,,,0.0,,,,0.0,,,,0.0
2025-09-03T11:46:13Z,15382.0,15382.9,49,1538.0767,,,,,,,,,,,,,,,,1538.0767,0.34477000000015323,0.0002874446526664872,2.974699999988935,,,,0.0,,,,0.0,,,,0.0,,,,0.0,,,,0.0,,,,0.0,,,,0.0,,,,0.0,,,,0.0,,,,0.0,,,,0.0,,,,0.0,,,,0.0,,,,0.0,,,,0.0
2025-09-03T11:46:13Z,15383.0,15383.0,50,1538.42956,,,,,,,,,,,,,,,,1538.42956,0.6976300000001174,0.0005816341707215421,3.094999999988313,,,,0.0,,,,0.0,,,,0.0,,,,0.0,,,,0.0,,,,0.0,,,,0.0,,,,0.0,,,,0.0,,,,0.0,,,,0.0,,,,0.0,,,,0.0,,,,0.0,,,,0.0
2025-09-03T11:46:13Z,15383.0,15383.1,51,1538.6957,,,,,,,,,,,,,,,,1538.6957,0.9637700000000677,0.0008035227337073315,2.6219999999905323,,,,0.0,,,,0.0,,,,0.0,,,,0.0,,,,0.0,,,,0.0,,,,0.0,,,,0.0,,,,0.0,,,,0.0,,,,0.0,,,,0.0,,,,0.0,,,,0.0,,,,0.0
2025-09-03T11:46:13Z,15383.0,15383.2,52,1538.95396,,,,,,,,,,,,,,,,1538.95396,1.2220300000001316,0.0010188415143368304,2.8011500000194953,,,,0.0,,,,0.0,,,,7.105427357601002e-15,,,,0.0,,,,0.0,,,,0.0,,,,0.0,,,,0.0,,,,0.0,,,,0.0,,,,0.0,,,,0.0,,,,0.0,,,,0.0,,,,0.0
2025-09-03T11:46:13Z,15383.0,15383.3,53,1539.25593,,,,,,,,,,,,,,,,1539.25593,1.5240000000001146,0.0012706025775547892,2.8519500000179203,,,,0.0,,,,0.0,,,,-7.105427357601002e-15,,,,0.0,,,,0.0,,,,0.0,,,,0.0,,,,0.0,,,,0.0,,,,0.0,,,,0.0,,,,0.0,,,,0.0,,,,0.0,,,,0.0
2025-09-03T11:46:13Z,15383.0,15383.4,54,1539.52435,,,,,,,,,,,,,,,,1539.52435,1.7924199999999928,0.001494392042034498,2.5856499999903537,,,,0.0,,,,0.0,,,,0.0,,,,0.0,,,,0.0,,,,0.0,,,,0.0,,,,0.0,,,,0.0,,,,0.0,,,,0.0,,,,0.0,,,,0.0,,,,0.0,,,,0.0
2025-09-03T11:46:13Z,15383.0,15383.5,55,1539.77306,,,,,,,,,,,,,,,,1539.77306,2.0411300000000665,0.0017017487133361524,2.385199999991263,,,,0.0,,,,0.0,,,,0.0,,,,0.0,,,,0.0,,,,0.0,,,,0.0,,,,0.0,,,,0.0,,,,0.0,,,,0.0,,,,0.0,,,,0.0,,,,0.0,,,,0.0
2025-09-03T11:46:13Z,15383.0,15383.6,56,1540.00139,,,,,,,,,,,,,,,,1540.00139,2.269459999999981,0.0018921139932134192,2.56534999999052,,,,0.0,,,,0.0,,,,0.0,,,,0.0,,,,0.0,,,,0.0,,,,0.0,,,,0.0,,,,0.0,,,,0.0,,,,0.0,,,,0.0,,,,0.0,,,,0.0,,,,0.0
2025-09-03T11:46:14Z,15383.0,15383.7,57,1540.28613,,,,,,,,,,,,,,,,1540.28613,2.554200000000037,0.0021295099104922874,2.521550000007993,,,,0.0,,,,0.0,,,,7.105427357601002e-15,,,,0.0,,,,0.0,,,,0.0,,,,0.0,,,,0.0,,,,0.0,,,,0.0,,,,0.0,,,,0.0,,,,0.0,,,,0.0,,,,0.0
2025-09-03T11:46:14Z,15383.0,15383.8,58,1540.5057,,,,,,,,,,,,,,,,1540.5057,2.773770000000013,0.0023125717267348423,2.137200000012392,,,,0.0,,,,0.0,,,,-7.105427357601002e-15,,,,0.0,,,,0.0,,,,0.0,,,,0.0,,,,0.0,,,,0.0,,,,0.0,,,,0.0,,,,0.0,,,,0.0,,,,0.0,,,,0.0
2025-09-03T11:46:14Z,15383.0,15383.9,59,1540.71357,,,,,,,,,,,,,,,,1540.71357,2.9816399999999703,0.0024858789168898552,2.302749999991681,,,,0.0,,,,0.0,,,,0.0,,,,0.0,,,,0.0,,,,0.0,,,,0.0,,,,0.0,,,,0.0,,,,0.0,,,,0.0,,,,0.0,,,,0.0,,,,0.0,,,,0.0
2025-09-03T11:46:14Z,15384.0,15384.0,60,1540.96625,,,,,,,,,,,,,,,,1540.96625,3.234320000000025,0.0026965454912314495,2.2653999999917573,,,,0.0,,,,0.0,,,,0.0,,,,0.0,,,,0.0,,,,0.0,,,,0.0,,,,0.0,,,,0.0,,,,0.0,,,,0.0,,,,0.0,,,,0.0,,,,0.0,,,,0.0
2025-09-03T11:46:14Z,15384.0,15384.1,61,1541.16665,,,,,,,,,,,,,,,,1541.16665,3.4347199999999702,0.002863624727807493,2.1673499999918313,,,,0.0,,,,0.0,,,,0.0,,,,0.0,,,,0.0,,,,0.0,,,,0.0,,,,0.0,,,,0.0,,,,0.0,,,,0.0,,,,0.0,,,,0.0,,,,0.0,,,,0.0
2025-09-03T11:46:14Z,15384.0,15384.2,62,1541.39972,,,,,,,,,,,,,,,,1541.39972,3.667789999999968,0.003057941881843366,2.0760500000072746,,,,0.0,,,,0.0,,,,7.105427357601002e-15,,,,0.0,,,,0.0,,,,0.0,,,,0.0,,,,0.0,,,,0.0,,,,0.0,,,,0.0,,,,0.0,,,,0.0,,,,0.0,,,,0.0
2025-09-03T11:46:14Z,15384.0,15384.3,63,1541.58186,,,,,,,,,,,,,,,,1541.58186,3.849930000000086,0.0032097972318932094,1.9037500000090617,,,,0.0,,,,0.0,,,,-7.105427357601002e-15,,,,0.0,,,,0.0,,,,0.0,,,,0.0,,,,0.0,,,,0.0,,,,0.0,,,,0.0,,,,0.0,,,,0.0,,,,0.0,,,,0.0
2025-09-03T11:46:14Z,15384.0,15384.4,64,1541.78047,,,,,,,,,,,,,,,,1541.78047,4.048540000000003,0.0033753840940507107,1.764749999993402,,,,0.0,,,,0.0,,,,0.0,,,,0.0,,,,0.0,,,,0.0,,,,0.0,,,,0.0,,,,0.0,,,,0.0,,,,0.0,,,,0.0,,,,0.0,,,,0.0,,,,0.0
2025-09-03T11:46:14Z,15384.0,15384.5,65,1541.93481,,,,,,,,,,,,,,,,1541.93481,4.20288000000005,0.003504061785533553,1.5818499999942794,,,,0.0,,,,0.0,,,,0.0,,,,0.0,,,,0.0,,,,0.0,,,,0.0,,,,0.0,,,,0.0,,,,0.0,,,,0.0,,,,0.0,,,,0.0,,,,0.0,,,,0.0
2025-09-03T11:46:14Z,15384.0,15384.6,66,1542.09684,,,,,,,,,,,,,,,,1542.09684,4.364910000000009,0.003639150850914875,1.7401999999940827,,,,0.0,,,,0.0,,,,0.0,,,,0.0,,,,0.0,,,,0.0,,,,0.0,,,,0.0,,,,0.0,,,,0.0,,,,0.0,,,,0.0,,,,0.0,,,,0.0,,,,0.0
2025-09-03T11:46:15Z,15384.0,15384.7,67,1542.28285,,,,,,,,,,,,,,,,1542.28285,4.550920000000133,0.003794232731132136,1.6249500000049437,1530.10576,18.21251499999994,0.015443800865138548,-42.899075001014694,1529.05064,16.887494999999944,0.014317657910770297,0.0,1528.46919,8.208104999999932,0.006921976522513862,7.105427357601002e-15,,,,0.0,,,,0.0,,,,0.0,,,,0.0,,,,0.0,,,,0.0,,,,0.0,,,,0.0,,,,0.0,,,,0.0,,,,0.0,,,,0.0
2025-09-03T11:46:15Z,15384.0,15384.8,68,1542.42183,,,,,,,,,,,,,,,,1542.42183,4.68990000000008,0.003910104349392296,1.4010500000069257,1521.5259449999999,9.632699999999886,0.00816831176768386,-52.11220000089623,1529.05064,16.887494999999944,0.014317657910770297,0.0,1528.46919,8.208104999999932,0.006921976522513862,-7.105427357601002e-15,,,,0.0,,,,0.0,,,,0.0,,,,0.0,,,,0.0,,,,0.0,,,,0.0,,,,0.0,,,,0.0,,,,0.0,,,,0.0,,,,0.0
2025-09-03T11:46:15Z,15384.0,15384.9,69,1542.56306,1530.10576,1529.05064,1528.46919,,,,,,,,,,,,,1542.56306,4.83113000000003,0.004027851857284675,1.2119499999950243,1519.68332,7.790075000000115,0.006605807436507059,-9.213124999965338,1529.05064,16.887494999999944,0.014317657910770297,0.0,1528.46919,8.208104999999932,0.006921976522513862,0.0,,,,0.0,,,,0.0,,,,0.0,,,,0.0,,,,0.0,,,,0.0,,,,0.0,,,,0.0,,,,0.0,,,,0.0,,,,0.0,,,,0.0
2025-09-03T11:46:15Z,15385.0,15385.0,70,1542.66422,1512.94613,,,,,,,,,,,,,,,1542.66422,4.932289999999966,0.0041121918551490794,1.17544999999636,1519.68332,7.790075000000115,0.006605807436507059,0.0,1529.05064,16.887494999999944,0.014317657910770297,0.0,1528.46919,8.208104999999932,0.006921976522513862,0.0,,,,0.0,,,,0.0,,,,0.0,,,,0.0,,,,0.0,,,,0.0,,,,0.0,,,,0.0,,,,0.0,,,,0.0,,,,0.0,,,,0.0
2025-09-03T11:46:15Z,15385.0,15385.1,71,1542.79815,1519.68332,,,,,,,,,,,,,,,1542.79815,5.066220000000158,0.004223853143346024,1.1575499999961423,1519.68332,7.790075000000115,0.006605807436507059,-15.909749999942832,1529.05064,16.887494999999944,0.014317657910770297,14.762362499946292,1528.46919,8.208104999999932,0.006921976522513862,10.269666666629263,,,,0.0,,,,0.0,,,,0.0,,,,0.0,,,,0.0,,,,0.0,,,,0.0,,,,0.0,,,,0.0,,,,0.0,,,,0.0,,,,0.0
2025-09-03T11:46:15Z,15385.0,15385.2,72,1542.89573,,,,,,,,,,,,,,,,1542.89573,5.1638000000000375,0.0043052083923733435,0.8436000000016683,1516.50137,4.608124999999973,0.003907585792608346,5.787939016954624e-10,,,,29.524725000161098,,,,20.539333333445327,,,,0.0,,,,0.0,,,,0.0,,,,0.0,,,,0.0,,,,0.0,,,,0.0,,,,0.0,,,,0.0,,,,0.0,,,,0.0,,,,0.0
2025-09-03T11:46:15Z,15385.0,15385.3,73,1542.96687,,,,,,,,,,,,,,,,1542.96687,5.234940000000051,0.0043645198539004155,0.6469500000049919,1519.68332,7.790075000000115,0.006605807436507059,44.673550000009946,,,,29.524725000161084,,,,20.53933333344532,,,,0.0,,,,0.0,,,,0.0,,,,0.0,,,,0.0,,,,0.0,,,,0.0,,,,0.0,,,,0.0,,,,0.0,,,,0.0,,,,0.0
2025-09-03T11:46:15Z,15385.0,15385.4,74,1543.02512,1516.50137,,,,,,,,,,,,,,,1543.02512,5.293190000000095,0.004413084552156726,0.674249999997123,1525.43608,13.542834999999968,0.011484017824524994,51.15117499981388,,,,29.524724999892584,,,,20.53933333325852,,,,0.0,,,,0.0,,,,0.0,,,,0.0,,,,0.0,,,,0.0,,,,0.0,,,,0.0,,,,0.0,,,,0.0,,,,0.0,,,,0.0
2025-09-03T11:46:15Z,15385.0,15385.5,75,1543.10172,1525.43608,,,,,,,,,,,,,,,1543.10172,5.369789999999966,0.004476948172524525,0.5917999999975407,1529.913555,18.02031000000011,0.015280815371631399,44.77474999983738,1540.86053,28.69738499999994,0.024330390111953926,14.762362499946306,,,,20.53933333325851,,,,0.0,,,,0.0,,,,0.0,,,,0.0,,,,0.0,,,,0.0,,,,0.0,,,,0.0,,,,0.0,,,,0.0,,,,0.0,,,,0.0
2025-09-03T11:46:15Z,15385.0,15385.6,76,1543.14348,1534.39103,,,,,,,,,,,,,,,1543.14348,5.411550000000034,0.004511764684098521,8.69424999996929,1534.39103,22.49778500000002,0.01907761291873761,66.55302499975735,1540.86053,28.69738499999994,0.024330390111953926,6.040724999978295,,,,20.539333333258497,,,,0.0,,,,0.0,,,,0.0,,,,0.0,,,,0.0,,,,0.0,,,,0.0,,,,0.0,,,,0.0,,,,0.0,,,,0.0,,,,0.0
2025-09-03T11:46:16Z,15385.0,15385.7,77,1544.84057,1543.22416,1540.86053,,,,,,,,,,,,,,1544.84057,7.10864000000015,0.0059266773667379195,8.485449999892541,1543.22416,31.330915000000005,0.0265679074077679,48.24834999953424,1542.068675,29.90553,0.02535468689585281,6.040724999923384,1540.79279,20.531704999999874,0.017314590880255647,10.269666666535855,1538.62816,0.0,0.0,0.0,1536.78042,0.0,0.0,0.0,1534.58702,-0.006080000000110886,-5.079438839529485e-06,0.0,1532.69869,-0.003820000000132495,-3.1952944982165934e-06,0.0,1530.83358,1.2844850000001315,0.0010766412444092287,0.0,,,,0.0,,,,0.0,,,,0.0,,,,0.0,,,,0.0,,,,0.0,,,,0.0
2025-09-03T11:46:16Z,15385.0,15385.8,78,1546.77735,1544.85724,,,,,,,,,,,,,,,1544.84057,7.10864000000015,0.0059266773667379195,0.0,1544.0407,32.147455000000036,0.027260314862664753,8.165400000044883,1542.068675,29.90553,0.02535468689585281,0.0,1540.79279,20.531704999999874,0.017314590880255647,0.0,1538.62816,0.0,0.0,0.0,1536.78042,0.0,0.0,0.0,1534.58702,-0.006080000000110886,-5.079438839529485e-06,0.0,1532.69869,-0.003820000000132495,-3.1952944982165934e-06,0.0,1530.83358,1.2844850000001315,0.0010766412444092287,0.0,,,,0.0,,,,0.0,,,,0.0,,,,0.0,,,,0.0,,,,0.0,,,,0.0
2025-09-03T11:46:16Z,15385.0,15385.9,79,1546.78371,1544.85995,1543.27682,1540.79279,1538.62816,1536.78042,1534.58702,1532.69869,1530.83358,,,,,,,,1544.84057,7.10864000000015,0.0059266773667379195,-7.4946499999726015,1544.85724,32.96399500000007,0.027952722317561608,4.089474999985782,1542.068675,29.90553,0.02535468689585281,6.040724999978323,1540.79279,20.531704999999874,0.017314590880255647,0.0,1538.62816,0.0,0.0,0.0,1536.78042,0.0,0.0,0.0,1534.58702,-0.006080000000110886,-5.079438839529485e-06,0.0,1532.69869,-0.003820000000132495,-3.1952944982165934e-06,0.0,1530.83358,1.2844850000001315,0.0010766412444092287,0.0,,,,0.0,,,,0.0,,,,0.0,,,,0.0,,,,0.0,,,,0.0,,,,0.0
2025-09-03T11:46:16Z,15386.0,15386.0,80,1543.29312,,,,,,,,,,,,,,,,1543.34164,5.609710000000177,0.004676976368329768,-7.4946499999726015,1544.8585950000002,32.96535000000017,0.027953871326919944,0.013549999999838747,1543.27682,31.113675000000057,0.026378983679751694,6.040724999978323,1540.79279,20.531704999999874,0.017314590880255647,0.0,1538.62816,0.0,0.0,0.0,1536.78042,0.0,0.0,0.0,1534.58702,-0.006080000000110886,-5.079438839529485e-06,0.0,1532.69869,-0.003820000000132495,-3.1952944982165934e-06,0.0,1530.83358,1.2844850000001315,0.0010766412444092287,0.0,,,,0.0,,,,0.0,,,,0.0,,,,0.0,,,,0.0,,,,0.0,,,,0.0
2025-09-03T11:46:16Z,15386.0,15386.1,81,1543.31592,,,,,,,,,,,,,,,,1543.34164,5.609710000000177,0.004676976368329768,0.0,1544.85995,32.96670500000005,0.02795502033627809,-171.55547499937714,1543.27682,31.113675000000057,0.026378983679751694,-17.772849999935403,1540.79279,20.531704999999874,0.017314590880255647,-4.507514705865944,1538.62816,0.0,0.0,-0.5779039325821621,1536.78042,0.0,0.0,-0.5667101123574897,1534.58702,-0.006080000000110886,-5.079438839529485e-06,-0.6982674285688841,1532.69869,-0.003820000000132495,-3.1952944982165934e-06,-0.6443151428547947,1530.83358,1.2844850000001315,0.0010766412444092287,-0.059839624328939856,,,,0.0,,,,0.0,,,,0.0,,,,0.0,,,,0.0,,,,0.0,,,,0.0
2025-09-03T11:46:16Z,15386.0,15386.2,82,1543.34164,,,,,,,,,,,,,,,,1543.34164,5.609710000000177,0.004676976368329768,0.1610000000031846,1510.5475,-1.345745000000079,-0.0011411613275408238,-165.53284999767254,,,,-35.545700000194074,,,,-9.015029411813927,,,,-1.1558078651748362,,,,-1.1334202247252878,,,,-1.3965348571504694,,,,-1.2886302857213094,,,,-0.11967924865896862,,,,0.0,,,,0.0,,,,0.0,,,,0.0,,,,0.0,,,,0.0,,,,0.0
2025-09-03T11:46:16Z,15386.0,15386.3,83,1543.37384,,,,,,,,,,,,,,,,1543.37384,5.641910000000053,0.004703822433288496,0.24375000000238956,1511.75338,-0.13986499999987245,-0.00011860235711545827,12.058800000066734,,,,-35.5457000001941,,,,-9.015029411813927,,,,-1.1558078651748362,,,,-1.1334202247252878,,,,-1.3965348571504697,,,,-1.2886302857213097,,,,-0.1196792486589695,,,,0.0,,,,0.0,,,,0.0,,,,0.0,,,,0.0,,,,0.0,,,,0.0
2025-09-03T11:46:16Z,15386.0,15386.4,84,1543.39039,1510.5475,,,,,,,,,,,,,,,1543.39039,5.658460000000105,0.0047176206436943995,0.11294999999977406,1512.95926,1.0660150000001067,0.0009039566133097144,10.37039999996161,,,,-35.545699999870806,,,,-9.015029411731916,,,,-1.1558078651643242,,,,-1.1334202247149794,,,,-1.3965348571377683,,,,-1.2886302857095897,,,,-0.1196792486578806,,,,0.0,,,,0.0,,,,0.0,,,,0.0,,,,0.0,,,,0.0,,,,0.0
2025-09-03T11:46:16Z,15386.0,15386.5,85,1543.39643,1512.95926,,,,,,,,,,,,,,,1543.39643,5.664500000000089,0.0047226563651959815,0.030199999999812377,1513.82746,1.9342149999999947,0.0016401705799755813,8.681999999968431,,,,-35.545699999870806,,,,-9.015029411731916,,,,-1.1558078651643242,,,,-1.1334202247149792,,,,-1.3965348571377678,,,,-1.288630285709589,,,,-0.1196792486578806,,,,0.0,,,,0.0,,,,0.0,,,,0.0,,,,0.0,,,,0.0,,,,0.0
2025-09-03T11:46:16Z,15386.0,15386.6,86,1543.39936,1514.69566,,,,,,,,,,,,,,,1543.39643,5.664500000000089,0.0047226563651959815,0.0,1514.69566,2.80241500000011,0.0023763845466416413,8.854424999967325,,,,-35.54569999987081,,,,-9.01502941173193,,,,-1.1558078651643244,,,,-1.1334202247149796,,,,-1.3965348571377683,,,,-1.2886302857095897,,,,-0.1196792486578806,,,,0.0,,,,0.0,,,,0.0,,,,0.0,,,,0.0,,,,0.0,,,,0.0
2025-09-03T11:46:17Z,15386.0,15386.7,87,1543.40691,1516.50103,,,,,,,,,,,,,,,1543.39643,5.664500000000089,0.0047226563651959815,-10.201400000240923,1515.5983449999999,3.705099999999902,0.0031418410134692277,12.309775000126836,,,,-35.545700000194095,,,,-9.015029411813913,,,,-1.155807865174836,,,,-1.1334202247252883,,,,-1.3965348571504705,,,,-1.28863028572131,,,,-0.1196792486589695,,,,0.0,,,,0.0,,,,0.0,,,,0.0,,,,0.0,,,,0.0,,,,0.0
2025-09-03T11:46:17Z,15386.0,15386.8,88,1541.35615,1517.8142,,,,,,,,,,,,,,,1541.35615,3.6242200000001503,0.0030216163212765505,-12.711850000209862,1517.157615,5.264370000000099,0.00446406671239042,16.516125000073885,1518.39483,6.23168499999997,0.0052833847789549885,-17.772850000420334,,,,-9.015029411813913,,,,-1.155807865174836,,,,-1.1334202247252874,,,,-1.3965348571504697,,,,-1.2886302857213092,,,,-0.1196792486589704,,,,0.0,,,,0.0,,,,0.0,,,,0.0,,,,0.0,,,,0.0,,,,0.0
2025-09-03T11:46:17Z,15386.0,15386.9,89,1540.85406,,,,,,,,,,,,,,,,1540.85406,3.12212999999997,0.002603009465525458,-3.856249999986016,1518.90157,7.0083250000000135,0.0059429011148747265,14.03694999994864,1518.39483,6.23168499999997,0.0052833847789549885,0.0,,,,-9.015029411731916,,,,-1.1558078651643235,,,,-1.1334202247149796,,,,-1.3965348571377678,,,,-1.2886302857095897,,,,-0.11967924865788149,,,,0.0,,,,0.0,,,,0.0,,,,0.0,,,,0.0,,,,0.0,,,,0.0
2025-09-03T11:46:17Z,15387.0,15387.0,90,1540.5849,1519.98894,1518.39483,,,,,,,,,,,,,,1540.5849,2.8529700000001412,0.0023786030417889724,-2.516349999990492,1519.965005,8.07176000000004,0.006844669946528075,5.436849999980041,1518.39483,6.23168499999997,0.0052833847789549885,0.0,,,,-9.015029411731923,,,,-1.1558078651643244,,,,-1.1334202247149792,,,,-1.3965348571377678,,,,-1.2886302857095897,,,,-0.11967924865788149,,,,0.0,,,,0.0,,,,0.0,,,,0.0,,,,0.0,,,,0.0,,,,0.0
2025-09-03T11:46:17Z,15387.0,15387.1,91,1540.35079,1530.47659,,,,,,,,,,,,,,,1540.35079,2.6188600000000406,0.0021834188098785673,-2.3892999999911293,1519.98894,8.095694999999978,0.006864966285265813,0.1196749999992548,1518.39483,6.23168499999997,0.0052833847789549885,0.0,,,,-9.015029411731923,,,,-1.1558078651643244,,,,-1.1334202247149783,,,,-1.3965348571377687,,,,-1.2886302857095897,,,,-0.11967924865787971,,,,0.0,,,,0.0,,,,0.0,,,,0.0,,,,0.0,,,,0.0,,,,0.0
2025-09-03T11:46:17Z,15387.0,15387.2,92,1540.10704,1519.94107,,,,,,,,,,,,,,,1540.10704,2.375110000000177,0.001980197433055219,-2.4990000000150054,1519.98894,8.095694999999978,0.006864966285265813,-0.23935000000503948,1518.39483,6.23168499999997,0.0052833847789549885,-6.503150000153781,,,,-9.015029411813906,,,,-1.155807865174836,,,,-1.1334202247252883,,,,-1.3965348571504705,,,,-1.28863028572131,,,,-0.1196792486589695,,,,0.0,,,,0.0,,,,0.0,,,,0.0,,,,0.0,,,,0.0,,,,0.0
2025-09-03T11:46:17Z,15387.0,15387.3,93,1539.85099,,,,,,,,,,,,,,,,1539.85099,2.1190599999999904,0.001766721192908817,-2.325700000017058,1519.94107,8.047825000000103,0.006824373607790337,-19.761099999756578,,,,-13.006300000070983,,,,-9.015029411813906,,,,-1.155807865174836,,,,-1.1334202247252883,,,,-1.3965348571504688,,,,-1.28863028572131,,,,-0.1196792486589695,,,,0.0,,,,0.0,,,,0.0,,,,0.0,,,,0.0,,,,0.0,,,,0.0
2025-09-03T11:46:17Z,15387.0,15387.4,94,1539.6419,,,,,,,,,,,,,,,,1539.6419,1.9099700000001576,0.0015923968537088836,-2.0521499999920625,1516.03672,4.14347500000008,0.0035135731001282033,-19.59662499992907,,,,-13.006299999952695,,,,-9.015029411731916,,,,-1.1558078651643244,,,,-1.1334202247149792,,,,-1.3965348571377696,,,,-1.2886302857095897,,,,-0.11967924865788149,,,,0.0,,,,0.0,,,,0.0,,,,0.0,,,,0.0,,,,0.0,,,,0.0
2025-09-03T11:46:17Z,15387.0,15387.5,95,1539.44056,1516.03672,,,,,,,,,,,,,,,1539.44056,1.7086300000000847,0.0014245339121308294,-1.9839499999928325,1516.021745,4.128500000000031,0.003500874638770383,-0.07487499999997382,,,,-13.006299999952693,,,,-9.015029411731923,,,,-1.1558078651643235,,,,-1.1334202247149774,,,,-1.3965348571377696,,,,-1.2886302857095888,,,,-0.11967924865788149,,,,0.0,,,,0.0,,,,0.0,,,,0.0,,,,0.0,,,,0.0,,,,0.0
2025-09-03T11:46:17Z,15387.0,15387.6,96,1539.24511,1516.00677,,,,,,,,,,,,,,,1539.24511,1.5131800000001476,0.0012615816327456687,-2.0346999999929833,1516.021745,4.128500000000031,0.003500874638770383,-0.07487499999997382,,,,-13.006299999952692,,,,-9.015029411731923,,,,-1.1558078651643235,,,,-1.1334202247149792,,,,-1.396534857137766,,,,-1.2886302857095888,,,,-0.11967924865787971,,,,0.0,,,,0.0,,,,0.0,,,,0.0,,,,0.0,,,,0.0,,,,0.0
2025-09-03T11:46:18Z,15387.0,15387.7,97,1539.03362,,,,,,,,,,,,,,,,1539.03362,1.3016900000000078,0.0010852563446044482,-2.156450000012473,1516.00677,4.1135249999999814,0.0034881761774125633,-0.0748749999992917,1511.89168,-0.2714650000000347,-0.000230155094331502,-6.5031499999172,,,,-9.015029411813916,,,,-1.1558078651748378,,,,-1.1334202247252883,,,,-1.3965348571504688,,,,-1.288630285721311,,,,-0.1196792486589695,,,,0.0,,,,0.0,,,,0.0,,,,0.0,,,,0.0,,,,0.0,,,,0.0
2025-09-03T11:46:18Z,15387.0,15387.8,98,1538.81382,,,,,,,,,,,,,,,,1538.81382,1.0818900000001577,0.0009020027707551495,-1.8436500000160772,1516.00677,4.1135249999999814,0.0034881761774125633,-4.26129999994518,1511.89168,-0.2714650000000347,-0.000230155094331502,0.0,,,,-9.01502941181391,,,,-1.155807865174836,,,,-1.1334202247252883,,,,-1.396534857150467,,,,-1.288630285721311,,,,-0.1196792486589695,,,,0.0,,,,0.0,,,,0.0,,,,0.0,,,,0.0,,,,0.0,,,,0.0
2025-09-03T11:46:18Z,15387.0,15387.9,99,1538.66489,1514.26285,1511.89168,,,,,,,,,,,,,,1538.66489,0.9329600000000937,0.0007778355516768675,-1.6165999999939538,1515.15451,3.261265000000094,0.002765478970282121,-4.261299999983937,1511.89168,-0.2714650000000347,-0.000230155094331502,0.0,,,,-9.01502941173191,,,,-1.1558078651643253,,,,-1.1334202247149783,,,,-1.3965348571377678,,,,-1.2886302857095888,,,,-0.1196792486578806,,,,0.0,,,,0.0,,,,0.0,,,,0.0,,,,0.0,,,,0.0,,,,0.0
2025-09-03T11:46:18Z,15388.0,15388.0,100,1538.4905,1516.04617,,,,,,,,,,,,,,,1538.4905,0.7585700000001907,0.0006324415992492823,-1.8753499999934307,1515.15451,3.261265000000094,0.002765478970282121,0.0,1511.89168,-0.2714650000000347,-0.000230155094331502,0.0,,,,-9.015029411731929,,,,-1.1558078651643253,,,,-1.1334202247149783,,,,-1.3965348571377678,,,,-1.2886302857095888,,,,-0.1196792486578806,,,,0.0,,,,0.0,,,,0.0,,,,0.0,,,,0.0,,,,0.0,,,,0.0
2025-09-03T11:46:18Z,15388.0,15388.1,101,1538.28982,,,,,,,,,,,,,,,,1538.28982,0.5578900000000431,0.0004651289186299493,-1.8219499999942965,1515.15451,3.261265000000094,0.002765478970282121,4.45829999998379,1511.89168,-0.2714650000000347,-0.000230155094331502,-0.9723111111076022,,,,-9.015029411731929,,,,-1.1558078651643218,,,,-1.13342022471498,,,,-1.3965348571377696,,,,-1.2886302857095906,,,,-0.11967924865787971,,,,0.0,,,,0.0,,,,0.0,,,,0.0,,,,0.0,,,,0.0,,,,0.0
2025-09-03T11:46:18Z,15388.0,15388.2,102,1538.12611,,,,,,,,,,,,,,,,1538.12611,0.39418000000000575,0.0003286391889898402,-1.5734500000070673,1516.04617,4.152925000000096,0.0035215864864274484,-1.4487000001965953,,,,-1.9446222222328902,,,,-9.015029411813902,,,,-1.1558078651748342,,,,-1.1334202247252865,,,,-1.3965348571504723,,,,-1.288630285721311,,,,-0.1196792486589695,,,,0.0,,,,0.0,,,,0.0,,,,0.0,,,,0.0,,,,0.0,,,,0.0
2025-09-03T11:46:18Z,15388.0,15388.3,103,1537.97513,,,,,,,,,,,,,,,,1537.97513,0.24320000000011532,0.0002027628260245722,-1.154750000012227,,,,-11.814000000064775,,,,-1.9446222222328906,,,,-9.015029411813902,,,,-1.155807865174836,,,,-1.1334202247252865,,,,-1.3965348571504688,,,,-1.288630285721311,,,,-0.1196792486589695,,,,0.0,,,,0.0,,,,0.0,,,,0.0,,,,0.0,,,,0.0,,,,0.0
2025-09-03T11:46:18Z,15388.0,15388.4,104,1537.89516,,,,,,,,,,,,,,,,1537.89516,0.16323000000011234,0.00013608953985196548,-0.45184999999896047,,,,-11.813999999957327,,,,-1.9446222222152043,,,,-9.01502941173193,,,,-1.1558078651643253,,,,-1.1334202247149818,,,,-1.3965348571377678,,,,-1.2886302857095906,,,,-0.1196792486578806,,,,0.0,,,,0.0,,,,0.0,,,,0.0,,,,0.0,,,,0.0,,,,0.0
2025-09-03T11:46:18Z,15388.0,15388.5,105,1537.88476,,,,,,,,,,,,,,,,1537.88476,0.15282999999999447,0.00012741876110739948,-0.0687999999999872,,,,-11.813999999957328,,,,-1.9446222222152034,,,,-9.015029411731929,,,,-1.1558078651643253,,,,-1.13342022471498,,,,-1.396534857137766,,,,-1.288630285709587,,,,-0.1196792486578806,,,,0.0,,,,0.0,,,,0.0,,,,0.0,,,,0.0,,,,0.0,,,,0.0
2025-09-03T11:46:18Z,15388.0,15388.6,106,1537.8814,,,,,,,,,,,,,,,,1537.8814,0.14947000000006483,0.00012461743259001472,-0.03619999999942147,,,,-11.813999999957325,,,,-1.9446222222152043,,,,-9.015029411731913,,,,-1.1558078651643218,,,,-1.13342022471498,,,,-1.3965348571377696,,,,-1.2886302857095888,,,,-0.1196792486578806,,,,0.0,,,,0.0,,,,0.0,,,,0.0,,,,0.0,,,,0.0,,,,0.0
2025-09-03T11:46:19Z,15388.0,15388.7,107,1537.87752,,,,,,,,,,,,,,,,1537.87752,0.14559000000008382,0.00012138256513536376,-0.040699999999817216,1510.13917,-1.7540750000000571,-0.001487415933632388,-5.907074999925318,,,,-1.9446222222328915,,,,-9.015029411813918,,,,-1.155807865174836,,,,-1.1334202247252865,,,,-1.3965348571504705,,,,-1.288630285721311,,,,-0.1196792486589695,,,,0.0,,,,0.0,,,,0.0,,,,0.0,,,,0.0,,,,0.0,,,,0.0
2025-09-03T11:46:19Z,15388.0,15388.8,108,1537.87326,,,,,,,,,,,,,,,,1537.87326,0.14133000000015272,0.00011783088076509115,-0.035450000000633475,1510.1391549999998,-1.754090000000133,-0.0014874286532932446,-3.552713678800501e-15,,,,-1.9446222222328897,,,,-9.01502941181392,,,,-1.155807865174836,,,,-1.1334202247252865,,,,-1.3965348571504705,,,,-1.288630285721311,,,,-0.1196792486589695,,,,0.0,,,,0.0,,,,0.0,,,,0.0,,,,0.0,,,,0.0,,,,0.0
2025-09-03T11:46:19Z,15388.0,15388.9,109,1537.87043,1510.13917,,,,,,,,,,,,,,,1537.87043,0.13850000000002183,0.00011547142847201628,-0.0303500000005702,1510.13917,-1.7540750000000571,-0.001487415933632388,0.0012500000002493294,,,,-1.9446222222152052,,,,-9.01502941173191,,,,-1.1558078651643235,,,,-1.13342022471498,,,,-1.3965348571377696,,,,-1.2886302857095906,,,,-0.1196792486578806,,,,0.0,,,,0.0,,,,0.0,,,,0.0,,,,0.0,,,,0.0,,,,0.0
2025-09-03T11:46:19Z,15389.0,15389.0,110,1537.86719,1510.13914,,,,,,,,,,,,,,,1537.86719,0.1352600000000166,0.00011277014740162004,-0.02689999999906134,1510.139405,-1.753840000000082,-0.001487216658946661,0.002350000000879149,1510.14152,-2.0216250000000855,-0.0017139863060721748,-0.9723111111076026,,,,-9.015029411731913,,,,-1.15580786516432,,,,-1.1334202247149765,,,,-1.396534857137766,,,,-1.288630285709587,,,,-0.11967924865788149,,,,0.0,,,,0.0,,,,0.0,,,,0.0,,,,0.0,,,,0.0,,,,0.0
2025-09-03T11:46:19Z,15389.0,15389.1,111,1537.86505,1510.13964,,,,,,,,,,,,,,,1537.86505,0.13312000000018998,0.00011098596792934529,-0.020049999999327883,1510.13964,-1.7536049999998795,-0.0014870173842607413,0.0011750000010088968,1510.14152,-2.0216250000000855,-0.0017139863060721748,0.0,,,,-9.01502941173193,,,,-1.1558078651643235,,,,-1.1334202247149783,,,,-1.396534857137766,,,,-1.288630285709587,,,,-0.1196792486578806,,,,0.0,,,,0.0,,,,0.0,,,,0.0,,,,0.0,,,,0.0,,,,0.0
2025-09-03T11:46:19Z,15389.0,15389.2,112,1537.86318,1510.14152,1510.14152,,,,,,,,,,,,,,1537.86318,0.13125000000013642,0.00010942689521274731,-0.018250000000626265,1510.13964,-1.7536049999998795,-0.0014870173842607413,0.009399999999226694,1510.14152,-2.0216250000000855,-0.0017139863060721748,0.0,,,,-9.01502941181392,,,,-1.1558078651748396,,,,-1.1334202247252918,,,,-1.3965348571504705,,,,-1.2886302857213074,,,,-0.1196792486589695,,,,0.0,,,,0.0,,,,0.0,,,,0.0,,,,0.0,,,,0.0,,,,0.0
2025-09-03T11:46:19Z,15389.0,15389.3,113,1537.8614,1510.14251,,,,,,,,,,,,,,,1537.8614,0.12947000000008302,0.0001079428580814381,-0.017350000000636134,1510.14152,-1.7517250000000786,-0.0014854231867749252,0.009450000000235548,1510.14152,-2.0216250000000855,-0.0017139863060721748,-0.004774999999821006,,,,-9.015029411813906,,,,-1.155807865174836,,,,-1.1334202247252883,,,,-1.3965348571504705,,,,-1.288630285721311,,,,-0.1196792486589695,,,,0.0,,,,0.0,,,,0.0,,,,0.0,,,,0.0,,,,0.0,,,,0.0
2025-09-03T11:46:19Z,15389.0,15389.4,114,1537.85971,1510.13884,,,,,,,,,,,,,,,1537.85971,0.12778000000002976,0.0001065338565354177,-0.020299999999832674,1510.14153,-1.7517149999998765,-0.0014854147070008923,0.00494999999999024,1510.140565,-2.0225800000000618,-0.0017147959799346658,4.377174999984838,,,,-9.015029411731923,,,,-1.1558078651643235,,,,-1.1334202247149818,,,,-1.396534857137766,,,,-1.2886302857095906,,,,-0.1196792486578806,,,,0.0,,,,0.0,,,,0.0,,,,0.0,,,,0.0,,,,0.0,,,,0.0
2025-09-03T11:46:19Z,15389.0,15389.5,115,1537.85734,1510.14153,,,,,,,,,,,,,,,1537.85734,0.12541000000010172,0.00010455791945620957,-0.020150000000211943,1510.14251,-1.750735000000077,-0.0014845836891626233,2.5794499999901124,1511.016955,-1.1461899999999332,-0.0009717697219596455,3.0037249999900135,1510.14169,-10.119395000000168,-0.008533786374814395,-4.507139705866358,,,,-1.15580786516432,,,,-1.1334202247149783,,,,-1.396534857137766,,,,-1.2886302857095906,,,,-0.11967924865788149,,,,0.0,,,,0.0,,,,0.0,,,,0.0,,,,0.0,,,,0.0,,,,0.0
2025-09-03T11:46:19Z,15389.0,15389.6,116,1537.85568,1510.65742,1510.13961,,,,,,,,,,,,,,1537.85568,0.12374999999997272,0.0001031739297718889,-0.015200000000221925,1510.65742,-1.235824999999977,-0.0010479516532537958,8.718149999969116,1510.74131,-1.4218349999998736,-0.0012054687291133672,-2.877849999989383,1510.1417649999999,-10.119320000000243,-0.008533723126569073,0.0003749999996145448,,,,-1.1558078651643235,,,,-1.1334202247149783,,,,-1.396534857137766,,,,-1.2886302857095906,,,,-0.1196792486578806,,,,0.0,,,,0.0,,,,0.0,,,,0.0,,,,0.0,,,,0.0,,,,0.0
2025-09-03T11:46:20Z,15389.0,15389.7,117,1537.8543,1511.8943,1511.8943,1510.14169,,,,,,,,,,,,,1537.8543,0.12237000000004628,0.0001020233841308574,-0.01409999999972622,1511.88614,-0.007104999999910433,-6.024879328605989e-06,6.143599999922107,1510.441385,-1.7217599999999038,-0.0014597529523737282,-0.4299499999558014,1510.1417649999999,-10.119320000000243,-0.008533723126569073,0.00037500000077272944,,,,-1.155807865174836,,,,-1.1334202247252883,,,,-1.396534857150467,,,,-1.2886302857213074,,,,-0.1196792486589695,,,,0.0,,,,0.0,,,,0.0,,,,0.0,,,,0.0,,,,0.0,,,,0.0
2025-09-03T11:46:20Z,15389.0,15389.8,118,1537.85286,1511.89093,1510.74131,1510.14184,,,,,,,,,,,,,1537.85286,0.12093000000004395,0.00010082281476623684,-0.013400000000365564,1511.88614,-0.007104999999910433,-6.024879328605989e-06,6.938893903907228e-18,1510.65532,-1.5078249999999116,-0.0012783732897807536,1.0696750000252555,1510.14184,-10.119245000000092,-0.008533659878323559,0.0003750000007585186,,,,-1.155807865174836,,,,-1.1334202247252847,,,,-1.3965348571504705,,,,-1.288630285721304,,,,-0.1196792486589695,,,,0.0,,,,0.0,,,,0.0,,,,0.0,,,,0.0,,,,0.0,,,,0.0
2025-09-03T11:46:20Z,15389.0,15389.9,119,1537.85162,1511.88614,1510.14146,,,,,,,,,,,,,,1537.85162,0.11968999999999141,9.978899114666035e-05,-0.011499999999345145,1511.88614,-0.007104999999910433,-6.024879328605989e-06,0.0,1510.65532,-1.5078249999999116,-0.0012783732897807536,-1.252499999994816,1510.14184,-10.119245000000092,-0.008533659878323559,0.0001499999996212864,,,,-1.1558078651643235,,,,-1.1334202247149818,,,,-1.396534857137766,,,,-1.288630285709587,,,,-0.1196792486578806,,,,0.0,,,,0.0,,,,0.0,,,,0.0,,,,0.0,,,,0.0,,,,0.0
2025-09-03T11:46:20Z,15390.0,15390.0,120,1537.85056,1511.88216,1510.65532,1510.1419,,,,,,,,,,,,,1537.85056,0.11863000000016655,9.8905238697851e-05,-0.015399999999716196,1511.88614,-0.007104999999910433,-6.024879328605989e-06,0.0,1510.4048200000002,-1.758324999999786,-0.0014907537113084091,-2.504999999990769,1510.14187,-10.119215000000167,-0.00853363457902547,0.0003000000003794412,,,,-1.1558078651643235,,,,-1.1334202247149783,,,,-1.396534857137766,,,,-1.2886302857095906,,,,-0.1196792486578806,,,,0.0,,,,0.0,,,,0.0,,,,0.0,,,,0.0,,,,0.0,,,,0.0
2025-09-03T11:46:20Z,15390.0,15390.1,121,1537.84854,1511.88281,1510.15432,,,,,,,,,,,,,,1537.84854,0.11661000000003696,9.72211066723752e-05,-0.01610000000022016,1511.88614,-0.007104999999910433,-6.024879328605989e-06,-0.016649999999966344,1510.15432,-2.008824999999888,-0.0017031341328362574,0.0,1510.1419,-10.119185000000016,-0.008533609279727187,0.00015000000075815478,,,,-1.155807865164327,,,,-1.1334202247149747,,,,-1.3965348571377731,,,,-1.2886302857095906,,,,-0.11967924865788104,,,,0.0,,,,0.0,,,,0.0,,,,0.0,,,,0.0,,,,0.0,,,,0.0
2025-09-03T11:46:20Z,15390.0,15390.2,122,1537.84734,1511.88711,,,,,,,,,,,,,,,1537.84734,0.11541000000011081,9.622063220192126e-05,-0.008849999999247404,1511.88281,-0.010434999999915817,-8.84864402453045e-06,0.0018000000006511974,1510.4048200000002,-1.758324999999786,-0.0014907537113084091,-4.5565329287455825e-11,1510.1419,-10.119185000000016,-0.008533609279727187,0.5109470588356047,,,,-1.1558078651748325,,,,-1.1334202247252883,,,,-1.396534857150474,,,,-1.2886302857213074,,,,-0.11967924865896906,,,,0.0,,,,0.0,,,,0.0,,,,0.0,,,,0.0,,,,0.0,,,,0.0
2025-09-03T11:46:20Z,15390.0,15390.3,123,1537.84677,1511.8865,,,,,,,,,,,,,,,1537.84677,0.11484000000018568,9.574540682848881e-05,-0.009599999999618025,1511.8865,-0.006744999999909851,-5.719607469587128e-06,0.021499999999547985,1510.15432,-2.008824999999888,-0.0017031341328362574,-1.2510500000303963,,,,1.0218941176526286,,,,-1.1558078651748325,,,,-1.1334202247252918,,,,-1.396534857150467,,,,-1.2886302857213146,,,,-0.11967924865896995,,,,0.0,,,,0.0,,,,0.0,,,,0.0,,,,0.0,,,,0.0,,,,0.0
2025-09-03T11:46:20Z,15390.0,15390.4,124,1537.84542,1511.69306,,,,,,,,,,,,,,,1537.84542,0.1134900000001835,9.461987304915705e-05,-0.010500000000736698,1511.88711,-0.006135000000085711,-5.202341264177353e-06,0.013450000000099133,1510.15461,-2.008534999999938,-0.0017028882632864274,0.001449999999744378,,,,1.0218941176433205,,,,-1.155807865164327,,,,-1.1334202247149747,,,,-1.396534857137766,,,,-1.2886302857095906,,,,-0.11967924865788104,,,,0.0,,,,0.0,,,,0.0,,,,0.0,,,,0.0,,,,0.0,,,,0.0
2025-09-03T11:46:20Z,15390.0,15390.5,125,1537.84411,1511.89239,,,,,,,,,,,,,,,1537.84467,0.1127400000000307,9.399457650495747e-05,-0.006550000000492107,1511.88919,-0.004054999999880238,-3.438548300785885e-06,0.010400000000989531,1510.15461,-2.008534999999938,-0.0017028882632864274,0.0,,,,1.0218941176433205,,,,-1.1558078651643235,,,,-1.1334202247149818,,,,-1.3965348571377696,,,,-1.2886302857095906,,,,-0.11967924865788104,,,,0.0,,,,0.0,,,,0.0,,,,0.0,,,,0.0,,,,0.0,,,,0.0
2025-09-03T11:46:20Z,15390.0,15390.6,126,1537.84467,1511.8941,1510.15461,,,,,,,,,,,,,,1537.84411,0.11218000000008033,9.352768841875827e-05,-0.009599999999601705,1511.88919,-0.004054999999880238,-3.438548300785885e-06,0.0,1510.15461,-2.008534999999938,-0.0017028882632864274,0.0,,,,1.0218941176433347,,,,-1.1558078651643235,,,,-1.1334202247149818,,,,-1.396534857137766,,,,-1.2886302857095906,,,,-0.11967924865788104,,,,0.0,,,,0.0,,,,0.0,,,,0.0,,,,0.0,,,,0.0,,,,0.0
2025-09-03T11:46:21Z,15390.0,15390.7,127,1537.84275,1511.88919,,,,,,,,,,,,,,,1537.84275,0.11082000000010339,9.239381735219326e-05,-0.012950000000332418,1511.88919,-0.004054999999880238,-3.438548300785885e-06,-0.0005500000008981272,1510.15461,-2.008534999999938,-0.0017028882632864274,0.0,,,,1.0218941176526286,,,,-1.155807865174836,,,,-1.1334202247252883,,,,-1.396534857150474,,,,-1.2886302857213074,,,,-0.11967924865896862,,,,0.0,,,,0.0,,,,0.0,,,,0.0,,,,0.0,,,,0.0,,,,0.0
2025-09-03T11:46:21Z,15390.0,15390.8,128,1537.84152,1511.88452,,,,,,,,,,,,,,,1537.84152,0.10959000000002561,9.136833101985001e-05,-0.007250000000016854,1511.88908,-0.004165000000057262,-3.5318258134138317e-06,-0.0005500000008981272,1510.15461,-2.008534999999938,-0.0017028882632864274,1.7360899999777715,,,,1.0218941176526144,,,,-1.1558078651748396,,,,-1.1334202247252883,,,,-1.3965348571504705,,,,-1.2886302857213146,,,,-0.11967924865896906,,,,0.0,,,,0.0,,,,0.0,,,,0.0,,,,0.0,,,,0.0,,,,0.0
2025-09-03T11:46:21Z,15390.0,15390.9,129,1537.8413,1511.88908,,,,,,,,,,,,,,,1537.8413,0.10937000000012631,9.118491070033947e-05,-0.006549999999355238,1511.88908,-0.004165000000057262,-3.5318258134138317e-06,-0.012699999999721694,,,,3.4721799999871212,,,,1.0218941176433276,,,,-1.1558078651643235,,,,-1.1334202247149783,,,,-1.396534857137766,,,,-1.2886302857095835,,,,-0.11967924865788104,,,,0.0,,,,0.0,,,,0.0,,,,0.0,,,,0.0,,,,0.0,,,,0.0
2025-09-03T11:46:21Z,15391.0,15391.0,130,1537.84021,1511.88134,,,,,,,,,,,,,,,1537.84021,0.10828000000014981,9.027614638964081e-05,-0.011349999999724414,1511.88654,-0.006705000000010841,-5.68568837422628e-06,-0.012699999999721694,,,,3.4721799999871203,,,,1.0218941176433347,,,,-1.1558078651643235,,,,-1.1334202247149783,,,,-1.396534857137766,,,,-1.288630285709587,,,,-0.11967924865788104,,,,0.0,,,,0.0,,,,0.0,,,,0.0,,,,0.0,,,,0.0,,,,0.0
2025-09-03T11:46:21Z,15391.0,15391.1,131,1537.83903,1511.89104,,,,,,,,,,,,,,,1537.83903,0.10710000000017317,8.929234649365336e-05,-0.009300000000360131,1511.88654,-0.006705000000010841,-5.68568837422628e-06,0.0,,,,3.4721799999871212,,,,1.0218941176433347,,,,-1.1558078651643235,,,,-1.1334202247149783,,,,-1.396534857137766,,,,-1.2886302857095906,,,,-0.11967924865788104,,,,0.0,,,,0.0,,,,0.0,,,,0.0,,,,0.0,,,,0.0,,,,0.0
2025-09-03T11:46:21Z,15391.0,15391.2,132,1537.83835,1511.88654,,,,,,,,,,,,,,,1537.83835,0.10642000000007101,8.872541096027607e-05,-0.005450000001024691,1511.88654,-0.006705000000010841,-5.68568837422628e-06,0.01315000000007958,,,,3.4721800000187013,,,,1.0218941176526215,,,,-1.1558078651748325,,,,-1.1334202247252883,,,,-1.3965348571504705,,,,-1.288630285721318,,,,-0.11967924865896906,,,,0.0,,,,0.0,,,,0.0,,,,0.0,,,,0.0,,,,0.0,,,,0.0
2025-09-03T11:46:21Z,15391.0,15391.3,133,1537.83794,1511.88617,,,,,,,,,,,,,,,1537.83794,0.1060099999999693,8.838358218276513e-05,-0.006250000000131428,1511.88917,-0.004075000000057116,-3.4555078486591164e-06,0.01315000000007958,1511.8907,-0.27244500000006155,-0.00023098596384488686,1.7281900000405126,,,,1.0218941176526144,,,,-1.155807865174836,,,,-1.1334202247252918,,,,-1.3965348571504705,,,,-1.288630285721311,,,,-0.11967924865896906,,,,0.0,,,,0.0,,,,0.0,,,,0.0,,,,0.0,,,,0.0,,,,0.0
2025-09-03T11:46:21Z,15391.0,15391.4,134,1537.8371,1511.88917,,,,,,,,,,,,,,,1537.8371,0.10517000000004373,8.768325005346633e-05,-0.0048999999989794985,1511.88917,-0.004075000000057116,-3.4555078486591164e-06,1.386099999995809,1511.8891199999998,-0.27402500000016516,-0.0002323255289787626,-0.01579999999984172,,,,1.0218941176433276,,,,-1.155807865164327,,,,-1.1334202247149747,,,,-1.396534857137766,,,,-1.2886302857095941,,,,-0.11967924865788104,,,,0.0,,,,0.0,,,,0.0,,,,0.0,,,,0.0,,,,0.0,,,,0.0
2025-09-03T11:46:21Z,15391.0,15391.5,135,1537.83696,1512.16898,1511.8907,,,,,,,,,,,,,,1537.83696,0.10503000000016982,8.756652803201133e-05,-0.006799999999859918,1512.16639,0.2731450000001132,0.00023162078314335123,1.3869999999958071,1511.88754,-0.2756050000000414,-0.00023366509411244555,-0.014224999999844945,,,,1.0218941176433347,,,,-1.1558078651643235,,,,-1.1334202247149818,,,,-1.396534857137766,,,,-1.288630285709587,,,,-0.11967924865788104,,,,0.0,,,,0.0,,,,0.0,,,,0.0,,,,0.0,,,,0.0,,,,0.0
2025-09-03T11:46:21Z,15391.0,15391.6,136,1537.83574,1512.16639,1511.88754,,,,,,,,,,,,,,1537.83574,0.1038100000000668,8.654937898690132e-05,-0.007500000000363771,1512.16657,0.2733250000001135,0.00023177341907286065,0.0008999999999981245,1511.8862749999998,-0.2768700000001445,-0.0002347375940455973,-0.006325000000492631,,,,1.0218941176433276,,,,-1.155807865164327,,,,-1.1334202247149818,,,,-1.3965348571377731,,,,-1.288630285709587,,,,-0.11967924865788104,,,,0.0,,,,0.0,,,,0.0,,,,0.0,,,,0.0,,,,0.0,,,,0.0
2025-09-03T11:46:22Z,15391.0,15391.7,137,1537.83546,1512.16805,1511.88416,,,,,,,,,,,,,,1537.83546,0.1035300000000916,8.631593494380173e-05,-0.0075500000003925205,1512.16657,0.2733250000001135,0.00023177341907286065,0.0,1511.8862749999998,-0.2768700000001445,-0.0002347375940455973,-0.008449999999329272,,,,1.0218941176526144,,,,-1.1558078651748396,,,,-1.1334202247252883,,,,-1.3965348571504705,,,,-1.288630285721311,,,,-0.11967924865896906,,,,0.0,,,,0.0,,,,0.0,,,,0.0,,,,0.0,,,,0.0,,,,0.0
2025-09-03T11:46:22Z,15391.0,15391.8,138,1537.83423,1512.16657,1511.88501,,,,,,,,,,,,,,1537.83423,0.10230000000001382,8.529044861145848e-05,-0.009450000000118641,1512.16657,0.2733250000001135,0.00023177341907286065,0.007399999999412543,1511.884585,-0.2785599999999704,-0.00023617042004298229,-0.00844999999932905,,,,1.0218941176526286,,,,-1.155807865174836,,,,-1.1334202247252883,,,,-1.3965348571504705,,,,-1.288630285721311,,,,-0.11967924865896862,,,,0.0,,,,0.0,,,,0.0,,,,0.0,,,,0.0,,,,0.0,,,,0.0
2025-09-03T11:46:22Z,15391.0,15391.9,139,1537.83357,1511.88503,,,,,,,,,,,,,,,1537.83357,0.10164000000008855,8.474018765273725e-05,-0.0058499999999881425,1512.16805,0.27480500000001484,0.00023302842560429696,0.029749999999813648,1511.884585,-0.2785599999999704,-0.00023617042004298229,0.6901749999972155,1511.87912,-8.381965000000037,-0.0070685943884165265,0.5397470588216109,,,,-1.155807865164327,,,,-1.1334202247149818,,,,-1.396534857137766,,,,-1.28863028570958,,,,-0.11967924865788104,,,,0.0,,,,0.0,,,,0.0,,,,0.0,,,,0.0,,,,0.0,,,,0.0
2025-09-03T11:46:22Z,15392.0,15392.0,140,1537.83306,1512.17252,1511.69619,,,,,,,,,,,,,,1537.83306,0.10113000000001193,8.431498600270428e-05,-0.004499999999990845,1512.17252,0.27927500000009786,0.00023681888452051206,6.541399999976042,1512.02262,-0.1405250000000251,-0.00011914075343390847,1.389524999994539,1511.88488,-8.376205000000027,-0.007063736923170925,0.05759999999987997,,,,-1.15580786516432,,,,-1.1334202247149747,,,,-1.3965348571377731,,,,-1.288630285709587,,,,-0.11967924865788104,,,,0.0,,,,0.0,,,,0.0,,,,0.0,,,,0.0,,,,0.0,,,,0.0
2025-09-03T11:46:22Z,15392.0,15392.1,141,1537.83267,1513.47829,1512.16023,1511.87912,,,,,,,,,,,,,1537.83267,0.1007400000000871,8.398983179984942e-05,-0.006199999999103256,1513.47633,1.5830849999999828,0.0013424202803724622,6.519049999975708,1512.16249,-0.0006550000000515865,-5.553260523418763e-07,0.6880499999974725,1511.89064,-8.370445000000018,-0.007058879457925325,0.028799999999939985,,,,-1.15580786516432,,,,-1.1334202247149818,,,,-1.396534857137766,,,,-1.2886302857095941,,,,-0.11967924865788104,,,,0.0,,,,0.0,,,,0.0,,,,0.0,,,,0.0,,,,0.0,,,,0.0
2025-09-03T11:46:22Z,15392.0,15392.2,142,1537.83182,1513.47702,1512.16475,1511.89064,,,,,,,,,,,,,1537.83182,0.09989000000018677,8.328116238331737e-05,-0.00665000000026611,1513.47633,1.5830849999999828,0.0013424202803724622,0.0034500000004662468,1512.16023,-0.002915000000029977,-2.4714128892606484e-06,0.011300000000570253,1511.89064,-8.370445000000018,-0.007058879457925325,-0.01322500000046034,,,,-1.1558078651748431,,,,-1.1334202247252918,,,,-1.3965348571504634,,,,-1.288630285721311,,,,-0.11967924865896906,,,,0.0,,,,0.0,,,,0.0,,,,0.0,,,,0.0,,,,0.0,,,,0.0
2025-09-03T11:46:22Z,15392.0,15392.3,143,1537.83134,1513.47633,1512.16821,1511.89103,,,,,,,,,,,,,1537.83134,0.09941000000003442,8.288097259498414e-05,-0.0037000000009304035,1513.47702,1.5837750000000597,0.0013430053847689792,1.2523315717771766e-13,1512.16475,0.0016049999999268039,1.360760784576896e-06,0.032600000001091395,1511.887995,-8.373090000000047,-0.007061110012712605,-0.0018000000004647632,,,,-1.155807865174836,,,,-1.1334202247252847,,,,-1.3965348571504705,,,,-1.288630285721311,,,,-0.11967924865896906,,,,0.0,,,,0.0,,,,0.0,,,,0.0,,,,0.0,,,,0.0,,,,0.0
2025-09-03T11:46:22Z,15392.0,15392.4,144,1537.83108,1512.1717,1511.88562,,,,,,,,,,,,,,1537.83108,0.09915000000000873,8.266420312635103e-05,-0.0031499999999936024,1513.47633,1.5830849999999828,0.0013424202803724622,-0.012100000000101474,1512.16675,0.003605000000106884,3.0564128528154955e-06,0.01000000000086402,1511.89028,-8.370805000000018,-0.007059183049503174,0.009625000000106354,,,,-1.155807865164327,,,,-1.1334202247149818,,,,-1.396534857137766,,,,-1.2886302857095941,,,,-0.11967924865788104,,,,0.0,,,,0.0,,,,0.0,,,,0.0,,,,0.0,,,,0.0,,,,0.0
2025-09-03T11:46:22Z,15392.0,15392.5,145,1537.83071,1513.48054,1512.16675,1511.88535,,,,,,,,,,,,,1537.83071,0.0987800000000334,8.235572349796265e-05,-0.0018499999998699557,1513.4746,1.5813550000000305,0.0013409532794944421,-0.024499999999444633,1512.16675,0.003605000000106884,3.0564128528154955e-06,-0.0130249999994684,1511.88992,-8.371165000000019,-0.0070594866410810244,-0.013225000000097964,,,,-1.15580786516432,,,,-1.1334202247149818,,,,-1.3965348571377803,,,,-1.28863028570958,,,,-0.11967924865788104,,,,0.0,,,,0.0,,,,0.0,,,,0.0,,,,0.0,,,,0.0,,,,0.0
2025-09-03T11:46:22Z,15392.0,15392.6,146,1537.83016,1513.4746,1512.17432,1511.88992,,,,,,,,,,,,,1537.83071,0.0987800000000334,8.235572349796265e-05,0.0,1513.47143,1.5781850000000759,0.0013382651911803467,-0.007924999999858073,1512.1641450000002,0.0010000000002037268,8.478260342156865e-07,0.0,1511.887635,-8.373450000000048,-0.007061413604290455,-0.011425000000102159,,,,-1.155807865164327,,,,-1.1334202247149818,,,,-1.396534857137766,,,,-1.288630285709587,,,,-0.11967924865788104,,,,0.0,,,,0.0,,,,0.0,,,,0.0,,,,0.0,,,,0.0,,,,0.0
2025-09-03T11:46:23Z,15392.0,15392.7,147,1537.82947,1513.47143,1512.16154,,,,,,,,,,,,,,1537.83071,0.0987800000000334,8.235572349796265e-05,0.8878000000214188,1513.473015,1.5797700000000532,0.0013396092353373944,-2.886579864025407e-13,1512.16675,0.003605000000106884,3.0564128528154955e-06,0.018924999999372676,1511.887635,-8.373450000000048,-0.007061413604290455,0.011425000000414798,,,,-1.155807865174836,,,,-1.1334202247252918,,,,-1.3965348571504705,,,,-1.288630285721304,,,,-0.11967924865896906,,,,0.0,,,,0.0,,,,0.0,,,,0.0,,,,0.0,,,,0.0,,,,0.0
2025-09-03T11:46:23Z,15392.0,15392.8,148,1538.00827,1511.88079,,,,,,,,,,,,,,,1538.00827,0.2763400000001184,0.00023039259598531134,2.6532999999991405,1513.47143,1.5781850000000759,0.0013382651911803467,-0.0079250000000739,1512.16793,0.004785000000083528,4.056847572966388e-06,5.217749999934256,1511.88992,-8.371165000000019,-0.0070594866410810244,5.935103571353537,,,,-1.155807865174836,,,,-1.1334202247252847,,,,-1.3965348571504634,,,,-1.288630285721311,,,,-0.11967924865896906,,,,0.0,,,,0.0,,,,0.0,,,,0.0,,,,0.0,,,,0.0,,,,0.0
2025-09-03T11:46:23Z,15392.0,15392.9,149,1538.36137,,,,,,,,,,,,,,,,1538.36137,0.6294400000001588,0.0005247822089345329,3.200499999988731,1513.47143,1.5781850000000759,0.0013382651911803467,6.363449999976907,1513.2103000000002,1.0471550000002026,0.0008878052706784293,25.196474999908524,,,,11.847357142813998,,,,-1.15580786516432,,,,-1.1334202247149818,,,,-1.396534857137766,,,,-1.288630285709587,,,,-0.11967924865788149,,,,0.0,,,,0.0,,,,0.0,,,,0.0,,,,0.0,,,,0.0,,,,0.0
2025-09-03T11:46:23Z,15393.0,15393.0,150,1538.64837,,,,,,,,,,,,,,,,1538.64837,0.9164400000001933,0.0007640623531328537,2.7666999999896085,1514.74412,2.8508750000000873,0.002417477530775039,6.363449999976907,1517.207225,5.044080000000122,0.004276502341795526,5.243799999980434,,,,11.847357142813998,,,,-1.15580786516432,,,,-1.1334202247149747,,,,-1.396534857137766,,,,-1.2886302857095941,,,,-0.11967924865788104,,,,0.0,,,,0.0,,,,0.0,,,,0.0,,,,0.0,,,,0.0,,,,0.0
2025-09-03T11:46:23Z,15393.0,15393.1,151,1538.91471,1514.74412,1514.25906,,,,,,,,,,,,,,1538.91471,1.1827800000000934,0.0009861176618636872,2.815649999988625,1514.74412,2.8508750000000873,0.002417477530775039,0.0,1514.25906,2.0959150000001046,0.0017769713021412426,-14.740824999946458,,,,11.847357142813998,,,,-1.155807865164327,,,,-1.1334202247149747,,,,-1.3965348571377731,,,,-1.2886302857095941,,,,-0.11967924865788104,,,,0.0,,,,0.0,,,,0.0,,,,0.0,,,,0.0,,,,0.0,,,,0.0
2025-09-03T11:46:23Z,15393.0,15393.2,152,1539.2115,1522.11554,1520.15539,,,,,,,,,,,,,,1539.2115,1.479569999999967,0.0012335600102838294,2.6560500000081895,1514.74412,2.8508750000000873,0.002417477530775039,2.7802000000654363,1514.25906,2.0959150000001046,0.0017769713021412426,0.0,,,,11.847357142921746,,,,-1.155807865174836,,,,-1.1334202247252918,,,,-1.3965348571504705,,,,-1.288630285721311,,,,-0.11967924865896906,,,,0.0,,,,0.0,,,,0.0,,,,0.0,,,,0.0,,,,0.0,,,,0.0
2025-09-03T11:46:23Z,15393.0,15393.3,153,1539.44592,1512.16144,1511.88922,,,,,,,,,,,,,,1539.44592,1.713989999999967,0.0014290026980990338,2.4871500000115825,1515.30016,3.4069150000000263,0.0028889868765765783,-3.676499999852304,1514.25906,2.0959150000001046,0.0017769713021412426,8.816224999887094,,,,11.847357142921751,,,,-1.155807865174836,,,,-1.1334202247252918,,,,-1.3965348571504705,,,,-1.288630285721311,,,,-0.11967924865896862,,,,0.0,,,,0.0,,,,0.0,,,,0.0,,,,0.0,,,,0.0,,,,0.0
2025-09-03T11:46:23Z,15393.0,15393.4,154,1539.70893,,,,,,,,,,,,,,,,1539.70893,1.9770000000000891,0.0016482816901743718,2.7032999999907457,1514.00882,2.1155750000000353,0.0017939597587299798,-15.693599999942514,1516.022305,3.8591599999999744,0.0032718963175372142,-11.84919999995723,,,,11.847357142814,,,,-1.155807865164327,,,,-1.1334202247149747,,,,-1.396534857137766,,,,-1.2886302857095941,,,,-0.11967924865788104,,,,0.0,,,,0.0,,,,0.0,,,,0.0,,,,0.0,,,,0.0,,,,0.0
2025-09-03T11:46:23Z,15393.0,15393.5,155,1539.98658,1515.8562,,,,,,,,,,,,,,,1539.98658,2.2546500000000833,0.0018797664707898923,2.812349999990147,1512.16144,0.2681950000001052,0.0002274232950818419,-6.413499999976554,1511.88922,-0.2739249999999629,-0.00023224074637518682,-18.378324999933042,,,,11.847357142813994,,,,-1.15580786516432,,,,-1.1334202247149747,,,,-1.396534857137766,,,,-1.2886302857095941,,,,-0.11967924865788127,,,,0.0,,,,0.0,,,,0.0,,,,0.0,,,,0.0,,,,0.0,,,,0.0
2025-09-03T11:46:23Z,15393.0,15393.6,156,1540.2714,1510.14053,,,,,,,,,,,,,,,1540.2714,2.539470000000165,0.002117229086366816,2.404999999991224,1512.72612,0.8328750000000582,0.0007062591654998341,10.648599999960792,1512.34664,0.18349499999999352,0.00015557183811670775,2.2870999999914616,,,,11.847357142813994,,,,-1.155807865164327,,,,-1.1334202247149818,,,,-1.396534857137766,,,,-1.28863028570958,,,,-0.11967924865788104,,,,0.0,,,,0.0,,,,0.0,,,,0.0,,,,0.0,,,,0.0,,,,0.0
2025-09-03T11:46:24Z,15393.0,15393.7,157,1540.46758,,,,,,,,,,,,,,,,1540.46758,2.735650000000078,0.00228078998772152,2.2430500000169413,1514.29116,2.397915000000012,0.002033377693938976,28.68467500039428,1512.34664,0.18349499999999352,0.00015557183811670775,35.41197500083805,,,,11.847357142921746,,,,-1.1558078651748431,,,,-1.1334202247252847,,,,-1.3965348571504776,,,,-1.288630285721304,,,,-0.11967924865896906,,,,0.0,,,,0.0,,,,0.0,,,,0.0,,,,0.0,,,,0.0,,,,0.0
2025-09-03T11:46:24Z,15393.0,15393.8,158,1540.72001,1512.72612,1512.34664,,,,,,,,,,,,,,1540.72001,2.988080000000082,0.0024912481298817145,2.353450000016469,1518.4630550000002,6.569810000000189,0.005571050311381989,49.544150000128425,1519.429035,7.265890000000127,0.006160210702492522,35.41197500083805,,,,11.847357142921746,,,,-1.155807865174836,,,,-1.133420224725299,,,,-1.3965348571504705,,,,-1.288630285721318,,,,-0.11967924865896884,,,,0.0,,,,0.0,,,,0.0,,,,0.0,,,,0.0,,,,0.0,,,,0.0
2025-09-03T11:46:24Z,15393.0,15393.9,159,1540.93827,1524.19999,,,,,,,,,,,,,,,1540.93827,3.206340000000182,0.0026732177614940604,2.130999999992788,1524.19999,12.306745000000092,0.01043584145726395,0.0,1519.429035,7.265890000000127,0.006160210702492522,0.0,,,,11.847357142814005,,,,-1.155807865164327,,,,-1.133420224714989,,,,-1.396534857137766,,,,-1.288630285709587,,,,-0.11967924865788104,,,,0.0,,,,0.0,,,,0.0,,,,0.0,,,,0.0,,,,0.0,,,,0.0
2025-09-03T11:46:24Z,15394.0,15394.0,160,1541.14621,1528.24401,1526.51143,,,,,,,,,,,,,,1541.14621,3.41428000000019,0.0028465833126598956,2.069249999992028,1518.4630550000002,6.569810000000189,0.005571050311381989,-8.01649999997079,1519.429035,7.265890000000127,0.006160210702492522,35.4119749998707,,,,11.847357142814005,,,,-1.155807865164327,,,,-1.1334202247149747,,,,-1.396534857137766,,,,-1.288630285709587,,,,-0.11967924865788104,,,,0.0,,,,0.0,,,,0.0,,,,0.0,,,,0.0,,,,0.0,,,,0.0
2025-09-03T11:46:24Z,15394.0,15394.1,161,1541.35212,,,,,,,,,,,,,,,,1541.35212,3.6201900000000933,0.0030182563945130216,2.1625999999913326,1522.59669,10.703445000000102,0.009076279314030215,20.671949999923356,1526.51143,14.348285000000033,0.012164849566868143,35.4119749998707,,,,11.847357142813994,,,,-1.15580786516432,,,,-1.1334202247149747,,,,-1.3965348571377731,,,,-1.2886302857095941,,,,-0.11967924865788104,,,,0.0,,,,0.0,,,,0.0,,,,0.0,,,,0.0,,,,0.0,,,,0.0
2025-09-03T11:46:24Z,15394.0,15394.2,162,1541.57873,1511.77182,,,,,,,,,,,,,,,1541.57873,3.84680000000003,0.0032071876609825684,2.0630000000069835,1522.5974449999999,10.7041999999999,0.009076919536956597,-19.18977500045488,1526.51143,14.348285000000033,0.012164849566868143,-52.74810000124735,,,,11.847357142921744,,,,-1.155807865174836,,,,-1.1334202247252847,,,,-1.3965348571504848,,,,-1.288630285721311,,,,-0.11967924865896906,,,,0.0,,,,0.0,,,,0.0,,,,0.0,,,,0.0,,,,0.0,,,,0.0
2025-09-03T11:46:24Z,15394.0,15394.3,163,1541.76472,1520.99339,,,,,,,,,,,,,,,1541.76472,4.032789999999977,0.0033622528666251736,1.800300000010786,1518.758735,6.865489999999909,0.0058217802649221705,-19.193550000453826,1515.96181,3.798665000000028,0.0032206070816078306,-52.74810000124735,,,,11.847357142921744,,,,-1.1558078651748218,,,,-1.133420224725299,,,,-1.3965348571504705,,,,-1.288630285721311,,,,-0.11967924865896906,,,,0.0,,,,0.0,,,,0.0,,,,0.0,,,,0.0,,,,0.0,,,,0.0
2025-09-03T11:46:24Z,15394.0,15394.4,164,1541.93879,1524.2015,,,,,,,,,,,,,,,1541.93879,4.206860000000006,0.003507380025860726,1.675199999994721,1518.758735,6.865489999999909,0.0058217802649221705,0.0,1515.96181,3.798665000000028,0.0032206070816078306,0.0,,,,11.847357142814012,,,,-1.1558078651643129,,,,-1.133420224714989,,,,-1.3965348571377731,,,,-1.288630285709587,,,,-0.11967924865788038,,,,0.0,,,,0.0,,,,0.0,,,,0.0,,,,0.0,,,,0.0,,,,0.0
2025-09-03T11:46:24Z,15394.0,15394.5,165,1542.09976,1516.52408,1515.96181,,,,,,,,,,,,,,1542.09976,4.36783000000014,0.0036415853387932384,1.7171499999943833,1518.758735,6.865489999999909,0.0058217802649221705,5.29199999998135,1515.96181,3.798665000000028,0.0032206070816078306,0.0,,,,11.84735714281399,,,,-1.155807865164327,,,,-1.1334202247149818,,,,-1.396534857137766,,,,-1.2886302857095941,,,,-0.11967924865788104,,,,0.0,,,,0.0,,,,0.0,,,,0.0,,,,0.0,,,,0.0,,,,0.0
2025-09-03T11:46:24Z,15394.0,15394.6,166,1542.28222,,,,,,,,,,,,,,,,1542.28222,4.550290000000132,0.0037937074820351144,1.8177999999934187,1519.817135,7.9238900000000285,0.006719279530436271,5.29199999998135,1515.96181,3.798665000000028,0.0032206070816078306,0.0,,,,11.847357142813998,,,,-1.155807865164327,,,,-1.1334202247149747,,,,-1.396534857137766,,,,-1.288630285709587,,,,-0.11967924865788127,,,,0.0,,,,0.0,,,,0.0,,,,0.0,,,,0.0,,,,0.0,,,,0.0
2025-09-03T11:46:25Z,15394.0,15394.7,167,1542.46332,1515.99129,,,,,,,,,,,,,,,1542.46332,4.731390000000147,0.003944695754210426,1.4510500000008122,1519.817135,7.9238900000000285,0.006719279530436271,40.308125000953396,1515.96181,3.798665000000028,0.0032206070816078306,103.99645000245883,,,,11.847357142921751,,,,-1.155807865174829,,,,-1.1334202247252847,,,,-1.3965348571504634,,,,-1.2886302857212968,,,,-0.1196792486589695,,,,0.0,,,,0.0,,,,0.0,,,,0.0,,,,0.0,,,,0.0,,,,0.0
2025-09-03T11:46:25Z,15394.0,15394.8,168,1542.57243,1523.11019,,,,,,,,,,,,,,,1542.57243,4.84050000000002,0.004035663895441942,1.2118500000041017,1527.87876,15.985515000000078,0.013555355226155601,64.1509750006496,1536.7611,24.597954999999956,0.0208547866332172,108.63527500240045,,,,11.847357142921737,,,,-1.1558078651748431,,,,-1.1334202247252847,,,,-1.3965348571504705,,,,-1.288630285721318,,,,-0.11967924865896973,,,,0.0,,,,0.0,,,,0.0,,,,0.0,,,,0.0,,,,0.0,,,,0.0
2025-09-03T11:46:25Z,15394.0,15394.9,169,1542.70569,1532.64733,,,,,,,,,,,,,,,1542.70569,4.973760000000084,0.004146766585392743,1.1231499999967198,1532.64733,20.754085000000032,0.017598994750486714,33.50399999987734,1537.688865,25.525720000000092,0.021641369953691186,0.0,1536.76937,16.508284999999887,0.013921600807612466,-8.920846428538738,,,,-1.155807865164327,,,,-1.1334202247149818,,,,-1.3965348571377731,,,,-1.2886302857095941,,,,-0.11967924865787993,,,,0.0,,,,0.0,,,,0.0,,,,0.0,,,,0.0,,,,0.0,,,,0.0
2025-09-03T11:46:25Z,15395.0,15395.0,170,1542.79706,1538.60246,1536.7611,,,,,,,,,,,,,,1542.79706,5.065130000000181,0.004222944379035325,1.0306999999962763,1534.57956,22.686314999999922,0.019237482095350675,19.718399999928693,1536.7611,24.597954999999956,0.0208547866332172,-4.638824999983797,1533.800465,13.539379999999937,0.011417893714736114,-14.844524999945733,1528.34147,-10.286689999999908,-0.008571313359144541,-0.57790393258216,1526.69298,-10.087440000000015,-0.008415395730130011,-0.566710112357498,,,,-1.396534857137766,,,,-1.288630285709587,,,,-0.11967924865788104,,,,0.0,,,,0.0,,,,0.0,,,,0.0,,,,0.0,,,,0.0,,,,0.0
2025-09-03T11:46:25Z,15395.0,15395.1,171,1542.91183,1540.79157,1538.61663,1536.76937,,,,,,,,,,,,,1542.91183,5.179900000000089,0.004318631424852802,0.8652499999962302,1536.59101,24.697765000000118,0.020943146208746658,20.11449999992763,1536.7611,24.597954999999956,0.0208547866332172,0.0,1533.800465,13.539379999999937,0.011417893714736114,0.0,1528.34147,-10.286689999999908,-0.008571313359144541,0.0,1526.69298,-10.087440000000015,-0.008415395730130011,0.0,,,,-1.396534857137766,,,,-1.288630285709587,,,,-0.11967924865788115,,,,0.0,,,,0.0,,,,0.0,,,,0.0,,,,0.0,,,,0.0,,,,0.0
2025-09-03T11:46:25Z,15395.0,15395.2,172,1542.97011,1534.57956,1532.69467,1530.83156,1528.34147,1526.69298,,,,,,,,,,,1542.97011,5.238180000000057,0.0043672211349708116,0.7637500000073061,1538.60246,26.709215000000086,0.02264881032214245,5.472774999763033,1536.7611,24.597954999999956,0.0208547866332172,-5.527250000129655,1533.800465,13.539379999999937,0.011417893714736114,0.0,1528.34147,-10.286689999999908,-0.008571313359144541,-7.105427357601002e-15,1526.69298,-10.087440000000015,-0.008415395730130011,0.0,,,,-1.3965348571504776,,,,-1.288630285721311,,,,-0.1196792486589695,,,,0.0,,,,0.0,,,,0.0,,,,0.0,,,,0.0,,,,0.0,,,,0.0
2025-09-03T11:46:25Z,15395.0,15395.3,173,1543.06458,,,,,,,,,,,,,,,,1543.06458,5.332650000000058,0.0044459834876621465,0.7593500000070996,1537.685565,25.792320000000018,0.021871304096657263,-77.1338499991848,1535.6556500000002,23.492505000000165,0.019917557343884586,-20.332149999941464,1533.800465,13.539379999999937,0.011417893714736114,-14.844524999810737,1528.34147,-10.286689999999908,-0.008571313359144541,7.105427357601002e-15,1526.69298,-10.087440000000015,-0.008415395730130011,0.0,,,,-1.3965348571504776,,,,-1.288630285721311,,,,-0.11967924865896962,,,,0.0,,,,0.0,,,,0.0,,,,0.0,,,,0.0,,,,0.0,,,,0.0
2025-09-03T11:46:25Z,15395.0,15395.4,174,1543.12198,,,,,,,,,,,,,,,,1543.12198,5.390049999999974,0.004493839516501735,0.5542499999981203,1523.17569,11.282445000000052,0.009567258220618047,-121.73387499955703,1532.69467,20.5315250000001,0.017407161413604003,-16.894763333272238,1530.83156,10.570474999999988,0.008914186621859764,-19.15269374993008,1528.34147,-10.286689999999908,-0.008571313359144541,-0.48707378048603545,1526.69298,-10.087440000000015,-0.008415395730130011,-0.8801189024358322,,,,-1.396534857137766,,,,-1.288630285709587,,,,-0.11967924865787993,,,,0.0,,,,0.0,,,,0.0,,,,0.0,,,,0.0,,,,0.0,,,,0.0
2025-09-03T11:46:25Z,15395.0,15395.5,175,1543.17543,,,,,,,,,,,,,,,,1543.17543,5.4435000000000855,0.004538402316876039,0.4913999999990075,1513.33879,1.4455450000000383,0.0012257894706797698,-41.34964999984923,,,,-4.179726666651547,,,,-8.616337499968658,,,,-0.9741475609720709,,,,-1.7602378048716574,,,,-1.396534857137766,,,,-1.288630285709587,,,,-0.11967924865788115,,,,0.0,,,,0.0,,,,0.0,,,,0.0,,,,0.0,,,,0.0,,,,0.0
2025-09-03T11:46:25Z,15395.0,15395.6,176,1543.22026,1511.77182,,,,,,,,,,,,,,,1543.22026,5.488330000000133,0.004575778375637087,0.415099999998656,1514.90576,3.0125150000001213,0.0025545445954743146,14.316549999947696,,,,-4.1797266666515185,,,,-8.616337499968658,,,,-0.9741475609720709,,,,-1.7602378048716574,,,,-1.396534857137766,,,,-1.2886302857095941,,,,-0.11967924865788115,,,,0.0,,,,0.0,,,,0.0,,,,0.0,,,,0.0,,,,0.0,,,,0.0
2025-09-03T11:46:26Z,15395.0,15395.7,177,1543.25845,1514.90576,,,,,,,,,,,,,,,1543.25845,5.526520000000119,0.004607618475661232,0.391900000001943,1516.2021,4.308854999999994,0.003653811600251623,12.963400000070607,,,,-4.1797266666895325,,,,-8.616337500047031,,,,-0.9741475609809314,,,,-1.760237804887673,,,,-1.3965348571504848,,,,-1.288630285721304,,,,-0.1196792486589695,,,,0.0,,,,0.0,,,,0.0,,,,0.0,,,,0.0,,,,0.0,,,,0.0
2025-09-03T11:46:26Z,15395.0,15395.8,178,1543.29864,1517.49844,,,,,,,,,,,,,,,1543.29864,5.566710000000057,0.004641126033136195,0.33030000000250226,1517.49844,5.605195000000094,0.004753078605029125,14.118850000055868,,,,-4.179726666689561,,,,-8.616337500047024,,,,-0.9741475609809314,,,,-1.760237804887666,,,,-1.3965348571504848,,,,-1.2886302857212968,,,,-0.1196792486589695,,,,0.0,,,,0.0,,,,0.0,,,,0.0,,,,0.0,,,,0.0,,,,0.0
2025-09-03T11:46:26Z,15395.0,15395.9,179,1543.32451,1519.02587,,,,,,,,,,,,,,,1543.32451,5.592579999999998,0.004662694595263009,0.23944999999939043,1519.02587,7.132624999999962,0.0060483047039746355,11.766299999956512,,,,-4.179726666651547,,,,-8.616337499968655,,,,-0.9741475609720709,,,,-1.7602378048716574,,,,-1.396534857137766,,,,-1.2886302857095941,,,,-0.11967924865787999,,,,0.0,,,,0.0,,,,0.0,,,,0.0,,,,0.0,,,,0.0,,,,0.0
2025-09-03T11:46:26Z,15396.0,15396.0,180,1543.34653,1519.8517,,,,,,,,,,,,,,,1543.34653,5.6146000000001095,0.004681053301797062,0.17229999999977963,1519.8517,7.958454999999958,0.0067485898687889056,10.787799999961273,,,,-4.179726666651547,,,,-8.616337499968658,,,,-0.9741475609720709,,,,-1.7602378048716645,,,,-1.396534857137766,,,,-1.2886302857095941,,,,-0.1196792486578811,,,,0.0,,,,0.0,,,,0.0,,,,0.0,,,,0.0,,,,0.0,,,,0.0
2025-09-03T11:46:26Z,15396.0,15396.1,181,1543.35897,1521.18343,,,,,,,,,,,,,,,1543.35897,5.627040000000079,0.004691424887141381,0.1111499999997747,1521.18343,9.290185000000065,0.00787786679326269,9.842599999964825,,,,-4.1797266666515185,,,,-8.616337499968662,,,,-0.9741475609720638,,,,-1.7602378048716503,,,,-1.396534857137766,,,,-1.288630285709587,,,,-0.11967924865788104,,,,0.0,,,,0.0,,,,0.0,,,,0.0,,,,0.0,,,,0.0,,,,0.0
2025-09-03T11:46:26Z,15396.0,15396.2,182,1543.36876,1521.82022,,,,,,,,,,,,,,,1543.36876,5.6368300000001454,0.0046995870913633915,0.10080000000076694,1521.82022,9.926975000000084,0.00841785031299689,11.858550000164051,,,,-4.1797266666895325,,,,-8.61633750004702,,,,-0.9741475609809314,,,,-1.760237804887666,,,,-1.3965348571504705,,,,-1.288630285721311,,,,-0.1196792486589695,,,,0.0,,,,0.0,,,,0.0,,,,0.0,,,,0.0,,,,0.0,,,,0.0
2025-09-03T11:46:26Z,15396.0,15396.3,183,1543.37913,1523.55514,,,,,,,,,,,,,,,1543.37913,5.647200000000112,0.0047082328582460685,0.0957499999999385,1523.55514,11.661894999999959,0.009889023239797188,8.681300000204551,,,,-4.179726666689561,,,,-8.616337500047026,,,,-0.9741475609809243,,,,-1.7602378048876588,,,,-1.3965348571504705,,,,-1.288630285721311,,,,-0.1196792486589695,,,,0.0,,,,0.0,,,,0.0,,,,0.0,,,,0.0,,,,0.0,,,,0.0
2025-09-03T11:46:26Z,15396.0,15396.4,184,1543.38791,1524.01345,,,,,,,,,,,,,,,1543.38791,5.65598,0.004715552996455247,0.043899999999279515,1523.55648,11.663234999999986,0.009890159529494668,0.00670000000010873,,,,-4.179726666651547,,,,-8.616337499968665,,,,-0.9741475609720638,,,,-1.7602378048716574,,,,-1.396534857137766,,,,-1.288630285709587,,,,-0.11967924865787996,,,,0.0,,,,0.0,,,,0.0,,,,0.0,,,,0.0,,,,0.0,,,,0.0
2025-09-03T11:46:26Z,15396.0,15396.5,185,1543.39943,1524.29107,,,,,,,,,,,,,,,1543.38791,5.65598,0.004715552996455247,0.0,1523.55648,11.663234999999986,0.009890159529494668,1.1424249999951641,,,,-4.179726666651533,,,,-8.616337499968656,,,,-0.9741475609720709,,,,-1.7602378048716645,,,,-1.396534857137766,,,,-1.2886302857096013,,,,-0.1196792486578811,,,,0.0,,,,0.0,,,,0.0,,,,0.0,,,,0.0,,,,0.0,,,,0.0
2025-09-03T11:46:26Z,15396.0,15396.6,186,1543.40936,1523.55648,,,,,,,,,,,,,,,1543.38791,5.65598,0.004715552996455247,-1.7173499999938748,1523.7849649999998,11.89171999999985,0.010083909642571807,-9.727674999964925,,,,-4.1797266666515185,,,,-8.616337499968656,,,,-0.9741475609720709,,,,-1.7602378048716645,,,,-1.396534857137766,,,,-1.288630285709587,,,,-0.11967924865788108,,,,0.0,,,,0.0,,,,0.0,,,,0.0,,,,0.0,,,,0.0,,,,0.0
2025-09-03T11:46:27Z,15396.0,15396.7,187,1543.04444,1519.66541,,,,,,,,,,,,,,,1543.04444,5.312509999999975,0.004429192191131925,-10.592700000187705,1521.610945,9.717699999999923,0.008240389845507673,-20.597775000090436,,,,-4.179726666689547,,,,-8.61633750004703,,,,-0.9741475609809314,,,,-1.760237804887666,,,,-1.3965348571504705,,,,-1.288630285721311,,,,-0.11967924865896956,,,,0.0,,,,0.0,,,,0.0,,,,0.0,,,,0.0,,,,0.0,,,,0.0
2025-09-03T11:46:27Z,15396.0,15396.8,188,1541.26937,,,,,,,,,,,,,,,,1541.26937,3.5374400000000605,0.002949265342483696,-11.056500000181787,1519.66541,7.772165000000086,0.006590620161520871,-9.727675000229219,,,,-4.179726666689547,,,,-8.616337500047022,,,,-0.9741475609809385,,,,-1.7602378048876588,,,,-1.3965348571504563,,,,-1.288630285721311,,,,-0.11967924865896956,,,,0.0,,,,0.0,,,,0.0,,,,0.0,,,,0.0,,,,0.0,,,,0.0
2025-09-03T11:46:27Z,15396.0,15396.9,189,1540.83314,1516.01372,,,,,,,,,,,,,,,1540.83314,3.1012100000000373,0.0025855678605895267,-3.5965499999866672,1519.66541,7.772165000000086,0.006590620161520871,-15.757049999943519,1526.42508,14.261934999999994,0.012091639788828502,-2.0898633333257663,,,,-8.616337499968655,,,,-0.9741475609720638,,,,-1.7602378048716503,,,,-1.3965348571377803,,,,-1.2886302857096013,,,,-0.11967924865787997,,,,0.0,,,,0.0,,,,0.0,,,,0.0,,,,0.0,,,,0.0,,,,0.0
2025-09-03T11:46:27Z,15397.0,15397.0,190,1540.55006,,,,,,,,,,,,,,,,1540.55006,2.81813000000011,0.0023495559329949796,-3.448773157885789,1516.514,4.620754999999917,0.003918295746995527,-16.586368420978882,1526.42508,14.261934999999994,0.012091639788828502,1.4210854715202004e-14,,,,-8.208195197344864,,,,-0.9280037291372736,,,,-1.676858119379034,,,,-1.33038320601122,,,,-1.2275899037558773,,,,-0.11401023161627925,,,,0.0,,,,0.0,,,,0.0,,,,0.0,,,,0.0,,,,0.0,,,,0.0
2025-09-03T11:46:27Z,15397.0,15397.111111111111,191,1540.09057,1528.23715,1526.42508,,,,,,,,,,,,,,1540.09057,2.3586400000001504,0.0019664659209473715,-3.20660999999469,1516.514,4.620754999999917,0.003918295746995527,26.3770874999526,1526.42508,14.261934999999994,0.012091639788828502,0.0,,,,-7.754703749985897,,,,-0.8767328048764611,,,,-1.5842140243873786,,,,-1.2568813714262745,,,,-1.159767257140743,,,,-0.1077113237922889,,,,0.0,,,,0.0,,,,0.0,,,,0.0,,,,0.0,,,,0.0,,,,0.0
2025-09-03T11:46:27Z,15397.0,15397.222222222223,192,1539.83748,1516.514,,,,,,,,,,,,,,,1539.83748,2.105549999999994,0.001755457517828266,-2.0761649999961698,1522.375575,10.482330000000047,0.008888778794288928,0.0,1526.42508,14.261934999999994,0.012091639788828502,0.0,,,,-7.754703749985904,,,,-0.876732804876454,,,,-1.5842140243873786,,,,-1.2568813714262888,,,,-1.1597672571407358,,,,-0.1077113237922889,,,,0.0,,,,0.0,,,,0.0,,,,0.0,,,,0.0,,,,0.0,,,,0.0
2025-09-03T11:46:27Z,15397.0,15397.333333333334,193,1539.6292,,,,,,,,,,,,,,,,1539.6292,1.8972700000001623,0.0015818084988959318,-1.8115649999965653,1516.514,4.620754999999917,0.003918295746995527,-40.102672499926975,1526.42508,14.261934999999994,0.012091639788828502,-14.57033624997338,,,,-7.754703749985904,,,,-0.8767328048764611,,,,-1.5842140243873715,,,,-1.2568813714262745,,,,-1.159767257140743,,,,-0.1077113237922889,,,,0.0,,,,0.0,,,,0.0,,,,0.0,,,,0.0,,,,0.0,,,,0.0
2025-09-03T11:46:27Z,15397.0,15397.444444444445,194,1539.43491,,,,,,,,,,,,,,,,1539.43491,1.702980000000025,0.0014198233448321025,-1.8975600000152006,1513.46387,1.5706250000000637,0.0013318544821409506,-20.068942500006166,,,,-29.14067250018529,,,,-7.754703750049362,,,,-0.8767328048836305,,,,-1.5842140244003389,,,,-1.2568813714365632,,,,-1.1597672571502358,,,,-0.10771132379316956,,,,0.0,,,,0.0,,,,0.0,,,,0.0,,,,0.0,,,,0.0,,,,0.0
2025-09-03T11:46:27Z,15397.0,15397.555555555555,195,1539.20752,1513.46387,,,,,,,,,,,,,,,1539.20752,1.475590000000011,0.0012302417699566566,-1.8209250000150465,1512.054235,0.16099000000008346,0.0001365158793983122,-6.343357500144142,,,,-29.140672500185293,,,,-7.7547037500493765,,,,-0.8767328048836376,,,,-1.5842140244003389,,,,-1.2568813714365774,,,,-1.1597672571502358,,,,-0.10771132379317055,,,,0.0,,,,0.0,,,,0.0,,,,0.0,,,,0.0,,,,0.0,,,,0.0
2025-09-03T11:46:28Z,15397.0,15397.666666666666,196,1539.03026,1510.6446,,,,,,,,,,,,,,,1539.03026,1.2983300000000781,0.0010824550160870635,-1.5975449999970621,1512.054235,0.16099000000008346,0.0001365158793983122,6.343357499988373,,,,-29.14067249994676,,,,-7.7547037499859,,,,-0.8767328048764611,,,,-1.5842140243873715,,,,-1.2568813714262745,,,,-1.159767257140743,,,,-0.10771132379228893,,,,0.0,,,,0.0,,,,0.0,,,,0.0,,,,0.0,,,,0.0,,,,0.0
2025-09-03T11:46:28Z,15397.0,15397.777777777777,197,1538.85251,,,,,,,,,,,,,,,,1538.85251,1.1205800000000181,0.000934259735141904,-1.7785349999971398,1513.46387,1.5706250000000637,0.0013318544821409506,-1.6960724999972698,1513.47367,1.3105250000000979,0.0011110972132642354,-20.904648749962096,,,,-7.754703749985893,,,,-0.876732804876454,,,,-1.5842140243873786,,,,-1.2568813714262745,,,,-1.159767257140743,,,,-0.10771132379228887,,,,0.0,,,,0.0,,,,0.0,,,,0.0,,,,0.0,,,,0.0,,,,0.0
2025-09-03T11:46:28Z,15397.0,15397.888888888889,198,1538.63503,,,,,,,,,,,,,,,,1538.63503,0.9030999999999949,0.0007529404119354577,-1.9065149999960904,1511.67733,-0.21591499999999542,-0.00018309103733319258,-3.99766499999328,1512.066045,-0.09709999999995489,-8.232390790553332e-05,-6.334312499988715,1510.15235,-10.108735000000024,-0.008524796690870171,-3.8773518749929465,,,,-0.8767328048764611,,,,-1.5842140243873715,,,,-1.2568813714262745,,,,-1.1597672571407287,,,,-0.10771132379228893,,,,0.0,,,,0.0,,,,0.0,,,,0.0,,,,0.0,,,,0.0,,,,0.0
2025-09-03T11:46:28Z,15398.0,15398.0,199,1538.42884,1513.47367,1513.47367,,,,,,,,,,,,,,1538.42884,0.6969100000001163,0.0005810338860392318,-1.7692836842049569,1512.5755,0.682254999999941,0.0005785368115959946,3.8290405263122187,1512.066045,-0.09709999999995489,-8.232390790553332e-05,1.1102230246251565e-16,1510.15235,-10.108735000000024,-0.008524796690870171,7.105427357601002e-15,,,,-0.9280037291372452,,,,-1.6768581193789913,,,,-1.33038320601122,,,,-1.2275899037558418,,,,-0.1140102316162781,,,,0.0,,,,0.0,,,,0.0,,,,0.0,,,,0.0,,,,0.0,,,,0.0
2025-09-03T11:46:28Z,15398.0,15398.1,200,1538.25969,1511.67733,1510.65842,1510.15235,,,,,,,,,,,,,1538.25969,0.5277600000001712,0.00044000867213286264,-1.6594499999936145,1512.5755,0.682254999999941,0.0005785368115959946,0.0,1512.066045,-0.09709999999995489,-8.232390790553332e-05,0.0,1510.15235,-10.108735000000024,-0.008524796690870171,0.0,,,,-0.9741475609720638,,,,-1.7602378048716503,,,,-1.396534857137766,,,,-1.288630285709587,,,,-0.11967924865788104,,,,0.0,,,,0.0,,,,0.0,,,,0.0,,,,0.0,,,,0.0,,,,0.0
2025-09-03T11:46:28Z,15398.0,15398.2,201,1538.09695,,,,,,,,,,,,,,,,1538.09695,0.365020000000186,0.00030432765935646365,-1.4564500000054244,1512.5755,0.682254999999941,0.0005785368115959946,-4.490850000105876,1512.066045,-0.09709999999995489,-8.232390790553332e-05,-7.038125000166693,1510.15235,-10.108735000000024,-0.008524796690870171,7.105427357601002e-15,,,,-0.9741475609809385,,,,-1.760237804887666,,,,-1.3965348571504563,,,,-1.288630285721311,,,,-0.1196792486589695,,,,0.0,,,,0.0,,,,0.0,,,,0.0,,,,0.0,,,,0.0,,,,0.0
2025-09-03T11:46:28Z,15398.0,15398.3,202,1537.9684,,,,,,,,,,,,,,,,1537.9684,0.23647000000005391,0.00019715183170237986,-0.90860000001202,1511.67733,-0.21591499999999542,-0.00018309103733319258,-4.856673809625036,1510.65842,-1.5047250000000076,-0.0012757450290753018,-7.124770000165604,1510.15235,-10.108735000000024,-0.008524796690870171,1.7226106382759383,,,,-0.9741475609809385,,,,-1.7602378048876801,,,,-1.3965348571504563,,,,-1.288630285721311,,,,-0.11967924865896962,,,,0.0,,,,0.0,,,,0.0,,,,0.0,,,,0.0,,,,0.0,,,,0.0
2025-09-03T11:46:28Z,15398.0,15398.4,203,1537.91523,,,,,,,,,,,,,,,,1537.91523,0.1833000000001448,0.0001528224753713644,-0.2743499999986875,,,,-0.7316476190449734,,,,-0.17328999999939665,,,,3.4452212765832186,,,,-0.9741475609720709,,,,-1.7602378048716645,,,,-1.3965348571377803,,,,-1.288630285709587,,,,-0.11967924865788115,,,,0.0,,,,0.0,,,,0.0,,,,0.0,,,,0.0,,,,0.0,,,,0.0
2025-09-03T11:46:28Z,15398.0,15398.5,204,1537.91353,,,,,,,,,,,,,,,,1537.91353,0.18160000000011678,0.00015140513653811072,-0.039950000000171904,,,,-0.7316476190449734,,,,-0.17328999999939665,,,,3.4452212765832044,,,,-0.9741475609720709,,,,-1.7602378048716503,,,,-1.3965348571377803,,,,-1.288630285709587,,,,-0.11967924865788004,,,,0.0,,,,0.0,,,,0.0,,,,0.0,,,,0.0,,,,0.0,,,,0.0
2025-09-03T11:46:28Z,15398.0,15398.6,205,1537.90724,,,,,,,,,,,,,,,,1537.90724,0.17531000000008135,0.00014616098285512907,-0.05155000000040111,,,,-0.7316476190449734,,,,-0.17328999999939754,,,,3.4452212765832044,,,,-0.9741475609720567,,,,-1.7602378048716503,,,,-1.3965348571377518,,,,-1.288630285709587,,,,-0.11967924865788093,,,,0.0,,,,0.0,,,,0.0,,,,0.0,,,,0.0,,,,0.0,,,,0.0
2025-09-03T11:46:29Z,15398.0,15398.7,206,1537.90322,,,,,,,,,,,,,,,,1537.90322,0.17128999999999905,0.00014280939337883353,-0.044850000000780876,,,,-0.7316476190516275,,,,-0.17329000000097317,,,,3.4452212766145536,,,,-0.9741475609809243,,,,-1.7602378048876517,,,,-1.3965348571504563,,,,-1.288630285721311,,,,-0.1196792486589695,,,,0.0,,,,0.0,,,,0.0,,,,0.0,,,,0.0,,,,0.0,,,,0.0
2025-09-03T11:46:29Z,15398.0,15398.8,207,1537.89827,,,,,,,,,,,,,,,,1537.89827,0.16633999999999105,0.00013868243618795037,-0.03250000000028652,,,,-0.7316476190516275,,,,-0.17329000000097317,,,,3.4452212766145465,,,,-0.9741475609809527,,,,-1.760237804887666,,,,-1.3965348571504848,,,,-1.288630285721311,,,,-0.1196792486589695,,,,0.0,,,,0.0,,,,0.0,,,,0.0,,,,0.0,,,,0.0,,,,0.0
2025-09-03T11:46:29Z,15398.0,15398.9,208,1537.89672,,,,,,,,,,,,,,,,1537.89672,0.16479000000003907,0.00013739015666357454,-0.027499999999818114,,,,-0.7316476190449732,,,,-0.17328999999939754,,,,3.4452212765832186,,,,-0.9741475609720709,,,,-1.7602378048716645,,,,-1.3965348571377803,,,,-1.2886302857095728,,,,-0.11967924865788104,,,,0.0,,,,0.0,,,,0.0,,,,0.0,,,,0.0,,,,0.0,,,,0.0
2025-09-03T11:46:29Z,15399.0,15399.0,209,1537.89277,,,,,,,,,,,,,,,,1537.89277,0.16084000000000742,0.00013409692819810128,-0.02849999999956343,,,,-0.7316476190449737,,,,-0.17328999999939754,,,,3.4452212765832115,,,,-0.9741475609720709,,,,-1.7602378048716503,,,,-1.396534857137766,,,,-1.2886302857095728,,,,-0.11967924865787993,,,,0.0,,,,0.0,,,,0.0,,,,0.0,,,,0.0,,,,0.0,,,,0.0
2025-09-03T11:46:29Z,15399.0,15399.1,210,1537.89102,,,,,,,,,,,,,,,,1537.89102,0.15909000000010565,0.0001326379029286814,-0.01924999999907684,,,,-0.7316476190449732,,,,-0.17328999999939754,,,,3.4452212765832115,,,,-0.9741475609720709,,,,-1.7602378048716645,,,,-1.3965348571377803,,,,-1.288630285709587,,,,-0.11967924865788104,,,,0.0,,,,0.0,,,,0.0,,,,0.0,,,,0.0,,,,0.0,,,,0.0
2025-09-03T11:46:29Z,15399.0,15399.2,211,1537.88892,,,,,,,,,,,,,,,,1537.88892,0.15699000000017804,0.00013088707260533962,-0.018900000000095396,,,,-0.7316476190516275,,,,-0.17329000000097317,,,,3.4452212766145465,,,,-0.9741475609809243,,,,-1.760237804887666,,,,-1.3965348571504848,,,,-1.2886302857213252,,,,-0.11967924865896973,,,,0.0,,,,0.0,,,,0.0,,,,0.0,,,,0.0,,,,0.0,,,,0.0
2025-09-03T11:46:29Z,15399.0,15399.3,212,1537.88724,,,,,,,,,,,,,,,,1537.88724,0.15531000000009954,0.00012948640834655245,-0.024400000000918576,,,,-0.7316476190516275,,,,-0.1732900000009714,,,,3.445221276614543,,,,-0.9741475609809243,,,,-1.7602378048876517,,,,-1.3965348571504563,,,,-1.288630285721311,,,,-0.1196792486589695,,,,0.0,,,,0.0,,,,0.0,,,,0.0,,,,0.0,,,,0.0,,,,0.0
2025-09-03T11:46:29Z,15399.0,15399.4,213,1537.88404,,,,,,,,,,,,,,,,1537.88404,0.1521099999999933,0.00012681847642508922,-0.022400000000207365,,,,-0.7316476190449732,,,,-0.17328999999939754,,,,3.4452212765832115,,,,-0.9741475609720709,,,,-1.7602378048716503,,,,-1.396534857137766,,,,-1.288630285709587,,,,-0.11967924865788104,,,,0.0,,,,0.0,,,,0.0,,,,0.0,,,,0.0,,,,0.0,,,,0.0
2025-09-03T11:46:29Z,15399.0,15399.5,214,1537.88276,,,,,,,,,,,,,,,,1537.88276,0.15083000000004176,0.00012575130365657974,-0.015049999999464325,,,,-0.7316476190449732,,,,-0.17328999999939754,,,,3.445221276583215,,,,-0.9741475609720709,,,,-1.7602378048716645,,,,-1.3965348571377803,,,,-1.288630285709587,,,,-0.11967924865787993,,,,0.0,,,,0.0,,,,0.0,,,,0.0,,,,0.0,,,,0.0,,,,0.0
2025-09-03T11:46:29Z,15399.0,15399.6,215,1537.88103,,,,,,,,,,,,,,,,1537.88103,0.1491000000000895,0.00012430895296162633,-0.0161500000000937,,,,-0.7316476190449732,,,,-0.17328999999939754,,,,3.445221276583215,,,,-0.9741475609720709,,,,-1.7602378048716645,,,,-1.3965348571377803,,,,-1.2886302857096013,,,,-0.11967924865788104,,,,0.0,,,,0.0,,,,0.0,,,,0.0,,,,0.0,,,,0.0,,,,0.0
2025-09-03T11:46:30Z,15399.0,15399.7,216,1537.87953,,,,,,,,,,,,,,,,1537.87953,0.14760000000001128,0.00012305835987341674,-0.01549999999961349,,,,-0.7316476190516283,,,,-0.17329000000097317,,,,3.4452212766145465,,,,-0.9741475609809243,,,,-1.760237804887666,,,,-1.3965348571504563,,,,-1.2886302857213252,,,,-0.1196792486589695,,,,0.0,,,,0.0,,,,0.0,,,,0.0,,,,0.0,,,,0.0,,,,0.0
2025-09-03T11:46:30Z,15399.0,15399.8,217,1537.87793,,,,,,,,,,,,,,,,1537.87793,0.14600000000018554,0.00012172439391287469,-0.015099999999491631,,,,-0.7316476190516283,,,,-0.17329000000097317,,,,3.4452212766145465,,,,-0.9741475609809385,,,,-1.7602378048876517,,,,-1.3965348571504705,,,,-1.2886302857212968,,,,-0.11967924865896973,,,,0.0,,,,0.0,,,,0.0,,,,0.0,,,,0.0,,,,0.0,,,,0.0
2025-09-03T11:46:30Z,15399.0,15399.9,218,1537.87651,,,,,,,,,,,,,,,,1537.87651,0.1445800000001327,0.00012054049912272063,-0.0181500000007212,,,,-0.7316476190449732,,,,-0.17328999999939754,,,,3.445221276583215,,,,-0.9741475609720709,,,,-1.7602378048716503,,,,-1.3965348571377803,,,,-1.288630285709587,,,,-0.11967924865788104,,,,0.0,,,,0.0,,,,0.0,,,,0.0,,,,0.0,,,,0.0,,,,0.0
2025-09-03T11:46:30Z,15400.0,15400.0,219,1537.8743,,,,,,,,,,,,,,,,1537.8743,0.14237000000002809,0.00011869795863943401,-0.014837777778303862,,,,-0.6666122751306789,,,,-0.15788644444408817,,,,3.1389793853352064,,,,-0.8875566666645298,,,,-1.6037722222183604,,,,-1.2723984253937601,,,,-1.1740853714257256,,,,-0.10904109322175737,,,,0.0,,,,0.0,,,,0.0,,,,0.0,,,,0.0,,,,0.0,,,,0.0
2025-09-03T11:46:30Z,15400.0,15400.125,220,1537.87358,,,,,,,,,,,,,,,,1537.87358,0.14165000000002692,0.00011809767395712373,-0.006959999999708089,,,,-0.5853180952381081,,,,-0.13863200000002163,,,,2.7561770212765957,,,,-0.779318048780496,,,,-1.4081902439024532,,,,-1.1172278857142715,,,,-1.0309042285714298,,,,-0.09574339892665318,,,,0.0,,,,0.0,,,,0.0,,,,0.0,,,,0.0,,,,0.0,,,,0.0
2025-09-03T11:46:30Z,15400.0,15400.25,221,1537.87256,,,,,,,,,,,,,,,,1537.87256,0.14063000000010106,0.00011724727065724737,-0.01036000000021886,,,,-0.5853180952381081,,,,-0.13863200000002251,,,,2.7561770212765992,,,,-0.7793180487804889,,,,-1.4081902439024532,,,,-1.1172278857142715,,,,-1.0309042285714298,,,,-0.09574339892665318,,,,0.0,,,,0.0,,,,0.0,,,,0.0,,,,0.0,,,,0.0,,,,0.0
2025-09-03T11:46:30Z,15400.0,15400.375,222,1537.87099,,,,,,,,,,,,,,,,1537.87099,0.1390599999999722,0.00011593831655821547,-0.015360000000328,,,,-0.5853180952381081,,,,-0.13863200000002163,,,,2.7561770212765957,,,,-0.7793180487804889,,,,-1.408190243902439,,,,-1.1172278857142857,,,,-1.0309042285714156,,,,-0.09574339892665318,,,,0.0,,,,0.0,,,,0.0,,,,0.0,,,,0.0,,,,0.0,,,,0.0
2025-09-03T11:46:30Z,15400.0,15400.5,223,1537.86872,,,,,,,,,,,,,,,,1537.86872,0.13679000000001906,0.00011404575235152938,-0.010919999999714491,1510.14087,-1.752375000000029,-0.0014859743720758887,-0.29651904761885817,,,,-0.13863200000002163,,,,2.7561770212765957,,,,-0.779318048780496,,,,-1.4081902439024532,,,,-1.1172278857142857,,,,-1.0309042285714156,,,,-0.09574339892665318,,,,0.0,,,,0.0,,,,0.0,,,,0.0,,,,0.0,,,,0.0,,,,0.0
2025-09-03T11:46:30Z,15400.0,15400.625,224,1537.86826,,,,,,,,,,,,,,,,1537.86826,0.13633000000004358,0.00011366223713785221,-0.008559999999306456,1510.139905,-1.7533399999999801,-0.0014867926702534936,-0.001239999999597785,,,,-0.13863200000002251,,,,2.7561770212765992,,,,-0.7793180487804889,,,,-1.4081902439024532,,,,-1.1172278857142715,,,,-1.0309042285714298,,,,-0.09574339892665229,,,,0.0,,,,0.0,,,,0.0,,,,0.0,,,,0.0,,,,0.0,,,,0.0
2025-09-03T11:46:31Z,15400.0,15400.75,225,1537.86658,1510.14087,,,,,,,,,,,,,,,1537.86658,0.13465000000019245,0.00011226157287925462,-0.010639999999511929,1510.14056,-1.7526849999999286,-0.0014862372450655137,-0.0006199999997988925,,,,-0.13863200000002251,,,,2.7561770212765957,,,,-0.7793180487804889,,,,-1.408190243902439,,,,-1.1172278857142857,,,,-1.0309042285714298,,,,-0.09574339892665318,,,,0.0,,,,0.0,,,,0.0,,,,0.0,,,,0.0,,,,0.0,,,,0.0
2025-09-03T11:46:31Z,15400.0,15400.875,226,1537.8656,1510.13894,,,,,,,,,,,,,,,1537.8656,0.1336700000001656,0.00011144451872831123,-0.00980000000072323,1510.13975,-1.7534949999999299,-0.001486924106748306,0.0,,,,-0.13863200000002163,,,,2.7561770212765957,,,,-0.779318048780496,,,,-1.4081902439024532,,,,-1.1172278857142857,,,,-1.0309042285714156,,,,-0.09574339892665318,,,,0.0,,,,0.0,,,,0.0,,,,0.0,,,,0.0,,,,0.0,,,,0.0
2025-09-03T11:46:31Z,15401.0,15401.0,227,1537.86413,1510.14056,,,,,,,,,,,,,,,1537.86413,0.13220000000001164,0.00011021893750180138,-0.01176000000032218,1510.14056,-1.7526849999999286,-0.0014862372450655137,-0.0032400000000052387,,,,-0.13863200000002163,,,,2.7561770212765992,,,,-0.7793180487804889,,,,-1.408190243902439,,,,-1.1172278857142715,,,,-1.0309042285714156,,,,-0.09574339892665318,,,,0.0,,,,0.0,,,,0.0,,,,0.0,,,,0.0,,,,0.0,,,,0.0
2025-09-03T11:46:31Z,15401.0,15401.125,228,1537.86266,1510.13856,,,,,,,,,,,,,,,1537.86266,0.13073000000008506,0.00010899335627548109,-0.007079999999405118,1510.13894,-1.7543049999999312,-0.0014876109684310984,0.0,,,,-0.13863200000002251,,,,2.7561770212765992,,,,-0.7793180487804889,,,,-1.4081902439024532,,,,-1.1172278857142715,,,,-1.0309042285714298,,,,-0.09574339892665318,,,,0.0,,,,0.0,,,,0.0,,,,0.0,,,,0.0,,,,0.0,,,,0.0
2025-09-03T11:46:31Z,15401.0,15401.25,229,1537.86236,1510.14139,,,,,,,,,,,,,,,1537.86236,0.13043000000016036,0.000108743237657915,-0.005879999999706342,1510.14056,-1.7526849999999286,-0.0014862372450655137,-0.0015199999998003477,,,,-0.13863200000002163,,,,2.7561770212765992,,,,-0.779318048780496,,,,-1.4081902439024532,,,,-1.1172278857142857,,,,-1.0309042285714298,,,,-0.09574339892665229,,,,0.0,,,,0.0,,,,0.0,,,,0.0,,,,0.0,,,,0.0,,,,0.0
2025-09-03T11:46:31Z,15401.0,15401.375,230,1537.86119,1510.13767,,,,,,,,,,,,,,,1537.86119,0.12926000000015847,0.0001077677750491608,-0.009640000000217697,1510.13856,-1.7546849999998813,-0.0014879331998377979,-0.0078000000003157766,,,,-0.13863200000002163,,,,2.756177021276592,,,,-0.7793180487804889,,,,-1.408190243902439,,,,-1.1172278857142857,,,,-1.0309042285714156,,,,-0.09574339892665318,,,,0.0,,,,0.0,,,,0.0,,,,0.0,,,,0.0,,,,0.0,,,,0.0
2025-09-03T11:46:31Z,15401.0,15401.5,231,1537.85995,1510.1412,,,,,,,,,,,,,,,1537.85995,0.12802000000010594,0.00010673395142958431,-0.007920000000012806,1510.13861,-1.7546350000000075,-0.0014878908009685967,-4.000000080850441e-05,,,,-0.13863200000002251,,,,2.756177021276592,,,,-0.7793180487804818,,,,-1.4081902439024532,,,,-1.1172278857142715,,,,-1.0309042285714156,,,,-0.09574339892665318,,,,0.0,,,,0.0,,,,0.0,,,,0.0,,,,0.0,,,,0.0,,,,0.0
2025-09-03T11:46:31Z,15401.0,15401.625,232,1537.85921,1510.13855,,,,,,,,,,,,,,,1537.85921,0.12728000000015527,0.00010611699217280755,-0.00676000000021304,1510.13855,-1.7546950000000834,-0.0014879416796118308,0.0,1510.13855,-2.0245950000000903,-0.0017165043493932864,-0.06679600000000718,,,,2.7561770212765992,,,,-0.779318048780496,,,,-1.4081902439024532,,,,-1.1172278857142715,,,,-1.0309042285714156,,,,-0.09574339892665318,,,,0.0,,,,0.0,,,,0.0,,,,0.0,,,,0.0,,,,0.0,,,,0.0
2025-09-03T11:46:32Z,15401.0,15401.75,233,1537.85826,1510.13861,,,,,,,,,,,,,,,1537.85826,0.12633000000005268,0.0001053249498835639,-0.005680000000211294,1510.13861,-1.7546350000000075,-0.0014878908009685967,0.00024000000030355295,1510.13918,-2.0239650000000893,-0.0017159702189918386,0.003200000000106229,,,,2.7561770212765992,,,,-0.779318048780496,,,,-1.4081902439024532,,,,-1.1172278857142857,,,,-1.0309042285714298,,,,-0.09574339892665318,,,,0.0,,,,0.0,,,,0.0,,,,0.0,,,,0.0,,,,0.0,,,,0.0
2025-09-03T11:46:32Z,15401.0,15401.875,234,1537.85779,1510.13855,1510.13855,,,,,,,,,,,,,,1537.85779,0.12586000000010245,0.00010493309738265349,-0.007560000000012224,1510.13861,-1.7546350000000075,-0.0014878908009685967,0.0,1510.13935,-2.0237950000000637,-0.0017158260885660297,-0.0009199999994962127,,,,2.7561770212765992,,,,-0.7793180487804818,,,,-1.408190243902439,,,,-1.1172278857142857,,,,-1.0309042285714298,,,,-0.09574339892665229,,,,0.0,,,,0.0,,,,0.0,,,,0.0,,,,0.0,,,,0.0,,,,0.0
2025-09-03T11:46:32Z,15402.0,15402.0,235,1537.85637,1510.13981,1510.13981,,,,,,,,,,,,,,1537.85637,0.12444000000004962,0.00010374920259249943,-0.005536470587957587,1510.13861,-1.7546350000000075,-0.0014878908009685967,0.0013341176469374716,1510.13895,-2.0241949999999633,-0.0017161652189795617,-0.001505882352564214,,,,2.9385710888579384,,,,-0.8308905667136202,,,,-1.5013793041590873,,,,-1.1911620840323422,,,,-1.0991258319315875,,,,-0.10207935914963118,,,,0.0,,,,0.0,,,,0.0,,,,0.0,,,,0.0,,,,0.0,,,,0.0
2025-09-03T11:46:32Z,15402.0,15402.111111111111,236,1537.85633,1510.13935,1510.13935,,,,,,,,,,,,,,1537.85633,0.12440000000015061,0.00010371585344356645,-0.0072450000001121895,1510.13889,-1.7543550000000323,-0.0014876533673004923,0.0033299999997717933,1510.13895,-2.0241949999999633,-0.0017161652189795617,0.0017999999995463867,,,,3.100699148930535,,,,-0.8767328048764682,,,,-1.5842140243873786,,,,-1.2568813714262745,,,,-1.159767257140743,,,,-0.1077113237922891,,,,0.0,,,,0.0,,,,0.0,,,,0.0,,,,0.0,,,,0.0,,,,0.0
2025-09-03T11:46:32Z,15402.0,15402.222222222223,237,1537.85476,1510.13749,1510.13749,,,,,,,,,,,,,,1537.85476,0.12283000000002176,0.00010240689934453456,-0.009135000000452864,1510.13935,-1.7538950000000568,-0.0014872632977028786,0.0020699999998861074,1510.13935,-2.0237950000000637,-0.0017158260885660297,-0.002385000000112214,,,,3.1006991489305262,,,,-0.8767328048764398,,,,-1.5842140243873644,,,,-1.2568813714262745,,,,-1.159767257140743,,,,-0.1077113237922891,,,,0.0,,,,0.0,,,,0.0,,,,0.0,,,,0.0,,,,0.0,,,,0.0
2025-09-03T11:46:32Z,15402.0,15402.333333333334,238,1537.8543,1510.13889,,,,,,,,,,,,,,,1537.8543,0.12237000000004628,0.0001020233841308574,-0.006209999999657656,1510.13935,-1.7538950000000568,-0.0014872632977028786,0.0002700000003406089,1510.13842,-2.0247249999999894,-0.0017166145667776266,-0.008369999999317201,,,,3.1006991489305253,,,,-0.8767328048764682,,,,-1.5842140243873786,,,,-1.2568813714262888,,,,-1.159767257140743,,,,-0.10771132379228865,,,,0.0,,,,0.0,,,,0.0,,,,0.0,,,,0.0,,,,0.0,,,,0.0
2025-09-03T11:46:32Z,15402.0,15402.444444444445,239,1537.85338,1510.13941,,,,,,,,,,,,,,,1537.85338,0.12145000000009532,0.00010125635370350306,-0.004139999999737909,1510.13941,-1.753834999999981,-0.0014872124190596445,0.004972500000340219,1510.13749,-2.025654999999915,-0.0017174030449892237,6.743058750153587,,,,3.100699148955915,,,,-0.8767328048836447,,,,-1.5842140244003247,,,,-1.2568813714365632,,,,-1.1597672571502358,,,,-0.10771132379316928,,,,0.0,,,,0.0,,,,0.0,,,,0.0,,,,0.0,,,,0.0,,,,0.0
2025-09-03T11:46:32Z,15402.0,15402.555555555555,240,1537.85269,1510.1415,,,,,,,,,,,,,,,1537.85338,0.12145000000009532,0.00010125635370350306,1.1102230246251565e-16,1510.140455,-1.7527900000000045,-0.0014863262826911251,0.009404999999847341,,,,13.494487500085505,,,,3.100699148955915,,,,-0.8767328048836305,,,,-1.584214024400353,,,,-1.256881371436549,,,,-1.1597672571502216,,,,-0.10771132379317017,,,,0.0,,,,0.0,,,,0.0,,,,0.0,,,,0.0,,,,0.0,,,,0.0
2025-09-03T11:46:33Z,15402.0,15402.666666666666,241,1537.85253,1510.14186,,,,,,,,,,,,,,,1537.85338,0.12145000000009532,0.00010125635370350306,1.1535749999973794,1510.1415,-1.751745000000028,-0.0014854401463226057,0.0063224999998849896,,,,13.494487499975047,,,,3.100699148930534,,,,-0.8767328048764682,,,,-1.5842140243873786,,,,-1.2568813714262888,,,,-1.1597672571407287,,,,-0.10771132379228865,,,,0.0,,,,0.0,,,,0.0,,,,0.0,,,,0.0,,,,0.0,,,,0.0
2025-09-03T11:46:33Z,15402.0,15402.777777777777,242,1538.10973,,,,,,,,,,,,,,,,1538.10973,0.37779999999997926,0.00031498271246728146,2.5315199999957363,1510.14186,-1.7513850000000275,-0.0014851348744635868,27.820439999949926,,,,13.494487499975047,,,,3.1006991489305324,,,,-0.8767328048764682,,,,-1.5842140243873644,,,,-1.2568813714262888,,,,-1.1597672571407571,,,,-0.10771132379228865,,,,0.0,,,,0.0,,,,0.0,,,,0.0,,,,0.0,,,,0.0,,,,0.0
2025-09-03T11:46:33Z,15402.0,15402.888888888889,243,1538.41594,,,,,,,,,,,,,,,,1538.41594,0.6840100000001712,0.000570278785481236,3.915674999993752,1516.32382,4.43057500000009,0.003757027407695359,30.080519999944922,1516.13504,3.971894999999904,0.003367475985484988,6.747243749987524,,,,3.100699148930527,,,,-0.8767328048764398,,,,-1.5842140243873786,,,,-1.2568813714262603,,,,-1.159767257140743,,,,-0.1077113237922891,,,,0.0,,,,0.0,,,,0.0,,,,0.0,,,,0.0,,,,0.0,,,,0.0
2025-09-03T11:46:33Z,15403.0,15403.0,244,1538.97988,1517.32902,,,,,,,,,,,,,,,1538.97988,1.2479500000001735,0.0010404517629000003,3.6871023529342972,1516.8264199999999,4.933174999999892,0.004183220841980278,0.502599999991574,1516.13504,3.971894999999904,0.003367475985484988,0.0,,,,2.9385710888579304,,,,-0.830890566713606,,,,-1.5013793041591015,,,,-1.1911620840323422,,,,-1.0991258319315875,,,,-0.10207935914963029,,,,0.0,,,,0.0,,,,0.0,,,,0.0,,,,0.0,,,,0.0,,,,0.0
2025-09-03T11:46:33Z,15403.0,15403.125,245,1539.24553,1516.32382,1516.13504,,,,,,,,,,,,,,1539.24553,1.5135999999999967,0.0012619317988102233,2.3573599999999715,1516.32382,4.43057500000009,0.003757027407695359,-6.718959999999242,1516.13504,3.971894999999904,0.003367475985484988,0.0,,,,2.7561770212765992,,,,-0.779318048780496,,,,-1.4081902439024532,,,,-1.1172278857142857,,,,-1.0309042285714156,,,,-0.09574339892665318,,,,0.0,,,,0.0,,,,0.0,,,,0.0,,,,0.0,,,,0.0,,,,0.0
2025-09-03T11:46:33Z,15403.0,15403.25,246,1539.56922,,,,,,,,,,,,,,,,1539.56922,1.8372900000001664,0.0015318014499446683,2.2606800000003204,1515.14668,3.2534350000000813,0.002758839307348461,-9.417120000000068,1516.13504,3.971894999999904,0.003367475985484988,0.0,,,,2.7561770212765992,,,,-0.7793180487804818,,,,-1.408190243902439,,,,-1.1172278857142715,,,,-1.0309042285714298,,,,-0.09574339892665318,,,,0.0,,,,0.0,,,,0.0,,,,0.0,,,,0.0,,,,0.0,,,,0.0
2025-09-03T11:46:33Z,15403.0,15403.375,247,1539.8107,1513.96954,,,,,,,,,,,,,,,1539.8107,2.078770000000077,0.0017331302625613308,2.1411599999992177,1513.96954,2.076295000000073,0.0017606512070015633,-13.065920000000006,1516.13504,3.971894999999904,0.003367475985484988,20.60014000000001,,,,2.7561770212765992,,,,-0.779318048780496,,,,-1.4081902439024532,,,,-1.1172278857142715,,,,-1.0309042285714298,,,,-0.09574339892665318,,,,0.0,,,,0.0,,,,0.0,,,,0.0,,,,0.0,,,,0.0,,,,0.0
2025-09-03T11:46:33Z,15403.0,15403.5,248,1540.10451,1511.8802,,,,,,,,,,,,,,,1540.10451,2.372579999999971,0.00197808809937971,2.100680000000466,1511.8802,-0.013044999999920037,-1.1061865002417189e-05,-4.178679999999986,,,,41.20028000000002,,,,2.7561770212765992,,,,-0.779318048780496,,,,-1.4081902439024532,,,,-1.1172278857142857,,,,-1.0309042285714156,,,,-0.09574339892665229,,,,0.0,,,,0.0,,,,0.0,,,,0.0,,,,0.0,,,,0.0,,,,0.0
2025-09-03T11:46:33Z,15403.0,15403.625,249,1540.33587,,,,,,,,,,,,,,,,1540.33587,2.6039400000001933,0.0021709795772952853,1.831560000000536,1512.92487,1.0316250000000764,0.000874794670999573,0.0,1526.43511,14.27196499999991,0.012100143483949881,20.60014000000001,1526.34489,6.083804999999984,0.005130533220219854,1.3780885106382996,,,,-0.7793180487804818,,,,-1.408190243902439,,,,-1.1172278857142857,,,,-1.0309042285714156,,,,-0.09574339892665229,,,,0.0,,,,0.0,,,,0.0,,,,0.0,,,,0.0,,,,0.0,,,,0.0
2025-09-03T11:46:34Z,15403.0,15403.75,250,1540.5624,1511.85536,,,,,,,,,,,,,,,1540.5624,2.830470000000105,0.0023598441454667765,2.650439999999435,1511.8802,-0.013044999999920037,-1.1061865002417189e-05,36.655399999999645,1526.43511,14.27196499999991,0.012100143483949881,0.0,1526.34489,6.083804999999984,0.005130533220219854,0.0,,,,-0.7793180487804818,,,,-1.4081902439024532,,,,-1.1172278857142715,,,,-1.0309042285714298,,,,-0.09574339892665407,,,,0.0,,,,0.0,,,,0.0,,,,0.0,,,,0.0,,,,0.0,,,,0.0
2025-09-03T11:46:34Z,15403.0,15403.875,251,1540.99848,1528.24011,1526.43511,1526.34489,,,,,,,,,,,,,1540.99848,3.266550000000052,0.0027234165680520674,2.6323199999997087,1522.08872,10.195474999999988,0.00864553224118134,36.600399999999354,1526.43511,14.27196499999991,0.012100143483949881,-16.629219999999805,1526.34489,6.083804999999984,0.005130533220219854,0.0,,,,-0.779318048780496,,,,-1.408190243902439,,,,-1.1172278857142715,,,,-1.0309042285714298,,,,-0.09574339892665407,,,,0.0,,,,0.0,,,,0.0,,,,0.0,,,,0.0,,,,0.0,,,,0.0
2025-09-03T11:46:34Z,15404.0,15404.0,252,1541.22048,,,,,,,,,,,,,,,,1541.22048,3.488550000000032,0.0029085043450974195,2.3484366666696417,1521.0303,9.137054999999918,0.007748016016119559,-4.515925333329797,1522.277805,10.114659999999958,0.008575472073492947,-31.318364333355778,1526.34489,6.083804999999984,0.005130533220219854,3.552713678800501e-15,,,,-0.7338578292688496,,,,-1.3260458130091308,,,,-1.052056259048399,,,,-0.9707681485721338,,,,-0.09015836732266358,,,,0.0,,,,0.0,,,,0.0,,,,0.0,,,,0.0,,,,0.0,,,,0.0
2025-09-03T11:46:34Z,15404.0,15404.142857142857,253,1541.64943,1522.08872,,,,,,,,,,,,,,,1541.64943,3.917500000000018,0.0032661322818704304,2.1458150000041005,1521.0303,9.137054999999918,0.007748016016119559,0.0,1518.1205,5.957355000000007,0.0050508006630360135,-24.515522500044796,1526.34489,6.083804999999984,0.005130533220219854,-4.511931666675068,,,,-0.6819032926841615,,,,-1.2321664634168883,,,,-0.9775744000017852,,,,-0.9020412000016336,,,,-0.0837754740609733,,,,0.0,,,,0.0,,,,0.0,,,,0.0,,,,0.0,,,,0.0,,,,0.0
2025-09-03T11:46:34Z,15404.0,15404.285714285714,254,1541.83357,1519.97188,1518.1205,,,,,,,,,,,,,,1541.83357,4.1016400000000885,0.003419655089371093,1.936585000003559,1521.0303,9.137054999999918,0.007748016016119559,3.704470000006978,1515.2733699999999,3.1102249999999003,0.0026369297267311857,-9.9649550000185,,,,-9.023863333350132,,,,-0.6819032926841757,,,,-1.232166463416874,,,,-0.977574400001771,,,,-0.9020412000016336,,,,-0.08377547406097463,,,,0.0,,,,0.0,,,,0.0,,,,0.0,,,,0.0,,,,0.0,,,,0.0
2025-09-03T11:46:34Z,15404.0,15404.42857142857,255,1542.20274,1512.70849,1512.42624,,,,,,,,,,,,,,1542.20274,4.470810000000029,0.003727442722937885,1.838200000001283,1522.08872,10.195474999999988,0.00864553224118134,10.376799999915715,1515.2733699999999,3.1102249999999003,0.0026369297267311857,9.964954999828178,,,,-9.023863333292681,,,,-0.6819032926798414,,,,-1.232166463409058,,,,-0.9775743999955608,,,,-0.9020411999958924,,,,-0.08377547406044039,,,,0.0,,,,0.0,,,,0.0,,,,0.0,,,,0.0,,,,0.0,,,,0.0
2025-09-03T11:46:34Z,15404.0,15404.57142857143,256,1542.35877,1523.9951,,,,,,,,,,,,,,,1542.35877,4.626840000000129,0.0038575294159667473,1.2365849999960918,1523.9951,12.101855000000114,0.01026209937061321,6.672329999885136,1518.1205,5.957355000000007,0.0050508006630360135,10.370762499831532,1522.47752,2.2164349999998194,0.0018691416634749297,-4.511931666588892,1520.35346,-18.27469999999994,-0.01522726749268809,-0.3409516463355615,1512.25903,-24.52139000000011,-0.020456845413985448,-0.6160832316966633,1510.14766,-24.445439999999962,-0.02042255220117153,-0.48878719999153475,1510.14766,-22.554849999999988,-0.018866331966125863,-0.4510205999921908,,,,-0.08377547406043906,,,,0.0,,,,0.0,,,,0.0,,,,0.0,,,,0.0,,,,0.0,,,,0.0
2025-09-03T11:46:35Z,15404.0,15404.714285714286,257,1542.55605,1534.55358,,,,,,,,,,,,,,,1542.55605,4.8241199999999935,0.004022007418919384,1.5705200000023893,1523.9951,12.101855000000114,0.01026209937061321,0.0,1518.236445,6.0733000000000175,0.005149101852553134,20.741525000037754,1522.47752,2.2164349999998194,0.0018691416634749297,0.0,1520.35346,-18.27469999999994,-0.01522726749268809,0.0,1512.25903,-24.52139000000011,-0.020456845413985448,0.0,1510.14766,-24.445439999999962,-0.02042255220117153,0.0,1510.14766,-22.554849999999988,-0.018866331966125863,0.0,,,,-0.08377547406097463,,,,0.0,,,,0.0,,,,0.0,,,,0.0,,,,0.0,,,,0.0,,,,0.0
2025-09-03T11:46:35Z,15404.0,15404.857142857143,258,1542.80749,1524.04665,1524.04665,1522.47752,1520.35346,1512.25903,1510.14766,1510.14766,,,,,,,,,1542.80749,5.075559999999996,0.004231640169641402,1.728160000003374,1523.9951,12.101855000000114,0.01026209937061321,-13.819470000025728,1524.04665,11.883505000000014,0.010075144914679717,20.33571750003698,1522.47752,2.2164349999998194,0.0018691416634749297,0.0,1520.35346,-18.27469999999994,-0.01522726749268809,0.0,1512.25903,-24.52139000000011,-0.020456845413985448,0.0,1510.14766,-24.445439999999962,-0.02042255220117153,0.0,1510.14766,-22.554849999999988,-0.018866331966125863,0.0,,,,-0.08377547406097285,,,,0.0,,,,0.0,,,,0.0,,,,0.0,,,,0.0,,,,0.0,,,,0.0
2025-09-03T11:46:35Z,15405.0,15405.0,259,1543.04981,1511.3715,,,,,,,,,,,,,,,1543.04981,5.317880000000059,0.004433669314387552,1.212485333334989,1520.04668,8.153434999999945,0.006913928499542786,-12.898172000036531,1524.04665,11.883505000000014,0.010075144914679717,-7.105427357601002e-15,1522.47752,2.2164349999998194,0.0018691416634749297,-1.7763568394002505e-15,1520.35346,-18.27469999999994,-0.01522726749268809,0.0,1512.25903,-24.52139000000011,-0.020456845413985448,1.4210854715202004e-14,1510.14766,-24.445439999999962,-0.02042255220117153,1.4210854715202004e-14,1510.14766,-22.554849999999988,-0.018866331966125863,0.0,,,,-0.09015836732266314,,,,0.0,,,,0.0,,,,0.0,,,,0.0,,,,0.0,,,,0.0,,,,0.0
2025-09-03T11:46:35Z,15405.0,15405.125,260,1543.14846,1516.50771,,,,,,,,,,,,,,,1543.14846,5.416529999999966,0.0045159166531511035,0.6427199999998265,1520.04668,8.153434999999945,0.006913928499542786,0.0,1524.04665,11.883505000000014,0.010075144914679717,-9.727856000000067,1522.47752,2.2164349999998194,0.0018691416634749297,0.5494450000000004,1520.35346,-18.27469999999994,-0.01522726749268809,-0.18550637362638156,1512.25903,-24.52139000000011,-0.020456845413985448,-0.04640109890110011,1510.14766,-24.445439999999962,-0.02042255220117153,0.32593919999999343,1510.14766,-22.554849999999988,-0.018866331966125863,0.30073133333333146,,,,-0.09574339892665407,,,,0.0,,,,0.0,,,,0.0,,,,0.0,,,,0.0,,,,0.0,,,,0.0
2025-09-03T11:46:35Z,15405.0,15405.25,261,1543.21049,1520.04668,,,,,,,,,,,,,,,1543.21049,5.478560000000016,0.004567632845989543,0.5336400000005597,1520.04668,8.153434999999945,0.006913928499542786,8.926720000000387,,,,-19.45571200000013,,,,1.0988900000000008,,,,-0.3710127472527489,,,,-0.09280219780220023,,,,0.6518784000000011,,,,0.6014626666666629,,,,-0.09574339892665407,,,,0.0,,,,0.0,,,,0.0,,,,0.0,,,,0.0,,,,0.0,,,,0.0
2025-09-03T11:46:35Z,15405.0,15405.375,262,1543.28187,1522.27836,,,,,,,,,,,,,,,1543.28187,5.549940000000106,0.0046271444024107815,0.47000000000025466,1522.27836,10.385115000000042,0.008806342672693172,8.926720000000387,,,,-19.455712000000126,,,,1.0988900000000008,,,,-0.3710127472527489,,,,-0.09280219780218601,,,,0.6518784000000011,,,,0.6014626666666629,,,,-0.09574339892665229,,,,0.0,,,,0.0,,,,0.0,,,,0.0,,,,0.0,,,,0.0,,,,0.0
2025-09-03T11:46:35Z,15405.0,15405.5,263,1543.32799,1523.75288,,,,,,,,,,,,,,,1543.32799,5.5960600000000795,0.004665595971227572,0.40763999999944645,1522.27836,10.385115000000042,0.008806342672693172,0.0,,,,-19.45571200000013,,,,1.0988900000000008,,,,-0.3710127472527489,,,,-0.09280219780218601,,,,0.6518784000000011,,,,0.6014626666666629,,,,-0.09574339892665229,,,,0.0,,,,0.0,,,,0.0,,,,0.0,,,,0.0,,,,0.0,,,,0.0
2025-09-03T11:46:36Z,15405.0,15405.625,264,1543.38378,1524.02045,,,,,,,,,,,,,,,1543.38378,5.651849999999968,0.004712109696819196,0.31167999999979656,1522.27836,10.385115000000042,0.008806342672693172,-8.51796000000013,,,,-19.455712000000133,,,,1.0988900000000008,,,,-0.3710127472527489,,,,-0.09280219780220023,,,,0.6518784000000011,,,,0.6014626666666771,,,,-0.09574339892665407,,,,0.0,,,,0.0,,,,0.0,,,,0.0,,,,0.0,,,,0.0,,,,0.0
2025-09-03T11:46:36Z,15405.0,15405.75,265,1543.40591,1520.14887,,,,,,,,,,,,,,,1543.40591,5.673980000000029,0.004730560113513004,0.15160000000014406,1520.14887,8.255625000000009,0.007000583308634749,-14.165460000000166,1511.88683,-0.2763150000000678,-0.00023426705059663845,-9.727856000000067,,,,1.0988900000000008,,,,-0.3710127472527489,,,,-0.09280219780220023,,,,0.6518784000000011,,,,0.6014626666666771,,,,-0.09574339892665229,,,,0.0,,,,0.0,,,,0.0,,,,0.0,,,,0.0,,,,0.0,,,,0.0
2025-09-03T11:46:36Z,15405.0,15405.875,266,1543.42168,1517.32512,,,,,,,,,,,,,,,1543.42168,5.689750000000004,0.004743708015513007,0.12952000000041153,1518.736995,6.84375,0.005803345236547083,-11.295000000000073,1511.88683,-0.2763150000000678,-0.00023426705059663845,0.0,,,,1.098889999999999,,,,-0.3710127472527489,,,,-0.09280219780220023,,,,0.6518784000000011,,,,0.6014626666666629,,,,-0.09574339892665229,,,,0.0,,,,0.0,,,,0.0,,,,0.0,,,,0.0,,,,0.0,,,,0.0
2025-09-03T11:46:36Z,15406.0,15406.0,267,1543.43829,1513.47805,1511.88683,,,,,,,,,,,,,,1543.43829,5.7063600000001315,0.004757556249642499,0.16720333333374882,1517.32512,5.431874999999991,0.0046061071644594165,-12.307547666678795,1511.88683,-0.2763150000000678,-0.00023426705059663845,-1.1102230246251565e-16,,,,1.0347880833340888,,,,-0.3493703369965999,,,,-0.08738873626380439,,,,0.6138521600004339,,,,0.5663773444448452,,,,-0.0901583673226658,,,,0.0,,,,0.0,,,,0.0,,,,0.0,,,,0.0,,,,0.0,,,,0.0
2025-09-03T11:46:36Z,15406.0,15406.142857142857,268,1543.46778,,,,,,,,,,,,,,,,1543.46778,5.735850000000028,0.0047821429097553315,0.14434000000031944,1515.401585,3.5083400000000893,0.002974992982968126,-13.4647450000246,1511.88683,-0.2763150000000678,-0.00023426705059663845,0.0,,,,0.9615287500017491,,,,-0.3246361538467397,,,,-0.0812019230770602,,,,0.5703936000010259,,,,0.5262798333342857,,,,-0.0837754740609733,,,,0.0,,,,0.0,,,,0.0,,,,0.0,,,,0.0,,,,0.0,,,,0.0
2025-09-03T11:46:36Z,15406.0,15406.285714285714,269,1543.47953,,,,,,,,,,,,,,,,1543.47953,5.747600000000148,0.004791939222279229,0.041125000000494794,1513.47805,1.5848049999999603,0.001343878801476642,4.621540000007876,1511.88683,-0.2763150000000678,-0.00023426705059663845,10.892455000020139,,,,0.9615287500017491,,,,-0.3246361538467397,,,,-0.08120192307707441,,,,0.5703936000010401,,,,0.5262798333342857,,,,-0.0837754740609733,,,,0.0,,,,0.0,,,,0.0,,,,0.0,,,,0.0,,,,0.0,,,,0.0
2025-09-03T11:46:36Z,15406.0,15406.42857142857,270,1543.49152,,,,,,,,,,,,,,,,1543.47953,5.747600000000148,0.004791939222279229,3.552713678800501e-15,,,,22.707824999896584,,,,21.784909999901586,,,,0.9615287499956295,,,,-0.32463615384469335,,,,-0.08120192307657703,,,,0.5703935999974021,,,,0.5262798333309178,,,,-0.08377547406044172,,,,0.0,,,,0.0,,,,0.0,,,,0.0,,,,0.0,,,,0.0,,,,0.0
2025-09-03T11:46:36Z,15406.0,15406.57142857143,271,1543.51324,,,,,,,,,,,,,,,,1543.47953,5.747600000000148,0.004791939222279229,-4.41416500003673,1519.966,8.072754999999916,0.0068455136840272005,0.4970349997154244,1518.11109,5.947945000000118,0.0050428226200557634,10.892454999812097,,,,0.961528749995626,,,,-0.32463615384466493,,,,-0.08120192307654861,,,,0.5703935999974163,,,,0.5262798333309462,,,,-0.08377547406044084,,,,0.0,,,,0.0,,,,0.0,,,,0.0,,,,0.0,,,,0.0,,,,0.0
2025-09-03T11:46:37Z,15406.0,15406.714285714286,272,1542.21834,,,,,,,,,,,,,,,,1542.21834,4.486409999999978,0.0037404488910545443,-9.287285000017233,1516.864035,4.970790000000079,0.004215117511360925,-10.856877500019174,1518.11109,5.947945000000118,0.0050428226200557634,0.0,,,,0.9615287500017509,,,,-0.3246361538467397,,,,-0.0812019230770602,,,,0.5703936000010401,,,,0.5262798333343,,,,-0.08377547406097285,,,,0.0,,,,0.0,,,,0.0,,,,0.0,,,,0.0,,,,0.0,,,,0.0
2025-09-03T11:46:37Z,15406.0,15406.857142857143,273,1540.82602,1519.966,1518.11109,,,,,,,,,,,,,,1540.82602,3.094090000000051,0.0025796317120644796,-5.8040500000099495,1516.864035,4.970790000000079,0.004215117511360925,10.856877500019174,1518.11109,5.947945000000118,0.0050428226200557634,7.02912000001248,,,,0.9615287500017473,,,,-0.3246361538467397,,,,-0.0812019230770602,,,,0.5703936000010401,,,,0.5262798333343,,,,-0.0837754740609733,,,,0.0,,,,0.0,,,,0.0,,,,0.0,,,,0.0,,,,0.0,,,,0.0
2025-09-03T11:46:37Z,15407.0,15407.0,274,1540.56004,1513.76207,,,,,,,,,,,,,,,1540.56004,2.8281100000001516,0.0023578765456748014,-1.9817231249988279,1519.966,8.072754999999916,0.0068455136840272005,-0.9417143749285515,1520.11941,7.95626500000003,0.00674552860074485,6.150480000023499,,,,1.1160601562492545,,,,-0.3768098214283242,,,,-0.09425223214279299,,,,0.6620639999995461,,,,0.6108605208329294,,,,-0.0972393895348187,,,,0.0,,,,0.0,,,,0.0,,,,0.0,,,,0.0,,,,0.0,,,,0.0
2025-09-03T11:46:37Z,15407.0,15407.111111111111,275,1540.32949,,,,,,,,,,,,,,,,1540.32949,2.5975600000001577,0.002165660388027015,-2.234834999996364,1517.9034849999998,6.01023999999984,0.005096547605406949,-18.562634999965894,1520.11941,7.95626500000003,0.00674552860074485,9.037439999983171,,,,1.236251249997757,,,,-0.41738934065857336,,,,-0.10440247252728341,,,,0.7333631999986636,,,,0.6766454999987701,,,,-0.1077113237922882,,,,0.0,,,,0.0,,,,0.0,,,,0.0,,,,0.0,,,,0.0,,,,0.0
2025-09-03T11:46:37Z,15407.0,15407.222222222223,276,1540.06341,1523.85837,1522.12773,,,,,,,,,,,,,,1540.06341,2.331480000000056,0.0019438218487646249,-3.09635999999494,1515.84097,3.9477249999999913,0.0033475815267868902,-9.281317499982435,1522.12773,9.964584999999943,0.008448234581433936,9.037439999983171,,,,1.2362512499977498,,,,-0.41738934065858757,,,,-0.10440247252728341,,,,0.7333631999986778,,,,0.6766454999987559,,,,-0.1077113237922882,,,,0.0,,,,0.0,,,,0.0,,,,0.0,,,,0.0,,,,0.0,,,,0.0
2025-09-03T11:46:37Z,15407.0,15407.333333333334,277,1539.64141,1515.84097,,,,,,,,,,,,,,,1539.64141,1.9094800000000305,0.001591988326633317,-2.9444849999949723,1515.84097,3.9477249999999913,0.0033475815267868902,-5.3391599999906205,1522.12773,9.964584999999943,0.008448234581433936,0.0,,,,1.2362512499977463,,,,-0.4173893406586018,,,,-0.1044024725272692,,,,0.7333631999986778,,,,0.6766454999987701,,,,-0.1077113237922891,,,,0.0,,,,0.0,,,,0.0,,,,0.0,,,,0.0,,,,0.0,,,,0.0
2025-09-03T11:46:37Z,15407.0,15407.444444444445,278,1539.40908,,,,,,,,,,,,,,,,1539.40908,1.6771499999999833,0.0013982881318542213,-1.9209150000094821,1514.65449,2.761244999999917,0.0023414733176531826,-10.678320000067625,1522.12773,9.964584999999943,0.008448234581433936,-10.791792000245223,,,,1.236251250007868,,,,-0.4173893406619982,,,,-0.10440247252812185,,,,0.7333632000046606,,,,0.6766455000042981,,,,-0.10771132379316928,,,,0.0,,,,0.0,,,,0.0,,,,0.0,,,,0.0,,,,0.0,,,,0.0
2025-09-03T11:46:37Z,15407.0,15407.555555555555,279,1539.21454,1510.13937,,,,,,,,,,,,,,,1539.21454,1.4826100000000224,0.0012360945456091816,-1.6976700000115823,1513.46801,1.5747650000000704,0.0013353651085196677,-12.828600000045158,,,,-21.58358400013711,,,,1.236251250007875,,,,-0.4173893406620124,,,,-0.10440247252815027,,,,0.7333632000046606,,,,0.6766455000043123,,,,-0.10771132379317017,,,,0.0,,,,0.0,,,,0.0,,,,0.0,,,,0.0,,,,0.0,,,,0.0
2025-09-03T11:46:38Z,15407.0,15407.666666666666,280,1539.03182,1513.46801,,,,,,,,,,,,,,,1539.03182,1.2998900000000049,0.0010837556328986725,-1.5990299999963797,1511.8036900000002,-0.08955499999979111,-7.594061481757249e-05,-7.489439999985754,,,,-21.58358399996044,,,,1.2362512499977534,,,,-0.41738934065858757,,,,-0.10440247252729762,,,,0.7333631999986636,,,,0.6766454999987843,,,,-0.10771132379228998,,,,0.0,,,,0.0,,,,0.0,,,,0.0,,,,0.0,,,,0.0,,,,0.0
2025-09-03T11:46:38Z,15407.0,15407.777777777777,281,1538.8592,,,,,,,,,,,,,,,,1538.8592,1.1272700000001805,0.0009398373803151634,-1.7686349999965731,1511.8036900000002,-0.08955499999979111,-7.594061481757249e-05,13.29565499997503,,,,-21.58358399996044,,,,1.2362512499977498,,,,-0.41738934065858757,,,,-0.10440247252728341,,,,0.7333631999986636,,,,0.6766454999987843,,,,-0.10771132379228998,,,,0.0,,,,0.0,,,,0.0,,,,0.0,,,,0.0,,,,0.0,,,,0.0
2025-09-03T11:46:38Z,15407.0,15407.888888888889,282,1538.63879,,,,,,,,,,,,,,,,1538.63879,0.9068600000000515,0.00075607523194312,-1.7563049999970302,1514.75828,2.8650350000000344,0.0024294848905630495,5.800544999989278,,,,-21.583583999960442,,,,1.2362512499977498,,,,-0.41738934065858757,,,,-0.1044024725272692,,,,0.7333631999986636,,,,0.6766454999987559,,,,-0.10771132379228732,,,,0.0,,,,0.0,,,,0.0,,,,0.0,,,,0.0,,,,0.0,,,,0.0
2025-09-03T11:46:38Z,15408.0,15408.0,283,1538.46891,,,,,,,,,,,,,,,,1538.46891,0.7369800000001305,0.0006144413960672073,-1.537604999997074,1513.0927000000001,1.199455000000171,0.0010171107157192435,-7.495109999985752,1510.13685,-2.026294999999891,-0.0017179456536509906,-10.791791999980223,,,,1.2362512499977498,,,,-0.41738934065857336,,,,-0.1044024725272692,,,,0.7333631999986636,,,,0.6766454999987701,,,,-0.1077113237922882,,,,0.0,,,,0.0,,,,0.0,,,,0.0,,,,0.0,,,,0.0,,,,0.0
2025-09-03T11:46:38Z,15408.0,15408.111111111111,284,1538.2971,1516.04855,,,,,,,,,,,,,,,1538.2971,0.5651700000000801,0.0004711984637511076,-1.65316499999671,1513.0927000000001,1.199455000000171,0.0010171107157192435,0.0,1510.13685,-2.026294999999891,-0.0017179456536509906,0.0,,,,1.2362512499977534,,,,-0.41738934065858757,,,,-0.10440247252728341,,,,0.7333631999986778,,,,0.6766454999987701,,,,-0.10771132379228998,,,,0.0,,,,0.0,,,,0.0,,,,0.0,,,,0.0,,,,0.0,,,,0.0
2025-09-03T11:46:38Z,15408.0,15408.222222222223,285,1538.10154,1510.13685,1510.13685,,,,,,,,,,,,,,1538.10154,0.3696100000001934,0.00030815447420619167,-1.5790049999968387,1513.0927000000001,1.199455000000171,0.0010171107157192435,0.0,1510.13685,-2.026294999999891,-0.0017179456536509906,0.0,,,,1.2362512499977534,,,,-0.41738934065858757,,,,-0.10440247252728341,,,,0.7333631999986778,,,,0.6766454999987559,,,,-0.10771132379228732,,,,0.0,,,,0.0,,,,0.0,,,,0.0,,,,0.0,,,,0.0,,,,0.0
2025-09-03T11:46:38Z,15408.0,15408.333333333334,286,1537.94621,,,,,,,,,,,,,,,,1537.94621,0.21428000000014435,0.0001786513912851727,-0.769724999999276,1513.0927000000001,1.199455000000171,0.0010171107157192435,-13.301324999976053,1510.13685,-2.026294999999891,-0.0017179456536509906,0.0,,,,1.2362512499977498,,,,-0.41738934065857336,,,,-0.10440247252728341,,,,0.7333631999986636,,,,0.6766454999987701,,,,-0.1077113237922882,,,,0.0,,,,0.0,,,,0.0,,,,0.0,,,,0.0,,,,0.0,,,,0.0
2025-09-03T11:46:38Z,15408.0,15408.444444444445,287,1537.93049,,,,,,,,,,,,,,,,1537.93049,0.19856000000004315,0.00016554517572133518,-0.08923499999951612,1510.13685,-1.756394999999884,-0.0014893832411681375,-12.806478214141652,1510.13685,-2.026294999999891,-0.0017179456536509906,0.44147678572431204,,,,1.2362512500078715,,,,-0.41738934066198397,,,,-0.10440247252812185,,,,0.7333632000046748,,,,0.6766455000042981,,,,-0.10771132379317194,,,,0.0,,,,0.0,,,,0.0,,,,0.0,,,,0.0,,,,0.0,,,,0.0
2025-09-03T11:46:38Z,15408.0,15408.555555555555,288,1537.92638,,,,,,,,,,,,,,,,1537.92638,0.19445000000018808,0.0001621185506599404,-0.039735000000158616,,,,0.9896935714348425,,,,0.8829535714341699,,,,1.236251250007875,,,,-0.4173893406619982,,,,-0.10440247252810764,,,,0.7333632000046464,,,,0.6766455000042981,,,,-0.10771132379316928,,,,0.0,,,,0.0,,,,0.0,,,,0.0,,,,0.0,,,,0.0,,,,0.0
2025-09-03T11:46:38Z,15408.0,15408.666666666666,289,1537.92166,,,,,,,,,,,,,,,,1537.92166,0.18973000000005413,0.00015818335107580105,-0.03735000000078825,,,,0.9896935714267414,,,,0.8829535714269428,,,,1.2362512499977498,,,,-0.41738934065857336,,,,-0.10440247252728341,,,,0.7333631999986636,,,,0.6766454999987843,,,,-0.1077113237922882,,,,0.0,,,,0.0,,,,0.0,,,,0.0,,,,0.0,,,,0.0,,,,0.0
2025-09-03T11:46:39Z,15408.0,15408.777777777777,290,1537.91808,,,,,,,,,,,,,,,,1537.91808,0.18614999999999782,0.00015519860223871617,-0.04405500000021856,,,,0.9896935714267423,,,,0.8829535714269419,,,,1.2362512499977534,,,,-0.41738934065858757,,,,-0.10440247252728341,,,,0.7333631999986636,,,,0.6766454999987843,,,,-0.10771132379228998,,,,0.0,,,,0.0,,,,0.0,,,,0.0,,,,0.0,,,,0.0,,,,0.0
2025-09-03T11:46:39Z,15408.0,15408.888888888889,291,1537.91187,,,,,,,,,,,,,,,,1537.91187,0.17993999999998778,0.00015002114685379005,-0.04103999999965069,,,,0.9896935714267423,,,,0.8829535714269419,,,,1.2362512499977534,,,,-0.41738934065858757,,,,-0.10440247252728341,,,,0.7333631999986636,,,,0.6766454999987559,,,,-0.10771132379228998,,,,0.0,,,,0.0,,,,0.0,,,,0.0,,,,0.0,,,,0.0,,,,0.0
2025-09-03T11:46:39Z,15409.0,15409.0,292,1537.90896,,,,,,,,,,,,,,,,1537.90896,0.17703000000005886,0.00014759499626284923,-0.024774210525833507,,,,1.0475703884681389,,,,0.9345882832053141,,,,1.3085466447330774,,,,-0.441798074029947,,,,-0.11050788027725389,,,,0.7762499368398892,,,,0.7162154122786575,,,,-0.11401023161627677,,,,0.0,,,,0.0,,,,0.0,,,,0.0,,,,0.0,,,,0.0,,,,0.0
2025-09-03T11:46:39Z,15409.0,15409.1,293,1537.90661,,,,,,,,,,,,,,,,1537.90661,0.17468000000008033,0.00014563573375810758,-0.024650000000202787,,,,1.0996595238054905,,,,0.9810595238059285,,,,1.373612499995005,,,,-0.4637659340642557,,,,-0.11600274725230975,,,,0.8148479999970135,,,,0.7518283333305931,,,,-0.1196792486578806,,,,0.0,,,,0.0,,,,0.0,,,,0.0,,,,0.0,,,,0.0,,,,0.0
2025-09-03T11:46:39Z,15409.0,15409.2,294,1537.90403,,,,,,,,,,,,,,,,1537.90403,0.17210000000000036,0.00014348471364643257,-0.023700000000508537,,,,1.0996595238154931,,,,0.9810595238148521,,,,1.3736125000074964,,,,-0.4637659340684763,,,,-0.11600274725338977,,,,0.8148480000044458,,,,0.7518283333374427,,,,-0.11967924865897128,,,,0.0,,,,0.0,,,,0.0,,,,0.0,,,,0.0,,,,0.0,,,,0.0
2025-09-03T11:46:39Z,15409.0,15409.3,295,1537.90187,,,,,,,,,,,,,,,,1537.90187,0.16993999999999687,0.00014168385959950175,-0.02504999999935653,,,,1.0996595238154923,,,,0.9810595238148512,,,,1.3736125000074964,,,,-0.4637659340684621,,,,-0.11600274725338977,,,,0.8148480000044458,,,,0.7518283333374285,,,,-0.11967924865896862,,,,0.0,,,,0.0,,,,0.0,,,,0.0,,,,0.0,,,,0.0,,,,0.0
2025-09-03T11:46:39Z,15409.0,15409.4,296,1537.89902,,,,,,,,,,,,,,,,1537.89902,0.16709000000014385,0.00013930773273214997,-0.01749999999895413,,,,1.099659523805491,,,,0.9810595238059285,,,,1.373612499995005,,,,-0.4637659340642699,,,,-0.11600274725232396,,,,0.8148479999970419,,,,0.7518283333306073,,,,-0.11967924865787971,,,,0.0,,,,0.0,,,,0.0,,,,0.0,,,,0.0,,,,0.0,,,,0.0
2025-09-03T11:46:39Z,15409.0,15409.5,297,1537.89837,,,,,,,,,,,,,,,,1537.89837,0.16644000000019332,0.00013876580906066198,-0.010650000000357429,,,,1.099659523805491,,,,0.9810595238059285,,,,1.373612499995005,,,,-0.4637659340642557,,,,-0.11600274725230975,,,,0.8148479999970419,,,,0.7518283333306073,,,,-0.11967924865788238,,,,0.0,,,,0.0,,,,0.0,,,,0.0,,,,0.0,,,,0.0,,,,0.0
2025-09-03T11:46:39Z,15409.0,15409.6,298,1537.89689,,,,,,,,,,,,,,,,1537.89689,0.1649600000000646,0.00013753189054691888,-0.015850000000852127,,,,1.09965952380549,,,,0.9810595238059303,,,,1.373612499995005,,,,-0.4637659340642557,,,,-0.11600274725230975,,,,0.8148479999970419,,,,0.7518283333305931,,,,-0.1196792486578806,,,,0.0,,,,0.0,,,,0.0,,,,0.0,,,,0.0,,,,0.0,,,,0.0
2025-09-03T11:46:40Z,15409.0,15409.7,299,1537.8952,,,,,,,,,,,,,,,,1537.8952,0.16327000000001135,0.00013612288900089847,-0.02179999999973803,,,,1.0996595238154918,,,,0.9810595238148525,,,,1.3736125000074964,,,,-0.4637659340684763,,,,-0.11600274725338977,,,,0.8148480000044316,,,,0.7518283333374427,,,,-0.11967924865896862,,,,0.0,,,,0.0,,,,0.0,,,,0.0,,,,0.0,,,,0.0,,,,0.0
2025-09-03T11:46:40Z,15409.0,15409.8,300,1537.89253,,,,,,,,,,,,,,,,1537.89253,0.16060000000015862,0.00013389683330412424,-0.01895000000014868,,,,1.0996595238154927,,,,0.9810595238148516,,,,1.3736125000075035,,,,-0.4637659340684621,,,,-0.11600274725337556,,,,0.81484800000446,,,,0.7518283333374427,,,,-0.1196792486589704,,,,0.0,,,,0.0,,,,0.0,,,,0.0,,,,0.0,,,,0.0,,,,0.0
2025-09-03T11:46:40Z,15409.0,15409.9,301,1537.89141,,,,,,,,,,,,,,,,1537.89141,0.1594800000000305,0.00013296305713153629,-0.01455000000072848,,,,1.0996595238054914,,,,0.9810595238059285,,,,1.373612499995005,,,,-0.4637659340642557,,,,-0.11600274725232396,,,,0.8148479999970419,,,,0.7518283333305931,,,,-0.11967924865788238,,,,0.0,,,,0.0,,,,0.0,,,,0.0,,,,0.0,,,,0.0,,,,0.0
2025-09-03T11:46:40Z,15410.0,15410.0,302,1537.88962,,,,,,,,,,,,,,,,1537.88962,0.15769000000000233,0.00013147068271299384,-0.01428105263104218,,,,1.0475703884681382,,,,0.934588283205311,,,,1.3085466447330916,,,,-0.4417980740299896,,,,-0.11050788027731073,,,,0.7762499368398323,,,,0.7162154122786148,,,,-0.11401023161628032,,,,0.0,,,,0.0,,,,0.0,,,,0.0,,,,0.0,,,,0.0,,,,0.0
2025-09-03T11:46:40Z,15410.0,15410.111111111111,303,1537.88848,,,,,,,,,,,,,,,,1537.88848,0.15655000000015207,0.00013052023196612894,-0.013904999999656109,,,,0.9896935714267415,,,,0.8829535714269416,,,,1.2362512499977498,,,,-0.41738934065857336,,,,-0.1044024725272692,,,,0.7333631999986636,,,,0.6766454999987559,,,,-0.10771132379228732,,,,0.0,,,,0.0,,,,0.0,,,,0.0,,,,0.0,,,,0.0,,,,0.0
2025-09-03T11:46:40Z,15410.0,15410.222222222223,304,1537.88653,,,,,,,,,,,,,,,,1537.88653,0.15460000000007312,0.00012889446095147542,-0.01323000000033836,,,,0.9896935714267415,,,,0.8829535714269416,,,,1.236251249997757,,,,-0.41738934065858757,,,,-0.1044024725272692,,,,0.7333631999986636,,,,0.6766454999987701,,,,-0.10771132379228998,,,,0.0,,,,0.0,,,,0.0,,,,0.0,,,,0.0,,,,0.0,,,,0.0
2025-09-03T11:46:40Z,15410.0,15410.333333333334,305,1537.88554,,,,,,,,,,,,,,,,1537.88554,0.15361000000007152,0.00012806906951329881,-0.010755000000452597,,,,0.9896935714267425,,,,0.8829535714269419,,,,1.236251249997757,,,,-0.41738934065858757,,,,-0.10440247252728341,,,,0.7333631999986636,,,,0.6766454999987843,,,,-0.1077113237922882,,,,0.0,,,,0.0,,,,0.0,,,,0.0,,,,0.0,,,,0.0,,,,0.0
2025-09-03T11:46:40Z,15410.0,15410.444444444445,306,1537.88414,,,,,,,,,,,,,,,,1537.88414,0.1522099999999682,0.00012690184929761123,-0.014625000000036192,,,,0.9896935714348436,,,,0.8829535714341692,,,,1.236251250007868,,,,-0.4173893406620124,,,,-0.10440247252815027,,,,0.7333632000046748,,,,0.6766455000043265,,,,-0.10771132379316928,,,,0.0,,,,0.0,,,,0.0,,,,0.0,,,,0.0,,,,0.0,,,,0.0
2025-09-03T11:46:40Z,15410.0,15410.555555555555,307,1537.88229,,,,,,,,,,,,,,,,1537.88229,0.15036000000009153,0.00012535945115566932,-0.010664999999842162,,,,0.9896935714348425,,,,0.8829535714341702,,,,1.236251250007868,,,,-0.4173893406619982,,,,-0.10440247252813606,,,,0.7333632000046606,,,,0.6766455000043123,,,,-0.10771132379317105,,,,0.0,,,,0.0,,,,0.0,,,,0.0,,,,0.0,,,,0.0,,,,0.0
2025-09-03T11:46:41Z,15410.0,15410.666666666666,308,1537.88177,,,,,,,,,,,,,,,,1537.88177,0.14984000000004016,0.0001249259122184031,-0.008730000000452987,,,,0.9896935714267414,,,,0.8829535714269419,,,,1.2362512499977427,,,,-0.41738934065858757,,,,-0.1044024725272692,,,,0.7333631999986636,,,,0.6766454999987701,,,,-0.1077113237922882,,,,0.0,,,,0.0,,,,0.0,,,,0.0,,,,0.0,,,,0.0,,,,0.0
2025-09-03T11:46:41Z,15410.0,15410.777777777777,309,1537.88035,,,,,,,,,,,,,,,,1537.88035,0.14841999999998734,0.00012374201742824904,-0.007829999999657389,,,,0.9896935714267414,,,,0.8829535714269419,,,,1.2362512499977498,,,,-0.41738934065857336,,,,-0.10440247252728341,,,,0.7333631999986636,,,,0.6766454999987559,,,,-0.10771132379228732,,,,0.0,,,,0.0,,,,0.0,,,,0.0,,,,0.0,,,,0.0,,,,0.0
2025-09-03T11:46:41Z,15410.0,15410.888888888889,310,1537.88003,,,,,,,,,,,,,,,,1537.88003,0.14810000000011314,0.00012347522423621646,-0.007154999999316347,,,,0.9896935714267414,,,,0.8829535714269438,,,,1.236251249997757,,,,-0.41738934065858757,,,,-0.10440247252728341,,,,0.7333631999986778,,,,0.6766454999987701,,,,-0.10771132379228998,,,,0.0,,,,0.0,,,,0.0,,,,0.0,,,,0.0,,,,0.0,,,,0.0
2025-09-03T11:46:41Z,15411.0,15411.0,311,1537.87876,,,,,,,,,,,,,,,,1537.87876,0.14683000000013635,0.00012241638875494024,-0.010045789473833389,,,,1.047570388468137,,,,0.934588283205311,,,,1.3085466447330703,,,,-0.44179807402993276,,,,-0.11050788027725389,,,,0.7762499368398892,,,,0.7162154122786575,,,,-0.11401023161627943,,,,0.0,,,,0.0,,,,0.0,,,,0.0,,,,0.0,,,,0.0,,,,0.0
2025-09-03T11:46:41Z,15411.0,15411.1,312,1537.87788,,,,,,,,,,,,,,,,1537.87788,0.1459500000000844,0.00012168270747651889,-0.008450000000235547,,,,1.0996595238054896,,,,0.9810595238059285,,,,1.373612499995005,,,,-0.4637659340642415,,,,-0.11600274725233817,,,,0.8148479999970277,,,,0.7518283333305931,,,,-0.11967924865787971,,,,0.0,,,,0.0,,,,0.0,,,,0.0,,,,0.0,,,,0.0,,,,0.0
2025-09-03T11:46:41Z,15411.0,15411.2,313,1537.87707,,,,,,,,,,,,,,,,1537.87707,0.1451400000000831,0.00012100738720891982,-0.010650000000500537,,,,1.099659523815494,,,,0.9810595238148512,,,,1.3736125000074964,,,,-0.4637659340684763,,,,-0.11600274725337556,,,,0.8148480000044458,,,,0.7518283333374285,,,,-0.11967924865896862,,,,0.0,,,,0.0,,,,0.0,,,,0.0,,,,0.0,,,,0.0,,,,0.0
2025-09-03T11:46:41Z,15411.0,15411.3,314,1537.87575,,,,,,,,,,,,,,,,1537.87575,0.14382000000000517,0.0001199068652912878,-0.008249999999769386,,,,1.099659523815494,,,,0.9810595238148516,,,,1.3736125000074892,,,,-0.4637659340684621,,,,-0.11600274725337556,,,,0.8148480000044742,,,,0.7518283333374427,,,,-0.1196792486589704,,,,0.0,,,,0.0,,,,0.0,,,,0.0,,,,0.0,,,,0.0,,,,0.0
2025-09-03T11:46:41Z,15411.0,15411.4,315,1537.87542,,,,,,,,,,,,,,,,1537.87542,0.14349000000015621,0.00011963173481202197,-0.004949999999990018,,,,1.0996595238054896,,,,0.9810595238059281,,,,1.373612499995005,,,,-0.4637659340642699,,,,-0.11600274725232396,,,,0.8148479999970277,,,,0.7518283333306073,,,,-0.11967924865787971,,,,0.0,,,,0.0,,,,0.0,,,,0.0,,,,0.0,,,,0.0,,,,0.0
2025-09-03T11:46:41Z,15411.0,15411.5,316,1537.87476,,,,,,,,,,,,,,,,1537.87476,0.14283000000000357,0.00011908147385311118,-0.009949999999853576,,,,1.0996595238054896,,,,0.981059523805929,,,,1.373612499995005,,,,-0.4637659340642415,,,,-0.11600274725232396,,,,0.8148479999970135,,,,0.7518283333305931,,,,-0.11967924865787971,,,,0.0,,,,0.0,,,,0.0,,,,0.0,,,,0.0,,,,0.0,,,,0.0
2025-09-03T11:46:41Z,15411.0,15411.6,317,1537.87343,,,,,,,,,,,,,,,,1537.87343,0.14150000000017826,0.00011797261464843548,-0.011399999999598065,,,,1.0996595238054905,,,,0.9810595238059294,,,,1.3736124999950121,,,,-0.4637659340642415,,,,-0.11600274725233817,,,,0.8148479999970419,,,,0.7518283333305931,,,,-0.11967924865788238,,,,0.0,,,,0.0,,,,0.0,,,,0.0,,,,0.0,,,,0.0,,,,0.0
2025-09-03T11:46:42Z,15411.0,15411.7,318,1537.87248,,,,,,,,,,,,,,,,1537.87248,0.14055000000007567,0.00011718057235919182,-0.005000000000964011,,,,1.0996595238154923,,,,0.9810595238148512,,,,1.3736125000075035,,,,-0.4637659340684763,,,,-0.11600274725336135,,,,0.8148480000044316,,,,0.7518283333374285,,,,-0.11967924865896862,,,,0.0,,,,0.0,,,,0.0,,,,0.0,,,,0.0,,,,0.0,,,,0.0
2025-09-03T11:46:42Z,15411.0,15411.8,319,1537.87243,,,,,,,,,,,,,,,,1537.87243,0.14049999999997453,0.00011713888592283603,-0.004199999999583426,,,,1.0996595238154931,,,,0.9810595238148538,,,,1.3736125000074892,,,,-0.4637659340684621,,,,-0.11600274725336135,,,,0.81484800000446,,,,0.7518283333374285,,,,-0.11967924865896862,,,,0.0,,,,0.0,,,,0.0,,,,0.0,,,,0.0,,,,0.0,,,,0.0
2025-09-03T11:46:42Z,15411.0,15411.9,320,1537.87164,,,,,,,,,,,,,,,,1537.87164,0.1397100000001501,0.00011648024022989304,-0.00889999999909774,,,,1.0996595238054887,,,,0.9810595238059285,,,,1.373612499994998,,,,-0.4637659340642415,,,,-0.11600274725232396,,,,0.8148479999970277,,,,0.7518283333305931,,,,-0.11967924865788238,,,,0.0,,,,0.0,,,,0.0,,,,0.0,,,,0.0,,,,0.0,,,,0.0
2025-09-03T11:46:42Z,15412.0,15412.0,321,1537.87065,,,,,,,,,,,,,,,,1537.87065,0.1387200000001485,0.0001156548487917164,-0.009049999999855451,,,,1.0996595238054905,,,,0.9810595238059285,,,,1.373612499995005,,,,-0.4637659340642415,,,,-0.11600274725232396,,,,0.8148479999970135,,,,0.7518283333306073,,,,-0.11967924865788238,,,,0.0,,,,0.0,,,,0.0,,,,0.0,,,,0.0,,,,0.0,,,,0.0
2025-09-03T11:46:42Z,15412.0,15412.1,322,1537.86983,,,,,,,,,,,,,,,,1537.86983,0.13790000000017244,0.0001149711912368841,-0.0065000000006184555,,,,1.0996595238054905,,,,0.9810595238059285,,,,1.3736124999950121,,,,-0.4637659340642557,,,,-0.11600274725233817,,,,0.8148479999970419,,,,0.7518283333306073,,,,-0.11967924865787971,,,,0.0,,,,0.0,,,,0.0,,,,0.0,,,,0.0,,,,0.0,,,,0.0
2025-09-03T11:46:42Z,15412.0,15412.2,323,1537.86935,,,,,,,,,,,,,,,,1537.86935,0.13742000000002008,0.00011457100144855087,-0.006600000000458461,,,,1.0996595238154931,,,,0.9810595238148521,,,,1.3736125000074892,,,,-0.4637659340684763,,,,-0.11600274725337556,,,,0.8148480000044458,,,,0.7518283333374427,,,,-0.11967924865896862,,,,0.0,,,,0.0,,,,0.0,,,,0.0,,,,0.0,,,,0.0,,,,0.0
2025-09-03T11:46:42Z,15412.0,15412.3,324,1537.86851,,,,,,,,,,,,,,,,1537.86851,0.13658000000009451,0.00011387066931925207,-0.007100000000326512,,,,1.0996595238154931,,,,0.9810595238148503,,,,1.3736125000074892,,,,-0.4637659340684621,,,,-0.11600274725336135,,,,0.8148480000044458,,,,0.7518283333374427,,,,-0.1196792486589704,,,,0.0,,,,0.0,,,,0.0,,,,0.0,,,,0.0,,,,0.0,,,,0.0
2025-09-03T11:46:42Z,15412.0,15412.4,325,1537.86793,,,,,,,,,,,,,,,,1537.86793,0.13599999999996726,0.00011338710665839681,-0.0029000000006257354,,,,1.0996595238054905,,,,0.9810595238059285,,,,1.373612499995005,,,,-0.4637659340642415,,,,-0.11600274725232396,,,,0.8148479999970277,,,,0.7518283333305931,,,,-0.11967924865787971,,,,0.0,,,,0.0,,,,0.0,,,,0.0,,,,0.0,,,,0.0,,,,0.0
2025-09-03T11:46:42Z,15412.0,15412.5,326,1537.86764,,,,,,,,,,,,,,,,1537.86793,0.13599999999996726,0.00011338710665839681,0.0,,,,1.0996595238054887,,,,0.9810595238059285,,,,1.373612499995005,,,,-0.4637659340642557,,,,-0.11600274725232396,,,,0.8148479999970135,,,,0.7518283333305931,,,,-0.11967924865787971,,,,0.0,,,,0.0,,,,0.0,,,,0.0,,,,0.0,,,,0.0,,,,0.0
2025-09-03T11:46:42Z,15412.0,15412.6,327,1537.86624,,,,,,,,,,,,,,,,1537.86793,0.13599999999996726,0.00011338710665839681,0.11460000000014736,,,,1.0996595238054905,,,,0.9810595238059303,,,,1.373612499995005,,,,-0.4637659340642557,,,,-0.11600274725233817,,,,0.8148479999970419,,,,0.7518283333305931,,,,-0.11967924865788326,,,,0.0,,,,0.0,,,,0.0,,,,0.0,,,,0.0,,,,0.0,,,,0.0
2025-09-03T11:46:43Z,15412.0,15412.7,328,1537.89085,,,,,,,,,,,,,,,,1537.89085,0.1589200000000801,0.00013249616904533707,1.7454000000380314,,,,1.0996595238154914,,,,0.9810595238148547,,,,1.3736125000074892,,,,-0.4637659340684621,,,,-0.11600274725336135,,,,0.81484800000446,,,,0.7518283333374285,,,,-0.11967924865896862,,,,0.0,,,,0.0,,,,0.0,,,,0.0,,,,0.0,,,,0.0,,,,0.0
2025-09-03T11:46:43Z,15412.0,15412.8,329,1538.21701,,,,,,,,,,,,,,,,1538.21701,0.4850800000001527,0.00040442513013151237,2.8989000000225564,1514.75542,2.8621749999999793,0.002427059675238579,8.464204761817266,1514.2573,2.0941550000000007,0.001775479128321239,0.49052976191634556,,,,1.3736125000074964,,,,-0.4637659340684621,,,,-0.11600274725336135,,,,0.8148480000044458,,,,0.7518283333374285,,,,-0.11967924865896862,,,,0.0,,,,0.0,,,,0.0,,,,0.0,,,,0.0,,,,0.0,,,,0.0
2025-09-03T11:46:43Z,15412.0,15412.9,330,1538.47063,,,,,,,,,,,,,,,,1538.47063,0.738700000000108,0.0006158754094749275,2.9344999999893955,1516.338295,4.4450500000000375,0.0037693018803600115,7.914374999971498,1514.2573,2.0941550000000007,0.001775479128321239,0.0,,,,1.373612499995005,,,,-0.4637659340642699,,,,-0.11600274725232396,,,,0.8148479999970135,,,,0.7518283333306215,,,,-0.11967924865788149,,,,0.0,,,,0.0,,,,0.0,,,,0.0,,,,0.0,,,,0.0,,,,0.0
2025-09-03T11:46:43Z,15413.0,15413.0,331,1538.80391,1514.75542,1514.2573,,,,,,,,,,,,,,1538.80391,1.071980000000167,0.00089374051908615,2.805866666658939,1516.338295,4.4450500000000375,0.0037693018803600115,-5.62800000001158,1514.2573,2.0941550000000007,0.001775479128321239,-4.248711111119112,,,,1.251513611108095,,,,-0.42254229548129274,,,,-0.10569139194114996,,,,0.7424170666648564,,,,0.6849991481465025,,,,-0.10904109322175959,,,,0.0,,,,0.0,,,,0.0,,,,0.0,,,,0.0,,,,0.0,,,,0.0
2025-09-03T11:46:43Z,15413.0,15413.125,332,1539.07231,1517.92117,,,,,,,,,,,,,,,1539.07231,1.3403800000000956,0.0011175133089913923,2.1322000000000116,1514.75542,2.8621749999999793,0.002427059675238579,-3.75420000000031,1513.0623500000002,0.8992050000001655,0.0007623694089417416,-1.932480000000396,,,,1.0988899999999973,,,,-0.3710127472527347,,,,-0.09280219780220023,,,,0.6518784000000011,,,,0.6014626666666629,,,,-0.09574339892665229,,,,0.0,,,,0.0,,,,0.0,,,,0.0,,,,0.0,,,,0.0,,,,0.0
2025-09-03T11:46:43Z,15413.0,15413.25,333,1539.33696,,,,,,,,,,,,,,,,1539.33696,1.6050300000001698,0.0013381596161763949,2.24387999999999,1515.399745,3.50649999999996,0.0029734327045774778,5.154599999999846,1513.77418,1.6110349999999016,0.0013658774147543194,-0.9662400000006528,,,,1.0988899999999973,,,,-0.3710127472527489,,,,-0.09280219780218601,,,,0.6518784000000011,,,,0.6014626666666629,,,,-0.09574339892665229,,,,0.0,,,,0.0,,,,0.0,,,,0.0,,,,0.0,,,,0.0,,,,0.0
2025-09-03T11:46:43Z,15413.0,15413.375,334,1539.63328,1511.96381,1511.8674,,,,,,,,,,,,,,1539.63328,1.9013500000000931,0.0015852101120956267,2.262960000000021,1516.04407,4.150824999999941,0.0035198057339163764,-13.743739999999889,1512.82079,0.6576450000000023,0.0005575685521581854,-3.8135599999995975,,,,1.0988900000000044,,,,-0.3710127472527631,,,,-0.09280219780218601,,,,0.6518784000000011,,,,0.6014626666666629,,,,-0.09574339892665407,,,,0.0,,,,0.0,,,,0.0,,,,0.0,,,,0.0,,,,0.0,,,,0.0
2025-09-03T11:46:43Z,15413.0,15413.5,335,1539.9027,1516.04407,1513.77418,,,,,,,,,,,,,,1539.9027,2.170770000000175,0.001809833305300935,2.2356799999997747,1511.96381,0.07056499999998778,5.9837524254520394e-05,-8.160519999999451,1512.82079,0.6576450000000023,0.0005575685521581854,0.0,,,,1.0988900000000044,,,,-0.3710127472527489,,,,-0.09280219780220023,,,,0.6518783999999869,,,,0.6014626666666629,,,,-0.09574339892665229,,,,0.0,,,,0.0,,,,0.0,,,,0.0,,,,0.0,,,,0.0,,,,0.0
2025-09-03T11:46:43Z,15413.0,15413.625,336,1540.1922,,,,,,,,,,,,,,,,1540.1922,2.460270000000037,0.002051197771312686,2.266599999999926,1514.00394,2.110695000000078,0.0017898216290855448,11.174200000000383,1512.82079,0.6576450000000023,0.0005575685521581854,3.8135599999995975,,,,1.0988899999999973,,,,-0.3710127472527489,,,,-0.09280219780220023,,,,0.6518784000000011,,,,0.6014626666666629,,,,-0.09574339892665229,,,,0.0,,,,0.0,,,,0.0,,,,0.0,,,,0.0,,,,0.0,,,,0.0
2025-09-03T11:46:43Z,15413.0,15413.75,337,1540.46935,1511.37221,,,,,,,,,,,,,,,1540.46935,2.7374200000001565,0.002282265687565596,2.913680000000568,1514.75736,2.8641150000000835,0.002428704751367822,15.126299999999901,1513.77418,1.6110349999999016,0.0013658774147543194,17.674413333333028,,,,1.0988899999999973,,,,-0.3710127472527489,,,,-0.09280219780220023,,,,0.6518784000000011,,,,0.6014626666666771,,,,-0.09574339892665407,,,,0.0,,,,0.0,,,,0.0,,,,0.0,,,,0.0,,,,0.0,,,,0.0
2025-09-03T11:46:44Z,15413.0,15413.875,338,1540.92062,1524.0342,,,,,,,,,,,,,,,1540.92062,3.1886900000001788,0.0026585024494902255,3.4477999999999156,1517.785515,5.892270000000053,0.004996511713161584,12.644599999999627,,,,27.72170666666686,,,,1.0988900000000044,,,,-0.3710127472527489,,,,-0.09280219780218601,,,,0.6518784000000011,,,,0.6014626666666629,,,,-0.09574339892665229,,,,0.0,,,,0.0,,,,0.0,,,,0.0,,,,0.0,,,,0.0,,,,0.0
2025-09-03T11:46:44Z,15414.0,15414.0,339,1541.3313,1513.47065,,,,,,,,,,,,,,,1541.3313,3.5993700000001354,0.003000898162449613,2.499362222219556,1517.91851,6.02526499999999,0.005109288465634163,12.089176666607315,,,,31.57194370362766,,,,1.251513611108095,,,,-0.42254229548127853,,,,-0.10569139194112154,,,,0.7424170666648706,,,,0.6849991481465025,,,,-0.1090410932217587,,,,0.0,,,,0.0,,,,0.0,,,,0.0,,,,0.0,,,,0.0,,,,0.0
2025-09-03T11:46:44Z,15414.0,15414.1,340,1541.51835,1522.10038,,,,,,,,,,,,,,,1541.51835,3.7864200000001347,0.0031568471205412167,1.886549999992397,1520.0094450000001,8.116200000000163,0.006882354061569224,-5.212599999980878,,,,34.65213333320751,,,,1.373612499995005,,,,-0.4637659340642557,,,,-0.11600274725232396,,,,0.8148479999970135,,,,0.7518283333306073,,,,-0.11967924865788149,,,,0.0,,,,0.0,,,,0.0,,,,0.0,,,,0.0,,,,0.0,,,,0.0
2025-09-03T11:46:44Z,15414.0,15414.2,341,1541.70861,1517.91851,,,,,,,,,,,,,,,1541.70861,3.9766799999999876,0.0033154723478413277,2.0045500000119922,1516.87599,4.982745000000023,0.004225255081012446,5.699760663446796e-10,,,,34.65213333352267,,,,1.3736125000074821,,,,-0.4637659340684763,,,,-0.11600274725337556,,,,0.8148480000044458,,,,0.7518283333374285,,,,-0.11967924865896684,,,,0.0,,,,0.0,,,,0.0,,,,0.0,,,,0.0,,,,0.0,,,,0.0
2025-09-03T11:46:44Z,15414.0,15414.3,342,1541.91926,,,,,,,,,,,,,,,,1541.91926,4.1873299999999745,0.0034910973038530598,1.9647500000140745,1520.0094450000001,8.116200000000163,0.006882354061569224,30.918925000176,,,,34.65213333352267,,,,1.3736125000074964,,,,-0.4637659340684763,,,,-0.11600274725337556,,,,0.8148480000044458,,,,0.7518283333374285,,,,-0.11967924865896862,,,,0.0,,,,0.0,,,,0.0,,,,0.0,,,,0.0,,,,0.0,,,,0.0
2025-09-03T11:46:44Z,15414.0,15414.4,343,1542.10156,1515.83347,,,,,,,,,,,,,,,1542.10156,4.369630000000143,0.003643086050499014,1.7019499999941594,1523.059775,11.166529999999966,0.00946896492190099,41.0981499998496,1534.56546,22.402315000000044,0.01899326587983119,-2.7611833333234443,,,,1.373612499995005,,,,-0.4637659340642557,,,,-0.11600274725230975,,,,0.8148479999970419,,,,0.7518283333305931,,,,-0.11967924865788326,,,,0.0,,,,0.0,,,,0.0,,,,0.0,,,,0.0,,,,0.0,,,,0.0
2025-09-03T11:46:44Z,15414.0,15414.5,344,1542.25965,1528.20104,,,,,,,,,,,,,,,1542.25965,4.527720000000045,0.0037748902247020963,1.6072999999935966,1528.229075,16.335829999999987,0.01385241442418891,25.846499999906072,1530.54801,18.38486499999999,0.015587167179365246,-20.087249999927195,,,,1.3736124999950192,,,,-0.4637659340642557,,,,-0.11600274725230975,,,,0.8148479999970419,,,,0.7518283333305931,,,,-0.11967924865788326,,,,0.0,,,,0.0,,,,0.0,,,,0.0,,,,0.0,,,,0.0,,,,0.0
2025-09-03T11:46:44Z,15414.0,15414.6,345,1542.42302,1536.7581,1534.56546,,,,,,,,,,,,,,1542.42302,4.691090000000031,0.003911096486575517,1.8093999999930581,1528.229075,16.335829999999987,0.01385241442418891,0.0,1530.54801,18.38486499999999,0.015587167179365246,0.0,,,,1.3736124999949908,,,,-0.4637659340642415,,,,-0.11600274725232396,,,,0.8148479999970135,,,,0.7518283333305931,,,,-0.11967924865787971,,,,0.0,,,,0.0,,,,0.0,,,,0.0,,,,0.0,,,,0.0,,,,0.0
2025-09-03T11:46:45Z,15414.0,15414.7,346,1542.62153,1528.25711,1526.53056,,,,,,,,,,,,,,1542.62153,4.889599999999973,0.004076599975860496,1.7558500000060988,1528.229075,16.335829999999987,0.01385241442418891,-20.627075000487643,1530.54801,18.38486499999999,0.015587167179365246,0.0,,,,1.3736125000074821,,,,-0.4637659340684621,,,,-0.11600274725338977,,,,0.8148480000044458,,,,0.7518283333374427,,,,-0.11967924865896862,,,,0.0,,,,0.0,,,,0.0,,,,0.0,,,,0.0,,,,0.0,,,,0.0
2025-09-03T11:46:45Z,15414.0,15414.8,347,1542.77419,,,,,,,,,,,,,,,,1542.77419,5.042260000000169,0.004203877003084741,1.3588000000108948,1524.10366,12.210415000000012,0.010354155795654884,-31.28530000035275,1530.54801,18.38486499999999,0.015587167179365246,-20.0872499997445,,,,1.3736125000074964,,,,-0.4637659340684621,,,,-0.11600274725338977,,,,0.8148480000044742,,,,0.7518283333374569,,,,-0.11967924865897217,,,,0.0,,,,0.0,,,,0.0,,,,0.0,,,,0.0,,,,0.0,,,,0.0
2025-09-03T11:46:45Z,15414.0,15414.9,348,1542.89329,1511.75994,,,,,,,,,,,,,,,1542.89329,5.161360000000059,0.004303174094283313,1.25844999999455,1521.9720149999998,10.07876999999985,0.008546569040329171,-11.26397499995955,1526.53056,14.367414999999937,0.012181068478899305,-40.57052499985266,,,,1.3736124999950192,,,,-0.4637659340642557,,,,-0.11600274725230975,,,,0.8148479999970419,,,,0.7518283333305931,,,,-0.11967924865787971,,,,0.0,,,,0.0,,,,0.0,,,,0.0,,,,0.0,,,,0.0,,,,0.0
2025-09-03T11:46:45Z,15415.0,15415.0,349,1543.02588,1519.95021,,,,,,,,,,,,,,,1543.02588,5.293949999999995,0.004413718185987969,1.1803499999953395,1521.8508649999999,9.957619999999906,0.008443836579995678,8.897524999968631,,,,-40.966549999850955,,,,1.3736124999949908,,,,-0.4637659340642699,,,,-0.11600274725230975,,,,0.8148479999970277,,,,0.7518283333305931,,,,-0.11967924865787971,,,,0.0,,,,0.0,,,,0.0,,,,0.0,,,,0.0,,,,0.0,,,,0.0
2025-09-03T11:46:45Z,15415.0,15415.1,350,1543.12936,1523.99382,,,,,,,,,,,,,,,1543.12936,5.397429999999986,0.004499992434495415,0.6631999999977758,1523.75152,11.858275000000049,0.010055549038891783,9.503274999966145,,,,-40.96654999985095,,,,1.3736124999949908,,,,-0.4637659340642415,,,,-0.11600274725232396,,,,0.8148479999970419,,,,0.7518283333305931,,,,-0.11967924865788149,,,,0.0,,,,0.0,,,,0.0,,,,0.0,,,,0.0,,,,0.0,,,,0.0
2025-09-03T11:46:45Z,15415.0,15415.2,351,1543.15852,1523.75152,,,,,,,,,,,,,,,1543.15852,5.426590000000033,0.004524303964128981,0.23450000000049442,1523.75152,11.858275000000049,0.010055549038891783,0.0,,,,-40.966550000223535,,,,1.3736125000074964,,,,-0.4637659340684479,,,,-0.11600274725338977,,,,0.8148480000044458,,,,0.7518283333374285,,,,-0.11967924865896862,,,,0.0,,,,0.0,,,,0.0,,,,0.0,,,,0.0,,,,0.0,,,,0.0
2025-09-03T11:46:45Z,15415.0,15415.3,352,1543.17626,1524.10841,,,,,,,,,,,,,,,1543.17626,5.444330000000036,0.004539094311718105,0.5025999999966295,1523.75152,11.858275000000049,0.010055549038891783,-18.924699999759063,1510.14394,-2.0192050000000563,-0.0017119345670697662,-20.48925000048341,,,,1.3736125000074964,,,,-0.4637659340684621,,,,-0.11600274725337556,,,,0.81484800000446,,,,0.7518283333374285,,,,-0.11967924865896684,,,,0.0,,,,0.0,,,,0.0,,,,0.0,,,,0.0,,,,0.0,,,,0.0
2025-09-03T11:46:45Z,15415.0,15415.4,353,1543.25904,1519.96658,,,,,,,,,,,,,,,1543.25904,5.527109999999993,0.00460811037560913,0.7041499999976928,1519.96658,8.073335000000043,0.0068460055109112825,-39.117974999858035,1510.142745,-2.0203999999998814,-0.0017129477191802991,-0.005974999999104114,,,,1.3736124999949908,,,,-0.4637659340642699,,,,-0.11600274725230975,,,,0.8148479999970419,,,,0.7518283333306073,,,,-0.11967924865788326,,,,0.0,,,,0.0,,,,0.0,,,,0.0,,,,0.0,,,,0.0,,,,0.0
2025-09-03T11:46:45Z,15415.0,15415.5,354,1543.31709,1511.88927,1510.14394,,,,,,,,,,,,,,1543.31709,5.585160000000087,0.0046565083281203965,0.5456999999981385,1515.927925,4.03467999999998,0.003421317400400609,-40.3865499998537,1510.142745,-2.0203999999998814,-0.0017129477191802991,0.0,,,,1.373612499995005,,,,-0.4637659340642415,,,,-0.11600274725230975,,,,0.8148479999970277,,,,0.7518283333306073,,,,-0.11967924865788149,,,,0.0,,,,0.0,,,,0.0,,,,0.0,,,,0.0,,,,0.0,,,,0.0
2025-09-03T11:46:45Z,15415.0,15415.6,355,1543.36818,1510.14155,1510.14155,,,,,,,,,,,,,,1543.36818,5.636250000000018,0.004699103528702536,0.4896499999977486,1511.88927,-0.003975000000082218,-3.3707101100641892e-06,-22.786674999916933,1510.142745,-2.0203999999998814,-0.0017129477191802991,0.0,,,,1.373612499995005,,,,-0.4637659340642273,,,,-0.11600274725233817,,,,0.8148479999970419,,,,0.7518283333305931,,,,-0.11967924865787971,,,,0.0,,,,0.0,,,,0.0,,,,0.0,,,,0.0,,,,0.0,,,,0.0
2025-09-03T11:46:46Z,15415.0,15415.7,356,1543.41502,,,,,,,,,,,,,,,,1543.41502,5.683089999999993,0.0047381553822016375,0.46355000000306745,1511.37059,-0.5226549999999861,-0.0004431996207645567,-2.593399999966498,1510.142745,-2.0203999999998814,-0.0017129477191802991,-0.0059750000004026305,,,,1.3736125000074964,,,,-0.4637659340684621,,,,-0.11600274725338977,,,,0.8148480000044458,,,,0.7518283333374285,,,,-0.11967924865896684,,,,0.0,,,,0.0,,,,0.0,,,,0.0,,,,0.0,,,,0.0,,,,0.0
2025-09-03T11:46:46Z,15415.0,15415.8,357,1543.46089,,,,,,,,,,,,,,,,1543.46089,5.728960000000143,0.004776398518837217,0.44625000000262816,1511.37059,-0.5226549999999861,-0.0004431996207645567,16.693199999787154,1510.14155,-2.021594999999934,-0.001713960871291025,19.0716464283281,,,,1.3736125000074964,,,,-0.4637659340684763,,,,-0.11600274725336135,,,,0.8148480000044458,,,,0.7518283333374427,,,,-0.1196792486589704,,,,0.0,,,,0.0,,,,0.0,,,,0.0,,,,0.0,,,,0.0,,,,0.0
2025-09-03T11:46:46Z,15415.0,15415.9,358,1543.50427,1511.37059,,,,,,,,,,,,,,,1543.50427,5.772339999999986,0.004812565670946222,0.3891999999982012,1514.70923,2.815984999999955,0.0023878915997717297,22.12244999991891,,,,38.155242857004026,,,,1.373612499995005,,,,-0.4637659340642557,,,,-0.11600274725230975,,,,0.8148479999970419,,,,0.7518283333305931,,,,-0.11967924865787971,,,,0.0,,,,0.0,,,,0.0,,,,0.0,,,,0.0,,,,0.0,,,,0.0
2025-09-03T11:46:46Z,15416.0,15416.0,359,1543.53873,1514.70923,,,,,,,,,,,,,,,1543.53873,5.806800000000067,0.004841295962824593,0.22904999999953546,1515.7950799999999,3.901834999999892,0.0033086678445358258,10.858499999961001,,,,38.15524285700403,,,,1.373612499995005,,,,-0.4637659340642415,,,,-0.11600274725230975,,,,0.8148479999970277,,,,0.7518283333305931,,,,-0.11967924865787971,,,,0.0,,,,0.0,,,,0.0,,,,0.0,,,,0.0,,,,0.0,,,,0.0
2025-09-03T11:46:46Z,15416.0,15416.1,360,1543.55008,1516.88093,,,,,,,,,,,,,,,1543.55008,5.81815000000006,0.004850758783858213,0.0993500000000509,1516.88093,4.987685000000056,0.004229444089300115,12.403949999955223,,,,38.15524285700402,,,,1.3736124999949908,,,,-0.4637659340642415,,,,-0.11600274725233817,,,,0.8148479999970419,,,,0.7518283333305931,,,,-0.11967924865788326,,,,0.0,,,,0.0,,,,0.0,,,,0.0,,,,0.0,,,,0.0,,,,0.0
2025-09-03T11:46:46Z,15416.0,15416.2,361,1543.5586,1518.27587,,,,,,,,,,,,,,,1543.5586,5.826670000000149,0.004857862152598948,0.1771500000033015,1518.27587,6.382624999999962,0.005412321664353038,15.833200000120247,,,,38.155242857351034,,,,1.3736125000075106,,,,-0.4637659340684621,,,,-0.11600274725338977,,,,0.81484800000446,,,,0.7518283333374285,,,,-0.11967924865896862,,,,0.0,,,,0.0,,,,0.0,,,,0.0,,,,0.0,,,,0.0,,,,0.0
2025-09-03T11:46:46Z,15416.0,15416.3,362,1543.58551,1520.04757,,,,,,,,,,,,,,,1543.58551,5.853580000000193,0.004880297792600295,0.29015000000078217,1520.04757,8.154324999999972,0.006914683199416493,18.960850000081688,,,,38.155242857351055,,,,1.3736125000074964,,,,-0.4637659340684621,,,,-0.11600274725338977,,,,0.8148480000044458,,,,0.7518283333374427,,,,-0.11967924865896862,,,,0.0,,,,0.0,,,,0.0,,,,0.0,,,,0.0,,,,0.0,,,,0.0
2025-09-03T11:46:46Z,15416.0,15416.4,363,1543.61663,1522.06804,,,,,,,,,,,,,,,1543.61663,5.884700000000066,0.004906243430535558,0.15559999999879892,1522.06804,10.174795000000131,0.008627996068835629,20.28464999992603,,,,38.15524285700404,,,,1.3736124999949908,,,,-0.4637659340642415,,,,-0.11600274725230975,,,,0.8148479999970277,,,,0.7518283333305931,,,,-0.11967924865788149,,,,0.0,,,,0.0,,,,0.0,,,,0.0,,,,0.0,,,,0.0,,,,0.0
2025-09-03T11:46:46Z,15416.0,15416.5,364,1543.63681,1524.1045,,,,,,,,,,,,,,,1543.61663,5.884700000000066,0.004906243430535558,0.0,1524.1045,12.211254999999937,0.010354868096659198,10.182299999961984,1536.85022,24.68707500000005,0.02093034488937119,-47.72122857125511,1536.76309,16.502004999999826,0.013916304821198816,0.6868062499974883,,,,-0.4637659340642415,,,,-0.11600274725230975,,,,0.8148479999970277,,,,0.7518283333306073,,,,-0.11967924865788149,,,,0.0,,,,0.0,,,,0.0,,,,0.0,,,,0.0,,,,0.0,,,,0.0
2025-09-03T11:46:46Z,15416.0,15416.6,365,1543.65193,1525.83086,,,,,,,,,,,,,,,1543.61663,5.884700000000066,0.004906243430535558,-10.347599999962412,1524.1045,12.211254999999937,0.010354868096659198,4.3158999999845875,1523.49045,11.327305000000024,0.00960358407454503,-66.79884999975712,1536.76309,16.502004999999826,0.013916304821198816,0.0,,,,-0.4637659340642557,,,,-0.11600274725233817,,,,0.8148479999970277,,,,0.7518283333306073,,,,-0.11967924865787971,,,,0.0,,,,0.0,,,,0.0,,,,0.0,,,,0.0,,,,0.0,,,,0.0
2025-09-03T11:46:47Z,15416.0,15416.7,366,1541.54711,1538.60743,1536.85022,1536.76309,,,,,,,,,,,,,1541.54711,3.815180000000055,0.003180825158684505,-12.4459499999179,1524.96768,13.074434999999994,0.011086825216846674,-6.061225000300034,1523.49045,11.327305000000024,0.00960358407454503,0.0,1536.76309,16.502004999999826,0.013916304821198816,0.0,,,,-0.4637659340684621,,,,-0.11600274725338977,,,,0.8148480000044458,,,,0.7518283333374285,,,,-0.11967924865896862,,,,0.0,,,,0.0,,,,0.0,,,,0.0,,,,0.0,,,,0.0,,,,0.0
2025-09-03T11:46:47Z,15416.0,15416.8,367,1541.12744,1510.63338,1510.13068,,,,,,,,,,,,,,1541.12744,3.3955100000000584,0.0028309342244834724,-3.573200000030427,1522.892255,10.999009999999998,0.009326911750171137,-48.37082499976226,1523.49045,11.327305000000024,0.00960358407454503,0.0,1536.76309,16.502004999999826,0.013916304821198816,0.0,,,,-0.4637659340684763,,,,-0.11600274725338977,,,,0.8148480000044458,,,,0.7518283333374285,,,,-0.1196792486589704,,,,0.0,,,,0.0,,,,0.0,,,,0.0,,,,0.0,,,,0.0,,,,0.0
2025-09-03T11:46:47Z,15416.0,15416.9,368,1540.83247,,,,,,,,,,,,,,,,1540.83247,3.1005400000001373,0.0025850092623435723,-2.7679999999897316,1515.2935149999998,3.400269999999864,0.0028833520668453934,-61.29437499977696,1523.49045,11.327305000000024,0.00960358407454503,-66.79884999975712,1536.76309,16.502004999999826,0.013916304821198816,-13.872177777727302,,,,-0.4637659340642557,,,,-0.11600274725230975,,,,0.8148479999970419,,,,0.7518283333305931,,,,-0.11967924865788149,,,,0.0,,,,0.0,,,,0.0,,,,0.0,,,,0.0,,,,0.0,,,,0.0
2025-09-03T11:46:47Z,15417.0,15417.0,369,1540.57384,1519.95365,,,,,,,,,,,,,,,1540.57384,2.841910000000098,0.002369382002085685,-2.515972105256493,1510.63338,-1.2598649999999907,-0.001068337029617145,15.206756315866098,1510.13068,-2.032465000000002,-0.0017231767402811297,-9.900004210262445,,,,-26.430149239690166,,,,-0.4417980740299896,,,,-0.11050788027729652,,,,0.7762499368398608,,,,0.716215412278622,,,,-0.11401023161627855,,,,0.0,,,,0.0,,,,0.0,,,,0.0,,,,0.0,,,,0.0,,,,0.0
2025-09-03T11:46:47Z,15417.0,15417.111111111111,370,1540.30297,1510.01359,,,,,,,,,,,,,,,1540.30297,2.571040000000039,0.002143549902228523,-2.2394249999960216,1519.95365,8.060404999999946,0.006835041163308124,48.62922749991173,1524.302,12.138854999999921,0.010291637292472509,59.22663749989276,,,,-24.969919999954584,,,,-0.41738934065857336,,,,-0.10440247252729762,,,,0.7333631999986636,,,,0.6766454999987772,,,,-0.10771132379229087,,,,0.0,,,,0.0,,,,0.0,,,,0.0,,,,0.0,,,,0.0,,,,0.0
2025-09-03T11:46:47Z,15417.0,15417.222222222223,371,1540.07619,,,,,,,,,,,,,,,,1540.07619,2.3442600000000766,0.0019544769018756325,-1.9722149999958507,1521.439875,9.54663000000005,0.008095326354057025,13.376024999975584,1523.292155,11.129010000000108,0.009435464411124552,-4.5443024999908985,,,,-24.96991999995458,,,,-0.41738934065857336,,,,-0.10440247252729762,,,,0.7333631999986494,,,,0.676645499998763,,,,-0.10771132379228732,,,,0.0,,,,0.0,,,,0.0,,,,0.0,,,,0.0,,,,0.0,,,,0.0
2025-09-03T11:46:47Z,15417.0,15417.333333333334,372,1539.8647,1526.51406,1524.302,,,,,,,,,,,,,,1539.8647,2.132770000000164,0.0017781516137346015,-2.1207599999960483,1522.9261,11.032854999999927,0.009355611544805733,14.760922499973255,1523.292155,11.129010000000108,0.009435464411124552,0.0,,,,-24.96991999995458,,,,-0.4173893406586018,,,,-0.10440247252728341,,,,0.7333631999986636,,,,0.676645499998763,,,,-0.10771132379228732,,,,0.0,,,,0.0,,,,0.0,,,,0.0,,,,0.0,,,,0.0,,,,0.0
2025-09-03T11:46:47Z,15417.0,15417.444444444445,373,1539.60491,1522.9261,1522.28231,,,,,,,,,,,,,,1539.60491,1.8729800000000978,0.0015615572281551932,-2.172690000011908,1524.72008,12.826835000000074,0.010876866016032997,-2.6432189770275727e-10,1523.292155,11.129010000000108,0.009435464411124552,-4.544302500103512,,,,-24.96992000015897,,,,-0.4173893406619982,,,,-0.10440247252812185,,,,0.7333632000046748,,,,0.6766455000043052,,,,-0.10771132379317017,,,,0.0,,,,0.0,,,,0.0,,,,0.0,,,,0.0,,,,0.0,,,,0.0
2025-09-03T11:46:47Z,15417.0,15417.555555555555,374,1539.38188,,,,,,,,,,,,,,,,1539.38188,1.6499499999999898,0.0013756107105225418,-1.9092150000136652,1522.9261,11.032854999999927,0.009355611544805733,-36.330862499901954,1522.28231,10.119165000000066,0.008579291529776403,-31.871857499830874,,,,-24.96992000015897,,,,-0.4173893406619982,,,,-0.10440247252812185,,,,0.7333632000046748,,,,0.6766455000043194,,,,-0.10771132379317194,,,,0.0,,,,0.0,,,,0.0,,,,0.0,,,,0.0,,,,0.0,,,,0.0
2025-09-03T11:46:47Z,15417.0,15417.666666666666,375,1539.18064,,,,,,,,,,,,,,,,1539.18064,1.4487100000001192,0.0012078311418171992,-1.8571499999959862,1516.6465549999998,4.7533099999998285,0.004030699389418173,-56.51590499989706,1516.2095199999999,4.046374999999898,0.0034306220685005025,-54.65510999990107,,,,-24.96991999995458,,,,-0.41738934065858757,,,,-0.10440247252728341,,,,0.7333631999986636,,,,0.676645499998763,,,,-0.10771132379228732,,,,0.0,,,,0.0,,,,0.0,,,,0.0,,,,0.0,,,,0.0,,,,0.0
2025-09-03T11:46:48Z,15417.0,15417.777777777777,376,1538.96918,1510.36701,1510.13673,,,,,,,,,,,,,,1538.96918,1.237250000000131,0.0010315308655378683,-1.9404899999961973,1510.36701,-1.5262350000000424,-0.0012942127659691957,-19.95941249996322,1510.13673,-2.0264150000000427,-0.0017180473927752044,-22.7268899999588,,,,-24.969919999954584,,,,-0.41738934065858757,,,,-0.10440247252728341,,,,0.7333631999986636,,,,0.676645499998763,,,,-0.10771132379228732,,,,0.0,,,,0.0,,,,0.0,,,,0.0,,,,0.0,,,,0.0,,,,0.0
2025-09-03T11:46:48Z,15417.0,15417.888888888889,377,1538.74942,,,,,,,,,,,,,,,,1538.74942,1.0174900000001799,0.0008483106408375025,-2.414339999996102,1512.21113,0.3178849999999329,0.00026955929140009204,16.597079999969587,1511.1590999999999,-1.0040450000001329,-0.0008512554903507781,9.201329999983475,1511.79317,-8.467915000000175,-0.007141076877628231,-12.484959999977292,,,,-0.41738934065857336,,,,-0.10440247252728341,,,,0.7333631999986494,,,,0.6766454999987701,,,,-0.10771132379229087,,,,0.0,,,,0.0,,,,0.0,,,,0.0,,,,0.0,,,,0.0,,,,0.0
2025-09-03T11:46:48Z,15418.0,15418.0,378,1538.43266,,,,,,,,,,,,,,,,1538.43266,0.7007300000000214,0.0005842187297702937,-2.2282399999955196,1514.05525,2.1620049999999083,0.0018333313487693798,7.8617747368352235,1512.18147,0.018325000000004366,1.5536412073840973e-05,8.535524736820777,1511.79317,-8.467915000000175,-0.007141076877628231,0.0,,,,-0.441798074029947,,,,-0.11050788027728231,,,,0.776249936839875,,,,0.7162154122786575,,,,-0.11401023161627677,,,,0.0,,,,0.0,,,,0.0,,,,0.0,,,,0.0,,,,0.0,,,,0.0
2025-09-03T11:46:48Z,15418.0,15418.1,379,1538.26587,1514.05525,1512.18147,1511.79317,,,,,,,,,,,,,1538.26587,0.5339400000000296,0.0004451611156558995,-1.5459499999940964,1514.05525,2.1620049999999083,0.0018333313487693798,0.0,1512.9751,0.8119550000001254,0.0006883965874714593,3.9681499999861694,1511.79317,-8.467915000000175,-0.007141076877628231,0.0,,,,-0.4637659340642557,,,,-0.11600274725230975,,,,0.8148479999970419,,,,0.7518283333305931,,,,-0.11967924865787971,,,,0.0,,,,0.0,,,,0.0,,,,0.0,,,,0.0,,,,0.0,,,,0.0
2025-09-03T11:46:48Z,15418.0,15418.2,380,1538.12347,1515.85794,1513.76873,,,,,,,,,,,,,,1538.12347,0.39154000000007727,0.0003264381451547657,-1.4970000000088857,1514.05525,2.1620049999999083,0.0018333313487693798,0.0,1512.9751,0.8119550000001254,0.0006883965874714593,0.0,1511.79317,-8.467915000000175,-0.007141076877628231,0.0,,,,-0.4637659340684621,,,,-0.11600274725338977,,,,0.8148480000044458,,,,0.7518283333374285,,,,-0.1196792486589704,,,,0.0,,,,0.0,,,,0.0,,,,0.0,,,,0.0,,,,0.0,,,,0.0
2025-09-03T11:46:48Z,15418.0,15418.3,381,1537.96647,1510.13421,,,,,,,,,,,,,,,1537.96647,0.23454000000015185,0.0001955427352623824,-0.8615500000172127,1514.05525,2.1620049999999083,0.0018333313487693798,-5.29587499993191,1512.9751,0.8119550000001254,0.0006883965874714593,3.9681499999489427,1511.79317,-8.467915000000175,-0.007141076877628231,1.904691666642428,,,,-0.4637659340684621,,,,-0.11600274725336135,,,,0.8148480000044458,,,,0.7518283333374427,,,,-0.11967924865896862,,,,0.0,,,,0.0,,,,0.0,,,,0.0,,,,0.0,,,,0.0,,,,0.0
2025-09-03T11:46:48Z,15418.0,15418.4,382,1537.95116,,,,,,,,,,,,,,,,1537.95116,0.21923000000015236,0.00018277834847605582,-0.11950000000026373,1512.996075,1.10283000000004,0.0009351749007812166,-19.605199999928416,1513.76873,1.6055850000000191,0.0013612567628688847,5.216696078411856,,,,3.809383333319495,,,,-0.4637659340642415,,,,-0.11600274725230975,,,,0.8148479999970419,,,,0.7518283333306073,,,,-0.11967924865787971,,,,0.0,,,,0.0,,,,0.0,,,,0.0,,,,0.0,,,,0.0,,,,0.0
2025-09-03T11:46:48Z,15418.0,15418.5,383,1537.94257,,,,,,,,,,,,,,,,1537.94257,0.21064000000001215,0.00017561661872449877,-0.07260000000061129,1510.13421,-1.7590350000000399,-0.0014916219014677375,-14.308642499948334,,,,2.497092156853645,,,,3.809383333319502,,,,-0.4637659340642699,,,,-0.11600274725233817,,,,0.8148479999970419,,,,0.7518283333305931,,,,-0.11967924865788326,,,,0.0,,,,0.0,,,,0.0,,,,0.0,,,,0.0,,,,0.0,,,,0.0
2025-09-03T11:46:48Z,15418.0,15418.6,384,1537.93664,,,,,,,,,,,,,,,,1537.93664,0.2047099999999773,0.00017067260738267226,-0.06999999999922679,,,,0.0013650000000158258,,,,2.497092156853645,,,,3.809383333319502,,,,-0.4637659340642557,,,,-0.11600274725230975,,,,0.8148479999970277,,,,0.7518283333305931,,,,-0.11967924865788326,,,,0.0,,,,0.0,,,,0.0,,,,0.0,,,,0.0,,,,0.0,,,,0.0
2025-09-03T11:46:49Z,15418.0,15418.7,385,1537.92857,,,,,,,,,,,,,,,,1537.92857,0.19664000000011583,0.00016394441656857097,-0.05229999999960078,,,,0.0013650000000282603,,,,2.4970921568763558,,,,3.8093833333541482,,,,-0.4637659340684479,,,,-0.11600274725336135,,,,0.8148480000044458,,,,0.7518283333374427,,,,-0.11967924865896862,,,,0.0,,,,0.0,,,,0.0,,,,0.0,,,,0.0,,,,0.0,,,,0.0
2025-09-03T11:46:49Z,15418.0,15418.8,386,1537.92618,,,,,,,,,,,,,,,,1537.92618,0.19425000000001091,0.00016195180491470677,-0.029500000000612148,,,,0.0013650000000282603,,,,2.4970921568763593,,,,3.809383333354141,,,,-0.4637659340684621,,,,-0.11600274725338977,,,,0.8148480000044458,,,,0.7518283333374427,,,,-0.11967924865896862,,,,0.0,,,,0.0,,,,0.0,,,,0.0,,,,0.0,,,,0.0,,,,0.0
2025-09-03T11:46:49Z,15418.0,15418.9,387,1537.92267,,,,,,,,,,,,,,,,1537.92267,0.19074000000000524,0.0001590254170884442,-0.02664999999969353,,,,0.0013650000000176021,,,,2.497092156853645,,,,3.809383333319495,,,,-0.4637659340642699,,,,-0.11600274725230975,,,,0.8148479999970419,,,,0.7518283333305931,,,,-0.11967924865788149,,,,0.0,,,,0.0,,,,0.0,,,,0.0,,,,0.0,,,,0.0,,,,0.0
2025-09-03T11:46:49Z,15419.0,15419.0,388,1537.92085,,,,,,,,,,,,,,,,1537.92085,0.18892000000005282,0.000157508030808202,-0.02844999999968989,,,,0.0013650000000158258,,,,2.497092156853645,,,,3.809383333319502,,,,-0.4637659340642557,,,,-0.11600274725230975,,,,0.8148479999970419,,,,0.7518283333305931,,,,-0.11967924865787971,,,,0.0,,,,0.0,,,,0.0,,,,0.0,,,,0.0,,,,0.0,,,,0.0
2025-09-03T11:46:49Z,15419.0,15419.1,389,1537.91698,,,,,,,,,,,,,,,,1537.91698,0.18505000000004657,0.00015428150064078426,-0.024549999999318728,,,,0.0013650000000158258,,,,2.497092156853645,,,,3.8093833333194986,,,,-0.4637659340642273,,,,-0.11600274725230975,,,,0.8148479999970277,,,,0.751828333330586,,,,-0.11967924865787971,,,,0.0,,,,0.0,,,,0.0,,,,0.0,,,,0.0,,,,0.0,,,,0.0
2025-09-03T11:46:49Z,15419.0,15419.2,390,1537.91594,,,,,,,,,,,,,,,,1537.91594,0.1840100000001712,0.00015341442276644142,-0.019450000000049594,,,,0.001365000000026484,,,,2.4970921568763558,,,,3.8093833333541447,,,,-0.4637659340684763,,,,-0.11600274725338977,,,,0.8148480000044458,,,,0.7518283333374356,,,,-0.1196792486589704,,,,0.0,,,,0.0,,,,0.0,,,,0.0,,,,0.0,,,,0.0,,,,0.0
2025-09-03T11:46:49Z,15419.0,15419.3,391,1537.91309,,,,,,,,,,,,,,,,1537.91309,0.1811600000000908,0.00015103829589890007,-0.02395000000113634,,,,0.0013650000000300366,,,,2.497092156876363,,,,3.8093833333541482,,,,-0.46376593406849054,,,,-0.11600274725338977,,,,0.8148480000044458,,,,0.7518283333374356,,,,-0.11967924865896862,,,,0.0,,,,0.0,,,,0.0,,,,0.0,,,,0.0,,,,0.0,,,,0.0
2025-09-03T11:46:49Z,15419.0,15419.4,392,1537.91115,,,,,,,,,,,,,,,,1537.91115,0.1792199999999866,0.0001494208621714798,-0.022450000000081016,,,,0.0013650000000176021,,,,2.497092156853647,,,,3.809383333319495,,,,-0.4637659340642557,,,,-0.11600274725230975,,,,0.8148479999970277,,,,0.7518283333305931,,,,-0.11967924865788149,,,,0.0,,,,0.0,,,,0.0,,,,0.0,,,,0.0,,,,0.0,,,,0.0
2025-09-03T11:46:49Z,15419.0,15419.5,393,1537.9086,,,,,,,,,,,,,,,,1537.9086,0.17667000000005828,0.0001472948539216941,-0.018599999999583505,,,,0.0013650000000158258,,,,2.4970921568536433,,,,3.8093833333194986,,,,-0.4637659340642557,,,,-0.11600274725233817,,,,0.8148479999970419,,,,0.7518283333305931,,,,-0.11967924865788326,,,,0.0,,,,0.0,,,,0.0,,,,0.0,,,,0.0,,,,0.0,,,,0.0
2025-09-03T11:46:49Z,15419.0,15419.6,394,1537.90743,,,,,,,,,,,,,,,,1537.90743,0.1755000000000564,0.00014631939131293988,-0.015349999999842656,,,,0.0013650000000158258,,,,2.4970921568536433,,,,3.809383333319504,,,,-0.4637659340642415,,,,-0.11600274725230975,,,,0.8148479999970277,,,,0.7518283333306002,,,,-0.11967924865788149,,,,0.0,,,,0.0,,,,0.0,,,,0.0,,,,0.0,,,,0.0,,,,0.0
2025-09-03T11:46:50Z,15419.0,15419.7,395,1537.90553,,,,,,,,,,,,,,,,1537.90553,0.17360000000007858,0.00014473530673464216,-0.017149999999961252,,,,0.0013650000000282603,,,,2.497092156876363,,,,3.8093833333541482,,,,-0.4637659340684763,,,,-0.11600274725336135,,,,0.8148480000044458,,,,0.7518283333374356,,,,-0.11967924865896684,,,,0.0,,,,0.0,,,,0.0,,,,0.0,,,,0.0,,,,0.0,,,,0.0
2025-09-03T11:46:50Z,15419.0,15419.8,396,1537.904,,,,,,,,,,,,,,,,1537.904,0.1720700000000761,0.00014345970178473283,-0.015250000000235131,,,,0.0013650000000282603,,,,2.4970921568763558,,,,3.809383333354143,,,,-0.4637659340684763,,,,-0.11600274725338977,,,,0.8148480000044458,,,,0.7518283333374285,,,,-0.11967924865896862,,,,0.0,,,,0.0,,,,0.0,,,,0.0,,,,0.0,,,,0.0,,,,0.0
2025-09-03T11:46:50Z,15419.0,15419.9,397,1537.90248,,,,,,,,,,,,,,,,1537.90248,0.17055000000004839,0.00014219243412205674,-0.018449999999962663,,,,0.0013650000000176021,,,,2.4970921568536397,,,,3.8093833333194986,,,,-0.4637659340642557,,,,-0.11600274725230975,,,,0.8148479999970277,,,,0.7518283333305931,,,,-0.11967924865788149,,,,0.0,,,,0.0,,,,0.0,,,,0.0,,,,0.0,,,,0.0,,,,0.0
2025-09-03T11:46:50Z,15420.0,15420.0,398,1537.89981,,,,,,,,,,,,,,,,1537.90031,0.16838000000007014,0.00014038324278789268,-0.013350000000351914,,,,0.0013650000000158258,,,,2.497092156853647,,,,3.809383333319497,,,,-0.4637659340642415,,,,-0.11600274725230975,,,,0.8148479999970277,,,,0.7518283333306002,,,,-0.11967924865787971,,,,0.0,,,,0.0,,,,0.0,,,,0.0,,,,0.0,,,,0.0,,,,0.0
2025-09-03T11:46:50Z,15420.0,15420.1,399,1537.90031,,,,,,,,,,,,,,,,1537.89981,0.16787999999996828,0.00013996637842509296,-0.009300000000360242,,,,0.0013650000000158258,,,,2.4970921568536504,,,,3.8093833333195013,,,,-0.4637659340642415,,,,-0.11600274725230975,,,,0.8148479999970277,,,,0.7518283333306002,,,,-0.11967924865787971,,,,0.0,,,,0.0,,,,0.0,,,,0.0,,,,0.0,,,,0.0,,,,0.0
2025-09-03T11:46:50Z,15420.0,15420.2,400,1537.89845,,,,,,,,,,,,,,,,1537.89845,0.16651999999999134,0.00013883250735852794,-0.013549999999968643,,,,0.0013650000000282603,,,,2.4970921568763558,,,,3.8093833333541474,,,,-0.4637659340684621,,,,-0.11600274725336135,,,,0.8148480000044458,,,,0.7518283333374285,,,,-0.1196792486589704,,,,0.0,,,,0.0,,,,0.0,,,,0.0,,,,0.0,,,,0.0,,,,0.0
2025-09-03T11:46:50Z,15420.0,15420.3,401,1537.8971,,,,,,,,,,,,,,,,1537.8971,0.16516999999998916,0.00013770697357919618,-0.014400000000085456,,,,0.0013650000000282603,,,,2.497092156876352,,,,3.8093833333541434,,,,-0.4637659340684763,,,,-0.11600274725338977,,,,0.8148480000044458,,,,0.7518283333374285,,,,-0.11967924865896862,,,,0.0,,,,0.0,,,,0.0,,,,0.0,,,,0.0,,,,0.0,,,,0.0
2025-09-03T11:46:50Z,15420.0,15420.4,402,1537.89557,,,,,,,,,,,,,,,,1537.89557,0.16363999999998668,0.00013643136862928685,-0.014499999999718072,,,,0.0013650000000176021,,,,2.497092156853647,,,,3.8093833333194973,,,,-0.4637659340642699,,,,-0.11600274725230975,,,,0.8148479999970348,,,,0.7518283333306073,,,,-0.11967924865787971,,,,0.0,,,,0.0,,,,0.0,,,,0.0,,,,0.0,,,,0.0,,,,0.0
2025-09-03T11:46:50Z,15420.0,15420.5,403,1537.8942,,,,,,,,,,,,,,,,1537.8942,0.162270000000035,0.0001352891602754886,-0.013699999999467027,,,,0.0013650000000158258,,,,2.497092156853647,,,,3.809383333319502,,,,-0.4637659340642415,,,,-0.11600274725233817,,,,0.8148479999970419,,,,0.7518283333306073,,,,-0.11967924865788149,,,,0.0,,,,0.0,,,,0.0,,,,0.0,,,,0.0,,,,0.0,,,,0.0
2025-09-03T11:46:50Z,15420.0,15420.6,404,1537.89283,,,,,,,,,,,,,,,,1537.89283,0.1609000000000833,0.00013414695192169034,-0.01219999999984911,,,,0.0013650000000158258,,,,2.497092156853647,,,,3.8093833333194973,,,,-0.4637659340642273,,,,-0.11600274725230975,,,,0.8148479999970277,,,,0.7518283333305931,,,,-0.11967924865788149,,,,0.0,,,,0.0,,,,0.0,,,,0.0,,,,0.0,,,,0.0,,,,0.0
2025-09-03T11:46:51Z,15420.0,15420.7,405,1537.89176,,,,,,,,,,,,,,,,1537.89176,0.15983000000005632,0.00013325486218545817,-0.0063499999998394285,,,,0.0013650000000300366,,,,2.4970921568763558,,,,3.809383333354144,,,,-0.4637659340684621,,,,-0.11600274725336135,,,,0.8148480000044387,,,,0.7518283333374285,,,,-0.11967924865896862,,,,0.0,,,,0.0,,,,0.0,,,,0.0,,,,0.0,,,,0.0,,,,0.0
2025-09-03T11:46:51Z,15420.0,15420.8,406,1537.89156,,,,,,,,,,,,,,,,1537.89156,0.15963000000010652,0.0001330881164404141,-0.009300000000311948,,,,0.0013650000000282603,,,,2.4970921568763558,,,,3.809383333354144,,,,-0.46376593406849054,,,,-0.11600274725336135,,,,0.8148480000044458,,,,0.7518283333374356,,,,-0.11967924865896862,,,,0.0,,,,0.0,,,,0.0,,,,0.0,,,,0.0,,,,0.0,,,,0.0
2025-09-03T11:46:51Z,15420.0,15420.9,407,1537.8899,,,,,,,,,,,,,,,,1537.8899,0.15796999999997752,0.00013170412675609343,-0.011650000000102745,,,,0.0013650000000176021,,,,2.497092156853647,,,,3.8093833333194986,,,,-0.4637659340642415,,,,-0.11600274725230975,,,,0.8148479999970348,,,,0.7518283333306002,,,,-0.11967924865788326,,,,0.0,,,,0.0,,,,0.0,,,,0.0,,,,0.0,,,,0.0,,,,0.0
2025-09-03T11:46:51Z,15421.0,15421.0,408,1537.88923,,,,,,,,,,,,,,,,1537.88923,0.1573000000000775,0.00013114552851013897,-0.0073499999996061716,,,,0.0013650000000158258,,,,2.497092156853647,,,,3.8093833333195066,,,,-0.4637659340642273,,,,-0.11600274725233817,,,,0.8148479999970419,,,,0.7518283333305931,,,,-0.11967924865787971,,,,0.0,,,,0.0,,,,0.0,,,,0.0,,,,0.0,,,,0.0,,,,0.0
2025-09-03T11:46:51Z,15421.0,15421.1,409,1537.88843,,,,,,,,,,,,,,,,1537.88843,0.15650000000005093,0.00013047854552977314,-0.007399999999479823,,,,0.0013650000000158258,,,,2.497092156853647,,,,3.809383333319497,,,,-0.4637659340642557,,,,-0.11600274725230975,,,,0.8148479999970348,,,,0.7518283333305931,,,,-0.11967924865787971,,,,0.0,,,,0.0,,,,0.0,,,,0.0,,,,0.0,,,,0.0,,,,0.0
2025-09-03T11:46:51Z,15421.0,15421.2,410,1537.88775,,,,,,,,,,,,,,,,1537.88775,0.15582000000017615,0.0001299116099965854,-0.010099999999626186,,,,0.0013650000000282603,,,,2.4970921568763487,,,,3.809383333354143,,,,-0.4637659340684763,,,,-0.11600274725336135,,,,0.8148480000044529,,,,0.7518283333374356,,,,-0.11967924865897217,,,,0.0,,,,0.0,,,,0.0,,,,0.0,,,,0.0,,,,0.0,,,,0.0
2025-09-03T11:46:51Z,15421.0,15421.3,411,1537.88641,,,,,,,,,,,,,,,,1537.88641,0.15448000000014872,0.00012879441350448692,-0.010450000001011817,,,,0.0013650000000282603,,,,2.4970921568763487,,,,3.8093833333541447,,,,-0.4637659340684763,,,,-0.11600274725338977,,,,0.8148480000044387,,,,0.7518283333374427,,,,-0.11967924865896862,,,,0.0,,,,0.0,,,,0.0,,,,0.0,,,,0.0,,,,0.0,,,,0.0
2025-09-03T11:46:51Z,15421.0,15421.4,412,1537.88566,,,,,,,,,,,,,,,,1537.88566,0.15372999999999593,0.00012816911696028732,-0.008350000000488356,,,,0.0013650000000158258,,,,2.4970921568536397,,,,3.809383333319497,,,,-0.4637659340642415,,,,-0.11600274725230975,,,,0.8148479999970277,,,,0.7518283333306002,,,,-0.11967924865787971,,,,0.0,,,,0.0,,,,0.0,,,,0.0,,,,0.0,,,,0.0,,,,0.0
2025-09-03T11:46:51Z,15421.0,15421.5,413,1537.88474,,,,,,,,,,,,,,,,1537.88474,0.15281000000004497,0.00012740208653293298,-0.006899999999607109,,,,0.0013650000000158258,,,,2.497092156853647,,,,3.8093833333195057,,,,-0.4637659340642557,,,,-0.11600274725233817,,,,0.8148479999970419,,,,0.7518283333305931,,,,-0.11967924865788149,,,,0.0,,,,0.0,,,,0.0,,,,0.0,,,,0.0,,,,0.0,,,,0.0
2025-09-03T11:46:51Z,15421.0,15421.6,414,1537.88428,,,,,,,,,,,,,,,,1537.88428,0.15235000000006949,0.00012701857131925583,-0.009300000000360242,,,,0.0013650000000158258,,,,2.497092156853647,,,,3.8093833333194986,,,,-0.4637659340642557,,,,-0.11600274725230975,,,,0.8148479999970348,,,,0.7518283333306002,,,,-0.11967924865788149,,,,0.0,,,,0.0,,,,0.0,,,,0.0,,,,0.0,,,,0.0,,,,0.0
2025-09-03T11:46:52Z,15421.0,15421.7,415,1537.88288,,,,,,,,,,,,,,,,1537.88288,0.15094999999996617,0.00012585135110356827,-0.010049999999620196,,,,0.0013650000000300366,,,,2.497092156876363,,,,3.8093833333541447,,,,-0.4637659340684763,,,,-0.11600274725338977,,,,0.8148480000044529,,,,0.7518283333374427,,,,-0.11967924865896862,,,,0.0,,,,0.0,,,,0.0,,,,0.0,,,,0.0,,,,0.0,,,,0.0
2025-09-03T11:46:52Z,15421.0,15421.8,416,1537.88169,,,,,,,,,,,,,,,,1537.88227,0.15034000000014203,0.00012534277658120282,-0.005949999999792177,,,,0.0013650000000282603,,,,2.497092156876363,,,,3.8093833333541447,,,,-0.4637659340684763,,,,-0.11600274725338977,,,,0.8148480000044458,,,,0.7518283333374285,,,,-0.11967924865896507,,,,0.0,,,,0.0,,,,0.0,,,,0.0,,,,0.0,,,,0.0,,,,0.0
2025-09-03T11:46:52Z,15421.0,15421.9,417,1537.88227,,,,,,,,,,,,,,,,1537.88169,0.14976000000001477,0.00012485921392034756,-0.0044000000002437645,,,,0.0013650000000158258,,,,2.497092156853654,,,,3.809383333319495,,,,-0.4637659340642415,,,,-0.11600274725230975,,,,0.8148479999970348,,,,0.7518283333305931,,,,-0.11967924865788326,,,,0.0,,,,0.0,,,,0.0,,,,0.0,,,,0.0,,,,0.0,,,,0.0
2025-09-03T11:46:52Z,15422.0,15422.0,418,1537.88139,,,,,,,,,,,,,,,,1537.88139,0.14946000000009008,0.00012460909530278148,-0.007449999999353363,,,,0.0013650000000158258,,,,2.4970921568536397,,,,3.8093833333195057,,,,-0.4637659340642415,,,,-0.11600274725233817,,,,0.8148479999970348,,,,0.7518283333306002,,,,-0.11967924865788326,,,,0.0,,,,0.0,,,,0.0,,,,0.0,,,,0.0,,,,0.0,,,,0.0
2025-09-03T11:46:52Z,15422.0,15422.1,419,1537.8802,,,,,,,,,,,,,,,,1537.8802,0.14827000000013868,0.0001236169581195608,-0.0089999999999818,,,,0.0013650000000158258,,,,2.4970921568536397,,,,3.8093833333194986,,,,-0.4637659340642699,,,,-0.11600274725230975,,,,0.8148479999970277,,,,0.7518283333306002,,,,-0.11967924865788149,,,,0.0,,,,0.0,,,,0.0,,,,0.0,,,,0.0,,,,0.0,,,,0.0
2025-09-03T11:46:52Z,15422.0,15422.2,420,1537.87941,,,,,,,,,,,,,,,,1537.87959,0.14766000000008717,0.00012310838359700578,-0.003950000000241483,,,,0.0013650000000282603,,,,2.497092156876363,,,,3.809383333354141,,,,-0.4637659340684479,,,,-0.11600274725336135,,,,0.8148480000044529,,,,0.7518283333374285,,,,-0.11967924865897217,,,,0.0,,,,0.0,,,,0.0,,,,0.0,,,,0.0,,,,0.0,,,,0.0
2025-09-03T11:46:52Z,15422.0,15422.3,421,1537.87959,,,,,,,,,,,,,,,,1537.87941,0.14748000000008687,0.00012295831242642823,-0.005800000000094618,,,,0.0013650000000282603,,,,2.497092156876363,,,,3.809383333354141,,,,-0.4637659340684763,,,,-0.11600274725338977,,,,0.8148480000044458,,,,0.7518283333374285,,,,-0.11967924865896684,,,,0.0,,,,0.0,,,,0.0,,,,0.0,,,,0.0,,,,0.0,,,,0.0
2025-09-03T11:46:52Z,15422.0,15422.4,422,1537.87843,,,,,,,,,,,,,,,,1537.87843,0.14650000000006003,0.00012214125827548483,-0.004900000000116478,,,,0.0013650000000158258,,,,2.497092156853647,,,,3.809383333319495,,,,-0.4637659340642415,,,,-0.11600274725230975,,,,0.8148479999970348,,,,0.7518283333305931,,,,-0.11967924865788149,,,,0.0,,,,0.0,,,,0.0,,,,0.0,,,,0.0,,,,0.0,,,,0.0
2025-09-03T11:46:52Z,15422.0,15422.5,423,1537.87836,,,,,,,,,,,,,,,,1537.87843,0.14650000000006003,0.00012214125827548483,0.0,1510.13967,-1.7535749999999553,-0.0014869919449392206,0.0006825000000088011,,,,2.4970921568536397,,,,3.809383333319495,,,,-0.46376593406421307,,,,-0.11600274725233817,,,,0.8148479999970419,,,,0.7518283333306073,,,,-0.11967924865788149,,,,0.0,,,,0.0,,,,0.0,,,,0.0,,,,0.0,,,,0.0,,,,0.0
2025-09-03T11:46:52Z,15422.0,15422.6,424,1537.87712,,,,,,,,,,,,,,,,1537.87843,0.14650000000006003,0.00012214125827548483,0.44354999999834577,1510.13967,-1.7535749999999553,-0.0014869919449392206,-0.3090499999996279,,,,2.497092156853647,,,,3.809383333319495,,,,-0.4637659340642415,,,,-0.11600274725230975,,,,0.8148479999970348,,,,0.7518283333306073,,,,-0.11967924865787793,,,,0.0,,,,0.0,,,,0.0,,,,0.0,,,,0.0,,,,0.0,,,,0.0
2025-09-03T11:46:53Z,15422.0,15422.7,425,1537.96714,1510.13967,,,,,,,,,,,,,,,1537.96714,0.23521000000005188,0.0001961013335083369,2.0753000000331356,1510.0778599999999,-1.8153850000001057,-0.0015394054271780295,1.1242562436564185e-11,,,,2.497092156876363,,,,3.8093833333541554,,,,-0.4637659340684763,,,,-0.11600274725336135,,,,0.8148480000044387,,,,0.7518283333374285,,,,-0.11967924865897217,,,,0.0,,,,0.0,,,,0.0,,,,0.0,,,,0.0,,,,0.0,,,,0.0
2025-09-03T11:46:53Z,15422.0,15422.8,426,1538.29349,,,,,,,,,,,,,,,,1538.29349,0.5615600000000995,0.000468188703052323,3.088950000020099,1510.13967,-1.7535749999999553,-0.0014869919449392206,0.30905000000806027,,,,2.4970921568763487,,,,3.8093833333541482,,,,-0.4637659340684763,,,,-0.11600274725336135,,,,0.8148480000044387,,,,0.7518283333374285,,,,-0.11967924865897217,,,,0.0,,,,0.0,,,,0.0,,,,0.0,,,,0.0,,,,0.0,,,,0.0
2025-09-03T11:46:53Z,15422.0,15422.9,427,1538.58493,1510.01605,,,,,,,,,,,,,,,1538.58493,0.8530000000000655,0.000711170602791494,2.787149999990198,1510.13967,-1.7535749999999553,-0.0014869919449392206,-0.5778999999985803,,,,2.4970921568536397,,,,3.809383333319488,,,,-0.4637659340642415,,,,-0.11600274725230975,,,,0.8148479999970348,,,,0.7518283333306002,,,,-0.11967924865787793,,,,0.0,,,,0.0,,,,0.0,,,,0.0,,,,0.0,,,,0.0,,,,0.0
2025-09-03T11:46:53Z,15423.0,15423.0,428,1538.85092,1517.83048,,,,,,,,,,,,,,,1538.85092,1.1189900000001671,0.0009329341064685952,2.9021499999893337,1510.02409,-1.8691550000000916,-0.0015850011712319552,9.305224999965528,,,,2.497092156853654,,,,3.809383333319488,,,,-0.4637659340642699,,,,-0.11600274725233817,,,,0.8148479999970419,,,,0.7518283333306002,,,,-0.11967924865788149,,,,0.0,,,,0.0,,,,0.0,,,,0.0,,,,0.0,,,,0.0,,,,0.0
2025-09-03T11:46:53Z,15423.0,15423.1,429,1539.16536,,,,,,,,,,,,,,,,1539.16536,1.433430000000044,0.0011950917668925724,2.873099999988887,1512.000715,0.10746999999992113,9.113212969077732e-05,14.546024999946727,,,,2.497092156853654,,,,3.809383333319502,,,,-0.4637659340642699,,,,-0.11600274725230975,,,,0.8148479999970348,,,,0.7518283333305931,,,,-0.11967924865788149,,,,0.0,,,,0.0,,,,0.0,,,,0.0,,,,0.0,,,,0.0,,,,0.0
2025-09-03T11:46:53Z,15423.0,15423.2,430,1539.42554,1510.02409,,,,,,,,,,,,,,,1539.42554,1.6936100000000351,0.0014120113066748356,2.6232000000151556,1512.9332949999998,1.0400499999998374,0.0008819388804777862,-0.5573250001825785,,,,2.497092156876363,,,,3.8093833333541554,,,,-0.4637659340684479,,,,-0.11600274725336135,,,,0.8148480000044387,,,,0.7518283333374285,,,,-0.11967924865896507,,,,0.0,,,,0.0,,,,0.0,,,,0.0,,,,0.0,,,,0.0,,,,0.0
2025-09-03T11:46:53Z,15423.0,15423.3,431,1539.69,1513.97734,,,,,,,,,,,,,,,1539.69,1.9580700000001343,0.0016324992054020273,2.795100000013244,1511.88925,-0.003995000000031723,-3.3876696577446132e-06,-1.8991030970028078e-10,,,,2.497092156876363,,,,3.8093833333541482,,,,-0.4637659340684763,,,,-0.11600274725336135,,,,0.8148480000044458,,,,0.7518283333374356,,,,-0.1196792486589704,,,,0.0,,,,0.0,,,,0.0,,,,0.0,,,,0.0,,,,0.0,,,,0.0
2025-09-03T11:46:53Z,15423.0,15423.4,432,1539.98456,1511.88925,,,,,,,,,,,,,,,1539.98456,2.252630000000181,0.001878082338764606,2.703399999989358,1512.9332949999998,1.0400499999998374,0.0008819388804777862,23.13474999991623,,,,2.4970921568536397,,,,3.809383333319488,,,,-0.4637659340642415,,,,-0.11600274725230975,,,,0.8148479999970277,,,,0.7518283333306002,,,,-0.11967924865788149,,,,0.0,,,,0.0,,,,0.0,,,,0.0,,,,0.0,,,,0.0,,,,0.0
2025-09-03T11:46:53Z,15423.0,15423.5,433,1540.23068,,,,,,,,,,,,,,,,1540.23068,2.4987499999999727,0.002083279652667163,2.4528999999906222,1516.5162,4.622955000000047,0.003920161297245194,30.608824999889126,1526.5039,14.340754999999945,0.012158465436831726,1.248546078426827,,,,3.809383333319488,,,,-0.4637659340642415,,,,-0.11600274725233817,,,,0.8148479999970419,,,,0.7518283333305931,,,,-0.11967924865787616,,,,0.0,,,,0.0,,,,0.0,,,,0.0,,,,0.0,,,,0.0,,,,0.0
2025-09-03T11:46:53Z,15423.0,15423.6,434,1540.47514,1519.05506,,,,,,,,,,,,,,,1540.47514,2.74321000000009,0.002287092976885778,2.4282499999915554,1519.05506,7.161814999999933,0.0060730571638766846,12.694299999953252,1526.5039,14.340754999999945,0.012158465436831726,0.0,,,,3.809383333319502,,,,-0.4637659340642699,,,,-0.11600274725230975,,,,0.8148479999970348,,,,0.7518283333306002,,,,-0.11967924865788326,,,,0.0,,,,0.0,,,,0.0,,,,0.0,,,,0.0,,,,0.0,,,,0.0
2025-09-03T11:46:54Z,15423.0,15423.7,435,1540.71633,1528.23203,1526.5039,,,,,,,,,,,,,,1540.71633,2.9844000000000506,0.0024881800081721075,2.4425000000135384,1519.05506,7.161814999999933,0.0060730571638766846,8.75972500020817,1526.5039,14.340754999999945,0.012158465436831726,-10.548475000248807,,,,3.8093833333541482,,,,-0.4637659340684763,,,,-0.11600274725336135,,,,0.8148480000044458,,,,0.7518283333374356,,,,-0.1196792486589704,,,,0.0,,,,0.0,,,,0.0,,,,0.0,,,,0.0,,,,0.0,,,,0.0
2025-09-03T11:46:54Z,15423.0,15423.8,436,1540.96364,,,,,,,,,,,,,,,,1540.96364,3.231710000000021,0.0026943694592580746,2.3069500000152967,1520.8070050000001,8.913760000000138,0.007558666905676673,16.407600000110897,1524.394205,12.23106000000007,0.010369811091941567,-10.5484750002488,,,,3.8093833333541625,,,,-0.46376593406850475,,,,-0.11600274725338977,,,,0.8148480000044529,,,,0.7518283333374427,,,,-0.11967924865896684,,,,0.0,,,,0.0,,,,0.0,,,,0.0,,,,0.0,,,,0.0,,,,0.0
2025-09-03T11:46:54Z,15423.0,15423.9,437,1541.17772,1511.66545,,,,,,,,,,,,,,,1541.17772,3.445789999999988,0.002872854104798014,2.0891499999928698,1522.3365800000001,10.443335000000161,0.008855711916115633,6.536024999975417,1524.394205,12.23106000000007,0.010369811091941567,-10.548474999962131,,,,3.809383333319488,,,,-0.4637659340642699,,,,-0.11600274725230975,,,,0.8148479999970348,,,,0.7518283333305931,,,,-0.11967924865788149,,,,0.0,,,,0.0,,,,0.0,,,,0.0,,,,0.0,,,,0.0,,,,0.0
2025-09-03T11:46:54Z,15424.0,15424.0,438,1541.38147,1522.55895,1522.28451,,,,,,,,,,,,,,1541.38147,3.6495400000001155,0.003042726332604399,1.9375499999930526,1522.11421,10.220964999999978,0.008667147184754606,-1.841449999993877,1522.28451,10.121364999999969,0.008581156747051214,-10.548474999962131,,,,3.809383333319488,,,,-0.4637659340642415,,,,-0.11600274725233817,,,,0.8148479999970277,,,,0.7518283333305931,,,,-0.11967924865788149,,,,0.0,,,,0.0,,,,0.0,,,,0.0,,,,0.0,,,,0.0,,,,0.0
2025-09-03T11:46:54Z,15424.0,15424.1,439,1541.56523,1522.11421,,,,,,,,,,,,,,,1541.56523,3.8333000000000084,0.003195932323189251,2.1134999999926976,1521.96829,10.075045000000046,0.008543410324565884,1.1118499999968705,1522.28451,10.121364999999969,0.008581156747051214,0.0,,,,3.809383333319502,,,,-0.4637659340642415,,,,-0.11600274725230975,,,,0.8148479999970277,,,,0.7518283333306002,,,,-0.11967924865788326,,,,0.0,,,,0.0,,,,0.0,,,,0.0,,,,0.0,,,,0.0,,,,0.0
2025-09-03T11:46:54Z,15424.0,15424.2,440,1541.80417,,,,,,,,,,,,,,,,1541.80417,4.072240000000193,0.00339514346484355,2.439800000015019,1522.3365800000001,10.443335000000161,0.008855711916115633,31.42607500067667,1522.28451,10.121364999999969,0.008581156747051214,72.40265000171232,,,,3.8093833333541482,,,,-0.4637659340684763,,,,-0.11600274725338977,,,,0.8148480000044458,,,,0.7518283333374427,,,,-0.1196792486589704,,,,0.0,,,,0.0,,,,0.0,,,,0.0,,,,0.0,,,,0.0,,,,0.0
2025-09-03T11:46:54Z,15424.0,15424.3,441,1542.05319,1521.82237,,,,,,,,,,,,,,,1542.05319,4.321260000000166,0.0036027585920500043,2.213200000017032,1528.2535050000001,16.360260000000153,0.013873130511732992,28.855025000709176,1536.76504,24.601895000000013,0.02085812706779138,20.6823000023715,1534.64947,14.388384999999971,0.012133868069047756,-54.936683332564726,,,,-0.4637659340684763,,,,-0.11600274725338977,,,,0.8148480000044529,,,,0.7518283333374285,,,,-0.11967924865896684,,,,0.0,,,,0.0,,,,0.0,,,,0.0,,,,0.0,,,,0.0,,,,0.0
2025-09-03T11:46:54Z,15424.0,15424.4,442,1542.24681,1534.3928,,,,,,,,,,,,,,,1542.24681,4.514880000000176,0.003764185147867689,1.646899999993515,1528.1075850000002,16.21434000000022,0.01374939365154427,-32.155674999883225,1526.4209700000001,14.257825000000139,0.012088155223828707,-51.72034999981122,1523.281195,3.0201099999999315,0.0025468887782757457,-56.841374999793416,1511.91292,-26.715239999999994,-0.022260289121646966,-0.23188296703210654,1510.14778,-26.632640000000038,-0.022218145033634867,-0.05800137362615487,,,,0.8148479999970348,,,,0.7518283333305931,,,,-0.11967924865788149,,,,0.0,,,,0.0,,,,0.0,,,,0.0,,,,0.0,,,,0.0,,,,0.0
2025-09-03T11:46:54Z,15424.0,15424.5,443,1542.38257,1538.61665,1536.76504,1534.64947,,,,,,,,,,,,,1542.38257,4.650640000000067,0.0038773721596319197,1.5106999999945465,1521.82237,9.929125000000113,0.008419673464377163,-52.96122499980871,1526.4209700000001,14.257825000000139,0.012088155223828707,0.0,1523.281195,3.0201099999999315,0.0025468887782757457,0.0,1511.91292,-26.715239999999994,-0.022260289121646966,0.0,1510.14778,-26.632640000000038,-0.022218145033634867,0.0,,,,0.8148479999970348,,,,0.7518283333306073,,,,-0.11967924865788149,,,,0.0,,,,0.0,,,,0.0,,,,0.0,,,,0.0,,,,0.0,,,,0.0
2025-09-03T11:46:54Z,15424.0,15424.6,444,1542.54895,1516.0769,1516.0769,1511.91292,1511.91292,1510.14778,,,,,,,,,,,1542.54895,4.817020000000184,0.004016087944968993,1.4906499999940799,1517.51534,5.622094999999945,0.004767409422855138,-21.535149999922492,1526.4209700000001,14.257825000000139,0.012088155223828707,0.0,1523.281195,3.0201099999999315,0.0025468887782757457,0.0,1511.91292,-26.715239999999994,-0.022260289121646966,0.0,1510.14778,-26.632640000000038,-0.022218145033634867,0.0,,,,0.8148479999970419,,,,0.7518283333306073,,,,-0.11967924865787793,,,,0.0,,,,0.0,,,,0.0,,,,0.0,,,,0.0,,,,0.0,,,,0.0
2025-09-03T11:46:55Z,15424.0,15424.7,445,1542.6807,1510.13765,,,,,,,,,,,,,,,1542.6807,4.948769999999968,0.00412593170454416,1.3601500000074935,1517.51534,5.622094999999945,0.004767409422855138,0.0,1526.4209700000001,14.257825000000139,0.012088155223828707,-51.72035000122353,1523.281195,3.0201099999999315,0.0025468887782757457,-56.84137500134432,1511.91292,-26.715239999999994,-0.022260289121646966,2.842170943040401e-14,1510.14778,-26.632640000000038,-0.022218145033634867,0.0,,,,0.8148480000044387,,,,0.7518283333374285,,,,-0.11967924865897217,,,,0.0,,,,0.0,,,,0.0,,,,0.0,,,,0.0,,,,0.0,,,,0.0
2025-09-03T11:46:55Z,15424.0,15424.8,446,1542.82098,1517.51534,,,,,,,,,,,,,,,1542.82098,5.089050000000043,0.004242887170147486,1.2964000000100953,1517.51534,5.622094999999945,0.004767409422855138,12.267499999844183,1516.0769,3.9137550000000374,0.003318183379865843,-32.260650001471426,1511.91292,-8.348165000000108,-0.007040090512496266,-24.364775001757877,1511.91292,-26.715239999999994,-0.022260289121646966,30.026149999617573,1510.14778,-26.632640000000038,-0.022218145033634867,1.168278508757055,,,,0.8148480000044387,,,,0.7518283333374285,,,,-0.1196792486589704,,,,0.0,,,,0.0,,,,0.0,,,,0.0,,,,0.0,,,,0.0,,,,0.0
2025-09-03T11:46:55Z,15424.0,15424.9,447,1542.93998,1522.09534,,,,,,,,,,,,,,,1542.93998,5.208050000000185,0.004342100888473725,1.2349499999959868,1519.96884,8.075595000000021,0.006847921939803991,12.26749999995575,1519.96884,7.805695000000014,0.006617871434798988,-3.578199999986454,1518.40824,-1.8528450000001158,-0.0015625226029464905,11.856724999956963,1517.91815,-20.71001000000001,-0.01725647272164503,30.026149999890677,,,,2.336557017535341,,,,0.8148479999970348,,,,0.7518283333306002,,,,-0.11967924865787793,,,,0.0,,,,0.0,,,,0.0,,,,0.0,,,,0.0,,,,0.0,,,,0.0
2025-09-03T11:46:55Z,15425.0,15425.0,448,1543.06797,1523.84852,,,,,,,,,,,,,,,1543.06797,5.336040000000139,0.00444880982804142,1.0919499999960252,1519.96884,8.075595000000021,0.006847921939803991,5.31624999998143,1515.3612600000001,3.1981150000001435,0.002711445156863428,-23.03789999991554,1514.284265,-5.976820000000089,-0.005040311706452617,-20.619874999924853,1517.91815,-20.71001000000001,-0.01725647272164503,0.0,,,,2.336557017535341,,,,0.8148479999970348,,,,0.7518283333306002,,,,-0.11967924865788326,,,,0.0,,,,0.0,,,,0.0,,,,0.0,,,,0.0,,,,0.0,,,,0.0
2025-09-03T11:46:55Z,15425.0,15425.1,449,1543.15837,1519.96884,1519.96884,1518.40824,1517.91815,,,,,,,,,,,,1543.15837,5.426440000000184,0.004524178904820293,0.7367999999969967,1521.0320900000002,9.138845000000174,0.007749533895641006,-20.19539999992659,1515.3612600000001,3.1981150000001435,0.002711445156863428,0.0,1514.284265,-5.976820000000089,-0.005040311706452617,0.0,1517.91815,-20.71001000000001,-0.01725647272164503,0.0,,,,2.336557017535341,,,,0.8148479999970419,,,,0.7518283333305931,,,,-0.11967924865788326,,,,0.0,,,,0.0,,,,0.0,,,,0.0,,,,0.0,,,,0.0,,,,0.0
2025-09-03T11:46:55Z,15425.0,15425.2,450,1543.21533,1511.89068,1510.75368,1510.16029,,,,,,,,,,,,,1543.21533,5.483400000000074,0.00457166809302067,0.7582000000066493,1515.92976,4.0365150000000085,0.0034228734389042405,-36.59754999993863,1515.3612600000001,3.1981150000001435,0.002711445156863428,0.0,1514.284265,-5.976820000000089,-0.005040311706452617,-3.552713678800501e-15,1517.91815,-20.71001000000001,-0.01725647272164503,0.0,,,,2.3365570175565864,,,,0.8148480000044458,,,,0.7518283333374285,,,,-0.11967924865896684,,,,0.0,,,,0.0,,,,0.0,,,,0.0,,,,0.0,,,,0.0,,,,0.0
2025-09-03T11:46:55Z,15425.0,15425.3,451,1543.31001,,,,,,,,,,,,,,,,1543.31001,5.57808,0.004650605528744282,0.8365500000067847,1513.71258,1.81933499999991,0.0015427549378532039,-11.085900000262638,1515.3612600000001,3.1981150000001435,0.002711445156863428,-23.03789999970715,1514.284265,-5.976820000000089,-0.005040311706452617,-20.619874999737313,1517.91815,-20.71001000000001,-0.01725647272164503,2.4780624999685017,,,,2.3365570175566006,,,,0.8148480000044458,,,,0.7518283333374285,,,,-0.11967924865896862,,,,0.0,,,,0.0,,,,0.0,,,,0.0,,,,0.0,,,,0.0,,,,0.0
2025-09-03T11:46:55Z,15425.0,15425.4,452,1543.38264,1511.65377,,,,,,,,,,,,,,,1543.38264,5.650710000000117,0.004711159246072331,0.7243499999977772,1513.71258,1.81933499999991,0.0015427549378532039,16.42954999994052,1510.75368,-1.4094649999999547,-0.0011949811210723246,7.727633333304622,1510.16029,-10.100795000000062,-0.008518100809958743,-13.181779545406432,,,,4.956124999982094,,,,2.336557017535341,,,,0.8148479999970277,,,,0.7518283333306002,,,,-0.11967924865788149,,,,0.0,,,,0.0,,,,0.0,,,,0.0,,,,0.0,,,,0.0,,,,0.0
2025-09-03T11:46:55Z,15425.0,15425.5,453,1543.45488,1515.53448,,,,,,,,,,,,,,,1543.45488,5.722950000000083,0.004771387809197335,0.7421499999971104,1516.99849,5.105244999999968,0.00432913231081726,23.74959999991461,,,,61.5310666664426,,,,14.876190909036836,,,,4.956124999982094,,,,2.336557017535341,,,,0.8148479999970277,,,,0.7518283333306002,,,,-0.11967924865787793,,,,0.0,,,,0.0,,,,0.0,,,,0.0,,,,0.0,,,,0.0,,,,0.0
2025-09-03T11:46:55Z,15425.0,15425.6,454,1543.53107,1518.4625,,,,,,,,,,,,,,,1543.53107,5.7991400000000795,0.004834909600787813,0.5074999999980925,1518.4625,6.569255000000112,0.005570579683932603,24.086249999912663,,,,61.5310666664426,,,,14.876190909036843,,,,4.95612499998208,,,,2.3365570175353554,,,,0.8148479999970419,,,,0.7518283333305931,,,,-0.11967924865788149,,,,0.0,,,,0.0,,,,0.0,,,,0.0,,,,0.0,,,,0.0,,,,0.0
2025-09-03T11:46:56Z,15425.0,15425.7,455,1543.55638,1521.81574,,,,,,,,,,,,,,,1543.55638,5.82445000000007,0.004856011274828428,0.33960000000321955,1521.81574,9.922495000000026,0.008414051374306834,35.82690000023681,1529.213,17.04985499999998,0.014455310945657543,30.765533332941494,,,,14.876190909172141,,,,4.956125000027171,,,,2.3365570175566006,,,,0.8148480000044458,,,,0.7518283333374285,,,,-0.1196792486589704,,,,0.0,,,,0.0,,,,0.0,,,,0.0,,,,0.0,,,,0.0,,,,0.0
2025-09-03T11:46:56Z,15425.0,15425.8,456,1543.59899,1525.62788,,,,,,,,,,,,,,,1543.59899,5.867060000000038,0.004891536455818956,0.35025000000347717,1525.62788,13.734635000000026,0.011646659887190939,38.9974000001964,1529.213,17.04985499999998,0.014455310945657543,0.0,,,,14.876190909172138,,,,4.956125000027171,,,,2.3365570175565864,,,,0.8148480000044529,,,,0.7518283333374356,,,,-0.11967924865896684,,,,0.0,,,,0.0,,,,0.0,,,,0.0,,,,0.0,,,,0.0,,,,0.0
2025-09-03T11:46:56Z,15425.0,15425.9,457,1543.62643,1529.61522,1529.213,,,,,,,,,,,,,,1543.62643,5.894500000000107,0.004914413972044802,0.21484999999906051,1529.61522,17.72197499999993,0.015027834038130568,38.563449999860026,1529.213,17.04985499999998,0.014455310945657543,0.0,,,,14.876190909036843,,,,4.956124999982066,,,,2.336557017535341,,,,0.8148479999970277,,,,0.7518283333306073,,,,-0.11967924865788149,,,,0.0,,,,0.0,,,,0.0,,,,0.0,,,,0.0,,,,0.0,,,,0.0
2025-09-03T11:46:56Z,15426.0,15426.0,458,1543.64196,1533.34057,,,,,,,,,,,,,,,1543.64196,5.910030000000006,0.004927361779150639,0.14474999999895033,1533.34057,21.44732500000009,0.0181868465936698,31.368224999885825,1529.213,17.04985499999998,0.014455310945657543,0.0,,,,14.876190909036843,,,,4.95612499998208,,,,2.336557017535341,,,,0.8148479999970348,,,,0.7518283333305931,,,,-0.11967924865788149,,,,0.0,,,,0.0,,,,0.0,,,,0.0,,,,0.0,,,,0.0,,,,0.0
2025-09-03T11:46:56Z,15426.0,15426.1,459,1543.65538,1538.43716,,,,,,,,,,,,,,,1543.65538,5.9234500000000025,0.004938550418645902,0.12400000000025457,1535.888865,23.995619999999917,0.02034774312693968,25.482949999906694,1529.213,17.04985499999998,0.014455310945657543,-3.3611249999876094,,,,14.876190909036838,,,,4.956124999982094,,,,2.3365570175353554,,,,0.8148479999970419,,,,0.7518283333305931,,,,-0.11967924865788504,,,,0.0,,,,0.0,,,,0.0,,,,0.0,,,,0.0,,,,0.0,,,,0.0
2025-09-03T11:46:56Z,15426.0,15426.2,460,1543.66676,1540.76437,,,,,,,,,,,,,,,1543.66676,5.934830000000147,0.004948038251541411,5.097500000119009,1538.43716,26.54391499999997,0.022508639660209752,24.377525000113934,,,,-6.722250000036382,,,,14.876190909172138,,,,4.956125000027157,,,,2.3365570175566006,,,,0.8148480000044458,,,,0.7518283333374427,,,,-0.11967924865896862,,,,0.0,,,,0.0,,,,0.0,,,,0.0,,,,0.0,,,,0.0,,,,0.0
2025-09-03T11:46:56Z,15426.0,15426.3,461,1544.67488,,,,,,,,,,,,,,,,1544.67488,6.94295000000011,0.005788536854221457,15.449749999986878,1540.76437,28.87112500000012,0.02448206111306025,26.64230000008496,,,,-6.722250000036382,,,,14.876190909172136,,,,4.956125000027157,,,,2.3365570175566006,,,,0.8148480000044458,,,,0.7518283333374427,,,,-0.11967924865896507,,,,0.0,,,,0.0,,,,0.0,,,,0.0,,,,0.0,,,,0.0,,,,0.0
2025-09-03T11:46:56Z,15426.0,15426.4,462,1546.75671,,,,,,,,,,,,,,,,1546.75671,9.024780000000192,0.007524218326682606,10.409149999962544,1543.7656200000001,31.872375000000147,0.027027053243279368,-16.25427499994086,,,,-6.722249999975233,,,,14.876190909036847,,,,4.956124999982094,,,,2.336557017535341,,,,0.8148479999970135,,,,0.7518283333305931,,,,-0.11967924865788149,,,,0.0,,,,0.0,,,,0.0,,,,0.0,,,,0.0,,,,0.0,,,,0.0
2025-09-03T11:46:56Z,15426.0,15426.5,463,1548.56947,1546.76687,,,,,,,,,,,,,,,1546.75671,9.024780000000192,0.007524218326682606,0.0,1537.513515,25.62027000000012,0.021725409587368155,-77.5272999997184,1526.5241,14.360955000000104,0.012175591522719529,-18.658199999932833,1526.5241,6.263014999999996,0.005281662794293261,7.438095454518429,1523.8655,-14.762659999999869,-0.012300884431679069,2.47806249999104,,,,2.336557017535341,,,,0.8148479999970348,,,,0.7518283333305931,,,,-0.11967924865788504,,,,0.0,,,,0.0,,,,0.0,,,,0.0,,,,0.0,,,,0.0,,,,0.0
2025-09-03T11:46:56Z,15426.0,15426.6,464,1548.43778,,,,,,,,,,,,,,,,1546.75671,9.024780000000192,0.007524218326682606,-25.997449999906404,1528.26016,16.366915000000063,0.013878773801237825,-46.266774999831966,1523.464685,11.301539999999932,0.009581739836777835,-15.29707499994521,1526.5241,6.263014999999996,0.005281662794293261,0.0,1523.8655,-14.762659999999869,-0.012300884431679069,0.0,,,,2.3365570175353554,,,,0.8148479999970419,,,,0.7518283333306002,,,,-0.11967924865787793,,,,0.0,,,,0.0,,,,0.0,,,,0.0,,,,0.0,,,,0.0,,,,0.0
2025-09-03T11:46:57Z,15426.0,15426.7,465,1541.55722,1528.26016,1526.5241,1526.5241,1523.8655,,,,,,,,,,,,1541.55722,3.8252899999999954,0.003189254156098549,-28.37819999972606,1528.26016,16.366915000000063,0.013878773801237825,-37.22355000088016,1523.464685,11.301539999999932,0.009581739836777835,7.105427357601002e-15,1526.5241,6.263014999999996,0.005281662794293261,0.0,1523.8655,-14.762659999999869,-0.012300884431679069,0.0,,,,2.3365570175566006,,,,0.8148480000044529,,,,0.7518283333374427,,,,-0.11967924865896862,,,,0.0,,,,0.0,,,,0.0,,,,0.0,,,,0.0,,,,0.0,,,,0.0
2025-09-03T11:46:57Z,15426.0,15426.8,466,1541.08107,1520.81545,1520.40527,,,,,,,,,,,,,,1541.08107,3.349140000000034,0.0027922742234852823,-3.738950000038482,1520.81545,8.922205000000076,0.007565828074702759,-47.94120000074397,1523.464685,11.301539999999932,0.009581739836777835,-7.105427357601002e-15,1526.5241,6.263014999999996,0.005281662794293261,0.0,1523.8655,-14.762659999999869,-0.012300884431679069,0.0,,,,2.3365570175566006,,,,0.8148480000044529,,,,0.7518283333374285,,,,-0.11967924865897217,,,,0.0,,,,0.0,,,,0.0,,,,0.0,,,,0.0,,,,0.0,,,,0.0
2025-09-03T11:46:57Z,15426.0,15426.9,467,1540.80943,,,,,,,,,,,,,,,,1540.80943,3.0775000000001,0.002565800152509644,-2.5629499999909022,1518.67192,6.778675000000021,0.0057481631081426,-21.43529999992257,1523.464685,11.301539999999932,0.009581739836777835,-15.297074999944073,1526.5241,6.263014999999996,0.005281662794293261,0.5513363013678436,1523.8655,-14.762659999999869,-0.012300884431679069,0.8015349462336445,,,,2.336557017535341,,,,0.8148479999970348,,,,0.7518283333306002,,,,-0.11967924865787793,,,,0.0,,,,0.0,,,,0.0,,,,0.0,,,,0.0,,,,0.0,,,,0.0
2025-09-03T11:46:57Z,15427.0,15427.0,468,1540.56848,1516.23822,,,,,,,,,,,,,,,1540.56848,2.8365499999999884,0.002364913216117291,-2.557299999990409,1516.52839,4.635144999999966,0.003930498141582441,-10.717649999961289,1520.40527,8.242124999999987,0.006987888150836334,15.227974999944848,,,,1.1026726027356908,,,,1.6030698924672748,,,,2.336557017535341,,,,0.8148479999970348,,,,0.7518283333306002,,,,-0.11967924865788504,,,,0.0,,,,0.0,,,,0.0,,,,0.0,,,,0.0,,,,0.0,,,,0.0
2025-09-03T11:46:57Z,15427.0,15427.1,469,1540.29797,1516.52839,,,,,,,,,,,,,,,1540.29797,2.5660400000001573,0.0021393812586014737,-2.6526999999902188,1516.52839,4.635144999999966,0.003930498141582441,29.247149999893516,1526.51028,14.34713499999998,0.01216387456692895,29.369124999892648,,,,1.1026726027356943,,,,1.6030698924672748,,,,2.3365570175353554,,,,0.8148479999970206,,,,0.7518283333306002,,,,-0.11967924865788149,,,,0.0,,,,0.0,,,,0.0,,,,0.0,,,,0.0,,,,0.0,,,,0.0
2025-09-03T11:46:57Z,15427.0,15427.2,470,1540.03794,,,,,,,,,,,,,,,,1540.03794,2.3060100000000148,0.001922586778127899,-2.4315500000102137,1522.37782,10.48457499999995,0.00889068250352078,34.775899999757975,1526.2790949999999,14.115949999999884,0.011967869905248646,-1.155924999985757,,,,1.102672602745713,,,,1.6030698924818552,,,,2.3365570175566006,,,,0.8148480000044458,,,,0.7518283333374285,,,,-0.11967924865896862,,,,0.0,,,,0.0,,,,0.0,,,,0.0,,,,0.0,,,,0.0,,,,0.0
2025-09-03T11:46:57Z,15427.0,15427.3,471,1539.81166,1528.24832,1526.51028,,,,,,,,,,,,,,1539.81166,2.079730000000154,0.0017339306421378078,-2.2882500000111765,1523.4835699999999,11.590324999999893,0.009828333498269509,29.247149999828657,1526.2790949999999,14.115949999999884,0.011967869905248646,0.0,,,,1.10267260274572,,,,1.6030698924818552,,,,2.3365570175566006,,,,0.8148480000044458,,,,0.7518283333374285,,,,-0.11967924865897217,,,,0.0,,,,0.0,,,,0.0,,,,0.0,,,,0.0,,,,0.0,,,,0.0
2025-09-03T11:46:57Z,15427.0,15427.4,472,1539.58029,1528.22725,1526.04791,,,,,,,,,,,,,,1539.58029,1.8483600000001843,0.0015410308269351888,-1.9525499999937814,1528.22725,16.334004999999934,0.01385086686545912,23.718399999913906,1526.2790949999999,14.115949999999884,0.011967869905248646,0.0,,,,1.1026726027356872,,,,1.6030698924672748,,,,2.336557017535341,,,,0.8148479999970419,,,,0.7518283333306002,,,,-0.11967924865788149,,,,0.0,,,,0.0,,,,0.0,,,,0.0,,,,0.0,,,,0.0,,,,0.0
2025-09-03T11:46:57Z,15427.0,15427.5,473,1539.42115,1518.73989,,,,,,,,,,,,,,,1539.42115,1.6892199999999775,0.0014083512375701517,-1.7239499999942423,1528.22725,16.334004999999934,0.01385086686545912,-47.43679999982668,1526.2790949999999,14.115949999999884,0.011967869905248646,-1.1559249999951362,,,,1.1026726027356943,,,,1.603069892467289,,,,2.3365570175353554,,,,0.8148479999970348,,,,0.7518283333306002,,,,-0.11967924865787793,,,,0.0,,,,0.0,,,,0.0,,,,0.0,,,,0.0,,,,0.0,,,,0.0
2025-09-03T11:46:57Z,15427.0,15427.6,474,1539.2355,,,,,,,,,,,,,,,,1539.2355,1.5035700000000816,0.0012535694996942352,-1.8998499999928748,1518.73989,6.8466450000000805,0.00580580013108009,-60.612999999779085,1526.04791,13.884765000000016,0.011771865243568536,-16.496624999939478,,,,1.1026726027356943,,,,1.6030698924672748,,,,2.3365570175353554,,,,0.8148479999970348,,,,0.7518283333305966,,,,-0.11967924865788149,,,,0.0,,,,0.0,,,,0.0,,,,0.0,,,,0.0,,,,0.0,,,,0.0
2025-09-03T11:46:58Z,15427.0,15427.7,475,1539.04118,,,,,,,,,,,,,,,,1539.04118,1.30925000000002,0.0010915593337687062,-1.8927500000089337,1516.10465,4.211405000000013,0.00357117620397014,-26.352400000144474,,,,-30.681400000167706,,,,1.102672602745713,,,,1.6030698924818552,,,,2.3365570175566006,,,,0.8148480000044529,,,,0.751828333337432,,,,-0.11967924865897217,,,,0.0,,,,0.0,,,,0.0,,,,0.0,,,,0.0,,,,0.0,,,,0.0
2025-09-03T11:46:58Z,15427.0,15427.8,476,1538.85695,1513.46941,,,,,,,,,,,,,,,1538.85695,1.1250200000001769,0.0009379614906829437,-1.9393500000089219,1513.46941,1.5761649999999463,0.0013365522768601895,-21.50062500020548,,,,-30.681400000167713,,,,1.10267260274572,,,,1.603069892481841,,,,2.3365570175566006,,,,0.8148480000044316,,,,0.751828333337432,,,,-0.11967924865896507,,,,0.0,,,,0.0,,,,0.0,,,,0.0,,,,0.0,,,,0.0,,,,0.0
2025-09-03T11:46:58Z,15427.0,15427.9,477,1538.65331,,,,,,,,,,,,,,,,1538.65331,0.9213799999999992,0.0007681809730363141,-1.8936999999936468,1511.804525,-0.0887199999999666,-7.523255370027592e-05,0.0,,,,-30.68139999988866,,,,1.1026726027356943,,,,1.6030698924672748,,,,2.336557017535341,,,,0.8148479999970419,,,,0.7518283333305931,,,,-0.11967924865788504,,,,0.0,,,,0.0,,,,0.0,,,,0.0,,,,0.0,,,,0.0,,,,0.0
2025-09-03T11:46:58Z,15428.0,15428.0,478,1538.47821,,,,,,,,,,,,,,,,1538.47821,0.7462800000000698,0.0006221950732136519,-1.7398499999938308,1513.46941,1.5761649999999463,0.0013365522768601895,6.889274999974708,1513.77535,1.6122049999999035,0.0013668693712141512,-15.340699999944333,,,,1.1026726027356943,,,,1.6030698924672748,,,,2.336557017535341,,,,0.8148479999970348,,,,0.7518283333306108,,,,-0.11967924865788149,,,,0.0,,,,0.0,,,,0.0,,,,0.0,,,,0.0,,,,0.0,,,,0.0
2025-09-03T11:46:58Z,15428.0,15428.1,479,1538.30534,1510.13964,,,,,,,,,,,,,,,1538.30534,0.5734099999999671,0.0004780683884485532,-1.8450999999937443,1513.18238,1.2891349999999875,0.001093157327710108,-1.4351499999945725,1513.77535,1.6122049999999035,0.0013668693712141512,0.0,,,,1.1026726027356872,,,,1.6030698924672748,,,,2.3365570175353554,,,,0.8148479999970348,,,,0.7518283333306108,,,,-0.11967924865787793,,,,0.0,,,,0.0,,,,0.0,,,,0.0,,,,0.0,,,,0.0,,,,0.0
2025-09-03T11:46:58Z,15428.0,15428.2,480,1538.10919,1516.04256,1513.77535,,,,,,,,,,,,,,1538.10919,0.3772599999999784,0.0003145324989555487,-1.6204000000019738,1513.18238,1.2891349999999875,0.001093157327710108,0.0,1513.77535,1.6122049999999035,0.0013668693712141512,-1.7763568394002505e-15,,,,1.10267260274572,,,,1.6030698924818552,,,,2.3365570175566006,,,,0.8148480000044458,,,,0.751828333337432,,,,-0.11967924865896862,,,,0.0,,,,0.0,,,,0.0,,,,0.0,,,,0.0,,,,0.0,,,,0.0
2025-09-03T11:46:58Z,15428.0,15428.3,481,1537.98126,1513.18238,,,,,,,,,,,,,,,1537.98126,0.24933000000009997,0.00020787358311144278,-0.7652500000129951,1513.18238,1.2891349999999875,0.001093157327710108,7.150449999909273,1513.77535,1.6122049999999035,0.0013668693712141512,1.7763568394002505e-15,,,,1.10267260274572,,,,1.603069892481848,,,,2.3365570175566006,,,,0.8148480000044493,,,,0.751828333337432,,,,-0.11967924865896862,,,,0.0,,,,0.0,,,,0.0,,,,0.0,,,,0.0,,,,0.0,,,,0.0
2025-09-03T11:46:58Z,15428.0,15428.4,482,1537.95614,,,,,,,,,,,,,,,,1537.95614,0.22421000000008462,0.00018693031752863872,-0.1307499999991042,1514.61247,2.7192250000000513,0.0023058413078867637,0.0,1513.77535,1.6122049999999035,0.0013668693712141512,0.04846960784296783,,,,1.1026726027356943,,,,1.6030698924672748,,,,2.336557017535341,,,,0.8148479999970419,,,,0.7518283333305931,,,,-0.11967924865788149,,,,0.0,,,,0.0,,,,0.0,,,,0.0,,,,0.0,,,,0.0,,,,0.0
2025-09-03T11:46:58Z,15428.0,15428.5,483,1537.95511,,,,,,,,,,,,,,,,1537.95511,0.223180000000184,0.00018607157694152908,-0.0445999999997837,1513.18238,1.2891349999999875,0.001093157327710108,-6.831494047594518,,,,0.09693921568593566,,,,1.1026726027356943,,,,1.603069892467282,,,,2.3365570175353696,,,,0.8148479999970171,,,,0.7518283333305931,,,,-0.11967924865788149,,,,0.0,,,,0.0,,,,0.0,,,,0.0,,,,0.0,,,,0.0,,,,0.0
2025-09-03T11:46:58Z,15428.0,15428.6,484,1537.94722,,,,,,,,,,,,,,,,1537.94722,0.21529000000009546,0.00017949345729781582,-0.05960000000051102,,,,0.6379119047595738,,,,0.09693921568593389,,,,1.1026726027356872,,,,1.6030698924672677,,,,2.3365570175353554,,,,0.8148479999970348,,,,0.7518283333305931,,,,-0.11967924865787793,,,,0.0,,,,0.0,,,,0.0,,,,0.0,,,,0.0,,,,0.0,,,,0.0
2025-09-03T11:46:59Z,15428.0,15428.7,485,1537.94319,,,,,,,,,,,,,,,,1537.94319,0.21126000000003842,0.000176133530534287,-0.049150000000256044,,,,0.6379119047653763,,,,0.09693921568681496,,,,1.1026726027457272,,,,1.6030698924818552,,,,2.3365570175565864,,,,0.8148480000044493,,,,0.751828333337432,,,,-0.11967924865896862,,,,0.0,,,,0.0,,,,0.0,,,,0.0,,,,0.0,,,,0.0,,,,0.0
2025-09-03T11:46:59Z,15428.0,15428.8,486,1537.93739,,,,,,,,,,,,,,,,1537.93739,0.2054600000001301,0.00017129790392687183,-0.044550000000559864,,,,0.6379119047653763,,,,0.09693921568681496,,,,1.1026726027457272,,,,1.603069892481848,,,,2.3365570175566006,,,,0.8148480000044458,,,,0.7518283333374285,,,,-0.11967924865896862,,,,0.0,,,,0.0,,,,0.0,,,,0.0,,,,0.0,,,,0.0,,,,0.0
2025-09-03T11:46:59Z,15428.0,15428.9,487,1537.93428,,,,,,,,,,,,,,,,1537.93428,0.202350000000024,0.00016870500759069736,-0.02294999999995362,,,,0.6379119047595747,,,,0.09693921568593566,,,,1.1026726027356872,,,,1.6030698924672677,,,,2.3365570175353554,,,,0.8148479999970384,,,,0.7518283333306108,,,,-0.11967924865787793,,,,0.0,,,,0.0,,,,0.0,,,,0.0,,,,0.0,,,,0.0,,,,0.0
2025-09-03T11:46:59Z,15429.0,15429.0,488,1537.9328,,,,,,,,,,,,,,,,1537.9328,0.20087000000012267,0.00016747108907714384,-0.025600000000074452,,,,0.6379119047595765,,,,0.09693921568593566,,,,1.1026726027356872,,,,1.6030698924672748,,,,2.336557017535341,,,,0.8148479999970348,,,,0.7518283333306108,,,,-0.11967924865788149,,,,0.0,,,,0.0,,,,0.0,,,,0.0,,,,0.0,,,,0.0,,,,0.0
2025-09-03T11:46:59Z,15429.0,15429.1,489,1537.92916,,,,,,,,,,,,,,,,1537.92916,0.19722999999999047,0.0001644363165164699,-0.030800000000569372,,,,0.6379119047595747,,,,0.09693921568593389,,,,1.1026726027356872,,,,1.603069892467282,,,,2.336557017535341,,,,0.8148479999970348,,,,0.7518283333305966,,,,-0.11967924865788149,,,,0.0,,,,0.0,,,,0.0,,,,0.0,,,,0.0,,,,0.0,,,,0.0
2025-09-03T11:46:59Z,15429.0,15429.2,490,1537.92664,,,,,,,,,,,,,,,,1537.92664,0.1947099999999864,0.00016233532012838395,-0.02904999999964386,,,,0.6379119047653763,,,,0.09693921568681674,,,,1.10267260274572,,,,1.603069892481848,,,,2.3365570175566006,,,,0.8148480000044316,,,,0.7518283333374285,,,,-0.11967924865896862,,,,0.0,,,,0.0,,,,0.0,,,,0.0,,,,0.0,,,,0.0,,,,0.0
2025-09-03T11:46:59Z,15429.0,15429.3,491,1537.92335,,,,,,,,,,,,,,,,1537.92335,0.1914200000001074,0.00015959235262182146,-0.026949999999288266,,,,0.6379119047653745,,,,0.09693921568681851,,,,1.10267260274572,,,,1.6030698924818623,,,,2.3365570175566006,,,,0.8148480000044458,,,,0.751828333337432,,,,-0.11967924865897217,,,,0.0,,,,0.0,,,,0.0,,,,0.0,,,,0.0,,,,0.0,,,,0.0
2025-09-03T11:46:59Z,15429.0,15429.4,492,1537.92125,,,,,,,,,,,,,,,,1537.92125,0.1893200000001798,0.0001578415222984797,-0.02135000000058851,,,,0.6379119047595747,,,,0.09693921568593566,,,,1.1026726027356872,,,,1.603069892467282,,,,2.336557017535341,,,,0.8148479999970384,,,,0.7518283333305931,,,,-0.11967924865788149,,,,0.0,,,,0.0,,,,0.0,,,,0.0,,,,0.0,,,,0.0,,,,0.0
2025-09-03T11:46:59Z,15429.0,15429.5,493,1537.91908,,,,,,,,,,,,,,,,1537.91908,0.18714999999997417,0.00015603233096412605,-0.02170000000084038,,,,0.6379119047595747,,,,0.09693921568593566,,,,1.1026726027356872,,,,1.6030698924672677,,,,2.3365570175353554,,,,0.8148479999970348,,,,0.7518283333305931,,,,-0.11967924865787793,,,,0.0,,,,0.0,,,,0.0,,,,0.0,,,,0.0,,,,0.0,,,,0.0
2025-09-03T11:46:59Z,15429.0,15429.6,494,1537.91691,,,,,,,,,,,,,,,,1537.91691,0.18497999999999593,0.000154223139629962,-0.017349999999333288,,,,0.6379119047595747,,,,0.09693921568593389,,,,1.1026726027356872,,,,1.6030698924672677,,,,2.3365570175353554,,,,0.8148479999970348,,,,0.7518283333305931,,,,-0.11967924865788149,,,,0.0,,,,0.0,,,,0.0,,,,0.0,,,,0.0,,,,0.0,,,,0.0
2025-09-03T11:47:00Z,15429.0,15429.7,495,1537.91561,,,,,,,,,,,,,,,,1537.91561,0.18368000000009488,0.000153139292286986,-0.012150000000070493,,,,0.6379119047653781,,,,0.09693921568681674,,,,1.1026726027457272,,,,1.6030698924818552,,,,2.3365570175566006,,,,0.814848000004428,,,,0.7518283333374498,,,,-0.11967924865896862,,,,0.0,,,,0.0,,,,0.0,,,,0.0,,,,0.0,,,,0.0,,,,0.0
2025-09-03T11:47:00Z,15429.0,15429.8,496,1537.91448,,,,,,,,,,,,,,,,1537.91448,0.182549999999992,0.0001521971788271648,-0.01615000000015232,,,,0.6379119047653763,,,,0.09693921568681674,,,,1.1026726027457272,,,,1.603069892481848,,,,2.3365570175566006,,,,0.8148480000044493,,,,0.7518283333374498,,,,-0.11967924865896862,,,,0.0,,,,0.0,,,,0.0,,,,0.0,,,,0.0,,,,0.0,,,,0.0
2025-09-03T11:47:00Z,15429.0,15429.9,497,1537.91238,,,,,,,,,,,,,,,,1537.91238,0.1804500000000644,0.00015044634850382304,-0.020749999999831736,,,,0.6379119047595729,,,,0.09693921568593566,,,,1.1026726027356872,,,,1.6030698924672748,,,,2.3365570175353554,,,,0.8148479999970384,,,,0.7518283333305931,,,,-0.11967924865788149,,,,0.0,,,,0.0,,,,0.0,,,,0.0,,,,0.0,,,,0.0,,,,0.0
2025-09-03T11:47:00Z,15430.0,15430.0,498,1537.91033,,,,,,,,,,,,,,,,1537.91033,0.17840000000001055,0.0001487372046166475,-0.018949999999835376,,,,0.6379119047595729,,,,0.09693921568593566,,,,1.1026726027357014,,,,1.603069892467282,,,,2.3365570175353554,,,,0.8148479999970348,,,,0.7518283333305931,,,,-0.11967924865788149,,,,0.0,,,,0.0,,,,0.0,,,,0.0,,,,0.0,,,,0.0,,,,0.0
2025-09-03T11:47:00Z,15430.0,15430.1,499,1537.90859,,,,,,,,,,,,,,,,1537.90859,0.17666000000008353,0.00014728651663446085,-0.01224999999972265,,,,0.6379119047595765,,,,0.09693921568593389,,,,1.1026726027356943,,,,1.6030698924672677,,,,2.336557017535341,,,,0.8148479999970348,,,,0.7518283333305931,,,,-0.11967924865787793,,,,0.0,,,,0.0,,,,0.0,,,,0.0,,,,0.0,,,,0.0,,,,0.0
2025-09-03T11:47:00Z,15430.0,15430.2,500,1537.90788,,,,,,,,,,,,,,,,1537.90788,0.17595000000005712,0.00014669456923938382,-0.010400000000007181,,,,0.6379119047653763,,,,0.09693921568681674,,,,1.102672602745713,,,,1.6030698924818623,,,,2.3365570175566006,,,,0.8148480000044458,,,,0.751828333337432,,,,-0.11967924865896862,,,,0.0,,,,0.0,,,,0.0,,,,0.0,,,,0.0,,,,0.0,,,,0.0
2025-09-03T11:47:00Z,15430.0,15430.3,501,1537.90651,,,,,,,,,,,,,,,,1537.90651,0.17458000000010543,0.00014555236088558554,-0.013749999999464801,,,,0.6379119047653745,,,,0.09693921568681674,,,,1.10267260274572,,,,1.6030698924818552,,,,2.3365570175566006,,,,0.8148480000044493,,,,0.751828333337432,,,,-0.11967924865897217,,,,0.0,,,,0.0,,,,0.0,,,,0.0,,,,0.0,,,,0.0,,,,0.0
2025-09-03T11:47:00Z,15430.0,15430.4,502,1537.90513,,,,,,,,,,,,,,,,1537.90513,0.173200000000179,0.00014440181524455405,-0.012199999999848998,,,,0.6379119047595765,,,,0.09693921568593566,,,,1.1026726027356801,,,,1.6030698924672748,,,,2.336557017535341,,,,0.8148479999970206,,,,0.7518283333305931,,,,-0.11967924865788504,,,,0.0,,,,0.0,,,,0.0,,,,0.0,,,,0.0,,,,0.0,,,,0.0
2025-09-03T11:47:00Z,15430.0,15430.5,503,1537.90407,,,,,,,,,,,,,,,,1537.90407,0.17214000000012675,0.00014351806279555514,-0.011150000000230142,,,,0.6379119047595765,,,,0.09693921568593389,,,,1.1026726027356943,,,,1.6030698924672677,,,,2.3365570175353554,,,,0.8148479999970348,,,,0.7518283333306108,,,,-0.11967924865788149,,,,0.0,,,,0.0,,,,0.0,,,,0.0,,,,0.0,,,,0.0,,,,0.0
2025-09-03T11:47:00Z,15430.0,15430.6,504,1537.9029,,,,,,,,,,,,,,,,1537.9029,0.17097000000012486,0.00014254260018680093,-0.007249999999859091,,,,0.6379119047595747,,,,0.09693921568593389,,,,1.1026726027357014,,,,1.6030698924672677,,,,2.3365570175353554,,,,0.8148479999970348,,,,0.7518283333306108,,,,-0.11967924865787793,,,,0.0,,,,0.0,,,,0.0,,,,0.0,,,,0.0,,,,0.0,,,,0.0
2025-09-03T11:47:01Z,15430.0,15430.7,505,1537.90262,,,,,,,,,,,,,,,,1537.90262,0.17069000000014967,0.00014230915614370134,-0.011150000000483384,,,,0.6379119047653763,,,,0.09693921568681674,,,,1.102672602745713,,,,1.603069892481848,,,,2.3365570175565935,,,,0.8148480000044458,,,,0.751828333337432,,,,-0.11967924865897217,,,,0.0,,,,0.0,,,,0.0,,,,0.0,,,,0.0,,,,0.0,,,,0.0
2025-09-03T11:47:01Z,15430.0,15430.8,506,1537.90067,,,,,,,,,,,,,,,,1537.90067,0.16874000000007072,0.00014068338512904783,-0.013700000000833934,,,,0.6379119047653763,,,,0.09693921568681674,,,,1.10267260274572,,,,1.6030698924818552,,,,2.3365570175566077,,,,0.8148480000044493,,,,0.7518283333374356,,,,-0.11967924865897217,,,,0.0,,,,0.0,,,,0.0,,,,0.0,,,,0.0,,,,0.0,,,,0.0
2025-09-03T11:47:01Z,15430.0,15430.9,507,1537.89988,,,,,,,,,,,,,,,,1537.89988,0.16795000000001892,0.00014002473943591526,-0.008299999999477947,,,,0.6379119047595765,,,,0.09693921568593566,,,,1.1026726027356872,,,,1.603069892467282,,,,2.3365570175353483,,,,0.8148479999970384,,,,0.7518283333305931,,,,-0.11967924865787793,,,,0.0,,,,0.0,,,,0.0,,,,0.0,,,,0.0,,,,0.0,,,,0.0
2025-09-03T11:47:01Z,15431.0,15431.0,508,1537.89901,,,,,,,,,,,,,,,,1537.89901,0.1670800000001691,0.0001392993954449167,-0.0108499999998517,,,,0.6379119047595729,,,,0.09693921568593389,,,,1.1026726027356872,,,,1.6030698924672677,,,,2.3365570175353483,,,,0.8148479999970348,,,,0.7518283333305931,,,,-0.11967924865788149,,,,0.0,,,,0.0,,,,0.0,,,,0.0,,,,0.0,,,,0.0,,,,0.0
2025-09-03T11:47:01Z,15431.0,15431.1,509,1537.89771,,,,,,,,,,,,,,,,1537.89771,0.16578000000004067,0.00013821554810175118,-0.008500000000109198,,,,0.6379119047595729,,,,0.09693921568593389,,,,1.1026726027356943,,,,1.6030698924672748,,,,2.3365570175353554,,,,0.8148479999970171,,,,0.7518283333305931,,,,-0.11967924865788504,,,,0.0,,,,0.0,,,,0.0,,,,0.0,,,,0.0,,,,0.0,,,,0.0
2025-09-03T11:47:01Z,15431.0,15431.2,510,1537.89731,,,,,,,,,,,,,,,,1537.89731,0.16538000000014108,0.00013788205661166306,-0.008399999999381569,,,,0.6379119047653781,,,,0.09693921568681674,,,,1.102672602745713,,,,1.6030698924818552,,,,2.3365570175566006,,,,0.8148480000044458,,,,0.751828333337432,,,,-0.11967924865896862,,,,0.0,,,,0.0,,,,0.0,,,,0.0,,,,0.0,,,,0.0,,,,0.0
2025-09-03T11:47:01Z,15431.0,15431.3,511,1537.89603,,,,,,,,,,,,,,,,1537.89603,0.16410000000018954,0.00013681488384315358,-0.01080000000011283,,,,0.6379119047653763,,,,0.09693921568681851,,,,1.10267260274572,,,,1.6030698924818552,,,,2.3365570175566077,,,,0.8148480000044493,,,,0.7518283333374463,,,,-0.11967924865896862,,,,0.0,,,,0.0,,,,0.0,,,,0.0,,,,0.0,,,,0.0,,,,0.0
2025-09-03T11:47:01Z,15431.0,15431.4,512,1537.89515,,,,,,,,,,,,,,,,1537.89515,0.1632200000001376,0.00013608120256473224,-0.005750000000241062,,,,0.6379119047595747,,,,0.09693921568593566,,,,1.1026726027356943,,,,1.6030698924672748,,,,2.3365570175353483,,,,0.8148479999970384,,,,0.7518283333306108,,,,-0.11967924865788149,,,,0.0,,,,0.0,,,,0.0,,,,0.0,,,,0.0,,,,0.0,,,,0.0
2025-09-03T11:47:01Z,15431.0,15431.5,513,1537.89488,,,,,,,,,,,,,,,,1537.89488,0.16295000000013715,0.00013585609580886587,-0.009499999999854514,,,,0.6379119047595747,,,,0.09693921568593566,,,,1.1026726027356872,,,,1.6030698924672677,,,,2.3365570175353483,,,,0.8148479999970348,,,,0.7518283333305931,,,,-0.11967924865787793,,,,0.0,,,,0.0,,,,0.0,,,,0.0,,,,0.0,,,,0.0,,,,0.0
2025-09-03T11:47:01Z,15431.0,15431.6,514,1537.89325,,,,,,,,,,,,,,,,1537.89325,0.16132000000015978,0.0001344971179864345,-0.01275000000073212,,,,0.6379119047595729,,,,0.09693921568593389,,,,1.1026726027356872,,,,1.6030698924672748,,,,2.3365570175353554,,,,0.8148479999970348,,,,0.7518283333305931,,,,-0.11967924865788149,,,,0.0,,,,0.0,,,,0.0,,,,0.0,,,,0.0,,,,0.0,,,,0.0
2025-09-03T11:47:02Z,15431.0,15431.7,515,1537.89233,,,,,,,,,,,,,,,,1537.89233,0.16039999999998145,0.00013373008755889062,-0.006650000000253287,,,,0.6379119047653781,,,,0.09693921568681674,,,,1.102672602745713,,,,1.603069892481848,,,,2.3365570175566077,,,,0.8148480000044458,,,,0.7518283333374285,,,,-0.11967924865897217,,,,0.0,,,,0.0,,,,0.0,,,,0.0,,,,0.0,,,,0.0,,,,0.0
2025-09-03T11:47:02Z,15431.0,15431.8,516,1537.89192,,,,,,,,,,,,,,,,1537.89192,0.1599900000001071,0.00013338825878156924,-0.006300000000004524,,,,0.6379119047653745,,,,0.09693921568681674,,,,1.10267260274572,,,,1.6030698924818552,,,,2.3365570175566006,,,,0.8148480000044316,,,,0.751828333337432,,,,-0.11967924865896507,,,,0.0,,,,0.0,,,,0.0,,,,0.0,,,,0.0,,,,0.0,,,,0.0
2025-09-03T11:47:02Z,15431.0,15431.9,517,1537.89107,,,,,,,,,,,,,,,,1537.89107,0.1591399999999794,0.00013267958936484764,-0.008249999999604296,,,,0.6379119047595729,,,,0.09693921568593566,,,,1.1026726027356943,,,,1.6030698924672677,,,,2.3365570175353554,,,,0.8148479999970348,,,,0.7518283333305948,,,,-0.11967924865788149,,,,0.0,,,,0.0,,,,0.0,,,,0.0,,,,0.0,,,,0.0,,,,0.0
2025-09-03T11:47:02Z,15432.0,15432.0,518,1537.89027,,,,,,,,,,,,,,,,1537.89027,0.15834000000018023,0.00013201260638467138,-0.006449999999608047,,,,0.6379119047595729,,,,0.09693921568593389,,,,1.1026726027356872,,,,1.6030698924672677,,,,2.3365570175353483,,,,0.8148479999970348,,,,0.7518283333305948,,,,-0.11967924865788504,,,,0.0,,,,0.0,,,,0.0,,,,0.0,,,,0.0,,,,0.0,,,,0.0
2025-09-03T11:47:02Z,15432.0,15432.1,519,1537.88978,,,,,,,,,,,,,,,,1537.88978,0.15785000000005311,0.00013160407930910492,-0.004800000000369287,,,,0.6379119047595765,,,,0.09693921568593389,,,,1.1026726027357014,,,,1.603069892467282,,,,2.3365570175353483,,,,0.8148479999970384,,,,0.7518283333305931,,,,-0.11967924865787793,,,,0.0,,,,0.0,,,,0.0,,,,0.0,,,,0.0,,,,0.0,,,,0.0
2025-09-03T11:47:02Z,15432.0,15432.2,520,1537.88931,,,,,,,,,,,,,,,,1537.88931,0.15738000000010288,0.0001312122268081945,-0.007600000000232754,,,,0.6379119047653781,,,,0.09693921568681496,,,,1.102672602745713,,,,1.6030698924818623,,,,2.3365570175566006,,,,0.8148480000044458,,,,0.751828333337448,,,,-0.11967924865897217,,,,0.0,,,,0.0,,,,0.0,,,,0.0,,,,0.0,,,,0.0,,,,0.0
2025-09-03T11:47:02Z,15432.0,15432.3,521,1537.88826,,,,,,,,,,,,,,,,1537.88826,0.1563300000000254,0.00013033681164642883,-0.006600000000496542,,,,0.6379119047653781,,,,0.09693921568681674,,,,1.10267260274572,,,,1.603069892481848,,,,2.3365570175566006,,,,0.8148480000044493,,,,0.7518283333374498,,,,-0.11967924865897217,,,,0.0,,,,0.0,,,,0.0,,,,0.0,,,,0.0,,,,0.0,,,,0.0
2025-09-03T11:47:02Z,15432.0,15432.4,522,1537.88799,,,,,,,,,,,,,,,,1537.88799,0.15606000000002496,0.00013011170489056248,-0.0013499999999972978,,,,0.6379119047595729,,,,0.09693921568593566,,,,1.1026726027356943,,,,1.6030698924672713,,,,2.3365570175353483,,,,0.8148479999970366,,,,0.7518283333305931,,,,-0.11967924865788149,,,,0.0,,,,0.0,,,,0.0,,,,0.0,,,,0.0,,,,0.0,,,,0.0
2025-09-03T11:47:02Z,15432.0,15432.5,523,1537.88685,,,,,,,,,,,,,,,,1537.88799,0.15606000000002496,0.00013011170489056248,0.0,,,,0.6379119047595729,,,,0.09693921568593389,,,,1.1026726027356801,,,,1.6030698924672713,,,,2.3365570175353483,,,,0.8148479999970206,,,,0.7518283333305931,,,,-0.11967924865788149,,,,0.0,,,,0.0,,,,0.0,,,,0.0,,,,0.0,,,,0.0,,,,0.0
2025-09-03T11:47:02Z,15432.0,15432.6,524,1537.88653,,,,,,,,,,,,,,,,1537.88799,0.15606000000002496,0.00013011170489056248,0.8980999999973006,,,,0.6379119047595765,,,,0.09693921568593389,,,,1.1026726027356943,,,,1.6030698924672784,,,,2.3365570175353554,,,,0.8148479999970366,,,,0.7518283333305948,,,,-0.11967924865787793,,,,0.0,,,,0.0,,,,0.0,,,,0.0,,,,0.0,,,,0.0,,,,0.0
2025-09-03T11:47:03Z,15432.0,15432.7,525,1538.06761,,,,,,,,,,,,,,,,1538.06761,0.33568000000013853,0.00027986605855231993,2.1507500000188844,1515.86161,3.968364999999949,0.003365083780037241,0.3189559523768857,,,,0.09693921568681496,,,,1.10267260274572,,,,1.6030698924818587,,,,2.3365570175566006,,,,0.8148480000044493,,,,0.7518283333374303,,,,-0.11967924865896862,,,,0.0,,,,0.0,,,,0.0,,,,0.0,,,,0.0,,,,0.0,,,,0.0
2025-09-03T11:47:03Z,15432.0,15432.8,526,1538.31814,,,,,,,,,,,,,,,,1538.31814,0.5862100000001647,0.0004887401161342167,2.94640000000764,1515.86161,3.968364999999949,0.003365083780037241,0.0,,,,0.09693921568681674,,,,1.102672602745713,,,,1.603069892481848,,,,2.3365570175565935,,,,0.8148480000044493,,,,0.7518283333374303,,,,-0.11967924865897217,,,,0.0,,,,0.0,,,,0.0,,,,0.0,,,,0.0,,,,0.0,,,,0.0
2025-09-03T11:47:03Z,15432.0,15432.9,527,1538.65689,1515.86161,,,,,,,,,,,,,,,1538.65689,0.9249600000000555,0.0007711657218733989,3.264399999987465,1515.86161,3.968364999999949,0.003365083780037241,-9.980274999964038,,,,0.09693921568593744,,,,1.1026726027356943,,,,1.6030698924672677,,,,2.3365570175353554,,,,0.8148479999970366,,,,0.7518283333305931,,,,-0.11967924865787793,,,,0.0,,,,0.0,,,,0.0,,,,0.0,,,,0.0,,,,0.0,,,,0.0
2025-09-03T11:47:03Z,15433.0,15433.0,528,1538.97102,,,,,,,,,,,,,,,,1538.97102,1.2390900000000329,0.0010330649263925768,2.8925999999896064,1513.8655549999999,1.9723099999998794,0.00167247427850133,0.0,,,,0.09693921568593566,,,,1.1026726027356943,,,,1.6030698924672784,,,,2.3365570175353483,,,,0.8148479999970384,,,,0.7518283333306108,,,,-0.11967924865788149,,,,0.0,,,,0.0,,,,0.0,,,,0.0,,,,0.0,,,,0.0,,,,0.0
2025-09-03T11:47:03Z,15433.0,15433.1,529,1539.23541,,,,,,,,,,,,,,,,1539.23541,1.5034800000000814,0.0012534944641089463,2.6211999999902824,1515.86161,3.968364999999949,0.003365083780037241,3.669074999986899,,,,0.09693921568593389,,,,1.1026726027356801,,,,1.6030698924672784,,,,2.3365570175353483,,,,0.8148479999970366,,,,0.7518283333306108,,,,-0.11967924865788149,,,,0.0,,,,0.0,,,,0.0,,,,0.0,,,,0.0,,,,0.0,,,,0.0
2025-09-03T11:47:03Z,15433.0,15433.2,530,1539.49526,1511.8695,,,,,,,,,,,,,,,1539.49526,1.7633299999999963,0.0014701388734117541,2.6258000000143964,1514.59937,2.706124999999929,0.002294732804127936,-13.476400000088635,,,,0.09693921568681674,,,,1.1026726027457272,,,,1.6030698924818516,,,,2.3365570175565935,,,,0.8148480000044298,,,,0.751828333337432,,,,-0.11967924865896507,,,,0.0,,,,0.0,,,,0.0,,,,0.0,,,,0.0,,,,0.0,,,,0.0
2025-09-03T11:47:03Z,15433.0,15433.3,531,1539.76057,1517.32924,,,,,,,,,,,,,,,1539.76057,2.028639999999996,0.001691335441555478,2.58845000001595,1513.16633,1.2730850000000373,0.0010795472906622479,3.2420749996986196,,,,0.09693921568681674,,,,1.1026726027457272,,,,1.603069892481848,,,,2.3365570175566006,,,,0.8148480000044493,,,,0.7518283333374303,,,,-0.11967924865896862,,,,0.0,,,,0.0,,,,0.0,,,,0.0,,,,0.0,,,,0.0,,,,0.0
2025-09-03T11:47:03Z,15433.0,15433.4,532,1540.01295,,,,,,,,,,,,,,,,1540.01295,2.281020000000126,0.0019017518972795063,2.730399999990439,1515.247785,3.3545400000000427,0.0028445740609763506,17.6624249999355,,,,0.09693921568593389,,,,1.1026726027356943,,,,1.6030698924672713,,,,2.336557017535352,,,,0.8148479999970366,,,,0.7518283333305948,,,,-0.11967924865788149,,,,0.0,,,,0.0,,,,0.0,,,,0.0,,,,0.0,,,,0.0,,,,0.0
2025-09-03T11:47:03Z,15433.0,15433.5,533,1540.30665,1513.16633,,,,,,,,,,,,,,,1540.30665,2.5747200000000703,0.00214661802393813,2.668299999990566,1516.698815,4.805569999999989,0.004075014687619141,4.103024999984505,1514.26974,2.1065949999999702,0.0017860260841847076,0.04846960784296783,,,,1.1026726027356801,,,,1.6030698924672784,,,,2.3365570175353483,,,,0.8148479999970384,,,,0.7518283333305948,,,,-0.11967924865787793,,,,0.0,,,,0.0,,,,0.0,,,,0.0,,,,0.0,,,,0.0,,,,0.0
2025-09-03T11:47:03Z,15433.0,15433.6,534,1540.54661,1526.32705,,,,,,,,,,,,,,,1540.54661,2.8146800000001804,0.002346679568892306,2.3225999999915157,1516.06839,4.1751449999999295,0.00354042854394783,11.864424999956821,1514.26974,2.1065949999999702,0.0017860260841847076,0.0,,,,1.1026726027356801,,,,1.6030698924672784,,,,2.3365570175353483,,,,0.8148479999970366,,,,0.7518283333305931,,,,-0.11967924865788504,,,,0.0,,,,0.0,,,,0.0,,,,0.0,,,,0.0,,,,0.0,,,,0.0
2025-09-03T11:47:04Z,15433.0,15433.7,535,1540.77117,1516.06839,1514.26974,,,,,,,,,,,,,,1540.77117,3.0392400000000634,0.002533901691474677,2.366700000015154,1519.0717,7.178454999999985,0.006087167507582467,34.22272500026373,1514.26974,2.1065949999999702,0.0017860260841847076,0.0,,,,1.1026726027457272,,,,1.603069892481848,,,,2.3365570175566006,,,,0.8148480000044476,,,,0.751828333337432,,,,-0.11967924865897217,,,,0.0,,,,0.0,,,,0.0,,,,0.0,,,,0.0,,,,0.0,,,,0.0
2025-09-03T11:47:04Z,15433.0,15433.8,536,1541.01995,,,,,,,,,,,,,,,,1541.01995,3.288020000000188,0.002741316723787154,2.2685500000163703,1522.912935,11.019690000000082,0.00934444792251704,15.016550000507792,1514.26974,2.1065949999999702,0.0017860260841847076,0.0,,,,1.102672602745713,,,,1.603069892481848,,,,2.3365570175566006,,,,0.8148480000044493,,,,0.7518283333374498,,,,-0.11967924865896862,,,,0.0,,,,0.0,,,,0.0,,,,0.0,,,,0.0,,,,0.0,,,,0.0
2025-09-03T11:47:04Z,15433.0,15433.9,537,1541.22488,1522.07501,,,,,,,,,,,,,,,1541.22488,3.4929500000000644,0.0029121727514893367,2.033699999992102,1522.07501,10.181765000000041,0.008633906471217102,-4.189624999984964,1514.26974,2.1065949999999702,0.0017860260841847076,36.972099999865534,,,,1.1026726027357086,,,,1.6030698924672784,,,,2.3365570175353483,,,,0.8148479999970188,,,,0.7518283333306108,,,,-0.11967924865788149,,,,0.0,,,,0.0,,,,0.0,,,,0.0,,,,0.0,,,,0.0,,,,0.0
2025-09-03T11:47:04Z,15434.0,15434.0,538,1541.42669,1523.75086,,,,,,,,,,,,,,,1541.42669,3.6947600000000875,0.003080427545568301,2.1346999999925274,1522.07501,10.181765000000041,0.008633906471217102,4.189624999984964,,,,73.94419999973107,,,,1.1026726027356943,,,,1.6030698924672784,,,,2.336557017535352,,,,0.8148479999970366,,,,0.751828333330594,,,,-0.11967924865788149,,,,0.0,,,,0.0,,,,0.0,,,,0.0,,,,0.0,,,,0.0,,,,0.0
2025-09-03T11:47:04Z,15434.0,15434.1,539,1541.65182,,,,,,,,,,,,,,,,1541.65182,3.919890000000123,0.0032681248935242943,2.273149999991489,1522.912935,11.019690000000082,0.00934444792251704,24.742049999909817,,,,73.94419999973104,,,,1.1026726027356801,,,,1.6030698924672695,,,,2.3365570175353483,,,,0.8148479999970366,,,,0.751828333330594,,,,-0.11967924865787793,,,,0.0,,,,0.0,,,,0.0,,,,0.0,,,,0.0,,,,0.0,,,,0.0
2025-09-03T11:47:04Z,15434.0,15434.2,540,1541.88132,1515.76093,,,,,,,,,,,,,,,1541.88132,4.149390000000039,0.0034594656360103153,2.1183000000079772,1527.02342,15.130175000000008,0.012830046248675625,36.91522500012543,1536.453,24.28985499999999,0.02059357143212859,36.97209999952926,1534.57361,14.312524999999823,0.012069894577115218,0.5513363013628236,,,,1.6030698924818516,,,,2.3365570175566006,,,,0.8148480000044476,,,,0.751828333337432,,,,-0.11967924865897217,,,,0.0,,,,0.0,,,,0.0,,,,0.0,,,,0.0,,,,0.0,,,,0.0
2025-09-03T11:47:04Z,15434.0,15434.3,541,1542.07548,1530.29598,,,,,,,,,,,,,,,1542.07548,4.34355000000005,0.003621342405339733,1.8364000000116185,1530.29598,18.40273500000012,0.015605103123534463,-19.97482499914971,1536.453,24.28985499999999,0.02059357143212859,-1.4210854715202004e-14,1534.57361,14.312524999999823,0.012069894577115218,0.0,,,,1.6030698924818498,,,,2.336557017556597,,,,0.8148480000044485,,,,0.751828333337432,,,,-0.11967924865897217,,,,0.0,,,,0.0,,,,0.0,,,,0.0,,,,0.0,,,,0.0,,,,0.0
2025-09-03T11:47:04Z,15434.0,15434.4,542,1542.2486,1536.76583,1536.453,1534.57361,,,,,,,,,,,,,1542.2486,4.516669999999976,0.0037656775222860424,1.761299999994165,1523.0284550000001,11.135210000000143,0.009442406270166542,-28.146874999898642,1536.453,24.28985499999999,0.02059357143212859,0.0,1534.57361,14.312524999999823,0.012069894577115218,0.0,,,,1.6030698924672784,,,,2.3365570175353483,,,,0.8148479999970197,,,,0.751828333330594,,,,-0.11967924865788149,,,,0.0,,,,0.0,,,,0.0,,,,0.0,,,,0.0,,,,0.0,,,,0.0
2025-09-03T11:47:04Z,15434.0,15434.5,543,1542.42774,,,,,,,,,,,,,,,,1542.42774,4.695810000000165,0.003915031686159656,1.5355499999953786,1524.666605,12.773359999999911,0.01083152042530784,-2.9213499999908095,1536.453,24.28985499999999,0.02059357143212859,0.0,1534.57361,14.312524999999823,0.012069894577115218,0.0,,,,1.6030698924672784,,,,2.3365570175353483,,,,0.8148479999970366,,,,0.751828333330594,,,,-0.11967924865788504,,,,0.0,,,,0.0,,,,0.0,,,,0.0,,,,0.0,,,,0.0,,,,0.0
2025-09-03T11:47:04Z,15434.0,15434.6,544,1542.55571,1510.13747,,,,,,,,,,,,,,,1542.55571,4.82378000000017,0.004021723951152884,1.3215499999953089,1522.4441849999998,10.550939999999855,0.008946958522753349,-15.680549999942535,1536.453,24.28985499999999,0.02059357143212859,-70.79489999974209,1534.57361,14.312524999999823,0.012069894577115218,-62.29839999977303,,,,1.6030698924672695,,,,2.336557017535352,,,,0.8148479999970366,,,,0.7518283333306108,,,,-0.11967924865787793,,,,0.0,,,,0.0,,,,0.0,,,,0.0,,,,0.0,,,,0.0,,,,0.0
2025-09-03T11:47:05Z,15434.0,15434.7,545,1542.69205,1519.03723,,,,,,,,,,,,,,,1542.69205,4.960120000000188,0.00413539452557797,1.537550000010885,1521.530495,9.637249999999995,0.00817217006479099,-4.568449999941137,1522.29402,10.13087500000006,0.00858921957263504,-70.7948999990982,1522.11393,1.8528449999998884,0.0015625226029462988,-62.29839999920643,,,,1.603069892481848,,,,2.3365570175566006,,,,0.8148480000044476,,,,0.7518283333374489,,,,-0.11967924865897217,,,,0.0,,,,0.0,,,,0.0,,,,0.0,,,,0.0,,,,0.0,,,,0.0
2025-09-03T11:47:05Z,15434.0,15434.8,546,1542.86322,1525.85114,,,,,,,,,,,,,,,1542.86322,5.131290000000035,0.004278103871509626,1.4509500000123516,1521.530495,9.637249999999995,0.00817217006479099,12.466324999841596,1522.29402,10.13087500000006,0.00858921957263504,-7.105427357601002e-15,1522.11393,1.8528449999998884,0.0015625226029462988,0.0,,,,1.6030698924818587,,,,2.3365570175566006,,,,0.8148480000044485,,,,0.7518283333374312,,,,-0.11967924865896862,,,,0.0,,,,0.0,,,,0.0,,,,0.0,,,,0.0,,,,0.0,,,,0.0
2025-09-03T11:47:05Z,15434.0,15434.9,547,1542.98224,1524.02376,1522.29402,1522.11393,,,,,,,,,,,,,1542.98224,5.250310000000127,0.004377334264410331,1.1567999999957657,1524.02376,12.13051500000006,0.010286402402500571,12.46632499995497,1522.29402,10.13087500000006,0.00858921957263504,0.0,1522.11393,1.8528449999998884,0.0015625226029462988,0.0,,,,1.6030698924672784,,,,2.336557017535352,,,,0.8148479999970375,,,,0.751828333330594,,,,-0.11967924865787793,,,,0.0,,,,0.0,,,,0.0,,,,0.0,,,,0.0,,,,0.0,,,,0.0
2025-09-03T11:47:05Z,15435.0,15435.0,548,1543.09458,,,,,,,,,,,,,,,,1543.09458,5.362650000000031,0.004470995349425011,1.0350499999955112,1524.02376,12.13051500000006,0.010286402402500571,-34.84264999987374,1522.29402,10.13087500000006,0.00858921957263504,0.0,1522.11393,1.8528449999998884,0.0015625226029462988,0.0,,,,1.6030698924672695,,,,2.33655701753535,,,,0.8148479999970366,,,,0.7518283333305931,,,,-0.11967924865788504,,,,0.0,,,,0.0,,,,0.0,,,,0.0,,,,0.0,,,,0.0,,,,0.0
2025-09-03T11:47:05Z,15435.0,15435.1,549,1543.18925,,,,,,,,,,,,,,,,1543.18925,5.4573199999999815,0.00454992444786139,0.8902499999966871,1517.05523,5.161984999999959,0.004377246547708092,-34.84264999987374,1522.29402,10.13087500000006,0.00858921957263504,17.395392857079607,1522.11393,1.8528449999998884,0.0015625226029462988,-4.925679999982024,,,,1.6030698924672686,,,,2.3365570175353483,,,,0.8148479999970188,,,,0.7518283333305935,,,,-0.11967924865788149,,,,0.0,,,,0.0,,,,0.0,,,,0.0,,,,0.0,,,,0.0,,,,0.0
2025-09-03T11:47:05Z,15435.0,15435.2,550,1543.27263,1510.01812,,,,,,,,,,,,,,,1543.27263,5.540700000000015,0.004619440748987737,0.8692500000060335,1517.05523,5.161984999999959,0.004377246547708092,11.909325000281928,,,,34.79078571447562,,,,-9.851360000053644,,,,1.603069892481848,,,,2.3365570175566006,,,,0.814848000004448,,,,0.7518283333374312,,,,-0.11967924865896507,,,,0.0,,,,0.0,,,,0.0,,,,0.0,,,,0.0,,,,0.0,,,,0.0
2025-09-03T11:47:05Z,15435.0,15435.3,551,1543.3631,1517.05523,,,,,,,,,,,,,,,1543.3631,5.631170000000111,0.004694868186777432,0.7825500000066228,1519.437095,7.54385000000002,0.006397014204599208,23.818650000130596,,,,34.790785714475646,,,,-9.851360000053644,,,,1.6030698924818578,,,,2.3365570175566006,,,,0.814848000004448,,,,0.7518283333374316,,,,-0.11967924865897217,,,,0.0,,,,0.0,,,,0.0,,,,0.0,,,,0.0,,,,0.0,,,,0.0
2025-09-03T11:47:05Z,15435.0,15435.4,552,1543.42914,1521.81896,,,,,,,,,,,,,,,1543.42914,5.697210000000041,0.004749927631804743,0.6608499999968984,1521.81896,9.925715000000082,0.008416781861490323,32.99487499988051,,,,34.7907857141592,,,,-9.851359999964048,,,,1.6030698924672784,,,,2.3365570175353483,,,,0.8148479999970366,,,,0.7518283333305935,,,,-0.11967924865788504,,,,0.0,,,,0.0,,,,0.0,,,,0.0,,,,0.0,,,,0.0,,,,0.0
2025-09-03T11:47:05Z,15435.0,15435.5,553,1543.49527,1526.03607,,,,,,,,,,,,,,,1543.49527,5.763339999999971,0.004805062112417343,0.6230499999981092,1526.03607,14.14282500000013,0.011992795776448548,54.15734999980225,,,,34.7907857141592,,,,-9.851359999964046,,,,1.6030698924672695,,,,2.336557017535349,,,,0.814847999997037,,,,0.7518283333306113,,,,-0.11967924865787793,,,,0.0,,,,0.0,,,,0.0,,,,0.0,,,,0.0,,,,0.0,,,,0.0
2025-09-03T11:47:05Z,15435.0,15435.6,554,1543.55375,1532.65043,,,,,,,,,,,,,,,1543.55375,5.821820000000116,0.004853818568280587,0.46069999999932065,1532.65043,20.757184999999936,0.017601623480383733,62.0014499997735,,,,34.79078571415921,,,,-9.851359999964046,,,,1.603069892467269,,,,2.33655701753535,,,,0.814847999997037,,,,0.7518283333306115,,,,-0.11967924865788149,,,,0.0,,,,0.0,,,,0.0,,,,0.0,,,,0.0,,,,0.0,,,,0.0
2025-09-03T11:47:06Z,15435.0,15435.7,555,1543.58741,1538.43636,,,,,,,,,,,,,,,1543.58741,5.8554800000001705,0.004881881877178592,0.32790000000140296,1538.43636,26.543114999999943,0.0225079612783008,41.017199999917466,,,,34.79078571447562,,,,-9.851360000053646,,,,1.6030698924818494,,,,2.3365570175566006,,,,0.814848000004448,,,,0.7518283333374314,,,,-0.11967924865896862,,,,0.0,,,,0.0,,,,0.0,,,,0.0,,,,0.0,,,,0.0,,,,0.0
2025-09-03T11:47:06Z,15435.0,15435.8,556,1543.61933,1540.85387,,,,,,,,,,,,,,,1543.61933,5.887400000000071,0.0049084944980942215,15.860149999803614,1540.85387,28.960624999999936,0.024557955089121605,31.994650000032692,1546.64757,34.4844250000001,0.029236793284002045,27.18619285742909,,,,-9.851360000053646,,,,1.6030698924818583,,,,2.3365570175566,,,,0.8148480000044303,,,,0.7518283333374314,,,,-0.11967924865896507,,,,0.0,,,,0.0,,,,0.0,,,,0.0,,,,0.0,,,,0.0,,,,0.0
2025-09-03T11:47:06Z,15435.0,15435.9,557,1546.75944,1544.83529,,,,,,,,,,,,,,,1546.75944,9.02751000000012,0.00752649440610297,24.75209999991056,1544.83529,32.94204500000001,0.027934109213935295,28.96849999989547,1548.60573,36.44258500000001,0.030896972310823532,9.790799999963923,,,,-9.851359999964046,,,,1.6030698924672784,,,,2.3365570175353496,,,,0.8148479999970369,,,,0.7518283333305935,,,,-0.11967924865788504,,,,0.0,,,,0.0,,,,0.0,,,,0.0,,,,0.0,,,,0.0,,,,0.0
2025-09-03T11:47:06Z,15436.0,15436.0,558,1548.56975,1546.64757,1546.64757,,,,,,,,,,,,,,1548.56975,10.837820000000193,0.009035801855035469,25.91609999990517,1546.64757,34.75432500000011,0.029470881671329288,33.29404999987838,1548.60573,36.44258500000001,0.030896972310823532,9.790799999963923,,,,-9.85135999996405,,,,1.6030698924672693,,,,2.3365570175353496,,,,0.8148479999970368,,,,0.7518283333305935,,,,-0.11967924865788149,,,,0.0,,,,0.0,,,,0.0,,,,0.0,,,,0.0,,,,0.0,,,,0.0
2025-09-03T11:47:06Z,15436.0,15436.1,559,1551.94266,1551.4941,1550.56389,,,,,,,,,,,,,,1551.94266,14.210730000000012,0.011847893810324034,32.372249999881895,1551.4941,39.60085499999991,0.03358062951268547,30.34909999988929,1550.56389,38.400744999999915,0.032557151337645016,15.794299999942552,1512.26257,-7.998514999999998,-0.00674522719250977,96.23026999964982,,,,1.6030698924672693,,,,2.3365570175353496,,,,0.8148479999970369,,,,0.7518283333305935,,,,-0.11967924865787438,,,,0.0,,,,0.0,,,,0.0,,,,0.0,,,,0.0,,,,0.0,,,,0.0
2025-09-03T11:47:06Z,15436.0,15436.2,560,1555.0442,1552.71739,,,,,,,,,,,,,,,1555.0442,17.312270000000126,0.014433736801393017,25.013550000027223,1552.71739,40.824145000000044,0.03461795176940386,16.3501000001649,1551.76459,39.60144500000001,0.03357513605672048,11.425275000053205,1532.49376,12.232674999999972,0.01031593640158633,200.7571500010667,1538.77405,0.1458900000000085,0.0001215618343670978,30.901959946938668,1536.78453,0.004109999999855063,3.428746683956939e-06,30.71670350945619,1534.5931,0.0,0.0,30.901124000715438,1532.70251,0.0,0.0,28.087039167316743,,,,-0.11967924865897217,,,,0.0,,,,0.0,,,,0.0,,,,0.0,,,,0.0,,,,0.0,,,,0.0
2025-09-03T11:47:06Z,15436.0,15436.3,561,1556.94537,1554.76412,1552.97005,1512.26257,,,,,,,,,,,,,1556.94537,19.21343999999999,0.016018796842317877,9.505850000224115,1554.76412,42.87087500000007,0.036353532524983495,10.257725000241862,1552.8489450000002,40.6858000000002,0.0344944804558653,6.003500000121278,1552.414,32.152914999999894,0.027114872770314817,99.60120000235486,1544.794135,6.165975000000117,0.005137756060467725,30.100425000712324,1542.694215,5.913794999999936,0.004933553527145003,29.548425000699137,1540.69184,6.098739999999907,0.005095094872964903,30.493700000720615,1538.244735,5.542224999999917,0.004635874620357058,27.711125000654864,,,,-0.11967924865897217,,,,0.0,,,,0.0,,,,0.0,,,,0.0,,,,0.0,,,,0.0,,,,0.0
2025-09-03T11:47:06Z,15436.0,15436.4,562,1556.94888,1554.77375,1552.96529,1552.72495,1538.77405,1536.78453,1534.5931,1532.70251,,,,,,,,,1556.94537,19.21343999999999,0.016018796842317877,0.0,1554.768935,42.87569000000008,0.03635761553609788,0.0481499999998789,1552.96529,40.80214500000011,0.03459312077579595,0.5817249999974479,1552.414,32.152914999999894,0.027114872770314817,0.0,1544.794135,6.165975000000117,0.005137756060467725,0.0,1542.694215,5.913794999999936,0.004933553527145003,0.0,1540.69184,6.098739999999907,0.005095094872964903,0.0,1538.244735,5.542224999999917,0.004635874620357058,0.0,,,,-0.11967924865788149,,,,0.0,,,,0.0,,,,0.0,,,,0.0,,,,0.0,,,,0.0,,,,0.0
2025-09-03T11:47:06Z,15436.0,15436.5,563,1556.9515,1554.92046,1552.7326,1552.414,1550.81422,1548.6039,1546.79058,1543.78696,,,,,,,,,1556.94537,19.21343999999999,0.016018796842317877,-65.55824999976063,1554.77375,42.880505000000085,0.03636169854721225,0.3908499999985793,1552.96529,40.80214500000011,0.03459312077579595,-0.5817249999974479,1552.414,32.152914999999894,0.027114872770314817,0.7773749999973063,1544.794135,6.165975000000117,0.005137756060467725,0.0,1542.694215,5.913794999999936,0.004933553527145003,0.0,1540.69184,6.098739999999907,0.005095094872964903,0.0,1538.244735,5.542224999999917,0.004635874620357058,0.0,,,,-0.11967924865788149,,,,0.0,,,,0.0,,,,0.0,,,,0.0,,,,0.0,,,,0.0,,,,0.0
2025-09-03T11:47:06Z,15436.0,15436.6,564,1543.82273,,,,,,,,,,,,,,,,1543.83372,6.101790000000165,0.005087237599539149,-65.6131999997604,1554.847105,42.95386000000008,0.03642390192837417,-54.90194999979997,1552.8489450000002,40.6858000000002,0.0344944804558653,-55.99742499979678,1552.569475,32.30838999999992,0.027245986382998622,0.0,1544.794135,6.165975000000117,0.005137756060467725,30.100424999889903,1542.694215,5.913794999999936,0.004933553527145003,29.548424999892912,1540.69184,6.098739999999907,0.005095094872964903,30.493699999889735,1538.244735,5.542224999999917,0.004635874620357058,27.71112499989877,,,,-0.11967924865787793,,,,0.0,,,,0.0,,,,0.0,,,,0.0,,,,0.0,,,,0.0,,,,0.0
2025-09-03T11:47:07Z,15436.0,15436.7,565,1543.83372,,,,,,,,,,,,,,,,1543.82273,6.090800000000172,0.005078074920846685,-10.95560000025798,1543.7933600000001,31.90011500000014,0.0270505761359715,-149.87152500153312,1541.765805,29.602660000000014,0.02509790582492223,-110.24967500059222,1552.414,32.152914999999894,0.027114872770314817,-13.656691666961478,1550.81422,12.186059999999998,0.010153950286568162,29.832017666276457,1548.6039,11.823480000000018,0.00986367830760605,28.36400499959616,1546.79058,12.197480000000041,0.010190189745929995,29.269209999583445,1543.78696,11.084449999999833,0.009271749240714116,26.561016332952878,,,,-0.11967924865896862,,,,0.0,,,,0.0,,,,0.0,,,,0.0,,,,0.0,,,,0.0,,,,0.0
2025-09-03T11:47:07Z,15436.0,15436.8,566,1541.6426,,,,,,,,,,,,,,,,1541.6426,3.910669999999982,0.003260437914675716,-13.416500000226456,1524.8728,12.979555000000119,0.011006369122447717,-94.60280000223716,1530.79901,18.635864999999967,0.01579997151391001,-54.83397500129688,,,,-25.758633333473938,,,,-0.5368146666695992,,,,-2.3688400000129235,,,,-2.448980000013364,,,,-2.300217333345884,,,,-0.11967924865897217,,,,0.0,,,,0.0,,,,0.0,,,,0.0,,,,0.0,,,,0.0,,,,0.0
2025-09-03T11:47:07Z,15436.0,15436.9,567,1541.13943,1532.66626,1530.79901,,,,,,,,,,,,,,1541.13943,3.4075000000000273,0.0028409306319013474,-3.877399999984835,1524.8728,12.979555000000119,0.011006369122447717,-13.91429999994952,1530.79901,18.635864999999967,0.01579997151391001,0.0,,,,-25.758633333239644,,,,-0.5368146666647178,,,,-2.36883999999138,,,,-2.4489799999910886,,,,-2.300217333324966,,,,-0.11967924865787793,,,,0.0,,,,0.0,,,,0.0,,,,0.0,,,,0.0,,,,0.0,,,,0.0
2025-09-03T11:47:07Z,15437.0,15437.0,568,1540.86712,1517.07934,,,,,,,,,,,,,,,1540.86712,3.1351900000001933,0.0026138979626797545,-2.5924499999902135,1522.08994,10.19669500000009,0.008646566773592546,-26.440799999904115,1530.79901,18.635864999999967,0.01579997151391001,0.0,,,,-25.758633333239644,,,,-0.5368146666647107,,,,-2.36883999999138,,,,-2.4489799999910886,,,,-2.3002173333249587,,,,-0.11967924865788149,,,,0.0,,,,0.0,,,,0.0,,,,0.0,,,,0.0,,,,0.0,,,,0.0
2025-09-03T11:47:07Z,15437.0,15437.1,569,1540.62094,,,,,,,,,,,,,,,,1540.62094,2.8890100000000984,0.002408650625053419,-2.634349999991139,1519.58464,7.691395000000057,0.006522129028040531,-25.052999999909193,1530.79901,18.635864999999967,0.01579997151391001,-31.451574999885402,,,,-25.758633333239644,,,,-0.5368146666647107,,,,-2.36883999999138,,,,-2.4489799999910886,,,,-2.3002173333249516,,,,-0.11967924865788149,,,,0.0,,,,0.0,,,,0.0,,,,0.0,,,,0.0,,,,0.0,,,,0.0
2025-09-03T11:47:07Z,15437.0,15437.2,570,1540.34025,1522.08994,,,,,,,,,,,,,,,1540.34025,2.608320000000049,0.0021746313091125465,-2.6707500000118696,1517.07934,5.186095000000023,0.004397691282488516,1.1277500004818037,,,,-62.9031500003429,,,,-25.758633333473938,,,,-0.5368146666695992,,,,-2.3688400000129306,,,,-2.448980000013357,,,,-2.300217333345884,,,,-0.11967924865896507,,,,0.0,,,,0.0,,,,0.0,,,,0.0,,,,0.0,,,,0.0,,,,0.0
2025-09-03T11:47:07Z,15437.0,15437.3,571,1540.08679,1512.42478,,,,,,,,,,,,,,,1540.08679,2.3548600000001443,0.0019633144263652424,-2.170400000018441,1519.81019,7.9169449999999415,0.006713390327489301,19.35362500025028,1518.21838,6.055235000000039,0.005133785875248166,-31.451575000743553,,,,-25.758633333473924,,,,-0.5368146666695992,,,,-2.3688400000129235,,,,-2.448980000013364,,,,-2.300217333345884,,,,-0.11967924865897217,,,,0.0,,,,0.0,,,,0.0,,,,0.0,,,,0.0,,,,0.0,,,,0.0
2025-09-03T11:47:07Z,15437.0,15437.4,572,1539.90617,,,,,,,,,,,,,,,,1539.90617,2.1742400000000544,0.001812726343978075,-1.9446999999931638,1520.950065,9.056820000000016,0.007679978550540923,-18.463524999932496,1518.21838,6.055235000000039,0.005133785875248166,0.0,,,,-25.758633333239644,,,,-0.5368146666647178,,,,-2.368839999991387,,,,-2.4489799999910957,,,,-2.3002173333249587,,,,-0.11967924865788149,,,,0.0,,,,0.0,,,,0.0,,,,0.0,,,,0.0,,,,0.0,,,,0.0
2025-09-03T11:47:07Z,15437.0,15437.5,573,1539.69785,1519.81019,1518.21838,,,,,,,,,,,,,,1539.69785,1.9659200000000965,0.001639043975896618,-2.2700999999912437,1516.117485,4.224240000000009,0.003582059993721527,-5.699374999979639,1518.21838,6.055235000000039,0.005133785875248166,0.0,,,,-25.758633333239665,,,,-0.5368146666647178,,,,-2.368839999991387,,,,-2.4489799999910886,,,,-2.300217333324966,,,,-0.11967924865787793,,,,0.0,,,,0.0,,,,0.0,,,,0.0,,,,0.0,,,,0.0,,,,0.0
2025-09-03T11:47:07Z,15437.0,15437.6,574,1539.45215,1525.26372,,,,,,,,,,,,,,,1539.45215,1.720220000000154,0.001434196828058616,-2.3212999999913926,1519.81019,7.9169449999999415,0.006713390327489301,-1.3582249999952332,1518.21838,6.055235000000039,0.005133785875248166,-20.197949999926966,,,,-25.758633333239654,,,,-0.5368146666647107,,,,-2.36883999999138,,,,-2.4489799999910886,,,,-2.300217333324966,,,,-0.11967924865788149,,,,0.0,,,,0.0,,,,0.0,,,,0.0,,,,0.0,,,,0.0,,,,0.0
2025-09-03T11:47:08Z,15437.0,15437.7,575,1539.23359,1510.64051,,,,,,,,,,,,,,,1539.23359,1.501660000000129,0.0012519770778287042,-2.0452500000085037,1515.84584,3.952594999999974,0.0033517111766574854,-36.41700000014018,1514.17879,2.0156449999999495,0.0017089163063884827,-40.395900000220195,,,,-25.758633333473927,,,,-0.5368146666695921,,,,-2.3688400000129235,,,,-2.448980000013357,,,,-2.30021733334587,,,,-0.11967924865897217,,,,0.0,,,,0.0,,,,0.0,,,,0.0,,,,0.0,,,,0.0,,,,0.0
2025-09-03T11:47:08Z,15437.0,15437.8,576,1539.0431,,,,,,,,,,,,,,,,1539.0431,1.3111700000001747,0.0010931600929216599,-1.8779000000113744,1512.52679,0.6335449999999128,0.0005372318331160132,-19.821750000351177,1510.1392,-2.0239449999999124,-0.0017159532624710077,-20.19795000047693,,,,-25.758633333473945,,,,-0.5368146666696063,,,,-2.3688400000129235,,,,-2.448980000013357,,,,-2.300217333345884,,,,-0.11967924865896151,,,,0.0,,,,0.0,,,,0.0,,,,0.0,,,,0.0,,,,0.0,,,,0.0
2025-09-03T11:47:08Z,15437.0,15437.9,577,1538.85801,1511.88149,1510.1392,,,,,,,,,,,,,,1538.85801,1.1260800000000017,0.0009388452431317531,-1.8147499999943113,1511.88149,-0.011754999999993743,-9.967974174330542e-06,0.0,1510.1392,-2.0239449999999124,-0.0017159532624710077,0.0,,,,-25.758633333239672,,,,-0.5368146666647178,,,,-2.36883999999138,,,,-2.4489799999910957,,,,-2.300217333324966,,,,-0.11967924865788149,,,,0.0,,,,0.0,,,,0.0,,,,0.0,,,,0.0,,,,0.0,,,,0.0
2025-09-03T11:47:08Z,15438.0,15438.0,578,1538.68015,1513.17209,,,,,,,,,,,,,,,1538.68015,0.9482199999999921,0.0007905582520268383,-1.6710310526265713,1512.52679,0.6335449999999128,0.0005372318331160132,6.147331578929795,1510.1392,-2.0239449999999124,-0.0017159532624710077,-1.7763568394002505e-15,,,,-24.538487543789195,,,,-0.5113866035072903,,,,-2.2566317894671997,,,,-2.3329756842038165,,,,-2.1912596701691314,,,,-0.11401023161628387,,,,0.0,,,,0.0,,,,0.0,,,,0.0,,,,0.0,,,,0.0,,,,0.0
2025-09-03T11:47:08Z,15438.0,15438.111111111111,579,1538.50776,,,,,,,,,,,,,,,,1538.50776,0.7758300000000418,0.0006468317570500729,-1.6916849999965882,1513.17209,1.2788450000000466,0.0010844316404065497,10.00606499998229,1510.1392,-2.0239449999999124,-0.0017159532624710077,19.789199999964055,,,,-23.182769999957838,,,,-0.4831331999991235,,,,-2.131955999996123,,,,-2.204081999995992,,,,-2.070195599996225,,,,-0.10771132379228732,,,,0.0,,,,0.0,,,,0.0,,,,0.0,,,,0.0,,,,0.0,,,,0.0
2025-09-03T11:47:08Z,15438.0,15438.222222222223,580,1538.30422,,,,,,,,,,,,,,,,1538.30422,0.5722900000000664,0.00047713461227615484,-1.6612649999967084,1514.75036,2.8571150000000216,0.0024227689096646345,7.102214999986968,1514.5368,2.373655000000099,0.00201244650483633,14.41770749997378,1513.77605,-6.485035000000153,-0.005468894466832736,-11.591384999978935,,,,-0.4831331999991235,,,,-2.131955999996123,,,,-2.204081999995992,,,,-2.0701955999962323,,,,-0.10771132379229087,,,,0.0,,,,0.0,,,,0.0,,,,0.0,,,,0.0,,,,0.0,,,,0.0
2025-09-03T11:47:08Z,15438.0,15438.333333333334,581,1538.13859,1516.0472,,,,,,,,,,,,,,,1538.13859,0.4066600000001017,0.0003390441234832815,-1.3558049999969977,1514.75036,2.8571150000000216,0.0024227689096646345,-2.888234999994868,1513.343135,1.179990000000089,0.0010004262419104296,-10.742984999980548,1513.77605,-6.485035000000153,-0.005468894466832736,0.0,,,,-0.4831331999991164,,,,-2.131955999996123,,,,-2.204081999995985,,,,-2.0701955999962323,,,,-0.10771132379229087,,,,0.0,,,,0.0,,,,0.0,,,,0.0,,,,0.0,,,,0.0,,,,0.0
2025-09-03T11:47:08Z,15438.0,15438.444444444445,582,1538.00293,1514.75036,1514.5368,1513.77605,,,,,,,,,,,,,1538.00293,0.27100000000018554,0.00022594048459157333,-0.7646849999974987,1514.10853,2.2152849999999944,0.0018785115839041711,-2.8882349999712282,1512.14947,-0.013674999999921056,-1.1594021015470569e-05,-5.371492499946306,1513.77605,-6.485035000000153,-0.005468894466832736,0.0,,,,-0.48313320000308835,,,,-2.1319560000135738,,,,-2.204082000014033,,,,-2.0701956000131823,,,,-0.10771132379317194,,,,0.0,,,,0.0,,,,0.0,,,,0.0,,,,0.0,,,,0.0,,,,0.0
2025-09-03T11:47:08Z,15438.0,15438.555555555555,583,1537.96866,1513.4667,1512.14947,,,,,,,,,,,,,,1537.96866,0.2367300000000796,0.00019736860117101297,-0.19980000000303244,1514.10853,2.2152849999999944,0.0018785115839041711,-2.8882349999712256,1512.14947,-0.013674999999921056,-1.1594021015470569e-05,0.0,1513.77605,-6.485035000000153,-0.005468894466832736,0.0,,,,-0.48313320000308124,,,,-2.1319560000135667,,,,-2.204082000014033,,,,-2.070195600013175,,,,-0.10771132379317194,,,,0.0,,,,0.0,,,,0.0,,,,0.0,,,,0.0,,,,0.0,,,,0.0
2025-09-03T11:47:08Z,15438.0,15438.666666666666,584,1537.95839,1510.13521,1510.13521,,,,,,,,,,,,,,1537.95853,0.22660000000018954,0.0001889229291825029,-0.04621499999987688,1513.4667,1.5734549999999672,0.0013342542581437078,-10.384087499981304,1512.14947,-0.013674999999921056,-1.1594021015470569e-05,-4.532084999992604,1513.77605,-6.485035000000153,-0.005468894466832736,2.7974555357091937,,,,-0.4831331999991235,,,,-2.1319559999961193,,,,-2.204081999995985,,,,-2.0701955999962323,,,,-0.10771132379228376,,,,0.0,,,,0.0,,,,0.0,,,,0.0,,,,0.0,,,,0.0,,,,0.0
2025-09-03T11:47:09Z,15438.0,15438.777777777777,585,1537.95853,,,,,,,,,,,,,,,,1537.95839,0.22646000000008826,0.0001888062071608583,-0.035505000000333964,1511.800955,-0.09229000000004817,-7.82598329689439e-05,-14.991704999972868,1511.1423399999999,-1.0208050000001094,-0.0008654650546813182,-9.064169999984184,,,,5.594911071418391,,,,-0.4831331999991306,,,,-2.1319559999961193,,,,-2.2040819999959886,,,,-2.0701955999962323,,,,-0.10771132379229087,,,,0.0,,,,0.0,,,,0.0,,,,0.0,,,,0.0,,,,0.0,,,,0.0
2025-09-03T11:47:09Z,15438.0,15438.888888888889,586,1537.95064,,,,,,,,,,,,,,,,1537.95064,0.218710000000101,0.00018234480953878963,-0.0427049999995367,1510.13521,-1.7580350000000635,-0.0014907739240815955,-6.609701999988039,1510.13521,-2.0279350000000704,-0.001719336088346973,-3.98648549999257,,,,5.594911071418387,,,,-0.4831331999991164,,,,-2.1319559999961193,,,,-2.204081999995992,,,,-2.0701955999962287,,,,-0.10771132379229087,,,,0.0,,,,0.0,,,,0.0,,,,0.0,,,,0.0,,,,0.0,,,,0.0
2025-09-03T11:47:09Z,15439.0,15439.0,587,1537.9489,,,,,,,,,,,,,,,,1537.9489,0.21697000000017397,0.00018089412155660297,-0.025335000000449637,,,,1.7723009999967925,,,,1.0911989999980207,,,,5.594911071418387,,,,-0.4831331999991164,,,,-2.131955999996123,,,,-2.204081999995985,,,,-2.0701955999962323,,,,-0.10771132379228732,,,,0.0,,,,0.0,,,,0.0,,,,0.0,,,,0.0,,,,0.0,,,,0.0
2025-09-03T11:47:09Z,15439.0,15439.111111111111,588,1537.94501,,,,,,,,,,,,,,,,1537.94501,0.21307999999999083,0.0001776509168145292,-0.02763000000079019,,,,1.7723009999967934,,,,1.0911989999980216,,,,5.5949110714183945,,,,-0.4831331999991306,,,,-2.1319559999961264,,,,-2.2040819999959886,,,,-2.070195599996236,,,,-0.10771132379229087,,,,0.0,,,,0.0,,,,0.0,,,,0.0,,,,0.0,,,,0.0,,,,0.0
2025-09-03T11:47:09Z,15439.0,15439.222222222223,589,1537.94276,,,,,,,,,,,,,,,,1537.94276,0.2108299999999872,0.00017577502718230958,-0.019349999999200285,,,,1.7723009999967916,,,,1.0911989999980216,,,,5.594911071418391,,,,-0.4831331999991235,,,,-2.131955999996123,,,,-2.204081999995992,,,,-2.0701955999962287,,,,-0.10771132379228732,,,,0.0,,,,0.0,,,,0.0,,,,0.0,,,,0.0,,,,0.0,,,,0.0
2025-09-03T11:47:09Z,15439.0,15439.333333333334,590,1537.94071,,,,,,,,,,,,,,,,1537.94071,0.20878000000016073,0.0001740658832953236,-0.021554999999768287,,,,1.7723009999967911,,,,1.0911989999980207,,,,5.594911071418389,,,,-0.4831331999991235,,,,-2.1319559999961193,,,,-2.204081999995992,,,,-2.0701955999962323,,,,-0.10771132379228376,,,,0.0,,,,0.0,,,,0.0,,,,0.0,,,,0.0,,,,0.0,,,,0.0
2025-09-03T11:47:09Z,15439.0,15439.444444444445,591,1537.93797,,,,,,,,,,,,,,,,1537.93797,0.20604000000002998,0.00017178146658753751,-0.03343500000086541,,,,1.7723010000112995,,,,1.0911990000069522,,,,5.594911071464189,,,,-0.48313320000308124,,,,-2.1319560000135738,,,,-2.2040820000140293,,,,-2.070195600013175,,,,-0.10771132379317194,,,,0.0,,,,0.0,,,,0.0,,,,0.0,,,,0.0,,,,0.0,,,,0.0
2025-09-03T11:47:09Z,15439.0,15439.555555555555,592,1537.93328,,,,,,,,,,,,,,,,1537.93328,0.20135000000004766,0.0001678712788652875,-0.030959999999976562,,,,1.7723010000112995,,,,1.0911990000069522,,,,5.594911071464189,,,,-0.48313320000308124,,,,-2.13195600001357,,,,-2.2040820000140258,,,,-2.0701956000131787,,,,-0.10771132379317194,,,,0.0,,,,0.0,,,,0.0,,,,0.0,,,,0.0,,,,0.0,,,,0.0
2025-09-03T11:47:09Z,15439.0,15439.666666666666,593,1537.93109,,,,,,,,,,,,,,,,1537.93109,0.1991600000001199,0.00016604541295665693,-0.01988999999988228,,,,1.772300999996792,,,,1.0911989999980225,,,,5.594911071418392,,,,-0.4831331999991164,,,,-2.1319559999961264,,,,-2.204081999995992,,,,-2.0701955999962323,,,,-0.10771132379228732,,,,0.0,,,,0.0,,,,0.0,,,,0.0,,,,0.0,,,,0.0,,,,0.0
2025-09-03T11:47:10Z,15439.0,15439.777777777777,594,1537.92886,,,,,,,,,,,,,,,,1537.92886,0.19693000000006577,0.0001641861978989038,-0.02502000000022231,,,,1.772300999996791,,,,1.0911989999980225,,,,5.594911071418392,,,,-0.4831331999991164,,,,-2.1319559999961264,,,,-2.204081999995985,,,,-2.0701955999962323,,,,-0.10771132379229087,,,,0.0,,,,0.0,,,,0.0,,,,0.0,,,,0.0,,,,0.0,,,,0.0
2025-09-03T11:47:10Z,15439.0,15439.888888888889,595,1537.92553,,,,,,,,,,,,,,,,1537.92553,0.1936000000000604,0.00016140988124321878,-0.025470000000108572,,,,1.772300999996792,,,,1.0911989999980203,,,,5.594911071418387,,,,-0.4831331999991235,,,,-2.1319559999961193,,,,-2.204081999995985,,,,-2.0701955999962287,,,,-0.10771132379228732,,,,0.0,,,,0.0,,,,0.0,,,,0.0,,,,0.0,,,,0.0,,,,0.0
2025-09-03T11:47:10Z,15440.0,15440.0,596,1537.9232,,,,,,,,,,,,,,,,1537.9232,0.19127000000003136,0.00015946729331294365,-0.023826470587901216,,,,1.6796316666648867,,,,1.0341428431361543,,,,5.302366701674999,,,,-0.4578713333328466,,,,-2.020481176468424,,,,-2.0888358823507076,,,,-1.9619500784292718,,,,-0.10207935914963073,,,,0.0,,,,0.0,,,,0.0,,,,0.0,,,,0.0,,,,0.0,,,,0.0
2025-09-03T11:47:10Z,15440.0,15440.125,597,1537.91982,,,,,,,,,,,,,,,,1537.91982,0.1878900000001522,0.00015664929022109238,-0.02080000000023574,,,,1.5753786666666807,,,,0.9699546666666716,,,,4.973254285714283,,,,-0.4294517333333374,,,,-1.895071999999999,,,,-1.959183999999997,,,,-1.8401738666666674,,,,-0.09574339892665407,,,,0.0,,,,0.0,,,,0.0,,,,0.0,,,,0.0,,,,0.0,,,,0.0
2025-09-03T11:47:10Z,15440.0,15440.25,598,1537.918,,,,,,,,,,,,,,,,1537.918,0.18606999999997242,0.00015513190394066063,-0.01040000000011787,,,,1.5753786666666798,,,,0.9699546666666716,,,,4.973254285714283,,,,-0.4294517333333303,,,,-1.8950720000000025,,,,-1.9591840000000005,,,,-1.8401738666666638,,,,-0.09574339892665407,,,,0.0,,,,0.0,,,,0.0,,,,0.0,,,,0.0,,,,0.0,,,,0.0
2025-09-03T11:47:10Z,15440.0,15440.375,599,1537.91722,,,,,,,,,,,,,,,,1537.91722,0.18529000000012275,0.00015448159553495088,-0.010719999999309948,,,,1.5753786666666816,,,,0.9699546666666725,,,,4.973254285714283,,,,-0.4294517333333303,,,,-1.8950720000000025,,,,-1.9591840000000005,,,,-1.8401738666666638,,,,-0.09574339892665051,,,,0.0,,,,0.0,,,,0.0,,,,0.0,,,,0.0,,,,0.0,,,,0.0
2025-09-03T11:47:10Z,15440.0,15440.5,600,1537.91532,,,,,,,,,,,,,,,,1537.91532,0.18339000000014494,0.00015289751095665316,-0.013039999999818974,,,,1.5753786666666816,,,,0.9699546666666725,,,,4.973254285714276,,,,-0.4294517333333374,,,,-1.895071999999999,,,,-1.9591840000000005,,,,-1.8401738666666638,,,,-0.09574339892665407,,,,0.0,,,,0.0,,,,0.0,,,,0.0,,,,0.0,,,,0.0,,,,0.0
2025-09-03T11:47:10Z,15440.0,15440.625,601,1537.91396,,,,,,,,,,,,,,,,1537.91396,0.182030000000168,0.00015176363989008817,-0.009399999999914144,,,,1.5753786666666798,,,,0.9699546666666716,,,,4.973254285714283,,,,-0.4294517333333374,,,,-1.895071999999999,,,,-1.9591840000000005,,,,-1.8401738666666603,,,,-0.09574339892665407,,,,0.0,,,,0.0,,,,0.0,,,,0.0,,,,0.0,,,,0.0,,,,0.0
2025-09-03T11:47:11Z,15440.0,15440.75,602,1537.91297,,,,,,,,,,,,,,,,1537.91297,0.1810400000001664,0.00015093824845191153,-0.010839999999916472,,,,1.5753786666666798,,,,0.9699546666666716,,,,4.973254285714283,,,,-0.4294517333333374,,,,-1.895071999999999,,,,-1.9591839999999934,,,,-1.8401738666666674,,,,-0.09574339892665051,,,,0.0,,,,0.0,,,,0.0,,,,0.0,,,,0.0,,,,0.0,,,,0.0
2025-09-03T11:47:11Z,15440.0,15440.875,603,1537.91125,,,,,,,,,,,,,,,,1537.91125,0.17932000000018888,0.0001495042350441914,-0.014640000000326836,,,,1.5753786666666798,,,,0.9699546666666725,,,,4.973254285714283,,,,-0.4294517333333374,,,,-1.895071999999999,,,,-1.9591840000000005,,,,-1.8401738666666674,,,,-0.09574339892665407,,,,0.0,,,,0.0,,,,0.0,,,,0.0,,,,0.0,,,,0.0,,,,0.0
2025-09-03T11:47:11Z,15441.0,15441.0,604,1537.90931,,,,,,,,,,,,,,,,1537.90931,0.1773800000000847,0.00014788680131677112,-0.011609333333537752,,,,1.483481577778874,,,,0.9133739777784483,,,,4.683147785717701,,,,-0.4044003822225193,,,,-1.78452613333463,,,,-1.8448982666680118,,,,-1.7328303911123655,,,,-0.09015836732266891,,,,0.0,,,,0.0,,,,0.0,,,,0.0,,,,0.0,,,,0.0,,,,0.0
2025-09-03T11:47:11Z,15441.0,15441.142857142857,605,1537.90829,,,,,,,,,,,,,,,,1537.90829,0.17636000000015883,0.00014703639801689474,-0.008294999999763242,,,,1.378456333335854,,,,0.8487103333348813,,,,4.351597500007912,,,,-0.37577026666735946,,,,-1.6581880000030154,,,,-1.7142860000031117,,,,-1.6101521333362623,,,,-0.08377547406097463,,,,0.0,,,,0.0,,,,0.0,,,,0.0,,,,0.0,,,,0.0,,,,0.0
2025-09-03T11:47:11Z,15441.0,15441.285714285714,606,1537.90694,,,,,,,,,,,,,,,,1537.90694,0.17501000000015665,0.000145910864237563,-0.010360000000124048,,,,1.378456333335854,,,,0.8487103333348816,,,,4.351597500007912,,,,-0.37577026666734525,,,,-1.6581880000030154,,,,-1.7142860000031188,,,,-1.6101521333362632,,,,-0.08377547406097463,,,,0.0,,,,0.0,,,,0.0,,,,0.0,,,,0.0,,,,0.0,,,,0.0
2025-09-03T11:47:11Z,15441.0,15441.42857142857,607,1537.90533,,,,,,,,,,,,,,,,1537.90533,0.17340000000012878,0.00014456856098959812,-0.0075949999999360696,,,,1.3784563333270796,,,,0.8487103333294783,,,,4.351597499980205,,,,-0.3757702666649507,,,,-1.6581879999924576,,,,-1.714285999992204,,,,-1.6101521333260047,,,,-0.08377547406044172,,,,0.0,,,,0.0,,,,0.0,,,,0.0,,,,0.0,,,,0.0,,,,0.0
2025-09-03T11:47:11Z,15441.0,15441.57142857143,608,1537.90477,,,,,,,,,,,,,,,,1537.90477,0.1728400000001784,0.0001441016729033989,-0.008820000000036687,,,,1.3784563333270743,,,,0.8487103333294796,,,,4.351597499980205,,,,-0.37577026666496494,,,,-1.6581879999924594,,,,-1.7142859999921987,,,,-1.610152133326007,,,,-0.08377547406044172,,,,0.0,,,,0.0,,,,0.0,,,,0.0,,,,0.0,,,,0.0,,,,0.0
2025-09-03T11:47:12Z,15441.0,15441.714285714286,609,1537.90281,,,,,,,,,,,,,,,,1537.90281,0.1708800000001247,0.00014246756460151215,-0.00966000000029843,,,,1.378456333335853,,,,0.8487103333348811,,,,4.351597500007916,,,,-0.37577026666735236,,,,-1.6581880000030216,,,,-1.7142860000031188,,,,-1.6101521333362627,,,,-0.08377547406097463,,,,0.0,,,,0.0,,,,0.0,,,,0.0,,,,0.0,,,,0.0,,,,0.0
2025-09-03T11:47:12Z,15441.0,15441.857142857143,610,1537.90201,,,,,,,,,,,,,,,,1537.90201,0.17008000000009815,0.00014180058162114632,-0.008820000000030359,,,,1.3784563333358513,,,,0.8487103333348811,,,,4.351597500007905,,,,-0.37577026666735236,,,,-1.6581880000030211,,,,-1.7142860000031188,,,,-1.610152133336263,,,,-0.08377547406097108,,,,0.0,,,,0.0,,,,0.0,,,,0.0,,,,0.0,,,,0.0,,,,0.0
2025-09-03T11:47:12Z,15442.0,15442.0,611,1537.90029,,,,,,,,,,,,,,,,1537.90029,0.16836000000012064,0.00014036656821342618,-0.008085000000292997,,,,1.3784563333358513,,,,0.8487103333348816,,,,4.351597500007912,,,,-0.37577026666734525,,,,-1.658188000003015,,,,-1.7142860000031184,,,,-1.6101521333362565,,,,-0.08377547406097463,,,,0.0,,,,0.0,,,,0.0,,,,0.0,,,,0.0,,,,0.0,,,,0.0
2025-09-03T11:47:12Z,15442.0,15442.142857142857,612,1537.8997,,,,,,,,,,,,,,,,1537.8997,0.16777000000001863,0.0001398746682653377,-0.008435000000205806,,,,1.378456333335853,,,,0.8487103333348816,,,,4.3515975000079195,,,,-0.37577026666734525,,,,-1.6581880000030154,,,,-1.7142860000031188,,,,-1.6101521333362627,,,,-0.08377547406097463,,,,0.0,,,,0.0,,,,0.0,,,,0.0,,,,0.0,,,,0.0,,,,0.0
2025-09-03T11:47:12Z,15442.0,15442.285714285714,613,1537.89788,,,,,,,,,,,,,,,,1537.89788,0.1659500000000662,0.00013835728198509552,-0.0074899999994068045,,,,1.3784563333358566,,,,0.8487103333348833,,,,4.3515975000079195,,,,-0.37577026666735946,,,,-1.6581880000030154,,,,-1.7142860000031126,,,,-1.6101521333362627,,,,-0.08377547406097108,,,,0.0,,,,0.0,,,,0.0,,,,0.0,,,,0.0,,,,0.0,,,,0.0
2025-09-03T11:47:12Z,15442.0,15442.42857142857,614,1537.89756,,,,,,,,,,,,,,,,1537.89756,0.165630000000192,0.0001380904887930629,-0.0011199999995687993,,,,1.3784563333270832,,,,0.8487103333294792,,,,4.351597499980208,,,,-0.37577026666495783,,,,-1.6581879999924585,,,,-1.7142859999922049,,,,-1.6101521333260058,,,,-0.08377547406044528,,,,0.0,,,,0.0,,,,0.0,,,,0.0,,,,0.0,,,,0.0,,,,0.0
2025-09-03T11:47:12Z,15442.0,15442.57142857143,615,1537.89631,,,,,,,,,,,,,,,,1537.89756,0.165630000000192,0.0001380904887930629,-1.1102230246251565e-16,,,,1.3784563333270743,,,,0.8487103333294774,,,,4.351597499980194,,,,-0.37577026666496494,,,,-1.6581879999924587,,,,-1.7142859999922049,,,,-1.6101521333260054,,,,-0.08377547406043817,,,,0.0,,,,0.0,,,,0.0,,,,0.0,,,,0.0,,,,0.0,,,,0.0
2025-09-03T11:47:13Z,15442.0,15442.714285714286,616,1537.89526,,,,,,,,,,,,,,,,1537.89756,0.165630000000192,0.0001380904887930629,0.598360000000818,1516.04288,4.149634999999989,0.0035187966408268844,0.6892281666679256,1513.77254,1.6093949999999495,0.0013644869800585294,0.424355166667441,,,,4.3515975000079195,,,,-0.37577026666735236,,,,-1.6581880000030154,,,,-1.7142860000031186,,,,-1.6101521333362627,,,,-0.08377547406097108,,,,0.0,,,,0.0,,,,0.0,,,,0.0,,,,0.0,,,,0.0,,,,0.0
2025-09-03T11:47:13Z,15442.0,15442.857142857143,617,1538.06852,,,,,,,,,,,,,,,,1538.06852,0.33659000000011474,0.00028062475169244103,2.6209750000045844,1516.04288,4.149634999999989,0.0035187966408268844,0.0,1513.77254,1.6093949999999495,0.0013644869800585294,0.0,,,,4.351597500007905,,,,-0.37577026666735236,,,,-1.6581880000030154,,,,-1.7142860000031186,,,,-1.6101521333362632,,,,-0.08377547406097463,,,,0.0,,,,0.0,,,,0.0,,,,0.0,,,,0.0,,,,0.0,,,,0.0
2025-09-03T11:47:13Z,15443.0,15443.0,618,1538.64641,1516.04288,1513.77254,,,,,,,,,,,,,,1538.64641,0.9144800000001396,0.000762428244830967,3.0586753333374226,1516.04288,4.149634999999989,0.0035187966408268844,-4.850922666662525,1513.77254,1.6093949999999495,0.0013644869800585294,-0.6314453333319863,,,,4.683147785717686,,,,-0.4044003822225193,,,,-1.7845261333346327,,,,-1.8448982666680038,,,,-1.7328303911123673,,,,-0.0901583673226618,,,,0.0,,,,0.0,,,,0.0,,,,0.0,,,,0.0,,,,0.0,,,,0.0
2025-09-03T11:47:13Z,15443.0,15443.125,619,1538.92084,,,,,,,,,,,,,,,,1538.92084,1.188910000000078,0.0009912284189505579,2.351039999999557,1514.905945,3.0126999999999953,0.0025547014712906475,-4.547739999999976,1513.6245450000001,1.4614000000001397,0.0012390129661505025,-0.5919799999992392,,,,4.97325428571429,,,,-0.4294517333333303,,,,-1.895071999999999,,,,-1.9591840000000005,,,,-1.8401738666666603,,,,-0.09574339892665051,,,,0.0,,,,0.0,,,,0.0,,,,0.0,,,,0.0,,,,0.0,,,,0.0
2025-09-03T11:47:13Z,15443.0,15443.25,620,1539.23417,,,,,,,,,,,,,,,,1539.23417,1.5022400000000289,0.0012524606404893698,3.369039999999586,1514.905945,3.0126999999999953,0.0025547014712906475,-0.040600000000267755,1513.6245450000001,1.4614000000001397,0.0012390129661505025,-0.5919800000001487,,,,4.97325428571429,,,,-0.4294517333333374,,,,-1.895071999999999,,,,-1.9591840000000005,,,,-1.8401738666666674,,,,-0.09574339892665407,,,,0.0,,,,0.0,,,,0.0,,,,0.0,,,,0.0,,,,0.0,,,,0.0
2025-09-03T11:47:13Z,15443.0,15443.375,621,1539.7631,1513.76901,1513.47655,,,,,,,,,,,,,,1539.7631,2.0311699999999746,0.0016934447752307972,3.1408799999999246,1514.895795,3.0025499999999283,0.0025460945008210453,4.46654000000035,1513.47655,1.3134050000001025,0.001113538952242283,21.04659999999967,,,,4.973254285714276,,,,-0.4294517333333374,,,,-1.895071999999999,,,,-1.9591839999999934,,,,-1.8401738666666674,,,,-0.09574339892665407,,,,0.0,,,,0.0,,,,0.0,,,,0.0,,,,0.0,,,,0.0,,,,0.0
2025-09-03T11:47:13Z,15443.0,15443.5,622,1540.01939,,,,,,,,,,,,,,,,1540.01939,2.28746000000001,0.001907121110271176,2.0279600000003484,1516.02258,4.129335000000083,0.0035015826998878725,4.507140000000618,1518.886195,6.7230500000000575,0.0056999768181725825,21.63857999999982,,,,4.973254285714276,,,,-0.4294517333333374,,,,-1.895072000000006,,,,-1.9591840000000005,,,,-1.8401738666666603,,,,-0.09574339892665051,,,,0.0,,,,0.0,,,,0.0,,,,0.0,,,,0.0,,,,0.0,,,,0.0
2025-09-03T11:47:13Z,15443.0,15443.625,623,1540.27009,1516.02258,,,,,,,,,,,,,,,1540.27009,2.5381600000000617,0.002116136901736417,2.1661199999998644,1516.02258,4.129335000000083,0.0035015826998878725,30.894959999999628,1518.886195,6.7230500000000575,0.0056999768181725825,21.63857999999982,,,,4.97325428571429,,,,-0.4294517333333303,,,,-1.895072000000006,,,,-1.9591840000000005,,,,-1.8401738666666674,,,,-0.09574339892665407,,,,0.0,,,,0.0,,,,0.0,,,,0.0,,,,0.0,,,,0.0,,,,0.0
2025-09-03T11:47:14Z,15443.0,15443.75,624,1540.56092,1526.33309,1524.29584,,,,,,,,,,,,,,1540.56092,2.828989999999976,0.0023586102269530333,2.2133599999997386,1523.74632,11.85307499999999,0.01005113955648369,27.63545999999951,1524.29584,12.132695000000012,0.010286414684102881,21.63857999999982,,,,4.973254285714276,,,,-0.4294517333333303,,,,-1.895071999999999,,,,-1.9591839999999934,,,,-1.8401738666666674,,,,-0.09574339892665407,,,,0.0,,,,0.0,,,,0.0,,,,0.0,,,,0.0,,,,0.0,,,,0.0
2025-09-03T11:47:14Z,15443.0,15443.875,625,1540.82343,,,,,,,,,,,,,,,,1540.82343,3.0914999999999964,0.0025774723546655716,2.597200000000157,1522.931445,11.03819999999996,0.0093601439839348,0.0,1524.29584,12.132695000000012,0.010286414684102881,0.0,,,,4.973254285714276,,,,-0.4294517333333374,,,,-1.895071999999999,,,,-1.9591840000000005,,,,-1.8401738666666603,,,,-0.09574339892665407,,,,0.0,,,,0.0,,,,0.0,,,,0.0,,,,0.0,,,,0.0,,,,0.0
2025-09-03T11:47:14Z,15444.0,15444.0,626,1541.21022,1523.74632,,,,,,,,,,,,,,,1541.21022,3.4782900000000154,0.002899950288374498,2.378639999999905,1523.74632,11.85307499999999,0.01005113955648369,-3.2595000000001164,1524.29584,12.132695000000012,0.010286414684102881,3.1860666666667967,,,,4.97325428571429,,,,-0.4294517333333374,,,,-1.895071999999999,,,,-1.9591840000000005,,,,-1.8401738666666603,,,,-0.09574339892665407,,,,0.0,,,,0.0,,,,0.0,,,,0.0,,,,0.0,,,,0.0,,,,0.0
2025-09-03T11:47:14Z,15444.0,15444.125,627,1541.41809,1522.11657,,,,,,,,,,,,,,,1541.41809,3.6861599999999726,0.003073257478529511,1.7179200000000492,1522.11657,10.223324999999932,0.008669148411385908,-3.2595000000001164,,,,6.3721333333336005,,,,4.97325428571429,,,,-0.4294517333333374,,,,-1.895071999999999,,,,-1.9591840000000005,,,,-1.8401738666666674,,,,-0.09574339892665051,,,,0.0,,,,0.0,,,,0.0,,,,0.0,,,,0.0,,,,0.0,,,,0.0
2025-09-03T11:47:14Z,15444.0,15444.25,628,1541.6397,,,,,,,,,,,,,,,,1541.6397,3.9077700000000277,0.0032580201013720084,1.6061200000003737,1522.931445,11.03819999999996,0.0093601439839348,12.275640000000749,,,,6.3721333333336005,,,,4.973254285714276,,,,-0.4294517333333374,,,,-1.895071999999999,,,,-1.9591840000000005,,,,-1.8401738666666674,,,,-0.09574339892665407,,,,0.0,,,,0.0,,,,0.0,,,,0.0,,,,0.0,,,,0.0,,,,0.0
2025-09-03T11:47:14Z,15444.0,15444.375,629,1541.81962,1519.67788,,,,,,,,,,,,,,,1541.81962,4.087690000000066,0.0034080245736513317,1.5779200000006313,1525.18548,13.292235000000119,0.011271514691552891,4.13876000000073,1526.68539,14.522245000000112,0.012312337383750325,3.1860666666667967,,,,4.973254285714276,,,,-0.4294517333333374,,,,-1.895071999999999,,,,-1.9591839999999934,,,,-1.8401738666666603,,,,-0.09574339892665407,,,,0.0,,,,0.0,,,,0.0,,,,0.0,,,,0.0,,,,0.0,,,,0.0
2025-09-03T11:47:14Z,15444.0,15444.5,630,1542.03418,1532.6676,,,,,,,,,,,,,,,1542.03418,4.3022500000001855,0.003586909408979604,1.5899600000002465,1523.9661350000001,12.072890000000143,0.01023753770562305,0.23607999999967433,1526.68539,14.522245000000112,0.012312337383750325,-4.020440000000235,,,,4.97325428571429,,,,-0.4294517333333374,,,,-1.895071999999999,,,,-1.9591839999999934,,,,-1.8401738666666674,,,,-0.09574339892665051,,,,0.0,,,,0.0,,,,0.0,,,,0.0,,,,0.0,,,,0.0,,,,0.0
2025-09-03T11:47:14Z,15444.0,15444.625,631,1542.21711,1528.25439,1526.68539,,,,,,,,,,,,,,1542.21711,4.485180000000128,0.0037394234047223905,1.9940399999995861,1525.2445,13.351255000000037,0.011321562316884111,11.133239999999205,1525.68028,13.517135000000053,0.011460178958673354,-4.020440000000235,,,,4.973254285714276,,,,-0.4294517333333303,,,,-1.895071999999999,,,,-1.9591840000000076,,,,-1.8401738666666674,,,,-0.09574339892665407,,,,0.0,,,,0.0,,,,0.0,,,,0.0,,,,0.0,,,,0.0,,,,0.0
2025-09-03T11:47:15Z,15444.0,15444.75,632,1542.53269,1517.31558,,,,,,,,,,,,,,,1542.53269,4.800760000000082,0.004002531515893422,1.9804800000001705,1526.749445,14.856199999999944,0.0125977216443018,0.0,1525.68028,13.517135000000053,0.011460178958673354,0.0,,,,4.973254285714276,,,,-0.4294517333333303,,,,-1.895072000000006,,,,-1.9591840000000076,,,,-1.8401738666666603,,,,-0.09574339892665407,,,,0.0,,,,0.0,,,,0.0,,,,0.0,,,,0.0,,,,0.0,,,,0.0
2025-09-03T11:47:15Z,15444.0,15444.875,633,1542.71223,1525.2445,1524.67517,,,,,,,,,,,,,,1542.71223,4.98030000000017,0.004152219171257124,1.7749999999996362,1525.2445,13.351255000000037,0.011321562316884111,-37.735459999999875,1525.68028,13.517135000000053,0.011460178958673354,-4.020440000000235,,,,4.97325428571429,,,,-0.4294517333333374,,,,-1.895072000000006,,,,-1.9591839999999934,,,,-1.8401738666666603,,,,-0.09574339892665051,,,,0.0,,,,0.0,,,,0.0,,,,0.0,,,,0.0,,,,0.0,,,,0.0
2025-09-03T11:47:15Z,15445.0,15445.0,634,1542.97644,,,,,,,,,,,,,,,,1542.97644,5.244509999999991,0.004372498637802726,1.4824399999997695,1517.31558,5.4223349999999755,0.004598017460195417,-0.01584000000002561,1524.67517,12.512024999999994,0.010608020533596382,-4.020440000000235,,,,4.97325428571429,,,,-0.4294517333333374,,,,-1.895071999999999,,,,-1.9591839999999934,,,,-1.8401738666666674,,,,-0.09574339892665407,,,,0.0,,,,0.0,,,,0.0,,,,0.0,,,,0.0,,,,0.0,,,,0.0
2025-09-03T11:47:15Z,15445.0,15445.125,635,1543.08284,,,,,,,,,,,,,,,,1543.08284,5.350910000000113,0.004461207374188536,0.8536000000003696,1525.24054,13.347295000000031,0.011318204326434904,31.699840000000222,1524.67517,12.512024999999994,0.010608020533596382,26.88952000000002,,,,4.97325428571429,,,,-0.4294517333333374,,,,-1.895071999999999,,,,-1.9591839999999934,,,,-1.8401738666666603,,,,-0.09574339892665407,,,,0.0,,,,0.0,,,,0.0,,,,0.0,,,,0.0,,,,0.0,,,,0.0
2025-09-03T11:47:15Z,15445.0,15445.25,636,1543.18984,1513.5389,,,,,,,,,,,,,,,1543.18984,5.4579100000000835,0.004550416347809478,1.1196799999997893,1525.24054,13.347295000000031,0.011318204326434904,14.219000000000051,,,,53.77904000000004,,,,4.97325428571429,,,,-0.4294517333333303,,,,-1.895071999999999,,,,-1.9591840000000076,,,,-1.8401738666666603,,,,-0.09574339892665051,,,,0.0,,,,0.0,,,,0.0,,,,0.0,,,,0.0,,,,0.0,,,,0.0
2025-09-03T11:47:15Z,15445.0,15445.375,637,1543.36276,1525.24054,,,,,,,,,,,,,,,1543.36276,5.63083000000006,0.004694584719010743,0.9379200000003038,1528.79529,16.902045000000044,0.01433255193989475,28.438000000000102,,,,53.77904000000005,,,,4.973254285714262,,,,-0.4294517333333303,,,,-1.895071999999999,,,,-1.9591840000000076,,,,-1.8401738666666745,,,,-0.09574339892665407,,,,0.0,,,,0.0,,,,0.0,,,,0.0,,,,0.0,,,,0.0,,,,0.0
2025-09-03T11:47:15Z,15445.0,15445.5,638,1543.42432,1532.35004,,,,,,,,,,,,,,,1543.42432,5.6923900000001595,0.0047459090593482715,0.45204000000012456,1532.35004,20.456795000000056,0.017346899553354594,47.840040000000045,1544.84231,32.67916500000001,0.027706246857785572,30.769579999999536,,,,4.973254285714262,,,,-0.4294517333333374,,,,-1.895071999999999,,,,-1.9591839999999934,,,,-1.8401738666666603,,,,-0.09574339892665407,,,,0.0,,,,0.0,,,,0.0,,,,0.0,,,,0.0,,,,0.0,,,,0.0
2025-09-03T11:47:15Z,15445.0,15445.625,639,1543.47577,1540.7553,,,,,,,,,,,,,,,1543.47577,5.743840000000091,0.0047888044022715666,20.585479999999734,1540.7553,28.862055000000055,0.024474369958167704,57.6910799999996,1545.8123249999999,33.64917999999989,0.02852865082819765,7.760119999999915,,,,4.97325428571429,,,,-0.4294517333333374,,,,-1.895071999999999,,,,-1.9591839999999934,,,,-1.8401738666666603,,,,-0.09574339892665051,,,,0.0,,,,0.0,,,,0.0,,,,0.0,,,,0.0,,,,0.0,,,,0.0
2025-09-03T11:47:16Z,15445.0,15445.75,640,1548.57069,1546.77281,1544.84231,,,,,,,,,,,,,,1548.57069,10.838760000000093,0.00903658556003729,20.434720000000198,1546.77281,34.87956499999996,0.029577082359172106,24.10815999999977,1546.78234,34.61919499999999,0.02935105479860992,11.927520000001095,1548.58883,28.327744999999823,0.023889068892973448,11.11772714285675,1546.78811,8.15994999999998,0.0067992219503992014,7.835174133333311,1530.8376,-5.942819999999983,-0.004957767486392089,39.003384000000224,1528.42323,-6.169869999999946,-0.005154519294782229,39.65328800000012,1526.53533,-6.167180000000144,-0.005158627309640936,39.588013066666676,1524.14351,-5.405584999999746,-0.004530902082281219,41.36494830053714,1524.05725,0.0,0.0,0.0,1522.14788,0.0,0.0,0.0,1520.35774,0.0,0.0,0.0,1518.40699,0.0,0.0,0.0,1518.40699,0.0,0.0,0.0,1516.07973,0.0,0.0,0.0,1516.07973,0.0,0.0,0.0
2025-09-03T11:47:16Z,15445.0,15445.875,641,1548.58445,1546.78234,1546.78234,,,,,,,,,,,,,,1548.58445,10.85252000000014,0.00904805766729924,0.05504000000019005,1546.78234,34.889095,0.029585163583662265,11.275680000000648,1548.7942050000001,36.63106000000016,0.03105676632258991,8.047460000000683,1550.7466049999998,30.485519999999724,0.025708741995457737,8.631099999999606,1548.800585,10.172424999999976,0.008476102837491601,8.04989999999998,1540.8253300000001,4.044910000000073,0.0033744456812393173,39.950920000000224,1538.5814500000001,3.988350000000082,0.0033320032722480874,40.632880000000114,1536.662355,3.9598449999998593,0.003312269880065753,40.50810000000001,1534.4967150000002,4.94762000000037,0.004147040840230786,41.412820000000465,1524.05725,0.0,0.0,0.0,1522.14788,0.0,0.0,0.0,1520.35774,0.0,0.0,0.0,1518.40699,0.0,0.0,0.0,1518.40699,0.0,0.0,0.0,1516.07973,0.0,0.0,0.0,1516.07973,0.0,0.0,0.0
2025-09-03T11:47:16Z,15446.0,15446.0,642,1552.7188,1552.40112,1550.80607,1548.58883,1546.78811,1530.8376,1528.42323,1526.53533,1524.14351,1524.05725,1522.14788,1520.35774,1518.40699,1518.40699,1516.07973,1516.07973,1548.58445,10.85252000000014,0.00904805766729924,0.0,1549.59173,37.69848500000012,0.0319674627725724,23.962444117621374,1548.7942050000001,36.63106000000016,0.03105676632258991,9.58594499997406,1550.7466049999998,30.485519999999724,0.025708741995457737,0.0,1548.800585,10.172424999999976,0.008476102837491601,-7.105427357601002e-15,1540.8253300000001,4.044910000000073,0.0033744456812393173,0.0,1538.5814500000001,3.988350000000082,0.0033320032722480874,0.0,1536.662355,3.9598449999998593,0.003312269880065753,0.0,1534.4967150000002,4.94762000000037,0.004147040840230786,3.552713678800501e-15,1524.05725,0.0,0.0,0.0,1522.14788,0.0,0.0,0.0,1520.35774,0.0,0.0,0.0,1518.40699,0.0,0.0,0.0,1518.40699,0.0,0.0,0.0,1516.07973,0.0,0.0,0.0,1516.07973,0.0,0.0,0.0
2025-09-03T11:47:16Z,15446.0,15446.111111111111,643,1559.08303,1557.08379,1555.0598,1552.90438,1550.81306,1550.81306,1548.73967,1546.78938,1544.84992,,,,,,,,1548.58445,10.85252000000014,0.00904805766729924,-21.52768499996109,1552.40112,40.50787500000001,0.03434976196148234,23.17826249995767,1550.80607,38.642925000000105,0.0327624778465697,18.624284999965653,1550.7466049999998,30.485519999999724,0.025708741995457737,0.0,1548.800585,10.172424999999976,0.008476102837491601,0.0,1540.8253300000001,4.044910000000073,0.0033744456812393173,0.0,1538.5814500000001,3.988350000000082,0.0033320032722480874,0.0,1536.662355,3.9598449999998593,0.003312269880065753,0.0,1534.4967150000002,4.94762000000037,0.004147040840230786,0.0,1524.05725,0.0,0.0,0.0,1522.14788,0.0,0.0,0.0,1520.35774,0.0,0.0,0.0,1518.40699,0.0,0.0,0.0,1518.40699,0.0,0.0,0.0,1516.07973,0.0,0.0,0.0,1516.07973,0.0,0.0,0.0
2025-09-03T11:47:16Z,15446.0,15446.222222222223,644,1543.76917,,,,,,,,,,,,,,,,1543.80052,6.068590000000086,0.005059557805854821,-21.52768499996109,1554.742455,42.849210000000085,0.03633516109491231,-84.56001749984615,1552.932935,40.76979000000006,0.03456568936446445,19.141784999964756,1550.7466049999998,30.485519999999724,0.025708741995457737,9.70998749998293,1548.800585,10.172424999999976,0.008476102837491601,9.056137499983507,1540.8253300000001,4.044910000000073,0.0033744456812393173,44.944784999917474,1538.5814500000001,3.988350000000082,0.0033320032722480874,45.71198999991596,1536.662355,3.9598449999998593,0.003312269880065753,45.57161249991712,1534.4967150000002,4.94762000000037,0.004147040840230786,46.58942249991476,1524.05725,0.0,0.0,0.0,1522.14788,0.0,0.0,0.0,1520.35774,0.0,0.0,0.0,1518.40699,0.0,0.0,0.0,1518.40699,0.0,0.0,0.0,1516.07973,0.0,0.0,0.0,1516.07973,0.0,0.0,0.0
2025-09-03T11:47:16Z,15446.0,15446.333333333334,645,1543.78355,,,,,,,,,,,,,,,,1543.80052,6.068590000000086,0.005059557805854821,-0.07208999999998511,1533.610005,21.716760000000022,0.018415321380710333,-199.58631749963712,1555.0598,42.89665500000001,0.03636890088235919,-192.57446249965002,1552.90438,32.64329499999985,0.027528415097942214,6.859711844250427,1550.81306,12.18489999999997,0.010152983724584001,8.37002363922526,1550.81306,14.032639999999901,0.011706658848870535,44.14579974675438,1548.73967,14.146569999999883,0.011818525839278213,44.90633506320856,1546.78938,14.086869999999863,0.011783167069772442,44.76923401890592,1544.84992,15.300825000000259,0.0128249837627426,45.6446896518152,,,,0.0,,,,0.0,,,,0.0,,,,0.0,,,,0.0,,,,0.0,,,,0.0
2025-09-03T11:47:16Z,15446.0,15446.444444444445,646,1543.80052,,,,,,,,,,,,,,,,1543.7845,6.05257000000006,0.0050462014716734175,-0.07208999999939536,1510.38994,-1.5033049999999548,-0.0012747686445044237,-104.49029249895453,1510.13861,-2.0245350000000144,-0.0017164534798311795,-202.14535499797776,,,,-5.700551311511703,,,,-1.3722277215277217,,,,-1.5979705063392728,,,,-1.6113098734279845,,,,-1.6047569620355304,,,,-1.889465696214586,,,,0.0,,,,0.0,,,,0.0,,,,0.0,,,,0.0,,,,0.0,,,,0.0
2025-09-03T11:47:16Z,15446.0,15446.555555555555,647,1543.81396,1510.13622,,,,,,,,,,,,,,,1543.7845,6.05257000000006,0.0050462014716734175,0.0,1510.38994,-1.5033049999999548,-0.0012747686445044237,1.141739999988264,1510.13861,-2.0245350000000144,-0.0017164534798311795,0.0,,,,-5.700551311511703,,,,-1.3722277215277217,,,,-1.5979705063392728,,,,-1.6113098734279845,,,,-1.6047569620355233,,,,-1.8894656962145717,,,,0.0,,,,0.0,,,,0.0,,,,0.0,,,,0.0,,,,0.0,,,,0.0
2025-09-03T11:47:17Z,15446.0,15446.666666666666,648,1543.7845,1510.64366,1510.13861,,,,,,,,,,,,,,1543.7845,6.05257000000006,0.0050462014716734175,-10.6339499999808,1510.64366,-1.2495850000000246,-0.0010596198220874271,5.324737499989716,1510.13861,-2.0245350000000144,-0.0017164534798311795,4.494779999991702,,,,-5.700551311465034,,,,-1.372227721516488,,,,-1.5979705063261846,,,,-1.6113098734147897,,,,-1.6047569620223996,,,,-1.8894656961991103,,,,0.0,,,,0.0,,,,0.0,,,,0.0,,,,0.0,,,,0.0,,,,0.0
2025-09-03T11:47:17Z,15446.0,15446.777777777777,649,1541.4214,,,,,,,,,,,,,,,,1541.4214,3.6894700000000284,0.0030760171206107296,-12.58028999997654,1511.573215,-0.32003000000008797,-0.00027137820289354134,25.18125749995455,1511.13745,-1.0256950000000415,-0.0008696109239877308,4.494779999991702,,,,-5.700551311465034,,,,-1.372227721516488,,,,-1.5979705063261918,,,,-1.6113098734147897,,,,-1.6047569620223925,,,,-1.8894656961991103,,,,0.0,,,,0.0,,,,0.0,,,,0.0,,,,0.0,,,,0.0,,,,0.0
2025-09-03T11:47:17Z,15446.0,15446.888888888889,650,1540.98888,1528.30915,,,,,,,,,,,,,,,1540.98888,3.256950000000188,0.002715412772288057,-3.1415849999942473,1516.239495,4.346250000000055,0.0036855217146072074,28.935674999947995,1511.13745,-1.0256950000000415,-0.0008696109239877308,4.494779999991701,,,,-5.700551311465034,,,,-1.372227721516495,,,,-1.5979705063261918,,,,-1.6113098734147968,,,,-1.6047569620223854,,,,-1.8894656961991103,,,,0.0,,,,0.0,,,,0.0,,,,0.0,,,,0.0,,,,0.0,,,,0.0
2025-09-03T11:47:17Z,15447.0,15447.0,651,1540.72327,1512.50277,1512.13629,,,,,,,,,,,,,,1540.72327,2.9913400000000365,0.0024939660855265774,-2.9643017647044623,1518.003365,6.110120000000052,0.005181243586737002,8.40432176468339,1512.13629,-0.026855000000068685,-2.276836814428197e-05,4.759178823516551,,,,-5.40248326903955,,,,-1.3004772524185668,,,,-1.5144164929246458,,,,-1.527058376766803,,,,-1.5208481012641926,,,,-1.7906701042423379,,,,0.0,,,,0.0,,,,0.0,,,,0.0,,,,0.0,,,,0.0,,,,0.0
2025-09-03T11:47:17Z,15447.0,15447.125,652,1540.27204,1519.97622,,,,,,,,,,,,,,,1540.27204,2.5401100000001406,0.0021177626727510706,-2.6941600000000108,1518.003365,6.110120000000052,0.005181243586737002,0.0,1512.13629,-0.026855000000068685,-2.276836814428197e-05,24.15466000000015,,,,-5.067156721311463,,,,-1.2197579746835459,,,,-1.4204182278480815,,,,-1.4322754430379803,,,,-1.42645063291139,,,,-1.6795250632911518,,,,0.0,,,,0.0,,,,0.0,,,,0.0,,,,0.0,,,,0.0,,,,0.0
2025-09-03T11:47:17Z,15447.0,15447.25,653,1540.04973,1516.03051,,,,,,,,,,,,,,,1540.04973,2.317800000000034,0.0019324164398007296,-1.7057599999998274,1518.003365,6.110120000000052,0.005181243586737002,0.0,1518.174955,6.011809999999969,0.005096969029719791,48.3093200000003,,,,-5.067156721311477,,,,-1.2197579746835459,,,,-1.4204182278480886,,,,-1.4322754430379732,,,,-1.42645063291139,,,,-1.6795250632911518,,,,0.0,,,,0.0,,,,0.0,,,,0.0,,,,0.0,,,,0.0,,,,0.0
2025-09-03T11:47:17Z,15447.0,15447.375,654,1539.8456,,,,,,,,,,,,,,,,1539.8456,2.113670000000184,0.0017622273950789126,-1.8497200000001612,1518.003365,6.110120000000052,0.005181243586737002,-7.8914199999999255,1524.21362,12.050475000000006,0.010216706427583863,24.15466000000015,,,,-5.067156721311477,,,,-1.2197579746835459,,,,-1.4204182278480886,,,,-1.4322754430379732,,,,-1.42645063291139,,,,-1.679525063291159,,,,0.0,,,,0.0,,,,0.0,,,,0.0,,,,0.0,,,,0.0,,,,0.0
2025-09-03T11:47:17Z,15447.0,15447.5,655,1539.5873,1525.0801,1524.21362,,,,,,,,,,,,,,1539.5873,1.8553699999999935,0.0015468752653002911,-2.5547200000000885,1516.03051,4.13726500000007,0.0035083071605601277,1.4794799999999668,1524.21362,12.050475000000006,0.010216706427583863,0.0,,,,-5.067156721311477,,,,-1.2197579746835459,,,,-1.4204182278480815,,,,-1.4322754430379803,,,,-1.4264506329113829,,,,-1.679525063291159,,,,0.0,,,,0.0,,,,0.0,,,,0.0,,,,0.0,,,,0.0,,,,0.0
2025-09-03T11:47:18Z,15447.0,15447.625,656,1539.20692,1511.66637,,,,,,,,,,,,,,,1539.20692,1.4749900000001617,0.0012297415327215244,-2.2905599999994593,1518.373235,6.479990000000043,0.005494884982556783,-17.456560000000536,1524.21362,12.050475000000006,0.010216706427583863,0.0,,,,-5.067156721311477,,,,-1.2197579746835459,,,,-1.4204182278480815,,,,-1.4322754430379803,,,,-1.42645063291139,,,,-1.679525063291159,,,,0.0,,,,0.0,,,,0.0,,,,0.0,,,,0.0,,,,0.0,,,,0.0
2025-09-03T11:47:18Z,15447.0,15447.75,657,1539.01466,,,,,,,,,,,,,,,,1539.01466,1.2827300000001287,0.0010694488479704042,-1.6189600000006976,1511.66637,-0.22687500000006366,-0.0001923848694855874,-29.87996000000021,1524.21362,12.050475000000006,0.010216706427583863,-24.09292000000005,,,,-5.067156721311477,,,,-1.219757974683553,,,,-1.4204182278480886,,,,-1.4322754430379803,,,,-1.42645063291139,,,,-1.679525063291159,,,,0.0,,,,0.0,,,,0.0,,,,0.0,,,,0.0,,,,0.0,,,,0.0
2025-09-03T11:47:18Z,15447.0,15447.875,658,1538.80218,,,,,,,,,,,,,,,,1538.80218,1.0702499999999873,0.000892298168391007,-1.7308400000001711,1510.903245,-0.9900000000000091,-0.0008394976123005172,0.5632800000003044,,,,-48.1858400000001,,,,-5.067156721311463,,,,-1.219757974683553,,,,-1.4204182278480886,,,,-1.4322754430379803,,,,-1.42645063291139,,,,-1.6795250632911518,,,,0.0,,,,0.0,,,,0.0,,,,0.0,,,,0.0,,,,0.0,,,,0.0
2025-09-03T11:47:18Z,15448.0,15448.0,659,1538.58195,1510.14012,,,,,,,,,,,,,,,1538.58195,0.8500200000000859,0.0007086860911897309,-2.1413199999997232,1511.80719,-0.08605499999998756,-7.297269396617162e-05,10.284059999999954,1512.16716,0.004014999999981228,3.404021526666576e-06,-24.09292000000005,,,,-5.067156721311477,,,,-1.2197579746835459,,,,-1.4204182278480886,,,,-1.4322754430379803,,,,-1.42645063291139,,,,-1.6795250632911518,,,,0.0,,,,0.0,,,,0.0,,,,0.0,,,,0.0,,,,0.0,,,,0.0
2025-09-03T11:47:18Z,15448.0,15448.125,660,1538.26685,,,,,,,,,,,,,,,,1538.26685,0.5349200000000565,0.0004459781698068428,-1.9020399999999427,1513.47426,1.5810149999999794,0.0013406649671831039,6.655420000000049,1512.16716,0.004014999999981228,3.404021526666576e-06,0.0,,,,-5.067156721311477,,,,-1.2197579746835459,,,,-1.4204182278480815,,,,-1.4322754430379732,,,,-1.4264506329113829,,,,-1.6795250632911518,,,,0.0,,,,0.0,,,,0.0,,,,0.0,,,,0.0,,,,0.0,,,,0.0
2025-09-03T11:47:18Z,15448.0,15448.25,661,1538.10644,1513.47426,1512.16716,,,,,,,,,,,,,,1538.10644,0.37451000000010026,0.000312239744960719,-1.138560000000325,1513.471045,1.5778000000000247,0.0013379387198866309,-0.012859999999818683,1512.16716,0.004014999999981228,3.404021526666576e-06,0.0,,,,-5.067156721311477,,,,-1.2197579746835459,,,,-1.4204182278480815,,,,-1.4322754430379732,,,,-1.42645063291139,,,,-1.679525063291159,,,,0.0,,,,0.0,,,,0.0,,,,0.0,,,,0.0,,,,0.0,,,,0.0
2025-09-03T11:47:18Z,15448.0,15448.375,662,1537.98221,1516.12907,,,,,,,,,,,,,,,1537.98221,0.2502799999999752,0.00020866562540049685,-0.5564000000003944,1513.471045,1.5778000000000247,0.0013379387198866309,-0.012859999999818683,1512.16716,0.004014999999981228,3.404021526666576e-06,-4.060059999999794,,,,-5.067156721311477,,,,-1.2197579746835459,,,,-1.4204182278480886,,,,-1.4322754430379803,,,,-1.42645063291139,,,,-1.679525063291159,,,,0.0,,,,0.0,,,,0.0,,,,0.0,,,,0.0,,,,0.0,,,,0.0
2025-09-03T11:47:18Z,15448.0,15448.5,663,1537.96734,1513.46783,,,,,,,,,,,,,,,1537.96734,0.23541000000000167,0.00019626807925338094,-0.06855999999970663,1513.46783,1.57458500000007,0.001335212472590158,-3.2068200000003344,1511.152145,-1.0109999999999673,-0.0008571521204174064,-8.120119999999588,,,,-5.067156721311463,,,,-1.2197579746835459,,,,-1.4204182278480815,,,,-1.4322754430379803,,,,-1.42645063291139,,,,-1.6795250632911518,,,,0.0,,,,0.0,,,,0.0,,,,0.0,,,,0.0,,,,0.0,,,,0.0
2025-09-03T11:47:18Z,15448.0,15448.625,664,1537.96507,1511.87085,,,,,,,,,,,,,,,1537.96507,0.23314000000004853,0.00019437551504669485,-0.021999999999934516,1512.66934,0.7760949999999411,0.000658111009513449,-6.387920000000122,1510.13713,-2.0260149999999157,-0.0017177082623614794,-4.060059999999794,,,,-5.067156721311477,,,,-1.2197579746835459,,,,-1.4204182278480815,,,,-1.4322754430379732,,,,-1.42645063291139,,,,-1.679525063291159,,,,0.0,,,,0.0,,,,0.0,,,,0.0,,,,0.0,,,,0.0,,,,0.0
2025-09-03T11:47:19Z,15448.0,15448.75,665,1537.96184,1510.64597,1510.13713,,,,,,,,,,,,,,1537.96184,0.22991000000001804,0.00019168257126353185,-0.04343999999946391,1511.87085,-0.02239499999996042,-1.8990453563067356e-05,-5.64372000000003,1510.13713,-2.0260149999999157,-0.0017177082623614794,0.0,,,,-5.067156721311477,,,,-1.2197579746835459,,,,-1.4204182278480886,,,,-1.4322754430379732,,,,-1.4264506329113829,,,,-1.679525063291159,,,,0.0,,,,0.0,,,,0.0,,,,0.0,,,,0.0,,,,0.0,,,,0.0
2025-09-03T11:47:19Z,15448.0,15448.875,666,1537.95421,,,,,,,,,,,,,,,,1537.95421,0.22228000000018255,0.00018532122108864125,-0.053439999999682186,1511.25841,-0.6348350000000664,-0.0005383257239442926,-4.899519999999939,1510.13713,-2.0260149999999157,-0.0017177082623614794,0.0,,,,-5.067156721311477,,,,-1.2197579746835459,,,,-1.4204182278480886,,,,-1.4322754430379803,,,,-1.42645063291139,,,,-1.6795250632911518,,,,0.0,,,,0.0,,,,0.0,,,,0.0,,,,0.0,,,,0.0,,,,0.0
2025-09-03T11:47:19Z,15449.0,15449.0,667,1537.94848,,,,,,,,,,,,,,,,1537.94848,0.2165500000000975,0.00018054395549185878,-0.028600000000551518,1510.64597,-1.247274999999945,-0.0010576609943253252,-1.7755937499995298,1510.13713,-2.0260149999999157,-0.0017177082623614794,0.4539424999999824,,,,-5.067156721311477,,,,-1.2197579746835459,,,,-1.4204182278480886,,,,-1.4322754430379803,,,,-1.426450632911397,,,,-1.6795250632911518,,,,0.0,,,,0.0,,,,0.0,,,,0.0,,,,0.0,,,,0.0,,,,0.0
2025-09-03T11:47:19Z,15449.0,15449.125,668,1537.94706,,,,,,,,,,,,,,,,1537.94706,0.21513000000004467,0.00017936006070170475,-0.02088000000003376,,,,1.3483324999999695,,,,0.9078849999999647,,,,-5.067156721311477,,,,-1.2197579746835459,,,,-1.4204182278480815,,,,-1.4322754430379803,,,,-1.42645063291139,,,,-1.679525063291159,,,,0.0,,,,0.0,,,,0.0,,,,0.0,,,,0.0,,,,0.0,,,,0.0
2025-09-03T11:47:19Z,15449.0,15449.25,669,1537.94326,,,,,,,,,,,,,,,,1537.94326,0.21133000000008906,0.0001761918915451093,-0.02271999999993568,,,,1.3483324999999695,,,,0.9078849999999647,,,,-5.067156721311463,,,,-1.2197579746835459,,,,-1.4204182278480815,,,,-1.4322754430379803,,,,-1.4264506329113829,,,,-1.679525063291159,,,,0.0,,,,0.0,,,,0.0,,,,0.0,,,,0.0,,,,0.0,,,,0.0
2025-09-03T11:47:19Z,15449.0,15449.375,670,1537.94138,,,,,,,,,,,,,,,,1537.94138,0.20945000000006075,0.00017462448154127808,-0.02768000000014581,,,,1.3483324999999695,,,,0.9078849999999647,,,,-5.067156721311477,,,,-1.2197579746835459,,,,-1.4204182278480886,,,,-1.4322754430379803,,,,-1.4264506329113829,,,,-1.679525063291159,,,,0.0,,,,0.0,,,,0.0,,,,0.0,,,,0.0,,,,0.0,,,,0.0
2025-09-03T11:47:19Z,15449.0,15449.5,671,1537.93634,,,,,,,,,,,,,,,,1537.93634,0.2044100000000526,0.00017042248876510615,-0.026119999999536958,,,,1.3483324999999695,,,,0.9078849999999647,,,,-5.067156721311477,,,,-1.219757974683553,,,,-1.4204182278480815,,,,-1.4322754430379803,,,,-1.42645063291139,,,,-1.679525063291159,,,,0.0,,,,0.0,,,,0.0,,,,0.0,,,,0.0,,,,0.0,,,,0.0
2025-09-03T11:47:20Z,15449.0,15449.625,672,1537.93485,,,,,,,,,,,,,,,,1537.93485,0.20292000000017651,0.00016918023296431936,-0.016399999999521242,,,,1.3483324999999695,,,,0.9078849999999647,,,,-5.067156721311463,,,,-1.2197579746835494,,,,-1.4204182278480886,,,,-1.4322754430379732,,,,-1.426450632911397,,,,-1.6795250632911518,,,,0.0,,,,0.0,,,,0.0,,,,0.0,,,,0.0,,,,0.0,,,,0.0
2025-09-03T11:47:20Z,15449.0,15449.75,673,1537.93224,,,,,,,,,,,,,,,,1537.93224,0.2003100000001723,0.00016700420099094462,-0.015200000000731961,,,,1.3483324999999695,,,,0.9078849999999647,,,,-5.067156721311477,,,,-1.2197579746835423,,,,-1.4204182278480886,,,,-1.4322754430379732,,,,-1.42645063291139,,,,-1.6795250632911518,,,,0.0,,,,0.0,,,,0.0,,,,0.0,,,,0.0,,,,0.0,,,,0.0
2025-09-03T11:47:20Z,15449.0,15449.875,674,1537.93105,,,,,,,,,,,,,,,,1537.93105,0.19911999999999352,0.00016601206380753437,-0.014720000000124855,,,,1.3483324999999695,,,,0.9078849999999647,,,,-5.067156721311477,,,,-1.2197579746835459,,,,-1.4204182278480815,,,,-1.4322754430379803,,,,-1.4264506329113829,,,,-1.6795250632911518,,,,0.0,,,,0.0,,,,0.0,,,,0.0,,,,0.0,,,,0.0,,,,0.0
2025-09-03T11:47:20Z,15450.0,15450.0,675,1537.92856,,,,,,,,,,,,,,,,1537.92856,0.19663000000014108,0.0001639360792813377,-0.017950588234738607,,,,1.437560386027842,,,,0.9679656249989277,,,,-5.40248326903955,,,,-1.3004772524185668,,,,-1.5144164929246458,,,,-1.5270583767667887,,,,-1.5208481012641926,,,,-1.7906701042423308,,,,0.0,,,,0.0,,,,0.0,,,,0.0,,,,0.0,,,,0.0,,,,0.0
2025-09-03T11:47:20Z,15450.0,15450.111111111111,676,1537.92676,,,,,,,,,,,,,,,,1537.92676,0.19483000000013817,0.00016243536757556203,-0.017054999999882914,,,,1.5168740624972066,,,,1.0213706249981023,,,,-5.700551311465041,,,,-1.372227721516495,,,,-1.5979705063261846,,,,-1.6113098734147897,,,,-1.6047569620223996,,,,-1.8894656961991103,,,,0.0,,,,0.0,,,,0.0,,,,0.0,,,,0.0,,,,0.0,,,,0.0
2025-09-03T11:47:20Z,15450.0,15450.222222222223,677,1537.92477,,,,,,,,,,,,,,,,1537.92477,0.19284000000016022,0.00016077624741197552,-0.011880000000679791,,,,1.5168740624972066,,,,1.0213706249981023,,,,-5.700551311465041,,,,-1.372227721516495,,,,-1.5979705063261989,,,,-1.6113098734147968,,,,-1.6047569620223996,,,,-1.8894656961991245,,,,0.0,,,,0.0,,,,0.0,,,,0.0,,,,0.0,,,,0.0,,,,0.0
2025-09-03T11:47:20Z,15450.0,15450.333333333334,678,1537.92412,,,,,,,,,,,,,,,,1537.92412,0.19218999999998232,0.00016023432374029798,-0.015794999999996784,,,,1.5168740624972066,,,,1.0213706249981023,,,,-5.700551311465041,,,,-1.372227721516495,,,,-1.5979705063261918,,,,-1.6113098734147968,,,,-1.6047569620223925,,,,-1.8894656961991174,,,,0.0,,,,0.0,,,,0.0,,,,0.0,,,,0.0,,,,0.0,,,,0.0
2025-09-03T11:47:20Z,15450.0,15450.444444444445,679,1537.92126,,,,,,,,,,,,,,,,1537.92126,0.18933000000015454,0.00015784985958571294,-0.019124999999816983,,,,1.5168740625096229,,,,1.0213706250064627,,,,-5.700551311511703,,,,-1.3722277215277252,,,,-1.5979705063392586,,,,-1.6113098734279916,,,,-1.6047569620355233,,,,-1.8894656962145788,,,,0.0,,,,0.0,,,,0.0,,,,0.0,,,,0.0,,,,0.0,,,,0.0
2025-09-03T11:47:20Z,15450.0,15450.555555555555,680,1537.91987,,,,,,,,,,,,,,,,1537.91987,0.18794000000002598,0.0001566909766572586,-0.008370000000475719,,,,1.5168740625096224,,,,1.0213706250064627,,,,-5.700551311511703,,,,-1.3722277215277252,,,,-1.5979705063392728,,,,-1.6113098734279916,,,,-1.6047569620355233,,,,-1.8894656962145788,,,,0.0,,,,0.0,,,,0.0,,,,0.0,,,,0.0,,,,0.0,,,,0.0
2025-09-03T11:47:21Z,15450.0,15450.666666666666,681,1537.9194,,,,,,,,,,,,,,,,1537.9194,0.18747000000007574,0.0001562991241563482,-0.01611000000022411,,,,1.516874062497207,,,,1.0213706249981023,,,,-5.700551311465041,,,,-1.372227721516495,,,,-1.5979705063261846,,,,-1.6113098734147968,,,,-1.6047569620223925,,,,-1.8894656961991174,,,,0.0,,,,0.0,,,,0.0,,,,0.0,,,,0.0,,,,0.0,,,,0.0
2025-09-03T11:47:21Z,15450.0,15450.777777777777,682,1537.91629,,,,,,,,,,,,,,,,1537.91629,0.18435999999996966,0.00015370622782017373,-0.014624999999883315,,,,1.5168740624972061,,,,1.0213706249981023,,,,-5.700551311465027,,,,-1.372227721516495,,,,-1.5979705063261918,,,,-1.6113098734147968,,,,-1.6047569620223925,,,,-1.8894656961991174,,,,0.0,,,,0.0,,,,0.0,,,,0.0,,,,0.0,,,,0.0,,,,0.0
2025-09-03T11:47:21Z,15450.0,15450.888888888889,683,1537.91615,,,,,,,,,,,,,,,,1537.91615,0.18422000000009575,0.00015358950579871873,-0.005624999999089386,,,,1.5168740624972061,,,,1.0213706249981025,,,,-5.700551311465027,,,,-1.372227721516495,,,,-1.5979705063261918,,,,-1.6113098734147968,,,,-1.6047569620223925,,,,-1.8894656961991103,,,,0.0,,,,0.0,,,,0.0,,,,0.0,,,,0.0,,,,0.0,,,,0.0
2025-09-03T11:47:21Z,15451.0,15451.0,684,1537.91504,,,,,,,,,,,,,,,,1537.91504,0.18311000000016975,0.00015266406691355358,-0.011384999999884071,,,,1.516874062497207,,,,1.0213706249981025,,,,-5.700551311465041,,,,-1.372227721516495,,,,-1.5979705063261882,,,,-1.6113098734147897,,,,-1.604756962022389,,,,-1.8894656961991103,,,,0.0,,,,0.0,,,,0.0,,,,0.0,,,,0.0,,,,0.0,,,,0.0
2025-09-03T11:47:21Z,15451.0,15451.111111111111,685,1537.91362,,,,,,,,,,,,,,,,1537.91362,0.18169000000011692,0.00015148017212339952,-0.010485000000111655,,,,1.5168740624972061,,,,1.0213706249981025,,,,-5.700551311465041,,,,-1.372227721516495,,,,-1.5979705063261882,,,,-1.6113098734147897,,,,-1.6047569620223925,,,,-1.8894656961991174,,,,0.0,,,,0.0,,,,0.0,,,,0.0,,,,0.0,,,,0.0,,,,0.0
2025-09-03T11:47:21Z,15451.0,15451.222222222223,686,1537.91271,,,,,,,,,,,,,,,,1537.91271,0.18078000000014072,0.00015072147898327842,-0.011744999999997563,,,,1.516874062497207,,,,1.0213706249981025,,,,-5.700551311465045,,,,-1.3722277215164915,,,,-1.5979705063261882,,,,-1.6113098734147968,,,,-1.604756962022396,,,,-1.8894656961991174,,,,0.0,,,,0.0,,,,0.0,,,,0.0,,,,0.0,,,,0.0,,,,0.0
2025-09-03T11:47:21Z,15451.0,15451.333333333334,687,1537.91101,,,,,,,,,,,,,,,,1537.91101,0.1790800000001127,0.00014930414015002476,-0.012465000000224769,,,,1.516874062497207,,,,1.0213706249981025,,,,-5.700551311465041,,,,-1.3722277215164915,,,,-1.5979705063261882,,,,-1.6113098734147933,,,,-1.6047569620223925,,,,-1.8894656961991068,,,,0.0,,,,0.0,,,,0.0,,,,0.0,,,,0.0,,,,0.0,,,,0.0
2025-09-03T11:47:21Z,15451.0,15451.444444444445,688,1537.90994,,,,,,,,,,,,,,,,1537.90994,0.1780100000000857,0.0001484120504137926,-0.00891000000005937,,,,1.516874062509622,,,,1.0213706250064627,,,,-5.700551311511706,,,,-1.3722277215277252,,,,-1.5979705063392693,,,,-1.611309873427981,,,,-1.6047569620355304,,,,-1.8894656962145753,,,,0.0,,,,0.0,,,,0.0,,,,0.0,,,,0.0,,,,0.0,,,,0.0
2025-09-03T11:47:21Z,15451.0,15451.555555555555,689,1537.90903,,,,,,,,,,,,,,,,1537.90903,0.1771000000001095,0.0001476533572736715,-0.007424999999730786,,,,1.516874062509622,,,,1.021370625006463,,,,-5.700551311511703,,,,-1.3722277215277252,,,,-1.5979705063392693,,,,-1.611309873427981,,,,-1.6047569620355269,,,,-1.8894656962145824,,,,0.0,,,,0.0,,,,0.0,,,,0.0,,,,0.0,,,,0.0,,,,0.0
2025-09-03T11:47:22Z,15451.0,15451.666666666666,690,1537.90829,,,,,,,,,,,,,,,,1537.90829,0.17636000000015883,0.00014703639801689474,-0.006209999999657656,,,,1.516874062497207,,,,1.0213706249981023,,,,-5.700551311465043,,,,-1.3722277215164915,,,,-1.5979705063261882,,,,-1.6113098734147933,,,,-1.6047569620223925,,,,-1.8894656961991174,,,,0.0,,,,0.0,,,,0.0,,,,0.0,,,,0.0,,,,0.0,,,,0.0
2025-09-03T11:47:22Z,15451.0,15451.777777777777,691,1537.90765,,,,,,,,,,,,,,,,1537.90765,0.17572000000018306,0.00014650281163264002,-0.010934999999997808,,,,1.5168740624972052,,,,1.0213706249981023,,,,-5.700551311465043,,,,-1.372227721516495,,,,-1.5979705063261882,,,,-1.6113098734147968,,,,-1.6047569620223925,,,,-1.8894656961991103,,,,0.0,,,,0.0,,,,0.0,,,,0.0,,,,0.0,,,,0.0,,,,0.0
2025-09-03T11:47:22Z,15451.0,15451.888888888889,692,1537.90586,,,,,,,,,,,,,,,,1537.90586,0.1739300000001549,0.00014501043721409758,-0.010170000000907509,,,,1.516874062497207,,,,1.0213706249981027,,,,-5.700551311465043,,,,-1.372227721516495,,,,-1.5979705063261953,,,,-1.6113098734147968,,,,-1.604756962022396,,,,-1.8894656961991174,,,,0.0,,,,0.0,,,,0.0,,,,0.0,,,,0.0,,,,0.0,,,,0.0
2025-09-03T11:47:22Z,15452.0,15452.0,693,1537.90539,,,,,,,,,,,,,,,,1537.90539,0.1734599999999773,0.0001446185847129976,-0.006615000000680715,,,,1.516874062497207,,,,1.0213706249981027,,,,-5.700551311465027,,,,-1.372227721516495,,,,-1.5979705063261953,,,,-1.6113098734147968,,,,-1.604756962022396,,,,-1.8894656961991174,,,,0.0,,,,0.0,,,,0.0,,,,0.0,,,,0.0,,,,0.0,,,,0.0
2025-09-03T11:47:22Z,15452.0,15452.111111111111,694,1537.90439,,,,,,,,,,,,,,,,1537.90439,0.17246000000000095,0.00014378485598758771,-0.00850499999999832,,,,1.516874062497207,,,,1.0213706249981023,,,,-5.700551311465025,,,,-1.372227721516495,,,,-1.5979705063261846,,,,-1.6113098734147897,,,,-1.6047569620223854,,,,-1.8894656961991068,,,,0.0,,,,0.0,,,,0.0,,,,0.0,,,,0.0,,,,0.0,,,,0.0
2025-09-03T11:47:22Z,15452.0,15452.222222222223,695,1537.9035,,,,,,,,,,,,,,,,1537.9035,0.17156999999997424,0.0001430428374219331,-0.006479999999998709,,,,1.5168740624972052,,,,1.0213706249981023,,,,-5.700551311465042,,,,-1.372227721516495,,,,-1.5979705063261846,,,,-1.6113098734147897,,,,-1.604756962022396,,,,-1.8894656961991068,,,,0.0,,,,0.0,,,,0.0,,,,0.0,,,,0.0,,,,0.0,,,,0.0
2025-09-03T11:47:22Z,15452.0,15452.333333333334,696,1537.90295,,,,,,,,,,,,,,,,1537.90295,0.17101999999999862,0.00014258428662296716,-0.0064349999990891416,,,,1.5168740624972052,,,,1.0213706249981023,,,,-5.700551311465059,,,,-1.372227721516495,,,,-1.5979705063261918,,,,-1.6113098734147968,,,,-1.604756962022396,,,,-1.8894656961991174,,,,0.0,,,,0.0,,,,0.0,,,,0.0,,,,0.0,,,,0.0,,,,0.0
2025-09-03T11:47:22Z,15452.0,15452.444444444445,697,1537.90207,,,,,,,,,,,,,,,,1537.90207,0.17014000000017404,0.0001418506053447354,-0.00395999999917096,,,,1.516874062509622,,,,1.0213706250064627,,,,-5.7005513115117035,,,,-1.372227721527718,,,,-1.5979705063392728,,,,-1.6113098734279845,,,,-1.6047569620355269,,,,-1.889465696214586,,,,0.0,,,,0.0,,,,0.0,,,,0.0,,,,0.0,,,,0.0,,,,0.0
2025-09-03T11:47:22Z,15452.0,15452.555555555555,698,1537.90128,,,,,,,,,,,,,,,,1537.90207,0.17014000000017404,0.0001418506053447354,0.0,,,,1.516874062509622,,,,1.0213706250064627,,,,-5.700551311511672,,,,-1.3722277215277323,,,,-1.5979705063392657,,,,-1.611309873427988,,,,-1.6047569620355269,,,,-1.8894656962145753,,,,0.0,,,,0.0,,,,0.0,,,,0.0,,,,0.0,,,,0.0,,,,0.0
2025-09-03T11:47:23Z,15452.0,15452.666666666666,699,1537.90072,,,,,,,,,,,,,,,,1537.90207,0.17014000000017404,0.0001418506053447354,1.0130399999974078,1516.0393,4.146054999999933,0.0035157608817843766,0.7554220312490578,1513.76867,1.6055249999999432,0.0013612058933067778,0.5106853124990511,,,,-5.700551311465043,,,,-1.3722277215165022,,,,-1.5979705063261846,,,,-1.6113098734147968,,,,-1.604756962022389,,,,-1.8894656961991103,,,,0.0,,,,0.0,,,,0.0,,,,0.0,,,,0.0,,,,0.0,,,,0.0
2025-09-03T11:47:23Z,15452.0,15452.777777777777,700,1538.12719,,,,,,,,,,,,,,,,1538.12719,0.3952600000000075,0.0003295396160133056,2.64383999999435,1516.03863,4.145385000000033,0.0035151927369357324,-0.003014999999543022,1513.76867,1.6055249999999432,0.0013612058933067778,0.0,,,,-5.700551311465042,,,,-1.372227721516495,,,,-1.5979705063261918,,,,-1.6113098734147862,,,,-1.604756962022396,,,,-1.8894656961991156,,,,0.0,,,,0.0,,,,0.0,,,,0.0,,,,0.0,,,,0.0,,,,0.0
2025-09-03T11:47:23Z,15452.0,15452.888888888889,701,1538.48959,1516.0393,1513.76867,,,,,,,,,,,,,,1538.48959,0.7576599999999871,0.0006316829061089717,2.67511499999514,1516.03863,4.145385000000033,0.0035151927369357324,-0.003014999999543022,1513.76867,1.6055249999999432,0.0013612058933067778,0.0,,,,-5.700551311465041,,,,-1.3722277215164915,,,,-1.5979705063261953,,,,-1.6113098734147862,,,,-1.6047569620223925,,,,-1.8894656961991156,,,,0.0,,,,0.0,,,,0.0,,,,0.0,,,,0.0,,,,0.0,,,,0.0
2025-09-03T11:47:23Z,15453.0,15453.0,702,1538.72166,1516.03796,,,,,,,,,,,,,,,1538.72166,0.9897300000000087,0.0008251663314194343,2.1025264705863345,1516.03796,4.144715000000133,0.0035146245920870886,-0.0006699999998893702,1513.76867,1.6055249999999432,0.0013612058933067778,0.0,,,,-5.402483269039552,,,,-1.3004772524185668,,,,-1.514416492924644,,,,-1.5270583767668047,,,,-1.5208481012641926,,,,-1.7906701042423254,,,,0.0,,,,0.0,,,,0.0,,,,0.0,,,,0.0,,,,0.0,,,,0.0
2025-09-03T11:47:23Z,15453.0,15453.125,703,1538.98643,,,,,,,,,,,,,,,,1538.98643,1.2545000000000073,0.0010459126860514255,2.3293200000007346,1516.03863,4.145385000000033,0.0035151927369357324,0.0,1513.76867,1.6055249999999432,0.0013612058933067778,3.0523066666667855,,,,-5.067156721311477,,,,-1.2197579746835459,,,,-1.4204182278480815,,,,-1.4322754430379803,,,,-1.42645063291139,,,,-1.679525063291159,,,,0.0,,,,0.0,,,,0.0,,,,0.0,,,,0.0,,,,0.0,,,,0.0
2025-09-03T11:47:23Z,15453.0,15453.25,704,1539.30399,1510.14019,,,,,,,,,,,,,,,1539.30399,1.5720600000001923,0.001310671580099,2.5144000000000233,1516.03796,4.144715000000133,0.0035146245920870886,-8.280039999999644,,,,6.104613333333571,,,,-5.067156721311477,,,,-1.2197579746835459,,,,-1.4204182278480886,,,,-1.4322754430379803,,,,-1.4264506329113829,,,,-1.679525063291159,,,,0.0,,,,0.0,,,,0.0,,,,0.0,,,,0.0,,,,0.0,,,,0.0
2025-09-03T11:47:23Z,15453.0,15453.375,705,1539.61503,1519.79196,,,,,,,,,,,,,,,1539.61503,1.883100000000013,0.00156999456285647,2.454319999999825,1513.96862,2.075375000000122,0.0017598710678063355,-4.0987999999997555,,,,6.104613333333569,,,,-5.067156721311477,,,,-1.2197579746835459,,,,-1.4204182278480886,,,,-1.4322754430379803,,,,-1.42645063291139,,,,-1.6795250632911518,,,,0.0,,,,0.0,,,,0.0,,,,0.0,,,,0.0,,,,0.0,,,,0.0
2025-09-03T11:47:23Z,15453.0,15453.5,706,1539.91757,,,,,,,,,,,,,,,,1539.91757,2.1856400000001486,0.001822230851448051,2.1814400000002934,1515.0132600000002,3.120015000000194,0.002645702164486805,15.825240000000122,1516.0579,3.894755000000032,0.003302074685219022,3.0523066666667837,1514.26731,-5.9937750000001415,-0.005054610026459438,-2.5335783606557527,,,,-1.2197579746835459,,,,-1.4204182278480815,,,,-1.4322754430379732,,,,-1.42645063291139,,,,-1.6795250632911518,,,,0.0,,,,0.0,,,,0.0,,,,0.0,,,,0.0,,,,0.0,,,,0.0
2025-09-03T11:47:23Z,15453.0,15453.625,707,1540.16039,1513.96862,,,,,,,,,,,,,,,1540.16039,2.4284600000000864,0.002024676860556812,2.9205999999994674,1517.9249300000001,6.031685000000152,0.005114732480453461,16.253579999998692,1516.0579,3.894755000000032,0.003302074685219022,0.0,1514.26731,-5.9937750000001415,-0.005054610026459438,0.0,,,,-1.2197579746835459,,,,-1.4204182278480815,,,,-1.4322754430379732,,,,-1.42645063291139,,,,-1.679525063291159,,,,0.0,,,,0.0,,,,0.0,,,,0.0,,,,0.0,,,,0.0,,,,0.0
2025-09-03T11:47:24Z,15453.0,15453.75,708,1540.64772,1516.0579,1516.0579,1514.26731,,,,,,,,,,,,,1540.64772,2.9157900000000154,0.0024309778803203543,3.8220799999999144,1519.0766549999998,7.183409999999867,0.006091369235530799,4.606899999998859,1516.0579,3.894755000000032,0.003302074685219022,0.0,1514.26731,-5.9937750000001415,-0.005054610026459438,0.0,,,,-1.2197579746835459,,,,-1.4204182278480886,,,,-1.4322754430379803,,,,-1.42645063291139,,,,-1.679525063291159,,,,0.0,,,,0.0,,,,0.0,,,,0.0,,,,0.0,,,,0.0,,,,0.0
2025-09-03T11:47:24Z,15453.0,15453.875,709,1541.11591,1522.09541,,,,,,,,,,,,,,,1541.11591,3.383980000000065,0.0028213213322792747,2.5693200000005163,1519.0766549999998,7.183409999999867,0.006091369235530799,13.318640000000414,1516.0579,3.894755000000032,0.003302074685219022,0.0,1514.26731,-5.9937750000001415,-0.005054610026459438,0.0,,,,-1.2197579746835459,,,,-1.4204182278480886,,,,-1.4322754430379803,,,,-1.4264506329113829,,,,-1.6795250632911518,,,,0.0,,,,0.0,,,,0.0,,,,0.0,,,,0.0,,,,0.0,,,,0.0
2025-09-03T11:47:24Z,15454.0,15454.0,710,1541.29005,1524.02086,,,,,,,,,,,,,,,1541.29005,3.5581200000001445,0.0029665068525256497,1.4812799999999697,1522.406315,10.51306999999997,0.008914845619139487,17.16954000000078,1516.0579,3.894755000000032,0.003302074685219022,2.713559999999841,1514.26731,-5.9937750000001415,-0.005054610026459438,7.580328571428581,,,,-1.2197579746835459,,,,-1.4204182278480886,,,,-1.4322754430379803,,,,-1.42645063291139,,,,-1.679525063291159,,,,0.0,,,,0.0,,,,0.0,,,,0.0,,,,0.0,,,,0.0,,,,0.0
2025-09-03T11:47:24Z,15454.0,15454.125,711,1541.48623,,,,,,,,,,,,,,,,1541.48623,3.7543000000000575,0.003130067753880354,2.0436799999997675,1523.36904,11.475795000000062,0.009731214648232503,3.8509000000003653,,,,5.427119999999679,,,,15.160657142857158,,,,-1.2197579746835459,,,,-1.4204182278480815,,,,-1.4322754430379732,,,,-1.42645063291139,,,,-1.679525063291159,,,,0.0,,,,0.0,,,,0.0,,,,0.0,,,,0.0,,,,0.0,,,,0.0
2025-09-03T11:47:24Z,15454.0,15454.25,712,1541.80097,1522.71722,,,,,,,,,,,,,,,1541.80097,4.069040000000086,0.003392475532922087,2.035120000000461,1523.36904,11.475795000000062,0.009731214648232503,-10.736319999999978,,,,5.427119999999679,,,,15.160657142857154,,,,-1.2197579746835459,,,,-1.4204182278480815,,,,-1.4322754430379732,,,,-1.42645063291139,,,,-1.6795250632911518,,,,0.0,,,,0.0,,,,0.0,,,,0.0,,,,0.0,,,,0.0,,,,0.0
2025-09-03T11:47:24Z,15454.0,15454.375,713,1541.99501,1532.66145,,,,,,,,,,,,,,,1541.99501,4.263080000000173,0.0035542522548045164,1.9858800000001793,1520.68496,8.791715000000067,0.007455175505582455,-2.6072800000001735,1518.09307,5.929924999999912,0.005027544794922134,15.117840000000495,,,,15.160657142857158,,,,-1.2197579746835459,,,,-1.4204182278480886,,,,-1.4322754430379803,,,,-1.42645063291139,,,,-1.6795250632911518,,,,0.0,,,,0.0,,,,0.0,,,,0.0,,,,0.0,,,,0.0,,,,0.0
2025-09-03T11:47:24Z,15454.0,15454.5,714,1542.29744,1510.14243,,,,,,,,,,,,,,,1542.29744,4.565510000000131,0.0038063968332361525,1.8883599999999205,1522.71722,10.823975000000019,0.009178486028384265,-8.129039999999804,1521.19414,9.030995000000075,0.00765671267431188,12.404280000000654,,,,15.160657142857161,,,,-1.2197579746835459,,,,-1.4204182278480886,,,,-1.4322754430379803,,,,-1.4264506329113829,,,,-1.679525063291159,,,,0.0,,,,0.0,,,,0.0,,,,0.0,,,,0.0,,,,0.0,,,,0.0
2025-09-03T11:47:24Z,15454.0,15454.625,715,1542.4671,1518.6527,1518.09307,,,,,,,,,,,,,,1542.4671,4.735170000000153,0.003947847248792554,1.9463999999998123,1518.6527,6.759455000000116,0.005731864982780645,-33.274459999999635,1521.19414,9.030995000000075,0.00765671267431188,0.0,,,,15.160657142857154,,,,-1.2197579746835459,,,,-1.4204182278480815,,,,-1.4322754430379803,,,,-1.42645063291139,,,,-1.679525063291159,,,,0.0,,,,0.0,,,,0.0,,,,0.0,,,,0.0,,,,0.0,,,,0.0
2025-09-03T11:47:25Z,15454.0,15454.75,716,1542.78404,1525.05757,1524.29521,,,,,,,,,,,,,,1542.78404,5.052110000000084,0.004212089231030151,1.6979599999995116,1514.398605,2.5053600000001097,0.002124488624195249,-14.000320000000102,1521.19414,9.030995000000075,0.00765671267431188,0.0,,,,15.160657142857154,,,,-1.2197579746835459,,,,-1.4204182278480815,,,,-1.4322754430379803,,,,-1.42645063291139,,,,-1.6795250632911518,,,,0.0,,,,0.0,,,,0.0,,,,0.0,,,,0.0,,,,0.0,,,,0.0
2025-09-03T11:47:25Z,15454.0,15454.875,717,1542.89159,1510.14451,,,,,,,,,,,,,,,1542.89159,5.159660000000031,0.004301756755450059,0.8652400000000853,1515.15262,3.259375000000091,0.0027638762930222724,8.459739999999329,1521.19414,9.030995000000075,0.00765671267431188,12.404279999999744,,,,15.160657142857161,,,,-1.2197579746835459,,,,-1.4204182278480886,,,,-1.4322754430379732,,,,-1.42645063291139,,,,-1.679525063291159,,,,0.0,,,,0.0,,,,0.0,,,,0.0,,,,0.0,,,,0.0,,,,0.0
2025-09-03T11:47:25Z,15455.0,15455.0,718,1543.00035,,,,,,,,,,,,,,,,1543.00035,5.268420000000106,0.004392433091627844,0.9767022222198598,1516.51354,4.620294999999942,0.003917905677397913,4.838826666675917,1524.29521,12.132065000000011,0.010285880553701433,36.01629333322412,,,,17.266303968212284,,,,-1.3891688044973485,,,,-1.6176985372675272,,,,-1.63120258790042,,,,-1.6245687763673793,,,,-1.9127924331880868,,,,0.0,,,,0.0,,,,0.0,,,,0.0,,,,0.0,,,,0.0,,,,0.0
2025-09-03T11:47:25Z,15455.0,15455.1,719,1543.10655,1511.65254,,,,,,,,,,,,,,,1543.10655,5.37462000000005,0.004480975082268419,1.1056499999954923,1516.51354,4.620294999999942,0.003917905677397913,41.39724999984938,,,,44.982479999836485,,,,18.950821428502508,,,,-1.5246974683488945,,,,-1.7755227848036421,,,,-1.7903443037909623,,,,-1.7830632911327418,,,,-2.0994063291063023,,,,0.0,,,,0.0,,,,0.0,,,,0.0,,,,0.0,,,,0.0,,,,0.0
2025-09-03T11:47:25Z,15455.0,15455.2,720,1543.22148,1521.37454,,,,,,,,,,,,,,,1543.22148,5.489550000000008,0.004576795524682008,1.0332500000039353,1524.79299,12.899744999999939,0.010938692047257965,58.48949999987765,,,,44.9824800002456,,,,18.95082142867487,,,,-1.5246974683627617,,,,-1.7755227848197905,,,,-1.7903443038072457,,,,-1.7830632911489679,,,,-2.0994063291253964,,,,0.0,,,,0.0,,,,0.0,,,,0.0,,,,0.0,,,,0.0,,,,0.0
2025-09-03T11:47:25Z,15455.0,15455.3,721,1543.3132,1528.21144,,,,,,,,,,,,,,,1543.3132,5.581270000000131,0.004653265123378512,0.6381000000084533,1528.21144,16.31819500000006,0.013837460342984003,47.92775000001161,,,,44.98248000024559,,,,18.950821428674843,,,,-1.5246974683627523,,,,-1.7755227848197996,,,,-1.790344303807245,,,,-1.7830632911489674,,,,-2.099406329125405,,,,0.0,,,,0.0,,,,0.0,,,,0.0,,,,0.0,,,,0.0,,,,0.0
2025-09-03T11:47:25Z,15455.0,15455.4,722,1543.3491,1534.37854,,,,,,,,,,,,,,,1543.3491,5.617169999999987,0.004683195984621314,0.6322499999975832,1534.37854,22.48529499999995,0.019067021681184387,62.779949999771944,,,,44.98247999983647,,,,18.950821428502493,,,,-1.5246974683488856,,,,-1.7755227848036514,,,,-1.7903443037909623,,,,-1.7830632911327506,,,,-2.0994063291063108,,,,0.0,,,,0.0,,,,0.0,,,,0.0,,,,0.0,,,,0.0,,,,0.0
2025-09-03T11:47:25Z,15455.0,15455.5,723,1543.43965,1540.76743,,,,,,,,,,,,,,,1543.43965,5.7077200000001085,0.004758690120709065,16.507549999939982,1540.76743,28.874185000000125,0.02448465592386191,52.31209999981,1546.78645,34.62330500000007,0.029354539363609905,17.662364999935193,,,,18.950821428502508,,,,-1.5246974683488856,,,,-1.7755227848036423,,,,-1.7903443037909532,,,,-1.7830632911327506,,,,-2.0994063291063023,,,,0.0,,,,0.0,,,,0.0,,,,0.0,,,,0.0,,,,0.0,,,,0.0
2025-09-03T11:47:25Z,15455.0,15455.6,724,1546.65061,1544.84096,,,,,,,,,,,,,,,1546.65061,8.918679999999995,0.007435759708914363,16.054799999941025,1544.84096,32.94771500000002,0.027938917245714845,25.229499999907432,1545.820675,33.65752999999995,0.02853573017558196,-4.828874999983043,1540.79846,20.537374999999884,0.017319372447606785,9.475410714251254,1538.76795,0.13978999999994812,0.00011647905151942769,-0.7623487341744427,1536.78643,0.006010000000060245,5.013812061195731e-06,-0.8877613924018168,1534.59595,0.0028499999998530257,2.380986955863235e-06,-0.8951721518954722,1532.70318,0.0006699999999000283,5.604312338773362e-07,-0.891531645566371,1528.26461,-1.2844849999999042,-0.001076641244409038,-1.0497031645531516,,,,0.0,,,,0.0,,,,0.0,,,,0.0,,,,0.0,,,,0.0,,,,0.0
2025-09-03T11:47:26Z,15455.0,15455.7,725,1550.80185,1548.58014,1546.78645,,,,,,,,,,,,,,1546.65061,8.918679999999995,0.007435759708914363,0.0,1545.81333,33.92008499999997,0.028763465016697277,9.723700000052617,1545.820675,33.65752999999995,0.02853573017558196,0.0,1540.79846,20.537374999999884,0.017319372447606785,0.0,1538.76795,0.13978999999994812,0.00011647905151942769,0.0,1536.78643,0.006010000000060245,5.013812061195731e-06,0.0,1534.59595,0.0028499999998530257,2.380986955863235e-06,0.0,1532.70318,0.0006699999999000283,5.604312338773362e-07,0.0,1528.26461,-1.2844849999999042,-0.001076641244409038,0.0,,,,0.0,,,,0.0,,,,0.0,,,,0.0,,,,0.0,,,,0.0,,,,0.0
2025-09-03T11:47:26Z,15455.0,15455.8,726,1548.59089,1546.7857,1544.8549,1540.79846,1538.76795,1536.78643,1534.59595,1532.70318,1528.26461,,,,,,,,1546.65061,8.918679999999995,0.007435759708914363,-14.774499999811642,1546.7857,34.89245499999993,0.02958801278767971,9.34795000005792,1545.820675,33.65752999999995,0.02853573017558196,0.0,1540.79846,20.537374999999884,0.017319372447606785,0.0,1538.76795,0.13978999999994812,0.00011647905151942769,0.0,1536.78643,0.006010000000060245,5.013812061195731e-06,0.0,1534.59595,0.0028499999998530257,2.380986955863235e-06,0.0,1532.70318,0.0006699999999000283,5.604312338773362e-07,0.0,1528.26461,-1.2844849999999042,-0.001076641244409038,0.0,,,,0.0,,,,0.0,,,,0.0,,,,0.0,,,,0.0,,,,0.0,,,,0.0
2025-09-03T11:47:26Z,15455.0,15455.9,727,1543.64302,,,,,,,,,,,,,,,,1543.69571,5.9637800000000425,0.00497217469814251,-14.774499999946013,1547.68292,35.78967499999999,0.03034883505809215,-91.61229999966605,1545.820675,33.65752999999995,0.02853573017558196,-4.828874999981906,1540.79846,20.537374999999884,0.017319372447606785,0.0,1538.76795,0.13978999999994812,0.00011647905151942769,0.0,1536.78643,0.006010000000060245,5.013812061195731e-06,0.0,1534.59595,0.0028499999998530257,2.380986955863235e-06,0.0,1532.70318,0.0006699999999000283,5.604312338773362e-07,0.0,1528.26461,-1.2844849999999042,-0.001076641244409038,0.0,,,,0.0,,,,0.0,,,,0.0,,,,0.0,,,,0.0,,,,0.0,,,,0.0
2025-09-03T11:47:26Z,15456.0,15456.0,728,1543.66319,,,,,,,,,,,,,,,,1543.69571,5.9637800000000425,0.00497217469814251,3.552713678800501e-15,1528.46324,16.569995000000063,0.01405098104881963,-174.9943397363235,1544.8549,32.69175500000006,0.02771692098755421,-13.856107894705815,1540.79846,20.537374999999884,0.017319372447606785,-5.682915514869208,1538.76795,0.13978999999994812,0.00011647905151942769,1.1102230246251565e-16,1536.78643,0.006010000000060245,5.013812061195731e-06,6.938893903907228e-18,1534.59595,0.0028499999998530257,2.380986955863235e-06,1.734723475976807e-18,1532.70318,0.0006699999999000283,5.604312338773362e-07,8.673617379884035e-19,1528.26461,-1.2844849999999042,-0.001076641244409038,-8.881784197001252e-16,,,,0.0,,,,0.0,,,,0.0,,,,0.0,,,,0.0,,,,0.0,,,,0.0
2025-09-03T11:47:26Z,15456.0,15456.111111111111,729,1543.69571,,,,,,,,,,,,,,,,1543.69571,5.9637800000000425,0.00497217469814251,0.2210850000000697,1511.143185,-0.7500600000000759,-0.0006360339182648322,-73.42942499986624,,,,-18.520949999966348,,,,-11.997266086934687,,,,0.0,,,,0.0,,,,0.0,,,,0.0,,,,0.0,,,,0.0,,,,0.0,,,,0.0,,,,0.0,,,,0.0,,,,0.0,,,,0.0
2025-09-03T11:47:26Z,15456.0,15456.222222222223,730,1543.74484,1510.14078,,,,,,,,,,,,,,,1543.74484,6.012910000000147,0.005013135790422953,0.3176099999997106,1512.14559,0.25234500000010485,0.0002139828535111718,13.192064999976871,,,,-18.52094999996632,,,,-11.997266086934701,,,,0.0,,,,0.0,,,,0.0,,,,0.0,,,,0.0,,,,0.0,,,,0.0,,,,0.0,,,,0.0,,,,0.0,,,,0.0,,,,0.0
2025-09-03T11:47:26Z,15456.0,15456.333333333334,731,1543.76629,1512.14559,,,,,,,,,,,,,,,1543.76629,6.034360000000106,0.005031019271583384,0.1933199999996198,1514.074755,2.1815100000001166,0.0018498711476866488,17.362484999968522,,,,-18.520949999966334,,,,-11.997266086934687,,,,0.0,,,,0.0,,,,0.0,,,,0.0,,,,0.0,,,,0.0,,,,0.0,,,,0.0,,,,0.0,,,,0.0,,,,0.0,,,,0.0
2025-09-03T11:47:26Z,15456.0,15456.444444444445,732,1543.7878,1516.00392,,,,,,,,,,,,,,,1543.7878,6.055870000000141,0.005048952776467403,0.09679499999918662,1516.00392,4.110675000000128,0.003485759441862126,10.961887499964426,,,,-18.52095000011795,,,,-11.99726608703289,,,,-1.1102230246251565e-16,,,,0.0,,,,0.0,,,,0.0,,,,0.0,,,,0.0,,,,0.0,,,,0.0,,,,0.0,,,,0.0,,,,0.0,,,,0.0
2025-09-03T11:47:26Z,15456.0,15456.555555555555,733,1543.80281,1516.51073,,,,,,,,,,,,,,,1543.7878,6.055870000000141,0.005048952776467403,0.0,1516.51073,4.617484999999988,0.003915522860942836,7.508654999998505,,,,-18.52095000011795,,,,-11.997266087032898,,,,1.1102230246251565e-16,,,,0.0,,,,0.0,,,,0.0,,,,0.0,,,,0.0,,,,0.0,,,,0.0,,,,0.0,,,,0.0,,,,0.0,,,,0.0
2025-09-03T11:47:26Z,15456.0,15456.666666666666,734,1543.82126,1518.83429,,,,,,,,,,,,,,,1543.7878,6.055870000000141,0.005048952776467403,-4.66172999999144,1517.6725099999999,5.779264999999896,0.004900686028638198,5.228009999990078,,,,-18.520949999966334,,,,-11.997266086934687,,,,0.0,,,,0.0,,,,0.0,,,,0.0,,,,0.0,,,,0.0,,,,0.0,,,,0.0,,,,0.0,,,,0.0,,,,0.0,,,,0.0
2025-09-03T11:47:27Z,15456.0,15456.777777777777,735,1542.75186,1529.61661,,,,,,,,,,,,,,,1542.75186,5.0199300000001585,0.004185259840645889,-11.250584999980102,1517.6725099999999,5.779264999999896,0.004900686028638198,5.228009999991098,,,,-18.520949999966348,,,,-11.997266086934701,,,,0.0,,,,0.0,,,,0.0,,,,0.0,,,,0.0,,,,0.0,,,,0.0,,,,0.0,,,,0.0,,,,0.0,,,,0.0,,,,0.0
2025-09-03T11:47:27Z,15456.0,15456.888888888889,736,1541.28767,,,,,,,,,,,,,,,,1541.28767,3.5557400000000143,0.0029645225781590187,-9.502154999982618,1518.83429,6.941045000000031,0.005885849196333753,10.787354999980995,,,,-18.52094999996634,,,,-11.997266086934694,,,,0.0,,,,0.0,,,,0.0,,,,0.0,,,,0.0,,,,0.0,,,,0.0,,,,0.0,,,,0.0,,,,0.0,,,,0.0,,,,0.0
2025-09-03T11:47:27Z,15457.0,15457.0,737,1540.64027,1510.13046,,,,,,,,,,,,,,,1540.64027,2.9083400000001802,0.0024247666013160413,-3.83584499999286,1520.0697,8.176455000000033,0.006933448938972313,-8.7019649999846,,,,-18.520949999966334,,,,-11.997266086934694,,,,0.0,,,,0.0,,,,0.0,,,,0.0,,,,0.0,,,,0.0,,,,0.0,,,,0.0,,,,0.0,,,,0.0,,,,0.0,,,,0.0
2025-09-03T11:47:27Z,15457.0,15457.111111111111,738,1540.43526,,,,,,,,,,,,,,,,1540.43526,2.703330000000051,0.002253843875315613,-1.925189999996995,1516.90052,5.007274999999936,0.004246055966294929,-29.47146749994641,,,,-18.520949999966334,,,,-11.99726608693469,,,,0.0,,,,0.0,,,,0.0,,,,0.0,,,,0.0,,,,0.0,,,,0.0,,,,0.0,,,,0.0,,,,0.0,,,,0.0,,,,0.0
2025-09-03T11:47:27Z,15457.0,15457.222222222223,739,1540.21245,1520.0697,,,,,,,,,,,,,,,1540.21245,2.4805200000000696,0.002068080778002662,-2.1248999999958187,1513.520485,1.6272400000000289,0.0013798627218584902,7.130654999987758,,,,-18.52094999996634,,,,-11.997266086934687,,,,0.0,,,,0.0,,,,0.0,,,,0.0,,,,0.0,,,,0.0,,,,0.0,,,,0.0,,,,0.0,,,,0.0,,,,0.0,,,,0.0
2025-09-03T11:47:27Z,15457.0,15457.333333333334,740,1539.96306,1516.90052,,,,,,,,,,,,,,,1539.96306,2.231130000000121,0.00186015717116782,-1.887839999996208,1518.48511,6.591865000000098,0.005589752452633718,29.47146749994641,1520.1603,7.997155000000021,0.0067801962072768585,-9.260474999983174,,,,-11.997266086934685,,,,0.0,,,,0.0,,,,0.0,,,,0.0,,,,0.0,,,,0.0,,,,0.0,,,,0.0,,,,0.0,,,,0.0,,,,0.0,,,,0.0
2025-09-03T11:47:27Z,15457.0,15457.444444444445,741,1539.79293,1510.14045,,,,,,,,,,,,,,,1539.79293,2.061000000000149,0.0017183149031105073,-1.9094400000187086,1520.0697,8.176455000000033,0.006933448938972313,1.7398574998053782,1520.1603,7.997155000000021,0.0067801962072768585,0.0,,,,-11.99726608703289,,,,-1.1102230246251565e-16,,,,0.0,,,,0.0,,,,0.0,,,,0.0,,,,0.0,,,,0.0,,,,0.0,,,,0.0,,,,0.0,,,,0.0,,,,0.0
2025-09-03T11:47:27Z,15457.0,15457.555555555555,742,1539.53874,1520.84297,1520.1603,,,,,,,,,,,,,,1539.53874,1.8068100000000413,0.0015063893983934702,-2.191770000016227,1518.871745,6.97849999999994,0.005917610189332379,3.4797149997882855,1520.1603,7.997155000000021,0.0067801962072768585,0.0,,,,-11.997266087032898,,,,1.1102230246251565e-16,,,,0.0,,,,0.0,,,,0.0,,,,0.0,,,,0.0,,,,0.0,,,,0.0,,,,0.0,,,,0.0,,,,0.0,,,,0.0
2025-09-03T11:47:27Z,15457.0,15457.666666666666,743,1539.30587,1522.09298,,,,,,,,,,,,,,,1539.30587,1.5739399999999932,0.0013122389901026417,-2.0492099999957203,1520.84297,8.949724999999944,0.007589164412369829,8.870512499983882,1520.1603,7.997155000000021,0.0067801962072768585,0.0,,,,-11.997266086934694,,,,0.0,,,,0.0,,,,0.0,,,,0.0,,,,0.0,,,,0.0,,,,0.0,,,,0.0,,,,0.0,,,,0.0,,,,0.0,,,,0.0
2025-09-03T11:47:28Z,15457.0,15457.777777777777,744,1539.08336,,,,,,,,,,,,,,,,1539.08336,1.351430000000164,0.0011267260114074462,-1.9251449999960872,1520.84297,8.949724999999944,0.007589164412369829,-17.769824999967646,1520.1603,7.997155000000021,0.0067801962072768585,-6.115287857131776,,,,-11.997266086934696,,,,0.0,,,,0.0,,,,0.0,,,,0.0,,,,0.0,,,,0.0,,,,0.0,,,,0.0,,,,0.0,,,,0.0,,,,0.0,,,,0.0
2025-09-03T11:47:28Z,15457.0,15457.888888888889,745,1538.87806,,,,,,,,,,,,,,,,1538.87806,1.1461300000000847,0.0009555615040766855,-2.0119049999968643,1516.89412,5.000874999999951,0.004240628911023505,-44.665604999917875,,,,-12.230575714263555,,,,-11.997266086934694,,,,0.0,,,,0.0,,,,0.0,,,,0.0,,,,0.0,,,,0.0,,,,0.0,,,,0.0,,,,0.0,,,,0.0,,,,0.0,,,,0.0
2025-09-03T11:47:28Z,15458.0,15458.0,746,1538.63627,1511.69526,,,,,,,,,,,,,,,1538.63627,0.9043400000000474,0.0007539742355550341,-1.8552149999967829,1510.9172800000001,-0.9759649999998601,-0.0008275962496856053,-23.3948699999573,,,,-12.230575714263558,,,,-11.997266086934696,,,,0.0,,,,0.0,,,,0.0,,,,0.0,,,,0.0,,,,0.0,,,,0.0,,,,0.0,,,,0.0,,,,0.0,,,,0.0,,,,0.0
2025-09-03T11:47:28Z,15458.0,15458.111111111111,747,1538.46579,,,,,,,,,,,,,,,,1538.46579,0.7338600000000497,0.0006118401624437996,-2.047724999996403,1511.69526,-0.19798500000001695,-0.00016788680279932386,3.917182499992501,,,,-12.23057571426356,,,,-11.997266086934696,,,,0.0,,,,0.0,,,,0.0,,,,0.0,,,,0.0,,,,0.0,,,,0.0,,,,0.0,,,,0.0,,,,0.0,,,,0.0,,,,0.0
2025-09-03T11:47:28Z,15458.0,15458.222222222223,748,1538.18122,1510.1393,,,,,,,,,,,,,,,1538.18122,0.44929000000001906,0.00037458597904827597,-1.87568999999621,1511.787765,-0.10547999999994317,-8.944465469233337e-05,6.135389999989437,,,,-12.230575714263558,,,,-11.99726608693468,,,,0.0,,,,0.0,,,,0.0,,,,0.0,,,,0.0,,,,0.0,,,,0.0,,,,0.0,,,,0.0,,,,0.0,,,,0.0,,,,0.0
2025-09-03T11:47:28Z,15458.0,15458.333333333334,749,1538.04897,1511.88027,,,,,,,,,,,,,,,1538.04897,0.31704000000013366,0.00026432535511030833,-0.8950949999976592,1513.05868,1.165435000000116,0.0009882625250419612,1.6707824999967062,,,,-12.230575714263558,,,,-11.997266086934683,,,,0.0,,,,0.0,,,,0.0,,,,0.0,,,,0.0,,,,0.0,,,,0.0,,,,0.0,,,,0.0,,,,0.0,,,,0.0,,,,0.0
2025-09-03T11:47:28Z,15458.0,15458.444444444445,750,1537.98231,1516.02165,,,,,,,,,,,,,,,1537.98231,0.25038000000017746,0.00020874899827320846,-0.3616649999989865,1512.15905,0.2658050000000003,0.00022539662912882542,-4.048334999960018,,,,-12.23057571436367,,,,-11.997266087032898,,,,-1.1102230246251565e-16,,,,0.0,,,,0.0,,,,0.0,,,,0.0,,,,0.0,,,,0.0,,,,0.0,,,,0.0,,,,0.0,,,,0.0,,,,0.0
2025-09-03T11:47:28Z,15458.0,15458.555555555555,751,1537.9686,1514.23709,,,,,,,,,,,,,,,1537.9686,0.2366700000000037,0.00019731857744742393,-0.08019000000134735,1512.15905,0.2658050000000003,0.00022539662912882542,0.0,1510.64763,-1.5155150000000503,-0.0012848930719826616,-6.115287857281949,1510.13878,-10.122305000000097,-0.008536240406735285,-5.998633043614653,,,,1.1102230246251565e-16,,,,0.0,,,,0.0,,,,0.0,,,,0.0,,,,0.0,,,,0.0,,,,0.0,,,,0.0,,,,0.0,,,,0.0,,,,0.0
2025-09-03T11:47:29Z,15458.0,15458.666666666666,752,1537.96449,1512.15905,,,,,,,,,,,,,,,1537.96449,0.23256000000014865,0.00019389195238602916,-0.03500999999953813,1512.15905,0.2658050000000003,0.00022539662912882542,-3.5075249999936062,1510.64763,-1.5155150000000503,-0.0012848930719826616,-1.1489849999977215,1510.13878,-10.122305000000097,-0.008536240406735285,0.0,,,,0.0,,,,0.0,,,,0.0,,,,0.0,,,,0.0,,,,0.0,,,,0.0,,,,0.0,,,,0.0,,,,0.0,,,,0.0,,,,0.0
2025-09-03T11:47:29Z,15458.0,15458.777777777777,753,1537.96082,1511.3796,1510.64763,1510.13878,,,,,,,,,,,,,1537.96082,0.2288900000000922,0.00019083216796365548,-0.02798999999988072,1511.3796,-0.5136449999999968,-0.00043555934451524497,-6.3034424999889485,1510.3923,-1.7708450000000084,-0.0015013684932548156,-1.1489849999977215,1510.13878,-10.122305000000097,-0.008536240406735285,0.0,,,,0.0,,,,0.0,,,,0.0,,,,0.0,,,,0.0,,,,0.0,,,,0.0,,,,0.0,,,,0.0,,,,0.0,,,,0.0,,,,0.0
2025-09-03T11:47:29Z,15458.0,15458.888888888889,754,1537.95827,1510.13559,,,,,,,,,,,,,,,1537.95827,0.22634000000016385,0.00018870615971386978,-0.027495000000108183,1510.758285,-1.134960000000092,-0.00096242041419865,-5.591834999989661,1510.3923,-1.7708450000000084,-0.0015013684932548156,0.0,1510.13878,-10.122305000000097,-0.008536240406735285,0.0,,,,0.0,,,,0.0,,,,0.0,,,,0.0,,,,0.0,,,,0.0,,,,0.0,,,,0.0,,,,0.0,,,,0.0,,,,0.0,,,,0.0
2025-09-03T11:47:29Z,15459.0,15459.0,755,1537.95471,1510.13697,1510.13697,,,,,,,,,,,,,,1537.95471,0.22278000000005704,0.0001857380854512514,-0.024545263158576303,1510.13697,-1.7562749999999596,-0.001489281483881862,-2.652395526312133,1510.3923,-1.7708450000000084,-0.0015013684932548156,-1.3438421052568899,1510.13878,-10.122305000000097,-0.008536240406735285,3.0963862622518974,,,,-2.220446049250313e-16,,,,-6.938893903907228e-18,,,,-1.734723475976807e-18,,,,-8.673617379884035e-19,,,,8.881784197001252e-16,,,,0.0,,,,0.0,,,,0.0,,,,0.0,,,,0.0,,,,0.0,,,,0.0
2025-09-03T11:47:29Z,15459.0,15459.1,756,1537.95293,,,,,,,,,,,,,,,,1537.95293,0.22100000000000364,0.00018425404831994222,-0.0265000000000728,1510.1362800000002,-1.7569649999998092,-0.0014898665882781864,0.0,1510.13697,-2.0261749999999665,-0.0017178439145269695,-1.2766499999951453,,,,5.883133898283674,,,,0.0,,,,0.0,,,,0.0,,,,0.0,,,,0.0,,,,0.0,,,,0.0,,,,0.0,,,,0.0,,,,0.0,,,,0.0,,,,0.0
2025-09-03T11:47:29Z,15459.0,15459.2,757,1537.94941,,,,,,,,,,,,,,,,1537.94941,0.2174800000000232,0.00018131932320644638,-0.021100000000019214,1510.13697,-1.7562749999999596,-0.001489281483881862,0.8717573529608975,1510.13697,-2.0261749999999665,-0.0017178439145269695,1.6602540816719014,,,,5.883133898337178,,,,0.0,,,,0.0,,,,0.0,,,,0.0,,,,0.0,,,,0.0,,,,0.0,,,,0.0,,,,0.0,,,,0.0,,,,0.0,,,,0.0
2025-09-03T11:47:29Z,15459.0,15459.3,758,1537.94871,,,,,,,,,,,,,,,,1537.94871,0.21677999999997155,0.00018073571309860258,-0.012699999999733702,,,,1.7366147058917987,,,,3.320508163283402,,,,5.883133898337171,,,,0.0,,,,0.0,,,,0.0,,,,0.0,,,,0.0,,,,0.0,,,,0.0,,,,0.0,,,,0.0,,,,0.0,,,,0.0,,,,0.0
2025-09-03T11:47:29Z,15459.0,15459.4,759,1537.94687,,,,,,,,,,,,,,,,1537.94687,0.21494000000006963,0.0001792016522438939,-0.021249999999704228,,,,1.7366147058760042,,,,3.3205081632532005,,,,5.883133898283667,,,,0.0,,,,0.0,,,,0.0,,,,0.0,,,,0.0,,,,0.0,,,,0.0,,,,0.0,,,,0.0,,,,0.0,,,,0.0,,,,0.0
2025-09-03T11:47:29Z,15459.0,15459.5,760,1537.94446,,,,,,,,,,,,,,,,1537.94446,0.2125300000000152,0.00017719236601556324,-0.022400000000207365,,,,1.7366147058760042,,,,3.3205081632532023,,,,5.883133898283674,,,,0.0,,,,0.0,,,,0.0,,,,0.0,,,,0.0,,,,0.0,,,,0.0,,,,0.0,,,,0.0,,,,0.0,,,,0.0,,,,0.0
2025-09-03T11:47:29Z,15459.0,15459.6,761,1537.94239,,,,,,,,,,,,,,,,1537.94239,0.21046000000001186,0.0001754665475539212,-0.01914999999932987,,,,1.7366147058760042,,,,3.320508163253203,,,,5.8831338982836705,,,,0.0,,,,0.0,,,,0.0,,,,0.0,,,,0.0,,,,0.0,,,,0.0,,,,0.0,,,,0.0,,,,0.0,,,,0.0,,,,0.0
2025-09-03T11:47:30Z,15459.0,15459.7,762,1537.94063,,,,,,,,,,,,,,,,1537.94063,0.20870000000013533,0.00017399918499726806,-0.021699999999975406,,,,1.7366147058917987,,,,3.320508163283402,,,,5.883133898337171,,,,0.0,,,,0.0,,,,0.0,,,,0.0,,,,0.0,,,,0.0,,,,0.0,,,,0.0,,,,0.0,,,,0.0,,,,0.0,,,,0.0
2025-09-03T11:47:30Z,15459.0,15459.8,763,1537.93805,,,,,,,,,,,,,,,,1537.93805,0.20612000000005537,0.00017184816488559305,-0.018650000000893563,,,,1.7366147058917991,,,,3.3205081632834013,,,,5.8831338983371815,,,,0.0,,,,0.0,,,,0.0,,,,0.0,,,,0.0,,,,0.0,,,,0.0,,,,0.0,,,,0.0,,,,0.0,,,,0.0,,,,0.0
2025-09-03T11:47:30Z,15459.0,15459.9,764,1537.9369,,,,,,,,,,,,,,,,1537.9369,0.20497000000000298,0.00017088937685130534,-0.014899999999843594,,,,1.7366147058760044,,,,3.3205081632532023,,,,5.8831338982836705,,,,0.0,,,,0.0,,,,0.0,,,,0.0,,,,0.0,,,,0.0,,,,0.0,,,,0.0,,,,0.0,,,,0.0,,,,0.0,,,,0.0
2025-09-03T11:47:30Z,15460.0,15460.0,765,1537.93507,,,,,,,,,,,,,,,,1537.93507,0.20314000000007582,0.00016936365328382993,-0.01717736842095463,,,,1.6543540092831457,,,,3.1632209344699502,,,,5.604459134685053,,,,1.1102230246251565e-16,,,,6.938893903907228e-18,,,,1.734723475976807e-18,,,,8.673617379884035e-19,,,,-8.881784197001252e-16,,,,0.0,,,,0.0,,,,0.0,,,,0.0,,,,0.0,,,,0.0,,,,0.0
2025-09-03T11:47:30Z,15460.0,15460.111111111111,766,1537.9333,,,,,,,,,,,,,,,,1537.9333,0.20136999999999716,0.000167887953439754,-0.016965000000110253,,,,1.5629532352912472,,,,2.9884573469333184,,,,5.294820508464937,,,,0.0,,,,0.0,,,,0.0,,,,0.0,,,,0.0,,,,0.0,,,,0.0,,,,0.0,,,,0.0,,,,0.0,,,,0.0,,,,0.0
2025-09-03T11:47:30Z,15460.0,15460.222222222223,767,1537.9313,,,,,,,,,,,,,,,,1537.9313,0.19937000000004446,0.00016622049598893424,-0.019079999999882413,,,,1.5629532352912472,,,,2.988457346933317,,,,5.294820508464934,,,,0.0,,,,0.0,,,,0.0,,,,0.0,,,,0.0,,,,0.0,,,,0.0,,,,0.0,,,,0.0,,,,0.0,,,,0.0,,,,0.0
2025-09-03T11:47:30Z,15460.0,15460.333333333334,768,1537.92906,,,,,,,,,,,,,,,,1537.92906,0.19713000000001557,0.00016435294364394785,-0.014895000000224368,,,,1.562953235291247,,,,2.988457346933318,,,,5.29482050846493,,,,0.0,,,,0.0,,,,0.0,,,,0.0,,,,0.0,,,,0.0,,,,0.0,,,,0.0,,,,0.0,,,,0.0,,,,0.0,,,,0.0
2025-09-03T11:47:30Z,15460.0,15460.444444444445,769,1537.92799,,,,,,,,,,,,,,,,1537.92799,0.19605999999998858,0.0001634608539077157,-0.01160999999944301,,,,1.5629532353040414,,,,2.988457346957781,,,,5.29482050850828,,,,-1.1102230246251565e-16,,,,0.0,,,,0.0,,,,0.0,,,,0.0,,,,0.0,,,,0.0,,,,0.0,,,,0.0,,,,0.0,,,,0.0,,,,0.0
2025-09-03T11:47:30Z,15460.0,15460.555555555555,770,1537.92648,,,,,,,,,,,,,,,,1537.92648,0.19455000000016298,0.00016220192353246242,-0.01808999999938865,,,,1.5629532353040405,,,,2.9884573469577784,,,,5.2948205085082805,,,,1.1102230246251565e-16,,,,0.0,,,,0.0,,,,0.0,,,,0.0,,,,0.0,,,,0.0,,,,0.0,,,,0.0,,,,0.0,,,,0.0,,,,0.0
2025-09-03T11:47:31Z,15460.0,15460.666666666666,771,1537.92397,,,,,,,,,,,,,,,,1537.92397,0.19204000000013366,0.00016010926443160971,-0.015615000000451573,,,,1.562953235291245,,,,2.9884573469333198,,,,5.29482050846493,,,,0.0,,,,0.0,,,,0.0,,,,0.0,,,,0.0,,,,0.0,,,,0.0,,,,0.0,,,,0.0,,,,0.0,,,,0.0,,,,0.0
2025-09-03T11:47:31Z,15460.0,15460.777777777777,772,1537.92301,,,,,,,,,,,,,,,,1537.92301,0.19108000000005632,0.00015930888485513284,-0.007560000000339517,,,,1.5629532352912467,,,,2.9884573469333198,,,,5.294820508464938,,,,0.0,,,,0.0,,,,0.0,,,,0.0,,,,0.0,,,,0.0,,,,0.0,,,,0.0,,,,0.0,,,,0.0,,,,0.0,,,,0.0
2025-09-03T11:47:31Z,15460.0,15460.888888888889,773,1537.92229,,,,,,,,,,,,,,,,1537.92229,0.19036000000005515,0.00015870860017282254,-0.009585000000339128,,,,1.562953235291249,,,,2.9884573469333144,,,,5.294820508464938,,,,0.0,,,,0.0,,,,0.0,,,,0.0,,,,0.0,,,,0.0,,,,0.0,,,,0.0,,,,0.0,,,,0.0,,,,0.0,,,,0.0
2025-09-03T11:47:31Z,15461.0,15461.0,774,1537.92088,,,,,,,,,,,,,,,,1537.92088,0.18894999999997708,0.00015753304266990175,-0.013379473683852283,,,,1.6543540092831446,,,,3.163220934469944,,,,5.604459134685049,,,,-2.220446049250313e-16,,,,-6.938893903907228e-18,,,,-1.734723475976807e-18,,,,-8.673617379884035e-19,,,,8.881784197001252e-16,,,,0.0,,,,0.0,,,,0.0,,,,0.0,,,,0.0,,,,0.0,,,,0.0
2025-09-03T11:47:31Z,15461.0,15461.1,775,1537.91948,,,,,,,,,,,,,,,,1537.91948,0.18755000000010114,0.00015636582245440373,-0.008649999999729818,,,,1.7366147058760015,,,,3.3205081632532014,,,,5.883133898283674,,,,0.0,,,,0.0,,,,0.0,,,,0.0,,,,0.0,,,,0.0,,,,0.0,,,,0.0,,,,0.0,,,,0.0,,,,0.0,,,,0.0
2025-09-03T11:47:31Z,15461.0,15461.2,776,1537.91915,,,,,,,,,,,,,,,,1537.91915,0.1872200000000248,0.00015609069197494835,-0.009099999999917174,,,,1.7366147058917996,,,,3.320508163283403,,,,5.8831338983371815,,,,0.0,,,,0.0,,,,0.0,,,,0.0,,,,0.0,,,,0.0,,,,0.0,,,,0.0,,,,0.0,,,,0.0,,,,0.0,,,,0.0
2025-09-03T11:47:31Z,15461.0,15461.3,777,1537.91766,,,,,,,,,,,,,,,,1537.91766,0.18573000000014872,0.00015484843617416156,-0.012399999999501587,,,,1.7366147058918013,,,,3.320508163283403,,,,5.883133898337173,,,,0.0,,,,0.0,,,,0.0,,,,0.0,,,,0.0,,,,0.0,,,,0.0,,,,0.0,,,,0.0,,,,0.0,,,,0.0,,,,0.0
2025-09-03T11:47:31Z,15461.0,15461.4,778,1537.91667,,,,,,,,,,,,,,,,1537.91667,0.18474000000014712,0.00015402304473598495,-0.010050000000737636,,,,1.7366147058760042,,,,3.320508163253198,,,,5.883133898283674,,,,0.0,,,,0.0,,,,0.0,,,,0.0,,,,0.0,,,,0.0,,,,0.0,,,,0.0,,,,0.0,,,,0.0,,,,0.0,,,,0.0
2025-09-03T11:47:31Z,15461.0,15461.5,779,1537.91565,,,,,,,,,,,,,,,,1537.91565,0.1837199999999939,0.000153172641435919,-0.00740000000061658,,,,1.7366147058760024,,,,3.3205081632532014,,,,5.883133898283674,,,,0.0,,,,0.0,,,,0.0,,,,0.0,,,,0.0,,,,0.0,,,,0.0,,,,0.0,,,,0.0,,,,0.0,,,,0.0,,,,0.0
2025-09-03T11:47:31Z,15461.0,15461.6,780,1537.91519,,,,,,,,,,,,,,,,1537.91519,0.1832600000000184,0.00015278912622224182,-0.010349999999979098,,,,1.7366147058760042,,,,3.320508163253205,,,,5.883133898283667,,,,0.0,,,,0.0,,,,0.0,,,,0.0,,,,0.0,,,,0.0,,,,0.0,,,,0.0,,,,0.0,,,,0.0,,,,0.0,,,,0.0
2025-09-03T11:47:32Z,15461.0,15461.7,781,1537.91358,,,,,,,,,,,,,,,,1537.91358,0.18164999999999054,0.00015144682297427696,-0.009899999999957165,,,,1.7366147058918013,,,,3.3205081632833995,,,,5.883133898337174,,,,0.0,,,,0.0,,,,0.0,,,,0.0,,,,0.0,,,,0.0,,,,0.0,,,,0.0,,,,0.0,,,,0.0,,,,0.0,,,,0.0
2025-09-03T11:47:32Z,15461.0,15461.8,782,1537.91321,,,,,,,,,,,,,,,,1537.91321,0.1812800000000152,0.00015113834334588857,-0.009699999999327913,,,,1.7366147058918013,,,,3.320508163283403,,,,5.883133898337174,,,,0.0,,,,0.0,,,,0.0,,,,0.0,,,,0.0,,,,0.0,,,,0.0,,,,0.0,,,,0.0,,,,0.0,,,,0.0,,,,0.0
2025-09-03T11:47:32Z,15461.0,15461.9,783,1537.91164,,,,,,,,,,,,,,,,1537.91164,0.17971000000011372,0.00014982938924704625,-0.009199999999476072,,,,1.7366147058760024,,,,3.3205081632532085,,,,5.883133898283685,,,,0.0,,,,0.0,,,,0.0,,,,0.0,,,,0.0,,,,0.0,,,,0.0,,,,0.0,,,,0.0,,,,0.0,,,,0.0,,,,0.0
2025-09-03T11:47:32Z,15462.0,15462.0,784,1537.91137,,,,,,,,,,,,,,,,1537.91137,0.1794400000001133,0.0001496042824911799,-0.0047500000004956355,,,,1.7366147058760024,,,,3.3205081632531943,,,,5.883133898283681,,,,0.0,,,,0.0,,,,0.0,,,,0.0,,,,0.0,,,,0.0,,,,0.0,,,,0.0,,,,0.0,,,,0.0,,,,0.0,,,,0.0
2025-09-03T11:47:32Z,15462.0,15462.1,785,1537.91069,,,,,,,,,,,,,,,,1537.91069,0.17876000000001113,0.0001490373469578026,-0.007450000000490231,,,,1.736614705876006,,,,3.3205081632531943,,,,5.883133898283667,,,,0.0,,,,0.0,,,,0.0,,,,0.0,,,,0.0,,,,0.0,,,,0.0,,,,0.0,,,,0.0,,,,0.0,,,,0.0,,,,0.0
2025-09-03T11:47:32Z,15462.0,15462.2,786,1537.90988,,,,,,,,,,,,,,,,1537.90988,0.17795000000000982,0.00014836202669020357,-0.00909999999982991,,,,1.736614705891796,,,,3.3205081632834137,,,,5.883133898337171,,,,0.0,,,,0.0,,,,0.0,,,,0.0,,,,0.0,,,,0.0,,,,0.0,,,,0.0,,,,0.0,,,,0.0,,,,0.0,,,,0.0
2025-09-03T11:47:32Z,15462.0,15462.3,787,1537.90887,,,,,,,,,,,,,,,,1537.90887,0.17694000000005872,0.00014751996067756043,-0.009749999999317471,,,,1.736614705891796,,,,3.3205081632833995,,,,5.883133898337171,,,,0.0,,,,0.0,,,,0.0,,,,0.0,,,,0.0,,,,0.0,,,,0.0,,,,0.0,,,,0.0,,,,0.0,,,,0.0,,,,0.0
2025-09-03T11:47:32Z,15462.0,15462.4,788,1537.90793,,,,,,,,,,,,,,,,1537.90793,0.17600000000015825,0.0001467362556757396,-0.004699999999485227,,,,1.7366147058760042,,,,3.3205081632532014,,,,5.883133898283667,,,,0.0,,,,0.0,,,,0.0,,,,0.0,,,,0.0,,,,0.0,,,,0.0,,,,0.0,,,,0.0,,,,0.0,,,,0.0,,,,0.0
2025-09-03T11:47:32Z,15462.0,15462.5,789,1537.90666,,,,,,,,,,,,,,,,1537.90793,0.17600000000015825,0.0001467362556757396,0.0,,,,1.7366147058760042,,,,3.3205081632532085,,,,5.883133898283667,,,,0.0,,,,0.0,,,,0.0,,,,0.0,,,,0.0,,,,0.0,,,,0.0,,,,0.0,,,,0.0,,,,0.0,,,,0.0,,,,0.0
2025-09-03T11:47:33Z,15462.0,15462.6,790,1537.90676,,,,,,,,,,,,,,,,1537.90793,0.17600000000015825,0.0001467362556757396,0.3568999999980156,,,,1.7366147058760077,,,,3.3205081632532014,,,,5.883133898283681,,,,0.0,,,,0.0,,,,0.0,,,,0.0,,,,0.0,,,,0.0,,,,0.0,,,,0.0,,,,0.0,,,,0.0,,,,0.0,,,,0.0
2025-09-03T11:47:33Z,15462.0,15462.7,791,1537.97931,,,,,,,,,,,,,,,,1537.97931,0.24738000000002103,0.00020624781209678926,1.672400000026488,1516.04146,4.1482149999999365,0.00351759251293849,0.8683073529301062,,,,3.3205081632833995,,,,5.883133898337185,,,,0.0,,,,0.0,,,,0.0,,,,0.0,,,,0.0,,,,0.0,,,,0.0,,,,0.0,,,,0.0,,,,0.0,,,,0.0,,,,0.0
2025-09-03T11:47:33Z,15462.0,15462.8,792,1538.24241,,,,,,,,,,,,,,,,1538.24241,0.5104800000001433,0.00042560183975741606,2.6366500000148854,1516.04146,4.1482149999999365,0.00351759251293849,0.0,,,,3.3205081632833995,,,,5.883133898337171,,,,0.0,,,,0.0,,,,0.0,,,,0.0,,,,0.0,,,,0.0,,,,0.0,,,,0.0,,,,0.0,,,,0.0,,,,0.0,,,,0.0
2025-09-03T11:47:33Z,15462.0,15462.9,793,1538.50664,1516.04146,,,,,,,,,,,,,,,1538.50664,0.774710000000141,0.0006458979808776745,2.687899999989894,1516.04146,4.1482149999999365,0.00351759251293849,3.1881999999879973,,,,3.3205081632531943,,,,5.88313389828366,,,,0.0,,,,0.0,,,,0.0,,,,0.0,,,,0.0,,,,0.0,,,,0.0,,,,0.0,,,,0.0,,,,0.0,,,,0.0,,,,0.0
2025-09-03T11:47:33Z,15463.0,15463.0,794,1538.77999,,,,,,,,,,,,,,,,1538.77999,1.0480600000000777,0.0008737977279737999,2.636904444438025,1516.6790999999998,4.785854999999856,0.004058296813450843,3.5424444444253815,,,,3.0253518820788443,,,,5.360188662887232,,,,5.551115123125783e-17,,,,0.0,,,,0.0,,,,4.336808689942018e-19,,,,0.0,,,,0.0,,,,0.0,,,,0.0,,,,0.0,,,,0.0,,,,0.0,,,,0.0
2025-09-03T11:47:33Z,15463.0,15463.125,795,1539.09451,,,,,,,,,,,,,,,,1539.09451,1.36257999999998,0.0011360220866958326,2.47896000000037,1516.6790999999998,4.785854999999856,0.004058296813450843,2.550560000000587,,,,2.65640653061223,,,,4.706507118644055,,,,0.0,,,,0.0,,,,0.0,,,,0.0,,,,0.0,,,,0.0,,,,0.0,,,,0.0,,,,0.0,,,,0.0,,,,0.0,,,,0.0
2025-09-03T11:47:33Z,15463.0,15463.25,796,1539.39973,1517.31674,,,,,,,,,,,,,,,1539.39973,1.6678000000001703,0.0013904927682716105,2.628520000000208,1517.31674,5.423495000000003,0.0045990011139633875,15.784100000000763,,,,2.65640653061223,,,,4.706507118644069,,,,0.0,,,,0.0,,,,0.0,,,,0.0,,,,0.0,,,,0.0,,,,0.0,,,,0.0,,,,0.0,,,,0.0,,,,0.0,,,,0.0
2025-09-03T11:47:33Z,15463.0,15463.375,797,1539.75164,,,,,,,,,,,,,,,,1539.75164,2.019710000000032,0.0016838902440374217,2.7590399999999136,1520.625125,8.731880000000046,0.007404436778681426,13.233540000000175,,,,2.656406530612223,,,,4.706507118644069,,,,0.0,,,,0.0,,,,0.0,,,,0.0,,,,0.0,,,,0.0,,,,0.0,,,,0.0,,,,0.0,,,,0.0,,,,0.0,,,,0.0
2025-09-03T11:47:33Z,15463.0,15463.5,798,1540.08949,,,,,,,,,,,,,,,,1540.08949,2.3575600000001486,0.001965565493923906,2.495759999999791,1520.625125,8.731880000000046,0.007404436778681426,-8.096959999999854,,,,2.656406530612223,,,,4.706507118644055,,,,0.0,,,,0.0,,,,0.0,,,,0.0,,,,0.0,,,,0.0,,,,0.0,,,,0.0,,,,0.0,,,,0.0,,,,0.0,,,,0.0
2025-09-03T11:47:33Z,15463.0,15463.625,799,1540.37558,1523.93351,,,,,,,,,,,,,,,1540.37558,2.6436499999999796,0.002204086944981916,2.216599999999744,1518.600885,6.707640000000083,0.005687927034516625,13.233540000000175,,,,2.65640653061223,,,,4.706507118644055,,,,0.0,,,,0.0,,,,0.0,,,,0.0,,,,0.0,,,,0.0,,,,0.0,,,,0.0,,,,0.0,,,,0.0,,,,0.0,,,,0.0
2025-09-03T11:47:34Z,15463.0,15463.75,800,1540.64364,,,,,,,,,,,,,,,,1540.64364,2.9117100000000846,0.0024275762671206592,2.058560000000398,1523.93351,12.04026500000009,0.010209872443399465,21.33050000000003,,,,2.656406530612223,,,,4.706507118644055,,,,0.0,,,,0.0,,,,0.0,,,,0.0,,,,0.0,,,,0.0,,,,0.0,,,,0.0,,,,0.0,,,,0.0,,,,0.0,,,,0.0
2025-09-03T11:47:34Z,15463.0,15463.875,801,1540.89022,1513.26826,,,,,,,,,,,,,,,1540.89022,3.158290000000079,0.0026331570962370827,2.128520000000208,1523.93351,12.04026500000009,0.010209872443399465,-8.092279999999846,,,,2.656406530612223,,,,4.706507118644055,,,,0.0,,,,0.0,,,,0.0,,,,0.0,,,,0.0,,,,0.0,,,,0.0,,,,0.0,,,,0.0,,,,0.0,,,,0.0,,,,0.0
2025-09-03T11:47:34Z,15464.0,15464.0,802,1541.17577,1526.49166,,,,,,,,,,,,,,,1541.17577,3.4438400000001366,0.00287122833378355,2.2773852941155823,1521.91044,10.017195000000129,0.008494354832776475,3.2978194117283905,,,,2.832198139252661,,,,5.017967148548976,,,,0.0,,,,3.469446951953614e-18,,,,0.0,,,,0.0,,,,0.0,,,,0.0,,,,0.0,,,,0.0,,,,0.0,,,,0.0,,,,0.0,,,,0.0
2025-09-03T11:47:34Z,15464.0,15464.111111111111,803,1541.42812,,,,,,,,,,,,,,,,1541.42812,3.696190000000115,0.0030816197776456886,2.576204999995385,1524.2010500000001,12.307805000000144,0.010436740313293327,20.61548999996161,,,,2.988457346933316,,,,5.294820508464952,,,,0.0,,,,0.0,,,,0.0,,,,0.0,,,,0.0,,,,0.0,,,,0.0,,,,0.0,,,,0.0,,,,0.0,,,,0.0,,,,0.0
2025-09-03T11:47:34Z,15464.0,15464.222222222223,804,1541.74826,1521.91044,,,,,,,,,,,,,,,1541.74826,4.016330000000153,0.0033485296918047487,2.453489999995412,1526.49166,14.598414999999932,0.012379125793809984,-10.307744999981317,,,,2.988457346933316,,,,5.294820508464923,,,,0.0,,,,0.0,,,,0.0,,,,0.0,,,,0.0,,,,0.0,,,,0.0,,,,0.0,,,,0.0,,,,0.0,,,,0.0,,,,0.0
2025-09-03T11:47:34Z,15464.0,15464.333333333334,805,1541.97334,1534.5612,,,,,,,,,,,,,,,1541.97334,4.241410000000087,0.003536185353324386,2.030939999995841,1521.91044,10.017195000000129,0.008494354832776475,-6.421927499987326,,,,2.988457346933309,,,,5.294820508464923,,,,0.0,,,,0.0,,,,0.0,,,,0.0,,,,0.0,,,,0.0,,,,0.0,,,,0.0,,,,0.0,,,,0.0,,,,0.0,,,,0.0
2025-09-03T11:47:34Z,15464.0,15464.444444444445,806,1542.19958,,,,,,,,,,,,,,,,1542.19958,4.467650000000049,0.003724808140165544,1.881945000009658,1525.0645650000001,13.17132000000015,0.011168981505905125,12.181544999811607,1526.40746,14.244314999999915,0.012076701094108596,-12.169751326855618,,,,5.294820508508266,,,,-1.1102230246251565e-16,,,,0.0,,,,0.0,,,,0.0,,,,0.0,,,,0.0,,,,0.0,,,,0.0,,,,0.0,,,,0.0,,,,0.0,,,,0.0
2025-09-03T11:47:34Z,15464.0,15464.555555555555,807,1542.39155,1517.30415,,,,,,,,,,,,,,,1542.39155,4.659620000000132,0.0038848590435863316,1.7829900000108303,1524.61745,12.724204999999984,0.010789838096891102,-18.2175974998842,1523.37102,11.207875000000058,0.009502328211299309,-13.66398000031004,,,,5.294820508508266,,,,1.1102230246251565e-16,,,,0.0,,,,0.0,,,,0.0,,,,0.0,,,,0.0,,,,0.0,,,,0.0,,,,0.0,,,,0.0,,,,0.0,,,,0.0
2025-09-03T11:47:35Z,15464.0,15464.666666666666,808,1542.5958,1528.21869,1526.40746,,,,,,,,,,,,,,1542.5958,4.863870000000134,0.004055148135755327,1.6844849999963643,1521.01621,9.122965000000022,0.007736068014748622,-24.55771499995582,1523.37102,11.207875000000058,0.009502328211299309,0.0,,,,5.294820508464923,,,,0.0,,,,0.0,,,,0.0,,,,0.0,,,,0.0,,,,0.0,,,,0.0,,,,0.0,,,,0.0,,,,0.0,,,,0.0,,,,0.0
2025-09-03T11:47:35Z,15464.0,15464.777777777777,809,1542.76588,1521.01621,1520.33458,,,,,,,,,,,,,,1542.76588,5.033950000000004,0.004196948717376283,1.4204249999974365,1519.1601799999999,7.266934999999876,0.0061621965467099984,4.726394999990745,1523.37102,11.207875000000058,0.009502328211299309,0.0,,,,5.294820508464937,,,,0.0,,,,0.0,,,,0.0,,,,0.0,,,,0.0,,,,0.0,,,,0.0,,,,0.0,,,,0.0,,,,0.0,,,,0.0,,,,0.0
2025-09-03T11:47:35Z,15464.0,15464.888888888889,810,1542.91145,,,,,,,,,,,,,,,,1542.91145,5.179520000000139,0.004318314607937181,1.340234999997456,1522.0665199999999,10.173274999999876,0.008626707143208446,13.078529999976212,1523.37102,11.207875000000058,0.009502328211299309,-13.663979999975524,,,,5.294820508464937,,,,0.0,,,,0.0,,,,0.0,,,,0.0,,,,0.0,,,,0.0,,,,0.0,,,,0.0,,,,0.0,,,,0.0,,,,0.0,,,,0.0
2025-09-03T11:47:35Z,15465.0,15465.0,811,1543.06371,1516.0186,,,,,,,,,,,,,,,1543.06371,5.331779999999981,0.0044452581436709585,1.2784949999969015,1522.0665199999999,10.173274999999876,0.008626707143208446,39.54935249992835,1520.33458,8.171434999999974,0.006927955328489826,26.007779999952383,,,,5.294820508464937,,,,0.0,,,,0.0,,,,0.0,,,,0.0,,,,0.0,,,,0.0,,,,0.0,,,,0.0,,,,0.0,,,,0.0,,,,0.0,,,,0.0
2025-09-03T11:47:35Z,15465.0,15465.111111111111,812,1543.19556,1523.11683,,,,,,,,,,,,,,,1543.19556,5.4636299999999665,0.004555185276118838,1.1722949999981687,1530.855265,18.96201999999994,0.016079364155953995,74.37230999986492,,,,79.3435199998558,,,,5.294820508464966,,,,0.0,,,,0.0,,,,0.0,,,,0.0,,,,0.0,,,,0.0,,,,0.0,,,,0.0,,,,0.0,,,,0.0,,,,0.0,,,,0.0
2025-09-03T11:47:35Z,15465.0,15465.222222222223,813,1543.32422,1538.5937,,,,,,,,,,,,,,,1543.32422,5.592290000000048,0.0046624528139326766,0.9445049999986708,1538.5937,26.70045499999992,0.02264138204023953,45.41555249991748,,,,79.3435199998558,,,,5.294820508464923,,,,0.0,,,,0.0,,,,0.0,,,,0.0,,,,0.0,,,,0.0,,,,0.0,,,,0.0,,,,0.0,,,,0.0,,,,0.0,,,,0.0
2025-09-03T11:47:35Z,15465.0,15465.333333333334,814,1543.40545,1540.94761,,,,,,,,,,,,,,,1543.40545,5.673520000000053,0.004730176598299326,15.497549999971742,1540.94761,29.05436499999996,0.024637444489300466,28.130804999949518,1546.78242,34.619275000000016,0.029351122624692666,35.322959999935705,1544.84927,24.58818499999984,0.020735460779464664,-0.20252974576197857,,,,0.0,,,,0.0,,,,0.0,,,,0.0,,,,0.0,,,,0.0,,,,0.0,,,,0.0,,,,0.0,,,,0.0,,,,0.0,,,,0.0
2025-09-03T11:47:35Z,15465.0,15465.444444444445,815,1546.76812,1544.84499,,,,,,,,,,,,,,,1546.76812,9.036190000000033,0.007533731171439626,15.132014999848522,1544.84499,32.951745000000074,0.027942334594581127,21.902647499924285,1545.81602,33.652874999999995,0.028531783545393527,-4.348799999956611,1544.21595,23.954864999999927,0.02020137572923225,-2.849939999971099,,,,-1.1102230246251565e-16,,,,0.0,,,,0.0,,,,0.0,,,,0.0,,,,0.0,,,,0.0,,,,0.0,,,,0.0,,,,0.0,,,,0.0,,,,0.0
2025-09-03T11:47:35Z,15465.0,15465.555555555555,816,1550.80306,1548.59021,1546.78242,1544.84927,,,,,,,,,,,,,1546.76812,9.036190000000033,0.007533731171439626,0.0,1545.814865,33.921620000000075,0.028764766661985124,8.72887500005561,1545.81602,33.652874999999995,0.028531783545393527,2.842170943040401e-14,1544.21595,23.954864999999927,0.02020137572923225,0.0,,,,1.1102230246251565e-16,,,,0.0,,,,0.0,,,,0.0,,,,0.0,,,,0.0,,,,0.0,,,,0.0,,,,0.0,,,,0.0,,,,0.0,,,,0.0
2025-09-03T11:47:36Z,15465.0,15465.666666666666,817,1548.59938,1546.78474,1544.84962,1543.58263,,,,,,,,,,,,,1546.76812,9.036190000000033,0.007533731171439626,-13.882634999974567,1546.78474,34.89149500000008,0.02958719872938912,4.36443749999205,1545.81602,33.652874999999995,0.028531783545393527,-4.348799999992195,1544.21595,23.954864999999927,0.02020137572923225,0.0,,,,0.0,,,,0.0,,,,0.0,,,,0.0,,,,0.0,,,,0.0,,,,0.0,,,,0.0,,,,0.0,,,,0.0,,,,0.0,,,,0.0
2025-09-03T11:47:36Z,15465.0,15465.777777777777,818,1543.61814,,,,,,,,,,,,,,,,1543.68309,5.951160000000073,0.004961653041627614,-13.882634999974567,1546.78474,34.89149500000008,0.02958719872938912,-150.87959999972574,1544.84962,32.68647499999997,0.02771244446609439,-82.45349999985044,1544.21595,23.954864999999927,0.02020137572923225,-2.849939999994419,,,,0.0,,,,0.0,,,,0.0,,,,0.0,,,,0.0,,,,0.0,,,,0.0,,,,0.0,,,,0.0,,,,0.0,,,,0.0,,,,0.0
2025-09-03T11:47:36Z,15465.0,15465.888888888889,819,1543.648,,,,,,,,,,,,,,,,1543.68309,5.951160000000073,0.004961653041627614,0.0,1513.25594,1.3626950000000306,0.001155534544236231,-150.87959999972574,1527.49302,15.329874999999902,0.012997067123624263,-156.20939999971546,1543.58263,23.321545000000015,0.01966729067899984,-10.226740263138907,,,,0.0,,,,0.0,,,,0.0,,,,0.0,,,,0.0,,,,0.0,,,,0.0,,,,0.0,,,,0.0,,,,0.0,,,,0.0,,,,0.0
2025-09-03T11:47:36Z,15466.0,15466.0,820,1543.68309,1510.13642,1510.13642,,,,,,,,,,,,,,1543.68309,5.951160000000073,0.004961653041627614,0.11052631578874994,1513.25594,1.3626950000000306,0.001155534544236231,10.653473684162261,1510.13642,-2.026724999999942,-0.0017183102188456725,-73.99392631572505,,,,-15.61638418278072,,,,-2.220446049250313e-16,,,,-6.938893903907228e-18,,,,-1.734723475976807e-18,,,,-8.673617379884035e-19,,,,8.881784197001252e-16,,,,0.0,,,,0.0,,,,0.0,,,,0.0,,,,0.0,,,,0.0,,,,0.0
2025-09-03T11:47:36Z,15466.0,15466.1,821,1543.70409,1513.25594,,,,,,,,,,,,,,,1543.70409,5.972160000000031,0.0049791613448616,0.22824999999928508,1515.2801,3.3868549999999686,0.002871976450210117,20.24159999992688,1510.13642,-2.026724999999942,-0.0017183102188456725,0.0,,,,-16.39288947362462,,,,0.0,,,,0.0,,,,0.0,,,,0.0,,,,0.0,,,,0.0,,,,0.0,,,,0.0,,,,0.0,,,,0.0,,,,0.0,,,,0.0
2025-09-03T11:47:36Z,15466.0,15466.2,822,1543.72874,1517.30426,,,,,,,,,,,,,,,1543.72874,5.996810000000096,0.0049997127579434935,0.20375000000091603,1517.30426,5.411015000000134,0.004588418356184196,18.769300000075795,1510.13642,-2.026724999999942,-0.0017183102188456725,19.09692000045154,,,,-16.39288947377372,,,,0.0,,,,0.0,,,,0.0,,,,0.0,,,,0.0,,,,0.0,,,,0.0,,,,0.0,,,,0.0,,,,0.0,,,,0.0,,,,0.0
2025-09-03T11:47:36Z,15466.0,15466.3,823,1543.74484,1519.05057,,,,,,,,,,,,,,,1543.74484,6.012910000000147,0.005013135790422953,0.1310000000013467,1519.03396,7.140715,0.00605516484102872,8.73155000020342,,,,38.19384000020833,,,,-16.39288947377372,,,,0.0,,,,0.0,,,,0.0,,,,0.0,,,,0.0,,,,0.0,,,,0.0,,,,0.0,,,,0.0,,,,0.0,,,,0.0,,,,0.0
2025-09-03T11:47:36Z,15466.0,15466.4,824,1543.75494,1519.03396,,,,,,,,,,,,,,,1543.75494,6.023010000000113,0.005021556450549763,0.050499999999644274,1519.05057,7.157325000000128,0.006069249745412982,4.111249999984743,,,,38.19383999986096,,,,-16.392889473624606,,,,0.0,,,,0.0,,,,0.0,,,,0.0,,,,0.0,,,,0.0,,,,0.0,,,,0.0,,,,0.0,,,,0.0,,,,0.0,,,,0.0
2025-09-03T11:47:36Z,15466.0,15466.5,825,1543.76748,1519.85621,,,,,,,,,,,,,,,1543.75494,6.023010000000113,0.005021556450549763,0.0,1519.85621,7.96296499999994,0.006752414246800481,4.490524999983599,,,,38.193839999860955,,,,-16.39288947362462,,,,0.0,,,,0.0,,,,0.0,,,,0.0,,,,0.0,,,,0.0,,,,0.0,,,,0.0,,,,0.0,,,,0.0,,,,0.0,,,,0.0
2025-09-03T11:47:36Z,15466.0,15466.6,826,1543.77931,1520.04114,,,,,,,,,,,,,,,1543.75494,6.023010000000113,0.005021556450549763,-10.480049999961764,1519.948675,8.055430000000115,0.0068308224758121105,10.61957499996199,,,,38.193839999860955,,,,-16.39288947362462,,,,0.0,,,,0.0,,,,0.0,,,,0.0,,,,0.0,,,,0.0,,,,0.0,,,,0.0,,,,0.0,,,,0.0,,,,0.0,,,,0.0
2025-09-03T11:47:37Z,15466.0,15466.7,827,1541.65893,1523.91911,,,,,,,,,,,,,,,1541.65893,3.9270000000001346,0.0032740527047621084,-13.053749999927682,1521.980125,10.086880000000065,0.008553446136931129,10.157249999870423,1529.23334,17.070195000000012,0.014472555727190004,19.096919999756807,,,,-16.392889473773714,,,,0.0,,,,0.0,,,,0.0,,,,0.0,,,,0.0,,,,0.0,,,,0.0,,,,0.0,,,,0.0,,,,0.0,,,,0.0,,,,0.0
2025-09-03T11:47:37Z,15466.0,15466.8,828,1541.14419,,,,,,,,,,,,,,,,1541.14419,3.4122600000000602,0.00284489918063442,-4.057850000042334,1521.980125,10.086880000000065,0.008553446136931129,9.694924999876562,1529.23334,17.070195000000012,0.014472555727190004,0.0,,,,-16.39288947377372,,,,0.0,,,,0.0,,,,0.0,,,,0.0,,,,0.0,,,,0.0,,,,0.0,,,,0.0,,,,0.0,,,,0.0,,,,0.0,,,,0.0
2025-09-03T11:47:37Z,15466.0,15466.9,829,1540.84736,1530.46625,1529.23334,,,,,,,,,,,,,,1540.84736,3.1154300000000603,0.002597423483065155,-2.4450999999910152,1523.91911,12.025865000000067,0.01019766156903871,9.337424999965968,1529.23334,17.070195000000012,0.014472555727190004,0.0,,,,-16.392889473624617,,,,0.0,,,,0.0,,,,0.0,,,,0.0,,,,0.0,,,,0.0,,,,0.0,,,,0.0,,,,0.0,,,,0.0,,,,0.0,,,,0.0
2025-09-03T11:47:37Z,15467.0,15467.0,830,1540.65517,1515.93981,,,,,,,,,,,,,,,1540.65517,2.923240000000078,0.002437189159324857,-2.5320999999904608,1523.84761,11.954365000000053,0.010137031185928106,-12.39289999995588,1529.23334,17.070195000000012,0.014472555727190004,0.0,,,,-16.392889473624606,,,,0.0,,,,0.0,,,,0.0,,,,0.0,,,,0.0,,,,0.0,,,,0.0,,,,0.0,,,,0.0,,,,0.0,,,,0.0,,,,0.0
2025-09-03T11:47:37Z,15467.0,15467.1,831,1540.34094,,,,,,,,,,,,,,,,1540.34094,2.6090100000001257,0.002175206581933157,-2.4658999999907216,1521.4405299999999,9.547284999999874,0.008095881779244812,-24.070799999913078,1529.23334,17.070195000000012,0.014472555727190004,-23.36262499991504,,,,-16.39288947362462,,,,0.0,,,,0.0,,,,0.0,,,,0.0,,,,0.0,,,,0.0,,,,0.0,,,,0.0,,,,0.0,,,,0.0,,,,0.0,,,,0.0
2025-09-03T11:47:37Z,15467.0,15467.2,832,1540.16199,1523.84761,,,,,,,,,,,,,,,1540.16199,2.4300600000001396,0.0020260108265175436,-1.942250000014118,1519.03345,7.1402049999999235,0.0060547323725617126,12.035400000723342,,,,-46.72525000025506,,,,-16.392889473773714,,,,0.0,,,,0.0,,,,0.0,,,,0.0,,,,0.0,,,,0.0,,,,0.0,,,,0.0,,,,0.0,,,,0.0,,,,0.0,,,,0.0
2025-09-03T11:47:37Z,15467.0,15467.3,833,1539.95249,1519.03345,,,,,,,,,,,,,,,1539.95249,2.2205599999999777,0.0018513446585399097,-2.31415000000948,1523.84761,11.954365000000053,0.010137031185928106,24.024400000570488,,,,-46.725250000255045,,,,-16.392889473773714,,,,0.0,,,,0.0,,,,0.0,,,,0.0,,,,0.0,,,,0.0,,,,0.0,,,,0.0,,,,0.0,,,,0.0,,,,0.0,,,,0.0
2025-09-03T11:47:37Z,15467.0,15467.4,834,1539.69916,,,,,,,,,,,,,,,,1539.69916,1.9672299999999723,0.0016401361605268272,-2.4352999999907823,1523.83833,11.945085000000063,0.010129161955784529,-12.081799999955749,,,,-46.72524999983009,,,,-16.392889473624624,,,,0.0,,,,0.0,,,,0.0,,,,0.0,,,,0.0,,,,0.0,,,,0.0,,,,0.0,,,,0.0,,,,0.0,,,,0.0,,,,0.0
2025-09-03T11:47:37Z,15467.0,15467.5,835,1539.46543,1524.03242,,,,,,,,,,,,,,,1539.46543,1.7335000000000491,0.0014452687455322336,-2.1540499999913525,1521.43125,9.538005000000112,0.00808801254910143,-0.04639999999978528,1510.54324,-1.619905000000017,-0.0013733976316763782,-23.36262499991504,,,,-16.392889473624606,,,,0.0,,,,0.0,,,,0.0,,,,0.0,,,,0.0,,,,0.0,,,,0.0,,,,0.0,,,,0.0,,,,0.0,,,,0.0,,,,0.0
2025-09-03T11:47:37Z,15467.0,15467.6,836,1539.26835,1523.82905,,,,,,,,,,,,,,,1539.26835,1.5364200000001347,0.0012809574883246415,-1.9366999999929275,1523.82905,11.935805000000073,0.010121292725640954,-16.981649999938394,1510.54324,-1.619905000000017,-0.0013733976316763782,0.0,,,,-16.39288947362462,,,,0.0,,,,0.0,,,,0.0,,,,0.0,,,,0.0,,,,0.0,,,,0.0,,,,0.0,,,,0.0,,,,0.0,,,,0.0,,,,0.0
2025-09-03T11:47:38Z,15467.0,15467.7,837,1539.07809,1511.84617,1510.54324,,,,,,,,,,,,,,1539.07809,1.3461600000000544,0.001122332261024341,-1.9687500000117195,1518.03492,6.1416750000000775,0.00520800151315737,-54.88877500024458,1510.54324,-1.619905000000017,-0.0013733976316763782,7.296400000172714,,,,-16.392889473773714,,,,0.0,,,,0.0,,,,0.0,,,,0.0,,,,0.0,,,,0.0,,,,0.0,,,,0.0,,,,0.0,,,,0.0,,,,0.0,,,,0.0
2025-09-03T11:47:38Z,15467.0,15467.8,838,1538.8746,,,,,,,,,,,,,,,,1538.8746,1.1426700000001802,0.0009526768026867787,-1.7544000000144813,1512.851295,0.9580499999999574,0.0008124047348125933,-28.970650000573993,1512.00252,-0.1606249999999818,-0.0001361820567181353,7.296400000172714,1512.43614,-7.824945000000071,-0.006598853886489411,-8.196444737035936,,,,0.0,,,,0.0,,,,0.0,,,,0.0,,,,0.0,,,,0.0,,,,0.0,,,,0.0,,,,0.0,,,,0.0,,,,0.0,,,,0.0
2025-09-03T11:47:38Z,15467.0,15467.9,839,1538.72721,1512.24079,,,,,,,,,,,,,,,1538.72721,0.9952800000000934,0.0008297935258456393,-1.6188999999949596,1512.24079,0.3475450000000819,0.00029471030067378725,-3.0525249999882726,1512.00252,-0.1606249999999818,-0.0001361820567181353,-1.0135499999964357,1512.43614,-7.824945000000071,-0.006598853886489411,0.0,,,,0.0,,,,0.0,,,,0.0,,,,0.0,,,,0.0,,,,0.0,,,,0.0,,,,0.0,,,,0.0,,,,0.0,,,,0.0,,,,0.0
2025-09-03T11:47:38Z,15468.0,15468.0,840,1538.55082,1513.4618,1513.4618,1512.43614,,,,,,,,,,,,,1538.55082,0.8188900000000103,0.0006827321159670448,-1.916549999992716,1512.24079,0.3475450000000819,0.00029471030067378725,-0.8822749999969536,1511.79981,-0.3633350000000064,-0.0003080448720790049,-9.245949999965902,1512.43614,-7.824945000000071,-0.006598853886489411,0.0,,,,0.0,,,,0.0,,,,0.0,,,,0.0,,,,0.0,,,,0.0,,,,0.0,,,,0.0,,,,0.0,,,,0.0,,,,0.0,,,,0.0
2025-09-03T11:47:38Z,15468.0,15468.1,841,1538.3439,,,,,,,,,,,,,,,,1538.3439,0.6119700000001558,0.0005102169681012754,-1.9731499999928541,1512.064335,0.17109000000004926,0.00014508045099852074,2.170249999992456,1510.15333,-2.0098149999998896,-0.0017039734806099612,-8.232399999969466,1512.43614,-7.824945000000071,-0.006598853886489411,0.0,,,,0.0,,,,0.0,,,,0.0,,,,0.0,,,,0.0,,,,0.0,,,,0.0,,,,0.0,,,,0.0,,,,0.0,,,,0.0,,,,0.0
2025-09-03T11:47:38Z,15468.0,15468.2,842,1538.15619,1510.37727,1510.13782,,,,,,,,,,,,,,1538.15619,0.42426000000000386,0.0003537177490507607,-1.426999999999507,1512.6748400000001,0.7815950000001521,0.0006627748851375197,9.472725000113488,1510.15333,-2.0098149999998896,-0.0017039734806099612,-0.03877500000135825,1512.43614,-7.824945000000071,-0.006598853886489411,0.0,,,,0.0,,,,0.0,,,,0.0,,,,0.0,,,,0.0,,,,0.0,,,,0.0,,,,0.0,,,,0.0,,,,0.0,,,,0.0,,,,0.0
2025-09-03T11:47:38Z,15468.0,15468.3,843,1538.0585,1511.88788,1510.15333,,,,,,,,,,,,,,1538.0585,0.32657000000017433,0.00027227078986368625,-0.8710000000063192,1513.9588800000001,2.0656350000001567,0.001751611768065146,10.2603000001017,1510.145575,-2.017569999999978,-0.0017105483715040394,-0.03877500000135825,,,,0.0,,,,0.0,,,,0.0,,,,0.0,,,,0.0,,,,0.0,,,,0.0,,,,0.0,,,,0.0,,,,0.0,,,,0.0,,,,0.0,,,,0.0
2025-09-03T11:47:38Z,15468.0,15468.4,844,1537.98199,1516.72141,,,,,,,,,,,,,,,1537.98199,0.2500600000000759,0.0002084822050809863,-0.3976999999994488,1514.7269,2.833654999999908,0.0024028753601851747,3.840099999984785,1510.145575,-2.017569999999978,-0.0017105483715040394,0.03877500000030132,,,,0.0,,,,0.0,,,,0.0,,,,0.0,,,,0.0,,,,0.0,,,,0.0,,,,0.0,,,,0.0,,,,0.0,,,,0.0,,,,0.0,,,,0.0
2025-09-03T11:47:38Z,15468.0,15468.5,845,1537.97896,1516.02988,,,,,,,,,,,,,,,1537.97896,0.2470299999999952,0.00020595600704286738,-0.04945000000002642,1514.7269,2.833654999999908,0.0024028753601851747,0.0,1510.15333,-2.0098149999998896,-0.0017039734806099612,0.8559416666638846,,,,0.0,,,,0.0,,,,0.0,,,,0.0,,,,0.0,,,,0.0,,,,0.0,,,,0.0,,,,0.0,,,,0.0,,,,0.0,,,,0.0,,,,0.0
2025-09-03T11:47:38Z,15468.0,15468.6,846,1537.9721,1514.7269,,,,,,,,,,,,,,,1537.9721,0.24017000000003463,0.00020023662798645327,-0.04874999999952245,1514.7269,2.833654999999908,0.0024028753601851747,-4.777599999982511,,,,1.6343333333271666,,,,0.0,,,,0.0,,,,0.0,,,,0.0,,,,0.0,,,,0.0,,,,0.0,,,,0.0,,,,0.0,,,,0.0,,,,0.0,,,,0.0,,,,0.0
2025-09-03T11:47:39Z,15468.0,15468.7,847,1537.96921,1513.77138,,,,,,,,,,,,,,,1537.96921,0.23728000000005522,0.00019782715196997892,-0.044600000000474704,1513.77138,1.8781349999999293,0.0015926160081595536,-12.845550000129498,,,,1.6343333333420311,,,,0.0,,,,0.0,,,,0.0,,,,0.0,,,,0.0,,,,0.0,,,,0.0,,,,0.0,,,,0.0,,,,0.0,,,,0.0,,,,0.0,,,,0.0
2025-09-03T11:47:39Z,15468.0,15468.8,848,1537.96318,1512.15779,,,,,,,,,,,,,,,1537.96318,0.23125000000004547,0.00019279976775563037,-0.03850000000003728,1512.15779,0.26454499999999825,0.00022432817762225941,-11.94975000014135,1510.64363,-1.5195149999999558,-0.0012882843761187533,0.817166666685881,,,,0.0,,,,0.0,,,,0.0,,,,0.0,,,,0.0,,,,0.0,,,,0.0,,,,0.0,,,,0.0,,,,0.0,,,,0.0,,,,0.0,,,,0.0
2025-09-03T11:47:39Z,15468.0,15468.9,849,1537.96151,1511.37222,,,,,,,,,,,,,,,1537.96151,0.2295800000001691,0.00019140744078426604,-0.023750000000204663,1511.38143,-0.5118150000000696,-0.00043400754589863005,-3.9278499999857455,1510.64363,-1.5195149999999558,-0.0012882843761187533,-1.2697249999950344,,,,0.0,,,,0.0,,,,0.0,,,,0.0,,,,0.0,,,,0.0,,,,0.0,,,,0.0,,,,0.0,,,,0.0,,,,0.0,,,,0.0,,,,0.0
2025-09-03T11:47:39Z,15469.0,15469.0,850,1537.95843,1511.38143,1510.64363,,,,,,,,,,,,,,1537.95843,0.22649999999998727,0.0001888395563097913,-0.01610000000022005,1511.37222,-0.5210250000000087,-0.0004418174176251316,-3.132624999988111,1510.389685,-1.7734599999998863,-0.0015035855583337345,-1.2697249999950344,,,,0.0,,,,0.0,,,,0.0,,,,0.0,,,,0.0,,,,0.0,,,,0.0,,,,0.0,,,,0.0,,,,0.0,,,,0.0,,,,0.0,,,,0.0
2025-09-03T11:47:39Z,15469.0,15469.1,851,1537.95676,1510.13759,,,,,,,,,,,,,,,1537.95829,0.22636000000011336,0.00018872283428833628,-0.0006999999993668737,1510.754905,-1.138339999999971,-0.0009652865777637754,-6.173149999977165,1510.389685,-1.7734599999998863,-0.0015035855583337345,0.0,,,,0.0,,,,0.0,,,,0.0,,,,0.0,,,,0.0,,,,0.0,,,,0.0,,,,0.0,,,,0.0,,,,0.0,,,,0.0,,,,0.0,,,,0.0
2025-09-03T11:47:39Z,15469.0,15469.2,852,1537.95369,1510.13574,1510.13574,,,,,,,,,,,,,,1537.95829,0.22636000000011336,0.00018872283428833628,-0.0076500000001933355,1510.13759,-1.7556549999999334,-0.0014887557379024193,-3.09582499996125,1510.389685,-1.7734599999998863,-0.0015035855583337345,-1.2697250000308156,,,,0.0,,,,0.0,,,,0.0,,,,0.0,,,,0.0,,,,0.0,,,,0.0,,,,0.0,,,,0.0,,,,0.0,,,,0.0,,,,0.0,,,,0.0
2025-09-03T11:47:39Z,15469.0,15469.3,853,1537.95829,,,,,,,,,,,,,,,,1537.95676,0.22483000000011089,0.00018744722933842695,-0.022999999999896215,1510.13574,-1.7575050000000374,-0.0014903244960669075,-0.013750000000690932,1510.13574,-2.0274050000000443,-0.0017188867405489082,-1.2697250000308156,,,,0.0,,,,0.0,,,,0.0,,,,0.0,,,,0.0,,,,0.0,,,,0.0,,,,0.0,,,,0.0,,,,0.0,,,,0.0,,,,0.0,,,,0.0
2025-09-03T11:47:39Z,15469.0,15469.4,854,1537.95982,,,,,,,,,,,,,,,,1537.95369,0.22176000000013119,0.00018488768215137503,-0.0179999999999636,1510.13484,-1.7584050000000389,-0.0014910876757144545,-0.008999999999982577,1510.13574,-2.0274050000000443,-0.0017188867405489082,0.00014503816793620672,,,,0.0,,,,0.0,,,,0.0,,,,0.0,,,,0.0,,,,0.0,,,,0.0,,,,0.0,,,,0.0,,,,0.0,,,,0.0,,,,0.0,,,,0.0
2025-09-03T11:47:39Z,15469.0,15469.5,855,1537.95316,1510.13394,,,,,,,,,,,,,,,1537.95316,0.22123000000010506,0.00018444580592687557,-0.051299999999896206,1510.13394,-1.7593050000000403,-0.0014918508553620018,-0.004499999999991289,,,,0.00029007633587241344,,,,0.0,,,,0.0,,,,0.0,,,,0.0,,,,0.0,,,,0.0,,,,0.0,,,,0.0,,,,0.0,,,,0.0,,,,0.0,,,,0.0,,,,0.0
2025-09-03T11:47:39Z,15469.0,15469.6,856,1537.94343,,,,,,,,,,,,,,,,1537.94343,0.2115000000001146,0.00017633362542845364,-0.10769999999940338,1510.13394,-1.7593050000000403,-0.0014918508553620018,0.0,,,,0.00029007633587241344,,,,0.0,,,,0.0,,,,0.0,,,,0.0,,,,0.0,,,,0.0,,,,0.0,,,,0.0,,,,0.0,,,,0.0,,,,0.0,,,,0.0,,,,0.0
2025-09-03T11:47:40Z,15469.0,15469.7,857,1537.93162,,,,,,,,,,,,,,,,1537.93162,0.19969000000014603,0.0001664872891811564,-0.07264999999918198,1510.13394,-1.7593050000000403,-0.0014918508553620018,0.0003437500000078586,,,,0.00029007633587596615,,,,0.0,,,,0.0,,,,0.0,,,,0.0,,,,0.0,,,,0.0,,,,0.0,,,,0.0,,,,0.0,,,,0.0,,,,0.0,,,,0.0,,,,0.0
2025-09-03T11:47:40Z,15469.0,15469.8,858,1537.9289,,,,,,,,,,,,,,,,1537.9289,0.19697000000019216,0.00016421954704802635,-0.04920000000070579,,,,0.0006875000000015064,,,,0.00029007633587596615,,,,0.0,,,,0.0,,,,0.0,,,,0.0,,,,0.0,,,,0.0,,,,0.0,,,,0.0,,,,0.0,,,,0.0,,,,0.0,,,,0.0,,,,0.0
2025-09-03T11:47:40Z,15469.0,15469.9,859,1537.92178,,,,,,,,,,,,,,,,1537.92178,0.18984999999997854,0.00015828339852278959,-0.07644999999997171,,,,0.0006874999999944009,,,,0.00029007633587241344,,,,0.0,,,,0.0,,,,0.0,,,,0.0,,,,0.0,,,,0.0,,,,0.0,,,,0.0,,,,0.0,,,,0.0,,,,0.0,,,,0.0,,,,0.0
2025-09-03T11:47:40Z,15470.0,15470.0,860,1537.91361,,,,,,,,,,,,,,,,1537.91361,0.18168000000014217,0.00015147183483616626,-0.045499999999781715,,,,0.0006874999999944009,,,,0.0002900763358741898,,,,0.0,,,,0.0,,,,0.0,,,,0.0,,,,0.0,,,,0.0,,,,0.0,,,,0.0,,,,0.0,,,,0.0,,,,0.0,,,,0.0,,,,0.0
2025-09-03T11:47:40Z,15470.0,15470.1,861,1537.91268,,,,,,,,,,,,,,,,1537.91268,0.18074999999998909,0.00015069646712138912,-0.025199999999949152,,,,0.0006874999999961773,,,,0.0002900763358741898,,,,0.0,,,,0.0,,,,0.0,,,,0.0,,,,0.0,,,,0.0,,,,0.0,,,,0.0,,,,0.0,,,,0.0,,,,0.0,,,,0.0,,,,0.0
2025-09-03T11:47:40Z,15470.0,15470.2,862,1537.8452,,,,,,,,,,,,,,,,1537.90857,0.17664000000013402,0.00014726984205999435,-0.08660000000093504,,,,0.0006875000000015064,,,,0.0002900763358777425,,,,0.0,,,,0.0,,,,0.0,,,,0.0,,,,0.0,,,,0.0,,,,0.0,,,,0.0,,,,0.0,,,,0.0,,,,0.0,,,,0.0,,,,0.0
2025-09-03T11:47:40Z,15470.0,15470.3,863,1537.90857,,,,,,,,,,,,,,,,1537.89536,0.16343000000006214,0.00013625628559700955,-0.09210000000175811,,,,0.00068749999999973,,,,0.00029007633587596615,,,,0.0,,,,0.0,,,,0.0,,,,0.0,,,,0.0,,,,0.0,,,,0.0,,,,0.0,,,,0.0,,,,0.0,,,,0.0,,,,0.0,,,,0.0
2025-09-03T11:47:40Z,15470.0,15470.4,864,1537.89536,,,,,,,,,,,,,,,,1537.89015,0.15822000000002845,0.0001319125589374933,-0.026050000000073736,,,,0.0006874999999944009,,,,0.00029007633587241344,,,,0.0,,,,0.0,,,,0.0,,,,0.0,,,,0.0,,,,0.0,,,,0.0,,,,0.0,,,,0.0,,,,0.0,,,,0.0,,,,0.0,,,,0.0
2025-09-03T11:47:40Z,15470.0,15470.5,865,1537.89015,,,,,,,,,,,,,,,,1537.89015,0.15822000000002845,0.0001319125589374933,0.0,,,,0.0006874999999944009,,,,0.00029007633587241344,,,,0.0,,,,0.0,,,,0.0,,,,0.0,,,,0.0,,,,0.0,,,,0.0,,,,0.0,,,,0.0,,,,0.0,,,,0.0,,,,0.0,,,,0.0
2025-09-03T11:47:40Z,15470.0,15470.6,866,1537.88937,,,,,,,,,,,,,,,,1537.89015,0.15822000000002845,0.0001319125589374933,0.0,,,,0.0006874999999961773,,,,0.00029007633587596615,,,,0.0,,,,0.0,,,,0.0,,,,0.0,,,,0.0,,,,0.0,,,,0.0,,,,0.0,,,,0.0,,,,0.0,,,,0.0,,,,0.0,,,,0.0
2025-09-03T11:47:41Z,15470.0,15470.7,867,1537.88797,,,,,,,,,,,,,,,,1537.89015,0.15822000000002845,0.0001319125589374933,0.006500000000795758,,,,0.0006875000000015064,,,,0.00029007633587596615,,,,0.0,,,,0.0,,,,0.0,,,,0.0,,,,0.0,,,,0.0,,,,0.0,,,,0.0,,,,0.0,,,,0.0,,,,0.0,,,,0.0,,,,0.0
2025-09-03T11:47:41Z,15470.0,15470.8,868,1537.89505,,,,,,,,,,,,,,,,1537.89145,0.15952000000015687,0.00013299640628065883,0.006500000000795869,,,,0.0006875000000032827,,,,0.0002900763358741898,,,,0.0,,,,0.0,,,,0.0,,,,0.0,,,,0.0,,,,0.0,,,,0.0,,,,0.0,,,,0.0,,,,0.0,,,,0.0,,,,0.0,,,,0.0
2025-09-03T11:47:41Z,15470.0,15470.9,869,1537.895,,,,,,,,,,,,,,,,1537.89145,0.15952000000015687,0.00013299640628065883,0.0,,,,0.0006874999999944009,,,,0.00029007633587596615,,,,0.0,,,,0.0,,,,0.0,,,,0.0,,,,0.0,,,,0.0,,,,0.0,,,,0.0,,,,0.0,,,,0.0,,,,0.0,,,,0.0,,,,0.0
2025-09-03T11:47:41Z,15471.0,15471.0,870,1537.89145,,,,,,,,,,,,,,,,1537.89145,0.15952000000015687,0.00013299640628065883,-0.030950000000190103,,,,0.0006874999999944009,,,,0.00029007633587241344,,,,0.0,,,,0.0,,,,0.0,,,,0.0,,,,0.0,,,,0.0,,,,0.0,,,,0.0,,,,0.0,,,,0.0,,,,0.0,,,,0.0,,,,0.0
2025-09-03T11:47:41Z,15471.0,15471.1,871,1537.88185,,,,,,,,,,,,,,,,1537.88526,0.15333000000009633,0.0001278356254701992,-0.033400000000816665,,,,0.0006874999999961773,,,,0.00029007633587241344,,,,0.0,,,,0.0,,,,0.0,,,,0.0,,,,0.0,,,,0.0,,,,0.0,,,,0.0,,,,0.0,,,,0.0,,,,0.0,,,,0.0,,,,0.0
2025-09-03T11:47:41Z,15471.0,15471.2,872,1537.87966,,,,,,,,,,,,,,,,1537.88477,0.15283999999996922,0.00012742709839463272,-0.0024500000006043576,,,,0.0006875000000015064,,,,0.0002900763358777425,,,,0.0,,,,0.0,,,,0.0,,,,0.0,,,,0.0,,,,0.0,,,,0.0,,,,0.0,,,,0.0,,,,0.0,,,,0.0,,,,0.0,,,,0.0
2025-09-03T11:47:41Z,15471.0,15471.3,873,1537.88526,,,,,,,,,,,,,,,,1537.88477,0.15283999999996922,0.00012742709839463272,0.0,,,,0.0006875000000032827,,,,0.00029007633587596615,,,,0.0,,,,0.0,,,,0.0,,,,0.0,,,,0.0,,,,0.0,,,,0.0,,,,0.0,,,,0.0,,,,0.0,,,,0.0,,,,0.0,,,,0.0
2025-09-03T11:47:41Z,15471.0,15471.4,874,1537.88477,,,,,,,,,,,,,,,,1537.88477,0.15283999999996922,0.00012742709839463272,0.0,,,,0.0006874999999944009,,,,0.0002900763358741898,,,,0.0,,,,0.0,,,,0.0,,,,0.0,,,,0.0,,,,0.0,,,,0.0,,,,0.0,,,,0.0,,,,0.0,,,,0.0,,,,0.0,,,,0.0
2025-09-03T11:47:41Z,15471.0,15471.5,875,1537.88627,,,,,,,,,,,,,,,,1537.88477,0.15283999999996922,0.00012742709839463272,-0.013849999999087759,,,,0.0006874999999944009,,,,0.0002900763358741898,,,,0.0,,,,0.0,,,,0.0,,,,0.0,,,,0.0,,,,0.0,,,,0.0,,,,0.0,,,,0.0,,,,0.0,,,,0.0,,,,0.0,,,,0.0
2025-09-03T11:47:41Z,15471.0,15471.6,876,1537.882,,,,,,,,,,,,,,,,1537.882,0.1500700000001416,0.00012511766982533647,-0.09359999999867397,,,,0.0006874999999961773,,,,0.00029007633587241344,,,,0.0,,,,0.0,,,,0.0,,,,0.0,,,,0.0,,,,0.0,,,,0.0,,,,0.0,,,,0.0,,,,0.0,,,,0.0,,,,0.0,,,,0.0
2025-09-03T11:47:42Z,15471.0,15471.7,877,1537.86605,,,,,,,,,,,,,,,,1537.86605,0.13412000000016633,0.00011181969665475516,-0.10600000000028198,,,,0.0006875000000015064,,,,0.0002900763358741898,,,,0.0,,,,0.0,,,,0.0,,,,0.0,,,,0.0,,,,0.0,,,,0.0,,,,0.0,,,,0.0,,,,0.0,,,,0.0,,,,0.0,,,,0.0
2025-09-03T11:47:42Z,15471.0,15471.8,878,1537.8608,,,,,,,,,,,,,,,,1537.8608,0.12887000000000626,0.00010744262084611636,-0.04760000000067843,,,,0.0006875000000032827,,,,0.0002900763358777425,,,,0.0,,,,0.0,,,,0.0,,,,0.0,,,,0.0,,,,0.0,,,,0.0,,,,0.0,,,,0.0,,,,0.0,,,,0.0,,,,0.0,,,,0.0
2025-09-03T11:47:42Z,15471.0,15471.9,879,1537.85653,,,,,,,,,,,,,,,,1537.85653,0.12460000000010041,0.0001038825991886105,-0.13159999999922878,,,,0.0006874999999944009,,,,0.0002900763358741898,,,,0.0,,,,0.0,,,,0.0,,,,0.0,,,,0.0,,,,0.0,,,,0.0,,,,0.0,,,,0.0,,,,0.0,,,,0.0,,,,0.0,,,,0.0
2025-09-03T11:47:42Z,15472.0,15472.0,880,1537.8288,,,,,,,,,,,,,,,,1537.83448,0.10255000000006476,8.549888079285834e-05,-0.11024999999977725,,,,0.0006874999999944009,,,,0.00029007633587241344,,,,0.0,,,,0.0,,,,0.0,,,,0.0,,,,0.0,,,,0.0,,,,0.0,,,,0.0,,,,0.0,,,,0.0,,,,0.0,,,,0.0,,,,0.0
2025-09-03T11:47:42Z,15472.0,15472.1,881,1537.82237,,,,,,,,,,,,,,,,1537.83448,0.10255000000006476,8.549888079285834e-05,0.0,,,,0.0006874999999961773,,,,0.0002900763358741898,,,,0.0,,,,0.0,,,,0.0,,,,0.0,,,,0.0,,,,0.0,,,,0.0,,,,0.0,,,,0.0,,,,0.0,,,,0.0,,,,0.0,,,,0.0
2025-09-03T11:47:42Z,15472.0,15472.2,882,1537.83448,,,,,,,,,,,,,,,,1537.83448,0.10255000000006476,8.549888079285834e-05,0.07885000000173936,,,,0.0006875000000032827,,,,0.0002900763358741898,,,,0.0,,,,0.0,,,,0.0,,,,0.0,,,,0.0,,,,0.0,,,,0.0,,,,0.0,,,,0.0,,,,0.0,,,,0.0,,,,0.0,,,,0.0
2025-09-03T11:47:42Z,15472.0,15472.3,883,1537.85025,,,,,,,,,,,,,,,,1537.85025,0.11832000000003973,9.86467827928621e-05,0.10615000000181485,,,,0.0006875000000015064,,,,0.00029007633587596615,,,,0.0,,,,0.0,,,,0.0,,,,0.0,,,,0.0,,,,0.0,,,,0.0,,,,0.0,,,,0.0,,,,0.0,,,,0.0,,,,0.0,,,,0.0
2025-09-03T11:47:42Z,15472.0,15472.4,884,1537.85571,,,,,,,,,,,,,,,,1537.85571,0.12378000000012435,0.0001031989416337782,0.041700000000294724,,,,0.0006874999999944009,,,,0.0002900763358741898,,,,0.0,,,,0.0,,,,0.0,,,,0.0,,,,0.0,,,,0.0,,,,0.0,,,,0.0,,,,0.0,,,,0.0,,,,0.0,,,,0.0,,,,0.0
2025-09-03T11:47:42Z,15472.0,15472.5,885,1537.85859,,,,,,,,,,,,,,,,1537.85859,0.126660000000129,0.0001056000803630193,0.021699999999703512,,,,0.0006874999999944009,,,,0.00029007633587241344,,,,0.0,,,,0.0,,,,0.0,,,,0.0,,,,0.0,,,,0.0,,,,0.0,,,,0.0,,,,0.0,,,,0.0,,,,0.0,,,,0.0,,,,0.0
2025-09-03T11:47:42Z,15472.0,15472.6,886,1537.86005,,,,,,,,,,,,,,,,1537.86005,0.12812000000008084,0.00010681732430210635,0.05834999999912416,,,,0.0006874999999961773,,,,0.00029007633587241344,,,,0.0,,,,0.0,,,,0.0,,,,0.0,,,,0.0,,,,0.0,,,,0.0,,,,0.0,,,,0.0,,,,0.0,,,,0.0,,,,0.0,,,,0.0
2025-09-03T11:47:43Z,15472.0,15472.7,887,1537.87026,,,,,,,,,,,,,,,,1537.87026,0.1383299999999963,0.00011532969458867196,0.05704999999983673,,,,0.0006875000000032827,,,,0.0002900763358777425,,,,0.0,,,,0.0,,,,0.0,,,,0.0,,,,0.0,,,,0.0,,,,0.0,,,,0.0,,,,0.0,,,,0.0,,,,0.0,,,,0.0,,,,0.0
2025-09-03T11:47:43Z,15472.0,15472.8,888,1537.87146,,,,,,,,,,,,,,,,1537.87146,0.1395300000001498,0.00011633016905931546,0.05484999999973483,,,,0.0006875000000015064,,,,0.00029007633587596615,,,,0.0,,,,0.0,,,,0.0,,,,0.0,,,,0.0,,,,0.0,,,,0.0,,,,0.0,,,,0.0,,,,0.0,,,,0.0,,,,0.0,,,,0.0
2025-09-03T11:47:43Z,15472.0,15472.9,889,1537.88123,,,,,,,,,,,,,,,,1537.88123,0.1493000000000393,0.0001244756987066704,0.06454999999936428,,,,0.0006874999999944009,,,,0.00029007633587241344,,,,0.0,,,,0.0,,,,0.0,,,,0.0,,,,0.0,,,,0.0,,,,0.0,,,,0.0,,,,0.0,,,,0.0,,,,0.0,,,,0.0,,,,0.0
2025-09-03T11:47:43Z,15473.0,15473.0,890,1537.88437,,,,,,,,,,,,,,,,1537.88437,0.15244000000006963,0.0001270936069045446,0.015700000000094527,,,,0.0006874999999944009,,,,0.00029007633587596615,,,,0.0,,,,0.0,,,,0.0,,,,0.0,,,,0.0,,,,0.0,,,,0.0,,,,0.0,,,,0.0,,,,0.0,,,,0.0,,,,0.0,,,,0.0
2025-09-03T11:47:43Z,15473.0,15473.1,891,1537.88841,,,,,,,,,,,,,,,,1537.88437,0.15244000000006963,0.0001270936069045446,0.0,,,,0.0006874999999961773,,,,0.00029007633587241344,,,,0.0,,,,0.0,,,,0.0,,,,0.0,,,,0.0,,,,0.0,,,,0.0,,,,0.0,,,,0.0,,,,0.0,,,,0.0,,,,0.0,,,,0.0
2025-09-03T11:47:43Z,15473.0,15473.2,892,1537.88775,,,,,,,,,,,,,,,,1537.88437,0.15244000000006963,0.0001270936069045446,-0.03005000000101188,,,,0.0006875000000015064,,,,0.0002900763358741898,,,,0.0,,,,0.0,,,,0.0,,,,0.0,,,,0.0,,,,0.0,,,,0.0,,,,0.0,,,,0.0,,,,0.0,,,,0.0,,,,0.0,,,,0.0
2025-09-03T11:47:43Z,15473.0,15473.3,893,1537.86903,,,,,,,,,,,,,,,,1537.87836,0.14643000000000939,0.00012208289726466255,-0.07669999999973542,,,,0.0006875000000032827,,,,0.0002900763358777425,,,,0.0,,,,0.0,,,,0.0,,,,0.0,,,,0.0,,,,0.0,,,,0.0,,,,0.0,,,,0.0,,,,0.0,,,,0.0,,,,0.0,,,,0.0
2025-09-03T11:47:43Z,15473.0,15473.4,894,1537.86667,,,,,,,,,,,,,,,,1537.86903,0.13710000000014588,0.00011430420825651828,-0.05129999999989632,,,,0.0006874999999944009,,,,0.00029007633587241344,,,,0.0,,,,0.0,,,,0.0,,,,0.0,,,,0.0,,,,0.0,,,,0.0,,,,0.0,,,,0.0,,,,0.0,,,,0.0,,,,0.0,,,,0.0
2025-09-03T11:47:43Z,15473.0,15473.5,895,1537.87836,,,,,,,,,,,,,,,,1537.8681,0.1361699999999928,0.00011352884054174114,-0.011799999999723587,,,,0.0006874999999961773,,,,0.0002900763358741898,,,,0.0,,,,0.0,,,,0.0,,,,0.0,,,,0.0,,,,0.0,,,,0.0,,,,0.0,,,,0.0,,,,0.0,,,,0.0,,,,0.0,,,,0.0
2025-09-03T11:47:43Z,15473.0,15473.6,896,1537.8681,,,,,,,,,,,,,,,,1537.86667,0.1347400000001926,0.0001123366084645434,-0.04814999999990266,,,,0.0006874999999961773,,,,0.0002900763358741898,,,,0.0,,,,0.0,,,,0.0,,,,0.0,,,,0.0,,,,0.0,,,,0.0,,,,0.0,,,,0.0,,,,0.0,,,,0.0,,,,0.0,,,,0.0
2025-09-03T11:47:44Z,15473.0,15473.7,897,1537.85847,,,,,,,,,,,,,,,,1537.85847,0.12653999999997723,0.00010550003291584121,-0.16020000000255574,,,,0.0006875000000015064,,,,0.00029007633587596615,,,,0.0,,,,0.0,,,,0.0,,,,0.0,,,,0.0,,,,0.0,,,,0.0,,,,0.0,,,,0.0,,,,0.0,,,,0.0,,,,0.0,,,,0.0
2025-09-03T11:47:44Z,15473.0,15473.8,898,1537.83463,,,,,,,,,,,,,,,,1537.83463,0.10270000000014079,8.562394010173618e-05,-0.1789000000017162,,,,0.0006875000000015064,,,,0.00029007633587596615,,,,0.0,,,,0.0,,,,0.0,,,,0.0,,,,0.0,,,,0.0,,,,0.0,,,,0.0,,,,0.0,,,,0.0,,,,0.0,,,,0.0,,,,0.0
2025-09-03T11:47:44Z,15473.0,15473.9,899,1537.82029,,,,,,,,,,,,,,,,1537.82269,0.09076000000004569,7.56692191200276e-05,-0.059700000000258324,,,,0.0006874999999944009,,,,0.0002900763358741898,,,,0.0,,,,0.0,,,,0.0,,,,0.0,,,,0.0,,,,0.0,,,,0.0,,,,0.0,,,,0.0,,,,0.0,,,,0.0,,,,0.0,,,,0.0
2025-09-03T11:47:44Z,15474.0,15474.0,900,1537.82174,,,,,,,,,,,,,,,,1537.82269,0.09076000000004569,7.56692191200276e-05,0.0,,,,0.0006874999999944009,,,,0.00029007633587241344,,,,0.0,,,,0.0,,,,0.0,,,,0.0,,,,0.0,,,,0.0,,,,0.0,,,,0.0,,,,0.0,,,,0.0,,,,0.0,,,,0.0,,,,0.0
2025-09-03T11:47:44Z,15474.0,15474.1,901,1537.82269,,,,,,,,,,,,,,,,1537.82269,0.09076000000004569,7.56692191200276e-05,0.07104999999998274,,,,0.0006874999999961773,,,,0.00029007633587241344,,,,0.0,,,,0.0,,,,0.0,,,,0.0,,,,0.0,,,,0.0,,,,0.0,,,,0.0,,,,0.0,,,,0.0,,,,0.0,,,,0.0,,,,0.0
2025-09-03T11:47:44Z,15474.0,15474.2,902,1537.83903,,,,,,,,,,,,,,,,1537.8369,0.10497000000009393,8.751650430842227e-05,0.08169999999998451,,,,0.0006875000000015064,,,,0.00029007633587951887,,,,0.0,,,,0.0,,,,0.0,,,,0.0,,,,0.0,,,,0.0,,,,0.0,,,,0.0,,,,0.0,,,,0.0,,,,0.0,,,,0.0,,,,0.0
2025-09-03T11:47:44Z,15474.0,15474.3,903,1537.84132,,,,,,,,,,,,,,,,1537.83903,0.10710000000017317,8.929234649365336e-05,0.02210000000001544,,,,0.0006875000000015064,,,,0.0002900763358741898,,,,0.0,,,,0.0,,,,0.0,,,,0.0,,,,0.0,,,,0.0,,,,0.0,,,,0.0,,,,0.0,,,,0.0,,,,0.0,,,,0.0,,,,0.0
2025-09-03T11:47:44Z,15474.0,15474.4,904,1537.8369,,,,,,,,,,,,,,,,1537.84132,0.10939000000007582,9.120158527480595e-05,0.034449999999298764,,,,0.0006874999999944009,,,,0.00029007633587241344,,,,0.0,,,,0.0,,,,0.0,,,,0.0,,,,0.0,,,,0.0,,,,0.0,,,,0.0,,,,0.0,,,,0.0,,,,0.0,,,,0.0,,,,0.0
2025-09-03T11:47:44Z,15474.0,15474.5,905,1537.84592,,,,,,,,,,,,,,,,1537.84592,0.11399000000005799,9.50367374117672e-05,0.12829999999961428,,,,0.0006874999999961773,,,,0.0002900763358741898,,,,0.0,,,,0.0,,,,0.0,,,,0.0,,,,0.0,,,,0.0,,,,0.0,,,,0.0,,,,0.0,,,,0.0,,,,0.0,,,,0.0,,,,0.0
2025-09-03T11:47:44Z,15474.0,15474.6,906,1537.87347,,,,,,,,,,,,,,,,1537.86698,0.13505000000009204,0.00011259506436934273,0.10529999999978712,,,,0.0006874999999961773,,,,0.00029007633587241344,,,,0.0,,,,0.0,,,,0.0,,,,0.0,,,,0.0,,,,0.0,,,,0.0,,,,0.0,,,,0.0,,,,0.0,,,,0.0,,,,0.0,,,,0.0
2025-09-03T11:47:45Z,15474.0,15474.7,907,1537.87192,,,,,,,,,,,,,,,,1537.86698,0.13505000000009204,0.00011259506436934273,0.0,,,,0.0006875000000015064,,,,0.00029007633587596615,,,,0.0,,,,0.0,,,,0.0,,,,0.0,,,,0.0,,,,0.0,,,,0.0,,,,0.0,,,,0.0,,,,0.0,,,,0.0,,,,0.0,,,,0.0
2025-09-03T11:47:45Z,15474.0,15474.8,908,1537.86698,,,,,,,,,,,,,,,,1537.86698,0.13505000000009204,0.00011259506436934273,-0.03629999999997546,,,,0.0006875000000032827,,,,0.0002900763358777425,,,,0.0,,,,0.0,,,,0.0,,,,0.0,,,,0.0,,,,0.0,,,,0.0,,,,0.0,,,,0.0,,,,0.0,,,,0.0,,,,0.0,,,,0.0
2025-09-03T11:47:45Z,15474.0,15474.9,909,1537.85972,,,,,,,,,,,,,,,,1537.85972,0.1277900000000045,0.00010654219382265095,-0.08564999999944789,,,,0.0006874999999944009,,,,0.00029007633587241344,,,,0.0,,,,0.0,,,,0.0,,,,0.0,,,,0.0,,,,0.0,,,,0.0,,,,0.0,,,,0.0,,,,0.0,,,,0.0,,,,0.0,,,,0.0
2025-09-03T11:47:45Z,15475.0,15475.0,910,1537.84985,,,,,,,,,,,,,,,,1537.84985,0.11792000000014013,9.831329130277397e-05,-0.04934999999914236,,,,0.0006874999999944009,,,,0.00029007633587241344,,,,0.0,,,,0.0,,,,0.0,,,,0.0,,,,0.0,,,,0.0,,,,0.0,,,,0.0,,,,0.0,,,,0.0,,,,0.0,,,,0.0,,,,0.0
2025-09-03T11:47:45Z,15475.0,15475.1,911,1537.84135,,,,,,,,,,,,,,,,1537.84985,0.11792000000014013,9.831329130277397e-05,0.0,,,,0.0006874999999961773,,,,0.00029007633587596615,,,,0.0,,,,0.0,,,,0.0,,,,0.0,,,,0.0,,,,0.0,,,,0.0,,,,0.0,,,,0.0,,,,0.0,,,,0.0,,,,0.0,,,,0.0
2025-09-03T11:47:45Z,15475.0,15475.2,912,1537.83799,,,,,,,,,,,,,,,,1537.84985,0.11792000000014013,9.831329130277397e-05,0.04520000000063662,,,,0.0006875000000032827,,,,0.00029007633587596615,,,,0.0,,,,0.0,,,,0.0,,,,0.0,,,,0.0,,,,0.0,,,,0.0,,,,0.0,,,,0.0,,,,0.0,,,,0.0,,,,0.0,,,,0.0
2025-09-03T11:47:45Z,15475.0,15475.3,913,1537.85889,,,,,,,,,,,,,,,,1537.85889,0.1269600000000537,0.0001058501989805854,0.07930000000051018,,,,0.0006875000000015064,,,,0.00029007633587596615,,,,0.0,,,,0.0,,,,0.0,,,,0.0,,,,0.0,,,,0.0,,,,0.0,,,,0.0,,,,0.0,,,,0.0,,,,0.0,,,,0.0,,,,0.0
2025-09-03T11:47:45Z,15475.0,15475.4,914,1537.86734,,,,,,,,,,,,,,,,1537.86571,0.13378000000011525,0.00011153622888806651,0.03410000000018365,,,,0.0006874999999944009,,,,0.00029007633587596615,,,,0.0,,,,0.0,,,,0.0,,,,0.0,,,,0.0,,,,0.0,,,,0.0,,,,0.0,,,,0.0,,,,0.0,,,,0.0,,,,0.0,,,,0.0
2025-09-03T11:47:45Z,15475.0,15475.5,915,1537.86571,,,,,,,,,,,,,,,,1537.86571,0.13378000000011525,0.00011153622888806651,0.0,,,,0.0006874999999961773,,,,0.00029007633587241344,,,,0.0,,,,0.0,,,,0.0,,,,0.0,,,,0.0,,,,0.0,,,,0.0,,,,0.0,,,,0.0,,,,0.0,,,,0.0,,,,0.0,,,,0.0
2025-09-03T11:47:45Z,15475.0,15475.6,916,1537.86586,,,,,,,,,,,,,,,,1537.86571,0.13378000000011525,0.00011153622888806651,-0.035000000000181886,,,,0.0006874999999961773,,,,0.00029007633587241344,,,,0.0,,,,0.0,,,,0.0,,,,0.0,,,,0.0,,,,0.0,,,,0.0,,,,0.0,,,,0.0,,,,0.0,,,,0.0,,,,0.0,,,,0.0
2025-09-03T11:47:46Z,15475.0,15475.7,917,1537.85871,,,,,,,,,,,,,,,,1537.85871,0.1267800000000534,0.00010570012781000782,-0.04525000000037516,,,,0.0006875000000015064,,,,0.0002900763358777425,,,,0.0,,,,0.0,,,,0.0,,,,0.0,,,,0.0,,,,0.0,,,,0.0,,,,0.0,,,,0.0,,,,0.0,,,,0.0,,,,0.0,,,,0.0
2025-09-03T11:47:46Z,15475.0,15475.8,918,1537.85666,,,,,,,,,,,,,,,,1537.85666,0.12472999999999956,0.00010399098392283227,-0.05189999999941697,,,,0.0006875000000032827,,,,0.00029007633587596615,,,,0.0,,,,0.0,,,,0.0,,,,0.0,,,,0.0,,,,0.0,,,,0.0,,,,0.0,,,,0.0,,,,0.0,,,,0.0,,,,0.0,,,,0.0
2025-09-03T11:47:46Z,15475.0,15475.9,919,1537.84833,,,,,,,,,,,,,,,,1537.84833,0.11640000000011241,9.704602364009789e-05,-0.07459999999896494,,,,0.0006874999999961773,,,,0.0002900763358741898,,,,0.0,,,,0.0,,,,0.0,,,,0.0,,,,0.0,,,,0.0,,,,0.0,,,,0.0,,,,0.0,,,,0.0,,,,0.0,,,,0.0,,,,0.0
2025-09-03T11:47:46Z,15476.0,15476.0,920,1537.84174,,,,,,,,,,,,,,,,1537.84174,0.10981000000015229,9.155175133955014e-05,-0.032949999999680735,,,,0.0006874999999944009,,,,0.00029007633587241344,,,,0.0,,,,0.0,,,,0.0,,,,0.0,,,,0.0,,,,0.0,,,,0.0,,,,0.0,,,,0.0,,,,0.0,,,,0.0,,,,0.0,,,,0.0
2025-09-03T11:47:46Z,15476.0,15476.1,921,1537.83958,,,,,,,,,,,,,,,,1537.84174,0.10981000000015229,9.155175133955014e-05,-0.0047000000006220954,,,,0.0006874999999961773,,,,0.00029007633587241344,,,,0.0,,,,0.0,,,,0.0,,,,0.0,,,,0.0,,,,0.0,,,,0.0,,,,0.0,,,,0.0,,,,0.0,,,,0.0,,,,0.0,,,,0.0
2025-09-03T11:47:46Z,15476.0,15476.2,922,1537.8408,,,,,,,,,,,,,,,,1537.8408,0.10887000000002445,9.076804633753974e-05,-0.01080000000010195,,,,0.0006875000000015064,,,,0.00029007633587596615,,,,0.0,,,,0.0,,,,0.0,,,,0.0,,,,0.0,,,,0.0,,,,0.0,,,,0.0,,,,0.0,,,,0.0,,,,0.0,,,,0.0,,,,0.0
2025-09-03T11:47:46Z,15476.0,15476.3,923,1537.84292,,,,,,,,,,,,,,,,1537.83958,0.1076500000001488,8.975089729261932e-05,-0.023649999999327376,,,,0.0006875000000032827,,,,0.00029007633587596615,,,,0.0,,,,0.0,,,,0.0,,,,0.0,,,,0.0,,,,0.0,,,,0.0,,,,0.0,,,,0.0,,,,0.0,,,,0.0,,,,0.0,,,,0.0
2025-09-03T11:47:46Z,15476.0,15476.4,924,1537.83607,,,,,,,,,,,,,,,,1537.83607,0.10414000000014312,8.682450946635672e-05,-0.04310000000016556,,,,0.0006874999999944009,,,,0.0002900763358741898,,,,0.0,,,,0.0,,,,0.0,,,,0.0,,,,0.0,,,,0.0,,,,0.0,,,,0.0,,,,0.0,,,,0.0,,,,0.0,,,,0.0,,,,0.0
2025-09-03T11:47:46Z,15476.0,15476.5,925,1537.82929,,,,,,,,,,,,,,,,1537.83096,0.09903000000008433,8.256415567936251e-05,-0.025550000000201023,,,,0.0006874999999961773,,,,0.0002900763358741898,,,,0.0,,,,0.0,,,,0.0,,,,0.0,,,,0.0,,,,0.0,,,,0.0,,,,0.0,,,,0.0,,,,0.0,,,,0.0,,,,0.0,,,,0.0
2025-09-03T11:47:46Z,15476.0,15476.6,926,1537.82426,,,,,,,,,,,,,,,,1537.83096,0.09903000000008433,8.256415567936251e-05,0.0,,,,0.0006874999999961773,,,,0.00029007633587241344,,,,0.0,,,,0.0,,,,0.0,,,,0.0,,,,0.0,,,,0.0,,,,0.0,,,,0.0,,,,0.0,,,,0.0,,,,0.0,,,,0.0,,,,0.0
2025-09-03T11:47:47Z,15476.0,15476.7,927,1537.83096,,,,,,,,,,,,,,,,1537.83096,0.09903000000008433,8.256415567936251e-05,0.018700000000977712,,,,0.0006875000000032827,,,,0.00029007633587596615,,,,0.0,,,,0.0,,,,0.0,,,,0.0,,,,0.0,,,,0.0,,,,0.0,,,,0.0,,,,0.0,,,,0.0,,,,0.0,,,,0.0,,,,0.0
2025-09-03T11:47:47Z,15476.0,15476.8,928,1537.8347,,,,,,,,,,,,,,,,1537.8347,0.10277000000019143,8.568230111255847e-05,0.036649999999767646,,,,0.0006875000000015064,,,,0.0002900763358777425,,,,0.0,,,,0.0,,,,0.0,,,,0.0,,,,0.0,,,,0.0,,,,0.0,,,,0.0,,,,0.0,,,,0.0,,,,0.0,,,,0.0,,,,0.0
2025-09-03T11:47:47Z,15476.0,15476.9,929,1537.84286,,,,,,,,,,,,,,,,1537.83829,0.10635999999999513,8.867538723668703e-05,0.034799999999550746,,,,0.0006874999999961773,,,,0.0002900763358741898,,,,0.0,,,,0.0,,,,0.0,,,,0.0,,,,0.0,,,,0.0,,,,0.0,,,,0.0,,,,0.0,,,,0.0,,,,0.0,,,,0.0,,,,0.0
2025-09-03T11:47:47Z,15477.0,15477.0,930,1537.83829,,,,,,,,,,,,,,,,1537.84166,0.10973000000012689,9.14850530414946e-05,0.022850000000206427,,,,0.0006874999999944009,,,,0.00029007633587241344,,,,0.0,,,,0.0,,,,0.0,,,,0.0,,,,0.0,,,,0.0,,,,0.0,,,,0.0,,,,0.0,,,,0.0,,,,0.0,,,,0.0,,,,0.0
2025-09-03T11:47:47Z,15477.0,15477.1,931,1537.84166,,,,,,,,,,,,,,,,1537.84286,0.11093000000005304,9.248552751194853e-05,0.006399999999734396,,,,0.0006874999999944009,,,,0.0002900763358741898,,,,0.0,,,,0.0,,,,0.0,,,,0.0,,,,0.0,,,,0.0,,,,0.0,,,,0.0,,,,0.0,,,,0.0,,,,0.0,,,,0.0,,,,0.0
2025-09-03T11:47:47Z,15477.0,15477.2,932,1537.88218,,,,,,,,,,,,,,,,1537.84294,0.11101000000007843,9.255222581000407e-05,0.00040000000012185843,,,,0.0006875000000032827,,,,0.00029007633587596615,,,,0.0,,,,0.0,,,,0.0,,,,0.0,,,,0.0,,,,0.0,,,,0.0,,,,0.0,,,,0.0,,,,0.0,,,,0.0,,,,0.0,,,,0.0
2025-09-03T11:47:47Z,15477.0,15477.3,933,1537.85528,,,,,,,,,,,,,,,,1537.84294,0.11101000000007843,9.255222581000407e-05,0.0,,,,0.0006875000000015064,,,,0.0002900763358741898,,,,0.0,,,,0.0,,,,0.0,,,,0.0,,,,0.0,,,,0.0,,,,0.0,,,,0.0,,,,0.0,,,,0.0,,,,0.0,,,,0.0,,,,0.0
2025-09-03T11:47:47Z,15477.0,15477.4,934,1537.84294,,,,,,,,,,,,,,,,1537.84294,0.11101000000007843,9.255222581000407e-05,0.0,,,,0.0006874999999944009,,,,0.00029007633587596615,,,,0.0,,,,0.0,,,,0.0,,,,0.0,,,,0.0,,,,0.0,,,,0.0,,,,0.0,,,,0.0,,,,0.0,,,,0.0,,,,0.0,,,,0.0
2025-09-03T11:47:47Z,15477.0,15477.5,935,1537.83748,,,,,,,,,,,,,,,,1537.84294,0.11101000000007843,9.255222581000407e-05,0.0,,,,0.0006874999999961773,,,,0.00029007633587241344,,,,0.0,,,,0.0,,,,0.0,,,,0.0,,,,0.0,,,,0.0,,,,0.0,,,,0.0,,,,0.0,,,,0.0,,,,0.0,,,,0.0,,,,0.0
2025-09-03T11:47:47Z,15477.0,15477.6,936,1537.83293,,,,,,,,,,,,,,,,1537.84294,0.11101000000007843,9.255222581000407e-05,0.0036999999997399113,,,,0.0006874999999961773,,,,0.00029007633587241344,,,,0.0,,,,0.0,,,,0.0,,,,0.0,,,,0.0,,,,0.0,,,,0.0,,,,0.0,,,,0.0,,,,0.0,,,,0.0,,,,0.0,,,,0.0
2025-09-03T11:47:48Z,15477.0,15477.7,937,1537.85164,,,,,,,,,,,,,,,,1537.84368,0.1117500000000291,9.316918506678084e-05,0.04350000000134335,1510.13944,-1.7538050000000567,-0.001487186979738124,0.0003437499999954241,,,,0.0002900763358777425,,,,0.0,,,,0.0,,,,0.0,,,,0.0,,,,0.0,,,,0.0,,,,0.0,,,,0.0,,,,0.0,,,,0.0,,,,0.0,,,,0.0,,,,0.0
2025-09-03T11:47:48Z,15477.0,15477.8,938,1537.85358,,,,,,,,,,,,,,,,1537.85164,0.11971000000016829,9.980566572131641e-05,0.03980000000163708,1510.13944,-1.7538050000000567,-0.001487186979738124,-1.7763568394002505e-15,,,,0.00029007633587596615,,,,0.0,,,,0.0,,,,0.0,,,,0.0,,,,0.0,,,,0.0,,,,0.0,,,,0.0,,,,0.0,,,,0.0,,,,0.0,,,,0.0,,,,0.0
2025-09-03T11:47:48Z,15477.0,15477.9,939,1537.84368,1510.13944,,,,,,,,,,,,,,,1537.85164,0.11971000000016829,9.980566572131641e-05,-0.008650000000866798,1510.13944,-1.7538050000000567,-0.001487186979738124,0.0,,,,0.00029007633587241344,,,,0.0,,,,0.0,,,,0.0,,,,0.0,,,,0.0,,,,0.0,,,,0.0,,,,0.0,,,,0.0,,,,0.0,,,,0.0,,,,0.0,,,,0.0
2025-09-03T11:47:48Z,15478.0,15478.0,940,1537.87488,,,,,,,,,,,,,,,,1537.84991,0.11797999999998865,9.836331502617345e-05,-0.03385000000081584,1510.13944,-1.7538050000000567,-0.001487186979738124,0.0,,,,0.00029007633587596615,,,,0.0,,,,0.0,,,,0.0,,,,0.0,,,,0.0,,,,0.0,,,,0.0,,,,0.0,,,,0.0,,,,0.0,,,,0.0,,,,0.0,,,,0.0
2025-09-03T11:47:48Z,15478.0,15478.1,941,1537.84487,,,,,,,,,,,,,,,,1537.84487,0.1129399999999805,9.416132225000153e-05,-0.02519999999994904,1510.13944,-1.7538050000000567,-0.001487186979738124,0.0019500000007539597,,,,0.00029007633587241344,,,,0.0,,,,0.0,,,,0.0,,,,0.0,,,,0.0,,,,0.0,,,,0.0,,,,0.0,,,,0.0,,,,0.0,,,,0.0,,,,0.0,,,,0.0
2025-09-03T11:47:48Z,15478.0,15478.2,942,1537.84991,,,,,,,,,,,,,,,,1537.84487,0.1129399999999805,9.416132225000153e-05,0.0,1510.13983,-1.7534149999999045,-0.0014868562685573915,0.0019500000007379725,,,,0.00029007633587596615,,,,0.0,,,,0.0,,,,0.0,,,,0.0,,,,0.0,,,,0.0,,,,0.0,,,,0.0,,,,0.0,,,,0.0,,,,0.0,,,,0.0,,,,0.0
2025-09-03T11:47:48Z,15478.0,15478.3,943,1537.84298,,,,,,,,,,,,,,,,1537.84487,0.1129399999999805,9.416132225000153e-05,0.012200000000874844,1510.13983,-1.7534149999999045,-0.0014868562685573915,-1.7763568394002505e-15,,,,0.0002900763358777425,,,,0.0,,,,0.0,,,,0.0,,,,0.0,,,,0.0,,,,0.0,,,,0.0,,,,0.0,,,,0.0,,,,0.0,,,,0.0,,,,0.0,,,,0.0
2025-09-03T11:47:48Z,15478.0,15478.4,944,1537.83834,1510.13983,,,,,,,,,,,,,,,1537.84731,0.11538000000018656,9.619562034022152e-05,-0.009449999999980863,1510.13983,-1.7534149999999045,-0.0014868562685573915,0.0,,,,0.00029007633587241344,,,,0.0,,,,0.0,,,,0.0,,,,0.0,,,,0.0,,,,0.0,,,,0.0,,,,0.0,,,,0.0,,,,0.0,,,,0.0,,,,0.0,,,,0.0
2025-09-03T11:47:48Z,15478.0,15478.5,945,1537.84731,,,,,,,,,,,,,,,,1537.84298,0.11104999999997744,9.258557495893705e-05,-0.04485000000028827,1510.13983,-1.7534149999999045,-0.0014868562685573915,0.0,,,,0.0002900763358741898,,,,0.0,,,,0.0,,,,0.0,,,,0.0,,,,0.0,,,,0.0,,,,0.0,,,,0.0,,,,0.0,,,,0.0,,,,0.0,,,,0.0,,,,0.0
2025-09-03T11:47:48Z,15478.0,15478.6,946,1537.84831,,,,,,,,,,,,,,,,1537.83834,0.10641000000009626,8.871707367304283e-05,-0.1036499999994116,1510.13983,-1.7534149999999045,-0.0014868562685573915,0.0016374999998394202,,,,0.0002900763358741898,,,,0.0,,,,0.0,,,,0.0,,,,0.0,,,,0.0,,,,0.0,,,,0.0,,,,0.0,,,,0.0,,,,0.0,,,,0.0,,,,0.0,,,,0.0
2025-09-03T11:47:49Z,15478.0,15478.7,947,1537.81224,,,,,,,,,,,,,,,,1537.82225,0.09032000000001972,7.530237848081692e-05,-0.11105000000013138,,,,0.003274999999707262,,,,0.0002900763358741898,,,,0.0,,,,0.0,,,,0.0,,,,0.0,,,,0.0,,,,0.0,,,,0.0,,,,0.0,,,,0.0,,,,0.0,,,,0.0,,,,0.0,,,,0.0
2025-09-03T11:47:49Z,15478.0,15478.8,948,1537.82225,,,,,,,,,,,,,,,,1537.81613,0.08420000000000982,7.019995868117959e-05,-0.050050000000304184,,,,0.003274999999707262,,,,0.0002900763358741898,,,,0.0,,,,0.0,,,,0.0,,,,0.0,,,,0.0,,,,0.0,,,,0.0,,,,0.0,,,,0.0,,,,0.0,,,,0.0,,,,0.0,,,,0.0
2025-09-03T11:47:49Z,15478.0,15478.9,949,1537.81613,,,,,,,,,,,,,,,,1537.81224,0.08031000000005406,6.695675393929537e-05,-0.03119999999955797,,,,0.0032749999996788404,,,,0.0002900763358741898,,,,0.0,,,,0.0,,,,0.0,,,,0.0,,,,0.0,,,,0.0,,,,0.0,,,,0.0,,,,0.0,,,,0.0,,,,0.0,,,,0.0,,,,0.0
2025-09-03T11:47:49Z,15479.0,15479.0,950,1537.80989,,,,,,,,,,,,,,,,1537.80989,0.07796000000007552,6.499749143455372e-05,-0.011749999999849936,1510.14114,-1.7521050000000287,-0.0014857454181816244,0.0016374999998394202,,,,0.0002900763358741898,,,,0.0,,,,0.0,,,,0.0,,,,0.0,,,,0.0,,,,0.0,,,,0.0,,,,0.0,,,,0.0,,,,0.0,,,,0.0,,,,0.0,,,,0.0
2025-09-03T11:47:49Z,15479.0,15479.1,951,1537.80147,,,,,,,,,,,,,,,,1537.80989,0.07796000000007552,6.499749143455372e-05,0.0,1510.14114,-1.7521050000000287,-0.0014857454181816244,0.0,,,,0.00029007633587241344,,,,0.0,,,,0.0,,,,0.0,,,,0.0,,,,0.0,,,,0.0,,,,0.0,,,,0.0,,,,0.0,,,,0.0,,,,0.0,,,,0.0,,,,0.0
2025-09-03T11:47:49Z,15479.0,15479.2,952,1537.80081,1510.14114,,,,,,,,,,,,,,,1537.80989,0.07796000000007552,6.499749143455372e-05,0.04035000000139838,1510.14114,-1.7521050000000287,-0.0014857454181816244,1.7763568394002505e-15,,,,0.0002900763358777425,,,,0.0,,,,0.0,,,,0.0,,,,0.0,,,,0.0,,,,0.0,,,,0.0,,,,0.0,,,,0.0,,,,0.0,,,,0.0,,,,0.0,,,,0.0
2025-09-03T11:47:49Z,15479.0,15479.3,953,1537.81796,,,,,,,,,,,,,,,,1537.81796,0.08603000000016436,7.172568224884459e-05,0.06660000000072758,1510.14114,-1.7521050000000287,-0.0014857454181816244,-1.7763568394002505e-15,,,,0.00029007633587596615,,,,0.0,,,,0.0,,,,0.0,,,,0.0,,,,0.0,,,,0.0,,,,0.0,,,,0.0,,,,0.0,,,,0.0,,,,0.0,,,,0.0,,,,0.0
2025-09-03T11:47:49Z,15479.0,15479.4,954,1537.82321,,,,,,,,,,,,,,,,1537.82321,0.09128000000009706,7.610275805729381e-05,0.09469999999930334,1510.14114,-1.7521050000000287,-0.0014857454181816244,-0.0016884615384782364,,,,0.00029007633587241344,,,,0.0,,,,0.0,,,,0.0,,,,0.0,,,,0.0,,,,0.0,,,,0.0,,,,0.0,,,,0.0,,,,0.0,,,,0.0,,,,0.0,,,,0.0
2025-09-03T11:47:49Z,15479.0,15479.5,955,1537.86163,,,,,,,,,,,,,,,,1537.8369,0.10497000000009393,8.751650430842227e-05,0.08194999999970803,,,,-0.003376923076956473,,,,0.00029007633587596615,,,,0.0,,,,0.0,,,,0.0,,,,0.0,,,,0.0,,,,0.0,,,,0.0,,,,0.0,,,,0.0,,,,0.0,,,,0.0,,,,0.0,,,,0.0
2025-09-03T11:47:49Z,15479.0,15479.6,956,1537.8396,,,,,,,,,,,,,,,,1537.8396,0.1076700000000983,8.97675718670858e-05,0.074699999999849,,,,-0.0033769230769546965,,,,0.00029007633587241344,,,,0.0,,,,0.0,,,,0.0,,,,0.0,,,,0.0,,,,0.0,,,,0.0,,,,0.0,,,,0.0,,,,0.0,,,,0.0,,,,0.0,,,,0.0
2025-09-03T11:47:50Z,15479.0,15479.7,957,1537.8369,,,,,,,,,,,,,,,,1537.85184,0.11991000000011809,9.997241146636048e-05,-2.2265522758857514e-12,,,,-0.003376923076986671,,,,0.0002900763358741898,,,,0.0,,,,0.0,,,,0.0,,,,0.0,,,,0.0,,,,0.0,,,,0.0,,,,0.0,,,,0.0,,,,0.0,,,,0.0,,,,0.0,,,,0.0
2025-09-03T11:47:50Z,15479.0,15479.8,958,1537.8533,,,,,,,,,,,,,,,,1537.8396,0.1076700000000983,8.97675718670858e-05,-2.2263302312808264e-12,,,,-0.003376923076986671,,,,0.0002900763358777425,,,,0.0,,,,0.0,,,,0.0,,,,0.0,,,,0.0,,,,0.0,,,,0.0,,,,0.0,,,,0.0,,,,0.0,,,,0.0,,,,0.0,,,,0.0
2025-09-03T11:47:50Z,15479.0,15479.9,959,1537.85184,,,,,,,,,,,,,,,,1537.85184,0.11991000000011809,9.997241146636048e-05,0.06849999999960898,,,,-0.0033769230769546965,,,,0.00029007633587241344,,,,0.0,,,,0.0,,,,0.0,,,,0.0,,,,0.0,,,,0.0,,,,0.0,,,,0.0,,,,0.0,,,,0.0,,,,0.0,,,,0.0,,,,0.0
2025-09-03T11:47:50Z,15480.0,15480.0,960,1537.8306,,,,,,,,,,,,,,,,1537.8533,0.12137000000006992,0.00010118965540544752,0.09924999999916784,,,,-0.00337692307695292,,,,0.00029007633587241344,,,,0.0,,,,0.0,,,,0.0,,,,0.0,,,,0.0,,,,0.0,,,,0.0,,,,0.0,,,,0.0,,,,0.0,,,,0.0,,,,0.0,,,,0.0
2025-09-03T11:47:50Z,15480.0,15480.1,961,1537.88368,,,,,,,,,,,,,,,,1537.87169,0.13976000000002387,0.00011652192666605927,0.10864999999927505,,,,-0.0033769230769546965,,,,0.00029007633587596615,,,,0.0,,,,0.0,,,,0.0,,,,0.0,,,,0.0,,,,0.0,,,,0.0,,,,0.0,,,,0.0,,,,0.0,,,,0.0,,,,0.0,,,,0.0
2025-09-03T11:47:50Z,15480.0,15480.2,962,1537.87169,,,,,,,,,,,,,,,,1537.87503,0.143100000000004,0.00011930658060897752,0.027300000000461067,,,,-0.003376923076986671,,,,0.0002900763358741898,,,,0.0,,,,0.0,,,,0.0,,,,0.0,,,,0.0,,,,0.0,,,,0.0,,,,0.0,,,,0.0,,,,0.0,,,,0.0,,,,0.0,,,,0.0
2025-09-03T11:47:50Z,15480.0,15480.3,963,1537.87715,,,,,,,,,,,,,,,,1537.87715,0.14522000000010848,0.00012107408550697536,3.8558045645231687e-13,,,,-0.003376923076986671,,,,0.00029007633587596615,,,,0.0,,,,0.0,,,,0.0,,,,0.0,,,,0.0,,,,0.0,,,,0.0,,,,0.0,,,,0.0,,,,0.0,,,,0.0,,,,0.0,,,,0.0
2025-09-03T11:47:50Z,15480.0,15480.4,964,1537.87503,,,,,,,,,,,,,,,,1537.87503,0.143100000000004,0.00011930658060897752,-0.010600000000483889,,,,-0.0033769230769546965,,,,0.0002900763358741898,,,,0.0,,,,0.0,,,,0.0,,,,0.0,,,,0.0,,,,0.0,,,,0.0,,,,0.0,,,,0.0,,,,0.0,,,,0.0,,,,0.0,,,,0.0
2025-09-03T11:47:50Z,15480.0,15480.5,965,1537.88152,,,,,,,,,,,,,,,,1537.87503,0.143100000000004,0.00011930658060897752,-0.05324999999951341,,,,-0.003376923076956473,,,,0.00029007633587241344,,,,0.0,,,,0.0,,,,0.0,,,,0.0,,,,0.0,,,,0.0,,,,0.0,,,,0.0,,,,0.0,,,,0.0,,,,0.0,,,,0.0,,,,0.0
2025-09-03T11:47:50Z,15480.0,15480.6,966,1537.84398,,,,,,,,,,,,,,,,1537.86438,0.13245000000006257,0.00011042736968320124,-0.15524999999854927,,,,-0.0033769230769546965,,,,0.0002900763358741898,,,,0.0,,,,0.0,,,,0.0,,,,0.0,,,,0.0,,,,0.0,,,,0.0,,,,0.0,,,,0.0,,,,0.0,,,,0.0,,,,0.0,,,,0.0
2025-09-03T11:47:51Z,15480.0,15480.7,967,1537.86438,,,,,,,,,,,,,,,,1537.84398,0.11205000000018117,9.34193036845365e-05,-0.14215000000000688,1510.13675,-1.7564950000000863,-0.001489468038906925,-0.0016884615384622492,,,,0.00029007633587951887,,,,0.0,,,,0.0,,,,0.0,,,,0.0,,,,0.0,,,,0.0,,,,0.0,,,,0.0,,,,0.0,,,,0.0,,,,0.0,,,,0.0,,,,0.0
2025-09-03T11:47:51Z,15480.0,15480.8,968,1537.83595,,,,,,,,,,,,,,,,1537.83595,0.10401999999999134,8.672446201917863e-05,-0.11420000000044389,1510.13675,-1.7564950000000863,-0.001489468038906925,0.0,,,,0.0002900763358741898,,,,0.0,,,,0.0,,,,0.0,,,,0.0,,,,0.0,,,,0.0,,,,0.0,,,,0.0,,,,0.0,,,,0.0,,,,0.0,,,,0.0,,,,0.0
2025-09-03T11:47:51Z,15480.0,15480.9,969,1537.79269,1510.13675,,,,,,,,,,,,,,,1537.82114,0.08921000000009371,7.437693959565177e-05,-0.0911999999990577,1510.13675,-1.7564950000000863,-0.001489468038906925,0.0,,,,0.00029007633587241344,,,,0.0,,,,0.0,,,,0.0,,,,0.0,,,,0.0,,,,0.0,,,,0.0,,,,0.0,,,,0.0,,,,0.0,,,,0.0,,,,0.0,,,,0.0
2025-09-03T11:47:51Z,15481.0,15481.0,970,1537.82114,,,,,,,,,,,,,,,,1537.81771,0.08578000000011343,7.151725006744472e-05,-0.017149999999839016,1510.13675,-1.7564950000000863,-0.001489468038906925,0.0,,,,0.0002900763358741898,,,,0.0,,,,0.0,,,,0.0,,,,0.0,,,,0.0,,,,0.0,,,,0.0,,,,0.0,,,,0.0,,,,0.0,,,,0.0,,,,0.0,,,,0.0
2025-09-03T11:47:51Z,15481.0,15481.1,971,1537.81771,,,,,,,,,,,,,,,,1537.81771,0.08578000000011343,7.151725006744472e-05,0.017149999999839016,1510.13675,-1.7564950000000863,-0.001489468038906925,0.0006250000001237765,,,,0.0002900763358741898,,,,0.0,,,,0.0,,,,0.0,,,,0.0,,,,0.0,,,,0.0,,,,0.0,,,,0.0,,,,0.0,,,,0.0,,,,0.0,,,,0.0,,,,0.0
2025-09-03T11:47:51Z,15481.0,15481.2,972,1537.81415,,,,,,,,,,,,,,,,1537.82114,0.08921000000009371,7.437693959565177e-05,0.022949999999955895,,,,0.0012500000002599876,,,,0.00029007633587596615,,,,0.0,,,,0.0,,,,0.0,,,,0.0,,,,0.0,,,,0.0,,,,0.0,,,,0.0,,,,0.0,,,,0.0,,,,0.0,,,,0.0,,,,0.0
2025-09-03T11:47:51Z,15481.0,15481.3,973,1537.8223,,,,,,,,,,,,,,,,1537.8223,0.09037000000012085,7.534406491717271e-05,0.005800000000272809,,,,0.001250000000261764,,,,0.00029007633587596615,,,,0.0,,,,0.0,,,,0.0,,,,0.0,,,,0.0,,,,0.0,,,,0.0,,,,0.0,,,,0.0,,,,0.0,,,,0.0,,,,0.0,,,,0.0
2025-09-03T11:47:51Z,15481.0,15481.4,974,1537.83051,,,,,,,,,,,,,,,,1537.8223,0.09037000000012085,7.534406491717271e-05,0.018249999999331523,,,,0.0012500000002493294,,,,0.00029007633587241344,,,,0.0,,,,0.0,,,,0.0,,,,0.0,,,,0.0,,,,0.0,,,,0.0,,,,0.0,,,,0.0,,,,0.0,,,,0.0,,,,0.0,,,,0.0
2025-09-03T11:47:51Z,15481.0,15481.5,975,1537.82595,,,,,,,,,,,,,,,,1537.82595,0.09402000000000044,7.838717476489032e-05,0.022000000000081843,,,,0.0012500000002493294,,,,0.00029007633587241344,,,,0.0,,,,0.0,,,,0.0,,,,0.0,,,,0.0,,,,0.0,,,,0.0,,,,0.0,,,,0.0,,,,0.0,,,,0.0,,,,0.0,,,,0.0
2025-09-03T11:47:51Z,15481.0,15481.6,976,1537.81856,,,,,,,,,,,,,,,,1537.8267,0.09477000000015323,7.901247130908991e-05,0.00375000000075032,,,,0.0012500000002511058,,,,0.00029007633587596615,,,,0.0,,,,0.0,,,,0.0,,,,0.0,,,,0.0,,,,0.0,,,,0.0,,,,0.0,,,,0.0,,,,0.0,,,,0.0,,,,0.0,,,,0.0
2025-09-03T11:47:52Z,15481.0,15481.7,977,1537.8267,,,,,,,,,,,,,,,,1537.8267,0.09477000000015323,7.901247130908991e-05,0.0048499999992383525,,,,0.001250000000261764,,,,0.00029007633587596615,,,,0.0,,,,0.0,,,,0.0,,,,0.0,,,,0.0,,,,0.0,,,,0.0,,,,0.0,,,,0.0,,,,0.0,,,,0.0,,,,0.0,,,,0.0
2025-09-03T11:47:52Z,15481.0,15481.8,978,1537.82767,,,,,,,,,,,,,,,,1537.82767,0.09573999999997795,7.982118817261048e-05,0.004849999999238297,,,,0.001250000000261764,,,,0.00029007633587596615,,,,0.0,,,,0.0,,,,0.0,,,,0.0,,,,0.0,,,,0.0,,,,0.0,,,,0.0,,,,0.0,,,,0.0,,,,0.0,,,,0.0,,,,0.0
2025-09-03T11:47:52Z,15481.0,15481.9,979,1537.83025,,,,,,,,,,,,,,,,1537.82767,0.09573999999997795,7.982118817261048e-05,0.0,1510.13775,-1.7554949999998826,-0.0014886200615205902,2.50000005035389e-05,,,,0.00029007633587596615,,,,0.0,,,,0.0,,,,0.0,,,,0.0,,,,0.0,,,,0.0,,,,0.0,,,,0.0,,,,0.0,,,,0.0,,,,0.0,,,,0.0,,,,0.0
2025-09-03T11:47:52Z,15482.0,15482.0,980,1537.84901,,,,,,,,,,,,,,,,1537.82767,0.09573999999997795,7.982118817261048e-05,-0.0340499999991733,1510.1376300000002,-1.755614999999807,-0.0014887218188068656,-0.0005999999996202376,,,,0.00029007633587241344,,,,0.0,,,,0.0,,,,0.0,,,,0.0,,,,0.0,,,,0.0,,,,0.0,,,,0.0,,,,0.0,,,,0.0,,,,0.0,,,,0.0,,,,0.0
2025-09-03T11:47:52Z,15482.0,15482.1,981,1537.80692,1510.13775,,,,,,,,,,,,,,,1537.82086,0.08893000000011853,7.414349555255217e-05,-0.06869999999910326,1510.1376300000002,-1.755614999999807,-0.0014887218188068656,0.0,,,,0.00029007633587241344,,,,0.0,,,,0.0,,,,0.0,,,,0.0,,,,0.0,,,,0.0,,,,0.0,,,,0.0,,,,0.0,,,,0.0,,,,0.0,,,,0.0,,,,0.0
2025-09-03T11:47:52Z,15482.0,15482.2,982,1537.81393,1510.13751,,,,,,,,,,,,,,,1537.81393,0.08200000000010732,6.836575548531577e-05,-0.03464999999961488,1510.1376300000002,-1.755614999999807,-0.0014887218188068656,0.0,,,,0.0002900763358777425,,,,0.0,,,,0.0,,,,0.0,,,,0.0,,,,0.0,,,,0.0,,,,0.0,,,,0.0,,,,0.0,,,,0.0,,,,0.0,,,,0.0,,,,0.0
2025-09-03T11:47:52Z,15482.0,15482.3,983,1537.82086,,,,,,,,,,,,,,,,1537.81393,0.08200000000010732,6.836575548531577e-05,0.008099999999910013,1510.1376300000002,-1.755614999999807,-0.0014887218188068656,-0.0006000000007500006,,,,0.00029007633587596615,,,,0.0,,,,0.0,,,,0.0,,,,0.0,,,,0.0,,,,0.0,,,,0.0,,,,0.0,,,,0.0,,,,0.0,,,,0.0,,,,0.0,,,,0.0
2025-09-03T11:47:52Z,15482.0,15482.4,984,1537.81251,,,,,,,,,,,,,,,,1537.81555,0.08362000000010994,6.971639602051389e-05,0.00809999999998362,1510.13751,-1.7557349999999587,-0.0014888235760933339,0.009549999998592185,,,,0.00029007633587241344,,,,0.0,,,,0.0,,,,0.0,,,,0.0,,,,0.0,,,,0.0,,,,0.0,,,,0.0,,,,0.0,,,,0.0,,,,0.0,,,,0.0,,,,0.0
2025-09-03T11:47:52Z,15482.0,15482.5,985,1537.82672,,,,,,,,,,,,,,,,1537.81555,0.08362000000010994,6.971639602051389e-05,-0.01520000000022187,1510.13954,-1.7537050000000818,-0.0014871021819995289,0.010149999999347514,1510.13954,-2.0236050000000887,-0.0017156650016195826,0.00014503816793798308,,,,0.0,,,,0.0,,,,0.0,,,,0.0,,,,0.0,,,,0.0,,,,0.0,,,,0.0,,,,0.0,,,,0.0,,,,0.0,,,,0.0,,,,0.0
2025-09-03T11:47:52Z,15482.0,15482.6,986,1537.81555,,,,,,,,,,,,,,,,1537.81251,0.0805800000000545,6.718186069516171e-05,-0.04469999999953067,1510.13954,-1.7537050000000818,-0.0014871021819995289,0.0011249999999982663,1510.13954,-2.0236050000000887,-0.0017156650016195826,0.0,,,,0.0,,,,0.0,,,,0.0,,,,0.0,,,,0.0,,,,0.0,,,,0.0,,,,0.0,,,,0.0,,,,0.0,,,,0.0,,,,0.0,,,,0.0
2025-09-03T11:47:53Z,15482.0,15482.7,987,1537.80661,1510.13954,1510.13954,,,,,,,,,,,,,,1537.80661,0.07468000000017128,6.226286121522451e-05,-0.02949999999904046,1510.139765,-1.7534800000000814,-0.0014869113870876422,-4.263256414560601e-14,1510.13954,-2.0236050000000887,-0.0017156650016195826,0.0,,,,0.0,,,,0.0,,,,0.0,,,,0.0,,,,0.0,,,,0.0,,,,0.0,,,,0.0,,,,0.0,,,,0.0,,,,0.0,,,,0.0,,,,0.0
2025-09-03T11:47:53Z,15482.0,15482.8,988,1537.80637,,,,,,,,,,,,,,,,1537.80661,0.07468000000017128,6.226286121522451e-05,0.0,1510.13954,-1.7537050000000818,-0.0014871021819995289,-9.999999978660412e-05,1510.13954,-2.0236050000000887,-0.0017156650016195826,0.0,,,,0.0,,,,0.0,,,,0.0,,,,0.0,,,,0.0,,,,0.0,,,,0.0,,,,0.0,,,,0.0,,,,0.0,,,,0.0,,,,0.0,,,,0.0
2025-09-03T11:47:53Z,15482.0,15482.9,989,1537.80582,1510.13999,,,,,,,,,,,,,,,1537.80661,0.07468000000017128,6.226286121522451e-05,-0.001200000000376511,1510.139745,-1.753500000000031,-0.0014869283466353227,0.002050000000501484,1510.13954,-2.0236050000000887,-0.0017156650016195826,0.0,,,,0.0,,,,0.0,,,,0.0,,,,0.0,,,,0.0,,,,0.0,,,,0.0,,,,0.0,,,,0.0,,,,0.0,,,,0.0,,,,0.0,,,,0.0
2025-09-03T11:47:53Z,15483.0,15483.0,990,1537.81152,1510.13679,,,,,,,,,,,,,,,1537.80637,0.0744400000000951,6.20627663210579e-05,-0.0016711764710297394,1510.13995,-1.75329499999998,-0.0014867545112711162,0.0012058823532337115,,,,0.0,,,,0.0,,,,0.0,,,,0.0,,,,0.0,,,,-2.168404344971009e-19,,,,4.440892098500626e-16,,,,0.0,,,,0.0,,,,0.0,,,,0.0,,,,0.0,,,,0.0,,,,0.0
2025-09-03T11:47:53Z,15483.0,15483.142857142857,991,1537.80964,1510.13995,,,,,,,,,,,,,,,1537.80628,0.07435000000009495,6.198773073576911e-05,0.010814999999771924,1510.13995,-1.75329499999998,-0.0014867545112711162,-0.005529999999576596,,,,0.0,,,,0.0,,,,0.0,,,,0.0,,,,0.0,,,,0.0,,,,0.0,,,,0.0,,,,0.0,,,,0.0,,,,0.0,,,,0.0,,,,0.0,,,,0.0
2025-09-03T11:47:53Z,15483.0,15483.285714285714,992,1537.80628,,,,,,,,,,,,,,,,1537.80946,0.0775300000000243,6.46389880825763e-05,0.011129999999772988,1510.1383700000001,-1.7548749999998563,-0.0014880943155411474,0.0,,,,0.0,,,,0.0,,,,0.0,,,,0.0,,,,0.0,,,,0.0,,,,0.0,,,,0.0,,,,0.0,,,,0.0,,,,0.0,,,,0.0,,,,0.0,,,,0.0
2025-09-03T11:47:53Z,15483.0,15483.42857142857,993,1537.80591,,,,,,,,,,,,,,,,1537.80946,0.0775300000000243,6.46389880825763e-05,5.551115123125783e-17,1510.13995,-1.75329499999998,-0.0014867545112711162,0.005603571428173915,,,,-1.7763568394002505e-15,,,,-3.552713678800501e-15,,,,5.551115123125783e-17,,,,3.469446951953614e-18,,,,1.734723475976807e-18,,,,4.336808689942018e-19,,,,-8.881784197001252e-16,,,,0.0,,,,0.0,,,,0.0,,,,0.0,,,,0.0,,,,0.0,,,,0.0
2025-09-03T11:47:53Z,15483.0,15483.57142857143,994,1537.80946,,,,,,,,,,,,,,,,1537.80946,0.0775300000000243,6.46389880825763e-05,0.006300000000061701,,,,0.00014714285712980057,,,,1.7763568394002505e-15,,,,3.552713678800501e-15,,,,-5.551115123125783e-17,,,,-3.469446951953614e-18,,,,-1.734723475976807e-18,,,,-4.336808689942018e-19,,,,8.881784197001252e-16,,,,0.0,,,,0.0,,,,0.0,,,,0.0,,,,0.0,,,,0.0,,,,0.0
2025-09-03T11:47:54Z,15483.0,15483.714285714286,995,1537.81126,,,,,,,,,,,,,,,,1537.81126,0.07933000000002721,6.613969978835198e-05,0.029364999999924035,,,,0.0001471428571289124,,,,0.0,,,,0.0,,,,0.0,,,,0.0,,,,0.0,,,,0.0,,,,0.0,,,,0.0,,,,0.0,,,,0.0,,,,0.0,,,,0.0,,,,0.0,,,,0.0
2025-09-03T11:47:54Z,15483.0,15483.857142857143,996,1537.8192,,,,,,,,,,,,,,,,1537.81785,0.08591999999998734,7.163397208889973e-05,0.027789999999918658,,,,0.0001471428571289124,,,,0.0,,,,0.0,,,,0.0,,,,0.0,,,,0.0,,,,0.0,,,,0.0,,,,0.0,,,,0.0,,,,0.0,,,,0.0,,,,0.0,,,,0.0,,,,0.0
2025-09-03T11:47:54Z,15484.0,15484.0,997,1537.82189,,,,,,,,,,,,,,,,1537.8192,0.08726999999998952,7.27595058682315e-05,0.019714705882459826,,,,0.00018423769506092924,,,,0.0,,,,0.0,,,,0.0,,,,0.0,,,,0.0,,,,0.0,,,,0.0,,,,0.0,,,,0.0,,,,0.0,,,,0.0,,,,0.0,,,,0.0,,,,0.0
2025-09-03T11:47:54Z,15484.0,15484.1,998,1537.81785,,,,,,,,,,,,,,,,1537.82189,0.08996000000001914,7.500223613966178e-05,0.03205000000081948,,,,0.00021020408161298576,,,,0.0,,,,0.0,,,,0.0,,,,0.0,,,,0.0,,,,0.0,,,,0.0,,,,0.0,,,,0.0,,,,0.0,,,,0.0,,,,0.0,,,,0.0,,,,0.0
2025-09-03T11:47:54Z,15484.0,15484.2,999,1537.83147,,,,,,,,,,,,,,,,1537.82561,0.09368000000017673,7.810370699839125e-05,0.04790000000116501,,,,0.00021020408161298576,,,,0.0,,,,0.0,,,,0.0,,,,0.0,,,,0.0,,,,0.0,,,,0.0,,,,0.0,,,,0.0,,,,0.0,,,,0.0,,,,0.0,,,,0.0,,,,0.0
2025-09-03T11:47:54Z,15484.0,15484.3,1000,1537.82561,,,,,,,,,,,,,,,,1537.83147,0.09954000000016094,8.298935732939547e-05,0.029300000000613946,,,,0.00021020408161476212,,,,0.0,,,,0.0,,,,0.0,,,,0.0,,,,0.0,,,,0.0,,,,0.0,,,,0.0,,,,0.0,,,,0.0,,,,0.0,,,,0.0,,,,0.0,,,,0.0
2025-09-03T11:47:54Z,15484.0,15484.4,1001,1537.83726,,,,,,,,,,,,,,,,1537.83147,0.09954000000016094,8.298935732939547e-05,-0.026750000000577534,,,,0.0002102040816112094,,,,0.0,,,,0.0,,,,0.0,,,,0.0,,,,0.0,,,,0.0,,,,0.0,,,,0.0,,,,0.0,,,,0.0,,,,0.0,,,,0.0,,,,0.0,,,,0.0
2025-09-03T11:47:54Z,15484.0,15484.5,1002,1537.83256,,,,,,,,,,,,,,,,1537.82612,0.09419000000002598,7.852890864823465e-05,-0.026750000000577534,,,,0.0002102040816112094,,,,0.0,,,,0.0,,,,0.0,,,,0.0,,,,0.0,,,,0.0,,,,0.0,,,,0.0,,,,0.0,,,,0.0,,,,0.0,,,,0.0,,,,0.0,,,,0.0
2025-09-03T11:47:54Z,15484.0,15484.6,1003,1537.82612,,,,,,,,,,,,,,,,1537.82612,0.09419000000002598,7.852890864823465e-05,-0.020499999999327,,,,0.0002102040816112094,,,,0.0,,,,0.0,,,,0.0,,,,0.0,,,,0.0,,,,0.0,,,,0.0,,,,0.0,,,,0.0,,,,0.0,,,,0.0,,,,0.0,,,,0.0,,,,0.0
2025-09-03T11:47:55Z,15484.0,15484.7,1004,1537.82202,,,,,,,,,,,,,,,,1537.82202,0.09009000000014566,7.511062087407312e-05,-0.024399999999618005,,,,0.00021020408161298576,,,,0.0,,,,0.0,,,,0.0,,,,0.0,,,,0.0,,,,0.0,,,,0.0,,,,0.0,,,,0.0,,,,0.0,,,,0.0,,,,0.0,,,,0.0,,,,0.0
2025-09-03T11:47:55Z,15484.0,15484.8,1005,1537.82124,,,,,,,,,,,,,,,,1537.82124,0.08931000000006861,7.44603124681738e-05,-0.003900000000477466,,,,0.00021020408161476212,,,,0.0,,,,0.0,,,,0.0,,,,0.0,,,,0.0,,,,0.0,,,,0.0,,,,0.0,,,,0.0,,,,0.0,,,,0.0,,,,0.0,,,,0.0,,,,0.0
2025-09-03T11:47:55Z,15484.0,15484.9,1006,1537.816,,,,,,,,,,,,,,,,1537.82124,0.08931000000006861,7.44603124681738e-05,0.0,,,,0.0002102040816112094,,,,0.0,,,,0.0,,,,0.0,,,,0.0,,,,0.0,,,,0.0,,,,0.0,,,,0.0,,,,0.0,,,,0.0,,,,0.0,,,,0.0,,,,0.0,,,,0.0
2025-09-03T11:47:55Z,15485.0,15485.0,1007,1537.81781,,,,,,,,,,,,,,,,1537.82124,0.08931000000006861,7.44603124681738e-05,0.03120631578917421,,,,0.00020024704616439237,,,,-1.7763568394002505e-15,,,,-7.105427357601002e-15,,,,1.1102230246251565e-16,,,,6.938893903907228e-18,,,,1.734723475976807e-18,,,,8.673617379884035e-19,,,,-8.881784197001252e-16,,,,0.0,,,,0.0,,,,0.0,,,,0.0,,,,0.0,,,,0.0,,,,0.0
2025-09-03T11:47:55Z,15485.0,15485.111111111111,1008,1537.82921,,,,,,,,,,,,,,,,1537.82856,0.09663000000000466,8.056320673826506e-05,0.03293999999965225,,,,0.0001891836734513319,,,,0.0,,,,0.0,,,,0.0,,,,0.0,,,,0.0,,,,0.0,,,,0.0,,,,0.0,,,,0.0,,,,0.0,,,,0.0,,,,0.0,,,,0.0,,,,0.0
2025-09-03T11:47:55Z,15485.0,15485.222222222223,1009,1537.82856,,,,,,,,,,,,,,,,1537.82856,0.09663000000000466,8.056320673826506e-05,0.0,,,,0.0001891836734513319,,,,0.0,,,,0.0,,,,0.0,,,,0.0,,,,0.0,,,,0.0,,,,0.0,,,,0.0,,,,0.0,,,,0.0,,,,0.0,,,,0.0,,,,0.0,,,,0.0
2025-09-03T11:47:55Z,15485.0,15485.333333333334,1010,1537.83187,,,,,,,,,,,,,,,,1537.82856,0.09663000000000466,8.056320673826506e-05,0.0,,,,0.00018918367345044373,,,,0.0,,,,0.0,,,,0.0,,,,0.0,,,,0.0,,,,0.0,,,,0.0,,,,0.0,,,,0.0,,,,0.0,,,,0.0,,,,0.0,,,,0.0,,,,0.0
2025-09-03T11:47:55Z,15485.0,15485.444444444445,1011,1537.82653,,,,,,,,,,,,,,,,1537.82856,0.09663000000000466,8.056320673826506e-05,-0.009134999999654003,,,,0.0001891836734522201,,,,0.0,,,,0.0,,,,-1.1102230246251565e-16,,,,0.0,,,,0.0,,,,0.0,,,,0.0,,,,0.0,,,,0.0,,,,0.0,,,,0.0,,,,0.0,,,,0.0,,,,0.0
2025-09-03T11:47:55Z,15485.0,15485.555555555555,1012,1537.82212,,,,,,,,,,,,,,,,1537.82653,0.09460000000012769,7.887073742574558e-05,-0.028979999999487582,,,,0.0001891836734522201,,,,0.0,,,,0.0,,,,1.1102230246251565e-16,,,,0.0,,,,0.0,,,,0.0,,,,0.0,,,,0.0,,,,0.0,,,,0.0,,,,0.0,,,,0.0,,,,0.0,,,,0.0
2025-09-03T11:47:56Z,15485.0,15485.666666666666,1013,1537.83307,,,,,,,,,,,,,,,,1537.82212,0.09019000000012056,7.519399374659515e-05,-0.019844999999996005,,,,0.0001891836734513319,,,,0.0,,,,0.0,,,,0.0,,,,0.0,,,,0.0,,,,0.0,,,,0.0,,,,0.0,,,,0.0,,,,0.0,,,,0.0,,,,0.0,,,,0.0,,,,0.0
2025-09-03T11:47:56Z,15485.0,15485.777777777777,1014,1537.81395,,,,,,,,,,,,,,,,1537.82212,0.09019000000012056,7.519399374659515e-05,-0.016065000000337837,,,,0.0001891836734513319,,,,0.0,,,,0.0,,,,0.0,,,,0.0,,,,0.0,,,,0.0,,,,0.0,,,,0.0,,,,0.0,,,,0.0,,,,0.0,,,,0.0,,,,0.0,,,,0.0
2025-09-03T11:47:56Z,15485.0,15485.888888888889,1015,1537.81354,,,,,,,,,,,,,,,,1537.81855,0.086620000000039,7.221758219674352e-05,-0.03676500000021993,,,,0.00018918367345044373,,,,0.0,,,,0.0,,,,0.0,,,,0.0,,,,0.0,,,,0.0,,,,0.0,,,,0.0,,,,0.0,,,,0.0,,,,0.0,,,,0.0,,,,0.0,,,,0.0
2025-09-03T11:47:56Z,15486.0,15486.0,1016,1537.83116,,,,,,,,,,,,,,,,1537.81395,0.08202000000005683,6.838243005978227e-05,0.004178947368179364,,,,0.00020024704616972144,,,,1.7763568394002505e-15,,,,7.105427357601002e-15,,,,-2.220446049250313e-16,,,,-6.938893903907228e-18,,,,-1.734723475976807e-18,,,,-8.673617379884035e-19,,,,8.881784197001252e-16,,,,0.0,,,,0.0,,,,0.0,,,,0.0,,,,0.0,,,,0.0,,,,0.0
2025-09-03T11:47:56Z,15486.0,15486.1,1017,1537.81855,,,,,,,,,,,,,,,,1537.81847,0.0865400000000136,7.215088389868799e-05,0.022599999999701692,,,,0.0002102040816112094,,,,0.0,,,,0.0,,,,0.0,,,,0.0,,,,0.0,,,,0.0,,,,0.0,,,,0.0,,,,0.0,,,,0.0,,,,0.0,,,,0.0,,,,0.0,,,,0.0
2025-09-03T11:47:56Z,15486.0,15486.2,1018,1537.81218,,,,,,,,,,,,,,,,1537.81847,0.0865400000000136,7.215088389868799e-05,-0.03145000000092085,,,,0.00021020408161298576,,,,0.0,,,,0.0,,,,0.0,,,,0.0,,,,0.0,,,,0.0,,,,0.0,,,,0.0,,,,0.0,,,,0.0,,,,0.0,,,,0.0,,,,0.0,,,,0.0
2025-09-03T11:47:56Z,15486.0,15486.3,1019,1537.81847,,,,,,,,,,,,,,,,1537.81218,0.08024999999997817,6.690673021570631e-05,-0.03145000000092085,,,,0.00021020408161298576,,,,0.0,,,,0.0,,,,0.0,,,,0.0,,,,0.0,,,,0.0,,,,0.0,,,,0.0,,,,0.0,,,,0.0,,,,0.0,,,,0.0,,,,0.0,,,,0.0
2025-09-03T11:47:56Z,15486.0,15486.4,1020,1537.81081,,,,,,,,,,,,,,,,1537.81218,0.08024999999997817,6.690673021570631e-05,-0.006849999999733514,,,,0.0002102040816112094,,,,0.0,,,,0.0,,,,0.0,,,,0.0,,,,0.0,,,,0.0,,,,0.0,,,,0.0,,,,0.0,,,,0.0,,,,0.0,,,,0.0,,,,0.0,,,,0.0
2025-09-03T11:47:56Z,15486.0,15486.5,1021,1537.80886,,,,,,,,,,,,,,,,1537.81081,0.07888000000002648,6.576452186190806e-05,-0.00789999999935248,,,,0.0002102040816112094,,,,0.0,,,,0.0,,,,0.0,,,,0.0,,,,0.0,,,,0.0,,,,0.0,,,,0.0,,,,0.0,,,,0.0,,,,0.0,,,,0.0,,,,0.0,,,,0.0
2025-09-03T11:47:57Z,15486.0,15486.6,1022,1537.81407,,,,,,,,,,,,,,,,1537.8106,0.07867000000010194,6.558943882963075e-05,-0.0010499999996189668,,,,0.0002102040816112094,,,,0.0,,,,0.0,,,,0.0,,,,0.0,,,,0.0,,,,0.0,,,,0.0,,,,0.0,,,,0.0,,,,0.0,,,,0.0,,,,0.0,,,,0.0,,,,0.0
2025-09-03T11:47:57Z,15486.0,15486.7,1023,1537.80693,,,,,,,,,,,,,,,,1537.8106,0.07867000000010194,6.558943882963075e-05,0.0,,,,0.00021020408161298576,,,,0.0,,,,0.0,,,,0.0,,,,0.0,,,,0.0,,,,0.0,,,,0.0,,,,0.0,,,,0.0,,,,0.0,,,,0.0,,,,0.0,,,,0.0,,,,0.0
2025-09-03T11:47:57Z,15486.0,15486.8,1024,1537.8106,,,,,,,,,,,,,,,,1537.8106,0.07867000000010194,6.558943882963075e-05,0.0,,,,0.0002102040816112094,,,,0.0,,,,0.0,,,,0.0,,,,0.0,,,,0.0,,,,0.0,,,,0.0,,,,0.0,,,,0.0,,,,0.0,,,,0.0,,,,0.0,,,,0.0,,,,0.0
2025-09-03T11:47:57Z,15486.0,15486.9,1025,1537.81418,,,,,,,,,,,,,,,,1537.8106,0.07867000000010194,6.558943882963075e-05,0.017900000000216465,,,,0.0002102040816112094,,,,0.0,,,,0.0,,,,0.0,,,,0.0,,,,0.0,,,,0.0,,,,0.0,,,,0.0,,,,0.0,,,,0.0,,,,0.0,,,,0.0,,,,0.0,,,,0.0
2025-09-03T11:47:57Z,15487.0,15487.0,1026,1537.81027,,,,,,,,,,,,,,,,1537.81418,0.08225000000015825,6.857418766671563e-05,0.0231629411766191,,,,0.00018423769505915288,,,,0.0,,,,0.0,,,,0.0,,,,0.0,,,,0.0,,,,-2.168404344971009e-19,,,,4.440892098500626e-16,,,,0.0,,,,0.0,,,,0.0,,,,0.0,,,,0.0,,,,0.0,,,,0.0
2025-09-03T11:47:57Z,15487.0,15487.142857142857,1027,1537.82338,,,,,,,,,,,,,,,,1537.81491,0.08298000000013417,6.918280963625916e-05,0.003044999999479936,,,,0.00014714285712802422,,,,0.0,,,,0.0,,,,0.0,,,,0.0,,,,0.0,,,,0.0,,,,0.0,,,,0.0,,,,0.0,,,,0.0,,,,0.0,,,,0.0,,,,0.0,,,,0.0
2025-09-03T11:47:57Z,15487.0,15487.285714285714,1028,1537.81773,,,,,,,,,,,,,,,,1537.81505,0.08312000000000808,6.929953165771418e-05,0.004375000000103435,,,,0.00014714285712802422,,,,0.0,,,,0.0,,,,0.0,,,,0.0,,,,0.0,,,,0.0,,,,0.0,,,,0.0,,,,0.0,,,,0.0,,,,0.0,,,,0.0,,,,0.0,,,,0.0
2025-09-03T11:47:57Z,15487.0,15487.42857142857,1029,1537.81491,,,,,,,,,,,,,,,,1537.81616,0.08423000000016145,7.02249705430689e-05,0.003885000000568628,,,,0.00014714285712802422,,,,-1.7763568394002505e-15,,,,-3.552713678800501e-15,,,,5.551115123125783e-17,,,,3.469446951953614e-18,,,,1.734723475976807e-18,,,,4.336808689942018e-19,,,,-8.881784197001252e-16,,,,0.0,,,,0.0,,,,0.0,,,,0.0,,,,0.0,,,,0.0,,,,0.0
2025-09-03T11:47:57Z,15487.0,15487.57142857143,1030,1537.81505,,,,,,,,,,,,,,,,1537.81616,0.08423000000016145,7.02249705430689e-05,0.0,,,,0.00014714285712980057,,,,1.7763568394002505e-15,,,,3.552713678800501e-15,,,,-5.551115123125783e-17,,,,-3.469446951953614e-18,,,,-1.734723475976807e-18,,,,-4.336808689942018e-19,,,,8.881784197001252e-16,,,,0.0,,,,0.0,,,,0.0,,,,0.0,,,,0.0,,,,0.0,,,,0.0
2025-09-03T11:47:58Z,15487.0,15487.714285714286,1031,1537.81616,,,,,,,,,,,,,,,,1537.81616,0.08423000000016145,7.02249705430689e-05,0.00409500000001406,,,,0.0001471428571289124,,,,0.0,,,,0.0,,,,0.0,,,,0.0,,,,0.0,,,,0.0,,,,0.0,,,,0.0,,,,0.0,,,,0.0,,,,0.0,,,,0.0,,,,0.0,,,,0.0
2025-09-03T11:47:58Z,15487.0,15487.857142857143,1032,1537.81787,,,,,,,,,,,,,,,,1537.81733,0.08540000000016335,7.12004331518231e-05,0.00409500000001406,,,,0.0001471428571289124,,,,0.0,,,,0.0,,,,0.0,,,,0.0,,,,0.0,,,,0.0,,,,0.0,,,,0.0,,,,0.0,,,,0.0,,,,0.0,,,,0.0,,,,0.0,,,,0.0
2025-09-03T11:47:58Z,15488.0,15488.0,1033,1537.81733,,,,,,,,,,,,,,,,1537.81733,0.08540000000016335,7.12004331518231e-05,0.0,,,,0.00015835374148132075,,,,0.0,,,,0.0,,,,-1.1102230246251565e-16,,,,0.0,,,,-1.734723475976807e-18,,,,-4.336808689942018e-19,,,,8.881784197001252e-16,,,,0.0,,,,0.0,,,,0.0,,,,0.0,,,,0.0,,,,0.0,,,,0.0
2025-09-03T11:47:58Z,15488.0,15488.125,1034,1537.82143,,,,,,,,,,,,,,,,1537.81733,0.08540000000016335,7.12004331518231e-05,0.0,,,,0.00016816326528967807,,,,0.0,,,,0.0,,,,0.0,,,,0.0,,,,0.0,,,,0.0,,,,0.0,,,,0.0,,,,0.0,,,,0.0,,,,0.0,,,,0.0,,,,0.0,,,,0.0
2025-09-03T11:47:58Z,15488.0,15488.25,1035,1537.81635,,,,,,,,,,,,,,,,1537.81733,0.08540000000016335,7.12004331518231e-05,0.01615999999921769,,,,0.00016816326528967807,,,,0.0,,,,0.0,,,,0.0,,,,0.0,,,,0.0,,,,0.0,,,,0.0,,,,0.0,,,,0.0,,,,0.0,,,,0.0,,,,0.0,,,,0.0,,,,0.0
2025-09-03T11:47:58Z,15488.0,15488.375,1036,1537.81629,,,,,,,,,,,,,,,,1537.82137,0.08943999999996777,7.456869720239557e-05,0.005799999999908323,,,,0.00016816326528967807,,,,0.0,,,,0.0,,,,0.0,,,,0.0,,,,0.0,,,,0.0,,,,0.0,,,,0.0,,,,0.0,,,,0.0,,,,0.0,,,,0.0,,,,0.0,,,,0.0
2025-09-03T11:47:58Z,15488.0,15488.5,1037,1537.82137,,,,,,,,,,,,,,,,1537.81878,0.08685000000014043,7.240933980367689e-05,-0.010079999999106803,,,,0.00016816326529056624,,,,0.0,,,,0.0,,,,0.0,,,,0.0,,,,0.0,,,,0.0,,,,0.0,,,,0.0,,,,0.0,,,,0.0,,,,0.0,,,,0.0,,,,0.0,,,,0.0
2025-09-03T11:47:58Z,15488.0,15488.625,1038,1537.82217,,,,,,,,,,,,,,,,1537.81885,0.08692000000019107,7.246770081449917e-05,0.0034399999995002872,,,,0.00016816326529056624,,,,0.0,,,,0.0,,,,0.0,,,,0.0,,,,0.0,,,,0.0,,,,0.0,,,,0.0,,,,0.0,,,,0.0,,,,0.0,,,,0.0,,,,0.0,,,,0.0
2025-09-03T11:47:59Z,15488.0,15488.75,1039,1537.81878,,,,,,,,,,,,,,,,1537.81964,0.0877100000000155,7.312634650744217e-05,0.0031599999992977246,,,,0.00016816326528967807,,,,0.0,,,,0.0,,,,0.0,,,,0.0,,,,0.0,,,,0.0,,,,0.0,,,,0.0,,,,0.0,,,,0.0,,,,0.0,,,,0.0,,,,0.0,,,,0.0
2025-09-03T11:47:59Z,15488.0,15488.875,1040,1537.81885,,,,,,,,,,,,,,,,1537.81964,0.0877100000000155,7.312634650744217e-05,-0.0031599999992977246,,,,0.00016816326528967807,,,,0.0,,,,0.0,,,,0.0,,,,0.0,,,,0.0,,,,0.0,,,,0.0,,,,0.0,,,,0.0,,,,0.0,,,,0.0,,,,0.0,,,,0.0,,,,0.0
2025-09-03T11:47:59Z,15489.0,15489.0,1041,1537.81964,,,,,,,,,,,,,,,,1537.81885,0.08692000000019107,7.246770081449917e-05,-0.0031599999992977246,,,,0.00016816326528967807,,,,0.0,,,,0.0,,,,0.0,,,,0.0,,,,0.0,,,,0.0,,,,0.0,,,,0.0,,,,0.0,,,,0.0,,,,0.0,,,,0.0,,,,0.0,,,,0.0
2025-09-03T11:47:59Z,15489.0,15489.125,1042,1537.81984,,,,,,,,,,,,,,,,1537.81885,0.08692000000019107,7.246770081449917e-05,-0.0015200000007098424,1510.14098,-1.7522650000000795,-0.0014858810945634535,-0.0027359183670565557,,,,0.0,,,,0.0,,,,0.0,,,,0.0,,,,0.0,,,,0.0,,,,0.0,,,,0.0,,,,0.0,,,,0.0,,,,0.0,,,,0.0,,,,0.0,,,,0.0
2025-09-03T11:47:59Z,15489.0,15489.25,1043,1537.81847,,,,,,,,,,,,,,,,1537.81847,0.0865400000000136,7.215088389868799e-05,-0.0015200000007098424,1510.140275,-1.7529700000000048,-0.0014864789186206345,-0.005639999999402789,,,,0.0,,,,0.0,,,,0.0,,,,0.0,,,,0.0,,,,0.0,,,,0.0,,,,0.0,,,,0.0,,,,0.0,,,,0.0,,,,0.0,,,,0.0,,,,0.0
2025-09-03T11:47:59Z,15489.0,15489.375,1044,1537.81764,1510.14098,,,,,,,,,,,,,,,1537.81847,0.0865400000000136,7.215088389868799e-05,0.0,1510.13957,-1.7536749999999302,-0.0014870767426778154,0.0,,,,0.0,,,,0.0,,,,0.0,,,,0.0,,,,0.0,,,,0.0,,,,0.0,,,,0.0,,,,0.0,,,,0.0,,,,0.0,,,,0.0,,,,0.0,,,,0.0
2025-09-03T11:47:59Z,15489.0,15489.5,1045,1537.81768,1510.13957,,,,,,,,,,,,,,,1537.81847,0.0865400000000136,7.215088389868799e-05,0.008800000000519503,1510.140275,-1.7529700000000048,-0.0014864789186206345,0.002959999999802676,,,,0.0,,,,0.0,,,,0.0,,,,0.0,,,,0.0,,,,0.0,,,,0.0,,,,0.0,,,,0.0,,,,0.0,,,,0.0,,,,0.0,,,,0.0,,,,0.0
2025-09-03T11:47:59Z,15489.0,15489.625,1046,1537.82134,1510.13903,,,,,,,,,,,,,,,1537.82067,0.08874000000014348,7.398508709474136e-05,0.008800000000519503,1510.14031,-1.7529349999999795,-0.0014864492394120973,0.00014000000010128133,,,,0.0,,,,0.0,,,,0.0,,,,0.0,,,,0.0,,,,0.0,,,,0.0,,,,0.0,,,,0.0,,,,0.0,,,,0.0,,,,0.0,,,,0.0,,,,0.0
2025-09-03T11:48:00Z,15489.0,15489.75,1047,1537.82103,1510.14275,,,,,,,,,,,,,,,1537.82067,0.08874000000014348,7.398508709474136e-05,0.0,1510.14031,-1.7529349999999795,-0.0014864492394120973,0.0,,,,0.0,,,,0.0,,,,0.0,,,,0.0,,,,0.0,,,,0.0,,,,0.0,,,,0.0,,,,0.0,,,,0.0,,,,0.0,,,,0.0,,,,0.0,,,,0.0
2025-09-03T11:48:00Z,15489.0,15489.875,1048,1537.82067,1510.14031,,,,,,,,,,,,,,,1537.82067,0.08874000000014348,7.398508709474136e-05,0.0,1510.14031,-1.7529349999999795,-0.0014864492394120973,0.002059999999801221,,,,0.0,,,,0.0,,,,0.0,,,,0.0,,,,0.0,,,,0.0,,,,0.0,,,,0.0,,,,0.0,,,,0.0,,,,0.0,,,,0.0,,,,0.0,,,,0.0
2025-09-03T11:48:00Z,15490.0,15490.0,1049,1537.82036,1510.14134,,,,,,,,,,,,,,,1537.82067,0.08874000000014348,7.398508709474136e-05,5.551115123125783e-17,1510.140825,-1.7524200000000292,-0.001486012531058266,-0.0010299999998828469,,,,0.0,,,,0.0,,,,-1.1102230246251565e-16,,,,0.0,,,,0.0,,,,-4.336808689942018e-19,,,,0.0,,,,0.0,,,,0.0,,,,0.0,,,,0.0,,,,0.0,,,,0.0,,,,0.0
2025-09-03T11:48:00Z,15490.0,15490.1,1050,1537.81919,1510.13796,,,,,,,,,,,,,,,1537.82067,0.08874000000014348,7.398508709474136e-05,-0.001550000000628493,1510.14031,-1.7529349999999795,-0.0014864492394120973,-0.005874999999356589,,,,0.0,,,,0.0,,,,0.0,,,,0.0,,,,0.0,,,,0.0,,,,0.0,,,,0.0,,,,0.0,,,,0.0,,,,0.0,,,,0.0,,,,0.0,,,,0.0
2025-09-03T11:48:00Z,15490.0,15490.2,1051,1537.82105,,,,,,,,,,,,,,,,1537.82036,0.08843000000001666,7.372663118975245e-05,-0.00740000000076213,1510.13965,-1.7535949999999048,-0.001487008904486901,-0.011750000000050775,,,,0.0,,,,0.0,,,,0.0,,,,0.0,,,,0.0,,,,0.0,,,,0.0,,,,0.0,,,,0.0,,,,0.0,,,,0.0,,,,0.0,,,,0.0,,,,0.0
2025-09-03T11:48:00Z,15490.0,15490.3,1052,1537.8222,,,,,,,,,,,,,,,,1537.81919,0.08726000000001477,7.275116858099825e-05,-110.34514999859462,1510.13796,-1.755284999999958,-0.0014884419862695602,-0.008450000000467028,,,,0.0,,,,0.0,,,,0.0,,,,0.0,,,,0.0,,,,0.0,,,,0.0,,,,0.0,,,,0.0,,,,0.0,,,,0.0,,,,0.0,,,,0.0,,,,0.0
2025-09-03T11:48:00Z,15490.0,15490.4,1053,1515.7101,,,,,,,,,,,,,,,,1515.75133,-21.980599999999868,-0.018325857622177515,-110.4839499995972,,,,0.0,,,,0.0,,,,0.0,,,,0.0,,,,0.0,,,,0.0,,,,0.0,,,,0.0,,,,0.0,,,,0.0,,,,0.0,,,,0.0,,,,0.0,,,,0.0,,,,0.0
2025-09-03T11:48:00Z,15490.0,15490.5,1054,1515.7224,,,,,,,,,,,,,,,,1515.7224,-22.009529999999813,-0.01834997739420415,-0.1446499999992028,,,,0.0,,,,0.0,,,,0.0,,,,0.0,,,,0.0,,,,0.0,,,,0.0,,,,0.0,,,,0.0,,,,0.0,,,,0.0,,,,0.0,,,,0.0,,,,0.0,,,,0.0
2025-09-03T11:48:00Z,15490.0,15490.6,1055,1515.75133,,,,,,,,,,,,,,,,1515.7224,-22.009529999999813,-0.01834997739420415,0.05669999999875586,,,,0.0,,,,0.0,,,,0.0,,,,0.0,,,,0.0,,,,0.0,,,,0.0,,,,0.0,,,,0.0,,,,0.0,,,,0.0,,,,0.0,,,,0.0,,,,0.0,,,,0.0
2025-09-03T11:48:01Z,15490.0,15490.7,1056,1515.53185,,,,,,,,,,,,,,,,1515.73374,-21.998190000000022,-0.01834052291045795,0.05999999999907857,,,,0.0,,,,0.0,,,,0.0,,,,0.0,,,,0.0,,,,0.0,,,,0.0,,,,0.0,,,,0.0,,,,0.0,,,,0.0,,,,0.0,,,,0.0,,,,0.0,,,,0.0
2025-09-03T11:48:01Z,15490.0,15490.8,1057,1515.7344,,,,,,,,,,,,,,,,1515.7344,-21.99752999999987,-0.018339972649499037,0.003300000000848513,,,,0.0,,,,0.0,,,,0.0,,,,0.0,,,,0.0,,,,0.0,,,,0.0,,,,0.0,,,,0.0,,,,0.0,,,,0.0,,,,0.0,,,,0.0,,,,0.0,,,,0.0
2025-09-03T11:48:01Z,15490.0,15490.9,1058,1515.73374,,,,,,,,,,,,,,,,1515.7344,-21.99752999999987,-0.018339972649499037,0.0,,,,0.0,,,,0.0,,,,0.0,,,,0.0,,,,0.0,,,,0.0,,,,0.0,,,,0.0,,,,0.0,,,,0.0,,,,0.0,,,,0.0,,,,0.0,,,,0.0,,,,0.0
2025-09-03T11:48:01Z,15491.0,15491.0,1059,1515.7384,,,,,,,,,,,,,,,,1515.7344,-21.99752999999987,-0.018339972649499037,0.017052631578522437,,,,-8.881784197001252e-16,,,,-1.7763568394002505e-15,,,,-7.105427357601002e-15,,,,1.1102230246251565e-16,,,,6.938893903907228e-18,,,,1.734723475976807e-18,,,,8.673617379884035e-19,,,,-8.881784197001252e-16,,,,0.0,,,,0.0,,,,0.0,,,,0.0,,,,0.0,,,,0.0,,,,0.0
2025-09-03T11:48:01Z,15491.0,15491.111111111111,1060,1515.81696,,,,,,,,,,,,,,,,1515.7384,-21.993529999999964,-0.0183366377345974,0.3715199999995775,,,,0.0,,,,0.0,,,,0.0,,,,0.0,,,,0.0,,,,0.0,,,,0.0,,,,0.0,,,,0.0,,,,0.0,,,,0.0,,,,0.0,,,,0.0,,,,0.0,,,,0.0
2025-09-03T11:48:01Z,15491.0,15491.222222222223,1061,1515.5209,,,,,,,,,,,,,,,,1515.81696,-21.914969999999812,-0.018271140005927524,0.36814499999992734,,,,0.0,,,,0.0,,,,0.0,,,,0.0,,,,0.0,,,,0.0,,,,0.0,,,,0.0,,,,0.0,,,,0.0,,,,0.0,,,,0.0,,,,0.0,,,,0.0,,,,0.0
2025-09-03T11:48:01Z,15491.0,15491.333333333334,1062,1515.82917,,,,,,,,,,,,,,,,1515.82021,-21.911719999999832,-0.018268430387569895,0.014624999999881538,,,,0.0,,,,0.0,,,,0.0,,,,0.0,,,,0.0,,,,0.0,,,,0.0,,,,0.0,,,,0.0,,,,0.0,,,,0.0,,,,0.0,,,,0.0,,,,0.0,,,,0.0
2025-09-03T11:48:01Z,15491.0,15491.444444444445,1063,1515.82613,,,,,,,,,,,,,,,,1515.82021,-21.911719999999832,-0.018268430387569895,1.4210854715202004e-14,,,,0.0,,,,0.0,,,,0.0,,,,-1.1102230246251565e-16,,,,0.0,,,,0.0,,,,0.0,,,,0.0,,,,0.0,,,,0.0,,,,0.0,,,,0.0,,,,0.0,,,,0.0,,,,0.0
2025-09-03T11:48:01Z,15491.0,15491.555555555555,1064,1515.82021,,,,,,,,,,,,,,,,1515.82021,-21.911719999999832,-0.018268430387569895,-0.06443999999935102,,,,0.0,,,,0.0,,,,0.0,,,,1.1102230246251565e-16,,,,0.0,,,,0.0,,,,0.0,,,,0.0,,,,0.0,,,,0.0,,,,0.0,,,,0.0,,,,0.0,,,,0.0,,,,0.0
2025-09-03T11:48:02Z,15491.0,15491.666666666666,1065,1515.75448,,,,,,,,,,,,,,,,1515.80589,-21.92603999999983,-0.018280369382918046,-0.2957849999995972,,,,0.0,,,,0.0,,,,0.0,,,,0.0,,,,0.0,,,,0.0,,,,0.0,,,,0.0,,,,0.0,,,,0.0,,,,0.0,,,,0.0,,,,0.0,,,,0.0,,,,0.0
2025-09-03T11:48:02Z,15491.0,15491.777777777777,1066,1515.72196,,,,,,,,,,,,,,,,1515.75448,-21.977449999999862,-0.018323231376692405,-0.23134499999972036,,,,0.0,,,,0.0,,,,0.0,,,,0.0,,,,0.0,,,,0.0,,,,0.0,,,,0.0,,,,0.0,,,,0.0,,,,0.0,,,,0.0,,,,0.0,,,,0.0,,,,0.0
2025-09-03T11:48:02Z,15491.0,15491.888888888889,1067,1515.80589,,,,,,,,,,,,,,,,1515.75448,-21.977449999999862,-0.018323231376692405,-0.07146000000055608,,,,0.0,,,,0.0,,,,0.0,,,,0.0,,,,0.0,,,,0.0,,,,0.0,,,,0.0,,,,0.0,,,,0.0,,,,0.0,,,,0.0,,,,0.0,,,,0.0,,,,0.0
2025-09-03T11:48:02Z,15492.0,15492.0,1068,1515.7386,,,,,,,,,,,,,,,,1515.7386,-21.993330000000014,-0.018336470988852355,0.21730499999938502,,,,0.0,,,,0.0,,,,0.0,,,,0.0,,,,0.0,,,,0.0,,,,0.0,,,,0.0,,,,0.0,,,,0.0,,,,0.0,,,,0.0,,,,0.0,,,,0.0,,,,0.0
2025-09-03T11:48:02Z,15492.0,15492.111111111111,1069,1515.80277,,,,,,,,,,,,,,,,1515.80277,-21.92915999999991,-0.018282970616541452,0.0,,,,0.0,,,,0.0,,,,0.0,,,,0.0,,,,0.0,,,,0.0,,,,0.0,,,,0.0,,,,0.0,,,,0.0,,,,0.0,,,,0.0,,,,0.0,,,,0.0,,,,0.0
2025-09-03T11:48:02Z,15492.0,15492.222222222223,1070,1515.72132,,,,,,,,,,,,,,,,1515.7386,-21.993330000000014,-0.018336470988852355,-0.3653999999996955,,,,0.0,,,,0.0,,,,0.0,,,,0.0,,,,0.0,,,,0.0,,,,0.0,,,,0.0,,,,0.0,,,,0.0,,,,0.0,,,,0.0,,,,0.0,,,,0.0,,,,0.0
2025-09-03T11:48:02Z,15492.0,15492.333333333334,1071,1515.82183,,,,,,,,,,,,,,,,1515.72157,-22.01035999999999,-0.018350669389046403,-0.07663499999975443,,,,0.0,,,,0.0,,,,0.0,,,,0.0,,,,0.0,,,,0.0,,,,0.0,,,,0.0,,,,0.0,,,,0.0,,,,0.0,,,,0.0,,,,0.0,,,,0.0,,,,0.0
2025-09-03T11:48:02Z,15492.0,15492.444444444445,1072,1515.72157,,,,,,,,,,,,,,,,1515.72157,-22.01035999999999,-0.018350669389046403,0.4254300000098965,,,,0.0,,,,0.0,,,,0.0,,,,-1.1102230246251565e-16,,,,0.0,,,,0.0,,,,0.0,,,,0.0,,,,0.0,,,,0.0,,,,0.0,,,,0.0,,,,0.0,,,,0.0,,,,0.0
2025-09-03T11:48:02Z,15492.0,15492.555555555555,1073,1515.71716,,,,,,,,,,,,,,,,1515.81611,-21.91581999999994,-0.018271848675344246,0.05674500001335048,,,,0.0,,,,0.0,,,,0.0,,,,1.1102230246251565e-16,,,,0.0,,,,0.0,,,,0.0,,,,0.0,,,,0.0,,,,0.0,,,,0.0,,,,0.0,,,,0.0,,,,0.0,,,,0.0
2025-09-03T11:48:03Z,15492.0,15492.666666666666,1074,1515.82134,,,,,,,,,,,,,,,,1515.73418,-21.997749999999996,-0.018340156069818737,-0.36868499999958715,,,,0.0,,,,0.0,,,,0.0,,,,0.0,,,,0.0,,,,0.0,,,,0.0,,,,0.0,,,,0.0,,,,0.0,,,,0.0,,,,0.0,,,,0.0,,,,0.0,,,,0.0
2025-09-03T11:48:03Z,15492.0,15492.777777777777,1075,1515.81611,,,,,,,,,,,,,,,,1515.73418,-21.997749999999996,-0.018340156069818737,0.0,,,,0.0,,,,0.0,,,,0.0,,,,0.0,,,,0.0,,,,0.0,,,,0.0,,,,0.0,,,,0.0,,,,0.0,,,,0.0,,,,0.0,,,,0.0,,,,0.0,,,,0.0
2025-09-03T11:48:03Z,15492.0,15492.888888888889,1076,1515.73418,,,,,,,,,,,,,,,,1515.73418,-21.997749999999996,-0.018340156069818737,0.0,,,,0.0,,,,0.0,,,,0.0,,,,0.0,,,,0.0,,,,0.0,,,,0.0,,,,0.0,,,,0.0,,,,0.0,,,,0.0,,,,0.0,,,,0.0,,,,0.0,,,,0.0
2025-09-03T11:48:03Z,15493.0,15493.0,1077,1515.71715,,,,,,,,,,,,,,,,1515.73418,-21.997749999999996,-0.018340156069818737,0.0,,,,1.7763568394002505e-15,,,,8.881784197001252e-16,,,,0.0,,,,0.0,,,,-3.469446951953614e-18,,,,0.0,,,,0.0,,,,0.0,,,,0.0,,,,0.0,,,,0.0,,,,0.0,,,,0.0,,,,0.0,,,,0.0
2025-09-03T11:48:03Z,15493.0,15493.125,1078,1515.71313,,,,,,,,,,,,,,,,1515.73418,-21.997749999999996,-0.018340156069818737,0.274120000000039,,,,0.0,,,,0.0,,,,0.0,,,,0.0,,,,0.0,,,,0.0,,,,0.0,,,,0.0,,,,0.0,,,,0.0,,,,0.0,,,,0.0,,,,0.0,,,,0.0,,,,0.0
2025-09-03T11:48:03Z,15493.0,15493.25,1079,1515.80271,,,,,,,,,,,,,,,,1515.80271,-21.929219999999987,-0.018283020640265043,0.274120000000039,,,,0.0,,,,0.0,,,,0.0,,,,0.0,,,,0.0,,,,0.0,,,,0.0,,,,0.0,,,,0.0,,,,0.0,,,,0.0,,,,0.0,,,,0.0,,,,0.0,,,,0.0
2025-09-03T11:48:03Z,15493.0,15493.375,1080,1515.813,,,,,,,,,,,,,,,,1515.80271,-21.929219999999987,-0.018283020640265043,0.0,,,,0.0,,,,0.0,,,,0.0,,,,0.0,,,,0.0,,,,0.0,,,,0.0,,,,0.0,,,,0.0,,,,0.0,,,,0.0,,,,0.0,,,,0.0,,,,0.0,,,,0.0
2025-09-03T11:48:03Z,15493.0,15493.5,1081,1515.82685,,,,,,,,,,,,,,,,1515.80271,-21.929219999999987,-0.018283020640265043,-0.29015999999955966,,,,0.0,,,,0.0,,,,0.0,,,,0.0,,,,0.0,,,,0.0,,,,0.0,,,,0.0,,,,0.0,,,,0.0,,,,0.0,,,,0.0,,,,0.0,,,,0.0,,,,0.0
2025-09-03T11:48:03Z,15493.0,15493.625,1082,1515.73017,,,,,,,,,,,,,,,,1515.73017,-22.001759999999877,-0.01834349932200761,-0.29015999999955966,,,,0.0,,,,0.0,,,,0.0,,,,0.0,,,,0.0,,,,0.0,,,,0.0,,,,0.0,,,,0.0,,,,0.0,,,,0.0,,,,0.0,,,,0.0,,,,0.0,,,,0.0
2025-09-03T11:48:04Z,15493.0,15493.75,1083,1515.70484,,,,,,,,,,,,,,,,1515.73017,-22.001759999999877,-0.01834349932200761,0.0,,,,0.0,,,,0.0,,,,0.0,,,,0.0,,,,0.0,,,,0.0,,,,0.0,,,,0.0,,,,0.0,,,,0.0,,,,0.0,,,,0.0,,,,0.0,,,,0.0,,,,0.0
2025-09-03T11:48:04Z,15493.0,15493.875,1084,1515.51727,,,,,,,,,,,,,,,,1515.73017,-22.001759999999877,-0.01834349932200761,0.0063599999994039536,,,,0.0,,,,0.0,,,,0.0,,,,0.0,,,,0.0,,,,0.0,,,,0.0,,,,0.0,,,,0.0,,,,0.0,,,,0.0,,,,0.0,,,,0.0,,,,0.0,,,,0.0
2025-09-03T11:48:04Z,15494.0,15494.0,1085,1515.73926,,,,,,,,,,,,,,,,1515.73176,-22.000170000000026,-0.018342173693334303,0.02271999999993568,,,,0.0,,,,0.0,,,,0.0,,,,0.0,,,,0.0,,,,0.0,,,,0.0,,,,0.0,,,,0.0,,,,0.0,,,,0.0,,,,0.0,,,,0.0,,,,0.0,,,,0.0
2025-09-03T11:48:04Z,15494.0,15494.125,1086,1515.73176,,,,,,,,,,,,,,,,1515.73585,-21.996079999999893,-0.018338763742847184,0.016360000000531727,,,,0.0,,,,0.0,,,,0.0,,,,0.0,,,,0.0,,,,0.0,,,,0.0,,,,0.0,,,,0.0,,,,0.0,,,,0.0,,,,0.0,,,,0.0,,,,0.0,,,,0.0
2025-09-03T11:48:04Z,15494.0,15494.25,1087,1515.73962,,,,,,,,,,,,,,,,1515.73585,-21.996079999999893,-0.018338763742847184,0.0,,,,0.0,,,,0.0,,,,0.0,,,,0.0,,,,0.0,,,,0.0,,,,0.0,,,,0.0,,,,0.0,,,,0.0,,,,0.0,,,,0.0,,,,0.0,,,,0.0,,,,0.0
2025-09-03T11:48:04Z,15494.0,15494.375,1088,1515.73585,,,,,,,,,,,,,,,,1515.73585,-21.996079999999893,-0.018338763742847184,0.01364000000012311,,,,0.0,,,,0.0,,,,0.0,,,,0.0,,,,0.0,,,,0.0,,,,0.0,,,,0.0,,,,0.0,,,,0.0,,,,0.0,,,,0.0,,,,0.0,,,,0.0,,,,0.0
2025-09-03T11:48:04Z,15494.0,15494.5,1089,1515.52606,,,,,,,,,,,,,,,,1515.73926,-21.992669999999862,-0.018335920727893446,0.01364000000012311,,,,0.0,,,,0.0,,,,0.0,,,,0.0,,,,0.0,,,,0.0,,,,0.0,,,,0.0,,,,0.0,,,,0.0,,,,0.0,,,,0.0,,,,0.0,,,,0.0,,,,0.0
2025-09-03T11:48:05Z,15494.0,15494.625,1090,1515.8179,,,,,,,,,,,,,,,,1515.73926,-21.992669999999862,-0.018335920727893446,0.26548000000002503,,,,0.0,,,,0.0,,,,0.0,,,,0.0,,,,0.0,,,,0.0,,,,0.0,,,,0.0,,,,0.0,,,,0.0,,,,0.0,,,,0.0,,,,0.0,,,,0.0,,,,0.0
2025-09-03T11:48:05Z,15494.0,15494.75,1091,1515.73926,,,,,,,,,,,,,,,,1515.80563,-21.926299999999856,-0.018280586152386678,0.3145599999998012,,,,0.0,,,,0.0,,,,0.0,,,,0.0,,,,0.0,,,,0.0,,,,0.0,,,,0.0,,,,0.0,,,,0.0,,,,0.0,,,,0.0,,,,0.0,,,,0.0,,,,0.0
2025-09-03T11:48:05Z,15494.0,15494.875,1092,1515.83152,,,,,,,,,,,,,,,,1515.8179,-21.91402999999991,-0.018270356300925703,0.0,,,,0.0,,,,0.0,,,,0.0,,,,0.0,,,,0.0,,,,0.0,,,,0.0,,,,0.0,,,,0.0,,,,0.0,,,,0.0,,,,0.0,,,,0.0,,,,0.0,,,,0.0
2025-09-03T11:48:05Z,15495.0,15495.0,1093,1515.80563,,,,,,,,,,,,,,,,1515.80563,-21.926299999999856,-0.018280586152386678,-0.04362666666654036,,,,0.0,,,,0.0,,,,0.0,,,,-1.1102230246251565e-16,,,,0.0,,,,0.0,,,,-4.336808689942018e-19,,,,0.0,,,,0.0,,,,0.0,,,,0.0,,,,0.0,,,,0.0,,,,0.0,,,,0.0
2025-09-03T11:48:05Z,15495.0,15495.1,1094,1515.82555,,,,,,,,,,,,,,,,1515.80563,-21.926299999999856,-0.018280586152386678,-0.2485999999990014,,,,0.0,,,,0.0,,,,0.0,,,,0.0,,,,0.0,,,,0.0,,,,0.0,,,,0.0,,,,0.0,,,,0.0,,,,0.0,,,,0.0,,,,0.0,,,,0.0,,,,0.0
2025-09-03T11:48:05Z,15495.0,15495.2,1095,1515.75591,,,,,,,,,,,,,,,,1515.75591,-21.976019999999835,-0.01832203914461502,-0.3256499999984328,,,,0.0,,,,0.0,,,,0.0,,,,0.0,,,,0.0,,,,0.0,,,,0.0,,,,0.0,,,,0.0,,,,0.0,,,,0.0,,,,0.0,,,,0.0,,,,0.0,,,,0.0
2025-09-03T11:48:05Z,15495.0,15495.3,1096,1515.7405,,,,,,,,,,,,,,,,1515.7405,-21.99142999999981,-0.01833488690427387,-0.10690000000212763,,,,0.0,,,,0.0,,,,0.0,,,,0.0,,,,0.0,,,,0.0,,,,0.0,,,,0.0,,,,0.0,,,,0.0,,,,0.0,,,,0.0,,,,0.0,,,,0.0,,,,0.0
2025-09-03T11:48:05Z,15495.0,15495.4,1097,1515.62063,,,,,,,,,,,,,,,,1515.73453,-21.99739999999997,-0.01833986426476482,-0.02985000000069249,,,,0.0,,,,0.0,,,,0.0,,,,0.0,,,,0.0,,,,0.0,,,,0.0,,,,0.0,,,,0.0,,,,0.0,,,,0.0,,,,0.0,,,,0.0,,,,0.0,,,,0.0
2025-09-03T11:48:05Z,15495.0,15495.5,1098,1515.32968,,,,,,,,,,,,,,,,1515.73453,-21.99739999999997,-0.01833986426476482,-0.062349999999241845,,,,0.0,,,,0.0,,,,0.0,,,,0.0,,,,0.0,,,,0.0,,,,0.0,,,,0.0,,,,0.0,,,,0.0,,,,0.0,,,,0.0,,,,0.0,,,,0.0,,,,0.0
2025-09-03T11:48:05Z,15495.0,15495.6,1099,1515.73453,,,,,,,,,,,,,,,,1515.72206,-22.009869999999864,-0.018350260861970835,0.0,,,,0.0,,,,0.0,,,,0.0,,,,0.0,,,,0.0,,,,0.0,,,,0.0,,,,0.0,,,,0.0,,,,0.0,,,,0.0,,,,0.0,,,,0.0,,,,0.0,,,,0.0
2025-09-03T11:48:06Z,15495.0,15495.7,1100,1515.81312,,,,,,,,,,,,,,,,1515.73453,-21.99739999999997,-0.01833986426476482,0.06234999999868762,,,,0.0,,,,0.0,,,,0.0,,,,0.0,,,,0.0,,,,0.0,,,,0.0,,,,0.0,,,,0.0,,,,0.0,,,,0.0,,,,0.0,,,,0.0,,,,0.0,,,,0.0
2025-09-03T11:48:06Z,15495.0,15495.8,1101,1515.72206,,,,,,,,,,,,,,,,1515.73453,-21.99739999999997,-0.01833986426476482,-0.022499999999752163,,,,0.0,,,,0.0,,,,0.0,,,,0.0,,,,0.0,,,,0.0,,,,0.0,,,,0.0,,,,0.0,,,,0.0,,,,0.0,,,,0.0,,,,0.0,,,,0.0,,,,0.0
2025-09-03T11:48:06Z,15495.0,15495.9,1102,1515.74257,,,,,,,,,,,,,,,,1515.73003,-22.001899999999978,-0.018343616044029256,-0.042425000000164914,,,,0.0,,,,0.0,,,,0.0,,,,0.0,,,,0.0,,,,0.0,,,,0.0,,,,0.0,,,,0.0,,,,0.0,,,,0.0,,,,0.0,,,,0.0,,,,0.0,,,,0.0
2025-09-03T11:48:06Z,15496.0,15496.0,1103,1515.73003,,,,,,,,,,,,,,,,1515.7260449999999,-22.005885000000035,-0.01834693845300014,-0.03188000000028435,,,,1.3322676295501878e-15,,,,2.55351295663786e-15,,,,3.1086244689504383e-15,,,,-1.0408340855860843e-16,,,,-7.37257477290143e-18,,,,-1.8431436932253575e-18,,,,-9.215718466126788e-19,,,,-1.1102230246251565e-16,,,,0.0,,,,0.0,,,,0.0,,,,0.0,,,,0.0,,,,0.0,,,,0.0
2025-09-03T11:48:06Z,15496.0,15496.5,1104,1515.50292,,,,,,,,,,,,,,,,1515.73003,-22.001899999999978,-0.018343616044029256,0.007970000000113941,,,,0.0,,,,0.0,,,,0.0,,,,0.0,,,,0.0,,,,0.0,,,,0.0,,,,0.0,,,,0.0,,,,0.0,,,,0.0,,,,0.0,,,,0.0,,,,0.0,,,,0.0
